{
  "atom_count": 46,
  "checkpoint": "../AtomBit-OMC-s/model_epoch_15.pt",
  "checkpoint_epoch": 15,
  "device": "cuda:0",
  "dtype": "float32",
  "environment": {
    "cuda": "12.8",
    "python": "3.11.14",
    "torch": "2.9.1+cu128"
  },
  "errors": {
    "max_abs_energy_eV": 1.9073486328125e-06,
    "max_abs_force_eV_per_A": 2.384185791015625e-06,
    "max_abs_stress_eV_per_A3": 7.450580596923828e-09
  },
  "passed": true,
  "sample_count": 2,
  "samples": [
    "Aven12_1_295_z1.cif",
    "Aven12_1_331_z1.cif"
  ],
  "variable_cell": {
    "active_batch_sizes": [
      2,
      1,
      1
    ],
    "cell_change_frobenius_A": [
      0.0,
      5.28257223777473e-05
    ],
    "converged_step": [
      0,
      -1
    ],
    "cross_system_edges": false,
    "final_cell_determinant_A3": [
      1594.9454345703125,
      975.1126098632812
    ],
    "graph_evaluations": 4,
    "max_force_eV_per_A": [
      6.943265438079834,
      5.740906238555908
    ],
    "max_stress_eV_per_A3": [
      0.012707389891147614,
      0.019685400649905205
    ],
    "model_evaluations": 3,
    "steps": 2
  }
}
