workload_id,manifest_sha256,system_id,group_id,duplicate_group,order,dataset_id,source_path,source_sha256,normalized_structure_sha256,frame_index,atom_count,species,chemical_formula,pbc,cell_A,volume_A3,constraints,topology_edge_counts,arrival_time,random_seed,reference
OPT-MIX4-R256-v1,ac99f7f235977b62c7f867154f16d24041ba7ae2e5440b90e4b316254257ab0c,OPT-MIX4-R256-v1:0000,Aven12_1_295_z1,def54bd6b867b4cc4c5cabedf2c85119ff7655f546dee886b6f10a84a173c021,0,T2_test,Aven12_1_295_z1.cif,ad438e84a392159c89b3a9ab76dd64e2b9045fc1f4f8e73411559a6fbd2dfdc3,def54bd6b867b4cc4c5cabedf2c85119ff7655f546dee886b6f10a84a173c021,0,46,"[""O"", ""C"", ""N"", ""C"", ""C"", ""C"", ""C"", ""C"", ""C"", ""N"", ""C"", ""C"", ""C"", ""C"", ""N"", ""C"", ""O"", ""N"", ""C"", ""C"", ""C"", ""C"", ""C"", ""C"", ""C"", ""N"", ""C"", ""O"", ""N"", ""C"", ""C"", ""C"", ""H"", ""H"", ""H"", ""H"", ""H"", ""H"", ""H"", ""H"", ""H"", ""H"", ""H"", ""H"", ""H"", ""H""]",C23H14N6O3,"[true, true, true]","[12.802336058836605, 0.0, 0.0, -5.6537658786403515, 13.52858268315239, 0.0, 0.23362888219260494, 0.4416079284307146, 9.208827438245807]",1594.9455394664983,[],"{""cutoff=4.500_skin=0.000"": 818, ""cutoff=4.500_skin=0.250"": 938, ""cutoff=4.500_skin=0.500"": 1014, ""cutoff=4.500_skin=1.000"": 1188, ""cutoff=5.000_skin=0.000"": 1014, ""cutoff=5.000_skin=0.250"": 1090, ""cutoff=5.000_skin=0.500"": 1188, ""cutoff=5.000_skin=1.000"": 1438, ""cutoff=6.000_skin=0.000"": 1438, ""cutoff=6.000_skin=0.250"": 1560, ""cutoff=6.000_skin=0.500"": 1718, ""cutoff=6.000_skin=1.000"": 2054}",0.0,,
OPT-MIX4-R256-v1,ac99f7f235977b62c7f867154f16d24041ba7ae2e5440b90e4b316254257ab0c,OPT-MIX4-R256-v1:0001,Aven12_2_240_z1,e49814941eb26f88037d61e2f138e729bf17b008d7edcd1af8bf633b47ab4f53,1,T2_test,Aven12_2_240_z1.cif,47fc7474ee9c0f1cd171a93b19cc2d38ceb2f8b22ee8156bee7579ffb2a2156e,e49814941eb26f88037d61e2f138e729bf17b008d7edcd1af8bf633b47ab4f53,0,92,"[""O"", ""C"", ""N"", ""C"", ""C"", ""C"", ""C"", ""C"", ""C"", ""N"", ""C"", ""C"", ""C"", ""C"", ""N"", ""C"", ""O"", ""N"", ""C"", ""C"", ""C"", ""C"", ""C"", ""C"", ""C"", ""N"", ""C"", ""O"", ""N"", ""C"", ""C"", ""C"", ""H"", ""H"", ""H"", ""H"", ""H"", ""H"", ""H"", ""H"", ""H"", ""H"", ""H"", ""H"", ""H"", ""H"", ""O"", ""C"", ""N"", ""C"", ""C"", ""C"", ""C"", ""C"", ""C"", ""N"", ""C"", ""C"", ""C"", ""C"", ""N"", ""C"", ""O"", ""N"", ""C"", ""C"", ""C"", ""C"", ""C"", ""C"", ""C"", ""N"", ""C"", ""O"", ""N"", ""C"", ""C"", ""C"", ""H"", ""H"", ""H"", ""H"", ""H"", ""H"", ""H"", ""H"", ""H"", ""H"", ""H"", ""H"", ""H"", ""H""]",C46H28N12O6,"[true, true, true]","[22.39757138564248, 0.0, 0.0, -1.6103093411340206, 12.007816415876716, 0.0, 4.860574383230574, 0.7686906634677274, 8.098402284157595]",2178.032296252638,[],"{""cutoff=4.500_skin=0.000"": 1736, ""cutoff=4.500_skin=0.250"": 2036, ""cutoff=4.500_skin=0.500"": 2258, ""cutoff=4.500_skin=1.000"": 2870, ""cutoff=5.000_skin=0.000"": 2258, ""cutoff=5.000_skin=0.250"": 2546, ""cutoff=5.000_skin=0.500"": 2870, ""cutoff=5.000_skin=1.000"": 3670, ""cutoff=6.000_skin=0.000"": 3670, ""cutoff=6.000_skin=0.250"": 4058, ""cutoff=6.000_skin=0.500"": 4460, ""cutoff=6.000_skin=1.000"": 5524}",0.0,,
OPT-MIX4-R256-v1,ac99f7f235977b62c7f867154f16d24041ba7ae2e5440b90e4b316254257ab0c,OPT-MIX4-R256-v1:0002,Aven12_5_322_z1,c7463076c3eec45625324a99018e06e8d522c206485e9d196d475cfef18d9d11,2,T2_test,Aven12_5_322_z1.cif,c2231a42fc69f34be55337ccc0f621de1a7031893db0f12fa0e6ee4c76c4a240,c7463076c3eec45625324a99018e06e8d522c206485e9d196d475cfef18d9d11,0,184,"[""O"", ""C"", ""N"", ""C"", ""C"", ""C"", ""C"", ""C"", ""C"", ""N"", ""C"", ""C"", ""C"", ""C"", ""N"", ""C"", ""O"", ""N"", ""C"", ""C"", ""C"", ""C"", ""C"", ""C"", ""C"", ""N"", ""C"", ""O"", ""N"", ""C"", ""C"", ""C"", ""H"", ""H"", ""H"", ""H"", ""H"", ""H"", ""H"", ""H"", ""H"", ""H"", ""H"", ""H"", ""H"", ""H"", ""O"", ""C"", ""N"", ""C"", ""C"", ""C"", ""C"", ""C"", ""C"", ""N"", ""C"", ""C"", ""C"", ""C"", ""N"", ""C"", ""O"", ""N"", ""C"", ""C"", ""C"", ""C"", ""C"", ""C"", ""C"", ""N"", ""C"", ""O"", ""N"", ""C"", ""C"", ""C"", ""H"", ""H"", ""H"", ""H"", ""H"", ""H"", ""H"", ""H"", ""H"", ""H"", ""H"", ""H"", ""H"", ""H"", ""O"", ""C"", ""N"", ""C"", ""C"", ""C"", ""C"", ""C"", ""C"", ""N"", ""C"", ""C"", ""C"", ""C"", ""N"", ""C"", ""O"", ""N"", ""C"", ""C"", ""C"", ""C"", ""C"", ""C"", ""C"", ""N"", ""C"", ""O"", ""N"", ""C"", ""C"", ""C"", ""H"", ""H"", ""H"", ""H"", ""H"", ""H"", ""H"", ""H"", ""H"", ""H"", ""H"", ""H"", ""H"", ""H"", ""O"", ""C"", ""N"", ""C"", ""C"", ""C"", ""C"", ""C"", ""C"", ""N"", ""C"", ""C"", ""C"", ""C"", ""N"", ""C"", ""O"", ""N"", ""C"", ""C"", ""C"", ""C"", ""C"", ""C"", ""C"", ""N"", ""C"", ""O"", ""N"", ""C"", ""C"", ""C"", ""H"", ""H"", ""H"", ""H"", ""H"", ""H"", ""H"", ""H"", ""H"", ""H"", ""H"", ""H"", ""H"", ""H""]",C92H56N24O12,"[true, true, true]","[23.536988997090013, 0.0, 0.0, 0.0, 10.91027355497414, 0.0, 1.2269442855008597, 0.0, 24.22229581645319]",6220.164178504122,[],"{""cutoff=4.500_skin=0.000"": 3356, ""cutoff=4.500_skin=0.250"": 3848, ""cutoff=4.500_skin=0.500"": 4184, ""cutoff=4.500_skin=1.000"": 4916, ""cutoff=5.000_skin=0.000"": 4184, ""cutoff=5.000_skin=0.250"": 4456, ""cutoff=5.000_skin=0.500"": 4916, ""cutoff=5.000_skin=1.000"": 5952, ""cutoff=6.000_skin=0.000"": 5952, ""cutoff=6.000_skin=0.250"": 6380, ""cutoff=6.000_skin=0.500"": 6888, ""cutoff=6.000_skin=1.000"": 8324}",0.0,,
OPT-MIX4-R256-v1,ac99f7f235977b62c7f867154f16d24041ba7ae2e5440b90e4b316254257ab0c,OPT-MIX4-R256-v1:0003,Aven12_148_562_z1,a4ba17aa0e9c9b6743805f6245ee858def3e0bd093344b795ef190ec62d99b60,3,T2_test,Aven12_148_562_z1.cif,7bfa4b0f048fecc6b3fa995c7eca62d5999974d47445ae5592fe6e2087d08e0e,a4ba17aa0e9c9b6743805f6245ee858def3e0bd093344b795ef190ec62d99b60,0,276,"[""O"", ""C"", ""N"", ""C"", ""C"", ""C"", ""C"", ""C"", ""C"", ""N"", ""C"", ""C"", ""C"", ""C"", ""N"", ""C"", ""O"", ""N"", ""C"", ""C"", ""C"", ""C"", ""C"", ""C"", ""C"", ""N"", ""C"", ""O"", ""N"", ""C"", ""C"", ""C"", ""H"", ""H"", ""H"", ""H"", ""H"", ""H"", ""H"", ""H"", ""H"", ""H"", ""H"", ""H"", ""H"", ""H"", ""O"", ""C"", ""N"", ""C"", ""C"", ""C"", ""C"", ""C"", ""C"", ""N"", ""C"", ""C"", ""C"", ""C"", ""N"", ""C"", ""O"", ""N"", ""C"", ""C"", ""C"", ""C"", ""C"", ""C"", ""C"", ""N"", ""C"", ""O"", ""N"", ""C"", ""C"", ""C"", ""H"", ""H"", ""H"", ""H"", ""H"", ""H"", ""H"", ""H"", ""H"", ""H"", ""H"", ""H"", ""H"", ""H"", ""O"", ""C"", ""N"", ""C"", ""C"", ""C"", ""C"", ""C"", ""C"", ""N"", ""C"", ""C"", ""C"", ""C"", ""N"", ""C"", ""O"", ""N"", ""C"", ""C"", ""C"", ""C"", ""C"", ""C"", ""C"", ""N"", ""C"", ""O"", ""N"", ""C"", ""C"", ""C"", ""H"", ""H"", ""H"", ""H"", ""H"", ""H"", ""H"", ""H"", ""H"", ""H"", ""H"", ""H"", ""H"", ""H"", ""O"", ""C"", ""N"", ""C"", ""C"", ""C"", ""C"", ""C"", ""C"", ""N"", ""C"", ""C"", ""C"", ""C"", ""N"", ""C"", ""O"", ""N"", ""C"", ""C"", ""C"", ""C"", ""C"", ""C"", ""C"", ""N"", ""C"", ""O"", ""N"", ""C"", ""C"", ""C"", ""H"", ""H"", ""H"", ""H"", ""H"", ""H"", ""H"", ""H"", ""H"", ""H"", ""H"", ""H"", ""H"", ""H"", ""O"", ""C"", ""N"", ""C"", ""C"", ""C"", ""C"", ""C"", ""C"", ""N"", ""C"", ""C"", ""C"", ""C"", ""N"", ""C"", ""O"", ""N"", ""C"", ""C"", ""C"", ""C"", ""C"", ""C"", ""C"", ""N"", ""C"", ""O"", ""N"", ""C"", ""C"", ""C"", ""H"", ""H"", ""H"", ""H"", ""H"", ""H"", ""H"", ""H"", ""H"", ""H"", ""H"", ""H"", ""H"", ""H"", ""O"", ""C"", ""N"", ""C"", ""C"", ""C"", ""C"", ""C"", ""C"", ""N"", ""C"", ""C"", ""C"", ""C"", ""N"", ""C"", ""O"", ""N"", ""C"", ""C"", ""C"", ""C"", ""C"", ""C"", ""C"", ""N"", ""C"", ""O"", ""N"", ""C"", ""C"", ""C"", ""H"", ""H"", ""H"", ""H"", ""H"", ""H"", ""H"", ""H"", ""H"", ""H"", ""H"", ""H"", ""H"", ""H""]",C138H84N36O18,"[true, true, true]","[24.056497166962558, 0.0, 0.0, 4.456065026412933, 23.64018909451566, 0.0, 4.456065026412933, 3.6945897435458988, 23.349701219744603]",13278.978398828389,[],"{""cutoff=4.500_skin=0.000"": 4776, ""cutoff=4.500_skin=0.250"": 5424, ""cutoff=4.500_skin=0.500"": 5904, ""cutoff=4.500_skin=1.000"": 6798, ""cutoff=5.000_skin=0.000"": 5904, ""cutoff=5.000_skin=0.250"": 6318, ""cutoff=5.000_skin=0.500"": 6798, ""cutoff=5.000_skin=1.000"": 8160, ""cutoff=6.000_skin=0.000"": 8160, ""cutoff=6.000_skin=0.250"": 8676, ""cutoff=6.000_skin=0.500"": 9528, ""cutoff=6.000_skin=1.000"": 11382}",0.0,,
OPT-MIX4-R256-v1,ac99f7f235977b62c7f867154f16d24041ba7ae2e5440b90e4b316254257ab0c,OPT-MIX4-R256-v1:0004,Aven12_1_331_z1,31aab45be2bd9a2e07855494c4a7f89b5451e35e4cb60bad1528d9786a146045,4,T2_test,Aven12_1_331_z1.cif,977479777e045ca728d7e2446db5fbb9a2c2c154072afce755f71e3008bbab3b,31aab45be2bd9a2e07855494c4a7f89b5451e35e4cb60bad1528d9786a146045,0,46,"[""O"", ""C"", ""N"", ""C"", ""C"", ""C"", ""C"", ""C"", ""C"", ""N"", ""C"", ""C"", ""C"", ""C"", ""N"", ""C"", ""O"", ""N"", ""C"", ""C"", ""C"", ""C"", ""C"", ""C"", ""C"", ""N"", ""C"", ""O"", ""N"", ""C"", ""C"", ""C"", ""H"", ""H"", ""H"", ""H"", ""H"", ""H"", ""H"", ""H"", ""H"", ""H"", ""H"", ""H"", ""H"", ""H""]",C23H14N6O3,"[true, true, true]","[13.027753133998772, 0.0, 0.0, 5.007796556080504, 9.835873000155289, 0.0, -4.822094008611286, 1.758886646308541, 7.60972207109119]",975.1046519359173,[],"{""cutoff=4.500_skin=0.000"": 900, ""cutoff=4.500_skin=0.250"": 1054, ""cutoff=4.500_skin=0.500"": 1178, ""cutoff=4.500_skin=1.000"": 1492, ""cutoff=5.000_skin=0.000"": 1178, ""cutoff=5.000_skin=0.250"": 1322, ""cutoff=5.000_skin=0.500"": 1492, ""cutoff=5.000_skin=1.000"": 1904, ""cutoff=6.000_skin=0.000"": 1904, ""cutoff=6.000_skin=0.250"": 2134, ""cutoff=6.000_skin=0.500"": 2416, ""cutoff=6.000_skin=1.000"": 3032}",0.0,,
OPT-MIX4-R256-v1,ac99f7f235977b62c7f867154f16d24041ba7ae2e5440b90e4b316254257ab0c,OPT-MIX4-R256-v1:0005,Aven12_4_272_z1,4632b9768305f1f6f1b85a0404922c3c601575ec288f84984161a6b5f9e180fa,5,T2_test,Aven12_4_272_z1.cif,c7dc3fc10802c58ab078f8f6807c2141b966e7be5115f1a078d2dc4741005411,4632b9768305f1f6f1b85a0404922c3c601575ec288f84984161a6b5f9e180fa,0,92,"[""O"", ""C"", ""N"", ""C"", ""C"", ""C"", ""C"", ""C"", ""C"", ""N"", ""C"", ""C"", ""C"", ""C"", ""N"", ""C"", ""O"", ""N"", ""C"", ""C"", ""C"", ""C"", ""C"", ""C"", ""C"", ""N"", ""C"", ""O"", ""N"", ""C"", ""C"", ""C"", ""H"", ""H"", ""H"", ""H"", ""H"", ""H"", ""H"", ""H"", ""H"", ""H"", ""H"", ""H"", ""H"", ""H"", ""O"", ""C"", ""N"", ""C"", ""C"", ""C"", ""C"", ""C"", ""C"", ""N"", ""C"", ""C"", ""C"", ""C"", ""N"", ""C"", ""O"", ""N"", ""C"", ""C"", ""C"", ""C"", ""C"", ""C"", ""C"", ""N"", ""C"", ""O"", ""N"", ""C"", ""C"", ""C"", ""H"", ""H"", ""H"", ""H"", ""H"", ""H"", ""H"", ""H"", ""H"", ""H"", ""H"", ""H"", ""H"", ""H""]",C46H28N12O6,"[true, true, true]","[7.27824906255502, 0.0, 0.0, 0.0, 25.285824507316477, 0.0, -3.1227354652934105, 0.0, 13.272130456923861]",2442.556815307812,[],"{""cutoff=4.500_skin=0.000"": 1936, ""cutoff=4.500_skin=0.250"": 2224, ""cutoff=4.500_skin=0.500"": 2404, ""cutoff=4.500_skin=1.000"": 2976, ""cutoff=5.000_skin=0.000"": 2404, ""cutoff=5.000_skin=0.250"": 2652, ""cutoff=5.000_skin=0.500"": 2976, ""cutoff=5.000_skin=1.000"": 3704, ""cutoff=6.000_skin=0.000"": 3704, ""cutoff=6.000_skin=0.250"": 4048, ""cutoff=6.000_skin=0.500"": 4528, ""cutoff=6.000_skin=1.000"": 5464}",0.0,,
OPT-MIX4-R256-v1,ac99f7f235977b62c7f867154f16d24041ba7ae2e5440b90e4b316254257ab0c,OPT-MIX4-R256-v1:0006,Aven12_14_1278_z1,4d709e5c210b986cf57208ace2f2ff65e56cdcae4a56aeff2e0b382e5141abfe,6,T2_test,Aven12_14_1278_z1.cif,4a25a9d1550c8474d70f9a535c6da2f44741423cf61451dffe3148f2c30012ff,4d709e5c210b986cf57208ace2f2ff65e56cdcae4a56aeff2e0b382e5141abfe,0,184,"[""O"", ""C"", ""N"", ""C"", ""C"", ""C"", ""C"", ""C"", ""C"", ""N"", ""C"", ""C"", ""C"", ""C"", ""N"", ""C"", ""O"", ""N"", ""C"", ""C"", ""C"", ""C"", ""C"", ""C"", ""C"", ""N"", ""C"", ""O"", ""N"", ""C"", ""C"", ""C"", ""H"", ""H"", ""H"", ""H"", ""H"", ""H"", ""H"", ""H"", ""H"", ""H"", ""H"", ""H"", ""H"", ""H"", ""O"", ""C"", ""N"", ""C"", ""C"", ""C"", ""C"", ""C"", ""C"", ""N"", ""C"", ""C"", ""C"", ""C"", ""N"", ""C"", ""O"", ""N"", ""C"", ""C"", ""C"", ""C"", ""C"", ""C"", ""C"", ""N"", ""C"", ""O"", ""N"", ""C"", ""C"", ""C"", ""H"", ""H"", ""H"", ""H"", ""H"", ""H"", ""H"", ""H"", ""H"", ""H"", ""H"", ""H"", ""H"", ""H"", ""O"", ""C"", ""N"", ""C"", ""C"", ""C"", ""C"", ""C"", ""C"", ""N"", ""C"", ""C"", ""C"", ""C"", ""N"", ""C"", ""O"", ""N"", ""C"", ""C"", ""C"", ""C"", ""C"", ""C"", ""C"", ""N"", ""C"", ""O"", ""N"", ""C"", ""C"", ""C"", ""H"", ""H"", ""H"", ""H"", ""H"", ""H"", ""H"", ""H"", ""H"", ""H"", ""H"", ""H"", ""H"", ""H"", ""O"", ""C"", ""N"", ""C"", ""C"", ""C"", ""C"", ""C"", ""C"", ""N"", ""C"", ""C"", ""C"", ""C"", ""N"", ""C"", ""O"", ""N"", ""C"", ""C"", ""C"", ""C"", ""C"", ""C"", ""C"", ""N"", ""C"", ""O"", ""N"", ""C"", ""C"", ""C"", ""H"", ""H"", ""H"", ""H"", ""H"", ""H"", ""H"", ""H"", ""H"", ""H"", ""H"", ""H"", ""H"", ""H""]",C92H56N24O12,"[true, true, true]","[10.62546426005764, 0.0, 0.0, 0.0, 17.239088411729497, 0.0, -12.430047433414737, 0.0, 18.842953760348923]",3451.526357337217,[],"{""cutoff=4.500_skin=0.000"": 4140, ""cutoff=4.500_skin=0.250"": 4872, ""cutoff=4.500_skin=0.500"": 5520, ""cutoff=4.500_skin=1.000"": 7004, ""cutoff=5.000_skin=0.000"": 5520, ""cutoff=5.000_skin=0.250"": 6272, ""cutoff=5.000_skin=0.500"": 7004, ""cutoff=5.000_skin=1.000"": 8972, ""cutoff=6.000_skin=0.000"": 8972, ""cutoff=6.000_skin=0.250"": 9916, ""cutoff=6.000_skin=0.500"": 11092, ""cutoff=6.000_skin=1.000"": 13808}",0.0,,
OPT-MIX4-R256-v1,ac99f7f235977b62c7f867154f16d24041ba7ae2e5440b90e4b316254257ab0c,OPT-MIX4-R256-v1:0007,Aven12_148_66_z1,7ff6aee6107725aed7c48af78e940278fc9c6997bfe766b4adaa186fcf39f010,7,T2_test,Aven12_148_66_z1.cif,5788db998f0df4c623a9b4a8fd14d8644a87966fa9bca457bb86900c209b1f95,7ff6aee6107725aed7c48af78e940278fc9c6997bfe766b4adaa186fcf39f010,0,276,"[""O"", ""C"", ""N"", ""C"", ""C"", ""C"", ""C"", ""C"", ""C"", ""N"", ""C"", ""C"", ""C"", ""C"", ""N"", ""C"", ""O"", ""N"", ""C"", ""C"", ""C"", ""C"", ""C"", ""C"", ""C"", ""N"", ""C"", ""O"", ""N"", ""C"", ""C"", ""C"", ""H"", ""H"", ""H"", ""H"", ""H"", ""H"", ""H"", ""H"", ""H"", ""H"", ""H"", ""H"", ""H"", ""H"", ""O"", ""C"", ""N"", ""C"", ""C"", ""C"", ""C"", ""C"", ""C"", ""N"", ""C"", ""C"", ""C"", ""C"", ""N"", ""C"", ""O"", ""N"", ""C"", ""C"", ""C"", ""C"", ""C"", ""C"", ""C"", ""N"", ""C"", ""O"", ""N"", ""C"", ""C"", ""C"", ""H"", ""H"", ""H"", ""H"", ""H"", ""H"", ""H"", ""H"", ""H"", ""H"", ""H"", ""H"", ""H"", ""H"", ""O"", ""C"", ""N"", ""C"", ""C"", ""C"", ""C"", ""C"", ""C"", ""N"", ""C"", ""C"", ""C"", ""C"", ""N"", ""C"", ""O"", ""N"", ""C"", ""C"", ""C"", ""C"", ""C"", ""C"", ""C"", ""N"", ""C"", ""O"", ""N"", ""C"", ""C"", ""C"", ""H"", ""H"", ""H"", ""H"", ""H"", ""H"", ""H"", ""H"", ""H"", ""H"", ""H"", ""H"", ""H"", ""H"", ""O"", ""C"", ""N"", ""C"", ""C"", ""C"", ""C"", ""C"", ""C"", ""N"", ""C"", ""C"", ""C"", ""C"", ""N"", ""C"", ""O"", ""N"", ""C"", ""C"", ""C"", ""C"", ""C"", ""C"", ""C"", ""N"", ""C"", ""O"", ""N"", ""C"", ""C"", ""C"", ""H"", ""H"", ""H"", ""H"", ""H"", ""H"", ""H"", ""H"", ""H"", ""H"", ""H"", ""H"", ""H"", ""H"", ""O"", ""C"", ""N"", ""C"", ""C"", ""C"", ""C"", ""C"", ""C"", ""N"", ""C"", ""C"", ""C"", ""C"", ""N"", ""C"", ""O"", ""N"", ""C"", ""C"", ""C"", ""C"", ""C"", ""C"", ""C"", ""N"", ""C"", ""O"", ""N"", ""C"", ""C"", ""C"", ""H"", ""H"", ""H"", ""H"", ""H"", ""H"", ""H"", ""H"", ""H"", ""H"", ""H"", ""H"", ""H"", ""H"", ""O"", ""C"", ""N"", ""C"", ""C"", ""C"", ""C"", ""C"", ""C"", ""N"", ""C"", ""C"", ""C"", ""C"", ""N"", ""C"", ""O"", ""N"", ""C"", ""C"", ""C"", ""C"", ""C"", ""C"", ""C"", ""N"", ""C"", ""O"", ""N"", ""C"", ""C"", ""C"", ""H"", ""H"", ""H"", ""H"", ""H"", ""H"", ""H"", ""H"", ""H"", ""H"", ""H"", ""H"", ""H"", ""H""]",C138H84N36O18,"[true, true, true]","[23.64510327304901, 0.0, 0.0, 1.2118938953752878, 23.614025958728536, 0.0, 1.2118938953752878, 1.1512932841690782, 23.585943817310604]",13169.355191582516,[],"{""cutoff=4.500_skin=0.000"": 4722, ""cutoff=4.500_skin=0.250"": 5370, ""cutoff=4.500_skin=0.500"": 5748, ""cutoff=4.500_skin=1.000"": 6528, ""cutoff=5.000_skin=0.000"": 5748, ""cutoff=5.000_skin=0.250"": 6084, ""cutoff=5.000_skin=0.500"": 6528, ""cutoff=5.000_skin=1.000"": 7692, ""cutoff=6.000_skin=0.000"": 7692, ""cutoff=6.000_skin=0.250"": 8124, ""cutoff=6.000_skin=0.500"": 8796, ""cutoff=6.000_skin=1.000"": 10506}",0.0,,
OPT-MIX4-R256-v1,ac99f7f235977b62c7f867154f16d24041ba7ae2e5440b90e4b316254257ab0c,OPT-MIX4-R256-v1:0008,Aven12_1_241_z1,69765653bb3ae5e7ab67939e56c98d719b46a33817e6ea4138f54b19954eb8fd,8,T2_test,Aven12_1_241_z1.cif,09e8ac04927c62166d90a1907c7fe271fea636ac616a46769b812d2bdd7a657a,69765653bb3ae5e7ab67939e56c98d719b46a33817e6ea4138f54b19954eb8fd,0,46,"[""O"", ""C"", ""N"", ""C"", ""C"", ""C"", ""C"", ""C"", ""C"", ""N"", ""C"", ""C"", ""C"", ""C"", ""N"", ""C"", ""O"", ""N"", ""C"", ""C"", ""C"", ""C"", ""C"", ""C"", ""C"", ""N"", ""C"", ""O"", ""N"", ""C"", ""C"", ""C"", ""H"", ""H"", ""H"", ""H"", ""H"", ""H"", ""H"", ""H"", ""H"", ""H"", ""H"", ""H"", ""H"", ""H""]",C23H14N6O3,"[true, true, true]","[13.224574684438714, 0.0, 0.0, -2.041883157756193, 12.130988251462895, 0.0, 2.428160617335694, -1.2389237213520072, 8.204865640460214]",1316.2832939268965,[],"{""cutoff=4.500_skin=0.000"": 868, ""cutoff=4.500_skin=0.250"": 1000, ""cutoff=4.500_skin=0.500"": 1106, ""cutoff=4.500_skin=1.000"": 1320, ""cutoff=5.000_skin=0.000"": 1106, ""cutoff=5.000_skin=0.250"": 1196, ""cutoff=5.000_skin=0.500"": 1320, ""cutoff=5.000_skin=1.000"": 1604, ""cutoff=6.000_skin=0.000"": 1604, ""cutoff=6.000_skin=0.250"": 1750, ""cutoff=6.000_skin=0.500"": 1964, ""cutoff=6.000_skin=1.000"": 2400}",0.0,,
OPT-MIX4-R256-v1,ac99f7f235977b62c7f867154f16d24041ba7ae2e5440b90e4b316254257ab0c,OPT-MIX4-R256-v1:0009,Aven12_4_421_z1,cbf6804b85253b386b7a5ac442b7ac1c877a71f650f3fbcb187618023beb4ac9,9,T2_test,Aven12_4_421_z1.cif,bcb27720d44debafbdf5910fb0d8a0d751d496c782abcda2f64294f36a7c6a4f,cbf6804b85253b386b7a5ac442b7ac1c877a71f650f3fbcb187618023beb4ac9,0,92,"[""O"", ""C"", ""N"", ""C"", ""C"", ""C"", ""C"", ""C"", ""C"", ""N"", ""C"", ""C"", ""C"", ""C"", ""N"", ""C"", ""O"", ""N"", ""C"", ""C"", ""C"", ""C"", ""C"", ""C"", ""C"", ""N"", ""C"", ""O"", ""N"", ""C"", ""C"", ""C"", ""H"", ""H"", ""H"", ""H"", ""H"", ""H"", ""H"", ""H"", ""H"", ""H"", ""H"", ""H"", ""H"", ""H"", ""O"", ""C"", ""N"", ""C"", ""C"", ""C"", ""C"", ""C"", ""C"", ""N"", ""C"", ""C"", ""C"", ""C"", ""N"", ""C"", ""O"", ""N"", ""C"", ""C"", ""C"", ""C"", ""C"", ""C"", ""C"", ""N"", ""C"", ""O"", ""N"", ""C"", ""C"", ""C"", ""H"", ""H"", ""H"", ""H"", ""H"", ""H"", ""H"", ""H"", ""H"", ""H"", ""H"", ""H"", ""H"", ""H""]",C46H28N12O6,"[true, true, true]","[14.151545987171065, 0.0, 0.0, 0.0, 12.757360585618656, 0.0, 8.270050713868855, 0.0, 12.968430784927174]",2341.273483379064,[],"{""cutoff=4.500_skin=0.000"": 1696, ""cutoff=4.500_skin=0.250"": 1976, ""cutoff=4.500_skin=0.500"": 2140, ""cutoff=4.500_skin=1.000"": 2592, ""cutoff=5.000_skin=0.000"": 2140, ""cutoff=5.000_skin=0.250"": 2344, ""cutoff=5.000_skin=0.500"": 2592, ""cutoff=5.000_skin=1.000"": 3312, ""cutoff=6.000_skin=0.000"": 3312, ""cutoff=6.000_skin=0.250"": 3652, ""cutoff=6.000_skin=0.500"": 4144, ""cutoff=6.000_skin=1.000"": 5252}",0.0,,
OPT-MIX4-R256-v1,ac99f7f235977b62c7f867154f16d24041ba7ae2e5440b90e4b316254257ab0c,OPT-MIX4-R256-v1:0010,Aven12_19_363_z1,4a9e98fd4090372d1eb76aa33323fd8a8d1565f3d7b4b03c2f1d58c35ff60b7e,10,T2_test,Aven12_19_363_z1.cif,c2b674e21e05b75fb355cc975903d101393db26a52f4137e6136c787e759682a,4a9e98fd4090372d1eb76aa33323fd8a8d1565f3d7b4b03c2f1d58c35ff60b7e,0,184,"[""O"", ""C"", ""N"", ""C"", ""C"", ""C"", ""C"", ""C"", ""C"", ""N"", ""C"", ""C"", ""C"", ""C"", ""N"", ""C"", ""O"", ""N"", ""C"", ""C"", ""C"", ""C"", ""C"", ""C"", ""C"", ""N"", ""C"", ""O"", ""N"", ""C"", ""C"", ""C"", ""H"", ""H"", ""H"", ""H"", ""H"", ""H"", ""H"", ""H"", ""H"", ""H"", ""H"", ""H"", ""H"", ""H"", ""O"", ""C"", ""N"", ""C"", ""C"", ""C"", ""C"", ""C"", ""C"", ""N"", ""C"", ""C"", ""C"", ""C"", ""N"", ""C"", ""O"", ""N"", ""C"", ""C"", ""C"", ""C"", ""C"", ""C"", ""C"", ""N"", ""C"", ""O"", ""N"", ""C"", ""C"", ""C"", ""H"", ""H"", ""H"", ""H"", ""H"", ""H"", ""H"", ""H"", ""H"", ""H"", ""H"", ""H"", ""H"", ""H"", ""O"", ""C"", ""N"", ""C"", ""C"", ""C"", ""C"", ""C"", ""C"", ""N"", ""C"", ""C"", ""C"", ""C"", ""N"", ""C"", ""O"", ""N"", ""C"", ""C"", ""C"", ""C"", ""C"", ""C"", ""C"", ""N"", ""C"", ""O"", ""N"", ""C"", ""C"", ""C"", ""H"", ""H"", ""H"", ""H"", ""H"", ""H"", ""H"", ""H"", ""H"", ""H"", ""H"", ""H"", ""H"", ""H"", ""O"", ""C"", ""N"", ""C"", ""C"", ""C"", ""C"", ""C"", ""C"", ""N"", ""C"", ""C"", ""C"", ""C"", ""N"", ""C"", ""O"", ""N"", ""C"", ""C"", ""C"", ""C"", ""C"", ""C"", ""C"", ""N"", ""C"", ""O"", ""N"", ""C"", ""C"", ""C"", ""H"", ""H"", ""H"", ""H"", ""H"", ""H"", ""H"", ""H"", ""H"", ""H"", ""H"", ""H"", ""H"", ""H""]",C92H56N24O12,"[true, true, true]","[17.847169865614987, 0.0, 0.0, 0.0, 12.752970356941141, 0.0, 0.0, 0.0, 20.48697314654192]",4662.925809622119,[],"{""cutoff=4.500_skin=0.000"": 3600, ""cutoff=4.500_skin=0.250"": 4216, ""cutoff=4.500_skin=0.500"": 4568, ""cutoff=4.500_skin=1.000"": 5512, ""cutoff=5.000_skin=0.000"": 4568, ""cutoff=5.000_skin=0.250"": 4920, ""cutoff=5.000_skin=0.500"": 5512, ""cutoff=5.000_skin=1.000"": 6688, ""cutoff=6.000_skin=0.000"": 6688, ""cutoff=6.000_skin=0.250"": 7264, ""cutoff=6.000_skin=0.500"": 7952, ""cutoff=6.000_skin=1.000"": 9744}",0.0,,
OPT-MIX4-R256-v1,ac99f7f235977b62c7f867154f16d24041ba7ae2e5440b90e4b316254257ab0c,OPT-MIX4-R256-v1:0011,Aven12_148_854_z1,e58bc5c3d3a955f67c0153ba44175a7839a79ae4939aeee5bb13bb37b77ad2d8,11,T2_test,Aven12_148_854_z1.cif,7e58c7d3ac843a4e2441118be77c4f3dcf0537f9b83cf2fad0ccbd3d1fd68eb8,e58bc5c3d3a955f67c0153ba44175a7839a79ae4939aeee5bb13bb37b77ad2d8,0,276,"[""O"", ""C"", ""N"", ""C"", ""C"", ""C"", ""C"", ""C"", ""C"", ""N"", ""C"", ""C"", ""C"", ""C"", ""N"", ""C"", ""O"", ""N"", ""C"", ""C"", ""C"", ""C"", ""C"", ""C"", ""C"", ""N"", ""C"", ""O"", ""N"", ""C"", ""C"", ""C"", ""H"", ""H"", ""H"", ""H"", ""H"", ""H"", ""H"", ""H"", ""H"", ""H"", ""H"", ""H"", ""H"", ""H"", ""O"", ""C"", ""N"", ""C"", ""C"", ""C"", ""C"", ""C"", ""C"", ""N"", ""C"", ""C"", ""C"", ""C"", ""N"", ""C"", ""O"", ""N"", ""C"", ""C"", ""C"", ""C"", ""C"", ""C"", ""C"", ""N"", ""C"", ""O"", ""N"", ""C"", ""C"", ""C"", ""H"", ""H"", ""H"", ""H"", ""H"", ""H"", ""H"", ""H"", ""H"", ""H"", ""H"", ""H"", ""H"", ""H"", ""O"", ""C"", ""N"", ""C"", ""C"", ""C"", ""C"", ""C"", ""C"", ""N"", ""C"", ""C"", ""C"", ""C"", ""N"", ""C"", ""O"", ""N"", ""C"", ""C"", ""C"", ""C"", ""C"", ""C"", ""C"", ""N"", ""C"", ""O"", ""N"", ""C"", ""C"", ""C"", ""H"", ""H"", ""H"", ""H"", ""H"", ""H"", ""H"", ""H"", ""H"", ""H"", ""H"", ""H"", ""H"", ""H"", ""O"", ""C"", ""N"", ""C"", ""C"", ""C"", ""C"", ""C"", ""C"", ""N"", ""C"", ""C"", ""C"", ""C"", ""N"", ""C"", ""O"", ""N"", ""C"", ""C"", ""C"", ""C"", ""C"", ""C"", ""C"", ""N"", ""C"", ""O"", ""N"", ""C"", ""C"", ""C"", ""H"", ""H"", ""H"", ""H"", ""H"", ""H"", ""H"", ""H"", ""H"", ""H"", ""H"", ""H"", ""H"", ""H"", ""O"", ""C"", ""N"", ""C"", ""C"", ""C"", ""C"", ""C"", ""C"", ""N"", ""C"", ""C"", ""C"", ""C"", ""N"", ""C"", ""O"", ""N"", ""C"", ""C"", ""C"", ""C"", ""C"", ""C"", ""C"", ""N"", ""C"", ""O"", ""N"", ""C"", ""C"", ""C"", ""H"", ""H"", ""H"", ""H"", ""H"", ""H"", ""H"", ""H"", ""H"", ""H"", ""H"", ""H"", ""H"", ""H"", ""O"", ""C"", ""N"", ""C"", ""C"", ""C"", ""C"", ""C"", ""C"", ""N"", ""C"", ""C"", ""C"", ""C"", ""N"", ""C"", ""O"", ""N"", ""C"", ""C"", ""C"", ""C"", ""C"", ""C"", ""C"", ""N"", ""C"", ""O"", ""N"", ""C"", ""C"", ""C"", ""H"", ""H"", ""H"", ""H"", ""H"", ""H"", ""H"", ""H"", ""H"", ""H"", ""H"", ""H"", ""H"", ""H""]",C138H84N36O18,"[true, true, true]","[25.594236345328603, 0.0, 0.0, -8.53026025414605, 24.130884652185376, 0.0, -8.53026025414605, -12.062998983706073, 20.899369598535312]",12907.692365471607,[],"{""cutoff=4.500_skin=0.000"": 4944, ""cutoff=4.500_skin=0.250"": 5652, ""cutoff=4.500_skin=0.500"": 6006, ""cutoff=4.500_skin=1.000"": 7044, ""cutoff=5.000_skin=0.000"": 6006, ""cutoff=5.000_skin=0.250"": 6432, ""cutoff=5.000_skin=0.500"": 7044, ""cutoff=5.000_skin=1.000"": 8382, ""cutoff=6.000_skin=0.000"": 8382, ""cutoff=6.000_skin=0.250"": 9096, ""cutoff=6.000_skin=0.500"": 10086, ""cutoff=6.000_skin=1.000"": 12384}",0.0,,
OPT-MIX4-R256-v1,ac99f7f235977b62c7f867154f16d24041ba7ae2e5440b90e4b316254257ab0c,OPT-MIX4-R256-v1:0012,Aven12_1_62_z1,84be883d799e1688aac2eb9efa167dc79d5aa75b87400d947c655fb5584b96f5,12,T2_test,Aven12_1_62_z1.cif,48d2d336a83e3b6b4a58eacff285354b88353fa2f1be9ee2b09c3295d3bf5f03,84be883d799e1688aac2eb9efa167dc79d5aa75b87400d947c655fb5584b96f5,0,46,"[""O"", ""C"", ""N"", ""C"", ""C"", ""C"", ""C"", ""C"", ""C"", ""N"", ""C"", ""C"", ""C"", ""C"", ""N"", ""C"", ""O"", ""N"", ""C"", ""C"", ""C"", ""C"", ""C"", ""C"", ""C"", ""N"", ""C"", ""O"", ""N"", ""C"", ""C"", ""C"", ""H"", ""H"", ""H"", ""H"", ""H"", ""H"", ""H"", ""H"", ""H"", ""H"", ""H"", ""H"", ""H"", ""H""]",C23H14N6O3,"[true, true, true]","[10.879710081910979, 0.0, 0.0, -7.825469013791677, 10.73974001721912, 0.0, -1.3061712736111855, 10.400818953653792, 9.452888635976363]",1104.5252090812553,[],"{""cutoff=4.500_skin=0.000"": 914, ""cutoff=4.500_skin=0.250"": 1054, ""cutoff=4.500_skin=0.500"": 1150, ""cutoff=4.500_skin=1.000"": 1380, ""cutoff=5.000_skin=0.000"": 1150, ""cutoff=5.000_skin=0.250"": 1248, ""cutoff=5.000_skin=0.500"": 1380, ""cutoff=5.000_skin=1.000"": 1760, ""cutoff=6.000_skin=0.000"": 1760, ""cutoff=6.000_skin=0.250"": 1918, ""cutoff=6.000_skin=0.500"": 2126, ""cutoff=6.000_skin=1.000"": 2600}",0.0,,
OPT-MIX4-R256-v1,ac99f7f235977b62c7f867154f16d24041ba7ae2e5440b90e4b316254257ab0c,OPT-MIX4-R256-v1:0013,Aven12_2_670_z1,45f1b95350fbf8c7569289a02624dbea06eb3127aba1aaed256f5e7237be74cc,13,T2_test,Aven12_2_670_z1.cif,2b32f2842b2e4c1e99f989107b1fbfe4648a3a6056b0ed32f061e918cf6d5191,45f1b95350fbf8c7569289a02624dbea06eb3127aba1aaed256f5e7237be74cc,0,92,"[""O"", ""C"", ""N"", ""C"", ""C"", ""C"", ""C"", ""C"", ""C"", ""N"", ""C"", ""C"", ""C"", ""C"", ""N"", ""C"", ""O"", ""N"", ""C"", ""C"", ""C"", ""C"", ""C"", ""C"", ""C"", ""N"", ""C"", ""O"", ""N"", ""C"", ""C"", ""C"", ""H"", ""H"", ""H"", ""H"", ""H"", ""H"", ""H"", ""H"", ""H"", ""H"", ""H"", ""H"", ""H"", ""H"", ""O"", ""C"", ""N"", ""C"", ""C"", ""C"", ""C"", ""C"", ""C"", ""N"", ""C"", ""C"", ""C"", ""C"", ""N"", ""C"", ""O"", ""N"", ""C"", ""C"", ""C"", ""C"", ""C"", ""C"", ""C"", ""N"", ""C"", ""O"", ""N"", ""C"", ""C"", ""C"", ""H"", ""H"", ""H"", ""H"", ""H"", ""H"", ""H"", ""H"", ""H"", ""H"", ""H"", ""H"", ""H"", ""H""]",C46H28N12O6,"[true, true, true]","[11.889359865101525, 0.0, 0.0, -0.800094808457237, 14.61522853030133, 0.0, -6.806898553223896, 2.12957808282475, 14.12332360882204]",2454.1493757369494,[],"{""cutoff=4.500_skin=0.000"": 1786, ""cutoff=4.500_skin=0.250"": 2094, ""cutoff=4.500_skin=0.500"": 2280, ""cutoff=4.500_skin=1.000"": 2792, ""cutoff=5.000_skin=0.000"": 2280, ""cutoff=5.000_skin=0.250"": 2500, ""cutoff=5.000_skin=0.500"": 2792, ""cutoff=5.000_skin=1.000"": 3370, ""cutoff=6.000_skin=0.000"": 3370, ""cutoff=6.000_skin=0.250"": 3672, ""cutoff=6.000_skin=0.500"": 4054, ""cutoff=6.000_skin=1.000"": 5016}",0.0,,
OPT-MIX4-R256-v1,ac99f7f235977b62c7f867154f16d24041ba7ae2e5440b90e4b316254257ab0c,OPT-MIX4-R256-v1:0014,Aven12_33_292_z1,5d64891f9fba316367e5b0181cbb238ea6e9fc9d71e0a11203d7f2ce547ab039,14,T2_test,Aven12_33_292_z1.cif,95f5cc8cdc6d1e11be88ce6ac4455da60a0dc30efdc5fcefff1c84245fcd6125,5d64891f9fba316367e5b0181cbb238ea6e9fc9d71e0a11203d7f2ce547ab039,0,184,"[""O"", ""C"", ""N"", ""C"", ""C"", ""C"", ""C"", ""C"", ""C"", ""N"", ""C"", ""C"", ""C"", ""C"", ""N"", ""C"", ""O"", ""N"", ""C"", ""C"", ""C"", ""C"", ""C"", ""C"", ""C"", ""N"", ""C"", ""O"", ""N"", ""C"", ""C"", ""C"", ""H"", ""H"", ""H"", ""H"", ""H"", ""H"", ""H"", ""H"", ""H"", ""H"", ""H"", ""H"", ""H"", ""H"", ""O"", ""C"", ""N"", ""C"", ""C"", ""C"", ""C"", ""C"", ""C"", ""N"", ""C"", ""C"", ""C"", ""C"", ""N"", ""C"", ""O"", ""N"", ""C"", ""C"", ""C"", ""C"", ""C"", ""C"", ""C"", ""N"", ""C"", ""O"", ""N"", ""C"", ""C"", ""C"", ""H"", ""H"", ""H"", ""H"", ""H"", ""H"", ""H"", ""H"", ""H"", ""H"", ""H"", ""H"", ""H"", ""H"", ""O"", ""C"", ""N"", ""C"", ""C"", ""C"", ""C"", ""C"", ""C"", ""N"", ""C"", ""C"", ""C"", ""C"", ""N"", ""C"", ""O"", ""N"", ""C"", ""C"", ""C"", ""C"", ""C"", ""C"", ""C"", ""N"", ""C"", ""O"", ""N"", ""C"", ""C"", ""C"", ""H"", ""H"", ""H"", ""H"", ""H"", ""H"", ""H"", ""H"", ""H"", ""H"", ""H"", ""H"", ""H"", ""H"", ""O"", ""C"", ""N"", ""C"", ""C"", ""C"", ""C"", ""C"", ""C"", ""N"", ""C"", ""C"", ""C"", ""C"", ""N"", ""C"", ""O"", ""N"", ""C"", ""C"", ""C"", ""C"", ""C"", ""C"", ""C"", ""N"", ""C"", ""O"", ""N"", ""C"", ""C"", ""C"", ""H"", ""H"", ""H"", ""H"", ""H"", ""H"", ""H"", ""H"", ""H"", ""H"", ""H"", ""H"", ""H"", ""H""]",C92H56N24O12,"[true, true, true]","[22.913318246856882, 0.0, 0.0, 0.0, 14.53095239519834, 0.0, 0.0, 0.0, 14.862109197619176]",4948.373985059836,[],"{""cutoff=4.500_skin=0.000"": 3568, ""cutoff=4.500_skin=0.250"": 4168, ""cutoff=4.500_skin=0.500"": 4592, ""cutoff=4.500_skin=1.000"": 5528, ""cutoff=5.000_skin=0.000"": 4592, ""cutoff=5.000_skin=0.250"": 5056, ""cutoff=5.000_skin=0.500"": 5528, ""cutoff=5.000_skin=1.000"": 6880, ""cutoff=6.000_skin=0.000"": 6880, ""cutoff=6.000_skin=0.250"": 7432, ""cutoff=6.000_skin=0.500"": 8208, ""cutoff=6.000_skin=1.000"": 10048}",0.0,,
OPT-MIX4-R256-v1,ac99f7f235977b62c7f867154f16d24041ba7ae2e5440b90e4b316254257ab0c,OPT-MIX4-R256-v1:0015,Aven12_148_2222_z1,d2a8e227977ddb1b2bcb4af583078e31701c65a6ecfefb548a0119781be4348b,15,T2_test,Aven12_148_2222_z1.cif,514108632b0cd260622dd586c79edbd5f933a3953ac3b045fbff4b0036733a85,d2a8e227977ddb1b2bcb4af583078e31701c65a6ecfefb548a0119781be4348b,0,276,"[""O"", ""C"", ""N"", ""C"", ""C"", ""C"", ""C"", ""C"", ""C"", ""N"", ""C"", ""C"", ""C"", ""C"", ""N"", ""C"", ""O"", ""N"", ""C"", ""C"", ""C"", ""C"", ""C"", ""C"", ""C"", ""N"", ""C"", ""O"", ""N"", ""C"", ""C"", ""C"", ""H"", ""H"", ""H"", ""H"", ""H"", ""H"", ""H"", ""H"", ""H"", ""H"", ""H"", ""H"", ""H"", ""H"", ""O"", ""C"", ""N"", ""C"", ""C"", ""C"", ""C"", ""C"", ""C"", ""N"", ""C"", ""C"", ""C"", ""C"", ""N"", ""C"", ""O"", ""N"", ""C"", ""C"", ""C"", ""C"", ""C"", ""C"", ""C"", ""N"", ""C"", ""O"", ""N"", ""C"", ""C"", ""C"", ""H"", ""H"", ""H"", ""H"", ""H"", ""H"", ""H"", ""H"", ""H"", ""H"", ""H"", ""H"", ""H"", ""H"", ""O"", ""C"", ""N"", ""C"", ""C"", ""C"", ""C"", ""C"", ""C"", ""N"", ""C"", ""C"", ""C"", ""C"", ""N"", ""C"", ""O"", ""N"", ""C"", ""C"", ""C"", ""C"", ""C"", ""C"", ""C"", ""N"", ""C"", ""O"", ""N"", ""C"", ""C"", ""C"", ""H"", ""H"", ""H"", ""H"", ""H"", ""H"", ""H"", ""H"", ""H"", ""H"", ""H"", ""H"", ""H"", ""H"", ""O"", ""C"", ""N"", ""C"", ""C"", ""C"", ""C"", ""C"", ""C"", ""N"", ""C"", ""C"", ""C"", ""C"", ""N"", ""C"", ""O"", ""N"", ""C"", ""C"", ""C"", ""C"", ""C"", ""C"", ""C"", ""N"", ""C"", ""O"", ""N"", ""C"", ""C"", ""C"", ""H"", ""H"", ""H"", ""H"", ""H"", ""H"", ""H"", ""H"", ""H"", ""H"", ""H"", ""H"", ""H"", ""H"", ""O"", ""C"", ""N"", ""C"", ""C"", ""C"", ""C"", ""C"", ""C"", ""N"", ""C"", ""C"", ""C"", ""C"", ""N"", ""C"", ""O"", ""N"", ""C"", ""C"", ""C"", ""C"", ""C"", ""C"", ""C"", ""N"", ""C"", ""O"", ""N"", ""C"", ""C"", ""C"", ""H"", ""H"", ""H"", ""H"", ""H"", ""H"", ""H"", ""H"", ""H"", ""H"", ""H"", ""H"", ""H"", ""H"", ""O"", ""C"", ""N"", ""C"", ""C"", ""C"", ""C"", ""C"", ""C"", ""N"", ""C"", ""C"", ""C"", ""C"", ""N"", ""C"", ""O"", ""N"", ""C"", ""C"", ""C"", ""C"", ""C"", ""C"", ""C"", ""N"", ""C"", ""O"", ""N"", ""C"", ""C"", ""C"", ""H"", ""H"", ""H"", ""H"", ""H"", ""H"", ""H"", ""H"", ""H"", ""H"", ""H"", ""H"", ""H"", ""H""]",C138H84N36O18,"[true, true, true]","[33.794004023945156, 0.0, 0.0, -16.424015241438905, 29.534495616472004, 0.0, -16.424015241438905, -27.92604026559176, 9.613672888337302]",9595.299849183346,[],"{""cutoff=4.500_skin=0.000"": 5436, ""cutoff=4.500_skin=0.250"": 6288, ""cutoff=4.500_skin=0.500"": 6936, ""cutoff=4.500_skin=1.000"": 8412, ""cutoff=5.000_skin=0.000"": 6936, ""cutoff=5.000_skin=0.250"": 7584, ""cutoff=5.000_skin=0.500"": 8412, ""cutoff=5.000_skin=1.000"": 10260, ""cutoff=6.000_skin=0.000"": 10260, ""cutoff=6.000_skin=0.250"": 11244, ""cutoff=6.000_skin=0.500"": 12420, ""cutoff=6.000_skin=1.000"": 15492}",0.0,,
OPT-MIX4-R256-v1,ac99f7f235977b62c7f867154f16d24041ba7ae2e5440b90e4b316254257ab0c,OPT-MIX4-R256-v1:0016,Aven12_1_204_z1,9fd4ed54f0ae748efe546b9351efc3dcb9b2f66d57c7f25a9cdf3234c956c3f2,16,T2_test,Aven12_1_204_z1.cif,19dcfafb8f520084558c67eef610c8bdfdbc880f2bee1ffb8a7965429f1f762f,9fd4ed54f0ae748efe546b9351efc3dcb9b2f66d57c7f25a9cdf3234c956c3f2,0,46,"[""O"", ""C"", ""N"", ""C"", ""C"", ""C"", ""C"", ""C"", ""C"", ""N"", ""C"", ""C"", ""C"", ""C"", ""N"", ""C"", ""O"", ""N"", ""C"", ""C"", ""C"", ""C"", ""C"", ""C"", ""C"", ""N"", ""C"", ""O"", ""N"", ""C"", ""C"", ""C"", ""H"", ""H"", ""H"", ""H"", ""H"", ""H"", ""H"", ""H"", ""H"", ""H"", ""H"", ""H"", ""H"", ""H""]",C23H14N6O3,"[true, true, true]","[11.155342659714048, 0.0, 0.0, 5.1651703489154395, 13.673888756366056, 0.0, -3.591245707176486, 4.271590040649157, 9.927547785834966]",1514.317508478386,[],"{""cutoff=4.500_skin=0.000"": 828, ""cutoff=4.500_skin=0.250"": 954, ""cutoff=4.500_skin=0.500"": 1022, ""cutoff=4.500_skin=1.000"": 1198, ""cutoff=5.000_skin=0.000"": 1022, ""cutoff=5.000_skin=0.250"": 1094, ""cutoff=5.000_skin=0.500"": 1198, ""cutoff=5.000_skin=1.000"": 1450, ""cutoff=6.000_skin=0.000"": 1450, ""cutoff=6.000_skin=0.250"": 1554, ""cutoff=6.000_skin=0.500"": 1694, ""cutoff=6.000_skin=1.000"": 2042}",0.0,,
OPT-MIX4-R256-v1,ac99f7f235977b62c7f867154f16d24041ba7ae2e5440b90e4b316254257ab0c,OPT-MIX4-R256-v1:0017,Aven12_2_3217_z1,aa9b1e7f25dd18734ad8154b69aa00cea82625312daa97082cd449e248eadd68,17,T2_test,Aven12_2_3217_z1.cif,b7c67c7dfa43c1c1194caea3776e111910b30048ddcfabf9e82205e247f26fd6,aa9b1e7f25dd18734ad8154b69aa00cea82625312daa97082cd449e248eadd68,0,92,"[""O"", ""C"", ""N"", ""C"", ""C"", ""C"", ""C"", ""C"", ""C"", ""N"", ""C"", ""C"", ""C"", ""C"", ""N"", ""C"", ""O"", ""N"", ""C"", ""C"", ""C"", ""C"", ""C"", ""C"", ""C"", ""N"", ""C"", ""O"", ""N"", ""C"", ""C"", ""C"", ""H"", ""H"", ""H"", ""H"", ""H"", ""H"", ""H"", ""H"", ""H"", ""H"", ""H"", ""H"", ""H"", ""H"", ""O"", ""C"", ""N"", ""C"", ""C"", ""C"", ""C"", ""C"", ""C"", ""N"", ""C"", ""C"", ""C"", ""C"", ""N"", ""C"", ""O"", ""N"", ""C"", ""C"", ""C"", ""C"", ""C"", ""C"", ""C"", ""N"", ""C"", ""O"", ""N"", ""C"", ""C"", ""C"", ""H"", ""H"", ""H"", ""H"", ""H"", ""H"", ""H"", ""H"", ""H"", ""H"", ""H"", ""H"", ""H"", ""H""]",C46H28N12O6,"[true, true, true]","[12.916100847599026, 0.0, 0.0, 1.8977800035763337, 11.017808194674167, 0.0, 0.7543776323220233, 3.1816796148173374, 15.983381201052827]",2274.5489747453216,[],"{""cutoff=4.500_skin=0.000"": 1946, ""cutoff=4.500_skin=0.250"": 2312, ""cutoff=4.500_skin=0.500"": 2636, ""cutoff=4.500_skin=1.000"": 3170, ""cutoff=5.000_skin=0.000"": 2636, ""cutoff=5.000_skin=0.250"": 2878, ""cutoff=5.000_skin=0.500"": 3170, ""cutoff=5.000_skin=1.000"": 3918, ""cutoff=6.000_skin=0.000"": 3918, ""cutoff=6.000_skin=0.250"": 4256, ""cutoff=6.000_skin=0.500"": 4670, ""cutoff=6.000_skin=1.000"": 5650}",0.0,,
OPT-MIX4-R256-v1,ac99f7f235977b62c7f867154f16d24041ba7ae2e5440b90e4b316254257ab0c,OPT-MIX4-R256-v1:0018,Aven12_77_144_z1,a5d82831f44fdc785c13f900796fa9270c7e29d6c2cb1741560373e4ffb61949,18,T2_test,Aven12_77_144_z1.cif,144d044ecf0e083aa11518072ea7dd0d55c5d445640680450c38a06a3673eba6,a5d82831f44fdc785c13f900796fa9270c7e29d6c2cb1741560373e4ffb61949,0,184,"[""O"", ""C"", ""N"", ""C"", ""C"", ""C"", ""C"", ""C"", ""C"", ""N"", ""C"", ""C"", ""C"", ""C"", ""N"", ""C"", ""O"", ""N"", ""C"", ""C"", ""C"", ""C"", ""C"", ""C"", ""C"", ""N"", ""C"", ""O"", ""N"", ""C"", ""C"", ""C"", ""H"", ""H"", ""H"", ""H"", ""H"", ""H"", ""H"", ""H"", ""H"", ""H"", ""H"", ""H"", ""H"", ""H"", ""O"", ""C"", ""N"", ""C"", ""C"", ""C"", ""C"", ""C"", ""C"", ""N"", ""C"", ""C"", ""C"", ""C"", ""N"", ""C"", ""O"", ""N"", ""C"", ""C"", ""C"", ""C"", ""C"", ""C"", ""C"", ""N"", ""C"", ""O"", ""N"", ""C"", ""C"", ""C"", ""H"", ""H"", ""H"", ""H"", ""H"", ""H"", ""H"", ""H"", ""H"", ""H"", ""H"", ""H"", ""H"", ""H"", ""O"", ""C"", ""N"", ""C"", ""C"", ""C"", ""C"", ""C"", ""C"", ""N"", ""C"", ""C"", ""C"", ""C"", ""N"", ""C"", ""O"", ""N"", ""C"", ""C"", ""C"", ""C"", ""C"", ""C"", ""C"", ""N"", ""C"", ""O"", ""N"", ""C"", ""C"", ""C"", ""H"", ""H"", ""H"", ""H"", ""H"", ""H"", ""H"", ""H"", ""H"", ""H"", ""H"", ""H"", ""H"", ""H"", ""O"", ""C"", ""N"", ""C"", ""C"", ""C"", ""C"", ""C"", ""C"", ""N"", ""C"", ""C"", ""C"", ""C"", ""N"", ""C"", ""O"", ""N"", ""C"", ""C"", ""C"", ""C"", ""C"", ""C"", ""C"", ""N"", ""C"", ""O"", ""N"", ""C"", ""C"", ""C"", ""H"", ""H"", ""H"", ""H"", ""H"", ""H"", ""H"", ""H"", ""H"", ""H"", ""H"", ""H"", ""H"", ""H""]",C92H56N24O12,"[true, true, true]","[22.97111391837747, 0.0, 0.0, 0.0, 22.97111391837747, 0.0, 0.0, 0.0, 11.147894439387123]",5882.432586822591,[],"{""cutoff=4.500_skin=0.000"": 3324, ""cutoff=4.500_skin=0.250"": 3780, ""cutoff=4.500_skin=0.500"": 4112, ""cutoff=4.500_skin=1.000"": 4928, ""cutoff=5.000_skin=0.000"": 4112, ""cutoff=5.000_skin=0.250"": 4444, ""cutoff=5.000_skin=0.500"": 4928, ""cutoff=5.000_skin=1.000"": 6048, ""cutoff=6.000_skin=0.000"": 6048, ""cutoff=6.000_skin=0.250"": 6564, ""cutoff=6.000_skin=0.500"": 7188, ""cutoff=6.000_skin=1.000"": 8700}",0.0,,
OPT-MIX4-R256-v1,ac99f7f235977b62c7f867154f16d24041ba7ae2e5440b90e4b316254257ab0c,OPT-MIX4-R256-v1:0019,Aven12_148_756_z1,1728103f96ced076d68d1e427c95e1cddef08d19f5de7ff3035fa54107e9bdcb,19,T2_test,Aven12_148_756_z1.cif,b4dc26c40a49fc53b44b01e6837fb822e15af17f58f4648a66fbfcef5df52397,1728103f96ced076d68d1e427c95e1cddef08d19f5de7ff3035fa54107e9bdcb,0,276,"[""O"", ""C"", ""N"", ""C"", ""C"", ""C"", ""C"", ""C"", ""C"", ""N"", ""C"", ""C"", ""C"", ""C"", ""N"", ""C"", ""O"", ""N"", ""C"", ""C"", ""C"", ""C"", ""C"", ""C"", ""C"", ""N"", ""C"", ""O"", ""N"", ""C"", ""C"", ""C"", ""H"", ""H"", ""H"", ""H"", ""H"", ""H"", ""H"", ""H"", ""H"", ""H"", ""H"", ""H"", ""H"", ""H"", ""O"", ""C"", ""N"", ""C"", ""C"", ""C"", ""C"", ""C"", ""C"", ""N"", ""C"", ""C"", ""C"", ""C"", ""N"", ""C"", ""O"", ""N"", ""C"", ""C"", ""C"", ""C"", ""C"", ""C"", ""C"", ""N"", ""C"", ""O"", ""N"", ""C"", ""C"", ""C"", ""H"", ""H"", ""H"", ""H"", ""H"", ""H"", ""H"", ""H"", ""H"", ""H"", ""H"", ""H"", ""H"", ""H"", ""O"", ""C"", ""N"", ""C"", ""C"", ""C"", ""C"", ""C"", ""C"", ""N"", ""C"", ""C"", ""C"", ""C"", ""N"", ""C"", ""O"", ""N"", ""C"", ""C"", ""C"", ""C"", ""C"", ""C"", ""C"", ""N"", ""C"", ""O"", ""N"", ""C"", ""C"", ""C"", ""H"", ""H"", ""H"", ""H"", ""H"", ""H"", ""H"", ""H"", ""H"", ""H"", ""H"", ""H"", ""H"", ""H"", ""O"", ""C"", ""N"", ""C"", ""C"", ""C"", ""C"", ""C"", ""C"", ""N"", ""C"", ""C"", ""C"", ""C"", ""N"", ""C"", ""O"", ""N"", ""C"", ""C"", ""C"", ""C"", ""C"", ""C"", ""C"", ""N"", ""C"", ""O"", ""N"", ""C"", ""C"", ""C"", ""H"", ""H"", ""H"", ""H"", ""H"", ""H"", ""H"", ""H"", ""H"", ""H"", ""H"", ""H"", ""H"", ""H"", ""O"", ""C"", ""N"", ""C"", ""C"", ""C"", ""C"", ""C"", ""C"", ""N"", ""C"", ""C"", ""C"", ""C"", ""N"", ""C"", ""O"", ""N"", ""C"", ""C"", ""C"", ""C"", ""C"", ""C"", ""C"", ""N"", ""C"", ""O"", ""N"", ""C"", ""C"", ""C"", ""H"", ""H"", ""H"", ""H"", ""H"", ""H"", ""H"", ""H"", ""H"", ""H"", ""H"", ""H"", ""H"", ""H"", ""O"", ""C"", ""N"", ""C"", ""C"", ""C"", ""C"", ""C"", ""C"", ""N"", ""C"", ""C"", ""C"", ""C"", ""N"", ""C"", ""O"", ""N"", ""C"", ""C"", ""C"", ""C"", ""C"", ""C"", ""C"", ""N"", ""C"", ""O"", ""N"", ""C"", ""C"", ""C"", ""H"", ""H"", ""H"", ""H"", ""H"", ""H"", ""H"", ""H"", ""H"", ""H"", ""H"", ""H"", ""H"", ""H""]",C138H84N36O18,"[true, true, true]","[35.72339928676953, 0.0, 0.0, -17.135414882289574, 31.345475166501696, 0.0, -17.135414882289574, -28.895963649025813, 12.147514075231749]",13602.384484924416,[],"{""cutoff=4.500_skin=0.000"": 4758, ""cutoff=4.500_skin=0.250"": 5430, ""cutoff=4.500_skin=0.500"": 5898, ""cutoff=4.500_skin=1.000"": 6840, ""cutoff=5.000_skin=0.000"": 5898, ""cutoff=5.000_skin=0.250"": 6324, ""cutoff=5.000_skin=0.500"": 6840, ""cutoff=5.000_skin=1.000"": 8058, ""cutoff=6.000_skin=0.000"": 8058, ""cutoff=6.000_skin=0.250"": 8574, ""cutoff=6.000_skin=0.500"": 9282, ""cutoff=6.000_skin=1.000"": 11076}",0.0,,
OPT-MIX4-R256-v1,ac99f7f235977b62c7f867154f16d24041ba7ae2e5440b90e4b316254257ab0c,OPT-MIX4-R256-v1:0020,Aven12_1_378_z1,8705be7b2013be9c39206be3fed1b1215b9c96949474779342d0579a3e66ea8b,20,T2_test,Aven12_1_378_z1.cif,6bdefe59ea712c0749030516d7a306b5f4e1d8745464f247a079480f2efb3413,8705be7b2013be9c39206be3fed1b1215b9c96949474779342d0579a3e66ea8b,0,46,"[""O"", ""C"", ""N"", ""C"", ""C"", ""C"", ""C"", ""C"", ""C"", ""N"", ""C"", ""C"", ""C"", ""C"", ""N"", ""C"", ""O"", ""N"", ""C"", ""C"", ""C"", ""C"", ""C"", ""C"", ""C"", ""N"", ""C"", ""O"", ""N"", ""C"", ""C"", ""C"", ""H"", ""H"", ""H"", ""H"", ""H"", ""H"", ""H"", ""H"", ""H"", ""H"", ""H"", ""H"", ""H"", ""H""]",C23H14N6O3,"[true, true, true]","[11.074328817378245, 0.0, 0.0, -6.864933288169456, 9.427237888968982, 0.0, 0.2592534375309752, -0.6765561903867768, 11.175457000318533]",1166.721423566928,[],"{""cutoff=4.500_skin=0.000"": 852, ""cutoff=4.500_skin=0.250"": 988, ""cutoff=4.500_skin=0.500"": 1092, ""cutoff=4.500_skin=1.000"": 1326, ""cutoff=5.000_skin=0.000"": 1092, ""cutoff=5.000_skin=0.250"": 1198, ""cutoff=5.000_skin=0.500"": 1326, ""cutoff=5.000_skin=1.000"": 1650, ""cutoff=6.000_skin=0.000"": 1650, ""cutoff=6.000_skin=0.250"": 1824, ""cutoff=6.000_skin=0.500"": 1986, ""cutoff=6.000_skin=1.000"": 2476}",0.0,,
OPT-MIX4-R256-v1,ac99f7f235977b62c7f867154f16d24041ba7ae2e5440b90e4b316254257ab0c,OPT-MIX4-R256-v1:0021,Aven12_2_1287_z1,05687a9d4f0bf088956b75b5772300b27e30db0e5015c6d1cdd809e9ed5862e5,21,T2_test,Aven12_2_1287_z1.cif,ac93781455f6b66a7b355b243ed0eb7076794e75b8be412b3af13645886859b3,05687a9d4f0bf088956b75b5772300b27e30db0e5015c6d1cdd809e9ed5862e5,0,92,"[""O"", ""C"", ""N"", ""C"", ""C"", ""C"", ""C"", ""C"", ""C"", ""N"", ""C"", ""C"", ""C"", ""C"", ""N"", ""C"", ""O"", ""N"", ""C"", ""C"", ""C"", ""C"", ""C"", ""C"", ""C"", ""N"", ""C"", ""O"", ""N"", ""C"", ""C"", ""C"", ""H"", ""H"", ""H"", ""H"", ""H"", ""H"", ""H"", ""H"", ""H"", ""H"", ""H"", ""H"", ""H"", ""H"", ""O"", ""C"", ""N"", ""C"", ""C"", ""C"", ""C"", ""C"", ""C"", ""N"", ""C"", ""C"", ""C"", ""C"", ""N"", ""C"", ""O"", ""N"", ""C"", ""C"", ""C"", ""C"", ""C"", ""C"", ""C"", ""N"", ""C"", ""O"", ""N"", ""C"", ""C"", ""C"", ""H"", ""H"", ""H"", ""H"", ""H"", ""H"", ""H"", ""H"", ""H"", ""H"", ""H"", ""H"", ""H"", ""H""]",C46H28N12O6,"[true, true, true]","[10.384908690051105, 0.0, 0.0, 0.7609584681781046, 17.101096799800843, 0.0, -5.267942733174895, -3.8963726819190163, 14.141631098219754]",2511.459340908778,[],"{""cutoff=4.500_skin=0.000"": 1846, ""cutoff=4.500_skin=0.250"": 2192, ""cutoff=4.500_skin=0.500"": 2424, ""cutoff=4.500_skin=1.000"": 2936, ""cutoff=5.000_skin=0.000"": 2424, ""cutoff=5.000_skin=0.250"": 2632, ""cutoff=5.000_skin=0.500"": 2936, ""cutoff=5.000_skin=1.000"": 3696, ""cutoff=6.000_skin=0.000"": 3696, ""cutoff=6.000_skin=0.250"": 4114, ""cutoff=6.000_skin=0.500"": 4548, ""cutoff=6.000_skin=1.000"": 5600}",0.0,,
OPT-MIX4-R256-v1,ac99f7f235977b62c7f867154f16d24041ba7ae2e5440b90e4b316254257ab0c,OPT-MIX4-R256-v1:0022,Aven12_14_350_z1,9409e820a84588657120bf97a05c7fbd485fc059f67b3d4bdc5829651f6a1902,22,T2_test,Aven12_14_350_z1.cif,525ca4b4c0e432044e8eaa8bd07b231f4c871dbd210fd407fdb976a916803c26,9409e820a84588657120bf97a05c7fbd485fc059f67b3d4bdc5829651f6a1902,0,184,"[""O"", ""C"", ""N"", ""C"", ""C"", ""C"", ""C"", ""C"", ""C"", ""N"", ""C"", ""C"", ""C"", ""C"", ""N"", ""C"", ""O"", ""N"", ""C"", ""C"", ""C"", ""C"", ""C"", ""C"", ""C"", ""N"", ""C"", ""O"", ""N"", ""C"", ""C"", ""C"", ""H"", ""H"", ""H"", ""H"", ""H"", ""H"", ""H"", ""H"", ""H"", ""H"", ""H"", ""H"", ""H"", ""H"", ""O"", ""C"", ""N"", ""C"", ""C"", ""C"", ""C"", ""C"", ""C"", ""N"", ""C"", ""C"", ""C"", ""C"", ""N"", ""C"", ""O"", ""N"", ""C"", ""C"", ""C"", ""C"", ""C"", ""C"", ""C"", ""N"", ""C"", ""O"", ""N"", ""C"", ""C"", ""C"", ""H"", ""H"", ""H"", ""H"", ""H"", ""H"", ""H"", ""H"", ""H"", ""H"", ""H"", ""H"", ""H"", ""H"", ""O"", ""C"", ""N"", ""C"", ""C"", ""C"", ""C"", ""C"", ""C"", ""N"", ""C"", ""C"", ""C"", ""C"", ""N"", ""C"", ""O"", ""N"", ""C"", ""C"", ""C"", ""C"", ""C"", ""C"", ""C"", ""N"", ""C"", ""O"", ""N"", ""C"", ""C"", ""C"", ""H"", ""H"", ""H"", ""H"", ""H"", ""H"", ""H"", ""H"", ""H"", ""H"", ""H"", ""H"", ""H"", ""H"", ""O"", ""C"", ""N"", ""C"", ""C"", ""C"", ""C"", ""C"", ""C"", ""N"", ""C"", ""C"", ""C"", ""C"", ""N"", ""C"", ""O"", ""N"", ""C"", ""C"", ""C"", ""C"", ""C"", ""C"", ""C"", ""N"", ""C"", ""O"", ""N"", ""C"", ""C"", ""C"", ""H"", ""H"", ""H"", ""H"", ""H"", ""H"", ""H"", ""H"", ""H"", ""H"", ""H"", ""H"", ""H"", ""H""]",C92H56N24O12,"[true, true, true]","[10.497745866028438, 0.0, 0.0, 0.0, 22.7664118947404, 0.0, -6.876081401905934, 0.0, 23.266902466164066]",5560.696769601966,[],"{""cutoff=4.500_skin=0.000"": 3408, ""cutoff=4.500_skin=0.250"": 3992, ""cutoff=4.500_skin=0.500"": 4304, ""cutoff=4.500_skin=1.000"": 5136, ""cutoff=5.000_skin=0.000"": 4304, ""cutoff=5.000_skin=0.250"": 4648, ""cutoff=5.000_skin=0.500"": 5136, ""cutoff=5.000_skin=1.000"": 6192, ""cutoff=6.000_skin=0.000"": 6192, ""cutoff=6.000_skin=0.250"": 6656, ""cutoff=6.000_skin=0.500"": 7408, ""cutoff=6.000_skin=1.000"": 8992}",0.0,,
OPT-MIX4-R256-v1,ac99f7f235977b62c7f867154f16d24041ba7ae2e5440b90e4b316254257ab0c,OPT-MIX4-R256-v1:0023,Aven12_148_211_z1,ccaa0f6629bc95dbf9d15ee0b9f2366057f95461140fc35dbc35a40d28ae086b,23,T2_test,Aven12_148_211_z1.cif,fc7a0fa1c332c1e85d7f0a4a07e040fb0711e0a07a5c724858be24b063bcc4e8,ccaa0f6629bc95dbf9d15ee0b9f2366057f95461140fc35dbc35a40d28ae086b,0,276,"[""O"", ""C"", ""N"", ""C"", ""C"", ""C"", ""C"", ""C"", ""C"", ""N"", ""C"", ""C"", ""C"", ""C"", ""N"", ""C"", ""O"", ""N"", ""C"", ""C"", ""C"", ""C"", ""C"", ""C"", ""C"", ""N"", ""C"", ""O"", ""N"", ""C"", ""C"", ""C"", ""H"", ""H"", ""H"", ""H"", ""H"", ""H"", ""H"", ""H"", ""H"", ""H"", ""H"", ""H"", ""H"", ""H"", ""O"", ""C"", ""N"", ""C"", ""C"", ""C"", ""C"", ""C"", ""C"", ""N"", ""C"", ""C"", ""C"", ""C"", ""N"", ""C"", ""O"", ""N"", ""C"", ""C"", ""C"", ""C"", ""C"", ""C"", ""C"", ""N"", ""C"", ""O"", ""N"", ""C"", ""C"", ""C"", ""H"", ""H"", ""H"", ""H"", ""H"", ""H"", ""H"", ""H"", ""H"", ""H"", ""H"", ""H"", ""H"", ""H"", ""O"", ""C"", ""N"", ""C"", ""C"", ""C"", ""C"", ""C"", ""C"", ""N"", ""C"", ""C"", ""C"", ""C"", ""N"", ""C"", ""O"", ""N"", ""C"", ""C"", ""C"", ""C"", ""C"", ""C"", ""C"", ""N"", ""C"", ""O"", ""N"", ""C"", ""C"", ""C"", ""H"", ""H"", ""H"", ""H"", ""H"", ""H"", ""H"", ""H"", ""H"", ""H"", ""H"", ""H"", ""H"", ""H"", ""O"", ""C"", ""N"", ""C"", ""C"", ""C"", ""C"", ""C"", ""C"", ""N"", ""C"", ""C"", ""C"", ""C"", ""N"", ""C"", ""O"", ""N"", ""C"", ""C"", ""C"", ""C"", ""C"", ""C"", ""C"", ""N"", ""C"", ""O"", ""N"", ""C"", ""C"", ""C"", ""H"", ""H"", ""H"", ""H"", ""H"", ""H"", ""H"", ""H"", ""H"", ""H"", ""H"", ""H"", ""H"", ""H"", ""O"", ""C"", ""N"", ""C"", ""C"", ""C"", ""C"", ""C"", ""C"", ""N"", ""C"", ""C"", ""C"", ""C"", ""N"", ""C"", ""O"", ""N"", ""C"", ""C"", ""C"", ""C"", ""C"", ""C"", ""C"", ""N"", ""C"", ""O"", ""N"", ""C"", ""C"", ""C"", ""H"", ""H"", ""H"", ""H"", ""H"", ""H"", ""H"", ""H"", ""H"", ""H"", ""H"", ""H"", ""H"", ""H"", ""O"", ""C"", ""N"", ""C"", ""C"", ""C"", ""C"", ""C"", ""C"", ""N"", ""C"", ""C"", ""C"", ""C"", ""N"", ""C"", ""O"", ""N"", ""C"", ""C"", ""C"", ""C"", ""C"", ""C"", ""C"", ""N"", ""C"", ""O"", ""N"", ""C"", ""C"", ""C"", ""H"", ""H"", ""H"", ""H"", ""H"", ""H"", ""H"", ""H"", ""H"", ""H"", ""H"", ""H"", ""H"", ""H""]",C138H84N36O18,"[true, true, true]","[20.966582631354427, 0.0, 0.0, 0.49413185515978103, 20.960759073734174, 0.0, 0.49413185515978103, 0.48262040731076306, 20.955202182025747]",9209.297686965707,[],"{""cutoff=4.500_skin=0.000"": 5586, ""cutoff=4.500_skin=0.250"": 6450, ""cutoff=4.500_skin=0.500"": 7050, ""cutoff=4.500_skin=1.000"": 8562, ""cutoff=5.000_skin=0.000"": 7050, ""cutoff=5.000_skin=0.250"": 7812, ""cutoff=5.000_skin=0.500"": 8562, ""cutoff=5.000_skin=1.000"": 10266, ""cutoff=6.000_skin=0.000"": 10266, ""cutoff=6.000_skin=0.250"": 11058, ""cutoff=6.000_skin=0.500"": 12198, ""cutoff=6.000_skin=1.000"": 14490}",0.0,,
OPT-MIX4-R256-v1,ac99f7f235977b62c7f867154f16d24041ba7ae2e5440b90e4b316254257ab0c,OPT-MIX4-R256-v1:0024,Aven12_1_263_z1,6bec98d7200e2fd563e62de578fe4e268147e09e229e1c4474282f68129baec1,24,T2_test,Aven12_1_263_z1.cif,e1e620e5c51b5c8941363521fd132787c5513a0e62c89fced4e7a811139e17be,6bec98d7200e2fd563e62de578fe4e268147e09e229e1c4474282f68129baec1,0,46,"[""O"", ""C"", ""N"", ""C"", ""C"", ""C"", ""C"", ""C"", ""C"", ""N"", ""C"", ""C"", ""C"", ""C"", ""N"", ""C"", ""O"", ""N"", ""C"", ""C"", ""C"", ""C"", ""C"", ""C"", ""C"", ""N"", ""C"", ""O"", ""N"", ""C"", ""C"", ""C"", ""H"", ""H"", ""H"", ""H"", ""H"", ""H"", ""H"", ""H"", ""H"", ""H"", ""H"", ""H"", ""H"", ""H""]",C23H14N6O3,"[true, true, true]","[12.953875802555224, 0.0, 0.0, 3.2856134156133354, 9.892360225829508, 0.0, -0.6042626253529856, -9.17179263698722, 11.107438332237514]",1423.3560845952302,[],"{""cutoff=4.500_skin=0.000"": 830, ""cutoff=4.500_skin=0.250"": 958, ""cutoff=4.500_skin=0.500"": 1036, ""cutoff=4.500_skin=1.000"": 1238, ""cutoff=5.000_skin=0.000"": 1036, ""cutoff=5.000_skin=0.250"": 1120, ""cutoff=5.000_skin=0.500"": 1238, ""cutoff=5.000_skin=1.000"": 1494, ""cutoff=6.000_skin=0.000"": 1494, ""cutoff=6.000_skin=0.250"": 1612, ""cutoff=6.000_skin=0.500"": 1782, ""cutoff=6.000_skin=1.000"": 2178}",0.0,,
OPT-MIX4-R256-v1,ac99f7f235977b62c7f867154f16d24041ba7ae2e5440b90e4b316254257ab0c,OPT-MIX4-R256-v1:0025,Aven12_4_58_z1,b14dd8d5952b235cf7e896fa9d9c7bd99e23ddbef70eeb8926b0a955a3d60282,25,T2_test,Aven12_4_58_z1.cif,d2d6b8087484d7e2ac26f4e9ac3497a84b6983fcfce9e5fde1fe6cfbb5c9f874,b14dd8d5952b235cf7e896fa9d9c7bd99e23ddbef70eeb8926b0a955a3d60282,0,92,"[""O"", ""C"", ""N"", ""C"", ""C"", ""C"", ""C"", ""C"", ""C"", ""N"", ""C"", ""C"", ""C"", ""C"", ""N"", ""C"", ""O"", ""N"", ""C"", ""C"", ""C"", ""C"", ""C"", ""C"", ""C"", ""N"", ""C"", ""O"", ""N"", ""C"", ""C"", ""C"", ""H"", ""H"", ""H"", ""H"", ""H"", ""H"", ""H"", ""H"", ""H"", ""H"", ""H"", ""H"", ""H"", ""H"", ""O"", ""C"", ""N"", ""C"", ""C"", ""C"", ""C"", ""C"", ""C"", ""N"", ""C"", ""C"", ""C"", ""C"", ""N"", ""C"", ""O"", ""N"", ""C"", ""C"", ""C"", ""C"", ""C"", ""C"", ""C"", ""N"", ""C"", ""O"", ""N"", ""C"", ""C"", ""C"", ""H"", ""H"", ""H"", ""H"", ""H"", ""H"", ""H"", ""H"", ""H"", ""H"", ""H"", ""H"", ""H"", ""H""]",C46H28N12O6,"[true, true, true]","[11.556126551551174, 0.0, 0.0, 0.0, 12.312889820057762, 0.0, 3.121235842603847, 0.0, 11.989764979688788]",1706.0154217023473,[],"{""cutoff=4.500_skin=0.000"": 1960, ""cutoff=4.500_skin=0.250"": 2312, ""cutoff=4.500_skin=0.500"": 2576, ""cutoff=4.500_skin=1.000"": 3272, ""cutoff=5.000_skin=0.000"": 2576, ""cutoff=5.000_skin=0.250"": 2884, ""cutoff=5.000_skin=0.500"": 3272, ""cutoff=5.000_skin=1.000"": 4216, ""cutoff=6.000_skin=0.000"": 4216, ""cutoff=6.000_skin=0.250"": 4660, ""cutoff=6.000_skin=0.500"": 5336, ""cutoff=6.000_skin=1.000"": 6904}",0.0,,
OPT-MIX4-R256-v1,ac99f7f235977b62c7f867154f16d24041ba7ae2e5440b90e4b316254257ab0c,OPT-MIX4-R256-v1:0026,Aven12_19_164_z1,d5ffeb0ee52cf0fe9973ab82e149dd48b675b0c45a8fcba023ce73c13b11b625,26,T2_test,Aven12_19_164_z1.cif,4ce3a470db5da6ef99d0649333ea6bf831b13035d70061d2848a08af2b9b80b5,d5ffeb0ee52cf0fe9973ab82e149dd48b675b0c45a8fcba023ce73c13b11b625,0,184,"[""O"", ""C"", ""N"", ""C"", ""C"", ""C"", ""C"", ""C"", ""C"", ""N"", ""C"", ""C"", ""C"", ""C"", ""N"", ""C"", ""O"", ""N"", ""C"", ""C"", ""C"", ""C"", ""C"", ""C"", ""C"", ""N"", ""C"", ""O"", ""N"", ""C"", ""C"", ""C"", ""H"", ""H"", ""H"", ""H"", ""H"", ""H"", ""H"", ""H"", ""H"", ""H"", ""H"", ""H"", ""H"", ""H"", ""O"", ""C"", ""N"", ""C"", ""C"", ""C"", ""C"", ""C"", ""C"", ""N"", ""C"", ""C"", ""C"", ""C"", ""N"", ""C"", ""O"", ""N"", ""C"", ""C"", ""C"", ""C"", ""C"", ""C"", ""C"", ""N"", ""C"", ""O"", ""N"", ""C"", ""C"", ""C"", ""H"", ""H"", ""H"", ""H"", ""H"", ""H"", ""H"", ""H"", ""H"", ""H"", ""H"", ""H"", ""H"", ""H"", ""O"", ""C"", ""N"", ""C"", ""C"", ""C"", ""C"", ""C"", ""C"", ""N"", ""C"", ""C"", ""C"", ""C"", ""N"", ""C"", ""O"", ""N"", ""C"", ""C"", ""C"", ""C"", ""C"", ""C"", ""C"", ""N"", ""C"", ""O"", ""N"", ""C"", ""C"", ""C"", ""H"", ""H"", ""H"", ""H"", ""H"", ""H"", ""H"", ""H"", ""H"", ""H"", ""H"", ""H"", ""H"", ""H"", ""O"", ""C"", ""N"", ""C"", ""C"", ""C"", ""C"", ""C"", ""C"", ""N"", ""C"", ""C"", ""C"", ""C"", ""N"", ""C"", ""O"", ""N"", ""C"", ""C"", ""C"", ""C"", ""C"", ""C"", ""C"", ""N"", ""C"", ""O"", ""N"", ""C"", ""C"", ""C"", ""H"", ""H"", ""H"", ""H"", ""H"", ""H"", ""H"", ""H"", ""H"", ""H"", ""H"", ""H"", ""H"", ""H""]",C92H56N24O12,"[true, true, true]","[14.108540968278504, 0.0, 0.0, 0.0, 16.450316191511696, 0.0, 0.0, 0.0, 15.980273552769916]",3708.861048518074,[],"{""cutoff=4.500_skin=0.000"": 3824, ""cutoff=4.500_skin=0.250"": 4440, ""cutoff=4.500_skin=0.500"": 4904, ""cutoff=4.500_skin=1.000"": 6208, ""cutoff=5.000_skin=0.000"": 4904, ""cutoff=5.000_skin=0.250"": 5464, ""cutoff=5.000_skin=0.500"": 6208, ""cutoff=5.000_skin=1.000"": 7752, ""cutoff=6.000_skin=0.000"": 7752, ""cutoff=6.000_skin=0.250"": 8584, ""cutoff=6.000_skin=0.500"": 9608, ""cutoff=6.000_skin=1.000"": 12176}",0.0,,
OPT-MIX4-R256-v1,ac99f7f235977b62c7f867154f16d24041ba7ae2e5440b90e4b316254257ab0c,OPT-MIX4-R256-v1:0027,Aven12_148_690_z1,9e1c6fb7193cc4aa8aebc25211ed8ac4f1b821edd16f92dca31e7b03f61c0ef3,27,T2_test,Aven12_148_690_z1.cif,5986ef138ed2914cb793e0f4b76a76d26afa2ec98a476a83e03ce87d36bf1b1b,9e1c6fb7193cc4aa8aebc25211ed8ac4f1b821edd16f92dca31e7b03f61c0ef3,0,276,"[""O"", ""C"", ""N"", ""C"", ""C"", ""C"", ""C"", ""C"", ""C"", ""N"", ""C"", ""C"", ""C"", ""C"", ""N"", ""C"", ""O"", ""N"", ""C"", ""C"", ""C"", ""C"", ""C"", ""C"", ""C"", ""N"", ""C"", ""O"", ""N"", ""C"", ""C"", ""C"", ""H"", ""H"", ""H"", ""H"", ""H"", ""H"", ""H"", ""H"", ""H"", ""H"", ""H"", ""H"", ""H"", ""H"", ""O"", ""C"", ""N"", ""C"", ""C"", ""C"", ""C"", ""C"", ""C"", ""N"", ""C"", ""C"", ""C"", ""C"", ""N"", ""C"", ""O"", ""N"", ""C"", ""C"", ""C"", ""C"", ""C"", ""C"", ""C"", ""N"", ""C"", ""O"", ""N"", ""C"", ""C"", ""C"", ""H"", ""H"", ""H"", ""H"", ""H"", ""H"", ""H"", ""H"", ""H"", ""H"", ""H"", ""H"", ""H"", ""H"", ""O"", ""C"", ""N"", ""C"", ""C"", ""C"", ""C"", ""C"", ""C"", ""N"", ""C"", ""C"", ""C"", ""C"", ""N"", ""C"", ""O"", ""N"", ""C"", ""C"", ""C"", ""C"", ""C"", ""C"", ""C"", ""N"", ""C"", ""O"", ""N"", ""C"", ""C"", ""C"", ""H"", ""H"", ""H"", ""H"", ""H"", ""H"", ""H"", ""H"", ""H"", ""H"", ""H"", ""H"", ""H"", ""H"", ""O"", ""C"", ""N"", ""C"", ""C"", ""C"", ""C"", ""C"", ""C"", ""N"", ""C"", ""C"", ""C"", ""C"", ""N"", ""C"", ""O"", ""N"", ""C"", ""C"", ""C"", ""C"", ""C"", ""C"", ""C"", ""N"", ""C"", ""O"", ""N"", ""C"", ""C"", ""C"", ""H"", ""H"", ""H"", ""H"", ""H"", ""H"", ""H"", ""H"", ""H"", ""H"", ""H"", ""H"", ""H"", ""H"", ""O"", ""C"", ""N"", ""C"", ""C"", ""C"", ""C"", ""C"", ""C"", ""N"", ""C"", ""C"", ""C"", ""C"", ""N"", ""C"", ""O"", ""N"", ""C"", ""C"", ""C"", ""C"", ""C"", ""C"", ""C"", ""N"", ""C"", ""O"", ""N"", ""C"", ""C"", ""C"", ""H"", ""H"", ""H"", ""H"", ""H"", ""H"", ""H"", ""H"", ""H"", ""H"", ""H"", ""H"", ""H"", ""H"", ""O"", ""C"", ""N"", ""C"", ""C"", ""C"", ""C"", ""C"", ""C"", ""N"", ""C"", ""C"", ""C"", ""C"", ""N"", ""C"", ""O"", ""N"", ""C"", ""C"", ""C"", ""C"", ""C"", ""C"", ""C"", ""N"", ""C"", ""O"", ""N"", ""C"", ""C"", ""C"", ""H"", ""H"", ""H"", ""H"", ""H"", ""H"", ""H"", ""H"", ""H"", ""H"", ""H"", ""H"", ""H"", ""H""]",C138H84N36O18,"[true, true, true]","[22.738068620695742, 0.0, 0.0, -5.315251547793562, 22.10809502384017, 0.0, -5.315251547793562, -6.744608854155841, 21.054171011644918]",10583.834533601004,[],"{""cutoff=4.500_skin=0.000"": 5124, ""cutoff=4.500_skin=0.250"": 6012, ""cutoff=4.500_skin=0.500"": 6540, ""cutoff=4.500_skin=1.000"": 8136, ""cutoff=5.000_skin=0.000"": 6540, ""cutoff=5.000_skin=0.250"": 7212, ""cutoff=5.000_skin=0.500"": 8136, ""cutoff=5.000_skin=1.000"": 10308, ""cutoff=6.000_skin=0.000"": 10308, ""cutoff=6.000_skin=0.250"": 11412, ""cutoff=6.000_skin=0.500"": 12672, ""cutoff=6.000_skin=1.000"": 15666}",0.0,,
OPT-MIX4-R256-v1,ac99f7f235977b62c7f867154f16d24041ba7ae2e5440b90e4b316254257ab0c,OPT-MIX4-R256-v1:0028,Aven12_1_277_z1,0bd099736f3667d4a3e2cfb48f896ddfee7544fc15be2a4744a7f777132ca92a,28,T2_test,Aven12_1_277_z1.cif,24cde5d1d4c4637a8a9242cb3fad730a5ae2659f36d9cbf616e224e9df60fcf4,0bd099736f3667d4a3e2cfb48f896ddfee7544fc15be2a4744a7f777132ca92a,0,46,"[""O"", ""C"", ""N"", ""C"", ""C"", ""C"", ""C"", ""C"", ""C"", ""N"", ""C"", ""C"", ""C"", ""C"", ""N"", ""C"", ""O"", ""N"", ""C"", ""C"", ""C"", ""C"", ""C"", ""C"", ""C"", ""N"", ""C"", ""O"", ""N"", ""C"", ""C"", ""C"", ""H"", ""H"", ""H"", ""H"", ""H"", ""H"", ""H"", ""H"", ""H"", ""H"", ""H"", ""H"", ""H"", ""H""]",C23H14N6O3,"[true, true, true]","[13.638149398769649, 0.0, 0.0, -0.5593172266890224, 10.28616174822126, 0.0, 7.387582067356132, -5.738091610182449, 10.174966283407823]",1427.387113581868,[],"{""cutoff=4.500_skin=0.000"": 848, ""cutoff=4.500_skin=0.250"": 980, ""cutoff=4.500_skin=0.500"": 1056, ""cutoff=4.500_skin=1.000"": 1248, ""cutoff=5.000_skin=0.000"": 1056, ""cutoff=5.000_skin=0.250"": 1132, ""cutoff=5.000_skin=0.500"": 1248, ""cutoff=5.000_skin=1.000"": 1504, ""cutoff=6.000_skin=0.000"": 1504, ""cutoff=6.000_skin=0.250"": 1622, ""cutoff=6.000_skin=0.500"": 1776, ""cutoff=6.000_skin=1.000"": 2148}",0.0,,
OPT-MIX4-R256-v1,ac99f7f235977b62c7f867154f16d24041ba7ae2e5440b90e4b316254257ab0c,OPT-MIX4-R256-v1:0029,Aven12_2_2324_z1,e7e028975682c12287f9218cef090d20b65458f719d06fdc0c70e53d6bfba508,29,T2_test,Aven12_2_2324_z1.cif,c21ce9e162eeb18ef897eae34d5ba69800c364dce77e5714dee7811e9679bbd1,e7e028975682c12287f9218cef090d20b65458f719d06fdc0c70e53d6bfba508,0,92,"[""O"", ""C"", ""N"", ""C"", ""C"", ""C"", ""C"", ""C"", ""C"", ""N"", ""C"", ""C"", ""C"", ""C"", ""N"", ""C"", ""O"", ""N"", ""C"", ""C"", ""C"", ""C"", ""C"", ""C"", ""C"", ""N"", ""C"", ""O"", ""N"", ""C"", ""C"", ""C"", ""H"", ""H"", ""H"", ""H"", ""H"", ""H"", ""H"", ""H"", ""H"", ""H"", ""H"", ""H"", ""H"", ""H"", ""O"", ""C"", ""N"", ""C"", ""C"", ""C"", ""C"", ""C"", ""C"", ""N"", ""C"", ""C"", ""C"", ""C"", ""N"", ""C"", ""O"", ""N"", ""C"", ""C"", ""C"", ""C"", ""C"", ""C"", ""C"", ""N"", ""C"", ""O"", ""N"", ""C"", ""C"", ""C"", ""H"", ""H"", ""H"", ""H"", ""H"", ""H"", ""H"", ""H"", ""H"", ""H"", ""H"", ""H"", ""H"", ""H""]",C46H28N12O6,"[true, true, true]","[15.762885091188245, 0.0, 0.0, -6.03812251102466, 12.288976864323455, 0.0, -11.682810823193327, -4.953276459717049, 14.628375934592922]",2833.6587555629667,[],"{""cutoff=4.500_skin=0.000"": 1842, ""cutoff=4.500_skin=0.250"": 2170, ""cutoff=4.500_skin=0.500"": 2346, ""cutoff=4.500_skin=1.000"": 2778, ""cutoff=5.000_skin=0.000"": 2346, ""cutoff=5.000_skin=0.250"": 2534, ""cutoff=5.000_skin=0.500"": 2778, ""cutoff=5.000_skin=1.000"": 3424, ""cutoff=6.000_skin=0.000"": 3424, ""cutoff=6.000_skin=0.250"": 3684, ""cutoff=6.000_skin=0.500"": 4042, ""cutoff=6.000_skin=1.000"": 4852}",0.0,,
OPT-MIX4-R256-v1,ac99f7f235977b62c7f867154f16d24041ba7ae2e5440b90e4b316254257ab0c,OPT-MIX4-R256-v1:0030,Aven12_19_457_z1,24147d380fa2fe568cb25e90d28e94fabe742156d74c9026074460dcf12538d1,30,T2_test,Aven12_19_457_z1.cif,f0e5c5d00b03bd375eb352d325d4b5a925b0889a98e26c846ad8be2375b7ba23,24147d380fa2fe568cb25e90d28e94fabe742156d74c9026074460dcf12538d1,0,184,"[""O"", ""C"", ""N"", ""C"", ""C"", ""C"", ""C"", ""C"", ""C"", ""N"", ""C"", ""C"", ""C"", ""C"", ""N"", ""C"", ""O"", ""N"", ""C"", ""C"", ""C"", ""C"", ""C"", ""C"", ""C"", ""N"", ""C"", ""O"", ""N"", ""C"", ""C"", ""C"", ""H"", ""H"", ""H"", ""H"", ""H"", ""H"", ""H"", ""H"", ""H"", ""H"", ""H"", ""H"", ""H"", ""H"", ""O"", ""C"", ""N"", ""C"", ""C"", ""C"", ""C"", ""C"", ""C"", ""N"", ""C"", ""C"", ""C"", ""C"", ""N"", ""C"", ""O"", ""N"", ""C"", ""C"", ""C"", ""C"", ""C"", ""C"", ""C"", ""N"", ""C"", ""O"", ""N"", ""C"", ""C"", ""C"", ""H"", ""H"", ""H"", ""H"", ""H"", ""H"", ""H"", ""H"", ""H"", ""H"", ""H"", ""H"", ""H"", ""H"", ""O"", ""C"", ""N"", ""C"", ""C"", ""C"", ""C"", ""C"", ""C"", ""N"", ""C"", ""C"", ""C"", ""C"", ""N"", ""C"", ""O"", ""N"", ""C"", ""C"", ""C"", ""C"", ""C"", ""C"", ""C"", ""N"", ""C"", ""O"", ""N"", ""C"", ""C"", ""C"", ""H"", ""H"", ""H"", ""H"", ""H"", ""H"", ""H"", ""H"", ""H"", ""H"", ""H"", ""H"", ""H"", ""H"", ""O"", ""C"", ""N"", ""C"", ""C"", ""C"", ""C"", ""C"", ""C"", ""N"", ""C"", ""C"", ""C"", ""C"", ""N"", ""C"", ""O"", ""N"", ""C"", ""C"", ""C"", ""C"", ""C"", ""C"", ""C"", ""N"", ""C"", ""O"", ""N"", ""C"", ""C"", ""C"", ""H"", ""H"", ""H"", ""H"", ""H"", ""H"", ""H"", ""H"", ""H"", ""H"", ""H"", ""H"", ""H"", ""H""]",C92H56N24O12,"[true, true, true]","[15.602147792958114, 0.0, 0.0, 0.0, 17.82737783064865, 0.0, 0.0, 0.0, 16.944845338227296]",4713.130507909435,[],"{""cutoff=4.500_skin=0.000"": 3808, ""cutoff=4.500_skin=0.250"": 4440, ""cutoff=4.500_skin=0.500"": 4872, ""cutoff=4.500_skin=1.000"": 5896, ""cutoff=5.000_skin=0.000"": 4872, ""cutoff=5.000_skin=0.250"": 5328, ""cutoff=5.000_skin=0.500"": 5896, ""cutoff=5.000_skin=1.000"": 7344, ""cutoff=6.000_skin=0.000"": 7344, ""cutoff=6.000_skin=0.250"": 8176, ""cutoff=6.000_skin=0.500"": 9096, ""cutoff=6.000_skin=1.000"": 11160}",0.0,,
OPT-MIX4-R256-v1,ac99f7f235977b62c7f867154f16d24041ba7ae2e5440b90e4b316254257ab0c,OPT-MIX4-R256-v1:0031,Aven12_148_1276_z1,dedb1cf17323b3f162267835761295f3406b3945777c5917637d796db08ded28,31,T2_test,Aven12_148_1276_z1.cif,12caf513b30ae2a9ffad28cbc6317c89a4dc0456d69709b6ab8caf9d4d73c3a2,dedb1cf17323b3f162267835761295f3406b3945777c5917637d796db08ded28,0,276,"[""O"", ""C"", ""N"", ""C"", ""C"", ""C"", ""C"", ""C"", ""C"", ""N"", ""C"", ""C"", ""C"", ""C"", ""N"", ""C"", ""O"", ""N"", ""C"", ""C"", ""C"", ""C"", ""C"", ""C"", ""C"", ""N"", ""C"", ""O"", ""N"", ""C"", ""C"", ""C"", ""H"", ""H"", ""H"", ""H"", ""H"", ""H"", ""H"", ""H"", ""H"", ""H"", ""H"", ""H"", ""H"", ""H"", ""O"", ""C"", ""N"", ""C"", ""C"", ""C"", ""C"", ""C"", ""C"", ""N"", ""C"", ""C"", ""C"", ""C"", ""N"", ""C"", ""O"", ""N"", ""C"", ""C"", ""C"", ""C"", ""C"", ""C"", ""C"", ""N"", ""C"", ""O"", ""N"", ""C"", ""C"", ""C"", ""H"", ""H"", ""H"", ""H"", ""H"", ""H"", ""H"", ""H"", ""H"", ""H"", ""H"", ""H"", ""H"", ""H"", ""O"", ""C"", ""N"", ""C"", ""C"", ""C"", ""C"", ""C"", ""C"", ""N"", ""C"", ""C"", ""C"", ""C"", ""N"", ""C"", ""O"", ""N"", ""C"", ""C"", ""C"", ""C"", ""C"", ""C"", ""C"", ""N"", ""C"", ""O"", ""N"", ""C"", ""C"", ""C"", ""H"", ""H"", ""H"", ""H"", ""H"", ""H"", ""H"", ""H"", ""H"", ""H"", ""H"", ""H"", ""H"", ""H"", ""O"", ""C"", ""N"", ""C"", ""C"", ""C"", ""C"", ""C"", ""C"", ""N"", ""C"", ""C"", ""C"", ""C"", ""N"", ""C"", ""O"", ""N"", ""C"", ""C"", ""C"", ""C"", ""C"", ""C"", ""C"", ""N"", ""C"", ""O"", ""N"", ""C"", ""C"", ""C"", ""H"", ""H"", ""H"", ""H"", ""H"", ""H"", ""H"", ""H"", ""H"", ""H"", ""H"", ""H"", ""H"", ""H"", ""O"", ""C"", ""N"", ""C"", ""C"", ""C"", ""C"", ""C"", ""C"", ""N"", ""C"", ""C"", ""C"", ""C"", ""N"", ""C"", ""O"", ""N"", ""C"", ""C"", ""C"", ""C"", ""C"", ""C"", ""C"", ""N"", ""C"", ""O"", ""N"", ""C"", ""C"", ""C"", ""H"", ""H"", ""H"", ""H"", ""H"", ""H"", ""H"", ""H"", ""H"", ""H"", ""H"", ""H"", ""H"", ""H"", ""O"", ""C"", ""N"", ""C"", ""C"", ""C"", ""C"", ""C"", ""C"", ""N"", ""C"", ""C"", ""C"", ""C"", ""N"", ""C"", ""O"", ""N"", ""C"", ""C"", ""C"", ""C"", ""C"", ""C"", ""C"", ""N"", ""C"", ""O"", ""N"", ""C"", ""C"", ""C"", ""H"", ""H"", ""H"", ""H"", ""H"", ""H"", ""H"", ""H"", ""H"", ""H"", ""H"", ""H"", ""H"", ""H""]",C138H84N36O18,"[true, true, true]","[25.43930484031374, 0.0, 0.0, -3.9591403310341655, 25.129334225116047, 0.0, -3.9591403310341655, -4.631741092099809, 24.698793757051025]",15789.266888235366,[],"{""cutoff=4.500_skin=0.000"": 4716, ""cutoff=4.500_skin=0.250"": 5388, ""cutoff=4.500_skin=0.500"": 5760, ""cutoff=4.500_skin=1.000"": 6738, ""cutoff=5.000_skin=0.000"": 5760, ""cutoff=5.000_skin=0.250"": 6162, ""cutoff=5.000_skin=0.500"": 6738, ""cutoff=5.000_skin=1.000"": 7902, ""cutoff=6.000_skin=0.000"": 7902, ""cutoff=6.000_skin=0.250"": 8478, ""cutoff=6.000_skin=0.500"": 9210, ""cutoff=6.000_skin=1.000"": 10806}",0.0,,
OPT-MIX4-R256-v1,ac99f7f235977b62c7f867154f16d24041ba7ae2e5440b90e4b316254257ab0c,OPT-MIX4-R256-v1:0032,Aven12_1_474_z1,aa06e62f467eeea484499f719c2cfabf25125da56029e6b0dba456e412d5b88e,32,T2_test,Aven12_1_474_z1.cif,63cd83d55edd9bee4412944496e79edbd2b11577d87177d93436427f8d682b4f,aa06e62f467eeea484499f719c2cfabf25125da56029e6b0dba456e412d5b88e,0,46,"[""O"", ""C"", ""N"", ""C"", ""C"", ""C"", ""C"", ""C"", ""C"", ""N"", ""C"", ""C"", ""C"", ""C"", ""N"", ""C"", ""O"", ""N"", ""C"", ""C"", ""C"", ""C"", ""C"", ""C"", ""C"", ""N"", ""C"", ""O"", ""N"", ""C"", ""C"", ""C"", ""H"", ""H"", ""H"", ""H"", ""H"", ""H"", ""H"", ""H"", ""H"", ""H"", ""H"", ""H"", ""H"", ""H""]",C23H14N6O3,"[true, true, true]","[14.574740367018954, 0.0, 0.0, -2.1146564692481795, 7.933815121039066, 0.0, -6.32062754784754, 6.111552754675949, 10.708681834514461]",1238.2801710830568,[],"{""cutoff=4.500_skin=0.000"": 872, ""cutoff=4.500_skin=0.250"": 1004, ""cutoff=4.500_skin=0.500"": 1130, ""cutoff=4.500_skin=1.000"": 1348, ""cutoff=5.000_skin=0.000"": 1130, ""cutoff=5.000_skin=0.250"": 1228, ""cutoff=5.000_skin=0.500"": 1348, ""cutoff=5.000_skin=1.000"": 1696, ""cutoff=6.000_skin=0.000"": 1696, ""cutoff=6.000_skin=0.250"": 1874, ""cutoff=6.000_skin=0.500"": 2080, ""cutoff=6.000_skin=1.000"": 2548}",0.0,,
OPT-MIX4-R256-v1,ac99f7f235977b62c7f867154f16d24041ba7ae2e5440b90e4b316254257ab0c,OPT-MIX4-R256-v1:0033,Aven12_2_1900_z1,92738f19a30a1daf9a7df526e5d9a519455b411786f50f6359de2735ad036b05,33,T2_test,Aven12_2_1900_z1.cif,81498fceb69cae8bfcff6074d30c5866dddf64445cd199e2fcc3d787aad2d34c,92738f19a30a1daf9a7df526e5d9a519455b411786f50f6359de2735ad036b05,0,92,"[""O"", ""C"", ""N"", ""C"", ""C"", ""C"", ""C"", ""C"", ""C"", ""N"", ""C"", ""C"", ""C"", ""C"", ""N"", ""C"", ""O"", ""N"", ""C"", ""C"", ""C"", ""C"", ""C"", ""C"", ""C"", ""N"", ""C"", ""O"", ""N"", ""C"", ""C"", ""C"", ""H"", ""H"", ""H"", ""H"", ""H"", ""H"", ""H"", ""H"", ""H"", ""H"", ""H"", ""H"", ""H"", ""H"", ""O"", ""C"", ""N"", ""C"", ""C"", ""C"", ""C"", ""C"", ""C"", ""N"", ""C"", ""C"", ""C"", ""C"", ""N"", ""C"", ""O"", ""N"", ""C"", ""C"", ""C"", ""C"", ""C"", ""C"", ""C"", ""N"", ""C"", ""O"", ""N"", ""C"", ""C"", ""C"", ""H"", ""H"", ""H"", ""H"", ""H"", ""H"", ""H"", ""H"", ""H"", ""H"", ""H"", ""H"", ""H"", ""H""]",C46H28N12O6,"[true, true, true]","[10.678316906113317, 0.0, 0.0, -6.007197172008886, 11.720950055304591, 0.0, 7.109111086872131, 2.357287998376577, 16.83769416192065]",2107.406123432441,[],"{""cutoff=4.500_skin=0.000"": 1922, ""cutoff=4.500_skin=0.250"": 2238, ""cutoff=4.500_skin=0.500"": 2514, ""cutoff=4.500_skin=1.000"": 3090, ""cutoff=5.000_skin=0.000"": 2514, ""cutoff=5.000_skin=0.250"": 2800, ""cutoff=5.000_skin=0.500"": 3090, ""cutoff=5.000_skin=1.000"": 3928, ""cutoff=6.000_skin=0.000"": 3928, ""cutoff=6.000_skin=0.250"": 4304, ""cutoff=6.000_skin=0.500"": 4712, ""cutoff=6.000_skin=1.000"": 5874}",0.0,,
OPT-MIX4-R256-v1,ac99f7f235977b62c7f867154f16d24041ba7ae2e5440b90e4b316254257ab0c,OPT-MIX4-R256-v1:0034,Aven12_14_195_z1,18d017c81b8c1b4adead065b9cb4914f0bfb6afa15995923bdd257a824c00607,34,T2_test,Aven12_14_195_z1.cif,0a27f77624259467365f9a695e2b3411cbae7a87d2314f872822871a4508c2ae,18d017c81b8c1b4adead065b9cb4914f0bfb6afa15995923bdd257a824c00607,0,184,"[""O"", ""C"", ""N"", ""C"", ""C"", ""C"", ""C"", ""C"", ""C"", ""N"", ""C"", ""C"", ""C"", ""C"", ""N"", ""C"", ""O"", ""N"", ""C"", ""C"", ""C"", ""C"", ""C"", ""C"", ""C"", ""N"", ""C"", ""O"", ""N"", ""C"", ""C"", ""C"", ""H"", ""H"", ""H"", ""H"", ""H"", ""H"", ""H"", ""H"", ""H"", ""H"", ""H"", ""H"", ""H"", ""H"", ""O"", ""C"", ""N"", ""C"", ""C"", ""C"", ""C"", ""C"", ""C"", ""N"", ""C"", ""C"", ""C"", ""C"", ""N"", ""C"", ""O"", ""N"", ""C"", ""C"", ""C"", ""C"", ""C"", ""C"", ""C"", ""N"", ""C"", ""O"", ""N"", ""C"", ""C"", ""C"", ""H"", ""H"", ""H"", ""H"", ""H"", ""H"", ""H"", ""H"", ""H"", ""H"", ""H"", ""H"", ""H"", ""H"", ""O"", ""C"", ""N"", ""C"", ""C"", ""C"", ""C"", ""C"", ""C"", ""N"", ""C"", ""C"", ""C"", ""C"", ""N"", ""C"", ""O"", ""N"", ""C"", ""C"", ""C"", ""C"", ""C"", ""C"", ""C"", ""N"", ""C"", ""O"", ""N"", ""C"", ""C"", ""C"", ""H"", ""H"", ""H"", ""H"", ""H"", ""H"", ""H"", ""H"", ""H"", ""H"", ""H"", ""H"", ""H"", ""H"", ""O"", ""C"", ""N"", ""C"", ""C"", ""C"", ""C"", ""C"", ""C"", ""N"", ""C"", ""C"", ""C"", ""C"", ""N"", ""C"", ""O"", ""N"", ""C"", ""C"", ""C"", ""C"", ""C"", ""C"", ""C"", ""N"", ""C"", ""O"", ""N"", ""C"", ""C"", ""C"", ""H"", ""H"", ""H"", ""H"", ""H"", ""H"", ""H"", ""H"", ""H"", ""H"", ""H"", ""H"", ""H"", ""H""]",C92H56N24O12,"[true, true, true]","[13.018803135388538, 0.0, 0.0, 0.0, 27.13166229858478, 0.0, 7.453959308927607, 0.0, 14.213531202388262]",5020.528652116415,[],"{""cutoff=4.500_skin=0.000"": 3564, ""cutoff=4.500_skin=0.250"": 4100, ""cutoff=4.500_skin=0.500"": 4500, ""cutoff=4.500_skin=1.000"": 5388, ""cutoff=5.000_skin=0.000"": 4500, ""cutoff=5.000_skin=0.250"": 4924, ""cutoff=5.000_skin=0.500"": 5388, ""cutoff=5.000_skin=1.000"": 6504, ""cutoff=6.000_skin=0.000"": 6504, ""cutoff=6.000_skin=0.250"": 7128, ""cutoff=6.000_skin=0.500"": 7728, ""cutoff=6.000_skin=1.000"": 9408}",0.0,,
OPT-MIX4-R256-v1,ac99f7f235977b62c7f867154f16d24041ba7ae2e5440b90e4b316254257ab0c,OPT-MIX4-R256-v1:0035,Aven12_148_1301_z1,1c62e61f6071d5e39c469ee57fa4d0a46eaac82498ae2f7b73bd658ccab7bab9,35,T2_test,Aven12_148_1301_z1.cif,4a2cdd6acde4cfc0c155539d4b30b359fff37a1a5b3099554cf3aa71a284d399,1c62e61f6071d5e39c469ee57fa4d0a46eaac82498ae2f7b73bd658ccab7bab9,0,276,"[""O"", ""C"", ""N"", ""C"", ""C"", ""C"", ""C"", ""C"", ""C"", ""N"", ""C"", ""C"", ""C"", ""C"", ""N"", ""C"", ""O"", ""N"", ""C"", ""C"", ""C"", ""C"", ""C"", ""C"", ""C"", ""N"", ""C"", ""O"", ""N"", ""C"", ""C"", ""C"", ""H"", ""H"", ""H"", ""H"", ""H"", ""H"", ""H"", ""H"", ""H"", ""H"", ""H"", ""H"", ""H"", ""H"", ""O"", ""C"", ""N"", ""C"", ""C"", ""C"", ""C"", ""C"", ""C"", ""N"", ""C"", ""C"", ""C"", ""C"", ""N"", ""C"", ""O"", ""N"", ""C"", ""C"", ""C"", ""C"", ""C"", ""C"", ""C"", ""N"", ""C"", ""O"", ""N"", ""C"", ""C"", ""C"", ""H"", ""H"", ""H"", ""H"", ""H"", ""H"", ""H"", ""H"", ""H"", ""H"", ""H"", ""H"", ""H"", ""H"", ""O"", ""C"", ""N"", ""C"", ""C"", ""C"", ""C"", ""C"", ""C"", ""N"", ""C"", ""C"", ""C"", ""C"", ""N"", ""C"", ""O"", ""N"", ""C"", ""C"", ""C"", ""C"", ""C"", ""C"", ""C"", ""N"", ""C"", ""O"", ""N"", ""C"", ""C"", ""C"", ""H"", ""H"", ""H"", ""H"", ""H"", ""H"", ""H"", ""H"", ""H"", ""H"", ""H"", ""H"", ""H"", ""H"", ""O"", ""C"", ""N"", ""C"", ""C"", ""C"", ""C"", ""C"", ""C"", ""N"", ""C"", ""C"", ""C"", ""C"", ""N"", ""C"", ""O"", ""N"", ""C"", ""C"", ""C"", ""C"", ""C"", ""C"", ""C"", ""N"", ""C"", ""O"", ""N"", ""C"", ""C"", ""C"", ""H"", ""H"", ""H"", ""H"", ""H"", ""H"", ""H"", ""H"", ""H"", ""H"", ""H"", ""H"", ""H"", ""H"", ""O"", ""C"", ""N"", ""C"", ""C"", ""C"", ""C"", ""C"", ""C"", ""N"", ""C"", ""C"", ""C"", ""C"", ""N"", ""C"", ""O"", ""N"", ""C"", ""C"", ""C"", ""C"", ""C"", ""C"", ""C"", ""N"", ""C"", ""O"", ""N"", ""C"", ""C"", ""C"", ""H"", ""H"", ""H"", ""H"", ""H"", ""H"", ""H"", ""H"", ""H"", ""H"", ""H"", ""H"", ""H"", ""H"", ""O"", ""C"", ""N"", ""C"", ""C"", ""C"", ""C"", ""C"", ""C"", ""N"", ""C"", ""C"", ""C"", ""C"", ""N"", ""C"", ""O"", ""N"", ""C"", ""C"", ""C"", ""C"", ""C"", ""C"", ""C"", ""N"", ""C"", ""O"", ""N"", ""C"", ""C"", ""C"", ""H"", ""H"", ""H"", ""H"", ""H"", ""H"", ""H"", ""H"", ""H"", ""H"", ""H"", ""H"", ""H"", ""H""]",C138H84N36O18,"[true, true, true]","[22.50381459960804, 0.0, 0.0, -2.479176686959524, 22.366836041075825, 0.0, -2.479176686959524, -2.769155612998901, 22.194754598313654]",11171.488502221166,[],"{""cutoff=4.500_skin=0.000"": 4872, ""cutoff=4.500_skin=0.250"": 5592, ""cutoff=4.500_skin=0.500"": 5988, ""cutoff=4.500_skin=1.000"": 7080, ""cutoff=5.000_skin=0.000"": 5988, ""cutoff=5.000_skin=0.250"": 6444, ""cutoff=5.000_skin=0.500"": 7080, ""cutoff=5.000_skin=1.000"": 8424, ""cutoff=6.000_skin=0.000"": 8424, ""cutoff=6.000_skin=0.250"": 9012, ""cutoff=6.000_skin=0.500"": 9756, ""cutoff=6.000_skin=1.000"": 11748}",0.0,,
OPT-MIX4-R256-v1,ac99f7f235977b62c7f867154f16d24041ba7ae2e5440b90e4b316254257ab0c,OPT-MIX4-R256-v1:0036,Aven12_1_491_z1,443c2bd6d81af66602db96b55b0f30d68f353ca118621aba3987473730314964,36,T2_test,Aven12_1_491_z1.cif,25e007fcde299010c527ab08829bdae3238f884c9c2e962a3f1bd0732efe7fc3,443c2bd6d81af66602db96b55b0f30d68f353ca118621aba3987473730314964,0,46,"[""O"", ""C"", ""N"", ""C"", ""C"", ""C"", ""C"", ""C"", ""C"", ""N"", ""C"", ""C"", ""C"", ""C"", ""N"", ""C"", ""O"", ""N"", ""C"", ""C"", ""C"", ""C"", ""C"", ""C"", ""C"", ""N"", ""C"", ""O"", ""N"", ""C"", ""C"", ""C"", ""H"", ""H"", ""H"", ""H"", ""H"", ""H"", ""H"", ""H"", ""H"", ""H"", ""H"", ""H"", ""H"", ""H""]",C23H14N6O3,"[true, true, true]","[8.987269240870106, 0.0, 0.0, 2.1780788056822264, 10.737315232043041, 0.0, 0.7788819533717012, 2.990895040512585, 10.722086058780125]",1034.6721149274315,[],"{""cutoff=4.500_skin=0.000"": 916, ""cutoff=4.500_skin=0.250"": 1088, ""cutoff=4.500_skin=0.500"": 1202, ""cutoff=4.500_skin=1.000"": 1470, ""cutoff=5.000_skin=0.000"": 1202, ""cutoff=5.000_skin=0.250"": 1326, ""cutoff=5.000_skin=0.500"": 1470, ""cutoff=5.000_skin=1.000"": 1858, ""cutoff=6.000_skin=0.000"": 1858, ""cutoff=6.000_skin=0.250"": 2008, ""cutoff=6.000_skin=0.500"": 2248, ""cutoff=6.000_skin=1.000"": 2880}",0.0,,
OPT-MIX4-R256-v1,ac99f7f235977b62c7f867154f16d24041ba7ae2e5440b90e4b316254257ab0c,OPT-MIX4-R256-v1:0037,Aven12_4_736_z1,07307bf27bb6c0ab6b7ee93d4b64bde77d5555e27b661574dad9a97a8651ea9c,37,T2_test,Aven12_4_736_z1.cif,dc148ff539bb4d08940d36fa8f77a1d009e71a2cbfc7a4b28b9e5b3e3123267f,07307bf27bb6c0ab6b7ee93d4b64bde77d5555e27b661574dad9a97a8651ea9c,0,92,"[""O"", ""C"", ""N"", ""C"", ""C"", ""C"", ""C"", ""C"", ""C"", ""N"", ""C"", ""C"", ""C"", ""C"", ""N"", ""C"", ""O"", ""N"", ""C"", ""C"", ""C"", ""C"", ""C"", ""C"", ""C"", ""N"", ""C"", ""O"", ""N"", ""C"", ""C"", ""C"", ""H"", ""H"", ""H"", ""H"", ""H"", ""H"", ""H"", ""H"", ""H"", ""H"", ""H"", ""H"", ""H"", ""H"", ""O"", ""C"", ""N"", ""C"", ""C"", ""C"", ""C"", ""C"", ""C"", ""N"", ""C"", ""C"", ""C"", ""C"", ""N"", ""C"", ""O"", ""N"", ""C"", ""C"", ""C"", ""C"", ""C"", ""C"", ""C"", ""N"", ""C"", ""O"", ""N"", ""C"", ""C"", ""C"", ""H"", ""H"", ""H"", ""H"", ""H"", ""H"", ""H"", ""H"", ""H"", ""H"", ""H"", ""H"", ""H"", ""H""]",C46H28N12O6,"[true, true, true]","[11.553293516538076, 0.0, 0.0, 0.0, 14.282161198497388, 0.0, 9.611201863723467, 0.0, 12.50438420745858]",2063.2984252469564,[],"{""cutoff=4.500_skin=0.000"": 1844, ""cutoff=4.500_skin=0.250"": 2152, ""cutoff=4.500_skin=0.500"": 2428, ""cutoff=4.500_skin=1.000"": 2972, ""cutoff=5.000_skin=0.000"": 2428, ""cutoff=5.000_skin=0.250"": 2652, ""cutoff=5.000_skin=0.500"": 2972, ""cutoff=5.000_skin=1.000"": 3756, ""cutoff=6.000_skin=0.000"": 3756, ""cutoff=6.000_skin=0.250"": 4116, ""cutoff=6.000_skin=0.500"": 4536, ""cutoff=6.000_skin=1.000"": 5708}",0.0,,
OPT-MIX4-R256-v1,ac99f7f235977b62c7f867154f16d24041ba7ae2e5440b90e4b316254257ab0c,OPT-MIX4-R256-v1:0038,Aven12_9_194_z1,037a1662289ccbf4a12d2124c802c5b0ed66e4d3e777b1c5a7c770f7d34a1ff3,38,T2_test,Aven12_9_194_z1.cif,4208d4b4cd7b17682efa733cfaadc8c2b42c2258571063f4d26a98db06af8fa0,037a1662289ccbf4a12d2124c802c5b0ed66e4d3e777b1c5a7c770f7d34a1ff3,0,184,"[""O"", ""C"", ""N"", ""C"", ""C"", ""C"", ""C"", ""C"", ""C"", ""N"", ""C"", ""C"", ""C"", ""C"", ""N"", ""C"", ""O"", ""N"", ""C"", ""C"", ""C"", ""C"", ""C"", ""C"", ""C"", ""N"", ""C"", ""O"", ""N"", ""C"", ""C"", ""C"", ""H"", ""H"", ""H"", ""H"", ""H"", ""H"", ""H"", ""H"", ""H"", ""H"", ""H"", ""H"", ""H"", ""H"", ""O"", ""C"", ""N"", ""C"", ""C"", ""C"", ""C"", ""C"", ""C"", ""N"", ""C"", ""C"", ""C"", ""C"", ""N"", ""C"", ""O"", ""N"", ""C"", ""C"", ""C"", ""C"", ""C"", ""C"", ""C"", ""N"", ""C"", ""O"", ""N"", ""C"", ""C"", ""C"", ""H"", ""H"", ""H"", ""H"", ""H"", ""H"", ""H"", ""H"", ""H"", ""H"", ""H"", ""H"", ""H"", ""H"", ""O"", ""C"", ""N"", ""C"", ""C"", ""C"", ""C"", ""C"", ""C"", ""N"", ""C"", ""C"", ""C"", ""C"", ""N"", ""C"", ""O"", ""N"", ""C"", ""C"", ""C"", ""C"", ""C"", ""C"", ""C"", ""N"", ""C"", ""O"", ""N"", ""C"", ""C"", ""C"", ""H"", ""H"", ""H"", ""H"", ""H"", ""H"", ""H"", ""H"", ""H"", ""H"", ""H"", ""H"", ""H"", ""H"", ""O"", ""C"", ""N"", ""C"", ""C"", ""C"", ""C"", ""C"", ""C"", ""N"", ""C"", ""C"", ""C"", ""C"", ""N"", ""C"", ""O"", ""N"", ""C"", ""C"", ""C"", ""C"", ""C"", ""C"", ""C"", ""N"", ""C"", ""O"", ""N"", ""C"", ""C"", ""C"", ""H"", ""H"", ""H"", ""H"", ""H"", ""H"", ""H"", ""H"", ""H"", ""H"", ""H"", ""H"", ""H"", ""H""]",C92H56N24O12,"[true, true, true]","[12.650106027136218, 0.0, 0.0, 0.0, 18.785960875187342, 0.0, -7.836585200666781, 0.0, 16.39825862183885]",3896.954280278273,[],"{""cutoff=4.500_skin=0.000"": 3624, ""cutoff=4.500_skin=0.250"": 4264, ""cutoff=4.500_skin=0.500"": 4816, ""cutoff=4.500_skin=1.000"": 5904, ""cutoff=5.000_skin=0.000"": 4816, ""cutoff=5.000_skin=0.250"": 5304, ""cutoff=5.000_skin=0.500"": 5904, ""cutoff=5.000_skin=1.000"": 7504, ""cutoff=6.000_skin=0.000"": 7504, ""cutoff=6.000_skin=0.250"": 8384, ""cutoff=6.000_skin=0.500"": 9504, ""cutoff=6.000_skin=1.000"": 11976}",0.0,,
OPT-MIX4-R256-v1,ac99f7f235977b62c7f867154f16d24041ba7ae2e5440b90e4b316254257ab0c,OPT-MIX4-R256-v1:0039,Aven12_148_541_z1,edd3b92cd37ff690865645abf5b6dcdd84df6ad35cb68072f3e41328a4ee6f2e,39,T2_test,Aven12_148_541_z1.cif,c91cde6a7364fa0faf27d261c10741ee4f954a66fb606428c031d75437e33038,edd3b92cd37ff690865645abf5b6dcdd84df6ad35cb68072f3e41328a4ee6f2e,0,276,"[""O"", ""C"", ""N"", ""C"", ""C"", ""C"", ""C"", ""C"", ""C"", ""N"", ""C"", ""C"", ""C"", ""C"", ""N"", ""C"", ""O"", ""N"", ""C"", ""C"", ""C"", ""C"", ""C"", ""C"", ""C"", ""N"", ""C"", ""O"", ""N"", ""C"", ""C"", ""C"", ""H"", ""H"", ""H"", ""H"", ""H"", ""H"", ""H"", ""H"", ""H"", ""H"", ""H"", ""H"", ""H"", ""H"", ""O"", ""C"", ""N"", ""C"", ""C"", ""C"", ""C"", ""C"", ""C"", ""N"", ""C"", ""C"", ""C"", ""C"", ""N"", ""C"", ""O"", ""N"", ""C"", ""C"", ""C"", ""C"", ""C"", ""C"", ""C"", ""N"", ""C"", ""O"", ""N"", ""C"", ""C"", ""C"", ""H"", ""H"", ""H"", ""H"", ""H"", ""H"", ""H"", ""H"", ""H"", ""H"", ""H"", ""H"", ""H"", ""H"", ""O"", ""C"", ""N"", ""C"", ""C"", ""C"", ""C"", ""C"", ""C"", ""N"", ""C"", ""C"", ""C"", ""C"", ""N"", ""C"", ""O"", ""N"", ""C"", ""C"", ""C"", ""C"", ""C"", ""C"", ""C"", ""N"", ""C"", ""O"", ""N"", ""C"", ""C"", ""C"", ""H"", ""H"", ""H"", ""H"", ""H"", ""H"", ""H"", ""H"", ""H"", ""H"", ""H"", ""H"", ""H"", ""H"", ""O"", ""C"", ""N"", ""C"", ""C"", ""C"", ""C"", ""C"", ""C"", ""N"", ""C"", ""C"", ""C"", ""C"", ""N"", ""C"", ""O"", ""N"", ""C"", ""C"", ""C"", ""C"", ""C"", ""C"", ""C"", ""N"", ""C"", ""O"", ""N"", ""C"", ""C"", ""C"", ""H"", ""H"", ""H"", ""H"", ""H"", ""H"", ""H"", ""H"", ""H"", ""H"", ""H"", ""H"", ""H"", ""H"", ""O"", ""C"", ""N"", ""C"", ""C"", ""C"", ""C"", ""C"", ""C"", ""N"", ""C"", ""C"", ""C"", ""C"", ""N"", ""C"", ""O"", ""N"", ""C"", ""C"", ""C"", ""C"", ""C"", ""C"", ""C"", ""N"", ""C"", ""O"", ""N"", ""C"", ""C"", ""C"", ""H"", ""H"", ""H"", ""H"", ""H"", ""H"", ""H"", ""H"", ""H"", ""H"", ""H"", ""H"", ""H"", ""H"", ""O"", ""C"", ""N"", ""C"", ""C"", ""C"", ""C"", ""C"", ""C"", ""N"", ""C"", ""C"", ""C"", ""C"", ""N"", ""C"", ""O"", ""N"", ""C"", ""C"", ""C"", ""C"", ""C"", ""C"", ""C"", ""N"", ""C"", ""O"", ""N"", ""C"", ""C"", ""C"", ""H"", ""H"", ""H"", ""H"", ""H"", ""H"", ""H"", ""H"", ""H"", ""H"", ""H"", ""H"", ""H"", ""H""]",C138H84N36O18,"[true, true, true]","[26.194894140917526, 0.0, 0.0, 0.10827181532995682, 26.19467037906529, 0.0, 0.10827181532995682, 0.10782521460073939, 26.194448457468557]",17973.756098897626,[],"{""cutoff=4.500_skin=0.000"": 4764, ""cutoff=4.500_skin=0.250"": 5460, ""cutoff=4.500_skin=0.500"": 5880, ""cutoff=4.500_skin=1.000"": 6726, ""cutoff=5.000_skin=0.000"": 5880, ""cutoff=5.000_skin=0.250"": 6276, ""cutoff=5.000_skin=0.500"": 6726, ""cutoff=5.000_skin=1.000"": 7854, ""cutoff=6.000_skin=0.000"": 7854, ""cutoff=6.000_skin=0.250"": 8382, ""cutoff=6.000_skin=0.500"": 9120, ""cutoff=6.000_skin=1.000"": 10932}",0.0,,
OPT-MIX4-R256-v1,ac99f7f235977b62c7f867154f16d24041ba7ae2e5440b90e4b316254257ab0c,OPT-MIX4-R256-v1:0040,Aven12_1_401_z1,8d0ac99db1daacab32273e72f53872ede8250ae8e28eda3cf884d41e460ff654,40,T2_test,Aven12_1_401_z1.cif,a3a6823e3d1a7f3fa411aefb049e150f8ad9ee3d6064160456538fcfcaedc5d8,8d0ac99db1daacab32273e72f53872ede8250ae8e28eda3cf884d41e460ff654,0,46,"[""O"", ""C"", ""N"", ""C"", ""C"", ""C"", ""C"", ""C"", ""C"", ""N"", ""C"", ""C"", ""C"", ""C"", ""N"", ""C"", ""O"", ""N"", ""C"", ""C"", ""C"", ""C"", ""C"", ""C"", ""C"", ""N"", ""C"", ""O"", ""N"", ""C"", ""C"", ""C"", ""H"", ""H"", ""H"", ""H"", ""H"", ""H"", ""H"", ""H"", ""H"", ""H"", ""H"", ""H"", ""H"", ""H""]",C23H14N6O3,"[true, true, true]","[8.533689232485095, 0.0, 0.0, 5.181383313124523, 13.764141521185739, 0.0, -2.0767871501584585, 2.2808628783857463, 12.272597159334868]",1441.5258397191808,[],"{""cutoff=4.500_skin=0.000"": 856, ""cutoff=4.500_skin=0.250"": 982, ""cutoff=4.500_skin=0.500"": 1070, ""cutoff=4.500_skin=1.000"": 1300, ""cutoff=5.000_skin=0.000"": 1070, ""cutoff=5.000_skin=0.250"": 1160, ""cutoff=5.000_skin=0.500"": 1300, ""cutoff=5.000_skin=1.000"": 1590, ""cutoff=6.000_skin=0.000"": 1590, ""cutoff=6.000_skin=0.250"": 1740, ""cutoff=6.000_skin=0.500"": 1918, ""cutoff=6.000_skin=1.000"": 2320}",0.0,,
OPT-MIX4-R256-v1,ac99f7f235977b62c7f867154f16d24041ba7ae2e5440b90e4b316254257ab0c,OPT-MIX4-R256-v1:0041,Aven12_2_1451_z1,ebbaf26cf85b5ad5ae28084bd8a4209a479eab6ac03bc131b340182bdadb3bdd,41,T2_test,Aven12_2_1451_z1.cif,29905032ea81cbd5470d31fa7c185e3853d95a8c94899595ab5fa3c3f359470b,ebbaf26cf85b5ad5ae28084bd8a4209a479eab6ac03bc131b340182bdadb3bdd,0,92,"[""O"", ""C"", ""N"", ""C"", ""C"", ""C"", ""C"", ""C"", ""C"", ""N"", ""C"", ""C"", ""C"", ""C"", ""N"", ""C"", ""O"", ""N"", ""C"", ""C"", ""C"", ""C"", ""C"", ""C"", ""C"", ""N"", ""C"", ""O"", ""N"", ""C"", ""C"", ""C"", ""H"", ""H"", ""H"", ""H"", ""H"", ""H"", ""H"", ""H"", ""H"", ""H"", ""H"", ""H"", ""H"", ""H"", ""O"", ""C"", ""N"", ""C"", ""C"", ""C"", ""C"", ""C"", ""C"", ""N"", ""C"", ""C"", ""C"", ""C"", ""N"", ""C"", ""O"", ""N"", ""C"", ""C"", ""C"", ""C"", ""C"", ""C"", ""C"", ""N"", ""C"", ""O"", ""N"", ""C"", ""C"", ""C"", ""H"", ""H"", ""H"", ""H"", ""H"", ""H"", ""H"", ""H"", ""H"", ""H"", ""H"", ""H"", ""H"", ""H""]",C46H28N12O6,"[true, true, true]","[12.468589909567996, 0.0, 0.0, -5.721821396317056, 18.215092087222157, 0.0, 1.6355223889851545, 7.597051224972123, 10.423378352909817]",2367.3213493680637,[],"{""cutoff=4.500_skin=0.000"": 1798, ""cutoff=4.500_skin=0.250"": 2122, ""cutoff=4.500_skin=0.500"": 2360, ""cutoff=4.500_skin=1.000"": 2832, ""cutoff=5.000_skin=0.000"": 2360, ""cutoff=5.000_skin=0.250"": 2572, ""cutoff=5.000_skin=0.500"": 2832, ""cutoff=5.000_skin=1.000"": 3592, ""cutoff=6.000_skin=0.000"": 3592, ""cutoff=6.000_skin=0.250"": 3960, ""cutoff=6.000_skin=0.500"": 4378, ""cutoff=6.000_skin=1.000"": 5350}",0.0,,
OPT-MIX4-R256-v1,ac99f7f235977b62c7f867154f16d24041ba7ae2e5440b90e4b316254257ab0c,OPT-MIX4-R256-v1:0042,Aven12_77_1310_z1,c8f7b2c7c59b456eba94d4a0e2e03ff01a8957f3209d06a250751ccc0afddac7,42,T2_test,Aven12_77_1310_z1.cif,d7b60262878b8caaf6fada08c02e3464ccdcc0bee3863d9c5ccad06393f632ff,c8f7b2c7c59b456eba94d4a0e2e03ff01a8957f3209d06a250751ccc0afddac7,0,184,"[""O"", ""C"", ""N"", ""C"", ""C"", ""C"", ""C"", ""C"", ""C"", ""N"", ""C"", ""C"", ""C"", ""C"", ""N"", ""C"", ""O"", ""N"", ""C"", ""C"", ""C"", ""C"", ""C"", ""C"", ""C"", ""N"", ""C"", ""O"", ""N"", ""C"", ""C"", ""C"", ""H"", ""H"", ""H"", ""H"", ""H"", ""H"", ""H"", ""H"", ""H"", ""H"", ""H"", ""H"", ""H"", ""H"", ""O"", ""C"", ""N"", ""C"", ""C"", ""C"", ""C"", ""C"", ""C"", ""N"", ""C"", ""C"", ""C"", ""C"", ""N"", ""C"", ""O"", ""N"", ""C"", ""C"", ""C"", ""C"", ""C"", ""C"", ""C"", ""N"", ""C"", ""O"", ""N"", ""C"", ""C"", ""C"", ""H"", ""H"", ""H"", ""H"", ""H"", ""H"", ""H"", ""H"", ""H"", ""H"", ""H"", ""H"", ""H"", ""H"", ""O"", ""C"", ""N"", ""C"", ""C"", ""C"", ""C"", ""C"", ""C"", ""N"", ""C"", ""C"", ""C"", ""C"", ""N"", ""C"", ""O"", ""N"", ""C"", ""C"", ""C"", ""C"", ""C"", ""C"", ""C"", ""N"", ""C"", ""O"", ""N"", ""C"", ""C"", ""C"", ""H"", ""H"", ""H"", ""H"", ""H"", ""H"", ""H"", ""H"", ""H"", ""H"", ""H"", ""H"", ""H"", ""H"", ""O"", ""C"", ""N"", ""C"", ""C"", ""C"", ""C"", ""C"", ""C"", ""N"", ""C"", ""C"", ""C"", ""C"", ""N"", ""C"", ""O"", ""N"", ""C"", ""C"", ""C"", ""C"", ""C"", ""C"", ""C"", ""N"", ""C"", ""O"", ""N"", ""C"", ""C"", ""C"", ""H"", ""H"", ""H"", ""H"", ""H"", ""H"", ""H"", ""H"", ""H"", ""H"", ""H"", ""H"", ""H"", ""H""]",C92H56N24O12,"[true, true, true]","[18.513137692755187, 0.0, 0.0, 0.0, 18.513137692755187, 0.0, 0.0, 0.0, 18.87574400663746]",6469.402042041202,[],"{""cutoff=4.500_skin=0.000"": 3396, ""cutoff=4.500_skin=0.250"": 3976, ""cutoff=4.500_skin=0.500"": 4272, ""cutoff=4.500_skin=1.000"": 5104, ""cutoff=5.000_skin=0.000"": 4272, ""cutoff=5.000_skin=0.250"": 4608, ""cutoff=5.000_skin=0.500"": 5104, ""cutoff=5.000_skin=1.000"": 6024, ""cutoff=6.000_skin=0.000"": 6024, ""cutoff=6.000_skin=0.250"": 6528, ""cutoff=6.000_skin=0.500"": 7192, ""cutoff=6.000_skin=1.000"": 8712}",0.0,,
OPT-MIX4-R256-v1,ac99f7f235977b62c7f867154f16d24041ba7ae2e5440b90e4b316254257ab0c,OPT-MIX4-R256-v1:0043,Aven12_148_930_z1,1aaf0ca8f9b69e8b9c5f752c3fc6454daaa5fa33abfb663e4c813cf717ab967a,43,T2_test,Aven12_148_930_z1.cif,1eeb1b9622d44e4c7341c7a804e13af03ecbf0b9dbaba86777d7010091685284,1aaf0ca8f9b69e8b9c5f752c3fc6454daaa5fa33abfb663e4c813cf717ab967a,0,276,"[""O"", ""C"", ""N"", ""C"", ""C"", ""C"", ""C"", ""C"", ""C"", ""N"", ""C"", ""C"", ""C"", ""C"", ""N"", ""C"", ""O"", ""N"", ""C"", ""C"", ""C"", ""C"", ""C"", ""C"", ""C"", ""N"", ""C"", ""O"", ""N"", ""C"", ""C"", ""C"", ""H"", ""H"", ""H"", ""H"", ""H"", ""H"", ""H"", ""H"", ""H"", ""H"", ""H"", ""H"", ""H"", ""H"", ""O"", ""C"", ""N"", ""C"", ""C"", ""C"", ""C"", ""C"", ""C"", ""N"", ""C"", ""C"", ""C"", ""C"", ""N"", ""C"", ""O"", ""N"", ""C"", ""C"", ""C"", ""C"", ""C"", ""C"", ""C"", ""N"", ""C"", ""O"", ""N"", ""C"", ""C"", ""C"", ""H"", ""H"", ""H"", ""H"", ""H"", ""H"", ""H"", ""H"", ""H"", ""H"", ""H"", ""H"", ""H"", ""H"", ""O"", ""C"", ""N"", ""C"", ""C"", ""C"", ""C"", ""C"", ""C"", ""N"", ""C"", ""C"", ""C"", ""C"", ""N"", ""C"", ""O"", ""N"", ""C"", ""C"", ""C"", ""C"", ""C"", ""C"", ""C"", ""N"", ""C"", ""O"", ""N"", ""C"", ""C"", ""C"", ""H"", ""H"", ""H"", ""H"", ""H"", ""H"", ""H"", ""H"", ""H"", ""H"", ""H"", ""H"", ""H"", ""H"", ""O"", ""C"", ""N"", ""C"", ""C"", ""C"", ""C"", ""C"", ""C"", ""N"", ""C"", ""C"", ""C"", ""C"", ""N"", ""C"", ""O"", ""N"", ""C"", ""C"", ""C"", ""C"", ""C"", ""C"", ""C"", ""N"", ""C"", ""O"", ""N"", ""C"", ""C"", ""C"", ""H"", ""H"", ""H"", ""H"", ""H"", ""H"", ""H"", ""H"", ""H"", ""H"", ""H"", ""H"", ""H"", ""H"", ""O"", ""C"", ""N"", ""C"", ""C"", ""C"", ""C"", ""C"", ""C"", ""N"", ""C"", ""C"", ""C"", ""C"", ""N"", ""C"", ""O"", ""N"", ""C"", ""C"", ""C"", ""C"", ""C"", ""C"", ""C"", ""N"", ""C"", ""O"", ""N"", ""C"", ""C"", ""C"", ""H"", ""H"", ""H"", ""H"", ""H"", ""H"", ""H"", ""H"", ""H"", ""H"", ""H"", ""H"", ""H"", ""H"", ""O"", ""C"", ""N"", ""C"", ""C"", ""C"", ""C"", ""C"", ""C"", ""N"", ""C"", ""C"", ""C"", ""C"", ""N"", ""C"", ""O"", ""N"", ""C"", ""C"", ""C"", ""C"", ""C"", ""C"", ""C"", ""N"", ""C"", ""O"", ""N"", ""C"", ""C"", ""C"", ""H"", ""H"", ""H"", ""H"", ""H"", ""H"", ""H"", ""H"", ""H"", ""H"", ""H"", ""H"", ""H"", ""H""]",C138H84N36O18,"[true, true, true]","[27.086444309571746, 0.0, 0.0, -9.788569163822784, 25.25587810907768, 0.0, -9.788569163822784, -14.291865768527064, 20.82311100472246]",14244.922318490959,[],"{""cutoff=4.500_skin=0.000"": 4848, ""cutoff=4.500_skin=0.250"": 5568, ""cutoff=4.500_skin=0.500"": 5904, ""cutoff=4.500_skin=1.000"": 6840, ""cutoff=5.000_skin=0.000"": 5904, ""cutoff=5.000_skin=0.250"": 6288, ""cutoff=5.000_skin=0.500"": 6840, ""cutoff=5.000_skin=1.000"": 7962, ""cutoff=6.000_skin=0.000"": 7962, ""cutoff=6.000_skin=0.250"": 8466, ""cutoff=6.000_skin=0.500"": 9144, ""cutoff=6.000_skin=1.000"": 10752}",0.0,,
OPT-MIX4-R256-v1,ac99f7f235977b62c7f867154f16d24041ba7ae2e5440b90e4b316254257ab0c,OPT-MIX4-R256-v1:0044,Aven12_1_201_z1,e4265e6cbb26c246ea4f12f574d797df0d731243bc1960c73e80eee12c7f3c3f,44,T2_test,Aven12_1_201_z1.cif,672e60e02c98c3a8fa7305c8aeb8d432a31aeea57058f39a653c76311c7fa246,e4265e6cbb26c246ea4f12f574d797df0d731243bc1960c73e80eee12c7f3c3f,0,46,"[""O"", ""C"", ""N"", ""C"", ""C"", ""C"", ""C"", ""C"", ""C"", ""N"", ""C"", ""C"", ""C"", ""C"", ""N"", ""C"", ""O"", ""N"", ""C"", ""C"", ""C"", ""C"", ""C"", ""C"", ""C"", ""N"", ""C"", ""O"", ""N"", ""C"", ""C"", ""C"", ""H"", ""H"", ""H"", ""H"", ""H"", ""H"", ""H"", ""H"", ""H"", ""H"", ""H"", ""H"", ""H"", ""H""]",C23H14N6O3,"[true, true, true]","[14.27396552396625, 0.0, 0.0, -7.203432736167576, 11.69694600147498, 0.0, 3.2663559855091266, -1.9642347790198207, 8.489477862659248]",1417.418538634431,[],"{""cutoff=4.500_skin=0.000"": 858, ""cutoff=4.500_skin=0.250"": 988, ""cutoff=4.500_skin=0.500"": 1070, ""cutoff=4.500_skin=1.000"": 1282, ""cutoff=5.000_skin=0.000"": 1070, ""cutoff=5.000_skin=0.250"": 1172, ""cutoff=5.000_skin=0.500"": 1282, ""cutoff=5.000_skin=1.000"": 1542, ""cutoff=6.000_skin=0.000"": 1542, ""cutoff=6.000_skin=0.250"": 1662, ""cutoff=6.000_skin=0.500"": 1826, ""cutoff=6.000_skin=1.000"": 2230}",0.0,,
OPT-MIX4-R256-v1,ac99f7f235977b62c7f867154f16d24041ba7ae2e5440b90e4b316254257ab0c,OPT-MIX4-R256-v1:0045,Aven12_2_844_z1,2cb7af04c27d8539d9453d2a0b97d58242ff2b0155c2d7078dfd2e2b9b9f342b,45,T2_test,Aven12_2_844_z1.cif,0521c1a3bd91ec3b3bd96a935adf8706f94241073e47eae4c0c79c74b262848d,2cb7af04c27d8539d9453d2a0b97d58242ff2b0155c2d7078dfd2e2b9b9f342b,0,92,"[""O"", ""C"", ""N"", ""C"", ""C"", ""C"", ""C"", ""C"", ""C"", ""N"", ""C"", ""C"", ""C"", ""C"", ""N"", ""C"", ""O"", ""N"", ""C"", ""C"", ""C"", ""C"", ""C"", ""C"", ""C"", ""N"", ""C"", ""O"", ""N"", ""C"", ""C"", ""C"", ""H"", ""H"", ""H"", ""H"", ""H"", ""H"", ""H"", ""H"", ""H"", ""H"", ""H"", ""H"", ""H"", ""H"", ""O"", ""C"", ""N"", ""C"", ""C"", ""C"", ""C"", ""C"", ""C"", ""N"", ""C"", ""C"", ""C"", ""C"", ""N"", ""C"", ""O"", ""N"", ""C"", ""C"", ""C"", ""C"", ""C"", ""C"", ""C"", ""N"", ""C"", ""O"", ""N"", ""C"", ""C"", ""C"", ""H"", ""H"", ""H"", ""H"", ""H"", ""H"", ""H"", ""H"", ""H"", ""H"", ""H"", ""H"", ""H"", ""H""]",C46H28N12O6,"[true, true, true]","[13.726069547634282, 0.0, 0.0, -2.3307550262617682, 10.798392190124689, 0.0, -9.984494015619445, -10.530458920484019, 18.734599497635454]",2776.832636844137,[],"{""cutoff=4.500_skin=0.000"": 1678, ""cutoff=4.500_skin=0.250"": 1934, ""cutoff=4.500_skin=0.500"": 2094, ""cutoff=4.500_skin=1.000"": 2476, ""cutoff=5.000_skin=0.000"": 2094, ""cutoff=5.000_skin=0.250"": 2262, ""cutoff=5.000_skin=0.500"": 2476, ""cutoff=5.000_skin=1.000"": 2988, ""cutoff=6.000_skin=0.000"": 2988, ""cutoff=6.000_skin=0.250"": 3214, ""cutoff=6.000_skin=0.500"": 3530, ""cutoff=6.000_skin=1.000"": 4354}",0.0,,
OPT-MIX4-R256-v1,ac99f7f235977b62c7f867154f16d24041ba7ae2e5440b90e4b316254257ab0c,OPT-MIX4-R256-v1:0046,Aven12_19_103_z1,bf54f05bb959043fdabd5caa634f73ff91bfb72555fdf415116d0be4514fc7f5,46,T2_test,Aven12_19_103_z1.cif,80bc6d5d44a9720d6f90fac997b6afff240b5ea719fd4a0c536499e701116e23,bf54f05bb959043fdabd5caa634f73ff91bfb72555fdf415116d0be4514fc7f5,0,184,"[""O"", ""C"", ""N"", ""C"", ""C"", ""C"", ""C"", ""C"", ""C"", ""N"", ""C"", ""C"", ""C"", ""C"", ""N"", ""C"", ""O"", ""N"", ""C"", ""C"", ""C"", ""C"", ""C"", ""C"", ""C"", ""N"", ""C"", ""O"", ""N"", ""C"", ""C"", ""C"", ""H"", ""H"", ""H"", ""H"", ""H"", ""H"", ""H"", ""H"", ""H"", ""H"", ""H"", ""H"", ""H"", ""H"", ""O"", ""C"", ""N"", ""C"", ""C"", ""C"", ""C"", ""C"", ""C"", ""N"", ""C"", ""C"", ""C"", ""C"", ""N"", ""C"", ""O"", ""N"", ""C"", ""C"", ""C"", ""C"", ""C"", ""C"", ""C"", ""N"", ""C"", ""O"", ""N"", ""C"", ""C"", ""C"", ""H"", ""H"", ""H"", ""H"", ""H"", ""H"", ""H"", ""H"", ""H"", ""H"", ""H"", ""H"", ""H"", ""H"", ""O"", ""C"", ""N"", ""C"", ""C"", ""C"", ""C"", ""C"", ""C"", ""N"", ""C"", ""C"", ""C"", ""C"", ""N"", ""C"", ""O"", ""N"", ""C"", ""C"", ""C"", ""C"", ""C"", ""C"", ""C"", ""N"", ""C"", ""O"", ""N"", ""C"", ""C"", ""C"", ""H"", ""H"", ""H"", ""H"", ""H"", ""H"", ""H"", ""H"", ""H"", ""H"", ""H"", ""H"", ""H"", ""H"", ""O"", ""C"", ""N"", ""C"", ""C"", ""C"", ""C"", ""C"", ""C"", ""N"", ""C"", ""C"", ""C"", ""C"", ""N"", ""C"", ""O"", ""N"", ""C"", ""C"", ""C"", ""C"", ""C"", ""C"", ""C"", ""N"", ""C"", ""O"", ""N"", ""C"", ""C"", ""C"", ""H"", ""H"", ""H"", ""H"", ""H"", ""H"", ""H"", ""H"", ""H"", ""H"", ""H"", ""H"", ""H"", ""H""]",C92H56N24O12,"[true, true, true]","[12.980010092899544, 0.0, 0.0, 0.0, 20.989679842959262, 0.0, 0.0, 0.0, 19.216243901048195]",5235.3937092269525,[],"{""cutoff=4.500_skin=0.000"": 3400, ""cutoff=4.500_skin=0.250"": 3968, ""cutoff=4.500_skin=0.500"": 4408, ""cutoff=4.500_skin=1.000"": 5456, ""cutoff=5.000_skin=0.000"": 4408, ""cutoff=5.000_skin=0.250"": 4840, ""cutoff=5.000_skin=0.500"": 5456, ""cutoff=5.000_skin=1.000"": 6848, ""cutoff=6.000_skin=0.000"": 6848, ""cutoff=6.000_skin=0.250"": 7512, ""cutoff=6.000_skin=0.500"": 8352, ""cutoff=6.000_skin=1.000"": 10200}",0.0,,
OPT-MIX4-R256-v1,ac99f7f235977b62c7f867154f16d24041ba7ae2e5440b90e4b316254257ab0c,OPT-MIX4-R256-v1:0047,Aven12_148_551_z1,c61cc518cfb11c9a80f005e532a31b9d30ce92d0ca077ccd749779e52957da91,47,T2_test,Aven12_148_551_z1.cif,e6f9d25a1e422409f9a45cac3ccb721dc572d6f707a533fa9f93901d0df4f58c,c61cc518cfb11c9a80f005e532a31b9d30ce92d0ca077ccd749779e52957da91,0,276,"[""O"", ""C"", ""N"", ""C"", ""C"", ""C"", ""C"", ""C"", ""C"", ""N"", ""C"", ""C"", ""C"", ""C"", ""N"", ""C"", ""O"", ""N"", ""C"", ""C"", ""C"", ""C"", ""C"", ""C"", ""C"", ""N"", ""C"", ""O"", ""N"", ""C"", ""C"", ""C"", ""H"", ""H"", ""H"", ""H"", ""H"", ""H"", ""H"", ""H"", ""H"", ""H"", ""H"", ""H"", ""H"", ""H"", ""O"", ""C"", ""N"", ""C"", ""C"", ""C"", ""C"", ""C"", ""C"", ""N"", ""C"", ""C"", ""C"", ""C"", ""N"", ""C"", ""O"", ""N"", ""C"", ""C"", ""C"", ""C"", ""C"", ""C"", ""C"", ""N"", ""C"", ""O"", ""N"", ""C"", ""C"", ""C"", ""H"", ""H"", ""H"", ""H"", ""H"", ""H"", ""H"", ""H"", ""H"", ""H"", ""H"", ""H"", ""H"", ""H"", ""O"", ""C"", ""N"", ""C"", ""C"", ""C"", ""C"", ""C"", ""C"", ""N"", ""C"", ""C"", ""C"", ""C"", ""N"", ""C"", ""O"", ""N"", ""C"", ""C"", ""C"", ""C"", ""C"", ""C"", ""C"", ""N"", ""C"", ""O"", ""N"", ""C"", ""C"", ""C"", ""H"", ""H"", ""H"", ""H"", ""H"", ""H"", ""H"", ""H"", ""H"", ""H"", ""H"", ""H"", ""H"", ""H"", ""O"", ""C"", ""N"", ""C"", ""C"", ""C"", ""C"", ""C"", ""C"", ""N"", ""C"", ""C"", ""C"", ""C"", ""N"", ""C"", ""O"", ""N"", ""C"", ""C"", ""C"", ""C"", ""C"", ""C"", ""C"", ""N"", ""C"", ""O"", ""N"", ""C"", ""C"", ""C"", ""H"", ""H"", ""H"", ""H"", ""H"", ""H"", ""H"", ""H"", ""H"", ""H"", ""H"", ""H"", ""H"", ""H"", ""O"", ""C"", ""N"", ""C"", ""C"", ""C"", ""C"", ""C"", ""C"", ""N"", ""C"", ""C"", ""C"", ""C"", ""N"", ""C"", ""O"", ""N"", ""C"", ""C"", ""C"", ""C"", ""C"", ""C"", ""C"", ""N"", ""C"", ""O"", ""N"", ""C"", ""C"", ""C"", ""H"", ""H"", ""H"", ""H"", ""H"", ""H"", ""H"", ""H"", ""H"", ""H"", ""H"", ""H"", ""H"", ""H"", ""O"", ""C"", ""N"", ""C"", ""C"", ""C"", ""C"", ""C"", ""C"", ""N"", ""C"", ""C"", ""C"", ""C"", ""N"", ""C"", ""O"", ""N"", ""C"", ""C"", ""C"", ""C"", ""C"", ""C"", ""C"", ""N"", ""C"", ""O"", ""N"", ""C"", ""C"", ""C"", ""H"", ""H"", ""H"", ""H"", ""H"", ""H"", ""H"", ""H"", ""H"", ""H"", ""H"", ""H"", ""H"", ""H""]",C138H84N36O18,"[true, true, true]","[28.749692570113496, 0.0, 0.0, -7.949877309693066, 27.62868570230706, 0.0, -7.949877309693066, -10.559933288415772, 25.531002381047927]",20279.689305596054,[],"{""cutoff=4.500_skin=0.000"": 4764, ""cutoff=4.500_skin=0.250"": 5442, ""cutoff=4.500_skin=0.500"": 5778, ""cutoff=4.500_skin=1.000"": 6654, ""cutoff=5.000_skin=0.000"": 5778, ""cutoff=5.000_skin=0.250"": 6162, ""cutoff=5.000_skin=0.500"": 6654, ""cutoff=5.000_skin=1.000"": 7818, ""cutoff=6.000_skin=0.000"": 7818, ""cutoff=6.000_skin=0.250"": 8358, ""cutoff=6.000_skin=0.500"": 9054, ""cutoff=6.000_skin=1.000"": 10956}",0.0,,
OPT-MIX4-R256-v1,ac99f7f235977b62c7f867154f16d24041ba7ae2e5440b90e4b316254257ab0c,OPT-MIX4-R256-v1:0048,Aven12_1_234_z1,943fe74311b74c6c9209699c9b66577ce5ace4938cd542aeb9fc77ab3392bebd,48,T2_test,Aven12_1_234_z1.cif,5fe8d8aed5fe198101f703de1eb1d2bc5d145a6d535bf24deb25d595bea1c887,943fe74311b74c6c9209699c9b66577ce5ace4938cd542aeb9fc77ab3392bebd,0,46,"[""O"", ""C"", ""N"", ""C"", ""C"", ""C"", ""C"", ""C"", ""C"", ""N"", ""C"", ""C"", ""C"", ""C"", ""N"", ""C"", ""O"", ""N"", ""C"", ""C"", ""C"", ""C"", ""C"", ""C"", ""C"", ""N"", ""C"", ""O"", ""N"", ""C"", ""C"", ""C"", ""H"", ""H"", ""H"", ""H"", ""H"", ""H"", ""H"", ""H"", ""H"", ""H"", ""H"", ""H"", ""H"", ""H""]",C23H14N6O3,"[true, true, true]","[12.142634161509797, 0.0, 0.0, -6.962160269339508, 9.850206654575098, 0.0, 1.9617904901454228, -7.257623307114474, 9.841096873816962]",1177.0685595728676,[],"{""cutoff=4.500_skin=0.000"": 848, ""cutoff=4.500_skin=0.250"": 988, ""cutoff=4.500_skin=0.500"": 1084, ""cutoff=4.500_skin=1.000"": 1340, ""cutoff=5.000_skin=0.000"": 1084, ""cutoff=5.000_skin=0.250"": 1204, ""cutoff=5.000_skin=0.500"": 1340, ""cutoff=5.000_skin=1.000"": 1648, ""cutoff=6.000_skin=0.000"": 1648, ""cutoff=6.000_skin=0.250"": 1786, ""cutoff=6.000_skin=0.500"": 1990, ""cutoff=6.000_skin=1.000"": 2492}",0.0,,
OPT-MIX4-R256-v1,ac99f7f235977b62c7f867154f16d24041ba7ae2e5440b90e4b316254257ab0c,OPT-MIX4-R256-v1:0049,Aven12_2_2105_z1,65837d8ec9630477d1a491b6ad760695410501d06a42b00ba1405368ebce49f6,49,T2_test,Aven12_2_2105_z1.cif,00d8882f8b60f4e1fe1fa4acfd7b86cd6a0f7ede9b900ba46933a41a11bf8ad2,65837d8ec9630477d1a491b6ad760695410501d06a42b00ba1405368ebce49f6,0,92,"[""O"", ""C"", ""N"", ""C"", ""C"", ""C"", ""C"", ""C"", ""C"", ""N"", ""C"", ""C"", ""C"", ""C"", ""N"", ""C"", ""O"", ""N"", ""C"", ""C"", ""C"", ""C"", ""C"", ""C"", ""C"", ""N"", ""C"", ""O"", ""N"", ""C"", ""C"", ""C"", ""H"", ""H"", ""H"", ""H"", ""H"", ""H"", ""H"", ""H"", ""H"", ""H"", ""H"", ""H"", ""H"", ""H"", ""O"", ""C"", ""N"", ""C"", ""C"", ""C"", ""C"", ""C"", ""C"", ""N"", ""C"", ""C"", ""C"", ""C"", ""N"", ""C"", ""O"", ""N"", ""C"", ""C"", ""C"", ""C"", ""C"", ""C"", ""C"", ""N"", ""C"", ""O"", ""N"", ""C"", ""C"", ""C"", ""H"", ""H"", ""H"", ""H"", ""H"", ""H"", ""H"", ""H"", ""H"", ""H"", ""H"", ""H"", ""H"", ""H""]",C46H28N12O6,"[true, true, true]","[12.367941155539105, 0.0, 0.0, -2.2119027038577994, 13.552837150287456, 0.0, 1.7409552966432975, 6.340345036474037, 11.929691258479794]",1999.6631084513615,[],"{""cutoff=4.500_skin=0.000"": 1826, ""cutoff=4.500_skin=0.250"": 2176, ""cutoff=4.500_skin=0.500"": 2424, ""cutoff=4.500_skin=1.000"": 2998, ""cutoff=5.000_skin=0.000"": 2424, ""cutoff=5.000_skin=0.250"": 2706, ""cutoff=5.000_skin=0.500"": 2998, ""cutoff=5.000_skin=1.000"": 3774, ""cutoff=6.000_skin=0.000"": 3774, ""cutoff=6.000_skin=0.250"": 4170, ""cutoff=6.000_skin=0.500"": 4690, ""cutoff=6.000_skin=1.000"": 5942}",0.0,,
OPT-MIX4-R256-v1,ac99f7f235977b62c7f867154f16d24041ba7ae2e5440b90e4b316254257ab0c,OPT-MIX4-R256-v1:0050,Aven12_19_37_z1,6062a6fbd72667e25e44fcad140550a90c9ea91569e293e0b282a54719abfdcd,50,T2_test,Aven12_19_37_z1.cif,b9aa18b984dbbb033b4aa277494d3db2e2bd30587984ec3b0c16c12993bc8d76,6062a6fbd72667e25e44fcad140550a90c9ea91569e293e0b282a54719abfdcd,0,184,"[""O"", ""C"", ""N"", ""C"", ""C"", ""C"", ""C"", ""C"", ""C"", ""N"", ""C"", ""C"", ""C"", ""C"", ""N"", ""C"", ""O"", ""N"", ""C"", ""C"", ""C"", ""C"", ""C"", ""C"", ""C"", ""N"", ""C"", ""O"", ""N"", ""C"", ""C"", ""C"", ""H"", ""H"", ""H"", ""H"", ""H"", ""H"", ""H"", ""H"", ""H"", ""H"", ""H"", ""H"", ""H"", ""H"", ""O"", ""C"", ""N"", ""C"", ""C"", ""C"", ""C"", ""C"", ""C"", ""N"", ""C"", ""C"", ""C"", ""C"", ""N"", ""C"", ""O"", ""N"", ""C"", ""C"", ""C"", ""C"", ""C"", ""C"", ""C"", ""N"", ""C"", ""O"", ""N"", ""C"", ""C"", ""C"", ""H"", ""H"", ""H"", ""H"", ""H"", ""H"", ""H"", ""H"", ""H"", ""H"", ""H"", ""H"", ""H"", ""H"", ""O"", ""C"", ""N"", ""C"", ""C"", ""C"", ""C"", ""C"", ""C"", ""N"", ""C"", ""C"", ""C"", ""C"", ""N"", ""C"", ""O"", ""N"", ""C"", ""C"", ""C"", ""C"", ""C"", ""C"", ""C"", ""N"", ""C"", ""O"", ""N"", ""C"", ""C"", ""C"", ""H"", ""H"", ""H"", ""H"", ""H"", ""H"", ""H"", ""H"", ""H"", ""H"", ""H"", ""H"", ""H"", ""H"", ""O"", ""C"", ""N"", ""C"", ""C"", ""C"", ""C"", ""C"", ""C"", ""N"", ""C"", ""C"", ""C"", ""C"", ""N"", ""C"", ""O"", ""N"", ""C"", ""C"", ""C"", ""C"", ""C"", ""C"", ""C"", ""N"", ""C"", ""O"", ""N"", ""C"", ""C"", ""C"", ""H"", ""H"", ""H"", ""H"", ""H"", ""H"", ""H"", ""H"", ""H"", ""H"", ""H"", ""H"", ""H"", ""H""]",C92H56N24O12,"[true, true, true]","[28.528334307822192, 0.0, 0.0, 0.0, 15.312777718736715, 0.0, 0.0, 0.0, 23.170289038395786]",10121.895397641607,[],"{""cutoff=4.500_skin=0.000"": 3288, ""cutoff=4.500_skin=0.250"": 3752, ""cutoff=4.500_skin=0.500"": 4016, ""cutoff=4.500_skin=1.000"": 4664, ""cutoff=5.000_skin=0.000"": 4016, ""cutoff=5.000_skin=0.250"": 4280, ""cutoff=5.000_skin=0.500"": 4664, ""cutoff=5.000_skin=1.000"": 5440, ""cutoff=6.000_skin=0.000"": 5440, ""cutoff=6.000_skin=0.250"": 5784, ""cutoff=6.000_skin=0.500"": 6296, ""cutoff=6.000_skin=1.000"": 7360}",0.0,,
OPT-MIX4-R256-v1,ac99f7f235977b62c7f867154f16d24041ba7ae2e5440b90e4b316254257ab0c,OPT-MIX4-R256-v1:0051,Aven12_148_452_z1,d6e9aaabd2322b058b174847192bbbd951c4be7a04766ce79f5994e4eb1737a1,51,T2_test,Aven12_148_452_z1.cif,09e7af154b6211d9f5f8a20c4038b058bb5fdcb1491ffeebdcced39b71a4fa37,d6e9aaabd2322b058b174847192bbbd951c4be7a04766ce79f5994e4eb1737a1,0,276,"[""O"", ""C"", ""N"", ""C"", ""C"", ""C"", ""C"", ""C"", ""C"", ""N"", ""C"", ""C"", ""C"", ""C"", ""N"", ""C"", ""O"", ""N"", ""C"", ""C"", ""C"", ""C"", ""C"", ""C"", ""C"", ""N"", ""C"", ""O"", ""N"", ""C"", ""C"", ""C"", ""H"", ""H"", ""H"", ""H"", ""H"", ""H"", ""H"", ""H"", ""H"", ""H"", ""H"", ""H"", ""H"", ""H"", ""O"", ""C"", ""N"", ""C"", ""C"", ""C"", ""C"", ""C"", ""C"", ""N"", ""C"", ""C"", ""C"", ""C"", ""N"", ""C"", ""O"", ""N"", ""C"", ""C"", ""C"", ""C"", ""C"", ""C"", ""C"", ""N"", ""C"", ""O"", ""N"", ""C"", ""C"", ""C"", ""H"", ""H"", ""H"", ""H"", ""H"", ""H"", ""H"", ""H"", ""H"", ""H"", ""H"", ""H"", ""H"", ""H"", ""O"", ""C"", ""N"", ""C"", ""C"", ""C"", ""C"", ""C"", ""C"", ""N"", ""C"", ""C"", ""C"", ""C"", ""N"", ""C"", ""O"", ""N"", ""C"", ""C"", ""C"", ""C"", ""C"", ""C"", ""C"", ""N"", ""C"", ""O"", ""N"", ""C"", ""C"", ""C"", ""H"", ""H"", ""H"", ""H"", ""H"", ""H"", ""H"", ""H"", ""H"", ""H"", ""H"", ""H"", ""H"", ""H"", ""O"", ""C"", ""N"", ""C"", ""C"", ""C"", ""C"", ""C"", ""C"", ""N"", ""C"", ""C"", ""C"", ""C"", ""N"", ""C"", ""O"", ""N"", ""C"", ""C"", ""C"", ""C"", ""C"", ""C"", ""C"", ""N"", ""C"", ""O"", ""N"", ""C"", ""C"", ""C"", ""H"", ""H"", ""H"", ""H"", ""H"", ""H"", ""H"", ""H"", ""H"", ""H"", ""H"", ""H"", ""H"", ""H"", ""O"", ""C"", ""N"", ""C"", ""C"", ""C"", ""C"", ""C"", ""C"", ""N"", ""C"", ""C"", ""C"", ""C"", ""N"", ""C"", ""O"", ""N"", ""C"", ""C"", ""C"", ""C"", ""C"", ""C"", ""C"", ""N"", ""C"", ""O"", ""N"", ""C"", ""C"", ""C"", ""H"", ""H"", ""H"", ""H"", ""H"", ""H"", ""H"", ""H"", ""H"", ""H"", ""H"", ""H"", ""H"", ""H"", ""O"", ""C"", ""N"", ""C"", ""C"", ""C"", ""C"", ""C"", ""C"", ""N"", ""C"", ""C"", ""C"", ""C"", ""N"", ""C"", ""O"", ""N"", ""C"", ""C"", ""C"", ""C"", ""C"", ""C"", ""C"", ""N"", ""C"", ""O"", ""N"", ""C"", ""C"", ""C"", ""H"", ""H"", ""H"", ""H"", ""H"", ""H"", ""H"", ""H"", ""H"", ""H"", ""H"", ""H"", ""H"", ""H""]",C138H84N36O18,"[true, true, true]","[22.924697812028718, 0.0, 0.0, 7.131510341412568, 21.787228598955856, 0.0, 7.131510341412568, 5.169509249834749, 21.165053842100967]",10571.216989170476,[],"{""cutoff=4.500_skin=0.000"": 4884, ""cutoff=4.500_skin=0.250"": 5766, ""cutoff=4.500_skin=0.500"": 6414, ""cutoff=4.500_skin=1.000"": 7614, ""cutoff=5.000_skin=0.000"": 6414, ""cutoff=5.000_skin=0.250"": 6936, ""cutoff=5.000_skin=0.500"": 7614, ""cutoff=5.000_skin=1.000"": 9270, ""cutoff=6.000_skin=0.000"": 9270, ""cutoff=6.000_skin=0.250"": 9876, ""cutoff=6.000_skin=0.500"": 10686, ""cutoff=6.000_skin=1.000"": 12774}",0.0,,
OPT-MIX4-R256-v1,ac99f7f235977b62c7f867154f16d24041ba7ae2e5440b90e4b316254257ab0c,OPT-MIX4-R256-v1:0052,Aven12_1_367_z1,b9a2444bddecc118dbbea720ea2706dcdf89b37aad155a5988615fd5470d249f,52,T2_test,Aven12_1_367_z1.cif,5601dcd79020e0f4d00a90b46d2fdc858eb37a149d4dc472ef37dca838394fe9,b9a2444bddecc118dbbea720ea2706dcdf89b37aad155a5988615fd5470d249f,0,46,"[""O"", ""C"", ""N"", ""C"", ""C"", ""C"", ""C"", ""C"", ""C"", ""N"", ""C"", ""C"", ""C"", ""C"", ""N"", ""C"", ""O"", ""N"", ""C"", ""C"", ""C"", ""C"", ""C"", ""C"", ""C"", ""N"", ""C"", ""O"", ""N"", ""C"", ""C"", ""C"", ""H"", ""H"", ""H"", ""H"", ""H"", ""H"", ""H"", ""H"", ""H"", ""H"", ""H"", ""H"", ""H"", ""H""]",C23H14N6O3,"[true, true, true]","[8.047060169938034, 0.0, 0.0, -5.582434996482303, 13.820568586782198, 0.0, 0.3738776950883024, -1.7404616289633605, 11.329717062270246]",1260.0338826120872,[],"{""cutoff=4.500_skin=0.000"": 872, ""cutoff=4.500_skin=0.250"": 1022, ""cutoff=4.500_skin=0.500"": 1130, ""cutoff=4.500_skin=1.000"": 1384, ""cutoff=5.000_skin=0.000"": 1130, ""cutoff=5.000_skin=0.250"": 1250, ""cutoff=5.000_skin=0.500"": 1384, ""cutoff=5.000_skin=1.000"": 1724, ""cutoff=6.000_skin=0.000"": 1724, ""cutoff=6.000_skin=0.250"": 1930, ""cutoff=6.000_skin=0.500"": 2136, ""cutoff=6.000_skin=1.000"": 2640}",0.0,,
OPT-MIX4-R256-v1,ac99f7f235977b62c7f867154f16d24041ba7ae2e5440b90e4b316254257ab0c,OPT-MIX4-R256-v1:0053,Aven12_2_1571_z1,683582fc814566b94462d3465c091521330ce68c1f28325b912eae477039f238,53,T2_test,Aven12_2_1571_z1.cif,02718a749c51ae2f41f3fee99d6c753fe6b50bf229787e12feb6a441ce5c2f2f,683582fc814566b94462d3465c091521330ce68c1f28325b912eae477039f238,0,92,"[""O"", ""C"", ""N"", ""C"", ""C"", ""C"", ""C"", ""C"", ""C"", ""N"", ""C"", ""C"", ""C"", ""C"", ""N"", ""C"", ""O"", ""N"", ""C"", ""C"", ""C"", ""C"", ""C"", ""C"", ""C"", ""N"", ""C"", ""O"", ""N"", ""C"", ""C"", ""C"", ""H"", ""H"", ""H"", ""H"", ""H"", ""H"", ""H"", ""H"", ""H"", ""H"", ""H"", ""H"", ""H"", ""H"", ""O"", ""C"", ""N"", ""C"", ""C"", ""C"", ""C"", ""C"", ""C"", ""N"", ""C"", ""C"", ""C"", ""C"", ""N"", ""C"", ""O"", ""N"", ""C"", ""C"", ""C"", ""C"", ""C"", ""C"", ""C"", ""N"", ""C"", ""O"", ""N"", ""C"", ""C"", ""C"", ""H"", ""H"", ""H"", ""H"", ""H"", ""H"", ""H"", ""H"", ""H"", ""H"", ""H"", ""H"", ""H"", ""H""]",C46H28N12O6,"[true, true, true]","[13.09920918839228, 0.0, 0.0, -2.890240062986424, 14.33495420842346, 0.0, -3.910813318711664, 2.036079917049334, 12.561790030349757]",2358.8097681082904,[],"{""cutoff=4.500_skin=0.000"": 1818, ""cutoff=4.500_skin=0.250"": 2122, ""cutoff=4.500_skin=0.500"": 2340, ""cutoff=4.500_skin=1.000"": 2780, ""cutoff=5.000_skin=0.000"": 2340, ""cutoff=5.000_skin=0.250"": 2572, ""cutoff=5.000_skin=0.500"": 2780, ""cutoff=5.000_skin=1.000"": 3424, ""cutoff=6.000_skin=0.000"": 3424, ""cutoff=6.000_skin=0.250"": 3732, ""cutoff=6.000_skin=0.500"": 4108, ""cutoff=6.000_skin=1.000"": 5308}",0.0,,
OPT-MIX4-R256-v1,ac99f7f235977b62c7f867154f16d24041ba7ae2e5440b90e4b316254257ab0c,OPT-MIX4-R256-v1:0054,Aven12_14_868_z1,452a03e812755a48dc8c898c408916a328e3f8c3e21363d2192a1f0cfacd3ac0,54,T2_test,Aven12_14_868_z1.cif,77d0691439ab70ed9df0ead79308bbaaed19354ca57168e4c0d6bdc669e6a8b1,452a03e812755a48dc8c898c408916a328e3f8c3e21363d2192a1f0cfacd3ac0,0,184,"[""O"", ""C"", ""N"", ""C"", ""C"", ""C"", ""C"", ""C"", ""C"", ""N"", ""C"", ""C"", ""C"", ""C"", ""N"", ""C"", ""O"", ""N"", ""C"", ""C"", ""C"", ""C"", ""C"", ""C"", ""C"", ""N"", ""C"", ""O"", ""N"", ""C"", ""C"", ""C"", ""H"", ""H"", ""H"", ""H"", ""H"", ""H"", ""H"", ""H"", ""H"", ""H"", ""H"", ""H"", ""H"", ""H"", ""O"", ""C"", ""N"", ""C"", ""C"", ""C"", ""C"", ""C"", ""C"", ""N"", ""C"", ""C"", ""C"", ""C"", ""N"", ""C"", ""O"", ""N"", ""C"", ""C"", ""C"", ""C"", ""C"", ""C"", ""C"", ""N"", ""C"", ""O"", ""N"", ""C"", ""C"", ""C"", ""H"", ""H"", ""H"", ""H"", ""H"", ""H"", ""H"", ""H"", ""H"", ""H"", ""H"", ""H"", ""H"", ""H"", ""O"", ""C"", ""N"", ""C"", ""C"", ""C"", ""C"", ""C"", ""C"", ""N"", ""C"", ""C"", ""C"", ""C"", ""N"", ""C"", ""O"", ""N"", ""C"", ""C"", ""C"", ""C"", ""C"", ""C"", ""C"", ""N"", ""C"", ""O"", ""N"", ""C"", ""C"", ""C"", ""H"", ""H"", ""H"", ""H"", ""H"", ""H"", ""H"", ""H"", ""H"", ""H"", ""H"", ""H"", ""H"", ""H"", ""O"", ""C"", ""N"", ""C"", ""C"", ""C"", ""C"", ""C"", ""C"", ""N"", ""C"", ""C"", ""C"", ""C"", ""N"", ""C"", ""O"", ""N"", ""C"", ""C"", ""C"", ""C"", ""C"", ""C"", ""C"", ""N"", ""C"", ""O"", ""N"", ""C"", ""C"", ""C"", ""H"", ""H"", ""H"", ""H"", ""H"", ""H"", ""H"", ""H"", ""H"", ""H"", ""H"", ""H"", ""H"", ""H""]",C92H56N24O12,"[true, true, true]","[8.559713342992048, 0.0, 0.0, 0.0, 26.555400983246344, 0.0, -0.39802212033890605, 0.0, 26.343044100147555]",5987.948318203042,[],"{""cutoff=4.500_skin=0.000"": 3376, ""cutoff=4.500_skin=0.250"": 3840, ""cutoff=4.500_skin=0.500"": 4144, ""cutoff=4.500_skin=1.000"": 4924, ""cutoff=5.000_skin=0.000"": 4144, ""cutoff=5.000_skin=0.250"": 4448, ""cutoff=5.000_skin=0.500"": 4924, ""cutoff=5.000_skin=1.000"": 6028, ""cutoff=6.000_skin=0.000"": 6028, ""cutoff=6.000_skin=0.250"": 6532, ""cutoff=6.000_skin=0.500"": 7228, ""cutoff=6.000_skin=1.000"": 8960}",0.0,,
OPT-MIX4-R256-v1,ac99f7f235977b62c7f867154f16d24041ba7ae2e5440b90e4b316254257ab0c,OPT-MIX4-R256-v1:0055,Aven12_148_2142_z1,92ac12f3623218ad4916fd9d29ddc769fc5d7d8e322cc1e5a477e159a643d69f,55,T2_test,Aven12_148_2142_z1.cif,38852ad529ff9e49ee7d2708557cf7dc3b7722f08e3e364eecc403f399dd409f,92ac12f3623218ad4916fd9d29ddc769fc5d7d8e322cc1e5a477e159a643d69f,0,276,"[""O"", ""C"", ""N"", ""C"", ""C"", ""C"", ""C"", ""C"", ""C"", ""N"", ""C"", ""C"", ""C"", ""C"", ""N"", ""C"", ""O"", ""N"", ""C"", ""C"", ""C"", ""C"", ""C"", ""C"", ""C"", ""N"", ""C"", ""O"", ""N"", ""C"", ""C"", ""C"", ""H"", ""H"", ""H"", ""H"", ""H"", ""H"", ""H"", ""H"", ""H"", ""H"", ""H"", ""H"", ""H"", ""H"", ""O"", ""C"", ""N"", ""C"", ""C"", ""C"", ""C"", ""C"", ""C"", ""N"", ""C"", ""C"", ""C"", ""C"", ""N"", ""C"", ""O"", ""N"", ""C"", ""C"", ""C"", ""C"", ""C"", ""C"", ""C"", ""N"", ""C"", ""O"", ""N"", ""C"", ""C"", ""C"", ""H"", ""H"", ""H"", ""H"", ""H"", ""H"", ""H"", ""H"", ""H"", ""H"", ""H"", ""H"", ""H"", ""H"", ""O"", ""C"", ""N"", ""C"", ""C"", ""C"", ""C"", ""C"", ""C"", ""N"", ""C"", ""C"", ""C"", ""C"", ""N"", ""C"", ""O"", ""N"", ""C"", ""C"", ""C"", ""C"", ""C"", ""C"", ""C"", ""N"", ""C"", ""O"", ""N"", ""C"", ""C"", ""C"", ""H"", ""H"", ""H"", ""H"", ""H"", ""H"", ""H"", ""H"", ""H"", ""H"", ""H"", ""H"", ""H"", ""H"", ""O"", ""C"", ""N"", ""C"", ""C"", ""C"", ""C"", ""C"", ""C"", ""N"", ""C"", ""C"", ""C"", ""C"", ""N"", ""C"", ""O"", ""N"", ""C"", ""C"", ""C"", ""C"", ""C"", ""C"", ""C"", ""N"", ""C"", ""O"", ""N"", ""C"", ""C"", ""C"", ""H"", ""H"", ""H"", ""H"", ""H"", ""H"", ""H"", ""H"", ""H"", ""H"", ""H"", ""H"", ""H"", ""H"", ""O"", ""C"", ""N"", ""C"", ""C"", ""C"", ""C"", ""C"", ""C"", ""N"", ""C"", ""C"", ""C"", ""C"", ""N"", ""C"", ""O"", ""N"", ""C"", ""C"", ""C"", ""C"", ""C"", ""C"", ""C"", ""N"", ""C"", ""O"", ""N"", ""C"", ""C"", ""C"", ""H"", ""H"", ""H"", ""H"", ""H"", ""H"", ""H"", ""H"", ""H"", ""H"", ""H"", ""H"", ""H"", ""H"", ""O"", ""C"", ""N"", ""C"", ""C"", ""C"", ""C"", ""C"", ""C"", ""N"", ""C"", ""C"", ""C"", ""C"", ""N"", ""C"", ""O"", ""N"", ""C"", ""C"", ""C"", ""C"", ""C"", ""C"", ""C"", ""N"", ""C"", ""O"", ""N"", ""C"", ""C"", ""C"", ""H"", ""H"", ""H"", ""H"", ""H"", ""H"", ""H"", ""H"", ""H"", ""H"", ""H"", ""H"", ""H"", ""H""]",C138H84N36O18,"[true, true, true]","[27.183910838100843, 0.0, 0.0, -4.0590860603412535, 26.879152308221325, 0.0, -4.0590860603412535, -4.718080828574436, 26.461831797961345]",19335.14395320934,[],"{""cutoff=4.500_skin=0.000"": 4770, ""cutoff=4.500_skin=0.250"": 5442, ""cutoff=4.500_skin=0.500"": 5754, ""cutoff=4.500_skin=1.000"": 6618, ""cutoff=5.000_skin=0.000"": 5754, ""cutoff=5.000_skin=0.250"": 6150, ""cutoff=5.000_skin=0.500"": 6618, ""cutoff=5.000_skin=1.000"": 7782, ""cutoff=6.000_skin=0.000"": 7782, ""cutoff=6.000_skin=0.250"": 8262, ""cutoff=6.000_skin=0.500"": 8994, ""cutoff=6.000_skin=1.000"": 10506}",0.0,,
OPT-MIX4-R256-v1,ac99f7f235977b62c7f867154f16d24041ba7ae2e5440b90e4b316254257ab0c,OPT-MIX4-R256-v1:0056,Aven12_1_18_z1,f350bad6c00ed867363a2118fa330f338f7e0b7d481fed20551d6c05f95d91ac,56,T2_test,Aven12_1_18_z1.cif,d8d84fc7c6556a9f4da68df15a4dd72b6ea0688e7dcadf7388e245fbb837b6ec,f350bad6c00ed867363a2118fa330f338f7e0b7d481fed20551d6c05f95d91ac,0,46,"[""O"", ""C"", ""N"", ""C"", ""C"", ""C"", ""C"", ""C"", ""C"", ""N"", ""C"", ""C"", ""C"", ""C"", ""N"", ""C"", ""O"", ""N"", ""C"", ""C"", ""C"", ""C"", ""C"", ""C"", ""C"", ""N"", ""C"", ""O"", ""N"", ""C"", ""C"", ""C"", ""H"", ""H"", ""H"", ""H"", ""H"", ""H"", ""H"", ""H"", ""H"", ""H"", ""H"", ""H"", ""H"", ""H""]",C23H14N6O3,"[true, true, true]","[12.974699902569348, 0.0, 0.0, -1.1187716737681497, 13.459896326700399, 0.0, -2.722704166889445, -7.735726867568401, 7.616498984942704]",1330.131029884636,[],"{""cutoff=4.500_skin=0.000"": 842, ""cutoff=4.500_skin=0.250"": 970, ""cutoff=4.500_skin=0.500"": 1056, ""cutoff=4.500_skin=1.000"": 1260, ""cutoff=5.000_skin=0.000"": 1056, ""cutoff=5.000_skin=0.250"": 1144, ""cutoff=5.000_skin=0.500"": 1260, ""cutoff=5.000_skin=1.000"": 1546, ""cutoff=6.000_skin=0.000"": 1546, ""cutoff=6.000_skin=0.250"": 1696, ""cutoff=6.000_skin=0.500"": 1864, ""cutoff=6.000_skin=1.000"": 2268}",0.0,,
OPT-MIX4-R256-v1,ac99f7f235977b62c7f867154f16d24041ba7ae2e5440b90e4b316254257ab0c,OPT-MIX4-R256-v1:0057,Aven12_2_1204_z1,f35b17e2b05312dff04c7031a82f78e7bf8eb4e91e880ddb23e42a6774e13195,57,T2_test,Aven12_2_1204_z1.cif,aa2e070ceabccb56097788c7cf83bd31a84e461a84245e4df7be88663129415a,f35b17e2b05312dff04c7031a82f78e7bf8eb4e91e880ddb23e42a6774e13195,0,92,"[""O"", ""C"", ""N"", ""C"", ""C"", ""C"", ""C"", ""C"", ""C"", ""N"", ""C"", ""C"", ""C"", ""C"", ""N"", ""C"", ""O"", ""N"", ""C"", ""C"", ""C"", ""C"", ""C"", ""C"", ""C"", ""N"", ""C"", ""O"", ""N"", ""C"", ""C"", ""C"", ""H"", ""H"", ""H"", ""H"", ""H"", ""H"", ""H"", ""H"", ""H"", ""H"", ""H"", ""H"", ""H"", ""H"", ""O"", ""C"", ""N"", ""C"", ""C"", ""C"", ""C"", ""C"", ""C"", ""N"", ""C"", ""C"", ""C"", ""C"", ""N"", ""C"", ""O"", ""N"", ""C"", ""C"", ""C"", ""C"", ""C"", ""C"", ""C"", ""N"", ""C"", ""O"", ""N"", ""C"", ""C"", ""C"", ""H"", ""H"", ""H"", ""H"", ""H"", ""H"", ""H"", ""H"", ""H"", ""H"", ""H"", ""H"", ""H"", ""H""]",C46H28N12O6,"[true, true, true]","[25.742984900926743, 0.0, 0.0, 2.017516507474189, 11.068953352009423, 0.0, -2.5230716678824527, -0.7820315668649851, 9.44156506959742]",2690.354129946488,[],"{""cutoff=4.500_skin=0.000"": 1770, ""cutoff=4.500_skin=0.250"": 2042, ""cutoff=4.500_skin=0.500"": 2206, ""cutoff=4.500_skin=1.000"": 2736, ""cutoff=5.000_skin=0.000"": 2206, ""cutoff=5.000_skin=0.250"": 2442, ""cutoff=5.000_skin=0.500"": 2736, ""cutoff=5.000_skin=1.000"": 3422, ""cutoff=6.000_skin=0.000"": 3422, ""cutoff=6.000_skin=0.250"": 3764, ""cutoff=6.000_skin=0.500"": 4194, ""cutoff=6.000_skin=1.000"": 5198}",0.0,,
OPT-MIX4-R256-v1,ac99f7f235977b62c7f867154f16d24041ba7ae2e5440b90e4b316254257ab0c,OPT-MIX4-R256-v1:0058,Aven12_9_465_z1,932914a679748dbfda46407a3fe8d09ed9dc54826cd2f9c55ee88547fb6b6a4c,58,T2_test,Aven12_9_465_z1.cif,d6ff38a2fc8f241c98eeaa2394559036768b2f013fa7942bc7b5277bb58520ff,932914a679748dbfda46407a3fe8d09ed9dc54826cd2f9c55ee88547fb6b6a4c,0,184,"[""O"", ""C"", ""N"", ""C"", ""C"", ""C"", ""C"", ""C"", ""C"", ""N"", ""C"", ""C"", ""C"", ""C"", ""N"", ""C"", ""O"", ""N"", ""C"", ""C"", ""C"", ""C"", ""C"", ""C"", ""C"", ""N"", ""C"", ""O"", ""N"", ""C"", ""C"", ""C"", ""H"", ""H"", ""H"", ""H"", ""H"", ""H"", ""H"", ""H"", ""H"", ""H"", ""H"", ""H"", ""H"", ""H"", ""O"", ""C"", ""N"", ""C"", ""C"", ""C"", ""C"", ""C"", ""C"", ""N"", ""C"", ""C"", ""C"", ""C"", ""N"", ""C"", ""O"", ""N"", ""C"", ""C"", ""C"", ""C"", ""C"", ""C"", ""C"", ""N"", ""C"", ""O"", ""N"", ""C"", ""C"", ""C"", ""H"", ""H"", ""H"", ""H"", ""H"", ""H"", ""H"", ""H"", ""H"", ""H"", ""H"", ""H"", ""H"", ""H"", ""O"", ""C"", ""N"", ""C"", ""C"", ""C"", ""C"", ""C"", ""C"", ""N"", ""C"", ""C"", ""C"", ""C"", ""N"", ""C"", ""O"", ""N"", ""C"", ""C"", ""C"", ""C"", ""C"", ""C"", ""C"", ""N"", ""C"", ""O"", ""N"", ""C"", ""C"", ""C"", ""H"", ""H"", ""H"", ""H"", ""H"", ""H"", ""H"", ""H"", ""H"", ""H"", ""H"", ""H"", ""H"", ""H"", ""O"", ""C"", ""N"", ""C"", ""C"", ""C"", ""C"", ""C"", ""C"", ""N"", ""C"", ""C"", ""C"", ""C"", ""N"", ""C"", ""O"", ""N"", ""C"", ""C"", ""C"", ""C"", ""C"", ""C"", ""C"", ""N"", ""C"", ""O"", ""N"", ""C"", ""C"", ""C"", ""H"", ""H"", ""H"", ""H"", ""H"", ""H"", ""H"", ""H"", ""H"", ""H"", ""H"", ""H"", ""H"", ""H""]",C92H56N24O12,"[true, true, true]","[17.528984571281843, 0.0, 0.0, 0.0, 19.45267081200317, 0.0, 8.556470303048243, 0.0, 12.655464141420042]",4315.330610010665,[],"{""cutoff=4.500_skin=0.000"": 3536, ""cutoff=4.500_skin=0.250"": 4136, ""cutoff=4.500_skin=0.500"": 4536, ""cutoff=4.500_skin=1.000"": 5488, ""cutoff=5.000_skin=0.000"": 4536, ""cutoff=5.000_skin=0.250"": 4952, ""cutoff=5.000_skin=0.500"": 5488, ""cutoff=5.000_skin=1.000"": 6864, ""cutoff=6.000_skin=0.000"": 6864, ""cutoff=6.000_skin=0.250"": 7584, ""cutoff=6.000_skin=0.500"": 8408, ""cutoff=6.000_skin=1.000"": 10664}",0.0,,
OPT-MIX4-R256-v1,ac99f7f235977b62c7f867154f16d24041ba7ae2e5440b90e4b316254257ab0c,OPT-MIX4-R256-v1:0059,Aven12_148_1824_z1,4f281ad284a37822e191f1866095bfab18d6d38c8d0f14052af061cf3914c7cf,59,T2_test,Aven12_148_1824_z1.cif,a943c0010545757741331e4057490f3cd5725e5d7958982ae33749c3fc80f5b0,4f281ad284a37822e191f1866095bfab18d6d38c8d0f14052af061cf3914c7cf,0,276,"[""O"", ""C"", ""N"", ""C"", ""C"", ""C"", ""C"", ""C"", ""C"", ""N"", ""C"", ""C"", ""C"", ""C"", ""N"", ""C"", ""O"", ""N"", ""C"", ""C"", ""C"", ""C"", ""C"", ""C"", ""C"", ""N"", ""C"", ""O"", ""N"", ""C"", ""C"", ""C"", ""H"", ""H"", ""H"", ""H"", ""H"", ""H"", ""H"", ""H"", ""H"", ""H"", ""H"", ""H"", ""H"", ""H"", ""O"", ""C"", ""N"", ""C"", ""C"", ""C"", ""C"", ""C"", ""C"", ""N"", ""C"", ""C"", ""C"", ""C"", ""N"", ""C"", ""O"", ""N"", ""C"", ""C"", ""C"", ""C"", ""C"", ""C"", ""C"", ""N"", ""C"", ""O"", ""N"", ""C"", ""C"", ""C"", ""H"", ""H"", ""H"", ""H"", ""H"", ""H"", ""H"", ""H"", ""H"", ""H"", ""H"", ""H"", ""H"", ""H"", ""O"", ""C"", ""N"", ""C"", ""C"", ""C"", ""C"", ""C"", ""C"", ""N"", ""C"", ""C"", ""C"", ""C"", ""N"", ""C"", ""O"", ""N"", ""C"", ""C"", ""C"", ""C"", ""C"", ""C"", ""C"", ""N"", ""C"", ""O"", ""N"", ""C"", ""C"", ""C"", ""H"", ""H"", ""H"", ""H"", ""H"", ""H"", ""H"", ""H"", ""H"", ""H"", ""H"", ""H"", ""H"", ""H"", ""O"", ""C"", ""N"", ""C"", ""C"", ""C"", ""C"", ""C"", ""C"", ""N"", ""C"", ""C"", ""C"", ""C"", ""N"", ""C"", ""O"", ""N"", ""C"", ""C"", ""C"", ""C"", ""C"", ""C"", ""C"", ""N"", ""C"", ""O"", ""N"", ""C"", ""C"", ""C"", ""H"", ""H"", ""H"", ""H"", ""H"", ""H"", ""H"", ""H"", ""H"", ""H"", ""H"", ""H"", ""H"", ""H"", ""O"", ""C"", ""N"", ""C"", ""C"", ""C"", ""C"", ""C"", ""C"", ""N"", ""C"", ""C"", ""C"", ""C"", ""N"", ""C"", ""O"", ""N"", ""C"", ""C"", ""C"", ""C"", ""C"", ""C"", ""C"", ""N"", ""C"", ""O"", ""N"", ""C"", ""C"", ""C"", ""H"", ""H"", ""H"", ""H"", ""H"", ""H"", ""H"", ""H"", ""H"", ""H"", ""H"", ""H"", ""H"", ""H"", ""O"", ""C"", ""N"", ""C"", ""C"", ""C"", ""C"", ""C"", ""C"", ""N"", ""C"", ""C"", ""C"", ""C"", ""N"", ""C"", ""O"", ""N"", ""C"", ""C"", ""C"", ""C"", ""C"", ""C"", ""C"", ""N"", ""C"", ""O"", ""N"", ""C"", ""C"", ""C"", ""H"", ""H"", ""H"", ""H"", ""H"", ""H"", ""H"", ""H"", ""H"", ""H"", ""H"", ""H"", ""H"", ""H""]",C138H84N36O18,"[true, true, true]","[23.637026525773763, 0.0, 0.0, -5.594695130323275, 22.96537413975373, 0.0, -5.594695130323275, -7.1212674265660905, 21.833368031941344]",11851.876112347249,[],"{""cutoff=4.500_skin=0.000"": 4860, ""cutoff=4.500_skin=0.250"": 5520, ""cutoff=4.500_skin=0.500"": 5934, ""cutoff=4.500_skin=1.000"": 6870, ""cutoff=5.000_skin=0.000"": 5934, ""cutoff=5.000_skin=0.250"": 6330, ""cutoff=5.000_skin=0.500"": 6870, ""cutoff=5.000_skin=1.000"": 8166, ""cutoff=6.000_skin=0.000"": 8166, ""cutoff=6.000_skin=0.250"": 8730, ""cutoff=6.000_skin=0.500"": 9564, ""cutoff=6.000_skin=1.000"": 11370}",0.0,,
OPT-MIX4-R256-v1,ac99f7f235977b62c7f867154f16d24041ba7ae2e5440b90e4b316254257ab0c,OPT-MIX4-R256-v1:0060,Aven12_1_152_z1,ef4a89e4eb4cf7146c53cbf6ebd0324730c67dee58cea538526d20bff16ac471,60,T2_test,Aven12_1_152_z1.cif,c530ab5225fb1c731997905828e24fcbff23b0053460025f77f6fddf2778765f,ef4a89e4eb4cf7146c53cbf6ebd0324730c67dee58cea538526d20bff16ac471,0,46,"[""O"", ""C"", ""N"", ""C"", ""C"", ""C"", ""C"", ""C"", ""C"", ""N"", ""C"", ""C"", ""C"", ""C"", ""N"", ""C"", ""O"", ""N"", ""C"", ""C"", ""C"", ""C"", ""C"", ""C"", ""C"", ""N"", ""C"", ""O"", ""N"", ""C"", ""C"", ""C"", ""H"", ""H"", ""H"", ""H"", ""H"", ""H"", ""H"", ""H"", ""H"", ""H"", ""H"", ""H"", ""H"", ""H""]",C23H14N6O3,"[true, true, true]","[13.038543391316502, 0.0, 0.0, 7.85953969101891, 11.249988526928007, 0.0, 4.772914706050752, 0.7398936942537958, 8.165802823307349]",1197.7882408720843,[],"{""cutoff=4.500_skin=0.000"": 836, ""cutoff=4.500_skin=0.250"": 966, ""cutoff=4.500_skin=0.500"": 1054, ""cutoff=4.500_skin=1.000"": 1302, ""cutoff=5.000_skin=0.000"": 1054, ""cutoff=5.000_skin=0.250"": 1174, ""cutoff=5.000_skin=0.500"": 1302, ""cutoff=5.000_skin=1.000"": 1590, ""cutoff=6.000_skin=0.000"": 1590, ""cutoff=6.000_skin=0.250"": 1748, ""cutoff=6.000_skin=0.500"": 1944, ""cutoff=6.000_skin=1.000"": 2426}",0.0,,
OPT-MIX4-R256-v1,ac99f7f235977b62c7f867154f16d24041ba7ae2e5440b90e4b316254257ab0c,OPT-MIX4-R256-v1:0061,Aven12_4_5_z1,67567de28e40bf932f1d52180bc4acac3a296b968a2ebdbe09402400c6af3962,61,T2_test,Aven12_4_5_z1.cif,159e2f28e9d3943f60280a7340e5324c2f526685deaf604a8785a90174a46020,67567de28e40bf932f1d52180bc4acac3a296b968a2ebdbe09402400c6af3962,0,92,"[""O"", ""C"", ""N"", ""C"", ""C"", ""C"", ""C"", ""C"", ""C"", ""N"", ""C"", ""C"", ""C"", ""C"", ""N"", ""C"", ""O"", ""N"", ""C"", ""C"", ""C"", ""C"", ""C"", ""C"", ""C"", ""N"", ""C"", ""O"", ""N"", ""C"", ""C"", ""C"", ""H"", ""H"", ""H"", ""H"", ""H"", ""H"", ""H"", ""H"", ""H"", ""H"", ""H"", ""H"", ""H"", ""H"", ""O"", ""C"", ""N"", ""C"", ""C"", ""C"", ""C"", ""C"", ""C"", ""N"", ""C"", ""C"", ""C"", ""C"", ""N"", ""C"", ""O"", ""N"", ""C"", ""C"", ""C"", ""C"", ""C"", ""C"", ""C"", ""N"", ""C"", ""O"", ""N"", ""C"", ""C"", ""C"", ""H"", ""H"", ""H"", ""H"", ""H"", ""H"", ""H"", ""H"", ""H"", ""H"", ""H"", ""H"", ""H"", ""H""]",C46H28N12O6,"[true, true, true]","[12.909016542956437, 0.0, 0.0, 0.0, 18.77667043604155, 0.0, 3.256450008679001, 0.0, 11.448821368475834]",2775.0609127121893,[],"{""cutoff=4.500_skin=0.000"": 1704, ""cutoff=4.500_skin=0.250"": 1980, ""cutoff=4.500_skin=0.500"": 2188, ""cutoff=4.500_skin=1.000"": 2564, ""cutoff=5.000_skin=0.000"": 2188, ""cutoff=5.000_skin=0.250"": 2332, ""cutoff=5.000_skin=0.500"": 2564, ""cutoff=5.000_skin=1.000"": 3140, ""cutoff=6.000_skin=0.000"": 3140, ""cutoff=6.000_skin=0.250"": 3360, ""cutoff=6.000_skin=0.500"": 3732, ""cutoff=6.000_skin=1.000"": 4496}",0.0,,
OPT-MIX4-R256-v1,ac99f7f235977b62c7f867154f16d24041ba7ae2e5440b90e4b316254257ab0c,OPT-MIX4-R256-v1:0062,Aven12_19_47_z1,986cc171c0c8f1127b780fd876bcffb3222cc2afbd8006679482363c08d421b2,62,T2_test,Aven12_19_47_z1.cif,bec394d99c4784ba96faf7394022d05fe8b603c82f4b787c405b9e42bb853d02,986cc171c0c8f1127b780fd876bcffb3222cc2afbd8006679482363c08d421b2,0,184,"[""O"", ""C"", ""N"", ""C"", ""C"", ""C"", ""C"", ""C"", ""C"", ""N"", ""C"", ""C"", ""C"", ""C"", ""N"", ""C"", ""O"", ""N"", ""C"", ""C"", ""C"", ""C"", ""C"", ""C"", ""C"", ""N"", ""C"", ""O"", ""N"", ""C"", ""C"", ""C"", ""H"", ""H"", ""H"", ""H"", ""H"", ""H"", ""H"", ""H"", ""H"", ""H"", ""H"", ""H"", ""H"", ""H"", ""O"", ""C"", ""N"", ""C"", ""C"", ""C"", ""C"", ""C"", ""C"", ""N"", ""C"", ""C"", ""C"", ""C"", ""N"", ""C"", ""O"", ""N"", ""C"", ""C"", ""C"", ""C"", ""C"", ""C"", ""C"", ""N"", ""C"", ""O"", ""N"", ""C"", ""C"", ""C"", ""H"", ""H"", ""H"", ""H"", ""H"", ""H"", ""H"", ""H"", ""H"", ""H"", ""H"", ""H"", ""H"", ""H"", ""O"", ""C"", ""N"", ""C"", ""C"", ""C"", ""C"", ""C"", ""C"", ""N"", ""C"", ""C"", ""C"", ""C"", ""N"", ""C"", ""O"", ""N"", ""C"", ""C"", ""C"", ""C"", ""C"", ""C"", ""C"", ""N"", ""C"", ""O"", ""N"", ""C"", ""C"", ""C"", ""H"", ""H"", ""H"", ""H"", ""H"", ""H"", ""H"", ""H"", ""H"", ""H"", ""H"", ""H"", ""H"", ""H"", ""O"", ""C"", ""N"", ""C"", ""C"", ""C"", ""C"", ""C"", ""C"", ""N"", ""C"", ""C"", ""C"", ""C"", ""N"", ""C"", ""O"", ""N"", ""C"", ""C"", ""C"", ""C"", ""C"", ""C"", ""C"", ""N"", ""C"", ""O"", ""N"", ""C"", ""C"", ""C"", ""H"", ""H"", ""H"", ""H"", ""H"", ""H"", ""H"", ""H"", ""H"", ""H"", ""H"", ""H"", ""H"", ""H""]",C92H56N24O12,"[true, true, true]","[15.552037364381114, 0.0, 0.0, 0.0, 15.149678741839303, 0.0, 0.0, 0.0, 19.212428464476595]",4526.608951403029,[],"{""cutoff=4.500_skin=0.000"": 3488, ""cutoff=4.500_skin=0.250"": 4144, ""cutoff=4.500_skin=0.500"": 4568, ""cutoff=4.500_skin=1.000"": 5744, ""cutoff=5.000_skin=0.000"": 4568, ""cutoff=5.000_skin=0.250"": 5112, ""cutoff=5.000_skin=0.500"": 5744, ""cutoff=5.000_skin=1.000"": 7088, ""cutoff=6.000_skin=0.000"": 7088, ""cutoff=6.000_skin=0.250"": 7848, ""cutoff=6.000_skin=0.500"": 8664, ""cutoff=6.000_skin=1.000"": 10744}",0.0,,
OPT-MIX4-R256-v1,ac99f7f235977b62c7f867154f16d24041ba7ae2e5440b90e4b316254257ab0c,OPT-MIX4-R256-v1:0063,Aven12_148_457_z1,fc1472393d5f96c3b1d97a17ae35264d8e583c443be86eb3db2ccecd620c6434,63,T2_test,Aven12_148_457_z1.cif,2960b57aeafd6575297b364befc0fa41642157a7fb12595f012a111a540555f6,fc1472393d5f96c3b1d97a17ae35264d8e583c443be86eb3db2ccecd620c6434,0,276,"[""O"", ""C"", ""N"", ""C"", ""C"", ""C"", ""C"", ""C"", ""C"", ""N"", ""C"", ""C"", ""C"", ""C"", ""N"", ""C"", ""O"", ""N"", ""C"", ""C"", ""C"", ""C"", ""C"", ""C"", ""C"", ""N"", ""C"", ""O"", ""N"", ""C"", ""C"", ""C"", ""H"", ""H"", ""H"", ""H"", ""H"", ""H"", ""H"", ""H"", ""H"", ""H"", ""H"", ""H"", ""H"", ""H"", ""O"", ""C"", ""N"", ""C"", ""C"", ""C"", ""C"", ""C"", ""C"", ""N"", ""C"", ""C"", ""C"", ""C"", ""N"", ""C"", ""O"", ""N"", ""C"", ""C"", ""C"", ""C"", ""C"", ""C"", ""C"", ""N"", ""C"", ""O"", ""N"", ""C"", ""C"", ""C"", ""H"", ""H"", ""H"", ""H"", ""H"", ""H"", ""H"", ""H"", ""H"", ""H"", ""H"", ""H"", ""H"", ""H"", ""O"", ""C"", ""N"", ""C"", ""C"", ""C"", ""C"", ""C"", ""C"", ""N"", ""C"", ""C"", ""C"", ""C"", ""N"", ""C"", ""O"", ""N"", ""C"", ""C"", ""C"", ""C"", ""C"", ""C"", ""C"", ""N"", ""C"", ""O"", ""N"", ""C"", ""C"", ""C"", ""H"", ""H"", ""H"", ""H"", ""H"", ""H"", ""H"", ""H"", ""H"", ""H"", ""H"", ""H"", ""H"", ""H"", ""O"", ""C"", ""N"", ""C"", ""C"", ""C"", ""C"", ""C"", ""C"", ""N"", ""C"", ""C"", ""C"", ""C"", ""N"", ""C"", ""O"", ""N"", ""C"", ""C"", ""C"", ""C"", ""C"", ""C"", ""C"", ""N"", ""C"", ""O"", ""N"", ""C"", ""C"", ""C"", ""H"", ""H"", ""H"", ""H"", ""H"", ""H"", ""H"", ""H"", ""H"", ""H"", ""H"", ""H"", ""H"", ""H"", ""O"", ""C"", ""N"", ""C"", ""C"", ""C"", ""C"", ""C"", ""C"", ""N"", ""C"", ""C"", ""C"", ""C"", ""N"", ""C"", ""O"", ""N"", ""C"", ""C"", ""C"", ""C"", ""C"", ""C"", ""C"", ""N"", ""C"", ""O"", ""N"", ""C"", ""C"", ""C"", ""H"", ""H"", ""H"", ""H"", ""H"", ""H"", ""H"", ""H"", ""H"", ""H"", ""H"", ""H"", ""H"", ""H"", ""O"", ""C"", ""N"", ""C"", ""C"", ""C"", ""C"", ""C"", ""C"", ""N"", ""C"", ""C"", ""C"", ""C"", ""N"", ""C"", ""O"", ""N"", ""C"", ""C"", ""C"", ""C"", ""C"", ""C"", ""C"", ""N"", ""C"", ""O"", ""N"", ""C"", ""C"", ""C"", ""H"", ""H"", ""H"", ""H"", ""H"", ""H"", ""H"", ""H"", ""H"", ""H"", ""H"", ""H"", ""H"", ""H""]",C138H84N36O18,"[true, true, true]","[24.1484025772658, 0.0, 0.0, -6.411941012861109, 23.281588422641768, 0.0, -6.411941012861109, -8.416570075695342, 21.706996743957856]",12203.95944773846,[],"{""cutoff=4.500_skin=0.000"": 4884, ""cutoff=4.500_skin=0.250"": 5592, ""cutoff=4.500_skin=0.500"": 6162, ""cutoff=4.500_skin=1.000"": 7452, ""cutoff=5.000_skin=0.000"": 6162, ""cutoff=5.000_skin=0.250"": 6822, ""cutoff=5.000_skin=0.500"": 7452, ""cutoff=5.000_skin=1.000"": 8988, ""cutoff=6.000_skin=0.000"": 8988, ""cutoff=6.000_skin=0.250"": 9576, ""cutoff=6.000_skin=0.500"": 10248, ""cutoff=6.000_skin=1.000"": 12000}",0.0,,
OPT-MIX4-R256-v1,ac99f7f235977b62c7f867154f16d24041ba7ae2e5440b90e4b316254257ab0c,OPT-MIX4-R256-v1:0064,Aven12_1_191_z1,72bc5e642d3232b93e4b165ea462cdb74b8628e3abfb577dfc7789110a9eabc3,64,T2_test,Aven12_1_191_z1.cif,9e627f4c0f79ca17385ac90a0c75c5ae7b06b267ffbb827099f27d5fac29ddef,72bc5e642d3232b93e4b165ea462cdb74b8628e3abfb577dfc7789110a9eabc3,0,46,"[""O"", ""C"", ""N"", ""C"", ""C"", ""C"", ""C"", ""C"", ""C"", ""N"", ""C"", ""C"", ""C"", ""C"", ""N"", ""C"", ""O"", ""N"", ""C"", ""C"", ""C"", ""C"", ""C"", ""C"", ""C"", ""N"", ""C"", ""O"", ""N"", ""C"", ""C"", ""C"", ""H"", ""H"", ""H"", ""H"", ""H"", ""H"", ""H"", ""H"", ""H"", ""H"", ""H"", ""H"", ""H"", ""H""]",C23H14N6O3,"[true, true, true]","[10.223926975281382, 0.0, 0.0, -6.5818160354670265, 11.476748016379846, 0.0, 6.499503567112795, -6.561454810752735, 11.358195725339112]",1332.7415371145667,[],"{""cutoff=4.500_skin=0.000"": 846, ""cutoff=4.500_skin=0.250"": 976, ""cutoff=4.500_skin=0.500"": 1056, ""cutoff=4.500_skin=1.000"": 1256, ""cutoff=5.000_skin=0.000"": 1056, ""cutoff=5.000_skin=0.250"": 1156, ""cutoff=5.000_skin=0.500"": 1256, ""cutoff=5.000_skin=1.000"": 1528, ""cutoff=6.000_skin=0.000"": 1528, ""cutoff=6.000_skin=0.250"": 1660, ""cutoff=6.000_skin=0.500"": 1820, ""cutoff=6.000_skin=1.000"": 2250}",0.0,,
OPT-MIX4-R256-v1,ac99f7f235977b62c7f867154f16d24041ba7ae2e5440b90e4b316254257ab0c,OPT-MIX4-R256-v1:0065,Aven12_2_3255_z1,92b9df9399df6acf266ba8200c87f28d4bb760dde8845941f987f7e7e8d4ee99,65,T2_test,Aven12_2_3255_z1.cif,8ccd1a3f6f92de6ff820f76f5a0058a2758afeb0b41cfa0311affa477757241d,92b9df9399df6acf266ba8200c87f28d4bb760dde8845941f987f7e7e8d4ee99,0,92,"[""O"", ""C"", ""N"", ""C"", ""C"", ""C"", ""C"", ""C"", ""C"", ""N"", ""C"", ""C"", ""C"", ""C"", ""N"", ""C"", ""O"", ""N"", ""C"", ""C"", ""C"", ""C"", ""C"", ""C"", ""C"", ""N"", ""C"", ""O"", ""N"", ""C"", ""C"", ""C"", ""H"", ""H"", ""H"", ""H"", ""H"", ""H"", ""H"", ""H"", ""H"", ""H"", ""H"", ""H"", ""H"", ""H"", ""O"", ""C"", ""N"", ""C"", ""C"", ""C"", ""C"", ""C"", ""C"", ""N"", ""C"", ""C"", ""C"", ""C"", ""N"", ""C"", ""O"", ""N"", ""C"", ""C"", ""C"", ""C"", ""C"", ""C"", ""C"", ""N"", ""C"", ""O"", ""N"", ""C"", ""C"", ""C"", ""H"", ""H"", ""H"", ""H"", ""H"", ""H"", ""H"", ""H"", ""H"", ""H"", ""H"", ""H"", ""H"", ""H""]",C46H28N12O6,"[true, true, true]","[19.87200272598094, 0.0, 0.0, -8.07338310485547, 11.093172712235912, 0.0, -1.9756720284702807, 10.874063034928588, 12.896438341230933]",2842.936758334772,[],"{""cutoff=4.500_skin=0.000"": 1732, ""cutoff=4.500_skin=0.250"": 2014, ""cutoff=4.500_skin=0.500"": 2200, ""cutoff=4.500_skin=1.000"": 2596, ""cutoff=5.000_skin=0.000"": 2200, ""cutoff=5.000_skin=0.250"": 2384, ""cutoff=5.000_skin=0.500"": 2596, ""cutoff=5.000_skin=1.000"": 3174, ""cutoff=6.000_skin=0.000"": 3174, ""cutoff=6.000_skin=0.250"": 3452, ""cutoff=6.000_skin=0.500"": 3778, ""cutoff=6.000_skin=1.000"": 4590}",0.0,,
OPT-MIX4-R256-v1,ac99f7f235977b62c7f867154f16d24041ba7ae2e5440b90e4b316254257ab0c,OPT-MIX4-R256-v1:0066,Aven12_14_1839_z1,cb02d2fe7f49246ca572cebef8ab6d61cfd3c8ee10eb9d20e3aeab15f70b948c,66,T2_test,Aven12_14_1839_z1.cif,af8cf906a9938c162676d051badaa19bbf9de0f401feae48d57a43bd15f793f0,cb02d2fe7f49246ca572cebef8ab6d61cfd3c8ee10eb9d20e3aeab15f70b948c,0,184,"[""O"", ""C"", ""N"", ""C"", ""C"", ""C"", ""C"", ""C"", ""C"", ""N"", ""C"", ""C"", ""C"", ""C"", ""N"", ""C"", ""O"", ""N"", ""C"", ""C"", ""C"", ""C"", ""C"", ""C"", ""C"", ""N"", ""C"", ""O"", ""N"", ""C"", ""C"", ""C"", ""H"", ""H"", ""H"", ""H"", ""H"", ""H"", ""H"", ""H"", ""H"", ""H"", ""H"", ""H"", ""H"", ""H"", ""O"", ""C"", ""N"", ""C"", ""C"", ""C"", ""C"", ""C"", ""C"", ""N"", ""C"", ""C"", ""C"", ""C"", ""N"", ""C"", ""O"", ""N"", ""C"", ""C"", ""C"", ""C"", ""C"", ""C"", ""C"", ""N"", ""C"", ""O"", ""N"", ""C"", ""C"", ""C"", ""H"", ""H"", ""H"", ""H"", ""H"", ""H"", ""H"", ""H"", ""H"", ""H"", ""H"", ""H"", ""H"", ""H"", ""O"", ""C"", ""N"", ""C"", ""C"", ""C"", ""C"", ""C"", ""C"", ""N"", ""C"", ""C"", ""C"", ""C"", ""N"", ""C"", ""O"", ""N"", ""C"", ""C"", ""C"", ""C"", ""C"", ""C"", ""C"", ""N"", ""C"", ""O"", ""N"", ""C"", ""C"", ""C"", ""H"", ""H"", ""H"", ""H"", ""H"", ""H"", ""H"", ""H"", ""H"", ""H"", ""H"", ""H"", ""H"", ""H"", ""O"", ""C"", ""N"", ""C"", ""C"", ""C"", ""C"", ""C"", ""C"", ""N"", ""C"", ""C"", ""C"", ""C"", ""N"", ""C"", ""O"", ""N"", ""C"", ""C"", ""C"", ""C"", ""C"", ""C"", ""C"", ""N"", ""C"", ""O"", ""N"", ""C"", ""C"", ""C"", ""H"", ""H"", ""H"", ""H"", ""H"", ""H"", ""H"", ""H"", ""H"", ""H"", ""H"", ""H"", ""H"", ""H""]",C92H56N24O12,"[true, true, true]","[15.45458143328625, 0.0, 0.0, 0.0, 15.269670784436094, 0.0, -7.648423157049558, 0.0, 23.855493527967507]",5629.571336478148,[],"{""cutoff=4.500_skin=0.000"": 3408, ""cutoff=4.500_skin=0.250"": 3928, ""cutoff=4.500_skin=0.500"": 4272, ""cutoff=4.500_skin=1.000"": 4984, ""cutoff=5.000_skin=0.000"": 4272, ""cutoff=5.000_skin=0.250"": 4596, ""cutoff=5.000_skin=0.500"": 4984, ""cutoff=5.000_skin=1.000"": 6032, ""cutoff=6.000_skin=0.000"": 6032, ""cutoff=6.000_skin=0.250"": 6472, ""cutoff=6.000_skin=0.500"": 7088, ""cutoff=6.000_skin=1.000"": 8560}",0.0,,
OPT-MIX4-R256-v1,ac99f7f235977b62c7f867154f16d24041ba7ae2e5440b90e4b316254257ab0c,OPT-MIX4-R256-v1:0067,Aven12_148_1618_z1,98f7356996635383bf670b93bc6c7b9ef9f92acdea6cf8e11d9dac24244b4701,67,T2_test,Aven12_148_1618_z1.cif,367eb601824b1aaec43f7c8d1b7e67ec0c185a15620cdbf0273963e5a882ea0f,98f7356996635383bf670b93bc6c7b9ef9f92acdea6cf8e11d9dac24244b4701,0,276,"[""O"", ""C"", ""N"", ""C"", ""C"", ""C"", ""C"", ""C"", ""C"", ""N"", ""C"", ""C"", ""C"", ""C"", ""N"", ""C"", ""O"", ""N"", ""C"", ""C"", ""C"", ""C"", ""C"", ""C"", ""C"", ""N"", ""C"", ""O"", ""N"", ""C"", ""C"", ""C"", ""H"", ""H"", ""H"", ""H"", ""H"", ""H"", ""H"", ""H"", ""H"", ""H"", ""H"", ""H"", ""H"", ""H"", ""O"", ""C"", ""N"", ""C"", ""C"", ""C"", ""C"", ""C"", ""C"", ""N"", ""C"", ""C"", ""C"", ""C"", ""N"", ""C"", ""O"", ""N"", ""C"", ""C"", ""C"", ""C"", ""C"", ""C"", ""C"", ""N"", ""C"", ""O"", ""N"", ""C"", ""C"", ""C"", ""H"", ""H"", ""H"", ""H"", ""H"", ""H"", ""H"", ""H"", ""H"", ""H"", ""H"", ""H"", ""H"", ""H"", ""O"", ""C"", ""N"", ""C"", ""C"", ""C"", ""C"", ""C"", ""C"", ""N"", ""C"", ""C"", ""C"", ""C"", ""N"", ""C"", ""O"", ""N"", ""C"", ""C"", ""C"", ""C"", ""C"", ""C"", ""C"", ""N"", ""C"", ""O"", ""N"", ""C"", ""C"", ""C"", ""H"", ""H"", ""H"", ""H"", ""H"", ""H"", ""H"", ""H"", ""H"", ""H"", ""H"", ""H"", ""H"", ""H"", ""O"", ""C"", ""N"", ""C"", ""C"", ""C"", ""C"", ""C"", ""C"", ""N"", ""C"", ""C"", ""C"", ""C"", ""N"", ""C"", ""O"", ""N"", ""C"", ""C"", ""C"", ""C"", ""C"", ""C"", ""C"", ""N"", ""C"", ""O"", ""N"", ""C"", ""C"", ""C"", ""H"", ""H"", ""H"", ""H"", ""H"", ""H"", ""H"", ""H"", ""H"", ""H"", ""H"", ""H"", ""H"", ""H"", ""O"", ""C"", ""N"", ""C"", ""C"", ""C"", ""C"", ""C"", ""C"", ""N"", ""C"", ""C"", ""C"", ""C"", ""N"", ""C"", ""O"", ""N"", ""C"", ""C"", ""C"", ""C"", ""C"", ""C"", ""C"", ""N"", ""C"", ""O"", ""N"", ""C"", ""C"", ""C"", ""H"", ""H"", ""H"", ""H"", ""H"", ""H"", ""H"", ""H"", ""H"", ""H"", ""H"", ""H"", ""H"", ""H"", ""O"", ""C"", ""N"", ""C"", ""C"", ""C"", ""C"", ""C"", ""C"", ""N"", ""C"", ""C"", ""C"", ""C"", ""N"", ""C"", ""O"", ""N"", ""C"", ""C"", ""C"", ""C"", ""C"", ""C"", ""C"", ""N"", ""C"", ""O"", ""N"", ""C"", ""C"", ""C"", ""H"", ""H"", ""H"", ""H"", ""H"", ""H"", ""H"", ""H"", ""H"", ""H"", ""H"", ""H"", ""H"", ""H""]",C138H84N36O18,"[true, true, true]","[21.9768345030773, 0.0, 0.0, -5.774994980773547, 21.204496875608466, 0.0, -5.774994980773547, -7.558145657342936, 19.81174202260057]",9232.424700577407,[],"{""cutoff=4.500_skin=0.000"": 5040, ""cutoff=4.500_skin=0.250"": 5868, ""cutoff=4.500_skin=0.500"": 6492, ""cutoff=4.500_skin=1.000"": 8028, ""cutoff=5.000_skin=0.000"": 6492, ""cutoff=5.000_skin=0.250"": 7164, ""cutoff=5.000_skin=0.500"": 8028, ""cutoff=5.000_skin=1.000"": 10068, ""cutoff=6.000_skin=0.000"": 10068, ""cutoff=6.000_skin=0.250"": 11226, ""cutoff=6.000_skin=0.500"": 12426, ""cutoff=6.000_skin=1.000"": 15354}",0.0,,
OPT-MIX4-R256-v1,ac99f7f235977b62c7f867154f16d24041ba7ae2e5440b90e4b316254257ab0c,OPT-MIX4-R256-v1:0068,Aven12_1_198_z1,bf70fce559d44522cb5ebe21e2e38ff33513e1372d7a9c67775921378eb9ab34,68,T2_test,Aven12_1_198_z1.cif,73cbfb65a3c2db4e83ef203802f4be17ad929087460b7d05732b194a4f4a7d9a,bf70fce559d44522cb5ebe21e2e38ff33513e1372d7a9c67775921378eb9ab34,0,46,"[""O"", ""C"", ""N"", ""C"", ""C"", ""C"", ""C"", ""C"", ""C"", ""N"", ""C"", ""C"", ""C"", ""C"", ""N"", ""C"", ""O"", ""N"", ""C"", ""C"", ""C"", ""C"", ""C"", ""C"", ""C"", ""N"", ""C"", ""O"", ""N"", ""C"", ""C"", ""C"", ""H"", ""H"", ""H"", ""H"", ""H"", ""H"", ""H"", ""H"", ""H"", ""H"", ""H"", ""H"", ""H"", ""H""]",C23H14N6O3,"[true, true, true]","[10.712210333591251, 0.0, 0.0, 1.9259996118596165, 10.29737856678057, 0.0, 4.323405909540392, -4.05120911949606, 12.343116981857355]",1361.5406610880423,[],"{""cutoff=4.500_skin=0.000"": 852, ""cutoff=4.500_skin=0.250"": 976, ""cutoff=4.500_skin=0.500"": 1058, ""cutoff=4.500_skin=1.000"": 1264, ""cutoff=5.000_skin=0.000"": 1058, ""cutoff=5.000_skin=0.250"": 1146, ""cutoff=5.000_skin=0.500"": 1264, ""cutoff=5.000_skin=1.000"": 1534, ""cutoff=6.000_skin=0.000"": 1534, ""cutoff=6.000_skin=0.250"": 1662, ""cutoff=6.000_skin=0.500"": 1806, ""cutoff=6.000_skin=1.000"": 2196}",0.0,,
OPT-MIX4-R256-v1,ac99f7f235977b62c7f867154f16d24041ba7ae2e5440b90e4b316254257ab0c,OPT-MIX4-R256-v1:0069,Aven12_2_1415_z1,7943ea1d18bf0a8d8bc1d7b870fc8e45c1b9cc394237626d0af3ba41c479dc20,69,T2_test,Aven12_2_1415_z1.cif,fd0b28b90778939bf4cd4bd1db5cad26dabf9871be622d04239f350fbf22b392,7943ea1d18bf0a8d8bc1d7b870fc8e45c1b9cc394237626d0af3ba41c479dc20,0,92,"[""O"", ""C"", ""N"", ""C"", ""C"", ""C"", ""C"", ""C"", ""C"", ""N"", ""C"", ""C"", ""C"", ""C"", ""N"", ""C"", ""O"", ""N"", ""C"", ""C"", ""C"", ""C"", ""C"", ""C"", ""C"", ""N"", ""C"", ""O"", ""N"", ""C"", ""C"", ""C"", ""H"", ""H"", ""H"", ""H"", ""H"", ""H"", ""H"", ""H"", ""H"", ""H"", ""H"", ""H"", ""H"", ""H"", ""O"", ""C"", ""N"", ""C"", ""C"", ""C"", ""C"", ""C"", ""C"", ""N"", ""C"", ""C"", ""C"", ""C"", ""N"", ""C"", ""O"", ""N"", ""C"", ""C"", ""C"", ""C"", ""C"", ""C"", ""C"", ""N"", ""C"", ""O"", ""N"", ""C"", ""C"", ""C"", ""H"", ""H"", ""H"", ""H"", ""H"", ""H"", ""H"", ""H"", ""H"", ""H"", ""H"", ""H"", ""H"", ""H""]",C46H28N12O6,"[true, true, true]","[14.387798773276316, 0.0, 0.0, 8.084863668770117, 13.068105512143338, 0.0, -11.769026775665688, 0.5950401717152519, 13.860574516470693]",2606.0828575671926,[],"{""cutoff=4.500_skin=0.000"": 1716, ""cutoff=4.500_skin=0.250"": 2026, ""cutoff=4.500_skin=0.500"": 2216, ""cutoff=4.500_skin=1.000"": 2688, ""cutoff=5.000_skin=0.000"": 2216, ""cutoff=5.000_skin=0.250"": 2426, ""cutoff=5.000_skin=0.500"": 2688, ""cutoff=5.000_skin=1.000"": 3368, ""cutoff=6.000_skin=0.000"": 3368, ""cutoff=6.000_skin=0.250"": 3732, ""cutoff=6.000_skin=0.500"": 4172, ""cutoff=6.000_skin=1.000"": 5128}",0.0,,
OPT-MIX4-R256-v1,ac99f7f235977b62c7f867154f16d24041ba7ae2e5440b90e4b316254257ab0c,OPT-MIX4-R256-v1:0070,Aven12_5_900_z1,717c5c13db7733b18db8cfcbd9f43b1fd44929b935c6cea43ff56a84779b3339,70,T2_test,Aven12_5_900_z1.cif,df8bf42c1bac47d989e1e4a5e5ebb21058c4e37993370cf7bc63012ea2038b0a,717c5c13db7733b18db8cfcbd9f43b1fd44929b935c6cea43ff56a84779b3339,0,184,"[""O"", ""C"", ""N"", ""C"", ""C"", ""C"", ""C"", ""C"", ""C"", ""N"", ""C"", ""C"", ""C"", ""C"", ""N"", ""C"", ""O"", ""N"", ""C"", ""C"", ""C"", ""C"", ""C"", ""C"", ""C"", ""N"", ""C"", ""O"", ""N"", ""C"", ""C"", ""C"", ""H"", ""H"", ""H"", ""H"", ""H"", ""H"", ""H"", ""H"", ""H"", ""H"", ""H"", ""H"", ""H"", ""H"", ""O"", ""C"", ""N"", ""C"", ""C"", ""C"", ""C"", ""C"", ""C"", ""N"", ""C"", ""C"", ""C"", ""C"", ""N"", ""C"", ""O"", ""N"", ""C"", ""C"", ""C"", ""C"", ""C"", ""C"", ""C"", ""N"", ""C"", ""O"", ""N"", ""C"", ""C"", ""C"", ""H"", ""H"", ""H"", ""H"", ""H"", ""H"", ""H"", ""H"", ""H"", ""H"", ""H"", ""H"", ""H"", ""H"", ""O"", ""C"", ""N"", ""C"", ""C"", ""C"", ""C"", ""C"", ""C"", ""N"", ""C"", ""C"", ""C"", ""C"", ""N"", ""C"", ""O"", ""N"", ""C"", ""C"", ""C"", ""C"", ""C"", ""C"", ""C"", ""N"", ""C"", ""O"", ""N"", ""C"", ""C"", ""C"", ""H"", ""H"", ""H"", ""H"", ""H"", ""H"", ""H"", ""H"", ""H"", ""H"", ""H"", ""H"", ""H"", ""H"", ""O"", ""C"", ""N"", ""C"", ""C"", ""C"", ""C"", ""C"", ""C"", ""N"", ""C"", ""C"", ""C"", ""C"", ""N"", ""C"", ""O"", ""N"", ""C"", ""C"", ""C"", ""C"", ""C"", ""C"", ""C"", ""N"", ""C"", ""O"", ""N"", ""C"", ""C"", ""C"", ""H"", ""H"", ""H"", ""H"", ""H"", ""H"", ""H"", ""H"", ""H"", ""H"", ""H"", ""H"", ""H"", ""H""]",C92H56N24O12,"[true, true, true]","[18.10822081696645, 0.0, 0.0, 0.0, 18.094060895270598, 0.0, -2.5549881427303953, 0.0, 18.06746660348651]",5919.828019986446,[],"{""cutoff=4.500_skin=0.000"": 3288, ""cutoff=4.500_skin=0.250"": 3768, ""cutoff=4.500_skin=0.500"": 4040, ""cutoff=4.500_skin=1.000"": 4724, ""cutoff=5.000_skin=0.000"": 4040, ""cutoff=5.000_skin=0.250"": 4340, ""cutoff=5.000_skin=0.500"": 4724, ""cutoff=5.000_skin=1.000"": 5668, ""cutoff=6.000_skin=0.000"": 5668, ""cutoff=6.000_skin=0.250"": 6040, ""cutoff=6.000_skin=0.500"": 6636, ""cutoff=6.000_skin=1.000"": 8000}",0.0,,
OPT-MIX4-R256-v1,ac99f7f235977b62c7f867154f16d24041ba7ae2e5440b90e4b316254257ab0c,OPT-MIX4-R256-v1:0071,Aven12_148_1635_z1,d83ad430b35e7079428ae07451e18830bf1d1f24de231e03e9de59fbf4e0d5c7,71,T2_test,Aven12_148_1635_z1.cif,968e7b4c31b1189e0cfb7a0a752e35e27d001dbea00897887026817b27473f52,d83ad430b35e7079428ae07451e18830bf1d1f24de231e03e9de59fbf4e0d5c7,0,276,"[""O"", ""C"", ""N"", ""C"", ""C"", ""C"", ""C"", ""C"", ""C"", ""N"", ""C"", ""C"", ""C"", ""C"", ""N"", ""C"", ""O"", ""N"", ""C"", ""C"", ""C"", ""C"", ""C"", ""C"", ""C"", ""N"", ""C"", ""O"", ""N"", ""C"", ""C"", ""C"", ""H"", ""H"", ""H"", ""H"", ""H"", ""H"", ""H"", ""H"", ""H"", ""H"", ""H"", ""H"", ""H"", ""H"", ""O"", ""C"", ""N"", ""C"", ""C"", ""C"", ""C"", ""C"", ""C"", ""N"", ""C"", ""C"", ""C"", ""C"", ""N"", ""C"", ""O"", ""N"", ""C"", ""C"", ""C"", ""C"", ""C"", ""C"", ""C"", ""N"", ""C"", ""O"", ""N"", ""C"", ""C"", ""C"", ""H"", ""H"", ""H"", ""H"", ""H"", ""H"", ""H"", ""H"", ""H"", ""H"", ""H"", ""H"", ""H"", ""H"", ""O"", ""C"", ""N"", ""C"", ""C"", ""C"", ""C"", ""C"", ""C"", ""N"", ""C"", ""C"", ""C"", ""C"", ""N"", ""C"", ""O"", ""N"", ""C"", ""C"", ""C"", ""C"", ""C"", ""C"", ""C"", ""N"", ""C"", ""O"", ""N"", ""C"", ""C"", ""C"", ""H"", ""H"", ""H"", ""H"", ""H"", ""H"", ""H"", ""H"", ""H"", ""H"", ""H"", ""H"", ""H"", ""H"", ""O"", ""C"", ""N"", ""C"", ""C"", ""C"", ""C"", ""C"", ""C"", ""N"", ""C"", ""C"", ""C"", ""C"", ""N"", ""C"", ""O"", ""N"", ""C"", ""C"", ""C"", ""C"", ""C"", ""C"", ""C"", ""N"", ""C"", ""O"", ""N"", ""C"", ""C"", ""C"", ""H"", ""H"", ""H"", ""H"", ""H"", ""H"", ""H"", ""H"", ""H"", ""H"", ""H"", ""H"", ""H"", ""H"", ""O"", ""C"", ""N"", ""C"", ""C"", ""C"", ""C"", ""C"", ""C"", ""N"", ""C"", ""C"", ""C"", ""C"", ""N"", ""C"", ""O"", ""N"", ""C"", ""C"", ""C"", ""C"", ""C"", ""C"", ""C"", ""N"", ""C"", ""O"", ""N"", ""C"", ""C"", ""C"", ""H"", ""H"", ""H"", ""H"", ""H"", ""H"", ""H"", ""H"", ""H"", ""H"", ""H"", ""H"", ""H"", ""H"", ""O"", ""C"", ""N"", ""C"", ""C"", ""C"", ""C"", ""C"", ""C"", ""N"", ""C"", ""C"", ""C"", ""C"", ""N"", ""C"", ""O"", ""N"", ""C"", ""C"", ""C"", ""C"", ""C"", ""C"", ""C"", ""N"", ""C"", ""O"", ""N"", ""C"", ""C"", ""C"", ""H"", ""H"", ""H"", ""H"", ""H"", ""H"", ""H"", ""H"", ""H"", ""H"", ""H"", ""H"", ""H"", ""H""]",C138H84N36O18,"[true, true, true]","[24.820662835777767, 0.0, 0.0, 8.10912180923948, 23.45863267733813, 0.0, 8.10912180923948, 5.776803945407063, 22.736226231866308]",13238.368081326877,[],"{""cutoff=4.500_skin=0.000"": 4716, ""cutoff=4.500_skin=0.250"": 5400, ""cutoff=4.500_skin=0.500"": 5712, ""cutoff=4.500_skin=1.000"": 6492, ""cutoff=5.000_skin=0.000"": 5712, ""cutoff=5.000_skin=0.250"": 6036, ""cutoff=5.000_skin=0.500"": 6492, ""cutoff=5.000_skin=1.000"": 7596, ""cutoff=6.000_skin=0.000"": 7596, ""cutoff=6.000_skin=0.250"": 7986, ""cutoff=6.000_skin=0.500"": 8706, ""cutoff=6.000_skin=1.000"": 10302}",0.0,,
OPT-MIX4-R256-v1,ac99f7f235977b62c7f867154f16d24041ba7ae2e5440b90e4b316254257ab0c,OPT-MIX4-R256-v1:0072,Aven12_1_65_z1,0275dbbe8c611d9e08d9d5da74650ad58bc56c115fbec3c6b5d05d4bee491b59,72,T2_test,Aven12_1_65_z1.cif,eb04065efce280f0187ff86b8c0f62d6722490f769ac80c501a1673c58976c7d,0275dbbe8c611d9e08d9d5da74650ad58bc56c115fbec3c6b5d05d4bee491b59,0,46,"[""O"", ""C"", ""N"", ""C"", ""C"", ""C"", ""C"", ""C"", ""C"", ""N"", ""C"", ""C"", ""C"", ""C"", ""N"", ""C"", ""O"", ""N"", ""C"", ""C"", ""C"", ""C"", ""C"", ""C"", ""C"", ""N"", ""C"", ""O"", ""N"", ""C"", ""C"", ""C"", ""H"", ""H"", ""H"", ""H"", ""H"", ""H"", ""H"", ""H"", ""H"", ""H"", ""H"", ""H"", ""H"", ""H""]",C23H14N6O3,"[true, true, true]","[12.097014946698117, 0.0, 0.0, 3.0946646748024613, 9.748637605046206, 0.0, -0.08503311397784966, 1.5655315926090774, 9.40153621561094]",1108.7176642989928,[],"{""cutoff=4.500_skin=0.000"": 848, ""cutoff=4.500_skin=0.250"": 986, ""cutoff=4.500_skin=0.500"": 1066, ""cutoff=4.500_skin=1.000"": 1338, ""cutoff=5.000_skin=0.000"": 1066, ""cutoff=5.000_skin=0.250"": 1188, ""cutoff=5.000_skin=0.500"": 1338, ""cutoff=5.000_skin=1.000"": 1674, ""cutoff=6.000_skin=0.000"": 1674, ""cutoff=6.000_skin=0.250"": 1864, ""cutoff=6.000_skin=0.500"": 2078, ""cutoff=6.000_skin=1.000"": 2594}",0.0,,
OPT-MIX4-R256-v1,ac99f7f235977b62c7f867154f16d24041ba7ae2e5440b90e4b316254257ab0c,OPT-MIX4-R256-v1:0073,Aven12_2_1454_z1,d05522fb7aa0ce7663d7ca917ca4b816dc1dbf775da7b7ae4eb9dd363dbb41bf,73,T2_test,Aven12_2_1454_z1.cif,652bfc75eb5fa79ae786021c078f1399beb6c408cb87a1aa30166dfb62758dbb,d05522fb7aa0ce7663d7ca917ca4b816dc1dbf775da7b7ae4eb9dd363dbb41bf,0,92,"[""O"", ""C"", ""N"", ""C"", ""C"", ""C"", ""C"", ""C"", ""C"", ""N"", ""C"", ""C"", ""C"", ""C"", ""N"", ""C"", ""O"", ""N"", ""C"", ""C"", ""C"", ""C"", ""C"", ""C"", ""C"", ""N"", ""C"", ""O"", ""N"", ""C"", ""C"", ""C"", ""H"", ""H"", ""H"", ""H"", ""H"", ""H"", ""H"", ""H"", ""H"", ""H"", ""H"", ""H"", ""H"", ""H"", ""O"", ""C"", ""N"", ""C"", ""C"", ""C"", ""C"", ""C"", ""C"", ""N"", ""C"", ""C"", ""C"", ""C"", ""N"", ""C"", ""O"", ""N"", ""C"", ""C"", ""C"", ""C"", ""C"", ""C"", ""C"", ""N"", ""C"", ""O"", ""N"", ""C"", ""C"", ""C"", ""H"", ""H"", ""H"", ""H"", ""H"", ""H"", ""H"", ""H"", ""H"", ""H"", ""H"", ""H"", ""H"", ""H""]",C46H28N12O6,"[true, true, true]","[12.432400766012897, 0.0, 0.0, -3.0136453605601097, 13.450646198104486, 0.0, -6.549423092705671, -2.9473946735941374, 10.84680583123192]",1813.844350332798,[],"{""cutoff=4.500_skin=0.000"": 1792, ""cutoff=4.500_skin=0.250"": 2160, ""cutoff=4.500_skin=0.500"": 2404, ""cutoff=4.500_skin=1.000"": 3066, ""cutoff=5.000_skin=0.000"": 2404, ""cutoff=5.000_skin=0.250"": 2698, ""cutoff=5.000_skin=0.500"": 3066, ""cutoff=5.000_skin=1.000"": 3934, ""cutoff=6.000_skin=0.000"": 3934, ""cutoff=6.000_skin=0.250"": 4384, ""cutoff=6.000_skin=0.500"": 4974, ""cutoff=6.000_skin=1.000"": 6400}",0.0,,
OPT-MIX4-R256-v1,ac99f7f235977b62c7f867154f16d24041ba7ae2e5440b90e4b316254257ab0c,OPT-MIX4-R256-v1:0074,Aven12_77_262_z1,1aa05f97de785c98dda500feea76f741614a9cd354314b795769703212695180,74,T2_test,Aven12_77_262_z1.cif,00461334a204c201d184083308ec78e374644691b99e921a0dce52fea4d18f2e,1aa05f97de785c98dda500feea76f741614a9cd354314b795769703212695180,0,184,"[""O"", ""C"", ""N"", ""C"", ""C"", ""C"", ""C"", ""C"", ""C"", ""N"", ""C"", ""C"", ""C"", ""C"", ""N"", ""C"", ""O"", ""N"", ""C"", ""C"", ""C"", ""C"", ""C"", ""C"", ""C"", ""N"", ""C"", ""O"", ""N"", ""C"", ""C"", ""C"", ""H"", ""H"", ""H"", ""H"", ""H"", ""H"", ""H"", ""H"", ""H"", ""H"", ""H"", ""H"", ""H"", ""H"", ""O"", ""C"", ""N"", ""C"", ""C"", ""C"", ""C"", ""C"", ""C"", ""N"", ""C"", ""C"", ""C"", ""C"", ""N"", ""C"", ""O"", ""N"", ""C"", ""C"", ""C"", ""C"", ""C"", ""C"", ""C"", ""N"", ""C"", ""O"", ""N"", ""C"", ""C"", ""C"", ""H"", ""H"", ""H"", ""H"", ""H"", ""H"", ""H"", ""H"", ""H"", ""H"", ""H"", ""H"", ""H"", ""H"", ""O"", ""C"", ""N"", ""C"", ""C"", ""C"", ""C"", ""C"", ""C"", ""N"", ""C"", ""C"", ""C"", ""C"", ""N"", ""C"", ""O"", ""N"", ""C"", ""C"", ""C"", ""C"", ""C"", ""C"", ""C"", ""N"", ""C"", ""O"", ""N"", ""C"", ""C"", ""C"", ""H"", ""H"", ""H"", ""H"", ""H"", ""H"", ""H"", ""H"", ""H"", ""H"", ""H"", ""H"", ""H"", ""H"", ""O"", ""C"", ""N"", ""C"", ""C"", ""C"", ""C"", ""C"", ""C"", ""N"", ""C"", ""C"", ""C"", ""C"", ""N"", ""C"", ""O"", ""N"", ""C"", ""C"", ""C"", ""C"", ""C"", ""C"", ""C"", ""N"", ""C"", ""O"", ""N"", ""C"", ""C"", ""C"", ""H"", ""H"", ""H"", ""H"", ""H"", ""H"", ""H"", ""H"", ""H"", ""H"", ""H"", ""H"", ""H"", ""H""]",C92H56N24O12,"[true, true, true]","[22.015143121607778, 0.0, 0.0, 0.0, 22.015143121607778, 0.0, 0.0, 0.0, 20.64266766868345]",10004.810040078102,[],"{""cutoff=4.500_skin=0.000"": 3400, ""cutoff=4.500_skin=0.250"": 3940, ""cutoff=4.500_skin=0.500"": 4236, ""cutoff=4.500_skin=1.000"": 4936, ""cutoff=5.000_skin=0.000"": 4236, ""cutoff=5.000_skin=0.250"": 4564, ""cutoff=5.000_skin=0.500"": 4936, ""cutoff=5.000_skin=1.000"": 5860, ""cutoff=6.000_skin=0.000"": 5860, ""cutoff=6.000_skin=0.250"": 6280, ""cutoff=6.000_skin=0.500"": 6792, ""cutoff=6.000_skin=1.000"": 8076}",0.0,,
OPT-MIX4-R256-v1,ac99f7f235977b62c7f867154f16d24041ba7ae2e5440b90e4b316254257ab0c,OPT-MIX4-R256-v1:0075,Aven12_148_496_z1,24107ada5ba852162c4864ca8693c709251cc39d5d355b3416443f7a7d02b364,75,T2_test,Aven12_148_496_z1.cif,8ae6ab924f44a3d85bae3ffdfb3a8e299cbdede8419fcb5128a301ed4d8e5efe,24107ada5ba852162c4864ca8693c709251cc39d5d355b3416443f7a7d02b364,0,276,"[""O"", ""C"", ""N"", ""C"", ""C"", ""C"", ""C"", ""C"", ""C"", ""N"", ""C"", ""C"", ""C"", ""C"", ""N"", ""C"", ""O"", ""N"", ""C"", ""C"", ""C"", ""C"", ""C"", ""C"", ""C"", ""N"", ""C"", ""O"", ""N"", ""C"", ""C"", ""C"", ""H"", ""H"", ""H"", ""H"", ""H"", ""H"", ""H"", ""H"", ""H"", ""H"", ""H"", ""H"", ""H"", ""H"", ""O"", ""C"", ""N"", ""C"", ""C"", ""C"", ""C"", ""C"", ""C"", ""N"", ""C"", ""C"", ""C"", ""C"", ""N"", ""C"", ""O"", ""N"", ""C"", ""C"", ""C"", ""C"", ""C"", ""C"", ""C"", ""N"", ""C"", ""O"", ""N"", ""C"", ""C"", ""C"", ""H"", ""H"", ""H"", ""H"", ""H"", ""H"", ""H"", ""H"", ""H"", ""H"", ""H"", ""H"", ""H"", ""H"", ""O"", ""C"", ""N"", ""C"", ""C"", ""C"", ""C"", ""C"", ""C"", ""N"", ""C"", ""C"", ""C"", ""C"", ""N"", ""C"", ""O"", ""N"", ""C"", ""C"", ""C"", ""C"", ""C"", ""C"", ""C"", ""N"", ""C"", ""O"", ""N"", ""C"", ""C"", ""C"", ""H"", ""H"", ""H"", ""H"", ""H"", ""H"", ""H"", ""H"", ""H"", ""H"", ""H"", ""H"", ""H"", ""H"", ""O"", ""C"", ""N"", ""C"", ""C"", ""C"", ""C"", ""C"", ""C"", ""N"", ""C"", ""C"", ""C"", ""C"", ""N"", ""C"", ""O"", ""N"", ""C"", ""C"", ""C"", ""C"", ""C"", ""C"", ""C"", ""N"", ""C"", ""O"", ""N"", ""C"", ""C"", ""C"", ""H"", ""H"", ""H"", ""H"", ""H"", ""H"", ""H"", ""H"", ""H"", ""H"", ""H"", ""H"", ""H"", ""H"", ""O"", ""C"", ""N"", ""C"", ""C"", ""C"", ""C"", ""C"", ""C"", ""N"", ""C"", ""C"", ""C"", ""C"", ""N"", ""C"", ""O"", ""N"", ""C"", ""C"", ""C"", ""C"", ""C"", ""C"", ""C"", ""N"", ""C"", ""O"", ""N"", ""C"", ""C"", ""C"", ""H"", ""H"", ""H"", ""H"", ""H"", ""H"", ""H"", ""H"", ""H"", ""H"", ""H"", ""H"", ""H"", ""H"", ""O"", ""C"", ""N"", ""C"", ""C"", ""C"", ""C"", ""C"", ""C"", ""N"", ""C"", ""C"", ""C"", ""C"", ""N"", ""C"", ""O"", ""N"", ""C"", ""C"", ""C"", ""C"", ""C"", ""C"", ""C"", ""N"", ""C"", ""O"", ""N"", ""C"", ""C"", ""C"", ""H"", ""H"", ""H"", ""H"", ""H"", ""H"", ""H"", ""H"", ""H"", ""H"", ""H"", ""H"", ""H"", ""H""]",C138H84N36O18,"[true, true, true]","[29.946550849607902, 0.0, 0.0, -1.2054262770013688, 29.922280248651948, 0.0, -1.2054262770013688, -1.2549649123299074, 29.895951537753188]",26788.83799950471,[],"{""cutoff=4.500_skin=0.000"": 4788, ""cutoff=4.500_skin=0.250"": 5484, ""cutoff=4.500_skin=0.500"": 5844, ""cutoff=4.500_skin=1.000"": 6624, ""cutoff=5.000_skin=0.000"": 5844, ""cutoff=5.000_skin=0.250"": 6168, ""cutoff=5.000_skin=0.500"": 6624, ""cutoff=5.000_skin=1.000"": 7716, ""cutoff=6.000_skin=0.000"": 7716, ""cutoff=6.000_skin=0.250"": 8196, ""cutoff=6.000_skin=0.500"": 8784, ""cutoff=6.000_skin=1.000"": 10320}",0.0,,
OPT-MIX4-R256-v1,ac99f7f235977b62c7f867154f16d24041ba7ae2e5440b90e4b316254257ab0c,OPT-MIX4-R256-v1:0076,Aven12_1_414_z1,6f0089fab7ff82393eb812a4c22e5aa81395c809e85844c7cbedaef0ae79bb5a,76,T2_test,Aven12_1_414_z1.cif,959362ab6e98f1e7c290ff1e3c363a39305fd899436894d8837f9b68fffc273a,6f0089fab7ff82393eb812a4c22e5aa81395c809e85844c7cbedaef0ae79bb5a,0,46,"[""O"", ""C"", ""N"", ""C"", ""C"", ""C"", ""C"", ""C"", ""C"", ""N"", ""C"", ""C"", ""C"", ""C"", ""N"", ""C"", ""O"", ""N"", ""C"", ""C"", ""C"", ""C"", ""C"", ""C"", ""C"", ""N"", ""C"", ""O"", ""N"", ""C"", ""C"", ""C"", ""H"", ""H"", ""H"", ""H"", ""H"", ""H"", ""H"", ""H"", ""H"", ""H"", ""H"", ""H"", ""H"", ""H""]",C23H14N6O3,"[true, true, true]","[11.72353135801881, 0.0, 0.0, 1.3287957085156703, 8.101650736819746, 0.0, 3.5098789641498778, 4.460194632288994, 14.152604385451973]",1344.2137483940842,[],"{""cutoff=4.500_skin=0.000"": 852, ""cutoff=4.500_skin=0.250"": 994, ""cutoff=4.500_skin=0.500"": 1116, ""cutoff=4.500_skin=1.000"": 1328, ""cutoff=5.000_skin=0.000"": 1116, ""cutoff=5.000_skin=0.250"": 1218, ""cutoff=5.000_skin=0.500"": 1328, ""cutoff=5.000_skin=1.000"": 1644, ""cutoff=6.000_skin=0.000"": 1644, ""cutoff=6.000_skin=0.250"": 1828, ""cutoff=6.000_skin=0.500"": 2018, ""cutoff=6.000_skin=1.000"": 2508}",0.0,,
OPT-MIX4-R256-v1,ac99f7f235977b62c7f867154f16d24041ba7ae2e5440b90e4b316254257ab0c,OPT-MIX4-R256-v1:0077,Aven12_2_1636_z1,a5bf60b084bd569a95d1e1f50217918a2e3b3e50fa50724e91874d82c9bc5ab9,77,T2_test,Aven12_2_1636_z1.cif,4c440e11984c6e53113c6ec664684d84d63bb1965f74a3c8a2cbb21f0034b06e,a5bf60b084bd569a95d1e1f50217918a2e3b3e50fa50724e91874d82c9bc5ab9,0,92,"[""O"", ""C"", ""N"", ""C"", ""C"", ""C"", ""C"", ""C"", ""C"", ""N"", ""C"", ""C"", ""C"", ""C"", ""N"", ""C"", ""O"", ""N"", ""C"", ""C"", ""C"", ""C"", ""C"", ""C"", ""C"", ""N"", ""C"", ""O"", ""N"", ""C"", ""C"", ""C"", ""H"", ""H"", ""H"", ""H"", ""H"", ""H"", ""H"", ""H"", ""H"", ""H"", ""H"", ""H"", ""H"", ""H"", ""O"", ""C"", ""N"", ""C"", ""C"", ""C"", ""C"", ""C"", ""C"", ""N"", ""C"", ""C"", ""C"", ""C"", ""N"", ""C"", ""O"", ""N"", ""C"", ""C"", ""C"", ""C"", ""C"", ""C"", ""C"", ""N"", ""C"", ""O"", ""N"", ""C"", ""C"", ""C"", ""H"", ""H"", ""H"", ""H"", ""H"", ""H"", ""H"", ""H"", ""H"", ""H"", ""H"", ""H"", ""H"", ""H""]",C46H28N12O6,"[true, true, true]","[18.233181309726227, 0.0, 0.0, 4.711427141838519, 12.434717011243654, 0.0, 2.367665064966293, -9.714512321641887, 9.659637540400224]",2190.0760066257026,[],"{""cutoff=4.500_skin=0.000"": 1894, ""cutoff=4.500_skin=0.250"": 2218, ""cutoff=4.500_skin=0.500"": 2448, ""cutoff=4.500_skin=1.000"": 2950, ""cutoff=5.000_skin=0.000"": 2448, ""cutoff=5.000_skin=0.250"": 2670, ""cutoff=5.000_skin=0.500"": 2950, ""cutoff=5.000_skin=1.000"": 3684, ""cutoff=6.000_skin=0.000"": 3684, ""cutoff=6.000_skin=0.250"": 4050, ""cutoff=6.000_skin=0.500"": 4484, ""cutoff=6.000_skin=1.000"": 5500}",0.0,,
OPT-MIX4-R256-v1,ac99f7f235977b62c7f867154f16d24041ba7ae2e5440b90e4b316254257ab0c,OPT-MIX4-R256-v1:0078,Aven12_19_372_z1,a72eb7c6ae42f72223584c4f4e0e8cd4f05f88c2b60338a44ce44fb4d2ce7b1a,78,T2_test,Aven12_19_372_z1.cif,cdc6797b9394bbeccd75ecb3414243ce1c60d45e2aabcb09db190bd5566c9a75,a72eb7c6ae42f72223584c4f4e0e8cd4f05f88c2b60338a44ce44fb4d2ce7b1a,0,184,"[""O"", ""C"", ""N"", ""C"", ""C"", ""C"", ""C"", ""C"", ""C"", ""N"", ""C"", ""C"", ""C"", ""C"", ""N"", ""C"", ""O"", ""N"", ""C"", ""C"", ""C"", ""C"", ""C"", ""C"", ""C"", ""N"", ""C"", ""O"", ""N"", ""C"", ""C"", ""C"", ""H"", ""H"", ""H"", ""H"", ""H"", ""H"", ""H"", ""H"", ""H"", ""H"", ""H"", ""H"", ""H"", ""H"", ""O"", ""C"", ""N"", ""C"", ""C"", ""C"", ""C"", ""C"", ""C"", ""N"", ""C"", ""C"", ""C"", ""C"", ""N"", ""C"", ""O"", ""N"", ""C"", ""C"", ""C"", ""C"", ""C"", ""C"", ""C"", ""N"", ""C"", ""O"", ""N"", ""C"", ""C"", ""C"", ""H"", ""H"", ""H"", ""H"", ""H"", ""H"", ""H"", ""H"", ""H"", ""H"", ""H"", ""H"", ""H"", ""H"", ""O"", ""C"", ""N"", ""C"", ""C"", ""C"", ""C"", ""C"", ""C"", ""N"", ""C"", ""C"", ""C"", ""C"", ""N"", ""C"", ""O"", ""N"", ""C"", ""C"", ""C"", ""C"", ""C"", ""C"", ""C"", ""N"", ""C"", ""O"", ""N"", ""C"", ""C"", ""C"", ""H"", ""H"", ""H"", ""H"", ""H"", ""H"", ""H"", ""H"", ""H"", ""H"", ""H"", ""H"", ""H"", ""H"", ""O"", ""C"", ""N"", ""C"", ""C"", ""C"", ""C"", ""C"", ""C"", ""N"", ""C"", ""C"", ""C"", ""C"", ""N"", ""C"", ""O"", ""N"", ""C"", ""C"", ""C"", ""C"", ""C"", ""C"", ""C"", ""N"", ""C"", ""O"", ""N"", ""C"", ""C"", ""C"", ""H"", ""H"", ""H"", ""H"", ""H"", ""H"", ""H"", ""H"", ""H"", ""H"", ""H"", ""H"", ""H"", ""H""]",C92H56N24O12,"[true, true, true]","[14.503771956989823, 0.0, 0.0, 0.0, 15.17852211019504, 0.0, 0.0, 0.0, 15.55843716852614]",3425.124960199434,[],"{""cutoff=4.500_skin=0.000"": 3848, ""cutoff=4.500_skin=0.250"": 4672, ""cutoff=4.500_skin=0.500"": 5352, ""cutoff=4.500_skin=1.000"": 6880, ""cutoff=5.000_skin=0.000"": 5352, ""cutoff=5.000_skin=0.250"": 6000, ""cutoff=5.000_skin=0.500"": 6880, ""cutoff=5.000_skin=1.000"": 8984, ""cutoff=6.000_skin=0.000"": 8984, ""cutoff=6.000_skin=0.250"": 9904, ""cutoff=6.000_skin=0.500"": 11112, ""cutoff=6.000_skin=1.000"": 13880}",0.0,,
OPT-MIX4-R256-v1,ac99f7f235977b62c7f867154f16d24041ba7ae2e5440b90e4b316254257ab0c,OPT-MIX4-R256-v1:0079,Aven12_148_2409_z1,effabe087148757988fae9d41588e07cf2db705f45e408a0b6b0b9582d4ec7c7,79,T2_test,Aven12_148_2409_z1.cif,02db5354b648640496010bf15c17238e075000ebf4bb6557ee72f4495098daa7,effabe087148757988fae9d41588e07cf2db705f45e408a0b6b0b9582d4ec7c7,0,276,"[""O"", ""C"", ""N"", ""C"", ""C"", ""C"", ""C"", ""C"", ""C"", ""N"", ""C"", ""C"", ""C"", ""C"", ""N"", ""C"", ""O"", ""N"", ""C"", ""C"", ""C"", ""C"", ""C"", ""C"", ""C"", ""N"", ""C"", ""O"", ""N"", ""C"", ""C"", ""C"", ""H"", ""H"", ""H"", ""H"", ""H"", ""H"", ""H"", ""H"", ""H"", ""H"", ""H"", ""H"", ""H"", ""H"", ""O"", ""C"", ""N"", ""C"", ""C"", ""C"", ""C"", ""C"", ""C"", ""N"", ""C"", ""C"", ""C"", ""C"", ""N"", ""C"", ""O"", ""N"", ""C"", ""C"", ""C"", ""C"", ""C"", ""C"", ""C"", ""N"", ""C"", ""O"", ""N"", ""C"", ""C"", ""C"", ""H"", ""H"", ""H"", ""H"", ""H"", ""H"", ""H"", ""H"", ""H"", ""H"", ""H"", ""H"", ""H"", ""H"", ""O"", ""C"", ""N"", ""C"", ""C"", ""C"", ""C"", ""C"", ""C"", ""N"", ""C"", ""C"", ""C"", ""C"", ""N"", ""C"", ""O"", ""N"", ""C"", ""C"", ""C"", ""C"", ""C"", ""C"", ""C"", ""N"", ""C"", ""O"", ""N"", ""C"", ""C"", ""C"", ""H"", ""H"", ""H"", ""H"", ""H"", ""H"", ""H"", ""H"", ""H"", ""H"", ""H"", ""H"", ""H"", ""H"", ""O"", ""C"", ""N"", ""C"", ""C"", ""C"", ""C"", ""C"", ""C"", ""N"", ""C"", ""C"", ""C"", ""C"", ""N"", ""C"", ""O"", ""N"", ""C"", ""C"", ""C"", ""C"", ""C"", ""C"", ""C"", ""N"", ""C"", ""O"", ""N"", ""C"", ""C"", ""C"", ""H"", ""H"", ""H"", ""H"", ""H"", ""H"", ""H"", ""H"", ""H"", ""H"", ""H"", ""H"", ""H"", ""H"", ""O"", ""C"", ""N"", ""C"", ""C"", ""C"", ""C"", ""C"", ""C"", ""N"", ""C"", ""C"", ""C"", ""C"", ""N"", ""C"", ""O"", ""N"", ""C"", ""C"", ""C"", ""C"", ""C"", ""C"", ""C"", ""N"", ""C"", ""O"", ""N"", ""C"", ""C"", ""C"", ""H"", ""H"", ""H"", ""H"", ""H"", ""H"", ""H"", ""H"", ""H"", ""H"", ""H"", ""H"", ""H"", ""H"", ""O"", ""C"", ""N"", ""C"", ""C"", ""C"", ""C"", ""C"", ""C"", ""N"", ""C"", ""C"", ""C"", ""C"", ""N"", ""C"", ""O"", ""N"", ""C"", ""C"", ""C"", ""C"", ""C"", ""C"", ""C"", ""N"", ""C"", ""O"", ""N"", ""C"", ""C"", ""C"", ""H"", ""H"", ""H"", ""H"", ""H"", ""H"", ""H"", ""H"", ""H"", ""H"", ""H"", ""H"", ""H"", ""H""]",C138H84N36O18,"[true, true, true]","[20.629226606890512, 0.0, 0.0, -4.645565004800704, 20.099346163112134, 0.0, -4.645565004800704, -5.841766516285659, 19.23167907786042]",7974.107381377224,[],"{""cutoff=4.500_skin=0.000"": 5472, ""cutoff=4.500_skin=0.250"": 6396, ""cutoff=4.500_skin=0.500"": 6948, ""cutoff=4.500_skin=1.000"": 8556, ""cutoff=5.000_skin=0.000"": 6948, ""cutoff=5.000_skin=0.250"": 7584, ""cutoff=5.000_skin=0.500"": 8556, ""cutoff=5.000_skin=1.000"": 10656, ""cutoff=6.000_skin=0.000"": 10656, ""cutoff=6.000_skin=0.250"": 11568, ""cutoff=6.000_skin=0.500"": 12852, ""cutoff=6.000_skin=1.000"": 15768}",0.0,,
OPT-MIX4-R256-v1,ac99f7f235977b62c7f867154f16d24041ba7ae2e5440b90e4b316254257ab0c,OPT-MIX4-R256-v1:0080,Aven12_1_74_z1,9231acf4c367e6b21f4c081847a6c34b6ed5ebf595e042efccd2f7250ad6e9da,80,T2_test,Aven12_1_74_z1.cif,c4d02c16d9b3657e0dd2bbadfa102811ad8b5bd8e3d6a07018c4dbea9a80873c,9231acf4c367e6b21f4c081847a6c34b6ed5ebf595e042efccd2f7250ad6e9da,0,46,"[""O"", ""C"", ""N"", ""C"", ""C"", ""C"", ""C"", ""C"", ""C"", ""N"", ""C"", ""C"", ""C"", ""C"", ""N"", ""C"", ""O"", ""N"", ""C"", ""C"", ""C"", ""C"", ""C"", ""C"", ""C"", ""N"", ""C"", ""O"", ""N"", ""C"", ""C"", ""C"", ""H"", ""H"", ""H"", ""H"", ""H"", ""H"", ""H"", ""H"", ""H"", ""H"", ""H"", ""H"", ""H"", ""H""]",C23H14N6O3,"[true, true, true]","[10.761849533587679, 0.0, 0.0, -0.7247900369964331, 9.853329785795898, 0.0, 0.8478668985857993, -2.0780244636474556, 10.951944327786288]",1161.344752147759,[],"{""cutoff=4.500_skin=0.000"": 886, ""cutoff=4.500_skin=0.250"": 1030, ""cutoff=4.500_skin=0.500"": 1118, ""cutoff=4.500_skin=1.000"": 1352, ""cutoff=5.000_skin=0.000"": 1118, ""cutoff=5.000_skin=0.250"": 1218, ""cutoff=5.000_skin=0.500"": 1352, ""cutoff=5.000_skin=1.000"": 1698, ""cutoff=6.000_skin=0.000"": 1698, ""cutoff=6.000_skin=0.250"": 1864, ""cutoff=6.000_skin=0.500"": 2052, ""cutoff=6.000_skin=1.000"": 2526}",0.0,,
OPT-MIX4-R256-v1,ac99f7f235977b62c7f867154f16d24041ba7ae2e5440b90e4b316254257ab0c,OPT-MIX4-R256-v1:0081,Aven12_4_666_z1,974bb11867af676d870f14ef31add7a90525c844d1e74df96dd212c7db30bcb1,81,T2_test,Aven12_4_666_z1.cif,b58c63f36b507f01f99bc9a2c764947b79bfd3c2cb737b643722dc9e1f227e4d,974bb11867af676d870f14ef31add7a90525c844d1e74df96dd212c7db30bcb1,0,92,"[""O"", ""C"", ""N"", ""C"", ""C"", ""C"", ""C"", ""C"", ""C"", ""N"", ""C"", ""C"", ""C"", ""C"", ""N"", ""C"", ""O"", ""N"", ""C"", ""C"", ""C"", ""C"", ""C"", ""C"", ""C"", ""N"", ""C"", ""O"", ""N"", ""C"", ""C"", ""C"", ""H"", ""H"", ""H"", ""H"", ""H"", ""H"", ""H"", ""H"", ""H"", ""H"", ""H"", ""H"", ""H"", ""H"", ""O"", ""C"", ""N"", ""C"", ""C"", ""C"", ""C"", ""C"", ""C"", ""N"", ""C"", ""C"", ""C"", ""C"", ""N"", ""C"", ""O"", ""N"", ""C"", ""C"", ""C"", ""C"", ""C"", ""C"", ""C"", ""N"", ""C"", ""O"", ""N"", ""C"", ""C"", ""C"", ""H"", ""H"", ""H"", ""H"", ""H"", ""H"", ""H"", ""H"", ""H"", ""H"", ""H"", ""H"", ""H"", ""H""]",C46H28N12O6,"[true, true, true]","[10.341521625571374, 0.0, 0.0, 0.0, 18.55121178146684, 0.0, 5.93593685885049, 0.0, 10.64040026867225]",2041.3369338371351,[],"{""cutoff=4.500_skin=0.000"": 1800, ""cutoff=4.500_skin=0.250"": 2088, ""cutoff=4.500_skin=0.500"": 2312, ""cutoff=4.500_skin=1.000"": 2900, ""cutoff=5.000_skin=0.000"": 2312, ""cutoff=5.000_skin=0.250"": 2560, ""cutoff=5.000_skin=0.500"": 2900, ""cutoff=5.000_skin=1.000"": 3744, ""cutoff=6.000_skin=0.000"": 3744, ""cutoff=6.000_skin=0.250"": 4112, ""cutoff=6.000_skin=0.500"": 4632, ""cutoff=6.000_skin=1.000"": 5796}",0.0,,
OPT-MIX4-R256-v1,ac99f7f235977b62c7f867154f16d24041ba7ae2e5440b90e4b316254257ab0c,OPT-MIX4-R256-v1:0082,Aven12_14_2082_z1,50fe735626e7cbe5c8cb2b48deae33377a6b515d55f3ba19661d2859b0533733,82,T2_test,Aven12_14_2082_z1.cif,5d923a6d44014d1f4b92c450cbea0ce56dae0745876f189060a8b8668a10722f,50fe735626e7cbe5c8cb2b48deae33377a6b515d55f3ba19661d2859b0533733,0,184,"[""O"", ""C"", ""N"", ""C"", ""C"", ""C"", ""C"", ""C"", ""C"", ""N"", ""C"", ""C"", ""C"", ""C"", ""N"", ""C"", ""O"", ""N"", ""C"", ""C"", ""C"", ""C"", ""C"", ""C"", ""C"", ""N"", ""C"", ""O"", ""N"", ""C"", ""C"", ""C"", ""H"", ""H"", ""H"", ""H"", ""H"", ""H"", ""H"", ""H"", ""H"", ""H"", ""H"", ""H"", ""H"", ""H"", ""O"", ""C"", ""N"", ""C"", ""C"", ""C"", ""C"", ""C"", ""C"", ""N"", ""C"", ""C"", ""C"", ""C"", ""N"", ""C"", ""O"", ""N"", ""C"", ""C"", ""C"", ""C"", ""C"", ""C"", ""C"", ""N"", ""C"", ""O"", ""N"", ""C"", ""C"", ""C"", ""H"", ""H"", ""H"", ""H"", ""H"", ""H"", ""H"", ""H"", ""H"", ""H"", ""H"", ""H"", ""H"", ""H"", ""O"", ""C"", ""N"", ""C"", ""C"", ""C"", ""C"", ""C"", ""C"", ""N"", ""C"", ""C"", ""C"", ""C"", ""N"", ""C"", ""O"", ""N"", ""C"", ""C"", ""C"", ""C"", ""C"", ""C"", ""C"", ""N"", ""C"", ""O"", ""N"", ""C"", ""C"", ""C"", ""H"", ""H"", ""H"", ""H"", ""H"", ""H"", ""H"", ""H"", ""H"", ""H"", ""H"", ""H"", ""H"", ""H"", ""O"", ""C"", ""N"", ""C"", ""C"", ""C"", ""C"", ""C"", ""C"", ""N"", ""C"", ""C"", ""C"", ""C"", ""N"", ""C"", ""O"", ""N"", ""C"", ""C"", ""C"", ""C"", ""C"", ""C"", ""C"", ""N"", ""C"", ""O"", ""N"", ""C"", ""C"", ""C"", ""H"", ""H"", ""H"", ""H"", ""H"", ""H"", ""H"", ""H"", ""H"", ""H"", ""H"", ""H"", ""H"", ""H""]",C92H56N24O12,"[true, true, true]","[18.273878282931378, 0.0, 0.0, 0.0, 9.709706868238264, 0.0, -13.085264337672532, 0.0, 25.646411902662027]",4550.5454873173985,[],"{""cutoff=4.500_skin=0.000"": 3472, ""cutoff=4.500_skin=0.250"": 4084, ""cutoff=4.500_skin=0.500"": 4492, ""cutoff=4.500_skin=1.000"": 5672, ""cutoff=5.000_skin=0.000"": 4492, ""cutoff=5.000_skin=0.250"": 4988, ""cutoff=5.000_skin=0.500"": 5672, ""cutoff=5.000_skin=1.000"": 7152, ""cutoff=6.000_skin=0.000"": 7152, ""cutoff=6.000_skin=0.250"": 7916, ""cutoff=6.000_skin=0.500"": 8812, ""cutoff=6.000_skin=1.000"": 10816}",0.0,,
OPT-MIX4-R256-v1,ac99f7f235977b62c7f867154f16d24041ba7ae2e5440b90e4b316254257ab0c,OPT-MIX4-R256-v1:0083,Aven12_148_1661_z1,def8fcf5aac1bf546c620a468b7f096ff189dd2345b15508130e32fdd20369ab,83,T2_test,Aven12_148_1661_z1.cif,f114f05f5e49b17ddcb92b29a939f809971121124145fa3f24ee46f3e6e73021,def8fcf5aac1bf546c620a468b7f096ff189dd2345b15508130e32fdd20369ab,0,276,"[""O"", ""C"", ""N"", ""C"", ""C"", ""C"", ""C"", ""C"", ""C"", ""N"", ""C"", ""C"", ""C"", ""C"", ""N"", ""C"", ""O"", ""N"", ""C"", ""C"", ""C"", ""C"", ""C"", ""C"", ""C"", ""N"", ""C"", ""O"", ""N"", ""C"", ""C"", ""C"", ""H"", ""H"", ""H"", ""H"", ""H"", ""H"", ""H"", ""H"", ""H"", ""H"", ""H"", ""H"", ""H"", ""H"", ""O"", ""C"", ""N"", ""C"", ""C"", ""C"", ""C"", ""C"", ""C"", ""N"", ""C"", ""C"", ""C"", ""C"", ""N"", ""C"", ""O"", ""N"", ""C"", ""C"", ""C"", ""C"", ""C"", ""C"", ""C"", ""N"", ""C"", ""O"", ""N"", ""C"", ""C"", ""C"", ""H"", ""H"", ""H"", ""H"", ""H"", ""H"", ""H"", ""H"", ""H"", ""H"", ""H"", ""H"", ""H"", ""H"", ""O"", ""C"", ""N"", ""C"", ""C"", ""C"", ""C"", ""C"", ""C"", ""N"", ""C"", ""C"", ""C"", ""C"", ""N"", ""C"", ""O"", ""N"", ""C"", ""C"", ""C"", ""C"", ""C"", ""C"", ""C"", ""N"", ""C"", ""O"", ""N"", ""C"", ""C"", ""C"", ""H"", ""H"", ""H"", ""H"", ""H"", ""H"", ""H"", ""H"", ""H"", ""H"", ""H"", ""H"", ""H"", ""H"", ""O"", ""C"", ""N"", ""C"", ""C"", ""C"", ""C"", ""C"", ""C"", ""N"", ""C"", ""C"", ""C"", ""C"", ""N"", ""C"", ""O"", ""N"", ""C"", ""C"", ""C"", ""C"", ""C"", ""C"", ""C"", ""N"", ""C"", ""O"", ""N"", ""C"", ""C"", ""C"", ""H"", ""H"", ""H"", ""H"", ""H"", ""H"", ""H"", ""H"", ""H"", ""H"", ""H"", ""H"", ""H"", ""H"", ""O"", ""C"", ""N"", ""C"", ""C"", ""C"", ""C"", ""C"", ""C"", ""N"", ""C"", ""C"", ""C"", ""C"", ""N"", ""C"", ""O"", ""N"", ""C"", ""C"", ""C"", ""C"", ""C"", ""C"", ""C"", ""N"", ""C"", ""O"", ""N"", ""C"", ""C"", ""C"", ""H"", ""H"", ""H"", ""H"", ""H"", ""H"", ""H"", ""H"", ""H"", ""H"", ""H"", ""H"", ""H"", ""H"", ""O"", ""C"", ""N"", ""C"", ""C"", ""C"", ""C"", ""C"", ""C"", ""N"", ""C"", ""C"", ""C"", ""C"", ""N"", ""C"", ""O"", ""N"", ""C"", ""C"", ""C"", ""C"", ""C"", ""C"", ""C"", ""N"", ""C"", ""O"", ""N"", ""C"", ""C"", ""C"", ""H"", ""H"", ""H"", ""H"", ""H"", ""H"", ""H"", ""H"", ""H"", ""H"", ""H"", ""H"", ""H"", ""H""]",C138H84N36O18,"[true, true, true]","[26.109413498898583, 0.0, 0.0, -4.488785067813024, 25.72065865936264, 0.0, -4.488785067813024, -5.340016313238397, 25.16021676468218]",16896.37658862413,[],"{""cutoff=4.500_skin=0.000"": 4692, ""cutoff=4.500_skin=0.250"": 5442, ""cutoff=4.500_skin=0.500"": 5742, ""cutoff=4.500_skin=1.000"": 6558, ""cutoff=5.000_skin=0.000"": 5742, ""cutoff=5.000_skin=0.250"": 6090, ""cutoff=5.000_skin=0.500"": 6558, ""cutoff=5.000_skin=1.000"": 7734, ""cutoff=6.000_skin=0.000"": 7734, ""cutoff=6.000_skin=0.250"": 8220, ""cutoff=6.000_skin=0.500"": 8952, ""cutoff=6.000_skin=1.000"": 10698}",0.0,,
OPT-MIX4-R256-v1,ac99f7f235977b62c7f867154f16d24041ba7ae2e5440b90e4b316254257ab0c,OPT-MIX4-R256-v1:0084,Aven12_1_430_z1,729b76f6a4f331dc20bbc80532809d933a5f9a90b067694a259bc028467873d6,84,T2_test,Aven12_1_430_z1.cif,53417f024a99e40c85346260684be58e81f331e500a0a3d9226fa511c58fa51e,729b76f6a4f331dc20bbc80532809d933a5f9a90b067694a259bc028467873d6,0,46,"[""O"", ""C"", ""N"", ""C"", ""C"", ""C"", ""C"", ""C"", ""C"", ""N"", ""C"", ""C"", ""C"", ""C"", ""N"", ""C"", ""O"", ""N"", ""C"", ""C"", ""C"", ""C"", ""C"", ""C"", ""C"", ""N"", ""C"", ""O"", ""N"", ""C"", ""C"", ""C"", ""H"", ""H"", ""H"", ""H"", ""H"", ""H"", ""H"", ""H"", ""H"", ""H"", ""H"", ""H"", ""H"", ""H""]",C23H14N6O3,"[true, true, true]","[10.945535926707656, 0.0, 0.0, 4.34256480635395, 12.42699813711276, 0.0, 0.797764753283806, -7.226232589547366, 8.207167350967673]",1116.340171667841,[],"{""cutoff=4.500_skin=0.000"": 866, ""cutoff=4.500_skin=0.250"": 1028, ""cutoff=4.500_skin=0.500"": 1134, ""cutoff=4.500_skin=1.000"": 1392, ""cutoff=5.000_skin=0.000"": 1134, ""cutoff=5.000_skin=0.250"": 1234, ""cutoff=5.000_skin=0.500"": 1392, ""cutoff=5.000_skin=1.000"": 1730, ""cutoff=6.000_skin=0.000"": 1730, ""cutoff=6.000_skin=0.250"": 1918, ""cutoff=6.000_skin=0.500"": 2136, ""cutoff=6.000_skin=1.000"": 2658}",0.0,,
OPT-MIX4-R256-v1,ac99f7f235977b62c7f867154f16d24041ba7ae2e5440b90e4b316254257ab0c,OPT-MIX4-R256-v1:0085,Aven12_4_376_z1,6f9ab0095f76083899a106d074f32b7106f4b7575ae21b03d0db0feeb94fde36,85,T2_test,Aven12_4_376_z1.cif,0498efb427946c9717921a3f27d5d939f500d499fbec67eeebd62767b6d651e4,6f9ab0095f76083899a106d074f32b7106f4b7575ae21b03d0db0feeb94fde36,0,92,"[""O"", ""C"", ""N"", ""C"", ""C"", ""C"", ""C"", ""C"", ""C"", ""N"", ""C"", ""C"", ""C"", ""C"", ""N"", ""C"", ""O"", ""N"", ""C"", ""C"", ""C"", ""C"", ""C"", ""C"", ""C"", ""N"", ""C"", ""O"", ""N"", ""C"", ""C"", ""C"", ""H"", ""H"", ""H"", ""H"", ""H"", ""H"", ""H"", ""H"", ""H"", ""H"", ""H"", ""H"", ""H"", ""H"", ""O"", ""C"", ""N"", ""C"", ""C"", ""C"", ""C"", ""C"", ""C"", ""N"", ""C"", ""C"", ""C"", ""C"", ""N"", ""C"", ""O"", ""N"", ""C"", ""C"", ""C"", ""C"", ""C"", ""C"", ""C"", ""N"", ""C"", ""O"", ""N"", ""C"", ""C"", ""C"", ""H"", ""H"", ""H"", ""H"", ""H"", ""H"", ""H"", ""H"", ""H"", ""H"", ""H"", ""H"", ""H"", ""H""]",C46H28N12O6,"[true, true, true]","[11.958739555357631, 0.0, 0.0, 0.0, 12.364078132182332, 0.0, -0.3734752283750548, 0.0, 12.319205195565747]",1821.5027767481756,[],"{""cutoff=4.500_skin=0.000"": 1852, ""cutoff=4.500_skin=0.250"": 2240, ""cutoff=4.500_skin=0.500"": 2500, ""cutoff=4.500_skin=1.000"": 3176, ""cutoff=5.000_skin=0.000"": 2500, ""cutoff=5.000_skin=0.250"": 2804, ""cutoff=5.000_skin=0.500"": 3176, ""cutoff=5.000_skin=1.000"": 4036, ""cutoff=6.000_skin=0.000"": 4036, ""cutoff=6.000_skin=0.250"": 4468, ""cutoff=6.000_skin=0.500"": 5032, ""cutoff=6.000_skin=1.000"": 6500}",0.0,,
OPT-MIX4-R256-v1,ac99f7f235977b62c7f867154f16d24041ba7ae2e5440b90e4b316254257ab0c,OPT-MIX4-R256-v1:0086,Aven12_5_358_z1,77c2c031832298c77b8da8daa7539a3557c01427b78ef336cadad288bcf28a4e,86,T2_test,Aven12_5_358_z1.cif,de325507e1a7324d55ef0fe6667183b567dadea3f9479c8e766916db9f954213,77c2c031832298c77b8da8daa7539a3557c01427b78ef336cadad288bcf28a4e,0,184,"[""O"", ""C"", ""N"", ""C"", ""C"", ""C"", ""C"", ""C"", ""C"", ""N"", ""C"", ""C"", ""C"", ""C"", ""N"", ""C"", ""O"", ""N"", ""C"", ""C"", ""C"", ""C"", ""C"", ""C"", ""C"", ""N"", ""C"", ""O"", ""N"", ""C"", ""C"", ""C"", ""H"", ""H"", ""H"", ""H"", ""H"", ""H"", ""H"", ""H"", ""H"", ""H"", ""H"", ""H"", ""H"", ""H"", ""O"", ""C"", ""N"", ""C"", ""C"", ""C"", ""C"", ""C"", ""C"", ""N"", ""C"", ""C"", ""C"", ""C"", ""N"", ""C"", ""O"", ""N"", ""C"", ""C"", ""C"", ""C"", ""C"", ""C"", ""C"", ""N"", ""C"", ""O"", ""N"", ""C"", ""C"", ""C"", ""H"", ""H"", ""H"", ""H"", ""H"", ""H"", ""H"", ""H"", ""H"", ""H"", ""H"", ""H"", ""H"", ""H"", ""O"", ""C"", ""N"", ""C"", ""C"", ""C"", ""C"", ""C"", ""C"", ""N"", ""C"", ""C"", ""C"", ""C"", ""N"", ""C"", ""O"", ""N"", ""C"", ""C"", ""C"", ""C"", ""C"", ""C"", ""C"", ""N"", ""C"", ""O"", ""N"", ""C"", ""C"", ""C"", ""H"", ""H"", ""H"", ""H"", ""H"", ""H"", ""H"", ""H"", ""H"", ""H"", ""H"", ""H"", ""H"", ""H"", ""O"", ""C"", ""N"", ""C"", ""C"", ""C"", ""C"", ""C"", ""C"", ""N"", ""C"", ""C"", ""C"", ""C"", ""N"", ""C"", ""O"", ""N"", ""C"", ""C"", ""C"", ""C"", ""C"", ""C"", ""C"", ""N"", ""C"", ""O"", ""N"", ""C"", ""C"", ""C"", ""H"", ""H"", ""H"", ""H"", ""H"", ""H"", ""H"", ""H"", ""H"", ""H"", ""H"", ""H"", ""H"", ""H""]",C92H56N24O12,"[true, true, true]","[23.76989780339926, 0.0, 0.0, 0.0, 13.778542214444938, 0.0, -3.895351448464736, 0.0, 15.895336032988123]",5205.9536740311905,[],"{""cutoff=4.500_skin=0.000"": 3308, ""cutoff=4.500_skin=0.250"": 3804, ""cutoff=4.500_skin=0.500"": 4244, ""cutoff=4.500_skin=1.000"": 5036, ""cutoff=5.000_skin=0.000"": 4244, ""cutoff=5.000_skin=0.250"": 4552, ""cutoff=5.000_skin=0.500"": 5036, ""cutoff=5.000_skin=1.000"": 6188, ""cutoff=6.000_skin=0.000"": 6188, ""cutoff=6.000_skin=0.250"": 6800, ""cutoff=6.000_skin=0.500"": 7544, ""cutoff=6.000_skin=1.000"": 9292}",0.0,,
OPT-MIX4-R256-v1,ac99f7f235977b62c7f867154f16d24041ba7ae2e5440b90e4b316254257ab0c,OPT-MIX4-R256-v1:0087,Aven12_148_184_z1,e42b92f67a69c5872d9dfe3e114971d6ed81214f405538c3d35bb8680e321d1d,87,T2_test,Aven12_148_184_z1.cif,ef3b7452f5a6929841cc39273b1debd8bb69f5f78dd9069beba82605ce8048f9,e42b92f67a69c5872d9dfe3e114971d6ed81214f405538c3d35bb8680e321d1d,0,276,"[""O"", ""C"", ""N"", ""C"", ""C"", ""C"", ""C"", ""C"", ""C"", ""N"", ""C"", ""C"", ""C"", ""C"", ""N"", ""C"", ""O"", ""N"", ""C"", ""C"", ""C"", ""C"", ""C"", ""C"", ""C"", ""N"", ""C"", ""O"", ""N"", ""C"", ""C"", ""C"", ""H"", ""H"", ""H"", ""H"", ""H"", ""H"", ""H"", ""H"", ""H"", ""H"", ""H"", ""H"", ""H"", ""H"", ""O"", ""C"", ""N"", ""C"", ""C"", ""C"", ""C"", ""C"", ""C"", ""N"", ""C"", ""C"", ""C"", ""C"", ""N"", ""C"", ""O"", ""N"", ""C"", ""C"", ""C"", ""C"", ""C"", ""C"", ""C"", ""N"", ""C"", ""O"", ""N"", ""C"", ""C"", ""C"", ""H"", ""H"", ""H"", ""H"", ""H"", ""H"", ""H"", ""H"", ""H"", ""H"", ""H"", ""H"", ""H"", ""H"", ""O"", ""C"", ""N"", ""C"", ""C"", ""C"", ""C"", ""C"", ""C"", ""N"", ""C"", ""C"", ""C"", ""C"", ""N"", ""C"", ""O"", ""N"", ""C"", ""C"", ""C"", ""C"", ""C"", ""C"", ""C"", ""N"", ""C"", ""O"", ""N"", ""C"", ""C"", ""C"", ""H"", ""H"", ""H"", ""H"", ""H"", ""H"", ""H"", ""H"", ""H"", ""H"", ""H"", ""H"", ""H"", ""H"", ""O"", ""C"", ""N"", ""C"", ""C"", ""C"", ""C"", ""C"", ""C"", ""N"", ""C"", ""C"", ""C"", ""C"", ""N"", ""C"", ""O"", ""N"", ""C"", ""C"", ""C"", ""C"", ""C"", ""C"", ""C"", ""N"", ""C"", ""O"", ""N"", ""C"", ""C"", ""C"", ""H"", ""H"", ""H"", ""H"", ""H"", ""H"", ""H"", ""H"", ""H"", ""H"", ""H"", ""H"", ""H"", ""H"", ""O"", ""C"", ""N"", ""C"", ""C"", ""C"", ""C"", ""C"", ""C"", ""N"", ""C"", ""C"", ""C"", ""C"", ""N"", ""C"", ""O"", ""N"", ""C"", ""C"", ""C"", ""C"", ""C"", ""C"", ""C"", ""N"", ""C"", ""O"", ""N"", ""C"", ""C"", ""C"", ""H"", ""H"", ""H"", ""H"", ""H"", ""H"", ""H"", ""H"", ""H"", ""H"", ""H"", ""H"", ""H"", ""H"", ""O"", ""C"", ""N"", ""C"", ""C"", ""C"", ""C"", ""C"", ""C"", ""N"", ""C"", ""C"", ""C"", ""C"", ""N"", ""C"", ""O"", ""N"", ""C"", ""C"", ""C"", ""C"", ""C"", ""C"", ""C"", ""N"", ""C"", ""O"", ""N"", ""C"", ""C"", ""C"", ""H"", ""H"", ""H"", ""H"", ""H"", ""H"", ""H"", ""H"", ""H"", ""H"", ""H"", ""H"", ""H"", ""H""]",C138H84N36O18,"[true, true, true]","[30.753196435013074, 0.0, 0.0, 5.5409272258861195, 30.249912668434842, 0.0, 5.5409272258861195, 4.618173626431498, 29.895312154317228]",27811.056026243896,[],"{""cutoff=4.500_skin=0.000"": 4920, ""cutoff=4.500_skin=0.250"": 5652, ""cutoff=4.500_skin=0.500"": 6048, ""cutoff=4.500_skin=1.000"": 6948, ""cutoff=5.000_skin=0.000"": 6048, ""cutoff=5.000_skin=0.250"": 6516, ""cutoff=5.000_skin=0.500"": 6948, ""cutoff=5.000_skin=1.000"": 8304, ""cutoff=6.000_skin=0.000"": 8304, ""cutoff=6.000_skin=0.250"": 8784, ""cutoff=6.000_skin=0.500"": 9528, ""cutoff=6.000_skin=1.000"": 11484}",0.0,,
OPT-MIX4-R256-v1,ac99f7f235977b62c7f867154f16d24041ba7ae2e5440b90e4b316254257ab0c,OPT-MIX4-R256-v1:0088,Aven12_1_303_z1,98df46c5e2d8e75ad165b36a0bb5445dd7859c05914114264c72e79bc8d235b5,88,T2_test,Aven12_1_303_z1.cif,faad2e6ea81a895a8be5ec5c18ba471385beb3f3247d530d4364f82bef490d08,98df46c5e2d8e75ad165b36a0bb5445dd7859c05914114264c72e79bc8d235b5,0,46,"[""O"", ""C"", ""N"", ""C"", ""C"", ""C"", ""C"", ""C"", ""C"", ""N"", ""C"", ""C"", ""C"", ""C"", ""N"", ""C"", ""O"", ""N"", ""C"", ""C"", ""C"", ""C"", ""C"", ""C"", ""C"", ""N"", ""C"", ""O"", ""N"", ""C"", ""C"", ""C"", ""H"", ""H"", ""H"", ""H"", ""H"", ""H"", ""H"", ""H"", ""H"", ""H"", ""H"", ""H"", ""H"", ""H""]",C23H14N6O3,"[true, true, true]","[12.337437654205388, 0.0, 0.0, -4.4606234710192245, 10.209307587404204, 0.0, -0.8788977015477558, -5.3012294399923965, 7.503709395016756]",945.1424420314617,[],"{""cutoff=4.500_skin=0.000"": 884, ""cutoff=4.500_skin=0.250"": 1020, ""cutoff=4.500_skin=0.500"": 1138, ""cutoff=4.500_skin=1.000"": 1464, ""cutoff=5.000_skin=0.000"": 1138, ""cutoff=5.000_skin=0.250"": 1270, ""cutoff=5.000_skin=0.500"": 1464, ""cutoff=5.000_skin=1.000"": 1920, ""cutoff=6.000_skin=0.000"": 1920, ""cutoff=6.000_skin=0.250"": 2138, ""cutoff=6.000_skin=0.500"": 2384, ""cutoff=6.000_skin=1.000"": 3108}",0.0,,
OPT-MIX4-R256-v1,ac99f7f235977b62c7f867154f16d24041ba7ae2e5440b90e4b316254257ab0c,OPT-MIX4-R256-v1:0089,Aven12_4_629_z1,295de68096064e093a2b62a6c550e602d4a830755046f10d87a2561f94f72cce,89,T2_test,Aven12_4_629_z1.cif,d72d15a228d87e60fbc6f9736b23e4e10988105cad66d2bde87819dd20dd68bc,295de68096064e093a2b62a6c550e602d4a830755046f10d87a2561f94f72cce,0,92,"[""O"", ""C"", ""N"", ""C"", ""C"", ""C"", ""C"", ""C"", ""C"", ""N"", ""C"", ""C"", ""C"", ""C"", ""N"", ""C"", ""O"", ""N"", ""C"", ""C"", ""C"", ""C"", ""C"", ""C"", ""C"", ""N"", ""C"", ""O"", ""N"", ""C"", ""C"", ""C"", ""H"", ""H"", ""H"", ""H"", ""H"", ""H"", ""H"", ""H"", ""H"", ""H"", ""H"", ""H"", ""H"", ""H"", ""O"", ""C"", ""N"", ""C"", ""C"", ""C"", ""C"", ""C"", ""C"", ""N"", ""C"", ""C"", ""C"", ""C"", ""N"", ""C"", ""O"", ""N"", ""C"", ""C"", ""C"", ""C"", ""C"", ""C"", ""C"", ""N"", ""C"", ""O"", ""N"", ""C"", ""C"", ""C"", ""H"", ""H"", ""H"", ""H"", ""H"", ""H"", ""H"", ""H"", ""H"", ""H"", ""H"", ""H"", ""H"", ""H""]",C46H28N12O6,"[true, true, true]","[10.289999278036646, 0.0, 0.0, 0.0, 21.378927165714167, 0.0, 3.707226419053356, 0.0, 10.868873706894108]",2391.034234983817,[],"{""cutoff=4.500_skin=0.000"": 1776, ""cutoff=4.500_skin=0.250"": 2108, ""cutoff=4.500_skin=0.500"": 2296, ""cutoff=4.500_skin=1.000"": 2816, ""cutoff=5.000_skin=0.000"": 2296, ""cutoff=5.000_skin=0.250"": 2520, ""cutoff=5.000_skin=0.500"": 2816, ""cutoff=5.000_skin=1.000"": 3496, ""cutoff=6.000_skin=0.000"": 3496, ""cutoff=6.000_skin=0.250"": 3832, ""cutoff=6.000_skin=0.500"": 4272, ""cutoff=6.000_skin=1.000"": 5212}",0.0,,
OPT-MIX4-R256-v1,ac99f7f235977b62c7f867154f16d24041ba7ae2e5440b90e4b316254257ab0c,OPT-MIX4-R256-v1:0090,Aven12_33_151_z1,6c4112447cc24d2146904b496ef3050f500910b050a9842bfa9a3fb48ef48231,90,T2_test,Aven12_33_151_z1.cif,4c60afc76b468d10571bbdec66d9cc8685ac4913ec108f61125f818e09b3c5b9,6c4112447cc24d2146904b496ef3050f500910b050a9842bfa9a3fb48ef48231,0,184,"[""O"", ""C"", ""N"", ""C"", ""C"", ""C"", ""C"", ""C"", ""C"", ""N"", ""C"", ""C"", ""C"", ""C"", ""N"", ""C"", ""O"", ""N"", ""C"", ""C"", ""C"", ""C"", ""C"", ""C"", ""C"", ""N"", ""C"", ""O"", ""N"", ""C"", ""C"", ""C"", ""H"", ""H"", ""H"", ""H"", ""H"", ""H"", ""H"", ""H"", ""H"", ""H"", ""H"", ""H"", ""H"", ""H"", ""O"", ""C"", ""N"", ""C"", ""C"", ""C"", ""C"", ""C"", ""C"", ""N"", ""C"", ""C"", ""C"", ""C"", ""N"", ""C"", ""O"", ""N"", ""C"", ""C"", ""C"", ""C"", ""C"", ""C"", ""C"", ""N"", ""C"", ""O"", ""N"", ""C"", ""C"", ""C"", ""H"", ""H"", ""H"", ""H"", ""H"", ""H"", ""H"", ""H"", ""H"", ""H"", ""H"", ""H"", ""H"", ""H"", ""O"", ""C"", ""N"", ""C"", ""C"", ""C"", ""C"", ""C"", ""C"", ""N"", ""C"", ""C"", ""C"", ""C"", ""N"", ""C"", ""O"", ""N"", ""C"", ""C"", ""C"", ""C"", ""C"", ""C"", ""C"", ""N"", ""C"", ""O"", ""N"", ""C"", ""C"", ""C"", ""H"", ""H"", ""H"", ""H"", ""H"", ""H"", ""H"", ""H"", ""H"", ""H"", ""H"", ""H"", ""H"", ""H"", ""O"", ""C"", ""N"", ""C"", ""C"", ""C"", ""C"", ""C"", ""C"", ""N"", ""C"", ""C"", ""C"", ""C"", ""N"", ""C"", ""O"", ""N"", ""C"", ""C"", ""C"", ""C"", ""C"", ""C"", ""C"", ""N"", ""C"", ""O"", ""N"", ""C"", ""C"", ""C"", ""H"", ""H"", ""H"", ""H"", ""H"", ""H"", ""H"", ""H"", ""H"", ""H"", ""H"", ""H"", ""H"", ""H""]",C92H56N24O12,"[true, true, true]","[20.92701905935617, 0.0, 0.0, 0.0, 15.581739565297589, 0.0, 0.0, 0.0, 14.743776856543064]",4807.641334057393,[],"{""cutoff=4.500_skin=0.000"": 3560, ""cutoff=4.500_skin=0.250"": 4088, ""cutoff=4.500_skin=0.500"": 4504, ""cutoff=4.500_skin=1.000"": 5560, ""cutoff=5.000_skin=0.000"": 4504, ""cutoff=5.000_skin=0.250"": 4984, ""cutoff=5.000_skin=0.500"": 5560, ""cutoff=5.000_skin=1.000"": 6912, ""cutoff=6.000_skin=0.000"": 6912, ""cutoff=6.000_skin=0.250"": 7488, ""cutoff=6.000_skin=0.500"": 8280, ""cutoff=6.000_skin=1.000"": 10160}",0.0,,
OPT-MIX4-R256-v1,ac99f7f235977b62c7f867154f16d24041ba7ae2e5440b90e4b316254257ab0c,OPT-MIX4-R256-v1:0091,Aven12_148_1942_z1,e579e2df0d7f546ed7c6f7e95b846b5bac5196645adbc723764c4e0f1b50a04f,91,T2_test,Aven12_148_1942_z1.cif,589e5fb804f0a49148300d3bf61e3978bc6a1b80c000269df21c6582d35d9ae8,e579e2df0d7f546ed7c6f7e95b846b5bac5196645adbc723764c4e0f1b50a04f,0,276,"[""O"", ""C"", ""N"", ""C"", ""C"", ""C"", ""C"", ""C"", ""C"", ""N"", ""C"", ""C"", ""C"", ""C"", ""N"", ""C"", ""O"", ""N"", ""C"", ""C"", ""C"", ""C"", ""C"", ""C"", ""C"", ""N"", ""C"", ""O"", ""N"", ""C"", ""C"", ""C"", ""H"", ""H"", ""H"", ""H"", ""H"", ""H"", ""H"", ""H"", ""H"", ""H"", ""H"", ""H"", ""H"", ""H"", ""O"", ""C"", ""N"", ""C"", ""C"", ""C"", ""C"", ""C"", ""C"", ""N"", ""C"", ""C"", ""C"", ""C"", ""N"", ""C"", ""O"", ""N"", ""C"", ""C"", ""C"", ""C"", ""C"", ""C"", ""C"", ""N"", ""C"", ""O"", ""N"", ""C"", ""C"", ""C"", ""H"", ""H"", ""H"", ""H"", ""H"", ""H"", ""H"", ""H"", ""H"", ""H"", ""H"", ""H"", ""H"", ""H"", ""O"", ""C"", ""N"", ""C"", ""C"", ""C"", ""C"", ""C"", ""C"", ""N"", ""C"", ""C"", ""C"", ""C"", ""N"", ""C"", ""O"", ""N"", ""C"", ""C"", ""C"", ""C"", ""C"", ""C"", ""C"", ""N"", ""C"", ""O"", ""N"", ""C"", ""C"", ""C"", ""H"", ""H"", ""H"", ""H"", ""H"", ""H"", ""H"", ""H"", ""H"", ""H"", ""H"", ""H"", ""H"", ""H"", ""O"", ""C"", ""N"", ""C"", ""C"", ""C"", ""C"", ""C"", ""C"", ""N"", ""C"", ""C"", ""C"", ""C"", ""N"", ""C"", ""O"", ""N"", ""C"", ""C"", ""C"", ""C"", ""C"", ""C"", ""C"", ""N"", ""C"", ""O"", ""N"", ""C"", ""C"", ""C"", ""H"", ""H"", ""H"", ""H"", ""H"", ""H"", ""H"", ""H"", ""H"", ""H"", ""H"", ""H"", ""H"", ""H"", ""O"", ""C"", ""N"", ""C"", ""C"", ""C"", ""C"", ""C"", ""C"", ""N"", ""C"", ""C"", ""C"", ""C"", ""N"", ""C"", ""O"", ""N"", ""C"", ""C"", ""C"", ""C"", ""C"", ""C"", ""C"", ""N"", ""C"", ""O"", ""N"", ""C"", ""C"", ""C"", ""H"", ""H"", ""H"", ""H"", ""H"", ""H"", ""H"", ""H"", ""H"", ""H"", ""H"", ""H"", ""H"", ""H"", ""O"", ""C"", ""N"", ""C"", ""C"", ""C"", ""C"", ""C"", ""C"", ""N"", ""C"", ""C"", ""C"", ""C"", ""N"", ""C"", ""O"", ""N"", ""C"", ""C"", ""C"", ""C"", ""C"", ""C"", ""C"", ""N"", ""C"", ""O"", ""N"", ""C"", ""C"", ""C"", ""H"", ""H"", ""H"", ""H"", ""H"", ""H"", ""H"", ""H"", ""H"", ""H"", ""H"", ""H"", ""H"", ""H""]",C138H84N36O18,"[true, true, true]","[25.735389620361715, 0.0, 0.0, 14.62472419264582, 21.176112041658207, 0.0, 14.62472419264582, 7.673288522343231, 19.736979618313875]",10756.170218279074,[],"{""cutoff=4.500_skin=0.000"": 4734, ""cutoff=4.500_skin=0.250"": 5490, ""cutoff=4.500_skin=0.500"": 5922, ""cutoff=4.500_skin=1.000"": 6990, ""cutoff=5.000_skin=0.000"": 5922, ""cutoff=5.000_skin=0.250"": 6354, ""cutoff=5.000_skin=0.500"": 6990, ""cutoff=5.000_skin=1.000"": 8616, ""cutoff=6.000_skin=0.000"": 8616, ""cutoff=6.000_skin=0.250"": 9336, ""cutoff=6.000_skin=0.500"": 10272, ""cutoff=6.000_skin=1.000"": 12912}",0.0,,
OPT-MIX4-R256-v1,ac99f7f235977b62c7f867154f16d24041ba7ae2e5440b90e4b316254257ab0c,OPT-MIX4-R256-v1:0092,Aven12_1_283_z1,bef32f2e6e50dea8a461cbe26c90a37ca9e2a8fdeab89b04064f9faa610b5d1e,92,T2_test,Aven12_1_283_z1.cif,a5b98e965c710dcad9c83f1d169a1d43a20f9e2115de4b63fa9c4ecc8e4a5c46,bef32f2e6e50dea8a461cbe26c90a37ca9e2a8fdeab89b04064f9faa610b5d1e,0,46,"[""O"", ""C"", ""N"", ""C"", ""C"", ""C"", ""C"", ""C"", ""C"", ""N"", ""C"", ""C"", ""C"", ""C"", ""N"", ""C"", ""O"", ""N"", ""C"", ""C"", ""C"", ""C"", ""C"", ""C"", ""C"", ""N"", ""C"", ""O"", ""N"", ""C"", ""C"", ""C"", ""H"", ""H"", ""H"", ""H"", ""H"", ""H"", ""H"", ""H"", ""H"", ""H"", ""H"", ""H"", ""H"", ""H""]",C23H14N6O3,"[true, true, true]","[10.21126004415214, 0.0, 0.0, 0.1305512113264684, 12.052379893611038, 0.0, -4.745457792460786, 5.474716664466793, 8.420585535209415]",1036.3213375688874,[],"{""cutoff=4.500_skin=0.000"": 872, ""cutoff=4.500_skin=0.250"": 1012, ""cutoff=4.500_skin=0.500"": 1108, ""cutoff=4.500_skin=1.000"": 1378, ""cutoff=5.000_skin=0.000"": 1108, ""cutoff=5.000_skin=0.250"": 1220, ""cutoff=5.000_skin=0.500"": 1378, ""cutoff=5.000_skin=1.000"": 1790, ""cutoff=6.000_skin=0.000"": 1790, ""cutoff=6.000_skin=0.250"": 2002, ""cutoff=6.000_skin=0.500"": 2252, ""cutoff=6.000_skin=1.000"": 2842}",0.0,,
OPT-MIX4-R256-v1,ac99f7f235977b62c7f867154f16d24041ba7ae2e5440b90e4b316254257ab0c,OPT-MIX4-R256-v1:0093,Aven12_2_1911_z1,da5739f0de6808438c5742be74ec4188270f3fcdce2ebe071deafca63402c38b,93,T2_test,Aven12_2_1911_z1.cif,5fcb3f669a487908755a0b3113f08943b49d4c14415efed475eb1627befb5a3c,da5739f0de6808438c5742be74ec4188270f3fcdce2ebe071deafca63402c38b,0,92,"[""O"", ""C"", ""N"", ""C"", ""C"", ""C"", ""C"", ""C"", ""C"", ""N"", ""C"", ""C"", ""C"", ""C"", ""N"", ""C"", ""O"", ""N"", ""C"", ""C"", ""C"", ""C"", ""C"", ""C"", ""C"", ""N"", ""C"", ""O"", ""N"", ""C"", ""C"", ""C"", ""H"", ""H"", ""H"", ""H"", ""H"", ""H"", ""H"", ""H"", ""H"", ""H"", ""H"", ""H"", ""H"", ""H"", ""O"", ""C"", ""N"", ""C"", ""C"", ""C"", ""C"", ""C"", ""C"", ""N"", ""C"", ""C"", ""C"", ""C"", ""N"", ""C"", ""O"", ""N"", ""C"", ""C"", ""C"", ""C"", ""C"", ""C"", ""C"", ""N"", ""C"", ""O"", ""N"", ""C"", ""C"", ""C"", ""H"", ""H"", ""H"", ""H"", ""H"", ""H"", ""H"", ""H"", ""H"", ""H"", ""H"", ""H"", ""H"", ""H""]",C46H28N12O6,"[true, true, true]","[13.80286659923398, 0.0, 0.0, 1.615704113874534, 17.982974620243034, 0.0, 3.6276426955127783, -0.7207936921290901, 12.042715080793714]",2989.2017889997614,[],"{""cutoff=4.500_skin=0.000"": 1706, ""cutoff=4.500_skin=0.250"": 1986, ""cutoff=4.500_skin=0.500"": 2148, ""cutoff=4.500_skin=1.000"": 2528, ""cutoff=5.000_skin=0.000"": 2148, ""cutoff=5.000_skin=0.250"": 2300, ""cutoff=5.000_skin=0.500"": 2528, ""cutoff=5.000_skin=1.000"": 3040, ""cutoff=6.000_skin=0.000"": 3040, ""cutoff=6.000_skin=0.250"": 3294, ""cutoff=6.000_skin=0.500"": 3576, ""cutoff=6.000_skin=1.000"": 4386}",0.0,,
OPT-MIX4-R256-v1,ac99f7f235977b62c7f867154f16d24041ba7ae2e5440b90e4b316254257ab0c,OPT-MIX4-R256-v1:0094,Aven12_5_307_z1,7d34eceb9e7747586ef57c8da4ebf494cc674dc2cab4b0f311ff855f2ea83bf9,94,T2_test,Aven12_5_307_z1.cif,93997e5349837d8632b102eeb99c27787db82e7d6114514fa81b358ab2cd3473,7d34eceb9e7747586ef57c8da4ebf494cc674dc2cab4b0f311ff855f2ea83bf9,0,184,"[""O"", ""C"", ""N"", ""C"", ""C"", ""C"", ""C"", ""C"", ""C"", ""N"", ""C"", ""C"", ""C"", ""C"", ""N"", ""C"", ""O"", ""N"", ""C"", ""C"", ""C"", ""C"", ""C"", ""C"", ""C"", ""N"", ""C"", ""O"", ""N"", ""C"", ""C"", ""C"", ""H"", ""H"", ""H"", ""H"", ""H"", ""H"", ""H"", ""H"", ""H"", ""H"", ""H"", ""H"", ""H"", ""H"", ""O"", ""C"", ""N"", ""C"", ""C"", ""C"", ""C"", ""C"", ""C"", ""N"", ""C"", ""C"", ""C"", ""C"", ""N"", ""C"", ""O"", ""N"", ""C"", ""C"", ""C"", ""C"", ""C"", ""C"", ""C"", ""N"", ""C"", ""O"", ""N"", ""C"", ""C"", ""C"", ""H"", ""H"", ""H"", ""H"", ""H"", ""H"", ""H"", ""H"", ""H"", ""H"", ""H"", ""H"", ""H"", ""H"", ""O"", ""C"", ""N"", ""C"", ""C"", ""C"", ""C"", ""C"", ""C"", ""N"", ""C"", ""C"", ""C"", ""C"", ""N"", ""C"", ""O"", ""N"", ""C"", ""C"", ""C"", ""C"", ""C"", ""C"", ""C"", ""N"", ""C"", ""O"", ""N"", ""C"", ""C"", ""C"", ""H"", ""H"", ""H"", ""H"", ""H"", ""H"", ""H"", ""H"", ""H"", ""H"", ""H"", ""H"", ""H"", ""H"", ""O"", ""C"", ""N"", ""C"", ""C"", ""C"", ""C"", ""C"", ""C"", ""N"", ""C"", ""C"", ""C"", ""C"", ""N"", ""C"", ""O"", ""N"", ""C"", ""C"", ""C"", ""C"", ""C"", ""C"", ""C"", ""N"", ""C"", ""O"", ""N"", ""C"", ""C"", ""C"", ""H"", ""H"", ""H"", ""H"", ""H"", ""H"", ""H"", ""H"", ""H"", ""H"", ""H"", ""H"", ""H"", ""H""]",C92H56N24O12,"[true, true, true]","[18.51014328052213, 0.0, 0.0, 0.0, 20.809702249504397, 0.0, -0.44149865194227794, 0.0, 15.89954167669739]",6124.353525372653,[],"{""cutoff=4.500_skin=0.000"": 3456, ""cutoff=4.500_skin=0.250"": 4012, ""cutoff=4.500_skin=0.500"": 4344, ""cutoff=4.500_skin=1.000"": 5120, ""cutoff=5.000_skin=0.000"": 4344, ""cutoff=5.000_skin=0.250"": 4696, ""cutoff=5.000_skin=0.500"": 5120, ""cutoff=5.000_skin=1.000"": 6272, ""cutoff=6.000_skin=0.000"": 6272, ""cutoff=6.000_skin=0.250"": 6772, ""cutoff=6.000_skin=0.500"": 7464, ""cutoff=6.000_skin=1.000"": 9172}",0.0,,
OPT-MIX4-R256-v1,ac99f7f235977b62c7f867154f16d24041ba7ae2e5440b90e4b316254257ab0c,OPT-MIX4-R256-v1:0095,Aven12_148_1025_z1,c610f97f76a268dc9e700797aa87bd635f3fc81bd3898ee26966ffdcde2243d5,95,T2_test,Aven12_148_1025_z1.cif,df64efa7703f1d3ffce522b07388e9850af19458b2e03ed66342aadc3bcbbd17,c610f97f76a268dc9e700797aa87bd635f3fc81bd3898ee26966ffdcde2243d5,0,276,"[""O"", ""C"", ""N"", ""C"", ""C"", ""C"", ""C"", ""C"", ""C"", ""N"", ""C"", ""C"", ""C"", ""C"", ""N"", ""C"", ""O"", ""N"", ""C"", ""C"", ""C"", ""C"", ""C"", ""C"", ""C"", ""N"", ""C"", ""O"", ""N"", ""C"", ""C"", ""C"", ""H"", ""H"", ""H"", ""H"", ""H"", ""H"", ""H"", ""H"", ""H"", ""H"", ""H"", ""H"", ""H"", ""H"", ""O"", ""C"", ""N"", ""C"", ""C"", ""C"", ""C"", ""C"", ""C"", ""N"", ""C"", ""C"", ""C"", ""C"", ""N"", ""C"", ""O"", ""N"", ""C"", ""C"", ""C"", ""C"", ""C"", ""C"", ""C"", ""N"", ""C"", ""O"", ""N"", ""C"", ""C"", ""C"", ""H"", ""H"", ""H"", ""H"", ""H"", ""H"", ""H"", ""H"", ""H"", ""H"", ""H"", ""H"", ""H"", ""H"", ""O"", ""C"", ""N"", ""C"", ""C"", ""C"", ""C"", ""C"", ""C"", ""N"", ""C"", ""C"", ""C"", ""C"", ""N"", ""C"", ""O"", ""N"", ""C"", ""C"", ""C"", ""C"", ""C"", ""C"", ""C"", ""N"", ""C"", ""O"", ""N"", ""C"", ""C"", ""C"", ""H"", ""H"", ""H"", ""H"", ""H"", ""H"", ""H"", ""H"", ""H"", ""H"", ""H"", ""H"", ""H"", ""H"", ""O"", ""C"", ""N"", ""C"", ""C"", ""C"", ""C"", ""C"", ""C"", ""N"", ""C"", ""C"", ""C"", ""C"", ""N"", ""C"", ""O"", ""N"", ""C"", ""C"", ""C"", ""C"", ""C"", ""C"", ""C"", ""N"", ""C"", ""O"", ""N"", ""C"", ""C"", ""C"", ""H"", ""H"", ""H"", ""H"", ""H"", ""H"", ""H"", ""H"", ""H"", ""H"", ""H"", ""H"", ""H"", ""H"", ""O"", ""C"", ""N"", ""C"", ""C"", ""C"", ""C"", ""C"", ""C"", ""N"", ""C"", ""C"", ""C"", ""C"", ""N"", ""C"", ""O"", ""N"", ""C"", ""C"", ""C"", ""C"", ""C"", ""C"", ""C"", ""N"", ""C"", ""O"", ""N"", ""C"", ""C"", ""C"", ""H"", ""H"", ""H"", ""H"", ""H"", ""H"", ""H"", ""H"", ""H"", ""H"", ""H"", ""H"", ""H"", ""H"", ""O"", ""C"", ""N"", ""C"", ""C"", ""C"", ""C"", ""C"", ""C"", ""N"", ""C"", ""C"", ""C"", ""C"", ""N"", ""C"", ""O"", ""N"", ""C"", ""C"", ""C"", ""C"", ""C"", ""C"", ""C"", ""N"", ""C"", ""O"", ""N"", ""C"", ""C"", ""C"", ""H"", ""H"", ""H"", ""H"", ""H"", ""H"", ""H"", ""H"", ""H"", ""H"", ""H"", ""H"", ""H"", ""H""]",C138H84N36O18,"[true, true, true]","[22.60165910801691, 0.0, 0.0, -3.5066137375688804, 22.32797918600107, 0.0, -3.5066137375688804, -4.100309636705844, 21.948259963232488]",11076.175653751296,[],"{""cutoff=4.500_skin=0.000"": 4842, ""cutoff=4.500_skin=0.250"": 5586, ""cutoff=4.500_skin=0.500"": 6036, ""cutoff=4.500_skin=1.000"": 7236, ""cutoff=5.000_skin=0.000"": 6036, ""cutoff=5.000_skin=0.250"": 6516, ""cutoff=5.000_skin=0.500"": 7236, ""cutoff=5.000_skin=1.000"": 9054, ""cutoff=6.000_skin=0.000"": 9054, ""cutoff=6.000_skin=0.250"": 9678, ""cutoff=6.000_skin=0.500"": 10614, ""cutoff=6.000_skin=1.000"": 12774}",0.0,,
OPT-MIX4-R256-v1,ac99f7f235977b62c7f867154f16d24041ba7ae2e5440b90e4b316254257ab0c,OPT-MIX4-R256-v1:0096,Aven12_1_78_z1,2fe38dd83bcb4880fa1cbb0c441359ea1b90d0bd4d896eca78ac0b585c56bcda,96,T2_test,Aven12_1_78_z1.cif,f3e62f926f31fb82fdb6b4ce3a89fb7499645a76d90583050cfe5cd4033b836e,2fe38dd83bcb4880fa1cbb0c441359ea1b90d0bd4d896eca78ac0b585c56bcda,0,46,"[""O"", ""C"", ""N"", ""C"", ""C"", ""C"", ""C"", ""C"", ""C"", ""N"", ""C"", ""C"", ""C"", ""C"", ""N"", ""C"", ""O"", ""N"", ""C"", ""C"", ""C"", ""C"", ""C"", ""C"", ""C"", ""N"", ""C"", ""O"", ""N"", ""C"", ""C"", ""C"", ""H"", ""H"", ""H"", ""H"", ""H"", ""H"", ""H"", ""H"", ""H"", ""H"", ""H"", ""H"", ""H"", ""H""]",C23H14N6O3,"[true, true, true]","[11.60750819089926, 0.0, 0.0, -3.9774888061192817, 13.896116363193201, 0.0, -3.684128884379642, -7.554111437282413, 9.503352935035961]",1532.8840288431165,[],"{""cutoff=4.500_skin=0.000"": 834, ""cutoff=4.500_skin=0.250"": 964, ""cutoff=4.500_skin=0.500"": 1024, ""cutoff=4.500_skin=1.000"": 1202, ""cutoff=5.000_skin=0.000"": 1024, ""cutoff=5.000_skin=0.250"": 1106, ""cutoff=5.000_skin=0.500"": 1202, ""cutoff=5.000_skin=1.000"": 1440, ""cutoff=6.000_skin=0.000"": 1440, ""cutoff=6.000_skin=0.250"": 1542, ""cutoff=6.000_skin=0.500"": 1676, ""cutoff=6.000_skin=1.000"": 2028}",0.0,,
OPT-MIX4-R256-v1,ac99f7f235977b62c7f867154f16d24041ba7ae2e5440b90e4b316254257ab0c,OPT-MIX4-R256-v1:0097,Aven12_2_3126_z1,b1ac36c3d2259c5b449087df5d1dac2a1ce47eae4612f2df258f22a6e1598662,97,T2_test,Aven12_2_3126_z1.cif,b89a08c6c398023656bf3fc8259a9bfcc09de4163a0ae59b9254d606529b447c,b1ac36c3d2259c5b449087df5d1dac2a1ce47eae4612f2df258f22a6e1598662,0,92,"[""O"", ""C"", ""N"", ""C"", ""C"", ""C"", ""C"", ""C"", ""C"", ""N"", ""C"", ""C"", ""C"", ""C"", ""N"", ""C"", ""O"", ""N"", ""C"", ""C"", ""C"", ""C"", ""C"", ""C"", ""C"", ""N"", ""C"", ""O"", ""N"", ""C"", ""C"", ""C"", ""H"", ""H"", ""H"", ""H"", ""H"", ""H"", ""H"", ""H"", ""H"", ""H"", ""H"", ""H"", ""H"", ""H"", ""O"", ""C"", ""N"", ""C"", ""C"", ""C"", ""C"", ""C"", ""C"", ""N"", ""C"", ""C"", ""C"", ""C"", ""N"", ""C"", ""O"", ""N"", ""C"", ""C"", ""C"", ""C"", ""C"", ""C"", ""C"", ""N"", ""C"", ""O"", ""N"", ""C"", ""C"", ""C"", ""H"", ""H"", ""H"", ""H"", ""H"", ""H"", ""H"", ""H"", ""H"", ""H"", ""H"", ""H"", ""H"", ""H""]",C46H28N12O6,"[true, true, true]","[22.8588501327023, 0.0, 0.0, -2.9552388508388234, 8.800630962727597, 0.0, 8.304061721974257, 11.715023340333914, 11.233200684501721]",2259.808865806244,[],"{""cutoff=4.500_skin=0.000"": 1726, ""cutoff=4.500_skin=0.250"": 2036, ""cutoff=4.500_skin=0.500"": 2282, ""cutoff=4.500_skin=1.000"": 2788, ""cutoff=5.000_skin=0.000"": 2282, ""cutoff=5.000_skin=0.250"": 2532, ""cutoff=5.000_skin=0.500"": 2788, ""cutoff=5.000_skin=1.000"": 3680, ""cutoff=6.000_skin=0.000"": 3680, ""cutoff=6.000_skin=0.250"": 4120, ""cutoff=6.000_skin=0.500"": 4702, ""cutoff=6.000_skin=1.000"": 5932}",0.0,,
OPT-MIX4-R256-v1,ac99f7f235977b62c7f867154f16d24041ba7ae2e5440b90e4b316254257ab0c,OPT-MIX4-R256-v1:0098,Aven12_14_498_z1,fdd654732664086b1dbadd95c619ce311e010525fc7a448b26f2858533db22dc,98,T2_test,Aven12_14_498_z1.cif,c51fc8a8d24a4886c380fef6a49a1bdaae40f0e5c2d113a6f42273f85fbcb362,fdd654732664086b1dbadd95c619ce311e010525fc7a448b26f2858533db22dc,0,184,"[""O"", ""C"", ""N"", ""C"", ""C"", ""C"", ""C"", ""C"", ""C"", ""N"", ""C"", ""C"", ""C"", ""C"", ""N"", ""C"", ""O"", ""N"", ""C"", ""C"", ""C"", ""C"", ""C"", ""C"", ""C"", ""N"", ""C"", ""O"", ""N"", ""C"", ""C"", ""C"", ""H"", ""H"", ""H"", ""H"", ""H"", ""H"", ""H"", ""H"", ""H"", ""H"", ""H"", ""H"", ""H"", ""H"", ""O"", ""C"", ""N"", ""C"", ""C"", ""C"", ""C"", ""C"", ""C"", ""N"", ""C"", ""C"", ""C"", ""C"", ""N"", ""C"", ""O"", ""N"", ""C"", ""C"", ""C"", ""C"", ""C"", ""C"", ""C"", ""N"", ""C"", ""O"", ""N"", ""C"", ""C"", ""C"", ""H"", ""H"", ""H"", ""H"", ""H"", ""H"", ""H"", ""H"", ""H"", ""H"", ""H"", ""H"", ""H"", ""H"", ""O"", ""C"", ""N"", ""C"", ""C"", ""C"", ""C"", ""C"", ""C"", ""N"", ""C"", ""C"", ""C"", ""C"", ""N"", ""C"", ""O"", ""N"", ""C"", ""C"", ""C"", ""C"", ""C"", ""C"", ""C"", ""N"", ""C"", ""O"", ""N"", ""C"", ""C"", ""C"", ""H"", ""H"", ""H"", ""H"", ""H"", ""H"", ""H"", ""H"", ""H"", ""H"", ""H"", ""H"", ""H"", ""H"", ""O"", ""C"", ""N"", ""C"", ""C"", ""C"", ""C"", ""C"", ""C"", ""N"", ""C"", ""C"", ""C"", ""C"", ""N"", ""C"", ""O"", ""N"", ""C"", ""C"", ""C"", ""C"", ""C"", ""C"", ""C"", ""N"", ""C"", ""O"", ""N"", ""C"", ""C"", ""C"", ""H"", ""H"", ""H"", ""H"", ""H"", ""H"", ""H"", ""H"", ""H"", ""H"", ""H"", ""H"", ""H"", ""H""]",C92H56N24O12,"[true, true, true]","[10.583038108686196, 0.0, 0.0, 0.0, 31.148885357068295, 0.0, -4.128058710720779, 0.0, 13.669992190130575]",4506.310748898713,[],"{""cutoff=4.500_skin=0.000"": 3232, ""cutoff=4.500_skin=0.250"": 3720, ""cutoff=4.500_skin=0.500"": 4128, ""cutoff=4.500_skin=1.000"": 5056, ""cutoff=5.000_skin=0.000"": 4128, ""cutoff=5.000_skin=0.250"": 4540, ""cutoff=5.000_skin=0.500"": 5056, ""cutoff=5.000_skin=1.000"": 6236, ""cutoff=6.000_skin=0.000"": 6236, ""cutoff=6.000_skin=0.250"": 6952, ""cutoff=6.000_skin=0.500"": 7772, ""cutoff=6.000_skin=1.000"": 9996}",0.0,,
OPT-MIX4-R256-v1,ac99f7f235977b62c7f867154f16d24041ba7ae2e5440b90e4b316254257ab0c,OPT-MIX4-R256-v1:0099,Aven12_148_2382_z1,46870ebfaf9f38bcaff1cf6b606e681620f073d197ae6b002c1c07c10625d744,99,T2_test,Aven12_148_2382_z1.cif,7768559efbc31b8e41c25d71e6e8e9a6a91f6029aa22f4815ba0803452fb4d9c,46870ebfaf9f38bcaff1cf6b606e681620f073d197ae6b002c1c07c10625d744,0,276,"[""O"", ""C"", ""N"", ""C"", ""C"", ""C"", ""C"", ""C"", ""C"", ""N"", ""C"", ""C"", ""C"", ""C"", ""N"", ""C"", ""O"", ""N"", ""C"", ""C"", ""C"", ""C"", ""C"", ""C"", ""C"", ""N"", ""C"", ""O"", ""N"", ""C"", ""C"", ""C"", ""H"", ""H"", ""H"", ""H"", ""H"", ""H"", ""H"", ""H"", ""H"", ""H"", ""H"", ""H"", ""H"", ""H"", ""O"", ""C"", ""N"", ""C"", ""C"", ""C"", ""C"", ""C"", ""C"", ""N"", ""C"", ""C"", ""C"", ""C"", ""N"", ""C"", ""O"", ""N"", ""C"", ""C"", ""C"", ""C"", ""C"", ""C"", ""C"", ""N"", ""C"", ""O"", ""N"", ""C"", ""C"", ""C"", ""H"", ""H"", ""H"", ""H"", ""H"", ""H"", ""H"", ""H"", ""H"", ""H"", ""H"", ""H"", ""H"", ""H"", ""O"", ""C"", ""N"", ""C"", ""C"", ""C"", ""C"", ""C"", ""C"", ""N"", ""C"", ""C"", ""C"", ""C"", ""N"", ""C"", ""O"", ""N"", ""C"", ""C"", ""C"", ""C"", ""C"", ""C"", ""C"", ""N"", ""C"", ""O"", ""N"", ""C"", ""C"", ""C"", ""H"", ""H"", ""H"", ""H"", ""H"", ""H"", ""H"", ""H"", ""H"", ""H"", ""H"", ""H"", ""H"", ""H"", ""O"", ""C"", ""N"", ""C"", ""C"", ""C"", ""C"", ""C"", ""C"", ""N"", ""C"", ""C"", ""C"", ""C"", ""N"", ""C"", ""O"", ""N"", ""C"", ""C"", ""C"", ""C"", ""C"", ""C"", ""C"", ""N"", ""C"", ""O"", ""N"", ""C"", ""C"", ""C"", ""H"", ""H"", ""H"", ""H"", ""H"", ""H"", ""H"", ""H"", ""H"", ""H"", ""H"", ""H"", ""H"", ""H"", ""O"", ""C"", ""N"", ""C"", ""C"", ""C"", ""C"", ""C"", ""C"", ""N"", ""C"", ""C"", ""C"", ""C"", ""N"", ""C"", ""O"", ""N"", ""C"", ""C"", ""C"", ""C"", ""C"", ""C"", ""C"", ""N"", ""C"", ""O"", ""N"", ""C"", ""C"", ""C"", ""H"", ""H"", ""H"", ""H"", ""H"", ""H"", ""H"", ""H"", ""H"", ""H"", ""H"", ""H"", ""H"", ""H"", ""O"", ""C"", ""N"", ""C"", ""C"", ""C"", ""C"", ""C"", ""C"", ""N"", ""C"", ""C"", ""C"", ""C"", ""N"", ""C"", ""O"", ""N"", ""C"", ""C"", ""C"", ""C"", ""C"", ""C"", ""C"", ""N"", ""C"", ""O"", ""N"", ""C"", ""C"", ""C"", ""H"", ""H"", ""H"", ""H"", ""H"", ""H"", ""H"", ""H"", ""H"", ""H"", ""H"", ""H"", ""H"", ""H""]",C138H84N36O18,"[true, true, true]","[36.335039339845345, 0.0, 0.0, -11.956881867452578, 34.31134010550874, 0.0, -11.956881867452578, -16.82886168982025, 29.900793870076306]",37277.43610775489,[],"{""cutoff=4.500_skin=0.000"": 4692, ""cutoff=4.500_skin=0.250"": 5364, ""cutoff=4.500_skin=0.500"": 5712, ""cutoff=4.500_skin=1.000"": 6420, ""cutoff=5.000_skin=0.000"": 5712, ""cutoff=5.000_skin=0.250"": 6024, ""cutoff=5.000_skin=0.500"": 6420, ""cutoff=5.000_skin=1.000"": 7494, ""cutoff=6.000_skin=0.000"": 7494, ""cutoff=6.000_skin=0.250"": 7938, ""cutoff=6.000_skin=0.500"": 8514, ""cutoff=6.000_skin=1.000"": 10032}",0.0,,
OPT-MIX4-R256-v1,ac99f7f235977b62c7f867154f16d24041ba7ae2e5440b90e4b316254257ab0c,OPT-MIX4-R256-v1:0100,Aven12_1_51_z1,2213e851e6870c2ae0199cd2f703391e2dfe9b95606baf6d94cf2dbf2bd16534,100,T2_test,Aven12_1_51_z1.cif,21c6e91453f6cb3794ae2a42c7dfe77198bc0bf77e9de92eb6f773b19cf8ed73,2213e851e6870c2ae0199cd2f703391e2dfe9b95606baf6d94cf2dbf2bd16534,0,46,"[""O"", ""C"", ""N"", ""C"", ""C"", ""C"", ""C"", ""C"", ""C"", ""N"", ""C"", ""C"", ""C"", ""C"", ""N"", ""C"", ""O"", ""N"", ""C"", ""C"", ""C"", ""C"", ""C"", ""C"", ""C"", ""N"", ""C"", ""O"", ""N"", ""C"", ""C"", ""C"", ""H"", ""H"", ""H"", ""H"", ""H"", ""H"", ""H"", ""H"", ""H"", ""H"", ""H"", ""H"", ""H"", ""H""]",C23H14N6O3,"[true, true, true]","[13.712609185741627, 0.0, 0.0, -4.9163965140796595, 11.87039442031196, 0.0, 8.866512533113546, 4.445886721764551, 9.224087535607152]",1501.4423584478563,[],"{""cutoff=4.500_skin=0.000"": 818, ""cutoff=4.500_skin=0.250"": 936, ""cutoff=4.500_skin=0.500"": 1020, ""cutoff=4.500_skin=1.000"": 1210, ""cutoff=5.000_skin=0.000"": 1020, ""cutoff=5.000_skin=0.250"": 1100, ""cutoff=5.000_skin=0.500"": 1210, ""cutoff=5.000_skin=1.000"": 1420, ""cutoff=6.000_skin=0.000"": 1420, ""cutoff=6.000_skin=0.250"": 1538, ""cutoff=6.000_skin=0.500"": 1700, ""cutoff=6.000_skin=1.000"": 2028}",0.0,,
OPT-MIX4-R256-v1,ac99f7f235977b62c7f867154f16d24041ba7ae2e5440b90e4b316254257ab0c,OPT-MIX4-R256-v1:0101,Aven12_2_2582_z1,22e44b89b7810c024caee5897c8f1cfb9d799ccb297a4b5496cba131169da516,101,T2_test,Aven12_2_2582_z1.cif,54604d5b3ac32cdedb7b5367d304a021670dd043135aa6b0782ce4f94ffb991b,22e44b89b7810c024caee5897c8f1cfb9d799ccb297a4b5496cba131169da516,0,92,"[""O"", ""C"", ""N"", ""C"", ""C"", ""C"", ""C"", ""C"", ""C"", ""N"", ""C"", ""C"", ""C"", ""C"", ""N"", ""C"", ""O"", ""N"", ""C"", ""C"", ""C"", ""C"", ""C"", ""C"", ""C"", ""N"", ""C"", ""O"", ""N"", ""C"", ""C"", ""C"", ""H"", ""H"", ""H"", ""H"", ""H"", ""H"", ""H"", ""H"", ""H"", ""H"", ""H"", ""H"", ""H"", ""H"", ""O"", ""C"", ""N"", ""C"", ""C"", ""C"", ""C"", ""C"", ""C"", ""N"", ""C"", ""C"", ""C"", ""C"", ""N"", ""C"", ""O"", ""N"", ""C"", ""C"", ""C"", ""C"", ""C"", ""C"", ""C"", ""N"", ""C"", ""O"", ""N"", ""C"", ""C"", ""C"", ""H"", ""H"", ""H"", ""H"", ""H"", ""H"", ""H"", ""H"", ""H"", ""H"", ""H"", ""H"", ""H"", ""H""]",C46H28N12O6,"[true, true, true]","[11.913483959540926, 0.0, 0.0, 3.9624517740807863, 17.785460321802766, 0.0, 0.5994076200472884, -1.072654369962039, 8.374473668366699]",1774.4403959275621,[],"{""cutoff=4.500_skin=0.000"": 1932, ""cutoff=4.500_skin=0.250"": 2232, ""cutoff=4.500_skin=0.500"": 2520, ""cutoff=4.500_skin=1.000"": 3204, ""cutoff=5.000_skin=0.000"": 2520, ""cutoff=5.000_skin=0.250"": 2832, ""cutoff=5.000_skin=0.500"": 3204, ""cutoff=5.000_skin=1.000"": 4082, ""cutoff=6.000_skin=0.000"": 4082, ""cutoff=6.000_skin=0.250"": 4552, ""cutoff=6.000_skin=0.500"": 5164, ""cutoff=6.000_skin=1.000"": 6652}",0.0,,
OPT-MIX4-R256-v1,ac99f7f235977b62c7f867154f16d24041ba7ae2e5440b90e4b316254257ab0c,OPT-MIX4-R256-v1:0102,Aven12_77_1346_z1,6da4fd34c0d1471ed7aa6b909f7cba73b770bdef3db07e9bf76f2c633e3b5328,102,T2_test,Aven12_77_1346_z1.cif,db596c4317382568c44b7c26e0db7dddb8665f5f75e043a5eea70aabc65b9b73,6da4fd34c0d1471ed7aa6b909f7cba73b770bdef3db07e9bf76f2c633e3b5328,0,184,"[""O"", ""C"", ""N"", ""C"", ""C"", ""C"", ""C"", ""C"", ""C"", ""N"", ""C"", ""C"", ""C"", ""C"", ""N"", ""C"", ""O"", ""N"", ""C"", ""C"", ""C"", ""C"", ""C"", ""C"", ""C"", ""N"", ""C"", ""O"", ""N"", ""C"", ""C"", ""C"", ""H"", ""H"", ""H"", ""H"", ""H"", ""H"", ""H"", ""H"", ""H"", ""H"", ""H"", ""H"", ""H"", ""H"", ""O"", ""C"", ""N"", ""C"", ""C"", ""C"", ""C"", ""C"", ""C"", ""N"", ""C"", ""C"", ""C"", ""C"", ""N"", ""C"", ""O"", ""N"", ""C"", ""C"", ""C"", ""C"", ""C"", ""C"", ""C"", ""N"", ""C"", ""O"", ""N"", ""C"", ""C"", ""C"", ""H"", ""H"", ""H"", ""H"", ""H"", ""H"", ""H"", ""H"", ""H"", ""H"", ""H"", ""H"", ""H"", ""H"", ""O"", ""C"", ""N"", ""C"", ""C"", ""C"", ""C"", ""C"", ""C"", ""N"", ""C"", ""C"", ""C"", ""C"", ""N"", ""C"", ""O"", ""N"", ""C"", ""C"", ""C"", ""C"", ""C"", ""C"", ""C"", ""N"", ""C"", ""O"", ""N"", ""C"", ""C"", ""C"", ""H"", ""H"", ""H"", ""H"", ""H"", ""H"", ""H"", ""H"", ""H"", ""H"", ""H"", ""H"", ""H"", ""H"", ""O"", ""C"", ""N"", ""C"", ""C"", ""C"", ""C"", ""C"", ""C"", ""N"", ""C"", ""C"", ""C"", ""C"", ""N"", ""C"", ""O"", ""N"", ""C"", ""C"", ""C"", ""C"", ""C"", ""C"", ""C"", ""N"", ""C"", ""O"", ""N"", ""C"", ""C"", ""C"", ""H"", ""H"", ""H"", ""H"", ""H"", ""H"", ""H"", ""H"", ""H"", ""H"", ""H"", ""H"", ""H"", ""H""]",C92H56N24O12,"[true, true, true]","[16.429254565332556, 0.0, 0.0, 0.0, 16.429254565332556, 0.0, 0.0, 0.0, 21.735216991495797]",5866.778585550858,[],"{""cutoff=4.500_skin=0.000"": 3300, ""cutoff=4.500_skin=0.250"": 3776, ""cutoff=4.500_skin=0.500"": 3992, ""cutoff=4.500_skin=1.000"": 4636, ""cutoff=5.000_skin=0.000"": 3992, ""cutoff=5.000_skin=0.250"": 4268, ""cutoff=5.000_skin=0.500"": 4636, ""cutoff=5.000_skin=1.000"": 5560, ""cutoff=6.000_skin=0.000"": 5560, ""cutoff=6.000_skin=0.250"": 5992, ""cutoff=6.000_skin=0.500"": 6576, ""cutoff=6.000_skin=1.000"": 7880}",0.0,,
OPT-MIX4-R256-v1,ac99f7f235977b62c7f867154f16d24041ba7ae2e5440b90e4b316254257ab0c,OPT-MIX4-R256-v1:0103,Aven12_148_288_z1,df163428f356a1e0452aa36f5af7ed723b6919097a6bfe7e35420ee080dcc0c0,103,T2_test,Aven12_148_288_z1.cif,9d583361d56f2608192c1c8ba82b9c3afd8d80e5edd2a3d6043619ec8ad07945,df163428f356a1e0452aa36f5af7ed723b6919097a6bfe7e35420ee080dcc0c0,0,276,"[""O"", ""C"", ""N"", ""C"", ""C"", ""C"", ""C"", ""C"", ""C"", ""N"", ""C"", ""C"", ""C"", ""C"", ""N"", ""C"", ""O"", ""N"", ""C"", ""C"", ""C"", ""C"", ""C"", ""C"", ""C"", ""N"", ""C"", ""O"", ""N"", ""C"", ""C"", ""C"", ""H"", ""H"", ""H"", ""H"", ""H"", ""H"", ""H"", ""H"", ""H"", ""H"", ""H"", ""H"", ""H"", ""H"", ""O"", ""C"", ""N"", ""C"", ""C"", ""C"", ""C"", ""C"", ""C"", ""N"", ""C"", ""C"", ""C"", ""C"", ""N"", ""C"", ""O"", ""N"", ""C"", ""C"", ""C"", ""C"", ""C"", ""C"", ""C"", ""N"", ""C"", ""O"", ""N"", ""C"", ""C"", ""C"", ""H"", ""H"", ""H"", ""H"", ""H"", ""H"", ""H"", ""H"", ""H"", ""H"", ""H"", ""H"", ""H"", ""H"", ""O"", ""C"", ""N"", ""C"", ""C"", ""C"", ""C"", ""C"", ""C"", ""N"", ""C"", ""C"", ""C"", ""C"", ""N"", ""C"", ""O"", ""N"", ""C"", ""C"", ""C"", ""C"", ""C"", ""C"", ""C"", ""N"", ""C"", ""O"", ""N"", ""C"", ""C"", ""C"", ""H"", ""H"", ""H"", ""H"", ""H"", ""H"", ""H"", ""H"", ""H"", ""H"", ""H"", ""H"", ""H"", ""H"", ""O"", ""C"", ""N"", ""C"", ""C"", ""C"", ""C"", ""C"", ""C"", ""N"", ""C"", ""C"", ""C"", ""C"", ""N"", ""C"", ""O"", ""N"", ""C"", ""C"", ""C"", ""C"", ""C"", ""C"", ""C"", ""N"", ""C"", ""O"", ""N"", ""C"", ""C"", ""C"", ""H"", ""H"", ""H"", ""H"", ""H"", ""H"", ""H"", ""H"", ""H"", ""H"", ""H"", ""H"", ""H"", ""H"", ""O"", ""C"", ""N"", ""C"", ""C"", ""C"", ""C"", ""C"", ""C"", ""N"", ""C"", ""C"", ""C"", ""C"", ""N"", ""C"", ""O"", ""N"", ""C"", ""C"", ""C"", ""C"", ""C"", ""C"", ""C"", ""N"", ""C"", ""O"", ""N"", ""C"", ""C"", ""C"", ""H"", ""H"", ""H"", ""H"", ""H"", ""H"", ""H"", ""H"", ""H"", ""H"", ""H"", ""H"", ""H"", ""H"", ""O"", ""C"", ""N"", ""C"", ""C"", ""C"", ""C"", ""C"", ""C"", ""N"", ""C"", ""C"", ""C"", ""C"", ""N"", ""C"", ""O"", ""N"", ""C"", ""C"", ""C"", ""C"", ""C"", ""C"", ""C"", ""N"", ""C"", ""O"", ""N"", ""C"", ""C"", ""C"", ""H"", ""H"", ""H"", ""H"", ""H"", ""H"", ""H"", ""H"", ""H"", ""H"", ""H"", ""H"", ""H"", ""H""]",C138H84N36O18,"[true, true, true]","[26.586047558222894, 0.0, 0.0, -7.448257412891423, 25.52139075911416, 0.0, -7.448257412891423, -9.932697895908413, 23.5092088082099]",15951.30164437637,[],"{""cutoff=4.500_skin=0.000"": 4854, ""cutoff=4.500_skin=0.250"": 5550, ""cutoff=4.500_skin=0.500"": 5922, ""cutoff=4.500_skin=1.000"": 6756, ""cutoff=5.000_skin=0.000"": 5922, ""cutoff=5.000_skin=0.250"": 6276, ""cutoff=5.000_skin=0.500"": 6756, ""cutoff=5.000_skin=1.000"": 7908, ""cutoff=6.000_skin=0.000"": 7908, ""cutoff=6.000_skin=0.250"": 8376, ""cutoff=6.000_skin=0.500"": 8916, ""cutoff=6.000_skin=1.000"": 10314}",0.0,,
OPT-MIX4-R256-v1,ac99f7f235977b62c7f867154f16d24041ba7ae2e5440b90e4b316254257ab0c,OPT-MIX4-R256-v1:0104,Aven12_1_330_z1,b7eb7c5c882264fdc73aea3274bda93912139d4292a02e45ed1c16f9283868e5,104,T2_test,Aven12_1_330_z1.cif,035d05ad6dd4f840a14b7a4593b2da467474c8453ca8a99b21b0583d9e5d171b,b7eb7c5c882264fdc73aea3274bda93912139d4292a02e45ed1c16f9283868e5,0,46,"[""O"", ""C"", ""N"", ""C"", ""C"", ""C"", ""C"", ""C"", ""C"", ""N"", ""C"", ""C"", ""C"", ""C"", ""N"", ""C"", ""O"", ""N"", ""C"", ""C"", ""C"", ""C"", ""C"", ""C"", ""C"", ""N"", ""C"", ""O"", ""N"", ""C"", ""C"", ""C"", ""H"", ""H"", ""H"", ""H"", ""H"", ""H"", ""H"", ""H"", ""H"", ""H"", ""H"", ""H"", ""H"", ""H""]",C23H14N6O3,"[true, true, true]","[14.020744627536537, 0.0, 0.0, 4.138291468804387, 9.803081282608403, 0.0, 0.601478456260148, -5.956505735263301, 10.357628702824654]",1423.6198054904967,[],"{""cutoff=4.500_skin=0.000"": 846, ""cutoff=4.500_skin=0.250"": 984, ""cutoff=4.500_skin=0.500"": 1060, ""cutoff=4.500_skin=1.000"": 1254, ""cutoff=5.000_skin=0.000"": 1060, ""cutoff=5.000_skin=0.250"": 1140, ""cutoff=5.000_skin=0.500"": 1254, ""cutoff=5.000_skin=1.000"": 1516, ""cutoff=6.000_skin=0.000"": 1516, ""cutoff=6.000_skin=0.250"": 1634, ""cutoff=6.000_skin=0.500"": 1776, ""cutoff=6.000_skin=1.000"": 2168}",0.0,,
OPT-MIX4-R256-v1,ac99f7f235977b62c7f867154f16d24041ba7ae2e5440b90e4b316254257ab0c,OPT-MIX4-R256-v1:0105,Aven12_2_310_z1,6117fc316a4b458d926d47107941f7a10811505b9004dec3d5bdf32109024ffd,105,T2_test,Aven12_2_310_z1.cif,dfb04275fee5d989cad7db1271ff72d13bcd5cb2121af4767d9d47eae0c6bddf,6117fc316a4b458d926d47107941f7a10811505b9004dec3d5bdf32109024ffd,0,92,"[""O"", ""C"", ""N"", ""C"", ""C"", ""C"", ""C"", ""C"", ""C"", ""N"", ""C"", ""C"", ""C"", ""C"", ""N"", ""C"", ""O"", ""N"", ""C"", ""C"", ""C"", ""C"", ""C"", ""C"", ""C"", ""N"", ""C"", ""O"", ""N"", ""C"", ""C"", ""C"", ""H"", ""H"", ""H"", ""H"", ""H"", ""H"", ""H"", ""H"", ""H"", ""H"", ""H"", ""H"", ""H"", ""H"", ""O"", ""C"", ""N"", ""C"", ""C"", ""C"", ""C"", ""C"", ""C"", ""N"", ""C"", ""C"", ""C"", ""C"", ""N"", ""C"", ""O"", ""N"", ""C"", ""C"", ""C"", ""C"", ""C"", ""C"", ""C"", ""N"", ""C"", ""O"", ""N"", ""C"", ""C"", ""C"", ""H"", ""H"", ""H"", ""H"", ""H"", ""H"", ""H"", ""H"", ""H"", ""H"", ""H"", ""H"", ""H"", ""H""]",C46H28N12O6,"[true, true, true]","[7.787155629500852, 0.0, 0.0, -5.511010490300116, 24.740015804392836, 0.0, -0.32183613593972227, -4.558952151231413, 10.074210793244253]",1940.840565834878,[],"{""cutoff=4.500_skin=0.000"": 1860, ""cutoff=4.500_skin=0.250"": 2258, ""cutoff=4.500_skin=0.500"": 2528, ""cutoff=4.500_skin=1.000"": 3256, ""cutoff=5.000_skin=0.000"": 2528, ""cutoff=5.000_skin=0.250"": 2892, ""cutoff=5.000_skin=0.500"": 3256, ""cutoff=5.000_skin=1.000"": 4266, ""cutoff=6.000_skin=0.000"": 4266, ""cutoff=6.000_skin=0.250"": 4738, ""cutoff=6.000_skin=0.500"": 5312, ""cutoff=6.000_skin=1.000"": 6694}",0.0,,
OPT-MIX4-R256-v1,ac99f7f235977b62c7f867154f16d24041ba7ae2e5440b90e4b316254257ab0c,OPT-MIX4-R256-v1:0106,Aven12_19_454_z1,9ee3267c6b6179edcca25fbcb622e024c5e75b7071cd82d18bd821c37b4d6bb9,106,T2_test,Aven12_19_454_z1.cif,522edb4f28e9ecc92d680b9b66e504b170c225dac51db013d7f815bfe84c2615,9ee3267c6b6179edcca25fbcb622e024c5e75b7071cd82d18bd821c37b4d6bb9,0,184,"[""O"", ""C"", ""N"", ""C"", ""C"", ""C"", ""C"", ""C"", ""C"", ""N"", ""C"", ""C"", ""C"", ""C"", ""N"", ""C"", ""O"", ""N"", ""C"", ""C"", ""C"", ""C"", ""C"", ""C"", ""C"", ""N"", ""C"", ""O"", ""N"", ""C"", ""C"", ""C"", ""H"", ""H"", ""H"", ""H"", ""H"", ""H"", ""H"", ""H"", ""H"", ""H"", ""H"", ""H"", ""H"", ""H"", ""O"", ""C"", ""N"", ""C"", ""C"", ""C"", ""C"", ""C"", ""C"", ""N"", ""C"", ""C"", ""C"", ""C"", ""N"", ""C"", ""O"", ""N"", ""C"", ""C"", ""C"", ""C"", ""C"", ""C"", ""C"", ""N"", ""C"", ""O"", ""N"", ""C"", ""C"", ""C"", ""H"", ""H"", ""H"", ""H"", ""H"", ""H"", ""H"", ""H"", ""H"", ""H"", ""H"", ""H"", ""H"", ""H"", ""O"", ""C"", ""N"", ""C"", ""C"", ""C"", ""C"", ""C"", ""C"", ""N"", ""C"", ""C"", ""C"", ""C"", ""N"", ""C"", ""O"", ""N"", ""C"", ""C"", ""C"", ""C"", ""C"", ""C"", ""C"", ""N"", ""C"", ""O"", ""N"", ""C"", ""C"", ""C"", ""H"", ""H"", ""H"", ""H"", ""H"", ""H"", ""H"", ""H"", ""H"", ""H"", ""H"", ""H"", ""H"", ""H"", ""O"", ""C"", ""N"", ""C"", ""C"", ""C"", ""C"", ""C"", ""C"", ""N"", ""C"", ""C"", ""C"", ""C"", ""N"", ""C"", ""O"", ""N"", ""C"", ""C"", ""C"", ""C"", ""C"", ""C"", ""C"", ""N"", ""C"", ""O"", ""N"", ""C"", ""C"", ""C"", ""H"", ""H"", ""H"", ""H"", ""H"", ""H"", ""H"", ""H"", ""H"", ""H"", ""H"", ""H"", ""H"", ""H""]",C92H56N24O12,"[true, true, true]","[22.81816674289354, 0.0, 0.0, 0.0, 16.78637604968191, 0.0, 0.0, 0.0, 13.791257409945828]",5282.525010301826,[],"{""cutoff=4.500_skin=0.000"": 3432, ""cutoff=4.500_skin=0.250"": 4016, ""cutoff=4.500_skin=0.500"": 4376, ""cutoff=4.500_skin=1.000"": 5224, ""cutoff=5.000_skin=0.000"": 4376, ""cutoff=5.000_skin=0.250"": 4752, ""cutoff=5.000_skin=0.500"": 5224, ""cutoff=5.000_skin=1.000"": 6376, ""cutoff=6.000_skin=0.000"": 6376, ""cutoff=6.000_skin=0.250"": 6936, ""cutoff=6.000_skin=0.500"": 7616, ""cutoff=6.000_skin=1.000"": 9256}",0.0,,
OPT-MIX4-R256-v1,ac99f7f235977b62c7f867154f16d24041ba7ae2e5440b90e4b316254257ab0c,OPT-MIX4-R256-v1:0107,Aven12_148_469_z1,7254fd3cb9c792382be659da8824549d41d67f34f1352c6e9c9deec80d8a5b9a,107,T2_test,Aven12_148_469_z1.cif,a61aeb17eb11e23fcf6690b7d08dfda260ca408eaba85250b4de5722c7812dff,7254fd3cb9c792382be659da8824549d41d67f34f1352c6e9c9deec80d8a5b9a,0,276,"[""O"", ""C"", ""N"", ""C"", ""C"", ""C"", ""C"", ""C"", ""C"", ""N"", ""C"", ""C"", ""C"", ""C"", ""N"", ""C"", ""O"", ""N"", ""C"", ""C"", ""C"", ""C"", ""C"", ""C"", ""C"", ""N"", ""C"", ""O"", ""N"", ""C"", ""C"", ""C"", ""H"", ""H"", ""H"", ""H"", ""H"", ""H"", ""H"", ""H"", ""H"", ""H"", ""H"", ""H"", ""H"", ""H"", ""O"", ""C"", ""N"", ""C"", ""C"", ""C"", ""C"", ""C"", ""C"", ""N"", ""C"", ""C"", ""C"", ""C"", ""N"", ""C"", ""O"", ""N"", ""C"", ""C"", ""C"", ""C"", ""C"", ""C"", ""C"", ""N"", ""C"", ""O"", ""N"", ""C"", ""C"", ""C"", ""H"", ""H"", ""H"", ""H"", ""H"", ""H"", ""H"", ""H"", ""H"", ""H"", ""H"", ""H"", ""H"", ""H"", ""O"", ""C"", ""N"", ""C"", ""C"", ""C"", ""C"", ""C"", ""C"", ""N"", ""C"", ""C"", ""C"", ""C"", ""N"", ""C"", ""O"", ""N"", ""C"", ""C"", ""C"", ""C"", ""C"", ""C"", ""C"", ""N"", ""C"", ""O"", ""N"", ""C"", ""C"", ""C"", ""H"", ""H"", ""H"", ""H"", ""H"", ""H"", ""H"", ""H"", ""H"", ""H"", ""H"", ""H"", ""H"", ""H"", ""O"", ""C"", ""N"", ""C"", ""C"", ""C"", ""C"", ""C"", ""C"", ""N"", ""C"", ""C"", ""C"", ""C"", ""N"", ""C"", ""O"", ""N"", ""C"", ""C"", ""C"", ""C"", ""C"", ""C"", ""C"", ""N"", ""C"", ""O"", ""N"", ""C"", ""C"", ""C"", ""H"", ""H"", ""H"", ""H"", ""H"", ""H"", ""H"", ""H"", ""H"", ""H"", ""H"", ""H"", ""H"", ""H"", ""O"", ""C"", ""N"", ""C"", ""C"", ""C"", ""C"", ""C"", ""C"", ""N"", ""C"", ""C"", ""C"", ""C"", ""N"", ""C"", ""O"", ""N"", ""C"", ""C"", ""C"", ""C"", ""C"", ""C"", ""C"", ""N"", ""C"", ""O"", ""N"", ""C"", ""C"", ""C"", ""H"", ""H"", ""H"", ""H"", ""H"", ""H"", ""H"", ""H"", ""H"", ""H"", ""H"", ""H"", ""H"", ""H"", ""O"", ""C"", ""N"", ""C"", ""C"", ""C"", ""C"", ""C"", ""C"", ""N"", ""C"", ""C"", ""C"", ""C"", ""N"", ""C"", ""O"", ""N"", ""C"", ""C"", ""C"", ""C"", ""C"", ""C"", ""C"", ""N"", ""C"", ""O"", ""N"", ""C"", ""C"", ""C"", ""H"", ""H"", ""H"", ""H"", ""H"", ""H"", ""H"", ""H"", ""H"", ""H"", ""H"", ""H"", ""H"", ""H""]",C138H84N36O18,"[true, true, true]","[21.218068356215845, 0.0, 0.0, 6.14232010949877, 20.30956248769272, 0.0, 6.14232010949877, 4.5594321235460065, 19.79115729694128]",8528.597182699332,[],"{""cutoff=4.500_skin=0.000"": 5028, ""cutoff=4.500_skin=0.250"": 5844, ""cutoff=4.500_skin=0.500"": 6336, ""cutoff=4.500_skin=1.000"": 7698, ""cutoff=5.000_skin=0.000"": 6336, ""cutoff=5.000_skin=0.250"": 6954, ""cutoff=5.000_skin=0.500"": 7698, ""cutoff=5.000_skin=1.000"": 9480, ""cutoff=6.000_skin=0.000"": 9480, ""cutoff=6.000_skin=0.250"": 10482, ""cutoff=6.000_skin=0.500"": 11514, ""cutoff=6.000_skin=1.000"": 14046}",0.0,,
OPT-MIX4-R256-v1,ac99f7f235977b62c7f867154f16d24041ba7ae2e5440b90e4b316254257ab0c,OPT-MIX4-R256-v1:0108,Aven12_1_487_z1,d08f1186a430fd6a2d6962b6d2e8a803319718dc20b61290b91d69a4302a2374,108,T2_test,Aven12_1_487_z1.cif,0fd7d72172bbc774c75cfdf063f9d8c1ee7c785d0d653b929b4bf7c07f22a32f,d08f1186a430fd6a2d6962b6d2e8a803319718dc20b61290b91d69a4302a2374,0,46,"[""O"", ""C"", ""N"", ""C"", ""C"", ""C"", ""C"", ""C"", ""C"", ""N"", ""C"", ""C"", ""C"", ""C"", ""N"", ""C"", ""O"", ""N"", ""C"", ""C"", ""C"", ""C"", ""C"", ""C"", ""C"", ""N"", ""C"", ""O"", ""N"", ""C"", ""C"", ""C"", ""H"", ""H"", ""H"", ""H"", ""H"", ""H"", ""H"", ""H"", ""H"", ""H"", ""H"", ""H"", ""H"", ""H""]",C23H14N6O3,"[true, true, true]","[12.136140772127597, 0.0, 0.0, 0.41767995386852524, 10.767848295110145, 0.0, -2.500738760354351, -1.0451655136106301, 9.469334207777601]",1237.4537563715216,[],"{""cutoff=4.500_skin=0.000"": 870, ""cutoff=4.500_skin=0.250"": 1014, ""cutoff=4.500_skin=0.500"": 1110, ""cutoff=4.500_skin=1.000"": 1348, ""cutoff=5.000_skin=0.000"": 1110, ""cutoff=5.000_skin=0.250"": 1202, ""cutoff=5.000_skin=0.500"": 1348, ""cutoff=5.000_skin=1.000"": 1650, ""cutoff=6.000_skin=0.000"": 1650, ""cutoff=6.000_skin=0.250"": 1816, ""cutoff=6.000_skin=0.500"": 1998, ""cutoff=6.000_skin=1.000"": 2456}",0.0,,
OPT-MIX4-R256-v1,ac99f7f235977b62c7f867154f16d24041ba7ae2e5440b90e4b316254257ab0c,OPT-MIX4-R256-v1:0109,Aven12_2_445_z1,a40f2374c736cab9afaf744c9d3134bcf7d29a4554cb125f6638f19d91db4ae3,109,T2_test,Aven12_2_445_z1.cif,1ead500e96fabe0207afe644742b9ebdab0116071f8c00c9340dd1bf74178266,a40f2374c736cab9afaf744c9d3134bcf7d29a4554cb125f6638f19d91db4ae3,0,92,"[""O"", ""C"", ""N"", ""C"", ""C"", ""C"", ""C"", ""C"", ""C"", ""N"", ""C"", ""C"", ""C"", ""C"", ""N"", ""C"", ""O"", ""N"", ""C"", ""C"", ""C"", ""C"", ""C"", ""C"", ""C"", ""N"", ""C"", ""O"", ""N"", ""C"", ""C"", ""C"", ""H"", ""H"", ""H"", ""H"", ""H"", ""H"", ""H"", ""H"", ""H"", ""H"", ""H"", ""H"", ""H"", ""H"", ""O"", ""C"", ""N"", ""C"", ""C"", ""C"", ""C"", ""C"", ""C"", ""N"", ""C"", ""C"", ""C"", ""C"", ""N"", ""C"", ""O"", ""N"", ""C"", ""C"", ""C"", ""C"", ""C"", ""C"", ""C"", ""N"", ""C"", ""O"", ""N"", ""C"", ""C"", ""C"", ""H"", ""H"", ""H"", ""H"", ""H"", ""H"", ""H"", ""H"", ""H"", ""H"", ""H"", ""H"", ""H"", ""H""]",C46H28N12O6,"[true, true, true]","[13.975001467622697, 0.0, 0.0, 2.5904349880733166, 16.599281857210194, 0.0, -1.0635038000584116, 0.04447000858943096, 10.998058311692114]",2551.274448353415,[],"{""cutoff=4.500_skin=0.000"": 1780, ""cutoff=4.500_skin=0.250"": 2040, ""cutoff=4.500_skin=0.500"": 2208, ""cutoff=4.500_skin=1.000"": 2680, ""cutoff=5.000_skin=0.000"": 2208, ""cutoff=5.000_skin=0.250"": 2396, ""cutoff=5.000_skin=0.500"": 2680, ""cutoff=5.000_skin=1.000"": 3252, ""cutoff=6.000_skin=0.000"": 3252, ""cutoff=6.000_skin=0.250"": 3578, ""cutoff=6.000_skin=0.500"": 3950, ""cutoff=6.000_skin=1.000"": 4806}",0.0,,
OPT-MIX4-R256-v1,ac99f7f235977b62c7f867154f16d24041ba7ae2e5440b90e4b316254257ab0c,OPT-MIX4-R256-v1:0110,Aven12_77_494_z1,525563d1884d949aad22e1c73b5618b151addada4f046cd738ac8a1402bd1278,110,T2_test,Aven12_77_494_z1.cif,3f9ea1a3c41c904122a591eb7c1218be831ec1b6bf7d2be712b29bba4eb1521c,525563d1884d949aad22e1c73b5618b151addada4f046cd738ac8a1402bd1278,0,184,"[""O"", ""C"", ""N"", ""C"", ""C"", ""C"", ""C"", ""C"", ""C"", ""N"", ""C"", ""C"", ""C"", ""C"", ""N"", ""C"", ""O"", ""N"", ""C"", ""C"", ""C"", ""C"", ""C"", ""C"", ""C"", ""N"", ""C"", ""O"", ""N"", ""C"", ""C"", ""C"", ""H"", ""H"", ""H"", ""H"", ""H"", ""H"", ""H"", ""H"", ""H"", ""H"", ""H"", ""H"", ""H"", ""H"", ""O"", ""C"", ""N"", ""C"", ""C"", ""C"", ""C"", ""C"", ""C"", ""N"", ""C"", ""C"", ""C"", ""C"", ""N"", ""C"", ""O"", ""N"", ""C"", ""C"", ""C"", ""C"", ""C"", ""C"", ""C"", ""N"", ""C"", ""O"", ""N"", ""C"", ""C"", ""C"", ""H"", ""H"", ""H"", ""H"", ""H"", ""H"", ""H"", ""H"", ""H"", ""H"", ""H"", ""H"", ""H"", ""H"", ""O"", ""C"", ""N"", ""C"", ""C"", ""C"", ""C"", ""C"", ""C"", ""N"", ""C"", ""C"", ""C"", ""C"", ""N"", ""C"", ""O"", ""N"", ""C"", ""C"", ""C"", ""C"", ""C"", ""C"", ""C"", ""N"", ""C"", ""O"", ""N"", ""C"", ""C"", ""C"", ""H"", ""H"", ""H"", ""H"", ""H"", ""H"", ""H"", ""H"", ""H"", ""H"", ""H"", ""H"", ""H"", ""H"", ""O"", ""C"", ""N"", ""C"", ""C"", ""C"", ""C"", ""C"", ""C"", ""N"", ""C"", ""C"", ""C"", ""C"", ""N"", ""C"", ""O"", ""N"", ""C"", ""C"", ""C"", ""C"", ""C"", ""C"", ""C"", ""N"", ""C"", ""O"", ""N"", ""C"", ""C"", ""C"", ""H"", ""H"", ""H"", ""H"", ""H"", ""H"", ""H"", ""H"", ""H"", ""H"", ""H"", ""H"", ""H"", ""H""]",C92H56N24O12,"[true, true, true]","[15.480738472908145, 0.0, 0.0, 0.0, 15.480738472908145, 0.0, 0.0, 0.0, 21.852809435943456]",5237.09710160765,[],"{""cutoff=4.500_skin=0.000"": 3520, ""cutoff=4.500_skin=0.250"": 4044, ""cutoff=4.500_skin=0.500"": 4416, ""cutoff=4.500_skin=1.000"": 5316, ""cutoff=5.000_skin=0.000"": 4416, ""cutoff=5.000_skin=0.250"": 4828, ""cutoff=5.000_skin=0.500"": 5316, ""cutoff=5.000_skin=1.000"": 6620, ""cutoff=6.000_skin=0.000"": 6620, ""cutoff=6.000_skin=0.250"": 7152, ""cutoff=6.000_skin=0.500"": 7972, ""cutoff=6.000_skin=1.000"": 9912}",0.0,,
OPT-MIX4-R256-v1,ac99f7f235977b62c7f867154f16d24041ba7ae2e5440b90e4b316254257ab0c,OPT-MIX4-R256-v1:0111,Aven12_148_987_z1,1d1367eb65b88003d9e778063cda73b83ac6d0345c08519f72b46c8d64162f15,111,T2_test,Aven12_148_987_z1.cif,203cd6d8fa981d59c8fb1717241097cab887196ea2b94e1fdfe46504341e7f04,1d1367eb65b88003d9e778063cda73b83ac6d0345c08519f72b46c8d64162f15,0,276,"[""O"", ""C"", ""N"", ""C"", ""C"", ""C"", ""C"", ""C"", ""C"", ""N"", ""C"", ""C"", ""C"", ""C"", ""N"", ""C"", ""O"", ""N"", ""C"", ""C"", ""C"", ""C"", ""C"", ""C"", ""C"", ""N"", ""C"", ""O"", ""N"", ""C"", ""C"", ""C"", ""H"", ""H"", ""H"", ""H"", ""H"", ""H"", ""H"", ""H"", ""H"", ""H"", ""H"", ""H"", ""H"", ""H"", ""O"", ""C"", ""N"", ""C"", ""C"", ""C"", ""C"", ""C"", ""C"", ""N"", ""C"", ""C"", ""C"", ""C"", ""N"", ""C"", ""O"", ""N"", ""C"", ""C"", ""C"", ""C"", ""C"", ""C"", ""C"", ""N"", ""C"", ""O"", ""N"", ""C"", ""C"", ""C"", ""H"", ""H"", ""H"", ""H"", ""H"", ""H"", ""H"", ""H"", ""H"", ""H"", ""H"", ""H"", ""H"", ""H"", ""O"", ""C"", ""N"", ""C"", ""C"", ""C"", ""C"", ""C"", ""C"", ""N"", ""C"", ""C"", ""C"", ""C"", ""N"", ""C"", ""O"", ""N"", ""C"", ""C"", ""C"", ""C"", ""C"", ""C"", ""C"", ""N"", ""C"", ""O"", ""N"", ""C"", ""C"", ""C"", ""H"", ""H"", ""H"", ""H"", ""H"", ""H"", ""H"", ""H"", ""H"", ""H"", ""H"", ""H"", ""H"", ""H"", ""O"", ""C"", ""N"", ""C"", ""C"", ""C"", ""C"", ""C"", ""C"", ""N"", ""C"", ""C"", ""C"", ""C"", ""N"", ""C"", ""O"", ""N"", ""C"", ""C"", ""C"", ""C"", ""C"", ""C"", ""C"", ""N"", ""C"", ""O"", ""N"", ""C"", ""C"", ""C"", ""H"", ""H"", ""H"", ""H"", ""H"", ""H"", ""H"", ""H"", ""H"", ""H"", ""H"", ""H"", ""H"", ""H"", ""O"", ""C"", ""N"", ""C"", ""C"", ""C"", ""C"", ""C"", ""C"", ""N"", ""C"", ""C"", ""C"", ""C"", ""N"", ""C"", ""O"", ""N"", ""C"", ""C"", ""C"", ""C"", ""C"", ""C"", ""C"", ""N"", ""C"", ""O"", ""N"", ""C"", ""C"", ""C"", ""H"", ""H"", ""H"", ""H"", ""H"", ""H"", ""H"", ""H"", ""H"", ""H"", ""H"", ""H"", ""H"", ""H"", ""O"", ""C"", ""N"", ""C"", ""C"", ""C"", ""C"", ""C"", ""C"", ""N"", ""C"", ""C"", ""C"", ""C"", ""N"", ""C"", ""O"", ""N"", ""C"", ""C"", ""C"", ""C"", ""C"", ""C"", ""C"", ""N"", ""C"", ""O"", ""N"", ""C"", ""C"", ""C"", ""H"", ""H"", ""H"", ""H"", ""H"", ""H"", ""H"", ""H"", ""H"", ""H"", ""H"", ""H"", ""H"", ""H""]",C138H84N36O18,"[true, true, true]","[21.604990048501676, 0.0, 0.0, -5.488778870043817, 20.896145613763725, 0.0, -5.488778870043817, -7.1167051138852155, 19.6469185836766]",8869.8178650847,[],"{""cutoff=4.500_skin=0.000"": 4824, ""cutoff=4.500_skin=0.250"": 5580, ""cutoff=4.500_skin=0.500"": 5952, ""cutoff=4.500_skin=1.000"": 7044, ""cutoff=5.000_skin=0.000"": 5952, ""cutoff=5.000_skin=0.250"": 6414, ""cutoff=5.000_skin=0.500"": 7044, ""cutoff=5.000_skin=1.000"": 8694, ""cutoff=6.000_skin=0.000"": 8694, ""cutoff=6.000_skin=0.250"": 9504, ""cutoff=6.000_skin=0.500"": 10752, ""cutoff=6.000_skin=1.000"": 13578}",0.0,,
OPT-MIX4-R256-v1,ac99f7f235977b62c7f867154f16d24041ba7ae2e5440b90e4b316254257ab0c,OPT-MIX4-R256-v1:0112,Aven12_1_161_z1,497a3499c94f68687d9f2e265f8b022432bb779d991c534446eb44d79e86cd2f,112,T2_test,Aven12_1_161_z1.cif,b4a7ed9c9528067e8c7dfd77b86ef542a86c7e1043766780c96af43202ce6a6b,497a3499c94f68687d9f2e265f8b022432bb779d991c534446eb44d79e86cd2f,0,46,"[""O"", ""C"", ""N"", ""C"", ""C"", ""C"", ""C"", ""C"", ""C"", ""N"", ""C"", ""C"", ""C"", ""C"", ""N"", ""C"", ""O"", ""N"", ""C"", ""C"", ""C"", ""C"", ""C"", ""C"", ""C"", ""N"", ""C"", ""O"", ""N"", ""C"", ""C"", ""C"", ""H"", ""H"", ""H"", ""H"", ""H"", ""H"", ""H"", ""H"", ""H"", ""H"", ""H"", ""H"", ""H"", ""H""]",C23H14N6O3,"[true, true, true]","[13.386934611713592, 0.0, 0.0, -6.921252745045883, 11.833216859692781, 0.0, -3.690872096828286, -1.228331184496254, 8.792578506677167]",1392.8367605824285,[],"{""cutoff=4.500_skin=0.000"": 854, ""cutoff=4.500_skin=0.250"": 982, ""cutoff=4.500_skin=0.500"": 1070, ""cutoff=4.500_skin=1.000"": 1282, ""cutoff=5.000_skin=0.000"": 1070, ""cutoff=5.000_skin=0.250"": 1160, ""cutoff=5.000_skin=0.500"": 1282, ""cutoff=5.000_skin=1.000"": 1528, ""cutoff=6.000_skin=0.000"": 1528, ""cutoff=6.000_skin=0.250"": 1656, ""cutoff=6.000_skin=0.500"": 1820, ""cutoff=6.000_skin=1.000"": 2216}",0.0,,
OPT-MIX4-R256-v1,ac99f7f235977b62c7f867154f16d24041ba7ae2e5440b90e4b316254257ab0c,OPT-MIX4-R256-v1:0113,Aven12_2_2221_z1,433b1bed9448d3bebfcb528c2dd317034c69774679ab12747ed8abde9718cb18,113,T2_test,Aven12_2_2221_z1.cif,217658ac622a8927657e9c4b692268efcd69eedf61987aef131b4a2252ef6dfa,433b1bed9448d3bebfcb528c2dd317034c69774679ab12747ed8abde9718cb18,0,92,"[""O"", ""C"", ""N"", ""C"", ""C"", ""C"", ""C"", ""C"", ""C"", ""N"", ""C"", ""C"", ""C"", ""C"", ""N"", ""C"", ""O"", ""N"", ""C"", ""C"", ""C"", ""C"", ""C"", ""C"", ""C"", ""N"", ""C"", ""O"", ""N"", ""C"", ""C"", ""C"", ""H"", ""H"", ""H"", ""H"", ""H"", ""H"", ""H"", ""H"", ""H"", ""H"", ""H"", ""H"", ""H"", ""H"", ""O"", ""C"", ""N"", ""C"", ""C"", ""C"", ""C"", ""C"", ""C"", ""N"", ""C"", ""C"", ""C"", ""C"", ""N"", ""C"", ""O"", ""N"", ""C"", ""C"", ""C"", ""C"", ""C"", ""C"", ""C"", ""N"", ""C"", ""O"", ""N"", ""C"", ""C"", ""C"", ""H"", ""H"", ""H"", ""H"", ""H"", ""H"", ""H"", ""H"", ""H"", ""H"", ""H"", ""H"", ""H"", ""H""]",C46H28N12O6,"[true, true, true]","[14.101017795938716, 0.0, 0.0, 8.723633600660122, 18.340102049893293, 0.0, 6.056672279771115, 5.506568350905157, 19.038501228798207]",4923.624963154537,[],"{""cutoff=4.500_skin=0.000"": 1658, ""cutoff=4.500_skin=0.250"": 1908, ""cutoff=4.500_skin=0.500"": 2050, ""cutoff=4.500_skin=1.000"": 2358, ""cutoff=5.000_skin=0.000"": 2050, ""cutoff=5.000_skin=0.250"": 2178, ""cutoff=5.000_skin=0.500"": 2358, ""cutoff=5.000_skin=1.000"": 2814, ""cutoff=6.000_skin=0.000"": 2814, ""cutoff=6.000_skin=0.250"": 2986, ""cutoff=6.000_skin=0.500"": 3242, ""cutoff=6.000_skin=1.000"": 3798}",0.0,,
OPT-MIX4-R256-v1,ac99f7f235977b62c7f867154f16d24041ba7ae2e5440b90e4b316254257ab0c,OPT-MIX4-R256-v1:0114,Aven12_33_202_z1,d1d516ce31071ee1eb25500c660fe21dae8b032d61e57cf3d67aed61a4395bc2,114,T2_test,Aven12_33_202_z1.cif,68ed8ddc19c1ce58cfb80b7fd75f2208cb002ad77bda054d96c9853978fae1aa,d1d516ce31071ee1eb25500c660fe21dae8b032d61e57cf3d67aed61a4395bc2,0,184,"[""O"", ""C"", ""N"", ""C"", ""C"", ""C"", ""C"", ""C"", ""C"", ""N"", ""C"", ""C"", ""C"", ""C"", ""N"", ""C"", ""O"", ""N"", ""C"", ""C"", ""C"", ""C"", ""C"", ""C"", ""C"", ""N"", ""C"", ""O"", ""N"", ""C"", ""C"", ""C"", ""H"", ""H"", ""H"", ""H"", ""H"", ""H"", ""H"", ""H"", ""H"", ""H"", ""H"", ""H"", ""H"", ""H"", ""O"", ""C"", ""N"", ""C"", ""C"", ""C"", ""C"", ""C"", ""C"", ""N"", ""C"", ""C"", ""C"", ""C"", ""N"", ""C"", ""O"", ""N"", ""C"", ""C"", ""C"", ""C"", ""C"", ""C"", ""C"", ""N"", ""C"", ""O"", ""N"", ""C"", ""C"", ""C"", ""H"", ""H"", ""H"", ""H"", ""H"", ""H"", ""H"", ""H"", ""H"", ""H"", ""H"", ""H"", ""H"", ""H"", ""O"", ""C"", ""N"", ""C"", ""C"", ""C"", ""C"", ""C"", ""C"", ""N"", ""C"", ""C"", ""C"", ""C"", ""N"", ""C"", ""O"", ""N"", ""C"", ""C"", ""C"", ""C"", ""C"", ""C"", ""C"", ""N"", ""C"", ""O"", ""N"", ""C"", ""C"", ""C"", ""H"", ""H"", ""H"", ""H"", ""H"", ""H"", ""H"", ""H"", ""H"", ""H"", ""H"", ""H"", ""H"", ""H"", ""O"", ""C"", ""N"", ""C"", ""C"", ""C"", ""C"", ""C"", ""C"", ""N"", ""C"", ""C"", ""C"", ""C"", ""N"", ""C"", ""O"", ""N"", ""C"", ""C"", ""C"", ""C"", ""C"", ""C"", ""C"", ""N"", ""C"", ""O"", ""N"", ""C"", ""C"", ""C"", ""H"", ""H"", ""H"", ""H"", ""H"", ""H"", ""H"", ""H"", ""H"", ""H"", ""H"", ""H"", ""H"", ""H""]",C92H56N24O12,"[true, true, true]","[21.689788902542716, 0.0, 0.0, 0.0, 13.567604326966716, 0.0, 0.0, 0.0, 15.101252855428697]",4443.973642236914,[],"{""cutoff=4.500_skin=0.000"": 3656, ""cutoff=4.500_skin=0.250"": 4288, ""cutoff=4.500_skin=0.500"": 4824, ""cutoff=4.500_skin=1.000"": 5816, ""cutoff=5.000_skin=0.000"": 4824, ""cutoff=5.000_skin=0.250"": 5272, ""cutoff=5.000_skin=0.500"": 5816, ""cutoff=5.000_skin=1.000"": 7232, ""cutoff=6.000_skin=0.000"": 7232, ""cutoff=6.000_skin=0.250"": 7952, ""cutoff=6.000_skin=0.500"": 8816, ""cutoff=6.000_skin=1.000"": 10872}",0.0,,
OPT-MIX4-R256-v1,ac99f7f235977b62c7f867154f16d24041ba7ae2e5440b90e4b316254257ab0c,OPT-MIX4-R256-v1:0115,Aven12_148_843_z1,6571e039a002b9c5819163015323500577277742c5b44ea147f048589f0a63a4,115,T2_test,Aven12_148_843_z1.cif,9b1c2624afbc3d718742e2f5b3b14d8872c344cc50abfce9c27bf84aaec421bf,6571e039a002b9c5819163015323500577277742c5b44ea147f048589f0a63a4,0,276,"[""O"", ""C"", ""N"", ""C"", ""C"", ""C"", ""C"", ""C"", ""C"", ""N"", ""C"", ""C"", ""C"", ""C"", ""N"", ""C"", ""O"", ""N"", ""C"", ""C"", ""C"", ""C"", ""C"", ""C"", ""C"", ""N"", ""C"", ""O"", ""N"", ""C"", ""C"", ""C"", ""H"", ""H"", ""H"", ""H"", ""H"", ""H"", ""H"", ""H"", ""H"", ""H"", ""H"", ""H"", ""H"", ""H"", ""O"", ""C"", ""N"", ""C"", ""C"", ""C"", ""C"", ""C"", ""C"", ""N"", ""C"", ""C"", ""C"", ""C"", ""N"", ""C"", ""O"", ""N"", ""C"", ""C"", ""C"", ""C"", ""C"", ""C"", ""C"", ""N"", ""C"", ""O"", ""N"", ""C"", ""C"", ""C"", ""H"", ""H"", ""H"", ""H"", ""H"", ""H"", ""H"", ""H"", ""H"", ""H"", ""H"", ""H"", ""H"", ""H"", ""O"", ""C"", ""N"", ""C"", ""C"", ""C"", ""C"", ""C"", ""C"", ""N"", ""C"", ""C"", ""C"", ""C"", ""N"", ""C"", ""O"", ""N"", ""C"", ""C"", ""C"", ""C"", ""C"", ""C"", ""C"", ""N"", ""C"", ""O"", ""N"", ""C"", ""C"", ""C"", ""H"", ""H"", ""H"", ""H"", ""H"", ""H"", ""H"", ""H"", ""H"", ""H"", ""H"", ""H"", ""H"", ""H"", ""O"", ""C"", ""N"", ""C"", ""C"", ""C"", ""C"", ""C"", ""C"", ""N"", ""C"", ""C"", ""C"", ""C"", ""N"", ""C"", ""O"", ""N"", ""C"", ""C"", ""C"", ""C"", ""C"", ""C"", ""C"", ""N"", ""C"", ""O"", ""N"", ""C"", ""C"", ""C"", ""H"", ""H"", ""H"", ""H"", ""H"", ""H"", ""H"", ""H"", ""H"", ""H"", ""H"", ""H"", ""H"", ""H"", ""O"", ""C"", ""N"", ""C"", ""C"", ""C"", ""C"", ""C"", ""C"", ""N"", ""C"", ""C"", ""C"", ""C"", ""N"", ""C"", ""O"", ""N"", ""C"", ""C"", ""C"", ""C"", ""C"", ""C"", ""C"", ""N"", ""C"", ""O"", ""N"", ""C"", ""C"", ""C"", ""H"", ""H"", ""H"", ""H"", ""H"", ""H"", ""H"", ""H"", ""H"", ""H"", ""H"", ""H"", ""H"", ""H"", ""O"", ""C"", ""N"", ""C"", ""C"", ""C"", ""C"", ""C"", ""C"", ""N"", ""C"", ""C"", ""C"", ""C"", ""N"", ""C"", ""O"", ""N"", ""C"", ""C"", ""C"", ""C"", ""C"", ""C"", ""C"", ""N"", ""C"", ""O"", ""N"", ""C"", ""C"", ""C"", ""H"", ""H"", ""H"", ""H"", ""H"", ""H"", ""H"", ""H"", ""H"", ""H"", ""H"", ""H"", ""H"", ""H""]",C138H84N36O18,"[true, true, true]","[27.758856529892, 0.0, 0.0, -11.909321565162843, 25.07433300617735, 0.0, -11.909321565162843, -18.84082375079611, 16.545257208520884]",11516.074998917173,[],"{""cutoff=4.500_skin=0.000"": 5112, ""cutoff=4.500_skin=0.250"": 5868, ""cutoff=4.500_skin=0.500"": 6360, ""cutoff=4.500_skin=1.000"": 7560, ""cutoff=5.000_skin=0.000"": 6360, ""cutoff=5.000_skin=0.250"": 6960, ""cutoff=5.000_skin=0.500"": 7560, ""cutoff=5.000_skin=1.000"": 9108, ""cutoff=6.000_skin=0.000"": 9108, ""cutoff=6.000_skin=0.250"": 9816, ""cutoff=6.000_skin=0.500"": 10812, ""cutoff=6.000_skin=1.000"": 13152}",0.0,,
OPT-MIX4-R256-v1,ac99f7f235977b62c7f867154f16d24041ba7ae2e5440b90e4b316254257ab0c,OPT-MIX4-R256-v1:0116,Aven12_1_385_z1,81c07650376f8934fba4da311079f52cc7b8dab965704bb6e961fca91f364a7c,116,T2_test,Aven12_1_385_z1.cif,2d406360076409c89ac24b6f71c3635e3dfb650acfe55bee0803d1056b13b880,81c07650376f8934fba4da311079f52cc7b8dab965704bb6e961fca91f364a7c,0,46,"[""O"", ""C"", ""N"", ""C"", ""C"", ""C"", ""C"", ""C"", ""C"", ""N"", ""C"", ""C"", ""C"", ""C"", ""N"", ""C"", ""O"", ""N"", ""C"", ""C"", ""C"", ""C"", ""C"", ""C"", ""C"", ""N"", ""C"", ""O"", ""N"", ""C"", ""C"", ""C"", ""H"", ""H"", ""H"", ""H"", ""H"", ""H"", ""H"", ""H"", ""H"", ""H"", ""H"", ""H"", ""H"", ""H""]",C23H14N6O3,"[true, true, true]","[11.510377677940859, 0.0, 0.0, -2.7127740327537837, 10.679118254034135, 0.0, 4.4325645485921426, 1.65846800631911, 9.480217322187285]",1165.3148012321537,[],"{""cutoff=4.500_skin=0.000"": 866, ""cutoff=4.500_skin=0.250"": 1002, ""cutoff=4.500_skin=0.500"": 1100, ""cutoff=4.500_skin=1.000"": 1358, ""cutoff=5.000_skin=0.000"": 1100, ""cutoff=5.000_skin=0.250"": 1202, ""cutoff=5.000_skin=0.500"": 1358, ""cutoff=5.000_skin=1.000"": 1722, ""cutoff=6.000_skin=0.000"": 1722, ""cutoff=6.000_skin=0.250"": 1886, ""cutoff=6.000_skin=0.500"": 2080, ""cutoff=6.000_skin=1.000"": 2598}",0.0,,
OPT-MIX4-R256-v1,ac99f7f235977b62c7f867154f16d24041ba7ae2e5440b90e4b316254257ab0c,OPT-MIX4-R256-v1:0117,Aven12_4_328_z1,f01723b98329de4603904350f4376b4290dc4d175de2dd1ae6c5e99afd16e4d9,117,T2_test,Aven12_4_328_z1.cif,28273e043d6d0531c25de2b0b380ae305436bdb1c850cb00adde98976feb39c4,f01723b98329de4603904350f4376b4290dc4d175de2dd1ae6c5e99afd16e4d9,0,92,"[""O"", ""C"", ""N"", ""C"", ""C"", ""C"", ""C"", ""C"", ""C"", ""N"", ""C"", ""C"", ""C"", ""C"", ""N"", ""C"", ""O"", ""N"", ""C"", ""C"", ""C"", ""C"", ""C"", ""C"", ""C"", ""N"", ""C"", ""O"", ""N"", ""C"", ""C"", ""C"", ""H"", ""H"", ""H"", ""H"", ""H"", ""H"", ""H"", ""H"", ""H"", ""H"", ""H"", ""H"", ""H"", ""H"", ""O"", ""C"", ""N"", ""C"", ""C"", ""C"", ""C"", ""C"", ""C"", ""N"", ""C"", ""C"", ""C"", ""C"", ""N"", ""C"", ""O"", ""N"", ""C"", ""C"", ""C"", ""C"", ""C"", ""C"", ""C"", ""N"", ""C"", ""O"", ""N"", ""C"", ""C"", ""C"", ""H"", ""H"", ""H"", ""H"", ""H"", ""H"", ""H"", ""H"", ""H"", ""H"", ""H"", ""H"", ""H"", ""H""]",C46H28N12O6,"[true, true, true]","[16.49141718461452, 0.0, 0.0, 0.0, 16.63757561431808, 0.0, 4.3055717992194875, 0.0, 11.319355799864248]",3105.7731546562454,[],"{""cutoff=4.500_skin=0.000"": 1632, ""cutoff=4.500_skin=0.250"": 1856, ""cutoff=4.500_skin=0.500"": 1996, ""cutoff=4.500_skin=1.000"": 2316, ""cutoff=5.000_skin=0.000"": 1996, ""cutoff=5.000_skin=0.250"": 2140, ""cutoff=5.000_skin=0.500"": 2316, ""cutoff=5.000_skin=1.000"": 2760, ""cutoff=6.000_skin=0.000"": 2760, ""cutoff=6.000_skin=0.250"": 2972, ""cutoff=6.000_skin=0.500"": 3220, ""cutoff=6.000_skin=1.000"": 3848}",0.0,,
OPT-MIX4-R256-v1,ac99f7f235977b62c7f867154f16d24041ba7ae2e5440b90e4b316254257ab0c,OPT-MIX4-R256-v1:0118,Aven12_19_81_z1,e929b37770a7e60a61c4b8ab376c9d43cb7023414b0a18ddf7d30552db0d5ef9,118,T2_test,Aven12_19_81_z1.cif,856c2013a7923f9856b287e3bdbebfa9bacd46ecbc1d858eddc2bc5f3b2693f0,e929b37770a7e60a61c4b8ab376c9d43cb7023414b0a18ddf7d30552db0d5ef9,0,184,"[""O"", ""C"", ""N"", ""C"", ""C"", ""C"", ""C"", ""C"", ""C"", ""N"", ""C"", ""C"", ""C"", ""C"", ""N"", ""C"", ""O"", ""N"", ""C"", ""C"", ""C"", ""C"", ""C"", ""C"", ""C"", ""N"", ""C"", ""O"", ""N"", ""C"", ""C"", ""C"", ""H"", ""H"", ""H"", ""H"", ""H"", ""H"", ""H"", ""H"", ""H"", ""H"", ""H"", ""H"", ""H"", ""H"", ""O"", ""C"", ""N"", ""C"", ""C"", ""C"", ""C"", ""C"", ""C"", ""N"", ""C"", ""C"", ""C"", ""C"", ""N"", ""C"", ""O"", ""N"", ""C"", ""C"", ""C"", ""C"", ""C"", ""C"", ""C"", ""N"", ""C"", ""O"", ""N"", ""C"", ""C"", ""C"", ""H"", ""H"", ""H"", ""H"", ""H"", ""H"", ""H"", ""H"", ""H"", ""H"", ""H"", ""H"", ""H"", ""H"", ""O"", ""C"", ""N"", ""C"", ""C"", ""C"", ""C"", ""C"", ""C"", ""N"", ""C"", ""C"", ""C"", ""C"", ""N"", ""C"", ""O"", ""N"", ""C"", ""C"", ""C"", ""C"", ""C"", ""C"", ""C"", ""N"", ""C"", ""O"", ""N"", ""C"", ""C"", ""C"", ""H"", ""H"", ""H"", ""H"", ""H"", ""H"", ""H"", ""H"", ""H"", ""H"", ""H"", ""H"", ""H"", ""H"", ""O"", ""C"", ""N"", ""C"", ""C"", ""C"", ""C"", ""C"", ""C"", ""N"", ""C"", ""C"", ""C"", ""C"", ""N"", ""C"", ""O"", ""N"", ""C"", ""C"", ""C"", ""C"", ""C"", ""C"", ""C"", ""N"", ""C"", ""O"", ""N"", ""C"", ""C"", ""C"", ""H"", ""H"", ""H"", ""H"", ""H"", ""H"", ""H"", ""H"", ""H"", ""H"", ""H"", ""H"", ""H"", ""H""]",C92H56N24O12,"[true, true, true]","[14.071825383256275, 0.0, 0.0, 0.0, 12.64484719050148, 0.0, 0.0, 0.0, 23.01967704688024]",4096.031134862562,[],"{""cutoff=4.500_skin=0.000"": 3568, ""cutoff=4.500_skin=0.250"": 4144, ""cutoff=4.500_skin=0.500"": 4608, ""cutoff=4.500_skin=1.000"": 5664, ""cutoff=5.000_skin=0.000"": 4608, ""cutoff=5.000_skin=0.250"": 5088, ""cutoff=5.000_skin=0.500"": 5664, ""cutoff=5.000_skin=1.000"": 7216, ""cutoff=6.000_skin=0.000"": 7216, ""cutoff=6.000_skin=0.250"": 8008, ""cutoff=6.000_skin=0.500"": 8936, ""cutoff=6.000_skin=1.000"": 11224}",0.0,,
OPT-MIX4-R256-v1,ac99f7f235977b62c7f867154f16d24041ba7ae2e5440b90e4b316254257ab0c,OPT-MIX4-R256-v1:0119,Aven12_148_1778_z1,a8e15c2c58b7a35e69aa679b0e77b2fb56dc7c10b4d7865111b87f2d1949f050,119,T2_test,Aven12_148_1778_z1.cif,5ea5d8ed2b2be915d077d1119edf6f9f6f6321738499e14a4df8484d2d6b1f0d,a8e15c2c58b7a35e69aa679b0e77b2fb56dc7c10b4d7865111b87f2d1949f050,0,276,"[""O"", ""C"", ""N"", ""C"", ""C"", ""C"", ""C"", ""C"", ""C"", ""N"", ""C"", ""C"", ""C"", ""C"", ""N"", ""C"", ""O"", ""N"", ""C"", ""C"", ""C"", ""C"", ""C"", ""C"", ""C"", ""N"", ""C"", ""O"", ""N"", ""C"", ""C"", ""C"", ""H"", ""H"", ""H"", ""H"", ""H"", ""H"", ""H"", ""H"", ""H"", ""H"", ""H"", ""H"", ""H"", ""H"", ""O"", ""C"", ""N"", ""C"", ""C"", ""C"", ""C"", ""C"", ""C"", ""N"", ""C"", ""C"", ""C"", ""C"", ""N"", ""C"", ""O"", ""N"", ""C"", ""C"", ""C"", ""C"", ""C"", ""C"", ""C"", ""N"", ""C"", ""O"", ""N"", ""C"", ""C"", ""C"", ""H"", ""H"", ""H"", ""H"", ""H"", ""H"", ""H"", ""H"", ""H"", ""H"", ""H"", ""H"", ""H"", ""H"", ""O"", ""C"", ""N"", ""C"", ""C"", ""C"", ""C"", ""C"", ""C"", ""N"", ""C"", ""C"", ""C"", ""C"", ""N"", ""C"", ""O"", ""N"", ""C"", ""C"", ""C"", ""C"", ""C"", ""C"", ""C"", ""N"", ""C"", ""O"", ""N"", ""C"", ""C"", ""C"", ""H"", ""H"", ""H"", ""H"", ""H"", ""H"", ""H"", ""H"", ""H"", ""H"", ""H"", ""H"", ""H"", ""H"", ""O"", ""C"", ""N"", ""C"", ""C"", ""C"", ""C"", ""C"", ""C"", ""N"", ""C"", ""C"", ""C"", ""C"", ""N"", ""C"", ""O"", ""N"", ""C"", ""C"", ""C"", ""C"", ""C"", ""C"", ""C"", ""N"", ""C"", ""O"", ""N"", ""C"", ""C"", ""C"", ""H"", ""H"", ""H"", ""H"", ""H"", ""H"", ""H"", ""H"", ""H"", ""H"", ""H"", ""H"", ""H"", ""H"", ""O"", ""C"", ""N"", ""C"", ""C"", ""C"", ""C"", ""C"", ""C"", ""N"", ""C"", ""C"", ""C"", ""C"", ""N"", ""C"", ""O"", ""N"", ""C"", ""C"", ""C"", ""C"", ""C"", ""C"", ""C"", ""N"", ""C"", ""O"", ""N"", ""C"", ""C"", ""C"", ""H"", ""H"", ""H"", ""H"", ""H"", ""H"", ""H"", ""H"", ""H"", ""H"", ""H"", ""H"", ""H"", ""H"", ""O"", ""C"", ""N"", ""C"", ""C"", ""C"", ""C"", ""C"", ""C"", ""N"", ""C"", ""C"", ""C"", ""C"", ""N"", ""C"", ""O"", ""N"", ""C"", ""C"", ""C"", ""C"", ""C"", ""C"", ""C"", ""N"", ""C"", ""O"", ""N"", ""C"", ""C"", ""C"", ""H"", ""H"", ""H"", ""H"", ""H"", ""H"", ""H"", ""H"", ""H"", ""H"", ""H"", ""H"", ""H"", ""H""]",C138H84N36O18,"[true, true, true]","[22.866716814457305, 0.0, 0.0, -6.473088468208116, 21.931389913895917, 0.0, -6.473088468208116, -8.659695349010173, 20.149331006702607]",10104.866983155298,[],"{""cutoff=4.500_skin=0.000"": 5028, ""cutoff=4.500_skin=0.250"": 5796, ""cutoff=4.500_skin=0.500"": 6324, ""cutoff=4.500_skin=1.000"": 7488, ""cutoff=5.000_skin=0.000"": 6324, ""cutoff=5.000_skin=0.250"": 6840, ""cutoff=5.000_skin=0.500"": 7488, ""cutoff=5.000_skin=1.000"": 9048, ""cutoff=6.000_skin=0.000"": 9048, ""cutoff=6.000_skin=0.250"": 9918, ""cutoff=6.000_skin=0.500"": 10974, ""cutoff=6.000_skin=1.000"": 13410}",0.0,,
OPT-MIX4-R256-v1,ac99f7f235977b62c7f867154f16d24041ba7ae2e5440b90e4b316254257ab0c,OPT-MIX4-R256-v1:0120,Aven12_1_505_z1,1813f2c47caac734aca0c0aa8104c7f1371a99ae99a8b258ddbd89cabc315979,120,T2_test,Aven12_1_505_z1.cif,9a1d88150f17ff13f93e1c0a60c8ac089f802ec4634075557f25909f81c1b179,1813f2c47caac734aca0c0aa8104c7f1371a99ae99a8b258ddbd89cabc315979,0,46,"[""O"", ""C"", ""N"", ""C"", ""C"", ""C"", ""C"", ""C"", ""C"", ""N"", ""C"", ""C"", ""C"", ""C"", ""N"", ""C"", ""O"", ""N"", ""C"", ""C"", ""C"", ""C"", ""C"", ""C"", ""C"", ""N"", ""C"", ""O"", ""N"", ""C"", ""C"", ""C"", ""H"", ""H"", ""H"", ""H"", ""H"", ""H"", ""H"", ""H"", ""H"", ""H"", ""H"", ""H"", ""H"", ""H""]",C23H14N6O3,"[true, true, true]","[10.951443395773195, 0.0, 0.0, 3.5959729805296154, 9.824352454457214, 0.0, 0.9435352575795011, 4.890214711201925, 10.64406738587882]",1145.204148988922,[],"{""cutoff=4.500_skin=0.000"": 868, ""cutoff=4.500_skin=0.250"": 1014, ""cutoff=4.500_skin=0.500"": 1126, ""cutoff=4.500_skin=1.000"": 1382, ""cutoff=5.000_skin=0.000"": 1126, ""cutoff=5.000_skin=0.250"": 1230, ""cutoff=5.000_skin=0.500"": 1382, ""cutoff=5.000_skin=1.000"": 1702, ""cutoff=6.000_skin=0.000"": 1702, ""cutoff=6.000_skin=0.250"": 1866, ""cutoff=6.000_skin=0.500"": 2056, ""cutoff=6.000_skin=1.000"": 2576}",0.0,,
OPT-MIX4-R256-v1,ac99f7f235977b62c7f867154f16d24041ba7ae2e5440b90e4b316254257ab0c,OPT-MIX4-R256-v1:0121,Aven12_4_13_z1,153dc7ba9b4c08f247568f1ee2a8a031fea4cde0bdf51d530eb71ce3f732e2d5,121,T2_test,Aven12_4_13_z1.cif,e9f24feed05e701db6f4fc3ec876d98397501c46fbc27984442363536a2c40c3,153dc7ba9b4c08f247568f1ee2a8a031fea4cde0bdf51d530eb71ce3f732e2d5,0,92,"[""O"", ""C"", ""N"", ""C"", ""C"", ""C"", ""C"", ""C"", ""C"", ""N"", ""C"", ""C"", ""C"", ""C"", ""N"", ""C"", ""O"", ""N"", ""C"", ""C"", ""C"", ""C"", ""C"", ""C"", ""C"", ""N"", ""C"", ""O"", ""N"", ""C"", ""C"", ""C"", ""H"", ""H"", ""H"", ""H"", ""H"", ""H"", ""H"", ""H"", ""H"", ""H"", ""H"", ""H"", ""H"", ""H"", ""O"", ""C"", ""N"", ""C"", ""C"", ""C"", ""C"", ""C"", ""C"", ""N"", ""C"", ""C"", ""C"", ""C"", ""N"", ""C"", ""O"", ""N"", ""C"", ""C"", ""C"", ""C"", ""C"", ""C"", ""C"", ""N"", ""C"", ""O"", ""N"", ""C"", ""C"", ""C"", ""H"", ""H"", ""H"", ""H"", ""H"", ""H"", ""H"", ""H"", ""H"", ""H"", ""H"", ""H"", ""H"", ""H""]",C46H28N12O6,"[true, true, true]","[13.989412263178668, 0.0, 0.0, 0.0, 13.888705539381597, 0.0, 3.5163602009658876, 0.0, 12.588323948759653]",2445.8462313003097,[],"{""cutoff=4.500_skin=0.000"": 1776, ""cutoff=4.500_skin=0.250"": 2116, ""cutoff=4.500_skin=0.500"": 2312, ""cutoff=4.500_skin=1.000"": 2776, ""cutoff=5.000_skin=0.000"": 2312, ""cutoff=5.000_skin=0.250"": 2476, ""cutoff=5.000_skin=0.500"": 2776, ""cutoff=5.000_skin=1.000"": 3456, ""cutoff=6.000_skin=0.000"": 3456, ""cutoff=6.000_skin=0.250"": 3760, ""cutoff=6.000_skin=0.500"": 4244, ""cutoff=6.000_skin=1.000"": 5244}",0.0,,
OPT-MIX4-R256-v1,ac99f7f235977b62c7f867154f16d24041ba7ae2e5440b90e4b316254257ab0c,OPT-MIX4-R256-v1:0122,Aven12_9_77_z1,747a33a07321766387b990f23c26f7b7d928d87031722fe3f7fa0df1680c34c8,122,T2_test,Aven12_9_77_z1.cif,b9a7c919f5bbdf0181361c199b81359c115515a30b9871f9f90aea34e0c54816,747a33a07321766387b990f23c26f7b7d928d87031722fe3f7fa0df1680c34c8,0,184,"[""O"", ""C"", ""N"", ""C"", ""C"", ""C"", ""C"", ""C"", ""C"", ""N"", ""C"", ""C"", ""C"", ""C"", ""N"", ""C"", ""O"", ""N"", ""C"", ""C"", ""C"", ""C"", ""C"", ""C"", ""C"", ""N"", ""C"", ""O"", ""N"", ""C"", ""C"", ""C"", ""H"", ""H"", ""H"", ""H"", ""H"", ""H"", ""H"", ""H"", ""H"", ""H"", ""H"", ""H"", ""H"", ""H"", ""O"", ""C"", ""N"", ""C"", ""C"", ""C"", ""C"", ""C"", ""C"", ""N"", ""C"", ""C"", ""C"", ""C"", ""N"", ""C"", ""O"", ""N"", ""C"", ""C"", ""C"", ""C"", ""C"", ""C"", ""C"", ""N"", ""C"", ""O"", ""N"", ""C"", ""C"", ""C"", ""H"", ""H"", ""H"", ""H"", ""H"", ""H"", ""H"", ""H"", ""H"", ""H"", ""H"", ""H"", ""H"", ""H"", ""O"", ""C"", ""N"", ""C"", ""C"", ""C"", ""C"", ""C"", ""C"", ""N"", ""C"", ""C"", ""C"", ""C"", ""N"", ""C"", ""O"", ""N"", ""C"", ""C"", ""C"", ""C"", ""C"", ""C"", ""C"", ""N"", ""C"", ""O"", ""N"", ""C"", ""C"", ""C"", ""H"", ""H"", ""H"", ""H"", ""H"", ""H"", ""H"", ""H"", ""H"", ""H"", ""H"", ""H"", ""H"", ""H"", ""O"", ""C"", ""N"", ""C"", ""C"", ""C"", ""C"", ""C"", ""C"", ""N"", ""C"", ""C"", ""C"", ""C"", ""N"", ""C"", ""O"", ""N"", ""C"", ""C"", ""C"", ""C"", ""C"", ""C"", ""C"", ""N"", ""C"", ""O"", ""N"", ""C"", ""C"", ""C"", ""H"", ""H"", ""H"", ""H"", ""H"", ""H"", ""H"", ""H"", ""H"", ""H"", ""H"", ""H"", ""H"", ""H""]",C92H56N24O12,"[true, true, true]","[14.169295704737706, 0.0, 0.0, 0.0, 17.550078456689462, 0.0, 2.8398042225905877, 0.0, 11.590280759739978]",2882.181209656157,[],"{""cutoff=4.500_skin=0.000"": 4168, ""cutoff=4.500_skin=0.250"": 5024, ""cutoff=4.500_skin=0.500"": 5824, ""cutoff=4.500_skin=1.000"": 7776, ""cutoff=5.000_skin=0.000"": 5824, ""cutoff=5.000_skin=0.250"": 6672, ""cutoff=5.000_skin=0.500"": 7776, ""cutoff=5.000_skin=1.000"": 10088, ""cutoff=6.000_skin=0.000"": 10088, ""cutoff=6.000_skin=0.250"": 11456, ""cutoff=6.000_skin=0.500"": 13064, ""cutoff=6.000_skin=1.000"": 16576}",0.0,,
OPT-MIX4-R256-v1,ac99f7f235977b62c7f867154f16d24041ba7ae2e5440b90e4b316254257ab0c,OPT-MIX4-R256-v1:0123,Aven12_148_536_z1,965028a433aa19b0c14d117893dd7d8cca63bf783b8d16fccc4b6895f0345cf3,123,T2_test,Aven12_148_536_z1.cif,ae17c6d3d7f5324ffcaf2dfb83e04e75bccdd933f6cedcada024a904f07d55b9,965028a433aa19b0c14d117893dd7d8cca63bf783b8d16fccc4b6895f0345cf3,0,276,"[""O"", ""C"", ""N"", ""C"", ""C"", ""C"", ""C"", ""C"", ""C"", ""N"", ""C"", ""C"", ""C"", ""C"", ""N"", ""C"", ""O"", ""N"", ""C"", ""C"", ""C"", ""C"", ""C"", ""C"", ""C"", ""N"", ""C"", ""O"", ""N"", ""C"", ""C"", ""C"", ""H"", ""H"", ""H"", ""H"", ""H"", ""H"", ""H"", ""H"", ""H"", ""H"", ""H"", ""H"", ""H"", ""H"", ""O"", ""C"", ""N"", ""C"", ""C"", ""C"", ""C"", ""C"", ""C"", ""N"", ""C"", ""C"", ""C"", ""C"", ""N"", ""C"", ""O"", ""N"", ""C"", ""C"", ""C"", ""C"", ""C"", ""C"", ""C"", ""N"", ""C"", ""O"", ""N"", ""C"", ""C"", ""C"", ""H"", ""H"", ""H"", ""H"", ""H"", ""H"", ""H"", ""H"", ""H"", ""H"", ""H"", ""H"", ""H"", ""H"", ""O"", ""C"", ""N"", ""C"", ""C"", ""C"", ""C"", ""C"", ""C"", ""N"", ""C"", ""C"", ""C"", ""C"", ""N"", ""C"", ""O"", ""N"", ""C"", ""C"", ""C"", ""C"", ""C"", ""C"", ""C"", ""N"", ""C"", ""O"", ""N"", ""C"", ""C"", ""C"", ""H"", ""H"", ""H"", ""H"", ""H"", ""H"", ""H"", ""H"", ""H"", ""H"", ""H"", ""H"", ""H"", ""H"", ""O"", ""C"", ""N"", ""C"", ""C"", ""C"", ""C"", ""C"", ""C"", ""N"", ""C"", ""C"", ""C"", ""C"", ""N"", ""C"", ""O"", ""N"", ""C"", ""C"", ""C"", ""C"", ""C"", ""C"", ""C"", ""N"", ""C"", ""O"", ""N"", ""C"", ""C"", ""C"", ""H"", ""H"", ""H"", ""H"", ""H"", ""H"", ""H"", ""H"", ""H"", ""H"", ""H"", ""H"", ""H"", ""H"", ""O"", ""C"", ""N"", ""C"", ""C"", ""C"", ""C"", ""C"", ""C"", ""N"", ""C"", ""C"", ""C"", ""C"", ""N"", ""C"", ""O"", ""N"", ""C"", ""C"", ""C"", ""C"", ""C"", ""C"", ""C"", ""N"", ""C"", ""O"", ""N"", ""C"", ""C"", ""C"", ""H"", ""H"", ""H"", ""H"", ""H"", ""H"", ""H"", ""H"", ""H"", ""H"", ""H"", ""H"", ""H"", ""H"", ""O"", ""C"", ""N"", ""C"", ""C"", ""C"", ""C"", ""C"", ""C"", ""N"", ""C"", ""C"", ""C"", ""C"", ""N"", ""C"", ""O"", ""N"", ""C"", ""C"", ""C"", ""C"", ""C"", ""C"", ""C"", ""N"", ""C"", ""O"", ""N"", ""C"", ""C"", ""C"", ""H"", ""H"", ""H"", ""H"", ""H"", ""H"", ""H"", ""H"", ""H"", ""H"", ""H"", ""H"", ""H"", ""H""]",C138H84N36O18,"[true, true, true]","[22.96201832397327, 0.0, 0.0, 2.400858437783327, 22.836159140105167, 0.0, 2.400858437783327, 2.161678498582396, 22.733616305836062]",11920.696905804567,[],"{""cutoff=4.500_skin=0.000"": 5448, ""cutoff=4.500_skin=0.250"": 6276, ""cutoff=4.500_skin=0.500"": 6876, ""cutoff=4.500_skin=1.000"": 8328, ""cutoff=5.000_skin=0.000"": 6876, ""cutoff=5.000_skin=0.250"": 7488, ""cutoff=5.000_skin=0.500"": 8328, ""cutoff=5.000_skin=1.000"": 9972, ""cutoff=6.000_skin=0.000"": 9972, ""cutoff=6.000_skin=0.250"": 10764, ""cutoff=6.000_skin=0.500"": 11892, ""cutoff=6.000_skin=1.000"": 14436}",0.0,,
OPT-MIX4-R256-v1,ac99f7f235977b62c7f867154f16d24041ba7ae2e5440b90e4b316254257ab0c,OPT-MIX4-R256-v1:0124,Aven12_1_7_z1,7c1d922c2e035bfba23d418bb5b3ec53204232d0a717346e1fd14a657cd5419a,124,T2_test,Aven12_1_7_z1.cif,231f3e3aca7c6056df4b1448faf87e6fa9ee54216bc67bd67270a9ec56b0e880,7c1d922c2e035bfba23d418bb5b3ec53204232d0a717346e1fd14a657cd5419a,0,46,"[""O"", ""C"", ""N"", ""C"", ""C"", ""C"", ""C"", ""C"", ""C"", ""N"", ""C"", ""C"", ""C"", ""C"", ""N"", ""C"", ""O"", ""N"", ""C"", ""C"", ""C"", ""C"", ""C"", ""C"", ""C"", ""N"", ""C"", ""O"", ""N"", ""C"", ""C"", ""C"", ""H"", ""H"", ""H"", ""H"", ""H"", ""H"", ""H"", ""H"", ""H"", ""H"", ""H"", ""H"", ""H"", ""H""]",C23H14N6O3,"[true, true, true]","[12.135480147792933, 0.0, 0.0, -7.218899342680803, 9.488699612494159, 0.0, -2.8219330388790316, -3.2835479440987987, 10.521126991586991]",1211.5069921589381,[],"{""cutoff=4.500_skin=0.000"": 862, ""cutoff=4.500_skin=0.250"": 992, ""cutoff=4.500_skin=0.500"": 1096, ""cutoff=4.500_skin=1.000"": 1328, ""cutoff=5.000_skin=0.000"": 1096, ""cutoff=5.000_skin=0.250"": 1196, ""cutoff=5.000_skin=0.500"": 1328, ""cutoff=5.000_skin=1.000"": 1628, ""cutoff=6.000_skin=0.000"": 1628, ""cutoff=6.000_skin=0.250"": 1776, ""cutoff=6.000_skin=0.500"": 1974, ""cutoff=6.000_skin=1.000"": 2464}",0.0,,
OPT-MIX4-R256-v1,ac99f7f235977b62c7f867154f16d24041ba7ae2e5440b90e4b316254257ab0c,OPT-MIX4-R256-v1:0125,Aven12_4_133_z1,c9df7a0f1113bc92ba4d311e51e0db515375bfafd3de8bf87e4f0ac3707236ca,125,T2_test,Aven12_4_133_z1.cif,ef9a3958014194208b75cf7de381894a5041312e51d917155194bb06d88e7aef,c9df7a0f1113bc92ba4d311e51e0db515375bfafd3de8bf87e4f0ac3707236ca,0,92,"[""O"", ""C"", ""N"", ""C"", ""C"", ""C"", ""C"", ""C"", ""C"", ""N"", ""C"", ""C"", ""C"", ""C"", ""N"", ""C"", ""O"", ""N"", ""C"", ""C"", ""C"", ""C"", ""C"", ""C"", ""C"", ""N"", ""C"", ""O"", ""N"", ""C"", ""C"", ""C"", ""H"", ""H"", ""H"", ""H"", ""H"", ""H"", ""H"", ""H"", ""H"", ""H"", ""H"", ""H"", ""H"", ""H"", ""O"", ""C"", ""N"", ""C"", ""C"", ""C"", ""C"", ""C"", ""C"", ""N"", ""C"", ""C"", ""C"", ""C"", ""N"", ""C"", ""O"", ""N"", ""C"", ""C"", ""C"", ""C"", ""C"", ""C"", ""C"", ""N"", ""C"", ""O"", ""N"", ""C"", ""C"", ""C"", ""H"", ""H"", ""H"", ""H"", ""H"", ""H"", ""H"", ""H"", ""H"", ""H"", ""H"", ""H"", ""H"", ""H""]",C46H28N12O6,"[true, true, true]","[13.285860790275763, 0.0, 0.0, 0.0, 28.15662259875431, 0.0, 2.5860684144574795, 0.0, 7.0175553295421835]",2625.1619620927004,[],"{""cutoff=4.500_skin=0.000"": 1808, ""cutoff=4.500_skin=0.250"": 2124, ""cutoff=4.500_skin=0.500"": 2368, ""cutoff=4.500_skin=1.000"": 2900, ""cutoff=5.000_skin=0.000"": 2368, ""cutoff=5.000_skin=0.250"": 2600, ""cutoff=5.000_skin=0.500"": 2900, ""cutoff=5.000_skin=1.000"": 3612, ""cutoff=6.000_skin=0.000"": 3612, ""cutoff=6.000_skin=0.250"": 3948, ""cutoff=6.000_skin=0.500"": 4344, ""cutoff=6.000_skin=1.000"": 5344}",0.0,,
OPT-MIX4-R256-v1,ac99f7f235977b62c7f867154f16d24041ba7ae2e5440b90e4b316254257ab0c,OPT-MIX4-R256-v1:0126,Aven12_77_1075_z1,df99dd612350cd650f1856e5d9a262ef3fea0c1117566c9449ef735590ed2aa2,126,T2_test,Aven12_77_1075_z1.cif,90702bce947173a238b1f6ea568cdc3289e8e9346ebe6e95ff95ac23bfc5ca15,df99dd612350cd650f1856e5d9a262ef3fea0c1117566c9449ef735590ed2aa2,0,184,"[""O"", ""C"", ""N"", ""C"", ""C"", ""C"", ""C"", ""C"", ""C"", ""N"", ""C"", ""C"", ""C"", ""C"", ""N"", ""C"", ""O"", ""N"", ""C"", ""C"", ""C"", ""C"", ""C"", ""C"", ""C"", ""N"", ""C"", ""O"", ""N"", ""C"", ""C"", ""C"", ""H"", ""H"", ""H"", ""H"", ""H"", ""H"", ""H"", ""H"", ""H"", ""H"", ""H"", ""H"", ""H"", ""H"", ""O"", ""C"", ""N"", ""C"", ""C"", ""C"", ""C"", ""C"", ""C"", ""N"", ""C"", ""C"", ""C"", ""C"", ""N"", ""C"", ""O"", ""N"", ""C"", ""C"", ""C"", ""C"", ""C"", ""C"", ""C"", ""N"", ""C"", ""O"", ""N"", ""C"", ""C"", ""C"", ""H"", ""H"", ""H"", ""H"", ""H"", ""H"", ""H"", ""H"", ""H"", ""H"", ""H"", ""H"", ""H"", ""H"", ""O"", ""C"", ""N"", ""C"", ""C"", ""C"", ""C"", ""C"", ""C"", ""N"", ""C"", ""C"", ""C"", ""C"", ""N"", ""C"", ""O"", ""N"", ""C"", ""C"", ""C"", ""C"", ""C"", ""C"", ""C"", ""N"", ""C"", ""O"", ""N"", ""C"", ""C"", ""C"", ""H"", ""H"", ""H"", ""H"", ""H"", ""H"", ""H"", ""H"", ""H"", ""H"", ""H"", ""H"", ""H"", ""H"", ""O"", ""C"", ""N"", ""C"", ""C"", ""C"", ""C"", ""C"", ""C"", ""N"", ""C"", ""C"", ""C"", ""C"", ""N"", ""C"", ""O"", ""N"", ""C"", ""C"", ""C"", ""C"", ""C"", ""C"", ""C"", ""N"", ""C"", ""O"", ""N"", ""C"", ""C"", ""C"", ""H"", ""H"", ""H"", ""H"", ""H"", ""H"", ""H"", ""H"", ""H"", ""H"", ""H"", ""H"", ""H"", ""H""]",C92H56N24O12,"[true, true, true]","[14.867661887553872, 0.0, 0.0, 0.0, 14.867661887553872, 0.0, 0.0, 0.0, 14.116075810750154]",3120.321432723946,[],"{""cutoff=4.500_skin=0.000"": 4236, ""cutoff=4.500_skin=0.250"": 5044, ""cutoff=4.500_skin=0.500"": 5624, ""cutoff=4.500_skin=1.000"": 7140, ""cutoff=5.000_skin=0.000"": 5624, ""cutoff=5.000_skin=0.250"": 6340, ""cutoff=5.000_skin=0.500"": 7140, ""cutoff=5.000_skin=1.000"": 9244, ""cutoff=6.000_skin=0.000"": 9244, ""cutoff=6.000_skin=0.250"": 10396, ""cutoff=6.000_skin=0.500"": 11856, ""cutoff=6.000_skin=1.000"": 15232}",0.0,,
OPT-MIX4-R256-v1,ac99f7f235977b62c7f867154f16d24041ba7ae2e5440b90e4b316254257ab0c,OPT-MIX4-R256-v1:0127,Aven12_148_2042_z1,858851dd983439546f77400bd1fab99a97416ca1fc6b03d3a7b9ac5ee609c6c0,127,T2_test,Aven12_148_2042_z1.cif,b72b567a17a0e701b5ddfa429a605c7e1958b76a8840e2297285ab03d9d7465f,858851dd983439546f77400bd1fab99a97416ca1fc6b03d3a7b9ac5ee609c6c0,0,276,"[""O"", ""C"", ""N"", ""C"", ""C"", ""C"", ""C"", ""C"", ""C"", ""N"", ""C"", ""C"", ""C"", ""C"", ""N"", ""C"", ""O"", ""N"", ""C"", ""C"", ""C"", ""C"", ""C"", ""C"", ""C"", ""N"", ""C"", ""O"", ""N"", ""C"", ""C"", ""C"", ""H"", ""H"", ""H"", ""H"", ""H"", ""H"", ""H"", ""H"", ""H"", ""H"", ""H"", ""H"", ""H"", ""H"", ""O"", ""C"", ""N"", ""C"", ""C"", ""C"", ""C"", ""C"", ""C"", ""N"", ""C"", ""C"", ""C"", ""C"", ""N"", ""C"", ""O"", ""N"", ""C"", ""C"", ""C"", ""C"", ""C"", ""C"", ""C"", ""N"", ""C"", ""O"", ""N"", ""C"", ""C"", ""C"", ""H"", ""H"", ""H"", ""H"", ""H"", ""H"", ""H"", ""H"", ""H"", ""H"", ""H"", ""H"", ""H"", ""H"", ""O"", ""C"", ""N"", ""C"", ""C"", ""C"", ""C"", ""C"", ""C"", ""N"", ""C"", ""C"", ""C"", ""C"", ""N"", ""C"", ""O"", ""N"", ""C"", ""C"", ""C"", ""C"", ""C"", ""C"", ""C"", ""N"", ""C"", ""O"", ""N"", ""C"", ""C"", ""C"", ""H"", ""H"", ""H"", ""H"", ""H"", ""H"", ""H"", ""H"", ""H"", ""H"", ""H"", ""H"", ""H"", ""H"", ""O"", ""C"", ""N"", ""C"", ""C"", ""C"", ""C"", ""C"", ""C"", ""N"", ""C"", ""C"", ""C"", ""C"", ""N"", ""C"", ""O"", ""N"", ""C"", ""C"", ""C"", ""C"", ""C"", ""C"", ""C"", ""N"", ""C"", ""O"", ""N"", ""C"", ""C"", ""C"", ""H"", ""H"", ""H"", ""H"", ""H"", ""H"", ""H"", ""H"", ""H"", ""H"", ""H"", ""H"", ""H"", ""H"", ""O"", ""C"", ""N"", ""C"", ""C"", ""C"", ""C"", ""C"", ""C"", ""N"", ""C"", ""C"", ""C"", ""C"", ""N"", ""C"", ""O"", ""N"", ""C"", ""C"", ""C"", ""C"", ""C"", ""C"", ""C"", ""N"", ""C"", ""O"", ""N"", ""C"", ""C"", ""C"", ""H"", ""H"", ""H"", ""H"", ""H"", ""H"", ""H"", ""H"", ""H"", ""H"", ""H"", ""H"", ""H"", ""H"", ""O"", ""C"", ""N"", ""C"", ""C"", ""C"", ""C"", ""C"", ""C"", ""N"", ""C"", ""C"", ""C"", ""C"", ""N"", ""C"", ""O"", ""N"", ""C"", ""C"", ""C"", ""C"", ""C"", ""C"", ""C"", ""N"", ""C"", ""O"", ""N"", ""C"", ""C"", ""C"", ""H"", ""H"", ""H"", ""H"", ""H"", ""H"", ""H"", ""H"", ""H"", ""H"", ""H"", ""H"", ""H"", ""H""]",C138H84N36O18,"[true, true, true]","[23.973044286489937, 0.0, 0.0, 5.032455689826295, 23.438883123816773, 0.0, 5.032455689826295, 4.066647388803461, 23.083405751904998]",12970.597619880124,[],"{""cutoff=4.500_skin=0.000"": 5262, ""cutoff=4.500_skin=0.250"": 6132, ""cutoff=4.500_skin=0.500"": 6726, ""cutoff=4.500_skin=1.000"": 7926, ""cutoff=5.000_skin=0.000"": 6726, ""cutoff=5.000_skin=0.250"": 7194, ""cutoff=5.000_skin=0.500"": 7926, ""cutoff=5.000_skin=1.000"": 9492, ""cutoff=6.000_skin=0.000"": 9492, ""cutoff=6.000_skin=0.250"": 10314, ""cutoff=6.000_skin=0.500"": 11214, ""cutoff=6.000_skin=1.000"": 13374}",0.0,,
OPT-MIX4-R256-v1,ac99f7f235977b62c7f867154f16d24041ba7ae2e5440b90e4b316254257ab0c,OPT-MIX4-R256-v1:0128,Aven12_1_295_z1,def54bd6b867b4cc4c5cabedf2c85119ff7655f546dee886b6f10a84a173c021,128,T2_test,Aven12_1_295_z1.cif,ad438e84a392159c89b3a9ab76dd64e2b9045fc1f4f8e73411559a6fbd2dfdc3,def54bd6b867b4cc4c5cabedf2c85119ff7655f546dee886b6f10a84a173c021,0,46,"[""O"", ""C"", ""N"", ""C"", ""C"", ""C"", ""C"", ""C"", ""C"", ""N"", ""C"", ""C"", ""C"", ""C"", ""N"", ""C"", ""O"", ""N"", ""C"", ""C"", ""C"", ""C"", ""C"", ""C"", ""C"", ""N"", ""C"", ""O"", ""N"", ""C"", ""C"", ""C"", ""H"", ""H"", ""H"", ""H"", ""H"", ""H"", ""H"", ""H"", ""H"", ""H"", ""H"", ""H"", ""H"", ""H""]",C23H14N6O3,"[true, true, true]","[12.802336058836605, 0.0, 0.0, -5.6537658786403515, 13.52858268315239, 0.0, 0.23362888219260494, 0.4416079284307146, 9.208827438245807]",1594.9455394664983,[],"{""cutoff=4.500_skin=0.000"": 818, ""cutoff=4.500_skin=0.250"": 938, ""cutoff=4.500_skin=0.500"": 1014, ""cutoff=4.500_skin=1.000"": 1188, ""cutoff=5.000_skin=0.000"": 1014, ""cutoff=5.000_skin=0.250"": 1090, ""cutoff=5.000_skin=0.500"": 1188, ""cutoff=5.000_skin=1.000"": 1438, ""cutoff=6.000_skin=0.000"": 1438, ""cutoff=6.000_skin=0.250"": 1560, ""cutoff=6.000_skin=0.500"": 1718, ""cutoff=6.000_skin=1.000"": 2054}",0.0,,
OPT-MIX4-R256-v1,ac99f7f235977b62c7f867154f16d24041ba7ae2e5440b90e4b316254257ab0c,OPT-MIX4-R256-v1:0129,Aven12_2_240_z1,e49814941eb26f88037d61e2f138e729bf17b008d7edcd1af8bf633b47ab4f53,129,T2_test,Aven12_2_240_z1.cif,47fc7474ee9c0f1cd171a93b19cc2d38ceb2f8b22ee8156bee7579ffb2a2156e,e49814941eb26f88037d61e2f138e729bf17b008d7edcd1af8bf633b47ab4f53,0,92,"[""O"", ""C"", ""N"", ""C"", ""C"", ""C"", ""C"", ""C"", ""C"", ""N"", ""C"", ""C"", ""C"", ""C"", ""N"", ""C"", ""O"", ""N"", ""C"", ""C"", ""C"", ""C"", ""C"", ""C"", ""C"", ""N"", ""C"", ""O"", ""N"", ""C"", ""C"", ""C"", ""H"", ""H"", ""H"", ""H"", ""H"", ""H"", ""H"", ""H"", ""H"", ""H"", ""H"", ""H"", ""H"", ""H"", ""O"", ""C"", ""N"", ""C"", ""C"", ""C"", ""C"", ""C"", ""C"", ""N"", ""C"", ""C"", ""C"", ""C"", ""N"", ""C"", ""O"", ""N"", ""C"", ""C"", ""C"", ""C"", ""C"", ""C"", ""C"", ""N"", ""C"", ""O"", ""N"", ""C"", ""C"", ""C"", ""H"", ""H"", ""H"", ""H"", ""H"", ""H"", ""H"", ""H"", ""H"", ""H"", ""H"", ""H"", ""H"", ""H""]",C46H28N12O6,"[true, true, true]","[22.39757138564248, 0.0, 0.0, -1.6103093411340206, 12.007816415876716, 0.0, 4.860574383230574, 0.7686906634677274, 8.098402284157595]",2178.032296252638,[],"{""cutoff=4.500_skin=0.000"": 1736, ""cutoff=4.500_skin=0.250"": 2036, ""cutoff=4.500_skin=0.500"": 2258, ""cutoff=4.500_skin=1.000"": 2870, ""cutoff=5.000_skin=0.000"": 2258, ""cutoff=5.000_skin=0.250"": 2546, ""cutoff=5.000_skin=0.500"": 2870, ""cutoff=5.000_skin=1.000"": 3670, ""cutoff=6.000_skin=0.000"": 3670, ""cutoff=6.000_skin=0.250"": 4058, ""cutoff=6.000_skin=0.500"": 4460, ""cutoff=6.000_skin=1.000"": 5524}",0.0,,
OPT-MIX4-R256-v1,ac99f7f235977b62c7f867154f16d24041ba7ae2e5440b90e4b316254257ab0c,OPT-MIX4-R256-v1:0130,Aven12_5_322_z1,c7463076c3eec45625324a99018e06e8d522c206485e9d196d475cfef18d9d11,130,T2_test,Aven12_5_322_z1.cif,c2231a42fc69f34be55337ccc0f621de1a7031893db0f12fa0e6ee4c76c4a240,c7463076c3eec45625324a99018e06e8d522c206485e9d196d475cfef18d9d11,0,184,"[""O"", ""C"", ""N"", ""C"", ""C"", ""C"", ""C"", ""C"", ""C"", ""N"", ""C"", ""C"", ""C"", ""C"", ""N"", ""C"", ""O"", ""N"", ""C"", ""C"", ""C"", ""C"", ""C"", ""C"", ""C"", ""N"", ""C"", ""O"", ""N"", ""C"", ""C"", ""C"", ""H"", ""H"", ""H"", ""H"", ""H"", ""H"", ""H"", ""H"", ""H"", ""H"", ""H"", ""H"", ""H"", ""H"", ""O"", ""C"", ""N"", ""C"", ""C"", ""C"", ""C"", ""C"", ""C"", ""N"", ""C"", ""C"", ""C"", ""C"", ""N"", ""C"", ""O"", ""N"", ""C"", ""C"", ""C"", ""C"", ""C"", ""C"", ""C"", ""N"", ""C"", ""O"", ""N"", ""C"", ""C"", ""C"", ""H"", ""H"", ""H"", ""H"", ""H"", ""H"", ""H"", ""H"", ""H"", ""H"", ""H"", ""H"", ""H"", ""H"", ""O"", ""C"", ""N"", ""C"", ""C"", ""C"", ""C"", ""C"", ""C"", ""N"", ""C"", ""C"", ""C"", ""C"", ""N"", ""C"", ""O"", ""N"", ""C"", ""C"", ""C"", ""C"", ""C"", ""C"", ""C"", ""N"", ""C"", ""O"", ""N"", ""C"", ""C"", ""C"", ""H"", ""H"", ""H"", ""H"", ""H"", ""H"", ""H"", ""H"", ""H"", ""H"", ""H"", ""H"", ""H"", ""H"", ""O"", ""C"", ""N"", ""C"", ""C"", ""C"", ""C"", ""C"", ""C"", ""N"", ""C"", ""C"", ""C"", ""C"", ""N"", ""C"", ""O"", ""N"", ""C"", ""C"", ""C"", ""C"", ""C"", ""C"", ""C"", ""N"", ""C"", ""O"", ""N"", ""C"", ""C"", ""C"", ""H"", ""H"", ""H"", ""H"", ""H"", ""H"", ""H"", ""H"", ""H"", ""H"", ""H"", ""H"", ""H"", ""H""]",C92H56N24O12,"[true, true, true]","[23.536988997090013, 0.0, 0.0, 0.0, 10.91027355497414, 0.0, 1.2269442855008597, 0.0, 24.22229581645319]",6220.164178504122,[],"{""cutoff=4.500_skin=0.000"": 3356, ""cutoff=4.500_skin=0.250"": 3848, ""cutoff=4.500_skin=0.500"": 4184, ""cutoff=4.500_skin=1.000"": 4916, ""cutoff=5.000_skin=0.000"": 4184, ""cutoff=5.000_skin=0.250"": 4456, ""cutoff=5.000_skin=0.500"": 4916, ""cutoff=5.000_skin=1.000"": 5952, ""cutoff=6.000_skin=0.000"": 5952, ""cutoff=6.000_skin=0.250"": 6380, ""cutoff=6.000_skin=0.500"": 6888, ""cutoff=6.000_skin=1.000"": 8324}",0.0,,
OPT-MIX4-R256-v1,ac99f7f235977b62c7f867154f16d24041ba7ae2e5440b90e4b316254257ab0c,OPT-MIX4-R256-v1:0131,Aven12_148_562_z1,a4ba17aa0e9c9b6743805f6245ee858def3e0bd093344b795ef190ec62d99b60,131,T2_test,Aven12_148_562_z1.cif,7bfa4b0f048fecc6b3fa995c7eca62d5999974d47445ae5592fe6e2087d08e0e,a4ba17aa0e9c9b6743805f6245ee858def3e0bd093344b795ef190ec62d99b60,0,276,"[""O"", ""C"", ""N"", ""C"", ""C"", ""C"", ""C"", ""C"", ""C"", ""N"", ""C"", ""C"", ""C"", ""C"", ""N"", ""C"", ""O"", ""N"", ""C"", ""C"", ""C"", ""C"", ""C"", ""C"", ""C"", ""N"", ""C"", ""O"", ""N"", ""C"", ""C"", ""C"", ""H"", ""H"", ""H"", ""H"", ""H"", ""H"", ""H"", ""H"", ""H"", ""H"", ""H"", ""H"", ""H"", ""H"", ""O"", ""C"", ""N"", ""C"", ""C"", ""C"", ""C"", ""C"", ""C"", ""N"", ""C"", ""C"", ""C"", ""C"", ""N"", ""C"", ""O"", ""N"", ""C"", ""C"", ""C"", ""C"", ""C"", ""C"", ""C"", ""N"", ""C"", ""O"", ""N"", ""C"", ""C"", ""C"", ""H"", ""H"", ""H"", ""H"", ""H"", ""H"", ""H"", ""H"", ""H"", ""H"", ""H"", ""H"", ""H"", ""H"", ""O"", ""C"", ""N"", ""C"", ""C"", ""C"", ""C"", ""C"", ""C"", ""N"", ""C"", ""C"", ""C"", ""C"", ""N"", ""C"", ""O"", ""N"", ""C"", ""C"", ""C"", ""C"", ""C"", ""C"", ""C"", ""N"", ""C"", ""O"", ""N"", ""C"", ""C"", ""C"", ""H"", ""H"", ""H"", ""H"", ""H"", ""H"", ""H"", ""H"", ""H"", ""H"", ""H"", ""H"", ""H"", ""H"", ""O"", ""C"", ""N"", ""C"", ""C"", ""C"", ""C"", ""C"", ""C"", ""N"", ""C"", ""C"", ""C"", ""C"", ""N"", ""C"", ""O"", ""N"", ""C"", ""C"", ""C"", ""C"", ""C"", ""C"", ""C"", ""N"", ""C"", ""O"", ""N"", ""C"", ""C"", ""C"", ""H"", ""H"", ""H"", ""H"", ""H"", ""H"", ""H"", ""H"", ""H"", ""H"", ""H"", ""H"", ""H"", ""H"", ""O"", ""C"", ""N"", ""C"", ""C"", ""C"", ""C"", ""C"", ""C"", ""N"", ""C"", ""C"", ""C"", ""C"", ""N"", ""C"", ""O"", ""N"", ""C"", ""C"", ""C"", ""C"", ""C"", ""C"", ""C"", ""N"", ""C"", ""O"", ""N"", ""C"", ""C"", ""C"", ""H"", ""H"", ""H"", ""H"", ""H"", ""H"", ""H"", ""H"", ""H"", ""H"", ""H"", ""H"", ""H"", ""H"", ""O"", ""C"", ""N"", ""C"", ""C"", ""C"", ""C"", ""C"", ""C"", ""N"", ""C"", ""C"", ""C"", ""C"", ""N"", ""C"", ""O"", ""N"", ""C"", ""C"", ""C"", ""C"", ""C"", ""C"", ""C"", ""N"", ""C"", ""O"", ""N"", ""C"", ""C"", ""C"", ""H"", ""H"", ""H"", ""H"", ""H"", ""H"", ""H"", ""H"", ""H"", ""H"", ""H"", ""H"", ""H"", ""H""]",C138H84N36O18,"[true, true, true]","[24.056497166962558, 0.0, 0.0, 4.456065026412933, 23.64018909451566, 0.0, 4.456065026412933, 3.6945897435458988, 23.349701219744603]",13278.978398828389,[],"{""cutoff=4.500_skin=0.000"": 4776, ""cutoff=4.500_skin=0.250"": 5424, ""cutoff=4.500_skin=0.500"": 5904, ""cutoff=4.500_skin=1.000"": 6798, ""cutoff=5.000_skin=0.000"": 5904, ""cutoff=5.000_skin=0.250"": 6318, ""cutoff=5.000_skin=0.500"": 6798, ""cutoff=5.000_skin=1.000"": 8160, ""cutoff=6.000_skin=0.000"": 8160, ""cutoff=6.000_skin=0.250"": 8676, ""cutoff=6.000_skin=0.500"": 9528, ""cutoff=6.000_skin=1.000"": 11382}",0.0,,
OPT-MIX4-R256-v1,ac99f7f235977b62c7f867154f16d24041ba7ae2e5440b90e4b316254257ab0c,OPT-MIX4-R256-v1:0132,Aven12_1_331_z1,31aab45be2bd9a2e07855494c4a7f89b5451e35e4cb60bad1528d9786a146045,132,T2_test,Aven12_1_331_z1.cif,977479777e045ca728d7e2446db5fbb9a2c2c154072afce755f71e3008bbab3b,31aab45be2bd9a2e07855494c4a7f89b5451e35e4cb60bad1528d9786a146045,0,46,"[""O"", ""C"", ""N"", ""C"", ""C"", ""C"", ""C"", ""C"", ""C"", ""N"", ""C"", ""C"", ""C"", ""C"", ""N"", ""C"", ""O"", ""N"", ""C"", ""C"", ""C"", ""C"", ""C"", ""C"", ""C"", ""N"", ""C"", ""O"", ""N"", ""C"", ""C"", ""C"", ""H"", ""H"", ""H"", ""H"", ""H"", ""H"", ""H"", ""H"", ""H"", ""H"", ""H"", ""H"", ""H"", ""H""]",C23H14N6O3,"[true, true, true]","[13.027753133998772, 0.0, 0.0, 5.007796556080504, 9.835873000155289, 0.0, -4.822094008611286, 1.758886646308541, 7.60972207109119]",975.1046519359173,[],"{""cutoff=4.500_skin=0.000"": 900, ""cutoff=4.500_skin=0.250"": 1054, ""cutoff=4.500_skin=0.500"": 1178, ""cutoff=4.500_skin=1.000"": 1492, ""cutoff=5.000_skin=0.000"": 1178, ""cutoff=5.000_skin=0.250"": 1322, ""cutoff=5.000_skin=0.500"": 1492, ""cutoff=5.000_skin=1.000"": 1904, ""cutoff=6.000_skin=0.000"": 1904, ""cutoff=6.000_skin=0.250"": 2134, ""cutoff=6.000_skin=0.500"": 2416, ""cutoff=6.000_skin=1.000"": 3032}",0.0,,
OPT-MIX4-R256-v1,ac99f7f235977b62c7f867154f16d24041ba7ae2e5440b90e4b316254257ab0c,OPT-MIX4-R256-v1:0133,Aven12_4_272_z1,4632b9768305f1f6f1b85a0404922c3c601575ec288f84984161a6b5f9e180fa,133,T2_test,Aven12_4_272_z1.cif,c7dc3fc10802c58ab078f8f6807c2141b966e7be5115f1a078d2dc4741005411,4632b9768305f1f6f1b85a0404922c3c601575ec288f84984161a6b5f9e180fa,0,92,"[""O"", ""C"", ""N"", ""C"", ""C"", ""C"", ""C"", ""C"", ""C"", ""N"", ""C"", ""C"", ""C"", ""C"", ""N"", ""C"", ""O"", ""N"", ""C"", ""C"", ""C"", ""C"", ""C"", ""C"", ""C"", ""N"", ""C"", ""O"", ""N"", ""C"", ""C"", ""C"", ""H"", ""H"", ""H"", ""H"", ""H"", ""H"", ""H"", ""H"", ""H"", ""H"", ""H"", ""H"", ""H"", ""H"", ""O"", ""C"", ""N"", ""C"", ""C"", ""C"", ""C"", ""C"", ""C"", ""N"", ""C"", ""C"", ""C"", ""C"", ""N"", ""C"", ""O"", ""N"", ""C"", ""C"", ""C"", ""C"", ""C"", ""C"", ""C"", ""N"", ""C"", ""O"", ""N"", ""C"", ""C"", ""C"", ""H"", ""H"", ""H"", ""H"", ""H"", ""H"", ""H"", ""H"", ""H"", ""H"", ""H"", ""H"", ""H"", ""H""]",C46H28N12O6,"[true, true, true]","[7.27824906255502, 0.0, 0.0, 0.0, 25.285824507316477, 0.0, -3.1227354652934105, 0.0, 13.272130456923861]",2442.556815307812,[],"{""cutoff=4.500_skin=0.000"": 1936, ""cutoff=4.500_skin=0.250"": 2224, ""cutoff=4.500_skin=0.500"": 2404, ""cutoff=4.500_skin=1.000"": 2976, ""cutoff=5.000_skin=0.000"": 2404, ""cutoff=5.000_skin=0.250"": 2652, ""cutoff=5.000_skin=0.500"": 2976, ""cutoff=5.000_skin=1.000"": 3704, ""cutoff=6.000_skin=0.000"": 3704, ""cutoff=6.000_skin=0.250"": 4048, ""cutoff=6.000_skin=0.500"": 4528, ""cutoff=6.000_skin=1.000"": 5464}",0.0,,
OPT-MIX4-R256-v1,ac99f7f235977b62c7f867154f16d24041ba7ae2e5440b90e4b316254257ab0c,OPT-MIX4-R256-v1:0134,Aven12_14_1278_z1,4d709e5c210b986cf57208ace2f2ff65e56cdcae4a56aeff2e0b382e5141abfe,134,T2_test,Aven12_14_1278_z1.cif,4a25a9d1550c8474d70f9a535c6da2f44741423cf61451dffe3148f2c30012ff,4d709e5c210b986cf57208ace2f2ff65e56cdcae4a56aeff2e0b382e5141abfe,0,184,"[""O"", ""C"", ""N"", ""C"", ""C"", ""C"", ""C"", ""C"", ""C"", ""N"", ""C"", ""C"", ""C"", ""C"", ""N"", ""C"", ""O"", ""N"", ""C"", ""C"", ""C"", ""C"", ""C"", ""C"", ""C"", ""N"", ""C"", ""O"", ""N"", ""C"", ""C"", ""C"", ""H"", ""H"", ""H"", ""H"", ""H"", ""H"", ""H"", ""H"", ""H"", ""H"", ""H"", ""H"", ""H"", ""H"", ""O"", ""C"", ""N"", ""C"", ""C"", ""C"", ""C"", ""C"", ""C"", ""N"", ""C"", ""C"", ""C"", ""C"", ""N"", ""C"", ""O"", ""N"", ""C"", ""C"", ""C"", ""C"", ""C"", ""C"", ""C"", ""N"", ""C"", ""O"", ""N"", ""C"", ""C"", ""C"", ""H"", ""H"", ""H"", ""H"", ""H"", ""H"", ""H"", ""H"", ""H"", ""H"", ""H"", ""H"", ""H"", ""H"", ""O"", ""C"", ""N"", ""C"", ""C"", ""C"", ""C"", ""C"", ""C"", ""N"", ""C"", ""C"", ""C"", ""C"", ""N"", ""C"", ""O"", ""N"", ""C"", ""C"", ""C"", ""C"", ""C"", ""C"", ""C"", ""N"", ""C"", ""O"", ""N"", ""C"", ""C"", ""C"", ""H"", ""H"", ""H"", ""H"", ""H"", ""H"", ""H"", ""H"", ""H"", ""H"", ""H"", ""H"", ""H"", ""H"", ""O"", ""C"", ""N"", ""C"", ""C"", ""C"", ""C"", ""C"", ""C"", ""N"", ""C"", ""C"", ""C"", ""C"", ""N"", ""C"", ""O"", ""N"", ""C"", ""C"", ""C"", ""C"", ""C"", ""C"", ""C"", ""N"", ""C"", ""O"", ""N"", ""C"", ""C"", ""C"", ""H"", ""H"", ""H"", ""H"", ""H"", ""H"", ""H"", ""H"", ""H"", ""H"", ""H"", ""H"", ""H"", ""H""]",C92H56N24O12,"[true, true, true]","[10.62546426005764, 0.0, 0.0, 0.0, 17.239088411729497, 0.0, -12.430047433414737, 0.0, 18.842953760348923]",3451.526357337217,[],"{""cutoff=4.500_skin=0.000"": 4140, ""cutoff=4.500_skin=0.250"": 4872, ""cutoff=4.500_skin=0.500"": 5520, ""cutoff=4.500_skin=1.000"": 7004, ""cutoff=5.000_skin=0.000"": 5520, ""cutoff=5.000_skin=0.250"": 6272, ""cutoff=5.000_skin=0.500"": 7004, ""cutoff=5.000_skin=1.000"": 8972, ""cutoff=6.000_skin=0.000"": 8972, ""cutoff=6.000_skin=0.250"": 9916, ""cutoff=6.000_skin=0.500"": 11092, ""cutoff=6.000_skin=1.000"": 13808}",0.0,,
OPT-MIX4-R256-v1,ac99f7f235977b62c7f867154f16d24041ba7ae2e5440b90e4b316254257ab0c,OPT-MIX4-R256-v1:0135,Aven12_148_66_z1,7ff6aee6107725aed7c48af78e940278fc9c6997bfe766b4adaa186fcf39f010,135,T2_test,Aven12_148_66_z1.cif,5788db998f0df4c623a9b4a8fd14d8644a87966fa9bca457bb86900c209b1f95,7ff6aee6107725aed7c48af78e940278fc9c6997bfe766b4adaa186fcf39f010,0,276,"[""O"", ""C"", ""N"", ""C"", ""C"", ""C"", ""C"", ""C"", ""C"", ""N"", ""C"", ""C"", ""C"", ""C"", ""N"", ""C"", ""O"", ""N"", ""C"", ""C"", ""C"", ""C"", ""C"", ""C"", ""C"", ""N"", ""C"", ""O"", ""N"", ""C"", ""C"", ""C"", ""H"", ""H"", ""H"", ""H"", ""H"", ""H"", ""H"", ""H"", ""H"", ""H"", ""H"", ""H"", ""H"", ""H"", ""O"", ""C"", ""N"", ""C"", ""C"", ""C"", ""C"", ""C"", ""C"", ""N"", ""C"", ""C"", ""C"", ""C"", ""N"", ""C"", ""O"", ""N"", ""C"", ""C"", ""C"", ""C"", ""C"", ""C"", ""C"", ""N"", ""C"", ""O"", ""N"", ""C"", ""C"", ""C"", ""H"", ""H"", ""H"", ""H"", ""H"", ""H"", ""H"", ""H"", ""H"", ""H"", ""H"", ""H"", ""H"", ""H"", ""O"", ""C"", ""N"", ""C"", ""C"", ""C"", ""C"", ""C"", ""C"", ""N"", ""C"", ""C"", ""C"", ""C"", ""N"", ""C"", ""O"", ""N"", ""C"", ""C"", ""C"", ""C"", ""C"", ""C"", ""C"", ""N"", ""C"", ""O"", ""N"", ""C"", ""C"", ""C"", ""H"", ""H"", ""H"", ""H"", ""H"", ""H"", ""H"", ""H"", ""H"", ""H"", ""H"", ""H"", ""H"", ""H"", ""O"", ""C"", ""N"", ""C"", ""C"", ""C"", ""C"", ""C"", ""C"", ""N"", ""C"", ""C"", ""C"", ""C"", ""N"", ""C"", ""O"", ""N"", ""C"", ""C"", ""C"", ""C"", ""C"", ""C"", ""C"", ""N"", ""C"", ""O"", ""N"", ""C"", ""C"", ""C"", ""H"", ""H"", ""H"", ""H"", ""H"", ""H"", ""H"", ""H"", ""H"", ""H"", ""H"", ""H"", ""H"", ""H"", ""O"", ""C"", ""N"", ""C"", ""C"", ""C"", ""C"", ""C"", ""C"", ""N"", ""C"", ""C"", ""C"", ""C"", ""N"", ""C"", ""O"", ""N"", ""C"", ""C"", ""C"", ""C"", ""C"", ""C"", ""C"", ""N"", ""C"", ""O"", ""N"", ""C"", ""C"", ""C"", ""H"", ""H"", ""H"", ""H"", ""H"", ""H"", ""H"", ""H"", ""H"", ""H"", ""H"", ""H"", ""H"", ""H"", ""O"", ""C"", ""N"", ""C"", ""C"", ""C"", ""C"", ""C"", ""C"", ""N"", ""C"", ""C"", ""C"", ""C"", ""N"", ""C"", ""O"", ""N"", ""C"", ""C"", ""C"", ""C"", ""C"", ""C"", ""C"", ""N"", ""C"", ""O"", ""N"", ""C"", ""C"", ""C"", ""H"", ""H"", ""H"", ""H"", ""H"", ""H"", ""H"", ""H"", ""H"", ""H"", ""H"", ""H"", ""H"", ""H""]",C138H84N36O18,"[true, true, true]","[23.64510327304901, 0.0, 0.0, 1.2118938953752878, 23.614025958728536, 0.0, 1.2118938953752878, 1.1512932841690782, 23.585943817310604]",13169.355191582516,[],"{""cutoff=4.500_skin=0.000"": 4722, ""cutoff=4.500_skin=0.250"": 5370, ""cutoff=4.500_skin=0.500"": 5748, ""cutoff=4.500_skin=1.000"": 6528, ""cutoff=5.000_skin=0.000"": 5748, ""cutoff=5.000_skin=0.250"": 6084, ""cutoff=5.000_skin=0.500"": 6528, ""cutoff=5.000_skin=1.000"": 7692, ""cutoff=6.000_skin=0.000"": 7692, ""cutoff=6.000_skin=0.250"": 8124, ""cutoff=6.000_skin=0.500"": 8796, ""cutoff=6.000_skin=1.000"": 10506}",0.0,,
OPT-MIX4-R256-v1,ac99f7f235977b62c7f867154f16d24041ba7ae2e5440b90e4b316254257ab0c,OPT-MIX4-R256-v1:0136,Aven12_1_241_z1,69765653bb3ae5e7ab67939e56c98d719b46a33817e6ea4138f54b19954eb8fd,136,T2_test,Aven12_1_241_z1.cif,09e8ac04927c62166d90a1907c7fe271fea636ac616a46769b812d2bdd7a657a,69765653bb3ae5e7ab67939e56c98d719b46a33817e6ea4138f54b19954eb8fd,0,46,"[""O"", ""C"", ""N"", ""C"", ""C"", ""C"", ""C"", ""C"", ""C"", ""N"", ""C"", ""C"", ""C"", ""C"", ""N"", ""C"", ""O"", ""N"", ""C"", ""C"", ""C"", ""C"", ""C"", ""C"", ""C"", ""N"", ""C"", ""O"", ""N"", ""C"", ""C"", ""C"", ""H"", ""H"", ""H"", ""H"", ""H"", ""H"", ""H"", ""H"", ""H"", ""H"", ""H"", ""H"", ""H"", ""H""]",C23H14N6O3,"[true, true, true]","[13.224574684438714, 0.0, 0.0, -2.041883157756193, 12.130988251462895, 0.0, 2.428160617335694, -1.2389237213520072, 8.204865640460214]",1316.2832939268965,[],"{""cutoff=4.500_skin=0.000"": 868, ""cutoff=4.500_skin=0.250"": 1000, ""cutoff=4.500_skin=0.500"": 1106, ""cutoff=4.500_skin=1.000"": 1320, ""cutoff=5.000_skin=0.000"": 1106, ""cutoff=5.000_skin=0.250"": 1196, ""cutoff=5.000_skin=0.500"": 1320, ""cutoff=5.000_skin=1.000"": 1604, ""cutoff=6.000_skin=0.000"": 1604, ""cutoff=6.000_skin=0.250"": 1750, ""cutoff=6.000_skin=0.500"": 1964, ""cutoff=6.000_skin=1.000"": 2400}",0.0,,
OPT-MIX4-R256-v1,ac99f7f235977b62c7f867154f16d24041ba7ae2e5440b90e4b316254257ab0c,OPT-MIX4-R256-v1:0137,Aven12_4_421_z1,cbf6804b85253b386b7a5ac442b7ac1c877a71f650f3fbcb187618023beb4ac9,137,T2_test,Aven12_4_421_z1.cif,bcb27720d44debafbdf5910fb0d8a0d751d496c782abcda2f64294f36a7c6a4f,cbf6804b85253b386b7a5ac442b7ac1c877a71f650f3fbcb187618023beb4ac9,0,92,"[""O"", ""C"", ""N"", ""C"", ""C"", ""C"", ""C"", ""C"", ""C"", ""N"", ""C"", ""C"", ""C"", ""C"", ""N"", ""C"", ""O"", ""N"", ""C"", ""C"", ""C"", ""C"", ""C"", ""C"", ""C"", ""N"", ""C"", ""O"", ""N"", ""C"", ""C"", ""C"", ""H"", ""H"", ""H"", ""H"", ""H"", ""H"", ""H"", ""H"", ""H"", ""H"", ""H"", ""H"", ""H"", ""H"", ""O"", ""C"", ""N"", ""C"", ""C"", ""C"", ""C"", ""C"", ""C"", ""N"", ""C"", ""C"", ""C"", ""C"", ""N"", ""C"", ""O"", ""N"", ""C"", ""C"", ""C"", ""C"", ""C"", ""C"", ""C"", ""N"", ""C"", ""O"", ""N"", ""C"", ""C"", ""C"", ""H"", ""H"", ""H"", ""H"", ""H"", ""H"", ""H"", ""H"", ""H"", ""H"", ""H"", ""H"", ""H"", ""H""]",C46H28N12O6,"[true, true, true]","[14.151545987171065, 0.0, 0.0, 0.0, 12.757360585618656, 0.0, 8.270050713868855, 0.0, 12.968430784927174]",2341.273483379064,[],"{""cutoff=4.500_skin=0.000"": 1696, ""cutoff=4.500_skin=0.250"": 1976, ""cutoff=4.500_skin=0.500"": 2140, ""cutoff=4.500_skin=1.000"": 2592, ""cutoff=5.000_skin=0.000"": 2140, ""cutoff=5.000_skin=0.250"": 2344, ""cutoff=5.000_skin=0.500"": 2592, ""cutoff=5.000_skin=1.000"": 3312, ""cutoff=6.000_skin=0.000"": 3312, ""cutoff=6.000_skin=0.250"": 3652, ""cutoff=6.000_skin=0.500"": 4144, ""cutoff=6.000_skin=1.000"": 5252}",0.0,,
OPT-MIX4-R256-v1,ac99f7f235977b62c7f867154f16d24041ba7ae2e5440b90e4b316254257ab0c,OPT-MIX4-R256-v1:0138,Aven12_19_363_z1,4a9e98fd4090372d1eb76aa33323fd8a8d1565f3d7b4b03c2f1d58c35ff60b7e,138,T2_test,Aven12_19_363_z1.cif,c2b674e21e05b75fb355cc975903d101393db26a52f4137e6136c787e759682a,4a9e98fd4090372d1eb76aa33323fd8a8d1565f3d7b4b03c2f1d58c35ff60b7e,0,184,"[""O"", ""C"", ""N"", ""C"", ""C"", ""C"", ""C"", ""C"", ""C"", ""N"", ""C"", ""C"", ""C"", ""C"", ""N"", ""C"", ""O"", ""N"", ""C"", ""C"", ""C"", ""C"", ""C"", ""C"", ""C"", ""N"", ""C"", ""O"", ""N"", ""C"", ""C"", ""C"", ""H"", ""H"", ""H"", ""H"", ""H"", ""H"", ""H"", ""H"", ""H"", ""H"", ""H"", ""H"", ""H"", ""H"", ""O"", ""C"", ""N"", ""C"", ""C"", ""C"", ""C"", ""C"", ""C"", ""N"", ""C"", ""C"", ""C"", ""C"", ""N"", ""C"", ""O"", ""N"", ""C"", ""C"", ""C"", ""C"", ""C"", ""C"", ""C"", ""N"", ""C"", ""O"", ""N"", ""C"", ""C"", ""C"", ""H"", ""H"", ""H"", ""H"", ""H"", ""H"", ""H"", ""H"", ""H"", ""H"", ""H"", ""H"", ""H"", ""H"", ""O"", ""C"", ""N"", ""C"", ""C"", ""C"", ""C"", ""C"", ""C"", ""N"", ""C"", ""C"", ""C"", ""C"", ""N"", ""C"", ""O"", ""N"", ""C"", ""C"", ""C"", ""C"", ""C"", ""C"", ""C"", ""N"", ""C"", ""O"", ""N"", ""C"", ""C"", ""C"", ""H"", ""H"", ""H"", ""H"", ""H"", ""H"", ""H"", ""H"", ""H"", ""H"", ""H"", ""H"", ""H"", ""H"", ""O"", ""C"", ""N"", ""C"", ""C"", ""C"", ""C"", ""C"", ""C"", ""N"", ""C"", ""C"", ""C"", ""C"", ""N"", ""C"", ""O"", ""N"", ""C"", ""C"", ""C"", ""C"", ""C"", ""C"", ""C"", ""N"", ""C"", ""O"", ""N"", ""C"", ""C"", ""C"", ""H"", ""H"", ""H"", ""H"", ""H"", ""H"", ""H"", ""H"", ""H"", ""H"", ""H"", ""H"", ""H"", ""H""]",C92H56N24O12,"[true, true, true]","[17.847169865614987, 0.0, 0.0, 0.0, 12.752970356941141, 0.0, 0.0, 0.0, 20.48697314654192]",4662.925809622119,[],"{""cutoff=4.500_skin=0.000"": 3600, ""cutoff=4.500_skin=0.250"": 4216, ""cutoff=4.500_skin=0.500"": 4568, ""cutoff=4.500_skin=1.000"": 5512, ""cutoff=5.000_skin=0.000"": 4568, ""cutoff=5.000_skin=0.250"": 4920, ""cutoff=5.000_skin=0.500"": 5512, ""cutoff=5.000_skin=1.000"": 6688, ""cutoff=6.000_skin=0.000"": 6688, ""cutoff=6.000_skin=0.250"": 7264, ""cutoff=6.000_skin=0.500"": 7952, ""cutoff=6.000_skin=1.000"": 9744}",0.0,,
OPT-MIX4-R256-v1,ac99f7f235977b62c7f867154f16d24041ba7ae2e5440b90e4b316254257ab0c,OPT-MIX4-R256-v1:0139,Aven12_148_854_z1,e58bc5c3d3a955f67c0153ba44175a7839a79ae4939aeee5bb13bb37b77ad2d8,139,T2_test,Aven12_148_854_z1.cif,7e58c7d3ac843a4e2441118be77c4f3dcf0537f9b83cf2fad0ccbd3d1fd68eb8,e58bc5c3d3a955f67c0153ba44175a7839a79ae4939aeee5bb13bb37b77ad2d8,0,276,"[""O"", ""C"", ""N"", ""C"", ""C"", ""C"", ""C"", ""C"", ""C"", ""N"", ""C"", ""C"", ""C"", ""C"", ""N"", ""C"", ""O"", ""N"", ""C"", ""C"", ""C"", ""C"", ""C"", ""C"", ""C"", ""N"", ""C"", ""O"", ""N"", ""C"", ""C"", ""C"", ""H"", ""H"", ""H"", ""H"", ""H"", ""H"", ""H"", ""H"", ""H"", ""H"", ""H"", ""H"", ""H"", ""H"", ""O"", ""C"", ""N"", ""C"", ""C"", ""C"", ""C"", ""C"", ""C"", ""N"", ""C"", ""C"", ""C"", ""C"", ""N"", ""C"", ""O"", ""N"", ""C"", ""C"", ""C"", ""C"", ""C"", ""C"", ""C"", ""N"", ""C"", ""O"", ""N"", ""C"", ""C"", ""C"", ""H"", ""H"", ""H"", ""H"", ""H"", ""H"", ""H"", ""H"", ""H"", ""H"", ""H"", ""H"", ""H"", ""H"", ""O"", ""C"", ""N"", ""C"", ""C"", ""C"", ""C"", ""C"", ""C"", ""N"", ""C"", ""C"", ""C"", ""C"", ""N"", ""C"", ""O"", ""N"", ""C"", ""C"", ""C"", ""C"", ""C"", ""C"", ""C"", ""N"", ""C"", ""O"", ""N"", ""C"", ""C"", ""C"", ""H"", ""H"", ""H"", ""H"", ""H"", ""H"", ""H"", ""H"", ""H"", ""H"", ""H"", ""H"", ""H"", ""H"", ""O"", ""C"", ""N"", ""C"", ""C"", ""C"", ""C"", ""C"", ""C"", ""N"", ""C"", ""C"", ""C"", ""C"", ""N"", ""C"", ""O"", ""N"", ""C"", ""C"", ""C"", ""C"", ""C"", ""C"", ""C"", ""N"", ""C"", ""O"", ""N"", ""C"", ""C"", ""C"", ""H"", ""H"", ""H"", ""H"", ""H"", ""H"", ""H"", ""H"", ""H"", ""H"", ""H"", ""H"", ""H"", ""H"", ""O"", ""C"", ""N"", ""C"", ""C"", ""C"", ""C"", ""C"", ""C"", ""N"", ""C"", ""C"", ""C"", ""C"", ""N"", ""C"", ""O"", ""N"", ""C"", ""C"", ""C"", ""C"", ""C"", ""C"", ""C"", ""N"", ""C"", ""O"", ""N"", ""C"", ""C"", ""C"", ""H"", ""H"", ""H"", ""H"", ""H"", ""H"", ""H"", ""H"", ""H"", ""H"", ""H"", ""H"", ""H"", ""H"", ""O"", ""C"", ""N"", ""C"", ""C"", ""C"", ""C"", ""C"", ""C"", ""N"", ""C"", ""C"", ""C"", ""C"", ""N"", ""C"", ""O"", ""N"", ""C"", ""C"", ""C"", ""C"", ""C"", ""C"", ""C"", ""N"", ""C"", ""O"", ""N"", ""C"", ""C"", ""C"", ""H"", ""H"", ""H"", ""H"", ""H"", ""H"", ""H"", ""H"", ""H"", ""H"", ""H"", ""H"", ""H"", ""H""]",C138H84N36O18,"[true, true, true]","[25.594236345328603, 0.0, 0.0, -8.53026025414605, 24.130884652185376, 0.0, -8.53026025414605, -12.062998983706073, 20.899369598535312]",12907.692365471607,[],"{""cutoff=4.500_skin=0.000"": 4944, ""cutoff=4.500_skin=0.250"": 5652, ""cutoff=4.500_skin=0.500"": 6006, ""cutoff=4.500_skin=1.000"": 7044, ""cutoff=5.000_skin=0.000"": 6006, ""cutoff=5.000_skin=0.250"": 6432, ""cutoff=5.000_skin=0.500"": 7044, ""cutoff=5.000_skin=1.000"": 8382, ""cutoff=6.000_skin=0.000"": 8382, ""cutoff=6.000_skin=0.250"": 9096, ""cutoff=6.000_skin=0.500"": 10086, ""cutoff=6.000_skin=1.000"": 12384}",0.0,,
OPT-MIX4-R256-v1,ac99f7f235977b62c7f867154f16d24041ba7ae2e5440b90e4b316254257ab0c,OPT-MIX4-R256-v1:0140,Aven12_1_62_z1,84be883d799e1688aac2eb9efa167dc79d5aa75b87400d947c655fb5584b96f5,140,T2_test,Aven12_1_62_z1.cif,48d2d336a83e3b6b4a58eacff285354b88353fa2f1be9ee2b09c3295d3bf5f03,84be883d799e1688aac2eb9efa167dc79d5aa75b87400d947c655fb5584b96f5,0,46,"[""O"", ""C"", ""N"", ""C"", ""C"", ""C"", ""C"", ""C"", ""C"", ""N"", ""C"", ""C"", ""C"", ""C"", ""N"", ""C"", ""O"", ""N"", ""C"", ""C"", ""C"", ""C"", ""C"", ""C"", ""C"", ""N"", ""C"", ""O"", ""N"", ""C"", ""C"", ""C"", ""H"", ""H"", ""H"", ""H"", ""H"", ""H"", ""H"", ""H"", ""H"", ""H"", ""H"", ""H"", ""H"", ""H""]",C23H14N6O3,"[true, true, true]","[10.879710081910979, 0.0, 0.0, -7.825469013791677, 10.73974001721912, 0.0, -1.3061712736111855, 10.400818953653792, 9.452888635976363]",1104.5252090812553,[],"{""cutoff=4.500_skin=0.000"": 914, ""cutoff=4.500_skin=0.250"": 1054, ""cutoff=4.500_skin=0.500"": 1150, ""cutoff=4.500_skin=1.000"": 1380, ""cutoff=5.000_skin=0.000"": 1150, ""cutoff=5.000_skin=0.250"": 1248, ""cutoff=5.000_skin=0.500"": 1380, ""cutoff=5.000_skin=1.000"": 1760, ""cutoff=6.000_skin=0.000"": 1760, ""cutoff=6.000_skin=0.250"": 1918, ""cutoff=6.000_skin=0.500"": 2126, ""cutoff=6.000_skin=1.000"": 2600}",0.0,,
OPT-MIX4-R256-v1,ac99f7f235977b62c7f867154f16d24041ba7ae2e5440b90e4b316254257ab0c,OPT-MIX4-R256-v1:0141,Aven12_2_670_z1,45f1b95350fbf8c7569289a02624dbea06eb3127aba1aaed256f5e7237be74cc,141,T2_test,Aven12_2_670_z1.cif,2b32f2842b2e4c1e99f989107b1fbfe4648a3a6056b0ed32f061e918cf6d5191,45f1b95350fbf8c7569289a02624dbea06eb3127aba1aaed256f5e7237be74cc,0,92,"[""O"", ""C"", ""N"", ""C"", ""C"", ""C"", ""C"", ""C"", ""C"", ""N"", ""C"", ""C"", ""C"", ""C"", ""N"", ""C"", ""O"", ""N"", ""C"", ""C"", ""C"", ""C"", ""C"", ""C"", ""C"", ""N"", ""C"", ""O"", ""N"", ""C"", ""C"", ""C"", ""H"", ""H"", ""H"", ""H"", ""H"", ""H"", ""H"", ""H"", ""H"", ""H"", ""H"", ""H"", ""H"", ""H"", ""O"", ""C"", ""N"", ""C"", ""C"", ""C"", ""C"", ""C"", ""C"", ""N"", ""C"", ""C"", ""C"", ""C"", ""N"", ""C"", ""O"", ""N"", ""C"", ""C"", ""C"", ""C"", ""C"", ""C"", ""C"", ""N"", ""C"", ""O"", ""N"", ""C"", ""C"", ""C"", ""H"", ""H"", ""H"", ""H"", ""H"", ""H"", ""H"", ""H"", ""H"", ""H"", ""H"", ""H"", ""H"", ""H""]",C46H28N12O6,"[true, true, true]","[11.889359865101525, 0.0, 0.0, -0.800094808457237, 14.61522853030133, 0.0, -6.806898553223896, 2.12957808282475, 14.12332360882204]",2454.1493757369494,[],"{""cutoff=4.500_skin=0.000"": 1786, ""cutoff=4.500_skin=0.250"": 2094, ""cutoff=4.500_skin=0.500"": 2280, ""cutoff=4.500_skin=1.000"": 2792, ""cutoff=5.000_skin=0.000"": 2280, ""cutoff=5.000_skin=0.250"": 2500, ""cutoff=5.000_skin=0.500"": 2792, ""cutoff=5.000_skin=1.000"": 3370, ""cutoff=6.000_skin=0.000"": 3370, ""cutoff=6.000_skin=0.250"": 3672, ""cutoff=6.000_skin=0.500"": 4054, ""cutoff=6.000_skin=1.000"": 5016}",0.0,,
OPT-MIX4-R256-v1,ac99f7f235977b62c7f867154f16d24041ba7ae2e5440b90e4b316254257ab0c,OPT-MIX4-R256-v1:0142,Aven12_33_292_z1,5d64891f9fba316367e5b0181cbb238ea6e9fc9d71e0a11203d7f2ce547ab039,142,T2_test,Aven12_33_292_z1.cif,95f5cc8cdc6d1e11be88ce6ac4455da60a0dc30efdc5fcefff1c84245fcd6125,5d64891f9fba316367e5b0181cbb238ea6e9fc9d71e0a11203d7f2ce547ab039,0,184,"[""O"", ""C"", ""N"", ""C"", ""C"", ""C"", ""C"", ""C"", ""C"", ""N"", ""C"", ""C"", ""C"", ""C"", ""N"", ""C"", ""O"", ""N"", ""C"", ""C"", ""C"", ""C"", ""C"", ""C"", ""C"", ""N"", ""C"", ""O"", ""N"", ""C"", ""C"", ""C"", ""H"", ""H"", ""H"", ""H"", ""H"", ""H"", ""H"", ""H"", ""H"", ""H"", ""H"", ""H"", ""H"", ""H"", ""O"", ""C"", ""N"", ""C"", ""C"", ""C"", ""C"", ""C"", ""C"", ""N"", ""C"", ""C"", ""C"", ""C"", ""N"", ""C"", ""O"", ""N"", ""C"", ""C"", ""C"", ""C"", ""C"", ""C"", ""C"", ""N"", ""C"", ""O"", ""N"", ""C"", ""C"", ""C"", ""H"", ""H"", ""H"", ""H"", ""H"", ""H"", ""H"", ""H"", ""H"", ""H"", ""H"", ""H"", ""H"", ""H"", ""O"", ""C"", ""N"", ""C"", ""C"", ""C"", ""C"", ""C"", ""C"", ""N"", ""C"", ""C"", ""C"", ""C"", ""N"", ""C"", ""O"", ""N"", ""C"", ""C"", ""C"", ""C"", ""C"", ""C"", ""C"", ""N"", ""C"", ""O"", ""N"", ""C"", ""C"", ""C"", ""H"", ""H"", ""H"", ""H"", ""H"", ""H"", ""H"", ""H"", ""H"", ""H"", ""H"", ""H"", ""H"", ""H"", ""O"", ""C"", ""N"", ""C"", ""C"", ""C"", ""C"", ""C"", ""C"", ""N"", ""C"", ""C"", ""C"", ""C"", ""N"", ""C"", ""O"", ""N"", ""C"", ""C"", ""C"", ""C"", ""C"", ""C"", ""C"", ""N"", ""C"", ""O"", ""N"", ""C"", ""C"", ""C"", ""H"", ""H"", ""H"", ""H"", ""H"", ""H"", ""H"", ""H"", ""H"", ""H"", ""H"", ""H"", ""H"", ""H""]",C92H56N24O12,"[true, true, true]","[22.913318246856882, 0.0, 0.0, 0.0, 14.53095239519834, 0.0, 0.0, 0.0, 14.862109197619176]",4948.373985059836,[],"{""cutoff=4.500_skin=0.000"": 3568, ""cutoff=4.500_skin=0.250"": 4168, ""cutoff=4.500_skin=0.500"": 4592, ""cutoff=4.500_skin=1.000"": 5528, ""cutoff=5.000_skin=0.000"": 4592, ""cutoff=5.000_skin=0.250"": 5056, ""cutoff=5.000_skin=0.500"": 5528, ""cutoff=5.000_skin=1.000"": 6880, ""cutoff=6.000_skin=0.000"": 6880, ""cutoff=6.000_skin=0.250"": 7432, ""cutoff=6.000_skin=0.500"": 8208, ""cutoff=6.000_skin=1.000"": 10048}",0.0,,
OPT-MIX4-R256-v1,ac99f7f235977b62c7f867154f16d24041ba7ae2e5440b90e4b316254257ab0c,OPT-MIX4-R256-v1:0143,Aven12_148_2222_z1,d2a8e227977ddb1b2bcb4af583078e31701c65a6ecfefb548a0119781be4348b,143,T2_test,Aven12_148_2222_z1.cif,514108632b0cd260622dd586c79edbd5f933a3953ac3b045fbff4b0036733a85,d2a8e227977ddb1b2bcb4af583078e31701c65a6ecfefb548a0119781be4348b,0,276,"[""O"", ""C"", ""N"", ""C"", ""C"", ""C"", ""C"", ""C"", ""C"", ""N"", ""C"", ""C"", ""C"", ""C"", ""N"", ""C"", ""O"", ""N"", ""C"", ""C"", ""C"", ""C"", ""C"", ""C"", ""C"", ""N"", ""C"", ""O"", ""N"", ""C"", ""C"", ""C"", ""H"", ""H"", ""H"", ""H"", ""H"", ""H"", ""H"", ""H"", ""H"", ""H"", ""H"", ""H"", ""H"", ""H"", ""O"", ""C"", ""N"", ""C"", ""C"", ""C"", ""C"", ""C"", ""C"", ""N"", ""C"", ""C"", ""C"", ""C"", ""N"", ""C"", ""O"", ""N"", ""C"", ""C"", ""C"", ""C"", ""C"", ""C"", ""C"", ""N"", ""C"", ""O"", ""N"", ""C"", ""C"", ""C"", ""H"", ""H"", ""H"", ""H"", ""H"", ""H"", ""H"", ""H"", ""H"", ""H"", ""H"", ""H"", ""H"", ""H"", ""O"", ""C"", ""N"", ""C"", ""C"", ""C"", ""C"", ""C"", ""C"", ""N"", ""C"", ""C"", ""C"", ""C"", ""N"", ""C"", ""O"", ""N"", ""C"", ""C"", ""C"", ""C"", ""C"", ""C"", ""C"", ""N"", ""C"", ""O"", ""N"", ""C"", ""C"", ""C"", ""H"", ""H"", ""H"", ""H"", ""H"", ""H"", ""H"", ""H"", ""H"", ""H"", ""H"", ""H"", ""H"", ""H"", ""O"", ""C"", ""N"", ""C"", ""C"", ""C"", ""C"", ""C"", ""C"", ""N"", ""C"", ""C"", ""C"", ""C"", ""N"", ""C"", ""O"", ""N"", ""C"", ""C"", ""C"", ""C"", ""C"", ""C"", ""C"", ""N"", ""C"", ""O"", ""N"", ""C"", ""C"", ""C"", ""H"", ""H"", ""H"", ""H"", ""H"", ""H"", ""H"", ""H"", ""H"", ""H"", ""H"", ""H"", ""H"", ""H"", ""O"", ""C"", ""N"", ""C"", ""C"", ""C"", ""C"", ""C"", ""C"", ""N"", ""C"", ""C"", ""C"", ""C"", ""N"", ""C"", ""O"", ""N"", ""C"", ""C"", ""C"", ""C"", ""C"", ""C"", ""C"", ""N"", ""C"", ""O"", ""N"", ""C"", ""C"", ""C"", ""H"", ""H"", ""H"", ""H"", ""H"", ""H"", ""H"", ""H"", ""H"", ""H"", ""H"", ""H"", ""H"", ""H"", ""O"", ""C"", ""N"", ""C"", ""C"", ""C"", ""C"", ""C"", ""C"", ""N"", ""C"", ""C"", ""C"", ""C"", ""N"", ""C"", ""O"", ""N"", ""C"", ""C"", ""C"", ""C"", ""C"", ""C"", ""C"", ""N"", ""C"", ""O"", ""N"", ""C"", ""C"", ""C"", ""H"", ""H"", ""H"", ""H"", ""H"", ""H"", ""H"", ""H"", ""H"", ""H"", ""H"", ""H"", ""H"", ""H""]",C138H84N36O18,"[true, true, true]","[33.794004023945156, 0.0, 0.0, -16.424015241438905, 29.534495616472004, 0.0, -16.424015241438905, -27.92604026559176, 9.613672888337302]",9595.299849183346,[],"{""cutoff=4.500_skin=0.000"": 5436, ""cutoff=4.500_skin=0.250"": 6288, ""cutoff=4.500_skin=0.500"": 6936, ""cutoff=4.500_skin=1.000"": 8412, ""cutoff=5.000_skin=0.000"": 6936, ""cutoff=5.000_skin=0.250"": 7584, ""cutoff=5.000_skin=0.500"": 8412, ""cutoff=5.000_skin=1.000"": 10260, ""cutoff=6.000_skin=0.000"": 10260, ""cutoff=6.000_skin=0.250"": 11244, ""cutoff=6.000_skin=0.500"": 12420, ""cutoff=6.000_skin=1.000"": 15492}",0.0,,
OPT-MIX4-R256-v1,ac99f7f235977b62c7f867154f16d24041ba7ae2e5440b90e4b316254257ab0c,OPT-MIX4-R256-v1:0144,Aven12_1_204_z1,9fd4ed54f0ae748efe546b9351efc3dcb9b2f66d57c7f25a9cdf3234c956c3f2,144,T2_test,Aven12_1_204_z1.cif,19dcfafb8f520084558c67eef610c8bdfdbc880f2bee1ffb8a7965429f1f762f,9fd4ed54f0ae748efe546b9351efc3dcb9b2f66d57c7f25a9cdf3234c956c3f2,0,46,"[""O"", ""C"", ""N"", ""C"", ""C"", ""C"", ""C"", ""C"", ""C"", ""N"", ""C"", ""C"", ""C"", ""C"", ""N"", ""C"", ""O"", ""N"", ""C"", ""C"", ""C"", ""C"", ""C"", ""C"", ""C"", ""N"", ""C"", ""O"", ""N"", ""C"", ""C"", ""C"", ""H"", ""H"", ""H"", ""H"", ""H"", ""H"", ""H"", ""H"", ""H"", ""H"", ""H"", ""H"", ""H"", ""H""]",C23H14N6O3,"[true, true, true]","[11.155342659714048, 0.0, 0.0, 5.1651703489154395, 13.673888756366056, 0.0, -3.591245707176486, 4.271590040649157, 9.927547785834966]",1514.317508478386,[],"{""cutoff=4.500_skin=0.000"": 828, ""cutoff=4.500_skin=0.250"": 954, ""cutoff=4.500_skin=0.500"": 1022, ""cutoff=4.500_skin=1.000"": 1198, ""cutoff=5.000_skin=0.000"": 1022, ""cutoff=5.000_skin=0.250"": 1094, ""cutoff=5.000_skin=0.500"": 1198, ""cutoff=5.000_skin=1.000"": 1450, ""cutoff=6.000_skin=0.000"": 1450, ""cutoff=6.000_skin=0.250"": 1554, ""cutoff=6.000_skin=0.500"": 1694, ""cutoff=6.000_skin=1.000"": 2042}",0.0,,
OPT-MIX4-R256-v1,ac99f7f235977b62c7f867154f16d24041ba7ae2e5440b90e4b316254257ab0c,OPT-MIX4-R256-v1:0145,Aven12_2_3217_z1,aa9b1e7f25dd18734ad8154b69aa00cea82625312daa97082cd449e248eadd68,145,T2_test,Aven12_2_3217_z1.cif,b7c67c7dfa43c1c1194caea3776e111910b30048ddcfabf9e82205e247f26fd6,aa9b1e7f25dd18734ad8154b69aa00cea82625312daa97082cd449e248eadd68,0,92,"[""O"", ""C"", ""N"", ""C"", ""C"", ""C"", ""C"", ""C"", ""C"", ""N"", ""C"", ""C"", ""C"", ""C"", ""N"", ""C"", ""O"", ""N"", ""C"", ""C"", ""C"", ""C"", ""C"", ""C"", ""C"", ""N"", ""C"", ""O"", ""N"", ""C"", ""C"", ""C"", ""H"", ""H"", ""H"", ""H"", ""H"", ""H"", ""H"", ""H"", ""H"", ""H"", ""H"", ""H"", ""H"", ""H"", ""O"", ""C"", ""N"", ""C"", ""C"", ""C"", ""C"", ""C"", ""C"", ""N"", ""C"", ""C"", ""C"", ""C"", ""N"", ""C"", ""O"", ""N"", ""C"", ""C"", ""C"", ""C"", ""C"", ""C"", ""C"", ""N"", ""C"", ""O"", ""N"", ""C"", ""C"", ""C"", ""H"", ""H"", ""H"", ""H"", ""H"", ""H"", ""H"", ""H"", ""H"", ""H"", ""H"", ""H"", ""H"", ""H""]",C46H28N12O6,"[true, true, true]","[12.916100847599026, 0.0, 0.0, 1.8977800035763337, 11.017808194674167, 0.0, 0.7543776323220233, 3.1816796148173374, 15.983381201052827]",2274.5489747453216,[],"{""cutoff=4.500_skin=0.000"": 1946, ""cutoff=4.500_skin=0.250"": 2312, ""cutoff=4.500_skin=0.500"": 2636, ""cutoff=4.500_skin=1.000"": 3170, ""cutoff=5.000_skin=0.000"": 2636, ""cutoff=5.000_skin=0.250"": 2878, ""cutoff=5.000_skin=0.500"": 3170, ""cutoff=5.000_skin=1.000"": 3918, ""cutoff=6.000_skin=0.000"": 3918, ""cutoff=6.000_skin=0.250"": 4256, ""cutoff=6.000_skin=0.500"": 4670, ""cutoff=6.000_skin=1.000"": 5650}",0.0,,
OPT-MIX4-R256-v1,ac99f7f235977b62c7f867154f16d24041ba7ae2e5440b90e4b316254257ab0c,OPT-MIX4-R256-v1:0146,Aven12_77_144_z1,a5d82831f44fdc785c13f900796fa9270c7e29d6c2cb1741560373e4ffb61949,146,T2_test,Aven12_77_144_z1.cif,144d044ecf0e083aa11518072ea7dd0d55c5d445640680450c38a06a3673eba6,a5d82831f44fdc785c13f900796fa9270c7e29d6c2cb1741560373e4ffb61949,0,184,"[""O"", ""C"", ""N"", ""C"", ""C"", ""C"", ""C"", ""C"", ""C"", ""N"", ""C"", ""C"", ""C"", ""C"", ""N"", ""C"", ""O"", ""N"", ""C"", ""C"", ""C"", ""C"", ""C"", ""C"", ""C"", ""N"", ""C"", ""O"", ""N"", ""C"", ""C"", ""C"", ""H"", ""H"", ""H"", ""H"", ""H"", ""H"", ""H"", ""H"", ""H"", ""H"", ""H"", ""H"", ""H"", ""H"", ""O"", ""C"", ""N"", ""C"", ""C"", ""C"", ""C"", ""C"", ""C"", ""N"", ""C"", ""C"", ""C"", ""C"", ""N"", ""C"", ""O"", ""N"", ""C"", ""C"", ""C"", ""C"", ""C"", ""C"", ""C"", ""N"", ""C"", ""O"", ""N"", ""C"", ""C"", ""C"", ""H"", ""H"", ""H"", ""H"", ""H"", ""H"", ""H"", ""H"", ""H"", ""H"", ""H"", ""H"", ""H"", ""H"", ""O"", ""C"", ""N"", ""C"", ""C"", ""C"", ""C"", ""C"", ""C"", ""N"", ""C"", ""C"", ""C"", ""C"", ""N"", ""C"", ""O"", ""N"", ""C"", ""C"", ""C"", ""C"", ""C"", ""C"", ""C"", ""N"", ""C"", ""O"", ""N"", ""C"", ""C"", ""C"", ""H"", ""H"", ""H"", ""H"", ""H"", ""H"", ""H"", ""H"", ""H"", ""H"", ""H"", ""H"", ""H"", ""H"", ""O"", ""C"", ""N"", ""C"", ""C"", ""C"", ""C"", ""C"", ""C"", ""N"", ""C"", ""C"", ""C"", ""C"", ""N"", ""C"", ""O"", ""N"", ""C"", ""C"", ""C"", ""C"", ""C"", ""C"", ""C"", ""N"", ""C"", ""O"", ""N"", ""C"", ""C"", ""C"", ""H"", ""H"", ""H"", ""H"", ""H"", ""H"", ""H"", ""H"", ""H"", ""H"", ""H"", ""H"", ""H"", ""H""]",C92H56N24O12,"[true, true, true]","[22.97111391837747, 0.0, 0.0, 0.0, 22.97111391837747, 0.0, 0.0, 0.0, 11.147894439387123]",5882.432586822591,[],"{""cutoff=4.500_skin=0.000"": 3324, ""cutoff=4.500_skin=0.250"": 3780, ""cutoff=4.500_skin=0.500"": 4112, ""cutoff=4.500_skin=1.000"": 4928, ""cutoff=5.000_skin=0.000"": 4112, ""cutoff=5.000_skin=0.250"": 4444, ""cutoff=5.000_skin=0.500"": 4928, ""cutoff=5.000_skin=1.000"": 6048, ""cutoff=6.000_skin=0.000"": 6048, ""cutoff=6.000_skin=0.250"": 6564, ""cutoff=6.000_skin=0.500"": 7188, ""cutoff=6.000_skin=1.000"": 8700}",0.0,,
OPT-MIX4-R256-v1,ac99f7f235977b62c7f867154f16d24041ba7ae2e5440b90e4b316254257ab0c,OPT-MIX4-R256-v1:0147,Aven12_148_756_z1,1728103f96ced076d68d1e427c95e1cddef08d19f5de7ff3035fa54107e9bdcb,147,T2_test,Aven12_148_756_z1.cif,b4dc26c40a49fc53b44b01e6837fb822e15af17f58f4648a66fbfcef5df52397,1728103f96ced076d68d1e427c95e1cddef08d19f5de7ff3035fa54107e9bdcb,0,276,"[""O"", ""C"", ""N"", ""C"", ""C"", ""C"", ""C"", ""C"", ""C"", ""N"", ""C"", ""C"", ""C"", ""C"", ""N"", ""C"", ""O"", ""N"", ""C"", ""C"", ""C"", ""C"", ""C"", ""C"", ""C"", ""N"", ""C"", ""O"", ""N"", ""C"", ""C"", ""C"", ""H"", ""H"", ""H"", ""H"", ""H"", ""H"", ""H"", ""H"", ""H"", ""H"", ""H"", ""H"", ""H"", ""H"", ""O"", ""C"", ""N"", ""C"", ""C"", ""C"", ""C"", ""C"", ""C"", ""N"", ""C"", ""C"", ""C"", ""C"", ""N"", ""C"", ""O"", ""N"", ""C"", ""C"", ""C"", ""C"", ""C"", ""C"", ""C"", ""N"", ""C"", ""O"", ""N"", ""C"", ""C"", ""C"", ""H"", ""H"", ""H"", ""H"", ""H"", ""H"", ""H"", ""H"", ""H"", ""H"", ""H"", ""H"", ""H"", ""H"", ""O"", ""C"", ""N"", ""C"", ""C"", ""C"", ""C"", ""C"", ""C"", ""N"", ""C"", ""C"", ""C"", ""C"", ""N"", ""C"", ""O"", ""N"", ""C"", ""C"", ""C"", ""C"", ""C"", ""C"", ""C"", ""N"", ""C"", ""O"", ""N"", ""C"", ""C"", ""C"", ""H"", ""H"", ""H"", ""H"", ""H"", ""H"", ""H"", ""H"", ""H"", ""H"", ""H"", ""H"", ""H"", ""H"", ""O"", ""C"", ""N"", ""C"", ""C"", ""C"", ""C"", ""C"", ""C"", ""N"", ""C"", ""C"", ""C"", ""C"", ""N"", ""C"", ""O"", ""N"", ""C"", ""C"", ""C"", ""C"", ""C"", ""C"", ""C"", ""N"", ""C"", ""O"", ""N"", ""C"", ""C"", ""C"", ""H"", ""H"", ""H"", ""H"", ""H"", ""H"", ""H"", ""H"", ""H"", ""H"", ""H"", ""H"", ""H"", ""H"", ""O"", ""C"", ""N"", ""C"", ""C"", ""C"", ""C"", ""C"", ""C"", ""N"", ""C"", ""C"", ""C"", ""C"", ""N"", ""C"", ""O"", ""N"", ""C"", ""C"", ""C"", ""C"", ""C"", ""C"", ""C"", ""N"", ""C"", ""O"", ""N"", ""C"", ""C"", ""C"", ""H"", ""H"", ""H"", ""H"", ""H"", ""H"", ""H"", ""H"", ""H"", ""H"", ""H"", ""H"", ""H"", ""H"", ""O"", ""C"", ""N"", ""C"", ""C"", ""C"", ""C"", ""C"", ""C"", ""N"", ""C"", ""C"", ""C"", ""C"", ""N"", ""C"", ""O"", ""N"", ""C"", ""C"", ""C"", ""C"", ""C"", ""C"", ""C"", ""N"", ""C"", ""O"", ""N"", ""C"", ""C"", ""C"", ""H"", ""H"", ""H"", ""H"", ""H"", ""H"", ""H"", ""H"", ""H"", ""H"", ""H"", ""H"", ""H"", ""H""]",C138H84N36O18,"[true, true, true]","[35.72339928676953, 0.0, 0.0, -17.135414882289574, 31.345475166501696, 0.0, -17.135414882289574, -28.895963649025813, 12.147514075231749]",13602.384484924416,[],"{""cutoff=4.500_skin=0.000"": 4758, ""cutoff=4.500_skin=0.250"": 5430, ""cutoff=4.500_skin=0.500"": 5898, ""cutoff=4.500_skin=1.000"": 6840, ""cutoff=5.000_skin=0.000"": 5898, ""cutoff=5.000_skin=0.250"": 6324, ""cutoff=5.000_skin=0.500"": 6840, ""cutoff=5.000_skin=1.000"": 8058, ""cutoff=6.000_skin=0.000"": 8058, ""cutoff=6.000_skin=0.250"": 8574, ""cutoff=6.000_skin=0.500"": 9282, ""cutoff=6.000_skin=1.000"": 11076}",0.0,,
OPT-MIX4-R256-v1,ac99f7f235977b62c7f867154f16d24041ba7ae2e5440b90e4b316254257ab0c,OPT-MIX4-R256-v1:0148,Aven12_1_378_z1,8705be7b2013be9c39206be3fed1b1215b9c96949474779342d0579a3e66ea8b,148,T2_test,Aven12_1_378_z1.cif,6bdefe59ea712c0749030516d7a306b5f4e1d8745464f247a079480f2efb3413,8705be7b2013be9c39206be3fed1b1215b9c96949474779342d0579a3e66ea8b,0,46,"[""O"", ""C"", ""N"", ""C"", ""C"", ""C"", ""C"", ""C"", ""C"", ""N"", ""C"", ""C"", ""C"", ""C"", ""N"", ""C"", ""O"", ""N"", ""C"", ""C"", ""C"", ""C"", ""C"", ""C"", ""C"", ""N"", ""C"", ""O"", ""N"", ""C"", ""C"", ""C"", ""H"", ""H"", ""H"", ""H"", ""H"", ""H"", ""H"", ""H"", ""H"", ""H"", ""H"", ""H"", ""H"", ""H""]",C23H14N6O3,"[true, true, true]","[11.074328817378245, 0.0, 0.0, -6.864933288169456, 9.427237888968982, 0.0, 0.2592534375309752, -0.6765561903867768, 11.175457000318533]",1166.721423566928,[],"{""cutoff=4.500_skin=0.000"": 852, ""cutoff=4.500_skin=0.250"": 988, ""cutoff=4.500_skin=0.500"": 1092, ""cutoff=4.500_skin=1.000"": 1326, ""cutoff=5.000_skin=0.000"": 1092, ""cutoff=5.000_skin=0.250"": 1198, ""cutoff=5.000_skin=0.500"": 1326, ""cutoff=5.000_skin=1.000"": 1650, ""cutoff=6.000_skin=0.000"": 1650, ""cutoff=6.000_skin=0.250"": 1824, ""cutoff=6.000_skin=0.500"": 1986, ""cutoff=6.000_skin=1.000"": 2476}",0.0,,
OPT-MIX4-R256-v1,ac99f7f235977b62c7f867154f16d24041ba7ae2e5440b90e4b316254257ab0c,OPT-MIX4-R256-v1:0149,Aven12_2_1287_z1,05687a9d4f0bf088956b75b5772300b27e30db0e5015c6d1cdd809e9ed5862e5,149,T2_test,Aven12_2_1287_z1.cif,ac93781455f6b66a7b355b243ed0eb7076794e75b8be412b3af13645886859b3,05687a9d4f0bf088956b75b5772300b27e30db0e5015c6d1cdd809e9ed5862e5,0,92,"[""O"", ""C"", ""N"", ""C"", ""C"", ""C"", ""C"", ""C"", ""C"", ""N"", ""C"", ""C"", ""C"", ""C"", ""N"", ""C"", ""O"", ""N"", ""C"", ""C"", ""C"", ""C"", ""C"", ""C"", ""C"", ""N"", ""C"", ""O"", ""N"", ""C"", ""C"", ""C"", ""H"", ""H"", ""H"", ""H"", ""H"", ""H"", ""H"", ""H"", ""H"", ""H"", ""H"", ""H"", ""H"", ""H"", ""O"", ""C"", ""N"", ""C"", ""C"", ""C"", ""C"", ""C"", ""C"", ""N"", ""C"", ""C"", ""C"", ""C"", ""N"", ""C"", ""O"", ""N"", ""C"", ""C"", ""C"", ""C"", ""C"", ""C"", ""C"", ""N"", ""C"", ""O"", ""N"", ""C"", ""C"", ""C"", ""H"", ""H"", ""H"", ""H"", ""H"", ""H"", ""H"", ""H"", ""H"", ""H"", ""H"", ""H"", ""H"", ""H""]",C46H28N12O6,"[true, true, true]","[10.384908690051105, 0.0, 0.0, 0.7609584681781046, 17.101096799800843, 0.0, -5.267942733174895, -3.8963726819190163, 14.141631098219754]",2511.459340908778,[],"{""cutoff=4.500_skin=0.000"": 1846, ""cutoff=4.500_skin=0.250"": 2192, ""cutoff=4.500_skin=0.500"": 2424, ""cutoff=4.500_skin=1.000"": 2936, ""cutoff=5.000_skin=0.000"": 2424, ""cutoff=5.000_skin=0.250"": 2632, ""cutoff=5.000_skin=0.500"": 2936, ""cutoff=5.000_skin=1.000"": 3696, ""cutoff=6.000_skin=0.000"": 3696, ""cutoff=6.000_skin=0.250"": 4114, ""cutoff=6.000_skin=0.500"": 4548, ""cutoff=6.000_skin=1.000"": 5600}",0.0,,
OPT-MIX4-R256-v1,ac99f7f235977b62c7f867154f16d24041ba7ae2e5440b90e4b316254257ab0c,OPT-MIX4-R256-v1:0150,Aven12_14_350_z1,9409e820a84588657120bf97a05c7fbd485fc059f67b3d4bdc5829651f6a1902,150,T2_test,Aven12_14_350_z1.cif,525ca4b4c0e432044e8eaa8bd07b231f4c871dbd210fd407fdb976a916803c26,9409e820a84588657120bf97a05c7fbd485fc059f67b3d4bdc5829651f6a1902,0,184,"[""O"", ""C"", ""N"", ""C"", ""C"", ""C"", ""C"", ""C"", ""C"", ""N"", ""C"", ""C"", ""C"", ""C"", ""N"", ""C"", ""O"", ""N"", ""C"", ""C"", ""C"", ""C"", ""C"", ""C"", ""C"", ""N"", ""C"", ""O"", ""N"", ""C"", ""C"", ""C"", ""H"", ""H"", ""H"", ""H"", ""H"", ""H"", ""H"", ""H"", ""H"", ""H"", ""H"", ""H"", ""H"", ""H"", ""O"", ""C"", ""N"", ""C"", ""C"", ""C"", ""C"", ""C"", ""C"", ""N"", ""C"", ""C"", ""C"", ""C"", ""N"", ""C"", ""O"", ""N"", ""C"", ""C"", ""C"", ""C"", ""C"", ""C"", ""C"", ""N"", ""C"", ""O"", ""N"", ""C"", ""C"", ""C"", ""H"", ""H"", ""H"", ""H"", ""H"", ""H"", ""H"", ""H"", ""H"", ""H"", ""H"", ""H"", ""H"", ""H"", ""O"", ""C"", ""N"", ""C"", ""C"", ""C"", ""C"", ""C"", ""C"", ""N"", ""C"", ""C"", ""C"", ""C"", ""N"", ""C"", ""O"", ""N"", ""C"", ""C"", ""C"", ""C"", ""C"", ""C"", ""C"", ""N"", ""C"", ""O"", ""N"", ""C"", ""C"", ""C"", ""H"", ""H"", ""H"", ""H"", ""H"", ""H"", ""H"", ""H"", ""H"", ""H"", ""H"", ""H"", ""H"", ""H"", ""O"", ""C"", ""N"", ""C"", ""C"", ""C"", ""C"", ""C"", ""C"", ""N"", ""C"", ""C"", ""C"", ""C"", ""N"", ""C"", ""O"", ""N"", ""C"", ""C"", ""C"", ""C"", ""C"", ""C"", ""C"", ""N"", ""C"", ""O"", ""N"", ""C"", ""C"", ""C"", ""H"", ""H"", ""H"", ""H"", ""H"", ""H"", ""H"", ""H"", ""H"", ""H"", ""H"", ""H"", ""H"", ""H""]",C92H56N24O12,"[true, true, true]","[10.497745866028438, 0.0, 0.0, 0.0, 22.7664118947404, 0.0, -6.876081401905934, 0.0, 23.266902466164066]",5560.696769601966,[],"{""cutoff=4.500_skin=0.000"": 3408, ""cutoff=4.500_skin=0.250"": 3992, ""cutoff=4.500_skin=0.500"": 4304, ""cutoff=4.500_skin=1.000"": 5136, ""cutoff=5.000_skin=0.000"": 4304, ""cutoff=5.000_skin=0.250"": 4648, ""cutoff=5.000_skin=0.500"": 5136, ""cutoff=5.000_skin=1.000"": 6192, ""cutoff=6.000_skin=0.000"": 6192, ""cutoff=6.000_skin=0.250"": 6656, ""cutoff=6.000_skin=0.500"": 7408, ""cutoff=6.000_skin=1.000"": 8992}",0.0,,
OPT-MIX4-R256-v1,ac99f7f235977b62c7f867154f16d24041ba7ae2e5440b90e4b316254257ab0c,OPT-MIX4-R256-v1:0151,Aven12_148_211_z1,ccaa0f6629bc95dbf9d15ee0b9f2366057f95461140fc35dbc35a40d28ae086b,151,T2_test,Aven12_148_211_z1.cif,fc7a0fa1c332c1e85d7f0a4a07e040fb0711e0a07a5c724858be24b063bcc4e8,ccaa0f6629bc95dbf9d15ee0b9f2366057f95461140fc35dbc35a40d28ae086b,0,276,"[""O"", ""C"", ""N"", ""C"", ""C"", ""C"", ""C"", ""C"", ""C"", ""N"", ""C"", ""C"", ""C"", ""C"", ""N"", ""C"", ""O"", ""N"", ""C"", ""C"", ""C"", ""C"", ""C"", ""C"", ""C"", ""N"", ""C"", ""O"", ""N"", ""C"", ""C"", ""C"", ""H"", ""H"", ""H"", ""H"", ""H"", ""H"", ""H"", ""H"", ""H"", ""H"", ""H"", ""H"", ""H"", ""H"", ""O"", ""C"", ""N"", ""C"", ""C"", ""C"", ""C"", ""C"", ""C"", ""N"", ""C"", ""C"", ""C"", ""C"", ""N"", ""C"", ""O"", ""N"", ""C"", ""C"", ""C"", ""C"", ""C"", ""C"", ""C"", ""N"", ""C"", ""O"", ""N"", ""C"", ""C"", ""C"", ""H"", ""H"", ""H"", ""H"", ""H"", ""H"", ""H"", ""H"", ""H"", ""H"", ""H"", ""H"", ""H"", ""H"", ""O"", ""C"", ""N"", ""C"", ""C"", ""C"", ""C"", ""C"", ""C"", ""N"", ""C"", ""C"", ""C"", ""C"", ""N"", ""C"", ""O"", ""N"", ""C"", ""C"", ""C"", ""C"", ""C"", ""C"", ""C"", ""N"", ""C"", ""O"", ""N"", ""C"", ""C"", ""C"", ""H"", ""H"", ""H"", ""H"", ""H"", ""H"", ""H"", ""H"", ""H"", ""H"", ""H"", ""H"", ""H"", ""H"", ""O"", ""C"", ""N"", ""C"", ""C"", ""C"", ""C"", ""C"", ""C"", ""N"", ""C"", ""C"", ""C"", ""C"", ""N"", ""C"", ""O"", ""N"", ""C"", ""C"", ""C"", ""C"", ""C"", ""C"", ""C"", ""N"", ""C"", ""O"", ""N"", ""C"", ""C"", ""C"", ""H"", ""H"", ""H"", ""H"", ""H"", ""H"", ""H"", ""H"", ""H"", ""H"", ""H"", ""H"", ""H"", ""H"", ""O"", ""C"", ""N"", ""C"", ""C"", ""C"", ""C"", ""C"", ""C"", ""N"", ""C"", ""C"", ""C"", ""C"", ""N"", ""C"", ""O"", ""N"", ""C"", ""C"", ""C"", ""C"", ""C"", ""C"", ""C"", ""N"", ""C"", ""O"", ""N"", ""C"", ""C"", ""C"", ""H"", ""H"", ""H"", ""H"", ""H"", ""H"", ""H"", ""H"", ""H"", ""H"", ""H"", ""H"", ""H"", ""H"", ""O"", ""C"", ""N"", ""C"", ""C"", ""C"", ""C"", ""C"", ""C"", ""N"", ""C"", ""C"", ""C"", ""C"", ""N"", ""C"", ""O"", ""N"", ""C"", ""C"", ""C"", ""C"", ""C"", ""C"", ""C"", ""N"", ""C"", ""O"", ""N"", ""C"", ""C"", ""C"", ""H"", ""H"", ""H"", ""H"", ""H"", ""H"", ""H"", ""H"", ""H"", ""H"", ""H"", ""H"", ""H"", ""H""]",C138H84N36O18,"[true, true, true]","[20.966582631354427, 0.0, 0.0, 0.49413185515978103, 20.960759073734174, 0.0, 0.49413185515978103, 0.48262040731076306, 20.955202182025747]",9209.297686965707,[],"{""cutoff=4.500_skin=0.000"": 5586, ""cutoff=4.500_skin=0.250"": 6450, ""cutoff=4.500_skin=0.500"": 7050, ""cutoff=4.500_skin=1.000"": 8562, ""cutoff=5.000_skin=0.000"": 7050, ""cutoff=5.000_skin=0.250"": 7812, ""cutoff=5.000_skin=0.500"": 8562, ""cutoff=5.000_skin=1.000"": 10266, ""cutoff=6.000_skin=0.000"": 10266, ""cutoff=6.000_skin=0.250"": 11058, ""cutoff=6.000_skin=0.500"": 12198, ""cutoff=6.000_skin=1.000"": 14490}",0.0,,
OPT-MIX4-R256-v1,ac99f7f235977b62c7f867154f16d24041ba7ae2e5440b90e4b316254257ab0c,OPT-MIX4-R256-v1:0152,Aven12_1_263_z1,6bec98d7200e2fd563e62de578fe4e268147e09e229e1c4474282f68129baec1,152,T2_test,Aven12_1_263_z1.cif,e1e620e5c51b5c8941363521fd132787c5513a0e62c89fced4e7a811139e17be,6bec98d7200e2fd563e62de578fe4e268147e09e229e1c4474282f68129baec1,0,46,"[""O"", ""C"", ""N"", ""C"", ""C"", ""C"", ""C"", ""C"", ""C"", ""N"", ""C"", ""C"", ""C"", ""C"", ""N"", ""C"", ""O"", ""N"", ""C"", ""C"", ""C"", ""C"", ""C"", ""C"", ""C"", ""N"", ""C"", ""O"", ""N"", ""C"", ""C"", ""C"", ""H"", ""H"", ""H"", ""H"", ""H"", ""H"", ""H"", ""H"", ""H"", ""H"", ""H"", ""H"", ""H"", ""H""]",C23H14N6O3,"[true, true, true]","[12.953875802555224, 0.0, 0.0, 3.2856134156133354, 9.892360225829508, 0.0, -0.6042626253529856, -9.17179263698722, 11.107438332237514]",1423.3560845952302,[],"{""cutoff=4.500_skin=0.000"": 830, ""cutoff=4.500_skin=0.250"": 958, ""cutoff=4.500_skin=0.500"": 1036, ""cutoff=4.500_skin=1.000"": 1238, ""cutoff=5.000_skin=0.000"": 1036, ""cutoff=5.000_skin=0.250"": 1120, ""cutoff=5.000_skin=0.500"": 1238, ""cutoff=5.000_skin=1.000"": 1494, ""cutoff=6.000_skin=0.000"": 1494, ""cutoff=6.000_skin=0.250"": 1612, ""cutoff=6.000_skin=0.500"": 1782, ""cutoff=6.000_skin=1.000"": 2178}",0.0,,
OPT-MIX4-R256-v1,ac99f7f235977b62c7f867154f16d24041ba7ae2e5440b90e4b316254257ab0c,OPT-MIX4-R256-v1:0153,Aven12_4_58_z1,b14dd8d5952b235cf7e896fa9d9c7bd99e23ddbef70eeb8926b0a955a3d60282,153,T2_test,Aven12_4_58_z1.cif,d2d6b8087484d7e2ac26f4e9ac3497a84b6983fcfce9e5fde1fe6cfbb5c9f874,b14dd8d5952b235cf7e896fa9d9c7bd99e23ddbef70eeb8926b0a955a3d60282,0,92,"[""O"", ""C"", ""N"", ""C"", ""C"", ""C"", ""C"", ""C"", ""C"", ""N"", ""C"", ""C"", ""C"", ""C"", ""N"", ""C"", ""O"", ""N"", ""C"", ""C"", ""C"", ""C"", ""C"", ""C"", ""C"", ""N"", ""C"", ""O"", ""N"", ""C"", ""C"", ""C"", ""H"", ""H"", ""H"", ""H"", ""H"", ""H"", ""H"", ""H"", ""H"", ""H"", ""H"", ""H"", ""H"", ""H"", ""O"", ""C"", ""N"", ""C"", ""C"", ""C"", ""C"", ""C"", ""C"", ""N"", ""C"", ""C"", ""C"", ""C"", ""N"", ""C"", ""O"", ""N"", ""C"", ""C"", ""C"", ""C"", ""C"", ""C"", ""C"", ""N"", ""C"", ""O"", ""N"", ""C"", ""C"", ""C"", ""H"", ""H"", ""H"", ""H"", ""H"", ""H"", ""H"", ""H"", ""H"", ""H"", ""H"", ""H"", ""H"", ""H""]",C46H28N12O6,"[true, true, true]","[11.556126551551174, 0.0, 0.0, 0.0, 12.312889820057762, 0.0, 3.121235842603847, 0.0, 11.989764979688788]",1706.0154217023473,[],"{""cutoff=4.500_skin=0.000"": 1960, ""cutoff=4.500_skin=0.250"": 2312, ""cutoff=4.500_skin=0.500"": 2576, ""cutoff=4.500_skin=1.000"": 3272, ""cutoff=5.000_skin=0.000"": 2576, ""cutoff=5.000_skin=0.250"": 2884, ""cutoff=5.000_skin=0.500"": 3272, ""cutoff=5.000_skin=1.000"": 4216, ""cutoff=6.000_skin=0.000"": 4216, ""cutoff=6.000_skin=0.250"": 4660, ""cutoff=6.000_skin=0.500"": 5336, ""cutoff=6.000_skin=1.000"": 6904}",0.0,,
OPT-MIX4-R256-v1,ac99f7f235977b62c7f867154f16d24041ba7ae2e5440b90e4b316254257ab0c,OPT-MIX4-R256-v1:0154,Aven12_19_164_z1,d5ffeb0ee52cf0fe9973ab82e149dd48b675b0c45a8fcba023ce73c13b11b625,154,T2_test,Aven12_19_164_z1.cif,4ce3a470db5da6ef99d0649333ea6bf831b13035d70061d2848a08af2b9b80b5,d5ffeb0ee52cf0fe9973ab82e149dd48b675b0c45a8fcba023ce73c13b11b625,0,184,"[""O"", ""C"", ""N"", ""C"", ""C"", ""C"", ""C"", ""C"", ""C"", ""N"", ""C"", ""C"", ""C"", ""C"", ""N"", ""C"", ""O"", ""N"", ""C"", ""C"", ""C"", ""C"", ""C"", ""C"", ""C"", ""N"", ""C"", ""O"", ""N"", ""C"", ""C"", ""C"", ""H"", ""H"", ""H"", ""H"", ""H"", ""H"", ""H"", ""H"", ""H"", ""H"", ""H"", ""H"", ""H"", ""H"", ""O"", ""C"", ""N"", ""C"", ""C"", ""C"", ""C"", ""C"", ""C"", ""N"", ""C"", ""C"", ""C"", ""C"", ""N"", ""C"", ""O"", ""N"", ""C"", ""C"", ""C"", ""C"", ""C"", ""C"", ""C"", ""N"", ""C"", ""O"", ""N"", ""C"", ""C"", ""C"", ""H"", ""H"", ""H"", ""H"", ""H"", ""H"", ""H"", ""H"", ""H"", ""H"", ""H"", ""H"", ""H"", ""H"", ""O"", ""C"", ""N"", ""C"", ""C"", ""C"", ""C"", ""C"", ""C"", ""N"", ""C"", ""C"", ""C"", ""C"", ""N"", ""C"", ""O"", ""N"", ""C"", ""C"", ""C"", ""C"", ""C"", ""C"", ""C"", ""N"", ""C"", ""O"", ""N"", ""C"", ""C"", ""C"", ""H"", ""H"", ""H"", ""H"", ""H"", ""H"", ""H"", ""H"", ""H"", ""H"", ""H"", ""H"", ""H"", ""H"", ""O"", ""C"", ""N"", ""C"", ""C"", ""C"", ""C"", ""C"", ""C"", ""N"", ""C"", ""C"", ""C"", ""C"", ""N"", ""C"", ""O"", ""N"", ""C"", ""C"", ""C"", ""C"", ""C"", ""C"", ""C"", ""N"", ""C"", ""O"", ""N"", ""C"", ""C"", ""C"", ""H"", ""H"", ""H"", ""H"", ""H"", ""H"", ""H"", ""H"", ""H"", ""H"", ""H"", ""H"", ""H"", ""H""]",C92H56N24O12,"[true, true, true]","[14.108540968278504, 0.0, 0.0, 0.0, 16.450316191511696, 0.0, 0.0, 0.0, 15.980273552769916]",3708.861048518074,[],"{""cutoff=4.500_skin=0.000"": 3824, ""cutoff=4.500_skin=0.250"": 4440, ""cutoff=4.500_skin=0.500"": 4904, ""cutoff=4.500_skin=1.000"": 6208, ""cutoff=5.000_skin=0.000"": 4904, ""cutoff=5.000_skin=0.250"": 5464, ""cutoff=5.000_skin=0.500"": 6208, ""cutoff=5.000_skin=1.000"": 7752, ""cutoff=6.000_skin=0.000"": 7752, ""cutoff=6.000_skin=0.250"": 8584, ""cutoff=6.000_skin=0.500"": 9608, ""cutoff=6.000_skin=1.000"": 12176}",0.0,,
OPT-MIX4-R256-v1,ac99f7f235977b62c7f867154f16d24041ba7ae2e5440b90e4b316254257ab0c,OPT-MIX4-R256-v1:0155,Aven12_148_690_z1,9e1c6fb7193cc4aa8aebc25211ed8ac4f1b821edd16f92dca31e7b03f61c0ef3,155,T2_test,Aven12_148_690_z1.cif,5986ef138ed2914cb793e0f4b76a76d26afa2ec98a476a83e03ce87d36bf1b1b,9e1c6fb7193cc4aa8aebc25211ed8ac4f1b821edd16f92dca31e7b03f61c0ef3,0,276,"[""O"", ""C"", ""N"", ""C"", ""C"", ""C"", ""C"", ""C"", ""C"", ""N"", ""C"", ""C"", ""C"", ""C"", ""N"", ""C"", ""O"", ""N"", ""C"", ""C"", ""C"", ""C"", ""C"", ""C"", ""C"", ""N"", ""C"", ""O"", ""N"", ""C"", ""C"", ""C"", ""H"", ""H"", ""H"", ""H"", ""H"", ""H"", ""H"", ""H"", ""H"", ""H"", ""H"", ""H"", ""H"", ""H"", ""O"", ""C"", ""N"", ""C"", ""C"", ""C"", ""C"", ""C"", ""C"", ""N"", ""C"", ""C"", ""C"", ""C"", ""N"", ""C"", ""O"", ""N"", ""C"", ""C"", ""C"", ""C"", ""C"", ""C"", ""C"", ""N"", ""C"", ""O"", ""N"", ""C"", ""C"", ""C"", ""H"", ""H"", ""H"", ""H"", ""H"", ""H"", ""H"", ""H"", ""H"", ""H"", ""H"", ""H"", ""H"", ""H"", ""O"", ""C"", ""N"", ""C"", ""C"", ""C"", ""C"", ""C"", ""C"", ""N"", ""C"", ""C"", ""C"", ""C"", ""N"", ""C"", ""O"", ""N"", ""C"", ""C"", ""C"", ""C"", ""C"", ""C"", ""C"", ""N"", ""C"", ""O"", ""N"", ""C"", ""C"", ""C"", ""H"", ""H"", ""H"", ""H"", ""H"", ""H"", ""H"", ""H"", ""H"", ""H"", ""H"", ""H"", ""H"", ""H"", ""O"", ""C"", ""N"", ""C"", ""C"", ""C"", ""C"", ""C"", ""C"", ""N"", ""C"", ""C"", ""C"", ""C"", ""N"", ""C"", ""O"", ""N"", ""C"", ""C"", ""C"", ""C"", ""C"", ""C"", ""C"", ""N"", ""C"", ""O"", ""N"", ""C"", ""C"", ""C"", ""H"", ""H"", ""H"", ""H"", ""H"", ""H"", ""H"", ""H"", ""H"", ""H"", ""H"", ""H"", ""H"", ""H"", ""O"", ""C"", ""N"", ""C"", ""C"", ""C"", ""C"", ""C"", ""C"", ""N"", ""C"", ""C"", ""C"", ""C"", ""N"", ""C"", ""O"", ""N"", ""C"", ""C"", ""C"", ""C"", ""C"", ""C"", ""C"", ""N"", ""C"", ""O"", ""N"", ""C"", ""C"", ""C"", ""H"", ""H"", ""H"", ""H"", ""H"", ""H"", ""H"", ""H"", ""H"", ""H"", ""H"", ""H"", ""H"", ""H"", ""O"", ""C"", ""N"", ""C"", ""C"", ""C"", ""C"", ""C"", ""C"", ""N"", ""C"", ""C"", ""C"", ""C"", ""N"", ""C"", ""O"", ""N"", ""C"", ""C"", ""C"", ""C"", ""C"", ""C"", ""C"", ""N"", ""C"", ""O"", ""N"", ""C"", ""C"", ""C"", ""H"", ""H"", ""H"", ""H"", ""H"", ""H"", ""H"", ""H"", ""H"", ""H"", ""H"", ""H"", ""H"", ""H""]",C138H84N36O18,"[true, true, true]","[22.738068620695742, 0.0, 0.0, -5.315251547793562, 22.10809502384017, 0.0, -5.315251547793562, -6.744608854155841, 21.054171011644918]",10583.834533601004,[],"{""cutoff=4.500_skin=0.000"": 5124, ""cutoff=4.500_skin=0.250"": 6012, ""cutoff=4.500_skin=0.500"": 6540, ""cutoff=4.500_skin=1.000"": 8136, ""cutoff=5.000_skin=0.000"": 6540, ""cutoff=5.000_skin=0.250"": 7212, ""cutoff=5.000_skin=0.500"": 8136, ""cutoff=5.000_skin=1.000"": 10308, ""cutoff=6.000_skin=0.000"": 10308, ""cutoff=6.000_skin=0.250"": 11412, ""cutoff=6.000_skin=0.500"": 12672, ""cutoff=6.000_skin=1.000"": 15666}",0.0,,
OPT-MIX4-R256-v1,ac99f7f235977b62c7f867154f16d24041ba7ae2e5440b90e4b316254257ab0c,OPT-MIX4-R256-v1:0156,Aven12_1_277_z1,0bd099736f3667d4a3e2cfb48f896ddfee7544fc15be2a4744a7f777132ca92a,156,T2_test,Aven12_1_277_z1.cif,24cde5d1d4c4637a8a9242cb3fad730a5ae2659f36d9cbf616e224e9df60fcf4,0bd099736f3667d4a3e2cfb48f896ddfee7544fc15be2a4744a7f777132ca92a,0,46,"[""O"", ""C"", ""N"", ""C"", ""C"", ""C"", ""C"", ""C"", ""C"", ""N"", ""C"", ""C"", ""C"", ""C"", ""N"", ""C"", ""O"", ""N"", ""C"", ""C"", ""C"", ""C"", ""C"", ""C"", ""C"", ""N"", ""C"", ""O"", ""N"", ""C"", ""C"", ""C"", ""H"", ""H"", ""H"", ""H"", ""H"", ""H"", ""H"", ""H"", ""H"", ""H"", ""H"", ""H"", ""H"", ""H""]",C23H14N6O3,"[true, true, true]","[13.638149398769649, 0.0, 0.0, -0.5593172266890224, 10.28616174822126, 0.0, 7.387582067356132, -5.738091610182449, 10.174966283407823]",1427.387113581868,[],"{""cutoff=4.500_skin=0.000"": 848, ""cutoff=4.500_skin=0.250"": 980, ""cutoff=4.500_skin=0.500"": 1056, ""cutoff=4.500_skin=1.000"": 1248, ""cutoff=5.000_skin=0.000"": 1056, ""cutoff=5.000_skin=0.250"": 1132, ""cutoff=5.000_skin=0.500"": 1248, ""cutoff=5.000_skin=1.000"": 1504, ""cutoff=6.000_skin=0.000"": 1504, ""cutoff=6.000_skin=0.250"": 1622, ""cutoff=6.000_skin=0.500"": 1776, ""cutoff=6.000_skin=1.000"": 2148}",0.0,,
OPT-MIX4-R256-v1,ac99f7f235977b62c7f867154f16d24041ba7ae2e5440b90e4b316254257ab0c,OPT-MIX4-R256-v1:0157,Aven12_2_2324_z1,e7e028975682c12287f9218cef090d20b65458f719d06fdc0c70e53d6bfba508,157,T2_test,Aven12_2_2324_z1.cif,c21ce9e162eeb18ef897eae34d5ba69800c364dce77e5714dee7811e9679bbd1,e7e028975682c12287f9218cef090d20b65458f719d06fdc0c70e53d6bfba508,0,92,"[""O"", ""C"", ""N"", ""C"", ""C"", ""C"", ""C"", ""C"", ""C"", ""N"", ""C"", ""C"", ""C"", ""C"", ""N"", ""C"", ""O"", ""N"", ""C"", ""C"", ""C"", ""C"", ""C"", ""C"", ""C"", ""N"", ""C"", ""O"", ""N"", ""C"", ""C"", ""C"", ""H"", ""H"", ""H"", ""H"", ""H"", ""H"", ""H"", ""H"", ""H"", ""H"", ""H"", ""H"", ""H"", ""H"", ""O"", ""C"", ""N"", ""C"", ""C"", ""C"", ""C"", ""C"", ""C"", ""N"", ""C"", ""C"", ""C"", ""C"", ""N"", ""C"", ""O"", ""N"", ""C"", ""C"", ""C"", ""C"", ""C"", ""C"", ""C"", ""N"", ""C"", ""O"", ""N"", ""C"", ""C"", ""C"", ""H"", ""H"", ""H"", ""H"", ""H"", ""H"", ""H"", ""H"", ""H"", ""H"", ""H"", ""H"", ""H"", ""H""]",C46H28N12O6,"[true, true, true]","[15.762885091188245, 0.0, 0.0, -6.03812251102466, 12.288976864323455, 0.0, -11.682810823193327, -4.953276459717049, 14.628375934592922]",2833.6587555629667,[],"{""cutoff=4.500_skin=0.000"": 1842, ""cutoff=4.500_skin=0.250"": 2170, ""cutoff=4.500_skin=0.500"": 2346, ""cutoff=4.500_skin=1.000"": 2778, ""cutoff=5.000_skin=0.000"": 2346, ""cutoff=5.000_skin=0.250"": 2534, ""cutoff=5.000_skin=0.500"": 2778, ""cutoff=5.000_skin=1.000"": 3424, ""cutoff=6.000_skin=0.000"": 3424, ""cutoff=6.000_skin=0.250"": 3684, ""cutoff=6.000_skin=0.500"": 4042, ""cutoff=6.000_skin=1.000"": 4852}",0.0,,
OPT-MIX4-R256-v1,ac99f7f235977b62c7f867154f16d24041ba7ae2e5440b90e4b316254257ab0c,OPT-MIX4-R256-v1:0158,Aven12_19_457_z1,24147d380fa2fe568cb25e90d28e94fabe742156d74c9026074460dcf12538d1,158,T2_test,Aven12_19_457_z1.cif,f0e5c5d00b03bd375eb352d325d4b5a925b0889a98e26c846ad8be2375b7ba23,24147d380fa2fe568cb25e90d28e94fabe742156d74c9026074460dcf12538d1,0,184,"[""O"", ""C"", ""N"", ""C"", ""C"", ""C"", ""C"", ""C"", ""C"", ""N"", ""C"", ""C"", ""C"", ""C"", ""N"", ""C"", ""O"", ""N"", ""C"", ""C"", ""C"", ""C"", ""C"", ""C"", ""C"", ""N"", ""C"", ""O"", ""N"", ""C"", ""C"", ""C"", ""H"", ""H"", ""H"", ""H"", ""H"", ""H"", ""H"", ""H"", ""H"", ""H"", ""H"", ""H"", ""H"", ""H"", ""O"", ""C"", ""N"", ""C"", ""C"", ""C"", ""C"", ""C"", ""C"", ""N"", ""C"", ""C"", ""C"", ""C"", ""N"", ""C"", ""O"", ""N"", ""C"", ""C"", ""C"", ""C"", ""C"", ""C"", ""C"", ""N"", ""C"", ""O"", ""N"", ""C"", ""C"", ""C"", ""H"", ""H"", ""H"", ""H"", ""H"", ""H"", ""H"", ""H"", ""H"", ""H"", ""H"", ""H"", ""H"", ""H"", ""O"", ""C"", ""N"", ""C"", ""C"", ""C"", ""C"", ""C"", ""C"", ""N"", ""C"", ""C"", ""C"", ""C"", ""N"", ""C"", ""O"", ""N"", ""C"", ""C"", ""C"", ""C"", ""C"", ""C"", ""C"", ""N"", ""C"", ""O"", ""N"", ""C"", ""C"", ""C"", ""H"", ""H"", ""H"", ""H"", ""H"", ""H"", ""H"", ""H"", ""H"", ""H"", ""H"", ""H"", ""H"", ""H"", ""O"", ""C"", ""N"", ""C"", ""C"", ""C"", ""C"", ""C"", ""C"", ""N"", ""C"", ""C"", ""C"", ""C"", ""N"", ""C"", ""O"", ""N"", ""C"", ""C"", ""C"", ""C"", ""C"", ""C"", ""C"", ""N"", ""C"", ""O"", ""N"", ""C"", ""C"", ""C"", ""H"", ""H"", ""H"", ""H"", ""H"", ""H"", ""H"", ""H"", ""H"", ""H"", ""H"", ""H"", ""H"", ""H""]",C92H56N24O12,"[true, true, true]","[15.602147792958114, 0.0, 0.0, 0.0, 17.82737783064865, 0.0, 0.0, 0.0, 16.944845338227296]",4713.130507909435,[],"{""cutoff=4.500_skin=0.000"": 3808, ""cutoff=4.500_skin=0.250"": 4440, ""cutoff=4.500_skin=0.500"": 4872, ""cutoff=4.500_skin=1.000"": 5896, ""cutoff=5.000_skin=0.000"": 4872, ""cutoff=5.000_skin=0.250"": 5328, ""cutoff=5.000_skin=0.500"": 5896, ""cutoff=5.000_skin=1.000"": 7344, ""cutoff=6.000_skin=0.000"": 7344, ""cutoff=6.000_skin=0.250"": 8176, ""cutoff=6.000_skin=0.500"": 9096, ""cutoff=6.000_skin=1.000"": 11160}",0.0,,
OPT-MIX4-R256-v1,ac99f7f235977b62c7f867154f16d24041ba7ae2e5440b90e4b316254257ab0c,OPT-MIX4-R256-v1:0159,Aven12_148_1276_z1,dedb1cf17323b3f162267835761295f3406b3945777c5917637d796db08ded28,159,T2_test,Aven12_148_1276_z1.cif,12caf513b30ae2a9ffad28cbc6317c89a4dc0456d69709b6ab8caf9d4d73c3a2,dedb1cf17323b3f162267835761295f3406b3945777c5917637d796db08ded28,0,276,"[""O"", ""C"", ""N"", ""C"", ""C"", ""C"", ""C"", ""C"", ""C"", ""N"", ""C"", ""C"", ""C"", ""C"", ""N"", ""C"", ""O"", ""N"", ""C"", ""C"", ""C"", ""C"", ""C"", ""C"", ""C"", ""N"", ""C"", ""O"", ""N"", ""C"", ""C"", ""C"", ""H"", ""H"", ""H"", ""H"", ""H"", ""H"", ""H"", ""H"", ""H"", ""H"", ""H"", ""H"", ""H"", ""H"", ""O"", ""C"", ""N"", ""C"", ""C"", ""C"", ""C"", ""C"", ""C"", ""N"", ""C"", ""C"", ""C"", ""C"", ""N"", ""C"", ""O"", ""N"", ""C"", ""C"", ""C"", ""C"", ""C"", ""C"", ""C"", ""N"", ""C"", ""O"", ""N"", ""C"", ""C"", ""C"", ""H"", ""H"", ""H"", ""H"", ""H"", ""H"", ""H"", ""H"", ""H"", ""H"", ""H"", ""H"", ""H"", ""H"", ""O"", ""C"", ""N"", ""C"", ""C"", ""C"", ""C"", ""C"", ""C"", ""N"", ""C"", ""C"", ""C"", ""C"", ""N"", ""C"", ""O"", ""N"", ""C"", ""C"", ""C"", ""C"", ""C"", ""C"", ""C"", ""N"", ""C"", ""O"", ""N"", ""C"", ""C"", ""C"", ""H"", ""H"", ""H"", ""H"", ""H"", ""H"", ""H"", ""H"", ""H"", ""H"", ""H"", ""H"", ""H"", ""H"", ""O"", ""C"", ""N"", ""C"", ""C"", ""C"", ""C"", ""C"", ""C"", ""N"", ""C"", ""C"", ""C"", ""C"", ""N"", ""C"", ""O"", ""N"", ""C"", ""C"", ""C"", ""C"", ""C"", ""C"", ""C"", ""N"", ""C"", ""O"", ""N"", ""C"", ""C"", ""C"", ""H"", ""H"", ""H"", ""H"", ""H"", ""H"", ""H"", ""H"", ""H"", ""H"", ""H"", ""H"", ""H"", ""H"", ""O"", ""C"", ""N"", ""C"", ""C"", ""C"", ""C"", ""C"", ""C"", ""N"", ""C"", ""C"", ""C"", ""C"", ""N"", ""C"", ""O"", ""N"", ""C"", ""C"", ""C"", ""C"", ""C"", ""C"", ""C"", ""N"", ""C"", ""O"", ""N"", ""C"", ""C"", ""C"", ""H"", ""H"", ""H"", ""H"", ""H"", ""H"", ""H"", ""H"", ""H"", ""H"", ""H"", ""H"", ""H"", ""H"", ""O"", ""C"", ""N"", ""C"", ""C"", ""C"", ""C"", ""C"", ""C"", ""N"", ""C"", ""C"", ""C"", ""C"", ""N"", ""C"", ""O"", ""N"", ""C"", ""C"", ""C"", ""C"", ""C"", ""C"", ""C"", ""N"", ""C"", ""O"", ""N"", ""C"", ""C"", ""C"", ""H"", ""H"", ""H"", ""H"", ""H"", ""H"", ""H"", ""H"", ""H"", ""H"", ""H"", ""H"", ""H"", ""H""]",C138H84N36O18,"[true, true, true]","[25.43930484031374, 0.0, 0.0, -3.9591403310341655, 25.129334225116047, 0.0, -3.9591403310341655, -4.631741092099809, 24.698793757051025]",15789.266888235366,[],"{""cutoff=4.500_skin=0.000"": 4716, ""cutoff=4.500_skin=0.250"": 5388, ""cutoff=4.500_skin=0.500"": 5760, ""cutoff=4.500_skin=1.000"": 6738, ""cutoff=5.000_skin=0.000"": 5760, ""cutoff=5.000_skin=0.250"": 6162, ""cutoff=5.000_skin=0.500"": 6738, ""cutoff=5.000_skin=1.000"": 7902, ""cutoff=6.000_skin=0.000"": 7902, ""cutoff=6.000_skin=0.250"": 8478, ""cutoff=6.000_skin=0.500"": 9210, ""cutoff=6.000_skin=1.000"": 10806}",0.0,,
OPT-MIX4-R256-v1,ac99f7f235977b62c7f867154f16d24041ba7ae2e5440b90e4b316254257ab0c,OPT-MIX4-R256-v1:0160,Aven12_1_474_z1,aa06e62f467eeea484499f719c2cfabf25125da56029e6b0dba456e412d5b88e,160,T2_test,Aven12_1_474_z1.cif,63cd83d55edd9bee4412944496e79edbd2b11577d87177d93436427f8d682b4f,aa06e62f467eeea484499f719c2cfabf25125da56029e6b0dba456e412d5b88e,0,46,"[""O"", ""C"", ""N"", ""C"", ""C"", ""C"", ""C"", ""C"", ""C"", ""N"", ""C"", ""C"", ""C"", ""C"", ""N"", ""C"", ""O"", ""N"", ""C"", ""C"", ""C"", ""C"", ""C"", ""C"", ""C"", ""N"", ""C"", ""O"", ""N"", ""C"", ""C"", ""C"", ""H"", ""H"", ""H"", ""H"", ""H"", ""H"", ""H"", ""H"", ""H"", ""H"", ""H"", ""H"", ""H"", ""H""]",C23H14N6O3,"[true, true, true]","[14.574740367018954, 0.0, 0.0, -2.1146564692481795, 7.933815121039066, 0.0, -6.32062754784754, 6.111552754675949, 10.708681834514461]",1238.2801710830568,[],"{""cutoff=4.500_skin=0.000"": 872, ""cutoff=4.500_skin=0.250"": 1004, ""cutoff=4.500_skin=0.500"": 1130, ""cutoff=4.500_skin=1.000"": 1348, ""cutoff=5.000_skin=0.000"": 1130, ""cutoff=5.000_skin=0.250"": 1228, ""cutoff=5.000_skin=0.500"": 1348, ""cutoff=5.000_skin=1.000"": 1696, ""cutoff=6.000_skin=0.000"": 1696, ""cutoff=6.000_skin=0.250"": 1874, ""cutoff=6.000_skin=0.500"": 2080, ""cutoff=6.000_skin=1.000"": 2548}",0.0,,
OPT-MIX4-R256-v1,ac99f7f235977b62c7f867154f16d24041ba7ae2e5440b90e4b316254257ab0c,OPT-MIX4-R256-v1:0161,Aven12_2_1900_z1,92738f19a30a1daf9a7df526e5d9a519455b411786f50f6359de2735ad036b05,161,T2_test,Aven12_2_1900_z1.cif,81498fceb69cae8bfcff6074d30c5866dddf64445cd199e2fcc3d787aad2d34c,92738f19a30a1daf9a7df526e5d9a519455b411786f50f6359de2735ad036b05,0,92,"[""O"", ""C"", ""N"", ""C"", ""C"", ""C"", ""C"", ""C"", ""C"", ""N"", ""C"", ""C"", ""C"", ""C"", ""N"", ""C"", ""O"", ""N"", ""C"", ""C"", ""C"", ""C"", ""C"", ""C"", ""C"", ""N"", ""C"", ""O"", ""N"", ""C"", ""C"", ""C"", ""H"", ""H"", ""H"", ""H"", ""H"", ""H"", ""H"", ""H"", ""H"", ""H"", ""H"", ""H"", ""H"", ""H"", ""O"", ""C"", ""N"", ""C"", ""C"", ""C"", ""C"", ""C"", ""C"", ""N"", ""C"", ""C"", ""C"", ""C"", ""N"", ""C"", ""O"", ""N"", ""C"", ""C"", ""C"", ""C"", ""C"", ""C"", ""C"", ""N"", ""C"", ""O"", ""N"", ""C"", ""C"", ""C"", ""H"", ""H"", ""H"", ""H"", ""H"", ""H"", ""H"", ""H"", ""H"", ""H"", ""H"", ""H"", ""H"", ""H""]",C46H28N12O6,"[true, true, true]","[10.678316906113317, 0.0, 0.0, -6.007197172008886, 11.720950055304591, 0.0, 7.109111086872131, 2.357287998376577, 16.83769416192065]",2107.406123432441,[],"{""cutoff=4.500_skin=0.000"": 1922, ""cutoff=4.500_skin=0.250"": 2238, ""cutoff=4.500_skin=0.500"": 2514, ""cutoff=4.500_skin=1.000"": 3090, ""cutoff=5.000_skin=0.000"": 2514, ""cutoff=5.000_skin=0.250"": 2800, ""cutoff=5.000_skin=0.500"": 3090, ""cutoff=5.000_skin=1.000"": 3928, ""cutoff=6.000_skin=0.000"": 3928, ""cutoff=6.000_skin=0.250"": 4304, ""cutoff=6.000_skin=0.500"": 4712, ""cutoff=6.000_skin=1.000"": 5874}",0.0,,
OPT-MIX4-R256-v1,ac99f7f235977b62c7f867154f16d24041ba7ae2e5440b90e4b316254257ab0c,OPT-MIX4-R256-v1:0162,Aven12_14_195_z1,18d017c81b8c1b4adead065b9cb4914f0bfb6afa15995923bdd257a824c00607,162,T2_test,Aven12_14_195_z1.cif,0a27f77624259467365f9a695e2b3411cbae7a87d2314f872822871a4508c2ae,18d017c81b8c1b4adead065b9cb4914f0bfb6afa15995923bdd257a824c00607,0,184,"[""O"", ""C"", ""N"", ""C"", ""C"", ""C"", ""C"", ""C"", ""C"", ""N"", ""C"", ""C"", ""C"", ""C"", ""N"", ""C"", ""O"", ""N"", ""C"", ""C"", ""C"", ""C"", ""C"", ""C"", ""C"", ""N"", ""C"", ""O"", ""N"", ""C"", ""C"", ""C"", ""H"", ""H"", ""H"", ""H"", ""H"", ""H"", ""H"", ""H"", ""H"", ""H"", ""H"", ""H"", ""H"", ""H"", ""O"", ""C"", ""N"", ""C"", ""C"", ""C"", ""C"", ""C"", ""C"", ""N"", ""C"", ""C"", ""C"", ""C"", ""N"", ""C"", ""O"", ""N"", ""C"", ""C"", ""C"", ""C"", ""C"", ""C"", ""C"", ""N"", ""C"", ""O"", ""N"", ""C"", ""C"", ""C"", ""H"", ""H"", ""H"", ""H"", ""H"", ""H"", ""H"", ""H"", ""H"", ""H"", ""H"", ""H"", ""H"", ""H"", ""O"", ""C"", ""N"", ""C"", ""C"", ""C"", ""C"", ""C"", ""C"", ""N"", ""C"", ""C"", ""C"", ""C"", ""N"", ""C"", ""O"", ""N"", ""C"", ""C"", ""C"", ""C"", ""C"", ""C"", ""C"", ""N"", ""C"", ""O"", ""N"", ""C"", ""C"", ""C"", ""H"", ""H"", ""H"", ""H"", ""H"", ""H"", ""H"", ""H"", ""H"", ""H"", ""H"", ""H"", ""H"", ""H"", ""O"", ""C"", ""N"", ""C"", ""C"", ""C"", ""C"", ""C"", ""C"", ""N"", ""C"", ""C"", ""C"", ""C"", ""N"", ""C"", ""O"", ""N"", ""C"", ""C"", ""C"", ""C"", ""C"", ""C"", ""C"", ""N"", ""C"", ""O"", ""N"", ""C"", ""C"", ""C"", ""H"", ""H"", ""H"", ""H"", ""H"", ""H"", ""H"", ""H"", ""H"", ""H"", ""H"", ""H"", ""H"", ""H""]",C92H56N24O12,"[true, true, true]","[13.018803135388538, 0.0, 0.0, 0.0, 27.13166229858478, 0.0, 7.453959308927607, 0.0, 14.213531202388262]",5020.528652116415,[],"{""cutoff=4.500_skin=0.000"": 3564, ""cutoff=4.500_skin=0.250"": 4100, ""cutoff=4.500_skin=0.500"": 4500, ""cutoff=4.500_skin=1.000"": 5388, ""cutoff=5.000_skin=0.000"": 4500, ""cutoff=5.000_skin=0.250"": 4924, ""cutoff=5.000_skin=0.500"": 5388, ""cutoff=5.000_skin=1.000"": 6504, ""cutoff=6.000_skin=0.000"": 6504, ""cutoff=6.000_skin=0.250"": 7128, ""cutoff=6.000_skin=0.500"": 7728, ""cutoff=6.000_skin=1.000"": 9408}",0.0,,
OPT-MIX4-R256-v1,ac99f7f235977b62c7f867154f16d24041ba7ae2e5440b90e4b316254257ab0c,OPT-MIX4-R256-v1:0163,Aven12_148_1301_z1,1c62e61f6071d5e39c469ee57fa4d0a46eaac82498ae2f7b73bd658ccab7bab9,163,T2_test,Aven12_148_1301_z1.cif,4a2cdd6acde4cfc0c155539d4b30b359fff37a1a5b3099554cf3aa71a284d399,1c62e61f6071d5e39c469ee57fa4d0a46eaac82498ae2f7b73bd658ccab7bab9,0,276,"[""O"", ""C"", ""N"", ""C"", ""C"", ""C"", ""C"", ""C"", ""C"", ""N"", ""C"", ""C"", ""C"", ""C"", ""N"", ""C"", ""O"", ""N"", ""C"", ""C"", ""C"", ""C"", ""C"", ""C"", ""C"", ""N"", ""C"", ""O"", ""N"", ""C"", ""C"", ""C"", ""H"", ""H"", ""H"", ""H"", ""H"", ""H"", ""H"", ""H"", ""H"", ""H"", ""H"", ""H"", ""H"", ""H"", ""O"", ""C"", ""N"", ""C"", ""C"", ""C"", ""C"", ""C"", ""C"", ""N"", ""C"", ""C"", ""C"", ""C"", ""N"", ""C"", ""O"", ""N"", ""C"", ""C"", ""C"", ""C"", ""C"", ""C"", ""C"", ""N"", ""C"", ""O"", ""N"", ""C"", ""C"", ""C"", ""H"", ""H"", ""H"", ""H"", ""H"", ""H"", ""H"", ""H"", ""H"", ""H"", ""H"", ""H"", ""H"", ""H"", ""O"", ""C"", ""N"", ""C"", ""C"", ""C"", ""C"", ""C"", ""C"", ""N"", ""C"", ""C"", ""C"", ""C"", ""N"", ""C"", ""O"", ""N"", ""C"", ""C"", ""C"", ""C"", ""C"", ""C"", ""C"", ""N"", ""C"", ""O"", ""N"", ""C"", ""C"", ""C"", ""H"", ""H"", ""H"", ""H"", ""H"", ""H"", ""H"", ""H"", ""H"", ""H"", ""H"", ""H"", ""H"", ""H"", ""O"", ""C"", ""N"", ""C"", ""C"", ""C"", ""C"", ""C"", ""C"", ""N"", ""C"", ""C"", ""C"", ""C"", ""N"", ""C"", ""O"", ""N"", ""C"", ""C"", ""C"", ""C"", ""C"", ""C"", ""C"", ""N"", ""C"", ""O"", ""N"", ""C"", ""C"", ""C"", ""H"", ""H"", ""H"", ""H"", ""H"", ""H"", ""H"", ""H"", ""H"", ""H"", ""H"", ""H"", ""H"", ""H"", ""O"", ""C"", ""N"", ""C"", ""C"", ""C"", ""C"", ""C"", ""C"", ""N"", ""C"", ""C"", ""C"", ""C"", ""N"", ""C"", ""O"", ""N"", ""C"", ""C"", ""C"", ""C"", ""C"", ""C"", ""C"", ""N"", ""C"", ""O"", ""N"", ""C"", ""C"", ""C"", ""H"", ""H"", ""H"", ""H"", ""H"", ""H"", ""H"", ""H"", ""H"", ""H"", ""H"", ""H"", ""H"", ""H"", ""O"", ""C"", ""N"", ""C"", ""C"", ""C"", ""C"", ""C"", ""C"", ""N"", ""C"", ""C"", ""C"", ""C"", ""N"", ""C"", ""O"", ""N"", ""C"", ""C"", ""C"", ""C"", ""C"", ""C"", ""C"", ""N"", ""C"", ""O"", ""N"", ""C"", ""C"", ""C"", ""H"", ""H"", ""H"", ""H"", ""H"", ""H"", ""H"", ""H"", ""H"", ""H"", ""H"", ""H"", ""H"", ""H""]",C138H84N36O18,"[true, true, true]","[22.50381459960804, 0.0, 0.0, -2.479176686959524, 22.366836041075825, 0.0, -2.479176686959524, -2.769155612998901, 22.194754598313654]",11171.488502221166,[],"{""cutoff=4.500_skin=0.000"": 4872, ""cutoff=4.500_skin=0.250"": 5592, ""cutoff=4.500_skin=0.500"": 5988, ""cutoff=4.500_skin=1.000"": 7080, ""cutoff=5.000_skin=0.000"": 5988, ""cutoff=5.000_skin=0.250"": 6444, ""cutoff=5.000_skin=0.500"": 7080, ""cutoff=5.000_skin=1.000"": 8424, ""cutoff=6.000_skin=0.000"": 8424, ""cutoff=6.000_skin=0.250"": 9012, ""cutoff=6.000_skin=0.500"": 9756, ""cutoff=6.000_skin=1.000"": 11748}",0.0,,
OPT-MIX4-R256-v1,ac99f7f235977b62c7f867154f16d24041ba7ae2e5440b90e4b316254257ab0c,OPT-MIX4-R256-v1:0164,Aven12_1_491_z1,443c2bd6d81af66602db96b55b0f30d68f353ca118621aba3987473730314964,164,T2_test,Aven12_1_491_z1.cif,25e007fcde299010c527ab08829bdae3238f884c9c2e962a3f1bd0732efe7fc3,443c2bd6d81af66602db96b55b0f30d68f353ca118621aba3987473730314964,0,46,"[""O"", ""C"", ""N"", ""C"", ""C"", ""C"", ""C"", ""C"", ""C"", ""N"", ""C"", ""C"", ""C"", ""C"", ""N"", ""C"", ""O"", ""N"", ""C"", ""C"", ""C"", ""C"", ""C"", ""C"", ""C"", ""N"", ""C"", ""O"", ""N"", ""C"", ""C"", ""C"", ""H"", ""H"", ""H"", ""H"", ""H"", ""H"", ""H"", ""H"", ""H"", ""H"", ""H"", ""H"", ""H"", ""H""]",C23H14N6O3,"[true, true, true]","[8.987269240870106, 0.0, 0.0, 2.1780788056822264, 10.737315232043041, 0.0, 0.7788819533717012, 2.990895040512585, 10.722086058780125]",1034.6721149274315,[],"{""cutoff=4.500_skin=0.000"": 916, ""cutoff=4.500_skin=0.250"": 1088, ""cutoff=4.500_skin=0.500"": 1202, ""cutoff=4.500_skin=1.000"": 1470, ""cutoff=5.000_skin=0.000"": 1202, ""cutoff=5.000_skin=0.250"": 1326, ""cutoff=5.000_skin=0.500"": 1470, ""cutoff=5.000_skin=1.000"": 1858, ""cutoff=6.000_skin=0.000"": 1858, ""cutoff=6.000_skin=0.250"": 2008, ""cutoff=6.000_skin=0.500"": 2248, ""cutoff=6.000_skin=1.000"": 2880}",0.0,,
OPT-MIX4-R256-v1,ac99f7f235977b62c7f867154f16d24041ba7ae2e5440b90e4b316254257ab0c,OPT-MIX4-R256-v1:0165,Aven12_4_736_z1,07307bf27bb6c0ab6b7ee93d4b64bde77d5555e27b661574dad9a97a8651ea9c,165,T2_test,Aven12_4_736_z1.cif,dc148ff539bb4d08940d36fa8f77a1d009e71a2cbfc7a4b28b9e5b3e3123267f,07307bf27bb6c0ab6b7ee93d4b64bde77d5555e27b661574dad9a97a8651ea9c,0,92,"[""O"", ""C"", ""N"", ""C"", ""C"", ""C"", ""C"", ""C"", ""C"", ""N"", ""C"", ""C"", ""C"", ""C"", ""N"", ""C"", ""O"", ""N"", ""C"", ""C"", ""C"", ""C"", ""C"", ""C"", ""C"", ""N"", ""C"", ""O"", ""N"", ""C"", ""C"", ""C"", ""H"", ""H"", ""H"", ""H"", ""H"", ""H"", ""H"", ""H"", ""H"", ""H"", ""H"", ""H"", ""H"", ""H"", ""O"", ""C"", ""N"", ""C"", ""C"", ""C"", ""C"", ""C"", ""C"", ""N"", ""C"", ""C"", ""C"", ""C"", ""N"", ""C"", ""O"", ""N"", ""C"", ""C"", ""C"", ""C"", ""C"", ""C"", ""C"", ""N"", ""C"", ""O"", ""N"", ""C"", ""C"", ""C"", ""H"", ""H"", ""H"", ""H"", ""H"", ""H"", ""H"", ""H"", ""H"", ""H"", ""H"", ""H"", ""H"", ""H""]",C46H28N12O6,"[true, true, true]","[11.553293516538076, 0.0, 0.0, 0.0, 14.282161198497388, 0.0, 9.611201863723467, 0.0, 12.50438420745858]",2063.2984252469564,[],"{""cutoff=4.500_skin=0.000"": 1844, ""cutoff=4.500_skin=0.250"": 2152, ""cutoff=4.500_skin=0.500"": 2428, ""cutoff=4.500_skin=1.000"": 2972, ""cutoff=5.000_skin=0.000"": 2428, ""cutoff=5.000_skin=0.250"": 2652, ""cutoff=5.000_skin=0.500"": 2972, ""cutoff=5.000_skin=1.000"": 3756, ""cutoff=6.000_skin=0.000"": 3756, ""cutoff=6.000_skin=0.250"": 4116, ""cutoff=6.000_skin=0.500"": 4536, ""cutoff=6.000_skin=1.000"": 5708}",0.0,,
OPT-MIX4-R256-v1,ac99f7f235977b62c7f867154f16d24041ba7ae2e5440b90e4b316254257ab0c,OPT-MIX4-R256-v1:0166,Aven12_9_194_z1,037a1662289ccbf4a12d2124c802c5b0ed66e4d3e777b1c5a7c770f7d34a1ff3,166,T2_test,Aven12_9_194_z1.cif,4208d4b4cd7b17682efa733cfaadc8c2b42c2258571063f4d26a98db06af8fa0,037a1662289ccbf4a12d2124c802c5b0ed66e4d3e777b1c5a7c770f7d34a1ff3,0,184,"[""O"", ""C"", ""N"", ""C"", ""C"", ""C"", ""C"", ""C"", ""C"", ""N"", ""C"", ""C"", ""C"", ""C"", ""N"", ""C"", ""O"", ""N"", ""C"", ""C"", ""C"", ""C"", ""C"", ""C"", ""C"", ""N"", ""C"", ""O"", ""N"", ""C"", ""C"", ""C"", ""H"", ""H"", ""H"", ""H"", ""H"", ""H"", ""H"", ""H"", ""H"", ""H"", ""H"", ""H"", ""H"", ""H"", ""O"", ""C"", ""N"", ""C"", ""C"", ""C"", ""C"", ""C"", ""C"", ""N"", ""C"", ""C"", ""C"", ""C"", ""N"", ""C"", ""O"", ""N"", ""C"", ""C"", ""C"", ""C"", ""C"", ""C"", ""C"", ""N"", ""C"", ""O"", ""N"", ""C"", ""C"", ""C"", ""H"", ""H"", ""H"", ""H"", ""H"", ""H"", ""H"", ""H"", ""H"", ""H"", ""H"", ""H"", ""H"", ""H"", ""O"", ""C"", ""N"", ""C"", ""C"", ""C"", ""C"", ""C"", ""C"", ""N"", ""C"", ""C"", ""C"", ""C"", ""N"", ""C"", ""O"", ""N"", ""C"", ""C"", ""C"", ""C"", ""C"", ""C"", ""C"", ""N"", ""C"", ""O"", ""N"", ""C"", ""C"", ""C"", ""H"", ""H"", ""H"", ""H"", ""H"", ""H"", ""H"", ""H"", ""H"", ""H"", ""H"", ""H"", ""H"", ""H"", ""O"", ""C"", ""N"", ""C"", ""C"", ""C"", ""C"", ""C"", ""C"", ""N"", ""C"", ""C"", ""C"", ""C"", ""N"", ""C"", ""O"", ""N"", ""C"", ""C"", ""C"", ""C"", ""C"", ""C"", ""C"", ""N"", ""C"", ""O"", ""N"", ""C"", ""C"", ""C"", ""H"", ""H"", ""H"", ""H"", ""H"", ""H"", ""H"", ""H"", ""H"", ""H"", ""H"", ""H"", ""H"", ""H""]",C92H56N24O12,"[true, true, true]","[12.650106027136218, 0.0, 0.0, 0.0, 18.785960875187342, 0.0, -7.836585200666781, 0.0, 16.39825862183885]",3896.954280278273,[],"{""cutoff=4.500_skin=0.000"": 3624, ""cutoff=4.500_skin=0.250"": 4264, ""cutoff=4.500_skin=0.500"": 4816, ""cutoff=4.500_skin=1.000"": 5904, ""cutoff=5.000_skin=0.000"": 4816, ""cutoff=5.000_skin=0.250"": 5304, ""cutoff=5.000_skin=0.500"": 5904, ""cutoff=5.000_skin=1.000"": 7504, ""cutoff=6.000_skin=0.000"": 7504, ""cutoff=6.000_skin=0.250"": 8384, ""cutoff=6.000_skin=0.500"": 9504, ""cutoff=6.000_skin=1.000"": 11976}",0.0,,
OPT-MIX4-R256-v1,ac99f7f235977b62c7f867154f16d24041ba7ae2e5440b90e4b316254257ab0c,OPT-MIX4-R256-v1:0167,Aven12_148_541_z1,edd3b92cd37ff690865645abf5b6dcdd84df6ad35cb68072f3e41328a4ee6f2e,167,T2_test,Aven12_148_541_z1.cif,c91cde6a7364fa0faf27d261c10741ee4f954a66fb606428c031d75437e33038,edd3b92cd37ff690865645abf5b6dcdd84df6ad35cb68072f3e41328a4ee6f2e,0,276,"[""O"", ""C"", ""N"", ""C"", ""C"", ""C"", ""C"", ""C"", ""C"", ""N"", ""C"", ""C"", ""C"", ""C"", ""N"", ""C"", ""O"", ""N"", ""C"", ""C"", ""C"", ""C"", ""C"", ""C"", ""C"", ""N"", ""C"", ""O"", ""N"", ""C"", ""C"", ""C"", ""H"", ""H"", ""H"", ""H"", ""H"", ""H"", ""H"", ""H"", ""H"", ""H"", ""H"", ""H"", ""H"", ""H"", ""O"", ""C"", ""N"", ""C"", ""C"", ""C"", ""C"", ""C"", ""C"", ""N"", ""C"", ""C"", ""C"", ""C"", ""N"", ""C"", ""O"", ""N"", ""C"", ""C"", ""C"", ""C"", ""C"", ""C"", ""C"", ""N"", ""C"", ""O"", ""N"", ""C"", ""C"", ""C"", ""H"", ""H"", ""H"", ""H"", ""H"", ""H"", ""H"", ""H"", ""H"", ""H"", ""H"", ""H"", ""H"", ""H"", ""O"", ""C"", ""N"", ""C"", ""C"", ""C"", ""C"", ""C"", ""C"", ""N"", ""C"", ""C"", ""C"", ""C"", ""N"", ""C"", ""O"", ""N"", ""C"", ""C"", ""C"", ""C"", ""C"", ""C"", ""C"", ""N"", ""C"", ""O"", ""N"", ""C"", ""C"", ""C"", ""H"", ""H"", ""H"", ""H"", ""H"", ""H"", ""H"", ""H"", ""H"", ""H"", ""H"", ""H"", ""H"", ""H"", ""O"", ""C"", ""N"", ""C"", ""C"", ""C"", ""C"", ""C"", ""C"", ""N"", ""C"", ""C"", ""C"", ""C"", ""N"", ""C"", ""O"", ""N"", ""C"", ""C"", ""C"", ""C"", ""C"", ""C"", ""C"", ""N"", ""C"", ""O"", ""N"", ""C"", ""C"", ""C"", ""H"", ""H"", ""H"", ""H"", ""H"", ""H"", ""H"", ""H"", ""H"", ""H"", ""H"", ""H"", ""H"", ""H"", ""O"", ""C"", ""N"", ""C"", ""C"", ""C"", ""C"", ""C"", ""C"", ""N"", ""C"", ""C"", ""C"", ""C"", ""N"", ""C"", ""O"", ""N"", ""C"", ""C"", ""C"", ""C"", ""C"", ""C"", ""C"", ""N"", ""C"", ""O"", ""N"", ""C"", ""C"", ""C"", ""H"", ""H"", ""H"", ""H"", ""H"", ""H"", ""H"", ""H"", ""H"", ""H"", ""H"", ""H"", ""H"", ""H"", ""O"", ""C"", ""N"", ""C"", ""C"", ""C"", ""C"", ""C"", ""C"", ""N"", ""C"", ""C"", ""C"", ""C"", ""N"", ""C"", ""O"", ""N"", ""C"", ""C"", ""C"", ""C"", ""C"", ""C"", ""C"", ""N"", ""C"", ""O"", ""N"", ""C"", ""C"", ""C"", ""H"", ""H"", ""H"", ""H"", ""H"", ""H"", ""H"", ""H"", ""H"", ""H"", ""H"", ""H"", ""H"", ""H""]",C138H84N36O18,"[true, true, true]","[26.194894140917526, 0.0, 0.0, 0.10827181532995682, 26.19467037906529, 0.0, 0.10827181532995682, 0.10782521460073939, 26.194448457468557]",17973.756098897626,[],"{""cutoff=4.500_skin=0.000"": 4764, ""cutoff=4.500_skin=0.250"": 5460, ""cutoff=4.500_skin=0.500"": 5880, ""cutoff=4.500_skin=1.000"": 6726, ""cutoff=5.000_skin=0.000"": 5880, ""cutoff=5.000_skin=0.250"": 6276, ""cutoff=5.000_skin=0.500"": 6726, ""cutoff=5.000_skin=1.000"": 7854, ""cutoff=6.000_skin=0.000"": 7854, ""cutoff=6.000_skin=0.250"": 8382, ""cutoff=6.000_skin=0.500"": 9120, ""cutoff=6.000_skin=1.000"": 10932}",0.0,,
OPT-MIX4-R256-v1,ac99f7f235977b62c7f867154f16d24041ba7ae2e5440b90e4b316254257ab0c,OPT-MIX4-R256-v1:0168,Aven12_1_401_z1,8d0ac99db1daacab32273e72f53872ede8250ae8e28eda3cf884d41e460ff654,168,T2_test,Aven12_1_401_z1.cif,a3a6823e3d1a7f3fa411aefb049e150f8ad9ee3d6064160456538fcfcaedc5d8,8d0ac99db1daacab32273e72f53872ede8250ae8e28eda3cf884d41e460ff654,0,46,"[""O"", ""C"", ""N"", ""C"", ""C"", ""C"", ""C"", ""C"", ""C"", ""N"", ""C"", ""C"", ""C"", ""C"", ""N"", ""C"", ""O"", ""N"", ""C"", ""C"", ""C"", ""C"", ""C"", ""C"", ""C"", ""N"", ""C"", ""O"", ""N"", ""C"", ""C"", ""C"", ""H"", ""H"", ""H"", ""H"", ""H"", ""H"", ""H"", ""H"", ""H"", ""H"", ""H"", ""H"", ""H"", ""H""]",C23H14N6O3,"[true, true, true]","[8.533689232485095, 0.0, 0.0, 5.181383313124523, 13.764141521185739, 0.0, -2.0767871501584585, 2.2808628783857463, 12.272597159334868]",1441.5258397191808,[],"{""cutoff=4.500_skin=0.000"": 856, ""cutoff=4.500_skin=0.250"": 982, ""cutoff=4.500_skin=0.500"": 1070, ""cutoff=4.500_skin=1.000"": 1300, ""cutoff=5.000_skin=0.000"": 1070, ""cutoff=5.000_skin=0.250"": 1160, ""cutoff=5.000_skin=0.500"": 1300, ""cutoff=5.000_skin=1.000"": 1590, ""cutoff=6.000_skin=0.000"": 1590, ""cutoff=6.000_skin=0.250"": 1740, ""cutoff=6.000_skin=0.500"": 1918, ""cutoff=6.000_skin=1.000"": 2320}",0.0,,
OPT-MIX4-R256-v1,ac99f7f235977b62c7f867154f16d24041ba7ae2e5440b90e4b316254257ab0c,OPT-MIX4-R256-v1:0169,Aven12_2_1451_z1,ebbaf26cf85b5ad5ae28084bd8a4209a479eab6ac03bc131b340182bdadb3bdd,169,T2_test,Aven12_2_1451_z1.cif,29905032ea81cbd5470d31fa7c185e3853d95a8c94899595ab5fa3c3f359470b,ebbaf26cf85b5ad5ae28084bd8a4209a479eab6ac03bc131b340182bdadb3bdd,0,92,"[""O"", ""C"", ""N"", ""C"", ""C"", ""C"", ""C"", ""C"", ""C"", ""N"", ""C"", ""C"", ""C"", ""C"", ""N"", ""C"", ""O"", ""N"", ""C"", ""C"", ""C"", ""C"", ""C"", ""C"", ""C"", ""N"", ""C"", ""O"", ""N"", ""C"", ""C"", ""C"", ""H"", ""H"", ""H"", ""H"", ""H"", ""H"", ""H"", ""H"", ""H"", ""H"", ""H"", ""H"", ""H"", ""H"", ""O"", ""C"", ""N"", ""C"", ""C"", ""C"", ""C"", ""C"", ""C"", ""N"", ""C"", ""C"", ""C"", ""C"", ""N"", ""C"", ""O"", ""N"", ""C"", ""C"", ""C"", ""C"", ""C"", ""C"", ""C"", ""N"", ""C"", ""O"", ""N"", ""C"", ""C"", ""C"", ""H"", ""H"", ""H"", ""H"", ""H"", ""H"", ""H"", ""H"", ""H"", ""H"", ""H"", ""H"", ""H"", ""H""]",C46H28N12O6,"[true, true, true]","[12.468589909567996, 0.0, 0.0, -5.721821396317056, 18.215092087222157, 0.0, 1.6355223889851545, 7.597051224972123, 10.423378352909817]",2367.3213493680637,[],"{""cutoff=4.500_skin=0.000"": 1798, ""cutoff=4.500_skin=0.250"": 2122, ""cutoff=4.500_skin=0.500"": 2360, ""cutoff=4.500_skin=1.000"": 2832, ""cutoff=5.000_skin=0.000"": 2360, ""cutoff=5.000_skin=0.250"": 2572, ""cutoff=5.000_skin=0.500"": 2832, ""cutoff=5.000_skin=1.000"": 3592, ""cutoff=6.000_skin=0.000"": 3592, ""cutoff=6.000_skin=0.250"": 3960, ""cutoff=6.000_skin=0.500"": 4378, ""cutoff=6.000_skin=1.000"": 5350}",0.0,,
OPT-MIX4-R256-v1,ac99f7f235977b62c7f867154f16d24041ba7ae2e5440b90e4b316254257ab0c,OPT-MIX4-R256-v1:0170,Aven12_77_1310_z1,c8f7b2c7c59b456eba94d4a0e2e03ff01a8957f3209d06a250751ccc0afddac7,170,T2_test,Aven12_77_1310_z1.cif,d7b60262878b8caaf6fada08c02e3464ccdcc0bee3863d9c5ccad06393f632ff,c8f7b2c7c59b456eba94d4a0e2e03ff01a8957f3209d06a250751ccc0afddac7,0,184,"[""O"", ""C"", ""N"", ""C"", ""C"", ""C"", ""C"", ""C"", ""C"", ""N"", ""C"", ""C"", ""C"", ""C"", ""N"", ""C"", ""O"", ""N"", ""C"", ""C"", ""C"", ""C"", ""C"", ""C"", ""C"", ""N"", ""C"", ""O"", ""N"", ""C"", ""C"", ""C"", ""H"", ""H"", ""H"", ""H"", ""H"", ""H"", ""H"", ""H"", ""H"", ""H"", ""H"", ""H"", ""H"", ""H"", ""O"", ""C"", ""N"", ""C"", ""C"", ""C"", ""C"", ""C"", ""C"", ""N"", ""C"", ""C"", ""C"", ""C"", ""N"", ""C"", ""O"", ""N"", ""C"", ""C"", ""C"", ""C"", ""C"", ""C"", ""C"", ""N"", ""C"", ""O"", ""N"", ""C"", ""C"", ""C"", ""H"", ""H"", ""H"", ""H"", ""H"", ""H"", ""H"", ""H"", ""H"", ""H"", ""H"", ""H"", ""H"", ""H"", ""O"", ""C"", ""N"", ""C"", ""C"", ""C"", ""C"", ""C"", ""C"", ""N"", ""C"", ""C"", ""C"", ""C"", ""N"", ""C"", ""O"", ""N"", ""C"", ""C"", ""C"", ""C"", ""C"", ""C"", ""C"", ""N"", ""C"", ""O"", ""N"", ""C"", ""C"", ""C"", ""H"", ""H"", ""H"", ""H"", ""H"", ""H"", ""H"", ""H"", ""H"", ""H"", ""H"", ""H"", ""H"", ""H"", ""O"", ""C"", ""N"", ""C"", ""C"", ""C"", ""C"", ""C"", ""C"", ""N"", ""C"", ""C"", ""C"", ""C"", ""N"", ""C"", ""O"", ""N"", ""C"", ""C"", ""C"", ""C"", ""C"", ""C"", ""C"", ""N"", ""C"", ""O"", ""N"", ""C"", ""C"", ""C"", ""H"", ""H"", ""H"", ""H"", ""H"", ""H"", ""H"", ""H"", ""H"", ""H"", ""H"", ""H"", ""H"", ""H""]",C92H56N24O12,"[true, true, true]","[18.513137692755187, 0.0, 0.0, 0.0, 18.513137692755187, 0.0, 0.0, 0.0, 18.87574400663746]",6469.402042041202,[],"{""cutoff=4.500_skin=0.000"": 3396, ""cutoff=4.500_skin=0.250"": 3976, ""cutoff=4.500_skin=0.500"": 4272, ""cutoff=4.500_skin=1.000"": 5104, ""cutoff=5.000_skin=0.000"": 4272, ""cutoff=5.000_skin=0.250"": 4608, ""cutoff=5.000_skin=0.500"": 5104, ""cutoff=5.000_skin=1.000"": 6024, ""cutoff=6.000_skin=0.000"": 6024, ""cutoff=6.000_skin=0.250"": 6528, ""cutoff=6.000_skin=0.500"": 7192, ""cutoff=6.000_skin=1.000"": 8712}",0.0,,
OPT-MIX4-R256-v1,ac99f7f235977b62c7f867154f16d24041ba7ae2e5440b90e4b316254257ab0c,OPT-MIX4-R256-v1:0171,Aven12_148_930_z1,1aaf0ca8f9b69e8b9c5f752c3fc6454daaa5fa33abfb663e4c813cf717ab967a,171,T2_test,Aven12_148_930_z1.cif,1eeb1b9622d44e4c7341c7a804e13af03ecbf0b9dbaba86777d7010091685284,1aaf0ca8f9b69e8b9c5f752c3fc6454daaa5fa33abfb663e4c813cf717ab967a,0,276,"[""O"", ""C"", ""N"", ""C"", ""C"", ""C"", ""C"", ""C"", ""C"", ""N"", ""C"", ""C"", ""C"", ""C"", ""N"", ""C"", ""O"", ""N"", ""C"", ""C"", ""C"", ""C"", ""C"", ""C"", ""C"", ""N"", ""C"", ""O"", ""N"", ""C"", ""C"", ""C"", ""H"", ""H"", ""H"", ""H"", ""H"", ""H"", ""H"", ""H"", ""H"", ""H"", ""H"", ""H"", ""H"", ""H"", ""O"", ""C"", ""N"", ""C"", ""C"", ""C"", ""C"", ""C"", ""C"", ""N"", ""C"", ""C"", ""C"", ""C"", ""N"", ""C"", ""O"", ""N"", ""C"", ""C"", ""C"", ""C"", ""C"", ""C"", ""C"", ""N"", ""C"", ""O"", ""N"", ""C"", ""C"", ""C"", ""H"", ""H"", ""H"", ""H"", ""H"", ""H"", ""H"", ""H"", ""H"", ""H"", ""H"", ""H"", ""H"", ""H"", ""O"", ""C"", ""N"", ""C"", ""C"", ""C"", ""C"", ""C"", ""C"", ""N"", ""C"", ""C"", ""C"", ""C"", ""N"", ""C"", ""O"", ""N"", ""C"", ""C"", ""C"", ""C"", ""C"", ""C"", ""C"", ""N"", ""C"", ""O"", ""N"", ""C"", ""C"", ""C"", ""H"", ""H"", ""H"", ""H"", ""H"", ""H"", ""H"", ""H"", ""H"", ""H"", ""H"", ""H"", ""H"", ""H"", ""O"", ""C"", ""N"", ""C"", ""C"", ""C"", ""C"", ""C"", ""C"", ""N"", ""C"", ""C"", ""C"", ""C"", ""N"", ""C"", ""O"", ""N"", ""C"", ""C"", ""C"", ""C"", ""C"", ""C"", ""C"", ""N"", ""C"", ""O"", ""N"", ""C"", ""C"", ""C"", ""H"", ""H"", ""H"", ""H"", ""H"", ""H"", ""H"", ""H"", ""H"", ""H"", ""H"", ""H"", ""H"", ""H"", ""O"", ""C"", ""N"", ""C"", ""C"", ""C"", ""C"", ""C"", ""C"", ""N"", ""C"", ""C"", ""C"", ""C"", ""N"", ""C"", ""O"", ""N"", ""C"", ""C"", ""C"", ""C"", ""C"", ""C"", ""C"", ""N"", ""C"", ""O"", ""N"", ""C"", ""C"", ""C"", ""H"", ""H"", ""H"", ""H"", ""H"", ""H"", ""H"", ""H"", ""H"", ""H"", ""H"", ""H"", ""H"", ""H"", ""O"", ""C"", ""N"", ""C"", ""C"", ""C"", ""C"", ""C"", ""C"", ""N"", ""C"", ""C"", ""C"", ""C"", ""N"", ""C"", ""O"", ""N"", ""C"", ""C"", ""C"", ""C"", ""C"", ""C"", ""C"", ""N"", ""C"", ""O"", ""N"", ""C"", ""C"", ""C"", ""H"", ""H"", ""H"", ""H"", ""H"", ""H"", ""H"", ""H"", ""H"", ""H"", ""H"", ""H"", ""H"", ""H""]",C138H84N36O18,"[true, true, true]","[27.086444309571746, 0.0, 0.0, -9.788569163822784, 25.25587810907768, 0.0, -9.788569163822784, -14.291865768527064, 20.82311100472246]",14244.922318490959,[],"{""cutoff=4.500_skin=0.000"": 4848, ""cutoff=4.500_skin=0.250"": 5568, ""cutoff=4.500_skin=0.500"": 5904, ""cutoff=4.500_skin=1.000"": 6840, ""cutoff=5.000_skin=0.000"": 5904, ""cutoff=5.000_skin=0.250"": 6288, ""cutoff=5.000_skin=0.500"": 6840, ""cutoff=5.000_skin=1.000"": 7962, ""cutoff=6.000_skin=0.000"": 7962, ""cutoff=6.000_skin=0.250"": 8466, ""cutoff=6.000_skin=0.500"": 9144, ""cutoff=6.000_skin=1.000"": 10752}",0.0,,
OPT-MIX4-R256-v1,ac99f7f235977b62c7f867154f16d24041ba7ae2e5440b90e4b316254257ab0c,OPT-MIX4-R256-v1:0172,Aven12_1_201_z1,e4265e6cbb26c246ea4f12f574d797df0d731243bc1960c73e80eee12c7f3c3f,172,T2_test,Aven12_1_201_z1.cif,672e60e02c98c3a8fa7305c8aeb8d432a31aeea57058f39a653c76311c7fa246,e4265e6cbb26c246ea4f12f574d797df0d731243bc1960c73e80eee12c7f3c3f,0,46,"[""O"", ""C"", ""N"", ""C"", ""C"", ""C"", ""C"", ""C"", ""C"", ""N"", ""C"", ""C"", ""C"", ""C"", ""N"", ""C"", ""O"", ""N"", ""C"", ""C"", ""C"", ""C"", ""C"", ""C"", ""C"", ""N"", ""C"", ""O"", ""N"", ""C"", ""C"", ""C"", ""H"", ""H"", ""H"", ""H"", ""H"", ""H"", ""H"", ""H"", ""H"", ""H"", ""H"", ""H"", ""H"", ""H""]",C23H14N6O3,"[true, true, true]","[14.27396552396625, 0.0, 0.0, -7.203432736167576, 11.69694600147498, 0.0, 3.2663559855091266, -1.9642347790198207, 8.489477862659248]",1417.418538634431,[],"{""cutoff=4.500_skin=0.000"": 858, ""cutoff=4.500_skin=0.250"": 988, ""cutoff=4.500_skin=0.500"": 1070, ""cutoff=4.500_skin=1.000"": 1282, ""cutoff=5.000_skin=0.000"": 1070, ""cutoff=5.000_skin=0.250"": 1172, ""cutoff=5.000_skin=0.500"": 1282, ""cutoff=5.000_skin=1.000"": 1542, ""cutoff=6.000_skin=0.000"": 1542, ""cutoff=6.000_skin=0.250"": 1662, ""cutoff=6.000_skin=0.500"": 1826, ""cutoff=6.000_skin=1.000"": 2230}",0.0,,
OPT-MIX4-R256-v1,ac99f7f235977b62c7f867154f16d24041ba7ae2e5440b90e4b316254257ab0c,OPT-MIX4-R256-v1:0173,Aven12_2_844_z1,2cb7af04c27d8539d9453d2a0b97d58242ff2b0155c2d7078dfd2e2b9b9f342b,173,T2_test,Aven12_2_844_z1.cif,0521c1a3bd91ec3b3bd96a935adf8706f94241073e47eae4c0c79c74b262848d,2cb7af04c27d8539d9453d2a0b97d58242ff2b0155c2d7078dfd2e2b9b9f342b,0,92,"[""O"", ""C"", ""N"", ""C"", ""C"", ""C"", ""C"", ""C"", ""C"", ""N"", ""C"", ""C"", ""C"", ""C"", ""N"", ""C"", ""O"", ""N"", ""C"", ""C"", ""C"", ""C"", ""C"", ""C"", ""C"", ""N"", ""C"", ""O"", ""N"", ""C"", ""C"", ""C"", ""H"", ""H"", ""H"", ""H"", ""H"", ""H"", ""H"", ""H"", ""H"", ""H"", ""H"", ""H"", ""H"", ""H"", ""O"", ""C"", ""N"", ""C"", ""C"", ""C"", ""C"", ""C"", ""C"", ""N"", ""C"", ""C"", ""C"", ""C"", ""N"", ""C"", ""O"", ""N"", ""C"", ""C"", ""C"", ""C"", ""C"", ""C"", ""C"", ""N"", ""C"", ""O"", ""N"", ""C"", ""C"", ""C"", ""H"", ""H"", ""H"", ""H"", ""H"", ""H"", ""H"", ""H"", ""H"", ""H"", ""H"", ""H"", ""H"", ""H""]",C46H28N12O6,"[true, true, true]","[13.726069547634282, 0.0, 0.0, -2.3307550262617682, 10.798392190124689, 0.0, -9.984494015619445, -10.530458920484019, 18.734599497635454]",2776.832636844137,[],"{""cutoff=4.500_skin=0.000"": 1678, ""cutoff=4.500_skin=0.250"": 1934, ""cutoff=4.500_skin=0.500"": 2094, ""cutoff=4.500_skin=1.000"": 2476, ""cutoff=5.000_skin=0.000"": 2094, ""cutoff=5.000_skin=0.250"": 2262, ""cutoff=5.000_skin=0.500"": 2476, ""cutoff=5.000_skin=1.000"": 2988, ""cutoff=6.000_skin=0.000"": 2988, ""cutoff=6.000_skin=0.250"": 3214, ""cutoff=6.000_skin=0.500"": 3530, ""cutoff=6.000_skin=1.000"": 4354}",0.0,,
OPT-MIX4-R256-v1,ac99f7f235977b62c7f867154f16d24041ba7ae2e5440b90e4b316254257ab0c,OPT-MIX4-R256-v1:0174,Aven12_19_103_z1,bf54f05bb959043fdabd5caa634f73ff91bfb72555fdf415116d0be4514fc7f5,174,T2_test,Aven12_19_103_z1.cif,80bc6d5d44a9720d6f90fac997b6afff240b5ea719fd4a0c536499e701116e23,bf54f05bb959043fdabd5caa634f73ff91bfb72555fdf415116d0be4514fc7f5,0,184,"[""O"", ""C"", ""N"", ""C"", ""C"", ""C"", ""C"", ""C"", ""C"", ""N"", ""C"", ""C"", ""C"", ""C"", ""N"", ""C"", ""O"", ""N"", ""C"", ""C"", ""C"", ""C"", ""C"", ""C"", ""C"", ""N"", ""C"", ""O"", ""N"", ""C"", ""C"", ""C"", ""H"", ""H"", ""H"", ""H"", ""H"", ""H"", ""H"", ""H"", ""H"", ""H"", ""H"", ""H"", ""H"", ""H"", ""O"", ""C"", ""N"", ""C"", ""C"", ""C"", ""C"", ""C"", ""C"", ""N"", ""C"", ""C"", ""C"", ""C"", ""N"", ""C"", ""O"", ""N"", ""C"", ""C"", ""C"", ""C"", ""C"", ""C"", ""C"", ""N"", ""C"", ""O"", ""N"", ""C"", ""C"", ""C"", ""H"", ""H"", ""H"", ""H"", ""H"", ""H"", ""H"", ""H"", ""H"", ""H"", ""H"", ""H"", ""H"", ""H"", ""O"", ""C"", ""N"", ""C"", ""C"", ""C"", ""C"", ""C"", ""C"", ""N"", ""C"", ""C"", ""C"", ""C"", ""N"", ""C"", ""O"", ""N"", ""C"", ""C"", ""C"", ""C"", ""C"", ""C"", ""C"", ""N"", ""C"", ""O"", ""N"", ""C"", ""C"", ""C"", ""H"", ""H"", ""H"", ""H"", ""H"", ""H"", ""H"", ""H"", ""H"", ""H"", ""H"", ""H"", ""H"", ""H"", ""O"", ""C"", ""N"", ""C"", ""C"", ""C"", ""C"", ""C"", ""C"", ""N"", ""C"", ""C"", ""C"", ""C"", ""N"", ""C"", ""O"", ""N"", ""C"", ""C"", ""C"", ""C"", ""C"", ""C"", ""C"", ""N"", ""C"", ""O"", ""N"", ""C"", ""C"", ""C"", ""H"", ""H"", ""H"", ""H"", ""H"", ""H"", ""H"", ""H"", ""H"", ""H"", ""H"", ""H"", ""H"", ""H""]",C92H56N24O12,"[true, true, true]","[12.980010092899544, 0.0, 0.0, 0.0, 20.989679842959262, 0.0, 0.0, 0.0, 19.216243901048195]",5235.3937092269525,[],"{""cutoff=4.500_skin=0.000"": 3400, ""cutoff=4.500_skin=0.250"": 3968, ""cutoff=4.500_skin=0.500"": 4408, ""cutoff=4.500_skin=1.000"": 5456, ""cutoff=5.000_skin=0.000"": 4408, ""cutoff=5.000_skin=0.250"": 4840, ""cutoff=5.000_skin=0.500"": 5456, ""cutoff=5.000_skin=1.000"": 6848, ""cutoff=6.000_skin=0.000"": 6848, ""cutoff=6.000_skin=0.250"": 7512, ""cutoff=6.000_skin=0.500"": 8352, ""cutoff=6.000_skin=1.000"": 10200}",0.0,,
OPT-MIX4-R256-v1,ac99f7f235977b62c7f867154f16d24041ba7ae2e5440b90e4b316254257ab0c,OPT-MIX4-R256-v1:0175,Aven12_148_551_z1,c61cc518cfb11c9a80f005e532a31b9d30ce92d0ca077ccd749779e52957da91,175,T2_test,Aven12_148_551_z1.cif,e6f9d25a1e422409f9a45cac3ccb721dc572d6f707a533fa9f93901d0df4f58c,c61cc518cfb11c9a80f005e532a31b9d30ce92d0ca077ccd749779e52957da91,0,276,"[""O"", ""C"", ""N"", ""C"", ""C"", ""C"", ""C"", ""C"", ""C"", ""N"", ""C"", ""C"", ""C"", ""C"", ""N"", ""C"", ""O"", ""N"", ""C"", ""C"", ""C"", ""C"", ""C"", ""C"", ""C"", ""N"", ""C"", ""O"", ""N"", ""C"", ""C"", ""C"", ""H"", ""H"", ""H"", ""H"", ""H"", ""H"", ""H"", ""H"", ""H"", ""H"", ""H"", ""H"", ""H"", ""H"", ""O"", ""C"", ""N"", ""C"", ""C"", ""C"", ""C"", ""C"", ""C"", ""N"", ""C"", ""C"", ""C"", ""C"", ""N"", ""C"", ""O"", ""N"", ""C"", ""C"", ""C"", ""C"", ""C"", ""C"", ""C"", ""N"", ""C"", ""O"", ""N"", ""C"", ""C"", ""C"", ""H"", ""H"", ""H"", ""H"", ""H"", ""H"", ""H"", ""H"", ""H"", ""H"", ""H"", ""H"", ""H"", ""H"", ""O"", ""C"", ""N"", ""C"", ""C"", ""C"", ""C"", ""C"", ""C"", ""N"", ""C"", ""C"", ""C"", ""C"", ""N"", ""C"", ""O"", ""N"", ""C"", ""C"", ""C"", ""C"", ""C"", ""C"", ""C"", ""N"", ""C"", ""O"", ""N"", ""C"", ""C"", ""C"", ""H"", ""H"", ""H"", ""H"", ""H"", ""H"", ""H"", ""H"", ""H"", ""H"", ""H"", ""H"", ""H"", ""H"", ""O"", ""C"", ""N"", ""C"", ""C"", ""C"", ""C"", ""C"", ""C"", ""N"", ""C"", ""C"", ""C"", ""C"", ""N"", ""C"", ""O"", ""N"", ""C"", ""C"", ""C"", ""C"", ""C"", ""C"", ""C"", ""N"", ""C"", ""O"", ""N"", ""C"", ""C"", ""C"", ""H"", ""H"", ""H"", ""H"", ""H"", ""H"", ""H"", ""H"", ""H"", ""H"", ""H"", ""H"", ""H"", ""H"", ""O"", ""C"", ""N"", ""C"", ""C"", ""C"", ""C"", ""C"", ""C"", ""N"", ""C"", ""C"", ""C"", ""C"", ""N"", ""C"", ""O"", ""N"", ""C"", ""C"", ""C"", ""C"", ""C"", ""C"", ""C"", ""N"", ""C"", ""O"", ""N"", ""C"", ""C"", ""C"", ""H"", ""H"", ""H"", ""H"", ""H"", ""H"", ""H"", ""H"", ""H"", ""H"", ""H"", ""H"", ""H"", ""H"", ""O"", ""C"", ""N"", ""C"", ""C"", ""C"", ""C"", ""C"", ""C"", ""N"", ""C"", ""C"", ""C"", ""C"", ""N"", ""C"", ""O"", ""N"", ""C"", ""C"", ""C"", ""C"", ""C"", ""C"", ""C"", ""N"", ""C"", ""O"", ""N"", ""C"", ""C"", ""C"", ""H"", ""H"", ""H"", ""H"", ""H"", ""H"", ""H"", ""H"", ""H"", ""H"", ""H"", ""H"", ""H"", ""H""]",C138H84N36O18,"[true, true, true]","[28.749692570113496, 0.0, 0.0, -7.949877309693066, 27.62868570230706, 0.0, -7.949877309693066, -10.559933288415772, 25.531002381047927]",20279.689305596054,[],"{""cutoff=4.500_skin=0.000"": 4764, ""cutoff=4.500_skin=0.250"": 5442, ""cutoff=4.500_skin=0.500"": 5778, ""cutoff=4.500_skin=1.000"": 6654, ""cutoff=5.000_skin=0.000"": 5778, ""cutoff=5.000_skin=0.250"": 6162, ""cutoff=5.000_skin=0.500"": 6654, ""cutoff=5.000_skin=1.000"": 7818, ""cutoff=6.000_skin=0.000"": 7818, ""cutoff=6.000_skin=0.250"": 8358, ""cutoff=6.000_skin=0.500"": 9054, ""cutoff=6.000_skin=1.000"": 10956}",0.0,,
OPT-MIX4-R256-v1,ac99f7f235977b62c7f867154f16d24041ba7ae2e5440b90e4b316254257ab0c,OPT-MIX4-R256-v1:0176,Aven12_1_234_z1,943fe74311b74c6c9209699c9b66577ce5ace4938cd542aeb9fc77ab3392bebd,176,T2_test,Aven12_1_234_z1.cif,5fe8d8aed5fe198101f703de1eb1d2bc5d145a6d535bf24deb25d595bea1c887,943fe74311b74c6c9209699c9b66577ce5ace4938cd542aeb9fc77ab3392bebd,0,46,"[""O"", ""C"", ""N"", ""C"", ""C"", ""C"", ""C"", ""C"", ""C"", ""N"", ""C"", ""C"", ""C"", ""C"", ""N"", ""C"", ""O"", ""N"", ""C"", ""C"", ""C"", ""C"", ""C"", ""C"", ""C"", ""N"", ""C"", ""O"", ""N"", ""C"", ""C"", ""C"", ""H"", ""H"", ""H"", ""H"", ""H"", ""H"", ""H"", ""H"", ""H"", ""H"", ""H"", ""H"", ""H"", ""H""]",C23H14N6O3,"[true, true, true]","[12.142634161509797, 0.0, 0.0, -6.962160269339508, 9.850206654575098, 0.0, 1.9617904901454228, -7.257623307114474, 9.841096873816962]",1177.0685595728676,[],"{""cutoff=4.500_skin=0.000"": 848, ""cutoff=4.500_skin=0.250"": 988, ""cutoff=4.500_skin=0.500"": 1084, ""cutoff=4.500_skin=1.000"": 1340, ""cutoff=5.000_skin=0.000"": 1084, ""cutoff=5.000_skin=0.250"": 1204, ""cutoff=5.000_skin=0.500"": 1340, ""cutoff=5.000_skin=1.000"": 1648, ""cutoff=6.000_skin=0.000"": 1648, ""cutoff=6.000_skin=0.250"": 1786, ""cutoff=6.000_skin=0.500"": 1990, ""cutoff=6.000_skin=1.000"": 2492}",0.0,,
OPT-MIX4-R256-v1,ac99f7f235977b62c7f867154f16d24041ba7ae2e5440b90e4b316254257ab0c,OPT-MIX4-R256-v1:0177,Aven12_2_2105_z1,65837d8ec9630477d1a491b6ad760695410501d06a42b00ba1405368ebce49f6,177,T2_test,Aven12_2_2105_z1.cif,00d8882f8b60f4e1fe1fa4acfd7b86cd6a0f7ede9b900ba46933a41a11bf8ad2,65837d8ec9630477d1a491b6ad760695410501d06a42b00ba1405368ebce49f6,0,92,"[""O"", ""C"", ""N"", ""C"", ""C"", ""C"", ""C"", ""C"", ""C"", ""N"", ""C"", ""C"", ""C"", ""C"", ""N"", ""C"", ""O"", ""N"", ""C"", ""C"", ""C"", ""C"", ""C"", ""C"", ""C"", ""N"", ""C"", ""O"", ""N"", ""C"", ""C"", ""C"", ""H"", ""H"", ""H"", ""H"", ""H"", ""H"", ""H"", ""H"", ""H"", ""H"", ""H"", ""H"", ""H"", ""H"", ""O"", ""C"", ""N"", ""C"", ""C"", ""C"", ""C"", ""C"", ""C"", ""N"", ""C"", ""C"", ""C"", ""C"", ""N"", ""C"", ""O"", ""N"", ""C"", ""C"", ""C"", ""C"", ""C"", ""C"", ""C"", ""N"", ""C"", ""O"", ""N"", ""C"", ""C"", ""C"", ""H"", ""H"", ""H"", ""H"", ""H"", ""H"", ""H"", ""H"", ""H"", ""H"", ""H"", ""H"", ""H"", ""H""]",C46H28N12O6,"[true, true, true]","[12.367941155539105, 0.0, 0.0, -2.2119027038577994, 13.552837150287456, 0.0, 1.7409552966432975, 6.340345036474037, 11.929691258479794]",1999.6631084513615,[],"{""cutoff=4.500_skin=0.000"": 1826, ""cutoff=4.500_skin=0.250"": 2176, ""cutoff=4.500_skin=0.500"": 2424, ""cutoff=4.500_skin=1.000"": 2998, ""cutoff=5.000_skin=0.000"": 2424, ""cutoff=5.000_skin=0.250"": 2706, ""cutoff=5.000_skin=0.500"": 2998, ""cutoff=5.000_skin=1.000"": 3774, ""cutoff=6.000_skin=0.000"": 3774, ""cutoff=6.000_skin=0.250"": 4170, ""cutoff=6.000_skin=0.500"": 4690, ""cutoff=6.000_skin=1.000"": 5942}",0.0,,
OPT-MIX4-R256-v1,ac99f7f235977b62c7f867154f16d24041ba7ae2e5440b90e4b316254257ab0c,OPT-MIX4-R256-v1:0178,Aven12_19_37_z1,6062a6fbd72667e25e44fcad140550a90c9ea91569e293e0b282a54719abfdcd,178,T2_test,Aven12_19_37_z1.cif,b9aa18b984dbbb033b4aa277494d3db2e2bd30587984ec3b0c16c12993bc8d76,6062a6fbd72667e25e44fcad140550a90c9ea91569e293e0b282a54719abfdcd,0,184,"[""O"", ""C"", ""N"", ""C"", ""C"", ""C"", ""C"", ""C"", ""C"", ""N"", ""C"", ""C"", ""C"", ""C"", ""N"", ""C"", ""O"", ""N"", ""C"", ""C"", ""C"", ""C"", ""C"", ""C"", ""C"", ""N"", ""C"", ""O"", ""N"", ""C"", ""C"", ""C"", ""H"", ""H"", ""H"", ""H"", ""H"", ""H"", ""H"", ""H"", ""H"", ""H"", ""H"", ""H"", ""H"", ""H"", ""O"", ""C"", ""N"", ""C"", ""C"", ""C"", ""C"", ""C"", ""C"", ""N"", ""C"", ""C"", ""C"", ""C"", ""N"", ""C"", ""O"", ""N"", ""C"", ""C"", ""C"", ""C"", ""C"", ""C"", ""C"", ""N"", ""C"", ""O"", ""N"", ""C"", ""C"", ""C"", ""H"", ""H"", ""H"", ""H"", ""H"", ""H"", ""H"", ""H"", ""H"", ""H"", ""H"", ""H"", ""H"", ""H"", ""O"", ""C"", ""N"", ""C"", ""C"", ""C"", ""C"", ""C"", ""C"", ""N"", ""C"", ""C"", ""C"", ""C"", ""N"", ""C"", ""O"", ""N"", ""C"", ""C"", ""C"", ""C"", ""C"", ""C"", ""C"", ""N"", ""C"", ""O"", ""N"", ""C"", ""C"", ""C"", ""H"", ""H"", ""H"", ""H"", ""H"", ""H"", ""H"", ""H"", ""H"", ""H"", ""H"", ""H"", ""H"", ""H"", ""O"", ""C"", ""N"", ""C"", ""C"", ""C"", ""C"", ""C"", ""C"", ""N"", ""C"", ""C"", ""C"", ""C"", ""N"", ""C"", ""O"", ""N"", ""C"", ""C"", ""C"", ""C"", ""C"", ""C"", ""C"", ""N"", ""C"", ""O"", ""N"", ""C"", ""C"", ""C"", ""H"", ""H"", ""H"", ""H"", ""H"", ""H"", ""H"", ""H"", ""H"", ""H"", ""H"", ""H"", ""H"", ""H""]",C92H56N24O12,"[true, true, true]","[28.528334307822192, 0.0, 0.0, 0.0, 15.312777718736715, 0.0, 0.0, 0.0, 23.170289038395786]",10121.895397641607,[],"{""cutoff=4.500_skin=0.000"": 3288, ""cutoff=4.500_skin=0.250"": 3752, ""cutoff=4.500_skin=0.500"": 4016, ""cutoff=4.500_skin=1.000"": 4664, ""cutoff=5.000_skin=0.000"": 4016, ""cutoff=5.000_skin=0.250"": 4280, ""cutoff=5.000_skin=0.500"": 4664, ""cutoff=5.000_skin=1.000"": 5440, ""cutoff=6.000_skin=0.000"": 5440, ""cutoff=6.000_skin=0.250"": 5784, ""cutoff=6.000_skin=0.500"": 6296, ""cutoff=6.000_skin=1.000"": 7360}",0.0,,
OPT-MIX4-R256-v1,ac99f7f235977b62c7f867154f16d24041ba7ae2e5440b90e4b316254257ab0c,OPT-MIX4-R256-v1:0179,Aven12_148_452_z1,d6e9aaabd2322b058b174847192bbbd951c4be7a04766ce79f5994e4eb1737a1,179,T2_test,Aven12_148_452_z1.cif,09e7af154b6211d9f5f8a20c4038b058bb5fdcb1491ffeebdcced39b71a4fa37,d6e9aaabd2322b058b174847192bbbd951c4be7a04766ce79f5994e4eb1737a1,0,276,"[""O"", ""C"", ""N"", ""C"", ""C"", ""C"", ""C"", ""C"", ""C"", ""N"", ""C"", ""C"", ""C"", ""C"", ""N"", ""C"", ""O"", ""N"", ""C"", ""C"", ""C"", ""C"", ""C"", ""C"", ""C"", ""N"", ""C"", ""O"", ""N"", ""C"", ""C"", ""C"", ""H"", ""H"", ""H"", ""H"", ""H"", ""H"", ""H"", ""H"", ""H"", ""H"", ""H"", ""H"", ""H"", ""H"", ""O"", ""C"", ""N"", ""C"", ""C"", ""C"", ""C"", ""C"", ""C"", ""N"", ""C"", ""C"", ""C"", ""C"", ""N"", ""C"", ""O"", ""N"", ""C"", ""C"", ""C"", ""C"", ""C"", ""C"", ""C"", ""N"", ""C"", ""O"", ""N"", ""C"", ""C"", ""C"", ""H"", ""H"", ""H"", ""H"", ""H"", ""H"", ""H"", ""H"", ""H"", ""H"", ""H"", ""H"", ""H"", ""H"", ""O"", ""C"", ""N"", ""C"", ""C"", ""C"", ""C"", ""C"", ""C"", ""N"", ""C"", ""C"", ""C"", ""C"", ""N"", ""C"", ""O"", ""N"", ""C"", ""C"", ""C"", ""C"", ""C"", ""C"", ""C"", ""N"", ""C"", ""O"", ""N"", ""C"", ""C"", ""C"", ""H"", ""H"", ""H"", ""H"", ""H"", ""H"", ""H"", ""H"", ""H"", ""H"", ""H"", ""H"", ""H"", ""H"", ""O"", ""C"", ""N"", ""C"", ""C"", ""C"", ""C"", ""C"", ""C"", ""N"", ""C"", ""C"", ""C"", ""C"", ""N"", ""C"", ""O"", ""N"", ""C"", ""C"", ""C"", ""C"", ""C"", ""C"", ""C"", ""N"", ""C"", ""O"", ""N"", ""C"", ""C"", ""C"", ""H"", ""H"", ""H"", ""H"", ""H"", ""H"", ""H"", ""H"", ""H"", ""H"", ""H"", ""H"", ""H"", ""H"", ""O"", ""C"", ""N"", ""C"", ""C"", ""C"", ""C"", ""C"", ""C"", ""N"", ""C"", ""C"", ""C"", ""C"", ""N"", ""C"", ""O"", ""N"", ""C"", ""C"", ""C"", ""C"", ""C"", ""C"", ""C"", ""N"", ""C"", ""O"", ""N"", ""C"", ""C"", ""C"", ""H"", ""H"", ""H"", ""H"", ""H"", ""H"", ""H"", ""H"", ""H"", ""H"", ""H"", ""H"", ""H"", ""H"", ""O"", ""C"", ""N"", ""C"", ""C"", ""C"", ""C"", ""C"", ""C"", ""N"", ""C"", ""C"", ""C"", ""C"", ""N"", ""C"", ""O"", ""N"", ""C"", ""C"", ""C"", ""C"", ""C"", ""C"", ""C"", ""N"", ""C"", ""O"", ""N"", ""C"", ""C"", ""C"", ""H"", ""H"", ""H"", ""H"", ""H"", ""H"", ""H"", ""H"", ""H"", ""H"", ""H"", ""H"", ""H"", ""H""]",C138H84N36O18,"[true, true, true]","[22.924697812028718, 0.0, 0.0, 7.131510341412568, 21.787228598955856, 0.0, 7.131510341412568, 5.169509249834749, 21.165053842100967]",10571.216989170476,[],"{""cutoff=4.500_skin=0.000"": 4884, ""cutoff=4.500_skin=0.250"": 5766, ""cutoff=4.500_skin=0.500"": 6414, ""cutoff=4.500_skin=1.000"": 7614, ""cutoff=5.000_skin=0.000"": 6414, ""cutoff=5.000_skin=0.250"": 6936, ""cutoff=5.000_skin=0.500"": 7614, ""cutoff=5.000_skin=1.000"": 9270, ""cutoff=6.000_skin=0.000"": 9270, ""cutoff=6.000_skin=0.250"": 9876, ""cutoff=6.000_skin=0.500"": 10686, ""cutoff=6.000_skin=1.000"": 12774}",0.0,,
OPT-MIX4-R256-v1,ac99f7f235977b62c7f867154f16d24041ba7ae2e5440b90e4b316254257ab0c,OPT-MIX4-R256-v1:0180,Aven12_1_367_z1,b9a2444bddecc118dbbea720ea2706dcdf89b37aad155a5988615fd5470d249f,180,T2_test,Aven12_1_367_z1.cif,5601dcd79020e0f4d00a90b46d2fdc858eb37a149d4dc472ef37dca838394fe9,b9a2444bddecc118dbbea720ea2706dcdf89b37aad155a5988615fd5470d249f,0,46,"[""O"", ""C"", ""N"", ""C"", ""C"", ""C"", ""C"", ""C"", ""C"", ""N"", ""C"", ""C"", ""C"", ""C"", ""N"", ""C"", ""O"", ""N"", ""C"", ""C"", ""C"", ""C"", ""C"", ""C"", ""C"", ""N"", ""C"", ""O"", ""N"", ""C"", ""C"", ""C"", ""H"", ""H"", ""H"", ""H"", ""H"", ""H"", ""H"", ""H"", ""H"", ""H"", ""H"", ""H"", ""H"", ""H""]",C23H14N6O3,"[true, true, true]","[8.047060169938034, 0.0, 0.0, -5.582434996482303, 13.820568586782198, 0.0, 0.3738776950883024, -1.7404616289633605, 11.329717062270246]",1260.0338826120872,[],"{""cutoff=4.500_skin=0.000"": 872, ""cutoff=4.500_skin=0.250"": 1022, ""cutoff=4.500_skin=0.500"": 1130, ""cutoff=4.500_skin=1.000"": 1384, ""cutoff=5.000_skin=0.000"": 1130, ""cutoff=5.000_skin=0.250"": 1250, ""cutoff=5.000_skin=0.500"": 1384, ""cutoff=5.000_skin=1.000"": 1724, ""cutoff=6.000_skin=0.000"": 1724, ""cutoff=6.000_skin=0.250"": 1930, ""cutoff=6.000_skin=0.500"": 2136, ""cutoff=6.000_skin=1.000"": 2640}",0.0,,
OPT-MIX4-R256-v1,ac99f7f235977b62c7f867154f16d24041ba7ae2e5440b90e4b316254257ab0c,OPT-MIX4-R256-v1:0181,Aven12_2_1571_z1,683582fc814566b94462d3465c091521330ce68c1f28325b912eae477039f238,181,T2_test,Aven12_2_1571_z1.cif,02718a749c51ae2f41f3fee99d6c753fe6b50bf229787e12feb6a441ce5c2f2f,683582fc814566b94462d3465c091521330ce68c1f28325b912eae477039f238,0,92,"[""O"", ""C"", ""N"", ""C"", ""C"", ""C"", ""C"", ""C"", ""C"", ""N"", ""C"", ""C"", ""C"", ""C"", ""N"", ""C"", ""O"", ""N"", ""C"", ""C"", ""C"", ""C"", ""C"", ""C"", ""C"", ""N"", ""C"", ""O"", ""N"", ""C"", ""C"", ""C"", ""H"", ""H"", ""H"", ""H"", ""H"", ""H"", ""H"", ""H"", ""H"", ""H"", ""H"", ""H"", ""H"", ""H"", ""O"", ""C"", ""N"", ""C"", ""C"", ""C"", ""C"", ""C"", ""C"", ""N"", ""C"", ""C"", ""C"", ""C"", ""N"", ""C"", ""O"", ""N"", ""C"", ""C"", ""C"", ""C"", ""C"", ""C"", ""C"", ""N"", ""C"", ""O"", ""N"", ""C"", ""C"", ""C"", ""H"", ""H"", ""H"", ""H"", ""H"", ""H"", ""H"", ""H"", ""H"", ""H"", ""H"", ""H"", ""H"", ""H""]",C46H28N12O6,"[true, true, true]","[13.09920918839228, 0.0, 0.0, -2.890240062986424, 14.33495420842346, 0.0, -3.910813318711664, 2.036079917049334, 12.561790030349757]",2358.8097681082904,[],"{""cutoff=4.500_skin=0.000"": 1818, ""cutoff=4.500_skin=0.250"": 2122, ""cutoff=4.500_skin=0.500"": 2340, ""cutoff=4.500_skin=1.000"": 2780, ""cutoff=5.000_skin=0.000"": 2340, ""cutoff=5.000_skin=0.250"": 2572, ""cutoff=5.000_skin=0.500"": 2780, ""cutoff=5.000_skin=1.000"": 3424, ""cutoff=6.000_skin=0.000"": 3424, ""cutoff=6.000_skin=0.250"": 3732, ""cutoff=6.000_skin=0.500"": 4108, ""cutoff=6.000_skin=1.000"": 5308}",0.0,,
OPT-MIX4-R256-v1,ac99f7f235977b62c7f867154f16d24041ba7ae2e5440b90e4b316254257ab0c,OPT-MIX4-R256-v1:0182,Aven12_14_868_z1,452a03e812755a48dc8c898c408916a328e3f8c3e21363d2192a1f0cfacd3ac0,182,T2_test,Aven12_14_868_z1.cif,77d0691439ab70ed9df0ead79308bbaaed19354ca57168e4c0d6bdc669e6a8b1,452a03e812755a48dc8c898c408916a328e3f8c3e21363d2192a1f0cfacd3ac0,0,184,"[""O"", ""C"", ""N"", ""C"", ""C"", ""C"", ""C"", ""C"", ""C"", ""N"", ""C"", ""C"", ""C"", ""C"", ""N"", ""C"", ""O"", ""N"", ""C"", ""C"", ""C"", ""C"", ""C"", ""C"", ""C"", ""N"", ""C"", ""O"", ""N"", ""C"", ""C"", ""C"", ""H"", ""H"", ""H"", ""H"", ""H"", ""H"", ""H"", ""H"", ""H"", ""H"", ""H"", ""H"", ""H"", ""H"", ""O"", ""C"", ""N"", ""C"", ""C"", ""C"", ""C"", ""C"", ""C"", ""N"", ""C"", ""C"", ""C"", ""C"", ""N"", ""C"", ""O"", ""N"", ""C"", ""C"", ""C"", ""C"", ""C"", ""C"", ""C"", ""N"", ""C"", ""O"", ""N"", ""C"", ""C"", ""C"", ""H"", ""H"", ""H"", ""H"", ""H"", ""H"", ""H"", ""H"", ""H"", ""H"", ""H"", ""H"", ""H"", ""H"", ""O"", ""C"", ""N"", ""C"", ""C"", ""C"", ""C"", ""C"", ""C"", ""N"", ""C"", ""C"", ""C"", ""C"", ""N"", ""C"", ""O"", ""N"", ""C"", ""C"", ""C"", ""C"", ""C"", ""C"", ""C"", ""N"", ""C"", ""O"", ""N"", ""C"", ""C"", ""C"", ""H"", ""H"", ""H"", ""H"", ""H"", ""H"", ""H"", ""H"", ""H"", ""H"", ""H"", ""H"", ""H"", ""H"", ""O"", ""C"", ""N"", ""C"", ""C"", ""C"", ""C"", ""C"", ""C"", ""N"", ""C"", ""C"", ""C"", ""C"", ""N"", ""C"", ""O"", ""N"", ""C"", ""C"", ""C"", ""C"", ""C"", ""C"", ""C"", ""N"", ""C"", ""O"", ""N"", ""C"", ""C"", ""C"", ""H"", ""H"", ""H"", ""H"", ""H"", ""H"", ""H"", ""H"", ""H"", ""H"", ""H"", ""H"", ""H"", ""H""]",C92H56N24O12,"[true, true, true]","[8.559713342992048, 0.0, 0.0, 0.0, 26.555400983246344, 0.0, -0.39802212033890605, 0.0, 26.343044100147555]",5987.948318203042,[],"{""cutoff=4.500_skin=0.000"": 3376, ""cutoff=4.500_skin=0.250"": 3840, ""cutoff=4.500_skin=0.500"": 4144, ""cutoff=4.500_skin=1.000"": 4924, ""cutoff=5.000_skin=0.000"": 4144, ""cutoff=5.000_skin=0.250"": 4448, ""cutoff=5.000_skin=0.500"": 4924, ""cutoff=5.000_skin=1.000"": 6028, ""cutoff=6.000_skin=0.000"": 6028, ""cutoff=6.000_skin=0.250"": 6532, ""cutoff=6.000_skin=0.500"": 7228, ""cutoff=6.000_skin=1.000"": 8960}",0.0,,
OPT-MIX4-R256-v1,ac99f7f235977b62c7f867154f16d24041ba7ae2e5440b90e4b316254257ab0c,OPT-MIX4-R256-v1:0183,Aven12_148_2142_z1,92ac12f3623218ad4916fd9d29ddc769fc5d7d8e322cc1e5a477e159a643d69f,183,T2_test,Aven12_148_2142_z1.cif,38852ad529ff9e49ee7d2708557cf7dc3b7722f08e3e364eecc403f399dd409f,92ac12f3623218ad4916fd9d29ddc769fc5d7d8e322cc1e5a477e159a643d69f,0,276,"[""O"", ""C"", ""N"", ""C"", ""C"", ""C"", ""C"", ""C"", ""C"", ""N"", ""C"", ""C"", ""C"", ""C"", ""N"", ""C"", ""O"", ""N"", ""C"", ""C"", ""C"", ""C"", ""C"", ""C"", ""C"", ""N"", ""C"", ""O"", ""N"", ""C"", ""C"", ""C"", ""H"", ""H"", ""H"", ""H"", ""H"", ""H"", ""H"", ""H"", ""H"", ""H"", ""H"", ""H"", ""H"", ""H"", ""O"", ""C"", ""N"", ""C"", ""C"", ""C"", ""C"", ""C"", ""C"", ""N"", ""C"", ""C"", ""C"", ""C"", ""N"", ""C"", ""O"", ""N"", ""C"", ""C"", ""C"", ""C"", ""C"", ""C"", ""C"", ""N"", ""C"", ""O"", ""N"", ""C"", ""C"", ""C"", ""H"", ""H"", ""H"", ""H"", ""H"", ""H"", ""H"", ""H"", ""H"", ""H"", ""H"", ""H"", ""H"", ""H"", ""O"", ""C"", ""N"", ""C"", ""C"", ""C"", ""C"", ""C"", ""C"", ""N"", ""C"", ""C"", ""C"", ""C"", ""N"", ""C"", ""O"", ""N"", ""C"", ""C"", ""C"", ""C"", ""C"", ""C"", ""C"", ""N"", ""C"", ""O"", ""N"", ""C"", ""C"", ""C"", ""H"", ""H"", ""H"", ""H"", ""H"", ""H"", ""H"", ""H"", ""H"", ""H"", ""H"", ""H"", ""H"", ""H"", ""O"", ""C"", ""N"", ""C"", ""C"", ""C"", ""C"", ""C"", ""C"", ""N"", ""C"", ""C"", ""C"", ""C"", ""N"", ""C"", ""O"", ""N"", ""C"", ""C"", ""C"", ""C"", ""C"", ""C"", ""C"", ""N"", ""C"", ""O"", ""N"", ""C"", ""C"", ""C"", ""H"", ""H"", ""H"", ""H"", ""H"", ""H"", ""H"", ""H"", ""H"", ""H"", ""H"", ""H"", ""H"", ""H"", ""O"", ""C"", ""N"", ""C"", ""C"", ""C"", ""C"", ""C"", ""C"", ""N"", ""C"", ""C"", ""C"", ""C"", ""N"", ""C"", ""O"", ""N"", ""C"", ""C"", ""C"", ""C"", ""C"", ""C"", ""C"", ""N"", ""C"", ""O"", ""N"", ""C"", ""C"", ""C"", ""H"", ""H"", ""H"", ""H"", ""H"", ""H"", ""H"", ""H"", ""H"", ""H"", ""H"", ""H"", ""H"", ""H"", ""O"", ""C"", ""N"", ""C"", ""C"", ""C"", ""C"", ""C"", ""C"", ""N"", ""C"", ""C"", ""C"", ""C"", ""N"", ""C"", ""O"", ""N"", ""C"", ""C"", ""C"", ""C"", ""C"", ""C"", ""C"", ""N"", ""C"", ""O"", ""N"", ""C"", ""C"", ""C"", ""H"", ""H"", ""H"", ""H"", ""H"", ""H"", ""H"", ""H"", ""H"", ""H"", ""H"", ""H"", ""H"", ""H""]",C138H84N36O18,"[true, true, true]","[27.183910838100843, 0.0, 0.0, -4.0590860603412535, 26.879152308221325, 0.0, -4.0590860603412535, -4.718080828574436, 26.461831797961345]",19335.14395320934,[],"{""cutoff=4.500_skin=0.000"": 4770, ""cutoff=4.500_skin=0.250"": 5442, ""cutoff=4.500_skin=0.500"": 5754, ""cutoff=4.500_skin=1.000"": 6618, ""cutoff=5.000_skin=0.000"": 5754, ""cutoff=5.000_skin=0.250"": 6150, ""cutoff=5.000_skin=0.500"": 6618, ""cutoff=5.000_skin=1.000"": 7782, ""cutoff=6.000_skin=0.000"": 7782, ""cutoff=6.000_skin=0.250"": 8262, ""cutoff=6.000_skin=0.500"": 8994, ""cutoff=6.000_skin=1.000"": 10506}",0.0,,
OPT-MIX4-R256-v1,ac99f7f235977b62c7f867154f16d24041ba7ae2e5440b90e4b316254257ab0c,OPT-MIX4-R256-v1:0184,Aven12_1_18_z1,f350bad6c00ed867363a2118fa330f338f7e0b7d481fed20551d6c05f95d91ac,184,T2_test,Aven12_1_18_z1.cif,d8d84fc7c6556a9f4da68df15a4dd72b6ea0688e7dcadf7388e245fbb837b6ec,f350bad6c00ed867363a2118fa330f338f7e0b7d481fed20551d6c05f95d91ac,0,46,"[""O"", ""C"", ""N"", ""C"", ""C"", ""C"", ""C"", ""C"", ""C"", ""N"", ""C"", ""C"", ""C"", ""C"", ""N"", ""C"", ""O"", ""N"", ""C"", ""C"", ""C"", ""C"", ""C"", ""C"", ""C"", ""N"", ""C"", ""O"", ""N"", ""C"", ""C"", ""C"", ""H"", ""H"", ""H"", ""H"", ""H"", ""H"", ""H"", ""H"", ""H"", ""H"", ""H"", ""H"", ""H"", ""H""]",C23H14N6O3,"[true, true, true]","[12.974699902569348, 0.0, 0.0, -1.1187716737681497, 13.459896326700399, 0.0, -2.722704166889445, -7.735726867568401, 7.616498984942704]",1330.131029884636,[],"{""cutoff=4.500_skin=0.000"": 842, ""cutoff=4.500_skin=0.250"": 970, ""cutoff=4.500_skin=0.500"": 1056, ""cutoff=4.500_skin=1.000"": 1260, ""cutoff=5.000_skin=0.000"": 1056, ""cutoff=5.000_skin=0.250"": 1144, ""cutoff=5.000_skin=0.500"": 1260, ""cutoff=5.000_skin=1.000"": 1546, ""cutoff=6.000_skin=0.000"": 1546, ""cutoff=6.000_skin=0.250"": 1696, ""cutoff=6.000_skin=0.500"": 1864, ""cutoff=6.000_skin=1.000"": 2268}",0.0,,
OPT-MIX4-R256-v1,ac99f7f235977b62c7f867154f16d24041ba7ae2e5440b90e4b316254257ab0c,OPT-MIX4-R256-v1:0185,Aven12_2_1204_z1,f35b17e2b05312dff04c7031a82f78e7bf8eb4e91e880ddb23e42a6774e13195,185,T2_test,Aven12_2_1204_z1.cif,aa2e070ceabccb56097788c7cf83bd31a84e461a84245e4df7be88663129415a,f35b17e2b05312dff04c7031a82f78e7bf8eb4e91e880ddb23e42a6774e13195,0,92,"[""O"", ""C"", ""N"", ""C"", ""C"", ""C"", ""C"", ""C"", ""C"", ""N"", ""C"", ""C"", ""C"", ""C"", ""N"", ""C"", ""O"", ""N"", ""C"", ""C"", ""C"", ""C"", ""C"", ""C"", ""C"", ""N"", ""C"", ""O"", ""N"", ""C"", ""C"", ""C"", ""H"", ""H"", ""H"", ""H"", ""H"", ""H"", ""H"", ""H"", ""H"", ""H"", ""H"", ""H"", ""H"", ""H"", ""O"", ""C"", ""N"", ""C"", ""C"", ""C"", ""C"", ""C"", ""C"", ""N"", ""C"", ""C"", ""C"", ""C"", ""N"", ""C"", ""O"", ""N"", ""C"", ""C"", ""C"", ""C"", ""C"", ""C"", ""C"", ""N"", ""C"", ""O"", ""N"", ""C"", ""C"", ""C"", ""H"", ""H"", ""H"", ""H"", ""H"", ""H"", ""H"", ""H"", ""H"", ""H"", ""H"", ""H"", ""H"", ""H""]",C46H28N12O6,"[true, true, true]","[25.742984900926743, 0.0, 0.0, 2.017516507474189, 11.068953352009423, 0.0, -2.5230716678824527, -0.7820315668649851, 9.44156506959742]",2690.354129946488,[],"{""cutoff=4.500_skin=0.000"": 1770, ""cutoff=4.500_skin=0.250"": 2042, ""cutoff=4.500_skin=0.500"": 2206, ""cutoff=4.500_skin=1.000"": 2736, ""cutoff=5.000_skin=0.000"": 2206, ""cutoff=5.000_skin=0.250"": 2442, ""cutoff=5.000_skin=0.500"": 2736, ""cutoff=5.000_skin=1.000"": 3422, ""cutoff=6.000_skin=0.000"": 3422, ""cutoff=6.000_skin=0.250"": 3764, ""cutoff=6.000_skin=0.500"": 4194, ""cutoff=6.000_skin=1.000"": 5198}",0.0,,
OPT-MIX4-R256-v1,ac99f7f235977b62c7f867154f16d24041ba7ae2e5440b90e4b316254257ab0c,OPT-MIX4-R256-v1:0186,Aven12_9_465_z1,932914a679748dbfda46407a3fe8d09ed9dc54826cd2f9c55ee88547fb6b6a4c,186,T2_test,Aven12_9_465_z1.cif,d6ff38a2fc8f241c98eeaa2394559036768b2f013fa7942bc7b5277bb58520ff,932914a679748dbfda46407a3fe8d09ed9dc54826cd2f9c55ee88547fb6b6a4c,0,184,"[""O"", ""C"", ""N"", ""C"", ""C"", ""C"", ""C"", ""C"", ""C"", ""N"", ""C"", ""C"", ""C"", ""C"", ""N"", ""C"", ""O"", ""N"", ""C"", ""C"", ""C"", ""C"", ""C"", ""C"", ""C"", ""N"", ""C"", ""O"", ""N"", ""C"", ""C"", ""C"", ""H"", ""H"", ""H"", ""H"", ""H"", ""H"", ""H"", ""H"", ""H"", ""H"", ""H"", ""H"", ""H"", ""H"", ""O"", ""C"", ""N"", ""C"", ""C"", ""C"", ""C"", ""C"", ""C"", ""N"", ""C"", ""C"", ""C"", ""C"", ""N"", ""C"", ""O"", ""N"", ""C"", ""C"", ""C"", ""C"", ""C"", ""C"", ""C"", ""N"", ""C"", ""O"", ""N"", ""C"", ""C"", ""C"", ""H"", ""H"", ""H"", ""H"", ""H"", ""H"", ""H"", ""H"", ""H"", ""H"", ""H"", ""H"", ""H"", ""H"", ""O"", ""C"", ""N"", ""C"", ""C"", ""C"", ""C"", ""C"", ""C"", ""N"", ""C"", ""C"", ""C"", ""C"", ""N"", ""C"", ""O"", ""N"", ""C"", ""C"", ""C"", ""C"", ""C"", ""C"", ""C"", ""N"", ""C"", ""O"", ""N"", ""C"", ""C"", ""C"", ""H"", ""H"", ""H"", ""H"", ""H"", ""H"", ""H"", ""H"", ""H"", ""H"", ""H"", ""H"", ""H"", ""H"", ""O"", ""C"", ""N"", ""C"", ""C"", ""C"", ""C"", ""C"", ""C"", ""N"", ""C"", ""C"", ""C"", ""C"", ""N"", ""C"", ""O"", ""N"", ""C"", ""C"", ""C"", ""C"", ""C"", ""C"", ""C"", ""N"", ""C"", ""O"", ""N"", ""C"", ""C"", ""C"", ""H"", ""H"", ""H"", ""H"", ""H"", ""H"", ""H"", ""H"", ""H"", ""H"", ""H"", ""H"", ""H"", ""H""]",C92H56N24O12,"[true, true, true]","[17.528984571281843, 0.0, 0.0, 0.0, 19.45267081200317, 0.0, 8.556470303048243, 0.0, 12.655464141420042]",4315.330610010665,[],"{""cutoff=4.500_skin=0.000"": 3536, ""cutoff=4.500_skin=0.250"": 4136, ""cutoff=4.500_skin=0.500"": 4536, ""cutoff=4.500_skin=1.000"": 5488, ""cutoff=5.000_skin=0.000"": 4536, ""cutoff=5.000_skin=0.250"": 4952, ""cutoff=5.000_skin=0.500"": 5488, ""cutoff=5.000_skin=1.000"": 6864, ""cutoff=6.000_skin=0.000"": 6864, ""cutoff=6.000_skin=0.250"": 7584, ""cutoff=6.000_skin=0.500"": 8408, ""cutoff=6.000_skin=1.000"": 10664}",0.0,,
OPT-MIX4-R256-v1,ac99f7f235977b62c7f867154f16d24041ba7ae2e5440b90e4b316254257ab0c,OPT-MIX4-R256-v1:0187,Aven12_148_1824_z1,4f281ad284a37822e191f1866095bfab18d6d38c8d0f14052af061cf3914c7cf,187,T2_test,Aven12_148_1824_z1.cif,a943c0010545757741331e4057490f3cd5725e5d7958982ae33749c3fc80f5b0,4f281ad284a37822e191f1866095bfab18d6d38c8d0f14052af061cf3914c7cf,0,276,"[""O"", ""C"", ""N"", ""C"", ""C"", ""C"", ""C"", ""C"", ""C"", ""N"", ""C"", ""C"", ""C"", ""C"", ""N"", ""C"", ""O"", ""N"", ""C"", ""C"", ""C"", ""C"", ""C"", ""C"", ""C"", ""N"", ""C"", ""O"", ""N"", ""C"", ""C"", ""C"", ""H"", ""H"", ""H"", ""H"", ""H"", ""H"", ""H"", ""H"", ""H"", ""H"", ""H"", ""H"", ""H"", ""H"", ""O"", ""C"", ""N"", ""C"", ""C"", ""C"", ""C"", ""C"", ""C"", ""N"", ""C"", ""C"", ""C"", ""C"", ""N"", ""C"", ""O"", ""N"", ""C"", ""C"", ""C"", ""C"", ""C"", ""C"", ""C"", ""N"", ""C"", ""O"", ""N"", ""C"", ""C"", ""C"", ""H"", ""H"", ""H"", ""H"", ""H"", ""H"", ""H"", ""H"", ""H"", ""H"", ""H"", ""H"", ""H"", ""H"", ""O"", ""C"", ""N"", ""C"", ""C"", ""C"", ""C"", ""C"", ""C"", ""N"", ""C"", ""C"", ""C"", ""C"", ""N"", ""C"", ""O"", ""N"", ""C"", ""C"", ""C"", ""C"", ""C"", ""C"", ""C"", ""N"", ""C"", ""O"", ""N"", ""C"", ""C"", ""C"", ""H"", ""H"", ""H"", ""H"", ""H"", ""H"", ""H"", ""H"", ""H"", ""H"", ""H"", ""H"", ""H"", ""H"", ""O"", ""C"", ""N"", ""C"", ""C"", ""C"", ""C"", ""C"", ""C"", ""N"", ""C"", ""C"", ""C"", ""C"", ""N"", ""C"", ""O"", ""N"", ""C"", ""C"", ""C"", ""C"", ""C"", ""C"", ""C"", ""N"", ""C"", ""O"", ""N"", ""C"", ""C"", ""C"", ""H"", ""H"", ""H"", ""H"", ""H"", ""H"", ""H"", ""H"", ""H"", ""H"", ""H"", ""H"", ""H"", ""H"", ""O"", ""C"", ""N"", ""C"", ""C"", ""C"", ""C"", ""C"", ""C"", ""N"", ""C"", ""C"", ""C"", ""C"", ""N"", ""C"", ""O"", ""N"", ""C"", ""C"", ""C"", ""C"", ""C"", ""C"", ""C"", ""N"", ""C"", ""O"", ""N"", ""C"", ""C"", ""C"", ""H"", ""H"", ""H"", ""H"", ""H"", ""H"", ""H"", ""H"", ""H"", ""H"", ""H"", ""H"", ""H"", ""H"", ""O"", ""C"", ""N"", ""C"", ""C"", ""C"", ""C"", ""C"", ""C"", ""N"", ""C"", ""C"", ""C"", ""C"", ""N"", ""C"", ""O"", ""N"", ""C"", ""C"", ""C"", ""C"", ""C"", ""C"", ""C"", ""N"", ""C"", ""O"", ""N"", ""C"", ""C"", ""C"", ""H"", ""H"", ""H"", ""H"", ""H"", ""H"", ""H"", ""H"", ""H"", ""H"", ""H"", ""H"", ""H"", ""H""]",C138H84N36O18,"[true, true, true]","[23.637026525773763, 0.0, 0.0, -5.594695130323275, 22.96537413975373, 0.0, -5.594695130323275, -7.1212674265660905, 21.833368031941344]",11851.876112347249,[],"{""cutoff=4.500_skin=0.000"": 4860, ""cutoff=4.500_skin=0.250"": 5520, ""cutoff=4.500_skin=0.500"": 5934, ""cutoff=4.500_skin=1.000"": 6870, ""cutoff=5.000_skin=0.000"": 5934, ""cutoff=5.000_skin=0.250"": 6330, ""cutoff=5.000_skin=0.500"": 6870, ""cutoff=5.000_skin=1.000"": 8166, ""cutoff=6.000_skin=0.000"": 8166, ""cutoff=6.000_skin=0.250"": 8730, ""cutoff=6.000_skin=0.500"": 9564, ""cutoff=6.000_skin=1.000"": 11370}",0.0,,
OPT-MIX4-R256-v1,ac99f7f235977b62c7f867154f16d24041ba7ae2e5440b90e4b316254257ab0c,OPT-MIX4-R256-v1:0188,Aven12_1_152_z1,ef4a89e4eb4cf7146c53cbf6ebd0324730c67dee58cea538526d20bff16ac471,188,T2_test,Aven12_1_152_z1.cif,c530ab5225fb1c731997905828e24fcbff23b0053460025f77f6fddf2778765f,ef4a89e4eb4cf7146c53cbf6ebd0324730c67dee58cea538526d20bff16ac471,0,46,"[""O"", ""C"", ""N"", ""C"", ""C"", ""C"", ""C"", ""C"", ""C"", ""N"", ""C"", ""C"", ""C"", ""C"", ""N"", ""C"", ""O"", ""N"", ""C"", ""C"", ""C"", ""C"", ""C"", ""C"", ""C"", ""N"", ""C"", ""O"", ""N"", ""C"", ""C"", ""C"", ""H"", ""H"", ""H"", ""H"", ""H"", ""H"", ""H"", ""H"", ""H"", ""H"", ""H"", ""H"", ""H"", ""H""]",C23H14N6O3,"[true, true, true]","[13.038543391316502, 0.0, 0.0, 7.85953969101891, 11.249988526928007, 0.0, 4.772914706050752, 0.7398936942537958, 8.165802823307349]",1197.7882408720843,[],"{""cutoff=4.500_skin=0.000"": 836, ""cutoff=4.500_skin=0.250"": 966, ""cutoff=4.500_skin=0.500"": 1054, ""cutoff=4.500_skin=1.000"": 1302, ""cutoff=5.000_skin=0.000"": 1054, ""cutoff=5.000_skin=0.250"": 1174, ""cutoff=5.000_skin=0.500"": 1302, ""cutoff=5.000_skin=1.000"": 1590, ""cutoff=6.000_skin=0.000"": 1590, ""cutoff=6.000_skin=0.250"": 1748, ""cutoff=6.000_skin=0.500"": 1944, ""cutoff=6.000_skin=1.000"": 2426}",0.0,,
OPT-MIX4-R256-v1,ac99f7f235977b62c7f867154f16d24041ba7ae2e5440b90e4b316254257ab0c,OPT-MIX4-R256-v1:0189,Aven12_4_5_z1,67567de28e40bf932f1d52180bc4acac3a296b968a2ebdbe09402400c6af3962,189,T2_test,Aven12_4_5_z1.cif,159e2f28e9d3943f60280a7340e5324c2f526685deaf604a8785a90174a46020,67567de28e40bf932f1d52180bc4acac3a296b968a2ebdbe09402400c6af3962,0,92,"[""O"", ""C"", ""N"", ""C"", ""C"", ""C"", ""C"", ""C"", ""C"", ""N"", ""C"", ""C"", ""C"", ""C"", ""N"", ""C"", ""O"", ""N"", ""C"", ""C"", ""C"", ""C"", ""C"", ""C"", ""C"", ""N"", ""C"", ""O"", ""N"", ""C"", ""C"", ""C"", ""H"", ""H"", ""H"", ""H"", ""H"", ""H"", ""H"", ""H"", ""H"", ""H"", ""H"", ""H"", ""H"", ""H"", ""O"", ""C"", ""N"", ""C"", ""C"", ""C"", ""C"", ""C"", ""C"", ""N"", ""C"", ""C"", ""C"", ""C"", ""N"", ""C"", ""O"", ""N"", ""C"", ""C"", ""C"", ""C"", ""C"", ""C"", ""C"", ""N"", ""C"", ""O"", ""N"", ""C"", ""C"", ""C"", ""H"", ""H"", ""H"", ""H"", ""H"", ""H"", ""H"", ""H"", ""H"", ""H"", ""H"", ""H"", ""H"", ""H""]",C46H28N12O6,"[true, true, true]","[12.909016542956437, 0.0, 0.0, 0.0, 18.77667043604155, 0.0, 3.256450008679001, 0.0, 11.448821368475834]",2775.0609127121893,[],"{""cutoff=4.500_skin=0.000"": 1704, ""cutoff=4.500_skin=0.250"": 1980, ""cutoff=4.500_skin=0.500"": 2188, ""cutoff=4.500_skin=1.000"": 2564, ""cutoff=5.000_skin=0.000"": 2188, ""cutoff=5.000_skin=0.250"": 2332, ""cutoff=5.000_skin=0.500"": 2564, ""cutoff=5.000_skin=1.000"": 3140, ""cutoff=6.000_skin=0.000"": 3140, ""cutoff=6.000_skin=0.250"": 3360, ""cutoff=6.000_skin=0.500"": 3732, ""cutoff=6.000_skin=1.000"": 4496}",0.0,,
OPT-MIX4-R256-v1,ac99f7f235977b62c7f867154f16d24041ba7ae2e5440b90e4b316254257ab0c,OPT-MIX4-R256-v1:0190,Aven12_19_47_z1,986cc171c0c8f1127b780fd876bcffb3222cc2afbd8006679482363c08d421b2,190,T2_test,Aven12_19_47_z1.cif,bec394d99c4784ba96faf7394022d05fe8b603c82f4b787c405b9e42bb853d02,986cc171c0c8f1127b780fd876bcffb3222cc2afbd8006679482363c08d421b2,0,184,"[""O"", ""C"", ""N"", ""C"", ""C"", ""C"", ""C"", ""C"", ""C"", ""N"", ""C"", ""C"", ""C"", ""C"", ""N"", ""C"", ""O"", ""N"", ""C"", ""C"", ""C"", ""C"", ""C"", ""C"", ""C"", ""N"", ""C"", ""O"", ""N"", ""C"", ""C"", ""C"", ""H"", ""H"", ""H"", ""H"", ""H"", ""H"", ""H"", ""H"", ""H"", ""H"", ""H"", ""H"", ""H"", ""H"", ""O"", ""C"", ""N"", ""C"", ""C"", ""C"", ""C"", ""C"", ""C"", ""N"", ""C"", ""C"", ""C"", ""C"", ""N"", ""C"", ""O"", ""N"", ""C"", ""C"", ""C"", ""C"", ""C"", ""C"", ""C"", ""N"", ""C"", ""O"", ""N"", ""C"", ""C"", ""C"", ""H"", ""H"", ""H"", ""H"", ""H"", ""H"", ""H"", ""H"", ""H"", ""H"", ""H"", ""H"", ""H"", ""H"", ""O"", ""C"", ""N"", ""C"", ""C"", ""C"", ""C"", ""C"", ""C"", ""N"", ""C"", ""C"", ""C"", ""C"", ""N"", ""C"", ""O"", ""N"", ""C"", ""C"", ""C"", ""C"", ""C"", ""C"", ""C"", ""N"", ""C"", ""O"", ""N"", ""C"", ""C"", ""C"", ""H"", ""H"", ""H"", ""H"", ""H"", ""H"", ""H"", ""H"", ""H"", ""H"", ""H"", ""H"", ""H"", ""H"", ""O"", ""C"", ""N"", ""C"", ""C"", ""C"", ""C"", ""C"", ""C"", ""N"", ""C"", ""C"", ""C"", ""C"", ""N"", ""C"", ""O"", ""N"", ""C"", ""C"", ""C"", ""C"", ""C"", ""C"", ""C"", ""N"", ""C"", ""O"", ""N"", ""C"", ""C"", ""C"", ""H"", ""H"", ""H"", ""H"", ""H"", ""H"", ""H"", ""H"", ""H"", ""H"", ""H"", ""H"", ""H"", ""H""]",C92H56N24O12,"[true, true, true]","[15.552037364381114, 0.0, 0.0, 0.0, 15.149678741839303, 0.0, 0.0, 0.0, 19.212428464476595]",4526.608951403029,[],"{""cutoff=4.500_skin=0.000"": 3488, ""cutoff=4.500_skin=0.250"": 4144, ""cutoff=4.500_skin=0.500"": 4568, ""cutoff=4.500_skin=1.000"": 5744, ""cutoff=5.000_skin=0.000"": 4568, ""cutoff=5.000_skin=0.250"": 5112, ""cutoff=5.000_skin=0.500"": 5744, ""cutoff=5.000_skin=1.000"": 7088, ""cutoff=6.000_skin=0.000"": 7088, ""cutoff=6.000_skin=0.250"": 7848, ""cutoff=6.000_skin=0.500"": 8664, ""cutoff=6.000_skin=1.000"": 10744}",0.0,,
OPT-MIX4-R256-v1,ac99f7f235977b62c7f867154f16d24041ba7ae2e5440b90e4b316254257ab0c,OPT-MIX4-R256-v1:0191,Aven12_148_457_z1,fc1472393d5f96c3b1d97a17ae35264d8e583c443be86eb3db2ccecd620c6434,191,T2_test,Aven12_148_457_z1.cif,2960b57aeafd6575297b364befc0fa41642157a7fb12595f012a111a540555f6,fc1472393d5f96c3b1d97a17ae35264d8e583c443be86eb3db2ccecd620c6434,0,276,"[""O"", ""C"", ""N"", ""C"", ""C"", ""C"", ""C"", ""C"", ""C"", ""N"", ""C"", ""C"", ""C"", ""C"", ""N"", ""C"", ""O"", ""N"", ""C"", ""C"", ""C"", ""C"", ""C"", ""C"", ""C"", ""N"", ""C"", ""O"", ""N"", ""C"", ""C"", ""C"", ""H"", ""H"", ""H"", ""H"", ""H"", ""H"", ""H"", ""H"", ""H"", ""H"", ""H"", ""H"", ""H"", ""H"", ""O"", ""C"", ""N"", ""C"", ""C"", ""C"", ""C"", ""C"", ""C"", ""N"", ""C"", ""C"", ""C"", ""C"", ""N"", ""C"", ""O"", ""N"", ""C"", ""C"", ""C"", ""C"", ""C"", ""C"", ""C"", ""N"", ""C"", ""O"", ""N"", ""C"", ""C"", ""C"", ""H"", ""H"", ""H"", ""H"", ""H"", ""H"", ""H"", ""H"", ""H"", ""H"", ""H"", ""H"", ""H"", ""H"", ""O"", ""C"", ""N"", ""C"", ""C"", ""C"", ""C"", ""C"", ""C"", ""N"", ""C"", ""C"", ""C"", ""C"", ""N"", ""C"", ""O"", ""N"", ""C"", ""C"", ""C"", ""C"", ""C"", ""C"", ""C"", ""N"", ""C"", ""O"", ""N"", ""C"", ""C"", ""C"", ""H"", ""H"", ""H"", ""H"", ""H"", ""H"", ""H"", ""H"", ""H"", ""H"", ""H"", ""H"", ""H"", ""H"", ""O"", ""C"", ""N"", ""C"", ""C"", ""C"", ""C"", ""C"", ""C"", ""N"", ""C"", ""C"", ""C"", ""C"", ""N"", ""C"", ""O"", ""N"", ""C"", ""C"", ""C"", ""C"", ""C"", ""C"", ""C"", ""N"", ""C"", ""O"", ""N"", ""C"", ""C"", ""C"", ""H"", ""H"", ""H"", ""H"", ""H"", ""H"", ""H"", ""H"", ""H"", ""H"", ""H"", ""H"", ""H"", ""H"", ""O"", ""C"", ""N"", ""C"", ""C"", ""C"", ""C"", ""C"", ""C"", ""N"", ""C"", ""C"", ""C"", ""C"", ""N"", ""C"", ""O"", ""N"", ""C"", ""C"", ""C"", ""C"", ""C"", ""C"", ""C"", ""N"", ""C"", ""O"", ""N"", ""C"", ""C"", ""C"", ""H"", ""H"", ""H"", ""H"", ""H"", ""H"", ""H"", ""H"", ""H"", ""H"", ""H"", ""H"", ""H"", ""H"", ""O"", ""C"", ""N"", ""C"", ""C"", ""C"", ""C"", ""C"", ""C"", ""N"", ""C"", ""C"", ""C"", ""C"", ""N"", ""C"", ""O"", ""N"", ""C"", ""C"", ""C"", ""C"", ""C"", ""C"", ""C"", ""N"", ""C"", ""O"", ""N"", ""C"", ""C"", ""C"", ""H"", ""H"", ""H"", ""H"", ""H"", ""H"", ""H"", ""H"", ""H"", ""H"", ""H"", ""H"", ""H"", ""H""]",C138H84N36O18,"[true, true, true]","[24.1484025772658, 0.0, 0.0, -6.411941012861109, 23.281588422641768, 0.0, -6.411941012861109, -8.416570075695342, 21.706996743957856]",12203.95944773846,[],"{""cutoff=4.500_skin=0.000"": 4884, ""cutoff=4.500_skin=0.250"": 5592, ""cutoff=4.500_skin=0.500"": 6162, ""cutoff=4.500_skin=1.000"": 7452, ""cutoff=5.000_skin=0.000"": 6162, ""cutoff=5.000_skin=0.250"": 6822, ""cutoff=5.000_skin=0.500"": 7452, ""cutoff=5.000_skin=1.000"": 8988, ""cutoff=6.000_skin=0.000"": 8988, ""cutoff=6.000_skin=0.250"": 9576, ""cutoff=6.000_skin=0.500"": 10248, ""cutoff=6.000_skin=1.000"": 12000}",0.0,,
OPT-MIX4-R256-v1,ac99f7f235977b62c7f867154f16d24041ba7ae2e5440b90e4b316254257ab0c,OPT-MIX4-R256-v1:0192,Aven12_1_191_z1,72bc5e642d3232b93e4b165ea462cdb74b8628e3abfb577dfc7789110a9eabc3,192,T2_test,Aven12_1_191_z1.cif,9e627f4c0f79ca17385ac90a0c75c5ae7b06b267ffbb827099f27d5fac29ddef,72bc5e642d3232b93e4b165ea462cdb74b8628e3abfb577dfc7789110a9eabc3,0,46,"[""O"", ""C"", ""N"", ""C"", ""C"", ""C"", ""C"", ""C"", ""C"", ""N"", ""C"", ""C"", ""C"", ""C"", ""N"", ""C"", ""O"", ""N"", ""C"", ""C"", ""C"", ""C"", ""C"", ""C"", ""C"", ""N"", ""C"", ""O"", ""N"", ""C"", ""C"", ""C"", ""H"", ""H"", ""H"", ""H"", ""H"", ""H"", ""H"", ""H"", ""H"", ""H"", ""H"", ""H"", ""H"", ""H""]",C23H14N6O3,"[true, true, true]","[10.223926975281382, 0.0, 0.0, -6.5818160354670265, 11.476748016379846, 0.0, 6.499503567112795, -6.561454810752735, 11.358195725339112]",1332.7415371145667,[],"{""cutoff=4.500_skin=0.000"": 846, ""cutoff=4.500_skin=0.250"": 976, ""cutoff=4.500_skin=0.500"": 1056, ""cutoff=4.500_skin=1.000"": 1256, ""cutoff=5.000_skin=0.000"": 1056, ""cutoff=5.000_skin=0.250"": 1156, ""cutoff=5.000_skin=0.500"": 1256, ""cutoff=5.000_skin=1.000"": 1528, ""cutoff=6.000_skin=0.000"": 1528, ""cutoff=6.000_skin=0.250"": 1660, ""cutoff=6.000_skin=0.500"": 1820, ""cutoff=6.000_skin=1.000"": 2250}",0.0,,
OPT-MIX4-R256-v1,ac99f7f235977b62c7f867154f16d24041ba7ae2e5440b90e4b316254257ab0c,OPT-MIX4-R256-v1:0193,Aven12_2_3255_z1,92b9df9399df6acf266ba8200c87f28d4bb760dde8845941f987f7e7e8d4ee99,193,T2_test,Aven12_2_3255_z1.cif,8ccd1a3f6f92de6ff820f76f5a0058a2758afeb0b41cfa0311affa477757241d,92b9df9399df6acf266ba8200c87f28d4bb760dde8845941f987f7e7e8d4ee99,0,92,"[""O"", ""C"", ""N"", ""C"", ""C"", ""C"", ""C"", ""C"", ""C"", ""N"", ""C"", ""C"", ""C"", ""C"", ""N"", ""C"", ""O"", ""N"", ""C"", ""C"", ""C"", ""C"", ""C"", ""C"", ""C"", ""N"", ""C"", ""O"", ""N"", ""C"", ""C"", ""C"", ""H"", ""H"", ""H"", ""H"", ""H"", ""H"", ""H"", ""H"", ""H"", ""H"", ""H"", ""H"", ""H"", ""H"", ""O"", ""C"", ""N"", ""C"", ""C"", ""C"", ""C"", ""C"", ""C"", ""N"", ""C"", ""C"", ""C"", ""C"", ""N"", ""C"", ""O"", ""N"", ""C"", ""C"", ""C"", ""C"", ""C"", ""C"", ""C"", ""N"", ""C"", ""O"", ""N"", ""C"", ""C"", ""C"", ""H"", ""H"", ""H"", ""H"", ""H"", ""H"", ""H"", ""H"", ""H"", ""H"", ""H"", ""H"", ""H"", ""H""]",C46H28N12O6,"[true, true, true]","[19.87200272598094, 0.0, 0.0, -8.07338310485547, 11.093172712235912, 0.0, -1.9756720284702807, 10.874063034928588, 12.896438341230933]",2842.936758334772,[],"{""cutoff=4.500_skin=0.000"": 1732, ""cutoff=4.500_skin=0.250"": 2014, ""cutoff=4.500_skin=0.500"": 2200, ""cutoff=4.500_skin=1.000"": 2596, ""cutoff=5.000_skin=0.000"": 2200, ""cutoff=5.000_skin=0.250"": 2384, ""cutoff=5.000_skin=0.500"": 2596, ""cutoff=5.000_skin=1.000"": 3174, ""cutoff=6.000_skin=0.000"": 3174, ""cutoff=6.000_skin=0.250"": 3452, ""cutoff=6.000_skin=0.500"": 3778, ""cutoff=6.000_skin=1.000"": 4590}",0.0,,
OPT-MIX4-R256-v1,ac99f7f235977b62c7f867154f16d24041ba7ae2e5440b90e4b316254257ab0c,OPT-MIX4-R256-v1:0194,Aven12_14_1839_z1,cb02d2fe7f49246ca572cebef8ab6d61cfd3c8ee10eb9d20e3aeab15f70b948c,194,T2_test,Aven12_14_1839_z1.cif,af8cf906a9938c162676d051badaa19bbf9de0f401feae48d57a43bd15f793f0,cb02d2fe7f49246ca572cebef8ab6d61cfd3c8ee10eb9d20e3aeab15f70b948c,0,184,"[""O"", ""C"", ""N"", ""C"", ""C"", ""C"", ""C"", ""C"", ""C"", ""N"", ""C"", ""C"", ""C"", ""C"", ""N"", ""C"", ""O"", ""N"", ""C"", ""C"", ""C"", ""C"", ""C"", ""C"", ""C"", ""N"", ""C"", ""O"", ""N"", ""C"", ""C"", ""C"", ""H"", ""H"", ""H"", ""H"", ""H"", ""H"", ""H"", ""H"", ""H"", ""H"", ""H"", ""H"", ""H"", ""H"", ""O"", ""C"", ""N"", ""C"", ""C"", ""C"", ""C"", ""C"", ""C"", ""N"", ""C"", ""C"", ""C"", ""C"", ""N"", ""C"", ""O"", ""N"", ""C"", ""C"", ""C"", ""C"", ""C"", ""C"", ""C"", ""N"", ""C"", ""O"", ""N"", ""C"", ""C"", ""C"", ""H"", ""H"", ""H"", ""H"", ""H"", ""H"", ""H"", ""H"", ""H"", ""H"", ""H"", ""H"", ""H"", ""H"", ""O"", ""C"", ""N"", ""C"", ""C"", ""C"", ""C"", ""C"", ""C"", ""N"", ""C"", ""C"", ""C"", ""C"", ""N"", ""C"", ""O"", ""N"", ""C"", ""C"", ""C"", ""C"", ""C"", ""C"", ""C"", ""N"", ""C"", ""O"", ""N"", ""C"", ""C"", ""C"", ""H"", ""H"", ""H"", ""H"", ""H"", ""H"", ""H"", ""H"", ""H"", ""H"", ""H"", ""H"", ""H"", ""H"", ""O"", ""C"", ""N"", ""C"", ""C"", ""C"", ""C"", ""C"", ""C"", ""N"", ""C"", ""C"", ""C"", ""C"", ""N"", ""C"", ""O"", ""N"", ""C"", ""C"", ""C"", ""C"", ""C"", ""C"", ""C"", ""N"", ""C"", ""O"", ""N"", ""C"", ""C"", ""C"", ""H"", ""H"", ""H"", ""H"", ""H"", ""H"", ""H"", ""H"", ""H"", ""H"", ""H"", ""H"", ""H"", ""H""]",C92H56N24O12,"[true, true, true]","[15.45458143328625, 0.0, 0.0, 0.0, 15.269670784436094, 0.0, -7.648423157049558, 0.0, 23.855493527967507]",5629.571336478148,[],"{""cutoff=4.500_skin=0.000"": 3408, ""cutoff=4.500_skin=0.250"": 3928, ""cutoff=4.500_skin=0.500"": 4272, ""cutoff=4.500_skin=1.000"": 4984, ""cutoff=5.000_skin=0.000"": 4272, ""cutoff=5.000_skin=0.250"": 4596, ""cutoff=5.000_skin=0.500"": 4984, ""cutoff=5.000_skin=1.000"": 6032, ""cutoff=6.000_skin=0.000"": 6032, ""cutoff=6.000_skin=0.250"": 6472, ""cutoff=6.000_skin=0.500"": 7088, ""cutoff=6.000_skin=1.000"": 8560}",0.0,,
OPT-MIX4-R256-v1,ac99f7f235977b62c7f867154f16d24041ba7ae2e5440b90e4b316254257ab0c,OPT-MIX4-R256-v1:0195,Aven12_148_1618_z1,98f7356996635383bf670b93bc6c7b9ef9f92acdea6cf8e11d9dac24244b4701,195,T2_test,Aven12_148_1618_z1.cif,367eb601824b1aaec43f7c8d1b7e67ec0c185a15620cdbf0273963e5a882ea0f,98f7356996635383bf670b93bc6c7b9ef9f92acdea6cf8e11d9dac24244b4701,0,276,"[""O"", ""C"", ""N"", ""C"", ""C"", ""C"", ""C"", ""C"", ""C"", ""N"", ""C"", ""C"", ""C"", ""C"", ""N"", ""C"", ""O"", ""N"", ""C"", ""C"", ""C"", ""C"", ""C"", ""C"", ""C"", ""N"", ""C"", ""O"", ""N"", ""C"", ""C"", ""C"", ""H"", ""H"", ""H"", ""H"", ""H"", ""H"", ""H"", ""H"", ""H"", ""H"", ""H"", ""H"", ""H"", ""H"", ""O"", ""C"", ""N"", ""C"", ""C"", ""C"", ""C"", ""C"", ""C"", ""N"", ""C"", ""C"", ""C"", ""C"", ""N"", ""C"", ""O"", ""N"", ""C"", ""C"", ""C"", ""C"", ""C"", ""C"", ""C"", ""N"", ""C"", ""O"", ""N"", ""C"", ""C"", ""C"", ""H"", ""H"", ""H"", ""H"", ""H"", ""H"", ""H"", ""H"", ""H"", ""H"", ""H"", ""H"", ""H"", ""H"", ""O"", ""C"", ""N"", ""C"", ""C"", ""C"", ""C"", ""C"", ""C"", ""N"", ""C"", ""C"", ""C"", ""C"", ""N"", ""C"", ""O"", ""N"", ""C"", ""C"", ""C"", ""C"", ""C"", ""C"", ""C"", ""N"", ""C"", ""O"", ""N"", ""C"", ""C"", ""C"", ""H"", ""H"", ""H"", ""H"", ""H"", ""H"", ""H"", ""H"", ""H"", ""H"", ""H"", ""H"", ""H"", ""H"", ""O"", ""C"", ""N"", ""C"", ""C"", ""C"", ""C"", ""C"", ""C"", ""N"", ""C"", ""C"", ""C"", ""C"", ""N"", ""C"", ""O"", ""N"", ""C"", ""C"", ""C"", ""C"", ""C"", ""C"", ""C"", ""N"", ""C"", ""O"", ""N"", ""C"", ""C"", ""C"", ""H"", ""H"", ""H"", ""H"", ""H"", ""H"", ""H"", ""H"", ""H"", ""H"", ""H"", ""H"", ""H"", ""H"", ""O"", ""C"", ""N"", ""C"", ""C"", ""C"", ""C"", ""C"", ""C"", ""N"", ""C"", ""C"", ""C"", ""C"", ""N"", ""C"", ""O"", ""N"", ""C"", ""C"", ""C"", ""C"", ""C"", ""C"", ""C"", ""N"", ""C"", ""O"", ""N"", ""C"", ""C"", ""C"", ""H"", ""H"", ""H"", ""H"", ""H"", ""H"", ""H"", ""H"", ""H"", ""H"", ""H"", ""H"", ""H"", ""H"", ""O"", ""C"", ""N"", ""C"", ""C"", ""C"", ""C"", ""C"", ""C"", ""N"", ""C"", ""C"", ""C"", ""C"", ""N"", ""C"", ""O"", ""N"", ""C"", ""C"", ""C"", ""C"", ""C"", ""C"", ""C"", ""N"", ""C"", ""O"", ""N"", ""C"", ""C"", ""C"", ""H"", ""H"", ""H"", ""H"", ""H"", ""H"", ""H"", ""H"", ""H"", ""H"", ""H"", ""H"", ""H"", ""H""]",C138H84N36O18,"[true, true, true]","[21.9768345030773, 0.0, 0.0, -5.774994980773547, 21.204496875608466, 0.0, -5.774994980773547, -7.558145657342936, 19.81174202260057]",9232.424700577407,[],"{""cutoff=4.500_skin=0.000"": 5040, ""cutoff=4.500_skin=0.250"": 5868, ""cutoff=4.500_skin=0.500"": 6492, ""cutoff=4.500_skin=1.000"": 8028, ""cutoff=5.000_skin=0.000"": 6492, ""cutoff=5.000_skin=0.250"": 7164, ""cutoff=5.000_skin=0.500"": 8028, ""cutoff=5.000_skin=1.000"": 10068, ""cutoff=6.000_skin=0.000"": 10068, ""cutoff=6.000_skin=0.250"": 11226, ""cutoff=6.000_skin=0.500"": 12426, ""cutoff=6.000_skin=1.000"": 15354}",0.0,,
OPT-MIX4-R256-v1,ac99f7f235977b62c7f867154f16d24041ba7ae2e5440b90e4b316254257ab0c,OPT-MIX4-R256-v1:0196,Aven12_1_198_z1,bf70fce559d44522cb5ebe21e2e38ff33513e1372d7a9c67775921378eb9ab34,196,T2_test,Aven12_1_198_z1.cif,73cbfb65a3c2db4e83ef203802f4be17ad929087460b7d05732b194a4f4a7d9a,bf70fce559d44522cb5ebe21e2e38ff33513e1372d7a9c67775921378eb9ab34,0,46,"[""O"", ""C"", ""N"", ""C"", ""C"", ""C"", ""C"", ""C"", ""C"", ""N"", ""C"", ""C"", ""C"", ""C"", ""N"", ""C"", ""O"", ""N"", ""C"", ""C"", ""C"", ""C"", ""C"", ""C"", ""C"", ""N"", ""C"", ""O"", ""N"", ""C"", ""C"", ""C"", ""H"", ""H"", ""H"", ""H"", ""H"", ""H"", ""H"", ""H"", ""H"", ""H"", ""H"", ""H"", ""H"", ""H""]",C23H14N6O3,"[true, true, true]","[10.712210333591251, 0.0, 0.0, 1.9259996118596165, 10.29737856678057, 0.0, 4.323405909540392, -4.05120911949606, 12.343116981857355]",1361.5406610880423,[],"{""cutoff=4.500_skin=0.000"": 852, ""cutoff=4.500_skin=0.250"": 976, ""cutoff=4.500_skin=0.500"": 1058, ""cutoff=4.500_skin=1.000"": 1264, ""cutoff=5.000_skin=0.000"": 1058, ""cutoff=5.000_skin=0.250"": 1146, ""cutoff=5.000_skin=0.500"": 1264, ""cutoff=5.000_skin=1.000"": 1534, ""cutoff=6.000_skin=0.000"": 1534, ""cutoff=6.000_skin=0.250"": 1662, ""cutoff=6.000_skin=0.500"": 1806, ""cutoff=6.000_skin=1.000"": 2196}",0.0,,
OPT-MIX4-R256-v1,ac99f7f235977b62c7f867154f16d24041ba7ae2e5440b90e4b316254257ab0c,OPT-MIX4-R256-v1:0197,Aven12_2_1415_z1,7943ea1d18bf0a8d8bc1d7b870fc8e45c1b9cc394237626d0af3ba41c479dc20,197,T2_test,Aven12_2_1415_z1.cif,fd0b28b90778939bf4cd4bd1db5cad26dabf9871be622d04239f350fbf22b392,7943ea1d18bf0a8d8bc1d7b870fc8e45c1b9cc394237626d0af3ba41c479dc20,0,92,"[""O"", ""C"", ""N"", ""C"", ""C"", ""C"", ""C"", ""C"", ""C"", ""N"", ""C"", ""C"", ""C"", ""C"", ""N"", ""C"", ""O"", ""N"", ""C"", ""C"", ""C"", ""C"", ""C"", ""C"", ""C"", ""N"", ""C"", ""O"", ""N"", ""C"", ""C"", ""C"", ""H"", ""H"", ""H"", ""H"", ""H"", ""H"", ""H"", ""H"", ""H"", ""H"", ""H"", ""H"", ""H"", ""H"", ""O"", ""C"", ""N"", ""C"", ""C"", ""C"", ""C"", ""C"", ""C"", ""N"", ""C"", ""C"", ""C"", ""C"", ""N"", ""C"", ""O"", ""N"", ""C"", ""C"", ""C"", ""C"", ""C"", ""C"", ""C"", ""N"", ""C"", ""O"", ""N"", ""C"", ""C"", ""C"", ""H"", ""H"", ""H"", ""H"", ""H"", ""H"", ""H"", ""H"", ""H"", ""H"", ""H"", ""H"", ""H"", ""H""]",C46H28N12O6,"[true, true, true]","[14.387798773276316, 0.0, 0.0, 8.084863668770117, 13.068105512143338, 0.0, -11.769026775665688, 0.5950401717152519, 13.860574516470693]",2606.0828575671926,[],"{""cutoff=4.500_skin=0.000"": 1716, ""cutoff=4.500_skin=0.250"": 2026, ""cutoff=4.500_skin=0.500"": 2216, ""cutoff=4.500_skin=1.000"": 2688, ""cutoff=5.000_skin=0.000"": 2216, ""cutoff=5.000_skin=0.250"": 2426, ""cutoff=5.000_skin=0.500"": 2688, ""cutoff=5.000_skin=1.000"": 3368, ""cutoff=6.000_skin=0.000"": 3368, ""cutoff=6.000_skin=0.250"": 3732, ""cutoff=6.000_skin=0.500"": 4172, ""cutoff=6.000_skin=1.000"": 5128}",0.0,,
OPT-MIX4-R256-v1,ac99f7f235977b62c7f867154f16d24041ba7ae2e5440b90e4b316254257ab0c,OPT-MIX4-R256-v1:0198,Aven12_5_900_z1,717c5c13db7733b18db8cfcbd9f43b1fd44929b935c6cea43ff56a84779b3339,198,T2_test,Aven12_5_900_z1.cif,df8bf42c1bac47d989e1e4a5e5ebb21058c4e37993370cf7bc63012ea2038b0a,717c5c13db7733b18db8cfcbd9f43b1fd44929b935c6cea43ff56a84779b3339,0,184,"[""O"", ""C"", ""N"", ""C"", ""C"", ""C"", ""C"", ""C"", ""C"", ""N"", ""C"", ""C"", ""C"", ""C"", ""N"", ""C"", ""O"", ""N"", ""C"", ""C"", ""C"", ""C"", ""C"", ""C"", ""C"", ""N"", ""C"", ""O"", ""N"", ""C"", ""C"", ""C"", ""H"", ""H"", ""H"", ""H"", ""H"", ""H"", ""H"", ""H"", ""H"", ""H"", ""H"", ""H"", ""H"", ""H"", ""O"", ""C"", ""N"", ""C"", ""C"", ""C"", ""C"", ""C"", ""C"", ""N"", ""C"", ""C"", ""C"", ""C"", ""N"", ""C"", ""O"", ""N"", ""C"", ""C"", ""C"", ""C"", ""C"", ""C"", ""C"", ""N"", ""C"", ""O"", ""N"", ""C"", ""C"", ""C"", ""H"", ""H"", ""H"", ""H"", ""H"", ""H"", ""H"", ""H"", ""H"", ""H"", ""H"", ""H"", ""H"", ""H"", ""O"", ""C"", ""N"", ""C"", ""C"", ""C"", ""C"", ""C"", ""C"", ""N"", ""C"", ""C"", ""C"", ""C"", ""N"", ""C"", ""O"", ""N"", ""C"", ""C"", ""C"", ""C"", ""C"", ""C"", ""C"", ""N"", ""C"", ""O"", ""N"", ""C"", ""C"", ""C"", ""H"", ""H"", ""H"", ""H"", ""H"", ""H"", ""H"", ""H"", ""H"", ""H"", ""H"", ""H"", ""H"", ""H"", ""O"", ""C"", ""N"", ""C"", ""C"", ""C"", ""C"", ""C"", ""C"", ""N"", ""C"", ""C"", ""C"", ""C"", ""N"", ""C"", ""O"", ""N"", ""C"", ""C"", ""C"", ""C"", ""C"", ""C"", ""C"", ""N"", ""C"", ""O"", ""N"", ""C"", ""C"", ""C"", ""H"", ""H"", ""H"", ""H"", ""H"", ""H"", ""H"", ""H"", ""H"", ""H"", ""H"", ""H"", ""H"", ""H""]",C92H56N24O12,"[true, true, true]","[18.10822081696645, 0.0, 0.0, 0.0, 18.094060895270598, 0.0, -2.5549881427303953, 0.0, 18.06746660348651]",5919.828019986446,[],"{""cutoff=4.500_skin=0.000"": 3288, ""cutoff=4.500_skin=0.250"": 3768, ""cutoff=4.500_skin=0.500"": 4040, ""cutoff=4.500_skin=1.000"": 4724, ""cutoff=5.000_skin=0.000"": 4040, ""cutoff=5.000_skin=0.250"": 4340, ""cutoff=5.000_skin=0.500"": 4724, ""cutoff=5.000_skin=1.000"": 5668, ""cutoff=6.000_skin=0.000"": 5668, ""cutoff=6.000_skin=0.250"": 6040, ""cutoff=6.000_skin=0.500"": 6636, ""cutoff=6.000_skin=1.000"": 8000}",0.0,,
OPT-MIX4-R256-v1,ac99f7f235977b62c7f867154f16d24041ba7ae2e5440b90e4b316254257ab0c,OPT-MIX4-R256-v1:0199,Aven12_148_1635_z1,d83ad430b35e7079428ae07451e18830bf1d1f24de231e03e9de59fbf4e0d5c7,199,T2_test,Aven12_148_1635_z1.cif,968e7b4c31b1189e0cfb7a0a752e35e27d001dbea00897887026817b27473f52,d83ad430b35e7079428ae07451e18830bf1d1f24de231e03e9de59fbf4e0d5c7,0,276,"[""O"", ""C"", ""N"", ""C"", ""C"", ""C"", ""C"", ""C"", ""C"", ""N"", ""C"", ""C"", ""C"", ""C"", ""N"", ""C"", ""O"", ""N"", ""C"", ""C"", ""C"", ""C"", ""C"", ""C"", ""C"", ""N"", ""C"", ""O"", ""N"", ""C"", ""C"", ""C"", ""H"", ""H"", ""H"", ""H"", ""H"", ""H"", ""H"", ""H"", ""H"", ""H"", ""H"", ""H"", ""H"", ""H"", ""O"", ""C"", ""N"", ""C"", ""C"", ""C"", ""C"", ""C"", ""C"", ""N"", ""C"", ""C"", ""C"", ""C"", ""N"", ""C"", ""O"", ""N"", ""C"", ""C"", ""C"", ""C"", ""C"", ""C"", ""C"", ""N"", ""C"", ""O"", ""N"", ""C"", ""C"", ""C"", ""H"", ""H"", ""H"", ""H"", ""H"", ""H"", ""H"", ""H"", ""H"", ""H"", ""H"", ""H"", ""H"", ""H"", ""O"", ""C"", ""N"", ""C"", ""C"", ""C"", ""C"", ""C"", ""C"", ""N"", ""C"", ""C"", ""C"", ""C"", ""N"", ""C"", ""O"", ""N"", ""C"", ""C"", ""C"", ""C"", ""C"", ""C"", ""C"", ""N"", ""C"", ""O"", ""N"", ""C"", ""C"", ""C"", ""H"", ""H"", ""H"", ""H"", ""H"", ""H"", ""H"", ""H"", ""H"", ""H"", ""H"", ""H"", ""H"", ""H"", ""O"", ""C"", ""N"", ""C"", ""C"", ""C"", ""C"", ""C"", ""C"", ""N"", ""C"", ""C"", ""C"", ""C"", ""N"", ""C"", ""O"", ""N"", ""C"", ""C"", ""C"", ""C"", ""C"", ""C"", ""C"", ""N"", ""C"", ""O"", ""N"", ""C"", ""C"", ""C"", ""H"", ""H"", ""H"", ""H"", ""H"", ""H"", ""H"", ""H"", ""H"", ""H"", ""H"", ""H"", ""H"", ""H"", ""O"", ""C"", ""N"", ""C"", ""C"", ""C"", ""C"", ""C"", ""C"", ""N"", ""C"", ""C"", ""C"", ""C"", ""N"", ""C"", ""O"", ""N"", ""C"", ""C"", ""C"", ""C"", ""C"", ""C"", ""C"", ""N"", ""C"", ""O"", ""N"", ""C"", ""C"", ""C"", ""H"", ""H"", ""H"", ""H"", ""H"", ""H"", ""H"", ""H"", ""H"", ""H"", ""H"", ""H"", ""H"", ""H"", ""O"", ""C"", ""N"", ""C"", ""C"", ""C"", ""C"", ""C"", ""C"", ""N"", ""C"", ""C"", ""C"", ""C"", ""N"", ""C"", ""O"", ""N"", ""C"", ""C"", ""C"", ""C"", ""C"", ""C"", ""C"", ""N"", ""C"", ""O"", ""N"", ""C"", ""C"", ""C"", ""H"", ""H"", ""H"", ""H"", ""H"", ""H"", ""H"", ""H"", ""H"", ""H"", ""H"", ""H"", ""H"", ""H""]",C138H84N36O18,"[true, true, true]","[24.820662835777767, 0.0, 0.0, 8.10912180923948, 23.45863267733813, 0.0, 8.10912180923948, 5.776803945407063, 22.736226231866308]",13238.368081326877,[],"{""cutoff=4.500_skin=0.000"": 4716, ""cutoff=4.500_skin=0.250"": 5400, ""cutoff=4.500_skin=0.500"": 5712, ""cutoff=4.500_skin=1.000"": 6492, ""cutoff=5.000_skin=0.000"": 5712, ""cutoff=5.000_skin=0.250"": 6036, ""cutoff=5.000_skin=0.500"": 6492, ""cutoff=5.000_skin=1.000"": 7596, ""cutoff=6.000_skin=0.000"": 7596, ""cutoff=6.000_skin=0.250"": 7986, ""cutoff=6.000_skin=0.500"": 8706, ""cutoff=6.000_skin=1.000"": 10302}",0.0,,
OPT-MIX4-R256-v1,ac99f7f235977b62c7f867154f16d24041ba7ae2e5440b90e4b316254257ab0c,OPT-MIX4-R256-v1:0200,Aven12_1_65_z1,0275dbbe8c611d9e08d9d5da74650ad58bc56c115fbec3c6b5d05d4bee491b59,200,T2_test,Aven12_1_65_z1.cif,eb04065efce280f0187ff86b8c0f62d6722490f769ac80c501a1673c58976c7d,0275dbbe8c611d9e08d9d5da74650ad58bc56c115fbec3c6b5d05d4bee491b59,0,46,"[""O"", ""C"", ""N"", ""C"", ""C"", ""C"", ""C"", ""C"", ""C"", ""N"", ""C"", ""C"", ""C"", ""C"", ""N"", ""C"", ""O"", ""N"", ""C"", ""C"", ""C"", ""C"", ""C"", ""C"", ""C"", ""N"", ""C"", ""O"", ""N"", ""C"", ""C"", ""C"", ""H"", ""H"", ""H"", ""H"", ""H"", ""H"", ""H"", ""H"", ""H"", ""H"", ""H"", ""H"", ""H"", ""H""]",C23H14N6O3,"[true, true, true]","[12.097014946698117, 0.0, 0.0, 3.0946646748024613, 9.748637605046206, 0.0, -0.08503311397784966, 1.5655315926090774, 9.40153621561094]",1108.7176642989928,[],"{""cutoff=4.500_skin=0.000"": 848, ""cutoff=4.500_skin=0.250"": 986, ""cutoff=4.500_skin=0.500"": 1066, ""cutoff=4.500_skin=1.000"": 1338, ""cutoff=5.000_skin=0.000"": 1066, ""cutoff=5.000_skin=0.250"": 1188, ""cutoff=5.000_skin=0.500"": 1338, ""cutoff=5.000_skin=1.000"": 1674, ""cutoff=6.000_skin=0.000"": 1674, ""cutoff=6.000_skin=0.250"": 1864, ""cutoff=6.000_skin=0.500"": 2078, ""cutoff=6.000_skin=1.000"": 2594}",0.0,,
OPT-MIX4-R256-v1,ac99f7f235977b62c7f867154f16d24041ba7ae2e5440b90e4b316254257ab0c,OPT-MIX4-R256-v1:0201,Aven12_2_1454_z1,d05522fb7aa0ce7663d7ca917ca4b816dc1dbf775da7b7ae4eb9dd363dbb41bf,201,T2_test,Aven12_2_1454_z1.cif,652bfc75eb5fa79ae786021c078f1399beb6c408cb87a1aa30166dfb62758dbb,d05522fb7aa0ce7663d7ca917ca4b816dc1dbf775da7b7ae4eb9dd363dbb41bf,0,92,"[""O"", ""C"", ""N"", ""C"", ""C"", ""C"", ""C"", ""C"", ""C"", ""N"", ""C"", ""C"", ""C"", ""C"", ""N"", ""C"", ""O"", ""N"", ""C"", ""C"", ""C"", ""C"", ""C"", ""C"", ""C"", ""N"", ""C"", ""O"", ""N"", ""C"", ""C"", ""C"", ""H"", ""H"", ""H"", ""H"", ""H"", ""H"", ""H"", ""H"", ""H"", ""H"", ""H"", ""H"", ""H"", ""H"", ""O"", ""C"", ""N"", ""C"", ""C"", ""C"", ""C"", ""C"", ""C"", ""N"", ""C"", ""C"", ""C"", ""C"", ""N"", ""C"", ""O"", ""N"", ""C"", ""C"", ""C"", ""C"", ""C"", ""C"", ""C"", ""N"", ""C"", ""O"", ""N"", ""C"", ""C"", ""C"", ""H"", ""H"", ""H"", ""H"", ""H"", ""H"", ""H"", ""H"", ""H"", ""H"", ""H"", ""H"", ""H"", ""H""]",C46H28N12O6,"[true, true, true]","[12.432400766012897, 0.0, 0.0, -3.0136453605601097, 13.450646198104486, 0.0, -6.549423092705671, -2.9473946735941374, 10.84680583123192]",1813.844350332798,[],"{""cutoff=4.500_skin=0.000"": 1792, ""cutoff=4.500_skin=0.250"": 2160, ""cutoff=4.500_skin=0.500"": 2404, ""cutoff=4.500_skin=1.000"": 3066, ""cutoff=5.000_skin=0.000"": 2404, ""cutoff=5.000_skin=0.250"": 2698, ""cutoff=5.000_skin=0.500"": 3066, ""cutoff=5.000_skin=1.000"": 3934, ""cutoff=6.000_skin=0.000"": 3934, ""cutoff=6.000_skin=0.250"": 4384, ""cutoff=6.000_skin=0.500"": 4974, ""cutoff=6.000_skin=1.000"": 6400}",0.0,,
OPT-MIX4-R256-v1,ac99f7f235977b62c7f867154f16d24041ba7ae2e5440b90e4b316254257ab0c,OPT-MIX4-R256-v1:0202,Aven12_77_262_z1,1aa05f97de785c98dda500feea76f741614a9cd354314b795769703212695180,202,T2_test,Aven12_77_262_z1.cif,00461334a204c201d184083308ec78e374644691b99e921a0dce52fea4d18f2e,1aa05f97de785c98dda500feea76f741614a9cd354314b795769703212695180,0,184,"[""O"", ""C"", ""N"", ""C"", ""C"", ""C"", ""C"", ""C"", ""C"", ""N"", ""C"", ""C"", ""C"", ""C"", ""N"", ""C"", ""O"", ""N"", ""C"", ""C"", ""C"", ""C"", ""C"", ""C"", ""C"", ""N"", ""C"", ""O"", ""N"", ""C"", ""C"", ""C"", ""H"", ""H"", ""H"", ""H"", ""H"", ""H"", ""H"", ""H"", ""H"", ""H"", ""H"", ""H"", ""H"", ""H"", ""O"", ""C"", ""N"", ""C"", ""C"", ""C"", ""C"", ""C"", ""C"", ""N"", ""C"", ""C"", ""C"", ""C"", ""N"", ""C"", ""O"", ""N"", ""C"", ""C"", ""C"", ""C"", ""C"", ""C"", ""C"", ""N"", ""C"", ""O"", ""N"", ""C"", ""C"", ""C"", ""H"", ""H"", ""H"", ""H"", ""H"", ""H"", ""H"", ""H"", ""H"", ""H"", ""H"", ""H"", ""H"", ""H"", ""O"", ""C"", ""N"", ""C"", ""C"", ""C"", ""C"", ""C"", ""C"", ""N"", ""C"", ""C"", ""C"", ""C"", ""N"", ""C"", ""O"", ""N"", ""C"", ""C"", ""C"", ""C"", ""C"", ""C"", ""C"", ""N"", ""C"", ""O"", ""N"", ""C"", ""C"", ""C"", ""H"", ""H"", ""H"", ""H"", ""H"", ""H"", ""H"", ""H"", ""H"", ""H"", ""H"", ""H"", ""H"", ""H"", ""O"", ""C"", ""N"", ""C"", ""C"", ""C"", ""C"", ""C"", ""C"", ""N"", ""C"", ""C"", ""C"", ""C"", ""N"", ""C"", ""O"", ""N"", ""C"", ""C"", ""C"", ""C"", ""C"", ""C"", ""C"", ""N"", ""C"", ""O"", ""N"", ""C"", ""C"", ""C"", ""H"", ""H"", ""H"", ""H"", ""H"", ""H"", ""H"", ""H"", ""H"", ""H"", ""H"", ""H"", ""H"", ""H""]",C92H56N24O12,"[true, true, true]","[22.015143121607778, 0.0, 0.0, 0.0, 22.015143121607778, 0.0, 0.0, 0.0, 20.64266766868345]",10004.810040078102,[],"{""cutoff=4.500_skin=0.000"": 3400, ""cutoff=4.500_skin=0.250"": 3940, ""cutoff=4.500_skin=0.500"": 4236, ""cutoff=4.500_skin=1.000"": 4936, ""cutoff=5.000_skin=0.000"": 4236, ""cutoff=5.000_skin=0.250"": 4564, ""cutoff=5.000_skin=0.500"": 4936, ""cutoff=5.000_skin=1.000"": 5860, ""cutoff=6.000_skin=0.000"": 5860, ""cutoff=6.000_skin=0.250"": 6280, ""cutoff=6.000_skin=0.500"": 6792, ""cutoff=6.000_skin=1.000"": 8076}",0.0,,
OPT-MIX4-R256-v1,ac99f7f235977b62c7f867154f16d24041ba7ae2e5440b90e4b316254257ab0c,OPT-MIX4-R256-v1:0203,Aven12_148_496_z1,24107ada5ba852162c4864ca8693c709251cc39d5d355b3416443f7a7d02b364,203,T2_test,Aven12_148_496_z1.cif,8ae6ab924f44a3d85bae3ffdfb3a8e299cbdede8419fcb5128a301ed4d8e5efe,24107ada5ba852162c4864ca8693c709251cc39d5d355b3416443f7a7d02b364,0,276,"[""O"", ""C"", ""N"", ""C"", ""C"", ""C"", ""C"", ""C"", ""C"", ""N"", ""C"", ""C"", ""C"", ""C"", ""N"", ""C"", ""O"", ""N"", ""C"", ""C"", ""C"", ""C"", ""C"", ""C"", ""C"", ""N"", ""C"", ""O"", ""N"", ""C"", ""C"", ""C"", ""H"", ""H"", ""H"", ""H"", ""H"", ""H"", ""H"", ""H"", ""H"", ""H"", ""H"", ""H"", ""H"", ""H"", ""O"", ""C"", ""N"", ""C"", ""C"", ""C"", ""C"", ""C"", ""C"", ""N"", ""C"", ""C"", ""C"", ""C"", ""N"", ""C"", ""O"", ""N"", ""C"", ""C"", ""C"", ""C"", ""C"", ""C"", ""C"", ""N"", ""C"", ""O"", ""N"", ""C"", ""C"", ""C"", ""H"", ""H"", ""H"", ""H"", ""H"", ""H"", ""H"", ""H"", ""H"", ""H"", ""H"", ""H"", ""H"", ""H"", ""O"", ""C"", ""N"", ""C"", ""C"", ""C"", ""C"", ""C"", ""C"", ""N"", ""C"", ""C"", ""C"", ""C"", ""N"", ""C"", ""O"", ""N"", ""C"", ""C"", ""C"", ""C"", ""C"", ""C"", ""C"", ""N"", ""C"", ""O"", ""N"", ""C"", ""C"", ""C"", ""H"", ""H"", ""H"", ""H"", ""H"", ""H"", ""H"", ""H"", ""H"", ""H"", ""H"", ""H"", ""H"", ""H"", ""O"", ""C"", ""N"", ""C"", ""C"", ""C"", ""C"", ""C"", ""C"", ""N"", ""C"", ""C"", ""C"", ""C"", ""N"", ""C"", ""O"", ""N"", ""C"", ""C"", ""C"", ""C"", ""C"", ""C"", ""C"", ""N"", ""C"", ""O"", ""N"", ""C"", ""C"", ""C"", ""H"", ""H"", ""H"", ""H"", ""H"", ""H"", ""H"", ""H"", ""H"", ""H"", ""H"", ""H"", ""H"", ""H"", ""O"", ""C"", ""N"", ""C"", ""C"", ""C"", ""C"", ""C"", ""C"", ""N"", ""C"", ""C"", ""C"", ""C"", ""N"", ""C"", ""O"", ""N"", ""C"", ""C"", ""C"", ""C"", ""C"", ""C"", ""C"", ""N"", ""C"", ""O"", ""N"", ""C"", ""C"", ""C"", ""H"", ""H"", ""H"", ""H"", ""H"", ""H"", ""H"", ""H"", ""H"", ""H"", ""H"", ""H"", ""H"", ""H"", ""O"", ""C"", ""N"", ""C"", ""C"", ""C"", ""C"", ""C"", ""C"", ""N"", ""C"", ""C"", ""C"", ""C"", ""N"", ""C"", ""O"", ""N"", ""C"", ""C"", ""C"", ""C"", ""C"", ""C"", ""C"", ""N"", ""C"", ""O"", ""N"", ""C"", ""C"", ""C"", ""H"", ""H"", ""H"", ""H"", ""H"", ""H"", ""H"", ""H"", ""H"", ""H"", ""H"", ""H"", ""H"", ""H""]",C138H84N36O18,"[true, true, true]","[29.946550849607902, 0.0, 0.0, -1.2054262770013688, 29.922280248651948, 0.0, -1.2054262770013688, -1.2549649123299074, 29.895951537753188]",26788.83799950471,[],"{""cutoff=4.500_skin=0.000"": 4788, ""cutoff=4.500_skin=0.250"": 5484, ""cutoff=4.500_skin=0.500"": 5844, ""cutoff=4.500_skin=1.000"": 6624, ""cutoff=5.000_skin=0.000"": 5844, ""cutoff=5.000_skin=0.250"": 6168, ""cutoff=5.000_skin=0.500"": 6624, ""cutoff=5.000_skin=1.000"": 7716, ""cutoff=6.000_skin=0.000"": 7716, ""cutoff=6.000_skin=0.250"": 8196, ""cutoff=6.000_skin=0.500"": 8784, ""cutoff=6.000_skin=1.000"": 10320}",0.0,,
OPT-MIX4-R256-v1,ac99f7f235977b62c7f867154f16d24041ba7ae2e5440b90e4b316254257ab0c,OPT-MIX4-R256-v1:0204,Aven12_1_414_z1,6f0089fab7ff82393eb812a4c22e5aa81395c809e85844c7cbedaef0ae79bb5a,204,T2_test,Aven12_1_414_z1.cif,959362ab6e98f1e7c290ff1e3c363a39305fd899436894d8837f9b68fffc273a,6f0089fab7ff82393eb812a4c22e5aa81395c809e85844c7cbedaef0ae79bb5a,0,46,"[""O"", ""C"", ""N"", ""C"", ""C"", ""C"", ""C"", ""C"", ""C"", ""N"", ""C"", ""C"", ""C"", ""C"", ""N"", ""C"", ""O"", ""N"", ""C"", ""C"", ""C"", ""C"", ""C"", ""C"", ""C"", ""N"", ""C"", ""O"", ""N"", ""C"", ""C"", ""C"", ""H"", ""H"", ""H"", ""H"", ""H"", ""H"", ""H"", ""H"", ""H"", ""H"", ""H"", ""H"", ""H"", ""H""]",C23H14N6O3,"[true, true, true]","[11.72353135801881, 0.0, 0.0, 1.3287957085156703, 8.101650736819746, 0.0, 3.5098789641498778, 4.460194632288994, 14.152604385451973]",1344.2137483940842,[],"{""cutoff=4.500_skin=0.000"": 852, ""cutoff=4.500_skin=0.250"": 994, ""cutoff=4.500_skin=0.500"": 1116, ""cutoff=4.500_skin=1.000"": 1328, ""cutoff=5.000_skin=0.000"": 1116, ""cutoff=5.000_skin=0.250"": 1218, ""cutoff=5.000_skin=0.500"": 1328, ""cutoff=5.000_skin=1.000"": 1644, ""cutoff=6.000_skin=0.000"": 1644, ""cutoff=6.000_skin=0.250"": 1828, ""cutoff=6.000_skin=0.500"": 2018, ""cutoff=6.000_skin=1.000"": 2508}",0.0,,
OPT-MIX4-R256-v1,ac99f7f235977b62c7f867154f16d24041ba7ae2e5440b90e4b316254257ab0c,OPT-MIX4-R256-v1:0205,Aven12_2_1636_z1,a5bf60b084bd569a95d1e1f50217918a2e3b3e50fa50724e91874d82c9bc5ab9,205,T2_test,Aven12_2_1636_z1.cif,4c440e11984c6e53113c6ec664684d84d63bb1965f74a3c8a2cbb21f0034b06e,a5bf60b084bd569a95d1e1f50217918a2e3b3e50fa50724e91874d82c9bc5ab9,0,92,"[""O"", ""C"", ""N"", ""C"", ""C"", ""C"", ""C"", ""C"", ""C"", ""N"", ""C"", ""C"", ""C"", ""C"", ""N"", ""C"", ""O"", ""N"", ""C"", ""C"", ""C"", ""C"", ""C"", ""C"", ""C"", ""N"", ""C"", ""O"", ""N"", ""C"", ""C"", ""C"", ""H"", ""H"", ""H"", ""H"", ""H"", ""H"", ""H"", ""H"", ""H"", ""H"", ""H"", ""H"", ""H"", ""H"", ""O"", ""C"", ""N"", ""C"", ""C"", ""C"", ""C"", ""C"", ""C"", ""N"", ""C"", ""C"", ""C"", ""C"", ""N"", ""C"", ""O"", ""N"", ""C"", ""C"", ""C"", ""C"", ""C"", ""C"", ""C"", ""N"", ""C"", ""O"", ""N"", ""C"", ""C"", ""C"", ""H"", ""H"", ""H"", ""H"", ""H"", ""H"", ""H"", ""H"", ""H"", ""H"", ""H"", ""H"", ""H"", ""H""]",C46H28N12O6,"[true, true, true]","[18.233181309726227, 0.0, 0.0, 4.711427141838519, 12.434717011243654, 0.0, 2.367665064966293, -9.714512321641887, 9.659637540400224]",2190.0760066257026,[],"{""cutoff=4.500_skin=0.000"": 1894, ""cutoff=4.500_skin=0.250"": 2218, ""cutoff=4.500_skin=0.500"": 2448, ""cutoff=4.500_skin=1.000"": 2950, ""cutoff=5.000_skin=0.000"": 2448, ""cutoff=5.000_skin=0.250"": 2670, ""cutoff=5.000_skin=0.500"": 2950, ""cutoff=5.000_skin=1.000"": 3684, ""cutoff=6.000_skin=0.000"": 3684, ""cutoff=6.000_skin=0.250"": 4050, ""cutoff=6.000_skin=0.500"": 4484, ""cutoff=6.000_skin=1.000"": 5500}",0.0,,
OPT-MIX4-R256-v1,ac99f7f235977b62c7f867154f16d24041ba7ae2e5440b90e4b316254257ab0c,OPT-MIX4-R256-v1:0206,Aven12_19_372_z1,a72eb7c6ae42f72223584c4f4e0e8cd4f05f88c2b60338a44ce44fb4d2ce7b1a,206,T2_test,Aven12_19_372_z1.cif,cdc6797b9394bbeccd75ecb3414243ce1c60d45e2aabcb09db190bd5566c9a75,a72eb7c6ae42f72223584c4f4e0e8cd4f05f88c2b60338a44ce44fb4d2ce7b1a,0,184,"[""O"", ""C"", ""N"", ""C"", ""C"", ""C"", ""C"", ""C"", ""C"", ""N"", ""C"", ""C"", ""C"", ""C"", ""N"", ""C"", ""O"", ""N"", ""C"", ""C"", ""C"", ""C"", ""C"", ""C"", ""C"", ""N"", ""C"", ""O"", ""N"", ""C"", ""C"", ""C"", ""H"", ""H"", ""H"", ""H"", ""H"", ""H"", ""H"", ""H"", ""H"", ""H"", ""H"", ""H"", ""H"", ""H"", ""O"", ""C"", ""N"", ""C"", ""C"", ""C"", ""C"", ""C"", ""C"", ""N"", ""C"", ""C"", ""C"", ""C"", ""N"", ""C"", ""O"", ""N"", ""C"", ""C"", ""C"", ""C"", ""C"", ""C"", ""C"", ""N"", ""C"", ""O"", ""N"", ""C"", ""C"", ""C"", ""H"", ""H"", ""H"", ""H"", ""H"", ""H"", ""H"", ""H"", ""H"", ""H"", ""H"", ""H"", ""H"", ""H"", ""O"", ""C"", ""N"", ""C"", ""C"", ""C"", ""C"", ""C"", ""C"", ""N"", ""C"", ""C"", ""C"", ""C"", ""N"", ""C"", ""O"", ""N"", ""C"", ""C"", ""C"", ""C"", ""C"", ""C"", ""C"", ""N"", ""C"", ""O"", ""N"", ""C"", ""C"", ""C"", ""H"", ""H"", ""H"", ""H"", ""H"", ""H"", ""H"", ""H"", ""H"", ""H"", ""H"", ""H"", ""H"", ""H"", ""O"", ""C"", ""N"", ""C"", ""C"", ""C"", ""C"", ""C"", ""C"", ""N"", ""C"", ""C"", ""C"", ""C"", ""N"", ""C"", ""O"", ""N"", ""C"", ""C"", ""C"", ""C"", ""C"", ""C"", ""C"", ""N"", ""C"", ""O"", ""N"", ""C"", ""C"", ""C"", ""H"", ""H"", ""H"", ""H"", ""H"", ""H"", ""H"", ""H"", ""H"", ""H"", ""H"", ""H"", ""H"", ""H""]",C92H56N24O12,"[true, true, true]","[14.503771956989823, 0.0, 0.0, 0.0, 15.17852211019504, 0.0, 0.0, 0.0, 15.55843716852614]",3425.124960199434,[],"{""cutoff=4.500_skin=0.000"": 3848, ""cutoff=4.500_skin=0.250"": 4672, ""cutoff=4.500_skin=0.500"": 5352, ""cutoff=4.500_skin=1.000"": 6880, ""cutoff=5.000_skin=0.000"": 5352, ""cutoff=5.000_skin=0.250"": 6000, ""cutoff=5.000_skin=0.500"": 6880, ""cutoff=5.000_skin=1.000"": 8984, ""cutoff=6.000_skin=0.000"": 8984, ""cutoff=6.000_skin=0.250"": 9904, ""cutoff=6.000_skin=0.500"": 11112, ""cutoff=6.000_skin=1.000"": 13880}",0.0,,
OPT-MIX4-R256-v1,ac99f7f235977b62c7f867154f16d24041ba7ae2e5440b90e4b316254257ab0c,OPT-MIX4-R256-v1:0207,Aven12_148_2409_z1,effabe087148757988fae9d41588e07cf2db705f45e408a0b6b0b9582d4ec7c7,207,T2_test,Aven12_148_2409_z1.cif,02db5354b648640496010bf15c17238e075000ebf4bb6557ee72f4495098daa7,effabe087148757988fae9d41588e07cf2db705f45e408a0b6b0b9582d4ec7c7,0,276,"[""O"", ""C"", ""N"", ""C"", ""C"", ""C"", ""C"", ""C"", ""C"", ""N"", ""C"", ""C"", ""C"", ""C"", ""N"", ""C"", ""O"", ""N"", ""C"", ""C"", ""C"", ""C"", ""C"", ""C"", ""C"", ""N"", ""C"", ""O"", ""N"", ""C"", ""C"", ""C"", ""H"", ""H"", ""H"", ""H"", ""H"", ""H"", ""H"", ""H"", ""H"", ""H"", ""H"", ""H"", ""H"", ""H"", ""O"", ""C"", ""N"", ""C"", ""C"", ""C"", ""C"", ""C"", ""C"", ""N"", ""C"", ""C"", ""C"", ""C"", ""N"", ""C"", ""O"", ""N"", ""C"", ""C"", ""C"", ""C"", ""C"", ""C"", ""C"", ""N"", ""C"", ""O"", ""N"", ""C"", ""C"", ""C"", ""H"", ""H"", ""H"", ""H"", ""H"", ""H"", ""H"", ""H"", ""H"", ""H"", ""H"", ""H"", ""H"", ""H"", ""O"", ""C"", ""N"", ""C"", ""C"", ""C"", ""C"", ""C"", ""C"", ""N"", ""C"", ""C"", ""C"", ""C"", ""N"", ""C"", ""O"", ""N"", ""C"", ""C"", ""C"", ""C"", ""C"", ""C"", ""C"", ""N"", ""C"", ""O"", ""N"", ""C"", ""C"", ""C"", ""H"", ""H"", ""H"", ""H"", ""H"", ""H"", ""H"", ""H"", ""H"", ""H"", ""H"", ""H"", ""H"", ""H"", ""O"", ""C"", ""N"", ""C"", ""C"", ""C"", ""C"", ""C"", ""C"", ""N"", ""C"", ""C"", ""C"", ""C"", ""N"", ""C"", ""O"", ""N"", ""C"", ""C"", ""C"", ""C"", ""C"", ""C"", ""C"", ""N"", ""C"", ""O"", ""N"", ""C"", ""C"", ""C"", ""H"", ""H"", ""H"", ""H"", ""H"", ""H"", ""H"", ""H"", ""H"", ""H"", ""H"", ""H"", ""H"", ""H"", ""O"", ""C"", ""N"", ""C"", ""C"", ""C"", ""C"", ""C"", ""C"", ""N"", ""C"", ""C"", ""C"", ""C"", ""N"", ""C"", ""O"", ""N"", ""C"", ""C"", ""C"", ""C"", ""C"", ""C"", ""C"", ""N"", ""C"", ""O"", ""N"", ""C"", ""C"", ""C"", ""H"", ""H"", ""H"", ""H"", ""H"", ""H"", ""H"", ""H"", ""H"", ""H"", ""H"", ""H"", ""H"", ""H"", ""O"", ""C"", ""N"", ""C"", ""C"", ""C"", ""C"", ""C"", ""C"", ""N"", ""C"", ""C"", ""C"", ""C"", ""N"", ""C"", ""O"", ""N"", ""C"", ""C"", ""C"", ""C"", ""C"", ""C"", ""C"", ""N"", ""C"", ""O"", ""N"", ""C"", ""C"", ""C"", ""H"", ""H"", ""H"", ""H"", ""H"", ""H"", ""H"", ""H"", ""H"", ""H"", ""H"", ""H"", ""H"", ""H""]",C138H84N36O18,"[true, true, true]","[20.629226606890512, 0.0, 0.0, -4.645565004800704, 20.099346163112134, 0.0, -4.645565004800704, -5.841766516285659, 19.23167907786042]",7974.107381377224,[],"{""cutoff=4.500_skin=0.000"": 5472, ""cutoff=4.500_skin=0.250"": 6396, ""cutoff=4.500_skin=0.500"": 6948, ""cutoff=4.500_skin=1.000"": 8556, ""cutoff=5.000_skin=0.000"": 6948, ""cutoff=5.000_skin=0.250"": 7584, ""cutoff=5.000_skin=0.500"": 8556, ""cutoff=5.000_skin=1.000"": 10656, ""cutoff=6.000_skin=0.000"": 10656, ""cutoff=6.000_skin=0.250"": 11568, ""cutoff=6.000_skin=0.500"": 12852, ""cutoff=6.000_skin=1.000"": 15768}",0.0,,
OPT-MIX4-R256-v1,ac99f7f235977b62c7f867154f16d24041ba7ae2e5440b90e4b316254257ab0c,OPT-MIX4-R256-v1:0208,Aven12_1_74_z1,9231acf4c367e6b21f4c081847a6c34b6ed5ebf595e042efccd2f7250ad6e9da,208,T2_test,Aven12_1_74_z1.cif,c4d02c16d9b3657e0dd2bbadfa102811ad8b5bd8e3d6a07018c4dbea9a80873c,9231acf4c367e6b21f4c081847a6c34b6ed5ebf595e042efccd2f7250ad6e9da,0,46,"[""O"", ""C"", ""N"", ""C"", ""C"", ""C"", ""C"", ""C"", ""C"", ""N"", ""C"", ""C"", ""C"", ""C"", ""N"", ""C"", ""O"", ""N"", ""C"", ""C"", ""C"", ""C"", ""C"", ""C"", ""C"", ""N"", ""C"", ""O"", ""N"", ""C"", ""C"", ""C"", ""H"", ""H"", ""H"", ""H"", ""H"", ""H"", ""H"", ""H"", ""H"", ""H"", ""H"", ""H"", ""H"", ""H""]",C23H14N6O3,"[true, true, true]","[10.761849533587679, 0.0, 0.0, -0.7247900369964331, 9.853329785795898, 0.0, 0.8478668985857993, -2.0780244636474556, 10.951944327786288]",1161.344752147759,[],"{""cutoff=4.500_skin=0.000"": 886, ""cutoff=4.500_skin=0.250"": 1030, ""cutoff=4.500_skin=0.500"": 1118, ""cutoff=4.500_skin=1.000"": 1352, ""cutoff=5.000_skin=0.000"": 1118, ""cutoff=5.000_skin=0.250"": 1218, ""cutoff=5.000_skin=0.500"": 1352, ""cutoff=5.000_skin=1.000"": 1698, ""cutoff=6.000_skin=0.000"": 1698, ""cutoff=6.000_skin=0.250"": 1864, ""cutoff=6.000_skin=0.500"": 2052, ""cutoff=6.000_skin=1.000"": 2526}",0.0,,
OPT-MIX4-R256-v1,ac99f7f235977b62c7f867154f16d24041ba7ae2e5440b90e4b316254257ab0c,OPT-MIX4-R256-v1:0209,Aven12_4_666_z1,974bb11867af676d870f14ef31add7a90525c844d1e74df96dd212c7db30bcb1,209,T2_test,Aven12_4_666_z1.cif,b58c63f36b507f01f99bc9a2c764947b79bfd3c2cb737b643722dc9e1f227e4d,974bb11867af676d870f14ef31add7a90525c844d1e74df96dd212c7db30bcb1,0,92,"[""O"", ""C"", ""N"", ""C"", ""C"", ""C"", ""C"", ""C"", ""C"", ""N"", ""C"", ""C"", ""C"", ""C"", ""N"", ""C"", ""O"", ""N"", ""C"", ""C"", ""C"", ""C"", ""C"", ""C"", ""C"", ""N"", ""C"", ""O"", ""N"", ""C"", ""C"", ""C"", ""H"", ""H"", ""H"", ""H"", ""H"", ""H"", ""H"", ""H"", ""H"", ""H"", ""H"", ""H"", ""H"", ""H"", ""O"", ""C"", ""N"", ""C"", ""C"", ""C"", ""C"", ""C"", ""C"", ""N"", ""C"", ""C"", ""C"", ""C"", ""N"", ""C"", ""O"", ""N"", ""C"", ""C"", ""C"", ""C"", ""C"", ""C"", ""C"", ""N"", ""C"", ""O"", ""N"", ""C"", ""C"", ""C"", ""H"", ""H"", ""H"", ""H"", ""H"", ""H"", ""H"", ""H"", ""H"", ""H"", ""H"", ""H"", ""H"", ""H""]",C46H28N12O6,"[true, true, true]","[10.341521625571374, 0.0, 0.0, 0.0, 18.55121178146684, 0.0, 5.93593685885049, 0.0, 10.64040026867225]",2041.3369338371351,[],"{""cutoff=4.500_skin=0.000"": 1800, ""cutoff=4.500_skin=0.250"": 2088, ""cutoff=4.500_skin=0.500"": 2312, ""cutoff=4.500_skin=1.000"": 2900, ""cutoff=5.000_skin=0.000"": 2312, ""cutoff=5.000_skin=0.250"": 2560, ""cutoff=5.000_skin=0.500"": 2900, ""cutoff=5.000_skin=1.000"": 3744, ""cutoff=6.000_skin=0.000"": 3744, ""cutoff=6.000_skin=0.250"": 4112, ""cutoff=6.000_skin=0.500"": 4632, ""cutoff=6.000_skin=1.000"": 5796}",0.0,,
OPT-MIX4-R256-v1,ac99f7f235977b62c7f867154f16d24041ba7ae2e5440b90e4b316254257ab0c,OPT-MIX4-R256-v1:0210,Aven12_14_2082_z1,50fe735626e7cbe5c8cb2b48deae33377a6b515d55f3ba19661d2859b0533733,210,T2_test,Aven12_14_2082_z1.cif,5d923a6d44014d1f4b92c450cbea0ce56dae0745876f189060a8b8668a10722f,50fe735626e7cbe5c8cb2b48deae33377a6b515d55f3ba19661d2859b0533733,0,184,"[""O"", ""C"", ""N"", ""C"", ""C"", ""C"", ""C"", ""C"", ""C"", ""N"", ""C"", ""C"", ""C"", ""C"", ""N"", ""C"", ""O"", ""N"", ""C"", ""C"", ""C"", ""C"", ""C"", ""C"", ""C"", ""N"", ""C"", ""O"", ""N"", ""C"", ""C"", ""C"", ""H"", ""H"", ""H"", ""H"", ""H"", ""H"", ""H"", ""H"", ""H"", ""H"", ""H"", ""H"", ""H"", ""H"", ""O"", ""C"", ""N"", ""C"", ""C"", ""C"", ""C"", ""C"", ""C"", ""N"", ""C"", ""C"", ""C"", ""C"", ""N"", ""C"", ""O"", ""N"", ""C"", ""C"", ""C"", ""C"", ""C"", ""C"", ""C"", ""N"", ""C"", ""O"", ""N"", ""C"", ""C"", ""C"", ""H"", ""H"", ""H"", ""H"", ""H"", ""H"", ""H"", ""H"", ""H"", ""H"", ""H"", ""H"", ""H"", ""H"", ""O"", ""C"", ""N"", ""C"", ""C"", ""C"", ""C"", ""C"", ""C"", ""N"", ""C"", ""C"", ""C"", ""C"", ""N"", ""C"", ""O"", ""N"", ""C"", ""C"", ""C"", ""C"", ""C"", ""C"", ""C"", ""N"", ""C"", ""O"", ""N"", ""C"", ""C"", ""C"", ""H"", ""H"", ""H"", ""H"", ""H"", ""H"", ""H"", ""H"", ""H"", ""H"", ""H"", ""H"", ""H"", ""H"", ""O"", ""C"", ""N"", ""C"", ""C"", ""C"", ""C"", ""C"", ""C"", ""N"", ""C"", ""C"", ""C"", ""C"", ""N"", ""C"", ""O"", ""N"", ""C"", ""C"", ""C"", ""C"", ""C"", ""C"", ""C"", ""N"", ""C"", ""O"", ""N"", ""C"", ""C"", ""C"", ""H"", ""H"", ""H"", ""H"", ""H"", ""H"", ""H"", ""H"", ""H"", ""H"", ""H"", ""H"", ""H"", ""H""]",C92H56N24O12,"[true, true, true]","[18.273878282931378, 0.0, 0.0, 0.0, 9.709706868238264, 0.0, -13.085264337672532, 0.0, 25.646411902662027]",4550.5454873173985,[],"{""cutoff=4.500_skin=0.000"": 3472, ""cutoff=4.500_skin=0.250"": 4084, ""cutoff=4.500_skin=0.500"": 4492, ""cutoff=4.500_skin=1.000"": 5672, ""cutoff=5.000_skin=0.000"": 4492, ""cutoff=5.000_skin=0.250"": 4988, ""cutoff=5.000_skin=0.500"": 5672, ""cutoff=5.000_skin=1.000"": 7152, ""cutoff=6.000_skin=0.000"": 7152, ""cutoff=6.000_skin=0.250"": 7916, ""cutoff=6.000_skin=0.500"": 8812, ""cutoff=6.000_skin=1.000"": 10816}",0.0,,
OPT-MIX4-R256-v1,ac99f7f235977b62c7f867154f16d24041ba7ae2e5440b90e4b316254257ab0c,OPT-MIX4-R256-v1:0211,Aven12_148_1661_z1,def8fcf5aac1bf546c620a468b7f096ff189dd2345b15508130e32fdd20369ab,211,T2_test,Aven12_148_1661_z1.cif,f114f05f5e49b17ddcb92b29a939f809971121124145fa3f24ee46f3e6e73021,def8fcf5aac1bf546c620a468b7f096ff189dd2345b15508130e32fdd20369ab,0,276,"[""O"", ""C"", ""N"", ""C"", ""C"", ""C"", ""C"", ""C"", ""C"", ""N"", ""C"", ""C"", ""C"", ""C"", ""N"", ""C"", ""O"", ""N"", ""C"", ""C"", ""C"", ""C"", ""C"", ""C"", ""C"", ""N"", ""C"", ""O"", ""N"", ""C"", ""C"", ""C"", ""H"", ""H"", ""H"", ""H"", ""H"", ""H"", ""H"", ""H"", ""H"", ""H"", ""H"", ""H"", ""H"", ""H"", ""O"", ""C"", ""N"", ""C"", ""C"", ""C"", ""C"", ""C"", ""C"", ""N"", ""C"", ""C"", ""C"", ""C"", ""N"", ""C"", ""O"", ""N"", ""C"", ""C"", ""C"", ""C"", ""C"", ""C"", ""C"", ""N"", ""C"", ""O"", ""N"", ""C"", ""C"", ""C"", ""H"", ""H"", ""H"", ""H"", ""H"", ""H"", ""H"", ""H"", ""H"", ""H"", ""H"", ""H"", ""H"", ""H"", ""O"", ""C"", ""N"", ""C"", ""C"", ""C"", ""C"", ""C"", ""C"", ""N"", ""C"", ""C"", ""C"", ""C"", ""N"", ""C"", ""O"", ""N"", ""C"", ""C"", ""C"", ""C"", ""C"", ""C"", ""C"", ""N"", ""C"", ""O"", ""N"", ""C"", ""C"", ""C"", ""H"", ""H"", ""H"", ""H"", ""H"", ""H"", ""H"", ""H"", ""H"", ""H"", ""H"", ""H"", ""H"", ""H"", ""O"", ""C"", ""N"", ""C"", ""C"", ""C"", ""C"", ""C"", ""C"", ""N"", ""C"", ""C"", ""C"", ""C"", ""N"", ""C"", ""O"", ""N"", ""C"", ""C"", ""C"", ""C"", ""C"", ""C"", ""C"", ""N"", ""C"", ""O"", ""N"", ""C"", ""C"", ""C"", ""H"", ""H"", ""H"", ""H"", ""H"", ""H"", ""H"", ""H"", ""H"", ""H"", ""H"", ""H"", ""H"", ""H"", ""O"", ""C"", ""N"", ""C"", ""C"", ""C"", ""C"", ""C"", ""C"", ""N"", ""C"", ""C"", ""C"", ""C"", ""N"", ""C"", ""O"", ""N"", ""C"", ""C"", ""C"", ""C"", ""C"", ""C"", ""C"", ""N"", ""C"", ""O"", ""N"", ""C"", ""C"", ""C"", ""H"", ""H"", ""H"", ""H"", ""H"", ""H"", ""H"", ""H"", ""H"", ""H"", ""H"", ""H"", ""H"", ""H"", ""O"", ""C"", ""N"", ""C"", ""C"", ""C"", ""C"", ""C"", ""C"", ""N"", ""C"", ""C"", ""C"", ""C"", ""N"", ""C"", ""O"", ""N"", ""C"", ""C"", ""C"", ""C"", ""C"", ""C"", ""C"", ""N"", ""C"", ""O"", ""N"", ""C"", ""C"", ""C"", ""H"", ""H"", ""H"", ""H"", ""H"", ""H"", ""H"", ""H"", ""H"", ""H"", ""H"", ""H"", ""H"", ""H""]",C138H84N36O18,"[true, true, true]","[26.109413498898583, 0.0, 0.0, -4.488785067813024, 25.72065865936264, 0.0, -4.488785067813024, -5.340016313238397, 25.16021676468218]",16896.37658862413,[],"{""cutoff=4.500_skin=0.000"": 4692, ""cutoff=4.500_skin=0.250"": 5442, ""cutoff=4.500_skin=0.500"": 5742, ""cutoff=4.500_skin=1.000"": 6558, ""cutoff=5.000_skin=0.000"": 5742, ""cutoff=5.000_skin=0.250"": 6090, ""cutoff=5.000_skin=0.500"": 6558, ""cutoff=5.000_skin=1.000"": 7734, ""cutoff=6.000_skin=0.000"": 7734, ""cutoff=6.000_skin=0.250"": 8220, ""cutoff=6.000_skin=0.500"": 8952, ""cutoff=6.000_skin=1.000"": 10698}",0.0,,
OPT-MIX4-R256-v1,ac99f7f235977b62c7f867154f16d24041ba7ae2e5440b90e4b316254257ab0c,OPT-MIX4-R256-v1:0212,Aven12_1_430_z1,729b76f6a4f331dc20bbc80532809d933a5f9a90b067694a259bc028467873d6,212,T2_test,Aven12_1_430_z1.cif,53417f024a99e40c85346260684be58e81f331e500a0a3d9226fa511c58fa51e,729b76f6a4f331dc20bbc80532809d933a5f9a90b067694a259bc028467873d6,0,46,"[""O"", ""C"", ""N"", ""C"", ""C"", ""C"", ""C"", ""C"", ""C"", ""N"", ""C"", ""C"", ""C"", ""C"", ""N"", ""C"", ""O"", ""N"", ""C"", ""C"", ""C"", ""C"", ""C"", ""C"", ""C"", ""N"", ""C"", ""O"", ""N"", ""C"", ""C"", ""C"", ""H"", ""H"", ""H"", ""H"", ""H"", ""H"", ""H"", ""H"", ""H"", ""H"", ""H"", ""H"", ""H"", ""H""]",C23H14N6O3,"[true, true, true]","[10.945535926707656, 0.0, 0.0, 4.34256480635395, 12.42699813711276, 0.0, 0.797764753283806, -7.226232589547366, 8.207167350967673]",1116.340171667841,[],"{""cutoff=4.500_skin=0.000"": 866, ""cutoff=4.500_skin=0.250"": 1028, ""cutoff=4.500_skin=0.500"": 1134, ""cutoff=4.500_skin=1.000"": 1392, ""cutoff=5.000_skin=0.000"": 1134, ""cutoff=5.000_skin=0.250"": 1234, ""cutoff=5.000_skin=0.500"": 1392, ""cutoff=5.000_skin=1.000"": 1730, ""cutoff=6.000_skin=0.000"": 1730, ""cutoff=6.000_skin=0.250"": 1918, ""cutoff=6.000_skin=0.500"": 2136, ""cutoff=6.000_skin=1.000"": 2658}",0.0,,
OPT-MIX4-R256-v1,ac99f7f235977b62c7f867154f16d24041ba7ae2e5440b90e4b316254257ab0c,OPT-MIX4-R256-v1:0213,Aven12_4_376_z1,6f9ab0095f76083899a106d074f32b7106f4b7575ae21b03d0db0feeb94fde36,213,T2_test,Aven12_4_376_z1.cif,0498efb427946c9717921a3f27d5d939f500d499fbec67eeebd62767b6d651e4,6f9ab0095f76083899a106d074f32b7106f4b7575ae21b03d0db0feeb94fde36,0,92,"[""O"", ""C"", ""N"", ""C"", ""C"", ""C"", ""C"", ""C"", ""C"", ""N"", ""C"", ""C"", ""C"", ""C"", ""N"", ""C"", ""O"", ""N"", ""C"", ""C"", ""C"", ""C"", ""C"", ""C"", ""C"", ""N"", ""C"", ""O"", ""N"", ""C"", ""C"", ""C"", ""H"", ""H"", ""H"", ""H"", ""H"", ""H"", ""H"", ""H"", ""H"", ""H"", ""H"", ""H"", ""H"", ""H"", ""O"", ""C"", ""N"", ""C"", ""C"", ""C"", ""C"", ""C"", ""C"", ""N"", ""C"", ""C"", ""C"", ""C"", ""N"", ""C"", ""O"", ""N"", ""C"", ""C"", ""C"", ""C"", ""C"", ""C"", ""C"", ""N"", ""C"", ""O"", ""N"", ""C"", ""C"", ""C"", ""H"", ""H"", ""H"", ""H"", ""H"", ""H"", ""H"", ""H"", ""H"", ""H"", ""H"", ""H"", ""H"", ""H""]",C46H28N12O6,"[true, true, true]","[11.958739555357631, 0.0, 0.0, 0.0, 12.364078132182332, 0.0, -0.3734752283750548, 0.0, 12.319205195565747]",1821.5027767481756,[],"{""cutoff=4.500_skin=0.000"": 1852, ""cutoff=4.500_skin=0.250"": 2240, ""cutoff=4.500_skin=0.500"": 2500, ""cutoff=4.500_skin=1.000"": 3176, ""cutoff=5.000_skin=0.000"": 2500, ""cutoff=5.000_skin=0.250"": 2804, ""cutoff=5.000_skin=0.500"": 3176, ""cutoff=5.000_skin=1.000"": 4036, ""cutoff=6.000_skin=0.000"": 4036, ""cutoff=6.000_skin=0.250"": 4468, ""cutoff=6.000_skin=0.500"": 5032, ""cutoff=6.000_skin=1.000"": 6500}",0.0,,
OPT-MIX4-R256-v1,ac99f7f235977b62c7f867154f16d24041ba7ae2e5440b90e4b316254257ab0c,OPT-MIX4-R256-v1:0214,Aven12_5_358_z1,77c2c031832298c77b8da8daa7539a3557c01427b78ef336cadad288bcf28a4e,214,T2_test,Aven12_5_358_z1.cif,de325507e1a7324d55ef0fe6667183b567dadea3f9479c8e766916db9f954213,77c2c031832298c77b8da8daa7539a3557c01427b78ef336cadad288bcf28a4e,0,184,"[""O"", ""C"", ""N"", ""C"", ""C"", ""C"", ""C"", ""C"", ""C"", ""N"", ""C"", ""C"", ""C"", ""C"", ""N"", ""C"", ""O"", ""N"", ""C"", ""C"", ""C"", ""C"", ""C"", ""C"", ""C"", ""N"", ""C"", ""O"", ""N"", ""C"", ""C"", ""C"", ""H"", ""H"", ""H"", ""H"", ""H"", ""H"", ""H"", ""H"", ""H"", ""H"", ""H"", ""H"", ""H"", ""H"", ""O"", ""C"", ""N"", ""C"", ""C"", ""C"", ""C"", ""C"", ""C"", ""N"", ""C"", ""C"", ""C"", ""C"", ""N"", ""C"", ""O"", ""N"", ""C"", ""C"", ""C"", ""C"", ""C"", ""C"", ""C"", ""N"", ""C"", ""O"", ""N"", ""C"", ""C"", ""C"", ""H"", ""H"", ""H"", ""H"", ""H"", ""H"", ""H"", ""H"", ""H"", ""H"", ""H"", ""H"", ""H"", ""H"", ""O"", ""C"", ""N"", ""C"", ""C"", ""C"", ""C"", ""C"", ""C"", ""N"", ""C"", ""C"", ""C"", ""C"", ""N"", ""C"", ""O"", ""N"", ""C"", ""C"", ""C"", ""C"", ""C"", ""C"", ""C"", ""N"", ""C"", ""O"", ""N"", ""C"", ""C"", ""C"", ""H"", ""H"", ""H"", ""H"", ""H"", ""H"", ""H"", ""H"", ""H"", ""H"", ""H"", ""H"", ""H"", ""H"", ""O"", ""C"", ""N"", ""C"", ""C"", ""C"", ""C"", ""C"", ""C"", ""N"", ""C"", ""C"", ""C"", ""C"", ""N"", ""C"", ""O"", ""N"", ""C"", ""C"", ""C"", ""C"", ""C"", ""C"", ""C"", ""N"", ""C"", ""O"", ""N"", ""C"", ""C"", ""C"", ""H"", ""H"", ""H"", ""H"", ""H"", ""H"", ""H"", ""H"", ""H"", ""H"", ""H"", ""H"", ""H"", ""H""]",C92H56N24O12,"[true, true, true]","[23.76989780339926, 0.0, 0.0, 0.0, 13.778542214444938, 0.0, -3.895351448464736, 0.0, 15.895336032988123]",5205.9536740311905,[],"{""cutoff=4.500_skin=0.000"": 3308, ""cutoff=4.500_skin=0.250"": 3804, ""cutoff=4.500_skin=0.500"": 4244, ""cutoff=4.500_skin=1.000"": 5036, ""cutoff=5.000_skin=0.000"": 4244, ""cutoff=5.000_skin=0.250"": 4552, ""cutoff=5.000_skin=0.500"": 5036, ""cutoff=5.000_skin=1.000"": 6188, ""cutoff=6.000_skin=0.000"": 6188, ""cutoff=6.000_skin=0.250"": 6800, ""cutoff=6.000_skin=0.500"": 7544, ""cutoff=6.000_skin=1.000"": 9292}",0.0,,
OPT-MIX4-R256-v1,ac99f7f235977b62c7f867154f16d24041ba7ae2e5440b90e4b316254257ab0c,OPT-MIX4-R256-v1:0215,Aven12_148_184_z1,e42b92f67a69c5872d9dfe3e114971d6ed81214f405538c3d35bb8680e321d1d,215,T2_test,Aven12_148_184_z1.cif,ef3b7452f5a6929841cc39273b1debd8bb69f5f78dd9069beba82605ce8048f9,e42b92f67a69c5872d9dfe3e114971d6ed81214f405538c3d35bb8680e321d1d,0,276,"[""O"", ""C"", ""N"", ""C"", ""C"", ""C"", ""C"", ""C"", ""C"", ""N"", ""C"", ""C"", ""C"", ""C"", ""N"", ""C"", ""O"", ""N"", ""C"", ""C"", ""C"", ""C"", ""C"", ""C"", ""C"", ""N"", ""C"", ""O"", ""N"", ""C"", ""C"", ""C"", ""H"", ""H"", ""H"", ""H"", ""H"", ""H"", ""H"", ""H"", ""H"", ""H"", ""H"", ""H"", ""H"", ""H"", ""O"", ""C"", ""N"", ""C"", ""C"", ""C"", ""C"", ""C"", ""C"", ""N"", ""C"", ""C"", ""C"", ""C"", ""N"", ""C"", ""O"", ""N"", ""C"", ""C"", ""C"", ""C"", ""C"", ""C"", ""C"", ""N"", ""C"", ""O"", ""N"", ""C"", ""C"", ""C"", ""H"", ""H"", ""H"", ""H"", ""H"", ""H"", ""H"", ""H"", ""H"", ""H"", ""H"", ""H"", ""H"", ""H"", ""O"", ""C"", ""N"", ""C"", ""C"", ""C"", ""C"", ""C"", ""C"", ""N"", ""C"", ""C"", ""C"", ""C"", ""N"", ""C"", ""O"", ""N"", ""C"", ""C"", ""C"", ""C"", ""C"", ""C"", ""C"", ""N"", ""C"", ""O"", ""N"", ""C"", ""C"", ""C"", ""H"", ""H"", ""H"", ""H"", ""H"", ""H"", ""H"", ""H"", ""H"", ""H"", ""H"", ""H"", ""H"", ""H"", ""O"", ""C"", ""N"", ""C"", ""C"", ""C"", ""C"", ""C"", ""C"", ""N"", ""C"", ""C"", ""C"", ""C"", ""N"", ""C"", ""O"", ""N"", ""C"", ""C"", ""C"", ""C"", ""C"", ""C"", ""C"", ""N"", ""C"", ""O"", ""N"", ""C"", ""C"", ""C"", ""H"", ""H"", ""H"", ""H"", ""H"", ""H"", ""H"", ""H"", ""H"", ""H"", ""H"", ""H"", ""H"", ""H"", ""O"", ""C"", ""N"", ""C"", ""C"", ""C"", ""C"", ""C"", ""C"", ""N"", ""C"", ""C"", ""C"", ""C"", ""N"", ""C"", ""O"", ""N"", ""C"", ""C"", ""C"", ""C"", ""C"", ""C"", ""C"", ""N"", ""C"", ""O"", ""N"", ""C"", ""C"", ""C"", ""H"", ""H"", ""H"", ""H"", ""H"", ""H"", ""H"", ""H"", ""H"", ""H"", ""H"", ""H"", ""H"", ""H"", ""O"", ""C"", ""N"", ""C"", ""C"", ""C"", ""C"", ""C"", ""C"", ""N"", ""C"", ""C"", ""C"", ""C"", ""N"", ""C"", ""O"", ""N"", ""C"", ""C"", ""C"", ""C"", ""C"", ""C"", ""C"", ""N"", ""C"", ""O"", ""N"", ""C"", ""C"", ""C"", ""H"", ""H"", ""H"", ""H"", ""H"", ""H"", ""H"", ""H"", ""H"", ""H"", ""H"", ""H"", ""H"", ""H""]",C138H84N36O18,"[true, true, true]","[30.753196435013074, 0.0, 0.0, 5.5409272258861195, 30.249912668434842, 0.0, 5.5409272258861195, 4.618173626431498, 29.895312154317228]",27811.056026243896,[],"{""cutoff=4.500_skin=0.000"": 4920, ""cutoff=4.500_skin=0.250"": 5652, ""cutoff=4.500_skin=0.500"": 6048, ""cutoff=4.500_skin=1.000"": 6948, ""cutoff=5.000_skin=0.000"": 6048, ""cutoff=5.000_skin=0.250"": 6516, ""cutoff=5.000_skin=0.500"": 6948, ""cutoff=5.000_skin=1.000"": 8304, ""cutoff=6.000_skin=0.000"": 8304, ""cutoff=6.000_skin=0.250"": 8784, ""cutoff=6.000_skin=0.500"": 9528, ""cutoff=6.000_skin=1.000"": 11484}",0.0,,
OPT-MIX4-R256-v1,ac99f7f235977b62c7f867154f16d24041ba7ae2e5440b90e4b316254257ab0c,OPT-MIX4-R256-v1:0216,Aven12_1_303_z1,98df46c5e2d8e75ad165b36a0bb5445dd7859c05914114264c72e79bc8d235b5,216,T2_test,Aven12_1_303_z1.cif,faad2e6ea81a895a8be5ec5c18ba471385beb3f3247d530d4364f82bef490d08,98df46c5e2d8e75ad165b36a0bb5445dd7859c05914114264c72e79bc8d235b5,0,46,"[""O"", ""C"", ""N"", ""C"", ""C"", ""C"", ""C"", ""C"", ""C"", ""N"", ""C"", ""C"", ""C"", ""C"", ""N"", ""C"", ""O"", ""N"", ""C"", ""C"", ""C"", ""C"", ""C"", ""C"", ""C"", ""N"", ""C"", ""O"", ""N"", ""C"", ""C"", ""C"", ""H"", ""H"", ""H"", ""H"", ""H"", ""H"", ""H"", ""H"", ""H"", ""H"", ""H"", ""H"", ""H"", ""H""]",C23H14N6O3,"[true, true, true]","[12.337437654205388, 0.0, 0.0, -4.4606234710192245, 10.209307587404204, 0.0, -0.8788977015477558, -5.3012294399923965, 7.503709395016756]",945.1424420314617,[],"{""cutoff=4.500_skin=0.000"": 884, ""cutoff=4.500_skin=0.250"": 1020, ""cutoff=4.500_skin=0.500"": 1138, ""cutoff=4.500_skin=1.000"": 1464, ""cutoff=5.000_skin=0.000"": 1138, ""cutoff=5.000_skin=0.250"": 1270, ""cutoff=5.000_skin=0.500"": 1464, ""cutoff=5.000_skin=1.000"": 1920, ""cutoff=6.000_skin=0.000"": 1920, ""cutoff=6.000_skin=0.250"": 2138, ""cutoff=6.000_skin=0.500"": 2384, ""cutoff=6.000_skin=1.000"": 3108}",0.0,,
OPT-MIX4-R256-v1,ac99f7f235977b62c7f867154f16d24041ba7ae2e5440b90e4b316254257ab0c,OPT-MIX4-R256-v1:0217,Aven12_4_629_z1,295de68096064e093a2b62a6c550e602d4a830755046f10d87a2561f94f72cce,217,T2_test,Aven12_4_629_z1.cif,d72d15a228d87e60fbc6f9736b23e4e10988105cad66d2bde87819dd20dd68bc,295de68096064e093a2b62a6c550e602d4a830755046f10d87a2561f94f72cce,0,92,"[""O"", ""C"", ""N"", ""C"", ""C"", ""C"", ""C"", ""C"", ""C"", ""N"", ""C"", ""C"", ""C"", ""C"", ""N"", ""C"", ""O"", ""N"", ""C"", ""C"", ""C"", ""C"", ""C"", ""C"", ""C"", ""N"", ""C"", ""O"", ""N"", ""C"", ""C"", ""C"", ""H"", ""H"", ""H"", ""H"", ""H"", ""H"", ""H"", ""H"", ""H"", ""H"", ""H"", ""H"", ""H"", ""H"", ""O"", ""C"", ""N"", ""C"", ""C"", ""C"", ""C"", ""C"", ""C"", ""N"", ""C"", ""C"", ""C"", ""C"", ""N"", ""C"", ""O"", ""N"", ""C"", ""C"", ""C"", ""C"", ""C"", ""C"", ""C"", ""N"", ""C"", ""O"", ""N"", ""C"", ""C"", ""C"", ""H"", ""H"", ""H"", ""H"", ""H"", ""H"", ""H"", ""H"", ""H"", ""H"", ""H"", ""H"", ""H"", ""H""]",C46H28N12O6,"[true, true, true]","[10.289999278036646, 0.0, 0.0, 0.0, 21.378927165714167, 0.0, 3.707226419053356, 0.0, 10.868873706894108]",2391.034234983817,[],"{""cutoff=4.500_skin=0.000"": 1776, ""cutoff=4.500_skin=0.250"": 2108, ""cutoff=4.500_skin=0.500"": 2296, ""cutoff=4.500_skin=1.000"": 2816, ""cutoff=5.000_skin=0.000"": 2296, ""cutoff=5.000_skin=0.250"": 2520, ""cutoff=5.000_skin=0.500"": 2816, ""cutoff=5.000_skin=1.000"": 3496, ""cutoff=6.000_skin=0.000"": 3496, ""cutoff=6.000_skin=0.250"": 3832, ""cutoff=6.000_skin=0.500"": 4272, ""cutoff=6.000_skin=1.000"": 5212}",0.0,,
OPT-MIX4-R256-v1,ac99f7f235977b62c7f867154f16d24041ba7ae2e5440b90e4b316254257ab0c,OPT-MIX4-R256-v1:0218,Aven12_33_151_z1,6c4112447cc24d2146904b496ef3050f500910b050a9842bfa9a3fb48ef48231,218,T2_test,Aven12_33_151_z1.cif,4c60afc76b468d10571bbdec66d9cc8685ac4913ec108f61125f818e09b3c5b9,6c4112447cc24d2146904b496ef3050f500910b050a9842bfa9a3fb48ef48231,0,184,"[""O"", ""C"", ""N"", ""C"", ""C"", ""C"", ""C"", ""C"", ""C"", ""N"", ""C"", ""C"", ""C"", ""C"", ""N"", ""C"", ""O"", ""N"", ""C"", ""C"", ""C"", ""C"", ""C"", ""C"", ""C"", ""N"", ""C"", ""O"", ""N"", ""C"", ""C"", ""C"", ""H"", ""H"", ""H"", ""H"", ""H"", ""H"", ""H"", ""H"", ""H"", ""H"", ""H"", ""H"", ""H"", ""H"", ""O"", ""C"", ""N"", ""C"", ""C"", ""C"", ""C"", ""C"", ""C"", ""N"", ""C"", ""C"", ""C"", ""C"", ""N"", ""C"", ""O"", ""N"", ""C"", ""C"", ""C"", ""C"", ""C"", ""C"", ""C"", ""N"", ""C"", ""O"", ""N"", ""C"", ""C"", ""C"", ""H"", ""H"", ""H"", ""H"", ""H"", ""H"", ""H"", ""H"", ""H"", ""H"", ""H"", ""H"", ""H"", ""H"", ""O"", ""C"", ""N"", ""C"", ""C"", ""C"", ""C"", ""C"", ""C"", ""N"", ""C"", ""C"", ""C"", ""C"", ""N"", ""C"", ""O"", ""N"", ""C"", ""C"", ""C"", ""C"", ""C"", ""C"", ""C"", ""N"", ""C"", ""O"", ""N"", ""C"", ""C"", ""C"", ""H"", ""H"", ""H"", ""H"", ""H"", ""H"", ""H"", ""H"", ""H"", ""H"", ""H"", ""H"", ""H"", ""H"", ""O"", ""C"", ""N"", ""C"", ""C"", ""C"", ""C"", ""C"", ""C"", ""N"", ""C"", ""C"", ""C"", ""C"", ""N"", ""C"", ""O"", ""N"", ""C"", ""C"", ""C"", ""C"", ""C"", ""C"", ""C"", ""N"", ""C"", ""O"", ""N"", ""C"", ""C"", ""C"", ""H"", ""H"", ""H"", ""H"", ""H"", ""H"", ""H"", ""H"", ""H"", ""H"", ""H"", ""H"", ""H"", ""H""]",C92H56N24O12,"[true, true, true]","[20.92701905935617, 0.0, 0.0, 0.0, 15.581739565297589, 0.0, 0.0, 0.0, 14.743776856543064]",4807.641334057393,[],"{""cutoff=4.500_skin=0.000"": 3560, ""cutoff=4.500_skin=0.250"": 4088, ""cutoff=4.500_skin=0.500"": 4504, ""cutoff=4.500_skin=1.000"": 5560, ""cutoff=5.000_skin=0.000"": 4504, ""cutoff=5.000_skin=0.250"": 4984, ""cutoff=5.000_skin=0.500"": 5560, ""cutoff=5.000_skin=1.000"": 6912, ""cutoff=6.000_skin=0.000"": 6912, ""cutoff=6.000_skin=0.250"": 7488, ""cutoff=6.000_skin=0.500"": 8280, ""cutoff=6.000_skin=1.000"": 10160}",0.0,,
OPT-MIX4-R256-v1,ac99f7f235977b62c7f867154f16d24041ba7ae2e5440b90e4b316254257ab0c,OPT-MIX4-R256-v1:0219,Aven12_148_1942_z1,e579e2df0d7f546ed7c6f7e95b846b5bac5196645adbc723764c4e0f1b50a04f,219,T2_test,Aven12_148_1942_z1.cif,589e5fb804f0a49148300d3bf61e3978bc6a1b80c000269df21c6582d35d9ae8,e579e2df0d7f546ed7c6f7e95b846b5bac5196645adbc723764c4e0f1b50a04f,0,276,"[""O"", ""C"", ""N"", ""C"", ""C"", ""C"", ""C"", ""C"", ""C"", ""N"", ""C"", ""C"", ""C"", ""C"", ""N"", ""C"", ""O"", ""N"", ""C"", ""C"", ""C"", ""C"", ""C"", ""C"", ""C"", ""N"", ""C"", ""O"", ""N"", ""C"", ""C"", ""C"", ""H"", ""H"", ""H"", ""H"", ""H"", ""H"", ""H"", ""H"", ""H"", ""H"", ""H"", ""H"", ""H"", ""H"", ""O"", ""C"", ""N"", ""C"", ""C"", ""C"", ""C"", ""C"", ""C"", ""N"", ""C"", ""C"", ""C"", ""C"", ""N"", ""C"", ""O"", ""N"", ""C"", ""C"", ""C"", ""C"", ""C"", ""C"", ""C"", ""N"", ""C"", ""O"", ""N"", ""C"", ""C"", ""C"", ""H"", ""H"", ""H"", ""H"", ""H"", ""H"", ""H"", ""H"", ""H"", ""H"", ""H"", ""H"", ""H"", ""H"", ""O"", ""C"", ""N"", ""C"", ""C"", ""C"", ""C"", ""C"", ""C"", ""N"", ""C"", ""C"", ""C"", ""C"", ""N"", ""C"", ""O"", ""N"", ""C"", ""C"", ""C"", ""C"", ""C"", ""C"", ""C"", ""N"", ""C"", ""O"", ""N"", ""C"", ""C"", ""C"", ""H"", ""H"", ""H"", ""H"", ""H"", ""H"", ""H"", ""H"", ""H"", ""H"", ""H"", ""H"", ""H"", ""H"", ""O"", ""C"", ""N"", ""C"", ""C"", ""C"", ""C"", ""C"", ""C"", ""N"", ""C"", ""C"", ""C"", ""C"", ""N"", ""C"", ""O"", ""N"", ""C"", ""C"", ""C"", ""C"", ""C"", ""C"", ""C"", ""N"", ""C"", ""O"", ""N"", ""C"", ""C"", ""C"", ""H"", ""H"", ""H"", ""H"", ""H"", ""H"", ""H"", ""H"", ""H"", ""H"", ""H"", ""H"", ""H"", ""H"", ""O"", ""C"", ""N"", ""C"", ""C"", ""C"", ""C"", ""C"", ""C"", ""N"", ""C"", ""C"", ""C"", ""C"", ""N"", ""C"", ""O"", ""N"", ""C"", ""C"", ""C"", ""C"", ""C"", ""C"", ""C"", ""N"", ""C"", ""O"", ""N"", ""C"", ""C"", ""C"", ""H"", ""H"", ""H"", ""H"", ""H"", ""H"", ""H"", ""H"", ""H"", ""H"", ""H"", ""H"", ""H"", ""H"", ""O"", ""C"", ""N"", ""C"", ""C"", ""C"", ""C"", ""C"", ""C"", ""N"", ""C"", ""C"", ""C"", ""C"", ""N"", ""C"", ""O"", ""N"", ""C"", ""C"", ""C"", ""C"", ""C"", ""C"", ""C"", ""N"", ""C"", ""O"", ""N"", ""C"", ""C"", ""C"", ""H"", ""H"", ""H"", ""H"", ""H"", ""H"", ""H"", ""H"", ""H"", ""H"", ""H"", ""H"", ""H"", ""H""]",C138H84N36O18,"[true, true, true]","[25.735389620361715, 0.0, 0.0, 14.62472419264582, 21.176112041658207, 0.0, 14.62472419264582, 7.673288522343231, 19.736979618313875]",10756.170218279074,[],"{""cutoff=4.500_skin=0.000"": 4734, ""cutoff=4.500_skin=0.250"": 5490, ""cutoff=4.500_skin=0.500"": 5922, ""cutoff=4.500_skin=1.000"": 6990, ""cutoff=5.000_skin=0.000"": 5922, ""cutoff=5.000_skin=0.250"": 6354, ""cutoff=5.000_skin=0.500"": 6990, ""cutoff=5.000_skin=1.000"": 8616, ""cutoff=6.000_skin=0.000"": 8616, ""cutoff=6.000_skin=0.250"": 9336, ""cutoff=6.000_skin=0.500"": 10272, ""cutoff=6.000_skin=1.000"": 12912}",0.0,,
OPT-MIX4-R256-v1,ac99f7f235977b62c7f867154f16d24041ba7ae2e5440b90e4b316254257ab0c,OPT-MIX4-R256-v1:0220,Aven12_1_283_z1,bef32f2e6e50dea8a461cbe26c90a37ca9e2a8fdeab89b04064f9faa610b5d1e,220,T2_test,Aven12_1_283_z1.cif,a5b98e965c710dcad9c83f1d169a1d43a20f9e2115de4b63fa9c4ecc8e4a5c46,bef32f2e6e50dea8a461cbe26c90a37ca9e2a8fdeab89b04064f9faa610b5d1e,0,46,"[""O"", ""C"", ""N"", ""C"", ""C"", ""C"", ""C"", ""C"", ""C"", ""N"", ""C"", ""C"", ""C"", ""C"", ""N"", ""C"", ""O"", ""N"", ""C"", ""C"", ""C"", ""C"", ""C"", ""C"", ""C"", ""N"", ""C"", ""O"", ""N"", ""C"", ""C"", ""C"", ""H"", ""H"", ""H"", ""H"", ""H"", ""H"", ""H"", ""H"", ""H"", ""H"", ""H"", ""H"", ""H"", ""H""]",C23H14N6O3,"[true, true, true]","[10.21126004415214, 0.0, 0.0, 0.1305512113264684, 12.052379893611038, 0.0, -4.745457792460786, 5.474716664466793, 8.420585535209415]",1036.3213375688874,[],"{""cutoff=4.500_skin=0.000"": 872, ""cutoff=4.500_skin=0.250"": 1012, ""cutoff=4.500_skin=0.500"": 1108, ""cutoff=4.500_skin=1.000"": 1378, ""cutoff=5.000_skin=0.000"": 1108, ""cutoff=5.000_skin=0.250"": 1220, ""cutoff=5.000_skin=0.500"": 1378, ""cutoff=5.000_skin=1.000"": 1790, ""cutoff=6.000_skin=0.000"": 1790, ""cutoff=6.000_skin=0.250"": 2002, ""cutoff=6.000_skin=0.500"": 2252, ""cutoff=6.000_skin=1.000"": 2842}",0.0,,
OPT-MIX4-R256-v1,ac99f7f235977b62c7f867154f16d24041ba7ae2e5440b90e4b316254257ab0c,OPT-MIX4-R256-v1:0221,Aven12_2_1911_z1,da5739f0de6808438c5742be74ec4188270f3fcdce2ebe071deafca63402c38b,221,T2_test,Aven12_2_1911_z1.cif,5fcb3f669a487908755a0b3113f08943b49d4c14415efed475eb1627befb5a3c,da5739f0de6808438c5742be74ec4188270f3fcdce2ebe071deafca63402c38b,0,92,"[""O"", ""C"", ""N"", ""C"", ""C"", ""C"", ""C"", ""C"", ""C"", ""N"", ""C"", ""C"", ""C"", ""C"", ""N"", ""C"", ""O"", ""N"", ""C"", ""C"", ""C"", ""C"", ""C"", ""C"", ""C"", ""N"", ""C"", ""O"", ""N"", ""C"", ""C"", ""C"", ""H"", ""H"", ""H"", ""H"", ""H"", ""H"", ""H"", ""H"", ""H"", ""H"", ""H"", ""H"", ""H"", ""H"", ""O"", ""C"", ""N"", ""C"", ""C"", ""C"", ""C"", ""C"", ""C"", ""N"", ""C"", ""C"", ""C"", ""C"", ""N"", ""C"", ""O"", ""N"", ""C"", ""C"", ""C"", ""C"", ""C"", ""C"", ""C"", ""N"", ""C"", ""O"", ""N"", ""C"", ""C"", ""C"", ""H"", ""H"", ""H"", ""H"", ""H"", ""H"", ""H"", ""H"", ""H"", ""H"", ""H"", ""H"", ""H"", ""H""]",C46H28N12O6,"[true, true, true]","[13.80286659923398, 0.0, 0.0, 1.615704113874534, 17.982974620243034, 0.0, 3.6276426955127783, -0.7207936921290901, 12.042715080793714]",2989.2017889997614,[],"{""cutoff=4.500_skin=0.000"": 1706, ""cutoff=4.500_skin=0.250"": 1986, ""cutoff=4.500_skin=0.500"": 2148, ""cutoff=4.500_skin=1.000"": 2528, ""cutoff=5.000_skin=0.000"": 2148, ""cutoff=5.000_skin=0.250"": 2300, ""cutoff=5.000_skin=0.500"": 2528, ""cutoff=5.000_skin=1.000"": 3040, ""cutoff=6.000_skin=0.000"": 3040, ""cutoff=6.000_skin=0.250"": 3294, ""cutoff=6.000_skin=0.500"": 3576, ""cutoff=6.000_skin=1.000"": 4386}",0.0,,
OPT-MIX4-R256-v1,ac99f7f235977b62c7f867154f16d24041ba7ae2e5440b90e4b316254257ab0c,OPT-MIX4-R256-v1:0222,Aven12_5_307_z1,7d34eceb9e7747586ef57c8da4ebf494cc674dc2cab4b0f311ff855f2ea83bf9,222,T2_test,Aven12_5_307_z1.cif,93997e5349837d8632b102eeb99c27787db82e7d6114514fa81b358ab2cd3473,7d34eceb9e7747586ef57c8da4ebf494cc674dc2cab4b0f311ff855f2ea83bf9,0,184,"[""O"", ""C"", ""N"", ""C"", ""C"", ""C"", ""C"", ""C"", ""C"", ""N"", ""C"", ""C"", ""C"", ""C"", ""N"", ""C"", ""O"", ""N"", ""C"", ""C"", ""C"", ""C"", ""C"", ""C"", ""C"", ""N"", ""C"", ""O"", ""N"", ""C"", ""C"", ""C"", ""H"", ""H"", ""H"", ""H"", ""H"", ""H"", ""H"", ""H"", ""H"", ""H"", ""H"", ""H"", ""H"", ""H"", ""O"", ""C"", ""N"", ""C"", ""C"", ""C"", ""C"", ""C"", ""C"", ""N"", ""C"", ""C"", ""C"", ""C"", ""N"", ""C"", ""O"", ""N"", ""C"", ""C"", ""C"", ""C"", ""C"", ""C"", ""C"", ""N"", ""C"", ""O"", ""N"", ""C"", ""C"", ""C"", ""H"", ""H"", ""H"", ""H"", ""H"", ""H"", ""H"", ""H"", ""H"", ""H"", ""H"", ""H"", ""H"", ""H"", ""O"", ""C"", ""N"", ""C"", ""C"", ""C"", ""C"", ""C"", ""C"", ""N"", ""C"", ""C"", ""C"", ""C"", ""N"", ""C"", ""O"", ""N"", ""C"", ""C"", ""C"", ""C"", ""C"", ""C"", ""C"", ""N"", ""C"", ""O"", ""N"", ""C"", ""C"", ""C"", ""H"", ""H"", ""H"", ""H"", ""H"", ""H"", ""H"", ""H"", ""H"", ""H"", ""H"", ""H"", ""H"", ""H"", ""O"", ""C"", ""N"", ""C"", ""C"", ""C"", ""C"", ""C"", ""C"", ""N"", ""C"", ""C"", ""C"", ""C"", ""N"", ""C"", ""O"", ""N"", ""C"", ""C"", ""C"", ""C"", ""C"", ""C"", ""C"", ""N"", ""C"", ""O"", ""N"", ""C"", ""C"", ""C"", ""H"", ""H"", ""H"", ""H"", ""H"", ""H"", ""H"", ""H"", ""H"", ""H"", ""H"", ""H"", ""H"", ""H""]",C92H56N24O12,"[true, true, true]","[18.51014328052213, 0.0, 0.0, 0.0, 20.809702249504397, 0.0, -0.44149865194227794, 0.0, 15.89954167669739]",6124.353525372653,[],"{""cutoff=4.500_skin=0.000"": 3456, ""cutoff=4.500_skin=0.250"": 4012, ""cutoff=4.500_skin=0.500"": 4344, ""cutoff=4.500_skin=1.000"": 5120, ""cutoff=5.000_skin=0.000"": 4344, ""cutoff=5.000_skin=0.250"": 4696, ""cutoff=5.000_skin=0.500"": 5120, ""cutoff=5.000_skin=1.000"": 6272, ""cutoff=6.000_skin=0.000"": 6272, ""cutoff=6.000_skin=0.250"": 6772, ""cutoff=6.000_skin=0.500"": 7464, ""cutoff=6.000_skin=1.000"": 9172}",0.0,,
OPT-MIX4-R256-v1,ac99f7f235977b62c7f867154f16d24041ba7ae2e5440b90e4b316254257ab0c,OPT-MIX4-R256-v1:0223,Aven12_148_1025_z1,c610f97f76a268dc9e700797aa87bd635f3fc81bd3898ee26966ffdcde2243d5,223,T2_test,Aven12_148_1025_z1.cif,df64efa7703f1d3ffce522b07388e9850af19458b2e03ed66342aadc3bcbbd17,c610f97f76a268dc9e700797aa87bd635f3fc81bd3898ee26966ffdcde2243d5,0,276,"[""O"", ""C"", ""N"", ""C"", ""C"", ""C"", ""C"", ""C"", ""C"", ""N"", ""C"", ""C"", ""C"", ""C"", ""N"", ""C"", ""O"", ""N"", ""C"", ""C"", ""C"", ""C"", ""C"", ""C"", ""C"", ""N"", ""C"", ""O"", ""N"", ""C"", ""C"", ""C"", ""H"", ""H"", ""H"", ""H"", ""H"", ""H"", ""H"", ""H"", ""H"", ""H"", ""H"", ""H"", ""H"", ""H"", ""O"", ""C"", ""N"", ""C"", ""C"", ""C"", ""C"", ""C"", ""C"", ""N"", ""C"", ""C"", ""C"", ""C"", ""N"", ""C"", ""O"", ""N"", ""C"", ""C"", ""C"", ""C"", ""C"", ""C"", ""C"", ""N"", ""C"", ""O"", ""N"", ""C"", ""C"", ""C"", ""H"", ""H"", ""H"", ""H"", ""H"", ""H"", ""H"", ""H"", ""H"", ""H"", ""H"", ""H"", ""H"", ""H"", ""O"", ""C"", ""N"", ""C"", ""C"", ""C"", ""C"", ""C"", ""C"", ""N"", ""C"", ""C"", ""C"", ""C"", ""N"", ""C"", ""O"", ""N"", ""C"", ""C"", ""C"", ""C"", ""C"", ""C"", ""C"", ""N"", ""C"", ""O"", ""N"", ""C"", ""C"", ""C"", ""H"", ""H"", ""H"", ""H"", ""H"", ""H"", ""H"", ""H"", ""H"", ""H"", ""H"", ""H"", ""H"", ""H"", ""O"", ""C"", ""N"", ""C"", ""C"", ""C"", ""C"", ""C"", ""C"", ""N"", ""C"", ""C"", ""C"", ""C"", ""N"", ""C"", ""O"", ""N"", ""C"", ""C"", ""C"", ""C"", ""C"", ""C"", ""C"", ""N"", ""C"", ""O"", ""N"", ""C"", ""C"", ""C"", ""H"", ""H"", ""H"", ""H"", ""H"", ""H"", ""H"", ""H"", ""H"", ""H"", ""H"", ""H"", ""H"", ""H"", ""O"", ""C"", ""N"", ""C"", ""C"", ""C"", ""C"", ""C"", ""C"", ""N"", ""C"", ""C"", ""C"", ""C"", ""N"", ""C"", ""O"", ""N"", ""C"", ""C"", ""C"", ""C"", ""C"", ""C"", ""C"", ""N"", ""C"", ""O"", ""N"", ""C"", ""C"", ""C"", ""H"", ""H"", ""H"", ""H"", ""H"", ""H"", ""H"", ""H"", ""H"", ""H"", ""H"", ""H"", ""H"", ""H"", ""O"", ""C"", ""N"", ""C"", ""C"", ""C"", ""C"", ""C"", ""C"", ""N"", ""C"", ""C"", ""C"", ""C"", ""N"", ""C"", ""O"", ""N"", ""C"", ""C"", ""C"", ""C"", ""C"", ""C"", ""C"", ""N"", ""C"", ""O"", ""N"", ""C"", ""C"", ""C"", ""H"", ""H"", ""H"", ""H"", ""H"", ""H"", ""H"", ""H"", ""H"", ""H"", ""H"", ""H"", ""H"", ""H""]",C138H84N36O18,"[true, true, true]","[22.60165910801691, 0.0, 0.0, -3.5066137375688804, 22.32797918600107, 0.0, -3.5066137375688804, -4.100309636705844, 21.948259963232488]",11076.175653751296,[],"{""cutoff=4.500_skin=0.000"": 4842, ""cutoff=4.500_skin=0.250"": 5586, ""cutoff=4.500_skin=0.500"": 6036, ""cutoff=4.500_skin=1.000"": 7236, ""cutoff=5.000_skin=0.000"": 6036, ""cutoff=5.000_skin=0.250"": 6516, ""cutoff=5.000_skin=0.500"": 7236, ""cutoff=5.000_skin=1.000"": 9054, ""cutoff=6.000_skin=0.000"": 9054, ""cutoff=6.000_skin=0.250"": 9678, ""cutoff=6.000_skin=0.500"": 10614, ""cutoff=6.000_skin=1.000"": 12774}",0.0,,
OPT-MIX4-R256-v1,ac99f7f235977b62c7f867154f16d24041ba7ae2e5440b90e4b316254257ab0c,OPT-MIX4-R256-v1:0224,Aven12_1_78_z1,2fe38dd83bcb4880fa1cbb0c441359ea1b90d0bd4d896eca78ac0b585c56bcda,224,T2_test,Aven12_1_78_z1.cif,f3e62f926f31fb82fdb6b4ce3a89fb7499645a76d90583050cfe5cd4033b836e,2fe38dd83bcb4880fa1cbb0c441359ea1b90d0bd4d896eca78ac0b585c56bcda,0,46,"[""O"", ""C"", ""N"", ""C"", ""C"", ""C"", ""C"", ""C"", ""C"", ""N"", ""C"", ""C"", ""C"", ""C"", ""N"", ""C"", ""O"", ""N"", ""C"", ""C"", ""C"", ""C"", ""C"", ""C"", ""C"", ""N"", ""C"", ""O"", ""N"", ""C"", ""C"", ""C"", ""H"", ""H"", ""H"", ""H"", ""H"", ""H"", ""H"", ""H"", ""H"", ""H"", ""H"", ""H"", ""H"", ""H""]",C23H14N6O3,"[true, true, true]","[11.60750819089926, 0.0, 0.0, -3.9774888061192817, 13.896116363193201, 0.0, -3.684128884379642, -7.554111437282413, 9.503352935035961]",1532.8840288431165,[],"{""cutoff=4.500_skin=0.000"": 834, ""cutoff=4.500_skin=0.250"": 964, ""cutoff=4.500_skin=0.500"": 1024, ""cutoff=4.500_skin=1.000"": 1202, ""cutoff=5.000_skin=0.000"": 1024, ""cutoff=5.000_skin=0.250"": 1106, ""cutoff=5.000_skin=0.500"": 1202, ""cutoff=5.000_skin=1.000"": 1440, ""cutoff=6.000_skin=0.000"": 1440, ""cutoff=6.000_skin=0.250"": 1542, ""cutoff=6.000_skin=0.500"": 1676, ""cutoff=6.000_skin=1.000"": 2028}",0.0,,
OPT-MIX4-R256-v1,ac99f7f235977b62c7f867154f16d24041ba7ae2e5440b90e4b316254257ab0c,OPT-MIX4-R256-v1:0225,Aven12_2_3126_z1,b1ac36c3d2259c5b449087df5d1dac2a1ce47eae4612f2df258f22a6e1598662,225,T2_test,Aven12_2_3126_z1.cif,b89a08c6c398023656bf3fc8259a9bfcc09de4163a0ae59b9254d606529b447c,b1ac36c3d2259c5b449087df5d1dac2a1ce47eae4612f2df258f22a6e1598662,0,92,"[""O"", ""C"", ""N"", ""C"", ""C"", ""C"", ""C"", ""C"", ""C"", ""N"", ""C"", ""C"", ""C"", ""C"", ""N"", ""C"", ""O"", ""N"", ""C"", ""C"", ""C"", ""C"", ""C"", ""C"", ""C"", ""N"", ""C"", ""O"", ""N"", ""C"", ""C"", ""C"", ""H"", ""H"", ""H"", ""H"", ""H"", ""H"", ""H"", ""H"", ""H"", ""H"", ""H"", ""H"", ""H"", ""H"", ""O"", ""C"", ""N"", ""C"", ""C"", ""C"", ""C"", ""C"", ""C"", ""N"", ""C"", ""C"", ""C"", ""C"", ""N"", ""C"", ""O"", ""N"", ""C"", ""C"", ""C"", ""C"", ""C"", ""C"", ""C"", ""N"", ""C"", ""O"", ""N"", ""C"", ""C"", ""C"", ""H"", ""H"", ""H"", ""H"", ""H"", ""H"", ""H"", ""H"", ""H"", ""H"", ""H"", ""H"", ""H"", ""H""]",C46H28N12O6,"[true, true, true]","[22.8588501327023, 0.0, 0.0, -2.9552388508388234, 8.800630962727597, 0.0, 8.304061721974257, 11.715023340333914, 11.233200684501721]",2259.808865806244,[],"{""cutoff=4.500_skin=0.000"": 1726, ""cutoff=4.500_skin=0.250"": 2036, ""cutoff=4.500_skin=0.500"": 2282, ""cutoff=4.500_skin=1.000"": 2788, ""cutoff=5.000_skin=0.000"": 2282, ""cutoff=5.000_skin=0.250"": 2532, ""cutoff=5.000_skin=0.500"": 2788, ""cutoff=5.000_skin=1.000"": 3680, ""cutoff=6.000_skin=0.000"": 3680, ""cutoff=6.000_skin=0.250"": 4120, ""cutoff=6.000_skin=0.500"": 4702, ""cutoff=6.000_skin=1.000"": 5932}",0.0,,
OPT-MIX4-R256-v1,ac99f7f235977b62c7f867154f16d24041ba7ae2e5440b90e4b316254257ab0c,OPT-MIX4-R256-v1:0226,Aven12_14_498_z1,fdd654732664086b1dbadd95c619ce311e010525fc7a448b26f2858533db22dc,226,T2_test,Aven12_14_498_z1.cif,c51fc8a8d24a4886c380fef6a49a1bdaae40f0e5c2d113a6f42273f85fbcb362,fdd654732664086b1dbadd95c619ce311e010525fc7a448b26f2858533db22dc,0,184,"[""O"", ""C"", ""N"", ""C"", ""C"", ""C"", ""C"", ""C"", ""C"", ""N"", ""C"", ""C"", ""C"", ""C"", ""N"", ""C"", ""O"", ""N"", ""C"", ""C"", ""C"", ""C"", ""C"", ""C"", ""C"", ""N"", ""C"", ""O"", ""N"", ""C"", ""C"", ""C"", ""H"", ""H"", ""H"", ""H"", ""H"", ""H"", ""H"", ""H"", ""H"", ""H"", ""H"", ""H"", ""H"", ""H"", ""O"", ""C"", ""N"", ""C"", ""C"", ""C"", ""C"", ""C"", ""C"", ""N"", ""C"", ""C"", ""C"", ""C"", ""N"", ""C"", ""O"", ""N"", ""C"", ""C"", ""C"", ""C"", ""C"", ""C"", ""C"", ""N"", ""C"", ""O"", ""N"", ""C"", ""C"", ""C"", ""H"", ""H"", ""H"", ""H"", ""H"", ""H"", ""H"", ""H"", ""H"", ""H"", ""H"", ""H"", ""H"", ""H"", ""O"", ""C"", ""N"", ""C"", ""C"", ""C"", ""C"", ""C"", ""C"", ""N"", ""C"", ""C"", ""C"", ""C"", ""N"", ""C"", ""O"", ""N"", ""C"", ""C"", ""C"", ""C"", ""C"", ""C"", ""C"", ""N"", ""C"", ""O"", ""N"", ""C"", ""C"", ""C"", ""H"", ""H"", ""H"", ""H"", ""H"", ""H"", ""H"", ""H"", ""H"", ""H"", ""H"", ""H"", ""H"", ""H"", ""O"", ""C"", ""N"", ""C"", ""C"", ""C"", ""C"", ""C"", ""C"", ""N"", ""C"", ""C"", ""C"", ""C"", ""N"", ""C"", ""O"", ""N"", ""C"", ""C"", ""C"", ""C"", ""C"", ""C"", ""C"", ""N"", ""C"", ""O"", ""N"", ""C"", ""C"", ""C"", ""H"", ""H"", ""H"", ""H"", ""H"", ""H"", ""H"", ""H"", ""H"", ""H"", ""H"", ""H"", ""H"", ""H""]",C92H56N24O12,"[true, true, true]","[10.583038108686196, 0.0, 0.0, 0.0, 31.148885357068295, 0.0, -4.128058710720779, 0.0, 13.669992190130575]",4506.310748898713,[],"{""cutoff=4.500_skin=0.000"": 3232, ""cutoff=4.500_skin=0.250"": 3720, ""cutoff=4.500_skin=0.500"": 4128, ""cutoff=4.500_skin=1.000"": 5056, ""cutoff=5.000_skin=0.000"": 4128, ""cutoff=5.000_skin=0.250"": 4540, ""cutoff=5.000_skin=0.500"": 5056, ""cutoff=5.000_skin=1.000"": 6236, ""cutoff=6.000_skin=0.000"": 6236, ""cutoff=6.000_skin=0.250"": 6952, ""cutoff=6.000_skin=0.500"": 7772, ""cutoff=6.000_skin=1.000"": 9996}",0.0,,
OPT-MIX4-R256-v1,ac99f7f235977b62c7f867154f16d24041ba7ae2e5440b90e4b316254257ab0c,OPT-MIX4-R256-v1:0227,Aven12_148_2382_z1,46870ebfaf9f38bcaff1cf6b606e681620f073d197ae6b002c1c07c10625d744,227,T2_test,Aven12_148_2382_z1.cif,7768559efbc31b8e41c25d71e6e8e9a6a91f6029aa22f4815ba0803452fb4d9c,46870ebfaf9f38bcaff1cf6b606e681620f073d197ae6b002c1c07c10625d744,0,276,"[""O"", ""C"", ""N"", ""C"", ""C"", ""C"", ""C"", ""C"", ""C"", ""N"", ""C"", ""C"", ""C"", ""C"", ""N"", ""C"", ""O"", ""N"", ""C"", ""C"", ""C"", ""C"", ""C"", ""C"", ""C"", ""N"", ""C"", ""O"", ""N"", ""C"", ""C"", ""C"", ""H"", ""H"", ""H"", ""H"", ""H"", ""H"", ""H"", ""H"", ""H"", ""H"", ""H"", ""H"", ""H"", ""H"", ""O"", ""C"", ""N"", ""C"", ""C"", ""C"", ""C"", ""C"", ""C"", ""N"", ""C"", ""C"", ""C"", ""C"", ""N"", ""C"", ""O"", ""N"", ""C"", ""C"", ""C"", ""C"", ""C"", ""C"", ""C"", ""N"", ""C"", ""O"", ""N"", ""C"", ""C"", ""C"", ""H"", ""H"", ""H"", ""H"", ""H"", ""H"", ""H"", ""H"", ""H"", ""H"", ""H"", ""H"", ""H"", ""H"", ""O"", ""C"", ""N"", ""C"", ""C"", ""C"", ""C"", ""C"", ""C"", ""N"", ""C"", ""C"", ""C"", ""C"", ""N"", ""C"", ""O"", ""N"", ""C"", ""C"", ""C"", ""C"", ""C"", ""C"", ""C"", ""N"", ""C"", ""O"", ""N"", ""C"", ""C"", ""C"", ""H"", ""H"", ""H"", ""H"", ""H"", ""H"", ""H"", ""H"", ""H"", ""H"", ""H"", ""H"", ""H"", ""H"", ""O"", ""C"", ""N"", ""C"", ""C"", ""C"", ""C"", ""C"", ""C"", ""N"", ""C"", ""C"", ""C"", ""C"", ""N"", ""C"", ""O"", ""N"", ""C"", ""C"", ""C"", ""C"", ""C"", ""C"", ""C"", ""N"", ""C"", ""O"", ""N"", ""C"", ""C"", ""C"", ""H"", ""H"", ""H"", ""H"", ""H"", ""H"", ""H"", ""H"", ""H"", ""H"", ""H"", ""H"", ""H"", ""H"", ""O"", ""C"", ""N"", ""C"", ""C"", ""C"", ""C"", ""C"", ""C"", ""N"", ""C"", ""C"", ""C"", ""C"", ""N"", ""C"", ""O"", ""N"", ""C"", ""C"", ""C"", ""C"", ""C"", ""C"", ""C"", ""N"", ""C"", ""O"", ""N"", ""C"", ""C"", ""C"", ""H"", ""H"", ""H"", ""H"", ""H"", ""H"", ""H"", ""H"", ""H"", ""H"", ""H"", ""H"", ""H"", ""H"", ""O"", ""C"", ""N"", ""C"", ""C"", ""C"", ""C"", ""C"", ""C"", ""N"", ""C"", ""C"", ""C"", ""C"", ""N"", ""C"", ""O"", ""N"", ""C"", ""C"", ""C"", ""C"", ""C"", ""C"", ""C"", ""N"", ""C"", ""O"", ""N"", ""C"", ""C"", ""C"", ""H"", ""H"", ""H"", ""H"", ""H"", ""H"", ""H"", ""H"", ""H"", ""H"", ""H"", ""H"", ""H"", ""H""]",C138H84N36O18,"[true, true, true]","[36.335039339845345, 0.0, 0.0, -11.956881867452578, 34.31134010550874, 0.0, -11.956881867452578, -16.82886168982025, 29.900793870076306]",37277.43610775489,[],"{""cutoff=4.500_skin=0.000"": 4692, ""cutoff=4.500_skin=0.250"": 5364, ""cutoff=4.500_skin=0.500"": 5712, ""cutoff=4.500_skin=1.000"": 6420, ""cutoff=5.000_skin=0.000"": 5712, ""cutoff=5.000_skin=0.250"": 6024, ""cutoff=5.000_skin=0.500"": 6420, ""cutoff=5.000_skin=1.000"": 7494, ""cutoff=6.000_skin=0.000"": 7494, ""cutoff=6.000_skin=0.250"": 7938, ""cutoff=6.000_skin=0.500"": 8514, ""cutoff=6.000_skin=1.000"": 10032}",0.0,,
OPT-MIX4-R256-v1,ac99f7f235977b62c7f867154f16d24041ba7ae2e5440b90e4b316254257ab0c,OPT-MIX4-R256-v1:0228,Aven12_1_51_z1,2213e851e6870c2ae0199cd2f703391e2dfe9b95606baf6d94cf2dbf2bd16534,228,T2_test,Aven12_1_51_z1.cif,21c6e91453f6cb3794ae2a42c7dfe77198bc0bf77e9de92eb6f773b19cf8ed73,2213e851e6870c2ae0199cd2f703391e2dfe9b95606baf6d94cf2dbf2bd16534,0,46,"[""O"", ""C"", ""N"", ""C"", ""C"", ""C"", ""C"", ""C"", ""C"", ""N"", ""C"", ""C"", ""C"", ""C"", ""N"", ""C"", ""O"", ""N"", ""C"", ""C"", ""C"", ""C"", ""C"", ""C"", ""C"", ""N"", ""C"", ""O"", ""N"", ""C"", ""C"", ""C"", ""H"", ""H"", ""H"", ""H"", ""H"", ""H"", ""H"", ""H"", ""H"", ""H"", ""H"", ""H"", ""H"", ""H""]",C23H14N6O3,"[true, true, true]","[13.712609185741627, 0.0, 0.0, -4.9163965140796595, 11.87039442031196, 0.0, 8.866512533113546, 4.445886721764551, 9.224087535607152]",1501.4423584478563,[],"{""cutoff=4.500_skin=0.000"": 818, ""cutoff=4.500_skin=0.250"": 936, ""cutoff=4.500_skin=0.500"": 1020, ""cutoff=4.500_skin=1.000"": 1210, ""cutoff=5.000_skin=0.000"": 1020, ""cutoff=5.000_skin=0.250"": 1100, ""cutoff=5.000_skin=0.500"": 1210, ""cutoff=5.000_skin=1.000"": 1420, ""cutoff=6.000_skin=0.000"": 1420, ""cutoff=6.000_skin=0.250"": 1538, ""cutoff=6.000_skin=0.500"": 1700, ""cutoff=6.000_skin=1.000"": 2028}",0.0,,
OPT-MIX4-R256-v1,ac99f7f235977b62c7f867154f16d24041ba7ae2e5440b90e4b316254257ab0c,OPT-MIX4-R256-v1:0229,Aven12_2_2582_z1,22e44b89b7810c024caee5897c8f1cfb9d799ccb297a4b5496cba131169da516,229,T2_test,Aven12_2_2582_z1.cif,54604d5b3ac32cdedb7b5367d304a021670dd043135aa6b0782ce4f94ffb991b,22e44b89b7810c024caee5897c8f1cfb9d799ccb297a4b5496cba131169da516,0,92,"[""O"", ""C"", ""N"", ""C"", ""C"", ""C"", ""C"", ""C"", ""C"", ""N"", ""C"", ""C"", ""C"", ""C"", ""N"", ""C"", ""O"", ""N"", ""C"", ""C"", ""C"", ""C"", ""C"", ""C"", ""C"", ""N"", ""C"", ""O"", ""N"", ""C"", ""C"", ""C"", ""H"", ""H"", ""H"", ""H"", ""H"", ""H"", ""H"", ""H"", ""H"", ""H"", ""H"", ""H"", ""H"", ""H"", ""O"", ""C"", ""N"", ""C"", ""C"", ""C"", ""C"", ""C"", ""C"", ""N"", ""C"", ""C"", ""C"", ""C"", ""N"", ""C"", ""O"", ""N"", ""C"", ""C"", ""C"", ""C"", ""C"", ""C"", ""C"", ""N"", ""C"", ""O"", ""N"", ""C"", ""C"", ""C"", ""H"", ""H"", ""H"", ""H"", ""H"", ""H"", ""H"", ""H"", ""H"", ""H"", ""H"", ""H"", ""H"", ""H""]",C46H28N12O6,"[true, true, true]","[11.913483959540926, 0.0, 0.0, 3.9624517740807863, 17.785460321802766, 0.0, 0.5994076200472884, -1.072654369962039, 8.374473668366699]",1774.4403959275621,[],"{""cutoff=4.500_skin=0.000"": 1932, ""cutoff=4.500_skin=0.250"": 2232, ""cutoff=4.500_skin=0.500"": 2520, ""cutoff=4.500_skin=1.000"": 3204, ""cutoff=5.000_skin=0.000"": 2520, ""cutoff=5.000_skin=0.250"": 2832, ""cutoff=5.000_skin=0.500"": 3204, ""cutoff=5.000_skin=1.000"": 4082, ""cutoff=6.000_skin=0.000"": 4082, ""cutoff=6.000_skin=0.250"": 4552, ""cutoff=6.000_skin=0.500"": 5164, ""cutoff=6.000_skin=1.000"": 6652}",0.0,,
OPT-MIX4-R256-v1,ac99f7f235977b62c7f867154f16d24041ba7ae2e5440b90e4b316254257ab0c,OPT-MIX4-R256-v1:0230,Aven12_77_1346_z1,6da4fd34c0d1471ed7aa6b909f7cba73b770bdef3db07e9bf76f2c633e3b5328,230,T2_test,Aven12_77_1346_z1.cif,db596c4317382568c44b7c26e0db7dddb8665f5f75e043a5eea70aabc65b9b73,6da4fd34c0d1471ed7aa6b909f7cba73b770bdef3db07e9bf76f2c633e3b5328,0,184,"[""O"", ""C"", ""N"", ""C"", ""C"", ""C"", ""C"", ""C"", ""C"", ""N"", ""C"", ""C"", ""C"", ""C"", ""N"", ""C"", ""O"", ""N"", ""C"", ""C"", ""C"", ""C"", ""C"", ""C"", ""C"", ""N"", ""C"", ""O"", ""N"", ""C"", ""C"", ""C"", ""H"", ""H"", ""H"", ""H"", ""H"", ""H"", ""H"", ""H"", ""H"", ""H"", ""H"", ""H"", ""H"", ""H"", ""O"", ""C"", ""N"", ""C"", ""C"", ""C"", ""C"", ""C"", ""C"", ""N"", ""C"", ""C"", ""C"", ""C"", ""N"", ""C"", ""O"", ""N"", ""C"", ""C"", ""C"", ""C"", ""C"", ""C"", ""C"", ""N"", ""C"", ""O"", ""N"", ""C"", ""C"", ""C"", ""H"", ""H"", ""H"", ""H"", ""H"", ""H"", ""H"", ""H"", ""H"", ""H"", ""H"", ""H"", ""H"", ""H"", ""O"", ""C"", ""N"", ""C"", ""C"", ""C"", ""C"", ""C"", ""C"", ""N"", ""C"", ""C"", ""C"", ""C"", ""N"", ""C"", ""O"", ""N"", ""C"", ""C"", ""C"", ""C"", ""C"", ""C"", ""C"", ""N"", ""C"", ""O"", ""N"", ""C"", ""C"", ""C"", ""H"", ""H"", ""H"", ""H"", ""H"", ""H"", ""H"", ""H"", ""H"", ""H"", ""H"", ""H"", ""H"", ""H"", ""O"", ""C"", ""N"", ""C"", ""C"", ""C"", ""C"", ""C"", ""C"", ""N"", ""C"", ""C"", ""C"", ""C"", ""N"", ""C"", ""O"", ""N"", ""C"", ""C"", ""C"", ""C"", ""C"", ""C"", ""C"", ""N"", ""C"", ""O"", ""N"", ""C"", ""C"", ""C"", ""H"", ""H"", ""H"", ""H"", ""H"", ""H"", ""H"", ""H"", ""H"", ""H"", ""H"", ""H"", ""H"", ""H""]",C92H56N24O12,"[true, true, true]","[16.429254565332556, 0.0, 0.0, 0.0, 16.429254565332556, 0.0, 0.0, 0.0, 21.735216991495797]",5866.778585550858,[],"{""cutoff=4.500_skin=0.000"": 3300, ""cutoff=4.500_skin=0.250"": 3776, ""cutoff=4.500_skin=0.500"": 3992, ""cutoff=4.500_skin=1.000"": 4636, ""cutoff=5.000_skin=0.000"": 3992, ""cutoff=5.000_skin=0.250"": 4268, ""cutoff=5.000_skin=0.500"": 4636, ""cutoff=5.000_skin=1.000"": 5560, ""cutoff=6.000_skin=0.000"": 5560, ""cutoff=6.000_skin=0.250"": 5992, ""cutoff=6.000_skin=0.500"": 6576, ""cutoff=6.000_skin=1.000"": 7880}",0.0,,
OPT-MIX4-R256-v1,ac99f7f235977b62c7f867154f16d24041ba7ae2e5440b90e4b316254257ab0c,OPT-MIX4-R256-v1:0231,Aven12_148_288_z1,df163428f356a1e0452aa36f5af7ed723b6919097a6bfe7e35420ee080dcc0c0,231,T2_test,Aven12_148_288_z1.cif,9d583361d56f2608192c1c8ba82b9c3afd8d80e5edd2a3d6043619ec8ad07945,df163428f356a1e0452aa36f5af7ed723b6919097a6bfe7e35420ee080dcc0c0,0,276,"[""O"", ""C"", ""N"", ""C"", ""C"", ""C"", ""C"", ""C"", ""C"", ""N"", ""C"", ""C"", ""C"", ""C"", ""N"", ""C"", ""O"", ""N"", ""C"", ""C"", ""C"", ""C"", ""C"", ""C"", ""C"", ""N"", ""C"", ""O"", ""N"", ""C"", ""C"", ""C"", ""H"", ""H"", ""H"", ""H"", ""H"", ""H"", ""H"", ""H"", ""H"", ""H"", ""H"", ""H"", ""H"", ""H"", ""O"", ""C"", ""N"", ""C"", ""C"", ""C"", ""C"", ""C"", ""C"", ""N"", ""C"", ""C"", ""C"", ""C"", ""N"", ""C"", ""O"", ""N"", ""C"", ""C"", ""C"", ""C"", ""C"", ""C"", ""C"", ""N"", ""C"", ""O"", ""N"", ""C"", ""C"", ""C"", ""H"", ""H"", ""H"", ""H"", ""H"", ""H"", ""H"", ""H"", ""H"", ""H"", ""H"", ""H"", ""H"", ""H"", ""O"", ""C"", ""N"", ""C"", ""C"", ""C"", ""C"", ""C"", ""C"", ""N"", ""C"", ""C"", ""C"", ""C"", ""N"", ""C"", ""O"", ""N"", ""C"", ""C"", ""C"", ""C"", ""C"", ""C"", ""C"", ""N"", ""C"", ""O"", ""N"", ""C"", ""C"", ""C"", ""H"", ""H"", ""H"", ""H"", ""H"", ""H"", ""H"", ""H"", ""H"", ""H"", ""H"", ""H"", ""H"", ""H"", ""O"", ""C"", ""N"", ""C"", ""C"", ""C"", ""C"", ""C"", ""C"", ""N"", ""C"", ""C"", ""C"", ""C"", ""N"", ""C"", ""O"", ""N"", ""C"", ""C"", ""C"", ""C"", ""C"", ""C"", ""C"", ""N"", ""C"", ""O"", ""N"", ""C"", ""C"", ""C"", ""H"", ""H"", ""H"", ""H"", ""H"", ""H"", ""H"", ""H"", ""H"", ""H"", ""H"", ""H"", ""H"", ""H"", ""O"", ""C"", ""N"", ""C"", ""C"", ""C"", ""C"", ""C"", ""C"", ""N"", ""C"", ""C"", ""C"", ""C"", ""N"", ""C"", ""O"", ""N"", ""C"", ""C"", ""C"", ""C"", ""C"", ""C"", ""C"", ""N"", ""C"", ""O"", ""N"", ""C"", ""C"", ""C"", ""H"", ""H"", ""H"", ""H"", ""H"", ""H"", ""H"", ""H"", ""H"", ""H"", ""H"", ""H"", ""H"", ""H"", ""O"", ""C"", ""N"", ""C"", ""C"", ""C"", ""C"", ""C"", ""C"", ""N"", ""C"", ""C"", ""C"", ""C"", ""N"", ""C"", ""O"", ""N"", ""C"", ""C"", ""C"", ""C"", ""C"", ""C"", ""C"", ""N"", ""C"", ""O"", ""N"", ""C"", ""C"", ""C"", ""H"", ""H"", ""H"", ""H"", ""H"", ""H"", ""H"", ""H"", ""H"", ""H"", ""H"", ""H"", ""H"", ""H""]",C138H84N36O18,"[true, true, true]","[26.586047558222894, 0.0, 0.0, -7.448257412891423, 25.52139075911416, 0.0, -7.448257412891423, -9.932697895908413, 23.5092088082099]",15951.30164437637,[],"{""cutoff=4.500_skin=0.000"": 4854, ""cutoff=4.500_skin=0.250"": 5550, ""cutoff=4.500_skin=0.500"": 5922, ""cutoff=4.500_skin=1.000"": 6756, ""cutoff=5.000_skin=0.000"": 5922, ""cutoff=5.000_skin=0.250"": 6276, ""cutoff=5.000_skin=0.500"": 6756, ""cutoff=5.000_skin=1.000"": 7908, ""cutoff=6.000_skin=0.000"": 7908, ""cutoff=6.000_skin=0.250"": 8376, ""cutoff=6.000_skin=0.500"": 8916, ""cutoff=6.000_skin=1.000"": 10314}",0.0,,
OPT-MIX4-R256-v1,ac99f7f235977b62c7f867154f16d24041ba7ae2e5440b90e4b316254257ab0c,OPT-MIX4-R256-v1:0232,Aven12_1_330_z1,b7eb7c5c882264fdc73aea3274bda93912139d4292a02e45ed1c16f9283868e5,232,T2_test,Aven12_1_330_z1.cif,035d05ad6dd4f840a14b7a4593b2da467474c8453ca8a99b21b0583d9e5d171b,b7eb7c5c882264fdc73aea3274bda93912139d4292a02e45ed1c16f9283868e5,0,46,"[""O"", ""C"", ""N"", ""C"", ""C"", ""C"", ""C"", ""C"", ""C"", ""N"", ""C"", ""C"", ""C"", ""C"", ""N"", ""C"", ""O"", ""N"", ""C"", ""C"", ""C"", ""C"", ""C"", ""C"", ""C"", ""N"", ""C"", ""O"", ""N"", ""C"", ""C"", ""C"", ""H"", ""H"", ""H"", ""H"", ""H"", ""H"", ""H"", ""H"", ""H"", ""H"", ""H"", ""H"", ""H"", ""H""]",C23H14N6O3,"[true, true, true]","[14.020744627536537, 0.0, 0.0, 4.138291468804387, 9.803081282608403, 0.0, 0.601478456260148, -5.956505735263301, 10.357628702824654]",1423.6198054904967,[],"{""cutoff=4.500_skin=0.000"": 846, ""cutoff=4.500_skin=0.250"": 984, ""cutoff=4.500_skin=0.500"": 1060, ""cutoff=4.500_skin=1.000"": 1254, ""cutoff=5.000_skin=0.000"": 1060, ""cutoff=5.000_skin=0.250"": 1140, ""cutoff=5.000_skin=0.500"": 1254, ""cutoff=5.000_skin=1.000"": 1516, ""cutoff=6.000_skin=0.000"": 1516, ""cutoff=6.000_skin=0.250"": 1634, ""cutoff=6.000_skin=0.500"": 1776, ""cutoff=6.000_skin=1.000"": 2168}",0.0,,
OPT-MIX4-R256-v1,ac99f7f235977b62c7f867154f16d24041ba7ae2e5440b90e4b316254257ab0c,OPT-MIX4-R256-v1:0233,Aven12_2_310_z1,6117fc316a4b458d926d47107941f7a10811505b9004dec3d5bdf32109024ffd,233,T2_test,Aven12_2_310_z1.cif,dfb04275fee5d989cad7db1271ff72d13bcd5cb2121af4767d9d47eae0c6bddf,6117fc316a4b458d926d47107941f7a10811505b9004dec3d5bdf32109024ffd,0,92,"[""O"", ""C"", ""N"", ""C"", ""C"", ""C"", ""C"", ""C"", ""C"", ""N"", ""C"", ""C"", ""C"", ""C"", ""N"", ""C"", ""O"", ""N"", ""C"", ""C"", ""C"", ""C"", ""C"", ""C"", ""C"", ""N"", ""C"", ""O"", ""N"", ""C"", ""C"", ""C"", ""H"", ""H"", ""H"", ""H"", ""H"", ""H"", ""H"", ""H"", ""H"", ""H"", ""H"", ""H"", ""H"", ""H"", ""O"", ""C"", ""N"", ""C"", ""C"", ""C"", ""C"", ""C"", ""C"", ""N"", ""C"", ""C"", ""C"", ""C"", ""N"", ""C"", ""O"", ""N"", ""C"", ""C"", ""C"", ""C"", ""C"", ""C"", ""C"", ""N"", ""C"", ""O"", ""N"", ""C"", ""C"", ""C"", ""H"", ""H"", ""H"", ""H"", ""H"", ""H"", ""H"", ""H"", ""H"", ""H"", ""H"", ""H"", ""H"", ""H""]",C46H28N12O6,"[true, true, true]","[7.787155629500852, 0.0, 0.0, -5.511010490300116, 24.740015804392836, 0.0, -0.32183613593972227, -4.558952151231413, 10.074210793244253]",1940.840565834878,[],"{""cutoff=4.500_skin=0.000"": 1860, ""cutoff=4.500_skin=0.250"": 2258, ""cutoff=4.500_skin=0.500"": 2528, ""cutoff=4.500_skin=1.000"": 3256, ""cutoff=5.000_skin=0.000"": 2528, ""cutoff=5.000_skin=0.250"": 2892, ""cutoff=5.000_skin=0.500"": 3256, ""cutoff=5.000_skin=1.000"": 4266, ""cutoff=6.000_skin=0.000"": 4266, ""cutoff=6.000_skin=0.250"": 4738, ""cutoff=6.000_skin=0.500"": 5312, ""cutoff=6.000_skin=1.000"": 6694}",0.0,,
OPT-MIX4-R256-v1,ac99f7f235977b62c7f867154f16d24041ba7ae2e5440b90e4b316254257ab0c,OPT-MIX4-R256-v1:0234,Aven12_19_454_z1,9ee3267c6b6179edcca25fbcb622e024c5e75b7071cd82d18bd821c37b4d6bb9,234,T2_test,Aven12_19_454_z1.cif,522edb4f28e9ecc92d680b9b66e504b170c225dac51db013d7f815bfe84c2615,9ee3267c6b6179edcca25fbcb622e024c5e75b7071cd82d18bd821c37b4d6bb9,0,184,"[""O"", ""C"", ""N"", ""C"", ""C"", ""C"", ""C"", ""C"", ""C"", ""N"", ""C"", ""C"", ""C"", ""C"", ""N"", ""C"", ""O"", ""N"", ""C"", ""C"", ""C"", ""C"", ""C"", ""C"", ""C"", ""N"", ""C"", ""O"", ""N"", ""C"", ""C"", ""C"", ""H"", ""H"", ""H"", ""H"", ""H"", ""H"", ""H"", ""H"", ""H"", ""H"", ""H"", ""H"", ""H"", ""H"", ""O"", ""C"", ""N"", ""C"", ""C"", ""C"", ""C"", ""C"", ""C"", ""N"", ""C"", ""C"", ""C"", ""C"", ""N"", ""C"", ""O"", ""N"", ""C"", ""C"", ""C"", ""C"", ""C"", ""C"", ""C"", ""N"", ""C"", ""O"", ""N"", ""C"", ""C"", ""C"", ""H"", ""H"", ""H"", ""H"", ""H"", ""H"", ""H"", ""H"", ""H"", ""H"", ""H"", ""H"", ""H"", ""H"", ""O"", ""C"", ""N"", ""C"", ""C"", ""C"", ""C"", ""C"", ""C"", ""N"", ""C"", ""C"", ""C"", ""C"", ""N"", ""C"", ""O"", ""N"", ""C"", ""C"", ""C"", ""C"", ""C"", ""C"", ""C"", ""N"", ""C"", ""O"", ""N"", ""C"", ""C"", ""C"", ""H"", ""H"", ""H"", ""H"", ""H"", ""H"", ""H"", ""H"", ""H"", ""H"", ""H"", ""H"", ""H"", ""H"", ""O"", ""C"", ""N"", ""C"", ""C"", ""C"", ""C"", ""C"", ""C"", ""N"", ""C"", ""C"", ""C"", ""C"", ""N"", ""C"", ""O"", ""N"", ""C"", ""C"", ""C"", ""C"", ""C"", ""C"", ""C"", ""N"", ""C"", ""O"", ""N"", ""C"", ""C"", ""C"", ""H"", ""H"", ""H"", ""H"", ""H"", ""H"", ""H"", ""H"", ""H"", ""H"", ""H"", ""H"", ""H"", ""H""]",C92H56N24O12,"[true, true, true]","[22.81816674289354, 0.0, 0.0, 0.0, 16.78637604968191, 0.0, 0.0, 0.0, 13.791257409945828]",5282.525010301826,[],"{""cutoff=4.500_skin=0.000"": 3432, ""cutoff=4.500_skin=0.250"": 4016, ""cutoff=4.500_skin=0.500"": 4376, ""cutoff=4.500_skin=1.000"": 5224, ""cutoff=5.000_skin=0.000"": 4376, ""cutoff=5.000_skin=0.250"": 4752, ""cutoff=5.000_skin=0.500"": 5224, ""cutoff=5.000_skin=1.000"": 6376, ""cutoff=6.000_skin=0.000"": 6376, ""cutoff=6.000_skin=0.250"": 6936, ""cutoff=6.000_skin=0.500"": 7616, ""cutoff=6.000_skin=1.000"": 9256}",0.0,,
OPT-MIX4-R256-v1,ac99f7f235977b62c7f867154f16d24041ba7ae2e5440b90e4b316254257ab0c,OPT-MIX4-R256-v1:0235,Aven12_148_469_z1,7254fd3cb9c792382be659da8824549d41d67f34f1352c6e9c9deec80d8a5b9a,235,T2_test,Aven12_148_469_z1.cif,a61aeb17eb11e23fcf6690b7d08dfda260ca408eaba85250b4de5722c7812dff,7254fd3cb9c792382be659da8824549d41d67f34f1352c6e9c9deec80d8a5b9a,0,276,"[""O"", ""C"", ""N"", ""C"", ""C"", ""C"", ""C"", ""C"", ""C"", ""N"", ""C"", ""C"", ""C"", ""C"", ""N"", ""C"", ""O"", ""N"", ""C"", ""C"", ""C"", ""C"", ""C"", ""C"", ""C"", ""N"", ""C"", ""O"", ""N"", ""C"", ""C"", ""C"", ""H"", ""H"", ""H"", ""H"", ""H"", ""H"", ""H"", ""H"", ""H"", ""H"", ""H"", ""H"", ""H"", ""H"", ""O"", ""C"", ""N"", ""C"", ""C"", ""C"", ""C"", ""C"", ""C"", ""N"", ""C"", ""C"", ""C"", ""C"", ""N"", ""C"", ""O"", ""N"", ""C"", ""C"", ""C"", ""C"", ""C"", ""C"", ""C"", ""N"", ""C"", ""O"", ""N"", ""C"", ""C"", ""C"", ""H"", ""H"", ""H"", ""H"", ""H"", ""H"", ""H"", ""H"", ""H"", ""H"", ""H"", ""H"", ""H"", ""H"", ""O"", ""C"", ""N"", ""C"", ""C"", ""C"", ""C"", ""C"", ""C"", ""N"", ""C"", ""C"", ""C"", ""C"", ""N"", ""C"", ""O"", ""N"", ""C"", ""C"", ""C"", ""C"", ""C"", ""C"", ""C"", ""N"", ""C"", ""O"", ""N"", ""C"", ""C"", ""C"", ""H"", ""H"", ""H"", ""H"", ""H"", ""H"", ""H"", ""H"", ""H"", ""H"", ""H"", ""H"", ""H"", ""H"", ""O"", ""C"", ""N"", ""C"", ""C"", ""C"", ""C"", ""C"", ""C"", ""N"", ""C"", ""C"", ""C"", ""C"", ""N"", ""C"", ""O"", ""N"", ""C"", ""C"", ""C"", ""C"", ""C"", ""C"", ""C"", ""N"", ""C"", ""O"", ""N"", ""C"", ""C"", ""C"", ""H"", ""H"", ""H"", ""H"", ""H"", ""H"", ""H"", ""H"", ""H"", ""H"", ""H"", ""H"", ""H"", ""H"", ""O"", ""C"", ""N"", ""C"", ""C"", ""C"", ""C"", ""C"", ""C"", ""N"", ""C"", ""C"", ""C"", ""C"", ""N"", ""C"", ""O"", ""N"", ""C"", ""C"", ""C"", ""C"", ""C"", ""C"", ""C"", ""N"", ""C"", ""O"", ""N"", ""C"", ""C"", ""C"", ""H"", ""H"", ""H"", ""H"", ""H"", ""H"", ""H"", ""H"", ""H"", ""H"", ""H"", ""H"", ""H"", ""H"", ""O"", ""C"", ""N"", ""C"", ""C"", ""C"", ""C"", ""C"", ""C"", ""N"", ""C"", ""C"", ""C"", ""C"", ""N"", ""C"", ""O"", ""N"", ""C"", ""C"", ""C"", ""C"", ""C"", ""C"", ""C"", ""N"", ""C"", ""O"", ""N"", ""C"", ""C"", ""C"", ""H"", ""H"", ""H"", ""H"", ""H"", ""H"", ""H"", ""H"", ""H"", ""H"", ""H"", ""H"", ""H"", ""H""]",C138H84N36O18,"[true, true, true]","[21.218068356215845, 0.0, 0.0, 6.14232010949877, 20.30956248769272, 0.0, 6.14232010949877, 4.5594321235460065, 19.79115729694128]",8528.597182699332,[],"{""cutoff=4.500_skin=0.000"": 5028, ""cutoff=4.500_skin=0.250"": 5844, ""cutoff=4.500_skin=0.500"": 6336, ""cutoff=4.500_skin=1.000"": 7698, ""cutoff=5.000_skin=0.000"": 6336, ""cutoff=5.000_skin=0.250"": 6954, ""cutoff=5.000_skin=0.500"": 7698, ""cutoff=5.000_skin=1.000"": 9480, ""cutoff=6.000_skin=0.000"": 9480, ""cutoff=6.000_skin=0.250"": 10482, ""cutoff=6.000_skin=0.500"": 11514, ""cutoff=6.000_skin=1.000"": 14046}",0.0,,
OPT-MIX4-R256-v1,ac99f7f235977b62c7f867154f16d24041ba7ae2e5440b90e4b316254257ab0c,OPT-MIX4-R256-v1:0236,Aven12_1_487_z1,d08f1186a430fd6a2d6962b6d2e8a803319718dc20b61290b91d69a4302a2374,236,T2_test,Aven12_1_487_z1.cif,0fd7d72172bbc774c75cfdf063f9d8c1ee7c785d0d653b929b4bf7c07f22a32f,d08f1186a430fd6a2d6962b6d2e8a803319718dc20b61290b91d69a4302a2374,0,46,"[""O"", ""C"", ""N"", ""C"", ""C"", ""C"", ""C"", ""C"", ""C"", ""N"", ""C"", ""C"", ""C"", ""C"", ""N"", ""C"", ""O"", ""N"", ""C"", ""C"", ""C"", ""C"", ""C"", ""C"", ""C"", ""N"", ""C"", ""O"", ""N"", ""C"", ""C"", ""C"", ""H"", ""H"", ""H"", ""H"", ""H"", ""H"", ""H"", ""H"", ""H"", ""H"", ""H"", ""H"", ""H"", ""H""]",C23H14N6O3,"[true, true, true]","[12.136140772127597, 0.0, 0.0, 0.41767995386852524, 10.767848295110145, 0.0, -2.500738760354351, -1.0451655136106301, 9.469334207777601]",1237.4537563715216,[],"{""cutoff=4.500_skin=0.000"": 870, ""cutoff=4.500_skin=0.250"": 1014, ""cutoff=4.500_skin=0.500"": 1110, ""cutoff=4.500_skin=1.000"": 1348, ""cutoff=5.000_skin=0.000"": 1110, ""cutoff=5.000_skin=0.250"": 1202, ""cutoff=5.000_skin=0.500"": 1348, ""cutoff=5.000_skin=1.000"": 1650, ""cutoff=6.000_skin=0.000"": 1650, ""cutoff=6.000_skin=0.250"": 1816, ""cutoff=6.000_skin=0.500"": 1998, ""cutoff=6.000_skin=1.000"": 2456}",0.0,,
OPT-MIX4-R256-v1,ac99f7f235977b62c7f867154f16d24041ba7ae2e5440b90e4b316254257ab0c,OPT-MIX4-R256-v1:0237,Aven12_2_445_z1,a40f2374c736cab9afaf744c9d3134bcf7d29a4554cb125f6638f19d91db4ae3,237,T2_test,Aven12_2_445_z1.cif,1ead500e96fabe0207afe644742b9ebdab0116071f8c00c9340dd1bf74178266,a40f2374c736cab9afaf744c9d3134bcf7d29a4554cb125f6638f19d91db4ae3,0,92,"[""O"", ""C"", ""N"", ""C"", ""C"", ""C"", ""C"", ""C"", ""C"", ""N"", ""C"", ""C"", ""C"", ""C"", ""N"", ""C"", ""O"", ""N"", ""C"", ""C"", ""C"", ""C"", ""C"", ""C"", ""C"", ""N"", ""C"", ""O"", ""N"", ""C"", ""C"", ""C"", ""H"", ""H"", ""H"", ""H"", ""H"", ""H"", ""H"", ""H"", ""H"", ""H"", ""H"", ""H"", ""H"", ""H"", ""O"", ""C"", ""N"", ""C"", ""C"", ""C"", ""C"", ""C"", ""C"", ""N"", ""C"", ""C"", ""C"", ""C"", ""N"", ""C"", ""O"", ""N"", ""C"", ""C"", ""C"", ""C"", ""C"", ""C"", ""C"", ""N"", ""C"", ""O"", ""N"", ""C"", ""C"", ""C"", ""H"", ""H"", ""H"", ""H"", ""H"", ""H"", ""H"", ""H"", ""H"", ""H"", ""H"", ""H"", ""H"", ""H""]",C46H28N12O6,"[true, true, true]","[13.975001467622697, 0.0, 0.0, 2.5904349880733166, 16.599281857210194, 0.0, -1.0635038000584116, 0.04447000858943096, 10.998058311692114]",2551.274448353415,[],"{""cutoff=4.500_skin=0.000"": 1780, ""cutoff=4.500_skin=0.250"": 2040, ""cutoff=4.500_skin=0.500"": 2208, ""cutoff=4.500_skin=1.000"": 2680, ""cutoff=5.000_skin=0.000"": 2208, ""cutoff=5.000_skin=0.250"": 2396, ""cutoff=5.000_skin=0.500"": 2680, ""cutoff=5.000_skin=1.000"": 3252, ""cutoff=6.000_skin=0.000"": 3252, ""cutoff=6.000_skin=0.250"": 3578, ""cutoff=6.000_skin=0.500"": 3950, ""cutoff=6.000_skin=1.000"": 4806}",0.0,,
OPT-MIX4-R256-v1,ac99f7f235977b62c7f867154f16d24041ba7ae2e5440b90e4b316254257ab0c,OPT-MIX4-R256-v1:0238,Aven12_77_494_z1,525563d1884d949aad22e1c73b5618b151addada4f046cd738ac8a1402bd1278,238,T2_test,Aven12_77_494_z1.cif,3f9ea1a3c41c904122a591eb7c1218be831ec1b6bf7d2be712b29bba4eb1521c,525563d1884d949aad22e1c73b5618b151addada4f046cd738ac8a1402bd1278,0,184,"[""O"", ""C"", ""N"", ""C"", ""C"", ""C"", ""C"", ""C"", ""C"", ""N"", ""C"", ""C"", ""C"", ""C"", ""N"", ""C"", ""O"", ""N"", ""C"", ""C"", ""C"", ""C"", ""C"", ""C"", ""C"", ""N"", ""C"", ""O"", ""N"", ""C"", ""C"", ""C"", ""H"", ""H"", ""H"", ""H"", ""H"", ""H"", ""H"", ""H"", ""H"", ""H"", ""H"", ""H"", ""H"", ""H"", ""O"", ""C"", ""N"", ""C"", ""C"", ""C"", ""C"", ""C"", ""C"", ""N"", ""C"", ""C"", ""C"", ""C"", ""N"", ""C"", ""O"", ""N"", ""C"", ""C"", ""C"", ""C"", ""C"", ""C"", ""C"", ""N"", ""C"", ""O"", ""N"", ""C"", ""C"", ""C"", ""H"", ""H"", ""H"", ""H"", ""H"", ""H"", ""H"", ""H"", ""H"", ""H"", ""H"", ""H"", ""H"", ""H"", ""O"", ""C"", ""N"", ""C"", ""C"", ""C"", ""C"", ""C"", ""C"", ""N"", ""C"", ""C"", ""C"", ""C"", ""N"", ""C"", ""O"", ""N"", ""C"", ""C"", ""C"", ""C"", ""C"", ""C"", ""C"", ""N"", ""C"", ""O"", ""N"", ""C"", ""C"", ""C"", ""H"", ""H"", ""H"", ""H"", ""H"", ""H"", ""H"", ""H"", ""H"", ""H"", ""H"", ""H"", ""H"", ""H"", ""O"", ""C"", ""N"", ""C"", ""C"", ""C"", ""C"", ""C"", ""C"", ""N"", ""C"", ""C"", ""C"", ""C"", ""N"", ""C"", ""O"", ""N"", ""C"", ""C"", ""C"", ""C"", ""C"", ""C"", ""C"", ""N"", ""C"", ""O"", ""N"", ""C"", ""C"", ""C"", ""H"", ""H"", ""H"", ""H"", ""H"", ""H"", ""H"", ""H"", ""H"", ""H"", ""H"", ""H"", ""H"", ""H""]",C92H56N24O12,"[true, true, true]","[15.480738472908145, 0.0, 0.0, 0.0, 15.480738472908145, 0.0, 0.0, 0.0, 21.852809435943456]",5237.09710160765,[],"{""cutoff=4.500_skin=0.000"": 3520, ""cutoff=4.500_skin=0.250"": 4044, ""cutoff=4.500_skin=0.500"": 4416, ""cutoff=4.500_skin=1.000"": 5316, ""cutoff=5.000_skin=0.000"": 4416, ""cutoff=5.000_skin=0.250"": 4828, ""cutoff=5.000_skin=0.500"": 5316, ""cutoff=5.000_skin=1.000"": 6620, ""cutoff=6.000_skin=0.000"": 6620, ""cutoff=6.000_skin=0.250"": 7152, ""cutoff=6.000_skin=0.500"": 7972, ""cutoff=6.000_skin=1.000"": 9912}",0.0,,
OPT-MIX4-R256-v1,ac99f7f235977b62c7f867154f16d24041ba7ae2e5440b90e4b316254257ab0c,OPT-MIX4-R256-v1:0239,Aven12_148_987_z1,1d1367eb65b88003d9e778063cda73b83ac6d0345c08519f72b46c8d64162f15,239,T2_test,Aven12_148_987_z1.cif,203cd6d8fa981d59c8fb1717241097cab887196ea2b94e1fdfe46504341e7f04,1d1367eb65b88003d9e778063cda73b83ac6d0345c08519f72b46c8d64162f15,0,276,"[""O"", ""C"", ""N"", ""C"", ""C"", ""C"", ""C"", ""C"", ""C"", ""N"", ""C"", ""C"", ""C"", ""C"", ""N"", ""C"", ""O"", ""N"", ""C"", ""C"", ""C"", ""C"", ""C"", ""C"", ""C"", ""N"", ""C"", ""O"", ""N"", ""C"", ""C"", ""C"", ""H"", ""H"", ""H"", ""H"", ""H"", ""H"", ""H"", ""H"", ""H"", ""H"", ""H"", ""H"", ""H"", ""H"", ""O"", ""C"", ""N"", ""C"", ""C"", ""C"", ""C"", ""C"", ""C"", ""N"", ""C"", ""C"", ""C"", ""C"", ""N"", ""C"", ""O"", ""N"", ""C"", ""C"", ""C"", ""C"", ""C"", ""C"", ""C"", ""N"", ""C"", ""O"", ""N"", ""C"", ""C"", ""C"", ""H"", ""H"", ""H"", ""H"", ""H"", ""H"", ""H"", ""H"", ""H"", ""H"", ""H"", ""H"", ""H"", ""H"", ""O"", ""C"", ""N"", ""C"", ""C"", ""C"", ""C"", ""C"", ""C"", ""N"", ""C"", ""C"", ""C"", ""C"", ""N"", ""C"", ""O"", ""N"", ""C"", ""C"", ""C"", ""C"", ""C"", ""C"", ""C"", ""N"", ""C"", ""O"", ""N"", ""C"", ""C"", ""C"", ""H"", ""H"", ""H"", ""H"", ""H"", ""H"", ""H"", ""H"", ""H"", ""H"", ""H"", ""H"", ""H"", ""H"", ""O"", ""C"", ""N"", ""C"", ""C"", ""C"", ""C"", ""C"", ""C"", ""N"", ""C"", ""C"", ""C"", ""C"", ""N"", ""C"", ""O"", ""N"", ""C"", ""C"", ""C"", ""C"", ""C"", ""C"", ""C"", ""N"", ""C"", ""O"", ""N"", ""C"", ""C"", ""C"", ""H"", ""H"", ""H"", ""H"", ""H"", ""H"", ""H"", ""H"", ""H"", ""H"", ""H"", ""H"", ""H"", ""H"", ""O"", ""C"", ""N"", ""C"", ""C"", ""C"", ""C"", ""C"", ""C"", ""N"", ""C"", ""C"", ""C"", ""C"", ""N"", ""C"", ""O"", ""N"", ""C"", ""C"", ""C"", ""C"", ""C"", ""C"", ""C"", ""N"", ""C"", ""O"", ""N"", ""C"", ""C"", ""C"", ""H"", ""H"", ""H"", ""H"", ""H"", ""H"", ""H"", ""H"", ""H"", ""H"", ""H"", ""H"", ""H"", ""H"", ""O"", ""C"", ""N"", ""C"", ""C"", ""C"", ""C"", ""C"", ""C"", ""N"", ""C"", ""C"", ""C"", ""C"", ""N"", ""C"", ""O"", ""N"", ""C"", ""C"", ""C"", ""C"", ""C"", ""C"", ""C"", ""N"", ""C"", ""O"", ""N"", ""C"", ""C"", ""C"", ""H"", ""H"", ""H"", ""H"", ""H"", ""H"", ""H"", ""H"", ""H"", ""H"", ""H"", ""H"", ""H"", ""H""]",C138H84N36O18,"[true, true, true]","[21.604990048501676, 0.0, 0.0, -5.488778870043817, 20.896145613763725, 0.0, -5.488778870043817, -7.1167051138852155, 19.6469185836766]",8869.8178650847,[],"{""cutoff=4.500_skin=0.000"": 4824, ""cutoff=4.500_skin=0.250"": 5580, ""cutoff=4.500_skin=0.500"": 5952, ""cutoff=4.500_skin=1.000"": 7044, ""cutoff=5.000_skin=0.000"": 5952, ""cutoff=5.000_skin=0.250"": 6414, ""cutoff=5.000_skin=0.500"": 7044, ""cutoff=5.000_skin=1.000"": 8694, ""cutoff=6.000_skin=0.000"": 8694, ""cutoff=6.000_skin=0.250"": 9504, ""cutoff=6.000_skin=0.500"": 10752, ""cutoff=6.000_skin=1.000"": 13578}",0.0,,
OPT-MIX4-R256-v1,ac99f7f235977b62c7f867154f16d24041ba7ae2e5440b90e4b316254257ab0c,OPT-MIX4-R256-v1:0240,Aven12_1_161_z1,497a3499c94f68687d9f2e265f8b022432bb779d991c534446eb44d79e86cd2f,240,T2_test,Aven12_1_161_z1.cif,b4a7ed9c9528067e8c7dfd77b86ef542a86c7e1043766780c96af43202ce6a6b,497a3499c94f68687d9f2e265f8b022432bb779d991c534446eb44d79e86cd2f,0,46,"[""O"", ""C"", ""N"", ""C"", ""C"", ""C"", ""C"", ""C"", ""C"", ""N"", ""C"", ""C"", ""C"", ""C"", ""N"", ""C"", ""O"", ""N"", ""C"", ""C"", ""C"", ""C"", ""C"", ""C"", ""C"", ""N"", ""C"", ""O"", ""N"", ""C"", ""C"", ""C"", ""H"", ""H"", ""H"", ""H"", ""H"", ""H"", ""H"", ""H"", ""H"", ""H"", ""H"", ""H"", ""H"", ""H""]",C23H14N6O3,"[true, true, true]","[13.386934611713592, 0.0, 0.0, -6.921252745045883, 11.833216859692781, 0.0, -3.690872096828286, -1.228331184496254, 8.792578506677167]",1392.8367605824285,[],"{""cutoff=4.500_skin=0.000"": 854, ""cutoff=4.500_skin=0.250"": 982, ""cutoff=4.500_skin=0.500"": 1070, ""cutoff=4.500_skin=1.000"": 1282, ""cutoff=5.000_skin=0.000"": 1070, ""cutoff=5.000_skin=0.250"": 1160, ""cutoff=5.000_skin=0.500"": 1282, ""cutoff=5.000_skin=1.000"": 1528, ""cutoff=6.000_skin=0.000"": 1528, ""cutoff=6.000_skin=0.250"": 1656, ""cutoff=6.000_skin=0.500"": 1820, ""cutoff=6.000_skin=1.000"": 2216}",0.0,,
OPT-MIX4-R256-v1,ac99f7f235977b62c7f867154f16d24041ba7ae2e5440b90e4b316254257ab0c,OPT-MIX4-R256-v1:0241,Aven12_2_2221_z1,433b1bed9448d3bebfcb528c2dd317034c69774679ab12747ed8abde9718cb18,241,T2_test,Aven12_2_2221_z1.cif,217658ac622a8927657e9c4b692268efcd69eedf61987aef131b4a2252ef6dfa,433b1bed9448d3bebfcb528c2dd317034c69774679ab12747ed8abde9718cb18,0,92,"[""O"", ""C"", ""N"", ""C"", ""C"", ""C"", ""C"", ""C"", ""C"", ""N"", ""C"", ""C"", ""C"", ""C"", ""N"", ""C"", ""O"", ""N"", ""C"", ""C"", ""C"", ""C"", ""C"", ""C"", ""C"", ""N"", ""C"", ""O"", ""N"", ""C"", ""C"", ""C"", ""H"", ""H"", ""H"", ""H"", ""H"", ""H"", ""H"", ""H"", ""H"", ""H"", ""H"", ""H"", ""H"", ""H"", ""O"", ""C"", ""N"", ""C"", ""C"", ""C"", ""C"", ""C"", ""C"", ""N"", ""C"", ""C"", ""C"", ""C"", ""N"", ""C"", ""O"", ""N"", ""C"", ""C"", ""C"", ""C"", ""C"", ""C"", ""C"", ""N"", ""C"", ""O"", ""N"", ""C"", ""C"", ""C"", ""H"", ""H"", ""H"", ""H"", ""H"", ""H"", ""H"", ""H"", ""H"", ""H"", ""H"", ""H"", ""H"", ""H""]",C46H28N12O6,"[true, true, true]","[14.101017795938716, 0.0, 0.0, 8.723633600660122, 18.340102049893293, 0.0, 6.056672279771115, 5.506568350905157, 19.038501228798207]",4923.624963154537,[],"{""cutoff=4.500_skin=0.000"": 1658, ""cutoff=4.500_skin=0.250"": 1908, ""cutoff=4.500_skin=0.500"": 2050, ""cutoff=4.500_skin=1.000"": 2358, ""cutoff=5.000_skin=0.000"": 2050, ""cutoff=5.000_skin=0.250"": 2178, ""cutoff=5.000_skin=0.500"": 2358, ""cutoff=5.000_skin=1.000"": 2814, ""cutoff=6.000_skin=0.000"": 2814, ""cutoff=6.000_skin=0.250"": 2986, ""cutoff=6.000_skin=0.500"": 3242, ""cutoff=6.000_skin=1.000"": 3798}",0.0,,
OPT-MIX4-R256-v1,ac99f7f235977b62c7f867154f16d24041ba7ae2e5440b90e4b316254257ab0c,OPT-MIX4-R256-v1:0242,Aven12_33_202_z1,d1d516ce31071ee1eb25500c660fe21dae8b032d61e57cf3d67aed61a4395bc2,242,T2_test,Aven12_33_202_z1.cif,68ed8ddc19c1ce58cfb80b7fd75f2208cb002ad77bda054d96c9853978fae1aa,d1d516ce31071ee1eb25500c660fe21dae8b032d61e57cf3d67aed61a4395bc2,0,184,"[""O"", ""C"", ""N"", ""C"", ""C"", ""C"", ""C"", ""C"", ""C"", ""N"", ""C"", ""C"", ""C"", ""C"", ""N"", ""C"", ""O"", ""N"", ""C"", ""C"", ""C"", ""C"", ""C"", ""C"", ""C"", ""N"", ""C"", ""O"", ""N"", ""C"", ""C"", ""C"", ""H"", ""H"", ""H"", ""H"", ""H"", ""H"", ""H"", ""H"", ""H"", ""H"", ""H"", ""H"", ""H"", ""H"", ""O"", ""C"", ""N"", ""C"", ""C"", ""C"", ""C"", ""C"", ""C"", ""N"", ""C"", ""C"", ""C"", ""C"", ""N"", ""C"", ""O"", ""N"", ""C"", ""C"", ""C"", ""C"", ""C"", ""C"", ""C"", ""N"", ""C"", ""O"", ""N"", ""C"", ""C"", ""C"", ""H"", ""H"", ""H"", ""H"", ""H"", ""H"", ""H"", ""H"", ""H"", ""H"", ""H"", ""H"", ""H"", ""H"", ""O"", ""C"", ""N"", ""C"", ""C"", ""C"", ""C"", ""C"", ""C"", ""N"", ""C"", ""C"", ""C"", ""C"", ""N"", ""C"", ""O"", ""N"", ""C"", ""C"", ""C"", ""C"", ""C"", ""C"", ""C"", ""N"", ""C"", ""O"", ""N"", ""C"", ""C"", ""C"", ""H"", ""H"", ""H"", ""H"", ""H"", ""H"", ""H"", ""H"", ""H"", ""H"", ""H"", ""H"", ""H"", ""H"", ""O"", ""C"", ""N"", ""C"", ""C"", ""C"", ""C"", ""C"", ""C"", ""N"", ""C"", ""C"", ""C"", ""C"", ""N"", ""C"", ""O"", ""N"", ""C"", ""C"", ""C"", ""C"", ""C"", ""C"", ""C"", ""N"", ""C"", ""O"", ""N"", ""C"", ""C"", ""C"", ""H"", ""H"", ""H"", ""H"", ""H"", ""H"", ""H"", ""H"", ""H"", ""H"", ""H"", ""H"", ""H"", ""H""]",C92H56N24O12,"[true, true, true]","[21.689788902542716, 0.0, 0.0, 0.0, 13.567604326966716, 0.0, 0.0, 0.0, 15.101252855428697]",4443.973642236914,[],"{""cutoff=4.500_skin=0.000"": 3656, ""cutoff=4.500_skin=0.250"": 4288, ""cutoff=4.500_skin=0.500"": 4824, ""cutoff=4.500_skin=1.000"": 5816, ""cutoff=5.000_skin=0.000"": 4824, ""cutoff=5.000_skin=0.250"": 5272, ""cutoff=5.000_skin=0.500"": 5816, ""cutoff=5.000_skin=1.000"": 7232, ""cutoff=6.000_skin=0.000"": 7232, ""cutoff=6.000_skin=0.250"": 7952, ""cutoff=6.000_skin=0.500"": 8816, ""cutoff=6.000_skin=1.000"": 10872}",0.0,,
OPT-MIX4-R256-v1,ac99f7f235977b62c7f867154f16d24041ba7ae2e5440b90e4b316254257ab0c,OPT-MIX4-R256-v1:0243,Aven12_148_843_z1,6571e039a002b9c5819163015323500577277742c5b44ea147f048589f0a63a4,243,T2_test,Aven12_148_843_z1.cif,9b1c2624afbc3d718742e2f5b3b14d8872c344cc50abfce9c27bf84aaec421bf,6571e039a002b9c5819163015323500577277742c5b44ea147f048589f0a63a4,0,276,"[""O"", ""C"", ""N"", ""C"", ""C"", ""C"", ""C"", ""C"", ""C"", ""N"", ""C"", ""C"", ""C"", ""C"", ""N"", ""C"", ""O"", ""N"", ""C"", ""C"", ""C"", ""C"", ""C"", ""C"", ""C"", ""N"", ""C"", ""O"", ""N"", ""C"", ""C"", ""C"", ""H"", ""H"", ""H"", ""H"", ""H"", ""H"", ""H"", ""H"", ""H"", ""H"", ""H"", ""H"", ""H"", ""H"", ""O"", ""C"", ""N"", ""C"", ""C"", ""C"", ""C"", ""C"", ""C"", ""N"", ""C"", ""C"", ""C"", ""C"", ""N"", ""C"", ""O"", ""N"", ""C"", ""C"", ""C"", ""C"", ""C"", ""C"", ""C"", ""N"", ""C"", ""O"", ""N"", ""C"", ""C"", ""C"", ""H"", ""H"", ""H"", ""H"", ""H"", ""H"", ""H"", ""H"", ""H"", ""H"", ""H"", ""H"", ""H"", ""H"", ""O"", ""C"", ""N"", ""C"", ""C"", ""C"", ""C"", ""C"", ""C"", ""N"", ""C"", ""C"", ""C"", ""C"", ""N"", ""C"", ""O"", ""N"", ""C"", ""C"", ""C"", ""C"", ""C"", ""C"", ""C"", ""N"", ""C"", ""O"", ""N"", ""C"", ""C"", ""C"", ""H"", ""H"", ""H"", ""H"", ""H"", ""H"", ""H"", ""H"", ""H"", ""H"", ""H"", ""H"", ""H"", ""H"", ""O"", ""C"", ""N"", ""C"", ""C"", ""C"", ""C"", ""C"", ""C"", ""N"", ""C"", ""C"", ""C"", ""C"", ""N"", ""C"", ""O"", ""N"", ""C"", ""C"", ""C"", ""C"", ""C"", ""C"", ""C"", ""N"", ""C"", ""O"", ""N"", ""C"", ""C"", ""C"", ""H"", ""H"", ""H"", ""H"", ""H"", ""H"", ""H"", ""H"", ""H"", ""H"", ""H"", ""H"", ""H"", ""H"", ""O"", ""C"", ""N"", ""C"", ""C"", ""C"", ""C"", ""C"", ""C"", ""N"", ""C"", ""C"", ""C"", ""C"", ""N"", ""C"", ""O"", ""N"", ""C"", ""C"", ""C"", ""C"", ""C"", ""C"", ""C"", ""N"", ""C"", ""O"", ""N"", ""C"", ""C"", ""C"", ""H"", ""H"", ""H"", ""H"", ""H"", ""H"", ""H"", ""H"", ""H"", ""H"", ""H"", ""H"", ""H"", ""H"", ""O"", ""C"", ""N"", ""C"", ""C"", ""C"", ""C"", ""C"", ""C"", ""N"", ""C"", ""C"", ""C"", ""C"", ""N"", ""C"", ""O"", ""N"", ""C"", ""C"", ""C"", ""C"", ""C"", ""C"", ""C"", ""N"", ""C"", ""O"", ""N"", ""C"", ""C"", ""C"", ""H"", ""H"", ""H"", ""H"", ""H"", ""H"", ""H"", ""H"", ""H"", ""H"", ""H"", ""H"", ""H"", ""H""]",C138H84N36O18,"[true, true, true]","[27.758856529892, 0.0, 0.0, -11.909321565162843, 25.07433300617735, 0.0, -11.909321565162843, -18.84082375079611, 16.545257208520884]",11516.074998917173,[],"{""cutoff=4.500_skin=0.000"": 5112, ""cutoff=4.500_skin=0.250"": 5868, ""cutoff=4.500_skin=0.500"": 6360, ""cutoff=4.500_skin=1.000"": 7560, ""cutoff=5.000_skin=0.000"": 6360, ""cutoff=5.000_skin=0.250"": 6960, ""cutoff=5.000_skin=0.500"": 7560, ""cutoff=5.000_skin=1.000"": 9108, ""cutoff=6.000_skin=0.000"": 9108, ""cutoff=6.000_skin=0.250"": 9816, ""cutoff=6.000_skin=0.500"": 10812, ""cutoff=6.000_skin=1.000"": 13152}",0.0,,
OPT-MIX4-R256-v1,ac99f7f235977b62c7f867154f16d24041ba7ae2e5440b90e4b316254257ab0c,OPT-MIX4-R256-v1:0244,Aven12_1_385_z1,81c07650376f8934fba4da311079f52cc7b8dab965704bb6e961fca91f364a7c,244,T2_test,Aven12_1_385_z1.cif,2d406360076409c89ac24b6f71c3635e3dfb650acfe55bee0803d1056b13b880,81c07650376f8934fba4da311079f52cc7b8dab965704bb6e961fca91f364a7c,0,46,"[""O"", ""C"", ""N"", ""C"", ""C"", ""C"", ""C"", ""C"", ""C"", ""N"", ""C"", ""C"", ""C"", ""C"", ""N"", ""C"", ""O"", ""N"", ""C"", ""C"", ""C"", ""C"", ""C"", ""C"", ""C"", ""N"", ""C"", ""O"", ""N"", ""C"", ""C"", ""C"", ""H"", ""H"", ""H"", ""H"", ""H"", ""H"", ""H"", ""H"", ""H"", ""H"", ""H"", ""H"", ""H"", ""H""]",C23H14N6O3,"[true, true, true]","[11.510377677940859, 0.0, 0.0, -2.7127740327537837, 10.679118254034135, 0.0, 4.4325645485921426, 1.65846800631911, 9.480217322187285]",1165.3148012321537,[],"{""cutoff=4.500_skin=0.000"": 866, ""cutoff=4.500_skin=0.250"": 1002, ""cutoff=4.500_skin=0.500"": 1100, ""cutoff=4.500_skin=1.000"": 1358, ""cutoff=5.000_skin=0.000"": 1100, ""cutoff=5.000_skin=0.250"": 1202, ""cutoff=5.000_skin=0.500"": 1358, ""cutoff=5.000_skin=1.000"": 1722, ""cutoff=6.000_skin=0.000"": 1722, ""cutoff=6.000_skin=0.250"": 1886, ""cutoff=6.000_skin=0.500"": 2080, ""cutoff=6.000_skin=1.000"": 2598}",0.0,,
OPT-MIX4-R256-v1,ac99f7f235977b62c7f867154f16d24041ba7ae2e5440b90e4b316254257ab0c,OPT-MIX4-R256-v1:0245,Aven12_4_328_z1,f01723b98329de4603904350f4376b4290dc4d175de2dd1ae6c5e99afd16e4d9,245,T2_test,Aven12_4_328_z1.cif,28273e043d6d0531c25de2b0b380ae305436bdb1c850cb00adde98976feb39c4,f01723b98329de4603904350f4376b4290dc4d175de2dd1ae6c5e99afd16e4d9,0,92,"[""O"", ""C"", ""N"", ""C"", ""C"", ""C"", ""C"", ""C"", ""C"", ""N"", ""C"", ""C"", ""C"", ""C"", ""N"", ""C"", ""O"", ""N"", ""C"", ""C"", ""C"", ""C"", ""C"", ""C"", ""C"", ""N"", ""C"", ""O"", ""N"", ""C"", ""C"", ""C"", ""H"", ""H"", ""H"", ""H"", ""H"", ""H"", ""H"", ""H"", ""H"", ""H"", ""H"", ""H"", ""H"", ""H"", ""O"", ""C"", ""N"", ""C"", ""C"", ""C"", ""C"", ""C"", ""C"", ""N"", ""C"", ""C"", ""C"", ""C"", ""N"", ""C"", ""O"", ""N"", ""C"", ""C"", ""C"", ""C"", ""C"", ""C"", ""C"", ""N"", ""C"", ""O"", ""N"", ""C"", ""C"", ""C"", ""H"", ""H"", ""H"", ""H"", ""H"", ""H"", ""H"", ""H"", ""H"", ""H"", ""H"", ""H"", ""H"", ""H""]",C46H28N12O6,"[true, true, true]","[16.49141718461452, 0.0, 0.0, 0.0, 16.63757561431808, 0.0, 4.3055717992194875, 0.0, 11.319355799864248]",3105.7731546562454,[],"{""cutoff=4.500_skin=0.000"": 1632, ""cutoff=4.500_skin=0.250"": 1856, ""cutoff=4.500_skin=0.500"": 1996, ""cutoff=4.500_skin=1.000"": 2316, ""cutoff=5.000_skin=0.000"": 1996, ""cutoff=5.000_skin=0.250"": 2140, ""cutoff=5.000_skin=0.500"": 2316, ""cutoff=5.000_skin=1.000"": 2760, ""cutoff=6.000_skin=0.000"": 2760, ""cutoff=6.000_skin=0.250"": 2972, ""cutoff=6.000_skin=0.500"": 3220, ""cutoff=6.000_skin=1.000"": 3848}",0.0,,
OPT-MIX4-R256-v1,ac99f7f235977b62c7f867154f16d24041ba7ae2e5440b90e4b316254257ab0c,OPT-MIX4-R256-v1:0246,Aven12_19_81_z1,e929b37770a7e60a61c4b8ab376c9d43cb7023414b0a18ddf7d30552db0d5ef9,246,T2_test,Aven12_19_81_z1.cif,856c2013a7923f9856b287e3bdbebfa9bacd46ecbc1d858eddc2bc5f3b2693f0,e929b37770a7e60a61c4b8ab376c9d43cb7023414b0a18ddf7d30552db0d5ef9,0,184,"[""O"", ""C"", ""N"", ""C"", ""C"", ""C"", ""C"", ""C"", ""C"", ""N"", ""C"", ""C"", ""C"", ""C"", ""N"", ""C"", ""O"", ""N"", ""C"", ""C"", ""C"", ""C"", ""C"", ""C"", ""C"", ""N"", ""C"", ""O"", ""N"", ""C"", ""C"", ""C"", ""H"", ""H"", ""H"", ""H"", ""H"", ""H"", ""H"", ""H"", ""H"", ""H"", ""H"", ""H"", ""H"", ""H"", ""O"", ""C"", ""N"", ""C"", ""C"", ""C"", ""C"", ""C"", ""C"", ""N"", ""C"", ""C"", ""C"", ""C"", ""N"", ""C"", ""O"", ""N"", ""C"", ""C"", ""C"", ""C"", ""C"", ""C"", ""C"", ""N"", ""C"", ""O"", ""N"", ""C"", ""C"", ""C"", ""H"", ""H"", ""H"", ""H"", ""H"", ""H"", ""H"", ""H"", ""H"", ""H"", ""H"", ""H"", ""H"", ""H"", ""O"", ""C"", ""N"", ""C"", ""C"", ""C"", ""C"", ""C"", ""C"", ""N"", ""C"", ""C"", ""C"", ""C"", ""N"", ""C"", ""O"", ""N"", ""C"", ""C"", ""C"", ""C"", ""C"", ""C"", ""C"", ""N"", ""C"", ""O"", ""N"", ""C"", ""C"", ""C"", ""H"", ""H"", ""H"", ""H"", ""H"", ""H"", ""H"", ""H"", ""H"", ""H"", ""H"", ""H"", ""H"", ""H"", ""O"", ""C"", ""N"", ""C"", ""C"", ""C"", ""C"", ""C"", ""C"", ""N"", ""C"", ""C"", ""C"", ""C"", ""N"", ""C"", ""O"", ""N"", ""C"", ""C"", ""C"", ""C"", ""C"", ""C"", ""C"", ""N"", ""C"", ""O"", ""N"", ""C"", ""C"", ""C"", ""H"", ""H"", ""H"", ""H"", ""H"", ""H"", ""H"", ""H"", ""H"", ""H"", ""H"", ""H"", ""H"", ""H""]",C92H56N24O12,"[true, true, true]","[14.071825383256275, 0.0, 0.0, 0.0, 12.64484719050148, 0.0, 0.0, 0.0, 23.01967704688024]",4096.031134862562,[],"{""cutoff=4.500_skin=0.000"": 3568, ""cutoff=4.500_skin=0.250"": 4144, ""cutoff=4.500_skin=0.500"": 4608, ""cutoff=4.500_skin=1.000"": 5664, ""cutoff=5.000_skin=0.000"": 4608, ""cutoff=5.000_skin=0.250"": 5088, ""cutoff=5.000_skin=0.500"": 5664, ""cutoff=5.000_skin=1.000"": 7216, ""cutoff=6.000_skin=0.000"": 7216, ""cutoff=6.000_skin=0.250"": 8008, ""cutoff=6.000_skin=0.500"": 8936, ""cutoff=6.000_skin=1.000"": 11224}",0.0,,
OPT-MIX4-R256-v1,ac99f7f235977b62c7f867154f16d24041ba7ae2e5440b90e4b316254257ab0c,OPT-MIX4-R256-v1:0247,Aven12_148_1778_z1,a8e15c2c58b7a35e69aa679b0e77b2fb56dc7c10b4d7865111b87f2d1949f050,247,T2_test,Aven12_148_1778_z1.cif,5ea5d8ed2b2be915d077d1119edf6f9f6f6321738499e14a4df8484d2d6b1f0d,a8e15c2c58b7a35e69aa679b0e77b2fb56dc7c10b4d7865111b87f2d1949f050,0,276,"[""O"", ""C"", ""N"", ""C"", ""C"", ""C"", ""C"", ""C"", ""C"", ""N"", ""C"", ""C"", ""C"", ""C"", ""N"", ""C"", ""O"", ""N"", ""C"", ""C"", ""C"", ""C"", ""C"", ""C"", ""C"", ""N"", ""C"", ""O"", ""N"", ""C"", ""C"", ""C"", ""H"", ""H"", ""H"", ""H"", ""H"", ""H"", ""H"", ""H"", ""H"", ""H"", ""H"", ""H"", ""H"", ""H"", ""O"", ""C"", ""N"", ""C"", ""C"", ""C"", ""C"", ""C"", ""C"", ""N"", ""C"", ""C"", ""C"", ""C"", ""N"", ""C"", ""O"", ""N"", ""C"", ""C"", ""C"", ""C"", ""C"", ""C"", ""C"", ""N"", ""C"", ""O"", ""N"", ""C"", ""C"", ""C"", ""H"", ""H"", ""H"", ""H"", ""H"", ""H"", ""H"", ""H"", ""H"", ""H"", ""H"", ""H"", ""H"", ""H"", ""O"", ""C"", ""N"", ""C"", ""C"", ""C"", ""C"", ""C"", ""C"", ""N"", ""C"", ""C"", ""C"", ""C"", ""N"", ""C"", ""O"", ""N"", ""C"", ""C"", ""C"", ""C"", ""C"", ""C"", ""C"", ""N"", ""C"", ""O"", ""N"", ""C"", ""C"", ""C"", ""H"", ""H"", ""H"", ""H"", ""H"", ""H"", ""H"", ""H"", ""H"", ""H"", ""H"", ""H"", ""H"", ""H"", ""O"", ""C"", ""N"", ""C"", ""C"", ""C"", ""C"", ""C"", ""C"", ""N"", ""C"", ""C"", ""C"", ""C"", ""N"", ""C"", ""O"", ""N"", ""C"", ""C"", ""C"", ""C"", ""C"", ""C"", ""C"", ""N"", ""C"", ""O"", ""N"", ""C"", ""C"", ""C"", ""H"", ""H"", ""H"", ""H"", ""H"", ""H"", ""H"", ""H"", ""H"", ""H"", ""H"", ""H"", ""H"", ""H"", ""O"", ""C"", ""N"", ""C"", ""C"", ""C"", ""C"", ""C"", ""C"", ""N"", ""C"", ""C"", ""C"", ""C"", ""N"", ""C"", ""O"", ""N"", ""C"", ""C"", ""C"", ""C"", ""C"", ""C"", ""C"", ""N"", ""C"", ""O"", ""N"", ""C"", ""C"", ""C"", ""H"", ""H"", ""H"", ""H"", ""H"", ""H"", ""H"", ""H"", ""H"", ""H"", ""H"", ""H"", ""H"", ""H"", ""O"", ""C"", ""N"", ""C"", ""C"", ""C"", ""C"", ""C"", ""C"", ""N"", ""C"", ""C"", ""C"", ""C"", ""N"", ""C"", ""O"", ""N"", ""C"", ""C"", ""C"", ""C"", ""C"", ""C"", ""C"", ""N"", ""C"", ""O"", ""N"", ""C"", ""C"", ""C"", ""H"", ""H"", ""H"", ""H"", ""H"", ""H"", ""H"", ""H"", ""H"", ""H"", ""H"", ""H"", ""H"", ""H""]",C138H84N36O18,"[true, true, true]","[22.866716814457305, 0.0, 0.0, -6.473088468208116, 21.931389913895917, 0.0, -6.473088468208116, -8.659695349010173, 20.149331006702607]",10104.866983155298,[],"{""cutoff=4.500_skin=0.000"": 5028, ""cutoff=4.500_skin=0.250"": 5796, ""cutoff=4.500_skin=0.500"": 6324, ""cutoff=4.500_skin=1.000"": 7488, ""cutoff=5.000_skin=0.000"": 6324, ""cutoff=5.000_skin=0.250"": 6840, ""cutoff=5.000_skin=0.500"": 7488, ""cutoff=5.000_skin=1.000"": 9048, ""cutoff=6.000_skin=0.000"": 9048, ""cutoff=6.000_skin=0.250"": 9918, ""cutoff=6.000_skin=0.500"": 10974, ""cutoff=6.000_skin=1.000"": 13410}",0.0,,
OPT-MIX4-R256-v1,ac99f7f235977b62c7f867154f16d24041ba7ae2e5440b90e4b316254257ab0c,OPT-MIX4-R256-v1:0248,Aven12_1_505_z1,1813f2c47caac734aca0c0aa8104c7f1371a99ae99a8b258ddbd89cabc315979,248,T2_test,Aven12_1_505_z1.cif,9a1d88150f17ff13f93e1c0a60c8ac089f802ec4634075557f25909f81c1b179,1813f2c47caac734aca0c0aa8104c7f1371a99ae99a8b258ddbd89cabc315979,0,46,"[""O"", ""C"", ""N"", ""C"", ""C"", ""C"", ""C"", ""C"", ""C"", ""N"", ""C"", ""C"", ""C"", ""C"", ""N"", ""C"", ""O"", ""N"", ""C"", ""C"", ""C"", ""C"", ""C"", ""C"", ""C"", ""N"", ""C"", ""O"", ""N"", ""C"", ""C"", ""C"", ""H"", ""H"", ""H"", ""H"", ""H"", ""H"", ""H"", ""H"", ""H"", ""H"", ""H"", ""H"", ""H"", ""H""]",C23H14N6O3,"[true, true, true]","[10.951443395773195, 0.0, 0.0, 3.5959729805296154, 9.824352454457214, 0.0, 0.9435352575795011, 4.890214711201925, 10.64406738587882]",1145.204148988922,[],"{""cutoff=4.500_skin=0.000"": 868, ""cutoff=4.500_skin=0.250"": 1014, ""cutoff=4.500_skin=0.500"": 1126, ""cutoff=4.500_skin=1.000"": 1382, ""cutoff=5.000_skin=0.000"": 1126, ""cutoff=5.000_skin=0.250"": 1230, ""cutoff=5.000_skin=0.500"": 1382, ""cutoff=5.000_skin=1.000"": 1702, ""cutoff=6.000_skin=0.000"": 1702, ""cutoff=6.000_skin=0.250"": 1866, ""cutoff=6.000_skin=0.500"": 2056, ""cutoff=6.000_skin=1.000"": 2576}",0.0,,
OPT-MIX4-R256-v1,ac99f7f235977b62c7f867154f16d24041ba7ae2e5440b90e4b316254257ab0c,OPT-MIX4-R256-v1:0249,Aven12_4_13_z1,153dc7ba9b4c08f247568f1ee2a8a031fea4cde0bdf51d530eb71ce3f732e2d5,249,T2_test,Aven12_4_13_z1.cif,e9f24feed05e701db6f4fc3ec876d98397501c46fbc27984442363536a2c40c3,153dc7ba9b4c08f247568f1ee2a8a031fea4cde0bdf51d530eb71ce3f732e2d5,0,92,"[""O"", ""C"", ""N"", ""C"", ""C"", ""C"", ""C"", ""C"", ""C"", ""N"", ""C"", ""C"", ""C"", ""C"", ""N"", ""C"", ""O"", ""N"", ""C"", ""C"", ""C"", ""C"", ""C"", ""C"", ""C"", ""N"", ""C"", ""O"", ""N"", ""C"", ""C"", ""C"", ""H"", ""H"", ""H"", ""H"", ""H"", ""H"", ""H"", ""H"", ""H"", ""H"", ""H"", ""H"", ""H"", ""H"", ""O"", ""C"", ""N"", ""C"", ""C"", ""C"", ""C"", ""C"", ""C"", ""N"", ""C"", ""C"", ""C"", ""C"", ""N"", ""C"", ""O"", ""N"", ""C"", ""C"", ""C"", ""C"", ""C"", ""C"", ""C"", ""N"", ""C"", ""O"", ""N"", ""C"", ""C"", ""C"", ""H"", ""H"", ""H"", ""H"", ""H"", ""H"", ""H"", ""H"", ""H"", ""H"", ""H"", ""H"", ""H"", ""H""]",C46H28N12O6,"[true, true, true]","[13.989412263178668, 0.0, 0.0, 0.0, 13.888705539381597, 0.0, 3.5163602009658876, 0.0, 12.588323948759653]",2445.8462313003097,[],"{""cutoff=4.500_skin=0.000"": 1776, ""cutoff=4.500_skin=0.250"": 2116, ""cutoff=4.500_skin=0.500"": 2312, ""cutoff=4.500_skin=1.000"": 2776, ""cutoff=5.000_skin=0.000"": 2312, ""cutoff=5.000_skin=0.250"": 2476, ""cutoff=5.000_skin=0.500"": 2776, ""cutoff=5.000_skin=1.000"": 3456, ""cutoff=6.000_skin=0.000"": 3456, ""cutoff=6.000_skin=0.250"": 3760, ""cutoff=6.000_skin=0.500"": 4244, ""cutoff=6.000_skin=1.000"": 5244}",0.0,,
OPT-MIX4-R256-v1,ac99f7f235977b62c7f867154f16d24041ba7ae2e5440b90e4b316254257ab0c,OPT-MIX4-R256-v1:0250,Aven12_9_77_z1,747a33a07321766387b990f23c26f7b7d928d87031722fe3f7fa0df1680c34c8,250,T2_test,Aven12_9_77_z1.cif,b9a7c919f5bbdf0181361c199b81359c115515a30b9871f9f90aea34e0c54816,747a33a07321766387b990f23c26f7b7d928d87031722fe3f7fa0df1680c34c8,0,184,"[""O"", ""C"", ""N"", ""C"", ""C"", ""C"", ""C"", ""C"", ""C"", ""N"", ""C"", ""C"", ""C"", ""C"", ""N"", ""C"", ""O"", ""N"", ""C"", ""C"", ""C"", ""C"", ""C"", ""C"", ""C"", ""N"", ""C"", ""O"", ""N"", ""C"", ""C"", ""C"", ""H"", ""H"", ""H"", ""H"", ""H"", ""H"", ""H"", ""H"", ""H"", ""H"", ""H"", ""H"", ""H"", ""H"", ""O"", ""C"", ""N"", ""C"", ""C"", ""C"", ""C"", ""C"", ""C"", ""N"", ""C"", ""C"", ""C"", ""C"", ""N"", ""C"", ""O"", ""N"", ""C"", ""C"", ""C"", ""C"", ""C"", ""C"", ""C"", ""N"", ""C"", ""O"", ""N"", ""C"", ""C"", ""C"", ""H"", ""H"", ""H"", ""H"", ""H"", ""H"", ""H"", ""H"", ""H"", ""H"", ""H"", ""H"", ""H"", ""H"", ""O"", ""C"", ""N"", ""C"", ""C"", ""C"", ""C"", ""C"", ""C"", ""N"", ""C"", ""C"", ""C"", ""C"", ""N"", ""C"", ""O"", ""N"", ""C"", ""C"", ""C"", ""C"", ""C"", ""C"", ""C"", ""N"", ""C"", ""O"", ""N"", ""C"", ""C"", ""C"", ""H"", ""H"", ""H"", ""H"", ""H"", ""H"", ""H"", ""H"", ""H"", ""H"", ""H"", ""H"", ""H"", ""H"", ""O"", ""C"", ""N"", ""C"", ""C"", ""C"", ""C"", ""C"", ""C"", ""N"", ""C"", ""C"", ""C"", ""C"", ""N"", ""C"", ""O"", ""N"", ""C"", ""C"", ""C"", ""C"", ""C"", ""C"", ""C"", ""N"", ""C"", ""O"", ""N"", ""C"", ""C"", ""C"", ""H"", ""H"", ""H"", ""H"", ""H"", ""H"", ""H"", ""H"", ""H"", ""H"", ""H"", ""H"", ""H"", ""H""]",C92H56N24O12,"[true, true, true]","[14.169295704737706, 0.0, 0.0, 0.0, 17.550078456689462, 0.0, 2.8398042225905877, 0.0, 11.590280759739978]",2882.181209656157,[],"{""cutoff=4.500_skin=0.000"": 4168, ""cutoff=4.500_skin=0.250"": 5024, ""cutoff=4.500_skin=0.500"": 5824, ""cutoff=4.500_skin=1.000"": 7776, ""cutoff=5.000_skin=0.000"": 5824, ""cutoff=5.000_skin=0.250"": 6672, ""cutoff=5.000_skin=0.500"": 7776, ""cutoff=5.000_skin=1.000"": 10088, ""cutoff=6.000_skin=0.000"": 10088, ""cutoff=6.000_skin=0.250"": 11456, ""cutoff=6.000_skin=0.500"": 13064, ""cutoff=6.000_skin=1.000"": 16576}",0.0,,
OPT-MIX4-R256-v1,ac99f7f235977b62c7f867154f16d24041ba7ae2e5440b90e4b316254257ab0c,OPT-MIX4-R256-v1:0251,Aven12_148_536_z1,965028a433aa19b0c14d117893dd7d8cca63bf783b8d16fccc4b6895f0345cf3,251,T2_test,Aven12_148_536_z1.cif,ae17c6d3d7f5324ffcaf2dfb83e04e75bccdd933f6cedcada024a904f07d55b9,965028a433aa19b0c14d117893dd7d8cca63bf783b8d16fccc4b6895f0345cf3,0,276,"[""O"", ""C"", ""N"", ""C"", ""C"", ""C"", ""C"", ""C"", ""C"", ""N"", ""C"", ""C"", ""C"", ""C"", ""N"", ""C"", ""O"", ""N"", ""C"", ""C"", ""C"", ""C"", ""C"", ""C"", ""C"", ""N"", ""C"", ""O"", ""N"", ""C"", ""C"", ""C"", ""H"", ""H"", ""H"", ""H"", ""H"", ""H"", ""H"", ""H"", ""H"", ""H"", ""H"", ""H"", ""H"", ""H"", ""O"", ""C"", ""N"", ""C"", ""C"", ""C"", ""C"", ""C"", ""C"", ""N"", ""C"", ""C"", ""C"", ""C"", ""N"", ""C"", ""O"", ""N"", ""C"", ""C"", ""C"", ""C"", ""C"", ""C"", ""C"", ""N"", ""C"", ""O"", ""N"", ""C"", ""C"", ""C"", ""H"", ""H"", ""H"", ""H"", ""H"", ""H"", ""H"", ""H"", ""H"", ""H"", ""H"", ""H"", ""H"", ""H"", ""O"", ""C"", ""N"", ""C"", ""C"", ""C"", ""C"", ""C"", ""C"", ""N"", ""C"", ""C"", ""C"", ""C"", ""N"", ""C"", ""O"", ""N"", ""C"", ""C"", ""C"", ""C"", ""C"", ""C"", ""C"", ""N"", ""C"", ""O"", ""N"", ""C"", ""C"", ""C"", ""H"", ""H"", ""H"", ""H"", ""H"", ""H"", ""H"", ""H"", ""H"", ""H"", ""H"", ""H"", ""H"", ""H"", ""O"", ""C"", ""N"", ""C"", ""C"", ""C"", ""C"", ""C"", ""C"", ""N"", ""C"", ""C"", ""C"", ""C"", ""N"", ""C"", ""O"", ""N"", ""C"", ""C"", ""C"", ""C"", ""C"", ""C"", ""C"", ""N"", ""C"", ""O"", ""N"", ""C"", ""C"", ""C"", ""H"", ""H"", ""H"", ""H"", ""H"", ""H"", ""H"", ""H"", ""H"", ""H"", ""H"", ""H"", ""H"", ""H"", ""O"", ""C"", ""N"", ""C"", ""C"", ""C"", ""C"", ""C"", ""C"", ""N"", ""C"", ""C"", ""C"", ""C"", ""N"", ""C"", ""O"", ""N"", ""C"", ""C"", ""C"", ""C"", ""C"", ""C"", ""C"", ""N"", ""C"", ""O"", ""N"", ""C"", ""C"", ""C"", ""H"", ""H"", ""H"", ""H"", ""H"", ""H"", ""H"", ""H"", ""H"", ""H"", ""H"", ""H"", ""H"", ""H"", ""O"", ""C"", ""N"", ""C"", ""C"", ""C"", ""C"", ""C"", ""C"", ""N"", ""C"", ""C"", ""C"", ""C"", ""N"", ""C"", ""O"", ""N"", ""C"", ""C"", ""C"", ""C"", ""C"", ""C"", ""C"", ""N"", ""C"", ""O"", ""N"", ""C"", ""C"", ""C"", ""H"", ""H"", ""H"", ""H"", ""H"", ""H"", ""H"", ""H"", ""H"", ""H"", ""H"", ""H"", ""H"", ""H""]",C138H84N36O18,"[true, true, true]","[22.96201832397327, 0.0, 0.0, 2.400858437783327, 22.836159140105167, 0.0, 2.400858437783327, 2.161678498582396, 22.733616305836062]",11920.696905804567,[],"{""cutoff=4.500_skin=0.000"": 5448, ""cutoff=4.500_skin=0.250"": 6276, ""cutoff=4.500_skin=0.500"": 6876, ""cutoff=4.500_skin=1.000"": 8328, ""cutoff=5.000_skin=0.000"": 6876, ""cutoff=5.000_skin=0.250"": 7488, ""cutoff=5.000_skin=0.500"": 8328, ""cutoff=5.000_skin=1.000"": 9972, ""cutoff=6.000_skin=0.000"": 9972, ""cutoff=6.000_skin=0.250"": 10764, ""cutoff=6.000_skin=0.500"": 11892, ""cutoff=6.000_skin=1.000"": 14436}",0.0,,
OPT-MIX4-R256-v1,ac99f7f235977b62c7f867154f16d24041ba7ae2e5440b90e4b316254257ab0c,OPT-MIX4-R256-v1:0252,Aven12_1_7_z1,7c1d922c2e035bfba23d418bb5b3ec53204232d0a717346e1fd14a657cd5419a,252,T2_test,Aven12_1_7_z1.cif,231f3e3aca7c6056df4b1448faf87e6fa9ee54216bc67bd67270a9ec56b0e880,7c1d922c2e035bfba23d418bb5b3ec53204232d0a717346e1fd14a657cd5419a,0,46,"[""O"", ""C"", ""N"", ""C"", ""C"", ""C"", ""C"", ""C"", ""C"", ""N"", ""C"", ""C"", ""C"", ""C"", ""N"", ""C"", ""O"", ""N"", ""C"", ""C"", ""C"", ""C"", ""C"", ""C"", ""C"", ""N"", ""C"", ""O"", ""N"", ""C"", ""C"", ""C"", ""H"", ""H"", ""H"", ""H"", ""H"", ""H"", ""H"", ""H"", ""H"", ""H"", ""H"", ""H"", ""H"", ""H""]",C23H14N6O3,"[true, true, true]","[12.135480147792933, 0.0, 0.0, -7.218899342680803, 9.488699612494159, 0.0, -2.8219330388790316, -3.2835479440987987, 10.521126991586991]",1211.5069921589381,[],"{""cutoff=4.500_skin=0.000"": 862, ""cutoff=4.500_skin=0.250"": 992, ""cutoff=4.500_skin=0.500"": 1096, ""cutoff=4.500_skin=1.000"": 1328, ""cutoff=5.000_skin=0.000"": 1096, ""cutoff=5.000_skin=0.250"": 1196, ""cutoff=5.000_skin=0.500"": 1328, ""cutoff=5.000_skin=1.000"": 1628, ""cutoff=6.000_skin=0.000"": 1628, ""cutoff=6.000_skin=0.250"": 1776, ""cutoff=6.000_skin=0.500"": 1974, ""cutoff=6.000_skin=1.000"": 2464}",0.0,,
OPT-MIX4-R256-v1,ac99f7f235977b62c7f867154f16d24041ba7ae2e5440b90e4b316254257ab0c,OPT-MIX4-R256-v1:0253,Aven12_4_133_z1,c9df7a0f1113bc92ba4d311e51e0db515375bfafd3de8bf87e4f0ac3707236ca,253,T2_test,Aven12_4_133_z1.cif,ef9a3958014194208b75cf7de381894a5041312e51d917155194bb06d88e7aef,c9df7a0f1113bc92ba4d311e51e0db515375bfafd3de8bf87e4f0ac3707236ca,0,92,"[""O"", ""C"", ""N"", ""C"", ""C"", ""C"", ""C"", ""C"", ""C"", ""N"", ""C"", ""C"", ""C"", ""C"", ""N"", ""C"", ""O"", ""N"", ""C"", ""C"", ""C"", ""C"", ""C"", ""C"", ""C"", ""N"", ""C"", ""O"", ""N"", ""C"", ""C"", ""C"", ""H"", ""H"", ""H"", ""H"", ""H"", ""H"", ""H"", ""H"", ""H"", ""H"", ""H"", ""H"", ""H"", ""H"", ""O"", ""C"", ""N"", ""C"", ""C"", ""C"", ""C"", ""C"", ""C"", ""N"", ""C"", ""C"", ""C"", ""C"", ""N"", ""C"", ""O"", ""N"", ""C"", ""C"", ""C"", ""C"", ""C"", ""C"", ""C"", ""N"", ""C"", ""O"", ""N"", ""C"", ""C"", ""C"", ""H"", ""H"", ""H"", ""H"", ""H"", ""H"", ""H"", ""H"", ""H"", ""H"", ""H"", ""H"", ""H"", ""H""]",C46H28N12O6,"[true, true, true]","[13.285860790275763, 0.0, 0.0, 0.0, 28.15662259875431, 0.0, 2.5860684144574795, 0.0, 7.0175553295421835]",2625.1619620927004,[],"{""cutoff=4.500_skin=0.000"": 1808, ""cutoff=4.500_skin=0.250"": 2124, ""cutoff=4.500_skin=0.500"": 2368, ""cutoff=4.500_skin=1.000"": 2900, ""cutoff=5.000_skin=0.000"": 2368, ""cutoff=5.000_skin=0.250"": 2600, ""cutoff=5.000_skin=0.500"": 2900, ""cutoff=5.000_skin=1.000"": 3612, ""cutoff=6.000_skin=0.000"": 3612, ""cutoff=6.000_skin=0.250"": 3948, ""cutoff=6.000_skin=0.500"": 4344, ""cutoff=6.000_skin=1.000"": 5344}",0.0,,
OPT-MIX4-R256-v1,ac99f7f235977b62c7f867154f16d24041ba7ae2e5440b90e4b316254257ab0c,OPT-MIX4-R256-v1:0254,Aven12_77_1075_z1,df99dd612350cd650f1856e5d9a262ef3fea0c1117566c9449ef735590ed2aa2,254,T2_test,Aven12_77_1075_z1.cif,90702bce947173a238b1f6ea568cdc3289e8e9346ebe6e95ff95ac23bfc5ca15,df99dd612350cd650f1856e5d9a262ef3fea0c1117566c9449ef735590ed2aa2,0,184,"[""O"", ""C"", ""N"", ""C"", ""C"", ""C"", ""C"", ""C"", ""C"", ""N"", ""C"", ""C"", ""C"", ""C"", ""N"", ""C"", ""O"", ""N"", ""C"", ""C"", ""C"", ""C"", ""C"", ""C"", ""C"", ""N"", ""C"", ""O"", ""N"", ""C"", ""C"", ""C"", ""H"", ""H"", ""H"", ""H"", ""H"", ""H"", ""H"", ""H"", ""H"", ""H"", ""H"", ""H"", ""H"", ""H"", ""O"", ""C"", ""N"", ""C"", ""C"", ""C"", ""C"", ""C"", ""C"", ""N"", ""C"", ""C"", ""C"", ""C"", ""N"", ""C"", ""O"", ""N"", ""C"", ""C"", ""C"", ""C"", ""C"", ""C"", ""C"", ""N"", ""C"", ""O"", ""N"", ""C"", ""C"", ""C"", ""H"", ""H"", ""H"", ""H"", ""H"", ""H"", ""H"", ""H"", ""H"", ""H"", ""H"", ""H"", ""H"", ""H"", ""O"", ""C"", ""N"", ""C"", ""C"", ""C"", ""C"", ""C"", ""C"", ""N"", ""C"", ""C"", ""C"", ""C"", ""N"", ""C"", ""O"", ""N"", ""C"", ""C"", ""C"", ""C"", ""C"", ""C"", ""C"", ""N"", ""C"", ""O"", ""N"", ""C"", ""C"", ""C"", ""H"", ""H"", ""H"", ""H"", ""H"", ""H"", ""H"", ""H"", ""H"", ""H"", ""H"", ""H"", ""H"", ""H"", ""O"", ""C"", ""N"", ""C"", ""C"", ""C"", ""C"", ""C"", ""C"", ""N"", ""C"", ""C"", ""C"", ""C"", ""N"", ""C"", ""O"", ""N"", ""C"", ""C"", ""C"", ""C"", ""C"", ""C"", ""C"", ""N"", ""C"", ""O"", ""N"", ""C"", ""C"", ""C"", ""H"", ""H"", ""H"", ""H"", ""H"", ""H"", ""H"", ""H"", ""H"", ""H"", ""H"", ""H"", ""H"", ""H""]",C92H56N24O12,"[true, true, true]","[14.867661887553872, 0.0, 0.0, 0.0, 14.867661887553872, 0.0, 0.0, 0.0, 14.116075810750154]",3120.321432723946,[],"{""cutoff=4.500_skin=0.000"": 4236, ""cutoff=4.500_skin=0.250"": 5044, ""cutoff=4.500_skin=0.500"": 5624, ""cutoff=4.500_skin=1.000"": 7140, ""cutoff=5.000_skin=0.000"": 5624, ""cutoff=5.000_skin=0.250"": 6340, ""cutoff=5.000_skin=0.500"": 7140, ""cutoff=5.000_skin=1.000"": 9244, ""cutoff=6.000_skin=0.000"": 9244, ""cutoff=6.000_skin=0.250"": 10396, ""cutoff=6.000_skin=0.500"": 11856, ""cutoff=6.000_skin=1.000"": 15232}",0.0,,
OPT-MIX4-R256-v1,ac99f7f235977b62c7f867154f16d24041ba7ae2e5440b90e4b316254257ab0c,OPT-MIX4-R256-v1:0255,Aven12_148_2042_z1,858851dd983439546f77400bd1fab99a97416ca1fc6b03d3a7b9ac5ee609c6c0,255,T2_test,Aven12_148_2042_z1.cif,b72b567a17a0e701b5ddfa429a605c7e1958b76a8840e2297285ab03d9d7465f,858851dd983439546f77400bd1fab99a97416ca1fc6b03d3a7b9ac5ee609c6c0,0,276,"[""O"", ""C"", ""N"", ""C"", ""C"", ""C"", ""C"", ""C"", ""C"", ""N"", ""C"", ""C"", ""C"", ""C"", ""N"", ""C"", ""O"", ""N"", ""C"", ""C"", ""C"", ""C"", ""C"", ""C"", ""C"", ""N"", ""C"", ""O"", ""N"", ""C"", ""C"", ""C"", ""H"", ""H"", ""H"", ""H"", ""H"", ""H"", ""H"", ""H"", ""H"", ""H"", ""H"", ""H"", ""H"", ""H"", ""O"", ""C"", ""N"", ""C"", ""C"", ""C"", ""C"", ""C"", ""C"", ""N"", ""C"", ""C"", ""C"", ""C"", ""N"", ""C"", ""O"", ""N"", ""C"", ""C"", ""C"", ""C"", ""C"", ""C"", ""C"", ""N"", ""C"", ""O"", ""N"", ""C"", ""C"", ""C"", ""H"", ""H"", ""H"", ""H"", ""H"", ""H"", ""H"", ""H"", ""H"", ""H"", ""H"", ""H"", ""H"", ""H"", ""O"", ""C"", ""N"", ""C"", ""C"", ""C"", ""C"", ""C"", ""C"", ""N"", ""C"", ""C"", ""C"", ""C"", ""N"", ""C"", ""O"", ""N"", ""C"", ""C"", ""C"", ""C"", ""C"", ""C"", ""C"", ""N"", ""C"", ""O"", ""N"", ""C"", ""C"", ""C"", ""H"", ""H"", ""H"", ""H"", ""H"", ""H"", ""H"", ""H"", ""H"", ""H"", ""H"", ""H"", ""H"", ""H"", ""O"", ""C"", ""N"", ""C"", ""C"", ""C"", ""C"", ""C"", ""C"", ""N"", ""C"", ""C"", ""C"", ""C"", ""N"", ""C"", ""O"", ""N"", ""C"", ""C"", ""C"", ""C"", ""C"", ""C"", ""C"", ""N"", ""C"", ""O"", ""N"", ""C"", ""C"", ""C"", ""H"", ""H"", ""H"", ""H"", ""H"", ""H"", ""H"", ""H"", ""H"", ""H"", ""H"", ""H"", ""H"", ""H"", ""O"", ""C"", ""N"", ""C"", ""C"", ""C"", ""C"", ""C"", ""C"", ""N"", ""C"", ""C"", ""C"", ""C"", ""N"", ""C"", ""O"", ""N"", ""C"", ""C"", ""C"", ""C"", ""C"", ""C"", ""C"", ""N"", ""C"", ""O"", ""N"", ""C"", ""C"", ""C"", ""H"", ""H"", ""H"", ""H"", ""H"", ""H"", ""H"", ""H"", ""H"", ""H"", ""H"", ""H"", ""H"", ""H"", ""O"", ""C"", ""N"", ""C"", ""C"", ""C"", ""C"", ""C"", ""C"", ""N"", ""C"", ""C"", ""C"", ""C"", ""N"", ""C"", ""O"", ""N"", ""C"", ""C"", ""C"", ""C"", ""C"", ""C"", ""C"", ""N"", ""C"", ""O"", ""N"", ""C"", ""C"", ""C"", ""H"", ""H"", ""H"", ""H"", ""H"", ""H"", ""H"", ""H"", ""H"", ""H"", ""H"", ""H"", ""H"", ""H""]",C138H84N36O18,"[true, true, true]","[23.973044286489937, 0.0, 0.0, 5.032455689826295, 23.438883123816773, 0.0, 5.032455689826295, 4.066647388803461, 23.083405751904998]",12970.597619880124,[],"{""cutoff=4.500_skin=0.000"": 5262, ""cutoff=4.500_skin=0.250"": 6132, ""cutoff=4.500_skin=0.500"": 6726, ""cutoff=4.500_skin=1.000"": 7926, ""cutoff=5.000_skin=0.000"": 6726, ""cutoff=5.000_skin=0.250"": 7194, ""cutoff=5.000_skin=0.500"": 7926, ""cutoff=5.000_skin=1.000"": 9492, ""cutoff=6.000_skin=0.000"": 9492, ""cutoff=6.000_skin=0.250"": 10314, ""cutoff=6.000_skin=0.500"": 11214, ""cutoff=6.000_skin=1.000"": 13374}",0.0,,
