workload_id,manifest_sha256,system_id,group_id,duplicate_group,order,dataset_id,source_path,source_sha256,normalized_structure_sha256,frame_index,atom_count,species,chemical_formula,pbc,cell_A,volume_A3,constraints,topology_edge_counts,arrival_time,random_seed,reference
OPT-RFT-XATMOV88-R512-v1,fae3cd510f7c1880e11bf0b677e0d7ad0094c8e909e2ee11e6410c35bd33254a,OPT-RFT-XATMOV88-R512-v1:0000,XATMOV_C1_14_4683_z2_22,7c9dd5e46c429b9ddecc5284de4fed8fe568aa58712f2ecafff47b12c1f2eda8,0,cross_family_test_set,XATMOV/structures/XATMOV_C1_14_4683_z2_22.cif,6c29e3b111286f06f8db5c728307bfc2e3888953816cfefcf19b73e92ea89314,7c9dd5e46c429b9ddecc5284de4fed8fe568aa58712f2ecafff47b12c1f2eda8,0,88,"[""C"", ""C"", ""N"", ""C"", ""H"", ""H"", ""H"", ""H"", ""H"", ""H"", ""H"", ""C"", ""C"", ""N"", ""C"", ""H"", ""H"", ""H"", ""H"", ""H"", ""H"", ""H"", ""C"", ""C"", ""N"", ""C"", ""H"", ""H"", ""H"", ""H"", ""H"", ""H"", ""H"", ""C"", ""C"", ""N"", ""C"", ""H"", ""H"", ""H"", ""H"", ""H"", ""H"", ""H"", ""C"", ""C"", ""N"", ""C"", ""H"", ""H"", ""H"", ""H"", ""H"", ""H"", ""H"", ""C"", ""C"", ""N"", ""C"", ""H"", ""H"", ""H"", ""H"", ""H"", ""H"", ""H"", ""C"", ""C"", ""N"", ""C"", ""H"", ""H"", ""H"", ""H"", ""H"", ""H"", ""H"", ""C"", ""C"", ""N"", ""C"", ""H"", ""H"", ""H"", ""H"", ""H"", ""H"", ""H""]",C24H56N8,"[true, true, true]","[14.997802541143557, 0.0, 0.0, 0.0, 15.697657412642577, 0.0, 1.2505342164230457, 0.0, 14.553103039335461]",3426.242378382163,[],"{""cutoff=6.000_skin=0.000"": 1464, ""cutoff=6.000_skin=0.500"": 1884}",0.0,,
OPT-RFT-XATMOV88-R512-v1,fae3cd510f7c1880e11bf0b677e0d7ad0094c8e909e2ee11e6410c35bd33254a,OPT-RFT-XATMOV88-R512-v1:0001,XATMOV_C2_14_50_z2_22,559513858b805404d78555edeea125605765523c1f601ff5f211c4c795f2020e,1,cross_family_test_set,XATMOV/structures/XATMOV_C2_14_50_z2_22.cif,85f1ca3c9b32ec0f1578ef87f1dce1c57e4067cf3b79fa655aadff3943a45b64,559513858b805404d78555edeea125605765523c1f601ff5f211c4c795f2020e,0,88,"[""C"", ""C"", ""N"", ""C"", ""H"", ""H"", ""H"", ""H"", ""H"", ""H"", ""H"", ""C"", ""C"", ""N"", ""C"", ""H"", ""H"", ""H"", ""H"", ""H"", ""H"", ""H"", ""C"", ""C"", ""N"", ""C"", ""H"", ""H"", ""H"", ""H"", ""H"", ""H"", ""H"", ""C"", ""C"", ""N"", ""C"", ""H"", ""H"", ""H"", ""H"", ""H"", ""H"", ""H"", ""C"", ""C"", ""N"", ""C"", ""H"", ""H"", ""H"", ""H"", ""H"", ""H"", ""H"", ""C"", ""C"", ""N"", ""C"", ""H"", ""H"", ""H"", ""H"", ""H"", ""H"", ""H"", ""C"", ""C"", ""N"", ""C"", ""H"", ""H"", ""H"", ""H"", ""H"", ""H"", ""H"", ""C"", ""C"", ""N"", ""C"", ""H"", ""H"", ""H"", ""H"", ""H"", ""H"", ""H""]",C24H56N8,"[true, true, true]","[15.850232021694204, 0.0, 0.0, 0.0, 14.993564023661051, 0.0, 6.2289171606347, 0.0, 14.089131115706843]",3348.3027010464907,[],"{""cutoff=6.000_skin=0.000"": 1640, ""cutoff=6.000_skin=0.500"": 1984}",0.0,,
OPT-RFT-XATMOV88-R512-v1,fae3cd510f7c1880e11bf0b677e0d7ad0094c8e909e2ee11e6410c35bd33254a,OPT-RFT-XATMOV88-R512-v1:0002,XATMOV_C2_14_2708_z2_22,0a9fc5e9ff221a2fac7de45304ff6a4b9660b2497dd492b83a9423b11e6a0740,2,cross_family_test_set,XATMOV/structures/XATMOV_C2_14_2708_z2_22.cif,38273728e59f965c7c651979497220bbcc88d0d2a677fd5d59c01098bd11f344,0a9fc5e9ff221a2fac7de45304ff6a4b9660b2497dd492b83a9423b11e6a0740,0,88,"[""C"", ""C"", ""N"", ""C"", ""H"", ""H"", ""H"", ""H"", ""H"", ""H"", ""H"", ""C"", ""C"", ""N"", ""C"", ""H"", ""H"", ""H"", ""H"", ""H"", ""H"", ""H"", ""C"", ""C"", ""N"", ""C"", ""H"", ""H"", ""H"", ""H"", ""H"", ""H"", ""H"", ""C"", ""C"", ""N"", ""C"", ""H"", ""H"", ""H"", ""H"", ""H"", ""H"", ""H"", ""C"", ""C"", ""N"", ""C"", ""H"", ""H"", ""H"", ""H"", ""H"", ""H"", ""H"", ""C"", ""C"", ""N"", ""C"", ""H"", ""H"", ""H"", ""H"", ""H"", ""H"", ""H"", ""C"", ""C"", ""N"", ""C"", ""H"", ""H"", ""H"", ""H"", ""H"", ""H"", ""H"", ""C"", ""C"", ""N"", ""C"", ""H"", ""H"", ""H"", ""H"", ""H"", ""H"", ""H""]",C24H56N8,"[true, true, true]","[18.69832205591105, 0.0, 0.0, 0.0, 13.533081565999808, 0.0, -9.271059956163834, 0.0, 13.879180460058986]",3512.0699540797596,[],"{""cutoff=6.000_skin=0.000"": 1728, ""cutoff=6.000_skin=0.500"": 2120}",0.0,,
OPT-RFT-XATMOV88-R512-v1,fae3cd510f7c1880e11bf0b677e0d7ad0094c8e909e2ee11e6410c35bd33254a,OPT-RFT-XATMOV88-R512-v1:0003,XATMOV_C1_14_635_z2_22,5b49cca60016d129315d82737f5a4299f7c4f97dbfeb36fd3d0f9e070471bcb1,3,cross_family_test_set,XATMOV/structures/XATMOV_C1_14_635_z2_22.cif,fe6269783f536decfca824831c12a4082f67044981a2db6e634d2ae169bc6388,5b49cca60016d129315d82737f5a4299f7c4f97dbfeb36fd3d0f9e070471bcb1,0,88,"[""C"", ""C"", ""N"", ""C"", ""H"", ""H"", ""H"", ""H"", ""H"", ""H"", ""H"", ""C"", ""C"", ""N"", ""C"", ""H"", ""H"", ""H"", ""H"", ""H"", ""H"", ""H"", ""C"", ""C"", ""N"", ""C"", ""H"", ""H"", ""H"", ""H"", ""H"", ""H"", ""H"", ""C"", ""C"", ""N"", ""C"", ""H"", ""H"", ""H"", ""H"", ""H"", ""H"", ""H"", ""C"", ""C"", ""N"", ""C"", ""H"", ""H"", ""H"", ""H"", ""H"", ""H"", ""H"", ""C"", ""C"", ""N"", ""C"", ""H"", ""H"", ""H"", ""H"", ""H"", ""H"", ""H"", ""C"", ""C"", ""N"", ""C"", ""H"", ""H"", ""H"", ""H"", ""H"", ""H"", ""H"", ""C"", ""C"", ""N"", ""C"", ""H"", ""H"", ""H"", ""H"", ""H"", ""H"", ""H""]",C24H56N8,"[true, true, true]","[14.023229239353142, 0.0, 0.0, 0.0, 14.928813852990658, 0.0, -1.0496325882334139, 0.0, 14.55311217012713]",3046.696636835311,[],"{""cutoff=6.000_skin=0.000"": 1740, ""cutoff=6.000_skin=0.500"": 2152}",0.0,,
OPT-RFT-XATMOV88-R512-v1,fae3cd510f7c1880e11bf0b677e0d7ad0094c8e909e2ee11e6410c35bd33254a,OPT-RFT-XATMOV88-R512-v1:0004,XATMOV_C1_14_43_z2_22,5da9b0adfdb67b43fd5d9ce7f63890dfd259aacd9cec647eca790704629d8ee2,4,cross_family_test_set,XATMOV/structures/XATMOV_C1_14_43_z2_22.cif,0eb2a2f077b6d4b07cb7a6763c233e9a50b5dc55a3118f69e5a461e9f07893a0,5da9b0adfdb67b43fd5d9ce7f63890dfd259aacd9cec647eca790704629d8ee2,0,88,"[""C"", ""C"", ""N"", ""C"", ""H"", ""H"", ""H"", ""H"", ""H"", ""H"", ""H"", ""C"", ""C"", ""N"", ""C"", ""H"", ""H"", ""H"", ""H"", ""H"", ""H"", ""H"", ""C"", ""C"", ""N"", ""C"", ""H"", ""H"", ""H"", ""H"", ""H"", ""H"", ""H"", ""C"", ""C"", ""N"", ""C"", ""H"", ""H"", ""H"", ""H"", ""H"", ""H"", ""H"", ""C"", ""C"", ""N"", ""C"", ""H"", ""H"", ""H"", ""H"", ""H"", ""H"", ""H"", ""C"", ""C"", ""N"", ""C"", ""H"", ""H"", ""H"", ""H"", ""H"", ""H"", ""H"", ""C"", ""C"", ""N"", ""C"", ""H"", ""H"", ""H"", ""H"", ""H"", ""H"", ""H"", ""C"", ""C"", ""N"", ""C"", ""H"", ""H"", ""H"", ""H"", ""H"", ""H"", ""H""]",C24H56N8,"[true, true, true]","[19.489560966819383, 0.0, 0.0, 0.0, 16.226965566105783, 0.0, 7.9247705532654855, 0.0, 12.75633864122784]",4034.274178591101,[],"{""cutoff=6.000_skin=0.000"": 1804, ""cutoff=6.000_skin=0.500"": 2220}",0.0,,
OPT-RFT-XATMOV88-R512-v1,fae3cd510f7c1880e11bf0b677e0d7ad0094c8e909e2ee11e6410c35bd33254a,OPT-RFT-XATMOV88-R512-v1:0005,XATMOV_C2_14_3059_z2_22,561da56ff571a5d614900b9ccce973de2e9d3fd0cb5dd6b818dd6e5648fd9874,5,cross_family_test_set,XATMOV/structures/XATMOV_C2_14_3059_z2_22.cif,c63c09f21fd77c6b26c0a68189191b3a2dc12cef161ce5555f3bfcb39335bfc8,561da56ff571a5d614900b9ccce973de2e9d3fd0cb5dd6b818dd6e5648fd9874,0,88,"[""C"", ""C"", ""N"", ""C"", ""H"", ""H"", ""H"", ""H"", ""H"", ""H"", ""H"", ""C"", ""C"", ""N"", ""C"", ""H"", ""H"", ""H"", ""H"", ""H"", ""H"", ""H"", ""C"", ""C"", ""N"", ""C"", ""H"", ""H"", ""H"", ""H"", ""H"", ""H"", ""H"", ""C"", ""C"", ""N"", ""C"", ""H"", ""H"", ""H"", ""H"", ""H"", ""H"", ""H"", ""C"", ""C"", ""N"", ""C"", ""H"", ""H"", ""H"", ""H"", ""H"", ""H"", ""H"", ""C"", ""C"", ""N"", ""C"", ""H"", ""H"", ""H"", ""H"", ""H"", ""H"", ""H"", ""C"", ""C"", ""N"", ""C"", ""H"", ""H"", ""H"", ""H"", ""H"", ""H"", ""H"", ""C"", ""C"", ""N"", ""C"", ""H"", ""H"", ""H"", ""H"", ""H"", ""H"", ""H""]",C24H56N8,"[true, true, true]","[11.309419313121507, 0.0, 0.0, 0.0, 18.922986828999534, 0.0, 6.890040294442742, 0.0, 17.997264830793387]",3851.5585206333426,[],"{""cutoff=6.000_skin=0.000"": 1848, ""cutoff=6.000_skin=0.500"": 2140}",0.0,,
OPT-RFT-XATMOV88-R512-v1,fae3cd510f7c1880e11bf0b677e0d7ad0094c8e909e2ee11e6410c35bd33254a,OPT-RFT-XATMOV88-R512-v1:0006,XATMOV_C1_14_6727_z2_22,9e89a2731de8348c9954c72d187ca1dbaf695018f06f547ec0c5881f0648aef4,6,cross_family_test_set,XATMOV/structures/XATMOV_C1_14_6727_z2_22.cif,d015415ea3fa26b163e3cc2041d7427480400acb36bdfd59653159018c4bcffa,9e89a2731de8348c9954c72d187ca1dbaf695018f06f547ec0c5881f0648aef4,0,88,"[""C"", ""C"", ""N"", ""C"", ""H"", ""H"", ""H"", ""H"", ""H"", ""H"", ""H"", ""C"", ""C"", ""N"", ""C"", ""H"", ""H"", ""H"", ""H"", ""H"", ""H"", ""H"", ""C"", ""C"", ""N"", ""C"", ""H"", ""H"", ""H"", ""H"", ""H"", ""H"", ""H"", ""C"", ""C"", ""N"", ""C"", ""H"", ""H"", ""H"", ""H"", ""H"", ""H"", ""H"", ""C"", ""C"", ""N"", ""C"", ""H"", ""H"", ""H"", ""H"", ""H"", ""H"", ""H"", ""C"", ""C"", ""N"", ""C"", ""H"", ""H"", ""H"", ""H"", ""H"", ""H"", ""H"", ""C"", ""C"", ""N"", ""C"", ""H"", ""H"", ""H"", ""H"", ""H"", ""H"", ""H"", ""C"", ""C"", ""N"", ""C"", ""H"", ""H"", ""H"", ""H"", ""H"", ""H"", ""H""]",C24H56N8,"[true, true, true]","[17.798513433314206, 0.0, 0.0, 0.0, 11.471834326823977, 0.0, 6.266587970213285, 0.0, 16.303916805174]",3328.9597766799448,[],"{""cutoff=6.000_skin=0.000"": 1880, ""cutoff=6.000_skin=0.500"": 2296}",0.0,,
OPT-RFT-XATMOV88-R512-v1,fae3cd510f7c1880e11bf0b677e0d7ad0094c8e909e2ee11e6410c35bd33254a,OPT-RFT-XATMOV88-R512-v1:0007,XATMOV_C2_14_4304_z2_22,7dafbca34ff23c18766fcfdf9a3d1595ac726f8206244c0c3d4da9211ee98fbc,7,cross_family_test_set,XATMOV/structures/XATMOV_C2_14_4304_z2_22.cif,c0c7551f77a28d725e1f81cd19f91829087b80aef666021175fa6e0757ab771c,7dafbca34ff23c18766fcfdf9a3d1595ac726f8206244c0c3d4da9211ee98fbc,0,88,"[""C"", ""C"", ""N"", ""C"", ""H"", ""H"", ""H"", ""H"", ""H"", ""H"", ""H"", ""C"", ""C"", ""N"", ""C"", ""H"", ""H"", ""H"", ""H"", ""H"", ""H"", ""H"", ""C"", ""C"", ""N"", ""C"", ""H"", ""H"", ""H"", ""H"", ""H"", ""H"", ""H"", ""C"", ""C"", ""N"", ""C"", ""H"", ""H"", ""H"", ""H"", ""H"", ""H"", ""H"", ""C"", ""C"", ""N"", ""C"", ""H"", ""H"", ""H"", ""H"", ""H"", ""H"", ""H"", ""C"", ""C"", ""N"", ""C"", ""H"", ""H"", ""H"", ""H"", ""H"", ""H"", ""H"", ""C"", ""C"", ""N"", ""C"", ""H"", ""H"", ""H"", ""H"", ""H"", ""H"", ""H"", ""C"", ""C"", ""N"", ""C"", ""H"", ""H"", ""H"", ""H"", ""H"", ""H"", ""H""]",C24H56N8,"[true, true, true]","[13.856593600531205, 0.0, 0.0, 0.0, 14.484454845165558, 0.0, -1.5046549695166258, 0.0, 14.568246517207694]",2923.9228937431476,[],"{""cutoff=6.000_skin=0.000"": 1900, ""cutoff=6.000_skin=0.500"": 2424}",0.0,,
OPT-RFT-XATMOV88-R512-v1,fae3cd510f7c1880e11bf0b677e0d7ad0094c8e909e2ee11e6410c35bd33254a,OPT-RFT-XATMOV88-R512-v1:0008,XATMOV_C1_14_3435_z2_22,c472ab8a2e45970cbe8a324999946013618cbed4510d387f18328602b4d4c415,8,cross_family_test_set,XATMOV/structures/XATMOV_C1_14_3435_z2_22.cif,dfd7cf506721ea8e32418773fe4879389909f2cbbc3f0c25bd1675aece85843a,c472ab8a2e45970cbe8a324999946013618cbed4510d387f18328602b4d4c415,0,88,"[""C"", ""C"", ""N"", ""C"", ""H"", ""H"", ""H"", ""H"", ""H"", ""H"", ""H"", ""C"", ""C"", ""N"", ""C"", ""H"", ""H"", ""H"", ""H"", ""H"", ""H"", ""H"", ""C"", ""C"", ""N"", ""C"", ""H"", ""H"", ""H"", ""H"", ""H"", ""H"", ""H"", ""C"", ""C"", ""N"", ""C"", ""H"", ""H"", ""H"", ""H"", ""H"", ""H"", ""H"", ""C"", ""C"", ""N"", ""C"", ""H"", ""H"", ""H"", ""H"", ""H"", ""H"", ""H"", ""C"", ""C"", ""N"", ""C"", ""H"", ""H"", ""H"", ""H"", ""H"", ""H"", ""H"", ""C"", ""C"", ""N"", ""C"", ""H"", ""H"", ""H"", ""H"", ""H"", ""H"", ""H"", ""C"", ""C"", ""N"", ""C"", ""H"", ""H"", ""H"", ""H"", ""H"", ""H"", ""H""]",C24H56N8,"[true, true, true]","[16.391685234115336, 0.0, 0.0, 0.0, 15.191273899199388, 0.0, -4.018855147605941, 0.0, 14.346492550780116]",3572.428431909256,[],"{""cutoff=6.000_skin=0.000"": 1920, ""cutoff=6.000_skin=0.500"": 2396}",0.0,,
OPT-RFT-XATMOV88-R512-v1,fae3cd510f7c1880e11bf0b677e0d7ad0094c8e909e2ee11e6410c35bd33254a,OPT-RFT-XATMOV88-R512-v1:0009,XATMOV_C2_14_3897_z2_22,7492dddfc5b6d1d3c4fd35a2344c3e69d0fa60519da006bfc9f991b56cb140b9,9,cross_family_test_set,XATMOV/structures/XATMOV_C2_14_3897_z2_22.cif,85e5ac4b816988d90354a170d53098d6c714e0973a7d906129e829c3cadf2d74,7492dddfc5b6d1d3c4fd35a2344c3e69d0fa60519da006bfc9f991b56cb140b9,0,88,"[""C"", ""C"", ""N"", ""C"", ""H"", ""H"", ""H"", ""H"", ""H"", ""H"", ""H"", ""C"", ""C"", ""N"", ""C"", ""H"", ""H"", ""H"", ""H"", ""H"", ""H"", ""H"", ""C"", ""C"", ""N"", ""C"", ""H"", ""H"", ""H"", ""H"", ""H"", ""H"", ""H"", ""C"", ""C"", ""N"", ""C"", ""H"", ""H"", ""H"", ""H"", ""H"", ""H"", ""H"", ""C"", ""C"", ""N"", ""C"", ""H"", ""H"", ""H"", ""H"", ""H"", ""H"", ""H"", ""C"", ""C"", ""N"", ""C"", ""H"", ""H"", ""H"", ""H"", ""H"", ""H"", ""H"", ""C"", ""C"", ""N"", ""C"", ""H"", ""H"", ""H"", ""H"", ""H"", ""H"", ""H"", ""C"", ""C"", ""N"", ""C"", ""H"", ""H"", ""H"", ""H"", ""H"", ""H"", ""H""]",C24H56N8,"[true, true, true]","[18.3477082313753, 0.0, 0.0, 0.0, 18.86917580369166, 0.0, 3.7507350116327998, 0.0, 12.025623075440835]",4163.3444523957005,[],"{""cutoff=6.000_skin=0.000"": 1944, ""cutoff=6.000_skin=0.500"": 2228}",0.0,,
OPT-RFT-XATMOV88-R512-v1,fae3cd510f7c1880e11bf0b677e0d7ad0094c8e909e2ee11e6410c35bd33254a,OPT-RFT-XATMOV88-R512-v1:0010,XATMOV_C2_14_1654_z2_22,d620471986a33cabac789cd63e7ee301c763458d4917144b21fdad4b8d299183,10,cross_family_test_set,XATMOV/structures/XATMOV_C2_14_1654_z2_22.cif,24c9106acfe40c746dfe8c84407c96c37109b96f6e818fb9c79871f42df52044,d620471986a33cabac789cd63e7ee301c763458d4917144b21fdad4b8d299183,0,88,"[""C"", ""C"", ""N"", ""C"", ""H"", ""H"", ""H"", ""H"", ""H"", ""H"", ""H"", ""C"", ""C"", ""N"", ""C"", ""H"", ""H"", ""H"", ""H"", ""H"", ""H"", ""H"", ""C"", ""C"", ""N"", ""C"", ""H"", ""H"", ""H"", ""H"", ""H"", ""H"", ""H"", ""C"", ""C"", ""N"", ""C"", ""H"", ""H"", ""H"", ""H"", ""H"", ""H"", ""H"", ""C"", ""C"", ""N"", ""C"", ""H"", ""H"", ""H"", ""H"", ""H"", ""H"", ""H"", ""C"", ""C"", ""N"", ""C"", ""H"", ""H"", ""H"", ""H"", ""H"", ""H"", ""H"", ""C"", ""C"", ""N"", ""C"", ""H"", ""H"", ""H"", ""H"", ""H"", ""H"", ""H"", ""C"", ""C"", ""N"", ""C"", ""H"", ""H"", ""H"", ""H"", ""H"", ""H"", ""H""]",C24H56N8,"[true, true, true]","[16.52830550673606, 0.0, 0.0, 0.0, 14.813574783893756, 0.0, 8.338485027112576, 0.0, 18.431525671648803]",4512.835379177141,[],"{""cutoff=6.000_skin=0.000"": 1956, ""cutoff=6.000_skin=0.500"": 2268}",0.0,,
OPT-RFT-XATMOV88-R512-v1,fae3cd510f7c1880e11bf0b677e0d7ad0094c8e909e2ee11e6410c35bd33254a,OPT-RFT-XATMOV88-R512-v1:0011,XATMOV_C1_14_127_z2_22,3c5b3f880ec786356fd478b9b6a9f97bec8195dff4210f824a9c413d1152251d,11,cross_family_test_set,XATMOV/structures/XATMOV_C1_14_127_z2_22.cif,4e14ead390c64c979fe95a48821151d3a29cd130dac13bd5f288f23208bab8bc,3c5b3f880ec786356fd478b9b6a9f97bec8195dff4210f824a9c413d1152251d,0,88,"[""C"", ""C"", ""N"", ""C"", ""H"", ""H"", ""H"", ""H"", ""H"", ""H"", ""H"", ""C"", ""C"", ""N"", ""C"", ""H"", ""H"", ""H"", ""H"", ""H"", ""H"", ""H"", ""C"", ""C"", ""N"", ""C"", ""H"", ""H"", ""H"", ""H"", ""H"", ""H"", ""H"", ""C"", ""C"", ""N"", ""C"", ""H"", ""H"", ""H"", ""H"", ""H"", ""H"", ""H"", ""C"", ""C"", ""N"", ""C"", ""H"", ""H"", ""H"", ""H"", ""H"", ""H"", ""H"", ""C"", ""C"", ""N"", ""C"", ""H"", ""H"", ""H"", ""H"", ""H"", ""H"", ""H"", ""C"", ""C"", ""N"", ""C"", ""H"", ""H"", ""H"", ""H"", ""H"", ""H"", ""H"", ""C"", ""C"", ""N"", ""C"", ""H"", ""H"", ""H"", ""H"", ""H"", ""H"", ""H""]",C24H56N8,"[true, true, true]","[14.282615209864368, 0.0, 0.0, 0.0, 14.287146856035257, 0.0, -3.9184023348941532, 0.0, 18.570847647822813]",3789.5267049812414,[],"{""cutoff=6.000_skin=0.000"": 1968, ""cutoff=6.000_skin=0.500"": 2384}",0.0,,
OPT-RFT-XATMOV88-R512-v1,fae3cd510f7c1880e11bf0b677e0d7ad0094c8e909e2ee11e6410c35bd33254a,OPT-RFT-XATMOV88-R512-v1:0012,XATMOV_C2_14_248_z2_22,1b228273a2c407501d33abaa8b9264986a54ae1a637f5304aabacc1356ec4297,12,cross_family_test_set,XATMOV/structures/XATMOV_C2_14_248_z2_22.cif,b7783457b8bc446b7e7a68821cb23875c038087264669bbe04ec0fe91f23ff50,1b228273a2c407501d33abaa8b9264986a54ae1a637f5304aabacc1356ec4297,0,88,"[""C"", ""C"", ""N"", ""C"", ""H"", ""H"", ""H"", ""H"", ""H"", ""H"", ""H"", ""C"", ""C"", ""N"", ""C"", ""H"", ""H"", ""H"", ""H"", ""H"", ""H"", ""H"", ""C"", ""C"", ""N"", ""C"", ""H"", ""H"", ""H"", ""H"", ""H"", ""H"", ""H"", ""C"", ""C"", ""N"", ""C"", ""H"", ""H"", ""H"", ""H"", ""H"", ""H"", ""H"", ""C"", ""C"", ""N"", ""C"", ""H"", ""H"", ""H"", ""H"", ""H"", ""H"", ""H"", ""C"", ""C"", ""N"", ""C"", ""H"", ""H"", ""H"", ""H"", ""H"", ""H"", ""H"", ""C"", ""C"", ""N"", ""C"", ""H"", ""H"", ""H"", ""H"", ""H"", ""H"", ""H"", ""C"", ""C"", ""N"", ""C"", ""H"", ""H"", ""H"", ""H"", ""H"", ""H"", ""H""]",C24H56N8,"[true, true, true]","[14.733243950676098, 0.0, 0.0, 0.0, 14.158023947405306, 0.0, 9.110774157049681, 0.0, 12.672478025638345]",2643.3980743130173,[],"{""cutoff=6.000_skin=0.000"": 1972, ""cutoff=6.000_skin=0.500"": 2672}",0.0,,
OPT-RFT-XATMOV88-R512-v1,fae3cd510f7c1880e11bf0b677e0d7ad0094c8e909e2ee11e6410c35bd33254a,OPT-RFT-XATMOV88-R512-v1:0013,XATMOV_C2_14_454_z2_22,647fb1bd8786564ef2ddf17d34b1c3d28072516b0a05413cfc9d13646a7cb8e6,13,cross_family_test_set,XATMOV/structures/XATMOV_C2_14_454_z2_22.cif,07e2c7cc7d95243b9ab86864d50d0ef1f858d9a8895474b07e21e4306c375da6,647fb1bd8786564ef2ddf17d34b1c3d28072516b0a05413cfc9d13646a7cb8e6,0,88,"[""C"", ""C"", ""N"", ""C"", ""H"", ""H"", ""H"", ""H"", ""H"", ""H"", ""H"", ""C"", ""C"", ""N"", ""C"", ""H"", ""H"", ""H"", ""H"", ""H"", ""H"", ""H"", ""C"", ""C"", ""N"", ""C"", ""H"", ""H"", ""H"", ""H"", ""H"", ""H"", ""H"", ""C"", ""C"", ""N"", ""C"", ""H"", ""H"", ""H"", ""H"", ""H"", ""H"", ""H"", ""C"", ""C"", ""N"", ""C"", ""H"", ""H"", ""H"", ""H"", ""H"", ""H"", ""H"", ""C"", ""C"", ""N"", ""C"", ""H"", ""H"", ""H"", ""H"", ""H"", ""H"", ""H"", ""C"", ""C"", ""N"", ""C"", ""H"", ""H"", ""H"", ""H"", ""H"", ""H"", ""H"", ""C"", ""C"", ""N"", ""C"", ""H"", ""H"", ""H"", ""H"", ""H"", ""H"", ""H""]",C24H56N8,"[true, true, true]","[19.30461709899737, 0.0, 0.0, 0.0, 8.575521930509517, 0.0, -12.736151884377124, 0.0, 21.37802427965997]",3539.0713618088735,[],"{""cutoff=6.000_skin=0.000"": 1984, ""cutoff=6.000_skin=0.500"": 2444}",0.0,,
OPT-RFT-XATMOV88-R512-v1,fae3cd510f7c1880e11bf0b677e0d7ad0094c8e909e2ee11e6410c35bd33254a,OPT-RFT-XATMOV88-R512-v1:0014,XATMOV_C1_14_6964_z2_22,394bb10f582be3e7c5b8c639b8db15876544ab1041c253fa775d063f39dfc244,14,cross_family_test_set,XATMOV/structures/XATMOV_C1_14_6964_z2_22.cif,f0075435a3038d0e13bdb59caeb34187d1432f0658296d27ec84de637da9074c,394bb10f582be3e7c5b8c639b8db15876544ab1041c253fa775d063f39dfc244,0,88,"[""C"", ""C"", ""N"", ""C"", ""H"", ""H"", ""H"", ""H"", ""H"", ""H"", ""H"", ""C"", ""C"", ""N"", ""C"", ""H"", ""H"", ""H"", ""H"", ""H"", ""H"", ""H"", ""C"", ""C"", ""N"", ""C"", ""H"", ""H"", ""H"", ""H"", ""H"", ""H"", ""H"", ""C"", ""C"", ""N"", ""C"", ""H"", ""H"", ""H"", ""H"", ""H"", ""H"", ""H"", ""C"", ""C"", ""N"", ""C"", ""H"", ""H"", ""H"", ""H"", ""H"", ""H"", ""H"", ""C"", ""C"", ""N"", ""C"", ""H"", ""H"", ""H"", ""H"", ""H"", ""H"", ""H"", ""C"", ""C"", ""N"", ""C"", ""H"", ""H"", ""H"", ""H"", ""H"", ""H"", ""H"", ""C"", ""C"", ""N"", ""C"", ""H"", ""H"", ""H"", ""H"", ""H"", ""H"", ""H""]",C24H56N8,"[true, true, true]","[14.122807703746851, 0.0, 0.0, 0.0, 14.92701384126487, 0.0, -0.8350692331481622, 0.0, 15.685078712357129]",3306.592556587101,[],"{""cutoff=6.000_skin=0.000"": 1996, ""cutoff=6.000_skin=0.500"": 2440}",0.0,,
OPT-RFT-XATMOV88-R512-v1,fae3cd510f7c1880e11bf0b677e0d7ad0094c8e909e2ee11e6410c35bd33254a,OPT-RFT-XATMOV88-R512-v1:0015,XATMOV_C1_14_2793_z2_22,b150f7fc8edcdd2177f9ae34114623d61b5b2dafbe4de0efe2095db6ed005c52,15,cross_family_test_set,XATMOV/structures/XATMOV_C1_14_2793_z2_22.cif,e4f8a28928a86d8d5599f5b6797902411e71767d263d0f457c180f4c25ed8b5c,b150f7fc8edcdd2177f9ae34114623d61b5b2dafbe4de0efe2095db6ed005c52,0,88,"[""C"", ""C"", ""N"", ""C"", ""H"", ""H"", ""H"", ""H"", ""H"", ""H"", ""H"", ""C"", ""C"", ""N"", ""C"", ""H"", ""H"", ""H"", ""H"", ""H"", ""H"", ""H"", ""C"", ""C"", ""N"", ""C"", ""H"", ""H"", ""H"", ""H"", ""H"", ""H"", ""H"", ""C"", ""C"", ""N"", ""C"", ""H"", ""H"", ""H"", ""H"", ""H"", ""H"", ""H"", ""C"", ""C"", ""N"", ""C"", ""H"", ""H"", ""H"", ""H"", ""H"", ""H"", ""H"", ""C"", ""C"", ""N"", ""C"", ""H"", ""H"", ""H"", ""H"", ""H"", ""H"", ""H"", ""C"", ""C"", ""N"", ""C"", ""H"", ""H"", ""H"", ""H"", ""H"", ""H"", ""H"", ""C"", ""C"", ""N"", ""C"", ""H"", ""H"", ""H"", ""H"", ""H"", ""H"", ""H""]",C24H56N8,"[true, true, true]","[15.022365774463896, 0.0, 0.0, 0.0, 14.779692329982776, 0.0, 1.4119204793590048, 0.0, 14.13193178369574]",3137.655497857576,[],"{""cutoff=6.000_skin=0.000"": 2008, ""cutoff=6.000_skin=0.500"": 2500}",0.0,,
OPT-RFT-XATMOV88-R512-v1,fae3cd510f7c1880e11bf0b677e0d7ad0094c8e909e2ee11e6410c35bd33254a,OPT-RFT-XATMOV88-R512-v1:0016,XATMOV_C1_14_7110_z2_22,7aafac9ca9cbcde8d69db0f9aa764e8ae35f4a0def2a2919dc150146c7d2bd2e,16,cross_family_test_set,XATMOV/structures/XATMOV_C1_14_7110_z2_22.cif,a2d3d212d099066b45a093ab1a37c65d1af0e3805fe6fedcd2045d1201cc1859,7aafac9ca9cbcde8d69db0f9aa764e8ae35f4a0def2a2919dc150146c7d2bd2e,0,88,"[""C"", ""C"", ""N"", ""C"", ""H"", ""H"", ""H"", ""H"", ""H"", ""H"", ""H"", ""C"", ""C"", ""N"", ""C"", ""H"", ""H"", ""H"", ""H"", ""H"", ""H"", ""H"", ""C"", ""C"", ""N"", ""C"", ""H"", ""H"", ""H"", ""H"", ""H"", ""H"", ""H"", ""C"", ""C"", ""N"", ""C"", ""H"", ""H"", ""H"", ""H"", ""H"", ""H"", ""H"", ""C"", ""C"", ""N"", ""C"", ""H"", ""H"", ""H"", ""H"", ""H"", ""H"", ""H"", ""C"", ""C"", ""N"", ""C"", ""H"", ""H"", ""H"", ""H"", ""H"", ""H"", ""H"", ""C"", ""C"", ""N"", ""C"", ""H"", ""H"", ""H"", ""H"", ""H"", ""H"", ""H"", ""C"", ""C"", ""N"", ""C"", ""H"", ""H"", ""H"", ""H"", ""H"", ""H"", ""H""]",C24H56N8,"[true, true, true]","[13.88194014388396, 0.0, 0.0, 0.0, 9.774555737363348, 0.0, 7.407843473109979, 0.0, 20.87421838945748]",2832.418469975573,[],"{""cutoff=6.000_skin=0.000"": 2012, ""cutoff=6.000_skin=0.500"": 2500}",0.0,,
OPT-RFT-XATMOV88-R512-v1,fae3cd510f7c1880e11bf0b677e0d7ad0094c8e909e2ee11e6410c35bd33254a,OPT-RFT-XATMOV88-R512-v1:0017,XATMOV_C2_14_6340_z2_22,d4850d919c56a7f057ba3ed67ea57b5f741ac0354139bed1148e815c10a139cc,17,cross_family_test_set,XATMOV/structures/XATMOV_C2_14_6340_z2_22.cif,5119b467f1c1b95ca9717537d0b6de0485e143bbe054530532ae4f0a9aab2d8d,d4850d919c56a7f057ba3ed67ea57b5f741ac0354139bed1148e815c10a139cc,0,88,"[""C"", ""C"", ""N"", ""C"", ""H"", ""H"", ""H"", ""H"", ""H"", ""H"", ""H"", ""C"", ""C"", ""N"", ""C"", ""H"", ""H"", ""H"", ""H"", ""H"", ""H"", ""H"", ""C"", ""C"", ""N"", ""C"", ""H"", ""H"", ""H"", ""H"", ""H"", ""H"", ""H"", ""C"", ""C"", ""N"", ""C"", ""H"", ""H"", ""H"", ""H"", ""H"", ""H"", ""H"", ""C"", ""C"", ""N"", ""C"", ""H"", ""H"", ""H"", ""H"", ""H"", ""H"", ""H"", ""C"", ""C"", ""N"", ""C"", ""H"", ""H"", ""H"", ""H"", ""H"", ""H"", ""H"", ""C"", ""C"", ""N"", ""C"", ""H"", ""H"", ""H"", ""H"", ""H"", ""H"", ""H"", ""C"", ""C"", ""N"", ""C"", ""H"", ""H"", ""H"", ""H"", ""H"", ""H"", ""H""]",C24H56N8,"[true, true, true]","[10.44278394265757, 0.0, 0.0, 0.0, 17.17838133102787, 0.0, -2.210013445014385, 0.0, 15.990458482221651]",2868.5303415277854,[],"{""cutoff=6.000_skin=0.000"": 2044, ""cutoff=6.000_skin=0.500"": 2548}",0.0,,
OPT-RFT-XATMOV88-R512-v1,fae3cd510f7c1880e11bf0b677e0d7ad0094c8e909e2ee11e6410c35bd33254a,OPT-RFT-XATMOV88-R512-v1:0018,XATMOV_C2_14_2538_z2_22,0c2e444a75cbe5d09de6a27e29597e37250160c884428a01ad74621de78b8f63,18,cross_family_test_set,XATMOV/structures/XATMOV_C2_14_2538_z2_22.cif,9eca7eb122d6941c6c1c32bed85cb0173acdd1abd09a55254182baf74f30507f,0c2e444a75cbe5d09de6a27e29597e37250160c884428a01ad74621de78b8f63,0,88,"[""C"", ""C"", ""N"", ""C"", ""H"", ""H"", ""H"", ""H"", ""H"", ""H"", ""H"", ""C"", ""C"", ""N"", ""C"", ""H"", ""H"", ""H"", ""H"", ""H"", ""H"", ""H"", ""C"", ""C"", ""N"", ""C"", ""H"", ""H"", ""H"", ""H"", ""H"", ""H"", ""H"", ""C"", ""C"", ""N"", ""C"", ""H"", ""H"", ""H"", ""H"", ""H"", ""H"", ""H"", ""C"", ""C"", ""N"", ""C"", ""H"", ""H"", ""H"", ""H"", ""H"", ""H"", ""H"", ""C"", ""C"", ""N"", ""C"", ""H"", ""H"", ""H"", ""H"", ""H"", ""H"", ""H"", ""C"", ""C"", ""N"", ""C"", ""H"", ""H"", ""H"", ""H"", ""H"", ""H"", ""H"", ""C"", ""C"", ""N"", ""C"", ""H"", ""H"", ""H"", ""H"", ""H"", ""H"", ""H""]",C24H56N8,"[true, true, true]","[17.008450440335828, 0.0, 0.0, 0.0, 11.307527417493457, 0.0, 2.5659639501500453, 0.0, 15.352630854157635]",2952.6720022681207,[],"{""cutoff=6.000_skin=0.000"": 2052, ""cutoff=6.000_skin=0.500"": 2508}",0.0,,
OPT-RFT-XATMOV88-R512-v1,fae3cd510f7c1880e11bf0b677e0d7ad0094c8e909e2ee11e6410c35bd33254a,OPT-RFT-XATMOV88-R512-v1:0019,XATMOV_C1_14_6501_z2_22,0282b385166870eb4577c11c5b825df7fcf66a34defb37799125b67f2c487993,19,cross_family_test_set,XATMOV/structures/XATMOV_C1_14_6501_z2_22.cif,0fc34f47edc5a433e516dfd375c45203e4bd07464dfc8f660c15dcac211014c3,0282b385166870eb4577c11c5b825df7fcf66a34defb37799125b67f2c487993,0,88,"[""C"", ""C"", ""N"", ""C"", ""H"", ""H"", ""H"", ""H"", ""H"", ""H"", ""H"", ""C"", ""C"", ""N"", ""C"", ""H"", ""H"", ""H"", ""H"", ""H"", ""H"", ""H"", ""C"", ""C"", ""N"", ""C"", ""H"", ""H"", ""H"", ""H"", ""H"", ""H"", ""H"", ""C"", ""C"", ""N"", ""C"", ""H"", ""H"", ""H"", ""H"", ""H"", ""H"", ""H"", ""C"", ""C"", ""N"", ""C"", ""H"", ""H"", ""H"", ""H"", ""H"", ""H"", ""H"", ""C"", ""C"", ""N"", ""C"", ""H"", ""H"", ""H"", ""H"", ""H"", ""H"", ""H"", ""C"", ""C"", ""N"", ""C"", ""H"", ""H"", ""H"", ""H"", ""H"", ""H"", ""H"", ""C"", ""C"", ""N"", ""C"", ""H"", ""H"", ""H"", ""H"", ""H"", ""H"", ""H""]",C24H56N8,"[true, true, true]","[14.974315500077466, 0.0, 0.0, 0.0, 14.915030112255025, 0.0, -3.9482145106134143, 0.0, 12.757557666871728]",2849.303121279357,[],"{""cutoff=6.000_skin=0.000"": 2076, ""cutoff=6.000_skin=0.500"": 2724}",0.0,,
OPT-RFT-XATMOV88-R512-v1,fae3cd510f7c1880e11bf0b677e0d7ad0094c8e909e2ee11e6410c35bd33254a,OPT-RFT-XATMOV88-R512-v1:0020,XATMOV_C1_14_6358_z2_22,a44bf53368784eb3fb82b51538733db5b5514905318cc03fe5e2d474ae67c02b,20,cross_family_test_set,XATMOV/structures/XATMOV_C1_14_6358_z2_22.cif,e9e78bda9f9ff056faddaab431e04f534795f5d9c4baed897d7c1181c9321787,a44bf53368784eb3fb82b51538733db5b5514905318cc03fe5e2d474ae67c02b,0,88,"[""C"", ""C"", ""N"", ""C"", ""H"", ""H"", ""H"", ""H"", ""H"", ""H"", ""H"", ""C"", ""C"", ""N"", ""C"", ""H"", ""H"", ""H"", ""H"", ""H"", ""H"", ""H"", ""C"", ""C"", ""N"", ""C"", ""H"", ""H"", ""H"", ""H"", ""H"", ""H"", ""H"", ""C"", ""C"", ""N"", ""C"", ""H"", ""H"", ""H"", ""H"", ""H"", ""H"", ""H"", ""C"", ""C"", ""N"", ""C"", ""H"", ""H"", ""H"", ""H"", ""H"", ""H"", ""H"", ""C"", ""C"", ""N"", ""C"", ""H"", ""H"", ""H"", ""H"", ""H"", ""H"", ""H"", ""C"", ""C"", ""N"", ""C"", ""H"", ""H"", ""H"", ""H"", ""H"", ""H"", ""H"", ""C"", ""C"", ""N"", ""C"", ""H"", ""H"", ""H"", ""H"", ""H"", ""H"", ""H""]",C24H56N8,"[true, true, true]","[13.911160689416597, 0.0, 0.0, 0.0, 15.905117379817277, 0.0, 3.9341868756351395, 0.0, 13.5773152975501]",3004.098367207747,[],"{""cutoff=6.000_skin=0.000"": 2092, ""cutoff=6.000_skin=0.500"": 2804}",0.0,,
OPT-RFT-XATMOV88-R512-v1,fae3cd510f7c1880e11bf0b677e0d7ad0094c8e909e2ee11e6410c35bd33254a,OPT-RFT-XATMOV88-R512-v1:0021,XATMOV_C1_14_3293_z2_22,3d2e10246aaa0ea4088267cdeaa9064f66d8fa339e99f88db7e2356e83da5348,21,cross_family_test_set,XATMOV/structures/XATMOV_C1_14_3293_z2_22.cif,d07e15f39d5a79b1652efbcd15f261bb5bb9d32041bd825bf9cf290f9b88507b,3d2e10246aaa0ea4088267cdeaa9064f66d8fa339e99f88db7e2356e83da5348,0,88,"[""C"", ""C"", ""N"", ""C"", ""H"", ""H"", ""H"", ""H"", ""H"", ""H"", ""H"", ""C"", ""C"", ""N"", ""C"", ""H"", ""H"", ""H"", ""H"", ""H"", ""H"", ""H"", ""C"", ""C"", ""N"", ""C"", ""H"", ""H"", ""H"", ""H"", ""H"", ""H"", ""H"", ""C"", ""C"", ""N"", ""C"", ""H"", ""H"", ""H"", ""H"", ""H"", ""H"", ""H"", ""C"", ""C"", ""N"", ""C"", ""H"", ""H"", ""H"", ""H"", ""H"", ""H"", ""H"", ""C"", ""C"", ""N"", ""C"", ""H"", ""H"", ""H"", ""H"", ""H"", ""H"", ""H"", ""C"", ""C"", ""N"", ""C"", ""H"", ""H"", ""H"", ""H"", ""H"", ""H"", ""H"", ""C"", ""C"", ""N"", ""C"", ""H"", ""H"", ""H"", ""H"", ""H"", ""H"", ""H""]",C24H56N8,"[true, true, true]","[16.399136449614467, 0.0, 0.0, 0.0, 14.348242369789492, 0.0, -1.9168606902687642, 0.0, 14.486133815161534]",3408.569677860368,[],"{""cutoff=6.000_skin=0.000"": 2116, ""cutoff=6.000_skin=0.500"": 2596}",0.0,,
OPT-RFT-XATMOV88-R512-v1,fae3cd510f7c1880e11bf0b677e0d7ad0094c8e909e2ee11e6410c35bd33254a,OPT-RFT-XATMOV88-R512-v1:0022,XATMOV_C1_14_4594_z2_22,b3ebc3fd5199e51456e7f923c7f20efedb2198d84def97de4d5e510de04648d8,22,cross_family_test_set,XATMOV/structures/XATMOV_C1_14_4594_z2_22.cif,3f9eec31f5fcb10e6e82d2411091460718b6c51faf076cd6caeaad9e714a57da,b3ebc3fd5199e51456e7f923c7f20efedb2198d84def97de4d5e510de04648d8,0,88,"[""C"", ""C"", ""N"", ""C"", ""H"", ""H"", ""H"", ""H"", ""H"", ""H"", ""H"", ""C"", ""C"", ""N"", ""C"", ""H"", ""H"", ""H"", ""H"", ""H"", ""H"", ""H"", ""C"", ""C"", ""N"", ""C"", ""H"", ""H"", ""H"", ""H"", ""H"", ""H"", ""H"", ""C"", ""C"", ""N"", ""C"", ""H"", ""H"", ""H"", ""H"", ""H"", ""H"", ""H"", ""C"", ""C"", ""N"", ""C"", ""H"", ""H"", ""H"", ""H"", ""H"", ""H"", ""H"", ""C"", ""C"", ""N"", ""C"", ""H"", ""H"", ""H"", ""H"", ""H"", ""H"", ""H"", ""C"", ""C"", ""N"", ""C"", ""H"", ""H"", ""H"", ""H"", ""H"", ""H"", ""H"", ""C"", ""C"", ""N"", ""C"", ""H"", ""H"", ""H"", ""H"", ""H"", ""H"", ""H""]",C24H56N8,"[true, true, true]","[17.047925549482827, 0.0, 0.0, 0.0, 9.042056632794795, 0.0, -2.0321372688236994, 0.0, 16.632597683674366]",2563.8867954081247,[],"{""cutoff=6.000_skin=0.000"": 2124, ""cutoff=6.000_skin=0.500"": 2708}",0.0,,
OPT-RFT-XATMOV88-R512-v1,fae3cd510f7c1880e11bf0b677e0d7ad0094c8e909e2ee11e6410c35bd33254a,OPT-RFT-XATMOV88-R512-v1:0023,XATMOV_C1_14_4770_z2_22,0eafb74bf9b03549b4f34421894bb66afa0311d1f974cb6459641d88460f2c3d,23,cross_family_test_set,XATMOV/structures/XATMOV_C1_14_4770_z2_22.cif,e3ed59e57198e1e5efc65298d3bad6131ac4c458a8dfbe08521808ef9313be40,0eafb74bf9b03549b4f34421894bb66afa0311d1f974cb6459641d88460f2c3d,0,88,"[""C"", ""C"", ""N"", ""C"", ""H"", ""H"", ""H"", ""H"", ""H"", ""H"", ""H"", ""C"", ""C"", ""N"", ""C"", ""H"", ""H"", ""H"", ""H"", ""H"", ""H"", ""H"", ""C"", ""C"", ""N"", ""C"", ""H"", ""H"", ""H"", ""H"", ""H"", ""H"", ""H"", ""C"", ""C"", ""N"", ""C"", ""H"", ""H"", ""H"", ""H"", ""H"", ""H"", ""H"", ""C"", ""C"", ""N"", ""C"", ""H"", ""H"", ""H"", ""H"", ""H"", ""H"", ""H"", ""C"", ""C"", ""N"", ""C"", ""H"", ""H"", ""H"", ""H"", ""H"", ""H"", ""H"", ""C"", ""C"", ""N"", ""C"", ""H"", ""H"", ""H"", ""H"", ""H"", ""H"", ""H"", ""C"", ""C"", ""N"", ""C"", ""H"", ""H"", ""H"", ""H"", ""H"", ""H"", ""H""]",C24H56N8,"[true, true, true]","[16.44360649209277, 0.0, 0.0, 0.0, 15.75538776360007, 0.0, 2.171283550661848, 0.0, 10.59240919582721]",2744.232612457781,[],"{""cutoff=6.000_skin=0.000"": 2128, ""cutoff=6.000_skin=0.500"": 2664}",0.0,,
OPT-RFT-XATMOV88-R512-v1,fae3cd510f7c1880e11bf0b677e0d7ad0094c8e909e2ee11e6410c35bd33254a,OPT-RFT-XATMOV88-R512-v1:0024,XATMOV_C2_14_989_z2_22,2623c449cfa8e3479e5649838e13f2ce5b32b99d54b6affb48d5b8e051e1f4a9,24,cross_family_test_set,XATMOV/structures/XATMOV_C2_14_989_z2_22.cif,73d01f0543eea81be3907a2b3a8e7717b88a6ff1704532381fae10e6d28fca84,2623c449cfa8e3479e5649838e13f2ce5b32b99d54b6affb48d5b8e051e1f4a9,0,88,"[""C"", ""C"", ""N"", ""C"", ""H"", ""H"", ""H"", ""H"", ""H"", ""H"", ""H"", ""C"", ""C"", ""N"", ""C"", ""H"", ""H"", ""H"", ""H"", ""H"", ""H"", ""H"", ""C"", ""C"", ""N"", ""C"", ""H"", ""H"", ""H"", ""H"", ""H"", ""H"", ""H"", ""C"", ""C"", ""N"", ""C"", ""H"", ""H"", ""H"", ""H"", ""H"", ""H"", ""H"", ""C"", ""C"", ""N"", ""C"", ""H"", ""H"", ""H"", ""H"", ""H"", ""H"", ""H"", ""C"", ""C"", ""N"", ""C"", ""H"", ""H"", ""H"", ""H"", ""H"", ""H"", ""H"", ""C"", ""C"", ""N"", ""C"", ""H"", ""H"", ""H"", ""H"", ""H"", ""H"", ""H"", ""C"", ""C"", ""N"", ""C"", ""H"", ""H"", ""H"", ""H"", ""H"", ""H"", ""H""]",C24H56N8,"[true, true, true]","[14.549966731250706, 0.0, 0.0, 0.0, 17.73930107901198, 0.0, 2.6629842753641495, 0.0, 11.248554988439667]",2903.3222395203557,[],"{""cutoff=6.000_skin=0.000"": 2136, ""cutoff=6.000_skin=0.500"": 2580}",0.0,,
OPT-RFT-XATMOV88-R512-v1,fae3cd510f7c1880e11bf0b677e0d7ad0094c8e909e2ee11e6410c35bd33254a,OPT-RFT-XATMOV88-R512-v1:0025,XATMOV_C1_14_1989_z2_22,73583863a2014d80f1893f303bcef448e9527b2c6b5b68b866cde63bb725dc0f,25,cross_family_test_set,XATMOV/structures/XATMOV_C1_14_1989_z2_22.cif,cb2d264447dc34fa01189d78c2d4add596b453349c80c26fb06488d530a8273e,73583863a2014d80f1893f303bcef448e9527b2c6b5b68b866cde63bb725dc0f,0,88,"[""C"", ""C"", ""N"", ""C"", ""H"", ""H"", ""H"", ""H"", ""H"", ""H"", ""H"", ""C"", ""C"", ""N"", ""C"", ""H"", ""H"", ""H"", ""H"", ""H"", ""H"", ""H"", ""C"", ""C"", ""N"", ""C"", ""H"", ""H"", ""H"", ""H"", ""H"", ""H"", ""H"", ""C"", ""C"", ""N"", ""C"", ""H"", ""H"", ""H"", ""H"", ""H"", ""H"", ""H"", ""C"", ""C"", ""N"", ""C"", ""H"", ""H"", ""H"", ""H"", ""H"", ""H"", ""H"", ""C"", ""C"", ""N"", ""C"", ""H"", ""H"", ""H"", ""H"", ""H"", ""H"", ""H"", ""C"", ""C"", ""N"", ""C"", ""H"", ""H"", ""H"", ""H"", ""H"", ""H"", ""H"", ""C"", ""C"", ""N"", ""C"", ""H"", ""H"", ""H"", ""H"", ""H"", ""H"", ""H""]",C24H56N8,"[true, true, true]","[15.668853170232843, 0.0, 0.0, 0.0, 16.251316673683867, 0.0, -5.165909853536194, 0.0, 14.938801263578512]",3804.008806419924,[],"{""cutoff=6.000_skin=0.000"": 2156, ""cutoff=6.000_skin=0.500"": 2540}",0.0,,
OPT-RFT-XATMOV88-R512-v1,fae3cd510f7c1880e11bf0b677e0d7ad0094c8e909e2ee11e6410c35bd33254a,OPT-RFT-XATMOV88-R512-v1:0026,XATMOV_C1_14_4698_z2_22,e34709b37e0d3fcf97dbe10e5a6033380420dc806043612a79ee690e8ead0d82,26,cross_family_test_set,XATMOV/structures/XATMOV_C1_14_4698_z2_22.cif,6cb348b38964919ad2382b22fed41579505a1db86c6693ee4bfd49a53d30d01e,e34709b37e0d3fcf97dbe10e5a6033380420dc806043612a79ee690e8ead0d82,0,88,"[""C"", ""C"", ""N"", ""C"", ""H"", ""H"", ""H"", ""H"", ""H"", ""H"", ""H"", ""C"", ""C"", ""N"", ""C"", ""H"", ""H"", ""H"", ""H"", ""H"", ""H"", ""H"", ""C"", ""C"", ""N"", ""C"", ""H"", ""H"", ""H"", ""H"", ""H"", ""H"", ""H"", ""C"", ""C"", ""N"", ""C"", ""H"", ""H"", ""H"", ""H"", ""H"", ""H"", ""H"", ""C"", ""C"", ""N"", ""C"", ""H"", ""H"", ""H"", ""H"", ""H"", ""H"", ""H"", ""C"", ""C"", ""N"", ""C"", ""H"", ""H"", ""H"", ""H"", ""H"", ""H"", ""H"", ""C"", ""C"", ""N"", ""C"", ""H"", ""H"", ""H"", ""H"", ""H"", ""H"", ""H"", ""C"", ""C"", ""N"", ""C"", ""H"", ""H"", ""H"", ""H"", ""H"", ""H"", ""H""]",C24H56N8,"[true, true, true]","[9.268505202320267, 0.0, 0.0, 0.0, 18.766549081224525, 0.0, -9.8308127563118, 0.0, 15.255551599182168]",2653.5179645502053,[],"{""cutoff=6.000_skin=0.000"": 2164, ""cutoff=6.000_skin=0.500"": 2676}",0.0,,
OPT-RFT-XATMOV88-R512-v1,fae3cd510f7c1880e11bf0b677e0d7ad0094c8e909e2ee11e6410c35bd33254a,OPT-RFT-XATMOV88-R512-v1:0027,XATMOV_C2_14_1545_z2_22,4708ba887bb1ded558406260b3a39a9219cc128bb3d8444682358ce70ba2b341,27,cross_family_test_set,XATMOV/structures/XATMOV_C2_14_1545_z2_22.cif,efaa92052cd2df701754a337c4e6974c5c972a60aba086d0b42274d9ebb61135,4708ba887bb1ded558406260b3a39a9219cc128bb3d8444682358ce70ba2b341,0,88,"[""C"", ""C"", ""N"", ""C"", ""H"", ""H"", ""H"", ""H"", ""H"", ""H"", ""H"", ""C"", ""C"", ""N"", ""C"", ""H"", ""H"", ""H"", ""H"", ""H"", ""H"", ""H"", ""C"", ""C"", ""N"", ""C"", ""H"", ""H"", ""H"", ""H"", ""H"", ""H"", ""H"", ""C"", ""C"", ""N"", ""C"", ""H"", ""H"", ""H"", ""H"", ""H"", ""H"", ""H"", ""C"", ""C"", ""N"", ""C"", ""H"", ""H"", ""H"", ""H"", ""H"", ""H"", ""H"", ""C"", ""C"", ""N"", ""C"", ""H"", ""H"", ""H"", ""H"", ""H"", ""H"", ""H"", ""C"", ""C"", ""N"", ""C"", ""H"", ""H"", ""H"", ""H"", ""H"", ""H"", ""H"", ""C"", ""C"", ""N"", ""C"", ""H"", ""H"", ""H"", ""H"", ""H"", ""H"", ""H""]",C24H56N8,"[true, true, true]","[15.778072548855423, 0.0, 0.0, 0.0, 16.6514532912811, 0.0, -2.5965495019477864, 0.0, 10.283962263919722]",2701.883172431251,[],"{""cutoff=6.000_skin=0.000"": 2176, ""cutoff=6.000_skin=0.500"": 2700}",0.0,,
OPT-RFT-XATMOV88-R512-v1,fae3cd510f7c1880e11bf0b677e0d7ad0094c8e909e2ee11e6410c35bd33254a,OPT-RFT-XATMOV88-R512-v1:0028,XATMOV_C1_14_5122_z2_22,08e36f4a293b0b486b19b67d8c23d61945b5c2ac6dd2168bb919e93a1d379b98,28,cross_family_test_set,XATMOV/structures/XATMOV_C1_14_5122_z2_22.cif,d62bb70aa0fec8851124e33e50fb3a557a21a8e7819e1f4ddadee451f338f8fd,08e36f4a293b0b486b19b67d8c23d61945b5c2ac6dd2168bb919e93a1d379b98,0,88,"[""C"", ""C"", ""N"", ""C"", ""H"", ""H"", ""H"", ""H"", ""H"", ""H"", ""H"", ""C"", ""C"", ""N"", ""C"", ""H"", ""H"", ""H"", ""H"", ""H"", ""H"", ""H"", ""C"", ""C"", ""N"", ""C"", ""H"", ""H"", ""H"", ""H"", ""H"", ""H"", ""H"", ""C"", ""C"", ""N"", ""C"", ""H"", ""H"", ""H"", ""H"", ""H"", ""H"", ""H"", ""C"", ""C"", ""N"", ""C"", ""H"", ""H"", ""H"", ""H"", ""H"", ""H"", ""H"", ""C"", ""C"", ""N"", ""C"", ""H"", ""H"", ""H"", ""H"", ""H"", ""H"", ""H"", ""C"", ""C"", ""N"", ""C"", ""H"", ""H"", ""H"", ""H"", ""H"", ""H"", ""H"", ""C"", ""C"", ""N"", ""C"", ""H"", ""H"", ""H"", ""H"", ""H"", ""H"", ""H""]",C24H56N8,"[true, true, true]","[14.808018726726818, 0.0, 0.0, 0.0, 12.753453738426984, 0.0, 0.950767414787347, 0.0, 14.617298210269713]",2760.5261996287686,[],"{""cutoff=6.000_skin=0.000"": 2188, ""cutoff=6.000_skin=0.500"": 2740}",0.0,,
OPT-RFT-XATMOV88-R512-v1,fae3cd510f7c1880e11bf0b677e0d7ad0094c8e909e2ee11e6410c35bd33254a,OPT-RFT-XATMOV88-R512-v1:0029,XATMOV_C1_14_2195_z2_22,ffc853f94e8c0305a5bd89486c52cdb62ab0a186710b532fd8c48ee2ccaca1c0,29,cross_family_test_set,XATMOV/structures/XATMOV_C1_14_2195_z2_22.cif,916d59142e9795d43868c4b604bb7ffde914508bf7c338653acdab1a7d5a4a7a,ffc853f94e8c0305a5bd89486c52cdb62ab0a186710b532fd8c48ee2ccaca1c0,0,88,"[""C"", ""C"", ""N"", ""C"", ""H"", ""H"", ""H"", ""H"", ""H"", ""H"", ""H"", ""C"", ""C"", ""N"", ""C"", ""H"", ""H"", ""H"", ""H"", ""H"", ""H"", ""H"", ""C"", ""C"", ""N"", ""C"", ""H"", ""H"", ""H"", ""H"", ""H"", ""H"", ""H"", ""C"", ""C"", ""N"", ""C"", ""H"", ""H"", ""H"", ""H"", ""H"", ""H"", ""H"", ""C"", ""C"", ""N"", ""C"", ""H"", ""H"", ""H"", ""H"", ""H"", ""H"", ""H"", ""C"", ""C"", ""N"", ""C"", ""H"", ""H"", ""H"", ""H"", ""H"", ""H"", ""H"", ""C"", ""C"", ""N"", ""C"", ""H"", ""H"", ""H"", ""H"", ""H"", ""H"", ""H"", ""C"", ""C"", ""N"", ""C"", ""H"", ""H"", ""H"", ""H"", ""H"", ""H"", ""H""]",C24H56N8,"[true, true, true]","[12.254805065334178, 0.0, 0.0, 0.0, 17.102493669819914, 0.0, -7.860127203649546, 0.0, 14.185510129715633]",2973.1088110137885,[],"{""cutoff=6.000_skin=0.000"": 2204, ""cutoff=6.000_skin=0.500"": 2660}",0.0,,
OPT-RFT-XATMOV88-R512-v1,fae3cd510f7c1880e11bf0b677e0d7ad0094c8e909e2ee11e6410c35bd33254a,OPT-RFT-XATMOV88-R512-v1:0030,XATMOV_C2_14_2403_z2_22,afc2cf95f1d1fe7125286f30d0fe14f21a9842bab68f3152194ac317cc347321,30,cross_family_test_set,XATMOV/structures/XATMOV_C2_14_2403_z2_22.cif,17c349e4f4fe2bbc10945f6b0bf5d38dd11b6d9fd990fd69786052ebb3fc98c4,afc2cf95f1d1fe7125286f30d0fe14f21a9842bab68f3152194ac317cc347321,0,88,"[""C"", ""C"", ""N"", ""C"", ""H"", ""H"", ""H"", ""H"", ""H"", ""H"", ""H"", ""C"", ""C"", ""N"", ""C"", ""H"", ""H"", ""H"", ""H"", ""H"", ""H"", ""H"", ""C"", ""C"", ""N"", ""C"", ""H"", ""H"", ""H"", ""H"", ""H"", ""H"", ""H"", ""C"", ""C"", ""N"", ""C"", ""H"", ""H"", ""H"", ""H"", ""H"", ""H"", ""H"", ""C"", ""C"", ""N"", ""C"", ""H"", ""H"", ""H"", ""H"", ""H"", ""H"", ""H"", ""C"", ""C"", ""N"", ""C"", ""H"", ""H"", ""H"", ""H"", ""H"", ""H"", ""H"", ""C"", ""C"", ""N"", ""C"", ""H"", ""H"", ""H"", ""H"", ""H"", ""H"", ""H"", ""C"", ""C"", ""N"", ""C"", ""H"", ""H"", ""H"", ""H"", ""H"", ""H"", ""H""]",C24H56N8,"[true, true, true]","[16.164035299667084, 0.0, 0.0, 0.0, 16.63972104053988, 0.0, -7.479241573667049, 0.0, 13.238887415059656]",3560.7978603218453,[],"{""cutoff=6.000_skin=0.000"": 2208, ""cutoff=6.000_skin=0.500"": 2744}",0.0,,
OPT-RFT-XATMOV88-R512-v1,fae3cd510f7c1880e11bf0b677e0d7ad0094c8e909e2ee11e6410c35bd33254a,OPT-RFT-XATMOV88-R512-v1:0031,XATMOV_C1_14_2241_z2_22,811720f088e4c5736b12d7906c4699dae31240e119624b07f50b77b4c767350b,31,cross_family_test_set,XATMOV/structures/XATMOV_C1_14_2241_z2_22.cif,50f1985fd8fd4d221c6559a3ad54b9bae6877e7b4d4128922443a65b2baf953d,811720f088e4c5736b12d7906c4699dae31240e119624b07f50b77b4c767350b,0,88,"[""C"", ""C"", ""N"", ""C"", ""H"", ""H"", ""H"", ""H"", ""H"", ""H"", ""H"", ""C"", ""C"", ""N"", ""C"", ""H"", ""H"", ""H"", ""H"", ""H"", ""H"", ""H"", ""C"", ""C"", ""N"", ""C"", ""H"", ""H"", ""H"", ""H"", ""H"", ""H"", ""H"", ""C"", ""C"", ""N"", ""C"", ""H"", ""H"", ""H"", ""H"", ""H"", ""H"", ""H"", ""C"", ""C"", ""N"", ""C"", ""H"", ""H"", ""H"", ""H"", ""H"", ""H"", ""H"", ""C"", ""C"", ""N"", ""C"", ""H"", ""H"", ""H"", ""H"", ""H"", ""H"", ""H"", ""C"", ""C"", ""N"", ""C"", ""H"", ""H"", ""H"", ""H"", ""H"", ""H"", ""H"", ""C"", ""C"", ""N"", ""C"", ""H"", ""H"", ""H"", ""H"", ""H"", ""H"", ""H""]",C24H56N8,"[true, true, true]","[15.115781434534135, 0.0, 0.0, 0.0, 13.65646459281605, 0.0, 4.9211304952248645, 0.0, 13.073176100355978]",2698.671347241476,[],"{""cutoff=6.000_skin=0.000"": 2220, ""cutoff=6.000_skin=0.500"": 2836}",0.0,,
OPT-RFT-XATMOV88-R512-v1,fae3cd510f7c1880e11bf0b677e0d7ad0094c8e909e2ee11e6410c35bd33254a,OPT-RFT-XATMOV88-R512-v1:0032,XATMOV_C1_14_3674_z2_22,5f854d8fd43f8024b8196e9272221263819e425a02d0b8f3cb85f5b8e8bc8beb,32,cross_family_test_set,XATMOV/structures/XATMOV_C1_14_3674_z2_22.cif,13419053b84c81605e59a63b31f609c96009979a95e80a41f307ef8c23cd30ec,5f854d8fd43f8024b8196e9272221263819e425a02d0b8f3cb85f5b8e8bc8beb,0,88,"[""C"", ""C"", ""N"", ""C"", ""H"", ""H"", ""H"", ""H"", ""H"", ""H"", ""H"", ""C"", ""C"", ""N"", ""C"", ""H"", ""H"", ""H"", ""H"", ""H"", ""H"", ""H"", ""C"", ""C"", ""N"", ""C"", ""H"", ""H"", ""H"", ""H"", ""H"", ""H"", ""H"", ""C"", ""C"", ""N"", ""C"", ""H"", ""H"", ""H"", ""H"", ""H"", ""H"", ""H"", ""C"", ""C"", ""N"", ""C"", ""H"", ""H"", ""H"", ""H"", ""H"", ""H"", ""H"", ""C"", ""C"", ""N"", ""C"", ""H"", ""H"", ""H"", ""H"", ""H"", ""H"", ""H"", ""C"", ""C"", ""N"", ""C"", ""H"", ""H"", ""H"", ""H"", ""H"", ""H"", ""H"", ""C"", ""C"", ""N"", ""C"", ""H"", ""H"", ""H"", ""H"", ""H"", ""H"", ""H""]",C24H56N8,"[true, true, true]","[14.723223473970236, 0.0, 0.0, 0.0, 18.224611682325502, 0.0, -5.166142633690221, 0.0, 14.796410025050788]",3970.2471716352306,[],"{""cutoff=6.000_skin=0.000"": 2232, ""cutoff=6.000_skin=0.500"": 2584}",0.0,,
OPT-RFT-XATMOV88-R512-v1,fae3cd510f7c1880e11bf0b677e0d7ad0094c8e909e2ee11e6410c35bd33254a,OPT-RFT-XATMOV88-R512-v1:0033,XATMOV_C1_14_4562_z2_22,3e3e25962401af2dc6890f2c42defbcddc742a7b985313c8440bf57a376eef47,33,cross_family_test_set,XATMOV/structures/XATMOV_C1_14_4562_z2_22.cif,c7db89e8576ea100922336f8c708dc9484aad96bdad1f59117fa3e3431d532ae,3e3e25962401af2dc6890f2c42defbcddc742a7b985313c8440bf57a376eef47,0,88,"[""C"", ""C"", ""N"", ""C"", ""H"", ""H"", ""H"", ""H"", ""H"", ""H"", ""H"", ""C"", ""C"", ""N"", ""C"", ""H"", ""H"", ""H"", ""H"", ""H"", ""H"", ""H"", ""C"", ""C"", ""N"", ""C"", ""H"", ""H"", ""H"", ""H"", ""H"", ""H"", ""H"", ""C"", ""C"", ""N"", ""C"", ""H"", ""H"", ""H"", ""H"", ""H"", ""H"", ""H"", ""C"", ""C"", ""N"", ""C"", ""H"", ""H"", ""H"", ""H"", ""H"", ""H"", ""H"", ""C"", ""C"", ""N"", ""C"", ""H"", ""H"", ""H"", ""H"", ""H"", ""H"", ""H"", ""C"", ""C"", ""N"", ""C"", ""H"", ""H"", ""H"", ""H"", ""H"", ""H"", ""H"", ""C"", ""C"", ""N"", ""C"", ""H"", ""H"", ""H"", ""H"", ""H"", ""H"", ""H""]",C24H56N8,"[true, true, true]","[12.49940904009491, 0.0, 0.0, 0.0, 15.916790766346097, 0.0, -5.576812439416218, 0.0, 13.04793946028262]",2595.8937976813377,[],"{""cutoff=6.000_skin=0.000"": 2256, ""cutoff=6.000_skin=0.500"": 2860}",0.0,,
OPT-RFT-XATMOV88-R512-v1,fae3cd510f7c1880e11bf0b677e0d7ad0094c8e909e2ee11e6410c35bd33254a,OPT-RFT-XATMOV88-R512-v1:0034,XATMOV_C2_14_1868_z2_22,ed26272ed87d391297461fb15466c6abefa080e0569ae698ad6b6f523b4a4395,34,cross_family_test_set,XATMOV/structures/XATMOV_C2_14_1868_z2_22.cif,7e00cc0824bdba9956ceec536a7a10ea87d705aea229f072633cde9f16ba792c,ed26272ed87d391297461fb15466c6abefa080e0569ae698ad6b6f523b4a4395,0,88,"[""C"", ""C"", ""N"", ""C"", ""H"", ""H"", ""H"", ""H"", ""H"", ""H"", ""H"", ""C"", ""C"", ""N"", ""C"", ""H"", ""H"", ""H"", ""H"", ""H"", ""H"", ""H"", ""C"", ""C"", ""N"", ""C"", ""H"", ""H"", ""H"", ""H"", ""H"", ""H"", ""H"", ""C"", ""C"", ""N"", ""C"", ""H"", ""H"", ""H"", ""H"", ""H"", ""H"", ""H"", ""C"", ""C"", ""N"", ""C"", ""H"", ""H"", ""H"", ""H"", ""H"", ""H"", ""H"", ""C"", ""C"", ""N"", ""C"", ""H"", ""H"", ""H"", ""H"", ""H"", ""H"", ""H"", ""C"", ""C"", ""N"", ""C"", ""H"", ""H"", ""H"", ""H"", ""H"", ""H"", ""H"", ""C"", ""C"", ""N"", ""C"", ""H"", ""H"", ""H"", ""H"", ""H"", ""H"", ""H""]",C24H56N8,"[true, true, true]","[17.036484669911818, 0.0, 0.0, 0.0, 20.659570654724924, 0.0, 0.6422139039226181, 0.0, 8.39671094160761]",2955.360615232942,[],"{""cutoff=6.000_skin=0.000"": 2264, ""cutoff=6.000_skin=0.500"": 2960}",0.0,,
OPT-RFT-XATMOV88-R512-v1,fae3cd510f7c1880e11bf0b677e0d7ad0094c8e909e2ee11e6410c35bd33254a,OPT-RFT-XATMOV88-R512-v1:0035,XATMOV_C2_14_4314_z2_22,be6e515389e5607c6563334865ef2aa78332bc3c4707e840c8b2c097bf0bbc38,35,cross_family_test_set,XATMOV/structures/XATMOV_C2_14_4314_z2_22.cif,582f7da95fe470675c4885d78c9bca6c253fa58259a05860f3a3f1fabc912efc,be6e515389e5607c6563334865ef2aa78332bc3c4707e840c8b2c097bf0bbc38,0,88,"[""C"", ""C"", ""N"", ""C"", ""H"", ""H"", ""H"", ""H"", ""H"", ""H"", ""H"", ""C"", ""C"", ""N"", ""C"", ""H"", ""H"", ""H"", ""H"", ""H"", ""H"", ""H"", ""C"", ""C"", ""N"", ""C"", ""H"", ""H"", ""H"", ""H"", ""H"", ""H"", ""H"", ""C"", ""C"", ""N"", ""C"", ""H"", ""H"", ""H"", ""H"", ""H"", ""H"", ""H"", ""C"", ""C"", ""N"", ""C"", ""H"", ""H"", ""H"", ""H"", ""H"", ""H"", ""H"", ""C"", ""C"", ""N"", ""C"", ""H"", ""H"", ""H"", ""H"", ""H"", ""H"", ""H"", ""C"", ""C"", ""N"", ""C"", ""H"", ""H"", ""H"", ""H"", ""H"", ""H"", ""H"", ""C"", ""C"", ""N"", ""C"", ""H"", ""H"", ""H"", ""H"", ""H"", ""H"", ""H""]",C24H56N8,"[true, true, true]","[14.161092876568496, 0.0, 0.0, 0.0, 14.123601379893536, 0.0, -4.752541904168464, 0.0, 13.533157274607422]",2706.7076586726207,[],"{""cutoff=6.000_skin=0.000"": 2276, ""cutoff=6.000_skin=0.500"": 2920}",0.0,,
OPT-RFT-XATMOV88-R512-v1,fae3cd510f7c1880e11bf0b677e0d7ad0094c8e909e2ee11e6410c35bd33254a,OPT-RFT-XATMOV88-R512-v1:0036,XATMOV_C1_14_117_z2_22,289a075053b7f39201f28b4e30f7203e1393c03d9a132a644713f4ae952b1888,36,cross_family_test_set,XATMOV/structures/XATMOV_C1_14_117_z2_22.cif,545ccb26ac916c6e0fbd2b8cc98428006655640d4b7b9291440c6ae80f08a973,289a075053b7f39201f28b4e30f7203e1393c03d9a132a644713f4ae952b1888,0,88,"[""C"", ""C"", ""N"", ""C"", ""H"", ""H"", ""H"", ""H"", ""H"", ""H"", ""H"", ""C"", ""C"", ""N"", ""C"", ""H"", ""H"", ""H"", ""H"", ""H"", ""H"", ""H"", ""C"", ""C"", ""N"", ""C"", ""H"", ""H"", ""H"", ""H"", ""H"", ""H"", ""H"", ""C"", ""C"", ""N"", ""C"", ""H"", ""H"", ""H"", ""H"", ""H"", ""H"", ""H"", ""C"", ""C"", ""N"", ""C"", ""H"", ""H"", ""H"", ""H"", ""H"", ""H"", ""H"", ""C"", ""C"", ""N"", ""C"", ""H"", ""H"", ""H"", ""H"", ""H"", ""H"", ""H"", ""C"", ""C"", ""N"", ""C"", ""H"", ""H"", ""H"", ""H"", ""H"", ""H"", ""H"", ""C"", ""C"", ""N"", ""C"", ""H"", ""H"", ""H"", ""H"", ""H"", ""H"", ""H""]",C24H56N8,"[true, true, true]","[18.84640439525205, 0.0, 0.0, 0.0, 8.721646276354448, 0.0, -0.5315906526638837, 0.0, 14.506318378007485]",2384.4278167514876,[],"{""cutoff=6.000_skin=0.000"": 2288, ""cutoff=6.000_skin=0.500"": 2952}",0.0,,
OPT-RFT-XATMOV88-R512-v1,fae3cd510f7c1880e11bf0b677e0d7ad0094c8e909e2ee11e6410c35bd33254a,OPT-RFT-XATMOV88-R512-v1:0037,XATMOV_C1_14_4199_z2_22,8e83a754fe62a3c83080d3762f68340c0d2b3131c31517a985be0c5c2f9f9d31,37,cross_family_test_set,XATMOV/structures/XATMOV_C1_14_4199_z2_22.cif,11849e75f9a3db4b621f13a62d407c03f45466394a9099d05a6b9060214ca1e9,8e83a754fe62a3c83080d3762f68340c0d2b3131c31517a985be0c5c2f9f9d31,0,88,"[""C"", ""C"", ""N"", ""C"", ""H"", ""H"", ""H"", ""H"", ""H"", ""H"", ""H"", ""C"", ""C"", ""N"", ""C"", ""H"", ""H"", ""H"", ""H"", ""H"", ""H"", ""H"", ""C"", ""C"", ""N"", ""C"", ""H"", ""H"", ""H"", ""H"", ""H"", ""H"", ""H"", ""C"", ""C"", ""N"", ""C"", ""H"", ""H"", ""H"", ""H"", ""H"", ""H"", ""H"", ""C"", ""C"", ""N"", ""C"", ""H"", ""H"", ""H"", ""H"", ""H"", ""H"", ""H"", ""C"", ""C"", ""N"", ""C"", ""H"", ""H"", ""H"", ""H"", ""H"", ""H"", ""H"", ""C"", ""C"", ""N"", ""C"", ""H"", ""H"", ""H"", ""H"", ""H"", ""H"", ""H"", ""C"", ""C"", ""N"", ""C"", ""H"", ""H"", ""H"", ""H"", ""H"", ""H"", ""H""]",C24H56N8,"[true, true, true]","[14.151768760041037, 0.0, 0.0, 0.0, 13.493337796885584, 0.0, 2.8600021958193222, 0.0, 14.902468119058266]",2845.694783587828,[],"{""cutoff=6.000_skin=0.000"": 2300, ""cutoff=6.000_skin=0.500"": 2704}",0.0,,
OPT-RFT-XATMOV88-R512-v1,fae3cd510f7c1880e11bf0b677e0d7ad0094c8e909e2ee11e6410c35bd33254a,OPT-RFT-XATMOV88-R512-v1:0038,XATMOV_C1_14_2413_z2_22,61408fb2361a9e348a3ab3c1c5281d8681396aa554fe9fdd381023d04134606b,38,cross_family_test_set,XATMOV/structures/XATMOV_C1_14_2413_z2_22.cif,7fdab04bffcffab7b369965c6fefab20145cbb9dfb84937477e72fc71f7df1e6,61408fb2361a9e348a3ab3c1c5281d8681396aa554fe9fdd381023d04134606b,0,88,"[""C"", ""C"", ""N"", ""C"", ""H"", ""H"", ""H"", ""H"", ""H"", ""H"", ""H"", ""C"", ""C"", ""N"", ""C"", ""H"", ""H"", ""H"", ""H"", ""H"", ""H"", ""H"", ""C"", ""C"", ""N"", ""C"", ""H"", ""H"", ""H"", ""H"", ""H"", ""H"", ""H"", ""C"", ""C"", ""N"", ""C"", ""H"", ""H"", ""H"", ""H"", ""H"", ""H"", ""H"", ""C"", ""C"", ""N"", ""C"", ""H"", ""H"", ""H"", ""H"", ""H"", ""H"", ""H"", ""C"", ""C"", ""N"", ""C"", ""H"", ""H"", ""H"", ""H"", ""H"", ""H"", ""H"", ""C"", ""C"", ""N"", ""C"", ""H"", ""H"", ""H"", ""H"", ""H"", ""H"", ""H"", ""C"", ""C"", ""N"", ""C"", ""H"", ""H"", ""H"", ""H"", ""H"", ""H"", ""H""]",C24H56N8,"[true, true, true]","[15.027474365911708, 0.0, 0.0, 0.0, 15.159900573026135, 0.0, -7.262773915338873, 0.0, 13.54744399854386]",3086.3111882341504,[],"{""cutoff=6.000_skin=0.000"": 2320, ""cutoff=6.000_skin=0.500"": 2892}",0.0,,
OPT-RFT-XATMOV88-R512-v1,fae3cd510f7c1880e11bf0b677e0d7ad0094c8e909e2ee11e6410c35bd33254a,OPT-RFT-XATMOV88-R512-v1:0039,XATMOV_C1_14_5463_z2_22,110e4c73a7e900cf567913a38f61e794894d7866efbc88e5d82f66c7ff856ba2,39,cross_family_test_set,XATMOV/structures/XATMOV_C1_14_5463_z2_22.cif,68ec814252d1821a568a6e3e6d2e220a7a0829aa583dd5c12464135fdda5f1de,110e4c73a7e900cf567913a38f61e794894d7866efbc88e5d82f66c7ff856ba2,0,88,"[""C"", ""C"", ""N"", ""C"", ""H"", ""H"", ""H"", ""H"", ""H"", ""H"", ""H"", ""C"", ""C"", ""N"", ""C"", ""H"", ""H"", ""H"", ""H"", ""H"", ""H"", ""H"", ""C"", ""C"", ""N"", ""C"", ""H"", ""H"", ""H"", ""H"", ""H"", ""H"", ""H"", ""C"", ""C"", ""N"", ""C"", ""H"", ""H"", ""H"", ""H"", ""H"", ""H"", ""H"", ""C"", ""C"", ""N"", ""C"", ""H"", ""H"", ""H"", ""H"", ""H"", ""H"", ""H"", ""C"", ""C"", ""N"", ""C"", ""H"", ""H"", ""H"", ""H"", ""H"", ""H"", ""H"", ""C"", ""C"", ""N"", ""C"", ""H"", ""H"", ""H"", ""H"", ""H"", ""H"", ""H"", ""C"", ""C"", ""N"", ""C"", ""H"", ""H"", ""H"", ""H"", ""H"", ""H"", ""H""]",C24H56N8,"[true, true, true]","[22.161634140851493, 0.0, 0.0, 0.0, 11.685227221637902, 0.0, -1.6137533538161604, 0.0, 10.478279222531292]",2713.4942770924094,[],"{""cutoff=6.000_skin=0.000"": 2324, ""cutoff=6.000_skin=0.500"": 2976}",0.0,,
OPT-RFT-XATMOV88-R512-v1,fae3cd510f7c1880e11bf0b677e0d7ad0094c8e909e2ee11e6410c35bd33254a,OPT-RFT-XATMOV88-R512-v1:0040,XATMOV_C2_14_5328_z2_22,5e5044d08ee13a79b03446d12dea95803e395573013b77d3ada60dd0fd56c71e,40,cross_family_test_set,XATMOV/structures/XATMOV_C2_14_5328_z2_22.cif,1376de219a40d765ab6440910d937a6d2bd778ea5104dbf34b2e7960490eb142,5e5044d08ee13a79b03446d12dea95803e395573013b77d3ada60dd0fd56c71e,0,88,"[""C"", ""C"", ""N"", ""C"", ""H"", ""H"", ""H"", ""H"", ""H"", ""H"", ""H"", ""C"", ""C"", ""N"", ""C"", ""H"", ""H"", ""H"", ""H"", ""H"", ""H"", ""H"", ""C"", ""C"", ""N"", ""C"", ""H"", ""H"", ""H"", ""H"", ""H"", ""H"", ""H"", ""C"", ""C"", ""N"", ""C"", ""H"", ""H"", ""H"", ""H"", ""H"", ""H"", ""H"", ""C"", ""C"", ""N"", ""C"", ""H"", ""H"", ""H"", ""H"", ""H"", ""H"", ""H"", ""C"", ""C"", ""N"", ""C"", ""H"", ""H"", ""H"", ""H"", ""H"", ""H"", ""H"", ""C"", ""C"", ""N"", ""C"", ""H"", ""H"", ""H"", ""H"", ""H"", ""H"", ""H"", ""C"", ""C"", ""N"", ""C"", ""H"", ""H"", ""H"", ""H"", ""H"", ""H"", ""H""]",C24H56N8,"[true, true, true]","[10.003072190115022, 0.0, 0.0, 0.0, 11.83312556334188, 0.0, -0.6643942980863893, 0.0, 21.436012167275916]",2537.3295119829872,[],"{""cutoff=6.000_skin=0.000"": 2324, ""cutoff=6.000_skin=0.500"": 2980}",0.0,,
OPT-RFT-XATMOV88-R512-v1,fae3cd510f7c1880e11bf0b677e0d7ad0094c8e909e2ee11e6410c35bd33254a,OPT-RFT-XATMOV88-R512-v1:0041,XATMOV_C1_14_4186_z2_22,47037837a6520c9e15a699d2710fce8a82981a39d12c435594860c1e208d4f0e,41,cross_family_test_set,XATMOV/structures/XATMOV_C1_14_4186_z2_22.cif,e48812ff598543780094d6c59e976a219665ef785be341dc39560028432c3a9f,47037837a6520c9e15a699d2710fce8a82981a39d12c435594860c1e208d4f0e,0,88,"[""C"", ""C"", ""N"", ""C"", ""H"", ""H"", ""H"", ""H"", ""H"", ""H"", ""H"", ""C"", ""C"", ""N"", ""C"", ""H"", ""H"", ""H"", ""H"", ""H"", ""H"", ""H"", ""C"", ""C"", ""N"", ""C"", ""H"", ""H"", ""H"", ""H"", ""H"", ""H"", ""H"", ""C"", ""C"", ""N"", ""C"", ""H"", ""H"", ""H"", ""H"", ""H"", ""H"", ""H"", ""C"", ""C"", ""N"", ""C"", ""H"", ""H"", ""H"", ""H"", ""H"", ""H"", ""H"", ""C"", ""C"", ""N"", ""C"", ""H"", ""H"", ""H"", ""H"", ""H"", ""H"", ""H"", ""C"", ""C"", ""N"", ""C"", ""H"", ""H"", ""H"", ""H"", ""H"", ""H"", ""H"", ""C"", ""C"", ""N"", ""C"", ""H"", ""H"", ""H"", ""H"", ""H"", ""H"", ""H""]",C24H56N8,"[true, true, true]","[12.962159087966604, 0.0, 0.0, 0.0, 14.470744329121814, 0.0, -3.735671850817528, 0.0, 13.052585334382968]",2448.3007125794093,[],"{""cutoff=6.000_skin=0.000"": 2336, ""cutoff=6.000_skin=0.500"": 2932}",0.0,,
OPT-RFT-XATMOV88-R512-v1,fae3cd510f7c1880e11bf0b677e0d7ad0094c8e909e2ee11e6410c35bd33254a,OPT-RFT-XATMOV88-R512-v1:0042,XATMOV_C2_14_748_z2_22,99f501c40e0b5e6c70a579e913320f8a692379b65035e8c9356158017572a0f4,42,cross_family_test_set,XATMOV/structures/XATMOV_C2_14_748_z2_22.cif,e5cab0bad15fffb982488280c25d523007a05ac5be34ada16de32dd2c7f2c777,99f501c40e0b5e6c70a579e913320f8a692379b65035e8c9356158017572a0f4,0,88,"[""C"", ""C"", ""N"", ""C"", ""H"", ""H"", ""H"", ""H"", ""H"", ""H"", ""H"", ""C"", ""C"", ""N"", ""C"", ""H"", ""H"", ""H"", ""H"", ""H"", ""H"", ""H"", ""C"", ""C"", ""N"", ""C"", ""H"", ""H"", ""H"", ""H"", ""H"", ""H"", ""H"", ""C"", ""C"", ""N"", ""C"", ""H"", ""H"", ""H"", ""H"", ""H"", ""H"", ""H"", ""C"", ""C"", ""N"", ""C"", ""H"", ""H"", ""H"", ""H"", ""H"", ""H"", ""H"", ""C"", ""C"", ""N"", ""C"", ""H"", ""H"", ""H"", ""H"", ""H"", ""H"", ""H"", ""C"", ""C"", ""N"", ""C"", ""H"", ""H"", ""H"", ""H"", ""H"", ""H"", ""H"", ""C"", ""C"", ""N"", ""C"", ""H"", ""H"", ""H"", ""H"", ""H"", ""H"", ""H""]",C24H56N8,"[true, true, true]","[13.776572450119197, 0.0, 0.0, 0.0, 14.472009607800025, 0.0, 6.807480038462386, 0.0, 11.783938972786476]",2349.4191662525222,[],"{""cutoff=6.000_skin=0.000"": 2352, ""cutoff=6.000_skin=0.500"": 3192}",0.0,,
OPT-RFT-XATMOV88-R512-v1,fae3cd510f7c1880e11bf0b677e0d7ad0094c8e909e2ee11e6410c35bd33254a,OPT-RFT-XATMOV88-R512-v1:0043,XATMOV_C1_14_1062_z2_22,5313dcbeafba9a0f15d550c3a19d5e66b29f655521c8edc14ce21aba75e53ba1,43,cross_family_test_set,XATMOV/structures/XATMOV_C1_14_1062_z2_22.cif,3915b653457831513d27e387d93682257a209455bcc0d2e4d9c4bd5cb401bc96,5313dcbeafba9a0f15d550c3a19d5e66b29f655521c8edc14ce21aba75e53ba1,0,88,"[""C"", ""C"", ""N"", ""C"", ""H"", ""H"", ""H"", ""H"", ""H"", ""H"", ""H"", ""C"", ""C"", ""N"", ""C"", ""H"", ""H"", ""H"", ""H"", ""H"", ""H"", ""H"", ""C"", ""C"", ""N"", ""C"", ""H"", ""H"", ""H"", ""H"", ""H"", ""H"", ""H"", ""C"", ""C"", ""N"", ""C"", ""H"", ""H"", ""H"", ""H"", ""H"", ""H"", ""H"", ""C"", ""C"", ""N"", ""C"", ""H"", ""H"", ""H"", ""H"", ""H"", ""H"", ""H"", ""C"", ""C"", ""N"", ""C"", ""H"", ""H"", ""H"", ""H"", ""H"", ""H"", ""H"", ""C"", ""C"", ""N"", ""C"", ""H"", ""H"", ""H"", ""H"", ""H"", ""H"", ""H"", ""C"", ""C"", ""N"", ""C"", ""H"", ""H"", ""H"", ""H"", ""H"", ""H"", ""H""]",C24H56N8,"[true, true, true]","[9.59876372143163, 0.0, 0.0, 0.0, 13.234681767812113, 0.0, 5.510468520560676, 0.0, 19.317730415562806]",2454.0584675111804,[],"{""cutoff=6.000_skin=0.000"": 2368, ""cutoff=6.000_skin=0.500"": 2988}",0.0,,
OPT-RFT-XATMOV88-R512-v1,fae3cd510f7c1880e11bf0b677e0d7ad0094c8e909e2ee11e6410c35bd33254a,OPT-RFT-XATMOV88-R512-v1:0044,XATMOV_C1_14_4369_z2_22,692ec4df9df0f427d9eb1da593e736717a19442e1a4f327fcb79319086dc6f3e,44,cross_family_test_set,XATMOV/structures/XATMOV_C1_14_4369_z2_22.cif,bcd70db362fcf32d8f1fdeb7f56c77ba7fb7f3375e7c5f51b777e3129a438348,692ec4df9df0f427d9eb1da593e736717a19442e1a4f327fcb79319086dc6f3e,0,88,"[""C"", ""C"", ""N"", ""C"", ""H"", ""H"", ""H"", ""H"", ""H"", ""H"", ""H"", ""C"", ""C"", ""N"", ""C"", ""H"", ""H"", ""H"", ""H"", ""H"", ""H"", ""H"", ""C"", ""C"", ""N"", ""C"", ""H"", ""H"", ""H"", ""H"", ""H"", ""H"", ""H"", ""C"", ""C"", ""N"", ""C"", ""H"", ""H"", ""H"", ""H"", ""H"", ""H"", ""H"", ""C"", ""C"", ""N"", ""C"", ""H"", ""H"", ""H"", ""H"", ""H"", ""H"", ""H"", ""C"", ""C"", ""N"", ""C"", ""H"", ""H"", ""H"", ""H"", ""H"", ""H"", ""H"", ""C"", ""C"", ""N"", ""C"", ""H"", ""H"", ""H"", ""H"", ""H"", ""H"", ""H"", ""C"", ""C"", ""N"", ""C"", ""H"", ""H"", ""H"", ""H"", ""H"", ""H"", ""H""]",C24H56N8,"[true, true, true]","[16.45746723952019, 0.0, 0.0, 0.0, 11.260565517329226, 0.0, -1.6844001230190078, 0.0, 15.108076898874172]",2799.8346743427414,[],"{""cutoff=6.000_skin=0.000"": 2372, ""cutoff=6.000_skin=0.500"": 2928}",0.0,,
OPT-RFT-XATMOV88-R512-v1,fae3cd510f7c1880e11bf0b677e0d7ad0094c8e909e2ee11e6410c35bd33254a,OPT-RFT-XATMOV88-R512-v1:0045,XATMOV_C1_14_6906_z2_22,7b27ccce0b3e0fb23b943e8adfa89a9cf4928920eeb8440a2d47ffdb4a05fa6a,45,cross_family_test_set,XATMOV/structures/XATMOV_C1_14_6906_z2_22.cif,ef276c0f9e7ff3f506924fa6b46e0a193e4425544177e264d3c5612302e4a0ac,7b27ccce0b3e0fb23b943e8adfa89a9cf4928920eeb8440a2d47ffdb4a05fa6a,0,88,"[""C"", ""C"", ""N"", ""C"", ""H"", ""H"", ""H"", ""H"", ""H"", ""H"", ""H"", ""C"", ""C"", ""N"", ""C"", ""H"", ""H"", ""H"", ""H"", ""H"", ""H"", ""H"", ""C"", ""C"", ""N"", ""C"", ""H"", ""H"", ""H"", ""H"", ""H"", ""H"", ""H"", ""C"", ""C"", ""N"", ""C"", ""H"", ""H"", ""H"", ""H"", ""H"", ""H"", ""H"", ""C"", ""C"", ""N"", ""C"", ""H"", ""H"", ""H"", ""H"", ""H"", ""H"", ""H"", ""C"", ""C"", ""N"", ""C"", ""H"", ""H"", ""H"", ""H"", ""H"", ""H"", ""H"", ""C"", ""C"", ""N"", ""C"", ""H"", ""H"", ""H"", ""H"", ""H"", ""H"", ""H"", ""C"", ""C"", ""N"", ""C"", ""H"", ""H"", ""H"", ""H"", ""H"", ""H"", ""H""]",C24H56N8,"[true, true, true]","[10.70639205415008, 0.0, 0.0, 0.0, 15.471430670461071, 0.0, 5.97382906356346, 0.0, 16.647021879086886]",2757.466014417522,[],"{""cutoff=6.000_skin=0.000"": 2388, ""cutoff=6.000_skin=0.500"": 2812}",0.0,,
OPT-RFT-XATMOV88-R512-v1,fae3cd510f7c1880e11bf0b677e0d7ad0094c8e909e2ee11e6410c35bd33254a,OPT-RFT-XATMOV88-R512-v1:0046,XATMOV_C2_14_3676_z2_22,5289fe376167893d534c19b21f8b20d8dd710ae0eb259fb384eed2c6f797031e,46,cross_family_test_set,XATMOV/structures/XATMOV_C2_14_3676_z2_22.cif,536d4e6935d1d371744fd56801a13f75f9ba05b352891705c38b54169b11f54c,5289fe376167893d534c19b21f8b20d8dd710ae0eb259fb384eed2c6f797031e,0,88,"[""C"", ""C"", ""N"", ""C"", ""H"", ""H"", ""H"", ""H"", ""H"", ""H"", ""H"", ""C"", ""C"", ""N"", ""C"", ""H"", ""H"", ""H"", ""H"", ""H"", ""H"", ""H"", ""C"", ""C"", ""N"", ""C"", ""H"", ""H"", ""H"", ""H"", ""H"", ""H"", ""H"", ""C"", ""C"", ""N"", ""C"", ""H"", ""H"", ""H"", ""H"", ""H"", ""H"", ""H"", ""C"", ""C"", ""N"", ""C"", ""H"", ""H"", ""H"", ""H"", ""H"", ""H"", ""H"", ""C"", ""C"", ""N"", ""C"", ""H"", ""H"", ""H"", ""H"", ""H"", ""H"", ""H"", ""C"", ""C"", ""N"", ""C"", ""H"", ""H"", ""H"", ""H"", ""H"", ""H"", ""H"", ""C"", ""C"", ""N"", ""C"", ""H"", ""H"", ""H"", ""H"", ""H"", ""H"", ""H""]",C24H56N8,"[true, true, true]","[11.517666054605812, 0.0, 0.0, 0.0, 15.097913213807999, 0.0, 2.3408229638293445, 0.0, 14.618817188400119]",2542.1059208847214,[],"{""cutoff=6.000_skin=0.000"": 2392, ""cutoff=6.000_skin=0.500"": 3128}",0.0,,
OPT-RFT-XATMOV88-R512-v1,fae3cd510f7c1880e11bf0b677e0d7ad0094c8e909e2ee11e6410c35bd33254a,OPT-RFT-XATMOV88-R512-v1:0047,XATMOV_C1_14_178_z2_22,3e0e59d4cea0eba9c1cdcbb21642a2c892a7a784198b7fb5f3ff8ad62dc6d1b0,47,cross_family_test_set,XATMOV/structures/XATMOV_C1_14_178_z2_22.cif,20e2a475f3f86094ecdd9fd44ecbadad904c598ff646cf9d8117df6e492559cc,3e0e59d4cea0eba9c1cdcbb21642a2c892a7a784198b7fb5f3ff8ad62dc6d1b0,0,88,"[""C"", ""C"", ""N"", ""C"", ""H"", ""H"", ""H"", ""H"", ""H"", ""H"", ""H"", ""C"", ""C"", ""N"", ""C"", ""H"", ""H"", ""H"", ""H"", ""H"", ""H"", ""H"", ""C"", ""C"", ""N"", ""C"", ""H"", ""H"", ""H"", ""H"", ""H"", ""H"", ""H"", ""C"", ""C"", ""N"", ""C"", ""H"", ""H"", ""H"", ""H"", ""H"", ""H"", ""H"", ""C"", ""C"", ""N"", ""C"", ""H"", ""H"", ""H"", ""H"", ""H"", ""H"", ""H"", ""C"", ""C"", ""N"", ""C"", ""H"", ""H"", ""H"", ""H"", ""H"", ""H"", ""H"", ""C"", ""C"", ""N"", ""C"", ""H"", ""H"", ""H"", ""H"", ""H"", ""H"", ""H"", ""C"", ""C"", ""N"", ""C"", ""H"", ""H"", ""H"", ""H"", ""H"", ""H"", ""H""]",C24H56N8,"[true, true, true]","[12.423019281299695, 0.0, 0.0, 0.0, 13.386955899601652, 0.0, -3.7582598713127444, 0.0, 14.52212152186987]",2415.121914164328,[],"{""cutoff=6.000_skin=0.000"": 2408, ""cutoff=6.000_skin=0.500"": 3140}",0.0,,
OPT-RFT-XATMOV88-R512-v1,fae3cd510f7c1880e11bf0b677e0d7ad0094c8e909e2ee11e6410c35bd33254a,OPT-RFT-XATMOV88-R512-v1:0048,XATMOV_C1_14_3067_z2_22,d63df9772bd66aa1722eb70278047bfeb1c17533904dae4fa14d4fdc4ff25655,48,cross_family_test_set,XATMOV/structures/XATMOV_C1_14_3067_z2_22.cif,043a07f15cfba98f295ed983a07526900c22e776e7e5201042d8cf6387039eb5,d63df9772bd66aa1722eb70278047bfeb1c17533904dae4fa14d4fdc4ff25655,0,88,"[""C"", ""C"", ""N"", ""C"", ""H"", ""H"", ""H"", ""H"", ""H"", ""H"", ""H"", ""C"", ""C"", ""N"", ""C"", ""H"", ""H"", ""H"", ""H"", ""H"", ""H"", ""H"", ""C"", ""C"", ""N"", ""C"", ""H"", ""H"", ""H"", ""H"", ""H"", ""H"", ""H"", ""C"", ""C"", ""N"", ""C"", ""H"", ""H"", ""H"", ""H"", ""H"", ""H"", ""H"", ""C"", ""C"", ""N"", ""C"", ""H"", ""H"", ""H"", ""H"", ""H"", ""H"", ""H"", ""C"", ""C"", ""N"", ""C"", ""H"", ""H"", ""H"", ""H"", ""H"", ""H"", ""H"", ""C"", ""C"", ""N"", ""C"", ""H"", ""H"", ""H"", ""H"", ""H"", ""H"", ""H"", ""C"", ""C"", ""N"", ""C"", ""H"", ""H"", ""H"", ""H"", ""H"", ""H"", ""H""]",C24H56N8,"[true, true, true]","[15.247578617097957, 0.0, 0.0, 0.0, 15.644918070411613, 0.0, -2.429510032104322, 0.0, 10.352715224790018]",2469.610382798431,[],"{""cutoff=6.000_skin=0.000"": 2412, ""cutoff=6.000_skin=0.500"": 3224}",0.0,,
OPT-RFT-XATMOV88-R512-v1,fae3cd510f7c1880e11bf0b677e0d7ad0094c8e909e2ee11e6410c35bd33254a,OPT-RFT-XATMOV88-R512-v1:0049,XATMOV_C2_14_3650_z2_22,3a6e5ee3d33b76cacef611120eb7db708992fa3c915f88bacddf233c2eba391f,49,cross_family_test_set,XATMOV/structures/XATMOV_C2_14_3650_z2_22.cif,b48b7101c794c515f87caabcbaa07951b5b45d20343e0d04ddc042dfa67c89d8,3a6e5ee3d33b76cacef611120eb7db708992fa3c915f88bacddf233c2eba391f,0,88,"[""C"", ""C"", ""N"", ""C"", ""H"", ""H"", ""H"", ""H"", ""H"", ""H"", ""H"", ""C"", ""C"", ""N"", ""C"", ""H"", ""H"", ""H"", ""H"", ""H"", ""H"", ""H"", ""C"", ""C"", ""N"", ""C"", ""H"", ""H"", ""H"", ""H"", ""H"", ""H"", ""H"", ""C"", ""C"", ""N"", ""C"", ""H"", ""H"", ""H"", ""H"", ""H"", ""H"", ""H"", ""C"", ""C"", ""N"", ""C"", ""H"", ""H"", ""H"", ""H"", ""H"", ""H"", ""H"", ""C"", ""C"", ""N"", ""C"", ""H"", ""H"", ""H"", ""H"", ""H"", ""H"", ""H"", ""C"", ""C"", ""N"", ""C"", ""H"", ""H"", ""H"", ""H"", ""H"", ""H"", ""H"", ""C"", ""C"", ""N"", ""C"", ""H"", ""H"", ""H"", ""H"", ""H"", ""H"", ""H""]",C24H56N8,"[true, true, true]","[8.340771024095794, 0.0, 0.0, 0.0, 16.455650578157467, 0.0, 3.3982643541746818, 0.0, 17.231608750650988]",2365.086782587841,[],"{""cutoff=6.000_skin=0.000"": 2416, ""cutoff=6.000_skin=0.500"": 2996}",0.0,,
OPT-RFT-XATMOV88-R512-v1,fae3cd510f7c1880e11bf0b677e0d7ad0094c8e909e2ee11e6410c35bd33254a,OPT-RFT-XATMOV88-R512-v1:0050,XATMOV_C2_14_2457_z2_22,c2bc9b3def6da9d7d58eeb244d2e486641441f876f78e14692500a449c7df662,50,cross_family_test_set,XATMOV/structures/XATMOV_C2_14_2457_z2_22.cif,b7b1ca3511645bacdd0fc6cb7c5c24ffe4124c953fdd510807b971b8c4a79bf0,c2bc9b3def6da9d7d58eeb244d2e486641441f876f78e14692500a449c7df662,0,88,"[""C"", ""C"", ""N"", ""C"", ""H"", ""H"", ""H"", ""H"", ""H"", ""H"", ""H"", ""C"", ""C"", ""N"", ""C"", ""H"", ""H"", ""H"", ""H"", ""H"", ""H"", ""H"", ""C"", ""C"", ""N"", ""C"", ""H"", ""H"", ""H"", ""H"", ""H"", ""H"", ""H"", ""C"", ""C"", ""N"", ""C"", ""H"", ""H"", ""H"", ""H"", ""H"", ""H"", ""H"", ""C"", ""C"", ""N"", ""C"", ""H"", ""H"", ""H"", ""H"", ""H"", ""H"", ""H"", ""C"", ""C"", ""N"", ""C"", ""H"", ""H"", ""H"", ""H"", ""H"", ""H"", ""H"", ""C"", ""C"", ""N"", ""C"", ""H"", ""H"", ""H"", ""H"", ""H"", ""H"", ""H"", ""C"", ""C"", ""N"", ""C"", ""H"", ""H"", ""H"", ""H"", ""H"", ""H"", ""H""]",C24H56N8,"[true, true, true]","[13.939764971130728, 0.0, 0.0, 0.0, 14.501425229944829, 0.0, -5.086331281910708, 0.0, 13.749348279079857]",2779.382074386467,[],"{""cutoff=6.000_skin=0.000"": 2424, ""cutoff=6.000_skin=0.500"": 2980}",0.0,,
OPT-RFT-XATMOV88-R512-v1,fae3cd510f7c1880e11bf0b677e0d7ad0094c8e909e2ee11e6410c35bd33254a,OPT-RFT-XATMOV88-R512-v1:0051,XATMOV_C1_14_539_z2_22,873b0ebba20830ee62936483bd9634f86f18732f5ddb139d176df815cf249326,51,cross_family_test_set,XATMOV/structures/XATMOV_C1_14_539_z2_22.cif,fcbf2f5c28646b333fe0dcbf61d18e4b3a780b81bf63277923fe19c2794cdd7e,873b0ebba20830ee62936483bd9634f86f18732f5ddb139d176df815cf249326,0,88,"[""C"", ""C"", ""N"", ""C"", ""H"", ""H"", ""H"", ""H"", ""H"", ""H"", ""H"", ""C"", ""C"", ""N"", ""C"", ""H"", ""H"", ""H"", ""H"", ""H"", ""H"", ""H"", ""C"", ""C"", ""N"", ""C"", ""H"", ""H"", ""H"", ""H"", ""H"", ""H"", ""H"", ""C"", ""C"", ""N"", ""C"", ""H"", ""H"", ""H"", ""H"", ""H"", ""H"", ""H"", ""C"", ""C"", ""N"", ""C"", ""H"", ""H"", ""H"", ""H"", ""H"", ""H"", ""H"", ""C"", ""C"", ""N"", ""C"", ""H"", ""H"", ""H"", ""H"", ""H"", ""H"", ""H"", ""C"", ""C"", ""N"", ""C"", ""H"", ""H"", ""H"", ""H"", ""H"", ""H"", ""H"", ""C"", ""C"", ""N"", ""C"", ""H"", ""H"", ""H"", ""H"", ""H"", ""H"", ""H""]",C24H56N8,"[true, true, true]","[16.817359602850907, 0.0, 0.0, 0.0, 14.853729511256546, 0.0, -1.2798503000752643, 0.0, 10.233401795923315]",2556.308994147406,[],"{""cutoff=6.000_skin=0.000"": 2432, ""cutoff=6.000_skin=0.500"": 3020}",0.0,,
OPT-RFT-XATMOV88-R512-v1,fae3cd510f7c1880e11bf0b677e0d7ad0094c8e909e2ee11e6410c35bd33254a,OPT-RFT-XATMOV88-R512-v1:0052,XATMOV_C1_14_4649_z2_22,cb389b67023c7dcb2285139f688cb48651b9cb82dbd3dd40af12e4a7d248060e,52,cross_family_test_set,XATMOV/structures/XATMOV_C1_14_4649_z2_22.cif,f0ad600ad6a2e111372d671c2d21f00e0e92e31d2ab791eaa39baaad4c7de60c,cb389b67023c7dcb2285139f688cb48651b9cb82dbd3dd40af12e4a7d248060e,0,88,"[""C"", ""C"", ""N"", ""C"", ""H"", ""H"", ""H"", ""H"", ""H"", ""H"", ""H"", ""C"", ""C"", ""N"", ""C"", ""H"", ""H"", ""H"", ""H"", ""H"", ""H"", ""H"", ""C"", ""C"", ""N"", ""C"", ""H"", ""H"", ""H"", ""H"", ""H"", ""H"", ""H"", ""C"", ""C"", ""N"", ""C"", ""H"", ""H"", ""H"", ""H"", ""H"", ""H"", ""H"", ""C"", ""C"", ""N"", ""C"", ""H"", ""H"", ""H"", ""H"", ""H"", ""H"", ""H"", ""C"", ""C"", ""N"", ""C"", ""H"", ""H"", ""H"", ""H"", ""H"", ""H"", ""H"", ""C"", ""C"", ""N"", ""C"", ""H"", ""H"", ""H"", ""H"", ""H"", ""H"", ""H"", ""C"", ""C"", ""N"", ""C"", ""H"", ""H"", ""H"", ""H"", ""H"", ""H"", ""H""]",C24H56N8,"[true, true, true]","[12.649608745345368, 0.0, 0.0, 0.0, 14.020342317776858, 0.0, -1.5124003936736115, 0.0, 14.435217497331733]",2560.112453178747,[],"{""cutoff=6.000_skin=0.000"": 2444, ""cutoff=6.000_skin=0.500"": 3020}",0.0,,
OPT-RFT-XATMOV88-R512-v1,fae3cd510f7c1880e11bf0b677e0d7ad0094c8e909e2ee11e6410c35bd33254a,OPT-RFT-XATMOV88-R512-v1:0053,XATMOV_C2_14_358_z2_22,a71633881713b7f4421bfe51a50279b4bbcdfc4e8f574c460940d6b26bf91cbd,53,cross_family_test_set,XATMOV/structures/XATMOV_C2_14_358_z2_22.cif,b78ff3415cc603f15db08c8a15ba497ba3a19d8c37a66e728dae4179b71844a2,a71633881713b7f4421bfe51a50279b4bbcdfc4e8f574c460940d6b26bf91cbd,0,88,"[""C"", ""C"", ""N"", ""C"", ""H"", ""H"", ""H"", ""H"", ""H"", ""H"", ""H"", ""C"", ""C"", ""N"", ""C"", ""H"", ""H"", ""H"", ""H"", ""H"", ""H"", ""H"", ""C"", ""C"", ""N"", ""C"", ""H"", ""H"", ""H"", ""H"", ""H"", ""H"", ""H"", ""C"", ""C"", ""N"", ""C"", ""H"", ""H"", ""H"", ""H"", ""H"", ""H"", ""H"", ""C"", ""C"", ""N"", ""C"", ""H"", ""H"", ""H"", ""H"", ""H"", ""H"", ""H"", ""C"", ""C"", ""N"", ""C"", ""H"", ""H"", ""H"", ""H"", ""H"", ""H"", ""H"", ""C"", ""C"", ""N"", ""C"", ""H"", ""H"", ""H"", ""H"", ""H"", ""H"", ""H"", ""C"", ""C"", ""N"", ""C"", ""H"", ""H"", ""H"", ""H"", ""H"", ""H"", ""H""]",C24H56N8,"[true, true, true]","[15.743215019259516, 0.0, 0.0, 0.0, 9.769722159157672, 0.0, -3.932911447510316, 0.0, 16.048603026769523]",2468.384863878762,[],"{""cutoff=6.000_skin=0.000"": 2448, ""cutoff=6.000_skin=0.500"": 3068}",0.0,,
OPT-RFT-XATMOV88-R512-v1,fae3cd510f7c1880e11bf0b677e0d7ad0094c8e909e2ee11e6410c35bd33254a,OPT-RFT-XATMOV88-R512-v1:0054,XATMOV_C1_14_42_z2_22,478ea8f2b5d6d6f6f2281090c4d4e0717f7c8a4f6b31ede3d3edbaf652988a33,54,cross_family_test_set,XATMOV/structures/XATMOV_C1_14_42_z2_22.cif,cf68145f9894fddcdff66001cfc391830982c1bcc60a728c378369d275ded87d,478ea8f2b5d6d6f6f2281090c4d4e0717f7c8a4f6b31ede3d3edbaf652988a33,0,88,"[""C"", ""C"", ""N"", ""C"", ""H"", ""H"", ""H"", ""H"", ""H"", ""H"", ""H"", ""C"", ""C"", ""N"", ""C"", ""H"", ""H"", ""H"", ""H"", ""H"", ""H"", ""H"", ""C"", ""C"", ""N"", ""C"", ""H"", ""H"", ""H"", ""H"", ""H"", ""H"", ""H"", ""C"", ""C"", ""N"", ""C"", ""H"", ""H"", ""H"", ""H"", ""H"", ""H"", ""H"", ""C"", ""C"", ""N"", ""C"", ""H"", ""H"", ""H"", ""H"", ""H"", ""H"", ""H"", ""C"", ""C"", ""N"", ""C"", ""H"", ""H"", ""H"", ""H"", ""H"", ""H"", ""H"", ""C"", ""C"", ""N"", ""C"", ""H"", ""H"", ""H"", ""H"", ""H"", ""H"", ""H"", ""C"", ""C"", ""N"", ""C"", ""H"", ""H"", ""H"", ""H"", ""H"", ""H"", ""H""]",C24H56N8,"[true, true, true]","[10.197378229815133, 0.0, 0.0, 0.0, 14.917986370246155, 0.0, -5.695649171839549, 0.0, 16.103252167132354]",2449.6967598677884,[],"{""cutoff=6.000_skin=0.000"": 2464, ""cutoff=6.000_skin=0.500"": 3060}",0.0,,
OPT-RFT-XATMOV88-R512-v1,fae3cd510f7c1880e11bf0b677e0d7ad0094c8e909e2ee11e6410c35bd33254a,OPT-RFT-XATMOV88-R512-v1:0055,XATMOV_C1_14_3728_z2_22,a7cb68f0bb3d1c42cd64d0ce06bf5a63929d626f465e53d9080cc6f625f79c74,55,cross_family_test_set,XATMOV/structures/XATMOV_C1_14_3728_z2_22.cif,aed334eb3047d695f999d8c79963d3795b579c47861f7c1313dd6bdc8d8eca0d,a7cb68f0bb3d1c42cd64d0ce06bf5a63929d626f465e53d9080cc6f625f79c74,0,88,"[""C"", ""C"", ""N"", ""C"", ""H"", ""H"", ""H"", ""H"", ""H"", ""H"", ""H"", ""C"", ""C"", ""N"", ""C"", ""H"", ""H"", ""H"", ""H"", ""H"", ""H"", ""H"", ""C"", ""C"", ""N"", ""C"", ""H"", ""H"", ""H"", ""H"", ""H"", ""H"", ""H"", ""C"", ""C"", ""N"", ""C"", ""H"", ""H"", ""H"", ""H"", ""H"", ""H"", ""H"", ""C"", ""C"", ""N"", ""C"", ""H"", ""H"", ""H"", ""H"", ""H"", ""H"", ""H"", ""C"", ""C"", ""N"", ""C"", ""H"", ""H"", ""H"", ""H"", ""H"", ""H"", ""H"", ""C"", ""C"", ""N"", ""C"", ""H"", ""H"", ""H"", ""H"", ""H"", ""H"", ""H"", ""C"", ""C"", ""N"", ""C"", ""H"", ""H"", ""H"", ""H"", ""H"", ""H"", ""H""]",C24H56N8,"[true, true, true]","[13.799109305270129, 0.0, 0.0, 0.0, 15.607862888560462, 0.0, 5.611778123138681, 0.0, 12.362014679825723]",2662.4640412922327,[],"{""cutoff=6.000_skin=0.000"": 2468, ""cutoff=6.000_skin=0.500"": 3140}",0.0,,
OPT-RFT-XATMOV88-R512-v1,fae3cd510f7c1880e11bf0b677e0d7ad0094c8e909e2ee11e6410c35bd33254a,OPT-RFT-XATMOV88-R512-v1:0056,XATMOV_C1_14_3858_z2_22,247719b80e4b920ddc639aecc029ecef93d3c311838509d93adaccd54db489d2,56,cross_family_test_set,XATMOV/structures/XATMOV_C1_14_3858_z2_22.cif,f38bce54c5b5a3e872f36adf0323c7e0bc1d29479f90f198865d256a951f01d7,247719b80e4b920ddc639aecc029ecef93d3c311838509d93adaccd54db489d2,0,88,"[""C"", ""C"", ""N"", ""C"", ""H"", ""H"", ""H"", ""H"", ""H"", ""H"", ""H"", ""C"", ""C"", ""N"", ""C"", ""H"", ""H"", ""H"", ""H"", ""H"", ""H"", ""H"", ""C"", ""C"", ""N"", ""C"", ""H"", ""H"", ""H"", ""H"", ""H"", ""H"", ""H"", ""C"", ""C"", ""N"", ""C"", ""H"", ""H"", ""H"", ""H"", ""H"", ""H"", ""H"", ""C"", ""C"", ""N"", ""C"", ""H"", ""H"", ""H"", ""H"", ""H"", ""H"", ""H"", ""C"", ""C"", ""N"", ""C"", ""H"", ""H"", ""H"", ""H"", ""H"", ""H"", ""H"", ""C"", ""C"", ""N"", ""C"", ""H"", ""H"", ""H"", ""H"", ""H"", ""H"", ""H"", ""C"", ""C"", ""N"", ""C"", ""H"", ""H"", ""H"", ""H"", ""H"", ""H"", ""H""]",C24H56N8,"[true, true, true]","[13.830357247550374, 0.0, 0.0, 0.0, 11.966670348760903, 0.0, -1.816876841705657, 0.0, 14.864827632041179]",2460.1784133267456,[],"{""cutoff=6.000_skin=0.000"": 2480, ""cutoff=6.000_skin=0.500"": 3292}",0.0,,
OPT-RFT-XATMOV88-R512-v1,fae3cd510f7c1880e11bf0b677e0d7ad0094c8e909e2ee11e6410c35bd33254a,OPT-RFT-XATMOV88-R512-v1:0057,XATMOV_C2_14_4740_z2_22,e652a486fadea3adbed90481e1ff37518ed27f343c4ffd072a652b4c6d650061,57,cross_family_test_set,XATMOV/structures/XATMOV_C2_14_4740_z2_22.cif,2fdc8f6cca86b6f4b1083bcf29caea22638e28f87bdd4c4498d86e508fb8bd56,e652a486fadea3adbed90481e1ff37518ed27f343c4ffd072a652b4c6d650061,0,88,"[""C"", ""C"", ""N"", ""C"", ""H"", ""H"", ""H"", ""H"", ""H"", ""H"", ""H"", ""C"", ""C"", ""N"", ""C"", ""H"", ""H"", ""H"", ""H"", ""H"", ""H"", ""H"", ""C"", ""C"", ""N"", ""C"", ""H"", ""H"", ""H"", ""H"", ""H"", ""H"", ""H"", ""C"", ""C"", ""N"", ""C"", ""H"", ""H"", ""H"", ""H"", ""H"", ""H"", ""H"", ""C"", ""C"", ""N"", ""C"", ""H"", ""H"", ""H"", ""H"", ""H"", ""H"", ""H"", ""C"", ""C"", ""N"", ""C"", ""H"", ""H"", ""H"", ""H"", ""H"", ""H"", ""H"", ""C"", ""C"", ""N"", ""C"", ""H"", ""H"", ""H"", ""H"", ""H"", ""H"", ""H"", ""C"", ""C"", ""N"", ""C"", ""H"", ""H"", ""H"", ""H"", ""H"", ""H"", ""H""]",C24H56N8,"[true, true, true]","[7.2192385984482, 0.0, 0.0, 0.0, 18.487310222646393, 0.0, 0.44515052512546444, 0.0, 17.450416448672495]",2329.0076778192533,[],"{""cutoff=6.000_skin=0.000"": 2484, ""cutoff=6.000_skin=0.500"": 3360}",0.0,,
OPT-RFT-XATMOV88-R512-v1,fae3cd510f7c1880e11bf0b677e0d7ad0094c8e909e2ee11e6410c35bd33254a,OPT-RFT-XATMOV88-R512-v1:0058,XATMOV_C2_14_191_z2_22,abfa7378fb2bc2a4fb1050cbdc125ebd8332f926f8f31d5a1895a708ed3c7e9a,58,cross_family_test_set,XATMOV/structures/XATMOV_C2_14_191_z2_22.cif,5422f245289d4f82f2255b0f112372e7a37397876409c9db2d010169f63fe033,abfa7378fb2bc2a4fb1050cbdc125ebd8332f926f8f31d5a1895a708ed3c7e9a,0,88,"[""C"", ""C"", ""N"", ""C"", ""H"", ""H"", ""H"", ""H"", ""H"", ""H"", ""H"", ""C"", ""C"", ""N"", ""C"", ""H"", ""H"", ""H"", ""H"", ""H"", ""H"", ""H"", ""C"", ""C"", ""N"", ""C"", ""H"", ""H"", ""H"", ""H"", ""H"", ""H"", ""H"", ""C"", ""C"", ""N"", ""C"", ""H"", ""H"", ""H"", ""H"", ""H"", ""H"", ""H"", ""C"", ""C"", ""N"", ""C"", ""H"", ""H"", ""H"", ""H"", ""H"", ""H"", ""H"", ""C"", ""C"", ""N"", ""C"", ""H"", ""H"", ""H"", ""H"", ""H"", ""H"", ""H"", ""C"", ""C"", ""N"", ""C"", ""H"", ""H"", ""H"", ""H"", ""H"", ""H"", ""H"", ""C"", ""C"", ""N"", ""C"", ""H"", ""H"", ""H"", ""H"", ""H"", ""H"", ""H""]",C24H56N8,"[true, true, true]","[14.18266292508195, 0.0, 0.0, 0.0, 14.36252321631509, 0.0, 6.088155898992266, 0.0, 12.287037324750482]",2502.855072303064,[],"{""cutoff=6.000_skin=0.000"": 2488, ""cutoff=6.000_skin=0.500"": 3220}",0.0,,
OPT-RFT-XATMOV88-R512-v1,fae3cd510f7c1880e11bf0b677e0d7ad0094c8e909e2ee11e6410c35bd33254a,OPT-RFT-XATMOV88-R512-v1:0059,XATMOV_C2_14_653_z2_22,cf5e4622eab9d5490bbcd8c63b049ccad4e044205126dd5dab489d12f859c511,59,cross_family_test_set,XATMOV/structures/XATMOV_C2_14_653_z2_22.cif,5893ef11d40076f9b4ab7d28d75177ec01d5db9f9c7dd15ca3446baadfa05c1b,cf5e4622eab9d5490bbcd8c63b049ccad4e044205126dd5dab489d12f859c511,0,88,"[""C"", ""C"", ""N"", ""C"", ""H"", ""H"", ""H"", ""H"", ""H"", ""H"", ""H"", ""C"", ""C"", ""N"", ""C"", ""H"", ""H"", ""H"", ""H"", ""H"", ""H"", ""H"", ""C"", ""C"", ""N"", ""C"", ""H"", ""H"", ""H"", ""H"", ""H"", ""H"", ""H"", ""C"", ""C"", ""N"", ""C"", ""H"", ""H"", ""H"", ""H"", ""H"", ""H"", ""H"", ""C"", ""C"", ""N"", ""C"", ""H"", ""H"", ""H"", ""H"", ""H"", ""H"", ""H"", ""C"", ""C"", ""N"", ""C"", ""H"", ""H"", ""H"", ""H"", ""H"", ""H"", ""H"", ""C"", ""C"", ""N"", ""C"", ""H"", ""H"", ""H"", ""H"", ""H"", ""H"", ""H"", ""C"", ""C"", ""N"", ""C"", ""H"", ""H"", ""H"", ""H"", ""H"", ""H"", ""H""]",C24H56N8,"[true, true, true]","[19.7057908577576, 0.0, 0.0, 0.0, 7.61403781933473, 0.0, -2.6224116892160323, 0.0, 14.979853804194304]",2247.586804714196,[],"{""cutoff=6.000_skin=0.000"": 2496, ""cutoff=6.000_skin=0.500"": 3204}",0.0,,
OPT-RFT-XATMOV88-R512-v1,fae3cd510f7c1880e11bf0b677e0d7ad0094c8e909e2ee11e6410c35bd33254a,OPT-RFT-XATMOV88-R512-v1:0060,XATMOV_C1_14_3925_z2_22,5afd2ba86f1816d6d3b3b542fbc14c292d77afd10b7630ccd7c2d9f94934267e,60,cross_family_test_set,XATMOV/structures/XATMOV_C1_14_3925_z2_22.cif,efbfb904e83200ffa0a2915e2358335faee965727586f44d1c64c60cdc0611c6,5afd2ba86f1816d6d3b3b542fbc14c292d77afd10b7630ccd7c2d9f94934267e,0,88,"[""C"", ""C"", ""N"", ""C"", ""H"", ""H"", ""H"", ""H"", ""H"", ""H"", ""H"", ""C"", ""C"", ""N"", ""C"", ""H"", ""H"", ""H"", ""H"", ""H"", ""H"", ""H"", ""C"", ""C"", ""N"", ""C"", ""H"", ""H"", ""H"", ""H"", ""H"", ""H"", ""H"", ""C"", ""C"", ""N"", ""C"", ""H"", ""H"", ""H"", ""H"", ""H"", ""H"", ""H"", ""C"", ""C"", ""N"", ""C"", ""H"", ""H"", ""H"", ""H"", ""H"", ""H"", ""H"", ""C"", ""C"", ""N"", ""C"", ""H"", ""H"", ""H"", ""H"", ""H"", ""H"", ""H"", ""C"", ""C"", ""N"", ""C"", ""H"", ""H"", ""H"", ""H"", ""H"", ""H"", ""H"", ""C"", ""C"", ""N"", ""C"", ""H"", ""H"", ""H"", ""H"", ""H"", ""H"", ""H""]",C24H56N8,"[true, true, true]","[14.156524974513182, 0.0, 0.0, 0.0, 12.866483130283072, 0.0, -1.2318757724191027, 0.0, 13.489123735114969]",2456.9722579747477,[],"{""cutoff=6.000_skin=0.000"": 2508, ""cutoff=6.000_skin=0.500"": 3304}",0.0,,
OPT-RFT-XATMOV88-R512-v1,fae3cd510f7c1880e11bf0b677e0d7ad0094c8e909e2ee11e6410c35bd33254a,OPT-RFT-XATMOV88-R512-v1:0061,XATMOV_C1_14_1222_z2_22,2fa8e1d4fbc2de75247d47bc464445f646abf2f0cdf7b8211ad277e73c08bc35,61,cross_family_test_set,XATMOV/structures/XATMOV_C1_14_1222_z2_22.cif,7eb252db5d9e649c953ebd482b2be42fa29a9bc86c115a2599ac2930e8345c52,2fa8e1d4fbc2de75247d47bc464445f646abf2f0cdf7b8211ad277e73c08bc35,0,88,"[""C"", ""C"", ""N"", ""C"", ""H"", ""H"", ""H"", ""H"", ""H"", ""H"", ""H"", ""C"", ""C"", ""N"", ""C"", ""H"", ""H"", ""H"", ""H"", ""H"", ""H"", ""H"", ""C"", ""C"", ""N"", ""C"", ""H"", ""H"", ""H"", ""H"", ""H"", ""H"", ""H"", ""C"", ""C"", ""N"", ""C"", ""H"", ""H"", ""H"", ""H"", ""H"", ""H"", ""H"", ""C"", ""C"", ""N"", ""C"", ""H"", ""H"", ""H"", ""H"", ""H"", ""H"", ""H"", ""C"", ""C"", ""N"", ""C"", ""H"", ""H"", ""H"", ""H"", ""H"", ""H"", ""H"", ""C"", ""C"", ""N"", ""C"", ""H"", ""H"", ""H"", ""H"", ""H"", ""H"", ""H"", ""C"", ""C"", ""N"", ""C"", ""H"", ""H"", ""H"", ""H"", ""H"", ""H"", ""H""]",C24H56N8,"[true, true, true]","[11.037376413849664, 0.0, 0.0, 0.0, 16.22356476785731, 0.0, 4.454290920138838, 0.0, 17.362779123905636]",3109.076307261467,[],"{""cutoff=6.000_skin=0.000"": 2516, ""cutoff=6.000_skin=0.500"": 3016}",0.0,,
OPT-RFT-XATMOV88-R512-v1,fae3cd510f7c1880e11bf0b677e0d7ad0094c8e909e2ee11e6410c35bd33254a,OPT-RFT-XATMOV88-R512-v1:0062,XATMOV_C2_14_5910_z2_22,a236b096f3fe2607c0bf2cfe4ee6d9ee5f0fdb0226d2721c49d9ad71e9912704,62,cross_family_test_set,XATMOV/structures/XATMOV_C2_14_5910_z2_22.cif,34f6594bc93ad770b648d1c2111452d218b222f9cb2ebf2ddb8cf2e23e9b37c0,a236b096f3fe2607c0bf2cfe4ee6d9ee5f0fdb0226d2721c49d9ad71e9912704,0,88,"[""C"", ""C"", ""N"", ""C"", ""H"", ""H"", ""H"", ""H"", ""H"", ""H"", ""H"", ""C"", ""C"", ""N"", ""C"", ""H"", ""H"", ""H"", ""H"", ""H"", ""H"", ""H"", ""C"", ""C"", ""N"", ""C"", ""H"", ""H"", ""H"", ""H"", ""H"", ""H"", ""H"", ""C"", ""C"", ""N"", ""C"", ""H"", ""H"", ""H"", ""H"", ""H"", ""H"", ""H"", ""C"", ""C"", ""N"", ""C"", ""H"", ""H"", ""H"", ""H"", ""H"", ""H"", ""H"", ""C"", ""C"", ""N"", ""C"", ""H"", ""H"", ""H"", ""H"", ""H"", ""H"", ""H"", ""C"", ""C"", ""N"", ""C"", ""H"", ""H"", ""H"", ""H"", ""H"", ""H"", ""H"", ""C"", ""C"", ""N"", ""C"", ""H"", ""H"", ""H"", ""H"", ""H"", ""H"", ""H""]",C24H56N8,"[true, true, true]","[14.589012130908117, 0.0, 0.0, 0.0, 14.451061154320357, 0.0, -6.669726786711283, 0.0, 11.307508809849105]",2383.9248409291936,[],"{""cutoff=6.000_skin=0.000"": 2516, ""cutoff=6.000_skin=0.500"": 3316}",0.0,,
OPT-RFT-XATMOV88-R512-v1,fae3cd510f7c1880e11bf0b677e0d7ad0094c8e909e2ee11e6410c35bd33254a,OPT-RFT-XATMOV88-R512-v1:0063,XATMOV_C1_14_3354_z2_22,6d302e5eb7ff3d1e3f68ce90778f0bc4eade70bc8e1497861e2a59b9fe10a53c,63,cross_family_test_set,XATMOV/structures/XATMOV_C1_14_3354_z2_22.cif,d4c078c87a3df5f9a74a669776c716f433326722a9d7325947c6daddcc034986,6d302e5eb7ff3d1e3f68ce90778f0bc4eade70bc8e1497861e2a59b9fe10a53c,0,88,"[""C"", ""C"", ""N"", ""C"", ""H"", ""H"", ""H"", ""H"", ""H"", ""H"", ""H"", ""C"", ""C"", ""N"", ""C"", ""H"", ""H"", ""H"", ""H"", ""H"", ""H"", ""H"", ""C"", ""C"", ""N"", ""C"", ""H"", ""H"", ""H"", ""H"", ""H"", ""H"", ""H"", ""C"", ""C"", ""N"", ""C"", ""H"", ""H"", ""H"", ""H"", ""H"", ""H"", ""H"", ""C"", ""C"", ""N"", ""C"", ""H"", ""H"", ""H"", ""H"", ""H"", ""H"", ""H"", ""C"", ""C"", ""N"", ""C"", ""H"", ""H"", ""H"", ""H"", ""H"", ""H"", ""H"", ""C"", ""C"", ""N"", ""C"", ""H"", ""H"", ""H"", ""H"", ""H"", ""H"", ""H"", ""C"", ""C"", ""N"", ""C"", ""H"", ""H"", ""H"", ""H"", ""H"", ""H"", ""H""]",C24H56N8,"[true, true, true]","[12.918630225514718, 0.0, 0.0, 0.0, 13.717376870043715, 0.0, 3.444317045914611, 0.0, 13.9086096176976]",2464.7408082656584,[],"{""cutoff=6.000_skin=0.000"": 2524, ""cutoff=6.000_skin=0.500"": 3148}",0.0,,
OPT-RFT-XATMOV88-R512-v1,fae3cd510f7c1880e11bf0b677e0d7ad0094c8e909e2ee11e6410c35bd33254a,OPT-RFT-XATMOV88-R512-v1:0064,XATMOV_C2_14_4268_z2_22,037f0a55f5bb696e9862d5cee8e4c1c7afd42da443d74da43af77df92d310bdb,64,cross_family_test_set,XATMOV/structures/XATMOV_C2_14_4268_z2_22.cif,63b0778e660ae1ac7e6df2541113bebb0163208e455e68a5d0a3ad615e2d7db9,037f0a55f5bb696e9862d5cee8e4c1c7afd42da443d74da43af77df92d310bdb,0,88,"[""C"", ""C"", ""N"", ""C"", ""H"", ""H"", ""H"", ""H"", ""H"", ""H"", ""H"", ""C"", ""C"", ""N"", ""C"", ""H"", ""H"", ""H"", ""H"", ""H"", ""H"", ""H"", ""C"", ""C"", ""N"", ""C"", ""H"", ""H"", ""H"", ""H"", ""H"", ""H"", ""H"", ""C"", ""C"", ""N"", ""C"", ""H"", ""H"", ""H"", ""H"", ""H"", ""H"", ""H"", ""C"", ""C"", ""N"", ""C"", ""H"", ""H"", ""H"", ""H"", ""H"", ""H"", ""H"", ""C"", ""C"", ""N"", ""C"", ""H"", ""H"", ""H"", ""H"", ""H"", ""H"", ""H"", ""C"", ""C"", ""N"", ""C"", ""H"", ""H"", ""H"", ""H"", ""H"", ""H"", ""H"", ""C"", ""C"", ""N"", ""C"", ""H"", ""H"", ""H"", ""H"", ""H"", ""H"", ""H""]",C24H56N8,"[true, true, true]","[14.940902821756524, 0.0, 0.0, 0.0, 12.626246903650959, 0.0, 4.780226527698716, 0.0, 14.005330501882243]",2642.070977876383,[],"{""cutoff=6.000_skin=0.000"": 2528, ""cutoff=6.000_skin=0.500"": 3100}",0.0,,
OPT-RFT-XATMOV88-R512-v1,fae3cd510f7c1880e11bf0b677e0d7ad0094c8e909e2ee11e6410c35bd33254a,OPT-RFT-XATMOV88-R512-v1:0065,XATMOV_C1_14_791_z2_22,77b411d53d974e7d3a914c00ee17412082be67d7b62fc2ff7383501b13587fd0,65,cross_family_test_set,XATMOV/structures/XATMOV_C1_14_791_z2_22.cif,67a760d1de28c9c44d6ec096a078b07a85b028c2c9e65b48a8fd5769d545709e,77b411d53d974e7d3a914c00ee17412082be67d7b62fc2ff7383501b13587fd0,0,88,"[""C"", ""C"", ""N"", ""C"", ""H"", ""H"", ""H"", ""H"", ""H"", ""H"", ""H"", ""C"", ""C"", ""N"", ""C"", ""H"", ""H"", ""H"", ""H"", ""H"", ""H"", ""H"", ""C"", ""C"", ""N"", ""C"", ""H"", ""H"", ""H"", ""H"", ""H"", ""H"", ""H"", ""C"", ""C"", ""N"", ""C"", ""H"", ""H"", ""H"", ""H"", ""H"", ""H"", ""H"", ""C"", ""C"", ""N"", ""C"", ""H"", ""H"", ""H"", ""H"", ""H"", ""H"", ""H"", ""C"", ""C"", ""N"", ""C"", ""H"", ""H"", ""H"", ""H"", ""H"", ""H"", ""H"", ""C"", ""C"", ""N"", ""C"", ""H"", ""H"", ""H"", ""H"", ""H"", ""H"", ""H"", ""C"", ""C"", ""N"", ""C"", ""H"", ""H"", ""H"", ""H"", ""H"", ""H"", ""H""]",C24H56N8,"[true, true, true]","[15.731138452114209, 0.0, 0.0, 0.0, 18.23275853760051, 0.0, -8.765346956781823, 0.0, 12.440205052556859]",3568.125102146367,[],"{""cutoff=6.000_skin=0.000"": 2532, ""cutoff=6.000_skin=0.500"": 3084}",0.0,,
OPT-RFT-XATMOV88-R512-v1,fae3cd510f7c1880e11bf0b677e0d7ad0094c8e909e2ee11e6410c35bd33254a,OPT-RFT-XATMOV88-R512-v1:0066,XATMOV_C2_14_792_z2_22,ae5969aea9c093d7d7197d5b64cf9f422e5438f613d769f67a47847a0e6b0746,66,cross_family_test_set,XATMOV/structures/XATMOV_C2_14_792_z2_22.cif,7330b7aabf605e1278aca2be307b87427860d8a9f41d46c322e00c9d4b6d4070,ae5969aea9c093d7d7197d5b64cf9f422e5438f613d769f67a47847a0e6b0746,0,88,"[""C"", ""C"", ""N"", ""C"", ""H"", ""H"", ""H"", ""H"", ""H"", ""H"", ""H"", ""C"", ""C"", ""N"", ""C"", ""H"", ""H"", ""H"", ""H"", ""H"", ""H"", ""H"", ""C"", ""C"", ""N"", ""C"", ""H"", ""H"", ""H"", ""H"", ""H"", ""H"", ""H"", ""C"", ""C"", ""N"", ""C"", ""H"", ""H"", ""H"", ""H"", ""H"", ""H"", ""H"", ""C"", ""C"", ""N"", ""C"", ""H"", ""H"", ""H"", ""H"", ""H"", ""H"", ""H"", ""C"", ""C"", ""N"", ""C"", ""H"", ""H"", ""H"", ""H"", ""H"", ""H"", ""H"", ""C"", ""C"", ""N"", ""C"", ""H"", ""H"", ""H"", ""H"", ""H"", ""H"", ""H"", ""C"", ""C"", ""N"", ""C"", ""H"", ""H"", ""H"", ""H"", ""H"", ""H"", ""H""]",C24H56N8,"[true, true, true]","[6.875557809407283, 0.0, 0.0, 0.0, 20.615480486147415, 0.0, -13.203009606734271, 0.0, 15.75948110859555]",2233.7949937482317,[],"{""cutoff=6.000_skin=0.000"": 2540, ""cutoff=6.000_skin=0.500"": 3292}",0.0,,
OPT-RFT-XATMOV88-R512-v1,fae3cd510f7c1880e11bf0b677e0d7ad0094c8e909e2ee11e6410c35bd33254a,OPT-RFT-XATMOV88-R512-v1:0067,XATMOV_C1_14_5152_z2_22,35f5793a382df6aa0ac42b479a957164dfd2bc50f83e2bb542f05180dca7f41a,67,cross_family_test_set,XATMOV/structures/XATMOV_C1_14_5152_z2_22.cif,344955094a6deb9c337b241699e189bc70e37fd23fab43a5683a6fa5a66e25f0,35f5793a382df6aa0ac42b479a957164dfd2bc50f83e2bb542f05180dca7f41a,0,88,"[""C"", ""C"", ""N"", ""C"", ""H"", ""H"", ""H"", ""H"", ""H"", ""H"", ""H"", ""C"", ""C"", ""N"", ""C"", ""H"", ""H"", ""H"", ""H"", ""H"", ""H"", ""H"", ""C"", ""C"", ""N"", ""C"", ""H"", ""H"", ""H"", ""H"", ""H"", ""H"", ""H"", ""C"", ""C"", ""N"", ""C"", ""H"", ""H"", ""H"", ""H"", ""H"", ""H"", ""H"", ""C"", ""C"", ""N"", ""C"", ""H"", ""H"", ""H"", ""H"", ""H"", ""H"", ""H"", ""C"", ""C"", ""N"", ""C"", ""H"", ""H"", ""H"", ""H"", ""H"", ""H"", ""H"", ""C"", ""C"", ""N"", ""C"", ""H"", ""H"", ""H"", ""H"", ""H"", ""H"", ""H"", ""C"", ""C"", ""N"", ""C"", ""H"", ""H"", ""H"", ""H"", ""H"", ""H"", ""H""]",C24H56N8,"[true, true, true]","[15.23015240459302, 0.0, 0.0, 0.0, 15.16482233488297, 0.0, 0.8769980245350758, 0.0, 11.980875006326212]",2767.1335067761997,[],"{""cutoff=6.000_skin=0.000"": 2548, ""cutoff=6.000_skin=0.500"": 3292}",0.0,,
OPT-RFT-XATMOV88-R512-v1,fae3cd510f7c1880e11bf0b677e0d7ad0094c8e909e2ee11e6410c35bd33254a,OPT-RFT-XATMOV88-R512-v1:0068,XATMOV_C2_14_4962_z2_22,6b48f07819521b1d0ec89e87b473281404e212865747c685b03459048185379f,68,cross_family_test_set,XATMOV/structures/XATMOV_C2_14_4962_z2_22.cif,f304be41acef49c1e1ecda26f3f2f69f0c106efc1e91b7f4fa29451caa60a8ad,6b48f07819521b1d0ec89e87b473281404e212865747c685b03459048185379f,0,88,"[""C"", ""C"", ""N"", ""C"", ""H"", ""H"", ""H"", ""H"", ""H"", ""H"", ""H"", ""C"", ""C"", ""N"", ""C"", ""H"", ""H"", ""H"", ""H"", ""H"", ""H"", ""H"", ""C"", ""C"", ""N"", ""C"", ""H"", ""H"", ""H"", ""H"", ""H"", ""H"", ""H"", ""C"", ""C"", ""N"", ""C"", ""H"", ""H"", ""H"", ""H"", ""H"", ""H"", ""H"", ""C"", ""C"", ""N"", ""C"", ""H"", ""H"", ""H"", ""H"", ""H"", ""H"", ""H"", ""C"", ""C"", ""N"", ""C"", ""H"", ""H"", ""H"", ""H"", ""H"", ""H"", ""H"", ""C"", ""C"", ""N"", ""C"", ""H"", ""H"", ""H"", ""H"", ""H"", ""H"", ""H"", ""C"", ""C"", ""N"", ""C"", ""H"", ""H"", ""H"", ""H"", ""H"", ""H"", ""H""]",C24H56N8,"[true, true, true]","[18.093147345448912, 0.0, 0.0, 0.0, 9.456100430008984, 0.0, -6.732747549583274, 0.0, 14.502643093869752]",2481.266175270622,[],"{""cutoff=6.000_skin=0.000"": 2552, ""cutoff=6.000_skin=0.500"": 3056}",0.0,,
OPT-RFT-XATMOV88-R512-v1,fae3cd510f7c1880e11bf0b677e0d7ad0094c8e909e2ee11e6410c35bd33254a,OPT-RFT-XATMOV88-R512-v1:0069,XATMOV_C2_14_7241_z2_22,54126a365017bb11965dd02ba77e12c36b4aba744b0e364b042e76667924a9f0,69,cross_family_test_set,XATMOV/structures/XATMOV_C2_14_7241_z2_22.cif,d29130e536b3fdd88eee61234cef36c0f05ad14eeb61049b14fa218aff861c65,54126a365017bb11965dd02ba77e12c36b4aba744b0e364b042e76667924a9f0,0,88,"[""C"", ""C"", ""N"", ""C"", ""H"", ""H"", ""H"", ""H"", ""H"", ""H"", ""H"", ""C"", ""C"", ""N"", ""C"", ""H"", ""H"", ""H"", ""H"", ""H"", ""H"", ""H"", ""C"", ""C"", ""N"", ""C"", ""H"", ""H"", ""H"", ""H"", ""H"", ""H"", ""H"", ""C"", ""C"", ""N"", ""C"", ""H"", ""H"", ""H"", ""H"", ""H"", ""H"", ""H"", ""C"", ""C"", ""N"", ""C"", ""H"", ""H"", ""H"", ""H"", ""H"", ""H"", ""H"", ""C"", ""C"", ""N"", ""C"", ""H"", ""H"", ""H"", ""H"", ""H"", ""H"", ""H"", ""C"", ""C"", ""N"", ""C"", ""H"", ""H"", ""H"", ""H"", ""H"", ""H"", ""H"", ""C"", ""C"", ""N"", ""C"", ""H"", ""H"", ""H"", ""H"", ""H"", ""H"", ""H""]",C24H56N8,"[true, true, true]","[17.021647308805125, 0.0, 0.0, 0.0, 14.009584681570914, 0.0, -4.538526336670217, 0.0, 11.148596069076415]",2658.563444641216,[],"{""cutoff=6.000_skin=0.000"": 2556, ""cutoff=6.000_skin=0.500"": 3240}",0.0,,
OPT-RFT-XATMOV88-R512-v1,fae3cd510f7c1880e11bf0b677e0d7ad0094c8e909e2ee11e6410c35bd33254a,OPT-RFT-XATMOV88-R512-v1:0070,XATMOV_C2_14_2415_z2_22,3688653db1ae25fd3dd724bb7c21cca7538b1f8af84546975fd54d2072ee48b4,70,cross_family_test_set,XATMOV/structures/XATMOV_C2_14_2415_z2_22.cif,7a3038e4206febee5e4e23448379551310908e827884033d49b7ea7ba4f09ddc,3688653db1ae25fd3dd724bb7c21cca7538b1f8af84546975fd54d2072ee48b4,0,88,"[""C"", ""C"", ""N"", ""C"", ""H"", ""H"", ""H"", ""H"", ""H"", ""H"", ""H"", ""C"", ""C"", ""N"", ""C"", ""H"", ""H"", ""H"", ""H"", ""H"", ""H"", ""H"", ""C"", ""C"", ""N"", ""C"", ""H"", ""H"", ""H"", ""H"", ""H"", ""H"", ""H"", ""C"", ""C"", ""N"", ""C"", ""H"", ""H"", ""H"", ""H"", ""H"", ""H"", ""H"", ""C"", ""C"", ""N"", ""C"", ""H"", ""H"", ""H"", ""H"", ""H"", ""H"", ""H"", ""C"", ""C"", ""N"", ""C"", ""H"", ""H"", ""H"", ""H"", ""H"", ""H"", ""H"", ""C"", ""C"", ""N"", ""C"", ""H"", ""H"", ""H"", ""H"", ""H"", ""H"", ""H"", ""C"", ""C"", ""N"", ""C"", ""H"", ""H"", ""H"", ""H"", ""H"", ""H"", ""H""]",C24H56N8,"[true, true, true]","[12.770666314395037, 0.0, 0.0, 0.0, 15.153549029630817, 0.0, 3.8698601025453114, 0.0, 13.693704336391283]",2650.0182358646507,[],"{""cutoff=6.000_skin=0.000"": 2564, ""cutoff=6.000_skin=0.500"": 3140}",0.0,,
OPT-RFT-XATMOV88-R512-v1,fae3cd510f7c1880e11bf0b677e0d7ad0094c8e909e2ee11e6410c35bd33254a,OPT-RFT-XATMOV88-R512-v1:0071,XATMOV_C2_14_2246_z2_22,419e2cac66b6137c4410c04b1ac6abb303d85eb8e0fc703b17c668cc1f2cba80,71,cross_family_test_set,XATMOV/structures/XATMOV_C2_14_2246_z2_22.cif,bad713119503ca833253dbf032e9518ad46711cfd99ea15a50509602dfa33244,419e2cac66b6137c4410c04b1ac6abb303d85eb8e0fc703b17c668cc1f2cba80,0,88,"[""C"", ""C"", ""N"", ""C"", ""H"", ""H"", ""H"", ""H"", ""H"", ""H"", ""H"", ""C"", ""C"", ""N"", ""C"", ""H"", ""H"", ""H"", ""H"", ""H"", ""H"", ""H"", ""C"", ""C"", ""N"", ""C"", ""H"", ""H"", ""H"", ""H"", ""H"", ""H"", ""H"", ""C"", ""C"", ""N"", ""C"", ""H"", ""H"", ""H"", ""H"", ""H"", ""H"", ""H"", ""C"", ""C"", ""N"", ""C"", ""H"", ""H"", ""H"", ""H"", ""H"", ""H"", ""H"", ""C"", ""C"", ""N"", ""C"", ""H"", ""H"", ""H"", ""H"", ""H"", ""H"", ""H"", ""C"", ""C"", ""N"", ""C"", ""H"", ""H"", ""H"", ""H"", ""H"", ""H"", ""H"", ""C"", ""C"", ""N"", ""C"", ""H"", ""H"", ""H"", ""H"", ""H"", ""H"", ""H""]",C24H56N8,"[true, true, true]","[8.338363469836795, 0.0, 0.0, 0.0, 8.25483895905904, 0.0, 7.1833567206007904, 0.0, 32.75577370092448]",2254.640424240786,[],"{""cutoff=6.000_skin=0.000"": 2576, ""cutoff=6.000_skin=0.500"": 3428}",0.0,,
OPT-RFT-XATMOV88-R512-v1,fae3cd510f7c1880e11bf0b677e0d7ad0094c8e909e2ee11e6410c35bd33254a,OPT-RFT-XATMOV88-R512-v1:0072,XATMOV_C1_14_4570_z2_22,56df4e0a2c4d9b59408130ab2b11a06e6638b44eed873b257574de51cb3a3cca,72,cross_family_test_set,XATMOV/structures/XATMOV_C1_14_4570_z2_22.cif,7a9ba56a2e90a4ec1ac6299a3f76e347e9f832b1660292331dc573ddffa4287e,56df4e0a2c4d9b59408130ab2b11a06e6638b44eed873b257574de51cb3a3cca,0,88,"[""C"", ""C"", ""N"", ""C"", ""H"", ""H"", ""H"", ""H"", ""H"", ""H"", ""H"", ""C"", ""C"", ""N"", ""C"", ""H"", ""H"", ""H"", ""H"", ""H"", ""H"", ""H"", ""C"", ""C"", ""N"", ""C"", ""H"", ""H"", ""H"", ""H"", ""H"", ""H"", ""H"", ""C"", ""C"", ""N"", ""C"", ""H"", ""H"", ""H"", ""H"", ""H"", ""H"", ""H"", ""C"", ""C"", ""N"", ""C"", ""H"", ""H"", ""H"", ""H"", ""H"", ""H"", ""H"", ""C"", ""C"", ""N"", ""C"", ""H"", ""H"", ""H"", ""H"", ""H"", ""H"", ""H"", ""C"", ""C"", ""N"", ""C"", ""H"", ""H"", ""H"", ""H"", ""H"", ""H"", ""H"", ""C"", ""C"", ""N"", ""C"", ""H"", ""H"", ""H"", ""H"", ""H"", ""H"", ""H""]",C24H56N8,"[true, true, true]","[12.782249852444771, 0.0, 0.0, 0.0, 15.443202395210875, 0.0, 0.5275877251563248, 0.0, 15.87598470689964]",3133.9014656879467,[],"{""cutoff=6.000_skin=0.000"": 2588, ""cutoff=6.000_skin=0.500"": 3128}",0.0,,
OPT-RFT-XATMOV88-R512-v1,fae3cd510f7c1880e11bf0b677e0d7ad0094c8e909e2ee11e6410c35bd33254a,OPT-RFT-XATMOV88-R512-v1:0073,XATMOV_C1_14_66_z2_22,5d7ffc014178eb7efde96412f5159c271e7e40f1e4d9e298d6f9a89b43995107,73,cross_family_test_set,XATMOV/structures/XATMOV_C1_14_66_z2_22.cif,cbbab5818683fdcad6c81f648ccb71c81be75f0a1bba0fa0ae56f211566b90f0,5d7ffc014178eb7efde96412f5159c271e7e40f1e4d9e298d6f9a89b43995107,0,88,"[""C"", ""C"", ""N"", ""C"", ""H"", ""H"", ""H"", ""H"", ""H"", ""H"", ""H"", ""C"", ""C"", ""N"", ""C"", ""H"", ""H"", ""H"", ""H"", ""H"", ""H"", ""H"", ""C"", ""C"", ""N"", ""C"", ""H"", ""H"", ""H"", ""H"", ""H"", ""H"", ""H"", ""C"", ""C"", ""N"", ""C"", ""H"", ""H"", ""H"", ""H"", ""H"", ""H"", ""H"", ""C"", ""C"", ""N"", ""C"", ""H"", ""H"", ""H"", ""H"", ""H"", ""H"", ""H"", ""C"", ""C"", ""N"", ""C"", ""H"", ""H"", ""H"", ""H"", ""H"", ""H"", ""H"", ""C"", ""C"", ""N"", ""C"", ""H"", ""H"", ""H"", ""H"", ""H"", ""H"", ""H"", ""C"", ""C"", ""N"", ""C"", ""H"", ""H"", ""H"", ""H"", ""H"", ""H"", ""H""]",C24H56N8,"[true, true, true]","[18.160193060115922, 0.0, 0.0, 0.0, 7.305963936120458, 0.0, 7.7166076421459175, 0.0, 15.970148563596581]",2118.8828287345755,[],"{""cutoff=6.000_skin=0.000"": 2592, ""cutoff=6.000_skin=0.500"": 3716}",0.0,,
OPT-RFT-XATMOV88-R512-v1,fae3cd510f7c1880e11bf0b677e0d7ad0094c8e909e2ee11e6410c35bd33254a,OPT-RFT-XATMOV88-R512-v1:0074,XATMOV_C2_14_328_z2_22,bfc2af1d77607c7f9e7ece74b832ab6d43c515c29233c35d3dd3c9570eb4ae90,74,cross_family_test_set,XATMOV/structures/XATMOV_C2_14_328_z2_22.cif,047f5b30d9ac68ae27b354bcd16ac30135633e8874dd1e005ef490ae4118ffd8,bfc2af1d77607c7f9e7ece74b832ab6d43c515c29233c35d3dd3c9570eb4ae90,0,88,"[""C"", ""C"", ""N"", ""C"", ""H"", ""H"", ""H"", ""H"", ""H"", ""H"", ""H"", ""C"", ""C"", ""N"", ""C"", ""H"", ""H"", ""H"", ""H"", ""H"", ""H"", ""H"", ""C"", ""C"", ""N"", ""C"", ""H"", ""H"", ""H"", ""H"", ""H"", ""H"", ""H"", ""C"", ""C"", ""N"", ""C"", ""H"", ""H"", ""H"", ""H"", ""H"", ""H"", ""H"", ""C"", ""C"", ""N"", ""C"", ""H"", ""H"", ""H"", ""H"", ""H"", ""H"", ""H"", ""C"", ""C"", ""N"", ""C"", ""H"", ""H"", ""H"", ""H"", ""H"", ""H"", ""H"", ""C"", ""C"", ""N"", ""C"", ""H"", ""H"", ""H"", ""H"", ""H"", ""H"", ""H"", ""C"", ""C"", ""N"", ""C"", ""H"", ""H"", ""H"", ""H"", ""H"", ""H"", ""H""]",C24H56N8,"[true, true, true]","[10.433098500281496, 0.0, 0.0, 0.0, 26.56631085921505, 0.0, 3.7572669255414435, 0.0, 9.877861326798788]",2737.8363334950172,[],"{""cutoff=6.000_skin=0.000"": 2600, ""cutoff=6.000_skin=0.500"": 3220}",0.0,,
OPT-RFT-XATMOV88-R512-v1,fae3cd510f7c1880e11bf0b677e0d7ad0094c8e909e2ee11e6410c35bd33254a,OPT-RFT-XATMOV88-R512-v1:0075,XATMOV_C2_14_4580_z2_22,9ae372568deb76eef329999a2ba3241ea1aa0d7206bdee7d3951421d21cc9bcb,75,cross_family_test_set,XATMOV/structures/XATMOV_C2_14_4580_z2_22.cif,8dcb64fda8cf463e1c94b1346ae7e448560c6d7366a9bb739bb277d2c402025d,9ae372568deb76eef329999a2ba3241ea1aa0d7206bdee7d3951421d21cc9bcb,0,88,"[""C"", ""C"", ""N"", ""C"", ""H"", ""H"", ""H"", ""H"", ""H"", ""H"", ""H"", ""C"", ""C"", ""N"", ""C"", ""H"", ""H"", ""H"", ""H"", ""H"", ""H"", ""H"", ""C"", ""C"", ""N"", ""C"", ""H"", ""H"", ""H"", ""H"", ""H"", ""H"", ""H"", ""C"", ""C"", ""N"", ""C"", ""H"", ""H"", ""H"", ""H"", ""H"", ""H"", ""H"", ""C"", ""C"", ""N"", ""C"", ""H"", ""H"", ""H"", ""H"", ""H"", ""H"", ""H"", ""C"", ""C"", ""N"", ""C"", ""H"", ""H"", ""H"", ""H"", ""H"", ""H"", ""H"", ""C"", ""C"", ""N"", ""C"", ""H"", ""H"", ""H"", ""H"", ""H"", ""H"", ""H"", ""C"", ""C"", ""N"", ""C"", ""H"", ""H"", ""H"", ""H"", ""H"", ""H"", ""H""]",C24H56N8,"[true, true, true]","[15.955335854399053, 0.0, 0.0, 0.0, 14.297804768289183, 0.0, 4.448378300232412, 0.0, 14.296140888767164]",3261.3253972608522,[],"{""cutoff=6.000_skin=0.000"": 2604, ""cutoff=6.000_skin=0.500"": 2904}",0.0,,
OPT-RFT-XATMOV88-R512-v1,fae3cd510f7c1880e11bf0b677e0d7ad0094c8e909e2ee11e6410c35bd33254a,OPT-RFT-XATMOV88-R512-v1:0076,XATMOV_C1_14_2372_z2_22,0eaf210c7e4e216343a85ed49f3aa4576b94c930e7c746259e9252a7191b4be7,76,cross_family_test_set,XATMOV/structures/XATMOV_C1_14_2372_z2_22.cif,e41fafaa6dbfe86600266f8e7ff20f613826fac14c408ba3155361b307d02329,0eaf210c7e4e216343a85ed49f3aa4576b94c930e7c746259e9252a7191b4be7,0,88,"[""C"", ""C"", ""N"", ""C"", ""H"", ""H"", ""H"", ""H"", ""H"", ""H"", ""H"", ""C"", ""C"", ""N"", ""C"", ""H"", ""H"", ""H"", ""H"", ""H"", ""H"", ""H"", ""C"", ""C"", ""N"", ""C"", ""H"", ""H"", ""H"", ""H"", ""H"", ""H"", ""H"", ""C"", ""C"", ""N"", ""C"", ""H"", ""H"", ""H"", ""H"", ""H"", ""H"", ""H"", ""C"", ""C"", ""N"", ""C"", ""H"", ""H"", ""H"", ""H"", ""H"", ""H"", ""H"", ""C"", ""C"", ""N"", ""C"", ""H"", ""H"", ""H"", ""H"", ""H"", ""H"", ""H"", ""C"", ""C"", ""N"", ""C"", ""H"", ""H"", ""H"", ""H"", ""H"", ""H"", ""H"", ""C"", ""C"", ""N"", ""C"", ""H"", ""H"", ""H"", ""H"", ""H"", ""H"", ""H""]",C24H56N8,"[true, true, true]","[13.161398169377838, 0.0, 0.0, 0.0, 11.80648957550072, 0.0, 2.4940314522740747, 0.0, 14.930770832902413]",2320.0911402221536,[],"{""cutoff=6.000_skin=0.000"": 2616, ""cutoff=6.000_skin=0.500"": 3388}",0.0,,
OPT-RFT-XATMOV88-R512-v1,fae3cd510f7c1880e11bf0b677e0d7ad0094c8e909e2ee11e6410c35bd33254a,OPT-RFT-XATMOV88-R512-v1:0077,XATMOV_C2_14_4561_z2_22,252547b01108721d8aa7f3cc82561fcd89bb2f5468243f988848caf86f209c0b,77,cross_family_test_set,XATMOV/structures/XATMOV_C2_14_4561_z2_22.cif,020c71e33fc29a103cdfdba924fd3ac358cd204e1fde0dfe8456d4a05af0408f,252547b01108721d8aa7f3cc82561fcd89bb2f5468243f988848caf86f209c0b,0,88,"[""C"", ""C"", ""N"", ""C"", ""H"", ""H"", ""H"", ""H"", ""H"", ""H"", ""H"", ""C"", ""C"", ""N"", ""C"", ""H"", ""H"", ""H"", ""H"", ""H"", ""H"", ""H"", ""C"", ""C"", ""N"", ""C"", ""H"", ""H"", ""H"", ""H"", ""H"", ""H"", ""H"", ""C"", ""C"", ""N"", ""C"", ""H"", ""H"", ""H"", ""H"", ""H"", ""H"", ""H"", ""C"", ""C"", ""N"", ""C"", ""H"", ""H"", ""H"", ""H"", ""H"", ""H"", ""H"", ""C"", ""C"", ""N"", ""C"", ""H"", ""H"", ""H"", ""H"", ""H"", ""H"", ""H"", ""C"", ""C"", ""N"", ""C"", ""H"", ""H"", ""H"", ""H"", ""H"", ""H"", ""H"", ""C"", ""C"", ""N"", ""C"", ""H"", ""H"", ""H"", ""H"", ""H"", ""H"", ""H""]",C24H56N8,"[true, true, true]","[14.16274350861066, 0.0, 0.0, 0.0, 11.836595406745843, 0.0, 4.132305325275886, 0.0, 13.139143901435004]",2202.628539738419,[],"{""cutoff=6.000_skin=0.000"": 2616, ""cutoff=6.000_skin=0.500"": 3432}",0.0,,
OPT-RFT-XATMOV88-R512-v1,fae3cd510f7c1880e11bf0b677e0d7ad0094c8e909e2ee11e6410c35bd33254a,OPT-RFT-XATMOV88-R512-v1:0078,XATMOV_C1_14_2054_z2_22,e0a6661551230b301b80687fc5960a780d29e53f53908960f6345e54cacad994,78,cross_family_test_set,XATMOV/structures/XATMOV_C1_14_2054_z2_22.cif,2401a430a7a297ed2e753a058f0fc181f68f13bfafb47bb7d02a6e800f3fe273,e0a6661551230b301b80687fc5960a780d29e53f53908960f6345e54cacad994,0,88,"[""C"", ""C"", ""N"", ""C"", ""H"", ""H"", ""H"", ""H"", ""H"", ""H"", ""H"", ""C"", ""C"", ""N"", ""C"", ""H"", ""H"", ""H"", ""H"", ""H"", ""H"", ""H"", ""C"", ""C"", ""N"", ""C"", ""H"", ""H"", ""H"", ""H"", ""H"", ""H"", ""H"", ""C"", ""C"", ""N"", ""C"", ""H"", ""H"", ""H"", ""H"", ""H"", ""H"", ""H"", ""C"", ""C"", ""N"", ""C"", ""H"", ""H"", ""H"", ""H"", ""H"", ""H"", ""H"", ""C"", ""C"", ""N"", ""C"", ""H"", ""H"", ""H"", ""H"", ""H"", ""H"", ""H"", ""C"", ""C"", ""N"", ""C"", ""H"", ""H"", ""H"", ""H"", ""H"", ""H"", ""H"", ""C"", ""C"", ""N"", ""C"", ""H"", ""H"", ""H"", ""H"", ""H"", ""H"", ""H""]",C24H56N8,"[true, true, true]","[11.751848908059614, 0.0, 0.0, 0.0, 24.12891598208504, 0.0, -7.975635914597736, 0.0, 9.266444160392131]",2627.587114006888,[],"{""cutoff=6.000_skin=0.000"": 2624, ""cutoff=6.000_skin=0.500"": 3344}",0.0,,
OPT-RFT-XATMOV88-R512-v1,fae3cd510f7c1880e11bf0b677e0d7ad0094c8e909e2ee11e6410c35bd33254a,OPT-RFT-XATMOV88-R512-v1:0079,XATMOV_C1_14_5628_z2_22,e259959aa78d448fc5e9d32aab59bb0d932321d63cf8bdbdd473a5d9c45b013a,79,cross_family_test_set,XATMOV/structures/XATMOV_C1_14_5628_z2_22.cif,412d9de2e68ccb8d836a34f0965b80d848caad0249bfcfcff8ae8e1c1e91a05d,e259959aa78d448fc5e9d32aab59bb0d932321d63cf8bdbdd473a5d9c45b013a,0,88,"[""C"", ""C"", ""N"", ""C"", ""H"", ""H"", ""H"", ""H"", ""H"", ""H"", ""H"", ""C"", ""C"", ""N"", ""C"", ""H"", ""H"", ""H"", ""H"", ""H"", ""H"", ""H"", ""C"", ""C"", ""N"", ""C"", ""H"", ""H"", ""H"", ""H"", ""H"", ""H"", ""H"", ""C"", ""C"", ""N"", ""C"", ""H"", ""H"", ""H"", ""H"", ""H"", ""H"", ""H"", ""C"", ""C"", ""N"", ""C"", ""H"", ""H"", ""H"", ""H"", ""H"", ""H"", ""H"", ""C"", ""C"", ""N"", ""C"", ""H"", ""H"", ""H"", ""H"", ""H"", ""H"", ""H"", ""C"", ""C"", ""N"", ""C"", ""H"", ""H"", ""H"", ""H"", ""H"", ""H"", ""H"", ""C"", ""C"", ""N"", ""C"", ""H"", ""H"", ""H"", ""H"", ""H"", ""H"", ""H""]",C24H56N8,"[true, true, true]","[9.763266680542941, 0.0, 0.0, 0.0, 16.55998818413198, 0.0, 6.116071093304568, 0.0, 15.939287820957297]",2577.057374231901,[],"{""cutoff=6.000_skin=0.000"": 2628, ""cutoff=6.000_skin=0.500"": 3128}",0.0,,
OPT-RFT-XATMOV88-R512-v1,fae3cd510f7c1880e11bf0b677e0d7ad0094c8e909e2ee11e6410c35bd33254a,OPT-RFT-XATMOV88-R512-v1:0080,XATMOV_C1_14_4580_z2_22,09bad56be1be03cb6d7262e715cb6e8a1192a4c8a164dc69e92335a5e4bd4820,80,cross_family_test_set,XATMOV/structures/XATMOV_C1_14_4580_z2_22.cif,acad8f9d843d01e33a04c54e4d37aeb3b21767e2f1365c573ce9bd070cb611fb,09bad56be1be03cb6d7262e715cb6e8a1192a4c8a164dc69e92335a5e4bd4820,0,88,"[""C"", ""C"", ""N"", ""C"", ""H"", ""H"", ""H"", ""H"", ""H"", ""H"", ""H"", ""C"", ""C"", ""N"", ""C"", ""H"", ""H"", ""H"", ""H"", ""H"", ""H"", ""H"", ""C"", ""C"", ""N"", ""C"", ""H"", ""H"", ""H"", ""H"", ""H"", ""H"", ""H"", ""C"", ""C"", ""N"", ""C"", ""H"", ""H"", ""H"", ""H"", ""H"", ""H"", ""H"", ""C"", ""C"", ""N"", ""C"", ""H"", ""H"", ""H"", ""H"", ""H"", ""H"", ""H"", ""C"", ""C"", ""N"", ""C"", ""H"", ""H"", ""H"", ""H"", ""H"", ""H"", ""H"", ""C"", ""C"", ""N"", ""C"", ""H"", ""H"", ""H"", ""H"", ""H"", ""H"", ""H"", ""C"", ""C"", ""N"", ""C"", ""H"", ""H"", ""H"", ""H"", ""H"", ""H"", ""H""]",C24H56N8,"[true, true, true]","[15.141582759950815, 0.0, 0.0, 0.0, 14.380069355611624, 0.0, 4.851261600851454, 0.0, 15.59092205139455]",3394.7207543840086,[],"{""cutoff=6.000_skin=0.000"": 2632, ""cutoff=6.000_skin=0.500"": 3012}",0.0,,
OPT-RFT-XATMOV88-R512-v1,fae3cd510f7c1880e11bf0b677e0d7ad0094c8e909e2ee11e6410c35bd33254a,OPT-RFT-XATMOV88-R512-v1:0081,XATMOV_C2_14_2926_z2_22,3b61c8cbf50787591c53fd49df328b473b888a2e6186f9c0f041b57f7abe0acf,81,cross_family_test_set,XATMOV/structures/XATMOV_C2_14_2926_z2_22.cif,828aaf3bb0e4cfc324d0a06a681b1e30c5dcee91f77c539d049f12ca3272e71a,3b61c8cbf50787591c53fd49df328b473b888a2e6186f9c0f041b57f7abe0acf,0,88,"[""C"", ""C"", ""N"", ""C"", ""H"", ""H"", ""H"", ""H"", ""H"", ""H"", ""H"", ""C"", ""C"", ""N"", ""C"", ""H"", ""H"", ""H"", ""H"", ""H"", ""H"", ""H"", ""C"", ""C"", ""N"", ""C"", ""H"", ""H"", ""H"", ""H"", ""H"", ""H"", ""H"", ""C"", ""C"", ""N"", ""C"", ""H"", ""H"", ""H"", ""H"", ""H"", ""H"", ""H"", ""C"", ""C"", ""N"", ""C"", ""H"", ""H"", ""H"", ""H"", ""H"", ""H"", ""H"", ""C"", ""C"", ""N"", ""C"", ""H"", ""H"", ""H"", ""H"", ""H"", ""H"", ""H"", ""C"", ""C"", ""N"", ""C"", ""H"", ""H"", ""H"", ""H"", ""H"", ""H"", ""H"", ""C"", ""C"", ""N"", ""C"", ""H"", ""H"", ""H"", ""H"", ""H"", ""H"", ""H""]",C24H56N8,"[true, true, true]","[13.387000336257088, 0.0, 0.0, 0.0, 13.242994328846471, 0.0, 1.6410323329964829, 0.0, 13.184076985457342]",2337.3255026147426,[],"{""cutoff=6.000_skin=0.000"": 2636, ""cutoff=6.000_skin=0.500"": 3344}",0.0,,
OPT-RFT-XATMOV88-R512-v1,fae3cd510f7c1880e11bf0b677e0d7ad0094c8e909e2ee11e6410c35bd33254a,OPT-RFT-XATMOV88-R512-v1:0082,XATMOV_C1_14_1069_z2_22,766ef8c7a3694e08c168e2ffc48f3f032f9ea604fe0187e96c22a77f9ee24eaf,82,cross_family_test_set,XATMOV/structures/XATMOV_C1_14_1069_z2_22.cif,f2e0153c446da9042ff4310f3c8ebbb9979ecb26a66966c8abb71f8ea0b05996,766ef8c7a3694e08c168e2ffc48f3f032f9ea604fe0187e96c22a77f9ee24eaf,0,88,"[""C"", ""C"", ""N"", ""C"", ""H"", ""H"", ""H"", ""H"", ""H"", ""H"", ""H"", ""C"", ""C"", ""N"", ""C"", ""H"", ""H"", ""H"", ""H"", ""H"", ""H"", ""H"", ""C"", ""C"", ""N"", ""C"", ""H"", ""H"", ""H"", ""H"", ""H"", ""H"", ""H"", ""C"", ""C"", ""N"", ""C"", ""H"", ""H"", ""H"", ""H"", ""H"", ""H"", ""H"", ""C"", ""C"", ""N"", ""C"", ""H"", ""H"", ""H"", ""H"", ""H"", ""H"", ""H"", ""C"", ""C"", ""N"", ""C"", ""H"", ""H"", ""H"", ""H"", ""H"", ""H"", ""H"", ""C"", ""C"", ""N"", ""C"", ""H"", ""H"", ""H"", ""H"", ""H"", ""H"", ""H"", ""C"", ""C"", ""N"", ""C"", ""H"", ""H"", ""H"", ""H"", ""H"", ""H"", ""H""]",C24H56N8,"[true, true, true]","[14.086584667353193, 0.0, 0.0, 0.0, 13.091782298385851, 0.0, -2.7399833087801393, 0.0, 12.16008309286328]",2242.5442813412483,[],"{""cutoff=6.000_skin=0.000"": 2648, ""cutoff=6.000_skin=0.500"": 3320}",0.0,,
OPT-RFT-XATMOV88-R512-v1,fae3cd510f7c1880e11bf0b677e0d7ad0094c8e909e2ee11e6410c35bd33254a,OPT-RFT-XATMOV88-R512-v1:0083,XATMOV_C1_14_6239_z2_22,6bb9be1616487c78630ec951258aa761a34827a6be8bae5d517a3b2289a085f9,83,cross_family_test_set,XATMOV/structures/XATMOV_C1_14_6239_z2_22.cif,69685e729ec779635b77543b8fe8f7438c4f4b51d81c7d9f4ffafcb7360dd611,6bb9be1616487c78630ec951258aa761a34827a6be8bae5d517a3b2289a085f9,0,88,"[""C"", ""C"", ""N"", ""C"", ""H"", ""H"", ""H"", ""H"", ""H"", ""H"", ""H"", ""C"", ""C"", ""N"", ""C"", ""H"", ""H"", ""H"", ""H"", ""H"", ""H"", ""H"", ""C"", ""C"", ""N"", ""C"", ""H"", ""H"", ""H"", ""H"", ""H"", ""H"", ""H"", ""C"", ""C"", ""N"", ""C"", ""H"", ""H"", ""H"", ""H"", ""H"", ""H"", ""H"", ""C"", ""C"", ""N"", ""C"", ""H"", ""H"", ""H"", ""H"", ""H"", ""H"", ""H"", ""C"", ""C"", ""N"", ""C"", ""H"", ""H"", ""H"", ""H"", ""H"", ""H"", ""H"", ""C"", ""C"", ""N"", ""C"", ""H"", ""H"", ""H"", ""H"", ""H"", ""H"", ""H"", ""C"", ""C"", ""N"", ""C"", ""H"", ""H"", ""H"", ""H"", ""H"", ""H"", ""H""]",C24H56N8,"[true, true, true]","[16.284403612028804, 0.0, 0.0, 0.0, 8.640324588953078, 0.0, -5.110407095173327, 0.0, 16.340231491189247]",2299.111959725316,[],"{""cutoff=6.000_skin=0.000"": 2652, ""cutoff=6.000_skin=0.500"": 3292}",0.0,,
OPT-RFT-XATMOV88-R512-v1,fae3cd510f7c1880e11bf0b677e0d7ad0094c8e909e2ee11e6410c35bd33254a,OPT-RFT-XATMOV88-R512-v1:0084,XATMOV_C1_14_4959_z2_22,20d6f3556c8e7fb1d700561af96978ecfaae8502c754a43ae4b86d00dfc66a12,84,cross_family_test_set,XATMOV/structures/XATMOV_C1_14_4959_z2_22.cif,daa706aac0a152b355a708a81c204bf5ee2afe3aa7b8100de07aaee592f8654d,20d6f3556c8e7fb1d700561af96978ecfaae8502c754a43ae4b86d00dfc66a12,0,88,"[""C"", ""C"", ""N"", ""C"", ""H"", ""H"", ""H"", ""H"", ""H"", ""H"", ""H"", ""C"", ""C"", ""N"", ""C"", ""H"", ""H"", ""H"", ""H"", ""H"", ""H"", ""H"", ""C"", ""C"", ""N"", ""C"", ""H"", ""H"", ""H"", ""H"", ""H"", ""H"", ""H"", ""C"", ""C"", ""N"", ""C"", ""H"", ""H"", ""H"", ""H"", ""H"", ""H"", ""H"", ""C"", ""C"", ""N"", ""C"", ""H"", ""H"", ""H"", ""H"", ""H"", ""H"", ""H"", ""C"", ""C"", ""N"", ""C"", ""H"", ""H"", ""H"", ""H"", ""H"", ""H"", ""H"", ""C"", ""C"", ""N"", ""C"", ""H"", ""H"", ""H"", ""H"", ""H"", ""H"", ""H"", ""C"", ""C"", ""N"", ""C"", ""H"", ""H"", ""H"", ""H"", ""H"", ""H"", ""H""]",C24H56N8,"[true, true, true]","[15.090550654267076, 0.0, 0.0, 0.0, 16.06673958341962, 0.0, -3.2680533789479416, 0.0, 10.727427789738934]",2600.928669347752,[],"{""cutoff=6.000_skin=0.000"": 2672, ""cutoff=6.000_skin=0.500"": 3436}",0.0,,
OPT-RFT-XATMOV88-R512-v1,fae3cd510f7c1880e11bf0b677e0d7ad0094c8e909e2ee11e6410c35bd33254a,OPT-RFT-XATMOV88-R512-v1:0085,XATMOV_C2_14_440_z2_22,b9b4f02cf23b4885b3da21db244ba4872bc3d7ad1faa1523a2fc61592e688dff,85,cross_family_test_set,XATMOV/structures/XATMOV_C2_14_440_z2_22.cif,8cb5208be91c7980504d9516a7c814f9ef2d8a0aa8addc620bba2219264feff3,b9b4f02cf23b4885b3da21db244ba4872bc3d7ad1faa1523a2fc61592e688dff,0,88,"[""C"", ""C"", ""N"", ""C"", ""H"", ""H"", ""H"", ""H"", ""H"", ""H"", ""H"", ""C"", ""C"", ""N"", ""C"", ""H"", ""H"", ""H"", ""H"", ""H"", ""H"", ""H"", ""C"", ""C"", ""N"", ""C"", ""H"", ""H"", ""H"", ""H"", ""H"", ""H"", ""H"", ""C"", ""C"", ""N"", ""C"", ""H"", ""H"", ""H"", ""H"", ""H"", ""H"", ""H"", ""C"", ""C"", ""N"", ""C"", ""H"", ""H"", ""H"", ""H"", ""H"", ""H"", ""H"", ""C"", ""C"", ""N"", ""C"", ""H"", ""H"", ""H"", ""H"", ""H"", ""H"", ""H"", ""C"", ""C"", ""N"", ""C"", ""H"", ""H"", ""H"", ""H"", ""H"", ""H"", ""H"", ""C"", ""C"", ""N"", ""C"", ""H"", ""H"", ""H"", ""H"", ""H"", ""H"", ""H""]",C24H56N8,"[true, true, true]","[11.78511804903561, 0.0, 0.0, 0.0, 9.35222434194056, 0.0, 13.142463783360164, 0.0, 20.174823289949032]",2223.6098682338893,[],"{""cutoff=6.000_skin=0.000"": 2672, ""cutoff=6.000_skin=0.500"": 3536}",0.0,,
OPT-RFT-XATMOV88-R512-v1,fae3cd510f7c1880e11bf0b677e0d7ad0094c8e909e2ee11e6410c35bd33254a,OPT-RFT-XATMOV88-R512-v1:0086,XATMOV_C1_14_1670_z2_22,12e18fa01653ffc92a2fc3cf880be57f979e975474bc2bbab8f6b4d973f09784,86,cross_family_test_set,XATMOV/structures/XATMOV_C1_14_1670_z2_22.cif,400578d9ac685df85bda091351efa3465633e13607362417a02a0f5134124ab2,12e18fa01653ffc92a2fc3cf880be57f979e975474bc2bbab8f6b4d973f09784,0,88,"[""C"", ""C"", ""N"", ""C"", ""H"", ""H"", ""H"", ""H"", ""H"", ""H"", ""H"", ""C"", ""C"", ""N"", ""C"", ""H"", ""H"", ""H"", ""H"", ""H"", ""H"", ""H"", ""C"", ""C"", ""N"", ""C"", ""H"", ""H"", ""H"", ""H"", ""H"", ""H"", ""H"", ""C"", ""C"", ""N"", ""C"", ""H"", ""H"", ""H"", ""H"", ""H"", ""H"", ""H"", ""C"", ""C"", ""N"", ""C"", ""H"", ""H"", ""H"", ""H"", ""H"", ""H"", ""H"", ""C"", ""C"", ""N"", ""C"", ""H"", ""H"", ""H"", ""H"", ""H"", ""H"", ""H"", ""C"", ""C"", ""N"", ""C"", ""H"", ""H"", ""H"", ""H"", ""H"", ""H"", ""H"", ""C"", ""C"", ""N"", ""C"", ""H"", ""H"", ""H"", ""H"", ""H"", ""H"", ""H""]",C24H56N8,"[true, true, true]","[10.793767829843361, 0.0, 0.0, 0.0, 21.33471242451344, 0.0, 6.641218361103117, 0.0, 14.042619809184252]",3233.7616288005484,[],"{""cutoff=6.000_skin=0.000"": 2680, ""cutoff=6.000_skin=0.500"": 3168}",0.0,,
OPT-RFT-XATMOV88-R512-v1,fae3cd510f7c1880e11bf0b677e0d7ad0094c8e909e2ee11e6410c35bd33254a,OPT-RFT-XATMOV88-R512-v1:0087,XATMOV_C1_14_1510_z2_22,c029cc8c3d17f1100251027fa66f8d5a1fdfcc9714842ba5bd5f99c80b7bb175,87,cross_family_test_set,XATMOV/structures/XATMOV_C1_14_1510_z2_22.cif,131d4184eb93cff79f2234bba9a5da505804a6e302a6c690b19ec1dc69229cc1,c029cc8c3d17f1100251027fa66f8d5a1fdfcc9714842ba5bd5f99c80b7bb175,0,88,"[""C"", ""C"", ""N"", ""C"", ""H"", ""H"", ""H"", ""H"", ""H"", ""H"", ""H"", ""C"", ""C"", ""N"", ""C"", ""H"", ""H"", ""H"", ""H"", ""H"", ""H"", ""H"", ""C"", ""C"", ""N"", ""C"", ""H"", ""H"", ""H"", ""H"", ""H"", ""H"", ""H"", ""C"", ""C"", ""N"", ""C"", ""H"", ""H"", ""H"", ""H"", ""H"", ""H"", ""H"", ""C"", ""C"", ""N"", ""C"", ""H"", ""H"", ""H"", ""H"", ""H"", ""H"", ""H"", ""C"", ""C"", ""N"", ""C"", ""H"", ""H"", ""H"", ""H"", ""H"", ""H"", ""H"", ""C"", ""C"", ""N"", ""C"", ""H"", ""H"", ""H"", ""H"", ""H"", ""H"", ""H"", ""C"", ""C"", ""N"", ""C"", ""H"", ""H"", ""H"", ""H"", ""H"", ""H"", ""H""]",C24H56N8,"[true, true, true]","[13.47508384419783, 0.0, 0.0, 0.0, 11.2297503679731, 0.0, 2.6682743942485683, 0.0, 15.29282447946158]",2314.1381518121007,[],"{""cutoff=6.000_skin=0.000"": 2684, ""cutoff=6.000_skin=0.500"": 3472}",0.0,,
OPT-RFT-XATMOV88-R512-v1,fae3cd510f7c1880e11bf0b677e0d7ad0094c8e909e2ee11e6410c35bd33254a,OPT-RFT-XATMOV88-R512-v1:0088,XATMOV_C1_14_6861_z2_22,6305dbbbc917b0531c5749b89d1429950a2b4365832e55eb96c51df3423a8122,88,cross_family_test_set,XATMOV/structures/XATMOV_C1_14_6861_z2_22.cif,a9084a35adb96ddc740bc0e11eb06dd882710ba02d00b4ce54984b07d40e1551,6305dbbbc917b0531c5749b89d1429950a2b4365832e55eb96c51df3423a8122,0,88,"[""C"", ""C"", ""N"", ""C"", ""H"", ""H"", ""H"", ""H"", ""H"", ""H"", ""H"", ""C"", ""C"", ""N"", ""C"", ""H"", ""H"", ""H"", ""H"", ""H"", ""H"", ""H"", ""C"", ""C"", ""N"", ""C"", ""H"", ""H"", ""H"", ""H"", ""H"", ""H"", ""H"", ""C"", ""C"", ""N"", ""C"", ""H"", ""H"", ""H"", ""H"", ""H"", ""H"", ""H"", ""C"", ""C"", ""N"", ""C"", ""H"", ""H"", ""H"", ""H"", ""H"", ""H"", ""H"", ""C"", ""C"", ""N"", ""C"", ""H"", ""H"", ""H"", ""H"", ""H"", ""H"", ""H"", ""C"", ""C"", ""N"", ""C"", ""H"", ""H"", ""H"", ""H"", ""H"", ""H"", ""H"", ""C"", ""C"", ""N"", ""C"", ""H"", ""H"", ""H"", ""H"", ""H"", ""H"", ""H""]",C24H56N8,"[true, true, true]","[6.171441266254899, 0.0, 0.0, 0.0, 31.82215527019109, 0.0, -0.3684475779402579, 0.0, 11.780410815561725]",2313.5379423776035,[],"{""cutoff=6.000_skin=0.000"": 2692, ""cutoff=6.000_skin=0.500"": 3548}",0.0,,
OPT-RFT-XATMOV88-R512-v1,fae3cd510f7c1880e11bf0b677e0d7ad0094c8e909e2ee11e6410c35bd33254a,OPT-RFT-XATMOV88-R512-v1:0089,XATMOV_C1_14_6322_z2_22,27c91515d92bc4cd5c4839306dcc43c42642de95b0ed2c29c686758383d547d7,89,cross_family_test_set,XATMOV/structures/XATMOV_C1_14_6322_z2_22.cif,f4daa1559b2cd76acf0668621fd979dc57ca39309db257a9af74d190b76de1d2,27c91515d92bc4cd5c4839306dcc43c42642de95b0ed2c29c686758383d547d7,0,88,"[""C"", ""C"", ""N"", ""C"", ""H"", ""H"", ""H"", ""H"", ""H"", ""H"", ""H"", ""C"", ""C"", ""N"", ""C"", ""H"", ""H"", ""H"", ""H"", ""H"", ""H"", ""H"", ""C"", ""C"", ""N"", ""C"", ""H"", ""H"", ""H"", ""H"", ""H"", ""H"", ""H"", ""C"", ""C"", ""N"", ""C"", ""H"", ""H"", ""H"", ""H"", ""H"", ""H"", ""H"", ""C"", ""C"", ""N"", ""C"", ""H"", ""H"", ""H"", ""H"", ""H"", ""H"", ""H"", ""C"", ""C"", ""N"", ""C"", ""H"", ""H"", ""H"", ""H"", ""H"", ""H"", ""H"", ""C"", ""C"", ""N"", ""C"", ""H"", ""H"", ""H"", ""H"", ""H"", ""H"", ""H"", ""C"", ""C"", ""N"", ""C"", ""H"", ""H"", ""H"", ""H"", ""H"", ""H"", ""H""]",C24H56N8,"[true, true, true]","[12.93405185231451, 0.0, 0.0, 0.0, 13.256761374384809, 0.0, -2.7204871829577093, 0.0, 13.376445160669629]",2293.5739642668323,[],"{""cutoff=6.000_skin=0.000"": 2700, ""cutoff=6.000_skin=0.500"": 3532}",0.0,,
OPT-RFT-XATMOV88-R512-v1,fae3cd510f7c1880e11bf0b677e0d7ad0094c8e909e2ee11e6410c35bd33254a,OPT-RFT-XATMOV88-R512-v1:0090,XATMOV_C1_14_5169_z2_22,46a50455a7df355df30b7869597113ca811141e96adce6464332885c2035aba4,90,cross_family_test_set,XATMOV/structures/XATMOV_C1_14_5169_z2_22.cif,a9aa56e796bb157959aaf821efb0eefcc2645d695f10e245fa2c328f26b7f7c8,46a50455a7df355df30b7869597113ca811141e96adce6464332885c2035aba4,0,88,"[""C"", ""C"", ""N"", ""C"", ""H"", ""H"", ""H"", ""H"", ""H"", ""H"", ""H"", ""C"", ""C"", ""N"", ""C"", ""H"", ""H"", ""H"", ""H"", ""H"", ""H"", ""H"", ""C"", ""C"", ""N"", ""C"", ""H"", ""H"", ""H"", ""H"", ""H"", ""H"", ""H"", ""C"", ""C"", ""N"", ""C"", ""H"", ""H"", ""H"", ""H"", ""H"", ""H"", ""H"", ""C"", ""C"", ""N"", ""C"", ""H"", ""H"", ""H"", ""H"", ""H"", ""H"", ""H"", ""C"", ""C"", ""N"", ""C"", ""H"", ""H"", ""H"", ""H"", ""H"", ""H"", ""H"", ""C"", ""C"", ""N"", ""C"", ""H"", ""H"", ""H"", ""H"", ""H"", ""H"", ""H"", ""C"", ""C"", ""N"", ""C"", ""H"", ""H"", ""H"", ""H"", ""H"", ""H"", ""H""]",C24H56N8,"[true, true, true]","[10.700114467575474, 0.0, 0.0, 0.0, 14.549414296914964, 0.0, -4.37559353755777, 0.0, 13.581319072679975]",2114.3451642111922,[],"{""cutoff=6.000_skin=0.000"": 2708, ""cutoff=6.000_skin=0.500"": 3588}",0.0,,
OPT-RFT-XATMOV88-R512-v1,fae3cd510f7c1880e11bf0b677e0d7ad0094c8e909e2ee11e6410c35bd33254a,OPT-RFT-XATMOV88-R512-v1:0091,XATMOV_C2_14_1463_z2_22,e3856b0a6ba6ff5f1fcce1bca1706d5d9b0abdde92f55e1aa67468682c8f84f1,91,cross_family_test_set,XATMOV/structures/XATMOV_C2_14_1463_z2_22.cif,218880df1d593c58e1305d7d6c4b78672553d889fa7e34252c709cacb395255b,e3856b0a6ba6ff5f1fcce1bca1706d5d9b0abdde92f55e1aa67468682c8f84f1,0,88,"[""C"", ""C"", ""N"", ""C"", ""H"", ""H"", ""H"", ""H"", ""H"", ""H"", ""H"", ""C"", ""C"", ""N"", ""C"", ""H"", ""H"", ""H"", ""H"", ""H"", ""H"", ""H"", ""C"", ""C"", ""N"", ""C"", ""H"", ""H"", ""H"", ""H"", ""H"", ""H"", ""H"", ""C"", ""C"", ""N"", ""C"", ""H"", ""H"", ""H"", ""H"", ""H"", ""H"", ""H"", ""C"", ""C"", ""N"", ""C"", ""H"", ""H"", ""H"", ""H"", ""H"", ""H"", ""H"", ""C"", ""C"", ""N"", ""C"", ""H"", ""H"", ""H"", ""H"", ""H"", ""H"", ""H"", ""C"", ""C"", ""N"", ""C"", ""H"", ""H"", ""H"", ""H"", ""H"", ""H"", ""H"", ""C"", ""C"", ""N"", ""C"", ""H"", ""H"", ""H"", ""H"", ""H"", ""H"", ""H""]",C24H56N8,"[true, true, true]","[8.916420459432317, 0.0, 0.0, 0.0, 18.477221473860432, 0.0, -11.427414198873864, 0.0, 13.600177444671074]",2240.6384220581203,[],"{""cutoff=6.000_skin=0.000"": 2712, ""cutoff=6.000_skin=0.500"": 3336}",0.0,,
OPT-RFT-XATMOV88-R512-v1,fae3cd510f7c1880e11bf0b677e0d7ad0094c8e909e2ee11e6410c35bd33254a,OPT-RFT-XATMOV88-R512-v1:0092,XATMOV_C2_14_6629_z2_22,e40a563ad3075ebf472b81aaeed0809c3a72ea85b8a661499de97359bd472c52,92,cross_family_test_set,XATMOV/structures/XATMOV_C2_14_6629_z2_22.cif,6a77286f75b6699b90076b98702e249a5f16d035b4a59a1db1fce726685139fe,e40a563ad3075ebf472b81aaeed0809c3a72ea85b8a661499de97359bd472c52,0,88,"[""C"", ""C"", ""N"", ""C"", ""H"", ""H"", ""H"", ""H"", ""H"", ""H"", ""H"", ""C"", ""C"", ""N"", ""C"", ""H"", ""H"", ""H"", ""H"", ""H"", ""H"", ""H"", ""C"", ""C"", ""N"", ""C"", ""H"", ""H"", ""H"", ""H"", ""H"", ""H"", ""H"", ""C"", ""C"", ""N"", ""C"", ""H"", ""H"", ""H"", ""H"", ""H"", ""H"", ""H"", ""C"", ""C"", ""N"", ""C"", ""H"", ""H"", ""H"", ""H"", ""H"", ""H"", ""H"", ""C"", ""C"", ""N"", ""C"", ""H"", ""H"", ""H"", ""H"", ""H"", ""H"", ""H"", ""C"", ""C"", ""N"", ""C"", ""H"", ""H"", ""H"", ""H"", ""H"", ""H"", ""H"", ""C"", ""C"", ""N"", ""C"", ""H"", ""H"", ""H"", ""H"", ""H"", ""H"", ""H""]",C24H56N8,"[true, true, true]","[12.750948045223282, 0.0, 0.0, 0.0, 12.761622250985738, 0.0, 1.1985647219742341, 0.0, 14.553973606387983]",2368.2630786806776,[],"{""cutoff=6.000_skin=0.000"": 2716, ""cutoff=6.000_skin=0.500"": 3468}",0.0,,
OPT-RFT-XATMOV88-R512-v1,fae3cd510f7c1880e11bf0b677e0d7ad0094c8e909e2ee11e6410c35bd33254a,OPT-RFT-XATMOV88-R512-v1:0093,XATMOV_C2_14_6268_z2_22,f888c5e4596ef0352e8ea4d5a0b8d003ba36d0f2dc07e7b4f73af813378e4c26,93,cross_family_test_set,XATMOV/structures/XATMOV_C2_14_6268_z2_22.cif,e4e5300fcdc35868dc014f964300f2d1d27b24adb2cf3e1e7c5ddfc87236f4c2,f888c5e4596ef0352e8ea4d5a0b8d003ba36d0f2dc07e7b4f73af813378e4c26,0,88,"[""C"", ""C"", ""N"", ""C"", ""H"", ""H"", ""H"", ""H"", ""H"", ""H"", ""H"", ""C"", ""C"", ""N"", ""C"", ""H"", ""H"", ""H"", ""H"", ""H"", ""H"", ""H"", ""C"", ""C"", ""N"", ""C"", ""H"", ""H"", ""H"", ""H"", ""H"", ""H"", ""H"", ""C"", ""C"", ""N"", ""C"", ""H"", ""H"", ""H"", ""H"", ""H"", ""H"", ""H"", ""C"", ""C"", ""N"", ""C"", ""H"", ""H"", ""H"", ""H"", ""H"", ""H"", ""H"", ""C"", ""C"", ""N"", ""C"", ""H"", ""H"", ""H"", ""H"", ""H"", ""H"", ""H"", ""C"", ""C"", ""N"", ""C"", ""H"", ""H"", ""H"", ""H"", ""H"", ""H"", ""H"", ""C"", ""C"", ""N"", ""C"", ""H"", ""H"", ""H"", ""H"", ""H"", ""H"", ""H""]",C24H56N8,"[true, true, true]","[9.883163599861916, 0.0, 0.0, 0.0, 13.27990666260408, 0.0, 4.634521240958718, 0.0, 17.8489330083022]",2342.6276589704785,[],"{""cutoff=6.000_skin=0.000"": 2724, ""cutoff=6.000_skin=0.500"": 3572}",0.0,,
OPT-RFT-XATMOV88-R512-v1,fae3cd510f7c1880e11bf0b677e0d7ad0094c8e909e2ee11e6410c35bd33254a,OPT-RFT-XATMOV88-R512-v1:0094,XATMOV_C1_14_1247_z2_22,6e01a9bbaec928230f4756d1e5b82c6a1308a4e9a02f6734f33e00fd83412562,94,cross_family_test_set,XATMOV/structures/XATMOV_C1_14_1247_z2_22.cif,e44818edd2359fd71a453880c061b9ee36f4f596ddeb0835b9fb405333a01b8f,6e01a9bbaec928230f4756d1e5b82c6a1308a4e9a02f6734f33e00fd83412562,0,88,"[""C"", ""C"", ""N"", ""C"", ""H"", ""H"", ""H"", ""H"", ""H"", ""H"", ""H"", ""C"", ""C"", ""N"", ""C"", ""H"", ""H"", ""H"", ""H"", ""H"", ""H"", ""H"", ""C"", ""C"", ""N"", ""C"", ""H"", ""H"", ""H"", ""H"", ""H"", ""H"", ""H"", ""C"", ""C"", ""N"", ""C"", ""H"", ""H"", ""H"", ""H"", ""H"", ""H"", ""H"", ""C"", ""C"", ""N"", ""C"", ""H"", ""H"", ""H"", ""H"", ""H"", ""H"", ""H"", ""C"", ""C"", ""N"", ""C"", ""H"", ""H"", ""H"", ""H"", ""H"", ""H"", ""H"", ""C"", ""C"", ""N"", ""C"", ""H"", ""H"", ""H"", ""H"", ""H"", ""H"", ""H"", ""C"", ""C"", ""N"", ""C"", ""H"", ""H"", ""H"", ""H"", ""H"", ""H"", ""H""]",C24H56N8,"[true, true, true]","[16.511845783237113, 0.0, 0.0, 0.0, 12.768663081721805, 0.0, -9.708832574364045, 0.0, 10.884304135415112]",2294.78350774719,[],"{""cutoff=6.000_skin=0.000"": 2732, ""cutoff=6.000_skin=0.500"": 3524}",0.0,,
OPT-RFT-XATMOV88-R512-v1,fae3cd510f7c1880e11bf0b677e0d7ad0094c8e909e2ee11e6410c35bd33254a,OPT-RFT-XATMOV88-R512-v1:0095,XATMOV_C1_14_5400_z2_22,1876eccf3bfb68948ec463af547da4ed51bf08779133de2c4c176d8cd28dde1f,95,cross_family_test_set,XATMOV/structures/XATMOV_C1_14_5400_z2_22.cif,d064372f2ad1bd3b3557eb814607887b5fff82325fc19a1ee085e3ef22e5c326,1876eccf3bfb68948ec463af547da4ed51bf08779133de2c4c176d8cd28dde1f,0,88,"[""C"", ""C"", ""N"", ""C"", ""H"", ""H"", ""H"", ""H"", ""H"", ""H"", ""H"", ""C"", ""C"", ""N"", ""C"", ""H"", ""H"", ""H"", ""H"", ""H"", ""H"", ""H"", ""C"", ""C"", ""N"", ""C"", ""H"", ""H"", ""H"", ""H"", ""H"", ""H"", ""H"", ""C"", ""C"", ""N"", ""C"", ""H"", ""H"", ""H"", ""H"", ""H"", ""H"", ""H"", ""C"", ""C"", ""N"", ""C"", ""H"", ""H"", ""H"", ""H"", ""H"", ""H"", ""H"", ""C"", ""C"", ""N"", ""C"", ""H"", ""H"", ""H"", ""H"", ""H"", ""H"", ""H"", ""C"", ""C"", ""N"", ""C"", ""H"", ""H"", ""H"", ""H"", ""H"", ""H"", ""H"", ""C"", ""C"", ""N"", ""C"", ""H"", ""H"", ""H"", ""H"", ""H"", ""H"", ""H""]",C24H56N8,"[true, true, true]","[12.173206853798298, 0.0, 0.0, 0.0, 15.304957767398953, 0.0, -0.10728657522603166, 0.0, 11.733894757682654]",2186.146822887868,[],"{""cutoff=6.000_skin=0.000"": 2732, ""cutoff=6.000_skin=0.500"": 3580}",0.0,,
OPT-RFT-XATMOV88-R512-v1,fae3cd510f7c1880e11bf0b677e0d7ad0094c8e909e2ee11e6410c35bd33254a,OPT-RFT-XATMOV88-R512-v1:0096,XATMOV_C1_14_5869_z2_22,1523a8e94170e8238785f4fc213e98a1101d2ed4167a7fa1fcc2e3c7255b9b34,96,cross_family_test_set,XATMOV/structures/XATMOV_C1_14_5869_z2_22.cif,ec665c26058ab42a4c66eaf0100005af6c11998fe0b730820d286ad5dbd87a54,1523a8e94170e8238785f4fc213e98a1101d2ed4167a7fa1fcc2e3c7255b9b34,0,88,"[""C"", ""C"", ""N"", ""C"", ""H"", ""H"", ""H"", ""H"", ""H"", ""H"", ""H"", ""C"", ""C"", ""N"", ""C"", ""H"", ""H"", ""H"", ""H"", ""H"", ""H"", ""H"", ""C"", ""C"", ""N"", ""C"", ""H"", ""H"", ""H"", ""H"", ""H"", ""H"", ""H"", ""C"", ""C"", ""N"", ""C"", ""H"", ""H"", ""H"", ""H"", ""H"", ""H"", ""H"", ""C"", ""C"", ""N"", ""C"", ""H"", ""H"", ""H"", ""H"", ""H"", ""H"", ""H"", ""C"", ""C"", ""N"", ""C"", ""H"", ""H"", ""H"", ""H"", ""H"", ""H"", ""H"", ""C"", ""C"", ""N"", ""C"", ""H"", ""H"", ""H"", ""H"", ""H"", ""H"", ""H"", ""C"", ""C"", ""N"", ""C"", ""H"", ""H"", ""H"", ""H"", ""H"", ""H"", ""H""]",C24H56N8,"[true, true, true]","[14.215351230730718, 0.0, 0.0, 0.0, 13.537908134060679, 0.0, -0.43839207476231734, 0.0, 11.28647603314794]",2172.0385103870326,[],"{""cutoff=6.000_skin=0.000"": 2740, ""cutoff=6.000_skin=0.500"": 3692}",0.0,,
OPT-RFT-XATMOV88-R512-v1,fae3cd510f7c1880e11bf0b677e0d7ad0094c8e909e2ee11e6410c35bd33254a,OPT-RFT-XATMOV88-R512-v1:0097,XATMOV_C2_14_4842_z2_22,a4cbd347277022930fc9d86ad6c07857a225e6767f144c9e569ec43dc227f93d,97,cross_family_test_set,XATMOV/structures/XATMOV_C2_14_4842_z2_22.cif,0ef137cd5158d718ad51d44551b5a71f1e40155a542158983908e42bc6a0534e,a4cbd347277022930fc9d86ad6c07857a225e6767f144c9e569ec43dc227f93d,0,88,"[""C"", ""C"", ""N"", ""C"", ""H"", ""H"", ""H"", ""H"", ""H"", ""H"", ""H"", ""C"", ""C"", ""N"", ""C"", ""H"", ""H"", ""H"", ""H"", ""H"", ""H"", ""H"", ""C"", ""C"", ""N"", ""C"", ""H"", ""H"", ""H"", ""H"", ""H"", ""H"", ""H"", ""C"", ""C"", ""N"", ""C"", ""H"", ""H"", ""H"", ""H"", ""H"", ""H"", ""H"", ""C"", ""C"", ""N"", ""C"", ""H"", ""H"", ""H"", ""H"", ""H"", ""H"", ""H"", ""C"", ""C"", ""N"", ""C"", ""H"", ""H"", ""H"", ""H"", ""H"", ""H"", ""H"", ""C"", ""C"", ""N"", ""C"", ""H"", ""H"", ""H"", ""H"", ""H"", ""H"", ""H"", ""C"", ""C"", ""N"", ""C"", ""H"", ""H"", ""H"", ""H"", ""H"", ""H"", ""H""]",C24H56N8,"[true, true, true]","[15.075030456045468, 0.0, 0.0, 0.0, 15.839046590661603, 0.0, -4.2761969436287925, 0.0, 9.845587314133905]",2350.871345887847,[],"{""cutoff=6.000_skin=0.000"": 2748, ""cutoff=6.000_skin=0.500"": 3696}",0.0,,
OPT-RFT-XATMOV88-R512-v1,fae3cd510f7c1880e11bf0b677e0d7ad0094c8e909e2ee11e6410c35bd33254a,OPT-RFT-XATMOV88-R512-v1:0098,XATMOV_C1_14_4769_z2_22,cae0822f60bf57b014bf690c98ef3f635ed4ff22796f084656c276fb1b3fac55,98,cross_family_test_set,XATMOV/structures/XATMOV_C1_14_4769_z2_22.cif,4c5efe95e3c421f5a1e4e9bff3beec823877140fe22c86601762d4f237066a4c,cae0822f60bf57b014bf690c98ef3f635ed4ff22796f084656c276fb1b3fac55,0,88,"[""C"", ""C"", ""N"", ""C"", ""H"", ""H"", ""H"", ""H"", ""H"", ""H"", ""H"", ""C"", ""C"", ""N"", ""C"", ""H"", ""H"", ""H"", ""H"", ""H"", ""H"", ""H"", ""C"", ""C"", ""N"", ""C"", ""H"", ""H"", ""H"", ""H"", ""H"", ""H"", ""H"", ""C"", ""C"", ""N"", ""C"", ""H"", ""H"", ""H"", ""H"", ""H"", ""H"", ""H"", ""C"", ""C"", ""N"", ""C"", ""H"", ""H"", ""H"", ""H"", ""H"", ""H"", ""H"", ""C"", ""C"", ""N"", ""C"", ""H"", ""H"", ""H"", ""H"", ""H"", ""H"", ""H"", ""C"", ""C"", ""N"", ""C"", ""H"", ""H"", ""H"", ""H"", ""H"", ""H"", ""H"", ""C"", ""C"", ""N"", ""C"", ""H"", ""H"", ""H"", ""H"", ""H"", ""H"", ""H""]",C24H56N8,"[true, true, true]","[14.25840014951342, 0.0, 0.0, 0.0, 14.070085031893974, 0.0, -0.2233214419786799, 0.0, 13.95030746735753]",2798.6674733367045,[],"{""cutoff=6.000_skin=0.000"": 2756, ""cutoff=6.000_skin=0.500"": 3384}",0.0,,
OPT-RFT-XATMOV88-R512-v1,fae3cd510f7c1880e11bf0b677e0d7ad0094c8e909e2ee11e6410c35bd33254a,OPT-RFT-XATMOV88-R512-v1:0099,XATMOV_C1_14_1026_z2_22,680c6f660a049bc28825533dcfc4d1327e4afc680eedc9f4b0e0eecdd0123f5f,99,cross_family_test_set,XATMOV/structures/XATMOV_C1_14_1026_z2_22.cif,52761044e505eaf9d1bb090afbbb7cf14111e392937dbef6dbf0c5aae6eb7859,680c6f660a049bc28825533dcfc4d1327e4afc680eedc9f4b0e0eecdd0123f5f,0,88,"[""C"", ""C"", ""N"", ""C"", ""H"", ""H"", ""H"", ""H"", ""H"", ""H"", ""H"", ""C"", ""C"", ""N"", ""C"", ""H"", ""H"", ""H"", ""H"", ""H"", ""H"", ""H"", ""C"", ""C"", ""N"", ""C"", ""H"", ""H"", ""H"", ""H"", ""H"", ""H"", ""H"", ""C"", ""C"", ""N"", ""C"", ""H"", ""H"", ""H"", ""H"", ""H"", ""H"", ""H"", ""C"", ""C"", ""N"", ""C"", ""H"", ""H"", ""H"", ""H"", ""H"", ""H"", ""H"", ""C"", ""C"", ""N"", ""C"", ""H"", ""H"", ""H"", ""H"", ""H"", ""H"", ""H"", ""C"", ""C"", ""N"", ""C"", ""H"", ""H"", ""H"", ""H"", ""H"", ""H"", ""H"", ""C"", ""C"", ""N"", ""C"", ""H"", ""H"", ""H"", ""H"", ""H"", ""H"", ""H""]",C24H56N8,"[true, true, true]","[11.713007672933474, 0.0, 0.0, 0.0, 16.233001744413315, 0.0, 5.7435566209151565, 0.0, 18.252922169162343]",3470.5608635424196,[],"{""cutoff=6.000_skin=0.000"": 2764, ""cutoff=6.000_skin=0.500"": 3112}",0.0,,
OPT-RFT-XATMOV88-R512-v1,fae3cd510f7c1880e11bf0b677e0d7ad0094c8e909e2ee11e6410c35bd33254a,OPT-RFT-XATMOV88-R512-v1:0100,XATMOV_C1_14_6731_z2_22,b25df524fbcc234b1c0d811cd61ce6bf218d920df0cd8df2986038025c929bd3,100,cross_family_test_set,XATMOV/structures/XATMOV_C1_14_6731_z2_22.cif,51e8c6ea36fa007cf0af5f24772ab762053ff4ca638861f3a5cea9aa4aebe591,b25df524fbcc234b1c0d811cd61ce6bf218d920df0cd8df2986038025c929bd3,0,88,"[""C"", ""C"", ""N"", ""C"", ""H"", ""H"", ""H"", ""H"", ""H"", ""H"", ""H"", ""C"", ""C"", ""N"", ""C"", ""H"", ""H"", ""H"", ""H"", ""H"", ""H"", ""H"", ""C"", ""C"", ""N"", ""C"", ""H"", ""H"", ""H"", ""H"", ""H"", ""H"", ""H"", ""C"", ""C"", ""N"", ""C"", ""H"", ""H"", ""H"", ""H"", ""H"", ""H"", ""H"", ""C"", ""C"", ""N"", ""C"", ""H"", ""H"", ""H"", ""H"", ""H"", ""H"", ""H"", ""C"", ""C"", ""N"", ""C"", ""H"", ""H"", ""H"", ""H"", ""H"", ""H"", ""H"", ""C"", ""C"", ""N"", ""C"", ""H"", ""H"", ""H"", ""H"", ""H"", ""H"", ""H"", ""C"", ""C"", ""N"", ""C"", ""H"", ""H"", ""H"", ""H"", ""H"", ""H"", ""H""]",C24H56N8,"[true, true, true]","[14.261250959486603, 0.0, 0.0, 0.0, 13.072030634495732, 0.0, -6.730669602031737, 0.0, 12.409694567931759]",2313.458812291374,[],"{""cutoff=6.000_skin=0.000"": 2772, ""cutoff=6.000_skin=0.500"": 3604}",0.0,,
OPT-RFT-XATMOV88-R512-v1,fae3cd510f7c1880e11bf0b677e0d7ad0094c8e909e2ee11e6410c35bd33254a,OPT-RFT-XATMOV88-R512-v1:0101,XATMOV_C2_14_4723_z2_22,9efef69f95d0ead5a8e320d55dbe92360aef3ac5d13513ee2c05e97d615ebd9a,101,cross_family_test_set,XATMOV/structures/XATMOV_C2_14_4723_z2_22.cif,983c28e33a110af5e1bdf5047036cd5e851a5e353754456541a24b990300fcfb,9efef69f95d0ead5a8e320d55dbe92360aef3ac5d13513ee2c05e97d615ebd9a,0,88,"[""C"", ""C"", ""N"", ""C"", ""H"", ""H"", ""H"", ""H"", ""H"", ""H"", ""H"", ""C"", ""C"", ""N"", ""C"", ""H"", ""H"", ""H"", ""H"", ""H"", ""H"", ""H"", ""C"", ""C"", ""N"", ""C"", ""H"", ""H"", ""H"", ""H"", ""H"", ""H"", ""H"", ""C"", ""C"", ""N"", ""C"", ""H"", ""H"", ""H"", ""H"", ""H"", ""H"", ""H"", ""C"", ""C"", ""N"", ""C"", ""H"", ""H"", ""H"", ""H"", ""H"", ""H"", ""H"", ""C"", ""C"", ""N"", ""C"", ""H"", ""H"", ""H"", ""H"", ""H"", ""H"", ""H"", ""C"", ""C"", ""N"", ""C"", ""H"", ""H"", ""H"", ""H"", ""H"", ""H"", ""H"", ""C"", ""C"", ""N"", ""C"", ""H"", ""H"", ""H"", ""H"", ""H"", ""H"", ""H""]",C24H56N8,"[true, true, true]","[11.940704115927005, 0.0, 0.0, 0.0, 13.745300783461246, 0.0, 0.6681608971148689, 0.0, 13.000250044069087]",2133.712444691901,[],"{""cutoff=6.000_skin=0.000"": 2780, ""cutoff=6.000_skin=0.500"": 3788}",0.0,,
OPT-RFT-XATMOV88-R512-v1,fae3cd510f7c1880e11bf0b677e0d7ad0094c8e909e2ee11e6410c35bd33254a,OPT-RFT-XATMOV88-R512-v1:0102,XATMOV_C2_14_1732_z2_22,39b7b36a48b0d0563f9fcc23b353dbf2993382fb4b1de8ed8e9986b5f73ffcfe,102,cross_family_test_set,XATMOV/structures/XATMOV_C2_14_1732_z2_22.cif,165a9d2050edd47789e75b2720fea9072a94b3569f8e4df8ad536a0520f405f8,39b7b36a48b0d0563f9fcc23b353dbf2993382fb4b1de8ed8e9986b5f73ffcfe,0,88,"[""C"", ""C"", ""N"", ""C"", ""H"", ""H"", ""H"", ""H"", ""H"", ""H"", ""H"", ""C"", ""C"", ""N"", ""C"", ""H"", ""H"", ""H"", ""H"", ""H"", ""H"", ""H"", ""C"", ""C"", ""N"", ""C"", ""H"", ""H"", ""H"", ""H"", ""H"", ""H"", ""H"", ""C"", ""C"", ""N"", ""C"", ""H"", ""H"", ""H"", ""H"", ""H"", ""H"", ""H"", ""C"", ""C"", ""N"", ""C"", ""H"", ""H"", ""H"", ""H"", ""H"", ""H"", ""H"", ""C"", ""C"", ""N"", ""C"", ""H"", ""H"", ""H"", ""H"", ""H"", ""H"", ""H"", ""C"", ""C"", ""N"", ""C"", ""H"", ""H"", ""H"", ""H"", ""H"", ""H"", ""H"", ""C"", ""C"", ""N"", ""C"", ""H"", ""H"", ""H"", ""H"", ""H"", ""H"", ""H""]",C24H56N8,"[true, true, true]","[13.495101222925008, 0.0, 0.0, 0.0, 13.624477873988496, 0.0, 1.2800713360791924, 0.0, 13.793424773488296]",2536.1102251343746,[],"{""cutoff=6.000_skin=0.000"": 2784, ""cutoff=6.000_skin=0.500"": 3356}",0.0,,
OPT-RFT-XATMOV88-R512-v1,fae3cd510f7c1880e11bf0b677e0d7ad0094c8e909e2ee11e6410c35bd33254a,OPT-RFT-XATMOV88-R512-v1:0103,XATMOV_C1_14_4404_z2_22,a05adee567775de2aa76748f9568a316d6e9463e0293f886c0c9e19399d2a9e6,103,cross_family_test_set,XATMOV/structures/XATMOV_C1_14_4404_z2_22.cif,c103b974456ce6da18f1c3a029f8a747000e478a7ee37b79e3bd78d575fd0c8f,a05adee567775de2aa76748f9568a316d6e9463e0293f886c0c9e19399d2a9e6,0,88,"[""C"", ""C"", ""N"", ""C"", ""H"", ""H"", ""H"", ""H"", ""H"", ""H"", ""H"", ""C"", ""C"", ""N"", ""C"", ""H"", ""H"", ""H"", ""H"", ""H"", ""H"", ""H"", ""C"", ""C"", ""N"", ""C"", ""H"", ""H"", ""H"", ""H"", ""H"", ""H"", ""H"", ""C"", ""C"", ""N"", ""C"", ""H"", ""H"", ""H"", ""H"", ""H"", ""H"", ""H"", ""C"", ""C"", ""N"", ""C"", ""H"", ""H"", ""H"", ""H"", ""H"", ""H"", ""H"", ""C"", ""C"", ""N"", ""C"", ""H"", ""H"", ""H"", ""H"", ""H"", ""H"", ""H"", ""C"", ""C"", ""N"", ""C"", ""H"", ""H"", ""H"", ""H"", ""H"", ""H"", ""H"", ""C"", ""C"", ""N"", ""C"", ""H"", ""H"", ""H"", ""H"", ""H"", ""H"", ""H""]",C24H56N8,"[true, true, true]","[14.192777509773784, 0.0, 0.0, 0.0, 12.938934471049024, 0.0, 2.8712645611758894, 0.0, 11.655081287943812]",2140.332346338808,[],"{""cutoff=6.000_skin=0.000"": 2792, ""cutoff=6.000_skin=0.500"": 3680}",0.0,,
OPT-RFT-XATMOV88-R512-v1,fae3cd510f7c1880e11bf0b677e0d7ad0094c8e909e2ee11e6410c35bd33254a,OPT-RFT-XATMOV88-R512-v1:0104,XATMOV_C1_14_1032_z2_22,9e48aaa9a076e66e574f83e1e78ec9e9429ae6ecb1e25a868dea2d29be8b6521,104,cross_family_test_set,XATMOV/structures/XATMOV_C1_14_1032_z2_22.cif,1cf57b916300281249f5ffda5d2f3405e15444134f505bb8fe11892fb4a06773,9e48aaa9a076e66e574f83e1e78ec9e9429ae6ecb1e25a868dea2d29be8b6521,0,88,"[""C"", ""C"", ""N"", ""C"", ""H"", ""H"", ""H"", ""H"", ""H"", ""H"", ""H"", ""C"", ""C"", ""N"", ""C"", ""H"", ""H"", ""H"", ""H"", ""H"", ""H"", ""H"", ""C"", ""C"", ""N"", ""C"", ""H"", ""H"", ""H"", ""H"", ""H"", ""H"", ""H"", ""C"", ""C"", ""N"", ""C"", ""H"", ""H"", ""H"", ""H"", ""H"", ""H"", ""H"", ""C"", ""C"", ""N"", ""C"", ""H"", ""H"", ""H"", ""H"", ""H"", ""H"", ""H"", ""C"", ""C"", ""N"", ""C"", ""H"", ""H"", ""H"", ""H"", ""H"", ""H"", ""H"", ""C"", ""C"", ""N"", ""C"", ""H"", ""H"", ""H"", ""H"", ""H"", ""H"", ""H"", ""C"", ""C"", ""N"", ""C"", ""H"", ""H"", ""H"", ""H"", ""H"", ""H"", ""H""]",C24H56N8,"[true, true, true]","[11.017877653741976, 0.0, 0.0, 0.0, 18.474838185459184, 0.0, -1.1160931433546566, 0.0, 11.843353406698036]",2410.7561182059376,[],"{""cutoff=6.000_skin=0.000"": 2796, ""cutoff=6.000_skin=0.500"": 3552}",0.0,,
OPT-RFT-XATMOV88-R512-v1,fae3cd510f7c1880e11bf0b677e0d7ad0094c8e909e2ee11e6410c35bd33254a,OPT-RFT-XATMOV88-R512-v1:0105,XATMOV_C2_14_5240_z2_22,a43fd3b04adf6f4b5c95bf9b3f0d412327cb8718718681099bd092eb0bc62660,105,cross_family_test_set,XATMOV/structures/XATMOV_C2_14_5240_z2_22.cif,d757460df972ed3c3c37a499a1365e784c26aef4fb4ff61d5f61ec8e54e2ed16,a43fd3b04adf6f4b5c95bf9b3f0d412327cb8718718681099bd092eb0bc62660,0,88,"[""C"", ""C"", ""N"", ""C"", ""H"", ""H"", ""H"", ""H"", ""H"", ""H"", ""H"", ""C"", ""C"", ""N"", ""C"", ""H"", ""H"", ""H"", ""H"", ""H"", ""H"", ""H"", ""C"", ""C"", ""N"", ""C"", ""H"", ""H"", ""H"", ""H"", ""H"", ""H"", ""H"", ""C"", ""C"", ""N"", ""C"", ""H"", ""H"", ""H"", ""H"", ""H"", ""H"", ""H"", ""C"", ""C"", ""N"", ""C"", ""H"", ""H"", ""H"", ""H"", ""H"", ""H"", ""H"", ""C"", ""C"", ""N"", ""C"", ""H"", ""H"", ""H"", ""H"", ""H"", ""H"", ""H"", ""C"", ""C"", ""N"", ""C"", ""H"", ""H"", ""H"", ""H"", ""H"", ""H"", ""H"", ""C"", ""C"", ""N"", ""C"", ""H"", ""H"", ""H"", ""H"", ""H"", ""H"", ""H""]",C24H56N8,"[true, true, true]","[9.292869666573573, 0.0, 0.0, 0.0, 32.12426965817656, 0.0, 2.0966577452679314, 0.0, 7.645383976890032]",2282.350874744567,[],"{""cutoff=6.000_skin=0.000"": 2796, ""cutoff=6.000_skin=0.500"": 3696}",0.0,,
OPT-RFT-XATMOV88-R512-v1,fae3cd510f7c1880e11bf0b677e0d7ad0094c8e909e2ee11e6410c35bd33254a,OPT-RFT-XATMOV88-R512-v1:0106,XATMOV_C1_14_7336_z2_22,4322a36e0ba64e0db3dd0f4be248cf5fb87fa6695f5bf5c6ab14a5691f8817e8,106,cross_family_test_set,XATMOV/structures/XATMOV_C1_14_7336_z2_22.cif,6a5fc0391c77fbf1941b8342be5dd4da18cbecca65c4a918e1deb335a37ea9ae,4322a36e0ba64e0db3dd0f4be248cf5fb87fa6695f5bf5c6ab14a5691f8817e8,0,88,"[""C"", ""C"", ""N"", ""C"", ""H"", ""H"", ""H"", ""H"", ""H"", ""H"", ""H"", ""C"", ""C"", ""N"", ""C"", ""H"", ""H"", ""H"", ""H"", ""H"", ""H"", ""H"", ""C"", ""C"", ""N"", ""C"", ""H"", ""H"", ""H"", ""H"", ""H"", ""H"", ""H"", ""C"", ""C"", ""N"", ""C"", ""H"", ""H"", ""H"", ""H"", ""H"", ""H"", ""H"", ""C"", ""C"", ""N"", ""C"", ""H"", ""H"", ""H"", ""H"", ""H"", ""H"", ""H"", ""C"", ""C"", ""N"", ""C"", ""H"", ""H"", ""H"", ""H"", ""H"", ""H"", ""H"", ""C"", ""C"", ""N"", ""C"", ""H"", ""H"", ""H"", ""H"", ""H"", ""H"", ""H"", ""C"", ""C"", ""N"", ""C"", ""H"", ""H"", ""H"", ""H"", ""H"", ""H"", ""H""]",C24H56N8,"[true, true, true]","[10.03863103537303, 0.0, 0.0, 0.0, 15.184735007092286, 0.0, -5.2807769719507185, 0.0, 14.131538252205834]",2154.1262251224334,[],"{""cutoff=6.000_skin=0.000"": 2808, ""cutoff=6.000_skin=0.500"": 3648}",0.0,,
OPT-RFT-XATMOV88-R512-v1,fae3cd510f7c1880e11bf0b677e0d7ad0094c8e909e2ee11e6410c35bd33254a,OPT-RFT-XATMOV88-R512-v1:0107,XATMOV_C2_14_4059_z2_22,3474d339b1b9bd3806c9664a5fa81ccde2852b2ddee0e0d6fd5d0f4601693252,107,cross_family_test_set,XATMOV/structures/XATMOV_C2_14_4059_z2_22.cif,eef0960f9cdbae0796d4da101759b77c9140886620917c606713a1416d8c62b7,3474d339b1b9bd3806c9664a5fa81ccde2852b2ddee0e0d6fd5d0f4601693252,0,88,"[""C"", ""C"", ""N"", ""C"", ""H"", ""H"", ""H"", ""H"", ""H"", ""H"", ""H"", ""C"", ""C"", ""N"", ""C"", ""H"", ""H"", ""H"", ""H"", ""H"", ""H"", ""H"", ""C"", ""C"", ""N"", ""C"", ""H"", ""H"", ""H"", ""H"", ""H"", ""H"", ""H"", ""C"", ""C"", ""N"", ""C"", ""H"", ""H"", ""H"", ""H"", ""H"", ""H"", ""H"", ""C"", ""C"", ""N"", ""C"", ""H"", ""H"", ""H"", ""H"", ""H"", ""H"", ""H"", ""C"", ""C"", ""N"", ""C"", ""H"", ""H"", ""H"", ""H"", ""H"", ""H"", ""H"", ""C"", ""C"", ""N"", ""C"", ""H"", ""H"", ""H"", ""H"", ""H"", ""H"", ""H"", ""C"", ""C"", ""N"", ""C"", ""H"", ""H"", ""H"", ""H"", ""H"", ""H"", ""H""]",C24H56N8,"[true, true, true]","[13.783393367439643, 0.0, 0.0, 0.0, 13.034230340671392, 0.0, -7.237406666571308, 0.0, 12.222044271605373]",2195.762657117716,[],"{""cutoff=6.000_skin=0.000"": 2812, ""cutoff=6.000_skin=0.500"": 3668}",0.0,,
OPT-RFT-XATMOV88-R512-v1,fae3cd510f7c1880e11bf0b677e0d7ad0094c8e909e2ee11e6410c35bd33254a,OPT-RFT-XATMOV88-R512-v1:0108,XATMOV_C2_14_6430_z2_22,9dd21ddaf7f553a5fb9d3cfacff744e182eba1c9ced32cc3e8ef035a3027d4ae,108,cross_family_test_set,XATMOV/structures/XATMOV_C2_14_6430_z2_22.cif,6bfef75cb87c8b6bb3f650439c6ead34a05464e68599363fbf08868d3ae5ff04,9dd21ddaf7f553a5fb9d3cfacff744e182eba1c9ced32cc3e8ef035a3027d4ae,0,88,"[""C"", ""C"", ""N"", ""C"", ""H"", ""H"", ""H"", ""H"", ""H"", ""H"", ""H"", ""C"", ""C"", ""N"", ""C"", ""H"", ""H"", ""H"", ""H"", ""H"", ""H"", ""H"", ""C"", ""C"", ""N"", ""C"", ""H"", ""H"", ""H"", ""H"", ""H"", ""H"", ""H"", ""C"", ""C"", ""N"", ""C"", ""H"", ""H"", ""H"", ""H"", ""H"", ""H"", ""H"", ""C"", ""C"", ""N"", ""C"", ""H"", ""H"", ""H"", ""H"", ""H"", ""H"", ""H"", ""C"", ""C"", ""N"", ""C"", ""H"", ""H"", ""H"", ""H"", ""H"", ""H"", ""H"", ""C"", ""C"", ""N"", ""C"", ""H"", ""H"", ""H"", ""H"", ""H"", ""H"", ""H"", ""C"", ""C"", ""N"", ""C"", ""H"", ""H"", ""H"", ""H"", ""H"", ""H"", ""H""]",C24H56N8,"[true, true, true]","[13.855794343055564, 0.0, 0.0, 0.0, 13.584117238258358, 0.0, -4.194967095447772, 0.0, 11.683767292639095]",2199.103897345978,[],"{""cutoff=6.000_skin=0.000"": 2816, ""cutoff=6.000_skin=0.500"": 3524}",0.0,,
OPT-RFT-XATMOV88-R512-v1,fae3cd510f7c1880e11bf0b677e0d7ad0094c8e909e2ee11e6410c35bd33254a,OPT-RFT-XATMOV88-R512-v1:0109,XATMOV_C1_14_2595_z2_22,2a1b7a52cc5f20dca34eb963da11f78653ce8eb4db30de59f935998f6606badb,109,cross_family_test_set,XATMOV/structures/XATMOV_C1_14_2595_z2_22.cif,38e4ff1b683739984c75b6a44cd19ce5a6e488d42d73408ad5b447a38f21fe3b,2a1b7a52cc5f20dca34eb963da11f78653ce8eb4db30de59f935998f6606badb,0,88,"[""C"", ""C"", ""N"", ""C"", ""H"", ""H"", ""H"", ""H"", ""H"", ""H"", ""H"", ""C"", ""C"", ""N"", ""C"", ""H"", ""H"", ""H"", ""H"", ""H"", ""H"", ""H"", ""C"", ""C"", ""N"", ""C"", ""H"", ""H"", ""H"", ""H"", ""H"", ""H"", ""H"", ""C"", ""C"", ""N"", ""C"", ""H"", ""H"", ""H"", ""H"", ""H"", ""H"", ""H"", ""C"", ""C"", ""N"", ""C"", ""H"", ""H"", ""H"", ""H"", ""H"", ""H"", ""H"", ""C"", ""C"", ""N"", ""C"", ""H"", ""H"", ""H"", ""H"", ""H"", ""H"", ""H"", ""C"", ""C"", ""N"", ""C"", ""H"", ""H"", ""H"", ""H"", ""H"", ""H"", ""H"", ""C"", ""C"", ""N"", ""C"", ""H"", ""H"", ""H"", ""H"", ""H"", ""H"", ""H""]",C24H56N8,"[true, true, true]","[5.871780417980931, 0.0, 0.0, 0.0, 20.641780420265444, 0.0, 2.474952227508398, 0.0, 19.642905431761793]",2380.798750493759,[],"{""cutoff=6.000_skin=0.000"": 2824, ""cutoff=6.000_skin=0.500"": 3692}",0.0,,
OPT-RFT-XATMOV88-R512-v1,fae3cd510f7c1880e11bf0b677e0d7ad0094c8e909e2ee11e6410c35bd33254a,OPT-RFT-XATMOV88-R512-v1:0110,XATMOV_C1_14_5921_z2_22,bedc5272f7a305457f0c007570e5bee3210cf1e3751f93fb18a1730afb8fb280,110,cross_family_test_set,XATMOV/structures/XATMOV_C1_14_5921_z2_22.cif,80fd25e4722a487f3b0d0aac3e1984d672b859ccd04c8a32299634bb3ef1d554,bedc5272f7a305457f0c007570e5bee3210cf1e3751f93fb18a1730afb8fb280,0,88,"[""C"", ""C"", ""N"", ""C"", ""H"", ""H"", ""H"", ""H"", ""H"", ""H"", ""H"", ""C"", ""C"", ""N"", ""C"", ""H"", ""H"", ""H"", ""H"", ""H"", ""H"", ""H"", ""C"", ""C"", ""N"", ""C"", ""H"", ""H"", ""H"", ""H"", ""H"", ""H"", ""H"", ""C"", ""C"", ""N"", ""C"", ""H"", ""H"", ""H"", ""H"", ""H"", ""H"", ""H"", ""C"", ""C"", ""N"", ""C"", ""H"", ""H"", ""H"", ""H"", ""H"", ""H"", ""H"", ""C"", ""C"", ""N"", ""C"", ""H"", ""H"", ""H"", ""H"", ""H"", ""H"", ""H"", ""C"", ""C"", ""N"", ""C"", ""H"", ""H"", ""H"", ""H"", ""H"", ""H"", ""H"", ""C"", ""C"", ""N"", ""C"", ""H"", ""H"", ""H"", ""H"", ""H"", ""H"", ""H""]",C24H56N8,"[true, true, true]","[16.212110942984197, 0.0, 0.0, 0.0, 15.540610676350191, 0.0, -2.802491523645022, 0.0, 9.912032568900566]",2497.2979924869705,[],"{""cutoff=6.000_skin=0.000"": 2832, ""cutoff=6.000_skin=0.500"": 3348}",0.0,,
OPT-RFT-XATMOV88-R512-v1,fae3cd510f7c1880e11bf0b677e0d7ad0094c8e909e2ee11e6410c35bd33254a,OPT-RFT-XATMOV88-R512-v1:0111,XATMOV_C2_14_2146_z2_22,107d814c03611a3d94bda672b70b8111e1b23b52ff54be1da076158aee36f5b8,111,cross_family_test_set,XATMOV/structures/XATMOV_C2_14_2146_z2_22.cif,c7b9ffa4e6034f5677d3ae370a89860ff36fe53eb56bae76bc80815c054ef11b,107d814c03611a3d94bda672b70b8111e1b23b52ff54be1da076158aee36f5b8,0,88,"[""C"", ""C"", ""N"", ""C"", ""H"", ""H"", ""H"", ""H"", ""H"", ""H"", ""H"", ""C"", ""C"", ""N"", ""C"", ""H"", ""H"", ""H"", ""H"", ""H"", ""H"", ""H"", ""C"", ""C"", ""N"", ""C"", ""H"", ""H"", ""H"", ""H"", ""H"", ""H"", ""H"", ""C"", ""C"", ""N"", ""C"", ""H"", ""H"", ""H"", ""H"", ""H"", ""H"", ""H"", ""C"", ""C"", ""N"", ""C"", ""H"", ""H"", ""H"", ""H"", ""H"", ""H"", ""H"", ""C"", ""C"", ""N"", ""C"", ""H"", ""H"", ""H"", ""H"", ""H"", ""H"", ""H"", ""C"", ""C"", ""N"", ""C"", ""H"", ""H"", ""H"", ""H"", ""H"", ""H"", ""H"", ""C"", ""C"", ""N"", ""C"", ""H"", ""H"", ""H"", ""H"", ""H"", ""H"", ""H""]",C24H56N8,"[true, true, true]","[13.619158936952601, 0.0, 0.0, 0.0, 13.399682568401637, 0.0, 3.601802735077258, 0.0, 13.327754009968235]",2432.2139039022177,[],"{""cutoff=6.000_skin=0.000"": 2836, ""cutoff=6.000_skin=0.500"": 3400}",0.0,,
OPT-RFT-XATMOV88-R512-v1,fae3cd510f7c1880e11bf0b677e0d7ad0094c8e909e2ee11e6410c35bd33254a,OPT-RFT-XATMOV88-R512-v1:0112,XATMOV_C2_14_2025_z2_22,10b796780b3bd9d686db79269f272a1e9e61cd97104ee3cd6d684a7acd7f1a40,112,cross_family_test_set,XATMOV/structures/XATMOV_C2_14_2025_z2_22.cif,993c4120f68b234a4fd429f766e1d5964a93f6bd181ceaf313b2b78c41963237,10b796780b3bd9d686db79269f272a1e9e61cd97104ee3cd6d684a7acd7f1a40,0,88,"[""C"", ""C"", ""N"", ""C"", ""H"", ""H"", ""H"", ""H"", ""H"", ""H"", ""H"", ""C"", ""C"", ""N"", ""C"", ""H"", ""H"", ""H"", ""H"", ""H"", ""H"", ""H"", ""C"", ""C"", ""N"", ""C"", ""H"", ""H"", ""H"", ""H"", ""H"", ""H"", ""H"", ""C"", ""C"", ""N"", ""C"", ""H"", ""H"", ""H"", ""H"", ""H"", ""H"", ""H"", ""C"", ""C"", ""N"", ""C"", ""H"", ""H"", ""H"", ""H"", ""H"", ""H"", ""H"", ""C"", ""C"", ""N"", ""C"", ""H"", ""H"", ""H"", ""H"", ""H"", ""H"", ""H"", ""C"", ""C"", ""N"", ""C"", ""H"", ""H"", ""H"", ""H"", ""H"", ""H"", ""H"", ""C"", ""C"", ""N"", ""C"", ""H"", ""H"", ""H"", ""H"", ""H"", ""H"", ""H""]",C24H56N8,"[true, true, true]","[12.851591433744076, 0.0, 0.0, 0.0, 14.575108324492724, 0.0, -7.2671277523089, 0.0, 12.313188541721486]",2306.424438417821,[],"{""cutoff=6.000_skin=0.000"": 2840, ""cutoff=6.000_skin=0.500"": 3504}",0.0,,
OPT-RFT-XATMOV88-R512-v1,fae3cd510f7c1880e11bf0b677e0d7ad0094c8e909e2ee11e6410c35bd33254a,OPT-RFT-XATMOV88-R512-v1:0113,XATMOV_C1_14_5942_z2_22,29433147fca68fd6cf0ac9989a1cb2ce547aa5f572e89161c6527c353b118ed6,113,cross_family_test_set,XATMOV/structures/XATMOV_C1_14_5942_z2_22.cif,527ef3406308c94c800593df45fe28961a09303f29769941ebc3000b09c3f30b,29433147fca68fd6cf0ac9989a1cb2ce547aa5f572e89161c6527c353b118ed6,0,88,"[""C"", ""C"", ""N"", ""C"", ""H"", ""H"", ""H"", ""H"", ""H"", ""H"", ""H"", ""C"", ""C"", ""N"", ""C"", ""H"", ""H"", ""H"", ""H"", ""H"", ""H"", ""H"", ""C"", ""C"", ""N"", ""C"", ""H"", ""H"", ""H"", ""H"", ""H"", ""H"", ""H"", ""C"", ""C"", ""N"", ""C"", ""H"", ""H"", ""H"", ""H"", ""H"", ""H"", ""H"", ""C"", ""C"", ""N"", ""C"", ""H"", ""H"", ""H"", ""H"", ""H"", ""H"", ""H"", ""C"", ""C"", ""N"", ""C"", ""H"", ""H"", ""H"", ""H"", ""H"", ""H"", ""H"", ""C"", ""C"", ""N"", ""C"", ""H"", ""H"", ""H"", ""H"", ""H"", ""H"", ""H"", ""C"", ""C"", ""N"", ""C"", ""H"", ""H"", ""H"", ""H"", ""H"", ""H"", ""H""]",C24H56N8,"[true, true, true]","[7.87383845641066, 0.0, 0.0, 0.0, 15.922257328886808, 0.0, 6.368882631816097, 0.0, 19.356530231907715]",2426.7142985222386,[],"{""cutoff=6.000_skin=0.000"": 2844, ""cutoff=6.000_skin=0.500"": 3692}",0.0,,
OPT-RFT-XATMOV88-R512-v1,fae3cd510f7c1880e11bf0b677e0d7ad0094c8e909e2ee11e6410c35bd33254a,OPT-RFT-XATMOV88-R512-v1:0114,XATMOV_C1_14_6854_z2_22,ec2cd425b561b8af57504b9182efd7e91cb1b56ab7d8cf2d5708c007691ab574,114,cross_family_test_set,XATMOV/structures/XATMOV_C1_14_6854_z2_22.cif,484a6210707daf71d94290542a33d902e39e8384c563f5a959a01ea43f491df7,ec2cd425b561b8af57504b9182efd7e91cb1b56ab7d8cf2d5708c007691ab574,0,88,"[""C"", ""C"", ""N"", ""C"", ""H"", ""H"", ""H"", ""H"", ""H"", ""H"", ""H"", ""C"", ""C"", ""N"", ""C"", ""H"", ""H"", ""H"", ""H"", ""H"", ""H"", ""H"", ""C"", ""C"", ""N"", ""C"", ""H"", ""H"", ""H"", ""H"", ""H"", ""H"", ""H"", ""C"", ""C"", ""N"", ""C"", ""H"", ""H"", ""H"", ""H"", ""H"", ""H"", ""H"", ""C"", ""C"", ""N"", ""C"", ""H"", ""H"", ""H"", ""H"", ""H"", ""H"", ""H"", ""C"", ""C"", ""N"", ""C"", ""H"", ""H"", ""H"", ""H"", ""H"", ""H"", ""H"", ""C"", ""C"", ""N"", ""C"", ""H"", ""H"", ""H"", ""H"", ""H"", ""H"", ""H"", ""C"", ""C"", ""N"", ""C"", ""H"", ""H"", ""H"", ""H"", ""H"", ""H"", ""H""]",C24H56N8,"[true, true, true]","[21.34409583841721, 0.0, 0.0, 0.0, 5.944084291587657, 0.0, -10.692005561191472, 0.0, 17.521784728630468]",2223.0081864362774,[],"{""cutoff=6.000_skin=0.000"": 2848, ""cutoff=6.000_skin=0.500"": 3592}",0.0,,
OPT-RFT-XATMOV88-R512-v1,fae3cd510f7c1880e11bf0b677e0d7ad0094c8e909e2ee11e6410c35bd33254a,OPT-RFT-XATMOV88-R512-v1:0115,XATMOV_C2_14_4839_z2_22,7b9d07401c0bb6f3362dafaa0586f7c4a69e2b9451fddbaa3bd65ceb7430380f,115,cross_family_test_set,XATMOV/structures/XATMOV_C2_14_4839_z2_22.cif,cecd8078c7b4b2b480a56fb572b014a1b80e3d7bca61b580218d77496d31e109,7b9d07401c0bb6f3362dafaa0586f7c4a69e2b9451fddbaa3bd65ceb7430380f,0,88,"[""C"", ""C"", ""N"", ""C"", ""H"", ""H"", ""H"", ""H"", ""H"", ""H"", ""H"", ""C"", ""C"", ""N"", ""C"", ""H"", ""H"", ""H"", ""H"", ""H"", ""H"", ""H"", ""C"", ""C"", ""N"", ""C"", ""H"", ""H"", ""H"", ""H"", ""H"", ""H"", ""H"", ""C"", ""C"", ""N"", ""C"", ""H"", ""H"", ""H"", ""H"", ""H"", ""H"", ""H"", ""C"", ""C"", ""N"", ""C"", ""H"", ""H"", ""H"", ""H"", ""H"", ""H"", ""H"", ""C"", ""C"", ""N"", ""C"", ""H"", ""H"", ""H"", ""H"", ""H"", ""H"", ""H"", ""C"", ""C"", ""N"", ""C"", ""H"", ""H"", ""H"", ""H"", ""H"", ""H"", ""H"", ""C"", ""C"", ""N"", ""C"", ""H"", ""H"", ""H"", ""H"", ""H"", ""H"", ""H""]",C24H56N8,"[true, true, true]","[15.515453872005025, 0.0, 0.0, 0.0, 13.807777836733493, 0.0, 7.152211912156293, 0.0, 10.589046510422225]",2268.53315583766,[],"{""cutoff=6.000_skin=0.000"": 2848, ""cutoff=6.000_skin=0.500"": 3680}",0.0,,
OPT-RFT-XATMOV88-R512-v1,fae3cd510f7c1880e11bf0b677e0d7ad0094c8e909e2ee11e6410c35bd33254a,OPT-RFT-XATMOV88-R512-v1:0116,XATMOV_C1_14_2723_z2_22,fb75a7d83a860909d09b39dd01c2a507f3aeac442116efa8a4946c2eb5cd78a3,116,cross_family_test_set,XATMOV/structures/XATMOV_C1_14_2723_z2_22.cif,87650e602cdc5ac8b0efb54acef6c6570cba9459992d44e880257a24f0784676,fb75a7d83a860909d09b39dd01c2a507f3aeac442116efa8a4946c2eb5cd78a3,0,88,"[""C"", ""C"", ""N"", ""C"", ""H"", ""H"", ""H"", ""H"", ""H"", ""H"", ""H"", ""C"", ""C"", ""N"", ""C"", ""H"", ""H"", ""H"", ""H"", ""H"", ""H"", ""H"", ""C"", ""C"", ""N"", ""C"", ""H"", ""H"", ""H"", ""H"", ""H"", ""H"", ""H"", ""C"", ""C"", ""N"", ""C"", ""H"", ""H"", ""H"", ""H"", ""H"", ""H"", ""H"", ""C"", ""C"", ""N"", ""C"", ""H"", ""H"", ""H"", ""H"", ""H"", ""H"", ""H"", ""C"", ""C"", ""N"", ""C"", ""H"", ""H"", ""H"", ""H"", ""H"", ""H"", ""H"", ""C"", ""C"", ""N"", ""C"", ""H"", ""H"", ""H"", ""H"", ""H"", ""H"", ""H"", ""C"", ""C"", ""N"", ""C"", ""H"", ""H"", ""H"", ""H"", ""H"", ""H"", ""H""]",C24H56N8,"[true, true, true]","[15.024634849075994, 0.0, 0.0, 0.0, 13.263367303738821, 0.0, -0.44039461306251876, 0.0, 10.80141961518941]",2152.477203576639,[],"{""cutoff=6.000_skin=0.000"": 2856, ""cutoff=6.000_skin=0.500"": 3752}",0.0,,
OPT-RFT-XATMOV88-R512-v1,fae3cd510f7c1880e11bf0b677e0d7ad0094c8e909e2ee11e6410c35bd33254a,OPT-RFT-XATMOV88-R512-v1:0117,XATMOV_C2_14_6631_z2_22,dbeeb11fc0cd9ed94c45c9492c0e84fd01cb8701c9a3e465509cdeb9cb69da3a,117,cross_family_test_set,XATMOV/structures/XATMOV_C2_14_6631_z2_22.cif,f1af1e08884c7dba559708dcaefc8cc9eae12940057acd63f648ea3e677158ea,dbeeb11fc0cd9ed94c45c9492c0e84fd01cb8701c9a3e465509cdeb9cb69da3a,0,88,"[""C"", ""C"", ""N"", ""C"", ""H"", ""H"", ""H"", ""H"", ""H"", ""H"", ""H"", ""C"", ""C"", ""N"", ""C"", ""H"", ""H"", ""H"", ""H"", ""H"", ""H"", ""H"", ""C"", ""C"", ""N"", ""C"", ""H"", ""H"", ""H"", ""H"", ""H"", ""H"", ""H"", ""C"", ""C"", ""N"", ""C"", ""H"", ""H"", ""H"", ""H"", ""H"", ""H"", ""H"", ""C"", ""C"", ""N"", ""C"", ""H"", ""H"", ""H"", ""H"", ""H"", ""H"", ""H"", ""C"", ""C"", ""N"", ""C"", ""H"", ""H"", ""H"", ""H"", ""H"", ""H"", ""H"", ""C"", ""C"", ""N"", ""C"", ""H"", ""H"", ""H"", ""H"", ""H"", ""H"", ""H"", ""C"", ""C"", ""N"", ""C"", ""H"", ""H"", ""H"", ""H"", ""H"", ""H"", ""H""]",C24H56N8,"[true, true, true]","[13.178565476899337, 0.0, 0.0, 0.0, 13.10943240518494, 0.0, 5.407000673137876, 0.0, 12.079367248502312]",2086.873924494128,[],"{""cutoff=6.000_skin=0.000"": 2860, ""cutoff=6.000_skin=0.500"": 3780}",0.0,,
OPT-RFT-XATMOV88-R512-v1,fae3cd510f7c1880e11bf0b677e0d7ad0094c8e909e2ee11e6410c35bd33254a,OPT-RFT-XATMOV88-R512-v1:0118,XATMOV_C2_14_6906_z2_22,92dbb92e2279132cdf7373eda2eb28db80587ec0c5ff1c3cf05b5cef3f41e6ab,118,cross_family_test_set,XATMOV/structures/XATMOV_C2_14_6906_z2_22.cif,9435d4e3b111d42c59c3fc6128fc52e707d8efee4457283277d04164d5dd169e,92dbb92e2279132cdf7373eda2eb28db80587ec0c5ff1c3cf05b5cef3f41e6ab,0,88,"[""C"", ""C"", ""N"", ""C"", ""H"", ""H"", ""H"", ""H"", ""H"", ""H"", ""H"", ""C"", ""C"", ""N"", ""C"", ""H"", ""H"", ""H"", ""H"", ""H"", ""H"", ""H"", ""C"", ""C"", ""N"", ""C"", ""H"", ""H"", ""H"", ""H"", ""H"", ""H"", ""H"", ""C"", ""C"", ""N"", ""C"", ""H"", ""H"", ""H"", ""H"", ""H"", ""H"", ""H"", ""C"", ""C"", ""N"", ""C"", ""H"", ""H"", ""H"", ""H"", ""H"", ""H"", ""H"", ""C"", ""C"", ""N"", ""C"", ""H"", ""H"", ""H"", ""H"", ""H"", ""H"", ""H"", ""C"", ""C"", ""N"", ""C"", ""H"", ""H"", ""H"", ""H"", ""H"", ""H"", ""H"", ""C"", ""C"", ""N"", ""C"", ""H"", ""H"", ""H"", ""H"", ""H"", ""H"", ""H""]",C24H56N8,"[true, true, true]","[15.030777433322164, 0.0, 0.0, 0.0, 12.138370257646734, 0.0, 4.396408295921809, 0.0, 12.251288798670858]",2235.2371265992138,[],"{""cutoff=6.000_skin=0.000"": 2868, ""cutoff=6.000_skin=0.500"": 3872}",0.0,,
OPT-RFT-XATMOV88-R512-v1,fae3cd510f7c1880e11bf0b677e0d7ad0094c8e909e2ee11e6410c35bd33254a,OPT-RFT-XATMOV88-R512-v1:0119,XATMOV_C1_14_4592_z2_22,a776c90e47ec47cd5f6479718d9dbdb296e4e3ed12b3b6ce0df50eacef289b52,119,cross_family_test_set,XATMOV/structures/XATMOV_C1_14_4592_z2_22.cif,449fc31613764963944cae27b0dcdba73d8c50369dbb44448b512ee8dac43b1f,a776c90e47ec47cd5f6479718d9dbdb296e4e3ed12b3b6ce0df50eacef289b52,0,88,"[""C"", ""C"", ""N"", ""C"", ""H"", ""H"", ""H"", ""H"", ""H"", ""H"", ""H"", ""C"", ""C"", ""N"", ""C"", ""H"", ""H"", ""H"", ""H"", ""H"", ""H"", ""H"", ""C"", ""C"", ""N"", ""C"", ""H"", ""H"", ""H"", ""H"", ""H"", ""H"", ""H"", ""C"", ""C"", ""N"", ""C"", ""H"", ""H"", ""H"", ""H"", ""H"", ""H"", ""H"", ""C"", ""C"", ""N"", ""C"", ""H"", ""H"", ""H"", ""H"", ""H"", ""H"", ""H"", ""C"", ""C"", ""N"", ""C"", ""H"", ""H"", ""H"", ""H"", ""H"", ""H"", ""H"", ""C"", ""C"", ""N"", ""C"", ""H"", ""H"", ""H"", ""H"", ""H"", ""H"", ""H"", ""C"", ""C"", ""N"", ""C"", ""H"", ""H"", ""H"", ""H"", ""H"", ""H"", ""H""]",C24H56N8,"[true, true, true]","[15.736130278914786, 0.0, 0.0, 0.0, 11.342076087589483, 0.0, -4.591688021327612, 0.0, 13.812496068280556]",2465.2596429799155,[],"{""cutoff=6.000_skin=0.000"": 2884, ""cutoff=6.000_skin=0.500"": 3628}",0.0,,
OPT-RFT-XATMOV88-R512-v1,fae3cd510f7c1880e11bf0b677e0d7ad0094c8e909e2ee11e6410c35bd33254a,OPT-RFT-XATMOV88-R512-v1:0120,XATMOV_C1_14_1842_z2_22,5bf4cb893e89b0e86733744c4b4ab657a197ba9276256eb6ac49dbe06a538fbf,120,cross_family_test_set,XATMOV/structures/XATMOV_C1_14_1842_z2_22.cif,ceef9037f7ed8507dbe97f8d5c05bd630e5b7db7d0aa36e264516bb55b5daab3,5bf4cb893e89b0e86733744c4b4ab657a197ba9276256eb6ac49dbe06a538fbf,0,88,"[""C"", ""C"", ""N"", ""C"", ""H"", ""H"", ""H"", ""H"", ""H"", ""H"", ""H"", ""C"", ""C"", ""N"", ""C"", ""H"", ""H"", ""H"", ""H"", ""H"", ""H"", ""H"", ""C"", ""C"", ""N"", ""C"", ""H"", ""H"", ""H"", ""H"", ""H"", ""H"", ""H"", ""C"", ""C"", ""N"", ""C"", ""H"", ""H"", ""H"", ""H"", ""H"", ""H"", ""H"", ""C"", ""C"", ""N"", ""C"", ""H"", ""H"", ""H"", ""H"", ""H"", ""H"", ""H"", ""C"", ""C"", ""N"", ""C"", ""H"", ""H"", ""H"", ""H"", ""H"", ""H"", ""H"", ""C"", ""C"", ""N"", ""C"", ""H"", ""H"", ""H"", ""H"", ""H"", ""H"", ""H"", ""C"", ""C"", ""N"", ""C"", ""H"", ""H"", ""H"", ""H"", ""H"", ""H"", ""H""]",C24H56N8,"[true, true, true]","[11.638466137262924, 0.0, 0.0, 0.0, 14.230758287326509, 0.0, -1.7970439775286755, 0.0, 15.07036229007926]",2496.016674413751,[],"{""cutoff=6.000_skin=0.000"": 2896, ""cutoff=6.000_skin=0.500"": 3496}",0.0,,
OPT-RFT-XATMOV88-R512-v1,fae3cd510f7c1880e11bf0b677e0d7ad0094c8e909e2ee11e6410c35bd33254a,OPT-RFT-XATMOV88-R512-v1:0121,XATMOV_C1_14_4291_z2_22,a08574687621b76ecaa1cdee007e4b98127f7b0a8255cb38f25556b808526dc5,121,cross_family_test_set,XATMOV/structures/XATMOV_C1_14_4291_z2_22.cif,4f7ad7010575cbdb5cd796f70f65b53d34dc86fde03ba55745fcbc5e7fe08341,a08574687621b76ecaa1cdee007e4b98127f7b0a8255cb38f25556b808526dc5,0,88,"[""C"", ""C"", ""N"", ""C"", ""H"", ""H"", ""H"", ""H"", ""H"", ""H"", ""H"", ""C"", ""C"", ""N"", ""C"", ""H"", ""H"", ""H"", ""H"", ""H"", ""H"", ""H"", ""C"", ""C"", ""N"", ""C"", ""H"", ""H"", ""H"", ""H"", ""H"", ""H"", ""H"", ""C"", ""C"", ""N"", ""C"", ""H"", ""H"", ""H"", ""H"", ""H"", ""H"", ""H"", ""C"", ""C"", ""N"", ""C"", ""H"", ""H"", ""H"", ""H"", ""H"", ""H"", ""H"", ""C"", ""C"", ""N"", ""C"", ""H"", ""H"", ""H"", ""H"", ""H"", ""H"", ""H"", ""C"", ""C"", ""N"", ""C"", ""H"", ""H"", ""H"", ""H"", ""H"", ""H"", ""H"", ""C"", ""C"", ""N"", ""C"", ""H"", ""H"", ""H"", ""H"", ""H"", ""H"", ""H""]",C24H56N8,"[true, true, true]","[13.475021786290483, 0.0, 0.0, 0.0, 13.19988356462542, 0.0, -2.735111338512586, 0.0, 12.601825933847225]",2241.4706309974695,[],"{""cutoff=6.000_skin=0.000"": 2904, ""cutoff=6.000_skin=0.500"": 3820}",0.0,,
OPT-RFT-XATMOV88-R512-v1,fae3cd510f7c1880e11bf0b677e0d7ad0094c8e909e2ee11e6410c35bd33254a,OPT-RFT-XATMOV88-R512-v1:0122,XATMOV_C1_14_3136_z2_22,91790e30ae55052778101d422791785ba1cc1a4ee720b40e4d43d6cdb968d8a3,122,cross_family_test_set,XATMOV/structures/XATMOV_C1_14_3136_z2_22.cif,366f1443059f325cf0e237b6c88bd05eab2cf9dec909fe39a89fe7c94288f44a,91790e30ae55052778101d422791785ba1cc1a4ee720b40e4d43d6cdb968d8a3,0,88,"[""C"", ""C"", ""N"", ""C"", ""H"", ""H"", ""H"", ""H"", ""H"", ""H"", ""H"", ""C"", ""C"", ""N"", ""C"", ""H"", ""H"", ""H"", ""H"", ""H"", ""H"", ""H"", ""C"", ""C"", ""N"", ""C"", ""H"", ""H"", ""H"", ""H"", ""H"", ""H"", ""H"", ""C"", ""C"", ""N"", ""C"", ""H"", ""H"", ""H"", ""H"", ""H"", ""H"", ""H"", ""C"", ""C"", ""N"", ""C"", ""H"", ""H"", ""H"", ""H"", ""H"", ""H"", ""H"", ""C"", ""C"", ""N"", ""C"", ""H"", ""H"", ""H"", ""H"", ""H"", ""H"", ""H"", ""C"", ""C"", ""N"", ""C"", ""H"", ""H"", ""H"", ""H"", ""H"", ""H"", ""H"", ""C"", ""C"", ""N"", ""C"", ""H"", ""H"", ""H"", ""H"", ""H"", ""H"", ""H""]",C24H56N8,"[true, true, true]","[16.009893486566135, 0.0, 0.0, 0.0, 8.14436975695256, 0.0, 4.335912901004756, 0.0, 16.341958355038606]",2130.8359954521325,[],"{""cutoff=6.000_skin=0.000"": 2908, ""cutoff=6.000_skin=0.500"": 3724}",0.0,,
OPT-RFT-XATMOV88-R512-v1,fae3cd510f7c1880e11bf0b677e0d7ad0094c8e909e2ee11e6410c35bd33254a,OPT-RFT-XATMOV88-R512-v1:0123,XATMOV_C1_14_1166_z2_22,3cc0ba92d33d45605b0d711e051d00158a8c7cdd6485d75e00564ab99d83a7a6,123,cross_family_test_set,XATMOV/structures/XATMOV_C1_14_1166_z2_22.cif,8605d91389333e14a7f9d42989625177b8b1467af2299ba27b3081ba59f6c8c5,3cc0ba92d33d45605b0d711e051d00158a8c7cdd6485d75e00564ab99d83a7a6,0,88,"[""C"", ""C"", ""N"", ""C"", ""H"", ""H"", ""H"", ""H"", ""H"", ""H"", ""H"", ""C"", ""C"", ""N"", ""C"", ""H"", ""H"", ""H"", ""H"", ""H"", ""H"", ""H"", ""C"", ""C"", ""N"", ""C"", ""H"", ""H"", ""H"", ""H"", ""H"", ""H"", ""H"", ""C"", ""C"", ""N"", ""C"", ""H"", ""H"", ""H"", ""H"", ""H"", ""H"", ""H"", ""C"", ""C"", ""N"", ""C"", ""H"", ""H"", ""H"", ""H"", ""H"", ""H"", ""H"", ""C"", ""C"", ""N"", ""C"", ""H"", ""H"", ""H"", ""H"", ""H"", ""H"", ""H"", ""C"", ""C"", ""N"", ""C"", ""H"", ""H"", ""H"", ""H"", ""H"", ""H"", ""H"", ""C"", ""C"", ""N"", ""C"", ""H"", ""H"", ""H"", ""H"", ""H"", ""H"", ""H""]",C24H56N8,"[true, true, true]","[16.457672039599963, 0.0, 0.0, 0.0, 15.702558526165305, 0.0, 9.028819912550071, 0.0, 9.801507481521204]",2532.979647150145,[],"{""cutoff=6.000_skin=0.000"": 2916, ""cutoff=6.000_skin=0.500"": 3608}",0.0,,
OPT-RFT-XATMOV88-R512-v1,fae3cd510f7c1880e11bf0b677e0d7ad0094c8e909e2ee11e6410c35bd33254a,OPT-RFT-XATMOV88-R512-v1:0124,XATMOV_C1_14_5659_z2_22,fdbe1e06036fb4dde1ca782691822e382a67df251c8c3e5aaa7aa57a3fa68373,124,cross_family_test_set,XATMOV/structures/XATMOV_C1_14_5659_z2_22.cif,016ba5ec1c3a312dc007ab685696058bcbe43367df4cd692aa1c9dbf08b0de8b,fdbe1e06036fb4dde1ca782691822e382a67df251c8c3e5aaa7aa57a3fa68373,0,88,"[""C"", ""C"", ""N"", ""C"", ""H"", ""H"", ""H"", ""H"", ""H"", ""H"", ""H"", ""C"", ""C"", ""N"", ""C"", ""H"", ""H"", ""H"", ""H"", ""H"", ""H"", ""H"", ""C"", ""C"", ""N"", ""C"", ""H"", ""H"", ""H"", ""H"", ""H"", ""H"", ""H"", ""C"", ""C"", ""N"", ""C"", ""H"", ""H"", ""H"", ""H"", ""H"", ""H"", ""H"", ""C"", ""C"", ""N"", ""C"", ""H"", ""H"", ""H"", ""H"", ""H"", ""H"", ""H"", ""C"", ""C"", ""N"", ""C"", ""H"", ""H"", ""H"", ""H"", ""H"", ""H"", ""H"", ""C"", ""C"", ""N"", ""C"", ""H"", ""H"", ""H"", ""H"", ""H"", ""H"", ""H"", ""C"", ""C"", ""N"", ""C"", ""H"", ""H"", ""H"", ""H"", ""H"", ""H"", ""H""]",C24H56N8,"[true, true, true]","[10.61868785851744, 0.0, 0.0, 0.0, 9.793739590775075, 0.0, 10.864209783330361, 0.0, 19.246308768298963]",2001.551900097579,[],"{""cutoff=6.000_skin=0.000"": 2920, ""cutoff=6.000_skin=0.500"": 3792}",0.0,,
OPT-RFT-XATMOV88-R512-v1,fae3cd510f7c1880e11bf0b677e0d7ad0094c8e909e2ee11e6410c35bd33254a,OPT-RFT-XATMOV88-R512-v1:0125,XATMOV_C1_14_4124_z2_22,39a92d6dd31007a13e2444242ac099920cf247efde1f5932bb3bb864992e0e5a,125,cross_family_test_set,XATMOV/structures/XATMOV_C1_14_4124_z2_22.cif,1ad0fe9cf4845b4ffa5fef4cad7cc18954098afad5e52798ba2309df68a2a716,39a92d6dd31007a13e2444242ac099920cf247efde1f5932bb3bb864992e0e5a,0,88,"[""C"", ""C"", ""N"", ""C"", ""H"", ""H"", ""H"", ""H"", ""H"", ""H"", ""H"", ""C"", ""C"", ""N"", ""C"", ""H"", ""H"", ""H"", ""H"", ""H"", ""H"", ""H"", ""C"", ""C"", ""N"", ""C"", ""H"", ""H"", ""H"", ""H"", ""H"", ""H"", ""H"", ""C"", ""C"", ""N"", ""C"", ""H"", ""H"", ""H"", ""H"", ""H"", ""H"", ""H"", ""C"", ""C"", ""N"", ""C"", ""H"", ""H"", ""H"", ""H"", ""H"", ""H"", ""H"", ""C"", ""C"", ""N"", ""C"", ""H"", ""H"", ""H"", ""H"", ""H"", ""H"", ""H"", ""C"", ""C"", ""N"", ""C"", ""H"", ""H"", ""H"", ""H"", ""H"", ""H"", ""H"", ""C"", ""C"", ""N"", ""C"", ""H"", ""H"", ""H"", ""H"", ""H"", ""H"", ""H""]",C24H56N8,"[true, true, true]","[12.340276213782245, 0.0, 0.0, 0.0, 15.217448707366941, 0.0, -2.7244417991804846, 0.0, 12.28403154225514]",2306.7878228278405,[],"{""cutoff=6.000_skin=0.000"": 2924, ""cutoff=6.000_skin=0.500"": 3752}",0.0,,
OPT-RFT-XATMOV88-R512-v1,fae3cd510f7c1880e11bf0b677e0d7ad0094c8e909e2ee11e6410c35bd33254a,OPT-RFT-XATMOV88-R512-v1:0126,XATMOV_C1_14_4040_z2_22,5f820192e098ad0eb7bc73670c2a5f2f71e1f6c80521f490a83a59e2aece81da,126,cross_family_test_set,XATMOV/structures/XATMOV_C1_14_4040_z2_22.cif,9da51e57ed4b4c6232e86ed7f3fbeb2d1e17bc551e91171361c35e54a2ff68cc,5f820192e098ad0eb7bc73670c2a5f2f71e1f6c80521f490a83a59e2aece81da,0,88,"[""C"", ""C"", ""N"", ""C"", ""H"", ""H"", ""H"", ""H"", ""H"", ""H"", ""H"", ""C"", ""C"", ""N"", ""C"", ""H"", ""H"", ""H"", ""H"", ""H"", ""H"", ""H"", ""C"", ""C"", ""N"", ""C"", ""H"", ""H"", ""H"", ""H"", ""H"", ""H"", ""H"", ""C"", ""C"", ""N"", ""C"", ""H"", ""H"", ""H"", ""H"", ""H"", ""H"", ""H"", ""C"", ""C"", ""N"", ""C"", ""H"", ""H"", ""H"", ""H"", ""H"", ""H"", ""H"", ""C"", ""C"", ""N"", ""C"", ""H"", ""H"", ""H"", ""H"", ""H"", ""H"", ""H"", ""C"", ""C"", ""N"", ""C"", ""H"", ""H"", ""H"", ""H"", ""H"", ""H"", ""H"", ""C"", ""C"", ""N"", ""C"", ""H"", ""H"", ""H"", ""H"", ""H"", ""H"", ""H""]",C24H56N8,"[true, true, true]","[15.695621450140827, 0.0, 0.0, 0.0, 11.659985502182959, 0.0, -3.8767145694852823, 0.0, 12.731911590222536]",2330.0762887231067,[],"{""cutoff=6.000_skin=0.000"": 2928, ""cutoff=6.000_skin=0.500"": 3532}",0.0,,
OPT-RFT-XATMOV88-R512-v1,fae3cd510f7c1880e11bf0b677e0d7ad0094c8e909e2ee11e6410c35bd33254a,OPT-RFT-XATMOV88-R512-v1:0127,XATMOV_C1_14_4627_z2_22,602a5f10003770e1f37d6c367b0d0f681638a21ca820d890a27611a4e4ace469,127,cross_family_test_set,XATMOV/structures/XATMOV_C1_14_4627_z2_22.cif,1f98f7e21e3018569e4c9f7bb771c72f000b4d26b6f3173e6d8b1bbaa938c10f,602a5f10003770e1f37d6c367b0d0f681638a21ca820d890a27611a4e4ace469,0,88,"[""C"", ""C"", ""N"", ""C"", ""H"", ""H"", ""H"", ""H"", ""H"", ""H"", ""H"", ""C"", ""C"", ""N"", ""C"", ""H"", ""H"", ""H"", ""H"", ""H"", ""H"", ""H"", ""C"", ""C"", ""N"", ""C"", ""H"", ""H"", ""H"", ""H"", ""H"", ""H"", ""H"", ""C"", ""C"", ""N"", ""C"", ""H"", ""H"", ""H"", ""H"", ""H"", ""H"", ""H"", ""C"", ""C"", ""N"", ""C"", ""H"", ""H"", ""H"", ""H"", ""H"", ""H"", ""H"", ""C"", ""C"", ""N"", ""C"", ""H"", ""H"", ""H"", ""H"", ""H"", ""H"", ""H"", ""C"", ""C"", ""N"", ""C"", ""H"", ""H"", ""H"", ""H"", ""H"", ""H"", ""H"", ""C"", ""C"", ""N"", ""C"", ""H"", ""H"", ""H"", ""H"", ""H"", ""H"", ""H""]",C24H56N8,"[true, true, true]","[6.0595321210699105, 0.0, 0.0, 0.0, 29.51621073121781, 0.0, 2.1416047740499056, 0.0, 12.496260566111493]",2235.0115234205336,[],"{""cutoff=6.000_skin=0.000"": 2932, ""cutoff=6.000_skin=0.500"": 3792}",0.0,,
OPT-RFT-XATMOV88-R512-v1,fae3cd510f7c1880e11bf0b677e0d7ad0094c8e909e2ee11e6410c35bd33254a,OPT-RFT-XATMOV88-R512-v1:0128,XATMOV_C2_14_2788_z2_22,901a6ac5cb60777ed7a0d2b566f6888b6be2f34cbfbd10575e9512810a455f39,128,cross_family_test_set,XATMOV/structures/XATMOV_C2_14_2788_z2_22.cif,09e88f290e81f96d18556d693d4a09f94e1f9fe06c0804706c27580fea9f2057,901a6ac5cb60777ed7a0d2b566f6888b6be2f34cbfbd10575e9512810a455f39,0,88,"[""C"", ""C"", ""N"", ""C"", ""H"", ""H"", ""H"", ""H"", ""H"", ""H"", ""H"", ""C"", ""C"", ""N"", ""C"", ""H"", ""H"", ""H"", ""H"", ""H"", ""H"", ""H"", ""C"", ""C"", ""N"", ""C"", ""H"", ""H"", ""H"", ""H"", ""H"", ""H"", ""H"", ""C"", ""C"", ""N"", ""C"", ""H"", ""H"", ""H"", ""H"", ""H"", ""H"", ""H"", ""C"", ""C"", ""N"", ""C"", ""H"", ""H"", ""H"", ""H"", ""H"", ""H"", ""H"", ""C"", ""C"", ""N"", ""C"", ""H"", ""H"", ""H"", ""H"", ""H"", ""H"", ""H"", ""C"", ""C"", ""N"", ""C"", ""H"", ""H"", ""H"", ""H"", ""H"", ""H"", ""H"", ""C"", ""C"", ""N"", ""C"", ""H"", ""H"", ""H"", ""H"", ""H"", ""H"", ""H""]",C24H56N8,"[true, true, true]","[12.642481901616803, 0.0, 0.0, 0.0, 21.448060580254378, 0.0, 5.6324292477295925, 0.0, 8.619004071860997]",2337.1008540605276,[],"{""cutoff=6.000_skin=0.000"": 2936, ""cutoff=6.000_skin=0.500"": 3368}",0.0,,
OPT-RFT-XATMOV88-R512-v1,fae3cd510f7c1880e11bf0b677e0d7ad0094c8e909e2ee11e6410c35bd33254a,OPT-RFT-XATMOV88-R512-v1:0129,XATMOV_C2_14_2383_z2_22,d0b08b9fad99a59ced9cb42e33ef75512f8297756e608d35fa918d401a879255,129,cross_family_test_set,XATMOV/structures/XATMOV_C2_14_2383_z2_22.cif,5bcc12a63bf400fd67c54fd91e8f93ba143b3be6a4d1ab134375b0d9befbffce,d0b08b9fad99a59ced9cb42e33ef75512f8297756e608d35fa918d401a879255,0,88,"[""C"", ""C"", ""N"", ""C"", ""H"", ""H"", ""H"", ""H"", ""H"", ""H"", ""H"", ""C"", ""C"", ""N"", ""C"", ""H"", ""H"", ""H"", ""H"", ""H"", ""H"", ""H"", ""C"", ""C"", ""N"", ""C"", ""H"", ""H"", ""H"", ""H"", ""H"", ""H"", ""H"", ""C"", ""C"", ""N"", ""C"", ""H"", ""H"", ""H"", ""H"", ""H"", ""H"", ""H"", ""C"", ""C"", ""N"", ""C"", ""H"", ""H"", ""H"", ""H"", ""H"", ""H"", ""H"", ""C"", ""C"", ""N"", ""C"", ""H"", ""H"", ""H"", ""H"", ""H"", ""H"", ""H"", ""C"", ""C"", ""N"", ""C"", ""H"", ""H"", ""H"", ""H"", ""H"", ""H"", ""H"", ""C"", ""C"", ""N"", ""C"", ""H"", ""H"", ""H"", ""H"", ""H"", ""H"", ""H""]",C24H56N8,"[true, true, true]","[6.124807590229885, 0.0, 0.0, 0.0, 20.629873898949974, 0.0, 4.138781469426867, 0.0, 19.630263621628846]",2480.3624914354914,[],"{""cutoff=6.000_skin=0.000"": 2940, ""cutoff=6.000_skin=0.500"": 3760}",0.0,,
OPT-RFT-XATMOV88-R512-v1,fae3cd510f7c1880e11bf0b677e0d7ad0094c8e909e2ee11e6410c35bd33254a,OPT-RFT-XATMOV88-R512-v1:0130,XATMOV_C1_14_1863_z2_22,aa8736273d5680aadee47eff79e6eaea57e72163989cbd6ffc7b8854580b654f,130,cross_family_test_set,XATMOV/structures/XATMOV_C1_14_1863_z2_22.cif,05b68393c120e540e4b2090d18ab99e8cd8628ed849345bdc872d976438b380f,aa8736273d5680aadee47eff79e6eaea57e72163989cbd6ffc7b8854580b654f,0,88,"[""C"", ""C"", ""N"", ""C"", ""H"", ""H"", ""H"", ""H"", ""H"", ""H"", ""H"", ""C"", ""C"", ""N"", ""C"", ""H"", ""H"", ""H"", ""H"", ""H"", ""H"", ""H"", ""C"", ""C"", ""N"", ""C"", ""H"", ""H"", ""H"", ""H"", ""H"", ""H"", ""H"", ""C"", ""C"", ""N"", ""C"", ""H"", ""H"", ""H"", ""H"", ""H"", ""H"", ""H"", ""C"", ""C"", ""N"", ""C"", ""H"", ""H"", ""H"", ""H"", ""H"", ""H"", ""H"", ""C"", ""C"", ""N"", ""C"", ""H"", ""H"", ""H"", ""H"", ""H"", ""H"", ""H"", ""C"", ""C"", ""N"", ""C"", ""H"", ""H"", ""H"", ""H"", ""H"", ""H"", ""H"", ""C"", ""C"", ""N"", ""C"", ""H"", ""H"", ""H"", ""H"", ""H"", ""H"", ""H""]",C24H56N8,"[true, true, true]","[18.077587794853642, 0.0, 0.0, 0.0, 11.455276836767826, 0.0, -0.24323582490922924, 0.0, 10.213409481834388]",2115.031367945074,[],"{""cutoff=6.000_skin=0.000"": 2948, ""cutoff=6.000_skin=0.500"": 3836}",0.0,,
OPT-RFT-XATMOV88-R512-v1,fae3cd510f7c1880e11bf0b677e0d7ad0094c8e909e2ee11e6410c35bd33254a,OPT-RFT-XATMOV88-R512-v1:0131,XATMOV_C1_14_6622_z2_22,6d1e9ad990d8084c12818549d4b042d779ab8e899b930dc587d7bce9f51d7fc2,131,cross_family_test_set,XATMOV/structures/XATMOV_C1_14_6622_z2_22.cif,7e420ddb067ef2e3115ca1a8d4acc54b1d7cc8498c03c6675835c85e3cc42222,6d1e9ad990d8084c12818549d4b042d779ab8e899b930dc587d7bce9f51d7fc2,0,88,"[""C"", ""C"", ""N"", ""C"", ""H"", ""H"", ""H"", ""H"", ""H"", ""H"", ""H"", ""C"", ""C"", ""N"", ""C"", ""H"", ""H"", ""H"", ""H"", ""H"", ""H"", ""H"", ""C"", ""C"", ""N"", ""C"", ""H"", ""H"", ""H"", ""H"", ""H"", ""H"", ""H"", ""C"", ""C"", ""N"", ""C"", ""H"", ""H"", ""H"", ""H"", ""H"", ""H"", ""H"", ""C"", ""C"", ""N"", ""C"", ""H"", ""H"", ""H"", ""H"", ""H"", ""H"", ""H"", ""C"", ""C"", ""N"", ""C"", ""H"", ""H"", ""H"", ""H"", ""H"", ""H"", ""H"", ""C"", ""C"", ""N"", ""C"", ""H"", ""H"", ""H"", ""H"", ""H"", ""H"", ""H"", ""C"", ""C"", ""N"", ""C"", ""H"", ""H"", ""H"", ""H"", ""H"", ""H"", ""H""]",C24H56N8,"[true, true, true]","[13.672880685964586, 0.0, 0.0, 0.0, 13.415375891241421, 0.0, 2.9317728566147356, 0.0, 11.851508427942605]",2173.8846680936763,[],"{""cutoff=6.000_skin=0.000"": 2952, ""cutoff=6.000_skin=0.500"": 3824}",0.0,,
OPT-RFT-XATMOV88-R512-v1,fae3cd510f7c1880e11bf0b677e0d7ad0094c8e909e2ee11e6410c35bd33254a,OPT-RFT-XATMOV88-R512-v1:0132,XATMOV_C1_14_2132_z2_22,cd8432e3d49590a669201764bc814fb902dd0dfd557ef9147dd08e5c03a6c85f,132,cross_family_test_set,XATMOV/structures/XATMOV_C1_14_2132_z2_22.cif,445fab98764fda800ce48f5c09ecf391ba6cdef650bc1e9bfca44e04e829d9dc,cd8432e3d49590a669201764bc814fb902dd0dfd557ef9147dd08e5c03a6c85f,0,88,"[""C"", ""C"", ""N"", ""C"", ""H"", ""H"", ""H"", ""H"", ""H"", ""H"", ""H"", ""C"", ""C"", ""N"", ""C"", ""H"", ""H"", ""H"", ""H"", ""H"", ""H"", ""H"", ""C"", ""C"", ""N"", ""C"", ""H"", ""H"", ""H"", ""H"", ""H"", ""H"", ""H"", ""C"", ""C"", ""N"", ""C"", ""H"", ""H"", ""H"", ""H"", ""H"", ""H"", ""H"", ""C"", ""C"", ""N"", ""C"", ""H"", ""H"", ""H"", ""H"", ""H"", ""H"", ""H"", ""C"", ""C"", ""N"", ""C"", ""H"", ""H"", ""H"", ""H"", ""H"", ""H"", ""H"", ""C"", ""C"", ""N"", ""C"", ""H"", ""H"", ""H"", ""H"", ""H"", ""H"", ""H"", ""C"", ""C"", ""N"", ""C"", ""H"", ""H"", ""H"", ""H"", ""H"", ""H"", ""H""]",C24H56N8,"[true, true, true]","[9.58894837796427, 0.0, 0.0, 0.0, 17.318180082014052, 0.0, -1.6452261743579732, 0.0, 13.403921074120376]",2225.8971522703105,[],"{""cutoff=6.000_skin=0.000"": 2960, ""cutoff=6.000_skin=0.500"": 3740}",0.0,,
OPT-RFT-XATMOV88-R512-v1,fae3cd510f7c1880e11bf0b677e0d7ad0094c8e909e2ee11e6410c35bd33254a,OPT-RFT-XATMOV88-R512-v1:0133,XATMOV_C1_14_3500_z2_22,3f5f70a3724d009fc52f81afbf0fc8961b328f41e67869747a743ac01271d101,133,cross_family_test_set,XATMOV/structures/XATMOV_C1_14_3500_z2_22.cif,33dfbb6f14ca953b760955e625e9efe92bf1b6d397951844ad7a47f8a83a6c72,3f5f70a3724d009fc52f81afbf0fc8961b328f41e67869747a743ac01271d101,0,88,"[""C"", ""C"", ""N"", ""C"", ""H"", ""H"", ""H"", ""H"", ""H"", ""H"", ""H"", ""C"", ""C"", ""N"", ""C"", ""H"", ""H"", ""H"", ""H"", ""H"", ""H"", ""H"", ""C"", ""C"", ""N"", ""C"", ""H"", ""H"", ""H"", ""H"", ""H"", ""H"", ""H"", ""C"", ""C"", ""N"", ""C"", ""H"", ""H"", ""H"", ""H"", ""H"", ""H"", ""H"", ""C"", ""C"", ""N"", ""C"", ""H"", ""H"", ""H"", ""H"", ""H"", ""H"", ""H"", ""C"", ""C"", ""N"", ""C"", ""H"", ""H"", ""H"", ""H"", ""H"", ""H"", ""H"", ""C"", ""C"", ""N"", ""C"", ""H"", ""H"", ""H"", ""H"", ""H"", ""H"", ""H"", ""C"", ""C"", ""N"", ""C"", ""H"", ""H"", ""H"", ""H"", ""H"", ""H"", ""H""]",C24H56N8,"[true, true, true]","[14.076075444500802, 0.0, 0.0, 0.0, 14.670289393279639, 0.0, -5.992464155115766, 0.0, 10.576713276301644]",2184.092352320924,[],"{""cutoff=6.000_skin=0.000"": 2964, ""cutoff=6.000_skin=0.500"": 3764}",0.0,,
OPT-RFT-XATMOV88-R512-v1,fae3cd510f7c1880e11bf0b677e0d7ad0094c8e909e2ee11e6410c35bd33254a,OPT-RFT-XATMOV88-R512-v1:0134,XATMOV_C1_14_6580_z2_22,47165ffb4b067257dca64582fc916098bd2c0442252e0901da98378ab07e7c45,134,cross_family_test_set,XATMOV/structures/XATMOV_C1_14_6580_z2_22.cif,9321863b3ed67e474f6f90c999b0dcf886da6c2ce169139a3a633c4f9f2a026a,47165ffb4b067257dca64582fc916098bd2c0442252e0901da98378ab07e7c45,0,88,"[""C"", ""C"", ""N"", ""C"", ""H"", ""H"", ""H"", ""H"", ""H"", ""H"", ""H"", ""C"", ""C"", ""N"", ""C"", ""H"", ""H"", ""H"", ""H"", ""H"", ""H"", ""H"", ""C"", ""C"", ""N"", ""C"", ""H"", ""H"", ""H"", ""H"", ""H"", ""H"", ""H"", ""C"", ""C"", ""N"", ""C"", ""H"", ""H"", ""H"", ""H"", ""H"", ""H"", ""H"", ""C"", ""C"", ""N"", ""C"", ""H"", ""H"", ""H"", ""H"", ""H"", ""H"", ""H"", ""C"", ""C"", ""N"", ""C"", ""H"", ""H"", ""H"", ""H"", ""H"", ""H"", ""H"", ""C"", ""C"", ""N"", ""C"", ""H"", ""H"", ""H"", ""H"", ""H"", ""H"", ""H"", ""C"", ""C"", ""N"", ""C"", ""H"", ""H"", ""H"", ""H"", ""H"", ""H"", ""H""]",C24H56N8,"[true, true, true]","[20.175351543716715, 0.0, 0.0, 0.0, 8.986544894592082, 0.0, -6.519563208149462, 0.0, 10.94931910295211]",1985.1849402106416,[],"{""cutoff=6.000_skin=0.000"": 2968, ""cutoff=6.000_skin=0.500"": 3996}",0.0,,
OPT-RFT-XATMOV88-R512-v1,fae3cd510f7c1880e11bf0b677e0d7ad0094c8e909e2ee11e6410c35bd33254a,OPT-RFT-XATMOV88-R512-v1:0135,XATMOV_C1_14_374_z2_22,1bae7ff59aed28373f8a01abf1165d6ec1c7a8d6d2eec012c5a1f9f5a7a59ade,135,cross_family_test_set,XATMOV/structures/XATMOV_C1_14_374_z2_22.cif,c84ec85c12d879fcf52b6d3592301779ae2175d7b501d0c17cdf2b14fca15527,1bae7ff59aed28373f8a01abf1165d6ec1c7a8d6d2eec012c5a1f9f5a7a59ade,0,88,"[""C"", ""C"", ""N"", ""C"", ""H"", ""H"", ""H"", ""H"", ""H"", ""H"", ""H"", ""C"", ""C"", ""N"", ""C"", ""H"", ""H"", ""H"", ""H"", ""H"", ""H"", ""H"", ""C"", ""C"", ""N"", ""C"", ""H"", ""H"", ""H"", ""H"", ""H"", ""H"", ""H"", ""C"", ""C"", ""N"", ""C"", ""H"", ""H"", ""H"", ""H"", ""H"", ""H"", ""H"", ""C"", ""C"", ""N"", ""C"", ""H"", ""H"", ""H"", ""H"", ""H"", ""H"", ""H"", ""C"", ""C"", ""N"", ""C"", ""H"", ""H"", ""H"", ""H"", ""H"", ""H"", ""H"", ""C"", ""C"", ""N"", ""C"", ""H"", ""H"", ""H"", ""H"", ""H"", ""H"", ""H"", ""C"", ""C"", ""N"", ""C"", ""H"", ""H"", ""H"", ""H"", ""H"", ""H"", ""H""]",C24H56N8,"[true, true, true]","[15.71966923299697, 0.0, 0.0, 0.0, 16.68907828597969, 0.0, 4.611251155178452, 0.0, 7.955622647437539]",2087.1320676597034,[],"{""cutoff=6.000_skin=0.000"": 2976, ""cutoff=6.000_skin=0.500"": 3836}",0.0,,
OPT-RFT-XATMOV88-R512-v1,fae3cd510f7c1880e11bf0b677e0d7ad0094c8e909e2ee11e6410c35bd33254a,OPT-RFT-XATMOV88-R512-v1:0136,XATMOV_C2_14_4650_z2_22,3603bb7fb5ff51e850726813727b2e0736193b0aaccdc18432a7dc45b4060aec,136,cross_family_test_set,XATMOV/structures/XATMOV_C2_14_4650_z2_22.cif,702d626e7ecde166b5e91fa1b3a81e45105ada8d819e67b75ec9dce9b59cd78c,3603bb7fb5ff51e850726813727b2e0736193b0aaccdc18432a7dc45b4060aec,0,88,"[""C"", ""C"", ""N"", ""C"", ""H"", ""H"", ""H"", ""H"", ""H"", ""H"", ""H"", ""C"", ""C"", ""N"", ""C"", ""H"", ""H"", ""H"", ""H"", ""H"", ""H"", ""H"", ""C"", ""C"", ""N"", ""C"", ""H"", ""H"", ""H"", ""H"", ""H"", ""H"", ""H"", ""C"", ""C"", ""N"", ""C"", ""H"", ""H"", ""H"", ""H"", ""H"", ""H"", ""H"", ""C"", ""C"", ""N"", ""C"", ""H"", ""H"", ""H"", ""H"", ""H"", ""H"", ""H"", ""C"", ""C"", ""N"", ""C"", ""H"", ""H"", ""H"", ""H"", ""H"", ""H"", ""H"", ""C"", ""C"", ""N"", ""C"", ""H"", ""H"", ""H"", ""H"", ""H"", ""H"", ""H"", ""C"", ""C"", ""N"", ""C"", ""H"", ""H"", ""H"", ""H"", ""H"", ""H"", ""H""]",C24H56N8,"[true, true, true]","[14.11692984622453, 0.0, 0.0, 0.0, 12.202777021967862, 0.0, -6.413869156173058, 0.0, 12.609767908138398]",2172.231090061373,[],"{""cutoff=6.000_skin=0.000"": 2980, ""cutoff=6.000_skin=0.500"": 3872}",0.0,,
OPT-RFT-XATMOV88-R512-v1,fae3cd510f7c1880e11bf0b677e0d7ad0094c8e909e2ee11e6410c35bd33254a,OPT-RFT-XATMOV88-R512-v1:0137,XATMOV_C1_14_6598_z2_22,29f671aeabfde9332e9a979f80a8d626ed7cc6be9843024a28e0c54a466a771b,137,cross_family_test_set,XATMOV/structures/XATMOV_C1_14_6598_z2_22.cif,f7cdbba5b7677b30a87e6cbb625098f3bdc4ad454210e6b2ec1a966e61dc41db,29f671aeabfde9332e9a979f80a8d626ed7cc6be9843024a28e0c54a466a771b,0,88,"[""C"", ""C"", ""N"", ""C"", ""H"", ""H"", ""H"", ""H"", ""H"", ""H"", ""H"", ""C"", ""C"", ""N"", ""C"", ""H"", ""H"", ""H"", ""H"", ""H"", ""H"", ""H"", ""C"", ""C"", ""N"", ""C"", ""H"", ""H"", ""H"", ""H"", ""H"", ""H"", ""H"", ""C"", ""C"", ""N"", ""C"", ""H"", ""H"", ""H"", ""H"", ""H"", ""H"", ""H"", ""C"", ""C"", ""N"", ""C"", ""H"", ""H"", ""H"", ""H"", ""H"", ""H"", ""H"", ""C"", ""C"", ""N"", ""C"", ""H"", ""H"", ""H"", ""H"", ""H"", ""H"", ""H"", ""C"", ""C"", ""N"", ""C"", ""H"", ""H"", ""H"", ""H"", ""H"", ""H"", ""H"", ""C"", ""C"", ""N"", ""C"", ""H"", ""H"", ""H"", ""H"", ""H"", ""H"", ""H""]",C24H56N8,"[true, true, true]","[12.527483796682716, 0.0, 0.0, 0.0, 11.735206577668727, 0.0, 5.4515744300758335, 0.0, 14.765009350081668]",2170.6425649576236,[],"{""cutoff=6.000_skin=0.000"": 2984, ""cutoff=6.000_skin=0.500"": 3964}",0.0,,
OPT-RFT-XATMOV88-R512-v1,fae3cd510f7c1880e11bf0b677e0d7ad0094c8e909e2ee11e6410c35bd33254a,OPT-RFT-XATMOV88-R512-v1:0138,XATMOV_C1_14_2637_z2_22,ea2fea297c78155c5400e2e3dc8bc34563e47166b3785fca0c06136dda5512a2,138,cross_family_test_set,XATMOV/structures/XATMOV_C1_14_2637_z2_22.cif,dad4b8ea5f914d24ce12c22e80919a293ea7fb6a260c0d5104351a1b884d6494,ea2fea297c78155c5400e2e3dc8bc34563e47166b3785fca0c06136dda5512a2,0,88,"[""C"", ""C"", ""N"", ""C"", ""H"", ""H"", ""H"", ""H"", ""H"", ""H"", ""H"", ""C"", ""C"", ""N"", ""C"", ""H"", ""H"", ""H"", ""H"", ""H"", ""H"", ""H"", ""C"", ""C"", ""N"", ""C"", ""H"", ""H"", ""H"", ""H"", ""H"", ""H"", ""H"", ""C"", ""C"", ""N"", ""C"", ""H"", ""H"", ""H"", ""H"", ""H"", ""H"", ""H"", ""C"", ""C"", ""N"", ""C"", ""H"", ""H"", ""H"", ""H"", ""H"", ""H"", ""H"", ""C"", ""C"", ""N"", ""C"", ""H"", ""H"", ""H"", ""H"", ""H"", ""H"", ""H"", ""C"", ""C"", ""N"", ""C"", ""H"", ""H"", ""H"", ""H"", ""H"", ""H"", ""H"", ""C"", ""C"", ""N"", ""C"", ""H"", ""H"", ""H"", ""H"", ""H"", ""H"", ""H""]",C24H56N8,"[true, true, true]","[19.871538493130707, 0.0, 0.0, 0.0, 19.850143204493975, 0.0, 0.6442756108871134, 0.0, 6.024408441070419]",2376.3452886868185,[],"{""cutoff=6.000_skin=0.000"": 2988, ""cutoff=6.000_skin=0.500"": 3924}",0.0,,
OPT-RFT-XATMOV88-R512-v1,fae3cd510f7c1880e11bf0b677e0d7ad0094c8e909e2ee11e6410c35bd33254a,OPT-RFT-XATMOV88-R512-v1:0139,XATMOV_C2_14_3594_z2_22,c20805702b17086d40dc69acee058f8f6995c10eaccfa8384996622e67a329a9,139,cross_family_test_set,XATMOV/structures/XATMOV_C2_14_3594_z2_22.cif,0e3878bcc5da4249c4e4796cde0c2715dbec2bb1fea6f430c9e28d54635fb39b,c20805702b17086d40dc69acee058f8f6995c10eaccfa8384996622e67a329a9,0,88,"[""C"", ""C"", ""N"", ""C"", ""H"", ""H"", ""H"", ""H"", ""H"", ""H"", ""H"", ""C"", ""C"", ""N"", ""C"", ""H"", ""H"", ""H"", ""H"", ""H"", ""H"", ""H"", ""C"", ""C"", ""N"", ""C"", ""H"", ""H"", ""H"", ""H"", ""H"", ""H"", ""H"", ""C"", ""C"", ""N"", ""C"", ""H"", ""H"", ""H"", ""H"", ""H"", ""H"", ""H"", ""C"", ""C"", ""N"", ""C"", ""H"", ""H"", ""H"", ""H"", ""H"", ""H"", ""H"", ""C"", ""C"", ""N"", ""C"", ""H"", ""H"", ""H"", ""H"", ""H"", ""H"", ""H"", ""C"", ""C"", ""N"", ""C"", ""H"", ""H"", ""H"", ""H"", ""H"", ""H"", ""H"", ""C"", ""C"", ""N"", ""C"", ""H"", ""H"", ""H"", ""H"", ""H"", ""H"", ""H""]",C24H56N8,"[true, true, true]","[14.83476615579152, 0.0, 0.0, 0.0, 15.425137067904188, 0.0, -3.0548206032593765, 0.0, 10.172735641893862]",2327.8098167464805,[],"{""cutoff=6.000_skin=0.000"": 2992, ""cutoff=6.000_skin=0.500"": 3792}",0.0,,
OPT-RFT-XATMOV88-R512-v1,fae3cd510f7c1880e11bf0b677e0d7ad0094c8e909e2ee11e6410c35bd33254a,OPT-RFT-XATMOV88-R512-v1:0140,XATMOV_C1_14_6131_z2_22,0ed8816e53554b9e6defba38a62dcef797c2c118895ddd8cb2c5331097e6b52c,140,cross_family_test_set,XATMOV/structures/XATMOV_C1_14_6131_z2_22.cif,d34c7205a50a6915d1d221af2fcd7caffc7e1e31e9502b912cdec35e9e3ea397,0ed8816e53554b9e6defba38a62dcef797c2c118895ddd8cb2c5331097e6b52c,0,88,"[""C"", ""C"", ""N"", ""C"", ""H"", ""H"", ""H"", ""H"", ""H"", ""H"", ""H"", ""C"", ""C"", ""N"", ""C"", ""H"", ""H"", ""H"", ""H"", ""H"", ""H"", ""H"", ""C"", ""C"", ""N"", ""C"", ""H"", ""H"", ""H"", ""H"", ""H"", ""H"", ""H"", ""C"", ""C"", ""N"", ""C"", ""H"", ""H"", ""H"", ""H"", ""H"", ""H"", ""H"", ""C"", ""C"", ""N"", ""C"", ""H"", ""H"", ""H"", ""H"", ""H"", ""H"", ""H"", ""C"", ""C"", ""N"", ""C"", ""H"", ""H"", ""H"", ""H"", ""H"", ""H"", ""H"", ""C"", ""C"", ""N"", ""C"", ""H"", ""H"", ""H"", ""H"", ""H"", ""H"", ""H"", ""C"", ""C"", ""N"", ""C"", ""H"", ""H"", ""H"", ""H"", ""H"", ""H"", ""H""]",C24H56N8,"[true, true, true]","[5.330541828456955, 0.0, 0.0, 0.0, 15.259731339218138, 0.0, 8.898830445655646, 0.0, 29.479077390811472]",2397.9058675567053,[],"{""cutoff=6.000_skin=0.000"": 3004, ""cutoff=6.000_skin=0.500"": 3776}",0.0,,
OPT-RFT-XATMOV88-R512-v1,fae3cd510f7c1880e11bf0b677e0d7ad0094c8e909e2ee11e6410c35bd33254a,OPT-RFT-XATMOV88-R512-v1:0141,XATMOV_C2_14_1222_z2_22,1d8e65fec3296e845ee518746e1f81f92c7a00a38c1185c0cee9a1b2fecc372f,141,cross_family_test_set,XATMOV/structures/XATMOV_C2_14_1222_z2_22.cif,e71883ab639a527ee9519e80e9f88acfd1f45d8c9b5f788ed97f4406f7502e08,1d8e65fec3296e845ee518746e1f81f92c7a00a38c1185c0cee9a1b2fecc372f,0,88,"[""C"", ""C"", ""N"", ""C"", ""H"", ""H"", ""H"", ""H"", ""H"", ""H"", ""H"", ""C"", ""C"", ""N"", ""C"", ""H"", ""H"", ""H"", ""H"", ""H"", ""H"", ""H"", ""C"", ""C"", ""N"", ""C"", ""H"", ""H"", ""H"", ""H"", ""H"", ""H"", ""H"", ""C"", ""C"", ""N"", ""C"", ""H"", ""H"", ""H"", ""H"", ""H"", ""H"", ""H"", ""C"", ""C"", ""N"", ""C"", ""H"", ""H"", ""H"", ""H"", ""H"", ""H"", ""H"", ""C"", ""C"", ""N"", ""C"", ""H"", ""H"", ""H"", ""H"", ""H"", ""H"", ""H"", ""C"", ""C"", ""N"", ""C"", ""H"", ""H"", ""H"", ""H"", ""H"", ""H"", ""H"", ""C"", ""C"", ""N"", ""C"", ""H"", ""H"", ""H"", ""H"", ""H"", ""H"", ""H""]",C24H56N8,"[true, true, true]","[9.756679158228636, 0.0, 0.0, 0.0, 14.100636124354835, 0.0, 5.112241170664977, 0.0, 19.927462275325762]",2741.5282466207404,[],"{""cutoff=6.000_skin=0.000"": 3008, ""cutoff=6.000_skin=0.500"": 3636}",0.0,,
OPT-RFT-XATMOV88-R512-v1,fae3cd510f7c1880e11bf0b677e0d7ad0094c8e909e2ee11e6410c35bd33254a,OPT-RFT-XATMOV88-R512-v1:0142,XATMOV_C2_14_990_z2_22,7a11645b95557d9444df3c69b6fae9c0c7614c349dbca80166a299d80e6c092e,142,cross_family_test_set,XATMOV/structures/XATMOV_C2_14_990_z2_22.cif,e36a978e7d25075b2b872977971b44a8a04ee32785b8fc693bf89d137a542bf6,7a11645b95557d9444df3c69b6fae9c0c7614c349dbca80166a299d80e6c092e,0,88,"[""C"", ""C"", ""N"", ""C"", ""H"", ""H"", ""H"", ""H"", ""H"", ""H"", ""H"", ""C"", ""C"", ""N"", ""C"", ""H"", ""H"", ""H"", ""H"", ""H"", ""H"", ""H"", ""C"", ""C"", ""N"", ""C"", ""H"", ""H"", ""H"", ""H"", ""H"", ""H"", ""H"", ""C"", ""C"", ""N"", ""C"", ""H"", ""H"", ""H"", ""H"", ""H"", ""H"", ""H"", ""C"", ""C"", ""N"", ""C"", ""H"", ""H"", ""H"", ""H"", ""H"", ""H"", ""H"", ""C"", ""C"", ""N"", ""C"", ""H"", ""H"", ""H"", ""H"", ""H"", ""H"", ""H"", ""C"", ""C"", ""N"", ""C"", ""H"", ""H"", ""H"", ""H"", ""H"", ""H"", ""H"", ""C"", ""C"", ""N"", ""C"", ""H"", ""H"", ""H"", ""H"", ""H"", ""H"", ""H""]",C24H56N8,"[true, true, true]","[14.267754686438522, 0.0, 0.0, 0.0, 14.673390973228315, 0.0, -3.525816153630185, 0.0, 9.590006286962428]",2007.7286438997578,[],"{""cutoff=6.000_skin=0.000"": 3008, ""cutoff=6.000_skin=0.500"": 3980}",0.0,,
OPT-RFT-XATMOV88-R512-v1,fae3cd510f7c1880e11bf0b677e0d7ad0094c8e909e2ee11e6410c35bd33254a,OPT-RFT-XATMOV88-R512-v1:0143,XATMOV_C2_14_1037_z2_22,fb4788c450fe5de05570562122215915f9820a30bcdff93fe1cd579abd1c22c6,143,cross_family_test_set,XATMOV/structures/XATMOV_C2_14_1037_z2_22.cif,eb3106a6b4d9bb0e851abb8b7df21e4141f4376f7fc21955b0651e34c95c4c09,fb4788c450fe5de05570562122215915f9820a30bcdff93fe1cd579abd1c22c6,0,88,"[""C"", ""C"", ""N"", ""C"", ""H"", ""H"", ""H"", ""H"", ""H"", ""H"", ""H"", ""C"", ""C"", ""N"", ""C"", ""H"", ""H"", ""H"", ""H"", ""H"", ""H"", ""H"", ""C"", ""C"", ""N"", ""C"", ""H"", ""H"", ""H"", ""H"", ""H"", ""H"", ""H"", ""C"", ""C"", ""N"", ""C"", ""H"", ""H"", ""H"", ""H"", ""H"", ""H"", ""H"", ""C"", ""C"", ""N"", ""C"", ""H"", ""H"", ""H"", ""H"", ""H"", ""H"", ""H"", ""C"", ""C"", ""N"", ""C"", ""H"", ""H"", ""H"", ""H"", ""H"", ""H"", ""H"", ""C"", ""C"", ""N"", ""C"", ""H"", ""H"", ""H"", ""H"", ""H"", ""H"", ""H"", ""C"", ""C"", ""N"", ""C"", ""H"", ""H"", ""H"", ""H"", ""H"", ""H"", ""H""]",C24H56N8,"[true, true, true]","[17.66010331003389, 0.0, 0.0, 0.0, 11.95605272736525, 0.0, -1.8596139946635069, 0.0, 10.071752327859727]",2126.6014177863512,[],"{""cutoff=6.000_skin=0.000"": 3016, ""cutoff=6.000_skin=0.500"": 3712}",0.0,,
OPT-RFT-XATMOV88-R512-v1,fae3cd510f7c1880e11bf0b677e0d7ad0094c8e909e2ee11e6410c35bd33254a,OPT-RFT-XATMOV88-R512-v1:0144,XATMOV_C1_14_581_z2_22,11d05dbed5d6a9034ead19e5df8e92dbef05e7f55d4577e4dd84578316f47413,144,cross_family_test_set,XATMOV/structures/XATMOV_C1_14_581_z2_22.cif,d1e443e3b8ebf7819d8ef9b006cf53fc6991bdc50c155d62a685449cfc034626,11d05dbed5d6a9034ead19e5df8e92dbef05e7f55d4577e4dd84578316f47413,0,88,"[""C"", ""C"", ""N"", ""C"", ""H"", ""H"", ""H"", ""H"", ""H"", ""H"", ""H"", ""C"", ""C"", ""N"", ""C"", ""H"", ""H"", ""H"", ""H"", ""H"", ""H"", ""H"", ""C"", ""C"", ""N"", ""C"", ""H"", ""H"", ""H"", ""H"", ""H"", ""H"", ""H"", ""C"", ""C"", ""N"", ""C"", ""H"", ""H"", ""H"", ""H"", ""H"", ""H"", ""H"", ""C"", ""C"", ""N"", ""C"", ""H"", ""H"", ""H"", ""H"", ""H"", ""H"", ""H"", ""C"", ""C"", ""N"", ""C"", ""H"", ""H"", ""H"", ""H"", ""H"", ""H"", ""H"", ""C"", ""C"", ""N"", ""C"", ""H"", ""H"", ""H"", ""H"", ""H"", ""H"", ""H"", ""C"", ""C"", ""N"", ""C"", ""H"", ""H"", ""H"", ""H"", ""H"", ""H"", ""H""]",C24H56N8,"[true, true, true]","[7.780751605761736, 0.0, 0.0, 0.0, 6.9373932626461094, 0.0, 2.602873378786044, 0.0, 38.16330266267715]",2059.9838561597862,[],"{""cutoff=6.000_skin=0.000"": 3024, ""cutoff=6.000_skin=0.500"": 3884}",0.0,,
OPT-RFT-XATMOV88-R512-v1,fae3cd510f7c1880e11bf0b677e0d7ad0094c8e909e2ee11e6410c35bd33254a,OPT-RFT-XATMOV88-R512-v1:0145,XATMOV_C1_14_5737_z2_22,670cf7fd639024416180f840b55b76f19b490458562f1ccc94945fc33c2af0f7,145,cross_family_test_set,XATMOV/structures/XATMOV_C1_14_5737_z2_22.cif,ce690772ef903dda131be0c8c3a55dcff3aa4ef268c49c82e312dd2ac30d2057,670cf7fd639024416180f840b55b76f19b490458562f1ccc94945fc33c2af0f7,0,88,"[""C"", ""C"", ""N"", ""C"", ""H"", ""H"", ""H"", ""H"", ""H"", ""H"", ""H"", ""C"", ""C"", ""N"", ""C"", ""H"", ""H"", ""H"", ""H"", ""H"", ""H"", ""H"", ""C"", ""C"", ""N"", ""C"", ""H"", ""H"", ""H"", ""H"", ""H"", ""H"", ""H"", ""C"", ""C"", ""N"", ""C"", ""H"", ""H"", ""H"", ""H"", ""H"", ""H"", ""H"", ""C"", ""C"", ""N"", ""C"", ""H"", ""H"", ""H"", ""H"", ""H"", ""H"", ""H"", ""C"", ""C"", ""N"", ""C"", ""H"", ""H"", ""H"", ""H"", ""H"", ""H"", ""H"", ""C"", ""C"", ""N"", ""C"", ""H"", ""H"", ""H"", ""H"", ""H"", ""H"", ""H"", ""C"", ""C"", ""N"", ""C"", ""H"", ""H"", ""H"", ""H"", ""H"", ""H"", ""H""]",C24H56N8,"[true, true, true]","[14.727759567384787, 0.0, 0.0, 0.0, 14.946089122469933, 0.0, -0.8348828161021651, 0.0, 10.863833144943351]",2391.3731018548547,[],"{""cutoff=6.000_skin=0.000"": 3028, ""cutoff=6.000_skin=0.500"": 3904}",0.0,,
OPT-RFT-XATMOV88-R512-v1,fae3cd510f7c1880e11bf0b677e0d7ad0094c8e909e2ee11e6410c35bd33254a,OPT-RFT-XATMOV88-R512-v1:0146,XATMOV_C2_14_4917_z2_22,f0cae09813e7b3cde5eec517988f2ec3316580221e4b6507530f02110e6be1f8,146,cross_family_test_set,XATMOV/structures/XATMOV_C2_14_4917_z2_22.cif,747d15a93f39bc36ed0c5f82d30294020adb3ab50cf672875ca1cf8db9dad25a,f0cae09813e7b3cde5eec517988f2ec3316580221e4b6507530f02110e6be1f8,0,88,"[""C"", ""C"", ""N"", ""C"", ""H"", ""H"", ""H"", ""H"", ""H"", ""H"", ""H"", ""C"", ""C"", ""N"", ""C"", ""H"", ""H"", ""H"", ""H"", ""H"", ""H"", ""H"", ""C"", ""C"", ""N"", ""C"", ""H"", ""H"", ""H"", ""H"", ""H"", ""H"", ""H"", ""C"", ""C"", ""N"", ""C"", ""H"", ""H"", ""H"", ""H"", ""H"", ""H"", ""H"", ""C"", ""C"", ""N"", ""C"", ""H"", ""H"", ""H"", ""H"", ""H"", ""H"", ""H"", ""C"", ""C"", ""N"", ""C"", ""H"", ""H"", ""H"", ""H"", ""H"", ""H"", ""H"", ""C"", ""C"", ""N"", ""C"", ""H"", ""H"", ""H"", ""H"", ""H"", ""H"", ""H"", ""C"", ""C"", ""N"", ""C"", ""H"", ""H"", ""H"", ""H"", ""H"", ""H"", ""H""]",C24H56N8,"[true, true, true]","[12.921505067769658, 0.0, 0.0, 0.0, 14.771994558718035, 0.0, 1.6599180320928504, 0.0, 11.258491006936618]",2148.9802615629374,[],"{""cutoff=6.000_skin=0.000"": 3032, ""cutoff=6.000_skin=0.500"": 3888}",0.0,,
OPT-RFT-XATMOV88-R512-v1,fae3cd510f7c1880e11bf0b677e0d7ad0094c8e909e2ee11e6410c35bd33254a,OPT-RFT-XATMOV88-R512-v1:0147,XATMOV_C1_14_1416_z2_22,4c7287c102f9bb07dd073277245689e16b5ea7649982d0bed06593f66c10a858,147,cross_family_test_set,XATMOV/structures/XATMOV_C1_14_1416_z2_22.cif,5fdea64b7333eb74bb71ac20be0ef13e9c20b0aa26cd7f37b2500aa29bc7cf65,4c7287c102f9bb07dd073277245689e16b5ea7649982d0bed06593f66c10a858,0,88,"[""C"", ""C"", ""N"", ""C"", ""H"", ""H"", ""H"", ""H"", ""H"", ""H"", ""H"", ""C"", ""C"", ""N"", ""C"", ""H"", ""H"", ""H"", ""H"", ""H"", ""H"", ""H"", ""C"", ""C"", ""N"", ""C"", ""H"", ""H"", ""H"", ""H"", ""H"", ""H"", ""H"", ""C"", ""C"", ""N"", ""C"", ""H"", ""H"", ""H"", ""H"", ""H"", ""H"", ""H"", ""C"", ""C"", ""N"", ""C"", ""H"", ""H"", ""H"", ""H"", ""H"", ""H"", ""H"", ""C"", ""C"", ""N"", ""C"", ""H"", ""H"", ""H"", ""H"", ""H"", ""H"", ""H"", ""C"", ""C"", ""N"", ""C"", ""H"", ""H"", ""H"", ""H"", ""H"", ""H"", ""H"", ""C"", ""C"", ""N"", ""C"", ""H"", ""H"", ""H"", ""H"", ""H"", ""H"", ""H""]",C24H56N8,"[true, true, true]","[14.57296535340348, 0.0, 0.0, 0.0, 11.501452097372997, 0.0, -2.4171613782552357, 0.0, 14.2036769930037]",2380.6820353537564,[],"{""cutoff=6.000_skin=0.000"": 3040, ""cutoff=6.000_skin=0.500"": 3928}",0.0,,
OPT-RFT-XATMOV88-R512-v1,fae3cd510f7c1880e11bf0b677e0d7ad0094c8e909e2ee11e6410c35bd33254a,OPT-RFT-XATMOV88-R512-v1:0148,XATMOV_C1_14_191_z2_22,d9258f8404b9127dd6647ca8fd0942cb221816a59f20902e9cb187fc9ed20e44,148,cross_family_test_set,XATMOV/structures/XATMOV_C1_14_191_z2_22.cif,f58fc439b10d5c8cc651a9601b8fc2df339f6db7349063ab184b727dc011521b,d9258f8404b9127dd6647ca8fd0942cb221816a59f20902e9cb187fc9ed20e44,0,88,"[""C"", ""C"", ""N"", ""C"", ""H"", ""H"", ""H"", ""H"", ""H"", ""H"", ""H"", ""C"", ""C"", ""N"", ""C"", ""H"", ""H"", ""H"", ""H"", ""H"", ""H"", ""H"", ""C"", ""C"", ""N"", ""C"", ""H"", ""H"", ""H"", ""H"", ""H"", ""H"", ""H"", ""C"", ""C"", ""N"", ""C"", ""H"", ""H"", ""H"", ""H"", ""H"", ""H"", ""H"", ""C"", ""C"", ""N"", ""C"", ""H"", ""H"", ""H"", ""H"", ""H"", ""H"", ""H"", ""C"", ""C"", ""N"", ""C"", ""H"", ""H"", ""H"", ""H"", ""H"", ""H"", ""H"", ""C"", ""C"", ""N"", ""C"", ""H"", ""H"", ""H"", ""H"", ""H"", ""H"", ""H"", ""C"", ""C"", ""N"", ""C"", ""H"", ""H"", ""H"", ""H"", ""H"", ""H"", ""H""]",C24H56N8,"[true, true, true]","[13.602580410802078, 0.0, 0.0, 0.0, 13.257429784873949, 0.0, 5.694780496556987, 0.0, 11.493132186223878]",2072.6169199805945,[],"{""cutoff=6.000_skin=0.000"": 3044, ""cutoff=6.000_skin=0.500"": 3920}",0.0,,
OPT-RFT-XATMOV88-R512-v1,fae3cd510f7c1880e11bf0b677e0d7ad0094c8e909e2ee11e6410c35bd33254a,OPT-RFT-XATMOV88-R512-v1:0149,XATMOV_C1_14_6357_z2_22,20c135fe7f6284d501cf212eef10f6a2e326aad365831d275c5274f0eeecfa88,149,cross_family_test_set,XATMOV/structures/XATMOV_C1_14_6357_z2_22.cif,9f86925e2d063fbcb090fc1924d2b4ac2a5ee22771d4f57795363c45cab55d7b,20c135fe7f6284d501cf212eef10f6a2e326aad365831d275c5274f0eeecfa88,0,88,"[""C"", ""C"", ""N"", ""C"", ""H"", ""H"", ""H"", ""H"", ""H"", ""H"", ""H"", ""C"", ""C"", ""N"", ""C"", ""H"", ""H"", ""H"", ""H"", ""H"", ""H"", ""H"", ""C"", ""C"", ""N"", ""C"", ""H"", ""H"", ""H"", ""H"", ""H"", ""H"", ""H"", ""C"", ""C"", ""N"", ""C"", ""H"", ""H"", ""H"", ""H"", ""H"", ""H"", ""H"", ""C"", ""C"", ""N"", ""C"", ""H"", ""H"", ""H"", ""H"", ""H"", ""H"", ""H"", ""C"", ""C"", ""N"", ""C"", ""H"", ""H"", ""H"", ""H"", ""H"", ""H"", ""H"", ""C"", ""C"", ""N"", ""C"", ""H"", ""H"", ""H"", ""H"", ""H"", ""H"", ""H"", ""C"", ""C"", ""N"", ""C"", ""H"", ""H"", ""H"", ""H"", ""H"", ""H"", ""H""]",C24H56N8,"[true, true, true]","[21.871681980244546, 0.0, 0.0, 0.0, 5.72908463681059, 0.0, 9.611401877421134, 0.0, 19.30188701158913]",2418.6174936881184,[],"{""cutoff=6.000_skin=0.000"": 3048, ""cutoff=6.000_skin=0.500"": 3708}",0.0,,
OPT-RFT-XATMOV88-R512-v1,fae3cd510f7c1880e11bf0b677e0d7ad0094c8e909e2ee11e6410c35bd33254a,OPT-RFT-XATMOV88-R512-v1:0150,XATMOV_C2_14_5955_z2_22,0d88d43c9b35b191eb8da7583428c340b331a91e33846d819a93086a604409ba,150,cross_family_test_set,XATMOV/structures/XATMOV_C2_14_5955_z2_22.cif,510491df80ca9e61d47e381319086358d4946089b94f25b3b0972ec71054775a,0d88d43c9b35b191eb8da7583428c340b331a91e33846d819a93086a604409ba,0,88,"[""C"", ""C"", ""N"", ""C"", ""H"", ""H"", ""H"", ""H"", ""H"", ""H"", ""H"", ""C"", ""C"", ""N"", ""C"", ""H"", ""H"", ""H"", ""H"", ""H"", ""H"", ""H"", ""C"", ""C"", ""N"", ""C"", ""H"", ""H"", ""H"", ""H"", ""H"", ""H"", ""H"", ""C"", ""C"", ""N"", ""C"", ""H"", ""H"", ""H"", ""H"", ""H"", ""H"", ""H"", ""C"", ""C"", ""N"", ""C"", ""H"", ""H"", ""H"", ""H"", ""H"", ""H"", ""H"", ""C"", ""C"", ""N"", ""C"", ""H"", ""H"", ""H"", ""H"", ""H"", ""H"", ""H"", ""C"", ""C"", ""N"", ""C"", ""H"", ""H"", ""H"", ""H"", ""H"", ""H"", ""H"", ""C"", ""C"", ""N"", ""C"", ""H"", ""H"", ""H"", ""H"", ""H"", ""H"", ""H""]",C24H56N8,"[true, true, true]","[12.68547325898949, 0.0, 0.0, 0.0, 12.738989802346374, 0.0, -1.5128910865203338, 0.0, 12.79052142668062]",2066.949726864261,[],"{""cutoff=6.000_skin=0.000"": 3056, ""cutoff=6.000_skin=0.500"": 3824}",0.0,,
OPT-RFT-XATMOV88-R512-v1,fae3cd510f7c1880e11bf0b677e0d7ad0094c8e909e2ee11e6410c35bd33254a,OPT-RFT-XATMOV88-R512-v1:0151,XATMOV_C1_14_358_z2_22,13cdb7bc78196b04d107b3031a82a3a85dabdb18fa92b0585c874cce248c2bdd,151,cross_family_test_set,XATMOV/structures/XATMOV_C1_14_358_z2_22.cif,5e56ed1dd266428fef8d484d61836ad612095d18a568dcad633859d760d9bab2,13cdb7bc78196b04d107b3031a82a3a85dabdb18fa92b0585c874cce248c2bdd,0,88,"[""C"", ""C"", ""N"", ""C"", ""H"", ""H"", ""H"", ""H"", ""H"", ""H"", ""H"", ""C"", ""C"", ""N"", ""C"", ""H"", ""H"", ""H"", ""H"", ""H"", ""H"", ""H"", ""C"", ""C"", ""N"", ""C"", ""H"", ""H"", ""H"", ""H"", ""H"", ""H"", ""H"", ""C"", ""C"", ""N"", ""C"", ""H"", ""H"", ""H"", ""H"", ""H"", ""H"", ""H"", ""C"", ""C"", ""N"", ""C"", ""H"", ""H"", ""H"", ""H"", ""H"", ""H"", ""H"", ""C"", ""C"", ""N"", ""C"", ""H"", ""H"", ""H"", ""H"", ""H"", ""H"", ""H"", ""C"", ""C"", ""N"", ""C"", ""H"", ""H"", ""H"", ""H"", ""H"", ""H"", ""H"", ""C"", ""C"", ""N"", ""C"", ""H"", ""H"", ""H"", ""H"", ""H"", ""H"", ""H""]",C24H56N8,"[true, true, true]","[15.61436157029786, 0.0, 0.0, 0.0, 9.192803287609953, 0.0, -3.438110633849109, 0.0, 14.02952328349228]",2013.7943261440003,[],"{""cutoff=6.000_skin=0.000"": 3064, ""cutoff=6.000_skin=0.500"": 3928}",0.0,,
OPT-RFT-XATMOV88-R512-v1,fae3cd510f7c1880e11bf0b677e0d7ad0094c8e909e2ee11e6410c35bd33254a,OPT-RFT-XATMOV88-R512-v1:0152,XATMOV_C2_14_2116_z2_22,10c3067a2629b4cd5dac1007a8cd5b41aa97715d3b18bea894a4e854f7e1e009,152,cross_family_test_set,XATMOV/structures/XATMOV_C2_14_2116_z2_22.cif,c9f1edacdcc7230c004d2bfa80e1e4b1ef9a3b260d6082f844214ec5cb24acad,10c3067a2629b4cd5dac1007a8cd5b41aa97715d3b18bea894a4e854f7e1e009,0,88,"[""C"", ""C"", ""N"", ""C"", ""H"", ""H"", ""H"", ""H"", ""H"", ""H"", ""H"", ""C"", ""C"", ""N"", ""C"", ""H"", ""H"", ""H"", ""H"", ""H"", ""H"", ""H"", ""C"", ""C"", ""N"", ""C"", ""H"", ""H"", ""H"", ""H"", ""H"", ""H"", ""H"", ""C"", ""C"", ""N"", ""C"", ""H"", ""H"", ""H"", ""H"", ""H"", ""H"", ""H"", ""C"", ""C"", ""N"", ""C"", ""H"", ""H"", ""H"", ""H"", ""H"", ""H"", ""H"", ""C"", ""C"", ""N"", ""C"", ""H"", ""H"", ""H"", ""H"", ""H"", ""H"", ""H"", ""C"", ""C"", ""N"", ""C"", ""H"", ""H"", ""H"", ""H"", ""H"", ""H"", ""H"", ""C"", ""C"", ""N"", ""C"", ""H"", ""H"", ""H"", ""H"", ""H"", ""H"", ""H""]",C24H56N8,"[true, true, true]","[15.481502071985801, 0.0, 0.0, 0.0, 9.191492863868717, 0.0, 4.9001658862198365, 0.0, 14.556838514407001]",2071.4106928470133,[],"{""cutoff=6.000_skin=0.000"": 3064, ""cutoff=6.000_skin=0.500"": 3896}",0.0,,
OPT-RFT-XATMOV88-R512-v1,fae3cd510f7c1880e11bf0b677e0d7ad0094c8e909e2ee11e6410c35bd33254a,OPT-RFT-XATMOV88-R512-v1:0153,XATMOV_C1_14_3702_z2_22,f807fa0601ea5e5fb5e778e973d14fdcc58db1e31b4c54db2ee160ab14844005,153,cross_family_test_set,XATMOV/structures/XATMOV_C1_14_3702_z2_22.cif,69dfb9c8d426339aad8f76a5399cfca614e3ecd8e0e944dbddc3253759a4c53e,f807fa0601ea5e5fb5e778e973d14fdcc58db1e31b4c54db2ee160ab14844005,0,88,"[""C"", ""C"", ""N"", ""C"", ""H"", ""H"", ""H"", ""H"", ""H"", ""H"", ""H"", ""C"", ""C"", ""N"", ""C"", ""H"", ""H"", ""H"", ""H"", ""H"", ""H"", ""H"", ""C"", ""C"", ""N"", ""C"", ""H"", ""H"", ""H"", ""H"", ""H"", ""H"", ""H"", ""C"", ""C"", ""N"", ""C"", ""H"", ""H"", ""H"", ""H"", ""H"", ""H"", ""H"", ""C"", ""C"", ""N"", ""C"", ""H"", ""H"", ""H"", ""H"", ""H"", ""H"", ""H"", ""C"", ""C"", ""N"", ""C"", ""H"", ""H"", ""H"", ""H"", ""H"", ""H"", ""H"", ""C"", ""C"", ""N"", ""C"", ""H"", ""H"", ""H"", ""H"", ""H"", ""H"", ""H"", ""C"", ""C"", ""N"", ""C"", ""H"", ""H"", ""H"", ""H"", ""H"", ""H"", ""H""]",C24H56N8,"[true, true, true]","[14.665563635695865, 0.0, 0.0, 0.0, 14.255348568621873, 0.0, 4.354490432573822, 0.0, 11.637073987986655]",2432.878359181336,[],"{""cutoff=6.000_skin=0.000"": 3072, ""cutoff=6.000_skin=0.500"": 3972}",0.0,,
OPT-RFT-XATMOV88-R512-v1,fae3cd510f7c1880e11bf0b677e0d7ad0094c8e909e2ee11e6410c35bd33254a,OPT-RFT-XATMOV88-R512-v1:0154,XATMOV_C2_14_4501_z2_22,77fab5575061df303ee8914cbcad001c0900a3e43fe18c4528bc5f5c0abd7e67,154,cross_family_test_set,XATMOV/structures/XATMOV_C2_14_4501_z2_22.cif,7be8f54927df932d88c4c2cf4ab320f5ddc3ecb172205d3df2b78d4732af83b4,77fab5575061df303ee8914cbcad001c0900a3e43fe18c4528bc5f5c0abd7e67,0,88,"[""C"", ""C"", ""N"", ""C"", ""H"", ""H"", ""H"", ""H"", ""H"", ""H"", ""H"", ""C"", ""C"", ""N"", ""C"", ""H"", ""H"", ""H"", ""H"", ""H"", ""H"", ""H"", ""C"", ""C"", ""N"", ""C"", ""H"", ""H"", ""H"", ""H"", ""H"", ""H"", ""H"", ""C"", ""C"", ""N"", ""C"", ""H"", ""H"", ""H"", ""H"", ""H"", ""H"", ""H"", ""C"", ""C"", ""N"", ""C"", ""H"", ""H"", ""H"", ""H"", ""H"", ""H"", ""H"", ""C"", ""C"", ""N"", ""C"", ""H"", ""H"", ""H"", ""H"", ""H"", ""H"", ""H"", ""C"", ""C"", ""N"", ""C"", ""H"", ""H"", ""H"", ""H"", ""H"", ""H"", ""H"", ""C"", ""C"", ""N"", ""C"", ""H"", ""H"", ""H"", ""H"", ""H"", ""H"", ""H""]",C24H56N8,"[true, true, true]","[14.924992741995865, 0.0, 0.0, 0.0, 15.101015276120254, 0.0, -6.885865018368797, 0.0, 8.478569701970835]",1910.921603763859,[],"{""cutoff=6.000_skin=0.000"": 3076, ""cutoff=6.000_skin=0.500"": 4072}",0.0,,
OPT-RFT-XATMOV88-R512-v1,fae3cd510f7c1880e11bf0b677e0d7ad0094c8e909e2ee11e6410c35bd33254a,OPT-RFT-XATMOV88-R512-v1:0155,XATMOV_C1_14_2071_z2_22,5aeda0baa3cf693c9957e00f2e52331a9be7567686b5b17d55d2dc30d31c6d47,155,cross_family_test_set,XATMOV/structures/XATMOV_C1_14_2071_z2_22.cif,c45a7efc654b9cfc20b03240d635287852bf8b7e2b968a851b7d09d97f587d07,5aeda0baa3cf693c9957e00f2e52331a9be7567686b5b17d55d2dc30d31c6d47,0,88,"[""C"", ""C"", ""N"", ""C"", ""H"", ""H"", ""H"", ""H"", ""H"", ""H"", ""H"", ""C"", ""C"", ""N"", ""C"", ""H"", ""H"", ""H"", ""H"", ""H"", ""H"", ""H"", ""C"", ""C"", ""N"", ""C"", ""H"", ""H"", ""H"", ""H"", ""H"", ""H"", ""H"", ""C"", ""C"", ""N"", ""C"", ""H"", ""H"", ""H"", ""H"", ""H"", ""H"", ""H"", ""C"", ""C"", ""N"", ""C"", ""H"", ""H"", ""H"", ""H"", ""H"", ""H"", ""H"", ""C"", ""C"", ""N"", ""C"", ""H"", ""H"", ""H"", ""H"", ""H"", ""H"", ""H"", ""C"", ""C"", ""N"", ""C"", ""H"", ""H"", ""H"", ""H"", ""H"", ""H"", ""H"", ""C"", ""C"", ""N"", ""C"", ""H"", ""H"", ""H"", ""H"", ""H"", ""H"", ""H""]",C24H56N8,"[true, true, true]","[9.170103599503783, 0.0, 0.0, 0.0, 16.830371064983645, 0.0, 9.767940768034576, 0.0, 13.791125698186873]",2128.470572288844,[],"{""cutoff=6.000_skin=0.000"": 3088, ""cutoff=6.000_skin=0.500"": 3700}",0.0,,
OPT-RFT-XATMOV88-R512-v1,fae3cd510f7c1880e11bf0b677e0d7ad0094c8e909e2ee11e6410c35bd33254a,OPT-RFT-XATMOV88-R512-v1:0156,XATMOV_C1_14_1854_z2_22,ea6f60d00fd47e1e98eee8d11610018fa5e690d702ddb855a57d43916c9cc6ba,156,cross_family_test_set,XATMOV/structures/XATMOV_C1_14_1854_z2_22.cif,4ea5d19fdf5076bcd2b2497884a2c05c3949972492375b0fdf688a16152a06e7,ea6f60d00fd47e1e98eee8d11610018fa5e690d702ddb855a57d43916c9cc6ba,0,88,"[""C"", ""C"", ""N"", ""C"", ""H"", ""H"", ""H"", ""H"", ""H"", ""H"", ""H"", ""C"", ""C"", ""N"", ""C"", ""H"", ""H"", ""H"", ""H"", ""H"", ""H"", ""H"", ""C"", ""C"", ""N"", ""C"", ""H"", ""H"", ""H"", ""H"", ""H"", ""H"", ""H"", ""C"", ""C"", ""N"", ""C"", ""H"", ""H"", ""H"", ""H"", ""H"", ""H"", ""H"", ""C"", ""C"", ""N"", ""C"", ""H"", ""H"", ""H"", ""H"", ""H"", ""H"", ""H"", ""C"", ""C"", ""N"", ""C"", ""H"", ""H"", ""H"", ""H"", ""H"", ""H"", ""H"", ""C"", ""C"", ""N"", ""C"", ""H"", ""H"", ""H"", ""H"", ""H"", ""H"", ""H"", ""C"", ""C"", ""N"", ""C"", ""H"", ""H"", ""H"", ""H"", ""H"", ""H"", ""H""]",C24H56N8,"[true, true, true]","[12.807136595671004, 0.0, 0.0, 0.0, 13.597091228054811, 0.0, -2.49056869381884, 0.0, 11.614601465564084]",2022.5644304344771,[],"{""cutoff=6.000_skin=0.000"": 3092, ""cutoff=6.000_skin=0.500"": 4124}",0.0,,
OPT-RFT-XATMOV88-R512-v1,fae3cd510f7c1880e11bf0b677e0d7ad0094c8e909e2ee11e6410c35bd33254a,OPT-RFT-XATMOV88-R512-v1:0157,XATMOV_C2_14_3956_z2_22,0100ab628f0904ffdbc7e1e02237863ae362f9ba2034a4bd9211e60d5fa38592,157,cross_family_test_set,XATMOV/structures/XATMOV_C2_14_3956_z2_22.cif,ad8151771ffc4de63cc01f449fc9705251c57b3582082f5a4d2cf567f8a5bac1,0100ab628f0904ffdbc7e1e02237863ae362f9ba2034a4bd9211e60d5fa38592,0,88,"[""C"", ""C"", ""N"", ""C"", ""H"", ""H"", ""H"", ""H"", ""H"", ""H"", ""H"", ""C"", ""C"", ""N"", ""C"", ""H"", ""H"", ""H"", ""H"", ""H"", ""H"", ""H"", ""C"", ""C"", ""N"", ""C"", ""H"", ""H"", ""H"", ""H"", ""H"", ""H"", ""H"", ""C"", ""C"", ""N"", ""C"", ""H"", ""H"", ""H"", ""H"", ""H"", ""H"", ""H"", ""C"", ""C"", ""N"", ""C"", ""H"", ""H"", ""H"", ""H"", ""H"", ""H"", ""H"", ""C"", ""C"", ""N"", ""C"", ""H"", ""H"", ""H"", ""H"", ""H"", ""H"", ""H"", ""C"", ""C"", ""N"", ""C"", ""H"", ""H"", ""H"", ""H"", ""H"", ""H"", ""H"", ""C"", ""C"", ""N"", ""C"", ""H"", ""H"", ""H"", ""H"", ""H"", ""H"", ""H""]",C24H56N8,"[true, true, true]","[6.459695000277449, 0.0, 0.0, 0.0, 19.13795413493959, 0.0, -3.583613607704081, 0.0, 18.32659326981765]",2265.6314457299777,[],"{""cutoff=6.000_skin=0.000"": 3096, ""cutoff=6.000_skin=0.500"": 4148}",0.0,,
OPT-RFT-XATMOV88-R512-v1,fae3cd510f7c1880e11bf0b677e0d7ad0094c8e909e2ee11e6410c35bd33254a,OPT-RFT-XATMOV88-R512-v1:0158,XATMOV_C2_14_1877_z2_22,2de38896c5654bbbb2caf4136dbe5db756b8380c01b67821961e4894f719c3bd,158,cross_family_test_set,XATMOV/structures/XATMOV_C2_14_1877_z2_22.cif,7b337d51b44677566245b4e0f1e8bef08dfbcf399ab1cda19399e98aef278fa5,2de38896c5654bbbb2caf4136dbe5db756b8380c01b67821961e4894f719c3bd,0,88,"[""C"", ""C"", ""N"", ""C"", ""H"", ""H"", ""H"", ""H"", ""H"", ""H"", ""H"", ""C"", ""C"", ""N"", ""C"", ""H"", ""H"", ""H"", ""H"", ""H"", ""H"", ""H"", ""C"", ""C"", ""N"", ""C"", ""H"", ""H"", ""H"", ""H"", ""H"", ""H"", ""H"", ""C"", ""C"", ""N"", ""C"", ""H"", ""H"", ""H"", ""H"", ""H"", ""H"", ""H"", ""C"", ""C"", ""N"", ""C"", ""H"", ""H"", ""H"", ""H"", ""H"", ""H"", ""H"", ""C"", ""C"", ""N"", ""C"", ""H"", ""H"", ""H"", ""H"", ""H"", ""H"", ""H"", ""C"", ""C"", ""N"", ""C"", ""H"", ""H"", ""H"", ""H"", ""H"", ""H"", ""H"", ""C"", ""C"", ""N"", ""C"", ""H"", ""H"", ""H"", ""H"", ""H"", ""H"", ""H""]",C24H56N8,"[true, true, true]","[13.159496223226554, 0.0, 0.0, 0.0, 14.571597244874788, 0.0, -5.5937204722952165, 0.0, 11.789230696290979]",2260.6425046129652,[],"{""cutoff=6.000_skin=0.000"": 3100, ""cutoff=6.000_skin=0.500"": 3888}",0.0,,
OPT-RFT-XATMOV88-R512-v1,fae3cd510f7c1880e11bf0b677e0d7ad0094c8e909e2ee11e6410c35bd33254a,OPT-RFT-XATMOV88-R512-v1:0159,XATMOV_C2_14_1395_z2_22,57308d89af89fbb5065548164137d23c3181edde07ca83ee2de37231fcd32c69,159,cross_family_test_set,XATMOV/structures/XATMOV_C2_14_1395_z2_22.cif,b14767210a255846428cde9931c53d823a398fe564a0c0aebd9911a368328a85,57308d89af89fbb5065548164137d23c3181edde07ca83ee2de37231fcd32c69,0,88,"[""C"", ""C"", ""N"", ""C"", ""H"", ""H"", ""H"", ""H"", ""H"", ""H"", ""H"", ""C"", ""C"", ""N"", ""C"", ""H"", ""H"", ""H"", ""H"", ""H"", ""H"", ""H"", ""C"", ""C"", ""N"", ""C"", ""H"", ""H"", ""H"", ""H"", ""H"", ""H"", ""H"", ""C"", ""C"", ""N"", ""C"", ""H"", ""H"", ""H"", ""H"", ""H"", ""H"", ""H"", ""C"", ""C"", ""N"", ""C"", ""H"", ""H"", ""H"", ""H"", ""H"", ""H"", ""H"", ""C"", ""C"", ""N"", ""C"", ""H"", ""H"", ""H"", ""H"", ""H"", ""H"", ""H"", ""C"", ""C"", ""N"", ""C"", ""H"", ""H"", ""H"", ""H"", ""H"", ""H"", ""H"", ""C"", ""C"", ""N"", ""C"", ""H"", ""H"", ""H"", ""H"", ""H"", ""H"", ""H""]",C24H56N8,"[true, true, true]","[12.324614019611964, 0.0, 0.0, 0.0, 19.687113541180004, 0.0, 6.203408971524881, 0.0, 9.401633104272337]",2281.175360231619,[],"{""cutoff=6.000_skin=0.000"": 3108, ""cutoff=6.000_skin=0.500"": 3904}",0.0,,
OPT-RFT-XATMOV88-R512-v1,fae3cd510f7c1880e11bf0b677e0d7ad0094c8e909e2ee11e6410c35bd33254a,OPT-RFT-XATMOV88-R512-v1:0160,XATMOV_C1_14_7243_z2_22,fdaf5693fbf494b2dbe2a54a403d524cb56063da4cca4b762943f3edd0898323,160,cross_family_test_set,XATMOV/structures/XATMOV_C1_14_7243_z2_22.cif,9694c266fc1dfc265791382c9deca19f2dd6d18db80001bac9bdec92cc39d430,fdaf5693fbf494b2dbe2a54a403d524cb56063da4cca4b762943f3edd0898323,0,88,"[""C"", ""C"", ""N"", ""C"", ""H"", ""H"", ""H"", ""H"", ""H"", ""H"", ""H"", ""C"", ""C"", ""N"", ""C"", ""H"", ""H"", ""H"", ""H"", ""H"", ""H"", ""H"", ""C"", ""C"", ""N"", ""C"", ""H"", ""H"", ""H"", ""H"", ""H"", ""H"", ""H"", ""C"", ""C"", ""N"", ""C"", ""H"", ""H"", ""H"", ""H"", ""H"", ""H"", ""H"", ""C"", ""C"", ""N"", ""C"", ""H"", ""H"", ""H"", ""H"", ""H"", ""H"", ""H"", ""C"", ""C"", ""N"", ""C"", ""H"", ""H"", ""H"", ""H"", ""H"", ""H"", ""H"", ""C"", ""C"", ""N"", ""C"", ""H"", ""H"", ""H"", ""H"", ""H"", ""H"", ""H"", ""C"", ""C"", ""N"", ""C"", ""H"", ""H"", ""H"", ""H"", ""H"", ""H"", ""H""]",C24H56N8,"[true, true, true]","[14.028332815792155, 0.0, 0.0, 0.0, 13.920192375219465, 0.0, 3.5193935788303943, 0.0, 10.959730175800273]",2140.184232348824,[],"{""cutoff=6.000_skin=0.000"": 3112, ""cutoff=6.000_skin=0.500"": 4188}",0.0,,
OPT-RFT-XATMOV88-R512-v1,fae3cd510f7c1880e11bf0b677e0d7ad0094c8e909e2ee11e6410c35bd33254a,OPT-RFT-XATMOV88-R512-v1:0161,XATMOV_C2_14_3118_z2_22,6b1415121bd82cb73717677e532fe597928daccc96866c0925ca71fc0a5fb7fd,161,cross_family_test_set,XATMOV/structures/XATMOV_C2_14_3118_z2_22.cif,6adc1c7cada5fa039774cbfa4521f02c6df40ec72cd0c7b26954a471e712ca34,6b1415121bd82cb73717677e532fe597928daccc96866c0925ca71fc0a5fb7fd,0,88,"[""C"", ""C"", ""N"", ""C"", ""H"", ""H"", ""H"", ""H"", ""H"", ""H"", ""H"", ""C"", ""C"", ""N"", ""C"", ""H"", ""H"", ""H"", ""H"", ""H"", ""H"", ""H"", ""C"", ""C"", ""N"", ""C"", ""H"", ""H"", ""H"", ""H"", ""H"", ""H"", ""H"", ""C"", ""C"", ""N"", ""C"", ""H"", ""H"", ""H"", ""H"", ""H"", ""H"", ""H"", ""C"", ""C"", ""N"", ""C"", ""H"", ""H"", ""H"", ""H"", ""H"", ""H"", ""H"", ""C"", ""C"", ""N"", ""C"", ""H"", ""H"", ""H"", ""H"", ""H"", ""H"", ""H"", ""C"", ""C"", ""N"", ""C"", ""H"", ""H"", ""H"", ""H"", ""H"", ""H"", ""H"", ""C"", ""C"", ""N"", ""C"", ""H"", ""H"", ""H"", ""H"", ""H"", ""H"", ""H""]",C24H56N8,"[true, true, true]","[12.833601605486336, 0.0, 0.0, 0.0, 13.025643350713203, 0.0, 1.0818674343834729, 0.0, 12.671067007613697]",2118.1705409952974,[],"{""cutoff=6.000_skin=0.000"": 3116, ""cutoff=6.000_skin=0.500"": 4080}",0.0,,
OPT-RFT-XATMOV88-R512-v1,fae3cd510f7c1880e11bf0b677e0d7ad0094c8e909e2ee11e6410c35bd33254a,OPT-RFT-XATMOV88-R512-v1:0162,XATMOV_C2_14_2447_z2_22,db349f8ed1ba106a617cc6fb5b3836ca8afc21c58d4ba7aaa91200f0ece7fbb4,162,cross_family_test_set,XATMOV/structures/XATMOV_C2_14_2447_z2_22.cif,48d873f5622a3fc8620d3d059557ed01dd9b5783e9bb62306a832c45945ffbd3,db349f8ed1ba106a617cc6fb5b3836ca8afc21c58d4ba7aaa91200f0ece7fbb4,0,88,"[""C"", ""C"", ""N"", ""C"", ""H"", ""H"", ""H"", ""H"", ""H"", ""H"", ""H"", ""C"", ""C"", ""N"", ""C"", ""H"", ""H"", ""H"", ""H"", ""H"", ""H"", ""H"", ""C"", ""C"", ""N"", ""C"", ""H"", ""H"", ""H"", ""H"", ""H"", ""H"", ""H"", ""C"", ""C"", ""N"", ""C"", ""H"", ""H"", ""H"", ""H"", ""H"", ""H"", ""H"", ""C"", ""C"", ""N"", ""C"", ""H"", ""H"", ""H"", ""H"", ""H"", ""H"", ""H"", ""C"", ""C"", ""N"", ""C"", ""H"", ""H"", ""H"", ""H"", ""H"", ""H"", ""H"", ""C"", ""C"", ""N"", ""C"", ""H"", ""H"", ""H"", ""H"", ""H"", ""H"", ""H"", ""C"", ""C"", ""N"", ""C"", ""H"", ""H"", ""H"", ""H"", ""H"", ""H"", ""H""]",C24H56N8,"[true, true, true]","[21.077913866259408, 0.0, 0.0, 0.0, 8.212137010874045, 0.0, -4.532287168869903, 0.0, 12.177623562597027]",2107.8822991019297,[],"{""cutoff=6.000_skin=0.000"": 3120, ""cutoff=6.000_skin=0.500"": 3944}",0.0,,
OPT-RFT-XATMOV88-R512-v1,fae3cd510f7c1880e11bf0b677e0d7ad0094c8e909e2ee11e6410c35bd33254a,OPT-RFT-XATMOV88-R512-v1:0163,XATMOV_C2_14_2558_z2_22,4fcacc4c995363ec3e2ec5fc7d8ab54c8eb529d4d1433e8289a4b5cd4b73f1fb,163,cross_family_test_set,XATMOV/structures/XATMOV_C2_14_2558_z2_22.cif,ff3bf3eea5891e2e81daa126943d1bed6f296102ee661837e210367f2b65b745,4fcacc4c995363ec3e2ec5fc7d8ab54c8eb529d4d1433e8289a4b5cd4b73f1fb,0,88,"[""C"", ""C"", ""N"", ""C"", ""H"", ""H"", ""H"", ""H"", ""H"", ""H"", ""H"", ""C"", ""C"", ""N"", ""C"", ""H"", ""H"", ""H"", ""H"", ""H"", ""H"", ""H"", ""C"", ""C"", ""N"", ""C"", ""H"", ""H"", ""H"", ""H"", ""H"", ""H"", ""H"", ""C"", ""C"", ""N"", ""C"", ""H"", ""H"", ""H"", ""H"", ""H"", ""H"", ""H"", ""C"", ""C"", ""N"", ""C"", ""H"", ""H"", ""H"", ""H"", ""H"", ""H"", ""H"", ""C"", ""C"", ""N"", ""C"", ""H"", ""H"", ""H"", ""H"", ""H"", ""H"", ""H"", ""C"", ""C"", ""N"", ""C"", ""H"", ""H"", ""H"", ""H"", ""H"", ""H"", ""H"", ""C"", ""C"", ""N"", ""C"", ""H"", ""H"", ""H"", ""H"", ""H"", ""H"", ""H""]",C24H56N8,"[true, true, true]","[11.798455790880263, 0.0, 0.0, 0.0, 10.68237063352855, 0.0, -9.741731290365012, 0.0, 17.14823423020002]",2161.285892254273,[],"{""cutoff=6.000_skin=0.000"": 3124, ""cutoff=6.000_skin=0.500"": 3944}",0.0,,
OPT-RFT-XATMOV88-R512-v1,fae3cd510f7c1880e11bf0b677e0d7ad0094c8e909e2ee11e6410c35bd33254a,OPT-RFT-XATMOV88-R512-v1:0164,XATMOV_C1_14_7178_z2_22,e93b3bdc250693d0f31ca5c87c1fcaad2f15b6df25c77f4c088089be3bd446fa,164,cross_family_test_set,XATMOV/structures/XATMOV_C1_14_7178_z2_22.cif,19c286221e5bf959c112f579628a3526d52d21a98392a9a86227d1afeaa324dc,e93b3bdc250693d0f31ca5c87c1fcaad2f15b6df25c77f4c088089be3bd446fa,0,88,"[""C"", ""C"", ""N"", ""C"", ""H"", ""H"", ""H"", ""H"", ""H"", ""H"", ""H"", ""C"", ""C"", ""N"", ""C"", ""H"", ""H"", ""H"", ""H"", ""H"", ""H"", ""H"", ""C"", ""C"", ""N"", ""C"", ""H"", ""H"", ""H"", ""H"", ""H"", ""H"", ""H"", ""C"", ""C"", ""N"", ""C"", ""H"", ""H"", ""H"", ""H"", ""H"", ""H"", ""H"", ""C"", ""C"", ""N"", ""C"", ""H"", ""H"", ""H"", ""H"", ""H"", ""H"", ""H"", ""C"", ""C"", ""N"", ""C"", ""H"", ""H"", ""H"", ""H"", ""H"", ""H"", ""H"", ""C"", ""C"", ""N"", ""C"", ""H"", ""H"", ""H"", ""H"", ""H"", ""H"", ""H"", ""C"", ""C"", ""N"", ""C"", ""H"", ""H"", ""H"", ""H"", ""H"", ""H"", ""H""]",C24H56N8,"[true, true, true]","[12.60903423236821, 0.0, 0.0, 0.0, 11.092474947636148, 0.0, -1.4109176564082428, 0.0, 14.283009429850317]",1997.6987747829958,[],"{""cutoff=6.000_skin=0.000"": 3136, ""cutoff=6.000_skin=0.500"": 3988}",0.0,,
OPT-RFT-XATMOV88-R512-v1,fae3cd510f7c1880e11bf0b677e0d7ad0094c8e909e2ee11e6410c35bd33254a,OPT-RFT-XATMOV88-R512-v1:0165,XATMOV_C2_14_926_z2_22,e91fb9e46bec93dbd8a0dbbbf8a7309aaaa7b0cbf9a0d710ec53bbe5983a7f8a,165,cross_family_test_set,XATMOV/structures/XATMOV_C2_14_926_z2_22.cif,3b090b202bfca699fc72c63ca173f36a485f70db85cd3cb3371e0ff45b0db65f,e91fb9e46bec93dbd8a0dbbbf8a7309aaaa7b0cbf9a0d710ec53bbe5983a7f8a,0,88,"[""C"", ""C"", ""N"", ""C"", ""H"", ""H"", ""H"", ""H"", ""H"", ""H"", ""H"", ""C"", ""C"", ""N"", ""C"", ""H"", ""H"", ""H"", ""H"", ""H"", ""H"", ""H"", ""C"", ""C"", ""N"", ""C"", ""H"", ""H"", ""H"", ""H"", ""H"", ""H"", ""H"", ""C"", ""C"", ""N"", ""C"", ""H"", ""H"", ""H"", ""H"", ""H"", ""H"", ""H"", ""C"", ""C"", ""N"", ""C"", ""H"", ""H"", ""H"", ""H"", ""H"", ""H"", ""H"", ""C"", ""C"", ""N"", ""C"", ""H"", ""H"", ""H"", ""H"", ""H"", ""H"", ""H"", ""C"", ""C"", ""N"", ""C"", ""H"", ""H"", ""H"", ""H"", ""H"", ""H"", ""H"", ""C"", ""C"", ""N"", ""C"", ""H"", ""H"", ""H"", ""H"", ""H"", ""H"", ""H""]",C24H56N8,"[true, true, true]","[16.0375744411173, 0.0, 0.0, 0.0, 15.042688974048943, 0.0, 4.85639901556279, 0.0, 8.434128131294425]",2034.7186031665783,[],"{""cutoff=6.000_skin=0.000"": 3136, ""cutoff=6.000_skin=0.500"": 4052}",0.0,,
OPT-RFT-XATMOV88-R512-v1,fae3cd510f7c1880e11bf0b677e0d7ad0094c8e909e2ee11e6410c35bd33254a,OPT-RFT-XATMOV88-R512-v1:0166,XATMOV_C2_14_123_z2_22,102bc1a656eba457393d88ba9f95b424c641193d07bed63114bc7acf104408f7,166,cross_family_test_set,XATMOV/structures/XATMOV_C2_14_123_z2_22.cif,ebe5666bd7d9c797ac76b8ad9548eff64fb47efb5aaab544e981ed3fed39056a,102bc1a656eba457393d88ba9f95b424c641193d07bed63114bc7acf104408f7,0,88,"[""C"", ""C"", ""N"", ""C"", ""H"", ""H"", ""H"", ""H"", ""H"", ""H"", ""H"", ""C"", ""C"", ""N"", ""C"", ""H"", ""H"", ""H"", ""H"", ""H"", ""H"", ""H"", ""C"", ""C"", ""N"", ""C"", ""H"", ""H"", ""H"", ""H"", ""H"", ""H"", ""H"", ""C"", ""C"", ""N"", ""C"", ""H"", ""H"", ""H"", ""H"", ""H"", ""H"", ""H"", ""C"", ""C"", ""N"", ""C"", ""H"", ""H"", ""H"", ""H"", ""H"", ""H"", ""H"", ""C"", ""C"", ""N"", ""C"", ""H"", ""H"", ""H"", ""H"", ""H"", ""H"", ""H"", ""C"", ""C"", ""N"", ""C"", ""H"", ""H"", ""H"", ""H"", ""H"", ""H"", ""H"", ""C"", ""C"", ""N"", ""C"", ""H"", ""H"", ""H"", ""H"", ""H"", ""H"", ""H""]",C24H56N8,"[true, true, true]","[10.282890131974014, 0.0, 0.0, 0.0, 22.096024841770298, 0.0, -1.649238957124935, 0.0, 10.282246825187025]",2336.2395402254206,[],"{""cutoff=6.000_skin=0.000"": 3140, ""cutoff=6.000_skin=0.500"": 3816}",0.0,,
OPT-RFT-XATMOV88-R512-v1,fae3cd510f7c1880e11bf0b677e0d7ad0094c8e909e2ee11e6410c35bd33254a,OPT-RFT-XATMOV88-R512-v1:0167,XATMOV_C1_14_3613_z2_22,5c72409445f043623841eebb97484e6437a6c3ca858a13fddbde42f709dce0e9,167,cross_family_test_set,XATMOV/structures/XATMOV_C1_14_3613_z2_22.cif,95c7b809a66fd4b4c66fabc4fbb3cc1eb0885aed639eee3771e8ed13675009a5,5c72409445f043623841eebb97484e6437a6c3ca858a13fddbde42f709dce0e9,0,88,"[""C"", ""C"", ""N"", ""C"", ""H"", ""H"", ""H"", ""H"", ""H"", ""H"", ""H"", ""C"", ""C"", ""N"", ""C"", ""H"", ""H"", ""H"", ""H"", ""H"", ""H"", ""H"", ""C"", ""C"", ""N"", ""C"", ""H"", ""H"", ""H"", ""H"", ""H"", ""H"", ""H"", ""C"", ""C"", ""N"", ""C"", ""H"", ""H"", ""H"", ""H"", ""H"", ""H"", ""H"", ""C"", ""C"", ""N"", ""C"", ""H"", ""H"", ""H"", ""H"", ""H"", ""H"", ""H"", ""C"", ""C"", ""N"", ""C"", ""H"", ""H"", ""H"", ""H"", ""H"", ""H"", ""H"", ""C"", ""C"", ""N"", ""C"", ""H"", ""H"", ""H"", ""H"", ""H"", ""H"", ""H"", ""C"", ""C"", ""N"", ""C"", ""H"", ""H"", ""H"", ""H"", ""H"", ""H"", ""H""]",C24H56N8,"[true, true, true]","[10.297285250956584, 0.0, 0.0, 0.0, 15.542235275750393, 0.0, -8.04248271228518, 0.0, 14.219063179232702]",2275.6591121752913,[],"{""cutoff=6.000_skin=0.000"": 3148, ""cutoff=6.000_skin=0.500"": 3752}",0.0,,
OPT-RFT-XATMOV88-R512-v1,fae3cd510f7c1880e11bf0b677e0d7ad0094c8e909e2ee11e6410c35bd33254a,OPT-RFT-XATMOV88-R512-v1:0168,XATMOV_C1_14_6516_z2_22,8c0633516dca7060d53c5b2d637db3bc415114960a8da4521603e3f1c77ccbd8,168,cross_family_test_set,XATMOV/structures/XATMOV_C1_14_6516_z2_22.cif,5713190f7ee8756a5f585e957d3a99ac5bbb36d84c2db713ef45e89656e55341,8c0633516dca7060d53c5b2d637db3bc415114960a8da4521603e3f1c77ccbd8,0,88,"[""C"", ""C"", ""N"", ""C"", ""H"", ""H"", ""H"", ""H"", ""H"", ""H"", ""H"", ""C"", ""C"", ""N"", ""C"", ""H"", ""H"", ""H"", ""H"", ""H"", ""H"", ""H"", ""C"", ""C"", ""N"", ""C"", ""H"", ""H"", ""H"", ""H"", ""H"", ""H"", ""H"", ""C"", ""C"", ""N"", ""C"", ""H"", ""H"", ""H"", ""H"", ""H"", ""H"", ""H"", ""C"", ""C"", ""N"", ""C"", ""H"", ""H"", ""H"", ""H"", ""H"", ""H"", ""H"", ""C"", ""C"", ""N"", ""C"", ""H"", ""H"", ""H"", ""H"", ""H"", ""H"", ""H"", ""C"", ""C"", ""N"", ""C"", ""H"", ""H"", ""H"", ""H"", ""H"", ""H"", ""H"", ""C"", ""C"", ""N"", ""C"", ""H"", ""H"", ""H"", ""H"", ""H"", ""H"", ""H""]",C24H56N8,"[true, true, true]","[21.667176121276057, 0.0, 0.0, 0.0, 9.138738491518168, 0.0, 3.423807993500009, 0.0, 9.884804796364396]",1957.2966863315357,[],"{""cutoff=6.000_skin=0.000"": 3152, ""cutoff=6.000_skin=0.500"": 4128}",0.0,,
OPT-RFT-XATMOV88-R512-v1,fae3cd510f7c1880e11bf0b677e0d7ad0094c8e909e2ee11e6410c35bd33254a,OPT-RFT-XATMOV88-R512-v1:0169,XATMOV_C1_14_3576_z2_22,df102727231872518442395a574bb6e8efe2b22b56c699aff632652511598a8c,169,cross_family_test_set,XATMOV/structures/XATMOV_C1_14_3576_z2_22.cif,1a65b62bd99ff827184050d3db4a5dbba2997281f5ac51b43008c928010fa7d6,df102727231872518442395a574bb6e8efe2b22b56c699aff632652511598a8c,0,88,"[""C"", ""C"", ""N"", ""C"", ""H"", ""H"", ""H"", ""H"", ""H"", ""H"", ""H"", ""C"", ""C"", ""N"", ""C"", ""H"", ""H"", ""H"", ""H"", ""H"", ""H"", ""H"", ""C"", ""C"", ""N"", ""C"", ""H"", ""H"", ""H"", ""H"", ""H"", ""H"", ""H"", ""C"", ""C"", ""N"", ""C"", ""H"", ""H"", ""H"", ""H"", ""H"", ""H"", ""H"", ""C"", ""C"", ""N"", ""C"", ""H"", ""H"", ""H"", ""H"", ""H"", ""H"", ""H"", ""C"", ""C"", ""N"", ""C"", ""H"", ""H"", ""H"", ""H"", ""H"", ""H"", ""H"", ""C"", ""C"", ""N"", ""C"", ""H"", ""H"", ""H"", ""H"", ""H"", ""H"", ""H"", ""C"", ""C"", ""N"", ""C"", ""H"", ""H"", ""H"", ""H"", ""H"", ""H"", ""H""]",C24H56N8,"[true, true, true]","[12.52036292554004, 0.0, 0.0, 0.0, 15.072417486048622, 0.0, 8.425668571814036, 0.0, 11.588178088447126]",2186.8298520571416,[],"{""cutoff=6.000_skin=0.000"": 3156, ""cutoff=6.000_skin=0.500"": 4000}",0.0,,
OPT-RFT-XATMOV88-R512-v1,fae3cd510f7c1880e11bf0b677e0d7ad0094c8e909e2ee11e6410c35bd33254a,OPT-RFT-XATMOV88-R512-v1:0170,XATMOV_C2_14_4496_z2_22,4f189ae86bba317fd83017a45091bf1e5d72c5ebdf7cfc82b362e0770add162e,170,cross_family_test_set,XATMOV/structures/XATMOV_C2_14_4496_z2_22.cif,29e2a6bd3e47844e54cd8a970b4298639ebe079ceba9bfadd7affe2cabb23451,4f189ae86bba317fd83017a45091bf1e5d72c5ebdf7cfc82b362e0770add162e,0,88,"[""C"", ""C"", ""N"", ""C"", ""H"", ""H"", ""H"", ""H"", ""H"", ""H"", ""H"", ""C"", ""C"", ""N"", ""C"", ""H"", ""H"", ""H"", ""H"", ""H"", ""H"", ""H"", ""C"", ""C"", ""N"", ""C"", ""H"", ""H"", ""H"", ""H"", ""H"", ""H"", ""H"", ""C"", ""C"", ""N"", ""C"", ""H"", ""H"", ""H"", ""H"", ""H"", ""H"", ""H"", ""C"", ""C"", ""N"", ""C"", ""H"", ""H"", ""H"", ""H"", ""H"", ""H"", ""H"", ""C"", ""C"", ""N"", ""C"", ""H"", ""H"", ""H"", ""H"", ""H"", ""H"", ""H"", ""C"", ""C"", ""N"", ""C"", ""H"", ""H"", ""H"", ""H"", ""H"", ""H"", ""H"", ""C"", ""C"", ""N"", ""C"", ""H"", ""H"", ""H"", ""H"", ""H"", ""H"", ""H""]",C24H56N8,"[true, true, true]","[11.919094827411318, 0.0, 0.0, 0.0, 18.31002984027026, 0.0, 1.582614211097641, 0.0, 10.269329096077195]",2241.1679273289233,[],"{""cutoff=6.000_skin=0.000"": 3156, ""cutoff=6.000_skin=0.500"": 3996}",0.0,,
OPT-RFT-XATMOV88-R512-v1,fae3cd510f7c1880e11bf0b677e0d7ad0094c8e909e2ee11e6410c35bd33254a,OPT-RFT-XATMOV88-R512-v1:0171,XATMOV_C2_14_69_z2_22,994833ed8e1b3b2c02ab9e69706861f48e80d0c37e5eab8edf2f393342a92363,171,cross_family_test_set,XATMOV/structures/XATMOV_C2_14_69_z2_22.cif,665b824948104d197eca6b0f473e66ef5af90bc438dd4945cfac00bd6c7e8406,994833ed8e1b3b2c02ab9e69706861f48e80d0c37e5eab8edf2f393342a92363,0,88,"[""C"", ""C"", ""N"", ""C"", ""H"", ""H"", ""H"", ""H"", ""H"", ""H"", ""H"", ""C"", ""C"", ""N"", ""C"", ""H"", ""H"", ""H"", ""H"", ""H"", ""H"", ""H"", ""C"", ""C"", ""N"", ""C"", ""H"", ""H"", ""H"", ""H"", ""H"", ""H"", ""H"", ""C"", ""C"", ""N"", ""C"", ""H"", ""H"", ""H"", ""H"", ""H"", ""H"", ""H"", ""C"", ""C"", ""N"", ""C"", ""H"", ""H"", ""H"", ""H"", ""H"", ""H"", ""H"", ""C"", ""C"", ""N"", ""C"", ""H"", ""H"", ""H"", ""H"", ""H"", ""H"", ""H"", ""C"", ""C"", ""N"", ""C"", ""H"", ""H"", ""H"", ""H"", ""H"", ""H"", ""H"", ""C"", ""C"", ""N"", ""C"", ""H"", ""H"", ""H"", ""H"", ""H"", ""H"", ""H""]",C24H56N8,"[true, true, true]","[11.634188238846143, 0.0, 0.0, 0.0, 11.62806409817884, 0.0, -10.239692881495538, 0.0, 15.669729269088212]",2119.8493412633043,[],"{""cutoff=6.000_skin=0.000"": 3156, ""cutoff=6.000_skin=0.500"": 4044}",0.0,,
OPT-RFT-XATMOV88-R512-v1,fae3cd510f7c1880e11bf0b677e0d7ad0094c8e909e2ee11e6410c35bd33254a,OPT-RFT-XATMOV88-R512-v1:0172,XATMOV_C1_14_3990_z2_22,efe00a9e09fe2367554e612f5ee2cd3207358481d8dcbf202eeaef1f8022c79c,172,cross_family_test_set,XATMOV/structures/XATMOV_C1_14_3990_z2_22.cif,441698f16fafcf0092e5cda4f9b9308e8d48f67d85c9ad14fda0b104840ae3d6,efe00a9e09fe2367554e612f5ee2cd3207358481d8dcbf202eeaef1f8022c79c,0,88,"[""C"", ""C"", ""N"", ""C"", ""H"", ""H"", ""H"", ""H"", ""H"", ""H"", ""H"", ""C"", ""C"", ""N"", ""C"", ""H"", ""H"", ""H"", ""H"", ""H"", ""H"", ""H"", ""C"", ""C"", ""N"", ""C"", ""H"", ""H"", ""H"", ""H"", ""H"", ""H"", ""H"", ""C"", ""C"", ""N"", ""C"", ""H"", ""H"", ""H"", ""H"", ""H"", ""H"", ""H"", ""C"", ""C"", ""N"", ""C"", ""H"", ""H"", ""H"", ""H"", ""H"", ""H"", ""H"", ""C"", ""C"", ""N"", ""C"", ""H"", ""H"", ""H"", ""H"", ""H"", ""H"", ""H"", ""C"", ""C"", ""N"", ""C"", ""H"", ""H"", ""H"", ""H"", ""H"", ""H"", ""H"", ""C"", ""C"", ""N"", ""C"", ""H"", ""H"", ""H"", ""H"", ""H"", ""H"", ""H""]",C24H56N8,"[true, true, true]","[12.500505937880746, 0.0, 0.0, 0.0, 14.555380178047216, 0.0, 4.874511347380357, 0.0, 11.761955760308917]",2140.0833380408503,[],"{""cutoff=6.000_skin=0.000"": 3168, ""cutoff=6.000_skin=0.500"": 4100}",0.0,,
OPT-RFT-XATMOV88-R512-v1,fae3cd510f7c1880e11bf0b677e0d7ad0094c8e909e2ee11e6410c35bd33254a,OPT-RFT-XATMOV88-R512-v1:0173,XATMOV_C2_14_6878_z2_22,7545e65ba1985046fd5b28f691bfa8dfd6bbb3d4e4e7cb1902f6b8b1fe56afae,173,cross_family_test_set,XATMOV/structures/XATMOV_C2_14_6878_z2_22.cif,09c44ac6192c846377566bf3f0d1482c957926ed7e5ebed8497cdf698393e746,7545e65ba1985046fd5b28f691bfa8dfd6bbb3d4e4e7cb1902f6b8b1fe56afae,0,88,"[""C"", ""C"", ""N"", ""C"", ""H"", ""H"", ""H"", ""H"", ""H"", ""H"", ""H"", ""C"", ""C"", ""N"", ""C"", ""H"", ""H"", ""H"", ""H"", ""H"", ""H"", ""H"", ""C"", ""C"", ""N"", ""C"", ""H"", ""H"", ""H"", ""H"", ""H"", ""H"", ""H"", ""C"", ""C"", ""N"", ""C"", ""H"", ""H"", ""H"", ""H"", ""H"", ""H"", ""H"", ""C"", ""C"", ""N"", ""C"", ""H"", ""H"", ""H"", ""H"", ""H"", ""H"", ""H"", ""C"", ""C"", ""N"", ""C"", ""H"", ""H"", ""H"", ""H"", ""H"", ""H"", ""H"", ""C"", ""C"", ""N"", ""C"", ""H"", ""H"", ""H"", ""H"", ""H"", ""H"", ""H"", ""C"", ""C"", ""N"", ""C"", ""H"", ""H"", ""H"", ""H"", ""H"", ""H"", ""H""]",C24H56N8,"[true, true, true]","[6.642320304256021, 0.0, 0.0, 0.0, 18.333296886823092, 0.0, 7.42809928257037, 0.0, 17.30181153582145]",2106.939002602873,[],"{""cutoff=6.000_skin=0.000"": 3176, ""cutoff=6.000_skin=0.500"": 4092}",0.0,,
OPT-RFT-XATMOV88-R512-v1,fae3cd510f7c1880e11bf0b677e0d7ad0094c8e909e2ee11e6410c35bd33254a,OPT-RFT-XATMOV88-R512-v1:0174,XATMOV_C2_14_7092_z2_22,aca3fed9dc666c6c5037ca1ed512375969b5a9f2a23cdee64ccdcc1b912da288,174,cross_family_test_set,XATMOV/structures/XATMOV_C2_14_7092_z2_22.cif,8203490e8d9ca9545227f49d4d7626e889ffd5aaa6b34ffeac9e6f5c5be3c361,aca3fed9dc666c6c5037ca1ed512375969b5a9f2a23cdee64ccdcc1b912da288,0,88,"[""C"", ""C"", ""N"", ""C"", ""H"", ""H"", ""H"", ""H"", ""H"", ""H"", ""H"", ""C"", ""C"", ""N"", ""C"", ""H"", ""H"", ""H"", ""H"", ""H"", ""H"", ""H"", ""C"", ""C"", ""N"", ""C"", ""H"", ""H"", ""H"", ""H"", ""H"", ""H"", ""H"", ""C"", ""C"", ""N"", ""C"", ""H"", ""H"", ""H"", ""H"", ""H"", ""H"", ""H"", ""C"", ""C"", ""N"", ""C"", ""H"", ""H"", ""H"", ""H"", ""H"", ""H"", ""H"", ""C"", ""C"", ""N"", ""C"", ""H"", ""H"", ""H"", ""H"", ""H"", ""H"", ""H"", ""C"", ""C"", ""N"", ""C"", ""H"", ""H"", ""H"", ""H"", ""H"", ""H"", ""H"", ""C"", ""C"", ""N"", ""C"", ""H"", ""H"", ""H"", ""H"", ""H"", ""H"", ""H""]",C24H56N8,"[true, true, true]","[12.916930472138901, 0.0, 0.0, 0.0, 13.7652917774083, 0.0, -7.67635084576837, 0.0, 11.593258497808193]",2061.343000149824,[],"{""cutoff=6.000_skin=0.000"": 3180, ""cutoff=6.000_skin=0.500"": 3984}",0.0,,
OPT-RFT-XATMOV88-R512-v1,fae3cd510f7c1880e11bf0b677e0d7ad0094c8e909e2ee11e6410c35bd33254a,OPT-RFT-XATMOV88-R512-v1:0175,XATMOV_C2_14_6757_z2_22,18d3c53772b3b4133c958aa9fb0e7631a073615dabbbf6f06c2c306d475dcede,175,cross_family_test_set,XATMOV/structures/XATMOV_C2_14_6757_z2_22.cif,3b68c29fe8ad471649a784cf408a27cbb2bff129b9bb3addefee0a30ee947837,18d3c53772b3b4133c958aa9fb0e7631a073615dabbbf6f06c2c306d475dcede,0,88,"[""C"", ""C"", ""N"", ""C"", ""H"", ""H"", ""H"", ""H"", ""H"", ""H"", ""H"", ""C"", ""C"", ""N"", ""C"", ""H"", ""H"", ""H"", ""H"", ""H"", ""H"", ""H"", ""C"", ""C"", ""N"", ""C"", ""H"", ""H"", ""H"", ""H"", ""H"", ""H"", ""H"", ""C"", ""C"", ""N"", ""C"", ""H"", ""H"", ""H"", ""H"", ""H"", ""H"", ""H"", ""C"", ""C"", ""N"", ""C"", ""H"", ""H"", ""H"", ""H"", ""H"", ""H"", ""H"", ""C"", ""C"", ""N"", ""C"", ""H"", ""H"", ""H"", ""H"", ""H"", ""H"", ""H"", ""C"", ""C"", ""N"", ""C"", ""H"", ""H"", ""H"", ""H"", ""H"", ""H"", ""H"", ""C"", ""C"", ""N"", ""C"", ""H"", ""H"", ""H"", ""H"", ""H"", ""H"", ""H""]",C24H56N8,"[true, true, true]","[11.618685789155883, 0.0, 0.0, 0.0, 10.809907754586924, 0.0, 3.3130616371837083, 0.0, 15.392661921686669]",1933.2709527520083,[],"{""cutoff=6.000_skin=0.000"": 3184, ""cutoff=6.000_skin=0.500"": 4252}",0.0,,
OPT-RFT-XATMOV88-R512-v1,fae3cd510f7c1880e11bf0b677e0d7ad0094c8e909e2ee11e6410c35bd33254a,OPT-RFT-XATMOV88-R512-v1:0176,XATMOV_C1_14_5778_z2_22,df074eeb060e94d2711c943aaa65c54202b5ce4dd872da5002c147b36f3eed05,176,cross_family_test_set,XATMOV/structures/XATMOV_C1_14_5778_z2_22.cif,7892bfcda1f54ae21aa6f5a4578797d1c76c274c7e05f87c6376b2b87fbcf0ab,df074eeb060e94d2711c943aaa65c54202b5ce4dd872da5002c147b36f3eed05,0,88,"[""C"", ""C"", ""N"", ""C"", ""H"", ""H"", ""H"", ""H"", ""H"", ""H"", ""H"", ""C"", ""C"", ""N"", ""C"", ""H"", ""H"", ""H"", ""H"", ""H"", ""H"", ""H"", ""C"", ""C"", ""N"", ""C"", ""H"", ""H"", ""H"", ""H"", ""H"", ""H"", ""H"", ""C"", ""C"", ""N"", ""C"", ""H"", ""H"", ""H"", ""H"", ""H"", ""H"", ""H"", ""C"", ""C"", ""N"", ""C"", ""H"", ""H"", ""H"", ""H"", ""H"", ""H"", ""H"", ""C"", ""C"", ""N"", ""C"", ""H"", ""H"", ""H"", ""H"", ""H"", ""H"", ""H"", ""C"", ""C"", ""N"", ""C"", ""H"", ""H"", ""H"", ""H"", ""H"", ""H"", ""H"", ""C"", ""C"", ""N"", ""C"", ""H"", ""H"", ""H"", ""H"", ""H"", ""H"", ""H""]",C24H56N8,"[true, true, true]","[9.206753677055723, 0.0, 0.0, 0.0, 17.464999965467356, 0.0, 8.31327363032497, 0.0, 14.341758777763577]",2306.0967653734488,[],"{""cutoff=6.000_skin=0.000"": 3188, ""cutoff=6.000_skin=0.500"": 3972}",0.0,,
OPT-RFT-XATMOV88-R512-v1,fae3cd510f7c1880e11bf0b677e0d7ad0094c8e909e2ee11e6410c35bd33254a,OPT-RFT-XATMOV88-R512-v1:0177,XATMOV_C2_14_4141_z2_22,d713a685c6d066e8ed95d3942842138bdd006be779ec5186266e5be2c1a7d3b4,177,cross_family_test_set,XATMOV/structures/XATMOV_C2_14_4141_z2_22.cif,d7f374d4097de2e254d54bb530f8a0fec47723f8692ac2ee1293b83d5445f1db,d713a685c6d066e8ed95d3942842138bdd006be779ec5186266e5be2c1a7d3b4,0,88,"[""C"", ""C"", ""N"", ""C"", ""H"", ""H"", ""H"", ""H"", ""H"", ""H"", ""H"", ""C"", ""C"", ""N"", ""C"", ""H"", ""H"", ""H"", ""H"", ""H"", ""H"", ""H"", ""C"", ""C"", ""N"", ""C"", ""H"", ""H"", ""H"", ""H"", ""H"", ""H"", ""H"", ""C"", ""C"", ""N"", ""C"", ""H"", ""H"", ""H"", ""H"", ""H"", ""H"", ""H"", ""C"", ""C"", ""N"", ""C"", ""H"", ""H"", ""H"", ""H"", ""H"", ""H"", ""H"", ""C"", ""C"", ""N"", ""C"", ""H"", ""H"", ""H"", ""H"", ""H"", ""H"", ""H"", ""C"", ""C"", ""N"", ""C"", ""H"", ""H"", ""H"", ""H"", ""H"", ""H"", ""H"", ""C"", ""C"", ""N"", ""C"", ""H"", ""H"", ""H"", ""H"", ""H"", ""H"", ""H""]",C24H56N8,"[true, true, true]","[12.170541669421695, 0.0, 0.0, 0.0, 12.420564688301596, 0.0, 2.4119039876135475, 0.0, 12.831082484465826]",1939.6105850053275,[],"{""cutoff=6.000_skin=0.000"": 3196, ""cutoff=6.000_skin=0.500"": 4140}",0.0,,
OPT-RFT-XATMOV88-R512-v1,fae3cd510f7c1880e11bf0b677e0d7ad0094c8e909e2ee11e6410c35bd33254a,OPT-RFT-XATMOV88-R512-v1:0178,XATMOV_C1_14_386_z2_22,f9402137ba3c113963826143461548a15ceac9fe7975da3795e92fd94af70d8e,178,cross_family_test_set,XATMOV/structures/XATMOV_C1_14_386_z2_22.cif,c05f019b42c342e3b81424da17f9d65c906e4a4bb8b42172e43f383529292702,f9402137ba3c113963826143461548a15ceac9fe7975da3795e92fd94af70d8e,0,88,"[""C"", ""C"", ""N"", ""C"", ""H"", ""H"", ""H"", ""H"", ""H"", ""H"", ""H"", ""C"", ""C"", ""N"", ""C"", ""H"", ""H"", ""H"", ""H"", ""H"", ""H"", ""H"", ""C"", ""C"", ""N"", ""C"", ""H"", ""H"", ""H"", ""H"", ""H"", ""H"", ""H"", ""C"", ""C"", ""N"", ""C"", ""H"", ""H"", ""H"", ""H"", ""H"", ""H"", ""H"", ""C"", ""C"", ""N"", ""C"", ""H"", ""H"", ""H"", ""H"", ""H"", ""H"", ""H"", ""C"", ""C"", ""N"", ""C"", ""H"", ""H"", ""H"", ""H"", ""H"", ""H"", ""H"", ""C"", ""C"", ""N"", ""C"", ""H"", ""H"", ""H"", ""H"", ""H"", ""H"", ""H"", ""C"", ""C"", ""N"", ""C"", ""H"", ""H"", ""H"", ""H"", ""H"", ""H"", ""H""]",C24H56N8,"[true, true, true]","[14.823327403306834, 0.0, 0.0, 0.0, 9.516047993172045, 0.0, 5.751376070940667, 0.0, 14.361663963131987]",2025.8490658320738,[],"{""cutoff=6.000_skin=0.000"": 3208, ""cutoff=6.000_skin=0.500"": 4080}",0.0,,
OPT-RFT-XATMOV88-R512-v1,fae3cd510f7c1880e11bf0b677e0d7ad0094c8e909e2ee11e6410c35bd33254a,OPT-RFT-XATMOV88-R512-v1:0179,XATMOV_C1_14_2605_z2_22,d085247c2708df959bf6341f166e92df26898ff167a7730d843773ba15890a8f,179,cross_family_test_set,XATMOV/structures/XATMOV_C1_14_2605_z2_22.cif,d22be5f4d64e653f1d10071b424223739c2da8ba84510e91b288b1016a28e78b,d085247c2708df959bf6341f166e92df26898ff167a7730d843773ba15890a8f,0,88,"[""C"", ""C"", ""N"", ""C"", ""H"", ""H"", ""H"", ""H"", ""H"", ""H"", ""H"", ""C"", ""C"", ""N"", ""C"", ""H"", ""H"", ""H"", ""H"", ""H"", ""H"", ""H"", ""C"", ""C"", ""N"", ""C"", ""H"", ""H"", ""H"", ""H"", ""H"", ""H"", ""H"", ""C"", ""C"", ""N"", ""C"", ""H"", ""H"", ""H"", ""H"", ""H"", ""H"", ""H"", ""C"", ""C"", ""N"", ""C"", ""H"", ""H"", ""H"", ""H"", ""H"", ""H"", ""H"", ""C"", ""C"", ""N"", ""C"", ""H"", ""H"", ""H"", ""H"", ""H"", ""H"", ""H"", ""C"", ""C"", ""N"", ""C"", ""H"", ""H"", ""H"", ""H"", ""H"", ""H"", ""H"", ""C"", ""C"", ""N"", ""C"", ""H"", ""H"", ""H"", ""H"", ""H"", ""H"", ""H""]",C24H56N8,"[true, true, true]","[8.725758078044578, 0.0, 0.0, 0.0, 15.854605126725403, 0.0, -8.92696468059311, 0.0, 13.512372989842142]",1869.3482803290897,[],"{""cutoff=6.000_skin=0.000"": 3212, ""cutoff=6.000_skin=0.500"": 4188}",0.0,,
OPT-RFT-XATMOV88-R512-v1,fae3cd510f7c1880e11bf0b677e0d7ad0094c8e909e2ee11e6410c35bd33254a,OPT-RFT-XATMOV88-R512-v1:0180,XATMOV_C1_14_967_z2_22,b2d20f23a14af69825a92a8d1b6da416ccf401c6ca0fdbf5c54d0d4dd7cb056e,180,cross_family_test_set,XATMOV/structures/XATMOV_C1_14_967_z2_22.cif,6ccee9321ec0187721b7fb60ab4daa4c2b99ef3a4f7ef1ff133abc56ff06a84c,b2d20f23a14af69825a92a8d1b6da416ccf401c6ca0fdbf5c54d0d4dd7cb056e,0,88,"[""C"", ""C"", ""N"", ""C"", ""H"", ""H"", ""H"", ""H"", ""H"", ""H"", ""H"", ""C"", ""C"", ""N"", ""C"", ""H"", ""H"", ""H"", ""H"", ""H"", ""H"", ""H"", ""C"", ""C"", ""N"", ""C"", ""H"", ""H"", ""H"", ""H"", ""H"", ""H"", ""H"", ""C"", ""C"", ""N"", ""C"", ""H"", ""H"", ""H"", ""H"", ""H"", ""H"", ""H"", ""C"", ""C"", ""N"", ""C"", ""H"", ""H"", ""H"", ""H"", ""H"", ""H"", ""H"", ""C"", ""C"", ""N"", ""C"", ""H"", ""H"", ""H"", ""H"", ""H"", ""H"", ""H"", ""C"", ""C"", ""N"", ""C"", ""H"", ""H"", ""H"", ""H"", ""H"", ""H"", ""H"", ""C"", ""C"", ""N"", ""C"", ""H"", ""H"", ""H"", ""H"", ""H"", ""H"", ""H""]",C24H56N8,"[true, true, true]","[20.720007215186925, 0.0, 0.0, 0.0, 9.511672700518446, 0.0, -2.7007995219383196, 0.0, 10.555715110200474]",2080.340674604401,[],"{""cutoff=6.000_skin=0.000"": 3216, ""cutoff=6.000_skin=0.500"": 4088}",0.0,,
OPT-RFT-XATMOV88-R512-v1,fae3cd510f7c1880e11bf0b677e0d7ad0094c8e909e2ee11e6410c35bd33254a,OPT-RFT-XATMOV88-R512-v1:0181,XATMOV_C2_14_3881_z2_22,c9ef31e589e5ec062c711a8b40f2c4229c1040ea0a83eaa5b14e83bd769df5fd,181,cross_family_test_set,XATMOV/structures/XATMOV_C2_14_3881_z2_22.cif,c3c3c08a6d91653bc1931c539a35a7ad592341905e7341a69ce7f4d4d1ea2d2d,c9ef31e589e5ec062c711a8b40f2c4229c1040ea0a83eaa5b14e83bd769df5fd,0,88,"[""C"", ""C"", ""N"", ""C"", ""H"", ""H"", ""H"", ""H"", ""H"", ""H"", ""H"", ""C"", ""C"", ""N"", ""C"", ""H"", ""H"", ""H"", ""H"", ""H"", ""H"", ""H"", ""C"", ""C"", ""N"", ""C"", ""H"", ""H"", ""H"", ""H"", ""H"", ""H"", ""H"", ""C"", ""C"", ""N"", ""C"", ""H"", ""H"", ""H"", ""H"", ""H"", ""H"", ""H"", ""C"", ""C"", ""N"", ""C"", ""H"", ""H"", ""H"", ""H"", ""H"", ""H"", ""H"", ""C"", ""C"", ""N"", ""C"", ""H"", ""H"", ""H"", ""H"", ""H"", ""H"", ""H"", ""C"", ""C"", ""N"", ""C"", ""H"", ""H"", ""H"", ""H"", ""H"", ""H"", ""H"", ""C"", ""C"", ""N"", ""C"", ""H"", ""H"", ""H"", ""H"", ""H"", ""H"", ""H""]",C24H56N8,"[true, true, true]","[7.745619337166707, 0.0, 0.0, 0.0, 8.345506234184192, 0.0, -11.830365532582631, 0.0, 29.082959892794815]",1879.954939438562,[],"{""cutoff=6.000_skin=0.000"": 3220, ""cutoff=6.000_skin=0.500"": 4268}",0.0,,
OPT-RFT-XATMOV88-R512-v1,fae3cd510f7c1880e11bf0b677e0d7ad0094c8e909e2ee11e6410c35bd33254a,OPT-RFT-XATMOV88-R512-v1:0182,XATMOV_C2_14_5485_z2_22,9ef5aa1e8c81e4ada88fe883274ea461763890df163397000dac319bd28e67b8,182,cross_family_test_set,XATMOV/structures/XATMOV_C2_14_5485_z2_22.cif,96282321885cf95c40d3947f82b417d61e9eb9aa4d938ed184f26c9bd8521619,9ef5aa1e8c81e4ada88fe883274ea461763890df163397000dac319bd28e67b8,0,88,"[""C"", ""C"", ""N"", ""C"", ""H"", ""H"", ""H"", ""H"", ""H"", ""H"", ""H"", ""C"", ""C"", ""N"", ""C"", ""H"", ""H"", ""H"", ""H"", ""H"", ""H"", ""H"", ""C"", ""C"", ""N"", ""C"", ""H"", ""H"", ""H"", ""H"", ""H"", ""H"", ""H"", ""C"", ""C"", ""N"", ""C"", ""H"", ""H"", ""H"", ""H"", ""H"", ""H"", ""H"", ""C"", ""C"", ""N"", ""C"", ""H"", ""H"", ""H"", ""H"", ""H"", ""H"", ""H"", ""C"", ""C"", ""N"", ""C"", ""H"", ""H"", ""H"", ""H"", ""H"", ""H"", ""H"", ""C"", ""C"", ""N"", ""C"", ""H"", ""H"", ""H"", ""H"", ""H"", ""H"", ""H"", ""C"", ""C"", ""N"", ""C"", ""H"", ""H"", ""H"", ""H"", ""H"", ""H"", ""H""]",C24H56N8,"[true, true, true]","[13.008517478775516, 0.0, 0.0, 0.0, 14.403572343896528, 0.0, -6.979902942157911, 0.0, 9.857220078965906]",1846.9386773958875,[],"{""cutoff=6.000_skin=0.000"": 3224, ""cutoff=6.000_skin=0.500"": 4416}",0.0,,
OPT-RFT-XATMOV88-R512-v1,fae3cd510f7c1880e11bf0b677e0d7ad0094c8e909e2ee11e6410c35bd33254a,OPT-RFT-XATMOV88-R512-v1:0183,XATMOV_C1_14_2369_z2_22,6a5b6ccdd0ac87053d72f8447702ca5dff9dc7418033bf1e982b419a276f2c7d,183,cross_family_test_set,XATMOV/structures/XATMOV_C1_14_2369_z2_22.cif,d10022ea2f1b2916f5da6673345a9b22ea4b10612e03d658d82c74ddfc236c98,6a5b6ccdd0ac87053d72f8447702ca5dff9dc7418033bf1e982b419a276f2c7d,0,88,"[""C"", ""C"", ""N"", ""C"", ""H"", ""H"", ""H"", ""H"", ""H"", ""H"", ""H"", ""C"", ""C"", ""N"", ""C"", ""H"", ""H"", ""H"", ""H"", ""H"", ""H"", ""H"", ""C"", ""C"", ""N"", ""C"", ""H"", ""H"", ""H"", ""H"", ""H"", ""H"", ""H"", ""C"", ""C"", ""N"", ""C"", ""H"", ""H"", ""H"", ""H"", ""H"", ""H"", ""H"", ""C"", ""C"", ""N"", ""C"", ""H"", ""H"", ""H"", ""H"", ""H"", ""H"", ""H"", ""C"", ""C"", ""N"", ""C"", ""H"", ""H"", ""H"", ""H"", ""H"", ""H"", ""H"", ""C"", ""C"", ""N"", ""C"", ""H"", ""H"", ""H"", ""H"", ""H"", ""H"", ""H"", ""C"", ""C"", ""N"", ""C"", ""H"", ""H"", ""H"", ""H"", ""H"", ""H"", ""H""]",C24H56N8,"[true, true, true]","[12.814188796752639, 0.0, 0.0, 0.0, 13.977589223508893, 0.0, 3.9186654773671163, 0.0, 12.834564749733609]",2298.8177236281217,[],"{""cutoff=6.000_skin=0.000"": 3232, ""cutoff=6.000_skin=0.500"": 3948}",0.0,,
OPT-RFT-XATMOV88-R512-v1,fae3cd510f7c1880e11bf0b677e0d7ad0094c8e909e2ee11e6410c35bd33254a,OPT-RFT-XATMOV88-R512-v1:0184,XATMOV_C1_14_1338_z2_22,f9b298e6cf0f151fdc26457b273ab33250825e915c7ad5daf03c03c761120401,184,cross_family_test_set,XATMOV/structures/XATMOV_C1_14_1338_z2_22.cif,137b11b7208ae9e9631f8786ce3eceaca324c9047cffd8e85c23b040503144b1,f9b298e6cf0f151fdc26457b273ab33250825e915c7ad5daf03c03c761120401,0,88,"[""C"", ""C"", ""N"", ""C"", ""H"", ""H"", ""H"", ""H"", ""H"", ""H"", ""H"", ""C"", ""C"", ""N"", ""C"", ""H"", ""H"", ""H"", ""H"", ""H"", ""H"", ""H"", ""C"", ""C"", ""N"", ""C"", ""H"", ""H"", ""H"", ""H"", ""H"", ""H"", ""H"", ""C"", ""C"", ""N"", ""C"", ""H"", ""H"", ""H"", ""H"", ""H"", ""H"", ""H"", ""C"", ""C"", ""N"", ""C"", ""H"", ""H"", ""H"", ""H"", ""H"", ""H"", ""H"", ""C"", ""C"", ""N"", ""C"", ""H"", ""H"", ""H"", ""H"", ""H"", ""H"", ""H"", ""C"", ""C"", ""N"", ""C"", ""H"", ""H"", ""H"", ""H"", ""H"", ""H"", ""H"", ""C"", ""C"", ""N"", ""C"", ""H"", ""H"", ""H"", ""H"", ""H"", ""H"", ""H""]",C24H56N8,"[true, true, true]","[8.522032146866422, 0.0, 0.0, 0.0, 8.548716131303294, 0.0, 7.3570621715659685, 0.0, 26.170017573430485]",1906.5494698141554,[],"{""cutoff=6.000_skin=0.000"": 3248, ""cutoff=6.000_skin=0.500"": 4320}",0.0,,
OPT-RFT-XATMOV88-R512-v1,fae3cd510f7c1880e11bf0b677e0d7ad0094c8e909e2ee11e6410c35bd33254a,OPT-RFT-XATMOV88-R512-v1:0185,XATMOV_C2_14_2440_z2_22,12dbd516a29b7a7484524b2bedf861cf09a9eee749a930e21865a30b64f87616,185,cross_family_test_set,XATMOV/structures/XATMOV_C2_14_2440_z2_22.cif,329ece89aa37cceed9b158a91b41d3e709552e794a48fc7143f605f9bfa28026,12dbd516a29b7a7484524b2bedf861cf09a9eee749a930e21865a30b64f87616,0,88,"[""C"", ""C"", ""N"", ""C"", ""H"", ""H"", ""H"", ""H"", ""H"", ""H"", ""H"", ""C"", ""C"", ""N"", ""C"", ""H"", ""H"", ""H"", ""H"", ""H"", ""H"", ""H"", ""C"", ""C"", ""N"", ""C"", ""H"", ""H"", ""H"", ""H"", ""H"", ""H"", ""H"", ""C"", ""C"", ""N"", ""C"", ""H"", ""H"", ""H"", ""H"", ""H"", ""H"", ""H"", ""C"", ""C"", ""N"", ""C"", ""H"", ""H"", ""H"", ""H"", ""H"", ""H"", ""H"", ""C"", ""C"", ""N"", ""C"", ""H"", ""H"", ""H"", ""H"", ""H"", ""H"", ""H"", ""C"", ""C"", ""N"", ""C"", ""H"", ""H"", ""H"", ""H"", ""H"", ""H"", ""H"", ""C"", ""C"", ""N"", ""C"", ""H"", ""H"", ""H"", ""H"", ""H"", ""H"", ""H""]",C24H56N8,"[true, true, true]","[13.551154014230406, 0.0, 0.0, 0.0, 12.876640097874255, 0.0, -1.422505374139176, 0.0, 12.878727967839431]",2247.2521698675873,[],"{""cutoff=6.000_skin=0.000"": 3248, ""cutoff=6.000_skin=0.500"": 4028}",0.0,,
OPT-RFT-XATMOV88-R512-v1,fae3cd510f7c1880e11bf0b677e0d7ad0094c8e909e2ee11e6410c35bd33254a,OPT-RFT-XATMOV88-R512-v1:0186,XATMOV_C2_14_1854_z2_22,2278e9d5542068f8f80bdb7d686871490e2aba700263114175e313d2a70a5eaa,186,cross_family_test_set,XATMOV/structures/XATMOV_C2_14_1854_z2_22.cif,30b777d4799c8cae92134b8e160c30cfeda9281a2ff919886c9ebec652c22a9f,2278e9d5542068f8f80bdb7d686871490e2aba700263114175e313d2a70a5eaa,0,88,"[""C"", ""C"", ""N"", ""C"", ""H"", ""H"", ""H"", ""H"", ""H"", ""H"", ""H"", ""C"", ""C"", ""N"", ""C"", ""H"", ""H"", ""H"", ""H"", ""H"", ""H"", ""H"", ""C"", ""C"", ""N"", ""C"", ""H"", ""H"", ""H"", ""H"", ""H"", ""H"", ""H"", ""C"", ""C"", ""N"", ""C"", ""H"", ""H"", ""H"", ""H"", ""H"", ""H"", ""H"", ""C"", ""C"", ""N"", ""C"", ""H"", ""H"", ""H"", ""H"", ""H"", ""H"", ""H"", ""C"", ""C"", ""N"", ""C"", ""H"", ""H"", ""H"", ""H"", ""H"", ""H"", ""H"", ""C"", ""C"", ""N"", ""C"", ""H"", ""H"", ""H"", ""H"", ""H"", ""H"", ""H"", ""C"", ""C"", ""N"", ""C"", ""H"", ""H"", ""H"", ""H"", ""H"", ""H"", ""H""]",C24H56N8,"[true, true, true]","[13.744968950146905, 0.0, 0.0, 0.0, 12.699386100597103, 0.0, -2.4081441288309473, 0.0, 11.230219988481046]",1960.2648571580812,[],"{""cutoff=6.000_skin=0.000"": 3252, ""cutoff=6.000_skin=0.500"": 4196}",0.0,,
OPT-RFT-XATMOV88-R512-v1,fae3cd510f7c1880e11bf0b677e0d7ad0094c8e909e2ee11e6410c35bd33254a,OPT-RFT-XATMOV88-R512-v1:0187,XATMOV_C1_14_3088_z2_22,98e87d380ad167625bd0c1894da36d54b65d30d369188c949e5d6ff3924c6c65,187,cross_family_test_set,XATMOV/structures/XATMOV_C1_14_3088_z2_22.cif,0640ab7fa9476b0df26fed282ad4f180742630841d41de9eb4d77c5ce62eb952,98e87d380ad167625bd0c1894da36d54b65d30d369188c949e5d6ff3924c6c65,0,88,"[""C"", ""C"", ""N"", ""C"", ""H"", ""H"", ""H"", ""H"", ""H"", ""H"", ""H"", ""C"", ""C"", ""N"", ""C"", ""H"", ""H"", ""H"", ""H"", ""H"", ""H"", ""H"", ""C"", ""C"", ""N"", ""C"", ""H"", ""H"", ""H"", ""H"", ""H"", ""H"", ""H"", ""C"", ""C"", ""N"", ""C"", ""H"", ""H"", ""H"", ""H"", ""H"", ""H"", ""H"", ""C"", ""C"", ""N"", ""C"", ""H"", ""H"", ""H"", ""H"", ""H"", ""H"", ""H"", ""C"", ""C"", ""N"", ""C"", ""H"", ""H"", ""H"", ""H"", ""H"", ""H"", ""H"", ""C"", ""C"", ""N"", ""C"", ""H"", ""H"", ""H"", ""H"", ""H"", ""H"", ""H"", ""C"", ""C"", ""N"", ""C"", ""H"", ""H"", ""H"", ""H"", ""H"", ""H"", ""H""]",C24H56N8,"[true, true, true]","[11.624871492316368, 0.0, 0.0, 0.0, 11.335743105146534, 0.0, -14.20160892408597, 0.0, 18.587246248901177]",2449.3633123237155,[],"{""cutoff=6.000_skin=0.000"": 3264, ""cutoff=6.000_skin=0.500"": 3960}",0.0,,
OPT-RFT-XATMOV88-R512-v1,fae3cd510f7c1880e11bf0b677e0d7ad0094c8e909e2ee11e6410c35bd33254a,OPT-RFT-XATMOV88-R512-v1:0188,XATMOV_C1_14_3972_z2_22,a6874b90972ea7ae05c8f8a274748799e148871a1a8b1001a8117ef6af911ea8,188,cross_family_test_set,XATMOV/structures/XATMOV_C1_14_3972_z2_22.cif,0ed9d51e5a1d927b4919d5a14a143f80b7e2260aa90184a84d8937cddc838f6f,a6874b90972ea7ae05c8f8a274748799e148871a1a8b1001a8117ef6af911ea8,0,88,"[""C"", ""C"", ""N"", ""C"", ""H"", ""H"", ""H"", ""H"", ""H"", ""H"", ""H"", ""C"", ""C"", ""N"", ""C"", ""H"", ""H"", ""H"", ""H"", ""H"", ""H"", ""H"", ""C"", ""C"", ""N"", ""C"", ""H"", ""H"", ""H"", ""H"", ""H"", ""H"", ""H"", ""C"", ""C"", ""N"", ""C"", ""H"", ""H"", ""H"", ""H"", ""H"", ""H"", ""H"", ""C"", ""C"", ""N"", ""C"", ""H"", ""H"", ""H"", ""H"", ""H"", ""H"", ""H"", ""C"", ""C"", ""N"", ""C"", ""H"", ""H"", ""H"", ""H"", ""H"", ""H"", ""H"", ""C"", ""C"", ""N"", ""C"", ""H"", ""H"", ""H"", ""H"", ""H"", ""H"", ""H"", ""C"", ""C"", ""N"", ""C"", ""H"", ""H"", ""H"", ""H"", ""H"", ""H"", ""H""]",C24H56N8,"[true, true, true]","[12.188450515317356, 0.0, 0.0, 0.0, 14.582967088840462, 0.0, -0.5911848993766445, 0.0, 10.739891900778684]",1908.9489051442479,[],"{""cutoff=6.000_skin=0.000"": 3268, ""cutoff=6.000_skin=0.500"": 4312}",0.0,,
OPT-RFT-XATMOV88-R512-v1,fae3cd510f7c1880e11bf0b677e0d7ad0094c8e909e2ee11e6410c35bd33254a,OPT-RFT-XATMOV88-R512-v1:0189,XATMOV_C2_14_3798_z2_22,0f46952e45647289ff49cb85c27d4cb0f0e9757d77bc55d1dacdd14b05d4fa3c,189,cross_family_test_set,XATMOV/structures/XATMOV_C2_14_3798_z2_22.cif,b171cbdd45ea5ebdf0c78124e80ef4a3fcae74fb03f4007bd3a2d66968f2ab61,0f46952e45647289ff49cb85c27d4cb0f0e9757d77bc55d1dacdd14b05d4fa3c,0,88,"[""C"", ""C"", ""N"", ""C"", ""H"", ""H"", ""H"", ""H"", ""H"", ""H"", ""H"", ""C"", ""C"", ""N"", ""C"", ""H"", ""H"", ""H"", ""H"", ""H"", ""H"", ""H"", ""C"", ""C"", ""N"", ""C"", ""H"", ""H"", ""H"", ""H"", ""H"", ""H"", ""H"", ""C"", ""C"", ""N"", ""C"", ""H"", ""H"", ""H"", ""H"", ""H"", ""H"", ""H"", ""C"", ""C"", ""N"", ""C"", ""H"", ""H"", ""H"", ""H"", ""H"", ""H"", ""H"", ""C"", ""C"", ""N"", ""C"", ""H"", ""H"", ""H"", ""H"", ""H"", ""H"", ""H"", ""C"", ""C"", ""N"", ""C"", ""H"", ""H"", ""H"", ""H"", ""H"", ""H"", ""H"", ""C"", ""C"", ""N"", ""C"", ""H"", ""H"", ""H"", ""H"", ""H"", ""H"", ""H""]",C24H56N8,"[true, true, true]","[13.752113699730373, 0.0, 0.0, 0.0, 12.97339523797568, 0.0, -3.5599324919704736, 0.0, 11.573032322205265]",2064.7632873407015,[],"{""cutoff=6.000_skin=0.000"": 3276, ""cutoff=6.000_skin=0.500"": 4328}",0.0,,
OPT-RFT-XATMOV88-R512-v1,fae3cd510f7c1880e11bf0b677e0d7ad0094c8e909e2ee11e6410c35bd33254a,OPT-RFT-XATMOV88-R512-v1:0190,XATMOV_C1_14_1690_z2_22,42a0b983e163fdbf1a3b9518c3a53f8496a4f2e77a0c53404db7450758e1eb07,190,cross_family_test_set,XATMOV/structures/XATMOV_C1_14_1690_z2_22.cif,373e78858e2de28f166a9812092e12637ce5be6f94e66357d5501ad946fd9942,42a0b983e163fdbf1a3b9518c3a53f8496a4f2e77a0c53404db7450758e1eb07,0,88,"[""C"", ""C"", ""N"", ""C"", ""H"", ""H"", ""H"", ""H"", ""H"", ""H"", ""H"", ""C"", ""C"", ""N"", ""C"", ""H"", ""H"", ""H"", ""H"", ""H"", ""H"", ""H"", ""C"", ""C"", ""N"", ""C"", ""H"", ""H"", ""H"", ""H"", ""H"", ""H"", ""H"", ""C"", ""C"", ""N"", ""C"", ""H"", ""H"", ""H"", ""H"", ""H"", ""H"", ""H"", ""C"", ""C"", ""N"", ""C"", ""H"", ""H"", ""H"", ""H"", ""H"", ""H"", ""H"", ""C"", ""C"", ""N"", ""C"", ""H"", ""H"", ""H"", ""H"", ""H"", ""H"", ""H"", ""C"", ""C"", ""N"", ""C"", ""H"", ""H"", ""H"", ""H"", ""H"", ""H"", ""H"", ""C"", ""C"", ""N"", ""C"", ""H"", ""H"", ""H"", ""H"", ""H"", ""H"", ""H""]",C24H56N8,"[true, true, true]","[8.01695882008579, 0.0, 0.0, 0.0, 15.611351136102755, 0.0, -3.3691800624539385, 0.0, 15.220935877832057]",1904.9847410944183,[],"{""cutoff=6.000_skin=0.000"": 3288, ""cutoff=6.000_skin=0.500"": 4348}",0.0,,
OPT-RFT-XATMOV88-R512-v1,fae3cd510f7c1880e11bf0b677e0d7ad0094c8e909e2ee11e6410c35bd33254a,OPT-RFT-XATMOV88-R512-v1:0191,XATMOV_C1_14_6632_z2_22,923920d36da357d59e88a9856b13f2d48e7bb584a9a80e482014bae5a31bb807,191,cross_family_test_set,XATMOV/structures/XATMOV_C1_14_6632_z2_22.cif,4f1c3e926458629f2fc9efd5d81c2ca233ac5f085d91112b34cc2a855ec19ac4,923920d36da357d59e88a9856b13f2d48e7bb584a9a80e482014bae5a31bb807,0,88,"[""C"", ""C"", ""N"", ""C"", ""H"", ""H"", ""H"", ""H"", ""H"", ""H"", ""H"", ""C"", ""C"", ""N"", ""C"", ""H"", ""H"", ""H"", ""H"", ""H"", ""H"", ""H"", ""C"", ""C"", ""N"", ""C"", ""H"", ""H"", ""H"", ""H"", ""H"", ""H"", ""H"", ""C"", ""C"", ""N"", ""C"", ""H"", ""H"", ""H"", ""H"", ""H"", ""H"", ""H"", ""C"", ""C"", ""N"", ""C"", ""H"", ""H"", ""H"", ""H"", ""H"", ""H"", ""H"", ""C"", ""C"", ""N"", ""C"", ""H"", ""H"", ""H"", ""H"", ""H"", ""H"", ""H"", ""C"", ""C"", ""N"", ""C"", ""H"", ""H"", ""H"", ""H"", ""H"", ""H"", ""H"", ""C"", ""C"", ""N"", ""C"", ""H"", ""H"", ""H"", ""H"", ""H"", ""H"", ""H""]",C24H56N8,"[true, true, true]","[8.860817257144944, 0.0, 0.0, 0.0, 15.66122023005946, 0.0, 8.22496919998152, 0.0, 13.905373902011707]",1929.6655685933497,[],"{""cutoff=6.000_skin=0.000"": 3292, ""cutoff=6.000_skin=0.500"": 4176}",0.0,,
OPT-RFT-XATMOV88-R512-v1,fae3cd510f7c1880e11bf0b677e0d7ad0094c8e909e2ee11e6410c35bd33254a,OPT-RFT-XATMOV88-R512-v1:0192,XATMOV_C1_14_2880_z2_22,d5393cf5c706aff2f7895156ffdea09bf84acf8d4470c948d059a7008ff414fd,192,cross_family_test_set,XATMOV/structures/XATMOV_C1_14_2880_z2_22.cif,eb4168c32ef3137d1d22f45c4348544407b8c87f6f5fcdb98f76c41bb9f85117,d5393cf5c706aff2f7895156ffdea09bf84acf8d4470c948d059a7008ff414fd,0,88,"[""C"", ""C"", ""N"", ""C"", ""H"", ""H"", ""H"", ""H"", ""H"", ""H"", ""H"", ""C"", ""C"", ""N"", ""C"", ""H"", ""H"", ""H"", ""H"", ""H"", ""H"", ""H"", ""C"", ""C"", ""N"", ""C"", ""H"", ""H"", ""H"", ""H"", ""H"", ""H"", ""H"", ""C"", ""C"", ""N"", ""C"", ""H"", ""H"", ""H"", ""H"", ""H"", ""H"", ""H"", ""C"", ""C"", ""N"", ""C"", ""H"", ""H"", ""H"", ""H"", ""H"", ""H"", ""H"", ""C"", ""C"", ""N"", ""C"", ""H"", ""H"", ""H"", ""H"", ""H"", ""H"", ""H"", ""C"", ""C"", ""N"", ""C"", ""H"", ""H"", ""H"", ""H"", ""H"", ""H"", ""H"", ""C"", ""C"", ""N"", ""C"", ""H"", ""H"", ""H"", ""H"", ""H"", ""H"", ""H""]",C24H56N8,"[true, true, true]","[14.664411638371128, 0.0, 0.0, 0.0, 13.864365660814002, 0.0, 0.3807348910816152, 0.0, 9.82591117706849]",1997.7331715779426,[],"{""cutoff=6.000_skin=0.000"": 3296, ""cutoff=6.000_skin=0.500"": 4184}",0.0,,
OPT-RFT-XATMOV88-R512-v1,fae3cd510f7c1880e11bf0b677e0d7ad0094c8e909e2ee11e6410c35bd33254a,OPT-RFT-XATMOV88-R512-v1:0193,XATMOV_C1_14_938_z2_22,d58058e0a2b5722795afcf613f5c52681d7d9c897d765c28363bf395f7b77864,193,cross_family_test_set,XATMOV/structures/XATMOV_C1_14_938_z2_22.cif,b6d14e66a4a077ca50a9c2705bd5ba148f45979deecb81525dc541fed048399b,d58058e0a2b5722795afcf613f5c52681d7d9c897d765c28363bf395f7b77864,0,88,"[""C"", ""C"", ""N"", ""C"", ""H"", ""H"", ""H"", ""H"", ""H"", ""H"", ""H"", ""C"", ""C"", ""N"", ""C"", ""H"", ""H"", ""H"", ""H"", ""H"", ""H"", ""H"", ""C"", ""C"", ""N"", ""C"", ""H"", ""H"", ""H"", ""H"", ""H"", ""H"", ""H"", ""C"", ""C"", ""N"", ""C"", ""H"", ""H"", ""H"", ""H"", ""H"", ""H"", ""H"", ""C"", ""C"", ""N"", ""C"", ""H"", ""H"", ""H"", ""H"", ""H"", ""H"", ""H"", ""C"", ""C"", ""N"", ""C"", ""H"", ""H"", ""H"", ""H"", ""H"", ""H"", ""H"", ""C"", ""C"", ""N"", ""C"", ""H"", ""H"", ""H"", ""H"", ""H"", ""H"", ""H"", ""C"", ""C"", ""N"", ""C"", ""H"", ""H"", ""H"", ""H"", ""H"", ""H"", ""H""]",C24H56N8,"[true, true, true]","[14.025307035413896, 0.0, 0.0, 0.0, 11.83764214349577, 0.0, -4.259123668172791, 0.0, 11.94792421694118]",1983.67282424044,[],"{""cutoff=6.000_skin=0.000"": 3300, ""cutoff=6.000_skin=0.500"": 4392}",0.0,,
OPT-RFT-XATMOV88-R512-v1,fae3cd510f7c1880e11bf0b677e0d7ad0094c8e909e2ee11e6410c35bd33254a,OPT-RFT-XATMOV88-R512-v1:0194,XATMOV_C1_14_6736_z2_22,2dbdc71ff7a8a6b33a9eddb7cb9b6f914fcfa1776aa64b3cb369d3670dabda59,194,cross_family_test_set,XATMOV/structures/XATMOV_C1_14_6736_z2_22.cif,11d21b76ffee63da7aee6eaf9dca8c66362925a47afb71da709774b5acf95eb2,2dbdc71ff7a8a6b33a9eddb7cb9b6f914fcfa1776aa64b3cb369d3670dabda59,0,88,"[""C"", ""C"", ""N"", ""C"", ""H"", ""H"", ""H"", ""H"", ""H"", ""H"", ""H"", ""C"", ""C"", ""N"", ""C"", ""H"", ""H"", ""H"", ""H"", ""H"", ""H"", ""H"", ""C"", ""C"", ""N"", ""C"", ""H"", ""H"", ""H"", ""H"", ""H"", ""H"", ""H"", ""C"", ""C"", ""N"", ""C"", ""H"", ""H"", ""H"", ""H"", ""H"", ""H"", ""H"", ""C"", ""C"", ""N"", ""C"", ""H"", ""H"", ""H"", ""H"", ""H"", ""H"", ""H"", ""C"", ""C"", ""N"", ""C"", ""H"", ""H"", ""H"", ""H"", ""H"", ""H"", ""H"", ""C"", ""C"", ""N"", ""C"", ""H"", ""H"", ""H"", ""H"", ""H"", ""H"", ""H"", ""C"", ""C"", ""N"", ""C"", ""H"", ""H"", ""H"", ""H"", ""H"", ""H"", ""H""]",C24H56N8,"[true, true, true]","[5.971072278493914, 0.0, 0.0, 0.0, 21.353631008517098, 0.0, -5.1578713253464885, 0.0, 19.926290267251375]",2540.6831919721853,[],"{""cutoff=6.000_skin=0.000"": 3304, ""cutoff=6.000_skin=0.500"": 4024}",0.0,,
OPT-RFT-XATMOV88-R512-v1,fae3cd510f7c1880e11bf0b677e0d7ad0094c8e909e2ee11e6410c35bd33254a,OPT-RFT-XATMOV88-R512-v1:0195,XATMOV_C1_14_6466_z2_22,d6fc78d33d23813615a23dadfad5469dc230f6332f17e4dfc833cb841e5b64c9,195,cross_family_test_set,XATMOV/structures/XATMOV_C1_14_6466_z2_22.cif,87a28061f3abbb252468ca004ec00b7cbc846c6e96c4aeaa2f13da05d6f0eea0,d6fc78d33d23813615a23dadfad5469dc230f6332f17e4dfc833cb841e5b64c9,0,88,"[""C"", ""C"", ""N"", ""C"", ""H"", ""H"", ""H"", ""H"", ""H"", ""H"", ""H"", ""C"", ""C"", ""N"", ""C"", ""H"", ""H"", ""H"", ""H"", ""H"", ""H"", ""H"", ""C"", ""C"", ""N"", ""C"", ""H"", ""H"", ""H"", ""H"", ""H"", ""H"", ""H"", ""C"", ""C"", ""N"", ""C"", ""H"", ""H"", ""H"", ""H"", ""H"", ""H"", ""H"", ""C"", ""C"", ""N"", ""C"", ""H"", ""H"", ""H"", ""H"", ""H"", ""H"", ""H"", ""C"", ""C"", ""N"", ""C"", ""H"", ""H"", ""H"", ""H"", ""H"", ""H"", ""H"", ""C"", ""C"", ""N"", ""C"", ""H"", ""H"", ""H"", ""H"", ""H"", ""H"", ""H"", ""C"", ""C"", ""N"", ""C"", ""H"", ""H"", ""H"", ""H"", ""H"", ""H"", ""H""]",C24H56N8,"[true, true, true]","[10.488975197548974, 0.0, 0.0, 0.0, 14.4082874139559, 0.0, -6.457605633081987, 0.0, 13.449947132193715]",2032.6658875949095,[],"{""cutoff=6.000_skin=0.000"": 3308, ""cutoff=6.000_skin=0.500"": 4188}",0.0,,
OPT-RFT-XATMOV88-R512-v1,fae3cd510f7c1880e11bf0b677e0d7ad0094c8e909e2ee11e6410c35bd33254a,OPT-RFT-XATMOV88-R512-v1:0196,XATMOV_C2_14_3840_z2_22,11dbe0048884b614d414fd090b64805dc25fdcbfaa684f13e00f1c884970eede,196,cross_family_test_set,XATMOV/structures/XATMOV_C2_14_3840_z2_22.cif,eb9916004f5a67bffbda6764ccd1ed5393691b4205bd278fa973923fef6309ea,11dbe0048884b614d414fd090b64805dc25fdcbfaa684f13e00f1c884970eede,0,88,"[""C"", ""C"", ""N"", ""C"", ""H"", ""H"", ""H"", ""H"", ""H"", ""H"", ""H"", ""C"", ""C"", ""N"", ""C"", ""H"", ""H"", ""H"", ""H"", ""H"", ""H"", ""H"", ""C"", ""C"", ""N"", ""C"", ""H"", ""H"", ""H"", ""H"", ""H"", ""H"", ""H"", ""C"", ""C"", ""N"", ""C"", ""H"", ""H"", ""H"", ""H"", ""H"", ""H"", ""H"", ""C"", ""C"", ""N"", ""C"", ""H"", ""H"", ""H"", ""H"", ""H"", ""H"", ""H"", ""C"", ""C"", ""N"", ""C"", ""H"", ""H"", ""H"", ""H"", ""H"", ""H"", ""H"", ""C"", ""C"", ""N"", ""C"", ""H"", ""H"", ""H"", ""H"", ""H"", ""H"", ""H"", ""C"", ""C"", ""N"", ""C"", ""H"", ""H"", ""H"", ""H"", ""H"", ""H"", ""H""]",C24H56N8,"[true, true, true]","[12.2715042484201, 0.0, 0.0, 0.0, 12.81477748353685, 0.0, -2.624075493502239, 0.0, 11.808414393368029]",1856.9510555762645,[],"{""cutoff=6.000_skin=0.000"": 3316, ""cutoff=6.000_skin=0.500"": 4396}",0.0,,
OPT-RFT-XATMOV88-R512-v1,fae3cd510f7c1880e11bf0b677e0d7ad0094c8e909e2ee11e6410c35bd33254a,OPT-RFT-XATMOV88-R512-v1:0197,XATMOV_C1_14_5134_z2_22,e9517468e62230e9b7fef516aac8482cb85c57b1de4c0a34eec5e544a4d58a3b,197,cross_family_test_set,XATMOV/structures/XATMOV_C1_14_5134_z2_22.cif,17ec80de87ca14138a31e1ca164c045c4fdcc66be60b19a56c81ff2e371707e6,e9517468e62230e9b7fef516aac8482cb85c57b1de4c0a34eec5e544a4d58a3b,0,88,"[""C"", ""C"", ""N"", ""C"", ""H"", ""H"", ""H"", ""H"", ""H"", ""H"", ""H"", ""C"", ""C"", ""N"", ""C"", ""H"", ""H"", ""H"", ""H"", ""H"", ""H"", ""H"", ""C"", ""C"", ""N"", ""C"", ""H"", ""H"", ""H"", ""H"", ""H"", ""H"", ""H"", ""C"", ""C"", ""N"", ""C"", ""H"", ""H"", ""H"", ""H"", ""H"", ""H"", ""H"", ""C"", ""C"", ""N"", ""C"", ""H"", ""H"", ""H"", ""H"", ""H"", ""H"", ""H"", ""C"", ""C"", ""N"", ""C"", ""H"", ""H"", ""H"", ""H"", ""H"", ""H"", ""H"", ""C"", ""C"", ""N"", ""C"", ""H"", ""H"", ""H"", ""H"", ""H"", ""H"", ""H"", ""C"", ""C"", ""N"", ""C"", ""H"", ""H"", ""H"", ""H"", ""H"", ""H"", ""H""]",C24H56N8,"[true, true, true]","[11.416197440347013, 0.0, 0.0, 0.0, 11.537432715084243, 0.0, -5.270012371833294, 0.0, 14.55736814165737]",1917.4035075636887,[],"{""cutoff=6.000_skin=0.000"": 3332, ""cutoff=6.000_skin=0.500"": 4280}",0.0,,
OPT-RFT-XATMOV88-R512-v1,fae3cd510f7c1880e11bf0b677e0d7ad0094c8e909e2ee11e6410c35bd33254a,OPT-RFT-XATMOV88-R512-v1:0198,XATMOV_C2_14_3138_z2_22,5663e974ce5aed5513f9c1ae2020ba132aca7a9a4d34be7b19086ca3f5881ff9,198,cross_family_test_set,XATMOV/structures/XATMOV_C2_14_3138_z2_22.cif,5c6c548733f33ba7db254c20eff949457f11564fca783458d369aa67fecbde9a,5663e974ce5aed5513f9c1ae2020ba132aca7a9a4d34be7b19086ca3f5881ff9,0,88,"[""C"", ""C"", ""N"", ""C"", ""H"", ""H"", ""H"", ""H"", ""H"", ""H"", ""H"", ""C"", ""C"", ""N"", ""C"", ""H"", ""H"", ""H"", ""H"", ""H"", ""H"", ""H"", ""C"", ""C"", ""N"", ""C"", ""H"", ""H"", ""H"", ""H"", ""H"", ""H"", ""H"", ""C"", ""C"", ""N"", ""C"", ""H"", ""H"", ""H"", ""H"", ""H"", ""H"", ""H"", ""C"", ""C"", ""N"", ""C"", ""H"", ""H"", ""H"", ""H"", ""H"", ""H"", ""H"", ""C"", ""C"", ""N"", ""C"", ""H"", ""H"", ""H"", ""H"", ""H"", ""H"", ""H"", ""C"", ""C"", ""N"", ""C"", ""H"", ""H"", ""H"", ""H"", ""H"", ""H"", ""H"", ""C"", ""C"", ""N"", ""C"", ""H"", ""H"", ""H"", ""H"", ""H"", ""H"", ""H""]",C24H56N8,"[true, true, true]","[14.279854037020726, 0.0, 0.0, 0.0, 11.981315645627845, 0.0, 5.976382680789942, 0.0, 10.935938248770213]",1871.0454073248575,[],"{""cutoff=6.000_skin=0.000"": 3336, ""cutoff=6.000_skin=0.500"": 4368}",0.0,,
OPT-RFT-XATMOV88-R512-v1,fae3cd510f7c1880e11bf0b677e0d7ad0094c8e909e2ee11e6410c35bd33254a,OPT-RFT-XATMOV88-R512-v1:0199,XATMOV_C1_14_4374_z2_22,abf737702e489d44976838a76e5aab5177dca2cfb1e5f9082b05adcc5d92d3da,199,cross_family_test_set,XATMOV/structures/XATMOV_C1_14_4374_z2_22.cif,124491d914c7d27559d3f8f1f861a95b32dcb56fc963de6aac097742b4ed58e0,abf737702e489d44976838a76e5aab5177dca2cfb1e5f9082b05adcc5d92d3da,0,88,"[""C"", ""C"", ""N"", ""C"", ""H"", ""H"", ""H"", ""H"", ""H"", ""H"", ""H"", ""C"", ""C"", ""N"", ""C"", ""H"", ""H"", ""H"", ""H"", ""H"", ""H"", ""H"", ""C"", ""C"", ""N"", ""C"", ""H"", ""H"", ""H"", ""H"", ""H"", ""H"", ""H"", ""C"", ""C"", ""N"", ""C"", ""H"", ""H"", ""H"", ""H"", ""H"", ""H"", ""H"", ""C"", ""C"", ""N"", ""C"", ""H"", ""H"", ""H"", ""H"", ""H"", ""H"", ""H"", ""C"", ""C"", ""N"", ""C"", ""H"", ""H"", ""H"", ""H"", ""H"", ""H"", ""H"", ""C"", ""C"", ""N"", ""C"", ""H"", ""H"", ""H"", ""H"", ""H"", ""H"", ""H"", ""C"", ""C"", ""N"", ""C"", ""H"", ""H"", ""H"", ""H"", ""H"", ""H"", ""H""]",C24H56N8,"[true, true, true]","[12.506082090287364, 0.0, 0.0, 0.0, 12.572094207626314, 0.0, 0.35357848796827196, 0.0, 12.143672172489957]",1909.3209434202226,[],"{""cutoff=6.000_skin=0.000"": 3344, ""cutoff=6.000_skin=0.500"": 4436}",0.0,,
OPT-RFT-XATMOV88-R512-v1,fae3cd510f7c1880e11bf0b677e0d7ad0094c8e909e2ee11e6410c35bd33254a,OPT-RFT-XATMOV88-R512-v1:0200,XATMOV_C2_14_4436_z2_22,ea5dbd8b335100803466f86364972f062219ace5f6d1a7c4eed35a3948fa1c82,200,cross_family_test_set,XATMOV/structures/XATMOV_C2_14_4436_z2_22.cif,533117b41ae8b3e37d78380ce6aafe4cccc82762edfb49160fe7b030b8f8c77e,ea5dbd8b335100803466f86364972f062219ace5f6d1a7c4eed35a3948fa1c82,0,88,"[""C"", ""C"", ""N"", ""C"", ""H"", ""H"", ""H"", ""H"", ""H"", ""H"", ""H"", ""C"", ""C"", ""N"", ""C"", ""H"", ""H"", ""H"", ""H"", ""H"", ""H"", ""H"", ""C"", ""C"", ""N"", ""C"", ""H"", ""H"", ""H"", ""H"", ""H"", ""H"", ""H"", ""C"", ""C"", ""N"", ""C"", ""H"", ""H"", ""H"", ""H"", ""H"", ""H"", ""H"", ""C"", ""C"", ""N"", ""C"", ""H"", ""H"", ""H"", ""H"", ""H"", ""H"", ""H"", ""C"", ""C"", ""N"", ""C"", ""H"", ""H"", ""H"", ""H"", ""H"", ""H"", ""H"", ""C"", ""C"", ""N"", ""C"", ""H"", ""H"", ""H"", ""H"", ""H"", ""H"", ""H"", ""C"", ""C"", ""N"", ""C"", ""H"", ""H"", ""H"", ""H"", ""H"", ""H"", ""H""]",C24H56N8,"[true, true, true]","[8.516363212089434, 0.0, 0.0, 0.0, 17.75944564471002, 0.0, -5.706324044502227, 0.0, 12.076389866850874]",1826.504328033426,[],"{""cutoff=6.000_skin=0.000"": 3344, ""cutoff=6.000_skin=0.500"": 4280}",0.0,,
OPT-RFT-XATMOV88-R512-v1,fae3cd510f7c1880e11bf0b677e0d7ad0094c8e909e2ee11e6410c35bd33254a,OPT-RFT-XATMOV88-R512-v1:0201,XATMOV_C2_14_4647_z2_22,bfdd8f1c85dde2167942ca21335e8a2fcd9f10dbb036936479f6d3efd5ee6548,201,cross_family_test_set,XATMOV/structures/XATMOV_C2_14_4647_z2_22.cif,e3d205c3510550965f762beefb52e6a472e714eb615693506fcb907f19a8fcf3,bfdd8f1c85dde2167942ca21335e8a2fcd9f10dbb036936479f6d3efd5ee6548,0,88,"[""C"", ""C"", ""N"", ""C"", ""H"", ""H"", ""H"", ""H"", ""H"", ""H"", ""H"", ""C"", ""C"", ""N"", ""C"", ""H"", ""H"", ""H"", ""H"", ""H"", ""H"", ""H"", ""C"", ""C"", ""N"", ""C"", ""H"", ""H"", ""H"", ""H"", ""H"", ""H"", ""H"", ""C"", ""C"", ""N"", ""C"", ""H"", ""H"", ""H"", ""H"", ""H"", ""H"", ""H"", ""C"", ""C"", ""N"", ""C"", ""H"", ""H"", ""H"", ""H"", ""H"", ""H"", ""H"", ""C"", ""C"", ""N"", ""C"", ""H"", ""H"", ""H"", ""H"", ""H"", ""H"", ""H"", ""C"", ""C"", ""N"", ""C"", ""H"", ""H"", ""H"", ""H"", ""H"", ""H"", ""H"", ""C"", ""C"", ""N"", ""C"", ""H"", ""H"", ""H"", ""H"", ""H"", ""H"", ""H""]",C24H56N8,"[true, true, true]","[5.559168015977853, 0.0, 0.0, 0.0, 19.01550648552967, 0.0, -3.3791540585242172, 0.0, 19.16379126350133]",2025.8119530154843,[],"{""cutoff=6.000_skin=0.000"": 3348, ""cutoff=6.000_skin=0.500"": 4356}",0.0,,
OPT-RFT-XATMOV88-R512-v1,fae3cd510f7c1880e11bf0b677e0d7ad0094c8e909e2ee11e6410c35bd33254a,OPT-RFT-XATMOV88-R512-v1:0202,XATMOV_C2_14_2233_z2_22,ec55cc4fa48dce0db7ebf487eeefceee4cb0696eae9ccd33ccf96d230242585b,202,cross_family_test_set,XATMOV/structures/XATMOV_C2_14_2233_z2_22.cif,e459dc74da719f1e95bb6e687f5b14914f4123221754d8eeacacda2c0316eefc,ec55cc4fa48dce0db7ebf487eeefceee4cb0696eae9ccd33ccf96d230242585b,0,88,"[""C"", ""C"", ""N"", ""C"", ""H"", ""H"", ""H"", ""H"", ""H"", ""H"", ""H"", ""C"", ""C"", ""N"", ""C"", ""H"", ""H"", ""H"", ""H"", ""H"", ""H"", ""H"", ""C"", ""C"", ""N"", ""C"", ""H"", ""H"", ""H"", ""H"", ""H"", ""H"", ""H"", ""C"", ""C"", ""N"", ""C"", ""H"", ""H"", ""H"", ""H"", ""H"", ""H"", ""H"", ""C"", ""C"", ""N"", ""C"", ""H"", ""H"", ""H"", ""H"", ""H"", ""H"", ""H"", ""C"", ""C"", ""N"", ""C"", ""H"", ""H"", ""H"", ""H"", ""H"", ""H"", ""H"", ""C"", ""C"", ""N"", ""C"", ""H"", ""H"", ""H"", ""H"", ""H"", ""H"", ""H"", ""C"", ""C"", ""N"", ""C"", ""H"", ""H"", ""H"", ""H"", ""H"", ""H"", ""H""]",C24H56N8,"[true, true, true]","[10.531928606228448, 0.0, 0.0, 0.0, 11.854708241751833, 0.0, 3.5469982925683197, 0.0, 15.046364454839175]",1878.5828512845417,[],"{""cutoff=6.000_skin=0.000"": 3356, ""cutoff=6.000_skin=0.500"": 4276}",0.0,,
OPT-RFT-XATMOV88-R512-v1,fae3cd510f7c1880e11bf0b677e0d7ad0094c8e909e2ee11e6410c35bd33254a,OPT-RFT-XATMOV88-R512-v1:0203,XATMOV_C1_14_3245_z2_22,975bae586664f25ea34d49c94e52c8e2d6ee185a7610b626cf7fe8ea9d715e5c,203,cross_family_test_set,XATMOV/structures/XATMOV_C1_14_3245_z2_22.cif,f31ed51ca8365401214c00a6c16b196cb0181ade34abbe47f44d358a3374d216,975bae586664f25ea34d49c94e52c8e2d6ee185a7610b626cf7fe8ea9d715e5c,0,88,"[""C"", ""C"", ""N"", ""C"", ""H"", ""H"", ""H"", ""H"", ""H"", ""H"", ""H"", ""C"", ""C"", ""N"", ""C"", ""H"", ""H"", ""H"", ""H"", ""H"", ""H"", ""H"", ""C"", ""C"", ""N"", ""C"", ""H"", ""H"", ""H"", ""H"", ""H"", ""H"", ""H"", ""C"", ""C"", ""N"", ""C"", ""H"", ""H"", ""H"", ""H"", ""H"", ""H"", ""H"", ""C"", ""C"", ""N"", ""C"", ""H"", ""H"", ""H"", ""H"", ""H"", ""H"", ""H"", ""C"", ""C"", ""N"", ""C"", ""H"", ""H"", ""H"", ""H"", ""H"", ""H"", ""H"", ""C"", ""C"", ""N"", ""C"", ""H"", ""H"", ""H"", ""H"", ""H"", ""H"", ""H"", ""C"", ""C"", ""N"", ""C"", ""H"", ""H"", ""H"", ""H"", ""H"", ""H"", ""H""]",C24H56N8,"[true, true, true]","[12.225398930442982, 0.0, 0.0, 0.0, 14.075979066049147, 0.0, 2.332897555845203, 0.0, 10.837561563015187]",1864.975922991765,[],"{""cutoff=6.000_skin=0.000"": 3364, ""cutoff=6.000_skin=0.500"": 4396}",0.0,,
OPT-RFT-XATMOV88-R512-v1,fae3cd510f7c1880e11bf0b677e0d7ad0094c8e909e2ee11e6410c35bd33254a,OPT-RFT-XATMOV88-R512-v1:0204,XATMOV_C1_14_3598_z2_22,bed16c5058190909abed622b0abfdbdd10c4317a44ea1eb9521a34cd96536dd2,204,cross_family_test_set,XATMOV/structures/XATMOV_C1_14_3598_z2_22.cif,3bbb3f9f055b87d71b629002d4df4ef50b254db917abd77b8ce0df8f62aee2ae,bed16c5058190909abed622b0abfdbdd10c4317a44ea1eb9521a34cd96536dd2,0,88,"[""C"", ""C"", ""N"", ""C"", ""H"", ""H"", ""H"", ""H"", ""H"", ""H"", ""H"", ""C"", ""C"", ""N"", ""C"", ""H"", ""H"", ""H"", ""H"", ""H"", ""H"", ""H"", ""C"", ""C"", ""N"", ""C"", ""H"", ""H"", ""H"", ""H"", ""H"", ""H"", ""H"", ""C"", ""C"", ""N"", ""C"", ""H"", ""H"", ""H"", ""H"", ""H"", ""H"", ""H"", ""C"", ""C"", ""N"", ""C"", ""H"", ""H"", ""H"", ""H"", ""H"", ""H"", ""H"", ""C"", ""C"", ""N"", ""C"", ""H"", ""H"", ""H"", ""H"", ""H"", ""H"", ""H"", ""C"", ""C"", ""N"", ""C"", ""H"", ""H"", ""H"", ""H"", ""H"", ""H"", ""H"", ""C"", ""C"", ""N"", ""C"", ""H"", ""H"", ""H"", ""H"", ""H"", ""H"", ""H""]",C24H56N8,"[true, true, true]","[5.77396708441028, 0.0, 0.0, 0.0, 26.151126813457168, 0.0, 2.8775473050063054, 0.0, 14.132262742334238]",2133.9115475488184,[],"{""cutoff=6.000_skin=0.000"": 3372, ""cutoff=6.000_skin=0.500"": 4196}",0.0,,
OPT-RFT-XATMOV88-R512-v1,fae3cd510f7c1880e11bf0b677e0d7ad0094c8e909e2ee11e6410c35bd33254a,OPT-RFT-XATMOV88-R512-v1:0205,XATMOV_C2_14_2833_z2_22,d8e083a6336e433e910873fe176987793b025877eba9e136d55201b0ba45eae8,205,cross_family_test_set,XATMOV/structures/XATMOV_C2_14_2833_z2_22.cif,dccef59d26751946d722b75f8dd4712cdc93d5e3f589e438e08e02995b51d5df,d8e083a6336e433e910873fe176987793b025877eba9e136d55201b0ba45eae8,0,88,"[""C"", ""C"", ""N"", ""C"", ""H"", ""H"", ""H"", ""H"", ""H"", ""H"", ""H"", ""C"", ""C"", ""N"", ""C"", ""H"", ""H"", ""H"", ""H"", ""H"", ""H"", ""H"", ""C"", ""C"", ""N"", ""C"", ""H"", ""H"", ""H"", ""H"", ""H"", ""H"", ""H"", ""C"", ""C"", ""N"", ""C"", ""H"", ""H"", ""H"", ""H"", ""H"", ""H"", ""H"", ""C"", ""C"", ""N"", ""C"", ""H"", ""H"", ""H"", ""H"", ""H"", ""H"", ""H"", ""C"", ""C"", ""N"", ""C"", ""H"", ""H"", ""H"", ""H"", ""H"", ""H"", ""H"", ""C"", ""C"", ""N"", ""C"", ""H"", ""H"", ""H"", ""H"", ""H"", ""H"", ""H"", ""C"", ""C"", ""N"", ""C"", ""H"", ""H"", ""H"", ""H"", ""H"", ""H"", ""H""]",C24H56N8,"[true, true, true]","[9.194073583627514, 0.0, 0.0, 0.0, 26.541722395524417, 0.0, 1.12055753749587, 0.0, 7.4157275957903]",1809.6344116016237,[],"{""cutoff=6.000_skin=0.000"": 3372, ""cutoff=6.000_skin=0.500"": 4388}",0.0,,
OPT-RFT-XATMOV88-R512-v1,fae3cd510f7c1880e11bf0b677e0d7ad0094c8e909e2ee11e6410c35bd33254a,OPT-RFT-XATMOV88-R512-v1:0206,XATMOV_C2_14_5476_z2_22,8e3a635c40d4c6f79522413a912da045f3af07102a26c12e10ea60295b9995db,206,cross_family_test_set,XATMOV/structures/XATMOV_C2_14_5476_z2_22.cif,782cc76a74f5985b0787b16362949b2e9f2493666f0cdcf31bfce2f4ca9d5c23,8e3a635c40d4c6f79522413a912da045f3af07102a26c12e10ea60295b9995db,0,88,"[""C"", ""C"", ""N"", ""C"", ""H"", ""H"", ""H"", ""H"", ""H"", ""H"", ""H"", ""C"", ""C"", ""N"", ""C"", ""H"", ""H"", ""H"", ""H"", ""H"", ""H"", ""H"", ""C"", ""C"", ""N"", ""C"", ""H"", ""H"", ""H"", ""H"", ""H"", ""H"", ""H"", ""C"", ""C"", ""N"", ""C"", ""H"", ""H"", ""H"", ""H"", ""H"", ""H"", ""H"", ""C"", ""C"", ""N"", ""C"", ""H"", ""H"", ""H"", ""H"", ""H"", ""H"", ""H"", ""C"", ""C"", ""N"", ""C"", ""H"", ""H"", ""H"", ""H"", ""H"", ""H"", ""H"", ""C"", ""C"", ""N"", ""C"", ""H"", ""H"", ""H"", ""H"", ""H"", ""H"", ""H"", ""C"", ""C"", ""N"", ""C"", ""H"", ""H"", ""H"", ""H"", ""H"", ""H"", ""H""]",C24H56N8,"[true, true, true]","[13.121911114110596, 0.0, 0.0, 0.0, 11.016451504704413, 0.0, -0.09396093058785258, 0.0, 12.612797807873333]",1823.2669191144519,[],"{""cutoff=6.000_skin=0.000"": 3376, ""cutoff=6.000_skin=0.500"": 4584}",0.0,,
OPT-RFT-XATMOV88-R512-v1,fae3cd510f7c1880e11bf0b677e0d7ad0094c8e909e2ee11e6410c35bd33254a,OPT-RFT-XATMOV88-R512-v1:0207,XATMOV_C1_14_2012_z2_22,6e51c1f1b694d8f99f6672e299da9528fc59db0c78d19f098ddbc52d1495f24e,207,cross_family_test_set,XATMOV/structures/XATMOV_C1_14_2012_z2_22.cif,6aff961d5d25f1d28dba4534465aa43bd7b1c1953181145c8ecdf2b7303cde24,6e51c1f1b694d8f99f6672e299da9528fc59db0c78d19f098ddbc52d1495f24e,0,88,"[""C"", ""C"", ""N"", ""C"", ""H"", ""H"", ""H"", ""H"", ""H"", ""H"", ""H"", ""C"", ""C"", ""N"", ""C"", ""H"", ""H"", ""H"", ""H"", ""H"", ""H"", ""H"", ""C"", ""C"", ""N"", ""C"", ""H"", ""H"", ""H"", ""H"", ""H"", ""H"", ""H"", ""C"", ""C"", ""N"", ""C"", ""H"", ""H"", ""H"", ""H"", ""H"", ""H"", ""H"", ""C"", ""C"", ""N"", ""C"", ""H"", ""H"", ""H"", ""H"", ""H"", ""H"", ""H"", ""C"", ""C"", ""N"", ""C"", ""H"", ""H"", ""H"", ""H"", ""H"", ""H"", ""H"", ""C"", ""C"", ""N"", ""C"", ""H"", ""H"", ""H"", ""H"", ""H"", ""H"", ""H"", ""C"", ""C"", ""N"", ""C"", ""H"", ""H"", ""H"", ""H"", ""H"", ""H"", ""H""]",C24H56N8,"[true, true, true]","[5.987054010896443, 0.0, 0.0, 0.0, 17.872699558354512, 0.0, 1.9055436986423964, 0.0, 19.274059431804528]",2062.41721345681,[],"{""cutoff=6.000_skin=0.000"": 3384, ""cutoff=6.000_skin=0.500"": 4316}",0.0,,
OPT-RFT-XATMOV88-R512-v1,fae3cd510f7c1880e11bf0b677e0d7ad0094c8e909e2ee11e6410c35bd33254a,OPT-RFT-XATMOV88-R512-v1:0208,XATMOV_C1_14_3305_z2_22,d2ed10aa6341659cfc853b3d0d874fb36a8a8f4d41eb6501935a0bc591801213,208,cross_family_test_set,XATMOV/structures/XATMOV_C1_14_3305_z2_22.cif,171b0b34dfd78004e4c457d4b6de4de8cbdb715b1b5425971b7c659e0fc9c065,d2ed10aa6341659cfc853b3d0d874fb36a8a8f4d41eb6501935a0bc591801213,0,88,"[""C"", ""C"", ""N"", ""C"", ""H"", ""H"", ""H"", ""H"", ""H"", ""H"", ""H"", ""C"", ""C"", ""N"", ""C"", ""H"", ""H"", ""H"", ""H"", ""H"", ""H"", ""H"", ""C"", ""C"", ""N"", ""C"", ""H"", ""H"", ""H"", ""H"", ""H"", ""H"", ""H"", ""C"", ""C"", ""N"", ""C"", ""H"", ""H"", ""H"", ""H"", ""H"", ""H"", ""H"", ""C"", ""C"", ""N"", ""C"", ""H"", ""H"", ""H"", ""H"", ""H"", ""H"", ""H"", ""C"", ""C"", ""N"", ""C"", ""H"", ""H"", ""H"", ""H"", ""H"", ""H"", ""H"", ""C"", ""C"", ""N"", ""C"", ""H"", ""H"", ""H"", ""H"", ""H"", ""H"", ""H"", ""C"", ""C"", ""N"", ""C"", ""H"", ""H"", ""H"", ""H"", ""H"", ""H"", ""H""]",C24H56N8,"[true, true, true]","[14.81396893327073, 0.0, 0.0, 0.0, 12.406132700228333, 0.0, 6.8998816029465, 0.0, 10.100998120300806]",1856.4024890781325,[],"{""cutoff=6.000_skin=0.000"": 3388, ""cutoff=6.000_skin=0.500"": 4484}",0.0,,
OPT-RFT-XATMOV88-R512-v1,fae3cd510f7c1880e11bf0b677e0d7ad0094c8e909e2ee11e6410c35bd33254a,OPT-RFT-XATMOV88-R512-v1:0209,XATMOV_C2_14_803_z2_22,9df99a43aecdcd08df959bd5c6fcd44c4d0a6d96b177b2973c172d3dcf675c58,209,cross_family_test_set,XATMOV/structures/XATMOV_C2_14_803_z2_22.cif,81b12807483c5f95f2c51f58bab21e70f1fb1e02efe200c37901fc9b9f6eb2e3,9df99a43aecdcd08df959bd5c6fcd44c4d0a6d96b177b2973c172d3dcf675c58,0,88,"[""C"", ""C"", ""N"", ""C"", ""H"", ""H"", ""H"", ""H"", ""H"", ""H"", ""H"", ""C"", ""C"", ""N"", ""C"", ""H"", ""H"", ""H"", ""H"", ""H"", ""H"", ""H"", ""C"", ""C"", ""N"", ""C"", ""H"", ""H"", ""H"", ""H"", ""H"", ""H"", ""H"", ""C"", ""C"", ""N"", ""C"", ""H"", ""H"", ""H"", ""H"", ""H"", ""H"", ""H"", ""C"", ""C"", ""N"", ""C"", ""H"", ""H"", ""H"", ""H"", ""H"", ""H"", ""H"", ""C"", ""C"", ""N"", ""C"", ""H"", ""H"", ""H"", ""H"", ""H"", ""H"", ""H"", ""C"", ""C"", ""N"", ""C"", ""H"", ""H"", ""H"", ""H"", ""H"", ""H"", ""H"", ""C"", ""C"", ""N"", ""C"", ""H"", ""H"", ""H"", ""H"", ""H"", ""H"", ""H""]",C24H56N8,"[true, true, true]","[12.461151272960592, 0.0, 0.0, 0.0, 12.534551660119458, 0.0, 4.185093921528206, 0.0, 11.573329375604825]",1807.6955380617953,[],"{""cutoff=6.000_skin=0.000"": 3396, ""cutoff=6.000_skin=0.500"": 4628}",0.0,,
OPT-RFT-XATMOV88-R512-v1,fae3cd510f7c1880e11bf0b677e0d7ad0094c8e909e2ee11e6410c35bd33254a,OPT-RFT-XATMOV88-R512-v1:0210,XATMOV_C1_14_5041_z2_22,6da9ef628c31a4eb095c5e11cc7673b5e2be7879c33f577caa5596cd914f2c5c,210,cross_family_test_set,XATMOV/structures/XATMOV_C1_14_5041_z2_22.cif,b159f9d0d6a4b412d6b010230281f4fcbea5f13ffca5b7c11d9a36c54bcd3729,6da9ef628c31a4eb095c5e11cc7673b5e2be7879c33f577caa5596cd914f2c5c,0,88,"[""C"", ""C"", ""N"", ""C"", ""H"", ""H"", ""H"", ""H"", ""H"", ""H"", ""H"", ""C"", ""C"", ""N"", ""C"", ""H"", ""H"", ""H"", ""H"", ""H"", ""H"", ""H"", ""C"", ""C"", ""N"", ""C"", ""H"", ""H"", ""H"", ""H"", ""H"", ""H"", ""H"", ""C"", ""C"", ""N"", ""C"", ""H"", ""H"", ""H"", ""H"", ""H"", ""H"", ""H"", ""C"", ""C"", ""N"", ""C"", ""H"", ""H"", ""H"", ""H"", ""H"", ""H"", ""H"", ""C"", ""C"", ""N"", ""C"", ""H"", ""H"", ""H"", ""H"", ""H"", ""H"", ""H"", ""C"", ""C"", ""N"", ""C"", ""H"", ""H"", ""H"", ""H"", ""H"", ""H"", ""H"", ""C"", ""C"", ""N"", ""C"", ""H"", ""H"", ""H"", ""H"", ""H"", ""H"", ""H""]",C24H56N8,"[true, true, true]","[10.906548450340825, 0.0, 0.0, 0.0, 12.831756369540777, 0.0, -0.8519731457184185, 0.0, 13.675528498709578]",1913.8925730708252,[],"{""cutoff=6.000_skin=0.000"": 3404, ""cutoff=6.000_skin=0.500"": 4488}",0.0,,
OPT-RFT-XATMOV88-R512-v1,fae3cd510f7c1880e11bf0b677e0d7ad0094c8e909e2ee11e6410c35bd33254a,OPT-RFT-XATMOV88-R512-v1:0211,XATMOV_C2_14_5186_z2_22,9c152f6987b9dc444f491f904bf3b341c2731766a07623dc4c21263776abb793,211,cross_family_test_set,XATMOV/structures/XATMOV_C2_14_5186_z2_22.cif,f4c68fe9f8563041bb1078476a70368ee62cd4c48d34353ae0839190f96722f9,9c152f6987b9dc444f491f904bf3b341c2731766a07623dc4c21263776abb793,0,88,"[""C"", ""C"", ""N"", ""C"", ""H"", ""H"", ""H"", ""H"", ""H"", ""H"", ""H"", ""C"", ""C"", ""N"", ""C"", ""H"", ""H"", ""H"", ""H"", ""H"", ""H"", ""H"", ""C"", ""C"", ""N"", ""C"", ""H"", ""H"", ""H"", ""H"", ""H"", ""H"", ""H"", ""C"", ""C"", ""N"", ""C"", ""H"", ""H"", ""H"", ""H"", ""H"", ""H"", ""H"", ""C"", ""C"", ""N"", ""C"", ""H"", ""H"", ""H"", ""H"", ""H"", ""H"", ""H"", ""C"", ""C"", ""N"", ""C"", ""H"", ""H"", ""H"", ""H"", ""H"", ""H"", ""H"", ""C"", ""C"", ""N"", ""C"", ""H"", ""H"", ""H"", ""H"", ""H"", ""H"", ""H"", ""C"", ""C"", ""N"", ""C"", ""H"", ""H"", ""H"", ""H"", ""H"", ""H"", ""H""]",C24H56N8,"[true, true, true]","[12.913541187682, 0.0, 0.0, 0.0, 11.229455786057645, 0.0, -0.662208857248429, 0.0, 14.277924415558985]",2070.4709437319275,[],"{""cutoff=6.000_skin=0.000"": 3408, ""cutoff=6.000_skin=0.500"": 4252}",0.0,,
OPT-RFT-XATMOV88-R512-v1,fae3cd510f7c1880e11bf0b677e0d7ad0094c8e909e2ee11e6410c35bd33254a,OPT-RFT-XATMOV88-R512-v1:0212,XATMOV_C2_14_3106_z2_22,822f39f59ef6d655be7ef7082a245e0f4728fe7f6749184df2a0b64f89154e60,212,cross_family_test_set,XATMOV/structures/XATMOV_C2_14_3106_z2_22.cif,d26293d4c4a6e89be79ba83a7cde97f8adf88ab89aedf9c45ea206ba700e0ab4,822f39f59ef6d655be7ef7082a245e0f4728fe7f6749184df2a0b64f89154e60,0,88,"[""C"", ""C"", ""N"", ""C"", ""H"", ""H"", ""H"", ""H"", ""H"", ""H"", ""H"", ""C"", ""C"", ""N"", ""C"", ""H"", ""H"", ""H"", ""H"", ""H"", ""H"", ""H"", ""C"", ""C"", ""N"", ""C"", ""H"", ""H"", ""H"", ""H"", ""H"", ""H"", ""H"", ""C"", ""C"", ""N"", ""C"", ""H"", ""H"", ""H"", ""H"", ""H"", ""H"", ""H"", ""C"", ""C"", ""N"", ""C"", ""H"", ""H"", ""H"", ""H"", ""H"", ""H"", ""H"", ""C"", ""C"", ""N"", ""C"", ""H"", ""H"", ""H"", ""H"", ""H"", ""H"", ""H"", ""C"", ""C"", ""N"", ""C"", ""H"", ""H"", ""H"", ""H"", ""H"", ""H"", ""H"", ""C"", ""C"", ""N"", ""C"", ""H"", ""H"", ""H"", ""H"", ""H"", ""H"", ""H""]",C24H56N8,"[true, true, true]","[11.879047344910482, 0.0, 0.0, 0.0, 13.721801043119967, 0.0, 4.457121178453961, 0.0, 11.328661622085027]",1846.5936435618526,[],"{""cutoff=6.000_skin=0.000"": 3412, ""cutoff=6.000_skin=0.500"": 4636}",0.0,,
OPT-RFT-XATMOV88-R512-v1,fae3cd510f7c1880e11bf0b677e0d7ad0094c8e909e2ee11e6410c35bd33254a,OPT-RFT-XATMOV88-R512-v1:0213,XATMOV_C1_14_3417_z2_22,4ae3ca71cffe18f2f5c055d4e71f8a8ea41aaebb3d3b76ead2dd8a8ae5f1c1e9,213,cross_family_test_set,XATMOV/structures/XATMOV_C1_14_3417_z2_22.cif,2733f1c5db76b7c61e4d32255bc11690318236526b3636b08eb620dfca039be0,4ae3ca71cffe18f2f5c055d4e71f8a8ea41aaebb3d3b76ead2dd8a8ae5f1c1e9,0,88,"[""C"", ""C"", ""N"", ""C"", ""H"", ""H"", ""H"", ""H"", ""H"", ""H"", ""H"", ""C"", ""C"", ""N"", ""C"", ""H"", ""H"", ""H"", ""H"", ""H"", ""H"", ""H"", ""C"", ""C"", ""N"", ""C"", ""H"", ""H"", ""H"", ""H"", ""H"", ""H"", ""H"", ""C"", ""C"", ""N"", ""C"", ""H"", ""H"", ""H"", ""H"", ""H"", ""H"", ""H"", ""C"", ""C"", ""N"", ""C"", ""H"", ""H"", ""H"", ""H"", ""H"", ""H"", ""H"", ""C"", ""C"", ""N"", ""C"", ""H"", ""H"", ""H"", ""H"", ""H"", ""H"", ""H"", ""C"", ""C"", ""N"", ""C"", ""H"", ""H"", ""H"", ""H"", ""H"", ""H"", ""H"", ""C"", ""C"", ""N"", ""C"", ""H"", ""H"", ""H"", ""H"", ""H"", ""H"", ""H""]",C24H56N8,"[true, true, true]","[8.199008954412445, 0.0, 0.0, 0.0, 18.48533415822118, 0.0, -0.14071534526517332, 0.0, 12.007872941692197]",1819.9302776874583,[],"{""cutoff=6.000_skin=0.000"": 3416, ""cutoff=6.000_skin=0.500"": 4380}",0.0,,
OPT-RFT-XATMOV88-R512-v1,fae3cd510f7c1880e11bf0b677e0d7ad0094c8e909e2ee11e6410c35bd33254a,OPT-RFT-XATMOV88-R512-v1:0214,XATMOV_C1_14_6026_z2_22,bdda72ff76fa2a9a4759008dba7266748e0d725e1f0b67590f1f021786325b93,214,cross_family_test_set,XATMOV/structures/XATMOV_C1_14_6026_z2_22.cif,8137436b6fde3358df6977cecf9e5620f534c7e1f8d855b6817f6b44e8d087df,bdda72ff76fa2a9a4759008dba7266748e0d725e1f0b67590f1f021786325b93,0,88,"[""C"", ""C"", ""N"", ""C"", ""H"", ""H"", ""H"", ""H"", ""H"", ""H"", ""H"", ""C"", ""C"", ""N"", ""C"", ""H"", ""H"", ""H"", ""H"", ""H"", ""H"", ""H"", ""C"", ""C"", ""N"", ""C"", ""H"", ""H"", ""H"", ""H"", ""H"", ""H"", ""H"", ""C"", ""C"", ""N"", ""C"", ""H"", ""H"", ""H"", ""H"", ""H"", ""H"", ""H"", ""C"", ""C"", ""N"", ""C"", ""H"", ""H"", ""H"", ""H"", ""H"", ""H"", ""H"", ""C"", ""C"", ""N"", ""C"", ""H"", ""H"", ""H"", ""H"", ""H"", ""H"", ""H"", ""C"", ""C"", ""N"", ""C"", ""H"", ""H"", ""H"", ""H"", ""H"", ""H"", ""H"", ""C"", ""C"", ""N"", ""C"", ""H"", ""H"", ""H"", ""H"", ""H"", ""H"", ""H""]",C24H56N8,"[true, true, true]","[6.519433520011873, 0.0, 0.0, 0.0, 16.9883276009283, 0.0, -15.895667431492376, 0.0, 19.211029602258844]",2127.7036058535036,[],"{""cutoff=6.000_skin=0.000"": 3420, ""cutoff=6.000_skin=0.500"": 4300}",0.0,,
OPT-RFT-XATMOV88-R512-v1,fae3cd510f7c1880e11bf0b677e0d7ad0094c8e909e2ee11e6410c35bd33254a,OPT-RFT-XATMOV88-R512-v1:0215,XATMOV_C2_14_3333_z2_22,d3b2f90e03b0e52b0fb242321f85f4b1fbe8f30dbc46b398a9230db3908f1585,215,cross_family_test_set,XATMOV/structures/XATMOV_C2_14_3333_z2_22.cif,82902e0f4c32fca72379eb168981a1e1312ef5629ed589b86e509a17a34f4375,d3b2f90e03b0e52b0fb242321f85f4b1fbe8f30dbc46b398a9230db3908f1585,0,88,"[""C"", ""C"", ""N"", ""C"", ""H"", ""H"", ""H"", ""H"", ""H"", ""H"", ""H"", ""C"", ""C"", ""N"", ""C"", ""H"", ""H"", ""H"", ""H"", ""H"", ""H"", ""H"", ""C"", ""C"", ""N"", ""C"", ""H"", ""H"", ""H"", ""H"", ""H"", ""H"", ""H"", ""C"", ""C"", ""N"", ""C"", ""H"", ""H"", ""H"", ""H"", ""H"", ""H"", ""H"", ""C"", ""C"", ""N"", ""C"", ""H"", ""H"", ""H"", ""H"", ""H"", ""H"", ""H"", ""C"", ""C"", ""N"", ""C"", ""H"", ""H"", ""H"", ""H"", ""H"", ""H"", ""H"", ""C"", ""C"", ""N"", ""C"", ""H"", ""H"", ""H"", ""H"", ""H"", ""H"", ""H"", ""C"", ""C"", ""N"", ""C"", ""H"", ""H"", ""H"", ""H"", ""H"", ""H"", ""H""]",C24H56N8,"[true, true, true]","[11.36052151360007, 0.0, 0.0, 0.0, 16.177459088296267, 0.0, -2.8100371657618117, 0.0, 11.591249990364403]",2130.290600266567,[],"{""cutoff=6.000_skin=0.000"": 3424, ""cutoff=6.000_skin=0.500"": 4248}",0.0,,
OPT-RFT-XATMOV88-R512-v1,fae3cd510f7c1880e11bf0b677e0d7ad0094c8e909e2ee11e6410c35bd33254a,OPT-RFT-XATMOV88-R512-v1:0216,XATMOV_C1_14_5601_z2_22,0dad8a4df63b2ef8ed366dc9e7d4b23ad369de9743346a82fc140e44fdc31db4,216,cross_family_test_set,XATMOV/structures/XATMOV_C1_14_5601_z2_22.cif,db6d90746ab0a6aaf29c257fe706bee35ed47b8c0f0b41905803c98322a89a43,0dad8a4df63b2ef8ed366dc9e7d4b23ad369de9743346a82fc140e44fdc31db4,0,88,"[""C"", ""C"", ""N"", ""C"", ""H"", ""H"", ""H"", ""H"", ""H"", ""H"", ""H"", ""C"", ""C"", ""N"", ""C"", ""H"", ""H"", ""H"", ""H"", ""H"", ""H"", ""H"", ""C"", ""C"", ""N"", ""C"", ""H"", ""H"", ""H"", ""H"", ""H"", ""H"", ""H"", ""C"", ""C"", ""N"", ""C"", ""H"", ""H"", ""H"", ""H"", ""H"", ""H"", ""H"", ""C"", ""C"", ""N"", ""C"", ""H"", ""H"", ""H"", ""H"", ""H"", ""H"", ""H"", ""C"", ""C"", ""N"", ""C"", ""H"", ""H"", ""H"", ""H"", ""H"", ""H"", ""H"", ""C"", ""C"", ""N"", ""C"", ""H"", ""H"", ""H"", ""H"", ""H"", ""H"", ""H"", ""C"", ""C"", ""N"", ""C"", ""H"", ""H"", ""H"", ""H"", ""H"", ""H"", ""H""]",C24H56N8,"[true, true, true]","[15.83957644083089, 0.0, 0.0, 0.0, 11.906115808206089, 0.0, -2.5109465251424252, 0.0, 9.72046241524083]",1833.1609276540664,[],"{""cutoff=6.000_skin=0.000"": 3432, ""cutoff=6.000_skin=0.500"": 4492}",0.0,,
OPT-RFT-XATMOV88-R512-v1,fae3cd510f7c1880e11bf0b677e0d7ad0094c8e909e2ee11e6410c35bd33254a,OPT-RFT-XATMOV88-R512-v1:0217,XATMOV_C1_14_4153_z2_22,247ae91684be716520e5149fb7ebda309be1544eade06ff029c9b00947e74fc5,217,cross_family_test_set,XATMOV/structures/XATMOV_C1_14_4153_z2_22.cif,6a770a3a924cbf3fe45ca106425534221a67e7247b526b9eb456135398c0afdb,247ae91684be716520e5149fb7ebda309be1544eade06ff029c9b00947e74fc5,0,88,"[""C"", ""C"", ""N"", ""C"", ""H"", ""H"", ""H"", ""H"", ""H"", ""H"", ""H"", ""C"", ""C"", ""N"", ""C"", ""H"", ""H"", ""H"", ""H"", ""H"", ""H"", ""H"", ""C"", ""C"", ""N"", ""C"", ""H"", ""H"", ""H"", ""H"", ""H"", ""H"", ""H"", ""C"", ""C"", ""N"", ""C"", ""H"", ""H"", ""H"", ""H"", ""H"", ""H"", ""H"", ""C"", ""C"", ""N"", ""C"", ""H"", ""H"", ""H"", ""H"", ""H"", ""H"", ""H"", ""C"", ""C"", ""N"", ""C"", ""H"", ""H"", ""H"", ""H"", ""H"", ""H"", ""H"", ""C"", ""C"", ""N"", ""C"", ""H"", ""H"", ""H"", ""H"", ""H"", ""H"", ""H"", ""C"", ""C"", ""N"", ""C"", ""H"", ""H"", ""H"", ""H"", ""H"", ""H"", ""H""]",C24H56N8,"[true, true, true]","[6.524739126887722, 0.0, 0.0, 0.0, 20.66817651647075, 0.0, 0.734130758827204, 0.0, 13.258572788893035]",1787.977673796163,[],"{""cutoff=6.000_skin=0.000"": 3436, ""cutoff=6.000_skin=0.500"": 4528}",0.0,,
OPT-RFT-XATMOV88-R512-v1,fae3cd510f7c1880e11bf0b677e0d7ad0094c8e909e2ee11e6410c35bd33254a,OPT-RFT-XATMOV88-R512-v1:0218,XATMOV_C1_14_2354_z2_22,9a59a4d1495b2cf75ceda94408520a77a33724c2081addea601ccec2548ea004,218,cross_family_test_set,XATMOV/structures/XATMOV_C1_14_2354_z2_22.cif,033d0b1b282b0f9151e3b4645572a2bb6e466858e23fd57ab7f458ca93262640,9a59a4d1495b2cf75ceda94408520a77a33724c2081addea601ccec2548ea004,0,88,"[""C"", ""C"", ""N"", ""C"", ""H"", ""H"", ""H"", ""H"", ""H"", ""H"", ""H"", ""C"", ""C"", ""N"", ""C"", ""H"", ""H"", ""H"", ""H"", ""H"", ""H"", ""H"", ""C"", ""C"", ""N"", ""C"", ""H"", ""H"", ""H"", ""H"", ""H"", ""H"", ""H"", ""C"", ""C"", ""N"", ""C"", ""H"", ""H"", ""H"", ""H"", ""H"", ""H"", ""H"", ""C"", ""C"", ""N"", ""C"", ""H"", ""H"", ""H"", ""H"", ""H"", ""H"", ""H"", ""C"", ""C"", ""N"", ""C"", ""H"", ""H"", ""H"", ""H"", ""H"", ""H"", ""H"", ""C"", ""C"", ""N"", ""C"", ""H"", ""H"", ""H"", ""H"", ""H"", ""H"", ""H"", ""C"", ""C"", ""N"", ""C"", ""H"", ""H"", ""H"", ""H"", ""H"", ""H"", ""H""]",C24H56N8,"[true, true, true]","[13.38869669242073, 0.0, 0.0, 0.0, 10.181504229475578, 0.0, -3.176540719551963, 0.0, 13.502675932351664]",1840.6452472771905,[],"{""cutoff=6.000_skin=0.000"": 3440, ""cutoff=6.000_skin=0.500"": 4496}",0.0,,
OPT-RFT-XATMOV88-R512-v1,fae3cd510f7c1880e11bf0b677e0d7ad0094c8e909e2ee11e6410c35bd33254a,OPT-RFT-XATMOV88-R512-v1:0219,XATMOV_C1_14_6359_z2_22,1a09207c277d028c0fcc41a9e88c2ec58928422db4e63593ec61a50ca82d774c,219,cross_family_test_set,XATMOV/structures/XATMOV_C1_14_6359_z2_22.cif,f7d62c77723ca62cdcc28a2dc661b287b7b8aa09da2e9b3f26e585b98a01a484,1a09207c277d028c0fcc41a9e88c2ec58928422db4e63593ec61a50ca82d774c,0,88,"[""C"", ""C"", ""N"", ""C"", ""H"", ""H"", ""H"", ""H"", ""H"", ""H"", ""H"", ""C"", ""C"", ""N"", ""C"", ""H"", ""H"", ""H"", ""H"", ""H"", ""H"", ""H"", ""C"", ""C"", ""N"", ""C"", ""H"", ""H"", ""H"", ""H"", ""H"", ""H"", ""H"", ""C"", ""C"", ""N"", ""C"", ""H"", ""H"", ""H"", ""H"", ""H"", ""H"", ""H"", ""C"", ""C"", ""N"", ""C"", ""H"", ""H"", ""H"", ""H"", ""H"", ""H"", ""H"", ""C"", ""C"", ""N"", ""C"", ""H"", ""H"", ""H"", ""H"", ""H"", ""H"", ""H"", ""C"", ""C"", ""N"", ""C"", ""H"", ""H"", ""H"", ""H"", ""H"", ""H"", ""H"", ""C"", ""C"", ""N"", ""C"", ""H"", ""H"", ""H"", ""H"", ""H"", ""H"", ""H""]",C24H56N8,"[true, true, true]","[9.419545215753217, 0.0, 0.0, 0.0, 16.657407098291387, 0.0, 5.223274551494724, 0.0, 12.328400029577407]",1934.3900641787322,[],"{""cutoff=6.000_skin=0.000"": 3444, ""cutoff=6.000_skin=0.500"": 4320}",0.0,,
OPT-RFT-XATMOV88-R512-v1,fae3cd510f7c1880e11bf0b677e0d7ad0094c8e909e2ee11e6410c35bd33254a,OPT-RFT-XATMOV88-R512-v1:0220,XATMOV_C2_14_291_z2_22,b36d73e11e0b92b04990d683b3ef267f3bcbad2720f073300bded2746666b129,220,cross_family_test_set,XATMOV/structures/XATMOV_C2_14_291_z2_22.cif,62f65aff6b434768ace081fff2859c7a26de38ef015323e7083475d32c6e8da4,b36d73e11e0b92b04990d683b3ef267f3bcbad2720f073300bded2746666b129,0,88,"[""C"", ""C"", ""N"", ""C"", ""H"", ""H"", ""H"", ""H"", ""H"", ""H"", ""H"", ""C"", ""C"", ""N"", ""C"", ""H"", ""H"", ""H"", ""H"", ""H"", ""H"", ""H"", ""C"", ""C"", ""N"", ""C"", ""H"", ""H"", ""H"", ""H"", ""H"", ""H"", ""H"", ""C"", ""C"", ""N"", ""C"", ""H"", ""H"", ""H"", ""H"", ""H"", ""H"", ""H"", ""C"", ""C"", ""N"", ""C"", ""H"", ""H"", ""H"", ""H"", ""H"", ""H"", ""H"", ""C"", ""C"", ""N"", ""C"", ""H"", ""H"", ""H"", ""H"", ""H"", ""H"", ""H"", ""C"", ""C"", ""N"", ""C"", ""H"", ""H"", ""H"", ""H"", ""H"", ""H"", ""H"", ""C"", ""C"", ""N"", ""C"", ""H"", ""H"", ""H"", ""H"", ""H"", ""H"", ""H""]",C24H56N8,"[true, true, true]","[12.55983923227658, 0.0, 0.0, 0.0, 11.905871336960132, 0.0, 4.165208537377357, 0.0, 12.628558337463751]",1888.4219515896639,[],"{""cutoff=6.000_skin=0.000"": 3448, ""cutoff=6.000_skin=0.500"": 4436}",0.0,,
OPT-RFT-XATMOV88-R512-v1,fae3cd510f7c1880e11bf0b677e0d7ad0094c8e909e2ee11e6410c35bd33254a,OPT-RFT-XATMOV88-R512-v1:0221,XATMOV_C1_14_5083_z2_22,9aed3bca5d63778ae2e10b8106f32413cec07b732776492fdd54d8db27e6e3a7,221,cross_family_test_set,XATMOV/structures/XATMOV_C1_14_5083_z2_22.cif,44493200322287695573e3937eaa0247fd0ce2fe3f682e49917cdffe8139bea2,9aed3bca5d63778ae2e10b8106f32413cec07b732776492fdd54d8db27e6e3a7,0,88,"[""C"", ""C"", ""N"", ""C"", ""H"", ""H"", ""H"", ""H"", ""H"", ""H"", ""H"", ""C"", ""C"", ""N"", ""C"", ""H"", ""H"", ""H"", ""H"", ""H"", ""H"", ""H"", ""C"", ""C"", ""N"", ""C"", ""H"", ""H"", ""H"", ""H"", ""H"", ""H"", ""H"", ""C"", ""C"", ""N"", ""C"", ""H"", ""H"", ""H"", ""H"", ""H"", ""H"", ""H"", ""C"", ""C"", ""N"", ""C"", ""H"", ""H"", ""H"", ""H"", ""H"", ""H"", ""H"", ""C"", ""C"", ""N"", ""C"", ""H"", ""H"", ""H"", ""H"", ""H"", ""H"", ""H"", ""C"", ""C"", ""N"", ""C"", ""H"", ""H"", ""H"", ""H"", ""H"", ""H"", ""H"", ""C"", ""C"", ""N"", ""C"", ""H"", ""H"", ""H"", ""H"", ""H"", ""H"", ""H""]",C24H56N8,"[true, true, true]","[12.190363273931297, 0.0, 0.0, 0.0, 12.96317861260178, 0.0, -3.9201939223024462, 0.0, 13.335078535053567]",2107.2872066295217,[],"{""cutoff=6.000_skin=0.000"": 3452, ""cutoff=6.000_skin=0.500"": 4428}",0.0,,
OPT-RFT-XATMOV88-R512-v1,fae3cd510f7c1880e11bf0b677e0d7ad0094c8e909e2ee11e6410c35bd33254a,OPT-RFT-XATMOV88-R512-v1:0222,XATMOV_C2_14_3648_z2_22,8a7c424b015d27b7a57e8e83097e779256c31dc55450ac343377daa43ae4c95d,222,cross_family_test_set,XATMOV/structures/XATMOV_C2_14_3648_z2_22.cif,d015ea531b04feacd3e0268ab854edcd6bb9fca3765086ea50bbcdc311c90dd1,8a7c424b015d27b7a57e8e83097e779256c31dc55450ac343377daa43ae4c95d,0,88,"[""C"", ""C"", ""N"", ""C"", ""H"", ""H"", ""H"", ""H"", ""H"", ""H"", ""H"", ""C"", ""C"", ""N"", ""C"", ""H"", ""H"", ""H"", ""H"", ""H"", ""H"", ""H"", ""C"", ""C"", ""N"", ""C"", ""H"", ""H"", ""H"", ""H"", ""H"", ""H"", ""H"", ""C"", ""C"", ""N"", ""C"", ""H"", ""H"", ""H"", ""H"", ""H"", ""H"", ""H"", ""C"", ""C"", ""N"", ""C"", ""H"", ""H"", ""H"", ""H"", ""H"", ""H"", ""H"", ""C"", ""C"", ""N"", ""C"", ""H"", ""H"", ""H"", ""H"", ""H"", ""H"", ""H"", ""C"", ""C"", ""N"", ""C"", ""H"", ""H"", ""H"", ""H"", ""H"", ""H"", ""H"", ""C"", ""C"", ""N"", ""C"", ""H"", ""H"", ""H"", ""H"", ""H"", ""H"", ""H""]",C24H56N8,"[true, true, true]","[9.596855304544048, 0.0, 0.0, 0.0, 10.627713446288851, 0.0, -6.369059746192793, 0.0, 17.96967823973669]",1832.774710899683,[],"{""cutoff=6.000_skin=0.000"": 3460, ""cutoff=6.000_skin=0.500"": 4612}",0.0,,
OPT-RFT-XATMOV88-R512-v1,fae3cd510f7c1880e11bf0b677e0d7ad0094c8e909e2ee11e6410c35bd33254a,OPT-RFT-XATMOV88-R512-v1:0223,XATMOV_C1_14_1890_z2_22,d263399e86f034c49ac1e9bc3b6568c1dd11f54df577c303117f4f1f07df43eb,223,cross_family_test_set,XATMOV/structures/XATMOV_C1_14_1890_z2_22.cif,cf7f523b08ca4de6b0c99913bf2b963264c05d194c571ad049d40bed49b79bed,d263399e86f034c49ac1e9bc3b6568c1dd11f54df577c303117f4f1f07df43eb,0,88,"[""C"", ""C"", ""N"", ""C"", ""H"", ""H"", ""H"", ""H"", ""H"", ""H"", ""H"", ""C"", ""C"", ""N"", ""C"", ""H"", ""H"", ""H"", ""H"", ""H"", ""H"", ""H"", ""C"", ""C"", ""N"", ""C"", ""H"", ""H"", ""H"", ""H"", ""H"", ""H"", ""H"", ""C"", ""C"", ""N"", ""C"", ""H"", ""H"", ""H"", ""H"", ""H"", ""H"", ""H"", ""C"", ""C"", ""N"", ""C"", ""H"", ""H"", ""H"", ""H"", ""H"", ""H"", ""H"", ""C"", ""C"", ""N"", ""C"", ""H"", ""H"", ""H"", ""H"", ""H"", ""H"", ""H"", ""C"", ""C"", ""N"", ""C"", ""H"", ""H"", ""H"", ""H"", ""H"", ""H"", ""H"", ""C"", ""C"", ""N"", ""C"", ""H"", ""H"", ""H"", ""H"", ""H"", ""H"", ""H""]",C24H56N8,"[true, true, true]","[7.805541565232964, 0.0, 0.0, 0.0, 15.785382474169438, 0.0, 6.627222298023926, 0.0, 15.211072318022817]",1874.2088357865075,[],"{""cutoff=6.000_skin=0.000"": 3464, ""cutoff=6.000_skin=0.500"": 4432}",0.0,,
OPT-RFT-XATMOV88-R512-v1,fae3cd510f7c1880e11bf0b677e0d7ad0094c8e909e2ee11e6410c35bd33254a,OPT-RFT-XATMOV88-R512-v1:0224,XATMOV_C2_14_5921_z2_22,dccf813ffd9dc255faa603ea74a2acac3b9716ff09b7dc01604efaffea4ef674,224,cross_family_test_set,XATMOV/structures/XATMOV_C2_14_5921_z2_22.cif,41fadc70c0face4568ea2a9a01c7b4eaa9cb640aa76540844f2f460389239dec,dccf813ffd9dc255faa603ea74a2acac3b9716ff09b7dc01604efaffea4ef674,0,88,"[""C"", ""C"", ""N"", ""C"", ""H"", ""H"", ""H"", ""H"", ""H"", ""H"", ""H"", ""C"", ""C"", ""N"", ""C"", ""H"", ""H"", ""H"", ""H"", ""H"", ""H"", ""H"", ""C"", ""C"", ""N"", ""C"", ""H"", ""H"", ""H"", ""H"", ""H"", ""H"", ""H"", ""C"", ""C"", ""N"", ""C"", ""H"", ""H"", ""H"", ""H"", ""H"", ""H"", ""H"", ""C"", ""C"", ""N"", ""C"", ""H"", ""H"", ""H"", ""H"", ""H"", ""H"", ""H"", ""C"", ""C"", ""N"", ""C"", ""H"", ""H"", ""H"", ""H"", ""H"", ""H"", ""H"", ""C"", ""C"", ""N"", ""C"", ""H"", ""H"", ""H"", ""H"", ""H"", ""H"", ""H"", ""C"", ""C"", ""N"", ""C"", ""H"", ""H"", ""H"", ""H"", ""H"", ""H"", ""H""]",C24H56N8,"[true, true, true]","[18.290804736716538, 0.0, 0.0, 0.0, 11.281136872454368, 0.0, -2.6451991377768223, 0.0, 9.355710725137104]",1930.4673779351203,[],"{""cutoff=6.000_skin=0.000"": 3464, ""cutoff=6.000_skin=0.500"": 4260}",0.0,,
OPT-RFT-XATMOV88-R512-v1,fae3cd510f7c1880e11bf0b677e0d7ad0094c8e909e2ee11e6410c35bd33254a,OPT-RFT-XATMOV88-R512-v1:0225,XATMOV_C1_14_5608_z2_22,302bfe6faad1dca3d23ba701d4a71274ef532803fddf62d8446cf2eee9b15494,225,cross_family_test_set,XATMOV/structures/XATMOV_C1_14_5608_z2_22.cif,963ca71bad85751be9800865bb3af8e4ebaaecc0b4c33cfbbdd0298b0f48baa8,302bfe6faad1dca3d23ba701d4a71274ef532803fddf62d8446cf2eee9b15494,0,88,"[""C"", ""C"", ""N"", ""C"", ""H"", ""H"", ""H"", ""H"", ""H"", ""H"", ""H"", ""C"", ""C"", ""N"", ""C"", ""H"", ""H"", ""H"", ""H"", ""H"", ""H"", ""H"", ""C"", ""C"", ""N"", ""C"", ""H"", ""H"", ""H"", ""H"", ""H"", ""H"", ""H"", ""C"", ""C"", ""N"", ""C"", ""H"", ""H"", ""H"", ""H"", ""H"", ""H"", ""H"", ""C"", ""C"", ""N"", ""C"", ""H"", ""H"", ""H"", ""H"", ""H"", ""H"", ""H"", ""C"", ""C"", ""N"", ""C"", ""H"", ""H"", ""H"", ""H"", ""H"", ""H"", ""H"", ""C"", ""C"", ""N"", ""C"", ""H"", ""H"", ""H"", ""H"", ""H"", ""H"", ""H"", ""C"", ""C"", ""N"", ""C"", ""H"", ""H"", ""H"", ""H"", ""H"", ""H"", ""H""]",C24H56N8,"[true, true, true]","[10.353922169897439, 0.0, 0.0, 0.0, 14.782491588550958, 0.0, -2.5051695587753553, 0.0, 12.701622475472341]",1944.0692766407155,[],"{""cutoff=6.000_skin=0.000"": 3480, ""cutoff=6.000_skin=0.500"": 4516}",0.0,,
OPT-RFT-XATMOV88-R512-v1,fae3cd510f7c1880e11bf0b677e0d7ad0094c8e909e2ee11e6410c35bd33254a,OPT-RFT-XATMOV88-R512-v1:0226,XATMOV_C1_14_7174_z2_22,bbf61e338cfeacb6a7802c7ca56c9345f43ce7322e5a9e508644dddb77d2564b,226,cross_family_test_set,XATMOV/structures/XATMOV_C1_14_7174_z2_22.cif,0bf7e09490f0199b93adb2077b9d53b82c44fea5646548725d562d09ad342890,bbf61e338cfeacb6a7802c7ca56c9345f43ce7322e5a9e508644dddb77d2564b,0,88,"[""C"", ""C"", ""N"", ""C"", ""H"", ""H"", ""H"", ""H"", ""H"", ""H"", ""H"", ""C"", ""C"", ""N"", ""C"", ""H"", ""H"", ""H"", ""H"", ""H"", ""H"", ""H"", ""C"", ""C"", ""N"", ""C"", ""H"", ""H"", ""H"", ""H"", ""H"", ""H"", ""H"", ""C"", ""C"", ""N"", ""C"", ""H"", ""H"", ""H"", ""H"", ""H"", ""H"", ""H"", ""C"", ""C"", ""N"", ""C"", ""H"", ""H"", ""H"", ""H"", ""H"", ""H"", ""H"", ""C"", ""C"", ""N"", ""C"", ""H"", ""H"", ""H"", ""H"", ""H"", ""H"", ""H"", ""C"", ""C"", ""N"", ""C"", ""H"", ""H"", ""H"", ""H"", ""H"", ""H"", ""H"", ""C"", ""C"", ""N"", ""C"", ""H"", ""H"", ""H"", ""H"", ""H"", ""H"", ""H""]",C24H56N8,"[true, true, true]","[13.44738278926009, 0.0, 0.0, 0.0, 8.614216178792402, 0.0, -3.497925231650037, 0.0, 15.261693158702354]",1767.8941212444402,[],"{""cutoff=6.000_skin=0.000"": 3484, ""cutoff=6.000_skin=0.500"": 4452}",0.0,,
OPT-RFT-XATMOV88-R512-v1,fae3cd510f7c1880e11bf0b677e0d7ad0094c8e909e2ee11e6410c35bd33254a,OPT-RFT-XATMOV88-R512-v1:0227,XATMOV_C2_14_1924_z2_22,f794734c51a528380d4a9636fb88907451a3d5708629618d125301862cc0a93c,227,cross_family_test_set,XATMOV/structures/XATMOV_C2_14_1924_z2_22.cif,8d491f06984b0b179ed06b0feffa99da0e6c9048781f4962dbb82fd3b152c380,f794734c51a528380d4a9636fb88907451a3d5708629618d125301862cc0a93c,0,88,"[""C"", ""C"", ""N"", ""C"", ""H"", ""H"", ""H"", ""H"", ""H"", ""H"", ""H"", ""C"", ""C"", ""N"", ""C"", ""H"", ""H"", ""H"", ""H"", ""H"", ""H"", ""H"", ""C"", ""C"", ""N"", ""C"", ""H"", ""H"", ""H"", ""H"", ""H"", ""H"", ""H"", ""C"", ""C"", ""N"", ""C"", ""H"", ""H"", ""H"", ""H"", ""H"", ""H"", ""H"", ""C"", ""C"", ""N"", ""C"", ""H"", ""H"", ""H"", ""H"", ""H"", ""H"", ""H"", ""C"", ""C"", ""N"", ""C"", ""H"", ""H"", ""H"", ""H"", ""H"", ""H"", ""H"", ""C"", ""C"", ""N"", ""C"", ""H"", ""H"", ""H"", ""H"", ""H"", ""H"", ""H"", ""C"", ""C"", ""N"", ""C"", ""H"", ""H"", ""H"", ""H"", ""H"", ""H"", ""H""]",C24H56N8,"[true, true, true]","[5.188322058482374, 0.0, 0.0, 0.0, 22.817689444926998, 0.0, -0.3701477859807601, 0.0, 22.198989067017116]",2628.0388968215257,[],"{""cutoff=6.000_skin=0.000"": 3488, ""cutoff=6.000_skin=0.500"": 4360}",0.0,,
OPT-RFT-XATMOV88-R512-v1,fae3cd510f7c1880e11bf0b677e0d7ad0094c8e909e2ee11e6410c35bd33254a,OPT-RFT-XATMOV88-R512-v1:0228,XATMOV_C2_14_3146_z2_22,0f56f278cbb86881cd9dcedc3d036fe2d976bd99994560dae89e71d920c1f29e,228,cross_family_test_set,XATMOV/structures/XATMOV_C2_14_3146_z2_22.cif,2c66245a47344d8d6b5d3a07eeb2be3e15a75a1479310eb6e735238089c41d16,0f56f278cbb86881cd9dcedc3d036fe2d976bd99994560dae89e71d920c1f29e,0,88,"[""C"", ""C"", ""N"", ""C"", ""H"", ""H"", ""H"", ""H"", ""H"", ""H"", ""H"", ""C"", ""C"", ""N"", ""C"", ""H"", ""H"", ""H"", ""H"", ""H"", ""H"", ""H"", ""C"", ""C"", ""N"", ""C"", ""H"", ""H"", ""H"", ""H"", ""H"", ""H"", ""H"", ""C"", ""C"", ""N"", ""C"", ""H"", ""H"", ""H"", ""H"", ""H"", ""H"", ""H"", ""C"", ""C"", ""N"", ""C"", ""H"", ""H"", ""H"", ""H"", ""H"", ""H"", ""H"", ""C"", ""C"", ""N"", ""C"", ""H"", ""H"", ""H"", ""H"", ""H"", ""H"", ""H"", ""C"", ""C"", ""N"", ""C"", ""H"", ""H"", ""H"", ""H"", ""H"", ""H"", ""H"", ""C"", ""C"", ""N"", ""C"", ""H"", ""H"", ""H"", ""H"", ""H"", ""H"", ""H""]",C24H56N8,"[true, true, true]","[12.424338921447657, 0.0, 0.0, 0.0, 12.166764738449238, 0.0, 2.57778318432337, 0.0, 11.185049917444552]",1690.776982896434,[],"{""cutoff=6.000_skin=0.000"": 3500, ""cutoff=6.000_skin=0.500"": 4840}",0.0,,
OPT-RFT-XATMOV88-R512-v1,fae3cd510f7c1880e11bf0b677e0d7ad0094c8e909e2ee11e6410c35bd33254a,OPT-RFT-XATMOV88-R512-v1:0229,XATMOV_C2_14_117_z2_22,05ec279e87e1629eb7e1f8f898ca39a03e57f05747f5a4ce359113ea1edca011,229,cross_family_test_set,XATMOV/structures/XATMOV_C2_14_117_z2_22.cif,02d8900a838e058c375965c10be9d9264892cbb042fdfba850b3a9846166f9e9,05ec279e87e1629eb7e1f8f898ca39a03e57f05747f5a4ce359113ea1edca011,0,88,"[""C"", ""C"", ""N"", ""C"", ""H"", ""H"", ""H"", ""H"", ""H"", ""H"", ""H"", ""C"", ""C"", ""N"", ""C"", ""H"", ""H"", ""H"", ""H"", ""H"", ""H"", ""H"", ""C"", ""C"", ""N"", ""C"", ""H"", ""H"", ""H"", ""H"", ""H"", ""H"", ""H"", ""C"", ""C"", ""N"", ""C"", ""H"", ""H"", ""H"", ""H"", ""H"", ""H"", ""H"", ""C"", ""C"", ""N"", ""C"", ""H"", ""H"", ""H"", ""H"", ""H"", ""H"", ""H"", ""C"", ""C"", ""N"", ""C"", ""H"", ""H"", ""H"", ""H"", ""H"", ""H"", ""H"", ""C"", ""C"", ""N"", ""C"", ""H"", ""H"", ""H"", ""H"", ""H"", ""H"", ""H"", ""C"", ""C"", ""N"", ""C"", ""H"", ""H"", ""H"", ""H"", ""H"", ""H"", ""H""]",C24H56N8,"[true, true, true]","[21.633224742136484, 0.0, 0.0, 0.0, 9.30668856958566, 0.0, -0.31249344156415126, 0.0, 8.527481308508035]",1716.8692392851995,[],"{""cutoff=6.000_skin=0.000"": 3504, ""cutoff=6.000_skin=0.500"": 4876}",0.0,,
OPT-RFT-XATMOV88-R512-v1,fae3cd510f7c1880e11bf0b677e0d7ad0094c8e909e2ee11e6410c35bd33254a,OPT-RFT-XATMOV88-R512-v1:0230,XATMOV_C2_14_1443_z2_22,98d3f1e1bcca6cb1cc0aa0e972c48aa57dbb48668ece0d1ad41c1e41b5b684a5,230,cross_family_test_set,XATMOV/structures/XATMOV_C2_14_1443_z2_22.cif,50b84e322a6814bf86825592edcdb5d36b8f53256f53c706075b9e9f900c5ecc,98d3f1e1bcca6cb1cc0aa0e972c48aa57dbb48668ece0d1ad41c1e41b5b684a5,0,88,"[""C"", ""C"", ""N"", ""C"", ""H"", ""H"", ""H"", ""H"", ""H"", ""H"", ""H"", ""C"", ""C"", ""N"", ""C"", ""H"", ""H"", ""H"", ""H"", ""H"", ""H"", ""H"", ""C"", ""C"", ""N"", ""C"", ""H"", ""H"", ""H"", ""H"", ""H"", ""H"", ""H"", ""C"", ""C"", ""N"", ""C"", ""H"", ""H"", ""H"", ""H"", ""H"", ""H"", ""H"", ""C"", ""C"", ""N"", ""C"", ""H"", ""H"", ""H"", ""H"", ""H"", ""H"", ""H"", ""C"", ""C"", ""N"", ""C"", ""H"", ""H"", ""H"", ""H"", ""H"", ""H"", ""H"", ""C"", ""C"", ""N"", ""C"", ""H"", ""H"", ""H"", ""H"", ""H"", ""H"", ""H"", ""C"", ""C"", ""N"", ""C"", ""H"", ""H"", ""H"", ""H"", ""H"", ""H"", ""H""]",C24H56N8,"[true, true, true]","[14.076928836534286, 0.0, 0.0, 0.0, 13.48415706325229, 0.0, -0.35433530800914254, 0.0, 9.90061622961227]",1879.2906120044534,[],"{""cutoff=6.000_skin=0.000"": 3508, ""cutoff=6.000_skin=0.500"": 4548}",0.0,,
OPT-RFT-XATMOV88-R512-v1,fae3cd510f7c1880e11bf0b677e0d7ad0094c8e909e2ee11e6410c35bd33254a,OPT-RFT-XATMOV88-R512-v1:0231,XATMOV_C1_14_1037_z2_22,511017f4bf48907355592a707347c6171e9ae13e7641867a6e93b86563698a02,231,cross_family_test_set,XATMOV/structures/XATMOV_C1_14_1037_z2_22.cif,5140bb609b17317f283e7635afa04f87268f302ea824f72c208a529c5f1dd93a,511017f4bf48907355592a707347c6171e9ae13e7641867a6e93b86563698a02,0,88,"[""C"", ""C"", ""N"", ""C"", ""H"", ""H"", ""H"", ""H"", ""H"", ""H"", ""H"", ""C"", ""C"", ""N"", ""C"", ""H"", ""H"", ""H"", ""H"", ""H"", ""H"", ""H"", ""C"", ""C"", ""N"", ""C"", ""H"", ""H"", ""H"", ""H"", ""H"", ""H"", ""H"", ""C"", ""C"", ""N"", ""C"", ""H"", ""H"", ""H"", ""H"", ""H"", ""H"", ""H"", ""C"", ""C"", ""N"", ""C"", ""H"", ""H"", ""H"", ""H"", ""H"", ""H"", ""H"", ""C"", ""C"", ""N"", ""C"", ""H"", ""H"", ""H"", ""H"", ""H"", ""H"", ""H"", ""C"", ""C"", ""N"", ""C"", ""H"", ""H"", ""H"", ""H"", ""H"", ""H"", ""H"", ""C"", ""C"", ""N"", ""C"", ""H"", ""H"", ""H"", ""H"", ""H"", ""H"", ""H""]",C24H56N8,"[true, true, true]","[16.410303269865835, 0.0, 0.0, 0.0, 10.526784847842816, 0.0, -1.8633250895978926, 0.0, 10.091851783527177]",1743.3445053642895,[],"{""cutoff=6.000_skin=0.000"": 3512, ""cutoff=6.000_skin=0.500"": 4672}",0.0,,
OPT-RFT-XATMOV88-R512-v1,fae3cd510f7c1880e11bf0b677e0d7ad0094c8e909e2ee11e6410c35bd33254a,OPT-RFT-XATMOV88-R512-v1:0232,XATMOV_C1_14_2072_z2_22,b788da906ff1ccca27f4039e6e2cb9715c66c17a25cab74125743bbfb0cc1941,232,cross_family_test_set,XATMOV/structures/XATMOV_C1_14_2072_z2_22.cif,0d8e3b0460df97184b85c7f943a2654154d19f40bbd1bd0fa27f2fefdb2ad353,b788da906ff1ccca27f4039e6e2cb9715c66c17a25cab74125743bbfb0cc1941,0,88,"[""C"", ""C"", ""N"", ""C"", ""H"", ""H"", ""H"", ""H"", ""H"", ""H"", ""H"", ""C"", ""C"", ""N"", ""C"", ""H"", ""H"", ""H"", ""H"", ""H"", ""H"", ""H"", ""C"", ""C"", ""N"", ""C"", ""H"", ""H"", ""H"", ""H"", ""H"", ""H"", ""H"", ""C"", ""C"", ""N"", ""C"", ""H"", ""H"", ""H"", ""H"", ""H"", ""H"", ""H"", ""C"", ""C"", ""N"", ""C"", ""H"", ""H"", ""H"", ""H"", ""H"", ""H"", ""H"", ""C"", ""C"", ""N"", ""C"", ""H"", ""H"", ""H"", ""H"", ""H"", ""H"", ""H"", ""C"", ""C"", ""N"", ""C"", ""H"", ""H"", ""H"", ""H"", ""H"", ""H"", ""H"", ""C"", ""C"", ""N"", ""C"", ""H"", ""H"", ""H"", ""H"", ""H"", ""H"", ""H""]",C24H56N8,"[true, true, true]","[12.281122449692482, 0.0, 0.0, 0.0, 13.525778419331559, 0.0, 7.426216105721286, 0.0, 11.626048774183026]",1931.223202774874,[],"{""cutoff=6.000_skin=0.000"": 3516, ""cutoff=6.000_skin=0.500"": 4516}",0.0,,
OPT-RFT-XATMOV88-R512-v1,fae3cd510f7c1880e11bf0b677e0d7ad0094c8e909e2ee11e6410c35bd33254a,OPT-RFT-XATMOV88-R512-v1:0233,XATMOV_C1_14_1236_z2_22,cd83a19febc1c159c5f574a904ba112e0a4f589ae2a8a5e431ba609063a9f0f7,233,cross_family_test_set,XATMOV/structures/XATMOV_C1_14_1236_z2_22.cif,a7be2b77ea5592ed738cad462e4bd1e782b72b76402e48c532aa41d1dfd79be8,cd83a19febc1c159c5f574a904ba112e0a4f589ae2a8a5e431ba609063a9f0f7,0,88,"[""C"", ""C"", ""N"", ""C"", ""H"", ""H"", ""H"", ""H"", ""H"", ""H"", ""H"", ""C"", ""C"", ""N"", ""C"", ""H"", ""H"", ""H"", ""H"", ""H"", ""H"", ""H"", ""C"", ""C"", ""N"", ""C"", ""H"", ""H"", ""H"", ""H"", ""H"", ""H"", ""H"", ""C"", ""C"", ""N"", ""C"", ""H"", ""H"", ""H"", ""H"", ""H"", ""H"", ""H"", ""C"", ""C"", ""N"", ""C"", ""H"", ""H"", ""H"", ""H"", ""H"", ""H"", ""H"", ""C"", ""C"", ""N"", ""C"", ""H"", ""H"", ""H"", ""H"", ""H"", ""H"", ""H"", ""C"", ""C"", ""N"", ""C"", ""H"", ""H"", ""H"", ""H"", ""H"", ""H"", ""H"", ""C"", ""C"", ""N"", ""C"", ""H"", ""H"", ""H"", ""H"", ""H"", ""H"", ""H""]",C24H56N8,"[true, true, true]","[11.427262851258355, 0.0, 0.0, 0.0, 13.40938278002561, 0.0, -0.9336166388342221, 0.0, 12.962950009954465]",1986.3457779617174,[],"{""cutoff=6.000_skin=0.000"": 3520, ""cutoff=6.000_skin=0.500"": 4588}",0.0,,
OPT-RFT-XATMOV88-R512-v1,fae3cd510f7c1880e11bf0b677e0d7ad0094c8e909e2ee11e6410c35bd33254a,OPT-RFT-XATMOV88-R512-v1:0234,XATMOV_C2_14_1883_z2_22,c2d447672910ecf67cb057bfd71174214a1376cd38bc01f654380d1a702655f7,234,cross_family_test_set,XATMOV/structures/XATMOV_C2_14_1883_z2_22.cif,624a74df78ce949b227a1989af22bb93549320661e68dcbab73a25ce2bc4cb44,c2d447672910ecf67cb057bfd71174214a1376cd38bc01f654380d1a702655f7,0,88,"[""C"", ""C"", ""N"", ""C"", ""H"", ""H"", ""H"", ""H"", ""H"", ""H"", ""H"", ""C"", ""C"", ""N"", ""C"", ""H"", ""H"", ""H"", ""H"", ""H"", ""H"", ""H"", ""C"", ""C"", ""N"", ""C"", ""H"", ""H"", ""H"", ""H"", ""H"", ""H"", ""H"", ""C"", ""C"", ""N"", ""C"", ""H"", ""H"", ""H"", ""H"", ""H"", ""H"", ""H"", ""C"", ""C"", ""N"", ""C"", ""H"", ""H"", ""H"", ""H"", ""H"", ""H"", ""H"", ""C"", ""C"", ""N"", ""C"", ""H"", ""H"", ""H"", ""H"", ""H"", ""H"", ""H"", ""C"", ""C"", ""N"", ""C"", ""H"", ""H"", ""H"", ""H"", ""H"", ""H"", ""H"", ""C"", ""C"", ""N"", ""C"", ""H"", ""H"", ""H"", ""H"", ""H"", ""H"", ""H""]",C24H56N8,"[true, true, true]","[16.37694658480258, 0.0, 0.0, 0.0, 5.9827207500922555, 0.0, -1.9433467706156173, 0.0, 18.736885772688147]",1835.8156755066157,[],"{""cutoff=6.000_skin=0.000"": 3520, ""cutoff=6.000_skin=0.500"": 4596}",0.0,,
OPT-RFT-XATMOV88-R512-v1,fae3cd510f7c1880e11bf0b677e0d7ad0094c8e909e2ee11e6410c35bd33254a,OPT-RFT-XATMOV88-R512-v1:0235,XATMOV_C1_14_774_z2_22,270fda24f604e83112a4b7bee28cb7bb8ad987aaa54765a8d60fb517e6c99e89,235,cross_family_test_set,XATMOV/structures/XATMOV_C1_14_774_z2_22.cif,6aa57485d5b19e7f5866d73a4579e7133def5299aee76bebff221e94300daa92,270fda24f604e83112a4b7bee28cb7bb8ad987aaa54765a8d60fb517e6c99e89,0,88,"[""C"", ""C"", ""N"", ""C"", ""H"", ""H"", ""H"", ""H"", ""H"", ""H"", ""H"", ""C"", ""C"", ""N"", ""C"", ""H"", ""H"", ""H"", ""H"", ""H"", ""H"", ""H"", ""C"", ""C"", ""N"", ""C"", ""H"", ""H"", ""H"", ""H"", ""H"", ""H"", ""H"", ""C"", ""C"", ""N"", ""C"", ""H"", ""H"", ""H"", ""H"", ""H"", ""H"", ""H"", ""C"", ""C"", ""N"", ""C"", ""H"", ""H"", ""H"", ""H"", ""H"", ""H"", ""H"", ""C"", ""C"", ""N"", ""C"", ""H"", ""H"", ""H"", ""H"", ""H"", ""H"", ""H"", ""C"", ""C"", ""N"", ""C"", ""H"", ""H"", ""H"", ""H"", ""H"", ""H"", ""H"", ""C"", ""C"", ""N"", ""C"", ""H"", ""H"", ""H"", ""H"", ""H"", ""H"", ""H""]",C24H56N8,"[true, true, true]","[15.972099208347146, 0.0, 0.0, 0.0, 12.824385015784756, 0.0, 0.880877305910266, 0.0, 10.10212020884271]",2069.2410199165924,[],"{""cutoff=6.000_skin=0.000"": 3524, ""cutoff=6.000_skin=0.500"": 4452}",0.0,,
OPT-RFT-XATMOV88-R512-v1,fae3cd510f7c1880e11bf0b677e0d7ad0094c8e909e2ee11e6410c35bd33254a,OPT-RFT-XATMOV88-R512-v1:0236,XATMOV_C1_14_6815_z2_22,7e3c63316dcc2895b3d866e1ee3224f369b7e7804f555c9d525fb9e098f4ad1d,236,cross_family_test_set,XATMOV/structures/XATMOV_C1_14_6815_z2_22.cif,23602deb9fb8e9ba0f257dafc32f65b8d798fe205e943ccce7c8f84bb8363964,7e3c63316dcc2895b3d866e1ee3224f369b7e7804f555c9d525fb9e098f4ad1d,0,88,"[""C"", ""C"", ""N"", ""C"", ""H"", ""H"", ""H"", ""H"", ""H"", ""H"", ""H"", ""C"", ""C"", ""N"", ""C"", ""H"", ""H"", ""H"", ""H"", ""H"", ""H"", ""H"", ""C"", ""C"", ""N"", ""C"", ""H"", ""H"", ""H"", ""H"", ""H"", ""H"", ""H"", ""C"", ""C"", ""N"", ""C"", ""H"", ""H"", ""H"", ""H"", ""H"", ""H"", ""H"", ""C"", ""C"", ""N"", ""C"", ""H"", ""H"", ""H"", ""H"", ""H"", ""H"", ""H"", ""C"", ""C"", ""N"", ""C"", ""H"", ""H"", ""H"", ""H"", ""H"", ""H"", ""H"", ""C"", ""C"", ""N"", ""C"", ""H"", ""H"", ""H"", ""H"", ""H"", ""H"", ""H"", ""C"", ""C"", ""N"", ""C"", ""H"", ""H"", ""H"", ""H"", ""H"", ""H"", ""H""]",C24H56N8,"[true, true, true]","[12.508989964484543, 0.0, 0.0, 0.0, 11.91082219050405, 0.0, 3.6266200058399987, 0.0, 11.413630234456473]",1700.5436505817115,[],"{""cutoff=6.000_skin=0.000"": 3532, ""cutoff=6.000_skin=0.500"": 4816}",0.0,,
OPT-RFT-XATMOV88-R512-v1,fae3cd510f7c1880e11bf0b677e0d7ad0094c8e909e2ee11e6410c35bd33254a,OPT-RFT-XATMOV88-R512-v1:0237,XATMOV_C1_14_1067_z2_22,6bdefc3a598fcdfc6e8956ba81124f13f2a3b62f0f461b2c5385ba72faa0bc8f,237,cross_family_test_set,XATMOV/structures/XATMOV_C1_14_1067_z2_22.cif,b9e074331ab31805bb0ef8db47313b733f7bd1dd5bb34914bb7264cf29399f7e,6bdefc3a598fcdfc6e8956ba81124f13f2a3b62f0f461b2c5385ba72faa0bc8f,0,88,"[""C"", ""C"", ""N"", ""C"", ""H"", ""H"", ""H"", ""H"", ""H"", ""H"", ""H"", ""C"", ""C"", ""N"", ""C"", ""H"", ""H"", ""H"", ""H"", ""H"", ""H"", ""H"", ""C"", ""C"", ""N"", ""C"", ""H"", ""H"", ""H"", ""H"", ""H"", ""H"", ""H"", ""C"", ""C"", ""N"", ""C"", ""H"", ""H"", ""H"", ""H"", ""H"", ""H"", ""H"", ""C"", ""C"", ""N"", ""C"", ""H"", ""H"", ""H"", ""H"", ""H"", ""H"", ""H"", ""C"", ""C"", ""N"", ""C"", ""H"", ""H"", ""H"", ""H"", ""H"", ""H"", ""H"", ""C"", ""C"", ""N"", ""C"", ""H"", ""H"", ""H"", ""H"", ""H"", ""H"", ""H"", ""C"", ""C"", ""N"", ""C"", ""H"", ""H"", ""H"", ""H"", ""H"", ""H"", ""H""]",C24H56N8,"[true, true, true]","[16.56665381284838, 0.0, 0.0, 0.0, 8.118937773812299, 0.0, -6.44681423156502, 0.0, 13.235639161687521]",1780.2415315018204,[],"{""cutoff=6.000_skin=0.000"": 3536, ""cutoff=6.000_skin=0.500"": 4552}",0.0,,
OPT-RFT-XATMOV88-R512-v1,fae3cd510f7c1880e11bf0b677e0d7ad0094c8e909e2ee11e6410c35bd33254a,OPT-RFT-XATMOV88-R512-v1:0238,XATMOV_C2_14_4345_z2_22,40e5309475517356d533f95df34c8aa5341235ecb24ec9808a79a497e48ad34b,238,cross_family_test_set,XATMOV/structures/XATMOV_C2_14_4345_z2_22.cif,b4e737e14a3f7566d1ea9809824924dbaef452655d88f0a2d51dc412dad58b13,40e5309475517356d533f95df34c8aa5341235ecb24ec9808a79a497e48ad34b,0,88,"[""C"", ""C"", ""N"", ""C"", ""H"", ""H"", ""H"", ""H"", ""H"", ""H"", ""H"", ""C"", ""C"", ""N"", ""C"", ""H"", ""H"", ""H"", ""H"", ""H"", ""H"", ""H"", ""C"", ""C"", ""N"", ""C"", ""H"", ""H"", ""H"", ""H"", ""H"", ""H"", ""H"", ""C"", ""C"", ""N"", ""C"", ""H"", ""H"", ""H"", ""H"", ""H"", ""H"", ""H"", ""C"", ""C"", ""N"", ""C"", ""H"", ""H"", ""H"", ""H"", ""H"", ""H"", ""H"", ""C"", ""C"", ""N"", ""C"", ""H"", ""H"", ""H"", ""H"", ""H"", ""H"", ""H"", ""C"", ""C"", ""N"", ""C"", ""H"", ""H"", ""H"", ""H"", ""H"", ""H"", ""H"", ""C"", ""C"", ""N"", ""C"", ""H"", ""H"", ""H"", ""H"", ""H"", ""H"", ""H""]",C24H56N8,"[true, true, true]","[13.861993815031841, 0.0, 0.0, 0.0, 14.895602174884282, 0.0, -1.316630545034045, 0.0, 9.412766397668335]",1943.5738458996748,[],"{""cutoff=6.000_skin=0.000"": 3540, ""cutoff=6.000_skin=0.500"": 4568}",0.0,,
OPT-RFT-XATMOV88-R512-v1,fae3cd510f7c1880e11bf0b677e0d7ad0094c8e909e2ee11e6410c35bd33254a,OPT-RFT-XATMOV88-R512-v1:0239,XATMOV_C1_14_590_z2_22,8e1161146fa0c174f2c7446c2fa5d696c3fd778c87f442deda88576b0ea69989,239,cross_family_test_set,XATMOV/structures/XATMOV_C1_14_590_z2_22.cif,5dba0fe8b4d5513214147903b389e70d4e5571913bb79cf34c2349b1ee288d63,8e1161146fa0c174f2c7446c2fa5d696c3fd778c87f442deda88576b0ea69989,0,88,"[""C"", ""C"", ""N"", ""C"", ""H"", ""H"", ""H"", ""H"", ""H"", ""H"", ""H"", ""C"", ""C"", ""N"", ""C"", ""H"", ""H"", ""H"", ""H"", ""H"", ""H"", ""H"", ""C"", ""C"", ""N"", ""C"", ""H"", ""H"", ""H"", ""H"", ""H"", ""H"", ""H"", ""C"", ""C"", ""N"", ""C"", ""H"", ""H"", ""H"", ""H"", ""H"", ""H"", ""H"", ""C"", ""C"", ""N"", ""C"", ""H"", ""H"", ""H"", ""H"", ""H"", ""H"", ""H"", ""C"", ""C"", ""N"", ""C"", ""H"", ""H"", ""H"", ""H"", ""H"", ""H"", ""H"", ""C"", ""C"", ""N"", ""C"", ""H"", ""H"", ""H"", ""H"", ""H"", ""H"", ""H"", ""C"", ""C"", ""N"", ""C"", ""H"", ""H"", ""H"", ""H"", ""H"", ""H"", ""H""]",C24H56N8,"[true, true, true]","[9.467877604317078, 0.0, 0.0, 0.0, 12.83402789288563, 0.0, 1.7301144823639147, 0.0, 15.748627763902507]",1913.6315910610024,[],"{""cutoff=6.000_skin=0.000"": 3548, ""cutoff=6.000_skin=0.500"": 4304}",0.0,,
OPT-RFT-XATMOV88-R512-v1,fae3cd510f7c1880e11bf0b677e0d7ad0094c8e909e2ee11e6410c35bd33254a,OPT-RFT-XATMOV88-R512-v1:0240,XATMOV_C2_14_5525_z2_22,8e60caceff31737ff3bafd28a31232cbe372cf80338efec74083bef6dfec0dae,240,cross_family_test_set,XATMOV/structures/XATMOV_C2_14_5525_z2_22.cif,0fbc61e097bcc58a940861d7d97e60a2141e036de2a8807bfdd19f15b26988eb,8e60caceff31737ff3bafd28a31232cbe372cf80338efec74083bef6dfec0dae,0,88,"[""C"", ""C"", ""N"", ""C"", ""H"", ""H"", ""H"", ""H"", ""H"", ""H"", ""H"", ""C"", ""C"", ""N"", ""C"", ""H"", ""H"", ""H"", ""H"", ""H"", ""H"", ""H"", ""C"", ""C"", ""N"", ""C"", ""H"", ""H"", ""H"", ""H"", ""H"", ""H"", ""H"", ""C"", ""C"", ""N"", ""C"", ""H"", ""H"", ""H"", ""H"", ""H"", ""H"", ""H"", ""C"", ""C"", ""N"", ""C"", ""H"", ""H"", ""H"", ""H"", ""H"", ""H"", ""H"", ""C"", ""C"", ""N"", ""C"", ""H"", ""H"", ""H"", ""H"", ""H"", ""H"", ""H"", ""C"", ""C"", ""N"", ""C"", ""H"", ""H"", ""H"", ""H"", ""H"", ""H"", ""H"", ""C"", ""C"", ""N"", ""C"", ""H"", ""H"", ""H"", ""H"", ""H"", ""H"", ""H""]",C24H56N8,"[true, true, true]","[12.419980428519551, 0.0, 0.0, 0.0, 13.138424190811797, 0.0, -1.45796946542622, 0.0, 12.08560718825658]",1972.116948654219,[],"{""cutoff=6.000_skin=0.000"": 3552, ""cutoff=6.000_skin=0.500"": 4508}",0.0,,
OPT-RFT-XATMOV88-R512-v1,fae3cd510f7c1880e11bf0b677e0d7ad0094c8e909e2ee11e6410c35bd33254a,OPT-RFT-XATMOV88-R512-v1:0241,XATMOV_C2_14_6154_z2_22,08300ff877b32b8d1bbc72090a9347da6eba5aace41b7a80965cd26bf13006df,241,cross_family_test_set,XATMOV/structures/XATMOV_C2_14_6154_z2_22.cif,76037cb4366cc570a1b9beca0b0247c85141113dbaa8983a6349fc275ebf24ab,08300ff877b32b8d1bbc72090a9347da6eba5aace41b7a80965cd26bf13006df,0,88,"[""C"", ""C"", ""N"", ""C"", ""H"", ""H"", ""H"", ""H"", ""H"", ""H"", ""H"", ""C"", ""C"", ""N"", ""C"", ""H"", ""H"", ""H"", ""H"", ""H"", ""H"", ""H"", ""C"", ""C"", ""N"", ""C"", ""H"", ""H"", ""H"", ""H"", ""H"", ""H"", ""H"", ""C"", ""C"", ""N"", ""C"", ""H"", ""H"", ""H"", ""H"", ""H"", ""H"", ""H"", ""C"", ""C"", ""N"", ""C"", ""H"", ""H"", ""H"", ""H"", ""H"", ""H"", ""H"", ""C"", ""C"", ""N"", ""C"", ""H"", ""H"", ""H"", ""H"", ""H"", ""H"", ""H"", ""C"", ""C"", ""N"", ""C"", ""H"", ""H"", ""H"", ""H"", ""H"", ""H"", ""H"", ""C"", ""C"", ""N"", ""C"", ""H"", ""H"", ""H"", ""H"", ""H"", ""H"", ""H""]",C24H56N8,"[true, true, true]","[9.135834632509827, 0.0, 0.0, 0.0, 14.031293067505402, 0.0, -0.4299955802944813, 0.0, 13.945574402982066]",1787.649338831456,[],"{""cutoff=6.000_skin=0.000"": 3560, ""cutoff=6.000_skin=0.500"": 4548}",0.0,,
OPT-RFT-XATMOV88-R512-v1,fae3cd510f7c1880e11bf0b677e0d7ad0094c8e909e2ee11e6410c35bd33254a,OPT-RFT-XATMOV88-R512-v1:0242,XATMOV_C1_14_6519_z2_22,1dd72cd0c42e6704049495e0ff574c033d9474aa51c1a114267092903ce094d3,242,cross_family_test_set,XATMOV/structures/XATMOV_C1_14_6519_z2_22.cif,d7751d57d0ecee6c7908171adbf0185ef7b04f19ff1a05d469929d8456a1844a,1dd72cd0c42e6704049495e0ff574c033d9474aa51c1a114267092903ce094d3,0,88,"[""C"", ""C"", ""N"", ""C"", ""H"", ""H"", ""H"", ""H"", ""H"", ""H"", ""H"", ""C"", ""C"", ""N"", ""C"", ""H"", ""H"", ""H"", ""H"", ""H"", ""H"", ""H"", ""C"", ""C"", ""N"", ""C"", ""H"", ""H"", ""H"", ""H"", ""H"", ""H"", ""H"", ""C"", ""C"", ""N"", ""C"", ""H"", ""H"", ""H"", ""H"", ""H"", ""H"", ""H"", ""C"", ""C"", ""N"", ""C"", ""H"", ""H"", ""H"", ""H"", ""H"", ""H"", ""H"", ""C"", ""C"", ""N"", ""C"", ""H"", ""H"", ""H"", ""H"", ""H"", ""H"", ""H"", ""C"", ""C"", ""N"", ""C"", ""H"", ""H"", ""H"", ""H"", ""H"", ""H"", ""H"", ""C"", ""C"", ""N"", ""C"", ""H"", ""H"", ""H"", ""H"", ""H"", ""H"", ""H""]",C24H56N8,"[true, true, true]","[11.064172389227622, 0.0, 0.0, 0.0, 11.66828636641651, 0.0, -8.12809790532596, 0.0, 14.823195628927019]",1913.6735454181971,[],"{""cutoff=6.000_skin=0.000"": 3572, ""cutoff=6.000_skin=0.500"": 4536}",0.0,,
OPT-RFT-XATMOV88-R512-v1,fae3cd510f7c1880e11bf0b677e0d7ad0094c8e909e2ee11e6410c35bd33254a,OPT-RFT-XATMOV88-R512-v1:0243,XATMOV_C2_14_2097_z2_22,de4009bc14ddfdef7077d5a370a90dd5537a9f2fcbda6fad0fccb0bc338362e1,243,cross_family_test_set,XATMOV/structures/XATMOV_C2_14_2097_z2_22.cif,b3479929f7efe3fae4a7c5d6329a2a701f1cbc2699dc7d5fcf006fb590480c59,de4009bc14ddfdef7077d5a370a90dd5537a9f2fcbda6fad0fccb0bc338362e1,0,88,"[""C"", ""C"", ""N"", ""C"", ""H"", ""H"", ""H"", ""H"", ""H"", ""H"", ""H"", ""C"", ""C"", ""N"", ""C"", ""H"", ""H"", ""H"", ""H"", ""H"", ""H"", ""H"", ""C"", ""C"", ""N"", ""C"", ""H"", ""H"", ""H"", ""H"", ""H"", ""H"", ""H"", ""C"", ""C"", ""N"", ""C"", ""H"", ""H"", ""H"", ""H"", ""H"", ""H"", ""H"", ""C"", ""C"", ""N"", ""C"", ""H"", ""H"", ""H"", ""H"", ""H"", ""H"", ""H"", ""C"", ""C"", ""N"", ""C"", ""H"", ""H"", ""H"", ""H"", ""H"", ""H"", ""H"", ""C"", ""C"", ""N"", ""C"", ""H"", ""H"", ""H"", ""H"", ""H"", ""H"", ""H"", ""C"", ""C"", ""N"", ""C"", ""H"", ""H"", ""H"", ""H"", ""H"", ""H"", ""H""]",C24H56N8,"[true, true, true]","[12.763398946096302, 0.0, 0.0, 0.0, 10.892307961750653, 0.0, 0.5008485450819694, 0.0, 12.384145423551013]",1721.6794635469596,[],"{""cutoff=6.000_skin=0.000"": 3580, ""cutoff=6.000_skin=0.500"": 4704}",0.0,,
OPT-RFT-XATMOV88-R512-v1,fae3cd510f7c1880e11bf0b677e0d7ad0094c8e909e2ee11e6410c35bd33254a,OPT-RFT-XATMOV88-R512-v1:0244,XATMOV_C1_14_6195_z2_22,4a77fd9a176881b48c3aaba0296fbd7e0af579b8d53ec8f3ae1ba20835dd7751,244,cross_family_test_set,XATMOV/structures/XATMOV_C1_14_6195_z2_22.cif,57ace7bf0e19ff5671bc5dbf8af2d52bc6a71f83b15eea15478a1abd1d5bc9e0,4a77fd9a176881b48c3aaba0296fbd7e0af579b8d53ec8f3ae1ba20835dd7751,0,88,"[""C"", ""C"", ""N"", ""C"", ""H"", ""H"", ""H"", ""H"", ""H"", ""H"", ""H"", ""C"", ""C"", ""N"", ""C"", ""H"", ""H"", ""H"", ""H"", ""H"", ""H"", ""H"", ""C"", ""C"", ""N"", ""C"", ""H"", ""H"", ""H"", ""H"", ""H"", ""H"", ""H"", ""C"", ""C"", ""N"", ""C"", ""H"", ""H"", ""H"", ""H"", ""H"", ""H"", ""H"", ""C"", ""C"", ""N"", ""C"", ""H"", ""H"", ""H"", ""H"", ""H"", ""H"", ""H"", ""C"", ""C"", ""N"", ""C"", ""H"", ""H"", ""H"", ""H"", ""H"", ""H"", ""H"", ""C"", ""C"", ""N"", ""C"", ""H"", ""H"", ""H"", ""H"", ""H"", ""H"", ""H"", ""C"", ""C"", ""N"", ""C"", ""H"", ""H"", ""H"", ""H"", ""H"", ""H"", ""H""]",C24H56N8,"[true, true, true]","[15.002914591376545, 0.0, 0.0, 0.0, 14.396534290738906, 0.0, 2.721380954047523, 0.0, 8.447436253279326]",1824.5615398868326,[],"{""cutoff=6.000_skin=0.000"": 3584, ""cutoff=6.000_skin=0.500"": 4580}",0.0,,
OPT-RFT-XATMOV88-R512-v1,fae3cd510f7c1880e11bf0b677e0d7ad0094c8e909e2ee11e6410c35bd33254a,OPT-RFT-XATMOV88-R512-v1:0245,XATMOV_C1_14_4058_z2_22,856e73bf7120336f542c77f2b079034b80b3a8c8b75f48c44eca3dfccfbeca9a,245,cross_family_test_set,XATMOV/structures/XATMOV_C1_14_4058_z2_22.cif,087f3baa0cad5f902adfd066ea706d16f5e426d4560093f980a911b37c47cdaa,856e73bf7120336f542c77f2b079034b80b3a8c8b75f48c44eca3dfccfbeca9a,0,88,"[""C"", ""C"", ""N"", ""C"", ""H"", ""H"", ""H"", ""H"", ""H"", ""H"", ""H"", ""C"", ""C"", ""N"", ""C"", ""H"", ""H"", ""H"", ""H"", ""H"", ""H"", ""H"", ""C"", ""C"", ""N"", ""C"", ""H"", ""H"", ""H"", ""H"", ""H"", ""H"", ""H"", ""C"", ""C"", ""N"", ""C"", ""H"", ""H"", ""H"", ""H"", ""H"", ""H"", ""H"", ""C"", ""C"", ""N"", ""C"", ""H"", ""H"", ""H"", ""H"", ""H"", ""H"", ""H"", ""C"", ""C"", ""N"", ""C"", ""H"", ""H"", ""H"", ""H"", ""H"", ""H"", ""H"", ""C"", ""C"", ""N"", ""C"", ""H"", ""H"", ""H"", ""H"", ""H"", ""H"", ""H"", ""C"", ""C"", ""N"", ""C"", ""H"", ""H"", ""H"", ""H"", ""H"", ""H"", ""H""]",C24H56N8,"[true, true, true]","[5.529354438353991, 0.0, 0.0, 0.0, 20.306251434047056, 0.0, -1.908904960979529, 0.0, 17.391014061188717]",1952.6710846246538,[],"{""cutoff=6.000_skin=0.000"": 3588, ""cutoff=6.000_skin=0.500"": 4688}",0.0,,
OPT-RFT-XATMOV88-R512-v1,fae3cd510f7c1880e11bf0b677e0d7ad0094c8e909e2ee11e6410c35bd33254a,OPT-RFT-XATMOV88-R512-v1:0246,XATMOV_C1_14_2846_z2_22,9367e04005113afb8f0be6638d6388a5beb73e52197b852d5a545cc3ba1bb227,246,cross_family_test_set,XATMOV/structures/XATMOV_C1_14_2846_z2_22.cif,87f618c200b2ade8893e64fd78af1e7407638abfbfb6508536634e38fe55b466,9367e04005113afb8f0be6638d6388a5beb73e52197b852d5a545cc3ba1bb227,0,88,"[""C"", ""C"", ""N"", ""C"", ""H"", ""H"", ""H"", ""H"", ""H"", ""H"", ""H"", ""C"", ""C"", ""N"", ""C"", ""H"", ""H"", ""H"", ""H"", ""H"", ""H"", ""H"", ""C"", ""C"", ""N"", ""C"", ""H"", ""H"", ""H"", ""H"", ""H"", ""H"", ""H"", ""C"", ""C"", ""N"", ""C"", ""H"", ""H"", ""H"", ""H"", ""H"", ""H"", ""H"", ""C"", ""C"", ""N"", ""C"", ""H"", ""H"", ""H"", ""H"", ""H"", ""H"", ""H"", ""C"", ""C"", ""N"", ""C"", ""H"", ""H"", ""H"", ""H"", ""H"", ""H"", ""H"", ""C"", ""C"", ""N"", ""C"", ""H"", ""H"", ""H"", ""H"", ""H"", ""H"", ""H"", ""C"", ""C"", ""N"", ""C"", ""H"", ""H"", ""H"", ""H"", ""H"", ""H"", ""H""]",C24H56N8,"[true, true, true]","[15.415782741151403, 0.0, 0.0, 0.0, 5.364219840743772, 0.0, 12.984222835893155, 0.0, 24.57590920500798]",2032.2715762482678,[],"{""cutoff=6.000_skin=0.000"": 3592, ""cutoff=6.000_skin=0.500"": 4644}",0.0,,
OPT-RFT-XATMOV88-R512-v1,fae3cd510f7c1880e11bf0b677e0d7ad0094c8e909e2ee11e6410c35bd33254a,OPT-RFT-XATMOV88-R512-v1:0247,XATMOV_C2_14_6134_z2_22,3e445392e7e0a3e10c08a0990e2288463921505e0a5b553ff0df455baebc13c3,247,cross_family_test_set,XATMOV/structures/XATMOV_C2_14_6134_z2_22.cif,5ba545994f27fc6c81966fe9537298b0d44a8ac4036e2ac4cbd2391eafd300be,3e445392e7e0a3e10c08a0990e2288463921505e0a5b553ff0df455baebc13c3,0,88,"[""C"", ""C"", ""N"", ""C"", ""H"", ""H"", ""H"", ""H"", ""H"", ""H"", ""H"", ""C"", ""C"", ""N"", ""C"", ""H"", ""H"", ""H"", ""H"", ""H"", ""H"", ""H"", ""C"", ""C"", ""N"", ""C"", ""H"", ""H"", ""H"", ""H"", ""H"", ""H"", ""H"", ""C"", ""C"", ""N"", ""C"", ""H"", ""H"", ""H"", ""H"", ""H"", ""H"", ""H"", ""C"", ""C"", ""N"", ""C"", ""H"", ""H"", ""H"", ""H"", ""H"", ""H"", ""H"", ""C"", ""C"", ""N"", ""C"", ""H"", ""H"", ""H"", ""H"", ""H"", ""H"", ""H"", ""C"", ""C"", ""N"", ""C"", ""H"", ""H"", ""H"", ""H"", ""H"", ""H"", ""H"", ""C"", ""C"", ""N"", ""C"", ""H"", ""H"", ""H"", ""H"", ""H"", ""H"", ""H""]",C24H56N8,"[true, true, true]","[11.966845630435323, 0.0, 0.0, 0.0, 12.841657698463052, 0.0, -0.23773693607982385, 0.0, 11.83088757172305]",1818.1014176100682,[],"{""cutoff=6.000_skin=0.000"": 3592, ""cutoff=6.000_skin=0.500"": 4680}",0.0,,
OPT-RFT-XATMOV88-R512-v1,fae3cd510f7c1880e11bf0b677e0d7ad0094c8e909e2ee11e6410c35bd33254a,OPT-RFT-XATMOV88-R512-v1:0248,XATMOV_C1_14_4184_z2_22,94b4e7d711f86dac6285cbad44ea870323858429378c86f6fa60e29a0a37b4eb,248,cross_family_test_set,XATMOV/structures/XATMOV_C1_14_4184_z2_22.cif,1ffdc5c8d59dce623405e1500291860442825e6407f620741d57d70659c73707,94b4e7d711f86dac6285cbad44ea870323858429378c86f6fa60e29a0a37b4eb,0,88,"[""C"", ""C"", ""N"", ""C"", ""H"", ""H"", ""H"", ""H"", ""H"", ""H"", ""H"", ""C"", ""C"", ""N"", ""C"", ""H"", ""H"", ""H"", ""H"", ""H"", ""H"", ""H"", ""C"", ""C"", ""N"", ""C"", ""H"", ""H"", ""H"", ""H"", ""H"", ""H"", ""H"", ""C"", ""C"", ""N"", ""C"", ""H"", ""H"", ""H"", ""H"", ""H"", ""H"", ""H"", ""C"", ""C"", ""N"", ""C"", ""H"", ""H"", ""H"", ""H"", ""H"", ""H"", ""H"", ""C"", ""C"", ""N"", ""C"", ""H"", ""H"", ""H"", ""H"", ""H"", ""H"", ""H"", ""C"", ""C"", ""N"", ""C"", ""H"", ""H"", ""H"", ""H"", ""H"", ""H"", ""H"", ""C"", ""C"", ""N"", ""C"", ""H"", ""H"", ""H"", ""H"", ""H"", ""H"", ""H""]",C24H56N8,"[true, true, true]","[6.742377508551286, 0.0, 0.0, 0.0, 18.042650194852072, 0.0, 2.4911376167153376, 0.0, 13.553978470468657]",1648.8463450274744,[],"{""cutoff=6.000_skin=0.000"": 3600, ""cutoff=6.000_skin=0.500"": 4944}",0.0,,
OPT-RFT-XATMOV88-R512-v1,fae3cd510f7c1880e11bf0b677e0d7ad0094c8e909e2ee11e6410c35bd33254a,OPT-RFT-XATMOV88-R512-v1:0249,XATMOV_C1_14_5525_z2_22,ab353cd3cbc815555188476ef7682e1a46a0cef8a180873629f7ba984d3417b6,249,cross_family_test_set,XATMOV/structures/XATMOV_C1_14_5525_z2_22.cif,17541c7146e72160b1fedbbe1eb09172044876d023a2d78ee5e00885029c3329,ab353cd3cbc815555188476ef7682e1a46a0cef8a180873629f7ba984d3417b6,0,88,"[""C"", ""C"", ""N"", ""C"", ""H"", ""H"", ""H"", ""H"", ""H"", ""H"", ""H"", ""C"", ""C"", ""N"", ""C"", ""H"", ""H"", ""H"", ""H"", ""H"", ""H"", ""H"", ""C"", ""C"", ""N"", ""C"", ""H"", ""H"", ""H"", ""H"", ""H"", ""H"", ""H"", ""C"", ""C"", ""N"", ""C"", ""H"", ""H"", ""H"", ""H"", ""H"", ""H"", ""H"", ""C"", ""C"", ""N"", ""C"", ""H"", ""H"", ""H"", ""H"", ""H"", ""H"", ""H"", ""C"", ""C"", ""N"", ""C"", ""H"", ""H"", ""H"", ""H"", ""H"", ""H"", ""H"", ""C"", ""C"", ""N"", ""C"", ""H"", ""H"", ""H"", ""H"", ""H"", ""H"", ""H"", ""C"", ""C"", ""N"", ""C"", ""H"", ""H"", ""H"", ""H"", ""H"", ""H"", ""H""]",C24H56N8,"[true, true, true]","[12.378083694912178, 0.0, 0.0, 0.0, 12.601570698059831, 0.0, -1.4554227771969321, 0.0, 12.06449681914392]",1881.8599879376543,[],"{""cutoff=6.000_skin=0.000"": 3604, ""cutoff=6.000_skin=0.500"": 4720}",0.0,,
OPT-RFT-XATMOV88-R512-v1,fae3cd510f7c1880e11bf0b677e0d7ad0094c8e909e2ee11e6410c35bd33254a,OPT-RFT-XATMOV88-R512-v1:0250,XATMOV_C2_14_6959_z2_22,d5bf68587e0d50f6eb9023b98be8a436c720d005cf2c2b0e1dd193b13886e975,250,cross_family_test_set,XATMOV/structures/XATMOV_C2_14_6959_z2_22.cif,58570d74d0b13db3832ab75e04251a5ac4ceadf784378f61da14653992a3b46d,d5bf68587e0d50f6eb9023b98be8a436c720d005cf2c2b0e1dd193b13886e975,0,88,"[""C"", ""C"", ""N"", ""C"", ""H"", ""H"", ""H"", ""H"", ""H"", ""H"", ""H"", ""C"", ""C"", ""N"", ""C"", ""H"", ""H"", ""H"", ""H"", ""H"", ""H"", ""H"", ""C"", ""C"", ""N"", ""C"", ""H"", ""H"", ""H"", ""H"", ""H"", ""H"", ""H"", ""C"", ""C"", ""N"", ""C"", ""H"", ""H"", ""H"", ""H"", ""H"", ""H"", ""H"", ""C"", ""C"", ""N"", ""C"", ""H"", ""H"", ""H"", ""H"", ""H"", ""H"", ""H"", ""C"", ""C"", ""N"", ""C"", ""H"", ""H"", ""H"", ""H"", ""H"", ""H"", ""H"", ""C"", ""C"", ""N"", ""C"", ""H"", ""H"", ""H"", ""H"", ""H"", ""H"", ""H"", ""C"", ""C"", ""N"", ""C"", ""H"", ""H"", ""H"", ""H"", ""H"", ""H"", ""H""]",C24H56N8,"[true, true, true]","[12.680936415990018, 0.0, 0.0, 0.0, 12.7577849599406, 0.0, -5.930606279379544, 0.0, 11.37915195726137]",1840.9267125874533,[],"{""cutoff=6.000_skin=0.000"": 3608, ""cutoff=6.000_skin=0.500"": 4516}",0.0,,
OPT-RFT-XATMOV88-R512-v1,fae3cd510f7c1880e11bf0b677e0d7ad0094c8e909e2ee11e6410c35bd33254a,OPT-RFT-XATMOV88-R512-v1:0251,XATMOV_C1_14_1640_z2_22,57f670dca7be30e16038c289296230a8b0f20f6ea2b2beeec0728cdd544b2620,251,cross_family_test_set,XATMOV/structures/XATMOV_C1_14_1640_z2_22.cif,87add51cb23ba4948363b8a3a16d2884ed3bbb42ae254603ed9f784775347d6a,57f670dca7be30e16038c289296230a8b0f20f6ea2b2beeec0728cdd544b2620,0,88,"[""C"", ""C"", ""N"", ""C"", ""H"", ""H"", ""H"", ""H"", ""H"", ""H"", ""H"", ""C"", ""C"", ""N"", ""C"", ""H"", ""H"", ""H"", ""H"", ""H"", ""H"", ""H"", ""C"", ""C"", ""N"", ""C"", ""H"", ""H"", ""H"", ""H"", ""H"", ""H"", ""H"", ""C"", ""C"", ""N"", ""C"", ""H"", ""H"", ""H"", ""H"", ""H"", ""H"", ""H"", ""C"", ""C"", ""N"", ""C"", ""H"", ""H"", ""H"", ""H"", ""H"", ""H"", ""H"", ""C"", ""C"", ""N"", ""C"", ""H"", ""H"", ""H"", ""H"", ""H"", ""H"", ""H"", ""C"", ""C"", ""N"", ""C"", ""H"", ""H"", ""H"", ""H"", ""H"", ""H"", ""H"", ""C"", ""C"", ""N"", ""C"", ""H"", ""H"", ""H"", ""H"", ""H"", ""H"", ""H""]",C24H56N8,"[true, true, true]","[20.40596975241065, 0.0, 0.0, 0.0, 19.25246465508677, 0.0, 3.032768154782465, 0.0, 4.9835407804836604]",1957.8598023003306,[],"{""cutoff=6.000_skin=0.000"": 3620, ""cutoff=6.000_skin=0.500"": 4516}",0.0,,
OPT-RFT-XATMOV88-R512-v1,fae3cd510f7c1880e11bf0b677e0d7ad0094c8e909e2ee11e6410c35bd33254a,OPT-RFT-XATMOV88-R512-v1:0252,XATMOV_C1_14_4557_z2_22,89d50f0fedb092b805544a8d7284ec277096c0b264be54147fd691ce5f236c04,252,cross_family_test_set,XATMOV/structures/XATMOV_C1_14_4557_z2_22.cif,9f40a6f873c615fa71607d996aa1d8846a5971f38cd7bf3d93f63f2fbacdef29,89d50f0fedb092b805544a8d7284ec277096c0b264be54147fd691ce5f236c04,0,88,"[""C"", ""C"", ""N"", ""C"", ""H"", ""H"", ""H"", ""H"", ""H"", ""H"", ""H"", ""C"", ""C"", ""N"", ""C"", ""H"", ""H"", ""H"", ""H"", ""H"", ""H"", ""H"", ""C"", ""C"", ""N"", ""C"", ""H"", ""H"", ""H"", ""H"", ""H"", ""H"", ""H"", ""C"", ""C"", ""N"", ""C"", ""H"", ""H"", ""H"", ""H"", ""H"", ""H"", ""H"", ""C"", ""C"", ""N"", ""C"", ""H"", ""H"", ""H"", ""H"", ""H"", ""H"", ""H"", ""C"", ""C"", ""N"", ""C"", ""H"", ""H"", ""H"", ""H"", ""H"", ""H"", ""H"", ""C"", ""C"", ""N"", ""C"", ""H"", ""H"", ""H"", ""H"", ""H"", ""H"", ""H"", ""C"", ""C"", ""N"", ""C"", ""H"", ""H"", ""H"", ""H"", ""H"", ""H"", ""H""]",C24H56N8,"[true, true, true]","[10.246451606906547, 0.0, 0.0, 0.0, 14.172442265412528, 0.0, -2.373414985053144, 0.0, 14.264293257580585]",2071.4213519663476,[],"{""cutoff=6.000_skin=0.000"": 3628, ""cutoff=6.000_skin=0.500"": 4328}",0.0,,
OPT-RFT-XATMOV88-R512-v1,fae3cd510f7c1880e11bf0b677e0d7ad0094c8e909e2ee11e6410c35bd33254a,OPT-RFT-XATMOV88-R512-v1:0253,XATMOV_C2_14_4630_z2_22,76cf63960b19f1c1331b0690d20ad805b26aa17a4e1236f828fec28a2acff75c,253,cross_family_test_set,XATMOV/structures/XATMOV_C2_14_4630_z2_22.cif,633d76aa7264ead8aa1fd2f4c449e859e21ff64108272b7107ea05d8b033419f,76cf63960b19f1c1331b0690d20ad805b26aa17a4e1236f828fec28a2acff75c,0,88,"[""C"", ""C"", ""N"", ""C"", ""H"", ""H"", ""H"", ""H"", ""H"", ""H"", ""H"", ""C"", ""C"", ""N"", ""C"", ""H"", ""H"", ""H"", ""H"", ""H"", ""H"", ""H"", ""C"", ""C"", ""N"", ""C"", ""H"", ""H"", ""H"", ""H"", ""H"", ""H"", ""H"", ""C"", ""C"", ""N"", ""C"", ""H"", ""H"", ""H"", ""H"", ""H"", ""H"", ""H"", ""C"", ""C"", ""N"", ""C"", ""H"", ""H"", ""H"", ""H"", ""H"", ""H"", ""H"", ""C"", ""C"", ""N"", ""C"", ""H"", ""H"", ""H"", ""H"", ""H"", ""H"", ""H"", ""C"", ""C"", ""N"", ""C"", ""H"", ""H"", ""H"", ""H"", ""H"", ""H"", ""H"", ""C"", ""C"", ""N"", ""C"", ""H"", ""H"", ""H"", ""H"", ""H"", ""H"", ""H""]",C24H56N8,"[true, true, true]","[6.142859718983189, 0.0, 0.0, 0.0, 19.306046436993803, 0.0, -11.039297784881745, 0.0, 15.834986002278896]",1877.9396345261725,[],"{""cutoff=6.000_skin=0.000"": 3632, ""cutoff=6.000_skin=0.500"": 4760}",0.0,,
OPT-RFT-XATMOV88-R512-v1,fae3cd510f7c1880e11bf0b677e0d7ad0094c8e909e2ee11e6410c35bd33254a,OPT-RFT-XATMOV88-R512-v1:0254,XATMOV_C1_14_2016_z2_22,50d2e3c84fa33d2f44a6738736b721e3e14ff4759b0ccdaf6384ea8456fd0f05,254,cross_family_test_set,XATMOV/structures/XATMOV_C1_14_2016_z2_22.cif,2516134dc79d6a415784abef200a12666dfa7bebb19e3004e4f7f630eef0c58a,50d2e3c84fa33d2f44a6738736b721e3e14ff4759b0ccdaf6384ea8456fd0f05,0,88,"[""C"", ""C"", ""N"", ""C"", ""H"", ""H"", ""H"", ""H"", ""H"", ""H"", ""H"", ""C"", ""C"", ""N"", ""C"", ""H"", ""H"", ""H"", ""H"", ""H"", ""H"", ""H"", ""C"", ""C"", ""N"", ""C"", ""H"", ""H"", ""H"", ""H"", ""H"", ""H"", ""H"", ""C"", ""C"", ""N"", ""C"", ""H"", ""H"", ""H"", ""H"", ""H"", ""H"", ""H"", ""C"", ""C"", ""N"", ""C"", ""H"", ""H"", ""H"", ""H"", ""H"", ""H"", ""H"", ""C"", ""C"", ""N"", ""C"", ""H"", ""H"", ""H"", ""H"", ""H"", ""H"", ""H"", ""C"", ""C"", ""N"", ""C"", ""H"", ""H"", ""H"", ""H"", ""H"", ""H"", ""H"", ""C"", ""C"", ""N"", ""C"", ""H"", ""H"", ""H"", ""H"", ""H"", ""H"", ""H""]",C24H56N8,"[true, true, true]","[18.780260526236304, 0.0, 0.0, 0.0, 9.78861923442238, 0.0, 1.8596610202239336, 0.0, 10.885369055470825]",2001.0880838354265,[],"{""cutoff=6.000_skin=0.000"": 3640, ""cutoff=6.000_skin=0.500"": 4456}",0.0,,
OPT-RFT-XATMOV88-R512-v1,fae3cd510f7c1880e11bf0b677e0d7ad0094c8e909e2ee11e6410c35bd33254a,OPT-RFT-XATMOV88-R512-v1:0255,XATMOV_C1_14_1622_z2_22,326d436e07af322d5e0eb40b148b470822604cad31d4c02de5422f46244f0c05,255,cross_family_test_set,XATMOV/structures/XATMOV_C1_14_1622_z2_22.cif,f84ccebf1027e07904b0151a8aba4f7c1c34301fc2e31eb93a4aa61a91e2fc39,326d436e07af322d5e0eb40b148b470822604cad31d4c02de5422f46244f0c05,0,88,"[""C"", ""C"", ""N"", ""C"", ""H"", ""H"", ""H"", ""H"", ""H"", ""H"", ""H"", ""C"", ""C"", ""N"", ""C"", ""H"", ""H"", ""H"", ""H"", ""H"", ""H"", ""H"", ""C"", ""C"", ""N"", ""C"", ""H"", ""H"", ""H"", ""H"", ""H"", ""H"", ""H"", ""C"", ""C"", ""N"", ""C"", ""H"", ""H"", ""H"", ""H"", ""H"", ""H"", ""H"", ""C"", ""C"", ""N"", ""C"", ""H"", ""H"", ""H"", ""H"", ""H"", ""H"", ""H"", ""C"", ""C"", ""N"", ""C"", ""H"", ""H"", ""H"", ""H"", ""H"", ""H"", ""H"", ""C"", ""C"", ""N"", ""C"", ""H"", ""H"", ""H"", ""H"", ""H"", ""H"", ""H"", ""C"", ""C"", ""N"", ""C"", ""H"", ""H"", ""H"", ""H"", ""H"", ""H"", ""H""]",C24H56N8,"[true, true, true]","[13.234188050703594, 0.0, 0.0, 0.0, 14.182733946865447, 0.0, 5.254314403583448, 0.0, 9.243587243969598]",1734.9933003004753,[],"{""cutoff=6.000_skin=0.000"": 3652, ""cutoff=6.000_skin=0.500"": 4672}",0.0,,
OPT-RFT-XATMOV88-R512-v1,fae3cd510f7c1880e11bf0b677e0d7ad0094c8e909e2ee11e6410c35bd33254a,OPT-RFT-XATMOV88-R512-v1:0256,XATMOV_C2_14_3096_z2_22,b397c5cce0564439413e79bc6661a56d438f7d96cb9d3ac1c8d5dcfed8d5b9c1,256,cross_family_test_set,XATMOV/structures/XATMOV_C2_14_3096_z2_22.cif,b6f4c15b93ed083e0f167cb15127f265c427195ab6b3ccba1bc5fb4efe6984ca,b397c5cce0564439413e79bc6661a56d438f7d96cb9d3ac1c8d5dcfed8d5b9c1,0,88,"[""C"", ""C"", ""N"", ""C"", ""H"", ""H"", ""H"", ""H"", ""H"", ""H"", ""H"", ""C"", ""C"", ""N"", ""C"", ""H"", ""H"", ""H"", ""H"", ""H"", ""H"", ""H"", ""C"", ""C"", ""N"", ""C"", ""H"", ""H"", ""H"", ""H"", ""H"", ""H"", ""H"", ""C"", ""C"", ""N"", ""C"", ""H"", ""H"", ""H"", ""H"", ""H"", ""H"", ""H"", ""C"", ""C"", ""N"", ""C"", ""H"", ""H"", ""H"", ""H"", ""H"", ""H"", ""H"", ""C"", ""C"", ""N"", ""C"", ""H"", ""H"", ""H"", ""H"", ""H"", ""H"", ""H"", ""C"", ""C"", ""N"", ""C"", ""H"", ""H"", ""H"", ""H"", ""H"", ""H"", ""H"", ""C"", ""C"", ""N"", ""C"", ""H"", ""H"", ""H"", ""H"", ""H"", ""H"", ""H""]",C24H56N8,"[true, true, true]","[8.739602107934594, 0.0, 0.0, 0.0, 11.1962299920364, 0.0, 6.951162611112448, 0.0, 18.857914988070103]",1845.2582065551874,[],"{""cutoff=6.000_skin=0.000"": 3656, ""cutoff=6.000_skin=0.500"": 4628}",0.0,,
OPT-RFT-XATMOV88-R512-v1,fae3cd510f7c1880e11bf0b677e0d7ad0094c8e909e2ee11e6410c35bd33254a,OPT-RFT-XATMOV88-R512-v1:0257,XATMOV_C2_14_19_z2_22,f21b5739a6c6f6dc1a591e7cbed9a2f983c419ad716f291ee45e0e3264b78d56,257,cross_family_test_set,XATMOV/structures/XATMOV_C2_14_19_z2_22.cif,136691dfeaefaabdf2026585658f381afb04178a1dff34cdecfd749e9caeb578,f21b5739a6c6f6dc1a591e7cbed9a2f983c419ad716f291ee45e0e3264b78d56,0,88,"[""C"", ""C"", ""N"", ""C"", ""H"", ""H"", ""H"", ""H"", ""H"", ""H"", ""H"", ""C"", ""C"", ""N"", ""C"", ""H"", ""H"", ""H"", ""H"", ""H"", ""H"", ""H"", ""C"", ""C"", ""N"", ""C"", ""H"", ""H"", ""H"", ""H"", ""H"", ""H"", ""H"", ""C"", ""C"", ""N"", ""C"", ""H"", ""H"", ""H"", ""H"", ""H"", ""H"", ""H"", ""C"", ""C"", ""N"", ""C"", ""H"", ""H"", ""H"", ""H"", ""H"", ""H"", ""H"", ""C"", ""C"", ""N"", ""C"", ""H"", ""H"", ""H"", ""H"", ""H"", ""H"", ""H"", ""C"", ""C"", ""N"", ""C"", ""H"", ""H"", ""H"", ""H"", ""H"", ""H"", ""H"", ""C"", ""C"", ""N"", ""C"", ""H"", ""H"", ""H"", ""H"", ""H"", ""H"", ""H""]",C24H56N8,"[true, true, true]","[12.659521657200449, 0.0, 0.0, 0.0, 11.903146733024371, 0.0, -1.319740847153268, 0.0, 12.88403980332052]",1941.4720433234827,[],"{""cutoff=6.000_skin=0.000"": 3660, ""cutoff=6.000_skin=0.500"": 4388}",0.0,,
OPT-RFT-XATMOV88-R512-v1,fae3cd510f7c1880e11bf0b677e0d7ad0094c8e909e2ee11e6410c35bd33254a,OPT-RFT-XATMOV88-R512-v1:0258,XATMOV_C1_14_4068_z2_22,e4f1aa6bf16213a7ddd32c45469a3cf021a4347ed1bf9c90855b6711ddb45a6b,258,cross_family_test_set,XATMOV/structures/XATMOV_C1_14_4068_z2_22.cif,457273cd7e0499525146778e73e4a22ef3fb73d761d85d51eae4c54a43c5eac2,e4f1aa6bf16213a7ddd32c45469a3cf021a4347ed1bf9c90855b6711ddb45a6b,0,88,"[""C"", ""C"", ""N"", ""C"", ""H"", ""H"", ""H"", ""H"", ""H"", ""H"", ""H"", ""C"", ""C"", ""N"", ""C"", ""H"", ""H"", ""H"", ""H"", ""H"", ""H"", ""H"", ""C"", ""C"", ""N"", ""C"", ""H"", ""H"", ""H"", ""H"", ""H"", ""H"", ""H"", ""C"", ""C"", ""N"", ""C"", ""H"", ""H"", ""H"", ""H"", ""H"", ""H"", ""H"", ""C"", ""C"", ""N"", ""C"", ""H"", ""H"", ""H"", ""H"", ""H"", ""H"", ""H"", ""C"", ""C"", ""N"", ""C"", ""H"", ""H"", ""H"", ""H"", ""H"", ""H"", ""H"", ""C"", ""C"", ""N"", ""C"", ""H"", ""H"", ""H"", ""H"", ""H"", ""H"", ""H"", ""C"", ""C"", ""N"", ""C"", ""H"", ""H"", ""H"", ""H"", ""H"", ""H"", ""H""]",C24H56N8,"[true, true, true]","[10.25302916040971, 0.0, 0.0, 0.0, 25.650006891533025, 0.0, 1.418972330368543, 0.0, 7.1920986386929835]",1891.4519529572817,[],"{""cutoff=6.000_skin=0.000"": 3668, ""cutoff=6.000_skin=0.500"": 4820}",0.0,,
OPT-RFT-XATMOV88-R512-v1,fae3cd510f7c1880e11bf0b677e0d7ad0094c8e909e2ee11e6410c35bd33254a,OPT-RFT-XATMOV88-R512-v1:0259,XATMOV_C1_14_2822_z2_22,d07b608b878cb63906414577d92338fc288ee6631a92f50a49d30ecf1d30ebfa,259,cross_family_test_set,XATMOV/structures/XATMOV_C1_14_2822_z2_22.cif,14fcce07a8e261c1aabf9fe1a8a6ab790a44177b42b9d40d4d06da9f474f8996,d07b608b878cb63906414577d92338fc288ee6631a92f50a49d30ecf1d30ebfa,0,88,"[""C"", ""C"", ""N"", ""C"", ""H"", ""H"", ""H"", ""H"", ""H"", ""H"", ""H"", ""C"", ""C"", ""N"", ""C"", ""H"", ""H"", ""H"", ""H"", ""H"", ""H"", ""H"", ""C"", ""C"", ""N"", ""C"", ""H"", ""H"", ""H"", ""H"", ""H"", ""H"", ""H"", ""C"", ""C"", ""N"", ""C"", ""H"", ""H"", ""H"", ""H"", ""H"", ""H"", ""H"", ""C"", ""C"", ""N"", ""C"", ""H"", ""H"", ""H"", ""H"", ""H"", ""H"", ""H"", ""C"", ""C"", ""N"", ""C"", ""H"", ""H"", ""H"", ""H"", ""H"", ""H"", ""H"", ""C"", ""C"", ""N"", ""C"", ""H"", ""H"", ""H"", ""H"", ""H"", ""H"", ""H"", ""C"", ""C"", ""N"", ""C"", ""H"", ""H"", ""H"", ""H"", ""H"", ""H"", ""H""]",C24H56N8,"[true, true, true]","[17.09744409519054, 0.0, 0.0, 0.0, 8.533247096641546, 0.0, 6.9472611726109506, 0.0, 11.851299971958548]",1729.065736584104,[],"{""cutoff=6.000_skin=0.000"": 3672, ""cutoff=6.000_skin=0.500"": 4596}",0.0,,
OPT-RFT-XATMOV88-R512-v1,fae3cd510f7c1880e11bf0b677e0d7ad0094c8e909e2ee11e6410c35bd33254a,OPT-RFT-XATMOV88-R512-v1:0260,XATMOV_C1_14_3709_z2_22,08a63937d4a2c31b68015b444038d810a5e932d38dce67e4a096244f14d8e4a6,260,cross_family_test_set,XATMOV/structures/XATMOV_C1_14_3709_z2_22.cif,5fc8bdfc84d36cc359475b3b66c4540cdd97e12260551430277968c61bde7a4d,08a63937d4a2c31b68015b444038d810a5e932d38dce67e4a096244f14d8e4a6,0,88,"[""C"", ""C"", ""N"", ""C"", ""H"", ""H"", ""H"", ""H"", ""H"", ""H"", ""H"", ""C"", ""C"", ""N"", ""C"", ""H"", ""H"", ""H"", ""H"", ""H"", ""H"", ""H"", ""C"", ""C"", ""N"", ""C"", ""H"", ""H"", ""H"", ""H"", ""H"", ""H"", ""H"", ""C"", ""C"", ""N"", ""C"", ""H"", ""H"", ""H"", ""H"", ""H"", ""H"", ""H"", ""C"", ""C"", ""N"", ""C"", ""H"", ""H"", ""H"", ""H"", ""H"", ""H"", ""H"", ""C"", ""C"", ""N"", ""C"", ""H"", ""H"", ""H"", ""H"", ""H"", ""H"", ""H"", ""C"", ""C"", ""N"", ""C"", ""H"", ""H"", ""H"", ""H"", ""H"", ""H"", ""H"", ""C"", ""C"", ""N"", ""C"", ""H"", ""H"", ""H"", ""H"", ""H"", ""H"", ""H""]",C24H56N8,"[true, true, true]","[6.882658332643137, 0.0, 0.0, 0.0, 19.955474162726247, 0.0, -4.929246324820798, 0.0, 12.185600761230178]",1673.6521803616379,[],"{""cutoff=6.000_skin=0.000"": 3676, ""cutoff=6.000_skin=0.500"": 4980}",0.0,,
OPT-RFT-XATMOV88-R512-v1,fae3cd510f7c1880e11bf0b677e0d7ad0094c8e909e2ee11e6410c35bd33254a,OPT-RFT-XATMOV88-R512-v1:0261,XATMOV_C1_14_4122_z2_22,09c8b616c68a822bafbd30b676cac9dde9b9a6a45c3df7d197309c2e481abe88,261,cross_family_test_set,XATMOV/structures/XATMOV_C1_14_4122_z2_22.cif,dc6b728338880ea7240ca006084b21055e400442cbd0bab0a95fba1706c60ca6,09c8b616c68a822bafbd30b676cac9dde9b9a6a45c3df7d197309c2e481abe88,0,88,"[""C"", ""C"", ""N"", ""C"", ""H"", ""H"", ""H"", ""H"", ""H"", ""H"", ""H"", ""C"", ""C"", ""N"", ""C"", ""H"", ""H"", ""H"", ""H"", ""H"", ""H"", ""H"", ""C"", ""C"", ""N"", ""C"", ""H"", ""H"", ""H"", ""H"", ""H"", ""H"", ""H"", ""C"", ""C"", ""N"", ""C"", ""H"", ""H"", ""H"", ""H"", ""H"", ""H"", ""H"", ""C"", ""C"", ""N"", ""C"", ""H"", ""H"", ""H"", ""H"", ""H"", ""H"", ""H"", ""C"", ""C"", ""N"", ""C"", ""H"", ""H"", ""H"", ""H"", ""H"", ""H"", ""H"", ""C"", ""C"", ""N"", ""C"", ""H"", ""H"", ""H"", ""H"", ""H"", ""H"", ""H"", ""C"", ""C"", ""N"", ""C"", ""H"", ""H"", ""H"", ""H"", ""H"", ""H"", ""H""]",C24H56N8,"[true, true, true]","[8.842419308536108, 0.0, 0.0, 0.0, 20.748548912257277, 0.0, 4.474810598937674, 0.0, 10.066450277580298]",1846.865152890416,[],"{""cutoff=6.000_skin=0.000"": 3684, ""cutoff=6.000_skin=0.500"": 4680}",0.0,,
OPT-RFT-XATMOV88-R512-v1,fae3cd510f7c1880e11bf0b677e0d7ad0094c8e909e2ee11e6410c35bd33254a,OPT-RFT-XATMOV88-R512-v1:0262,XATMOV_C2_14_5400_z2_22,a83431fc8c3eac7ada10379ebfe3cc0b9c4949149b1bb5ad92f560542b4e9773,262,cross_family_test_set,XATMOV/structures/XATMOV_C2_14_5400_z2_22.cif,8f39398e45aee6f7b34c9800141729a63f4c0155da9741b2eb041a944cad8834,a83431fc8c3eac7ada10379ebfe3cc0b9c4949149b1bb5ad92f560542b4e9773,0,88,"[""C"", ""C"", ""N"", ""C"", ""H"", ""H"", ""H"", ""H"", ""H"", ""H"", ""H"", ""C"", ""C"", ""N"", ""C"", ""H"", ""H"", ""H"", ""H"", ""H"", ""H"", ""H"", ""C"", ""C"", ""N"", ""C"", ""H"", ""H"", ""H"", ""H"", ""H"", ""H"", ""H"", ""C"", ""C"", ""N"", ""C"", ""H"", ""H"", ""H"", ""H"", ""H"", ""H"", ""H"", ""C"", ""C"", ""N"", ""C"", ""H"", ""H"", ""H"", ""H"", ""H"", ""H"", ""H"", ""C"", ""C"", ""N"", ""C"", ""H"", ""H"", ""H"", ""H"", ""H"", ""H"", ""H"", ""C"", ""C"", ""N"", ""C"", ""H"", ""H"", ""H"", ""H"", ""H"", ""H"", ""H"", ""C"", ""C"", ""N"", ""C"", ""H"", ""H"", ""H"", ""H"", ""H"", ""H"", ""H""]",C24H56N8,"[true, true, true]","[13.374186620118948, 0.0, 0.0, 0.0, 12.845455238357154, 0.0, -0.09018004172198305, 0.0, 9.862959243314823]",1694.431894250264,[],"{""cutoff=6.000_skin=0.000"": 3688, ""cutoff=6.000_skin=0.500"": 4676}",0.0,,
OPT-RFT-XATMOV88-R512-v1,fae3cd510f7c1880e11bf0b677e0d7ad0094c8e909e2ee11e6410c35bd33254a,OPT-RFT-XATMOV88-R512-v1:0263,XATMOV_C1_14_1093_z2_22,7a088603fda21e6aa521f9db2a7c983f0f90ab6b764ebf76554b7c08caac9539,263,cross_family_test_set,XATMOV/structures/XATMOV_C1_14_1093_z2_22.cif,af3bb9ca5996d6b813b8878e44ed9a2f5697b6c12172f1292b0796a3ee724c65,7a088603fda21e6aa521f9db2a7c983f0f90ab6b764ebf76554b7c08caac9539,0,88,"[""C"", ""C"", ""N"", ""C"", ""H"", ""H"", ""H"", ""H"", ""H"", ""H"", ""H"", ""C"", ""C"", ""N"", ""C"", ""H"", ""H"", ""H"", ""H"", ""H"", ""H"", ""H"", ""C"", ""C"", ""N"", ""C"", ""H"", ""H"", ""H"", ""H"", ""H"", ""H"", ""H"", ""C"", ""C"", ""N"", ""C"", ""H"", ""H"", ""H"", ""H"", ""H"", ""H"", ""H"", ""C"", ""C"", ""N"", ""C"", ""H"", ""H"", ""H"", ""H"", ""H"", ""H"", ""H"", ""C"", ""C"", ""N"", ""C"", ""H"", ""H"", ""H"", ""H"", ""H"", ""H"", ""H"", ""C"", ""C"", ""N"", ""C"", ""H"", ""H"", ""H"", ""H"", ""H"", ""H"", ""H"", ""C"", ""C"", ""N"", ""C"", ""H"", ""H"", ""H"", ""H"", ""H"", ""H"", ""H""]",C24H56N8,"[true, true, true]","[12.050070602784913, 0.0, 0.0, 0.0, 10.074802846253668, 0.0, -2.0102874876733865, 0.0, 14.71545331394623]",1786.4867229580823,[],"{""cutoff=6.000_skin=0.000"": 3700, ""cutoff=6.000_skin=0.500"": 4628}",0.0,,
OPT-RFT-XATMOV88-R512-v1,fae3cd510f7c1880e11bf0b677e0d7ad0094c8e909e2ee11e6410c35bd33254a,OPT-RFT-XATMOV88-R512-v1:0264,XATMOV_C1_14_2065_z2_22,9d46b319dff8126972a0d274e64ac937c6dffd3d639f3946995e4b81b4a94b37,264,cross_family_test_set,XATMOV/structures/XATMOV_C1_14_2065_z2_22.cif,3eb317c89a62319a5e1352107554df33f4e92edf263bcfad46adeedaffc72207,9d46b319dff8126972a0d274e64ac937c6dffd3d639f3946995e4b81b4a94b37,0,88,"[""C"", ""C"", ""N"", ""C"", ""H"", ""H"", ""H"", ""H"", ""H"", ""H"", ""H"", ""C"", ""C"", ""N"", ""C"", ""H"", ""H"", ""H"", ""H"", ""H"", ""H"", ""H"", ""C"", ""C"", ""N"", ""C"", ""H"", ""H"", ""H"", ""H"", ""H"", ""H"", ""H"", ""C"", ""C"", ""N"", ""C"", ""H"", ""H"", ""H"", ""H"", ""H"", ""H"", ""H"", ""C"", ""C"", ""N"", ""C"", ""H"", ""H"", ""H"", ""H"", ""H"", ""H"", ""H"", ""C"", ""C"", ""N"", ""C"", ""H"", ""H"", ""H"", ""H"", ""H"", ""H"", ""H"", ""C"", ""C"", ""N"", ""C"", ""H"", ""H"", ""H"", ""H"", ""H"", ""H"", ""H"", ""C"", ""C"", ""N"", ""C"", ""H"", ""H"", ""H"", ""H"", ""H"", ""H"", ""H""]",C24H56N8,"[true, true, true]","[7.782774936207247, 0.0, 0.0, 0.0, 16.54638076430674, 0.0, -11.051901286995026, 0.0, 12.976652805613757]",1671.0912714763242,[],"{""cutoff=6.000_skin=0.000"": 3704, ""cutoff=6.000_skin=0.500"": 4984}",0.0,,
OPT-RFT-XATMOV88-R512-v1,fae3cd510f7c1880e11bf0b677e0d7ad0094c8e909e2ee11e6410c35bd33254a,OPT-RFT-XATMOV88-R512-v1:0265,XATMOV_C1_14_353_z2_22,8daaf1b026b4c95f71dc815de6af1bfdb55e635a60bab3ce20d5602615fdcdf2,265,cross_family_test_set,XATMOV/structures/XATMOV_C1_14_353_z2_22.cif,5e6e8de9d601af7934bbb6e075e48cb607de973e5796a477685b812e39d04e36,8daaf1b026b4c95f71dc815de6af1bfdb55e635a60bab3ce20d5602615fdcdf2,0,88,"[""C"", ""C"", ""N"", ""C"", ""H"", ""H"", ""H"", ""H"", ""H"", ""H"", ""H"", ""C"", ""C"", ""N"", ""C"", ""H"", ""H"", ""H"", ""H"", ""H"", ""H"", ""H"", ""C"", ""C"", ""N"", ""C"", ""H"", ""H"", ""H"", ""H"", ""H"", ""H"", ""H"", ""C"", ""C"", ""N"", ""C"", ""H"", ""H"", ""H"", ""H"", ""H"", ""H"", ""H"", ""C"", ""C"", ""N"", ""C"", ""H"", ""H"", ""H"", ""H"", ""H"", ""H"", ""H"", ""C"", ""C"", ""N"", ""C"", ""H"", ""H"", ""H"", ""H"", ""H"", ""H"", ""H"", ""C"", ""C"", ""N"", ""C"", ""H"", ""H"", ""H"", ""H"", ""H"", ""H"", ""H"", ""C"", ""C"", ""N"", ""C"", ""H"", ""H"", ""H"", ""H"", ""H"", ""H"", ""H""]",C24H56N8,"[true, true, true]","[11.242919057138671, 0.0, 0.0, 0.0, 14.990432836663103, 0.0, -3.7929065803655195, 0.0, 10.448031624869541]",1760.8717879871406,[],"{""cutoff=6.000_skin=0.000"": 3708, ""cutoff=6.000_skin=0.500"": 4852}",0.0,,
OPT-RFT-XATMOV88-R512-v1,fae3cd510f7c1880e11bf0b677e0d7ad0094c8e909e2ee11e6410c35bd33254a,OPT-RFT-XATMOV88-R512-v1:0266,XATMOV_C2_14_4002_z2_22,230f358fcc24134df8a6a1757e1607a4e78f5b24829f774c6ce4b2193d875c9d,266,cross_family_test_set,XATMOV/structures/XATMOV_C2_14_4002_z2_22.cif,dd9e5aade60b7ea1c028ff1e5478c7c156ddf7d5c54cecdc67496479c1fcca14,230f358fcc24134df8a6a1757e1607a4e78f5b24829f774c6ce4b2193d875c9d,0,88,"[""C"", ""C"", ""N"", ""C"", ""H"", ""H"", ""H"", ""H"", ""H"", ""H"", ""H"", ""C"", ""C"", ""N"", ""C"", ""H"", ""H"", ""H"", ""H"", ""H"", ""H"", ""H"", ""C"", ""C"", ""N"", ""C"", ""H"", ""H"", ""H"", ""H"", ""H"", ""H"", ""H"", ""C"", ""C"", ""N"", ""C"", ""H"", ""H"", ""H"", ""H"", ""H"", ""H"", ""H"", ""C"", ""C"", ""N"", ""C"", ""H"", ""H"", ""H"", ""H"", ""H"", ""H"", ""H"", ""C"", ""C"", ""N"", ""C"", ""H"", ""H"", ""H"", ""H"", ""H"", ""H"", ""H"", ""C"", ""C"", ""N"", ""C"", ""H"", ""H"", ""H"", ""H"", ""H"", ""H"", ""H"", ""C"", ""C"", ""N"", ""C"", ""H"", ""H"", ""H"", ""H"", ""H"", ""H"", ""H""]",C24H56N8,"[true, true, true]","[9.183747206940232, 0.0, 0.0, 0.0, 11.525021960769664, 0.0, 1.1752527679371398, 0.0, 16.43045146930177]",1739.046438633265,[],"{""cutoff=6.000_skin=0.000"": 3708, ""cutoff=6.000_skin=0.500"": 4700}",0.0,,
OPT-RFT-XATMOV88-R512-v1,fae3cd510f7c1880e11bf0b677e0d7ad0094c8e909e2ee11e6410c35bd33254a,OPT-RFT-XATMOV88-R512-v1:0267,XATMOV_C1_14_5082_z2_22,2589cce349c170f3a8a5f8d62c2c2789bb1fb33272921eea644b7161386974d4,267,cross_family_test_set,XATMOV/structures/XATMOV_C1_14_5082_z2_22.cif,97ce00231c38a779b6f68f4783476db87a064aad3e5f31a19b0249e91b74b2b0,2589cce349c170f3a8a5f8d62c2c2789bb1fb33272921eea644b7161386974d4,0,88,"[""C"", ""C"", ""N"", ""C"", ""H"", ""H"", ""H"", ""H"", ""H"", ""H"", ""H"", ""C"", ""C"", ""N"", ""C"", ""H"", ""H"", ""H"", ""H"", ""H"", ""H"", ""H"", ""C"", ""C"", ""N"", ""C"", ""H"", ""H"", ""H"", ""H"", ""H"", ""H"", ""H"", ""C"", ""C"", ""N"", ""C"", ""H"", ""H"", ""H"", ""H"", ""H"", ""H"", ""H"", ""C"", ""C"", ""N"", ""C"", ""H"", ""H"", ""H"", ""H"", ""H"", ""H"", ""H"", ""C"", ""C"", ""N"", ""C"", ""H"", ""H"", ""H"", ""H"", ""H"", ""H"", ""H"", ""C"", ""C"", ""N"", ""C"", ""H"", ""H"", ""H"", ""H"", ""H"", ""H"", ""H"", ""C"", ""C"", ""N"", ""C"", ""H"", ""H"", ""H"", ""H"", ""H"", ""H"", ""H""]",C24H56N8,"[true, true, true]","[11.931124009525604, 0.0, 0.0, 0.0, 10.106568208544083, 0.0, 8.361948871050732, 0.0, 14.46594288690016]",1744.3427205141147,[],"{""cutoff=6.000_skin=0.000"": 3712, ""cutoff=6.000_skin=0.500"": 4852}",0.0,,
OPT-RFT-XATMOV88-R512-v1,fae3cd510f7c1880e11bf0b677e0d7ad0094c8e909e2ee11e6410c35bd33254a,OPT-RFT-XATMOV88-R512-v1:0268,XATMOV_C1_14_5507_z2_22,b089e3cd776df6a9760bd0d80eae2472af30b11efa25367a4fc2254aa757525c,268,cross_family_test_set,XATMOV/structures/XATMOV_C1_14_5507_z2_22.cif,afa093b6762b86617a7ebc987fb9d565473e9fa997b5642f12e5966c2400fd3a,b089e3cd776df6a9760bd0d80eae2472af30b11efa25367a4fc2254aa757525c,0,88,"[""C"", ""C"", ""N"", ""C"", ""H"", ""H"", ""H"", ""H"", ""H"", ""H"", ""H"", ""C"", ""C"", ""N"", ""C"", ""H"", ""H"", ""H"", ""H"", ""H"", ""H"", ""H"", ""C"", ""C"", ""N"", ""C"", ""H"", ""H"", ""H"", ""H"", ""H"", ""H"", ""H"", ""C"", ""C"", ""N"", ""C"", ""H"", ""H"", ""H"", ""H"", ""H"", ""H"", ""H"", ""C"", ""C"", ""N"", ""C"", ""H"", ""H"", ""H"", ""H"", ""H"", ""H"", ""H"", ""C"", ""C"", ""N"", ""C"", ""H"", ""H"", ""H"", ""H"", ""H"", ""H"", ""H"", ""C"", ""C"", ""N"", ""C"", ""H"", ""H"", ""H"", ""H"", ""H"", ""H"", ""H"", ""C"", ""C"", ""N"", ""C"", ""H"", ""H"", ""H"", ""H"", ""H"", ""H"", ""H""]",C24H56N8,"[true, true, true]","[16.43887871797336, 0.0, 0.0, 0.0, 12.514814855493682, 0.0, -1.4700903716006015, 0.0, 9.615771019231957]",1978.2479907116567,[],"{""cutoff=6.000_skin=0.000"": 3724, ""cutoff=6.000_skin=0.500"": 4608}",0.0,,
OPT-RFT-XATMOV88-R512-v1,fae3cd510f7c1880e11bf0b677e0d7ad0094c8e909e2ee11e6410c35bd33254a,OPT-RFT-XATMOV88-R512-v1:0269,XATMOV_C2_14_3761_z2_22,d2e1bea8320dfb373e1701cd6088007cf20181acd7a4e8456f91321c8c21c13f,269,cross_family_test_set,XATMOV/structures/XATMOV_C2_14_3761_z2_22.cif,cb320ec9acbc17e731b2cbc034560c9d16754973e84a69335defc57c0ec5a16f,d2e1bea8320dfb373e1701cd6088007cf20181acd7a4e8456f91321c8c21c13f,0,88,"[""C"", ""C"", ""N"", ""C"", ""H"", ""H"", ""H"", ""H"", ""H"", ""H"", ""H"", ""C"", ""C"", ""N"", ""C"", ""H"", ""H"", ""H"", ""H"", ""H"", ""H"", ""H"", ""C"", ""C"", ""N"", ""C"", ""H"", ""H"", ""H"", ""H"", ""H"", ""H"", ""H"", ""C"", ""C"", ""N"", ""C"", ""H"", ""H"", ""H"", ""H"", ""H"", ""H"", ""H"", ""C"", ""C"", ""N"", ""C"", ""H"", ""H"", ""H"", ""H"", ""H"", ""H"", ""H"", ""C"", ""C"", ""N"", ""C"", ""H"", ""H"", ""H"", ""H"", ""H"", ""H"", ""H"", ""C"", ""C"", ""N"", ""C"", ""H"", ""H"", ""H"", ""H"", ""H"", ""H"", ""H"", ""C"", ""C"", ""N"", ""C"", ""H"", ""H"", ""H"", ""H"", ""H"", ""H"", ""H""]",C24H56N8,"[true, true, true]","[12.65627239192321, 0.0, 0.0, 0.0, 17.751718096658344, 0.0, -1.760825390046729, 0.0, 8.726326744308565]",1960.5488879109432,[],"{""cutoff=6.000_skin=0.000"": 3732, ""cutoff=6.000_skin=0.500"": 4736}",0.0,,
OPT-RFT-XATMOV88-R512-v1,fae3cd510f7c1880e11bf0b677e0d7ad0094c8e909e2ee11e6410c35bd33254a,OPT-RFT-XATMOV88-R512-v1:0270,XATMOV_C1_14_5330_z2_22,7df7185c6e43510c24d1a8cd91345f97b6a9c2ee4787cc91c373cc49dd1c2b2d,270,cross_family_test_set,XATMOV/structures/XATMOV_C1_14_5330_z2_22.cif,7bcca5e18bcd1b56fa29e906fb9ea4c6fcbcdc257d0fc98898ae7acfa1777a8f,7df7185c6e43510c24d1a8cd91345f97b6a9c2ee4787cc91c373cc49dd1c2b2d,0,88,"[""C"", ""C"", ""N"", ""C"", ""H"", ""H"", ""H"", ""H"", ""H"", ""H"", ""H"", ""C"", ""C"", ""N"", ""C"", ""H"", ""H"", ""H"", ""H"", ""H"", ""H"", ""H"", ""C"", ""C"", ""N"", ""C"", ""H"", ""H"", ""H"", ""H"", ""H"", ""H"", ""H"", ""C"", ""C"", ""N"", ""C"", ""H"", ""H"", ""H"", ""H"", ""H"", ""H"", ""H"", ""C"", ""C"", ""N"", ""C"", ""H"", ""H"", ""H"", ""H"", ""H"", ""H"", ""H"", ""C"", ""C"", ""N"", ""C"", ""H"", ""H"", ""H"", ""H"", ""H"", ""H"", ""H"", ""C"", ""C"", ""N"", ""C"", ""H"", ""H"", ""H"", ""H"", ""H"", ""H"", ""H"", ""C"", ""C"", ""N"", ""C"", ""H"", ""H"", ""H"", ""H"", ""H"", ""H"", ""H""]",C24H56N8,"[true, true, true]","[14.185198624068235, 0.0, 0.0, 0.0, 10.347343574904459, 0.0, -0.12768589174342818, 0.0, 13.578111809578608]",1992.9833548318202,[],"{""cutoff=6.000_skin=0.000"": 3736, ""cutoff=6.000_skin=0.500"": 4724}",0.0,,
OPT-RFT-XATMOV88-R512-v1,fae3cd510f7c1880e11bf0b677e0d7ad0094c8e909e2ee11e6410c35bd33254a,OPT-RFT-XATMOV88-R512-v1:0271,XATMOV_C2_14_2270_z2_22,27b117ec6d7a7e3eb47788d49fd6ccaf4c62984e80c03aeb548d0c922bf7b8da,271,cross_family_test_set,XATMOV/structures/XATMOV_C2_14_2270_z2_22.cif,29613e2c088b563d90834f3ed3c60f4e309cc78efc31b91c39a74f191fb0db59,27b117ec6d7a7e3eb47788d49fd6ccaf4c62984e80c03aeb548d0c922bf7b8da,0,88,"[""C"", ""C"", ""N"", ""C"", ""H"", ""H"", ""H"", ""H"", ""H"", ""H"", ""H"", ""C"", ""C"", ""N"", ""C"", ""H"", ""H"", ""H"", ""H"", ""H"", ""H"", ""H"", ""C"", ""C"", ""N"", ""C"", ""H"", ""H"", ""H"", ""H"", ""H"", ""H"", ""H"", ""C"", ""C"", ""N"", ""C"", ""H"", ""H"", ""H"", ""H"", ""H"", ""H"", ""H"", ""C"", ""C"", ""N"", ""C"", ""H"", ""H"", ""H"", ""H"", ""H"", ""H"", ""H"", ""C"", ""C"", ""N"", ""C"", ""H"", ""H"", ""H"", ""H"", ""H"", ""H"", ""H"", ""C"", ""C"", ""N"", ""C"", ""H"", ""H"", ""H"", ""H"", ""H"", ""H"", ""H"", ""C"", ""C"", ""N"", ""C"", ""H"", ""H"", ""H"", ""H"", ""H"", ""H"", ""H""]",C24H56N8,"[true, true, true]","[14.090600941691783, 0.0, 0.0, 0.0, 13.916476170467845, 0.0, 5.757816780588948, 0.0, 8.714533267308877]",1708.8460067881197,[],"{""cutoff=6.000_skin=0.000"": 3740, ""cutoff=6.000_skin=0.500"": 4844}",0.0,,
OPT-RFT-XATMOV88-R512-v1,fae3cd510f7c1880e11bf0b677e0d7ad0094c8e909e2ee11e6410c35bd33254a,OPT-RFT-XATMOV88-R512-v1:0272,XATMOV_C1_14_7312_z2_22,164ed4bac5be4d0a8482df2c83e2aeed9d14cb8638aa66a10f4e3aba3c5c9606,272,cross_family_test_set,XATMOV/structures/XATMOV_C1_14_7312_z2_22.cif,f3aacbcb6575cca4673ef5fa69b2bde09945e365e6b1c45c9098902b83b4697e,164ed4bac5be4d0a8482df2c83e2aeed9d14cb8638aa66a10f4e3aba3c5c9606,0,88,"[""C"", ""C"", ""N"", ""C"", ""H"", ""H"", ""H"", ""H"", ""H"", ""H"", ""H"", ""C"", ""C"", ""N"", ""C"", ""H"", ""H"", ""H"", ""H"", ""H"", ""H"", ""H"", ""C"", ""C"", ""N"", ""C"", ""H"", ""H"", ""H"", ""H"", ""H"", ""H"", ""H"", ""C"", ""C"", ""N"", ""C"", ""H"", ""H"", ""H"", ""H"", ""H"", ""H"", ""H"", ""C"", ""C"", ""N"", ""C"", ""H"", ""H"", ""H"", ""H"", ""H"", ""H"", ""H"", ""C"", ""C"", ""N"", ""C"", ""H"", ""H"", ""H"", ""H"", ""H"", ""H"", ""H"", ""C"", ""C"", ""N"", ""C"", ""H"", ""H"", ""H"", ""H"", ""H"", ""H"", ""H"", ""C"", ""C"", ""N"", ""C"", ""H"", ""H"", ""H"", ""H"", ""H"", ""H"", ""H""]",C24H56N8,"[true, true, true]","[11.815182801793995, 0.0, 0.0, 0.0, 12.638461252104555, 0.0, 1.3666868337731886, 0.0, 11.321886228162354]",1690.6489263030446,[],"{""cutoff=6.000_skin=0.000"": 3748, ""cutoff=6.000_skin=0.500"": 5084}",0.0,,
OPT-RFT-XATMOV88-R512-v1,fae3cd510f7c1880e11bf0b677e0d7ad0094c8e909e2ee11e6410c35bd33254a,OPT-RFT-XATMOV88-R512-v1:0273,XATMOV_C1_14_5035_z2_22,00ada4565acabfe1309d4e6be76bacd0d3a9fd38f893ac1b6b8b4ae1ff06b1b7,273,cross_family_test_set,XATMOV/structures/XATMOV_C1_14_5035_z2_22.cif,7d7c74c93db0d7a70529fe41dd597c5c325e0120c0bbf2c9defbbb947b840d6a,00ada4565acabfe1309d4e6be76bacd0d3a9fd38f893ac1b6b8b4ae1ff06b1b7,0,88,"[""C"", ""C"", ""N"", ""C"", ""H"", ""H"", ""H"", ""H"", ""H"", ""H"", ""H"", ""C"", ""C"", ""N"", ""C"", ""H"", ""H"", ""H"", ""H"", ""H"", ""H"", ""H"", ""C"", ""C"", ""N"", ""C"", ""H"", ""H"", ""H"", ""H"", ""H"", ""H"", ""H"", ""C"", ""C"", ""N"", ""C"", ""H"", ""H"", ""H"", ""H"", ""H"", ""H"", ""H"", ""C"", ""C"", ""N"", ""C"", ""H"", ""H"", ""H"", ""H"", ""H"", ""H"", ""H"", ""C"", ""C"", ""N"", ""C"", ""H"", ""H"", ""H"", ""H"", ""H"", ""H"", ""H"", ""C"", ""C"", ""N"", ""C"", ""H"", ""H"", ""H"", ""H"", ""H"", ""H"", ""H"", ""C"", ""C"", ""N"", ""C"", ""H"", ""H"", ""H"", ""H"", ""H"", ""H"", ""H""]",C24H56N8,"[true, true, true]","[15.457431252977784, 0.0, 0.0, 0.0, 9.735777915613113, 0.0, -8.443321915821999, 0.0, 11.973907894172845]",1801.9548098179632,[],"{""cutoff=6.000_skin=0.000"": 3756, ""cutoff=6.000_skin=0.500"": 4572}",0.0,,
OPT-RFT-XATMOV88-R512-v1,fae3cd510f7c1880e11bf0b677e0d7ad0094c8e909e2ee11e6410c35bd33254a,OPT-RFT-XATMOV88-R512-v1:0274,XATMOV_C2_14_365_z2_22,7b769e566695a2d72157eddf6252c0832cbf34cc46ba541ae900a46420ec6543,274,cross_family_test_set,XATMOV/structures/XATMOV_C2_14_365_z2_22.cif,849b9c3d803480f74d0464b5f66a4722b866dfb439d17f4227485826ebddc8a6,7b769e566695a2d72157eddf6252c0832cbf34cc46ba541ae900a46420ec6543,0,88,"[""C"", ""C"", ""N"", ""C"", ""H"", ""H"", ""H"", ""H"", ""H"", ""H"", ""H"", ""C"", ""C"", ""N"", ""C"", ""H"", ""H"", ""H"", ""H"", ""H"", ""H"", ""H"", ""C"", ""C"", ""N"", ""C"", ""H"", ""H"", ""H"", ""H"", ""H"", ""H"", ""H"", ""C"", ""C"", ""N"", ""C"", ""H"", ""H"", ""H"", ""H"", ""H"", ""H"", ""H"", ""C"", ""C"", ""N"", ""C"", ""H"", ""H"", ""H"", ""H"", ""H"", ""H"", ""H"", ""C"", ""C"", ""N"", ""C"", ""H"", ""H"", ""H"", ""H"", ""H"", ""H"", ""H"", ""C"", ""C"", ""N"", ""C"", ""H"", ""H"", ""H"", ""H"", ""H"", ""H"", ""H"", ""C"", ""C"", ""N"", ""C"", ""H"", ""H"", ""H"", ""H"", ""H"", ""H"", ""H""]",C24H56N8,"[true, true, true]","[18.032466239583588, 0.0, 0.0, 0.0, 5.604256038925847, 0.0, 1.7991933215592495, 0.0, 17.40006595222708]",1758.4255711034364,[],"{""cutoff=6.000_skin=0.000"": 3756, ""cutoff=6.000_skin=0.500"": 4764}",0.0,,
OPT-RFT-XATMOV88-R512-v1,fae3cd510f7c1880e11bf0b677e0d7ad0094c8e909e2ee11e6410c35bd33254a,OPT-RFT-XATMOV88-R512-v1:0275,XATMOV_C2_14_2643_z2_22,944c8c3942a1fd6f4efdb6bf795f7aee3fda68544a990f1490f8fcf1ab6d4b74,275,cross_family_test_set,XATMOV/structures/XATMOV_C2_14_2643_z2_22.cif,083f1c455ca78d1749d3d0b274e6b5a200da042210cc526ac1447207b7365da4,944c8c3942a1fd6f4efdb6bf795f7aee3fda68544a990f1490f8fcf1ab6d4b74,0,88,"[""C"", ""C"", ""N"", ""C"", ""H"", ""H"", ""H"", ""H"", ""H"", ""H"", ""H"", ""C"", ""C"", ""N"", ""C"", ""H"", ""H"", ""H"", ""H"", ""H"", ""H"", ""H"", ""C"", ""C"", ""N"", ""C"", ""H"", ""H"", ""H"", ""H"", ""H"", ""H"", ""H"", ""C"", ""C"", ""N"", ""C"", ""H"", ""H"", ""H"", ""H"", ""H"", ""H"", ""H"", ""C"", ""C"", ""N"", ""C"", ""H"", ""H"", ""H"", ""H"", ""H"", ""H"", ""H"", ""C"", ""C"", ""N"", ""C"", ""H"", ""H"", ""H"", ""H"", ""H"", ""H"", ""H"", ""C"", ""C"", ""N"", ""C"", ""H"", ""H"", ""H"", ""H"", ""H"", ""H"", ""H"", ""C"", ""C"", ""N"", ""C"", ""H"", ""H"", ""H"", ""H"", ""H"", ""H"", ""H""]",C24H56N8,"[true, true, true]","[12.970782118220086, 0.0, 0.0, 0.0, 12.926171828090006, 0.0, -4.9159896656306366, 0.0, 11.75160064094292]",1970.303428812331,[],"{""cutoff=6.000_skin=0.000"": 3764, ""cutoff=6.000_skin=0.500"": 4712}",0.0,,
OPT-RFT-XATMOV88-R512-v1,fae3cd510f7c1880e11bf0b677e0d7ad0094c8e909e2ee11e6410c35bd33254a,OPT-RFT-XATMOV88-R512-v1:0276,XATMOV_C2_14_6364_z2_22,12c0f6fb616e0267ff9dd10910f4f4a7d8f5d14c766afe56bcf7ab796abe83f2,276,cross_family_test_set,XATMOV/structures/XATMOV_C2_14_6364_z2_22.cif,0170f685691a581a3997b0cbbdf1e6dc5925201c7cc373c35c963b9fd9d26f0f,12c0f6fb616e0267ff9dd10910f4f4a7d8f5d14c766afe56bcf7ab796abe83f2,0,88,"[""C"", ""C"", ""N"", ""C"", ""H"", ""H"", ""H"", ""H"", ""H"", ""H"", ""H"", ""C"", ""C"", ""N"", ""C"", ""H"", ""H"", ""H"", ""H"", ""H"", ""H"", ""H"", ""C"", ""C"", ""N"", ""C"", ""H"", ""H"", ""H"", ""H"", ""H"", ""H"", ""H"", ""C"", ""C"", ""N"", ""C"", ""H"", ""H"", ""H"", ""H"", ""H"", ""H"", ""H"", ""C"", ""C"", ""N"", ""C"", ""H"", ""H"", ""H"", ""H"", ""H"", ""H"", ""H"", ""C"", ""C"", ""N"", ""C"", ""H"", ""H"", ""H"", ""H"", ""H"", ""H"", ""H"", ""C"", ""C"", ""N"", ""C"", ""H"", ""H"", ""H"", ""H"", ""H"", ""H"", ""H"", ""C"", ""C"", ""N"", ""C"", ""H"", ""H"", ""H"", ""H"", ""H"", ""H"", ""H""]",C24H56N8,"[true, true, true]","[15.6981577369029, 0.0, 0.0, 0.0, 12.717423693180244, 0.0, 6.221171043239574, 0.0, 8.51061042346664]",1699.0593129593171,[],"{""cutoff=6.000_skin=0.000"": 3768, ""cutoff=6.000_skin=0.500"": 5040}",0.0,,
OPT-RFT-XATMOV88-R512-v1,fae3cd510f7c1880e11bf0b677e0d7ad0094c8e909e2ee11e6410c35bd33254a,OPT-RFT-XATMOV88-R512-v1:0277,XATMOV_C2_14_1517_z2_22,87032f18aabdabaf4189221213c9cf318476eb9e570253d4f6eb7b40244de9d4,277,cross_family_test_set,XATMOV/structures/XATMOV_C2_14_1517_z2_22.cif,6bcede12cecdb4b9556c7e82a913c5fdeea2e8874b33d05304c214c8b642943e,87032f18aabdabaf4189221213c9cf318476eb9e570253d4f6eb7b40244de9d4,0,88,"[""C"", ""C"", ""N"", ""C"", ""H"", ""H"", ""H"", ""H"", ""H"", ""H"", ""H"", ""C"", ""C"", ""N"", ""C"", ""H"", ""H"", ""H"", ""H"", ""H"", ""H"", ""H"", ""C"", ""C"", ""N"", ""C"", ""H"", ""H"", ""H"", ""H"", ""H"", ""H"", ""H"", ""C"", ""C"", ""N"", ""C"", ""H"", ""H"", ""H"", ""H"", ""H"", ""H"", ""H"", ""C"", ""C"", ""N"", ""C"", ""H"", ""H"", ""H"", ""H"", ""H"", ""H"", ""H"", ""C"", ""C"", ""N"", ""C"", ""H"", ""H"", ""H"", ""H"", ""H"", ""H"", ""H"", ""C"", ""C"", ""N"", ""C"", ""H"", ""H"", ""H"", ""H"", ""H"", ""H"", ""H"", ""C"", ""C"", ""N"", ""C"", ""H"", ""H"", ""H"", ""H"", ""H"", ""H"", ""H""]",C24H56N8,"[true, true, true]","[11.66903457497041, 0.0, 0.0, 0.0, 13.894353016527234, 0.0, 5.273725021499181, 0.0, 11.329302896691669]",1836.861635581392,[],"{""cutoff=6.000_skin=0.000"": 3776, ""cutoff=6.000_skin=0.500"": 4944}",0.0,,
OPT-RFT-XATMOV88-R512-v1,fae3cd510f7c1880e11bf0b677e0d7ad0094c8e909e2ee11e6410c35bd33254a,OPT-RFT-XATMOV88-R512-v1:0278,XATMOV_C1_14_3616_z2_22,f4367be78a8367ad0ceeb3663eb1284756088f88ac5934b68802757ab367f661,278,cross_family_test_set,XATMOV/structures/XATMOV_C1_14_3616_z2_22.cif,518e3ad988310214c5d796c7a19a2e83272c1d140875c1464b7585ea58dc38a7,f4367be78a8367ad0ceeb3663eb1284756088f88ac5934b68802757ab367f661,0,88,"[""C"", ""C"", ""N"", ""C"", ""H"", ""H"", ""H"", ""H"", ""H"", ""H"", ""H"", ""C"", ""C"", ""N"", ""C"", ""H"", ""H"", ""H"", ""H"", ""H"", ""H"", ""H"", ""C"", ""C"", ""N"", ""C"", ""H"", ""H"", ""H"", ""H"", ""H"", ""H"", ""H"", ""C"", ""C"", ""N"", ""C"", ""H"", ""H"", ""H"", ""H"", ""H"", ""H"", ""H"", ""C"", ""C"", ""N"", ""C"", ""H"", ""H"", ""H"", ""H"", ""H"", ""H"", ""H"", ""C"", ""C"", ""N"", ""C"", ""H"", ""H"", ""H"", ""H"", ""H"", ""H"", ""H"", ""C"", ""C"", ""N"", ""C"", ""H"", ""H"", ""H"", ""H"", ""H"", ""H"", ""H"", ""C"", ""C"", ""N"", ""C"", ""H"", ""H"", ""H"", ""H"", ""H"", ""H"", ""H""]",C24H56N8,"[true, true, true]","[17.69286769824741, 0.0, 0.0, 0.0, 6.379439434022771, 0.0, 4.998788003653224, 0.0, 15.182867111101993]",1713.6989849353067,[],"{""cutoff=6.000_skin=0.000"": 3780, ""cutoff=6.000_skin=0.500"": 5192}",0.0,,
OPT-RFT-XATMOV88-R512-v1,fae3cd510f7c1880e11bf0b677e0d7ad0094c8e909e2ee11e6410c35bd33254a,OPT-RFT-XATMOV88-R512-v1:0279,XATMOV_C1_14_1985_z2_22,fcedbea583879565dc6f6739c0445481b31c99792022e238a29727960ee0afd3,279,cross_family_test_set,XATMOV/structures/XATMOV_C1_14_1985_z2_22.cif,b852318a0e53bbfd5778edff0cadc0e83a88ee6d16250f728be22aed382e391c,fcedbea583879565dc6f6739c0445481b31c99792022e238a29727960ee0afd3,0,88,"[""C"", ""C"", ""N"", ""C"", ""H"", ""H"", ""H"", ""H"", ""H"", ""H"", ""H"", ""C"", ""C"", ""N"", ""C"", ""H"", ""H"", ""H"", ""H"", ""H"", ""H"", ""H"", ""C"", ""C"", ""N"", ""C"", ""H"", ""H"", ""H"", ""H"", ""H"", ""H"", ""H"", ""C"", ""C"", ""N"", ""C"", ""H"", ""H"", ""H"", ""H"", ""H"", ""H"", ""H"", ""C"", ""C"", ""N"", ""C"", ""H"", ""H"", ""H"", ""H"", ""H"", ""H"", ""H"", ""C"", ""C"", ""N"", ""C"", ""H"", ""H"", ""H"", ""H"", ""H"", ""H"", ""H"", ""C"", ""C"", ""N"", ""C"", ""H"", ""H"", ""H"", ""H"", ""H"", ""H"", ""H"", ""C"", ""C"", ""N"", ""C"", ""H"", ""H"", ""H"", ""H"", ""H"", ""H"", ""H""]",C24H56N8,"[true, true, true]","[12.079534489479443, 0.0, 0.0, 0.0, 13.657361769129274, 0.0, 7.461631508861992, 0.0, 10.013607949574187]",1651.9906909189006,[],"{""cutoff=6.000_skin=0.000"": 3788, ""cutoff=6.000_skin=0.500"": 5200}",0.0,,
OPT-RFT-XATMOV88-R512-v1,fae3cd510f7c1880e11bf0b677e0d7ad0094c8e909e2ee11e6410c35bd33254a,OPT-RFT-XATMOV88-R512-v1:0280,XATMOV_C2_14_3036_z2_22,d1af4874eb10a08898e652833cfd83052a10f78632b59bb383aa7f067880e581,280,cross_family_test_set,XATMOV/structures/XATMOV_C2_14_3036_z2_22.cif,78100b08e5ea6245ed42c75593c19e3e6bb6832a2fbd3317e924e0abec4993cc,d1af4874eb10a08898e652833cfd83052a10f78632b59bb383aa7f067880e581,0,88,"[""C"", ""C"", ""N"", ""C"", ""H"", ""H"", ""H"", ""H"", ""H"", ""H"", ""H"", ""C"", ""C"", ""N"", ""C"", ""H"", ""H"", ""H"", ""H"", ""H"", ""H"", ""H"", ""C"", ""C"", ""N"", ""C"", ""H"", ""H"", ""H"", ""H"", ""H"", ""H"", ""H"", ""C"", ""C"", ""N"", ""C"", ""H"", ""H"", ""H"", ""H"", ""H"", ""H"", ""H"", ""C"", ""C"", ""N"", ""C"", ""H"", ""H"", ""H"", ""H"", ""H"", ""H"", ""H"", ""C"", ""C"", ""N"", ""C"", ""H"", ""H"", ""H"", ""H"", ""H"", ""H"", ""H"", ""C"", ""C"", ""N"", ""C"", ""H"", ""H"", ""H"", ""H"", ""H"", ""H"", ""H"", ""C"", ""C"", ""N"", ""C"", ""H"", ""H"", ""H"", ""H"", ""H"", ""H"", ""H""]",C24H56N8,"[true, true, true]","[13.27835058198778, 0.0, 0.0, 0.0, 10.57144269772543, 0.0, 0.7675823072884747, 0.0, 12.002791605582035]",1684.8477289403986,[],"{""cutoff=6.000_skin=0.000"": 3796, ""cutoff=6.000_skin=0.500"": 5008}",0.0,,
OPT-RFT-XATMOV88-R512-v1,fae3cd510f7c1880e11bf0b677e0d7ad0094c8e909e2ee11e6410c35bd33254a,OPT-RFT-XATMOV88-R512-v1:0281,XATMOV_C1_14_1392_z2_22,919ccb2246c1fa57a9f2245cdebf874db8d75fac8016d298994cb083b458376d,281,cross_family_test_set,XATMOV/structures/XATMOV_C1_14_1392_z2_22.cif,34ffdcea73b89b6fd7fb187e458a7d3a6aeaa4153d7e33a74faedfe9749fe279,919ccb2246c1fa57a9f2245cdebf874db8d75fac8016d298994cb083b458376d,0,88,"[""C"", ""C"", ""N"", ""C"", ""H"", ""H"", ""H"", ""H"", ""H"", ""H"", ""H"", ""C"", ""C"", ""N"", ""C"", ""H"", ""H"", ""H"", ""H"", ""H"", ""H"", ""H"", ""C"", ""C"", ""N"", ""C"", ""H"", ""H"", ""H"", ""H"", ""H"", ""H"", ""H"", ""C"", ""C"", ""N"", ""C"", ""H"", ""H"", ""H"", ""H"", ""H"", ""H"", ""H"", ""C"", ""C"", ""N"", ""C"", ""H"", ""H"", ""H"", ""H"", ""H"", ""H"", ""H"", ""C"", ""C"", ""N"", ""C"", ""H"", ""H"", ""H"", ""H"", ""H"", ""H"", ""H"", ""C"", ""C"", ""N"", ""C"", ""H"", ""H"", ""H"", ""H"", ""H"", ""H"", ""H"", ""C"", ""C"", ""N"", ""C"", ""H"", ""H"", ""H"", ""H"", ""H"", ""H"", ""H""]",C24H56N8,"[true, true, true]","[8.886858293569865, 0.0, 0.0, 0.0, 13.861440736008262, 0.0, 1.6523146285201036, 0.0, 13.049487057996917]",1607.4966207453426,[],"{""cutoff=6.000_skin=0.000"": 3800, ""cutoff=6.000_skin=0.500"": 5052}",0.0,,
OPT-RFT-XATMOV88-R512-v1,fae3cd510f7c1880e11bf0b677e0d7ad0094c8e909e2ee11e6410c35bd33254a,OPT-RFT-XATMOV88-R512-v1:0282,XATMOV_C1_14_1137_z2_22,59ba78c5eee602a3a576d7a5665b30aafdde9de24a7226c110472e1113cf52f6,282,cross_family_test_set,XATMOV/structures/XATMOV_C1_14_1137_z2_22.cif,96fb5e63b8b2ae44ba06b6461d5cc3a5fb9c4d93c6760829d8d1e955ca4f28e7,59ba78c5eee602a3a576d7a5665b30aafdde9de24a7226c110472e1113cf52f6,0,88,"[""C"", ""C"", ""N"", ""C"", ""H"", ""H"", ""H"", ""H"", ""H"", ""H"", ""H"", ""C"", ""C"", ""N"", ""C"", ""H"", ""H"", ""H"", ""H"", ""H"", ""H"", ""H"", ""C"", ""C"", ""N"", ""C"", ""H"", ""H"", ""H"", ""H"", ""H"", ""H"", ""H"", ""C"", ""C"", ""N"", ""C"", ""H"", ""H"", ""H"", ""H"", ""H"", ""H"", ""H"", ""C"", ""C"", ""N"", ""C"", ""H"", ""H"", ""H"", ""H"", ""H"", ""H"", ""H"", ""C"", ""C"", ""N"", ""C"", ""H"", ""H"", ""H"", ""H"", ""H"", ""H"", ""H"", ""C"", ""C"", ""N"", ""C"", ""H"", ""H"", ""H"", ""H"", ""H"", ""H"", ""H"", ""C"", ""C"", ""N"", ""C"", ""H"", ""H"", ""H"", ""H"", ""H"", ""H"", ""H""]",C24H56N8,"[true, true, true]","[11.979503297593752, 0.0, 0.0, 0.0, 12.328734526037053, 0.0, 0.3417396325647022, 0.0, 11.404711781319303]",1684.3860143246868,[],"{""cutoff=6.000_skin=0.000"": 3808, ""cutoff=6.000_skin=0.500"": 5104}",0.0,,
OPT-RFT-XATMOV88-R512-v1,fae3cd510f7c1880e11bf0b677e0d7ad0094c8e909e2ee11e6410c35bd33254a,OPT-RFT-XATMOV88-R512-v1:0283,XATMOV_C2_14_3129_z2_22,8fb0bad59fc64bfe6e860c565ab10ef6e693c284066ab4f23622145c83145f30,283,cross_family_test_set,XATMOV/structures/XATMOV_C2_14_3129_z2_22.cif,e8223f030415806b08e0b86304bbe291bb0d2242edd74ef569a438d31feb0eff,8fb0bad59fc64bfe6e860c565ab10ef6e693c284066ab4f23622145c83145f30,0,88,"[""C"", ""C"", ""N"", ""C"", ""H"", ""H"", ""H"", ""H"", ""H"", ""H"", ""H"", ""C"", ""C"", ""N"", ""C"", ""H"", ""H"", ""H"", ""H"", ""H"", ""H"", ""H"", ""C"", ""C"", ""N"", ""C"", ""H"", ""H"", ""H"", ""H"", ""H"", ""H"", ""H"", ""C"", ""C"", ""N"", ""C"", ""H"", ""H"", ""H"", ""H"", ""H"", ""H"", ""H"", ""C"", ""C"", ""N"", ""C"", ""H"", ""H"", ""H"", ""H"", ""H"", ""H"", ""H"", ""C"", ""C"", ""N"", ""C"", ""H"", ""H"", ""H"", ""H"", ""H"", ""H"", ""H"", ""C"", ""C"", ""N"", ""C"", ""H"", ""H"", ""H"", ""H"", ""H"", ""H"", ""H"", ""C"", ""C"", ""N"", ""C"", ""H"", ""H"", ""H"", ""H"", ""H"", ""H"", ""H""]",C24H56N8,"[true, true, true]","[17.543981882229943, 0.0, 0.0, 0.0, 10.002022939702286, 0.0, 5.193551174560824, 0.0, 10.687335622235025]",1875.3635232610623,[],"{""cutoff=6.000_skin=0.000"": 3812, ""cutoff=6.000_skin=0.500"": 4892}",0.0,,
OPT-RFT-XATMOV88-R512-v1,fae3cd510f7c1880e11bf0b677e0d7ad0094c8e909e2ee11e6410c35bd33254a,OPT-RFT-XATMOV88-R512-v1:0284,XATMOV_C1_14_2585_z2_22,eb8b9f191333149cea57f45f78644a17b19335ed676aec395e9b87dc52679808,284,cross_family_test_set,XATMOV/structures/XATMOV_C1_14_2585_z2_22.cif,d16267afc7138ef78c2f3dc70313603009a69ea014c1c77b263578581191d544,eb8b9f191333149cea57f45f78644a17b19335ed676aec395e9b87dc52679808,0,88,"[""C"", ""C"", ""N"", ""C"", ""H"", ""H"", ""H"", ""H"", ""H"", ""H"", ""H"", ""C"", ""C"", ""N"", ""C"", ""H"", ""H"", ""H"", ""H"", ""H"", ""H"", ""H"", ""C"", ""C"", ""N"", ""C"", ""H"", ""H"", ""H"", ""H"", ""H"", ""H"", ""H"", ""C"", ""C"", ""N"", ""C"", ""H"", ""H"", ""H"", ""H"", ""H"", ""H"", ""H"", ""C"", ""C"", ""N"", ""C"", ""H"", ""H"", ""H"", ""H"", ""H"", ""H"", ""H"", ""C"", ""C"", ""N"", ""C"", ""H"", ""H"", ""H"", ""H"", ""H"", ""H"", ""H"", ""C"", ""C"", ""N"", ""C"", ""H"", ""H"", ""H"", ""H"", ""H"", ""H"", ""H"", ""C"", ""C"", ""N"", ""C"", ""H"", ""H"", ""H"", ""H"", ""H"", ""H"", ""H""]",C24H56N8,"[true, true, true]","[13.775356687928483, 0.0, 0.0, 0.0, 8.126503858459088, 0.0, -0.177592288642685, 0.0, 14.805147242859125]",1657.3694519065823,[],"{""cutoff=6.000_skin=0.000"": 3816, ""cutoff=6.000_skin=0.500"": 5100}",0.0,,
OPT-RFT-XATMOV88-R512-v1,fae3cd510f7c1880e11bf0b677e0d7ad0094c8e909e2ee11e6410c35bd33254a,OPT-RFT-XATMOV88-R512-v1:0285,XATMOV_C2_14_5850_z2_22,522d2040f6bcbb1bb83f9e91614f5ffd04e53b2c962ae8ccf354ab9ba05ffd1d,285,cross_family_test_set,XATMOV/structures/XATMOV_C2_14_5850_z2_22.cif,c7e4ba90df32aa53b950cd7dcf5f7a3587efc6757bdee89d40503b7d76ff748a,522d2040f6bcbb1bb83f9e91614f5ffd04e53b2c962ae8ccf354ab9ba05ffd1d,0,88,"[""C"", ""C"", ""N"", ""C"", ""H"", ""H"", ""H"", ""H"", ""H"", ""H"", ""H"", ""C"", ""C"", ""N"", ""C"", ""H"", ""H"", ""H"", ""H"", ""H"", ""H"", ""H"", ""C"", ""C"", ""N"", ""C"", ""H"", ""H"", ""H"", ""H"", ""H"", ""H"", ""H"", ""C"", ""C"", ""N"", ""C"", ""H"", ""H"", ""H"", ""H"", ""H"", ""H"", ""H"", ""C"", ""C"", ""N"", ""C"", ""H"", ""H"", ""H"", ""H"", ""H"", ""H"", ""H"", ""C"", ""C"", ""N"", ""C"", ""H"", ""H"", ""H"", ""H"", ""H"", ""H"", ""H"", ""C"", ""C"", ""N"", ""C"", ""H"", ""H"", ""H"", ""H"", ""H"", ""H"", ""H"", ""C"", ""C"", ""N"", ""C"", ""H"", ""H"", ""H"", ""H"", ""H"", ""H"", ""H""]",C24H56N8,"[true, true, true]","[5.279693702448924, 0.0, 0.0, 0.0, 20.878145433100933, 0.0, 5.802778944393366, 0.0, 19.484952000145206]",2147.8304085294913,[],"{""cutoff=6.000_skin=0.000"": 3820, ""cutoff=6.000_skin=0.500"": 4816}",0.0,,
OPT-RFT-XATMOV88-R512-v1,fae3cd510f7c1880e11bf0b677e0d7ad0094c8e909e2ee11e6410c35bd33254a,OPT-RFT-XATMOV88-R512-v1:0286,XATMOV_C2_14_7208_z2_22,9d776efa1d16697497900ca15883f4b2c0e048c1c8316a4cf3a1c3c75b2522ef,286,cross_family_test_set,XATMOV/structures/XATMOV_C2_14_7208_z2_22.cif,c816b2483ed3798188572c2074ff0604ee1639c089cb5ed25670dd91f069b345,9d776efa1d16697497900ca15883f4b2c0e048c1c8316a4cf3a1c3c75b2522ef,0,88,"[""C"", ""C"", ""N"", ""C"", ""H"", ""H"", ""H"", ""H"", ""H"", ""H"", ""H"", ""C"", ""C"", ""N"", ""C"", ""H"", ""H"", ""H"", ""H"", ""H"", ""H"", ""H"", ""C"", ""C"", ""N"", ""C"", ""H"", ""H"", ""H"", ""H"", ""H"", ""H"", ""H"", ""C"", ""C"", ""N"", ""C"", ""H"", ""H"", ""H"", ""H"", ""H"", ""H"", ""H"", ""C"", ""C"", ""N"", ""C"", ""H"", ""H"", ""H"", ""H"", ""H"", ""H"", ""H"", ""C"", ""C"", ""N"", ""C"", ""H"", ""H"", ""H"", ""H"", ""H"", ""H"", ""H"", ""C"", ""C"", ""N"", ""C"", ""H"", ""H"", ""H"", ""H"", ""H"", ""H"", ""H"", ""C"", ""C"", ""N"", ""C"", ""H"", ""H"", ""H"", ""H"", ""H"", ""H"", ""H""]",C24H56N8,"[true, true, true]","[11.530403386160355, 0.0, 0.0, 0.0, 13.664087716145886, 0.0, -6.483185657276457, 0.0, 10.621333896524321]",1673.4171061949291,[],"{""cutoff=6.000_skin=0.000"": 3824, ""cutoff=6.000_skin=0.500"": 4900}",0.0,,
OPT-RFT-XATMOV88-R512-v1,fae3cd510f7c1880e11bf0b677e0d7ad0094c8e909e2ee11e6410c35bd33254a,OPT-RFT-XATMOV88-R512-v1:0287,XATMOV_C2_14_6673_z2_22,135170d0257cf1b6a60da520bdaf9cb2c6d562d2f7b5ae1123e0914245b5ab99,287,cross_family_test_set,XATMOV/structures/XATMOV_C2_14_6673_z2_22.cif,33877b30a11cdc21aa24927c97236bab41924aeac83f7fd4960903d7e302da3a,135170d0257cf1b6a60da520bdaf9cb2c6d562d2f7b5ae1123e0914245b5ab99,0,88,"[""C"", ""C"", ""N"", ""C"", ""H"", ""H"", ""H"", ""H"", ""H"", ""H"", ""H"", ""C"", ""C"", ""N"", ""C"", ""H"", ""H"", ""H"", ""H"", ""H"", ""H"", ""H"", ""C"", ""C"", ""N"", ""C"", ""H"", ""H"", ""H"", ""H"", ""H"", ""H"", ""H"", ""C"", ""C"", ""N"", ""C"", ""H"", ""H"", ""H"", ""H"", ""H"", ""H"", ""H"", ""C"", ""C"", ""N"", ""C"", ""H"", ""H"", ""H"", ""H"", ""H"", ""H"", ""H"", ""C"", ""C"", ""N"", ""C"", ""H"", ""H"", ""H"", ""H"", ""H"", ""H"", ""H"", ""C"", ""C"", ""N"", ""C"", ""H"", ""H"", ""H"", ""H"", ""H"", ""H"", ""H"", ""C"", ""C"", ""N"", ""C"", ""H"", ""H"", ""H"", ""H"", ""H"", ""H"", ""H""]",C24H56N8,"[true, true, true]","[12.96948737646057, 0.0, 0.0, 0.0, 11.116389128910843, 0.0, 1.1719631020381838, 0.0, 11.705025372220675]",1687.5587885606242,[],"{""cutoff=6.000_skin=0.000"": 3828, ""cutoff=6.000_skin=0.500"": 5220}",0.0,,
OPT-RFT-XATMOV88-R512-v1,fae3cd510f7c1880e11bf0b677e0d7ad0094c8e909e2ee11e6410c35bd33254a,OPT-RFT-XATMOV88-R512-v1:0288,XATMOV_C2_14_5968_z2_22,a8d56fe53587bb160c5cf1077312844fcc3bcb7074af3ad1958f36acd6743edf,288,cross_family_test_set,XATMOV/structures/XATMOV_C2_14_5968_z2_22.cif,973591e0be20facf5a19abb592824b0a5c1135a4254d428ebf7fc5fb779e86a5,a8d56fe53587bb160c5cf1077312844fcc3bcb7074af3ad1958f36acd6743edf,0,88,"[""C"", ""C"", ""N"", ""C"", ""H"", ""H"", ""H"", ""H"", ""H"", ""H"", ""H"", ""C"", ""C"", ""N"", ""C"", ""H"", ""H"", ""H"", ""H"", ""H"", ""H"", ""H"", ""C"", ""C"", ""N"", ""C"", ""H"", ""H"", ""H"", ""H"", ""H"", ""H"", ""H"", ""C"", ""C"", ""N"", ""C"", ""H"", ""H"", ""H"", ""H"", ""H"", ""H"", ""H"", ""C"", ""C"", ""N"", ""C"", ""H"", ""H"", ""H"", ""H"", ""H"", ""H"", ""H"", ""C"", ""C"", ""N"", ""C"", ""H"", ""H"", ""H"", ""H"", ""H"", ""H"", ""H"", ""C"", ""C"", ""N"", ""C"", ""H"", ""H"", ""H"", ""H"", ""H"", ""H"", ""H"", ""C"", ""C"", ""N"", ""C"", ""H"", ""H"", ""H"", ""H"", ""H"", ""H"", ""H""]",C24H56N8,"[true, true, true]","[10.532031883868122, 0.0, 0.0, 0.0, 9.572429900256388, 0.0, -7.304365619408113, 0.0, 17.460854848892573]",1760.3533939640943,[],"{""cutoff=6.000_skin=0.000"": 3836, ""cutoff=6.000_skin=0.500"": 4880}",0.0,,
OPT-RFT-XATMOV88-R512-v1,fae3cd510f7c1880e11bf0b677e0d7ad0094c8e909e2ee11e6410c35bd33254a,OPT-RFT-XATMOV88-R512-v1:0289,XATMOV_C1_14_801_z2_22,f81e2b273fee7fab7b948cf990b14c1fa2474431ef78804bbf1e8f12597cdaf6,289,cross_family_test_set,XATMOV/structures/XATMOV_C1_14_801_z2_22.cif,30729e7ad3f2063b18a7c20ea187541fefbb46cb72223cd0126158e74f50906d,f81e2b273fee7fab7b948cf990b14c1fa2474431ef78804bbf1e8f12597cdaf6,0,88,"[""C"", ""C"", ""N"", ""C"", ""H"", ""H"", ""H"", ""H"", ""H"", ""H"", ""H"", ""C"", ""C"", ""N"", ""C"", ""H"", ""H"", ""H"", ""H"", ""H"", ""H"", ""H"", ""C"", ""C"", ""N"", ""C"", ""H"", ""H"", ""H"", ""H"", ""H"", ""H"", ""H"", ""C"", ""C"", ""N"", ""C"", ""H"", ""H"", ""H"", ""H"", ""H"", ""H"", ""H"", ""C"", ""C"", ""N"", ""C"", ""H"", ""H"", ""H"", ""H"", ""H"", ""H"", ""H"", ""C"", ""C"", ""N"", ""C"", ""H"", ""H"", ""H"", ""H"", ""H"", ""H"", ""H"", ""C"", ""C"", ""N"", ""C"", ""H"", ""H"", ""H"", ""H"", ""H"", ""H"", ""H"", ""C"", ""C"", ""N"", ""C"", ""H"", ""H"", ""H"", ""H"", ""H"", ""H"", ""H""]",C24H56N8,"[true, true, true]","[11.735870746326384, 0.0, 0.0, 0.0, 14.332110497690557, 0.0, 1.612377802122571, 0.0, 10.421907625908164]",1752.9627399744973,[],"{""cutoff=6.000_skin=0.000"": 3840, ""cutoff=6.000_skin=0.500"": 4972}",0.0,,
OPT-RFT-XATMOV88-R512-v1,fae3cd510f7c1880e11bf0b677e0d7ad0094c8e909e2ee11e6410c35bd33254a,OPT-RFT-XATMOV88-R512-v1:0290,XATMOV_C1_14_5806_z2_22,b7f7ba86b35d5e1cb8ce8f7d8b40915318a40afefb218fac9eb161bc339c04c8,290,cross_family_test_set,XATMOV/structures/XATMOV_C1_14_5806_z2_22.cif,43e6fc9d26ca3a630a786c287aede793a2dd25c3291b2675f34c19cd1f8cc92e,b7f7ba86b35d5e1cb8ce8f7d8b40915318a40afefb218fac9eb161bc339c04c8,0,88,"[""C"", ""C"", ""N"", ""C"", ""H"", ""H"", ""H"", ""H"", ""H"", ""H"", ""H"", ""C"", ""C"", ""N"", ""C"", ""H"", ""H"", ""H"", ""H"", ""H"", ""H"", ""H"", ""C"", ""C"", ""N"", ""C"", ""H"", ""H"", ""H"", ""H"", ""H"", ""H"", ""H"", ""C"", ""C"", ""N"", ""C"", ""H"", ""H"", ""H"", ""H"", ""H"", ""H"", ""H"", ""C"", ""C"", ""N"", ""C"", ""H"", ""H"", ""H"", ""H"", ""H"", ""H"", ""H"", ""C"", ""C"", ""N"", ""C"", ""H"", ""H"", ""H"", ""H"", ""H"", ""H"", ""H"", ""C"", ""C"", ""N"", ""C"", ""H"", ""H"", ""H"", ""H"", ""H"", ""H"", ""H"", ""C"", ""C"", ""N"", ""C"", ""H"", ""H"", ""H"", ""H"", ""H"", ""H"", ""H""]",C24H56N8,"[true, true, true]","[8.551744851428573, 0.0, 0.0, 0.0, 20.16070861865318, 0.0, 3.448845863189935, 0.0, 9.70654548748632]",1673.4980929655937,[],"{""cutoff=6.000_skin=0.000"": 3848, ""cutoff=6.000_skin=0.500"": 4928}",0.0,,
OPT-RFT-XATMOV88-R512-v1,fae3cd510f7c1880e11bf0b677e0d7ad0094c8e909e2ee11e6410c35bd33254a,OPT-RFT-XATMOV88-R512-v1:0291,XATMOV_C2_14_687_z2_22,993a04e72b98b8721d7aba07dfb6e72a199cc0b0d7fa0dc68a703be5d206bed7,291,cross_family_test_set,XATMOV/structures/XATMOV_C2_14_687_z2_22.cif,d1ada3d09c6ac8d20e7cd4ee6fd89e473a9e7e81b685ce662269b4dbd7cbddd9,993a04e72b98b8721d7aba07dfb6e72a199cc0b0d7fa0dc68a703be5d206bed7,0,88,"[""C"", ""C"", ""N"", ""C"", ""H"", ""H"", ""H"", ""H"", ""H"", ""H"", ""H"", ""C"", ""C"", ""N"", ""C"", ""H"", ""H"", ""H"", ""H"", ""H"", ""H"", ""H"", ""C"", ""C"", ""N"", ""C"", ""H"", ""H"", ""H"", ""H"", ""H"", ""H"", ""H"", ""C"", ""C"", ""N"", ""C"", ""H"", ""H"", ""H"", ""H"", ""H"", ""H"", ""H"", ""C"", ""C"", ""N"", ""C"", ""H"", ""H"", ""H"", ""H"", ""H"", ""H"", ""H"", ""C"", ""C"", ""N"", ""C"", ""H"", ""H"", ""H"", ""H"", ""H"", ""H"", ""H"", ""C"", ""C"", ""N"", ""C"", ""H"", ""H"", ""H"", ""H"", ""H"", ""H"", ""H"", ""C"", ""C"", ""N"", ""C"", ""H"", ""H"", ""H"", ""H"", ""H"", ""H"", ""H""]",C24H56N8,"[true, true, true]","[13.877922098509941, 0.0, 0.0, 0.0, 14.468483956564103, 0.0, 1.5260968711519711, 0.0, 9.645769478594858]",1936.7981027553024,[],"{""cutoff=6.000_skin=0.000"": 3852, ""cutoff=6.000_skin=0.500"": 5028}",0.0,,
OPT-RFT-XATMOV88-R512-v1,fae3cd510f7c1880e11bf0b677e0d7ad0094c8e909e2ee11e6410c35bd33254a,OPT-RFT-XATMOV88-R512-v1:0292,XATMOV_C2_14_4343_z2_22,f71c1cd3b74be8c238feb0acb67bff0613e974d304c04eea6c9d4e23e65b0a06,292,cross_family_test_set,XATMOV/structures/XATMOV_C2_14_4343_z2_22.cif,93ee3359342ef93c485de0389424aa130e55cb2e6449513399f5a6acaf2deea8,f71c1cd3b74be8c238feb0acb67bff0613e974d304c04eea6c9d4e23e65b0a06,0,88,"[""C"", ""C"", ""N"", ""C"", ""H"", ""H"", ""H"", ""H"", ""H"", ""H"", ""H"", ""C"", ""C"", ""N"", ""C"", ""H"", ""H"", ""H"", ""H"", ""H"", ""H"", ""H"", ""C"", ""C"", ""N"", ""C"", ""H"", ""H"", ""H"", ""H"", ""H"", ""H"", ""H"", ""C"", ""C"", ""N"", ""C"", ""H"", ""H"", ""H"", ""H"", ""H"", ""H"", ""H"", ""C"", ""C"", ""N"", ""C"", ""H"", ""H"", ""H"", ""H"", ""H"", ""H"", ""H"", ""C"", ""C"", ""N"", ""C"", ""H"", ""H"", ""H"", ""H"", ""H"", ""H"", ""H"", ""C"", ""C"", ""N"", ""C"", ""H"", ""H"", ""H"", ""H"", ""H"", ""H"", ""H"", ""C"", ""C"", ""N"", ""C"", ""H"", ""H"", ""H"", ""H"", ""H"", ""H"", ""H""]",C24H56N8,"[true, true, true]","[10.100128306851854, 0.0, 0.0, 0.0, 14.505471109582935, 0.0, 0.8570691885449961, 0.0, 12.913279505107816]",1891.887381759599,[],"{""cutoff=6.000_skin=0.000"": 3860, ""cutoff=6.000_skin=0.500"": 4744}",0.0,,
OPT-RFT-XATMOV88-R512-v1,fae3cd510f7c1880e11bf0b677e0d7ad0094c8e909e2ee11e6410c35bd33254a,OPT-RFT-XATMOV88-R512-v1:0293,XATMOV_C2_14_6127_z2_22,b935efe918b9eb419f3fc247ec387d34dee37291548e65a05626e6676826df9c,293,cross_family_test_set,XATMOV/structures/XATMOV_C2_14_6127_z2_22.cif,54ad6e7757101959b7969121ce5a092c4329f2e9265b4063a882a07cdc80f645,b935efe918b9eb419f3fc247ec387d34dee37291548e65a05626e6676826df9c,0,88,"[""C"", ""C"", ""N"", ""C"", ""H"", ""H"", ""H"", ""H"", ""H"", ""H"", ""H"", ""C"", ""C"", ""N"", ""C"", ""H"", ""H"", ""H"", ""H"", ""H"", ""H"", ""H"", ""C"", ""C"", ""N"", ""C"", ""H"", ""H"", ""H"", ""H"", ""H"", ""H"", ""H"", ""C"", ""C"", ""N"", ""C"", ""H"", ""H"", ""H"", ""H"", ""H"", ""H"", ""H"", ""C"", ""C"", ""N"", ""C"", ""H"", ""H"", ""H"", ""H"", ""H"", ""H"", ""H"", ""C"", ""C"", ""N"", ""C"", ""H"", ""H"", ""H"", ""H"", ""H"", ""H"", ""H"", ""C"", ""C"", ""N"", ""C"", ""H"", ""H"", ""H"", ""H"", ""H"", ""H"", ""H"", ""C"", ""C"", ""N"", ""C"", ""H"", ""H"", ""H"", ""H"", ""H"", ""H"", ""H""]",C24H56N8,"[true, true, true]","[9.507533405795662, 0.0, 0.0, 0.0, 22.887730188082216, 0.0, -2.6625594997863034, 0.0, 8.485369388592884]",1846.4660976732475,[],"{""cutoff=6.000_skin=0.000"": 3864, ""cutoff=6.000_skin=0.500"": 4768}",0.0,,
OPT-RFT-XATMOV88-R512-v1,fae3cd510f7c1880e11bf0b677e0d7ad0094c8e909e2ee11e6410c35bd33254a,OPT-RFT-XATMOV88-R512-v1:0294,XATMOV_C2_14_5567_z2_22,a9a06c2ff1c7aff76338c45983c89cc04214bca6ee95ec30d2b548d60db73d9d,294,cross_family_test_set,XATMOV/structures/XATMOV_C2_14_5567_z2_22.cif,8038c225f44cace077e0ae4fe1982b15d7036a16496c621f8aa2aa05b0f785cd,a9a06c2ff1c7aff76338c45983c89cc04214bca6ee95ec30d2b548d60db73d9d,0,88,"[""C"", ""C"", ""N"", ""C"", ""H"", ""H"", ""H"", ""H"", ""H"", ""H"", ""H"", ""C"", ""C"", ""N"", ""C"", ""H"", ""H"", ""H"", ""H"", ""H"", ""H"", ""H"", ""C"", ""C"", ""N"", ""C"", ""H"", ""H"", ""H"", ""H"", ""H"", ""H"", ""H"", ""C"", ""C"", ""N"", ""C"", ""H"", ""H"", ""H"", ""H"", ""H"", ""H"", ""H"", ""C"", ""C"", ""N"", ""C"", ""H"", ""H"", ""H"", ""H"", ""H"", ""H"", ""H"", ""C"", ""C"", ""N"", ""C"", ""H"", ""H"", ""H"", ""H"", ""H"", ""H"", ""H"", ""C"", ""C"", ""N"", ""C"", ""H"", ""H"", ""H"", ""H"", ""H"", ""H"", ""H"", ""C"", ""C"", ""N"", ""C"", ""H"", ""H"", ""H"", ""H"", ""H"", ""H"", ""H""]",C24H56N8,"[true, true, true]","[11.495215593340781, 0.0, 0.0, 0.0, 13.114117901538165, 0.0, 0.9048231974731744, 0.0, 11.794977866741974]",1778.088343974071,[],"{""cutoff=6.000_skin=0.000"": 3868, ""cutoff=6.000_skin=0.500"": 4948}",0.0,,
OPT-RFT-XATMOV88-R512-v1,fae3cd510f7c1880e11bf0b677e0d7ad0094c8e909e2ee11e6410c35bd33254a,OPT-RFT-XATMOV88-R512-v1:0295,XATMOV_C2_14_5751_z2_22,900a1ac40ab01cbda29a00c78dcd65befc70ffd626d8e443017b50498de8e9ee,295,cross_family_test_set,XATMOV/structures/XATMOV_C2_14_5751_z2_22.cif,89101371cafe9671a00c2a4742390e014e0c9954e38d377a759c3246c237f124,900a1ac40ab01cbda29a00c78dcd65befc70ffd626d8e443017b50498de8e9ee,0,88,"[""C"", ""C"", ""N"", ""C"", ""H"", ""H"", ""H"", ""H"", ""H"", ""H"", ""H"", ""C"", ""C"", ""N"", ""C"", ""H"", ""H"", ""H"", ""H"", ""H"", ""H"", ""H"", ""C"", ""C"", ""N"", ""C"", ""H"", ""H"", ""H"", ""H"", ""H"", ""H"", ""H"", ""C"", ""C"", ""N"", ""C"", ""H"", ""H"", ""H"", ""H"", ""H"", ""H"", ""H"", ""C"", ""C"", ""N"", ""C"", ""H"", ""H"", ""H"", ""H"", ""H"", ""H"", ""H"", ""C"", ""C"", ""N"", ""C"", ""H"", ""H"", ""H"", ""H"", ""H"", ""H"", ""H"", ""C"", ""C"", ""N"", ""C"", ""H"", ""H"", ""H"", ""H"", ""H"", ""H"", ""H"", ""C"", ""C"", ""N"", ""C"", ""H"", ""H"", ""H"", ""H"", ""H"", ""H"", ""H""]",C24H56N8,"[true, true, true]","[8.311667670560427, 0.0, 0.0, 0.0, 8.164398524089385, 0.0, 4.189527722271541, 0.0, 24.67633525301662]",1674.5303671548413,[],"{""cutoff=6.000_skin=0.000"": 3872, ""cutoff=6.000_skin=0.500"": 4948}",0.0,,
OPT-RFT-XATMOV88-R512-v1,fae3cd510f7c1880e11bf0b677e0d7ad0094c8e909e2ee11e6410c35bd33254a,OPT-RFT-XATMOV88-R512-v1:0296,XATMOV_C1_14_5333_z2_22,f20c9905919c5465a82920b233eba2e323542661b7a1023e3c46e4306b02640b,296,cross_family_test_set,XATMOV/structures/XATMOV_C1_14_5333_z2_22.cif,2e3f9fe29484c1ec136ba2f83d913eba8e406571d6ac647245b2acdacb772363,f20c9905919c5465a82920b233eba2e323542661b7a1023e3c46e4306b02640b,0,88,"[""C"", ""C"", ""N"", ""C"", ""H"", ""H"", ""H"", ""H"", ""H"", ""H"", ""H"", ""C"", ""C"", ""N"", ""C"", ""H"", ""H"", ""H"", ""H"", ""H"", ""H"", ""H"", ""C"", ""C"", ""N"", ""C"", ""H"", ""H"", ""H"", ""H"", ""H"", ""H"", ""H"", ""C"", ""C"", ""N"", ""C"", ""H"", ""H"", ""H"", ""H"", ""H"", ""H"", ""H"", ""C"", ""C"", ""N"", ""C"", ""H"", ""H"", ""H"", ""H"", ""H"", ""H"", ""H"", ""C"", ""C"", ""N"", ""C"", ""H"", ""H"", ""H"", ""H"", ""H"", ""H"", ""H"", ""C"", ""C"", ""N"", ""C"", ""H"", ""H"", ""H"", ""H"", ""H"", ""H"", ""H"", ""C"", ""C"", ""N"", ""C"", ""H"", ""H"", ""H"", ""H"", ""H"", ""H"", ""H""]",C24H56N8,"[true, true, true]","[5.334055163258128, 0.0, 0.0, 0.0, 16.96001681382925, 0.0, -16.567825308883876, 0.0, 27.008561450953895]",2443.347479234357,[],"{""cutoff=6.000_skin=0.000"": 3880, ""cutoff=6.000_skin=0.500"": 4784}",0.0,,
OPT-RFT-XATMOV88-R512-v1,fae3cd510f7c1880e11bf0b677e0d7ad0094c8e909e2ee11e6410c35bd33254a,OPT-RFT-XATMOV88-R512-v1:0297,XATMOV_C2_14_6371_z2_22,53f1759f5dbe3f786e5d0d70521871df56be34d87c3bf7b9ea748ad079a89c80,297,cross_family_test_set,XATMOV/structures/XATMOV_C2_14_6371_z2_22.cif,3a2b1333de3a75eab0415ba3c31c3e7f9b19841074d87e7a0a08416ac381a298,53f1759f5dbe3f786e5d0d70521871df56be34d87c3bf7b9ea748ad079a89c80,0,88,"[""C"", ""C"", ""N"", ""C"", ""H"", ""H"", ""H"", ""H"", ""H"", ""H"", ""H"", ""C"", ""C"", ""N"", ""C"", ""H"", ""H"", ""H"", ""H"", ""H"", ""H"", ""H"", ""C"", ""C"", ""N"", ""C"", ""H"", ""H"", ""H"", ""H"", ""H"", ""H"", ""H"", ""C"", ""C"", ""N"", ""C"", ""H"", ""H"", ""H"", ""H"", ""H"", ""H"", ""H"", ""C"", ""C"", ""N"", ""C"", ""H"", ""H"", ""H"", ""H"", ""H"", ""H"", ""H"", ""C"", ""C"", ""N"", ""C"", ""H"", ""H"", ""H"", ""H"", ""H"", ""H"", ""H"", ""C"", ""C"", ""N"", ""C"", ""H"", ""H"", ""H"", ""H"", ""H"", ""H"", ""H"", ""C"", ""C"", ""N"", ""C"", ""H"", ""H"", ""H"", ""H"", ""H"", ""H"", ""H""]",C24H56N8,"[true, true, true]","[9.380558377191974, 0.0, 0.0, 0.0, 9.367668323243123, 0.0, 3.630770782904254, 0.0, 19.181235513558327]",1685.5311139127773,[],"{""cutoff=6.000_skin=0.000"": 3880, ""cutoff=6.000_skin=0.500"": 4948}",0.0,,
OPT-RFT-XATMOV88-R512-v1,fae3cd510f7c1880e11bf0b677e0d7ad0094c8e909e2ee11e6410c35bd33254a,OPT-RFT-XATMOV88-R512-v1:0298,XATMOV_C1_14_5812_z2_22,b31feb7bca65fb2805d64cc46e4754bf5f8c3f38afeb435c9cad694cc48eb20e,298,cross_family_test_set,XATMOV/structures/XATMOV_C1_14_5812_z2_22.cif,52cab5468a53461a253ea92e30487deabdcce02c20f7160291acb7f199255d75,b31feb7bca65fb2805d64cc46e4754bf5f8c3f38afeb435c9cad694cc48eb20e,0,88,"[""C"", ""C"", ""N"", ""C"", ""H"", ""H"", ""H"", ""H"", ""H"", ""H"", ""H"", ""C"", ""C"", ""N"", ""C"", ""H"", ""H"", ""H"", ""H"", ""H"", ""H"", ""H"", ""C"", ""C"", ""N"", ""C"", ""H"", ""H"", ""H"", ""H"", ""H"", ""H"", ""H"", ""C"", ""C"", ""N"", ""C"", ""H"", ""H"", ""H"", ""H"", ""H"", ""H"", ""H"", ""C"", ""C"", ""N"", ""C"", ""H"", ""H"", ""H"", ""H"", ""H"", ""H"", ""H"", ""C"", ""C"", ""N"", ""C"", ""H"", ""H"", ""H"", ""H"", ""H"", ""H"", ""H"", ""C"", ""C"", ""N"", ""C"", ""H"", ""H"", ""H"", ""H"", ""H"", ""H"", ""H"", ""C"", ""C"", ""N"", ""C"", ""H"", ""H"", ""H"", ""H"", ""H"", ""H"", ""H""]",C24H56N8,"[true, true, true]","[14.862930862299436, 0.0, 0.0, 0.0, 12.215461375774673, 0.0, 1.2474820322439653, 0.0, 9.820683347162193]",1783.019285215972,[],"{""cutoff=6.000_skin=0.000"": 3888, ""cutoff=6.000_skin=0.500"": 5088}",0.0,,
OPT-RFT-XATMOV88-R512-v1,fae3cd510f7c1880e11bf0b677e0d7ad0094c8e909e2ee11e6410c35bd33254a,OPT-RFT-XATMOV88-R512-v1:0299,XATMOV_C1_14_1143_z2_22,1ff9e39ae66d328ff33267451b5352069a80ee2be32e5f11bc3e8283b301c63e,299,cross_family_test_set,XATMOV/structures/XATMOV_C1_14_1143_z2_22.cif,5ff85a21d757b9875acabda12791cc4693ac5e8e69e772f702dacd759f8fd7b8,1ff9e39ae66d328ff33267451b5352069a80ee2be32e5f11bc3e8283b301c63e,0,88,"[""C"", ""C"", ""N"", ""C"", ""H"", ""H"", ""H"", ""H"", ""H"", ""H"", ""H"", ""C"", ""C"", ""N"", ""C"", ""H"", ""H"", ""H"", ""H"", ""H"", ""H"", ""H"", ""C"", ""C"", ""N"", ""C"", ""H"", ""H"", ""H"", ""H"", ""H"", ""H"", ""H"", ""C"", ""C"", ""N"", ""C"", ""H"", ""H"", ""H"", ""H"", ""H"", ""H"", ""H"", ""C"", ""C"", ""N"", ""C"", ""H"", ""H"", ""H"", ""H"", ""H"", ""H"", ""H"", ""C"", ""C"", ""N"", ""C"", ""H"", ""H"", ""H"", ""H"", ""H"", ""H"", ""H"", ""C"", ""C"", ""N"", ""C"", ""H"", ""H"", ""H"", ""H"", ""H"", ""H"", ""H"", ""C"", ""C"", ""N"", ""C"", ""H"", ""H"", ""H"", ""H"", ""H"", ""H"", ""H""]",C24H56N8,"[true, true, true]","[10.502796407587695, 0.0, 0.0, 0.0, 16.489854237813702, 0.0, -2.2644440355811404, 0.0, 11.37326368493429]",1969.7307818698666,[],"{""cutoff=6.000_skin=0.000"": 3892, ""cutoff=6.000_skin=0.500"": 4656}",0.0,,
OPT-RFT-XATMOV88-R512-v1,fae3cd510f7c1880e11bf0b677e0d7ad0094c8e909e2ee11e6410c35bd33254a,OPT-RFT-XATMOV88-R512-v1:0300,XATMOV_C1_14_1225_z2_22,2eddf1a1e3470ab81746db6ae3115f3060e33ac188dc0c3359594f73075c9b75,300,cross_family_test_set,XATMOV/structures/XATMOV_C1_14_1225_z2_22.cif,579eee7610314bfa5accab97622810cfffa527755d6a7485a290e60e2de19df9,2eddf1a1e3470ab81746db6ae3115f3060e33ac188dc0c3359594f73075c9b75,0,88,"[""C"", ""C"", ""N"", ""C"", ""H"", ""H"", ""H"", ""H"", ""H"", ""H"", ""H"", ""C"", ""C"", ""N"", ""C"", ""H"", ""H"", ""H"", ""H"", ""H"", ""H"", ""H"", ""C"", ""C"", ""N"", ""C"", ""H"", ""H"", ""H"", ""H"", ""H"", ""H"", ""H"", ""C"", ""C"", ""N"", ""C"", ""H"", ""H"", ""H"", ""H"", ""H"", ""H"", ""H"", ""C"", ""C"", ""N"", ""C"", ""H"", ""H"", ""H"", ""H"", ""H"", ""H"", ""H"", ""C"", ""C"", ""N"", ""C"", ""H"", ""H"", ""H"", ""H"", ""H"", ""H"", ""H"", ""C"", ""C"", ""N"", ""C"", ""H"", ""H"", ""H"", ""H"", ""H"", ""H"", ""H"", ""C"", ""C"", ""N"", ""C"", ""H"", ""H"", ""H"", ""H"", ""H"", ""H"", ""H""]",C24H56N8,"[true, true, true]","[12.04284334486259, 0.0, 0.0, 0.0, 12.752031405635762, 0.0, -5.869101358256976, 0.0, 10.557099901572464]",1621.261396541052,[],"{""cutoff=6.000_skin=0.000"": 3896, ""cutoff=6.000_skin=0.500"": 5152}",0.0,,
OPT-RFT-XATMOV88-R512-v1,fae3cd510f7c1880e11bf0b677e0d7ad0094c8e909e2ee11e6410c35bd33254a,OPT-RFT-XATMOV88-R512-v1:0301,XATMOV_C2_14_5952_z2_22,cf35100cb61e486e7155c447f83f185ad3d2e892b218ddda91638e2ce655b6cf,301,cross_family_test_set,XATMOV/structures/XATMOV_C2_14_5952_z2_22.cif,0824fec558d706efb66ad8965726ab11f31c5f5c4edce0e64117ae02e223978b,cf35100cb61e486e7155c447f83f185ad3d2e892b218ddda91638e2ce655b6cf,0,88,"[""C"", ""C"", ""N"", ""C"", ""H"", ""H"", ""H"", ""H"", ""H"", ""H"", ""H"", ""C"", ""C"", ""N"", ""C"", ""H"", ""H"", ""H"", ""H"", ""H"", ""H"", ""H"", ""C"", ""C"", ""N"", ""C"", ""H"", ""H"", ""H"", ""H"", ""H"", ""H"", ""H"", ""C"", ""C"", ""N"", ""C"", ""H"", ""H"", ""H"", ""H"", ""H"", ""H"", ""H"", ""C"", ""C"", ""N"", ""C"", ""H"", ""H"", ""H"", ""H"", ""H"", ""H"", ""H"", ""C"", ""C"", ""N"", ""C"", ""H"", ""H"", ""H"", ""H"", ""H"", ""H"", ""H"", ""C"", ""C"", ""N"", ""C"", ""H"", ""H"", ""H"", ""H"", ""H"", ""H"", ""H"", ""C"", ""C"", ""N"", ""C"", ""H"", ""H"", ""H"", ""H"", ""H"", ""H"", ""H""]",C24H56N8,"[true, true, true]","[15.491839779302477, 0.0, 0.0, 0.0, 16.754191055969855, 0.0, 0.14217511525247628, 0.0, 6.889698850755478]",1788.2436832513688,[],"{""cutoff=6.000_skin=0.000"": 3896, ""cutoff=6.000_skin=0.500"": 5048}",0.0,,
OPT-RFT-XATMOV88-R512-v1,fae3cd510f7c1880e11bf0b677e0d7ad0094c8e909e2ee11e6410c35bd33254a,OPT-RFT-XATMOV88-R512-v1:0302,XATMOV_C2_14_6125_z2_22,f70392f4a9f41dfdf5183955d68a7d8b7598fa7d1f2a297a61d8a1f31d515e00,302,cross_family_test_set,XATMOV/structures/XATMOV_C2_14_6125_z2_22.cif,4b3a4cfdc51646a07e34ce2e518a6a4804d46ae852f573ffd2655c063dbde88e,f70392f4a9f41dfdf5183955d68a7d8b7598fa7d1f2a297a61d8a1f31d515e00,0,88,"[""C"", ""C"", ""N"", ""C"", ""H"", ""H"", ""H"", ""H"", ""H"", ""H"", ""H"", ""C"", ""C"", ""N"", ""C"", ""H"", ""H"", ""H"", ""H"", ""H"", ""H"", ""H"", ""C"", ""C"", ""N"", ""C"", ""H"", ""H"", ""H"", ""H"", ""H"", ""H"", ""H"", ""C"", ""C"", ""N"", ""C"", ""H"", ""H"", ""H"", ""H"", ""H"", ""H"", ""H"", ""C"", ""C"", ""N"", ""C"", ""H"", ""H"", ""H"", ""H"", ""H"", ""H"", ""H"", ""C"", ""C"", ""N"", ""C"", ""H"", ""H"", ""H"", ""H"", ""H"", ""H"", ""H"", ""C"", ""C"", ""N"", ""C"", ""H"", ""H"", ""H"", ""H"", ""H"", ""H"", ""H"", ""C"", ""C"", ""N"", ""C"", ""H"", ""H"", ""H"", ""H"", ""H"", ""H"", ""H""]",C24H56N8,"[true, true, true]","[11.376733279488, 0.0, 0.0, 0.0, 12.777109038383927, 0.0, 4.67455903659876, 0.0, 11.086648920065306]",1611.5748174014489,[],"{""cutoff=6.000_skin=0.000"": 3900, ""cutoff=6.000_skin=0.500"": 5468}",0.0,,
OPT-RFT-XATMOV88-R512-v1,fae3cd510f7c1880e11bf0b677e0d7ad0094c8e909e2ee11e6410c35bd33254a,OPT-RFT-XATMOV88-R512-v1:0303,XATMOV_C1_14_5952_z2_22,f315ea2a2b930c609b769a5162d9506752130f93c70570a90b045bb9fab8fead,303,cross_family_test_set,XATMOV/structures/XATMOV_C1_14_5952_z2_22.cif,c6306eaa5f1509a2a9e293cb16cf0395b99bcb842cb042a79a1c6c0836197bd9,f315ea2a2b930c609b769a5162d9506752130f93c70570a90b045bb9fab8fead,0,88,"[""C"", ""C"", ""N"", ""C"", ""H"", ""H"", ""H"", ""H"", ""H"", ""H"", ""H"", ""C"", ""C"", ""N"", ""C"", ""H"", ""H"", ""H"", ""H"", ""H"", ""H"", ""H"", ""C"", ""C"", ""N"", ""C"", ""H"", ""H"", ""H"", ""H"", ""H"", ""H"", ""H"", ""C"", ""C"", ""N"", ""C"", ""H"", ""H"", ""H"", ""H"", ""H"", ""H"", ""H"", ""C"", ""C"", ""N"", ""C"", ""H"", ""H"", ""H"", ""H"", ""H"", ""H"", ""H"", ""C"", ""C"", ""N"", ""C"", ""H"", ""H"", ""H"", ""H"", ""H"", ""H"", ""H"", ""C"", ""C"", ""N"", ""C"", ""H"", ""H"", ""H"", ""H"", ""H"", ""H"", ""H"", ""C"", ""C"", ""N"", ""C"", ""H"", ""H"", ""H"", ""H"", ""H"", ""H"", ""H""]",C24H56N8,"[true, true, true]","[14.878037286722595, 0.0, 0.0, 0.0, 16.786056340043146, 0.0, 0.15224271063748565, 0.0, 7.377566929714267]",1842.4999186121206,[],"{""cutoff=6.000_skin=0.000"": 3908, ""cutoff=6.000_skin=0.500"": 4868}",0.0,,
OPT-RFT-XATMOV88-R512-v1,fae3cd510f7c1880e11bf0b677e0d7ad0094c8e909e2ee11e6410c35bd33254a,OPT-RFT-XATMOV88-R512-v1:0304,XATMOV_C1_14_1677_z2_22,d3369904a7f0ab459543a74dc793473a6bb1e7361e56a9de42597a4f417c5e81,304,cross_family_test_set,XATMOV/structures/XATMOV_C1_14_1677_z2_22.cif,fd67fc4ce7d28ea04b3c6e3068975a5eaae25ce5fc8627ff085955922d73c4d9,d3369904a7f0ab459543a74dc793473a6bb1e7361e56a9de42597a4f417c5e81,0,88,"[""C"", ""C"", ""N"", ""C"", ""H"", ""H"", ""H"", ""H"", ""H"", ""H"", ""H"", ""C"", ""C"", ""N"", ""C"", ""H"", ""H"", ""H"", ""H"", ""H"", ""H"", ""H"", ""C"", ""C"", ""N"", ""C"", ""H"", ""H"", ""H"", ""H"", ""H"", ""H"", ""H"", ""C"", ""C"", ""N"", ""C"", ""H"", ""H"", ""H"", ""H"", ""H"", ""H"", ""H"", ""C"", ""C"", ""N"", ""C"", ""H"", ""H"", ""H"", ""H"", ""H"", ""H"", ""H"", ""C"", ""C"", ""N"", ""C"", ""H"", ""H"", ""H"", ""H"", ""H"", ""H"", ""H"", ""C"", ""C"", ""N"", ""C"", ""H"", ""H"", ""H"", ""H"", ""H"", ""H"", ""H"", ""C"", ""C"", ""N"", ""C"", ""H"", ""H"", ""H"", ""H"", ""H"", ""H"", ""H""]",C24H56N8,"[true, true, true]","[6.278283529897092, 0.0, 0.0, 0.0, 17.022815253353052, 0.0, 3.51613176184554, 0.0, 16.59554188473214]",1773.632949702816,[],"{""cutoff=6.000_skin=0.000"": 3916, ""cutoff=6.000_skin=0.500"": 5148}",0.0,,
OPT-RFT-XATMOV88-R512-v1,fae3cd510f7c1880e11bf0b677e0d7ad0094c8e909e2ee11e6410c35bd33254a,OPT-RFT-XATMOV88-R512-v1:0305,XATMOV_C2_14_3941_z2_22,9a9cb623b527b70de433282c0925142db8e051a16451e19da0163d1f8445647d,305,cross_family_test_set,XATMOV/structures/XATMOV_C2_14_3941_z2_22.cif,7f2998270f0c9fbb73c70b1a7d295d7deabc42913bd135c5e11aaf645c376868,9a9cb623b527b70de433282c0925142db8e051a16451e19da0163d1f8445647d,0,88,"[""C"", ""C"", ""N"", ""C"", ""H"", ""H"", ""H"", ""H"", ""H"", ""H"", ""H"", ""C"", ""C"", ""N"", ""C"", ""H"", ""H"", ""H"", ""H"", ""H"", ""H"", ""H"", ""C"", ""C"", ""N"", ""C"", ""H"", ""H"", ""H"", ""H"", ""H"", ""H"", ""H"", ""C"", ""C"", ""N"", ""C"", ""H"", ""H"", ""H"", ""H"", ""H"", ""H"", ""H"", ""C"", ""C"", ""N"", ""C"", ""H"", ""H"", ""H"", ""H"", ""H"", ""H"", ""H"", ""C"", ""C"", ""N"", ""C"", ""H"", ""H"", ""H"", ""H"", ""H"", ""H"", ""H"", ""C"", ""C"", ""N"", ""C"", ""H"", ""H"", ""H"", ""H"", ""H"", ""H"", ""H"", ""C"", ""C"", ""N"", ""C"", ""H"", ""H"", ""H"", ""H"", ""H"", ""H"", ""H""]",C24H56N8,"[true, true, true]","[10.419639350859079, 0.0, 0.0, 0.0, 13.102115589948788, 0.0, 0.7125298588620886, 0.0, 12.321848916361883]",1682.170425107134,[],"{""cutoff=6.000_skin=0.000"": 3920, ""cutoff=6.000_skin=0.500"": 5096}",0.0,,
OPT-RFT-XATMOV88-R512-v1,fae3cd510f7c1880e11bf0b677e0d7ad0094c8e909e2ee11e6410c35bd33254a,OPT-RFT-XATMOV88-R512-v1:0306,XATMOV_C2_14_477_z2_22,1ca3644121a9522b03e699138e809657d6d8d6211dab4b0162be7ab158c5ac62,306,cross_family_test_set,XATMOV/structures/XATMOV_C2_14_477_z2_22.cif,3a701855d491c4fdfb8a0a10412a3e4c1633d4eb9d2bb5abf6c5fc561f5c4fa9,1ca3644121a9522b03e699138e809657d6d8d6211dab4b0162be7ab158c5ac62,0,88,"[""C"", ""C"", ""N"", ""C"", ""H"", ""H"", ""H"", ""H"", ""H"", ""H"", ""H"", ""C"", ""C"", ""N"", ""C"", ""H"", ""H"", ""H"", ""H"", ""H"", ""H"", ""H"", ""C"", ""C"", ""N"", ""C"", ""H"", ""H"", ""H"", ""H"", ""H"", ""H"", ""H"", ""C"", ""C"", ""N"", ""C"", ""H"", ""H"", ""H"", ""H"", ""H"", ""H"", ""H"", ""C"", ""C"", ""N"", ""C"", ""H"", ""H"", ""H"", ""H"", ""H"", ""H"", ""H"", ""C"", ""C"", ""N"", ""C"", ""H"", ""H"", ""H"", ""H"", ""H"", ""H"", ""H"", ""C"", ""C"", ""N"", ""C"", ""H"", ""H"", ""H"", ""H"", ""H"", ""H"", ""H"", ""C"", ""C"", ""N"", ""C"", ""H"", ""H"", ""H"", ""H"", ""H"", ""H"", ""H""]",C24H56N8,"[true, true, true]","[11.38544222624379, 0.0, 0.0, 0.0, 15.347698913356368, 0.0, -4.697816360067124, 0.0, 10.024742983676944]",1751.7269902006376,[],"{""cutoff=6.000_skin=0.000"": 3924, ""cutoff=6.000_skin=0.500"": 5096}",0.0,,
OPT-RFT-XATMOV88-R512-v1,fae3cd510f7c1880e11bf0b677e0d7ad0094c8e909e2ee11e6410c35bd33254a,OPT-RFT-XATMOV88-R512-v1:0307,XATMOV_C1_14_1033_z2_22,b2302a4c7e5c1975ed6e8604727e376de2e8bf32a8c91f80c8e0a8e746e93b60,307,cross_family_test_set,XATMOV/structures/XATMOV_C1_14_1033_z2_22.cif,25020176b82d2085dbfed8d90c2b8582da334d8784ba62c36e51916934b3ce17,b2302a4c7e5c1975ed6e8604727e376de2e8bf32a8c91f80c8e0a8e746e93b60,0,88,"[""C"", ""C"", ""N"", ""C"", ""H"", ""H"", ""H"", ""H"", ""H"", ""H"", ""H"", ""C"", ""C"", ""N"", ""C"", ""H"", ""H"", ""H"", ""H"", ""H"", ""H"", ""H"", ""C"", ""C"", ""N"", ""C"", ""H"", ""H"", ""H"", ""H"", ""H"", ""H"", ""H"", ""C"", ""C"", ""N"", ""C"", ""H"", ""H"", ""H"", ""H"", ""H"", ""H"", ""H"", ""C"", ""C"", ""N"", ""C"", ""H"", ""H"", ""H"", ""H"", ""H"", ""H"", ""H"", ""C"", ""C"", ""N"", ""C"", ""H"", ""H"", ""H"", ""H"", ""H"", ""H"", ""H"", ""C"", ""C"", ""N"", ""C"", ""H"", ""H"", ""H"", ""H"", ""H"", ""H"", ""H"", ""C"", ""C"", ""N"", ""C"", ""H"", ""H"", ""H"", ""H"", ""H"", ""H"", ""H""]",C24H56N8,"[true, true, true]","[11.963972480048561, 0.0, 0.0, 0.0, 11.58667836416872, 0.0, 5.040505063121409, 0.0, 10.979916060449838]",1522.0656219761227,[],"{""cutoff=6.000_skin=0.000"": 3936, ""cutoff=6.000_skin=0.500"": 5636}",0.0,,
OPT-RFT-XATMOV88-R512-v1,fae3cd510f7c1880e11bf0b677e0d7ad0094c8e909e2ee11e6410c35bd33254a,OPT-RFT-XATMOV88-R512-v1:0308,XATMOV_C1_14_4118_z2_22,22362666d93916e1c946477f5a132432c4e63cf1fd5da0d779af0decd80c1b16,308,cross_family_test_set,XATMOV/structures/XATMOV_C1_14_4118_z2_22.cif,f31600daff889b5d9b3744b2c0fd23fbd9675f4fa7c2ebaa7010000cac41263b,22362666d93916e1c946477f5a132432c4e63cf1fd5da0d779af0decd80c1b16,0,88,"[""C"", ""C"", ""N"", ""C"", ""H"", ""H"", ""H"", ""H"", ""H"", ""H"", ""H"", ""C"", ""C"", ""N"", ""C"", ""H"", ""H"", ""H"", ""H"", ""H"", ""H"", ""H"", ""C"", ""C"", ""N"", ""C"", ""H"", ""H"", ""H"", ""H"", ""H"", ""H"", ""H"", ""C"", ""C"", ""N"", ""C"", ""H"", ""H"", ""H"", ""H"", ""H"", ""H"", ""H"", ""C"", ""C"", ""N"", ""C"", ""H"", ""H"", ""H"", ""H"", ""H"", ""H"", ""H"", ""C"", ""C"", ""N"", ""C"", ""H"", ""H"", ""H"", ""H"", ""H"", ""H"", ""H"", ""C"", ""C"", ""N"", ""C"", ""H"", ""H"", ""H"", ""H"", ""H"", ""H"", ""H"", ""C"", ""C"", ""N"", ""C"", ""H"", ""H"", ""H"", ""H"", ""H"", ""H"", ""H""]",C24H56N8,"[true, true, true]","[11.333134206092254, 0.0, 0.0, 0.0, 10.727843737795013, 0.0, -2.191418125652985, 0.0, 14.925888378462833]",1814.6908945105495,[],"{""cutoff=6.000_skin=0.000"": 3940, ""cutoff=6.000_skin=0.500"": 5012}",0.0,,
OPT-RFT-XATMOV88-R512-v1,fae3cd510f7c1880e11bf0b677e0d7ad0094c8e909e2ee11e6410c35bd33254a,OPT-RFT-XATMOV88-R512-v1:0309,XATMOV_C1_14_110_z2_22,8f4c067d7360a305cc8c189a1e481053b59c8bc013b377c58df25a9e26a8ed4e,309,cross_family_test_set,XATMOV/structures/XATMOV_C1_14_110_z2_22.cif,766203533dddc5e33718c88d7f1203128ec6d0dc69ba54a283920f5d3f5decc4,8f4c067d7360a305cc8c189a1e481053b59c8bc013b377c58df25a9e26a8ed4e,0,88,"[""C"", ""C"", ""N"", ""C"", ""H"", ""H"", ""H"", ""H"", ""H"", ""H"", ""H"", ""C"", ""C"", ""N"", ""C"", ""H"", ""H"", ""H"", ""H"", ""H"", ""H"", ""H"", ""C"", ""C"", ""N"", ""C"", ""H"", ""H"", ""H"", ""H"", ""H"", ""H"", ""H"", ""C"", ""C"", ""N"", ""C"", ""H"", ""H"", ""H"", ""H"", ""H"", ""H"", ""H"", ""C"", ""C"", ""N"", ""C"", ""H"", ""H"", ""H"", ""H"", ""H"", ""H"", ""H"", ""C"", ""C"", ""N"", ""C"", ""H"", ""H"", ""H"", ""H"", ""H"", ""H"", ""H"", ""C"", ""C"", ""N"", ""C"", ""H"", ""H"", ""H"", ""H"", ""H"", ""H"", ""H"", ""C"", ""C"", ""N"", ""C"", ""H"", ""H"", ""H"", ""H"", ""H"", ""H"", ""H""]",C24H56N8,"[true, true, true]","[11.232709401985193, 0.0, 0.0, 0.0, 14.12540766188048, 0.0, -1.8568976020137873, 0.0, 10.853052161419276]",1722.0168801110622,[],"{""cutoff=6.000_skin=0.000"": 3944, ""cutoff=6.000_skin=0.500"": 4976}",0.0,,
OPT-RFT-XATMOV88-R512-v1,fae3cd510f7c1880e11bf0b677e0d7ad0094c8e909e2ee11e6410c35bd33254a,OPT-RFT-XATMOV88-R512-v1:0310,XATMOV_C2_14_3788_z2_22,d94be8b25bb7ffd2f15795b47d8274b0ad48cba2d746df36b20000f5cef2a855,310,cross_family_test_set,XATMOV/structures/XATMOV_C2_14_3788_z2_22.cif,758b929b2e95b488fbc523dbe38da1fe6b6e427dd18426454812421847fdeabe,d94be8b25bb7ffd2f15795b47d8274b0ad48cba2d746df36b20000f5cef2a855,0,88,"[""C"", ""C"", ""N"", ""C"", ""H"", ""H"", ""H"", ""H"", ""H"", ""H"", ""H"", ""C"", ""C"", ""N"", ""C"", ""H"", ""H"", ""H"", ""H"", ""H"", ""H"", ""H"", ""C"", ""C"", ""N"", ""C"", ""H"", ""H"", ""H"", ""H"", ""H"", ""H"", ""H"", ""C"", ""C"", ""N"", ""C"", ""H"", ""H"", ""H"", ""H"", ""H"", ""H"", ""H"", ""C"", ""C"", ""N"", ""C"", ""H"", ""H"", ""H"", ""H"", ""H"", ""H"", ""H"", ""C"", ""C"", ""N"", ""C"", ""H"", ""H"", ""H"", ""H"", ""H"", ""H"", ""H"", ""C"", ""C"", ""N"", ""C"", ""H"", ""H"", ""H"", ""H"", ""H"", ""H"", ""H"", ""C"", ""C"", ""N"", ""C"", ""H"", ""H"", ""H"", ""H"", ""H"", ""H"", ""H""]",C24H56N8,"[true, true, true]","[6.176537232220163, 0.0, 0.0, 0.0, 18.160186428944954, 0.0, -9.907046560945235, 0.0, 14.773518590704711]",1657.1022587849163,[],"{""cutoff=6.000_skin=0.000"": 3948, ""cutoff=6.000_skin=0.500"": 5204}",0.0,,
OPT-RFT-XATMOV88-R512-v1,fae3cd510f7c1880e11bf0b677e0d7ad0094c8e909e2ee11e6410c35bd33254a,OPT-RFT-XATMOV88-R512-v1:0311,XATMOV_C2_14_2397_z2_22,2084a28d3605518d62580f22a2bc258293843b5781bb234746d209bafa117f34,311,cross_family_test_set,XATMOV/structures/XATMOV_C2_14_2397_z2_22.cif,a9b900379b54f5f63720315a600d0a439418f3bfdfece6b637a03091422948ab,2084a28d3605518d62580f22a2bc258293843b5781bb234746d209bafa117f34,0,88,"[""C"", ""C"", ""N"", ""C"", ""H"", ""H"", ""H"", ""H"", ""H"", ""H"", ""H"", ""C"", ""C"", ""N"", ""C"", ""H"", ""H"", ""H"", ""H"", ""H"", ""H"", ""H"", ""C"", ""C"", ""N"", ""C"", ""H"", ""H"", ""H"", ""H"", ""H"", ""H"", ""H"", ""C"", ""C"", ""N"", ""C"", ""H"", ""H"", ""H"", ""H"", ""H"", ""H"", ""H"", ""C"", ""C"", ""N"", ""C"", ""H"", ""H"", ""H"", ""H"", ""H"", ""H"", ""H"", ""C"", ""C"", ""N"", ""C"", ""H"", ""H"", ""H"", ""H"", ""H"", ""H"", ""H"", ""C"", ""C"", ""N"", ""C"", ""H"", ""H"", ""H"", ""H"", ""H"", ""H"", ""H"", ""C"", ""C"", ""N"", ""C"", ""H"", ""H"", ""H"", ""H"", ""H"", ""H"", ""H""]",C24H56N8,"[true, true, true]","[8.157936287480759, 0.0, 0.0, 0.0, 30.37526070929472, 0.0, -4.18812684797229, 0.0, 6.668140755203569]",1652.361555529912,[],"{""cutoff=6.000_skin=0.000"": 3952, ""cutoff=6.000_skin=0.500"": 5064}",0.0,,
OPT-RFT-XATMOV88-R512-v1,fae3cd510f7c1880e11bf0b677e0d7ad0094c8e909e2ee11e6410c35bd33254a,OPT-RFT-XATMOV88-R512-v1:0312,XATMOV_C1_14_5925_z2_22,d881e29f183b7a708c9caef73015c2e3f095edab83e2f744d7b13e328f843edd,312,cross_family_test_set,XATMOV/structures/XATMOV_C1_14_5925_z2_22.cif,414a75f77f38b037472e5919c01c467e5c056dc48a096a84ec384d0e99231c81,d881e29f183b7a708c9caef73015c2e3f095edab83e2f744d7b13e328f843edd,0,88,"[""C"", ""C"", ""N"", ""C"", ""H"", ""H"", ""H"", ""H"", ""H"", ""H"", ""H"", ""C"", ""C"", ""N"", ""C"", ""H"", ""H"", ""H"", ""H"", ""H"", ""H"", ""H"", ""C"", ""C"", ""N"", ""C"", ""H"", ""H"", ""H"", ""H"", ""H"", ""H"", ""H"", ""C"", ""C"", ""N"", ""C"", ""H"", ""H"", ""H"", ""H"", ""H"", ""H"", ""H"", ""C"", ""C"", ""N"", ""C"", ""H"", ""H"", ""H"", ""H"", ""H"", ""H"", ""H"", ""C"", ""C"", ""N"", ""C"", ""H"", ""H"", ""H"", ""H"", ""H"", ""H"", ""H"", ""C"", ""C"", ""N"", ""C"", ""H"", ""H"", ""H"", ""H"", ""H"", ""H"", ""H"", ""C"", ""C"", ""N"", ""C"", ""H"", ""H"", ""H"", ""H"", ""H"", ""H"", ""H""]",C24H56N8,"[true, true, true]","[11.430899805394482, 0.0, 0.0, 0.0, 14.37308630389559, 0.0, -1.0022349771301262, 0.0, 11.441428545093599]",1879.7959260415964,[],"{""cutoff=6.000_skin=0.000"": 3960, ""cutoff=6.000_skin=0.500"": 4872}",0.0,,
OPT-RFT-XATMOV88-R512-v1,fae3cd510f7c1880e11bf0b677e0d7ad0094c8e909e2ee11e6410c35bd33254a,OPT-RFT-XATMOV88-R512-v1:0313,XATMOV_C1_14_1456_z2_22,992e6419cbec47c2d6539227fb505d01f69bad00117f8c2b60696742f5d5c627,313,cross_family_test_set,XATMOV/structures/XATMOV_C1_14_1456_z2_22.cif,65042ea6016db430f6b60ac39ca21b1d45dcd7f2adb066bb87e92ad51d0cb371,992e6419cbec47c2d6539227fb505d01f69bad00117f8c2b60696742f5d5c627,0,88,"[""C"", ""C"", ""N"", ""C"", ""H"", ""H"", ""H"", ""H"", ""H"", ""H"", ""H"", ""C"", ""C"", ""N"", ""C"", ""H"", ""H"", ""H"", ""H"", ""H"", ""H"", ""H"", ""C"", ""C"", ""N"", ""C"", ""H"", ""H"", ""H"", ""H"", ""H"", ""H"", ""H"", ""C"", ""C"", ""N"", ""C"", ""H"", ""H"", ""H"", ""H"", ""H"", ""H"", ""H"", ""C"", ""C"", ""N"", ""C"", ""H"", ""H"", ""H"", ""H"", ""H"", ""H"", ""H"", ""C"", ""C"", ""N"", ""C"", ""H"", ""H"", ""H"", ""H"", ""H"", ""H"", ""H"", ""C"", ""C"", ""N"", ""C"", ""H"", ""H"", ""H"", ""H"", ""H"", ""H"", ""H"", ""C"", ""C"", ""N"", ""C"", ""H"", ""H"", ""H"", ""H"", ""H"", ""H"", ""H""]",C24H56N8,"[true, true, true]","[14.560246575171263, 0.0, 0.0, 0.0, 8.660232520568343, 0.0, 0.5045521254943037, 0.0, 13.84267400207937]",1745.4936518409218,[],"{""cutoff=6.000_skin=0.000"": 3964, ""cutoff=6.000_skin=0.500"": 5120}",0.0,,
OPT-RFT-XATMOV88-R512-v1,fae3cd510f7c1880e11bf0b677e0d7ad0094c8e909e2ee11e6410c35bd33254a,OPT-RFT-XATMOV88-R512-v1:0314,XATMOV_C2_14_2062_z2_22,334376f393b29ddff9931cb33d6ec2d7b1c558e38b7c63f00a1963d9e1b50866,314,cross_family_test_set,XATMOV/structures/XATMOV_C2_14_2062_z2_22.cif,154e36f2d109e6f8f09e810b732f00dda7957d68037109baf5b0c3caf7f98fac,334376f393b29ddff9931cb33d6ec2d7b1c558e38b7c63f00a1963d9e1b50866,0,88,"[""C"", ""C"", ""N"", ""C"", ""H"", ""H"", ""H"", ""H"", ""H"", ""H"", ""H"", ""C"", ""C"", ""N"", ""C"", ""H"", ""H"", ""H"", ""H"", ""H"", ""H"", ""H"", ""C"", ""C"", ""N"", ""C"", ""H"", ""H"", ""H"", ""H"", ""H"", ""H"", ""H"", ""C"", ""C"", ""N"", ""C"", ""H"", ""H"", ""H"", ""H"", ""H"", ""H"", ""H"", ""C"", ""C"", ""N"", ""C"", ""H"", ""H"", ""H"", ""H"", ""H"", ""H"", ""H"", ""C"", ""C"", ""N"", ""C"", ""H"", ""H"", ""H"", ""H"", ""H"", ""H"", ""H"", ""C"", ""C"", ""N"", ""C"", ""H"", ""H"", ""H"", ""H"", ""H"", ""H"", ""H"", ""C"", ""C"", ""N"", ""C"", ""H"", ""H"", ""H"", ""H"", ""H"", ""H"", ""H""]",C24H56N8,"[true, true, true]","[11.942350702924408, 0.0, 0.0, 0.0, 12.827086286617181, 0.0, 3.1667561418709127, 0.0, 10.497323912583058]",1608.0384728228573,[],"{""cutoff=6.000_skin=0.000"": 3964, ""cutoff=6.000_skin=0.500"": 5388}",0.0,,
OPT-RFT-XATMOV88-R512-v1,fae3cd510f7c1880e11bf0b677e0d7ad0094c8e909e2ee11e6410c35bd33254a,OPT-RFT-XATMOV88-R512-v1:0315,XATMOV_C1_14_931_z2_22,1fcf2f7b2d90fd6cf89ee1bf0fa8d541a10418848f2108574904861404ee4ce0,315,cross_family_test_set,XATMOV/structures/XATMOV_C1_14_931_z2_22.cif,07c861147464feffa9a11f77b2cf7156b6bec1a34b9c57dc0ef9f355c2e6c057,1fcf2f7b2d90fd6cf89ee1bf0fa8d541a10418848f2108574904861404ee4ce0,0,88,"[""C"", ""C"", ""N"", ""C"", ""H"", ""H"", ""H"", ""H"", ""H"", ""H"", ""H"", ""C"", ""C"", ""N"", ""C"", ""H"", ""H"", ""H"", ""H"", ""H"", ""H"", ""H"", ""C"", ""C"", ""N"", ""C"", ""H"", ""H"", ""H"", ""H"", ""H"", ""H"", ""H"", ""C"", ""C"", ""N"", ""C"", ""H"", ""H"", ""H"", ""H"", ""H"", ""H"", ""H"", ""C"", ""C"", ""N"", ""C"", ""H"", ""H"", ""H"", ""H"", ""H"", ""H"", ""H"", ""C"", ""C"", ""N"", ""C"", ""H"", ""H"", ""H"", ""H"", ""H"", ""H"", ""H"", ""C"", ""C"", ""N"", ""C"", ""H"", ""H"", ""H"", ""H"", ""H"", ""H"", ""H"", ""C"", ""C"", ""N"", ""C"", ""H"", ""H"", ""H"", ""H"", ""H"", ""H"", ""H""]",C24H56N8,"[true, true, true]","[13.788629591576445, 0.0, 0.0, 0.0, 11.646436287157826, 0.0, -2.585395631076199, 0.0, 10.696395133536177]",1717.7169377496887,[],"{""cutoff=6.000_skin=0.000"": 3972, ""cutoff=6.000_skin=0.500"": 5216}",0.0,,
OPT-RFT-XATMOV88-R512-v1,fae3cd510f7c1880e11bf0b677e0d7ad0094c8e909e2ee11e6410c35bd33254a,OPT-RFT-XATMOV88-R512-v1:0316,XATMOV_C2_14_1313_z2_22,25cb8449dab159ce1d41f978ff8a8cab96f119337b6ef7fe0878dc150096e598,316,cross_family_test_set,XATMOV/structures/XATMOV_C2_14_1313_z2_22.cif,ffba21cd73d6b70a98412a0d321aab754e9643b74a684eaab6d4b5637b0e4481,25cb8449dab159ce1d41f978ff8a8cab96f119337b6ef7fe0878dc150096e598,0,88,"[""C"", ""C"", ""N"", ""C"", ""H"", ""H"", ""H"", ""H"", ""H"", ""H"", ""H"", ""C"", ""C"", ""N"", ""C"", ""H"", ""H"", ""H"", ""H"", ""H"", ""H"", ""H"", ""C"", ""C"", ""N"", ""C"", ""H"", ""H"", ""H"", ""H"", ""H"", ""H"", ""H"", ""C"", ""C"", ""N"", ""C"", ""H"", ""H"", ""H"", ""H"", ""H"", ""H"", ""H"", ""C"", ""C"", ""N"", ""C"", ""H"", ""H"", ""H"", ""H"", ""H"", ""H"", ""H"", ""C"", ""C"", ""N"", ""C"", ""H"", ""H"", ""H"", ""H"", ""H"", ""H"", ""H"", ""C"", ""C"", ""N"", ""C"", ""H"", ""H"", ""H"", ""H"", ""H"", ""H"", ""H"", ""C"", ""C"", ""N"", ""C"", ""H"", ""H"", ""H"", ""H"", ""H"", ""H"", ""H""]",C24H56N8,"[true, true, true]","[12.973097424285115, 0.0, 0.0, 0.0, 12.249459495893596, 0.0, -0.4319823752455272, 0.0, 10.412409094181656]",1654.6716586620537,[],"{""cutoff=6.000_skin=0.000"": 3976, ""cutoff=6.000_skin=0.500"": 5172}",0.0,,
OPT-RFT-XATMOV88-R512-v1,fae3cd510f7c1880e11bf0b677e0d7ad0094c8e909e2ee11e6410c35bd33254a,OPT-RFT-XATMOV88-R512-v1:0317,XATMOV_C2_14_3581_z2_22,ca8b8a059ab1d76e5b42c68dd2af15db0317dc283ad97a9a4491cfd3f2779d3d,317,cross_family_test_set,XATMOV/structures/XATMOV_C2_14_3581_z2_22.cif,1f97ea24b005d6b2ba102d7bf4171a352c77c0f9f0745fcb9e24e09340e1431c,ca8b8a059ab1d76e5b42c68dd2af15db0317dc283ad97a9a4491cfd3f2779d3d,0,88,"[""C"", ""C"", ""N"", ""C"", ""H"", ""H"", ""H"", ""H"", ""H"", ""H"", ""H"", ""C"", ""C"", ""N"", ""C"", ""H"", ""H"", ""H"", ""H"", ""H"", ""H"", ""H"", ""C"", ""C"", ""N"", ""C"", ""H"", ""H"", ""H"", ""H"", ""H"", ""H"", ""H"", ""C"", ""C"", ""N"", ""C"", ""H"", ""H"", ""H"", ""H"", ""H"", ""H"", ""H"", ""C"", ""C"", ""N"", ""C"", ""H"", ""H"", ""H"", ""H"", ""H"", ""H"", ""H"", ""C"", ""C"", ""N"", ""C"", ""H"", ""H"", ""H"", ""H"", ""H"", ""H"", ""H"", ""C"", ""C"", ""N"", ""C"", ""H"", ""H"", ""H"", ""H"", ""H"", ""H"", ""H"", ""C"", ""C"", ""N"", ""C"", ""H"", ""H"", ""H"", ""H"", ""H"", ""H"", ""H""]",C24H56N8,"[true, true, true]","[10.075380568024833, 0.0, 0.0, 0.0, 11.6338649837896, 0.0, 5.316968485553254, 0.0, 13.439737480702165]",1575.347123654585,[],"{""cutoff=6.000_skin=0.000"": 3980, ""cutoff=6.000_skin=0.500"": 5252}",0.0,,
OPT-RFT-XATMOV88-R512-v1,fae3cd510f7c1880e11bf0b677e0d7ad0094c8e909e2ee11e6410c35bd33254a,OPT-RFT-XATMOV88-R512-v1:0318,XATMOV_C2_14_1687_z2_22,d67e1e0ece2ad7052266dbed0293c36fe0fcaf5ec75f5d14391d5e8847a960fa,318,cross_family_test_set,XATMOV/structures/XATMOV_C2_14_1687_z2_22.cif,63878c6d66e4bdf34f5cf72cb0e12d8142c42e458bda550e17c07c15b5fc5d52,d67e1e0ece2ad7052266dbed0293c36fe0fcaf5ec75f5d14391d5e8847a960fa,0,88,"[""C"", ""C"", ""N"", ""C"", ""H"", ""H"", ""H"", ""H"", ""H"", ""H"", ""H"", ""C"", ""C"", ""N"", ""C"", ""H"", ""H"", ""H"", ""H"", ""H"", ""H"", ""H"", ""C"", ""C"", ""N"", ""C"", ""H"", ""H"", ""H"", ""H"", ""H"", ""H"", ""H"", ""C"", ""C"", ""N"", ""C"", ""H"", ""H"", ""H"", ""H"", ""H"", ""H"", ""H"", ""C"", ""C"", ""N"", ""C"", ""H"", ""H"", ""H"", ""H"", ""H"", ""H"", ""H"", ""C"", ""C"", ""N"", ""C"", ""H"", ""H"", ""H"", ""H"", ""H"", ""H"", ""H"", ""C"", ""C"", ""N"", ""C"", ""H"", ""H"", ""H"", ""H"", ""H"", ""H"", ""H"", ""C"", ""C"", ""N"", ""C"", ""H"", ""H"", ""H"", ""H"", ""H"", ""H"", ""H""]",C24H56N8,"[true, true, true]","[8.312002477363894, 0.0, 0.0, 0.0, 9.041977184317574, 0.0, 7.157619182746624, 0.0, 21.001187967067185]",1578.384955848362,[],"{""cutoff=6.000_skin=0.000"": 3984, ""cutoff=6.000_skin=0.500"": 5456}",0.0,,
OPT-RFT-XATMOV88-R512-v1,fae3cd510f7c1880e11bf0b677e0d7ad0094c8e909e2ee11e6410c35bd33254a,OPT-RFT-XATMOV88-R512-v1:0319,XATMOV_C2_14_3635_z2_22,74698cfedfda41d29b253e2821cbb79f19540c9b83cf6045ac7f34e1e1ce3ec5,319,cross_family_test_set,XATMOV/structures/XATMOV_C2_14_3635_z2_22.cif,1b13b565a7a4b43d1d671ae89bf7b143aa01cc1dc0ae6a40ebd82f98f058923e,74698cfedfda41d29b253e2821cbb79f19540c9b83cf6045ac7f34e1e1ce3ec5,0,88,"[""C"", ""C"", ""N"", ""C"", ""H"", ""H"", ""H"", ""H"", ""H"", ""H"", ""H"", ""C"", ""C"", ""N"", ""C"", ""H"", ""H"", ""H"", ""H"", ""H"", ""H"", ""H"", ""C"", ""C"", ""N"", ""C"", ""H"", ""H"", ""H"", ""H"", ""H"", ""H"", ""H"", ""C"", ""C"", ""N"", ""C"", ""H"", ""H"", ""H"", ""H"", ""H"", ""H"", ""H"", ""C"", ""C"", ""N"", ""C"", ""H"", ""H"", ""H"", ""H"", ""H"", ""H"", ""H"", ""C"", ""C"", ""N"", ""C"", ""H"", ""H"", ""H"", ""H"", ""H"", ""H"", ""H"", ""C"", ""C"", ""N"", ""C"", ""H"", ""H"", ""H"", ""H"", ""H"", ""H"", ""H"", ""C"", ""C"", ""N"", ""C"", ""H"", ""H"", ""H"", ""H"", ""H"", ""H"", ""H""]",C24H56N8,"[true, true, true]","[5.427190913978421, 0.0, 0.0, 0.0, 18.624827367889097, 0.0, -6.50989488855863, 0.0, 19.047853775023015]",1925.3664666557142,[],"{""cutoff=6.000_skin=0.000"": 3992, ""cutoff=6.000_skin=0.500"": 4972}",0.0,,
OPT-RFT-XATMOV88-R512-v1,fae3cd510f7c1880e11bf0b677e0d7ad0094c8e909e2ee11e6410c35bd33254a,OPT-RFT-XATMOV88-R512-v1:0320,XATMOV_C2_14_1444_z2_22,b96e335e4e3ba213202e059c4dbca2e28599ff8856aad6c0d47f499186174dd4,320,cross_family_test_set,XATMOV/structures/XATMOV_C2_14_1444_z2_22.cif,a235d7fc9b2604812606618d4873293e81df85d0683331a36ea5a807447f9ce8,b96e335e4e3ba213202e059c4dbca2e28599ff8856aad6c0d47f499186174dd4,0,88,"[""C"", ""C"", ""N"", ""C"", ""H"", ""H"", ""H"", ""H"", ""H"", ""H"", ""H"", ""C"", ""C"", ""N"", ""C"", ""H"", ""H"", ""H"", ""H"", ""H"", ""H"", ""H"", ""C"", ""C"", ""N"", ""C"", ""H"", ""H"", ""H"", ""H"", ""H"", ""H"", ""H"", ""C"", ""C"", ""N"", ""C"", ""H"", ""H"", ""H"", ""H"", ""H"", ""H"", ""H"", ""C"", ""C"", ""N"", ""C"", ""H"", ""H"", ""H"", ""H"", ""H"", ""H"", ""H"", ""C"", ""C"", ""N"", ""C"", ""H"", ""H"", ""H"", ""H"", ""H"", ""H"", ""H"", ""C"", ""C"", ""N"", ""C"", ""H"", ""H"", ""H"", ""H"", ""H"", ""H"", ""H"", ""C"", ""C"", ""N"", ""C"", ""H"", ""H"", ""H"", ""H"", ""H"", ""H"", ""H""]",C24H56N8,"[true, true, true]","[10.099372359023114, 0.0, 0.0, 0.0, 14.509113909138303, 0.0, -3.5459450829922567, 0.0, 11.537718951086495]",1690.6559245765789,[],"{""cutoff=6.000_skin=0.000"": 4000, ""cutoff=6.000_skin=0.500"": 5040}",0.0,,
OPT-RFT-XATMOV88-R512-v1,fae3cd510f7c1880e11bf0b677e0d7ad0094c8e909e2ee11e6410c35bd33254a,OPT-RFT-XATMOV88-R512-v1:0321,XATMOV_C2_14_4610_z2_22,83087fa0f159517fcb29fa56e742307f090d8f14e8e7338db9dc605d4fd8a07c,321,cross_family_test_set,XATMOV/structures/XATMOV_C2_14_4610_z2_22.cif,3bf604961f06cbd5aa23b2dcebaa9a43107e615cabe014e811454843966afccd,83087fa0f159517fcb29fa56e742307f090d8f14e8e7338db9dc605d4fd8a07c,0,88,"[""C"", ""C"", ""N"", ""C"", ""H"", ""H"", ""H"", ""H"", ""H"", ""H"", ""H"", ""C"", ""C"", ""N"", ""C"", ""H"", ""H"", ""H"", ""H"", ""H"", ""H"", ""H"", ""C"", ""C"", ""N"", ""C"", ""H"", ""H"", ""H"", ""H"", ""H"", ""H"", ""H"", ""C"", ""C"", ""N"", ""C"", ""H"", ""H"", ""H"", ""H"", ""H"", ""H"", ""H"", ""C"", ""C"", ""N"", ""C"", ""H"", ""H"", ""H"", ""H"", ""H"", ""H"", ""H"", ""C"", ""C"", ""N"", ""C"", ""H"", ""H"", ""H"", ""H"", ""H"", ""H"", ""H"", ""C"", ""C"", ""N"", ""C"", ""H"", ""H"", ""H"", ""H"", ""H"", ""H"", ""H"", ""C"", ""C"", ""N"", ""C"", ""H"", ""H"", ""H"", ""H"", ""H"", ""H"", ""H""]",C24H56N8,"[true, true, true]","[10.57685006272608, 0.0, 0.0, 0.0, 12.000533426862596, 0.0, 1.12864414634306, 0.0, 12.42349312319576]",1576.8871812815562,[],"{""cutoff=6.000_skin=0.000"": 4004, ""cutoff=6.000_skin=0.500"": 5364}",0.0,,
OPT-RFT-XATMOV88-R512-v1,fae3cd510f7c1880e11bf0b677e0d7ad0094c8e909e2ee11e6410c35bd33254a,OPT-RFT-XATMOV88-R512-v1:0322,XATMOV_C2_14_3117_z2_22,de298034a419d57dfb881a2f8957e119eacf108ec3ef685f81d92e6b32aac2f6,322,cross_family_test_set,XATMOV/structures/XATMOV_C2_14_3117_z2_22.cif,135ba17ed3435781e8e906eb61b97d0776b45fd9137eb8b5fd9eb91c9151c542,de298034a419d57dfb881a2f8957e119eacf108ec3ef685f81d92e6b32aac2f6,0,88,"[""C"", ""C"", ""N"", ""C"", ""H"", ""H"", ""H"", ""H"", ""H"", ""H"", ""H"", ""C"", ""C"", ""N"", ""C"", ""H"", ""H"", ""H"", ""H"", ""H"", ""H"", ""H"", ""C"", ""C"", ""N"", ""C"", ""H"", ""H"", ""H"", ""H"", ""H"", ""H"", ""H"", ""C"", ""C"", ""N"", ""C"", ""H"", ""H"", ""H"", ""H"", ""H"", ""H"", ""H"", ""C"", ""C"", ""N"", ""C"", ""H"", ""H"", ""H"", ""H"", ""H"", ""H"", ""H"", ""C"", ""C"", ""N"", ""C"", ""H"", ""H"", ""H"", ""H"", ""H"", ""H"", ""H"", ""C"", ""C"", ""N"", ""C"", ""H"", ""H"", ""H"", ""H"", ""H"", ""H"", ""H"", ""C"", ""C"", ""N"", ""C"", ""H"", ""H"", ""H"", ""H"", ""H"", ""H"", ""H""]",C24H56N8,"[true, true, true]","[14.771409264392318, 0.0, 0.0, 0.0, 10.75266125160632, 0.0, 0.6898246677704752, 0.0, 11.082557173326444]",1760.2642779712314,[],"{""cutoff=6.000_skin=0.000"": 4008, ""cutoff=6.000_skin=0.500"": 5040}",0.0,,
OPT-RFT-XATMOV88-R512-v1,fae3cd510f7c1880e11bf0b677e0d7ad0094c8e909e2ee11e6410c35bd33254a,OPT-RFT-XATMOV88-R512-v1:0323,XATMOV_C2_14_6198_z2_22,8a07748da4fedd60720ea7ea1636ec56df9a186b44b013ebb4b941e7d9e990a0,323,cross_family_test_set,XATMOV/structures/XATMOV_C2_14_6198_z2_22.cif,e3d39d6089d1ab01403ce7f326f7bf8afe683d21aa93177d720d13baf4c7ed00,8a07748da4fedd60720ea7ea1636ec56df9a186b44b013ebb4b941e7d9e990a0,0,88,"[""C"", ""C"", ""N"", ""C"", ""H"", ""H"", ""H"", ""H"", ""H"", ""H"", ""H"", ""C"", ""C"", ""N"", ""C"", ""H"", ""H"", ""H"", ""H"", ""H"", ""H"", ""H"", ""C"", ""C"", ""N"", ""C"", ""H"", ""H"", ""H"", ""H"", ""H"", ""H"", ""H"", ""C"", ""C"", ""N"", ""C"", ""H"", ""H"", ""H"", ""H"", ""H"", ""H"", ""H"", ""C"", ""C"", ""N"", ""C"", ""H"", ""H"", ""H"", ""H"", ""H"", ""H"", ""H"", ""C"", ""C"", ""N"", ""C"", ""H"", ""H"", ""H"", ""H"", ""H"", ""H"", ""H"", ""C"", ""C"", ""N"", ""C"", ""H"", ""H"", ""H"", ""H"", ""H"", ""H"", ""H"", ""C"", ""C"", ""N"", ""C"", ""H"", ""H"", ""H"", ""H"", ""H"", ""H"", ""H""]",C24H56N8,"[true, true, true]","[16.456980328295643, 0.0, 0.0, 0.0, 12.183503496517293, 0.0, 2.395756343893924, 0.0, 7.975202268418551]",1599.0573826026884,[],"{""cutoff=6.000_skin=0.000"": 4016, ""cutoff=6.000_skin=0.500"": 5220}",0.0,,
OPT-RFT-XATMOV88-R512-v1,fae3cd510f7c1880e11bf0b677e0d7ad0094c8e909e2ee11e6410c35bd33254a,OPT-RFT-XATMOV88-R512-v1:0324,XATMOV_C2_14_3928_z2_22,b6f8a6b0b6b3b756d9ccf7c71f96fcbe9a066142cc4931517e8d8aad86f63130,324,cross_family_test_set,XATMOV/structures/XATMOV_C2_14_3928_z2_22.cif,66f7c6b14f620f1aa830362fc965c51f72f0c98f1d46c7472e9bd23b8c21f452,b6f8a6b0b6b3b756d9ccf7c71f96fcbe9a066142cc4931517e8d8aad86f63130,0,88,"[""C"", ""C"", ""N"", ""C"", ""H"", ""H"", ""H"", ""H"", ""H"", ""H"", ""H"", ""C"", ""C"", ""N"", ""C"", ""H"", ""H"", ""H"", ""H"", ""H"", ""H"", ""H"", ""C"", ""C"", ""N"", ""C"", ""H"", ""H"", ""H"", ""H"", ""H"", ""H"", ""H"", ""C"", ""C"", ""N"", ""C"", ""H"", ""H"", ""H"", ""H"", ""H"", ""H"", ""H"", ""C"", ""C"", ""N"", ""C"", ""H"", ""H"", ""H"", ""H"", ""H"", ""H"", ""H"", ""C"", ""C"", ""N"", ""C"", ""H"", ""H"", ""H"", ""H"", ""H"", ""H"", ""H"", ""C"", ""C"", ""N"", ""C"", ""H"", ""H"", ""H"", ""H"", ""H"", ""H"", ""H"", ""C"", ""C"", ""N"", ""C"", ""H"", ""H"", ""H"", ""H"", ""H"", ""H"", ""H""]",C24H56N8,"[true, true, true]","[11.293518281903708, 0.0, 0.0, 0.0, 11.814742989595288, 0.0, -4.2031361138067345, 0.0, 12.17172290029057]",1624.0731807124334,[],"{""cutoff=6.000_skin=0.000"": 4024, ""cutoff=6.000_skin=0.500"": 5364}",0.0,,
OPT-RFT-XATMOV88-R512-v1,fae3cd510f7c1880e11bf0b677e0d7ad0094c8e909e2ee11e6410c35bd33254a,OPT-RFT-XATMOV88-R512-v1:0325,XATMOV_C1_14_5181_z2_22,a2a5e4e3c26d2ea22d2f39e04f1c98fb45f66df8cd8fee38f466846861f8de64,325,cross_family_test_set,XATMOV/structures/XATMOV_C1_14_5181_z2_22.cif,25b56e41061093dc987cf646b3f26e1b807896086e066d1618ac9e029c0578d3,a2a5e4e3c26d2ea22d2f39e04f1c98fb45f66df8cd8fee38f466846861f8de64,0,88,"[""C"", ""C"", ""N"", ""C"", ""H"", ""H"", ""H"", ""H"", ""H"", ""H"", ""H"", ""C"", ""C"", ""N"", ""C"", ""H"", ""H"", ""H"", ""H"", ""H"", ""H"", ""H"", ""C"", ""C"", ""N"", ""C"", ""H"", ""H"", ""H"", ""H"", ""H"", ""H"", ""H"", ""C"", ""C"", ""N"", ""C"", ""H"", ""H"", ""H"", ""H"", ""H"", ""H"", ""H"", ""C"", ""C"", ""N"", ""C"", ""H"", ""H"", ""H"", ""H"", ""H"", ""H"", ""H"", ""C"", ""C"", ""N"", ""C"", ""H"", ""H"", ""H"", ""H"", ""H"", ""H"", ""H"", ""C"", ""C"", ""N"", ""C"", ""H"", ""H"", ""H"", ""H"", ""H"", ""H"", ""H"", ""C"", ""C"", ""N"", ""C"", ""H"", ""H"", ""H"", ""H"", ""H"", ""H"", ""H""]",C24H56N8,"[true, true, true]","[13.896279946791324, 0.0, 0.0, 0.0, 9.026101174753439, 0.0, 4.819277691246526, 0.0, 12.794938461309526]",1604.8592631369336,[],"{""cutoff=6.000_skin=0.000"": 4028, ""cutoff=6.000_skin=0.500"": 5424}",0.0,,
OPT-RFT-XATMOV88-R512-v1,fae3cd510f7c1880e11bf0b677e0d7ad0094c8e909e2ee11e6410c35bd33254a,OPT-RFT-XATMOV88-R512-v1:0326,XATMOV_C1_14_1003_z2_22,ca448e1056e3995a46fae7b1801285ff4aff86154fd6476b15b4044ca5505e0b,326,cross_family_test_set,XATMOV/structures/XATMOV_C1_14_1003_z2_22.cif,dda1f8fbb2d41da5e04cae1cd90add30cef2028be1b391d36f9d03cb2a5a00aa,ca448e1056e3995a46fae7b1801285ff4aff86154fd6476b15b4044ca5505e0b,0,88,"[""C"", ""C"", ""N"", ""C"", ""H"", ""H"", ""H"", ""H"", ""H"", ""H"", ""H"", ""C"", ""C"", ""N"", ""C"", ""H"", ""H"", ""H"", ""H"", ""H"", ""H"", ""H"", ""C"", ""C"", ""N"", ""C"", ""H"", ""H"", ""H"", ""H"", ""H"", ""H"", ""H"", ""C"", ""C"", ""N"", ""C"", ""H"", ""H"", ""H"", ""H"", ""H"", ""H"", ""H"", ""C"", ""C"", ""N"", ""C"", ""H"", ""H"", ""H"", ""H"", ""H"", ""H"", ""H"", ""C"", ""C"", ""N"", ""C"", ""H"", ""H"", ""H"", ""H"", ""H"", ""H"", ""H"", ""C"", ""C"", ""N"", ""C"", ""H"", ""H"", ""H"", ""H"", ""H"", ""H"", ""H"", ""C"", ""C"", ""N"", ""C"", ""H"", ""H"", ""H"", ""H"", ""H"", ""H"", ""H""]",C24H56N8,"[true, true, true]","[10.596167756903903, 0.0, 0.0, 0.0, 12.68225827833539, 0.0, 3.856763212330663, 0.0, 11.448822666425244]",1538.5309860903467,[],"{""cutoff=6.000_skin=0.000"": 4036, ""cutoff=6.000_skin=0.500"": 5592}",0.0,,
OPT-RFT-XATMOV88-R512-v1,fae3cd510f7c1880e11bf0b677e0d7ad0094c8e909e2ee11e6410c35bd33254a,OPT-RFT-XATMOV88-R512-v1:0327,XATMOV_C2_14_1426_z2_22,d960e4ba5ed6172dfaa877471489e26c1ff76d406c90874236e32cdd5f363919,327,cross_family_test_set,XATMOV/structures/XATMOV_C2_14_1426_z2_22.cif,0a24c2327317edf3552a0a7f8ed1527ae400de8e21787be61c6f7e0e259b0813,d960e4ba5ed6172dfaa877471489e26c1ff76d406c90874236e32cdd5f363919,0,88,"[""C"", ""C"", ""N"", ""C"", ""H"", ""H"", ""H"", ""H"", ""H"", ""H"", ""H"", ""C"", ""C"", ""N"", ""C"", ""H"", ""H"", ""H"", ""H"", ""H"", ""H"", ""H"", ""C"", ""C"", ""N"", ""C"", ""H"", ""H"", ""H"", ""H"", ""H"", ""H"", ""H"", ""C"", ""C"", ""N"", ""C"", ""H"", ""H"", ""H"", ""H"", ""H"", ""H"", ""H"", ""C"", ""C"", ""N"", ""C"", ""H"", ""H"", ""H"", ""H"", ""H"", ""H"", ""H"", ""C"", ""C"", ""N"", ""C"", ""H"", ""H"", ""H"", ""H"", ""H"", ""H"", ""H"", ""C"", ""C"", ""N"", ""C"", ""H"", ""H"", ""H"", ""H"", ""H"", ""H"", ""H"", ""C"", ""C"", ""N"", ""C"", ""H"", ""H"", ""H"", ""H"", ""H"", ""H"", ""H""]",C24H56N8,"[true, true, true]","[11.090970914563936, 0.0, 0.0, 0.0, 11.301449823710293, 0.0, 1.345677224812479, 0.0, 13.555404878128458]",1699.0893642625492,[],"{""cutoff=6.000_skin=0.000"": 4040, ""cutoff=6.000_skin=0.500"": 5064}",0.0,,
OPT-RFT-XATMOV88-R512-v1,fae3cd510f7c1880e11bf0b677e0d7ad0094c8e909e2ee11e6410c35bd33254a,OPT-RFT-XATMOV88-R512-v1:0328,XATMOV_C2_14_311_z2_22,0e56c5202295ddd715902b57ebdc4aef350585c9427ba39c0d3ae689a3844185,328,cross_family_test_set,XATMOV/structures/XATMOV_C2_14_311_z2_22.cif,ff3a4469cd6c551dd049513e5d6df1cd0cced77990025ac0ea184ee0574bbd75,0e56c5202295ddd715902b57ebdc4aef350585c9427ba39c0d3ae689a3844185,0,88,"[""C"", ""C"", ""N"", ""C"", ""H"", ""H"", ""H"", ""H"", ""H"", ""H"", ""H"", ""C"", ""C"", ""N"", ""C"", ""H"", ""H"", ""H"", ""H"", ""H"", ""H"", ""H"", ""C"", ""C"", ""N"", ""C"", ""H"", ""H"", ""H"", ""H"", ""H"", ""H"", ""H"", ""C"", ""C"", ""N"", ""C"", ""H"", ""H"", ""H"", ""H"", ""H"", ""H"", ""H"", ""C"", ""C"", ""N"", ""C"", ""H"", ""H"", ""H"", ""H"", ""H"", ""H"", ""H"", ""C"", ""C"", ""N"", ""C"", ""H"", ""H"", ""H"", ""H"", ""H"", ""H"", ""H"", ""C"", ""C"", ""N"", ""C"", ""H"", ""H"", ""H"", ""H"", ""H"", ""H"", ""H"", ""C"", ""C"", ""N"", ""C"", ""H"", ""H"", ""H"", ""H"", ""H"", ""H"", ""H""]",C24H56N8,"[true, true, true]","[12.76836572359743, 0.0, 0.0, 0.0, 10.94656426202139, 0.0, -1.2648629737022723, 0.0, 11.226618936315424]",1569.1415639398529,[],"{""cutoff=6.000_skin=0.000"": 4044, ""cutoff=6.000_skin=0.500"": 5352}",0.0,,
OPT-RFT-XATMOV88-R512-v1,fae3cd510f7c1880e11bf0b677e0d7ad0094c8e909e2ee11e6410c35bd33254a,OPT-RFT-XATMOV88-R512-v1:0329,XATMOV_C2_14_6675_z2_22,4516686fb13f288bb0958d1e208439bbbe006820f2a30e53ecc4d4fa107da793,329,cross_family_test_set,XATMOV/structures/XATMOV_C2_14_6675_z2_22.cif,ceec98ff1d8d5f6633e5de29dfd9b7d884451cffc2352a0d42495962d47dd0f1,4516686fb13f288bb0958d1e208439bbbe006820f2a30e53ecc4d4fa107da793,0,88,"[""C"", ""C"", ""N"", ""C"", ""H"", ""H"", ""H"", ""H"", ""H"", ""H"", ""H"", ""C"", ""C"", ""N"", ""C"", ""H"", ""H"", ""H"", ""H"", ""H"", ""H"", ""H"", ""C"", ""C"", ""N"", ""C"", ""H"", ""H"", ""H"", ""H"", ""H"", ""H"", ""H"", ""C"", ""C"", ""N"", ""C"", ""H"", ""H"", ""H"", ""H"", ""H"", ""H"", ""H"", ""C"", ""C"", ""N"", ""C"", ""H"", ""H"", ""H"", ""H"", ""H"", ""H"", ""H"", ""C"", ""C"", ""N"", ""C"", ""H"", ""H"", ""H"", ""H"", ""H"", ""H"", ""H"", ""C"", ""C"", ""N"", ""C"", ""H"", ""H"", ""H"", ""H"", ""H"", ""H"", ""H"", ""C"", ""C"", ""N"", ""C"", ""H"", ""H"", ""H"", ""H"", ""H"", ""H"", ""H""]",C24H56N8,"[true, true, true]","[6.766029790887533, 0.0, 0.0, 0.0, 16.15593215350183, 0.0, 6.68853967694856, 0.0, 14.870048277276833]",1625.4675536421746,[],"{""cutoff=6.000_skin=0.000"": 4052, ""cutoff=6.000_skin=0.500"": 5188}",0.0,,
OPT-RFT-XATMOV88-R512-v1,fae3cd510f7c1880e11bf0b677e0d7ad0094c8e909e2ee11e6410c35bd33254a,OPT-RFT-XATMOV88-R512-v1:0330,XATMOV_C2_14_5543_z2_22,e56781cc68305147918e76ce3816474e139b3d39f39cb18d773244b7c7668072,330,cross_family_test_set,XATMOV/structures/XATMOV_C2_14_5543_z2_22.cif,f36cd4a3087509be44199e85025dc2432e8081ed0cb2e3b2b98eb28ae3953453,e56781cc68305147918e76ce3816474e139b3d39f39cb18d773244b7c7668072,0,88,"[""C"", ""C"", ""N"", ""C"", ""H"", ""H"", ""H"", ""H"", ""H"", ""H"", ""H"", ""C"", ""C"", ""N"", ""C"", ""H"", ""H"", ""H"", ""H"", ""H"", ""H"", ""H"", ""C"", ""C"", ""N"", ""C"", ""H"", ""H"", ""H"", ""H"", ""H"", ""H"", ""H"", ""C"", ""C"", ""N"", ""C"", ""H"", ""H"", ""H"", ""H"", ""H"", ""H"", ""H"", ""C"", ""C"", ""N"", ""C"", ""H"", ""H"", ""H"", ""H"", ""H"", ""H"", ""H"", ""C"", ""C"", ""N"", ""C"", ""H"", ""H"", ""H"", ""H"", ""H"", ""H"", ""H"", ""C"", ""C"", ""N"", ""C"", ""H"", ""H"", ""H"", ""H"", ""H"", ""H"", ""H"", ""C"", ""C"", ""N"", ""C"", ""H"", ""H"", ""H"", ""H"", ""H"", ""H"", ""H""]",C24H56N8,"[true, true, true]","[12.185103123228458, 0.0, 0.0, 0.0, 11.415735049003711, 0.0, 4.273995277329213, 0.0, 11.788605826027277]",1639.8175724860514,[],"{""cutoff=6.000_skin=0.000"": 4056, ""cutoff=6.000_skin=0.500"": 5292}",0.0,,
OPT-RFT-XATMOV88-R512-v1,fae3cd510f7c1880e11bf0b677e0d7ad0094c8e909e2ee11e6410c35bd33254a,OPT-RFT-XATMOV88-R512-v1:0331,XATMOV_C1_14_2425_z2_22,1f6b444ac1fb969bc65493db0d8c6393695dbdb270f79e65890623c904f46489,331,cross_family_test_set,XATMOV/structures/XATMOV_C1_14_2425_z2_22.cif,d65caf333e280271fac49d13f2076f053cd3f071ad89eacd2730f7ed1bcdd4c5,1f6b444ac1fb969bc65493db0d8c6393695dbdb270f79e65890623c904f46489,0,88,"[""C"", ""C"", ""N"", ""C"", ""H"", ""H"", ""H"", ""H"", ""H"", ""H"", ""H"", ""C"", ""C"", ""N"", ""C"", ""H"", ""H"", ""H"", ""H"", ""H"", ""H"", ""H"", ""C"", ""C"", ""N"", ""C"", ""H"", ""H"", ""H"", ""H"", ""H"", ""H"", ""H"", ""C"", ""C"", ""N"", ""C"", ""H"", ""H"", ""H"", ""H"", ""H"", ""H"", ""H"", ""C"", ""C"", ""N"", ""C"", ""H"", ""H"", ""H"", ""H"", ""H"", ""H"", ""H"", ""C"", ""C"", ""N"", ""C"", ""H"", ""H"", ""H"", ""H"", ""H"", ""H"", ""H"", ""C"", ""C"", ""N"", ""C"", ""H"", ""H"", ""H"", ""H"", ""H"", ""H"", ""H"", ""C"", ""C"", ""N"", ""C"", ""H"", ""H"", ""H"", ""H"", ""H"", ""H"", ""H""]",C24H56N8,"[true, true, true]","[10.192939528843233, 0.0, 0.0, 0.0, 6.33008284829673, 0.0, -17.96612713283105, 0.0, 29.293810714760234]",1890.0996983769464,[],"{""cutoff=6.000_skin=0.000"": 4064, ""cutoff=6.000_skin=0.500"": 5164}",0.0,,
OPT-RFT-XATMOV88-R512-v1,fae3cd510f7c1880e11bf0b677e0d7ad0094c8e909e2ee11e6410c35bd33254a,OPT-RFT-XATMOV88-R512-v1:0332,XATMOV_C1_14_6528_z2_22,7b936df6218dd76d4f9a95e3e11b615ed3f26bdb1ac93693daaf674a7bba9686,332,cross_family_test_set,XATMOV/structures/XATMOV_C1_14_6528_z2_22.cif,cf770587180d0c8f000422e6275d0c43392aa40487f679b3067af64e731e70a6,7b936df6218dd76d4f9a95e3e11b615ed3f26bdb1ac93693daaf674a7bba9686,0,88,"[""C"", ""C"", ""N"", ""C"", ""H"", ""H"", ""H"", ""H"", ""H"", ""H"", ""H"", ""C"", ""C"", ""N"", ""C"", ""H"", ""H"", ""H"", ""H"", ""H"", ""H"", ""H"", ""C"", ""C"", ""N"", ""C"", ""H"", ""H"", ""H"", ""H"", ""H"", ""H"", ""H"", ""C"", ""C"", ""N"", ""C"", ""H"", ""H"", ""H"", ""H"", ""H"", ""H"", ""H"", ""C"", ""C"", ""N"", ""C"", ""H"", ""H"", ""H"", ""H"", ""H"", ""H"", ""H"", ""C"", ""C"", ""N"", ""C"", ""H"", ""H"", ""H"", ""H"", ""H"", ""H"", ""H"", ""C"", ""C"", ""N"", ""C"", ""H"", ""H"", ""H"", ""H"", ""H"", ""H"", ""H"", ""C"", ""C"", ""N"", ""C"", ""H"", ""H"", ""H"", ""H"", ""H"", ""H"", ""H""]",C24H56N8,"[true, true, true]","[13.97450387243903, 0.0, 0.0, 0.0, 7.429391476622655, 0.0, -1.4473838436281323, 0.0, 15.756407391566867]",1635.8626729603213,[],"{""cutoff=6.000_skin=0.000"": 4072, ""cutoff=6.000_skin=0.500"": 5368}",0.0,,
OPT-RFT-XATMOV88-R512-v1,fae3cd510f7c1880e11bf0b677e0d7ad0094c8e909e2ee11e6410c35bd33254a,OPT-RFT-XATMOV88-R512-v1:0333,XATMOV_C2_14_5667_z2_22,25af3e54bc5c5803f47e1843a6ba05c61919766827c5862aa6efdca7c9ca7f43,333,cross_family_test_set,XATMOV/structures/XATMOV_C2_14_5667_z2_22.cif,8dcb654abf01dcc89fd68a4fdefdfb981b030b6498a2320787362f28db5dabfb,25af3e54bc5c5803f47e1843a6ba05c61919766827c5862aa6efdca7c9ca7f43,0,88,"[""C"", ""C"", ""N"", ""C"", ""H"", ""H"", ""H"", ""H"", ""H"", ""H"", ""H"", ""C"", ""C"", ""N"", ""C"", ""H"", ""H"", ""H"", ""H"", ""H"", ""H"", ""H"", ""C"", ""C"", ""N"", ""C"", ""H"", ""H"", ""H"", ""H"", ""H"", ""H"", ""H"", ""C"", ""C"", ""N"", ""C"", ""H"", ""H"", ""H"", ""H"", ""H"", ""H"", ""H"", ""C"", ""C"", ""N"", ""C"", ""H"", ""H"", ""H"", ""H"", ""H"", ""H"", ""H"", ""C"", ""C"", ""N"", ""C"", ""H"", ""H"", ""H"", ""H"", ""H"", ""H"", ""H"", ""C"", ""C"", ""N"", ""C"", ""H"", ""H"", ""H"", ""H"", ""H"", ""H"", ""H"", ""C"", ""C"", ""N"", ""C"", ""H"", ""H"", ""H"", ""H"", ""H"", ""H"", ""H""]",C24H56N8,"[true, true, true]","[11.297618977259624, 0.0, 0.0, 0.0, 10.387297029028048, 0.0, 3.1015007758579087, 0.0, 13.685065134105034]",1605.9659870537992,[],"{""cutoff=6.000_skin=0.000"": 4072, ""cutoff=6.000_skin=0.500"": 5232}",0.0,,
OPT-RFT-XATMOV88-R512-v1,fae3cd510f7c1880e11bf0b677e0d7ad0094c8e909e2ee11e6410c35bd33254a,OPT-RFT-XATMOV88-R512-v1:0334,XATMOV_C2_14_5304_z2_22,4a623c73f62530857c351a59bcf483112fe3309f75609ff7287ca51bb42c7ee2,334,cross_family_test_set,XATMOV/structures/XATMOV_C2_14_5304_z2_22.cif,aea9c7336891fe86d6e21539f8ee9ca56025ef9a61b4071a5daa99575e86f79f,4a623c73f62530857c351a59bcf483112fe3309f75609ff7287ca51bb42c7ee2,0,88,"[""C"", ""C"", ""N"", ""C"", ""H"", ""H"", ""H"", ""H"", ""H"", ""H"", ""H"", ""C"", ""C"", ""N"", ""C"", ""H"", ""H"", ""H"", ""H"", ""H"", ""H"", ""H"", ""C"", ""C"", ""N"", ""C"", ""H"", ""H"", ""H"", ""H"", ""H"", ""H"", ""H"", ""C"", ""C"", ""N"", ""C"", ""H"", ""H"", ""H"", ""H"", ""H"", ""H"", ""H"", ""C"", ""C"", ""N"", ""C"", ""H"", ""H"", ""H"", ""H"", ""H"", ""H"", ""H"", ""C"", ""C"", ""N"", ""C"", ""H"", ""H"", ""H"", ""H"", ""H"", ""H"", ""H"", ""C"", ""C"", ""N"", ""C"", ""H"", ""H"", ""H"", ""H"", ""H"", ""H"", ""H"", ""C"", ""C"", ""N"", ""C"", ""H"", ""H"", ""H"", ""H"", ""H"", ""H"", ""H""]",C24H56N8,"[true, true, true]","[13.587578396796317, 0.0, 0.0, 0.0, 13.757555765622207, 0.0, 7.110028149098925, 0.0, 9.179539276511846]",1715.9484198736159,[],"{""cutoff=6.000_skin=0.000"": 4080, ""cutoff=6.000_skin=0.500"": 5028}",0.0,,
OPT-RFT-XATMOV88-R512-v1,fae3cd510f7c1880e11bf0b677e0d7ad0094c8e909e2ee11e6410c35bd33254a,OPT-RFT-XATMOV88-R512-v1:0335,XATMOV_C2_14_7238_z2_22,ca244700df94181e538ad8ad278fcf7fb8cc1cb372603474ce639386e4abe5a0,335,cross_family_test_set,XATMOV/structures/XATMOV_C2_14_7238_z2_22.cif,ae97007d3e484b998b60fed79a252fe00e3b9df32530498779792d06cd27f1c9,ca244700df94181e538ad8ad278fcf7fb8cc1cb372603474ce639386e4abe5a0,0,88,"[""C"", ""C"", ""N"", ""C"", ""H"", ""H"", ""H"", ""H"", ""H"", ""H"", ""H"", ""C"", ""C"", ""N"", ""C"", ""H"", ""H"", ""H"", ""H"", ""H"", ""H"", ""H"", ""C"", ""C"", ""N"", ""C"", ""H"", ""H"", ""H"", ""H"", ""H"", ""H"", ""H"", ""C"", ""C"", ""N"", ""C"", ""H"", ""H"", ""H"", ""H"", ""H"", ""H"", ""H"", ""C"", ""C"", ""N"", ""C"", ""H"", ""H"", ""H"", ""H"", ""H"", ""H"", ""H"", ""C"", ""C"", ""N"", ""C"", ""H"", ""H"", ""H"", ""H"", ""H"", ""H"", ""H"", ""C"", ""C"", ""N"", ""C"", ""H"", ""H"", ""H"", ""H"", ""H"", ""H"", ""H"", ""C"", ""C"", ""N"", ""C"", ""H"", ""H"", ""H"", ""H"", ""H"", ""H"", ""H""]",C24H56N8,"[true, true, true]","[17.156412933845367, 0.0, 0.0, 0.0, 9.56983816040622, 0.0, 0.511644377685909, 0.0, 9.601808622157924]",1576.46426081654,[],"{""cutoff=6.000_skin=0.000"": 4088, ""cutoff=6.000_skin=0.500"": 5208}",0.0,,
OPT-RFT-XATMOV88-R512-v1,fae3cd510f7c1880e11bf0b677e0d7ad0094c8e909e2ee11e6410c35bd33254a,OPT-RFT-XATMOV88-R512-v1:0336,XATMOV_C2_14_560_z2_22,3b225b57143d203d70afb506075fd38fdd0ce16aa2fff939eb40baa3b26328d3,336,cross_family_test_set,XATMOV/structures/XATMOV_C2_14_560_z2_22.cif,eb99e845de349f181480ae33d10d48f177586fe667ed599592130ecf0e222de3,3b225b57143d203d70afb506075fd38fdd0ce16aa2fff939eb40baa3b26328d3,0,88,"[""C"", ""C"", ""N"", ""C"", ""H"", ""H"", ""H"", ""H"", ""H"", ""H"", ""H"", ""C"", ""C"", ""N"", ""C"", ""H"", ""H"", ""H"", ""H"", ""H"", ""H"", ""H"", ""C"", ""C"", ""N"", ""C"", ""H"", ""H"", ""H"", ""H"", ""H"", ""H"", ""H"", ""C"", ""C"", ""N"", ""C"", ""H"", ""H"", ""H"", ""H"", ""H"", ""H"", ""H"", ""C"", ""C"", ""N"", ""C"", ""H"", ""H"", ""H"", ""H"", ""H"", ""H"", ""H"", ""C"", ""C"", ""N"", ""C"", ""H"", ""H"", ""H"", ""H"", ""H"", ""H"", ""H"", ""C"", ""C"", ""N"", ""C"", ""H"", ""H"", ""H"", ""H"", ""H"", ""H"", ""H"", ""C"", ""C"", ""N"", ""C"", ""H"", ""H"", ""H"", ""H"", ""H"", ""H"", ""H""]",C24H56N8,"[true, true, true]","[12.466780066826217, 0.0, 0.0, 0.0, 14.523051869769787, 0.0, 2.4680555359415535, 0.0, 9.090138578307567]",1645.8213448477097,[],"{""cutoff=6.000_skin=0.000"": 4092, ""cutoff=6.000_skin=0.500"": 5140}",0.0,,
OPT-RFT-XATMOV88-R512-v1,fae3cd510f7c1880e11bf0b677e0d7ad0094c8e909e2ee11e6410c35bd33254a,OPT-RFT-XATMOV88-R512-v1:0337,XATMOV_C1_14_4130_z2_22,39c24f76e0669e0e3cf2907992ef0c37e72babef5d4fc4ee44464c526f792897,337,cross_family_test_set,XATMOV/structures/XATMOV_C1_14_4130_z2_22.cif,03cfdfcfd48e4c25fc9c14d1c84710081c6793d1067bbc9964cdcc24f96e2d29,39c24f76e0669e0e3cf2907992ef0c37e72babef5d4fc4ee44464c526f792897,0,88,"[""C"", ""C"", ""N"", ""C"", ""H"", ""H"", ""H"", ""H"", ""H"", ""H"", ""H"", ""C"", ""C"", ""N"", ""C"", ""H"", ""H"", ""H"", ""H"", ""H"", ""H"", ""H"", ""C"", ""C"", ""N"", ""C"", ""H"", ""H"", ""H"", ""H"", ""H"", ""H"", ""H"", ""C"", ""C"", ""N"", ""C"", ""H"", ""H"", ""H"", ""H"", ""H"", ""H"", ""H"", ""C"", ""C"", ""N"", ""C"", ""H"", ""H"", ""H"", ""H"", ""H"", ""H"", ""H"", ""C"", ""C"", ""N"", ""C"", ""H"", ""H"", ""H"", ""H"", ""H"", ""H"", ""H"", ""C"", ""C"", ""N"", ""C"", ""H"", ""H"", ""H"", ""H"", ""H"", ""H"", ""H"", ""C"", ""C"", ""N"", ""C"", ""H"", ""H"", ""H"", ""H"", ""H"", ""H"", ""H""]",C24H56N8,"[true, true, true]","[18.594441039144073, 0.0, 0.0, 0.0, 5.624074080194944, 0.0, -8.095147588070425, 0.0, 15.816110978374576]",1653.9937493202945,[],"{""cutoff=6.000_skin=0.000"": 4096, ""cutoff=6.000_skin=0.500"": 5312}",0.0,,
OPT-RFT-XATMOV88-R512-v1,fae3cd510f7c1880e11bf0b677e0d7ad0094c8e909e2ee11e6410c35bd33254a,OPT-RFT-XATMOV88-R512-v1:0338,XATMOV_C1_14_1766_z2_22,806a92ece7ed6598999199119fbc04e155d2f80d7be1fed93df974cd1ff21346,338,cross_family_test_set,XATMOV/structures/XATMOV_C1_14_1766_z2_22.cif,46e192fc4bc49f54be46288384a24edef04f63de7518b001fa57c99cc98fe30c,806a92ece7ed6598999199119fbc04e155d2f80d7be1fed93df974cd1ff21346,0,88,"[""C"", ""C"", ""N"", ""C"", ""H"", ""H"", ""H"", ""H"", ""H"", ""H"", ""H"", ""C"", ""C"", ""N"", ""C"", ""H"", ""H"", ""H"", ""H"", ""H"", ""H"", ""H"", ""C"", ""C"", ""N"", ""C"", ""H"", ""H"", ""H"", ""H"", ""H"", ""H"", ""H"", ""C"", ""C"", ""N"", ""C"", ""H"", ""H"", ""H"", ""H"", ""H"", ""H"", ""H"", ""C"", ""C"", ""N"", ""C"", ""H"", ""H"", ""H"", ""H"", ""H"", ""H"", ""H"", ""C"", ""C"", ""N"", ""C"", ""H"", ""H"", ""H"", ""H"", ""H"", ""H"", ""H"", ""C"", ""C"", ""N"", ""C"", ""H"", ""H"", ""H"", ""H"", ""H"", ""H"", ""H"", ""C"", ""C"", ""N"", ""C"", ""H"", ""H"", ""H"", ""H"", ""H"", ""H"", ""H""]",C24H56N8,"[true, true, true]","[15.209654986994067, 0.0, 0.0, 0.0, 10.133322271872146, 0.0, 2.001079526262329, 0.0, 10.732170855944238]",1654.0887030099873,[],"{""cutoff=6.000_skin=0.000"": 4100, ""cutoff=6.000_skin=0.500"": 5288}",0.0,,
OPT-RFT-XATMOV88-R512-v1,fae3cd510f7c1880e11bf0b677e0d7ad0094c8e909e2ee11e6410c35bd33254a,OPT-RFT-XATMOV88-R512-v1:0339,XATMOV_C2_14_874_z2_22,15b2dbc74d7dd81c2989f40e93fcbc409b651d3bd63c028d3688e0eba79ab388,339,cross_family_test_set,XATMOV/structures/XATMOV_C2_14_874_z2_22.cif,c5a32ec941d4f034e44e894c81bf7d46945e1a1b8754abd1706dda952027f40d,15b2dbc74d7dd81c2989f40e93fcbc409b651d3bd63c028d3688e0eba79ab388,0,88,"[""C"", ""C"", ""N"", ""C"", ""H"", ""H"", ""H"", ""H"", ""H"", ""H"", ""H"", ""C"", ""C"", ""N"", ""C"", ""H"", ""H"", ""H"", ""H"", ""H"", ""H"", ""H"", ""C"", ""C"", ""N"", ""C"", ""H"", ""H"", ""H"", ""H"", ""H"", ""H"", ""H"", ""C"", ""C"", ""N"", ""C"", ""H"", ""H"", ""H"", ""H"", ""H"", ""H"", ""H"", ""C"", ""C"", ""N"", ""C"", ""H"", ""H"", ""H"", ""H"", ""H"", ""H"", ""H"", ""C"", ""C"", ""N"", ""C"", ""H"", ""H"", ""H"", ""H"", ""H"", ""H"", ""H"", ""C"", ""C"", ""N"", ""C"", ""H"", ""H"", ""H"", ""H"", ""H"", ""H"", ""H"", ""C"", ""C"", ""N"", ""C"", ""H"", ""H"", ""H"", ""H"", ""H"", ""H"", ""H""]",C24H56N8,"[true, true, true]","[18.054516265331458, 0.0, 0.0, 0.0, 9.841905824130833, 0.0, 3.8907923960811175, 0.0, 9.379599038362262]",1666.6689143767164,[],"{""cutoff=6.000_skin=0.000"": 4112, ""cutoff=6.000_skin=0.500"": 5328}",0.0,,
OPT-RFT-XATMOV88-R512-v1,fae3cd510f7c1880e11bf0b677e0d7ad0094c8e909e2ee11e6410c35bd33254a,OPT-RFT-XATMOV88-R512-v1:0340,XATMOV_C2_14_6313_z2_22,2bcddc95377e227510e5080d2be888149633803a04591ebceff449bc078dde69,340,cross_family_test_set,XATMOV/structures/XATMOV_C2_14_6313_z2_22.cif,7d156f7978dd5e4d484d30396874994ff413b454d55d81335605811b430078a0,2bcddc95377e227510e5080d2be888149633803a04591ebceff449bc078dde69,0,88,"[""C"", ""C"", ""N"", ""C"", ""H"", ""H"", ""H"", ""H"", ""H"", ""H"", ""H"", ""C"", ""C"", ""N"", ""C"", ""H"", ""H"", ""H"", ""H"", ""H"", ""H"", ""H"", ""C"", ""C"", ""N"", ""C"", ""H"", ""H"", ""H"", ""H"", ""H"", ""H"", ""H"", ""C"", ""C"", ""N"", ""C"", ""H"", ""H"", ""H"", ""H"", ""H"", ""H"", ""H"", ""C"", ""C"", ""N"", ""C"", ""H"", ""H"", ""H"", ""H"", ""H"", ""H"", ""H"", ""C"", ""C"", ""N"", ""C"", ""H"", ""H"", ""H"", ""H"", ""H"", ""H"", ""H"", ""C"", ""C"", ""N"", ""C"", ""H"", ""H"", ""H"", ""H"", ""H"", ""H"", ""H"", ""C"", ""C"", ""N"", ""C"", ""H"", ""H"", ""H"", ""H"", ""H"", ""H"", ""H""]",C24H56N8,"[true, true, true]","[11.840476778138822, 0.0, 0.0, 0.0, 12.298662814139924, 0.0, 5.88090893191031, 0.0, 10.808125751048829]",1573.90122806703,[],"{""cutoff=6.000_skin=0.000"": 4116, ""cutoff=6.000_skin=0.500"": 5480}",0.0,,
OPT-RFT-XATMOV88-R512-v1,fae3cd510f7c1880e11bf0b677e0d7ad0094c8e909e2ee11e6410c35bd33254a,OPT-RFT-XATMOV88-R512-v1:0341,XATMOV_C2_14_3829_z2_22,1ccce463e6fca0df66936bc8f951a415eb32e98ff28c069944b3162fbbf6f00b,341,cross_family_test_set,XATMOV/structures/XATMOV_C2_14_3829_z2_22.cif,671d45251fc27205ae27f7345f9726d2fed99596f1ff3311d413ea780ce111fc,1ccce463e6fca0df66936bc8f951a415eb32e98ff28c069944b3162fbbf6f00b,0,88,"[""C"", ""C"", ""N"", ""C"", ""H"", ""H"", ""H"", ""H"", ""H"", ""H"", ""H"", ""C"", ""C"", ""N"", ""C"", ""H"", ""H"", ""H"", ""H"", ""H"", ""H"", ""H"", ""C"", ""C"", ""N"", ""C"", ""H"", ""H"", ""H"", ""H"", ""H"", ""H"", ""H"", ""C"", ""C"", ""N"", ""C"", ""H"", ""H"", ""H"", ""H"", ""H"", ""H"", ""H"", ""C"", ""C"", ""N"", ""C"", ""H"", ""H"", ""H"", ""H"", ""H"", ""H"", ""H"", ""C"", ""C"", ""N"", ""C"", ""H"", ""H"", ""H"", ""H"", ""H"", ""H"", ""H"", ""C"", ""C"", ""N"", ""C"", ""H"", ""H"", ""H"", ""H"", ""H"", ""H"", ""H"", ""C"", ""C"", ""N"", ""C"", ""H"", ""H"", ""H"", ""H"", ""H"", ""H"", ""H""]",C24H56N8,"[true, true, true]","[17.34617695482473, 0.0, 0.0, 0.0, 9.866276674520478, 0.0, -4.272843595634868, 0.0, 10.838179349421692]",1854.8696528124137,[],"{""cutoff=6.000_skin=0.000"": 4120, ""cutoff=6.000_skin=0.500"": 5432}",0.0,,
OPT-RFT-XATMOV88-R512-v1,fae3cd510f7c1880e11bf0b677e0d7ad0094c8e909e2ee11e6410c35bd33254a,OPT-RFT-XATMOV88-R512-v1:0342,XATMOV_C1_14_6230_z2_22,ca9437715d2f9283a62d60552ec3f8fe93a1378877bb4e205d5671440cda2c56,342,cross_family_test_set,XATMOV/structures/XATMOV_C1_14_6230_z2_22.cif,0f558e425e8347ec9a2d061af135cef282e884354bdd436842c002b35e9f3bae,ca9437715d2f9283a62d60552ec3f8fe93a1378877bb4e205d5671440cda2c56,0,88,"[""C"", ""C"", ""N"", ""C"", ""H"", ""H"", ""H"", ""H"", ""H"", ""H"", ""H"", ""C"", ""C"", ""N"", ""C"", ""H"", ""H"", ""H"", ""H"", ""H"", ""H"", ""H"", ""C"", ""C"", ""N"", ""C"", ""H"", ""H"", ""H"", ""H"", ""H"", ""H"", ""H"", ""C"", ""C"", ""N"", ""C"", ""H"", ""H"", ""H"", ""H"", ""H"", ""H"", ""H"", ""C"", ""C"", ""N"", ""C"", ""H"", ""H"", ""H"", ""H"", ""H"", ""H"", ""H"", ""C"", ""C"", ""N"", ""C"", ""H"", ""H"", ""H"", ""H"", ""H"", ""H"", ""H"", ""C"", ""C"", ""N"", ""C"", ""H"", ""H"", ""H"", ""H"", ""H"", ""H"", ""H"", ""C"", ""C"", ""N"", ""C"", ""H"", ""H"", ""H"", ""H"", ""H"", ""H"", ""H""]",C24H56N8,"[true, true, true]","[5.183818078733779, 0.0, 0.0, 0.0, 19.221316295409657, 0.0, 9.676454435038801, 0.0, 17.563059671711958]",1749.9798744242196,[],"{""cutoff=6.000_skin=0.000"": 4124, ""cutoff=6.000_skin=0.500"": 5272}",0.0,,
OPT-RFT-XATMOV88-R512-v1,fae3cd510f7c1880e11bf0b677e0d7ad0094c8e909e2ee11e6410c35bd33254a,OPT-RFT-XATMOV88-R512-v1:0343,XATMOV_C1_14_7041_z2_22,c622a36cfd33c8cf692a3242b4fa27d7eb841d845d2a496af53d555f9ca67a69,343,cross_family_test_set,XATMOV/structures/XATMOV_C1_14_7041_z2_22.cif,f7fdd1abc557f37a2a03cb535d94476805e83ed90c57dc89bb2dd3ce95faac14,c622a36cfd33c8cf692a3242b4fa27d7eb841d845d2a496af53d555f9ca67a69,0,88,"[""C"", ""C"", ""N"", ""C"", ""H"", ""H"", ""H"", ""H"", ""H"", ""H"", ""H"", ""C"", ""C"", ""N"", ""C"", ""H"", ""H"", ""H"", ""H"", ""H"", ""H"", ""H"", ""C"", ""C"", ""N"", ""C"", ""H"", ""H"", ""H"", ""H"", ""H"", ""H"", ""H"", ""C"", ""C"", ""N"", ""C"", ""H"", ""H"", ""H"", ""H"", ""H"", ""H"", ""H"", ""C"", ""C"", ""N"", ""C"", ""H"", ""H"", ""H"", ""H"", ""H"", ""H"", ""H"", ""C"", ""C"", ""N"", ""C"", ""H"", ""H"", ""H"", ""H"", ""H"", ""H"", ""H"", ""C"", ""C"", ""N"", ""C"", ""H"", ""H"", ""H"", ""H"", ""H"", ""H"", ""H"", ""C"", ""C"", ""N"", ""C"", ""H"", ""H"", ""H"", ""H"", ""H"", ""H"", ""H""]",C24H56N8,"[true, true, true]","[6.819290560467767, 0.0, 0.0, 0.0, 13.493643877469893, 0.0, -11.366808172234233, 0.0, 16.60537238650419]",1527.9778514207926,[],"{""cutoff=6.000_skin=0.000"": 4128, ""cutoff=6.000_skin=0.500"": 5488}",0.0,,
OPT-RFT-XATMOV88-R512-v1,fae3cd510f7c1880e11bf0b677e0d7ad0094c8e909e2ee11e6410c35bd33254a,OPT-RFT-XATMOV88-R512-v1:0344,XATMOV_C1_14_2784_z2_22,762f9075acfb5009e901cc90128511887fc89c65cf694902f8d0351b452baf1d,344,cross_family_test_set,XATMOV/structures/XATMOV_C1_14_2784_z2_22.cif,2fb2b3d491614a085bc3da9c2b11b2a2bbd8e3d2695c94feea717cd770a6fdda,762f9075acfb5009e901cc90128511887fc89c65cf694902f8d0351b452baf1d,0,88,"[""C"", ""C"", ""N"", ""C"", ""H"", ""H"", ""H"", ""H"", ""H"", ""H"", ""H"", ""C"", ""C"", ""N"", ""C"", ""H"", ""H"", ""H"", ""H"", ""H"", ""H"", ""H"", ""C"", ""C"", ""N"", ""C"", ""H"", ""H"", ""H"", ""H"", ""H"", ""H"", ""H"", ""C"", ""C"", ""N"", ""C"", ""H"", ""H"", ""H"", ""H"", ""H"", ""H"", ""H"", ""C"", ""C"", ""N"", ""C"", ""H"", ""H"", ""H"", ""H"", ""H"", ""H"", ""H"", ""C"", ""C"", ""N"", ""C"", ""H"", ""H"", ""H"", ""H"", ""H"", ""H"", ""H"", ""C"", ""C"", ""N"", ""C"", ""H"", ""H"", ""H"", ""H"", ""H"", ""H"", ""H"", ""C"", ""C"", ""N"", ""C"", ""H"", ""H"", ""H"", ""H"", ""H"", ""H"", ""H""]",C24H56N8,"[true, true, true]","[19.06436494029306, 0.0, 0.0, 0.0, 5.1887956201439565, 0.0, 6.379392644347593, 0.0, 16.942489244375757]",1675.969559328285,[],"{""cutoff=6.000_skin=0.000"": 4136, ""cutoff=6.000_skin=0.500"": 5100}",0.0,,
OPT-RFT-XATMOV88-R512-v1,fae3cd510f7c1880e11bf0b677e0d7ad0094c8e909e2ee11e6410c35bd33254a,OPT-RFT-XATMOV88-R512-v1:0345,XATMOV_C1_14_2710_z2_22,06968469ed5c53725e81837f2cea092cc45fd6960e5eb2af6727c86f975abc01,345,cross_family_test_set,XATMOV/structures/XATMOV_C1_14_2710_z2_22.cif,c7a59963b5b57199294995c78aea913f872e8add7ff2ec2c2c0559832faf801e,06968469ed5c53725e81837f2cea092cc45fd6960e5eb2af6727c86f975abc01,0,88,"[""C"", ""C"", ""N"", ""C"", ""H"", ""H"", ""H"", ""H"", ""H"", ""H"", ""H"", ""C"", ""C"", ""N"", ""C"", ""H"", ""H"", ""H"", ""H"", ""H"", ""H"", ""H"", ""C"", ""C"", ""N"", ""C"", ""H"", ""H"", ""H"", ""H"", ""H"", ""H"", ""H"", ""C"", ""C"", ""N"", ""C"", ""H"", ""H"", ""H"", ""H"", ""H"", ""H"", ""H"", ""C"", ""C"", ""N"", ""C"", ""H"", ""H"", ""H"", ""H"", ""H"", ""H"", ""H"", ""C"", ""C"", ""N"", ""C"", ""H"", ""H"", ""H"", ""H"", ""H"", ""H"", ""H"", ""C"", ""C"", ""N"", ""C"", ""H"", ""H"", ""H"", ""H"", ""H"", ""H"", ""H"", ""C"", ""C"", ""N"", ""C"", ""H"", ""H"", ""H"", ""H"", ""H"", ""H"", ""H""]",C24H56N8,"[true, true, true]","[11.094285475067114, 0.0, 0.0, 0.0, 11.440135348019027, 0.0, 0.9451942014095304, 0.0, 12.2468891016482]",1554.3767253328197,[],"{""cutoff=6.000_skin=0.000"": 4140, ""cutoff=6.000_skin=0.500"": 5528}",0.0,,
OPT-RFT-XATMOV88-R512-v1,fae3cd510f7c1880e11bf0b677e0d7ad0094c8e909e2ee11e6410c35bd33254a,OPT-RFT-XATMOV88-R512-v1:0346,XATMOV_C2_14_3334_z2_22,c85d4a2a2b0579b8b98b64ebdaf64fc54d63b8ddfe47425b0ea9c856289d7943,346,cross_family_test_set,XATMOV/structures/XATMOV_C2_14_3334_z2_22.cif,d0ae142c4974bb22bcb85c2ef486086c0ffb2138300b12cf71cc2fc320291ac6,c85d4a2a2b0579b8b98b64ebdaf64fc54d63b8ddfe47425b0ea9c856289d7943,0,88,"[""C"", ""C"", ""N"", ""C"", ""H"", ""H"", ""H"", ""H"", ""H"", ""H"", ""H"", ""C"", ""C"", ""N"", ""C"", ""H"", ""H"", ""H"", ""H"", ""H"", ""H"", ""H"", ""C"", ""C"", ""N"", ""C"", ""H"", ""H"", ""H"", ""H"", ""H"", ""H"", ""H"", ""C"", ""C"", ""N"", ""C"", ""H"", ""H"", ""H"", ""H"", ""H"", ""H"", ""H"", ""C"", ""C"", ""N"", ""C"", ""H"", ""H"", ""H"", ""H"", ""H"", ""H"", ""H"", ""C"", ""C"", ""N"", ""C"", ""H"", ""H"", ""H"", ""H"", ""H"", ""H"", ""H"", ""C"", ""C"", ""N"", ""C"", ""H"", ""H"", ""H"", ""H"", ""H"", ""H"", ""H"", ""C"", ""C"", ""N"", ""C"", ""H"", ""H"", ""H"", ""H"", ""H"", ""H"", ""H""]",C24H56N8,"[true, true, true]","[14.09501309839549, 0.0, 0.0, 0.0, 8.6048590798882, 0.0, -7.73631873765481, 0.0, 12.552352072233795]",1522.4195705784468,[],"{""cutoff=6.000_skin=0.000"": 4144, ""cutoff=6.000_skin=0.500"": 5296}",0.0,,
OPT-RFT-XATMOV88-R512-v1,fae3cd510f7c1880e11bf0b677e0d7ad0094c8e909e2ee11e6410c35bd33254a,OPT-RFT-XATMOV88-R512-v1:0347,XATMOV_C2_14_6679_z2_22,a3ec8bf4ea124811bfe832fe36cd0138ce12c9d98c620f6e3aa5c932db814622,347,cross_family_test_set,XATMOV/structures/XATMOV_C2_14_6679_z2_22.cif,a24241071f3bebc378ecf5bbf49851098be11ea72f68748cc6a83da0a54debbb,a3ec8bf4ea124811bfe832fe36cd0138ce12c9d98c620f6e3aa5c932db814622,0,88,"[""C"", ""C"", ""N"", ""C"", ""H"", ""H"", ""H"", ""H"", ""H"", ""H"", ""H"", ""C"", ""C"", ""N"", ""C"", ""H"", ""H"", ""H"", ""H"", ""H"", ""H"", ""H"", ""C"", ""C"", ""N"", ""C"", ""H"", ""H"", ""H"", ""H"", ""H"", ""H"", ""H"", ""C"", ""C"", ""N"", ""C"", ""H"", ""H"", ""H"", ""H"", ""H"", ""H"", ""H"", ""C"", ""C"", ""N"", ""C"", ""H"", ""H"", ""H"", ""H"", ""H"", ""H"", ""H"", ""C"", ""C"", ""N"", ""C"", ""H"", ""H"", ""H"", ""H"", ""H"", ""H"", ""H"", ""C"", ""C"", ""N"", ""C"", ""H"", ""H"", ""H"", ""H"", ""H"", ""H"", ""H"", ""C"", ""C"", ""N"", ""C"", ""H"", ""H"", ""H"", ""H"", ""H"", ""H"", ""H""]",C24H56N8,"[true, true, true]","[13.205804562738553, 0.0, 0.0, 0.0, 14.860498315522335, 0.0, -6.132904166887534, 0.0, 8.50637663536955]",1669.3324916726535,[],"{""cutoff=6.000_skin=0.000"": 4148, ""cutoff=6.000_skin=0.500"": 5380}",0.0,,
OPT-RFT-XATMOV88-R512-v1,fae3cd510f7c1880e11bf0b677e0d7ad0094c8e909e2ee11e6410c35bd33254a,OPT-RFT-XATMOV88-R512-v1:0348,XATMOV_C2_14_4475_z2_22,7cef150224c74f520bbccd440d64ba0203601694fa5fd75abf6d5f678aa5e9f9,348,cross_family_test_set,XATMOV/structures/XATMOV_C2_14_4475_z2_22.cif,1078a067803d26831becc7568fc618a9a7dc334b5e8431ee81df82650ef621f3,7cef150224c74f520bbccd440d64ba0203601694fa5fd75abf6d5f678aa5e9f9,0,88,"[""C"", ""C"", ""N"", ""C"", ""H"", ""H"", ""H"", ""H"", ""H"", ""H"", ""H"", ""C"", ""C"", ""N"", ""C"", ""H"", ""H"", ""H"", ""H"", ""H"", ""H"", ""H"", ""C"", ""C"", ""N"", ""C"", ""H"", ""H"", ""H"", ""H"", ""H"", ""H"", ""H"", ""C"", ""C"", ""N"", ""C"", ""H"", ""H"", ""H"", ""H"", ""H"", ""H"", ""H"", ""C"", ""C"", ""N"", ""C"", ""H"", ""H"", ""H"", ""H"", ""H"", ""H"", ""H"", ""C"", ""C"", ""N"", ""C"", ""H"", ""H"", ""H"", ""H"", ""H"", ""H"", ""H"", ""C"", ""C"", ""N"", ""C"", ""H"", ""H"", ""H"", ""H"", ""H"", ""H"", ""H"", ""C"", ""C"", ""N"", ""C"", ""H"", ""H"", ""H"", ""H"", ""H"", ""H"", ""H""]",C24H56N8,"[true, true, true]","[12.361978795385937, 0.0, 0.0, 0.0, 9.864117385032621, 0.0, -2.649049528352251, 0.0, 12.764676916882184]",1556.5248302400148,[],"{""cutoff=6.000_skin=0.000"": 4156, ""cutoff=6.000_skin=0.500"": 5436}",0.0,,
OPT-RFT-XATMOV88-R512-v1,fae3cd510f7c1880e11bf0b677e0d7ad0094c8e909e2ee11e6410c35bd33254a,OPT-RFT-XATMOV88-R512-v1:0349,XATMOV_C2_14_3026_z2_22,363f22a60e150da46ca087ff00abea1661fbe3b32889dd80f2d715a08f64cba5,349,cross_family_test_set,XATMOV/structures/XATMOV_C2_14_3026_z2_22.cif,dc3afed247e07a6c485eb1d5328aa84d154f00cdf209e8a8057b1aaf708f59ef,363f22a60e150da46ca087ff00abea1661fbe3b32889dd80f2d715a08f64cba5,0,88,"[""C"", ""C"", ""N"", ""C"", ""H"", ""H"", ""H"", ""H"", ""H"", ""H"", ""H"", ""C"", ""C"", ""N"", ""C"", ""H"", ""H"", ""H"", ""H"", ""H"", ""H"", ""H"", ""C"", ""C"", ""N"", ""C"", ""H"", ""H"", ""H"", ""H"", ""H"", ""H"", ""H"", ""C"", ""C"", ""N"", ""C"", ""H"", ""H"", ""H"", ""H"", ""H"", ""H"", ""H"", ""C"", ""C"", ""N"", ""C"", ""H"", ""H"", ""H"", ""H"", ""H"", ""H"", ""H"", ""C"", ""C"", ""N"", ""C"", ""H"", ""H"", ""H"", ""H"", ""H"", ""H"", ""H"", ""C"", ""C"", ""N"", ""C"", ""H"", ""H"", ""H"", ""H"", ""H"", ""H"", ""H"", ""C"", ""C"", ""N"", ""C"", ""H"", ""H"", ""H"", ""H"", ""H"", ""H"", ""H""]",C24H56N8,"[true, true, true]","[13.524715984754074, 0.0, 0.0, 0.0, 10.986941133466146, 0.0, -2.3481780667066876, 0.0, 11.624869967255199]",1727.400556317536,[],"{""cutoff=6.000_skin=0.000"": 4160, ""cutoff=6.000_skin=0.500"": 5312}",0.0,,
OPT-RFT-XATMOV88-R512-v1,fae3cd510f7c1880e11bf0b677e0d7ad0094c8e909e2ee11e6410c35bd33254a,OPT-RFT-XATMOV88-R512-v1:0350,XATMOV_C1_14_4111_z2_22,6cdb96b83ca3c2ab34b908fa59b215c847e2e16d1f0e0321d0ca6d317dc465a4,350,cross_family_test_set,XATMOV/structures/XATMOV_C1_14_4111_z2_22.cif,eaec95bec574b160f2611b755f74a9e6206d711f1ec43622918da09cdbf115ae,6cdb96b83ca3c2ab34b908fa59b215c847e2e16d1f0e0321d0ca6d317dc465a4,0,88,"[""C"", ""C"", ""N"", ""C"", ""H"", ""H"", ""H"", ""H"", ""H"", ""H"", ""H"", ""C"", ""C"", ""N"", ""C"", ""H"", ""H"", ""H"", ""H"", ""H"", ""H"", ""H"", ""C"", ""C"", ""N"", ""C"", ""H"", ""H"", ""H"", ""H"", ""H"", ""H"", ""H"", ""C"", ""C"", ""N"", ""C"", ""H"", ""H"", ""H"", ""H"", ""H"", ""H"", ""H"", ""C"", ""C"", ""N"", ""C"", ""H"", ""H"", ""H"", ""H"", ""H"", ""H"", ""H"", ""C"", ""C"", ""N"", ""C"", ""H"", ""H"", ""H"", ""H"", ""H"", ""H"", ""H"", ""C"", ""C"", ""N"", ""C"", ""H"", ""H"", ""H"", ""H"", ""H"", ""H"", ""H"", ""C"", ""C"", ""N"", ""C"", ""H"", ""H"", ""H"", ""H"", ""H"", ""H"", ""H""]",C24H56N8,"[true, true, true]","[11.01171798887762, 0.0, 0.0, 0.0, 16.137737714297145, 0.0, -3.966402892444077, 0.0, 9.572756039894085]",1701.1191136177124,[],"{""cutoff=6.000_skin=0.000"": 4172, ""cutoff=6.000_skin=0.500"": 5256}",0.0,,
OPT-RFT-XATMOV88-R512-v1,fae3cd510f7c1880e11bf0b677e0d7ad0094c8e909e2ee11e6410c35bd33254a,OPT-RFT-XATMOV88-R512-v1:0351,XATMOV_C2_14_5615_z2_22,df197a72aa0f1fcda4a5f8863f0cebbf0636edf789ba5b2ec0e461f71e6d67c8,351,cross_family_test_set,XATMOV/structures/XATMOV_C2_14_5615_z2_22.cif,822a2bd260f0f7d3304e8b1253a6bc9750e9bd3a398c65b99f0d9aef02a6f410,df197a72aa0f1fcda4a5f8863f0cebbf0636edf789ba5b2ec0e461f71e6d67c8,0,88,"[""C"", ""C"", ""N"", ""C"", ""H"", ""H"", ""H"", ""H"", ""H"", ""H"", ""H"", ""C"", ""C"", ""N"", ""C"", ""H"", ""H"", ""H"", ""H"", ""H"", ""H"", ""H"", ""C"", ""C"", ""N"", ""C"", ""H"", ""H"", ""H"", ""H"", ""H"", ""H"", ""H"", ""C"", ""C"", ""N"", ""C"", ""H"", ""H"", ""H"", ""H"", ""H"", ""H"", ""H"", ""C"", ""C"", ""N"", ""C"", ""H"", ""H"", ""H"", ""H"", ""H"", ""H"", ""H"", ""C"", ""C"", ""N"", ""C"", ""H"", ""H"", ""H"", ""H"", ""H"", ""H"", ""H"", ""C"", ""C"", ""N"", ""C"", ""H"", ""H"", ""H"", ""H"", ""H"", ""H"", ""H"", ""C"", ""C"", ""N"", ""C"", ""H"", ""H"", ""H"", ""H"", ""H"", ""H"", ""H""]",C24H56N8,"[true, true, true]","[10.560539068581171, 0.0, 0.0, 0.0, 14.307239111914996, 0.0, -2.4373215051604604, 0.0, 10.181549089472608]",1538.3522196887318,[],"{""cutoff=6.000_skin=0.000"": 4176, ""cutoff=6.000_skin=0.500"": 5352}",0.0,,
OPT-RFT-XATMOV88-R512-v1,fae3cd510f7c1880e11bf0b677e0d7ad0094c8e909e2ee11e6410c35bd33254a,OPT-RFT-XATMOV88-R512-v1:0352,XATMOV_C2_14_6715_z2_22,c8b7a3a54f61c9f167fcad370fd2b9335864159920d03cb81822f7d28a2c0c76,352,cross_family_test_set,XATMOV/structures/XATMOV_C2_14_6715_z2_22.cif,0785086d8c3340f2abc69301d20a5e6c9f05bdd0f9a37d9c2b4911d623ef600a,c8b7a3a54f61c9f167fcad370fd2b9335864159920d03cb81822f7d28a2c0c76,0,88,"[""C"", ""C"", ""N"", ""C"", ""H"", ""H"", ""H"", ""H"", ""H"", ""H"", ""H"", ""C"", ""C"", ""N"", ""C"", ""H"", ""H"", ""H"", ""H"", ""H"", ""H"", ""H"", ""C"", ""C"", ""N"", ""C"", ""H"", ""H"", ""H"", ""H"", ""H"", ""H"", ""H"", ""C"", ""C"", ""N"", ""C"", ""H"", ""H"", ""H"", ""H"", ""H"", ""H"", ""H"", ""C"", ""C"", ""N"", ""C"", ""H"", ""H"", ""H"", ""H"", ""H"", ""H"", ""H"", ""C"", ""C"", ""N"", ""C"", ""H"", ""H"", ""H"", ""H"", ""H"", ""H"", ""H"", ""C"", ""C"", ""N"", ""C"", ""H"", ""H"", ""H"", ""H"", ""H"", ""H"", ""H"", ""C"", ""C"", ""N"", ""C"", ""H"", ""H"", ""H"", ""H"", ""H"", ""H"", ""H""]",C24H56N8,"[true, true, true]","[12.864721246263024, 0.0, 0.0, 0.0, 11.111204758971397, 0.0, -3.868169327444524, 0.0, 10.876549668567582]",1554.7217658654135,[],"{""cutoff=6.000_skin=0.000"": 4184, ""cutoff=6.000_skin=0.500"": 5532}",0.0,,
OPT-RFT-XATMOV88-R512-v1,fae3cd510f7c1880e11bf0b677e0d7ad0094c8e909e2ee11e6410c35bd33254a,OPT-RFT-XATMOV88-R512-v1:0353,XATMOV_C1_14_5012_z2_22,677887aa210fc3784a61af8ef427bd793ee5c49d84c9d8edc7bda1381027ad86,353,cross_family_test_set,XATMOV/structures/XATMOV_C1_14_5012_z2_22.cif,6854b8bf146b3bfed8b6cba0049d752dd415c82fcdb018fd6135dad83a59fad6,677887aa210fc3784a61af8ef427bd793ee5c49d84c9d8edc7bda1381027ad86,0,88,"[""C"", ""C"", ""N"", ""C"", ""H"", ""H"", ""H"", ""H"", ""H"", ""H"", ""H"", ""C"", ""C"", ""N"", ""C"", ""H"", ""H"", ""H"", ""H"", ""H"", ""H"", ""H"", ""C"", ""C"", ""N"", ""C"", ""H"", ""H"", ""H"", ""H"", ""H"", ""H"", ""H"", ""C"", ""C"", ""N"", ""C"", ""H"", ""H"", ""H"", ""H"", ""H"", ""H"", ""H"", ""C"", ""C"", ""N"", ""C"", ""H"", ""H"", ""H"", ""H"", ""H"", ""H"", ""H"", ""C"", ""C"", ""N"", ""C"", ""H"", ""H"", ""H"", ""H"", ""H"", ""H"", ""H"", ""C"", ""C"", ""N"", ""C"", ""H"", ""H"", ""H"", ""H"", ""H"", ""H"", ""H"", ""C"", ""C"", ""N"", ""C"", ""H"", ""H"", ""H"", ""H"", ""H"", ""H"", ""H""]",C24H56N8,"[true, true, true]","[11.81561045020911, 0.0, 0.0, 0.0, 12.702516252839999, 0.0, -1.7391233497140717, 0.0, 10.439349158278139]",1566.8208671519233,[],"{""cutoff=6.000_skin=0.000"": 4192, ""cutoff=6.000_skin=0.500"": 5332}",0.0,,
OPT-RFT-XATMOV88-R512-v1,fae3cd510f7c1880e11bf0b677e0d7ad0094c8e909e2ee11e6410c35bd33254a,OPT-RFT-XATMOV88-R512-v1:0354,XATMOV_C1_14_4266_z2_22,e73930007592fccadee7c3afe60a5dd425e67779cb841c117987ab8d6e310c3b,354,cross_family_test_set,XATMOV/structures/XATMOV_C1_14_4266_z2_22.cif,234319d03c438ec6e5c9e4346153b4149f7d61d656d6c4f74793410223026149,e73930007592fccadee7c3afe60a5dd425e67779cb841c117987ab8d6e310c3b,0,88,"[""C"", ""C"", ""N"", ""C"", ""H"", ""H"", ""H"", ""H"", ""H"", ""H"", ""H"", ""C"", ""C"", ""N"", ""C"", ""H"", ""H"", ""H"", ""H"", ""H"", ""H"", ""H"", ""C"", ""C"", ""N"", ""C"", ""H"", ""H"", ""H"", ""H"", ""H"", ""H"", ""H"", ""C"", ""C"", ""N"", ""C"", ""H"", ""H"", ""H"", ""H"", ""H"", ""H"", ""H"", ""C"", ""C"", ""N"", ""C"", ""H"", ""H"", ""H"", ""H"", ""H"", ""H"", ""H"", ""C"", ""C"", ""N"", ""C"", ""H"", ""H"", ""H"", ""H"", ""H"", ""H"", ""H"", ""C"", ""C"", ""N"", ""C"", ""H"", ""H"", ""H"", ""H"", ""H"", ""H"", ""H"", ""C"", ""C"", ""N"", ""C"", ""H"", ""H"", ""H"", ""H"", ""H"", ""H"", ""H""]",C24H56N8,"[true, true, true]","[10.82994893146206, 0.0, 0.0, 0.0, 13.225221570949373, 0.0, -4.166374441928435, 0.0, 10.881388462260963]",1558.5246668518464,[],"{""cutoff=6.000_skin=0.000"": 4200, ""cutoff=6.000_skin=0.500"": 5328}",0.0,,
OPT-RFT-XATMOV88-R512-v1,fae3cd510f7c1880e11bf0b677e0d7ad0094c8e909e2ee11e6410c35bd33254a,OPT-RFT-XATMOV88-R512-v1:0355,XATMOV_C1_14_2749_z2_22,9e42b7c9c0320396bbed1c52ecb98faa0673fc9c59c3dde422c7ce02a0ed4156,355,cross_family_test_set,XATMOV/structures/XATMOV_C1_14_2749_z2_22.cif,a9ea901428e96040ca40886fb3f66e0fef0a847d8ea65f9d31dc3a3715410234,9e42b7c9c0320396bbed1c52ecb98faa0673fc9c59c3dde422c7ce02a0ed4156,0,88,"[""C"", ""C"", ""N"", ""C"", ""H"", ""H"", ""H"", ""H"", ""H"", ""H"", ""H"", ""C"", ""C"", ""N"", ""C"", ""H"", ""H"", ""H"", ""H"", ""H"", ""H"", ""H"", ""C"", ""C"", ""N"", ""C"", ""H"", ""H"", ""H"", ""H"", ""H"", ""H"", ""H"", ""C"", ""C"", ""N"", ""C"", ""H"", ""H"", ""H"", ""H"", ""H"", ""H"", ""H"", ""C"", ""C"", ""N"", ""C"", ""H"", ""H"", ""H"", ""H"", ""H"", ""H"", ""H"", ""C"", ""C"", ""N"", ""C"", ""H"", ""H"", ""H"", ""H"", ""H"", ""H"", ""H"", ""C"", ""C"", ""N"", ""C"", ""H"", ""H"", ""H"", ""H"", ""H"", ""H"", ""H"", ""C"", ""C"", ""N"", ""C"", ""H"", ""H"", ""H"", ""H"", ""H"", ""H"", ""H""]",C24H56N8,"[true, true, true]","[16.07517715462736, 0.0, 0.0, 0.0, 13.089644143138997, 0.0, 4.489076355488396, 0.0, 8.249764887965268]",1735.9019031728583,[],"{""cutoff=6.000_skin=0.000"": 4208, ""cutoff=6.000_skin=0.500"": 5204}",0.0,,
OPT-RFT-XATMOV88-R512-v1,fae3cd510f7c1880e11bf0b677e0d7ad0094c8e909e2ee11e6410c35bd33254a,OPT-RFT-XATMOV88-R512-v1:0356,XATMOV_C1_14_2348_z2_22,071f024735c59f5e8bf84c0ecdd31bf44abef5eb9556da3a1be5302f9b9504ff,356,cross_family_test_set,XATMOV/structures/XATMOV_C1_14_2348_z2_22.cif,baa13ddbcc5f59f89b5a3d39918ca8efe89901492373aa50e752b5cd6300352a,071f024735c59f5e8bf84c0ecdd31bf44abef5eb9556da3a1be5302f9b9504ff,0,88,"[""C"", ""C"", ""N"", ""C"", ""H"", ""H"", ""H"", ""H"", ""H"", ""H"", ""H"", ""C"", ""C"", ""N"", ""C"", ""H"", ""H"", ""H"", ""H"", ""H"", ""H"", ""H"", ""C"", ""C"", ""N"", ""C"", ""H"", ""H"", ""H"", ""H"", ""H"", ""H"", ""H"", ""C"", ""C"", ""N"", ""C"", ""H"", ""H"", ""H"", ""H"", ""H"", ""H"", ""H"", ""C"", ""C"", ""N"", ""C"", ""H"", ""H"", ""H"", ""H"", ""H"", ""H"", ""H"", ""C"", ""C"", ""N"", ""C"", ""H"", ""H"", ""H"", ""H"", ""H"", ""H"", ""H"", ""C"", ""C"", ""N"", ""C"", ""H"", ""H"", ""H"", ""H"", ""H"", ""H"", ""H"", ""C"", ""C"", ""N"", ""C"", ""H"", ""H"", ""H"", ""H"", ""H"", ""H"", ""H""]",C24H56N8,"[true, true, true]","[15.936705172247962, 0.0, 0.0, 0.0, 6.73267027250868, 0.0, 5.911205327986043, 0.0, 15.06920070831713]",1616.8737167398663,[],"{""cutoff=6.000_skin=0.000"": 4220, ""cutoff=6.000_skin=0.500"": 5452}",0.0,,
OPT-RFT-XATMOV88-R512-v1,fae3cd510f7c1880e11bf0b677e0d7ad0094c8e909e2ee11e6410c35bd33254a,OPT-RFT-XATMOV88-R512-v1:0357,XATMOV_C1_14_664_z2_22,095207843886ae58aa443bf5432788487649077dc92a856c3cd913aff2ea41d4,357,cross_family_test_set,XATMOV/structures/XATMOV_C1_14_664_z2_22.cif,491843c50328b18b9ebc1fb59049562d4e7b3604174ba13eeee7f7e944e2ad8b,095207843886ae58aa443bf5432788487649077dc92a856c3cd913aff2ea41d4,0,88,"[""C"", ""C"", ""N"", ""C"", ""H"", ""H"", ""H"", ""H"", ""H"", ""H"", ""H"", ""C"", ""C"", ""N"", ""C"", ""H"", ""H"", ""H"", ""H"", ""H"", ""H"", ""H"", ""C"", ""C"", ""N"", ""C"", ""H"", ""H"", ""H"", ""H"", ""H"", ""H"", ""H"", ""C"", ""C"", ""N"", ""C"", ""H"", ""H"", ""H"", ""H"", ""H"", ""H"", ""H"", ""C"", ""C"", ""N"", ""C"", ""H"", ""H"", ""H"", ""H"", ""H"", ""H"", ""H"", ""C"", ""C"", ""N"", ""C"", ""H"", ""H"", ""H"", ""H"", ""H"", ""H"", ""H"", ""C"", ""C"", ""N"", ""C"", ""H"", ""H"", ""H"", ""H"", ""H"", ""H"", ""H"", ""C"", ""C"", ""N"", ""C"", ""H"", ""H"", ""H"", ""H"", ""H"", ""H"", ""H""]",C24H56N8,"[true, true, true]","[13.295709513400624, 0.0, 0.0, 0.0, 15.675549524594999, 0.0, 4.181452343791474, 0.0, 8.200788215583108]",1709.1882120869334,[],"{""cutoff=6.000_skin=0.000"": 4224, ""cutoff=6.000_skin=0.500"": 5420}",0.0,,
OPT-RFT-XATMOV88-R512-v1,fae3cd510f7c1880e11bf0b677e0d7ad0094c8e909e2ee11e6410c35bd33254a,OPT-RFT-XATMOV88-R512-v1:0358,XATMOV_C2_14_5583_z2_22,8890ff85ccf64fbfe2e995f937b910edf29507c210fc4753d79d368033929165,358,cross_family_test_set,XATMOV/structures/XATMOV_C2_14_5583_z2_22.cif,90694e7a9764f1c1a552a01c711247ea8bac18795a51a9e0592b9338f91ac934,8890ff85ccf64fbfe2e995f937b910edf29507c210fc4753d79d368033929165,0,88,"[""C"", ""C"", ""N"", ""C"", ""H"", ""H"", ""H"", ""H"", ""H"", ""H"", ""H"", ""C"", ""C"", ""N"", ""C"", ""H"", ""H"", ""H"", ""H"", ""H"", ""H"", ""H"", ""C"", ""C"", ""N"", ""C"", ""H"", ""H"", ""H"", ""H"", ""H"", ""H"", ""H"", ""C"", ""C"", ""N"", ""C"", ""H"", ""H"", ""H"", ""H"", ""H"", ""H"", ""H"", ""C"", ""C"", ""N"", ""C"", ""H"", ""H"", ""H"", ""H"", ""H"", ""H"", ""H"", ""C"", ""C"", ""N"", ""C"", ""H"", ""H"", ""H"", ""H"", ""H"", ""H"", ""H"", ""C"", ""C"", ""N"", ""C"", ""H"", ""H"", ""H"", ""H"", ""H"", ""H"", ""H"", ""C"", ""C"", ""N"", ""C"", ""H"", ""H"", ""H"", ""H"", ""H"", ""H"", ""H""]",C24H56N8,"[true, true, true]","[13.939349648163287, 0.0, 0.0, 0.0, 12.982519514602906, 0.0, -4.506591246367256, 0.0, 9.134438192701385]",1653.039904020037,[],"{""cutoff=6.000_skin=0.000"": 4236, ""cutoff=6.000_skin=0.500"": 5412}",0.0,,
OPT-RFT-XATMOV88-R512-v1,fae3cd510f7c1880e11bf0b677e0d7ad0094c8e909e2ee11e6410c35bd33254a,OPT-RFT-XATMOV88-R512-v1:0359,XATMOV_C2_14_168_z2_22,154b7e5e8cb2615248a4ccfb14533c86f97e74c8a1998b2c2a2623f517645476,359,cross_family_test_set,XATMOV/structures/XATMOV_C2_14_168_z2_22.cif,f04ec544053931dfa75971d7e9bd62f9cea74cc528d4ff3b290bcd2f44b8aecc,154b7e5e8cb2615248a4ccfb14533c86f97e74c8a1998b2c2a2623f517645476,0,88,"[""C"", ""C"", ""N"", ""C"", ""H"", ""H"", ""H"", ""H"", ""H"", ""H"", ""H"", ""C"", ""C"", ""N"", ""C"", ""H"", ""H"", ""H"", ""H"", ""H"", ""H"", ""H"", ""C"", ""C"", ""N"", ""C"", ""H"", ""H"", ""H"", ""H"", ""H"", ""H"", ""H"", ""C"", ""C"", ""N"", ""C"", ""H"", ""H"", ""H"", ""H"", ""H"", ""H"", ""H"", ""C"", ""C"", ""N"", ""C"", ""H"", ""H"", ""H"", ""H"", ""H"", ""H"", ""H"", ""C"", ""C"", ""N"", ""C"", ""H"", ""H"", ""H"", ""H"", ""H"", ""H"", ""H"", ""C"", ""C"", ""N"", ""C"", ""H"", ""H"", ""H"", ""H"", ""H"", ""H"", ""H"", ""C"", ""C"", ""N"", ""C"", ""H"", ""H"", ""H"", ""H"", ""H"", ""H"", ""H""]",C24H56N8,"[true, true, true]","[4.857133885286082, 0.0, 0.0, 0.0, 17.247639991128544, 0.0, -8.527737524561651, 0.0, 20.58133491879999]",1724.1827405115077,[],"{""cutoff=6.000_skin=0.000"": 4240, ""cutoff=6.000_skin=0.500"": 5212}",0.0,,
OPT-RFT-XATMOV88-R512-v1,fae3cd510f7c1880e11bf0b677e0d7ad0094c8e909e2ee11e6410c35bd33254a,OPT-RFT-XATMOV88-R512-v1:0360,XATMOV_C1_14_616_z2_22,a452892b10f9ff36f473cc86974b5bbc42b261619737dd24478382a0610963f5,360,cross_family_test_set,XATMOV/structures/XATMOV_C1_14_616_z2_22.cif,94396db592fe4e0db5bf1937572b3a2c01faf85a1b49f95738a46698aa8f72e7,a452892b10f9ff36f473cc86974b5bbc42b261619737dd24478382a0610963f5,0,88,"[""C"", ""C"", ""N"", ""C"", ""H"", ""H"", ""H"", ""H"", ""H"", ""H"", ""H"", ""C"", ""C"", ""N"", ""C"", ""H"", ""H"", ""H"", ""H"", ""H"", ""H"", ""H"", ""C"", ""C"", ""N"", ""C"", ""H"", ""H"", ""H"", ""H"", ""H"", ""H"", ""H"", ""C"", ""C"", ""N"", ""C"", ""H"", ""H"", ""H"", ""H"", ""H"", ""H"", ""H"", ""C"", ""C"", ""N"", ""C"", ""H"", ""H"", ""H"", ""H"", ""H"", ""H"", ""H"", ""C"", ""C"", ""N"", ""C"", ""H"", ""H"", ""H"", ""H"", ""H"", ""H"", ""H"", ""C"", ""C"", ""N"", ""C"", ""H"", ""H"", ""H"", ""H"", ""H"", ""H"", ""H"", ""C"", ""C"", ""N"", ""C"", ""H"", ""H"", ""H"", ""H"", ""H"", ""H"", ""H""]",C24H56N8,"[true, true, true]","[11.163371888931337, 0.0, 0.0, 0.0, 13.768164084583436, 0.0, 5.9358340459161365, 0.0, 10.551292933961973]",1621.7246066202824,[],"{""cutoff=6.000_skin=0.000"": 4248, ""cutoff=6.000_skin=0.500"": 5376}",0.0,,
OPT-RFT-XATMOV88-R512-v1,fae3cd510f7c1880e11bf0b677e0d7ad0094c8e909e2ee11e6410c35bd33254a,OPT-RFT-XATMOV88-R512-v1:0361,XATMOV_C1_14_2715_z2_22,546616c428a7bdcc172c25fb8fee3e0a5cc2827ed99db112b043d16deca17e15,361,cross_family_test_set,XATMOV/structures/XATMOV_C1_14_2715_z2_22.cif,b03623364516da6baf9a970f15d99b061d7f94b0e03a0fc1d57f07d42a400953,546616c428a7bdcc172c25fb8fee3e0a5cc2827ed99db112b043d16deca17e15,0,88,"[""C"", ""C"", ""N"", ""C"", ""H"", ""H"", ""H"", ""H"", ""H"", ""H"", ""H"", ""C"", ""C"", ""N"", ""C"", ""H"", ""H"", ""H"", ""H"", ""H"", ""H"", ""H"", ""C"", ""C"", ""N"", ""C"", ""H"", ""H"", ""H"", ""H"", ""H"", ""H"", ""H"", ""C"", ""C"", ""N"", ""C"", ""H"", ""H"", ""H"", ""H"", ""H"", ""H"", ""H"", ""C"", ""C"", ""N"", ""C"", ""H"", ""H"", ""H"", ""H"", ""H"", ""H"", ""H"", ""C"", ""C"", ""N"", ""C"", ""H"", ""H"", ""H"", ""H"", ""H"", ""H"", ""H"", ""C"", ""C"", ""N"", ""C"", ""H"", ""H"", ""H"", ""H"", ""H"", ""H"", ""H"", ""C"", ""C"", ""N"", ""C"", ""H"", ""H"", ""H"", ""H"", ""H"", ""H"", ""H""]",C24H56N8,"[true, true, true]","[12.055583969363362, 0.0, 0.0, 0.0, 10.673400008233521, 0.0, 6.512721757566858, 0.0, 11.878881105552493]",1528.5039793473063,[],"{""cutoff=6.000_skin=0.000"": 4260, ""cutoff=6.000_skin=0.500"": 5600}",0.0,,
OPT-RFT-XATMOV88-R512-v1,fae3cd510f7c1880e11bf0b677e0d7ad0094c8e909e2ee11e6410c35bd33254a,OPT-RFT-XATMOV88-R512-v1:0362,XATMOV_C2_14_3055_z2_22,957664717a5a1d9a2be0469e5af98d6eb06351946c38a7781563f780e912d3d3,362,cross_family_test_set,XATMOV/structures/XATMOV_C2_14_3055_z2_22.cif,71280b3b79186d2165b4699f45813bdc29b43bab46e5772203bd302f4ba11bef,957664717a5a1d9a2be0469e5af98d6eb06351946c38a7781563f780e912d3d3,0,88,"[""C"", ""C"", ""N"", ""C"", ""H"", ""H"", ""H"", ""H"", ""H"", ""H"", ""H"", ""C"", ""C"", ""N"", ""C"", ""H"", ""H"", ""H"", ""H"", ""H"", ""H"", ""H"", ""C"", ""C"", ""N"", ""C"", ""H"", ""H"", ""H"", ""H"", ""H"", ""H"", ""H"", ""C"", ""C"", ""N"", ""C"", ""H"", ""H"", ""H"", ""H"", ""H"", ""H"", ""H"", ""C"", ""C"", ""N"", ""C"", ""H"", ""H"", ""H"", ""H"", ""H"", ""H"", ""H"", ""C"", ""C"", ""N"", ""C"", ""H"", ""H"", ""H"", ""H"", ""H"", ""H"", ""H"", ""C"", ""C"", ""N"", ""C"", ""H"", ""H"", ""H"", ""H"", ""H"", ""H"", ""H"", ""C"", ""C"", ""N"", ""C"", ""H"", ""H"", ""H"", ""H"", ""H"", ""H"", ""H""]",C24H56N8,"[true, true, true]","[7.1805213448559915, 0.0, 0.0, 0.0, 15.222103286218037, 0.0, 5.8158420179535435, 0.0, 14.06473088887966]",1537.312182730244,[],"{""cutoff=6.000_skin=0.000"": 4272, ""cutoff=6.000_skin=0.500"": 5592}",0.0,,
OPT-RFT-XATMOV88-R512-v1,fae3cd510f7c1880e11bf0b677e0d7ad0094c8e909e2ee11e6410c35bd33254a,OPT-RFT-XATMOV88-R512-v1:0363,XATMOV_C2_14_313_z2_22,94d7bf80fbbe2e8d1367026ccfa8c859505ecb79bf11ea9b1beebe1d2ce5e1be,363,cross_family_test_set,XATMOV/structures/XATMOV_C2_14_313_z2_22.cif,f9c5d44bce0d318d449a0e7c8cc935eb22f254ed65a78c558b33d9bf7c7d6e7a,94d7bf80fbbe2e8d1367026ccfa8c859505ecb79bf11ea9b1beebe1d2ce5e1be,0,88,"[""C"", ""C"", ""N"", ""C"", ""H"", ""H"", ""H"", ""H"", ""H"", ""H"", ""H"", ""C"", ""C"", ""N"", ""C"", ""H"", ""H"", ""H"", ""H"", ""H"", ""H"", ""H"", ""C"", ""C"", ""N"", ""C"", ""H"", ""H"", ""H"", ""H"", ""H"", ""H"", ""H"", ""C"", ""C"", ""N"", ""C"", ""H"", ""H"", ""H"", ""H"", ""H"", ""H"", ""H"", ""C"", ""C"", ""N"", ""C"", ""H"", ""H"", ""H"", ""H"", ""H"", ""H"", ""H"", ""C"", ""C"", ""N"", ""C"", ""H"", ""H"", ""H"", ""H"", ""H"", ""H"", ""H"", ""C"", ""C"", ""N"", ""C"", ""H"", ""H"", ""H"", ""H"", ""H"", ""H"", ""H"", ""C"", ""C"", ""N"", ""C"", ""H"", ""H"", ""H"", ""H"", ""H"", ""H"", ""H""]",C24H56N8,"[true, true, true]","[14.831454977292701, 0.0, 0.0, 0.0, 12.846920238151789, 0.0, -4.73232017710252, 0.0, 9.093806728536748]",1732.7204671190218,[],"{""cutoff=6.000_skin=0.000"": 4280, ""cutoff=6.000_skin=0.500"": 5328}",0.0,,
OPT-RFT-XATMOV88-R512-v1,fae3cd510f7c1880e11bf0b677e0d7ad0094c8e909e2ee11e6410c35bd33254a,OPT-RFT-XATMOV88-R512-v1:0364,XATMOV_C1_14_1680_z2_22,3a237701dcd29a85fe9dd936c7748969d0a39305029153ab8d22b5419aedf949,364,cross_family_test_set,XATMOV/structures/XATMOV_C1_14_1680_z2_22.cif,85cac8b06dea3fa7e5cf8a448af6d4e91649ced1afe5059e5b72fe3eee45b1b0,3a237701dcd29a85fe9dd936c7748969d0a39305029153ab8d22b5419aedf949,0,88,"[""C"", ""C"", ""N"", ""C"", ""H"", ""H"", ""H"", ""H"", ""H"", ""H"", ""H"", ""C"", ""C"", ""N"", ""C"", ""H"", ""H"", ""H"", ""H"", ""H"", ""H"", ""H"", ""C"", ""C"", ""N"", ""C"", ""H"", ""H"", ""H"", ""H"", ""H"", ""H"", ""H"", ""C"", ""C"", ""N"", ""C"", ""H"", ""H"", ""H"", ""H"", ""H"", ""H"", ""H"", ""C"", ""C"", ""N"", ""C"", ""H"", ""H"", ""H"", ""H"", ""H"", ""H"", ""H"", ""C"", ""C"", ""N"", ""C"", ""H"", ""H"", ""H"", ""H"", ""H"", ""H"", ""H"", ""C"", ""C"", ""N"", ""C"", ""H"", ""H"", ""H"", ""H"", ""H"", ""H"", ""H"", ""C"", ""C"", ""N"", ""C"", ""H"", ""H"", ""H"", ""H"", ""H"", ""H"", ""H""]",C24H56N8,"[true, true, true]","[11.023080214121435, 0.0, 0.0, 0.0, 13.000848335264102, 0.0, -2.649898468730399, 0.0, 10.289425489225946]",1474.571331996388,[],"{""cutoff=6.000_skin=0.000"": 4288, ""cutoff=6.000_skin=0.500"": 5740}",0.0,,
OPT-RFT-XATMOV88-R512-v1,fae3cd510f7c1880e11bf0b677e0d7ad0094c8e909e2ee11e6410c35bd33254a,OPT-RFT-XATMOV88-R512-v1:0365,XATMOV_C1_14_3648_z2_22,b8b66dbd09ee36bda988359f739e5c707fdaad3759592dc8c0f525f4aecfb9d5,365,cross_family_test_set,XATMOV/structures/XATMOV_C1_14_3648_z2_22.cif,c8bb95e936ea401906c50f72ec659ec2cbeb29c7a85c90d82374663ca0862aca,b8b66dbd09ee36bda988359f739e5c707fdaad3759592dc8c0f525f4aecfb9d5,0,88,"[""C"", ""C"", ""N"", ""C"", ""H"", ""H"", ""H"", ""H"", ""H"", ""H"", ""H"", ""C"", ""C"", ""N"", ""C"", ""H"", ""H"", ""H"", ""H"", ""H"", ""H"", ""H"", ""C"", ""C"", ""N"", ""C"", ""H"", ""H"", ""H"", ""H"", ""H"", ""H"", ""H"", ""C"", ""C"", ""N"", ""C"", ""H"", ""H"", ""H"", ""H"", ""H"", ""H"", ""H"", ""C"", ""C"", ""N"", ""C"", ""H"", ""H"", ""H"", ""H"", ""H"", ""H"", ""H"", ""C"", ""C"", ""N"", ""C"", ""H"", ""H"", ""H"", ""H"", ""H"", ""H"", ""H"", ""C"", ""C"", ""N"", ""C"", ""H"", ""H"", ""H"", ""H"", ""H"", ""H"", ""H"", ""C"", ""C"", ""N"", ""C"", ""H"", ""H"", ""H"", ""H"", ""H"", ""H"", ""H""]",C24H56N8,"[true, true, true]","[8.445649489055779, 0.0, 0.0, 0.0, 10.72126944490028, 0.0, -5.839756487553385, 0.0, 16.47630093947194]",1491.8974783353995,[],"{""cutoff=6.000_skin=0.000"": 4292, ""cutoff=6.000_skin=0.500"": 5676}",0.0,,
OPT-RFT-XATMOV88-R512-v1,fae3cd510f7c1880e11bf0b677e0d7ad0094c8e909e2ee11e6410c35bd33254a,OPT-RFT-XATMOV88-R512-v1:0366,XATMOV_C1_14_2366_z2_22,7a7140262530fe43cd57c21257513c6605ffba08e3acd652612af96da54caa5e,366,cross_family_test_set,XATMOV/structures/XATMOV_C1_14_2366_z2_22.cif,d59c5464a35bce0a14a118dfe33b707e72bef108e90aa4b7da9ea15728787a63,7a7140262530fe43cd57c21257513c6605ffba08e3acd652612af96da54caa5e,0,88,"[""C"", ""C"", ""N"", ""C"", ""H"", ""H"", ""H"", ""H"", ""H"", ""H"", ""H"", ""C"", ""C"", ""N"", ""C"", ""H"", ""H"", ""H"", ""H"", ""H"", ""H"", ""H"", ""C"", ""C"", ""N"", ""C"", ""H"", ""H"", ""H"", ""H"", ""H"", ""H"", ""H"", ""C"", ""C"", ""N"", ""C"", ""H"", ""H"", ""H"", ""H"", ""H"", ""H"", ""H"", ""C"", ""C"", ""N"", ""C"", ""H"", ""H"", ""H"", ""H"", ""H"", ""H"", ""H"", ""C"", ""C"", ""N"", ""C"", ""H"", ""H"", ""H"", ""H"", ""H"", ""H"", ""H"", ""C"", ""C"", ""N"", ""C"", ""H"", ""H"", ""H"", ""H"", ""H"", ""H"", ""H"", ""C"", ""C"", ""N"", ""C"", ""H"", ""H"", ""H"", ""H"", ""H"", ""H"", ""H""]",C24H56N8,"[true, true, true]","[13.397349521383042, 0.0, 0.0, 0.0, 13.268374404053645, 0.0, -3.5000063255980303, 0.0, 9.106175887508249]",1618.7233824371656,[],"{""cutoff=6.000_skin=0.000"": 4296, ""cutoff=6.000_skin=0.500"": 5460}",0.0,,
OPT-RFT-XATMOV88-R512-v1,fae3cd510f7c1880e11bf0b677e0d7ad0094c8e909e2ee11e6410c35bd33254a,OPT-RFT-XATMOV88-R512-v1:0367,XATMOV_C1_14_5079_z2_22,69ed383e5edb8e5f3017e1580e73ea926feaa553fd5ea88176053a5da2c5b0da,367,cross_family_test_set,XATMOV/structures/XATMOV_C1_14_5079_z2_22.cif,8dc6b70e20230482571814782417f4bc0b6eaac9b36f8864b2318972af4aea9e,69ed383e5edb8e5f3017e1580e73ea926feaa553fd5ea88176053a5da2c5b0da,0,88,"[""C"", ""C"", ""N"", ""C"", ""H"", ""H"", ""H"", ""H"", ""H"", ""H"", ""H"", ""C"", ""C"", ""N"", ""C"", ""H"", ""H"", ""H"", ""H"", ""H"", ""H"", ""H"", ""C"", ""C"", ""N"", ""C"", ""H"", ""H"", ""H"", ""H"", ""H"", ""H"", ""H"", ""C"", ""C"", ""N"", ""C"", ""H"", ""H"", ""H"", ""H"", ""H"", ""H"", ""H"", ""C"", ""C"", ""N"", ""C"", ""H"", ""H"", ""H"", ""H"", ""H"", ""H"", ""H"", ""C"", ""C"", ""N"", ""C"", ""H"", ""H"", ""H"", ""H"", ""H"", ""H"", ""H"", ""C"", ""C"", ""N"", ""C"", ""H"", ""H"", ""H"", ""H"", ""H"", ""H"", ""H"", ""C"", ""C"", ""N"", ""C"", ""H"", ""H"", ""H"", ""H"", ""H"", ""H"", ""H""]",C24H56N8,"[true, true, true]","[5.5959059628536725, 0.0, 0.0, 0.0, 17.987817118099066, 0.0, 1.8774155354975788, 0.0, 17.35598485799239]",1747.0210333948276,[],"{""cutoff=6.000_skin=0.000"": 4300, ""cutoff=6.000_skin=0.500"": 5440}",0.0,,
OPT-RFT-XATMOV88-R512-v1,fae3cd510f7c1880e11bf0b677e0d7ad0094c8e909e2ee11e6410c35bd33254a,OPT-RFT-XATMOV88-R512-v1:0368,XATMOV_C1_14_768_z2_22,f13e7ff02419fe4ec5f0f03b20a45f6dac15c8f0f1d12d064c38d69b237bd4bc,368,cross_family_test_set,XATMOV/structures/XATMOV_C1_14_768_z2_22.cif,938bc15cbf5ac1a018085589399fa911dd6dddf5aee17aa4868ad92a76b2014d,f13e7ff02419fe4ec5f0f03b20a45f6dac15c8f0f1d12d064c38d69b237bd4bc,0,88,"[""C"", ""C"", ""N"", ""C"", ""H"", ""H"", ""H"", ""H"", ""H"", ""H"", ""H"", ""C"", ""C"", ""N"", ""C"", ""H"", ""H"", ""H"", ""H"", ""H"", ""H"", ""H"", ""C"", ""C"", ""N"", ""C"", ""H"", ""H"", ""H"", ""H"", ""H"", ""H"", ""H"", ""C"", ""C"", ""N"", ""C"", ""H"", ""H"", ""H"", ""H"", ""H"", ""H"", ""H"", ""C"", ""C"", ""N"", ""C"", ""H"", ""H"", ""H"", ""H"", ""H"", ""H"", ""H"", ""C"", ""C"", ""N"", ""C"", ""H"", ""H"", ""H"", ""H"", ""H"", ""H"", ""H"", ""C"", ""C"", ""N"", ""C"", ""H"", ""H"", ""H"", ""H"", ""H"", ""H"", ""H"", ""C"", ""C"", ""N"", ""C"", ""H"", ""H"", ""H"", ""H"", ""H"", ""H"", ""H""]",C24H56N8,"[true, true, true]","[11.406867522167808, 0.0, 0.0, 0.0, 11.688436737511871, 0.0, -0.5365289240636952, 0.0, 11.380904386960692]",1517.3983347518356,[],"{""cutoff=6.000_skin=0.000"": 4308, ""cutoff=6.000_skin=0.500"": 5712}",0.0,,
OPT-RFT-XATMOV88-R512-v1,fae3cd510f7c1880e11bf0b677e0d7ad0094c8e909e2ee11e6410c35bd33254a,OPT-RFT-XATMOV88-R512-v1:0369,XATMOV_C2_14_2551_z2_22,d53fe5d13f76f87aee98ef95a8655be7806b2a04fec0730586ed78060202f795,369,cross_family_test_set,XATMOV/structures/XATMOV_C2_14_2551_z2_22.cif,f2a8319fecc7c12e7c72b7cfae90a49241592c889c07810faf0caae40cbef49c,d53fe5d13f76f87aee98ef95a8655be7806b2a04fec0730586ed78060202f795,0,88,"[""C"", ""C"", ""N"", ""C"", ""H"", ""H"", ""H"", ""H"", ""H"", ""H"", ""H"", ""C"", ""C"", ""N"", ""C"", ""H"", ""H"", ""H"", ""H"", ""H"", ""H"", ""H"", ""C"", ""C"", ""N"", ""C"", ""H"", ""H"", ""H"", ""H"", ""H"", ""H"", ""H"", ""C"", ""C"", ""N"", ""C"", ""H"", ""H"", ""H"", ""H"", ""H"", ""H"", ""H"", ""C"", ""C"", ""N"", ""C"", ""H"", ""H"", ""H"", ""H"", ""H"", ""H"", ""H"", ""C"", ""C"", ""N"", ""C"", ""H"", ""H"", ""H"", ""H"", ""H"", ""H"", ""H"", ""C"", ""C"", ""N"", ""C"", ""H"", ""H"", ""H"", ""H"", ""H"", ""H"", ""H"", ""C"", ""C"", ""N"", ""C"", ""H"", ""H"", ""H"", ""H"", ""H"", ""H"", ""H""]",C24H56N8,"[true, true, true]","[9.20226524775164, 0.0, 0.0, 0.0, 12.655680421733166, 0.0, 2.560060383908388, 0.0, 12.523907288071792]",1458.5458666025247,[],"{""cutoff=6.000_skin=0.000"": 4316, ""cutoff=6.000_skin=0.500"": 5944}",0.0,,
OPT-RFT-XATMOV88-R512-v1,fae3cd510f7c1880e11bf0b677e0d7ad0094c8e909e2ee11e6410c35bd33254a,OPT-RFT-XATMOV88-R512-v1:0370,XATMOV_C1_14_4920_z2_22,77e2aa8cb8fbede797dedfaaf866e20200ccb33a54a482462eb25ea674f50def,370,cross_family_test_set,XATMOV/structures/XATMOV_C1_14_4920_z2_22.cif,cdce63f7188a113dc74b22b3e3ac8341ce061569dd1f45d1e4fb509924bd02c8,77e2aa8cb8fbede797dedfaaf866e20200ccb33a54a482462eb25ea674f50def,0,88,"[""C"", ""C"", ""N"", ""C"", ""H"", ""H"", ""H"", ""H"", ""H"", ""H"", ""H"", ""C"", ""C"", ""N"", ""C"", ""H"", ""H"", ""H"", ""H"", ""H"", ""H"", ""H"", ""C"", ""C"", ""N"", ""C"", ""H"", ""H"", ""H"", ""H"", ""H"", ""H"", ""H"", ""C"", ""C"", ""N"", ""C"", ""H"", ""H"", ""H"", ""H"", ""H"", ""H"", ""H"", ""C"", ""C"", ""N"", ""C"", ""H"", ""H"", ""H"", ""H"", ""H"", ""H"", ""H"", ""C"", ""C"", ""N"", ""C"", ""H"", ""H"", ""H"", ""H"", ""H"", ""H"", ""H"", ""C"", ""C"", ""N"", ""C"", ""H"", ""H"", ""H"", ""H"", ""H"", ""H"", ""H"", ""C"", ""C"", ""N"", ""C"", ""H"", ""H"", ""H"", ""H"", ""H"", ""H"", ""H""]",C24H56N8,"[true, true, true]","[13.89685659530035, 0.0, 0.0, 0.0, 15.833030634499217, 0.0, -0.434575737672147, 0.0, 7.573712632715722]",1666.4391145947454,[],"{""cutoff=6.000_skin=0.000"": 4328, ""cutoff=6.000_skin=0.500"": 5560}",0.0,,
OPT-RFT-XATMOV88-R512-v1,fae3cd510f7c1880e11bf0b677e0d7ad0094c8e909e2ee11e6410c35bd33254a,OPT-RFT-XATMOV88-R512-v1:0371,XATMOV_C2_14_1330_z2_22,be0db7bfd67d1f93f5996ba5b46cb59cce58edb08e12b1ce34f98a1460ad1c8d,371,cross_family_test_set,XATMOV/structures/XATMOV_C2_14_1330_z2_22.cif,8b6b15835e314d982c700d6932f692fe9fdd07aa6c49b7a3eeabb75a714971a6,be0db7bfd67d1f93f5996ba5b46cb59cce58edb08e12b1ce34f98a1460ad1c8d,0,88,"[""C"", ""C"", ""N"", ""C"", ""H"", ""H"", ""H"", ""H"", ""H"", ""H"", ""H"", ""C"", ""C"", ""N"", ""C"", ""H"", ""H"", ""H"", ""H"", ""H"", ""H"", ""H"", ""C"", ""C"", ""N"", ""C"", ""H"", ""H"", ""H"", ""H"", ""H"", ""H"", ""H"", ""C"", ""C"", ""N"", ""C"", ""H"", ""H"", ""H"", ""H"", ""H"", ""H"", ""H"", ""C"", ""C"", ""N"", ""C"", ""H"", ""H"", ""H"", ""H"", ""H"", ""H"", ""H"", ""C"", ""C"", ""N"", ""C"", ""H"", ""H"", ""H"", ""H"", ""H"", ""H"", ""H"", ""C"", ""C"", ""N"", ""C"", ""H"", ""H"", ""H"", ""H"", ""H"", ""H"", ""H"", ""C"", ""C"", ""N"", ""C"", ""H"", ""H"", ""H"", ""H"", ""H"", ""H"", ""H""]",C24H56N8,"[true, true, true]","[11.218470278121165, 0.0, 0.0, 0.0, 6.197583302946271, 0.0, 7.415233628588731, 0.0, 21.905225589638718]",1523.013471040561,[],"{""cutoff=6.000_skin=0.000"": 4332, ""cutoff=6.000_skin=0.500"": 5920}",0.0,,
OPT-RFT-XATMOV88-R512-v1,fae3cd510f7c1880e11bf0b677e0d7ad0094c8e909e2ee11e6410c35bd33254a,OPT-RFT-XATMOV88-R512-v1:0372,XATMOV_C2_14_931_z2_22,d8ba9a68732ae6bdc9b7280e5f849091c10a2b1787e77bb4e0db9896786a31a0,372,cross_family_test_set,XATMOV/structures/XATMOV_C2_14_931_z2_22.cif,ab9c3d04251bb32abddf0cb20808114459456c07a9790b4d876f5f0968aa6184,d8ba9a68732ae6bdc9b7280e5f849091c10a2b1787e77bb4e0db9896786a31a0,0,88,"[""C"", ""C"", ""N"", ""C"", ""H"", ""H"", ""H"", ""H"", ""H"", ""H"", ""H"", ""C"", ""C"", ""N"", ""C"", ""H"", ""H"", ""H"", ""H"", ""H"", ""H"", ""H"", ""C"", ""C"", ""N"", ""C"", ""H"", ""H"", ""H"", ""H"", ""H"", ""H"", ""H"", ""C"", ""C"", ""N"", ""C"", ""H"", ""H"", ""H"", ""H"", ""H"", ""H"", ""H"", ""C"", ""C"", ""N"", ""C"", ""H"", ""H"", ""H"", ""H"", ""H"", ""H"", ""H"", ""C"", ""C"", ""N"", ""C"", ""H"", ""H"", ""H"", ""H"", ""H"", ""H"", ""H"", ""C"", ""C"", ""N"", ""C"", ""H"", ""H"", ""H"", ""H"", ""H"", ""H"", ""H"", ""C"", ""C"", ""N"", ""C"", ""H"", ""H"", ""H"", ""H"", ""H"", ""H"", ""H""]",C24H56N8,"[true, true, true]","[12.928346275106634, 0.0, 0.0, 0.0, 11.043170922139822, 0.0, -2.5798069298426665, 0.0, 10.6732733505647]",1523.8225708521034,[],"{""cutoff=6.000_skin=0.000"": 4336, ""cutoff=6.000_skin=0.500"": 5848}",0.0,,
OPT-RFT-XATMOV88-R512-v1,fae3cd510f7c1880e11bf0b677e0d7ad0094c8e909e2ee11e6410c35bd33254a,OPT-RFT-XATMOV88-R512-v1:0373,XATMOV_C1_14_4292_z2_22,938fb7222b93ec939e3633a6e720233ec8ee4b180bb933c6c6fc7743989cb7f0,373,cross_family_test_set,XATMOV/structures/XATMOV_C1_14_4292_z2_22.cif,7be9cacbd8b6e54a56da60bef586e017faac3265435f6195c1e335c913fcff71,938fb7222b93ec939e3633a6e720233ec8ee4b180bb933c6c6fc7743989cb7f0,0,88,"[""C"", ""C"", ""N"", ""C"", ""H"", ""H"", ""H"", ""H"", ""H"", ""H"", ""H"", ""C"", ""C"", ""N"", ""C"", ""H"", ""H"", ""H"", ""H"", ""H"", ""H"", ""H"", ""C"", ""C"", ""N"", ""C"", ""H"", ""H"", ""H"", ""H"", ""H"", ""H"", ""H"", ""C"", ""C"", ""N"", ""C"", ""H"", ""H"", ""H"", ""H"", ""H"", ""H"", ""H"", ""C"", ""C"", ""N"", ""C"", ""H"", ""H"", ""H"", ""H"", ""H"", ""H"", ""H"", ""C"", ""C"", ""N"", ""C"", ""H"", ""H"", ""H"", ""H"", ""H"", ""H"", ""H"", ""C"", ""C"", ""N"", ""C"", ""H"", ""H"", ""H"", ""H"", ""H"", ""H"", ""H"", ""C"", ""C"", ""N"", ""C"", ""H"", ""H"", ""H"", ""H"", ""H"", ""H"", ""H""]",C24H56N8,"[true, true, true]","[11.4925790063179, 0.0, 0.0, 0.0, 11.388391283421264, 0.0, 6.229821108664138, 0.0, 12.39647807114106]",1622.4756765411541,[],"{""cutoff=6.000_skin=0.000"": 4364, ""cutoff=6.000_skin=0.500"": 5620}",0.0,,
OPT-RFT-XATMOV88-R512-v1,fae3cd510f7c1880e11bf0b677e0d7ad0094c8e909e2ee11e6410c35bd33254a,OPT-RFT-XATMOV88-R512-v1:0374,XATMOV_C2_14_1791_z2_22,ada230f51c31b57140ae90c45eaef344a661cc4fd2791055b31994f87b392671,374,cross_family_test_set,XATMOV/structures/XATMOV_C2_14_1791_z2_22.cif,628b95f800831b1336bf8ac874f6d812acf9c83604c9d43a3ef70a7abd497dd8,ada230f51c31b57140ae90c45eaef344a661cc4fd2791055b31994f87b392671,0,88,"[""C"", ""C"", ""N"", ""C"", ""H"", ""H"", ""H"", ""H"", ""H"", ""H"", ""H"", ""C"", ""C"", ""N"", ""C"", ""H"", ""H"", ""H"", ""H"", ""H"", ""H"", ""H"", ""C"", ""C"", ""N"", ""C"", ""H"", ""H"", ""H"", ""H"", ""H"", ""H"", ""H"", ""C"", ""C"", ""N"", ""C"", ""H"", ""H"", ""H"", ""H"", ""H"", ""H"", ""H"", ""C"", ""C"", ""N"", ""C"", ""H"", ""H"", ""H"", ""H"", ""H"", ""H"", ""H"", ""C"", ""C"", ""N"", ""C"", ""H"", ""H"", ""H"", ""H"", ""H"", ""H"", ""H"", ""C"", ""C"", ""N"", ""C"", ""H"", ""H"", ""H"", ""H"", ""H"", ""H"", ""H"", ""C"", ""C"", ""N"", ""C"", ""H"", ""H"", ""H"", ""H"", ""H"", ""H"", ""H""]",C24H56N8,"[true, true, true]","[11.399626155496598, 0.0, 0.0, 0.0, 11.223732884943644, 0.0, 2.366524930805109, 0.0, 11.527512072984441]",1474.9031975771068,[],"{""cutoff=6.000_skin=0.000"": 4372, ""cutoff=6.000_skin=0.500"": 5740}",0.0,,
OPT-RFT-XATMOV88-R512-v1,fae3cd510f7c1880e11bf0b677e0d7ad0094c8e909e2ee11e6410c35bd33254a,OPT-RFT-XATMOV88-R512-v1:0375,XATMOV_C1_14_4320_z2_22,64b277cddfa7bd91e3026e4cc3c438731f1490aa7df94dd4f867a8a3498963f4,375,cross_family_test_set,XATMOV/structures/XATMOV_C1_14_4320_z2_22.cif,b413a6bb68e85652f9f5e6a232b7bbcbb5dfc7e8dcd3cb65f7e3129ff5cbe3db,64b277cddfa7bd91e3026e4cc3c438731f1490aa7df94dd4f867a8a3498963f4,0,88,"[""C"", ""C"", ""N"", ""C"", ""H"", ""H"", ""H"", ""H"", ""H"", ""H"", ""H"", ""C"", ""C"", ""N"", ""C"", ""H"", ""H"", ""H"", ""H"", ""H"", ""H"", ""H"", ""C"", ""C"", ""N"", ""C"", ""H"", ""H"", ""H"", ""H"", ""H"", ""H"", ""H"", ""C"", ""C"", ""N"", ""C"", ""H"", ""H"", ""H"", ""H"", ""H"", ""H"", ""H"", ""C"", ""C"", ""N"", ""C"", ""H"", ""H"", ""H"", ""H"", ""H"", ""H"", ""H"", ""C"", ""C"", ""N"", ""C"", ""H"", ""H"", ""H"", ""H"", ""H"", ""H"", ""H"", ""C"", ""C"", ""N"", ""C"", ""H"", ""H"", ""H"", ""H"", ""H"", ""H"", ""H"", ""C"", ""C"", ""N"", ""C"", ""H"", ""H"", ""H"", ""H"", ""H"", ""H"", ""H""]",C24H56N8,"[true, true, true]","[10.420572935650014, 0.0, 0.0, 0.0, 14.076431081624268, 0.0, 2.7499362779868237, 0.0, 10.516701795773393]",1542.6369001509918,[],"{""cutoff=6.000_skin=0.000"": 4384, ""cutoff=6.000_skin=0.500"": 5724}",0.0,,
OPT-RFT-XATMOV88-R512-v1,fae3cd510f7c1880e11bf0b677e0d7ad0094c8e909e2ee11e6410c35bd33254a,OPT-RFT-XATMOV88-R512-v1:0376,XATMOV_C2_14_3028_z2_22,8e1c9dcbe7935f9ce0d3d65f405555f5c3d01aaa2124b454770f399bcd6af924,376,cross_family_test_set,XATMOV/structures/XATMOV_C2_14_3028_z2_22.cif,273686ddf90b9f4ea209853e4f4161582b49836391bb3551e5922066483cfade,8e1c9dcbe7935f9ce0d3d65f405555f5c3d01aaa2124b454770f399bcd6af924,0,88,"[""C"", ""C"", ""N"", ""C"", ""H"", ""H"", ""H"", ""H"", ""H"", ""H"", ""H"", ""C"", ""C"", ""N"", ""C"", ""H"", ""H"", ""H"", ""H"", ""H"", ""H"", ""H"", ""C"", ""C"", ""N"", ""C"", ""H"", ""H"", ""H"", ""H"", ""H"", ""H"", ""H"", ""C"", ""C"", ""N"", ""C"", ""H"", ""H"", ""H"", ""H"", ""H"", ""H"", ""H"", ""C"", ""C"", ""N"", ""C"", ""H"", ""H"", ""H"", ""H"", ""H"", ""H"", ""H"", ""C"", ""C"", ""N"", ""C"", ""H"", ""H"", ""H"", ""H"", ""H"", ""H"", ""H"", ""C"", ""C"", ""N"", ""C"", ""H"", ""H"", ""H"", ""H"", ""H"", ""H"", ""H"", ""C"", ""C"", ""N"", ""C"", ""H"", ""H"", ""H"", ""H"", ""H"", ""H"", ""H""]",C24H56N8,"[true, true, true]","[10.522382294498199, 0.0, 0.0, 0.0, 7.085923428486664, 0.0, 4.93703059537438, 0.0, 20.562062378263633]",1533.1237223704343,[],"{""cutoff=6.000_skin=0.000"": 4392, ""cutoff=6.000_skin=0.500"": 5648}",0.0,,
OPT-RFT-XATMOV88-R512-v1,fae3cd510f7c1880e11bf0b677e0d7ad0094c8e909e2ee11e6410c35bd33254a,OPT-RFT-XATMOV88-R512-v1:0377,XATMOV_C1_14_6158_z2_22,f9c07afe2a11cc37d71006a24f18a9f0d3dc965fd69c90f299101ed534076edd,377,cross_family_test_set,XATMOV/structures/XATMOV_C1_14_6158_z2_22.cif,25fcec297b5c1b9943e2555baff235a340651b58e3604fa73f0753320c93ba3e,f9c07afe2a11cc37d71006a24f18a9f0d3dc965fd69c90f299101ed534076edd,0,88,"[""C"", ""C"", ""N"", ""C"", ""H"", ""H"", ""H"", ""H"", ""H"", ""H"", ""H"", ""C"", ""C"", ""N"", ""C"", ""H"", ""H"", ""H"", ""H"", ""H"", ""H"", ""H"", ""C"", ""C"", ""N"", ""C"", ""H"", ""H"", ""H"", ""H"", ""H"", ""H"", ""H"", ""C"", ""C"", ""N"", ""C"", ""H"", ""H"", ""H"", ""H"", ""H"", ""H"", ""H"", ""C"", ""C"", ""N"", ""C"", ""H"", ""H"", ""H"", ""H"", ""H"", ""H"", ""H"", ""C"", ""C"", ""N"", ""C"", ""H"", ""H"", ""H"", ""H"", ""H"", ""H"", ""H"", ""C"", ""C"", ""N"", ""C"", ""H"", ""H"", ""H"", ""H"", ""H"", ""H"", ""H"", ""C"", ""C"", ""N"", ""C"", ""H"", ""H"", ""H"", ""H"", ""H"", ""H"", ""H""]",C24H56N8,"[true, true, true]","[11.126005573990035, 0.0, 0.0, 0.0, 11.523769466861381, 0.0, -2.144868554370735, 0.0, 12.289537811008381]",1575.684942744341,[],"{""cutoff=6.000_skin=0.000"": 4400, ""cutoff=6.000_skin=0.500"": 5876}",0.0,,
OPT-RFT-XATMOV88-R512-v1,fae3cd510f7c1880e11bf0b677e0d7ad0094c8e909e2ee11e6410c35bd33254a,OPT-RFT-XATMOV88-R512-v1:0378,XATMOV_C2_14_2683_z2_22,751fce4abd2c7dc0d0be004c1011789900db86de515e4cf285dcfbdfb808413d,378,cross_family_test_set,XATMOV/structures/XATMOV_C2_14_2683_z2_22.cif,e426bfd87c3b474e1efe5dd48652f888f7e701f40cab34040f50ee66f23779e3,751fce4abd2c7dc0d0be004c1011789900db86de515e4cf285dcfbdfb808413d,0,88,"[""C"", ""C"", ""N"", ""C"", ""H"", ""H"", ""H"", ""H"", ""H"", ""H"", ""H"", ""C"", ""C"", ""N"", ""C"", ""H"", ""H"", ""H"", ""H"", ""H"", ""H"", ""H"", ""C"", ""C"", ""N"", ""C"", ""H"", ""H"", ""H"", ""H"", ""H"", ""H"", ""H"", ""C"", ""C"", ""N"", ""C"", ""H"", ""H"", ""H"", ""H"", ""H"", ""H"", ""H"", ""C"", ""C"", ""N"", ""C"", ""H"", ""H"", ""H"", ""H"", ""H"", ""H"", ""H"", ""C"", ""C"", ""N"", ""C"", ""H"", ""H"", ""H"", ""H"", ""H"", ""H"", ""H"", ""C"", ""C"", ""N"", ""C"", ""H"", ""H"", ""H"", ""H"", ""H"", ""H"", ""H"", ""C"", ""C"", ""N"", ""C"", ""H"", ""H"", ""H"", ""H"", ""H"", ""H"", ""H""]",C24H56N8,"[true, true, true]","[11.986190595449202, 0.0, 0.0, 0.0, 11.40928837502753, 0.0, 3.483425621935823, 0.0, 10.664861763081086]",1458.4614926160612,[],"{""cutoff=6.000_skin=0.000"": 4408, ""cutoff=6.000_skin=0.500"": 5936}",0.0,,
OPT-RFT-XATMOV88-R512-v1,fae3cd510f7c1880e11bf0b677e0d7ad0094c8e909e2ee11e6410c35bd33254a,OPT-RFT-XATMOV88-R512-v1:0379,XATMOV_C2_14_5353_z2_22,395c4cc97d93d6a73c933d3068365c2f6319b0ea553bf722e0de845831d92521,379,cross_family_test_set,XATMOV/structures/XATMOV_C2_14_5353_z2_22.cif,368463ec3fd28d10720c80f5bc0878c1206aa283fc2e5f6defa748a5fa2614b2,395c4cc97d93d6a73c933d3068365c2f6319b0ea553bf722e0de845831d92521,0,88,"[""C"", ""C"", ""N"", ""C"", ""H"", ""H"", ""H"", ""H"", ""H"", ""H"", ""H"", ""C"", ""C"", ""N"", ""C"", ""H"", ""H"", ""H"", ""H"", ""H"", ""H"", ""H"", ""C"", ""C"", ""N"", ""C"", ""H"", ""H"", ""H"", ""H"", ""H"", ""H"", ""H"", ""C"", ""C"", ""N"", ""C"", ""H"", ""H"", ""H"", ""H"", ""H"", ""H"", ""H"", ""C"", ""C"", ""N"", ""C"", ""H"", ""H"", ""H"", ""H"", ""H"", ""H"", ""H"", ""C"", ""C"", ""N"", ""C"", ""H"", ""H"", ""H"", ""H"", ""H"", ""H"", ""H"", ""C"", ""C"", ""N"", ""C"", ""H"", ""H"", ""H"", ""H"", ""H"", ""H"", ""H"", ""C"", ""C"", ""N"", ""C"", ""H"", ""H"", ""H"", ""H"", ""H"", ""H"", ""H""]",C24H56N8,"[true, true, true]","[17.32136666653757, 0.0, 0.0, 0.0, 5.86281588725101, 0.0, -0.17711789978571946, 0.0, 14.784732700257248]",1501.4189339115164,[],"{""cutoff=6.000_skin=0.000"": 4412, ""cutoff=6.000_skin=0.500"": 5684}",0.0,,
OPT-RFT-XATMOV88-R512-v1,fae3cd510f7c1880e11bf0b677e0d7ad0094c8e909e2ee11e6410c35bd33254a,OPT-RFT-XATMOV88-R512-v1:0380,XATMOV_C2_14_135_z2_22,24ecac52b45846ee58dedb442ebe31f69db2434d0c955fc8dc8acf6265f9909c,380,cross_family_test_set,XATMOV/structures/XATMOV_C2_14_135_z2_22.cif,dc7e85fcaf254d0ddb02f4c07b6510e314d4331c4fec39604e0b1f1a0377e61d,24ecac52b45846ee58dedb442ebe31f69db2434d0c955fc8dc8acf6265f9909c,0,88,"[""C"", ""C"", ""N"", ""C"", ""H"", ""H"", ""H"", ""H"", ""H"", ""H"", ""H"", ""C"", ""C"", ""N"", ""C"", ""H"", ""H"", ""H"", ""H"", ""H"", ""H"", ""H"", ""C"", ""C"", ""N"", ""C"", ""H"", ""H"", ""H"", ""H"", ""H"", ""H"", ""H"", ""C"", ""C"", ""N"", ""C"", ""H"", ""H"", ""H"", ""H"", ""H"", ""H"", ""H"", ""C"", ""C"", ""N"", ""C"", ""H"", ""H"", ""H"", ""H"", ""H"", ""H"", ""H"", ""C"", ""C"", ""N"", ""C"", ""H"", ""H"", ""H"", ""H"", ""H"", ""H"", ""H"", ""C"", ""C"", ""N"", ""C"", ""H"", ""H"", ""H"", ""H"", ""H"", ""H"", ""H"", ""C"", ""C"", ""N"", ""C"", ""H"", ""H"", ""H"", ""H"", ""H"", ""H"", ""H""]",C24H56N8,"[true, true, true]","[12.286371076893644, 0.0, 0.0, 0.0, 12.363461274967385, 0.0, 6.325279792870458, 0.0, 9.923949217449795]",1507.468458666441,[],"{""cutoff=6.000_skin=0.000"": 4424, ""cutoff=6.000_skin=0.500"": 5960}",0.0,,
OPT-RFT-XATMOV88-R512-v1,fae3cd510f7c1880e11bf0b677e0d7ad0094c8e909e2ee11e6410c35bd33254a,OPT-RFT-XATMOV88-R512-v1:0381,XATMOV_C1_14_5503_z2_22,04be8011418101775b2f9c30414282ae1f5c3c3f0a7c1ccb2d08ee426e78e94a,381,cross_family_test_set,XATMOV/structures/XATMOV_C1_14_5503_z2_22.cif,77ccd640420fbfde91a4dbe56e45d0ce3467f66b95733daa86ef6872bc4883f3,04be8011418101775b2f9c30414282ae1f5c3c3f0a7c1ccb2d08ee426e78e94a,0,88,"[""C"", ""C"", ""N"", ""C"", ""H"", ""H"", ""H"", ""H"", ""H"", ""H"", ""H"", ""C"", ""C"", ""N"", ""C"", ""H"", ""H"", ""H"", ""H"", ""H"", ""H"", ""H"", ""C"", ""C"", ""N"", ""C"", ""H"", ""H"", ""H"", ""H"", ""H"", ""H"", ""H"", ""C"", ""C"", ""N"", ""C"", ""H"", ""H"", ""H"", ""H"", ""H"", ""H"", ""H"", ""C"", ""C"", ""N"", ""C"", ""H"", ""H"", ""H"", ""H"", ""H"", ""H"", ""H"", ""C"", ""C"", ""N"", ""C"", ""H"", ""H"", ""H"", ""H"", ""H"", ""H"", ""H"", ""C"", ""C"", ""N"", ""C"", ""H"", ""H"", ""H"", ""H"", ""H"", ""H"", ""H"", ""C"", ""C"", ""N"", ""C"", ""H"", ""H"", ""H"", ""H"", ""H"", ""H"", ""H""]",C24H56N8,"[true, true, true]","[17.338878694425393, 0.0, 0.0, 0.0, 11.526744322392616, 0.0, 2.9337043168533605, 0.0, 8.668786484642968]",1732.5507886416672,[],"{""cutoff=6.000_skin=0.000"": 4432, ""cutoff=6.000_skin=0.500"": 5696}",0.0,,
OPT-RFT-XATMOV88-R512-v1,fae3cd510f7c1880e11bf0b677e0d7ad0094c8e909e2ee11e6410c35bd33254a,OPT-RFT-XATMOV88-R512-v1:0382,XATMOV_C1_14_2381_z2_22,931ac3b904d2198f5720a0e820f513f81560e4da57d29cf15f739b7a4438e216,382,cross_family_test_set,XATMOV/structures/XATMOV_C1_14_2381_z2_22.cif,0782fc2610e615cb2745456fec838cbb656f54adf1dc9df95074c18d6326a950,931ac3b904d2198f5720a0e820f513f81560e4da57d29cf15f739b7a4438e216,0,88,"[""C"", ""C"", ""N"", ""C"", ""H"", ""H"", ""H"", ""H"", ""H"", ""H"", ""H"", ""C"", ""C"", ""N"", ""C"", ""H"", ""H"", ""H"", ""H"", ""H"", ""H"", ""H"", ""C"", ""C"", ""N"", ""C"", ""H"", ""H"", ""H"", ""H"", ""H"", ""H"", ""H"", ""C"", ""C"", ""N"", ""C"", ""H"", ""H"", ""H"", ""H"", ""H"", ""H"", ""H"", ""C"", ""C"", ""N"", ""C"", ""H"", ""H"", ""H"", ""H"", ""H"", ""H"", ""H"", ""C"", ""C"", ""N"", ""C"", ""H"", ""H"", ""H"", ""H"", ""H"", ""H"", ""H"", ""C"", ""C"", ""N"", ""C"", ""H"", ""H"", ""H"", ""H"", ""H"", ""H"", ""H"", ""C"", ""C"", ""N"", ""C"", ""H"", ""H"", ""H"", ""H"", ""H"", ""H"", ""H""]",C24H56N8,"[true, true, true]","[5.892220071466383, 0.0, 0.0, 0.0, 17.30652311974208, 0.0, 4.329946819918919, 0.0, 15.650760416394203]",1595.9681838642728,[],"{""cutoff=6.000_skin=0.000"": 4440, ""cutoff=6.000_skin=0.500"": 5620}",0.0,,
OPT-RFT-XATMOV88-R512-v1,fae3cd510f7c1880e11bf0b677e0d7ad0094c8e909e2ee11e6410c35bd33254a,OPT-RFT-XATMOV88-R512-v1:0383,XATMOV_C1_14_4816_z2_22,7bca7b1fc56b48cc7bf25e252faa8ccf37b7a60e28ab1faa51c808156ed1f8c9,383,cross_family_test_set,XATMOV/structures/XATMOV_C1_14_4816_z2_22.cif,82aef3e405f3940bc9c8af941082921958ddb1b6d24c39615154bc1909de85b0,7bca7b1fc56b48cc7bf25e252faa8ccf37b7a60e28ab1faa51c808156ed1f8c9,0,88,"[""C"", ""C"", ""N"", ""C"", ""H"", ""H"", ""H"", ""H"", ""H"", ""H"", ""H"", ""C"", ""C"", ""N"", ""C"", ""H"", ""H"", ""H"", ""H"", ""H"", ""H"", ""H"", ""C"", ""C"", ""N"", ""C"", ""H"", ""H"", ""H"", ""H"", ""H"", ""H"", ""H"", ""C"", ""C"", ""N"", ""C"", ""H"", ""H"", ""H"", ""H"", ""H"", ""H"", ""H"", ""C"", ""C"", ""N"", ""C"", ""H"", ""H"", ""H"", ""H"", ""H"", ""H"", ""H"", ""C"", ""C"", ""N"", ""C"", ""H"", ""H"", ""H"", ""H"", ""H"", ""H"", ""H"", ""C"", ""C"", ""N"", ""C"", ""H"", ""H"", ""H"", ""H"", ""H"", ""H"", ""H"", ""C"", ""C"", ""N"", ""C"", ""H"", ""H"", ""H"", ""H"", ""H"", ""H"", ""H""]",C24H56N8,"[true, true, true]","[12.594311450934761, 0.0, 0.0, 0.0, 10.87644788672802, 0.0, 0.6354973368913972, 0.0, 10.800601756057294]",1479.4812487558272,[],"{""cutoff=6.000_skin=0.000"": 4444, ""cutoff=6.000_skin=0.500"": 5800}",0.0,,
OPT-RFT-XATMOV88-R512-v1,fae3cd510f7c1880e11bf0b677e0d7ad0094c8e909e2ee11e6410c35bd33254a,OPT-RFT-XATMOV88-R512-v1:0384,XATMOV_C1_14_5634_z2_22,fb946cfc24fa59ef20cac1442028a53c3abf6e3397ac4bda3e0e10676133073f,384,cross_family_test_set,XATMOV/structures/XATMOV_C1_14_5634_z2_22.cif,c1312ca24397dc6e09292b93a045689fc95d8f953f0bc2a2d74cf2f64d430ddf,fb946cfc24fa59ef20cac1442028a53c3abf6e3397ac4bda3e0e10676133073f,0,88,"[""C"", ""C"", ""N"", ""C"", ""H"", ""H"", ""H"", ""H"", ""H"", ""H"", ""H"", ""C"", ""C"", ""N"", ""C"", ""H"", ""H"", ""H"", ""H"", ""H"", ""H"", ""H"", ""C"", ""C"", ""N"", ""C"", ""H"", ""H"", ""H"", ""H"", ""H"", ""H"", ""H"", ""C"", ""C"", ""N"", ""C"", ""H"", ""H"", ""H"", ""H"", ""H"", ""H"", ""H"", ""C"", ""C"", ""N"", ""C"", ""H"", ""H"", ""H"", ""H"", ""H"", ""H"", ""H"", ""C"", ""C"", ""N"", ""C"", ""H"", ""H"", ""H"", ""H"", ""H"", ""H"", ""H"", ""C"", ""C"", ""N"", ""C"", ""H"", ""H"", ""H"", ""H"", ""H"", ""H"", ""H"", ""C"", ""C"", ""N"", ""C"", ""H"", ""H"", ""H"", ""H"", ""H"", ""H"", ""H""]",C24H56N8,"[true, true, true]","[10.98709027657268, 0.0, 0.0, 0.0, 12.937117239322788, 0.0, 1.8167349296368378, 0.0, 10.263698076132082]",1458.8951310340358,[],"{""cutoff=6.000_skin=0.000"": 4452, ""cutoff=6.000_skin=0.500"": 5948}",0.0,,
OPT-RFT-XATMOV88-R512-v1,fae3cd510f7c1880e11bf0b677e0d7ad0094c8e909e2ee11e6410c35bd33254a,OPT-RFT-XATMOV88-R512-v1:0385,XATMOV_C2_14_2261_z2_22,aab91818e0f0f94a9249e05968520e3223cea6fde46432e0588697158d7b3684,385,cross_family_test_set,XATMOV/structures/XATMOV_C2_14_2261_z2_22.cif,d5645c271212781c89066f07829ea450e591d600d3d71659cc5602d3f3d4a318,aab91818e0f0f94a9249e05968520e3223cea6fde46432e0588697158d7b3684,0,88,"[""C"", ""C"", ""N"", ""C"", ""H"", ""H"", ""H"", ""H"", ""H"", ""H"", ""H"", ""C"", ""C"", ""N"", ""C"", ""H"", ""H"", ""H"", ""H"", ""H"", ""H"", ""H"", ""C"", ""C"", ""N"", ""C"", ""H"", ""H"", ""H"", ""H"", ""H"", ""H"", ""H"", ""C"", ""C"", ""N"", ""C"", ""H"", ""H"", ""H"", ""H"", ""H"", ""H"", ""H"", ""C"", ""C"", ""N"", ""C"", ""H"", ""H"", ""H"", ""H"", ""H"", ""H"", ""H"", ""C"", ""C"", ""N"", ""C"", ""H"", ""H"", ""H"", ""H"", ""H"", ""H"", ""H"", ""C"", ""C"", ""N"", ""C"", ""H"", ""H"", ""H"", ""H"", ""H"", ""H"", ""H"", ""C"", ""C"", ""N"", ""C"", ""H"", ""H"", ""H"", ""H"", ""H"", ""H"", ""H""]",C24H56N8,"[true, true, true]","[10.118664461614088, 0.0, 0.0, 0.0, 11.829238136682307, 0.0, -1.1983552968189615, 0.0, 11.892589732706018]",1423.4965093128783,[],"{""cutoff=6.000_skin=0.000"": 4468, ""cutoff=6.000_skin=0.500"": 6060}",0.0,,
OPT-RFT-XATMOV88-R512-v1,fae3cd510f7c1880e11bf0b677e0d7ad0094c8e909e2ee11e6410c35bd33254a,OPT-RFT-XATMOV88-R512-v1:0386,XATMOV_C1_14_7118_z2_22,4d208da3441f605fb75b9c7683d9388ff2606396cb8e3620956ffe263f4a638a,386,cross_family_test_set,XATMOV/structures/XATMOV_C1_14_7118_z2_22.cif,225c275b52ac4314116eca9985303e7f4245d70b80fa927a6189d58b18a576ed,4d208da3441f605fb75b9c7683d9388ff2606396cb8e3620956ffe263f4a638a,0,88,"[""C"", ""C"", ""N"", ""C"", ""H"", ""H"", ""H"", ""H"", ""H"", ""H"", ""H"", ""C"", ""C"", ""N"", ""C"", ""H"", ""H"", ""H"", ""H"", ""H"", ""H"", ""H"", ""C"", ""C"", ""N"", ""C"", ""H"", ""H"", ""H"", ""H"", ""H"", ""H"", ""H"", ""C"", ""C"", ""N"", ""C"", ""H"", ""H"", ""H"", ""H"", ""H"", ""H"", ""H"", ""C"", ""C"", ""N"", ""C"", ""H"", ""H"", ""H"", ""H"", ""H"", ""H"", ""H"", ""C"", ""C"", ""N"", ""C"", ""H"", ""H"", ""H"", ""H"", ""H"", ""H"", ""H"", ""C"", ""C"", ""N"", ""C"", ""H"", ""H"", ""H"", ""H"", ""H"", ""H"", ""H"", ""C"", ""C"", ""N"", ""C"", ""H"", ""H"", ""H"", ""H"", ""H"", ""H"", ""H""]",C24H56N8,"[true, true, true]","[5.002149331749187, 0.0, 0.0, 0.0, 20.435438741100363, 0.0, -2.8914644167939416, 0.0, 19.03869947997142]",1946.1571126538313,[],"{""cutoff=6.000_skin=0.000"": 4472, ""cutoff=6.000_skin=0.500"": 5404}",0.0,,
OPT-RFT-XATMOV88-R512-v1,fae3cd510f7c1880e11bf0b677e0d7ad0094c8e909e2ee11e6410c35bd33254a,OPT-RFT-XATMOV88-R512-v1:0387,XATMOV_C1_14_3907_z2_22,85c3b734a14a64e2982ffe3c908c46b641faae73ee0f5e9acc0ac91f9a137ad1,387,cross_family_test_set,XATMOV/structures/XATMOV_C1_14_3907_z2_22.cif,30a80df5f84680b59439c273d299d1666722e975f042e472495e5be19dab835d,85c3b734a14a64e2982ffe3c908c46b641faae73ee0f5e9acc0ac91f9a137ad1,0,88,"[""C"", ""C"", ""N"", ""C"", ""H"", ""H"", ""H"", ""H"", ""H"", ""H"", ""H"", ""C"", ""C"", ""N"", ""C"", ""H"", ""H"", ""H"", ""H"", ""H"", ""H"", ""H"", ""C"", ""C"", ""N"", ""C"", ""H"", ""H"", ""H"", ""H"", ""H"", ""H"", ""H"", ""C"", ""C"", ""N"", ""C"", ""H"", ""H"", ""H"", ""H"", ""H"", ""H"", ""H"", ""C"", ""C"", ""N"", ""C"", ""H"", ""H"", ""H"", ""H"", ""H"", ""H"", ""H"", ""C"", ""C"", ""N"", ""C"", ""H"", ""H"", ""H"", ""H"", ""H"", ""H"", ""H"", ""C"", ""C"", ""N"", ""C"", ""H"", ""H"", ""H"", ""H"", ""H"", ""H"", ""H"", ""C"", ""C"", ""N"", ""C"", ""H"", ""H"", ""H"", ""H"", ""H"", ""H"", ""H""]",C24H56N8,"[true, true, true]","[13.68434685323648, 0.0, 0.0, 0.0, 11.447130291952913, 0.0, -7.074001149913262, 0.0, 9.50599478514846]",1489.080825318187,[],"{""cutoff=6.000_skin=0.000"": 4476, ""cutoff=6.000_skin=0.500"": 5852}",0.0,,
OPT-RFT-XATMOV88-R512-v1,fae3cd510f7c1880e11bf0b677e0d7ad0094c8e909e2ee11e6410c35bd33254a,OPT-RFT-XATMOV88-R512-v1:0388,XATMOV_C2_14_5657_z2_22,c0847d7cb2fa26065a26ea86fa94457c6f8f8f7a7628c8798feba9fde6eb4fa1,388,cross_family_test_set,XATMOV/structures/XATMOV_C2_14_5657_z2_22.cif,ad0ac165ad10a87aae5b218af78a09d495c9c25822c6c825e6a6ebeb17a5075a,c0847d7cb2fa26065a26ea86fa94457c6f8f8f7a7628c8798feba9fde6eb4fa1,0,88,"[""C"", ""C"", ""N"", ""C"", ""H"", ""H"", ""H"", ""H"", ""H"", ""H"", ""H"", ""C"", ""C"", ""N"", ""C"", ""H"", ""H"", ""H"", ""H"", ""H"", ""H"", ""H"", ""C"", ""C"", ""N"", ""C"", ""H"", ""H"", ""H"", ""H"", ""H"", ""H"", ""H"", ""C"", ""C"", ""N"", ""C"", ""H"", ""H"", ""H"", ""H"", ""H"", ""H"", ""H"", ""C"", ""C"", ""N"", ""C"", ""H"", ""H"", ""H"", ""H"", ""H"", ""H"", ""H"", ""C"", ""C"", ""N"", ""C"", ""H"", ""H"", ""H"", ""H"", ""H"", ""H"", ""H"", ""C"", ""C"", ""N"", ""C"", ""H"", ""H"", ""H"", ""H"", ""H"", ""H"", ""H"", ""C"", ""C"", ""N"", ""C"", ""H"", ""H"", ""H"", ""H"", ""H"", ""H"", ""H""]",C24H56N8,"[true, true, true]","[12.541792228726749, 0.0, 0.0, 0.0, 10.922685950513053, 0.0, 1.2540971112899835, 0.0, 11.231807412253682]",1538.645946277011,[],"{""cutoff=6.000_skin=0.000"": 4484, ""cutoff=6.000_skin=0.500"": 5916}",0.0,,
OPT-RFT-XATMOV88-R512-v1,fae3cd510f7c1880e11bf0b677e0d7ad0094c8e909e2ee11e6410c35bd33254a,OPT-RFT-XATMOV88-R512-v1:0389,XATMOV_C1_14_6343_z2_22,4a15e61beadfa8df82335d979e2aaff2f601dfdf4053993b1f8b980c61c014cf,389,cross_family_test_set,XATMOV/structures/XATMOV_C1_14_6343_z2_22.cif,631aac30ddb47eab81a2fb4fab91eb674d6e0b7cceed8b28419109fb8f4ca45b,4a15e61beadfa8df82335d979e2aaff2f601dfdf4053993b1f8b980c61c014cf,0,88,"[""C"", ""C"", ""N"", ""C"", ""H"", ""H"", ""H"", ""H"", ""H"", ""H"", ""H"", ""C"", ""C"", ""N"", ""C"", ""H"", ""H"", ""H"", ""H"", ""H"", ""H"", ""H"", ""C"", ""C"", ""N"", ""C"", ""H"", ""H"", ""H"", ""H"", ""H"", ""H"", ""H"", ""C"", ""C"", ""N"", ""C"", ""H"", ""H"", ""H"", ""H"", ""H"", ""H"", ""H"", ""C"", ""C"", ""N"", ""C"", ""H"", ""H"", ""H"", ""H"", ""H"", ""H"", ""H"", ""C"", ""C"", ""N"", ""C"", ""H"", ""H"", ""H"", ""H"", ""H"", ""H"", ""H"", ""C"", ""C"", ""N"", ""C"", ""H"", ""H"", ""H"", ""H"", ""H"", ""H"", ""H"", ""C"", ""C"", ""N"", ""C"", ""H"", ""H"", ""H"", ""H"", ""H"", ""H"", ""H""]",C24H56N8,"[true, true, true]","[11.5431477844946, 0.0, 0.0, 0.0, 12.434269337238412, 0.0, 2.1230475077499205, 0.0, 10.107460121063772]",1450.729902090877,[],"{""cutoff=6.000_skin=0.000"": 4496, ""cutoff=6.000_skin=0.500"": 5892}",0.0,,
OPT-RFT-XATMOV88-R512-v1,fae3cd510f7c1880e11bf0b677e0d7ad0094c8e909e2ee11e6410c35bd33254a,OPT-RFT-XATMOV88-R512-v1:0390,XATMOV_C2_14_4816_z2_22,cf083c09fc2c5bbb4fec0e56196c53e7dadfc73dd1df7dd25f7d5920f99a6ba0,390,cross_family_test_set,XATMOV/structures/XATMOV_C2_14_4816_z2_22.cif,f14c87e05b99810b2519047cfc4c0478b684e498add38a57a70a76714196448c,cf083c09fc2c5bbb4fec0e56196c53e7dadfc73dd1df7dd25f7d5920f99a6ba0,0,88,"[""C"", ""C"", ""N"", ""C"", ""H"", ""H"", ""H"", ""H"", ""H"", ""H"", ""H"", ""C"", ""C"", ""N"", ""C"", ""H"", ""H"", ""H"", ""H"", ""H"", ""H"", ""H"", ""C"", ""C"", ""N"", ""C"", ""H"", ""H"", ""H"", ""H"", ""H"", ""H"", ""H"", ""C"", ""C"", ""N"", ""C"", ""H"", ""H"", ""H"", ""H"", ""H"", ""H"", ""H"", ""C"", ""C"", ""N"", ""C"", ""H"", ""H"", ""H"", ""H"", ""H"", ""H"", ""H"", ""C"", ""C"", ""N"", ""C"", ""H"", ""H"", ""H"", ""H"", ""H"", ""H"", ""H"", ""C"", ""C"", ""N"", ""C"", ""H"", ""H"", ""H"", ""H"", ""H"", ""H"", ""H"", ""C"", ""C"", ""N"", ""C"", ""H"", ""H"", ""H"", ""H"", ""H"", ""H"", ""H""]",C24H56N8,"[true, true, true]","[13.399376568289583, 0.0, 0.0, 0.0, 9.247668775331778, 0.0, 0.6903618396308845, 0.0, 11.733051996575897]",1453.8776286333612,[],"{""cutoff=6.000_skin=0.000"": 4500, ""cutoff=6.000_skin=0.500"": 5832}",0.0,,
OPT-RFT-XATMOV88-R512-v1,fae3cd510f7c1880e11bf0b677e0d7ad0094c8e909e2ee11e6410c35bd33254a,OPT-RFT-XATMOV88-R512-v1:0391,XATMOV_C2_14_1052_z2_22,d2b669285ff6a0a80889ee5cf5a4d9d6abeef1cb86c2a943620502cfdaf52324,391,cross_family_test_set,XATMOV/structures/XATMOV_C2_14_1052_z2_22.cif,c4cb01c176bd6fc0809b98693b2b230082c839d57d050689d9ac614d07f6b23e,d2b669285ff6a0a80889ee5cf5a4d9d6abeef1cb86c2a943620502cfdaf52324,0,88,"[""C"", ""C"", ""N"", ""C"", ""H"", ""H"", ""H"", ""H"", ""H"", ""H"", ""H"", ""C"", ""C"", ""N"", ""C"", ""H"", ""H"", ""H"", ""H"", ""H"", ""H"", ""H"", ""C"", ""C"", ""N"", ""C"", ""H"", ""H"", ""H"", ""H"", ""H"", ""H"", ""H"", ""C"", ""C"", ""N"", ""C"", ""H"", ""H"", ""H"", ""H"", ""H"", ""H"", ""H"", ""C"", ""C"", ""N"", ""C"", ""H"", ""H"", ""H"", ""H"", ""H"", ""H"", ""H"", ""C"", ""C"", ""N"", ""C"", ""H"", ""H"", ""H"", ""H"", ""H"", ""H"", ""H"", ""C"", ""C"", ""N"", ""C"", ""H"", ""H"", ""H"", ""H"", ""H"", ""H"", ""H"", ""C"", ""C"", ""N"", ""C"", ""H"", ""H"", ""H"", ""H"", ""H"", ""H"", ""H""]",C24H56N8,"[true, true, true]","[7.349575404847554, 0.0, 0.0, 0.0, 9.777916936206594, 0.0, 7.698841657700296, 0.0, 20.347924141451298]",1462.2738161991385,[],"{""cutoff=6.000_skin=0.000"": 4512, ""cutoff=6.000_skin=0.500"": 5828}",0.0,,
OPT-RFT-XATMOV88-R512-v1,fae3cd510f7c1880e11bf0b677e0d7ad0094c8e909e2ee11e6410c35bd33254a,OPT-RFT-XATMOV88-R512-v1:0392,XATMOV_C1_14_4479_z2_22,3a7865a11e53a367268efd672ad9272722ba2bd84f14b374f40906f262c42b8f,392,cross_family_test_set,XATMOV/structures/XATMOV_C1_14_4479_z2_22.cif,942363df6083a8d16dc22d503d71f6c0cb3b04157540e11d709750e06a94d896,3a7865a11e53a367268efd672ad9272722ba2bd84f14b374f40906f262c42b8f,0,88,"[""C"", ""C"", ""N"", ""C"", ""H"", ""H"", ""H"", ""H"", ""H"", ""H"", ""H"", ""C"", ""C"", ""N"", ""C"", ""H"", ""H"", ""H"", ""H"", ""H"", ""H"", ""H"", ""C"", ""C"", ""N"", ""C"", ""H"", ""H"", ""H"", ""H"", ""H"", ""H"", ""H"", ""C"", ""C"", ""N"", ""C"", ""H"", ""H"", ""H"", ""H"", ""H"", ""H"", ""H"", ""C"", ""C"", ""N"", ""C"", ""H"", ""H"", ""H"", ""H"", ""H"", ""H"", ""H"", ""C"", ""C"", ""N"", ""C"", ""H"", ""H"", ""H"", ""H"", ""H"", ""H"", ""H"", ""C"", ""C"", ""N"", ""C"", ""H"", ""H"", ""H"", ""H"", ""H"", ""H"", ""H"", ""C"", ""C"", ""N"", ""C"", ""H"", ""H"", ""H"", ""H"", ""H"", ""H"", ""H""]",C24H56N8,"[true, true, true]","[8.905223833459448, 0.0, 0.0, 0.0, 14.215357940651494, 0.0, 0.9534993993017913, 0.0, 11.23343885482231]",1422.051632752974,[],"{""cutoff=6.000_skin=0.000"": 4520, ""cutoff=6.000_skin=0.500"": 5976}",0.0,,
OPT-RFT-XATMOV88-R512-v1,fae3cd510f7c1880e11bf0b677e0d7ad0094c8e909e2ee11e6410c35bd33254a,OPT-RFT-XATMOV88-R512-v1:0393,XATMOV_C1_14_5026_z2_22,21368c6646f638fa0d272c6d165b39d1cb291c15c1f2a3317b43f0480ab07cd6,393,cross_family_test_set,XATMOV/structures/XATMOV_C1_14_5026_z2_22.cif,50349e10f6b1dd2606fca486d9f8df5bbc8459b34b0e11c3da4f1255d57de7ef,21368c6646f638fa0d272c6d165b39d1cb291c15c1f2a3317b43f0480ab07cd6,0,88,"[""C"", ""C"", ""N"", ""C"", ""H"", ""H"", ""H"", ""H"", ""H"", ""H"", ""H"", ""C"", ""C"", ""N"", ""C"", ""H"", ""H"", ""H"", ""H"", ""H"", ""H"", ""H"", ""C"", ""C"", ""N"", ""C"", ""H"", ""H"", ""H"", ""H"", ""H"", ""H"", ""H"", ""C"", ""C"", ""N"", ""C"", ""H"", ""H"", ""H"", ""H"", ""H"", ""H"", ""H"", ""C"", ""C"", ""N"", ""C"", ""H"", ""H"", ""H"", ""H"", ""H"", ""H"", ""H"", ""C"", ""C"", ""N"", ""C"", ""H"", ""H"", ""H"", ""H"", ""H"", ""H"", ""H"", ""C"", ""C"", ""N"", ""C"", ""H"", ""H"", ""H"", ""H"", ""H"", ""H"", ""H"", ""C"", ""C"", ""N"", ""C"", ""H"", ""H"", ""H"", ""H"", ""H"", ""H"", ""H""]",C24H56N8,"[true, true, true]","[11.283432807607213, 0.0, 0.0, 0.0, 12.039194092125777, 0.0, -4.559182567445532, 0.0, 11.285399304699043]",1533.0474361965678,[],"{""cutoff=6.000_skin=0.000"": 4528, ""cutoff=6.000_skin=0.500"": 5800}",0.0,,
OPT-RFT-XATMOV88-R512-v1,fae3cd510f7c1880e11bf0b677e0d7ad0094c8e909e2ee11e6410c35bd33254a,OPT-RFT-XATMOV88-R512-v1:0394,XATMOV_C2_14_3992_z2_22,efaa245178a0a178219e69295498dc7520a3ac20289130a2ea001289673d0f79,394,cross_family_test_set,XATMOV/structures/XATMOV_C2_14_3992_z2_22.cif,9a813f13e6bddce741041dde49bd7ec78e300f8f82a5e3db3634628524eb4a09,efaa245178a0a178219e69295498dc7520a3ac20289130a2ea001289673d0f79,0,88,"[""C"", ""C"", ""N"", ""C"", ""H"", ""H"", ""H"", ""H"", ""H"", ""H"", ""H"", ""C"", ""C"", ""N"", ""C"", ""H"", ""H"", ""H"", ""H"", ""H"", ""H"", ""H"", ""C"", ""C"", ""N"", ""C"", ""H"", ""H"", ""H"", ""H"", ""H"", ""H"", ""H"", ""C"", ""C"", ""N"", ""C"", ""H"", ""H"", ""H"", ""H"", ""H"", ""H"", ""H"", ""C"", ""C"", ""N"", ""C"", ""H"", ""H"", ""H"", ""H"", ""H"", ""H"", ""H"", ""C"", ""C"", ""N"", ""C"", ""H"", ""H"", ""H"", ""H"", ""H"", ""H"", ""H"", ""C"", ""C"", ""N"", ""C"", ""H"", ""H"", ""H"", ""H"", ""H"", ""H"", ""H"", ""C"", ""C"", ""N"", ""C"", ""H"", ""H"", ""H"", ""H"", ""H"", ""H"", ""H""]",C24H56N8,"[true, true, true]","[8.933958904412243, 0.0, 0.0, 0.0, 16.84981760226714, 0.0, 1.2518842738613036, 0.0, 9.854314288243621]",1483.4248972285775,[],"{""cutoff=6.000_skin=0.000"": 4536, ""cutoff=6.000_skin=0.500"": 5800}",0.0,,
OPT-RFT-XATMOV88-R512-v1,fae3cd510f7c1880e11bf0b677e0d7ad0094c8e909e2ee11e6410c35bd33254a,OPT-RFT-XATMOV88-R512-v1:0395,XATMOV_C2_14_1605_z2_22,6c1f86621a14fe7a0a7ba009ec70d8bc1e16978117e3a856d8830fc16260fa8c,395,cross_family_test_set,XATMOV/structures/XATMOV_C2_14_1605_z2_22.cif,047989048831cbaa2f6195302db50c707b5eb64118aed1ac69db165db86b767d,6c1f86621a14fe7a0a7ba009ec70d8bc1e16978117e3a856d8830fc16260fa8c,0,88,"[""C"", ""C"", ""N"", ""C"", ""H"", ""H"", ""H"", ""H"", ""H"", ""H"", ""H"", ""C"", ""C"", ""N"", ""C"", ""H"", ""H"", ""H"", ""H"", ""H"", ""H"", ""H"", ""C"", ""C"", ""N"", ""C"", ""H"", ""H"", ""H"", ""H"", ""H"", ""H"", ""H"", ""C"", ""C"", ""N"", ""C"", ""H"", ""H"", ""H"", ""H"", ""H"", ""H"", ""H"", ""C"", ""C"", ""N"", ""C"", ""H"", ""H"", ""H"", ""H"", ""H"", ""H"", ""H"", ""C"", ""C"", ""N"", ""C"", ""H"", ""H"", ""H"", ""H"", ""H"", ""H"", ""H"", ""C"", ""C"", ""N"", ""C"", ""H"", ""H"", ""H"", ""H"", ""H"", ""H"", ""H"", ""C"", ""C"", ""N"", ""C"", ""H"", ""H"", ""H"", ""H"", ""H"", ""H"", ""H""]",C24H56N8,"[true, true, true]","[13.390750840768312, 0.0, 0.0, 0.0, 12.642069756088421, 0.0, -0.0007391847085630148, 0.0, 8.263853347372656]",1398.9613402090995,[],"{""cutoff=6.000_skin=0.000"": 4540, ""cutoff=6.000_skin=0.500"": 6000}",0.0,,
OPT-RFT-XATMOV88-R512-v1,fae3cd510f7c1880e11bf0b677e0d7ad0094c8e909e2ee11e6410c35bd33254a,OPT-RFT-XATMOV88-R512-v1:0396,XATMOV_C2_14_2901_z2_22,15f545553d50cc31665b9944c3180ab8dba7eb46bede9ac06e79505d011def86,396,cross_family_test_set,XATMOV/structures/XATMOV_C2_14_2901_z2_22.cif,a418c9156645fa73dcf0ea8da4bdae6a6e0e5451dc4d0b9b6087b09a709cf4e0,15f545553d50cc31665b9944c3180ab8dba7eb46bede9ac06e79505d011def86,0,88,"[""C"", ""C"", ""N"", ""C"", ""H"", ""H"", ""H"", ""H"", ""H"", ""H"", ""H"", ""C"", ""C"", ""N"", ""C"", ""H"", ""H"", ""H"", ""H"", ""H"", ""H"", ""H"", ""C"", ""C"", ""N"", ""C"", ""H"", ""H"", ""H"", ""H"", ""H"", ""H"", ""H"", ""C"", ""C"", ""N"", ""C"", ""H"", ""H"", ""H"", ""H"", ""H"", ""H"", ""H"", ""C"", ""C"", ""N"", ""C"", ""H"", ""H"", ""H"", ""H"", ""H"", ""H"", ""H"", ""C"", ""C"", ""N"", ""C"", ""H"", ""H"", ""H"", ""H"", ""H"", ""H"", ""H"", ""C"", ""C"", ""N"", ""C"", ""H"", ""H"", ""H"", ""H"", ""H"", ""H"", ""H"", ""C"", ""C"", ""N"", ""C"", ""H"", ""H"", ""H"", ""H"", ""H"", ""H"", ""H""]",C24H56N8,"[true, true, true]","[25.552197196170255, 0.0, 0.0, 0.0, 8.894617185009409, 0.0, -3.640555626115679, 0.0, 6.255589010106857]",1421.7515803675597,[],"{""cutoff=6.000_skin=0.000"": 4548, ""cutoff=6.000_skin=0.500"": 6104}",0.0,,
OPT-RFT-XATMOV88-R512-v1,fae3cd510f7c1880e11bf0b677e0d7ad0094c8e909e2ee11e6410c35bd33254a,OPT-RFT-XATMOV88-R512-v1:0397,XATMOV_C1_14_3317_z2_22,aed1c07a44ac704c07713752f6593c68eef666ee3ab18ac9e5aeee3741cc7bc3,397,cross_family_test_set,XATMOV/structures/XATMOV_C1_14_3317_z2_22.cif,15a75ce0862bc29026362be163ff2879e971997f9ea98de4651fa4d2a0be4495,aed1c07a44ac704c07713752f6593c68eef666ee3ab18ac9e5aeee3741cc7bc3,0,88,"[""C"", ""C"", ""N"", ""C"", ""H"", ""H"", ""H"", ""H"", ""H"", ""H"", ""H"", ""C"", ""C"", ""N"", ""C"", ""H"", ""H"", ""H"", ""H"", ""H"", ""H"", ""H"", ""C"", ""C"", ""N"", ""C"", ""H"", ""H"", ""H"", ""H"", ""H"", ""H"", ""H"", ""C"", ""C"", ""N"", ""C"", ""H"", ""H"", ""H"", ""H"", ""H"", ""H"", ""H"", ""C"", ""C"", ""N"", ""C"", ""H"", ""H"", ""H"", ""H"", ""H"", ""H"", ""H"", ""C"", ""C"", ""N"", ""C"", ""H"", ""H"", ""H"", ""H"", ""H"", ""H"", ""H"", ""C"", ""C"", ""N"", ""C"", ""H"", ""H"", ""H"", ""H"", ""H"", ""H"", ""H"", ""C"", ""C"", ""N"", ""C"", ""H"", ""H"", ""H"", ""H"", ""H"", ""H"", ""H""]",C24H56N8,"[true, true, true]","[16.627701338495044, 0.0, 0.0, 0.0, 8.492853027213275, 0.0, -0.7357006240620259, 0.0, 10.189256075221737]",1438.8923404300892,[],"{""cutoff=6.000_skin=0.000"": 4560, ""cutoff=6.000_skin=0.500"": 5752}",0.0,,
OPT-RFT-XATMOV88-R512-v1,fae3cd510f7c1880e11bf0b677e0d7ad0094c8e909e2ee11e6410c35bd33254a,OPT-RFT-XATMOV88-R512-v1:0398,XATMOV_C1_14_3627_z2_22,56740cf1f6f42a3a49f8ddb5953b0aececc76251bff8933d2c4830b72e9d5e93,398,cross_family_test_set,XATMOV/structures/XATMOV_C1_14_3627_z2_22.cif,07a7ea51de46a047009ce0788d3fcd77ddd420a15a1f40640cd6bf8e79e176db,56740cf1f6f42a3a49f8ddb5953b0aececc76251bff8933d2c4830b72e9d5e93,0,88,"[""C"", ""C"", ""N"", ""C"", ""H"", ""H"", ""H"", ""H"", ""H"", ""H"", ""H"", ""C"", ""C"", ""N"", ""C"", ""H"", ""H"", ""H"", ""H"", ""H"", ""H"", ""H"", ""C"", ""C"", ""N"", ""C"", ""H"", ""H"", ""H"", ""H"", ""H"", ""H"", ""H"", ""C"", ""C"", ""N"", ""C"", ""H"", ""H"", ""H"", ""H"", ""H"", ""H"", ""H"", ""C"", ""C"", ""N"", ""C"", ""H"", ""H"", ""H"", ""H"", ""H"", ""H"", ""H"", ""C"", ""C"", ""N"", ""C"", ""H"", ""H"", ""H"", ""H"", ""H"", ""H"", ""H"", ""C"", ""C"", ""N"", ""C"", ""H"", ""H"", ""H"", ""H"", ""H"", ""H"", ""H"", ""C"", ""C"", ""N"", ""C"", ""H"", ""H"", ""H"", ""H"", ""H"", ""H"", ""H""]",C24H56N8,"[true, true, true]","[11.832347203510508, 0.0, 0.0, 0.0, 12.056262003929156, 0.0, 4.0548150275099495, 0.0, 10.292192393513437]",1468.2211581286451,[],"{""cutoff=6.000_skin=0.000"": 4564, ""cutoff=6.000_skin=0.500"": 5960}",0.0,,
OPT-RFT-XATMOV88-R512-v1,fae3cd510f7c1880e11bf0b677e0d7ad0094c8e909e2ee11e6410c35bd33254a,OPT-RFT-XATMOV88-R512-v1:0399,XATMOV_C2_14_5500_z2_22,a3d753a1f242165e279d023c3aa74edf3e858889fe45ffc65b85e29874fe12d2,399,cross_family_test_set,XATMOV/structures/XATMOV_C2_14_5500_z2_22.cif,03b0d977b69a5357f43d0c351c6431ea46b9300fb48b2a2323fc3a3a0551927e,a3d753a1f242165e279d023c3aa74edf3e858889fe45ffc65b85e29874fe12d2,0,88,"[""C"", ""C"", ""N"", ""C"", ""H"", ""H"", ""H"", ""H"", ""H"", ""H"", ""H"", ""C"", ""C"", ""N"", ""C"", ""H"", ""H"", ""H"", ""H"", ""H"", ""H"", ""H"", ""C"", ""C"", ""N"", ""C"", ""H"", ""H"", ""H"", ""H"", ""H"", ""H"", ""H"", ""C"", ""C"", ""N"", ""C"", ""H"", ""H"", ""H"", ""H"", ""H"", ""H"", ""H"", ""C"", ""C"", ""N"", ""C"", ""H"", ""H"", ""H"", ""H"", ""H"", ""H"", ""H"", ""C"", ""C"", ""N"", ""C"", ""H"", ""H"", ""H"", ""H"", ""H"", ""H"", ""H"", ""C"", ""C"", ""N"", ""C"", ""H"", ""H"", ""H"", ""H"", ""H"", ""H"", ""H"", ""C"", ""C"", ""N"", ""C"", ""H"", ""H"", ""H"", ""H"", ""H"", ""H"", ""H""]",C24H56N8,"[true, true, true]","[11.112396967529548, 0.0, 0.0, 0.0, 10.862081853157619, 0.0, -3.769070818419356, 0.0, 12.243677997239732]",1477.8580371762343,[],"{""cutoff=6.000_skin=0.000"": 4568, ""cutoff=6.000_skin=0.500"": 5904}",0.0,,
OPT-RFT-XATMOV88-R512-v1,fae3cd510f7c1880e11bf0b677e0d7ad0094c8e909e2ee11e6410c35bd33254a,OPT-RFT-XATMOV88-R512-v1:0400,XATMOV_C2_14_2822_z2_22,d2f2849e41bedc5fe731dfbfa26d2e423a1a6aac84f253c8bb47f1e75ef04ef4,400,cross_family_test_set,XATMOV/structures/XATMOV_C2_14_2822_z2_22.cif,a6e506dd659343b9ef6d07fb3589d1e3558101986cbbd73d83b3ad2475448794,d2f2849e41bedc5fe731dfbfa26d2e423a1a6aac84f253c8bb47f1e75ef04ef4,0,88,"[""C"", ""C"", ""N"", ""C"", ""H"", ""H"", ""H"", ""H"", ""H"", ""H"", ""H"", ""C"", ""C"", ""N"", ""C"", ""H"", ""H"", ""H"", ""H"", ""H"", ""H"", ""H"", ""C"", ""C"", ""N"", ""C"", ""H"", ""H"", ""H"", ""H"", ""H"", ""H"", ""H"", ""C"", ""C"", ""N"", ""C"", ""H"", ""H"", ""H"", ""H"", ""H"", ""H"", ""H"", ""C"", ""C"", ""N"", ""C"", ""H"", ""H"", ""H"", ""H"", ""H"", ""H"", ""H"", ""C"", ""C"", ""N"", ""C"", ""H"", ""H"", ""H"", ""H"", ""H"", ""H"", ""H"", ""C"", ""C"", ""N"", ""C"", ""H"", ""H"", ""H"", ""H"", ""H"", ""H"", ""H"", ""C"", ""C"", ""N"", ""C"", ""H"", ""H"", ""H"", ""H"", ""H"", ""H"", ""H""]",C24H56N8,"[true, true, true]","[15.105243173293644, 0.0, 0.0, 0.0, 7.4657737590972815, 0.0, 7.2459772467398755, 0.0, 12.36087830980837]",1393.9650244562638,[],"{""cutoff=6.000_skin=0.000"": 4576, ""cutoff=6.000_skin=0.500"": 5996}",0.0,,
OPT-RFT-XATMOV88-R512-v1,fae3cd510f7c1880e11bf0b677e0d7ad0094c8e909e2ee11e6410c35bd33254a,OPT-RFT-XATMOV88-R512-v1:0401,XATMOV_C1_14_3309_z2_22,ec362629cb51dc8c07fb943dfa2735b5627720cd20d577c42fd5911a550d53c3,401,cross_family_test_set,XATMOV/structures/XATMOV_C1_14_3309_z2_22.cif,c1b31970c33b84c6faa6ca531cf18b7042cbeb76fe687bbfb72bab1ddea8de7c,ec362629cb51dc8c07fb943dfa2735b5627720cd20d577c42fd5911a550d53c3,0,88,"[""C"", ""C"", ""N"", ""C"", ""H"", ""H"", ""H"", ""H"", ""H"", ""H"", ""H"", ""C"", ""C"", ""N"", ""C"", ""H"", ""H"", ""H"", ""H"", ""H"", ""H"", ""H"", ""C"", ""C"", ""N"", ""C"", ""H"", ""H"", ""H"", ""H"", ""H"", ""H"", ""H"", ""C"", ""C"", ""N"", ""C"", ""H"", ""H"", ""H"", ""H"", ""H"", ""H"", ""H"", ""C"", ""C"", ""N"", ""C"", ""H"", ""H"", ""H"", ""H"", ""H"", ""H"", ""H"", ""C"", ""C"", ""N"", ""C"", ""H"", ""H"", ""H"", ""H"", ""H"", ""H"", ""H"", ""C"", ""C"", ""N"", ""C"", ""H"", ""H"", ""H"", ""H"", ""H"", ""H"", ""H"", ""C"", ""C"", ""N"", ""C"", ""H"", ""H"", ""H"", ""H"", ""H"", ""H"", ""H""]",C24H56N8,"[true, true, true]","[11.987582547261546, 0.0, 0.0, 0.0, 9.976705026143925, 0.0, 8.40205881442245, 0.0, 11.970946155887338]",1431.6841603590267,[],"{""cutoff=6.000_skin=0.000"": 4588, ""cutoff=6.000_skin=0.500"": 6100}",0.0,,
OPT-RFT-XATMOV88-R512-v1,fae3cd510f7c1880e11bf0b677e0d7ad0094c8e909e2ee11e6410c35bd33254a,OPT-RFT-XATMOV88-R512-v1:0402,XATMOV_C2_14_4493_z2_22,fc8ff32a93ddfefa4c4082298505adbca0eafbdb8e83f9eaf0a602b7d7e28633,402,cross_family_test_set,XATMOV/structures/XATMOV_C2_14_4493_z2_22.cif,466d08c94e265272b26df7eae36bf8e4c2aac1a960fc26a9c4978ac01254f3b2,fc8ff32a93ddfefa4c4082298505adbca0eafbdb8e83f9eaf0a602b7d7e28633,0,88,"[""C"", ""C"", ""N"", ""C"", ""H"", ""H"", ""H"", ""H"", ""H"", ""H"", ""H"", ""C"", ""C"", ""N"", ""C"", ""H"", ""H"", ""H"", ""H"", ""H"", ""H"", ""H"", ""C"", ""C"", ""N"", ""C"", ""H"", ""H"", ""H"", ""H"", ""H"", ""H"", ""H"", ""C"", ""C"", ""N"", ""C"", ""H"", ""H"", ""H"", ""H"", ""H"", ""H"", ""H"", ""C"", ""C"", ""N"", ""C"", ""H"", ""H"", ""H"", ""H"", ""H"", ""H"", ""H"", ""C"", ""C"", ""N"", ""C"", ""H"", ""H"", ""H"", ""H"", ""H"", ""H"", ""H"", ""C"", ""C"", ""N"", ""C"", ""H"", ""H"", ""H"", ""H"", ""H"", ""H"", ""H"", ""C"", ""C"", ""N"", ""C"", ""H"", ""H"", ""H"", ""H"", ""H"", ""H"", ""H""]",C24H56N8,"[true, true, true]","[5.443820892289988, 0.0, 0.0, 0.0, 17.827331795655397, 0.0, 1.6879934512743109, 0.0, 17.78324507888238]",1725.8426178268894,[],"{""cutoff=6.000_skin=0.000"": 4600, ""cutoff=6.000_skin=0.500"": 5916}",0.0,,
OPT-RFT-XATMOV88-R512-v1,fae3cd510f7c1880e11bf0b677e0d7ad0094c8e909e2ee11e6410c35bd33254a,OPT-RFT-XATMOV88-R512-v1:0403,XATMOV_C2_14_2572_z2_22,a1c6326959103a07f7f5227ad3670b7b22a4ead54fefd6d1c199c6a21a3141ed,403,cross_family_test_set,XATMOV/structures/XATMOV_C2_14_2572_z2_22.cif,8c27e50dee5ff1830b41646f42916e000532bf02ec7e2ca744d2a560b80ddebc,a1c6326959103a07f7f5227ad3670b7b22a4ead54fefd6d1c199c6a21a3141ed,0,88,"[""C"", ""C"", ""N"", ""C"", ""H"", ""H"", ""H"", ""H"", ""H"", ""H"", ""H"", ""C"", ""C"", ""N"", ""C"", ""H"", ""H"", ""H"", ""H"", ""H"", ""H"", ""H"", ""C"", ""C"", ""N"", ""C"", ""H"", ""H"", ""H"", ""H"", ""H"", ""H"", ""H"", ""C"", ""C"", ""N"", ""C"", ""H"", ""H"", ""H"", ""H"", ""H"", ""H"", ""H"", ""C"", ""C"", ""N"", ""C"", ""H"", ""H"", ""H"", ""H"", ""H"", ""H"", ""H"", ""C"", ""C"", ""N"", ""C"", ""H"", ""H"", ""H"", ""H"", ""H"", ""H"", ""H"", ""C"", ""C"", ""N"", ""C"", ""H"", ""H"", ""H"", ""H"", ""H"", ""H"", ""H"", ""C"", ""C"", ""N"", ""C"", ""H"", ""H"", ""H"", ""H"", ""H"", ""H"", ""H""]",C24H56N8,"[true, true, true]","[11.908183923255372, 0.0, 0.0, 0.0, 6.06492742107941, 0.0, -0.2137877828193377, 0.0, 21.233068101189488]",1533.5004030544153,[],"{""cutoff=6.000_skin=0.000"": 4608, ""cutoff=6.000_skin=0.500"": 6144}",0.0,,
OPT-RFT-XATMOV88-R512-v1,fae3cd510f7c1880e11bf0b677e0d7ad0094c8e909e2ee11e6410c35bd33254a,OPT-RFT-XATMOV88-R512-v1:0404,XATMOV_C2_14_7199_z2_22,6010548efb0aa12663e938d53940501886dbc94df8453a1c98c7830c8bc8f461,404,cross_family_test_set,XATMOV/structures/XATMOV_C2_14_7199_z2_22.cif,a57507c47de6fc8f7ea485d1624fad53a791f517649f20a12a48ba61eee2fa74,6010548efb0aa12663e938d53940501886dbc94df8453a1c98c7830c8bc8f461,0,88,"[""C"", ""C"", ""N"", ""C"", ""H"", ""H"", ""H"", ""H"", ""H"", ""H"", ""H"", ""C"", ""C"", ""N"", ""C"", ""H"", ""H"", ""H"", ""H"", ""H"", ""H"", ""H"", ""C"", ""C"", ""N"", ""C"", ""H"", ""H"", ""H"", ""H"", ""H"", ""H"", ""H"", ""C"", ""C"", ""N"", ""C"", ""H"", ""H"", ""H"", ""H"", ""H"", ""H"", ""H"", ""C"", ""C"", ""N"", ""C"", ""H"", ""H"", ""H"", ""H"", ""H"", ""H"", ""H"", ""C"", ""C"", ""N"", ""C"", ""H"", ""H"", ""H"", ""H"", ""H"", ""H"", ""H"", ""C"", ""C"", ""N"", ""C"", ""H"", ""H"", ""H"", ""H"", ""H"", ""H"", ""H"", ""C"", ""C"", ""N"", ""C"", ""H"", ""H"", ""H"", ""H"", ""H"", ""H"", ""H""]",C24H56N8,"[true, true, true]","[18.391065848000636, 0.0, 0.0, 0.0, 7.533819767655771, 0.0, -1.5310708666668418, 0.0, 10.64367600240127]",1474.734267039378,[],"{""cutoff=6.000_skin=0.000"": 4620, ""cutoff=6.000_skin=0.500"": 5668}",0.0,,
OPT-RFT-XATMOV88-R512-v1,fae3cd510f7c1880e11bf0b677e0d7ad0094c8e909e2ee11e6410c35bd33254a,OPT-RFT-XATMOV88-R512-v1:0405,XATMOV_C2_14_1787_z2_22,90787031077faa2bd1086d16ae4b66a0476f6e21cba48201793e59cfd1574469,405,cross_family_test_set,XATMOV/structures/XATMOV_C2_14_1787_z2_22.cif,1b3b161f30852dd28c602ef6e2248a487d1e6659bba73e4dd92a6f246446c480,90787031077faa2bd1086d16ae4b66a0476f6e21cba48201793e59cfd1574469,0,88,"[""C"", ""C"", ""N"", ""C"", ""H"", ""H"", ""H"", ""H"", ""H"", ""H"", ""H"", ""C"", ""C"", ""N"", ""C"", ""H"", ""H"", ""H"", ""H"", ""H"", ""H"", ""H"", ""C"", ""C"", ""N"", ""C"", ""H"", ""H"", ""H"", ""H"", ""H"", ""H"", ""H"", ""C"", ""C"", ""N"", ""C"", ""H"", ""H"", ""H"", ""H"", ""H"", ""H"", ""H"", ""C"", ""C"", ""N"", ""C"", ""H"", ""H"", ""H"", ""H"", ""H"", ""H"", ""H"", ""C"", ""C"", ""N"", ""C"", ""H"", ""H"", ""H"", ""H"", ""H"", ""H"", ""H"", ""C"", ""C"", ""N"", ""C"", ""H"", ""H"", ""H"", ""H"", ""H"", ""H"", ""H"", ""C"", ""C"", ""N"", ""C"", ""H"", ""H"", ""H"", ""H"", ""H"", ""H"", ""H""]",C24H56N8,"[true, true, true]","[5.399222471499378, 0.0, 0.0, 0.0, 17.821192216311584, 0.0, -1.8635949371025757, 0.0, 17.152010376981128]",1650.3764120793355,[],"{""cutoff=6.000_skin=0.000"": 4628, ""cutoff=6.000_skin=0.500"": 5792}",0.0,,
OPT-RFT-XATMOV88-R512-v1,fae3cd510f7c1880e11bf0b677e0d7ad0094c8e909e2ee11e6410c35bd33254a,OPT-RFT-XATMOV88-R512-v1:0406,XATMOV_C2_14_5575_z2_22,bb276555f3213a096585fe3653b1f44a08bb1be6b5058f68bf1c8ce1c511d719,406,cross_family_test_set,XATMOV/structures/XATMOV_C2_14_5575_z2_22.cif,6277d04c5b4ceae0be9a321701d83636a1521ffb1f84d0da0bc105be87c5db9c,bb276555f3213a096585fe3653b1f44a08bb1be6b5058f68bf1c8ce1c511d719,0,88,"[""C"", ""C"", ""N"", ""C"", ""H"", ""H"", ""H"", ""H"", ""H"", ""H"", ""H"", ""C"", ""C"", ""N"", ""C"", ""H"", ""H"", ""H"", ""H"", ""H"", ""H"", ""H"", ""C"", ""C"", ""N"", ""C"", ""H"", ""H"", ""H"", ""H"", ""H"", ""H"", ""H"", ""C"", ""C"", ""N"", ""C"", ""H"", ""H"", ""H"", ""H"", ""H"", ""H"", ""H"", ""C"", ""C"", ""N"", ""C"", ""H"", ""H"", ""H"", ""H"", ""H"", ""H"", ""H"", ""C"", ""C"", ""N"", ""C"", ""H"", ""H"", ""H"", ""H"", ""H"", ""H"", ""H"", ""C"", ""C"", ""N"", ""C"", ""H"", ""H"", ""H"", ""H"", ""H"", ""H"", ""H"", ""C"", ""C"", ""N"", ""C"", ""H"", ""H"", ""H"", ""H"", ""H"", ""H"", ""H""]",C24H56N8,"[true, true, true]","[10.358035562737541, 0.0, 0.0, 0.0, 5.758384454501757, 0.0, -1.6110175630721548, 0.0, 24.703183717382192]",1473.435003379385,[],"{""cutoff=6.000_skin=0.000"": 4644, ""cutoff=6.000_skin=0.500"": 6112}",0.0,,
OPT-RFT-XATMOV88-R512-v1,fae3cd510f7c1880e11bf0b677e0d7ad0094c8e909e2ee11e6410c35bd33254a,OPT-RFT-XATMOV88-R512-v1:0407,XATMOV_C1_14_6725_z2_22,20e53dffbd74e67e361ae6ef6e5d2f98589904df52dc2c4a3f44143760c29bb6,407,cross_family_test_set,XATMOV/structures/XATMOV_C1_14_6725_z2_22.cif,a89ab8862e90fe84c69b07150d93a6b5324e332b61e37241b268087ec63dd4b0,20e53dffbd74e67e361ae6ef6e5d2f98589904df52dc2c4a3f44143760c29bb6,0,88,"[""C"", ""C"", ""N"", ""C"", ""H"", ""H"", ""H"", ""H"", ""H"", ""H"", ""H"", ""C"", ""C"", ""N"", ""C"", ""H"", ""H"", ""H"", ""H"", ""H"", ""H"", ""H"", ""C"", ""C"", ""N"", ""C"", ""H"", ""H"", ""H"", ""H"", ""H"", ""H"", ""H"", ""C"", ""C"", ""N"", ""C"", ""H"", ""H"", ""H"", ""H"", ""H"", ""H"", ""H"", ""C"", ""C"", ""N"", ""C"", ""H"", ""H"", ""H"", ""H"", ""H"", ""H"", ""H"", ""C"", ""C"", ""N"", ""C"", ""H"", ""H"", ""H"", ""H"", ""H"", ""H"", ""H"", ""C"", ""C"", ""N"", ""C"", ""H"", ""H"", ""H"", ""H"", ""H"", ""H"", ""H"", ""C"", ""C"", ""N"", ""C"", ""H"", ""H"", ""H"", ""H"", ""H"", ""H"", ""H""]",C24H56N8,"[true, true, true]","[5.662206040198072, 0.0, 0.0, 0.0, 12.968408778688065, 0.0, -1.8450487874167616, 0.0, 20.446899881085347]",1501.4118203825178,[],"{""cutoff=6.000_skin=0.000"": 4652, ""cutoff=6.000_skin=0.500"": 6064}",0.0,,
OPT-RFT-XATMOV88-R512-v1,fae3cd510f7c1880e11bf0b677e0d7ad0094c8e909e2ee11e6410c35bd33254a,OPT-RFT-XATMOV88-R512-v1:0408,XATMOV_C1_14_6349_z2_22,d614f5db34728896f7caca8e44d32857502f5eeba5f6ca4efa7e5e552cff4265,408,cross_family_test_set,XATMOV/structures/XATMOV_C1_14_6349_z2_22.cif,5deb0424cd1de95389ed370d564b6a9174a31758f9422af9fe9fad31d8ba2c9f,d614f5db34728896f7caca8e44d32857502f5eeba5f6ca4efa7e5e552cff4265,0,88,"[""C"", ""C"", ""N"", ""C"", ""H"", ""H"", ""H"", ""H"", ""H"", ""H"", ""H"", ""C"", ""C"", ""N"", ""C"", ""H"", ""H"", ""H"", ""H"", ""H"", ""H"", ""H"", ""C"", ""C"", ""N"", ""C"", ""H"", ""H"", ""H"", ""H"", ""H"", ""H"", ""H"", ""C"", ""C"", ""N"", ""C"", ""H"", ""H"", ""H"", ""H"", ""H"", ""H"", ""H"", ""C"", ""C"", ""N"", ""C"", ""H"", ""H"", ""H"", ""H"", ""H"", ""H"", ""H"", ""C"", ""C"", ""N"", ""C"", ""H"", ""H"", ""H"", ""H"", ""H"", ""H"", ""H"", ""C"", ""C"", ""N"", ""C"", ""H"", ""H"", ""H"", ""H"", ""H"", ""H"", ""H"", ""C"", ""C"", ""N"", ""C"", ""H"", ""H"", ""H"", ""H"", ""H"", ""H"", ""H""]",C24H56N8,"[true, true, true]","[15.772356021379501, 0.0, 0.0, 0.0, 9.923582912053842, 0.0, 1.8562865079500097, 0.0, 9.224788842374426]",1443.8481078471202,[],"{""cutoff=6.000_skin=0.000"": 4660, ""cutoff=6.000_skin=0.500"": 5968}",0.0,,
OPT-RFT-XATMOV88-R512-v1,fae3cd510f7c1880e11bf0b677e0d7ad0094c8e909e2ee11e6410c35bd33254a,OPT-RFT-XATMOV88-R512-v1:0409,XATMOV_C1_14_4556_z2_22,63cfc1b1e7d15792249d9828984feba15f0fd9d2d53a46d1f440f9ede73bd674,409,cross_family_test_set,XATMOV/structures/XATMOV_C1_14_4556_z2_22.cif,967a8c37e45cf49e59a8e7be3fa1772714b95234c7df1ed29147f05d48816afa,63cfc1b1e7d15792249d9828984feba15f0fd9d2d53a46d1f440f9ede73bd674,0,88,"[""C"", ""C"", ""N"", ""C"", ""H"", ""H"", ""H"", ""H"", ""H"", ""H"", ""H"", ""C"", ""C"", ""N"", ""C"", ""H"", ""H"", ""H"", ""H"", ""H"", ""H"", ""H"", ""C"", ""C"", ""N"", ""C"", ""H"", ""H"", ""H"", ""H"", ""H"", ""H"", ""H"", ""C"", ""C"", ""N"", ""C"", ""H"", ""H"", ""H"", ""H"", ""H"", ""H"", ""H"", ""C"", ""C"", ""N"", ""C"", ""H"", ""H"", ""H"", ""H"", ""H"", ""H"", ""H"", ""C"", ""C"", ""N"", ""C"", ""H"", ""H"", ""H"", ""H"", ""H"", ""H"", ""H"", ""C"", ""C"", ""N"", ""C"", ""H"", ""H"", ""H"", ""H"", ""H"", ""H"", ""H"", ""C"", ""C"", ""N"", ""C"", ""H"", ""H"", ""H"", ""H"", ""H"", ""H"", ""H""]",C24H56N8,"[true, true, true]","[14.129521379891585, 0.0, 0.0, 0.0, 9.305710794541696, 0.0, 1.082294360043199, 0.0, 11.040356992472773]",1451.6439847181016,[],"{""cutoff=6.000_skin=0.000"": 4676, ""cutoff=6.000_skin=0.500"": 5748}",0.0,,
OPT-RFT-XATMOV88-R512-v1,fae3cd510f7c1880e11bf0b677e0d7ad0094c8e909e2ee11e6410c35bd33254a,OPT-RFT-XATMOV88-R512-v1:0410,XATMOV_C1_14_2933_z2_22,466b6b304e6358aee6aab08a1cb0b7928a39a49db50d2f417bc8f01956e35abd,410,cross_family_test_set,XATMOV/structures/XATMOV_C1_14_2933_z2_22.cif,e61f51e3464c7decfde91652db758d29c453be94c4ea441c9f9ce93fd4ce4d5c,466b6b304e6358aee6aab08a1cb0b7928a39a49db50d2f417bc8f01956e35abd,0,88,"[""C"", ""C"", ""N"", ""C"", ""H"", ""H"", ""H"", ""H"", ""H"", ""H"", ""H"", ""C"", ""C"", ""N"", ""C"", ""H"", ""H"", ""H"", ""H"", ""H"", ""H"", ""H"", ""C"", ""C"", ""N"", ""C"", ""H"", ""H"", ""H"", ""H"", ""H"", ""H"", ""H"", ""C"", ""C"", ""N"", ""C"", ""H"", ""H"", ""H"", ""H"", ""H"", ""H"", ""H"", ""C"", ""C"", ""N"", ""C"", ""H"", ""H"", ""H"", ""H"", ""H"", ""H"", ""H"", ""C"", ""C"", ""N"", ""C"", ""H"", ""H"", ""H"", ""H"", ""H"", ""H"", ""H"", ""C"", ""C"", ""N"", ""C"", ""H"", ""H"", ""H"", ""H"", ""H"", ""H"", ""H"", ""C"", ""C"", ""N"", ""C"", ""H"", ""H"", ""H"", ""H"", ""H"", ""H"", ""H""]",C24H56N8,"[true, true, true]","[11.90429848135797, 0.0, 0.0, 0.0, 11.813596002760695, 0.0, -2.143471838771804, 0.0, 10.965273708844878]",1542.0746548311165,[],"{""cutoff=6.000_skin=0.000"": 4680, ""cutoff=6.000_skin=0.500"": 6008}",0.0,,
OPT-RFT-XATMOV88-R512-v1,fae3cd510f7c1880e11bf0b677e0d7ad0094c8e909e2ee11e6410c35bd33254a,OPT-RFT-XATMOV88-R512-v1:0411,XATMOV_C2_14_918_z2_22,8e422664f9d6a641ccd82fbc3b3392c35225ca52dabc362f98c08d9df4d668c7,411,cross_family_test_set,XATMOV/structures/XATMOV_C2_14_918_z2_22.cif,86beaacd3e7243c46955f3cc47e4a0c174b128298817fb1ab506088d921b6dd0,8e422664f9d6a641ccd82fbc3b3392c35225ca52dabc362f98c08d9df4d668c7,0,88,"[""C"", ""C"", ""N"", ""C"", ""H"", ""H"", ""H"", ""H"", ""H"", ""H"", ""H"", ""C"", ""C"", ""N"", ""C"", ""H"", ""H"", ""H"", ""H"", ""H"", ""H"", ""H"", ""C"", ""C"", ""N"", ""C"", ""H"", ""H"", ""H"", ""H"", ""H"", ""H"", ""H"", ""C"", ""C"", ""N"", ""C"", ""H"", ""H"", ""H"", ""H"", ""H"", ""H"", ""H"", ""C"", ""C"", ""N"", ""C"", ""H"", ""H"", ""H"", ""H"", ""H"", ""H"", ""H"", ""C"", ""C"", ""N"", ""C"", ""H"", ""H"", ""H"", ""H"", ""H"", ""H"", ""H"", ""C"", ""C"", ""N"", ""C"", ""H"", ""H"", ""H"", ""H"", ""H"", ""H"", ""H"", ""C"", ""C"", ""N"", ""C"", ""H"", ""H"", ""H"", ""H"", ""H"", ""H"", ""H""]",C24H56N8,"[true, true, true]","[11.062048509819931, 0.0, 0.0, 0.0, 11.693042960883616, 0.0, 3.569260175809379, 0.0, 10.797882983328526]",1396.6954573682433,[],"{""cutoff=6.000_skin=0.000"": 4684, ""cutoff=6.000_skin=0.500"": 6356}",0.0,,
OPT-RFT-XATMOV88-R512-v1,fae3cd510f7c1880e11bf0b677e0d7ad0094c8e909e2ee11e6410c35bd33254a,OPT-RFT-XATMOV88-R512-v1:0412,XATMOV_C1_14_6396_z2_22,4886de54af5791c52931cee8a324df904d7cecb06ddaa9235b8719716f71e0eb,412,cross_family_test_set,XATMOV/structures/XATMOV_C1_14_6396_z2_22.cif,8170fc47bddbbef1f39c24bbb313ba4af210fbb5d7fd895f34880e3fb896a04e,4886de54af5791c52931cee8a324df904d7cecb06ddaa9235b8719716f71e0eb,0,88,"[""C"", ""C"", ""N"", ""C"", ""H"", ""H"", ""H"", ""H"", ""H"", ""H"", ""H"", ""C"", ""C"", ""N"", ""C"", ""H"", ""H"", ""H"", ""H"", ""H"", ""H"", ""H"", ""C"", ""C"", ""N"", ""C"", ""H"", ""H"", ""H"", ""H"", ""H"", ""H"", ""H"", ""C"", ""C"", ""N"", ""C"", ""H"", ""H"", ""H"", ""H"", ""H"", ""H"", ""H"", ""C"", ""C"", ""N"", ""C"", ""H"", ""H"", ""H"", ""H"", ""H"", ""H"", ""H"", ""C"", ""C"", ""N"", ""C"", ""H"", ""H"", ""H"", ""H"", ""H"", ""H"", ""H"", ""C"", ""C"", ""N"", ""C"", ""H"", ""H"", ""H"", ""H"", ""H"", ""H"", ""H"", ""C"", ""C"", ""N"", ""C"", ""H"", ""H"", ""H"", ""H"", ""H"", ""H"", ""H""]",C24H56N8,"[true, true, true]","[8.873566670035657, 0.0, 0.0, 0.0, 15.237185832997127, 0.0, 0.45671685416733837, 0.0, 10.241185915854658]",1384.6921533024083,[],"{""cutoff=6.000_skin=0.000"": 4696, ""cutoff=6.000_skin=0.500"": 6292}",0.0,,
OPT-RFT-XATMOV88-R512-v1,fae3cd510f7c1880e11bf0b677e0d7ad0094c8e909e2ee11e6410c35bd33254a,OPT-RFT-XATMOV88-R512-v1:0413,XATMOV_C1_14_1471_z2_22,7cd929e4678832cbe6da3250738997b287feaf3a6c79b8eca2d715aad1337e18,413,cross_family_test_set,XATMOV/structures/XATMOV_C1_14_1471_z2_22.cif,3080c6206b13064bf98a20dba93368247d2565ebb1094ca5403aec32ba9e31b1,7cd929e4678832cbe6da3250738997b287feaf3a6c79b8eca2d715aad1337e18,0,88,"[""C"", ""C"", ""N"", ""C"", ""H"", ""H"", ""H"", ""H"", ""H"", ""H"", ""H"", ""C"", ""C"", ""N"", ""C"", ""H"", ""H"", ""H"", ""H"", ""H"", ""H"", ""H"", ""C"", ""C"", ""N"", ""C"", ""H"", ""H"", ""H"", ""H"", ""H"", ""H"", ""H"", ""C"", ""C"", ""N"", ""C"", ""H"", ""H"", ""H"", ""H"", ""H"", ""H"", ""H"", ""C"", ""C"", ""N"", ""C"", ""H"", ""H"", ""H"", ""H"", ""H"", ""H"", ""H"", ""C"", ""C"", ""N"", ""C"", ""H"", ""H"", ""H"", ""H"", ""H"", ""H"", ""H"", ""C"", ""C"", ""N"", ""C"", ""H"", ""H"", ""H"", ""H"", ""H"", ""H"", ""H"", ""C"", ""C"", ""N"", ""C"", ""H"", ""H"", ""H"", ""H"", ""H"", ""H"", ""H""]",C24H56N8,"[true, true, true]","[11.371331576384009, 0.0, 0.0, 0.0, 14.572194913910664, 0.0, 3.7369981967398513, 0.0, 9.618430911364031]",1593.8245965156325,[],"{""cutoff=6.000_skin=0.000"": 4708, ""cutoff=6.000_skin=0.500"": 5832}",0.0,,
OPT-RFT-XATMOV88-R512-v1,fae3cd510f7c1880e11bf0b677e0d7ad0094c8e909e2ee11e6410c35bd33254a,OPT-RFT-XATMOV88-R512-v1:0414,XATMOV_C1_14_4455_z2_22,721e0ce58ae19e9fedacbf41f619bee8766a514b656411f4a742490c635cc99b,414,cross_family_test_set,XATMOV/structures/XATMOV_C1_14_4455_z2_22.cif,ba6852758153bd6111421e5507fc7055f56e9329c2276767cfc3f96c8e1fc715,721e0ce58ae19e9fedacbf41f619bee8766a514b656411f4a742490c635cc99b,0,88,"[""C"", ""C"", ""N"", ""C"", ""H"", ""H"", ""H"", ""H"", ""H"", ""H"", ""H"", ""C"", ""C"", ""N"", ""C"", ""H"", ""H"", ""H"", ""H"", ""H"", ""H"", ""H"", ""C"", ""C"", ""N"", ""C"", ""H"", ""H"", ""H"", ""H"", ""H"", ""H"", ""H"", ""C"", ""C"", ""N"", ""C"", ""H"", ""H"", ""H"", ""H"", ""H"", ""H"", ""H"", ""C"", ""C"", ""N"", ""C"", ""H"", ""H"", ""H"", ""H"", ""H"", ""H"", ""H"", ""C"", ""C"", ""N"", ""C"", ""H"", ""H"", ""H"", ""H"", ""H"", ""H"", ""H"", ""C"", ""C"", ""N"", ""C"", ""H"", ""H"", ""H"", ""H"", ""H"", ""H"", ""H"", ""C"", ""C"", ""N"", ""C"", ""H"", ""H"", ""H"", ""H"", ""H"", ""H"", ""H""]",C24H56N8,"[true, true, true]","[11.80476883206456, 0.0, 0.0, 0.0, 10.916924213914335, 0.0, -1.5694908342767984, 0.0, 10.960250279880047]",1412.46681706891,[],"{""cutoff=6.000_skin=0.000"": 4720, ""cutoff=6.000_skin=0.500"": 6276}",0.0,,
OPT-RFT-XATMOV88-R512-v1,fae3cd510f7c1880e11bf0b677e0d7ad0094c8e909e2ee11e6410c35bd33254a,OPT-RFT-XATMOV88-R512-v1:0415,XATMOV_C2_14_933_z2_22,c5591bd2d4f284a985411bc35280f74c72bc789dbc2cfcdc62618297f3042d46,415,cross_family_test_set,XATMOV/structures/XATMOV_C2_14_933_z2_22.cif,f36a7c3c20947dc182049012dbc0a2cb6048ea989ac527cf560dec8440d54c25,c5591bd2d4f284a985411bc35280f74c72bc789dbc2cfcdc62618297f3042d46,0,88,"[""C"", ""C"", ""N"", ""C"", ""H"", ""H"", ""H"", ""H"", ""H"", ""H"", ""H"", ""C"", ""C"", ""N"", ""C"", ""H"", ""H"", ""H"", ""H"", ""H"", ""H"", ""H"", ""C"", ""C"", ""N"", ""C"", ""H"", ""H"", ""H"", ""H"", ""H"", ""H"", ""H"", ""C"", ""C"", ""N"", ""C"", ""H"", ""H"", ""H"", ""H"", ""H"", ""H"", ""H"", ""C"", ""C"", ""N"", ""C"", ""H"", ""H"", ""H"", ""H"", ""H"", ""H"", ""H"", ""C"", ""C"", ""N"", ""C"", ""H"", ""H"", ""H"", ""H"", ""H"", ""H"", ""H"", ""C"", ""C"", ""N"", ""C"", ""H"", ""H"", ""H"", ""H"", ""H"", ""H"", ""H"", ""C"", ""C"", ""N"", ""C"", ""H"", ""H"", ""H"", ""H"", ""H"", ""H"", ""H""]",C24H56N8,"[true, true, true]","[10.313609087962611, 0.0, 0.0, 0.0, 13.352325696119223, 0.0, -0.6852364502500216, 0.0, 10.403494081731807]",1432.6721158353835,[],"{""cutoff=6.000_skin=0.000"": 4732, ""cutoff=6.000_skin=0.500"": 6200}",0.0,,
OPT-RFT-XATMOV88-R512-v1,fae3cd510f7c1880e11bf0b677e0d7ad0094c8e909e2ee11e6410c35bd33254a,OPT-RFT-XATMOV88-R512-v1:0416,XATMOV_C2_14_5083_z2_22,bddb466ab683fac8ec9b382601cb771e7c1fc1ca1f78d0788e27fdcb24243b69,416,cross_family_test_set,XATMOV/structures/XATMOV_C2_14_5083_z2_22.cif,5906da5a6c5cac7ca3a7b29dfd8c54fe49b22c108245c5a68232cb708d4aeeec,bddb466ab683fac8ec9b382601cb771e7c1fc1ca1f78d0788e27fdcb24243b69,0,88,"[""C"", ""C"", ""N"", ""C"", ""H"", ""H"", ""H"", ""H"", ""H"", ""H"", ""H"", ""C"", ""C"", ""N"", ""C"", ""H"", ""H"", ""H"", ""H"", ""H"", ""H"", ""H"", ""C"", ""C"", ""N"", ""C"", ""H"", ""H"", ""H"", ""H"", ""H"", ""H"", ""H"", ""C"", ""C"", ""N"", ""C"", ""H"", ""H"", ""H"", ""H"", ""H"", ""H"", ""H"", ""C"", ""C"", ""N"", ""C"", ""H"", ""H"", ""H"", ""H"", ""H"", ""H"", ""H"", ""C"", ""C"", ""N"", ""C"", ""H"", ""H"", ""H"", ""H"", ""H"", ""H"", ""H"", ""C"", ""C"", ""N"", ""C"", ""H"", ""H"", ""H"", ""H"", ""H"", ""H"", ""H"", ""C"", ""C"", ""N"", ""C"", ""H"", ""H"", ""H"", ""H"", ""H"", ""H"", ""H""]",C24H56N8,"[true, true, true]","[6.983460863471489, 0.0, 0.0, 0.0, 14.171662345555454, 0.0, -4.091127436773805, 0.0, 13.916532382726878]",1377.2809305550695,[],"{""cutoff=6.000_skin=0.000"": 4740, ""cutoff=6.000_skin=0.500"": 6136}",0.0,,
OPT-RFT-XATMOV88-R512-v1,fae3cd510f7c1880e11bf0b677e0d7ad0094c8e909e2ee11e6410c35bd33254a,OPT-RFT-XATMOV88-R512-v1:0417,XATMOV_C1_14_1983_z2_22,7bac2c98c731c17e1fa6cfbe1047d61df9a75419ae9f9a9358d3c9bc23e8f7d8,417,cross_family_test_set,XATMOV/structures/XATMOV_C1_14_1983_z2_22.cif,24e954cfa7bace0bcf27497ecc2674410974d70a8d6f81ea95ae2b33009f8511,7bac2c98c731c17e1fa6cfbe1047d61df9a75419ae9f9a9358d3c9bc23e8f7d8,0,88,"[""C"", ""C"", ""N"", ""C"", ""H"", ""H"", ""H"", ""H"", ""H"", ""H"", ""H"", ""C"", ""C"", ""N"", ""C"", ""H"", ""H"", ""H"", ""H"", ""H"", ""H"", ""H"", ""C"", ""C"", ""N"", ""C"", ""H"", ""H"", ""H"", ""H"", ""H"", ""H"", ""H"", ""C"", ""C"", ""N"", ""C"", ""H"", ""H"", ""H"", ""H"", ""H"", ""H"", ""H"", ""C"", ""C"", ""N"", ""C"", ""H"", ""H"", ""H"", ""H"", ""H"", ""H"", ""H"", ""C"", ""C"", ""N"", ""C"", ""H"", ""H"", ""H"", ""H"", ""H"", ""H"", ""H"", ""C"", ""C"", ""N"", ""C"", ""H"", ""H"", ""H"", ""H"", ""H"", ""H"", ""H"", ""C"", ""C"", ""N"", ""C"", ""H"", ""H"", ""H"", ""H"", ""H"", ""H"", ""H""]",C24H56N8,"[true, true, true]","[11.182975674661826, 0.0, 0.0, 0.0, 11.228009996952146, 0.0, 3.5605585425844337, 0.0, 10.899577039801661]",1368.5788251450447,[],"{""cutoff=6.000_skin=0.000"": 4756, ""cutoff=6.000_skin=0.500"": 6348}",0.0,,
OPT-RFT-XATMOV88-R512-v1,fae3cd510f7c1880e11bf0b677e0d7ad0094c8e909e2ee11e6410c35bd33254a,OPT-RFT-XATMOV88-R512-v1:0418,XATMOV_C2_14_3395_z2_22,91e3cef925c23e9987a203b1a13226b2fa57a6dd1aede0c6aef90894176650c8,418,cross_family_test_set,XATMOV/structures/XATMOV_C2_14_3395_z2_22.cif,aba94fe37eed131d943daecf37b5ccc3705a1f2345de404ba559b2e04edf154c,91e3cef925c23e9987a203b1a13226b2fa57a6dd1aede0c6aef90894176650c8,0,88,"[""C"", ""C"", ""N"", ""C"", ""H"", ""H"", ""H"", ""H"", ""H"", ""H"", ""H"", ""C"", ""C"", ""N"", ""C"", ""H"", ""H"", ""H"", ""H"", ""H"", ""H"", ""H"", ""C"", ""C"", ""N"", ""C"", ""H"", ""H"", ""H"", ""H"", ""H"", ""H"", ""H"", ""C"", ""C"", ""N"", ""C"", ""H"", ""H"", ""H"", ""H"", ""H"", ""H"", ""H"", ""C"", ""C"", ""N"", ""C"", ""H"", ""H"", ""H"", ""H"", ""H"", ""H"", ""H"", ""C"", ""C"", ""N"", ""C"", ""H"", ""H"", ""H"", ""H"", ""H"", ""H"", ""H"", ""C"", ""C"", ""N"", ""C"", ""H"", ""H"", ""H"", ""H"", ""H"", ""H"", ""H"", ""C"", ""C"", ""N"", ""C"", ""H"", ""H"", ""H"", ""H"", ""H"", ""H"", ""H""]",C24H56N8,"[true, true, true]","[11.42321176844666, 0.0, 0.0, 0.0, 11.392903476653075, 0.0, -1.2036745432376144, 0.0, 11.234082983057892]",1462.0434299764302,[],"{""cutoff=6.000_skin=0.000"": 4764, ""cutoff=6.000_skin=0.500"": 6360}",0.0,,
OPT-RFT-XATMOV88-R512-v1,fae3cd510f7c1880e11bf0b677e0d7ad0094c8e909e2ee11e6410c35bd33254a,OPT-RFT-XATMOV88-R512-v1:0419,XATMOV_C2_14_6172_z2_22,1cee4ffeec179b3a80490b2b4275b233313241c682b4d938c273d4101d4cff8e,419,cross_family_test_set,XATMOV/structures/XATMOV_C2_14_6172_z2_22.cif,a448b68d04b25e353b2b8624306036727abe819a7914c3376a885a3bdacb53d4,1cee4ffeec179b3a80490b2b4275b233313241c682b4d938c273d4101d4cff8e,0,88,"[""C"", ""C"", ""N"", ""C"", ""H"", ""H"", ""H"", ""H"", ""H"", ""H"", ""H"", ""C"", ""C"", ""N"", ""C"", ""H"", ""H"", ""H"", ""H"", ""H"", ""H"", ""H"", ""C"", ""C"", ""N"", ""C"", ""H"", ""H"", ""H"", ""H"", ""H"", ""H"", ""H"", ""C"", ""C"", ""N"", ""C"", ""H"", ""H"", ""H"", ""H"", ""H"", ""H"", ""H"", ""C"", ""C"", ""N"", ""C"", ""H"", ""H"", ""H"", ""H"", ""H"", ""H"", ""H"", ""C"", ""C"", ""N"", ""C"", ""H"", ""H"", ""H"", ""H"", ""H"", ""H"", ""H"", ""C"", ""C"", ""N"", ""C"", ""H"", ""H"", ""H"", ""H"", ""H"", ""H"", ""H"", ""C"", ""C"", ""N"", ""C"", ""H"", ""H"", ""H"", ""H"", ""H"", ""H"", ""H""]",C24H56N8,"[true, true, true]","[5.580727095728827, 0.0, 0.0, 0.0, 15.885208184887489, 0.0, -4.019179005154516, 0.0, 18.186794463858625]",1612.2777295047647,[],"{""cutoff=6.000_skin=0.000"": 4776, ""cutoff=6.000_skin=0.500"": 5860}",0.0,,
OPT-RFT-XATMOV88-R512-v1,fae3cd510f7c1880e11bf0b677e0d7ad0094c8e909e2ee11e6410c35bd33254a,OPT-RFT-XATMOV88-R512-v1:0420,XATMOV_C2_14_3335_z2_22,b03c00df5cf2fc4627e6bb8903445458bfe1deff458e2d1e1e53b8e121c180af,420,cross_family_test_set,XATMOV/structures/XATMOV_C2_14_3335_z2_22.cif,ba2b62ca4f3b7d5360b34da35e04fc6b31633bffdc49de53b73b371bbed776f4,b03c00df5cf2fc4627e6bb8903445458bfe1deff458e2d1e1e53b8e121c180af,0,88,"[""C"", ""C"", ""N"", ""C"", ""H"", ""H"", ""H"", ""H"", ""H"", ""H"", ""H"", ""C"", ""C"", ""N"", ""C"", ""H"", ""H"", ""H"", ""H"", ""H"", ""H"", ""H"", ""C"", ""C"", ""N"", ""C"", ""H"", ""H"", ""H"", ""H"", ""H"", ""H"", ""H"", ""C"", ""C"", ""N"", ""C"", ""H"", ""H"", ""H"", ""H"", ""H"", ""H"", ""H"", ""C"", ""C"", ""N"", ""C"", ""H"", ""H"", ""H"", ""H"", ""H"", ""H"", ""H"", ""C"", ""C"", ""N"", ""C"", ""H"", ""H"", ""H"", ""H"", ""H"", ""H"", ""H"", ""C"", ""C"", ""N"", ""C"", ""H"", ""H"", ""H"", ""H"", ""H"", ""H"", ""H"", ""C"", ""C"", ""N"", ""C"", ""H"", ""H"", ""H"", ""H"", ""H"", ""H"", ""H""]",C24H56N8,"[true, true, true]","[13.095330145074328, 0.0, 0.0, 0.0, 12.022278497471873, 0.0, -7.969544004475339, 0.0, 8.822464184286462]",1388.9708776930286,[],"{""cutoff=6.000_skin=0.000"": 4780, ""cutoff=6.000_skin=0.500"": 6424}",0.0,,
OPT-RFT-XATMOV88-R512-v1,fae3cd510f7c1880e11bf0b677e0d7ad0094c8e909e2ee11e6410c35bd33254a,OPT-RFT-XATMOV88-R512-v1:0421,XATMOV_C1_14_5917_z2_22,11be8cd154788298d61d33462674afcd3e8ec0e9b58698d06c8ba8e4de48673e,421,cross_family_test_set,XATMOV/structures/XATMOV_C1_14_5917_z2_22.cif,bec57d64c1e3ca627c4d9e1e768331be8cd62f972ed1ffa6697aa3e8d2acc54c,11be8cd154788298d61d33462674afcd3e8ec0e9b58698d06c8ba8e4de48673e,0,88,"[""C"", ""C"", ""N"", ""C"", ""H"", ""H"", ""H"", ""H"", ""H"", ""H"", ""H"", ""C"", ""C"", ""N"", ""C"", ""H"", ""H"", ""H"", ""H"", ""H"", ""H"", ""H"", ""C"", ""C"", ""N"", ""C"", ""H"", ""H"", ""H"", ""H"", ""H"", ""H"", ""H"", ""C"", ""C"", ""N"", ""C"", ""H"", ""H"", ""H"", ""H"", ""H"", ""H"", ""H"", ""C"", ""C"", ""N"", ""C"", ""H"", ""H"", ""H"", ""H"", ""H"", ""H"", ""H"", ""C"", ""C"", ""N"", ""C"", ""H"", ""H"", ""H"", ""H"", ""H"", ""H"", ""H"", ""C"", ""C"", ""N"", ""C"", ""H"", ""H"", ""H"", ""H"", ""H"", ""H"", ""H"", ""C"", ""C"", ""N"", ""C"", ""H"", ""H"", ""H"", ""H"", ""H"", ""H"", ""H""]",C24H56N8,"[true, true, true]","[11.969272709797671, 0.0, 0.0, 0.0, 10.49768837183359, 0.0, 7.0011972020914435, 0.0, 11.015424296183747]",1384.0847025046583,[],"{""cutoff=6.000_skin=0.000"": 4784, ""cutoff=6.000_skin=0.500"": 6384}",0.0,,
OPT-RFT-XATMOV88-R512-v1,fae3cd510f7c1880e11bf0b677e0d7ad0094c8e909e2ee11e6410c35bd33254a,OPT-RFT-XATMOV88-R512-v1:0422,XATMOV_C1_14_79_z2_22,ad6668173477eb2d55b0704f67e61cd468fa0ca2d8a3fdc1bdcacccc4cd2c68f,422,cross_family_test_set,XATMOV/structures/XATMOV_C1_14_79_z2_22.cif,97354f736bc1ac22a877b4b06bc4287c75a66df1852cddf8d3fe113d1ae1ebea,ad6668173477eb2d55b0704f67e61cd468fa0ca2d8a3fdc1bdcacccc4cd2c68f,0,88,"[""C"", ""C"", ""N"", ""C"", ""H"", ""H"", ""H"", ""H"", ""H"", ""H"", ""H"", ""C"", ""C"", ""N"", ""C"", ""H"", ""H"", ""H"", ""H"", ""H"", ""H"", ""H"", ""C"", ""C"", ""N"", ""C"", ""H"", ""H"", ""H"", ""H"", ""H"", ""H"", ""H"", ""C"", ""C"", ""N"", ""C"", ""H"", ""H"", ""H"", ""H"", ""H"", ""H"", ""H"", ""C"", ""C"", ""N"", ""C"", ""H"", ""H"", ""H"", ""H"", ""H"", ""H"", ""H"", ""C"", ""C"", ""N"", ""C"", ""H"", ""H"", ""H"", ""H"", ""H"", ""H"", ""H"", ""C"", ""C"", ""N"", ""C"", ""H"", ""H"", ""H"", ""H"", ""H"", ""H"", ""H"", ""C"", ""C"", ""N"", ""C"", ""H"", ""H"", ""H"", ""H"", ""H"", ""H"", ""H""]",C24H56N8,"[true, true, true]","[16.81500616274794, 0.0, 0.0, 0.0, 8.645926398792593, 0.0, -3.393187663858655, 0.0, 9.926642979896297]",1443.1483174202754,[],"{""cutoff=6.000_skin=0.000"": 4792, ""cutoff=6.000_skin=0.500"": 6132}",0.0,,
OPT-RFT-XATMOV88-R512-v1,fae3cd510f7c1880e11bf0b677e0d7ad0094c8e909e2ee11e6410c35bd33254a,OPT-RFT-XATMOV88-R512-v1:0423,XATMOV_C1_14_2440_z2_22,2ff45899289c370969d3911f1fa4c2e2cd2fd10b12d225de3bdd85e287be58d3,423,cross_family_test_set,XATMOV/structures/XATMOV_C1_14_2440_z2_22.cif,6abed32ceb10ae9008d77ab2a9d2f2378fa3115d25d8409719a88e85e4fe0353,2ff45899289c370969d3911f1fa4c2e2cd2fd10b12d225de3bdd85e287be58d3,0,88,"[""C"", ""C"", ""N"", ""C"", ""H"", ""H"", ""H"", ""H"", ""H"", ""H"", ""H"", ""C"", ""C"", ""N"", ""C"", ""H"", ""H"", ""H"", ""H"", ""H"", ""H"", ""H"", ""C"", ""C"", ""N"", ""C"", ""H"", ""H"", ""H"", ""H"", ""H"", ""H"", ""H"", ""C"", ""C"", ""N"", ""C"", ""H"", ""H"", ""H"", ""H"", ""H"", ""H"", ""H"", ""C"", ""C"", ""N"", ""C"", ""H"", ""H"", ""H"", ""H"", ""H"", ""H"", ""H"", ""C"", ""C"", ""N"", ""C"", ""H"", ""H"", ""H"", ""H"", ""H"", ""H"", ""H"", ""C"", ""C"", ""N"", ""C"", ""H"", ""H"", ""H"", ""H"", ""H"", ""H"", ""H"", ""C"", ""C"", ""N"", ""C"", ""H"", ""H"", ""H"", ""H"", ""H"", ""H"", ""H""]",C24H56N8,"[true, true, true]","[15.510401977515393, 0.0, 0.0, 0.0, 9.61706224585452, 0.0, -1.1210458173508946, 0.0, 10.149447857013032]",1513.9373278180196,[],"{""cutoff=6.000_skin=0.000"": 4800, ""cutoff=6.000_skin=0.500"": 6140}",0.0,,
OPT-RFT-XATMOV88-R512-v1,fae3cd510f7c1880e11bf0b677e0d7ad0094c8e909e2ee11e6410c35bd33254a,OPT-RFT-XATMOV88-R512-v1:0424,XATMOV_C2_14_5312_z2_22,d0edc7dbf91d18a043a60509deeda9f6832acc467d09e3a64a17990c245aabe4,424,cross_family_test_set,XATMOV/structures/XATMOV_C2_14_5312_z2_22.cif,b53aeef31b47084bf080f18884a2b856cbd2f7812af271eb33b64ace9d9d8766,d0edc7dbf91d18a043a60509deeda9f6832acc467d09e3a64a17990c245aabe4,0,88,"[""C"", ""C"", ""N"", ""C"", ""H"", ""H"", ""H"", ""H"", ""H"", ""H"", ""H"", ""C"", ""C"", ""N"", ""C"", ""H"", ""H"", ""H"", ""H"", ""H"", ""H"", ""H"", ""C"", ""C"", ""N"", ""C"", ""H"", ""H"", ""H"", ""H"", ""H"", ""H"", ""H"", ""C"", ""C"", ""N"", ""C"", ""H"", ""H"", ""H"", ""H"", ""H"", ""H"", ""H"", ""C"", ""C"", ""N"", ""C"", ""H"", ""H"", ""H"", ""H"", ""H"", ""H"", ""H"", ""C"", ""C"", ""N"", ""C"", ""H"", ""H"", ""H"", ""H"", ""H"", ""H"", ""H"", ""C"", ""C"", ""N"", ""C"", ""H"", ""H"", ""H"", ""H"", ""H"", ""H"", ""H"", ""C"", ""C"", ""N"", ""C"", ""H"", ""H"", ""H"", ""H"", ""H"", ""H"", ""H""]",C24H56N8,"[true, true, true]","[9.696685607705277, 0.0, 0.0, 0.0, 14.662461950721823, 0.0, 2.7067714223208235, 0.0, 9.553041239442722]",1358.2254551771787,[],"{""cutoff=6.000_skin=0.000"": 4804, ""cutoff=6.000_skin=0.500"": 6312}",0.0,,
OPT-RFT-XATMOV88-R512-v1,fae3cd510f7c1880e11bf0b677e0d7ad0094c8e909e2ee11e6410c35bd33254a,OPT-RFT-XATMOV88-R512-v1:0425,XATMOV_C2_14_1513_z2_22,c64611273f5e5b8a7fb717c6daa896c4bbc12a4199420b103aae3e010ef5608e,425,cross_family_test_set,XATMOV/structures/XATMOV_C2_14_1513_z2_22.cif,51783cdd2f55aa7c2d98b8cdbad27bc8f8be923239fbe545f5efd18dc5e304d3,c64611273f5e5b8a7fb717c6daa896c4bbc12a4199420b103aae3e010ef5608e,0,88,"[""C"", ""C"", ""N"", ""C"", ""H"", ""H"", ""H"", ""H"", ""H"", ""H"", ""H"", ""C"", ""C"", ""N"", ""C"", ""H"", ""H"", ""H"", ""H"", ""H"", ""H"", ""H"", ""C"", ""C"", ""N"", ""C"", ""H"", ""H"", ""H"", ""H"", ""H"", ""H"", ""H"", ""C"", ""C"", ""N"", ""C"", ""H"", ""H"", ""H"", ""H"", ""H"", ""H"", ""H"", ""C"", ""C"", ""N"", ""C"", ""H"", ""H"", ""H"", ""H"", ""H"", ""H"", ""H"", ""C"", ""C"", ""N"", ""C"", ""H"", ""H"", ""H"", ""H"", ""H"", ""H"", ""H"", ""C"", ""C"", ""N"", ""C"", ""H"", ""H"", ""H"", ""H"", ""H"", ""H"", ""H"", ""C"", ""C"", ""N"", ""C"", ""H"", ""H"", ""H"", ""H"", ""H"", ""H"", ""H""]",C24H56N8,"[true, true, true]","[10.091983713363405, 0.0, 0.0, 0.0, 11.348637399985359, 0.0, -4.401222040755228, 0.0, 11.963175134176074]",1370.1456041166628,[],"{""cutoff=6.000_skin=0.000"": 4824, ""cutoff=6.000_skin=0.500"": 6380}",0.0,,
OPT-RFT-XATMOV88-R512-v1,fae3cd510f7c1880e11bf0b677e0d7ad0094c8e909e2ee11e6410c35bd33254a,OPT-RFT-XATMOV88-R512-v1:0426,XATMOV_C1_14_7045_z2_22,5c18bc9c7259d750dee85f03db6172443337367ec8d7459057714ba6cb6b533c,426,cross_family_test_set,XATMOV/structures/XATMOV_C1_14_7045_z2_22.cif,4592966eb5fc646c29c2d0773f07880ba478bacd92f45d2afb37c4dada0f2988,5c18bc9c7259d750dee85f03db6172443337367ec8d7459057714ba6cb6b533c,0,88,"[""C"", ""C"", ""N"", ""C"", ""H"", ""H"", ""H"", ""H"", ""H"", ""H"", ""H"", ""C"", ""C"", ""N"", ""C"", ""H"", ""H"", ""H"", ""H"", ""H"", ""H"", ""H"", ""C"", ""C"", ""N"", ""C"", ""H"", ""H"", ""H"", ""H"", ""H"", ""H"", ""H"", ""C"", ""C"", ""N"", ""C"", ""H"", ""H"", ""H"", ""H"", ""H"", ""H"", ""H"", ""C"", ""C"", ""N"", ""C"", ""H"", ""H"", ""H"", ""H"", ""H"", ""H"", ""H"", ""C"", ""C"", ""N"", ""C"", ""H"", ""H"", ""H"", ""H"", ""H"", ""H"", ""H"", ""C"", ""C"", ""N"", ""C"", ""H"", ""H"", ""H"", ""H"", ""H"", ""H"", ""H"", ""C"", ""C"", ""N"", ""C"", ""H"", ""H"", ""H"", ""H"", ""H"", ""H"", ""H""]",C24H56N8,"[true, true, true]","[11.648654022166674, 0.0, 0.0, 0.0, 10.066891176465475, 0.0, 1.408774865745422, 0.0, 11.716381427729232]",1373.9300491236695,[],"{""cutoff=6.000_skin=0.000"": 4832, ""cutoff=6.000_skin=0.500"": 6412}",0.0,,
OPT-RFT-XATMOV88-R512-v1,fae3cd510f7c1880e11bf0b677e0d7ad0094c8e909e2ee11e6410c35bd33254a,OPT-RFT-XATMOV88-R512-v1:0427,XATMOV_C2_14_3856_z2_22,0f48c3888e0a661788cf63e634023fa44abc96c719080ea3e649d4ac21bc9090,427,cross_family_test_set,XATMOV/structures/XATMOV_C2_14_3856_z2_22.cif,cd939c3e51ed9e4e647dbc0d7c160e6e582662e1db804ccaceba1fa6596c0a5b,0f48c3888e0a661788cf63e634023fa44abc96c719080ea3e649d4ac21bc9090,0,88,"[""C"", ""C"", ""N"", ""C"", ""H"", ""H"", ""H"", ""H"", ""H"", ""H"", ""H"", ""C"", ""C"", ""N"", ""C"", ""H"", ""H"", ""H"", ""H"", ""H"", ""H"", ""H"", ""C"", ""C"", ""N"", ""C"", ""H"", ""H"", ""H"", ""H"", ""H"", ""H"", ""H"", ""C"", ""C"", ""N"", ""C"", ""H"", ""H"", ""H"", ""H"", ""H"", ""H"", ""H"", ""C"", ""C"", ""N"", ""C"", ""H"", ""H"", ""H"", ""H"", ""H"", ""H"", ""H"", ""C"", ""C"", ""N"", ""C"", ""H"", ""H"", ""H"", ""H"", ""H"", ""H"", ""H"", ""C"", ""C"", ""N"", ""C"", ""H"", ""H"", ""H"", ""H"", ""H"", ""H"", ""H"", ""C"", ""C"", ""N"", ""C"", ""H"", ""H"", ""H"", ""H"", ""H"", ""H"", ""H""]",C24H56N8,"[true, true, true]","[16.121947044575073, 0.0, 0.0, 0.0, 8.407015090425514, 0.0, -1.2417756049564157, 0.0, 10.3188100598753]",1398.5852241242442,[],"{""cutoff=6.000_skin=0.000"": 4836, ""cutoff=6.000_skin=0.500"": 6336}",0.0,,
OPT-RFT-XATMOV88-R512-v1,fae3cd510f7c1880e11bf0b677e0d7ad0094c8e909e2ee11e6410c35bd33254a,OPT-RFT-XATMOV88-R512-v1:0428,XATMOV_C2_14_6357_z2_22,f2b073c359281b85d6e7b3b0e28fd3bf038adc60ee0b3c23d93956f74fa542d1,428,cross_family_test_set,XATMOV/structures/XATMOV_C2_14_6357_z2_22.cif,27fc8eb08968709a0a3092b37cb280213fd09201627c06af00e879c792342c13,f2b073c359281b85d6e7b3b0e28fd3bf038adc60ee0b3c23d93956f74fa542d1,0,88,"[""C"", ""C"", ""N"", ""C"", ""H"", ""H"", ""H"", ""H"", ""H"", ""H"", ""H"", ""C"", ""C"", ""N"", ""C"", ""H"", ""H"", ""H"", ""H"", ""H"", ""H"", ""H"", ""C"", ""C"", ""N"", ""C"", ""H"", ""H"", ""H"", ""H"", ""H"", ""H"", ""H"", ""C"", ""C"", ""N"", ""C"", ""H"", ""H"", ""H"", ""H"", ""H"", ""H"", ""H"", ""C"", ""C"", ""N"", ""C"", ""H"", ""H"", ""H"", ""H"", ""H"", ""H"", ""H"", ""C"", ""C"", ""N"", ""C"", ""H"", ""H"", ""H"", ""H"", ""H"", ""H"", ""H"", ""C"", ""C"", ""N"", ""C"", ""H"", ""H"", ""H"", ""H"", ""H"", ""H"", ""H"", ""C"", ""C"", ""N"", ""C"", ""H"", ""H"", ""H"", ""H"", ""H"", ""H"", ""H""]",C24H56N8,"[true, true, true]","[12.92894293904186, 0.0, 0.0, 0.0, 5.221142064877128, 0.0, 10.218921359140607, 0.0, 20.521924685909617]",1385.3088812467038,[],"{""cutoff=6.000_skin=0.000"": 4856, ""cutoff=6.000_skin=0.500"": 6324}",0.0,,
OPT-RFT-XATMOV88-R512-v1,fae3cd510f7c1880e11bf0b677e0d7ad0094c8e909e2ee11e6410c35bd33254a,OPT-RFT-XATMOV88-R512-v1:0429,XATMOV_C1_14_4435_z2_22,3793b7d6d077db8ffc38dfea8e37e42ba1e991c80437ee0262381ada21ed379c,429,cross_family_test_set,XATMOV/structures/XATMOV_C1_14_4435_z2_22.cif,2c32b1bb7b4da51742826254ab3dae414e4c0bc3aa7b918f75feed22c5d1200a,3793b7d6d077db8ffc38dfea8e37e42ba1e991c80437ee0262381ada21ed379c,0,88,"[""C"", ""C"", ""N"", ""C"", ""H"", ""H"", ""H"", ""H"", ""H"", ""H"", ""H"", ""C"", ""C"", ""N"", ""C"", ""H"", ""H"", ""H"", ""H"", ""H"", ""H"", ""H"", ""C"", ""C"", ""N"", ""C"", ""H"", ""H"", ""H"", ""H"", ""H"", ""H"", ""H"", ""C"", ""C"", ""N"", ""C"", ""H"", ""H"", ""H"", ""H"", ""H"", ""H"", ""H"", ""C"", ""C"", ""N"", ""C"", ""H"", ""H"", ""H"", ""H"", ""H"", ""H"", ""H"", ""C"", ""C"", ""N"", ""C"", ""H"", ""H"", ""H"", ""H"", ""H"", ""H"", ""H"", ""C"", ""C"", ""N"", ""C"", ""H"", ""H"", ""H"", ""H"", ""H"", ""H"", ""H"", ""C"", ""C"", ""N"", ""C"", ""H"", ""H"", ""H"", ""H"", ""H"", ""H"", ""H""]",C24H56N8,"[true, true, true]","[12.112176958473867, 0.0, 0.0, 0.0, 9.39161823745912, 0.0, -8.757569321117245, 0.0, 11.931554636873498]",1357.2494427992567,[],"{""cutoff=6.000_skin=0.000"": 4864, ""cutoff=6.000_skin=0.500"": 6260}",0.0,,
OPT-RFT-XATMOV88-R512-v1,fae3cd510f7c1880e11bf0b677e0d7ad0094c8e909e2ee11e6410c35bd33254a,OPT-RFT-XATMOV88-R512-v1:0430,XATMOV_C1_14_3942_z2_22,9c8e00131672f242eb694e590ffe1a53144d18822144fd8c6d91020af87faf4d,430,cross_family_test_set,XATMOV/structures/XATMOV_C1_14_3942_z2_22.cif,749f15ac456331eec2fe36c2c17b2ee072596f936e7fcb1d8eace6b6abe631c9,9c8e00131672f242eb694e590ffe1a53144d18822144fd8c6d91020af87faf4d,0,88,"[""C"", ""C"", ""N"", ""C"", ""H"", ""H"", ""H"", ""H"", ""H"", ""H"", ""H"", ""C"", ""C"", ""N"", ""C"", ""H"", ""H"", ""H"", ""H"", ""H"", ""H"", ""H"", ""C"", ""C"", ""N"", ""C"", ""H"", ""H"", ""H"", ""H"", ""H"", ""H"", ""H"", ""C"", ""C"", ""N"", ""C"", ""H"", ""H"", ""H"", ""H"", ""H"", ""H"", ""H"", ""C"", ""C"", ""N"", ""C"", ""H"", ""H"", ""H"", ""H"", ""H"", ""H"", ""H"", ""C"", ""C"", ""N"", ""C"", ""H"", ""H"", ""H"", ""H"", ""H"", ""H"", ""H"", ""C"", ""C"", ""N"", ""C"", ""H"", ""H"", ""H"", ""H"", ""H"", ""H"", ""H"", ""C"", ""C"", ""N"", ""C"", ""H"", ""H"", ""H"", ""H"", ""H"", ""H"", ""H""]",C24H56N8,"[true, true, true]","[13.83654209222216, 0.0, 0.0, 0.0, 11.237797886164024, 0.0, 4.974285246165307, 0.0, 8.698667177761868]",1352.5754486927867,[],"{""cutoff=6.000_skin=0.000"": 4868, ""cutoff=6.000_skin=0.500"": 6420}",0.0,,
OPT-RFT-XATMOV88-R512-v1,fae3cd510f7c1880e11bf0b677e0d7ad0094c8e909e2ee11e6410c35bd33254a,OPT-RFT-XATMOV88-R512-v1:0431,XATMOV_C2_14_3069_z2_22,777650515c73c4f26eabb97b2f364e4f85893de6a07c22fb8ff9b53bd577056c,431,cross_family_test_set,XATMOV/structures/XATMOV_C2_14_3069_z2_22.cif,198571653b908c75c282dc1f45359c82fa71f326d6243dfa5c59cae8f36131b3,777650515c73c4f26eabb97b2f364e4f85893de6a07c22fb8ff9b53bd577056c,0,88,"[""C"", ""C"", ""N"", ""C"", ""H"", ""H"", ""H"", ""H"", ""H"", ""H"", ""H"", ""C"", ""C"", ""N"", ""C"", ""H"", ""H"", ""H"", ""H"", ""H"", ""H"", ""H"", ""C"", ""C"", ""N"", ""C"", ""H"", ""H"", ""H"", ""H"", ""H"", ""H"", ""H"", ""C"", ""C"", ""N"", ""C"", ""H"", ""H"", ""H"", ""H"", ""H"", ""H"", ""H"", ""C"", ""C"", ""N"", ""C"", ""H"", ""H"", ""H"", ""H"", ""H"", ""H"", ""H"", ""C"", ""C"", ""N"", ""C"", ""H"", ""H"", ""H"", ""H"", ""H"", ""H"", ""H"", ""C"", ""C"", ""N"", ""C"", ""H"", ""H"", ""H"", ""H"", ""H"", ""H"", ""H"", ""C"", ""C"", ""N"", ""C"", ""H"", ""H"", ""H"", ""H"", ""H"", ""H"", ""H""]",C24H56N8,"[true, true, true]","[12.264154069742098, 0.0, 0.0, 0.0, 10.09176886294432, 0.0, -1.9512747793003864, 0.0, 11.660536022916865]",1443.1896572309663,[],"{""cutoff=6.000_skin=0.000"": 4872, ""cutoff=6.000_skin=0.500"": 6304}",0.0,,
OPT-RFT-XATMOV88-R512-v1,fae3cd510f7c1880e11bf0b677e0d7ad0094c8e909e2ee11e6410c35bd33254a,OPT-RFT-XATMOV88-R512-v1:0432,XATMOV_C2_14_4883_z2_22,6b441cb3d05da435c1c4abaa808106d575170a766a74245d47d0ba658266d18a,432,cross_family_test_set,XATMOV/structures/XATMOV_C2_14_4883_z2_22.cif,1e2e2d9479d52c5653db848c006a44daf6ff19020a5bf829e15c5bef5779608d,6b441cb3d05da435c1c4abaa808106d575170a766a74245d47d0ba658266d18a,0,88,"[""C"", ""C"", ""N"", ""C"", ""H"", ""H"", ""H"", ""H"", ""H"", ""H"", ""H"", ""C"", ""C"", ""N"", ""C"", ""H"", ""H"", ""H"", ""H"", ""H"", ""H"", ""H"", ""C"", ""C"", ""N"", ""C"", ""H"", ""H"", ""H"", ""H"", ""H"", ""H"", ""H"", ""C"", ""C"", ""N"", ""C"", ""H"", ""H"", ""H"", ""H"", ""H"", ""H"", ""H"", ""C"", ""C"", ""N"", ""C"", ""H"", ""H"", ""H"", ""H"", ""H"", ""H"", ""H"", ""C"", ""C"", ""N"", ""C"", ""H"", ""H"", ""H"", ""H"", ""H"", ""H"", ""H"", ""C"", ""C"", ""N"", ""C"", ""H"", ""H"", ""H"", ""H"", ""H"", ""H"", ""H"", ""C"", ""C"", ""N"", ""C"", ""H"", ""H"", ""H"", ""H"", ""H"", ""H"", ""H""]",C24H56N8,"[true, true, true]","[5.072986356914143, 0.0, 0.0, 0.0, 18.490191613828596, 0.0, 4.053773291146077, 0.0, 16.79908859906695]",1575.7627386799181,[],"{""cutoff=6.000_skin=0.000"": 4888, ""cutoff=6.000_skin=0.500"": 5972}",0.0,,
OPT-RFT-XATMOV88-R512-v1,fae3cd510f7c1880e11bf0b677e0d7ad0094c8e909e2ee11e6410c35bd33254a,OPT-RFT-XATMOV88-R512-v1:0433,XATMOV_C2_14_2657_z2_22,ae78ef384f18520e2b07ee976a44fe15ed38c210c8414fa5fc8da406642e84f9,433,cross_family_test_set,XATMOV/structures/XATMOV_C2_14_2657_z2_22.cif,3891554158ffa75fc7d6858497d2ced0cf96e10f7368d6a9b25ede3bcfeac73e,ae78ef384f18520e2b07ee976a44fe15ed38c210c8414fa5fc8da406642e84f9,0,88,"[""C"", ""C"", ""N"", ""C"", ""H"", ""H"", ""H"", ""H"", ""H"", ""H"", ""H"", ""C"", ""C"", ""N"", ""C"", ""H"", ""H"", ""H"", ""H"", ""H"", ""H"", ""H"", ""C"", ""C"", ""N"", ""C"", ""H"", ""H"", ""H"", ""H"", ""H"", ""H"", ""H"", ""C"", ""C"", ""N"", ""C"", ""H"", ""H"", ""H"", ""H"", ""H"", ""H"", ""H"", ""C"", ""C"", ""N"", ""C"", ""H"", ""H"", ""H"", ""H"", ""H"", ""H"", ""H"", ""C"", ""C"", ""N"", ""C"", ""H"", ""H"", ""H"", ""H"", ""H"", ""H"", ""H"", ""C"", ""C"", ""N"", ""C"", ""H"", ""H"", ""H"", ""H"", ""H"", ""H"", ""H"", ""C"", ""C"", ""N"", ""C"", ""H"", ""H"", ""H"", ""H"", ""H"", ""H"", ""H""]",C24H56N8,"[true, true, true]","[4.744864616187466, 0.0, 0.0, 0.0, 18.21556731601555, 0.0, -2.0185881919773694, 0.0, 16.330830860182882]",1411.4802569944325,[],"{""cutoff=6.000_skin=0.000"": 4900, ""cutoff=6.000_skin=0.500"": 6080}",0.0,,
OPT-RFT-XATMOV88-R512-v1,fae3cd510f7c1880e11bf0b677e0d7ad0094c8e909e2ee11e6410c35bd33254a,OPT-RFT-XATMOV88-R512-v1:0434,XATMOV_C2_14_3535_z2_22,f8074fb6fd587136b3ed8c60442db70c41607afc8a16073c77daa814228ec105,434,cross_family_test_set,XATMOV/structures/XATMOV_C2_14_3535_z2_22.cif,235b7f87d7f8e7183b7d4b87573661ef04a06694441356aee9dc6a2c4157f412,f8074fb6fd587136b3ed8c60442db70c41607afc8a16073c77daa814228ec105,0,88,"[""C"", ""C"", ""N"", ""C"", ""H"", ""H"", ""H"", ""H"", ""H"", ""H"", ""H"", ""C"", ""C"", ""N"", ""C"", ""H"", ""H"", ""H"", ""H"", ""H"", ""H"", ""H"", ""C"", ""C"", ""N"", ""C"", ""H"", ""H"", ""H"", ""H"", ""H"", ""H"", ""H"", ""C"", ""C"", ""N"", ""C"", ""H"", ""H"", ""H"", ""H"", ""H"", ""H"", ""H"", ""C"", ""C"", ""N"", ""C"", ""H"", ""H"", ""H"", ""H"", ""H"", ""H"", ""H"", ""C"", ""C"", ""N"", ""C"", ""H"", ""H"", ""H"", ""H"", ""H"", ""H"", ""H"", ""C"", ""C"", ""N"", ""C"", ""H"", ""H"", ""H"", ""H"", ""H"", ""H"", ""H"", ""C"", ""C"", ""N"", ""C"", ""H"", ""H"", ""H"", ""H"", ""H"", ""H"", ""H""]",C24H56N8,"[true, true, true]","[17.09582433242835, 0.0, 0.0, 0.0, 9.942644222048788, 0.0, 3.5922869394173564, 0.0, 8.250683266878449]",1402.4321570466486,[],"{""cutoff=6.000_skin=0.000"": 4908, ""cutoff=6.000_skin=0.500"": 6160}",0.0,,
OPT-RFT-XATMOV88-R512-v1,fae3cd510f7c1880e11bf0b677e0d7ad0094c8e909e2ee11e6410c35bd33254a,OPT-RFT-XATMOV88-R512-v1:0435,XATMOV_C1_14_5651_z2_22,7224824f775cb1fc86eeb7d3daf57c357c15e48f6b9d2c7e0d31777f03a8b5d8,435,cross_family_test_set,XATMOV/structures/XATMOV_C1_14_5651_z2_22.cif,bbe2d1af68c73908de8098f47d46a0f7ee3f3f28f07a052de620f9501466b726,7224824f775cb1fc86eeb7d3daf57c357c15e48f6b9d2c7e0d31777f03a8b5d8,0,88,"[""C"", ""C"", ""N"", ""C"", ""H"", ""H"", ""H"", ""H"", ""H"", ""H"", ""H"", ""C"", ""C"", ""N"", ""C"", ""H"", ""H"", ""H"", ""H"", ""H"", ""H"", ""H"", ""C"", ""C"", ""N"", ""C"", ""H"", ""H"", ""H"", ""H"", ""H"", ""H"", ""H"", ""C"", ""C"", ""N"", ""C"", ""H"", ""H"", ""H"", ""H"", ""H"", ""H"", ""H"", ""C"", ""C"", ""N"", ""C"", ""H"", ""H"", ""H"", ""H"", ""H"", ""H"", ""H"", ""C"", ""C"", ""N"", ""C"", ""H"", ""H"", ""H"", ""H"", ""H"", ""H"", ""H"", ""C"", ""C"", ""N"", ""C"", ""H"", ""H"", ""H"", ""H"", ""H"", ""H"", ""H"", ""C"", ""C"", ""N"", ""C"", ""H"", ""H"", ""H"", ""H"", ""H"", ""H"", ""H""]",C24H56N8,"[true, true, true]","[8.123233494613878, 0.0, 0.0, 0.0, 9.662115698195528, 0.0, -0.8593799658291689, 0.0, 16.783948609664435]",1317.332211934277,[],"{""cutoff=6.000_skin=0.000"": 4916, ""cutoff=6.000_skin=0.500"": 6480}",0.0,,
OPT-RFT-XATMOV88-R512-v1,fae3cd510f7c1880e11bf0b677e0d7ad0094c8e909e2ee11e6410c35bd33254a,OPT-RFT-XATMOV88-R512-v1:0436,XATMOV_C2_14_1576_z2_22,916dbc94fc57e1f978b0f7497c4fedcd561ded1d09ec08fb1a35aea45d7f1c68,436,cross_family_test_set,XATMOV/structures/XATMOV_C2_14_1576_z2_22.cif,8282ed1f969c303ce36d9b4ef5cc195a1ba922adb40f5f430e8c885477ab4754,916dbc94fc57e1f978b0f7497c4fedcd561ded1d09ec08fb1a35aea45d7f1c68,0,88,"[""C"", ""C"", ""N"", ""C"", ""H"", ""H"", ""H"", ""H"", ""H"", ""H"", ""H"", ""C"", ""C"", ""N"", ""C"", ""H"", ""H"", ""H"", ""H"", ""H"", ""H"", ""H"", ""C"", ""C"", ""N"", ""C"", ""H"", ""H"", ""H"", ""H"", ""H"", ""H"", ""H"", ""C"", ""C"", ""N"", ""C"", ""H"", ""H"", ""H"", ""H"", ""H"", ""H"", ""H"", ""C"", ""C"", ""N"", ""C"", ""H"", ""H"", ""H"", ""H"", ""H"", ""H"", ""H"", ""C"", ""C"", ""N"", ""C"", ""H"", ""H"", ""H"", ""H"", ""H"", ""H"", ""H"", ""C"", ""C"", ""N"", ""C"", ""H"", ""H"", ""H"", ""H"", ""H"", ""H"", ""H"", ""C"", ""C"", ""N"", ""C"", ""H"", ""H"", ""H"", ""H"", ""H"", ""H"", ""H""]",C24H56N8,"[true, true, true]","[9.696269988066128, 0.0, 0.0, 0.0, 9.97073143830955, 0.0, 7.393823136257575, 0.0, 13.8133783596028]",1335.4622804037806,[],"{""cutoff=6.000_skin=0.000"": 4920, ""cutoff=6.000_skin=0.500"": 6240}",0.0,,
OPT-RFT-XATMOV88-R512-v1,fae3cd510f7c1880e11bf0b677e0d7ad0094c8e909e2ee11e6410c35bd33254a,OPT-RFT-XATMOV88-R512-v1:0437,XATMOV_C2_14_392_z2_22,ee3d7c0523d6c97b4130678ef2dd5f9b2068756974e6f02defd59d67316a1ed0,437,cross_family_test_set,XATMOV/structures/XATMOV_C2_14_392_z2_22.cif,fbdbbb269fcf4053912f4d8b94773f6152f41bfbe3ad3bf946cf847323f89467,ee3d7c0523d6c97b4130678ef2dd5f9b2068756974e6f02defd59d67316a1ed0,0,88,"[""C"", ""C"", ""N"", ""C"", ""H"", ""H"", ""H"", ""H"", ""H"", ""H"", ""H"", ""C"", ""C"", ""N"", ""C"", ""H"", ""H"", ""H"", ""H"", ""H"", ""H"", ""H"", ""C"", ""C"", ""N"", ""C"", ""H"", ""H"", ""H"", ""H"", ""H"", ""H"", ""H"", ""C"", ""C"", ""N"", ""C"", ""H"", ""H"", ""H"", ""H"", ""H"", ""H"", ""H"", ""C"", ""C"", ""N"", ""C"", ""H"", ""H"", ""H"", ""H"", ""H"", ""H"", ""H"", ""C"", ""C"", ""N"", ""C"", ""H"", ""H"", ""H"", ""H"", ""H"", ""H"", ""H"", ""C"", ""C"", ""N"", ""C"", ""H"", ""H"", ""H"", ""H"", ""H"", ""H"", ""H"", ""C"", ""C"", ""N"", ""C"", ""H"", ""H"", ""H"", ""H"", ""H"", ""H"", ""H""]",C24H56N8,"[true, true, true]","[12.603424457399157, 0.0, 0.0, 0.0, 10.488344150411862, 0.0, -1.2434529896065163, 0.0, 10.433812183895409]",1379.2357536775514,[],"{""cutoff=6.000_skin=0.000"": 4928, ""cutoff=6.000_skin=0.500"": 6556}",0.0,,
OPT-RFT-XATMOV88-R512-v1,fae3cd510f7c1880e11bf0b677e0d7ad0094c8e909e2ee11e6410c35bd33254a,OPT-RFT-XATMOV88-R512-v1:0438,XATMOV_C2_14_2876_z2_22,9ad98f69b263de7e8ea1d16847e87971bd05e268d3ae26ece00398c6623a9c08,438,cross_family_test_set,XATMOV/structures/XATMOV_C2_14_2876_z2_22.cif,277bade48d6e0603bce4c1c89d6a32a582585e51ee8d3dd5d12a8a304dd125fb,9ad98f69b263de7e8ea1d16847e87971bd05e268d3ae26ece00398c6623a9c08,0,88,"[""C"", ""C"", ""N"", ""C"", ""H"", ""H"", ""H"", ""H"", ""H"", ""H"", ""H"", ""C"", ""C"", ""N"", ""C"", ""H"", ""H"", ""H"", ""H"", ""H"", ""H"", ""H"", ""C"", ""C"", ""N"", ""C"", ""H"", ""H"", ""H"", ""H"", ""H"", ""H"", ""H"", ""C"", ""C"", ""N"", ""C"", ""H"", ""H"", ""H"", ""H"", ""H"", ""H"", ""H"", ""C"", ""C"", ""N"", ""C"", ""H"", ""H"", ""H"", ""H"", ""H"", ""H"", ""H"", ""C"", ""C"", ""N"", ""C"", ""H"", ""H"", ""H"", ""H"", ""H"", ""H"", ""H"", ""C"", ""C"", ""N"", ""C"", ""H"", ""H"", ""H"", ""H"", ""H"", ""H"", ""H"", ""C"", ""C"", ""N"", ""C"", ""H"", ""H"", ""H"", ""H"", ""H"", ""H"", ""H""]",C24H56N8,"[true, true, true]","[11.049429925387976, 0.0, 0.0, 0.0, 11.243466851969856, 0.0, -1.623985379706715, 0.0, 11.002083238907653]",1366.831698984151,[],"{""cutoff=6.000_skin=0.000"": 4940, ""cutoff=6.000_skin=0.500"": 6512}",0.0,,
OPT-RFT-XATMOV88-R512-v1,fae3cd510f7c1880e11bf0b677e0d7ad0094c8e909e2ee11e6410c35bd33254a,OPT-RFT-XATMOV88-R512-v1:0439,XATMOV_C1_14_1273_z2_22,67290a9760e0c5cb6fe1b8fe4ceb4c245ea04a63ffd3a9c7dbdf8c663965f6bf,439,cross_family_test_set,XATMOV/structures/XATMOV_C1_14_1273_z2_22.cif,5c019f6dedb6337f59bce8d136c5a12d21bb011671555dfa9c46b92e86f7af3f,67290a9760e0c5cb6fe1b8fe4ceb4c245ea04a63ffd3a9c7dbdf8c663965f6bf,0,88,"[""C"", ""C"", ""N"", ""C"", ""H"", ""H"", ""H"", ""H"", ""H"", ""H"", ""H"", ""C"", ""C"", ""N"", ""C"", ""H"", ""H"", ""H"", ""H"", ""H"", ""H"", ""H"", ""C"", ""C"", ""N"", ""C"", ""H"", ""H"", ""H"", ""H"", ""H"", ""H"", ""H"", ""C"", ""C"", ""N"", ""C"", ""H"", ""H"", ""H"", ""H"", ""H"", ""H"", ""H"", ""C"", ""C"", ""N"", ""C"", ""H"", ""H"", ""H"", ""H"", ""H"", ""H"", ""H"", ""C"", ""C"", ""N"", ""C"", ""H"", ""H"", ""H"", ""H"", ""H"", ""H"", ""H"", ""C"", ""C"", ""N"", ""C"", ""H"", ""H"", ""H"", ""H"", ""H"", ""H"", ""H"", ""C"", ""C"", ""N"", ""C"", ""H"", ""H"", ""H"", ""H"", ""H"", ""H"", ""H""]",C24H56N8,"[true, true, true]","[10.342114656320103, 0.0, 0.0, 0.0, 13.271839736235549, 0.0, 5.247525506577828, 0.0, 10.149320619260031]",1393.084464717333,[],"{""cutoff=6.000_skin=0.000"": 4956, ""cutoff=6.000_skin=0.500"": 6368}",0.0,,
OPT-RFT-XATMOV88-R512-v1,fae3cd510f7c1880e11bf0b677e0d7ad0094c8e909e2ee11e6410c35bd33254a,OPT-RFT-XATMOV88-R512-v1:0440,XATMOV_C2_14_4312_z2_22,9cc97b0470645486da8334126ed3f9d2c3edbc167cd3ec49e74c2fb781b8e506,440,cross_family_test_set,XATMOV/structures/XATMOV_C2_14_4312_z2_22.cif,52413325bcd5fba71979772a408db3444e4bcdaf28185715dc8d8c6d13fb2ccc,9cc97b0470645486da8334126ed3f9d2c3edbc167cd3ec49e74c2fb781b8e506,0,88,"[""C"", ""C"", ""N"", ""C"", ""H"", ""H"", ""H"", ""H"", ""H"", ""H"", ""H"", ""C"", ""C"", ""N"", ""C"", ""H"", ""H"", ""H"", ""H"", ""H"", ""H"", ""H"", ""C"", ""C"", ""N"", ""C"", ""H"", ""H"", ""H"", ""H"", ""H"", ""H"", ""H"", ""C"", ""C"", ""N"", ""C"", ""H"", ""H"", ""H"", ""H"", ""H"", ""H"", ""H"", ""C"", ""C"", ""N"", ""C"", ""H"", ""H"", ""H"", ""H"", ""H"", ""H"", ""H"", ""C"", ""C"", ""N"", ""C"", ""H"", ""H"", ""H"", ""H"", ""H"", ""H"", ""H"", ""C"", ""C"", ""N"", ""C"", ""H"", ""H"", ""H"", ""H"", ""H"", ""H"", ""H"", ""C"", ""C"", ""N"", ""C"", ""H"", ""H"", ""H"", ""H"", ""H"", ""H"", ""H""]",C24H56N8,"[true, true, true]","[10.134720655722631, 0.0, 0.0, 0.0, 15.095022572354367, 0.0, 6.529021219477832, 0.0, 8.653640037846882]",1323.8670575486992,[],"{""cutoff=6.000_skin=0.000"": 4964, ""cutoff=6.000_skin=0.500"": 6492}",0.0,,
OPT-RFT-XATMOV88-R512-v1,fae3cd510f7c1880e11bf0b677e0d7ad0094c8e909e2ee11e6410c35bd33254a,OPT-RFT-XATMOV88-R512-v1:0441,XATMOV_C2_14_2868_z2_22,d735bd470a9f74432d98335929467fff38e677d1b56a560f5402e54272cc94e2,441,cross_family_test_set,XATMOV/structures/XATMOV_C2_14_2868_z2_22.cif,029b5d00863ee52074661c5b0399ab2262b6266903ed5024d364eeaa6447503b,d735bd470a9f74432d98335929467fff38e677d1b56a560f5402e54272cc94e2,0,88,"[""C"", ""C"", ""N"", ""C"", ""H"", ""H"", ""H"", ""H"", ""H"", ""H"", ""H"", ""C"", ""C"", ""N"", ""C"", ""H"", ""H"", ""H"", ""H"", ""H"", ""H"", ""H"", ""C"", ""C"", ""N"", ""C"", ""H"", ""H"", ""H"", ""H"", ""H"", ""H"", ""H"", ""C"", ""C"", ""N"", ""C"", ""H"", ""H"", ""H"", ""H"", ""H"", ""H"", ""H"", ""C"", ""C"", ""N"", ""C"", ""H"", ""H"", ""H"", ""H"", ""H"", ""H"", ""H"", ""C"", ""C"", ""N"", ""C"", ""H"", ""H"", ""H"", ""H"", ""H"", ""H"", ""H"", ""C"", ""C"", ""N"", ""C"", ""H"", ""H"", ""H"", ""H"", ""H"", ""H"", ""H"", ""C"", ""C"", ""N"", ""C"", ""H"", ""H"", ""H"", ""H"", ""H"", ""H"", ""H""]",C24H56N8,"[true, true, true]","[16.58502221531633, 0.0, 0.0, 0.0, 5.3340291989238295, 0.0, -0.1737824688607572, 0.0, 16.055869987503794]",1420.382422220859,[],"{""cutoff=6.000_skin=0.000"": 4972, ""cutoff=6.000_skin=0.500"": 6420}",0.0,,
OPT-RFT-XATMOV88-R512-v1,fae3cd510f7c1880e11bf0b677e0d7ad0094c8e909e2ee11e6410c35bd33254a,OPT-RFT-XATMOV88-R512-v1:0442,XATMOV_C1_14_1141_z2_22,864a79a192672aeda834c2bebf06dc0b77809d863f342e8e16a278d07e74f90f,442,cross_family_test_set,XATMOV/structures/XATMOV_C1_14_1141_z2_22.cif,caa69574b8b7725aed91f090da79f164926a6123177ae6ffbf97e36ea817ab09,864a79a192672aeda834c2bebf06dc0b77809d863f342e8e16a278d07e74f90f,0,88,"[""C"", ""C"", ""N"", ""C"", ""H"", ""H"", ""H"", ""H"", ""H"", ""H"", ""H"", ""C"", ""C"", ""N"", ""C"", ""H"", ""H"", ""H"", ""H"", ""H"", ""H"", ""H"", ""C"", ""C"", ""N"", ""C"", ""H"", ""H"", ""H"", ""H"", ""H"", ""H"", ""H"", ""C"", ""C"", ""N"", ""C"", ""H"", ""H"", ""H"", ""H"", ""H"", ""H"", ""H"", ""C"", ""C"", ""N"", ""C"", ""H"", ""H"", ""H"", ""H"", ""H"", ""H"", ""H"", ""C"", ""C"", ""N"", ""C"", ""H"", ""H"", ""H"", ""H"", ""H"", ""H"", ""H"", ""C"", ""C"", ""N"", ""C"", ""H"", ""H"", ""H"", ""H"", ""H"", ""H"", ""H"", ""C"", ""C"", ""N"", ""C"", ""H"", ""H"", ""H"", ""H"", ""H"", ""H"", ""H""]",C24H56N8,"[true, true, true]","[12.398825548131455, 0.0, 0.0, 0.0, 10.860615022967721, 0.0, 2.9838345463259333, 0.0, 10.069552731581663]",1355.954602462733,[],"{""cutoff=6.000_skin=0.000"": 4988, ""cutoff=6.000_skin=0.500"": 6480}",0.0,,
OPT-RFT-XATMOV88-R512-v1,fae3cd510f7c1880e11bf0b677e0d7ad0094c8e909e2ee11e6410c35bd33254a,OPT-RFT-XATMOV88-R512-v1:0443,XATMOV_C1_14_5451_z2_22,ba1ef3abeda915fc816ee2d150817bbf9a2f04dd3797f40b53e8b462eaf904eb,443,cross_family_test_set,XATMOV/structures/XATMOV_C1_14_5451_z2_22.cif,423a209e17c03d344ba5eff38ad396f153e15f6e9cf00aedfa02bb7ba5bdeda6,ba1ef3abeda915fc816ee2d150817bbf9a2f04dd3797f40b53e8b462eaf904eb,0,88,"[""C"", ""C"", ""N"", ""C"", ""H"", ""H"", ""H"", ""H"", ""H"", ""H"", ""H"", ""C"", ""C"", ""N"", ""C"", ""H"", ""H"", ""H"", ""H"", ""H"", ""H"", ""H"", ""C"", ""C"", ""N"", ""C"", ""H"", ""H"", ""H"", ""H"", ""H"", ""H"", ""H"", ""C"", ""C"", ""N"", ""C"", ""H"", ""H"", ""H"", ""H"", ""H"", ""H"", ""H"", ""C"", ""C"", ""N"", ""C"", ""H"", ""H"", ""H"", ""H"", ""H"", ""H"", ""H"", ""C"", ""C"", ""N"", ""C"", ""H"", ""H"", ""H"", ""H"", ""H"", ""H"", ""H"", ""C"", ""C"", ""N"", ""C"", ""H"", ""H"", ""H"", ""H"", ""H"", ""H"", ""H"", ""C"", ""C"", ""N"", ""C"", ""H"", ""H"", ""H"", ""H"", ""H"", ""H"", ""H""]",C24H56N8,"[true, true, true]","[8.956288197933418, 0.0, 0.0, 0.0, 11.839064509349924, 0.0, 1.6051034811169056, 0.0, 12.508795635648887]",1326.3585588247704,[],"{""cutoff=6.000_skin=0.000"": 5004, ""cutoff=6.000_skin=0.500"": 6804}",0.0,,
OPT-RFT-XATMOV88-R512-v1,fae3cd510f7c1880e11bf0b677e0d7ad0094c8e909e2ee11e6410c35bd33254a,OPT-RFT-XATMOV88-R512-v1:0444,XATMOV_C1_14_2079_z2_22,8f87fc22a7be49cf33ac5324ca3c81fd6d9880748f42d1be811fb8c3579f7527,444,cross_family_test_set,XATMOV/structures/XATMOV_C1_14_2079_z2_22.cif,7b1d26f2249f7bc5b8174c2311e6781120d643887a14ab2ca8311af57ce2fc82,8f87fc22a7be49cf33ac5324ca3c81fd6d9880748f42d1be811fb8c3579f7527,0,88,"[""C"", ""C"", ""N"", ""C"", ""H"", ""H"", ""H"", ""H"", ""H"", ""H"", ""H"", ""C"", ""C"", ""N"", ""C"", ""H"", ""H"", ""H"", ""H"", ""H"", ""H"", ""H"", ""C"", ""C"", ""N"", ""C"", ""H"", ""H"", ""H"", ""H"", ""H"", ""H"", ""H"", ""C"", ""C"", ""N"", ""C"", ""H"", ""H"", ""H"", ""H"", ""H"", ""H"", ""H"", ""C"", ""C"", ""N"", ""C"", ""H"", ""H"", ""H"", ""H"", ""H"", ""H"", ""H"", ""C"", ""C"", ""N"", ""C"", ""H"", ""H"", ""H"", ""H"", ""H"", ""H"", ""H"", ""C"", ""C"", ""N"", ""C"", ""H"", ""H"", ""H"", ""H"", ""H"", ""H"", ""H"", ""C"", ""C"", ""N"", ""C"", ""H"", ""H"", ""H"", ""H"", ""H"", ""H"", ""H""]",C24H56N8,"[true, true, true]","[11.522173606542445, 0.0, 0.0, 0.0, 11.808064522240265, 0.0, 3.7001825374162514, 0.0, 9.68663880141903]",1317.9114708909506,[],"{""cutoff=6.000_skin=0.000"": 5020, ""cutoff=6.000_skin=0.500"": 6660}",0.0,,
OPT-RFT-XATMOV88-R512-v1,fae3cd510f7c1880e11bf0b677e0d7ad0094c8e909e2ee11e6410c35bd33254a,OPT-RFT-XATMOV88-R512-v1:0445,XATMOV_C1_14_4648_z2_22,8cf742a55be4c603ac3264208d97e6ba3e1a1705b89361ca7ec601a37be51b93,445,cross_family_test_set,XATMOV/structures/XATMOV_C1_14_4648_z2_22.cif,31f440cad222f1638af146be39e27afc779031e7b196d94c97d2c1aa90654cec,8cf742a55be4c603ac3264208d97e6ba3e1a1705b89361ca7ec601a37be51b93,0,88,"[""C"", ""C"", ""N"", ""C"", ""H"", ""H"", ""H"", ""H"", ""H"", ""H"", ""H"", ""C"", ""C"", ""N"", ""C"", ""H"", ""H"", ""H"", ""H"", ""H"", ""H"", ""H"", ""C"", ""C"", ""N"", ""C"", ""H"", ""H"", ""H"", ""H"", ""H"", ""H"", ""H"", ""C"", ""C"", ""N"", ""C"", ""H"", ""H"", ""H"", ""H"", ""H"", ""H"", ""H"", ""C"", ""C"", ""N"", ""C"", ""H"", ""H"", ""H"", ""H"", ""H"", ""H"", ""H"", ""C"", ""C"", ""N"", ""C"", ""H"", ""H"", ""H"", ""H"", ""H"", ""H"", ""H"", ""C"", ""C"", ""N"", ""C"", ""H"", ""H"", ""H"", ""H"", ""H"", ""H"", ""H"", ""C"", ""C"", ""N"", ""C"", ""H"", ""H"", ""H"", ""H"", ""H"", ""H"", ""H""]",C24H56N8,"[true, true, true]","[5.351488867589332, 0.0, 0.0, 0.0, 17.210637631574407, 0.0, 3.006036802871777, 0.0, 17.511485673187096]",1612.85223419061,[],"{""cutoff=6.000_skin=0.000"": 5024, ""cutoff=6.000_skin=0.500"": 6384}",0.0,,
OPT-RFT-XATMOV88-R512-v1,fae3cd510f7c1880e11bf0b677e0d7ad0094c8e909e2ee11e6410c35bd33254a,OPT-RFT-XATMOV88-R512-v1:0446,XATMOV_C2_14_3980_z2_22,919ff1a2c0ce97b151c8374b3de101c0027cf831d2a782963c612cc800bf5313,446,cross_family_test_set,XATMOV/structures/XATMOV_C2_14_3980_z2_22.cif,85d6a6e36f8d8cf1b35250d1ac71c60553c3999cda300e92094b4040a4f13608,919ff1a2c0ce97b151c8374b3de101c0027cf831d2a782963c612cc800bf5313,0,88,"[""C"", ""C"", ""N"", ""C"", ""H"", ""H"", ""H"", ""H"", ""H"", ""H"", ""H"", ""C"", ""C"", ""N"", ""C"", ""H"", ""H"", ""H"", ""H"", ""H"", ""H"", ""H"", ""C"", ""C"", ""N"", ""C"", ""H"", ""H"", ""H"", ""H"", ""H"", ""H"", ""H"", ""C"", ""C"", ""N"", ""C"", ""H"", ""H"", ""H"", ""H"", ""H"", ""H"", ""H"", ""C"", ""C"", ""N"", ""C"", ""H"", ""H"", ""H"", ""H"", ""H"", ""H"", ""H"", ""C"", ""C"", ""N"", ""C"", ""H"", ""H"", ""H"", ""H"", ""H"", ""H"", ""H"", ""C"", ""C"", ""N"", ""C"", ""H"", ""H"", ""H"", ""H"", ""H"", ""H"", ""H"", ""C"", ""C"", ""N"", ""C"", ""H"", ""H"", ""H"", ""H"", ""H"", ""H"", ""H""]",C24H56N8,"[true, true, true]","[9.615003323307555, 0.0, 0.0, 0.0, 11.951832896964888, 0.0, -4.29079133899604, 0.0, 11.670160941977018]",1341.0988699444842,[],"{""cutoff=6.000_skin=0.000"": 5028, ""cutoff=6.000_skin=0.500"": 6652}",0.0,,
OPT-RFT-XATMOV88-R512-v1,fae3cd510f7c1880e11bf0b677e0d7ad0094c8e909e2ee11e6410c35bd33254a,OPT-RFT-XATMOV88-R512-v1:0447,XATMOV_C1_14_5799_z2_22,81b57f792b49a8272b530b76748641dc612b4af02df1232af8c511b678135b37,447,cross_family_test_set,XATMOV/structures/XATMOV_C1_14_5799_z2_22.cif,b8fe592e6380198551fe3e96993c53545df7639eb09eb5a4e82a56499da8afeb,81b57f792b49a8272b530b76748641dc612b4af02df1232af8c511b678135b37,0,88,"[""C"", ""C"", ""N"", ""C"", ""H"", ""H"", ""H"", ""H"", ""H"", ""H"", ""H"", ""C"", ""C"", ""N"", ""C"", ""H"", ""H"", ""H"", ""H"", ""H"", ""H"", ""H"", ""C"", ""C"", ""N"", ""C"", ""H"", ""H"", ""H"", ""H"", ""H"", ""H"", ""H"", ""C"", ""C"", ""N"", ""C"", ""H"", ""H"", ""H"", ""H"", ""H"", ""H"", ""H"", ""C"", ""C"", ""N"", ""C"", ""H"", ""H"", ""H"", ""H"", ""H"", ""H"", ""H"", ""C"", ""C"", ""N"", ""C"", ""H"", ""H"", ""H"", ""H"", ""H"", ""H"", ""H"", ""C"", ""C"", ""N"", ""C"", ""H"", ""H"", ""H"", ""H"", ""H"", ""H"", ""H"", ""C"", ""C"", ""N"", ""C"", ""H"", ""H"", ""H"", ""H"", ""H"", ""H"", ""H""]",C24H56N8,"[true, true, true]","[9.933508832174155, 0.0, 0.0, 0.0, 14.07888442986551, 0.0, 2.2863119735261406, 0.0, 9.470287709137226]",1324.4455221179558,[],"{""cutoff=6.000_skin=0.000"": 5044, ""cutoff=6.000_skin=0.500"": 6528}",0.0,,
OPT-RFT-XATMOV88-R512-v1,fae3cd510f7c1880e11bf0b677e0d7ad0094c8e909e2ee11e6410c35bd33254a,OPT-RFT-XATMOV88-R512-v1:0448,XATMOV_C1_14_7210_z2_22,0c003268ce6f52250100da86fed42fdc46243ecd96930cf09e8fb1d810e94033,448,cross_family_test_set,XATMOV/structures/XATMOV_C1_14_7210_z2_22.cif,c9f8b08e759eaefced92e349f6cf2ecc3933e3281f2043c8e56d56cbbbb973ed,0c003268ce6f52250100da86fed42fdc46243ecd96930cf09e8fb1d810e94033,0,88,"[""C"", ""C"", ""N"", ""C"", ""H"", ""H"", ""H"", ""H"", ""H"", ""H"", ""H"", ""C"", ""C"", ""N"", ""C"", ""H"", ""H"", ""H"", ""H"", ""H"", ""H"", ""H"", ""C"", ""C"", ""N"", ""C"", ""H"", ""H"", ""H"", ""H"", ""H"", ""H"", ""H"", ""C"", ""C"", ""N"", ""C"", ""H"", ""H"", ""H"", ""H"", ""H"", ""H"", ""H"", ""C"", ""C"", ""N"", ""C"", ""H"", ""H"", ""H"", ""H"", ""H"", ""H"", ""H"", ""C"", ""C"", ""N"", ""C"", ""H"", ""H"", ""H"", ""H"", ""H"", ""H"", ""H"", ""C"", ""C"", ""N"", ""C"", ""H"", ""H"", ""H"", ""H"", ""H"", ""H"", ""H"", ""C"", ""C"", ""N"", ""C"", ""H"", ""H"", ""H"", ""H"", ""H"", ""H"", ""H""]",C24H56N8,"[true, true, true]","[5.3828028334891656, 0.0, 0.0, 0.0, 16.142282861416746, 0.0, -4.106311528824654, 0.0, 15.477183832871741]",1344.8237385193634,[],"{""cutoff=6.000_skin=0.000"": 5056, ""cutoff=6.000_skin=0.500"": 6540}",0.0,,
OPT-RFT-XATMOV88-R512-v1,fae3cd510f7c1880e11bf0b677e0d7ad0094c8e909e2ee11e6410c35bd33254a,OPT-RFT-XATMOV88-R512-v1:0449,XATMOV_C1_14_1796_z2_22,0b419315432627bb31fae870c4cb60aca49d7924c479645b701c69b1d09ff3f7,449,cross_family_test_set,XATMOV/structures/XATMOV_C1_14_1796_z2_22.cif,4954fb0c1047160c8ddaf9829e0412fee8accb63b17681ff5358588ee27ffe24,0b419315432627bb31fae870c4cb60aca49d7924c479645b701c69b1d09ff3f7,0,88,"[""C"", ""C"", ""N"", ""C"", ""H"", ""H"", ""H"", ""H"", ""H"", ""H"", ""H"", ""C"", ""C"", ""N"", ""C"", ""H"", ""H"", ""H"", ""H"", ""H"", ""H"", ""H"", ""C"", ""C"", ""N"", ""C"", ""H"", ""H"", ""H"", ""H"", ""H"", ""H"", ""H"", ""C"", ""C"", ""N"", ""C"", ""H"", ""H"", ""H"", ""H"", ""H"", ""H"", ""H"", ""C"", ""C"", ""N"", ""C"", ""H"", ""H"", ""H"", ""H"", ""H"", ""H"", ""H"", ""C"", ""C"", ""N"", ""C"", ""H"", ""H"", ""H"", ""H"", ""H"", ""H"", ""H"", ""C"", ""C"", ""N"", ""C"", ""H"", ""H"", ""H"", ""H"", ""H"", ""H"", ""H"", ""C"", ""C"", ""N"", ""C"", ""H"", ""H"", ""H"", ""H"", ""H"", ""H"", ""H""]",C24H56N8,"[true, true, true]","[5.773287829218646, 0.0, 0.0, 0.0, 9.76011367274539, 0.0, 3.544788176722176, 0.0, 22.76552645567449]",1282.7906435171444,[],"{""cutoff=6.000_skin=0.000"": 5068, ""cutoff=6.000_skin=0.500"": 6832}",0.0,,
OPT-RFT-XATMOV88-R512-v1,fae3cd510f7c1880e11bf0b677e0d7ad0094c8e909e2ee11e6410c35bd33254a,OPT-RFT-XATMOV88-R512-v1:0450,XATMOV_C1_14_1824_z2_22,f4ba12792ac2eb8e32939abac1c3c5b71a49196a62ae034c1f5983ef076bbad1,450,cross_family_test_set,XATMOV/structures/XATMOV_C1_14_1824_z2_22.cif,a3278eb6dfb2adea6e2c15dbe1b9c2ae1c0f85becb9e5abeea530fc939cae8a7,f4ba12792ac2eb8e32939abac1c3c5b71a49196a62ae034c1f5983ef076bbad1,0,88,"[""C"", ""C"", ""N"", ""C"", ""H"", ""H"", ""H"", ""H"", ""H"", ""H"", ""H"", ""C"", ""C"", ""N"", ""C"", ""H"", ""H"", ""H"", ""H"", ""H"", ""H"", ""H"", ""C"", ""C"", ""N"", ""C"", ""H"", ""H"", ""H"", ""H"", ""H"", ""H"", ""H"", ""C"", ""C"", ""N"", ""C"", ""H"", ""H"", ""H"", ""H"", ""H"", ""H"", ""H"", ""C"", ""C"", ""N"", ""C"", ""H"", ""H"", ""H"", ""H"", ""H"", ""H"", ""H"", ""C"", ""C"", ""N"", ""C"", ""H"", ""H"", ""H"", ""H"", ""H"", ""H"", ""H"", ""C"", ""C"", ""N"", ""C"", ""H"", ""H"", ""H"", ""H"", ""H"", ""H"", ""H"", ""C"", ""C"", ""N"", ""C"", ""H"", ""H"", ""H"", ""H"", ""H"", ""H"", ""H""]",C24H56N8,"[true, true, true]","[12.428585561086216, 0.0, 0.0, 0.0, 10.321769742002061, 0.0, 0.5529967774936804, 0.0, 10.21619525710716]",1310.5845920108547,[],"{""cutoff=6.000_skin=0.000"": 5088, ""cutoff=6.000_skin=0.500"": 6900}",0.0,,
OPT-RFT-XATMOV88-R512-v1,fae3cd510f7c1880e11bf0b677e0d7ad0094c8e909e2ee11e6410c35bd33254a,OPT-RFT-XATMOV88-R512-v1:0451,XATMOV_C2_14_4666_z2_22,1b325920d59d09efea31b62c0b12b053620a588e8d477c3d85b444dd2b1e47b5,451,cross_family_test_set,XATMOV/structures/XATMOV_C2_14_4666_z2_22.cif,cbc75685c4bb3acc110b6a6e33755fca64019fa4db48f6827155f6f5e9ce3026,1b325920d59d09efea31b62c0b12b053620a588e8d477c3d85b444dd2b1e47b5,0,88,"[""C"", ""C"", ""N"", ""C"", ""H"", ""H"", ""H"", ""H"", ""H"", ""H"", ""H"", ""C"", ""C"", ""N"", ""C"", ""H"", ""H"", ""H"", ""H"", ""H"", ""H"", ""H"", ""C"", ""C"", ""N"", ""C"", ""H"", ""H"", ""H"", ""H"", ""H"", ""H"", ""H"", ""C"", ""C"", ""N"", ""C"", ""H"", ""H"", ""H"", ""H"", ""H"", ""H"", ""H"", ""C"", ""C"", ""N"", ""C"", ""H"", ""H"", ""H"", ""H"", ""H"", ""H"", ""H"", ""C"", ""C"", ""N"", ""C"", ""H"", ""H"", ""H"", ""H"", ""H"", ""H"", ""H"", ""C"", ""C"", ""N"", ""C"", ""H"", ""H"", ""H"", ""H"", ""H"", ""H"", ""H"", ""C"", ""C"", ""N"", ""C"", ""H"", ""H"", ""H"", ""H"", ""H"", ""H"", ""H""]",C24H56N8,"[true, true, true]","[10.489473351763266, 0.0, 0.0, 0.0, 11.450392004472409, 0.0, 4.943548576461817, 0.0, 11.097394447798752]",1332.892308779844,[],"{""cutoff=6.000_skin=0.000"": 5096, ""cutoff=6.000_skin=0.500"": 6928}",0.0,,
OPT-RFT-XATMOV88-R512-v1,fae3cd510f7c1880e11bf0b677e0d7ad0094c8e909e2ee11e6410c35bd33254a,OPT-RFT-XATMOV88-R512-v1:0452,XATMOV_C1_14_6525_z2_22,048d93e2a7ea93860671a1dd9b6c5ff28b4daeb77cfdde052363838f23a46ab7,452,cross_family_test_set,XATMOV/structures/XATMOV_C1_14_6525_z2_22.cif,4976480ac30943225e75f6e19bc2e2d0d420fbd6dfeb71710dc28c9da16b744e,048d93e2a7ea93860671a1dd9b6c5ff28b4daeb77cfdde052363838f23a46ab7,0,88,"[""C"", ""C"", ""N"", ""C"", ""H"", ""H"", ""H"", ""H"", ""H"", ""H"", ""H"", ""C"", ""C"", ""N"", ""C"", ""H"", ""H"", ""H"", ""H"", ""H"", ""H"", ""H"", ""C"", ""C"", ""N"", ""C"", ""H"", ""H"", ""H"", ""H"", ""H"", ""H"", ""H"", ""C"", ""C"", ""N"", ""C"", ""H"", ""H"", ""H"", ""H"", ""H"", ""H"", ""H"", ""C"", ""C"", ""N"", ""C"", ""H"", ""H"", ""H"", ""H"", ""H"", ""H"", ""H"", ""C"", ""C"", ""N"", ""C"", ""H"", ""H"", ""H"", ""H"", ""H"", ""H"", ""H"", ""C"", ""C"", ""N"", ""C"", ""H"", ""H"", ""H"", ""H"", ""H"", ""H"", ""H"", ""C"", ""C"", ""N"", ""C"", ""H"", ""H"", ""H"", ""H"", ""H"", ""H"", ""H""]",C24H56N8,"[true, true, true]","[12.586534166092676, 0.0, 0.0, 0.0, 11.83298699228434, 0.0, -5.569356067920101, 0.0, 9.101609230029524]",1355.5599578528906,[],"{""cutoff=6.000_skin=0.000"": 5116, ""cutoff=6.000_skin=0.500"": 6620}",0.0,,
OPT-RFT-XATMOV88-R512-v1,fae3cd510f7c1880e11bf0b677e0d7ad0094c8e909e2ee11e6410c35bd33254a,OPT-RFT-XATMOV88-R512-v1:0453,XATMOV_C1_14_4080_z2_22,6d4906ff16f6455a2c7fcab70b5d113e687d7fb1a19a77a234e2d6a3fdad23f7,453,cross_family_test_set,XATMOV/structures/XATMOV_C1_14_4080_z2_22.cif,421ced0fec221055b1c18a87c01967c68e2dc463d6ebd2e654f963ea66357e2c,6d4906ff16f6455a2c7fcab70b5d113e687d7fb1a19a77a234e2d6a3fdad23f7,0,88,"[""C"", ""C"", ""N"", ""C"", ""H"", ""H"", ""H"", ""H"", ""H"", ""H"", ""H"", ""C"", ""C"", ""N"", ""C"", ""H"", ""H"", ""H"", ""H"", ""H"", ""H"", ""H"", ""C"", ""C"", ""N"", ""C"", ""H"", ""H"", ""H"", ""H"", ""H"", ""H"", ""H"", ""C"", ""C"", ""N"", ""C"", ""H"", ""H"", ""H"", ""H"", ""H"", ""H"", ""H"", ""C"", ""C"", ""N"", ""C"", ""H"", ""H"", ""H"", ""H"", ""H"", ""H"", ""H"", ""C"", ""C"", ""N"", ""C"", ""H"", ""H"", ""H"", ""H"", ""H"", ""H"", ""H"", ""C"", ""C"", ""N"", ""C"", ""H"", ""H"", ""H"", ""H"", ""H"", ""H"", ""H"", ""C"", ""C"", ""N"", ""C"", ""H"", ""H"", ""H"", ""H"", ""H"", ""H"", ""H""]",C24H56N8,"[true, true, true]","[10.8662633577188, 0.0, 0.0, 0.0, 11.76877825296662, 0.0, -0.25688975546342796, 0.0, 10.332562917039656]",1321.3554640458653,[],"{""cutoff=6.000_skin=0.000"": 5144, ""cutoff=6.000_skin=0.500"": 6684}",0.0,,
OPT-RFT-XATMOV88-R512-v1,fae3cd510f7c1880e11bf0b677e0d7ad0094c8e909e2ee11e6410c35bd33254a,OPT-RFT-XATMOV88-R512-v1:0454,XATMOV_C1_14_6919_z2_22,97373a52a32d9e42d5f59deaade985599a0841e1c70b83f0fc5738143b30114c,454,cross_family_test_set,XATMOV/structures/XATMOV_C1_14_6919_z2_22.cif,a4ecc2f191e96e6b90a5ea6b3e0919a0033d69aabeead28a4aac9274c5db15db,97373a52a32d9e42d5f59deaade985599a0841e1c70b83f0fc5738143b30114c,0,88,"[""C"", ""C"", ""N"", ""C"", ""H"", ""H"", ""H"", ""H"", ""H"", ""H"", ""H"", ""C"", ""C"", ""N"", ""C"", ""H"", ""H"", ""H"", ""H"", ""H"", ""H"", ""H"", ""C"", ""C"", ""N"", ""C"", ""H"", ""H"", ""H"", ""H"", ""H"", ""H"", ""H"", ""C"", ""C"", ""N"", ""C"", ""H"", ""H"", ""H"", ""H"", ""H"", ""H"", ""H"", ""C"", ""C"", ""N"", ""C"", ""H"", ""H"", ""H"", ""H"", ""H"", ""H"", ""H"", ""C"", ""C"", ""N"", ""C"", ""H"", ""H"", ""H"", ""H"", ""H"", ""H"", ""H"", ""C"", ""C"", ""N"", ""C"", ""H"", ""H"", ""H"", ""H"", ""H"", ""H"", ""H"", ""C"", ""C"", ""N"", ""C"", ""H"", ""H"", ""H"", ""H"", ""H"", ""H"", ""H""]",C24H56N8,"[true, true, true]","[4.786560972830827, 0.0, 0.0, 0.0, 33.114952948431764, 0.0, 0.6180761707687529, 0.0, 8.330720583389104]",1320.4753731876856,[],"{""cutoff=6.000_skin=0.000"": 5156, ""cutoff=6.000_skin=0.500"": 6684}",0.0,,
OPT-RFT-XATMOV88-R512-v1,fae3cd510f7c1880e11bf0b677e0d7ad0094c8e909e2ee11e6410c35bd33254a,OPT-RFT-XATMOV88-R512-v1:0455,XATMOV_C2_14_2936_z2_22,d313a9ead73c423fe399d69a6921dd5061087d531aabdbc7910c2b9eaaa3bd23,455,cross_family_test_set,XATMOV/structures/XATMOV_C2_14_2936_z2_22.cif,ab20d1e159d9ffe89566c3035a25769a8dac4aa6c1cdfab3ee972b66b4a3a324,d313a9ead73c423fe399d69a6921dd5061087d531aabdbc7910c2b9eaaa3bd23,0,88,"[""C"", ""C"", ""N"", ""C"", ""H"", ""H"", ""H"", ""H"", ""H"", ""H"", ""H"", ""C"", ""C"", ""N"", ""C"", ""H"", ""H"", ""H"", ""H"", ""H"", ""H"", ""H"", ""C"", ""C"", ""N"", ""C"", ""H"", ""H"", ""H"", ""H"", ""H"", ""H"", ""H"", ""C"", ""C"", ""N"", ""C"", ""H"", ""H"", ""H"", ""H"", ""H"", ""H"", ""H"", ""C"", ""C"", ""N"", ""C"", ""H"", ""H"", ""H"", ""H"", ""H"", ""H"", ""H"", ""C"", ""C"", ""N"", ""C"", ""H"", ""H"", ""H"", ""H"", ""H"", ""H"", ""H"", ""C"", ""C"", ""N"", ""C"", ""H"", ""H"", ""H"", ""H"", ""H"", ""H"", ""H"", ""C"", ""C"", ""N"", ""C"", ""H"", ""H"", ""H"", ""H"", ""H"", ""H"", ""H""]",C24H56N8,"[true, true, true]","[6.133914916104722, 0.0, 0.0, 0.0, 5.828895977058814, 0.0, 16.736167822289048, 0.0, 36.90491670909811]",1319.4966197730162,[],"{""cutoff=6.000_skin=0.000"": 5168, ""cutoff=6.000_skin=0.500"": 6624}",0.0,,
OPT-RFT-XATMOV88-R512-v1,fae3cd510f7c1880e11bf0b677e0d7ad0094c8e909e2ee11e6410c35bd33254a,OPT-RFT-XATMOV88-R512-v1:0456,XATMOV_C2_14_6058_z2_22,d1f58d57d0fed9278b22c8f89f00f2dd97a6a023a4cc574aaccd8864202f3252,456,cross_family_test_set,XATMOV/structures/XATMOV_C2_14_6058_z2_22.cif,75c9fe588bd1b9246ee35f52c41442602fb3cdde84eb9eb14d1d1a6f8e8f09b0,d1f58d57d0fed9278b22c8f89f00f2dd97a6a023a4cc574aaccd8864202f3252,0,88,"[""C"", ""C"", ""N"", ""C"", ""H"", ""H"", ""H"", ""H"", ""H"", ""H"", ""H"", ""C"", ""C"", ""N"", ""C"", ""H"", ""H"", ""H"", ""H"", ""H"", ""H"", ""H"", ""C"", ""C"", ""N"", ""C"", ""H"", ""H"", ""H"", ""H"", ""H"", ""H"", ""H"", ""C"", ""C"", ""N"", ""C"", ""H"", ""H"", ""H"", ""H"", ""H"", ""H"", ""H"", ""C"", ""C"", ""N"", ""C"", ""H"", ""H"", ""H"", ""H"", ""H"", ""H"", ""H"", ""C"", ""C"", ""N"", ""C"", ""H"", ""H"", ""H"", ""H"", ""H"", ""H"", ""H"", ""C"", ""C"", ""N"", ""C"", ""H"", ""H"", ""H"", ""H"", ""H"", ""H"", ""H"", ""C"", ""C"", ""N"", ""C"", ""H"", ""H"", ""H"", ""H"", ""H"", ""H"", ""H""]",C24H56N8,"[true, true, true]","[10.63366822008765, 0.0, 0.0, 0.0, 10.600919049466867, 0.0, 2.2931040490452683, 0.0, 11.375275635097873]",1282.2967834232868,[],"{""cutoff=6.000_skin=0.000"": 5176, ""cutoff=6.000_skin=0.500"": 6952}",0.0,,
OPT-RFT-XATMOV88-R512-v1,fae3cd510f7c1880e11bf0b677e0d7ad0094c8e909e2ee11e6410c35bd33254a,OPT-RFT-XATMOV88-R512-v1:0457,XATMOV_C1_14_1182_z2_22,b4df1b5bfd4f68e67872817aad3d267755735762c6df2b331047c96d0444d268,457,cross_family_test_set,XATMOV/structures/XATMOV_C1_14_1182_z2_22.cif,313fa82fd25ccec13881b0a7da553b8d4efe376811ace9f33701ab27ee02bb00,b4df1b5bfd4f68e67872817aad3d267755735762c6df2b331047c96d0444d268,0,88,"[""C"", ""C"", ""N"", ""C"", ""H"", ""H"", ""H"", ""H"", ""H"", ""H"", ""H"", ""C"", ""C"", ""N"", ""C"", ""H"", ""H"", ""H"", ""H"", ""H"", ""H"", ""H"", ""C"", ""C"", ""N"", ""C"", ""H"", ""H"", ""H"", ""H"", ""H"", ""H"", ""H"", ""C"", ""C"", ""N"", ""C"", ""H"", ""H"", ""H"", ""H"", ""H"", ""H"", ""H"", ""C"", ""C"", ""N"", ""C"", ""H"", ""H"", ""H"", ""H"", ""H"", ""H"", ""H"", ""C"", ""C"", ""N"", ""C"", ""H"", ""H"", ""H"", ""H"", ""H"", ""H"", ""H"", ""C"", ""C"", ""N"", ""C"", ""H"", ""H"", ""H"", ""H"", ""H"", ""H"", ""H"", ""C"", ""C"", ""N"", ""C"", ""H"", ""H"", ""H"", ""H"", ""H"", ""H"", ""H""]",C24H56N8,"[true, true, true]","[11.644569337724626, 0.0, 0.0, 0.0, 5.183086462327978, 0.0, -15.063985083660576, 0.0, 21.956512030060498]",1325.1811051183222,[],"{""cutoff=6.000_skin=0.000"": 5188, ""cutoff=6.000_skin=0.500"": 6708}",0.0,,
OPT-RFT-XATMOV88-R512-v1,fae3cd510f7c1880e11bf0b677e0d7ad0094c8e909e2ee11e6410c35bd33254a,OPT-RFT-XATMOV88-R512-v1:0458,XATMOV_C1_14_6409_z2_22,8994fb0e48007c1244e9636887e954767346260eaa1c3846304fbd648a748d8c,458,cross_family_test_set,XATMOV/structures/XATMOV_C1_14_6409_z2_22.cif,0fc0c2a53c3d827071fc44e80f9ef3c2d62dbf320a20ce487b44672cef88cc4d,8994fb0e48007c1244e9636887e954767346260eaa1c3846304fbd648a748d8c,0,88,"[""C"", ""C"", ""N"", ""C"", ""H"", ""H"", ""H"", ""H"", ""H"", ""H"", ""H"", ""C"", ""C"", ""N"", ""C"", ""H"", ""H"", ""H"", ""H"", ""H"", ""H"", ""H"", ""C"", ""C"", ""N"", ""C"", ""H"", ""H"", ""H"", ""H"", ""H"", ""H"", ""H"", ""C"", ""C"", ""N"", ""C"", ""H"", ""H"", ""H"", ""H"", ""H"", ""H"", ""H"", ""C"", ""C"", ""N"", ""C"", ""H"", ""H"", ""H"", ""H"", ""H"", ""H"", ""H"", ""C"", ""C"", ""N"", ""C"", ""H"", ""H"", ""H"", ""H"", ""H"", ""H"", ""H"", ""C"", ""C"", ""N"", ""C"", ""H"", ""H"", ""H"", ""H"", ""H"", ""H"", ""H"", ""C"", ""C"", ""N"", ""C"", ""H"", ""H"", ""H"", ""H"", ""H"", ""H"", ""H""]",C24H56N8,"[true, true, true]","[9.857622762418515, 0.0, 0.0, 0.0, 10.261162873460322, 0.0, 4.387571416984886, 0.0, 12.939116640756097]",1308.8003524895971,[],"{""cutoff=6.000_skin=0.000"": 5204, ""cutoff=6.000_skin=0.500"": 6732}",0.0,,
OPT-RFT-XATMOV88-R512-v1,fae3cd510f7c1880e11bf0b677e0d7ad0094c8e909e2ee11e6410c35bd33254a,OPT-RFT-XATMOV88-R512-v1:0459,XATMOV_C1_14_7283_z2_22,142c18acedf1f68690ae733745a193fcecbf5a287e3a48f30776305a8dbaa08d,459,cross_family_test_set,XATMOV/structures/XATMOV_C1_14_7283_z2_22.cif,9a995ec8afab5c9e6216393c853fc9eef00563774b500771ba5ab98337e5215b,142c18acedf1f68690ae733745a193fcecbf5a287e3a48f30776305a8dbaa08d,0,88,"[""C"", ""C"", ""N"", ""C"", ""H"", ""H"", ""H"", ""H"", ""H"", ""H"", ""H"", ""C"", ""C"", ""N"", ""C"", ""H"", ""H"", ""H"", ""H"", ""H"", ""H"", ""H"", ""C"", ""C"", ""N"", ""C"", ""H"", ""H"", ""H"", ""H"", ""H"", ""H"", ""H"", ""C"", ""C"", ""N"", ""C"", ""H"", ""H"", ""H"", ""H"", ""H"", ""H"", ""H"", ""C"", ""C"", ""N"", ""C"", ""H"", ""H"", ""H"", ""H"", ""H"", ""H"", ""H"", ""C"", ""C"", ""N"", ""C"", ""H"", ""H"", ""H"", ""H"", ""H"", ""H"", ""H"", ""C"", ""C"", ""N"", ""C"", ""H"", ""H"", ""H"", ""H"", ""H"", ""H"", ""H"", ""C"", ""C"", ""N"", ""C"", ""H"", ""H"", ""H"", ""H"", ""H"", ""H"", ""H""]",C24H56N8,"[true, true, true]","[11.076849213848568, 0.0, 0.0, 0.0, 9.868390160934169, 0.0, -1.3712455738497, 0.0, 11.7765738897133]",1287.3051797877604,[],"{""cutoff=6.000_skin=0.000"": 5224, ""cutoff=6.000_skin=0.500"": 6936}",0.0,,
OPT-RFT-XATMOV88-R512-v1,fae3cd510f7c1880e11bf0b677e0d7ad0094c8e909e2ee11e6410c35bd33254a,OPT-RFT-XATMOV88-R512-v1:0460,XATMOV_C2_14_3542_z2_22,5d6bb3152517dc6d9da7a580f609d1e627c142f6433d3dc76cb2ba0584e9da03,460,cross_family_test_set,XATMOV/structures/XATMOV_C2_14_3542_z2_22.cif,4bc97b3081d5184dc368cce6ad978c5954d8574ec9bb3407ce8dc8d87a546f64,5d6bb3152517dc6d9da7a580f609d1e627c142f6433d3dc76cb2ba0584e9da03,0,88,"[""C"", ""C"", ""N"", ""C"", ""H"", ""H"", ""H"", ""H"", ""H"", ""H"", ""H"", ""C"", ""C"", ""N"", ""C"", ""H"", ""H"", ""H"", ""H"", ""H"", ""H"", ""H"", ""C"", ""C"", ""N"", ""C"", ""H"", ""H"", ""H"", ""H"", ""H"", ""H"", ""H"", ""C"", ""C"", ""N"", ""C"", ""H"", ""H"", ""H"", ""H"", ""H"", ""H"", ""H"", ""C"", ""C"", ""N"", ""C"", ""H"", ""H"", ""H"", ""H"", ""H"", ""H"", ""H"", ""C"", ""C"", ""N"", ""C"", ""H"", ""H"", ""H"", ""H"", ""H"", ""H"", ""H"", ""C"", ""C"", ""N"", ""C"", ""H"", ""H"", ""H"", ""H"", ""H"", ""H"", ""H"", ""C"", ""C"", ""N"", ""C"", ""H"", ""H"", ""H"", ""H"", ""H"", ""H"", ""H""]",C24H56N8,"[true, true, true]","[11.948388138084397, 0.0, 0.0, 0.0, 11.451465030346768, 0.0, 5.876921682555527, 0.0, 9.449147784249911]",1292.8942816700485,[],"{""cutoff=6.000_skin=0.000"": 5248, ""cutoff=6.000_skin=0.500"": 7188}",0.0,,
OPT-RFT-XATMOV88-R512-v1,fae3cd510f7c1880e11bf0b677e0d7ad0094c8e909e2ee11e6410c35bd33254a,OPT-RFT-XATMOV88-R512-v1:0461,XATMOV_C1_14_3647_z2_22,6f8748bf9820b0916e87378933bd48309c11a5563b76195796ae752ef2684fd4,461,cross_family_test_set,XATMOV/structures/XATMOV_C1_14_3647_z2_22.cif,386094f31d416fbbd024b4376e24384ce87d7b1c2afdea74a2c0917b132c5a66,6f8748bf9820b0916e87378933bd48309c11a5563b76195796ae752ef2684fd4,0,88,"[""C"", ""C"", ""N"", ""C"", ""H"", ""H"", ""H"", ""H"", ""H"", ""H"", ""H"", ""C"", ""C"", ""N"", ""C"", ""H"", ""H"", ""H"", ""H"", ""H"", ""H"", ""H"", ""C"", ""C"", ""N"", ""C"", ""H"", ""H"", ""H"", ""H"", ""H"", ""H"", ""H"", ""C"", ""C"", ""N"", ""C"", ""H"", ""H"", ""H"", ""H"", ""H"", ""H"", ""H"", ""C"", ""C"", ""N"", ""C"", ""H"", ""H"", ""H"", ""H"", ""H"", ""H"", ""H"", ""C"", ""C"", ""N"", ""C"", ""H"", ""H"", ""H"", ""H"", ""H"", ""H"", ""H"", ""C"", ""C"", ""N"", ""C"", ""H"", ""H"", ""H"", ""H"", ""H"", ""H"", ""H"", ""C"", ""C"", ""N"", ""C"", ""H"", ""H"", ""H"", ""H"", ""H"", ""H"", ""H""]",C24H56N8,"[true, true, true]","[10.843265896931811, 0.0, 0.0, 0.0, 11.155624062209064, 0.0, -1.1064389675028259, 0.0, 10.627519425682676]",1285.540861539366,[],"{""cutoff=6.000_skin=0.000"": 5252, ""cutoff=6.000_skin=0.500"": 6900}",0.0,,
OPT-RFT-XATMOV88-R512-v1,fae3cd510f7c1880e11bf0b677e0d7ad0094c8e909e2ee11e6410c35bd33254a,OPT-RFT-XATMOV88-R512-v1:0462,XATMOV_C1_14_4661_z2_22,a04b97567784dc92471fa159f4ab464f0d010b24d4646d96c7c1222309f96e05,462,cross_family_test_set,XATMOV/structures/XATMOV_C1_14_4661_z2_22.cif,c201cefadef5807f3e69b63502002543c9be6608921beacf362456ea23ebf708,a04b97567784dc92471fa159f4ab464f0d010b24d4646d96c7c1222309f96e05,0,88,"[""C"", ""C"", ""N"", ""C"", ""H"", ""H"", ""H"", ""H"", ""H"", ""H"", ""H"", ""C"", ""C"", ""N"", ""C"", ""H"", ""H"", ""H"", ""H"", ""H"", ""H"", ""H"", ""C"", ""C"", ""N"", ""C"", ""H"", ""H"", ""H"", ""H"", ""H"", ""H"", ""H"", ""C"", ""C"", ""N"", ""C"", ""H"", ""H"", ""H"", ""H"", ""H"", ""H"", ""H"", ""C"", ""C"", ""N"", ""C"", ""H"", ""H"", ""H"", ""H"", ""H"", ""H"", ""H"", ""C"", ""C"", ""N"", ""C"", ""H"", ""H"", ""H"", ""H"", ""H"", ""H"", ""H"", ""C"", ""C"", ""N"", ""C"", ""H"", ""H"", ""H"", ""H"", ""H"", ""H"", ""H"", ""C"", ""C"", ""N"", ""C"", ""H"", ""H"", ""H"", ""H"", ""H"", ""H"", ""H""]",C24H56N8,"[true, true, true]","[12.090629029885044, 0.0, 0.0, 0.0, 11.732341270368757, 0.0, 4.042053723984442, 0.0, 9.173321760303944]",1301.2484054831125,[],"{""cutoff=6.000_skin=0.000"": 5268, ""cutoff=6.000_skin=0.500"": 6956}",0.0,,
OPT-RFT-XATMOV88-R512-v1,fae3cd510f7c1880e11bf0b677e0d7ad0094c8e909e2ee11e6410c35bd33254a,OPT-RFT-XATMOV88-R512-v1:0463,XATMOV_C1_14_3948_z2_22,c885aac31991af2a9d72f2d6b2fb0838a853e45902f55578bb0aa44c97e39ad3,463,cross_family_test_set,XATMOV/structures/XATMOV_C1_14_3948_z2_22.cif,99c3184ff0b7fc8c0714e4e8e5ea03bfba7b2ad417510548fb58187468bdcd5a,c885aac31991af2a9d72f2d6b2fb0838a853e45902f55578bb0aa44c97e39ad3,0,88,"[""C"", ""C"", ""N"", ""C"", ""H"", ""H"", ""H"", ""H"", ""H"", ""H"", ""H"", ""C"", ""C"", ""N"", ""C"", ""H"", ""H"", ""H"", ""H"", ""H"", ""H"", ""H"", ""C"", ""C"", ""N"", ""C"", ""H"", ""H"", ""H"", ""H"", ""H"", ""H"", ""H"", ""C"", ""C"", ""N"", ""C"", ""H"", ""H"", ""H"", ""H"", ""H"", ""H"", ""H"", ""C"", ""C"", ""N"", ""C"", ""H"", ""H"", ""H"", ""H"", ""H"", ""H"", ""H"", ""C"", ""C"", ""N"", ""C"", ""H"", ""H"", ""H"", ""H"", ""H"", ""H"", ""H"", ""C"", ""C"", ""N"", ""C"", ""H"", ""H"", ""H"", ""H"", ""H"", ""H"", ""H"", ""C"", ""C"", ""N"", ""C"", ""H"", ""H"", ""H"", ""H"", ""H"", ""H"", ""H""]",C24H56N8,"[true, true, true]","[11.132834917211504, 0.0, 0.0, 0.0, 10.96503123333482, 0.0, -2.1168127626050697, 0.0, 10.708637822795707]",1307.2235789258827,[],"{""cutoff=6.000_skin=0.000"": 5276, ""cutoff=6.000_skin=0.500"": 6904}",0.0,,
OPT-RFT-XATMOV88-R512-v1,fae3cd510f7c1880e11bf0b677e0d7ad0094c8e909e2ee11e6410c35bd33254a,OPT-RFT-XATMOV88-R512-v1:0464,XATMOV_C1_14_392_z2_22,4753e7851432f526ecffa1d837464323339d6b42ee2c8e8a6792c6d2fed61b17,464,cross_family_test_set,XATMOV/structures/XATMOV_C1_14_392_z2_22.cif,ac12f8dd7e38397fb195cb0778101c43fdd7060839c0fd82fae9c9fdf2688094,4753e7851432f526ecffa1d837464323339d6b42ee2c8e8a6792c6d2fed61b17,0,88,"[""C"", ""C"", ""N"", ""C"", ""H"", ""H"", ""H"", ""H"", ""H"", ""H"", ""H"", ""C"", ""C"", ""N"", ""C"", ""H"", ""H"", ""H"", ""H"", ""H"", ""H"", ""H"", ""C"", ""C"", ""N"", ""C"", ""H"", ""H"", ""H"", ""H"", ""H"", ""H"", ""H"", ""C"", ""C"", ""N"", ""C"", ""H"", ""H"", ""H"", ""H"", ""H"", ""H"", ""H"", ""C"", ""C"", ""N"", ""C"", ""H"", ""H"", ""H"", ""H"", ""H"", ""H"", ""H"", ""C"", ""C"", ""N"", ""C"", ""H"", ""H"", ""H"", ""H"", ""H"", ""H"", ""H"", ""C"", ""C"", ""N"", ""C"", ""H"", ""H"", ""H"", ""H"", ""H"", ""H"", ""H"", ""C"", ""C"", ""N"", ""C"", ""H"", ""H"", ""H"", ""H"", ""H"", ""H"", ""H""]",C24H56N8,"[true, true, true]","[11.420702321534016, 0.0, 0.0, 0.0, 10.497515648597421, 0.0, -1.2913119728406126, 0.0, 10.835396840935621]",1299.044906363684,[],"{""cutoff=6.000_skin=0.000"": 5284, ""cutoff=6.000_skin=0.500"": 6976}",0.0,,
OPT-RFT-XATMOV88-R512-v1,fae3cd510f7c1880e11bf0b677e0d7ad0094c8e909e2ee11e6410c35bd33254a,OPT-RFT-XATMOV88-R512-v1:0465,XATMOV_C1_14_6385_z2_22,1a30a414ba871d7160ae0bef7c055af58ba6ffd5b1a88848b300b8316181df1c,465,cross_family_test_set,XATMOV/structures/XATMOV_C1_14_6385_z2_22.cif,f11fa8ba3c9f63c0343b431590bbd2fc44c5ef31b137b4bb2b15e46114a7eb5a,1a30a414ba871d7160ae0bef7c055af58ba6ffd5b1a88848b300b8316181df1c,0,88,"[""C"", ""C"", ""N"", ""C"", ""H"", ""H"", ""H"", ""H"", ""H"", ""H"", ""H"", ""C"", ""C"", ""N"", ""C"", ""H"", ""H"", ""H"", ""H"", ""H"", ""H"", ""H"", ""C"", ""C"", ""N"", ""C"", ""H"", ""H"", ""H"", ""H"", ""H"", ""H"", ""H"", ""C"", ""C"", ""N"", ""C"", ""H"", ""H"", ""H"", ""H"", ""H"", ""H"", ""H"", ""C"", ""C"", ""N"", ""C"", ""H"", ""H"", ""H"", ""H"", ""H"", ""H"", ""H"", ""C"", ""C"", ""N"", ""C"", ""H"", ""H"", ""H"", ""H"", ""H"", ""H"", ""H"", ""C"", ""C"", ""N"", ""C"", ""H"", ""H"", ""H"", ""H"", ""H"", ""H"", ""H"", ""C"", ""C"", ""N"", ""C"", ""H"", ""H"", ""H"", ""H"", ""H"", ""H"", ""H""]",C24H56N8,"[true, true, true]","[16.324914844145013, 0.0, 0.0, 0.0, 9.827929389490736, 0.0, 5.595818763747199, 0.0, 8.95089374016946]",1436.0823796519082,[],"{""cutoff=6.000_skin=0.000"": 5304, ""cutoff=6.000_skin=0.500"": 6684}",0.0,,
OPT-RFT-XATMOV88-R512-v1,fae3cd510f7c1880e11bf0b677e0d7ad0094c8e909e2ee11e6410c35bd33254a,OPT-RFT-XATMOV88-R512-v1:0466,XATMOV_C1_14_3008_z2_22,5c95753865d76af8142d9c6b6ce80e321866caa7f3cd8e3fce1725bb5dcaf0f3,466,cross_family_test_set,XATMOV/structures/XATMOV_C1_14_3008_z2_22.cif,c887c7ab59d45900561ee055ddc441a8f854dc652e64f98fae84fbd21b0e1bce,5c95753865d76af8142d9c6b6ce80e321866caa7f3cd8e3fce1725bb5dcaf0f3,0,88,"[""C"", ""C"", ""N"", ""C"", ""H"", ""H"", ""H"", ""H"", ""H"", ""H"", ""H"", ""C"", ""C"", ""N"", ""C"", ""H"", ""H"", ""H"", ""H"", ""H"", ""H"", ""H"", ""C"", ""C"", ""N"", ""C"", ""H"", ""H"", ""H"", ""H"", ""H"", ""H"", ""H"", ""C"", ""C"", ""N"", ""C"", ""H"", ""H"", ""H"", ""H"", ""H"", ""H"", ""H"", ""C"", ""C"", ""N"", ""C"", ""H"", ""H"", ""H"", ""H"", ""H"", ""H"", ""H"", ""C"", ""C"", ""N"", ""C"", ""H"", ""H"", ""H"", ""H"", ""H"", ""H"", ""H"", ""C"", ""C"", ""N"", ""C"", ""H"", ""H"", ""H"", ""H"", ""H"", ""H"", ""H"", ""C"", ""C"", ""N"", ""C"", ""H"", ""H"", ""H"", ""H"", ""H"", ""H"", ""H""]",C24H56N8,"[true, true, true]","[9.343992817377192, 0.0, 0.0, 0.0, 13.582292460595, 0.0, 1.5562855997565561, 0.0, 10.18380103499466]",1292.4551438865738,[],"{""cutoff=6.000_skin=0.000"": 5328, ""cutoff=6.000_skin=0.500"": 6636}",0.0,,
OPT-RFT-XATMOV88-R512-v1,fae3cd510f7c1880e11bf0b677e0d7ad0094c8e909e2ee11e6410c35bd33254a,OPT-RFT-XATMOV88-R512-v1:0467,XATMOV_C1_14_3046_z2_22,ed30c451cdc42f6436fa1c80ae40952bfe1429eccd3a169190ef6b5bc5156584,467,cross_family_test_set,XATMOV/structures/XATMOV_C1_14_3046_z2_22.cif,621928f897b6282c79db8639360b15ed03fb73beb639c4722a81e6a302f9c8a7,ed30c451cdc42f6436fa1c80ae40952bfe1429eccd3a169190ef6b5bc5156584,0,88,"[""C"", ""C"", ""N"", ""C"", ""H"", ""H"", ""H"", ""H"", ""H"", ""H"", ""H"", ""C"", ""C"", ""N"", ""C"", ""H"", ""H"", ""H"", ""H"", ""H"", ""H"", ""H"", ""C"", ""C"", ""N"", ""C"", ""H"", ""H"", ""H"", ""H"", ""H"", ""H"", ""H"", ""C"", ""C"", ""N"", ""C"", ""H"", ""H"", ""H"", ""H"", ""H"", ""H"", ""H"", ""C"", ""C"", ""N"", ""C"", ""H"", ""H"", ""H"", ""H"", ""H"", ""H"", ""H"", ""C"", ""C"", ""N"", ""C"", ""H"", ""H"", ""H"", ""H"", ""H"", ""H"", ""H"", ""C"", ""C"", ""N"", ""C"", ""H"", ""H"", ""H"", ""H"", ""H"", ""H"", ""H"", ""C"", ""C"", ""N"", ""C"", ""H"", ""H"", ""H"", ""H"", ""H"", ""H"", ""H""]",C24H56N8,"[true, true, true]","[6.718309293877077, 0.0, 0.0, 0.0, 6.001258906567131, 0.0, 20.933335717686003, 0.0, 31.32679888795614]",1263.0436981073306,[],"{""cutoff=6.000_skin=0.000"": 5340, ""cutoff=6.000_skin=0.500"": 7000}",0.0,,
OPT-RFT-XATMOV88-R512-v1,fae3cd510f7c1880e11bf0b677e0d7ad0094c8e909e2ee11e6410c35bd33254a,OPT-RFT-XATMOV88-R512-v1:0468,XATMOV_C2_14_7213_z2_22,a9f517c71b9e299f6bf059421d14709604bd1bf1ce3d9d85772320c3e57a9784,468,cross_family_test_set,XATMOV/structures/XATMOV_C2_14_7213_z2_22.cif,deab4654bc4f9a7b0904a1d1131d07592154b5f26e47dbfd87955edd0b9b02d1,a9f517c71b9e299f6bf059421d14709604bd1bf1ce3d9d85772320c3e57a9784,0,88,"[""C"", ""C"", ""N"", ""C"", ""H"", ""H"", ""H"", ""H"", ""H"", ""H"", ""H"", ""C"", ""C"", ""N"", ""C"", ""H"", ""H"", ""H"", ""H"", ""H"", ""H"", ""H"", ""C"", ""C"", ""N"", ""C"", ""H"", ""H"", ""H"", ""H"", ""H"", ""H"", ""H"", ""C"", ""C"", ""N"", ""C"", ""H"", ""H"", ""H"", ""H"", ""H"", ""H"", ""H"", ""C"", ""C"", ""N"", ""C"", ""H"", ""H"", ""H"", ""H"", ""H"", ""H"", ""H"", ""C"", ""C"", ""N"", ""C"", ""H"", ""H"", ""H"", ""H"", ""H"", ""H"", ""H"", ""C"", ""C"", ""N"", ""C"", ""H"", ""H"", ""H"", ""H"", ""H"", ""H"", ""H"", ""C"", ""C"", ""N"", ""C"", ""H"", ""H"", ""H"", ""H"", ""H"", ""H"", ""H""]",C24H56N8,"[true, true, true]","[10.576635809525165, 0.0, 0.0, 0.0, 12.718066332923364, 0.0, 5.342805109119165, 0.0, 9.620676408978035]",1294.1190895592852,[],"{""cutoff=6.000_skin=0.000"": 5344, ""cutoff=6.000_skin=0.500"": 6912}",0.0,,
OPT-RFT-XATMOV88-R512-v1,fae3cd510f7c1880e11bf0b677e0d7ad0094c8e909e2ee11e6410c35bd33254a,OPT-RFT-XATMOV88-R512-v1:0469,XATMOV_C1_14_4256_z2_22,092202a88e47808f9de627708837d9171256df3141f65850cc3fd9a0ab13bbaa,469,cross_family_test_set,XATMOV/structures/XATMOV_C1_14_4256_z2_22.cif,65d3143ad571139c447a9f7eeeb4431a7a4e32de2586ba717a946e064ef6214f,092202a88e47808f9de627708837d9171256df3141f65850cc3fd9a0ab13bbaa,0,88,"[""C"", ""C"", ""N"", ""C"", ""H"", ""H"", ""H"", ""H"", ""H"", ""H"", ""H"", ""C"", ""C"", ""N"", ""C"", ""H"", ""H"", ""H"", ""H"", ""H"", ""H"", ""H"", ""C"", ""C"", ""N"", ""C"", ""H"", ""H"", ""H"", ""H"", ""H"", ""H"", ""H"", ""C"", ""C"", ""N"", ""C"", ""H"", ""H"", ""H"", ""H"", ""H"", ""H"", ""H"", ""C"", ""C"", ""N"", ""C"", ""H"", ""H"", ""H"", ""H"", ""H"", ""H"", ""H"", ""C"", ""C"", ""N"", ""C"", ""H"", ""H"", ""H"", ""H"", ""H"", ""H"", ""H"", ""C"", ""C"", ""N"", ""C"", ""H"", ""H"", ""H"", ""H"", ""H"", ""H"", ""H"", ""C"", ""C"", ""N"", ""C"", ""H"", ""H"", ""H"", ""H"", ""H"", ""H"", ""H""]",C24H56N8,"[true, true, true]","[11.473349631255324, 0.0, 0.0, 0.0, 10.842409346588457, 0.0, -4.455709381536184, 0.0, 10.158871576205897]",1263.7509587974191,[],"{""cutoff=6.000_skin=0.000"": 5364, ""cutoff=6.000_skin=0.500"": 7172}",0.0,,
OPT-RFT-XATMOV88-R512-v1,fae3cd510f7c1880e11bf0b677e0d7ad0094c8e909e2ee11e6410c35bd33254a,OPT-RFT-XATMOV88-R512-v1:0470,XATMOV_C1_14_1987_z2_22,35f9e3f13e5b7161a6454d675ede54de5fcc2396b30d07be1edb6c13647664e8,470,cross_family_test_set,XATMOV/structures/XATMOV_C1_14_1987_z2_22.cif,073217c938d6e2e37aed7227464cbefe656aa7efced5fb560c478241f32c185e,35f9e3f13e5b7161a6454d675ede54de5fcc2396b30d07be1edb6c13647664e8,0,88,"[""C"", ""C"", ""N"", ""C"", ""H"", ""H"", ""H"", ""H"", ""H"", ""H"", ""H"", ""C"", ""C"", ""N"", ""C"", ""H"", ""H"", ""H"", ""H"", ""H"", ""H"", ""H"", ""C"", ""C"", ""N"", ""C"", ""H"", ""H"", ""H"", ""H"", ""H"", ""H"", ""H"", ""C"", ""C"", ""N"", ""C"", ""H"", ""H"", ""H"", ""H"", ""H"", ""H"", ""H"", ""C"", ""C"", ""N"", ""C"", ""H"", ""H"", ""H"", ""H"", ""H"", ""H"", ""H"", ""C"", ""C"", ""N"", ""C"", ""H"", ""H"", ""H"", ""H"", ""H"", ""H"", ""H"", ""C"", ""C"", ""N"", ""C"", ""H"", ""H"", ""H"", ""H"", ""H"", ""H"", ""H"", ""C"", ""C"", ""N"", ""C"", ""H"", ""H"", ""H"", ""H"", ""H"", ""H"", ""H""]",C24H56N8,"[true, true, true]","[10.210359264040008, 0.0, 0.0, 0.0, 11.043395460205964, 0.0, 2.507879002396972, 0.0, 11.25586063446782]",1269.1774731318283,[],"{""cutoff=6.000_skin=0.000"": 5376, ""cutoff=6.000_skin=0.500"": 7004}",0.0,,
OPT-RFT-XATMOV88-R512-v1,fae3cd510f7c1880e11bf0b677e0d7ad0094c8e909e2ee11e6410c35bd33254a,OPT-RFT-XATMOV88-R512-v1:0471,XATMOV_C2_14_3791_z2_22,ff137f96a070d51da41d061e07d36a9a319da3b97708f9879e6988c058e11d03,471,cross_family_test_set,XATMOV/structures/XATMOV_C2_14_3791_z2_22.cif,6ad8c00922e608bed0880a36e3adf04bca899439d2e88da06c2336233b9a0ed8,ff137f96a070d51da41d061e07d36a9a319da3b97708f9879e6988c058e11d03,0,88,"[""C"", ""C"", ""N"", ""C"", ""H"", ""H"", ""H"", ""H"", ""H"", ""H"", ""H"", ""C"", ""C"", ""N"", ""C"", ""H"", ""H"", ""H"", ""H"", ""H"", ""H"", ""H"", ""C"", ""C"", ""N"", ""C"", ""H"", ""H"", ""H"", ""H"", ""H"", ""H"", ""H"", ""C"", ""C"", ""N"", ""C"", ""H"", ""H"", ""H"", ""H"", ""H"", ""H"", ""H"", ""C"", ""C"", ""N"", ""C"", ""H"", ""H"", ""H"", ""H"", ""H"", ""H"", ""H"", ""C"", ""C"", ""N"", ""C"", ""H"", ""H"", ""H"", ""H"", ""H"", ""H"", ""H"", ""C"", ""C"", ""N"", ""C"", ""H"", ""H"", ""H"", ""H"", ""H"", ""H"", ""H"", ""C"", ""C"", ""N"", ""C"", ""H"", ""H"", ""H"", ""H"", ""H"", ""H"", ""H""]",C24H56N8,"[true, true, true]","[12.05375739329682, 0.0, 0.0, 0.0, 11.023644858868536, 0.0, 4.681222042643126, 0.0, 9.658343760858054]",1283.365376345769,[],"{""cutoff=6.000_skin=0.000"": 5384, ""cutoff=6.000_skin=0.500"": 6912}",0.0,,
OPT-RFT-XATMOV88-R512-v1,fae3cd510f7c1880e11bf0b677e0d7ad0094c8e909e2ee11e6410c35bd33254a,OPT-RFT-XATMOV88-R512-v1:0472,XATMOV_C1_14_3525_z2_22,aaa74c22d5dd781ac1adbd81a2704d3f56405735bf99d53e55cb1b2e0a5f2641,472,cross_family_test_set,XATMOV/structures/XATMOV_C1_14_3525_z2_22.cif,2cd59ff58d153ce0470544f016075482c906e41f5e5100609508b449b02346b5,aaa74c22d5dd781ac1adbd81a2704d3f56405735bf99d53e55cb1b2e0a5f2641,0,88,"[""C"", ""C"", ""N"", ""C"", ""H"", ""H"", ""H"", ""H"", ""H"", ""H"", ""H"", ""C"", ""C"", ""N"", ""C"", ""H"", ""H"", ""H"", ""H"", ""H"", ""H"", ""H"", ""C"", ""C"", ""N"", ""C"", ""H"", ""H"", ""H"", ""H"", ""H"", ""H"", ""H"", ""C"", ""C"", ""N"", ""C"", ""H"", ""H"", ""H"", ""H"", ""H"", ""H"", ""H"", ""C"", ""C"", ""N"", ""C"", ""H"", ""H"", ""H"", ""H"", ""H"", ""H"", ""H"", ""C"", ""C"", ""N"", ""C"", ""H"", ""H"", ""H"", ""H"", ""H"", ""H"", ""H"", ""C"", ""C"", ""N"", ""C"", ""H"", ""H"", ""H"", ""H"", ""H"", ""H"", ""H"", ""C"", ""C"", ""N"", ""C"", ""H"", ""H"", ""H"", ""H"", ""H"", ""H"", ""H""]",C24H56N8,"[true, true, true]","[21.602785236412075, 0.0, 0.0, 0.0, 5.909810334491429, 0.0, -3.668493788017315, 0.0, 9.897196661966422]",1263.558900516148,[],"{""cutoff=6.000_skin=0.000"": 5412, ""cutoff=6.000_skin=0.500"": 7168}",0.0,,
OPT-RFT-XATMOV88-R512-v1,fae3cd510f7c1880e11bf0b677e0d7ad0094c8e909e2ee11e6410c35bd33254a,OPT-RFT-XATMOV88-R512-v1:0473,XATMOV_C2_14_3529_z2_22,12cf061bc813ca15485a6152e01791f7813df06d8acefe474e9e301b53207dea,473,cross_family_test_set,XATMOV/structures/XATMOV_C2_14_3529_z2_22.cif,56bf8cd49c31bd6ecb586f2f26ad7015d5782392a2f37a194b955783a0b99d17,12cf061bc813ca15485a6152e01791f7813df06d8acefe474e9e301b53207dea,0,88,"[""C"", ""C"", ""N"", ""C"", ""H"", ""H"", ""H"", ""H"", ""H"", ""H"", ""H"", ""C"", ""C"", ""N"", ""C"", ""H"", ""H"", ""H"", ""H"", ""H"", ""H"", ""H"", ""C"", ""C"", ""N"", ""C"", ""H"", ""H"", ""H"", ""H"", ""H"", ""H"", ""H"", ""C"", ""C"", ""N"", ""C"", ""H"", ""H"", ""H"", ""H"", ""H"", ""H"", ""H"", ""C"", ""C"", ""N"", ""C"", ""H"", ""H"", ""H"", ""H"", ""H"", ""H"", ""H"", ""C"", ""C"", ""N"", ""C"", ""H"", ""H"", ""H"", ""H"", ""H"", ""H"", ""H"", ""C"", ""C"", ""N"", ""C"", ""H"", ""H"", ""H"", ""H"", ""H"", ""H"", ""H"", ""C"", ""C"", ""N"", ""C"", ""H"", ""H"", ""H"", ""H"", ""H"", ""H"", ""H""]",C24H56N8,"[true, true, true]","[7.978063196127991, 0.0, 0.0, 0.0, 9.588463340301523, 0.0, 11.993987191397082, 0.0, 16.038204658238023]",1226.8804194654913,[],"{""cutoff=6.000_skin=0.000"": 5432, ""cutoff=6.000_skin=0.500"": 7208}",0.0,,
OPT-RFT-XATMOV88-R512-v1,fae3cd510f7c1880e11bf0b677e0d7ad0094c8e909e2ee11e6410c35bd33254a,OPT-RFT-XATMOV88-R512-v1:0474,XATMOV_C2_14_2635_z2_22,44c95fcb7b498c505c9b61ab694ef3262cb938472bad428267d2ba9a8e1af157,474,cross_family_test_set,XATMOV/structures/XATMOV_C2_14_2635_z2_22.cif,fdba752bc531ef84fe58bcf13840bbcecda34e04b79d8e46b446c8d759ece35e,44c95fcb7b498c505c9b61ab694ef3262cb938472bad428267d2ba9a8e1af157,0,88,"[""C"", ""C"", ""N"", ""C"", ""H"", ""H"", ""H"", ""H"", ""H"", ""H"", ""H"", ""C"", ""C"", ""N"", ""C"", ""H"", ""H"", ""H"", ""H"", ""H"", ""H"", ""H"", ""C"", ""C"", ""N"", ""C"", ""H"", ""H"", ""H"", ""H"", ""H"", ""H"", ""H"", ""C"", ""C"", ""N"", ""C"", ""H"", ""H"", ""H"", ""H"", ""H"", ""H"", ""H"", ""C"", ""C"", ""N"", ""C"", ""H"", ""H"", ""H"", ""H"", ""H"", ""H"", ""H"", ""C"", ""C"", ""N"", ""C"", ""H"", ""H"", ""H"", ""H"", ""H"", ""H"", ""H"", ""C"", ""C"", ""N"", ""C"", ""H"", ""H"", ""H"", ""H"", ""H"", ""H"", ""H"", ""C"", ""C"", ""N"", ""C"", ""H"", ""H"", ""H"", ""H"", ""H"", ""H"", ""H""]",C24H56N8,"[true, true, true]","[11.157879303657069, 0.0, 0.0, 0.0, 10.391524649618162, 0.0, 1.3807602695863217, 0.0, 10.72634494993222]",1243.6915705526355,[],"{""cutoff=6.000_skin=0.000"": 5440, ""cutoff=6.000_skin=0.500"": 7096}",0.0,,
OPT-RFT-XATMOV88-R512-v1,fae3cd510f7c1880e11bf0b677e0d7ad0094c8e909e2ee11e6410c35bd33254a,OPT-RFT-XATMOV88-R512-v1:0475,XATMOV_C2_14_7412_z2_22,d9c41b73e09cdd21b4b4a2c02f56f77b6523355ca13c64fcae3139cd7bb93196,475,cross_family_test_set,XATMOV/structures/XATMOV_C2_14_7412_z2_22.cif,99b34480d87538ddaf578d0367b497218a13f4e08d1eda17dcf0cd466ff1a6f1,d9c41b73e09cdd21b4b4a2c02f56f77b6523355ca13c64fcae3139cd7bb93196,0,88,"[""C"", ""C"", ""N"", ""C"", ""H"", ""H"", ""H"", ""H"", ""H"", ""H"", ""H"", ""C"", ""C"", ""N"", ""C"", ""H"", ""H"", ""H"", ""H"", ""H"", ""H"", ""H"", ""C"", ""C"", ""N"", ""C"", ""H"", ""H"", ""H"", ""H"", ""H"", ""H"", ""H"", ""C"", ""C"", ""N"", ""C"", ""H"", ""H"", ""H"", ""H"", ""H"", ""H"", ""H"", ""C"", ""C"", ""N"", ""C"", ""H"", ""H"", ""H"", ""H"", ""H"", ""H"", ""H"", ""C"", ""C"", ""N"", ""C"", ""H"", ""H"", ""H"", ""H"", ""H"", ""H"", ""H"", ""C"", ""C"", ""N"", ""C"", ""H"", ""H"", ""H"", ""H"", ""H"", ""H"", ""H"", ""C"", ""C"", ""N"", ""C"", ""H"", ""H"", ""H"", ""H"", ""H"", ""H"", ""H""]",C24H56N8,"[true, true, true]","[12.526224801174862, 0.0, 0.0, 0.0, 9.693914522839314, 0.0, -1.1205693365096059, 0.0, 10.529625131287592]",1278.5929263831292,[],"{""cutoff=6.000_skin=0.000"": 5460, ""cutoff=6.000_skin=0.500"": 7124}",0.0,,
OPT-RFT-XATMOV88-R512-v1,fae3cd510f7c1880e11bf0b677e0d7ad0094c8e909e2ee11e6410c35bd33254a,OPT-RFT-XATMOV88-R512-v1:0476,XATMOV_C2_14_286_z2_22,48b9bd1d139518dfe22e99baeaac42141db151938b6d57b1442c094e0e0cd6a8,476,cross_family_test_set,XATMOV/structures/XATMOV_C2_14_286_z2_22.cif,d5f8b279ce7893885fa85329949cd790f7caea8062534b1c822429c51c836956,48b9bd1d139518dfe22e99baeaac42141db151938b6d57b1442c094e0e0cd6a8,0,88,"[""C"", ""C"", ""N"", ""C"", ""H"", ""H"", ""H"", ""H"", ""H"", ""H"", ""H"", ""C"", ""C"", ""N"", ""C"", ""H"", ""H"", ""H"", ""H"", ""H"", ""H"", ""H"", ""C"", ""C"", ""N"", ""C"", ""H"", ""H"", ""H"", ""H"", ""H"", ""H"", ""H"", ""C"", ""C"", ""N"", ""C"", ""H"", ""H"", ""H"", ""H"", ""H"", ""H"", ""H"", ""C"", ""C"", ""N"", ""C"", ""H"", ""H"", ""H"", ""H"", ""H"", ""H"", ""H"", ""C"", ""C"", ""N"", ""C"", ""H"", ""H"", ""H"", ""H"", ""H"", ""H"", ""H"", ""C"", ""C"", ""N"", ""C"", ""H"", ""H"", ""H"", ""H"", ""H"", ""H"", ""H"", ""C"", ""C"", ""N"", ""C"", ""H"", ""H"", ""H"", ""H"", ""H"", ""H"", ""H""]",C24H56N8,"[true, true, true]","[9.891094868022982, 0.0, 0.0, 0.0, 11.83875059481052, 0.0, -3.3243036645250026, 0.0, 10.480022047638897]",1227.1917727813131,[],"{""cutoff=6.000_skin=0.000"": 5504, ""cutoff=6.000_skin=0.500"": 7256}",0.0,,
OPT-RFT-XATMOV88-R512-v1,fae3cd510f7c1880e11bf0b677e0d7ad0094c8e909e2ee11e6410c35bd33254a,OPT-RFT-XATMOV88-R512-v1:0477,XATMOV_C2_14_6093_z2_22,a61b78cee6c95bb674183cb297200d73e7c2780c63b98ee4d0cc0675ee4e3377,477,cross_family_test_set,XATMOV/structures/XATMOV_C2_14_6093_z2_22.cif,a309048647eb322fbe67d996581ddcf1a50bb81f28b64a43556b095f8868013b,a61b78cee6c95bb674183cb297200d73e7c2780c63b98ee4d0cc0675ee4e3377,0,88,"[""C"", ""C"", ""N"", ""C"", ""H"", ""H"", ""H"", ""H"", ""H"", ""H"", ""H"", ""C"", ""C"", ""N"", ""C"", ""H"", ""H"", ""H"", ""H"", ""H"", ""H"", ""H"", ""C"", ""C"", ""N"", ""C"", ""H"", ""H"", ""H"", ""H"", ""H"", ""H"", ""H"", ""C"", ""C"", ""N"", ""C"", ""H"", ""H"", ""H"", ""H"", ""H"", ""H"", ""H"", ""C"", ""C"", ""N"", ""C"", ""H"", ""H"", ""H"", ""H"", ""H"", ""H"", ""H"", ""C"", ""C"", ""N"", ""C"", ""H"", ""H"", ""H"", ""H"", ""H"", ""H"", ""H"", ""C"", ""C"", ""N"", ""C"", ""H"", ""H"", ""H"", ""H"", ""H"", ""H"", ""H"", ""C"", ""C"", ""N"", ""C"", ""H"", ""H"", ""H"", ""H"", ""H"", ""H"", ""H""]",C24H56N8,"[true, true, true]","[13.788002573269537, 0.0, 0.0, 0.0, 9.399255705236271, 0.0, 6.27113989233723, 0.0, 9.716946931448543]",1259.2868007793977,[],"{""cutoff=6.000_skin=0.000"": 5512, ""cutoff=6.000_skin=0.500"": 7016}",0.0,,
OPT-RFT-XATMOV88-R512-v1,fae3cd510f7c1880e11bf0b677e0d7ad0094c8e909e2ee11e6410c35bd33254a,OPT-RFT-XATMOV88-R512-v1:0478,XATMOV_C2_14_5157_z2_22,41ff74966995d271124822110bd68cb7fb6cc1e4900cc4fe425a6e6a2153488c,478,cross_family_test_set,XATMOV/structures/XATMOV_C2_14_5157_z2_22.cif,566f3e723a944a01d3fdfbc5f47687c5b6a8d0de8fbb1babfb49b5fd792d49b5,41ff74966995d271124822110bd68cb7fb6cc1e4900cc4fe425a6e6a2153488c,0,88,"[""C"", ""C"", ""N"", ""C"", ""H"", ""H"", ""H"", ""H"", ""H"", ""H"", ""H"", ""C"", ""C"", ""N"", ""C"", ""H"", ""H"", ""H"", ""H"", ""H"", ""H"", ""H"", ""C"", ""C"", ""N"", ""C"", ""H"", ""H"", ""H"", ""H"", ""H"", ""H"", ""H"", ""C"", ""C"", ""N"", ""C"", ""H"", ""H"", ""H"", ""H"", ""H"", ""H"", ""H"", ""C"", ""C"", ""N"", ""C"", ""H"", ""H"", ""H"", ""H"", ""H"", ""H"", ""H"", ""C"", ""C"", ""N"", ""C"", ""H"", ""H"", ""H"", ""H"", ""H"", ""H"", ""H"", ""C"", ""C"", ""N"", ""C"", ""H"", ""H"", ""H"", ""H"", ""H"", ""H"", ""H"", ""C"", ""C"", ""N"", ""C"", ""H"", ""H"", ""H"", ""H"", ""H"", ""H"", ""H""]",C24H56N8,"[true, true, true]","[10.659190881236473, 0.0, 0.0, 0.0, 10.915070174078515, 0.0, -2.6145494418010586, 0.0, 10.73985459783229]",1249.5371519280395,[],"{""cutoff=6.000_skin=0.000"": 5540, ""cutoff=6.000_skin=0.500"": 7260}",0.0,,
OPT-RFT-XATMOV88-R512-v1,fae3cd510f7c1880e11bf0b677e0d7ad0094c8e909e2ee11e6410c35bd33254a,OPT-RFT-XATMOV88-R512-v1:0479,XATMOV_C1_14_948_z2_22,1c55272c0b283057048cae1269d34522dcb6f606260899a481d2e6ce38e79197,479,cross_family_test_set,XATMOV/structures/XATMOV_C1_14_948_z2_22.cif,29720f79994d97518f154490a9d19a0a395169acc84ef3e1dd20545afbf9da96,1c55272c0b283057048cae1269d34522dcb6f606260899a481d2e6ce38e79197,0,88,"[""C"", ""C"", ""N"", ""C"", ""H"", ""H"", ""H"", ""H"", ""H"", ""H"", ""H"", ""C"", ""C"", ""N"", ""C"", ""H"", ""H"", ""H"", ""H"", ""H"", ""H"", ""H"", ""C"", ""C"", ""N"", ""C"", ""H"", ""H"", ""H"", ""H"", ""H"", ""H"", ""H"", ""C"", ""C"", ""N"", ""C"", ""H"", ""H"", ""H"", ""H"", ""H"", ""H"", ""H"", ""C"", ""C"", ""N"", ""C"", ""H"", ""H"", ""H"", ""H"", ""H"", ""H"", ""H"", ""C"", ""C"", ""N"", ""C"", ""H"", ""H"", ""H"", ""H"", ""H"", ""H"", ""H"", ""C"", ""C"", ""N"", ""C"", ""H"", ""H"", ""H"", ""H"", ""H"", ""H"", ""H"", ""C"", ""C"", ""N"", ""C"", ""H"", ""H"", ""H"", ""H"", ""H"", ""H"", ""H""]",C24H56N8,"[true, true, true]","[11.235400623105683, 0.0, 0.0, 0.0, 10.234701632720203, 0.0, -4.9049219185657424, 0.0, 10.89101044670962]",1252.3678893264528,[],"{""cutoff=6.000_skin=0.000"": 5572, ""cutoff=6.000_skin=0.500"": 7204}",0.0,,
OPT-RFT-XATMOV88-R512-v1,fae3cd510f7c1880e11bf0b677e0d7ad0094c8e909e2ee11e6410c35bd33254a,OPT-RFT-XATMOV88-R512-v1:0480,XATMOV_C2_14_1364_z2_22,fbbd9404ca73f29e389cb8df99c0ba71c4d15f43a0fb10a536f0c83a89d2802d,480,cross_family_test_set,XATMOV/structures/XATMOV_C2_14_1364_z2_22.cif,0cecb35bb05f4e4790c8245e58ce58da84ba332501508f69bb7a54dfc62d36f0,fbbd9404ca73f29e389cb8df99c0ba71c4d15f43a0fb10a536f0c83a89d2802d,0,88,"[""C"", ""C"", ""N"", ""C"", ""H"", ""H"", ""H"", ""H"", ""H"", ""H"", ""H"", ""C"", ""C"", ""N"", ""C"", ""H"", ""H"", ""H"", ""H"", ""H"", ""H"", ""H"", ""C"", ""C"", ""N"", ""C"", ""H"", ""H"", ""H"", ""H"", ""H"", ""H"", ""H"", ""C"", ""C"", ""N"", ""C"", ""H"", ""H"", ""H"", ""H"", ""H"", ""H"", ""H"", ""C"", ""C"", ""N"", ""C"", ""H"", ""H"", ""H"", ""H"", ""H"", ""H"", ""H"", ""C"", ""C"", ""N"", ""C"", ""H"", ""H"", ""H"", ""H"", ""H"", ""H"", ""H"", ""C"", ""C"", ""N"", ""C"", ""H"", ""H"", ""H"", ""H"", ""H"", ""H"", ""H"", ""C"", ""C"", ""N"", ""C"", ""H"", ""H"", ""H"", ""H"", ""H"", ""H"", ""H""]",C24H56N8,"[true, true, true]","[12.967176163370326, 0.0, 0.0, 0.0, 10.731039064291977, 0.0, -6.143976337723368, 0.0, 8.621923007664574]",1199.75157052469,[],"{""cutoff=6.000_skin=0.000"": 5592, ""cutoff=6.000_skin=0.500"": 7364}",0.0,,
OPT-RFT-XATMOV88-R512-v1,fae3cd510f7c1880e11bf0b677e0d7ad0094c8e909e2ee11e6410c35bd33254a,OPT-RFT-XATMOV88-R512-v1:0481,XATMOV_C1_14_2807_z2_22,0685c4d7dbd4208c915a0b1d7ddc9f39f7a29d9a48819ba053f280ade6ab6606,481,cross_family_test_set,XATMOV/structures/XATMOV_C1_14_2807_z2_22.cif,a625893a1f1e07f811b99464868eebeea4d94f6c065e129cbea33c922a1602ec,0685c4d7dbd4208c915a0b1d7ddc9f39f7a29d9a48819ba053f280ade6ab6606,0,88,"[""C"", ""C"", ""N"", ""C"", ""H"", ""H"", ""H"", ""H"", ""H"", ""H"", ""H"", ""C"", ""C"", ""N"", ""C"", ""H"", ""H"", ""H"", ""H"", ""H"", ""H"", ""H"", ""C"", ""C"", ""N"", ""C"", ""H"", ""H"", ""H"", ""H"", ""H"", ""H"", ""H"", ""C"", ""C"", ""N"", ""C"", ""H"", ""H"", ""H"", ""H"", ""H"", ""H"", ""H"", ""C"", ""C"", ""N"", ""C"", ""H"", ""H"", ""H"", ""H"", ""H"", ""H"", ""H"", ""C"", ""C"", ""N"", ""C"", ""H"", ""H"", ""H"", ""H"", ""H"", ""H"", ""H"", ""C"", ""C"", ""N"", ""C"", ""H"", ""H"", ""H"", ""H"", ""H"", ""H"", ""H"", ""C"", ""C"", ""N"", ""C"", ""H"", ""H"", ""H"", ""H"", ""H"", ""H"", ""H""]",C24H56N8,"[true, true, true]","[12.340295145815706, 0.0, 0.0, 0.0, 9.987708372842953, 0.0, -2.818410203769579, 0.0, 10.936942590792826]",1347.9920549492128,[],"{""cutoff=6.000_skin=0.000"": 5616, ""cutoff=6.000_skin=0.500"": 7128}",0.0,,
OPT-RFT-XATMOV88-R512-v1,fae3cd510f7c1880e11bf0b677e0d7ad0094c8e909e2ee11e6410c35bd33254a,OPT-RFT-XATMOV88-R512-v1:0482,XATMOV_C2_14_4427_z2_22,2b33ebc2654ca3bab6c5a24ee78378b0e5e816785ffa64fb80637dd3716f3cb8,482,cross_family_test_set,XATMOV/structures/XATMOV_C2_14_4427_z2_22.cif,0d51390c871eafdbe8c115c6c55716d11ba65788981bfe095f44fd4288a6fad6,2b33ebc2654ca3bab6c5a24ee78378b0e5e816785ffa64fb80637dd3716f3cb8,0,88,"[""C"", ""C"", ""N"", ""C"", ""H"", ""H"", ""H"", ""H"", ""H"", ""H"", ""H"", ""C"", ""C"", ""N"", ""C"", ""H"", ""H"", ""H"", ""H"", ""H"", ""H"", ""H"", ""C"", ""C"", ""N"", ""C"", ""H"", ""H"", ""H"", ""H"", ""H"", ""H"", ""H"", ""C"", ""C"", ""N"", ""C"", ""H"", ""H"", ""H"", ""H"", ""H"", ""H"", ""H"", ""C"", ""C"", ""N"", ""C"", ""H"", ""H"", ""H"", ""H"", ""H"", ""H"", ""H"", ""C"", ""C"", ""N"", ""C"", ""H"", ""H"", ""H"", ""H"", ""H"", ""H"", ""H"", ""C"", ""C"", ""N"", ""C"", ""H"", ""H"", ""H"", ""H"", ""H"", ""H"", ""H"", ""C"", ""C"", ""N"", ""C"", ""H"", ""H"", ""H"", ""H"", ""H"", ""H"", ""H""]",C24H56N8,"[true, true, true]","[16.408191918530648, 0.0, 0.0, 0.0, 10.616200813399203, 0.0, 0.6265410276048449, 0.0, 7.961399002120303]",1386.8172726208743,[],"{""cutoff=6.000_skin=0.000"": 5636, ""cutoff=6.000_skin=0.500"": 7392}",0.0,,
OPT-RFT-XATMOV88-R512-v1,fae3cd510f7c1880e11bf0b677e0d7ad0094c8e909e2ee11e6410c35bd33254a,OPT-RFT-XATMOV88-R512-v1:0483,XATMOV_C2_14_2816_z2_22,5be818f37ffa3241fc96f1d033b206046071bc19e05b61d76a6cd3cfda078c86,483,cross_family_test_set,XATMOV/structures/XATMOV_C2_14_2816_z2_22.cif,4a748c6da485dc133b16605c1c8c2c62043e610cbb8962d665cc294e5bfca075,5be818f37ffa3241fc96f1d033b206046071bc19e05b61d76a6cd3cfda078c86,0,88,"[""C"", ""C"", ""N"", ""C"", ""H"", ""H"", ""H"", ""H"", ""H"", ""H"", ""H"", ""C"", ""C"", ""N"", ""C"", ""H"", ""H"", ""H"", ""H"", ""H"", ""H"", ""H"", ""C"", ""C"", ""N"", ""C"", ""H"", ""H"", ""H"", ""H"", ""H"", ""H"", ""H"", ""C"", ""C"", ""N"", ""C"", ""H"", ""H"", ""H"", ""H"", ""H"", ""H"", ""H"", ""C"", ""C"", ""N"", ""C"", ""H"", ""H"", ""H"", ""H"", ""H"", ""H"", ""H"", ""C"", ""C"", ""N"", ""C"", ""H"", ""H"", ""H"", ""H"", ""H"", ""H"", ""H"", ""C"", ""C"", ""N"", ""C"", ""H"", ""H"", ""H"", ""H"", ""H"", ""H"", ""H"", ""C"", ""C"", ""N"", ""C"", ""H"", ""H"", ""H"", ""H"", ""H"", ""H"", ""H""]",C24H56N8,"[true, true, true]","[10.405191813050024, 0.0, 0.0, 0.0, 10.476334390028384, 0.0, -0.694859385765513, 0.0, 11.116741702028914]",1211.8167679228359,[],"{""cutoff=6.000_skin=0.000"": 5660, ""cutoff=6.000_skin=0.500"": 7084}",0.0,,
OPT-RFT-XATMOV88-R512-v1,fae3cd510f7c1880e11bf0b677e0d7ad0094c8e909e2ee11e6410c35bd33254a,OPT-RFT-XATMOV88-R512-v1:0484,XATMOV_C2_14_6048_z2_22,1b511339ca704030acef9bae83697a783c512cd4932bc3b0e7aee49a4a649b2a,484,cross_family_test_set,XATMOV/structures/XATMOV_C2_14_6048_z2_22.cif,aad81b134a9e98f7d896f00651fec2a6255d3da3d5c6f85b59a85921787cf079,1b511339ca704030acef9bae83697a783c512cd4932bc3b0e7aee49a4a649b2a,0,88,"[""C"", ""C"", ""N"", ""C"", ""H"", ""H"", ""H"", ""H"", ""H"", ""H"", ""H"", ""C"", ""C"", ""N"", ""C"", ""H"", ""H"", ""H"", ""H"", ""H"", ""H"", ""H"", ""C"", ""C"", ""N"", ""C"", ""H"", ""H"", ""H"", ""H"", ""H"", ""H"", ""H"", ""C"", ""C"", ""N"", ""C"", ""H"", ""H"", ""H"", ""H"", ""H"", ""H"", ""H"", ""C"", ""C"", ""N"", ""C"", ""H"", ""H"", ""H"", ""H"", ""H"", ""H"", ""H"", ""C"", ""C"", ""N"", ""C"", ""H"", ""H"", ""H"", ""H"", ""H"", ""H"", ""H"", ""C"", ""C"", ""N"", ""C"", ""H"", ""H"", ""H"", ""H"", ""H"", ""H"", ""H"", ""C"", ""C"", ""N"", ""C"", ""H"", ""H"", ""H"", ""H"", ""H"", ""H"", ""H""]",C24H56N8,"[true, true, true]","[10.373371295209902, 0.0, 0.0, 0.0, 14.408792467820199, 0.0, -3.3886068847770807, 0.0, 8.013755094410596]",1197.7979765447267,[],"{""cutoff=6.000_skin=0.000"": 5692, ""cutoff=6.000_skin=0.500"": 7476}",0.0,,
OPT-RFT-XATMOV88-R512-v1,fae3cd510f7c1880e11bf0b677e0d7ad0094c8e909e2ee11e6410c35bd33254a,OPT-RFT-XATMOV88-R512-v1:0485,XATMOV_C2_14_3467_z2_22,46e7036419588c6fbf4682eb31c4799a6459fd48149ff9353b380203de3b125a,485,cross_family_test_set,XATMOV/structures/XATMOV_C2_14_3467_z2_22.cif,9a244ba294e3d1a6bc6521dddfd40d863e450c943516a10692cce89b4a44fed4,46e7036419588c6fbf4682eb31c4799a6459fd48149ff9353b380203de3b125a,0,88,"[""C"", ""C"", ""N"", ""C"", ""H"", ""H"", ""H"", ""H"", ""H"", ""H"", ""H"", ""C"", ""C"", ""N"", ""C"", ""H"", ""H"", ""H"", ""H"", ""H"", ""H"", ""H"", ""C"", ""C"", ""N"", ""C"", ""H"", ""H"", ""H"", ""H"", ""H"", ""H"", ""H"", ""C"", ""C"", ""N"", ""C"", ""H"", ""H"", ""H"", ""H"", ""H"", ""H"", ""H"", ""C"", ""C"", ""N"", ""C"", ""H"", ""H"", ""H"", ""H"", ""H"", ""H"", ""H"", ""C"", ""C"", ""N"", ""C"", ""H"", ""H"", ""H"", ""H"", ""H"", ""H"", ""H"", ""C"", ""C"", ""N"", ""C"", ""H"", ""H"", ""H"", ""H"", ""H"", ""H"", ""H"", ""C"", ""C"", ""N"", ""C"", ""H"", ""H"", ""H"", ""H"", ""H"", ""H"", ""H""]",C24H56N8,"[true, true, true]","[6.046501709326147, 0.0, 0.0, 0.0, 12.14296847429761, 0.0, 6.235871767027485, 0.0, 15.866469271052626]",1164.9555169512084,[],"{""cutoff=6.000_skin=0.000"": 5720, ""cutoff=6.000_skin=0.500"": 7472}",0.0,,
OPT-RFT-XATMOV88-R512-v1,fae3cd510f7c1880e11bf0b677e0d7ad0094c8e909e2ee11e6410c35bd33254a,OPT-RFT-XATMOV88-R512-v1:0486,XATMOV_C2_14_7428_z2_22,cc13bec67ae664d8ac265e0c1dc35b131a4cb2e42afdd100fe4e2f822e44c4da,486,cross_family_test_set,XATMOV/structures/XATMOV_C2_14_7428_z2_22.cif,b1f72ce0b0bd2ad829b577420b1032373fee2c5a746a7ca09e3e13636fb76678,cc13bec67ae664d8ac265e0c1dc35b131a4cb2e42afdd100fe4e2f822e44c4da,0,88,"[""C"", ""C"", ""N"", ""C"", ""H"", ""H"", ""H"", ""H"", ""H"", ""H"", ""H"", ""C"", ""C"", ""N"", ""C"", ""H"", ""H"", ""H"", ""H"", ""H"", ""H"", ""H"", ""C"", ""C"", ""N"", ""C"", ""H"", ""H"", ""H"", ""H"", ""H"", ""H"", ""H"", ""C"", ""C"", ""N"", ""C"", ""H"", ""H"", ""H"", ""H"", ""H"", ""H"", ""H"", ""C"", ""C"", ""N"", ""C"", ""H"", ""H"", ""H"", ""H"", ""H"", ""H"", ""H"", ""C"", ""C"", ""N"", ""C"", ""H"", ""H"", ""H"", ""H"", ""H"", ""H"", ""H"", ""C"", ""C"", ""N"", ""C"", ""H"", ""H"", ""H"", ""H"", ""H"", ""H"", ""H"", ""C"", ""C"", ""N"", ""C"", ""H"", ""H"", ""H"", ""H"", ""H"", ""H"", ""H""]",C24H56N8,"[true, true, true]","[11.518481632033403, 0.0, 0.0, 0.0, 11.08112331065837, 0.0, -3.7535432111819884, 0.0, 9.549860732057157]",1218.922405426862,[],"{""cutoff=6.000_skin=0.000"": 5736, ""cutoff=6.000_skin=0.500"": 7332}",0.0,,
OPT-RFT-XATMOV88-R512-v1,fae3cd510f7c1880e11bf0b677e0d7ad0094c8e909e2ee11e6410c35bd33254a,OPT-RFT-XATMOV88-R512-v1:0487,XATMOV_C2_14_3371_z2_22,2afe118c983d146655475215d5acba4e15a74132bea02c54c9a26f1e3964ce4b,487,cross_family_test_set,XATMOV/structures/XATMOV_C2_14_3371_z2_22.cif,d8899fa7790afe9ecb7b039363726af3b6c5768b05a713a0429e2d9a502ad112,2afe118c983d146655475215d5acba4e15a74132bea02c54c9a26f1e3964ce4b,0,88,"[""C"", ""C"", ""N"", ""C"", ""H"", ""H"", ""H"", ""H"", ""H"", ""H"", ""H"", ""C"", ""C"", ""N"", ""C"", ""H"", ""H"", ""H"", ""H"", ""H"", ""H"", ""H"", ""C"", ""C"", ""N"", ""C"", ""H"", ""H"", ""H"", ""H"", ""H"", ""H"", ""H"", ""C"", ""C"", ""N"", ""C"", ""H"", ""H"", ""H"", ""H"", ""H"", ""H"", ""H"", ""C"", ""C"", ""N"", ""C"", ""H"", ""H"", ""H"", ""H"", ""H"", ""H"", ""H"", ""C"", ""C"", ""N"", ""C"", ""H"", ""H"", ""H"", ""H"", ""H"", ""H"", ""H"", ""C"", ""C"", ""N"", ""C"", ""H"", ""H"", ""H"", ""H"", ""H"", ""H"", ""H"", ""C"", ""C"", ""N"", ""C"", ""H"", ""H"", ""H"", ""H"", ""H"", ""H"", ""H""]",C24H56N8,"[true, true, true]","[12.81202446852626, 0.0, 0.0, 0.0, 8.629886840553084, 0.0, 4.206775952040385, 0.0, 10.841556566493793]",1198.7110273928574,[],"{""cutoff=6.000_skin=0.000"": 5784, ""cutoff=6.000_skin=0.500"": 7540}",0.0,,
OPT-RFT-XATMOV88-R512-v1,fae3cd510f7c1880e11bf0b677e0d7ad0094c8e909e2ee11e6410c35bd33254a,OPT-RFT-XATMOV88-R512-v1:0488,XATMOV_C1_14_426_z2_22,5b5db28b3d53ee1eca9f4311ff9aa9059cba4a674e015cd371d3f6765039f393,488,cross_family_test_set,XATMOV/structures/XATMOV_C1_14_426_z2_22.cif,9d4d97852e0b5b32bf7005f3540faddbe0c869c5f13e6908be33659c0b573d64,5b5db28b3d53ee1eca9f4311ff9aa9059cba4a674e015cd371d3f6765039f393,0,88,"[""C"", ""C"", ""N"", ""C"", ""H"", ""H"", ""H"", ""H"", ""H"", ""H"", ""H"", ""C"", ""C"", ""N"", ""C"", ""H"", ""H"", ""H"", ""H"", ""H"", ""H"", ""H"", ""C"", ""C"", ""N"", ""C"", ""H"", ""H"", ""H"", ""H"", ""H"", ""H"", ""H"", ""C"", ""C"", ""N"", ""C"", ""H"", ""H"", ""H"", ""H"", ""H"", ""H"", ""H"", ""C"", ""C"", ""N"", ""C"", ""H"", ""H"", ""H"", ""H"", ""H"", ""H"", ""H"", ""C"", ""C"", ""N"", ""C"", ""H"", ""H"", ""H"", ""H"", ""H"", ""H"", ""H"", ""C"", ""C"", ""N"", ""C"", ""H"", ""H"", ""H"", ""H"", ""H"", ""H"", ""H"", ""C"", ""C"", ""N"", ""C"", ""H"", ""H"", ""H"", ""H"", ""H"", ""H"", ""H""]",C24H56N8,"[true, true, true]","[10.56968880811047, 0.0, 0.0, 0.0, 11.206269701794142, 0.0, 0.7799597296109272, 0.0, 9.967300397629268]",1180.5946717563775,[],"{""cutoff=6.000_skin=0.000"": 5808, ""cutoff=6.000_skin=0.500"": 7676}",0.0,,
OPT-RFT-XATMOV88-R512-v1,fae3cd510f7c1880e11bf0b677e0d7ad0094c8e909e2ee11e6410c35bd33254a,OPT-RFT-XATMOV88-R512-v1:0489,XATMOV_C1_14_7329_z2_22,2493e700c615a42fa4ce11da277f2e9f264254d9c16ce0622f7004c0710923c4,489,cross_family_test_set,XATMOV/structures/XATMOV_C1_14_7329_z2_22.cif,44f52fc76d556e2af9caafa1939719767d05e94d35d0541f1bee8fde0326d442,2493e700c615a42fa4ce11da277f2e9f264254d9c16ce0622f7004c0710923c4,0,88,"[""C"", ""C"", ""N"", ""C"", ""H"", ""H"", ""H"", ""H"", ""H"", ""H"", ""H"", ""C"", ""C"", ""N"", ""C"", ""H"", ""H"", ""H"", ""H"", ""H"", ""H"", ""H"", ""C"", ""C"", ""N"", ""C"", ""H"", ""H"", ""H"", ""H"", ""H"", ""H"", ""H"", ""C"", ""C"", ""N"", ""C"", ""H"", ""H"", ""H"", ""H"", ""H"", ""H"", ""H"", ""C"", ""C"", ""N"", ""C"", ""H"", ""H"", ""H"", ""H"", ""H"", ""H"", ""H"", ""C"", ""C"", ""N"", ""C"", ""H"", ""H"", ""H"", ""H"", ""H"", ""H"", ""H"", ""C"", ""C"", ""N"", ""C"", ""H"", ""H"", ""H"", ""H"", ""H"", ""H"", ""H"", ""C"", ""C"", ""N"", ""C"", ""H"", ""H"", ""H"", ""H"", ""H"", ""H"", ""H""]",C24H56N8,"[true, true, true]","[10.388004282239514, 0.0, 0.0, 0.0, 11.03032425946827, 0.0, -2.070514429791337, 0.0, 10.511928715927288]",1204.4889129602234,[],"{""cutoff=6.000_skin=0.000"": 5828, ""cutoff=6.000_skin=0.500"": 7464}",0.0,,
OPT-RFT-XATMOV88-R512-v1,fae3cd510f7c1880e11bf0b677e0d7ad0094c8e909e2ee11e6410c35bd33254a,OPT-RFT-XATMOV88-R512-v1:0490,XATMOV_C1_14_7096_z2_22,88664241a97cea0392e45c594a9a1083a94100cb9b8c03de5f498fe87bf44308,490,cross_family_test_set,XATMOV/structures/XATMOV_C1_14_7096_z2_22.cif,705c6dc5184d9cec959d3df9d769fdccd0331bd167f7275c8776320da48dc715,88664241a97cea0392e45c594a9a1083a94100cb9b8c03de5f498fe87bf44308,0,88,"[""C"", ""C"", ""N"", ""C"", ""H"", ""H"", ""H"", ""H"", ""H"", ""H"", ""H"", ""C"", ""C"", ""N"", ""C"", ""H"", ""H"", ""H"", ""H"", ""H"", ""H"", ""H"", ""C"", ""C"", ""N"", ""C"", ""H"", ""H"", ""H"", ""H"", ""H"", ""H"", ""H"", ""C"", ""C"", ""N"", ""C"", ""H"", ""H"", ""H"", ""H"", ""H"", ""H"", ""H"", ""C"", ""C"", ""N"", ""C"", ""H"", ""H"", ""H"", ""H"", ""H"", ""H"", ""H"", ""C"", ""C"", ""N"", ""C"", ""H"", ""H"", ""H"", ""H"", ""H"", ""H"", ""H"", ""C"", ""C"", ""N"", ""C"", ""H"", ""H"", ""H"", ""H"", ""H"", ""H"", ""H"", ""C"", ""C"", ""N"", ""C"", ""H"", ""H"", ""H"", ""H"", ""H"", ""H"", ""H""]",C24H56N8,"[true, true, true]","[9.26645509145024, 0.0, 0.0, 0.0, 13.384768957928419, 0.0, 2.928869248964772, 0.0, 9.44020218609067]",1170.8622397358035,[],"{""cutoff=6.000_skin=0.000"": 5852, ""cutoff=6.000_skin=0.500"": 7260}",0.0,,
OPT-RFT-XATMOV88-R512-v1,fae3cd510f7c1880e11bf0b677e0d7ad0094c8e909e2ee11e6410c35bd33254a,OPT-RFT-XATMOV88-R512-v1:0491,XATMOV_C1_14_1514_z2_22,5ecd52649834e6ee7697db0c80d63ea91bbb0cdf2a6f6b8aec5a7b92fe93e875,491,cross_family_test_set,XATMOV/structures/XATMOV_C1_14_1514_z2_22.cif,fd066d3fd1ef7ec9dfba6429acfd481050ec149c4d7bb98a37878ee28b636512,5ecd52649834e6ee7697db0c80d63ea91bbb0cdf2a6f6b8aec5a7b92fe93e875,0,88,"[""C"", ""C"", ""N"", ""C"", ""H"", ""H"", ""H"", ""H"", ""H"", ""H"", ""H"", ""C"", ""C"", ""N"", ""C"", ""H"", ""H"", ""H"", ""H"", ""H"", ""H"", ""H"", ""C"", ""C"", ""N"", ""C"", ""H"", ""H"", ""H"", ""H"", ""H"", ""H"", ""H"", ""C"", ""C"", ""N"", ""C"", ""H"", ""H"", ""H"", ""H"", ""H"", ""H"", ""H"", ""C"", ""C"", ""N"", ""C"", ""H"", ""H"", ""H"", ""H"", ""H"", ""H"", ""H"", ""C"", ""C"", ""N"", ""C"", ""H"", ""H"", ""H"", ""H"", ""H"", ""H"", ""H"", ""C"", ""C"", ""N"", ""C"", ""H"", ""H"", ""H"", ""H"", ""H"", ""H"", ""H"", ""C"", ""C"", ""N"", ""C"", ""H"", ""H"", ""H"", ""H"", ""H"", ""H"", ""H""]",C24H56N8,"[true, true, true]","[10.273180534551372, 0.0, 0.0, 0.0, 10.628861779736916, 0.0, 0.29614477343965007, 0.0, 10.923744793752386]",1192.787900393193,[],"{""cutoff=6.000_skin=0.000"": 5880, ""cutoff=6.000_skin=0.500"": 7640}",0.0,,
OPT-RFT-XATMOV88-R512-v1,fae3cd510f7c1880e11bf0b677e0d7ad0094c8e909e2ee11e6410c35bd33254a,OPT-RFT-XATMOV88-R512-v1:0492,XATMOV_C2_14_747_z2_22,7ed9ed958a9e5749f0a680bc77dd7c7baa64f44777257494519531ee88776c7a,492,cross_family_test_set,XATMOV/structures/XATMOV_C2_14_747_z2_22.cif,7a8bb390d5435af2b416e5219a700a0ae18ea73e791ecaa27b12ecf035cf642c,7ed9ed958a9e5749f0a680bc77dd7c7baa64f44777257494519531ee88776c7a,0,88,"[""C"", ""C"", ""N"", ""C"", ""H"", ""H"", ""H"", ""H"", ""H"", ""H"", ""H"", ""C"", ""C"", ""N"", ""C"", ""H"", ""H"", ""H"", ""H"", ""H"", ""H"", ""H"", ""C"", ""C"", ""N"", ""C"", ""H"", ""H"", ""H"", ""H"", ""H"", ""H"", ""H"", ""C"", ""C"", ""N"", ""C"", ""H"", ""H"", ""H"", ""H"", ""H"", ""H"", ""H"", ""C"", ""C"", ""N"", ""C"", ""H"", ""H"", ""H"", ""H"", ""H"", ""H"", ""H"", ""C"", ""C"", ""N"", ""C"", ""H"", ""H"", ""H"", ""H"", ""H"", ""H"", ""H"", ""C"", ""C"", ""N"", ""C"", ""H"", ""H"", ""H"", ""H"", ""H"", ""H"", ""H"", ""C"", ""C"", ""N"", ""C"", ""H"", ""H"", ""H"", ""H"", ""H"", ""H"", ""H""]",C24H56N8,"[true, true, true]","[12.773493087641043, 0.0, 0.0, 0.0, 10.428726298614109, 0.0, 5.971528426904718, 0.0, 8.822335793726038]",1175.2344962353704,[],"{""cutoff=6.000_skin=0.000"": 5944, ""cutoff=6.000_skin=0.500"": 7660}",0.0,,
OPT-RFT-XATMOV88-R512-v1,fae3cd510f7c1880e11bf0b677e0d7ad0094c8e909e2ee11e6410c35bd33254a,OPT-RFT-XATMOV88-R512-v1:0493,XATMOV_C1_14_3431_z2_22,818615cbb126ddf1516b5eade2b49f49848e637ffdb3a740b0b0e2b76df8fff5,493,cross_family_test_set,XATMOV/structures/XATMOV_C1_14_3431_z2_22.cif,39a6e1c84c962d847d452936737d69f2d2896d9a085128fc3ed2918d0caca070,818615cbb126ddf1516b5eade2b49f49848e637ffdb3a740b0b0e2b76df8fff5,0,88,"[""C"", ""C"", ""N"", ""C"", ""H"", ""H"", ""H"", ""H"", ""H"", ""H"", ""H"", ""C"", ""C"", ""N"", ""C"", ""H"", ""H"", ""H"", ""H"", ""H"", ""H"", ""H"", ""C"", ""C"", ""N"", ""C"", ""H"", ""H"", ""H"", ""H"", ""H"", ""H"", ""H"", ""C"", ""C"", ""N"", ""C"", ""H"", ""H"", ""H"", ""H"", ""H"", ""H"", ""H"", ""C"", ""C"", ""N"", ""C"", ""H"", ""H"", ""H"", ""H"", ""H"", ""H"", ""H"", ""C"", ""C"", ""N"", ""C"", ""H"", ""H"", ""H"", ""H"", ""H"", ""H"", ""H"", ""C"", ""C"", ""N"", ""C"", ""H"", ""H"", ""H"", ""H"", ""H"", ""H"", ""H"", ""C"", ""C"", ""N"", ""C"", ""H"", ""H"", ""H"", ""H"", ""H"", ""H"", ""H""]",C24H56N8,"[true, true, true]","[12.971232877694163, 0.0, 0.0, 0.0, 5.367496789595495, 0.0, -7.179292624418986, 0.0, 16.809747929029758]",1170.3459344707048,[],"{""cutoff=6.000_skin=0.000"": 5984, ""cutoff=6.000_skin=0.500"": 7572}",0.0,,
OPT-RFT-XATMOV88-R512-v1,fae3cd510f7c1880e11bf0b677e0d7ad0094c8e909e2ee11e6410c35bd33254a,OPT-RFT-XATMOV88-R512-v1:0494,XATMOV_C1_14_1935_z2_22,ba8bbd3e57f6afa1ef0a9801f994bbd8bfe4281776af9bbeaff5993ff487db32,494,cross_family_test_set,XATMOV/structures/XATMOV_C1_14_1935_z2_22.cif,0dc321f8c03499d70901e55bf6b46e38fc6deff935fcc8d47a15a1162df5b1a3,ba8bbd3e57f6afa1ef0a9801f994bbd8bfe4281776af9bbeaff5993ff487db32,0,88,"[""C"", ""C"", ""N"", ""C"", ""H"", ""H"", ""H"", ""H"", ""H"", ""H"", ""H"", ""C"", ""C"", ""N"", ""C"", ""H"", ""H"", ""H"", ""H"", ""H"", ""H"", ""H"", ""C"", ""C"", ""N"", ""C"", ""H"", ""H"", ""H"", ""H"", ""H"", ""H"", ""H"", ""C"", ""C"", ""N"", ""C"", ""H"", ""H"", ""H"", ""H"", ""H"", ""H"", ""H"", ""C"", ""C"", ""N"", ""C"", ""H"", ""H"", ""H"", ""H"", ""H"", ""H"", ""H"", ""C"", ""C"", ""N"", ""C"", ""H"", ""H"", ""H"", ""H"", ""H"", ""H"", ""H"", ""C"", ""C"", ""N"", ""C"", ""H"", ""H"", ""H"", ""H"", ""H"", ""H"", ""H"", ""C"", ""C"", ""N"", ""C"", ""H"", ""H"", ""H"", ""H"", ""H"", ""H"", ""H""]",C24H56N8,"[true, true, true]","[10.108964562918942, 0.0, 0.0, 0.0, 11.103293580359733, 0.0, 6.889884111647964, 0.0, 10.066839716704413]",1129.930290398797,[],"{""cutoff=6.000_skin=0.000"": 6004, ""cutoff=6.000_skin=0.500"": 7880}",0.0,,
OPT-RFT-XATMOV88-R512-v1,fae3cd510f7c1880e11bf0b677e0d7ad0094c8e909e2ee11e6410c35bd33254a,OPT-RFT-XATMOV88-R512-v1:0495,XATMOV_C1_14_6560_z2_22,2efc67f45cfb2fa92d900954dc700c7caacec70fed7bf1cc5f372611fdfd670e,495,cross_family_test_set,XATMOV/structures/XATMOV_C1_14_6560_z2_22.cif,1aaf5011a59addb82816a9d3651aaa3167f8722e9e7c7e7742a899a5e500b9ff,2efc67f45cfb2fa92d900954dc700c7caacec70fed7bf1cc5f372611fdfd670e,0,88,"[""C"", ""C"", ""N"", ""C"", ""H"", ""H"", ""H"", ""H"", ""H"", ""H"", ""H"", ""C"", ""C"", ""N"", ""C"", ""H"", ""H"", ""H"", ""H"", ""H"", ""H"", ""H"", ""C"", ""C"", ""N"", ""C"", ""H"", ""H"", ""H"", ""H"", ""H"", ""H"", ""H"", ""C"", ""C"", ""N"", ""C"", ""H"", ""H"", ""H"", ""H"", ""H"", ""H"", ""H"", ""C"", ""C"", ""N"", ""C"", ""H"", ""H"", ""H"", ""H"", ""H"", ""H"", ""H"", ""C"", ""C"", ""N"", ""C"", ""H"", ""H"", ""H"", ""H"", ""H"", ""H"", ""H"", ""C"", ""C"", ""N"", ""C"", ""H"", ""H"", ""H"", ""H"", ""H"", ""H"", ""H"", ""C"", ""C"", ""N"", ""C"", ""H"", ""H"", ""H"", ""H"", ""H"", ""H"", ""H""]",C24H56N8,"[true, true, true]","[11.850512962443545, 0.0, 0.0, 0.0, 10.325998744552784, 0.0, -5.832846169068652, 0.0, 9.444616603647583]",1155.72245213895,[],"{""cutoff=6.000_skin=0.000"": 6036, ""cutoff=6.000_skin=0.500"": 7816}",0.0,,
OPT-RFT-XATMOV88-R512-v1,fae3cd510f7c1880e11bf0b677e0d7ad0094c8e909e2ee11e6410c35bd33254a,OPT-RFT-XATMOV88-R512-v1:0496,XATMOV_C1_14_5800_z2_22,006fc07d351d3ef7f4cd35d079050362639dd060efad4c635bd1ee9a194d272f,496,cross_family_test_set,XATMOV/structures/XATMOV_C1_14_5800_z2_22.cif,45df6b0e9a83e01c04ead3719822ab759797a675ce6704c76525788748d0d6f7,006fc07d351d3ef7f4cd35d079050362639dd060efad4c635bd1ee9a194d272f,0,88,"[""C"", ""C"", ""N"", ""C"", ""H"", ""H"", ""H"", ""H"", ""H"", ""H"", ""H"", ""C"", ""C"", ""N"", ""C"", ""H"", ""H"", ""H"", ""H"", ""H"", ""H"", ""H"", ""C"", ""C"", ""N"", ""C"", ""H"", ""H"", ""H"", ""H"", ""H"", ""H"", ""H"", ""C"", ""C"", ""N"", ""C"", ""H"", ""H"", ""H"", ""H"", ""H"", ""H"", ""H"", ""C"", ""C"", ""N"", ""C"", ""H"", ""H"", ""H"", ""H"", ""H"", ""H"", ""H"", ""C"", ""C"", ""N"", ""C"", ""H"", ""H"", ""H"", ""H"", ""H"", ""H"", ""H"", ""C"", ""C"", ""N"", ""C"", ""H"", ""H"", ""H"", ""H"", ""H"", ""H"", ""H"", ""C"", ""C"", ""N"", ""C"", ""H"", ""H"", ""H"", ""H"", ""H"", ""H"", ""H""]",C24H56N8,"[true, true, true]","[9.681735322240534, 0.0, 0.0, 0.0, 10.779990659417052, 0.0, 1.0659804889522115, 0.0, 11.030059333323546]",1151.196442798548,[],"{""cutoff=6.000_skin=0.000"": 6052, ""cutoff=6.000_skin=0.500"": 8104}",0.0,,
OPT-RFT-XATMOV88-R512-v1,fae3cd510f7c1880e11bf0b677e0d7ad0094c8e909e2ee11e6410c35bd33254a,OPT-RFT-XATMOV88-R512-v1:0497,XATMOV_C2_14_2081_z2_22,f1668eee22f44630829a5dbcffe73ac8f33802d631ec9376d666c298ac5b7ed6,497,cross_family_test_set,XATMOV/structures/XATMOV_C2_14_2081_z2_22.cif,345e4904ec3dec370c8080fc7704f74b2c726e0200d0d136e679c880b0ff4268,f1668eee22f44630829a5dbcffe73ac8f33802d631ec9376d666c298ac5b7ed6,0,88,"[""C"", ""C"", ""N"", ""C"", ""H"", ""H"", ""H"", ""H"", ""H"", ""H"", ""H"", ""C"", ""C"", ""N"", ""C"", ""H"", ""H"", ""H"", ""H"", ""H"", ""H"", ""H"", ""C"", ""C"", ""N"", ""C"", ""H"", ""H"", ""H"", ""H"", ""H"", ""H"", ""H"", ""C"", ""C"", ""N"", ""C"", ""H"", ""H"", ""H"", ""H"", ""H"", ""H"", ""H"", ""C"", ""C"", ""N"", ""C"", ""H"", ""H"", ""H"", ""H"", ""H"", ""H"", ""H"", ""C"", ""C"", ""N"", ""C"", ""H"", ""H"", ""H"", ""H"", ""H"", ""H"", ""H"", ""C"", ""C"", ""N"", ""C"", ""H"", ""H"", ""H"", ""H"", ""H"", ""H"", ""H"", ""C"", ""C"", ""N"", ""C"", ""H"", ""H"", ""H"", ""H"", ""H"", ""H"", ""H""]",C24H56N8,"[true, true, true]","[11.905343995605548, 0.0, 0.0, 0.0, 9.809790884300831, 0.0, 3.7905192847124107, 0.0, 9.810089521259917]",1145.70990746769,[],"{""cutoff=6.000_skin=0.000"": 6108, ""cutoff=6.000_skin=0.500"": 7740}",0.0,,
OPT-RFT-XATMOV88-R512-v1,fae3cd510f7c1880e11bf0b677e0d7ad0094c8e909e2ee11e6410c35bd33254a,OPT-RFT-XATMOV88-R512-v1:0498,XATMOV_C2_14_448_z2_22,0000a7cba2fab59a07bb6477b225e21d1bfc88ce4b047468488fa463fc280599,498,cross_family_test_set,XATMOV/structures/XATMOV_C2_14_448_z2_22.cif,92e1b11f7f6363948de2f0cd06b58d0d0de13b1353c20e145ee5f755f4b38177,0000a7cba2fab59a07bb6477b225e21d1bfc88ce4b047468488fa463fc280599,0,88,"[""C"", ""C"", ""N"", ""C"", ""H"", ""H"", ""H"", ""H"", ""H"", ""H"", ""H"", ""C"", ""C"", ""N"", ""C"", ""H"", ""H"", ""H"", ""H"", ""H"", ""H"", ""H"", ""C"", ""C"", ""N"", ""C"", ""H"", ""H"", ""H"", ""H"", ""H"", ""H"", ""H"", ""C"", ""C"", ""N"", ""C"", ""H"", ""H"", ""H"", ""H"", ""H"", ""H"", ""H"", ""C"", ""C"", ""N"", ""C"", ""H"", ""H"", ""H"", ""H"", ""H"", ""H"", ""H"", ""C"", ""C"", ""N"", ""C"", ""H"", ""H"", ""H"", ""H"", ""H"", ""H"", ""H"", ""C"", ""C"", ""N"", ""C"", ""H"", ""H"", ""H"", ""H"", ""H"", ""H"", ""H"", ""C"", ""C"", ""N"", ""C"", ""H"", ""H"", ""H"", ""H"", ""H"", ""H"", ""H""]",C24H56N8,"[true, true, true]","[6.058821463687693, 0.0, 0.0, 0.0, 9.132837415362062, 0.0, 5.989769788357191, 0.0, 20.277895519591606]",1122.0617621053498,[],"{""cutoff=6.000_skin=0.000"": 6132, ""cutoff=6.000_skin=0.500"": 8192}",0.0,,
OPT-RFT-XATMOV88-R512-v1,fae3cd510f7c1880e11bf0b677e0d7ad0094c8e909e2ee11e6410c35bd33254a,OPT-RFT-XATMOV88-R512-v1:0499,XATMOV_C2_14_5537_z2_22,cc109047518924bc20b797cdecf5684bdddd9e2fd1a83cb0cc2303b588d915d7,499,cross_family_test_set,XATMOV/structures/XATMOV_C2_14_5537_z2_22.cif,bdda3e0aefbd16a59ecaed027d25a0fc0a582dcc1727801d2125bd3e28144752,cc109047518924bc20b797cdecf5684bdddd9e2fd1a83cb0cc2303b588d915d7,0,88,"[""C"", ""C"", ""N"", ""C"", ""H"", ""H"", ""H"", ""H"", ""H"", ""H"", ""H"", ""C"", ""C"", ""N"", ""C"", ""H"", ""H"", ""H"", ""H"", ""H"", ""H"", ""H"", ""C"", ""C"", ""N"", ""C"", ""H"", ""H"", ""H"", ""H"", ""H"", ""H"", ""H"", ""C"", ""C"", ""N"", ""C"", ""H"", ""H"", ""H"", ""H"", ""H"", ""H"", ""H"", ""C"", ""C"", ""N"", ""C"", ""H"", ""H"", ""H"", ""H"", ""H"", ""H"", ""H"", ""C"", ""C"", ""N"", ""C"", ""H"", ""H"", ""H"", ""H"", ""H"", ""H"", ""H"", ""C"", ""C"", ""N"", ""C"", ""H"", ""H"", ""H"", ""H"", ""H"", ""H"", ""H"", ""C"", ""C"", ""N"", ""C"", ""H"", ""H"", ""H"", ""H"", ""H"", ""H"", ""H""]",C24H56N8,"[true, true, true]","[10.457248288133442, 0.0, 0.0, 0.0, 11.586689014942436, 0.0, -1.8996484327654382, 0.0, 9.382820116982192]",1136.8683098157328,[],"{""cutoff=6.000_skin=0.000"": 6152, ""cutoff=6.000_skin=0.500"": 7892}",0.0,,
OPT-RFT-XATMOV88-R512-v1,fae3cd510f7c1880e11bf0b677e0d7ad0094c8e909e2ee11e6410c35bd33254a,OPT-RFT-XATMOV88-R512-v1:0500,XATMOV_C1_14_2920_z2_22,e0e8b1e531cdec026d09cfc9ca98754b9010c9781249f5f8c0f721935f58851c,500,cross_family_test_set,XATMOV/structures/XATMOV_C1_14_2920_z2_22.cif,10b014caee3ce989277887f1682bba04891d95a78e44fe8adb8f84e5b6ad383f,e0e8b1e531cdec026d09cfc9ca98754b9010c9781249f5f8c0f721935f58851c,0,88,"[""C"", ""C"", ""N"", ""C"", ""H"", ""H"", ""H"", ""H"", ""H"", ""H"", ""H"", ""C"", ""C"", ""N"", ""C"", ""H"", ""H"", ""H"", ""H"", ""H"", ""H"", ""H"", ""C"", ""C"", ""N"", ""C"", ""H"", ""H"", ""H"", ""H"", ""H"", ""H"", ""H"", ""C"", ""C"", ""N"", ""C"", ""H"", ""H"", ""H"", ""H"", ""H"", ""H"", ""H"", ""C"", ""C"", ""N"", ""C"", ""H"", ""H"", ""H"", ""H"", ""H"", ""H"", ""H"", ""C"", ""C"", ""N"", ""C"", ""H"", ""H"", ""H"", ""H"", ""H"", ""H"", ""H"", ""C"", ""C"", ""N"", ""C"", ""H"", ""H"", ""H"", ""H"", ""H"", ""H"", ""H"", ""C"", ""C"", ""N"", ""C"", ""H"", ""H"", ""H"", ""H"", ""H"", ""H"", ""H""]",C24H56N8,"[true, true, true]","[10.066185495351363, 0.0, 0.0, 0.0, 10.495443622842274, 0.0, 3.128074910693414, 0.0, 10.791173073399474]",1140.0775328307182,[],"{""cutoff=6.000_skin=0.000"": 6184, ""cutoff=6.000_skin=0.500"": 7940}",0.0,,
OPT-RFT-XATMOV88-R512-v1,fae3cd510f7c1880e11bf0b677e0d7ad0094c8e909e2ee11e6410c35bd33254a,OPT-RFT-XATMOV88-R512-v1:0501,XATMOV_C1_14_5976_z2_22,132ae570b5aae2361431ef284c83a04d059894b27d6a0adb985cc155c5b287df,501,cross_family_test_set,XATMOV/structures/XATMOV_C1_14_5976_z2_22.cif,83e0d4ff9a7744a6e5b6a22457b1e2c720730f34f9a3a3f553863b8310f44687,132ae570b5aae2361431ef284c83a04d059894b27d6a0adb985cc155c5b287df,0,88,"[""C"", ""C"", ""N"", ""C"", ""H"", ""H"", ""H"", ""H"", ""H"", ""H"", ""H"", ""C"", ""C"", ""N"", ""C"", ""H"", ""H"", ""H"", ""H"", ""H"", ""H"", ""H"", ""C"", ""C"", ""N"", ""C"", ""H"", ""H"", ""H"", ""H"", ""H"", ""H"", ""H"", ""C"", ""C"", ""N"", ""C"", ""H"", ""H"", ""H"", ""H"", ""H"", ""H"", ""H"", ""C"", ""C"", ""N"", ""C"", ""H"", ""H"", ""H"", ""H"", ""H"", ""H"", ""H"", ""C"", ""C"", ""N"", ""C"", ""H"", ""H"", ""H"", ""H"", ""H"", ""H"", ""H"", ""C"", ""C"", ""N"", ""C"", ""H"", ""H"", ""H"", ""H"", ""H"", ""H"", ""H"", ""C"", ""C"", ""N"", ""C"", ""H"", ""H"", ""H"", ""H"", ""H"", ""H"", ""H""]",C24H56N8,"[true, true, true]","[11.222141620957991, 0.0, 0.0, 0.0, 10.198560433385389, 0.0, 1.9088849058493067, 0.0, 9.885300187966928]",1131.3695372590705,[],"{""cutoff=6.000_skin=0.000"": 6220, ""cutoff=6.000_skin=0.500"": 8056}",0.0,,
OPT-RFT-XATMOV88-R512-v1,fae3cd510f7c1880e11bf0b677e0d7ad0094c8e909e2ee11e6410c35bd33254a,OPT-RFT-XATMOV88-R512-v1:0502,XATMOV_C2_14_4575_z2_22,ad69c5bdd5f649c957551c8b1d65455a1642b917089b2c5fd303ec6fdd5ca07c,502,cross_family_test_set,XATMOV/structures/XATMOV_C2_14_4575_z2_22.cif,ff61e1d4b4cf846469665aa6f5a0e20b6ab6d666fde0d77c1ab6ed7f73c9ebb9,ad69c5bdd5f649c957551c8b1d65455a1642b917089b2c5fd303ec6fdd5ca07c,0,88,"[""C"", ""C"", ""N"", ""C"", ""H"", ""H"", ""H"", ""H"", ""H"", ""H"", ""H"", ""C"", ""C"", ""N"", ""C"", ""H"", ""H"", ""H"", ""H"", ""H"", ""H"", ""H"", ""C"", ""C"", ""N"", ""C"", ""H"", ""H"", ""H"", ""H"", ""H"", ""H"", ""H"", ""C"", ""C"", ""N"", ""C"", ""H"", ""H"", ""H"", ""H"", ""H"", ""H"", ""H"", ""C"", ""C"", ""N"", ""C"", ""H"", ""H"", ""H"", ""H"", ""H"", ""H"", ""H"", ""C"", ""C"", ""N"", ""C"", ""H"", ""H"", ""H"", ""H"", ""H"", ""H"", ""H"", ""C"", ""C"", ""N"", ""C"", ""H"", ""H"", ""H"", ""H"", ""H"", ""H"", ""H"", ""C"", ""C"", ""N"", ""C"", ""H"", ""H"", ""H"", ""H"", ""H"", ""H"", ""H""]",C24H56N8,"[true, true, true]","[5.088989011406241, 0.0, 0.0, 0.0, 8.740398453248702, 0.0, 9.78351317544933, 0.0, 25.79140948914751]",1147.196521311308,[],"{""cutoff=6.000_skin=0.000"": 6264, ""cutoff=6.000_skin=0.500"": 7904}",0.0,,
OPT-RFT-XATMOV88-R512-v1,fae3cd510f7c1880e11bf0b677e0d7ad0094c8e909e2ee11e6410c35bd33254a,OPT-RFT-XATMOV88-R512-v1:0503,XATMOV_C2_14_423_z2_22,4f06f56037f3ccb2e12ee5a43a87b44cb5992fa157027d7750b6fba71e2bc9fd,503,cross_family_test_set,XATMOV/structures/XATMOV_C2_14_423_z2_22.cif,2ec15d02bddcfdb26c87dc8e6826c1b86a8323009e437b94fd33406e014aea08,4f06f56037f3ccb2e12ee5a43a87b44cb5992fa157027d7750b6fba71e2bc9fd,0,88,"[""C"", ""C"", ""N"", ""C"", ""H"", ""H"", ""H"", ""H"", ""H"", ""H"", ""H"", ""C"", ""C"", ""N"", ""C"", ""H"", ""H"", ""H"", ""H"", ""H"", ""H"", ""H"", ""C"", ""C"", ""N"", ""C"", ""H"", ""H"", ""H"", ""H"", ""H"", ""H"", ""H"", ""C"", ""C"", ""N"", ""C"", ""H"", ""H"", ""H"", ""H"", ""H"", ""H"", ""H"", ""C"", ""C"", ""N"", ""C"", ""H"", ""H"", ""H"", ""H"", ""H"", ""H"", ""H"", ""C"", ""C"", ""N"", ""C"", ""H"", ""H"", ""H"", ""H"", ""H"", ""H"", ""H"", ""C"", ""C"", ""N"", ""C"", ""H"", ""H"", ""H"", ""H"", ""H"", ""H"", ""H"", ""C"", ""C"", ""N"", ""C"", ""H"", ""H"", ""H"", ""H"", ""H"", ""H"", ""H""]",C24H56N8,"[true, true, true]","[10.275318809389475, 0.0, 0.0, 0.0, 10.624360692626936, 0.0, -7.970836576719682, 0.0, 10.056737517998869]",1097.880893325782,[],"{""cutoff=6.000_skin=0.000"": 6336, ""cutoff=6.000_skin=0.500"": 8160}",0.0,,
OPT-RFT-XATMOV88-R512-v1,fae3cd510f7c1880e11bf0b677e0d7ad0094c8e909e2ee11e6410c35bd33254a,OPT-RFT-XATMOV88-R512-v1:0504,XATMOV_C2_14_3951_z2_22,0a18d5ec60b9226c02a19ac06ba61509a845e38be5a74c4ebc7f83a037c63db3,504,cross_family_test_set,XATMOV/structures/XATMOV_C2_14_3951_z2_22.cif,06a51782980ba7f785d2b1f82e3ed041470f4ff2a507f51a762e72051f3a2b34,0a18d5ec60b9226c02a19ac06ba61509a845e38be5a74c4ebc7f83a037c63db3,0,88,"[""C"", ""C"", ""N"", ""C"", ""H"", ""H"", ""H"", ""H"", ""H"", ""H"", ""H"", ""C"", ""C"", ""N"", ""C"", ""H"", ""H"", ""H"", ""H"", ""H"", ""H"", ""H"", ""C"", ""C"", ""N"", ""C"", ""H"", ""H"", ""H"", ""H"", ""H"", ""H"", ""H"", ""C"", ""C"", ""N"", ""C"", ""H"", ""H"", ""H"", ""H"", ""H"", ""H"", ""H"", ""C"", ""C"", ""N"", ""C"", ""H"", ""H"", ""H"", ""H"", ""H"", ""H"", ""H"", ""C"", ""C"", ""N"", ""C"", ""H"", ""H"", ""H"", ""H"", ""H"", ""H"", ""H"", ""C"", ""C"", ""N"", ""C"", ""H"", ""H"", ""H"", ""H"", ""H"", ""H"", ""H"", ""C"", ""C"", ""N"", ""C"", ""H"", ""H"", ""H"", ""H"", ""H"", ""H"", ""H""]",C24H56N8,"[true, true, true]","[11.384598843288714, 0.0, 0.0, 0.0, 9.135158902251678, 0.0, -2.33191330378621, 0.0, 10.629242718705852]",1105.44251264052,[],"{""cutoff=6.000_skin=0.000"": 6460, ""cutoff=6.000_skin=0.500"": 8280}",0.0,,
OPT-RFT-XATMOV88-R512-v1,fae3cd510f7c1880e11bf0b677e0d7ad0094c8e909e2ee11e6410c35bd33254a,OPT-RFT-XATMOV88-R512-v1:0505,XATMOV_C1_14_5036_z2_22,b2be327e0550795401b472f1dc8e03d028a4e66583f6a9bd7a5f0597ede9e904,505,cross_family_test_set,XATMOV/structures/XATMOV_C1_14_5036_z2_22.cif,b37cf2db44e04eb70b82e2aee4032857319e8bd27f9f34ddf88deade09fc2d75,b2be327e0550795401b472f1dc8e03d028a4e66583f6a9bd7a5f0597ede9e904,0,88,"[""C"", ""C"", ""N"", ""C"", ""H"", ""H"", ""H"", ""H"", ""H"", ""H"", ""H"", ""C"", ""C"", ""N"", ""C"", ""H"", ""H"", ""H"", ""H"", ""H"", ""H"", ""H"", ""C"", ""C"", ""N"", ""C"", ""H"", ""H"", ""H"", ""H"", ""H"", ""H"", ""H"", ""C"", ""C"", ""N"", ""C"", ""H"", ""H"", ""H"", ""H"", ""H"", ""H"", ""H"", ""C"", ""C"", ""N"", ""C"", ""H"", ""H"", ""H"", ""H"", ""H"", ""H"", ""H"", ""C"", ""C"", ""N"", ""C"", ""H"", ""H"", ""H"", ""H"", ""H"", ""H"", ""H"", ""C"", ""C"", ""N"", ""C"", ""H"", ""H"", ""H"", ""H"", ""H"", ""H"", ""H"", ""C"", ""C"", ""N"", ""C"", ""H"", ""H"", ""H"", ""H"", ""H"", ""H"", ""H""]",C24H56N8,"[true, true, true]","[5.675929282953511, 0.0, 0.0, 0.0, 11.10151306164353, 0.0, -9.318065967419447, 0.0, 16.89257664106164]",1064.4249556490693,[],"{""cutoff=6.000_skin=0.000"": 6504, ""cutoff=6.000_skin=0.500"": 8456}",0.0,,
OPT-RFT-XATMOV88-R512-v1,fae3cd510f7c1880e11bf0b677e0d7ad0094c8e909e2ee11e6410c35bd33254a,OPT-RFT-XATMOV88-R512-v1:0506,XATMOV_C1_14_5328_z2_22,3eb52b48ce01aa961acd4a6a0071f5aea002ee714eed7d15730def3fa6778232,506,cross_family_test_set,XATMOV/structures/XATMOV_C1_14_5328_z2_22.cif,7eec6019aa79d19e5bc085509d81e63f84603759c5b87bc602cc076a290889ba,3eb52b48ce01aa961acd4a6a0071f5aea002ee714eed7d15730def3fa6778232,0,88,"[""C"", ""C"", ""N"", ""C"", ""H"", ""H"", ""H"", ""H"", ""H"", ""H"", ""H"", ""C"", ""C"", ""N"", ""C"", ""H"", ""H"", ""H"", ""H"", ""H"", ""H"", ""H"", ""C"", ""C"", ""N"", ""C"", ""H"", ""H"", ""H"", ""H"", ""H"", ""H"", ""H"", ""C"", ""C"", ""N"", ""C"", ""H"", ""H"", ""H"", ""H"", ""H"", ""H"", ""H"", ""C"", ""C"", ""N"", ""C"", ""H"", ""H"", ""H"", ""H"", ""H"", ""H"", ""H"", ""C"", ""C"", ""N"", ""C"", ""H"", ""H"", ""H"", ""H"", ""H"", ""H"", ""H"", ""C"", ""C"", ""N"", ""C"", ""H"", ""H"", ""H"", ""H"", ""H"", ""H"", ""H"", ""C"", ""C"", ""N"", ""C"", ""H"", ""H"", ""H"", ""H"", ""H"", ""H"", ""H""]",C24H56N8,"[true, true, true]","[5.929992216903578, 0.0, 0.0, 0.0, 8.271533839108585, 0.0, -0.6974078071828124, 0.0, 22.501159753150265]",1103.6848400190731,[],"{""cutoff=6.000_skin=0.000"": 6596, ""cutoff=6.000_skin=0.500"": 8496}",0.0,,
OPT-RFT-XATMOV88-R512-v1,fae3cd510f7c1880e11bf0b677e0d7ad0094c8e909e2ee11e6410c35bd33254a,OPT-RFT-XATMOV88-R512-v1:0507,XATMOV_C2_14_727_z2_22,2f20c661df904b712b5f3da2f824cd782fb8311f1114b47316be72d46b181c50,507,cross_family_test_set,XATMOV/structures/XATMOV_C2_14_727_z2_22.cif,46bdd9e6bac731d99b0a192ca01a0de447813f76102e743bdd95222f941b996c,2f20c661df904b712b5f3da2f824cd782fb8311f1114b47316be72d46b181c50,0,88,"[""C"", ""C"", ""N"", ""C"", ""H"", ""H"", ""H"", ""H"", ""H"", ""H"", ""H"", ""C"", ""C"", ""N"", ""C"", ""H"", ""H"", ""H"", ""H"", ""H"", ""H"", ""H"", ""C"", ""C"", ""N"", ""C"", ""H"", ""H"", ""H"", ""H"", ""H"", ""H"", ""H"", ""C"", ""C"", ""N"", ""C"", ""H"", ""H"", ""H"", ""H"", ""H"", ""H"", ""H"", ""C"", ""C"", ""N"", ""C"", ""H"", ""H"", ""H"", ""H"", ""H"", ""H"", ""H"", ""C"", ""C"", ""N"", ""C"", ""H"", ""H"", ""H"", ""H"", ""H"", ""H"", ""H"", ""C"", ""C"", ""N"", ""C"", ""H"", ""H"", ""H"", ""H"", ""H"", ""H"", ""H"", ""C"", ""C"", ""N"", ""C"", ""H"", ""H"", ""H"", ""H"", ""H"", ""H"", ""H""]",C24H56N8,"[true, true, true]","[10.631351330952832, 0.0, 0.0, 0.0, 10.274895141583045, 0.0, 4.616470974406255, 0.0, 9.78419569342601]",1068.786597809726,[],"{""cutoff=6.000_skin=0.000"": 6652, ""cutoff=6.000_skin=0.500"": 8500}",0.0,,
OPT-RFT-XATMOV88-R512-v1,fae3cd510f7c1880e11bf0b677e0d7ad0094c8e909e2ee11e6410c35bd33254a,OPT-RFT-XATMOV88-R512-v1:0508,XATMOV_C1_14_1564_z2_22,9150099891acb03525e7e6916d7baecc224bc30efbdb85b5f3b691fabcb9c62b,508,cross_family_test_set,XATMOV/structures/XATMOV_C1_14_1564_z2_22.cif,727de73e8a3529cf7960a712569845028644706c2a24d96685366c7884b4c1a8,9150099891acb03525e7e6916d7baecc224bc30efbdb85b5f3b691fabcb9c62b,0,88,"[""C"", ""C"", ""N"", ""C"", ""H"", ""H"", ""H"", ""H"", ""H"", ""H"", ""H"", ""C"", ""C"", ""N"", ""C"", ""H"", ""H"", ""H"", ""H"", ""H"", ""H"", ""H"", ""C"", ""C"", ""N"", ""C"", ""H"", ""H"", ""H"", ""H"", ""H"", ""H"", ""H"", ""C"", ""C"", ""N"", ""C"", ""H"", ""H"", ""H"", ""H"", ""H"", ""H"", ""H"", ""C"", ""C"", ""N"", ""C"", ""H"", ""H"", ""H"", ""H"", ""H"", ""H"", ""H"", ""C"", ""C"", ""N"", ""C"", ""H"", ""H"", ""H"", ""H"", ""H"", ""H"", ""H"", ""C"", ""C"", ""N"", ""C"", ""H"", ""H"", ""H"", ""H"", ""H"", ""H"", ""H"", ""C"", ""C"", ""N"", ""C"", ""H"", ""H"", ""H"", ""H"", ""H"", ""H"", ""H""]",C24H56N8,"[true, true, true]","[10.729184447681618, 0.0, 0.0, 0.0, 10.492428343688346, 0.0, -4.642976845341172, 0.0, 9.47336638650503]",1066.4661061940117,[],"{""cutoff=6.000_skin=0.000"": 6704, ""cutoff=6.000_skin=0.500"": 8672}",0.0,,
OPT-RFT-XATMOV88-R512-v1,fae3cd510f7c1880e11bf0b677e0d7ad0094c8e909e2ee11e6410c35bd33254a,OPT-RFT-XATMOV88-R512-v1:0509,XATMOV_C1_14_4993_z2_22,92f5bedd56600f13f96411cc4c01f6989aff0ca72bf8ab03eb0b0eec25079432,509,cross_family_test_set,XATMOV/structures/XATMOV_C1_14_4993_z2_22.cif,4a861bff8e44f1d188ef325b7c7cf63d40ebad6b05359bae51ee27645cbc438f,92f5bedd56600f13f96411cc4c01f6989aff0ca72bf8ab03eb0b0eec25079432,0,88,"[""C"", ""C"", ""N"", ""C"", ""H"", ""H"", ""H"", ""H"", ""H"", ""H"", ""H"", ""C"", ""C"", ""N"", ""C"", ""H"", ""H"", ""H"", ""H"", ""H"", ""H"", ""H"", ""C"", ""C"", ""N"", ""C"", ""H"", ""H"", ""H"", ""H"", ""H"", ""H"", ""H"", ""C"", ""C"", ""N"", ""C"", ""H"", ""H"", ""H"", ""H"", ""H"", ""H"", ""H"", ""C"", ""C"", ""N"", ""C"", ""H"", ""H"", ""H"", ""H"", ""H"", ""H"", ""H"", ""C"", ""C"", ""N"", ""C"", ""H"", ""H"", ""H"", ""H"", ""H"", ""H"", ""H"", ""C"", ""C"", ""N"", ""C"", ""H"", ""H"", ""H"", ""H"", ""H"", ""H"", ""H"", ""C"", ""C"", ""N"", ""C"", ""H"", ""H"", ""H"", ""H"", ""H"", ""H"", ""H""]",C24H56N8,"[true, true, true]","[9.3922325507883, 0.0, 0.0, 0.0, 10.494657859753655, 0.0, 1.8645155173752992, 0.0, 10.345445158816155]",1019.7326023008839,[],"{""cutoff=6.000_skin=0.000"": 6828, ""cutoff=6.000_skin=0.500"": 8764}",0.0,,
OPT-RFT-XATMOV88-R512-v1,fae3cd510f7c1880e11bf0b677e0d7ad0094c8e909e2ee11e6410c35bd33254a,OPT-RFT-XATMOV88-R512-v1:0510,XATMOV_C1_14_3951_z2_22,30aae530424738bb9bd1cdb03a2068a8925d87988101bccd6c51719d2a49a99a,510,cross_family_test_set,XATMOV/structures/XATMOV_C1_14_3951_z2_22.cif,9ab3db10831bb34e267f4eb538bb474729412731a4737ff59bb231778bd93257,30aae530424738bb9bd1cdb03a2068a8925d87988101bccd6c51719d2a49a99a,0,88,"[""C"", ""C"", ""N"", ""C"", ""H"", ""H"", ""H"", ""H"", ""H"", ""H"", ""H"", ""C"", ""C"", ""N"", ""C"", ""H"", ""H"", ""H"", ""H"", ""H"", ""H"", ""H"", ""C"", ""C"", ""N"", ""C"", ""H"", ""H"", ""H"", ""H"", ""H"", ""H"", ""H"", ""C"", ""C"", ""N"", ""C"", ""H"", ""H"", ""H"", ""H"", ""H"", ""H"", ""H"", ""C"", ""C"", ""N"", ""C"", ""H"", ""H"", ""H"", ""H"", ""H"", ""H"", ""H"", ""C"", ""C"", ""N"", ""C"", ""H"", ""H"", ""H"", ""H"", ""H"", ""H"", ""H"", ""C"", ""C"", ""N"", ""C"", ""H"", ""H"", ""H"", ""H"", ""H"", ""H"", ""H"", ""C"", ""C"", ""N"", ""C"", ""H"", ""H"", ""H"", ""H"", ""H"", ""H"", ""H""]",C24H56N8,"[true, true, true]","[9.723845457667693, 0.0, 0.0, 0.0, 9.663479835240942, 0.0, -2.3364028376052315, 0.0, 10.649706749070418]",1000.7123092665172,[],"{""cutoff=6.000_skin=0.000"": 7164, ""cutoff=6.000_skin=0.500"": 9144}",0.0,,
OPT-RFT-XATMOV88-R512-v1,fae3cd510f7c1880e11bf0b677e0d7ad0094c8e909e2ee11e6410c35bd33254a,OPT-RFT-XATMOV88-R512-v1:0511,XATMOV_C1_14_4428_z2_22,ad12f137890b54273affa669464ead2ddb6f81ebc958aea7da3c69b5df8feb7b,511,cross_family_test_set,XATMOV/structures/XATMOV_C1_14_4428_z2_22.cif,8eea2f2cd9113489f3712056af86a644533266c5e465015f297ed495fa407389,ad12f137890b54273affa669464ead2ddb6f81ebc958aea7da3c69b5df8feb7b,0,88,"[""C"", ""C"", ""N"", ""C"", ""H"", ""H"", ""H"", ""H"", ""H"", ""H"", ""H"", ""C"", ""C"", ""N"", ""C"", ""H"", ""H"", ""H"", ""H"", ""H"", ""H"", ""H"", ""C"", ""C"", ""N"", ""C"", ""H"", ""H"", ""H"", ""H"", ""H"", ""H"", ""H"", ""C"", ""C"", ""N"", ""C"", ""H"", ""H"", ""H"", ""H"", ""H"", ""H"", ""H"", ""C"", ""C"", ""N"", ""C"", ""H"", ""H"", ""H"", ""H"", ""H"", ""H"", ""H"", ""C"", ""C"", ""N"", ""C"", ""H"", ""H"", ""H"", ""H"", ""H"", ""H"", ""H"", ""C"", ""C"", ""N"", ""C"", ""H"", ""H"", ""H"", ""H"", ""H"", ""H"", ""H"", ""C"", ""C"", ""N"", ""C"", ""H"", ""H"", ""H"", ""H"", ""H"", ""H"", ""H""]",C24H56N8,"[true, true, true]","[12.808771172646154, 0.0, 0.0, 0.0, 8.398780633179527, 0.0, -5.991204294867575, 0.0, 8.297029534507748]",892.5783349423307,[],"{""cutoff=6.000_skin=0.000"": 7976, ""cutoff=6.000_skin=0.500"": 10220}",0.0,,
