workload_id,manifest_sha256,system_id,group_id,duplicate_group,order,dataset_id,source_path,source_sha256,normalized_structure_sha256,frame_index,atom_count,species,chemical_formula,pbc,cell_A,volume_A3,constraints,topology_edge_counts,arrival_time,random_seed,reference
OPT-RFT-SOXLEX48-R512-v1,7157da7c8384b8258ca02f46774c12c53148908357151f22a621bec141f2564b,OPT-RFT-SOXLEX48-R512-v1:0000,SOXLEX_C1_14_279_z1_12,8449b57ede6eb92138d3bc0ded2828f21ec85e24704a909b6f706045b52a4e65,0,cross_family_test_set,SOXLEX/structures/SOXLEX_C1_14_279_z1_12.cif,2af094e786c69b343e6e5246d75db346f3f9eaa30c44f1ffa32a24524da43e78,8449b57ede6eb92138d3bc0ded2828f21ec85e24704a909b6f706045b52a4e65,0,48,"[""F"", ""C"", ""C"", ""C"", ""Br"", ""C"", ""Cl"", ""C"", ""Br"", ""C"", ""H"", ""H"", ""F"", ""C"", ""C"", ""C"", ""Br"", ""C"", ""Cl"", ""C"", ""Br"", ""C"", ""H"", ""H"", ""F"", ""C"", ""C"", ""C"", ""Br"", ""C"", ""Cl"", ""C"", ""Br"", ""C"", ""H"", ""H"", ""F"", ""C"", ""C"", ""C"", ""Br"", ""C"", ""Cl"", ""C"", ""Br"", ""C"", ""H"", ""H""]",C24H8Br8Cl4F4,"[true, true, true]","[14.280917356777678, 0.0, 0.0, 0.0, 13.615720284932625, 0.0, 5.713382539062548, 0.0, 14.619441342171763]",2842.6769229897764,[],"{""cutoff=6.000_skin=0.000"": 592, ""cutoff=6.000_skin=0.500"": 696}",0.0,,
OPT-RFT-SOXLEX48-R512-v1,7157da7c8384b8258ca02f46774c12c53148908357151f22a621bec141f2564b,OPT-RFT-SOXLEX48-R512-v1:0001,SOXLEX_C1_14_3342_z1_12,7ce90d9b5f7d80d3c679bd74d630cda291c41427d727d3d16e03d4d095f63ccc,1,cross_family_test_set,SOXLEX/structures/SOXLEX_C1_14_3342_z1_12.cif,4d190bb451f6364b0a5ea347a292d5fc0b9df91b2576bae4116c56be294083f8,7ce90d9b5f7d80d3c679bd74d630cda291c41427d727d3d16e03d4d095f63ccc,0,48,"[""F"", ""C"", ""C"", ""C"", ""Br"", ""C"", ""Cl"", ""C"", ""Br"", ""C"", ""H"", ""H"", ""F"", ""C"", ""C"", ""C"", ""Br"", ""C"", ""Cl"", ""C"", ""Br"", ""C"", ""H"", ""H"", ""F"", ""C"", ""C"", ""C"", ""Br"", ""C"", ""Cl"", ""C"", ""Br"", ""C"", ""H"", ""H"", ""F"", ""C"", ""C"", ""C"", ""Br"", ""C"", ""Cl"", ""C"", ""Br"", ""C"", ""H"", ""H""]",C24H8Br8Cl4F4,"[true, true, true]","[14.01841177264085, 0.0, 0.0, 0.0, 14.666975777687469, 0.0, -2.7238603044571237, 0.0, 14.06134994712037]",2891.1219046387887,[],"{""cutoff=6.000_skin=0.000"": 660, ""cutoff=6.000_skin=0.500"": 800}",0.0,,
OPT-RFT-SOXLEX48-R512-v1,7157da7c8384b8258ca02f46774c12c53148908357151f22a621bec141f2564b,OPT-RFT-SOXLEX48-R512-v1:0002,SOXLEX_C1_14_551_z1_12,6e2b9eaceeb05e11865403c5f64b695338cda39e547dfb13a5ca85a74c3c3921,2,cross_family_test_set,SOXLEX/structures/SOXLEX_C1_14_551_z1_12.cif,2d11b998d756cb2963d86a1759653a4da6abf07d85f1604892d0d7b59553a5ab,6e2b9eaceeb05e11865403c5f64b695338cda39e547dfb13a5ca85a74c3c3921,0,48,"[""F"", ""C"", ""C"", ""C"", ""Br"", ""C"", ""Cl"", ""C"", ""Br"", ""C"", ""H"", ""H"", ""F"", ""C"", ""C"", ""C"", ""Br"", ""C"", ""Cl"", ""C"", ""Br"", ""C"", ""H"", ""H"", ""F"", ""C"", ""C"", ""C"", ""Br"", ""C"", ""Cl"", ""C"", ""Br"", ""C"", ""H"", ""H"", ""F"", ""C"", ""C"", ""C"", ""Br"", ""C"", ""Cl"", ""C"", ""Br"", ""C"", ""H"", ""H""]",C24H8Br8Cl4F4,"[true, true, true]","[14.05098566221254, 0.0, 0.0, 0.0, 14.199008132832411, 0.0, -4.551296161437487, 0.0, 13.203570069964506]",2634.245052807011,[],"{""cutoff=6.000_skin=0.000"": 732, ""cutoff=6.000_skin=0.500"": 876}",0.0,,
OPT-RFT-SOXLEX48-R512-v1,7157da7c8384b8258ca02f46774c12c53148908357151f22a621bec141f2564b,OPT-RFT-SOXLEX48-R512-v1:0003,SOXLEX_C1_14_3646_z1_12,0e90861367ae63c911a45733fa3c3229ea9a60cac80fabcd9a7bc99ec6c1acb5,3,cross_family_test_set,SOXLEX/structures/SOXLEX_C1_14_3646_z1_12.cif,910c0eec1b05047377738feac45a7cb1c04eb9127b15b5658e4dcb3976f6e01a,0e90861367ae63c911a45733fa3c3229ea9a60cac80fabcd9a7bc99ec6c1acb5,0,48,"[""F"", ""C"", ""C"", ""C"", ""Br"", ""C"", ""Cl"", ""C"", ""Br"", ""C"", ""H"", ""H"", ""F"", ""C"", ""C"", ""C"", ""Br"", ""C"", ""Cl"", ""C"", ""Br"", ""C"", ""H"", ""H"", ""F"", ""C"", ""C"", ""C"", ""Br"", ""C"", ""Cl"", ""C"", ""Br"", ""C"", ""H"", ""H"", ""F"", ""C"", ""C"", ""C"", ""Br"", ""C"", ""Cl"", ""C"", ""Br"", ""C"", ""H"", ""H""]",C24H8Br8Cl4F4,"[true, true, true]","[13.433858552515758, 0.0, 0.0, 0.0, 12.531453802397984, 0.0, -5.601643063095716, 0.0, 13.301532839395918]",2239.2568922964515,[],"{""cutoff=6.000_skin=0.000"": 748, ""cutoff=6.000_skin=0.500"": 904}",0.0,,
OPT-RFT-SOXLEX48-R512-v1,7157da7c8384b8258ca02f46774c12c53148908357151f22a621bec141f2564b,OPT-RFT-SOXLEX48-R512-v1:0004,SOXLEX_C1_14_4817_z1_12,80996298582be266fccc6ffc55ef36c05ec7345ccdea35f55d406c293acdae8b,4,cross_family_test_set,SOXLEX/structures/SOXLEX_C1_14_4817_z1_12.cif,f69320fe2b6cffec954d30e4eaa7685300d22a446419556aaaa31e6dfba3623b,80996298582be266fccc6ffc55ef36c05ec7345ccdea35f55d406c293acdae8b,0,48,"[""F"", ""C"", ""C"", ""C"", ""Br"", ""C"", ""Cl"", ""C"", ""Br"", ""C"", ""H"", ""H"", ""F"", ""C"", ""C"", ""C"", ""Br"", ""C"", ""Cl"", ""C"", ""Br"", ""C"", ""H"", ""H"", ""F"", ""C"", ""C"", ""C"", ""Br"", ""C"", ""Cl"", ""C"", ""Br"", ""C"", ""H"", ""H"", ""F"", ""C"", ""C"", ""C"", ""Br"", ""C"", ""Cl"", ""C"", ""Br"", ""C"", ""H"", ""H""]",C24H8Br8Cl4F4,"[true, true, true]","[9.535256601356517, 0.0, 0.0, 0.0, 14.937337743160022, 0.0, 2.713508042672306, 0.0, 14.93845601349155]",2127.704431852856,[],"{""cutoff=6.000_skin=0.000"": 760, ""cutoff=6.000_skin=0.500"": 928}",0.0,,
OPT-RFT-SOXLEX48-R512-v1,7157da7c8384b8258ca02f46774c12c53148908357151f22a621bec141f2564b,OPT-RFT-SOXLEX48-R512-v1:0005,SOXLEX_C1_14_1252_z1_12,58b31b5f8910b0bedba7f80d1b8dd1f0a5a8d9556d52d9fc51bcf4c0c41c0bc6,5,cross_family_test_set,SOXLEX/structures/SOXLEX_C1_14_1252_z1_12.cif,5e01e5e9fa103d28afd6c1d70fad63ff253f3bd9c1210ca07529d4cf1c7a6537,58b31b5f8910b0bedba7f80d1b8dd1f0a5a8d9556d52d9fc51bcf4c0c41c0bc6,0,48,"[""F"", ""C"", ""C"", ""C"", ""Br"", ""C"", ""Cl"", ""C"", ""Br"", ""C"", ""H"", ""H"", ""F"", ""C"", ""C"", ""C"", ""Br"", ""C"", ""Cl"", ""C"", ""Br"", ""C"", ""H"", ""H"", ""F"", ""C"", ""C"", ""C"", ""Br"", ""C"", ""Cl"", ""C"", ""Br"", ""C"", ""H"", ""H"", ""F"", ""C"", ""C"", ""C"", ""Br"", ""C"", ""Cl"", ""C"", ""Br"", ""C"", ""H"", ""H""]",C24H8Br8Cl4F4,"[true, true, true]","[11.455030089375029, 0.0, 0.0, 0.0, 13.811585437386658, 0.0, 6.507608780017796, 0.0, 13.7359203314787]",2173.189168748591,[],"{""cutoff=6.000_skin=0.000"": 776, ""cutoff=6.000_skin=0.500"": 1008}",0.0,,
OPT-RFT-SOXLEX48-R512-v1,7157da7c8384b8258ca02f46774c12c53148908357151f22a621bec141f2564b,OPT-RFT-SOXLEX48-R512-v1:0006,SOXLEX_C1_14_80_z1_12,26abd84d31ed98b0f28b3732a194ea2662f858846feb4642dc903c5cd750febd,6,cross_family_test_set,SOXLEX/structures/SOXLEX_C1_14_80_z1_12.cif,890376367fcc789989897724458f6c1781092bc5c03e469705d4c1373581bfea,26abd84d31ed98b0f28b3732a194ea2662f858846feb4642dc903c5cd750febd,0,48,"[""F"", ""C"", ""C"", ""C"", ""Br"", ""C"", ""Cl"", ""C"", ""Br"", ""C"", ""H"", ""H"", ""F"", ""C"", ""C"", ""C"", ""Br"", ""C"", ""Cl"", ""C"", ""Br"", ""C"", ""H"", ""H"", ""F"", ""C"", ""C"", ""C"", ""Br"", ""C"", ""Cl"", ""C"", ""Br"", ""C"", ""H"", ""H"", ""F"", ""C"", ""C"", ""C"", ""Br"", ""C"", ""Cl"", ""C"", ""Br"", ""C"", ""H"", ""H""]",C24H8Br8Cl4F4,"[true, true, true]","[13.110033143191309, 0.0, 0.0, 0.0, 13.29146278727531, 0.0, 0.25106376650648565, 0.0, 13.754137028657134]",2396.6792513838764,[],"{""cutoff=6.000_skin=0.000"": 784, ""cutoff=6.000_skin=0.500"": 1048}",0.0,,
OPT-RFT-SOXLEX48-R512-v1,7157da7c8384b8258ca02f46774c12c53148908357151f22a621bec141f2564b,OPT-RFT-SOXLEX48-R512-v1:0007,SOXLEX_C1_14_4507_z1_12,20d04e62bcf56151bc8f7edcd97621bfb68471a13fc5b41e513e0627c21ef65b,7,cross_family_test_set,SOXLEX/structures/SOXLEX_C1_14_4507_z1_12.cif,7642ce39cae58ba7a7b29e9444b360d784012cc803ffa59d80223530e214a69a,20d04e62bcf56151bc8f7edcd97621bfb68471a13fc5b41e513e0627c21ef65b,0,48,"[""F"", ""C"", ""C"", ""C"", ""Br"", ""C"", ""Cl"", ""C"", ""Br"", ""C"", ""H"", ""H"", ""F"", ""C"", ""C"", ""C"", ""Br"", ""C"", ""Cl"", ""C"", ""Br"", ""C"", ""H"", ""H"", ""F"", ""C"", ""C"", ""C"", ""Br"", ""C"", ""Cl"", ""C"", ""Br"", ""C"", ""H"", ""H"", ""F"", ""C"", ""C"", ""C"", ""Br"", ""C"", ""Cl"", ""C"", ""Br"", ""C"", ""H"", ""H""]",C24H8Br8Cl4F4,"[true, true, true]","[15.062752352119595, 0.0, 0.0, 0.0, 15.667689549106026, 0.0, 7.16132252216688, 0.0, 11.553699848208469]",2726.6561526028518,[],"{""cutoff=6.000_skin=0.000"": 792, ""cutoff=6.000_skin=0.500"": 888}",0.0,,
OPT-RFT-SOXLEX48-R512-v1,7157da7c8384b8258ca02f46774c12c53148908357151f22a621bec141f2564b,OPT-RFT-SOXLEX48-R512-v1:0008,SOXLEX_C1_14_2195_z1_12,4c11116c791f6a7b1fc47da43bbfa0f3150950b2ae89e3b4ba8e5beb7d3f2b76,8,cross_family_test_set,SOXLEX/structures/SOXLEX_C1_14_2195_z1_12.cif,f02a68950a2baaa1801a6c95aefe35d76094b9c2b3416be6dcd61957ffe5984b,4c11116c791f6a7b1fc47da43bbfa0f3150950b2ae89e3b4ba8e5beb7d3f2b76,0,48,"[""F"", ""C"", ""C"", ""C"", ""Br"", ""C"", ""Cl"", ""C"", ""Br"", ""C"", ""H"", ""H"", ""F"", ""C"", ""C"", ""C"", ""Br"", ""C"", ""Cl"", ""C"", ""Br"", ""C"", ""H"", ""H"", ""F"", ""C"", ""C"", ""C"", ""Br"", ""C"", ""Cl"", ""C"", ""Br"", ""C"", ""H"", ""H"", ""F"", ""C"", ""C"", ""C"", ""Br"", ""C"", ""Cl"", ""C"", ""Br"", ""C"", ""H"", ""H""]",C24H8Br8Cl4F4,"[true, true, true]","[14.88535311968176, 0.0, 0.0, 0.0, 15.035601376927588, 0.0, -6.289752496316141, 0.0, 11.351387253436483]",2540.556658556384,[],"{""cutoff=6.000_skin=0.000"": 804, ""cutoff=6.000_skin=0.500"": 940}",0.0,,
OPT-RFT-SOXLEX48-R512-v1,7157da7c8384b8258ca02f46774c12c53148908357151f22a621bec141f2564b,OPT-RFT-SOXLEX48-R512-v1:0009,SOXLEX_C1_14_3617_z1_12,7f5a45d2bb2b2d02d310ff79a05a034f982086a26fd537b7165c08e565ccc152,9,cross_family_test_set,SOXLEX/structures/SOXLEX_C1_14_3617_z1_12.cif,0909219b2a2f535aaa16546e0ba9e16920b4ad66f8db6184101fae776e1ea2cf,7f5a45d2bb2b2d02d310ff79a05a034f982086a26fd537b7165c08e565ccc152,0,48,"[""F"", ""C"", ""C"", ""C"", ""Br"", ""C"", ""Cl"", ""C"", ""Br"", ""C"", ""H"", ""H"", ""F"", ""C"", ""C"", ""C"", ""Br"", ""C"", ""Cl"", ""C"", ""Br"", ""C"", ""H"", ""H"", ""F"", ""C"", ""C"", ""C"", ""Br"", ""C"", ""Cl"", ""C"", ""Br"", ""C"", ""H"", ""H"", ""F"", ""C"", ""C"", ""C"", ""Br"", ""C"", ""Cl"", ""C"", ""Br"", ""C"", ""H"", ""H""]",C24H8Br8Cl4F4,"[true, true, true]","[8.239758184260552, 0.0, 0.0, 0.0, 17.70009741090731, 0.0, 6.30467772358804, 0.0, 16.47977679475429]",2403.4851775990314,[],"{""cutoff=6.000_skin=0.000"": 812, ""cutoff=6.000_skin=0.500"": 924}",0.0,,
OPT-RFT-SOXLEX48-R512-v1,7157da7c8384b8258ca02f46774c12c53148908357151f22a621bec141f2564b,OPT-RFT-SOXLEX48-R512-v1:0010,SOXLEX_C1_14_4812_z1_12,e4f80e0bc77ebeb1e5951e686dc39922458254462d1e5814d5021e6f87810113,10,cross_family_test_set,SOXLEX/structures/SOXLEX_C1_14_4812_z1_12.cif,3c724d2588602323e7f56e86fe1d7c7909469fd9e732406a08dc6864005fdc25,e4f80e0bc77ebeb1e5951e686dc39922458254462d1e5814d5021e6f87810113,0,48,"[""F"", ""C"", ""C"", ""C"", ""Br"", ""C"", ""Cl"", ""C"", ""Br"", ""C"", ""H"", ""H"", ""F"", ""C"", ""C"", ""C"", ""Br"", ""C"", ""Cl"", ""C"", ""Br"", ""C"", ""H"", ""H"", ""F"", ""C"", ""C"", ""C"", ""Br"", ""C"", ""Cl"", ""C"", ""Br"", ""C"", ""H"", ""H"", ""F"", ""C"", ""C"", ""C"", ""Br"", ""C"", ""Cl"", ""C"", ""Br"", ""C"", ""H"", ""H""]",C24H8Br8Cl4F4,"[true, true, true]","[16.560733270510397, 0.0, 0.0, 0.0, 10.463328852405542, 0.0, 5.130264571667122, 0.0, 12.101133081237556]",2096.8891595486075,[],"{""cutoff=6.000_skin=0.000"": 816, ""cutoff=6.000_skin=0.500"": 1060}",0.0,,
OPT-RFT-SOXLEX48-R512-v1,7157da7c8384b8258ca02f46774c12c53148908357151f22a621bec141f2564b,OPT-RFT-SOXLEX48-R512-v1:0011,SOXLEX_C1_14_2934_z1_12,4399f5495dee14d441d19c1f865f47c528f053c07c893fd24447cb5334441773,11,cross_family_test_set,SOXLEX/structures/SOXLEX_C1_14_2934_z1_12.cif,c0fce0a07c863f85140ff0e3ae1917e1eb538c2200ef3145d5a871b88a17a54c,4399f5495dee14d441d19c1f865f47c528f053c07c893fd24447cb5334441773,0,48,"[""F"", ""C"", ""C"", ""C"", ""Br"", ""C"", ""Cl"", ""C"", ""Br"", ""C"", ""H"", ""H"", ""F"", ""C"", ""C"", ""C"", ""Br"", ""C"", ""Cl"", ""C"", ""Br"", ""C"", ""H"", ""H"", ""F"", ""C"", ""C"", ""C"", ""Br"", ""C"", ""Cl"", ""C"", ""Br"", ""C"", ""H"", ""H"", ""F"", ""C"", ""C"", ""C"", ""Br"", ""C"", ""Cl"", ""C"", ""Br"", ""C"", ""H"", ""H""]",C24H8Br8Cl4F4,"[true, true, true]","[6.260575926823177, 0.0, 0.0, 0.0, 16.039927106803432, 0.0, -0.6210594769350402, 0.0, 18.727960055202004]",1880.646420148775,[],"{""cutoff=6.000_skin=0.000"": 824, ""cutoff=6.000_skin=0.500"": 1208}",0.0,,
OPT-RFT-SOXLEX48-R512-v1,7157da7c8384b8258ca02f46774c12c53148908357151f22a621bec141f2564b,OPT-RFT-SOXLEX48-R512-v1:0012,SOXLEX_C1_14_4026_z1_12,a49890c09d1702284be3fadaaedc1fd24d07cf640eb801670a66baa0624cc5ad,12,cross_family_test_set,SOXLEX/structures/SOXLEX_C1_14_4026_z1_12.cif,eb3d67982df670078152e8801368b5bb7060d458217d463ee38aff6f9bf2053a,a49890c09d1702284be3fadaaedc1fd24d07cf640eb801670a66baa0624cc5ad,0,48,"[""F"", ""C"", ""C"", ""C"", ""Br"", ""C"", ""Cl"", ""C"", ""Br"", ""C"", ""H"", ""H"", ""F"", ""C"", ""C"", ""C"", ""Br"", ""C"", ""Cl"", ""C"", ""Br"", ""C"", ""H"", ""H"", ""F"", ""C"", ""C"", ""C"", ""Br"", ""C"", ""Cl"", ""C"", ""Br"", ""C"", ""H"", ""H"", ""F"", ""C"", ""C"", ""C"", ""Br"", ""C"", ""Cl"", ""C"", ""Br"", ""C"", ""H"", ""H""]",C24H8Br8Cl4F4,"[true, true, true]","[13.26377383512476, 0.0, 0.0, 0.0, 11.340207303417078, 0.0, 2.7874446652622553, 0.0, 12.281994161507745]",1847.3831932670944,[],"{""cutoff=6.000_skin=0.000"": 828, ""cutoff=6.000_skin=0.500"": 1080}",0.0,,
OPT-RFT-SOXLEX48-R512-v1,7157da7c8384b8258ca02f46774c12c53148908357151f22a621bec141f2564b,OPT-RFT-SOXLEX48-R512-v1:0013,SOXLEX_C1_14_3660_z1_12,69c934201c02688ece0a6e1746e24c30afec5ca4a69fad4ebe60be383d604162,13,cross_family_test_set,SOXLEX/structures/SOXLEX_C1_14_3660_z1_12.cif,eba6ef3868bc7768cfe2ded9bbad545ba7bdbd659927f41b90de37fa0d1e595c,69c934201c02688ece0a6e1746e24c30afec5ca4a69fad4ebe60be383d604162,0,48,"[""F"", ""C"", ""C"", ""C"", ""Br"", ""C"", ""Cl"", ""C"", ""Br"", ""C"", ""H"", ""H"", ""F"", ""C"", ""C"", ""C"", ""Br"", ""C"", ""Cl"", ""C"", ""Br"", ""C"", ""H"", ""H"", ""F"", ""C"", ""C"", ""C"", ""Br"", ""C"", ""Cl"", ""C"", ""Br"", ""C"", ""H"", ""H"", ""F"", ""C"", ""C"", ""C"", ""Br"", ""C"", ""Cl"", ""C"", ""Br"", ""C"", ""H"", ""H""]",C24H8Br8Cl4F4,"[true, true, true]","[13.443634875072213, 0.0, 0.0, 0.0, 14.691410062299937, 0.0, 8.266445468238594, 0.0, 11.370251771075969]",2245.692408229646,[],"{""cutoff=6.000_skin=0.000"": 844, ""cutoff=6.000_skin=0.500"": 1024}",0.0,,
OPT-RFT-SOXLEX48-R512-v1,7157da7c8384b8258ca02f46774c12c53148908357151f22a621bec141f2564b,OPT-RFT-SOXLEX48-R512-v1:0014,SOXLEX_C1_14_4288_z1_12,27c3a3b6b81b2dd805cc88600094d409ae13cae16a21ce87c81ab7c947c95d7d,14,cross_family_test_set,SOXLEX/structures/SOXLEX_C1_14_4288_z1_12.cif,eb560b16af9cdea34ac64e0ed0c590c6bb7bc5b8d17687b7bccc1233a37f24d2,27c3a3b6b81b2dd805cc88600094d409ae13cae16a21ce87c81ab7c947c95d7d,0,48,"[""F"", ""C"", ""C"", ""C"", ""Br"", ""C"", ""Cl"", ""C"", ""Br"", ""C"", ""H"", ""H"", ""F"", ""C"", ""C"", ""C"", ""Br"", ""C"", ""Cl"", ""C"", ""Br"", ""C"", ""H"", ""H"", ""F"", ""C"", ""C"", ""C"", ""Br"", ""C"", ""Cl"", ""C"", ""Br"", ""C"", ""H"", ""H"", ""F"", ""C"", ""C"", ""C"", ""Br"", ""C"", ""Cl"", ""C"", ""Br"", ""C"", ""H"", ""H""]",C24H8Br8Cl4F4,"[true, true, true]","[7.2552220672481695, 0.0, 0.0, 0.0, 20.365431962389707, 0.0, -8.175367205968694, 0.0, 12.293726979743514]",1816.4686213096477,[],"{""cutoff=6.000_skin=0.000"": 852, ""cutoff=6.000_skin=0.500"": 1192}",0.0,,
OPT-RFT-SOXLEX48-R512-v1,7157da7c8384b8258ca02f46774c12c53148908357151f22a621bec141f2564b,OPT-RFT-SOXLEX48-R512-v1:0015,SOXLEX_C1_14_1444_z1_12,5e45786ddc2ad67bbe8e920f323c5c319b8f5754bb455834624f9dfc46efde33,15,cross_family_test_set,SOXLEX/structures/SOXLEX_C1_14_1444_z1_12.cif,1dcebb5d6c82087ac40bb3699b08f728780e2fb3e1d43c3703af19b4c94ed833,5e45786ddc2ad67bbe8e920f323c5c319b8f5754bb455834624f9dfc46efde33,0,48,"[""F"", ""C"", ""C"", ""C"", ""Br"", ""C"", ""Cl"", ""C"", ""Br"", ""C"", ""H"", ""H"", ""F"", ""C"", ""C"", ""C"", ""Br"", ""C"", ""Cl"", ""C"", ""Br"", ""C"", ""H"", ""H"", ""F"", ""C"", ""C"", ""C"", ""Br"", ""C"", ""Cl"", ""C"", ""Br"", ""C"", ""H"", ""H"", ""F"", ""C"", ""C"", ""C"", ""Br"", ""C"", ""Cl"", ""C"", ""Br"", ""C"", ""H"", ""H""]",C24H8Br8Cl4F4,"[true, true, true]","[14.488421333398868, 0.0, 0.0, 0.0, 8.847972125652213, 0.0, -4.534497847807001, 0.0, 14.75425042627994]",1891.3938100392204,[],"{""cutoff=6.000_skin=0.000"": 860, ""cutoff=6.000_skin=0.500"": 1084}",0.0,,
OPT-RFT-SOXLEX48-R512-v1,7157da7c8384b8258ca02f46774c12c53148908357151f22a621bec141f2564b,OPT-RFT-SOXLEX48-R512-v1:0016,SOXLEX_C1_14_2899_z1_12,b006ddca7189b2027ab55788858f7a7f3132f0f2cee897a550862c7a8c315c61,16,cross_family_test_set,SOXLEX/structures/SOXLEX_C1_14_2899_z1_12.cif,190ba08f0371ec26a75ca822d6667ac146e93d498b13753767b27cb8eb172560,b006ddca7189b2027ab55788858f7a7f3132f0f2cee897a550862c7a8c315c61,0,48,"[""F"", ""C"", ""C"", ""C"", ""Br"", ""C"", ""Cl"", ""C"", ""Br"", ""C"", ""H"", ""H"", ""F"", ""C"", ""C"", ""C"", ""Br"", ""C"", ""Cl"", ""C"", ""Br"", ""C"", ""H"", ""H"", ""F"", ""C"", ""C"", ""C"", ""Br"", ""C"", ""Cl"", ""C"", ""Br"", ""C"", ""H"", ""H"", ""F"", ""C"", ""C"", ""C"", ""Br"", ""C"", ""Cl"", ""C"", ""Br"", ""C"", ""H"", ""H""]",C24H8Br8Cl4F4,"[true, true, true]","[14.640375869981103, 0.0, 0.0, 0.0, 25.17707337150928, 0.0, 1.4449669708128758, 0.0, 7.409857452453651]",2731.286924130901,[],"{""cutoff=6.000_skin=0.000"": 868, ""cutoff=6.000_skin=0.500"": 1036}",0.0,,
OPT-RFT-SOXLEX48-R512-v1,7157da7c8384b8258ca02f46774c12c53148908357151f22a621bec141f2564b,OPT-RFT-SOXLEX48-R512-v1:0017,SOXLEX_C1_14_3335_z1_12,4a4201fd99b29dcbd9f12b143cbf88582320255d113e4f284211688142ca0795,17,cross_family_test_set,SOXLEX/structures/SOXLEX_C1_14_3335_z1_12.cif,61cacb1860964f7fc131560954b326469465e61847842bd5e1b2abe79705cc81,4a4201fd99b29dcbd9f12b143cbf88582320255d113e4f284211688142ca0795,0,48,"[""F"", ""C"", ""C"", ""C"", ""Br"", ""C"", ""Cl"", ""C"", ""Br"", ""C"", ""H"", ""H"", ""F"", ""C"", ""C"", ""C"", ""Br"", ""C"", ""Cl"", ""C"", ""Br"", ""C"", ""H"", ""H"", ""F"", ""C"", ""C"", ""C"", ""Br"", ""C"", ""Cl"", ""C"", ""Br"", ""C"", ""H"", ""H"", ""F"", ""C"", ""C"", ""C"", ""Br"", ""C"", ""Cl"", ""C"", ""Br"", ""C"", ""H"", ""H""]",C24H8Br8Cl4F4,"[true, true, true]","[20.05268791351734, 0.0, 0.0, 0.0, 6.6774962326425396, 0.0, -11.025997283138445, 0.0, 12.206026602262645]",1634.4082981392462,[],"{""cutoff=6.000_skin=0.000"": 872, ""cutoff=6.000_skin=0.500"": 1344}",0.0,,
OPT-RFT-SOXLEX48-R512-v1,7157da7c8384b8258ca02f46774c12c53148908357151f22a621bec141f2564b,OPT-RFT-SOXLEX48-R512-v1:0018,SOXLEX_C1_14_335_z1_12,db428c837eea45b9e13a5a635d0b669ac59f2bd27d615d4c32d04280c4d6fddc,18,cross_family_test_set,SOXLEX/structures/SOXLEX_C1_14_335_z1_12.cif,dd91a87cb1bd82ce4855c4873f00f5a10f007082c879a2f814a618096d882f4a,db428c837eea45b9e13a5a635d0b669ac59f2bd27d615d4c32d04280c4d6fddc,0,48,"[""F"", ""C"", ""C"", ""C"", ""Br"", ""C"", ""Cl"", ""C"", ""Br"", ""C"", ""H"", ""H"", ""F"", ""C"", ""C"", ""C"", ""Br"", ""C"", ""Cl"", ""C"", ""Br"", ""C"", ""H"", ""H"", ""F"", ""C"", ""C"", ""C"", ""Br"", ""C"", ""Cl"", ""C"", ""Br"", ""C"", ""H"", ""H"", ""F"", ""C"", ""C"", ""C"", ""Br"", ""C"", ""Cl"", ""C"", ""Br"", ""C"", ""H"", ""H""]",C24H8Br8Cl4F4,"[true, true, true]","[9.081413762187632, 0.0, 0.0, 0.0, 14.306502939664185, 0.0, 5.986682652174052, 0.0, 16.182185772868728]",2102.442534808465,[],"{""cutoff=6.000_skin=0.000"": 884, ""cutoff=6.000_skin=0.500"": 1076}",0.0,,
OPT-RFT-SOXLEX48-R512-v1,7157da7c8384b8258ca02f46774c12c53148908357151f22a621bec141f2564b,OPT-RFT-SOXLEX48-R512-v1:0019,SOXLEX_C1_14_103_z1_12,1fa22378257284ec1532d9bbd04aa6d7e342cf3f25d4f82a04f32a533b173482,19,cross_family_test_set,SOXLEX/structures/SOXLEX_C1_14_103_z1_12.cif,4f730e72e77e9ea86e100b300507c101aac896c062afd52a261f2da5bc9abf5c,1fa22378257284ec1532d9bbd04aa6d7e342cf3f25d4f82a04f32a533b173482,0,48,"[""F"", ""C"", ""C"", ""C"", ""Br"", ""C"", ""Cl"", ""C"", ""Br"", ""C"", ""H"", ""H"", ""F"", ""C"", ""C"", ""C"", ""Br"", ""C"", ""Cl"", ""C"", ""Br"", ""C"", ""H"", ""H"", ""F"", ""C"", ""C"", ""C"", ""Br"", ""C"", ""Cl"", ""C"", ""Br"", ""C"", ""H"", ""H"", ""F"", ""C"", ""C"", ""C"", ""Br"", ""C"", ""Cl"", ""C"", ""Br"", ""C"", ""H"", ""H""]",C24H8Br8Cl4F4,"[true, true, true]","[11.223165856606832, 0.0, 0.0, 0.0, 11.813763668763158, 0.0, 3.550020481636113, 0.0, 14.33321058224823]",1900.4092743491956,[],"{""cutoff=6.000_skin=0.000"": 892, ""cutoff=6.000_skin=0.500"": 1116}",0.0,,
OPT-RFT-SOXLEX48-R512-v1,7157da7c8384b8258ca02f46774c12c53148908357151f22a621bec141f2564b,OPT-RFT-SOXLEX48-R512-v1:0020,SOXLEX_C1_14_546_z1_12,89a79b0d18831cca680295703e5ffe68f691791380b4015aa77891f29d46a799,20,cross_family_test_set,SOXLEX/structures/SOXLEX_C1_14_546_z1_12.cif,305f4c0468b48c1211d3468ee27cb4c792891355ccd07bb65f7dcf48b44f4942,89a79b0d18831cca680295703e5ffe68f691791380b4015aa77891f29d46a799,0,48,"[""F"", ""C"", ""C"", ""C"", ""Br"", ""C"", ""Cl"", ""C"", ""Br"", ""C"", ""H"", ""H"", ""F"", ""C"", ""C"", ""C"", ""Br"", ""C"", ""Cl"", ""C"", ""Br"", ""C"", ""H"", ""H"", ""F"", ""C"", ""C"", ""C"", ""Br"", ""C"", ""Cl"", ""C"", ""Br"", ""C"", ""H"", ""H"", ""F"", ""C"", ""C"", ""C"", ""Br"", ""C"", ""Cl"", ""C"", ""Br"", ""C"", ""H"", ""H""]",C24H8Br8Cl4F4,"[true, true, true]","[14.050343535909242, 0.0, 0.0, 0.0, 14.545549678530413, 0.0, 3.430519869626245, 0.0, 11.731066588574272]",2397.477725625123,[],"{""cutoff=6.000_skin=0.000"": 892, ""cutoff=6.000_skin=0.500"": 1140}",0.0,,
OPT-RFT-SOXLEX48-R512-v1,7157da7c8384b8258ca02f46774c12c53148908357151f22a621bec141f2564b,OPT-RFT-SOXLEX48-R512-v1:0021,SOXLEX_C1_14_871_z1_12,d5456b13893028b69e7da8bc10b0449257ac1bf0c3c508dcc77b62fc45907e22,21,cross_family_test_set,SOXLEX/structures/SOXLEX_C1_14_871_z1_12.cif,9930bf4da14bdf92753c64a32125e31e92511621838fa84ce13b69b096d24826,d5456b13893028b69e7da8bc10b0449257ac1bf0c3c508dcc77b62fc45907e22,0,48,"[""F"", ""C"", ""C"", ""C"", ""Br"", ""C"", ""Cl"", ""C"", ""Br"", ""C"", ""H"", ""H"", ""F"", ""C"", ""C"", ""C"", ""Br"", ""C"", ""Cl"", ""C"", ""Br"", ""C"", ""H"", ""H"", ""F"", ""C"", ""C"", ""C"", ""Br"", ""C"", ""Cl"", ""C"", ""Br"", ""C"", ""H"", ""H"", ""F"", ""C"", ""C"", ""C"", ""Br"", ""C"", ""Cl"", ""C"", ""Br"", ""C"", ""H"", ""H""]",C24H8Br8Cl4F4,"[true, true, true]","[14.528723046813383, 0.0, 0.0, 0.0, 11.754428992207373, 0.0, 0.48544946700304953, 0.0, 11.88495492978031]",2029.675086873587,[],"{""cutoff=6.000_skin=0.000"": 896, ""cutoff=6.000_skin=0.500"": 1124}",0.0,,
OPT-RFT-SOXLEX48-R512-v1,7157da7c8384b8258ca02f46774c12c53148908357151f22a621bec141f2564b,OPT-RFT-SOXLEX48-R512-v1:0022,SOXLEX_C1_14_2486_z1_12,e2a639c54d2d36d58cf13ac203f28a11b468d79fd23e89a9597e645ea611f3be,22,cross_family_test_set,SOXLEX/structures/SOXLEX_C1_14_2486_z1_12.cif,d0de157c5c7f7b6b4708297b8dc0fe949954175521776f1e29d785043dd686c3,e2a639c54d2d36d58cf13ac203f28a11b468d79fd23e89a9597e645ea611f3be,0,48,"[""F"", ""C"", ""C"", ""C"", ""Br"", ""C"", ""Cl"", ""C"", ""Br"", ""C"", ""H"", ""H"", ""F"", ""C"", ""C"", ""C"", ""Br"", ""C"", ""Cl"", ""C"", ""Br"", ""C"", ""H"", ""H"", ""F"", ""C"", ""C"", ""C"", ""Br"", ""C"", ""Cl"", ""C"", ""Br"", ""C"", ""H"", ""H"", ""F"", ""C"", ""C"", ""C"", ""Br"", ""C"", ""Cl"", ""C"", ""Br"", ""C"", ""H"", ""H""]",C24H8Br8Cl4F4,"[true, true, true]","[12.360266350703728, 0.0, 0.0, 0.0, 12.683611525174747, 0.0, -8.268661076343697, 0.0, 13.125089061633211]",2057.6571821558064,[],"{""cutoff=6.000_skin=0.000"": 908, ""cutoff=6.000_skin=0.500"": 1100}",0.0,,
OPT-RFT-SOXLEX48-R512-v1,7157da7c8384b8258ca02f46774c12c53148908357151f22a621bec141f2564b,OPT-RFT-SOXLEX48-R512-v1:0023,SOXLEX_C1_14_922_z1_12,e3c76bfb34f24f4e09d517ac77627817cd70cb04eb406c74bcf04f9a97fa56f4,23,cross_family_test_set,SOXLEX/structures/SOXLEX_C1_14_922_z1_12.cif,920f112a8cc072e85e73593279d92cb33f82073054d276caac0acbd0aff1aee8,e3c76bfb34f24f4e09d517ac77627817cd70cb04eb406c74bcf04f9a97fa56f4,0,48,"[""F"", ""C"", ""C"", ""C"", ""Br"", ""C"", ""Cl"", ""C"", ""Br"", ""C"", ""H"", ""H"", ""F"", ""C"", ""C"", ""C"", ""Br"", ""C"", ""Cl"", ""C"", ""Br"", ""C"", ""H"", ""H"", ""F"", ""C"", ""C"", ""C"", ""Br"", ""C"", ""Cl"", ""C"", ""Br"", ""C"", ""H"", ""H"", ""F"", ""C"", ""C"", ""C"", ""Br"", ""C"", ""Cl"", ""C"", ""Br"", ""C"", ""H"", ""H""]",C24H8Br8Cl4F4,"[true, true, true]","[10.95151004799051, 0.0, 0.0, 0.0, 14.358252711122958, 0.0, -4.226758325980371, 0.0, 14.16359699092836]",2227.1484187539954,[],"{""cutoff=6.000_skin=0.000"": 916, ""cutoff=6.000_skin=0.500"": 1136}",0.0,,
OPT-RFT-SOXLEX48-R512-v1,7157da7c8384b8258ca02f46774c12c53148908357151f22a621bec141f2564b,OPT-RFT-SOXLEX48-R512-v1:0024,SOXLEX_C1_14_63_z1_12,02f7a2ab6fec1f9366a3aefcedeb4360a73158d46c0a86217ef7cac5c23dd9bd,24,cross_family_test_set,SOXLEX/structures/SOXLEX_C1_14_63_z1_12.cif,9315d064ee65eee404d1a3911fee9b0c960e9a739e0aaa95d707edb515b4e3f6,02f7a2ab6fec1f9366a3aefcedeb4360a73158d46c0a86217ef7cac5c23dd9bd,0,48,"[""F"", ""C"", ""C"", ""C"", ""Br"", ""C"", ""Cl"", ""C"", ""Br"", ""C"", ""H"", ""H"", ""F"", ""C"", ""C"", ""C"", ""Br"", ""C"", ""Cl"", ""C"", ""Br"", ""C"", ""H"", ""H"", ""F"", ""C"", ""C"", ""C"", ""Br"", ""C"", ""Cl"", ""C"", ""Br"", ""C"", ""H"", ""H"", ""F"", ""C"", ""C"", ""C"", ""Br"", ""C"", ""Cl"", ""C"", ""Br"", ""C"", ""H"", ""H""]",C24H8Br8Cl4F4,"[true, true, true]","[12.408346951705688, 0.0, 0.0, 0.0, 12.322820982935376, 0.0, -4.007987404457795, 0.0, 13.15956509643087]",2012.1743311543116,[],"{""cutoff=6.000_skin=0.000"": 920, ""cutoff=6.000_skin=0.500"": 1144}",0.0,,
OPT-RFT-SOXLEX48-R512-v1,7157da7c8384b8258ca02f46774c12c53148908357151f22a621bec141f2564b,OPT-RFT-SOXLEX48-R512-v1:0025,SOXLEX_C1_14_2022_z1_12,fc03d07fe4df508b7c1de53c65976322d84e5d818ca03cc7a2aeca4202783377,25,cross_family_test_set,SOXLEX/structures/SOXLEX_C1_14_2022_z1_12.cif,9c859d27cc49fe633e06fe029aa15fdbef1a5d0fafdeac380876b955b3584a0e,fc03d07fe4df508b7c1de53c65976322d84e5d818ca03cc7a2aeca4202783377,0,48,"[""F"", ""C"", ""C"", ""C"", ""Br"", ""C"", ""Cl"", ""C"", ""Br"", ""C"", ""H"", ""H"", ""F"", ""C"", ""C"", ""C"", ""Br"", ""C"", ""Cl"", ""C"", ""Br"", ""C"", ""H"", ""H"", ""F"", ""C"", ""C"", ""C"", ""Br"", ""C"", ""Cl"", ""C"", ""Br"", ""C"", ""H"", ""H"", ""F"", ""C"", ""C"", ""C"", ""Br"", ""C"", ""Cl"", ""C"", ""Br"", ""C"", ""H"", ""H""]",C24H8Br8Cl4F4,"[true, true, true]","[9.114076339461416, 0.0, 0.0, 0.0, 14.15246206839582, 0.0, 2.443383443134528, 0.0, 13.822489989366014]",1782.9162593261635,[],"{""cutoff=6.000_skin=0.000"": 928, ""cutoff=6.000_skin=0.500"": 1208}",0.0,,
OPT-RFT-SOXLEX48-R512-v1,7157da7c8384b8258ca02f46774c12c53148908357151f22a621bec141f2564b,OPT-RFT-SOXLEX48-R512-v1:0026,SOXLEX_C1_14_4102_z1_12,8b773373982806ce9bb66fba5aafa4b908b127000ae5d57cf99ca8c4e37aae4a,26,cross_family_test_set,SOXLEX/structures/SOXLEX_C1_14_4102_z1_12.cif,0029074e282e4ffc901c5573d62976b1df4ad30f6276007044bf3cd61737c1aa,8b773373982806ce9bb66fba5aafa4b908b127000ae5d57cf99ca8c4e37aae4a,0,48,"[""F"", ""C"", ""C"", ""C"", ""Br"", ""C"", ""Cl"", ""C"", ""Br"", ""C"", ""H"", ""H"", ""F"", ""C"", ""C"", ""C"", ""Br"", ""C"", ""Cl"", ""C"", ""Br"", ""C"", ""H"", ""H"", ""F"", ""C"", ""C"", ""C"", ""Br"", ""C"", ""Cl"", ""C"", ""Br"", ""C"", ""H"", ""H"", ""F"", ""C"", ""C"", ""C"", ""Br"", ""C"", ""Cl"", ""C"", ""Br"", ""C"", ""H"", ""H""]",C24H8Br8Cl4F4,"[true, true, true]","[12.620763823757152, 0.0, 0.0, 0.0, 11.019285738229058, 0.0, 6.394142355288746, 0.0, 14.519367997164599]",2019.2346830084002,[],"{""cutoff=6.000_skin=0.000"": 928, ""cutoff=6.000_skin=0.500"": 1084}",0.0,,
OPT-RFT-SOXLEX48-R512-v1,7157da7c8384b8258ca02f46774c12c53148908357151f22a621bec141f2564b,OPT-RFT-SOXLEX48-R512-v1:0027,SOXLEX_C1_14_4302_z1_12,0f1e523d951d2e8900149239ef75934b2715667579541cd77354d881561647ba,27,cross_family_test_set,SOXLEX/structures/SOXLEX_C1_14_4302_z1_12.cif,30fb4350dd314338b82a92756c56e90357b49b275a9e98fe283a0db43e5cb7d1,0f1e523d951d2e8900149239ef75934b2715667579541cd77354d881561647ba,0,48,"[""F"", ""C"", ""C"", ""C"", ""Br"", ""C"", ""Cl"", ""C"", ""Br"", ""C"", ""H"", ""H"", ""F"", ""C"", ""C"", ""C"", ""Br"", ""C"", ""Cl"", ""C"", ""Br"", ""C"", ""H"", ""H"", ""F"", ""C"", ""C"", ""C"", ""Br"", ""C"", ""Cl"", ""C"", ""Br"", ""C"", ""H"", ""H"", ""F"", ""C"", ""C"", ""C"", ""Br"", ""C"", ""Cl"", ""C"", ""Br"", ""C"", ""H"", ""H""]",C24H8Br8Cl4F4,"[true, true, true]","[12.137008576182522, 0.0, 0.0, 0.0, 9.993881520400915, 0.0, 3.8695808690478204, 0.0, 14.575587625317084]",1767.9579364028766,[],"{""cutoff=6.000_skin=0.000"": 936, ""cutoff=6.000_skin=0.500"": 1276}",0.0,,
OPT-RFT-SOXLEX48-R512-v1,7157da7c8384b8258ca02f46774c12c53148908357151f22a621bec141f2564b,OPT-RFT-SOXLEX48-R512-v1:0028,SOXLEX_C1_14_252_z1_12,b34173f9c4b264650a46983f1c37aa543e3804f710ecd87e0cfcea1fe3ae9d95,28,cross_family_test_set,SOXLEX/structures/SOXLEX_C1_14_252_z1_12.cif,bf477c8cd30d7b07f83d5a6fb9e7a5f8c332e14039f93f854095f111116b1ac3,b34173f9c4b264650a46983f1c37aa543e3804f710ecd87e0cfcea1fe3ae9d95,0,48,"[""F"", ""C"", ""C"", ""C"", ""Br"", ""C"", ""Cl"", ""C"", ""Br"", ""C"", ""H"", ""H"", ""F"", ""C"", ""C"", ""C"", ""Br"", ""C"", ""Cl"", ""C"", ""Br"", ""C"", ""H"", ""H"", ""F"", ""C"", ""C"", ""C"", ""Br"", ""C"", ""Cl"", ""C"", ""Br"", ""C"", ""H"", ""H"", ""F"", ""C"", ""C"", ""C"", ""Br"", ""C"", ""Cl"", ""C"", ""Br"", ""C"", ""H"", ""H""]",C24H8Br8Cl4F4,"[true, true, true]","[14.466096519738258, 0.0, 0.0, 0.0, 13.867653115805389, 0.0, -5.8615837700906, 0.0, 10.162494298233677]",2038.7061972962147,[],"{""cutoff=6.000_skin=0.000"": 940, ""cutoff=6.000_skin=0.500"": 1168}",0.0,,
OPT-RFT-SOXLEX48-R512-v1,7157da7c8384b8258ca02f46774c12c53148908357151f22a621bec141f2564b,OPT-RFT-SOXLEX48-R512-v1:0029,SOXLEX_C1_14_3281_z1_12,981c445b07198113500666590ae9f45deaeca00d7d801f79e1d6d19833507ad0,29,cross_family_test_set,SOXLEX/structures/SOXLEX_C1_14_3281_z1_12.cif,4a36491b926a30134b3ce247f8aa8a3714c3bafa94a79389ffe223824892e46a,981c445b07198113500666590ae9f45deaeca00d7d801f79e1d6d19833507ad0,0,48,"[""F"", ""C"", ""C"", ""C"", ""Br"", ""C"", ""Cl"", ""C"", ""Br"", ""C"", ""H"", ""H"", ""F"", ""C"", ""C"", ""C"", ""Br"", ""C"", ""Cl"", ""C"", ""Br"", ""C"", ""H"", ""H"", ""F"", ""C"", ""C"", ""C"", ""Br"", ""C"", ""Cl"", ""C"", ""Br"", ""C"", ""H"", ""H"", ""F"", ""C"", ""C"", ""C"", ""Br"", ""C"", ""Cl"", ""C"", ""Br"", ""C"", ""H"", ""H""]",C24H8Br8Cl4F4,"[true, true, true]","[10.356016057521842, 0.0, 0.0, 0.0, 14.119893928467596, 0.0, -1.7331671515436562, 0.0, 13.248256435781917]",1937.237535204957,[],"{""cutoff=6.000_skin=0.000"": 944, ""cutoff=6.000_skin=0.500"": 1128}",0.0,,
OPT-RFT-SOXLEX48-R512-v1,7157da7c8384b8258ca02f46774c12c53148908357151f22a621bec141f2564b,OPT-RFT-SOXLEX48-R512-v1:0030,SOXLEX_C1_14_2152_z1_12,7ae0dd45b43f4729361475f9318e418a76a4642e9251dfdb294f8c98121ed8bb,30,cross_family_test_set,SOXLEX/structures/SOXLEX_C1_14_2152_z1_12.cif,2a1af2490bdf3de446ad3628d29fa5290840faf8ff0e948072182ca5cf246286,7ae0dd45b43f4729361475f9318e418a76a4642e9251dfdb294f8c98121ed8bb,0,48,"[""F"", ""C"", ""C"", ""C"", ""Br"", ""C"", ""Cl"", ""C"", ""Br"", ""C"", ""H"", ""H"", ""F"", ""C"", ""C"", ""C"", ""Br"", ""C"", ""Cl"", ""C"", ""Br"", ""C"", ""H"", ""H"", ""F"", ""C"", ""C"", ""C"", ""Br"", ""C"", ""Cl"", ""C"", ""Br"", ""C"", ""H"", ""H"", ""F"", ""C"", ""C"", ""C"", ""Br"", ""C"", ""Cl"", ""C"", ""Br"", ""C"", ""H"", ""H""]",C24H8Br8Cl4F4,"[true, true, true]","[10.428337031265357, 0.0, 0.0, 0.0, 11.293592569500078, 0.0, -3.433463135643877, 0.0, 15.735980347915264]",1853.2797443873687,[],"{""cutoff=6.000_skin=0.000"": 952, ""cutoff=6.000_skin=0.500"": 1216}",0.0,,
OPT-RFT-SOXLEX48-R512-v1,7157da7c8384b8258ca02f46774c12c53148908357151f22a621bec141f2564b,OPT-RFT-SOXLEX48-R512-v1:0031,SOXLEX_C1_14_3547_z1_12,aa081af90aa56c6dfc03ac8544c553fffaf522e57f3eb0056f95e0a876955c99,31,cross_family_test_set,SOXLEX/structures/SOXLEX_C1_14_3547_z1_12.cif,2e6d2477bc7b01ec6bfa9b1e739589adb22c95aadec48fde92003c2b716d70a1,aa081af90aa56c6dfc03ac8544c553fffaf522e57f3eb0056f95e0a876955c99,0,48,"[""F"", ""C"", ""C"", ""C"", ""Br"", ""C"", ""Cl"", ""C"", ""Br"", ""C"", ""H"", ""H"", ""F"", ""C"", ""C"", ""C"", ""Br"", ""C"", ""Cl"", ""C"", ""Br"", ""C"", ""H"", ""H"", ""F"", ""C"", ""C"", ""C"", ""Br"", ""C"", ""Cl"", ""C"", ""Br"", ""C"", ""H"", ""H"", ""F"", ""C"", ""C"", ""C"", ""Br"", ""C"", ""Cl"", ""C"", ""Br"", ""C"", ""H"", ""H""]",C24H8Br8Cl4F4,"[true, true, true]","[12.024105739413887, 0.0, 0.0, 0.0, 10.459026976442786, 0.0, -0.9874502615995268, 0.0, 14.039518247440007]",1765.6160805807228,[],"{""cutoff=6.000_skin=0.000"": 960, ""cutoff=6.000_skin=0.500"": 1264}",0.0,,
OPT-RFT-SOXLEX48-R512-v1,7157da7c8384b8258ca02f46774c12c53148908357151f22a621bec141f2564b,OPT-RFT-SOXLEX48-R512-v1:0032,SOXLEX_C1_14_3394_z1_12,e65b47b9fbf03c3ca82099c413622aa17d43f55951d00418217ca71c36be306a,32,cross_family_test_set,SOXLEX/structures/SOXLEX_C1_14_3394_z1_12.cif,6e4f72b871e40a7c5c39ee6c5f8c69194407ab87c1fb3d30083855c8fe378781,e65b47b9fbf03c3ca82099c413622aa17d43f55951d00418217ca71c36be306a,0,48,"[""F"", ""C"", ""C"", ""C"", ""Br"", ""C"", ""Cl"", ""C"", ""Br"", ""C"", ""H"", ""H"", ""F"", ""C"", ""C"", ""C"", ""Br"", ""C"", ""Cl"", ""C"", ""Br"", ""C"", ""H"", ""H"", ""F"", ""C"", ""C"", ""C"", ""Br"", ""C"", ""Cl"", ""C"", ""Br"", ""C"", ""H"", ""H"", ""F"", ""C"", ""C"", ""C"", ""Br"", ""C"", ""Cl"", ""C"", ""Br"", ""C"", ""H"", ""H""]",C24H8Br8Cl4F4,"[true, true, true]","[15.696068986226663, 0.0, 0.0, 0.0, 11.81338251411021, 0.0, 5.503660642215579, 0.0, 9.85027863841484]",1826.4747851428742,[],"{""cutoff=6.000_skin=0.000"": 964, ""cutoff=6.000_skin=0.500"": 1172}",0.0,,
OPT-RFT-SOXLEX48-R512-v1,7157da7c8384b8258ca02f46774c12c53148908357151f22a621bec141f2564b,OPT-RFT-SOXLEX48-R512-v1:0033,SOXLEX_C1_14_1959_z1_12,21bee91467ca9a8c6c21a08f88fa9befbeaa2c3895647e4902b181f12f87c427,33,cross_family_test_set,SOXLEX/structures/SOXLEX_C1_14_1959_z1_12.cif,32140d515541f28e62cb8f51d551186746d428ba57502c5d22ddf340557d86ab,21bee91467ca9a8c6c21a08f88fa9befbeaa2c3895647e4902b181f12f87c427,0,48,"[""F"", ""C"", ""C"", ""C"", ""Br"", ""C"", ""Cl"", ""C"", ""Br"", ""C"", ""H"", ""H"", ""F"", ""C"", ""C"", ""C"", ""Br"", ""C"", ""Cl"", ""C"", ""Br"", ""C"", ""H"", ""H"", ""F"", ""C"", ""C"", ""C"", ""Br"", ""C"", ""Cl"", ""C"", ""Br"", ""C"", ""H"", ""H"", ""F"", ""C"", ""C"", ""C"", ""Br"", ""C"", ""Cl"", ""C"", ""Br"", ""C"", ""H"", ""H""]",C24H8Br8Cl4F4,"[true, true, true]","[11.558704298194662, 0.0, 0.0, 0.0, 12.034666605434495, 0.0, 8.56876156806071, 0.0, 16.047271030003802]",2232.2580857563707,[],"{""cutoff=6.000_skin=0.000"": 968, ""cutoff=6.000_skin=0.500"": 1124}",0.0,,
OPT-RFT-SOXLEX48-R512-v1,7157da7c8384b8258ca02f46774c12c53148908357151f22a621bec141f2564b,OPT-RFT-SOXLEX48-R512-v1:0034,SOXLEX_C1_14_1011_z1_12,68d27463127d7a86d18e826520310c8a0719e2e223bbed463f7143425e810e1e,34,cross_family_test_set,SOXLEX/structures/SOXLEX_C1_14_1011_z1_12.cif,42a6a5e4ebef4caae02fdf712d6d7916f6b20ca8066e919c028dd386e0765ed7,68d27463127d7a86d18e826520310c8a0719e2e223bbed463f7143425e810e1e,0,48,"[""F"", ""C"", ""C"", ""C"", ""Br"", ""C"", ""Cl"", ""C"", ""Br"", ""C"", ""H"", ""H"", ""F"", ""C"", ""C"", ""C"", ""Br"", ""C"", ""Cl"", ""C"", ""Br"", ""C"", ""H"", ""H"", ""F"", ""C"", ""C"", ""C"", ""Br"", ""C"", ""Cl"", ""C"", ""Br"", ""C"", ""H"", ""H"", ""F"", ""C"", ""C"", ""C"", ""Br"", ""C"", ""Cl"", ""C"", ""Br"", ""C"", ""H"", ""H""]",C24H8Br8Cl4F4,"[true, true, true]","[8.511964357511292, 0.0, 0.0, 0.0, 15.575485570699843, 0.0, 1.7686466566968748, 0.0, 14.679371245647086]",1946.161358480948,[],"{""cutoff=6.000_skin=0.000"": 972, ""cutoff=6.000_skin=0.500"": 1160}",0.0,,
OPT-RFT-SOXLEX48-R512-v1,7157da7c8384b8258ca02f46774c12c53148908357151f22a621bec141f2564b,OPT-RFT-SOXLEX48-R512-v1:0035,SOXLEX_C1_14_3724_z1_12,dc3e38708fab989ffcc0011d6df40c824a86724af7e15dd1df36115a1aad7f14,35,cross_family_test_set,SOXLEX/structures/SOXLEX_C1_14_3724_z1_12.cif,2bf50853eccd827b144f1f0084425211ef65592bee5ba57b8e3fc7ffc655b772,dc3e38708fab989ffcc0011d6df40c824a86724af7e15dd1df36115a1aad7f14,0,48,"[""F"", ""C"", ""C"", ""C"", ""Br"", ""C"", ""Cl"", ""C"", ""Br"", ""C"", ""H"", ""H"", ""F"", ""C"", ""C"", ""C"", ""Br"", ""C"", ""Cl"", ""C"", ""Br"", ""C"", ""H"", ""H"", ""F"", ""C"", ""C"", ""C"", ""Br"", ""C"", ""Cl"", ""C"", ""Br"", ""C"", ""H"", ""H"", ""F"", ""C"", ""C"", ""C"", ""Br"", ""C"", ""Cl"", ""C"", ""Br"", ""C"", ""H"", ""H""]",C24H8Br8Cl4F4,"[true, true, true]","[11.888899413487913, 0.0, 0.0, 0.0, 12.398971164965612, 0.0, -4.436864379298355, 0.0, 14.09004103942634]",2077.01465467198,[],"{""cutoff=6.000_skin=0.000"": 972, ""cutoff=6.000_skin=0.500"": 1136}",0.0,,
OPT-RFT-SOXLEX48-R512-v1,7157da7c8384b8258ca02f46774c12c53148908357151f22a621bec141f2564b,OPT-RFT-SOXLEX48-R512-v1:0036,SOXLEX_C1_14_567_z1_12,c6593ba99955dc14566042aee88bf749335f207a4673b798ed409e772fd49023,36,cross_family_test_set,SOXLEX/structures/SOXLEX_C1_14_567_z1_12.cif,cf28010f68e3182b583c55e998ee58c5bc0ce6e0e9cf30c40c6562fa468c7a00,c6593ba99955dc14566042aee88bf749335f207a4673b798ed409e772fd49023,0,48,"[""F"", ""C"", ""C"", ""C"", ""Br"", ""C"", ""Cl"", ""C"", ""Br"", ""C"", ""H"", ""H"", ""F"", ""C"", ""C"", ""C"", ""Br"", ""C"", ""Cl"", ""C"", ""Br"", ""C"", ""H"", ""H"", ""F"", ""C"", ""C"", ""C"", ""Br"", ""C"", ""Cl"", ""C"", ""Br"", ""C"", ""H"", ""H"", ""F"", ""C"", ""C"", ""C"", ""Br"", ""C"", ""Cl"", ""C"", ""Br"", ""C"", ""H"", ""H""]",C24H8Br8Cl4F4,"[true, true, true]","[11.894110387034083, 0.0, 0.0, 0.0, 13.783180987050013, 0.0, 7.457366404714878, 0.0, 13.503864917428913]",2213.8057373966744,[],"{""cutoff=6.000_skin=0.000"": 972, ""cutoff=6.000_skin=0.500"": 1116}",0.0,,
OPT-RFT-SOXLEX48-R512-v1,7157da7c8384b8258ca02f46774c12c53148908357151f22a621bec141f2564b,OPT-RFT-SOXLEX48-R512-v1:0037,SOXLEX_C1_14_2170_z1_12,02d0812b8c11356a7b678d78c52608fd4abe37417be724d85c1caff10fe78dd2,37,cross_family_test_set,SOXLEX/structures/SOXLEX_C1_14_2170_z1_12.cif,df17f1e78c63aee75889ea0c073b41d7f3b0a5df8a0fe3f420da080beae6e17a,02d0812b8c11356a7b678d78c52608fd4abe37417be724d85c1caff10fe78dd2,0,48,"[""F"", ""C"", ""C"", ""C"", ""Br"", ""C"", ""Cl"", ""C"", ""Br"", ""C"", ""H"", ""H"", ""F"", ""C"", ""C"", ""C"", ""Br"", ""C"", ""Cl"", ""C"", ""Br"", ""C"", ""H"", ""H"", ""F"", ""C"", ""C"", ""C"", ""Br"", ""C"", ""Cl"", ""C"", ""Br"", ""C"", ""H"", ""H"", ""F"", ""C"", ""C"", ""C"", ""Br"", ""C"", ""Cl"", ""C"", ""Br"", ""C"", ""H"", ""H""]",C24H8Br8Cl4F4,"[true, true, true]","[13.097255479762303, 0.0, 0.0, 0.0, 11.053774634178012, 0.0, 6.159116781795613, 0.0, 12.487381971656477]",1807.8496161658875,[],"{""cutoff=6.000_skin=0.000"": 976, ""cutoff=6.000_skin=0.500"": 1168}",0.0,,
OPT-RFT-SOXLEX48-R512-v1,7157da7c8384b8258ca02f46774c12c53148908357151f22a621bec141f2564b,OPT-RFT-SOXLEX48-R512-v1:0038,SOXLEX_C1_14_1098_z1_12,0ed341991c75722af72a8cb2283e24dc3c5f21c94b6d207fbdddd77e36ded818,38,cross_family_test_set,SOXLEX/structures/SOXLEX_C1_14_1098_z1_12.cif,c9c3e3d4a174864b6cc5da970f74c9d8a1dbc915d8d5eeda58d55b9f3ddeb512,0ed341991c75722af72a8cb2283e24dc3c5f21c94b6d207fbdddd77e36ded818,0,48,"[""F"", ""C"", ""C"", ""C"", ""Br"", ""C"", ""Cl"", ""C"", ""Br"", ""C"", ""H"", ""H"", ""F"", ""C"", ""C"", ""C"", ""Br"", ""C"", ""Cl"", ""C"", ""Br"", ""C"", ""H"", ""H"", ""F"", ""C"", ""C"", ""C"", ""Br"", ""C"", ""Cl"", ""C"", ""Br"", ""C"", ""H"", ""H"", ""F"", ""C"", ""C"", ""C"", ""Br"", ""C"", ""Cl"", ""C"", ""Br"", ""C"", ""H"", ""H""]",C24H8Br8Cl4F4,"[true, true, true]","[14.094325828250199, 0.0, 0.0, 0.0, 10.840472654088849, 0.0, 7.531402255892156, 0.0, 12.5248875543844]",1913.6669698595827,[],"{""cutoff=6.000_skin=0.000"": 980, ""cutoff=6.000_skin=0.500"": 1324}",0.0,,
OPT-RFT-SOXLEX48-R512-v1,7157da7c8384b8258ca02f46774c12c53148908357151f22a621bec141f2564b,OPT-RFT-SOXLEX48-R512-v1:0039,SOXLEX_C1_14_4348_z1_12,356e0d16a2bfa56acc709a58397f39c3640934bde221ad438531dae936a91aea,39,cross_family_test_set,SOXLEX/structures/SOXLEX_C1_14_4348_z1_12.cif,8c5dc1828c11462fde8c0eeb4b8bfc57c0ca80a359b23e6ddb564465e31c2f9b,356e0d16a2bfa56acc709a58397f39c3640934bde221ad438531dae936a91aea,0,48,"[""F"", ""C"", ""C"", ""C"", ""Br"", ""C"", ""Cl"", ""C"", ""Br"", ""C"", ""H"", ""H"", ""F"", ""C"", ""C"", ""C"", ""Br"", ""C"", ""Cl"", ""C"", ""Br"", ""C"", ""H"", ""H"", ""F"", ""C"", ""C"", ""C"", ""Br"", ""C"", ""Cl"", ""C"", ""Br"", ""C"", ""H"", ""H"", ""F"", ""C"", ""C"", ""C"", ""Br"", ""C"", ""Cl"", ""C"", ""Br"", ""C"", ""H"", ""H""]",C24H8Br8Cl4F4,"[true, true, true]","[8.514210666178947, 0.0, 0.0, 0.0, 13.783083650168308, 0.0, -1.6954150509904946, 0.0, 14.390611626278805]",1688.7681755466358,[],"{""cutoff=6.000_skin=0.000"": 980, ""cutoff=6.000_skin=0.500"": 1300}",0.0,,
OPT-RFT-SOXLEX48-R512-v1,7157da7c8384b8258ca02f46774c12c53148908357151f22a621bec141f2564b,OPT-RFT-SOXLEX48-R512-v1:0040,SOXLEX_C1_14_2597_z1_12,a6a2896322afc1acb0e88de2838228693cde708f7f1f2cfdb6a05def29f434ee,40,cross_family_test_set,SOXLEX/structures/SOXLEX_C1_14_2597_z1_12.cif,00a17d91acdbe31262afed6822d24f30b0c4a4e8be4e252f5d404a72b70aea75,a6a2896322afc1acb0e88de2838228693cde708f7f1f2cfdb6a05def29f434ee,0,48,"[""F"", ""C"", ""C"", ""C"", ""Br"", ""C"", ""Cl"", ""C"", ""Br"", ""C"", ""H"", ""H"", ""F"", ""C"", ""C"", ""C"", ""Br"", ""C"", ""Cl"", ""C"", ""Br"", ""C"", ""H"", ""H"", ""F"", ""C"", ""C"", ""C"", ""Br"", ""C"", ""Cl"", ""C"", ""Br"", ""C"", ""H"", ""H"", ""F"", ""C"", ""C"", ""C"", ""Br"", ""C"", ""Cl"", ""C"", ""Br"", ""C"", ""H"", ""H""]",C24H8Br8Cl4F4,"[true, true, true]","[12.471679660121104, 0.0, 0.0, 0.0, 12.571354033144395, 0.0, 0.7194309460327069, 0.0, 12.15706822275898]",1906.0568874729443,[],"{""cutoff=6.000_skin=0.000"": 984, ""cutoff=6.000_skin=0.500"": 1236}",0.0,,
OPT-RFT-SOXLEX48-R512-v1,7157da7c8384b8258ca02f46774c12c53148908357151f22a621bec141f2564b,OPT-RFT-SOXLEX48-R512-v1:0041,SOXLEX_C1_14_4135_z1_12,85a8b68665865b8b00c2deac983102b6e4b2349bf3736c0a7d0dd705511c95ce,41,cross_family_test_set,SOXLEX/structures/SOXLEX_C1_14_4135_z1_12.cif,bf0f07c9c097127cce59869a4d321725ce32eabf8ddb66660927b6ec7679bb69,85a8b68665865b8b00c2deac983102b6e4b2349bf3736c0a7d0dd705511c95ce,0,48,"[""F"", ""C"", ""C"", ""C"", ""Br"", ""C"", ""Cl"", ""C"", ""Br"", ""C"", ""H"", ""H"", ""F"", ""C"", ""C"", ""C"", ""Br"", ""C"", ""Cl"", ""C"", ""Br"", ""C"", ""H"", ""H"", ""F"", ""C"", ""C"", ""C"", ""Br"", ""C"", ""Cl"", ""C"", ""Br"", ""C"", ""H"", ""H"", ""F"", ""C"", ""C"", ""C"", ""Br"", ""C"", ""Cl"", ""C"", ""Br"", ""C"", ""H"", ""H""]",C24H8Br8Cl4F4,"[true, true, true]","[15.828982124201751, 0.0, 0.0, 0.0, 7.9544612842556575, 0.0, 6.280069263461901, 0.0, 15.231481134982575]",1917.8114092261012,[],"{""cutoff=6.000_skin=0.000"": 988, ""cutoff=6.000_skin=0.500"": 1256}",0.0,,
OPT-RFT-SOXLEX48-R512-v1,7157da7c8384b8258ca02f46774c12c53148908357151f22a621bec141f2564b,OPT-RFT-SOXLEX48-R512-v1:0042,SOXLEX_C1_14_2562_z1_12,bc801ba0b44fe8630e8d293bbe6cca156e0aeda15d866591345ade4ca52828a2,42,cross_family_test_set,SOXLEX/structures/SOXLEX_C1_14_2562_z1_12.cif,e2e37aeaba895b9cd28af4894ad539f099e7ba1e2f98bb2081f4b7c225fe5406,bc801ba0b44fe8630e8d293bbe6cca156e0aeda15d866591345ade4ca52828a2,0,48,"[""F"", ""C"", ""C"", ""C"", ""Br"", ""C"", ""Cl"", ""C"", ""Br"", ""C"", ""H"", ""H"", ""F"", ""C"", ""C"", ""C"", ""Br"", ""C"", ""Cl"", ""C"", ""Br"", ""C"", ""H"", ""H"", ""F"", ""C"", ""C"", ""C"", ""Br"", ""C"", ""Cl"", ""C"", ""Br"", ""C"", ""H"", ""H"", ""F"", ""C"", ""C"", ""C"", ""Br"", ""C"", ""Cl"", ""C"", ""Br"", ""C"", ""H"", ""H""]",C24H8Br8Cl4F4,"[true, true, true]","[12.593333590125866, 0.0, 0.0, 0.0, 15.038814047743344, 0.0, 8.225443797054695, 0.0, 9.000647418533067]",1704.6218327483646,[],"{""cutoff=6.000_skin=0.000"": 992, ""cutoff=6.000_skin=0.500"": 1408}",0.0,,
OPT-RFT-SOXLEX48-R512-v1,7157da7c8384b8258ca02f46774c12c53148908357151f22a621bec141f2564b,OPT-RFT-SOXLEX48-R512-v1:0043,SOXLEX_C1_14_4757_z1_12,9fc98b1fd2f205754a9a2da2dc052fec8f3674e512392511442bba7525f0ad5b,43,cross_family_test_set,SOXLEX/structures/SOXLEX_C1_14_4757_z1_12.cif,ab8bdc5e8d39bc8d8b1d71c65c9854f9153bf78dcafb9ba12ad1c9041c55c546,9fc98b1fd2f205754a9a2da2dc052fec8f3674e512392511442bba7525f0ad5b,0,48,"[""F"", ""C"", ""C"", ""C"", ""Br"", ""C"", ""Cl"", ""C"", ""Br"", ""C"", ""H"", ""H"", ""F"", ""C"", ""C"", ""C"", ""Br"", ""C"", ""Cl"", ""C"", ""Br"", ""C"", ""H"", ""H"", ""F"", ""C"", ""C"", ""C"", ""Br"", ""C"", ""Cl"", ""C"", ""Br"", ""C"", ""H"", ""H"", ""F"", ""C"", ""C"", ""C"", ""Br"", ""C"", ""Cl"", ""C"", ""Br"", ""C"", ""H"", ""H""]",C24H8Br8Cl4F4,"[true, true, true]","[10.56268057093719, 0.0, 0.0, 0.0, 11.994228018567057, 0.0, 2.152329789167283, 0.0, 12.800981652797809]",1621.7717172355983,[],"{""cutoff=6.000_skin=0.000"": 992, ""cutoff=6.000_skin=0.500"": 1392}",0.0,,
OPT-RFT-SOXLEX48-R512-v1,7157da7c8384b8258ca02f46774c12c53148908357151f22a621bec141f2564b,OPT-RFT-SOXLEX48-R512-v1:0044,SOXLEX_C1_14_3417_z1_12,8b8e51404c5d357aea7a5182707f23a951f530b16735fc2e5eda9b7acfdfad5b,44,cross_family_test_set,SOXLEX/structures/SOXLEX_C1_14_3417_z1_12.cif,3424492d6179868f0ba30cd2f9339147b9fe45929c23ad54bf5af526b53a2237,8b8e51404c5d357aea7a5182707f23a951f530b16735fc2e5eda9b7acfdfad5b,0,48,"[""F"", ""C"", ""C"", ""C"", ""Br"", ""C"", ""Cl"", ""C"", ""Br"", ""C"", ""H"", ""H"", ""F"", ""C"", ""C"", ""C"", ""Br"", ""C"", ""Cl"", ""C"", ""Br"", ""C"", ""H"", ""H"", ""F"", ""C"", ""C"", ""C"", ""Br"", ""C"", ""Cl"", ""C"", ""Br"", ""C"", ""H"", ""H"", ""F"", ""C"", ""C"", ""C"", ""Br"", ""C"", ""Cl"", ""C"", ""Br"", ""C"", ""H"", ""H""]",C24H8Br8Cl4F4,"[true, true, true]","[15.572429092394827, 0.0, 0.0, 0.0, 11.545116126426361, 0.0, -0.1310102408430638, 0.0, 11.17969275589274]",2009.9466770320917,[],"{""cutoff=6.000_skin=0.000"": 1000, ""cutoff=6.000_skin=0.500"": 1228}",0.0,,
OPT-RFT-SOXLEX48-R512-v1,7157da7c8384b8258ca02f46774c12c53148908357151f22a621bec141f2564b,OPT-RFT-SOXLEX48-R512-v1:0045,SOXLEX_C1_14_975_z1_12,389292696581862cbd80204a567707051a76d4b52d1adba79d4f437137f628ca,45,cross_family_test_set,SOXLEX/structures/SOXLEX_C1_14_975_z1_12.cif,81462eab94bf0e5081f7d270bdad352a764c8f95489e891aa5e79a172807f3ad,389292696581862cbd80204a567707051a76d4b52d1adba79d4f437137f628ca,0,48,"[""F"", ""C"", ""C"", ""C"", ""Br"", ""C"", ""Cl"", ""C"", ""Br"", ""C"", ""H"", ""H"", ""F"", ""C"", ""C"", ""C"", ""Br"", ""C"", ""Cl"", ""C"", ""Br"", ""C"", ""H"", ""H"", ""F"", ""C"", ""C"", ""C"", ""Br"", ""C"", ""Cl"", ""C"", ""Br"", ""C"", ""H"", ""H"", ""F"", ""C"", ""C"", ""C"", ""Br"", ""C"", ""Cl"", ""C"", ""Br"", ""C"", ""H"", ""H""]",C24H8Br8Cl4F4,"[true, true, true]","[7.78104433308912, 0.0, 0.0, 0.0, 15.849070643683444, 0.0, -9.080665122430167, 0.0, 14.44918287070433]",1781.9067727456554,[],"{""cutoff=6.000_skin=0.000"": 1004, ""cutoff=6.000_skin=0.500"": 1236}",0.0,,
OPT-RFT-SOXLEX48-R512-v1,7157da7c8384b8258ca02f46774c12c53148908357151f22a621bec141f2564b,OPT-RFT-SOXLEX48-R512-v1:0046,SOXLEX_C1_14_2718_z1_12,b6f6387438f04831d1859c5827fe56a2a91a42672d2bdfed824e84078049a4c3,46,cross_family_test_set,SOXLEX/structures/SOXLEX_C1_14_2718_z1_12.cif,3460e29a2539e059dae17b8d074d863fb5d312478798a585787ea558f93aae9f,b6f6387438f04831d1859c5827fe56a2a91a42672d2bdfed824e84078049a4c3,0,48,"[""F"", ""C"", ""C"", ""C"", ""Br"", ""C"", ""Cl"", ""C"", ""Br"", ""C"", ""H"", ""H"", ""F"", ""C"", ""C"", ""C"", ""Br"", ""C"", ""Cl"", ""C"", ""Br"", ""C"", ""H"", ""H"", ""F"", ""C"", ""C"", ""C"", ""Br"", ""C"", ""Cl"", ""C"", ""Br"", ""C"", ""H"", ""H"", ""F"", ""C"", ""C"", ""C"", ""Br"", ""C"", ""Cl"", ""C"", ""Br"", ""C"", ""H"", ""H""]",C24H8Br8Cl4F4,"[true, true, true]","[13.720046039939596, 0.0, 0.0, 0.0, 13.741943562820719, 0.0, 8.096739694806606, 0.0, 10.651234091815583]",2008.1847233279136,[],"{""cutoff=6.000_skin=0.000"": 1008, ""cutoff=6.000_skin=0.500"": 1176}",0.0,,
OPT-RFT-SOXLEX48-R512-v1,7157da7c8384b8258ca02f46774c12c53148908357151f22a621bec141f2564b,OPT-RFT-SOXLEX48-R512-v1:0047,SOXLEX_C1_14_4524_z1_12,4137c547146614a5686cf04a97ac3387cfa5cf806c8605dd97230cd1adb3b832,47,cross_family_test_set,SOXLEX/structures/SOXLEX_C1_14_4524_z1_12.cif,8b4559cf667fc59802e3cd983a992f25c2882e0a6b32ed730d493b8aba3df43d,4137c547146614a5686cf04a97ac3387cfa5cf806c8605dd97230cd1adb3b832,0,48,"[""F"", ""C"", ""C"", ""C"", ""Br"", ""C"", ""Cl"", ""C"", ""Br"", ""C"", ""H"", ""H"", ""F"", ""C"", ""C"", ""C"", ""Br"", ""C"", ""Cl"", ""C"", ""Br"", ""C"", ""H"", ""H"", ""F"", ""C"", ""C"", ""C"", ""Br"", ""C"", ""Cl"", ""C"", ""Br"", ""C"", ""H"", ""H"", ""F"", ""C"", ""C"", ""C"", ""Br"", ""C"", ""Cl"", ""C"", ""Br"", ""C"", ""H"", ""H""]",C24H8Br8Cl4F4,"[true, true, true]","[12.186201535333439, 0.0, 0.0, 0.0, 11.943516538979864, 0.0, -10.92030429920182, 0.0, 13.87660886126218]",2019.6862952177617,[],"{""cutoff=6.000_skin=0.000"": 1012, ""cutoff=6.000_skin=0.500"": 1248}",0.0,,
OPT-RFT-SOXLEX48-R512-v1,7157da7c8384b8258ca02f46774c12c53148908357151f22a621bec141f2564b,OPT-RFT-SOXLEX48-R512-v1:0048,SOXLEX_C1_14_1780_z1_12,525b619c6478ecfb27b1d3ec92f9fd7cf8dc2980ed1ec6447f823fc14fa0981e,48,cross_family_test_set,SOXLEX/structures/SOXLEX_C1_14_1780_z1_12.cif,e2034f22712d6f285033cd8d1f4500d17bfec5d700a46365d74fe651149ee226,525b619c6478ecfb27b1d3ec92f9fd7cf8dc2980ed1ec6447f823fc14fa0981e,0,48,"[""F"", ""C"", ""C"", ""C"", ""Br"", ""C"", ""Cl"", ""C"", ""Br"", ""C"", ""H"", ""H"", ""F"", ""C"", ""C"", ""C"", ""Br"", ""C"", ""Cl"", ""C"", ""Br"", ""C"", ""H"", ""H"", ""F"", ""C"", ""C"", ""C"", ""Br"", ""C"", ""Cl"", ""C"", ""Br"", ""C"", ""H"", ""H"", ""F"", ""C"", ""C"", ""C"", ""Br"", ""C"", ""Cl"", ""C"", ""Br"", ""C"", ""H"", ""H""]",C24H8Br8Cl4F4,"[true, true, true]","[11.546037430997224, 0.0, 0.0, 0.0, 13.524004166754388, 0.0, 0.988811408302101, 0.0, 13.166259294934637]",2055.8937240803343,[],"{""cutoff=6.000_skin=0.000"": 1016, ""cutoff=6.000_skin=0.500"": 1316}",0.0,,
OPT-RFT-SOXLEX48-R512-v1,7157da7c8384b8258ca02f46774c12c53148908357151f22a621bec141f2564b,OPT-RFT-SOXLEX48-R512-v1:0049,SOXLEX_C1_14_677_z1_12,424f6b6b41ce829aa5ad7863304f9f6e03262870135540ca2c917c74474f145c,49,cross_family_test_set,SOXLEX/structures/SOXLEX_C1_14_677_z1_12.cif,e0f2917e170e1731a2ddeee9bdd4de7ae39639a83287603b5fb854f5a04d2b9a,424f6b6b41ce829aa5ad7863304f9f6e03262870135540ca2c917c74474f145c,0,48,"[""F"", ""C"", ""C"", ""C"", ""Br"", ""C"", ""Cl"", ""C"", ""Br"", ""C"", ""H"", ""H"", ""F"", ""C"", ""C"", ""C"", ""Br"", ""C"", ""Cl"", ""C"", ""Br"", ""C"", ""H"", ""H"", ""F"", ""C"", ""C"", ""C"", ""Br"", ""C"", ""Cl"", ""C"", ""Br"", ""C"", ""H"", ""H"", ""F"", ""C"", ""C"", ""C"", ""Br"", ""C"", ""Cl"", ""C"", ""Br"", ""C"", ""H"", ""H""]",C24H8Br8Cl4F4,"[true, true, true]","[13.490740562487073, 0.0, 0.0, 0.0, 13.065822818604058, 0.0, 4.477298805993733, 0.0, 13.147017531456424]",2317.3935676884826,[],"{""cutoff=6.000_skin=0.000"": 1016, ""cutoff=6.000_skin=0.500"": 1140}",0.0,,
OPT-RFT-SOXLEX48-R512-v1,7157da7c8384b8258ca02f46774c12c53148908357151f22a621bec141f2564b,OPT-RFT-SOXLEX48-R512-v1:0050,SOXLEX_C1_14_2767_z1_12,0f92cb3b5597ed7aab72846152b2ede469face9cc679495b25792b59245a29c9,50,cross_family_test_set,SOXLEX/structures/SOXLEX_C1_14_2767_z1_12.cif,ff0889e04b6d549ad7826ba06607fb2ad5b98088a37f1c2e7d4e67d9bd333fcf,0f92cb3b5597ed7aab72846152b2ede469face9cc679495b25792b59245a29c9,0,48,"[""F"", ""C"", ""C"", ""C"", ""Br"", ""C"", ""Cl"", ""C"", ""Br"", ""C"", ""H"", ""H"", ""F"", ""C"", ""C"", ""C"", ""Br"", ""C"", ""Cl"", ""C"", ""Br"", ""C"", ""H"", ""H"", ""F"", ""C"", ""C"", ""C"", ""Br"", ""C"", ""Cl"", ""C"", ""Br"", ""C"", ""H"", ""H"", ""F"", ""C"", ""C"", ""C"", ""Br"", ""C"", ""Cl"", ""C"", ""Br"", ""C"", ""H"", ""H""]",C24H8Br8Cl4F4,"[true, true, true]","[13.800979468190832, 0.0, 0.0, 0.0, 9.231510085555868, 0.0, -6.470501995960375, 0.0, 15.003560621889518]",1911.5118543153333,[],"{""cutoff=6.000_skin=0.000"": 1020, ""cutoff=6.000_skin=0.500"": 1212}",0.0,,
OPT-RFT-SOXLEX48-R512-v1,7157da7c8384b8258ca02f46774c12c53148908357151f22a621bec141f2564b,OPT-RFT-SOXLEX48-R512-v1:0051,SOXLEX_C1_14_2553_z1_12,c70d0babeb6ac8b7bff649c943d5c345b5dec66ca7d00bf6ad01d28d1666db05,51,cross_family_test_set,SOXLEX/structures/SOXLEX_C1_14_2553_z1_12.cif,3dd0ba6ceace930b69697d952bf3cd62f43faf6b022f278a86eb5999d52f2602,c70d0babeb6ac8b7bff649c943d5c345b5dec66ca7d00bf6ad01d28d1666db05,0,48,"[""F"", ""C"", ""C"", ""C"", ""Br"", ""C"", ""Cl"", ""C"", ""Br"", ""C"", ""H"", ""H"", ""F"", ""C"", ""C"", ""C"", ""Br"", ""C"", ""Cl"", ""C"", ""Br"", ""C"", ""H"", ""H"", ""F"", ""C"", ""C"", ""C"", ""Br"", ""C"", ""Cl"", ""C"", ""Br"", ""C"", ""H"", ""H"", ""F"", ""C"", ""C"", ""C"", ""Br"", ""C"", ""Cl"", ""C"", ""Br"", ""C"", ""H"", ""H""]",C24H8Br8Cl4F4,"[true, true, true]","[9.347489513339823, 0.0, 0.0, 0.0, 15.297540526871174, 0.0, 8.210679727451925, 0.0, 11.702932345688529]",1673.444422626821,[],"{""cutoff=6.000_skin=0.000"": 1024, ""cutoff=6.000_skin=0.500"": 1284}",0.0,,
OPT-RFT-SOXLEX48-R512-v1,7157da7c8384b8258ca02f46774c12c53148908357151f22a621bec141f2564b,OPT-RFT-SOXLEX48-R512-v1:0052,SOXLEX_C1_14_1179_z1_12,b7ea2087cfbb8d188d2ae656a0c009af1ad5ef6d3354e041b2dd6ba7d0adf917,52,cross_family_test_set,SOXLEX/structures/SOXLEX_C1_14_1179_z1_12.cif,3600ba18f14e1965893a54825d78174f0681d17e8c81f49d92f3ccc8b98f1754,b7ea2087cfbb8d188d2ae656a0c009af1ad5ef6d3354e041b2dd6ba7d0adf917,0,48,"[""F"", ""C"", ""C"", ""C"", ""Br"", ""C"", ""Cl"", ""C"", ""Br"", ""C"", ""H"", ""H"", ""F"", ""C"", ""C"", ""C"", ""Br"", ""C"", ""Cl"", ""C"", ""Br"", ""C"", ""H"", ""H"", ""F"", ""C"", ""C"", ""C"", ""Br"", ""C"", ""Cl"", ""C"", ""Br"", ""C"", ""H"", ""H"", ""F"", ""C"", ""C"", ""C"", ""Br"", ""C"", ""Cl"", ""C"", ""Br"", ""C"", ""H"", ""H""]",C24H8Br8Cl4F4,"[true, true, true]","[11.37047814421041, 0.0, 0.0, 0.0, 12.854233437410102, 0.0, -4.627393955176287, 0.0, 13.080565303294037]",1911.8394711572955,[],"{""cutoff=6.000_skin=0.000"": 1028, ""cutoff=6.000_skin=0.500"": 1264}",0.0,,
OPT-RFT-SOXLEX48-R512-v1,7157da7c8384b8258ca02f46774c12c53148908357151f22a621bec141f2564b,OPT-RFT-SOXLEX48-R512-v1:0053,SOXLEX_C1_14_2908_z1_12,e97496fee1760519769ae4db589f09779d44532e7c84d6df544f1e05a73dfaf3,53,cross_family_test_set,SOXLEX/structures/SOXLEX_C1_14_2908_z1_12.cif,452a6134967da1869c69fe253fc2e75d973f82b781d88d782fea109268917e52,e97496fee1760519769ae4db589f09779d44532e7c84d6df544f1e05a73dfaf3,0,48,"[""F"", ""C"", ""C"", ""C"", ""Br"", ""C"", ""Cl"", ""C"", ""Br"", ""C"", ""H"", ""H"", ""F"", ""C"", ""C"", ""C"", ""Br"", ""C"", ""Cl"", ""C"", ""Br"", ""C"", ""H"", ""H"", ""F"", ""C"", ""C"", ""C"", ""Br"", ""C"", ""Cl"", ""C"", ""Br"", ""C"", ""H"", ""H"", ""F"", ""C"", ""C"", ""C"", ""Br"", ""C"", ""Cl"", ""C"", ""Br"", ""C"", ""H"", ""H""]",C24H8Br8Cl4F4,"[true, true, true]","[8.011758128656126, 0.0, 0.0, 0.0, 14.131587857024243, 0.0, 2.2435812024928397, 0.0, 13.828247489259425]",1565.6184702453215,[],"{""cutoff=6.000_skin=0.000"": 1028, ""cutoff=6.000_skin=0.500"": 1256}",0.0,,
OPT-RFT-SOXLEX48-R512-v1,7157da7c8384b8258ca02f46774c12c53148908357151f22a621bec141f2564b,OPT-RFT-SOXLEX48-R512-v1:0054,SOXLEX_C1_14_1343_z1_12,ce6ad220e9747a818d1655f6f70329d55add8b4c9847f23739175fddc651d66d,54,cross_family_test_set,SOXLEX/structures/SOXLEX_C1_14_1343_z1_12.cif,f6b7dba273a09614324348f794920940ba2703965078bca0961ebc535605b899,ce6ad220e9747a818d1655f6f70329d55add8b4c9847f23739175fddc651d66d,0,48,"[""F"", ""C"", ""C"", ""C"", ""Br"", ""C"", ""Cl"", ""C"", ""Br"", ""C"", ""H"", ""H"", ""F"", ""C"", ""C"", ""C"", ""Br"", ""C"", ""Cl"", ""C"", ""Br"", ""C"", ""H"", ""H"", ""F"", ""C"", ""C"", ""C"", ""Br"", ""C"", ""Cl"", ""C"", ""Br"", ""C"", ""H"", ""H"", ""F"", ""C"", ""C"", ""C"", ""Br"", ""C"", ""Cl"", ""C"", ""Br"", ""C"", ""H"", ""H""]",C24H8Br8Cl4F4,"[true, true, true]","[7.024967431054419, 0.0, 0.0, 0.0, 28.1000305240484, 0.0, 4.489314978663074, 0.0, 9.202942894320595]",1816.677485670159,[],"{""cutoff=6.000_skin=0.000"": 1032, ""cutoff=6.000_skin=0.500"": 1308}",0.0,,
OPT-RFT-SOXLEX48-R512-v1,7157da7c8384b8258ca02f46774c12c53148908357151f22a621bec141f2564b,OPT-RFT-SOXLEX48-R512-v1:0055,SOXLEX_C1_14_4186_z1_12,796613a6d6be3426fee22a254333b0470645a973284ad14ea7fb045a9743bb56,55,cross_family_test_set,SOXLEX/structures/SOXLEX_C1_14_4186_z1_12.cif,9b4e374c0b07d5783f539ee27835c68ff9a23d049fcbda5ef1db2ebf5db6ac14,796613a6d6be3426fee22a254333b0470645a973284ad14ea7fb045a9743bb56,0,48,"[""F"", ""C"", ""C"", ""C"", ""Br"", ""C"", ""Cl"", ""C"", ""Br"", ""C"", ""H"", ""H"", ""F"", ""C"", ""C"", ""C"", ""Br"", ""C"", ""Cl"", ""C"", ""Br"", ""C"", ""H"", ""H"", ""F"", ""C"", ""C"", ""C"", ""Br"", ""C"", ""Cl"", ""C"", ""Br"", ""C"", ""H"", ""H"", ""F"", ""C"", ""C"", ""C"", ""Br"", ""C"", ""Cl"", ""C"", ""Br"", ""C"", ""H"", ""H""]",C24H8Br8Cl4F4,"[true, true, true]","[9.712578220469123, 0.0, 0.0, 0.0, 12.525162199904418, 0.0, -3.9074818260013355, 0.0, 13.652896189281556]",1660.8969062231158,[],"{""cutoff=6.000_skin=0.000"": 1032, ""cutoff=6.000_skin=0.500"": 1400}",0.0,,
OPT-RFT-SOXLEX48-R512-v1,7157da7c8384b8258ca02f46774c12c53148908357151f22a621bec141f2564b,OPT-RFT-SOXLEX48-R512-v1:0056,SOXLEX_C1_14_97_z1_12,9a7b47fc5b2486ef2b089b34f8c029ac0b065a5f37419a65d736e8398edbccdd,56,cross_family_test_set,SOXLEX/structures/SOXLEX_C1_14_97_z1_12.cif,ab0e0e386ba2a1a64cc48680ccc7c538bc87c85a1f1fca4359a434f5f44d08d2,9a7b47fc5b2486ef2b089b34f8c029ac0b065a5f37419a65d736e8398edbccdd,0,48,"[""F"", ""C"", ""C"", ""C"", ""Br"", ""C"", ""Cl"", ""C"", ""Br"", ""C"", ""H"", ""H"", ""F"", ""C"", ""C"", ""C"", ""Br"", ""C"", ""Cl"", ""C"", ""Br"", ""C"", ""H"", ""H"", ""F"", ""C"", ""C"", ""C"", ""Br"", ""C"", ""Cl"", ""C"", ""Br"", ""C"", ""H"", ""H"", ""F"", ""C"", ""C"", ""C"", ""Br"", ""C"", ""Cl"", ""C"", ""Br"", ""C"", ""H"", ""H""]",C24H8Br8Cl4F4,"[true, true, true]","[12.65290281516144, 0.0, 0.0, 0.0, 12.197163959369561, 0.0, 6.302718806038994, 0.0, 11.381545842884323]",1756.5086228649463,[],"{""cutoff=6.000_skin=0.000"": 1032, ""cutoff=6.000_skin=0.500"": 1340}",0.0,,
OPT-RFT-SOXLEX48-R512-v1,7157da7c8384b8258ca02f46774c12c53148908357151f22a621bec141f2564b,OPT-RFT-SOXLEX48-R512-v1:0057,SOXLEX_C1_14_1097_z1_12,725ebfde99e9dd7fe0445365ed15bb55679395913bacb7e3b31b5973ef59482c,57,cross_family_test_set,SOXLEX/structures/SOXLEX_C1_14_1097_z1_12.cif,b159c14c43d5f8419ad3cc1b4681b7b81136313892bd494d1dca82dee3d1ebcd,725ebfde99e9dd7fe0445365ed15bb55679395913bacb7e3b31b5973ef59482c,0,48,"[""F"", ""C"", ""C"", ""C"", ""Br"", ""C"", ""Cl"", ""C"", ""Br"", ""C"", ""H"", ""H"", ""F"", ""C"", ""C"", ""C"", ""Br"", ""C"", ""Cl"", ""C"", ""Br"", ""C"", ""H"", ""H"", ""F"", ""C"", ""C"", ""C"", ""Br"", ""C"", ""Cl"", ""C"", ""Br"", ""C"", ""H"", ""H"", ""F"", ""C"", ""C"", ""C"", ""Br"", ""C"", ""Cl"", ""C"", ""Br"", ""C"", ""H"", ""H""]",C24H8Br8Cl4F4,"[true, true, true]","[11.671883996586605, 0.0, 0.0, 0.0, 10.82381323246212, 0.0, -4.860383325383507, 0.0, 15.405329158700447]",1946.221359224035,[],"{""cutoff=6.000_skin=0.000"": 1040, ""cutoff=6.000_skin=0.500"": 1336}",0.0,,
OPT-RFT-SOXLEX48-R512-v1,7157da7c8384b8258ca02f46774c12c53148908357151f22a621bec141f2564b,OPT-RFT-SOXLEX48-R512-v1:0058,SOXLEX_C1_14_389_z1_12,a9d0b4808aaf304fc32852d381196fa63cbc8af7951c1375a091066955108f3e,58,cross_family_test_set,SOXLEX/structures/SOXLEX_C1_14_389_z1_12.cif,b22ae7057cd2f77e66f415ecbec4cf512980d6a14b0adacbf704fb4e12085243,a9d0b4808aaf304fc32852d381196fa63cbc8af7951c1375a091066955108f3e,0,48,"[""F"", ""C"", ""C"", ""C"", ""Br"", ""C"", ""Cl"", ""C"", ""Br"", ""C"", ""H"", ""H"", ""F"", ""C"", ""C"", ""C"", ""Br"", ""C"", ""Cl"", ""C"", ""Br"", ""C"", ""H"", ""H"", ""F"", ""C"", ""C"", ""C"", ""Br"", ""C"", ""Cl"", ""C"", ""Br"", ""C"", ""H"", ""H"", ""F"", ""C"", ""C"", ""C"", ""Br"", ""C"", ""Cl"", ""C"", ""Br"", ""C"", ""H"", ""H""]",C24H8Br8Cl4F4,"[true, true, true]","[17.177120922282555, 0.0, 0.0, 0.0, 12.137483175493031, 0.0, -3.626200116270814, 0.0, 8.987553844335293]",1873.78828392086,[],"{""cutoff=6.000_skin=0.000"": 1040, ""cutoff=6.000_skin=0.500"": 1300}",0.0,,
OPT-RFT-SOXLEX48-R512-v1,7157da7c8384b8258ca02f46774c12c53148908357151f22a621bec141f2564b,OPT-RFT-SOXLEX48-R512-v1:0059,SOXLEX_C1_14_1864_z1_12,277b8f76cac0814f34acd33fa3523df207a6fdacfb415ac44bbebe75f1ec8f00,59,cross_family_test_set,SOXLEX/structures/SOXLEX_C1_14_1864_z1_12.cif,03a232e8bf813b6eef1c3edbc5bee5a536a1abd37cb6e0a388b22d4eccd97ce0,277b8f76cac0814f34acd33fa3523df207a6fdacfb415ac44bbebe75f1ec8f00,0,48,"[""F"", ""C"", ""C"", ""C"", ""Br"", ""C"", ""Cl"", ""C"", ""Br"", ""C"", ""H"", ""H"", ""F"", ""C"", ""C"", ""C"", ""Br"", ""C"", ""Cl"", ""C"", ""Br"", ""C"", ""H"", ""H"", ""F"", ""C"", ""C"", ""C"", ""Br"", ""C"", ""Cl"", ""C"", ""Br"", ""C"", ""H"", ""H"", ""F"", ""C"", ""C"", ""C"", ""Br"", ""C"", ""Cl"", ""C"", ""Br"", ""C"", ""H"", ""H""]",C24H8Br8Cl4F4,"[true, true, true]","[13.866195849138563, 0.0, 0.0, 0.0, 8.252573279972887, 0.0, 2.4033601383472365, 0.0, 14.603398658199344]",1671.09315601465,[],"{""cutoff=6.000_skin=0.000"": 1048, ""cutoff=6.000_skin=0.500"": 1364}",0.0,,
OPT-RFT-SOXLEX48-R512-v1,7157da7c8384b8258ca02f46774c12c53148908357151f22a621bec141f2564b,OPT-RFT-SOXLEX48-R512-v1:0060,SOXLEX_C1_14_3451_z1_12,82586cafd6f9bf40b71ca5c466384a213bfcd86cf9783bb616212d8b3853bc37,60,cross_family_test_set,SOXLEX/structures/SOXLEX_C1_14_3451_z1_12.cif,99d7c8c90413efa5e6abe578ba7377a20a563fb7fb2763c83421d4d42ec30358,82586cafd6f9bf40b71ca5c466384a213bfcd86cf9783bb616212d8b3853bc37,0,48,"[""F"", ""C"", ""C"", ""C"", ""Br"", ""C"", ""Cl"", ""C"", ""Br"", ""C"", ""H"", ""H"", ""F"", ""C"", ""C"", ""C"", ""Br"", ""C"", ""Cl"", ""C"", ""Br"", ""C"", ""H"", ""H"", ""F"", ""C"", ""C"", ""C"", ""Br"", ""C"", ""Cl"", ""C"", ""Br"", ""C"", ""H"", ""H"", ""F"", ""C"", ""C"", ""C"", ""Br"", ""C"", ""Cl"", ""C"", ""Br"", ""C"", ""H"", ""H""]",C24H8Br8Cl4F4,"[true, true, true]","[13.366962160908457, 0.0, 0.0, 0.0, 10.127958313534098, 0.0, -0.6290857529954754, 0.0, 12.523066779261997]",1695.3732256997387,[],"{""cutoff=6.000_skin=0.000"": 1048, ""cutoff=6.000_skin=0.500"": 1444}",0.0,,
OPT-RFT-SOXLEX48-R512-v1,7157da7c8384b8258ca02f46774c12c53148908357151f22a621bec141f2564b,OPT-RFT-SOXLEX48-R512-v1:0061,SOXLEX_C1_14_4674_z1_12,9e4da3a9a53e507e0142b809f95c91d2e6ed340a0c72bf6bec275f2341febefa,61,cross_family_test_set,SOXLEX/structures/SOXLEX_C1_14_4674_z1_12.cif,a7eb0d06a0665b1f55c2f5935f026656a6276ebb492635fd86ac164f5305985e,9e4da3a9a53e507e0142b809f95c91d2e6ed340a0c72bf6bec275f2341febefa,0,48,"[""F"", ""C"", ""C"", ""C"", ""Br"", ""C"", ""Cl"", ""C"", ""Br"", ""C"", ""H"", ""H"", ""F"", ""C"", ""C"", ""C"", ""Br"", ""C"", ""Cl"", ""C"", ""Br"", ""C"", ""H"", ""H"", ""F"", ""C"", ""C"", ""C"", ""Br"", ""C"", ""Cl"", ""C"", ""Br"", ""C"", ""H"", ""H"", ""F"", ""C"", ""C"", ""C"", ""Br"", ""C"", ""Cl"", ""C"", ""Br"", ""C"", ""H"", ""H""]",C24H8Br8Cl4F4,"[true, true, true]","[12.39856418174736, 0.0, 0.0, 0.0, 12.324856844138118, 0.0, -3.05060195162406, 0.0, 12.443945900925703]",1901.565951150721,[],"{""cutoff=6.000_skin=0.000"": 1052, ""cutoff=6.000_skin=0.500"": 1268}",0.0,,
OPT-RFT-SOXLEX48-R512-v1,7157da7c8384b8258ca02f46774c12c53148908357151f22a621bec141f2564b,OPT-RFT-SOXLEX48-R512-v1:0062,SOXLEX_C1_14_4446_z1_12,4fe309daf0bb221171038b4b3415ea19e33928c0659ce3e0e9366bc9a5590328,62,cross_family_test_set,SOXLEX/structures/SOXLEX_C1_14_4446_z1_12.cif,db8a69ac2f94d9643d45d4fcdd6158a5af9c04499d59c5df9f4dd8f31585e1f0,4fe309daf0bb221171038b4b3415ea19e33928c0659ce3e0e9366bc9a5590328,0,48,"[""F"", ""C"", ""C"", ""C"", ""Br"", ""C"", ""Cl"", ""C"", ""Br"", ""C"", ""H"", ""H"", ""F"", ""C"", ""C"", ""C"", ""Br"", ""C"", ""Cl"", ""C"", ""Br"", ""C"", ""H"", ""H"", ""F"", ""C"", ""C"", ""C"", ""Br"", ""C"", ""Cl"", ""C"", ""Br"", ""C"", ""H"", ""H"", ""F"", ""C"", ""C"", ""C"", ""Br"", ""C"", ""Cl"", ""C"", ""Br"", ""C"", ""H"", ""H""]",C24H8Br8Cl4F4,"[true, true, true]","[8.303549252489496, 0.0, 0.0, 0.0, 13.89410712239895, 0.0, -1.7911148485944108, 0.0, 14.284110837163093]",1647.9636210691162,[],"{""cutoff=6.000_skin=0.000"": 1056, ""cutoff=6.000_skin=0.500"": 1332}",0.0,,
OPT-RFT-SOXLEX48-R512-v1,7157da7c8384b8258ca02f46774c12c53148908357151f22a621bec141f2564b,OPT-RFT-SOXLEX48-R512-v1:0063,SOXLEX_C1_14_2040_z1_12,3a96e88f75b8ee289174cd6fcaed91979535a69c3fd5fc8c1516cbfd3374cdf7,63,cross_family_test_set,SOXLEX/structures/SOXLEX_C1_14_2040_z1_12.cif,974aceb44718ebce395f4109ce6b9f00a28bbc3025bc98c7f54ca58c07dba6bc,3a96e88f75b8ee289174cd6fcaed91979535a69c3fd5fc8c1516cbfd3374cdf7,0,48,"[""F"", ""C"", ""C"", ""C"", ""Br"", ""C"", ""Cl"", ""C"", ""Br"", ""C"", ""H"", ""H"", ""F"", ""C"", ""C"", ""C"", ""Br"", ""C"", ""Cl"", ""C"", ""Br"", ""C"", ""H"", ""H"", ""F"", ""C"", ""C"", ""C"", ""Br"", ""C"", ""Cl"", ""C"", ""Br"", ""C"", ""H"", ""H"", ""F"", ""C"", ""C"", ""C"", ""Br"", ""C"", ""Cl"", ""C"", ""Br"", ""C"", ""H"", ""H""]",C24H8Br8Cl4F4,"[true, true, true]","[12.428491718014339, 0.0, 0.0, 0.0, 11.777721658340322, 0.0, 8.968136291413227, 0.0, 11.288304560823372]",1652.374301403677,[],"{""cutoff=6.000_skin=0.000"": 1060, ""cutoff=6.000_skin=0.500"": 1368}",0.0,,
OPT-RFT-SOXLEX48-R512-v1,7157da7c8384b8258ca02f46774c12c53148908357151f22a621bec141f2564b,OPT-RFT-SOXLEX48-R512-v1:0064,SOXLEX_C1_14_3909_z1_12,ceae258ab7b4d87a06f2e599cfad2722e2ee3ad10f6237ff6cd3fe21e054fbd2,64,cross_family_test_set,SOXLEX/structures/SOXLEX_C1_14_3909_z1_12.cif,8abeff6d89fbea5f62cf6db165d52679151574792c314d4e924cb97046026be2,ceae258ab7b4d87a06f2e599cfad2722e2ee3ad10f6237ff6cd3fe21e054fbd2,0,48,"[""F"", ""C"", ""C"", ""C"", ""Br"", ""C"", ""Cl"", ""C"", ""Br"", ""C"", ""H"", ""H"", ""F"", ""C"", ""C"", ""C"", ""Br"", ""C"", ""Cl"", ""C"", ""Br"", ""C"", ""H"", ""H"", ""F"", ""C"", ""C"", ""C"", ""Br"", ""C"", ""Cl"", ""C"", ""Br"", ""C"", ""H"", ""H"", ""F"", ""C"", ""C"", ""C"", ""Br"", ""C"", ""Cl"", ""C"", ""Br"", ""C"", ""H"", ""H""]",C24H8Br8Cl4F4,"[true, true, true]","[13.158309551344146, 0.0, 0.0, 0.0, 12.32128546272827, 0.0, 4.650190630988088, 0.0, 14.94189034408]",2422.488161903917,[],"{""cutoff=6.000_skin=0.000"": 1060, ""cutoff=6.000_skin=0.500"": 1172}",0.0,,
OPT-RFT-SOXLEX48-R512-v1,7157da7c8384b8258ca02f46774c12c53148908357151f22a621bec141f2564b,OPT-RFT-SOXLEX48-R512-v1:0065,SOXLEX_C1_14_1629_z1_12,b59c2e03933946b513f7793aea13b55ee38e6bdf01f167d7abf8b51e617bd67a,65,cross_family_test_set,SOXLEX/structures/SOXLEX_C1_14_1629_z1_12.cif,6707cfd67c71d2f47a4d36b65df7aaae09b1dde6d02bac1ee8350d59f8d31f63,b59c2e03933946b513f7793aea13b55ee38e6bdf01f167d7abf8b51e617bd67a,0,48,"[""F"", ""C"", ""C"", ""C"", ""Br"", ""C"", ""Cl"", ""C"", ""Br"", ""C"", ""H"", ""H"", ""F"", ""C"", ""C"", ""C"", ""Br"", ""C"", ""Cl"", ""C"", ""Br"", ""C"", ""H"", ""H"", ""F"", ""C"", ""C"", ""C"", ""Br"", ""C"", ""Cl"", ""C"", ""Br"", ""C"", ""H"", ""H"", ""F"", ""C"", ""C"", ""C"", ""Br"", ""C"", ""Cl"", ""C"", ""Br"", ""C"", ""H"", ""H""]",C24H8Br8Cl4F4,"[true, true, true]","[9.318593612443756, 0.0, 0.0, 0.0, 14.207247196694784, 0.0, 1.704514393324163, 0.0, 12.733533561911115]",1685.8124104882402,[],"{""cutoff=6.000_skin=0.000"": 1064, ""cutoff=6.000_skin=0.500"": 1256}",0.0,,
OPT-RFT-SOXLEX48-R512-v1,7157da7c8384b8258ca02f46774c12c53148908357151f22a621bec141f2564b,OPT-RFT-SOXLEX48-R512-v1:0066,SOXLEX_C1_14_1080_z1_12,949fd5f170b3a9965c521983128c41faa0bc57a867a72be174d6a15282b32d78,66,cross_family_test_set,SOXLEX/structures/SOXLEX_C1_14_1080_z1_12.cif,f96cae2b4a505ee16aea6726e88884e06d490adb7045ba5576a2223c81af60f1,949fd5f170b3a9965c521983128c41faa0bc57a867a72be174d6a15282b32d78,0,48,"[""F"", ""C"", ""C"", ""C"", ""Br"", ""C"", ""Cl"", ""C"", ""Br"", ""C"", ""H"", ""H"", ""F"", ""C"", ""C"", ""C"", ""Br"", ""C"", ""Cl"", ""C"", ""Br"", ""C"", ""H"", ""H"", ""F"", ""C"", ""C"", ""C"", ""Br"", ""C"", ""Cl"", ""C"", ""Br"", ""C"", ""H"", ""H"", ""F"", ""C"", ""C"", ""C"", ""Br"", ""C"", ""Cl"", ""C"", ""Br"", ""C"", ""H"", ""H""]",C24H8Br8Cl4F4,"[true, true, true]","[6.898952747284056, 0.0, 0.0, 0.0, 15.166019970336198, 0.0, 1.8681889555490638, 0.0, 15.42736223626943]",1614.159590496345,[],"{""cutoff=6.000_skin=0.000"": 1068, ""cutoff=6.000_skin=0.500"": 1396}",0.0,,
OPT-RFT-SOXLEX48-R512-v1,7157da7c8384b8258ca02f46774c12c53148908357151f22a621bec141f2564b,OPT-RFT-SOXLEX48-R512-v1:0067,SOXLEX_C1_14_2912_z1_12,a453f23a1695e962acd11b1d8a44ad11db7512b4dc88a13edcc0fbc947970395,67,cross_family_test_set,SOXLEX/structures/SOXLEX_C1_14_2912_z1_12.cif,2ac86521bcc99576e8a9e67876a87747011bdba4b67a25318ce0fe2b7847f38a,a453f23a1695e962acd11b1d8a44ad11db7512b4dc88a13edcc0fbc947970395,0,48,"[""F"", ""C"", ""C"", ""C"", ""Br"", ""C"", ""Cl"", ""C"", ""Br"", ""C"", ""H"", ""H"", ""F"", ""C"", ""C"", ""C"", ""Br"", ""C"", ""Cl"", ""C"", ""Br"", ""C"", ""H"", ""H"", ""F"", ""C"", ""C"", ""C"", ""Br"", ""C"", ""Cl"", ""C"", ""Br"", ""C"", ""H"", ""H"", ""F"", ""C"", ""C"", ""C"", ""Br"", ""C"", ""Cl"", ""C"", ""Br"", ""C"", ""H"", ""H""]",C24H8Br8Cl4F4,"[true, true, true]","[9.14988264194349, 0.0, 0.0, 0.0, 11.162853447871688, 0.0, 1.7231155896381805, 0.0, 15.472298456329064]",1580.3219820563038,[],"{""cutoff=6.000_skin=0.000"": 1068, ""cutoff=6.000_skin=0.500"": 1368}",0.0,,
OPT-RFT-SOXLEX48-R512-v1,7157da7c8384b8258ca02f46774c12c53148908357151f22a621bec141f2564b,OPT-RFT-SOXLEX48-R512-v1:0068,SOXLEX_C1_14_1723_z1_12,4b53e88a401e315c1f2ccd07759c5a96fb123700d3ddf781af5518b1fdc66fbf,68,cross_family_test_set,SOXLEX/structures/SOXLEX_C1_14_1723_z1_12.cif,9dbf06d1ce6b29b3f12c12b260452d12d2cf57e5a0a4392eff076e168f943303,4b53e88a401e315c1f2ccd07759c5a96fb123700d3ddf781af5518b1fdc66fbf,0,48,"[""F"", ""C"", ""C"", ""C"", ""Br"", ""C"", ""Cl"", ""C"", ""Br"", ""C"", ""H"", ""H"", ""F"", ""C"", ""C"", ""C"", ""Br"", ""C"", ""Cl"", ""C"", ""Br"", ""C"", ""H"", ""H"", ""F"", ""C"", ""C"", ""C"", ""Br"", ""C"", ""Cl"", ""C"", ""Br"", ""C"", ""H"", ""H"", ""F"", ""C"", ""C"", ""C"", ""Br"", ""C"", ""Cl"", ""C"", ""Br"", ""C"", ""H"", ""H""]",C24H8Br8Cl4F4,"[true, true, true]","[7.4756359890299535, 0.0, 0.0, 0.0, 16.167313663640545, 0.0, 5.419069226409962, 0.0, 12.992366601160692]",1570.2697944582897,[],"{""cutoff=6.000_skin=0.000"": 1072, ""cutoff=6.000_skin=0.500"": 1344}",0.0,,
OPT-RFT-SOXLEX48-R512-v1,7157da7c8384b8258ca02f46774c12c53148908357151f22a621bec141f2564b,OPT-RFT-SOXLEX48-R512-v1:0069,SOXLEX_C1_14_1549_z1_12,e44d9143bd61d33db60c672f249ffbc9c3bd41350f09801b8cfa0b6cef56e24f,69,cross_family_test_set,SOXLEX/structures/SOXLEX_C1_14_1549_z1_12.cif,18bfd8f73cac47179b1e7a2129128cf08eea046d4cbdcb16b64e82b70f9c6d73,e44d9143bd61d33db60c672f249ffbc9c3bd41350f09801b8cfa0b6cef56e24f,0,48,"[""F"", ""C"", ""C"", ""C"", ""Br"", ""C"", ""Cl"", ""C"", ""Br"", ""C"", ""H"", ""H"", ""F"", ""C"", ""C"", ""C"", ""Br"", ""C"", ""Cl"", ""C"", ""Br"", ""C"", ""H"", ""H"", ""F"", ""C"", ""C"", ""C"", ""Br"", ""C"", ""Cl"", ""C"", ""Br"", ""C"", ""H"", ""H"", ""F"", ""C"", ""C"", ""C"", ""Br"", ""C"", ""Cl"", ""C"", ""Br"", ""C"", ""H"", ""H""]",C24H8Br8Cl4F4,"[true, true, true]","[10.183347176593259, 0.0, 0.0, 0.0, 11.399046261031138, 0.0, 2.098728451682558, 0.0, 15.591204607944647]",1809.833977678142,[],"{""cutoff=6.000_skin=0.000"": 1076, ""cutoff=6.000_skin=0.500"": 1336}",0.0,,
OPT-RFT-SOXLEX48-R512-v1,7157da7c8384b8258ca02f46774c12c53148908357151f22a621bec141f2564b,OPT-RFT-SOXLEX48-R512-v1:0070,SOXLEX_C1_14_2475_z1_12,7eb37dc0238d7e317676a02dbf29daeb6a90e88e36b8282f19e527ce11ad44a8,70,cross_family_test_set,SOXLEX/structures/SOXLEX_C1_14_2475_z1_12.cif,d1db946fe7c6d63d17d5c69d8158338d04059f52b7b1406edd3dade8d03c1ff7,7eb37dc0238d7e317676a02dbf29daeb6a90e88e36b8282f19e527ce11ad44a8,0,48,"[""F"", ""C"", ""C"", ""C"", ""Br"", ""C"", ""Cl"", ""C"", ""Br"", ""C"", ""H"", ""H"", ""F"", ""C"", ""C"", ""C"", ""Br"", ""C"", ""Cl"", ""C"", ""Br"", ""C"", ""H"", ""H"", ""F"", ""C"", ""C"", ""C"", ""Br"", ""C"", ""Cl"", ""C"", ""Br"", ""C"", ""H"", ""H"", ""F"", ""C"", ""C"", ""C"", ""Br"", ""C"", ""Cl"", ""C"", ""Br"", ""C"", ""H"", ""H""]",C24H8Br8Cl4F4,"[true, true, true]","[10.84112011137995, 0.0, 0.0, 0.0, 12.53218384579457, 0.0, 3.452396282234538, 0.0, 13.899996579318925]",1888.4939888454605,[],"{""cutoff=6.000_skin=0.000"": 1076, ""cutoff=6.000_skin=0.500"": 1272}",0.0,,
OPT-RFT-SOXLEX48-R512-v1,7157da7c8384b8258ca02f46774c12c53148908357151f22a621bec141f2564b,OPT-RFT-SOXLEX48-R512-v1:0071,SOXLEX_C1_14_4261_z1_12,ae823ac545092ec7cfbb60b3a18a5d49f1d7825a14942e61aecd0dab0e230dc9,71,cross_family_test_set,SOXLEX/structures/SOXLEX_C1_14_4261_z1_12.cif,b24d4b6d567ccdc4242b7425f71396edccbbc0695059f26741cbd447c793e3af,ae823ac545092ec7cfbb60b3a18a5d49f1d7825a14942e61aecd0dab0e230dc9,0,48,"[""F"", ""C"", ""C"", ""C"", ""Br"", ""C"", ""Cl"", ""C"", ""Br"", ""C"", ""H"", ""H"", ""F"", ""C"", ""C"", ""C"", ""Br"", ""C"", ""Cl"", ""C"", ""Br"", ""C"", ""H"", ""H"", ""F"", ""C"", ""C"", ""C"", ""Br"", ""C"", ""Cl"", ""C"", ""Br"", ""C"", ""H"", ""H"", ""F"", ""C"", ""C"", ""C"", ""Br"", ""C"", ""Cl"", ""C"", ""Br"", ""C"", ""H"", ""H""]",C24H8Br8Cl4F4,"[true, true, true]","[10.726757025020653, 0.0, 0.0, 0.0, 10.119368547990526, 0.0, 1.7740293811678896, 0.0, 15.568148706500896]",1689.891525059764,[],"{""cutoff=6.000_skin=0.000"": 1076, ""cutoff=6.000_skin=0.500"": 1324}",0.0,,
OPT-RFT-SOXLEX48-R512-v1,7157da7c8384b8258ca02f46774c12c53148908357151f22a621bec141f2564b,OPT-RFT-SOXLEX48-R512-v1:0072,SOXLEX_C1_14_1641_z1_12,b42858b189f6eba6f1a461e24b65f867e9c98d21d49a387a627402c9f8953f52,72,cross_family_test_set,SOXLEX/structures/SOXLEX_C1_14_1641_z1_12.cif,103300049d11f912cd873d27d617f9d4e7d18b4413587bcb26304aa240691d63,b42858b189f6eba6f1a461e24b65f867e9c98d21d49a387a627402c9f8953f52,0,48,"[""F"", ""C"", ""C"", ""C"", ""Br"", ""C"", ""Cl"", ""C"", ""Br"", ""C"", ""H"", ""H"", ""F"", ""C"", ""C"", ""C"", ""Br"", ""C"", ""Cl"", ""C"", ""Br"", ""C"", ""H"", ""H"", ""F"", ""C"", ""C"", ""C"", ""Br"", ""C"", ""Cl"", ""C"", ""Br"", ""C"", ""H"", ""H"", ""F"", ""C"", ""C"", ""C"", ""Br"", ""C"", ""Cl"", ""C"", ""Br"", ""C"", ""H"", ""H""]",C24H8Br8Cl4F4,"[true, true, true]","[12.269021253252262, 0.0, 0.0, 0.0, 10.10775977488274, 0.0, 0.0134213421321756, 0.0, 12.96873594739796]",1608.283025830285,[],"{""cutoff=6.000_skin=0.000"": 1080, ""cutoff=6.000_skin=0.500"": 1424}",0.0,,
OPT-RFT-SOXLEX48-R512-v1,7157da7c8384b8258ca02f46774c12c53148908357151f22a621bec141f2564b,OPT-RFT-SOXLEX48-R512-v1:0073,SOXLEX_C1_14_2238_z1_12,27125dc0def9ea6bd0f854ee5cda2786c99070dfb55430731510ee9f2793a522,73,cross_family_test_set,SOXLEX/structures/SOXLEX_C1_14_2238_z1_12.cif,b42935a64867485df10b5c648d16e7034c20b6cfd055a29271e8655b1b39257c,27125dc0def9ea6bd0f854ee5cda2786c99070dfb55430731510ee9f2793a522,0,48,"[""F"", ""C"", ""C"", ""C"", ""Br"", ""C"", ""Cl"", ""C"", ""Br"", ""C"", ""H"", ""H"", ""F"", ""C"", ""C"", ""C"", ""Br"", ""C"", ""Cl"", ""C"", ""Br"", ""C"", ""H"", ""H"", ""F"", ""C"", ""C"", ""C"", ""Br"", ""C"", ""Cl"", ""C"", ""Br"", ""C"", ""H"", ""H"", ""F"", ""C"", ""C"", ""C"", ""Br"", ""C"", ""Cl"", ""C"", ""Br"", ""C"", ""H"", ""H""]",C24H8Br8Cl4F4,"[true, true, true]","[9.629948780470405, 0.0, 0.0, 0.0, 19.106565658468142, 0.0, -1.241304693981143, 0.0, 9.984818015354737]",1837.1590735774473,[],"{""cutoff=6.000_skin=0.000"": 1084, ""cutoff=6.000_skin=0.500"": 1312}",0.0,,
OPT-RFT-SOXLEX48-R512-v1,7157da7c8384b8258ca02f46774c12c53148908357151f22a621bec141f2564b,OPT-RFT-SOXLEX48-R512-v1:0074,SOXLEX_C1_14_382_z1_12,38f459d9d73bf7f5526f4b4a2f8a5e99a2ab7de4e4089b89d64dcf2bd7669c79,74,cross_family_test_set,SOXLEX/structures/SOXLEX_C1_14_382_z1_12.cif,f59160911f4205d6e4c056cdfbc723dc2430ee28c9798de171dc5ddef4ac5b8f,38f459d9d73bf7f5526f4b4a2f8a5e99a2ab7de4e4089b89d64dcf2bd7669c79,0,48,"[""F"", ""C"", ""C"", ""C"", ""Br"", ""C"", ""Cl"", ""C"", ""Br"", ""C"", ""H"", ""H"", ""F"", ""C"", ""C"", ""C"", ""Br"", ""C"", ""Cl"", ""C"", ""Br"", ""C"", ""H"", ""H"", ""F"", ""C"", ""C"", ""C"", ""Br"", ""C"", ""Cl"", ""C"", ""Br"", ""C"", ""H"", ""H"", ""F"", ""C"", ""C"", ""C"", ""Br"", ""C"", ""Cl"", ""C"", ""Br"", ""C"", ""H"", ""H""]",C24H8Br8Cl4F4,"[true, true, true]","[8.63876985012104, 0.0, 0.0, 0.0, 12.05644273525672, 0.0, -1.7180500755035277, 0.0, 15.339071175680878]",1597.6077338909283,[],"{""cutoff=6.000_skin=0.000"": 1084, ""cutoff=6.000_skin=0.500"": 1372}",0.0,,
OPT-RFT-SOXLEX48-R512-v1,7157da7c8384b8258ca02f46774c12c53148908357151f22a621bec141f2564b,OPT-RFT-SOXLEX48-R512-v1:0075,SOXLEX_C1_14_829_z1_12,6cc753778a664c1125d00538782f00bde6796ceb7bba759c299f6046f784a0c5,75,cross_family_test_set,SOXLEX/structures/SOXLEX_C1_14_829_z1_12.cif,1fee65153b580cb294cf5d16fc1886ef87f912a34e09695809e05b78ac53b811,6cc753778a664c1125d00538782f00bde6796ceb7bba759c299f6046f784a0c5,0,48,"[""F"", ""C"", ""C"", ""C"", ""Br"", ""C"", ""Cl"", ""C"", ""Br"", ""C"", ""H"", ""H"", ""F"", ""C"", ""C"", ""C"", ""Br"", ""C"", ""Cl"", ""C"", ""Br"", ""C"", ""H"", ""H"", ""F"", ""C"", ""C"", ""C"", ""Br"", ""C"", ""Cl"", ""C"", ""Br"", ""C"", ""H"", ""H"", ""F"", ""C"", ""C"", ""C"", ""Br"", ""C"", ""Cl"", ""C"", ""Br"", ""C"", ""H"", ""H""]",C24H8Br8Cl4F4,"[true, true, true]","[7.553063942282673, 0.0, 0.0, 0.0, 14.61600025697339, 0.0, 0.8304334984384942, 0.0, 14.927667480277886]",1647.9485770254762,[],"{""cutoff=6.000_skin=0.000"": 1084, ""cutoff=6.000_skin=0.500"": 1468}",0.0,,
OPT-RFT-SOXLEX48-R512-v1,7157da7c8384b8258ca02f46774c12c53148908357151f22a621bec141f2564b,OPT-RFT-SOXLEX48-R512-v1:0076,SOXLEX_C1_14_1452_z1_12,71639f542d7ed19460d71da691a42b5e239e23aaf768012b0c1205de8e54f0ac,76,cross_family_test_set,SOXLEX/structures/SOXLEX_C1_14_1452_z1_12.cif,e45c04d070a3f455caef7eb9612901f63701d73d12b663912f895b0394b59181,71639f542d7ed19460d71da691a42b5e239e23aaf768012b0c1205de8e54f0ac,0,48,"[""F"", ""C"", ""C"", ""C"", ""Br"", ""C"", ""Cl"", ""C"", ""Br"", ""C"", ""H"", ""H"", ""F"", ""C"", ""C"", ""C"", ""Br"", ""C"", ""Cl"", ""C"", ""Br"", ""C"", ""H"", ""H"", ""F"", ""C"", ""C"", ""C"", ""Br"", ""C"", ""Cl"", ""C"", ""Br"", ""C"", ""H"", ""H"", ""F"", ""C"", ""C"", ""C"", ""Br"", ""C"", ""Cl"", ""C"", ""Br"", ""C"", ""H"", ""H""]",C24H8Br8Cl4F4,"[true, true, true]","[9.739389759510445, 0.0, 0.0, 0.0, 16.864033916542184, 0.0, -7.67629955341447, 0.0, 9.711062384074395]",1594.9973182275796,[],"{""cutoff=6.000_skin=0.000"": 1088, ""cutoff=6.000_skin=0.500"": 1432}",0.0,,
OPT-RFT-SOXLEX48-R512-v1,7157da7c8384b8258ca02f46774c12c53148908357151f22a621bec141f2564b,OPT-RFT-SOXLEX48-R512-v1:0077,SOXLEX_C1_14_385_z1_12,ab03b7317709e01570ce8cad6c47f37ed25311576647859cceb960d2cb580ade,77,cross_family_test_set,SOXLEX/structures/SOXLEX_C1_14_385_z1_12.cif,35d46e812e422c2cc1be226c6a9b91ad151aae0c791dc1bd92fb6cecc435e40e,ab03b7317709e01570ce8cad6c47f37ed25311576647859cceb960d2cb580ade,0,48,"[""F"", ""C"", ""C"", ""C"", ""Br"", ""C"", ""Cl"", ""C"", ""Br"", ""C"", ""H"", ""H"", ""F"", ""C"", ""C"", ""C"", ""Br"", ""C"", ""Cl"", ""C"", ""Br"", ""C"", ""H"", ""H"", ""F"", ""C"", ""C"", ""C"", ""Br"", ""C"", ""Cl"", ""C"", ""Br"", ""C"", ""H"", ""H"", ""F"", ""C"", ""C"", ""C"", ""Br"", ""C"", ""Cl"", ""C"", ""Br"", ""C"", ""H"", ""H""]",C24H8Br8Cl4F4,"[true, true, true]","[8.029908048309014, 0.0, 0.0, 0.0, 14.342382865245987, 0.0, 8.776041881649247, 0.0, 19.05495005498511]",2194.5207852196263,[],"{""cutoff=6.000_skin=0.000"": 1088, ""cutoff=6.000_skin=0.500"": 1372}",0.0,,
OPT-RFT-SOXLEX48-R512-v1,7157da7c8384b8258ca02f46774c12c53148908357151f22a621bec141f2564b,OPT-RFT-SOXLEX48-R512-v1:0078,SOXLEX_C1_14_517_z1_12,18e37cf033c87e9bb50e5b306c4357ca7d086142fa1e6883425c53b9a5f4e3ce,78,cross_family_test_set,SOXLEX/structures/SOXLEX_C1_14_517_z1_12.cif,4a2f2a93ea22aade4eae27afd380b2ead2bf27e0551223c9ab637d75fdac5afc,18e37cf033c87e9bb50e5b306c4357ca7d086142fa1e6883425c53b9a5f4e3ce,0,48,"[""F"", ""C"", ""C"", ""C"", ""Br"", ""C"", ""Cl"", ""C"", ""Br"", ""C"", ""H"", ""H"", ""F"", ""C"", ""C"", ""C"", ""Br"", ""C"", ""Cl"", ""C"", ""Br"", ""C"", ""H"", ""H"", ""F"", ""C"", ""C"", ""C"", ""Br"", ""C"", ""Cl"", ""C"", ""Br"", ""C"", ""H"", ""H"", ""F"", ""C"", ""C"", ""C"", ""Br"", ""C"", ""Cl"", ""C"", ""Br"", ""C"", ""H"", ""H""]",C24H8Br8Cl4F4,"[true, true, true]","[9.939254637290958, 0.0, 0.0, 0.0, 14.735094791930877, 0.0, -7.782442149007813, 0.0, 11.590384732193062]",1697.4797548942984,[],"{""cutoff=6.000_skin=0.000"": 1088, ""cutoff=6.000_skin=0.500"": 1324}",0.0,,
OPT-RFT-SOXLEX48-R512-v1,7157da7c8384b8258ca02f46774c12c53148908357151f22a621bec141f2564b,OPT-RFT-SOXLEX48-R512-v1:0079,SOXLEX_C1_14_4044_z1_12,a007ef5d64edd6ff18f1dc4483dee9f553fd2365c113f0114b5099012a325200,79,cross_family_test_set,SOXLEX/structures/SOXLEX_C1_14_4044_z1_12.cif,c9905f5d2186a17abd9954a1a4f19d35ed2e800a3a9dcbf915bbda93a3263084,a007ef5d64edd6ff18f1dc4483dee9f553fd2365c113f0114b5099012a325200,0,48,"[""F"", ""C"", ""C"", ""C"", ""Br"", ""C"", ""Cl"", ""C"", ""Br"", ""C"", ""H"", ""H"", ""F"", ""C"", ""C"", ""C"", ""Br"", ""C"", ""Cl"", ""C"", ""Br"", ""C"", ""H"", ""H"", ""F"", ""C"", ""C"", ""C"", ""Br"", ""C"", ""Cl"", ""C"", ""Br"", ""C"", ""H"", ""H"", ""F"", ""C"", ""C"", ""C"", ""Br"", ""C"", ""Cl"", ""C"", ""Br"", ""C"", ""H"", ""H""]",C24H8Br8Cl4F4,"[true, true, true]","[9.979876110783962, 0.0, 0.0, 0.0, 10.135200508879585, 0.0, 1.7525705376455698, 0.0, 15.694507291539256]",1587.4687366292364,[],"{""cutoff=6.000_skin=0.000"": 1092, ""cutoff=6.000_skin=0.500"": 1432}",0.0,,
OPT-RFT-SOXLEX48-R512-v1,7157da7c8384b8258ca02f46774c12c53148908357151f22a621bec141f2564b,OPT-RFT-SOXLEX48-R512-v1:0080,SOXLEX_C1_14_2488_z1_12,6547488feae22f6ade40c73c161f6ff1cda35f587084d35c2c814999bf38d8d2,80,cross_family_test_set,SOXLEX/structures/SOXLEX_C1_14_2488_z1_12.cif,1d0ddf4da9892ee05033e2c603a7b5a7a7ad558c44874275a5a210862c4b77c1,6547488feae22f6ade40c73c161f6ff1cda35f587084d35c2c814999bf38d8d2,0,48,"[""F"", ""C"", ""C"", ""C"", ""Br"", ""C"", ""Cl"", ""C"", ""Br"", ""C"", ""H"", ""H"", ""F"", ""C"", ""C"", ""C"", ""Br"", ""C"", ""Cl"", ""C"", ""Br"", ""C"", ""H"", ""H"", ""F"", ""C"", ""C"", ""C"", ""Br"", ""C"", ""Cl"", ""C"", ""Br"", ""C"", ""H"", ""H"", ""F"", ""C"", ""C"", ""C"", ""Br"", ""C"", ""Cl"", ""C"", ""Br"", ""C"", ""H"", ""H""]",C24H8Br8Cl4F4,"[true, true, true]","[10.148602721899522, 0.0, 0.0, 0.0, 11.932179442975873, 0.0, -8.000171978304696, 0.0, 13.409248471579723]",1623.7922567527683,[],"{""cutoff=6.000_skin=0.000"": 1096, ""cutoff=6.000_skin=0.500"": 1424}",0.0,,
OPT-RFT-SOXLEX48-R512-v1,7157da7c8384b8258ca02f46774c12c53148908357151f22a621bec141f2564b,OPT-RFT-SOXLEX48-R512-v1:0081,SOXLEX_C1_14_3506_z1_12,447aabb7f533344c7003cc943a69260e01515561cad0b0c020fd49179b1e43ac,81,cross_family_test_set,SOXLEX/structures/SOXLEX_C1_14_3506_z1_12.cif,b583ab71604cad5f5aa4aa692e8422585b929f7d0751cc6a07240f89f2c1b0be,447aabb7f533344c7003cc943a69260e01515561cad0b0c020fd49179b1e43ac,0,48,"[""F"", ""C"", ""C"", ""C"", ""Br"", ""C"", ""Cl"", ""C"", ""Br"", ""C"", ""H"", ""H"", ""F"", ""C"", ""C"", ""C"", ""Br"", ""C"", ""Cl"", ""C"", ""Br"", ""C"", ""H"", ""H"", ""F"", ""C"", ""C"", ""C"", ""Br"", ""C"", ""Cl"", ""C"", ""Br"", ""C"", ""H"", ""H"", ""F"", ""C"", ""C"", ""C"", ""Br"", ""C"", ""Cl"", ""C"", ""Br"", ""C"", ""H"", ""H""]",C24H8Br8Cl4F4,"[true, true, true]","[11.619809560332815, 0.0, 0.0, 0.0, 9.471459922109183, 0.0, 7.56807401414812, 0.0, 14.283849115173437]",1572.031305077334,[],"{""cutoff=6.000_skin=0.000"": 1100, ""cutoff=6.000_skin=0.500"": 1436}",0.0,,
OPT-RFT-SOXLEX48-R512-v1,7157da7c8384b8258ca02f46774c12c53148908357151f22a621bec141f2564b,OPT-RFT-SOXLEX48-R512-v1:0082,SOXLEX_C1_14_2860_z1_12,79b5f2268ff748cceb165e38c327b82b4f5c619452880a95509562b7da87d5f3,82,cross_family_test_set,SOXLEX/structures/SOXLEX_C1_14_2860_z1_12.cif,d8c32efbcda46ae2139f39473a8bc140b1c0d32006db03feddf0992c90e654d6,79b5f2268ff748cceb165e38c327b82b4f5c619452880a95509562b7da87d5f3,0,48,"[""F"", ""C"", ""C"", ""C"", ""Br"", ""C"", ""Cl"", ""C"", ""Br"", ""C"", ""H"", ""H"", ""F"", ""C"", ""C"", ""C"", ""Br"", ""C"", ""Cl"", ""C"", ""Br"", ""C"", ""H"", ""H"", ""F"", ""C"", ""C"", ""C"", ""Br"", ""C"", ""Cl"", ""C"", ""Br"", ""C"", ""H"", ""H"", ""F"", ""C"", ""C"", ""C"", ""Br"", ""C"", ""Cl"", ""C"", ""Br"", ""C"", ""H"", ""H""]",C24H8Br8Cl4F4,"[true, true, true]","[11.698092624688694, 0.0, 0.0, 0.0, 11.06882680621542, 0.0, 0.9099214151357077, 0.0, 13.702130357098197]",1774.2088562946785,[],"{""cutoff=6.000_skin=0.000"": 1104, ""cutoff=6.000_skin=0.500"": 1360}",0.0,,
OPT-RFT-SOXLEX48-R512-v1,7157da7c8384b8258ca02f46774c12c53148908357151f22a621bec141f2564b,OPT-RFT-SOXLEX48-R512-v1:0083,SOXLEX_C1_14_4461_z1_12,c205bfe5ffec23e95e615f4d6f584375b000e3b2b0fbc654d5e03d556548c469,83,cross_family_test_set,SOXLEX/structures/SOXLEX_C1_14_4461_z1_12.cif,f4abc0f0654bdddcddb2d6e1d4b7061cd4dbd89bdefad5d6bf31a8ce1e3f20f4,c205bfe5ffec23e95e615f4d6f584375b000e3b2b0fbc654d5e03d556548c469,0,48,"[""F"", ""C"", ""C"", ""C"", ""Br"", ""C"", ""Cl"", ""C"", ""Br"", ""C"", ""H"", ""H"", ""F"", ""C"", ""C"", ""C"", ""Br"", ""C"", ""Cl"", ""C"", ""Br"", ""C"", ""H"", ""H"", ""F"", ""C"", ""C"", ""C"", ""Br"", ""C"", ""Cl"", ""C"", ""Br"", ""C"", ""H"", ""H"", ""F"", ""C"", ""C"", ""C"", ""Br"", ""C"", ""Cl"", ""C"", ""Br"", ""C"", ""H"", ""H""]",C24H8Br8Cl4F4,"[true, true, true]","[8.09690645168807, 0.0, 0.0, 0.0, 16.838645910727628, 0.0, 5.7122203110332705, 0.0, 12.99527335218724]",1771.7877936501916,[],"{""cutoff=6.000_skin=0.000"": 1104, ""cutoff=6.000_skin=0.500"": 1412}",0.0,,
OPT-RFT-SOXLEX48-R512-v1,7157da7c8384b8258ca02f46774c12c53148908357151f22a621bec141f2564b,OPT-RFT-SOXLEX48-R512-v1:0084,SOXLEX_C1_14_2981_z1_12,b407f1765866bdce73a1c251d46b11398a98be914e974ed3ce2a9f7f23f9e944,84,cross_family_test_set,SOXLEX/structures/SOXLEX_C1_14_2981_z1_12.cif,a82f6638f8fea44c4f604f3f59252f5efff3f82913b2429d2867a791defa3f93,b407f1765866bdce73a1c251d46b11398a98be914e974ed3ce2a9f7f23f9e944,0,48,"[""F"", ""C"", ""C"", ""C"", ""Br"", ""C"", ""Cl"", ""C"", ""Br"", ""C"", ""H"", ""H"", ""F"", ""C"", ""C"", ""C"", ""Br"", ""C"", ""Cl"", ""C"", ""Br"", ""C"", ""H"", ""H"", ""F"", ""C"", ""C"", ""C"", ""Br"", ""C"", ""Cl"", ""C"", ""Br"", ""C"", ""H"", ""H"", ""F"", ""C"", ""C"", ""C"", ""Br"", ""C"", ""Cl"", ""C"", ""Br"", ""C"", ""H"", ""H""]",C24H8Br8Cl4F4,"[true, true, true]","[12.485385224402648, 0.0, 0.0, 0.0, 11.93657054379539, 0.0, -2.460973669588674, 0.0, 11.485293146328631]",1711.6840353827072,[],"{""cutoff=6.000_skin=0.000"": 1108, ""cutoff=6.000_skin=0.500"": 1480}",0.0,,
OPT-RFT-SOXLEX48-R512-v1,7157da7c8384b8258ca02f46774c12c53148908357151f22a621bec141f2564b,OPT-RFT-SOXLEX48-R512-v1:0085,SOXLEX_C1_14_155_z1_12,e2a0e71937c9881cc24fa6c2023f559aa9f2babacd7a09883d8866d209adaec8,85,cross_family_test_set,SOXLEX/structures/SOXLEX_C1_14_155_z1_12.cif,0e842593d5c4bb411dcd4fde25e76eb67614f94a54cc10035c327b3218c0444f,e2a0e71937c9881cc24fa6c2023f559aa9f2babacd7a09883d8866d209adaec8,0,48,"[""F"", ""C"", ""C"", ""C"", ""Br"", ""C"", ""Cl"", ""C"", ""Br"", ""C"", ""H"", ""H"", ""F"", ""C"", ""C"", ""C"", ""Br"", ""C"", ""Cl"", ""C"", ""Br"", ""C"", ""H"", ""H"", ""F"", ""C"", ""C"", ""C"", ""Br"", ""C"", ""Cl"", ""C"", ""Br"", ""C"", ""H"", ""H"", ""F"", ""C"", ""C"", ""C"", ""Br"", ""C"", ""Cl"", ""C"", ""Br"", ""C"", ""H"", ""H""]",C24H8Br8Cl4F4,"[true, true, true]","[9.752862272271202, 0.0, 0.0, 0.0, 10.532476635637217, 0.0, -5.607604879009402, 0.0, 15.928338336041064]",1636.1874895287067,[],"{""cutoff=6.000_skin=0.000"": 1112, ""cutoff=6.000_skin=0.500"": 1372}",0.0,,
OPT-RFT-SOXLEX48-R512-v1,7157da7c8384b8258ca02f46774c12c53148908357151f22a621bec141f2564b,OPT-RFT-SOXLEX48-R512-v1:0086,SOXLEX_C1_14_768_z1_12,b9d8157917ff9a4fb1317d4126a5f795965b9f3d7fa658692f4ec56c13ac1614,86,cross_family_test_set,SOXLEX/structures/SOXLEX_C1_14_768_z1_12.cif,1bbfca7f24dd667cca4efa9cb3f2a6514613a6005443afbeffc0a89e75ebb8eb,b9d8157917ff9a4fb1317d4126a5f795965b9f3d7fa658692f4ec56c13ac1614,0,48,"[""F"", ""C"", ""C"", ""C"", ""Br"", ""C"", ""Cl"", ""C"", ""Br"", ""C"", ""H"", ""H"", ""F"", ""C"", ""C"", ""C"", ""Br"", ""C"", ""Cl"", ""C"", ""Br"", ""C"", ""H"", ""H"", ""F"", ""C"", ""C"", ""C"", ""Br"", ""C"", ""Cl"", ""C"", ""Br"", ""C"", ""H"", ""H"", ""F"", ""C"", ""C"", ""C"", ""Br"", ""C"", ""Cl"", ""C"", ""Br"", ""C"", ""H"", ""H""]",C24H8Br8Cl4F4,"[true, true, true]","[10.315792531038909, 0.0, 0.0, 0.0, 10.680741635167857, 0.0, -0.7188304627221881, 0.0, 15.247902582237517]",1680.0187063375106,[],"{""cutoff=6.000_skin=0.000"": 1112, ""cutoff=6.000_skin=0.500"": 1372}",0.0,,
OPT-RFT-SOXLEX48-R512-v1,7157da7c8384b8258ca02f46774c12c53148908357151f22a621bec141f2564b,OPT-RFT-SOXLEX48-R512-v1:0087,SOXLEX_C1_14_3337_z1_12,a49cf9a386ef5b58a33c40b40315955ddac08b01976b9164c6bc5ca4fc96293f,87,cross_family_test_set,SOXLEX/structures/SOXLEX_C1_14_3337_z1_12.cif,49613d5fec960515172754acb797734f74826fef8b3338bc42e2773a62b17f6e,a49cf9a386ef5b58a33c40b40315955ddac08b01976b9164c6bc5ca4fc96293f,0,48,"[""F"", ""C"", ""C"", ""C"", ""Br"", ""C"", ""Cl"", ""C"", ""Br"", ""C"", ""H"", ""H"", ""F"", ""C"", ""C"", ""C"", ""Br"", ""C"", ""Cl"", ""C"", ""Br"", ""C"", ""H"", ""H"", ""F"", ""C"", ""C"", ""C"", ""Br"", ""C"", ""Cl"", ""C"", ""Br"", ""C"", ""H"", ""H"", ""F"", ""C"", ""C"", ""C"", ""Br"", ""C"", ""Cl"", ""C"", ""Br"", ""C"", ""H"", ""H""]",C24H8Br8Cl4F4,"[true, true, true]","[13.81307940694996, 0.0, 0.0, 0.0, 8.024553685500258, 0.0, -3.8117189535337146, 0.0, 14.001807855064829]",1552.013551204358,[],"{""cutoff=6.000_skin=0.000"": 1116, ""cutoff=6.000_skin=0.500"": 1432}",0.0,,
OPT-RFT-SOXLEX48-R512-v1,7157da7c8384b8258ca02f46774c12c53148908357151f22a621bec141f2564b,OPT-RFT-SOXLEX48-R512-v1:0088,SOXLEX_C1_14_1872_z1_12,0452cb4e5770a4e0910b8386c78fd10014b62e774eb85c66f632e89cbb612e34,88,cross_family_test_set,SOXLEX/structures/SOXLEX_C1_14_1872_z1_12.cif,34b274e295b61b22c18f574aa1bd82ab1efe0bd39a5d4cf37e400aa55b48c032,0452cb4e5770a4e0910b8386c78fd10014b62e774eb85c66f632e89cbb612e34,0,48,"[""F"", ""C"", ""C"", ""C"", ""Br"", ""C"", ""Cl"", ""C"", ""Br"", ""C"", ""H"", ""H"", ""F"", ""C"", ""C"", ""C"", ""Br"", ""C"", ""Cl"", ""C"", ""Br"", ""C"", ""H"", ""H"", ""F"", ""C"", ""C"", ""C"", ""Br"", ""C"", ""Cl"", ""C"", ""Br"", ""C"", ""H"", ""H"", ""F"", ""C"", ""C"", ""C"", ""Br"", ""C"", ""Cl"", ""C"", ""Br"", ""C"", ""H"", ""H""]",C24H8Br8Cl4F4,"[true, true, true]","[11.60693288679444, 0.0, 0.0, 0.0, 12.754804870469933, 0.0, 4.529322135644643, 0.0, 11.812185650221625]",1748.7251509665673,[],"{""cutoff=6.000_skin=0.000"": 1120, ""cutoff=6.000_skin=0.500"": 1344}",0.0,,
OPT-RFT-SOXLEX48-R512-v1,7157da7c8384b8258ca02f46774c12c53148908357151f22a621bec141f2564b,OPT-RFT-SOXLEX48-R512-v1:0089,SOXLEX_C1_14_74_z1_12,4527561660e05c1720f36b7a2537833717bf119efcb360c377a9d55195351ad0,89,cross_family_test_set,SOXLEX/structures/SOXLEX_C1_14_74_z1_12.cif,77b258651c66131bc9e89a27ee4b2b23155471ff1e818c756f9d10899886f683,4527561660e05c1720f36b7a2537833717bf119efcb360c377a9d55195351ad0,0,48,"[""F"", ""C"", ""C"", ""C"", ""Br"", ""C"", ""Cl"", ""C"", ""Br"", ""C"", ""H"", ""H"", ""F"", ""C"", ""C"", ""C"", ""Br"", ""C"", ""Cl"", ""C"", ""Br"", ""C"", ""H"", ""H"", ""F"", ""C"", ""C"", ""C"", ""Br"", ""C"", ""Cl"", ""C"", ""Br"", ""C"", ""H"", ""H"", ""F"", ""C"", ""C"", ""C"", ""Br"", ""C"", ""Cl"", ""C"", ""Br"", ""C"", ""H"", ""H""]",C24H8Br8Cl4F4,"[true, true, true]","[11.52582425517754, 0.0, 0.0, 0.0, 9.207141070746507, 0.0, 1.1375773814791288, 0.0, 14.95631685787317]",1587.162697878919,[],"{""cutoff=6.000_skin=0.000"": 1120, ""cutoff=6.000_skin=0.500"": 1424}",0.0,,
OPT-RFT-SOXLEX48-R512-v1,7157da7c8384b8258ca02f46774c12c53148908357151f22a621bec141f2564b,OPT-RFT-SOXLEX48-R512-v1:0090,SOXLEX_C1_14_1220_z1_12,fdeab9e343b18e4acbaa13a756d5038b4cae04dde873f82df9e2882296132b7b,90,cross_family_test_set,SOXLEX/structures/SOXLEX_C1_14_1220_z1_12.cif,dc82f91d7fbd5484245be095a74a5bd3b490fb20c79d49dcc55519010646f948,fdeab9e343b18e4acbaa13a756d5038b4cae04dde873f82df9e2882296132b7b,0,48,"[""F"", ""C"", ""C"", ""C"", ""Br"", ""C"", ""Cl"", ""C"", ""Br"", ""C"", ""H"", ""H"", ""F"", ""C"", ""C"", ""C"", ""Br"", ""C"", ""Cl"", ""C"", ""Br"", ""C"", ""H"", ""H"", ""F"", ""C"", ""C"", ""C"", ""Br"", ""C"", ""Cl"", ""C"", ""Br"", ""C"", ""H"", ""H"", ""F"", ""C"", ""C"", ""C"", ""Br"", ""C"", ""Cl"", ""C"", ""Br"", ""C"", ""H"", ""H""]",C24H8Br8Cl4F4,"[true, true, true]","[9.79740183902544, 0.0, 0.0, 0.0, 12.541801779774943, 0.0, 3.4521290036876398, 0.0, 12.863889970916157]",1580.6771318647634,[],"{""cutoff=6.000_skin=0.000"": 1128, ""cutoff=6.000_skin=0.500"": 1520}",0.0,,
OPT-RFT-SOXLEX48-R512-v1,7157da7c8384b8258ca02f46774c12c53148908357151f22a621bec141f2564b,OPT-RFT-SOXLEX48-R512-v1:0091,SOXLEX_C1_14_3227_z1_12,1132a28b64cd87c654005ef8c96e5c8bcb2310d034176175f2e421edabf7a4bf,91,cross_family_test_set,SOXLEX/structures/SOXLEX_C1_14_3227_z1_12.cif,17dcfb5e9abb70c075a25e378b9cc3f40e664a19a808d5acc8568a5da435b487,1132a28b64cd87c654005ef8c96e5c8bcb2310d034176175f2e421edabf7a4bf,0,48,"[""F"", ""C"", ""C"", ""C"", ""Br"", ""C"", ""Cl"", ""C"", ""Br"", ""C"", ""H"", ""H"", ""F"", ""C"", ""C"", ""C"", ""Br"", ""C"", ""Cl"", ""C"", ""Br"", ""C"", ""H"", ""H"", ""F"", ""C"", ""C"", ""C"", ""Br"", ""C"", ""Cl"", ""C"", ""Br"", ""C"", ""H"", ""H"", ""F"", ""C"", ""C"", ""C"", ""Br"", ""C"", ""Cl"", ""C"", ""Br"", ""C"", ""H"", ""H""]",C24H8Br8Cl4F4,"[true, true, true]","[16.7364529459102, 0.0, 0.0, 0.0, 13.089192634397563, 0.0, -4.942558235943752, 0.0, 6.593133985948245]",1444.3358189859632,[],"{""cutoff=6.000_skin=0.000"": 1128, ""cutoff=6.000_skin=0.500"": 1496}",0.0,,
OPT-RFT-SOXLEX48-R512-v1,7157da7c8384b8258ca02f46774c12c53148908357151f22a621bec141f2564b,OPT-RFT-SOXLEX48-R512-v1:0092,SOXLEX_C1_14_4260_z1_12,014fb92c6a5baa4384e0f3c2dd8a0c78d057081bd7677301b8bdd9f7a2230764,92,cross_family_test_set,SOXLEX/structures/SOXLEX_C1_14_4260_z1_12.cif,3b1c63db2b94d7faea7d91ab1fb75dc833d1dc58f107e7729fa6aaa5495b293d,014fb92c6a5baa4384e0f3c2dd8a0c78d057081bd7677301b8bdd9f7a2230764,0,48,"[""F"", ""C"", ""C"", ""C"", ""Br"", ""C"", ""Cl"", ""C"", ""Br"", ""C"", ""H"", ""H"", ""F"", ""C"", ""C"", ""C"", ""Br"", ""C"", ""Cl"", ""C"", ""Br"", ""C"", ""H"", ""H"", ""F"", ""C"", ""C"", ""C"", ""Br"", ""C"", ""Cl"", ""C"", ""Br"", ""C"", ""H"", ""H"", ""F"", ""C"", ""C"", ""C"", ""Br"", ""C"", ""Cl"", ""C"", ""Br"", ""C"", ""H"", ""H""]",C24H8Br8Cl4F4,"[true, true, true]","[9.725491674568334, 0.0, 0.0, 0.0, 13.478285760116464, 0.0, -4.097384236530889, 0.0, 13.512664450258734]",1771.27999886615,[],"{""cutoff=6.000_skin=0.000"": 1128, ""cutoff=6.000_skin=0.500"": 1336}",0.0,,
OPT-RFT-SOXLEX48-R512-v1,7157da7c8384b8258ca02f46774c12c53148908357151f22a621bec141f2564b,OPT-RFT-SOXLEX48-R512-v1:0093,SOXLEX_C1_14_1753_z1_12,411a975866298ab0c7e2bde1754fae6ab92045778143844760ff87cb3647af7f,93,cross_family_test_set,SOXLEX/structures/SOXLEX_C1_14_1753_z1_12.cif,481aa15ac1c35a167cf70b7e3185676410dbd81bf66fa112b8fff5a41761716b,411a975866298ab0c7e2bde1754fae6ab92045778143844760ff87cb3647af7f,0,48,"[""F"", ""C"", ""C"", ""C"", ""Br"", ""C"", ""Cl"", ""C"", ""Br"", ""C"", ""H"", ""H"", ""F"", ""C"", ""C"", ""C"", ""Br"", ""C"", ""Cl"", ""C"", ""Br"", ""C"", ""H"", ""H"", ""F"", ""C"", ""C"", ""C"", ""Br"", ""C"", ""Cl"", ""C"", ""Br"", ""C"", ""H"", ""H"", ""F"", ""C"", ""C"", ""C"", ""Br"", ""C"", ""Cl"", ""C"", ""Br"", ""C"", ""H"", ""H""]",C24H8Br8Cl4F4,"[true, true, true]","[7.6781260135842615, 0.0, 0.0, 0.0, 14.941692533967998, 0.0, -7.481252500789721, 0.0, 13.000124789305683]",1491.4288920695174,[],"{""cutoff=6.000_skin=0.000"": 1136, ""cutoff=6.000_skin=0.500"": 1444}",0.0,,
OPT-RFT-SOXLEX48-R512-v1,7157da7c8384b8258ca02f46774c12c53148908357151f22a621bec141f2564b,OPT-RFT-SOXLEX48-R512-v1:0094,SOXLEX_C1_14_4840_z1_12,54c90442d867489ad1c34c2760d4799ff73d4e4d11bafd4534ddb1c19b3ec792,94,cross_family_test_set,SOXLEX/structures/SOXLEX_C1_14_4840_z1_12.cif,459f674dc5eda5d1df10bb12a67c985a9979462a3c8aba05f40ed78b2f676df2,54c90442d867489ad1c34c2760d4799ff73d4e4d11bafd4534ddb1c19b3ec792,0,48,"[""F"", ""C"", ""C"", ""C"", ""Br"", ""C"", ""Cl"", ""C"", ""Br"", ""C"", ""H"", ""H"", ""F"", ""C"", ""C"", ""C"", ""Br"", ""C"", ""Cl"", ""C"", ""Br"", ""C"", ""H"", ""H"", ""F"", ""C"", ""C"", ""C"", ""Br"", ""C"", ""Cl"", ""C"", ""Br"", ""C"", ""H"", ""H"", ""F"", ""C"", ""C"", ""C"", ""Br"", ""C"", ""Cl"", ""C"", ""Br"", ""C"", ""H"", ""H""]",C24H8Br8Cl4F4,"[true, true, true]","[10.201736370467184, 0.0, 0.0, 0.0, 12.7223286373458, 0.0, -2.112893627272745, 0.0, 11.768178995569242]",1527.3901016023704,[],"{""cutoff=6.000_skin=0.000"": 1136, ""cutoff=6.000_skin=0.500"": 1520}",0.0,,
OPT-RFT-SOXLEX48-R512-v1,7157da7c8384b8258ca02f46774c12c53148908357151f22a621bec141f2564b,OPT-RFT-SOXLEX48-R512-v1:0095,SOXLEX_C1_14_1912_z1_12,7531f55f6e834607b60465d5022cedfd9d9d447b19c65c3d90ac2a336d1c6f4f,95,cross_family_test_set,SOXLEX/structures/SOXLEX_C1_14_1912_z1_12.cif,95a324de5c0e1a16dbb45c2eb10daf229229c70aecf1dc8e9682b73287def9d6,7531f55f6e834607b60465d5022cedfd9d9d447b19c65c3d90ac2a336d1c6f4f,0,48,"[""F"", ""C"", ""C"", ""C"", ""Br"", ""C"", ""Cl"", ""C"", ""Br"", ""C"", ""H"", ""H"", ""F"", ""C"", ""C"", ""C"", ""Br"", ""C"", ""Cl"", ""C"", ""Br"", ""C"", ""H"", ""H"", ""F"", ""C"", ""C"", ""C"", ""Br"", ""C"", ""Cl"", ""C"", ""Br"", ""C"", ""H"", ""H"", ""F"", ""C"", ""C"", ""C"", ""Br"", ""C"", ""Cl"", ""C"", ""Br"", ""C"", ""H"", ""H""]",C24H8Br8Cl4F4,"[true, true, true]","[8.138002913538614, 0.0, 0.0, 0.0, 13.73729974308775, 0.0, 2.9632161275890345, 0.0, 13.59549702538747]",1519.897514155874,[],"{""cutoff=6.000_skin=0.000"": 1144, ""cutoff=6.000_skin=0.500"": 1396}",0.0,,
OPT-RFT-SOXLEX48-R512-v1,7157da7c8384b8258ca02f46774c12c53148908357151f22a621bec141f2564b,OPT-RFT-SOXLEX48-R512-v1:0096,SOXLEX_C1_14_2982_z1_12,2f4e62d7b18e6316e5484ec6c0f23fbdff52a8ab27810b79632bbb2fa8e72c1a,96,cross_family_test_set,SOXLEX/structures/SOXLEX_C1_14_2982_z1_12.cif,a09267f720075554540bd00240b7e74fefdaa38348e54fd1aeadd36d72f843c2,2f4e62d7b18e6316e5484ec6c0f23fbdff52a8ab27810b79632bbb2fa8e72c1a,0,48,"[""F"", ""C"", ""C"", ""C"", ""Br"", ""C"", ""Cl"", ""C"", ""Br"", ""C"", ""H"", ""H"", ""F"", ""C"", ""C"", ""C"", ""Br"", ""C"", ""Cl"", ""C"", ""Br"", ""C"", ""H"", ""H"", ""F"", ""C"", ""C"", ""C"", ""Br"", ""C"", ""Cl"", ""C"", ""Br"", ""C"", ""H"", ""H"", ""F"", ""C"", ""C"", ""C"", ""Br"", ""C"", ""Cl"", ""C"", ""Br"", ""C"", ""H"", ""H""]",C24H8Br8Cl4F4,"[true, true, true]","[10.446614186211697, 0.0, 0.0, 0.0, 13.566398307856396, 0.0, -0.20588904616086906, 0.0, 15.336019787272111]",2173.4656437401936,[],"{""cutoff=6.000_skin=0.000"": 1144, ""cutoff=6.000_skin=0.500"": 1320}",0.0,,
OPT-RFT-SOXLEX48-R512-v1,7157da7c8384b8258ca02f46774c12c53148908357151f22a621bec141f2564b,OPT-RFT-SOXLEX48-R512-v1:0097,SOXLEX_C1_14_1203_z1_12,d7d37e19e7b9d4548714d9cecd6b7a8e32a0647e102ec6bf94179aa8691a6324,97,cross_family_test_set,SOXLEX/structures/SOXLEX_C1_14_1203_z1_12.cif,a1744cf02bab67d4cf522064a6f07aba34409e43d7896173eb6cbfd51912292b,d7d37e19e7b9d4548714d9cecd6b7a8e32a0647e102ec6bf94179aa8691a6324,0,48,"[""F"", ""C"", ""C"", ""C"", ""Br"", ""C"", ""Cl"", ""C"", ""Br"", ""C"", ""H"", ""H"", ""F"", ""C"", ""C"", ""C"", ""Br"", ""C"", ""Cl"", ""C"", ""Br"", ""C"", ""H"", ""H"", ""F"", ""C"", ""C"", ""C"", ""Br"", ""C"", ""Cl"", ""C"", ""Br"", ""C"", ""H"", ""H"", ""F"", ""C"", ""C"", ""C"", ""Br"", ""C"", ""Cl"", ""C"", ""Br"", ""C"", ""H"", ""H""]",C24H8Br8Cl4F4,"[true, true, true]","[8.200727909831198, 0.0, 0.0, 0.0, 15.656426755722396, 0.0, -5.777243194732994, 0.0, 11.829529408658948]",1518.8417329199517,[],"{""cutoff=6.000_skin=0.000"": 1148, ""cutoff=6.000_skin=0.500"": 1424}",0.0,,
OPT-RFT-SOXLEX48-R512-v1,7157da7c8384b8258ca02f46774c12c53148908357151f22a621bec141f2564b,OPT-RFT-SOXLEX48-R512-v1:0098,SOXLEX_C1_14_2281_z1_12,e65bbedd226e977da2a91514eeace1e44b8b619490d40aa8cb1dc8374c0d3df1,98,cross_family_test_set,SOXLEX/structures/SOXLEX_C1_14_2281_z1_12.cif,f03ccc6f82bde20e5c00af980886ae791ef5a5eec102ba5d207950cc6c546587,e65bbedd226e977da2a91514eeace1e44b8b619490d40aa8cb1dc8374c0d3df1,0,48,"[""F"", ""C"", ""C"", ""C"", ""Br"", ""C"", ""Cl"", ""C"", ""Br"", ""C"", ""H"", ""H"", ""F"", ""C"", ""C"", ""C"", ""Br"", ""C"", ""Cl"", ""C"", ""Br"", ""C"", ""H"", ""H"", ""F"", ""C"", ""C"", ""C"", ""Br"", ""C"", ""Cl"", ""C"", ""Br"", ""C"", ""H"", ""H"", ""F"", ""C"", ""C"", ""C"", ""Br"", ""C"", ""Cl"", ""C"", ""Br"", ""C"", ""H"", ""H""]",C24H8Br8Cl4F4,"[true, true, true]","[16.01489464323177, 0.0, 0.0, 0.0, 14.49805870962956, 0.0, -0.019683082212704737, 0.0, 8.933779663436122]",2074.28858381314,[],"{""cutoff=6.000_skin=0.000"": 1148, ""cutoff=6.000_skin=0.500"": 1364}",0.0,,
OPT-RFT-SOXLEX48-R512-v1,7157da7c8384b8258ca02f46774c12c53148908357151f22a621bec141f2564b,OPT-RFT-SOXLEX48-R512-v1:0099,SOXLEX_C1_14_3393_z1_12,0868771caeeed56068e7cb6f7ac77ec514391918bddfc890edc9dcc1a650f54f,99,cross_family_test_set,SOXLEX/structures/SOXLEX_C1_14_3393_z1_12.cif,4954b13f8b1b5947342fe013ea4c7e4ba3deedb82f97f2dd4090f96a3af55607,0868771caeeed56068e7cb6f7ac77ec514391918bddfc890edc9dcc1a650f54f,0,48,"[""F"", ""C"", ""C"", ""C"", ""Br"", ""C"", ""Cl"", ""C"", ""Br"", ""C"", ""H"", ""H"", ""F"", ""C"", ""C"", ""C"", ""Br"", ""C"", ""Cl"", ""C"", ""Br"", ""C"", ""H"", ""H"", ""F"", ""C"", ""C"", ""C"", ""Br"", ""C"", ""Cl"", ""C"", ""Br"", ""C"", ""H"", ""H"", ""F"", ""C"", ""C"", ""C"", ""Br"", ""C"", ""Cl"", ""C"", ""Br"", ""C"", ""H"", ""H""]",C24H8Br8Cl4F4,"[true, true, true]","[8.887296613488354, 0.0, 0.0, 0.0, 12.328638859017566, 0.0, 9.446811554433596, 0.0, 12.885567206741962]",1411.8493117165683,[],"{""cutoff=6.000_skin=0.000"": 1148, ""cutoff=6.000_skin=0.500"": 1600}",0.0,,
OPT-RFT-SOXLEX48-R512-v1,7157da7c8384b8258ca02f46774c12c53148908357151f22a621bec141f2564b,OPT-RFT-SOXLEX48-R512-v1:0100,SOXLEX_C1_14_1157_z1_12,7c3ff005df511a9341f825870f4ccdd8cb22226f1d4a678f2de7b7810114eeb0,100,cross_family_test_set,SOXLEX/structures/SOXLEX_C1_14_1157_z1_12.cif,2d5b90c974cff38f47da6518792c3951e435ad7a81f4eabb00e57f7c11c60c78,7c3ff005df511a9341f825870f4ccdd8cb22226f1d4a678f2de7b7810114eeb0,0,48,"[""F"", ""C"", ""C"", ""C"", ""Br"", ""C"", ""Cl"", ""C"", ""Br"", ""C"", ""H"", ""H"", ""F"", ""C"", ""C"", ""C"", ""Br"", ""C"", ""Cl"", ""C"", ""Br"", ""C"", ""H"", ""H"", ""F"", ""C"", ""C"", ""C"", ""Br"", ""C"", ""Cl"", ""C"", ""Br"", ""C"", ""H"", ""H"", ""F"", ""C"", ""C"", ""C"", ""Br"", ""C"", ""Cl"", ""C"", ""Br"", ""C"", ""H"", ""H""]",C24H8Br8Cl4F4,"[true, true, true]","[11.735764003735369, 0.0, 0.0, 0.0, 11.803162299567592, 0.0, 3.5870661412329543, 0.0, 11.537374395969435]",1598.1470320344006,[],"{""cutoff=6.000_skin=0.000"": 1152, ""cutoff=6.000_skin=0.500"": 1572}",0.0,,
OPT-RFT-SOXLEX48-R512-v1,7157da7c8384b8258ca02f46774c12c53148908357151f22a621bec141f2564b,OPT-RFT-SOXLEX48-R512-v1:0101,SOXLEX_C1_14_2620_z1_12,282eba8b385b66847c0ab0caa6a6ed879981b3d782af18b328ddd1f234bfbf4c,101,cross_family_test_set,SOXLEX/structures/SOXLEX_C1_14_2620_z1_12.cif,919e4435b0840c476a9582b230ea17ea4bf56d99f0a95ea184c81c349b516098,282eba8b385b66847c0ab0caa6a6ed879981b3d782af18b328ddd1f234bfbf4c,0,48,"[""F"", ""C"", ""C"", ""C"", ""Br"", ""C"", ""Cl"", ""C"", ""Br"", ""C"", ""H"", ""H"", ""F"", ""C"", ""C"", ""C"", ""Br"", ""C"", ""Cl"", ""C"", ""Br"", ""C"", ""H"", ""H"", ""F"", ""C"", ""C"", ""C"", ""Br"", ""C"", ""Cl"", ""C"", ""Br"", ""C"", ""H"", ""H"", ""F"", ""C"", ""C"", ""C"", ""Br"", ""C"", ""Cl"", ""C"", ""Br"", ""C"", ""H"", ""H""]",C24H8Br8Cl4F4,"[true, true, true]","[8.769417607812073, 0.0, 0.0, 0.0, 12.2042549471871, 0.0, -4.772930199577496, 0.0, 16.52888404797136]",1768.9907280619273,[],"{""cutoff=6.000_skin=0.000"": 1152, ""cutoff=6.000_skin=0.500"": 1388}",0.0,,
OPT-RFT-SOXLEX48-R512-v1,7157da7c8384b8258ca02f46774c12c53148908357151f22a621bec141f2564b,OPT-RFT-SOXLEX48-R512-v1:0102,SOXLEX_C1_14_3625_z1_12,e8a024f198ac7c6e67e7688319ae864eedc2078ad49b565f0298b74100047c47,102,cross_family_test_set,SOXLEX/structures/SOXLEX_C1_14_3625_z1_12.cif,e5704ca0f326161f9352eb27db1e6bce699032a9c371806f01eea8495e0d6f67,e8a024f198ac7c6e67e7688319ae864eedc2078ad49b565f0298b74100047c47,0,48,"[""F"", ""C"", ""C"", ""C"", ""Br"", ""C"", ""Cl"", ""C"", ""Br"", ""C"", ""H"", ""H"", ""F"", ""C"", ""C"", ""C"", ""Br"", ""C"", ""Cl"", ""C"", ""Br"", ""C"", ""H"", ""H"", ""F"", ""C"", ""C"", ""C"", ""Br"", ""C"", ""Cl"", ""C"", ""Br"", ""C"", ""H"", ""H"", ""F"", ""C"", ""C"", ""C"", ""Br"", ""C"", ""Cl"", ""C"", ""Br"", ""C"", ""H"", ""H""]",C24H8Br8Cl4F4,"[true, true, true]","[11.295250844804116, 0.0, 0.0, 0.0, 11.503671935421224, 0.0, -4.34459570379427, 0.0, 11.928679594255799]",1549.9751721761875,[],"{""cutoff=6.000_skin=0.000"": 1152, ""cutoff=6.000_skin=0.500"": 1584}",0.0,,
OPT-RFT-SOXLEX48-R512-v1,7157da7c8384b8258ca02f46774c12c53148908357151f22a621bec141f2564b,OPT-RFT-SOXLEX48-R512-v1:0103,SOXLEX_C1_14_4659_z1_12,d89f9f0c8b018410a18447a830e9aeffacd020aa9a1eb81ea9fe78873ed9ca86,103,cross_family_test_set,SOXLEX/structures/SOXLEX_C1_14_4659_z1_12.cif,519aa84cc2144f0287befed9d8ab733fe826970c4821a8f039b67163ef15b755,d89f9f0c8b018410a18447a830e9aeffacd020aa9a1eb81ea9fe78873ed9ca86,0,48,"[""F"", ""C"", ""C"", ""C"", ""Br"", ""C"", ""Cl"", ""C"", ""Br"", ""C"", ""H"", ""H"", ""F"", ""C"", ""C"", ""C"", ""Br"", ""C"", ""Cl"", ""C"", ""Br"", ""C"", ""H"", ""H"", ""F"", ""C"", ""C"", ""C"", ""Br"", ""C"", ""Cl"", ""C"", ""Br"", ""C"", ""H"", ""H"", ""F"", ""C"", ""C"", ""C"", ""Br"", ""C"", ""Cl"", ""C"", ""Br"", ""C"", ""H"", ""H""]",C24H8Br8Cl4F4,"[true, true, true]","[12.593041397266251, 0.0, 0.0, 0.0, 12.98054230515666, 0.0, 3.259213891639519, 0.0, 11.392608140660979]",1862.287068689195,[],"{""cutoff=6.000_skin=0.000"": 1152, ""cutoff=6.000_skin=0.500"": 1420}",0.0,,
OPT-RFT-SOXLEX48-R512-v1,7157da7c8384b8258ca02f46774c12c53148908357151f22a621bec141f2564b,OPT-RFT-SOXLEX48-R512-v1:0104,SOXLEX_C1_14_2131_z1_12,3e5d785a8a36dac43a086a6c9142224b6d7a9d05cfc4a82eb01d73256146cd40,104,cross_family_test_set,SOXLEX/structures/SOXLEX_C1_14_2131_z1_12.cif,97b3b359b3780c73fb9fcd4bc43faea8514e92f51f00c80f60df711901cda15b,3e5d785a8a36dac43a086a6c9142224b6d7a9d05cfc4a82eb01d73256146cd40,0,48,"[""F"", ""C"", ""C"", ""C"", ""Br"", ""C"", ""Cl"", ""C"", ""Br"", ""C"", ""H"", ""H"", ""F"", ""C"", ""C"", ""C"", ""Br"", ""C"", ""Cl"", ""C"", ""Br"", ""C"", ""H"", ""H"", ""F"", ""C"", ""C"", ""C"", ""Br"", ""C"", ""Cl"", ""C"", ""Br"", ""C"", ""H"", ""H"", ""F"", ""C"", ""C"", ""C"", ""Br"", ""C"", ""Cl"", ""C"", ""Br"", ""C"", ""H"", ""H""]",C24H8Br8Cl4F4,"[true, true, true]","[13.433800017008686, 0.0, 0.0, 0.0, 14.804460356717001, 0.0, -8.595623278442718, 0.0, 9.053741999012932]",1800.6096554780488,[],"{""cutoff=6.000_skin=0.000"": 1156, ""cutoff=6.000_skin=0.500"": 1436}",0.0,,
OPT-RFT-SOXLEX48-R512-v1,7157da7c8384b8258ca02f46774c12c53148908357151f22a621bec141f2564b,OPT-RFT-SOXLEX48-R512-v1:0105,SOXLEX_C1_14_2862_z1_12,fa4a5ea09c1bbd9d8a0f9485b4f78fe673e2e18e3710c16926ef57d36f8d0f61,105,cross_family_test_set,SOXLEX/structures/SOXLEX_C1_14_2862_z1_12.cif,efb0d0a200e99bff03b82a465caeea6a903728f71c06fc20c9bc76e089b13021,fa4a5ea09c1bbd9d8a0f9485b4f78fe673e2e18e3710c16926ef57d36f8d0f61,0,48,"[""F"", ""C"", ""C"", ""C"", ""Br"", ""C"", ""Cl"", ""C"", ""Br"", ""C"", ""H"", ""H"", ""F"", ""C"", ""C"", ""C"", ""Br"", ""C"", ""Cl"", ""C"", ""Br"", ""C"", ""H"", ""H"", ""F"", ""C"", ""C"", ""C"", ""Br"", ""C"", ""Cl"", ""C"", ""Br"", ""C"", ""H"", ""H"", ""F"", ""C"", ""C"", ""C"", ""Br"", ""C"", ""Cl"", ""C"", ""Br"", ""C"", ""H"", ""H""]",C24H8Br8Cl4F4,"[true, true, true]","[12.505690010037085, 0.0, 0.0, 0.0, 11.60964537800313, 0.0, -7.0862134430867325, 0.0, 11.302561058323953]",1640.9807077461828,[],"{""cutoff=6.000_skin=0.000"": 1156, ""cutoff=6.000_skin=0.500"": 1416}",0.0,,
OPT-RFT-SOXLEX48-R512-v1,7157da7c8384b8258ca02f46774c12c53148908357151f22a621bec141f2564b,OPT-RFT-SOXLEX48-R512-v1:0106,SOXLEX_C1_14_4340_z1_12,e440f59bb7f396dc851d09fbfa84ccca45cb9130a52399c681d695110c7fd9c0,106,cross_family_test_set,SOXLEX/structures/SOXLEX_C1_14_4340_z1_12.cif,bef052a26c54c5d0879bb7b02c4aa152c3b185c3e77448fa543815316c240943,e440f59bb7f396dc851d09fbfa84ccca45cb9130a52399c681d695110c7fd9c0,0,48,"[""F"", ""C"", ""C"", ""C"", ""Br"", ""C"", ""Cl"", ""C"", ""Br"", ""C"", ""H"", ""H"", ""F"", ""C"", ""C"", ""C"", ""Br"", ""C"", ""Cl"", ""C"", ""Br"", ""C"", ""H"", ""H"", ""F"", ""C"", ""C"", ""C"", ""Br"", ""C"", ""Cl"", ""C"", ""Br"", ""C"", ""H"", ""H"", ""F"", ""C"", ""C"", ""C"", ""Br"", ""C"", ""Cl"", ""C"", ""Br"", ""C"", ""H"", ""H""]",C24H8Br8Cl4F4,"[true, true, true]","[12.355011544109889, 0.0, 0.0, 0.0, 11.451278395368446, 0.0, -8.287615672906213, 0.0, 11.005396051602526]",1557.050881498136,[],"{""cutoff=6.000_skin=0.000"": 1156, ""cutoff=6.000_skin=0.500"": 1416}",0.0,,
OPT-RFT-SOXLEX48-R512-v1,7157da7c8384b8258ca02f46774c12c53148908357151f22a621bec141f2564b,OPT-RFT-SOXLEX48-R512-v1:0107,SOXLEX_C1_14_2485_z1_12,4ad8d68b83ea289219765792d86ea0912d1914a0b17b10e61a976ed38c4a22d6,107,cross_family_test_set,SOXLEX/structures/SOXLEX_C1_14_2485_z1_12.cif,66fb3b7e32fa61bace20f74b9df9d680d01d9f93d68238f083d46530bcdc2bb8,4ad8d68b83ea289219765792d86ea0912d1914a0b17b10e61a976ed38c4a22d6,0,48,"[""F"", ""C"", ""C"", ""C"", ""Br"", ""C"", ""Cl"", ""C"", ""Br"", ""C"", ""H"", ""H"", ""F"", ""C"", ""C"", ""C"", ""Br"", ""C"", ""Cl"", ""C"", ""Br"", ""C"", ""H"", ""H"", ""F"", ""C"", ""C"", ""C"", ""Br"", ""C"", ""Cl"", ""C"", ""Br"", ""C"", ""H"", ""H"", ""F"", ""C"", ""C"", ""C"", ""Br"", ""C"", ""Cl"", ""C"", ""Br"", ""C"", ""H"", ""H""]",C24H8Br8Cl4F4,"[true, true, true]","[11.042375913332386, 0.0, 0.0, 0.0, 11.956375742313092, 0.0, 5.620389318263008, 0.0, 11.360346888348067]",1499.870195524123,[],"{""cutoff=6.000_skin=0.000"": 1160, ""cutoff=6.000_skin=0.500"": 1560}",0.0,,
OPT-RFT-SOXLEX48-R512-v1,7157da7c8384b8258ca02f46774c12c53148908357151f22a621bec141f2564b,OPT-RFT-SOXLEX48-R512-v1:0108,SOXLEX_C1_14_665_z1_12,47b21fb05e08724b84e18afa4f2bd6370a2a9bcecd61eb494acf078bd6f7be21,108,cross_family_test_set,SOXLEX/structures/SOXLEX_C1_14_665_z1_12.cif,625e3151f185153ee2aa31bc0e1304477ccc1de547fa6ec09eb51246071f6be9,47b21fb05e08724b84e18afa4f2bd6370a2a9bcecd61eb494acf078bd6f7be21,0,48,"[""F"", ""C"", ""C"", ""C"", ""Br"", ""C"", ""Cl"", ""C"", ""Br"", ""C"", ""H"", ""H"", ""F"", ""C"", ""C"", ""C"", ""Br"", ""C"", ""Cl"", ""C"", ""Br"", ""C"", ""H"", ""H"", ""F"", ""C"", ""C"", ""C"", ""Br"", ""C"", ""Cl"", ""C"", ""Br"", ""C"", ""H"", ""H"", ""F"", ""C"", ""C"", ""C"", ""Br"", ""C"", ""Cl"", ""C"", ""Br"", ""C"", ""H"", ""H""]",C24H8Br8Cl4F4,"[true, true, true]","[10.97490781536267, 0.0, 0.0, 0.0, 12.664808156432983, 0.0, -0.03103290947463876, 0.0, 12.103907698233984]",1682.3838853095538,[],"{""cutoff=6.000_skin=0.000"": 1160, ""cutoff=6.000_skin=0.500"": 1416}",0.0,,
OPT-RFT-SOXLEX48-R512-v1,7157da7c8384b8258ca02f46774c12c53148908357151f22a621bec141f2564b,OPT-RFT-SOXLEX48-R512-v1:0109,SOXLEX_C1_14_3450_z1_12,6165011370f170299cc78132e6cbee3a5d3536813eb96a545e352a467fb822a6,109,cross_family_test_set,SOXLEX/structures/SOXLEX_C1_14_3450_z1_12.cif,e907e0b590c062876ed0d8a4e4e9a97bce185e5da0e235797d43caa5e431d8a7,6165011370f170299cc78132e6cbee3a5d3536813eb96a545e352a467fb822a6,0,48,"[""F"", ""C"", ""C"", ""C"", ""Br"", ""C"", ""Cl"", ""C"", ""Br"", ""C"", ""H"", ""H"", ""F"", ""C"", ""C"", ""C"", ""Br"", ""C"", ""Cl"", ""C"", ""Br"", ""C"", ""H"", ""H"", ""F"", ""C"", ""C"", ""C"", ""Br"", ""C"", ""Cl"", ""C"", ""Br"", ""C"", ""H"", ""H"", ""F"", ""C"", ""C"", ""C"", ""Br"", ""C"", ""Cl"", ""C"", ""Br"", ""C"", ""H"", ""H""]",C24H8Br8Cl4F4,"[true, true, true]","[12.68755364650503, 0.0, 0.0, 0.0, 10.74707640500677, 0.0, -2.858645420528782, 0.0, 11.949988398844527]",1629.4300138925512,[],"{""cutoff=6.000_skin=0.000"": 1164, ""cutoff=6.000_skin=0.500"": 1592}",0.0,,
OPT-RFT-SOXLEX48-R512-v1,7157da7c8384b8258ca02f46774c12c53148908357151f22a621bec141f2564b,OPT-RFT-SOXLEX48-R512-v1:0110,SOXLEX_C1_14_4513_z1_12,1079fa77bec7c3782f3abda909f9872a8af33a34096d7e73dbb68419b2b5550f,110,cross_family_test_set,SOXLEX/structures/SOXLEX_C1_14_4513_z1_12.cif,25a9986a92014a148c587bbf67b1fd0b8045fef0353c4f2e84ee44a70b020bae,1079fa77bec7c3782f3abda909f9872a8af33a34096d7e73dbb68419b2b5550f,0,48,"[""F"", ""C"", ""C"", ""C"", ""Br"", ""C"", ""Cl"", ""C"", ""Br"", ""C"", ""H"", ""H"", ""F"", ""C"", ""C"", ""C"", ""Br"", ""C"", ""Cl"", ""C"", ""Br"", ""C"", ""H"", ""H"", ""F"", ""C"", ""C"", ""C"", ""Br"", ""C"", ""Cl"", ""C"", ""Br"", ""C"", ""H"", ""H"", ""F"", ""C"", ""C"", ""C"", ""Br"", ""C"", ""Cl"", ""C"", ""Br"", ""C"", ""H"", ""H""]",C24H8Br8Cl4F4,"[true, true, true]","[9.968450118027963, 0.0, 0.0, 0.0, 12.666606299353283, 0.0, -0.7216018428944049, 0.0, 12.263892360661117]",1548.5179438100338,[],"{""cutoff=6.000_skin=0.000"": 1164, ""cutoff=6.000_skin=0.500"": 1492}",0.0,,
OPT-RFT-SOXLEX48-R512-v1,7157da7c8384b8258ca02f46774c12c53148908357151f22a621bec141f2564b,OPT-RFT-SOXLEX48-R512-v1:0111,SOXLEX_C1_14_2416_z1_12,a3e41fddf44cc7cf21fa6c7358a794ce3aeb5654b717cce848d995327f975257,111,cross_family_test_set,SOXLEX/structures/SOXLEX_C1_14_2416_z1_12.cif,e9d156fce1713e3a48cb34423ea7362d87d175b473f0aa58f4fffaf1461e64ee,a3e41fddf44cc7cf21fa6c7358a794ce3aeb5654b717cce848d995327f975257,0,48,"[""F"", ""C"", ""C"", ""C"", ""Br"", ""C"", ""Cl"", ""C"", ""Br"", ""C"", ""H"", ""H"", ""F"", ""C"", ""C"", ""C"", ""Br"", ""C"", ""Cl"", ""C"", ""Br"", ""C"", ""H"", ""H"", ""F"", ""C"", ""C"", ""C"", ""Br"", ""C"", ""Cl"", ""C"", ""Br"", ""C"", ""H"", ""H"", ""F"", ""C"", ""C"", ""C"", ""Br"", ""C"", ""Cl"", ""C"", ""Br"", ""C"", ""H"", ""H""]",C24H8Br8Cl4F4,"[true, true, true]","[7.118995897143041, 0.0, 0.0, 0.0, 15.844889809299577, 0.0, 9.160979576397489, 0.0, 13.037229343175166]",1470.5956310078568,[],"{""cutoff=6.000_skin=0.000"": 1168, ""cutoff=6.000_skin=0.500"": 1716}",0.0,,
OPT-RFT-SOXLEX48-R512-v1,7157da7c8384b8258ca02f46774c12c53148908357151f22a621bec141f2564b,OPT-RFT-SOXLEX48-R512-v1:0112,SOXLEX_C1_14_765_z1_12,37fbc7c5d322662f7593321294393ea6ed6e69decd0c1d78576138744cc0fd73,112,cross_family_test_set,SOXLEX/structures/SOXLEX_C1_14_765_z1_12.cif,4eb8e19c140ee85555dcaba5c9b4b60b158899b2d2a962d4a1e00b2dba2e894d,37fbc7c5d322662f7593321294393ea6ed6e69decd0c1d78576138744cc0fd73,0,48,"[""F"", ""C"", ""C"", ""C"", ""Br"", ""C"", ""Cl"", ""C"", ""Br"", ""C"", ""H"", ""H"", ""F"", ""C"", ""C"", ""C"", ""Br"", ""C"", ""Cl"", ""C"", ""Br"", ""C"", ""H"", ""H"", ""F"", ""C"", ""C"", ""C"", ""Br"", ""C"", ""Cl"", ""C"", ""Br"", ""C"", ""H"", ""H"", ""F"", ""C"", ""C"", ""C"", ""Br"", ""C"", ""Cl"", ""C"", ""Br"", ""C"", ""H"", ""H""]",C24H8Br8Cl4F4,"[true, true, true]","[10.822705557181308, 0.0, 0.0, 0.0, 12.823932622088883, 0.0, -0.6412716090891873, 0.0, 12.229933324834313]",1697.3881272017227,[],"{""cutoff=6.000_skin=0.000"": 1168, ""cutoff=6.000_skin=0.500"": 1436}",0.0,,
OPT-RFT-SOXLEX48-R512-v1,7157da7c8384b8258ca02f46774c12c53148908357151f22a621bec141f2564b,OPT-RFT-SOXLEX48-R512-v1:0113,SOXLEX_C1_14_2132_z1_12,0566715dcf8f9326327b095e28c3b599a60e33ea586bb7325424639384c322ee,113,cross_family_test_set,SOXLEX/structures/SOXLEX_C1_14_2132_z1_12.cif,447fc08a4e4c3ec126b7a778a468da6b3c2bcfc66d08bbe18cafec3a9b25fe81,0566715dcf8f9326327b095e28c3b599a60e33ea586bb7325424639384c322ee,0,48,"[""F"", ""C"", ""C"", ""C"", ""Br"", ""C"", ""Cl"", ""C"", ""Br"", ""C"", ""H"", ""H"", ""F"", ""C"", ""C"", ""C"", ""Br"", ""C"", ""Cl"", ""C"", ""Br"", ""C"", ""H"", ""H"", ""F"", ""C"", ""C"", ""C"", ""Br"", ""C"", ""Cl"", ""C"", ""Br"", ""C"", ""H"", ""H"", ""F"", ""C"", ""C"", ""C"", ""Br"", ""C"", ""Cl"", ""C"", ""Br"", ""C"", ""H"", ""H""]",C24H8Br8Cl4F4,"[true, true, true]","[8.324735061836899, 0.0, 0.0, 0.0, 10.566847458911411, 0.0, -2.0836355814732026, 0.0, 16.97571271147238]",1493.2890334683027,[],"{""cutoff=6.000_skin=0.000"": 1172, ""cutoff=6.000_skin=0.500"": 1516}",0.0,,
OPT-RFT-SOXLEX48-R512-v1,7157da7c8384b8258ca02f46774c12c53148908357151f22a621bec141f2564b,OPT-RFT-SOXLEX48-R512-v1:0114,SOXLEX_C1_14_575_z1_12,57095a82a41f65a55eab0c6157bd572456169180370652fefbcbe0da03699dd4,114,cross_family_test_set,SOXLEX/structures/SOXLEX_C1_14_575_z1_12.cif,8a13043123ec4793effe2d8d0acc607732fea4018707d7a0cd2b9f1dce39fbaa,57095a82a41f65a55eab0c6157bd572456169180370652fefbcbe0da03699dd4,0,48,"[""F"", ""C"", ""C"", ""C"", ""Br"", ""C"", ""Cl"", ""C"", ""Br"", ""C"", ""H"", ""H"", ""F"", ""C"", ""C"", ""C"", ""Br"", ""C"", ""Cl"", ""C"", ""Br"", ""C"", ""H"", ""H"", ""F"", ""C"", ""C"", ""C"", ""Br"", ""C"", ""Cl"", ""C"", ""Br"", ""C"", ""H"", ""H"", ""F"", ""C"", ""C"", ""C"", ""Br"", ""C"", ""Cl"", ""C"", ""Br"", ""C"", ""H"", ""H""]",C24H8Br8Cl4F4,"[true, true, true]","[8.874966255283454, 0.0, 0.0, 0.0, 10.747114940052965, 0.0, 3.6769845963740386, 0.0, 16.645070857024333]",1587.611559487288,[],"{""cutoff=6.000_skin=0.000"": 1172, ""cutoff=6.000_skin=0.500"": 1572}",0.0,,
OPT-RFT-SOXLEX48-R512-v1,7157da7c8384b8258ca02f46774c12c53148908357151f22a621bec141f2564b,OPT-RFT-SOXLEX48-R512-v1:0115,SOXLEX_C1_14_1620_z1_12,d6e88c4ad515d394e6494a59561c6b3cc73f4625b176c772cc75722928e29290,115,cross_family_test_set,SOXLEX/structures/SOXLEX_C1_14_1620_z1_12.cif,6b0286b9dc570355d37d2381cdf8185108f1cfcc17598dffd98788dd4c8870da,d6e88c4ad515d394e6494a59561c6b3cc73f4625b176c772cc75722928e29290,0,48,"[""F"", ""C"", ""C"", ""C"", ""Br"", ""C"", ""Cl"", ""C"", ""Br"", ""C"", ""H"", ""H"", ""F"", ""C"", ""C"", ""C"", ""Br"", ""C"", ""Cl"", ""C"", ""Br"", ""C"", ""H"", ""H"", ""F"", ""C"", ""C"", ""C"", ""Br"", ""C"", ""Cl"", ""C"", ""Br"", ""C"", ""H"", ""H"", ""F"", ""C"", ""C"", ""C"", ""Br"", ""C"", ""Cl"", ""C"", ""Br"", ""C"", ""H"", ""H""]",C24H8Br8Cl4F4,"[true, true, true]","[10.374581975694317, 0.0, 0.0, 0.0, 13.318911784588924, 0.0, 8.389775046498217, 0.0, 11.763115527945653]",1625.4054493857082,[],"{""cutoff=6.000_skin=0.000"": 1176, ""cutoff=6.000_skin=0.500"": 1436}",0.0,,
OPT-RFT-SOXLEX48-R512-v1,7157da7c8384b8258ca02f46774c12c53148908357151f22a621bec141f2564b,OPT-RFT-SOXLEX48-R512-v1:0116,SOXLEX_C1_14_825_z1_12,7057c0495ffd617cb5ae0eb4fde2ff0b73f5b7e5a9b0642a39d31fd09b8fd1b8,116,cross_family_test_set,SOXLEX/structures/SOXLEX_C1_14_825_z1_12.cif,c6c9be2ee6cf8a3c45832d151da62434c3a29ad3e1a7808febdd583f4440dec2,7057c0495ffd617cb5ae0eb4fde2ff0b73f5b7e5a9b0642a39d31fd09b8fd1b8,0,48,"[""F"", ""C"", ""C"", ""C"", ""Br"", ""C"", ""Cl"", ""C"", ""Br"", ""C"", ""H"", ""H"", ""F"", ""C"", ""C"", ""C"", ""Br"", ""C"", ""Cl"", ""C"", ""Br"", ""C"", ""H"", ""H"", ""F"", ""C"", ""C"", ""C"", ""Br"", ""C"", ""Cl"", ""C"", ""Br"", ""C"", ""H"", ""H"", ""F"", ""C"", ""C"", ""C"", ""Br"", ""C"", ""Cl"", ""C"", ""Br"", ""C"", ""H"", ""H""]",C24H8Br8Cl4F4,"[true, true, true]","[6.522126380436472, 0.0, 0.0, 0.0, 23.235565911989724, 0.0, -2.21501600952373, 0.0, 12.314141933322997]",1866.15030149842,[],"{""cutoff=6.000_skin=0.000"": 1176, ""cutoff=6.000_skin=0.500"": 1420}",0.0,,
OPT-RFT-SOXLEX48-R512-v1,7157da7c8384b8258ca02f46774c12c53148908357151f22a621bec141f2564b,OPT-RFT-SOXLEX48-R512-v1:0117,SOXLEX_C1_14_3855_z1_12,c0863f90e715a50321d6cab4068d810f0fb88c9e8978779f7a509b39fb5a99cf,117,cross_family_test_set,SOXLEX/structures/SOXLEX_C1_14_3855_z1_12.cif,2d8b16aeb520e6c96d1c636a526fbd8396cf718b7bd705beb84dc9d047bdaea2,c0863f90e715a50321d6cab4068d810f0fb88c9e8978779f7a509b39fb5a99cf,0,48,"[""F"", ""C"", ""C"", ""C"", ""Br"", ""C"", ""Cl"", ""C"", ""Br"", ""C"", ""H"", ""H"", ""F"", ""C"", ""C"", ""C"", ""Br"", ""C"", ""Cl"", ""C"", ""Br"", ""C"", ""H"", ""H"", ""F"", ""C"", ""C"", ""C"", ""Br"", ""C"", ""Cl"", ""C"", ""Br"", ""C"", ""H"", ""H"", ""F"", ""C"", ""C"", ""C"", ""Br"", ""C"", ""Cl"", ""C"", ""Br"", ""C"", ""H"", ""H""]",C24H8Br8Cl4F4,"[true, true, true]","[11.809653981333888, 0.0, 0.0, 0.0, 12.163431513951366, 0.0, 4.087154514416671, 0.0, 11.465681491046405]",1646.9983364596794,[],"{""cutoff=6.000_skin=0.000"": 1180, ""cutoff=6.000_skin=0.500"": 1496}",0.0,,
OPT-RFT-SOXLEX48-R512-v1,7157da7c8384b8258ca02f46774c12c53148908357151f22a621bec141f2564b,OPT-RFT-SOXLEX48-R512-v1:0118,SOXLEX_C1_14_2519_z1_12,5254cf5c52cd97a15286a457ea76c84bbeb326fa269e1211a53f8882b007105e,118,cross_family_test_set,SOXLEX/structures/SOXLEX_C1_14_2519_z1_12.cif,c27e901727df1781465cc7251133ae9cbcc37b90895a7258690094fdc4ffcc7f,5254cf5c52cd97a15286a457ea76c84bbeb326fa269e1211a53f8882b007105e,0,48,"[""F"", ""C"", ""C"", ""C"", ""Br"", ""C"", ""Cl"", ""C"", ""Br"", ""C"", ""H"", ""H"", ""F"", ""C"", ""C"", ""C"", ""Br"", ""C"", ""Cl"", ""C"", ""Br"", ""C"", ""H"", ""H"", ""F"", ""C"", ""C"", ""C"", ""Br"", ""C"", ""Cl"", ""C"", ""Br"", ""C"", ""H"", ""H"", ""F"", ""C"", ""C"", ""C"", ""Br"", ""C"", ""Cl"", ""C"", ""Br"", ""C"", ""H"", ""H""]",C24H8Br8Cl4F4,"[true, true, true]","[11.152951056906954, 0.0, 0.0, 0.0, 11.764662659793323, 0.0, -0.6807209335053743, 0.0, 11.69860405918659]",1534.9821077137985,[],"{""cutoff=6.000_skin=0.000"": 1184, ""cutoff=6.000_skin=0.500"": 1624}",0.0,,
OPT-RFT-SOXLEX48-R512-v1,7157da7c8384b8258ca02f46774c12c53148908357151f22a621bec141f2564b,OPT-RFT-SOXLEX48-R512-v1:0119,SOXLEX_C1_14_1339_z1_12,5375fb658daf483eb11ee9b0970342d239147ef9b5ae868e1dc59190bc19bcad,119,cross_family_test_set,SOXLEX/structures/SOXLEX_C1_14_1339_z1_12.cif,a1a62c19bd54a601f47591b726961c6727e71fcd6792e3b53ffff1f5e3976d86,5375fb658daf483eb11ee9b0970342d239147ef9b5ae868e1dc59190bc19bcad,0,48,"[""F"", ""C"", ""C"", ""C"", ""Br"", ""C"", ""Cl"", ""C"", ""Br"", ""C"", ""H"", ""H"", ""F"", ""C"", ""C"", ""C"", ""Br"", ""C"", ""Cl"", ""C"", ""Br"", ""C"", ""H"", ""H"", ""F"", ""C"", ""C"", ""C"", ""Br"", ""C"", ""Cl"", ""C"", ""Br"", ""C"", ""H"", ""H"", ""F"", ""C"", ""C"", ""C"", ""Br"", ""C"", ""Cl"", ""C"", ""Br"", ""C"", ""H"", ""H""]",C24H8Br8Cl4F4,"[true, true, true]","[7.658751823292093, 0.0, 0.0, 0.0, 15.026525091280863, 0.0, -5.831944490837789, 0.0, 15.498453524634392]",1783.630634598715,[],"{""cutoff=6.000_skin=0.000"": 1188, ""cutoff=6.000_skin=0.500"": 1488}",0.0,,
OPT-RFT-SOXLEX48-R512-v1,7157da7c8384b8258ca02f46774c12c53148908357151f22a621bec141f2564b,OPT-RFT-SOXLEX48-R512-v1:0120,SOXLEX_C1_14_2450_z1_12,b23b1ebf744884e059c92a7c28796b95400f3e61c7f50264b2ca40869d086356,120,cross_family_test_set,SOXLEX/structures/SOXLEX_C1_14_2450_z1_12.cif,caea40fcf73048f66c1f47a70ae3d7109512c8b0297442286fbd53a50d2090e6,b23b1ebf744884e059c92a7c28796b95400f3e61c7f50264b2ca40869d086356,0,48,"[""F"", ""C"", ""C"", ""C"", ""Br"", ""C"", ""Cl"", ""C"", ""Br"", ""C"", ""H"", ""H"", ""F"", ""C"", ""C"", ""C"", ""Br"", ""C"", ""Cl"", ""C"", ""Br"", ""C"", ""H"", ""H"", ""F"", ""C"", ""C"", ""C"", ""Br"", ""C"", ""Cl"", ""C"", ""Br"", ""C"", ""H"", ""H"", ""F"", ""C"", ""C"", ""C"", ""Br"", ""C"", ""Cl"", ""C"", ""Br"", ""C"", ""H"", ""H""]",C24H8Br8Cl4F4,"[true, true, true]","[13.210116257365833, 0.0, 0.0, 0.0, 8.188964676796282, 0.0, -0.45787252070147866, 0.0, 15.514985478408892]",1678.3673055494985,[],"{""cutoff=6.000_skin=0.000"": 1188, ""cutoff=6.000_skin=0.500"": 1416}",0.0,,
OPT-RFT-SOXLEX48-R512-v1,7157da7c8384b8258ca02f46774c12c53148908357151f22a621bec141f2564b,OPT-RFT-SOXLEX48-R512-v1:0121,SOXLEX_C1_14_764_z1_12,c13b83ca73d61d92f2e7488a6661f1799026b5c25791d64588c5cd950bf6098f,121,cross_family_test_set,SOXLEX/structures/SOXLEX_C1_14_764_z1_12.cif,702ea764ae49feec868878efda21ca843e7eb82b459155c1941c776474bacc72,c13b83ca73d61d92f2e7488a6661f1799026b5c25791d64588c5cd950bf6098f,0,48,"[""F"", ""C"", ""C"", ""C"", ""Br"", ""C"", ""Cl"", ""C"", ""Br"", ""C"", ""H"", ""H"", ""F"", ""C"", ""C"", ""C"", ""Br"", ""C"", ""Cl"", ""C"", ""Br"", ""C"", ""H"", ""H"", ""F"", ""C"", ""C"", ""C"", ""Br"", ""C"", ""Cl"", ""C"", ""Br"", ""C"", ""H"", ""H"", ""F"", ""C"", ""C"", ""C"", ""Br"", ""C"", ""Cl"", ""C"", ""Br"", ""C"", ""H"", ""H""]",C24H8Br8Cl4F4,"[true, true, true]","[10.597157920625248, 0.0, 0.0, 0.0, 13.580420923606734, 0.0, 3.62895944509514, 0.0, 12.709072784672106]",1829.0117869913947,[],"{""cutoff=6.000_skin=0.000"": 1188, ""cutoff=6.000_skin=0.500"": 1372}",0.0,,
OPT-RFT-SOXLEX48-R512-v1,7157da7c8384b8258ca02f46774c12c53148908357151f22a621bec141f2564b,OPT-RFT-SOXLEX48-R512-v1:0122,SOXLEX_C1_14_2878_z1_12,193722851208f1df64786c9a1c1d233353f56f0b001acfaacc36d83066d620f8,122,cross_family_test_set,SOXLEX/structures/SOXLEX_C1_14_2878_z1_12.cif,803ffa9c616d6d1a1cc625613bd94dc0aeb03cf0eecf2d22e109cf8a0c3dee96,193722851208f1df64786c9a1c1d233353f56f0b001acfaacc36d83066d620f8,0,48,"[""F"", ""C"", ""C"", ""C"", ""Br"", ""C"", ""Cl"", ""C"", ""Br"", ""C"", ""H"", ""H"", ""F"", ""C"", ""C"", ""C"", ""Br"", ""C"", ""Cl"", ""C"", ""Br"", ""C"", ""H"", ""H"", ""F"", ""C"", ""C"", ""C"", ""Br"", ""C"", ""Cl"", ""C"", ""Br"", ""C"", ""H"", ""H"", ""F"", ""C"", ""C"", ""C"", ""Br"", ""C"", ""Cl"", ""C"", ""Br"", ""C"", ""H"", ""H""]",C24H8Br8Cl4F4,"[true, true, true]","[8.260668002160614, 0.0, 0.0, 0.0, 18.309977684007244, 0.0, 0.019668344800368845, 0.0, 12.803681887492614]",1936.5907739426698,[],"{""cutoff=6.000_skin=0.000"": 1192, ""cutoff=6.000_skin=0.500"": 1416}",0.0,,
OPT-RFT-SOXLEX48-R512-v1,7157da7c8384b8258ca02f46774c12c53148908357151f22a621bec141f2564b,OPT-RFT-SOXLEX48-R512-v1:0123,SOXLEX_C1_14_4830_z1_12,4df4c5e960f72ed44ec06e981f1efbe8898a6b5f24cd7d4180a73cc24a39d1f4,123,cross_family_test_set,SOXLEX/structures/SOXLEX_C1_14_4830_z1_12.cif,04677fb1db8ef5d537daf91933010645ade95d400823574738f1c1e503e42436,4df4c5e960f72ed44ec06e981f1efbe8898a6b5f24cd7d4180a73cc24a39d1f4,0,48,"[""F"", ""C"", ""C"", ""C"", ""Br"", ""C"", ""Cl"", ""C"", ""Br"", ""C"", ""H"", ""H"", ""F"", ""C"", ""C"", ""C"", ""Br"", ""C"", ""Cl"", ""C"", ""Br"", ""C"", ""H"", ""H"", ""F"", ""C"", ""C"", ""C"", ""Br"", ""C"", ""Cl"", ""C"", ""Br"", ""C"", ""H"", ""H"", ""F"", ""C"", ""C"", ""C"", ""Br"", ""C"", ""Cl"", ""C"", ""Br"", ""C"", ""H"", ""H""]",C24H8Br8Cl4F4,"[true, true, true]","[9.217103704185426, 0.0, 0.0, 0.0, 13.897652605081369, 0.0, -2.9398773362405253, 0.0, 13.47228236466426]",1725.7469004932047,[],"{""cutoff=6.000_skin=0.000"": 1192, ""cutoff=6.000_skin=0.500"": 1484}",0.0,,
OPT-RFT-SOXLEX48-R512-v1,7157da7c8384b8258ca02f46774c12c53148908357151f22a621bec141f2564b,OPT-RFT-SOXLEX48-R512-v1:0124,SOXLEX_C1_14_3242_z1_12,296491a13f0e73e4a695dc0734d39b03469ff90ba417a710a505cc9f235fb257,124,cross_family_test_set,SOXLEX/structures/SOXLEX_C1_14_3242_z1_12.cif,dc5911781f2f92240fe198e7dba07eac8b9c8085e8e4b0a9240060134a89062b,296491a13f0e73e4a695dc0734d39b03469ff90ba417a710a505cc9f235fb257,0,48,"[""F"", ""C"", ""C"", ""C"", ""Br"", ""C"", ""Cl"", ""C"", ""Br"", ""C"", ""H"", ""H"", ""F"", ""C"", ""C"", ""C"", ""Br"", ""C"", ""Cl"", ""C"", ""Br"", ""C"", ""H"", ""H"", ""F"", ""C"", ""C"", ""C"", ""Br"", ""C"", ""Cl"", ""C"", ""Br"", ""C"", ""H"", ""H"", ""F"", ""C"", ""C"", ""C"", ""Br"", ""C"", ""Cl"", ""C"", ""Br"", ""C"", ""H"", ""H""]",C24H8Br8Cl4F4,"[true, true, true]","[8.94239175433595, 0.0, 0.0, 0.0, 10.530406398729944, 0.0, 0.8034911991231876, 0.0, 16.805443345637016]",1582.5185087107236,[],"{""cutoff=6.000_skin=0.000"": 1196, ""cutoff=6.000_skin=0.500"": 1520}",0.0,,
OPT-RFT-SOXLEX48-R512-v1,7157da7c8384b8258ca02f46774c12c53148908357151f22a621bec141f2564b,OPT-RFT-SOXLEX48-R512-v1:0125,SOXLEX_C1_14_3144_z1_12,dfd3c1a9411c27f5952716ec357b325b3d420535dd5df85f87e7a9614e726e5f,125,cross_family_test_set,SOXLEX/structures/SOXLEX_C1_14_3144_z1_12.cif,4356764c6d2eaab0d89de32d9975ebd7b4a58f24caa94380f952520978b9e2e7,dfd3c1a9411c27f5952716ec357b325b3d420535dd5df85f87e7a9614e726e5f,0,48,"[""F"", ""C"", ""C"", ""C"", ""Br"", ""C"", ""Cl"", ""C"", ""Br"", ""C"", ""H"", ""H"", ""F"", ""C"", ""C"", ""C"", ""Br"", ""C"", ""Cl"", ""C"", ""Br"", ""C"", ""H"", ""H"", ""F"", ""C"", ""C"", ""C"", ""Br"", ""C"", ""Cl"", ""C"", ""Br"", ""C"", ""H"", ""H"", ""F"", ""C"", ""C"", ""C"", ""Br"", ""C"", ""Cl"", ""C"", ""Br"", ""C"", ""H"", ""H""]",C24H8Br8Cl4F4,"[true, true, true]","[10.651236660072257, 0.0, 0.0, 0.0, 10.013696126780346, 0.0, -0.009421845611092532, 0.0, 14.66838751668786]",1564.5045030767726,[],"{""cutoff=6.000_skin=0.000"": 1200, ""cutoff=6.000_skin=0.500"": 1484}",0.0,,
OPT-RFT-SOXLEX48-R512-v1,7157da7c8384b8258ca02f46774c12c53148908357151f22a621bec141f2564b,OPT-RFT-SOXLEX48-R512-v1:0126,SOXLEX_C1_14_372_z1_12,89184f062d7d16fabcdc01cd009da7e42591018289da21b6196a14caab2b6562,126,cross_family_test_set,SOXLEX/structures/SOXLEX_C1_14_372_z1_12.cif,3646bc94439765e0a65566c035509fa94c8224ffde5b65b2bba78969cd857cc8,89184f062d7d16fabcdc01cd009da7e42591018289da21b6196a14caab2b6562,0,48,"[""F"", ""C"", ""C"", ""C"", ""Br"", ""C"", ""Cl"", ""C"", ""Br"", ""C"", ""H"", ""H"", ""F"", ""C"", ""C"", ""C"", ""Br"", ""C"", ""Cl"", ""C"", ""Br"", ""C"", ""H"", ""H"", ""F"", ""C"", ""C"", ""C"", ""Br"", ""C"", ""Cl"", ""C"", ""Br"", ""C"", ""H"", ""H"", ""F"", ""C"", ""C"", ""C"", ""Br"", ""C"", ""Cl"", ""C"", ""Br"", ""C"", ""H"", ""H""]",C24H8Br8Cl4F4,"[true, true, true]","[11.798532365271974, 0.0, 0.0, 0.0, 11.983752715333381, 0.0, -0.7323070291857352, 0.0, 11.788590121154654]",1666.7969416859937,[],"{""cutoff=6.000_skin=0.000"": 1200, ""cutoff=6.000_skin=0.500"": 1676}",0.0,,
OPT-RFT-SOXLEX48-R512-v1,7157da7c8384b8258ca02f46774c12c53148908357151f22a621bec141f2564b,OPT-RFT-SOXLEX48-R512-v1:0127,SOXLEX_C1_14_1127_z1_12,869fd6eeeae2e7c6e3ed2fdd0909d42f6518023cd95e9861e103325628401eea,127,cross_family_test_set,SOXLEX/structures/SOXLEX_C1_14_1127_z1_12.cif,5acbaa5e57928d7f1ce729a41580dca62d250c25de5f57022381056db98c517c,869fd6eeeae2e7c6e3ed2fdd0909d42f6518023cd95e9861e103325628401eea,0,48,"[""F"", ""C"", ""C"", ""C"", ""Br"", ""C"", ""Cl"", ""C"", ""Br"", ""C"", ""H"", ""H"", ""F"", ""C"", ""C"", ""C"", ""Br"", ""C"", ""Cl"", ""C"", ""Br"", ""C"", ""H"", ""H"", ""F"", ""C"", ""C"", ""C"", ""Br"", ""C"", ""Cl"", ""C"", ""Br"", ""C"", ""H"", ""H"", ""F"", ""C"", ""C"", ""C"", ""Br"", ""C"", ""Cl"", ""C"", ""Br"", ""C"", ""H"", ""H""]",C24H8Br8Cl4F4,"[true, true, true]","[8.768894568219991, 0.0, 0.0, 0.0, 14.075608767768749, 0.0, 0.9627043803412674, 0.0, 12.741265180074844]",1572.6228809260188,[],"{""cutoff=6.000_skin=0.000"": 1204, ""cutoff=6.000_skin=0.500"": 1560}",0.0,,
OPT-RFT-SOXLEX48-R512-v1,7157da7c8384b8258ca02f46774c12c53148908357151f22a621bec141f2564b,OPT-RFT-SOXLEX48-R512-v1:0128,SOXLEX_C1_14_2806_z1_12,290c1d98e4553dbb2a7039af05c1ccb9939f31b8432c7081f8f4bed2a4d3bd24,128,cross_family_test_set,SOXLEX/structures/SOXLEX_C1_14_2806_z1_12.cif,a8b1820f08545446e0525fb91ecd5c9786545eb98d487cd5847e5b2b72ce78bf,290c1d98e4553dbb2a7039af05c1ccb9939f31b8432c7081f8f4bed2a4d3bd24,0,48,"[""F"", ""C"", ""C"", ""C"", ""Br"", ""C"", ""Cl"", ""C"", ""Br"", ""C"", ""H"", ""H"", ""F"", ""C"", ""C"", ""C"", ""Br"", ""C"", ""Cl"", ""C"", ""Br"", ""C"", ""H"", ""H"", ""F"", ""C"", ""C"", ""C"", ""Br"", ""C"", ""Cl"", ""C"", ""Br"", ""C"", ""H"", ""H"", ""F"", ""C"", ""C"", ""C"", ""Br"", ""C"", ""Cl"", ""C"", ""Br"", ""C"", ""H"", ""H""]",C24H8Br8Cl4F4,"[true, true, true]","[6.369268483799523, 0.0, 0.0, 0.0, 15.497912190934098, 0.0, 12.022039014317503, 0.0, 16.002083261570178]",1579.571458425782,[],"{""cutoff=6.000_skin=0.000"": 1204, ""cutoff=6.000_skin=0.500"": 1552}",0.0,,
OPT-RFT-SOXLEX48-R512-v1,7157da7c8384b8258ca02f46774c12c53148908357151f22a621bec141f2564b,OPT-RFT-SOXLEX48-R512-v1:0129,SOXLEX_C1_14_4648_z1_12,f33592c016646af6156666834b568a7900d96901b150ae6a6fbaeb797318c596,129,cross_family_test_set,SOXLEX/structures/SOXLEX_C1_14_4648_z1_12.cif,7d073d77bf8453b6ca0b0b450ec9ffee4b3bc5d997554e33f37c650ca4ce6f33,f33592c016646af6156666834b568a7900d96901b150ae6a6fbaeb797318c596,0,48,"[""F"", ""C"", ""C"", ""C"", ""Br"", ""C"", ""Cl"", ""C"", ""Br"", ""C"", ""H"", ""H"", ""F"", ""C"", ""C"", ""C"", ""Br"", ""C"", ""Cl"", ""C"", ""Br"", ""C"", ""H"", ""H"", ""F"", ""C"", ""C"", ""C"", ""Br"", ""C"", ""Cl"", ""C"", ""Br"", ""C"", ""H"", ""H"", ""F"", ""C"", ""C"", ""C"", ""Br"", ""C"", ""Cl"", ""C"", ""Br"", ""C"", ""H"", ""H""]",C24H8Br8Cl4F4,"[true, true, true]","[9.010447289836442, 0.0, 0.0, 0.0, 13.751766003288225, 0.0, 2.020766208352124, 0.0, 11.771851386720448]",1458.644957672064,[],"{""cutoff=6.000_skin=0.000"": 1204, ""cutoff=6.000_skin=0.500"": 1584}",0.0,,
OPT-RFT-SOXLEX48-R512-v1,7157da7c8384b8258ca02f46774c12c53148908357151f22a621bec141f2564b,OPT-RFT-SOXLEX48-R512-v1:0130,SOXLEX_C1_14_1307_z1_12,b2010d68053daa278ae7dc22b87a5e90565682958e68d541f4b56d3f89c762b3,130,cross_family_test_set,SOXLEX/structures/SOXLEX_C1_14_1307_z1_12.cif,946baab69112c131791124979e07bc355179c605f5690a48a6eb3e157baacc53,b2010d68053daa278ae7dc22b87a5e90565682958e68d541f4b56d3f89c762b3,0,48,"[""F"", ""C"", ""C"", ""C"", ""Br"", ""C"", ""Cl"", ""C"", ""Br"", ""C"", ""H"", ""H"", ""F"", ""C"", ""C"", ""C"", ""Br"", ""C"", ""Cl"", ""C"", ""Br"", ""C"", ""H"", ""H"", ""F"", ""C"", ""C"", ""C"", ""Br"", ""C"", ""Cl"", ""C"", ""Br"", ""C"", ""H"", ""H"", ""F"", ""C"", ""C"", ""C"", ""Br"", ""C"", ""Cl"", ""C"", ""Br"", ""C"", ""H"", ""H""]",C24H8Br8Cl4F4,"[true, true, true]","[8.191265905180359, 0.0, 0.0, 0.0, 13.034452656483047, 0.0, 6.291760375362251, 0.0, 15.586450199634578]",1664.1445210169268,[],"{""cutoff=6.000_skin=0.000"": 1208, ""cutoff=6.000_skin=0.500"": 1544}",0.0,,
OPT-RFT-SOXLEX48-R512-v1,7157da7c8384b8258ca02f46774c12c53148908357151f22a621bec141f2564b,OPT-RFT-SOXLEX48-R512-v1:0131,SOXLEX_C1_14_2194_z1_12,5692a6880328b4273e73a38041c4a936cdd3f834dc6710fb12252fc88316ec2e,131,cross_family_test_set,SOXLEX/structures/SOXLEX_C1_14_2194_z1_12.cif,bbdfd44b8c45f938cc4d576ffb7529465368eed08581c827da135c72358af51c,5692a6880328b4273e73a38041c4a936cdd3f834dc6710fb12252fc88316ec2e,0,48,"[""F"", ""C"", ""C"", ""C"", ""Br"", ""C"", ""Cl"", ""C"", ""Br"", ""C"", ""H"", ""H"", ""F"", ""C"", ""C"", ""C"", ""Br"", ""C"", ""Cl"", ""C"", ""Br"", ""C"", ""H"", ""H"", ""F"", ""C"", ""C"", ""C"", ""Br"", ""C"", ""Cl"", ""C"", ""Br"", ""C"", ""H"", ""H"", ""F"", ""C"", ""C"", ""C"", ""Br"", ""C"", ""Cl"", ""C"", ""Br"", ""C"", ""H"", ""H""]",C24H8Br8Cl4F4,"[true, true, true]","[6.5649150308452136, 0.0, 0.0, 0.0, 19.235131762517902, 0.0, -4.302252634091592, 0.0, 10.55073676605388]",1332.3154459869738,[],"{""cutoff=6.000_skin=0.000"": 1208, ""cutoff=6.000_skin=0.500"": 1732}",0.0,,
OPT-RFT-SOXLEX48-R512-v1,7157da7c8384b8258ca02f46774c12c53148908357151f22a621bec141f2564b,OPT-RFT-SOXLEX48-R512-v1:0132,SOXLEX_C1_14_3222_z1_12,e4120e8b23fce099b8662c7b2dcf7bcb546d606f4aa37167a9e7b28cb0dd185f,132,cross_family_test_set,SOXLEX/structures/SOXLEX_C1_14_3222_z1_12.cif,caa31ed87bdd253b0a189a26aae80e9221cb66ccc9a916e2cf545d1bae984e1e,e4120e8b23fce099b8662c7b2dcf7bcb546d606f4aa37167a9e7b28cb0dd185f,0,48,"[""F"", ""C"", ""C"", ""C"", ""Br"", ""C"", ""Cl"", ""C"", ""Br"", ""C"", ""H"", ""H"", ""F"", ""C"", ""C"", ""C"", ""Br"", ""C"", ""Cl"", ""C"", ""Br"", ""C"", ""H"", ""H"", ""F"", ""C"", ""C"", ""C"", ""Br"", ""C"", ""Cl"", ""C"", ""Br"", ""C"", ""H"", ""H"", ""F"", ""C"", ""C"", ""C"", ""Br"", ""C"", ""Cl"", ""C"", ""Br"", ""C"", ""H"", ""H""]",C24H8Br8Cl4F4,"[true, true, true]","[11.866717245483066, 0.0, 0.0, 0.0, 11.635810264545807, 0.0, -5.400365425552508, 0.0, 10.924663463336307]",1508.465189768794,[],"{""cutoff=6.000_skin=0.000"": 1208, ""cutoff=6.000_skin=0.500"": 1604}",0.0,,
OPT-RFT-SOXLEX48-R512-v1,7157da7c8384b8258ca02f46774c12c53148908357151f22a621bec141f2564b,OPT-RFT-SOXLEX48-R512-v1:0133,SOXLEX_C1_14_4445_z1_12,1017a20586fbcb492aee7a19ede00b1ee2f808eca332c2d70b9992db7f5d37dc,133,cross_family_test_set,SOXLEX/structures/SOXLEX_C1_14_4445_z1_12.cif,f7b1b49e6283ee21b47816e209f970e2681f2b5e8d84cd3a7698ecc34f2be7b2,1017a20586fbcb492aee7a19ede00b1ee2f808eca332c2d70b9992db7f5d37dc,0,48,"[""F"", ""C"", ""C"", ""C"", ""Br"", ""C"", ""Cl"", ""C"", ""Br"", ""C"", ""H"", ""H"", ""F"", ""C"", ""C"", ""C"", ""Br"", ""C"", ""Cl"", ""C"", ""Br"", ""C"", ""H"", ""H"", ""F"", ""C"", ""C"", ""C"", ""Br"", ""C"", ""Cl"", ""C"", ""Br"", ""C"", ""H"", ""H"", ""F"", ""C"", ""C"", ""C"", ""Br"", ""C"", ""Cl"", ""C"", ""Br"", ""C"", ""H"", ""H""]",C24H8Br8Cl4F4,"[true, true, true]","[9.073122786579262, 0.0, 0.0, 0.0, 12.307717859660155, 0.0, 7.2245532134421415, 0.0, 12.604070300663258]",1407.4894137540398,[],"{""cutoff=6.000_skin=0.000"": 1208, ""cutoff=6.000_skin=0.500"": 1700}",0.0,,
OPT-RFT-SOXLEX48-R512-v1,7157da7c8384b8258ca02f46774c12c53148908357151f22a621bec141f2564b,OPT-RFT-SOXLEX48-R512-v1:0134,SOXLEX_C1_14_2889_z1_12,aa2fa14531e55b86bd33e79b632daa7db6ad93859978371c9927d9ec77f43e81,134,cross_family_test_set,SOXLEX/structures/SOXLEX_C1_14_2889_z1_12.cif,cd7ff11ff0c3d9050d2ec80d5eb9fdd94a3d8c4d96f3b4397df8d5ef1800da2d,aa2fa14531e55b86bd33e79b632daa7db6ad93859978371c9927d9ec77f43e81,0,48,"[""F"", ""C"", ""C"", ""C"", ""Br"", ""C"", ""Cl"", ""C"", ""Br"", ""C"", ""H"", ""H"", ""F"", ""C"", ""C"", ""C"", ""Br"", ""C"", ""Cl"", ""C"", ""Br"", ""C"", ""H"", ""H"", ""F"", ""C"", ""C"", ""C"", ""Br"", ""C"", ""Cl"", ""C"", ""Br"", ""C"", ""H"", ""H"", ""F"", ""C"", ""C"", ""C"", ""Br"", ""C"", ""Cl"", ""C"", ""Br"", ""C"", ""H"", ""H""]",C24H8Br8Cl4F4,"[true, true, true]","[7.640942768710396, 0.0, 0.0, 0.0, 14.77831689914808, 0.0, -3.116864139147384, 0.0, 12.96449163276241]",1463.9539428302016,[],"{""cutoff=6.000_skin=0.000"": 1212, ""cutoff=6.000_skin=0.500"": 1544}",0.0,,
OPT-RFT-SOXLEX48-R512-v1,7157da7c8384b8258ca02f46774c12c53148908357151f22a621bec141f2564b,OPT-RFT-SOXLEX48-R512-v1:0135,SOXLEX_C1_14_530_z1_12,bd27a7d564248d44db02f1150b74e030de6ed9d880c6a1858e1838e77a6342d6,135,cross_family_test_set,SOXLEX/structures/SOXLEX_C1_14_530_z1_12.cif,831a14032d7c1cf956f919bc63d2442a03c0ee415da5759b2887e58a24713cf1,bd27a7d564248d44db02f1150b74e030de6ed9d880c6a1858e1838e77a6342d6,0,48,"[""F"", ""C"", ""C"", ""C"", ""Br"", ""C"", ""Cl"", ""C"", ""Br"", ""C"", ""H"", ""H"", ""F"", ""C"", ""C"", ""C"", ""Br"", ""C"", ""Cl"", ""C"", ""Br"", ""C"", ""H"", ""H"", ""F"", ""C"", ""C"", ""C"", ""Br"", ""C"", ""Cl"", ""C"", ""Br"", ""C"", ""H"", ""H"", ""F"", ""C"", ""C"", ""C"", ""Br"", ""C"", ""Cl"", ""C"", ""Br"", ""C"", ""H"", ""H""]",C24H8Br8Cl4F4,"[true, true, true]","[10.064939374008663, 0.0, 0.0, 0.0, 12.273048117417588, 0.0, 2.2401248308417423, 0.0, 13.00128084194384]",1606.015527253597,[],"{""cutoff=6.000_skin=0.000"": 1212, ""cutoff=6.000_skin=0.500"": 1568}",0.0,,
OPT-RFT-SOXLEX48-R512-v1,7157da7c8384b8258ca02f46774c12c53148908357151f22a621bec141f2564b,OPT-RFT-SOXLEX48-R512-v1:0136,SOXLEX_C1_14_494_z1_12,85adcb38ec825c62b8a01a654be02f61b7307a5aec8c60707e7b2dbc12181173,136,cross_family_test_set,SOXLEX/structures/SOXLEX_C1_14_494_z1_12.cif,df51c6f5f7131357272c52da7f7d7adf11c2bd64882a7b900ba0bf412f2ddad8,85adcb38ec825c62b8a01a654be02f61b7307a5aec8c60707e7b2dbc12181173,0,48,"[""F"", ""C"", ""C"", ""C"", ""Br"", ""C"", ""Cl"", ""C"", ""Br"", ""C"", ""H"", ""H"", ""F"", ""C"", ""C"", ""C"", ""Br"", ""C"", ""Cl"", ""C"", ""Br"", ""C"", ""H"", ""H"", ""F"", ""C"", ""C"", ""C"", ""Br"", ""C"", ""Cl"", ""C"", ""Br"", ""C"", ""H"", ""H"", ""F"", ""C"", ""C"", ""C"", ""Br"", ""C"", ""Cl"", ""C"", ""Br"", ""C"", ""H"", ""H""]",C24H8Br8Cl4F4,"[true, true, true]","[8.888386285197786, 0.0, 0.0, 0.0, 12.65381765576339, 0.0, -1.4532893629158719, 0.0, 13.462085569763216]",1514.1079481132927,[],"{""cutoff=6.000_skin=0.000"": 1216, ""cutoff=6.000_skin=0.500"": 1552}",0.0,,
OPT-RFT-SOXLEX48-R512-v1,7157da7c8384b8258ca02f46774c12c53148908357151f22a621bec141f2564b,OPT-RFT-SOXLEX48-R512-v1:0137,SOXLEX_C1_14_2700_z1_12,f7b70a751f0cba39d9fadf05bff9aa6d8be7a2e94014839143d89e6bb3f6e21e,137,cross_family_test_set,SOXLEX/structures/SOXLEX_C1_14_2700_z1_12.cif,379e7915c29b4bd11b6ce58e5dd52a4a746d1a75d04d0678f5ae9468e00a0255,f7b70a751f0cba39d9fadf05bff9aa6d8be7a2e94014839143d89e6bb3f6e21e,0,48,"[""F"", ""C"", ""C"", ""C"", ""Br"", ""C"", ""Cl"", ""C"", ""Br"", ""C"", ""H"", ""H"", ""F"", ""C"", ""C"", ""C"", ""Br"", ""C"", ""Cl"", ""C"", ""Br"", ""C"", ""H"", ""H"", ""F"", ""C"", ""C"", ""C"", ""Br"", ""C"", ""Cl"", ""C"", ""Br"", ""C"", ""H"", ""H"", ""F"", ""C"", ""C"", ""C"", ""Br"", ""C"", ""Cl"", ""C"", ""Br"", ""C"", ""H"", ""H""]",C24H8Br8Cl4F4,"[true, true, true]","[6.180294230330219, 0.0, 0.0, 0.0, 7.978863011797088, 0.0, 8.243100141131384, 0.0, 27.055948037664376]",1334.1753620087682,[],"{""cutoff=6.000_skin=0.000"": 1220, ""cutoff=6.000_skin=0.500"": 1920}",0.0,,
OPT-RFT-SOXLEX48-R512-v1,7157da7c8384b8258ca02f46774c12c53148908357151f22a621bec141f2564b,OPT-RFT-SOXLEX48-R512-v1:0138,SOXLEX_C1_14_3524_z1_12,ef875786c7caf323be4e44a386f261db4138728708177b93dfd73685b222bb18,138,cross_family_test_set,SOXLEX/structures/SOXLEX_C1_14_3524_z1_12.cif,fb33eca5f39d17b7b2468b112018b4c75ad7a2c4e50014a1d57424c83e47fc06,ef875786c7caf323be4e44a386f261db4138728708177b93dfd73685b222bb18,0,48,"[""F"", ""C"", ""C"", ""C"", ""Br"", ""C"", ""Cl"", ""C"", ""Br"", ""C"", ""H"", ""H"", ""F"", ""C"", ""C"", ""C"", ""Br"", ""C"", ""Cl"", ""C"", ""Br"", ""C"", ""H"", ""H"", ""F"", ""C"", ""C"", ""C"", ""Br"", ""C"", ""Cl"", ""C"", ""Br"", ""C"", ""H"", ""H"", ""F"", ""C"", ""C"", ""C"", ""Br"", ""C"", ""Cl"", ""C"", ""Br"", ""C"", ""H"", ""H""]",C24H8Br8Cl4F4,"[true, true, true]","[10.03874994255034, 0.0, 0.0, 0.0, 9.739915799692128, 0.0, -6.543321273431813, 0.0, 13.97579590743623]",1366.5055150715511,[],"{""cutoff=6.000_skin=0.000"": 1220, ""cutoff=6.000_skin=0.500"": 1712}",0.0,,
OPT-RFT-SOXLEX48-R512-v1,7157da7c8384b8258ca02f46774c12c53148908357151f22a621bec141f2564b,OPT-RFT-SOXLEX48-R512-v1:0139,SOXLEX_C1_14_50_z1_12,a39e13a44b9b99fbba96eb9b3fe69b992055e8e355079f44bf9ec713c5104528,139,cross_family_test_set,SOXLEX/structures/SOXLEX_C1_14_50_z1_12.cif,811ee4e6a57ea76165fe4285eb783d23b556afec94cd972ca6ee8c43c9dd43f1,a39e13a44b9b99fbba96eb9b3fe69b992055e8e355079f44bf9ec713c5104528,0,48,"[""F"", ""C"", ""C"", ""C"", ""Br"", ""C"", ""Cl"", ""C"", ""Br"", ""C"", ""H"", ""H"", ""F"", ""C"", ""C"", ""C"", ""Br"", ""C"", ""Cl"", ""C"", ""Br"", ""C"", ""H"", ""H"", ""F"", ""C"", ""C"", ""C"", ""Br"", ""C"", ""Cl"", ""C"", ""Br"", ""C"", ""H"", ""H"", ""F"", ""C"", ""C"", ""C"", ""Br"", ""C"", ""Cl"", ""C"", ""Br"", ""C"", ""H"", ""H""]",C24H8Br8Cl4F4,"[true, true, true]","[8.721389038728088, 0.0, 0.0, 0.0, 11.556643871419134, 0.0, 6.906319481558061, 0.0, 15.621341269004317]",1574.4747863104417,[],"{""cutoff=6.000_skin=0.000"": 1220, ""cutoff=6.000_skin=0.500"": 1512}",0.0,,
OPT-RFT-SOXLEX48-R512-v1,7157da7c8384b8258ca02f46774c12c53148908357151f22a621bec141f2564b,OPT-RFT-SOXLEX48-R512-v1:0140,SOXLEX_C1_14_2869_z1_12,cc2f613a52adcff68fe48091760d86d2adb54e7da8cf23ad0c2b343719b2ac84,140,cross_family_test_set,SOXLEX/structures/SOXLEX_C1_14_2869_z1_12.cif,2a8245e6bbd9982bffaead4b303de0f0e38706aec7220ec3e3d1735c3d345ecb,cc2f613a52adcff68fe48091760d86d2adb54e7da8cf23ad0c2b343719b2ac84,0,48,"[""F"", ""C"", ""C"", ""C"", ""Br"", ""C"", ""Cl"", ""C"", ""Br"", ""C"", ""H"", ""H"", ""F"", ""C"", ""C"", ""C"", ""Br"", ""C"", ""Cl"", ""C"", ""Br"", ""C"", ""H"", ""H"", ""F"", ""C"", ""C"", ""C"", ""Br"", ""C"", ""Cl"", ""C"", ""Br"", ""C"", ""H"", ""H"", ""F"", ""C"", ""C"", ""C"", ""Br"", ""C"", ""Cl"", ""C"", ""Br"", ""C"", ""H"", ""H""]",C24H8Br8Cl4F4,"[true, true, true]","[10.017300688587323, 0.0, 0.0, 0.0, 9.831648618043754, 0.0, 1.0031364649084713, 0.0, 14.385319053324855]",1416.7608825531686,[],"{""cutoff=6.000_skin=0.000"": 1224, ""cutoff=6.000_skin=0.500"": 1580}",0.0,,
OPT-RFT-SOXLEX48-R512-v1,7157da7c8384b8258ca02f46774c12c53148908357151f22a621bec141f2564b,OPT-RFT-SOXLEX48-R512-v1:0141,SOXLEX_C1_14_3954_z1_12,9f5d0f04af367692a5968bf5bf51e2c9b48961d4efc0b0791d8edabc3a99c781,141,cross_family_test_set,SOXLEX/structures/SOXLEX_C1_14_3954_z1_12.cif,fd62882c39d29ec2505f87a09a415c94ec4d7f865d967103e11fbb8aad2c9439,9f5d0f04af367692a5968bf5bf51e2c9b48961d4efc0b0791d8edabc3a99c781,0,48,"[""F"", ""C"", ""C"", ""C"", ""Br"", ""C"", ""Cl"", ""C"", ""Br"", ""C"", ""H"", ""H"", ""F"", ""C"", ""C"", ""C"", ""Br"", ""C"", ""Cl"", ""C"", ""Br"", ""C"", ""H"", ""H"", ""F"", ""C"", ""C"", ""C"", ""Br"", ""C"", ""Cl"", ""C"", ""Br"", ""C"", ""H"", ""H"", ""F"", ""C"", ""C"", ""C"", ""Br"", ""C"", ""Cl"", ""C"", ""Br"", ""C"", ""H"", ""H""]",C24H8Br8Cl4F4,"[true, true, true]","[9.925067055064531, 0.0, 0.0, 0.0, 12.965266534365288, 0.0, 1.881975163120042, 0.0, 12.446919467843982]",1601.6837833786333,[],"{""cutoff=6.000_skin=0.000"": 1224, ""cutoff=6.000_skin=0.500"": 1616}",0.0,,
OPT-RFT-SOXLEX48-R512-v1,7157da7c8384b8258ca02f46774c12c53148908357151f22a621bec141f2564b,OPT-RFT-SOXLEX48-R512-v1:0142,SOXLEX_C1_14_1466_z1_12,5151bfc8d31909e7fee0e68243801e1077831046e60d51e577836bc56be6d40a,142,cross_family_test_set,SOXLEX/structures/SOXLEX_C1_14_1466_z1_12.cif,002b1545447c02a8e410d7c7899a40cc3320406e9b9b19d8deb77ce6ab6cd7c8,5151bfc8d31909e7fee0e68243801e1077831046e60d51e577836bc56be6d40a,0,48,"[""F"", ""C"", ""C"", ""C"", ""Br"", ""C"", ""Cl"", ""C"", ""Br"", ""C"", ""H"", ""H"", ""F"", ""C"", ""C"", ""C"", ""Br"", ""C"", ""Cl"", ""C"", ""Br"", ""C"", ""H"", ""H"", ""F"", ""C"", ""C"", ""C"", ""Br"", ""C"", ""Cl"", ""C"", ""Br"", ""C"", ""H"", ""H"", ""F"", ""C"", ""C"", ""C"", ""Br"", ""C"", ""Cl"", ""C"", ""Br"", ""C"", ""H"", ""H""]",C24H8Br8Cl4F4,"[true, true, true]","[11.881194302144202, 0.0, 0.0, 0.0, 11.005580812243238, 0.0, 0.7893859169950568, 0.0, 11.836071295286631]",1547.678102168319,[],"{""cutoff=6.000_skin=0.000"": 1228, ""cutoff=6.000_skin=0.500"": 1576}",0.0,,
OPT-RFT-SOXLEX48-R512-v1,7157da7c8384b8258ca02f46774c12c53148908357151f22a621bec141f2564b,OPT-RFT-SOXLEX48-R512-v1:0143,SOXLEX_C1_14_4311_z1_12,2a5f74e8d391d684fc9dd5bc1bb5c8fd84daa5ce58b623ea72595b4338a88eaf,143,cross_family_test_set,SOXLEX/structures/SOXLEX_C1_14_4311_z1_12.cif,2f9b646ac863a437db575ad963c56f46eef62222df08947a66c3067e8508316f,2a5f74e8d391d684fc9dd5bc1bb5c8fd84daa5ce58b623ea72595b4338a88eaf,0,48,"[""F"", ""C"", ""C"", ""C"", ""Br"", ""C"", ""Cl"", ""C"", ""Br"", ""C"", ""H"", ""H"", ""F"", ""C"", ""C"", ""C"", ""Br"", ""C"", ""Cl"", ""C"", ""Br"", ""C"", ""H"", ""H"", ""F"", ""C"", ""C"", ""C"", ""Br"", ""C"", ""Cl"", ""C"", ""Br"", ""C"", ""H"", ""H"", ""F"", ""C"", ""C"", ""C"", ""Br"", ""C"", ""Cl"", ""C"", ""Br"", ""C"", ""H"", ""H""]",C24H8Br8Cl4F4,"[true, true, true]","[12.914877741534113, 0.0, 0.0, 0.0, 12.462754937873953, 0.0, -8.563610923520597, 0.0, 9.638865856556867]",1551.4232331607252,[],"{""cutoff=6.000_skin=0.000"": 1228, ""cutoff=6.000_skin=0.500"": 1584}",0.0,,
OPT-RFT-SOXLEX48-R512-v1,7157da7c8384b8258ca02f46774c12c53148908357151f22a621bec141f2564b,OPT-RFT-SOXLEX48-R512-v1:0144,SOXLEX_C1_14_1300_z1_12,b0c2a0bb9b688853bb3361b446b65c7907cfa1f84570ff0824680e87201bb7cb,144,cross_family_test_set,SOXLEX/structures/SOXLEX_C1_14_1300_z1_12.cif,f595dc775d9dcf029b4cc3a5087db32c2d4293d2deb4bd153d38077add005d62,b0c2a0bb9b688853bb3361b446b65c7907cfa1f84570ff0824680e87201bb7cb,0,48,"[""F"", ""C"", ""C"", ""C"", ""Br"", ""C"", ""Cl"", ""C"", ""Br"", ""C"", ""H"", ""H"", ""F"", ""C"", ""C"", ""C"", ""Br"", ""C"", ""Cl"", ""C"", ""Br"", ""C"", ""H"", ""H"", ""F"", ""C"", ""C"", ""C"", ""Br"", ""C"", ""Cl"", ""C"", ""Br"", ""C"", ""H"", ""H"", ""F"", ""C"", ""C"", ""C"", ""Br"", ""C"", ""Cl"", ""C"", ""Br"", ""C"", ""H"", ""H""]",C24H8Br8Cl4F4,"[true, true, true]","[9.791896649395973, 0.0, 0.0, 0.0, 13.590347085225481, 0.0, 0.30018034032137514, 0.0, 12.765591251404203]",1698.784554675321,[],"{""cutoff=6.000_skin=0.000"": 1232, ""cutoff=6.000_skin=0.500"": 1476}",0.0,,
OPT-RFT-SOXLEX48-R512-v1,7157da7c8384b8258ca02f46774c12c53148908357151f22a621bec141f2564b,OPT-RFT-SOXLEX48-R512-v1:0145,SOXLEX_C1_14_4360_z1_12,8329f42d73234c4e5ed58f614e23139572e93694884749211dd15adce3ad8e2d,145,cross_family_test_set,SOXLEX/structures/SOXLEX_C1_14_4360_z1_12.cif,589c40a4a35d22f9e25f1f6d7cb0ce8d8633fa91f85888e44d888f366f9aa0ce,8329f42d73234c4e5ed58f614e23139572e93694884749211dd15adce3ad8e2d,0,48,"[""F"", ""C"", ""C"", ""C"", ""Br"", ""C"", ""Cl"", ""C"", ""Br"", ""C"", ""H"", ""H"", ""F"", ""C"", ""C"", ""C"", ""Br"", ""C"", ""Cl"", ""C"", ""Br"", ""C"", ""H"", ""H"", ""F"", ""C"", ""C"", ""C"", ""Br"", ""C"", ""Cl"", ""C"", ""Br"", ""C"", ""H"", ""H"", ""F"", ""C"", ""C"", ""C"", ""Br"", ""C"", ""Cl"", ""C"", ""Br"", ""C"", ""H"", ""H""]",C24H8Br8Cl4F4,"[true, true, true]","[6.8412615542099005, 0.0, 0.0, 0.0, 17.763006586188887, 0.0, -1.41786083903004, 0.0, 13.709680382979489]",1666.0191978611685,[],"{""cutoff=6.000_skin=0.000"": 1232, ""cutoff=6.000_skin=0.500"": 1448}",0.0,,
OPT-RFT-SOXLEX48-R512-v1,7157da7c8384b8258ca02f46774c12c53148908357151f22a621bec141f2564b,OPT-RFT-SOXLEX48-R512-v1:0146,SOXLEX_C1_14_2279_z1_12,c11a74bc70d68b560453cbad006eaf67853b0bbdbf223ae17ca2bbc348100bde,146,cross_family_test_set,SOXLEX/structures/SOXLEX_C1_14_2279_z1_12.cif,f196a8f0b20c53869693409cc310454e07a5eed9ecdb6cc7fb9dbc603904dd16,c11a74bc70d68b560453cbad006eaf67853b0bbdbf223ae17ca2bbc348100bde,0,48,"[""F"", ""C"", ""C"", ""C"", ""Br"", ""C"", ""Cl"", ""C"", ""Br"", ""C"", ""H"", ""H"", ""F"", ""C"", ""C"", ""C"", ""Br"", ""C"", ""Cl"", ""C"", ""Br"", ""C"", ""H"", ""H"", ""F"", ""C"", ""C"", ""C"", ""Br"", ""C"", ""Cl"", ""C"", ""Br"", ""C"", ""H"", ""H"", ""F"", ""C"", ""C"", ""C"", ""Br"", ""C"", ""Cl"", ""C"", ""Br"", ""C"", ""H"", ""H""]",C24H8Br8Cl4F4,"[true, true, true]","[7.201598906265648, 0.0, 0.0, 0.0, 12.490027095318126, 0.0, 0.8370814134624212, 0.0, 15.419264501704868]",1386.9345548076444,[],"{""cutoff=6.000_skin=0.000"": 1236, ""cutoff=6.000_skin=0.500"": 1636}",0.0,,
OPT-RFT-SOXLEX48-R512-v1,7157da7c8384b8258ca02f46774c12c53148908357151f22a621bec141f2564b,OPT-RFT-SOXLEX48-R512-v1:0147,SOXLEX_C1_14_811_z1_12,01b4a6ba4458ffc73a08bff9b29c4930c316c419ab3d0380e91b7843cc2e30a2,147,cross_family_test_set,SOXLEX/structures/SOXLEX_C1_14_811_z1_12.cif,040e8183b95875b6832978ea79cc4e61302f9548501b8bf31608eddb275b0375,01b4a6ba4458ffc73a08bff9b29c4930c316c419ab3d0380e91b7843cc2e30a2,0,48,"[""F"", ""C"", ""C"", ""C"", ""Br"", ""C"", ""Cl"", ""C"", ""Br"", ""C"", ""H"", ""H"", ""F"", ""C"", ""C"", ""C"", ""Br"", ""C"", ""Cl"", ""C"", ""Br"", ""C"", ""H"", ""H"", ""F"", ""C"", ""C"", ""C"", ""Br"", ""C"", ""Cl"", ""C"", ""Br"", ""C"", ""H"", ""H"", ""F"", ""C"", ""C"", ""C"", ""Br"", ""C"", ""Cl"", ""C"", ""Br"", ""C"", ""H"", ""H""]",C24H8Br8Cl4F4,"[true, true, true]","[11.551491425635277, 0.0, 0.0, 0.0, 15.129029855244127, 0.0, 4.669551818030914, 0.0, 9.430150011403542]",1648.0399735009519,[],"{""cutoff=6.000_skin=0.000"": 1236, ""cutoff=6.000_skin=0.500"": 1604}",0.0,,
OPT-RFT-SOXLEX48-R512-v1,7157da7c8384b8258ca02f46774c12c53148908357151f22a621bec141f2564b,OPT-RFT-SOXLEX48-R512-v1:0148,SOXLEX_C1_14_3082_z1_12,b5a827ba73648549d7b3fa9111d3e9cb302f68f35eb19c0b88e19458d3278653,148,cross_family_test_set,SOXLEX/structures/SOXLEX_C1_14_3082_z1_12.cif,0fc0841a58d08204e0b0eeb9eb84176d0c10a0bf38786f53af828eae2c4c5af9,b5a827ba73648549d7b3fa9111d3e9cb302f68f35eb19c0b88e19458d3278653,0,48,"[""F"", ""C"", ""C"", ""C"", ""Br"", ""C"", ""Cl"", ""C"", ""Br"", ""C"", ""H"", ""H"", ""F"", ""C"", ""C"", ""C"", ""Br"", ""C"", ""Cl"", ""C"", ""Br"", ""C"", ""H"", ""H"", ""F"", ""C"", ""C"", ""C"", ""Br"", ""C"", ""Cl"", ""C"", ""Br"", ""C"", ""H"", ""H"", ""F"", ""C"", ""C"", ""C"", ""Br"", ""C"", ""Cl"", ""C"", ""Br"", ""C"", ""H"", ""H""]",C24H8Br8Cl4F4,"[true, true, true]","[9.369580287707102, 0.0, 0.0, 0.0, 14.028759667052336, 0.0, 2.6691454624271533, 0.0, 12.77543471988913]",1679.249003870597,[],"{""cutoff=6.000_skin=0.000"": 1240, ""cutoff=6.000_skin=0.500"": 1508}",0.0,,
OPT-RFT-SOXLEX48-R512-v1,7157da7c8384b8258ca02f46774c12c53148908357151f22a621bec141f2564b,OPT-RFT-SOXLEX48-R512-v1:0149,SOXLEX_C1_14_3858_z1_12,5817ebb1e8c1fc40b5b33f8392931b7415261ebccc3bc02d729278c6101334e5,149,cross_family_test_set,SOXLEX/structures/SOXLEX_C1_14_3858_z1_12.cif,fa2d080fb71a0d3daf1e84fce9d06d9fd44df33e8b7453019d7618c7ee759607,5817ebb1e8c1fc40b5b33f8392931b7415261ebccc3bc02d729278c6101334e5,0,48,"[""F"", ""C"", ""C"", ""C"", ""Br"", ""C"", ""Cl"", ""C"", ""Br"", ""C"", ""H"", ""H"", ""F"", ""C"", ""C"", ""C"", ""Br"", ""C"", ""Cl"", ""C"", ""Br"", ""C"", ""H"", ""H"", ""F"", ""C"", ""C"", ""C"", ""Br"", ""C"", ""Cl"", ""C"", ""Br"", ""C"", ""H"", ""H"", ""F"", ""C"", ""C"", ""C"", ""Br"", ""C"", ""Cl"", ""C"", ""Br"", ""C"", ""H"", ""H""]",C24H8Br8Cl4F4,"[true, true, true]","[9.900680510954931, 0.0, 0.0, 0.0, 12.576907295818113, 0.0, -1.3915135984183422, 0.0, 11.384706609343768]",1417.6229947489767,[],"{""cutoff=6.000_skin=0.000"": 1240, ""cutoff=6.000_skin=0.500"": 1640}",0.0,,
OPT-RFT-SOXLEX48-R512-v1,7157da7c8384b8258ca02f46774c12c53148908357151f22a621bec141f2564b,OPT-RFT-SOXLEX48-R512-v1:0150,SOXLEX_C1_14_1480_z1_12,dc117c5439fa19cb0ca50a2b049f6e888fafc4670aa0cd90ad639bc95119cedf,150,cross_family_test_set,SOXLEX/structures/SOXLEX_C1_14_1480_z1_12.cif,5e96b24536b0f404eab7d9c870db8f72c1b40383794424ce9ae0c1e0f24d542b,dc117c5439fa19cb0ca50a2b049f6e888fafc4670aa0cd90ad639bc95119cedf,0,48,"[""F"", ""C"", ""C"", ""C"", ""Br"", ""C"", ""Cl"", ""C"", ""Br"", ""C"", ""H"", ""H"", ""F"", ""C"", ""C"", ""C"", ""Br"", ""C"", ""Cl"", ""C"", ""Br"", ""C"", ""H"", ""H"", ""F"", ""C"", ""C"", ""C"", ""Br"", ""C"", ""Cl"", ""C"", ""Br"", ""C"", ""H"", ""H"", ""F"", ""C"", ""C"", ""C"", ""Br"", ""C"", ""Cl"", ""C"", ""Br"", ""C"", ""H"", ""H""]",C24H8Br8Cl4F4,"[true, true, true]","[12.577959917100312, 0.0, 0.0, 0.0, 9.046044442206707, 0.0, 3.85716861781158, 0.0, 12.440798299820237]",1415.523789145392,[],"{""cutoff=6.000_skin=0.000"": 1244, ""cutoff=6.000_skin=0.500"": 1724}",0.0,,
OPT-RFT-SOXLEX48-R512-v1,7157da7c8384b8258ca02f46774c12c53148908357151f22a621bec141f2564b,OPT-RFT-SOXLEX48-R512-v1:0151,SOXLEX_C1_14_3785_z1_12,f128d8dc512d20e09d1c95fae372b92d28d014457a7ed05ea745e5448f70a822,151,cross_family_test_set,SOXLEX/structures/SOXLEX_C1_14_3785_z1_12.cif,67c43766ac5b0b0a159a208ba903ff00f373b079546928a762c14d0617eb2302,f128d8dc512d20e09d1c95fae372b92d28d014457a7ed05ea745e5448f70a822,0,48,"[""F"", ""C"", ""C"", ""C"", ""Br"", ""C"", ""Cl"", ""C"", ""Br"", ""C"", ""H"", ""H"", ""F"", ""C"", ""C"", ""C"", ""Br"", ""C"", ""Cl"", ""C"", ""Br"", ""C"", ""H"", ""H"", ""F"", ""C"", ""C"", ""C"", ""Br"", ""C"", ""Cl"", ""C"", ""Br"", ""C"", ""H"", ""H"", ""F"", ""C"", ""C"", ""C"", ""Br"", ""C"", ""Cl"", ""C"", ""Br"", ""C"", ""H"", ""H""]",C24H8Br8Cl4F4,"[true, true, true]","[13.90162668573462, 0.0, 0.0, 0.0, 13.057032301187796, 0.0, 0.4449566163208622, 0.0, 9.420889071847865]",1710.0231522929148,[],"{""cutoff=6.000_skin=0.000"": 1244, ""cutoff=6.000_skin=0.500"": 1636}",0.0,,
OPT-RFT-SOXLEX48-R512-v1,7157da7c8384b8258ca02f46774c12c53148908357151f22a621bec141f2564b,OPT-RFT-SOXLEX48-R512-v1:0152,SOXLEX_C1_14_4803_z1_12,c26c7f67ca2bbf440ae3a78976d0404a1f67fa1791256be7c6fbbf42bc858276,152,cross_family_test_set,SOXLEX/structures/SOXLEX_C1_14_4803_z1_12.cif,efc64c50e2876cd4cef54744e4c8f2f6533a0303b2cac4c0b84d9d92a837eb13,c26c7f67ca2bbf440ae3a78976d0404a1f67fa1791256be7c6fbbf42bc858276,0,48,"[""F"", ""C"", ""C"", ""C"", ""Br"", ""C"", ""Cl"", ""C"", ""Br"", ""C"", ""H"", ""H"", ""F"", ""C"", ""C"", ""C"", ""Br"", ""C"", ""Cl"", ""C"", ""Br"", ""C"", ""H"", ""H"", ""F"", ""C"", ""C"", ""C"", ""Br"", ""C"", ""Cl"", ""C"", ""Br"", ""C"", ""H"", ""H"", ""F"", ""C"", ""C"", ""C"", ""Br"", ""C"", ""Cl"", ""C"", ""Br"", ""C"", ""H"", ""H""]",C24H8Br8Cl4F4,"[true, true, true]","[8.1806410500404, 0.0, 0.0, 0.0, 14.432117581620272, 0.0, 7.370730207343152, 0.0, 12.379174532594497]",1461.5345343049821,[],"{""cutoff=6.000_skin=0.000"": 1244, ""cutoff=6.000_skin=0.500"": 1528}",0.0,,
OPT-RFT-SOXLEX48-R512-v1,7157da7c8384b8258ca02f46774c12c53148908357151f22a621bec141f2564b,OPT-RFT-SOXLEX48-R512-v1:0153,SOXLEX_C1_14_3600_z1_12,74c10c09a573a5391ffc4d81f08a17f3a6df4a6b84c2c25c092403a347a0c911,153,cross_family_test_set,SOXLEX/structures/SOXLEX_C1_14_3600_z1_12.cif,ea63577bbe0dc43e46e163a4f6ef5a1757e4096693b8fe6bd5128698502c878d,74c10c09a573a5391ffc4d81f08a17f3a6df4a6b84c2c25c092403a347a0c911,0,48,"[""F"", ""C"", ""C"", ""C"", ""Br"", ""C"", ""Cl"", ""C"", ""Br"", ""C"", ""H"", ""H"", ""F"", ""C"", ""C"", ""C"", ""Br"", ""C"", ""Cl"", ""C"", ""Br"", ""C"", ""H"", ""H"", ""F"", ""C"", ""C"", ""C"", ""Br"", ""C"", ""Cl"", ""C"", ""Br"", ""C"", ""H"", ""H"", ""F"", ""C"", ""C"", ""C"", ""Br"", ""C"", ""Cl"", ""C"", ""Br"", ""C"", ""H"", ""H""]",C24H8Br8Cl4F4,"[true, true, true]","[8.783712804964487, 0.0, 0.0, 0.0, 13.695245864088598, 0.0, 2.5425601954451467, 0.0, 13.308842242951952]",1600.988594522256,[],"{""cutoff=6.000_skin=0.000"": 1248, ""cutoff=6.000_skin=0.500"": 1564}",0.0,,
OPT-RFT-SOXLEX48-R512-v1,7157da7c8384b8258ca02f46774c12c53148908357151f22a621bec141f2564b,OPT-RFT-SOXLEX48-R512-v1:0154,SOXLEX_C1_14_1946_z1_12,23cc5b03fa42d362ec64f60c4f60af9de8e10c6803021ab6020c81f9faaff5c7,154,cross_family_test_set,SOXLEX/structures/SOXLEX_C1_14_1946_z1_12.cif,ece9ed47a6320bb5852e6183eeff15a6506732b9d96bddddad77145d93a1db79,23cc5b03fa42d362ec64f60c4f60af9de8e10c6803021ab6020c81f9faaff5c7,0,48,"[""F"", ""C"", ""C"", ""C"", ""Br"", ""C"", ""Cl"", ""C"", ""Br"", ""C"", ""H"", ""H"", ""F"", ""C"", ""C"", ""C"", ""Br"", ""C"", ""Cl"", ""C"", ""Br"", ""C"", ""H"", ""H"", ""F"", ""C"", ""C"", ""C"", ""Br"", ""C"", ""Cl"", ""C"", ""Br"", ""C"", ""H"", ""H"", ""F"", ""C"", ""C"", ""C"", ""Br"", ""C"", ""Cl"", ""C"", ""Br"", ""C"", ""H"", ""H""]",C24H8Br8Cl4F4,"[true, true, true]","[11.49435370083803, 0.0, 0.0, 0.0, 12.085414117761438, 0.0, -3.4936935815542456, 0.0, 11.05786988463657]",1536.0932079688407,[],"{""cutoff=6.000_skin=0.000"": 1252, ""cutoff=6.000_skin=0.500"": 1596}",0.0,,
OPT-RFT-SOXLEX48-R512-v1,7157da7c8384b8258ca02f46774c12c53148908357151f22a621bec141f2564b,OPT-RFT-SOXLEX48-R512-v1:0155,SOXLEX_C1_14_4148_z1_12,1f0b6b6a9dbe56e42c095f5765bcf2b04da94f450bed8776e9690d788e967b9d,155,cross_family_test_set,SOXLEX/structures/SOXLEX_C1_14_4148_z1_12.cif,03e3a0ab7a11bc85a06131e9fb70964595fc355a87c669a6363afa8a9f749261,1f0b6b6a9dbe56e42c095f5765bcf2b04da94f450bed8776e9690d788e967b9d,0,48,"[""F"", ""C"", ""C"", ""C"", ""Br"", ""C"", ""Cl"", ""C"", ""Br"", ""C"", ""H"", ""H"", ""F"", ""C"", ""C"", ""C"", ""Br"", ""C"", ""Cl"", ""C"", ""Br"", ""C"", ""H"", ""H"", ""F"", ""C"", ""C"", ""C"", ""Br"", ""C"", ""Cl"", ""C"", ""Br"", ""C"", ""H"", ""H"", ""F"", ""C"", ""C"", ""C"", ""Br"", ""C"", ""Cl"", ""C"", ""Br"", ""C"", ""H"", ""H""]",C24H8Br8Cl4F4,"[true, true, true]","[9.17975384675723, 0.0, 0.0, 0.0, 14.249572188619112, 0.0, 2.081734572020883, 0.0, 11.1644676692404]",1460.3968315974978,[],"{""cutoff=6.000_skin=0.000"": 1252, ""cutoff=6.000_skin=0.500"": 1616}",0.0,,
OPT-RFT-SOXLEX48-R512-v1,7157da7c8384b8258ca02f46774c12c53148908357151f22a621bec141f2564b,OPT-RFT-SOXLEX48-R512-v1:0156,SOXLEX_C1_14_2269_z1_12,c9684aadc1c0efee96d2cbcd4b0eb9010dd7a828e69850ee1870ace6bc4c26c1,156,cross_family_test_set,SOXLEX/structures/SOXLEX_C1_14_2269_z1_12.cif,0942b3a4639088e7e0570ff4a1e07a9060f711e0cf993e7cd36f6ad93df4766a,c9684aadc1c0efee96d2cbcd4b0eb9010dd7a828e69850ee1870ace6bc4c26c1,0,48,"[""F"", ""C"", ""C"", ""C"", ""Br"", ""C"", ""Cl"", ""C"", ""Br"", ""C"", ""H"", ""H"", ""F"", ""C"", ""C"", ""C"", ""Br"", ""C"", ""Cl"", ""C"", ""Br"", ""C"", ""H"", ""H"", ""F"", ""C"", ""C"", ""C"", ""Br"", ""C"", ""Cl"", ""C"", ""Br"", ""C"", ""H"", ""H"", ""F"", ""C"", ""C"", ""C"", ""Br"", ""C"", ""Cl"", ""C"", ""Br"", ""C"", ""H"", ""H""]",C24H8Br8Cl4F4,"[true, true, true]","[10.591602256972145, 0.0, 0.0, 0.0, 11.219932823776064, 0.0, 4.257277303110171, 0.0, 14.691032801047802]",1745.8392319328245,[],"{""cutoff=6.000_skin=0.000"": 1256, ""cutoff=6.000_skin=0.500"": 1508}",0.0,,
OPT-RFT-SOXLEX48-R512-v1,7157da7c8384b8258ca02f46774c12c53148908357151f22a621bec141f2564b,OPT-RFT-SOXLEX48-R512-v1:0157,SOXLEX_C1_14_3906_z1_12,bf2efd48dcf9c02b01b3e83b3cc91599767f41971af3467d15a2556de9d6a1a9,157,cross_family_test_set,SOXLEX/structures/SOXLEX_C1_14_3906_z1_12.cif,30169b1967bf347b1ce4c6c9a5e4efe0fe6efad5fc47ec864d28f99ceaee2d7e,bf2efd48dcf9c02b01b3e83b3cc91599767f41971af3467d15a2556de9d6a1a9,0,48,"[""F"", ""C"", ""C"", ""C"", ""Br"", ""C"", ""Cl"", ""C"", ""Br"", ""C"", ""H"", ""H"", ""F"", ""C"", ""C"", ""C"", ""Br"", ""C"", ""Cl"", ""C"", ""Br"", ""C"", ""H"", ""H"", ""F"", ""C"", ""C"", ""C"", ""Br"", ""C"", ""Cl"", ""C"", ""Br"", ""C"", ""H"", ""H"", ""F"", ""C"", ""C"", ""C"", ""Br"", ""C"", ""Cl"", ""C"", ""Br"", ""C"", ""H"", ""H""]",C24H8Br8Cl4F4,"[true, true, true]","[10.877677360098119, 0.0, 0.0, 0.0, 10.666822343233687, 0.0, 0.4748402708832524, 0.0, 13.242519397102527]",1536.5328615315484,[],"{""cutoff=6.000_skin=0.000"": 1256, ""cutoff=6.000_skin=0.500"": 1488}",0.0,,
OPT-RFT-SOXLEX48-R512-v1,7157da7c8384b8258ca02f46774c12c53148908357151f22a621bec141f2564b,OPT-RFT-SOXLEX48-R512-v1:0158,SOXLEX_C1_14_832_z1_12,39ed660e336e9a599cfc2d8260313f498a02d75dd9cd53daf714606516905b5d,158,cross_family_test_set,SOXLEX/structures/SOXLEX_C1_14_832_z1_12.cif,f46c1202344967c8124d8c0e131865b3c9a76c2d0b4d71f931039c98ba7ef23b,39ed660e336e9a599cfc2d8260313f498a02d75dd9cd53daf714606516905b5d,0,48,"[""F"", ""C"", ""C"", ""C"", ""Br"", ""C"", ""Cl"", ""C"", ""Br"", ""C"", ""H"", ""H"", ""F"", ""C"", ""C"", ""C"", ""Br"", ""C"", ""Cl"", ""C"", ""Br"", ""C"", ""H"", ""H"", ""F"", ""C"", ""C"", ""C"", ""Br"", ""C"", ""Cl"", ""C"", ""Br"", ""C"", ""H"", ""H"", ""F"", ""C"", ""C"", ""C"", ""Br"", ""C"", ""Cl"", ""C"", ""Br"", ""C"", ""H"", ""H""]",C24H8Br8Cl4F4,"[true, true, true]","[7.06406484181872, 0.0, 0.0, 0.0, 13.544828364341374, 0.0, -0.3030839535222811, 0.0, 15.972822701578556]",1528.3043674675687,[],"{""cutoff=6.000_skin=0.000"": 1256, ""cutoff=6.000_skin=0.500"": 1532}",0.0,,
OPT-RFT-SOXLEX48-R512-v1,7157da7c8384b8258ca02f46774c12c53148908357151f22a621bec141f2564b,OPT-RFT-SOXLEX48-R512-v1:0159,SOXLEX_C1_14_2399_z1_12,03dcf6cef24899b82f1c12d22e77c32b7b70cc5043864164f215626d53f05771,159,cross_family_test_set,SOXLEX/structures/SOXLEX_C1_14_2399_z1_12.cif,8db402ccebdeb40ca5567fe5f9bff962b3fad54a1ea2cdee483724338dd14bf6,03dcf6cef24899b82f1c12d22e77c32b7b70cc5043864164f215626d53f05771,0,48,"[""F"", ""C"", ""C"", ""C"", ""Br"", ""C"", ""Cl"", ""C"", ""Br"", ""C"", ""H"", ""H"", ""F"", ""C"", ""C"", ""C"", ""Br"", ""C"", ""Cl"", ""C"", ""Br"", ""C"", ""H"", ""H"", ""F"", ""C"", ""C"", ""C"", ""Br"", ""C"", ""Cl"", ""C"", ""Br"", ""C"", ""H"", ""H"", ""F"", ""C"", ""C"", ""C"", ""Br"", ""C"", ""Cl"", ""C"", ""Br"", ""C"", ""H"", ""H""]",C24H8Br8Cl4F4,"[true, true, true]","[10.416108962540509, 0.0, 0.0, 0.0, 10.71212367696133, 0.0, -2.6411874444091614, 0.0, 12.604178777711152]",1406.357220101895,[],"{""cutoff=6.000_skin=0.000"": 1260, ""cutoff=6.000_skin=0.500"": 1784}",0.0,,
OPT-RFT-SOXLEX48-R512-v1,7157da7c8384b8258ca02f46774c12c53148908357151f22a621bec141f2564b,OPT-RFT-SOXLEX48-R512-v1:0160,SOXLEX_C1_14_1585_z1_12,6bd7d512096b0059c360b3042ae74708fa8188a4ac4dab12f0ef98d2397431ca,160,cross_family_test_set,SOXLEX/structures/SOXLEX_C1_14_1585_z1_12.cif,5f134203d9ea33da76dafdca59e18d19b031d019e7c20b6c4bf13fedc008fbe8,6bd7d512096b0059c360b3042ae74708fa8188a4ac4dab12f0ef98d2397431ca,0,48,"[""F"", ""C"", ""C"", ""C"", ""Br"", ""C"", ""Cl"", ""C"", ""Br"", ""C"", ""H"", ""H"", ""F"", ""C"", ""C"", ""C"", ""Br"", ""C"", ""Cl"", ""C"", ""Br"", ""C"", ""H"", ""H"", ""F"", ""C"", ""C"", ""C"", ""Br"", ""C"", ""Cl"", ""C"", ""Br"", ""C"", ""H"", ""H"", ""F"", ""C"", ""C"", ""C"", ""Br"", ""C"", ""Cl"", ""C"", ""Br"", ""C"", ""H"", ""H""]",C24H8Br8Cl4F4,"[true, true, true]","[11.349844411030087, 0.0, 0.0, 0.0, 10.593622375723914, 0.0, 8.795160560699124, 0.0, 12.340695749285128]",1483.7954709939206,[],"{""cutoff=6.000_skin=0.000"": 1264, ""cutoff=6.000_skin=0.500"": 1548}",0.0,,
OPT-RFT-SOXLEX48-R512-v1,7157da7c8384b8258ca02f46774c12c53148908357151f22a621bec141f2564b,OPT-RFT-SOXLEX48-R512-v1:0161,SOXLEX_C1_14_1846_z1_12,64986bf045f3d13cb5a8616ed28fccb090bc4a65ec71c6929b6b7743c3eb9b31,161,cross_family_test_set,SOXLEX/structures/SOXLEX_C1_14_1846_z1_12.cif,cb6cfad6dbc729c42c9680c8b2e79aace378f3894d6132c14de72736c3836764,64986bf045f3d13cb5a8616ed28fccb090bc4a65ec71c6929b6b7743c3eb9b31,0,48,"[""F"", ""C"", ""C"", ""C"", ""Br"", ""C"", ""Cl"", ""C"", ""Br"", ""C"", ""H"", ""H"", ""F"", ""C"", ""C"", ""C"", ""Br"", ""C"", ""Cl"", ""C"", ""Br"", ""C"", ""H"", ""H"", ""F"", ""C"", ""C"", ""C"", ""Br"", ""C"", ""Cl"", ""C"", ""Br"", ""C"", ""H"", ""H"", ""F"", ""C"", ""C"", ""C"", ""Br"", ""C"", ""Cl"", ""C"", ""Br"", ""C"", ""H"", ""H""]",C24H8Br8Cl4F4,"[true, true, true]","[10.363519535413388, 0.0, 0.0, 0.0, 15.023223041509809, 0.0, 1.1399709483643286, 0.0, 10.63495015647761]",1655.7922450218427,[],"{""cutoff=6.000_skin=0.000"": 1268, ""cutoff=6.000_skin=0.500"": 1572}",0.0,,
OPT-RFT-SOXLEX48-R512-v1,7157da7c8384b8258ca02f46774c12c53148908357151f22a621bec141f2564b,OPT-RFT-SOXLEX48-R512-v1:0162,SOXLEX_C1_14_3457_z1_12,fec6413be5c0d1e9ff6363ce39cc00d3d8680bc0659d16f295bf85a8491defbb,162,cross_family_test_set,SOXLEX/structures/SOXLEX_C1_14_3457_z1_12.cif,31c7efdf8896bdb8a3038597300a7f2f3d02654af5102d08e05e098333ae78d5,fec6413be5c0d1e9ff6363ce39cc00d3d8680bc0659d16f295bf85a8491defbb,0,48,"[""F"", ""C"", ""C"", ""C"", ""Br"", ""C"", ""Cl"", ""C"", ""Br"", ""C"", ""H"", ""H"", ""F"", ""C"", ""C"", ""C"", ""Br"", ""C"", ""Cl"", ""C"", ""Br"", ""C"", ""H"", ""H"", ""F"", ""C"", ""C"", ""C"", ""Br"", ""C"", ""Cl"", ""C"", ""Br"", ""C"", ""H"", ""H"", ""F"", ""C"", ""C"", ""C"", ""Br"", ""C"", ""Cl"", ""C"", ""Br"", ""C"", ""H"", ""H""]",C24H8Br8Cl4F4,"[true, true, true]","[9.210835582004384, 0.0, 0.0, 0.0, 13.711258082753812, 0.0, -7.159793595056008, 0.0, 11.735026682810142]",1482.0416775883757,[],"{""cutoff=6.000_skin=0.000"": 1268, ""cutoff=6.000_skin=0.500"": 1572}",0.0,,
OPT-RFT-SOXLEX48-R512-v1,7157da7c8384b8258ca02f46774c12c53148908357151f22a621bec141f2564b,OPT-RFT-SOXLEX48-R512-v1:0163,SOXLEX_C1_14_2211_z1_12,2acde0aff5f2760f9b5e863e603baa213fb449340a42b28f9b93502b2aa5b424,163,cross_family_test_set,SOXLEX/structures/SOXLEX_C1_14_2211_z1_12.cif,f8845bab77d93c9005dc4c5fa95b62b69e88834a87087428966937e0ab304e4f,2acde0aff5f2760f9b5e863e603baa213fb449340a42b28f9b93502b2aa5b424,0,48,"[""F"", ""C"", ""C"", ""C"", ""Br"", ""C"", ""Cl"", ""C"", ""Br"", ""C"", ""H"", ""H"", ""F"", ""C"", ""C"", ""C"", ""Br"", ""C"", ""Cl"", ""C"", ""Br"", ""C"", ""H"", ""H"", ""F"", ""C"", ""C"", ""C"", ""Br"", ""C"", ""Cl"", ""C"", ""Br"", ""C"", ""H"", ""H"", ""F"", ""C"", ""C"", ""C"", ""Br"", ""C"", ""Cl"", ""C"", ""Br"", ""C"", ""H"", ""H""]",C24H8Br8Cl4F4,"[true, true, true]","[10.527166651943098, 0.0, 0.0, 0.0, 12.022582985426073, 0.0, 0.2344248983457143, 0.0, 11.032665394814426]",1396.3353357806807,[],"{""cutoff=6.000_skin=0.000"": 1272, ""cutoff=6.000_skin=0.500"": 1708}",0.0,,
OPT-RFT-SOXLEX48-R512-v1,7157da7c8384b8258ca02f46774c12c53148908357151f22a621bec141f2564b,OPT-RFT-SOXLEX48-R512-v1:0164,SOXLEX_C1_14_453_z1_12,72059b97de4c3e4bb05f7a42d549ecd60db2c210eb34c9f8172093b8b90cc48f,164,cross_family_test_set,SOXLEX/structures/SOXLEX_C1_14_453_z1_12.cif,4f34474a96de2c810378b9e2989a6f44dfd09d34a4d77b296d9000cc257fa7a0,72059b97de4c3e4bb05f7a42d549ecd60db2c210eb34c9f8172093b8b90cc48f,0,48,"[""F"", ""C"", ""C"", ""C"", ""Br"", ""C"", ""Cl"", ""C"", ""Br"", ""C"", ""H"", ""H"", ""F"", ""C"", ""C"", ""C"", ""Br"", ""C"", ""Cl"", ""C"", ""Br"", ""C"", ""H"", ""H"", ""F"", ""C"", ""C"", ""C"", ""Br"", ""C"", ""Cl"", ""C"", ""Br"", ""C"", ""H"", ""H"", ""F"", ""C"", ""C"", ""C"", ""Br"", ""C"", ""Cl"", ""C"", ""Br"", ""C"", ""H"", ""H""]",C24H8Br8Cl4F4,"[true, true, true]","[11.947881243062682, 0.0, 0.0, 0.0, 12.122762501008268, 0.0, 3.189358702519427, 0.0, 11.999459087745983]",1738.0175739503052,[],"{""cutoff=6.000_skin=0.000"": 1272, ""cutoff=6.000_skin=0.500"": 1560}",0.0,,
OPT-RFT-SOXLEX48-R512-v1,7157da7c8384b8258ca02f46774c12c53148908357151f22a621bec141f2564b,OPT-RFT-SOXLEX48-R512-v1:0165,SOXLEX_C1_14_1953_z1_12,9e8e718b08e30b08361bd35536a3cd9769e10173de69dceef3da125e1538f2aa,165,cross_family_test_set,SOXLEX/structures/SOXLEX_C1_14_1953_z1_12.cif,3e52a97d734ccf43e5d40b71f8fa174864d6bc365cd6411adf0f2381fc93c495,9e8e718b08e30b08361bd35536a3cd9769e10173de69dceef3da125e1538f2aa,0,48,"[""F"", ""C"", ""C"", ""C"", ""Br"", ""C"", ""Cl"", ""C"", ""Br"", ""C"", ""H"", ""H"", ""F"", ""C"", ""C"", ""C"", ""Br"", ""C"", ""Cl"", ""C"", ""Br"", ""C"", ""H"", ""H"", ""F"", ""C"", ""C"", ""C"", ""Br"", ""C"", ""Cl"", ""C"", ""Br"", ""C"", ""H"", ""H"", ""F"", ""C"", ""C"", ""C"", ""Br"", ""C"", ""Cl"", ""C"", ""Br"", ""C"", ""H"", ""H""]",C24H8Br8Cl4F4,"[true, true, true]","[12.53576192236109, 0.0, 0.0, 0.0, 13.228954394437807, 0.0, 4.808544322508892, 0.0, 9.626887254397406]",1596.475067041498,[],"{""cutoff=6.000_skin=0.000"": 1276, ""cutoff=6.000_skin=0.500"": 1552}",0.0,,
OPT-RFT-SOXLEX48-R512-v1,7157da7c8384b8258ca02f46774c12c53148908357151f22a621bec141f2564b,OPT-RFT-SOXLEX48-R512-v1:0166,SOXLEX_C1_14_4267_z1_12,0bbcc59ef819046932c0ffe7017fa249c45020d84f84acd894f16d050e9b0af5,166,cross_family_test_set,SOXLEX/structures/SOXLEX_C1_14_4267_z1_12.cif,6bf34114e32f166673d1ac88e3e8a78f39538982c2ead32534265a3bc6b4f394,0bbcc59ef819046932c0ffe7017fa249c45020d84f84acd894f16d050e9b0af5,0,48,"[""F"", ""C"", ""C"", ""C"", ""Br"", ""C"", ""Cl"", ""C"", ""Br"", ""C"", ""H"", ""H"", ""F"", ""C"", ""C"", ""C"", ""Br"", ""C"", ""Cl"", ""C"", ""Br"", ""C"", ""H"", ""H"", ""F"", ""C"", ""C"", ""C"", ""Br"", ""C"", ""Cl"", ""C"", ""Br"", ""C"", ""H"", ""H"", ""F"", ""C"", ""C"", ""C"", ""Br"", ""C"", ""Cl"", ""C"", ""Br"", ""C"", ""H"", ""H""]",C24H8Br8Cl4F4,"[true, true, true]","[11.852650951726837, 0.0, 0.0, 0.0, 12.495771153655461, 0.0, 3.0611172883309608, 0.0, 11.378511165863852]",1685.248689425056,[],"{""cutoff=6.000_skin=0.000"": 1276, ""cutoff=6.000_skin=0.500"": 1556}",0.0,,
OPT-RFT-SOXLEX48-R512-v1,7157da7c8384b8258ca02f46774c12c53148908357151f22a621bec141f2564b,OPT-RFT-SOXLEX48-R512-v1:0167,SOXLEX_C1_14_2411_z1_12,87f4763d432acdd2bbc7102189e64309d5a2d030cfb8159160d456d2d9000f54,167,cross_family_test_set,SOXLEX/structures/SOXLEX_C1_14_2411_z1_12.cif,b9bcc358dabcd49ecb0add2fcf660279d3c1355cf7bb2fb909ff2c2c58721c92,87f4763d432acdd2bbc7102189e64309d5a2d030cfb8159160d456d2d9000f54,0,48,"[""F"", ""C"", ""C"", ""C"", ""Br"", ""C"", ""Cl"", ""C"", ""Br"", ""C"", ""H"", ""H"", ""F"", ""C"", ""C"", ""C"", ""Br"", ""C"", ""Cl"", ""C"", ""Br"", ""C"", ""H"", ""H"", ""F"", ""C"", ""C"", ""C"", ""Br"", ""C"", ""Cl"", ""C"", ""Br"", ""C"", ""H"", ""H"", ""F"", ""C"", ""C"", ""C"", ""Br"", ""C"", ""Cl"", ""C"", ""Br"", ""C"", ""H"", ""H""]",C24H8Br8Cl4F4,"[true, true, true]","[6.985689593084501, 0.0, 0.0, 0.0, 29.92292098294636, 0.0, 0.9222744212307277, 0.0, 6.621032641929676]",1384.0092690621182,[],"{""cutoff=6.000_skin=0.000"": 1280, ""cutoff=6.000_skin=0.500"": 1692}",0.0,,
OPT-RFT-SOXLEX48-R512-v1,7157da7c8384b8258ca02f46774c12c53148908357151f22a621bec141f2564b,OPT-RFT-SOXLEX48-R512-v1:0168,SOXLEX_C1_14_492_z1_12,537a8cf3a545a9dfc54444ae5903462a8075d5099686d7b03cb3141982db206b,168,cross_family_test_set,SOXLEX/structures/SOXLEX_C1_14_492_z1_12.cif,7d64c80a562c11aa81872a32f631b16192eca766152131d5b6a6461aec67e7ad,537a8cf3a545a9dfc54444ae5903462a8075d5099686d7b03cb3141982db206b,0,48,"[""F"", ""C"", ""C"", ""C"", ""Br"", ""C"", ""Cl"", ""C"", ""Br"", ""C"", ""H"", ""H"", ""F"", ""C"", ""C"", ""C"", ""Br"", ""C"", ""Cl"", ""C"", ""Br"", ""C"", ""H"", ""H"", ""F"", ""C"", ""C"", ""C"", ""Br"", ""C"", ""Cl"", ""C"", ""Br"", ""C"", ""H"", ""H"", ""F"", ""C"", ""C"", ""C"", ""Br"", ""C"", ""Cl"", ""C"", ""Br"", ""C"", ""H"", ""H""]",C24H8Br8Cl4F4,"[true, true, true]","[9.877207021331024, 0.0, 0.0, 0.0, 10.601367283850319, 0.0, -6.407087275526124, 0.0, 13.426787605360687]",1405.94443261846,[],"{""cutoff=6.000_skin=0.000"": 1280, ""cutoff=6.000_skin=0.500"": 1704}",0.0,,
OPT-RFT-SOXLEX48-R512-v1,7157da7c8384b8258ca02f46774c12c53148908357151f22a621bec141f2564b,OPT-RFT-SOXLEX48-R512-v1:0169,SOXLEX_C1_14_201_z1_12,15ef2c6a76e5978cecff9a8f45c9c611104cc5c32b2d18afb4302c1c6d75fd0f,169,cross_family_test_set,SOXLEX/structures/SOXLEX_C1_14_201_z1_12.cif,242eb404975b724c930f5ac6e876e570cd5ce5711f226b1352df71c1eb8d96aa,15ef2c6a76e5978cecff9a8f45c9c611104cc5c32b2d18afb4302c1c6d75fd0f,0,48,"[""F"", ""C"", ""C"", ""C"", ""Br"", ""C"", ""Cl"", ""C"", ""Br"", ""C"", ""H"", ""H"", ""F"", ""C"", ""C"", ""C"", ""Br"", ""C"", ""Cl"", ""C"", ""Br"", ""C"", ""H"", ""H"", ""F"", ""C"", ""C"", ""C"", ""Br"", ""C"", ""Cl"", ""C"", ""Br"", ""C"", ""H"", ""H"", ""F"", ""C"", ""C"", ""C"", ""Br"", ""C"", ""Cl"", ""C"", ""Br"", ""C"", ""H"", ""H""]",C24H8Br8Cl4F4,"[true, true, true]","[6.2570391458620875, 0.0, 0.0, 0.0, 15.075280060670575, 0.0, 5.49769162178776, 0.0, 14.666348330517444]",1383.4270287197578,[],"{""cutoff=6.000_skin=0.000"": 1284, ""cutoff=6.000_skin=0.500"": 1852}",0.0,,
OPT-RFT-SOXLEX48-R512-v1,7157da7c8384b8258ca02f46774c12c53148908357151f22a621bec141f2564b,OPT-RFT-SOXLEX48-R512-v1:0170,SOXLEX_C1_14_2140_z1_12,0e3c6fea8d29bc9078c7c2dd30da389b130a89738b1a06e2c7c30d4804a7975a,170,cross_family_test_set,SOXLEX/structures/SOXLEX_C1_14_2140_z1_12.cif,a0f8da1e654b78cdf629220cfc17a4b4b7f0c8cb3e13c73facfa3b750ede57d3,0e3c6fea8d29bc9078c7c2dd30da389b130a89738b1a06e2c7c30d4804a7975a,0,48,"[""F"", ""C"", ""C"", ""C"", ""Br"", ""C"", ""Cl"", ""C"", ""Br"", ""C"", ""H"", ""H"", ""F"", ""C"", ""C"", ""C"", ""Br"", ""C"", ""Cl"", ""C"", ""Br"", ""C"", ""H"", ""H"", ""F"", ""C"", ""C"", ""C"", ""Br"", ""C"", ""Cl"", ""C"", ""Br"", ""C"", ""H"", ""H"", ""F"", ""C"", ""C"", ""C"", ""Br"", ""C"", ""Cl"", ""C"", ""Br"", ""C"", ""H"", ""H""]",C24H8Br8Cl4F4,"[true, true, true]","[16.24954914755341, 0.0, 0.0, 0.0, 17.130640316608428, 0.0, -5.41803904053046, 0.0, 5.643147464281255]",1570.8557695580826,[],"{""cutoff=6.000_skin=0.000"": 1288, ""cutoff=6.000_skin=0.500"": 1636}",0.0,,
OPT-RFT-SOXLEX48-R512-v1,7157da7c8384b8258ca02f46774c12c53148908357151f22a621bec141f2564b,OPT-RFT-SOXLEX48-R512-v1:0171,SOXLEX_C1_14_3872_z1_12,4dd1a08a526c69ddc2fe8cb5cfce3210aa0db6b8b8658bb948fde2511d1b60eb,171,cross_family_test_set,SOXLEX/structures/SOXLEX_C1_14_3872_z1_12.cif,9df8ad58a062db205bb8b8c75b31540fd107266f983769024c502bcc71a95698,4dd1a08a526c69ddc2fe8cb5cfce3210aa0db6b8b8658bb948fde2511d1b60eb,0,48,"[""F"", ""C"", ""C"", ""C"", ""Br"", ""C"", ""Cl"", ""C"", ""Br"", ""C"", ""H"", ""H"", ""F"", ""C"", ""C"", ""C"", ""Br"", ""C"", ""Cl"", ""C"", ""Br"", ""C"", ""H"", ""H"", ""F"", ""C"", ""C"", ""C"", ""Br"", ""C"", ""Cl"", ""C"", ""Br"", ""C"", ""H"", ""H"", ""F"", ""C"", ""C"", ""C"", ""Br"", ""C"", ""Cl"", ""C"", ""Br"", ""C"", ""H"", ""H""]",C24H8Br8Cl4F4,"[true, true, true]","[12.668957820559257, 0.0, 0.0, 0.0, 10.979732109224795, 0.0, 1.6909183751546302, 0.0, 11.385789807635069]",1583.7834350798776,[],"{""cutoff=6.000_skin=0.000"": 1288, ""cutoff=6.000_skin=0.500"": 1612}",0.0,,
OPT-RFT-SOXLEX48-R512-v1,7157da7c8384b8258ca02f46774c12c53148908357151f22a621bec141f2564b,OPT-RFT-SOXLEX48-R512-v1:0172,SOXLEX_C1_14_4773_z1_12,88e0615ee4c3664f6d33ba492febdfeb7f7552e6ee81f379f47b5382b953890b,172,cross_family_test_set,SOXLEX/structures/SOXLEX_C1_14_4773_z1_12.cif,dcbfdb36b406df102f41e13f805c0935793f2c0b98ad35be250b61add13569ca,88e0615ee4c3664f6d33ba492febdfeb7f7552e6ee81f379f47b5382b953890b,0,48,"[""F"", ""C"", ""C"", ""C"", ""Br"", ""C"", ""Cl"", ""C"", ""Br"", ""C"", ""H"", ""H"", ""F"", ""C"", ""C"", ""C"", ""Br"", ""C"", ""Cl"", ""C"", ""Br"", ""C"", ""H"", ""H"", ""F"", ""C"", ""C"", ""C"", ""Br"", ""C"", ""Cl"", ""C"", ""Br"", ""C"", ""H"", ""H"", ""F"", ""C"", ""C"", ""C"", ""Br"", ""C"", ""Cl"", ""C"", ""Br"", ""C"", ""H"", ""H""]",C24H8Br8Cl4F4,"[true, true, true]","[9.10800199924717, 0.0, 0.0, 0.0, 10.276532226897569, 0.0, 1.645283058485763, 0.0, 16.385605474519032]",1533.670978986097,[],"{""cutoff=6.000_skin=0.000"": 1288, ""cutoff=6.000_skin=0.500"": 1576}",0.0,,
OPT-RFT-SOXLEX48-R512-v1,7157da7c8384b8258ca02f46774c12c53148908357151f22a621bec141f2564b,OPT-RFT-SOXLEX48-R512-v1:0173,SOXLEX_C1_14_1457_z1_12,3968d0aef3f8396f507e76c779bc6dfa421c702e4d33a1d80c8370da8cce4b09,173,cross_family_test_set,SOXLEX/structures/SOXLEX_C1_14_1457_z1_12.cif,e46b350e12a2d18a9dbfb96cc6deb26e5de1ab04f4f33251ece24926d371c505,3968d0aef3f8396f507e76c779bc6dfa421c702e4d33a1d80c8370da8cce4b09,0,48,"[""F"", ""C"", ""C"", ""C"", ""Br"", ""C"", ""Cl"", ""C"", ""Br"", ""C"", ""H"", ""H"", ""F"", ""C"", ""C"", ""C"", ""Br"", ""C"", ""Cl"", ""C"", ""Br"", ""C"", ""H"", ""H"", ""F"", ""C"", ""C"", ""C"", ""Br"", ""C"", ""Cl"", ""C"", ""Br"", ""C"", ""H"", ""H"", ""F"", ""C"", ""C"", ""C"", ""Br"", ""C"", ""Cl"", ""C"", ""Br"", ""C"", ""H"", ""H""]",C24H8Br8Cl4F4,"[true, true, true]","[9.31064160558104, 0.0, 0.0, 0.0, 10.550214563849096, 0.0, 0.9933379604310482, 0.0, 14.112590531070436]",1386.2694186243084,[],"{""cutoff=6.000_skin=0.000"": 1292, ""cutoff=6.000_skin=0.500"": 1684}",0.0,,
OPT-RFT-SOXLEX48-R512-v1,7157da7c8384b8258ca02f46774c12c53148908357151f22a621bec141f2564b,OPT-RFT-SOXLEX48-R512-v1:0174,SOXLEX_C1_14_3883_z1_12,a51b639002fe9ae8681f29ae141004c0e1f5b189dc100e6912b0b5bcd9bfae27,174,cross_family_test_set,SOXLEX/structures/SOXLEX_C1_14_3883_z1_12.cif,5b2bba64fd8b189c4a4a0f94f0952e93dea3fcbd725c5d790383f80381e4fc21,a51b639002fe9ae8681f29ae141004c0e1f5b189dc100e6912b0b5bcd9bfae27,0,48,"[""F"", ""C"", ""C"", ""C"", ""Br"", ""C"", ""Cl"", ""C"", ""Br"", ""C"", ""H"", ""H"", ""F"", ""C"", ""C"", ""C"", ""Br"", ""C"", ""Cl"", ""C"", ""Br"", ""C"", ""H"", ""H"", ""F"", ""C"", ""C"", ""C"", ""Br"", ""C"", ""Cl"", ""C"", ""Br"", ""C"", ""H"", ""H"", ""F"", ""C"", ""C"", ""C"", ""Br"", ""C"", ""Cl"", ""C"", ""Br"", ""C"", ""H"", ""H""]",C24H8Br8Cl4F4,"[true, true, true]","[12.048792310298186, 0.0, 0.0, 0.0, 7.210629102238315, 0.0, 1.8592578245699143, 0.0, 15.02344906485994]",1305.2278272321812,[],"{""cutoff=6.000_skin=0.000"": 1292, ""cutoff=6.000_skin=0.500"": 1832}",0.0,,
OPT-RFT-SOXLEX48-R512-v1,7157da7c8384b8258ca02f46774c12c53148908357151f22a621bec141f2564b,OPT-RFT-SOXLEX48-R512-v1:0175,SOXLEX_C1_14_521_z1_12,ccd5e56881004c904d33bf622049cf09dc1baaa170beaf2f55448a8c160ca436,175,cross_family_test_set,SOXLEX/structures/SOXLEX_C1_14_521_z1_12.cif,50a7c2a04ff7a1a8fade204ce902e8157cb102313a328a9c8e7cf2c41144eb7a,ccd5e56881004c904d33bf622049cf09dc1baaa170beaf2f55448a8c160ca436,0,48,"[""F"", ""C"", ""C"", ""C"", ""Br"", ""C"", ""Cl"", ""C"", ""Br"", ""C"", ""H"", ""H"", ""F"", ""C"", ""C"", ""C"", ""Br"", ""C"", ""Cl"", ""C"", ""Br"", ""C"", ""H"", ""H"", ""F"", ""C"", ""C"", ""C"", ""Br"", ""C"", ""Cl"", ""C"", ""Br"", ""C"", ""H"", ""H"", ""F"", ""C"", ""C"", ""C"", ""Br"", ""C"", ""Cl"", ""C"", ""Br"", ""C"", ""H"", ""H""]",C24H8Br8Cl4F4,"[true, true, true]","[7.495420018333533, 0.0, 0.0, 0.0, 14.052606229921746, 0.0, -4.808109250430811, 0.0, 12.854663487981835]",1353.984096741602,[],"{""cutoff=6.000_skin=0.000"": 1292, ""cutoff=6.000_skin=0.500"": 1740}",0.0,,
OPT-RFT-SOXLEX48-R512-v1,7157da7c8384b8258ca02f46774c12c53148908357151f22a621bec141f2564b,OPT-RFT-SOXLEX48-R512-v1:0176,SOXLEX_C1_14_944_z1_12,be9d28dd8a05dbbe48c638b75ea13ba6b1856dee7ed23b5c14b0291270dbe7ed,176,cross_family_test_set,SOXLEX/structures/SOXLEX_C1_14_944_z1_12.cif,eb727485b46cd2c527d8d58b25222fc7b68ce8ea8fa00c1dad6e7cca82faf9a6,be9d28dd8a05dbbe48c638b75ea13ba6b1856dee7ed23b5c14b0291270dbe7ed,0,48,"[""F"", ""C"", ""C"", ""C"", ""Br"", ""C"", ""Cl"", ""C"", ""Br"", ""C"", ""H"", ""H"", ""F"", ""C"", ""C"", ""C"", ""Br"", ""C"", ""Cl"", ""C"", ""Br"", ""C"", ""H"", ""H"", ""F"", ""C"", ""C"", ""C"", ""Br"", ""C"", ""Cl"", ""C"", ""Br"", ""C"", ""H"", ""H"", ""F"", ""C"", ""C"", ""C"", ""Br"", ""C"", ""Cl"", ""C"", ""Br"", ""C"", ""H"", ""H""]",C24H8Br8Cl4F4,"[true, true, true]","[13.698860977822733, 0.0, 0.0, 0.0, 13.169463694342404, 0.0, -1.847818983890174, 0.0, 10.077908032415314]",1818.1216503282305,[],"{""cutoff=6.000_skin=0.000"": 1292, ""cutoff=6.000_skin=0.500"": 1616}",0.0,,
OPT-RFT-SOXLEX48-R512-v1,7157da7c8384b8258ca02f46774c12c53148908357151f22a621bec141f2564b,OPT-RFT-SOXLEX48-R512-v1:0177,SOXLEX_C1_14_2342_z1_12,72d76b84d2fd6d59f5981b5000dd0cec4b6210d1f02a3bb2079d5e6ea3269ada,177,cross_family_test_set,SOXLEX/structures/SOXLEX_C1_14_2342_z1_12.cif,9d84372e088ef1538a39c8527e07a1013ede57d4f1ad2cfa82b9df1c915eae39,72d76b84d2fd6d59f5981b5000dd0cec4b6210d1f02a3bb2079d5e6ea3269ada,0,48,"[""F"", ""C"", ""C"", ""C"", ""Br"", ""C"", ""Cl"", ""C"", ""Br"", ""C"", ""H"", ""H"", ""F"", ""C"", ""C"", ""C"", ""Br"", ""C"", ""Cl"", ""C"", ""Br"", ""C"", ""H"", ""H"", ""F"", ""C"", ""C"", ""C"", ""Br"", ""C"", ""Cl"", ""C"", ""Br"", ""C"", ""H"", ""H"", ""F"", ""C"", ""C"", ""C"", ""Br"", ""C"", ""Cl"", ""C"", ""Br"", ""C"", ""H"", ""H""]",C24H8Br8Cl4F4,"[true, true, true]","[8.936628009310585, 0.0, 0.0, 0.0, 13.854781275084889, 0.0, -5.426526107068775, 0.0, 11.154905373928111]",1381.1449034270572,[],"{""cutoff=6.000_skin=0.000"": 1296, ""cutoff=6.000_skin=0.500"": 1700}",0.0,,
OPT-RFT-SOXLEX48-R512-v1,7157da7c8384b8258ca02f46774c12c53148908357151f22a621bec141f2564b,OPT-RFT-SOXLEX48-R512-v1:0178,SOXLEX_C1_14_1325_z1_12,abdb2a66d4e51747fd54acecb7be8526665c36d430075e3440951d68fce88ec6,178,cross_family_test_set,SOXLEX/structures/SOXLEX_C1_14_1325_z1_12.cif,34f1da57d88d5a11d354ab8b18620a5bf1d68e6a6a406596f514423b45180559,abdb2a66d4e51747fd54acecb7be8526665c36d430075e3440951d68fce88ec6,0,48,"[""F"", ""C"", ""C"", ""C"", ""Br"", ""C"", ""Cl"", ""C"", ""Br"", ""C"", ""H"", ""H"", ""F"", ""C"", ""C"", ""C"", ""Br"", ""C"", ""Cl"", ""C"", ""Br"", ""C"", ""H"", ""H"", ""F"", ""C"", ""C"", ""C"", ""Br"", ""C"", ""Cl"", ""C"", ""Br"", ""C"", ""H"", ""H"", ""F"", ""C"", ""C"", ""C"", ""Br"", ""C"", ""Cl"", ""C"", ""Br"", ""C"", ""H"", ""H""]",C24H8Br8Cl4F4,"[true, true, true]","[10.000703810950386, 0.0, 0.0, 0.0, 10.236678689763973, 0.0, -1.0765334578790822, 0.0, 13.9958616814274]",1432.8122259880358,[],"{""cutoff=6.000_skin=0.000"": 1300, ""cutoff=6.000_skin=0.500"": 1584}",0.0,,
OPT-RFT-SOXLEX48-R512-v1,7157da7c8384b8258ca02f46774c12c53148908357151f22a621bec141f2564b,OPT-RFT-SOXLEX48-R512-v1:0179,SOXLEX_C1_14_2380_z1_12,cda5029272edb13edc9767e2a435b9a456b50b6a09445248e57d84ab710a4131,179,cross_family_test_set,SOXLEX/structures/SOXLEX_C1_14_2380_z1_12.cif,626e8527bc2314bb911c98cf8b8e5615698d5d142301a6925c483e69aec2efd8,cda5029272edb13edc9767e2a435b9a456b50b6a09445248e57d84ab710a4131,0,48,"[""F"", ""C"", ""C"", ""C"", ""Br"", ""C"", ""Cl"", ""C"", ""Br"", ""C"", ""H"", ""H"", ""F"", ""C"", ""C"", ""C"", ""Br"", ""C"", ""Cl"", ""C"", ""Br"", ""C"", ""H"", ""H"", ""F"", ""C"", ""C"", ""C"", ""Br"", ""C"", ""Cl"", ""C"", ""Br"", ""C"", ""H"", ""H"", ""F"", ""C"", ""C"", ""C"", ""Br"", ""C"", ""Cl"", ""C"", ""Br"", ""C"", ""H"", ""H""]",C24H8Br8Cl4F4,"[true, true, true]","[11.065674911715178, 0.0, 0.0, 0.0, 10.301578046265838, 0.0, -5.183348644577721, 0.0, 12.723040330051766]",1450.349161864433,[],"{""cutoff=6.000_skin=0.000"": 1300, ""cutoff=6.000_skin=0.500"": 1676}",0.0,,
OPT-RFT-SOXLEX48-R512-v1,7157da7c8384b8258ca02f46774c12c53148908357151f22a621bec141f2564b,OPT-RFT-SOXLEX48-R512-v1:0180,SOXLEX_C1_14_693_z1_12,880a79ee1114e32755504e915b590350820ec9fb9fa6a5574fc7af9df56f9055,180,cross_family_test_set,SOXLEX/structures/SOXLEX_C1_14_693_z1_12.cif,d2a6ae48014f4fc62ebaa7d5435db40bda9205691367452eb003063738bca818,880a79ee1114e32755504e915b590350820ec9fb9fa6a5574fc7af9df56f9055,0,48,"[""F"", ""C"", ""C"", ""C"", ""Br"", ""C"", ""Cl"", ""C"", ""Br"", ""C"", ""H"", ""H"", ""F"", ""C"", ""C"", ""C"", ""Br"", ""C"", ""Cl"", ""C"", ""Br"", ""C"", ""H"", ""H"", ""F"", ""C"", ""C"", ""C"", ""Br"", ""C"", ""Cl"", ""C"", ""Br"", ""C"", ""H"", ""H"", ""F"", ""C"", ""C"", ""C"", ""Br"", ""C"", ""Cl"", ""C"", ""Br"", ""C"", ""H"", ""H""]",C24H8Br8Cl4F4,"[true, true, true]","[7.158694003196771, 0.0, 0.0, 0.0, 19.061528216970885, 0.0, 1.995055493180672, 0.0, 12.106264414302824]",1651.9681523484019,[],"{""cutoff=6.000_skin=0.000"": 1300, ""cutoff=6.000_skin=0.500"": 1584}",0.0,,
OPT-RFT-SOXLEX48-R512-v1,7157da7c8384b8258ca02f46774c12c53148908357151f22a621bec141f2564b,OPT-RFT-SOXLEX48-R512-v1:0181,SOXLEX_C1_14_1473_z1_12,acbcda021eac25834beb568136aa8cb75eb0516a9fc85e9d069747ead953054e,181,cross_family_test_set,SOXLEX/structures/SOXLEX_C1_14_1473_z1_12.cif,95ee610d028cf3be83f32be13e6951ec4983aa8427946e95509a87a3fa605355,acbcda021eac25834beb568136aa8cb75eb0516a9fc85e9d069747ead953054e,0,48,"[""F"", ""C"", ""C"", ""C"", ""Br"", ""C"", ""Cl"", ""C"", ""Br"", ""C"", ""H"", ""H"", ""F"", ""C"", ""C"", ""C"", ""Br"", ""C"", ""Cl"", ""C"", ""Br"", ""C"", ""H"", ""H"", ""F"", ""C"", ""C"", ""C"", ""Br"", ""C"", ""Cl"", ""C"", ""Br"", ""C"", ""H"", ""H"", ""F"", ""C"", ""C"", ""C"", ""Br"", ""C"", ""Cl"", ""C"", ""Br"", ""C"", ""H"", ""H""]",C24H8Br8Cl4F4,"[true, true, true]","[10.668376900950747, 0.0, 0.0, 0.0, 12.600109685082927, 0.0, 4.282456030667175, 0.0, 10.902571580675094]",1465.5533172070172,[],"{""cutoff=6.000_skin=0.000"": 1304, ""cutoff=6.000_skin=0.500"": 1736}",0.0,,
OPT-RFT-SOXLEX48-R512-v1,7157da7c8384b8258ca02f46774c12c53148908357151f22a621bec141f2564b,OPT-RFT-SOXLEX48-R512-v1:0182,SOXLEX_C1_14_1079_z1_12,8900f3cc6039b17b4f4420371aac895d344bee95d63336099ca3a708dd225a98,182,cross_family_test_set,SOXLEX/structures/SOXLEX_C1_14_1079_z1_12.cif,74845947642ed1416c46716aa542465a11c58a727a71577925ecb8276427ae50,8900f3cc6039b17b4f4420371aac895d344bee95d63336099ca3a708dd225a98,0,48,"[""F"", ""C"", ""C"", ""C"", ""Br"", ""C"", ""Cl"", ""C"", ""Br"", ""C"", ""H"", ""H"", ""F"", ""C"", ""C"", ""C"", ""Br"", ""C"", ""Cl"", ""C"", ""Br"", ""C"", ""H"", ""H"", ""F"", ""C"", ""C"", ""C"", ""Br"", ""C"", ""Cl"", ""C"", ""Br"", ""C"", ""H"", ""H"", ""F"", ""C"", ""C"", ""C"", ""Br"", ""C"", ""Cl"", ""C"", ""Br"", ""C"", ""H"", ""H""]",C24H8Br8Cl4F4,"[true, true, true]","[8.193293592443457, 0.0, 0.0, 0.0, 12.226112501916099, 0.0, 0.7356293976273626, 0.0, 13.482972984057781]",1350.6181120617312,[],"{""cutoff=6.000_skin=0.000"": 1308, ""cutoff=6.000_skin=0.500"": 1644}",0.0,,
OPT-RFT-SOXLEX48-R512-v1,7157da7c8384b8258ca02f46774c12c53148908357151f22a621bec141f2564b,OPT-RFT-SOXLEX48-R512-v1:0183,SOXLEX_C1_14_204_z1_12,fd3cd21a60e513ee1f5ecf2442637e97a50702e2968d6c6993587cc2bf12da26,183,cross_family_test_set,SOXLEX/structures/SOXLEX_C1_14_204_z1_12.cif,e0966aa0972be2ce651c311a9d9fda257c1b2671cc6bd39e88506ee106aa1a96,fd3cd21a60e513ee1f5ecf2442637e97a50702e2968d6c6993587cc2bf12da26,0,48,"[""F"", ""C"", ""C"", ""C"", ""Br"", ""C"", ""Cl"", ""C"", ""Br"", ""C"", ""H"", ""H"", ""F"", ""C"", ""C"", ""C"", ""Br"", ""C"", ""Cl"", ""C"", ""Br"", ""C"", ""H"", ""H"", ""F"", ""C"", ""C"", ""C"", ""Br"", ""C"", ""Cl"", ""C"", ""Br"", ""C"", ""H"", ""H"", ""F"", ""C"", ""C"", ""C"", ""Br"", ""C"", ""Cl"", ""C"", ""Br"", ""C"", ""H"", ""H""]",C24H8Br8Cl4F4,"[true, true, true]","[10.762304556212584, 0.0, 0.0, 0.0, 10.795816628698997, 0.0, -4.020234427355771, 0.0, 12.098531913729637]",1405.7026107305228,[],"{""cutoff=6.000_skin=0.000"": 1308, ""cutoff=6.000_skin=0.500"": 1664}",0.0,,
OPT-RFT-SOXLEX48-R512-v1,7157da7c8384b8258ca02f46774c12c53148908357151f22a621bec141f2564b,OPT-RFT-SOXLEX48-R512-v1:0184,SOXLEX_C1_14_1320_z1_12,b0680667a6dd7649bc2795f59e673db7255996247756d0d1da0c8a9fd0b38654,184,cross_family_test_set,SOXLEX/structures/SOXLEX_C1_14_1320_z1_12.cif,aded3096f4498e494fd5983c986955dc8acd637c6868563f2b829aa1bf9b8a1a,b0680667a6dd7649bc2795f59e673db7255996247756d0d1da0c8a9fd0b38654,0,48,"[""F"", ""C"", ""C"", ""C"", ""Br"", ""C"", ""Cl"", ""C"", ""Br"", ""C"", ""H"", ""H"", ""F"", ""C"", ""C"", ""C"", ""Br"", ""C"", ""Cl"", ""C"", ""Br"", ""C"", ""H"", ""H"", ""F"", ""C"", ""C"", ""C"", ""Br"", ""C"", ""Cl"", ""C"", ""Br"", ""C"", ""H"", ""H"", ""F"", ""C"", ""C"", ""C"", ""Br"", ""C"", ""Cl"", ""C"", ""Br"", ""C"", ""H"", ""H""]",C24H8Br8Cl4F4,"[true, true, true]","[10.302251761959216, 0.0, 0.0, 0.0, 10.676031104993026, 0.0, -4.895755230464028, 0.0, 12.471713396435472]",1371.728340077299,[],"{""cutoff=6.000_skin=0.000"": 1312, ""cutoff=6.000_skin=0.500"": 1772}",0.0,,
OPT-RFT-SOXLEX48-R512-v1,7157da7c8384b8258ca02f46774c12c53148908357151f22a621bec141f2564b,OPT-RFT-SOXLEX48-R512-v1:0185,SOXLEX_C1_14_3642_z1_12,5373fe04fd3e4ce5b1d6baa687234fbce432c3f8742b2029295b62e7a679e455,185,cross_family_test_set,SOXLEX/structures/SOXLEX_C1_14_3642_z1_12.cif,12fa9250059a501ec839f028b2189ecc570b8a394d2c771d06724b26636e46cf,5373fe04fd3e4ce5b1d6baa687234fbce432c3f8742b2029295b62e7a679e455,0,48,"[""F"", ""C"", ""C"", ""C"", ""Br"", ""C"", ""Cl"", ""C"", ""Br"", ""C"", ""H"", ""H"", ""F"", ""C"", ""C"", ""C"", ""Br"", ""C"", ""Cl"", ""C"", ""Br"", ""C"", ""H"", ""H"", ""F"", ""C"", ""C"", ""C"", ""Br"", ""C"", ""Cl"", ""C"", ""Br"", ""C"", ""H"", ""H"", ""F"", ""C"", ""C"", ""C"", ""Br"", ""C"", ""Cl"", ""C"", ""Br"", ""C"", ""H"", ""H""]",C24H8Br8Cl4F4,"[true, true, true]","[12.355353891158543, 0.0, 0.0, 0.0, 8.897918566757355, 0.0, -2.262553464132987, 0.0, 12.780339029447035]",1405.0312728753572,[],"{""cutoff=6.000_skin=0.000"": 1312, ""cutoff=6.000_skin=0.500"": 1748}",0.0,,
OPT-RFT-SOXLEX48-R512-v1,7157da7c8384b8258ca02f46774c12c53148908357151f22a621bec141f2564b,OPT-RFT-SOXLEX48-R512-v1:0186,SOXLEX_C1_14_1367_z1_12,0a5618d241731439a0944d1e775514c73ff7354d6836e1cb10b40e4015ef2015,186,cross_family_test_set,SOXLEX/structures/SOXLEX_C1_14_1367_z1_12.cif,185cfb19882e48ecbf171099a213c005e4b0c3309c396d722700c03eae179860,0a5618d241731439a0944d1e775514c73ff7354d6836e1cb10b40e4015ef2015,0,48,"[""F"", ""C"", ""C"", ""C"", ""Br"", ""C"", ""Cl"", ""C"", ""Br"", ""C"", ""H"", ""H"", ""F"", ""C"", ""C"", ""C"", ""Br"", ""C"", ""Cl"", ""C"", ""Br"", ""C"", ""H"", ""H"", ""F"", ""C"", ""C"", ""C"", ""Br"", ""C"", ""Cl"", ""C"", ""Br"", ""C"", ""H"", ""H"", ""F"", ""C"", ""C"", ""C"", ""Br"", ""C"", ""Cl"", ""C"", ""Br"", ""C"", ""H"", ""H""]",C24H8Br8Cl4F4,"[true, true, true]","[13.23334600721003, 0.0, 0.0, 0.0, 8.8356878641507, 0.0, -6.759029422037794, 0.0, 12.438276518214625]",1454.3543717525215,[],"{""cutoff=6.000_skin=0.000"": 1316, ""cutoff=6.000_skin=0.500"": 1648}",0.0,,
OPT-RFT-SOXLEX48-R512-v1,7157da7c8384b8258ca02f46774c12c53148908357151f22a621bec141f2564b,OPT-RFT-SOXLEX48-R512-v1:0187,SOXLEX_C1_14_3553_z1_12,c59e56f40cf61deb390eb4c74cfe68c0ade70b2026a92d351a5e5ec56370b4ef,187,cross_family_test_set,SOXLEX/structures/SOXLEX_C1_14_3553_z1_12.cif,166d74519834dc7cdbd423e239e21647e67c7a8bbb8997550bccd4712781a78c,c59e56f40cf61deb390eb4c74cfe68c0ade70b2026a92d351a5e5ec56370b4ef,0,48,"[""F"", ""C"", ""C"", ""C"", ""Br"", ""C"", ""Cl"", ""C"", ""Br"", ""C"", ""H"", ""H"", ""F"", ""C"", ""C"", ""C"", ""Br"", ""C"", ""Cl"", ""C"", ""Br"", ""C"", ""H"", ""H"", ""F"", ""C"", ""C"", ""C"", ""Br"", ""C"", ""Cl"", ""C"", ""Br"", ""C"", ""H"", ""H"", ""F"", ""C"", ""C"", ""C"", ""Br"", ""C"", ""Cl"", ""C"", ""Br"", ""C"", ""H"", ""H""]",C24H8Br8Cl4F4,"[true, true, true]","[12.031478312787442, 0.0, 0.0, 0.0, 9.002735253640111, 0.0, -5.0078084541206, 0.0, 11.961595104982925]",1295.6346946934764,[],"{""cutoff=6.000_skin=0.000"": 1316, ""cutoff=6.000_skin=0.500"": 1716}",0.0,,
OPT-RFT-SOXLEX48-R512-v1,7157da7c8384b8258ca02f46774c12c53148908357151f22a621bec141f2564b,OPT-RFT-SOXLEX48-R512-v1:0188,SOXLEX_C1_14_2402_z1_12,3cda00d2e93961db33dd64ef3e88e4c42ad1224fa860a751dadf2012e75f6c23,188,cross_family_test_set,SOXLEX/structures/SOXLEX_C1_14_2402_z1_12.cif,114af2edb5c2cb6fe17f9ef05a2b3a9fab2ea8241dc64162114bcae2b39ecdb6,3cda00d2e93961db33dd64ef3e88e4c42ad1224fa860a751dadf2012e75f6c23,0,48,"[""F"", ""C"", ""C"", ""C"", ""Br"", ""C"", ""Cl"", ""C"", ""Br"", ""C"", ""H"", ""H"", ""F"", ""C"", ""C"", ""C"", ""Br"", ""C"", ""Cl"", ""C"", ""Br"", ""C"", ""H"", ""H"", ""F"", ""C"", ""C"", ""C"", ""Br"", ""C"", ""Cl"", ""C"", ""Br"", ""C"", ""H"", ""H"", ""F"", ""C"", ""C"", ""C"", ""Br"", ""C"", ""Cl"", ""C"", ""Br"", ""C"", ""H"", ""H""]",C24H8Br8Cl4F4,"[true, true, true]","[11.283152052387322, 0.0, 0.0, 0.0, 11.893538708454091, 0.0, -4.3852974788267405, 0.0, 11.091732936769745]",1488.4729113171938,[],"{""cutoff=6.000_skin=0.000"": 1320, ""cutoff=6.000_skin=0.500"": 1712}",0.0,,
OPT-RFT-SOXLEX48-R512-v1,7157da7c8384b8258ca02f46774c12c53148908357151f22a621bec141f2564b,OPT-RFT-SOXLEX48-R512-v1:0189,SOXLEX_C1_14_3711_z1_12,b32e9f0335ea891cdb16765fbbbb486de563f72b79d2c1bfbcc9500511607094,189,cross_family_test_set,SOXLEX/structures/SOXLEX_C1_14_3711_z1_12.cif,689720c72e790047bed30f2253e2db190fc478d6ad9b8515d2d5b11fc06b7d59,b32e9f0335ea891cdb16765fbbbb486de563f72b79d2c1bfbcc9500511607094,0,48,"[""F"", ""C"", ""C"", ""C"", ""Br"", ""C"", ""Cl"", ""C"", ""Br"", ""C"", ""H"", ""H"", ""F"", ""C"", ""C"", ""C"", ""Br"", ""C"", ""Cl"", ""C"", ""Br"", ""C"", ""H"", ""H"", ""F"", ""C"", ""C"", ""C"", ""Br"", ""C"", ""Cl"", ""C"", ""Br"", ""C"", ""H"", ""H"", ""F"", ""C"", ""C"", ""C"", ""Br"", ""C"", ""Cl"", ""C"", ""Br"", ""C"", ""H"", ""H""]",C24H8Br8Cl4F4,"[true, true, true]","[7.998580572772388, 0.0, 0.0, 0.0, 13.259142682651461, 0.0, 10.036489682312835, 0.0, 13.051824019169207]",1384.2023351182193,[],"{""cutoff=6.000_skin=0.000"": 1320, ""cutoff=6.000_skin=0.500"": 1772}",0.0,,
OPT-RFT-SOXLEX48-R512-v1,7157da7c8384b8258ca02f46774c12c53148908357151f22a621bec141f2564b,OPT-RFT-SOXLEX48-R512-v1:0190,SOXLEX_C1_14_659_z1_12,edef4f135cfc5751066224343fe7a835123051a2c46cf3958a8480386102db37,190,cross_family_test_set,SOXLEX/structures/SOXLEX_C1_14_659_z1_12.cif,3508cfa1bf1fb29859a0f0e1281cbfb144a70edc1028110879465308e43a1a8c,edef4f135cfc5751066224343fe7a835123051a2c46cf3958a8480386102db37,0,48,"[""F"", ""C"", ""C"", ""C"", ""Br"", ""C"", ""Cl"", ""C"", ""Br"", ""C"", ""H"", ""H"", ""F"", ""C"", ""C"", ""C"", ""Br"", ""C"", ""Cl"", ""C"", ""Br"", ""C"", ""H"", ""H"", ""F"", ""C"", ""C"", ""C"", ""Br"", ""C"", ""Cl"", ""C"", ""Br"", ""C"", ""H"", ""H"", ""F"", ""C"", ""C"", ""C"", ""Br"", ""C"", ""Cl"", ""C"", ""Br"", ""C"", ""H"", ""H""]",C24H8Br8Cl4F4,"[true, true, true]","[9.344615088153006, 0.0, 0.0, 0.0, 9.647704637090929, 0.0, 4.006749671697289, 0.0, 17.48520262329851]",1576.3624665851396,[],"{""cutoff=6.000_skin=0.000"": 1320, ""cutoff=6.000_skin=0.500"": 1560}",0.0,,
OPT-RFT-SOXLEX48-R512-v1,7157da7c8384b8258ca02f46774c12c53148908357151f22a621bec141f2564b,OPT-RFT-SOXLEX48-R512-v1:0191,SOXLEX_C1_14_4145_z1_12,1a4a7eab26e727ef1bc679335ebd897f50db3019537c8eb95275141950241ed2,191,cross_family_test_set,SOXLEX/structures/SOXLEX_C1_14_4145_z1_12.cif,42664961f96f1aad01dea59f340ee6ed8f08bcd74bc4b508cdd435b52ba6acf0,1a4a7eab26e727ef1bc679335ebd897f50db3019537c8eb95275141950241ed2,0,48,"[""F"", ""C"", ""C"", ""C"", ""Br"", ""C"", ""Cl"", ""C"", ""Br"", ""C"", ""H"", ""H"", ""F"", ""C"", ""C"", ""C"", ""Br"", ""C"", ""Cl"", ""C"", ""Br"", ""C"", ""H"", ""H"", ""F"", ""C"", ""C"", ""C"", ""Br"", ""C"", ""Cl"", ""C"", ""Br"", ""C"", ""H"", ""H"", ""F"", ""C"", ""C"", ""C"", ""Br"", ""C"", ""Cl"", ""C"", ""Br"", ""C"", ""H"", ""H""]",C24H8Br8Cl4F4,"[true, true, true]","[5.769823544683707, 0.0, 0.0, 0.0, 17.432994680191868, 0.0, 5.0852598379480245, 0.0, 16.689098464805227]",1678.678028551473,[],"{""cutoff=6.000_skin=0.000"": 1324, ""cutoff=6.000_skin=0.500"": 1564}",0.0,,
OPT-RFT-SOXLEX48-R512-v1,7157da7c8384b8258ca02f46774c12c53148908357151f22a621bec141f2564b,OPT-RFT-SOXLEX48-R512-v1:0192,SOXLEX_C1_14_100_z1_12,f4bc0d9da3d5aea0afd71b90f4441a34654839421fa68b16855b40437ac4a3d0,192,cross_family_test_set,SOXLEX/structures/SOXLEX_C1_14_100_z1_12.cif,9650692c9a72d13e8c0e2d9619262d71d72d36386af476e4b22da450298b9cfc,f4bc0d9da3d5aea0afd71b90f4441a34654839421fa68b16855b40437ac4a3d0,0,48,"[""F"", ""C"", ""C"", ""C"", ""Br"", ""C"", ""Cl"", ""C"", ""Br"", ""C"", ""H"", ""H"", ""F"", ""C"", ""C"", ""C"", ""Br"", ""C"", ""Cl"", ""C"", ""Br"", ""C"", ""H"", ""H"", ""F"", ""C"", ""C"", ""C"", ""Br"", ""C"", ""Cl"", ""C"", ""Br"", ""C"", ""H"", ""H"", ""F"", ""C"", ""C"", ""C"", ""Br"", ""C"", ""Cl"", ""C"", ""Br"", ""C"", ""H"", ""H""]",C24H8Br8Cl4F4,"[true, true, true]","[7.644590835515459, 0.0, 0.0, 0.0, 10.751861520726973, 0.0, 2.4997449542632872, 0.0, 15.473019265996715]",1271.7828785402885,[],"{""cutoff=6.000_skin=0.000"": 1328, ""cutoff=6.000_skin=0.500"": 1856}",0.0,,
OPT-RFT-SOXLEX48-R512-v1,7157da7c8384b8258ca02f46774c12c53148908357151f22a621bec141f2564b,OPT-RFT-SOXLEX48-R512-v1:0193,SOXLEX_C1_14_3340_z1_12,ff794b0c69a1a7e1fee71ae93d764a49241520bfec44174665b30e2b294dda88,193,cross_family_test_set,SOXLEX/structures/SOXLEX_C1_14_3340_z1_12.cif,687aa4dac46793e6a4a8cfe3af82cbdc807273741ec9cc769bba0474b5d228c1,ff794b0c69a1a7e1fee71ae93d764a49241520bfec44174665b30e2b294dda88,0,48,"[""F"", ""C"", ""C"", ""C"", ""Br"", ""C"", ""Cl"", ""C"", ""Br"", ""C"", ""H"", ""H"", ""F"", ""C"", ""C"", ""C"", ""Br"", ""C"", ""Cl"", ""C"", ""Br"", ""C"", ""H"", ""H"", ""F"", ""C"", ""C"", ""C"", ""Br"", ""C"", ""Cl"", ""C"", ""Br"", ""C"", ""H"", ""H"", ""F"", ""C"", ""C"", ""C"", ""Br"", ""C"", ""Cl"", ""C"", ""Br"", ""C"", ""H"", ""H""]",C24H8Br8Cl4F4,"[true, true, true]","[12.28750639873504, 0.0, 0.0, 0.0, 9.164050215688505, 0.0, 1.6269039023394438, 0.0, 11.928263397840512]",1343.1621279882568,[],"{""cutoff=6.000_skin=0.000"": 1328, ""cutoff=6.000_skin=0.500"": 1812}",0.0,,
OPT-RFT-SOXLEX48-R512-v1,7157da7c8384b8258ca02f46774c12c53148908357151f22a621bec141f2564b,OPT-RFT-SOXLEX48-R512-v1:0194,SOXLEX_C1_14_2472_z1_12,02aa2b48a9625167c64db0870a12f3591f5b7dead7f027cb13461728367a6208,194,cross_family_test_set,SOXLEX/structures/SOXLEX_C1_14_2472_z1_12.cif,9a5f5c3c4c4091d8d8f82b321fcb115f8eef3b9c6bae283f36fafc322000ba81,02aa2b48a9625167c64db0870a12f3591f5b7dead7f027cb13461728367a6208,0,48,"[""F"", ""C"", ""C"", ""C"", ""Br"", ""C"", ""Cl"", ""C"", ""Br"", ""C"", ""H"", ""H"", ""F"", ""C"", ""C"", ""C"", ""Br"", ""C"", ""Cl"", ""C"", ""Br"", ""C"", ""H"", ""H"", ""F"", ""C"", ""C"", ""C"", ""Br"", ""C"", ""Cl"", ""C"", ""Br"", ""C"", ""H"", ""H"", ""F"", ""C"", ""C"", ""C"", ""Br"", ""C"", ""Cl"", ""C"", ""Br"", ""C"", ""H"", ""H""]",C24H8Br8Cl4F4,"[true, true, true]","[10.158544230325056, 0.0, 0.0, 0.0, 12.195161933651619, 0.0, 7.395996745273919, 0.0, 10.989693100740144]",1361.4591397267402,[],"{""cutoff=6.000_skin=0.000"": 1332, ""cutoff=6.000_skin=0.500"": 1652}",0.0,,
OPT-RFT-SOXLEX48-R512-v1,7157da7c8384b8258ca02f46774c12c53148908357151f22a621bec141f2564b,OPT-RFT-SOXLEX48-R512-v1:0195,SOXLEX_C1_14_3392_z1_12,fb759e31c0b3c475a54a79ce61ad77a24f9229fa531f5d7bcac3ef7f69acfbec,195,cross_family_test_set,SOXLEX/structures/SOXLEX_C1_14_3392_z1_12.cif,305a945008a8edb5b9de9e8cdeb0a87b652146267086fe6c049de27b7631ddbf,fb759e31c0b3c475a54a79ce61ad77a24f9229fa531f5d7bcac3ef7f69acfbec,0,48,"[""F"", ""C"", ""C"", ""C"", ""Br"", ""C"", ""Cl"", ""C"", ""Br"", ""C"", ""H"", ""H"", ""F"", ""C"", ""C"", ""C"", ""Br"", ""C"", ""Cl"", ""C"", ""Br"", ""C"", ""H"", ""H"", ""F"", ""C"", ""C"", ""C"", ""Br"", ""C"", ""Cl"", ""C"", ""Br"", ""C"", ""H"", ""H"", ""F"", ""C"", ""C"", ""C"", ""Br"", ""C"", ""Cl"", ""C"", ""Br"", ""C"", ""H"", ""H""]",C24H8Br8Cl4F4,"[true, true, true]","[10.575532980354637, 0.0, 0.0, 0.0, 13.961456355418392, 0.0, -3.155846504150213, 0.0, 10.058441295915374]",1485.127269521481,[],"{""cutoff=6.000_skin=0.000"": 1332, ""cutoff=6.000_skin=0.500"": 1836}",0.0,,
OPT-RFT-SOXLEX48-R512-v1,7157da7c8384b8258ca02f46774c12c53148908357151f22a621bec141f2564b,OPT-RFT-SOXLEX48-R512-v1:0196,SOXLEX_C1_14_1001_z1_12,5825506bcdcb9ea04c131438cfbe5d52f1672ed8fbe35ad7291ab6bfb3d760fc,196,cross_family_test_set,SOXLEX/structures/SOXLEX_C1_14_1001_z1_12.cif,3b016f512a6f8e7d3dde8bdea927d3b883561fb5994efdad516a0e472c3db18b,5825506bcdcb9ea04c131438cfbe5d52f1672ed8fbe35ad7291ab6bfb3d760fc,0,48,"[""F"", ""C"", ""C"", ""C"", ""Br"", ""C"", ""Cl"", ""C"", ""Br"", ""C"", ""H"", ""H"", ""F"", ""C"", ""C"", ""C"", ""Br"", ""C"", ""Cl"", ""C"", ""Br"", ""C"", ""H"", ""H"", ""F"", ""C"", ""C"", ""C"", ""Br"", ""C"", ""Cl"", ""C"", ""Br"", ""C"", ""H"", ""H"", ""F"", ""C"", ""C"", ""C"", ""Br"", ""C"", ""Cl"", ""C"", ""Br"", ""C"", ""H"", ""H""]",C24H8Br8Cl4F4,"[true, true, true]","[8.553658142604235, 0.0, 0.0, 0.0, 12.593692195664445, 0.0, -3.606987105271347, 0.0, 12.497934605332288]",1346.3042337072113,[],"{""cutoff=6.000_skin=0.000"": 1336, ""cutoff=6.000_skin=0.500"": 1764}",0.0,,
OPT-RFT-SOXLEX48-R512-v1,7157da7c8384b8258ca02f46774c12c53148908357151f22a621bec141f2564b,OPT-RFT-SOXLEX48-R512-v1:0197,SOXLEX_C1_14_3098_z1_12,e3dcfa3293bdf748c3dbd90656a9d4bab0602e15111471b187684e65a4cfe327,197,cross_family_test_set,SOXLEX/structures/SOXLEX_C1_14_3098_z1_12.cif,94f41ae8d6ac1fa9f40d7cab111c68190a7ec590641308210a525f65c977f18e,e3dcfa3293bdf748c3dbd90656a9d4bab0602e15111471b187684e65a4cfe327,0,48,"[""F"", ""C"", ""C"", ""C"", ""Br"", ""C"", ""Cl"", ""C"", ""Br"", ""C"", ""H"", ""H"", ""F"", ""C"", ""C"", ""C"", ""Br"", ""C"", ""Cl"", ""C"", ""Br"", ""C"", ""H"", ""H"", ""F"", ""C"", ""C"", ""C"", ""Br"", ""C"", ""Cl"", ""C"", ""Br"", ""C"", ""H"", ""H"", ""F"", ""C"", ""C"", ""C"", ""Br"", ""C"", ""Cl"", ""C"", ""Br"", ""C"", ""H"", ""H""]",C24H8Br8Cl4F4,"[true, true, true]","[10.231200949327253, 0.0, 0.0, 0.0, 15.827267027742806, 0.0, 4.144314434833157, 0.0, 9.747204448956015]",1578.3838180047971,[],"{""cutoff=6.000_skin=0.000"": 1336, ""cutoff=6.000_skin=0.500"": 1628}",0.0,,
OPT-RFT-SOXLEX48-R512-v1,7157da7c8384b8258ca02f46774c12c53148908357151f22a621bec141f2564b,OPT-RFT-SOXLEX48-R512-v1:0198,SOXLEX_C1_14_4802_z1_12,9585f4b43cf4bf60320efc5609cc71438c61beaff19a4db6c24027f6428d3d13,198,cross_family_test_set,SOXLEX/structures/SOXLEX_C1_14_4802_z1_12.cif,89b645fa1764f69969df93ca5492175aba697993798fc04ec4f37c487738abba,9585f4b43cf4bf60320efc5609cc71438c61beaff19a4db6c24027f6428d3d13,0,48,"[""F"", ""C"", ""C"", ""C"", ""Br"", ""C"", ""Cl"", ""C"", ""Br"", ""C"", ""H"", ""H"", ""F"", ""C"", ""C"", ""C"", ""Br"", ""C"", ""Cl"", ""C"", ""Br"", ""C"", ""H"", ""H"", ""F"", ""C"", ""C"", ""C"", ""Br"", ""C"", ""Cl"", ""C"", ""Br"", ""C"", ""H"", ""H"", ""F"", ""C"", ""C"", ""C"", ""Br"", ""C"", ""Cl"", ""C"", ""Br"", ""C"", ""H"", ""H""]",C24H8Br8Cl4F4,"[true, true, true]","[8.354097470887101, 0.0, 0.0, 0.0, 11.416528216503607, 0.0, -2.473542521418264, 0.0, 14.928694087993417]",1423.821056149341,[],"{""cutoff=6.000_skin=0.000"": 1336, ""cutoff=6.000_skin=0.500"": 1720}",0.0,,
OPT-RFT-SOXLEX48-R512-v1,7157da7c8384b8258ca02f46774c12c53148908357151f22a621bec141f2564b,OPT-RFT-SOXLEX48-R512-v1:0199,SOXLEX_C1_14_132_z1_12,7ea49e8b51888e6889c1dda16e872db58934dc6420c2c03a9f7d2fb801e3a6b7,199,cross_family_test_set,SOXLEX/structures/SOXLEX_C1_14_132_z1_12.cif,da76500389dc788083048131f91640ea1de6dcd8cfbc298d09470de7ef7eecba,7ea49e8b51888e6889c1dda16e872db58934dc6420c2c03a9f7d2fb801e3a6b7,0,48,"[""F"", ""C"", ""C"", ""C"", ""Br"", ""C"", ""Cl"", ""C"", ""Br"", ""C"", ""H"", ""H"", ""F"", ""C"", ""C"", ""C"", ""Br"", ""C"", ""Cl"", ""C"", ""Br"", ""C"", ""H"", ""H"", ""F"", ""C"", ""C"", ""C"", ""Br"", ""C"", ""Cl"", ""C"", ""Br"", ""C"", ""H"", ""H"", ""F"", ""C"", ""C"", ""C"", ""Br"", ""C"", ""Cl"", ""C"", ""Br"", ""C"", ""H"", ""H""]",C24H8Br8Cl4F4,"[true, true, true]","[13.038697856443136, 0.0, 0.0, 0.0, 10.493685487331625, 0.0, 2.5170932663035215, 0.0, 9.969422562739288]",1364.0562175919315,[],"{""cutoff=6.000_skin=0.000"": 1340, ""cutoff=6.000_skin=0.500"": 1776}",0.0,,
OPT-RFT-SOXLEX48-R512-v1,7157da7c8384b8258ca02f46774c12c53148908357151f22a621bec141f2564b,OPT-RFT-SOXLEX48-R512-v1:0200,SOXLEX_C1_14_220_z1_12,de47c7d8fda9544769a1b288974915be068afef6ecdce5f4f21d7a538f16f1fa,200,cross_family_test_set,SOXLEX/structures/SOXLEX_C1_14_220_z1_12.cif,0cd37fdde9f412787d7ab4688e77779114fb2c6bdfa228b64980dbe1783928a8,de47c7d8fda9544769a1b288974915be068afef6ecdce5f4f21d7a538f16f1fa,0,48,"[""F"", ""C"", ""C"", ""C"", ""Br"", ""C"", ""Cl"", ""C"", ""Br"", ""C"", ""H"", ""H"", ""F"", ""C"", ""C"", ""C"", ""Br"", ""C"", ""Cl"", ""C"", ""Br"", ""C"", ""H"", ""H"", ""F"", ""C"", ""C"", ""C"", ""Br"", ""C"", ""Cl"", ""C"", ""Br"", ""C"", ""H"", ""H"", ""F"", ""C"", ""C"", ""C"", ""Br"", ""C"", ""Cl"", ""C"", ""Br"", ""C"", ""H"", ""H""]",C24H8Br8Cl4F4,"[true, true, true]","[10.775255159515297, 0.0, 0.0, 0.0, 10.60322603581222, 0.0, 0.7348104665854387, 0.0, 12.126775385485745]",1385.5139930248843,[],"{""cutoff=6.000_skin=0.000"": 1340, ""cutoff=6.000_skin=0.500"": 1692}",0.0,,
OPT-RFT-SOXLEX48-R512-v1,7157da7c8384b8258ca02f46774c12c53148908357151f22a621bec141f2564b,OPT-RFT-SOXLEX48-R512-v1:0201,SOXLEX_C1_14_3618_z1_12,f156719681bad31ef23c8238f45a3f54d535cbc3225d31d8e821989306856d64,201,cross_family_test_set,SOXLEX/structures/SOXLEX_C1_14_3618_z1_12.cif,bdc9ac6424c35daa89cf198f7414438ef7fcdfdf16181d73dfab73a3c911144a,f156719681bad31ef23c8238f45a3f54d535cbc3225d31d8e821989306856d64,0,48,"[""F"", ""C"", ""C"", ""C"", ""Br"", ""C"", ""Cl"", ""C"", ""Br"", ""C"", ""H"", ""H"", ""F"", ""C"", ""C"", ""C"", ""Br"", ""C"", ""Cl"", ""C"", ""Br"", ""C"", ""H"", ""H"", ""F"", ""C"", ""C"", ""C"", ""Br"", ""C"", ""Cl"", ""C"", ""Br"", ""C"", ""H"", ""H"", ""F"", ""C"", ""C"", ""C"", ""Br"", ""C"", ""Cl"", ""C"", ""Br"", ""C"", ""H"", ""H""]",C24H8Br8Cl4F4,"[true, true, true]","[10.442181209021808, 0.0, 0.0, 0.0, 8.738455180022628, 0.0, -5.835631331362291, 0.0, 15.870147724189593]",1448.1276900209234,[],"{""cutoff=6.000_skin=0.000"": 1340, ""cutoff=6.000_skin=0.500"": 1676}",0.0,,
OPT-RFT-SOXLEX48-R512-v1,7157da7c8384b8258ca02f46774c12c53148908357151f22a621bec141f2564b,OPT-RFT-SOXLEX48-R512-v1:0202,SOXLEX_C1_14_4202_z1_12,22ca5f4a4d0cacafa60ae17fd2268f91d8054ca7af2a7f0f819a2997c137f3fc,202,cross_family_test_set,SOXLEX/structures/SOXLEX_C1_14_4202_z1_12.cif,ca77a3ea52a2c610e51ac1517f4b2a1b2f08f85a8f3b8394eefdf471a749b7ee,22ca5f4a4d0cacafa60ae17fd2268f91d8054ca7af2a7f0f819a2997c137f3fc,0,48,"[""F"", ""C"", ""C"", ""C"", ""Br"", ""C"", ""Cl"", ""C"", ""Br"", ""C"", ""H"", ""H"", ""F"", ""C"", ""C"", ""C"", ""Br"", ""C"", ""Cl"", ""C"", ""Br"", ""C"", ""H"", ""H"", ""F"", ""C"", ""C"", ""C"", ""Br"", ""C"", ""Cl"", ""C"", ""Br"", ""C"", ""H"", ""H"", ""F"", ""C"", ""C"", ""C"", ""Br"", ""C"", ""Cl"", ""C"", ""Br"", ""C"", ""H"", ""H""]",C24H8Br8Cl4F4,"[true, true, true]","[8.005193198347804, 0.0, 0.0, 0.0, 14.021040151199138, 0.0, -7.332747218297144, 0.0, 11.915880894480148]",1337.451999125747,[],"{""cutoff=6.000_skin=0.000"": 1340, ""cutoff=6.000_skin=0.500"": 1728}",0.0,,
OPT-RFT-SOXLEX48-R512-v1,7157da7c8384b8258ca02f46774c12c53148908357151f22a621bec141f2564b,OPT-RFT-SOXLEX48-R512-v1:0203,SOXLEX_C1_14_2093_z1_12,966cf5fa4c7aca3e3c1a7325f19f27966f7b288f5c432f3f529c46fc631a158f,203,cross_family_test_set,SOXLEX/structures/SOXLEX_C1_14_2093_z1_12.cif,88c35a90aef482d2464edb455ef46444aa85ac1abcae101019c5d9ce4668f2bc,966cf5fa4c7aca3e3c1a7325f19f27966f7b288f5c432f3f529c46fc631a158f,0,48,"[""F"", ""C"", ""C"", ""C"", ""Br"", ""C"", ""Cl"", ""C"", ""Br"", ""C"", ""H"", ""H"", ""F"", ""C"", ""C"", ""C"", ""Br"", ""C"", ""Cl"", ""C"", ""Br"", ""C"", ""H"", ""H"", ""F"", ""C"", ""C"", ""C"", ""Br"", ""C"", ""Cl"", ""C"", ""Br"", ""C"", ""H"", ""H"", ""F"", ""C"", ""C"", ""C"", ""Br"", ""C"", ""Cl"", ""C"", ""Br"", ""C"", ""H"", ""H""]",C24H8Br8Cl4F4,"[true, true, true]","[8.23685660649556, 0.0, 0.0, 0.0, 22.078397428403093, 0.0, 3.2704204752271218, 0.0, 7.797889692307446]",1418.0976576393516,[],"{""cutoff=6.000_skin=0.000"": 1344, ""cutoff=6.000_skin=0.500"": 1672}",0.0,,
OPT-RFT-SOXLEX48-R512-v1,7157da7c8384b8258ca02f46774c12c53148908357151f22a621bec141f2564b,OPT-RFT-SOXLEX48-R512-v1:0204,SOXLEX_C1_14_4222_z1_12,f63e97aaf7e3ee3df9ae353ede73dc285da92ec5afba462fee18c1dfe6df57a9,204,cross_family_test_set,SOXLEX/structures/SOXLEX_C1_14_4222_z1_12.cif,141a03c26d77f55bdb6ef09dad57f483e6dfc73055dab121a6b3f38e80021b80,f63e97aaf7e3ee3df9ae353ede73dc285da92ec5afba462fee18c1dfe6df57a9,0,48,"[""F"", ""C"", ""C"", ""C"", ""Br"", ""C"", ""Cl"", ""C"", ""Br"", ""C"", ""H"", ""H"", ""F"", ""C"", ""C"", ""C"", ""Br"", ""C"", ""Cl"", ""C"", ""Br"", ""C"", ""H"", ""H"", ""F"", ""C"", ""C"", ""C"", ""Br"", ""C"", ""Cl"", ""C"", ""Br"", ""C"", ""H"", ""H"", ""F"", ""C"", ""C"", ""C"", ""Br"", ""C"", ""Cl"", ""C"", ""Br"", ""C"", ""H"", ""H""]",C24H8Br8Cl4F4,"[true, true, true]","[8.360800853730787, 0.0, 0.0, 0.0, 13.656345184376235, 0.0, -0.6639913886697558, 0.0, 14.524414145826855]",1658.368303821835,[],"{""cutoff=6.000_skin=0.000"": 1344, ""cutoff=6.000_skin=0.500"": 1576}",0.0,,
OPT-RFT-SOXLEX48-R512-v1,7157da7c8384b8258ca02f46774c12c53148908357151f22a621bec141f2564b,OPT-RFT-SOXLEX48-R512-v1:0205,SOXLEX_C1_14_720_z1_12,a44b78d00f5914de2894c87af947073347934096efeb22a5311d03ae1399657a,205,cross_family_test_set,SOXLEX/structures/SOXLEX_C1_14_720_z1_12.cif,488cb2160732fc244766a8687d9b2ee05d07c694041d1dd928b3f1e80082797f,a44b78d00f5914de2894c87af947073347934096efeb22a5311d03ae1399657a,0,48,"[""F"", ""C"", ""C"", ""C"", ""Br"", ""C"", ""Cl"", ""C"", ""Br"", ""C"", ""H"", ""H"", ""F"", ""C"", ""C"", ""C"", ""Br"", ""C"", ""Cl"", ""C"", ""Br"", ""C"", ""H"", ""H"", ""F"", ""C"", ""C"", ""C"", ""Br"", ""C"", ""Cl"", ""C"", ""Br"", ""C"", ""H"", ""H"", ""F"", ""C"", ""C"", ""C"", ""Br"", ""C"", ""Cl"", ""C"", ""Br"", ""C"", ""H"", ""H""]",C24H8Br8Cl4F4,"[true, true, true]","[6.8027668913181145, 0.0, 0.0, 0.0, 13.216658568858122, 0.0, 7.79756363685779, 0.0, 15.276618144939276]",1373.5184050703733,[],"{""cutoff=6.000_skin=0.000"": 1344, ""cutoff=6.000_skin=0.500"": 1816}",0.0,,
OPT-RFT-SOXLEX48-R512-v1,7157da7c8384b8258ca02f46774c12c53148908357151f22a621bec141f2564b,OPT-RFT-SOXLEX48-R512-v1:0206,SOXLEX_C1_14_1042_z1_12,7bc71744f77bc73cd21ebfcd32d80876864262a4ea5fe50b088ac5e3ae974810,206,cross_family_test_set,SOXLEX/structures/SOXLEX_C1_14_1042_z1_12.cif,701e3f15cda738d32c1102fe540e72b17960e98e22722a73738cc9586d467643,7bc71744f77bc73cd21ebfcd32d80876864262a4ea5fe50b088ac5e3ae974810,0,48,"[""F"", ""C"", ""C"", ""C"", ""Br"", ""C"", ""Cl"", ""C"", ""Br"", ""C"", ""H"", ""H"", ""F"", ""C"", ""C"", ""C"", ""Br"", ""C"", ""Cl"", ""C"", ""Br"", ""C"", ""H"", ""H"", ""F"", ""C"", ""C"", ""C"", ""Br"", ""C"", ""Cl"", ""C"", ""Br"", ""C"", ""H"", ""H"", ""F"", ""C"", ""C"", ""C"", ""Br"", ""C"", ""Cl"", ""C"", ""Br"", ""C"", ""H"", ""H""]",C24H8Br8Cl4F4,"[true, true, true]","[9.991497254513842, 0.0, 0.0, 0.0, 11.800920910978022, 0.0, -1.9953097335374643, 0.0, 11.865885065702981]",1399.0930863900148,[],"{""cutoff=6.000_skin=0.000"": 1348, ""cutoff=6.000_skin=0.500"": 1760}",0.0,,
OPT-RFT-SOXLEX48-R512-v1,7157da7c8384b8258ca02f46774c12c53148908357151f22a621bec141f2564b,OPT-RFT-SOXLEX48-R512-v1:0207,SOXLEX_C1_14_3027_z1_12,9e16e3042a81924a8011d939f6d55585f46cda8edee4075d8fbd408306319438,207,cross_family_test_set,SOXLEX/structures/SOXLEX_C1_14_3027_z1_12.cif,054ad471adf6a78c9a6f494e7cbf9752a1125da8a6742535f08860006b8658ae,9e16e3042a81924a8011d939f6d55585f46cda8edee4075d8fbd408306319438,0,48,"[""F"", ""C"", ""C"", ""C"", ""Br"", ""C"", ""Cl"", ""C"", ""Br"", ""C"", ""H"", ""H"", ""F"", ""C"", ""C"", ""C"", ""Br"", ""C"", ""Cl"", ""C"", ""Br"", ""C"", ""H"", ""H"", ""F"", ""C"", ""C"", ""C"", ""Br"", ""C"", ""Cl"", ""C"", ""Br"", ""C"", ""H"", ""H"", ""F"", ""C"", ""C"", ""C"", ""Br"", ""C"", ""Cl"", ""C"", ""Br"", ""C"", ""H"", ""H""]",C24H8Br8Cl4F4,"[true, true, true]","[10.2688874922003, 0.0, 0.0, 0.0, 11.443252275665351, 0.0, -3.082369788792508, 0.0, 12.502890188515119]",1469.2080015669917,[],"{""cutoff=6.000_skin=0.000"": 1348, ""cutoff=6.000_skin=0.500"": 1792}",0.0,,
OPT-RFT-SOXLEX48-R512-v1,7157da7c8384b8258ca02f46774c12c53148908357151f22a621bec141f2564b,OPT-RFT-SOXLEX48-R512-v1:0208,SOXLEX_C1_14_1845_z1_12,98f6399ba8eb89175ea6fa66af4454cf6ff2045b70f370f8c0a289f62853d793,208,cross_family_test_set,SOXLEX/structures/SOXLEX_C1_14_1845_z1_12.cif,37932bd83cc701ada0b236689a654405eda7d3481e05d897d9870e55fbf41103,98f6399ba8eb89175ea6fa66af4454cf6ff2045b70f370f8c0a289f62853d793,0,48,"[""F"", ""C"", ""C"", ""C"", ""Br"", ""C"", ""Cl"", ""C"", ""Br"", ""C"", ""H"", ""H"", ""F"", ""C"", ""C"", ""C"", ""Br"", ""C"", ""Cl"", ""C"", ""Br"", ""C"", ""H"", ""H"", ""F"", ""C"", ""C"", ""C"", ""Br"", ""C"", ""Cl"", ""C"", ""Br"", ""C"", ""H"", ""H"", ""F"", ""C"", ""C"", ""C"", ""Br"", ""C"", ""Cl"", ""C"", ""Br"", ""C"", ""H"", ""H""]",C24H8Br8Cl4F4,"[true, true, true]","[8.491962030712344, 0.0, 0.0, 0.0, 12.610034733718539, 0.0, 0.21172855903099885, 0.0, 14.556375062760445]",1558.7539380100948,[],"{""cutoff=6.000_skin=0.000"": 1352, ""cutoff=6.000_skin=0.500"": 1588}",0.0,,
OPT-RFT-SOXLEX48-R512-v1,7157da7c8384b8258ca02f46774c12c53148908357151f22a621bec141f2564b,OPT-RFT-SOXLEX48-R512-v1:0209,SOXLEX_C1_14_875_z1_12,6365ccdadc0bba48cc061e1b6d0669bb8430bab4ad849a76960c60528fab8456,209,cross_family_test_set,SOXLEX/structures/SOXLEX_C1_14_875_z1_12.cif,69967770c283c995212ab886dd16ccd2eb6677502adbadd06c1b97d80c454416,6365ccdadc0bba48cc061e1b6d0669bb8430bab4ad849a76960c60528fab8456,0,48,"[""F"", ""C"", ""C"", ""C"", ""Br"", ""C"", ""Cl"", ""C"", ""Br"", ""C"", ""H"", ""H"", ""F"", ""C"", ""C"", ""C"", ""Br"", ""C"", ""Cl"", ""C"", ""Br"", ""C"", ""H"", ""H"", ""F"", ""C"", ""C"", ""C"", ""Br"", ""C"", ""Cl"", ""C"", ""Br"", ""C"", ""H"", ""H"", ""F"", ""C"", ""C"", ""C"", ""Br"", ""C"", ""Cl"", ""C"", ""Br"", ""C"", ""H"", ""H""]",C24H8Br8Cl4F4,"[true, true, true]","[9.734383884503135, 0.0, 0.0, 0.0, 11.375519556155758, 0.0, 3.5854864619679288, 0.0, 13.93628698599375]",1543.216263295947,[],"{""cutoff=6.000_skin=0.000"": 1352, ""cutoff=6.000_skin=0.500"": 1592}",0.0,,
OPT-RFT-SOXLEX48-R512-v1,7157da7c8384b8258ca02f46774c12c53148908357151f22a621bec141f2564b,OPT-RFT-SOXLEX48-R512-v1:0210,SOXLEX_C1_14_2085_z1_12,41c56a2f6b638932d35a4e738456665e8e7a673f3e639fbdbf5ca6d1e36c7019,210,cross_family_test_set,SOXLEX/structures/SOXLEX_C1_14_2085_z1_12.cif,8badf23e5a822ddb49edc2a405283520c2536478668816d420a7b0ceeb5e082a,41c56a2f6b638932d35a4e738456665e8e7a673f3e639fbdbf5ca6d1e36c7019,0,48,"[""F"", ""C"", ""C"", ""C"", ""Br"", ""C"", ""Cl"", ""C"", ""Br"", ""C"", ""H"", ""H"", ""F"", ""C"", ""C"", ""C"", ""Br"", ""C"", ""Cl"", ""C"", ""Br"", ""C"", ""H"", ""H"", ""F"", ""C"", ""C"", ""C"", ""Br"", ""C"", ""Cl"", ""C"", ""Br"", ""C"", ""H"", ""H"", ""F"", ""C"", ""C"", ""C"", ""Br"", ""C"", ""Cl"", ""C"", ""Br"", ""C"", ""H"", ""H""]",C24H8Br8Cl4F4,"[true, true, true]","[10.144681621650417, 0.0, 0.0, 0.0, 16.751013332550848, 0.0, -2.6797672232904937, 0.0, 9.862799310884878]",1676.0219506416663,[],"{""cutoff=6.000_skin=0.000"": 1356, ""cutoff=6.000_skin=0.500"": 1624}",0.0,,
OPT-RFT-SOXLEX48-R512-v1,7157da7c8384b8258ca02f46774c12c53148908357151f22a621bec141f2564b,OPT-RFT-SOXLEX48-R512-v1:0211,SOXLEX_C1_14_4546_z1_12,ca468d831020008d50b6f7d6e4694187057f1681e55bc2e4fa075596aa2415e5,211,cross_family_test_set,SOXLEX/structures/SOXLEX_C1_14_4546_z1_12.cif,413845b13d65a021e14e11fb75fda0ec38d652c39547514a9a478d6f82662f74,ca468d831020008d50b6f7d6e4694187057f1681e55bc2e4fa075596aa2415e5,0,48,"[""F"", ""C"", ""C"", ""C"", ""Br"", ""C"", ""Cl"", ""C"", ""Br"", ""C"", ""H"", ""H"", ""F"", ""C"", ""C"", ""C"", ""Br"", ""C"", ""Cl"", ""C"", ""Br"", ""C"", ""H"", ""H"", ""F"", ""C"", ""C"", ""C"", ""Br"", ""C"", ""Cl"", ""C"", ""Br"", ""C"", ""H"", ""H"", ""F"", ""C"", ""C"", ""C"", ""Br"", ""C"", ""Cl"", ""C"", ""Br"", ""C"", ""H"", ""H""]",C24H8Br8Cl4F4,"[true, true, true]","[8.978396942105443, 0.0, 0.0, 0.0, 12.581245016677677, 0.0, -2.2817101407698774, 0.0, 12.196218994843314]",1377.677723666084,[],"{""cutoff=6.000_skin=0.000"": 1356, ""cutoff=6.000_skin=0.500"": 1760}",0.0,,
OPT-RFT-SOXLEX48-R512-v1,7157da7c8384b8258ca02f46774c12c53148908357151f22a621bec141f2564b,OPT-RFT-SOXLEX48-R512-v1:0212,SOXLEX_C1_14_2758_z1_12,279281ad64cccd3d970c469817d855a0e09652286498a6898b23a7d3f9fd3a25,212,cross_family_test_set,SOXLEX/structures/SOXLEX_C1_14_2758_z1_12.cif,dd9618d5471c41eef42017f5e1854829ebb1c48b7bf3a52011e0843815fdcd25,279281ad64cccd3d970c469817d855a0e09652286498a6898b23a7d3f9fd3a25,0,48,"[""F"", ""C"", ""C"", ""C"", ""Br"", ""C"", ""Cl"", ""C"", ""Br"", ""C"", ""H"", ""H"", ""F"", ""C"", ""C"", ""C"", ""Br"", ""C"", ""Cl"", ""C"", ""Br"", ""C"", ""H"", ""H"", ""F"", ""C"", ""C"", ""C"", ""Br"", ""C"", ""Cl"", ""C"", ""Br"", ""C"", ""H"", ""H"", ""F"", ""C"", ""C"", ""C"", ""Br"", ""C"", ""Cl"", ""C"", ""Br"", ""C"", ""H"", ""H""]",C24H8Br8Cl4F4,"[true, true, true]","[8.332780400074242, 0.0, 0.0, 0.0, 13.8750528842446, 0.0, 4.10059881251027, 0.0, 13.269641404199646]",1534.2063309188748,[],"{""cutoff=6.000_skin=0.000"": 1360, ""cutoff=6.000_skin=0.500"": 1596}",0.0,,
OPT-RFT-SOXLEX48-R512-v1,7157da7c8384b8258ca02f46774c12c53148908357151f22a621bec141f2564b,OPT-RFT-SOXLEX48-R512-v1:0213,SOXLEX_C1_14_3634_z1_12,9e93c704b57e23ccbe596e576f3412742ff142f893cb4caf936e8bb335437d59,213,cross_family_test_set,SOXLEX/structures/SOXLEX_C1_14_3634_z1_12.cif,62ada9772bdb8c6a02317b0af7e791bf09007c978806ddf8bb8df43bc3f338d0,9e93c704b57e23ccbe596e576f3412742ff142f893cb4caf936e8bb335437d59,0,48,"[""F"", ""C"", ""C"", ""C"", ""Br"", ""C"", ""Cl"", ""C"", ""Br"", ""C"", ""H"", ""H"", ""F"", ""C"", ""C"", ""C"", ""Br"", ""C"", ""Cl"", ""C"", ""Br"", ""C"", ""H"", ""H"", ""F"", ""C"", ""C"", ""C"", ""Br"", ""C"", ""Cl"", ""C"", ""Br"", ""C"", ""H"", ""H"", ""F"", ""C"", ""C"", ""C"", ""Br"", ""C"", ""Cl"", ""C"", ""Br"", ""C"", ""H"", ""H""]",C24H8Br8Cl4F4,"[true, true, true]","[6.8871152968262415, 0.0, 0.0, 0.0, 13.250270345130588, 0.0, 0.9433117885134163, 0.0, 14.758937625297028]",1346.8436720018508,[],"{""cutoff=6.000_skin=0.000"": 1360, ""cutoff=6.000_skin=0.500"": 1704}",0.0,,
OPT-RFT-SOXLEX48-R512-v1,7157da7c8384b8258ca02f46774c12c53148908357151f22a621bec141f2564b,OPT-RFT-SOXLEX48-R512-v1:0214,SOXLEX_C1_14_4230_z1_12,3d85da2d56784504cbd3851c330c03447f9b31468f0737627db635e08da1bf8c,214,cross_family_test_set,SOXLEX/structures/SOXLEX_C1_14_4230_z1_12.cif,111cf8d14d512eadce1ffdd29af65355177a4f738ae09d95ddf5d35190fbfc75,3d85da2d56784504cbd3851c330c03447f9b31468f0737627db635e08da1bf8c,0,48,"[""F"", ""C"", ""C"", ""C"", ""Br"", ""C"", ""Cl"", ""C"", ""Br"", ""C"", ""H"", ""H"", ""F"", ""C"", ""C"", ""C"", ""Br"", ""C"", ""Cl"", ""C"", ""Br"", ""C"", ""H"", ""H"", ""F"", ""C"", ""C"", ""C"", ""Br"", ""C"", ""Cl"", ""C"", ""Br"", ""C"", ""H"", ""H"", ""F"", ""C"", ""C"", ""C"", ""Br"", ""C"", ""Cl"", ""C"", ""Br"", ""C"", ""H"", ""H""]",C24H8Br8Cl4F4,"[true, true, true]","[10.962458999227074, 0.0, 0.0, 0.0, 10.238309730307478, 0.0, 1.2615381284981546, 0.0, 13.180656502698936]",1479.3580113603289,[],"{""cutoff=6.000_skin=0.000"": 1360, ""cutoff=6.000_skin=0.500"": 1744}",0.0,,
OPT-RFT-SOXLEX48-R512-v1,7157da7c8384b8258ca02f46774c12c53148908357151f22a621bec141f2564b,OPT-RFT-SOXLEX48-R512-v1:0215,SOXLEX_C1_14_194_z1_12,758d1e406c00af2242eb17e7f80eaaa297f2bb2d51acf3d3398a7bbe38aeda3b,215,cross_family_test_set,SOXLEX/structures/SOXLEX_C1_14_194_z1_12.cif,f39f4d5c1fea0766937e09565792a055eb73769bc969842d819d68fbcd4c9b0c,758d1e406c00af2242eb17e7f80eaaa297f2bb2d51acf3d3398a7bbe38aeda3b,0,48,"[""F"", ""C"", ""C"", ""C"", ""Br"", ""C"", ""Cl"", ""C"", ""Br"", ""C"", ""H"", ""H"", ""F"", ""C"", ""C"", ""C"", ""Br"", ""C"", ""Cl"", ""C"", ""Br"", ""C"", ""H"", ""H"", ""F"", ""C"", ""C"", ""C"", ""Br"", ""C"", ""Cl"", ""C"", ""Br"", ""C"", ""H"", ""H"", ""F"", ""C"", ""C"", ""C"", ""Br"", ""C"", ""Cl"", ""C"", ""Br"", ""C"", ""H"", ""H""]",C24H8Br8Cl4F4,"[true, true, true]","[9.194072212986, 0.0, 0.0, 0.0, 10.94633680151469, 0.0, -6.685433776430501, 0.0, 13.989444287003504]",1407.9174124407937,[],"{""cutoff=6.000_skin=0.000"": 1364, ""cutoff=6.000_skin=0.500"": 1616}",0.0,,
OPT-RFT-SOXLEX48-R512-v1,7157da7c8384b8258ca02f46774c12c53148908357151f22a621bec141f2564b,OPT-RFT-SOXLEX48-R512-v1:0216,SOXLEX_C1_14_3370_z1_12,e0e22dd581936105999f94b88aeb27a0742e4db75acffaa643c847d752c74ec7,216,cross_family_test_set,SOXLEX/structures/SOXLEX_C1_14_3370_z1_12.cif,a7216b94280047f2ea7ba57ae57a026e8e96f34ee5543128c8efa21afc818f6e,e0e22dd581936105999f94b88aeb27a0742e4db75acffaa643c847d752c74ec7,0,48,"[""F"", ""C"", ""C"", ""C"", ""Br"", ""C"", ""Cl"", ""C"", ""Br"", ""C"", ""H"", ""H"", ""F"", ""C"", ""C"", ""C"", ""Br"", ""C"", ""Cl"", ""C"", ""Br"", ""C"", ""H"", ""H"", ""F"", ""C"", ""C"", ""C"", ""Br"", ""C"", ""Cl"", ""C"", ""Br"", ""C"", ""H"", ""H"", ""F"", ""C"", ""C"", ""C"", ""Br"", ""C"", ""Cl"", ""C"", ""Br"", ""C"", ""H"", ""H""]",C24H8Br8Cl4F4,"[true, true, true]","[5.414310809644279, 0.0, 0.0, 0.0, 17.681699238604136, 0.0, -9.24396129373791, 0.0, 15.620041772025822]",1495.3724423175956,[],"{""cutoff=6.000_skin=0.000"": 1364, ""cutoff=6.000_skin=0.500"": 1636}",0.0,,
OPT-RFT-SOXLEX48-R512-v1,7157da7c8384b8258ca02f46774c12c53148908357151f22a621bec141f2564b,OPT-RFT-SOXLEX48-R512-v1:0217,SOXLEX_C1_14_1194_z1_12,7db0f5a3cdacf450cfae49899e22903b6b31447d5722f1710af3935b1ee924d4,217,cross_family_test_set,SOXLEX/structures/SOXLEX_C1_14_1194_z1_12.cif,b632d8ba5c4a2d5a4ca6ed6aa73f136372335df5163596b8b6404abc924d2f99,7db0f5a3cdacf450cfae49899e22903b6b31447d5722f1710af3935b1ee924d4,0,48,"[""F"", ""C"", ""C"", ""C"", ""Br"", ""C"", ""Cl"", ""C"", ""Br"", ""C"", ""H"", ""H"", ""F"", ""C"", ""C"", ""C"", ""Br"", ""C"", ""Cl"", ""C"", ""Br"", ""C"", ""H"", ""H"", ""F"", ""C"", ""C"", ""C"", ""Br"", ""C"", ""Cl"", ""C"", ""Br"", ""C"", ""H"", ""H"", ""F"", ""C"", ""C"", ""C"", ""Br"", ""C"", ""Cl"", ""C"", ""Br"", ""C"", ""H"", ""H""]",C24H8Br8Cl4F4,"[true, true, true]","[7.516612274613507, 0.0, 0.0, 0.0, 13.902616600292511, 0.0, -0.07488278138020879, 0.0, 14.432796043976685]",1508.2355372237885,[],"{""cutoff=6.000_skin=0.000"": 1368, ""cutoff=6.000_skin=0.500"": 1700}",0.0,,
OPT-RFT-SOXLEX48-R512-v1,7157da7c8384b8258ca02f46774c12c53148908357151f22a621bec141f2564b,OPT-RFT-SOXLEX48-R512-v1:0218,SOXLEX_C1_14_297_z1_12,6be5bc71a37cbdefeaa4a18bfbe93df25b58a85793d536c93ea53449f653e8b9,218,cross_family_test_set,SOXLEX/structures/SOXLEX_C1_14_297_z1_12.cif,ac300afb7e3c71999360817396539b01838aee0608962a0d68539a10d44bdda8,6be5bc71a37cbdefeaa4a18bfbe93df25b58a85793d536c93ea53449f653e8b9,0,48,"[""F"", ""C"", ""C"", ""C"", ""Br"", ""C"", ""Cl"", ""C"", ""Br"", ""C"", ""H"", ""H"", ""F"", ""C"", ""C"", ""C"", ""Br"", ""C"", ""Cl"", ""C"", ""Br"", ""C"", ""H"", ""H"", ""F"", ""C"", ""C"", ""C"", ""Br"", ""C"", ""Cl"", ""C"", ""Br"", ""C"", ""H"", ""H"", ""F"", ""C"", ""C"", ""C"", ""Br"", ""C"", ""Cl"", ""C"", ""Br"", ""C"", ""H"", ""H""]",C24H8Br8Cl4F4,"[true, true, true]","[6.338874019212973, 0.0, 0.0, 0.0, 15.305291002066262, 0.0, -1.7708680041719131, 0.0, 14.727760420640681]",1428.8624480323288,[],"{""cutoff=6.000_skin=0.000"": 1368, ""cutoff=6.000_skin=0.500"": 1744}",0.0,,
OPT-RFT-SOXLEX48-R512-v1,7157da7c8384b8258ca02f46774c12c53148908357151f22a621bec141f2564b,OPT-RFT-SOXLEX48-R512-v1:0219,SOXLEX_C1_14_2330_z1_12,84a2d2bda4506aa5b84c8a146e5f0ddded0425ffc1c3bcfc6b3f704934fbb838,219,cross_family_test_set,SOXLEX/structures/SOXLEX_C1_14_2330_z1_12.cif,cc65cc9bdb42957c9666d3a2135a4ff698bc11334c0bebe7f9f98ef65c5c5502,84a2d2bda4506aa5b84c8a146e5f0ddded0425ffc1c3bcfc6b3f704934fbb838,0,48,"[""F"", ""C"", ""C"", ""C"", ""Br"", ""C"", ""Cl"", ""C"", ""Br"", ""C"", ""H"", ""H"", ""F"", ""C"", ""C"", ""C"", ""Br"", ""C"", ""Cl"", ""C"", ""Br"", ""C"", ""H"", ""H"", ""F"", ""C"", ""C"", ""C"", ""Br"", ""C"", ""Cl"", ""C"", ""Br"", ""C"", ""H"", ""H"", ""F"", ""C"", ""C"", ""C"", ""Br"", ""C"", ""Cl"", ""C"", ""Br"", ""C"", ""H"", ""H""]",C24H8Br8Cl4F4,"[true, true, true]","[8.501039253373278, 0.0, 0.0, 0.0, 10.358707452044737, 0.0, 1.0165412559008111, 0.0, 15.920358368059944]",1401.9432341435977,[],"{""cutoff=6.000_skin=0.000"": 1372, ""cutoff=6.000_skin=0.500"": 1784}",0.0,,
OPT-RFT-SOXLEX48-R512-v1,7157da7c8384b8258ca02f46774c12c53148908357151f22a621bec141f2564b,OPT-RFT-SOXLEX48-R512-v1:0220,SOXLEX_C1_14_3369_z1_12,5ff77237ff373523640b902d28e676ec3f6cd94526d19357d8e45d3f7956ef96,220,cross_family_test_set,SOXLEX/structures/SOXLEX_C1_14_3369_z1_12.cif,1fb2daa3055e439d2805385292f6234ce3caefb7e950dbea51cb0c1873014a05,5ff77237ff373523640b902d28e676ec3f6cd94526d19357d8e45d3f7956ef96,0,48,"[""F"", ""C"", ""C"", ""C"", ""Br"", ""C"", ""Cl"", ""C"", ""Br"", ""C"", ""H"", ""H"", ""F"", ""C"", ""C"", ""C"", ""Br"", ""C"", ""Cl"", ""C"", ""Br"", ""C"", ""H"", ""H"", ""F"", ""C"", ""C"", ""C"", ""Br"", ""C"", ""Cl"", ""C"", ""Br"", ""C"", ""H"", ""H"", ""F"", ""C"", ""C"", ""C"", ""Br"", ""C"", ""Cl"", ""C"", ""Br"", ""C"", ""H"", ""H""]",C24H8Br8Cl4F4,"[true, true, true]","[7.354464865185395, 0.0, 0.0, 0.0, 13.063184522130804, 0.0, -5.807707882615261, 0.0, 14.244004354108245]",1368.460407156586,[],"{""cutoff=6.000_skin=0.000"": 1372, ""cutoff=6.000_skin=0.500"": 1672}",0.0,,
OPT-RFT-SOXLEX48-R512-v1,7157da7c8384b8258ca02f46774c12c53148908357151f22a621bec141f2564b,OPT-RFT-SOXLEX48-R512-v1:0221,SOXLEX_C1_14_943_z1_12,7855b2d823e2cc2c03eadbfb9ae26761a44ea942a3aff5524795473cfc2b8b3f,221,cross_family_test_set,SOXLEX/structures/SOXLEX_C1_14_943_z1_12.cif,4393fc4cea162966ec9528a3199d250dbdbcdbb0cade0ce03b758e2c29f38792,7855b2d823e2cc2c03eadbfb9ae26761a44ea942a3aff5524795473cfc2b8b3f,0,48,"[""F"", ""C"", ""C"", ""C"", ""Br"", ""C"", ""Cl"", ""C"", ""Br"", ""C"", ""H"", ""H"", ""F"", ""C"", ""C"", ""C"", ""Br"", ""C"", ""Cl"", ""C"", ""Br"", ""C"", ""H"", ""H"", ""F"", ""C"", ""C"", ""C"", ""Br"", ""C"", ""Cl"", ""C"", ""Br"", ""C"", ""H"", ""H"", ""F"", ""C"", ""C"", ""C"", ""Br"", ""C"", ""Cl"", ""C"", ""Br"", ""C"", ""H"", ""H""]",C24H8Br8Cl4F4,"[true, true, true]","[16.894986927093683, 0.0, 0.0, 0.0, 17.801526993917296, 0.0, -0.36935937014458775, 0.0, 6.177613637718192]",1857.9578627945082,[],"{""cutoff=6.000_skin=0.000"": 1372, ""cutoff=6.000_skin=0.500"": 1776}",0.0,,
OPT-RFT-SOXLEX48-R512-v1,7157da7c8384b8258ca02f46774c12c53148908357151f22a621bec141f2564b,OPT-RFT-SOXLEX48-R512-v1:0222,SOXLEX_C1_14_1468_z1_12,78ba89444d971ced334bf5db158f916dc484907101308a3cba71c700dbbd5376,222,cross_family_test_set,SOXLEX/structures/SOXLEX_C1_14_1468_z1_12.cif,7a0d9ca60509dd1d6ad50374eb6f5092507762f8782363e9b239cd8110008d46,78ba89444d971ced334bf5db158f916dc484907101308a3cba71c700dbbd5376,0,48,"[""F"", ""C"", ""C"", ""C"", ""Br"", ""C"", ""Cl"", ""C"", ""Br"", ""C"", ""H"", ""H"", ""F"", ""C"", ""C"", ""C"", ""Br"", ""C"", ""Cl"", ""C"", ""Br"", ""C"", ""H"", ""H"", ""F"", ""C"", ""C"", ""C"", ""Br"", ""C"", ""Cl"", ""C"", ""Br"", ""C"", ""H"", ""H"", ""F"", ""C"", ""C"", ""C"", ""Br"", ""C"", ""Cl"", ""C"", ""Br"", ""C"", ""H"", ""H""]",C24H8Br8Cl4F4,"[true, true, true]","[8.874902411405966, 0.0, 0.0, 0.0, 10.365921552885776, 0.0, -0.6781323528367523, 0.0, 16.706638981625606]",1536.9530178619161,[],"{""cutoff=6.000_skin=0.000"": 1376, ""cutoff=6.000_skin=0.500"": 1756}",0.0,,
OPT-RFT-SOXLEX48-R512-v1,7157da7c8384b8258ca02f46774c12c53148908357151f22a621bec141f2564b,OPT-RFT-SOXLEX48-R512-v1:0223,SOXLEX_C1_14_192_z1_12,5ab27b21c1d242377681be5db8c1f6787cb93a9af4aaba889c2fb5dacdbefbe3,223,cross_family_test_set,SOXLEX/structures/SOXLEX_C1_14_192_z1_12.cif,759f24e0825ff6581cd584fcc27d16883647c2581efcfaad0502c10b36a9768a,5ab27b21c1d242377681be5db8c1f6787cb93a9af4aaba889c2fb5dacdbefbe3,0,48,"[""F"", ""C"", ""C"", ""C"", ""Br"", ""C"", ""Cl"", ""C"", ""Br"", ""C"", ""H"", ""H"", ""F"", ""C"", ""C"", ""C"", ""Br"", ""C"", ""Cl"", ""C"", ""Br"", ""C"", ""H"", ""H"", ""F"", ""C"", ""C"", ""C"", ""Br"", ""C"", ""Cl"", ""C"", ""Br"", ""C"", ""H"", ""H"", ""F"", ""C"", ""C"", ""C"", ""Br"", ""C"", ""Cl"", ""C"", ""Br"", ""C"", ""H"", ""H""]",C24H8Br8Cl4F4,"[true, true, true]","[11.912293193628884, 0.0, 0.0, 0.0, 8.768426230169496, 0.0, -2.2502465893917054, 0.0, 14.524587182986295]",1517.1231114703683,[],"{""cutoff=6.000_skin=0.000"": 1376, ""cutoff=6.000_skin=0.500"": 1596}",0.0,,
OPT-RFT-SOXLEX48-R512-v1,7157da7c8384b8258ca02f46774c12c53148908357151f22a621bec141f2564b,OPT-RFT-SOXLEX48-R512-v1:0224,SOXLEX_C1_14_3122_z1_12,d057898ce59b185586f6dd2e30cc63f53e7f2a87d2a90d0a870e26d46d018e51,224,cross_family_test_set,SOXLEX/structures/SOXLEX_C1_14_3122_z1_12.cif,24a52873eeb8c1741593076818c863719d6d699b602b62186430ee3d1fbd1bda,d057898ce59b185586f6dd2e30cc63f53e7f2a87d2a90d0a870e26d46d018e51,0,48,"[""F"", ""C"", ""C"", ""C"", ""Br"", ""C"", ""Cl"", ""C"", ""Br"", ""C"", ""H"", ""H"", ""F"", ""C"", ""C"", ""C"", ""Br"", ""C"", ""Cl"", ""C"", ""Br"", ""C"", ""H"", ""H"", ""F"", ""C"", ""C"", ""C"", ""Br"", ""C"", ""Cl"", ""C"", ""Br"", ""C"", ""H"", ""H"", ""F"", ""C"", ""C"", ""C"", ""Br"", ""C"", ""Cl"", ""C"", ""Br"", ""C"", ""H"", ""H""]",C24H8Br8Cl4F4,"[true, true, true]","[8.28405350082982, 0.0, 0.0, 0.0, 13.947240743988967, 0.0, 1.31844492698516, 0.0, 11.928489757846462]",1378.2139910420499,[],"{""cutoff=6.000_skin=0.000"": 1376, ""cutoff=6.000_skin=0.500"": 1764}",0.0,,
OPT-RFT-SOXLEX48-R512-v1,7157da7c8384b8258ca02f46774c12c53148908357151f22a621bec141f2564b,OPT-RFT-SOXLEX48-R512-v1:0225,SOXLEX_C1_14_4740_z1_12,4656c912df88342b41d3586d2b31d8337f0461a92235d8c72987560e38b88274,225,cross_family_test_set,SOXLEX/structures/SOXLEX_C1_14_4740_z1_12.cif,fae1c5f57847eaca79a76f49ef5e17872c9ae8be739424a789f53c6753708f42,4656c912df88342b41d3586d2b31d8337f0461a92235d8c72987560e38b88274,0,48,"[""F"", ""C"", ""C"", ""C"", ""Br"", ""C"", ""Cl"", ""C"", ""Br"", ""C"", ""H"", ""H"", ""F"", ""C"", ""C"", ""C"", ""Br"", ""C"", ""Cl"", ""C"", ""Br"", ""C"", ""H"", ""H"", ""F"", ""C"", ""C"", ""C"", ""Br"", ""C"", ""Cl"", ""C"", ""Br"", ""C"", ""H"", ""H"", ""F"", ""C"", ""C"", ""C"", ""Br"", ""C"", ""Cl"", ""C"", ""Br"", ""C"", ""H"", ""H""]",C24H8Br8Cl4F4,"[true, true, true]","[12.724808283157309, 0.0, 0.0, 0.0, 9.448230007102705, 0.0, 0.3742934202377268, 0.0, 14.672735824147143]",1764.057769431444,[],"{""cutoff=6.000_skin=0.000"": 1376, ""cutoff=6.000_skin=0.500"": 1756}",0.0,,
OPT-RFT-SOXLEX48-R512-v1,7157da7c8384b8258ca02f46774c12c53148908357151f22a621bec141f2564b,OPT-RFT-SOXLEX48-R512-v1:0226,SOXLEX_C1_14_1248_z1_12,a3d213faf70bb652abc35db9c82b5baa8c6b9098af53d865620e6647dc941d01,226,cross_family_test_set,SOXLEX/structures/SOXLEX_C1_14_1248_z1_12.cif,c52628fe975b158b0919470d85cdc74f30495249ee63bda2618e4dd8ef299290,a3d213faf70bb652abc35db9c82b5baa8c6b9098af53d865620e6647dc941d01,0,48,"[""F"", ""C"", ""C"", ""C"", ""Br"", ""C"", ""Cl"", ""C"", ""Br"", ""C"", ""H"", ""H"", ""F"", ""C"", ""C"", ""C"", ""Br"", ""C"", ""Cl"", ""C"", ""Br"", ""C"", ""H"", ""H"", ""F"", ""C"", ""C"", ""C"", ""Br"", ""C"", ""Cl"", ""C"", ""Br"", ""C"", ""H"", ""H"", ""F"", ""C"", ""C"", ""C"", ""Br"", ""C"", ""Cl"", ""C"", ""Br"", ""C"", ""H"", ""H""]",C24H8Br8Cl4F4,"[true, true, true]","[13.433142967843139, 0.0, 0.0, 0.0, 11.947649752553744, 0.0, 7.786646487150112, 0.0, 9.25784337145764]",1485.8328249963256,[],"{""cutoff=6.000_skin=0.000"": 1380, ""cutoff=6.000_skin=0.500"": 1748}",0.0,,
OPT-RFT-SOXLEX48-R512-v1,7157da7c8384b8258ca02f46774c12c53148908357151f22a621bec141f2564b,OPT-RFT-SOXLEX48-R512-v1:0227,SOXLEX_C1_14_2419_z1_12,d7fa5f6b3428d317146fad6fd3e888e23c194a3347f436a2cc6841dcba869b4c,227,cross_family_test_set,SOXLEX/structures/SOXLEX_C1_14_2419_z1_12.cif,18237c6f0faf69d41507668984d85b20300a73c4128a3968b59acf44e0c4c41f,d7fa5f6b3428d317146fad6fd3e888e23c194a3347f436a2cc6841dcba869b4c,0,48,"[""F"", ""C"", ""C"", ""C"", ""Br"", ""C"", ""Cl"", ""C"", ""Br"", ""C"", ""H"", ""H"", ""F"", ""C"", ""C"", ""C"", ""Br"", ""C"", ""Cl"", ""C"", ""Br"", ""C"", ""H"", ""H"", ""F"", ""C"", ""C"", ""C"", ""Br"", ""C"", ""Cl"", ""C"", ""Br"", ""C"", ""H"", ""H"", ""F"", ""C"", ""C"", ""C"", ""Br"", ""C"", ""Cl"", ""C"", ""Br"", ""C"", ""H"", ""H""]",C24H8Br8Cl4F4,"[true, true, true]","[8.66929067990412, 0.0, 0.0, 0.0, 12.545597203480334, 0.0, 0.36915761597091185, 0.0, 12.165532585282014]",1323.1407074259907,[],"{""cutoff=6.000_skin=0.000"": 1380, ""cutoff=6.000_skin=0.500"": 1760}",0.0,,
OPT-RFT-SOXLEX48-R512-v1,7157da7c8384b8258ca02f46774c12c53148908357151f22a621bec141f2564b,OPT-RFT-SOXLEX48-R512-v1:0228,SOXLEX_C1_14_4241_z1_12,9a1d8b6a6ca2e1d8ee6ba3f0719ff0d753eb6749a5c0668b61dc9aa63a6d57a5,228,cross_family_test_set,SOXLEX/structures/SOXLEX_C1_14_4241_z1_12.cif,5314c7a305708fdec6e8a62c5b94c4381e3b2649d804b0e8aac1bde1dfaec32a,9a1d8b6a6ca2e1d8ee6ba3f0719ff0d753eb6749a5c0668b61dc9aa63a6d57a5,0,48,"[""F"", ""C"", ""C"", ""C"", ""Br"", ""C"", ""Cl"", ""C"", ""Br"", ""C"", ""H"", ""H"", ""F"", ""C"", ""C"", ""C"", ""Br"", ""C"", ""Cl"", ""C"", ""Br"", ""C"", ""H"", ""H"", ""F"", ""C"", ""C"", ""C"", ""Br"", ""C"", ""Cl"", ""C"", ""Br"", ""C"", ""H"", ""H"", ""F"", ""C"", ""C"", ""C"", ""Br"", ""C"", ""Cl"", ""C"", ""Br"", ""C"", ""H"", ""H""]",C24H8Br8Cl4F4,"[true, true, true]","[10.163977948710379, 0.0, 0.0, 0.0, 10.132903004673906, 0.0, -3.489090885642515, 0.0, 14.245660628003085]",1467.1691738796726,[],"{""cutoff=6.000_skin=0.000"": 1380, ""cutoff=6.000_skin=0.500"": 1744}",0.0,,
OPT-RFT-SOXLEX48-R512-v1,7157da7c8384b8258ca02f46774c12c53148908357151f22a621bec141f2564b,OPT-RFT-SOXLEX48-R512-v1:0229,SOXLEX_C1_14_1504_z1_12,ae12a5b8325c981cc70cc37f79cb144ca3c9ec24d885fea2da463979667ac426,229,cross_family_test_set,SOXLEX/structures/SOXLEX_C1_14_1504_z1_12.cif,0d0163232e127bb7c25a398c44d9b456f08b8fe78f65e2fd082d44392504b139,ae12a5b8325c981cc70cc37f79cb144ca3c9ec24d885fea2da463979667ac426,0,48,"[""F"", ""C"", ""C"", ""C"", ""Br"", ""C"", ""Cl"", ""C"", ""Br"", ""C"", ""H"", ""H"", ""F"", ""C"", ""C"", ""C"", ""Br"", ""C"", ""Cl"", ""C"", ""Br"", ""C"", ""H"", ""H"", ""F"", ""C"", ""C"", ""C"", ""Br"", ""C"", ""Cl"", ""C"", ""Br"", ""C"", ""H"", ""H"", ""F"", ""C"", ""C"", ""C"", ""Br"", ""C"", ""Cl"", ""C"", ""Br"", ""C"", ""H"", ""H""]",C24H8Br8Cl4F4,"[true, true, true]","[10.110612533356047, 0.0, 0.0, 0.0, 12.043054428527611, 0.0, -2.784952050758921, 0.0, 12.121842937902176]",1475.987804400657,[],"{""cutoff=6.000_skin=0.000"": 1384, ""cutoff=6.000_skin=0.500"": 1744}",0.0,,
OPT-RFT-SOXLEX48-R512-v1,7157da7c8384b8258ca02f46774c12c53148908357151f22a621bec141f2564b,OPT-RFT-SOXLEX48-R512-v1:0230,SOXLEX_C1_14_2913_z1_12,5762a0181063bc0167d9e926a8e8bf10a3346dde68bf8a3e590ab8bdf2a915c6,230,cross_family_test_set,SOXLEX/structures/SOXLEX_C1_14_2913_z1_12.cif,2b10173e1f90a56ce6df6302854454529f86fc3eb35874713d12809f5530eb6c,5762a0181063bc0167d9e926a8e8bf10a3346dde68bf8a3e590ab8bdf2a915c6,0,48,"[""F"", ""C"", ""C"", ""C"", ""Br"", ""C"", ""Cl"", ""C"", ""Br"", ""C"", ""H"", ""H"", ""F"", ""C"", ""C"", ""C"", ""Br"", ""C"", ""Cl"", ""C"", ""Br"", ""C"", ""H"", ""H"", ""F"", ""C"", ""C"", ""C"", ""Br"", ""C"", ""Cl"", ""C"", ""Br"", ""C"", ""H"", ""H"", ""F"", ""C"", ""C"", ""C"", ""Br"", ""C"", ""Cl"", ""C"", ""Br"", ""C"", ""H"", ""H""]",C24H8Br8Cl4F4,"[true, true, true]","[9.431139499843027, 0.0, 0.0, 0.0, 12.691081210002732, 0.0, -0.458238689486957, 0.0, 12.340010188769307]",1476.992568532524,[],"{""cutoff=6.000_skin=0.000"": 1384, ""cutoff=6.000_skin=0.500"": 1672}",0.0,,
OPT-RFT-SOXLEX48-R512-v1,7157da7c8384b8258ca02f46774c12c53148908357151f22a621bec141f2564b,OPT-RFT-SOXLEX48-R512-v1:0231,SOXLEX_C1_14_96_z1_12,9e4bcf2dabb51595174471b74981c5ef9dff01916a77dc7733800a9a5ca59168,231,cross_family_test_set,SOXLEX/structures/SOXLEX_C1_14_96_z1_12.cif,5a6ab2ed02c1dac71619517907e6b937303e1d3e5616c5784ce056f52e3945ae,9e4bcf2dabb51595174471b74981c5ef9dff01916a77dc7733800a9a5ca59168,0,48,"[""F"", ""C"", ""C"", ""C"", ""Br"", ""C"", ""Cl"", ""C"", ""Br"", ""C"", ""H"", ""H"", ""F"", ""C"", ""C"", ""C"", ""Br"", ""C"", ""Cl"", ""C"", ""Br"", ""C"", ""H"", ""H"", ""F"", ""C"", ""C"", ""C"", ""Br"", ""C"", ""Cl"", ""C"", ""Br"", ""C"", ""H"", ""H"", ""F"", ""C"", ""C"", ""C"", ""Br"", ""C"", ""Cl"", ""C"", ""Br"", ""C"", ""H"", ""H""]",C24H8Br8Cl4F4,"[true, true, true]","[10.807323746387471, 0.0, 0.0, 0.0, 11.79756928949621, 0.0, -5.680754734727506, 0.0, 11.242175707531361]",1433.3790972661473,[],"{""cutoff=6.000_skin=0.000"": 1384, ""cutoff=6.000_skin=0.500"": 1580}",0.0,,
OPT-RFT-SOXLEX48-R512-v1,7157da7c8384b8258ca02f46774c12c53148908357151f22a621bec141f2564b,OPT-RFT-SOXLEX48-R512-v1:0232,SOXLEX_C1_14_3665_z1_12,7e0063ab4c9e715263aeea44b2fb4869ae25732d400104f544820af7924c73e6,232,cross_family_test_set,SOXLEX/structures/SOXLEX_C1_14_3665_z1_12.cif,32dfa64c82e6e457b851a37f3ad1a8a0df0a5398942a9985fd3f2cc7095ec6fe,7e0063ab4c9e715263aeea44b2fb4869ae25732d400104f544820af7924c73e6,0,48,"[""F"", ""C"", ""C"", ""C"", ""Br"", ""C"", ""Cl"", ""C"", ""Br"", ""C"", ""H"", ""H"", ""F"", ""C"", ""C"", ""C"", ""Br"", ""C"", ""Cl"", ""C"", ""Br"", ""C"", ""H"", ""H"", ""F"", ""C"", ""C"", ""C"", ""Br"", ""C"", ""Cl"", ""C"", ""Br"", ""C"", ""H"", ""H"", ""F"", ""C"", ""C"", ""C"", ""Br"", ""C"", ""Cl"", ""C"", ""Br"", ""C"", ""H"", ""H""]",C24H8Br8Cl4F4,"[true, true, true]","[10.35214120211009, 0.0, 0.0, 0.0, 12.463866503245239, 0.0, -2.949061183570292, 0.0, 10.740847022953501]",1385.8668515017641,[],"{""cutoff=6.000_skin=0.000"": 1388, ""cutoff=6.000_skin=0.500"": 1780}",0.0,,
OPT-RFT-SOXLEX48-R512-v1,7157da7c8384b8258ca02f46774c12c53148908357151f22a621bec141f2564b,OPT-RFT-SOXLEX48-R512-v1:0233,SOXLEX_C1_14_1313_z1_12,118b1c2e37b650654be43dc7c82cfeb0e753351db611e735da453d8d0b94e4b3,233,cross_family_test_set,SOXLEX/structures/SOXLEX_C1_14_1313_z1_12.cif,b7fe9aed18c293e05652eda7dbcd015fc6bea038392688b8bdb11d1879eb72ad,118b1c2e37b650654be43dc7c82cfeb0e753351db611e735da453d8d0b94e4b3,0,48,"[""F"", ""C"", ""C"", ""C"", ""Br"", ""C"", ""Cl"", ""C"", ""Br"", ""C"", ""H"", ""H"", ""F"", ""C"", ""C"", ""C"", ""Br"", ""C"", ""Cl"", ""C"", ""Br"", ""C"", ""H"", ""H"", ""F"", ""C"", ""C"", ""C"", ""Br"", ""C"", ""Cl"", ""C"", ""Br"", ""C"", ""H"", ""H"", ""F"", ""C"", ""C"", ""C"", ""Br"", ""C"", ""Cl"", ""C"", ""Br"", ""C"", ""H"", ""H""]",C24H8Br8Cl4F4,"[true, true, true]","[7.369822015396387, 0.0, 0.0, 0.0, 18.560880784489292, 0.0, -0.4554073278867883, 0.0, 10.977039051072857]",1501.5534290287424,[],"{""cutoff=6.000_skin=0.000"": 1392, ""cutoff=6.000_skin=0.500"": 1664}",0.0,,
OPT-RFT-SOXLEX48-R512-v1,7157da7c8384b8258ca02f46774c12c53148908357151f22a621bec141f2564b,OPT-RFT-SOXLEX48-R512-v1:0234,SOXLEX_C1_14_2282_z1_12,7b3922f47370975b5bf8ef7ef03c24dffdfc11cd7d68326f6ec94ef98c556a35,234,cross_family_test_set,SOXLEX/structures/SOXLEX_C1_14_2282_z1_12.cif,987b3fe5a33b54104f62358b849be5e8b7d5bdc91621edc5bf5c64f70225e3f6,7b3922f47370975b5bf8ef7ef03c24dffdfc11cd7d68326f6ec94ef98c556a35,0,48,"[""F"", ""C"", ""C"", ""C"", ""Br"", ""C"", ""Cl"", ""C"", ""Br"", ""C"", ""H"", ""H"", ""F"", ""C"", ""C"", ""C"", ""Br"", ""C"", ""Cl"", ""C"", ""Br"", ""C"", ""H"", ""H"", ""F"", ""C"", ""C"", ""C"", ""Br"", ""C"", ""Cl"", ""C"", ""Br"", ""C"", ""H"", ""H"", ""F"", ""C"", ""C"", ""C"", ""Br"", ""C"", ""Cl"", ""C"", ""Br"", ""C"", ""H"", ""H""]",C24H8Br8Cl4F4,"[true, true, true]","[10.650370707030014, 0.0, 0.0, 0.0, 15.855564402536594, 0.0, -1.0379392750203882, 0.0, 9.546402872992976]",1612.0785108231216,[],"{""cutoff=6.000_skin=0.000"": 1392, ""cutoff=6.000_skin=0.500"": 1744}",0.0,,
OPT-RFT-SOXLEX48-R512-v1,7157da7c8384b8258ca02f46774c12c53148908357151f22a621bec141f2564b,OPT-RFT-SOXLEX48-R512-v1:0235,SOXLEX_C1_14_4556_z1_12,cd48bf793afa96e197b4c1371fe6bd14a3f7f8cae4b82616ceb805d0021b8040,235,cross_family_test_set,SOXLEX/structures/SOXLEX_C1_14_4556_z1_12.cif,f1179ceed316cb4697b45dcb24d69950a86fa115b46ed8b936547e633735d251,cd48bf793afa96e197b4c1371fe6bd14a3f7f8cae4b82616ceb805d0021b8040,0,48,"[""F"", ""C"", ""C"", ""C"", ""Br"", ""C"", ""Cl"", ""C"", ""Br"", ""C"", ""H"", ""H"", ""F"", ""C"", ""C"", ""C"", ""Br"", ""C"", ""Cl"", ""C"", ""Br"", ""C"", ""H"", ""H"", ""F"", ""C"", ""C"", ""C"", ""Br"", ""C"", ""Cl"", ""C"", ""Br"", ""C"", ""H"", ""H"", ""F"", ""C"", ""C"", ""C"", ""Br"", ""C"", ""Cl"", ""C"", ""Br"", ""C"", ""H"", ""H""]",C24H8Br8Cl4F4,"[true, true, true]","[7.838020836229731, 0.0, 0.0, 0.0, 10.127499136368822, 0.0, 1.8152580681748425, 0.0, 18.517233246338655]",1469.889628446985,[],"{""cutoff=6.000_skin=0.000"": 1392, ""cutoff=6.000_skin=0.500"": 1792}",0.0,,
OPT-RFT-SOXLEX48-R512-v1,7157da7c8384b8258ca02f46774c12c53148908357151f22a621bec141f2564b,OPT-RFT-SOXLEX48-R512-v1:0236,SOXLEX_C1_14_73_z1_12,281a61229355c0731de7825fe58ed9f73b33017108f5439ab1623842026f840a,236,cross_family_test_set,SOXLEX/structures/SOXLEX_C1_14_73_z1_12.cif,18b2a6a6d466a68c38b3dc7d829982ca9139d494194ccee39ec3d6564fa705ee,281a61229355c0731de7825fe58ed9f73b33017108f5439ab1623842026f840a,0,48,"[""F"", ""C"", ""C"", ""C"", ""Br"", ""C"", ""Cl"", ""C"", ""Br"", ""C"", ""H"", ""H"", ""F"", ""C"", ""C"", ""C"", ""Br"", ""C"", ""Cl"", ""C"", ""Br"", ""C"", ""H"", ""H"", ""F"", ""C"", ""C"", ""C"", ""Br"", ""C"", ""Cl"", ""C"", ""Br"", ""C"", ""H"", ""H"", ""F"", ""C"", ""C"", ""C"", ""Br"", ""C"", ""Cl"", ""C"", ""Br"", ""C"", ""H"", ""H""]",C24H8Br8Cl4F4,"[true, true, true]","[4.774132028478125, 0.0, 0.0, 0.0, 19.10268856129293, 0.0, 1.093665631778205, 0.0, 18.16909123444628]",1656.9985416794225,[],"{""cutoff=6.000_skin=0.000"": 1392, ""cutoff=6.000_skin=0.500"": 1604}",0.0,,
OPT-RFT-SOXLEX48-R512-v1,7157da7c8384b8258ca02f46774c12c53148908357151f22a621bec141f2564b,OPT-RFT-SOXLEX48-R512-v1:0237,SOXLEX_C1_14_3192_z1_12,b4b1ad5a44081ed1322626ab6108812119d5b3daa9ad231fbe53f873991ac0e5,237,cross_family_test_set,SOXLEX/structures/SOXLEX_C1_14_3192_z1_12.cif,c4e6ae72bcdd0fb1d668de8363ab6856482468742d0906869a992f0698ff5779,b4b1ad5a44081ed1322626ab6108812119d5b3daa9ad231fbe53f873991ac0e5,0,48,"[""F"", ""C"", ""C"", ""C"", ""Br"", ""C"", ""Cl"", ""C"", ""Br"", ""C"", ""H"", ""H"", ""F"", ""C"", ""C"", ""C"", ""Br"", ""C"", ""Cl"", ""C"", ""Br"", ""C"", ""H"", ""H"", ""F"", ""C"", ""C"", ""C"", ""Br"", ""C"", ""Cl"", ""C"", ""Br"", ""C"", ""H"", ""H"", ""F"", ""C"", ""C"", ""C"", ""Br"", ""C"", ""Cl"", ""C"", ""Br"", ""C"", ""H"", ""H""]",C24H8Br8Cl4F4,"[true, true, true]","[7.293062618787616, 0.0, 0.0, 0.0, 28.15857011839025, 0.0, 2.895602254102998, 0.0, 7.303300957253862]",1499.8220623349741,[],"{""cutoff=6.000_skin=0.000"": 1396, ""cutoff=6.000_skin=0.500"": 1816}",0.0,,
OPT-RFT-SOXLEX48-R512-v1,7157da7c8384b8258ca02f46774c12c53148908357151f22a621bec141f2564b,OPT-RFT-SOXLEX48-R512-v1:0238,SOXLEX_C1_14_88_z1_12,ccda8bfb4a0988c79d7f94b98dad3ede52a2af36742ad305359af7196debdf0b,238,cross_family_test_set,SOXLEX/structures/SOXLEX_C1_14_88_z1_12.cif,77b7a9cfb97c7a20d043d16c6b7d873859c5925297a4e44882b2ce911714cdaa,ccda8bfb4a0988c79d7f94b98dad3ede52a2af36742ad305359af7196debdf0b,0,48,"[""F"", ""C"", ""C"", ""C"", ""Br"", ""C"", ""Cl"", ""C"", ""Br"", ""C"", ""H"", ""H"", ""F"", ""C"", ""C"", ""C"", ""Br"", ""C"", ""Cl"", ""C"", ""Br"", ""C"", ""H"", ""H"", ""F"", ""C"", ""C"", ""C"", ""Br"", ""C"", ""Cl"", ""C"", ""Br"", ""C"", ""H"", ""H"", ""F"", ""C"", ""C"", ""C"", ""Br"", ""C"", ""Cl"", ""C"", ""Br"", ""C"", ""H"", ""H""]",C24H8Br8Cl4F4,"[true, true, true]","[8.03688345740671, 0.0, 0.0, 0.0, 13.54537120777239, 0.0, 4.907576435602754, 0.0, 11.684182364761552]",1271.9701180549287,[],"{""cutoff=6.000_skin=0.000"": 1396, ""cutoff=6.000_skin=0.500"": 1900}",0.0,,
OPT-RFT-SOXLEX48-R512-v1,7157da7c8384b8258ca02f46774c12c53148908357151f22a621bec141f2564b,OPT-RFT-SOXLEX48-R512-v1:0239,SOXLEX_C1_14_4628_z1_12,fb93cb4fbcc691b4c22017c9a0cd004507a4aa0ceb39f411db36777ec3eb391c,239,cross_family_test_set,SOXLEX/structures/SOXLEX_C1_14_4628_z1_12.cif,0e372abb2a4e768c67c190517fcd3c69488154913f97962c9ced6ddf85637238,fb93cb4fbcc691b4c22017c9a0cd004507a4aa0ceb39f411db36777ec3eb391c,0,48,"[""F"", ""C"", ""C"", ""C"", ""Br"", ""C"", ""Cl"", ""C"", ""Br"", ""C"", ""H"", ""H"", ""F"", ""C"", ""C"", ""C"", ""Br"", ""C"", ""Cl"", ""C"", ""Br"", ""C"", ""H"", ""H"", ""F"", ""C"", ""C"", ""C"", ""Br"", ""C"", ""Cl"", ""C"", ""Br"", ""C"", ""H"", ""H"", ""F"", ""C"", ""C"", ""C"", ""Br"", ""C"", ""Cl"", ""C"", ""Br"", ""C"", ""H"", ""H""]",C24H8Br8Cl4F4,"[true, true, true]","[10.089740504427212, 0.0, 0.0, 0.0, 10.399276488777772, 0.0, -7.956108603376824, 0.0, 13.250938538923931]",1390.3679931099164,[],"{""cutoff=6.000_skin=0.000"": 1400, ""cutoff=6.000_skin=0.500"": 1724}",0.0,,
OPT-RFT-SOXLEX48-R512-v1,7157da7c8384b8258ca02f46774c12c53148908357151f22a621bec141f2564b,OPT-RFT-SOXLEX48-R512-v1:0240,SOXLEX_C1_14_3407_z1_12,ddf7111493848b5fe9b8827d931d6af5db8b1e1c9ecbf0f23f6f5a7d642f1ebc,240,cross_family_test_set,SOXLEX/structures/SOXLEX_C1_14_3407_z1_12.cif,8e3fb4c6fa63f9348dfc3c75bb450a80ef53090c10ffccd4a2e9c2f7ba9c9aea,ddf7111493848b5fe9b8827d931d6af5db8b1e1c9ecbf0f23f6f5a7d642f1ebc,0,48,"[""F"", ""C"", ""C"", ""C"", ""Br"", ""C"", ""Cl"", ""C"", ""Br"", ""C"", ""H"", ""H"", ""F"", ""C"", ""C"", ""C"", ""Br"", ""C"", ""Cl"", ""C"", ""Br"", ""C"", ""H"", ""H"", ""F"", ""C"", ""C"", ""C"", ""Br"", ""C"", ""Cl"", ""C"", ""Br"", ""C"", ""H"", ""H"", ""F"", ""C"", ""C"", ""C"", ""Br"", ""C"", ""Cl"", ""C"", ""Br"", ""C"", ""H"", ""H""]",C24H8Br8Cl4F4,"[true, true, true]","[11.112982906793235, 0.0, 0.0, 0.0, 11.198077398921658, 0.0, 0.46509864248990507, 0.0, 10.88950270889234]",1355.1337403394086,[],"{""cutoff=6.000_skin=0.000"": 1404, ""cutoff=6.000_skin=0.500"": 1900}",0.0,,
OPT-RFT-SOXLEX48-R512-v1,7157da7c8384b8258ca02f46774c12c53148908357151f22a621bec141f2564b,OPT-RFT-SOXLEX48-R512-v1:0241,SOXLEX_C1_14_1884_z1_12,6361eaae59441200aba3dd02d394420cbc1c1c9017e4f49e502046fe9708faf8,241,cross_family_test_set,SOXLEX/structures/SOXLEX_C1_14_1884_z1_12.cif,61b3f53832c764d9b4baca6a78133a3c3395e90267c5e9ddc85fe3140b9a7c45,6361eaae59441200aba3dd02d394420cbc1c1c9017e4f49e502046fe9708faf8,0,48,"[""F"", ""C"", ""C"", ""C"", ""Br"", ""C"", ""Cl"", ""C"", ""Br"", ""C"", ""H"", ""H"", ""F"", ""C"", ""C"", ""C"", ""Br"", ""C"", ""Cl"", ""C"", ""Br"", ""C"", ""H"", ""H"", ""F"", ""C"", ""C"", ""C"", ""Br"", ""C"", ""Cl"", ""C"", ""Br"", ""C"", ""H"", ""H"", ""F"", ""C"", ""C"", ""C"", ""Br"", ""C"", ""Cl"", ""C"", ""Br"", ""C"", ""H"", ""H""]",C24H8Br8Cl4F4,"[true, true, true]","[9.545551415568656, 0.0, 0.0, 0.0, 11.86448261681062, 0.0, -4.369875881348685, 0.0, 11.984678979284121]",1357.3011940536735,[],"{""cutoff=6.000_skin=0.000"": 1408, ""cutoff=6.000_skin=0.500"": 1800}",0.0,,
OPT-RFT-SOXLEX48-R512-v1,7157da7c8384b8258ca02f46774c12c53148908357151f22a621bec141f2564b,OPT-RFT-SOXLEX48-R512-v1:0242,SOXLEX_C1_14_3846_z1_12,1f652c3b0708bc70d7d00b2a61eca2b88586c058607ff27fa8dcc8c2568ff72a,242,cross_family_test_set,SOXLEX/structures/SOXLEX_C1_14_3846_z1_12.cif,dbff0aa849aa2fd8774af84952987a3580cf32de278549c1f63e14874a65dd3d,1f652c3b0708bc70d7d00b2a61eca2b88586c058607ff27fa8dcc8c2568ff72a,0,48,"[""F"", ""C"", ""C"", ""C"", ""Br"", ""C"", ""Cl"", ""C"", ""Br"", ""C"", ""H"", ""H"", ""F"", ""C"", ""C"", ""C"", ""Br"", ""C"", ""Cl"", ""C"", ""Br"", ""C"", ""H"", ""H"", ""F"", ""C"", ""C"", ""C"", ""Br"", ""C"", ""Cl"", ""C"", ""Br"", ""C"", ""H"", ""H"", ""F"", ""C"", ""C"", ""C"", ""Br"", ""C"", ""Cl"", ""C"", ""Br"", ""C"", ""H"", ""H""]",C24H8Br8Cl4F4,"[true, true, true]","[9.302361816395049, 0.0, 0.0, 0.0, 16.786394034204406, 0.0, 7.669483868129091, 0.0, 8.667538066390106]",1353.4630329001052,[],"{""cutoff=6.000_skin=0.000"": 1408, ""cutoff=6.000_skin=0.500"": 1720}",0.0,,
OPT-RFT-SOXLEX48-R512-v1,7157da7c8384b8258ca02f46774c12c53148908357151f22a621bec141f2564b,OPT-RFT-SOXLEX48-R512-v1:0243,SOXLEX_C1_14_4393_z1_12,f4c4b79a94e0c34a190743f9c7100c3fc6d98c287c8ae22c778c6828e4a789e8,243,cross_family_test_set,SOXLEX/structures/SOXLEX_C1_14_4393_z1_12.cif,8cf50c027a27645cb35171d3914996d439088250fd43467aa0ed2482aafa1b02,f4c4b79a94e0c34a190743f9c7100c3fc6d98c287c8ae22c778c6828e4a789e8,0,48,"[""F"", ""C"", ""C"", ""C"", ""Br"", ""C"", ""Cl"", ""C"", ""Br"", ""C"", ""H"", ""H"", ""F"", ""C"", ""C"", ""C"", ""Br"", ""C"", ""Cl"", ""C"", ""Br"", ""C"", ""H"", ""H"", ""F"", ""C"", ""C"", ""C"", ""Br"", ""C"", ""Cl"", ""C"", ""Br"", ""C"", ""H"", ""H"", ""F"", ""C"", ""C"", ""C"", ""Br"", ""C"", ""Cl"", ""C"", ""Br"", ""C"", ""H"", ""H""]",C24H8Br8Cl4F4,"[true, true, true]","[11.231187162074805, 0.0, 0.0, 0.0, 12.9895077905759, 0.0, -5.45485472312348, 0.0, 10.035542710065624]",1464.0611718169853,[],"{""cutoff=6.000_skin=0.000"": 1408, ""cutoff=6.000_skin=0.500"": 1628}",0.0,,
OPT-RFT-SOXLEX48-R512-v1,7157da7c8384b8258ca02f46774c12c53148908357151f22a621bec141f2564b,OPT-RFT-SOXLEX48-R512-v1:0244,SOXLEX_C1_14_2379_z1_12,9a768764859724c107fdc8f2e122945e36dac5286ab4d84dcda84949a7b0cea9,244,cross_family_test_set,SOXLEX/structures/SOXLEX_C1_14_2379_z1_12.cif,7da7a1da5936fabba1dbd55d28be3415a6ac03072ed85d42ab41434f444174f4,9a768764859724c107fdc8f2e122945e36dac5286ab4d84dcda84949a7b0cea9,0,48,"[""F"", ""C"", ""C"", ""C"", ""Br"", ""C"", ""Cl"", ""C"", ""Br"", ""C"", ""H"", ""H"", ""F"", ""C"", ""C"", ""C"", ""Br"", ""C"", ""Cl"", ""C"", ""Br"", ""C"", ""H"", ""H"", ""F"", ""C"", ""C"", ""C"", ""Br"", ""C"", ""Cl"", ""C"", ""Br"", ""C"", ""H"", ""H"", ""F"", ""C"", ""C"", ""C"", ""Br"", ""C"", ""Cl"", ""C"", ""Br"", ""C"", ""H"", ""H""]",C24H8Br8Cl4F4,"[true, true, true]","[8.832640474878751, 0.0, 0.0, 0.0, 10.750014044183683, 0.0, 0.8907576474682208, 0.0, 14.893611681342922]",1414.163459064085,[],"{""cutoff=6.000_skin=0.000"": 1412, ""cutoff=6.000_skin=0.500"": 1816}",0.0,,
OPT-RFT-SOXLEX48-R512-v1,7157da7c8384b8258ca02f46774c12c53148908357151f22a621bec141f2564b,OPT-RFT-SOXLEX48-R512-v1:0245,SOXLEX_C1_14_1267_z1_12,7aaa01a221a3b88409dff88ee3b1d7137b216af10b6de65fbf67375d98f0ab70,245,cross_family_test_set,SOXLEX/structures/SOXLEX_C1_14_1267_z1_12.cif,3ef24c8d8479bb717b69fa3d396acb87251bea26dd1b36202bcb6b7319ffe423,7aaa01a221a3b88409dff88ee3b1d7137b216af10b6de65fbf67375d98f0ab70,0,48,"[""F"", ""C"", ""C"", ""C"", ""Br"", ""C"", ""Cl"", ""C"", ""Br"", ""C"", ""H"", ""H"", ""F"", ""C"", ""C"", ""C"", ""Br"", ""C"", ""Cl"", ""C"", ""Br"", ""C"", ""H"", ""H"", ""F"", ""C"", ""C"", ""C"", ""Br"", ""C"", ""Cl"", ""C"", ""Br"", ""C"", ""H"", ""H"", ""F"", ""C"", ""C"", ""C"", ""Br"", ""C"", ""Cl"", ""C"", ""Br"", ""C"", ""H"", ""H""]",C24H8Br8Cl4F4,"[true, true, true]","[8.632365411431245, 0.0, 0.0, 0.0, 13.147430542141109, 0.0, -6.874309907517751, 0.0, 11.797932110486164]",1338.9877191391022,[],"{""cutoff=6.000_skin=0.000"": 1416, ""cutoff=6.000_skin=0.500"": 1752}",0.0,,
OPT-RFT-SOXLEX48-R512-v1,7157da7c8384b8258ca02f46774c12c53148908357151f22a621bec141f2564b,OPT-RFT-SOXLEX48-R512-v1:0246,SOXLEX_C1_14_2480_z1_12,cde72171141eb7db8d3bbc117ebbc19b4efd55f2dd5be7346a04788bf1b3f4da,246,cross_family_test_set,SOXLEX/structures/SOXLEX_C1_14_2480_z1_12.cif,9554ad5032181cebf92ca84fd4fa5c5986a901f988e56eb36dbc84782d9a377c,cde72171141eb7db8d3bbc117ebbc19b4efd55f2dd5be7346a04788bf1b3f4da,0,48,"[""F"", ""C"", ""C"", ""C"", ""Br"", ""C"", ""Cl"", ""C"", ""Br"", ""C"", ""H"", ""H"", ""F"", ""C"", ""C"", ""C"", ""Br"", ""C"", ""Cl"", ""C"", ""Br"", ""C"", ""H"", ""H"", ""F"", ""C"", ""C"", ""C"", ""Br"", ""C"", ""Cl"", ""C"", ""Br"", ""C"", ""H"", ""H"", ""F"", ""C"", ""C"", ""C"", ""Br"", ""C"", ""Cl"", ""C"", ""Br"", ""C"", ""H"", ""H""]",C24H8Br8Cl4F4,"[true, true, true]","[9.36550935379205, 0.0, 0.0, 0.0, 12.9815150104871, 0.0, 2.1462604871993225, 0.0, 11.963893565358008]",1454.5522369119017,[],"{""cutoff=6.000_skin=0.000"": 1416, ""cutoff=6.000_skin=0.500"": 1688}",0.0,,
OPT-RFT-SOXLEX48-R512-v1,7157da7c8384b8258ca02f46774c12c53148908357151f22a621bec141f2564b,OPT-RFT-SOXLEX48-R512-v1:0247,SOXLEX_C1_14_4067_z1_12,442d614c9981453ee412e6aded4a17dcf9d18f4488720a5c938398b1c94c26b6,247,cross_family_test_set,SOXLEX/structures/SOXLEX_C1_14_4067_z1_12.cif,4729a049e95a4c0bd85334f9307a319e3240c31479767ac1ddfe9d18b30b1132,442d614c9981453ee412e6aded4a17dcf9d18f4488720a5c938398b1c94c26b6,0,48,"[""F"", ""C"", ""C"", ""C"", ""Br"", ""C"", ""Cl"", ""C"", ""Br"", ""C"", ""H"", ""H"", ""F"", ""C"", ""C"", ""C"", ""Br"", ""C"", ""Cl"", ""C"", ""Br"", ""C"", ""H"", ""H"", ""F"", ""C"", ""C"", ""C"", ""Br"", ""C"", ""Cl"", ""C"", ""Br"", ""C"", ""H"", ""H"", ""F"", ""C"", ""C"", ""C"", ""Br"", ""C"", ""Cl"", ""C"", ""Br"", ""C"", ""H"", ""H""]",C24H8Br8Cl4F4,"[true, true, true]","[10.994853439109328, 0.0, 0.0, 0.0, 8.50454399175996, 0.0, 6.059994892649511, 0.0, 13.694342685481752]",1280.5061480889772,[],"{""cutoff=6.000_skin=0.000"": 1416, ""cutoff=6.000_skin=0.500"": 1884}",0.0,,
OPT-RFT-SOXLEX48-R512-v1,7157da7c8384b8258ca02f46774c12c53148908357151f22a621bec141f2564b,OPT-RFT-SOXLEX48-R512-v1:0248,SOXLEX_C1_14_1776_z1_12,0e66ac06e8ca2b3a2fd041bce61a57b519c90cda9c13c4034694987f2b09a3d5,248,cross_family_test_set,SOXLEX/structures/SOXLEX_C1_14_1776_z1_12.cif,e4bb2e3bd7229a620c5f084d08c16a35f3e6b745bfdcbeb045965c9e4bf4b920,0e66ac06e8ca2b3a2fd041bce61a57b519c90cda9c13c4034694987f2b09a3d5,0,48,"[""F"", ""C"", ""C"", ""C"", ""Br"", ""C"", ""Cl"", ""C"", ""Br"", ""C"", ""H"", ""H"", ""F"", ""C"", ""C"", ""C"", ""Br"", ""C"", ""Cl"", ""C"", ""Br"", ""C"", ""H"", ""H"", ""F"", ""C"", ""C"", ""C"", ""Br"", ""C"", ""Cl"", ""C"", ""Br"", ""C"", ""H"", ""H"", ""F"", ""C"", ""C"", ""C"", ""Br"", ""C"", ""Cl"", ""C"", ""Br"", ""C"", ""H"", ""H""]",C24H8Br8Cl4F4,"[true, true, true]","[12.503027989224911, 0.0, 0.0, 0.0, 8.241800200722956, 0.0, -1.849642431811784, 0.0, 14.686358919137767]",1513.391962575915,[],"{""cutoff=6.000_skin=0.000"": 1420, ""cutoff=6.000_skin=0.500"": 1776}",0.0,,
OPT-RFT-SOXLEX48-R512-v1,7157da7c8384b8258ca02f46774c12c53148908357151f22a621bec141f2564b,OPT-RFT-SOXLEX48-R512-v1:0249,SOXLEX_C1_14_4111_z1_12,f6cceee4abd49e142d00483bb37c9ee51f2d3e7847bcfbc371bff6a5d9ac8175,249,cross_family_test_set,SOXLEX/structures/SOXLEX_C1_14_4111_z1_12.cif,722ac0b9296720e60ba9209a7e0c6fcb96653e823e7c7f516668a4d969af2721,f6cceee4abd49e142d00483bb37c9ee51f2d3e7847bcfbc371bff6a5d9ac8175,0,48,"[""F"", ""C"", ""C"", ""C"", ""Br"", ""C"", ""Cl"", ""C"", ""Br"", ""C"", ""H"", ""H"", ""F"", ""C"", ""C"", ""C"", ""Br"", ""C"", ""Cl"", ""C"", ""Br"", ""C"", ""H"", ""H"", ""F"", ""C"", ""C"", ""C"", ""Br"", ""C"", ""Cl"", ""C"", ""Br"", ""C"", ""H"", ""H"", ""F"", ""C"", ""C"", ""C"", ""Br"", ""C"", ""Cl"", ""C"", ""Br"", ""C"", ""H"", ""H""]",C24H8Br8Cl4F4,"[true, true, true]","[10.000025308988171, 0.0, 0.0, 0.0, 12.365418040603153, 0.0, -4.782977229789636, 0.0, 11.543525810846551]",1427.4088357542923,[],"{""cutoff=6.000_skin=0.000"": 1420, ""cutoff=6.000_skin=0.500"": 1628}",0.0,,
OPT-RFT-SOXLEX48-R512-v1,7157da7c8384b8258ca02f46774c12c53148908357151f22a621bec141f2564b,OPT-RFT-SOXLEX48-R512-v1:0250,SOXLEX_C1_14_647_z1_12,bd2b40aab98050c8d4a8b3f3b3b96be48be8771a62bd5b8430567fd5e9aa5350,250,cross_family_test_set,SOXLEX/structures/SOXLEX_C1_14_647_z1_12.cif,55e904bf70db379e1c8f57b69b24ec5bfb7c2c146d61cc80441d9711c6085a24,bd2b40aab98050c8d4a8b3f3b3b96be48be8771a62bd5b8430567fd5e9aa5350,0,48,"[""F"", ""C"", ""C"", ""C"", ""Br"", ""C"", ""Cl"", ""C"", ""Br"", ""C"", ""H"", ""H"", ""F"", ""C"", ""C"", ""C"", ""Br"", ""C"", ""Cl"", ""C"", ""Br"", ""C"", ""H"", ""H"", ""F"", ""C"", ""C"", ""C"", ""Br"", ""C"", ""Cl"", ""C"", ""Br"", ""C"", ""H"", ""H"", ""F"", ""C"", ""C"", ""C"", ""Br"", ""C"", ""Cl"", ""C"", ""Br"", ""C"", ""H"", ""H""]",C24H8Br8Cl4F4,"[true, true, true]","[10.279553184065215, 0.0, 0.0, 0.0, 10.081140710332761, 0.0, 5.204658446506552, 0.0, 13.878562443311562]",1438.2301811238458,[],"{""cutoff=6.000_skin=0.000"": 1420, ""cutoff=6.000_skin=0.500"": 1700}",0.0,,
OPT-RFT-SOXLEX48-R512-v1,7157da7c8384b8258ca02f46774c12c53148908357151f22a621bec141f2564b,OPT-RFT-SOXLEX48-R512-v1:0251,SOXLEX_C1_14_3881_z1_12,22b5406350ca95eeecf2ddabf9ac5a9c5e53cc36d55b0b625f3e46342e71c812,251,cross_family_test_set,SOXLEX/structures/SOXLEX_C1_14_3881_z1_12.cif,01439d500dce42f78f789fcd8f0d896da47fccf43e1cd04b6a292ec9c08a118a,22b5406350ca95eeecf2ddabf9ac5a9c5e53cc36d55b0b625f3e46342e71c812,0,48,"[""F"", ""C"", ""C"", ""C"", ""Br"", ""C"", ""Cl"", ""C"", ""Br"", ""C"", ""H"", ""H"", ""F"", ""C"", ""C"", ""C"", ""Br"", ""C"", ""Cl"", ""C"", ""Br"", ""C"", ""H"", ""H"", ""F"", ""C"", ""C"", ""C"", ""Br"", ""C"", ""Cl"", ""C"", ""Br"", ""C"", ""H"", ""H"", ""F"", ""C"", ""C"", ""C"", ""Br"", ""C"", ""Cl"", ""C"", ""Br"", ""C"", ""H"", ""H""]",C24H8Br8Cl4F4,"[true, true, true]","[6.0898214440788685, 0.0, 0.0, 0.0, 8.369526755642324, 0.0, -10.160719667329591, 0.0, 24.978416918143015]",1273.1230213842114,[],"{""cutoff=6.000_skin=0.000"": 1424, ""cutoff=6.000_skin=0.500"": 2028}",0.0,,
OPT-RFT-SOXLEX48-R512-v1,7157da7c8384b8258ca02f46774c12c53148908357151f22a621bec141f2564b,OPT-RFT-SOXLEX48-R512-v1:0252,SOXLEX_C1_14_182_z1_12,900ace5dba53ade5a1abd110e94815a5f5a9874cfb2cad9f650d49b2e32cdfdd,252,cross_family_test_set,SOXLEX/structures/SOXLEX_C1_14_182_z1_12.cif,e15eb67b1564bcade72052cca536c8012dcdf24c86cccc68ae58a28ce972b3e7,900ace5dba53ade5a1abd110e94815a5f5a9874cfb2cad9f650d49b2e32cdfdd,0,48,"[""F"", ""C"", ""C"", ""C"", ""Br"", ""C"", ""Cl"", ""C"", ""Br"", ""C"", ""H"", ""H"", ""F"", ""C"", ""C"", ""C"", ""Br"", ""C"", ""Cl"", ""C"", ""Br"", ""C"", ""H"", ""H"", ""F"", ""C"", ""C"", ""C"", ""Br"", ""C"", ""Cl"", ""C"", ""Br"", ""C"", ""H"", ""H"", ""F"", ""C"", ""C"", ""C"", ""Br"", ""C"", ""Cl"", ""C"", ""Br"", ""C"", ""H"", ""H""]",C24H8Br8Cl4F4,"[true, true, true]","[9.388393116215923, 0.0, 0.0, 0.0, 10.86921817412335, 0.0, -8.221770826146894, 0.0, 12.309409060749761]",1256.1074077750516,[],"{""cutoff=6.000_skin=0.000"": 1428, ""cutoff=6.000_skin=0.500"": 1948}",0.0,,
OPT-RFT-SOXLEX48-R512-v1,7157da7c8384b8258ca02f46774c12c53148908357151f22a621bec141f2564b,OPT-RFT-SOXLEX48-R512-v1:0253,SOXLEX_C1_14_269_z1_12,26a807f53347a0b91b7c41c1c13922b5617d84c87d43d424f38df60aec0946e4,253,cross_family_test_set,SOXLEX/structures/SOXLEX_C1_14_269_z1_12.cif,080dcdca71394da62cd8c6d6a6cf0c4ba8418db1e50603ef27fd8dcbe104f330,26a807f53347a0b91b7c41c1c13922b5617d84c87d43d424f38df60aec0946e4,0,48,"[""F"", ""C"", ""C"", ""C"", ""Br"", ""C"", ""Cl"", ""C"", ""Br"", ""C"", ""H"", ""H"", ""F"", ""C"", ""C"", ""C"", ""Br"", ""C"", ""Cl"", ""C"", ""Br"", ""C"", ""H"", ""H"", ""F"", ""C"", ""C"", ""C"", ""Br"", ""C"", ""Cl"", ""C"", ""Br"", ""C"", ""H"", ""H"", ""F"", ""C"", ""C"", ""C"", ""Br"", ""C"", ""Cl"", ""C"", ""Br"", ""C"", ""H"", ""H""]",C24H8Br8Cl4F4,"[true, true, true]","[10.340155783403155, 0.0, 0.0, 0.0, 12.24185201502003, 0.0, -1.941539989869389, 0.0, 10.849648332877889]",1373.3773125438577,[],"{""cutoff=6.000_skin=0.000"": 1428, ""cutoff=6.000_skin=0.500"": 1752}",0.0,,
OPT-RFT-SOXLEX48-R512-v1,7157da7c8384b8258ca02f46774c12c53148908357151f22a621bec141f2564b,OPT-RFT-SOXLEX48-R512-v1:0254,SOXLEX_C1_14_4640_z1_12,e6c44f356740892029fcf8c89f501b35238297c8314c02334cf584852287e077,254,cross_family_test_set,SOXLEX/structures/SOXLEX_C1_14_4640_z1_12.cif,a16745e8a51738f96b6380de3d132ae2882afb17b502f5d5656a1636570fda6e,e6c44f356740892029fcf8c89f501b35238297c8314c02334cf584852287e077,0,48,"[""F"", ""C"", ""C"", ""C"", ""Br"", ""C"", ""Cl"", ""C"", ""Br"", ""C"", ""H"", ""H"", ""F"", ""C"", ""C"", ""C"", ""Br"", ""C"", ""Cl"", ""C"", ""Br"", ""C"", ""H"", ""H"", ""F"", ""C"", ""C"", ""C"", ""Br"", ""C"", ""Cl"", ""C"", ""Br"", ""C"", ""H"", ""H"", ""F"", ""C"", ""C"", ""C"", ""Br"", ""C"", ""Cl"", ""C"", ""Br"", ""C"", ""H"", ""H""]",C24H8Br8Cl4F4,"[true, true, true]","[9.472779079011815, 0.0, 0.0, 0.0, 12.403129448855246, 0.0, -0.2701825184855489, 0.0, 12.486838518519878]",1467.1049443013026,[],"{""cutoff=6.000_skin=0.000"": 1428, ""cutoff=6.000_skin=0.500"": 1672}",0.0,,
OPT-RFT-SOXLEX48-R512-v1,7157da7c8384b8258ca02f46774c12c53148908357151f22a621bec141f2564b,OPT-RFT-SOXLEX48-R512-v1:0255,SOXLEX_C1_14_292_z1_12,8523d9e6023405515588d178b31358b3b5363342165f939555c41233baa340fe,255,cross_family_test_set,SOXLEX/structures/SOXLEX_C1_14_292_z1_12.cif,6d5d50f492172edec76ef86cc9e4d98dbb0843aa80e2ec2692657a4d64204a28,8523d9e6023405515588d178b31358b3b5363342165f939555c41233baa340fe,0,48,"[""F"", ""C"", ""C"", ""C"", ""Br"", ""C"", ""Cl"", ""C"", ""Br"", ""C"", ""H"", ""H"", ""F"", ""C"", ""C"", ""C"", ""Br"", ""C"", ""Cl"", ""C"", ""Br"", ""C"", ""H"", ""H"", ""F"", ""C"", ""C"", ""C"", ""Br"", ""C"", ""Cl"", ""C"", ""Br"", ""C"", ""H"", ""H"", ""F"", ""C"", ""C"", ""C"", ""Br"", ""C"", ""Cl"", ""C"", ""Br"", ""C"", ""H"", ""H""]",C24H8Br8Cl4F4,"[true, true, true]","[8.900507626974274, 0.0, 0.0, 0.0, 9.067844808731422, 0.0, 2.153185512476775, 0.0, 17.9540363389694]",1449.0419393003733,[],"{""cutoff=6.000_skin=0.000"": 1432, ""cutoff=6.000_skin=0.500"": 1760}",0.0,,
OPT-RFT-SOXLEX48-R512-v1,7157da7c8384b8258ca02f46774c12c53148908357151f22a621bec141f2564b,OPT-RFT-SOXLEX48-R512-v1:0256,SOXLEX_C1_14_1041_z1_12,d83a73c894b354bc878ca5fa33833377df69dbff8ef2b0f4cba3ab480dffb0df,256,cross_family_test_set,SOXLEX/structures/SOXLEX_C1_14_1041_z1_12.cif,a94d8bcf4569d7a0f3af28428efcc2cbae207423f9c1f07177e46414b54dce12,d83a73c894b354bc878ca5fa33833377df69dbff8ef2b0f4cba3ab480dffb0df,0,48,"[""F"", ""C"", ""C"", ""C"", ""Br"", ""C"", ""Cl"", ""C"", ""Br"", ""C"", ""H"", ""H"", ""F"", ""C"", ""C"", ""C"", ""Br"", ""C"", ""Cl"", ""C"", ""Br"", ""C"", ""H"", ""H"", ""F"", ""C"", ""C"", ""C"", ""Br"", ""C"", ""Cl"", ""C"", ""Br"", ""C"", ""H"", ""H"", ""F"", ""C"", ""C"", ""C"", ""Br"", ""C"", ""Cl"", ""C"", ""Br"", ""C"", ""H"", ""H""]",C24H8Br8Cl4F4,"[true, true, true]","[10.361000214260962, 0.0, 0.0, 0.0, 7.771135091222563, 0.0, -2.6535304126608064, 0.0, 15.463845477142911]",1245.0983073107693,[],"{""cutoff=6.000_skin=0.000"": 1436, ""cutoff=6.000_skin=0.500"": 1936}",0.0,,
OPT-RFT-SOXLEX48-R512-v1,7157da7c8384b8258ca02f46774c12c53148908357151f22a621bec141f2564b,OPT-RFT-SOXLEX48-R512-v1:0257,SOXLEX_C1_14_317_z1_12,771f1dc227eb6edb1c6989001d1d5e3178b4ff9961e334c7c38ed362ae821a5d,257,cross_family_test_set,SOXLEX/structures/SOXLEX_C1_14_317_z1_12.cif,5181594763985417a0cd9c8025d2af1f97f26b2b277b46ea1f2c965c30810981,771f1dc227eb6edb1c6989001d1d5e3178b4ff9961e334c7c38ed362ae821a5d,0,48,"[""F"", ""C"", ""C"", ""C"", ""Br"", ""C"", ""Cl"", ""C"", ""Br"", ""C"", ""H"", ""H"", ""F"", ""C"", ""C"", ""C"", ""Br"", ""C"", ""Cl"", ""C"", ""Br"", ""C"", ""H"", ""H"", ""F"", ""C"", ""C"", ""C"", ""Br"", ""C"", ""Cl"", ""C"", ""Br"", ""C"", ""H"", ""H"", ""F"", ""C"", ""C"", ""C"", ""Br"", ""C"", ""Cl"", ""C"", ""Br"", ""C"", ""H"", ""H""]",C24H8Br8Cl4F4,"[true, true, true]","[11.227016559277217, 0.0, 0.0, 0.0, 9.373195396553243, 0.0, -10.087990945527164, 0.0, 12.438657523648821]",1308.9574950941064,[],"{""cutoff=6.000_skin=0.000"": 1436, ""cutoff=6.000_skin=0.500"": 1880}",0.0,,
OPT-RFT-SOXLEX48-R512-v1,7157da7c8384b8258ca02f46774c12c53148908357151f22a621bec141f2564b,OPT-RFT-SOXLEX48-R512-v1:0258,SOXLEX_C1_14_815_z1_12,481531d4fb69a914fbae5307e86fee25252549730fb120a28f08e79b04977f42,258,cross_family_test_set,SOXLEX/structures/SOXLEX_C1_14_815_z1_12.cif,d4f88b93e5f2332ac141d82d59420cd680fa4af53f162ae4add2b227d13fac0d,481531d4fb69a914fbae5307e86fee25252549730fb120a28f08e79b04977f42,0,48,"[""F"", ""C"", ""C"", ""C"", ""Br"", ""C"", ""Cl"", ""C"", ""Br"", ""C"", ""H"", ""H"", ""F"", ""C"", ""C"", ""C"", ""Br"", ""C"", ""Cl"", ""C"", ""Br"", ""C"", ""H"", ""H"", ""F"", ""C"", ""C"", ""C"", ""Br"", ""C"", ""Cl"", ""C"", ""Br"", ""C"", ""H"", ""H"", ""F"", ""C"", ""C"", ""C"", ""Br"", ""C"", ""Cl"", ""C"", ""Br"", ""C"", ""H"", ""H""]",C24H8Br8Cl4F4,"[true, true, true]","[7.165398987105402, 0.0, 0.0, 0.0, 10.581684328134301, 0.0, -3.764328097886422, 0.0, 17.799612336193718]",1349.6020315256433,[],"{""cutoff=6.000_skin=0.000"": 1436, ""cutoff=6.000_skin=0.500"": 1852}",0.0,,
OPT-RFT-SOXLEX48-R512-v1,7157da7c8384b8258ca02f46774c12c53148908357151f22a621bec141f2564b,OPT-RFT-SOXLEX48-R512-v1:0259,SOXLEX_C1_14_1636_z1_12,217942a30ae61016283e996779cc3fc78a6627d747091da276c0b1035127d136,259,cross_family_test_set,SOXLEX/structures/SOXLEX_C1_14_1636_z1_12.cif,33bf50314ac757454776cf2cdd106a5a7794abb21a47483dd24b30b53b8fead7,217942a30ae61016283e996779cc3fc78a6627d747091da276c0b1035127d136,0,48,"[""F"", ""C"", ""C"", ""C"", ""Br"", ""C"", ""Cl"", ""C"", ""Br"", ""C"", ""H"", ""H"", ""F"", ""C"", ""C"", ""C"", ""Br"", ""C"", ""Cl"", ""C"", ""Br"", ""C"", ""H"", ""H"", ""F"", ""C"", ""C"", ""C"", ""Br"", ""C"", ""Cl"", ""C"", ""Br"", ""C"", ""H"", ""H"", ""F"", ""C"", ""C"", ""C"", ""Br"", ""C"", ""Cl"", ""C"", ""Br"", ""C"", ""H"", ""H""]",C24H8Br8Cl4F4,"[true, true, true]","[12.014554894214069, 0.0, 0.0, 0.0, 10.382648000317019, 0.0, 1.90394802402989, 0.0, 11.016514772782577]",1374.2319383746017,[],"{""cutoff=6.000_skin=0.000"": 1440, ""cutoff=6.000_skin=0.500"": 1888}",0.0,,
OPT-RFT-SOXLEX48-R512-v1,7157da7c8384b8258ca02f46774c12c53148908357151f22a621bec141f2564b,OPT-RFT-SOXLEX48-R512-v1:0260,SOXLEX_C1_14_197_z1_12,4436820428bf65bec3db3436fba42573df85be513bdca73b19afdb4377787a8f,260,cross_family_test_set,SOXLEX/structures/SOXLEX_C1_14_197_z1_12.cif,8093f3c5d864dba06c2a9cb1c1636b471a8bbdf2eef33c027d2153e0ecf8be75,4436820428bf65bec3db3436fba42573df85be513bdca73b19afdb4377787a8f,0,48,"[""F"", ""C"", ""C"", ""C"", ""Br"", ""C"", ""Cl"", ""C"", ""Br"", ""C"", ""H"", ""H"", ""F"", ""C"", ""C"", ""C"", ""Br"", ""C"", ""Cl"", ""C"", ""Br"", ""C"", ""H"", ""H"", ""F"", ""C"", ""C"", ""C"", ""Br"", ""C"", ""Cl"", ""C"", ""Br"", ""C"", ""H"", ""H"", ""F"", ""C"", ""C"", ""C"", ""Br"", ""C"", ""Cl"", ""C"", ""Br"", ""C"", ""H"", ""H""]",C24H8Br8Cl4F4,"[true, true, true]","[10.974865025501913, 0.0, 0.0, 0.0, 10.275847896587614, 0.0, 0.23770022596242987, 0.0, 13.140867089901606]",1481.975001024172,[],"{""cutoff=6.000_skin=0.000"": 1440, ""cutoff=6.000_skin=0.500"": 1720}",0.0,,
OPT-RFT-SOXLEX48-R512-v1,7157da7c8384b8258ca02f46774c12c53148908357151f22a621bec141f2564b,OPT-RFT-SOXLEX48-R512-v1:0261,SOXLEX_C1_14_2997_z1_12,5dd0381a8e1326630702b88fa4b2ed61c806cbd0491151a6b56e6b994961b1fd,261,cross_family_test_set,SOXLEX/structures/SOXLEX_C1_14_2997_z1_12.cif,f9227d248beb9394ddf7b7c626c2fe5cdb0a64553fc85ef970c4c9bbb7552fd2,5dd0381a8e1326630702b88fa4b2ed61c806cbd0491151a6b56e6b994961b1fd,0,48,"[""F"", ""C"", ""C"", ""C"", ""Br"", ""C"", ""Cl"", ""C"", ""Br"", ""C"", ""H"", ""H"", ""F"", ""C"", ""C"", ""C"", ""Br"", ""C"", ""Cl"", ""C"", ""Br"", ""C"", ""H"", ""H"", ""F"", ""C"", ""C"", ""C"", ""Br"", ""C"", ""Cl"", ""C"", ""Br"", ""C"", ""H"", ""H"", ""F"", ""C"", ""C"", ""C"", ""Br"", ""C"", ""Cl"", ""C"", ""Br"", ""C"", ""H"", ""H""]",C24H8Br8Cl4F4,"[true, true, true]","[15.235425033173154, 0.0, 0.0, 0.0, 19.59558630651324, 0.0, 0.5346767582839633, 0.0, 5.9271047817240765]",1769.5198619129087,[],"{""cutoff=6.000_skin=0.000"": 1440, ""cutoff=6.000_skin=0.500"": 1920}",0.0,,
OPT-RFT-SOXLEX48-R512-v1,7157da7c8384b8258ca02f46774c12c53148908357151f22a621bec141f2564b,OPT-RFT-SOXLEX48-R512-v1:0262,SOXLEX_C1_14_2744_z1_12,517c826a25d6feec8e58c2234673d4b63237a4a1507a0e829a80425365b87e41,262,cross_family_test_set,SOXLEX/structures/SOXLEX_C1_14_2744_z1_12.cif,2a7653a447768ecbf560b1b2e7406f76de8a7f3289895a14d405a96da6f6e076,517c826a25d6feec8e58c2234673d4b63237a4a1507a0e829a80425365b87e41,0,48,"[""F"", ""C"", ""C"", ""C"", ""Br"", ""C"", ""Cl"", ""C"", ""Br"", ""C"", ""H"", ""H"", ""F"", ""C"", ""C"", ""C"", ""Br"", ""C"", ""Cl"", ""C"", ""Br"", ""C"", ""H"", ""H"", ""F"", ""C"", ""C"", ""C"", ""Br"", ""C"", ""Cl"", ""C"", ""Br"", ""C"", ""H"", ""H"", ""F"", ""C"", ""C"", ""C"", ""Br"", ""C"", ""Cl"", ""C"", ""Br"", ""C"", ""H"", ""H""]",C24H8Br8Cl4F4,"[true, true, true]","[11.0474779134761, 0.0, 0.0, 0.0, 10.803796585560846, 0.0, -3.0438932939399304, 0.0, 10.92679156685346]",1304.1639748871198,[],"{""cutoff=6.000_skin=0.000"": 1444, ""cutoff=6.000_skin=0.500"": 1908}",0.0,,
OPT-RFT-SOXLEX48-R512-v1,7157da7c8384b8258ca02f46774c12c53148908357151f22a621bec141f2564b,OPT-RFT-SOXLEX48-R512-v1:0263,SOXLEX_C1_14_680_z1_12,f70cd0de866e5f5a21acd38d3745701f88a891b7b9af7962263d899379e746a7,263,cross_family_test_set,SOXLEX/structures/SOXLEX_C1_14_680_z1_12.cif,2a43c47ab1fd629cf25a98b43614ceb8ac34835109babbd2d122801937e8b0ce,f70cd0de866e5f5a21acd38d3745701f88a891b7b9af7962263d899379e746a7,0,48,"[""F"", ""C"", ""C"", ""C"", ""Br"", ""C"", ""Cl"", ""C"", ""Br"", ""C"", ""H"", ""H"", ""F"", ""C"", ""C"", ""C"", ""Br"", ""C"", ""Cl"", ""C"", ""Br"", ""C"", ""H"", ""H"", ""F"", ""C"", ""C"", ""C"", ""Br"", ""C"", ""Cl"", ""C"", ""Br"", ""C"", ""H"", ""H"", ""F"", ""C"", ""C"", ""C"", ""Br"", ""C"", ""Cl"", ""C"", ""Br"", ""C"", ""H"", ""H""]",C24H8Br8Cl4F4,"[true, true, true]","[9.040496809847298, 0.0, 0.0, 0.0, 16.751460520106818, 0.0, 4.800824565293152, 0.0, 9.067562255034293]",1373.205459492116,[],"{""cutoff=6.000_skin=0.000"": 1444, ""cutoff=6.000_skin=0.500"": 1788}",0.0,,
OPT-RFT-SOXLEX48-R512-v1,7157da7c8384b8258ca02f46774c12c53148908357151f22a621bec141f2564b,OPT-RFT-SOXLEX48-R512-v1:0264,SOXLEX_C1_14_2681_z1_12,b7252db99ef23068031edd24885ad1795f9216719452c24ea12bc9e0f7a435dd,264,cross_family_test_set,SOXLEX/structures/SOXLEX_C1_14_2681_z1_12.cif,170a7b6683defc14e525eb9199f7ccaa024db3761315d359fe1f25d1ce1cbec9,b7252db99ef23068031edd24885ad1795f9216719452c24ea12bc9e0f7a435dd,0,48,"[""F"", ""C"", ""C"", ""C"", ""Br"", ""C"", ""Cl"", ""C"", ""Br"", ""C"", ""H"", ""H"", ""F"", ""C"", ""C"", ""C"", ""Br"", ""C"", ""Cl"", ""C"", ""Br"", ""C"", ""H"", ""H"", ""F"", ""C"", ""C"", ""C"", ""Br"", ""C"", ""Cl"", ""C"", ""Br"", ""C"", ""H"", ""H"", ""F"", ""C"", ""C"", ""C"", ""Br"", ""C"", ""Cl"", ""C"", ""Br"", ""C"", ""H"", ""H""]",C24H8Br8Cl4F4,"[true, true, true]","[9.73014718416453, 0.0, 0.0, 0.0, 9.683934285888192, 0.0, -4.671527878722764, 0.0, 14.823476248105376]",1396.7584431080097,[],"{""cutoff=6.000_skin=0.000"": 1448, ""cutoff=6.000_skin=0.500"": 1732}",0.0,,
OPT-RFT-SOXLEX48-R512-v1,7157da7c8384b8258ca02f46774c12c53148908357151f22a621bec141f2564b,OPT-RFT-SOXLEX48-R512-v1:0265,SOXLEX_C1_14_4490_z1_12,839b0c5258feb86ae0c42987c3e4dcda82df459206f5d6d58e25deea6821ab00,265,cross_family_test_set,SOXLEX/structures/SOXLEX_C1_14_4490_z1_12.cif,767fa6fc6595749238cfec17ebbea635f8495900c066a4ed5fb9915ea993ce7d,839b0c5258feb86ae0c42987c3e4dcda82df459206f5d6d58e25deea6821ab00,0,48,"[""F"", ""C"", ""C"", ""C"", ""Br"", ""C"", ""Cl"", ""C"", ""Br"", ""C"", ""H"", ""H"", ""F"", ""C"", ""C"", ""C"", ""Br"", ""C"", ""Cl"", ""C"", ""Br"", ""C"", ""H"", ""H"", ""F"", ""C"", ""C"", ""C"", ""Br"", ""C"", ""Cl"", ""C"", ""Br"", ""C"", ""H"", ""H"", ""F"", ""C"", ""C"", ""C"", ""Br"", ""C"", ""Cl"", ""C"", ""Br"", ""C"", ""H"", ""H""]",C24H8Br8Cl4F4,"[true, true, true]","[9.248567572550474, 0.0, 0.0, 0.0, 10.63162368966167, 0.0, -5.24380021408075, 0.0, 13.73632170388381]",1350.655289081472,[],"{""cutoff=6.000_skin=0.000"": 1448, ""cutoff=6.000_skin=0.500"": 1772}",0.0,,
OPT-RFT-SOXLEX48-R512-v1,7157da7c8384b8258ca02f46774c12c53148908357151f22a621bec141f2564b,OPT-RFT-SOXLEX48-R512-v1:0266,SOXLEX_C1_14_2694_z1_12,662ada9d2d8ae95700b7abdf025979678e7d71b8589c322678e5c3a338c3e1db,266,cross_family_test_set,SOXLEX/structures/SOXLEX_C1_14_2694_z1_12.cif,328940bde32bf793d69a39877a29937bdecb3c4c4a0d40b7d7890a458dcf56d7,662ada9d2d8ae95700b7abdf025979678e7d71b8589c322678e5c3a338c3e1db,0,48,"[""F"", ""C"", ""C"", ""C"", ""Br"", ""C"", ""Cl"", ""C"", ""Br"", ""C"", ""H"", ""H"", ""F"", ""C"", ""C"", ""C"", ""Br"", ""C"", ""Cl"", ""C"", ""Br"", ""C"", ""H"", ""H"", ""F"", ""C"", ""C"", ""C"", ""Br"", ""C"", ""Cl"", ""C"", ""Br"", ""C"", ""H"", ""H"", ""F"", ""C"", ""C"", ""C"", ""Br"", ""C"", ""Cl"", ""C"", ""Br"", ""C"", ""H"", ""H""]",C24H8Br8Cl4F4,"[true, true, true]","[8.951027574055349, 0.0, 0.0, 0.0, 12.77153211276963, 0.0, 4.67044423422044, 0.0, 10.74433586715094]",1228.2745988788172,[],"{""cutoff=6.000_skin=0.000"": 1452, ""cutoff=6.000_skin=0.500"": 1900}",0.0,,
OPT-RFT-SOXLEX48-R512-v1,7157da7c8384b8258ca02f46774c12c53148908357151f22a621bec141f2564b,OPT-RFT-SOXLEX48-R512-v1:0267,SOXLEX_C1_14_4520_z1_12,08d7487716ad795101bc5ce036c49c17d94e7165ea190f80227c6abb4d0a81f6,267,cross_family_test_set,SOXLEX/structures/SOXLEX_C1_14_4520_z1_12.cif,24f39240e39c2071ba1bca25655de3c7b621066f6c2712dee8618cf5408a9998,08d7487716ad795101bc5ce036c49c17d94e7165ea190f80227c6abb4d0a81f6,0,48,"[""F"", ""C"", ""C"", ""C"", ""Br"", ""C"", ""Cl"", ""C"", ""Br"", ""C"", ""H"", ""H"", ""F"", ""C"", ""C"", ""C"", ""Br"", ""C"", ""Cl"", ""C"", ""Br"", ""C"", ""H"", ""H"", ""F"", ""C"", ""C"", ""C"", ""Br"", ""C"", ""Cl"", ""C"", ""Br"", ""C"", ""H"", ""H"", ""F"", ""C"", ""C"", ""C"", ""Br"", ""C"", ""Cl"", ""C"", ""Br"", ""C"", ""H"", ""H""]",C24H8Br8Cl4F4,"[true, true, true]","[6.353496506461752, 0.0, 0.0, 0.0, 12.463719273714297, 0.0, 7.6915560629603625, 0.0, 14.774534635293913]",1169.968757259808,[],"{""cutoff=6.000_skin=0.000"": 1452, ""cutoff=6.000_skin=0.500"": 2204}",0.0,,
OPT-RFT-SOXLEX48-R512-v1,7157da7c8384b8258ca02f46774c12c53148908357151f22a621bec141f2564b,OPT-RFT-SOXLEX48-R512-v1:0268,SOXLEX_C1_14_1925_z1_12,2948925347abd58c02d3f7eb8db5be73269bbc2d5062644d5e157069d8aef999,268,cross_family_test_set,SOXLEX/structures/SOXLEX_C1_14_1925_z1_12.cif,9bbbb4eb83fa8df59917245af7224d878ff3820bdebaa6c197bd41ad4bb27e35,2948925347abd58c02d3f7eb8db5be73269bbc2d5062644d5e157069d8aef999,0,48,"[""F"", ""C"", ""C"", ""C"", ""Br"", ""C"", ""Cl"", ""C"", ""Br"", ""C"", ""H"", ""H"", ""F"", ""C"", ""C"", ""C"", ""Br"", ""C"", ""Cl"", ""C"", ""Br"", ""C"", ""H"", ""H"", ""F"", ""C"", ""C"", ""C"", ""Br"", ""C"", ""Cl"", ""C"", ""Br"", ""C"", ""H"", ""H"", ""F"", ""C"", ""C"", ""C"", ""Br"", ""C"", ""Cl"", ""C"", ""Br"", ""C"", ""H"", ""H""]",C24H8Br8Cl4F4,"[true, true, true]","[9.514482571183446, 0.0, 0.0, 0.0, 10.179172714063673, 0.0, -0.3672402305031716, 0.0, 13.479532264422788]",1305.4867873768028,[],"{""cutoff=6.000_skin=0.000"": 1456, ""cutoff=6.000_skin=0.500"": 1880}",0.0,,
OPT-RFT-SOXLEX48-R512-v1,7157da7c8384b8258ca02f46774c12c53148908357151f22a621bec141f2564b,OPT-RFT-SOXLEX48-R512-v1:0269,SOXLEX_C1_14_3051_z1_12,c2aa779a2c60edebec5c4041499faa0e479ed49c08e7f2ea9a939871d3cd9403,269,cross_family_test_set,SOXLEX/structures/SOXLEX_C1_14_3051_z1_12.cif,0a7bd25b2884f8acc1905e1c9da8a47a715c854d21f54cd217c4998bfb3b0afc,c2aa779a2c60edebec5c4041499faa0e479ed49c08e7f2ea9a939871d3cd9403,0,48,"[""F"", ""C"", ""C"", ""C"", ""Br"", ""C"", ""Cl"", ""C"", ""Br"", ""C"", ""H"", ""H"", ""F"", ""C"", ""C"", ""C"", ""Br"", ""C"", ""Cl"", ""C"", ""Br"", ""C"", ""H"", ""H"", ""F"", ""C"", ""C"", ""C"", ""Br"", ""C"", ""Cl"", ""C"", ""Br"", ""C"", ""H"", ""H"", ""F"", ""C"", ""C"", ""C"", ""Br"", ""C"", ""Cl"", ""C"", ""Br"", ""C"", ""H"", ""H""]",C24H8Br8Cl4F4,"[true, true, true]","[12.302018949729103, 0.0, 0.0, 0.0, 6.636260144999575, 0.0, -0.9396380718283742, 0.0, 14.774009561861137]",1206.141247549979,[],"{""cutoff=6.000_skin=0.000"": 1456, ""cutoff=6.000_skin=0.500"": 1956}",0.0,,
OPT-RFT-SOXLEX48-R512-v1,7157da7c8384b8258ca02f46774c12c53148908357151f22a621bec141f2564b,OPT-RFT-SOXLEX48-R512-v1:0270,SOXLEX_C1_14_1278_z1_12,18eba17b0d4d6fc2c40b20c921878355487edc1bd00fa7ee739c38fd67db462f,270,cross_family_test_set,SOXLEX/structures/SOXLEX_C1_14_1278_z1_12.cif,ac333ef5f031eaac1312e37a809bb9c2ba4f1cae3f5086ebdf58f80602a75465,18eba17b0d4d6fc2c40b20c921878355487edc1bd00fa7ee739c38fd67db462f,0,48,"[""F"", ""C"", ""C"", ""C"", ""Br"", ""C"", ""Cl"", ""C"", ""Br"", ""C"", ""H"", ""H"", ""F"", ""C"", ""C"", ""C"", ""Br"", ""C"", ""Cl"", ""C"", ""Br"", ""C"", ""H"", ""H"", ""F"", ""C"", ""C"", ""C"", ""Br"", ""C"", ""Cl"", ""C"", ""Br"", ""C"", ""H"", ""H"", ""F"", ""C"", ""C"", ""C"", ""Br"", ""C"", ""Cl"", ""C"", ""Br"", ""C"", ""H"", ""H""]",C24H8Br8Cl4F4,"[true, true, true]","[10.053248056090524, 0.0, 0.0, 0.0, 11.039086456286512, 0.0, -7.858785329480731, 0.0, 11.913287488978886]",1322.1208539601114,[],"{""cutoff=6.000_skin=0.000"": 1460, ""cutoff=6.000_skin=0.500"": 1828}",0.0,,
OPT-RFT-SOXLEX48-R512-v1,7157da7c8384b8258ca02f46774c12c53148908357151f22a621bec141f2564b,OPT-RFT-SOXLEX48-R512-v1:0271,SOXLEX_C1_14_3624_z1_12,b65d92b0095ade2872daa1cbc689b1fc2a8b4f96bb0b9ea7fb8a53b32c029d4c,271,cross_family_test_set,SOXLEX/structures/SOXLEX_C1_14_3624_z1_12.cif,6a87f73cbb48536592cb2fb6aeb7c4d92da35a5957a3cf968b799590cd6ca8d2,b65d92b0095ade2872daa1cbc689b1fc2a8b4f96bb0b9ea7fb8a53b32c029d4c,0,48,"[""F"", ""C"", ""C"", ""C"", ""Br"", ""C"", ""Cl"", ""C"", ""Br"", ""C"", ""H"", ""H"", ""F"", ""C"", ""C"", ""C"", ""Br"", ""C"", ""Cl"", ""C"", ""Br"", ""C"", ""H"", ""H"", ""F"", ""C"", ""C"", ""C"", ""Br"", ""C"", ""Cl"", ""C"", ""Br"", ""C"", ""H"", ""H"", ""F"", ""C"", ""C"", ""C"", ""Br"", ""C"", ""Cl"", ""C"", ""Br"", ""C"", ""H"", ""H""]",C24H8Br8Cl4F4,"[true, true, true]","[8.254458594026069, 0.0, 0.0, 0.0, 13.07919080115279, 0.0, 3.599525832599783, 0.0, 11.739190603292892]",1267.382257025774,[],"{""cutoff=6.000_skin=0.000"": 1460, ""cutoff=6.000_skin=0.500"": 1980}",0.0,,
OPT-RFT-SOXLEX48-R512-v1,7157da7c8384b8258ca02f46774c12c53148908357151f22a621bec141f2564b,OPT-RFT-SOXLEX48-R512-v1:0272,SOXLEX_C1_14_1699_z1_12,b85488eddeecec0f6d5100bcaa069050c070e8458015900f88cc5c3ff4e59f48,272,cross_family_test_set,SOXLEX/structures/SOXLEX_C1_14_1699_z1_12.cif,cd69af538333fdb26f7bd114e4b25c38fd32100e2fd583a21e86b884a63e9d2b,b85488eddeecec0f6d5100bcaa069050c070e8458015900f88cc5c3ff4e59f48,0,48,"[""F"", ""C"", ""C"", ""C"", ""Br"", ""C"", ""Cl"", ""C"", ""Br"", ""C"", ""H"", ""H"", ""F"", ""C"", ""C"", ""C"", ""Br"", ""C"", ""Cl"", ""C"", ""Br"", ""C"", ""H"", ""H"", ""F"", ""C"", ""C"", ""C"", ""Br"", ""C"", ""Cl"", ""C"", ""Br"", ""C"", ""H"", ""H"", ""F"", ""C"", ""C"", ""C"", ""Br"", ""C"", ""Cl"", ""C"", ""Br"", ""C"", ""H"", ""H""]",C24H8Br8Cl4F4,"[true, true, true]","[11.549223512487778, 0.0, 0.0, 0.0, 12.533364584850943, 0.0, -7.30854380393614, 0.0, 9.75762170770429]",1412.4218792848355,[],"{""cutoff=6.000_skin=0.000"": 1464, ""cutoff=6.000_skin=0.500"": 1848}",0.0,,
OPT-RFT-SOXLEX48-R512-v1,7157da7c8384b8258ca02f46774c12c53148908357151f22a621bec141f2564b,OPT-RFT-SOXLEX48-R512-v1:0273,SOXLEX_C1_14_328_z1_12,c851b1b305a8449f8c610b5b2511249d2e45d99bde5bbf87858a8db9364bb16d,273,cross_family_test_set,SOXLEX/structures/SOXLEX_C1_14_328_z1_12.cif,1ffe36ab85d9864544f19e84aebf83bfbf55cb0ce5ef76842a330ab388f40f21,c851b1b305a8449f8c610b5b2511249d2e45d99bde5bbf87858a8db9364bb16d,0,48,"[""F"", ""C"", ""C"", ""C"", ""Br"", ""C"", ""Cl"", ""C"", ""Br"", ""C"", ""H"", ""H"", ""F"", ""C"", ""C"", ""C"", ""Br"", ""C"", ""Cl"", ""C"", ""Br"", ""C"", ""H"", ""H"", ""F"", ""C"", ""C"", ""C"", ""Br"", ""C"", ""Cl"", ""C"", ""Br"", ""C"", ""H"", ""H"", ""F"", ""C"", ""C"", ""C"", ""Br"", ""C"", ""Cl"", ""C"", ""Br"", ""C"", ""H"", ""H""]",C24H8Br8Cl4F4,"[true, true, true]","[13.758543637122905, 0.0, 0.0, 0.0, 9.225341573009665, 0.0, 4.271015823392936, 0.0, 11.228508078903435]",1425.2038159899191,[],"{""cutoff=6.000_skin=0.000"": 1464, ""cutoff=6.000_skin=0.500"": 1964}",0.0,,
OPT-RFT-SOXLEX48-R512-v1,7157da7c8384b8258ca02f46774c12c53148908357151f22a621bec141f2564b,OPT-RFT-SOXLEX48-R512-v1:0274,SOXLEX_C1_14_4142_z1_12,7ecf3db83b03f2d4c4a4bdbb52ff55e646faa562ca299420f9f5cf35ab32f1a9,274,cross_family_test_set,SOXLEX/structures/SOXLEX_C1_14_4142_z1_12.cif,87f64efd967f0c395d7148a9bbc6157eea089d58c0694d89d733dfa16f11580d,7ecf3db83b03f2d4c4a4bdbb52ff55e646faa562ca299420f9f5cf35ab32f1a9,0,48,"[""F"", ""C"", ""C"", ""C"", ""Br"", ""C"", ""Cl"", ""C"", ""Br"", ""C"", ""H"", ""H"", ""F"", ""C"", ""C"", ""C"", ""Br"", ""C"", ""Cl"", ""C"", ""Br"", ""C"", ""H"", ""H"", ""F"", ""C"", ""C"", ""C"", ""Br"", ""C"", ""Cl"", ""C"", ""Br"", ""C"", ""H"", ""H"", ""F"", ""C"", ""C"", ""C"", ""Br"", ""C"", ""Cl"", ""C"", ""Br"", ""C"", ""H"", ""H""]",C24H8Br8Cl4F4,"[true, true, true]","[9.693312292602656, 0.0, 0.0, 0.0, 11.134833268343957, 0.0, -2.9449491911282486, 0.0, 11.690572798535738]",1261.8034594353906,[],"{""cutoff=6.000_skin=0.000"": 1464, ""cutoff=6.000_skin=0.500"": 2000}",0.0,,
OPT-RFT-SOXLEX48-R512-v1,7157da7c8384b8258ca02f46774c12c53148908357151f22a621bec141f2564b,OPT-RFT-SOXLEX48-R512-v1:0275,SOXLEX_C1_14_1017_z1_12,f6d20a6b25256652e3c9d4305d81e8fa373f0af70ea5b8d97182af4021263293,275,cross_family_test_set,SOXLEX/structures/SOXLEX_C1_14_1017_z1_12.cif,9126c35d1f484ef0e6624dab741e12b945ba1dd6195f819aef51d1986f0ada98,f6d20a6b25256652e3c9d4305d81e8fa373f0af70ea5b8d97182af4021263293,0,48,"[""F"", ""C"", ""C"", ""C"", ""Br"", ""C"", ""Cl"", ""C"", ""Br"", ""C"", ""H"", ""H"", ""F"", ""C"", ""C"", ""C"", ""Br"", ""C"", ""Cl"", ""C"", ""Br"", ""C"", ""H"", ""H"", ""F"", ""C"", ""C"", ""C"", ""Br"", ""C"", ""Cl"", ""C"", ""Br"", ""C"", ""H"", ""H"", ""F"", ""C"", ""C"", ""C"", ""Br"", ""C"", ""Cl"", ""C"", ""Br"", ""C"", ""H"", ""H""]",C24H8Br8Cl4F4,"[true, true, true]","[11.79797073487515, 0.0, 0.0, 0.0, 7.848827432006706, 0.0, 1.6612702558443173, 0.0, 13.714813732678248]",1269.9949930860057,[],"{""cutoff=6.000_skin=0.000"": 1468, ""cutoff=6.000_skin=0.500"": 1916}",0.0,,
OPT-RFT-SOXLEX48-R512-v1,7157da7c8384b8258ca02f46774c12c53148908357151f22a621bec141f2564b,OPT-RFT-SOXLEX48-R512-v1:0276,SOXLEX_C1_14_1828_z1_12,cdd0a80db5d0cb721889199c9bc2d8d04ee82750842fd72a320243f65e8a2bfc,276,cross_family_test_set,SOXLEX/structures/SOXLEX_C1_14_1828_z1_12.cif,cd4a0d1745b78a7538e7cfc1aa0b5267aefaa65ab943c5a0185e37d03ead301a,cdd0a80db5d0cb721889199c9bc2d8d04ee82750842fd72a320243f65e8a2bfc,0,48,"[""F"", ""C"", ""C"", ""C"", ""Br"", ""C"", ""Cl"", ""C"", ""Br"", ""C"", ""H"", ""H"", ""F"", ""C"", ""C"", ""C"", ""Br"", ""C"", ""Cl"", ""C"", ""Br"", ""C"", ""H"", ""H"", ""F"", ""C"", ""C"", ""C"", ""Br"", ""C"", ""Cl"", ""C"", ""Br"", ""C"", ""H"", ""H"", ""F"", ""C"", ""C"", ""C"", ""Br"", ""C"", ""Cl"", ""C"", ""Br"", ""C"", ""H"", ""H""]",C24H8Br8Cl4F4,"[true, true, true]","[11.539392943435049, 0.0, 0.0, 0.0, 12.132008706019718, 0.0, -4.983201602499726, 0.0, 9.95521406590876]",1393.6903041893406,[],"{""cutoff=6.000_skin=0.000"": 1468, ""cutoff=6.000_skin=0.500"": 1864}",0.0,,
OPT-RFT-SOXLEX48-R512-v1,7157da7c8384b8258ca02f46774c12c53148908357151f22a621bec141f2564b,OPT-RFT-SOXLEX48-R512-v1:0277,SOXLEX_C1_14_2985_z1_12,83bc18e8a5f559b9ce9513fb892ee0e9876ff89941a6a4a3467504db7de90283,277,cross_family_test_set,SOXLEX/structures/SOXLEX_C1_14_2985_z1_12.cif,1fe9a6bade361b4df9a1cad5be6251bf7924e4cc42cf29c6d85759428cd9a900,83bc18e8a5f559b9ce9513fb892ee0e9876ff89941a6a4a3467504db7de90283,0,48,"[""F"", ""C"", ""C"", ""C"", ""Br"", ""C"", ""Cl"", ""C"", ""Br"", ""C"", ""H"", ""H"", ""F"", ""C"", ""C"", ""C"", ""Br"", ""C"", ""Cl"", ""C"", ""Br"", ""C"", ""H"", ""H"", ""F"", ""C"", ""C"", ""C"", ""Br"", ""C"", ""Cl"", ""C"", ""Br"", ""C"", ""H"", ""H"", ""F"", ""C"", ""C"", ""C"", ""Br"", ""C"", ""Cl"", ""C"", ""Br"", ""C"", ""H"", ""H""]",C24H8Br8Cl4F4,"[true, true, true]","[7.554692476868283, 0.0, 0.0, 0.0, 14.227745595371658, 0.0, 0.8831246715320091, 0.0, 12.347655521965116]",1327.2030971251982,[],"{""cutoff=6.000_skin=0.000"": 1468, ""cutoff=6.000_skin=0.500"": 1924}",0.0,,
OPT-RFT-SOXLEX48-R512-v1,7157da7c8384b8258ca02f46774c12c53148908357151f22a621bec141f2564b,OPT-RFT-SOXLEX48-R512-v1:0278,SOXLEX_C1_14_778_z1_12,c9d46f6f2c8af7b58a655a352a02a874f8a3db7a2d5a373c0c21b5a7c7ee37aa,278,cross_family_test_set,SOXLEX/structures/SOXLEX_C1_14_778_z1_12.cif,f2b89d4e24f4c0b638295cd3bff38d9b0a6b471d84d7bbd869159ffa8b488b05,c9d46f6f2c8af7b58a655a352a02a874f8a3db7a2d5a373c0c21b5a7c7ee37aa,0,48,"[""F"", ""C"", ""C"", ""C"", ""Br"", ""C"", ""Cl"", ""C"", ""Br"", ""C"", ""H"", ""H"", ""F"", ""C"", ""C"", ""C"", ""Br"", ""C"", ""Cl"", ""C"", ""Br"", ""C"", ""H"", ""H"", ""F"", ""C"", ""C"", ""C"", ""Br"", ""C"", ""Cl"", ""C"", ""Br"", ""C"", ""H"", ""H"", ""F"", ""C"", ""C"", ""C"", ""Br"", ""C"", ""Cl"", ""C"", ""Br"", ""C"", ""H"", ""H""]",C24H8Br8Cl4F4,"[true, true, true]","[11.216231506102432, 0.0, 0.0, 0.0, 10.46827346678689, 0.0, -3.7377251150867785, 0.0, 13.960284605298623]",1639.1409350817175,[],"{""cutoff=6.000_skin=0.000"": 1468, ""cutoff=6.000_skin=0.500"": 1780}",0.0,,
OPT-RFT-SOXLEX48-R512-v1,7157da7c8384b8258ca02f46774c12c53148908357151f22a621bec141f2564b,OPT-RFT-SOXLEX48-R512-v1:0279,SOXLEX_C1_14_1836_z1_12,9ff8475b0a30a914a3571cc22158475051fbf602bd67568101756d32084ed145,279,cross_family_test_set,SOXLEX/structures/SOXLEX_C1_14_1836_z1_12.cif,818a0d0446ea7849048f9f77762dd61cad0fd1c6bd842be77146143f6ff994c8,9ff8475b0a30a914a3571cc22158475051fbf602bd67568101756d32084ed145,0,48,"[""F"", ""C"", ""C"", ""C"", ""Br"", ""C"", ""Cl"", ""C"", ""Br"", ""C"", ""H"", ""H"", ""F"", ""C"", ""C"", ""C"", ""Br"", ""C"", ""Cl"", ""C"", ""Br"", ""C"", ""H"", ""H"", ""F"", ""C"", ""C"", ""C"", ""Br"", ""C"", ""Cl"", ""C"", ""Br"", ""C"", ""H"", ""H"", ""F"", ""C"", ""C"", ""C"", ""Br"", ""C"", ""Cl"", ""C"", ""Br"", ""C"", ""H"", ""H""]",C24H8Br8Cl4F4,"[true, true, true]","[5.486223035202549, 0.0, 0.0, 0.0, 25.516921870400267, 0.0, 7.822819878183825, 0.0, 11.639211710683204]",1629.390991971969,[],"{""cutoff=6.000_skin=0.000"": 1472, ""cutoff=6.000_skin=0.500"": 1736}",0.0,,
OPT-RFT-SOXLEX48-R512-v1,7157da7c8384b8258ca02f46774c12c53148908357151f22a621bec141f2564b,OPT-RFT-SOXLEX48-R512-v1:0280,SOXLEX_C1_14_1695_z1_12,e77696d5a4015a0fc690054e32914e0d7fb916d55364610609a75d342597bd50,280,cross_family_test_set,SOXLEX/structures/SOXLEX_C1_14_1695_z1_12.cif,e95496b43bf000e834ae6b8a589c367c462a27db793fa0c159d8ef06de3022ad,e77696d5a4015a0fc690054e32914e0d7fb916d55364610609a75d342597bd50,0,48,"[""F"", ""C"", ""C"", ""C"", ""Br"", ""C"", ""Cl"", ""C"", ""Br"", ""C"", ""H"", ""H"", ""F"", ""C"", ""C"", ""C"", ""Br"", ""C"", ""Cl"", ""C"", ""Br"", ""C"", ""H"", ""H"", ""F"", ""C"", ""C"", ""C"", ""Br"", ""C"", ""Cl"", ""C"", ""Br"", ""C"", ""H"", ""H"", ""F"", ""C"", ""C"", ""C"", ""Br"", ""C"", ""Cl"", ""C"", ""Br"", ""C"", ""H"", ""H""]",C24H8Br8Cl4F4,"[true, true, true]","[16.294678380525312, 0.0, 0.0, 0.0, 6.924300874415508, 0.0, 4.221094481051996, 0.0, 13.819831475001363]",1559.281300033553,[],"{""cutoff=6.000_skin=0.000"": 1476, ""cutoff=6.000_skin=0.500"": 1804}",0.0,,
OPT-RFT-SOXLEX48-R512-v1,7157da7c8384b8258ca02f46774c12c53148908357151f22a621bec141f2564b,OPT-RFT-SOXLEX48-R512-v1:0281,SOXLEX_C1_14_3229_z1_12,fd24486c0d6c73c460137f1eda4aa03a8964ba4b8f4224e9197d88195f0f36f5,281,cross_family_test_set,SOXLEX/structures/SOXLEX_C1_14_3229_z1_12.cif,1cf930ba9a7154f6e03432d513b3f5d0bddebfbb703c3cd8374d1676f6cdc477,fd24486c0d6c73c460137f1eda4aa03a8964ba4b8f4224e9197d88195f0f36f5,0,48,"[""F"", ""C"", ""C"", ""C"", ""Br"", ""C"", ""Cl"", ""C"", ""Br"", ""C"", ""H"", ""H"", ""F"", ""C"", ""C"", ""C"", ""Br"", ""C"", ""Cl"", ""C"", ""Br"", ""C"", ""H"", ""H"", ""F"", ""C"", ""C"", ""C"", ""Br"", ""C"", ""Cl"", ""C"", ""Br"", ""C"", ""H"", ""H"", ""F"", ""C"", ""C"", ""C"", ""Br"", ""C"", ""Cl"", ""C"", ""Br"", ""C"", ""H"", ""H""]",C24H8Br8Cl4F4,"[true, true, true]","[8.239798255869779, 0.0, 0.0, 0.0, 13.171866072777831, 0.0, -0.3486097117995335, 0.0, 13.132141638080585]",1425.2775452089277,[],"{""cutoff=6.000_skin=0.000"": 1476, ""cutoff=6.000_skin=0.500"": 1716}",0.0,,
OPT-RFT-SOXLEX48-R512-v1,7157da7c8384b8258ca02f46774c12c53148908357151f22a621bec141f2564b,OPT-RFT-SOXLEX48-R512-v1:0282,SOXLEX_C1_14_4397_z1_12,f85fc609989d2752c55016cc3bc91c42ddbbf4977887e9890f9fe627ad6d91de,282,cross_family_test_set,SOXLEX/structures/SOXLEX_C1_14_4397_z1_12.cif,67d8bc23ebd4130cc63683d6db3d8db88783ed22ad7b6710d66d7b028ac5c91e,f85fc609989d2752c55016cc3bc91c42ddbbf4977887e9890f9fe627ad6d91de,0,48,"[""F"", ""C"", ""C"", ""C"", ""Br"", ""C"", ""Cl"", ""C"", ""Br"", ""C"", ""H"", ""H"", ""F"", ""C"", ""C"", ""C"", ""Br"", ""C"", ""Cl"", ""C"", ""Br"", ""C"", ""H"", ""H"", ""F"", ""C"", ""C"", ""C"", ""Br"", ""C"", ""Cl"", ""C"", ""Br"", ""C"", ""H"", ""H"", ""F"", ""C"", ""C"", ""C"", ""Br"", ""C"", ""Cl"", ""C"", ""Br"", ""C"", ""H"", ""H""]",C24H8Br8Cl4F4,"[true, true, true]","[14.05952966728647, 0.0, 0.0, 0.0, 13.34048908135405, 0.0, 0.7573132593047289, 0.0, 9.130404753876972]",1712.5078644434138,[],"{""cutoff=6.000_skin=0.000"": 1476, ""cutoff=6.000_skin=0.500"": 1696}",0.0,,
OPT-RFT-SOXLEX48-R512-v1,7157da7c8384b8258ca02f46774c12c53148908357151f22a621bec141f2564b,OPT-RFT-SOXLEX48-R512-v1:0283,SOXLEX_C1_14_2233_z1_12,b1293c11f0c3ee1302ac1024362c44200e5080bcbae979a68d71b12c7ebed312,283,cross_family_test_set,SOXLEX/structures/SOXLEX_C1_14_2233_z1_12.cif,8d521d2f7c0d231339e04477c21269bdc9d31a89220d89af41951096b176e0ef,b1293c11f0c3ee1302ac1024362c44200e5080bcbae979a68d71b12c7ebed312,0,48,"[""F"", ""C"", ""C"", ""C"", ""Br"", ""C"", ""Cl"", ""C"", ""Br"", ""C"", ""H"", ""H"", ""F"", ""C"", ""C"", ""C"", ""Br"", ""C"", ""Cl"", ""C"", ""Br"", ""C"", ""H"", ""H"", ""F"", ""C"", ""C"", ""C"", ""Br"", ""C"", ""Cl"", ""C"", ""Br"", ""C"", ""H"", ""H"", ""F"", ""C"", ""C"", ""C"", ""Br"", ""C"", ""Cl"", ""C"", ""Br"", ""C"", ""H"", ""H""]",C24H8Br8Cl4F4,"[true, true, true]","[13.845834872708547, 0.0, 0.0, 0.0, 9.767666918342833, 0.0, 2.2432563275248203, 0.0, 9.515891885339101]",1286.9435232710573,[],"{""cutoff=6.000_skin=0.000"": 1480, ""cutoff=6.000_skin=0.500"": 1836}",0.0,,
OPT-RFT-SOXLEX48-R512-v1,7157da7c8384b8258ca02f46774c12c53148908357151f22a621bec141f2564b,OPT-RFT-SOXLEX48-R512-v1:0284,SOXLEX_C1_14_2747_z1_12,945b70a3add133f344482b4abec034ea788707c40a29458b68fb901c50eeaf37,284,cross_family_test_set,SOXLEX/structures/SOXLEX_C1_14_2747_z1_12.cif,fc09d4d898b6d0144e4f659f27a531de0291a27e0f85a1eec8786ca06e151a69,945b70a3add133f344482b4abec034ea788707c40a29458b68fb901c50eeaf37,0,48,"[""F"", ""C"", ""C"", ""C"", ""Br"", ""C"", ""Cl"", ""C"", ""Br"", ""C"", ""H"", ""H"", ""F"", ""C"", ""C"", ""C"", ""Br"", ""C"", ""Cl"", ""C"", ""Br"", ""C"", ""H"", ""H"", ""F"", ""C"", ""C"", ""C"", ""Br"", ""C"", ""Cl"", ""C"", ""Br"", ""C"", ""H"", ""H"", ""F"", ""C"", ""C"", ""C"", ""Br"", ""C"", ""Cl"", ""C"", ""Br"", ""C"", ""H"", ""H""]",C24H8Br8Cl4F4,"[true, true, true]","[6.996901400355501, 0.0, 0.0, 0.0, 13.76798557552543, 0.0, 2.379043940421268, 0.0, 12.426150215525093]",1197.0512805872588,[],"{""cutoff=6.000_skin=0.000"": 1480, ""cutoff=6.000_skin=0.500"": 2020}",0.0,,
OPT-RFT-SOXLEX48-R512-v1,7157da7c8384b8258ca02f46774c12c53148908357151f22a621bec141f2564b,OPT-RFT-SOXLEX48-R512-v1:0285,SOXLEX_C1_14_454_z1_12,e48520f4429b7cafb6a591937e06b9eaf4949fd3ecd0790900bfd25aa2a9f513,285,cross_family_test_set,SOXLEX/structures/SOXLEX_C1_14_454_z1_12.cif,dcafcc0d194b8374b2fe5ec4de66f32ba016764b81169872fdaccd1ef66b74b8,e48520f4429b7cafb6a591937e06b9eaf4949fd3ecd0790900bfd25aa2a9f513,0,48,"[""F"", ""C"", ""C"", ""C"", ""Br"", ""C"", ""Cl"", ""C"", ""Br"", ""C"", ""H"", ""H"", ""F"", ""C"", ""C"", ""C"", ""Br"", ""C"", ""Cl"", ""C"", ""Br"", ""C"", ""H"", ""H"", ""F"", ""C"", ""C"", ""C"", ""Br"", ""C"", ""Cl"", ""C"", ""Br"", ""C"", ""H"", ""H"", ""F"", ""C"", ""C"", ""C"", ""Br"", ""C"", ""Cl"", ""C"", ""Br"", ""C"", ""H"", ""H""]",C24H8Br8Cl4F4,"[true, true, true]","[14.993595283476473, 0.0, 0.0, 0.0, 11.17828685003973, 0.0, -5.000522752481648, 0.0, 8.39353187556407]",1406.7786803561046,[],"{""cutoff=6.000_skin=0.000"": 1480, ""cutoff=6.000_skin=0.500"": 1780}",0.0,,
OPT-RFT-SOXLEX48-R512-v1,7157da7c8384b8258ca02f46774c12c53148908357151f22a621bec141f2564b,OPT-RFT-SOXLEX48-R512-v1:0286,SOXLEX_C1_14_2900_z1_12,26112a2eacb85ab122d2fa77d1b050cfe7b29c933c7e51b54c5e8f6a28cbe04f,286,cross_family_test_set,SOXLEX/structures/SOXLEX_C1_14_2900_z1_12.cif,fdb1126a6cd0317bf8a90758b34f6f92971a434d71e95234cb06cd8eb6999681,26112a2eacb85ab122d2fa77d1b050cfe7b29c933c7e51b54c5e8f6a28cbe04f,0,48,"[""F"", ""C"", ""C"", ""C"", ""Br"", ""C"", ""Cl"", ""C"", ""Br"", ""C"", ""H"", ""H"", ""F"", ""C"", ""C"", ""C"", ""Br"", ""C"", ""Cl"", ""C"", ""Br"", ""C"", ""H"", ""H"", ""F"", ""C"", ""C"", ""C"", ""Br"", ""C"", ""Cl"", ""C"", ""Br"", ""C"", ""H"", ""H"", ""F"", ""C"", ""C"", ""C"", ""Br"", ""C"", ""Cl"", ""C"", ""Br"", ""C"", ""H"", ""H""]",C24H8Br8Cl4F4,"[true, true, true]","[13.716809737767583, 0.0, 0.0, 0.0, 12.02881492966405, 0.0, -6.0281570398154, 0.0, 8.293132898971356]",1368.3417649831645,[],"{""cutoff=6.000_skin=0.000"": 1484, ""cutoff=6.000_skin=0.500"": 1816}",0.0,,
OPT-RFT-SOXLEX48-R512-v1,7157da7c8384b8258ca02f46774c12c53148908357151f22a621bec141f2564b,OPT-RFT-SOXLEX48-R512-v1:0287,SOXLEX_C1_14_831_z1_12,b550c09d89285c75fc3b488ccc18ea765ec3bc597f165a829f15fe374ff5c3c2,287,cross_family_test_set,SOXLEX/structures/SOXLEX_C1_14_831_z1_12.cif,5b5402cda140e15450a68ebcb17a71e9ffc063d63eab7c1001d842f1667b5098,b550c09d89285c75fc3b488ccc18ea765ec3bc597f165a829f15fe374ff5c3c2,0,48,"[""F"", ""C"", ""C"", ""C"", ""Br"", ""C"", ""Cl"", ""C"", ""Br"", ""C"", ""H"", ""H"", ""F"", ""C"", ""C"", ""C"", ""Br"", ""C"", ""Cl"", ""C"", ""Br"", ""C"", ""H"", ""H"", ""F"", ""C"", ""C"", ""C"", ""Br"", ""C"", ""Cl"", ""C"", ""Br"", ""C"", ""H"", ""H"", ""F"", ""C"", ""C"", ""C"", ""Br"", ""C"", ""Cl"", ""C"", ""Br"", ""C"", ""H"", ""H""]",C24H8Br8Cl4F4,"[true, true, true]","[11.143460520802307, 0.0, 0.0, 0.0, 11.30004635160179, 0.0, -2.9293378472154368, 0.0, 10.200086443055444]",1284.4114131531821,[],"{""cutoff=6.000_skin=0.000"": 1484, ""cutoff=6.000_skin=0.500"": 1972}",0.0,,
OPT-RFT-SOXLEX48-R512-v1,7157da7c8384b8258ca02f46774c12c53148908357151f22a621bec141f2564b,OPT-RFT-SOXLEX48-R512-v1:0288,SOXLEX_C1_14_4019_z1_12,a6008c7176a7565308351e982bb881d39263f715240723de024a19c88bac1087,288,cross_family_test_set,SOXLEX/structures/SOXLEX_C1_14_4019_z1_12.cif,e62a7f40f758475045b4c5b80cbcd4e0b3f26537eee0a09f32fac85061f9d233,a6008c7176a7565308351e982bb881d39263f715240723de024a19c88bac1087,0,48,"[""F"", ""C"", ""C"", ""C"", ""Br"", ""C"", ""Cl"", ""C"", ""Br"", ""C"", ""H"", ""H"", ""F"", ""C"", ""C"", ""C"", ""Br"", ""C"", ""Cl"", ""C"", ""Br"", ""C"", ""H"", ""H"", ""F"", ""C"", ""C"", ""C"", ""Br"", ""C"", ""Cl"", ""C"", ""Br"", ""C"", ""H"", ""H"", ""F"", ""C"", ""C"", ""C"", ""Br"", ""C"", ""Cl"", ""C"", ""Br"", ""C"", ""H"", ""H""]",C24H8Br8Cl4F4,"[true, true, true]","[8.167178643559808, 0.0, 0.0, 0.0, 15.222748737301167, 0.0, -6.785653810664031, 0.0, 10.187223098452627]",1266.545952844239,[],"{""cutoff=6.000_skin=0.000"": 1488, ""cutoff=6.000_skin=0.500"": 2048}",0.0,,
OPT-RFT-SOXLEX48-R512-v1,7157da7c8384b8258ca02f46774c12c53148908357151f22a621bec141f2564b,OPT-RFT-SOXLEX48-R512-v1:0289,SOXLEX_C1_14_4742_z1_12,ddd35ee2226ff1c3b521eff7515f0b8fcb820d77f9a042b440ef7e60d70ccfd8,289,cross_family_test_set,SOXLEX/structures/SOXLEX_C1_14_4742_z1_12.cif,b662506cd0eeb0458fcfd09ad623204aa047f1ea4d57c2e77cd012bf11cde976,ddd35ee2226ff1c3b521eff7515f0b8fcb820d77f9a042b440ef7e60d70ccfd8,0,48,"[""F"", ""C"", ""C"", ""C"", ""Br"", ""C"", ""Cl"", ""C"", ""Br"", ""C"", ""H"", ""H"", ""F"", ""C"", ""C"", ""C"", ""Br"", ""C"", ""Cl"", ""C"", ""Br"", ""C"", ""H"", ""H"", ""F"", ""C"", ""C"", ""C"", ""Br"", ""C"", ""Cl"", ""C"", ""Br"", ""C"", ""H"", ""H"", ""F"", ""C"", ""C"", ""C"", ""Br"", ""C"", ""Cl"", ""C"", ""Br"", ""C"", ""H"", ""H""]",C24H8Br8Cl4F4,"[true, true, true]","[13.271961592440007, 0.0, 0.0, 0.0, 10.14397947155993, 0.0, 4.632239630291395, 0.0, 9.504015065967357]",1279.5303568024835,[],"{""cutoff=6.000_skin=0.000"": 1488, ""cutoff=6.000_skin=0.500"": 1988}",0.0,,
OPT-RFT-SOXLEX48-R512-v1,7157da7c8384b8258ca02f46774c12c53148908357151f22a621bec141f2564b,OPT-RFT-SOXLEX48-R512-v1:0290,SOXLEX_C1_14_196_z1_12,5a94a73a8da784ea0f3cb74d144006d60dd75336b01e0a10978022ca992f5f0a,290,cross_family_test_set,SOXLEX/structures/SOXLEX_C1_14_196_z1_12.cif,3e1c369019282ed33d80f2772c0f37ad8d5fe48a93bf69f20db1f489c1c0b49e,5a94a73a8da784ea0f3cb74d144006d60dd75336b01e0a10978022ca992f5f0a,0,48,"[""F"", ""C"", ""C"", ""C"", ""Br"", ""C"", ""Cl"", ""C"", ""Br"", ""C"", ""H"", ""H"", ""F"", ""C"", ""C"", ""C"", ""Br"", ""C"", ""Cl"", ""C"", ""Br"", ""C"", ""H"", ""H"", ""F"", ""C"", ""C"", ""C"", ""Br"", ""C"", ""Cl"", ""C"", ""Br"", ""C"", ""H"", ""H"", ""F"", ""C"", ""C"", ""C"", ""Br"", ""C"", ""Cl"", ""C"", ""Br"", ""C"", ""H"", ""H""]",C24H8Br8Cl4F4,"[true, true, true]","[8.77911794185416, 0.0, 0.0, 0.0, 15.392960190262599, 0.0, 0.8438886678727759, 0.0, 9.863005538540204]",1332.8531623264878,[],"{""cutoff=6.000_skin=0.000"": 1492, ""cutoff=6.000_skin=0.500"": 1936}",0.0,,
OPT-RFT-SOXLEX48-R512-v1,7157da7c8384b8258ca02f46774c12c53148908357151f22a621bec141f2564b,OPT-RFT-SOXLEX48-R512-v1:0291,SOXLEX_C1_14_1212_z1_12,274567ee2647602be63dcc396a6fe06354a326edf64f3b412f8a69cfe9031921,291,cross_family_test_set,SOXLEX/structures/SOXLEX_C1_14_1212_z1_12.cif,2b68e9d339b01ff95509fb028359fd18f8076eb38b3267796359c2e19da1844e,274567ee2647602be63dcc396a6fe06354a326edf64f3b412f8a69cfe9031921,0,48,"[""F"", ""C"", ""C"", ""C"", ""Br"", ""C"", ""Cl"", ""C"", ""Br"", ""C"", ""H"", ""H"", ""F"", ""C"", ""C"", ""C"", ""Br"", ""C"", ""Cl"", ""C"", ""Br"", ""C"", ""H"", ""H"", ""F"", ""C"", ""C"", ""C"", ""Br"", ""C"", ""Cl"", ""C"", ""Br"", ""C"", ""H"", ""H"", ""F"", ""C"", ""C"", ""C"", ""Br"", ""C"", ""Cl"", ""C"", ""Br"", ""C"", ""H"", ""H""]",C24H8Br8Cl4F4,"[true, true, true]","[11.223085887406526, 0.0, 0.0, 0.0, 12.16119815494497, 0.0, 3.989903226737727, 0.0, 10.385328207118489]",1417.4536855840815,[],"{""cutoff=6.000_skin=0.000"": 1496, ""cutoff=6.000_skin=0.500"": 1968}",0.0,,
OPT-RFT-SOXLEX48-R512-v1,7157da7c8384b8258ca02f46774c12c53148908357151f22a621bec141f2564b,OPT-RFT-SOXLEX48-R512-v1:0292,SOXLEX_C1_14_2294_z1_12,2994480980b2583aa77d940d63d9229fb7add98035aa1d1a18e0de3feab2af8c,292,cross_family_test_set,SOXLEX/structures/SOXLEX_C1_14_2294_z1_12.cif,bc210a79ba4e7ac77cc2afeb0960b3a779114dd37c984754ec6fe881f4a682ac,2994480980b2583aa77d940d63d9229fb7add98035aa1d1a18e0de3feab2af8c,0,48,"[""F"", ""C"", ""C"", ""C"", ""Br"", ""C"", ""Cl"", ""C"", ""Br"", ""C"", ""H"", ""H"", ""F"", ""C"", ""C"", ""C"", ""Br"", ""C"", ""Cl"", ""C"", ""Br"", ""C"", ""H"", ""H"", ""F"", ""C"", ""C"", ""C"", ""Br"", ""C"", ""Cl"", ""C"", ""Br"", ""C"", ""H"", ""H"", ""F"", ""C"", ""C"", ""C"", ""Br"", ""C"", ""Cl"", ""C"", ""Br"", ""C"", ""H"", ""H""]",C24H8Br8Cl4F4,"[true, true, true]","[9.635603273696809, 0.0, 0.0, 0.0, 9.875648857238687, 0.0, -8.136571157802264, 0.0, 13.03090821161462]",1239.9930064471969,[],"{""cutoff=6.000_skin=0.000"": 1496, ""cutoff=6.000_skin=0.500"": 1892}",0.0,,
OPT-RFT-SOXLEX48-R512-v1,7157da7c8384b8258ca02f46774c12c53148908357151f22a621bec141f2564b,OPT-RFT-SOXLEX48-R512-v1:0293,SOXLEX_C1_14_3564_z1_12,d5c347ea1e615b02772f468483e62d1cfb45ae4001f273c3a1d538a1f7cf31de,293,cross_family_test_set,SOXLEX/structures/SOXLEX_C1_14_3564_z1_12.cif,07722365b6210a26412038bb90374734c4e218f757c1fc1c2ceca066f3290548,d5c347ea1e615b02772f468483e62d1cfb45ae4001f273c3a1d538a1f7cf31de,0,48,"[""F"", ""C"", ""C"", ""C"", ""Br"", ""C"", ""Cl"", ""C"", ""Br"", ""C"", ""H"", ""H"", ""F"", ""C"", ""C"", ""C"", ""Br"", ""C"", ""Cl"", ""C"", ""Br"", ""C"", ""H"", ""H"", ""F"", ""C"", ""C"", ""C"", ""Br"", ""C"", ""Cl"", ""C"", ""Br"", ""C"", ""H"", ""H"", ""F"", ""C"", ""C"", ""C"", ""Br"", ""C"", ""Cl"", ""C"", ""Br"", ""C"", ""H"", ""H""]",C24H8Br8Cl4F4,"[true, true, true]","[10.199648179538027, 0.0, 0.0, 0.0, 12.945042443353026, 0.0, -0.34532303117677987, 0.0, 10.567429356418303]",1395.269252097763,[],"{""cutoff=6.000_skin=0.000"": 1496, ""cutoff=6.000_skin=0.500"": 1824}",0.0,,
OPT-RFT-SOXLEX48-R512-v1,7157da7c8384b8258ca02f46774c12c53148908357151f22a621bec141f2564b,OPT-RFT-SOXLEX48-R512-v1:0294,SOXLEX_C1_14_562_z1_12,c8df896513c3355f4ec62f5c67dca27bfa4ffd84fd1516b625f280f82122c759,294,cross_family_test_set,SOXLEX/structures/SOXLEX_C1_14_562_z1_12.cif,3c86ce86f0d34fd49e27d778664766c8649225f30f70828ad9694a460694a94f,c8df896513c3355f4ec62f5c67dca27bfa4ffd84fd1516b625f280f82122c759,0,48,"[""F"", ""C"", ""C"", ""C"", ""Br"", ""C"", ""Cl"", ""C"", ""Br"", ""C"", ""H"", ""H"", ""F"", ""C"", ""C"", ""C"", ""Br"", ""C"", ""Cl"", ""C"", ""Br"", ""C"", ""H"", ""H"", ""F"", ""C"", ""C"", ""C"", ""Br"", ""C"", ""Cl"", ""C"", ""Br"", ""C"", ""H"", ""H"", ""F"", ""C"", ""C"", ""C"", ""Br"", ""C"", ""Cl"", ""C"", ""Br"", ""C"", ""H"", ""H""]",C24H8Br8Cl4F4,"[true, true, true]","[8.904865569927644, 0.0, 0.0, 0.0, 12.854213082651707, 0.0, -4.981050734038909, 0.0, 11.505558346757287]",1316.984190725688,[],"{""cutoff=6.000_skin=0.000"": 1496, ""cutoff=6.000_skin=0.500"": 1768}",0.0,,
OPT-RFT-SOXLEX48-R512-v1,7157da7c8384b8258ca02f46774c12c53148908357151f22a621bec141f2564b,OPT-RFT-SOXLEX48-R512-v1:0295,SOXLEX_C1_14_2351_z1_12,7b481a4dd66edb11315100bc7b9865e05c72bd23d9732cd9bb9e2abe6f7ea5bc,295,cross_family_test_set,SOXLEX/structures/SOXLEX_C1_14_2351_z1_12.cif,9451af4ebb564c23a05cd8fa27a5b657da5019a22417c6d165a8223d682db9d4,7b481a4dd66edb11315100bc7b9865e05c72bd23d9732cd9bb9e2abe6f7ea5bc,0,48,"[""F"", ""C"", ""C"", ""C"", ""Br"", ""C"", ""Cl"", ""C"", ""Br"", ""C"", ""H"", ""H"", ""F"", ""C"", ""C"", ""C"", ""Br"", ""C"", ""Cl"", ""C"", ""Br"", ""C"", ""H"", ""H"", ""F"", ""C"", ""C"", ""C"", ""Br"", ""C"", ""Cl"", ""C"", ""Br"", ""C"", ""H"", ""H"", ""F"", ""C"", ""C"", ""C"", ""Br"", ""C"", ""Cl"", ""C"", ""Br"", ""C"", ""H"", ""H""]",C24H8Br8Cl4F4,"[true, true, true]","[8.940331758444266, 0.0, 0.0, 0.0, 11.925645763407601, 0.0, -5.39392438917118, 0.0, 11.788270731596569]",1256.8563432304218,[],"{""cutoff=6.000_skin=0.000"": 1500, ""cutoff=6.000_skin=0.500"": 1920}",0.0,,
OPT-RFT-SOXLEX48-R512-v1,7157da7c8384b8258ca02f46774c12c53148908357151f22a621bec141f2564b,OPT-RFT-SOXLEX48-R512-v1:0296,SOXLEX_C1_14_3009_z1_12,3249cf8b25288fea20e7337a9f8c31b28348bc1e717cc0e6fce2068c19f50e8d,296,cross_family_test_set,SOXLEX/structures/SOXLEX_C1_14_3009_z1_12.cif,528d7d9d313f24eba71d1e41df28d8d04d4420376a94bfd84b29341b2b4622c5,3249cf8b25288fea20e7337a9f8c31b28348bc1e717cc0e6fce2068c19f50e8d,0,48,"[""F"", ""C"", ""C"", ""C"", ""Br"", ""C"", ""Cl"", ""C"", ""Br"", ""C"", ""H"", ""H"", ""F"", ""C"", ""C"", ""C"", ""Br"", ""C"", ""Cl"", ""C"", ""Br"", ""C"", ""H"", ""H"", ""F"", ""C"", ""C"", ""C"", ""Br"", ""C"", ""Cl"", ""C"", ""Br"", ""C"", ""H"", ""H"", ""F"", ""C"", ""C"", ""C"", ""Br"", ""C"", ""Cl"", ""C"", ""Br"", ""C"", ""H"", ""H""]",C24H8Br8Cl4F4,"[true, true, true]","[7.8686733295126885, 0.0, 0.0, 0.0, 19.29224763951496, 0.0, -1.6618591600765973, 0.0, 8.75932240634979]",1329.7036338407079,[],"{""cutoff=6.000_skin=0.000"": 1500, ""cutoff=6.000_skin=0.500"": 1784}",0.0,,
OPT-RFT-SOXLEX48-R512-v1,7157da7c8384b8258ca02f46774c12c53148908357151f22a621bec141f2564b,OPT-RFT-SOXLEX48-R512-v1:0297,SOXLEX_C1_14_4096_z1_12,2d0d0b2e9b67d94cc2fcb9a6803599ed6aa875f4ece156c0d4ecc22dae04d219,297,cross_family_test_set,SOXLEX/structures/SOXLEX_C1_14_4096_z1_12.cif,c6bfc7d520bc9db63320f4fbeb9364e8ff6714519fbda5a637b3f03247373946,2d0d0b2e9b67d94cc2fcb9a6803599ed6aa875f4ece156c0d4ecc22dae04d219,0,48,"[""F"", ""C"", ""C"", ""C"", ""Br"", ""C"", ""Cl"", ""C"", ""Br"", ""C"", ""H"", ""H"", ""F"", ""C"", ""C"", ""C"", ""Br"", ""C"", ""Cl"", ""C"", ""Br"", ""C"", ""H"", ""H"", ""F"", ""C"", ""C"", ""C"", ""Br"", ""C"", ""Cl"", ""C"", ""Br"", ""C"", ""H"", ""H"", ""F"", ""C"", ""C"", ""C"", ""Br"", ""C"", ""Cl"", ""C"", ""Br"", ""C"", ""H"", ""H""]",C24H8Br8Cl4F4,"[true, true, true]","[8.871475983763979, 0.0, 0.0, 0.0, 13.375100660123465, 0.0, -2.069571781620696, 0.0, 10.928351965966002]",1296.7241946700792,[],"{""cutoff=6.000_skin=0.000"": 1500, ""cutoff=6.000_skin=0.500"": 1916}",0.0,,
OPT-RFT-SOXLEX48-R512-v1,7157da7c8384b8258ca02f46774c12c53148908357151f22a621bec141f2564b,OPT-RFT-SOXLEX48-R512-v1:0298,SOXLEX_C1_14_1287_z1_12,37e1080319aa24a5e997ef8ce0f7da38f9e6f93a17cd1876ac81c09d427441cc,298,cross_family_test_set,SOXLEX/structures/SOXLEX_C1_14_1287_z1_12.cif,235038cba2a08515eb969e1b1560ef942b42470b524d8772d63ac0ee4ed6f7e0,37e1080319aa24a5e997ef8ce0f7da38f9e6f93a17cd1876ac81c09d427441cc,0,48,"[""F"", ""C"", ""C"", ""C"", ""Br"", ""C"", ""Cl"", ""C"", ""Br"", ""C"", ""H"", ""H"", ""F"", ""C"", ""C"", ""C"", ""Br"", ""C"", ""Cl"", ""C"", ""Br"", ""C"", ""H"", ""H"", ""F"", ""C"", ""C"", ""C"", ""Br"", ""C"", ""Cl"", ""C"", ""Br"", ""C"", ""H"", ""H"", ""F"", ""C"", ""C"", ""C"", ""Br"", ""C"", ""Cl"", ""C"", ""Br"", ""C"", ""H"", ""H""]",C24H8Br8Cl4F4,"[true, true, true]","[7.261923357743008, 0.0, 0.0, 0.0, 20.863795949740464, 0.0, -3.5263634032054076, 0.0, 9.81915933198589]",1487.71346900822,[],"{""cutoff=6.000_skin=0.000"": 1504, ""cutoff=6.000_skin=0.500"": 1848}",0.0,,
OPT-RFT-SOXLEX48-R512-v1,7157da7c8384b8258ca02f46774c12c53148908357151f22a621bec141f2564b,OPT-RFT-SOXLEX48-R512-v1:0299,SOXLEX_C1_14_2660_z1_12,65b0867c2e6fb2963d1b308d2be61865a82160675cc6702f8408395e42bb3819,299,cross_family_test_set,SOXLEX/structures/SOXLEX_C1_14_2660_z1_12.cif,058e6aa29265b4f6ff794655b0eaf74c8fd02a3d06cc7907aad0c51beb2c66d4,65b0867c2e6fb2963d1b308d2be61865a82160675cc6702f8408395e42bb3819,0,48,"[""F"", ""C"", ""C"", ""C"", ""Br"", ""C"", ""Cl"", ""C"", ""Br"", ""C"", ""H"", ""H"", ""F"", ""C"", ""C"", ""C"", ""Br"", ""C"", ""Cl"", ""C"", ""Br"", ""C"", ""H"", ""H"", ""F"", ""C"", ""C"", ""C"", ""Br"", ""C"", ""Cl"", ""C"", ""Br"", ""C"", ""H"", ""H"", ""F"", ""C"", ""C"", ""C"", ""Br"", ""C"", ""Cl"", ""C"", ""Br"", ""C"", ""H"", ""H""]",C24H8Br8Cl4F4,"[true, true, true]","[8.818742277466527, 0.0, 0.0, 0.0, 10.23284309043499, 0.0, -2.701244612808231, 0.0, 15.481543030631931]",1397.066920902927,[],"{""cutoff=6.000_skin=0.000"": 1504, ""cutoff=6.000_skin=0.500"": 1792}",0.0,,
OPT-RFT-SOXLEX48-R512-v1,7157da7c8384b8258ca02f46774c12c53148908357151f22a621bec141f2564b,OPT-RFT-SOXLEX48-R512-v1:0300,SOXLEX_C1_14_3948_z1_12,ac6046b0c7cdd72665993466672d8e3aeef16616b849877876e9c1be08d643ca,300,cross_family_test_set,SOXLEX/structures/SOXLEX_C1_14_3948_z1_12.cif,a91e3fea5769ef9fe5e33a7c54446026b40195fc5dc31e365658d22f593ac1ba,ac6046b0c7cdd72665993466672d8e3aeef16616b849877876e9c1be08d643ca,0,48,"[""F"", ""C"", ""C"", ""C"", ""Br"", ""C"", ""Cl"", ""C"", ""Br"", ""C"", ""H"", ""H"", ""F"", ""C"", ""C"", ""C"", ""Br"", ""C"", ""Cl"", ""C"", ""Br"", ""C"", ""H"", ""H"", ""F"", ""C"", ""C"", ""C"", ""Br"", ""C"", ""Cl"", ""C"", ""Br"", ""C"", ""H"", ""H"", ""F"", ""C"", ""C"", ""C"", ""Br"", ""C"", ""Cl"", ""C"", ""Br"", ""C"", ""H"", ""H""]",C24H8Br8Cl4F4,"[true, true, true]","[8.27817987723683, 0.0, 0.0, 0.0, 9.520148086026278, 0.0, -3.0813343488189537, 0.0, 15.588007657245218]",1228.4830631831815,[],"{""cutoff=6.000_skin=0.000"": 1504, ""cutoff=6.000_skin=0.500"": 2048}",0.0,,
OPT-RFT-SOXLEX48-R512-v1,7157da7c8384b8258ca02f46774c12c53148908357151f22a621bec141f2564b,OPT-RFT-SOXLEX48-R512-v1:0301,SOXLEX_C1_14_4226_z1_12,59765157a4ae4e991baf62bb6fe34e3efd331a58fa4c952ce3dc72627840c04d,301,cross_family_test_set,SOXLEX/structures/SOXLEX_C1_14_4226_z1_12.cif,534624f63461cfbf85cfe04329bbef0f420caa01e306ab3d8cbc99b8879fb6a8,59765157a4ae4e991baf62bb6fe34e3efd331a58fa4c952ce3dc72627840c04d,0,48,"[""F"", ""C"", ""C"", ""C"", ""Br"", ""C"", ""Cl"", ""C"", ""Br"", ""C"", ""H"", ""H"", ""F"", ""C"", ""C"", ""C"", ""Br"", ""C"", ""Cl"", ""C"", ""Br"", ""C"", ""H"", ""H"", ""F"", ""C"", ""C"", ""C"", ""Br"", ""C"", ""Cl"", ""C"", ""Br"", ""C"", ""H"", ""H"", ""F"", ""C"", ""C"", ""C"", ""Br"", ""C"", ""Cl"", ""C"", ""Br"", ""C"", ""H"", ""H""]",C24H8Br8Cl4F4,"[true, true, true]","[11.556628538935385, 0.0, 0.0, 0.0, 10.292602248120161, 0.0, -4.512687746446416, 0.0, 10.777090212780726]",1281.9109651596104,[],"{""cutoff=6.000_skin=0.000"": 1504, ""cutoff=6.000_skin=0.500"": 1892}",0.0,,
OPT-RFT-SOXLEX48-R512-v1,7157da7c8384b8258ca02f46774c12c53148908357151f22a621bec141f2564b,OPT-RFT-SOXLEX48-R512-v1:0302,SOXLEX_C1_14_1158_z1_12,b3a0a3de1b1b09b405dae058f4a5e5a9bb14a5a76cad80fff79f0c18ed270ff7,302,cross_family_test_set,SOXLEX/structures/SOXLEX_C1_14_1158_z1_12.cif,acff1c896989428d66a11f2d007c8b1de55c9e4650b279bb0c1a3f6065ba994c,b3a0a3de1b1b09b405dae058f4a5e5a9bb14a5a76cad80fff79f0c18ed270ff7,0,48,"[""F"", ""C"", ""C"", ""C"", ""Br"", ""C"", ""Cl"", ""C"", ""Br"", ""C"", ""H"", ""H"", ""F"", ""C"", ""C"", ""C"", ""Br"", ""C"", ""Cl"", ""C"", ""Br"", ""C"", ""H"", ""H"", ""F"", ""C"", ""C"", ""C"", ""Br"", ""C"", ""Cl"", ""C"", ""Br"", ""C"", ""H"", ""H"", ""F"", ""C"", ""C"", ""C"", ""Br"", ""C"", ""Cl"", ""C"", ""Br"", ""C"", ""H"", ""H""]",C24H8Br8Cl4F4,"[true, true, true]","[8.162815760312451, 0.0, 0.0, 0.0, 12.739215564076794, 0.0, -4.778768893205047, 0.0, 11.720814175834379]",1218.822495893515,[],"{""cutoff=6.000_skin=0.000"": 1508, ""cutoff=6.000_skin=0.500"": 2000}",0.0,,
OPT-RFT-SOXLEX48-R512-v1,7157da7c8384b8258ca02f46774c12c53148908357151f22a621bec141f2564b,OPT-RFT-SOXLEX48-R512-v1:0303,SOXLEX_C1_14_3777_z1_12,a2ed02a107d520907d979735a43aa09523befdee29c11279b79546e61844ffc8,303,cross_family_test_set,SOXLEX/structures/SOXLEX_C1_14_3777_z1_12.cif,c67eb17574fd12f828e07e042def9c8f22f7daa833dd511eb5cf5ede28a291b7,a2ed02a107d520907d979735a43aa09523befdee29c11279b79546e61844ffc8,0,48,"[""F"", ""C"", ""C"", ""C"", ""Br"", ""C"", ""Cl"", ""C"", ""Br"", ""C"", ""H"", ""H"", ""F"", ""C"", ""C"", ""C"", ""Br"", ""C"", ""Cl"", ""C"", ""Br"", ""C"", ""H"", ""H"", ""F"", ""C"", ""C"", ""C"", ""Br"", ""C"", ""Cl"", ""C"", ""Br"", ""C"", ""H"", ""H"", ""F"", ""C"", ""C"", ""C"", ""Br"", ""C"", ""Cl"", ""C"", ""Br"", ""C"", ""H"", ""H""]",C24H8Br8Cl4F4,"[true, true, true]","[11.901833213752525, 0.0, 0.0, 0.0, 11.470088882442752, 0.0, -6.445574259032221, 0.0, 10.098949929685729]",1378.6590063020549,[],"{""cutoff=6.000_skin=0.000"": 1508, ""cutoff=6.000_skin=0.500"": 1828}",0.0,,
OPT-RFT-SOXLEX48-R512-v1,7157da7c8384b8258ca02f46774c12c53148908357151f22a621bec141f2564b,OPT-RFT-SOXLEX48-R512-v1:0304,SOXLEX_C1_14_2757_z1_12,5e4d9e37c1df0201afd0f0166d061ae2991a8aa97bd952df950f46837990c4fd,304,cross_family_test_set,SOXLEX/structures/SOXLEX_C1_14_2757_z1_12.cif,088a22ce28e6893081ae974001a32bb2ea29268c277ab1f3a3c12206aa9fe52f,5e4d9e37c1df0201afd0f0166d061ae2991a8aa97bd952df950f46837990c4fd,0,48,"[""F"", ""C"", ""C"", ""C"", ""Br"", ""C"", ""Cl"", ""C"", ""Br"", ""C"", ""H"", ""H"", ""F"", ""C"", ""C"", ""C"", ""Br"", ""C"", ""Cl"", ""C"", ""Br"", ""C"", ""H"", ""H"", ""F"", ""C"", ""C"", ""C"", ""Br"", ""C"", ""Cl"", ""C"", ""Br"", ""C"", ""H"", ""H"", ""F"", ""C"", ""C"", ""C"", ""Br"", ""C"", ""Cl"", ""C"", ""Br"", ""C"", ""H"", ""H""]",C24H8Br8Cl4F4,"[true, true, true]","[8.60455299696806, 0.0, 0.0, 0.0, 12.196355119581467, 0.0, -2.7454386674443203, 0.0, 11.46460841480018]",1203.143974928106,[],"{""cutoff=6.000_skin=0.000"": 1512, ""cutoff=6.000_skin=0.500"": 2068}",0.0,,
OPT-RFT-SOXLEX48-R512-v1,7157da7c8384b8258ca02f46774c12c53148908357151f22a621bec141f2564b,OPT-RFT-SOXLEX48-R512-v1:0305,SOXLEX_C1_14_3853_z1_12,c7fa07ea9e704e613bb2d1461b1941dd0a4fe5f1a704920be70443961ff2a77e,305,cross_family_test_set,SOXLEX/structures/SOXLEX_C1_14_3853_z1_12.cif,c68f1822f7a1d309b4902fb872fafe87ee67ebf126ae61a8fec59723054091d7,c7fa07ea9e704e613bb2d1461b1941dd0a4fe5f1a704920be70443961ff2a77e,0,48,"[""F"", ""C"", ""C"", ""C"", ""Br"", ""C"", ""Cl"", ""C"", ""Br"", ""C"", ""H"", ""H"", ""F"", ""C"", ""C"", ""C"", ""Br"", ""C"", ""Cl"", ""C"", ""Br"", ""C"", ""H"", ""H"", ""F"", ""C"", ""C"", ""C"", ""Br"", ""C"", ""Cl"", ""C"", ""Br"", ""C"", ""H"", ""H"", ""F"", ""C"", ""C"", ""C"", ""Br"", ""C"", ""Cl"", ""C"", ""Br"", ""C"", ""H"", ""H""]",C24H8Br8Cl4F4,"[true, true, true]","[9.06578691434865, 0.0, 0.0, 0.0, 13.00298417703744, 0.0, 0.18202367140074008, 0.0, 11.591866341700399]",1366.4756778601516,[],"{""cutoff=6.000_skin=0.000"": 1512, ""cutoff=6.000_skin=0.500"": 1964}",0.0,,
OPT-RFT-SOXLEX48-R512-v1,7157da7c8384b8258ca02f46774c12c53148908357151f22a621bec141f2564b,OPT-RFT-SOXLEX48-R512-v1:0306,SOXLEX_C1_14_1297_z1_12,de168c7754410f31a00d9678941163ede83dc2bf33f439e305d263dd9837ae0c,306,cross_family_test_set,SOXLEX/structures/SOXLEX_C1_14_1297_z1_12.cif,9c7421c81fee1658bd4a12985dbf82e2203f9ba835c656d5c7a897d703b4d91c,de168c7754410f31a00d9678941163ede83dc2bf33f439e305d263dd9837ae0c,0,48,"[""F"", ""C"", ""C"", ""C"", ""Br"", ""C"", ""Cl"", ""C"", ""Br"", ""C"", ""H"", ""H"", ""F"", ""C"", ""C"", ""C"", ""Br"", ""C"", ""Cl"", ""C"", ""Br"", ""C"", ""H"", ""H"", ""F"", ""C"", ""C"", ""C"", ""Br"", ""C"", ""Cl"", ""C"", ""Br"", ""C"", ""H"", ""H"", ""F"", ""C"", ""C"", ""C"", ""Br"", ""C"", ""Cl"", ""C"", ""Br"", ""C"", ""H"", ""H""]",C24H8Br8Cl4F4,"[true, true, true]","[4.8578043312434165, 0.0, 0.0, 0.0, 16.73389108584189, 0.0, -5.278317737264972, 0.0, 17.159407885590916]",1394.88772813463,[],"{""cutoff=6.000_skin=0.000"": 1516, ""cutoff=6.000_skin=0.500"": 1784}",0.0,,
OPT-RFT-SOXLEX48-R512-v1,7157da7c8384b8258ca02f46774c12c53148908357151f22a621bec141f2564b,OPT-RFT-SOXLEX48-R512-v1:0307,SOXLEX_C1_14_2808_z1_12,7656b4e94d3685f102fc12cf32d6507ec0eea16b4e7bb57b28bc568dd043fed4,307,cross_family_test_set,SOXLEX/structures/SOXLEX_C1_14_2808_z1_12.cif,61d83e072bf473a130661fed69986a863143f4e39ce10c39b01648d9a55901f0,7656b4e94d3685f102fc12cf32d6507ec0eea16b4e7bb57b28bc568dd043fed4,0,48,"[""F"", ""C"", ""C"", ""C"", ""Br"", ""C"", ""Cl"", ""C"", ""Br"", ""C"", ""H"", ""H"", ""F"", ""C"", ""C"", ""C"", ""Br"", ""C"", ""Cl"", ""C"", ""Br"", ""C"", ""H"", ""H"", ""F"", ""C"", ""C"", ""C"", ""Br"", ""C"", ""Cl"", ""C"", ""Br"", ""C"", ""H"", ""H"", ""F"", ""C"", ""C"", ""C"", ""Br"", ""C"", ""Cl"", ""C"", ""Br"", ""C"", ""H"", ""H""]",C24H8Br8Cl4F4,"[true, true, true]","[13.411979848513923, 0.0, 0.0, 0.0, 6.9292651987487375, 0.0, 2.16196566895712, 0.0, 14.071238394837327]",1307.7128649423228,[],"{""cutoff=6.000_skin=0.000"": 1516, ""cutoff=6.000_skin=0.500"": 1888}",0.0,,
OPT-RFT-SOXLEX48-R512-v1,7157da7c8384b8258ca02f46774c12c53148908357151f22a621bec141f2564b,OPT-RFT-SOXLEX48-R512-v1:0308,SOXLEX_C1_14_4774_z1_12,4ffee359c6ff15b1b21e9d6c4913ded17cb98a3985ae341dff69fd27a4d4c3a8,308,cross_family_test_set,SOXLEX/structures/SOXLEX_C1_14_4774_z1_12.cif,af80282c9025141948da1503bff0e1e9712a0ff0b4b00369b07ad1490d99f4b4,4ffee359c6ff15b1b21e9d6c4913ded17cb98a3985ae341dff69fd27a4d4c3a8,0,48,"[""F"", ""C"", ""C"", ""C"", ""Br"", ""C"", ""Cl"", ""C"", ""Br"", ""C"", ""H"", ""H"", ""F"", ""C"", ""C"", ""C"", ""Br"", ""C"", ""Cl"", ""C"", ""Br"", ""C"", ""H"", ""H"", ""F"", ""C"", ""C"", ""C"", ""Br"", ""C"", ""Cl"", ""C"", ""Br"", ""C"", ""H"", ""H"", ""F"", ""C"", ""C"", ""C"", ""Br"", ""C"", ""Cl"", ""C"", ""Br"", ""C"", ""H"", ""H""]",C24H8Br8Cl4F4,"[true, true, true]","[10.98888412735419, 0.0, 0.0, 0.0, 13.749165244830056, 0.0, -0.06412787738061934, 0.0, 10.499997365953536]",1586.4234311217015,[],"{""cutoff=6.000_skin=0.000"": 1516, ""cutoff=6.000_skin=0.500"": 1944}",0.0,,
OPT-RFT-SOXLEX48-R512-v1,7157da7c8384b8258ca02f46774c12c53148908357151f22a621bec141f2564b,OPT-RFT-SOXLEX48-R512-v1:0309,SOXLEX_C1_14_3289_z1_12,d8dabf327c5add4765f2b45d4270c2482d7c314b1088c09d78022d2d802b3e23,309,cross_family_test_set,SOXLEX/structures/SOXLEX_C1_14_3289_z1_12.cif,0f5e4a5f1d50fb118ba1ebde7e2ec2a8a76e4f888bbe2df08144f5fabb857493,d8dabf327c5add4765f2b45d4270c2482d7c314b1088c09d78022d2d802b3e23,0,48,"[""F"", ""C"", ""C"", ""C"", ""Br"", ""C"", ""Cl"", ""C"", ""Br"", ""C"", ""H"", ""H"", ""F"", ""C"", ""C"", ""C"", ""Br"", ""C"", ""Cl"", ""C"", ""Br"", ""C"", ""H"", ""H"", ""F"", ""C"", ""C"", ""C"", ""Br"", ""C"", ""Cl"", ""C"", ""Br"", ""C"", ""H"", ""H"", ""F"", ""C"", ""C"", ""C"", ""Br"", ""C"", ""Cl"", ""C"", ""Br"", ""C"", ""H"", ""H""]",C24H8Br8Cl4F4,"[true, true, true]","[7.87232913764193, 0.0, 0.0, 0.0, 12.965335408783758, 0.0, -4.588983463760814, 0.0, 14.125195936604902]",1441.7218502523208,[],"{""cutoff=6.000_skin=0.000"": 1520, ""cutoff=6.000_skin=0.500"": 1760}",0.0,,
OPT-RFT-SOXLEX48-R512-v1,7157da7c8384b8258ca02f46774c12c53148908357151f22a621bec141f2564b,OPT-RFT-SOXLEX48-R512-v1:0310,SOXLEX_C1_14_4563_z1_12,dcb3a524094948f3fc071eb2cd7311ae6eb19f3efb5c7ac5645946280227ee56,310,cross_family_test_set,SOXLEX/structures/SOXLEX_C1_14_4563_z1_12.cif,0842b33f8d9735c308bc29db13fe83acf940fe3b1b49993334a5e76b05164435,dcb3a524094948f3fc071eb2cd7311ae6eb19f3efb5c7ac5645946280227ee56,0,48,"[""F"", ""C"", ""C"", ""C"", ""Br"", ""C"", ""Cl"", ""C"", ""Br"", ""C"", ""H"", ""H"", ""F"", ""C"", ""C"", ""C"", ""Br"", ""C"", ""Cl"", ""C"", ""Br"", ""C"", ""H"", ""H"", ""F"", ""C"", ""C"", ""C"", ""Br"", ""C"", ""Cl"", ""C"", ""Br"", ""C"", ""H"", ""H"", ""F"", ""C"", ""C"", ""C"", ""Br"", ""C"", ""Cl"", ""C"", ""Br"", ""C"", ""H"", ""H""]",C24H8Br8Cl4F4,"[true, true, true]","[5.899615704747948, 0.0, 0.0, 0.0, 17.100581765680516, 0.0, 5.480702093938692, 0.0, 11.68133429054934]",1178.4931458880224,[],"{""cutoff=6.000_skin=0.000"": 1520, ""cutoff=6.000_skin=0.500"": 2232}",0.0,,
OPT-RFT-SOXLEX48-R512-v1,7157da7c8384b8258ca02f46774c12c53148908357151f22a621bec141f2564b,OPT-RFT-SOXLEX48-R512-v1:0311,SOXLEX_C1_14_1477_z1_12,92ea81d4c0f78671a9d3ca23e899e3fdaa7a67661271c90765607a027eb59bf6,311,cross_family_test_set,SOXLEX/structures/SOXLEX_C1_14_1477_z1_12.cif,f2df04cfa53590b717c1f02c8133e91cdcba26512a609e563429113068c9972a,92ea81d4c0f78671a9d3ca23e899e3fdaa7a67661271c90765607a027eb59bf6,0,48,"[""F"", ""C"", ""C"", ""C"", ""Br"", ""C"", ""Cl"", ""C"", ""Br"", ""C"", ""H"", ""H"", ""F"", ""C"", ""C"", ""C"", ""Br"", ""C"", ""Cl"", ""C"", ""Br"", ""C"", ""H"", ""H"", ""F"", ""C"", ""C"", ""C"", ""Br"", ""C"", ""Cl"", ""C"", ""Br"", ""C"", ""H"", ""H"", ""F"", ""C"", ""C"", ""C"", ""Br"", ""C"", ""Cl"", ""C"", ""Br"", ""C"", ""H"", ""H""]",C24H8Br8Cl4F4,"[true, true, true]","[10.515959355497255, 0.0, 0.0, 0.0, 11.638412206378643, 0.0, -4.770403256578382, 0.0, 11.210343794732196]",1372.0235483324686,[],"{""cutoff=6.000_skin=0.000"": 1524, ""cutoff=6.000_skin=0.500"": 1812}",0.0,,
OPT-RFT-SOXLEX48-R512-v1,7157da7c8384b8258ca02f46774c12c53148908357151f22a621bec141f2564b,OPT-RFT-SOXLEX48-R512-v1:0312,SOXLEX_C1_14_391_z1_12,fd9149eb7ff5ed38245af3694d27f899d7da000fec4a39f3ae8e3369b9c0e309,312,cross_family_test_set,SOXLEX/structures/SOXLEX_C1_14_391_z1_12.cif,583ea6117babcb5fde758ad2d4af9955e31f10b6399d4072997c3cce4c811200,fd9149eb7ff5ed38245af3694d27f899d7da000fec4a39f3ae8e3369b9c0e309,0,48,"[""F"", ""C"", ""C"", ""C"", ""Br"", ""C"", ""Cl"", ""C"", ""Br"", ""C"", ""H"", ""H"", ""F"", ""C"", ""C"", ""C"", ""Br"", ""C"", ""Cl"", ""C"", ""Br"", ""C"", ""H"", ""H"", ""F"", ""C"", ""C"", ""C"", ""Br"", ""C"", ""Cl"", ""C"", ""Br"", ""C"", ""H"", ""H"", ""F"", ""C"", ""C"", ""C"", ""Br"", ""C"", ""Cl"", ""C"", ""Br"", ""C"", ""H"", ""H""]",C24H8Br8Cl4F4,"[true, true, true]","[8.398701226723112, 0.0, 0.0, 0.0, 11.898258591227712, 0.0, 8.107365253270089, 0.0, 12.197051463090059]",1218.850365062703,[],"{""cutoff=6.000_skin=0.000"": 1524, ""cutoff=6.000_skin=0.500"": 2092}",0.0,,
OPT-RFT-SOXLEX48-R512-v1,7157da7c8384b8258ca02f46774c12c53148908357151f22a621bec141f2564b,OPT-RFT-SOXLEX48-R512-v1:0313,SOXLEX_C1_14_1964_z1_12,03af72dd7b2fcc7196256e9eb3a266a626079a69b4cd095116d88631c61d35a4,313,cross_family_test_set,SOXLEX/structures/SOXLEX_C1_14_1964_z1_12.cif,dfa4d5daedfe96fedaf12a9b4bbf135e02c03df30c85a6c0a80f7683f193376d,03af72dd7b2fcc7196256e9eb3a266a626079a69b4cd095116d88631c61d35a4,0,48,"[""F"", ""C"", ""C"", ""C"", ""Br"", ""C"", ""Cl"", ""C"", ""Br"", ""C"", ""H"", ""H"", ""F"", ""C"", ""C"", ""C"", ""Br"", ""C"", ""Cl"", ""C"", ""Br"", ""C"", ""H"", ""H"", ""F"", ""C"", ""C"", ""C"", ""Br"", ""C"", ""Cl"", ""C"", ""Br"", ""C"", ""H"", ""H"", ""F"", ""C"", ""C"", ""C"", ""Br"", ""C"", ""Cl"", ""C"", ""Br"", ""C"", ""H"", ""H""]",C24H8Br8Cl4F4,"[true, true, true]","[9.659388459448458, 0.0, 0.0, 0.0, 12.304080036242533, 0.0, 5.461957278862846, 0.0, 10.568384657502795]",1256.0513403486377,[],"{""cutoff=6.000_skin=0.000"": 1528, ""cutoff=6.000_skin=0.500"": 1936}",0.0,,
OPT-RFT-SOXLEX48-R512-v1,7157da7c8384b8258ca02f46774c12c53148908357151f22a621bec141f2564b,OPT-RFT-SOXLEX48-R512-v1:0314,SOXLEX_C1_14_3672_z1_12,e94852e990fb3ca6a6ac4be4c5508a909b88a34c4aac3da0df34e3ed57306dec,314,cross_family_test_set,SOXLEX/structures/SOXLEX_C1_14_3672_z1_12.cif,a007a13f1c4711666f148760940d7918e40f3718184d84f9f40ececff52deb0d,e94852e990fb3ca6a6ac4be4c5508a909b88a34c4aac3da0df34e3ed57306dec,0,48,"[""F"", ""C"", ""C"", ""C"", ""Br"", ""C"", ""Cl"", ""C"", ""Br"", ""C"", ""H"", ""H"", ""F"", ""C"", ""C"", ""C"", ""Br"", ""C"", ""Cl"", ""C"", ""Br"", ""C"", ""H"", ""H"", ""F"", ""C"", ""C"", ""C"", ""Br"", ""C"", ""Cl"", ""C"", ""Br"", ""C"", ""H"", ""H"", ""F"", ""C"", ""C"", ""C"", ""Br"", ""C"", ""Cl"", ""C"", ""Br"", ""C"", ""H"", ""H""]",C24H8Br8Cl4F4,"[true, true, true]","[11.786374642027706, 0.0, 0.0, 0.0, 10.929628301605902, 0.0, -2.1059261919226016, 0.0, 10.157607230073534]",1308.5100113439191,[],"{""cutoff=6.000_skin=0.000"": 1528, ""cutoff=6.000_skin=0.500"": 1944}",0.0,,
OPT-RFT-SOXLEX48-R512-v1,7157da7c8384b8258ca02f46774c12c53148908357151f22a621bec141f2564b,OPT-RFT-SOXLEX48-R512-v1:0315,SOXLEX_C1_14_2223_z1_12,476bae1c59ca9606044cb4b7d9995b4273894f4ed00d8c53341365e7177a3002,315,cross_family_test_set,SOXLEX/structures/SOXLEX_C1_14_2223_z1_12.cif,e5c362f360ea7f556fe5f51e6d69bd55f2f77d781af28d0f73a8cadb0bb0f47b,476bae1c59ca9606044cb4b7d9995b4273894f4ed00d8c53341365e7177a3002,0,48,"[""F"", ""C"", ""C"", ""C"", ""Br"", ""C"", ""Cl"", ""C"", ""Br"", ""C"", ""H"", ""H"", ""F"", ""C"", ""C"", ""C"", ""Br"", ""C"", ""Cl"", ""C"", ""Br"", ""C"", ""H"", ""H"", ""F"", ""C"", ""C"", ""C"", ""Br"", ""C"", ""Cl"", ""C"", ""Br"", ""C"", ""H"", ""H"", ""F"", ""C"", ""C"", ""C"", ""Br"", ""C"", ""Cl"", ""C"", ""Br"", ""C"", ""H"", ""H""]",C24H8Br8Cl4F4,"[true, true, true]","[10.056709979210588, 0.0, 0.0, 0.0, 10.441498589658952, 0.0, -2.0179613950529394, 0.0, 11.564805643460133]",1214.386969420264,[],"{""cutoff=6.000_skin=0.000"": 1532, ""cutoff=6.000_skin=0.500"": 1984}",0.0,,
OPT-RFT-SOXLEX48-R512-v1,7157da7c8384b8258ca02f46774c12c53148908357151f22a621bec141f2564b,OPT-RFT-SOXLEX48-R512-v1:0316,SOXLEX_C1_14_3565_z1_12,10a141234111c79e595c7ceaa2b7a5c698bbee007d3514d0bcc08a561821f095,316,cross_family_test_set,SOXLEX/structures/SOXLEX_C1_14_3565_z1_12.cif,604dcd11e56af8a5b2ce9a48e1ef9be1458a2678460289b095a6ae8d0ff18802,10a141234111c79e595c7ceaa2b7a5c698bbee007d3514d0bcc08a561821f095,0,48,"[""F"", ""C"", ""C"", ""C"", ""Br"", ""C"", ""Cl"", ""C"", ""Br"", ""C"", ""H"", ""H"", ""F"", ""C"", ""C"", ""C"", ""Br"", ""C"", ""Cl"", ""C"", ""Br"", ""C"", ""H"", ""H"", ""F"", ""C"", ""C"", ""C"", ""Br"", ""C"", ""Cl"", ""C"", ""Br"", ""C"", ""H"", ""H"", ""F"", ""C"", ""C"", ""C"", ""Br"", ""C"", ""Cl"", ""C"", ""Br"", ""C"", ""H"", ""H""]",C24H8Br8Cl4F4,"[true, true, true]","[8.429410003353286, 0.0, 0.0, 0.0, 11.051153233361322, 0.0, -3.1265347108793615, 0.0, 12.318918753471467]",1147.565200685338,[],"{""cutoff=6.000_skin=0.000"": 1532, ""cutoff=6.000_skin=0.500"": 2268}",0.0,,
OPT-RFT-SOXLEX48-R512-v1,7157da7c8384b8258ca02f46774c12c53148908357151f22a621bec141f2564b,OPT-RFT-SOXLEX48-R512-v1:0317,SOXLEX_C1_14_641_z1_12,b038e3561ecc96e1a8f9e292304bb04b8d35fb8c642becbb9dfd436e534ecd10,317,cross_family_test_set,SOXLEX/structures/SOXLEX_C1_14_641_z1_12.cif,5214448ea758316cd9a0a6e17e7036f7c395f5d0cee7e22dd02077e818e51e01,b038e3561ecc96e1a8f9e292304bb04b8d35fb8c642becbb9dfd436e534ecd10,0,48,"[""F"", ""C"", ""C"", ""C"", ""Br"", ""C"", ""Cl"", ""C"", ""Br"", ""C"", ""H"", ""H"", ""F"", ""C"", ""C"", ""C"", ""Br"", ""C"", ""Cl"", ""C"", ""Br"", ""C"", ""H"", ""H"", ""F"", ""C"", ""C"", ""C"", ""Br"", ""C"", ""Cl"", ""C"", ""Br"", ""C"", ""H"", ""H"", ""F"", ""C"", ""C"", ""C"", ""Br"", ""C"", ""Cl"", ""C"", ""Br"", ""C"", ""H"", ""H""]",C24H8Br8Cl4F4,"[true, true, true]","[8.789322461683259, 0.0, 0.0, 0.0, 11.63455208153843, 0.0, -2.7299185945858055, 0.0, 11.57696263485701]",1183.8582302840864,[],"{""cutoff=6.000_skin=0.000"": 1532, ""cutoff=6.000_skin=0.500"": 2076}",0.0,,
OPT-RFT-SOXLEX48-R512-v1,7157da7c8384b8258ca02f46774c12c53148908357151f22a621bec141f2564b,OPT-RFT-SOXLEX48-R512-v1:0318,SOXLEX_C1_14_4627_z1_12,c10d82fde90de1904cc12561a1daece47cc74de37fa557b91064b532de82c869,318,cross_family_test_set,SOXLEX/structures/SOXLEX_C1_14_4627_z1_12.cif,2d7c1ab33162aa6c95cbe2ec06e24ea8f56440a7c08a26bd3d8c8cedfb5ffe91,c10d82fde90de1904cc12561a1daece47cc74de37fa557b91064b532de82c869,0,48,"[""F"", ""C"", ""C"", ""C"", ""Br"", ""C"", ""Cl"", ""C"", ""Br"", ""C"", ""H"", ""H"", ""F"", ""C"", ""C"", ""C"", ""Br"", ""C"", ""Cl"", ""C"", ""Br"", ""C"", ""H"", ""H"", ""F"", ""C"", ""C"", ""C"", ""Br"", ""C"", ""Cl"", ""C"", ""Br"", ""C"", ""H"", ""H"", ""F"", ""C"", ""C"", ""C"", ""Br"", ""C"", ""Cl"", ""C"", ""Br"", ""C"", ""H"", ""H""]",C24H8Br8Cl4F4,"[true, true, true]","[4.879453940337251, 0.0, 0.0, 0.0, 18.58469997101291, 0.0, 2.9575802025158895, 0.0, 17.257475937504662]",1564.962926278645,[],"{""cutoff=6.000_skin=0.000"": 1536, ""cutoff=6.000_skin=0.500"": 1832}",0.0,,
OPT-RFT-SOXLEX48-R512-v1,7157da7c8384b8258ca02f46774c12c53148908357151f22a621bec141f2564b,OPT-RFT-SOXLEX48-R512-v1:0319,SOXLEX_C1_14_1558_z1_12,fe35300a425a8511f5dfc31dccdb5bb000535abbaf9668bcf059ae5d18cc6cb5,319,cross_family_test_set,SOXLEX/structures/SOXLEX_C1_14_1558_z1_12.cif,363eecfc9eb96db7cac66d7c297f33030eb9fdbddae39e8655b5c0b0d27caa97,fe35300a425a8511f5dfc31dccdb5bb000535abbaf9668bcf059ae5d18cc6cb5,0,48,"[""F"", ""C"", ""C"", ""C"", ""Br"", ""C"", ""Cl"", ""C"", ""Br"", ""C"", ""H"", ""H"", ""F"", ""C"", ""C"", ""C"", ""Br"", ""C"", ""Cl"", ""C"", ""Br"", ""C"", ""H"", ""H"", ""F"", ""C"", ""C"", ""C"", ""Br"", ""C"", ""Cl"", ""C"", ""Br"", ""C"", ""H"", ""H"", ""F"", ""C"", ""C"", ""C"", ""Br"", ""C"", ""Cl"", ""C"", ""Br"", ""C"", ""H"", ""H""]",C24H8Br8Cl4F4,"[true, true, true]","[9.24710447962984, 0.0, 0.0, 0.0, 9.493645845168864, 0.0, 3.837868874082048, 0.0, 14.694085038379182]",1289.9751378379378,[],"{""cutoff=6.000_skin=0.000"": 1540, ""cutoff=6.000_skin=0.500"": 1952}",0.0,,
OPT-RFT-SOXLEX48-R512-v1,7157da7c8384b8258ca02f46774c12c53148908357151f22a621bec141f2564b,OPT-RFT-SOXLEX48-R512-v1:0320,SOXLEX_C1_14_2974_z1_12,5a6508436bf457782654a5be06998082254276db8021caffe5580e7e22b09a0c,320,cross_family_test_set,SOXLEX/structures/SOXLEX_C1_14_2974_z1_12.cif,f143ca565f771f32d1cff64d2c713d6677ae833109d6cdfe7c382ee4b4f93ae2,5a6508436bf457782654a5be06998082254276db8021caffe5580e7e22b09a0c,0,48,"[""F"", ""C"", ""C"", ""C"", ""Br"", ""C"", ""Cl"", ""C"", ""Br"", ""C"", ""H"", ""H"", ""F"", ""C"", ""C"", ""C"", ""Br"", ""C"", ""Cl"", ""C"", ""Br"", ""C"", ""H"", ""H"", ""F"", ""C"", ""C"", ""C"", ""Br"", ""C"", ""Cl"", ""C"", ""Br"", ""C"", ""H"", ""H"", ""F"", ""C"", ""C"", ""C"", ""Br"", ""C"", ""Cl"", ""C"", ""Br"", ""C"", ""H"", ""H""]",C24H8Br8Cl4F4,"[true, true, true]","[7.479679867319788, 0.0, 0.0, 0.0, 15.397343201745468, 0.0, 1.6378935881448156, 0.0, 11.126527737267903]",1281.4110224842927,[],"{""cutoff=6.000_skin=0.000"": 1540, ""cutoff=6.000_skin=0.500"": 2028}",0.0,,
OPT-RFT-SOXLEX48-R512-v1,7157da7c8384b8258ca02f46774c12c53148908357151f22a621bec141f2564b,OPT-RFT-SOXLEX48-R512-v1:0321,SOXLEX_C1_14_1279_z1_12,c9d979416b71489b305db012d95e08173b1ccf9670c0728d09f7c767a435d639,321,cross_family_test_set,SOXLEX/structures/SOXLEX_C1_14_1279_z1_12.cif,d5081428825f810ccad4f0007bb22e3ed862602d3c7b9c73a48e4522d23e1bef,c9d979416b71489b305db012d95e08173b1ccf9670c0728d09f7c767a435d639,0,48,"[""F"", ""C"", ""C"", ""C"", ""Br"", ""C"", ""Cl"", ""C"", ""Br"", ""C"", ""H"", ""H"", ""F"", ""C"", ""C"", ""C"", ""Br"", ""C"", ""Cl"", ""C"", ""Br"", ""C"", ""H"", ""H"", ""F"", ""C"", ""C"", ""C"", ""Br"", ""C"", ""Cl"", ""C"", ""Br"", ""C"", ""H"", ""H"", ""F"", ""C"", ""C"", ""C"", ""Br"", ""C"", ""Cl"", ""C"", ""Br"", ""C"", ""H"", ""H""]",C24H8Br8Cl4F4,"[true, true, true]","[8.53545596385652, 0.0, 0.0, 0.0, 16.172023659691853, 0.0, 1.2034964392263983, 0.0, 9.636061285753295]",1330.1194606840022,[],"{""cutoff=6.000_skin=0.000"": 1544, ""cutoff=6.000_skin=0.500"": 1948}",0.0,,
OPT-RFT-SOXLEX48-R512-v1,7157da7c8384b8258ca02f46774c12c53148908357151f22a621bec141f2564b,OPT-RFT-SOXLEX48-R512-v1:0322,SOXLEX_C1_14_3054_z1_12,153c48781dcc4ce043e3e3891577d0c9d07980d40b5188818c4c358bbf938cef,322,cross_family_test_set,SOXLEX/structures/SOXLEX_C1_14_3054_z1_12.cif,67b35ddf948fbf7c7f908b7526a9fe9aa4ea159a48cc714dd6c4f73d18691321,153c48781dcc4ce043e3e3891577d0c9d07980d40b5188818c4c358bbf938cef,0,48,"[""F"", ""C"", ""C"", ""C"", ""Br"", ""C"", ""Cl"", ""C"", ""Br"", ""C"", ""H"", ""H"", ""F"", ""C"", ""C"", ""C"", ""Br"", ""C"", ""Cl"", ""C"", ""Br"", ""C"", ""H"", ""H"", ""F"", ""C"", ""C"", ""C"", ""Br"", ""C"", ""Cl"", ""C"", ""Br"", ""C"", ""H"", ""H"", ""F"", ""C"", ""C"", ""C"", ""Br"", ""C"", ""Cl"", ""C"", ""Br"", ""C"", ""H"", ""H""]",C24H8Br8Cl4F4,"[true, true, true]","[15.43773816848422, 0.0, 0.0, 0.0, 9.454171677691079, 0.0, 1.4235168896629404, 0.0, 9.220032404219397]",1345.6731980011673,[],"{""cutoff=6.000_skin=0.000"": 1544, ""cutoff=6.000_skin=0.500"": 1916}",0.0,,
OPT-RFT-SOXLEX48-R512-v1,7157da7c8384b8258ca02f46774c12c53148908357151f22a621bec141f2564b,OPT-RFT-SOXLEX48-R512-v1:0323,SOXLEX_C1_14_1337_z1_12,4ec2cf7ce335e9a8694ebf9d8cd753433d6935ab945ad0a99a4170a8b01a4904,323,cross_family_test_set,SOXLEX/structures/SOXLEX_C1_14_1337_z1_12.cif,f82f33d717a4636fa0531942cdbd27ab4e5ea937c9d637de10ee29e2360a9bb6,4ec2cf7ce335e9a8694ebf9d8cd753433d6935ab945ad0a99a4170a8b01a4904,0,48,"[""F"", ""C"", ""C"", ""C"", ""Br"", ""C"", ""Cl"", ""C"", ""Br"", ""C"", ""H"", ""H"", ""F"", ""C"", ""C"", ""C"", ""Br"", ""C"", ""Cl"", ""C"", ""Br"", ""C"", ""H"", ""H"", ""F"", ""C"", ""C"", ""C"", ""Br"", ""C"", ""Cl"", ""C"", ""Br"", ""C"", ""H"", ""H"", ""F"", ""C"", ""C"", ""C"", ""Br"", ""C"", ""Cl"", ""C"", ""Br"", ""C"", ""H"", ""H""]",C24H8Br8Cl4F4,"[true, true, true]","[8.539448682253848, 0.0, 0.0, 0.0, 13.428881498192304, 0.0, -8.992759814930912, 0.0, 10.9029986893563]",1250.3040395461612,[],"{""cutoff=6.000_skin=0.000"": 1548, ""cutoff=6.000_skin=0.500"": 1996}",0.0,,
OPT-RFT-SOXLEX48-R512-v1,7157da7c8384b8258ca02f46774c12c53148908357151f22a621bec141f2564b,OPT-RFT-SOXLEX48-R512-v1:0324,SOXLEX_C1_14_435_z1_12,03959ff5031d0adf07f9f08bce93422707336132ba21aa9e0e34a51d498ec71c,324,cross_family_test_set,SOXLEX/structures/SOXLEX_C1_14_435_z1_12.cif,7851ce1eb3535ef0239a69f106bff98a217db5ff28292735cec2bcb95160eb09,03959ff5031d0adf07f9f08bce93422707336132ba21aa9e0e34a51d498ec71c,0,48,"[""F"", ""C"", ""C"", ""C"", ""Br"", ""C"", ""Cl"", ""C"", ""Br"", ""C"", ""H"", ""H"", ""F"", ""C"", ""C"", ""C"", ""Br"", ""C"", ""Cl"", ""C"", ""Br"", ""C"", ""H"", ""H"", ""F"", ""C"", ""C"", ""C"", ""Br"", ""C"", ""Cl"", ""C"", ""Br"", ""C"", ""H"", ""H"", ""F"", ""C"", ""C"", ""C"", ""Br"", ""C"", ""Cl"", ""C"", ""Br"", ""C"", ""H"", ""H""]",C24H8Br8Cl4F4,"[true, true, true]","[6.671786329972974, 0.0, 0.0, 0.0, 20.213162251143913, 0.0, -1.053332584329562, 0.0, 10.103459100804589]",1362.5312729553348,[],"{""cutoff=6.000_skin=0.000"": 1548, ""cutoff=6.000_skin=0.500"": 1932}",0.0,,
OPT-RFT-SOXLEX48-R512-v1,7157da7c8384b8258ca02f46774c12c53148908357151f22a621bec141f2564b,OPT-RFT-SOXLEX48-R512-v1:0325,SOXLEX_C1_14_2179_z1_12,1bffc7eedaedb9bde19027e87e594cd3ae75b5a75942bdf35f897d536901f004,325,cross_family_test_set,SOXLEX/structures/SOXLEX_C1_14_2179_z1_12.cif,60104e3f2758a12ef82a06ecf2972fa74fbe612428513e27535535b85400d50f,1bffc7eedaedb9bde19027e87e594cd3ae75b5a75942bdf35f897d536901f004,0,48,"[""F"", ""C"", ""C"", ""C"", ""Br"", ""C"", ""Cl"", ""C"", ""Br"", ""C"", ""H"", ""H"", ""F"", ""C"", ""C"", ""C"", ""Br"", ""C"", ""Cl"", ""C"", ""Br"", ""C"", ""H"", ""H"", ""F"", ""C"", ""C"", ""C"", ""Br"", ""C"", ""Cl"", ""C"", ""Br"", ""C"", ""H"", ""H"", ""F"", ""C"", ""C"", ""C"", ""Br"", ""C"", ""Cl"", ""C"", ""Br"", ""C"", ""H"", ""H""]",C24H8Br8Cl4F4,"[true, true, true]","[8.102779593444787, 0.0, 0.0, 0.0, 10.41244830030125, 0.0, -5.931867425762529, 0.0, 14.208532028816116]",1198.7706305374254,[],"{""cutoff=6.000_skin=0.000"": 1552, ""cutoff=6.000_skin=0.500"": 2144}",0.0,,
OPT-RFT-SOXLEX48-R512-v1,7157da7c8384b8258ca02f46774c12c53148908357151f22a621bec141f2564b,OPT-RFT-SOXLEX48-R512-v1:0326,SOXLEX_C1_14_3763_z1_12,6b4550fc53eb1987c468cd00a411f1c28e6087a93c818b9bcd70e6b4890138b1,326,cross_family_test_set,SOXLEX/structures/SOXLEX_C1_14_3763_z1_12.cif,1e5527bc852a896956465234269e92c63dad0389ef9384073a8813700a9ae900,6b4550fc53eb1987c468cd00a411f1c28e6087a93c818b9bcd70e6b4890138b1,0,48,"[""F"", ""C"", ""C"", ""C"", ""Br"", ""C"", ""Cl"", ""C"", ""Br"", ""C"", ""H"", ""H"", ""F"", ""C"", ""C"", ""C"", ""Br"", ""C"", ""Cl"", ""C"", ""Br"", ""C"", ""H"", ""H"", ""F"", ""C"", ""C"", ""C"", ""Br"", ""C"", ""Cl"", ""C"", ""Br"", ""C"", ""H"", ""H"", ""F"", ""C"", ""C"", ""C"", ""Br"", ""C"", ""Cl"", ""C"", ""Br"", ""C"", ""H"", ""H""]",C24H8Br8Cl4F4,"[true, true, true]","[9.812594698869226, 0.0, 0.0, 0.0, 9.65291002032583, 0.0, -12.672251961666307, 0.0, 13.339559692668661]",1263.5243439277601,[],"{""cutoff=6.000_skin=0.000"": 1552, ""cutoff=6.000_skin=0.500"": 1952}",0.0,,
OPT-RFT-SOXLEX48-R512-v1,7157da7c8384b8258ca02f46774c12c53148908357151f22a621bec141f2564b,OPT-RFT-SOXLEX48-R512-v1:0327,SOXLEX_C1_14_1493_z1_12,7b5a11fe21f028c3d0f7e5afd592e9c18dec2074ffb5fdc89ebc6e54369ea4db,327,cross_family_test_set,SOXLEX/structures/SOXLEX_C1_14_1493_z1_12.cif,29422c866bd0f1a65f474572a066eda0336df43694fd98bf30f15a357bd9180a,7b5a11fe21f028c3d0f7e5afd592e9c18dec2074ffb5fdc89ebc6e54369ea4db,0,48,"[""F"", ""C"", ""C"", ""C"", ""Br"", ""C"", ""Cl"", ""C"", ""Br"", ""C"", ""H"", ""H"", ""F"", ""C"", ""C"", ""C"", ""Br"", ""C"", ""Cl"", ""C"", ""Br"", ""C"", ""H"", ""H"", ""F"", ""C"", ""C"", ""C"", ""Br"", ""C"", ""Cl"", ""C"", ""Br"", ""C"", ""H"", ""H"", ""F"", ""C"", ""C"", ""C"", ""Br"", ""C"", ""Cl"", ""C"", ""Br"", ""C"", ""H"", ""H""]",C24H8Br8Cl4F4,"[true, true, true]","[6.679353869403867, 0.0, 0.0, 0.0, 19.571017101416487, 0.0, -8.258064162165285, 0.0, 9.628633778082335]",1258.671846069152,[],"{""cutoff=6.000_skin=0.000"": 1556, ""cutoff=6.000_skin=0.500"": 2092}",0.0,,
OPT-RFT-SOXLEX48-R512-v1,7157da7c8384b8258ca02f46774c12c53148908357151f22a621bec141f2564b,OPT-RFT-SOXLEX48-R512-v1:0328,SOXLEX_C1_14_2095_z1_12,957fe25d94ffc9d4f37ce0f93fed5ccfecdaa9c72b44d3bd3a5b78e5f4c174ed,328,cross_family_test_set,SOXLEX/structures/SOXLEX_C1_14_2095_z1_12.cif,60eac7a4bc7746faca01db2122e62d6e5ae5e58a11c1f9f92dba7f3f0c3cbc22,957fe25d94ffc9d4f37ce0f93fed5ccfecdaa9c72b44d3bd3a5b78e5f4c174ed,0,48,"[""F"", ""C"", ""C"", ""C"", ""Br"", ""C"", ""Cl"", ""C"", ""Br"", ""C"", ""H"", ""H"", ""F"", ""C"", ""C"", ""C"", ""Br"", ""C"", ""Cl"", ""C"", ""Br"", ""C"", ""H"", ""H"", ""F"", ""C"", ""C"", ""C"", ""Br"", ""C"", ""Cl"", ""C"", ""Br"", ""C"", ""H"", ""H"", ""F"", ""C"", ""C"", ""C"", ""Br"", ""C"", ""Cl"", ""C"", ""Br"", ""C"", ""H"", ""H""]",C24H8Br8Cl4F4,"[true, true, true]","[9.222122132225438, 0.0, 0.0, 0.0, 9.447763891225854, 0.0, -4.487042675599008, 0.0, 15.475430459034152]",1348.349997869232,[],"{""cutoff=6.000_skin=0.000"": 1560, ""cutoff=6.000_skin=0.500"": 2004}",0.0,,
OPT-RFT-SOXLEX48-R512-v1,7157da7c8384b8258ca02f46774c12c53148908357151f22a621bec141f2564b,OPT-RFT-SOXLEX48-R512-v1:0329,SOXLEX_C1_14_3559_z1_12,b3887464b00b53e49da4da678f27de85de55bc93270a2bff080e94cdd1515f77,329,cross_family_test_set,SOXLEX/structures/SOXLEX_C1_14_3559_z1_12.cif,003610c2875ab19bb90f93f1ba80bc1b73806300d070f7a9b0f6ceb7027a77f2,b3887464b00b53e49da4da678f27de85de55bc93270a2bff080e94cdd1515f77,0,48,"[""F"", ""C"", ""C"", ""C"", ""Br"", ""C"", ""Cl"", ""C"", ""Br"", ""C"", ""H"", ""H"", ""F"", ""C"", ""C"", ""C"", ""Br"", ""C"", ""Cl"", ""C"", ""Br"", ""C"", ""H"", ""H"", ""F"", ""C"", ""C"", ""C"", ""Br"", ""C"", ""Cl"", ""C"", ""Br"", ""C"", ""H"", ""H"", ""F"", ""C"", ""C"", ""C"", ""Br"", ""C"", ""Cl"", ""C"", ""Br"", ""C"", ""H"", ""H""]",C24H8Br8Cl4F4,"[true, true, true]","[8.646832822758114, 0.0, 0.0, 0.0, 8.327325840980688, 0.0, 3.1047910970318062, 0.0, 18.360802764475704]",1322.0695003750022,[],"{""cutoff=6.000_skin=0.000"": 1560, ""cutoff=6.000_skin=0.500"": 1884}",0.0,,
OPT-RFT-SOXLEX48-R512-v1,7157da7c8384b8258ca02f46774c12c53148908357151f22a621bec141f2564b,OPT-RFT-SOXLEX48-R512-v1:0330,SOXLEX_C1_14_7_z1_12,c27ce8c3e436f4f0ed43c0d3d57c255609ab4441b67219892047b8c18db2edb6,330,cross_family_test_set,SOXLEX/structures/SOXLEX_C1_14_7_z1_12.cif,80845e5da0849aec9854483b536730c2e76fb83f78ec8ec80b4aa4522194e796,c27ce8c3e436f4f0ed43c0d3d57c255609ab4441b67219892047b8c18db2edb6,0,48,"[""F"", ""C"", ""C"", ""C"", ""Br"", ""C"", ""Cl"", ""C"", ""Br"", ""C"", ""H"", ""H"", ""F"", ""C"", ""C"", ""C"", ""Br"", ""C"", ""Cl"", ""C"", ""Br"", ""C"", ""H"", ""H"", ""F"", ""C"", ""C"", ""C"", ""Br"", ""C"", ""Cl"", ""C"", ""Br"", ""C"", ""H"", ""H"", ""F"", ""C"", ""C"", ""C"", ""Br"", ""C"", ""Cl"", ""C"", ""Br"", ""C"", ""H"", ""H""]",C24H8Br8Cl4F4,"[true, true, true]","[7.710468203704934, 0.0, 0.0, 0.0, 20.117126385336245, 0.0, -2.38106674519794, 0.0, 9.299717364261635]",1442.502068774047,[],"{""cutoff=6.000_skin=0.000"": 1560, ""cutoff=6.000_skin=0.500"": 1828}",0.0,,
OPT-RFT-SOXLEX48-R512-v1,7157da7c8384b8258ca02f46774c12c53148908357151f22a621bec141f2564b,OPT-RFT-SOXLEX48-R512-v1:0331,SOXLEX_C1_14_2386_z1_12,1b222ab68126b3080f91188f892a7756920a2e264a3a7bbb6c9b4053668a1245,331,cross_family_test_set,SOXLEX/structures/SOXLEX_C1_14_2386_z1_12.cif,05aca23c210f90d51f930a932fcb63f19dd110dce6cc88bbbf7d658d3cf55cb3,1b222ab68126b3080f91188f892a7756920a2e264a3a7bbb6c9b4053668a1245,0,48,"[""F"", ""C"", ""C"", ""C"", ""Br"", ""C"", ""Cl"", ""C"", ""Br"", ""C"", ""H"", ""H"", ""F"", ""C"", ""C"", ""C"", ""Br"", ""C"", ""Cl"", ""C"", ""Br"", ""C"", ""H"", ""H"", ""F"", ""C"", ""C"", ""C"", ""Br"", ""C"", ""Cl"", ""C"", ""Br"", ""C"", ""H"", ""H"", ""F"", ""C"", ""C"", ""C"", ""Br"", ""C"", ""Cl"", ""C"", ""Br"", ""C"", ""H"", ""H""]",C24H8Br8Cl4F4,"[true, true, true]","[9.814367723451397, 0.0, 0.0, 0.0, 7.506948567750154, 0.0, -0.3075061193834691, 0.0, 17.00739547107215]",1253.0360817084108,[],"{""cutoff=6.000_skin=0.000"": 1564, ""cutoff=6.000_skin=0.500"": 1960}",0.0,,
OPT-RFT-SOXLEX48-R512-v1,7157da7c8384b8258ca02f46774c12c53148908357151f22a621bec141f2564b,OPT-RFT-SOXLEX48-R512-v1:0332,SOXLEX_C1_14_4807_z1_12,a9574fe44201b117fae588431b8bc721e6ad3635dea5d638c767f45e4c5d1c34,332,cross_family_test_set,SOXLEX/structures/SOXLEX_C1_14_4807_z1_12.cif,b41594b5e09af5bd1dada64bba4a4312a7b330bd0d992a6f0923ccd706aa3dab,a9574fe44201b117fae588431b8bc721e6ad3635dea5d638c767f45e4c5d1c34,0,48,"[""F"", ""C"", ""C"", ""C"", ""Br"", ""C"", ""Cl"", ""C"", ""Br"", ""C"", ""H"", ""H"", ""F"", ""C"", ""C"", ""C"", ""Br"", ""C"", ""Cl"", ""C"", ""Br"", ""C"", ""H"", ""H"", ""F"", ""C"", ""C"", ""C"", ""Br"", ""C"", ""Cl"", ""C"", ""Br"", ""C"", ""H"", ""H"", ""F"", ""C"", ""C"", ""C"", ""Br"", ""C"", ""Cl"", ""C"", ""Br"", ""C"", ""H"", ""H""]",C24H8Br8Cl4F4,"[true, true, true]","[6.427517589446175, 0.0, 0.0, 0.0, 20.55672480699603, 0.0, 0.8643381881779173, 0.0, 10.786022099604828]",1425.143189054799,[],"{""cutoff=6.000_skin=0.000"": 1564, ""cutoff=6.000_skin=0.500"": 1960}",0.0,,
OPT-RFT-SOXLEX48-R512-v1,7157da7c8384b8258ca02f46774c12c53148908357151f22a621bec141f2564b,OPT-RFT-SOXLEX48-R512-v1:0333,SOXLEX_C1_14_1105_z1_12,68a8c903ec8090b8fd504963ee1c0bb996383eb625f3a1f60bcd2aa826da659d,333,cross_family_test_set,SOXLEX/structures/SOXLEX_C1_14_1105_z1_12.cif,6d41ec363059092d3c7687ef28cc5eaf5b09fce5213ce0e0d62ce53cc106fa7e,68a8c903ec8090b8fd504963ee1c0bb996383eb625f3a1f60bcd2aa826da659d,0,48,"[""F"", ""C"", ""C"", ""C"", ""Br"", ""C"", ""Cl"", ""C"", ""Br"", ""C"", ""H"", ""H"", ""F"", ""C"", ""C"", ""C"", ""Br"", ""C"", ""Cl"", ""C"", ""Br"", ""C"", ""H"", ""H"", ""F"", ""C"", ""C"", ""C"", ""Br"", ""C"", ""Cl"", ""C"", ""Br"", ""C"", ""H"", ""H"", ""F"", ""C"", ""C"", ""C"", ""Br"", ""C"", ""Cl"", ""C"", ""Br"", ""C"", ""H"", ""H""]",C24H8Br8Cl4F4,"[true, true, true]","[6.186748112309967, 0.0, 0.0, 0.0, 13.383516148712157, 0.0, -4.988610700371023, 0.0, 14.291503016290385]",1183.3427847307366,[],"{""cutoff=6.000_skin=0.000"": 1568, ""cutoff=6.000_skin=0.500"": 2040}",0.0,,
OPT-RFT-SOXLEX48-R512-v1,7157da7c8384b8258ca02f46774c12c53148908357151f22a621bec141f2564b,OPT-RFT-SOXLEX48-R512-v1:0334,SOXLEX_C1_14_273_z1_12,1d6bc4dd3f7d6cf9f673f9da8a975ed116f799babf2867c3e0f17e05e4fea78c,334,cross_family_test_set,SOXLEX/structures/SOXLEX_C1_14_273_z1_12.cif,a8fa42fb0d35ee5a43349614842898ebfa1bb7bcab1abf784fa0468f83f0c2bc,1d6bc4dd3f7d6cf9f673f9da8a975ed116f799babf2867c3e0f17e05e4fea78c,0,48,"[""F"", ""C"", ""C"", ""C"", ""Br"", ""C"", ""Cl"", ""C"", ""Br"", ""C"", ""H"", ""H"", ""F"", ""C"", ""C"", ""C"", ""Br"", ""C"", ""Cl"", ""C"", ""Br"", ""C"", ""H"", ""H"", ""F"", ""C"", ""C"", ""C"", ""Br"", ""C"", ""Cl"", ""C"", ""Br"", ""C"", ""H"", ""H"", ""F"", ""C"", ""C"", ""C"", ""Br"", ""C"", ""Cl"", ""C"", ""Br"", ""C"", ""H"", ""H""]",C24H8Br8Cl4F4,"[true, true, true]","[6.2063985097660535, 0.0, 0.0, 0.0, 13.014135651221881, 0.0, 4.131322212264801, 0.0, 15.393138090742193]",1243.3178038496255,[],"{""cutoff=6.000_skin=0.000"": 1568, ""cutoff=6.000_skin=0.500"": 2020}",0.0,,
OPT-RFT-SOXLEX48-R512-v1,7157da7c8384b8258ca02f46774c12c53148908357151f22a621bec141f2564b,OPT-RFT-SOXLEX48-R512-v1:0335,SOXLEX_C1_14_4326_z1_12,26d64342a6e7b933432abaa5cac2f5a5a1fc85babaf0eb31971d46eedf44777c,335,cross_family_test_set,SOXLEX/structures/SOXLEX_C1_14_4326_z1_12.cif,49cdf01accab94c4ce7dde9d65dcaf71f4c93db11fd53fbf825de5107ed14f60,26d64342a6e7b933432abaa5cac2f5a5a1fc85babaf0eb31971d46eedf44777c,0,48,"[""F"", ""C"", ""C"", ""C"", ""Br"", ""C"", ""Cl"", ""C"", ""Br"", ""C"", ""H"", ""H"", ""F"", ""C"", ""C"", ""C"", ""Br"", ""C"", ""Cl"", ""C"", ""Br"", ""C"", ""H"", ""H"", ""F"", ""C"", ""C"", ""C"", ""Br"", ""C"", ""Cl"", ""C"", ""Br"", ""C"", ""H"", ""H"", ""F"", ""C"", ""C"", ""C"", ""Br"", ""C"", ""Cl"", ""C"", ""Br"", ""C"", ""H"", ""H""]",C24H8Br8Cl4F4,"[true, true, true]","[10.482445460000562, 0.0, 0.0, 0.0, 10.598252472579127, 0.0, -1.4795476079417755, 0.0, 10.970949594806138]",1218.8242663690244,[],"{""cutoff=6.000_skin=0.000"": 1568, ""cutoff=6.000_skin=0.500"": 2036}",0.0,,
OPT-RFT-SOXLEX48-R512-v1,7157da7c8384b8258ca02f46774c12c53148908357151f22a621bec141f2564b,OPT-RFT-SOXLEX48-R512-v1:0336,SOXLEX_C1_14_2349_z1_12,9fdd983f2bd81c5669fba6bff26ad470e91ddf722a42638f2e9813f3d895130e,336,cross_family_test_set,SOXLEX/structures/SOXLEX_C1_14_2349_z1_12.cif,20826e90bd9b7e912f7624e89a3b73adaaad6f9f3effcdf6a3afa76bb26caef8,9fdd983f2bd81c5669fba6bff26ad470e91ddf722a42638f2e9813f3d895130e,0,48,"[""F"", ""C"", ""C"", ""C"", ""Br"", ""C"", ""Cl"", ""C"", ""Br"", ""C"", ""H"", ""H"", ""F"", ""C"", ""C"", ""C"", ""Br"", ""C"", ""Cl"", ""C"", ""Br"", ""C"", ""H"", ""H"", ""F"", ""C"", ""C"", ""C"", ""Br"", ""C"", ""Cl"", ""C"", ""Br"", ""C"", ""H"", ""H"", ""F"", ""C"", ""C"", ""C"", ""Br"", ""C"", ""Cl"", ""C"", ""Br"", ""C"", ""H"", ""H""]",C24H8Br8Cl4F4,"[true, true, true]","[9.877881428896975, 0.0, 0.0, 0.0, 13.603214518666626, 0.0, 0.02244336348892283, 0.0, 9.131684564509321]",1227.0330393306122,[],"{""cutoff=6.000_skin=0.000"": 1572, ""cutoff=6.000_skin=0.500"": 2004}",0.0,,
OPT-RFT-SOXLEX48-R512-v1,7157da7c8384b8258ca02f46774c12c53148908357151f22a621bec141f2564b,OPT-RFT-SOXLEX48-R512-v1:0337,SOXLEX_C1_14_855_z1_12,61a0fe71c2c3e257c11088290ead6b3cafa6e58fb230cae760b2617d95596075,337,cross_family_test_set,SOXLEX/structures/SOXLEX_C1_14_855_z1_12.cif,d4ecdd6c563202b7b38808c2dcdfd33b61586338170ab6b36a06d7416cb90cbe,61a0fe71c2c3e257c11088290ead6b3cafa6e58fb230cae760b2617d95596075,0,48,"[""F"", ""C"", ""C"", ""C"", ""Br"", ""C"", ""Cl"", ""C"", ""Br"", ""C"", ""H"", ""H"", ""F"", ""C"", ""C"", ""C"", ""Br"", ""C"", ""Cl"", ""C"", ""Br"", ""C"", ""H"", ""H"", ""F"", ""C"", ""C"", ""C"", ""Br"", ""C"", ""Cl"", ""C"", ""Br"", ""C"", ""H"", ""H"", ""F"", ""C"", ""C"", ""C"", ""Br"", ""C"", ""Cl"", ""C"", ""Br"", ""C"", ""H"", ""H""]",C24H8Br8Cl4F4,"[true, true, true]","[11.156662323896342, 0.0, 0.0, 0.0, 11.733556443554981, 0.0, 2.6816097606040983, 0.0, 9.829779621856586]",1286.7901762706535,[],"{""cutoff=6.000_skin=0.000"": 1572, ""cutoff=6.000_skin=0.500"": 1960}",0.0,,
OPT-RFT-SOXLEX48-R512-v1,7157da7c8384b8258ca02f46774c12c53148908357151f22a621bec141f2564b,OPT-RFT-SOXLEX48-R512-v1:0338,SOXLEX_C1_14_3677_z1_12,1ad8948508cbc14e61451f4da87c1e393b3cfe58dd2e1024c018f7ab8525dd06,338,cross_family_test_set,SOXLEX/structures/SOXLEX_C1_14_3677_z1_12.cif,40091b738cd458de60fa29d95757dbc1b4dfb035ecfd273918cf827a710616ab,1ad8948508cbc14e61451f4da87c1e393b3cfe58dd2e1024c018f7ab8525dd06,0,48,"[""F"", ""C"", ""C"", ""C"", ""Br"", ""C"", ""Cl"", ""C"", ""Br"", ""C"", ""H"", ""H"", ""F"", ""C"", ""C"", ""C"", ""Br"", ""C"", ""Cl"", ""C"", ""Br"", ""C"", ""H"", ""H"", ""F"", ""C"", ""C"", ""C"", ""Br"", ""C"", ""Cl"", ""C"", ""Br"", ""C"", ""H"", ""H"", ""F"", ""C"", ""C"", ""C"", ""Br"", ""C"", ""Cl"", ""C"", ""Br"", ""C"", ""H"", ""H""]",C24H8Br8Cl4F4,"[true, true, true]","[6.3708960323069945, 0.0, 0.0, 0.0, 13.374270233721184, 0.0, 2.7992805816508635, 0.0, 13.361107016609505]",1138.4476223828412,[],"{""cutoff=6.000_skin=0.000"": 1576, ""cutoff=6.000_skin=0.500"": 2260}",0.0,,
OPT-RFT-SOXLEX48-R512-v1,7157da7c8384b8258ca02f46774c12c53148908357151f22a621bec141f2564b,OPT-RFT-SOXLEX48-R512-v1:0339,SOXLEX_C1_14_427_z1_12,8f314f069bdb04052b3e17bfc0d8620b23a5499a9249f164709e4f41d830e52b,339,cross_family_test_set,SOXLEX/structures/SOXLEX_C1_14_427_z1_12.cif,11c9dc5caa4682ac304355e0fec2124b8db8a2142a594109bd5433d3fcd440b0,8f314f069bdb04052b3e17bfc0d8620b23a5499a9249f164709e4f41d830e52b,0,48,"[""F"", ""C"", ""C"", ""C"", ""Br"", ""C"", ""Cl"", ""C"", ""Br"", ""C"", ""H"", ""H"", ""F"", ""C"", ""C"", ""C"", ""Br"", ""C"", ""Cl"", ""C"", ""Br"", ""C"", ""H"", ""H"", ""F"", ""C"", ""C"", ""C"", ""Br"", ""C"", ""Cl"", ""C"", ""Br"", ""C"", ""H"", ""H"", ""F"", ""C"", ""C"", ""C"", ""Br"", ""C"", ""Cl"", ""C"", ""Br"", ""C"", ""H"", ""H""]",C24H8Br8Cl4F4,"[true, true, true]","[5.480462862730846, 0.0, 0.0, 0.0, 16.82633508995444, 0.0, 6.209693071033754, 0.0, 14.434841554738876]",1331.1248583549902,[],"{""cutoff=6.000_skin=0.000"": 1576, ""cutoff=6.000_skin=0.500"": 2084}",0.0,,
OPT-RFT-SOXLEX48-R512-v1,7157da7c8384b8258ca02f46774c12c53148908357151f22a621bec141f2564b,OPT-RFT-SOXLEX48-R512-v1:0340,SOXLEX_C1_14_1612_z1_12,7850c913f649f108bfb1045f03cb3a5fc42de874c0c81d0662a3d5aeda4b1973,340,cross_family_test_set,SOXLEX/structures/SOXLEX_C1_14_1612_z1_12.cif,405a280e430634945e673f775ffb1f97f83f0012a43d769d194d2940aa33e718,7850c913f649f108bfb1045f03cb3a5fc42de874c0c81d0662a3d5aeda4b1973,0,48,"[""F"", ""C"", ""C"", ""C"", ""Br"", ""C"", ""Cl"", ""C"", ""Br"", ""C"", ""H"", ""H"", ""F"", ""C"", ""C"", ""C"", ""Br"", ""C"", ""Cl"", ""C"", ""Br"", ""C"", ""H"", ""H"", ""F"", ""C"", ""C"", ""C"", ""Br"", ""C"", ""Cl"", ""C"", ""Br"", ""C"", ""H"", ""H"", ""F"", ""C"", ""C"", ""C"", ""Br"", ""C"", ""Cl"", ""C"", ""Br"", ""C"", ""H"", ""H""]",C24H8Br8Cl4F4,"[true, true, true]","[6.841287897108785, 0.0, 0.0, 0.0, 17.48869148899093, 0.0, -3.8027401364783024, 0.0, 9.68585421385415]",1158.8657071364798,[],"{""cutoff=6.000_skin=0.000"": 1580, ""cutoff=6.000_skin=0.500"": 2120}",0.0,,
OPT-RFT-SOXLEX48-R512-v1,7157da7c8384b8258ca02f46774c12c53148908357151f22a621bec141f2564b,OPT-RFT-SOXLEX48-R512-v1:0341,SOXLEX_C1_14_3005_z1_12,87dea2e01a58a34d796284e42d7e12d5bbdff878ec2771a1a0a851eaa7779b6c,341,cross_family_test_set,SOXLEX/structures/SOXLEX_C1_14_3005_z1_12.cif,56080cdff830adc1c7ceb3b56146c217e2a7a594320db24a9324daa021a055af,87dea2e01a58a34d796284e42d7e12d5bbdff878ec2771a1a0a851eaa7779b6c,0,48,"[""F"", ""C"", ""C"", ""C"", ""Br"", ""C"", ""Cl"", ""C"", ""Br"", ""C"", ""H"", ""H"", ""F"", ""C"", ""C"", ""C"", ""Br"", ""C"", ""Cl"", ""C"", ""Br"", ""C"", ""H"", ""H"", ""F"", ""C"", ""C"", ""C"", ""Br"", ""C"", ""Cl"", ""C"", ""Br"", ""C"", ""H"", ""H"", ""F"", ""C"", ""C"", ""C"", ""Br"", ""C"", ""Cl"", ""C"", ""Br"", ""C"", ""H"", ""H""]",C24H8Br8Cl4F4,"[true, true, true]","[5.1601018540411925, 0.0, 0.0, 0.0, 15.452763897225879, 0.0, 5.162475646321793, 0.0, 15.562577624977639]",1240.926256735076,[],"{""cutoff=6.000_skin=0.000"": 1580, ""cutoff=6.000_skin=0.500"": 1924}",0.0,,
OPT-RFT-SOXLEX48-R512-v1,7157da7c8384b8258ca02f46774c12c53148908357151f22a621bec141f2564b,OPT-RFT-SOXLEX48-R512-v1:0342,SOXLEX_C1_14_573_z1_12,82622d93a3c54c5d84fe7f45831b30767ae2f0395cd9502d1236ad619b8ada94,342,cross_family_test_set,SOXLEX/structures/SOXLEX_C1_14_573_z1_12.cif,72930820264b929219a3955a8c17d3ec4afb94ec8d1801387b6c4dda84ddafc8,82622d93a3c54c5d84fe7f45831b30767ae2f0395cd9502d1236ad619b8ada94,0,48,"[""F"", ""C"", ""C"", ""C"", ""Br"", ""C"", ""Cl"", ""C"", ""Br"", ""C"", ""H"", ""H"", ""F"", ""C"", ""C"", ""C"", ""Br"", ""C"", ""Cl"", ""C"", ""Br"", ""C"", ""H"", ""H"", ""F"", ""C"", ""C"", ""C"", ""Br"", ""C"", ""Cl"", ""C"", ""Br"", ""C"", ""H"", ""H"", ""F"", ""C"", ""C"", ""C"", ""Br"", ""C"", ""Cl"", ""C"", ""Br"", ""C"", ""H"", ""H""]",C24H8Br8Cl4F4,"[true, true, true]","[9.800982356266559, 0.0, 0.0, 0.0, 9.878176790662486, 0.0, -6.452253228686287, 0.0, 13.198478284286379]",1277.8217147935818,[],"{""cutoff=6.000_skin=0.000"": 1580, ""cutoff=6.000_skin=0.500"": 1912}",0.0,,
OPT-RFT-SOXLEX48-R512-v1,7157da7c8384b8258ca02f46774c12c53148908357151f22a621bec141f2564b,OPT-RFT-SOXLEX48-R512-v1:0343,SOXLEX_C1_14_1567_z1_12,fe926cb2431111e8289bd58c42c7bda53e0964aa419ac9166a2d73a6590b5ab1,343,cross_family_test_set,SOXLEX/structures/SOXLEX_C1_14_1567_z1_12.cif,d0bfee27d3e9b7482163067f896310d3fff29cddf939f92d46f5baba036793ca,fe926cb2431111e8289bd58c42c7bda53e0964aa419ac9166a2d73a6590b5ab1,0,48,"[""F"", ""C"", ""C"", ""C"", ""Br"", ""C"", ""Cl"", ""C"", ""Br"", ""C"", ""H"", ""H"", ""F"", ""C"", ""C"", ""C"", ""Br"", ""C"", ""Cl"", ""C"", ""Br"", ""C"", ""H"", ""H"", ""F"", ""C"", ""C"", ""C"", ""Br"", ""C"", ""Cl"", ""C"", ""Br"", ""C"", ""H"", ""H"", ""F"", ""C"", ""C"", ""C"", ""Br"", ""C"", ""Cl"", ""C"", ""Br"", ""C"", ""H"", ""H""]",C24H8Br8Cl4F4,"[true, true, true]","[5.135901906069055, 0.0, 0.0, 0.0, 15.775380454375643, 0.0, 2.417909098034942, 0.0, 15.035420812965246]",1218.1819210037957,[],"{""cutoff=6.000_skin=0.000"": 1584, ""cutoff=6.000_skin=0.500"": 1988}",0.0,,
OPT-RFT-SOXLEX48-R512-v1,7157da7c8384b8258ca02f46774c12c53148908357151f22a621bec141f2564b,OPT-RFT-SOXLEX48-R512-v1:0344,SOXLEX_C1_14_3421_z1_12,f6ecf143b6995b11d09c88c448b2b37be26cd5a38224847ba39e8528e5084d14,344,cross_family_test_set,SOXLEX/structures/SOXLEX_C1_14_3421_z1_12.cif,f266ae5e1c4d2fda4126bdad20a26e59cade683c1d5f44765aeae56baa236dea,f6ecf143b6995b11d09c88c448b2b37be26cd5a38224847ba39e8528e5084d14,0,48,"[""F"", ""C"", ""C"", ""C"", ""Br"", ""C"", ""Cl"", ""C"", ""Br"", ""C"", ""H"", ""H"", ""F"", ""C"", ""C"", ""C"", ""Br"", ""C"", ""Cl"", ""C"", ""Br"", ""C"", ""H"", ""H"", ""F"", ""C"", ""C"", ""C"", ""Br"", ""C"", ""Cl"", ""C"", ""Br"", ""C"", ""H"", ""H"", ""F"", ""C"", ""C"", ""C"", ""Br"", ""C"", ""Cl"", ""C"", ""Br"", ""C"", ""H"", ""H""]",C24H8Br8Cl4F4,"[true, true, true]","[12.816865717082973, 0.0, 0.0, 0.0, 7.378842026159667, 0.0, 4.619281092105767, 0.0, 12.133437810686676]",1147.503226550817,[],"{""cutoff=6.000_skin=0.000"": 1584, ""cutoff=6.000_skin=0.500"": 2000}",0.0,,
OPT-RFT-SOXLEX48-R512-v1,7157da7c8384b8258ca02f46774c12c53148908357151f22a621bec141f2564b,OPT-RFT-SOXLEX48-R512-v1:0345,SOXLEX_C1_14_1642_z1_12,92c843b8ed12565840a563e780c08e310a8aa51433e51471e27866a3913e4e1f,345,cross_family_test_set,SOXLEX/structures/SOXLEX_C1_14_1642_z1_12.cif,d9b4781c25f36fee9a356edf76eea2770e75eeb07c09021b060d087e96a3a438,92c843b8ed12565840a563e780c08e310a8aa51433e51471e27866a3913e4e1f,0,48,"[""F"", ""C"", ""C"", ""C"", ""Br"", ""C"", ""Cl"", ""C"", ""Br"", ""C"", ""H"", ""H"", ""F"", ""C"", ""C"", ""C"", ""Br"", ""C"", ""Cl"", ""C"", ""Br"", ""C"", ""H"", ""H"", ""F"", ""C"", ""C"", ""C"", ""Br"", ""C"", ""Cl"", ""C"", ""Br"", ""C"", ""H"", ""H"", ""F"", ""C"", ""C"", ""C"", ""Br"", ""C"", ""Cl"", ""C"", ""Br"", ""C"", ""H"", ""H""]",C24H8Br8Cl4F4,"[true, true, true]","[9.095692571399951, 0.0, 0.0, 0.0, 12.00901736652303, 0.0, 0.25199023959052885, 0.0, 11.024713653494771]",1204.2331110834493,[],"{""cutoff=6.000_skin=0.000"": 1588, ""cutoff=6.000_skin=0.500"": 1980}",0.0,,
OPT-RFT-SOXLEX48-R512-v1,7157da7c8384b8258ca02f46774c12c53148908357151f22a621bec141f2564b,OPT-RFT-SOXLEX48-R512-v1:0346,SOXLEX_C1_14_3385_z1_12,2e57b8bd4e3989ba117bce395288ec1a3d155a9b6b1bdb95c030231162fb8951,346,cross_family_test_set,SOXLEX/structures/SOXLEX_C1_14_3385_z1_12.cif,4340ab6c49dc361992b58769535243a4982f591ad69baab2bf748ed16977526a,2e57b8bd4e3989ba117bce395288ec1a3d155a9b6b1bdb95c030231162fb8951,0,48,"[""F"", ""C"", ""C"", ""C"", ""Br"", ""C"", ""Cl"", ""C"", ""Br"", ""C"", ""H"", ""H"", ""F"", ""C"", ""C"", ""C"", ""Br"", ""C"", ""Cl"", ""C"", ""Br"", ""C"", ""H"", ""H"", ""F"", ""C"", ""C"", ""C"", ""Br"", ""C"", ""Cl"", ""C"", ""Br"", ""C"", ""H"", ""H"", ""F"", ""C"", ""C"", ""C"", ""Br"", ""C"", ""Cl"", ""C"", ""Br"", ""C"", ""H"", ""H""]",C24H8Br8Cl4F4,"[true, true, true]","[8.613939970818429, 0.0, 0.0, 0.0, 8.100319006034972, 0.0, 5.242685360289175, 0.0, 17.392945737747333]",1213.6042971106679,[],"{""cutoff=6.000_skin=0.000"": 1588, ""cutoff=6.000_skin=0.500"": 2020}",0.0,,
OPT-RFT-SOXLEX48-R512-v1,7157da7c8384b8258ca02f46774c12c53148908357151f22a621bec141f2564b,OPT-RFT-SOXLEX48-R512-v1:0347,SOXLEX_C1_14_840_z1_12,f1c8ec959e5cf9f038320381c3cddc652990d16400ea54128ee8dc31103837df,347,cross_family_test_set,SOXLEX/structures/SOXLEX_C1_14_840_z1_12.cif,c46c1eaa397a340aec3e2727b63eeb51e61f152102677fad1c049019a12a9c81,f1c8ec959e5cf9f038320381c3cddc652990d16400ea54128ee8dc31103837df,0,48,"[""F"", ""C"", ""C"", ""C"", ""Br"", ""C"", ""Cl"", ""C"", ""Br"", ""C"", ""H"", ""H"", ""F"", ""C"", ""C"", ""C"", ""Br"", ""C"", ""Cl"", ""C"", ""Br"", ""C"", ""H"", ""H"", ""F"", ""C"", ""C"", ""C"", ""Br"", ""C"", ""Cl"", ""C"", ""Br"", ""C"", ""H"", ""H"", ""F"", ""C"", ""C"", ""C"", ""Br"", ""C"", ""Cl"", ""C"", ""Br"", ""C"", ""H"", ""H""]",C24H8Br8Cl4F4,"[true, true, true]","[5.780714745452158, 0.0, 0.0, 0.0, 9.230112627250621, 0.0, -0.5375011002947615, 0.0, 25.0631722929178]",1337.286865970383,[],"{""cutoff=6.000_skin=0.000"": 1588, ""cutoff=6.000_skin=0.500"": 1888}",0.0,,
OPT-RFT-SOXLEX48-R512-v1,7157da7c8384b8258ca02f46774c12c53148908357151f22a621bec141f2564b,OPT-RFT-SOXLEX48-R512-v1:0348,SOXLEX_C1_14_1652_z1_12,ab8beaebe907ec7b48269afe5c3f6eac4d2bba1ebda60200fcd4bed01150c676,348,cross_family_test_set,SOXLEX/structures/SOXLEX_C1_14_1652_z1_12.cif,60d4ea220e8a3131bdc54a92aa078ae87cc0c1f21d2676e1b1069dbcfe86cb26,ab8beaebe907ec7b48269afe5c3f6eac4d2bba1ebda60200fcd4bed01150c676,0,48,"[""F"", ""C"", ""C"", ""C"", ""Br"", ""C"", ""Cl"", ""C"", ""Br"", ""C"", ""H"", ""H"", ""F"", ""C"", ""C"", ""C"", ""Br"", ""C"", ""Cl"", ""C"", ""Br"", ""C"", ""H"", ""H"", ""F"", ""C"", ""C"", ""C"", ""Br"", ""C"", ""Cl"", ""C"", ""Br"", ""C"", ""H"", ""H"", ""F"", ""C"", ""C"", ""C"", ""Br"", ""C"", ""Cl"", ""C"", ""Br"", ""C"", ""H"", ""H""]",C24H8Br8Cl4F4,"[true, true, true]","[6.665361121749388, 0.0, 0.0, 0.0, 15.661152387194338, 0.0, 0.18984242134077808, 0.0, 11.406328690334824]",1190.675127667826,[],"{""cutoff=6.000_skin=0.000"": 1592, ""cutoff=6.000_skin=0.500"": 2092}",0.0,,
OPT-RFT-SOXLEX48-R512-v1,7157da7c8384b8258ca02f46774c12c53148908357151f22a621bec141f2564b,OPT-RFT-SOXLEX48-R512-v1:0349,SOXLEX_C1_14_3129_z1_12,b93d98beaa3edc3d93b8b3afd0fca223793353530c4a11f3d94e59a58890098f,349,cross_family_test_set,SOXLEX/structures/SOXLEX_C1_14_3129_z1_12.cif,24d42010fb418a863d5d21dc2f49c419f7524b5a9ba3890389f8ca417a3138a2,b93d98beaa3edc3d93b8b3afd0fca223793353530c4a11f3d94e59a58890098f,0,48,"[""F"", ""C"", ""C"", ""C"", ""Br"", ""C"", ""Cl"", ""C"", ""Br"", ""C"", ""H"", ""H"", ""F"", ""C"", ""C"", ""C"", ""Br"", ""C"", ""Cl"", ""C"", ""Br"", ""C"", ""H"", ""H"", ""F"", ""C"", ""C"", ""C"", ""Br"", ""C"", ""Cl"", ""C"", ""Br"", ""C"", ""H"", ""H"", ""F"", ""C"", ""C"", ""C"", ""Br"", ""C"", ""Cl"", ""C"", ""Br"", ""C"", ""H"", ""H""]",C24H8Br8Cl4F4,"[true, true, true]","[10.707156796618243, 0.0, 0.0, 0.0, 11.066776498916326, 0.0, 5.043907003748516, 0.0, 10.379396521679721]",1229.8932139431388,[],"{""cutoff=6.000_skin=0.000"": 1592, ""cutoff=6.000_skin=0.500"": 1964}",0.0,,
OPT-RFT-SOXLEX48-R512-v1,7157da7c8384b8258ca02f46774c12c53148908357151f22a621bec141f2564b,OPT-RFT-SOXLEX48-R512-v1:0350,SOXLEX_C1_14_1039_z1_12,b013829a1547151f877a16c1952936d3cfd49d4b00132cc8390f42475771ca76,350,cross_family_test_set,SOXLEX/structures/SOXLEX_C1_14_1039_z1_12.cif,0bf8c1353d81bc924c3c6e23bdf77a9b71ff36541717f7033cf9a944bffb2a8d,b013829a1547151f877a16c1952936d3cfd49d4b00132cc8390f42475771ca76,0,48,"[""F"", ""C"", ""C"", ""C"", ""Br"", ""C"", ""Cl"", ""C"", ""Br"", ""C"", ""H"", ""H"", ""F"", ""C"", ""C"", ""C"", ""Br"", ""C"", ""Cl"", ""C"", ""Br"", ""C"", ""H"", ""H"", ""F"", ""C"", ""C"", ""C"", ""Br"", ""C"", ""Cl"", ""C"", ""Br"", ""C"", ""H"", ""H"", ""F"", ""C"", ""C"", ""C"", ""Br"", ""C"", ""Cl"", ""C"", ""Br"", ""C"", ""H"", ""H""]",C24H8Br8Cl4F4,"[true, true, true]","[6.12421879536066, 0.0, 0.0, 0.0, 12.432766243565055, 0.0, 6.661785536068764, 0.0, 16.136948034344854]",1228.6830489556035,[],"{""cutoff=6.000_skin=0.000"": 1596, ""cutoff=6.000_skin=0.500"": 2116}",0.0,,
OPT-RFT-SOXLEX48-R512-v1,7157da7c8384b8258ca02f46774c12c53148908357151f22a621bec141f2564b,OPT-RFT-SOXLEX48-R512-v1:0351,SOXLEX_C1_14_332_z1_12,a4cf01e5c9a316b7338ce66c22b4eba7235b206fde04cf87001427ef1fed7922,351,cross_family_test_set,SOXLEX/structures/SOXLEX_C1_14_332_z1_12.cif,a881a42bb8aa0f055e576b6589d7f82021f9a07baeb3164a5899ae4c4cab12cb,a4cf01e5c9a316b7338ce66c22b4eba7235b206fde04cf87001427ef1fed7922,0,48,"[""F"", ""C"", ""C"", ""C"", ""Br"", ""C"", ""Cl"", ""C"", ""Br"", ""C"", ""H"", ""H"", ""F"", ""C"", ""C"", ""C"", ""Br"", ""C"", ""Cl"", ""C"", ""Br"", ""C"", ""H"", ""H"", ""F"", ""C"", ""C"", ""C"", ""Br"", ""C"", ""Cl"", ""C"", ""Br"", ""C"", ""H"", ""H"", ""F"", ""C"", ""C"", ""C"", ""Br"", ""C"", ""Cl"", ""C"", ""Br"", ""C"", ""H"", ""H""]",C24H8Br8Cl4F4,"[true, true, true]","[8.71966858082147, 0.0, 0.0, 0.0, 10.713539521211846, 0.0, -1.177690802352064, 0.0, 13.120251813084543]",1225.6744270609522,[],"{""cutoff=6.000_skin=0.000"": 1596, ""cutoff=6.000_skin=0.500"": 2000}",0.0,,
OPT-RFT-SOXLEX48-R512-v1,7157da7c8384b8258ca02f46774c12c53148908357151f22a621bec141f2564b,OPT-RFT-SOXLEX48-R512-v1:0352,SOXLEX_C1_14_4798_z1_12,e915940c6cd8ffbfe1792a9e7313f1a86298ff30cabae5a61966344e5c68ba0a,352,cross_family_test_set,SOXLEX/structures/SOXLEX_C1_14_4798_z1_12.cif,da699f9f0ef46907a44d0618af5457f8323cb350b43ed78f23afe41e624a4398,e915940c6cd8ffbfe1792a9e7313f1a86298ff30cabae5a61966344e5c68ba0a,0,48,"[""F"", ""C"", ""C"", ""C"", ""Br"", ""C"", ""Cl"", ""C"", ""Br"", ""C"", ""H"", ""H"", ""F"", ""C"", ""C"", ""C"", ""Br"", ""C"", ""Cl"", ""C"", ""Br"", ""C"", ""H"", ""H"", ""F"", ""C"", ""C"", ""C"", ""Br"", ""C"", ""Cl"", ""C"", ""Br"", ""C"", ""H"", ""H"", ""F"", ""C"", ""C"", ""C"", ""Br"", ""C"", ""Cl"", ""C"", ""Br"", ""C"", ""H"", ""H""]",C24H8Br8Cl4F4,"[true, true, true]","[10.151216539954913, 0.0, 0.0, 0.0, 11.262954768295277, 0.0, 8.457987562757085, 0.0, 10.28829053127925]",1176.2879600573242,[],"{""cutoff=6.000_skin=0.000"": 1600, ""cutoff=6.000_skin=0.500"": 2020}",0.0,,
OPT-RFT-SOXLEX48-R512-v1,7157da7c8384b8258ca02f46774c12c53148908357151f22a621bec141f2564b,OPT-RFT-SOXLEX48-R512-v1:0353,SOXLEX_C1_14_3391_z1_12,dd61e226ead56d2a251a5ba9a5835fd661daca4428167b380f50dbb32e605582,353,cross_family_test_set,SOXLEX/structures/SOXLEX_C1_14_3391_z1_12.cif,c7c2ac2bea59f5919286e2a7c299bd7e448bade23f41ef7ee27ee365ed74fb5a,dd61e226ead56d2a251a5ba9a5835fd661daca4428167b380f50dbb32e605582,0,48,"[""F"", ""C"", ""C"", ""C"", ""Br"", ""C"", ""Cl"", ""C"", ""Br"", ""C"", ""H"", ""H"", ""F"", ""C"", ""C"", ""C"", ""Br"", ""C"", ""Cl"", ""C"", ""Br"", ""C"", ""H"", ""H"", ""F"", ""C"", ""C"", ""C"", ""Br"", ""C"", ""Cl"", ""C"", ""Br"", ""C"", ""H"", ""H"", ""F"", ""C"", ""C"", ""C"", ""Br"", ""C"", ""Cl"", ""C"", ""Br"", ""C"", ""H"", ""H""]",C24H8Br8Cl4F4,"[true, true, true]","[5.558633837576238, 0.0, 0.0, 0.0, 16.34568145128854, 0.0, -7.68382517273775, 0.0, 14.3149436663968]",1300.650886009539,[],"{""cutoff=6.000_skin=0.000"": 1604, ""cutoff=6.000_skin=0.500"": 2040}",0.0,,
OPT-RFT-SOXLEX48-R512-v1,7157da7c8384b8258ca02f46774c12c53148908357151f22a621bec141f2564b,OPT-RFT-SOXLEX48-R512-v1:0354,SOXLEX_C1_14_4138_z1_12,b5232567c038280bbad24c76c1ee04b9010d5bb967a297747cb0c143bfd35b25,354,cross_family_test_set,SOXLEX/structures/SOXLEX_C1_14_4138_z1_12.cif,bfd94bc4cbf1cc93ca0bae310acb32f3f64e8fb5ba5d30d3f71e0e265228aa96,b5232567c038280bbad24c76c1ee04b9010d5bb967a297747cb0c143bfd35b25,0,48,"[""F"", ""C"", ""C"", ""C"", ""Br"", ""C"", ""Cl"", ""C"", ""Br"", ""C"", ""H"", ""H"", ""F"", ""C"", ""C"", ""C"", ""Br"", ""C"", ""Cl"", ""C"", ""Br"", ""C"", ""H"", ""H"", ""F"", ""C"", ""C"", ""C"", ""Br"", ""C"", ""Cl"", ""C"", ""Br"", ""C"", ""H"", ""H"", ""F"", ""C"", ""C"", ""C"", ""Br"", ""C"", ""Cl"", ""C"", ""Br"", ""C"", ""H"", ""H""]",C24H8Br8Cl4F4,"[true, true, true]","[7.338564309885534, 0.0, 0.0, 0.0, 9.867258667534301, 0.0, 3.699958822416585, 0.0, 16.70175852041277]",1209.3995924318863,[],"{""cutoff=6.000_skin=0.000"": 1604, ""cutoff=6.000_skin=0.500"": 2080}",0.0,,
OPT-RFT-SOXLEX48-R512-v1,7157da7c8384b8258ca02f46774c12c53148908357151f22a621bec141f2564b,OPT-RFT-SOXLEX48-R512-v1:0355,SOXLEX_C1_14_193_z1_12,72faad99adf55d21fb2fdf41bf978741e768e84cc37a754b6437e022aab89279,355,cross_family_test_set,SOXLEX/structures/SOXLEX_C1_14_193_z1_12.cif,c7876164a295613e99ad5cedb7953b7d329d3c2c615412ba4313316b37c99e7d,72faad99adf55d21fb2fdf41bf978741e768e84cc37a754b6437e022aab89279,0,48,"[""F"", ""C"", ""C"", ""C"", ""Br"", ""C"", ""Cl"", ""C"", ""Br"", ""C"", ""H"", ""H"", ""F"", ""C"", ""C"", ""C"", ""Br"", ""C"", ""Cl"", ""C"", ""Br"", ""C"", ""H"", ""H"", ""F"", ""C"", ""C"", ""C"", ""Br"", ""C"", ""Cl"", ""C"", ""Br"", ""C"", ""H"", ""H"", ""F"", ""C"", ""C"", ""C"", ""Br"", ""C"", ""Cl"", ""C"", ""Br"", ""C"", ""H"", ""H""]",C24H8Br8Cl4F4,"[true, true, true]","[5.394895750132793, 0.0, 0.0, 0.0, 16.211813402612947, 0.0, -7.054626127453677, 0.0, 14.828096401928628]",1296.8807803936195,[],"{""cutoff=6.000_skin=0.000"": 1608, ""cutoff=6.000_skin=0.500"": 1968}",0.0,,
OPT-RFT-SOXLEX48-R512-v1,7157da7c8384b8258ca02f46774c12c53148908357151f22a621bec141f2564b,OPT-RFT-SOXLEX48-R512-v1:0356,SOXLEX_C1_14_4309_z1_12,776649b0f1af37ded5b058f913790783854559afbc56cd41a17885f1c34b1a1d,356,cross_family_test_set,SOXLEX/structures/SOXLEX_C1_14_4309_z1_12.cif,a334d55b37b17170e03b6bf5e198d033b44a1b250def962f0f383fd84e529f68,776649b0f1af37ded5b058f913790783854559afbc56cd41a17885f1c34b1a1d,0,48,"[""F"", ""C"", ""C"", ""C"", ""Br"", ""C"", ""Cl"", ""C"", ""Br"", ""C"", ""H"", ""H"", ""F"", ""C"", ""C"", ""C"", ""Br"", ""C"", ""Cl"", ""C"", ""Br"", ""C"", ""H"", ""H"", ""F"", ""C"", ""C"", ""C"", ""Br"", ""C"", ""Cl"", ""C"", ""Br"", ""C"", ""H"", ""H"", ""F"", ""C"", ""C"", ""C"", ""Br"", ""C"", ""Cl"", ""C"", ""Br"", ""C"", ""H"", ""H""]",C24H8Br8Cl4F4,"[true, true, true]","[6.80453301880673, 0.0, 0.0, 0.0, 13.20610117516916, 0.0, 5.314732202592263, 0.0, 12.649009679997306]",1136.6571049323259,[],"{""cutoff=6.000_skin=0.000"": 1608, ""cutoff=6.000_skin=0.500"": 2080}",0.0,,
OPT-RFT-SOXLEX48-R512-v1,7157da7c8384b8258ca02f46774c12c53148908357151f22a621bec141f2564b,OPT-RFT-SOXLEX48-R512-v1:0357,SOXLEX_C1_14_3285_z1_12,ae41f49c3b387514c2154b321f1d1956485a2c70dc5a7979415c86057914dd6c,357,cross_family_test_set,SOXLEX/structures/SOXLEX_C1_14_3285_z1_12.cif,61683d97a48bf1be0016dd3b67a1f522f5e58ed0f8bf3599090d024dae755ac1,ae41f49c3b387514c2154b321f1d1956485a2c70dc5a7979415c86057914dd6c,0,48,"[""F"", ""C"", ""C"", ""C"", ""Br"", ""C"", ""Cl"", ""C"", ""Br"", ""C"", ""H"", ""H"", ""F"", ""C"", ""C"", ""C"", ""Br"", ""C"", ""Cl"", ""C"", ""Br"", ""C"", ""H"", ""H"", ""F"", ""C"", ""C"", ""C"", ""Br"", ""C"", ""Cl"", ""C"", ""Br"", ""C"", ""H"", ""H"", ""F"", ""C"", ""C"", ""C"", ""Br"", ""C"", ""Cl"", ""C"", ""Br"", ""C"", ""H"", ""H""]",C24H8Br8Cl4F4,"[true, true, true]","[8.341102558523815, 0.0, 0.0, 0.0, 14.71933960801438, 0.0, 4.043349930077971, 0.0, 9.86325606499497]",1210.9664047419376,[],"{""cutoff=6.000_skin=0.000"": 1612, ""cutoff=6.000_skin=0.500"": 2152}",0.0,,
OPT-RFT-SOXLEX48-R512-v1,7157da7c8384b8258ca02f46774c12c53148908357151f22a621bec141f2564b,OPT-RFT-SOXLEX48-R512-v1:0358,SOXLEX_C1_14_26_z1_12,1d70cd5ab35cb4df1382978a53032466fbb80295244d6ba235258a777041ca6b,358,cross_family_test_set,SOXLEX/structures/SOXLEX_C1_14_26_z1_12.cif,28b5d9c7a8b93388ba8a0c20c19458ab57ff59160ed9fd169438db81efd33b8f,1d70cd5ab35cb4df1382978a53032466fbb80295244d6ba235258a777041ca6b,0,48,"[""F"", ""C"", ""C"", ""C"", ""Br"", ""C"", ""Cl"", ""C"", ""Br"", ""C"", ""H"", ""H"", ""F"", ""C"", ""C"", ""C"", ""Br"", ""C"", ""Cl"", ""C"", ""Br"", ""C"", ""H"", ""H"", ""F"", ""C"", ""C"", ""C"", ""Br"", ""C"", ""Cl"", ""C"", ""Br"", ""C"", ""H"", ""H"", ""F"", ""C"", ""C"", ""C"", ""Br"", ""C"", ""Cl"", ""C"", ""Br"", ""C"", ""H"", ""H""]",C24H8Br8Cl4F4,"[true, true, true]","[9.676636228453724, 0.0, 0.0, 0.0, 12.656995992796205, 0.0, 3.1122163499378637, 0.0, 9.969998281515043]",1221.0969348187039,[],"{""cutoff=6.000_skin=0.000"": 1616, ""cutoff=6.000_skin=0.500"": 2020}",0.0,,
OPT-RFT-SOXLEX48-R512-v1,7157da7c8384b8258ca02f46774c12c53148908357151f22a621bec141f2564b,OPT-RFT-SOXLEX48-R512-v1:0359,SOXLEX_C1_14_3844_z1_12,4eb612105aae1dcd58c94c924071056fe61b9c766e37d6506c881d1361e1be38,359,cross_family_test_set,SOXLEX/structures/SOXLEX_C1_14_3844_z1_12.cif,4e10968cf72a9b79c7dfa848fd4f45fd228cc3bcdb17e8f7f923a1501685d425,4eb612105aae1dcd58c94c924071056fe61b9c766e37d6506c881d1361e1be38,0,48,"[""F"", ""C"", ""C"", ""C"", ""Br"", ""C"", ""Cl"", ""C"", ""Br"", ""C"", ""H"", ""H"", ""F"", ""C"", ""C"", ""C"", ""Br"", ""C"", ""Cl"", ""C"", ""Br"", ""C"", ""H"", ""H"", ""F"", ""C"", ""C"", ""C"", ""Br"", ""C"", ""Cl"", ""C"", ""Br"", ""C"", ""H"", ""H"", ""F"", ""C"", ""C"", ""C"", ""Br"", ""C"", ""Cl"", ""C"", ""Br"", ""C"", ""H"", ""H""]",C24H8Br8Cl4F4,"[true, true, true]","[14.392162162077078, 0.0, 0.0, 0.0, 10.14887272537976, 0.0, -1.1191462900885625, 0.0, 8.289936758120497]",1210.86316321917,[],"{""cutoff=6.000_skin=0.000"": 1616, ""cutoff=6.000_skin=0.500"": 2012}",0.0,,
OPT-RFT-SOXLEX48-R512-v1,7157da7c8384b8258ca02f46774c12c53148908357151f22a621bec141f2564b,OPT-RFT-SOXLEX48-R512-v1:0360,SOXLEX_C1_14_2696_z1_12,4c40ad9138eac0131c0e2151822a95eb1970ccad4cd48d3bbd370f1c1c406820,360,cross_family_test_set,SOXLEX/structures/SOXLEX_C1_14_2696_z1_12.cif,f80e05b611cc75db82043919379bcd77a8ada193c9deccfa3cb557a7528b0d6a,4c40ad9138eac0131c0e2151822a95eb1970ccad4cd48d3bbd370f1c1c406820,0,48,"[""F"", ""C"", ""C"", ""C"", ""Br"", ""C"", ""Cl"", ""C"", ""Br"", ""C"", ""H"", ""H"", ""F"", ""C"", ""C"", ""C"", ""Br"", ""C"", ""Cl"", ""C"", ""Br"", ""C"", ""H"", ""H"", ""F"", ""C"", ""C"", ""C"", ""Br"", ""C"", ""Cl"", ""C"", ""Br"", ""C"", ""H"", ""H"", ""F"", ""C"", ""C"", ""C"", ""Br"", ""C"", ""Cl"", ""C"", ""Br"", ""C"", ""H"", ""H""]",C24H8Br8Cl4F4,"[true, true, true]","[6.149255408036538, 0.0, 0.0, 0.0, 11.876655635687126, 0.0, -0.23570263400363234, 0.0, 16.096651244016495]",1175.5801129248393,[],"{""cutoff=6.000_skin=0.000"": 1620, ""cutoff=6.000_skin=0.500"": 2208}",0.0,,
OPT-RFT-SOXLEX48-R512-v1,7157da7c8384b8258ca02f46774c12c53148908357151f22a621bec141f2564b,OPT-RFT-SOXLEX48-R512-v1:0361,SOXLEX_C1_14_848_z1_12,285426c0eb6b97a4f6e9f7361b63b9e079c1bc4d7c1cc8b9a5f02311662e31a2,361,cross_family_test_set,SOXLEX/structures/SOXLEX_C1_14_848_z1_12.cif,94bfd59a53659335b02d155f7deeb1194e584efd197fb42f94ec0121226bcb56,285426c0eb6b97a4f6e9f7361b63b9e079c1bc4d7c1cc8b9a5f02311662e31a2,0,48,"[""F"", ""C"", ""C"", ""C"", ""Br"", ""C"", ""Cl"", ""C"", ""Br"", ""C"", ""H"", ""H"", ""F"", ""C"", ""C"", ""C"", ""Br"", ""C"", ""Cl"", ""C"", ""Br"", ""C"", ""H"", ""H"", ""F"", ""C"", ""C"", ""C"", ""Br"", ""C"", ""Cl"", ""C"", ""Br"", ""C"", ""H"", ""H"", ""F"", ""C"", ""C"", ""C"", ""Br"", ""C"", ""Cl"", ""C"", ""Br"", ""C"", ""H"", ""H""]",C24H8Br8Cl4F4,"[true, true, true]","[8.505134491557953, 0.0, 0.0, 0.0, 10.890895886338328, 0.0, 9.706701502246515, 0.0, 12.306772498188586]",1139.9582978168094,[],"{""cutoff=6.000_skin=0.000"": 1620, ""cutoff=6.000_skin=0.500"": 1984}",0.0,,
OPT-RFT-SOXLEX48-R512-v1,7157da7c8384b8258ca02f46774c12c53148908357151f22a621bec141f2564b,OPT-RFT-SOXLEX48-R512-v1:0362,SOXLEX_C1_14_1034_z1_12,b4ffac31ccaf7324bfee0d8e5b207a431139921a9456752ac7667781b72994b1,362,cross_family_test_set,SOXLEX/structures/SOXLEX_C1_14_1034_z1_12.cif,7a867e5ef5a6fe7b8750ce4465d707461e6f3ce07bee1afd9b3cfa88fba1b7a5,b4ffac31ccaf7324bfee0d8e5b207a431139921a9456752ac7667781b72994b1,0,48,"[""F"", ""C"", ""C"", ""C"", ""Br"", ""C"", ""Cl"", ""C"", ""Br"", ""C"", ""H"", ""H"", ""F"", ""C"", ""C"", ""C"", ""Br"", ""C"", ""Cl"", ""C"", ""Br"", ""C"", ""H"", ""H"", ""F"", ""C"", ""C"", ""C"", ""Br"", ""C"", ""Cl"", ""C"", ""Br"", ""C"", ""H"", ""H"", ""F"", ""C"", ""C"", ""C"", ""Br"", ""C"", ""Cl"", ""C"", ""Br"", ""C"", ""H"", ""H""]",C24H8Br8Cl4F4,"[true, true, true]","[9.82167507764585, 0.0, 0.0, 0.0, 11.920981480137549, 0.0, -4.069427141999753, 0.0, 10.669539068434194]",1249.2323838229504,[],"{""cutoff=6.000_skin=0.000"": 1628, ""cutoff=6.000_skin=0.500"": 2060}",0.0,,
OPT-RFT-SOXLEX48-R512-v1,7157da7c8384b8258ca02f46774c12c53148908357151f22a621bec141f2564b,OPT-RFT-SOXLEX48-R512-v1:0363,SOXLEX_C1_14_800_z1_12,b797d5f5db85a6ac52e508fb1e0a31820ae99eff9ca98a4e24c42126ea25517f,363,cross_family_test_set,SOXLEX/structures/SOXLEX_C1_14_800_z1_12.cif,92747405f19f7465ba6caae65579fe82b0b0afc65878139bbb49e7479fc963ef,b797d5f5db85a6ac52e508fb1e0a31820ae99eff9ca98a4e24c42126ea25517f,0,48,"[""F"", ""C"", ""C"", ""C"", ""Br"", ""C"", ""Cl"", ""C"", ""Br"", ""C"", ""H"", ""H"", ""F"", ""C"", ""C"", ""C"", ""Br"", ""C"", ""Cl"", ""C"", ""Br"", ""C"", ""H"", ""H"", ""F"", ""C"", ""C"", ""C"", ""Br"", ""C"", ""Cl"", ""C"", ""Br"", ""C"", ""H"", ""H"", ""F"", ""C"", ""C"", ""C"", ""Br"", ""C"", ""Cl"", ""C"", ""Br"", ""C"", ""H"", ""H""]",C24H8Br8Cl4F4,"[true, true, true]","[5.955177475958468, 0.0, 0.0, 0.0, 18.266270040420125, 0.0, 4.025413711429704, 0.0, 17.76510557177006]",1932.468285659722,[],"{""cutoff=6.000_skin=0.000"": 1628, ""cutoff=6.000_skin=0.500"": 1832}",0.0,,
OPT-RFT-SOXLEX48-R512-v1,7157da7c8384b8258ca02f46774c12c53148908357151f22a621bec141f2564b,OPT-RFT-SOXLEX48-R512-v1:0364,SOXLEX_C1_14_55_z1_12,2f8c1f600e3f961a73d759fd4ee57697976293b86454d7b8fc1cb9d2a223edb7,364,cross_family_test_set,SOXLEX/structures/SOXLEX_C1_14_55_z1_12.cif,578bfaee5ece544557e984ada15344ed52cd3d80a6cab28c80b27a0bc18608ed,2f8c1f600e3f961a73d759fd4ee57697976293b86454d7b8fc1cb9d2a223edb7,0,48,"[""F"", ""C"", ""C"", ""C"", ""Br"", ""C"", ""Cl"", ""C"", ""Br"", ""C"", ""H"", ""H"", ""F"", ""C"", ""C"", ""C"", ""Br"", ""C"", ""Cl"", ""C"", ""Br"", ""C"", ""H"", ""H"", ""F"", ""C"", ""C"", ""C"", ""Br"", ""C"", ""Cl"", ""C"", ""Br"", ""C"", ""H"", ""H"", ""F"", ""C"", ""C"", ""C"", ""Br"", ""C"", ""Cl"", ""C"", ""Br"", ""C"", ""H"", ""H""]",C24H8Br8Cl4F4,"[true, true, true]","[6.076152840840578, 0.0, 0.0, 0.0, 16.221741786112595, 0.0, -1.1415180238534526, 0.0, 12.155123806328639]",1198.0792885902433,[],"{""cutoff=6.000_skin=0.000"": 1632, ""cutoff=6.000_skin=0.500"": 2268}",0.0,,
OPT-RFT-SOXLEX48-R512-v1,7157da7c8384b8258ca02f46774c12c53148908357151f22a621bec141f2564b,OPT-RFT-SOXLEX48-R512-v1:0365,SOXLEX_C1_14_3511_z1_12,252ddf861641cc8b0ad007a9ba3ccc85ff4ce2ff086655a9cdf7f20e1a2552f6,365,cross_family_test_set,SOXLEX/structures/SOXLEX_C1_14_3511_z1_12.cif,24d9e14173faf303ff3bb4e59096a0f94bbf7ab4c4346f0fa6a9529804a4deca,252ddf861641cc8b0ad007a9ba3ccc85ff4ce2ff086655a9cdf7f20e1a2552f6,0,48,"[""F"", ""C"", ""C"", ""C"", ""Br"", ""C"", ""Cl"", ""C"", ""Br"", ""C"", ""H"", ""H"", ""F"", ""C"", ""C"", ""C"", ""Br"", ""C"", ""Cl"", ""C"", ""Br"", ""C"", ""H"", ""H"", ""F"", ""C"", ""C"", ""C"", ""Br"", ""C"", ""Cl"", ""C"", ""Br"", ""C"", ""H"", ""H"", ""F"", ""C"", ""C"", ""C"", ""Br"", ""C"", ""Cl"", ""C"", ""Br"", ""C"", ""H"", ""H""]",C24H8Br8Cl4F4,"[true, true, true]","[4.1070680684136285, 0.0, 0.0, 0.0, 28.665309164427597, 0.0, -4.121490549967034, 0.0, 14.855901778506155]",1748.9909013175597,[],"{""cutoff=6.000_skin=0.000"": 1636, ""cutoff=6.000_skin=0.500"": 1832}",0.0,,
OPT-RFT-SOXLEX48-R512-v1,7157da7c8384b8258ca02f46774c12c53148908357151f22a621bec141f2564b,OPT-RFT-SOXLEX48-R512-v1:0366,SOXLEX_C1_14_2020_z1_12,cec7874dded54e502394c5957dc402ae6fcf2d70cfa6e86d449971a8cb5f0446,366,cross_family_test_set,SOXLEX/structures/SOXLEX_C1_14_2020_z1_12.cif,d2319232a750d947ad1186bea8eadd1fbbfa46fadabd2328f45bcbfb93732b86,cec7874dded54e502394c5957dc402ae6fcf2d70cfa6e86d449971a8cb5f0446,0,48,"[""F"", ""C"", ""C"", ""C"", ""Br"", ""C"", ""Cl"", ""C"", ""Br"", ""C"", ""H"", ""H"", ""F"", ""C"", ""C"", ""C"", ""Br"", ""C"", ""Cl"", ""C"", ""Br"", ""C"", ""H"", ""H"", ""F"", ""C"", ""C"", ""C"", ""Br"", ""C"", ""Cl"", ""C"", ""Br"", ""C"", ""H"", ""H"", ""F"", ""C"", ""C"", ""C"", ""Br"", ""C"", ""Cl"", ""C"", ""Br"", ""C"", ""H"", ""H""]",C24H8Br8Cl4F4,"[true, true, true]","[12.426050180730286, 0.0, 0.0, 0.0, 12.322913530678534, 0.0, 0.8599068161229271, 0.0, 9.185992847394195]",1406.6064582956574,[],"{""cutoff=6.000_skin=0.000"": 1640, ""cutoff=6.000_skin=0.500"": 1992}",0.0,,
OPT-RFT-SOXLEX48-R512-v1,7157da7c8384b8258ca02f46774c12c53148908357151f22a621bec141f2564b,OPT-RFT-SOXLEX48-R512-v1:0367,SOXLEX_C1_14_1682_z1_12,620e4f3a62a91eb47b9c5c4225e4d162fc205824e5790946e081b3c2f668ad39,367,cross_family_test_set,SOXLEX/structures/SOXLEX_C1_14_1682_z1_12.cif,f1bb8d6219b673fda57e1fc3c252e0a7013beec44b9970df49bf119f81f4127f,620e4f3a62a91eb47b9c5c4225e4d162fc205824e5790946e081b3c2f668ad39,0,48,"[""F"", ""C"", ""C"", ""C"", ""Br"", ""C"", ""Cl"", ""C"", ""Br"", ""C"", ""H"", ""H"", ""F"", ""C"", ""C"", ""C"", ""Br"", ""C"", ""Cl"", ""C"", ""Br"", ""C"", ""H"", ""H"", ""F"", ""C"", ""C"", ""C"", ""Br"", ""C"", ""Cl"", ""C"", ""Br"", ""C"", ""H"", ""H"", ""F"", ""C"", ""C"", ""C"", ""Br"", ""C"", ""Cl"", ""C"", ""Br"", ""C"", ""H"", ""H""]",C24H8Br8Cl4F4,"[true, true, true]","[9.316073565873541, 0.0, 0.0, 0.0, 16.315907727699567, 0.0, -6.543599647415763, 0.0, 7.683500156723172]",1167.8935350531,[],"{""cutoff=6.000_skin=0.000"": 1644, ""cutoff=6.000_skin=0.500"": 2068}",0.0,,
OPT-RFT-SOXLEX48-R512-v1,7157da7c8384b8258ca02f46774c12c53148908357151f22a621bec141f2564b,OPT-RFT-SOXLEX48-R512-v1:0368,SOXLEX_C1_14_2440_z1_12,326989a8062204a23cf27d7a5ee1ba061cdba1946c033430f54df9f3aa703cd2,368,cross_family_test_set,SOXLEX/structures/SOXLEX_C1_14_2440_z1_12.cif,c18da10666b6f374c427614f0a30b478519f50ff5d66d914bb32ca16debbd751,326989a8062204a23cf27d7a5ee1ba061cdba1946c033430f54df9f3aa703cd2,0,48,"[""F"", ""C"", ""C"", ""C"", ""Br"", ""C"", ""Cl"", ""C"", ""Br"", ""C"", ""H"", ""H"", ""F"", ""C"", ""C"", ""C"", ""Br"", ""C"", ""Cl"", ""C"", ""Br"", ""C"", ""H"", ""H"", ""F"", ""C"", ""C"", ""C"", ""Br"", ""C"", ""Cl"", ""C"", ""Br"", ""C"", ""H"", ""H"", ""F"", ""C"", ""C"", ""C"", ""Br"", ""C"", ""Cl"", ""C"", ""Br"", ""C"", ""H"", ""H""]",C24H8Br8Cl4F4,"[true, true, true]","[14.13061062797184, 0.0, 0.0, 0.0, 7.437761286417551, 0.0, -1.4610995700228946, 0.0, 13.228142570385101]",1390.279221810705,[],"{""cutoff=6.000_skin=0.000"": 1644, ""cutoff=6.000_skin=0.500"": 2044}",0.0,,
OPT-RFT-SOXLEX48-R512-v1,7157da7c8384b8258ca02f46774c12c53148908357151f22a621bec141f2564b,OPT-RFT-SOXLEX48-R512-v1:0369,SOXLEX_C1_14_2504_z1_12,d45fb1ec80827655a198b18994787f2c310b8b1785f898207f2f89f567a65a07,369,cross_family_test_set,SOXLEX/structures/SOXLEX_C1_14_2504_z1_12.cif,0a33c7f0284cd8b2cfdc9231374f9925612ca5add1f851cf95634a356e534a9b,d45fb1ec80827655a198b18994787f2c310b8b1785f898207f2f89f567a65a07,0,48,"[""F"", ""C"", ""C"", ""C"", ""Br"", ""C"", ""Cl"", ""C"", ""Br"", ""C"", ""H"", ""H"", ""F"", ""C"", ""C"", ""C"", ""Br"", ""C"", ""Cl"", ""C"", ""Br"", ""C"", ""H"", ""H"", ""F"", ""C"", ""C"", ""C"", ""Br"", ""C"", ""Cl"", ""C"", ""Br"", ""C"", ""H"", ""H"", ""F"", ""C"", ""C"", ""C"", ""Br"", ""C"", ""Cl"", ""C"", ""Br"", ""C"", ""H"", ""H""]",C24H8Br8Cl4F4,"[true, true, true]","[8.659794382619829, 0.0, 0.0, 0.0, 11.663149194390087, 0.0, 0.29529019395984146, 0.0, 11.216977876101994]",1132.920080956777,[],"{""cutoff=6.000_skin=0.000"": 1648, ""cutoff=6.000_skin=0.500"": 2212}",0.0,,
OPT-RFT-SOXLEX48-R512-v1,7157da7c8384b8258ca02f46774c12c53148908357151f22a621bec141f2564b,OPT-RFT-SOXLEX48-R512-v1:0370,SOXLEX_C1_14_4795_z1_12,dd47d65a796fd4b97f89c41bec09808729299848da88a5b83c07d1d86587331c,370,cross_family_test_set,SOXLEX/structures/SOXLEX_C1_14_4795_z1_12.cif,5f7684922cac3f24f2320d69b0d80f8f898ecaed554120bea30e16b525a017e4,dd47d65a796fd4b97f89c41bec09808729299848da88a5b83c07d1d86587331c,0,48,"[""F"", ""C"", ""C"", ""C"", ""Br"", ""C"", ""Cl"", ""C"", ""Br"", ""C"", ""H"", ""H"", ""F"", ""C"", ""C"", ""C"", ""Br"", ""C"", ""Cl"", ""C"", ""Br"", ""C"", ""H"", ""H"", ""F"", ""C"", ""C"", ""C"", ""Br"", ""C"", ""Cl"", ""C"", ""Br"", ""C"", ""H"", ""H"", ""F"", ""C"", ""C"", ""C"", ""Br"", ""C"", ""Cl"", ""C"", ""Br"", ""C"", ""H"", ""H""]",C24H8Br8Cl4F4,"[true, true, true]","[8.447459150060723, 0.0, 0.0, 0.0, 11.281607900286748, 0.0, -0.7759364711177077, 0.0, 12.477839421115501]",1189.149599961242,[],"{""cutoff=6.000_skin=0.000"": 1648, ""cutoff=6.000_skin=0.500"": 2044}",0.0,,
OPT-RFT-SOXLEX48-R512-v1,7157da7c8384b8258ca02f46774c12c53148908357151f22a621bec141f2564b,OPT-RFT-SOXLEX48-R512-v1:0371,SOXLEX_C1_14_1403_z1_12,2c8ac551411e275b5827d4a617a028f323b120cfe10d8cd5f41052d5cf48927c,371,cross_family_test_set,SOXLEX/structures/SOXLEX_C1_14_1403_z1_12.cif,47626d41754f50b9c9906d0ba2eeb03eef2fdbec592d77aec66ffe3f24967c0c,2c8ac551411e275b5827d4a617a028f323b120cfe10d8cd5f41052d5cf48927c,0,48,"[""F"", ""C"", ""C"", ""C"", ""Br"", ""C"", ""Cl"", ""C"", ""Br"", ""C"", ""H"", ""H"", ""F"", ""C"", ""C"", ""C"", ""Br"", ""C"", ""Cl"", ""C"", ""Br"", ""C"", ""H"", ""H"", ""F"", ""C"", ""C"", ""C"", ""Br"", ""C"", ""Cl"", ""C"", ""Br"", ""C"", ""H"", ""H"", ""F"", ""C"", ""C"", ""C"", ""Br"", ""C"", ""Cl"", ""C"", ""Br"", ""C"", ""H"", ""H""]",C24H8Br8Cl4F4,"[true, true, true]","[6.623636644431851, 0.0, 0.0, 0.0, 15.915888766634154, 0.0, 2.0930943199804344, 0.0, 11.01711129345253]",1161.4355954604382,[],"{""cutoff=6.000_skin=0.000"": 1656, ""cutoff=6.000_skin=0.500"": 2084}",0.0,,
OPT-RFT-SOXLEX48-R512-v1,7157da7c8384b8258ca02f46774c12c53148908357151f22a621bec141f2564b,OPT-RFT-SOXLEX48-R512-v1:0372,SOXLEX_C1_14_2868_z1_12,0ea80317b2c6a87359de3095d24d453303b8badf275ce644a222e5c7f3731ab8,372,cross_family_test_set,SOXLEX/structures/SOXLEX_C1_14_2868_z1_12.cif,03ce67af2f497a8caa7f2b6d44fa704c0e23822a1dc2da9efa27c84123c12bf8,0ea80317b2c6a87359de3095d24d453303b8badf275ce644a222e5c7f3731ab8,0,48,"[""F"", ""C"", ""C"", ""C"", ""Br"", ""C"", ""Cl"", ""C"", ""Br"", ""C"", ""H"", ""H"", ""F"", ""C"", ""C"", ""C"", ""Br"", ""C"", ""Cl"", ""C"", ""Br"", ""C"", ""H"", ""H"", ""F"", ""C"", ""C"", ""C"", ""Br"", ""C"", ""Cl"", ""C"", ""Br"", ""C"", ""H"", ""H"", ""F"", ""C"", ""C"", ""C"", ""Br"", ""C"", ""Cl"", ""C"", ""Br"", ""C"", ""H"", ""H""]",C24H8Br8Cl4F4,"[true, true, true]","[8.365273329934297, 0.0, 0.0, 0.0, 8.252774583013638, 0.0, -0.18751363733370832, 0.0, 17.32450115164534]",1196.0266505544978,[],"{""cutoff=6.000_skin=0.000"": 1656, ""cutoff=6.000_skin=0.500"": 2068}",0.0,,
OPT-RFT-SOXLEX48-R512-v1,7157da7c8384b8258ca02f46774c12c53148908357151f22a621bec141f2564b,OPT-RFT-SOXLEX48-R512-v1:0373,SOXLEX_C1_14_3945_z1_12,9227ba6194aee42a61e4ca0ce6f4b98be97c8921049b752c515d448a46ac8ae5,373,cross_family_test_set,SOXLEX/structures/SOXLEX_C1_14_3945_z1_12.cif,ca12a2d90b53658cca0f88d9376ba8af23354d840aaf77b1ec3314c243696b17,9227ba6194aee42a61e4ca0ce6f4b98be97c8921049b752c515d448a46ac8ae5,0,48,"[""F"", ""C"", ""C"", ""C"", ""Br"", ""C"", ""Cl"", ""C"", ""Br"", ""C"", ""H"", ""H"", ""F"", ""C"", ""C"", ""C"", ""Br"", ""C"", ""Cl"", ""C"", ""Br"", ""C"", ""H"", ""H"", ""F"", ""C"", ""C"", ""C"", ""Br"", ""C"", ""Cl"", ""C"", ""Br"", ""C"", ""H"", ""H"", ""F"", ""C"", ""C"", ""C"", ""Br"", ""C"", ""Cl"", ""C"", ""Br"", ""C"", ""H"", ""H""]",C24H8Br8Cl4F4,"[true, true, true]","[16.075213640642932, 0.0, 0.0, 0.0, 10.133000457228299, 0.0, 5.786432455786063, 0.0, 7.513816837724096]",1223.9267305103906,[],"{""cutoff=6.000_skin=0.000"": 1656, ""cutoff=6.000_skin=0.500"": 2152}",0.0,,
OPT-RFT-SOXLEX48-R512-v1,7157da7c8384b8258ca02f46774c12c53148908357151f22a621bec141f2564b,OPT-RFT-SOXLEX48-R512-v1:0374,SOXLEX_C1_14_493_z1_12,b5877062b23cea2df667b1a657e068aeda973c931150168022a433fe93c14e81,374,cross_family_test_set,SOXLEX/structures/SOXLEX_C1_14_493_z1_12.cif,d6cd7d6ce90fd9abfeaa389fa073ab6d623d518fb8a856315525ae9f9ff31aa4,b5877062b23cea2df667b1a657e068aeda973c931150168022a433fe93c14e81,0,48,"[""F"", ""C"", ""C"", ""C"", ""Br"", ""C"", ""Cl"", ""C"", ""Br"", ""C"", ""H"", ""H"", ""F"", ""C"", ""C"", ""C"", ""Br"", ""C"", ""Cl"", ""C"", ""Br"", ""C"", ""H"", ""H"", ""F"", ""C"", ""C"", ""C"", ""Br"", ""C"", ""Cl"", ""C"", ""Br"", ""C"", ""H"", ""H"", ""F"", ""C"", ""C"", ""C"", ""Br"", ""C"", ""Cl"", ""C"", ""Br"", ""C"", ""H"", ""H""]",C24H8Br8Cl4F4,"[true, true, true]","[8.967553994446746, 0.0, 0.0, 0.0, 10.858778890614012, 0.0, -4.965940021343707, 0.0, 12.017803482044174]",1170.2538762650709,[],"{""cutoff=6.000_skin=0.000"": 1656, ""cutoff=6.000_skin=0.500"": 2040}",0.0,,
OPT-RFT-SOXLEX48-R512-v1,7157da7c8384b8258ca02f46774c12c53148908357151f22a621bec141f2564b,OPT-RFT-SOXLEX48-R512-v1:0375,SOXLEX_C1_14_4600_z1_12,ff1dcbed92639d6acc4ece0797fa2aa94a28e6618a928497cbd917a11ef39b80,375,cross_family_test_set,SOXLEX/structures/SOXLEX_C1_14_4600_z1_12.cif,1d09fb8978ce65b297501d8b230bff0b4a900585d4c93c02288ebb96be685b34,ff1dcbed92639d6acc4ece0797fa2aa94a28e6618a928497cbd917a11ef39b80,0,48,"[""F"", ""C"", ""C"", ""C"", ""Br"", ""C"", ""Cl"", ""C"", ""Br"", ""C"", ""H"", ""H"", ""F"", ""C"", ""C"", ""C"", ""Br"", ""C"", ""Cl"", ""C"", ""Br"", ""C"", ""H"", ""H"", ""F"", ""C"", ""C"", ""C"", ""Br"", ""C"", ""Cl"", ""C"", ""Br"", ""C"", ""H"", ""H"", ""F"", ""C"", ""C"", ""C"", ""Br"", ""C"", ""Cl"", ""C"", ""Br"", ""C"", ""H"", ""H""]",C24H8Br8Cl4F4,"[true, true, true]","[8.098612584490276, 0.0, 0.0, 0.0, 17.174943546063858, 0.0, 5.256310079344816, 0.0, 8.544428601171433]",1188.4720354183303,[],"{""cutoff=6.000_skin=0.000"": 1660, ""cutoff=6.000_skin=0.500"": 2080}",0.0,,
OPT-RFT-SOXLEX48-R512-v1,7157da7c8384b8258ca02f46774c12c53148908357151f22a621bec141f2564b,OPT-RFT-SOXLEX48-R512-v1:0376,SOXLEX_C1_14_1175_z1_12,e65b534415561f3525d895960a8fcbb25406312b1609f9ead2a17de1a6b9425d,376,cross_family_test_set,SOXLEX/structures/SOXLEX_C1_14_1175_z1_12.cif,2fbfe675b8973035af7c48c40a578d4ad9fd08286925744f18d8186b4b1b22b5,e65b534415561f3525d895960a8fcbb25406312b1609f9ead2a17de1a6b9425d,0,48,"[""F"", ""C"", ""C"", ""C"", ""Br"", ""C"", ""Cl"", ""C"", ""Br"", ""C"", ""H"", ""H"", ""F"", ""C"", ""C"", ""C"", ""Br"", ""C"", ""Cl"", ""C"", ""Br"", ""C"", ""H"", ""H"", ""F"", ""C"", ""C"", ""C"", ""Br"", ""C"", ""Cl"", ""C"", ""Br"", ""C"", ""H"", ""H"", ""F"", ""C"", ""C"", ""C"", ""Br"", ""C"", ""Cl"", ""C"", ""Br"", ""C"", ""H"", ""H""]",C24H8Br8Cl4F4,"[true, true, true]","[17.653327290500478, 0.0, 0.0, 0.0, 5.870135612117078, 0.0, -3.036647639995637, 0.0, 12.009296565968688]",1244.4924815984414,[],"{""cutoff=6.000_skin=0.000"": 1664, ""cutoff=6.000_skin=0.500"": 2280}",0.0,,
OPT-RFT-SOXLEX48-R512-v1,7157da7c8384b8258ca02f46774c12c53148908357151f22a621bec141f2564b,OPT-RFT-SOXLEX48-R512-v1:0377,SOXLEX_C1_14_3103_z1_12,03c96b47780ff37145fd94ab28fe5859bde3b3492abd08648e87b444a31cfd80,377,cross_family_test_set,SOXLEX/structures/SOXLEX_C1_14_3103_z1_12.cif,5f729849b581ce4d1a8412ff947337849eb3eca285a50d4d5d26eab35a02e815,03c96b47780ff37145fd94ab28fe5859bde3b3492abd08648e87b444a31cfd80,0,48,"[""F"", ""C"", ""C"", ""C"", ""Br"", ""C"", ""Cl"", ""C"", ""Br"", ""C"", ""H"", ""H"", ""F"", ""C"", ""C"", ""C"", ""Br"", ""C"", ""Cl"", ""C"", ""Br"", ""C"", ""H"", ""H"", ""F"", ""C"", ""C"", ""C"", ""Br"", ""C"", ""Cl"", ""C"", ""Br"", ""C"", ""H"", ""H"", ""F"", ""C"", ""C"", ""C"", ""Br"", ""C"", ""Cl"", ""C"", ""Br"", ""C"", ""H"", ""H""]",C24H8Br8Cl4F4,"[true, true, true]","[10.77007816024765, 0.0, 0.0, 0.0, 8.281729274750665, 0.0, 10.16621591643804, 0.0, 13.781783252308848]",1229.2643874857256,[],"{""cutoff=6.000_skin=0.000"": 1664, ""cutoff=6.000_skin=0.500"": 2064}",0.0,,
OPT-RFT-SOXLEX48-R512-v1,7157da7c8384b8258ca02f46774c12c53148908357151f22a621bec141f2564b,OPT-RFT-SOXLEX48-R512-v1:0378,SOXLEX_C1_14_508_z1_12,2dc5574ff06a895b0d29b06af8cd09e64a887d5c8bcd0ecb789b20db7b20cbed,378,cross_family_test_set,SOXLEX/structures/SOXLEX_C1_14_508_z1_12.cif,55862a35cda053a02e87588723a77b3bdc1bc59abaffac8cdc42f6cbb49a6a6f,2dc5574ff06a895b0d29b06af8cd09e64a887d5c8bcd0ecb789b20db7b20cbed,0,48,"[""F"", ""C"", ""C"", ""C"", ""Br"", ""C"", ""Cl"", ""C"", ""Br"", ""C"", ""H"", ""H"", ""F"", ""C"", ""C"", ""C"", ""Br"", ""C"", ""Cl"", ""C"", ""Br"", ""C"", ""H"", ""H"", ""F"", ""C"", ""C"", ""C"", ""Br"", ""C"", ""Cl"", ""C"", ""Br"", ""C"", ""H"", ""H"", ""F"", ""C"", ""C"", ""C"", ""Br"", ""C"", ""Cl"", ""C"", ""Br"", ""C"", ""H"", ""H""]",C24H8Br8Cl4F4,"[true, true, true]","[12.817727931388905, 0.0, 0.0, 0.0, 10.121238431290607, 0.0, -3.6228029413507, 0.0, 11.254233672181387]",1460.0261457997372,[],"{""cutoff=6.000_skin=0.000"": 1664, ""cutoff=6.000_skin=0.500"": 2008}",0.0,,
OPT-RFT-SOXLEX48-R512-v1,7157da7c8384b8258ca02f46774c12c53148908357151f22a621bec141f2564b,OPT-RFT-SOXLEX48-R512-v1:0379,SOXLEX_C1_14_4734_z1_12,122ca0d75040e3a9bb0ebb72577cb24218ff77df73689faeb4874e32641998a7,379,cross_family_test_set,SOXLEX/structures/SOXLEX_C1_14_4734_z1_12.cif,01361fb61efcd92b4a6213bbed93a13cea90fc8207a441548f06b8bf8445b848,122ca0d75040e3a9bb0ebb72577cb24218ff77df73689faeb4874e32641998a7,0,48,"[""F"", ""C"", ""C"", ""C"", ""Br"", ""C"", ""Cl"", ""C"", ""Br"", ""C"", ""H"", ""H"", ""F"", ""C"", ""C"", ""C"", ""Br"", ""C"", ""Cl"", ""C"", ""Br"", ""C"", ""H"", ""H"", ""F"", ""C"", ""C"", ""C"", ""Br"", ""C"", ""Cl"", ""C"", ""Br"", ""C"", ""H"", ""H"", ""F"", ""C"", ""C"", ""C"", ""Br"", ""C"", ""Cl"", ""C"", ""Br"", ""C"", ""H"", ""H""]",C24H8Br8Cl4F4,"[true, true, true]","[7.010938519086412, 0.0, 0.0, 0.0, 12.656006319005236, 0.0, -2.3731969019027743, 0.0, 12.74772015967576]",1131.1113567150564,[],"{""cutoff=6.000_skin=0.000"": 1668, ""cutoff=6.000_skin=0.500"": 2060}",0.0,,
OPT-RFT-SOXLEX48-R512-v1,7157da7c8384b8258ca02f46774c12c53148908357151f22a621bec141f2564b,OPT-RFT-SOXLEX48-R512-v1:0380,SOXLEX_C1_14_2876_z1_12,4ef209e0f5f732d086fde07ba4cb38a21f74ccf8ccc92d9d08e1880eb5ea1aa4,380,cross_family_test_set,SOXLEX/structures/SOXLEX_C1_14_2876_z1_12.cif,175c79c7cc0b4941917af16a43b5ddc459523fee2b41e3734cd041879ccee79b,4ef209e0f5f732d086fde07ba4cb38a21f74ccf8ccc92d9d08e1880eb5ea1aa4,0,48,"[""F"", ""C"", ""C"", ""C"", ""Br"", ""C"", ""Cl"", ""C"", ""Br"", ""C"", ""H"", ""H"", ""F"", ""C"", ""C"", ""C"", ""Br"", ""C"", ""Cl"", ""C"", ""Br"", ""C"", ""H"", ""H"", ""F"", ""C"", ""C"", ""C"", ""Br"", ""C"", ""Cl"", ""C"", ""Br"", ""C"", ""H"", ""H"", ""F"", ""C"", ""C"", ""C"", ""Br"", ""C"", ""Cl"", ""C"", ""Br"", ""C"", ""H"", ""H""]",C24H8Br8Cl4F4,"[true, true, true]","[9.274414806777251, 0.0, 0.0, 0.0, 11.352041162983397, 0.0, -1.6788653623198408, 0.0, 11.373881005318863]",1197.4824404139588,[],"{""cutoff=6.000_skin=0.000"": 1672, ""cutoff=6.000_skin=0.500"": 2036}",0.0,,
OPT-RFT-SOXLEX48-R512-v1,7157da7c8384b8258ca02f46774c12c53148908357151f22a621bec141f2564b,OPT-RFT-SOXLEX48-R512-v1:0381,SOXLEX_C1_14_1159_z1_12,1ce576b6b97c0b0684fe86fc9521c095b87265cbacda7f3f6ab0685a55b29deb,381,cross_family_test_set,SOXLEX/structures/SOXLEX_C1_14_1159_z1_12.cif,fced19591d2ca034a99e72d6a90e478570b9c1f62e47fb98f609fbe8ce2d3579,1ce576b6b97c0b0684fe86fc9521c095b87265cbacda7f3f6ab0685a55b29deb,0,48,"[""F"", ""C"", ""C"", ""C"", ""Br"", ""C"", ""Cl"", ""C"", ""Br"", ""C"", ""H"", ""H"", ""F"", ""C"", ""C"", ""C"", ""Br"", ""C"", ""Cl"", ""C"", ""Br"", ""C"", ""H"", ""H"", ""F"", ""C"", ""C"", ""C"", ""Br"", ""C"", ""Cl"", ""C"", ""Br"", ""C"", ""H"", ""H"", ""F"", ""C"", ""C"", ""C"", ""Br"", ""C"", ""Cl"", ""C"", ""Br"", ""C"", ""H"", ""H""]",C24H8Br8Cl4F4,"[true, true, true]","[7.63065269296451, 0.0, 0.0, 0.0, 11.877957075962641, 0.0, -2.29540274152619, 0.0, 12.409060721124089]",1124.714640483237,[],"{""cutoff=6.000_skin=0.000"": 1676, ""cutoff=6.000_skin=0.500"": 2224}",0.0,,
OPT-RFT-SOXLEX48-R512-v1,7157da7c8384b8258ca02f46774c12c53148908357151f22a621bec141f2564b,OPT-RFT-SOXLEX48-R512-v1:0382,SOXLEX_C1_14_206_z1_12,cceba4e1a8035bc2d18fcda849033d2ef892730b216c39dd956903af53b85a7c,382,cross_family_test_set,SOXLEX/structures/SOXLEX_C1_14_206_z1_12.cif,0a78f67da124e659ed862b15caac5b330c1da3b29cf16ff7364e2a6ade9e08d3,cceba4e1a8035bc2d18fcda849033d2ef892730b216c39dd956903af53b85a7c,0,48,"[""F"", ""C"", ""C"", ""C"", ""Br"", ""C"", ""Cl"", ""C"", ""Br"", ""C"", ""H"", ""H"", ""F"", ""C"", ""C"", ""C"", ""Br"", ""C"", ""Cl"", ""C"", ""Br"", ""C"", ""H"", ""H"", ""F"", ""C"", ""C"", ""C"", ""Br"", ""C"", ""Cl"", ""C"", ""Br"", ""C"", ""H"", ""H"", ""F"", ""C"", ""C"", ""C"", ""Br"", ""C"", ""Cl"", ""C"", ""Br"", ""C"", ""H"", ""H""]",C24H8Br8Cl4F4,"[true, true, true]","[12.836403346826295, 0.0, 0.0, 0.0, 9.874205306350575, 0.0, 0.9094088633462699, 0.0, 9.514898708110133]",1206.0065799523495,[],"{""cutoff=6.000_skin=0.000"": 1676, ""cutoff=6.000_skin=0.500"": 2124}",0.0,,
OPT-RFT-SOXLEX48-R512-v1,7157da7c8384b8258ca02f46774c12c53148908357151f22a621bec141f2564b,OPT-RFT-SOXLEX48-R512-v1:0383,SOXLEX_C1_14_4347_z1_12,d9076ad573edcf8b29ff47dadbb22eb040289c3c421b0a8bc41210f800814ae4,383,cross_family_test_set,SOXLEX/structures/SOXLEX_C1_14_4347_z1_12.cif,f86049031e8c8ead40d94d9b81d6717d8dc08db25b8db14d252c5eae7fc892c0,d9076ad573edcf8b29ff47dadbb22eb040289c3c421b0a8bc41210f800814ae4,0,48,"[""F"", ""C"", ""C"", ""C"", ""Br"", ""C"", ""Cl"", ""C"", ""Br"", ""C"", ""H"", ""H"", ""F"", ""C"", ""C"", ""C"", ""Br"", ""C"", ""Cl"", ""C"", ""Br"", ""C"", ""H"", ""H"", ""F"", ""C"", ""C"", ""C"", ""Br"", ""C"", ""Cl"", ""C"", ""Br"", ""C"", ""H"", ""H"", ""F"", ""C"", ""C"", ""C"", ""Br"", ""C"", ""Cl"", ""C"", ""Br"", ""C"", ""H"", ""H""]",C24H8Br8Cl4F4,"[true, true, true]","[11.308772851709813, 0.0, 0.0, 0.0, 10.793278575233208, 0.0, -4.55512601448101, 0.0, 10.879543812952635]",1327.9433631557597,[],"{""cutoff=6.000_skin=0.000"": 1676, ""cutoff=6.000_skin=0.500"": 2044}",0.0,,
OPT-RFT-SOXLEX48-R512-v1,7157da7c8384b8258ca02f46774c12c53148908357151f22a621bec141f2564b,OPT-RFT-SOXLEX48-R512-v1:0384,SOXLEX_C1_14_1979_z1_12,2387b90519f4addb679cc461ae4c990ba541c1ce8b44db257bb49d57244a4977,384,cross_family_test_set,SOXLEX/structures/SOXLEX_C1_14_1979_z1_12.cif,5c8a955582b628803e2e63182d664b8d9bd23279a856a567984429e077f2abe7,2387b90519f4addb679cc461ae4c990ba541c1ce8b44db257bb49d57244a4977,0,48,"[""F"", ""C"", ""C"", ""C"", ""Br"", ""C"", ""Cl"", ""C"", ""Br"", ""C"", ""H"", ""H"", ""F"", ""C"", ""C"", ""C"", ""Br"", ""C"", ""Cl"", ""C"", ""Br"", ""C"", ""H"", ""H"", ""F"", ""C"", ""C"", ""C"", ""Br"", ""C"", ""Cl"", ""C"", ""Br"", ""C"", ""H"", ""H"", ""F"", ""C"", ""C"", ""C"", ""Br"", ""C"", ""Cl"", ""C"", ""Br"", ""C"", ""H"", ""H""]",C24H8Br8Cl4F4,"[true, true, true]","[5.417785931495061, 0.0, 0.0, 0.0, 28.394642828910882, 0.0, 0.9509855668103351, 0.0, 7.582755825722936]",1166.5015565498259,[],"{""cutoff=6.000_skin=0.000"": 1680, ""cutoff=6.000_skin=0.500"": 2144}",0.0,,
OPT-RFT-SOXLEX48-R512-v1,7157da7c8384b8258ca02f46774c12c53148908357151f22a621bec141f2564b,OPT-RFT-SOXLEX48-R512-v1:0385,SOXLEX_C1_14_3950_z1_12,3251b1f645d8a39832731756cb8fcf4479be8b06c05aa3b9170ba0d71518764f,385,cross_family_test_set,SOXLEX/structures/SOXLEX_C1_14_3950_z1_12.cif,0bda4b01b73a16d40dc9d596a982c1a769740787fc13b8671f8618945353a2cc,3251b1f645d8a39832731756cb8fcf4479be8b06c05aa3b9170ba0d71518764f,0,48,"[""F"", ""C"", ""C"", ""C"", ""Br"", ""C"", ""Cl"", ""C"", ""Br"", ""C"", ""H"", ""H"", ""F"", ""C"", ""C"", ""C"", ""Br"", ""C"", ""Cl"", ""C"", ""Br"", ""C"", ""H"", ""H"", ""F"", ""C"", ""C"", ""C"", ""Br"", ""C"", ""Cl"", ""C"", ""Br"", ""C"", ""H"", ""H"", ""F"", ""C"", ""C"", ""C"", ""Br"", ""C"", ""Cl"", ""C"", ""Br"", ""C"", ""H"", ""H""]",C24H8Br8Cl4F4,"[true, true, true]","[13.557437764182595, 0.0, 0.0, 0.0, 9.06110806760067, 0.0, -1.5397382861826194, 0.0, 9.228659575947358]",1133.6984573699174,[],"{""cutoff=6.000_skin=0.000"": 1680, ""cutoff=6.000_skin=0.500"": 2232}",0.0,,
OPT-RFT-SOXLEX48-R512-v1,7157da7c8384b8258ca02f46774c12c53148908357151f22a621bec141f2564b,OPT-RFT-SOXLEX48-R512-v1:0386,SOXLEX_C1_14_2357_z1_12,3d70cf079bd3c87fa5e356c6e03b65492ca5ac91109e3e87a3186299df59f15c,386,cross_family_test_set,SOXLEX/structures/SOXLEX_C1_14_2357_z1_12.cif,90dd9be322a8ed3cd6a30dc1c3ec69c65bfba5384bbf6901f764188e68652033,3d70cf079bd3c87fa5e356c6e03b65492ca5ac91109e3e87a3186299df59f15c,0,48,"[""F"", ""C"", ""C"", ""C"", ""Br"", ""C"", ""Cl"", ""C"", ""Br"", ""C"", ""H"", ""H"", ""F"", ""C"", ""C"", ""C"", ""Br"", ""C"", ""Cl"", ""C"", ""Br"", ""C"", ""H"", ""H"", ""F"", ""C"", ""C"", ""C"", ""Br"", ""C"", ""Cl"", ""C"", ""Br"", ""C"", ""H"", ""H"", ""F"", ""C"", ""C"", ""C"", ""Br"", ""C"", ""Cl"", ""C"", ""Br"", ""C"", ""H"", ""H""]",C24H8Br8Cl4F4,"[true, true, true]","[6.005747275909258, 0.0, 0.0, 0.0, 11.902070442841694, 0.0, 3.876329091543185, 0.0, 14.825683782665672]",1059.7521396977145,[],"{""cutoff=6.000_skin=0.000"": 1684, ""cutoff=6.000_skin=0.500"": 2300}",0.0,,
OPT-RFT-SOXLEX48-R512-v1,7157da7c8384b8258ca02f46774c12c53148908357151f22a621bec141f2564b,OPT-RFT-SOXLEX48-R512-v1:0387,SOXLEX_C1_14_1714_z1_12,d1417f0879605f966ed638eb0fd0521886b1c6375a59f3df6bffbd5e59efdfad,387,cross_family_test_set,SOXLEX/structures/SOXLEX_C1_14_1714_z1_12.cif,d664911b6f38cbe3a51728fa966b08ce741fe804370bc2f145519af0d82874f6,d1417f0879605f966ed638eb0fd0521886b1c6375a59f3df6bffbd5e59efdfad,0,48,"[""F"", ""C"", ""C"", ""C"", ""Br"", ""C"", ""Cl"", ""C"", ""Br"", ""C"", ""H"", ""H"", ""F"", ""C"", ""C"", ""C"", ""Br"", ""C"", ""Cl"", ""C"", ""Br"", ""C"", ""H"", ""H"", ""F"", ""C"", ""C"", ""C"", ""Br"", ""C"", ""Cl"", ""C"", ""Br"", ""C"", ""H"", ""H"", ""F"", ""C"", ""C"", ""C"", ""Br"", ""C"", ""Cl"", ""C"", ""Br"", ""C"", ""H"", ""H""]",C24H8Br8Cl4F4,"[true, true, true]","[7.26130846224898, 0.0, 0.0, 0.0, 12.251881429336976, 0.0, -3.1765129757686834, 0.0, 13.08515839085542]",1164.1170637861148,[],"{""cutoff=6.000_skin=0.000"": 1688, ""cutoff=6.000_skin=0.500"": 2228}",0.0,,
OPT-RFT-SOXLEX48-R512-v1,7157da7c8384b8258ca02f46774c12c53148908357151f22a621bec141f2564b,OPT-RFT-SOXLEX48-R512-v1:0388,SOXLEX_C1_14_3588_z1_12,73b5e97e4bc3cb80919b6857943d6c9d1eef7ad964eb8904ee77ffd87d73bdc8,388,cross_family_test_set,SOXLEX/structures/SOXLEX_C1_14_3588_z1_12.cif,7a45869d8178fab937c37635607c322792d0db9b6eb8443eee1279e1186e27b3,73b5e97e4bc3cb80919b6857943d6c9d1eef7ad964eb8904ee77ffd87d73bdc8,0,48,"[""F"", ""C"", ""C"", ""C"", ""Br"", ""C"", ""Cl"", ""C"", ""Br"", ""C"", ""H"", ""H"", ""F"", ""C"", ""C"", ""C"", ""Br"", ""C"", ""Cl"", ""C"", ""Br"", ""C"", ""H"", ""H"", ""F"", ""C"", ""C"", ""C"", ""Br"", ""C"", ""Cl"", ""C"", ""Br"", ""C"", ""H"", ""H"", ""F"", ""C"", ""C"", ""C"", ""Br"", ""C"", ""Cl"", ""C"", ""Br"", ""C"", ""H"", ""H""]",C24H8Br8Cl4F4,"[true, true, true]","[4.48095001217775, 0.0, 0.0, 0.0, 15.562894319713372, 0.0, -3.7108309095051735, 0.0, 15.993288214311967]",1115.316767074818,[],"{""cutoff=6.000_skin=0.000"": 1688, ""cutoff=6.000_skin=0.500"": 2104}",0.0,,
OPT-RFT-SOXLEX48-R512-v1,7157da7c8384b8258ca02f46774c12c53148908357151f22a621bec141f2564b,OPT-RFT-SOXLEX48-R512-v1:0389,SOXLEX_C1_14_3165_z1_12,058fbcd67fbaf08b8f769b1782fd6d877203da53570d0c56e42373bb631c3eae,389,cross_family_test_set,SOXLEX/structures/SOXLEX_C1_14_3165_z1_12.cif,c91b7b7437753c0b397c36027225ad2e429c9eac052b83a268ad7e66c194c29b,058fbcd67fbaf08b8f769b1782fd6d877203da53570d0c56e42373bb631c3eae,0,48,"[""F"", ""C"", ""C"", ""C"", ""Br"", ""C"", ""Cl"", ""C"", ""Br"", ""C"", ""H"", ""H"", ""F"", ""C"", ""C"", ""C"", ""Br"", ""C"", ""Cl"", ""C"", ""Br"", ""C"", ""H"", ""H"", ""F"", ""C"", ""C"", ""C"", ""Br"", ""C"", ""Cl"", ""C"", ""Br"", ""C"", ""H"", ""H"", ""F"", ""C"", ""C"", ""C"", ""Br"", ""C"", ""Cl"", ""C"", ""Br"", ""C"", ""H"", ""H""]",C24H8Br8Cl4F4,"[true, true, true]","[9.434970645927102, 0.0, 0.0, 0.0, 14.685794095379638, 0.0, -1.9285004946714734, 0.0, 8.91744562124135]",1235.6015881088938,[],"{""cutoff=6.000_skin=0.000"": 1692, ""cutoff=6.000_skin=0.500"": 2100}",0.0,,
OPT-RFT-SOXLEX48-R512-v1,7157da7c8384b8258ca02f46774c12c53148908357151f22a621bec141f2564b,OPT-RFT-SOXLEX48-R512-v1:0390,SOXLEX_C1_14_598_z1_12,6f9b3e51e403857ba4780132cf7f9c0efb67bf6a006c3bed23064ee0aafaba55,390,cross_family_test_set,SOXLEX/structures/SOXLEX_C1_14_598_z1_12.cif,4c4a7e204c3e3b88be553755c3a2c1bc4f63ca99d7a60eefd727639254e67aae,6f9b3e51e403857ba4780132cf7f9c0efb67bf6a006c3bed23064ee0aafaba55,0,48,"[""F"", ""C"", ""C"", ""C"", ""Br"", ""C"", ""Cl"", ""C"", ""Br"", ""C"", ""H"", ""H"", ""F"", ""C"", ""C"", ""C"", ""Br"", ""C"", ""Cl"", ""C"", ""Br"", ""C"", ""H"", ""H"", ""F"", ""C"", ""C"", ""C"", ""Br"", ""C"", ""Cl"", ""C"", ""Br"", ""C"", ""H"", ""H"", ""F"", ""C"", ""C"", ""C"", ""Br"", ""C"", ""Cl"", ""C"", ""Br"", ""C"", ""H"", ""H""]",C24H8Br8Cl4F4,"[true, true, true]","[5.414062105066861, 0.0, 0.0, 0.0, 11.94156951162616, 0.0, 1.5544308795046486, 0.0, 19.601124806180042]",1267.2597411890856,[],"{""cutoff=6.000_skin=0.000"": 1692, ""cutoff=6.000_skin=0.500"": 2100}",0.0,,
OPT-RFT-SOXLEX48-R512-v1,7157da7c8384b8258ca02f46774c12c53148908357151f22a621bec141f2564b,OPT-RFT-SOXLEX48-R512-v1:0391,SOXLEX_C1_14_3840_z1_12,c32f86da60ad13290bf45a029d2b66446d14c9900ed2f98c00794423eb32c377,391,cross_family_test_set,SOXLEX/structures/SOXLEX_C1_14_3840_z1_12.cif,afabda66b42f5a1befaebf3ed55fbd0d279b204a91ab20e3d26b41ea48cf0fdd,c32f86da60ad13290bf45a029d2b66446d14c9900ed2f98c00794423eb32c377,0,48,"[""F"", ""C"", ""C"", ""C"", ""Br"", ""C"", ""Cl"", ""C"", ""Br"", ""C"", ""H"", ""H"", ""F"", ""C"", ""C"", ""C"", ""Br"", ""C"", ""Cl"", ""C"", ""Br"", ""C"", ""H"", ""H"", ""F"", ""C"", ""C"", ""C"", ""Br"", ""C"", ""Cl"", ""C"", ""Br"", ""C"", ""H"", ""H"", ""F"", ""C"", ""C"", ""C"", ""Br"", ""C"", ""Cl"", ""C"", ""Br"", ""C"", ""H"", ""H""]",C24H8Br8Cl4F4,"[true, true, true]","[10.989859378926461, 0.0, 0.0, 0.0, 10.243828718517086, 0.0, -2.316091714300654, 0.0, 10.422478622749631]",1173.3442697524376,[],"{""cutoff=6.000_skin=0.000"": 1696, ""cutoff=6.000_skin=0.500"": 2120}",0.0,,
OPT-RFT-SOXLEX48-R512-v1,7157da7c8384b8258ca02f46774c12c53148908357151f22a621bec141f2564b,OPT-RFT-SOXLEX48-R512-v1:0392,SOXLEX_C1_14_1800_z1_12,0f4ccded52c13a56de4ba8ed302d3dc0ed137a9a0df04b0c9bf5d19221fda3f7,392,cross_family_test_set,SOXLEX/structures/SOXLEX_C1_14_1800_z1_12.cif,0f8193c0a084029626335cbf7bf1da50a7df522581f88c562925fc7eb608801d,0f4ccded52c13a56de4ba8ed302d3dc0ed137a9a0df04b0c9bf5d19221fda3f7,0,48,"[""F"", ""C"", ""C"", ""C"", ""Br"", ""C"", ""Cl"", ""C"", ""Br"", ""C"", ""H"", ""H"", ""F"", ""C"", ""C"", ""C"", ""Br"", ""C"", ""Cl"", ""C"", ""Br"", ""C"", ""H"", ""H"", ""F"", ""C"", ""C"", ""C"", ""Br"", ""C"", ""Cl"", ""C"", ""Br"", ""C"", ""H"", ""H"", ""F"", ""C"", ""C"", ""C"", ""Br"", ""C"", ""Cl"", ""C"", ""Br"", ""C"", ""H"", ""H""]",C24H8Br8Cl4F4,"[true, true, true]","[9.017618169429443, 0.0, 0.0, 0.0, 8.180463959363742, 0.0, 3.415879352970337, 0.0, 15.748355608771211]",1161.7294278943618,[],"{""cutoff=6.000_skin=0.000"": 1700, ""cutoff=6.000_skin=0.500"": 2128}",0.0,,
OPT-RFT-SOXLEX48-R512-v1,7157da7c8384b8258ca02f46774c12c53148908357151f22a621bec141f2564b,OPT-RFT-SOXLEX48-R512-v1:0393,SOXLEX_C1_14_3940_z1_12,3f44496f17475f8a136640525cae5aa829f2aea52821765533c82b4e611e39b1,393,cross_family_test_set,SOXLEX/structures/SOXLEX_C1_14_3940_z1_12.cif,44cad2ac5a558689ffd153bca98ad138759e2d50d5857cb27cbd4fc04392f440,3f44496f17475f8a136640525cae5aa829f2aea52821765533c82b4e611e39b1,0,48,"[""F"", ""C"", ""C"", ""C"", ""Br"", ""C"", ""Cl"", ""C"", ""Br"", ""C"", ""H"", ""H"", ""F"", ""C"", ""C"", ""C"", ""Br"", ""C"", ""Cl"", ""C"", ""Br"", ""C"", ""H"", ""H"", ""F"", ""C"", ""C"", ""C"", ""Br"", ""C"", ""Cl"", ""C"", ""Br"", ""C"", ""H"", ""H"", ""F"", ""C"", ""C"", ""C"", ""Br"", ""C"", ""Cl"", ""C"", ""Br"", ""C"", ""H"", ""H""]",C24H8Br8Cl4F4,"[true, true, true]","[4.449498299738785, 0.0, 0.0, 0.0, 17.60068839394981, 0.0, -7.28854923383856, 0.0, 15.259405765899725]",1195.0286598604519,[],"{""cutoff=6.000_skin=0.000"": 1700, ""cutoff=6.000_skin=0.500"": 2100}",0.0,,
OPT-RFT-SOXLEX48-R512-v1,7157da7c8384b8258ca02f46774c12c53148908357151f22a621bec141f2564b,OPT-RFT-SOXLEX48-R512-v1:0394,SOXLEX_C1_14_1199_z1_12,d7054d4e7ac0598bf73a06861d3828585afdbd99cda3df8b3a37fd23fc575e24,394,cross_family_test_set,SOXLEX/structures/SOXLEX_C1_14_1199_z1_12.cif,3d2be4f7206b1398f1521defb0a3851df5d9fdb0dc90821b668a87f9fbcda096,d7054d4e7ac0598bf73a06861d3828585afdbd99cda3df8b3a37fd23fc575e24,0,48,"[""F"", ""C"", ""C"", ""C"", ""Br"", ""C"", ""Cl"", ""C"", ""Br"", ""C"", ""H"", ""H"", ""F"", ""C"", ""C"", ""C"", ""Br"", ""C"", ""Cl"", ""C"", ""Br"", ""C"", ""H"", ""H"", ""F"", ""C"", ""C"", ""C"", ""Br"", ""C"", ""Cl"", ""C"", ""Br"", ""C"", ""H"", ""H"", ""F"", ""C"", ""C"", ""C"", ""Br"", ""C"", ""Cl"", ""C"", ""Br"", ""C"", ""H"", ""H""]",C24H8Br8Cl4F4,"[true, true, true]","[8.203400151616322, 0.0, 0.0, 0.0, 12.732034001518159, 0.0, 4.881721130506943, 0.0, 11.485148895362627]",1199.577513047691,[],"{""cutoff=6.000_skin=0.000"": 1704, ""cutoff=6.000_skin=0.500"": 1996}",0.0,,
OPT-RFT-SOXLEX48-R512-v1,7157da7c8384b8258ca02f46774c12c53148908357151f22a621bec141f2564b,OPT-RFT-SOXLEX48-R512-v1:0395,SOXLEX_C1_14_1919_z1_12,a7ddd90f0c795c261501783f45a3c1dbc0f31c1bfe165d0844c9814e01b8d9d6,395,cross_family_test_set,SOXLEX/structures/SOXLEX_C1_14_1919_z1_12.cif,311f50fac112148ba2b8e4ab11f22fcfe61ba0db4958b6565f634430d85e955d,a7ddd90f0c795c261501783f45a3c1dbc0f31c1bfe165d0844c9814e01b8d9d6,0,48,"[""F"", ""C"", ""C"", ""C"", ""Br"", ""C"", ""Cl"", ""C"", ""Br"", ""C"", ""H"", ""H"", ""F"", ""C"", ""C"", ""C"", ""Br"", ""C"", ""Cl"", ""C"", ""Br"", ""C"", ""H"", ""H"", ""F"", ""C"", ""C"", ""C"", ""Br"", ""C"", ""Cl"", ""C"", ""Br"", ""C"", ""H"", ""H"", ""F"", ""C"", ""C"", ""C"", ""Br"", ""C"", ""Cl"", ""C"", ""Br"", ""C"", ""H"", ""H""]",C24H8Br8Cl4F4,"[true, true, true]","[7.662640559830242, 0.0, 0.0, 0.0, 20.197183006299717, 0.0, -3.199113244986749, 0.0, 8.150152630364191]",1261.3482142899397,[],"{""cutoff=6.000_skin=0.000"": 1704, ""cutoff=6.000_skin=0.500"": 1968}",0.0,,
OPT-RFT-SOXLEX48-R512-v1,7157da7c8384b8258ca02f46774c12c53148908357151f22a621bec141f2564b,OPT-RFT-SOXLEX48-R512-v1:0396,SOXLEX_C1_14_3338_z1_12,752c1c0e23960b984a3d81be1ee5ed8e7b2f81293e715efea5fda746d52fdefd,396,cross_family_test_set,SOXLEX/structures/SOXLEX_C1_14_3338_z1_12.cif,13a1bc95b4e68344870b4cd7b12f082c8b0c1da07d85a8f2f33c44a0b4a842fe,752c1c0e23960b984a3d81be1ee5ed8e7b2f81293e715efea5fda746d52fdefd,0,48,"[""F"", ""C"", ""C"", ""C"", ""Br"", ""C"", ""Cl"", ""C"", ""Br"", ""C"", ""H"", ""H"", ""F"", ""C"", ""C"", ""C"", ""Br"", ""C"", ""Cl"", ""C"", ""Br"", ""C"", ""H"", ""H"", ""F"", ""C"", ""C"", ""C"", ""Br"", ""C"", ""Cl"", ""C"", ""Br"", ""C"", ""H"", ""H"", ""F"", ""C"", ""C"", ""C"", ""Br"", ""C"", ""Cl"", ""C"", ""Br"", ""C"", ""H"", ""H""]",C24H8Br8Cl4F4,"[true, true, true]","[11.076591994066348, 0.0, 0.0, 0.0, 11.005930582626494, 0.0, 2.2191956643890594, 0.0, 9.99203002193337]",1218.1104200870107,[],"{""cutoff=6.000_skin=0.000"": 1704, ""cutoff=6.000_skin=0.500"": 2120}",0.0,,
OPT-RFT-SOXLEX48-R512-v1,7157da7c8384b8258ca02f46774c12c53148908357151f22a621bec141f2564b,OPT-RFT-SOXLEX48-R512-v1:0397,SOXLEX_C1_14_3516_z1_12,9e83915ba3a5efb374683580111a681d23a3097e9216aec339b4b71251356e02,397,cross_family_test_set,SOXLEX/structures/SOXLEX_C1_14_3516_z1_12.cif,729c17977d054f66dde57f9c567e4ce692dbfeff7d037ffba56c38593f3b9ec8,9e83915ba3a5efb374683580111a681d23a3097e9216aec339b4b71251356e02,0,48,"[""F"", ""C"", ""C"", ""C"", ""Br"", ""C"", ""Cl"", ""C"", ""Br"", ""C"", ""H"", ""H"", ""F"", ""C"", ""C"", ""C"", ""Br"", ""C"", ""Cl"", ""C"", ""Br"", ""C"", ""H"", ""H"", ""F"", ""C"", ""C"", ""C"", ""Br"", ""C"", ""Cl"", ""C"", ""Br"", ""C"", ""H"", ""H"", ""F"", ""C"", ""C"", ""C"", ""Br"", ""C"", ""Cl"", ""C"", ""Br"", ""C"", ""H"", ""H""]",C24H8Br8Cl4F4,"[true, true, true]","[8.296078186974114, 0.0, 0.0, 0.0, 9.339024002760894, 0.0, -6.168742140045898, 0.0, 14.71689557565114]",1140.2249408914754,[],"{""cutoff=6.000_skin=0.000"": 1708, ""cutoff=6.000_skin=0.500"": 2100}",0.0,,
OPT-RFT-SOXLEX48-R512-v1,7157da7c8384b8258ca02f46774c12c53148908357151f22a621bec141f2564b,OPT-RFT-SOXLEX48-R512-v1:0398,SOXLEX_C1_14_83_z1_12,f1f119c89a69f922fca7d65ce68be49176602f91950cf34dcd78445366701a19,398,cross_family_test_set,SOXLEX/structures/SOXLEX_C1_14_83_z1_12.cif,1268216f8f8a57db8a3e6cdb01be32989631685075ccfe64081df8cded939521,f1f119c89a69f922fca7d65ce68be49176602f91950cf34dcd78445366701a19,0,48,"[""F"", ""C"", ""C"", ""C"", ""Br"", ""C"", ""Cl"", ""C"", ""Br"", ""C"", ""H"", ""H"", ""F"", ""C"", ""C"", ""C"", ""Br"", ""C"", ""Cl"", ""C"", ""Br"", ""C"", ""H"", ""H"", ""F"", ""C"", ""C"", ""C"", ""Br"", ""C"", ""Cl"", ""C"", ""Br"", ""C"", ""H"", ""H"", ""F"", ""C"", ""C"", ""C"", ""Br"", ""C"", ""Cl"", ""C"", ""Br"", ""C"", ""H"", ""H""]",C24H8Br8Cl4F4,"[true, true, true]","[13.208793383982737, 0.0, 0.0, 0.0, 13.115102643975991, 0.0, 2.089944454852606, 0.0, 7.301178368110469]",1264.817305771991,[],"{""cutoff=6.000_skin=0.000"": 1708, ""cutoff=6.000_skin=0.500"": 1984}",0.0,,
OPT-RFT-SOXLEX48-R512-v1,7157da7c8384b8258ca02f46774c12c53148908357151f22a621bec141f2564b,OPT-RFT-SOXLEX48-R512-v1:0399,SOXLEX_C1_14_2621_z1_12,44f18597ce9a68660ebcf4bbe9c91884cd7ef1b1fe84cdac63b00723b2bcd4bf,399,cross_family_test_set,SOXLEX/structures/SOXLEX_C1_14_2621_z1_12.cif,417b5586dd2f74b2b2d5530a0a2165a06e7f9491e9a3c447bdae60b983ad6d3d,44f18597ce9a68660ebcf4bbe9c91884cd7ef1b1fe84cdac63b00723b2bcd4bf,0,48,"[""F"", ""C"", ""C"", ""C"", ""Br"", ""C"", ""Cl"", ""C"", ""Br"", ""C"", ""H"", ""H"", ""F"", ""C"", ""C"", ""C"", ""Br"", ""C"", ""Cl"", ""C"", ""Br"", ""C"", ""H"", ""H"", ""F"", ""C"", ""C"", ""C"", ""Br"", ""C"", ""Cl"", ""C"", ""Br"", ""C"", ""H"", ""H"", ""F"", ""C"", ""C"", ""C"", ""Br"", ""C"", ""Cl"", ""C"", ""Br"", ""C"", ""H"", ""H""]",C24H8Br8Cl4F4,"[true, true, true]","[9.784898512578824, 0.0, 0.0, 0.0, 13.669637976513243, 0.0, -5.315395194623832, 0.0, 8.257056381168612]",1104.431000969834,[],"{""cutoff=6.000_skin=0.000"": 1712, ""cutoff=6.000_skin=0.500"": 2144}",0.0,,
OPT-RFT-SOXLEX48-R512-v1,7157da7c8384b8258ca02f46774c12c53148908357151f22a621bec141f2564b,OPT-RFT-SOXLEX48-R512-v1:0400,SOXLEX_C1_14_4178_z1_12,35d7b99569bd9f11b997210e1ce125a17bcf00b41ff73e33e92c7b8d555e1761,400,cross_family_test_set,SOXLEX/structures/SOXLEX_C1_14_4178_z1_12.cif,edce0c6fd319545c26079f012cd177ff735355eea5ddf285b04001d0edc9f7b5,35d7b99569bd9f11b997210e1ce125a17bcf00b41ff73e33e92c7b8d555e1761,0,48,"[""F"", ""C"", ""C"", ""C"", ""Br"", ""C"", ""Cl"", ""C"", ""Br"", ""C"", ""H"", ""H"", ""F"", ""C"", ""C"", ""C"", ""Br"", ""C"", ""Cl"", ""C"", ""Br"", ""C"", ""H"", ""H"", ""F"", ""C"", ""C"", ""C"", ""Br"", ""C"", ""Cl"", ""C"", ""Br"", ""C"", ""H"", ""H"", ""F"", ""C"", ""C"", ""C"", ""Br"", ""C"", ""Cl"", ""C"", ""Br"", ""C"", ""H"", ""H""]",C24H8Br8Cl4F4,"[true, true, true]","[13.403905806011355, 0.0, 0.0, 0.0, 9.197072065815398, 0.0, -3.425097723218787, 0.0, 8.884904327074164]",1095.3015756291459,[],"{""cutoff=6.000_skin=0.000"": 1712, ""cutoff=6.000_skin=0.500"": 2248}",0.0,,
OPT-RFT-SOXLEX48-R512-v1,7157da7c8384b8258ca02f46774c12c53148908357151f22a621bec141f2564b,OPT-RFT-SOXLEX48-R512-v1:0401,SOXLEX_C1_14_2076_z1_12,6cf29adce3322fb1e9673a07af751043a9d39e3e44080e52433c957ec1cffb1c,401,cross_family_test_set,SOXLEX/structures/SOXLEX_C1_14_2076_z1_12.cif,47af521273748941160be093beedb9bfd546bfdaa9d3830fcf998feffc9dc67e,6cf29adce3322fb1e9673a07af751043a9d39e3e44080e52433c957ec1cffb1c,0,48,"[""F"", ""C"", ""C"", ""C"", ""Br"", ""C"", ""Cl"", ""C"", ""Br"", ""C"", ""H"", ""H"", ""F"", ""C"", ""C"", ""C"", ""Br"", ""C"", ""Cl"", ""C"", ""Br"", ""C"", ""H"", ""H"", ""F"", ""C"", ""C"", ""C"", ""Br"", ""C"", ""Cl"", ""C"", ""Br"", ""C"", ""H"", ""H"", ""F"", ""C"", ""C"", ""C"", ""Br"", ""C"", ""Cl"", ""C"", ""Br"", ""C"", ""H"", ""H""]",C24H8Br8Cl4F4,"[true, true, true]","[7.996220951494152, 0.0, 0.0, 0.0, 11.257582926316744, 0.0, 1.1702519381533978, 0.0, 12.698552354400805]",1143.0998154882498,[],"{""cutoff=6.000_skin=0.000"": 1716, ""cutoff=6.000_skin=0.500"": 2076}",0.0,,
OPT-RFT-SOXLEX48-R512-v1,7157da7c8384b8258ca02f46774c12c53148908357151f22a621bec141f2564b,OPT-RFT-SOXLEX48-R512-v1:0402,SOXLEX_C1_14_3280_z1_12,cfb598a7974a9ccf01117940484da6408f2ed76247e3999666307fd5a86d8fe7,402,cross_family_test_set,SOXLEX/structures/SOXLEX_C1_14_3280_z1_12.cif,a8f606cee89cc0ef7b4e9481fcde127259ea956c088642189f491648f55f815d,cfb598a7974a9ccf01117940484da6408f2ed76247e3999666307fd5a86d8fe7,0,48,"[""F"", ""C"", ""C"", ""C"", ""Br"", ""C"", ""Cl"", ""C"", ""Br"", ""C"", ""H"", ""H"", ""F"", ""C"", ""C"", ""C"", ""Br"", ""C"", ""Cl"", ""C"", ""Br"", ""C"", ""H"", ""H"", ""F"", ""C"", ""C"", ""C"", ""Br"", ""C"", ""Cl"", ""C"", ""Br"", ""C"", ""H"", ""H"", ""F"", ""C"", ""C"", ""C"", ""Br"", ""C"", ""Cl"", ""C"", ""Br"", ""C"", ""H"", ""H""]",C24H8Br8Cl4F4,"[true, true, true]","[8.810798319031491, 0.0, 0.0, 0.0, 8.350041889613248, 0.0, 1.4057244460851557, 0.0, 16.235593063567283]",1194.4612684570513,[],"{""cutoff=6.000_skin=0.000"": 1716, ""cutoff=6.000_skin=0.500"": 2096}",0.0,,
OPT-RFT-SOXLEX48-R512-v1,7157da7c8384b8258ca02f46774c12c53148908357151f22a621bec141f2564b,OPT-RFT-SOXLEX48-R512-v1:0403,SOXLEX_C1_14_518_z1_12,7599d4d791ff58eae8d95cfddadfb6d1507d7a8a43a34d81a31f543e86aed7c5,403,cross_family_test_set,SOXLEX/structures/SOXLEX_C1_14_518_z1_12.cif,3a475ac744bdd3ea04fbf742147191782d9779a6eced694048aea22eb4afada6,7599d4d791ff58eae8d95cfddadfb6d1507d7a8a43a34d81a31f543e86aed7c5,0,48,"[""F"", ""C"", ""C"", ""C"", ""Br"", ""C"", ""Cl"", ""C"", ""Br"", ""C"", ""H"", ""H"", ""F"", ""C"", ""C"", ""C"", ""Br"", ""C"", ""Cl"", ""C"", ""Br"", ""C"", ""H"", ""H"", ""F"", ""C"", ""C"", ""C"", ""Br"", ""C"", ""Cl"", ""C"", ""Br"", ""C"", ""H"", ""H"", ""F"", ""C"", ""C"", ""C"", ""Br"", ""C"", ""Cl"", ""C"", ""Br"", ""C"", ""H"", ""H""]",C24H8Br8Cl4F4,"[true, true, true]","[12.754959976354954, 0.0, 0.0, 0.0, 13.159626775061383, 0.0, -1.8817569162147632, 0.0, 7.393109087284774]",1240.937151632564,[],"{""cutoff=6.000_skin=0.000"": 1716, ""cutoff=6.000_skin=0.500"": 2080}",0.0,,
OPT-RFT-SOXLEX48-R512-v1,7157da7c8384b8258ca02f46774c12c53148908357151f22a621bec141f2564b,OPT-RFT-SOXLEX48-R512-v1:0404,SOXLEX_C1_14_3970_z1_12,a4b2bcc67ef8725b35593edc07133865d810074dc9accf54adc6fbdcb0556b1f,404,cross_family_test_set,SOXLEX/structures/SOXLEX_C1_14_3970_z1_12.cif,50ee3c104719cb1e3550622a89a1865b55df13fc3f280568e1079725797eb2af,a4b2bcc67ef8725b35593edc07133865d810074dc9accf54adc6fbdcb0556b1f,0,48,"[""F"", ""C"", ""C"", ""C"", ""Br"", ""C"", ""Cl"", ""C"", ""Br"", ""C"", ""H"", ""H"", ""F"", ""C"", ""C"", ""C"", ""Br"", ""C"", ""Cl"", ""C"", ""Br"", ""C"", ""H"", ""H"", ""F"", ""C"", ""C"", ""C"", ""Br"", ""C"", ""Cl"", ""C"", ""Br"", ""C"", ""H"", ""H"", ""F"", ""C"", ""C"", ""C"", ""Br"", ""C"", ""Cl"", ""C"", ""Br"", ""C"", ""H"", ""H""]",C24H8Br8Cl4F4,"[true, true, true]","[9.152615334303075, 0.0, 0.0, 0.0, 9.330163375854665, 0.0, -3.5702637841983615, 0.0, 13.366471940730916]",1141.4351696530487,[],"{""cutoff=6.000_skin=0.000"": 1720, ""cutoff=6.000_skin=0.500"": 2256}",0.0,,
OPT-RFT-SOXLEX48-R512-v1,7157da7c8384b8258ca02f46774c12c53148908357151f22a621bec141f2564b,OPT-RFT-SOXLEX48-R512-v1:0405,SOXLEX_C1_14_3288_z1_12,9abfac8d1d2c26ca158daf7375d687d5e884ca55947a0d4582a4a77efed3171e,405,cross_family_test_set,SOXLEX/structures/SOXLEX_C1_14_3288_z1_12.cif,f358866e0d9f4cea26c8ea9f3985f2357121aa0bd980cb117f6ba2ab5ebd8ed7,9abfac8d1d2c26ca158daf7375d687d5e884ca55947a0d4582a4a77efed3171e,0,48,"[""F"", ""C"", ""C"", ""C"", ""Br"", ""C"", ""Cl"", ""C"", ""Br"", ""C"", ""H"", ""H"", ""F"", ""C"", ""C"", ""C"", ""Br"", ""C"", ""Cl"", ""C"", ""Br"", ""C"", ""H"", ""H"", ""F"", ""C"", ""C"", ""C"", ""Br"", ""C"", ""Cl"", ""C"", ""Br"", ""C"", ""H"", ""H"", ""F"", ""C"", ""C"", ""C"", ""Br"", ""C"", ""Cl"", ""C"", ""Br"", ""C"", ""H"", ""H""]",C24H8Br8Cl4F4,"[true, true, true]","[7.818252661022086, 0.0, 0.0, 0.0, 11.344516431596823, 0.0, 5.02402102832976, 0.0, 12.857240273567855]",1140.3638717298782,[],"{""cutoff=6.000_skin=0.000"": 1724, ""cutoff=6.000_skin=0.500"": 2048}",0.0,,
OPT-RFT-SOXLEX48-R512-v1,7157da7c8384b8258ca02f46774c12c53148908357151f22a621bec141f2564b,OPT-RFT-SOXLEX48-R512-v1:0406,SOXLEX_C1_14_3298_z1_12,803963adb774042bc8a9449293d4474c2ec3c3b7c33f4eb35a84e72fd32561ce,406,cross_family_test_set,SOXLEX/structures/SOXLEX_C1_14_3298_z1_12.cif,851c43f5788567d53cd90ad23cbbba16d5d75b45e0c131c9812b6f51ddc8dd41,803963adb774042bc8a9449293d4474c2ec3c3b7c33f4eb35a84e72fd32561ce,0,48,"[""F"", ""C"", ""C"", ""C"", ""Br"", ""C"", ""Cl"", ""C"", ""Br"", ""C"", ""H"", ""H"", ""F"", ""C"", ""C"", ""C"", ""Br"", ""C"", ""Cl"", ""C"", ""Br"", ""C"", ""H"", ""H"", ""F"", ""C"", ""C"", ""C"", ""Br"", ""C"", ""Cl"", ""C"", ""Br"", ""C"", ""H"", ""H"", ""F"", ""C"", ""C"", ""C"", ""Br"", ""C"", ""Cl"", ""C"", ""Br"", ""C"", ""H"", ""H""]",C24H8Br8Cl4F4,"[true, true, true]","[10.190635291577607, 0.0, 0.0, 0.0, 12.090593581648903, 0.0, -3.339205493776145, 0.0, 8.691909985599297]",1070.9374405624906,[],"{""cutoff=6.000_skin=0.000"": 1728, ""cutoff=6.000_skin=0.500"": 2404}",0.0,,
OPT-RFT-SOXLEX48-R512-v1,7157da7c8384b8258ca02f46774c12c53148908357151f22a621bec141f2564b,OPT-RFT-SOXLEX48-R512-v1:0407,SOXLEX_C1_14_1807_z1_12,c503cd1f45262728eaac3ce81593dc04129ea83897673b4aa8ac89359c27d0ca,407,cross_family_test_set,SOXLEX/structures/SOXLEX_C1_14_1807_z1_12.cif,e96ed28123d61428201d1c94af17864dcf540c3db47c002fe0b423559d14413e,c503cd1f45262728eaac3ce81593dc04129ea83897673b4aa8ac89359c27d0ca,0,48,"[""F"", ""C"", ""C"", ""C"", ""Br"", ""C"", ""Cl"", ""C"", ""Br"", ""C"", ""H"", ""H"", ""F"", ""C"", ""C"", ""C"", ""Br"", ""C"", ""Cl"", ""C"", ""Br"", ""C"", ""H"", ""H"", ""F"", ""C"", ""C"", ""C"", ""Br"", ""C"", ""Cl"", ""C"", ""Br"", ""C"", ""H"", ""H"", ""F"", ""C"", ""C"", ""C"", ""Br"", ""C"", ""Cl"", ""C"", ""Br"", ""C"", ""H"", ""H""]",C24H8Br8Cl4F4,"[true, true, true]","[8.849506728023151, 0.0, 0.0, 0.0, 14.98895733399307, 0.0, 2.5560994241326545, 0.0, 8.836890652507789]",1172.168289334129,[],"{""cutoff=6.000_skin=0.000"": 1732, ""cutoff=6.000_skin=0.500"": 2100}",0.0,,
OPT-RFT-SOXLEX48-R512-v1,7157da7c8384b8258ca02f46774c12c53148908357151f22a621bec141f2564b,OPT-RFT-SOXLEX48-R512-v1:0408,SOXLEX_C1_14_3529_z1_12,456b9a764e88e8b291768e05ae2e592a5acb415586e17783031d60a77b8918ab,408,cross_family_test_set,SOXLEX/structures/SOXLEX_C1_14_3529_z1_12.cif,40b94eed77a8d1e7edddf138bdadfe23d01c737a8dbad75619fb987298ec6066,456b9a764e88e8b291768e05ae2e592a5acb415586e17783031d60a77b8918ab,0,48,"[""F"", ""C"", ""C"", ""C"", ""Br"", ""C"", ""Cl"", ""C"", ""Br"", ""C"", ""H"", ""H"", ""F"", ""C"", ""C"", ""C"", ""Br"", ""C"", ""Cl"", ""C"", ""Br"", ""C"", ""H"", ""H"", ""F"", ""C"", ""C"", ""C"", ""Br"", ""C"", ""Cl"", ""C"", ""Br"", ""C"", ""H"", ""H"", ""F"", ""C"", ""C"", ""C"", ""Br"", ""C"", ""Cl"", ""C"", ""Br"", ""C"", ""H"", ""H""]",C24H8Br8Cl4F4,"[true, true, true]","[10.661884098614252, 0.0, 0.0, 0.0, 9.374077613919809, 0.0, 8.296373133005455, 0.0, 11.0938029284947]",1108.7737841156545,[],"{""cutoff=6.000_skin=0.000"": 1736, ""cutoff=6.000_skin=0.500"": 2228}",0.0,,
OPT-RFT-SOXLEX48-R512-v1,7157da7c8384b8258ca02f46774c12c53148908357151f22a621bec141f2564b,OPT-RFT-SOXLEX48-R512-v1:0409,SOXLEX_C1_14_631_z1_12,a5ae56387682c2e71fe9026efc4e3ba2e9b06e163a391dcb561736693c91d1c6,409,cross_family_test_set,SOXLEX/structures/SOXLEX_C1_14_631_z1_12.cif,be1cd056075d1336012f36255577b7090b94862189c6e2e545498d066ab91342,a5ae56387682c2e71fe9026efc4e3ba2e9b06e163a391dcb561736693c91d1c6,0,48,"[""F"", ""C"", ""C"", ""C"", ""Br"", ""C"", ""Cl"", ""C"", ""Br"", ""C"", ""H"", ""H"", ""F"", ""C"", ""C"", ""C"", ""Br"", ""C"", ""Cl"", ""C"", ""Br"", ""C"", ""H"", ""H"", ""F"", ""C"", ""C"", ""C"", ""Br"", ""C"", ""Cl"", ""C"", ""Br"", ""C"", ""H"", ""H"", ""F"", ""C"", ""C"", ""C"", ""Br"", ""C"", ""Cl"", ""C"", ""Br"", ""C"", ""H"", ""H""]",C24H8Br8Cl4F4,"[true, true, true]","[7.0490525620784865, 0.0, 0.0, 0.0, 12.770738512052212, 0.0, 3.972746374329366, 0.0, 12.115266983474864]",1090.635803425872,[],"{""cutoff=6.000_skin=0.000"": 1736, ""cutoff=6.000_skin=0.500"": 2200}",0.0,,
OPT-RFT-SOXLEX48-R512-v1,7157da7c8384b8258ca02f46774c12c53148908357151f22a621bec141f2564b,OPT-RFT-SOXLEX48-R512-v1:0410,SOXLEX_C1_14_3546_z1_12,dfb45afcd6b6c0fa2e82d935cb6daf933d03a5f0e14e5ce80eae20d38e3738a6,410,cross_family_test_set,SOXLEX/structures/SOXLEX_C1_14_3546_z1_12.cif,d3f8c5f563c2fdbbcf79154c00971f08863ef6c6ff70d37d7586350bb19d2529,dfb45afcd6b6c0fa2e82d935cb6daf933d03a5f0e14e5ce80eae20d38e3738a6,0,48,"[""F"", ""C"", ""C"", ""C"", ""Br"", ""C"", ""Cl"", ""C"", ""Br"", ""C"", ""H"", ""H"", ""F"", ""C"", ""C"", ""C"", ""Br"", ""C"", ""Cl"", ""C"", ""Br"", ""C"", ""H"", ""H"", ""F"", ""C"", ""C"", ""C"", ""Br"", ""C"", ""Cl"", ""C"", ""Br"", ""C"", ""H"", ""H"", ""F"", ""C"", ""C"", ""C"", ""Br"", ""C"", ""Cl"", ""C"", ""Br"", ""C"", ""H"", ""H""]",C24H8Br8Cl4F4,"[true, true, true]","[11.476647261213841, 0.0, 0.0, 0.0, 12.09598098878083, 0.0, 0.5091110189278522, 0.0, 8.290275272174325]",1150.8668493908433,[],"{""cutoff=6.000_skin=0.000"": 1740, ""cutoff=6.000_skin=0.500"": 2268}",0.0,,
OPT-RFT-SOXLEX48-R512-v1,7157da7c8384b8258ca02f46774c12c53148908357151f22a621bec141f2564b,OPT-RFT-SOXLEX48-R512-v1:0411,SOXLEX_C1_14_1027_z1_12,ccc7ac5bdf563ac808a00162c97a317dc9d1bcf551566f24d825b8c42c8f664b,411,cross_family_test_set,SOXLEX/structures/SOXLEX_C1_14_1027_z1_12.cif,8ba034890eac8153c190be33ee385365829a50d8674af49b45318e3a88688962,ccc7ac5bdf563ac808a00162c97a317dc9d1bcf551566f24d825b8c42c8f664b,0,48,"[""F"", ""C"", ""C"", ""C"", ""Br"", ""C"", ""Cl"", ""C"", ""Br"", ""C"", ""H"", ""H"", ""F"", ""C"", ""C"", ""C"", ""Br"", ""C"", ""Cl"", ""C"", ""Br"", ""C"", ""H"", ""H"", ""F"", ""C"", ""C"", ""C"", ""Br"", ""C"", ""Cl"", ""C"", ""Br"", ""C"", ""H"", ""H"", ""F"", ""C"", ""C"", ""C"", ""Br"", ""C"", ""Cl"", ""C"", ""Br"", ""C"", ""H"", ""H""]",C24H8Br8Cl4F4,"[true, true, true]","[11.707115693009968, 0.0, 0.0, 0.0, 11.407861860729156, 0.0, -3.8152998099713002, 0.0, 9.578848712362653]",1279.2855014162399,[],"{""cutoff=6.000_skin=0.000"": 1744, ""cutoff=6.000_skin=0.500"": 2036}",0.0,,
OPT-RFT-SOXLEX48-R512-v1,7157da7c8384b8258ca02f46774c12c53148908357151f22a621bec141f2564b,OPT-RFT-SOXLEX48-R512-v1:0412,SOXLEX_C1_14_3544_z1_12,89f8f6e453464b341afa19ce510e9bc872642fdbc651cd136b71b77c47d7a17b,412,cross_family_test_set,SOXLEX/structures/SOXLEX_C1_14_3544_z1_12.cif,2bd34fdf9c77025fcfce2e0c82dc07fa7f75cb5fdaf566d81d02eab9e32db0e1,89f8f6e453464b341afa19ce510e9bc872642fdbc651cd136b71b77c47d7a17b,0,48,"[""F"", ""C"", ""C"", ""C"", ""Br"", ""C"", ""Cl"", ""C"", ""Br"", ""C"", ""H"", ""H"", ""F"", ""C"", ""C"", ""C"", ""Br"", ""C"", ""Cl"", ""C"", ""Br"", ""C"", ""H"", ""H"", ""F"", ""C"", ""C"", ""C"", ""Br"", ""C"", ""Cl"", ""C"", ""Br"", ""C"", ""H"", ""H"", ""F"", ""C"", ""C"", ""C"", ""Br"", ""C"", ""Cl"", ""C"", ""Br"", ""C"", ""H"", ""H""]",C24H8Br8Cl4F4,"[true, true, true]","[12.104106513921984, 0.0, 0.0, 0.0, 9.708914716208817, 0.0, -6.620907150065294, 0.0, 9.90111461163163]",1163.556591447346,[],"{""cutoff=6.000_skin=0.000"": 1744, ""cutoff=6.000_skin=0.500"": 2212}",0.0,,
OPT-RFT-SOXLEX48-R512-v1,7157da7c8384b8258ca02f46774c12c53148908357151f22a621bec141f2564b,OPT-RFT-SOXLEX48-R512-v1:0413,SOXLEX_C1_14_2207_z1_12,43b11b941681f44f78dd36a88823afb8d238330e855a809e71aaff89353158cb,413,cross_family_test_set,SOXLEX/structures/SOXLEX_C1_14_2207_z1_12.cif,1256c013a0e3a51bbbc369e09c7b66fa44de33ef7024cb08aac58555fc64fe69,43b11b941681f44f78dd36a88823afb8d238330e855a809e71aaff89353158cb,0,48,"[""F"", ""C"", ""C"", ""C"", ""Br"", ""C"", ""Cl"", ""C"", ""Br"", ""C"", ""H"", ""H"", ""F"", ""C"", ""C"", ""C"", ""Br"", ""C"", ""Cl"", ""C"", ""Br"", ""C"", ""H"", ""H"", ""F"", ""C"", ""C"", ""C"", ""Br"", ""C"", ""Cl"", ""C"", ""Br"", ""C"", ""H"", ""H"", ""F"", ""C"", ""C"", ""C"", ""Br"", ""C"", ""Cl"", ""C"", ""Br"", ""C"", ""H"", ""H""]",C24H8Br8Cl4F4,"[true, true, true]","[5.63307506535007, 0.0, 0.0, 0.0, 15.404113570401996, 0.0, -5.686147832008394, 0.0, 12.93474827905798]",1122.380807958052,[],"{""cutoff=6.000_skin=0.000"": 1748, ""cutoff=6.000_skin=0.500"": 2524}",0.0,,
OPT-RFT-SOXLEX48-R512-v1,7157da7c8384b8258ca02f46774c12c53148908357151f22a621bec141f2564b,OPT-RFT-SOXLEX48-R512-v1:0414,SOXLEX_C1_14_847_z1_12,dec32fdc983faad7252ee8c886e3d7673df217a176cffc3dc2d57f9ebeb55aa2,414,cross_family_test_set,SOXLEX/structures/SOXLEX_C1_14_847_z1_12.cif,a7fc70fb24bff4cedbd2c0e931d44967869df3bb0460175a06f126c91ced323f,dec32fdc983faad7252ee8c886e3d7673df217a176cffc3dc2d57f9ebeb55aa2,0,48,"[""F"", ""C"", ""C"", ""C"", ""Br"", ""C"", ""Cl"", ""C"", ""Br"", ""C"", ""H"", ""H"", ""F"", ""C"", ""C"", ""C"", ""Br"", ""C"", ""Cl"", ""C"", ""Br"", ""C"", ""H"", ""H"", ""F"", ""C"", ""C"", ""C"", ""Br"", ""C"", ""Cl"", ""C"", ""Br"", ""C"", ""H"", ""H"", ""F"", ""C"", ""C"", ""C"", ""Br"", ""C"", ""Cl"", ""C"", ""Br"", ""C"", ""H"", ""H""]",C24H8Br8Cl4F4,"[true, true, true]","[9.185135243755589, 0.0, 0.0, 0.0, 9.801112716165946, 0.0, 3.8523115647435477, 0.0, 12.042327057063364]",1084.1050241360808,[],"{""cutoff=6.000_skin=0.000"": 1752, ""cutoff=6.000_skin=0.500"": 2212}",0.0,,
OPT-RFT-SOXLEX48-R512-v1,7157da7c8384b8258ca02f46774c12c53148908357151f22a621bec141f2564b,OPT-RFT-SOXLEX48-R512-v1:0415,SOXLEX_C1_14_958_z1_12,ecf5fb5f7d82f6fcd292e64cb9e5c7c513b915bdf9a242dc6b42222e09b8d8a7,415,cross_family_test_set,SOXLEX/structures/SOXLEX_C1_14_958_z1_12.cif,f85a843ee5f710d1baeff43651e2d387d938622ae623e92bc8e61e8d5027a9e3,ecf5fb5f7d82f6fcd292e64cb9e5c7c513b915bdf9a242dc6b42222e09b8d8a7,0,48,"[""F"", ""C"", ""C"", ""C"", ""Br"", ""C"", ""Cl"", ""C"", ""Br"", ""C"", ""H"", ""H"", ""F"", ""C"", ""C"", ""C"", ""Br"", ""C"", ""Cl"", ""C"", ""Br"", ""C"", ""H"", ""H"", ""F"", ""C"", ""C"", ""C"", ""Br"", ""C"", ""Cl"", ""C"", ""Br"", ""C"", ""H"", ""H"", ""F"", ""C"", ""C"", ""C"", ""Br"", ""C"", ""Cl"", ""C"", ""Br"", ""C"", ""H"", ""H""]",C24H8Br8Cl4F4,"[true, true, true]","[10.92783247739478, 0.0, 0.0, 0.0, 10.479818832323552, 0.0, -7.776632449256995, 0.0, 9.95909273682613]",1140.5322764218793,[],"{""cutoff=6.000_skin=0.000"": 1756, ""cutoff=6.000_skin=0.500"": 2200}",0.0,,
OPT-RFT-SOXLEX48-R512-v1,7157da7c8384b8258ca02f46774c12c53148908357151f22a621bec141f2564b,OPT-RFT-SOXLEX48-R512-v1:0416,SOXLEX_C1_14_3668_z1_12,7661e71827892fe7d4b9a1b18c8047d300c3546eac28f769b9ac148f47d03545,416,cross_family_test_set,SOXLEX/structures/SOXLEX_C1_14_3668_z1_12.cif,74661fdd0395fe43f1328c57bdaa5a5fab72f26b3a244199cb51e6d121cb36ea,7661e71827892fe7d4b9a1b18c8047d300c3546eac28f769b9ac148f47d03545,0,48,"[""F"", ""C"", ""C"", ""C"", ""Br"", ""C"", ""Cl"", ""C"", ""Br"", ""C"", ""H"", ""H"", ""F"", ""C"", ""C"", ""C"", ""Br"", ""C"", ""Cl"", ""C"", ""Br"", ""C"", ""H"", ""H"", ""F"", ""C"", ""C"", ""C"", ""Br"", ""C"", ""Cl"", ""C"", ""Br"", ""C"", ""H"", ""H"", ""F"", ""C"", ""C"", ""C"", ""Br"", ""C"", ""Cl"", ""C"", ""Br"", ""C"", ""H"", ""H""]",C24H8Br8Cl4F4,"[true, true, true]","[8.15732206273324, 0.0, 0.0, 0.0, 13.250727106201246, 0.0, -6.8358933877555605, 0.0, 9.739062174642788]",1052.6995991148112,[],"{""cutoff=6.000_skin=0.000"": 1760, ""cutoff=6.000_skin=0.500"": 2288}",0.0,,
OPT-RFT-SOXLEX48-R512-v1,7157da7c8384b8258ca02f46774c12c53148908357151f22a621bec141f2564b,OPT-RFT-SOXLEX48-R512-v1:0417,SOXLEX_C1_14_3193_z1_12,c60eebe53053b8afd1da354ed7e1c99840aabf88a2da7ab3fb773abf41cf9130,417,cross_family_test_set,SOXLEX/structures/SOXLEX_C1_14_3193_z1_12.cif,5ffb793234b6eb63a430f7ec23ba4c66e22d5ffb9e003b987833c1f365b24b6a,c60eebe53053b8afd1da354ed7e1c99840aabf88a2da7ab3fb773abf41cf9130,0,48,"[""F"", ""C"", ""C"", ""C"", ""Br"", ""C"", ""Cl"", ""C"", ""Br"", ""C"", ""H"", ""H"", ""F"", ""C"", ""C"", ""C"", ""Br"", ""C"", ""Cl"", ""C"", ""Br"", ""C"", ""H"", ""H"", ""F"", ""C"", ""C"", ""C"", ""Br"", ""C"", ""Cl"", ""C"", ""Br"", ""C"", ""H"", ""H"", ""F"", ""C"", ""C"", ""C"", ""Br"", ""C"", ""Cl"", ""C"", ""Br"", ""C"", ""H"", ""H""]",C24H8Br8Cl4F4,"[true, true, true]","[8.64087647757387, 0.0, 0.0, 0.0, 11.959404395067189, 0.0, -7.434480895898107, 0.0, 10.505709512078482]",1085.657248764444,[],"{""cutoff=6.000_skin=0.000"": 1764, ""cutoff=6.000_skin=0.500"": 2256}",0.0,,
OPT-RFT-SOXLEX48-R512-v1,7157da7c8384b8258ca02f46774c12c53148908357151f22a621bec141f2564b,OPT-RFT-SOXLEX48-R512-v1:0418,SOXLEX_C1_14_105_z1_12,e0651b638ae48ebca3eac2a5cd0c1701edbd94d10ffc2558c85d892b210dd076,418,cross_family_test_set,SOXLEX/structures/SOXLEX_C1_14_105_z1_12.cif,dc7992fb40e92d8fe13d19a5ee7bff4f59a32374f78f6b5f041cb0e42d1d4961,e0651b638ae48ebca3eac2a5cd0c1701edbd94d10ffc2558c85d892b210dd076,0,48,"[""F"", ""C"", ""C"", ""C"", ""Br"", ""C"", ""Cl"", ""C"", ""Br"", ""C"", ""H"", ""H"", ""F"", ""C"", ""C"", ""C"", ""Br"", ""C"", ""Cl"", ""C"", ""Br"", ""C"", ""H"", ""H"", ""F"", ""C"", ""C"", ""C"", ""Br"", ""C"", ""Cl"", ""C"", ""Br"", ""C"", ""H"", ""H"", ""F"", ""C"", ""C"", ""C"", ""Br"", ""C"", ""Cl"", ""C"", ""Br"", ""C"", ""H"", ""H""]",C24H8Br8Cl4F4,"[true, true, true]","[9.730120819429786, 0.0, 0.0, 0.0, 14.528359657405339, 0.0, -3.3897739919621284, 0.0, 9.203372838268214]",1301.0135854337223,[],"{""cutoff=6.000_skin=0.000"": 1768, ""cutoff=6.000_skin=0.500"": 2080}",0.0,,
OPT-RFT-SOXLEX48-R512-v1,7157da7c8384b8258ca02f46774c12c53148908357151f22a621bec141f2564b,OPT-RFT-SOXLEX48-R512-v1:0419,SOXLEX_C1_14_4488_z1_12,26a4f7ad7bd9c346b7907fea453a6fb6a9538cd5c025c424fce59b6c4ace74e1,419,cross_family_test_set,SOXLEX/structures/SOXLEX_C1_14_4488_z1_12.cif,ba34dcc8321658966f7278dd5e33d31c81df0632de61dd03259df38efac04c09,26a4f7ad7bd9c346b7907fea453a6fb6a9538cd5c025c424fce59b6c4ace74e1,0,48,"[""F"", ""C"", ""C"", ""C"", ""Br"", ""C"", ""Cl"", ""C"", ""Br"", ""C"", ""H"", ""H"", ""F"", ""C"", ""C"", ""C"", ""Br"", ""C"", ""Cl"", ""C"", ""Br"", ""C"", ""H"", ""H"", ""F"", ""C"", ""C"", ""C"", ""Br"", ""C"", ""Cl"", ""C"", ""Br"", ""C"", ""H"", ""H"", ""F"", ""C"", ""C"", ""C"", ""Br"", ""C"", ""Cl"", ""C"", ""Br"", ""C"", ""H"", ""H""]",C24H8Br8Cl4F4,"[true, true, true]","[8.81505469016782, 0.0, 0.0, 0.0, 12.91618565576016, 0.0, 2.407880548370941, 0.0, 9.051638841607817]",1030.591384039282,[],"{""cutoff=6.000_skin=0.000"": 1768, ""cutoff=6.000_skin=0.500"": 2300}",0.0,,
OPT-RFT-SOXLEX48-R512-v1,7157da7c8384b8258ca02f46774c12c53148908357151f22a621bec141f2564b,OPT-RFT-SOXLEX48-R512-v1:0420,SOXLEX_C1_14_4531_z1_12,b4e76b8c7688ad77a0b69e6179f9526082b4a2f0d16764764d2a3fa91bc5212f,420,cross_family_test_set,SOXLEX/structures/SOXLEX_C1_14_4531_z1_12.cif,62a996094930a2b67afb5a547179744109a74867a54e799582a861d4ab205ef7,b4e76b8c7688ad77a0b69e6179f9526082b4a2f0d16764764d2a3fa91bc5212f,0,48,"[""F"", ""C"", ""C"", ""C"", ""Br"", ""C"", ""Cl"", ""C"", ""Br"", ""C"", ""H"", ""H"", ""F"", ""C"", ""C"", ""C"", ""Br"", ""C"", ""Cl"", ""C"", ""Br"", ""C"", ""H"", ""H"", ""F"", ""C"", ""C"", ""C"", ""Br"", ""C"", ""Cl"", ""C"", ""Br"", ""C"", ""H"", ""H"", ""F"", ""C"", ""C"", ""C"", ""Br"", ""C"", ""Cl"", ""C"", ""Br"", ""C"", ""H"", ""H""]",C24H8Br8Cl4F4,"[true, true, true]","[5.630506698485487, 0.0, 0.0, 0.0, 20.216523756596334, 0.0, -2.1693503307467443, 0.0, 10.934688849532494]",1244.6876760082848,[],"{""cutoff=6.000_skin=0.000"": 1772, ""cutoff=6.000_skin=0.500"": 2128}",0.0,,
OPT-RFT-SOXLEX48-R512-v1,7157da7c8384b8258ca02f46774c12c53148908357151f22a621bec141f2564b,OPT-RFT-SOXLEX48-R512-v1:0421,SOXLEX_C1_14_3845_z1_12,a07c97f5c6bafdf0de8bcfee71afcff3b80fd9595554586b5fb3cbcc50646b5a,421,cross_family_test_set,SOXLEX/structures/SOXLEX_C1_14_3845_z1_12.cif,6671fac499791dfd0fe3ed86f371b54cc79494772ead5290c148dcc701ea6337,a07c97f5c6bafdf0de8bcfee71afcff3b80fd9595554586b5fb3cbcc50646b5a,0,48,"[""F"", ""C"", ""C"", ""C"", ""Br"", ""C"", ""Cl"", ""C"", ""Br"", ""C"", ""H"", ""H"", ""F"", ""C"", ""C"", ""C"", ""Br"", ""C"", ""Cl"", ""C"", ""Br"", ""C"", ""H"", ""H"", ""F"", ""C"", ""C"", ""C"", ""Br"", ""C"", ""Cl"", ""C"", ""Br"", ""C"", ""H"", ""H"", ""F"", ""C"", ""C"", ""C"", ""Br"", ""C"", ""Cl"", ""C"", ""Br"", ""C"", ""H"", ""H""]",C24H8Br8Cl4F4,"[true, true, true]","[10.01288320387706, 0.0, 0.0, 0.0, 10.445746489954082, 0.0, 4.743638536406528, 0.0, 10.818699110475276]",1131.5498055801295,[],"{""cutoff=6.000_skin=0.000"": 1776, ""cutoff=6.000_skin=0.500"": 2128}",0.0,,
OPT-RFT-SOXLEX48-R512-v1,7157da7c8384b8258ca02f46774c12c53148908357151f22a621bec141f2564b,OPT-RFT-SOXLEX48-R512-v1:0422,SOXLEX_C1_14_3522_z1_12,f25644a38297dee68b466d354016361d3534d9b3a358293a0342fc37cc1f8ce1,422,cross_family_test_set,SOXLEX/structures/SOXLEX_C1_14_3522_z1_12.cif,d2a4b988c01cf58b5da8365cd7a905a45197f1a530259258cad38c83875e2bd4,f25644a38297dee68b466d354016361d3534d9b3a358293a0342fc37cc1f8ce1,0,48,"[""F"", ""C"", ""C"", ""C"", ""Br"", ""C"", ""Cl"", ""C"", ""Br"", ""C"", ""H"", ""H"", ""F"", ""C"", ""C"", ""C"", ""Br"", ""C"", ""Cl"", ""C"", ""Br"", ""C"", ""H"", ""H"", ""F"", ""C"", ""C"", ""C"", ""Br"", ""C"", ""Cl"", ""C"", ""Br"", ""C"", ""H"", ""H"", ""F"", ""C"", ""C"", ""C"", ""Br"", ""C"", ""Cl"", ""C"", ""Br"", ""C"", ""H"", ""H""]",C24H8Br8Cl4F4,"[true, true, true]","[12.194387921005244, 0.0, 0.0, 0.0, 11.852071619594838, 0.0, 0.4781051479046457, 0.0, 7.963784016390476]",1150.9958208080752,[],"{""cutoff=6.000_skin=0.000"": 1780, ""cutoff=6.000_skin=0.500"": 2240}",0.0,,
OPT-RFT-SOXLEX48-R512-v1,7157da7c8384b8258ca02f46774c12c53148908357151f22a621bec141f2564b,OPT-RFT-SOXLEX48-R512-v1:0423,SOXLEX_C1_14_3136_z1_12,b0bbfea9a902e42810f7e7c40562f4d0285044e0e8c6c8342ad4b91acfded27b,423,cross_family_test_set,SOXLEX/structures/SOXLEX_C1_14_3136_z1_12.cif,6d695f4c3ca13f98008003dfc6a885494e5354cbaae2c30c0f12aef110177a85,b0bbfea9a902e42810f7e7c40562f4d0285044e0e8c6c8342ad4b91acfded27b,0,48,"[""F"", ""C"", ""C"", ""C"", ""Br"", ""C"", ""Cl"", ""C"", ""Br"", ""C"", ""H"", ""H"", ""F"", ""C"", ""C"", ""C"", ""Br"", ""C"", ""Cl"", ""C"", ""Br"", ""C"", ""H"", ""H"", ""F"", ""C"", ""C"", ""C"", ""Br"", ""C"", ""Cl"", ""C"", ""Br"", ""C"", ""H"", ""H"", ""F"", ""C"", ""C"", ""C"", ""Br"", ""C"", ""Cl"", ""C"", ""Br"", ""C"", ""H"", ""H""]",C24H8Br8Cl4F4,"[true, true, true]","[16.717711573353554, 0.0, 0.0, 0.0, 7.829146766270567, 0.0, 2.3555461466204513, 0.0, 8.878000529605393]",1162.0008059178244,[],"{""cutoff=6.000_skin=0.000"": 1784, ""cutoff=6.000_skin=0.500"": 2128}",0.0,,
OPT-RFT-SOXLEX48-R512-v1,7157da7c8384b8258ca02f46774c12c53148908357151f22a621bec141f2564b,OPT-RFT-SOXLEX48-R512-v1:0424,SOXLEX_C1_14_1451_z1_12,e90b9cb816ab5bfb96fed223b4cc4e590d0fe9565a21a12f4de627b2804d6979,424,cross_family_test_set,SOXLEX/structures/SOXLEX_C1_14_1451_z1_12.cif,336c3c286635e01911d69388676f98b77047abd2f2a01ba86ce708f4b49b86c8,e90b9cb816ab5bfb96fed223b4cc4e590d0fe9565a21a12f4de627b2804d6979,0,48,"[""F"", ""C"", ""C"", ""C"", ""Br"", ""C"", ""Cl"", ""C"", ""Br"", ""C"", ""H"", ""H"", ""F"", ""C"", ""C"", ""C"", ""Br"", ""C"", ""Cl"", ""C"", ""Br"", ""C"", ""H"", ""H"", ""F"", ""C"", ""C"", ""C"", ""Br"", ""C"", ""Cl"", ""C"", ""Br"", ""C"", ""H"", ""H"", ""F"", ""C"", ""C"", ""C"", ""Br"", ""C"", ""Cl"", ""C"", ""Br"", ""C"", ""H"", ""H""]",C24H8Br8Cl4F4,"[true, true, true]","[8.430278130889278, 0.0, 0.0, 0.0, 12.397515481544824, 0.0, 1.3750823402188566, 0.0, 10.844244030582441]",1133.380782222848,[],"{""cutoff=6.000_skin=0.000"": 1788, ""cutoff=6.000_skin=0.500"": 2316}",0.0,,
OPT-RFT-SOXLEX48-R512-v1,7157da7c8384b8258ca02f46774c12c53148908357151f22a621bec141f2564b,OPT-RFT-SOXLEX48-R512-v1:0425,SOXLEX_C1_14_3992_z1_12,085c1467fcb54dc368db0e71b49206554b9e016dd9c06d298218ac7193f2d516,425,cross_family_test_set,SOXLEX/structures/SOXLEX_C1_14_3992_z1_12.cif,ff11939ae8829fa5364341d8244e53d7e59096f635ddad19e373c73679105db2,085c1467fcb54dc368db0e71b49206554b9e016dd9c06d298218ac7193f2d516,0,48,"[""F"", ""C"", ""C"", ""C"", ""Br"", ""C"", ""Cl"", ""C"", ""Br"", ""C"", ""H"", ""H"", ""F"", ""C"", ""C"", ""C"", ""Br"", ""C"", ""Cl"", ""C"", ""Br"", ""C"", ""H"", ""H"", ""F"", ""C"", ""C"", ""C"", ""Br"", ""C"", ""Cl"", ""C"", ""Br"", ""C"", ""H"", ""H"", ""F"", ""C"", ""C"", ""C"", ""Br"", ""C"", ""Cl"", ""C"", ""Br"", ""C"", ""H"", ""H""]",C24H8Br8Cl4F4,"[true, true, true]","[7.717432870850484, 0.0, 0.0, 0.0, 9.73972965293435, 0.0, 1.8376145659740715, 0.0, 14.464940451651625]",1087.2675159268567,[],"{""cutoff=6.000_skin=0.000"": 1788, ""cutoff=6.000_skin=0.500"": 2300}",0.0,,
OPT-RFT-SOXLEX48-R512-v1,7157da7c8384b8258ca02f46774c12c53148908357151f22a621bec141f2564b,OPT-RFT-SOXLEX48-R512-v1:0426,SOXLEX_C1_14_769_z1_12,8b061ca0df273d0f440c5ce12ade6cc197f9215c2509b55ac53937edff131435,426,cross_family_test_set,SOXLEX/structures/SOXLEX_C1_14_769_z1_12.cif,0c471b4348c6917a3b5fcc5094ca5c39748579fd34004322b19dac140cb91dde,8b061ca0df273d0f440c5ce12ade6cc197f9215c2509b55ac53937edff131435,0,48,"[""F"", ""C"", ""C"", ""C"", ""Br"", ""C"", ""Cl"", ""C"", ""Br"", ""C"", ""H"", ""H"", ""F"", ""C"", ""C"", ""C"", ""Br"", ""C"", ""Cl"", ""C"", ""Br"", ""C"", ""H"", ""H"", ""F"", ""C"", ""C"", ""C"", ""Br"", ""C"", ""Cl"", ""C"", ""Br"", ""C"", ""H"", ""H"", ""F"", ""C"", ""C"", ""C"", ""Br"", ""C"", ""Cl"", ""C"", ""Br"", ""C"", ""H"", ""H""]",C24H8Br8Cl4F4,"[true, true, true]","[8.451022986074019, 0.0, 0.0, 0.0, 5.822751809607006, 0.0, 20.858178322195943, 0.0, 25.599240421805614]",1259.6927827781042,[],"{""cutoff=6.000_skin=0.000"": 1792, ""cutoff=6.000_skin=0.500"": 2208}",0.0,,
OPT-RFT-SOXLEX48-R512-v1,7157da7c8384b8258ca02f46774c12c53148908357151f22a621bec141f2564b,OPT-RFT-SOXLEX48-R512-v1:0427,SOXLEX_C1_14_85_z1_12,88c47414f64fbf3f8a0b59af1ca3b41a4bf4686b7b02a1b009ada191d476e9da,427,cross_family_test_set,SOXLEX/structures/SOXLEX_C1_14_85_z1_12.cif,d9e70205bccad297cb4f0a7ab82be9f486116bdab17bad8120f0a204ec04cd93,88c47414f64fbf3f8a0b59af1ca3b41a4bf4686b7b02a1b009ada191d476e9da,0,48,"[""F"", ""C"", ""C"", ""C"", ""Br"", ""C"", ""Cl"", ""C"", ""Br"", ""C"", ""H"", ""H"", ""F"", ""C"", ""C"", ""C"", ""Br"", ""C"", ""Cl"", ""C"", ""Br"", ""C"", ""H"", ""H"", ""F"", ""C"", ""C"", ""C"", ""Br"", ""C"", ""Cl"", ""C"", ""Br"", ""C"", ""H"", ""H"", ""F"", ""C"", ""C"", ""C"", ""Br"", ""C"", ""Cl"", ""C"", ""Br"", ""C"", ""H"", ""H""]",C24H8Br8Cl4F4,"[true, true, true]","[7.740450897050956, 0.0, 0.0, 0.0, 10.151625308009613, 0.0, -1.6891473179119314, 0.0, 13.753277332525863]",1080.7071885517244,[],"{""cutoff=6.000_skin=0.000"": 1796, ""cutoff=6.000_skin=0.500"": 2228}",0.0,,
OPT-RFT-SOXLEX48-R512-v1,7157da7c8384b8258ca02f46774c12c53148908357151f22a621bec141f2564b,OPT-RFT-SOXLEX48-R512-v1:0428,SOXLEX_C1_14_420_z1_12,4f20e4f82435637ee560cb4f5dbe986a0a7bccea4fb2810ffe55c5746a4e4e56,428,cross_family_test_set,SOXLEX/structures/SOXLEX_C1_14_420_z1_12.cif,99d876f6f2fdd0f789c69a8855a2f7e4ec75ae984c8a06bc21c5f7fbc185f2a5,4f20e4f82435637ee560cb4f5dbe986a0a7bccea4fb2810ffe55c5746a4e4e56,0,48,"[""F"", ""C"", ""C"", ""C"", ""Br"", ""C"", ""Cl"", ""C"", ""Br"", ""C"", ""H"", ""H"", ""F"", ""C"", ""C"", ""C"", ""Br"", ""C"", ""Cl"", ""C"", ""Br"", ""C"", ""H"", ""H"", ""F"", ""C"", ""C"", ""C"", ""Br"", ""C"", ""Cl"", ""C"", ""Br"", ""C"", ""H"", ""H"", ""F"", ""C"", ""C"", ""C"", ""Br"", ""C"", ""Cl"", ""C"", ""Br"", ""C"", ""H"", ""H""]",C24H8Br8Cl4F4,"[true, true, true]","[3.8440957687577963, 0.0, 0.0, 0.0, 17.99605244707756, 0.0, 1.034443520741573, 0.0, 16.898726975694057]",1169.0294132435959,[],"{""cutoff=6.000_skin=0.000"": 1800, ""cutoff=6.000_skin=0.500"": 2180}",0.0,,
OPT-RFT-SOXLEX48-R512-v1,7157da7c8384b8258ca02f46774c12c53148908357151f22a621bec141f2564b,OPT-RFT-SOXLEX48-R512-v1:0429,SOXLEX_C1_14_2197_z1_12,1cfae5a9e48f7027f7e7c0b837125e20a4a0db583b2a33b3849909fe1364ad9c,429,cross_family_test_set,SOXLEX/structures/SOXLEX_C1_14_2197_z1_12.cif,26e48039251a6f614518a379ff595cd3f69d459987caa4d22fd0c2fe8f2c8e39,1cfae5a9e48f7027f7e7c0b837125e20a4a0db583b2a33b3849909fe1364ad9c,0,48,"[""F"", ""C"", ""C"", ""C"", ""Br"", ""C"", ""Cl"", ""C"", ""Br"", ""C"", ""H"", ""H"", ""F"", ""C"", ""C"", ""C"", ""Br"", ""C"", ""Cl"", ""C"", ""Br"", ""C"", ""H"", ""H"", ""F"", ""C"", ""C"", ""C"", ""Br"", ""C"", ""Cl"", ""C"", ""Br"", ""C"", ""H"", ""H"", ""F"", ""C"", ""C"", ""C"", ""Br"", ""C"", ""Cl"", ""C"", ""Br"", ""C"", ""H"", ""H""]",C24H8Br8Cl4F4,"[true, true, true]","[5.295570027969514, 0.0, 0.0, 0.0, 15.682011347517616, 0.0, 5.379900012141244, 0.0, 13.995931223973045]",1162.2947575074322,[],"{""cutoff=6.000_skin=0.000"": 1804, ""cutoff=6.000_skin=0.500"": 2308}",0.0,,
OPT-RFT-SOXLEX48-R512-v1,7157da7c8384b8258ca02f46774c12c53148908357151f22a621bec141f2564b,OPT-RFT-SOXLEX48-R512-v1:0430,SOXLEX_C1_14_4158_z1_12,2c5f91d332a5d04b2dfd672f0eb6620bf341ef9ab05de2b2ae726e46d43299e6,430,cross_family_test_set,SOXLEX/structures/SOXLEX_C1_14_4158_z1_12.cif,c6a4885b2789dc9b6e3b30b24d462332db04cd4cc3c7a07267de3dd5fbd2159b,2c5f91d332a5d04b2dfd672f0eb6620bf341ef9ab05de2b2ae726e46d43299e6,0,48,"[""F"", ""C"", ""C"", ""C"", ""Br"", ""C"", ""Cl"", ""C"", ""Br"", ""C"", ""H"", ""H"", ""F"", ""C"", ""C"", ""C"", ""Br"", ""C"", ""Cl"", ""C"", ""Br"", ""C"", ""H"", ""H"", ""F"", ""C"", ""C"", ""C"", ""Br"", ""C"", ""Cl"", ""C"", ""Br"", ""C"", ""H"", ""H"", ""F"", ""C"", ""C"", ""C"", ""Br"", ""C"", ""Cl"", ""C"", ""Br"", ""C"", ""H"", ""H""]",C24H8Br8Cl4F4,"[true, true, true]","[11.762373090377096, 0.0, 0.0, 0.0, 10.470913130416484, 0.0, 5.613162477552438, 0.0, 9.107391682624723]",1121.691740447147,[],"{""cutoff=6.000_skin=0.000"": 1804, ""cutoff=6.000_skin=0.500"": 2260}",0.0,,
OPT-RFT-SOXLEX48-R512-v1,7157da7c8384b8258ca02f46774c12c53148908357151f22a621bec141f2564b,OPT-RFT-SOXLEX48-R512-v1:0431,SOXLEX_C1_14_1154_z1_12,2c517d7818470cc0889cf539573fb692e2e1724221b27a3d7db4392baea3d184,431,cross_family_test_set,SOXLEX/structures/SOXLEX_C1_14_1154_z1_12.cif,7cf41114e262deb362e619a29fb387cefe8fd48509adabe5a97e5f978e119bd3,2c517d7818470cc0889cf539573fb692e2e1724221b27a3d7db4392baea3d184,0,48,"[""F"", ""C"", ""C"", ""C"", ""Br"", ""C"", ""Cl"", ""C"", ""Br"", ""C"", ""H"", ""H"", ""F"", ""C"", ""C"", ""C"", ""Br"", ""C"", ""Cl"", ""C"", ""Br"", ""C"", ""H"", ""H"", ""F"", ""C"", ""C"", ""C"", ""Br"", ""C"", ""Cl"", ""C"", ""Br"", ""C"", ""H"", ""H"", ""F"", ""C"", ""C"", ""C"", ""Br"", ""C"", ""Cl"", ""C"", ""Br"", ""C"", ""H"", ""H""]",C24H8Br8Cl4F4,"[true, true, true]","[8.52958474841644, 0.0, 0.0, 0.0, 4.817733007865911, 0.0, -4.391205370578159, 0.0, 26.32327071746882]",1081.7090599170192,[],"{""cutoff=6.000_skin=0.000"": 1808, ""cutoff=6.000_skin=0.500"": 2184}",0.0,,
OPT-RFT-SOXLEX48-R512-v1,7157da7c8384b8258ca02f46774c12c53148908357151f22a621bec141f2564b,OPT-RFT-SOXLEX48-R512-v1:0432,SOXLEX_C1_14_4652_z1_12,be03bebd01eb35ceedcdeddbed57d18ca2251e1f92ab853fd63fa2e13849316b,432,cross_family_test_set,SOXLEX/structures/SOXLEX_C1_14_4652_z1_12.cif,af1a3973958e7c3b52e24dabe55c85d620712f6ceb577381d87bdca199eb4b99,be03bebd01eb35ceedcdeddbed57d18ca2251e1f92ab853fd63fa2e13849316b,0,48,"[""F"", ""C"", ""C"", ""C"", ""Br"", ""C"", ""Cl"", ""C"", ""Br"", ""C"", ""H"", ""H"", ""F"", ""C"", ""C"", ""C"", ""Br"", ""C"", ""Cl"", ""C"", ""Br"", ""C"", ""H"", ""H"", ""F"", ""C"", ""C"", ""C"", ""Br"", ""C"", ""Cl"", ""C"", ""Br"", ""C"", ""H"", ""H"", ""F"", ""C"", ""C"", ""C"", ""Br"", ""C"", ""Cl"", ""C"", ""Br"", ""C"", ""H"", ""H""]",C24H8Br8Cl4F4,"[true, true, true]","[10.094682896169534, 0.0, 0.0, 0.0, 9.181570363455755, 0.0, -1.558572198283699, 0.0, 10.820419840961797]",1002.8910599289484,[],"{""cutoff=6.000_skin=0.000"": 1808, ""cutoff=6.000_skin=0.500"": 2532}",0.0,,
OPT-RFT-SOXLEX48-R512-v1,7157da7c8384b8258ca02f46774c12c53148908357151f22a621bec141f2564b,OPT-RFT-SOXLEX48-R512-v1:0433,SOXLEX_C1_14_1890_z1_12,5b4fc071f6e18e0be103be8a60024b2d54bfbad08f76b2fb64a6c6f9dc35e102,433,cross_family_test_set,SOXLEX/structures/SOXLEX_C1_14_1890_z1_12.cif,c25e3332fca6b5058991cbf47844b34e6cae4d69b400c6fefe7c06c8d84b4af4,5b4fc071f6e18e0be103be8a60024b2d54bfbad08f76b2fb64a6c6f9dc35e102,0,48,"[""F"", ""C"", ""C"", ""C"", ""Br"", ""C"", ""Cl"", ""C"", ""Br"", ""C"", ""H"", ""H"", ""F"", ""C"", ""C"", ""C"", ""Br"", ""C"", ""Cl"", ""C"", ""Br"", ""C"", ""H"", ""H"", ""F"", ""C"", ""C"", ""C"", ""Br"", ""C"", ""Cl"", ""C"", ""Br"", ""C"", ""H"", ""H"", ""F"", ""C"", ""C"", ""C"", ""Br"", ""C"", ""Cl"", ""C"", ""Br"", ""C"", ""H"", ""H""]",C24H8Br8Cl4F4,"[true, true, true]","[14.552723297996145, 0.0, 0.0, 0.0, 8.4927332026575, 0.0, 3.7188344909841655, 0.0, 8.535621386653157]",1054.9379014443114,[],"{""cutoff=6.000_skin=0.000"": 1816, ""cutoff=6.000_skin=0.500"": 2288}",0.0,,
OPT-RFT-SOXLEX48-R512-v1,7157da7c8384b8258ca02f46774c12c53148908357151f22a621bec141f2564b,OPT-RFT-SOXLEX48-R512-v1:0434,SOXLEX_C1_14_785_z1_12,3e81a93db6efb52d55dd1eab7a15f27dfe60a42bc78959fa00c564b3e3817408,434,cross_family_test_set,SOXLEX/structures/SOXLEX_C1_14_785_z1_12.cif,f4ca559ac20fc2df557004451ebff83862aabf969beddd63fc14c00a8bb78c54,3e81a93db6efb52d55dd1eab7a15f27dfe60a42bc78959fa00c564b3e3817408,0,48,"[""F"", ""C"", ""C"", ""C"", ""Br"", ""C"", ""Cl"", ""C"", ""Br"", ""C"", ""H"", ""H"", ""F"", ""C"", ""C"", ""C"", ""Br"", ""C"", ""Cl"", ""C"", ""Br"", ""C"", ""H"", ""H"", ""F"", ""C"", ""C"", ""C"", ""Br"", ""C"", ""Cl"", ""C"", ""Br"", ""C"", ""H"", ""H"", ""F"", ""C"", ""C"", ""C"", ""Br"", ""C"", ""Cl"", ""C"", ""Br"", ""C"", ""H"", ""H""]",C24H8Br8Cl4F4,"[true, true, true]","[15.052343404197615, 0.0, 0.0, 0.0, 5.3741249250025085, 0.0, -1.4966596874396043, 0.0, 15.849675704697008]",1282.1305725345694,[],"{""cutoff=6.000_skin=0.000"": 1816, ""cutoff=6.000_skin=0.500"": 2280}",0.0,,
OPT-RFT-SOXLEX48-R512-v1,7157da7c8384b8258ca02f46774c12c53148908357151f22a621bec141f2564b,OPT-RFT-SOXLEX48-R512-v1:0435,SOXLEX_C1_14_3182_z1_12,abdec70936b3fc4bb867305e9f414bdb9ff47f201bba7f5fa35762f6fbffcde2,435,cross_family_test_set,SOXLEX/structures/SOXLEX_C1_14_3182_z1_12.cif,aeade680ec138c427fd1af270b99eb9cc2535107bc05c760219b77af2223fe79,abdec70936b3fc4bb867305e9f414bdb9ff47f201bba7f5fa35762f6fbffcde2,0,48,"[""F"", ""C"", ""C"", ""C"", ""Br"", ""C"", ""Cl"", ""C"", ""Br"", ""C"", ""H"", ""H"", ""F"", ""C"", ""C"", ""C"", ""Br"", ""C"", ""Cl"", ""C"", ""Br"", ""C"", ""H"", ""H"", ""F"", ""C"", ""C"", ""C"", ""Br"", ""C"", ""Cl"", ""C"", ""Br"", ""C"", ""H"", ""H"", ""F"", ""C"", ""C"", ""C"", ""Br"", ""C"", ""Cl"", ""C"", ""Br"", ""C"", ""H"", ""H""]",C24H8Br8Cl4F4,"[true, true, true]","[11.822899293007858, 0.0, 0.0, 0.0, 10.538831282928264, 0.0, 2.7379863778919766, 0.0, 10.13378190798952]",1262.6645735600564,[],"{""cutoff=6.000_skin=0.000"": 1820, ""cutoff=6.000_skin=0.500"": 2276}",0.0,,
OPT-RFT-SOXLEX48-R512-v1,7157da7c8384b8258ca02f46774c12c53148908357151f22a621bec141f2564b,OPT-RFT-SOXLEX48-R512-v1:0436,SOXLEX_C1_14_4273_z1_12,6df40ba33f463a788d383d734a256474300a89d2e3699301703c2d118a6d51d6,436,cross_family_test_set,SOXLEX/structures/SOXLEX_C1_14_4273_z1_12.cif,5172d5d64a40124d04a6cce92bea1e8bc35719a2e7c55e3b9c9e6f06a69dfbc0,6df40ba33f463a788d383d734a256474300a89d2e3699301703c2d118a6d51d6,0,48,"[""F"", ""C"", ""C"", ""C"", ""Br"", ""C"", ""Cl"", ""C"", ""Br"", ""C"", ""H"", ""H"", ""F"", ""C"", ""C"", ""C"", ""Br"", ""C"", ""Cl"", ""C"", ""Br"", ""C"", ""H"", ""H"", ""F"", ""C"", ""C"", ""C"", ""Br"", ""C"", ""Cl"", ""C"", ""Br"", ""C"", ""H"", ""H"", ""F"", ""C"", ""C"", ""C"", ""Br"", ""C"", ""Cl"", ""C"", ""Br"", ""C"", ""H"", ""H""]",C24H8Br8Cl4F4,"[true, true, true]","[8.831278360149746, 0.0, 0.0, 0.0, 8.286449318892942, 0.0, 1.287852962685484, 0.0, 14.312344794909016]",1047.3765412571347,[],"{""cutoff=6.000_skin=0.000"": 1824, ""cutoff=6.000_skin=0.500"": 2456}",0.0,,
OPT-RFT-SOXLEX48-R512-v1,7157da7c8384b8258ca02f46774c12c53148908357151f22a621bec141f2564b,OPT-RFT-SOXLEX48-R512-v1:0437,SOXLEX_C1_14_4552_z1_12,25a0ac0dd6b5378fb45cff9747f99688de9b77160c827bb4f261815032efef3a,437,cross_family_test_set,SOXLEX/structures/SOXLEX_C1_14_4552_z1_12.cif,44e450f00cf554a98cb0c2b0959c5dccf03c4044bd70c4f82cba0d396179fe32,25a0ac0dd6b5378fb45cff9747f99688de9b77160c827bb4f261815032efef3a,0,48,"[""F"", ""C"", ""C"", ""C"", ""Br"", ""C"", ""Cl"", ""C"", ""Br"", ""C"", ""H"", ""H"", ""F"", ""C"", ""C"", ""C"", ""Br"", ""C"", ""Cl"", ""C"", ""Br"", ""C"", ""H"", ""H"", ""F"", ""C"", ""C"", ""C"", ""Br"", ""C"", ""Cl"", ""C"", ""Br"", ""C"", ""H"", ""H"", ""F"", ""C"", ""C"", ""C"", ""Br"", ""C"", ""Cl"", ""C"", ""Br"", ""C"", ""H"", ""H""]",C24H8Br8Cl4F4,"[true, true, true]","[5.768930505497167, 0.0, 0.0, 0.0, 12.724534811074676, 0.0, 0.58076771205392, 0.0, 14.27627851211834]",1047.9781634282801,[],"{""cutoff=6.000_skin=0.000"": 1828, ""cutoff=6.000_skin=0.500"": 2420}",0.0,,
OPT-RFT-SOXLEX48-R512-v1,7157da7c8384b8258ca02f46774c12c53148908357151f22a621bec141f2564b,OPT-RFT-SOXLEX48-R512-v1:0438,SOXLEX_C1_14_2728_z1_12,75589ef111c87035d4f1305db594077d7adff418151c3d2025591c240a7419c0,438,cross_family_test_set,SOXLEX/structures/SOXLEX_C1_14_2728_z1_12.cif,5c37c5f849775e05426be3282704ecd58530260c4e05be68a3a707a5220ee311,75589ef111c87035d4f1305db594077d7adff418151c3d2025591c240a7419c0,0,48,"[""F"", ""C"", ""C"", ""C"", ""Br"", ""C"", ""Cl"", ""C"", ""Br"", ""C"", ""H"", ""H"", ""F"", ""C"", ""C"", ""C"", ""Br"", ""C"", ""Cl"", ""C"", ""Br"", ""C"", ""H"", ""H"", ""F"", ""C"", ""C"", ""C"", ""Br"", ""C"", ""Cl"", ""C"", ""Br"", ""C"", ""H"", ""H"", ""F"", ""C"", ""C"", ""C"", ""Br"", ""C"", ""Cl"", ""C"", ""Br"", ""C"", ""H"", ""H""]",C24H8Br8Cl4F4,"[true, true, true]","[9.327798875083943, 0.0, 0.0, 0.0, 12.115894818090439, 0.0, 1.4136054614955726, 0.0, 9.816375390024705]",1109.3940331828746,[],"{""cutoff=6.000_skin=0.000"": 1832, ""cutoff=6.000_skin=0.500"": 2284}",0.0,,
OPT-RFT-SOXLEX48-R512-v1,7157da7c8384b8258ca02f46774c12c53148908357151f22a621bec141f2564b,OPT-RFT-SOXLEX48-R512-v1:0439,SOXLEX_C1_14_270_z1_12,fc4afe28d622b9a7af6d8e7acc1347b4f9f197a27d4a33ffd3671b4b66508bcc,439,cross_family_test_set,SOXLEX/structures/SOXLEX_C1_14_270_z1_12.cif,0da670e742e54eed62555bb368f97d00907e64c92a0a72fa7381da23c1104165,fc4afe28d622b9a7af6d8e7acc1347b4f9f197a27d4a33ffd3671b4b66508bcc,0,48,"[""F"", ""C"", ""C"", ""C"", ""Br"", ""C"", ""Cl"", ""C"", ""Br"", ""C"", ""H"", ""H"", ""F"", ""C"", ""C"", ""C"", ""Br"", ""C"", ""Cl"", ""C"", ""Br"", ""C"", ""H"", ""H"", ""F"", ""C"", ""C"", ""C"", ""Br"", ""C"", ""Cl"", ""C"", ""Br"", ""C"", ""H"", ""H"", ""F"", ""C"", ""C"", ""C"", ""Br"", ""C"", ""Cl"", ""C"", ""Br"", ""C"", ""H"", ""H""]",C24H8Br8Cl4F4,"[true, true, true]","[9.117377114943391, 0.0, 0.0, 0.0, 9.644023718673168, 0.0, 7.574061631818669, 0.0, 11.953829628538386]",1051.0787360742415,[],"{""cutoff=6.000_skin=0.000"": 1836, ""cutoff=6.000_skin=0.500"": 2364}",0.0,,
OPT-RFT-SOXLEX48-R512-v1,7157da7c8384b8258ca02f46774c12c53148908357151f22a621bec141f2564b,OPT-RFT-SOXLEX48-R512-v1:0440,SOXLEX_C1_14_1225_z1_12,7e19c37ec37b9d303f2e82ae3c7042c535260e02ebd8b34ef02b28eafacbc9ca,440,cross_family_test_set,SOXLEX/structures/SOXLEX_C1_14_1225_z1_12.cif,d28c1f2957d4beb1e9a6d74cd2d99210b8c015bd251e04ea55197cccd2b27dfa,7e19c37ec37b9d303f2e82ae3c7042c535260e02ebd8b34ef02b28eafacbc9ca,0,48,"[""F"", ""C"", ""C"", ""C"", ""Br"", ""C"", ""Cl"", ""C"", ""Br"", ""C"", ""H"", ""H"", ""F"", ""C"", ""C"", ""C"", ""Br"", ""C"", ""Cl"", ""C"", ""Br"", ""C"", ""H"", ""H"", ""F"", ""C"", ""C"", ""C"", ""Br"", ""C"", ""Cl"", ""C"", ""Br"", ""C"", ""H"", ""H"", ""F"", ""C"", ""C"", ""C"", ""Br"", ""C"", ""Cl"", ""C"", ""Br"", ""C"", ""H"", ""H""]",C24H8Br8Cl4F4,"[true, true, true]","[9.924776905421027, 0.0, 0.0, 0.0, 11.283496821733223, 0.0, -5.599700478134126, 0.0, 10.072512597414352]",1127.9822961021978,[],"{""cutoff=6.000_skin=0.000"": 1840, ""cutoff=6.000_skin=0.500"": 2324}",0.0,,
OPT-RFT-SOXLEX48-R512-v1,7157da7c8384b8258ca02f46774c12c53148908357151f22a621bec141f2564b,OPT-RFT-SOXLEX48-R512-v1:0441,SOXLEX_C1_14_4655_z1_12,83cef7b78a83dc2b9e1e2c95ffdb7ce2cb9cc5a62c7fc35d1f8b7583cdd62a68,441,cross_family_test_set,SOXLEX/structures/SOXLEX_C1_14_4655_z1_12.cif,9b8339fc26a9480e7daa4b7f3564e80119165c48111f1a191cec4c2868d99e8b,83cef7b78a83dc2b9e1e2c95ffdb7ce2cb9cc5a62c7fc35d1f8b7583cdd62a68,0,48,"[""F"", ""C"", ""C"", ""C"", ""Br"", ""C"", ""Cl"", ""C"", ""Br"", ""C"", ""H"", ""H"", ""F"", ""C"", ""C"", ""C"", ""Br"", ""C"", ""Cl"", ""C"", ""Br"", ""C"", ""H"", ""H"", ""F"", ""C"", ""C"", ""C"", ""Br"", ""C"", ""Cl"", ""C"", ""Br"", ""C"", ""H"", ""H"", ""F"", ""C"", ""C"", ""C"", ""Br"", ""C"", ""Cl"", ""C"", ""Br"", ""C"", ""H"", ""H""]",C24H8Br8Cl4F4,"[true, true, true]","[7.4145642083977705, 0.0, 0.0, 0.0, 8.405924787003814, 0.0, 0.24845725867516616, 0.0, 16.352313939159078]",1019.1787183943325,[],"{""cutoff=6.000_skin=0.000"": 1840, ""cutoff=6.000_skin=0.500"": 2480}",0.0,,
OPT-RFT-SOXLEX48-R512-v1,7157da7c8384b8258ca02f46774c12c53148908357151f22a621bec141f2564b,OPT-RFT-SOXLEX48-R512-v1:0442,SOXLEX_C1_14_4076_z1_12,b34666b486a056ea1411a3d3d8ceb403e1265bddff190460eb1867eaacb5fcc7,442,cross_family_test_set,SOXLEX/structures/SOXLEX_C1_14_4076_z1_12.cif,4f5bbdee669b7ba6003753653c552dccf35ea4c5466f28b1b77eb9484fb52aae,b34666b486a056ea1411a3d3d8ceb403e1265bddff190460eb1867eaacb5fcc7,0,48,"[""F"", ""C"", ""C"", ""C"", ""Br"", ""C"", ""Cl"", ""C"", ""Br"", ""C"", ""H"", ""H"", ""F"", ""C"", ""C"", ""C"", ""Br"", ""C"", ""Cl"", ""C"", ""Br"", ""C"", ""H"", ""H"", ""F"", ""C"", ""C"", ""C"", ""Br"", ""C"", ""Cl"", ""C"", ""Br"", ""C"", ""H"", ""H"", ""F"", ""C"", ""C"", ""C"", ""Br"", ""C"", ""Cl"", ""C"", ""Br"", ""C"", ""H"", ""H""]",C24H8Br8Cl4F4,"[true, true, true]","[11.354561626253854, 0.0, 0.0, 0.0, 12.02309037298712, 0.0, -1.2857344077369792, 0.0, 8.097891113797765]",1105.4991580324447,[],"{""cutoff=6.000_skin=0.000"": 1844, ""cutoff=6.000_skin=0.500"": 2196}",0.0,,
OPT-RFT-SOXLEX48-R512-v1,7157da7c8384b8258ca02f46774c12c53148908357151f22a621bec141f2564b,OPT-RFT-SOXLEX48-R512-v1:0443,SOXLEX_C1_14_233_z1_12,2609392f59abc480a99f9943b8dae5bab3accb5216308f8dc365309aae402da5,443,cross_family_test_set,SOXLEX/structures/SOXLEX_C1_14_233_z1_12.cif,438a5af26cb0e0c65e75291cb543ca0ab5c86ca3560ca4ef6efe13a1d474ead0,2609392f59abc480a99f9943b8dae5bab3accb5216308f8dc365309aae402da5,0,48,"[""F"", ""C"", ""C"", ""C"", ""Br"", ""C"", ""Cl"", ""C"", ""Br"", ""C"", ""H"", ""H"", ""F"", ""C"", ""C"", ""C"", ""Br"", ""C"", ""Cl"", ""C"", ""Br"", ""C"", ""H"", ""H"", ""F"", ""C"", ""C"", ""C"", ""Br"", ""C"", ""Cl"", ""C"", ""Br"", ""C"", ""H"", ""H"", ""F"", ""C"", ""C"", ""C"", ""Br"", ""C"", ""Cl"", ""C"", ""Br"", ""C"", ""H"", ""H""]",C24H8Br8Cl4F4,"[true, true, true]","[5.31139710131238, 0.0, 0.0, 0.0, 16.449350898481157, 0.0, -1.9604675745689235, 0.0, 12.843143842264288]",1122.0930797635328,[],"{""cutoff=6.000_skin=0.000"": 1848, ""cutoff=6.000_skin=0.500"": 2196}",0.0,,
OPT-RFT-SOXLEX48-R512-v1,7157da7c8384b8258ca02f46774c12c53148908357151f22a621bec141f2564b,OPT-RFT-SOXLEX48-R512-v1:0444,SOXLEX_C1_14_3527_z1_12,3925238a7a367b5af0c2671b2d283340cf539929519e4235975764fbcfc1cc4c,444,cross_family_test_set,SOXLEX/structures/SOXLEX_C1_14_3527_z1_12.cif,4f2c3a3a5ab639475ea0fdff1cdc2c90f7e0a81a725db3af57f390a1bf4e8e98,3925238a7a367b5af0c2671b2d283340cf539929519e4235975764fbcfc1cc4c,0,48,"[""F"", ""C"", ""C"", ""C"", ""Br"", ""C"", ""Cl"", ""C"", ""Br"", ""C"", ""H"", ""H"", ""F"", ""C"", ""C"", ""C"", ""Br"", ""C"", ""Cl"", ""C"", ""Br"", ""C"", ""H"", ""H"", ""F"", ""C"", ""C"", ""C"", ""Br"", ""C"", ""Cl"", ""C"", ""Br"", ""C"", ""H"", ""H"", ""F"", ""C"", ""C"", ""C"", ""Br"", ""C"", ""Cl"", ""C"", ""Br"", ""C"", ""H"", ""H""]",C24H8Br8Cl4F4,"[true, true, true]","[11.128803195706219, 0.0, 0.0, 0.0, 10.884024708336874, 0.0, 2.9278469381956485, 0.0, 10.550434367692132]",1277.9336957832716,[],"{""cutoff=6.000_skin=0.000"": 1848, ""cutoff=6.000_skin=0.500"": 2212}",0.0,,
OPT-RFT-SOXLEX48-R512-v1,7157da7c8384b8258ca02f46774c12c53148908357151f22a621bec141f2564b,OPT-RFT-SOXLEX48-R512-v1:0445,SOXLEX_C1_14_1304_z1_12,fd493d2407b064a66729cc351aa4949b82b16c3a8b3c19013ca3ced46cce4c65,445,cross_family_test_set,SOXLEX/structures/SOXLEX_C1_14_1304_z1_12.cif,4648a9f2c082ca0651f3694b68a64187298788d5259d8d30801268eb107a5c0d,fd493d2407b064a66729cc351aa4949b82b16c3a8b3c19013ca3ced46cce4c65,0,48,"[""F"", ""C"", ""C"", ""C"", ""Br"", ""C"", ""Cl"", ""C"", ""Br"", ""C"", ""H"", ""H"", ""F"", ""C"", ""C"", ""C"", ""Br"", ""C"", ""Cl"", ""C"", ""Br"", ""C"", ""H"", ""H"", ""F"", ""C"", ""C"", ""C"", ""Br"", ""C"", ""Cl"", ""C"", ""Br"", ""C"", ""H"", ""H"", ""F"", ""C"", ""C"", ""C"", ""Br"", ""C"", ""Cl"", ""C"", ""Br"", ""C"", ""H"", ""H""]",C24H8Br8Cl4F4,"[true, true, true]","[11.98287663679358, 0.0, 0.0, 0.0, 11.658021790933539, 0.0, 0.725176415405857, 0.0, 8.38185634091927]",1170.9171422228446,[],"{""cutoff=6.000_skin=0.000"": 1852, ""cutoff=6.000_skin=0.500"": 2168}",0.0,,
OPT-RFT-SOXLEX48-R512-v1,7157da7c8384b8258ca02f46774c12c53148908357151f22a621bec141f2564b,OPT-RFT-SOXLEX48-R512-v1:0446,SOXLEX_C1_14_985_z1_12,31a33734b46d9c5bbbe881fe12b1db2dcb4f832717e9311d628cd455a1334d3e,446,cross_family_test_set,SOXLEX/structures/SOXLEX_C1_14_985_z1_12.cif,f9a335e714652eef33f55d871d7288f5c02b26b7c88a583a73eff03c4cd4a22d,31a33734b46d9c5bbbe881fe12b1db2dcb4f832717e9311d628cd455a1334d3e,0,48,"[""F"", ""C"", ""C"", ""C"", ""Br"", ""C"", ""Cl"", ""C"", ""Br"", ""C"", ""H"", ""H"", ""F"", ""C"", ""C"", ""C"", ""Br"", ""C"", ""Cl"", ""C"", ""Br"", ""C"", ""H"", ""H"", ""F"", ""C"", ""C"", ""C"", ""Br"", ""C"", ""Cl"", ""C"", ""Br"", ""C"", ""H"", ""H"", ""F"", ""C"", ""C"", ""C"", ""Br"", ""C"", ""Cl"", ""C"", ""Br"", ""C"", ""H"", ""H""]",C24H8Br8Cl4F4,"[true, true, true]","[5.296751898024127, 0.0, 0.0, 0.0, 13.045723153456475, 0.0, -1.4922880512009093, 0.0, 15.684465398744893]",1083.7959140165813,[],"{""cutoff=6.000_skin=0.000"": 1852, ""cutoff=6.000_skin=0.500"": 2332}",0.0,,
OPT-RFT-SOXLEX48-R512-v1,7157da7c8384b8258ca02f46774c12c53148908357151f22a621bec141f2564b,OPT-RFT-SOXLEX48-R512-v1:0447,SOXLEX_C1_14_2328_z1_12,0fcde09efb0c054a61ad8bfe1b106fd9f794a182a4f3cb8ad6643168709fa4f8,447,cross_family_test_set,SOXLEX/structures/SOXLEX_C1_14_2328_z1_12.cif,87588e14d4d1bb1123eb1b6e7f3bcc705c146c20916095c88bf4b0e556c807bb,0fcde09efb0c054a61ad8bfe1b106fd9f794a182a4f3cb8ad6643168709fa4f8,0,48,"[""F"", ""C"", ""C"", ""C"", ""Br"", ""C"", ""Cl"", ""C"", ""Br"", ""C"", ""H"", ""H"", ""F"", ""C"", ""C"", ""C"", ""Br"", ""C"", ""Cl"", ""C"", ""Br"", ""C"", ""H"", ""H"", ""F"", ""C"", ""C"", ""C"", ""Br"", ""C"", ""Cl"", ""C"", ""Br"", ""C"", ""H"", ""H"", ""F"", ""C"", ""C"", ""C"", ""Br"", ""C"", ""Cl"", ""C"", ""Br"", ""C"", ""H"", ""H""]",C24H8Br8Cl4F4,"[true, true, true]","[10.053906089799625, 0.0, 0.0, 0.0, 9.638466082345293, 0.0, -0.7044306449037002, 0.0, 11.101012763275689]",1075.7351255902465,[],"{""cutoff=6.000_skin=0.000"": 1856, ""cutoff=6.000_skin=0.500"": 2328}",0.0,,
OPT-RFT-SOXLEX48-R512-v1,7157da7c8384b8258ca02f46774c12c53148908357151f22a621bec141f2564b,OPT-RFT-SOXLEX48-R512-v1:0448,SOXLEX_C1_14_89_z1_12,fe37337ba69cdba683082286cfbf802c72c5983fad45b41c814341c22624ee21,448,cross_family_test_set,SOXLEX/structures/SOXLEX_C1_14_89_z1_12.cif,af01396bb5c18c0b6e66591edc264211c653950239612c5bdf1fd022b9acfb5c,fe37337ba69cdba683082286cfbf802c72c5983fad45b41c814341c22624ee21,0,48,"[""F"", ""C"", ""C"", ""C"", ""Br"", ""C"", ""Cl"", ""C"", ""Br"", ""C"", ""H"", ""H"", ""F"", ""C"", ""C"", ""C"", ""Br"", ""C"", ""Cl"", ""C"", ""Br"", ""C"", ""H"", ""H"", ""F"", ""C"", ""C"", ""C"", ""Br"", ""C"", ""Cl"", ""C"", ""Br"", ""C"", ""H"", ""H"", ""F"", ""C"", ""C"", ""C"", ""Br"", ""C"", ""Cl"", ""C"", ""Br"", ""C"", ""H"", ""H""]",C24H8Br8Cl4F4,"[true, true, true]","[5.864034963313287, 0.0, 0.0, 0.0, 12.732260457127953, 0.0, -1.6564467171114854, 0.0, 14.170580303297994]",1058.0098250874194,[],"{""cutoff=6.000_skin=0.000"": 1856, ""cutoff=6.000_skin=0.500"": 2320}",0.0,,
OPT-RFT-SOXLEX48-R512-v1,7157da7c8384b8258ca02f46774c12c53148908357151f22a621bec141f2564b,OPT-RFT-SOXLEX48-R512-v1:0449,SOXLEX_C1_14_262_z1_12,3eba7af39fb2cd1e3da153567baa76c99707a094e908c7196a75e7465fffea4f,449,cross_family_test_set,SOXLEX/structures/SOXLEX_C1_14_262_z1_12.cif,efccfd6c366ba93105f2fc635e273bc95e0db3bdcb20757ee11cf766d165ecd0,3eba7af39fb2cd1e3da153567baa76c99707a094e908c7196a75e7465fffea4f,0,48,"[""F"", ""C"", ""C"", ""C"", ""Br"", ""C"", ""Cl"", ""C"", ""Br"", ""C"", ""H"", ""H"", ""F"", ""C"", ""C"", ""C"", ""Br"", ""C"", ""Cl"", ""C"", ""Br"", ""C"", ""H"", ""H"", ""F"", ""C"", ""C"", ""C"", ""Br"", ""C"", ""Cl"", ""C"", ""Br"", ""C"", ""H"", ""H"", ""F"", ""C"", ""C"", ""C"", ""Br"", ""C"", ""Cl"", ""C"", ""Br"", ""C"", ""H"", ""H""]",C24H8Br8Cl4F4,"[true, true, true]","[7.5798762703218685, 0.0, 0.0, 0.0, 13.210275090521414, 0.0, 5.919729648726184, 0.0, 11.020567218667402]",1103.5141994091982,[],"{""cutoff=6.000_skin=0.000"": 1864, ""cutoff=6.000_skin=0.500"": 2388}",0.0,,
OPT-RFT-SOXLEX48-R512-v1,7157da7c8384b8258ca02f46774c12c53148908357151f22a621bec141f2564b,OPT-RFT-SOXLEX48-R512-v1:0450,SOXLEX_C1_14_4092_z1_12,0f8d07e9c2c186a00a7a2da14102924ca791679ad8075435e06d8d442def1702,450,cross_family_test_set,SOXLEX/structures/SOXLEX_C1_14_4092_z1_12.cif,45ca5ea13b147692a4b59f2a9d6806173cae1e4650cb6bded45bf651574f0be1,0f8d07e9c2c186a00a7a2da14102924ca791679ad8075435e06d8d442def1702,0,48,"[""F"", ""C"", ""C"", ""C"", ""Br"", ""C"", ""Cl"", ""C"", ""Br"", ""C"", ""H"", ""H"", ""F"", ""C"", ""C"", ""C"", ""Br"", ""C"", ""Cl"", ""C"", ""Br"", ""C"", ""H"", ""H"", ""F"", ""C"", ""C"", ""C"", ""Br"", ""C"", ""Cl"", ""C"", ""Br"", ""C"", ""H"", ""H"", ""F"", ""C"", ""C"", ""C"", ""Br"", ""C"", ""Cl"", ""C"", ""Br"", ""C"", ""H"", ""H""]",C24H8Br8Cl4F4,"[true, true, true]","[7.966831994031626, 0.0, 0.0, 0.0, 10.61623101857445, 0.0, -4.941833017060135, 0.0, 12.599487610942166]",1065.636047875762,[],"{""cutoff=6.000_skin=0.000"": 1868, ""cutoff=6.000_skin=0.500"": 2332}",0.0,,
OPT-RFT-SOXLEX48-R512-v1,7157da7c8384b8258ca02f46774c12c53148908357151f22a621bec141f2564b,OPT-RFT-SOXLEX48-R512-v1:0451,SOXLEX_C1_14_538_z1_12,63bf3b40a4cf3b8c75125fe00484324c6d4d3f63e47bc50c4a4a4476883a5822,451,cross_family_test_set,SOXLEX/structures/SOXLEX_C1_14_538_z1_12.cif,88a5990fff389510d3dfa98d84859b64775c97bb11bea3050310977e47aa80a3,63bf3b40a4cf3b8c75125fe00484324c6d4d3f63e47bc50c4a4a4476883a5822,0,48,"[""F"", ""C"", ""C"", ""C"", ""Br"", ""C"", ""Cl"", ""C"", ""Br"", ""C"", ""H"", ""H"", ""F"", ""C"", ""C"", ""C"", ""Br"", ""C"", ""Cl"", ""C"", ""Br"", ""C"", ""H"", ""H"", ""F"", ""C"", ""C"", ""C"", ""Br"", ""C"", ""Cl"", ""C"", ""Br"", ""C"", ""H"", ""H"", ""F"", ""C"", ""C"", ""C"", ""Br"", ""C"", ""Cl"", ""C"", ""Br"", ""C"", ""H"", ""H""]",C24H8Br8Cl4F4,"[true, true, true]","[11.412773060008263, 0.0, 0.0, 0.0, 9.421433712621583, 0.0, -0.461751970019311, 0.0, 10.182977879225843]",1094.9214874211002,[],"{""cutoff=6.000_skin=0.000"": 1868, ""cutoff=6.000_skin=0.500"": 2252}",0.0,,
OPT-RFT-SOXLEX48-R512-v1,7157da7c8384b8258ca02f46774c12c53148908357151f22a621bec141f2564b,OPT-RFT-SOXLEX48-R512-v1:0452,SOXLEX_C1_14_1725_z1_12,8c585ed86339b9343cd9a7b47981b16027d6d295199347071ec9d9e2b7fecb19,452,cross_family_test_set,SOXLEX/structures/SOXLEX_C1_14_1725_z1_12.cif,86eb95dd1da8f6b2fc19c87a82866c547f13702000d3857e2437cb361d8caf62,8c585ed86339b9343cd9a7b47981b16027d6d295199347071ec9d9e2b7fecb19,0,48,"[""F"", ""C"", ""C"", ""C"", ""Br"", ""C"", ""Cl"", ""C"", ""Br"", ""C"", ""H"", ""H"", ""F"", ""C"", ""C"", ""C"", ""Br"", ""C"", ""Cl"", ""C"", ""Br"", ""C"", ""H"", ""H"", ""F"", ""C"", ""C"", ""C"", ""Br"", ""C"", ""Cl"", ""C"", ""Br"", ""C"", ""H"", ""H"", ""F"", ""C"", ""C"", ""C"", ""Br"", ""C"", ""Cl"", ""C"", ""Br"", ""C"", ""H"", ""H""]",C24H8Br8Cl4F4,"[true, true, true]","[9.536232012632745, 0.0, 0.0, 0.0, 10.079106848372145, 0.0, 5.079363581158842, 0.0, 11.891282123830424]",1142.9508129951764,[],"{""cutoff=6.000_skin=0.000"": 1876, ""cutoff=6.000_skin=0.500"": 2240}",0.0,,
OPT-RFT-SOXLEX48-R512-v1,7157da7c8384b8258ca02f46774c12c53148908357151f22a621bec141f2564b,OPT-RFT-SOXLEX48-R512-v1:0453,SOXLEX_C1_14_1068_z1_12,306017e23418973d7cc43363d0b6e1595095b4ba8a05c1c4724375f0c589f2f2,453,cross_family_test_set,SOXLEX/structures/SOXLEX_C1_14_1068_z1_12.cif,1de68110003c3620ca9ca4e1ab29d3db9977231b837337218c2e5577f3a788c1,306017e23418973d7cc43363d0b6e1595095b4ba8a05c1c4724375f0c589f2f2,0,48,"[""F"", ""C"", ""C"", ""C"", ""Br"", ""C"", ""Cl"", ""C"", ""Br"", ""C"", ""H"", ""H"", ""F"", ""C"", ""C"", ""C"", ""Br"", ""C"", ""Cl"", ""C"", ""Br"", ""C"", ""H"", ""H"", ""F"", ""C"", ""C"", ""C"", ""Br"", ""C"", ""Cl"", ""C"", ""Br"", ""C"", ""H"", ""H"", ""F"", ""C"", ""C"", ""C"", ""Br"", ""C"", ""Cl"", ""C"", ""Br"", ""C"", ""H"", ""H""]",C24H8Br8Cl4F4,"[true, true, true]","[15.204827145118845, 0.0, 0.0, 0.0, 10.255537713857738, 0.0, -6.335977456297566, 0.0, 8.150433301804329]",1270.927043832679,[],"{""cutoff=6.000_skin=0.000"": 1880, ""cutoff=6.000_skin=0.500"": 2240}",0.0,,
OPT-RFT-SOXLEX48-R512-v1,7157da7c8384b8258ca02f46774c12c53148908357151f22a621bec141f2564b,OPT-RFT-SOXLEX48-R512-v1:0454,SOXLEX_C1_14_4553_z1_12,1c1edaeb6eca1a86952595aaf6dc8850ba8038e3d1be21b7b945f0452f0ac20a,454,cross_family_test_set,SOXLEX/structures/SOXLEX_C1_14_4553_z1_12.cif,af7cf15906c6a737b351badfe1d3540e5b726295365b271c51b9b9d99c339296,1c1edaeb6eca1a86952595aaf6dc8850ba8038e3d1be21b7b945f0452f0ac20a,0,48,"[""F"", ""C"", ""C"", ""C"", ""Br"", ""C"", ""Cl"", ""C"", ""Br"", ""C"", ""H"", ""H"", ""F"", ""C"", ""C"", ""C"", ""Br"", ""C"", ""Cl"", ""C"", ""Br"", ""C"", ""H"", ""H"", ""F"", ""C"", ""C"", ""C"", ""Br"", ""C"", ""Cl"", ""C"", ""Br"", ""C"", ""H"", ""H"", ""F"", ""C"", ""C"", ""C"", ""Br"", ""C"", ""Cl"", ""C"", ""Br"", ""C"", ""H"", ""H""]",C24H8Br8Cl4F4,"[true, true, true]","[9.318351531161895, 0.0, 0.0, 0.0, 11.381554551547843, 0.0, -5.2608456974742746, 0.0, 9.807069574047798]",1040.1115776891659,[],"{""cutoff=6.000_skin=0.000"": 1880, ""cutoff=6.000_skin=0.500"": 2384}",0.0,,
OPT-RFT-SOXLEX48-R512-v1,7157da7c8384b8258ca02f46774c12c53148908357151f22a621bec141f2564b,OPT-RFT-SOXLEX48-R512-v1:0455,SOXLEX_C1_14_2308_z1_12,5d18cda840e45e36f580dbad384b1f0166a3896f4b85ed1915e728dbad2bdc17,455,cross_family_test_set,SOXLEX/structures/SOXLEX_C1_14_2308_z1_12.cif,14ccd7727c676099eef6f0408f3f0bc7600d183a8def71933552fbe66923146a,5d18cda840e45e36f580dbad384b1f0166a3896f4b85ed1915e728dbad2bdc17,0,48,"[""F"", ""C"", ""C"", ""C"", ""Br"", ""C"", ""Cl"", ""C"", ""Br"", ""C"", ""H"", ""H"", ""F"", ""C"", ""C"", ""C"", ""Br"", ""C"", ""Cl"", ""C"", ""Br"", ""C"", ""H"", ""H"", ""F"", ""C"", ""C"", ""C"", ""Br"", ""C"", ""Cl"", ""C"", ""Br"", ""C"", ""H"", ""H"", ""F"", ""C"", ""C"", ""C"", ""Br"", ""C"", ""Cl"", ""C"", ""Br"", ""C"", ""H"", ""H""]",C24H8Br8Cl4F4,"[true, true, true]","[8.069437645935437, 0.0, 0.0, 0.0, 8.00136805130606, 0.0, -10.971822208807602, 0.0, 16.709560981098708]",1078.8785470296632,[],"{""cutoff=6.000_skin=0.000"": 1888, ""cutoff=6.000_skin=0.500"": 2296}",0.0,,
OPT-RFT-SOXLEX48-R512-v1,7157da7c8384b8258ca02f46774c12c53148908357151f22a621bec141f2564b,OPT-RFT-SOXLEX48-R512-v1:0456,SOXLEX_C1_14_1168_z1_12,5b45b11a1be6c5b3471b8a117c68f927b823d0db8844ce122f298e99098cd3ea,456,cross_family_test_set,SOXLEX/structures/SOXLEX_C1_14_1168_z1_12.cif,e2b07bc338012e33e2f548ca84e8cb5513bc64a050942d4062677e46e6053242,5b45b11a1be6c5b3471b8a117c68f927b823d0db8844ce122f298e99098cd3ea,0,48,"[""F"", ""C"", ""C"", ""C"", ""Br"", ""C"", ""Cl"", ""C"", ""Br"", ""C"", ""H"", ""H"", ""F"", ""C"", ""C"", ""C"", ""Br"", ""C"", ""Cl"", ""C"", ""Br"", ""C"", ""H"", ""H"", ""F"", ""C"", ""C"", ""C"", ""Br"", ""C"", ""Cl"", ""C"", ""Br"", ""C"", ""H"", ""H"", ""F"", ""C"", ""C"", ""C"", ""Br"", ""C"", ""Cl"", ""C"", ""Br"", ""C"", ""H"", ""H""]",C24H8Br8Cl4F4,"[true, true, true]","[10.348636886185918, 0.0, 0.0, 0.0, 8.709184891027448, 0.0, -5.829737417374033, 0.0, 12.011623341394824]",1082.5858948878488,[],"{""cutoff=6.000_skin=0.000"": 1892, ""cutoff=6.000_skin=0.500"": 2464}",0.0,,
OPT-RFT-SOXLEX48-R512-v1,7157da7c8384b8258ca02f46774c12c53148908357151f22a621bec141f2564b,OPT-RFT-SOXLEX48-R512-v1:0457,SOXLEX_C1_14_808_z1_12,18dce5c0733901b50b15504ebae43128009797bbcb2fcc116f31b25d72131806,457,cross_family_test_set,SOXLEX/structures/SOXLEX_C1_14_808_z1_12.cif,6d42087e1da9f9e8e73c4ffba3c19dbc8e27d7c4d0782fc1ba14ea338603b57b,18dce5c0733901b50b15504ebae43128009797bbcb2fcc116f31b25d72131806,0,48,"[""F"", ""C"", ""C"", ""C"", ""Br"", ""C"", ""Cl"", ""C"", ""Br"", ""C"", ""H"", ""H"", ""F"", ""C"", ""C"", ""C"", ""Br"", ""C"", ""Cl"", ""C"", ""Br"", ""C"", ""H"", ""H"", ""F"", ""C"", ""C"", ""C"", ""Br"", ""C"", ""Cl"", ""C"", ""Br"", ""C"", ""H"", ""H"", ""F"", ""C"", ""C"", ""C"", ""Br"", ""C"", ""Cl"", ""C"", ""Br"", ""C"", ""H"", ""H""]",C24H8Br8Cl4F4,"[true, true, true]","[5.3279238546198116, 0.0, 0.0, 0.0, 13.983673269070422, 0.0, 3.677540125226436, 0.0, 15.101273694169983]",1125.1044856630472,[],"{""cutoff=6.000_skin=0.000"": 1892, ""cutoff=6.000_skin=0.500"": 2372}",0.0,,
OPT-RFT-SOXLEX48-R512-v1,7157da7c8384b8258ca02f46774c12c53148908357151f22a621bec141f2564b,OPT-RFT-SOXLEX48-R512-v1:0458,SOXLEX_C1_14_1910_z1_12,d7440647d629d74ea1b2bf4c5d388666f3c96d99bbe84e07b75efa02e51bf285,458,cross_family_test_set,SOXLEX/structures/SOXLEX_C1_14_1910_z1_12.cif,5dca8e061d1c094a2d86cde3b4c79779fb877671e74f5d21216801bc7e9e26c9,d7440647d629d74ea1b2bf4c5d388666f3c96d99bbe84e07b75efa02e51bf285,0,48,"[""F"", ""C"", ""C"", ""C"", ""Br"", ""C"", ""Cl"", ""C"", ""Br"", ""C"", ""H"", ""H"", ""F"", ""C"", ""C"", ""C"", ""Br"", ""C"", ""Cl"", ""C"", ""Br"", ""C"", ""H"", ""H"", ""F"", ""C"", ""C"", ""C"", ""Br"", ""C"", ""Cl"", ""C"", ""Br"", ""C"", ""H"", ""H"", ""F"", ""C"", ""C"", ""C"", ""Br"", ""C"", ""Cl"", ""C"", ""Br"", ""C"", ""H"", ""H""]",C24H8Br8Cl4F4,"[true, true, true]","[9.77946636457223, 0.0, 0.0, 0.0, 13.153738793553675, 0.0, -7.073714200184568, 0.0, 8.25285100954593]",1061.6182493452845,[],"{""cutoff=6.000_skin=0.000"": 1896, ""cutoff=6.000_skin=0.500"": 2360}",0.0,,
OPT-RFT-SOXLEX48-R512-v1,7157da7c8384b8258ca02f46774c12c53148908357151f22a621bec141f2564b,OPT-RFT-SOXLEX48-R512-v1:0459,SOXLEX_C1_14_2566_z1_12,3c5a0028c9a072720c01b6318604afb59a84cc8078ed45cfd5d3481ac4854ae3,459,cross_family_test_set,SOXLEX/structures/SOXLEX_C1_14_2566_z1_12.cif,c23f0665660218d40553c270e340e4c6605e16c18e64e2c83715712dacd162ba,3c5a0028c9a072720c01b6318604afb59a84cc8078ed45cfd5d3481ac4854ae3,0,48,"[""F"", ""C"", ""C"", ""C"", ""Br"", ""C"", ""Cl"", ""C"", ""Br"", ""C"", ""H"", ""H"", ""F"", ""C"", ""C"", ""C"", ""Br"", ""C"", ""Cl"", ""C"", ""Br"", ""C"", ""H"", ""H"", ""F"", ""C"", ""C"", ""C"", ""Br"", ""C"", ""Cl"", ""C"", ""Br"", ""C"", ""H"", ""H"", ""F"", ""C"", ""C"", ""C"", ""Br"", ""C"", ""Cl"", ""C"", ""Br"", ""C"", ""H"", ""H""]",C24H8Br8Cl4F4,"[true, true, true]","[8.948165103371464, 0.0, 0.0, 0.0, 8.139302894209791, 0.0, 3.072956478388708, 0.0, 14.27228574891184]",1039.4766340530566,[],"{""cutoff=6.000_skin=0.000"": 1900, ""cutoff=6.000_skin=0.500"": 2468}",0.0,,
OPT-RFT-SOXLEX48-R512-v1,7157da7c8384b8258ca02f46774c12c53148908357151f22a621bec141f2564b,OPT-RFT-SOXLEX48-R512-v1:0460,SOXLEX_C1_14_545_z1_12,193159b1be3abde3849ad353b331e34ba33da77b73d53531a463fc923dd4958e,460,cross_family_test_set,SOXLEX/structures/SOXLEX_C1_14_545_z1_12.cif,63381b8898667aeb951dd1ecbf1765f3e1dc8ab488f9d54d157dd09fc1ef7878,193159b1be3abde3849ad353b331e34ba33da77b73d53531a463fc923dd4958e,0,48,"[""F"", ""C"", ""C"", ""C"", ""Br"", ""C"", ""Cl"", ""C"", ""Br"", ""C"", ""H"", ""H"", ""F"", ""C"", ""C"", ""C"", ""Br"", ""C"", ""Cl"", ""C"", ""Br"", ""C"", ""H"", ""H"", ""F"", ""C"", ""C"", ""C"", ""Br"", ""C"", ""Cl"", ""C"", ""Br"", ""C"", ""H"", ""H"", ""F"", ""C"", ""C"", ""C"", ""Br"", ""C"", ""Cl"", ""C"", ""Br"", ""C"", ""H"", ""H""]",C24H8Br8Cl4F4,"[true, true, true]","[8.572085575717963, 0.0, 0.0, 0.0, 8.145895670054685, 0.0, -0.32505894437639404, 0.0, 15.651048181439005]",1092.8706679174475,[],"{""cutoff=6.000_skin=0.000"": 1904, ""cutoff=6.000_skin=0.500"": 2324}",0.0,,
OPT-RFT-SOXLEX48-R512-v1,7157da7c8384b8258ca02f46774c12c53148908357151f22a621bec141f2564b,OPT-RFT-SOXLEX48-R512-v1:0461,SOXLEX_C1_14_3053_z1_12,63c219348493f2d24aa8542e1799df0f014707d056357ce974c2048b60a829d3,461,cross_family_test_set,SOXLEX/structures/SOXLEX_C1_14_3053_z1_12.cif,91b4a6e98b8700578ab6374250d67243abe297c2816fb0db5cd86e276bfa5a1e,63c219348493f2d24aa8542e1799df0f014707d056357ce974c2048b60a829d3,0,48,"[""F"", ""C"", ""C"", ""C"", ""Br"", ""C"", ""Cl"", ""C"", ""Br"", ""C"", ""H"", ""H"", ""F"", ""C"", ""C"", ""C"", ""Br"", ""C"", ""Cl"", ""C"", ""Br"", ""C"", ""H"", ""H"", ""F"", ""C"", ""C"", ""C"", ""Br"", ""C"", ""Cl"", ""C"", ""Br"", ""C"", ""H"", ""H"", ""F"", ""C"", ""C"", ""C"", ""Br"", ""C"", ""Cl"", ""C"", ""Br"", ""C"", ""H"", ""H""]",C24H8Br8Cl4F4,"[true, true, true]","[9.587275059441751, 0.0, 0.0, 0.0, 9.85268688573337, 0.0, -1.668609300130944, 0.0, 11.500974413468635]",1086.3868648576922,[],"{""cutoff=6.000_skin=0.000"": 1908, ""cutoff=6.000_skin=0.500"": 2316}",0.0,,
OPT-RFT-SOXLEX48-R512-v1,7157da7c8384b8258ca02f46774c12c53148908357151f22a621bec141f2564b,OPT-RFT-SOXLEX48-R512-v1:0462,SOXLEX_C1_14_4462_z1_12,89591b915828d7ad522ff1802ae3800eb98d15443aa5d6d322d4310b99859e4b,462,cross_family_test_set,SOXLEX/structures/SOXLEX_C1_14_4462_z1_12.cif,487fa3faf83e566591325e0ad1eb3a3a240848c2e430d388e63e356ea7a7d803,89591b915828d7ad522ff1802ae3800eb98d15443aa5d6d322d4310b99859e4b,0,48,"[""F"", ""C"", ""C"", ""C"", ""Br"", ""C"", ""Cl"", ""C"", ""Br"", ""C"", ""H"", ""H"", ""F"", ""C"", ""C"", ""C"", ""Br"", ""C"", ""Cl"", ""C"", ""Br"", ""C"", ""H"", ""H"", ""F"", ""C"", ""C"", ""C"", ""Br"", ""C"", ""Cl"", ""C"", ""Br"", ""C"", ""H"", ""H"", ""F"", ""C"", ""C"", ""C"", ""Br"", ""C"", ""Cl"", ""C"", ""Br"", ""C"", ""H"", ""H""]",C24H8Br8Cl4F4,"[true, true, true]","[10.771710451114046, 0.0, 0.0, 0.0, 11.247478420901942, 0.0, -4.8453763886467325, 0.0, 8.908790032619653]",1079.340722328209,[],"{""cutoff=6.000_skin=0.000"": 1912, ""cutoff=6.000_skin=0.500"": 2412}",0.0,,
OPT-RFT-SOXLEX48-R512-v1,7157da7c8384b8258ca02f46774c12c53148908357151f22a621bec141f2564b,OPT-RFT-SOXLEX48-R512-v1:0463,SOXLEX_C1_14_2923_z1_12,e8d516805ded05b79345d99bfedabce12faf52a3b60ab3a7e44df10828c850ac,463,cross_family_test_set,SOXLEX/structures/SOXLEX_C1_14_2923_z1_12.cif,7de2a20d28078a5e0209990bfc531a71cf8dcbf2c5db3e9824a421aae1cd1f70,e8d516805ded05b79345d99bfedabce12faf52a3b60ab3a7e44df10828c850ac,0,48,"[""F"", ""C"", ""C"", ""C"", ""Br"", ""C"", ""Cl"", ""C"", ""Br"", ""C"", ""H"", ""H"", ""F"", ""C"", ""C"", ""C"", ""Br"", ""C"", ""Cl"", ""C"", ""Br"", ""C"", ""H"", ""H"", ""F"", ""C"", ""C"", ""C"", ""Br"", ""C"", ""Cl"", ""C"", ""Br"", ""C"", ""H"", ""H"", ""F"", ""C"", ""C"", ""C"", ""Br"", ""C"", ""Cl"", ""C"", ""Br"", ""C"", ""H"", ""H""]",C24H8Br8Cl4F4,"[true, true, true]","[8.101211561553946, 0.0, 0.0, 0.0, 7.425905725805805, 0.0, -2.2950639923201335, 0.0, 16.66875918396148]",1002.773105414287,[],"{""cutoff=6.000_skin=0.000"": 1920, ""cutoff=6.000_skin=0.500"": 2556}",0.0,,
OPT-RFT-SOXLEX48-R512-v1,7157da7c8384b8258ca02f46774c12c53148908357151f22a621bec141f2564b,OPT-RFT-SOXLEX48-R512-v1:0464,SOXLEX_C1_14_2381_z1_12,f0c7248854efd851803689269ad5b8f437b41cd7578e67d7047a6527f5e9004a,464,cross_family_test_set,SOXLEX/structures/SOXLEX_C1_14_2381_z1_12.cif,72f560f458817c2ed5366e6cc9deab6d800878c3cd838dbca4d7906dd81fd383,f0c7248854efd851803689269ad5b8f437b41cd7578e67d7047a6527f5e9004a,0,48,"[""F"", ""C"", ""C"", ""C"", ""Br"", ""C"", ""Cl"", ""C"", ""Br"", ""C"", ""H"", ""H"", ""F"", ""C"", ""C"", ""C"", ""Br"", ""C"", ""Cl"", ""C"", ""Br"", ""C"", ""H"", ""H"", ""F"", ""C"", ""C"", ""C"", ""Br"", ""C"", ""Cl"", ""C"", ""Br"", ""C"", ""H"", ""H"", ""F"", ""C"", ""C"", ""C"", ""Br"", ""C"", ""Cl"", ""C"", ""Br"", ""C"", ""H"", ""H""]",C24H8Br8Cl4F4,"[true, true, true]","[8.660002472087363, 0.0, 0.0, 0.0, 16.45598388217134, 0.0, 2.1194152352164757, 0.0, 7.660708421783796]",1091.718832409376,[],"{""cutoff=6.000_skin=0.000"": 1928, ""cutoff=6.000_skin=0.500"": 2336}",0.0,,
OPT-RFT-SOXLEX48-R512-v1,7157da7c8384b8258ca02f46774c12c53148908357151f22a621bec141f2564b,OPT-RFT-SOXLEX48-R512-v1:0465,SOXLEX_C1_14_4711_z1_12,3344c695ef60d230c44d0f518857d43a96a78da0045304c89950e57a5af29856,465,cross_family_test_set,SOXLEX/structures/SOXLEX_C1_14_4711_z1_12.cif,c17c7ad6fb85e14b3d5e3fa80bf23a1160c1673b57b7dc25d011fa015927b9ba,3344c695ef60d230c44d0f518857d43a96a78da0045304c89950e57a5af29856,0,48,"[""F"", ""C"", ""C"", ""C"", ""Br"", ""C"", ""Cl"", ""C"", ""Br"", ""C"", ""H"", ""H"", ""F"", ""C"", ""C"", ""C"", ""Br"", ""C"", ""Cl"", ""C"", ""Br"", ""C"", ""H"", ""H"", ""F"", ""C"", ""C"", ""C"", ""Br"", ""C"", ""Cl"", ""C"", ""Br"", ""C"", ""H"", ""H"", ""F"", ""C"", ""C"", ""C"", ""Br"", ""C"", ""Cl"", ""C"", ""Br"", ""C"", ""H"", ""H""]",C24H8Br8Cl4F4,"[true, true, true]","[10.72121487303551, 0.0, 0.0, 0.0, 9.880984333269737, 0.0, 3.491492294457628, 0.0, 9.478661499733018]",1004.1329651465522,[],"{""cutoff=6.000_skin=0.000"": 1928, ""cutoff=6.000_skin=0.500"": 2448}",0.0,,
OPT-RFT-SOXLEX48-R512-v1,7157da7c8384b8258ca02f46774c12c53148908357151f22a621bec141f2564b,OPT-RFT-SOXLEX48-R512-v1:0466,SOXLEX_C1_14_3776_z1_12,ebec3c3026eafdd99ca137f4d48213b328d98aa56768c674c20ccdd5c4e6058f,466,cross_family_test_set,SOXLEX/structures/SOXLEX_C1_14_3776_z1_12.cif,514808ec3d1bd353b4f06d57014ee3c3f22334bd8c76f045c6729af46428dbde,ebec3c3026eafdd99ca137f4d48213b328d98aa56768c674c20ccdd5c4e6058f,0,48,"[""F"", ""C"", ""C"", ""C"", ""Br"", ""C"", ""Cl"", ""C"", ""Br"", ""C"", ""H"", ""H"", ""F"", ""C"", ""C"", ""C"", ""Br"", ""C"", ""Cl"", ""C"", ""Br"", ""C"", ""H"", ""H"", ""F"", ""C"", ""C"", ""C"", ""Br"", ""C"", ""Cl"", ""C"", ""Br"", ""C"", ""H"", ""H"", ""F"", ""C"", ""C"", ""C"", ""Br"", ""C"", ""Cl"", ""C"", ""Br"", ""C"", ""H"", ""H""]",C24H8Br8Cl4F4,"[true, true, true]","[9.169127125607286, 0.0, 0.0, 0.0, 12.470949524952005, 0.0, -5.757335601849256, 0.0, 9.071628338436376]",1037.3200314419894,[],"{""cutoff=6.000_skin=0.000"": 1936, ""cutoff=6.000_skin=0.500"": 2512}",0.0,,
OPT-RFT-SOXLEX48-R512-v1,7157da7c8384b8258ca02f46774c12c53148908357151f22a621bec141f2564b,OPT-RFT-SOXLEX48-R512-v1:0467,SOXLEX_C1_14_1333_z1_12,5a3d5085a00753bf63b6dd557d177562f09e618730529b0df8ce5df380c6e32e,467,cross_family_test_set,SOXLEX/structures/SOXLEX_C1_14_1333_z1_12.cif,d69d2c3b60a37f3a8b5d33d90bda61e7c2b1e14927be54fde33d4154c64652be,5a3d5085a00753bf63b6dd557d177562f09e618730529b0df8ce5df380c6e32e,0,48,"[""F"", ""C"", ""C"", ""C"", ""Br"", ""C"", ""Cl"", ""C"", ""Br"", ""C"", ""H"", ""H"", ""F"", ""C"", ""C"", ""C"", ""Br"", ""C"", ""Cl"", ""C"", ""Br"", ""C"", ""H"", ""H"", ""F"", ""C"", ""C"", ""C"", ""Br"", ""C"", ""Cl"", ""C"", ""Br"", ""C"", ""H"", ""H"", ""F"", ""C"", ""C"", ""C"", ""Br"", ""C"", ""Cl"", ""C"", ""Br"", ""C"", ""H"", ""H""]",C24H8Br8Cl4F4,"[true, true, true]","[8.543308110552477, 0.0, 0.0, 0.0, 9.779128249669572, 0.0, 4.1789660266158455, 0.0, 12.304427146537517]",1027.9869708338056,[],"{""cutoff=6.000_skin=0.000"": 1944, ""cutoff=6.000_skin=0.500"": 2376}",0.0,,
OPT-RFT-SOXLEX48-R512-v1,7157da7c8384b8258ca02f46774c12c53148908357151f22a621bec141f2564b,OPT-RFT-SOXLEX48-R512-v1:0468,SOXLEX_C1_14_3905_z1_12,fd571addf4f36fdceae8f5c34bdd5a5e5d05f5caf9d89ac25f491bfaf3a3e7cf,468,cross_family_test_set,SOXLEX/structures/SOXLEX_C1_14_3905_z1_12.cif,3d43bdc2d63557782e5cd53782d9be29615bd2f189d45ec8bc7da170521a32b0,fd571addf4f36fdceae8f5c34bdd5a5e5d05f5caf9d89ac25f491bfaf3a3e7cf,0,48,"[""F"", ""C"", ""C"", ""C"", ""Br"", ""C"", ""Cl"", ""C"", ""Br"", ""C"", ""H"", ""H"", ""F"", ""C"", ""C"", ""C"", ""Br"", ""C"", ""Cl"", ""C"", ""Br"", ""C"", ""H"", ""H"", ""F"", ""C"", ""C"", ""C"", ""Br"", ""C"", ""Cl"", ""C"", ""Br"", ""C"", ""H"", ""H"", ""F"", ""C"", ""C"", ""C"", ""Br"", ""C"", ""Cl"", ""C"", ""Br"", ""C"", ""H"", ""H""]",C24H8Br8Cl4F4,"[true, true, true]","[8.226649489056385, 0.0, 0.0, 0.0, 16.054236018782262, 0.0, 0.5740644349773761, 0.0, 8.423503186043884]",1112.5137355890156,[],"{""cutoff=6.000_skin=0.000"": 1944, ""cutoff=6.000_skin=0.500"": 2356}",0.0,,
OPT-RFT-SOXLEX48-R512-v1,7157da7c8384b8258ca02f46774c12c53148908357151f22a621bec141f2564b,OPT-RFT-SOXLEX48-R512-v1:0469,SOXLEX_C1_14_303_z1_12,29d4e9838f699359d7c533dc4ef42711e867e327f26080ffad43891d6210fa16,469,cross_family_test_set,SOXLEX/structures/SOXLEX_C1_14_303_z1_12.cif,bc62ea4064c028c85690ce8c194b3c6fa5cacb5640c1273780af76c69cb82080,29d4e9838f699359d7c533dc4ef42711e867e327f26080ffad43891d6210fa16,0,48,"[""F"", ""C"", ""C"", ""C"", ""Br"", ""C"", ""Cl"", ""C"", ""Br"", ""C"", ""H"", ""H"", ""F"", ""C"", ""C"", ""C"", ""Br"", ""C"", ""Cl"", ""C"", ""Br"", ""C"", ""H"", ""H"", ""F"", ""C"", ""C"", ""C"", ""Br"", ""C"", ""Cl"", ""C"", ""Br"", ""C"", ""H"", ""H"", ""F"", ""C"", ""C"", ""C"", ""Br"", ""C"", ""Cl"", ""C"", ""Br"", ""C"", ""H"", ""H""]",C24H8Br8Cl4F4,"[true, true, true]","[11.680567827842161, 0.0, 0.0, 0.0, 10.960209122325004, 0.0, -0.7868583059786944, 0.0, 8.225300635780957]",1053.0150461822877,[],"{""cutoff=6.000_skin=0.000"": 1948, ""cutoff=6.000_skin=0.500"": 2440}",0.0,,
OPT-RFT-SOXLEX48-R512-v1,7157da7c8384b8258ca02f46774c12c53148908357151f22a621bec141f2564b,OPT-RFT-SOXLEX48-R512-v1:0470,SOXLEX_C1_14_1960_z1_12,33926891ba7b8beac6a423a4960f341d63735e8e1560365959a1ea1ebfeb8a6b,470,cross_family_test_set,SOXLEX/structures/SOXLEX_C1_14_1960_z1_12.cif,2a7c2fc3d1df112a9f6d2ad96ef47d5231e1df047a2295ed49cb75450e587b09,33926891ba7b8beac6a423a4960f341d63735e8e1560365959a1ea1ebfeb8a6b,0,48,"[""F"", ""C"", ""C"", ""C"", ""Br"", ""C"", ""Cl"", ""C"", ""Br"", ""C"", ""H"", ""H"", ""F"", ""C"", ""C"", ""C"", ""Br"", ""C"", ""Cl"", ""C"", ""Br"", ""C"", ""H"", ""H"", ""F"", ""C"", ""C"", ""C"", ""Br"", ""C"", ""Cl"", ""C"", ""Br"", ""C"", ""H"", ""H"", ""F"", ""C"", ""C"", ""C"", ""Br"", ""C"", ""Cl"", ""C"", ""Br"", ""C"", ""H"", ""H""]",C24H8Br8Cl4F4,"[true, true, true]","[6.542974629908887, 0.0, 0.0, 0.0, 9.173283704212444, 0.0, -3.040153464899386, 0.0, 16.803165072438293]",1008.5354202618495,[],"{""cutoff=6.000_skin=0.000"": 1952, ""cutoff=6.000_skin=0.500"": 2544}",0.0,,
OPT-RFT-SOXLEX48-R512-v1,7157da7c8384b8258ca02f46774c12c53148908357151f22a621bec141f2564b,OPT-RFT-SOXLEX48-R512-v1:0471,SOXLEX_C1_14_3619_z1_12,c5c4e8961b8aad40441cab67c6df1042ad801a8c8d9920b914750439194e1b4c,471,cross_family_test_set,SOXLEX/structures/SOXLEX_C1_14_3619_z1_12.cif,ca864fac1d890ac76f681a286df9f847f6574ea51adc0ca00089b2c6682e8c81,c5c4e8961b8aad40441cab67c6df1042ad801a8c8d9920b914750439194e1b4c,0,48,"[""F"", ""C"", ""C"", ""C"", ""Br"", ""C"", ""Cl"", ""C"", ""Br"", ""C"", ""H"", ""H"", ""F"", ""C"", ""C"", ""C"", ""Br"", ""C"", ""Cl"", ""C"", ""Br"", ""C"", ""H"", ""H"", ""F"", ""C"", ""C"", ""C"", ""Br"", ""C"", ""Cl"", ""C"", ""Br"", ""C"", ""H"", ""H"", ""F"", ""C"", ""C"", ""C"", ""Br"", ""C"", ""Cl"", ""C"", ""Br"", ""C"", ""H"", ""H""]",C24H8Br8Cl4F4,"[true, true, true]","[8.17173416046198, 0.0, 0.0, 0.0, 10.73358521764142, 0.0, -4.260248092505406, 0.0, 11.613884942386298]",1018.6771339877035,[],"{""cutoff=6.000_skin=0.000"": 1956, ""cutoff=6.000_skin=0.500"": 2524}",0.0,,
OPT-RFT-SOXLEX48-R512-v1,7157da7c8384b8258ca02f46774c12c53148908357151f22a621bec141f2564b,OPT-RFT-SOXLEX48-R512-v1:0472,SOXLEX_C1_14_4034_z1_12,d19609712017026e1c77d2cb01f0f83f6380d29d4ce7abfd49b52ef1dd1f49d9,472,cross_family_test_set,SOXLEX/structures/SOXLEX_C1_14_4034_z1_12.cif,bea1a01bd608ebca4db1c0095849a592a0c9b6d5e4e234c97182e40f3a1067bf,d19609712017026e1c77d2cb01f0f83f6380d29d4ce7abfd49b52ef1dd1f49d9,0,48,"[""F"", ""C"", ""C"", ""C"", ""Br"", ""C"", ""Cl"", ""C"", ""Br"", ""C"", ""H"", ""H"", ""F"", ""C"", ""C"", ""C"", ""Br"", ""C"", ""Cl"", ""C"", ""Br"", ""C"", ""H"", ""H"", ""F"", ""C"", ""C"", ""C"", ""Br"", ""C"", ""Cl"", ""C"", ""Br"", ""C"", ""H"", ""H"", ""F"", ""C"", ""C"", ""C"", ""Br"", ""C"", ""Cl"", ""C"", ""Br"", ""C"", ""H"", ""H""]",C24H8Br8Cl4F4,"[true, true, true]","[8.249642608317316, 0.0, 0.0, 0.0, 15.577322344270513, 0.0, 1.1631630974376295, 0.0, 7.925426131105053]",1018.475447393901,[],"{""cutoff=6.000_skin=0.000"": 1960, ""cutoff=6.000_skin=0.500"": 2372}",0.0,,
OPT-RFT-SOXLEX48-R512-v1,7157da7c8384b8258ca02f46774c12c53148908357151f22a621bec141f2564b,OPT-RFT-SOXLEX48-R512-v1:0473,SOXLEX_C1_14_3604_z1_12,a9e2b453366d767afa4aeb06e39a7a4d4924422b3e6ae81ccc98bd4415638fb4,473,cross_family_test_set,SOXLEX/structures/SOXLEX_C1_14_3604_z1_12.cif,27587c9a3d5122bf42a2b604450b59fd516b3309c409fd471b6389800a0fa64f,a9e2b453366d767afa4aeb06e39a7a4d4924422b3e6ae81ccc98bd4415638fb4,0,48,"[""F"", ""C"", ""C"", ""C"", ""Br"", ""C"", ""Cl"", ""C"", ""Br"", ""C"", ""H"", ""H"", ""F"", ""C"", ""C"", ""C"", ""Br"", ""C"", ""Cl"", ""C"", ""Br"", ""C"", ""H"", ""H"", ""F"", ""C"", ""C"", ""C"", ""Br"", ""C"", ""Cl"", ""C"", ""Br"", ""C"", ""H"", ""H"", ""F"", ""C"", ""C"", ""C"", ""Br"", ""C"", ""Cl"", ""C"", ""Br"", ""C"", ""H"", ""H""]",C24H8Br8Cl4F4,"[true, true, true]","[4.104360885522299, 0.0, 0.0, 0.0, 21.41066996267864, 0.0, -4.361058987978369, 0.0, 12.439043580988708]",1093.1072797711959,[],"{""cutoff=6.000_skin=0.000"": 1964, ""cutoff=6.000_skin=0.500"": 2348}",0.0,,
OPT-RFT-SOXLEX48-R512-v1,7157da7c8384b8258ca02f46774c12c53148908357151f22a621bec141f2564b,OPT-RFT-SOXLEX48-R512-v1:0474,SOXLEX_C1_14_2637_z1_12,0106ea1b87e35d10ebc3bcbd7bf7737c831b7ede1fba40329a64e64a36570085,474,cross_family_test_set,SOXLEX/structures/SOXLEX_C1_14_2637_z1_12.cif,8b11488ef0069d99bd1b5766770a4795ce8591a22228be634a4786b3f6712548,0106ea1b87e35d10ebc3bcbd7bf7737c831b7ede1fba40329a64e64a36570085,0,48,"[""F"", ""C"", ""C"", ""C"", ""Br"", ""C"", ""Cl"", ""C"", ""Br"", ""C"", ""H"", ""H"", ""F"", ""C"", ""C"", ""C"", ""Br"", ""C"", ""Cl"", ""C"", ""Br"", ""C"", ""H"", ""H"", ""F"", ""C"", ""C"", ""C"", ""Br"", ""C"", ""Cl"", ""C"", ""Br"", ""C"", ""H"", ""H"", ""F"", ""C"", ""C"", ""C"", ""Br"", ""C"", ""Cl"", ""C"", ""Br"", ""C"", ""H"", ""H""]",C24H8Br8Cl4F4,"[true, true, true]","[8.686561178664853, 0.0, 0.0, 0.0, 18.261803570321746, 0.0, 0.7160574021653717, 0.0, 6.695616262667852]",1062.1408332192304,[],"{""cutoff=6.000_skin=0.000"": 1968, ""cutoff=6.000_skin=0.500"": 2408}",0.0,,
OPT-RFT-SOXLEX48-R512-v1,7157da7c8384b8258ca02f46774c12c53148908357151f22a621bec141f2564b,OPT-RFT-SOXLEX48-R512-v1:0475,SOXLEX_C1_14_3243_z1_12,bf30e1b0cbba5f750a1430085a41aff1fd33e4ea19a037c3b87359ec92d94a5e,475,cross_family_test_set,SOXLEX/structures/SOXLEX_C1_14_3243_z1_12.cif,c4bd230f5bafd822d3df240d9235542ad8f901e9e016085698acfbe73072e2e0,bf30e1b0cbba5f750a1430085a41aff1fd33e4ea19a037c3b87359ec92d94a5e,0,48,"[""F"", ""C"", ""C"", ""C"", ""Br"", ""C"", ""Cl"", ""C"", ""Br"", ""C"", ""H"", ""H"", ""F"", ""C"", ""C"", ""C"", ""Br"", ""C"", ""Cl"", ""C"", ""Br"", ""C"", ""H"", ""H"", ""F"", ""C"", ""C"", ""C"", ""Br"", ""C"", ""Cl"", ""C"", ""Br"", ""C"", ""H"", ""H"", ""F"", ""C"", ""C"", ""C"", ""Br"", ""C"", ""Cl"", ""C"", ""Br"", ""C"", ""H"", ""H""]",C24H8Br8Cl4F4,"[true, true, true]","[3.50314538795325, 0.0, 0.0, 0.0, 17.282385591184333, 0.0, 3.855552770963034, 0.0, 18.56211927528333]",1123.8009926970235,[],"{""cutoff=6.000_skin=0.000"": 1972, ""cutoff=6.000_skin=0.500"": 2300}",0.0,,
OPT-RFT-SOXLEX48-R512-v1,7157da7c8384b8258ca02f46774c12c53148908357151f22a621bec141f2564b,OPT-RFT-SOXLEX48-R512-v1:0476,SOXLEX_C1_14_190_z1_12,4ab0a1f028713b0f2906c7204d022359f5382eab1ec1d119a501b3468a84feba,476,cross_family_test_set,SOXLEX/structures/SOXLEX_C1_14_190_z1_12.cif,53484d984e0f1d3751af7c7d314e1989930c024055d06506384edc3d89591671,4ab0a1f028713b0f2906c7204d022359f5382eab1ec1d119a501b3468a84feba,0,48,"[""F"", ""C"", ""C"", ""C"", ""Br"", ""C"", ""Cl"", ""C"", ""Br"", ""C"", ""H"", ""H"", ""F"", ""C"", ""C"", ""C"", ""Br"", ""C"", ""Cl"", ""C"", ""Br"", ""C"", ""H"", ""H"", ""F"", ""C"", ""C"", ""C"", ""Br"", ""C"", ""Cl"", ""C"", ""Br"", ""C"", ""H"", ""H"", ""F"", ""C"", ""C"", ""C"", ""Br"", ""C"", ""Cl"", ""C"", ""Br"", ""C"", ""H"", ""H""]",C24H8Br8Cl4F4,"[true, true, true]","[7.238811161746952, 0.0, 0.0, 0.0, 8.339581697216211, 0.0, 1.2178150794663853, 0.0, 16.843045596304588]",1016.7920436868991,[],"{""cutoff=6.000_skin=0.000"": 1976, ""cutoff=6.000_skin=0.500"": 2400}",0.0,,
OPT-RFT-SOXLEX48-R512-v1,7157da7c8384b8258ca02f46774c12c53148908357151f22a621bec141f2564b,OPT-RFT-SOXLEX48-R512-v1:0477,SOXLEX_C1_14_2910_z1_12,30870ad6ee4979fe1a469abb16073b5094f87a800c30818869813a1834f7ce11,477,cross_family_test_set,SOXLEX/structures/SOXLEX_C1_14_2910_z1_12.cif,114c876c5e15103a06ee3d832d220c956415e5973cc7d90270234f6b1ce9488a,30870ad6ee4979fe1a469abb16073b5094f87a800c30818869813a1834f7ce11,0,48,"[""F"", ""C"", ""C"", ""C"", ""Br"", ""C"", ""Cl"", ""C"", ""Br"", ""C"", ""H"", ""H"", ""F"", ""C"", ""C"", ""C"", ""Br"", ""C"", ""Cl"", ""C"", ""Br"", ""C"", ""H"", ""H"", ""F"", ""C"", ""C"", ""C"", ""Br"", ""C"", ""Cl"", ""C"", ""Br"", ""C"", ""H"", ""H"", ""F"", ""C"", ""C"", ""C"", ""Br"", ""C"", ""Cl"", ""C"", ""Br"", ""C"", ""H"", ""H""]",C24H8Br8Cl4F4,"[true, true, true]","[9.744809200448458, 0.0, 0.0, 0.0, 7.982673290893182, 0.0, -6.773566725366097, 0.0, 13.69186656106864]",1065.0852081811167,[],"{""cutoff=6.000_skin=0.000"": 1980, ""cutoff=6.000_skin=0.500"": 2400}",0.0,,
OPT-RFT-SOXLEX48-R512-v1,7157da7c8384b8258ca02f46774c12c53148908357151f22a621bec141f2564b,OPT-RFT-SOXLEX48-R512-v1:0478,SOXLEX_C1_14_4223_z1_12,7709a914d54c1833ac591eff510398a632b2828e8ab2c67a62c36d7f4711bc3e,478,cross_family_test_set,SOXLEX/structures/SOXLEX_C1_14_4223_z1_12.cif,a4b51ffd33c696262ff2552987aa6ac339d6996c5ea3096e21d78703204c4d3d,7709a914d54c1833ac591eff510398a632b2828e8ab2c67a62c36d7f4711bc3e,0,48,"[""F"", ""C"", ""C"", ""C"", ""Br"", ""C"", ""Cl"", ""C"", ""Br"", ""C"", ""H"", ""H"", ""F"", ""C"", ""C"", ""C"", ""Br"", ""C"", ""Cl"", ""C"", ""Br"", ""C"", ""H"", ""H"", ""F"", ""C"", ""C"", ""C"", ""Br"", ""C"", ""Cl"", ""C"", ""Br"", ""C"", ""H"", ""H"", ""F"", ""C"", ""C"", ""C"", ""Br"", ""C"", ""Cl"", ""C"", ""Br"", ""C"", ""H"", ""H""]",C24H8Br8Cl4F4,"[true, true, true]","[16.133085384352075, 0.0, 0.0, 0.0, 8.43973149005883, 0.0, -4.99971951324415, 0.0, 8.490991606219612]",1156.1241513093266,[],"{""cutoff=6.000_skin=0.000"": 1988, ""cutoff=6.000_skin=0.500"": 2428}",0.0,,
OPT-RFT-SOXLEX48-R512-v1,7157da7c8384b8258ca02f46774c12c53148908357151f22a621bec141f2564b,OPT-RFT-SOXLEX48-R512-v1:0479,SOXLEX_C1_14_2922_z1_12,84d9bb679a13af8405c4c08e59e4126adcc1e623fd8bab14aece01e680fa1ee4,479,cross_family_test_set,SOXLEX/structures/SOXLEX_C1_14_2922_z1_12.cif,f8e2bfb186001cb18013ff3255728db46043685d232365991bf49482814028aa,84d9bb679a13af8405c4c08e59e4126adcc1e623fd8bab14aece01e680fa1ee4,0,48,"[""F"", ""C"", ""C"", ""C"", ""Br"", ""C"", ""Cl"", ""C"", ""Br"", ""C"", ""H"", ""H"", ""F"", ""C"", ""C"", ""C"", ""Br"", ""C"", ""Cl"", ""C"", ""Br"", ""C"", ""H"", ""H"", ""F"", ""C"", ""C"", ""C"", ""Br"", ""C"", ""Cl"", ""C"", ""Br"", ""C"", ""H"", ""H"", ""F"", ""C"", ""C"", ""C"", ""Br"", ""C"", ""Cl"", ""C"", ""Br"", ""C"", ""H"", ""H""]",C24H8Br8Cl4F4,"[true, true, true]","[9.432885209667887, 0.0, 0.0, 0.0, 11.213317075503625, 0.0, 2.5057010484346787, 0.0, 9.437280246245049]",998.2182465134684,[],"{""cutoff=6.000_skin=0.000"": 1992, ""cutoff=6.000_skin=0.500"": 2548}",0.0,,
OPT-RFT-SOXLEX48-R512-v1,7157da7c8384b8258ca02f46774c12c53148908357151f22a621bec141f2564b,OPT-RFT-SOXLEX48-R512-v1:0480,SOXLEX_C1_14_2847_z1_12,7feeb4fad74094c5f79672cd66d7fb5de670cb5851f75f6729f34636e9bd8bf6,480,cross_family_test_set,SOXLEX/structures/SOXLEX_C1_14_2847_z1_12.cif,c750f43a5441a5f9aa2b2f47383413843f203aced5d60be6260fa78516a94fe0,7feeb4fad74094c5f79672cd66d7fb5de670cb5851f75f6729f34636e9bd8bf6,0,48,"[""F"", ""C"", ""C"", ""C"", ""Br"", ""C"", ""Cl"", ""C"", ""Br"", ""C"", ""H"", ""H"", ""F"", ""C"", ""C"", ""C"", ""Br"", ""C"", ""Cl"", ""C"", ""Br"", ""C"", ""H"", ""H"", ""F"", ""C"", ""C"", ""C"", ""Br"", ""C"", ""Cl"", ""C"", ""Br"", ""C"", ""H"", ""H"", ""F"", ""C"", ""C"", ""C"", ""Br"", ""C"", ""Cl"", ""C"", ""Br"", ""C"", ""H"", ""H""]",C24H8Br8Cl4F4,"[true, true, true]","[5.083601857029699, 0.0, 0.0, 0.0, 14.787141006954478, 0.0, -4.353162860834015, 0.0, 14.819483542693037]",1114.0092904033552,[],"{""cutoff=6.000_skin=0.000"": 1996, ""cutoff=6.000_skin=0.500"": 2496}",0.0,,
OPT-RFT-SOXLEX48-R512-v1,7157da7c8384b8258ca02f46774c12c53148908357151f22a621bec141f2564b,OPT-RFT-SOXLEX48-R512-v1:0481,SOXLEX_C1_14_4123_z1_12,b585163cfe91a7a9dbbba9097ac39fb66719524dd209e39c11bee0a1e84ab759,481,cross_family_test_set,SOXLEX/structures/SOXLEX_C1_14_4123_z1_12.cif,1bd20a2319f04b797ae135124bba0aa118066e148b4ceac5c8e58cedc114c85c,b585163cfe91a7a9dbbba9097ac39fb66719524dd209e39c11bee0a1e84ab759,0,48,"[""F"", ""C"", ""C"", ""C"", ""Br"", ""C"", ""Cl"", ""C"", ""Br"", ""C"", ""H"", ""H"", ""F"", ""C"", ""C"", ""C"", ""Br"", ""C"", ""Cl"", ""C"", ""Br"", ""C"", ""H"", ""H"", ""F"", ""C"", ""C"", ""C"", ""Br"", ""C"", ""Cl"", ""C"", ""Br"", ""C"", ""H"", ""H"", ""F"", ""C"", ""C"", ""C"", ""Br"", ""C"", ""Cl"", ""C"", ""Br"", ""C"", ""H"", ""H""]",C24H8Br8Cl4F4,"[true, true, true]","[7.784738504065338, 0.0, 0.0, 0.0, 8.733803456479482, 0.0, 8.897897910828263, 0.0, 14.85045890042394]",1009.6882852231277,[],"{""cutoff=6.000_skin=0.000"": 1996, ""cutoff=6.000_skin=0.500"": 2620}",0.0,,
OPT-RFT-SOXLEX48-R512-v1,7157da7c8384b8258ca02f46774c12c53148908357151f22a621bec141f2564b,OPT-RFT-SOXLEX48-R512-v1:0482,SOXLEX_C1_14_4431_z1_12,0477a07a854fdee7b4362d65d57f023061098fc95ec144c8777623258d16b4af,482,cross_family_test_set,SOXLEX/structures/SOXLEX_C1_14_4431_z1_12.cif,74cb979770bdfa52d7c1a6e8345e10c8138d74f45358ca730cad155b36216d3e,0477a07a854fdee7b4362d65d57f023061098fc95ec144c8777623258d16b4af,0,48,"[""F"", ""C"", ""C"", ""C"", ""Br"", ""C"", ""Cl"", ""C"", ""Br"", ""C"", ""H"", ""H"", ""F"", ""C"", ""C"", ""C"", ""Br"", ""C"", ""Cl"", ""C"", ""Br"", ""C"", ""H"", ""H"", ""F"", ""C"", ""C"", ""C"", ""Br"", ""C"", ""Cl"", ""C"", ""Br"", ""C"", ""H"", ""H"", ""F"", ""C"", ""C"", ""C"", ""Br"", ""C"", ""Cl"", ""C"", ""Br"", ""C"", ""H"", ""H""]",C24H8Br8Cl4F4,"[true, true, true]","[7.183308401231805, 0.0, 0.0, 0.0, 9.434873224753492, 0.0, -4.691058875617698, 0.0, 14.443776822987584]",978.9068121088884,[],"{""cutoff=6.000_skin=0.000"": 2000, ""cutoff=6.000_skin=0.500"": 2564}",0.0,,
OPT-RFT-SOXLEX48-R512-v1,7157da7c8384b8258ca02f46774c12c53148908357151f22a621bec141f2564b,OPT-RFT-SOXLEX48-R512-v1:0483,SOXLEX_C1_14_1827_z1_12,67b566ae3ea693e2fb597637de54535948718ca6eb3fdf3c5f2bc7315e606d96,483,cross_family_test_set,SOXLEX/structures/SOXLEX_C1_14_1827_z1_12.cif,3908a49474f651fe1baeb08cd03da2c7723a443d8a9af62825c523134e76d88d,67b566ae3ea693e2fb597637de54535948718ca6eb3fdf3c5f2bc7315e606d96,0,48,"[""F"", ""C"", ""C"", ""C"", ""Br"", ""C"", ""Cl"", ""C"", ""Br"", ""C"", ""H"", ""H"", ""F"", ""C"", ""C"", ""C"", ""Br"", ""C"", ""Cl"", ""C"", ""Br"", ""C"", ""H"", ""H"", ""F"", ""C"", ""C"", ""C"", ""Br"", ""C"", ""Cl"", ""C"", ""Br"", ""C"", ""H"", ""H"", ""F"", ""C"", ""C"", ""C"", ""Br"", ""C"", ""Cl"", ""C"", ""Br"", ""C"", ""H"", ""H""]",C24H8Br8Cl4F4,"[true, true, true]","[4.917651490190124, 0.0, 0.0, 0.0, 14.332970635994457, 0.0, 0.3797300569400182, 0.0, 14.343715713447878]",1011.0104106023321,[],"{""cutoff=6.000_skin=0.000"": 2008, ""cutoff=6.000_skin=0.500"": 2488}",0.0,,
OPT-RFT-SOXLEX48-R512-v1,7157da7c8384b8258ca02f46774c12c53148908357151f22a621bec141f2564b,OPT-RFT-SOXLEX48-R512-v1:0484,SOXLEX_C1_14_4247_z1_12,713854e40277e31fc944943d78db5c9f590c8828763304869b589decfb9e3958,484,cross_family_test_set,SOXLEX/structures/SOXLEX_C1_14_4247_z1_12.cif,e02422595b929603abfb7487ab3a0990174b88a364a24f459c89e689c8360032,713854e40277e31fc944943d78db5c9f590c8828763304869b589decfb9e3958,0,48,"[""F"", ""C"", ""C"", ""C"", ""Br"", ""C"", ""Cl"", ""C"", ""Br"", ""C"", ""H"", ""H"", ""F"", ""C"", ""C"", ""C"", ""Br"", ""C"", ""Cl"", ""C"", ""Br"", ""C"", ""H"", ""H"", ""F"", ""C"", ""C"", ""C"", ""Br"", ""C"", ""Cl"", ""C"", ""Br"", ""C"", ""H"", ""H"", ""F"", ""C"", ""C"", ""C"", ""Br"", ""C"", ""Cl"", ""C"", ""Br"", ""C"", ""H"", ""H""]",C24H8Br8Cl4F4,"[true, true, true]","[8.370137484699121, 0.0, 0.0, 0.0, 9.655362759529453, 0.0, 4.802976876843795, 0.0, 12.356538950605021]",998.6148714588807,[],"{""cutoff=6.000_skin=0.000"": 2008, ""cutoff=6.000_skin=0.500"": 2540}",0.0,,
OPT-RFT-SOXLEX48-R512-v1,7157da7c8384b8258ca02f46774c12c53148908357151f22a621bec141f2564b,OPT-RFT-SOXLEX48-R512-v1:0485,SOXLEX_C1_14_130_z1_12,ae996fd0423d0b06ea00a4d1e9ab48875e27aa85994596628adeb7ae071f15be,485,cross_family_test_set,SOXLEX/structures/SOXLEX_C1_14_130_z1_12.cif,2d7095f96586bb59d423850315ebd4827e58de40e2c8de5f02c1eea92d060e81,ae996fd0423d0b06ea00a4d1e9ab48875e27aa85994596628adeb7ae071f15be,0,48,"[""F"", ""C"", ""C"", ""C"", ""Br"", ""C"", ""Cl"", ""C"", ""Br"", ""C"", ""H"", ""H"", ""F"", ""C"", ""C"", ""C"", ""Br"", ""C"", ""Cl"", ""C"", ""Br"", ""C"", ""H"", ""H"", ""F"", ""C"", ""C"", ""C"", ""Br"", ""C"", ""Cl"", ""C"", ""Br"", ""C"", ""H"", ""H"", ""F"", ""C"", ""C"", ""C"", ""Br"", ""C"", ""Cl"", ""C"", ""Br"", ""C"", ""H"", ""H""]",C24H8Br8Cl4F4,"[true, true, true]","[11.70421807392438, 0.0, 0.0, 0.0, 8.97307015902205, 0.0, 3.2410835731358043, 0.0, 10.064944609574459]",1057.0483621279545,[],"{""cutoff=6.000_skin=0.000"": 2016, ""cutoff=6.000_skin=0.500"": 2504}",0.0,,
OPT-RFT-SOXLEX48-R512-v1,7157da7c8384b8258ca02f46774c12c53148908357151f22a621bec141f2564b,OPT-RFT-SOXLEX48-R512-v1:0486,SOXLEX_C1_14_2925_z1_12,611918e342ae992ab13681b2f58234d5a2fc97c78337e15b3a75da03f2ef60d5,486,cross_family_test_set,SOXLEX/structures/SOXLEX_C1_14_2925_z1_12.cif,dc25e67f0e22541b0349c44326a0258bec169c77c4eec080b81953b9f239617a,611918e342ae992ab13681b2f58234d5a2fc97c78337e15b3a75da03f2ef60d5,0,48,"[""F"", ""C"", ""C"", ""C"", ""Br"", ""C"", ""Cl"", ""C"", ""Br"", ""C"", ""H"", ""H"", ""F"", ""C"", ""C"", ""C"", ""Br"", ""C"", ""Cl"", ""C"", ""Br"", ""C"", ""H"", ""H"", ""F"", ""C"", ""C"", ""C"", ""Br"", ""C"", ""Cl"", ""C"", ""Br"", ""C"", ""H"", ""H"", ""F"", ""C"", ""C"", ""C"", ""Br"", ""C"", ""Cl"", ""C"", ""Br"", ""C"", ""H"", ""H""]",C24H8Br8Cl4F4,"[true, true, true]","[9.061595777287437, 0.0, 0.0, 0.0, 15.625059905568662, 0.0, -1.3482406456164726, 0.0, 7.233813410927112]",1024.221005837093,[],"{""cutoff=6.000_skin=0.000"": 2020, ""cutoff=6.000_skin=0.500"": 2376}",0.0,,
OPT-RFT-SOXLEX48-R512-v1,7157da7c8384b8258ca02f46774c12c53148908357151f22a621bec141f2564b,OPT-RFT-SOXLEX48-R512-v1:0487,SOXLEX_C1_14_2704_z1_12,e56c454a8a96fbe0885060b633208effbf83751f8ade7516412d43ba8cd61fd5,487,cross_family_test_set,SOXLEX/structures/SOXLEX_C1_14_2704_z1_12.cif,451f4dee39a3ba7d6592c37da0fa01e6c601a4b0fa456cdd7cfb26513fa33abf,e56c454a8a96fbe0885060b633208effbf83751f8ade7516412d43ba8cd61fd5,0,48,"[""F"", ""C"", ""C"", ""C"", ""Br"", ""C"", ""Cl"", ""C"", ""Br"", ""C"", ""H"", ""H"", ""F"", ""C"", ""C"", ""C"", ""Br"", ""C"", ""Cl"", ""C"", ""Br"", ""C"", ""H"", ""H"", ""F"", ""C"", ""C"", ""C"", ""Br"", ""C"", ""Cl"", ""C"", ""Br"", ""C"", ""H"", ""H"", ""F"", ""C"", ""C"", ""C"", ""Br"", ""C"", ""Cl"", ""C"", ""Br"", ""C"", ""H"", ""H""]",C24H8Br8Cl4F4,"[true, true, true]","[7.9234345887264475, 0.0, 0.0, 0.0, 17.252490053809723, 0.0, -3.8676042813114666, 0.0, 7.283198443502226]",995.6057723925651,[],"{""cutoff=6.000_skin=0.000"": 2024, ""cutoff=6.000_skin=0.500"": 2476}",0.0,,
OPT-RFT-SOXLEX48-R512-v1,7157da7c8384b8258ca02f46774c12c53148908357151f22a621bec141f2564b,OPT-RFT-SOXLEX48-R512-v1:0488,SOXLEX_C1_14_4165_z1_12,92cdce507a37f7d4d779eba8c16f8211099623e5fdf2c59c52c8a3099f25cf4e,488,cross_family_test_set,SOXLEX/structures/SOXLEX_C1_14_4165_z1_12.cif,6c7505035de3027e197890dbc1a9208b1b67e7b3d1da0d27447abac81185931b,92cdce507a37f7d4d779eba8c16f8211099623e5fdf2c59c52c8a3099f25cf4e,0,48,"[""F"", ""C"", ""C"", ""C"", ""Br"", ""C"", ""Cl"", ""C"", ""Br"", ""C"", ""H"", ""H"", ""F"", ""C"", ""C"", ""C"", ""Br"", ""C"", ""Cl"", ""C"", ""Br"", ""C"", ""H"", ""H"", ""F"", ""C"", ""C"", ""C"", ""Br"", ""C"", ""Cl"", ""C"", ""Br"", ""C"", ""H"", ""H"", ""F"", ""C"", ""C"", ""C"", ""Br"", ""C"", ""Cl"", ""C"", ""Br"", ""C"", ""H"", ""H""]",C24H8Br8Cl4F4,"[true, true, true]","[8.993653773221709, 0.0, 0.0, 0.0, 15.38169689742007, 0.0, 3.43083474978606, 0.0, 7.079604574936245]",979.375904710868,[],"{""cutoff=6.000_skin=0.000"": 2028, ""cutoff=6.000_skin=0.500"": 2616}",0.0,,
OPT-RFT-SOXLEX48-R512-v1,7157da7c8384b8258ca02f46774c12c53148908357151f22a621bec141f2564b,OPT-RFT-SOXLEX48-R512-v1:0489,SOXLEX_C1_14_4444_z1_12,b9d68bc06224870ef6e30ffac597d96a3900a5097ee30b559afe0b18e8790054,489,cross_family_test_set,SOXLEX/structures/SOXLEX_C1_14_4444_z1_12.cif,28948e63b66dc6b1332a1bbe865c10d0b4f625eea2eb7f314c2d61abf321242f,b9d68bc06224870ef6e30ffac597d96a3900a5097ee30b559afe0b18e8790054,0,48,"[""F"", ""C"", ""C"", ""C"", ""Br"", ""C"", ""Cl"", ""C"", ""Br"", ""C"", ""H"", ""H"", ""F"", ""C"", ""C"", ""C"", ""Br"", ""C"", ""Cl"", ""C"", ""Br"", ""C"", ""H"", ""H"", ""F"", ""C"", ""C"", ""C"", ""Br"", ""C"", ""Cl"", ""C"", ""Br"", ""C"", ""H"", ""H"", ""F"", ""C"", ""C"", ""C"", ""Br"", ""C"", ""Cl"", ""C"", ""Br"", ""C"", ""H"", ""H""]",C24H8Br8Cl4F4,"[true, true, true]","[4.204423427370379, 0.0, 0.0, 0.0, 11.083215002844762, 0.0, -0.8239000187642198, 0.0, 21.247163689245436]",990.0865692731402,[],"{""cutoff=6.000_skin=0.000"": 2040, ""cutoff=6.000_skin=0.500"": 2440}",0.0,,
OPT-RFT-SOXLEX48-R512-v1,7157da7c8384b8258ca02f46774c12c53148908357151f22a621bec141f2564b,OPT-RFT-SOXLEX48-R512-v1:0490,SOXLEX_C1_14_4276_z1_12,17c4452d4119fd65ff28f51c40cbaac7fcccf3107e22cc5188dafef4f3546162,490,cross_family_test_set,SOXLEX/structures/SOXLEX_C1_14_4276_z1_12.cif,28a93148a8163ee962f7ae68e2aca49d86e08301e83cf840f89a39352350374f,17c4452d4119fd65ff28f51c40cbaac7fcccf3107e22cc5188dafef4f3546162,0,48,"[""F"", ""C"", ""C"", ""C"", ""Br"", ""C"", ""Cl"", ""C"", ""Br"", ""C"", ""H"", ""H"", ""F"", ""C"", ""C"", ""C"", ""Br"", ""C"", ""Cl"", ""C"", ""Br"", ""C"", ""H"", ""H"", ""F"", ""C"", ""C"", ""C"", ""Br"", ""C"", ""Cl"", ""C"", ""Br"", ""C"", ""H"", ""H"", ""F"", ""C"", ""C"", ""C"", ""Br"", ""C"", ""Cl"", ""C"", ""Br"", ""C"", ""H"", ""H""]",C24H8Br8Cl4F4,"[true, true, true]","[5.852032446123225, 0.0, 0.0, 0.0, 14.251635076515733, 0.0, 1.1189287545600057, 0.0, 12.72172819929196]",1061.0052463716625,[],"{""cutoff=6.000_skin=0.000"": 2044, ""cutoff=6.000_skin=0.500"": 2492}",0.0,,
OPT-RFT-SOXLEX48-R512-v1,7157da7c8384b8258ca02f46774c12c53148908357151f22a621bec141f2564b,OPT-RFT-SOXLEX48-R512-v1:0491,SOXLEX_C1_14_2945_z1_12,5663bd611711828d05cf923a179cbc23c692d87672bccc11e2f7485cc0485557,491,cross_family_test_set,SOXLEX/structures/SOXLEX_C1_14_2945_z1_12.cif,fe059b83ad80916d88f54e1451e2ad654d5fc81b48f52da568dd35829597279f,5663bd611711828d05cf923a179cbc23c692d87672bccc11e2f7485cc0485557,0,48,"[""F"", ""C"", ""C"", ""C"", ""Br"", ""C"", ""Cl"", ""C"", ""Br"", ""C"", ""H"", ""H"", ""F"", ""C"", ""C"", ""C"", ""Br"", ""C"", ""Cl"", ""C"", ""Br"", ""C"", ""H"", ""H"", ""F"", ""C"", ""C"", ""C"", ""Br"", ""C"", ""Cl"", ""C"", ""Br"", ""C"", ""H"", ""H"", ""F"", ""C"", ""C"", ""C"", ""Br"", ""C"", ""Cl"", ""C"", ""Br"", ""C"", ""H"", ""H""]",C24H8Br8Cl4F4,"[true, true, true]","[7.916915127585252, 0.0, 0.0, 0.0, 8.071417959940932, 0.0, 4.736441529237216, 0.0, 15.6881415457253]",1002.4837119894099,[],"{""cutoff=6.000_skin=0.000"": 2048, ""cutoff=6.000_skin=0.500"": 2548}",0.0,,
OPT-RFT-SOXLEX48-R512-v1,7157da7c8384b8258ca02f46774c12c53148908357151f22a621bec141f2564b,OPT-RFT-SOXLEX48-R512-v1:0492,SOXLEX_C1_14_2261_z1_12,961ca2b2ef44047cfd281c0c3b9fd6c1cbda15841ade91af32a365ff087b5619,492,cross_family_test_set,SOXLEX/structures/SOXLEX_C1_14_2261_z1_12.cif,34b52b8ddaeda4687a87c3790380203aadf42e52a23e5d81be5c4945ee271a6b,961ca2b2ef44047cfd281c0c3b9fd6c1cbda15841ade91af32a365ff087b5619,0,48,"[""F"", ""C"", ""C"", ""C"", ""Br"", ""C"", ""Cl"", ""C"", ""Br"", ""C"", ""H"", ""H"", ""F"", ""C"", ""C"", ""C"", ""Br"", ""C"", ""Cl"", ""C"", ""Br"", ""C"", ""H"", ""H"", ""F"", ""C"", ""C"", ""C"", ""Br"", ""C"", ""Cl"", ""C"", ""Br"", ""C"", ""H"", ""H"", ""F"", ""C"", ""C"", ""C"", ""Br"", ""C"", ""Cl"", ""C"", ""Br"", ""C"", ""H"", ""H""]",C24H8Br8Cl4F4,"[true, true, true]","[7.782201577432929, 0.0, 0.0, 0.0, 7.327991371657779, 0.0, -1.702552889805871, 0.0, 16.896293670534963]",963.5602473932368,[],"{""cutoff=6.000_skin=0.000"": 2060, ""cutoff=6.000_skin=0.500"": 2576}",0.0,,
OPT-RFT-SOXLEX48-R512-v1,7157da7c8384b8258ca02f46774c12c53148908357151f22a621bec141f2564b,OPT-RFT-SOXLEX48-R512-v1:0493,SOXLEX_C1_14_4769_z1_12,3686a9f6d7ad62ff44b9427f1d992ef5de6473f67872bca63ee091e24553ae70,493,cross_family_test_set,SOXLEX/structures/SOXLEX_C1_14_4769_z1_12.cif,705b810ce60f76afe937752f4b719e05c16c7b7f92b947b85a625e8d485f6d77,3686a9f6d7ad62ff44b9427f1d992ef5de6473f67872bca63ee091e24553ae70,0,48,"[""F"", ""C"", ""C"", ""C"", ""Br"", ""C"", ""Cl"", ""C"", ""Br"", ""C"", ""H"", ""H"", ""F"", ""C"", ""C"", ""C"", ""Br"", ""C"", ""Cl"", ""C"", ""Br"", ""C"", ""H"", ""H"", ""F"", ""C"", ""C"", ""C"", ""Br"", ""C"", ""Cl"", ""C"", ""Br"", ""C"", ""H"", ""H"", ""F"", ""C"", ""C"", ""C"", ""Br"", ""C"", ""Cl"", ""C"", ""Br"", ""C"", ""H"", ""H""]",C24H8Br8Cl4F4,"[true, true, true]","[17.0994814807531, 0.0, 0.0, 0.0, 8.811590675758865, 0.0, -0.11632433769385715, 0.0, 7.266477694161389]",1094.8665829461333,[],"{""cutoff=6.000_skin=0.000"": 2064, ""cutoff=6.000_skin=0.500"": 2556}",0.0,,
OPT-RFT-SOXLEX48-R512-v1,7157da7c8384b8258ca02f46774c12c53148908357151f22a621bec141f2564b,OPT-RFT-SOXLEX48-R512-v1:0494,SOXLEX_C1_14_3804_z1_12,782f2038087ad30a98e720b9adeb78c82401b283cfa67c62e9bc21246166400d,494,cross_family_test_set,SOXLEX/structures/SOXLEX_C1_14_3804_z1_12.cif,367a3d62868446d32e17d907eb122153d588937c42350f7de9bfddcf7564dd1c,782f2038087ad30a98e720b9adeb78c82401b283cfa67c62e9bc21246166400d,0,48,"[""F"", ""C"", ""C"", ""C"", ""Br"", ""C"", ""Cl"", ""C"", ""Br"", ""C"", ""H"", ""H"", ""F"", ""C"", ""C"", ""C"", ""Br"", ""C"", ""Cl"", ""C"", ""Br"", ""C"", ""H"", ""H"", ""F"", ""C"", ""C"", ""C"", ""Br"", ""C"", ""Cl"", ""C"", ""Br"", ""C"", ""H"", ""H"", ""F"", ""C"", ""C"", ""C"", ""Br"", ""C"", ""Cl"", ""C"", ""Br"", ""C"", ""H"", ""H""]",C24H8Br8Cl4F4,"[true, true, true]","[4.746232718485118, 0.0, 0.0, 0.0, 14.326860395854371, 0.0, -2.3456337825948905, 0.0, 14.359379057765919]",976.4178675676262,[],"{""cutoff=6.000_skin=0.000"": 2072, ""cutoff=6.000_skin=0.500"": 2572}",0.0,,
OPT-RFT-SOXLEX48-R512-v1,7157da7c8384b8258ca02f46774c12c53148908357151f22a621bec141f2564b,OPT-RFT-SOXLEX48-R512-v1:0495,SOXLEX_C1_14_1514_z1_12,ce2bc2e08b52699f0407010c05b878ed67d1a4932b4e3c20cac4ccc5031b2849,495,cross_family_test_set,SOXLEX/structures/SOXLEX_C1_14_1514_z1_12.cif,e29b783a7bc72859c9c781916e32667499204cfa3ade3c9f06525892d81f6fb8,ce2bc2e08b52699f0407010c05b878ed67d1a4932b4e3c20cac4ccc5031b2849,0,48,"[""F"", ""C"", ""C"", ""C"", ""Br"", ""C"", ""Cl"", ""C"", ""Br"", ""C"", ""H"", ""H"", ""F"", ""C"", ""C"", ""C"", ""Br"", ""C"", ""Cl"", ""C"", ""Br"", ""C"", ""H"", ""H"", ""F"", ""C"", ""C"", ""C"", ""Br"", ""C"", ""Cl"", ""C"", ""Br"", ""C"", ""H"", ""H"", ""F"", ""C"", ""C"", ""C"", ""Br"", ""C"", ""Cl"", ""C"", ""Br"", ""C"", ""H"", ""H""]",C24H8Br8Cl4F4,"[true, true, true]","[4.5278065932112845, 0.0, 0.0, 0.0, 14.745293776686403, 0.0, 0.39527771675198575, 0.0, 14.580412310858364]",973.4442910492955,[],"{""cutoff=6.000_skin=0.000"": 2076, ""cutoff=6.000_skin=0.500"": 2548}",0.0,,
OPT-RFT-SOXLEX48-R512-v1,7157da7c8384b8258ca02f46774c12c53148908357151f22a621bec141f2564b,OPT-RFT-SOXLEX48-R512-v1:0496,SOXLEX_C1_14_1044_z1_12,6e43a844e8af4556b7532eb525e24b88050bab0584bb9664c85dbf0994208955,496,cross_family_test_set,SOXLEX/structures/SOXLEX_C1_14_1044_z1_12.cif,5e8f5b525ec339bf1fa231d5687af359a821552e964826a252df4e98c7015a0b,6e43a844e8af4556b7532eb525e24b88050bab0584bb9664c85dbf0994208955,0,48,"[""F"", ""C"", ""C"", ""C"", ""Br"", ""C"", ""Cl"", ""C"", ""Br"", ""C"", ""H"", ""H"", ""F"", ""C"", ""C"", ""C"", ""Br"", ""C"", ""Cl"", ""C"", ""Br"", ""C"", ""H"", ""H"", ""F"", ""C"", ""C"", ""C"", ""Br"", ""C"", ""Cl"", ""C"", ""Br"", ""C"", ""H"", ""H"", ""F"", ""C"", ""C"", ""C"", ""Br"", ""C"", ""Cl"", ""C"", ""Br"", ""C"", ""H"", ""H""]",C24H8Br8Cl4F4,"[true, true, true]","[10.650025505765733, 0.0, 0.0, 0.0, 9.135968336343524, 0.0, 2.143135408335426, 0.0, 11.189650325402322]",1088.7339072811199,[],"{""cutoff=6.000_skin=0.000"": 2092, ""cutoff=6.000_skin=0.500"": 2532}",0.0,,
OPT-RFT-SOXLEX48-R512-v1,7157da7c8384b8258ca02f46774c12c53148908357151f22a621bec141f2564b,OPT-RFT-SOXLEX48-R512-v1:0497,SOXLEX_C1_14_2695_z1_12,a62a018e0174028ce27450eee1339011fba3a67337e906acd0d62391e8ae83f8,497,cross_family_test_set,SOXLEX/structures/SOXLEX_C1_14_2695_z1_12.cif,6fc6ebe13a65b8cfddb27d41feb6784cd1088c800552ccbd4931d2b124e28918,a62a018e0174028ce27450eee1339011fba3a67337e906acd0d62391e8ae83f8,0,48,"[""F"", ""C"", ""C"", ""C"", ""Br"", ""C"", ""Cl"", ""C"", ""Br"", ""C"", ""H"", ""H"", ""F"", ""C"", ""C"", ""C"", ""Br"", ""C"", ""Cl"", ""C"", ""Br"", ""C"", ""H"", ""H"", ""F"", ""C"", ""C"", ""C"", ""Br"", ""C"", ""Cl"", ""C"", ""Br"", ""C"", ""H"", ""H"", ""F"", ""C"", ""C"", ""C"", ""Br"", ""C"", ""Cl"", ""C"", ""Br"", ""C"", ""H"", ""H""]",C24H8Br8Cl4F4,"[true, true, true]","[8.52342506774027, 0.0, 0.0, 0.0, 7.92808038953158, 0.0, -2.135819087334447, 0.0, 13.740127978258155]",928.4808921164947,[],"{""cutoff=6.000_skin=0.000"": 2108, ""cutoff=6.000_skin=0.500"": 2580}",0.0,,
OPT-RFT-SOXLEX48-R512-v1,7157da7c8384b8258ca02f46774c12c53148908357151f22a621bec141f2564b,OPT-RFT-SOXLEX48-R512-v1:0498,SOXLEX_C1_14_1375_z1_12,f83326be5885146e1a16ac47cba2f59eae2f2485cbe36f0d2255db461bde1b91,498,cross_family_test_set,SOXLEX/structures/SOXLEX_C1_14_1375_z1_12.cif,6e3b17d9a773c98db7ae29903d7889a63b3683c85ca5b55d10352a68c6138d4b,f83326be5885146e1a16ac47cba2f59eae2f2485cbe36f0d2255db461bde1b91,0,48,"[""F"", ""C"", ""C"", ""C"", ""Br"", ""C"", ""Cl"", ""C"", ""Br"", ""C"", ""H"", ""H"", ""F"", ""C"", ""C"", ""C"", ""Br"", ""C"", ""Cl"", ""C"", ""Br"", ""C"", ""H"", ""H"", ""F"", ""C"", ""C"", ""C"", ""Br"", ""C"", ""Cl"", ""C"", ""Br"", ""C"", ""H"", ""H"", ""F"", ""C"", ""C"", ""C"", ""Br"", ""C"", ""Cl"", ""C"", ""Br"", ""C"", ""H"", ""H""]",C24H8Br8Cl4F4,"[true, true, true]","[8.209117657404445, 0.0, 0.0, 0.0, 8.638338817508824, 0.0, 5.190296443131508, 0.0, 13.793566336155353]",978.1450967977535,[],"{""cutoff=6.000_skin=0.000"": 2116, ""cutoff=6.000_skin=0.500"": 2660}",0.0,,
OPT-RFT-SOXLEX48-R512-v1,7157da7c8384b8258ca02f46774c12c53148908357151f22a621bec141f2564b,OPT-RFT-SOXLEX48-R512-v1:0499,SOXLEX_C1_14_623_z1_12,69cdb51cd8c85294b8244ae6ab1f6020f87752383d0ba43ab234bf23f40eef57,499,cross_family_test_set,SOXLEX/structures/SOXLEX_C1_14_623_z1_12.cif,5dcff3a8181ee1380a33b14c9bb6bf738f155acd5a0c0250a43dcbc7bdb4e988,69cdb51cd8c85294b8244ae6ab1f6020f87752383d0ba43ab234bf23f40eef57,0,48,"[""F"", ""C"", ""C"", ""C"", ""Br"", ""C"", ""Cl"", ""C"", ""Br"", ""C"", ""H"", ""H"", ""F"", ""C"", ""C"", ""C"", ""Br"", ""C"", ""Cl"", ""C"", ""Br"", ""C"", ""H"", ""H"", ""F"", ""C"", ""C"", ""C"", ""Br"", ""C"", ""Cl"", ""C"", ""Br"", ""C"", ""H"", ""H"", ""F"", ""C"", ""C"", ""C"", ""Br"", ""C"", ""Cl"", ""C"", ""Br"", ""C"", ""H"", ""H""]",C24H8Br8Cl4F4,"[true, true, true]","[5.113398071602342, 0.0, 0.0, 0.0, 14.082412570415812, 0.0, 3.0548874897012803, 0.0, 13.279525555808952]",956.2451071697743,[],"{""cutoff=6.000_skin=0.000"": 2132, ""cutoff=6.000_skin=0.500"": 2660}",0.0,,
OPT-RFT-SOXLEX48-R512-v1,7157da7c8384b8258ca02f46774c12c53148908357151f22a621bec141f2564b,OPT-RFT-SOXLEX48-R512-v1:0500,SOXLEX_C1_14_1224_z1_12,496d7993fff8329afbd0ae1747d16800214dc25f5c66571fe74fe5093fa975a6,500,cross_family_test_set,SOXLEX/structures/SOXLEX_C1_14_1224_z1_12.cif,27059ac8855044597bcf4efc7d8dbe8d24015c710e2e0406472cdca1ded79be4,496d7993fff8329afbd0ae1747d16800214dc25f5c66571fe74fe5093fa975a6,0,48,"[""F"", ""C"", ""C"", ""C"", ""Br"", ""C"", ""Cl"", ""C"", ""Br"", ""C"", ""H"", ""H"", ""F"", ""C"", ""C"", ""C"", ""Br"", ""C"", ""Cl"", ""C"", ""Br"", ""C"", ""H"", ""H"", ""F"", ""C"", ""C"", ""C"", ""Br"", ""C"", ""Cl"", ""C"", ""Br"", ""C"", ""H"", ""H"", ""F"", ""C"", ""C"", ""C"", ""Br"", ""C"", ""Cl"", ""C"", ""Br"", ""C"", ""H"", ""H""]",C24H8Br8Cl4F4,"[true, true, true]","[7.652471723693701, 0.0, 0.0, 0.0, 4.0081056732563685, 0.0, -6.281732994815418, 0.0, 31.111073129745876]",954.2362008663126,[],"{""cutoff=6.000_skin=0.000"": 2144, ""cutoff=6.000_skin=0.500"": 2552}",0.0,,
OPT-RFT-SOXLEX48-R512-v1,7157da7c8384b8258ca02f46774c12c53148908357151f22a621bec141f2564b,OPT-RFT-SOXLEX48-R512-v1:0501,SOXLEX_C1_14_4176_z1_12,5eca13ebd50a6cd31f348336b424fccd0f9e2c1c7258fcc5b85144deef1120b3,501,cross_family_test_set,SOXLEX/structures/SOXLEX_C1_14_4176_z1_12.cif,848ef645e107386b54fdabf971479602908c29e7974a652c0c57d49ecea19030,5eca13ebd50a6cd31f348336b424fccd0f9e2c1c7258fcc5b85144deef1120b3,0,48,"[""F"", ""C"", ""C"", ""C"", ""Br"", ""C"", ""Cl"", ""C"", ""Br"", ""C"", ""H"", ""H"", ""F"", ""C"", ""C"", ""C"", ""Br"", ""C"", ""Cl"", ""C"", ""Br"", ""C"", ""H"", ""H"", ""F"", ""C"", ""C"", ""C"", ""Br"", ""C"", ""Cl"", ""C"", ""Br"", ""C"", ""H"", ""H"", ""F"", ""C"", ""C"", ""C"", ""Br"", ""C"", ""Cl"", ""C"", ""Br"", ""C"", ""H"", ""H""]",C24H8Br8Cl4F4,"[true, true, true]","[4.6023324308873175, 0.0, 0.0, 0.0, 14.459268174586608, 0.0, -5.403107206093902, 0.0, 15.143539323379464]",1007.7474020241889,[],"{""cutoff=6.000_skin=0.000"": 2164, ""cutoff=6.000_skin=0.500"": 2732}",0.0,,
OPT-RFT-SOXLEX48-R512-v1,7157da7c8384b8258ca02f46774c12c53148908357151f22a621bec141f2564b,OPT-RFT-SOXLEX48-R512-v1:0502,SOXLEX_C1_14_157_z1_12,c8c0f13862f71d6c5a3e612537ae0a7bc70c5ee523110dac6294e9ec2ca4419c,502,cross_family_test_set,SOXLEX/structures/SOXLEX_C1_14_157_z1_12.cif,74555921c70fd45b46de81dd7cb00acc6789229ea879bff81d6f0f0056864960,c8c0f13862f71d6c5a3e612537ae0a7bc70c5ee523110dac6294e9ec2ca4419c,0,48,"[""F"", ""C"", ""C"", ""C"", ""Br"", ""C"", ""Cl"", ""C"", ""Br"", ""C"", ""H"", ""H"", ""F"", ""C"", ""C"", ""C"", ""Br"", ""C"", ""Cl"", ""C"", ""Br"", ""C"", ""H"", ""H"", ""F"", ""C"", ""C"", ""C"", ""Br"", ""C"", ""Cl"", ""C"", ""Br"", ""C"", ""H"", ""H"", ""F"", ""C"", ""C"", ""C"", ""Br"", ""C"", ""Cl"", ""C"", ""Br"", ""C"", ""H"", ""H""]",C24H8Br8Cl4F4,"[true, true, true]","[8.766665462664832, 0.0, 0.0, 0.0, 6.824889833753932, 0.0, 9.18646227936645, 0.0, 15.099517893985963]",903.4271973416413,[],"{""cutoff=6.000_skin=0.000"": 2176, ""cutoff=6.000_skin=0.500"": 2764}",0.0,,
OPT-RFT-SOXLEX48-R512-v1,7157da7c8384b8258ca02f46774c12c53148908357151f22a621bec141f2564b,OPT-RFT-SOXLEX48-R512-v1:0503,SOXLEX_C1_14_988_z1_12,2c86d65c9ec21ca5b4dbe4d816084e2a1b838f76b81b60e6adb38ec66e0fa969,503,cross_family_test_set,SOXLEX/structures/SOXLEX_C1_14_988_z1_12.cif,a236f9111d9f55271bba25469f6f01ccce18f71e83f50404d82296f5de357329,2c86d65c9ec21ca5b4dbe4d816084e2a1b838f76b81b60e6adb38ec66e0fa969,0,48,"[""F"", ""C"", ""C"", ""C"", ""Br"", ""C"", ""Cl"", ""C"", ""Br"", ""C"", ""H"", ""H"", ""F"", ""C"", ""C"", ""C"", ""Br"", ""C"", ""Cl"", ""C"", ""Br"", ""C"", ""H"", ""H"", ""F"", ""C"", ""C"", ""C"", ""Br"", ""C"", ""Cl"", ""C"", ""Br"", ""C"", ""H"", ""H"", ""F"", ""C"", ""C"", ""C"", ""Br"", ""C"", ""Cl"", ""C"", ""Br"", ""C"", ""H"", ""H""]",C24H8Br8Cl4F4,"[true, true, true]","[15.867627700925013, 0.0, 0.0, 0.0, 4.646828940161781, 0.0, 2.828970461748851, 0.0, 11.865735115034216]",874.9099119641687,[],"{""cutoff=6.000_skin=0.000"": 2184, ""cutoff=6.000_skin=0.500"": 2840}",0.0,,
OPT-RFT-SOXLEX48-R512-v1,7157da7c8384b8258ca02f46774c12c53148908357151f22a621bec141f2564b,OPT-RFT-SOXLEX48-R512-v1:0504,SOXLEX_C1_14_1102_z1_12,e11351c848a031eca090698bf9d73c67f08fb07899259c9f4d4e1a6cb24396ed,504,cross_family_test_set,SOXLEX/structures/SOXLEX_C1_14_1102_z1_12.cif,34563ee19b1785d21e0ebc6ebbd55419c1d4036ad20de47e43501d79f825f920,e11351c848a031eca090698bf9d73c67f08fb07899259c9f4d4e1a6cb24396ed,0,48,"[""F"", ""C"", ""C"", ""C"", ""Br"", ""C"", ""Cl"", ""C"", ""Br"", ""C"", ""H"", ""H"", ""F"", ""C"", ""C"", ""C"", ""Br"", ""C"", ""Cl"", ""C"", ""Br"", ""C"", ""H"", ""H"", ""F"", ""C"", ""C"", ""C"", ""Br"", ""C"", ""Cl"", ""C"", ""Br"", ""C"", ""H"", ""H"", ""F"", ""C"", ""C"", ""C"", ""Br"", ""C"", ""Cl"", ""C"", ""Br"", ""C"", ""H"", ""H""]",C24H8Br8Cl4F4,"[true, true, true]","[8.188572609658088, 0.0, 0.0, 0.0, 14.865981444207005, 0.0, 2.597496231951513, 0.0, 7.824345667222253]",952.4667405819472,[],"{""cutoff=6.000_skin=0.000"": 2204, ""cutoff=6.000_skin=0.500"": 2664}",0.0,,
OPT-RFT-SOXLEX48-R512-v1,7157da7c8384b8258ca02f46774c12c53148908357151f22a621bec141f2564b,OPT-RFT-SOXLEX48-R512-v1:0505,SOXLEX_C1_14_684_z1_12,007e2570a4176c84f31ab083e12af37df27f6c8bb06380ff28f5bbdb3e41148b,505,cross_family_test_set,SOXLEX/structures/SOXLEX_C1_14_684_z1_12.cif,441daed40f0cfadba5ebdc95c4ac62176276ad5a715d1fb07d3e29c018ea2c49,007e2570a4176c84f31ab083e12af37df27f6c8bb06380ff28f5bbdb3e41148b,0,48,"[""F"", ""C"", ""C"", ""C"", ""Br"", ""C"", ""Cl"", ""C"", ""Br"", ""C"", ""H"", ""H"", ""F"", ""C"", ""C"", ""C"", ""Br"", ""C"", ""Cl"", ""C"", ""Br"", ""C"", ""H"", ""H"", ""F"", ""C"", ""C"", ""C"", ""Br"", ""C"", ""Cl"", ""C"", ""Br"", ""C"", ""H"", ""H"", ""F"", ""C"", ""C"", ""C"", ""Br"", ""C"", ""Cl"", ""C"", ""Br"", ""C"", ""H"", ""H""]",C24H8Br8Cl4F4,"[true, true, true]","[11.459135791432569, 0.0, 0.0, 0.0, 8.74797295170643, 0.0, -1.1661954627391486, 0.0, 9.023004243312807]",904.5039317769167,[],"{""cutoff=6.000_skin=0.000"": 2220, ""cutoff=6.000_skin=0.500"": 2860}",0.0,,
OPT-RFT-SOXLEX48-R512-v1,7157da7c8384b8258ca02f46774c12c53148908357151f22a621bec141f2564b,OPT-RFT-SOXLEX48-R512-v1:0506,SOXLEX_C1_14_2770_z1_12,bb30ba3d36523e97824599697b1da9758544b773542165c223e0e7e9379b481a,506,cross_family_test_set,SOXLEX/structures/SOXLEX_C1_14_2770_z1_12.cif,57680353d58f337b731f54c1c81247e9b4f62b0740c2b1aa4198bc389bc0ae98,bb30ba3d36523e97824599697b1da9758544b773542165c223e0e7e9379b481a,0,48,"[""F"", ""C"", ""C"", ""C"", ""Br"", ""C"", ""Cl"", ""C"", ""Br"", ""C"", ""H"", ""H"", ""F"", ""C"", ""C"", ""C"", ""Br"", ""C"", ""Cl"", ""C"", ""Br"", ""C"", ""H"", ""H"", ""F"", ""C"", ""C"", ""C"", ""Br"", ""C"", ""Cl"", ""C"", ""Br"", ""C"", ""H"", ""H"", ""F"", ""C"", ""C"", ""C"", ""Br"", ""C"", ""Cl"", ""C"", ""Br"", ""C"", ""H"", ""H""]",C24H8Br8Cl4F4,"[true, true, true]","[9.196760094426299, 0.0, 0.0, 0.0, 7.288009866307565, 0.0, 8.844793284692035, 0.0, 13.477410489924967]",903.3379708630854,[],"{""cutoff=6.000_skin=0.000"": 2232, ""cutoff=6.000_skin=0.500"": 2764}",0.0,,
OPT-RFT-SOXLEX48-R512-v1,7157da7c8384b8258ca02f46774c12c53148908357151f22a621bec141f2564b,OPT-RFT-SOXLEX48-R512-v1:0507,SOXLEX_C1_14_2659_z1_12,c5c56443d75f122ae2d938b2a1540a5f727d549c8208c618cf6457bfbde1f744,507,cross_family_test_set,SOXLEX/structures/SOXLEX_C1_14_2659_z1_12.cif,9307c30e72755b09d6a82895c20c5b5c75e26587cd2d7b4f94da8d2331544a75,c5c56443d75f122ae2d938b2a1540a5f727d549c8208c618cf6457bfbde1f744,0,48,"[""F"", ""C"", ""C"", ""C"", ""Br"", ""C"", ""Cl"", ""C"", ""Br"", ""C"", ""H"", ""H"", ""F"", ""C"", ""C"", ""C"", ""Br"", ""C"", ""Cl"", ""C"", ""Br"", ""C"", ""H"", ""H"", ""F"", ""C"", ""C"", ""C"", ""Br"", ""C"", ""Cl"", ""C"", ""Br"", ""C"", ""H"", ""H"", ""F"", ""C"", ""C"", ""C"", ""Br"", ""C"", ""Cl"", ""C"", ""Br"", ""C"", ""H"", ""H""]",C24H8Br8Cl4F4,"[true, true, true]","[13.559693300861753, 0.0, 0.0, 0.0, 7.678789620356806, 0.0, 1.9863083506167651, 0.0, 9.456804613916086]",984.6617142722571,[],"{""cutoff=6.000_skin=0.000"": 2252, ""cutoff=6.000_skin=0.500"": 2880}",0.0,,
OPT-RFT-SOXLEX48-R512-v1,7157da7c8384b8258ca02f46774c12c53148908357151f22a621bec141f2564b,OPT-RFT-SOXLEX48-R512-v1:0508,SOXLEX_C1_14_1409_z1_12,7b7725934053a6080888b78e170180be031161fb3ec9e133866352ef87571003,508,cross_family_test_set,SOXLEX/structures/SOXLEX_C1_14_1409_z1_12.cif,6d5bfc8976be4c929fa9fb18febd0cce54c0bb270ac3a5548df661a17d555c96,7b7725934053a6080888b78e170180be031161fb3ec9e133866352ef87571003,0,48,"[""F"", ""C"", ""C"", ""C"", ""Br"", ""C"", ""Cl"", ""C"", ""Br"", ""C"", ""H"", ""H"", ""F"", ""C"", ""C"", ""C"", ""Br"", ""C"", ""Cl"", ""C"", ""Br"", ""C"", ""H"", ""H"", ""F"", ""C"", ""C"", ""C"", ""Br"", ""C"", ""Cl"", ""C"", ""Br"", ""C"", ""H"", ""H"", ""F"", ""C"", ""C"", ""C"", ""Br"", ""C"", ""Cl"", ""C"", ""Br"", ""C"", ""H"", ""H""]",C24H8Br8Cl4F4,"[true, true, true]","[3.664645271401369, 0.0, 0.0, 0.0, 27.868189674303252, 0.0, -3.1315100959055244, 0.0, 8.790852436088244]",897.783646179993,[],"{""cutoff=6.000_skin=0.000"": 2276, ""cutoff=6.000_skin=0.500"": 2664}",0.0,,
OPT-RFT-SOXLEX48-R512-v1,7157da7c8384b8258ca02f46774c12c53148908357151f22a621bec141f2564b,OPT-RFT-SOXLEX48-R512-v1:0509,SOXLEX_C1_14_1420_z1_12,487edbec0bcb1734d7957c0c739367522116336780e29b21cac7cba97d00b167,509,cross_family_test_set,SOXLEX/structures/SOXLEX_C1_14_1420_z1_12.cif,b24eab72a3aee65f1bd9464cdace5b540ee2142686e099452c4fb56b2a4eb0ff,487edbec0bcb1734d7957c0c739367522116336780e29b21cac7cba97d00b167,0,48,"[""F"", ""C"", ""C"", ""C"", ""Br"", ""C"", ""Cl"", ""C"", ""Br"", ""C"", ""H"", ""H"", ""F"", ""C"", ""C"", ""C"", ""Br"", ""C"", ""Cl"", ""C"", ""Br"", ""C"", ""H"", ""H"", ""F"", ""C"", ""C"", ""C"", ""Br"", ""C"", ""Cl"", ""C"", ""Br"", ""C"", ""H"", ""H"", ""F"", ""C"", ""C"", ""C"", ""Br"", ""C"", ""Cl"", ""C"", ""Br"", ""C"", ""H"", ""H""]",C24H8Br8Cl4F4,"[true, true, true]","[3.7475420342778394, 0.0, 0.0, 0.0, 15.493449456283074, 0.0, -0.47742466409108014, 0.0, 15.124386483380874]",878.1574683188037,[],"{""cutoff=6.000_skin=0.000"": 2312, ""cutoff=6.000_skin=0.500"": 2808}",0.0,,
OPT-RFT-SOXLEX48-R512-v1,7157da7c8384b8258ca02f46774c12c53148908357151f22a621bec141f2564b,OPT-RFT-SOXLEX48-R512-v1:0510,SOXLEX_C1_14_1036_z1_12,8684eabd7fead850148927bf9009d2de60bbc2c12a15710b773f55051e865a30,510,cross_family_test_set,SOXLEX/structures/SOXLEX_C1_14_1036_z1_12.cif,bbe382504c83b27b743529ec49617c3bda7a1ea13125aea9cafd9609ca0e8be9,8684eabd7fead850148927bf9009d2de60bbc2c12a15710b773f55051e865a30,0,48,"[""F"", ""C"", ""C"", ""C"", ""Br"", ""C"", ""Cl"", ""C"", ""Br"", ""C"", ""H"", ""H"", ""F"", ""C"", ""C"", ""C"", ""Br"", ""C"", ""Cl"", ""C"", ""Br"", ""C"", ""H"", ""H"", ""F"", ""C"", ""C"", ""C"", ""Br"", ""C"", ""Cl"", ""C"", ""Br"", ""C"", ""H"", ""H"", ""F"", ""C"", ""C"", ""C"", ""Br"", ""C"", ""Cl"", ""C"", ""Br"", ""C"", ""H"", ""H""]",C24H8Br8Cl4F4,"[true, true, true]","[3.623564002594053, 0.0, 0.0, 0.0, 15.75240956364647, 0.0, -7.156751503301685, 0.0, 14.553102120857876]",830.6890934596398,[],"{""cutoff=6.000_skin=0.000"": 2360, ""cutoff=6.000_skin=0.500"": 2900}",0.0,,
OPT-RFT-SOXLEX48-R512-v1,7157da7c8384b8258ca02f46774c12c53148908357151f22a621bec141f2564b,OPT-RFT-SOXLEX48-R512-v1:0511,SOXLEX_C1_14_1084_z1_12,252188d0ebeb29482087acc62cc46328306bc6124ec349f22638242195bdd01d,511,cross_family_test_set,SOXLEX/structures/SOXLEX_C1_14_1084_z1_12.cif,1acc5ac9038e015c17384a73cc2da335930b0d4cbc9491eb2b68d4f99dc86428,252188d0ebeb29482087acc62cc46328306bc6124ec349f22638242195bdd01d,0,48,"[""F"", ""C"", ""C"", ""C"", ""Br"", ""C"", ""Cl"", ""C"", ""Br"", ""C"", ""H"", ""H"", ""F"", ""C"", ""C"", ""C"", ""Br"", ""C"", ""Cl"", ""C"", ""Br"", ""C"", ""H"", ""H"", ""F"", ""C"", ""C"", ""C"", ""Br"", ""C"", ""Cl"", ""C"", ""Br"", ""C"", ""H"", ""H"", ""F"", ""C"", ""C"", ""C"", ""Br"", ""C"", ""Cl"", ""C"", ""Br"", ""C"", ""H"", ""H""]",C24H8Br8Cl4F4,"[true, true, true]","[4.699755922310082, 0.0, 0.0, 0.0, 13.329055241787628, 0.0, -6.750451530964619, 0.0, 13.195676717662453]",826.6208186106022,[],"{""cutoff=6.000_skin=0.000"": 2476, ""cutoff=6.000_skin=0.500"": 3112}",0.0,,
