workload_id,manifest_sha256,system_id,group_id,duplicate_group,order,dataset_id,source_path,source_sha256,normalized_structure_sha256,frame_index,atom_count,species,chemical_formula,pbc,cell_A,volume_A3,constraints,topology_edge_counts,arrival_time,random_seed,reference
OPT-RFT-XAFPAY172-R512-v1,16360d404e1cc8ec5ea026f69f45c1e0d210a4962a9adca338d6dcf7b609da30,OPT-RFT-XAFPAY172-R512-v1:0000,XAFPAY_C4_14_786_z1_43,d7df819619d54e957d9e94e8fd49bba6f560b24e970394331008763a598c13d1,0,cross_family_test_set,XAFPAY/structures/XAFPAY_C4_14_786_z1_43.cif,c845ca6cfc33d73bb9e2af21d86da8ff04629c9d5d965b594bf4a0b6602ce945,d7df819619d54e957d9e94e8fd49bba6f560b24e970394331008763a598c13d1,0,172,"[""O"", ""C"", ""O"", ""C"", ""C"", ""C"", ""C"", ""C"", ""C"", ""N"", ""C"", ""C"", ""C"", ""C"", ""C"", ""C"", ""C"", ""C"", ""C"", ""C"", ""Cl"", ""C"", ""Cl"", ""C"", ""C"", ""C"", ""H"", ""H"", ""H"", ""H"", ""H"", ""H"", ""H"", ""H"", ""H"", ""H"", ""H"", ""H"", ""H"", ""H"", ""H"", ""H"", ""H"", ""O"", ""C"", ""O"", ""C"", ""C"", ""C"", ""C"", ""C"", ""C"", ""N"", ""C"", ""C"", ""C"", ""C"", ""C"", ""C"", ""C"", ""C"", ""C"", ""C"", ""Cl"", ""C"", ""Cl"", ""C"", ""C"", ""C"", ""H"", ""H"", ""H"", ""H"", ""H"", ""H"", ""H"", ""H"", ""H"", ""H"", ""H"", ""H"", ""H"", ""H"", ""H"", ""H"", ""H"", ""O"", ""C"", ""O"", ""C"", ""C"", ""C"", ""C"", ""C"", ""C"", ""N"", ""C"", ""C"", ""C"", ""C"", ""C"", ""C"", ""C"", ""C"", ""C"", ""C"", ""Cl"", ""C"", ""Cl"", ""C"", ""C"", ""C"", ""H"", ""H"", ""H"", ""H"", ""H"", ""H"", ""H"", ""H"", ""H"", ""H"", ""H"", ""H"", ""H"", ""H"", ""H"", ""H"", ""H"", ""O"", ""C"", ""O"", ""C"", ""C"", ""C"", ""C"", ""C"", ""C"", ""N"", ""C"", ""C"", ""C"", ""C"", ""C"", ""C"", ""C"", ""C"", ""C"", ""C"", ""Cl"", ""C"", ""Cl"", ""C"", ""C"", ""C"", ""H"", ""H"", ""H"", ""H"", ""H"", ""H"", ""H"", ""H"", ""H"", ""H"", ""H"", ""H"", ""H"", ""H"", ""H"", ""H"", ""H""]",C84H68Cl8N4O8,"[true, true, true]","[22.069025272558804, 0.0, 0.0, 0.0, 22.78217480508568, 0.0, 12.309405951369468, 0.0, 18.621726993112357]",9362.639188697533,[],"{""cutoff=6.000_skin=0.000"": 4028, ""cutoff=6.000_skin=0.500"": 4624}",0.0,,
OPT-RFT-XAFPAY172-R512-v1,16360d404e1cc8ec5ea026f69f45c1e0d210a4962a9adca338d6dcf7b609da30,OPT-RFT-XAFPAY172-R512-v1:0001,XAFPAY_C1_2_6802_z2_86,c85e1a115359ca7ad45b8dd27e7f65ad05b4a89b6ecbcae97ee2c0f715722644,1,cross_family_test_set,XAFPAY/structures/XAFPAY_C1_2_6802_z2_86.cif,302b7385da01a6155f2ae48373919872c28e520bd3534bd27db9e8002e04568e,c85e1a115359ca7ad45b8dd27e7f65ad05b4a89b6ecbcae97ee2c0f715722644,0,172,"[""O"", ""C"", ""O"", ""C"", ""C"", ""C"", ""C"", ""C"", ""C"", ""N"", ""C"", ""C"", ""C"", ""C"", ""C"", ""C"", ""C"", ""C"", ""C"", ""C"", ""Cl"", ""C"", ""Cl"", ""C"", ""C"", ""C"", ""H"", ""H"", ""H"", ""H"", ""H"", ""H"", ""H"", ""H"", ""H"", ""H"", ""H"", ""H"", ""H"", ""H"", ""H"", ""H"", ""H"", ""O"", ""C"", ""O"", ""C"", ""C"", ""C"", ""C"", ""C"", ""C"", ""N"", ""C"", ""C"", ""C"", ""C"", ""C"", ""C"", ""C"", ""C"", ""C"", ""C"", ""Cl"", ""C"", ""Cl"", ""C"", ""C"", ""C"", ""H"", ""H"", ""H"", ""H"", ""H"", ""H"", ""H"", ""H"", ""H"", ""H"", ""H"", ""H"", ""H"", ""H"", ""H"", ""H"", ""H"", ""O"", ""C"", ""O"", ""C"", ""C"", ""C"", ""C"", ""C"", ""C"", ""N"", ""C"", ""C"", ""C"", ""C"", ""C"", ""C"", ""C"", ""C"", ""C"", ""C"", ""Cl"", ""C"", ""Cl"", ""C"", ""C"", ""C"", ""H"", ""H"", ""H"", ""H"", ""H"", ""H"", ""H"", ""H"", ""H"", ""H"", ""H"", ""H"", ""H"", ""H"", ""H"", ""H"", ""H"", ""O"", ""C"", ""O"", ""C"", ""C"", ""C"", ""C"", ""C"", ""C"", ""N"", ""C"", ""C"", ""C"", ""C"", ""C"", ""C"", ""C"", ""C"", ""C"", ""C"", ""Cl"", ""C"", ""Cl"", ""C"", ""C"", ""C"", ""H"", ""H"", ""H"", ""H"", ""H"", ""H"", ""H"", ""H"", ""H"", ""H"", ""H"", ""H"", ""H"", ""H"", ""H"", ""H"", ""H""]",C84H68Cl8N4O8,"[true, true, true]","[23.97647294161753, 0.0, 0.0, -5.743091964931227, 24.36470323647782, 0.0, -0.2722099467396081, -4.118626880458624, 18.014017587814752]",10523.422451352882,[],"{""cutoff=6.000_skin=0.000"": 4130, ""cutoff=6.000_skin=0.500"": 4756}",0.0,,
OPT-RFT-XAFPAY172-R512-v1,16360d404e1cc8ec5ea026f69f45c1e0d210a4962a9adca338d6dcf7b609da30,OPT-RFT-XAFPAY172-R512-v1:0002,XAFPAY_C4_2_18030_z2_86,8ed2c20babfa8c35fca6ee469997565725d543adea7b5969a806caf0b057760a,2,cross_family_test_set,XAFPAY/structures/XAFPAY_C4_2_18030_z2_86.cif,46fec731b3c2de4b964f8f939cac6f374ce5b6a81e510edcdbb74aa5198d440e,8ed2c20babfa8c35fca6ee469997565725d543adea7b5969a806caf0b057760a,0,172,"[""O"", ""C"", ""O"", ""C"", ""C"", ""C"", ""C"", ""C"", ""C"", ""N"", ""C"", ""C"", ""C"", ""C"", ""C"", ""C"", ""C"", ""C"", ""C"", ""C"", ""Cl"", ""C"", ""Cl"", ""C"", ""C"", ""C"", ""H"", ""H"", ""H"", ""H"", ""H"", ""H"", ""H"", ""H"", ""H"", ""H"", ""H"", ""H"", ""H"", ""H"", ""H"", ""H"", ""H"", ""O"", ""C"", ""O"", ""C"", ""C"", ""C"", ""C"", ""C"", ""C"", ""N"", ""C"", ""C"", ""C"", ""C"", ""C"", ""C"", ""C"", ""C"", ""C"", ""C"", ""Cl"", ""C"", ""Cl"", ""C"", ""C"", ""C"", ""H"", ""H"", ""H"", ""H"", ""H"", ""H"", ""H"", ""H"", ""H"", ""H"", ""H"", ""H"", ""H"", ""H"", ""H"", ""H"", ""H"", ""O"", ""C"", ""O"", ""C"", ""C"", ""C"", ""C"", ""C"", ""C"", ""N"", ""C"", ""C"", ""C"", ""C"", ""C"", ""C"", ""C"", ""C"", ""C"", ""C"", ""Cl"", ""C"", ""Cl"", ""C"", ""C"", ""C"", ""H"", ""H"", ""H"", ""H"", ""H"", ""H"", ""H"", ""H"", ""H"", ""H"", ""H"", ""H"", ""H"", ""H"", ""H"", ""H"", ""H"", ""O"", ""C"", ""O"", ""C"", ""C"", ""C"", ""C"", ""C"", ""C"", ""N"", ""C"", ""C"", ""C"", ""C"", ""C"", ""C"", ""C"", ""C"", ""C"", ""C"", ""Cl"", ""C"", ""Cl"", ""C"", ""C"", ""C"", ""H"", ""H"", ""H"", ""H"", ""H"", ""H"", ""H"", ""H"", ""H"", ""H"", ""H"", ""H"", ""H"", ""H"", ""H"", ""H"", ""H""]",C84H68Cl8N4O8,"[true, true, true]","[17.59239614714376, 0.0, 0.0, 1.5415130447456382, 22.152405579441098, 0.0, 5.91187031568782, -7.630585616721319, 20.584002124039916]",8021.871633508774,[],"{""cutoff=6.000_skin=0.000"": 4174, ""cutoff=6.000_skin=0.500"": 4858}",0.0,,
OPT-RFT-XAFPAY172-R512-v1,16360d404e1cc8ec5ea026f69f45c1e0d210a4962a9adca338d6dcf7b609da30,OPT-RFT-XAFPAY172-R512-v1:0003,XAFPAY_C1_2_12881_z2_86,1c6b58ace326e06974a4a3befbf5cab2757905bbf24e18656f5d122644844cd0,3,cross_family_test_set,XAFPAY/structures/XAFPAY_C1_2_12881_z2_86.cif,e0ca80f456e80080eae2cb9c0343fc3e0b41f104912778458999f325e259a210,1c6b58ace326e06974a4a3befbf5cab2757905bbf24e18656f5d122644844cd0,0,172,"[""O"", ""C"", ""O"", ""C"", ""C"", ""C"", ""C"", ""C"", ""C"", ""N"", ""C"", ""C"", ""C"", ""C"", ""C"", ""C"", ""C"", ""C"", ""C"", ""C"", ""Cl"", ""C"", ""Cl"", ""C"", ""C"", ""C"", ""H"", ""H"", ""H"", ""H"", ""H"", ""H"", ""H"", ""H"", ""H"", ""H"", ""H"", ""H"", ""H"", ""H"", ""H"", ""H"", ""H"", ""O"", ""C"", ""O"", ""C"", ""C"", ""C"", ""C"", ""C"", ""C"", ""N"", ""C"", ""C"", ""C"", ""C"", ""C"", ""C"", ""C"", ""C"", ""C"", ""C"", ""Cl"", ""C"", ""Cl"", ""C"", ""C"", ""C"", ""H"", ""H"", ""H"", ""H"", ""H"", ""H"", ""H"", ""H"", ""H"", ""H"", ""H"", ""H"", ""H"", ""H"", ""H"", ""H"", ""H"", ""O"", ""C"", ""O"", ""C"", ""C"", ""C"", ""C"", ""C"", ""C"", ""N"", ""C"", ""C"", ""C"", ""C"", ""C"", ""C"", ""C"", ""C"", ""C"", ""C"", ""Cl"", ""C"", ""Cl"", ""C"", ""C"", ""C"", ""H"", ""H"", ""H"", ""H"", ""H"", ""H"", ""H"", ""H"", ""H"", ""H"", ""H"", ""H"", ""H"", ""H"", ""H"", ""H"", ""H"", ""O"", ""C"", ""O"", ""C"", ""C"", ""C"", ""C"", ""C"", ""C"", ""N"", ""C"", ""C"", ""C"", ""C"", ""C"", ""C"", ""C"", ""C"", ""C"", ""C"", ""Cl"", ""C"", ""Cl"", ""C"", ""C"", ""C"", ""H"", ""H"", ""H"", ""H"", ""H"", ""H"", ""H"", ""H"", ""H"", ""H"", ""H"", ""H"", ""H"", ""H"", ""H"", ""H"", ""H""]",C84H68Cl8N4O8,"[true, true, true]","[19.191626286754442, 0.0, 0.0, -2.289097924974146, 21.2276119825192, 0.0, -6.672650046304118, 1.9859453289605526, 26.800585010675192]",10918.354545150945,[],"{""cutoff=6.000_skin=0.000"": 4204, ""cutoff=6.000_skin=0.500"": 4858}",0.0,,
OPT-RFT-XAFPAY172-R512-v1,16360d404e1cc8ec5ea026f69f45c1e0d210a4962a9adca338d6dcf7b609da30,OPT-RFT-XAFPAY172-R512-v1:0004,XAFPAY_C1_2_18044_z2_86,56ceb7ac67d27b85b07388625b46f33c8245dfc1f5e4c78fa82569697051dbd4,4,cross_family_test_set,XAFPAY/structures/XAFPAY_C1_2_18044_z2_86.cif,ac729905a855df21213db7ec5af7ba25f00432c8cfff36f573bbdea92cc8e893,56ceb7ac67d27b85b07388625b46f33c8245dfc1f5e4c78fa82569697051dbd4,0,172,"[""O"", ""C"", ""O"", ""C"", ""C"", ""C"", ""C"", ""C"", ""C"", ""N"", ""C"", ""C"", ""C"", ""C"", ""C"", ""C"", ""C"", ""C"", ""C"", ""C"", ""Cl"", ""C"", ""Cl"", ""C"", ""C"", ""C"", ""H"", ""H"", ""H"", ""H"", ""H"", ""H"", ""H"", ""H"", ""H"", ""H"", ""H"", ""H"", ""H"", ""H"", ""H"", ""H"", ""H"", ""O"", ""C"", ""O"", ""C"", ""C"", ""C"", ""C"", ""C"", ""C"", ""N"", ""C"", ""C"", ""C"", ""C"", ""C"", ""C"", ""C"", ""C"", ""C"", ""C"", ""Cl"", ""C"", ""Cl"", ""C"", ""C"", ""C"", ""H"", ""H"", ""H"", ""H"", ""H"", ""H"", ""H"", ""H"", ""H"", ""H"", ""H"", ""H"", ""H"", ""H"", ""H"", ""H"", ""H"", ""O"", ""C"", ""O"", ""C"", ""C"", ""C"", ""C"", ""C"", ""C"", ""N"", ""C"", ""C"", ""C"", ""C"", ""C"", ""C"", ""C"", ""C"", ""C"", ""C"", ""Cl"", ""C"", ""Cl"", ""C"", ""C"", ""C"", ""H"", ""H"", ""H"", ""H"", ""H"", ""H"", ""H"", ""H"", ""H"", ""H"", ""H"", ""H"", ""H"", ""H"", ""H"", ""H"", ""H"", ""O"", ""C"", ""O"", ""C"", ""C"", ""C"", ""C"", ""C"", ""C"", ""N"", ""C"", ""C"", ""C"", ""C"", ""C"", ""C"", ""C"", ""C"", ""C"", ""C"", ""Cl"", ""C"", ""Cl"", ""C"", ""C"", ""C"", ""H"", ""H"", ""H"", ""H"", ""H"", ""H"", ""H"", ""H"", ""H"", ""H"", ""H"", ""H"", ""H"", ""H"", ""H"", ""H"", ""H""]",C84H68Cl8N4O8,"[true, true, true]","[15.228148292408932, 0.0, 0.0, -15.35148491050886, 34.75928383425719, 0.0, 4.735292790524222, 8.720329877244973, 14.986698482287238]",7932.7521784024275,[],"{""cutoff=6.000_skin=0.000"": 4224, ""cutoff=6.000_skin=0.500"": 4974}",0.0,,
OPT-RFT-XAFPAY172-R512-v1,16360d404e1cc8ec5ea026f69f45c1e0d210a4962a9adca338d6dcf7b609da30,OPT-RFT-XAFPAY172-R512-v1:0005,XAFPAY_C3_2_9813_z2_86,284a52722415d392f64c8b36bd8cb6e6fdf5fdcdf2f9eacf31d8e6a5efb5db82,5,cross_family_test_set,XAFPAY/structures/XAFPAY_C3_2_9813_z2_86.cif,ca54190648db6c058183a6e1aecb863e8066d8ed2d5f756c29b4b33df6dcbc5c,284a52722415d392f64c8b36bd8cb6e6fdf5fdcdf2f9eacf31d8e6a5efb5db82,0,172,"[""O"", ""C"", ""O"", ""C"", ""C"", ""C"", ""C"", ""C"", ""C"", ""N"", ""C"", ""C"", ""C"", ""C"", ""C"", ""C"", ""C"", ""C"", ""C"", ""C"", ""Cl"", ""C"", ""Cl"", ""C"", ""C"", ""C"", ""H"", ""H"", ""H"", ""H"", ""H"", ""H"", ""H"", ""H"", ""H"", ""H"", ""H"", ""H"", ""H"", ""H"", ""H"", ""H"", ""H"", ""O"", ""C"", ""O"", ""C"", ""C"", ""C"", ""C"", ""C"", ""C"", ""N"", ""C"", ""C"", ""C"", ""C"", ""C"", ""C"", ""C"", ""C"", ""C"", ""C"", ""Cl"", ""C"", ""Cl"", ""C"", ""C"", ""C"", ""H"", ""H"", ""H"", ""H"", ""H"", ""H"", ""H"", ""H"", ""H"", ""H"", ""H"", ""H"", ""H"", ""H"", ""H"", ""H"", ""H"", ""O"", ""C"", ""O"", ""C"", ""C"", ""C"", ""C"", ""C"", ""C"", ""N"", ""C"", ""C"", ""C"", ""C"", ""C"", ""C"", ""C"", ""C"", ""C"", ""C"", ""Cl"", ""C"", ""Cl"", ""C"", ""C"", ""C"", ""H"", ""H"", ""H"", ""H"", ""H"", ""H"", ""H"", ""H"", ""H"", ""H"", ""H"", ""H"", ""H"", ""H"", ""H"", ""H"", ""H"", ""O"", ""C"", ""O"", ""C"", ""C"", ""C"", ""C"", ""C"", ""C"", ""N"", ""C"", ""C"", ""C"", ""C"", ""C"", ""C"", ""C"", ""C"", ""C"", ""C"", ""Cl"", ""C"", ""Cl"", ""C"", ""C"", ""C"", ""H"", ""H"", ""H"", ""H"", ""H"", ""H"", ""H"", ""H"", ""H"", ""H"", ""H"", ""H"", ""H"", ""H"", ""H"", ""H"", ""H""]",C84H68Cl8N4O8,"[true, true, true]","[25.21182752884546, 0.0, 0.0, 3.6085564455650756, 25.949725962514766, 0.0, -10.778267001757227, 15.375720446020546, 15.56571271610178]",10183.712126903349,[],"{""cutoff=6.000_skin=0.000"": 4278, ""cutoff=6.000_skin=0.500"": 4910}",0.0,,
OPT-RFT-XAFPAY172-R512-v1,16360d404e1cc8ec5ea026f69f45c1e0d210a4962a9adca338d6dcf7b609da30,OPT-RFT-XAFPAY172-R512-v1:0006,XAFPAY_C4_2_14580_z2_86,35fc075e92cab69a2abb4eb7e20202777658199cfa81b64c2201adec7d903786,6,cross_family_test_set,XAFPAY/structures/XAFPAY_C4_2_14580_z2_86.cif,4f3183d4c2ddbd6aee783c976d7c0b06c1b0eb96a46808903d9aedc713a33d5c,35fc075e92cab69a2abb4eb7e20202777658199cfa81b64c2201adec7d903786,0,172,"[""O"", ""C"", ""O"", ""C"", ""C"", ""C"", ""C"", ""C"", ""C"", ""N"", ""C"", ""C"", ""C"", ""C"", ""C"", ""C"", ""C"", ""C"", ""C"", ""C"", ""Cl"", ""C"", ""Cl"", ""C"", ""C"", ""C"", ""H"", ""H"", ""H"", ""H"", ""H"", ""H"", ""H"", ""H"", ""H"", ""H"", ""H"", ""H"", ""H"", ""H"", ""H"", ""H"", ""H"", ""O"", ""C"", ""O"", ""C"", ""C"", ""C"", ""C"", ""C"", ""C"", ""N"", ""C"", ""C"", ""C"", ""C"", ""C"", ""C"", ""C"", ""C"", ""C"", ""C"", ""Cl"", ""C"", ""Cl"", ""C"", ""C"", ""C"", ""H"", ""H"", ""H"", ""H"", ""H"", ""H"", ""H"", ""H"", ""H"", ""H"", ""H"", ""H"", ""H"", ""H"", ""H"", ""H"", ""H"", ""O"", ""C"", ""O"", ""C"", ""C"", ""C"", ""C"", ""C"", ""C"", ""N"", ""C"", ""C"", ""C"", ""C"", ""C"", ""C"", ""C"", ""C"", ""C"", ""C"", ""Cl"", ""C"", ""Cl"", ""C"", ""C"", ""C"", ""H"", ""H"", ""H"", ""H"", ""H"", ""H"", ""H"", ""H"", ""H"", ""H"", ""H"", ""H"", ""H"", ""H"", ""H"", ""H"", ""H"", ""O"", ""C"", ""O"", ""C"", ""C"", ""C"", ""C"", ""C"", ""C"", ""N"", ""C"", ""C"", ""C"", ""C"", ""C"", ""C"", ""C"", ""C"", ""C"", ""C"", ""Cl"", ""C"", ""Cl"", ""C"", ""C"", ""C"", ""H"", ""H"", ""H"", ""H"", ""H"", ""H"", ""H"", ""H"", ""H"", ""H"", ""H"", ""H"", ""H"", ""H"", ""H"", ""H"", ""H""]",C84H68Cl8N4O8,"[true, true, true]","[22.88109797911801, 0.0, 0.0, -1.9496314329939748, 19.804406732947953, 0.0, -13.189481775798505, -3.004001050820364, 22.861045076264084]",10359.40418292528,[],"{""cutoff=6.000_skin=0.000"": 4296, ""cutoff=6.000_skin=0.500"": 4990}",0.0,,
OPT-RFT-XAFPAY172-R512-v1,16360d404e1cc8ec5ea026f69f45c1e0d210a4962a9adca338d6dcf7b609da30,OPT-RFT-XAFPAY172-R512-v1:0007,XAFPAY_C4_14_875_z1_43,f6c859dfe05be3c696e68b26792bb3bf7ad5a09b771badda31deed1934ef8fa0,7,cross_family_test_set,XAFPAY/structures/XAFPAY_C4_14_875_z1_43.cif,a858ac3cce109e2fce6f80c6cb503e80d9ef03b7b6fbd649953f529c2c3c9571,f6c859dfe05be3c696e68b26792bb3bf7ad5a09b771badda31deed1934ef8fa0,0,172,"[""O"", ""C"", ""O"", ""C"", ""C"", ""C"", ""C"", ""C"", ""C"", ""N"", ""C"", ""C"", ""C"", ""C"", ""C"", ""C"", ""C"", ""C"", ""C"", ""C"", ""Cl"", ""C"", ""Cl"", ""C"", ""C"", ""C"", ""H"", ""H"", ""H"", ""H"", ""H"", ""H"", ""H"", ""H"", ""H"", ""H"", ""H"", ""H"", ""H"", ""H"", ""H"", ""H"", ""H"", ""O"", ""C"", ""O"", ""C"", ""C"", ""C"", ""C"", ""C"", ""C"", ""N"", ""C"", ""C"", ""C"", ""C"", ""C"", ""C"", ""C"", ""C"", ""C"", ""C"", ""Cl"", ""C"", ""Cl"", ""C"", ""C"", ""C"", ""H"", ""H"", ""H"", ""H"", ""H"", ""H"", ""H"", ""H"", ""H"", ""H"", ""H"", ""H"", ""H"", ""H"", ""H"", ""H"", ""H"", ""O"", ""C"", ""O"", ""C"", ""C"", ""C"", ""C"", ""C"", ""C"", ""N"", ""C"", ""C"", ""C"", ""C"", ""C"", ""C"", ""C"", ""C"", ""C"", ""C"", ""Cl"", ""C"", ""Cl"", ""C"", ""C"", ""C"", ""H"", ""H"", ""H"", ""H"", ""H"", ""H"", ""H"", ""H"", ""H"", ""H"", ""H"", ""H"", ""H"", ""H"", ""H"", ""H"", ""H"", ""O"", ""C"", ""O"", ""C"", ""C"", ""C"", ""C"", ""C"", ""C"", ""N"", ""C"", ""C"", ""C"", ""C"", ""C"", ""C"", ""C"", ""C"", ""C"", ""C"", ""Cl"", ""C"", ""Cl"", ""C"", ""C"", ""C"", ""H"", ""H"", ""H"", ""H"", ""H"", ""H"", ""H"", ""H"", ""H"", ""H"", ""H"", ""H"", ""H"", ""H"", ""H"", ""H"", ""H""]",C84H68Cl8N4O8,"[true, true, true]","[18.028332091837264, 0.0, 0.0, 0.0, 25.070448333510882, 0.0, 6.897118633401376, 0.0, 26.808140449307423]",12116.699576035355,[],"{""cutoff=6.000_skin=0.000"": 4328, ""cutoff=6.000_skin=0.500"": 4980}",0.0,,
OPT-RFT-XAFPAY172-R512-v1,16360d404e1cc8ec5ea026f69f45c1e0d210a4962a9adca338d6dcf7b609da30,OPT-RFT-XAFPAY172-R512-v1:0008,XAFPAY_C1_14_3757_z1_43,d5769a2b30764e0d955afcb53250bdd370f1b04d99763eda9ff7247cfc5b82b9,8,cross_family_test_set,XAFPAY/structures/XAFPAY_C1_14_3757_z1_43.cif,47ffc671a8884a8efef0beb74f136995e88e272f140545d5df4c7b58b21a2477,d5769a2b30764e0d955afcb53250bdd370f1b04d99763eda9ff7247cfc5b82b9,0,172,"[""O"", ""C"", ""O"", ""C"", ""C"", ""C"", ""C"", ""C"", ""C"", ""N"", ""C"", ""C"", ""C"", ""C"", ""C"", ""C"", ""C"", ""C"", ""C"", ""C"", ""Cl"", ""C"", ""Cl"", ""C"", ""C"", ""C"", ""H"", ""H"", ""H"", ""H"", ""H"", ""H"", ""H"", ""H"", ""H"", ""H"", ""H"", ""H"", ""H"", ""H"", ""H"", ""H"", ""H"", ""O"", ""C"", ""O"", ""C"", ""C"", ""C"", ""C"", ""C"", ""C"", ""N"", ""C"", ""C"", ""C"", ""C"", ""C"", ""C"", ""C"", ""C"", ""C"", ""C"", ""Cl"", ""C"", ""Cl"", ""C"", ""C"", ""C"", ""H"", ""H"", ""H"", ""H"", ""H"", ""H"", ""H"", ""H"", ""H"", ""H"", ""H"", ""H"", ""H"", ""H"", ""H"", ""H"", ""H"", ""O"", ""C"", ""O"", ""C"", ""C"", ""C"", ""C"", ""C"", ""C"", ""N"", ""C"", ""C"", ""C"", ""C"", ""C"", ""C"", ""C"", ""C"", ""C"", ""C"", ""Cl"", ""C"", ""Cl"", ""C"", ""C"", ""C"", ""H"", ""H"", ""H"", ""H"", ""H"", ""H"", ""H"", ""H"", ""H"", ""H"", ""H"", ""H"", ""H"", ""H"", ""H"", ""H"", ""H"", ""O"", ""C"", ""O"", ""C"", ""C"", ""C"", ""C"", ""C"", ""C"", ""N"", ""C"", ""C"", ""C"", ""C"", ""C"", ""C"", ""C"", ""C"", ""C"", ""C"", ""Cl"", ""C"", ""Cl"", ""C"", ""C"", ""C"", ""H"", ""H"", ""H"", ""H"", ""H"", ""H"", ""H"", ""H"", ""H"", ""H"", ""H"", ""H"", ""H"", ""H"", ""H"", ""H"", ""H""]",C84H68Cl8N4O8,"[true, true, true]","[18.75951356572814, 0.0, 0.0, 0.0, 22.407135623357973, 0.0, 12.02058445624987, 0.0, 19.57322328078955]",8227.544995387076,[],"{""cutoff=6.000_skin=0.000"": 4344, ""cutoff=6.000_skin=0.500"": 5068}",0.0,,
OPT-RFT-XAFPAY172-R512-v1,16360d404e1cc8ec5ea026f69f45c1e0d210a4962a9adca338d6dcf7b609da30,OPT-RFT-XAFPAY172-R512-v1:0009,XAFPAY_C4_2_8574_z2_86,8d7eb7f5698500b06304424c9e8fc15bdb7bd1af97650df8e390450b557700fe,9,cross_family_test_set,XAFPAY/structures/XAFPAY_C4_2_8574_z2_86.cif,34d6b61fa99a545d784892ee98da1241d86490ee3adad69837582e7d5cf26cac,8d7eb7f5698500b06304424c9e8fc15bdb7bd1af97650df8e390450b557700fe,0,172,"[""O"", ""C"", ""O"", ""C"", ""C"", ""C"", ""C"", ""C"", ""C"", ""N"", ""C"", ""C"", ""C"", ""C"", ""C"", ""C"", ""C"", ""C"", ""C"", ""C"", ""Cl"", ""C"", ""Cl"", ""C"", ""C"", ""C"", ""H"", ""H"", ""H"", ""H"", ""H"", ""H"", ""H"", ""H"", ""H"", ""H"", ""H"", ""H"", ""H"", ""H"", ""H"", ""H"", ""H"", ""O"", ""C"", ""O"", ""C"", ""C"", ""C"", ""C"", ""C"", ""C"", ""N"", ""C"", ""C"", ""C"", ""C"", ""C"", ""C"", ""C"", ""C"", ""C"", ""C"", ""Cl"", ""C"", ""Cl"", ""C"", ""C"", ""C"", ""H"", ""H"", ""H"", ""H"", ""H"", ""H"", ""H"", ""H"", ""H"", ""H"", ""H"", ""H"", ""H"", ""H"", ""H"", ""H"", ""H"", ""O"", ""C"", ""O"", ""C"", ""C"", ""C"", ""C"", ""C"", ""C"", ""N"", ""C"", ""C"", ""C"", ""C"", ""C"", ""C"", ""C"", ""C"", ""C"", ""C"", ""Cl"", ""C"", ""Cl"", ""C"", ""C"", ""C"", ""H"", ""H"", ""H"", ""H"", ""H"", ""H"", ""H"", ""H"", ""H"", ""H"", ""H"", ""H"", ""H"", ""H"", ""H"", ""H"", ""H"", ""O"", ""C"", ""O"", ""C"", ""C"", ""C"", ""C"", ""C"", ""C"", ""N"", ""C"", ""C"", ""C"", ""C"", ""C"", ""C"", ""C"", ""C"", ""C"", ""C"", ""Cl"", ""C"", ""Cl"", ""C"", ""C"", ""C"", ""H"", ""H"", ""H"", ""H"", ""H"", ""H"", ""H"", ""H"", ""H"", ""H"", ""H"", ""H"", ""H"", ""H"", ""H"", ""H"", ""H""]",C84H68Cl8N4O8,"[true, true, true]","[29.669399854109763, 0.0, 0.0, 9.599847726390019, 19.18581803259697, 0.0, -6.395084534529036, -7.883004226134119, 18.9885685214599]",10808.895267968956,[],"{""cutoff=6.000_skin=0.000"": 4364, ""cutoff=6.000_skin=0.500"": 5084}",0.0,,
OPT-RFT-XAFPAY172-R512-v1,16360d404e1cc8ec5ea026f69f45c1e0d210a4962a9adca338d6dcf7b609da30,OPT-RFT-XAFPAY172-R512-v1:0010,XAFPAY_C1_2_9497_z2_86,bcde201fe439f60d8f8fbfa41b7023c9a98a319cca53b5f75efe00841d6b7e11,10,cross_family_test_set,XAFPAY/structures/XAFPAY_C1_2_9497_z2_86.cif,83251dfac49fb9aa3fea61810622b74731c2274804c3277a4cb4294263fe8aec,bcde201fe439f60d8f8fbfa41b7023c9a98a319cca53b5f75efe00841d6b7e11,0,172,"[""O"", ""C"", ""O"", ""C"", ""C"", ""C"", ""C"", ""C"", ""C"", ""N"", ""C"", ""C"", ""C"", ""C"", ""C"", ""C"", ""C"", ""C"", ""C"", ""C"", ""Cl"", ""C"", ""Cl"", ""C"", ""C"", ""C"", ""H"", ""H"", ""H"", ""H"", ""H"", ""H"", ""H"", ""H"", ""H"", ""H"", ""H"", ""H"", ""H"", ""H"", ""H"", ""H"", ""H"", ""O"", ""C"", ""O"", ""C"", ""C"", ""C"", ""C"", ""C"", ""C"", ""N"", ""C"", ""C"", ""C"", ""C"", ""C"", ""C"", ""C"", ""C"", ""C"", ""C"", ""Cl"", ""C"", ""Cl"", ""C"", ""C"", ""C"", ""H"", ""H"", ""H"", ""H"", ""H"", ""H"", ""H"", ""H"", ""H"", ""H"", ""H"", ""H"", ""H"", ""H"", ""H"", ""H"", ""H"", ""O"", ""C"", ""O"", ""C"", ""C"", ""C"", ""C"", ""C"", ""C"", ""N"", ""C"", ""C"", ""C"", ""C"", ""C"", ""C"", ""C"", ""C"", ""C"", ""C"", ""Cl"", ""C"", ""Cl"", ""C"", ""C"", ""C"", ""H"", ""H"", ""H"", ""H"", ""H"", ""H"", ""H"", ""H"", ""H"", ""H"", ""H"", ""H"", ""H"", ""H"", ""H"", ""H"", ""H"", ""O"", ""C"", ""O"", ""C"", ""C"", ""C"", ""C"", ""C"", ""C"", ""N"", ""C"", ""C"", ""C"", ""C"", ""C"", ""C"", ""C"", ""C"", ""C"", ""C"", ""Cl"", ""C"", ""Cl"", ""C"", ""C"", ""C"", ""H"", ""H"", ""H"", ""H"", ""H"", ""H"", ""H"", ""H"", ""H"", ""H"", ""H"", ""H"", ""H"", ""H"", ""H"", ""H"", ""H""]",C84H68Cl8N4O8,"[true, true, true]","[26.817406029527106, 0.0, 0.0, -7.010221800167903, 32.72165619390557, 0.0, -19.18902008658375, -20.91556743102215, 14.607916626464238]",12818.592044028643,[],"{""cutoff=6.000_skin=0.000"": 4392, ""cutoff=6.000_skin=0.500"": 5112}",0.0,,
OPT-RFT-XAFPAY172-R512-v1,16360d404e1cc8ec5ea026f69f45c1e0d210a4962a9adca338d6dcf7b609da30,OPT-RFT-XAFPAY172-R512-v1:0011,XAFPAY_C1_2_3589_z2_86,84f8bacb2b8976989eb2a249469ca380cb2da2869a9fe55121692fa2d469d1fd,11,cross_family_test_set,XAFPAY/structures/XAFPAY_C1_2_3589_z2_86.cif,958ea6b29b24d85137c1645370f4bd07dfea0940e60633c245bb472bd406b99c,84f8bacb2b8976989eb2a249469ca380cb2da2869a9fe55121692fa2d469d1fd,0,172,"[""O"", ""C"", ""O"", ""C"", ""C"", ""C"", ""C"", ""C"", ""C"", ""N"", ""C"", ""C"", ""C"", ""C"", ""C"", ""C"", ""C"", ""C"", ""C"", ""C"", ""Cl"", ""C"", ""Cl"", ""C"", ""C"", ""C"", ""H"", ""H"", ""H"", ""H"", ""H"", ""H"", ""H"", ""H"", ""H"", ""H"", ""H"", ""H"", ""H"", ""H"", ""H"", ""H"", ""H"", ""O"", ""C"", ""O"", ""C"", ""C"", ""C"", ""C"", ""C"", ""C"", ""N"", ""C"", ""C"", ""C"", ""C"", ""C"", ""C"", ""C"", ""C"", ""C"", ""C"", ""Cl"", ""C"", ""Cl"", ""C"", ""C"", ""C"", ""H"", ""H"", ""H"", ""H"", ""H"", ""H"", ""H"", ""H"", ""H"", ""H"", ""H"", ""H"", ""H"", ""H"", ""H"", ""H"", ""H"", ""O"", ""C"", ""O"", ""C"", ""C"", ""C"", ""C"", ""C"", ""C"", ""N"", ""C"", ""C"", ""C"", ""C"", ""C"", ""C"", ""C"", ""C"", ""C"", ""C"", ""Cl"", ""C"", ""Cl"", ""C"", ""C"", ""C"", ""H"", ""H"", ""H"", ""H"", ""H"", ""H"", ""H"", ""H"", ""H"", ""H"", ""H"", ""H"", ""H"", ""H"", ""H"", ""H"", ""H"", ""O"", ""C"", ""O"", ""C"", ""C"", ""C"", ""C"", ""C"", ""C"", ""N"", ""C"", ""C"", ""C"", ""C"", ""C"", ""C"", ""C"", ""C"", ""C"", ""C"", ""Cl"", ""C"", ""Cl"", ""C"", ""C"", ""C"", ""H"", ""H"", ""H"", ""H"", ""H"", ""H"", ""H"", ""H"", ""H"", ""H"", ""H"", ""H"", ""H"", ""H"", ""H"", ""H"", ""H""]",C84H68Cl8N4O8,"[true, true, true]","[19.95977275887973, 0.0, 0.0, 21.057707685378976, 31.17961617414046, 0.0, 1.3742342876235532, 4.228021630761043, 16.63252675909112]",10351.054328786813,[],"{""cutoff=6.000_skin=0.000"": 4402, ""cutoff=6.000_skin=0.500"": 5040}",0.0,,
OPT-RFT-XAFPAY172-R512-v1,16360d404e1cc8ec5ea026f69f45c1e0d210a4962a9adca338d6dcf7b609da30,OPT-RFT-XAFPAY172-R512-v1:0012,XAFPAY_C3_2_4171_z2_86,a8467e0fed82f424c83bc3d4a8d0d5c6661065c602f635f44ff5353ccca022ea,12,cross_family_test_set,XAFPAY/structures/XAFPAY_C3_2_4171_z2_86.cif,88dce3ad85ee1b67f604a60286ad21f227c3d00c419461a3a2f1b3e6fa4422e5,a8467e0fed82f424c83bc3d4a8d0d5c6661065c602f635f44ff5353ccca022ea,0,172,"[""O"", ""C"", ""O"", ""C"", ""C"", ""C"", ""C"", ""C"", ""C"", ""N"", ""C"", ""C"", ""C"", ""C"", ""C"", ""C"", ""C"", ""C"", ""C"", ""C"", ""Cl"", ""C"", ""Cl"", ""C"", ""C"", ""C"", ""H"", ""H"", ""H"", ""H"", ""H"", ""H"", ""H"", ""H"", ""H"", ""H"", ""H"", ""H"", ""H"", ""H"", ""H"", ""H"", ""H"", ""O"", ""C"", ""O"", ""C"", ""C"", ""C"", ""C"", ""C"", ""C"", ""N"", ""C"", ""C"", ""C"", ""C"", ""C"", ""C"", ""C"", ""C"", ""C"", ""C"", ""Cl"", ""C"", ""Cl"", ""C"", ""C"", ""C"", ""H"", ""H"", ""H"", ""H"", ""H"", ""H"", ""H"", ""H"", ""H"", ""H"", ""H"", ""H"", ""H"", ""H"", ""H"", ""H"", ""H"", ""O"", ""C"", ""O"", ""C"", ""C"", ""C"", ""C"", ""C"", ""C"", ""N"", ""C"", ""C"", ""C"", ""C"", ""C"", ""C"", ""C"", ""C"", ""C"", ""C"", ""Cl"", ""C"", ""Cl"", ""C"", ""C"", ""C"", ""H"", ""H"", ""H"", ""H"", ""H"", ""H"", ""H"", ""H"", ""H"", ""H"", ""H"", ""H"", ""H"", ""H"", ""H"", ""H"", ""H"", ""O"", ""C"", ""O"", ""C"", ""C"", ""C"", ""C"", ""C"", ""C"", ""N"", ""C"", ""C"", ""C"", ""C"", ""C"", ""C"", ""C"", ""C"", ""C"", ""C"", ""Cl"", ""C"", ""Cl"", ""C"", ""C"", ""C"", ""H"", ""H"", ""H"", ""H"", ""H"", ""H"", ""H"", ""H"", ""H"", ""H"", ""H"", ""H"", ""H"", ""H"", ""H"", ""H"", ""H""]",C84H68Cl8N4O8,"[true, true, true]","[20.495187164526385, 0.0, 0.0, 6.010952704758148, 20.373714205638308, 0.0, 8.879645414942992, -9.31972779382469, 25.38175302432316]",10598.483117909009,[],"{""cutoff=6.000_skin=0.000"": 4432, ""cutoff=6.000_skin=0.500"": 5052}",0.0,,
OPT-RFT-XAFPAY172-R512-v1,16360d404e1cc8ec5ea026f69f45c1e0d210a4962a9adca338d6dcf7b609da30,OPT-RFT-XAFPAY172-R512-v1:0013,XAFPAY_C4_2_16545_z2_86,301c678c4cca6495c4404b5f098e16ecd0ce313782d4a8da0f251fb5b5dcf1f7,13,cross_family_test_set,XAFPAY/structures/XAFPAY_C4_2_16545_z2_86.cif,c45a18fd3adbcb5fb4ce59bf0a180a584841d620ded73b1271ed53c04f810959,301c678c4cca6495c4404b5f098e16ecd0ce313782d4a8da0f251fb5b5dcf1f7,0,172,"[""O"", ""C"", ""O"", ""C"", ""C"", ""C"", ""C"", ""C"", ""C"", ""N"", ""C"", ""C"", ""C"", ""C"", ""C"", ""C"", ""C"", ""C"", ""C"", ""C"", ""Cl"", ""C"", ""Cl"", ""C"", ""C"", ""C"", ""H"", ""H"", ""H"", ""H"", ""H"", ""H"", ""H"", ""H"", ""H"", ""H"", ""H"", ""H"", ""H"", ""H"", ""H"", ""H"", ""H"", ""O"", ""C"", ""O"", ""C"", ""C"", ""C"", ""C"", ""C"", ""C"", ""N"", ""C"", ""C"", ""C"", ""C"", ""C"", ""C"", ""C"", ""C"", ""C"", ""C"", ""Cl"", ""C"", ""Cl"", ""C"", ""C"", ""C"", ""H"", ""H"", ""H"", ""H"", ""H"", ""H"", ""H"", ""H"", ""H"", ""H"", ""H"", ""H"", ""H"", ""H"", ""H"", ""H"", ""H"", ""O"", ""C"", ""O"", ""C"", ""C"", ""C"", ""C"", ""C"", ""C"", ""N"", ""C"", ""C"", ""C"", ""C"", ""C"", ""C"", ""C"", ""C"", ""C"", ""C"", ""Cl"", ""C"", ""Cl"", ""C"", ""C"", ""C"", ""H"", ""H"", ""H"", ""H"", ""H"", ""H"", ""H"", ""H"", ""H"", ""H"", ""H"", ""H"", ""H"", ""H"", ""H"", ""H"", ""H"", ""O"", ""C"", ""O"", ""C"", ""C"", ""C"", ""C"", ""C"", ""C"", ""N"", ""C"", ""C"", ""C"", ""C"", ""C"", ""C"", ""C"", ""C"", ""C"", ""C"", ""Cl"", ""C"", ""Cl"", ""C"", ""C"", ""C"", ""H"", ""H"", ""H"", ""H"", ""H"", ""H"", ""H"", ""H"", ""H"", ""H"", ""H"", ""H"", ""H"", ""H"", ""H"", ""H"", ""H""]",C84H68Cl8N4O8,"[true, true, true]","[23.45522101008668, 0.0, 0.0, 3.8605940871281232, 17.573915507032797, 0.0, -4.046954581634969, 16.166231065897357, 20.072966806421086]",8274.078367478036,[],"{""cutoff=6.000_skin=0.000"": 4442, ""cutoff=6.000_skin=0.500"": 5128}",0.0,,
OPT-RFT-XAFPAY172-R512-v1,16360d404e1cc8ec5ea026f69f45c1e0d210a4962a9adca338d6dcf7b609da30,OPT-RFT-XAFPAY172-R512-v1:0014,XAFPAY_C4_2_14730_z2_86,7d3eb0ad1bbb689bca90079d804af517a59385875a71d0725bb3e0e9afac9632,14,cross_family_test_set,XAFPAY/structures/XAFPAY_C4_2_14730_z2_86.cif,c51d784e25aea7e10eb65b96a7e67831103af529da24477f9824c096c4e4f16f,7d3eb0ad1bbb689bca90079d804af517a59385875a71d0725bb3e0e9afac9632,0,172,"[""O"", ""C"", ""O"", ""C"", ""C"", ""C"", ""C"", ""C"", ""C"", ""N"", ""C"", ""C"", ""C"", ""C"", ""C"", ""C"", ""C"", ""C"", ""C"", ""C"", ""Cl"", ""C"", ""Cl"", ""C"", ""C"", ""C"", ""H"", ""H"", ""H"", ""H"", ""H"", ""H"", ""H"", ""H"", ""H"", ""H"", ""H"", ""H"", ""H"", ""H"", ""H"", ""H"", ""H"", ""O"", ""C"", ""O"", ""C"", ""C"", ""C"", ""C"", ""C"", ""C"", ""N"", ""C"", ""C"", ""C"", ""C"", ""C"", ""C"", ""C"", ""C"", ""C"", ""C"", ""Cl"", ""C"", ""Cl"", ""C"", ""C"", ""C"", ""H"", ""H"", ""H"", ""H"", ""H"", ""H"", ""H"", ""H"", ""H"", ""H"", ""H"", ""H"", ""H"", ""H"", ""H"", ""H"", ""H"", ""O"", ""C"", ""O"", ""C"", ""C"", ""C"", ""C"", ""C"", ""C"", ""N"", ""C"", ""C"", ""C"", ""C"", ""C"", ""C"", ""C"", ""C"", ""C"", ""C"", ""Cl"", ""C"", ""Cl"", ""C"", ""C"", ""C"", ""H"", ""H"", ""H"", ""H"", ""H"", ""H"", ""H"", ""H"", ""H"", ""H"", ""H"", ""H"", ""H"", ""H"", ""H"", ""H"", ""H"", ""O"", ""C"", ""O"", ""C"", ""C"", ""C"", ""C"", ""C"", ""C"", ""N"", ""C"", ""C"", ""C"", ""C"", ""C"", ""C"", ""C"", ""C"", ""C"", ""C"", ""Cl"", ""C"", ""Cl"", ""C"", ""C"", ""C"", ""H"", ""H"", ""H"", ""H"", ""H"", ""H"", ""H"", ""H"", ""H"", ""H"", ""H"", ""H"", ""H"", ""H"", ""H"", ""H"", ""H""]",C84H68Cl8N4O8,"[true, true, true]","[18.4885568722313, 0.0, 0.0, 0.3980679759972223, 20.624114921376453, 0.0, 17.228935057102113, -3.012503212611528, 24.917191089083495]",9501.177165686193,[],"{""cutoff=6.000_skin=0.000"": 4452, ""cutoff=6.000_skin=0.500"": 5150}",0.0,,
OPT-RFT-XAFPAY172-R512-v1,16360d404e1cc8ec5ea026f69f45c1e0d210a4962a9adca338d6dcf7b609da30,OPT-RFT-XAFPAY172-R512-v1:0015,XAFPAY_C3_2_2666_z2_86,6a089ca09f172a7eaa5480c199d8aa164afcf0328ed2402587396071bb9adce3,15,cross_family_test_set,XAFPAY/structures/XAFPAY_C3_2_2666_z2_86.cif,f82381f8e41ec9800573d6c6891d9458a2e10322a5d42928c1fe0d73ab5af30c,6a089ca09f172a7eaa5480c199d8aa164afcf0328ed2402587396071bb9adce3,0,172,"[""O"", ""C"", ""O"", ""C"", ""C"", ""C"", ""C"", ""C"", ""C"", ""N"", ""C"", ""C"", ""C"", ""C"", ""C"", ""C"", ""C"", ""C"", ""C"", ""C"", ""Cl"", ""C"", ""Cl"", ""C"", ""C"", ""C"", ""H"", ""H"", ""H"", ""H"", ""H"", ""H"", ""H"", ""H"", ""H"", ""H"", ""H"", ""H"", ""H"", ""H"", ""H"", ""H"", ""H"", ""O"", ""C"", ""O"", ""C"", ""C"", ""C"", ""C"", ""C"", ""C"", ""N"", ""C"", ""C"", ""C"", ""C"", ""C"", ""C"", ""C"", ""C"", ""C"", ""C"", ""Cl"", ""C"", ""Cl"", ""C"", ""C"", ""C"", ""H"", ""H"", ""H"", ""H"", ""H"", ""H"", ""H"", ""H"", ""H"", ""H"", ""H"", ""H"", ""H"", ""H"", ""H"", ""H"", ""H"", ""O"", ""C"", ""O"", ""C"", ""C"", ""C"", ""C"", ""C"", ""C"", ""N"", ""C"", ""C"", ""C"", ""C"", ""C"", ""C"", ""C"", ""C"", ""C"", ""C"", ""Cl"", ""C"", ""Cl"", ""C"", ""C"", ""C"", ""H"", ""H"", ""H"", ""H"", ""H"", ""H"", ""H"", ""H"", ""H"", ""H"", ""H"", ""H"", ""H"", ""H"", ""H"", ""H"", ""H"", ""O"", ""C"", ""O"", ""C"", ""C"", ""C"", ""C"", ""C"", ""C"", ""N"", ""C"", ""C"", ""C"", ""C"", ""C"", ""C"", ""C"", ""C"", ""C"", ""C"", ""Cl"", ""C"", ""Cl"", ""C"", ""C"", ""C"", ""H"", ""H"", ""H"", ""H"", ""H"", ""H"", ""H"", ""H"", ""H"", ""H"", ""H"", ""H"", ""H"", ""H"", ""H"", ""H"", ""H""]",C84H68Cl8N4O8,"[true, true, true]","[19.318712119762004, 0.0, 0.0, -3.3722059914963505, 20.42862225051981, 0.0, 2.508242432939581, -15.854434065021094, 22.227892053630637]",8772.341453481975,[],"{""cutoff=6.000_skin=0.000"": 4470, ""cutoff=6.000_skin=0.500"": 5114}",0.0,,
OPT-RFT-XAFPAY172-R512-v1,16360d404e1cc8ec5ea026f69f45c1e0d210a4962a9adca338d6dcf7b609da30,OPT-RFT-XAFPAY172-R512-v1:0016,XAFPAY_C3_2_10401_z2_86,743c9994c9e10a528e9706454fe7e322450e743b16d9098853a4b43423d65135,16,cross_family_test_set,XAFPAY/structures/XAFPAY_C3_2_10401_z2_86.cif,0c91abf07e7ed0ebce5121d3bec1eaf83b89a7b484cf170359ed84db1ccf5027,743c9994c9e10a528e9706454fe7e322450e743b16d9098853a4b43423d65135,0,172,"[""O"", ""C"", ""O"", ""C"", ""C"", ""C"", ""C"", ""C"", ""C"", ""N"", ""C"", ""C"", ""C"", ""C"", ""C"", ""C"", ""C"", ""C"", ""C"", ""C"", ""Cl"", ""C"", ""Cl"", ""C"", ""C"", ""C"", ""H"", ""H"", ""H"", ""H"", ""H"", ""H"", ""H"", ""H"", ""H"", ""H"", ""H"", ""H"", ""H"", ""H"", ""H"", ""H"", ""H"", ""O"", ""C"", ""O"", ""C"", ""C"", ""C"", ""C"", ""C"", ""C"", ""N"", ""C"", ""C"", ""C"", ""C"", ""C"", ""C"", ""C"", ""C"", ""C"", ""C"", ""Cl"", ""C"", ""Cl"", ""C"", ""C"", ""C"", ""H"", ""H"", ""H"", ""H"", ""H"", ""H"", ""H"", ""H"", ""H"", ""H"", ""H"", ""H"", ""H"", ""H"", ""H"", ""H"", ""H"", ""O"", ""C"", ""O"", ""C"", ""C"", ""C"", ""C"", ""C"", ""C"", ""N"", ""C"", ""C"", ""C"", ""C"", ""C"", ""C"", ""C"", ""C"", ""C"", ""C"", ""Cl"", ""C"", ""Cl"", ""C"", ""C"", ""C"", ""H"", ""H"", ""H"", ""H"", ""H"", ""H"", ""H"", ""H"", ""H"", ""H"", ""H"", ""H"", ""H"", ""H"", ""H"", ""H"", ""H"", ""O"", ""C"", ""O"", ""C"", ""C"", ""C"", ""C"", ""C"", ""C"", ""N"", ""C"", ""C"", ""C"", ""C"", ""C"", ""C"", ""C"", ""C"", ""C"", ""C"", ""Cl"", ""C"", ""Cl"", ""C"", ""C"", ""C"", ""H"", ""H"", ""H"", ""H"", ""H"", ""H"", ""H"", ""H"", ""H"", ""H"", ""H"", ""H"", ""H"", ""H"", ""H"", ""H"", ""H""]",C84H68Cl8N4O8,"[true, true, true]","[23.662102903045167, 0.0, 0.0, 9.619131897196649, 17.291085701464933, 0.0, 1.1335838523692718, -12.347369109448561, 20.549668977748144]",8407.76244492824,[],"{""cutoff=6.000_skin=0.000"": 4486, ""cutoff=6.000_skin=0.500"": 5296}",0.0,,
OPT-RFT-XAFPAY172-R512-v1,16360d404e1cc8ec5ea026f69f45c1e0d210a4962a9adca338d6dcf7b609da30,OPT-RFT-XAFPAY172-R512-v1:0017,XAFPAY_C3_14_1980_z1_43,714a0ad6e4b580acc5edaf5e812680fc95a86988bd0931c07b9f07885fd7d2a5,17,cross_family_test_set,XAFPAY/structures/XAFPAY_C3_14_1980_z1_43.cif,0825f78791d5761da4880f2aa12ba0afbb53b9ecf91a5ddc7262241a4fa2361b,714a0ad6e4b580acc5edaf5e812680fc95a86988bd0931c07b9f07885fd7d2a5,0,172,"[""O"", ""C"", ""O"", ""C"", ""C"", ""C"", ""C"", ""C"", ""C"", ""N"", ""C"", ""C"", ""C"", ""C"", ""C"", ""C"", ""C"", ""C"", ""C"", ""C"", ""Cl"", ""C"", ""Cl"", ""C"", ""C"", ""C"", ""H"", ""H"", ""H"", ""H"", ""H"", ""H"", ""H"", ""H"", ""H"", ""H"", ""H"", ""H"", ""H"", ""H"", ""H"", ""H"", ""H"", ""O"", ""C"", ""O"", ""C"", ""C"", ""C"", ""C"", ""C"", ""C"", ""N"", ""C"", ""C"", ""C"", ""C"", ""C"", ""C"", ""C"", ""C"", ""C"", ""C"", ""Cl"", ""C"", ""Cl"", ""C"", ""C"", ""C"", ""H"", ""H"", ""H"", ""H"", ""H"", ""H"", ""H"", ""H"", ""H"", ""H"", ""H"", ""H"", ""H"", ""H"", ""H"", ""H"", ""H"", ""O"", ""C"", ""O"", ""C"", ""C"", ""C"", ""C"", ""C"", ""C"", ""N"", ""C"", ""C"", ""C"", ""C"", ""C"", ""C"", ""C"", ""C"", ""C"", ""C"", ""Cl"", ""C"", ""Cl"", ""C"", ""C"", ""C"", ""H"", ""H"", ""H"", ""H"", ""H"", ""H"", ""H"", ""H"", ""H"", ""H"", ""H"", ""H"", ""H"", ""H"", ""H"", ""H"", ""H"", ""O"", ""C"", ""O"", ""C"", ""C"", ""C"", ""C"", ""C"", ""C"", ""N"", ""C"", ""C"", ""C"", ""C"", ""C"", ""C"", ""C"", ""C"", ""C"", ""C"", ""Cl"", ""C"", ""Cl"", ""C"", ""C"", ""C"", ""H"", ""H"", ""H"", ""H"", ""H"", ""H"", ""H"", ""H"", ""H"", ""H"", ""H"", ""H"", ""H"", ""H"", ""H"", ""H"", ""H""]",C84H68Cl8N4O8,"[true, true, true]","[17.8922658691924, 0.0, 0.0, 0.0, 17.003649462368593, 0.0, 4.824905668815396, 0.0, 17.245989461985083]",5246.813200706847,[],"{""cutoff=6.000_skin=0.000"": 4492, ""cutoff=6.000_skin=0.500"": 5392}",0.0,,
OPT-RFT-XAFPAY172-R512-v1,16360d404e1cc8ec5ea026f69f45c1e0d210a4962a9adca338d6dcf7b609da30,OPT-RFT-XAFPAY172-R512-v1:0018,XAFPAY_C3_2_17943_z2_86,6b4ad38645dacc39c280f3ab671d149ba95f6fe53ebfe57d064c9068aabe5f23,18,cross_family_test_set,XAFPAY/structures/XAFPAY_C3_2_17943_z2_86.cif,2f78fb697dbd22ac3e45ea4c04f0465a1ad9da2b18a782978138a435a9a37729,6b4ad38645dacc39c280f3ab671d149ba95f6fe53ebfe57d064c9068aabe5f23,0,172,"[""O"", ""C"", ""O"", ""C"", ""C"", ""C"", ""C"", ""C"", ""C"", ""N"", ""C"", ""C"", ""C"", ""C"", ""C"", ""C"", ""C"", ""C"", ""C"", ""C"", ""Cl"", ""C"", ""Cl"", ""C"", ""C"", ""C"", ""H"", ""H"", ""H"", ""H"", ""H"", ""H"", ""H"", ""H"", ""H"", ""H"", ""H"", ""H"", ""H"", ""H"", ""H"", ""H"", ""H"", ""O"", ""C"", ""O"", ""C"", ""C"", ""C"", ""C"", ""C"", ""C"", ""N"", ""C"", ""C"", ""C"", ""C"", ""C"", ""C"", ""C"", ""C"", ""C"", ""C"", ""Cl"", ""C"", ""Cl"", ""C"", ""C"", ""C"", ""H"", ""H"", ""H"", ""H"", ""H"", ""H"", ""H"", ""H"", ""H"", ""H"", ""H"", ""H"", ""H"", ""H"", ""H"", ""H"", ""H"", ""O"", ""C"", ""O"", ""C"", ""C"", ""C"", ""C"", ""C"", ""C"", ""N"", ""C"", ""C"", ""C"", ""C"", ""C"", ""C"", ""C"", ""C"", ""C"", ""C"", ""Cl"", ""C"", ""Cl"", ""C"", ""C"", ""C"", ""H"", ""H"", ""H"", ""H"", ""H"", ""H"", ""H"", ""H"", ""H"", ""H"", ""H"", ""H"", ""H"", ""H"", ""H"", ""H"", ""H"", ""O"", ""C"", ""O"", ""C"", ""C"", ""C"", ""C"", ""C"", ""C"", ""N"", ""C"", ""C"", ""C"", ""C"", ""C"", ""C"", ""C"", ""C"", ""C"", ""C"", ""Cl"", ""C"", ""Cl"", ""C"", ""C"", ""C"", ""H"", ""H"", ""H"", ""H"", ""H"", ""H"", ""H"", ""H"", ""H"", ""H"", ""H"", ""H"", ""H"", ""H"", ""H"", ""H"", ""H""]",C84H68Cl8N4O8,"[true, true, true]","[13.734823445054346, 0.0, 0.0, 3.250235403611947, 21.47578667672526, 0.0, 26.733002092844316, 32.02233465949086, 37.736072905231026]",11130.863701292388,[],"{""cutoff=6.000_skin=0.000"": 4498, ""cutoff=6.000_skin=0.500"": 5208}",0.0,,
OPT-RFT-XAFPAY172-R512-v1,16360d404e1cc8ec5ea026f69f45c1e0d210a4962a9adca338d6dcf7b609da30,OPT-RFT-XAFPAY172-R512-v1:0019,XAFPAY_C4_2_18645_z2_86,867fab4177e1d303b7726064bac62bca538b6bd11f7fa92dad8317ec8d0f5d0d,19,cross_family_test_set,XAFPAY/structures/XAFPAY_C4_2_18645_z2_86.cif,271d9ffb5aa35a5d14748425b7d336821cf987dfd7420931b9c3031582d52cc4,867fab4177e1d303b7726064bac62bca538b6bd11f7fa92dad8317ec8d0f5d0d,0,172,"[""O"", ""C"", ""O"", ""C"", ""C"", ""C"", ""C"", ""C"", ""C"", ""N"", ""C"", ""C"", ""C"", ""C"", ""C"", ""C"", ""C"", ""C"", ""C"", ""C"", ""Cl"", ""C"", ""Cl"", ""C"", ""C"", ""C"", ""H"", ""H"", ""H"", ""H"", ""H"", ""H"", ""H"", ""H"", ""H"", ""H"", ""H"", ""H"", ""H"", ""H"", ""H"", ""H"", ""H"", ""O"", ""C"", ""O"", ""C"", ""C"", ""C"", ""C"", ""C"", ""C"", ""N"", ""C"", ""C"", ""C"", ""C"", ""C"", ""C"", ""C"", ""C"", ""C"", ""C"", ""Cl"", ""C"", ""Cl"", ""C"", ""C"", ""C"", ""H"", ""H"", ""H"", ""H"", ""H"", ""H"", ""H"", ""H"", ""H"", ""H"", ""H"", ""H"", ""H"", ""H"", ""H"", ""H"", ""H"", ""O"", ""C"", ""O"", ""C"", ""C"", ""C"", ""C"", ""C"", ""C"", ""N"", ""C"", ""C"", ""C"", ""C"", ""C"", ""C"", ""C"", ""C"", ""C"", ""C"", ""Cl"", ""C"", ""Cl"", ""C"", ""C"", ""C"", ""H"", ""H"", ""H"", ""H"", ""H"", ""H"", ""H"", ""H"", ""H"", ""H"", ""H"", ""H"", ""H"", ""H"", ""H"", ""H"", ""H"", ""O"", ""C"", ""O"", ""C"", ""C"", ""C"", ""C"", ""C"", ""C"", ""N"", ""C"", ""C"", ""C"", ""C"", ""C"", ""C"", ""C"", ""C"", ""C"", ""C"", ""Cl"", ""C"", ""Cl"", ""C"", ""C"", ""C"", ""H"", ""H"", ""H"", ""H"", ""H"", ""H"", ""H"", ""H"", ""H"", ""H"", ""H"", ""H"", ""H"", ""H"", ""H"", ""H"", ""H""]",C84H68Cl8N4O8,"[true, true, true]","[16.973102771838313, 0.0, 0.0, -2.935424712815969, 27.891182064721306, 0.0, 2.386099883248576, -4.148376422455139, 15.619859258491502]",7394.4398049323145,[],"{""cutoff=6.000_skin=0.000"": 4502, ""cutoff=6.000_skin=0.500"": 5350}",0.0,,
OPT-RFT-XAFPAY172-R512-v1,16360d404e1cc8ec5ea026f69f45c1e0d210a4962a9adca338d6dcf7b609da30,OPT-RFT-XAFPAY172-R512-v1:0020,XAFPAY_C4_2_13671_z2_86,87533dad8384d90f7749e0c5205123b869db72484be926927778dae3d1857cb7,20,cross_family_test_set,XAFPAY/structures/XAFPAY_C4_2_13671_z2_86.cif,849145229a7ecd2a76a269efbf1ac6e17f6c95b5db5dd8507e8a97f21b8ea341,87533dad8384d90f7749e0c5205123b869db72484be926927778dae3d1857cb7,0,172,"[""O"", ""C"", ""O"", ""C"", ""C"", ""C"", ""C"", ""C"", ""C"", ""N"", ""C"", ""C"", ""C"", ""C"", ""C"", ""C"", ""C"", ""C"", ""C"", ""C"", ""Cl"", ""C"", ""Cl"", ""C"", ""C"", ""C"", ""H"", ""H"", ""H"", ""H"", ""H"", ""H"", ""H"", ""H"", ""H"", ""H"", ""H"", ""H"", ""H"", ""H"", ""H"", ""H"", ""H"", ""O"", ""C"", ""O"", ""C"", ""C"", ""C"", ""C"", ""C"", ""C"", ""N"", ""C"", ""C"", ""C"", ""C"", ""C"", ""C"", ""C"", ""C"", ""C"", ""C"", ""Cl"", ""C"", ""Cl"", ""C"", ""C"", ""C"", ""H"", ""H"", ""H"", ""H"", ""H"", ""H"", ""H"", ""H"", ""H"", ""H"", ""H"", ""H"", ""H"", ""H"", ""H"", ""H"", ""H"", ""O"", ""C"", ""O"", ""C"", ""C"", ""C"", ""C"", ""C"", ""C"", ""N"", ""C"", ""C"", ""C"", ""C"", ""C"", ""C"", ""C"", ""C"", ""C"", ""C"", ""Cl"", ""C"", ""Cl"", ""C"", ""C"", ""C"", ""H"", ""H"", ""H"", ""H"", ""H"", ""H"", ""H"", ""H"", ""H"", ""H"", ""H"", ""H"", ""H"", ""H"", ""H"", ""H"", ""H"", ""O"", ""C"", ""O"", ""C"", ""C"", ""C"", ""C"", ""C"", ""C"", ""N"", ""C"", ""C"", ""C"", ""C"", ""C"", ""C"", ""C"", ""C"", ""C"", ""C"", ""Cl"", ""C"", ""Cl"", ""C"", ""C"", ""C"", ""H"", ""H"", ""H"", ""H"", ""H"", ""H"", ""H"", ""H"", ""H"", ""H"", ""H"", ""H"", ""H"", ""H"", ""H"", ""H"", ""H""]",C84H68Cl8N4O8,"[true, true, true]","[17.230611911050772, 0.0, 0.0, -1.2406340771909665, 25.101078456324068, 0.0, 5.1006848991615445, 13.4862742523495, 21.7789078770475]",9419.52883358227,[],"{""cutoff=6.000_skin=0.000"": 4512, ""cutoff=6.000_skin=0.500"": 5242}",0.0,,
OPT-RFT-XAFPAY172-R512-v1,16360d404e1cc8ec5ea026f69f45c1e0d210a4962a9adca338d6dcf7b609da30,OPT-RFT-XAFPAY172-R512-v1:0021,XAFPAY_C4_14_4698_z1_43,0d4c8d54e80dcef14021fb147d9c809ddd0f25ac3f5644c80c478f5b7162cd85,21,cross_family_test_set,XAFPAY/structures/XAFPAY_C4_14_4698_z1_43.cif,597e023eabfa87b5631304105cf9b40618b5d21f3f6e0d38b17d8b94c77519d7,0d4c8d54e80dcef14021fb147d9c809ddd0f25ac3f5644c80c478f5b7162cd85,0,172,"[""O"", ""C"", ""O"", ""C"", ""C"", ""C"", ""C"", ""C"", ""C"", ""N"", ""C"", ""C"", ""C"", ""C"", ""C"", ""C"", ""C"", ""C"", ""C"", ""C"", ""Cl"", ""C"", ""Cl"", ""C"", ""C"", ""C"", ""H"", ""H"", ""H"", ""H"", ""H"", ""H"", ""H"", ""H"", ""H"", ""H"", ""H"", ""H"", ""H"", ""H"", ""H"", ""H"", ""H"", ""O"", ""C"", ""O"", ""C"", ""C"", ""C"", ""C"", ""C"", ""C"", ""N"", ""C"", ""C"", ""C"", ""C"", ""C"", ""C"", ""C"", ""C"", ""C"", ""C"", ""Cl"", ""C"", ""Cl"", ""C"", ""C"", ""C"", ""H"", ""H"", ""H"", ""H"", ""H"", ""H"", ""H"", ""H"", ""H"", ""H"", ""H"", ""H"", ""H"", ""H"", ""H"", ""H"", ""H"", ""O"", ""C"", ""O"", ""C"", ""C"", ""C"", ""C"", ""C"", ""C"", ""N"", ""C"", ""C"", ""C"", ""C"", ""C"", ""C"", ""C"", ""C"", ""C"", ""C"", ""Cl"", ""C"", ""Cl"", ""C"", ""C"", ""C"", ""H"", ""H"", ""H"", ""H"", ""H"", ""H"", ""H"", ""H"", ""H"", ""H"", ""H"", ""H"", ""H"", ""H"", ""H"", ""H"", ""H"", ""O"", ""C"", ""O"", ""C"", ""C"", ""C"", ""C"", ""C"", ""C"", ""N"", ""C"", ""C"", ""C"", ""C"", ""C"", ""C"", ""C"", ""C"", ""C"", ""C"", ""Cl"", ""C"", ""Cl"", ""C"", ""C"", ""C"", ""H"", ""H"", ""H"", ""H"", ""H"", ""H"", ""H"", ""H"", ""H"", ""H"", ""H"", ""H"", ""H"", ""H"", ""H"", ""H"", ""H""]",C84H68Cl8N4O8,"[true, true, true]","[16.784871098303096, 0.0, 0.0, 0.0, 24.417690932753615, 0.0, -9.04385997511733, 0.0, 14.034350559428443]",5751.947628575361,[],"{""cutoff=6.000_skin=0.000"": 4524, ""cutoff=6.000_skin=0.500"": 5428}",0.0,,
OPT-RFT-XAFPAY172-R512-v1,16360d404e1cc8ec5ea026f69f45c1e0d210a4962a9adca338d6dcf7b609da30,OPT-RFT-XAFPAY172-R512-v1:0022,XAFPAY_C4_2_15439_z2_86,e06c6d61f49e3e4840a7be14eadf30aa9eae9069c24b212f275c0f4e656950d9,22,cross_family_test_set,XAFPAY/structures/XAFPAY_C4_2_15439_z2_86.cif,cb89731f73d60505c43d48b276deb1159423c5c2c39a31b7d8931d8189719ba3,e06c6d61f49e3e4840a7be14eadf30aa9eae9069c24b212f275c0f4e656950d9,0,172,"[""O"", ""C"", ""O"", ""C"", ""C"", ""C"", ""C"", ""C"", ""C"", ""N"", ""C"", ""C"", ""C"", ""C"", ""C"", ""C"", ""C"", ""C"", ""C"", ""C"", ""Cl"", ""C"", ""Cl"", ""C"", ""C"", ""C"", ""H"", ""H"", ""H"", ""H"", ""H"", ""H"", ""H"", ""H"", ""H"", ""H"", ""H"", ""H"", ""H"", ""H"", ""H"", ""H"", ""H"", ""O"", ""C"", ""O"", ""C"", ""C"", ""C"", ""C"", ""C"", ""C"", ""N"", ""C"", ""C"", ""C"", ""C"", ""C"", ""C"", ""C"", ""C"", ""C"", ""C"", ""Cl"", ""C"", ""Cl"", ""C"", ""C"", ""C"", ""H"", ""H"", ""H"", ""H"", ""H"", ""H"", ""H"", ""H"", ""H"", ""H"", ""H"", ""H"", ""H"", ""H"", ""H"", ""H"", ""H"", ""O"", ""C"", ""O"", ""C"", ""C"", ""C"", ""C"", ""C"", ""C"", ""N"", ""C"", ""C"", ""C"", ""C"", ""C"", ""C"", ""C"", ""C"", ""C"", ""C"", ""Cl"", ""C"", ""Cl"", ""C"", ""C"", ""C"", ""H"", ""H"", ""H"", ""H"", ""H"", ""H"", ""H"", ""H"", ""H"", ""H"", ""H"", ""H"", ""H"", ""H"", ""H"", ""H"", ""H"", ""O"", ""C"", ""O"", ""C"", ""C"", ""C"", ""C"", ""C"", ""C"", ""N"", ""C"", ""C"", ""C"", ""C"", ""C"", ""C"", ""C"", ""C"", ""C"", ""C"", ""Cl"", ""C"", ""Cl"", ""C"", ""C"", ""C"", ""H"", ""H"", ""H"", ""H"", ""H"", ""H"", ""H"", ""H"", ""H"", ""H"", ""H"", ""H"", ""H"", ""H"", ""H"", ""H"", ""H""]",C84H68Cl8N4O8,"[true, true, true]","[23.142875610293828, 0.0, 0.0, 3.0882968433700557, 29.85895501957472, 0.0, -13.872603206194043, -14.687877783589688, 15.291407139893728]",10566.69999655218,[],"{""cutoff=6.000_skin=0.000"": 4536, ""cutoff=6.000_skin=0.500"": 5326}",0.0,,
OPT-RFT-XAFPAY172-R512-v1,16360d404e1cc8ec5ea026f69f45c1e0d210a4962a9adca338d6dcf7b609da30,OPT-RFT-XAFPAY172-R512-v1:0023,XAFPAY_C1_2_4273_z2_86,d9188a05f0358491b03a42132113333a4a51669f0ddffa701e8d3d6c76c14d7d,23,cross_family_test_set,XAFPAY/structures/XAFPAY_C1_2_4273_z2_86.cif,4c442bd1a09fc39fdb68adb76906e80efdb89520d028da1ae13654c8dc95ab0b,d9188a05f0358491b03a42132113333a4a51669f0ddffa701e8d3d6c76c14d7d,0,172,"[""O"", ""C"", ""O"", ""C"", ""C"", ""C"", ""C"", ""C"", ""C"", ""N"", ""C"", ""C"", ""C"", ""C"", ""C"", ""C"", ""C"", ""C"", ""C"", ""C"", ""Cl"", ""C"", ""Cl"", ""C"", ""C"", ""C"", ""H"", ""H"", ""H"", ""H"", ""H"", ""H"", ""H"", ""H"", ""H"", ""H"", ""H"", ""H"", ""H"", ""H"", ""H"", ""H"", ""H"", ""O"", ""C"", ""O"", ""C"", ""C"", ""C"", ""C"", ""C"", ""C"", ""N"", ""C"", ""C"", ""C"", ""C"", ""C"", ""C"", ""C"", ""C"", ""C"", ""C"", ""Cl"", ""C"", ""Cl"", ""C"", ""C"", ""C"", ""H"", ""H"", ""H"", ""H"", ""H"", ""H"", ""H"", ""H"", ""H"", ""H"", ""H"", ""H"", ""H"", ""H"", ""H"", ""H"", ""H"", ""O"", ""C"", ""O"", ""C"", ""C"", ""C"", ""C"", ""C"", ""C"", ""N"", ""C"", ""C"", ""C"", ""C"", ""C"", ""C"", ""C"", ""C"", ""C"", ""C"", ""Cl"", ""C"", ""Cl"", ""C"", ""C"", ""C"", ""H"", ""H"", ""H"", ""H"", ""H"", ""H"", ""H"", ""H"", ""H"", ""H"", ""H"", ""H"", ""H"", ""H"", ""H"", ""H"", ""H"", ""O"", ""C"", ""O"", ""C"", ""C"", ""C"", ""C"", ""C"", ""C"", ""N"", ""C"", ""C"", ""C"", ""C"", ""C"", ""C"", ""C"", ""C"", ""C"", ""C"", ""Cl"", ""C"", ""Cl"", ""C"", ""C"", ""C"", ""H"", ""H"", ""H"", ""H"", ""H"", ""H"", ""H"", ""H"", ""H"", ""H"", ""H"", ""H"", ""H"", ""H"", ""H"", ""H"", ""H""]",C84H68Cl8N4O8,"[true, true, true]","[19.382792806004844, 0.0, 0.0, 3.790137552215081, 25.90989262258948, 0.0, 1.5839301250460456, -8.171059159723884, 15.591363285940576]",7830.077442825262,[],"{""cutoff=6.000_skin=0.000"": 4546, ""cutoff=6.000_skin=0.500"": 5336}",0.0,,
OPT-RFT-XAFPAY172-R512-v1,16360d404e1cc8ec5ea026f69f45c1e0d210a4962a9adca338d6dcf7b609da30,OPT-RFT-XAFPAY172-R512-v1:0024,XAFPAY_C4_2_5153_z2_86,046424fc41abafed80eb5863360847ff1c2d1d299ee095d1315499be56527989,24,cross_family_test_set,XAFPAY/structures/XAFPAY_C4_2_5153_z2_86.cif,fe768752b94059544f3521a53f43d9cb1ea94df79b73d0a1511836fa7e00f865,046424fc41abafed80eb5863360847ff1c2d1d299ee095d1315499be56527989,0,172,"[""O"", ""C"", ""O"", ""C"", ""C"", ""C"", ""C"", ""C"", ""C"", ""N"", ""C"", ""C"", ""C"", ""C"", ""C"", ""C"", ""C"", ""C"", ""C"", ""C"", ""Cl"", ""C"", ""Cl"", ""C"", ""C"", ""C"", ""H"", ""H"", ""H"", ""H"", ""H"", ""H"", ""H"", ""H"", ""H"", ""H"", ""H"", ""H"", ""H"", ""H"", ""H"", ""H"", ""H"", ""O"", ""C"", ""O"", ""C"", ""C"", ""C"", ""C"", ""C"", ""C"", ""N"", ""C"", ""C"", ""C"", ""C"", ""C"", ""C"", ""C"", ""C"", ""C"", ""C"", ""Cl"", ""C"", ""Cl"", ""C"", ""C"", ""C"", ""H"", ""H"", ""H"", ""H"", ""H"", ""H"", ""H"", ""H"", ""H"", ""H"", ""H"", ""H"", ""H"", ""H"", ""H"", ""H"", ""H"", ""O"", ""C"", ""O"", ""C"", ""C"", ""C"", ""C"", ""C"", ""C"", ""N"", ""C"", ""C"", ""C"", ""C"", ""C"", ""C"", ""C"", ""C"", ""C"", ""C"", ""Cl"", ""C"", ""Cl"", ""C"", ""C"", ""C"", ""H"", ""H"", ""H"", ""H"", ""H"", ""H"", ""H"", ""H"", ""H"", ""H"", ""H"", ""H"", ""H"", ""H"", ""H"", ""H"", ""H"", ""O"", ""C"", ""O"", ""C"", ""C"", ""C"", ""C"", ""C"", ""C"", ""N"", ""C"", ""C"", ""C"", ""C"", ""C"", ""C"", ""C"", ""C"", ""C"", ""C"", ""Cl"", ""C"", ""Cl"", ""C"", ""C"", ""C"", ""H"", ""H"", ""H"", ""H"", ""H"", ""H"", ""H"", ""H"", ""H"", ""H"", ""H"", ""H"", ""H"", ""H"", ""H"", ""H"", ""H""]",C84H68Cl8N4O8,"[true, true, true]","[21.08883361494547, 0.0, 0.0, 2.506236468616018, 11.462513594993055, 0.0, -8.0637590397828, -7.2551358277218325, 38.283377254914114]",9254.280675640053,[],"{""cutoff=6.000_skin=0.000"": 4554, ""cutoff=6.000_skin=0.500"": 5282}",0.0,,
OPT-RFT-XAFPAY172-R512-v1,16360d404e1cc8ec5ea026f69f45c1e0d210a4962a9adca338d6dcf7b609da30,OPT-RFT-XAFPAY172-R512-v1:0025,XAFPAY_C4_2_891_z2_86,e936bfd93b2ec366dba87017b9c8822d328d2beca2b30995e60f0f811eee7af5,25,cross_family_test_set,XAFPAY/structures/XAFPAY_C4_2_891_z2_86.cif,11b896384450cd5041e7cf015e527fcab40f0aa349c71174177eaa98d7fd7fa3,e936bfd93b2ec366dba87017b9c8822d328d2beca2b30995e60f0f811eee7af5,0,172,"[""O"", ""C"", ""O"", ""C"", ""C"", ""C"", ""C"", ""C"", ""C"", ""N"", ""C"", ""C"", ""C"", ""C"", ""C"", ""C"", ""C"", ""C"", ""C"", ""C"", ""Cl"", ""C"", ""Cl"", ""C"", ""C"", ""C"", ""H"", ""H"", ""H"", ""H"", ""H"", ""H"", ""H"", ""H"", ""H"", ""H"", ""H"", ""H"", ""H"", ""H"", ""H"", ""H"", ""H"", ""O"", ""C"", ""O"", ""C"", ""C"", ""C"", ""C"", ""C"", ""C"", ""N"", ""C"", ""C"", ""C"", ""C"", ""C"", ""C"", ""C"", ""C"", ""C"", ""C"", ""Cl"", ""C"", ""Cl"", ""C"", ""C"", ""C"", ""H"", ""H"", ""H"", ""H"", ""H"", ""H"", ""H"", ""H"", ""H"", ""H"", ""H"", ""H"", ""H"", ""H"", ""H"", ""H"", ""H"", ""O"", ""C"", ""O"", ""C"", ""C"", ""C"", ""C"", ""C"", ""C"", ""N"", ""C"", ""C"", ""C"", ""C"", ""C"", ""C"", ""C"", ""C"", ""C"", ""C"", ""Cl"", ""C"", ""Cl"", ""C"", ""C"", ""C"", ""H"", ""H"", ""H"", ""H"", ""H"", ""H"", ""H"", ""H"", ""H"", ""H"", ""H"", ""H"", ""H"", ""H"", ""H"", ""H"", ""H"", ""O"", ""C"", ""O"", ""C"", ""C"", ""C"", ""C"", ""C"", ""C"", ""N"", ""C"", ""C"", ""C"", ""C"", ""C"", ""C"", ""C"", ""C"", ""C"", ""C"", ""Cl"", ""C"", ""Cl"", ""C"", ""C"", ""C"", ""H"", ""H"", ""H"", ""H"", ""H"", ""H"", ""H"", ""H"", ""H"", ""H"", ""H"", ""H"", ""H"", ""H"", ""H"", ""H"", ""H""]",C84H68Cl8N4O8,"[true, true, true]","[23.49351293413784, 0.0, 0.0, -4.091764839078371, 18.472835915507908, 0.0, -4.330119915456567, 7.293952692719635, 16.467837051490108]",7146.906400711628,[],"{""cutoff=6.000_skin=0.000"": 4570, ""cutoff=6.000_skin=0.500"": 5414}",0.0,,
OPT-RFT-XAFPAY172-R512-v1,16360d404e1cc8ec5ea026f69f45c1e0d210a4962a9adca338d6dcf7b609da30,OPT-RFT-XAFPAY172-R512-v1:0026,XAFPAY_C3_2_14307_z2_86,371e6e96da7ed2d713f1a3677cda5d417cf72007b88431b5322cb384d6892af6,26,cross_family_test_set,XAFPAY/structures/XAFPAY_C3_2_14307_z2_86.cif,75ce175b6501d27c2b2e83ef7b42df6d72b8602d929d8f1487a11493cfe23454,371e6e96da7ed2d713f1a3677cda5d417cf72007b88431b5322cb384d6892af6,0,172,"[""O"", ""C"", ""O"", ""C"", ""C"", ""C"", ""C"", ""C"", ""C"", ""N"", ""C"", ""C"", ""C"", ""C"", ""C"", ""C"", ""C"", ""C"", ""C"", ""C"", ""Cl"", ""C"", ""Cl"", ""C"", ""C"", ""C"", ""H"", ""H"", ""H"", ""H"", ""H"", ""H"", ""H"", ""H"", ""H"", ""H"", ""H"", ""H"", ""H"", ""H"", ""H"", ""H"", ""H"", ""O"", ""C"", ""O"", ""C"", ""C"", ""C"", ""C"", ""C"", ""C"", ""N"", ""C"", ""C"", ""C"", ""C"", ""C"", ""C"", ""C"", ""C"", ""C"", ""C"", ""Cl"", ""C"", ""Cl"", ""C"", ""C"", ""C"", ""H"", ""H"", ""H"", ""H"", ""H"", ""H"", ""H"", ""H"", ""H"", ""H"", ""H"", ""H"", ""H"", ""H"", ""H"", ""H"", ""H"", ""O"", ""C"", ""O"", ""C"", ""C"", ""C"", ""C"", ""C"", ""C"", ""N"", ""C"", ""C"", ""C"", ""C"", ""C"", ""C"", ""C"", ""C"", ""C"", ""C"", ""Cl"", ""C"", ""Cl"", ""C"", ""C"", ""C"", ""H"", ""H"", ""H"", ""H"", ""H"", ""H"", ""H"", ""H"", ""H"", ""H"", ""H"", ""H"", ""H"", ""H"", ""H"", ""H"", ""H"", ""O"", ""C"", ""O"", ""C"", ""C"", ""C"", ""C"", ""C"", ""C"", ""N"", ""C"", ""C"", ""C"", ""C"", ""C"", ""C"", ""C"", ""C"", ""C"", ""C"", ""Cl"", ""C"", ""Cl"", ""C"", ""C"", ""C"", ""H"", ""H"", ""H"", ""H"", ""H"", ""H"", ""H"", ""H"", ""H"", ""H"", ""H"", ""H"", ""H"", ""H"", ""H"", ""H"", ""H""]",C84H68Cl8N4O8,"[true, true, true]","[23.397797151623422, 0.0, 0.0, 1.0937976798650368, 15.961689169771892, 0.0, -0.8093107235053885, 11.136886137005868, 16.38948277286963]",6120.953340797195,[],"{""cutoff=6.000_skin=0.000"": 4576, ""cutoff=6.000_skin=0.500"": 5362}",0.0,,
OPT-RFT-XAFPAY172-R512-v1,16360d404e1cc8ec5ea026f69f45c1e0d210a4962a9adca338d6dcf7b609da30,OPT-RFT-XAFPAY172-R512-v1:0027,XAFPAY_C1_2_5943_z2_86,1d66295e093c120eeefc37ec9bb28821429d6f25338c5deb2051922b7b85d778,27,cross_family_test_set,XAFPAY/structures/XAFPAY_C1_2_5943_z2_86.cif,e651012da8a390320de27510229466088b7b9a1f524bbfbda661fa76b3ce27d2,1d66295e093c120eeefc37ec9bb28821429d6f25338c5deb2051922b7b85d778,0,172,"[""O"", ""C"", ""O"", ""C"", ""C"", ""C"", ""C"", ""C"", ""C"", ""N"", ""C"", ""C"", ""C"", ""C"", ""C"", ""C"", ""C"", ""C"", ""C"", ""C"", ""Cl"", ""C"", ""Cl"", ""C"", ""C"", ""C"", ""H"", ""H"", ""H"", ""H"", ""H"", ""H"", ""H"", ""H"", ""H"", ""H"", ""H"", ""H"", ""H"", ""H"", ""H"", ""H"", ""H"", ""O"", ""C"", ""O"", ""C"", ""C"", ""C"", ""C"", ""C"", ""C"", ""N"", ""C"", ""C"", ""C"", ""C"", ""C"", ""C"", ""C"", ""C"", ""C"", ""C"", ""Cl"", ""C"", ""Cl"", ""C"", ""C"", ""C"", ""H"", ""H"", ""H"", ""H"", ""H"", ""H"", ""H"", ""H"", ""H"", ""H"", ""H"", ""H"", ""H"", ""H"", ""H"", ""H"", ""H"", ""O"", ""C"", ""O"", ""C"", ""C"", ""C"", ""C"", ""C"", ""C"", ""N"", ""C"", ""C"", ""C"", ""C"", ""C"", ""C"", ""C"", ""C"", ""C"", ""C"", ""Cl"", ""C"", ""Cl"", ""C"", ""C"", ""C"", ""H"", ""H"", ""H"", ""H"", ""H"", ""H"", ""H"", ""H"", ""H"", ""H"", ""H"", ""H"", ""H"", ""H"", ""H"", ""H"", ""H"", ""O"", ""C"", ""O"", ""C"", ""C"", ""C"", ""C"", ""C"", ""C"", ""N"", ""C"", ""C"", ""C"", ""C"", ""C"", ""C"", ""C"", ""C"", ""C"", ""C"", ""Cl"", ""C"", ""Cl"", ""C"", ""C"", ""C"", ""H"", ""H"", ""H"", ""H"", ""H"", ""H"", ""H"", ""H"", ""H"", ""H"", ""H"", ""H"", ""H"", ""H"", ""H"", ""H"", ""H""]",C84H68Cl8N4O8,"[true, true, true]","[17.717756086332315, 0.0, 0.0, -5.7548908459966714, 19.493938823157148, 0.0, 0.9500528614416498, 9.089282570253175, 19.11881380210703]",6603.425174238784,[],"{""cutoff=6.000_skin=0.000"": 4582, ""cutoff=6.000_skin=0.500"": 5394}",0.0,,
OPT-RFT-XAFPAY172-R512-v1,16360d404e1cc8ec5ea026f69f45c1e0d210a4962a9adca338d6dcf7b609da30,OPT-RFT-XAFPAY172-R512-v1:0028,XAFPAY_C4_2_15566_z2_86,94589aa16095d27be0d65a67f13e76016d347027e641906b0144c69ae5ec0775,28,cross_family_test_set,XAFPAY/structures/XAFPAY_C4_2_15566_z2_86.cif,1bb95b83fdc3cfab6cc0e973b8a35f33e890c04985fb3724b1c70f1ea7362553,94589aa16095d27be0d65a67f13e76016d347027e641906b0144c69ae5ec0775,0,172,"[""O"", ""C"", ""O"", ""C"", ""C"", ""C"", ""C"", ""C"", ""C"", ""N"", ""C"", ""C"", ""C"", ""C"", ""C"", ""C"", ""C"", ""C"", ""C"", ""C"", ""Cl"", ""C"", ""Cl"", ""C"", ""C"", ""C"", ""H"", ""H"", ""H"", ""H"", ""H"", ""H"", ""H"", ""H"", ""H"", ""H"", ""H"", ""H"", ""H"", ""H"", ""H"", ""H"", ""H"", ""O"", ""C"", ""O"", ""C"", ""C"", ""C"", ""C"", ""C"", ""C"", ""N"", ""C"", ""C"", ""C"", ""C"", ""C"", ""C"", ""C"", ""C"", ""C"", ""C"", ""Cl"", ""C"", ""Cl"", ""C"", ""C"", ""C"", ""H"", ""H"", ""H"", ""H"", ""H"", ""H"", ""H"", ""H"", ""H"", ""H"", ""H"", ""H"", ""H"", ""H"", ""H"", ""H"", ""H"", ""O"", ""C"", ""O"", ""C"", ""C"", ""C"", ""C"", ""C"", ""C"", ""N"", ""C"", ""C"", ""C"", ""C"", ""C"", ""C"", ""C"", ""C"", ""C"", ""C"", ""Cl"", ""C"", ""Cl"", ""C"", ""C"", ""C"", ""H"", ""H"", ""H"", ""H"", ""H"", ""H"", ""H"", ""H"", ""H"", ""H"", ""H"", ""H"", ""H"", ""H"", ""H"", ""H"", ""H"", ""O"", ""C"", ""O"", ""C"", ""C"", ""C"", ""C"", ""C"", ""C"", ""N"", ""C"", ""C"", ""C"", ""C"", ""C"", ""C"", ""C"", ""C"", ""C"", ""C"", ""Cl"", ""C"", ""Cl"", ""C"", ""C"", ""C"", ""H"", ""H"", ""H"", ""H"", ""H"", ""H"", ""H"", ""H"", ""H"", ""H"", ""H"", ""H"", ""H"", ""H"", ""H"", ""H"", ""H""]",C84H68Cl8N4O8,"[true, true, true]","[16.12753959092707, 0.0, 0.0, 1.2678027600216069, 22.807468476039038, 0.0, 7.828560327031898, -5.116709486890549, 21.030449401809257]",7735.5955203897865,[],"{""cutoff=6.000_skin=0.000"": 4588, ""cutoff=6.000_skin=0.500"": 5436}",0.0,,
OPT-RFT-XAFPAY172-R512-v1,16360d404e1cc8ec5ea026f69f45c1e0d210a4962a9adca338d6dcf7b609da30,OPT-RFT-XAFPAY172-R512-v1:0029,XAFPAY_C1_14_4070_z1_43,b61e4e6f15f4bdd35ddbd78585dd452bf4eaa235bae5eefbe0653d6125a85114,29,cross_family_test_set,XAFPAY/structures/XAFPAY_C1_14_4070_z1_43.cif,9a42b9a7187826d3b29682cc83b7843b9db3f55541889d53b1e1fb390403cb13,b61e4e6f15f4bdd35ddbd78585dd452bf4eaa235bae5eefbe0653d6125a85114,0,172,"[""O"", ""C"", ""O"", ""C"", ""C"", ""C"", ""C"", ""C"", ""C"", ""N"", ""C"", ""C"", ""C"", ""C"", ""C"", ""C"", ""C"", ""C"", ""C"", ""C"", ""Cl"", ""C"", ""Cl"", ""C"", ""C"", ""C"", ""H"", ""H"", ""H"", ""H"", ""H"", ""H"", ""H"", ""H"", ""H"", ""H"", ""H"", ""H"", ""H"", ""H"", ""H"", ""H"", ""H"", ""O"", ""C"", ""O"", ""C"", ""C"", ""C"", ""C"", ""C"", ""C"", ""N"", ""C"", ""C"", ""C"", ""C"", ""C"", ""C"", ""C"", ""C"", ""C"", ""C"", ""Cl"", ""C"", ""Cl"", ""C"", ""C"", ""C"", ""H"", ""H"", ""H"", ""H"", ""H"", ""H"", ""H"", ""H"", ""H"", ""H"", ""H"", ""H"", ""H"", ""H"", ""H"", ""H"", ""H"", ""O"", ""C"", ""O"", ""C"", ""C"", ""C"", ""C"", ""C"", ""C"", ""N"", ""C"", ""C"", ""C"", ""C"", ""C"", ""C"", ""C"", ""C"", ""C"", ""C"", ""Cl"", ""C"", ""Cl"", ""C"", ""C"", ""C"", ""H"", ""H"", ""H"", ""H"", ""H"", ""H"", ""H"", ""H"", ""H"", ""H"", ""H"", ""H"", ""H"", ""H"", ""H"", ""H"", ""H"", ""O"", ""C"", ""O"", ""C"", ""C"", ""C"", ""C"", ""C"", ""C"", ""N"", ""C"", ""C"", ""C"", ""C"", ""C"", ""C"", ""C"", ""C"", ""C"", ""C"", ""Cl"", ""C"", ""Cl"", ""C"", ""C"", ""C"", ""H"", ""H"", ""H"", ""H"", ""H"", ""H"", ""H"", ""H"", ""H"", ""H"", ""H"", ""H"", ""H"", ""H"", ""H"", ""H"", ""H""]",C84H68Cl8N4O8,"[true, true, true]","[22.386121620564843, 0.0, 0.0, 0.0, 15.546981358904002, 0.0, 1.8541582468891715, 0.0, 18.694637553005354]",6506.418382565596,[],"{""cutoff=6.000_skin=0.000"": 4600, ""cutoff=6.000_skin=0.500"": 5328}",0.0,,
OPT-RFT-XAFPAY172-R512-v1,16360d404e1cc8ec5ea026f69f45c1e0d210a4962a9adca338d6dcf7b609da30,OPT-RFT-XAFPAY172-R512-v1:0030,XAFPAY_C1_2_14056_z2_86,12c20c7c2258cad8956ec8aada55033aa46462d4fe954538d3fe85460dca2738,30,cross_family_test_set,XAFPAY/structures/XAFPAY_C1_2_14056_z2_86.cif,21fabf7be0052bbb20ed475a3869e1bc7102b9bb309627254fdf4e6a6e5b3c5e,12c20c7c2258cad8956ec8aada55033aa46462d4fe954538d3fe85460dca2738,0,172,"[""O"", ""C"", ""O"", ""C"", ""C"", ""C"", ""C"", ""C"", ""C"", ""N"", ""C"", ""C"", ""C"", ""C"", ""C"", ""C"", ""C"", ""C"", ""C"", ""C"", ""Cl"", ""C"", ""Cl"", ""C"", ""C"", ""C"", ""H"", ""H"", ""H"", ""H"", ""H"", ""H"", ""H"", ""H"", ""H"", ""H"", ""H"", ""H"", ""H"", ""H"", ""H"", ""H"", ""H"", ""O"", ""C"", ""O"", ""C"", ""C"", ""C"", ""C"", ""C"", ""C"", ""N"", ""C"", ""C"", ""C"", ""C"", ""C"", ""C"", ""C"", ""C"", ""C"", ""C"", ""Cl"", ""C"", ""Cl"", ""C"", ""C"", ""C"", ""H"", ""H"", ""H"", ""H"", ""H"", ""H"", ""H"", ""H"", ""H"", ""H"", ""H"", ""H"", ""H"", ""H"", ""H"", ""H"", ""H"", ""O"", ""C"", ""O"", ""C"", ""C"", ""C"", ""C"", ""C"", ""C"", ""N"", ""C"", ""C"", ""C"", ""C"", ""C"", ""C"", ""C"", ""C"", ""C"", ""C"", ""Cl"", ""C"", ""Cl"", ""C"", ""C"", ""C"", ""H"", ""H"", ""H"", ""H"", ""H"", ""H"", ""H"", ""H"", ""H"", ""H"", ""H"", ""H"", ""H"", ""H"", ""H"", ""H"", ""H"", ""O"", ""C"", ""O"", ""C"", ""C"", ""C"", ""C"", ""C"", ""C"", ""N"", ""C"", ""C"", ""C"", ""C"", ""C"", ""C"", ""C"", ""C"", ""C"", ""C"", ""Cl"", ""C"", ""Cl"", ""C"", ""C"", ""C"", ""H"", ""H"", ""H"", ""H"", ""H"", ""H"", ""H"", ""H"", ""H"", ""H"", ""H"", ""H"", ""H"", ""H"", ""H"", ""H"", ""H""]",C84H68Cl8N4O8,"[true, true, true]","[32.14132379569473, 0.0, 0.0, -0.1010208827552343, 16.99073312569342, 0.0, 1.9160449582071988, -2.533498496719381, 17.528190648311767]",9572.226505353347,[],"{""cutoff=6.000_skin=0.000"": 4608, ""cutoff=6.000_skin=0.500"": 5378}",0.0,,
OPT-RFT-XAFPAY172-R512-v1,16360d404e1cc8ec5ea026f69f45c1e0d210a4962a9adca338d6dcf7b609da30,OPT-RFT-XAFPAY172-R512-v1:0031,XAFPAY_C1_2_10659_z2_86,341af0e6f59937de0b0c5658a6bf68f0263be8bb1b4d9dbc47233e32c38d9012,31,cross_family_test_set,XAFPAY/structures/XAFPAY_C1_2_10659_z2_86.cif,059c332e9845c9ff284511dd597af1b60a93f83dd326c1a3de44b780f7b97774,341af0e6f59937de0b0c5658a6bf68f0263be8bb1b4d9dbc47233e32c38d9012,0,172,"[""O"", ""C"", ""O"", ""C"", ""C"", ""C"", ""C"", ""C"", ""C"", ""N"", ""C"", ""C"", ""C"", ""C"", ""C"", ""C"", ""C"", ""C"", ""C"", ""C"", ""Cl"", ""C"", ""Cl"", ""C"", ""C"", ""C"", ""H"", ""H"", ""H"", ""H"", ""H"", ""H"", ""H"", ""H"", ""H"", ""H"", ""H"", ""H"", ""H"", ""H"", ""H"", ""H"", ""H"", ""O"", ""C"", ""O"", ""C"", ""C"", ""C"", ""C"", ""C"", ""C"", ""N"", ""C"", ""C"", ""C"", ""C"", ""C"", ""C"", ""C"", ""C"", ""C"", ""C"", ""Cl"", ""C"", ""Cl"", ""C"", ""C"", ""C"", ""H"", ""H"", ""H"", ""H"", ""H"", ""H"", ""H"", ""H"", ""H"", ""H"", ""H"", ""H"", ""H"", ""H"", ""H"", ""H"", ""H"", ""O"", ""C"", ""O"", ""C"", ""C"", ""C"", ""C"", ""C"", ""C"", ""N"", ""C"", ""C"", ""C"", ""C"", ""C"", ""C"", ""C"", ""C"", ""C"", ""C"", ""Cl"", ""C"", ""Cl"", ""C"", ""C"", ""C"", ""H"", ""H"", ""H"", ""H"", ""H"", ""H"", ""H"", ""H"", ""H"", ""H"", ""H"", ""H"", ""H"", ""H"", ""H"", ""H"", ""H"", ""O"", ""C"", ""O"", ""C"", ""C"", ""C"", ""C"", ""C"", ""C"", ""N"", ""C"", ""C"", ""C"", ""C"", ""C"", ""C"", ""C"", ""C"", ""C"", ""C"", ""Cl"", ""C"", ""Cl"", ""C"", ""C"", ""C"", ""H"", ""H"", ""H"", ""H"", ""H"", ""H"", ""H"", ""H"", ""H"", ""H"", ""H"", ""H"", ""H"", ""H"", ""H"", ""H"", ""H""]",C84H68Cl8N4O8,"[true, true, true]","[19.68206523877024, 0.0, 0.0, 1.7998330107786917, 19.264897543947363, 0.0, 7.661014737192787, -5.429164340203572, 20.271558929745144]",7686.42721156096,[],"{""cutoff=6.000_skin=0.000"": 4620, ""cutoff=6.000_skin=0.500"": 5492}",0.0,,
OPT-RFT-XAFPAY172-R512-v1,16360d404e1cc8ec5ea026f69f45c1e0d210a4962a9adca338d6dcf7b609da30,OPT-RFT-XAFPAY172-R512-v1:0032,XAFPAY_C3_2_18979_z2_86,bab870a14a391328e9f4ea5204ea0b1d299a3c0f0362ab7897062b5036adc656,32,cross_family_test_set,XAFPAY/structures/XAFPAY_C3_2_18979_z2_86.cif,cf57d545066de525f343366db53b628614f2387d81544b26b7dec1c21d1414f0,bab870a14a391328e9f4ea5204ea0b1d299a3c0f0362ab7897062b5036adc656,0,172,"[""O"", ""C"", ""O"", ""C"", ""C"", ""C"", ""C"", ""C"", ""C"", ""N"", ""C"", ""C"", ""C"", ""C"", ""C"", ""C"", ""C"", ""C"", ""C"", ""C"", ""Cl"", ""C"", ""Cl"", ""C"", ""C"", ""C"", ""H"", ""H"", ""H"", ""H"", ""H"", ""H"", ""H"", ""H"", ""H"", ""H"", ""H"", ""H"", ""H"", ""H"", ""H"", ""H"", ""H"", ""O"", ""C"", ""O"", ""C"", ""C"", ""C"", ""C"", ""C"", ""C"", ""N"", ""C"", ""C"", ""C"", ""C"", ""C"", ""C"", ""C"", ""C"", ""C"", ""C"", ""Cl"", ""C"", ""Cl"", ""C"", ""C"", ""C"", ""H"", ""H"", ""H"", ""H"", ""H"", ""H"", ""H"", ""H"", ""H"", ""H"", ""H"", ""H"", ""H"", ""H"", ""H"", ""H"", ""H"", ""O"", ""C"", ""O"", ""C"", ""C"", ""C"", ""C"", ""C"", ""C"", ""N"", ""C"", ""C"", ""C"", ""C"", ""C"", ""C"", ""C"", ""C"", ""C"", ""C"", ""Cl"", ""C"", ""Cl"", ""C"", ""C"", ""C"", ""H"", ""H"", ""H"", ""H"", ""H"", ""H"", ""H"", ""H"", ""H"", ""H"", ""H"", ""H"", ""H"", ""H"", ""H"", ""H"", ""H"", ""O"", ""C"", ""O"", ""C"", ""C"", ""C"", ""C"", ""C"", ""C"", ""N"", ""C"", ""C"", ""C"", ""C"", ""C"", ""C"", ""C"", ""C"", ""C"", ""C"", ""Cl"", ""C"", ""Cl"", ""C"", ""C"", ""C"", ""H"", ""H"", ""H"", ""H"", ""H"", ""H"", ""H"", ""H"", ""H"", ""H"", ""H"", ""H"", ""H"", ""H"", ""H"", ""H"", ""H""]",C84H68Cl8N4O8,"[true, true, true]","[20.3896295477047, 0.0, 0.0, 8.936538984088472, 16.07279102353482, 0.0, -0.49655672034767145, -2.743280315662302, 20.699507787164194]",6783.60656655673,[],"{""cutoff=6.000_skin=0.000"": 4628, ""cutoff=6.000_skin=0.500"": 5552}",0.0,,
OPT-RFT-XAFPAY172-R512-v1,16360d404e1cc8ec5ea026f69f45c1e0d210a4962a9adca338d6dcf7b609da30,OPT-RFT-XAFPAY172-R512-v1:0033,XAFPAY_C3_2_13711_z2_86,a82c4d29dc4272387d8cdee762e8d6398d461c44fd1d1e135cfb8f8463104ee3,33,cross_family_test_set,XAFPAY/structures/XAFPAY_C3_2_13711_z2_86.cif,2843e706787cc3ff441fd42e4618ccc2685dc9b80137926c30e430d1964bde95,a82c4d29dc4272387d8cdee762e8d6398d461c44fd1d1e135cfb8f8463104ee3,0,172,"[""O"", ""C"", ""O"", ""C"", ""C"", ""C"", ""C"", ""C"", ""C"", ""N"", ""C"", ""C"", ""C"", ""C"", ""C"", ""C"", ""C"", ""C"", ""C"", ""C"", ""Cl"", ""C"", ""Cl"", ""C"", ""C"", ""C"", ""H"", ""H"", ""H"", ""H"", ""H"", ""H"", ""H"", ""H"", ""H"", ""H"", ""H"", ""H"", ""H"", ""H"", ""H"", ""H"", ""H"", ""O"", ""C"", ""O"", ""C"", ""C"", ""C"", ""C"", ""C"", ""C"", ""N"", ""C"", ""C"", ""C"", ""C"", ""C"", ""C"", ""C"", ""C"", ""C"", ""C"", ""Cl"", ""C"", ""Cl"", ""C"", ""C"", ""C"", ""H"", ""H"", ""H"", ""H"", ""H"", ""H"", ""H"", ""H"", ""H"", ""H"", ""H"", ""H"", ""H"", ""H"", ""H"", ""H"", ""H"", ""O"", ""C"", ""O"", ""C"", ""C"", ""C"", ""C"", ""C"", ""C"", ""N"", ""C"", ""C"", ""C"", ""C"", ""C"", ""C"", ""C"", ""C"", ""C"", ""C"", ""Cl"", ""C"", ""Cl"", ""C"", ""C"", ""C"", ""H"", ""H"", ""H"", ""H"", ""H"", ""H"", ""H"", ""H"", ""H"", ""H"", ""H"", ""H"", ""H"", ""H"", ""H"", ""H"", ""H"", ""O"", ""C"", ""O"", ""C"", ""C"", ""C"", ""C"", ""C"", ""C"", ""N"", ""C"", ""C"", ""C"", ""C"", ""C"", ""C"", ""C"", ""C"", ""C"", ""C"", ""Cl"", ""C"", ""Cl"", ""C"", ""C"", ""C"", ""H"", ""H"", ""H"", ""H"", ""H"", ""H"", ""H"", ""H"", ""H"", ""H"", ""H"", ""H"", ""H"", ""H"", ""H"", ""H"", ""H""]",C84H68Cl8N4O8,"[true, true, true]","[17.710124644767745, 0.0, 0.0, 4.799263090223866, 26.89768956275112, 0.0, -3.761106015968976, 0.08366484194574954, 17.790239665832257]",8474.584092875722,[],"{""cutoff=6.000_skin=0.000"": 4636, ""cutoff=6.000_skin=0.500"": 5366}",0.0,,
OPT-RFT-XAFPAY172-R512-v1,16360d404e1cc8ec5ea026f69f45c1e0d210a4962a9adca338d6dcf7b609da30,OPT-RFT-XAFPAY172-R512-v1:0034,XAFPAY_C1_2_3216_z2_86,201a3c87d5fbfc8b2ab229197edbce0a7dfc5396a4107d8558d5d40d4541bd01,34,cross_family_test_set,XAFPAY/structures/XAFPAY_C1_2_3216_z2_86.cif,6f6b1efb62689171c5d80b1ea752d4c823e53064a0acd6724f158991a837594c,201a3c87d5fbfc8b2ab229197edbce0a7dfc5396a4107d8558d5d40d4541bd01,0,172,"[""O"", ""C"", ""O"", ""C"", ""C"", ""C"", ""C"", ""C"", ""C"", ""N"", ""C"", ""C"", ""C"", ""C"", ""C"", ""C"", ""C"", ""C"", ""C"", ""C"", ""Cl"", ""C"", ""Cl"", ""C"", ""C"", ""C"", ""H"", ""H"", ""H"", ""H"", ""H"", ""H"", ""H"", ""H"", ""H"", ""H"", ""H"", ""H"", ""H"", ""H"", ""H"", ""H"", ""H"", ""O"", ""C"", ""O"", ""C"", ""C"", ""C"", ""C"", ""C"", ""C"", ""N"", ""C"", ""C"", ""C"", ""C"", ""C"", ""C"", ""C"", ""C"", ""C"", ""C"", ""Cl"", ""C"", ""Cl"", ""C"", ""C"", ""C"", ""H"", ""H"", ""H"", ""H"", ""H"", ""H"", ""H"", ""H"", ""H"", ""H"", ""H"", ""H"", ""H"", ""H"", ""H"", ""H"", ""H"", ""O"", ""C"", ""O"", ""C"", ""C"", ""C"", ""C"", ""C"", ""C"", ""N"", ""C"", ""C"", ""C"", ""C"", ""C"", ""C"", ""C"", ""C"", ""C"", ""C"", ""Cl"", ""C"", ""Cl"", ""C"", ""C"", ""C"", ""H"", ""H"", ""H"", ""H"", ""H"", ""H"", ""H"", ""H"", ""H"", ""H"", ""H"", ""H"", ""H"", ""H"", ""H"", ""H"", ""H"", ""O"", ""C"", ""O"", ""C"", ""C"", ""C"", ""C"", ""C"", ""C"", ""N"", ""C"", ""C"", ""C"", ""C"", ""C"", ""C"", ""C"", ""C"", ""C"", ""C"", ""Cl"", ""C"", ""Cl"", ""C"", ""C"", ""C"", ""H"", ""H"", ""H"", ""H"", ""H"", ""H"", ""H"", ""H"", ""H"", ""H"", ""H"", ""H"", ""H"", ""H"", ""H"", ""H"", ""H""]",C84H68Cl8N4O8,"[true, true, true]","[25.316047668740993, 0.0, 0.0, -4.846320941113705, 19.641605915839836, 0.0, -1.7980019684775306, 8.696164357689444, 17.279715162236705]",8592.300896055958,[],"{""cutoff=6.000_skin=0.000"": 4646, ""cutoff=6.000_skin=0.500"": 5482}",0.0,,
OPT-RFT-XAFPAY172-R512-v1,16360d404e1cc8ec5ea026f69f45c1e0d210a4962a9adca338d6dcf7b609da30,OPT-RFT-XAFPAY172-R512-v1:0035,XAFPAY_C4_2_4764_z2_86,bec422f99d4d675b0e12c3b49a89f8a76575baf2c06ae3f2195281b8639eef99,35,cross_family_test_set,XAFPAY/structures/XAFPAY_C4_2_4764_z2_86.cif,45701ded1f953f7ae1ea2087ebd02b60d15d5345940f9786bbe4027cfa04fbd2,bec422f99d4d675b0e12c3b49a89f8a76575baf2c06ae3f2195281b8639eef99,0,172,"[""O"", ""C"", ""O"", ""C"", ""C"", ""C"", ""C"", ""C"", ""C"", ""N"", ""C"", ""C"", ""C"", ""C"", ""C"", ""C"", ""C"", ""C"", ""C"", ""C"", ""Cl"", ""C"", ""Cl"", ""C"", ""C"", ""C"", ""H"", ""H"", ""H"", ""H"", ""H"", ""H"", ""H"", ""H"", ""H"", ""H"", ""H"", ""H"", ""H"", ""H"", ""H"", ""H"", ""H"", ""O"", ""C"", ""O"", ""C"", ""C"", ""C"", ""C"", ""C"", ""C"", ""N"", ""C"", ""C"", ""C"", ""C"", ""C"", ""C"", ""C"", ""C"", ""C"", ""C"", ""Cl"", ""C"", ""Cl"", ""C"", ""C"", ""C"", ""H"", ""H"", ""H"", ""H"", ""H"", ""H"", ""H"", ""H"", ""H"", ""H"", ""H"", ""H"", ""H"", ""H"", ""H"", ""H"", ""H"", ""O"", ""C"", ""O"", ""C"", ""C"", ""C"", ""C"", ""C"", ""C"", ""N"", ""C"", ""C"", ""C"", ""C"", ""C"", ""C"", ""C"", ""C"", ""C"", ""C"", ""Cl"", ""C"", ""Cl"", ""C"", ""C"", ""C"", ""H"", ""H"", ""H"", ""H"", ""H"", ""H"", ""H"", ""H"", ""H"", ""H"", ""H"", ""H"", ""H"", ""H"", ""H"", ""H"", ""H"", ""O"", ""C"", ""O"", ""C"", ""C"", ""C"", ""C"", ""C"", ""C"", ""N"", ""C"", ""C"", ""C"", ""C"", ""C"", ""C"", ""C"", ""C"", ""C"", ""C"", ""Cl"", ""C"", ""Cl"", ""C"", ""C"", ""C"", ""H"", ""H"", ""H"", ""H"", ""H"", ""H"", ""H"", ""H"", ""H"", ""H"", ""H"", ""H"", ""H"", ""H"", ""H"", ""H"", ""H""]",C84H68Cl8N4O8,"[true, true, true]","[21.59218812055076, 0.0, 0.0, -5.5466938654211795, 20.082788582714343, 0.0, 2.2118152067105386, 11.01849798932619, 15.626521531921068]",6776.149613052345,[],"{""cutoff=6.000_skin=0.000"": 4658, ""cutoff=6.000_skin=0.500"": 5518}",0.0,,
OPT-RFT-XAFPAY172-R512-v1,16360d404e1cc8ec5ea026f69f45c1e0d210a4962a9adca338d6dcf7b609da30,OPT-RFT-XAFPAY172-R512-v1:0036,XAFPAY_C2_2_14348_z2_86,878da21ddda644ba7301cc6e4e0010deb99f8aaa8619d19694013ce48da6b8e2,36,cross_family_test_set,XAFPAY/structures/XAFPAY_C2_2_14348_z2_86.cif,9825a43450b33348394f6dcbc544c3a903a4183b46c088bdc0aebc44ed445685,878da21ddda644ba7301cc6e4e0010deb99f8aaa8619d19694013ce48da6b8e2,0,172,"[""O"", ""C"", ""O"", ""C"", ""C"", ""C"", ""C"", ""C"", ""C"", ""N"", ""C"", ""C"", ""C"", ""C"", ""C"", ""C"", ""C"", ""C"", ""C"", ""C"", ""Cl"", ""C"", ""Cl"", ""C"", ""C"", ""C"", ""H"", ""H"", ""H"", ""H"", ""H"", ""H"", ""H"", ""H"", ""H"", ""H"", ""H"", ""H"", ""H"", ""H"", ""H"", ""H"", ""H"", ""O"", ""C"", ""O"", ""C"", ""C"", ""C"", ""C"", ""C"", ""C"", ""N"", ""C"", ""C"", ""C"", ""C"", ""C"", ""C"", ""C"", ""C"", ""C"", ""C"", ""Cl"", ""C"", ""Cl"", ""C"", ""C"", ""C"", ""H"", ""H"", ""H"", ""H"", ""H"", ""H"", ""H"", ""H"", ""H"", ""H"", ""H"", ""H"", ""H"", ""H"", ""H"", ""H"", ""H"", ""O"", ""C"", ""O"", ""C"", ""C"", ""C"", ""C"", ""C"", ""C"", ""N"", ""C"", ""C"", ""C"", ""C"", ""C"", ""C"", ""C"", ""C"", ""C"", ""C"", ""Cl"", ""C"", ""Cl"", ""C"", ""C"", ""C"", ""H"", ""H"", ""H"", ""H"", ""H"", ""H"", ""H"", ""H"", ""H"", ""H"", ""H"", ""H"", ""H"", ""H"", ""H"", ""H"", ""H"", ""O"", ""C"", ""O"", ""C"", ""C"", ""C"", ""C"", ""C"", ""C"", ""N"", ""C"", ""C"", ""C"", ""C"", ""C"", ""C"", ""C"", ""C"", ""C"", ""C"", ""Cl"", ""C"", ""Cl"", ""C"", ""C"", ""C"", ""H"", ""H"", ""H"", ""H"", ""H"", ""H"", ""H"", ""H"", ""H"", ""H"", ""H"", ""H"", ""H"", ""H"", ""H"", ""H"", ""H""]",C84H68Cl8N4O8,"[true, true, true]","[22.765896234488395, 0.0, 0.0, 3.524891080042819, 20.529534211949475, 0.0, -9.680137825071537, 1.9369578468777648, 23.164783883196826]",10826.600227381488,[],"{""cutoff=6.000_skin=0.000"": 4666, ""cutoff=6.000_skin=0.500"": 5228}",0.0,,
OPT-RFT-XAFPAY172-R512-v1,16360d404e1cc8ec5ea026f69f45c1e0d210a4962a9adca338d6dcf7b609da30,OPT-RFT-XAFPAY172-R512-v1:0037,XAFPAY_C3_14_1155_z1_43,567fafad76ba736d9f6fd0b7899099415588cdc506d278b5952f0813f211ba1b,37,cross_family_test_set,XAFPAY/structures/XAFPAY_C3_14_1155_z1_43.cif,6f9d1984b312ad434b6bebc9f60bdbb31d06c695e7ff93421ac7c70fce7f051f,567fafad76ba736d9f6fd0b7899099415588cdc506d278b5952f0813f211ba1b,0,172,"[""O"", ""C"", ""O"", ""C"", ""C"", ""C"", ""C"", ""C"", ""C"", ""N"", ""C"", ""C"", ""C"", ""C"", ""C"", ""C"", ""C"", ""C"", ""C"", ""C"", ""Cl"", ""C"", ""Cl"", ""C"", ""C"", ""C"", ""H"", ""H"", ""H"", ""H"", ""H"", ""H"", ""H"", ""H"", ""H"", ""H"", ""H"", ""H"", ""H"", ""H"", ""H"", ""H"", ""H"", ""O"", ""C"", ""O"", ""C"", ""C"", ""C"", ""C"", ""C"", ""C"", ""N"", ""C"", ""C"", ""C"", ""C"", ""C"", ""C"", ""C"", ""C"", ""C"", ""C"", ""Cl"", ""C"", ""Cl"", ""C"", ""C"", ""C"", ""H"", ""H"", ""H"", ""H"", ""H"", ""H"", ""H"", ""H"", ""H"", ""H"", ""H"", ""H"", ""H"", ""H"", ""H"", ""H"", ""H"", ""O"", ""C"", ""O"", ""C"", ""C"", ""C"", ""C"", ""C"", ""C"", ""N"", ""C"", ""C"", ""C"", ""C"", ""C"", ""C"", ""C"", ""C"", ""C"", ""C"", ""Cl"", ""C"", ""Cl"", ""C"", ""C"", ""C"", ""H"", ""H"", ""H"", ""H"", ""H"", ""H"", ""H"", ""H"", ""H"", ""H"", ""H"", ""H"", ""H"", ""H"", ""H"", ""H"", ""H"", ""O"", ""C"", ""O"", ""C"", ""C"", ""C"", ""C"", ""C"", ""C"", ""N"", ""C"", ""C"", ""C"", ""C"", ""C"", ""C"", ""C"", ""C"", ""C"", ""C"", ""Cl"", ""C"", ""Cl"", ""C"", ""C"", ""C"", ""H"", ""H"", ""H"", ""H"", ""H"", ""H"", ""H"", ""H"", ""H"", ""H"", ""H"", ""H"", ""H"", ""H"", ""H"", ""H"", ""H""]",C84H68Cl8N4O8,"[true, true, true]","[19.14662788495052, 0.0, 0.0, 0.0, 20.096443239196404, 0.0, -2.9295565449923555, 0.0, 19.74533171595411]",7597.591371881002,[],"{""cutoff=6.000_skin=0.000"": 4680, ""cutoff=6.000_skin=0.500"": 5436}",0.0,,
OPT-RFT-XAFPAY172-R512-v1,16360d404e1cc8ec5ea026f69f45c1e0d210a4962a9adca338d6dcf7b609da30,OPT-RFT-XAFPAY172-R512-v1:0038,XAFPAY_C4_2_9617_z2_86,2105d0a163a2cc876287a828ec3d03012b063bcaecc41dbbdfd4338c1c0dbb3a,38,cross_family_test_set,XAFPAY/structures/XAFPAY_C4_2_9617_z2_86.cif,eb235b1e1e98b1c15d790f303ea838cb09c9673e838666008bc609c882d79319,2105d0a163a2cc876287a828ec3d03012b063bcaecc41dbbdfd4338c1c0dbb3a,0,172,"[""O"", ""C"", ""O"", ""C"", ""C"", ""C"", ""C"", ""C"", ""C"", ""N"", ""C"", ""C"", ""C"", ""C"", ""C"", ""C"", ""C"", ""C"", ""C"", ""C"", ""Cl"", ""C"", ""Cl"", ""C"", ""C"", ""C"", ""H"", ""H"", ""H"", ""H"", ""H"", ""H"", ""H"", ""H"", ""H"", ""H"", ""H"", ""H"", ""H"", ""H"", ""H"", ""H"", ""H"", ""O"", ""C"", ""O"", ""C"", ""C"", ""C"", ""C"", ""C"", ""C"", ""N"", ""C"", ""C"", ""C"", ""C"", ""C"", ""C"", ""C"", ""C"", ""C"", ""C"", ""Cl"", ""C"", ""Cl"", ""C"", ""C"", ""C"", ""H"", ""H"", ""H"", ""H"", ""H"", ""H"", ""H"", ""H"", ""H"", ""H"", ""H"", ""H"", ""H"", ""H"", ""H"", ""H"", ""H"", ""O"", ""C"", ""O"", ""C"", ""C"", ""C"", ""C"", ""C"", ""C"", ""N"", ""C"", ""C"", ""C"", ""C"", ""C"", ""C"", ""C"", ""C"", ""C"", ""C"", ""Cl"", ""C"", ""Cl"", ""C"", ""C"", ""C"", ""H"", ""H"", ""H"", ""H"", ""H"", ""H"", ""H"", ""H"", ""H"", ""H"", ""H"", ""H"", ""H"", ""H"", ""H"", ""H"", ""H"", ""O"", ""C"", ""O"", ""C"", ""C"", ""C"", ""C"", ""C"", ""C"", ""N"", ""C"", ""C"", ""C"", ""C"", ""C"", ""C"", ""C"", ""C"", ""C"", ""C"", ""Cl"", ""C"", ""Cl"", ""C"", ""C"", ""C"", ""H"", ""H"", ""H"", ""H"", ""H"", ""H"", ""H"", ""H"", ""H"", ""H"", ""H"", ""H"", ""H"", ""H"", ""H"", ""H"", ""H""]",C84H68Cl8N4O8,"[true, true, true]","[18.493113865572752, 0.0, 0.0, -13.225066788178871, 21.08235576177091, 0.0, -1.4875328991969683, -1.130981535248179, 26.013766915494422]",10142.205970144309,[],"{""cutoff=6.000_skin=0.000"": 4684, ""cutoff=6.000_skin=0.500"": 5502}",0.0,,
OPT-RFT-XAFPAY172-R512-v1,16360d404e1cc8ec5ea026f69f45c1e0d210a4962a9adca338d6dcf7b609da30,OPT-RFT-XAFPAY172-R512-v1:0039,XAFPAY_C4_2_3561_z2_86,2831f1fee25da6e3a55acf257af633f1244ebadf26d370253a9182d135757871,39,cross_family_test_set,XAFPAY/structures/XAFPAY_C4_2_3561_z2_86.cif,214bf40b9b35cdcd47921f8d54b0b743b8a86177362399490709d3e43a20d538,2831f1fee25da6e3a55acf257af633f1244ebadf26d370253a9182d135757871,0,172,"[""O"", ""C"", ""O"", ""C"", ""C"", ""C"", ""C"", ""C"", ""C"", ""N"", ""C"", ""C"", ""C"", ""C"", ""C"", ""C"", ""C"", ""C"", ""C"", ""C"", ""Cl"", ""C"", ""Cl"", ""C"", ""C"", ""C"", ""H"", ""H"", ""H"", ""H"", ""H"", ""H"", ""H"", ""H"", ""H"", ""H"", ""H"", ""H"", ""H"", ""H"", ""H"", ""H"", ""H"", ""O"", ""C"", ""O"", ""C"", ""C"", ""C"", ""C"", ""C"", ""C"", ""N"", ""C"", ""C"", ""C"", ""C"", ""C"", ""C"", ""C"", ""C"", ""C"", ""C"", ""Cl"", ""C"", ""Cl"", ""C"", ""C"", ""C"", ""H"", ""H"", ""H"", ""H"", ""H"", ""H"", ""H"", ""H"", ""H"", ""H"", ""H"", ""H"", ""H"", ""H"", ""H"", ""H"", ""H"", ""O"", ""C"", ""O"", ""C"", ""C"", ""C"", ""C"", ""C"", ""C"", ""N"", ""C"", ""C"", ""C"", ""C"", ""C"", ""C"", ""C"", ""C"", ""C"", ""C"", ""Cl"", ""C"", ""Cl"", ""C"", ""C"", ""C"", ""H"", ""H"", ""H"", ""H"", ""H"", ""H"", ""H"", ""H"", ""H"", ""H"", ""H"", ""H"", ""H"", ""H"", ""H"", ""H"", ""H"", ""O"", ""C"", ""O"", ""C"", ""C"", ""C"", ""C"", ""C"", ""C"", ""N"", ""C"", ""C"", ""C"", ""C"", ""C"", ""C"", ""C"", ""C"", ""C"", ""C"", ""Cl"", ""C"", ""Cl"", ""C"", ""C"", ""C"", ""H"", ""H"", ""H"", ""H"", ""H"", ""H"", ""H"", ""H"", ""H"", ""H"", ""H"", ""H"", ""H"", ""H"", ""H"", ""H"", ""H""]",C84H68Cl8N4O8,"[true, true, true]","[23.55611643629996, 0.0, 0.0, -1.9116439566291479, 21.844106474128647, 0.0, -5.453339282021127, -14.02300962366121, 15.016114989060116]",7726.726899358488,[],"{""cutoff=6.000_skin=0.000"": 4698, ""cutoff=6.000_skin=0.500"": 5442}",0.0,,
OPT-RFT-XAFPAY172-R512-v1,16360d404e1cc8ec5ea026f69f45c1e0d210a4962a9adca338d6dcf7b609da30,OPT-RFT-XAFPAY172-R512-v1:0040,XAFPAY_C3_2_4801_z2_86,2f7051041f3eb796f62cf6f8238da76374228e98ce5c5352d2cc38107d6b2644,40,cross_family_test_set,XAFPAY/structures/XAFPAY_C3_2_4801_z2_86.cif,f1c039650e190eeb8881b36ff4f17dc07d4cf2fe9377ee0eebb7c55de0655f4c,2f7051041f3eb796f62cf6f8238da76374228e98ce5c5352d2cc38107d6b2644,0,172,"[""O"", ""C"", ""O"", ""C"", ""C"", ""C"", ""C"", ""C"", ""C"", ""N"", ""C"", ""C"", ""C"", ""C"", ""C"", ""C"", ""C"", ""C"", ""C"", ""C"", ""Cl"", ""C"", ""Cl"", ""C"", ""C"", ""C"", ""H"", ""H"", ""H"", ""H"", ""H"", ""H"", ""H"", ""H"", ""H"", ""H"", ""H"", ""H"", ""H"", ""H"", ""H"", ""H"", ""H"", ""O"", ""C"", ""O"", ""C"", ""C"", ""C"", ""C"", ""C"", ""C"", ""N"", ""C"", ""C"", ""C"", ""C"", ""C"", ""C"", ""C"", ""C"", ""C"", ""C"", ""Cl"", ""C"", ""Cl"", ""C"", ""C"", ""C"", ""H"", ""H"", ""H"", ""H"", ""H"", ""H"", ""H"", ""H"", ""H"", ""H"", ""H"", ""H"", ""H"", ""H"", ""H"", ""H"", ""H"", ""O"", ""C"", ""O"", ""C"", ""C"", ""C"", ""C"", ""C"", ""C"", ""N"", ""C"", ""C"", ""C"", ""C"", ""C"", ""C"", ""C"", ""C"", ""C"", ""C"", ""Cl"", ""C"", ""Cl"", ""C"", ""C"", ""C"", ""H"", ""H"", ""H"", ""H"", ""H"", ""H"", ""H"", ""H"", ""H"", ""H"", ""H"", ""H"", ""H"", ""H"", ""H"", ""H"", ""H"", ""O"", ""C"", ""O"", ""C"", ""C"", ""C"", ""C"", ""C"", ""C"", ""N"", ""C"", ""C"", ""C"", ""C"", ""C"", ""C"", ""C"", ""C"", ""C"", ""C"", ""Cl"", ""C"", ""Cl"", ""C"", ""C"", ""C"", ""H"", ""H"", ""H"", ""H"", ""H"", ""H"", ""H"", ""H"", ""H"", ""H"", ""H"", ""H"", ""H"", ""H"", ""H"", ""H"", ""H""]",C84H68Cl8N4O8,"[true, true, true]","[22.281065487820342, 0.0, 0.0, 6.005180826125277, 16.730449767629892, 0.0, -14.651763368739745, 1.6832473641899193, 28.63787891770683]",10675.406470983175,[],"{""cutoff=6.000_skin=0.000"": 4706, ""cutoff=6.000_skin=0.500"": 5530}",0.0,,
OPT-RFT-XAFPAY172-R512-v1,16360d404e1cc8ec5ea026f69f45c1e0d210a4962a9adca338d6dcf7b609da30,OPT-RFT-XAFPAY172-R512-v1:0041,XAFPAY_C4_2_7748_z2_86,fbb7b356be22bb764e140a38355daf0ccdbf58fed2b2e65aafb0500b4974db2b,41,cross_family_test_set,XAFPAY/structures/XAFPAY_C4_2_7748_z2_86.cif,5be2e6e6974a80d72f821abe991123210967a800634e020e4fe1032a8476c19d,fbb7b356be22bb764e140a38355daf0ccdbf58fed2b2e65aafb0500b4974db2b,0,172,"[""O"", ""C"", ""O"", ""C"", ""C"", ""C"", ""C"", ""C"", ""C"", ""N"", ""C"", ""C"", ""C"", ""C"", ""C"", ""C"", ""C"", ""C"", ""C"", ""C"", ""Cl"", ""C"", ""Cl"", ""C"", ""C"", ""C"", ""H"", ""H"", ""H"", ""H"", ""H"", ""H"", ""H"", ""H"", ""H"", ""H"", ""H"", ""H"", ""H"", ""H"", ""H"", ""H"", ""H"", ""O"", ""C"", ""O"", ""C"", ""C"", ""C"", ""C"", ""C"", ""C"", ""N"", ""C"", ""C"", ""C"", ""C"", ""C"", ""C"", ""C"", ""C"", ""C"", ""C"", ""Cl"", ""C"", ""Cl"", ""C"", ""C"", ""C"", ""H"", ""H"", ""H"", ""H"", ""H"", ""H"", ""H"", ""H"", ""H"", ""H"", ""H"", ""H"", ""H"", ""H"", ""H"", ""H"", ""H"", ""O"", ""C"", ""O"", ""C"", ""C"", ""C"", ""C"", ""C"", ""C"", ""N"", ""C"", ""C"", ""C"", ""C"", ""C"", ""C"", ""C"", ""C"", ""C"", ""C"", ""Cl"", ""C"", ""Cl"", ""C"", ""C"", ""C"", ""H"", ""H"", ""H"", ""H"", ""H"", ""H"", ""H"", ""H"", ""H"", ""H"", ""H"", ""H"", ""H"", ""H"", ""H"", ""H"", ""H"", ""O"", ""C"", ""O"", ""C"", ""C"", ""C"", ""C"", ""C"", ""C"", ""N"", ""C"", ""C"", ""C"", ""C"", ""C"", ""C"", ""C"", ""C"", ""C"", ""C"", ""Cl"", ""C"", ""Cl"", ""C"", ""C"", ""C"", ""H"", ""H"", ""H"", ""H"", ""H"", ""H"", ""H"", ""H"", ""H"", ""H"", ""H"", ""H"", ""H"", ""H"", ""H"", ""H"", ""H""]",C84H68Cl8N4O8,"[true, true, true]","[18.423701235908943, 0.0, 0.0, 0.14657950477325163, 17.975377604096717, 0.0, 2.0412400609596886, 2.124594890568076, 22.99650474534598]",7615.821157429485,[],"{""cutoff=6.000_skin=0.000"": 4708, ""cutoff=6.000_skin=0.500"": 5522}",0.0,,
OPT-RFT-XAFPAY172-R512-v1,16360d404e1cc8ec5ea026f69f45c1e0d210a4962a9adca338d6dcf7b609da30,OPT-RFT-XAFPAY172-R512-v1:0042,XAFPAY_C3_14_2994_z1_43,8aaaae3b0381b80f4ef24ef5450005dee863904d6e150b62a83a8e375e7c0890,42,cross_family_test_set,XAFPAY/structures/XAFPAY_C3_14_2994_z1_43.cif,3d5452c3ecd4d9dce48ad822a1a1948f08e551cde2acbd9c279a014718d851e5,8aaaae3b0381b80f4ef24ef5450005dee863904d6e150b62a83a8e375e7c0890,0,172,"[""O"", ""C"", ""O"", ""C"", ""C"", ""C"", ""C"", ""C"", ""C"", ""N"", ""C"", ""C"", ""C"", ""C"", ""C"", ""C"", ""C"", ""C"", ""C"", ""C"", ""Cl"", ""C"", ""Cl"", ""C"", ""C"", ""C"", ""H"", ""H"", ""H"", ""H"", ""H"", ""H"", ""H"", ""H"", ""H"", ""H"", ""H"", ""H"", ""H"", ""H"", ""H"", ""H"", ""H"", ""O"", ""C"", ""O"", ""C"", ""C"", ""C"", ""C"", ""C"", ""C"", ""N"", ""C"", ""C"", ""C"", ""C"", ""C"", ""C"", ""C"", ""C"", ""C"", ""C"", ""Cl"", ""C"", ""Cl"", ""C"", ""C"", ""C"", ""H"", ""H"", ""H"", ""H"", ""H"", ""H"", ""H"", ""H"", ""H"", ""H"", ""H"", ""H"", ""H"", ""H"", ""H"", ""H"", ""H"", ""O"", ""C"", ""O"", ""C"", ""C"", ""C"", ""C"", ""C"", ""C"", ""N"", ""C"", ""C"", ""C"", ""C"", ""C"", ""C"", ""C"", ""C"", ""C"", ""C"", ""Cl"", ""C"", ""Cl"", ""C"", ""C"", ""C"", ""H"", ""H"", ""H"", ""H"", ""H"", ""H"", ""H"", ""H"", ""H"", ""H"", ""H"", ""H"", ""H"", ""H"", ""H"", ""H"", ""H"", ""O"", ""C"", ""O"", ""C"", ""C"", ""C"", ""C"", ""C"", ""C"", ""N"", ""C"", ""C"", ""C"", ""C"", ""C"", ""C"", ""C"", ""C"", ""C"", ""C"", ""Cl"", ""C"", ""Cl"", ""C"", ""C"", ""C"", ""H"", ""H"", ""H"", ""H"", ""H"", ""H"", ""H"", ""H"", ""H"", ""H"", ""H"", ""H"", ""H"", ""H"", ""H"", ""H"", ""H""]",C84H68Cl8N4O8,"[true, true, true]","[13.367703264682866, 0.0, 0.0, 0.0, 22.129131091585606, 0.0, 15.820792829483956, 0.0, 22.89790160437573]",6773.557828488464,[],"{""cutoff=6.000_skin=0.000"": 4712, ""cutoff=6.000_skin=0.500"": 5540}",0.0,,
OPT-RFT-XAFPAY172-R512-v1,16360d404e1cc8ec5ea026f69f45c1e0d210a4962a9adca338d6dcf7b609da30,OPT-RFT-XAFPAY172-R512-v1:0043,XAFPAY_C1_2_15414_z2_86,68c3ad0f936fe5800830c550433743c424b004e6cbbd772c48cf9e42f0c7f746,43,cross_family_test_set,XAFPAY/structures/XAFPAY_C1_2_15414_z2_86.cif,b9979dacca4c97e8236d7f08a3ac56874741b386a790582274dbeb873ff5e3e0,68c3ad0f936fe5800830c550433743c424b004e6cbbd772c48cf9e42f0c7f746,0,172,"[""O"", ""C"", ""O"", ""C"", ""C"", ""C"", ""C"", ""C"", ""C"", ""N"", ""C"", ""C"", ""C"", ""C"", ""C"", ""C"", ""C"", ""C"", ""C"", ""C"", ""Cl"", ""C"", ""Cl"", ""C"", ""C"", ""C"", ""H"", ""H"", ""H"", ""H"", ""H"", ""H"", ""H"", ""H"", ""H"", ""H"", ""H"", ""H"", ""H"", ""H"", ""H"", ""H"", ""H"", ""O"", ""C"", ""O"", ""C"", ""C"", ""C"", ""C"", ""C"", ""C"", ""N"", ""C"", ""C"", ""C"", ""C"", ""C"", ""C"", ""C"", ""C"", ""C"", ""C"", ""Cl"", ""C"", ""Cl"", ""C"", ""C"", ""C"", ""H"", ""H"", ""H"", ""H"", ""H"", ""H"", ""H"", ""H"", ""H"", ""H"", ""H"", ""H"", ""H"", ""H"", ""H"", ""H"", ""H"", ""O"", ""C"", ""O"", ""C"", ""C"", ""C"", ""C"", ""C"", ""C"", ""N"", ""C"", ""C"", ""C"", ""C"", ""C"", ""C"", ""C"", ""C"", ""C"", ""C"", ""Cl"", ""C"", ""Cl"", ""C"", ""C"", ""C"", ""H"", ""H"", ""H"", ""H"", ""H"", ""H"", ""H"", ""H"", ""H"", ""H"", ""H"", ""H"", ""H"", ""H"", ""H"", ""H"", ""H"", ""O"", ""C"", ""O"", ""C"", ""C"", ""C"", ""C"", ""C"", ""C"", ""N"", ""C"", ""C"", ""C"", ""C"", ""C"", ""C"", ""C"", ""C"", ""C"", ""C"", ""Cl"", ""C"", ""Cl"", ""C"", ""C"", ""C"", ""H"", ""H"", ""H"", ""H"", ""H"", ""H"", ""H"", ""H"", ""H"", ""H"", ""H"", ""H"", ""H"", ""H"", ""H"", ""H"", ""H""]",C84H68Cl8N4O8,"[true, true, true]","[38.5384567006447, 0.0, 0.0, -6.283270143907486, 22.538727963514567, 0.0, 6.2885335313673965, 5.991311730287789, 6.590259450136767]",5724.350707776065,[],"{""cutoff=6.000_skin=0.000"": 4718, ""cutoff=6.000_skin=0.500"": 5706}",0.0,,
OPT-RFT-XAFPAY172-R512-v1,16360d404e1cc8ec5ea026f69f45c1e0d210a4962a9adca338d6dcf7b609da30,OPT-RFT-XAFPAY172-R512-v1:0044,XAFPAY_C2_2_1926_z2_86,32c3f92ead305fc216df27d2ee41b4ee21d838cea83d121416437595037886d6,44,cross_family_test_set,XAFPAY/structures/XAFPAY_C2_2_1926_z2_86.cif,dad5f725a78d4582e9355df4a52212f28816795ac73ab09acf8454a5c9b59443,32c3f92ead305fc216df27d2ee41b4ee21d838cea83d121416437595037886d6,0,172,"[""O"", ""C"", ""O"", ""C"", ""C"", ""C"", ""C"", ""C"", ""C"", ""N"", ""C"", ""C"", ""C"", ""C"", ""C"", ""C"", ""C"", ""C"", ""C"", ""C"", ""Cl"", ""C"", ""Cl"", ""C"", ""C"", ""C"", ""H"", ""H"", ""H"", ""H"", ""H"", ""H"", ""H"", ""H"", ""H"", ""H"", ""H"", ""H"", ""H"", ""H"", ""H"", ""H"", ""H"", ""O"", ""C"", ""O"", ""C"", ""C"", ""C"", ""C"", ""C"", ""C"", ""N"", ""C"", ""C"", ""C"", ""C"", ""C"", ""C"", ""C"", ""C"", ""C"", ""C"", ""Cl"", ""C"", ""Cl"", ""C"", ""C"", ""C"", ""H"", ""H"", ""H"", ""H"", ""H"", ""H"", ""H"", ""H"", ""H"", ""H"", ""H"", ""H"", ""H"", ""H"", ""H"", ""H"", ""H"", ""O"", ""C"", ""O"", ""C"", ""C"", ""C"", ""C"", ""C"", ""C"", ""N"", ""C"", ""C"", ""C"", ""C"", ""C"", ""C"", ""C"", ""C"", ""C"", ""C"", ""Cl"", ""C"", ""Cl"", ""C"", ""C"", ""C"", ""H"", ""H"", ""H"", ""H"", ""H"", ""H"", ""H"", ""H"", ""H"", ""H"", ""H"", ""H"", ""H"", ""H"", ""H"", ""H"", ""H"", ""O"", ""C"", ""O"", ""C"", ""C"", ""C"", ""C"", ""C"", ""C"", ""N"", ""C"", ""C"", ""C"", ""C"", ""C"", ""C"", ""C"", ""C"", ""C"", ""C"", ""Cl"", ""C"", ""Cl"", ""C"", ""C"", ""C"", ""H"", ""H"", ""H"", ""H"", ""H"", ""H"", ""H"", ""H"", ""H"", ""H"", ""H"", ""H"", ""H"", ""H"", ""H"", ""H"", ""H""]",C84H68Cl8N4O8,"[true, true, true]","[19.25797485537788, 0.0, 0.0, 6.162304889515763, 18.41997835975808, 0.0, 15.779032889471592, -11.549663941154764, 26.194627095062206]",9292.058839806277,[],"{""cutoff=6.000_skin=0.000"": 4724, ""cutoff=6.000_skin=0.500"": 5432}",0.0,,
OPT-RFT-XAFPAY172-R512-v1,16360d404e1cc8ec5ea026f69f45c1e0d210a4962a9adca338d6dcf7b609da30,OPT-RFT-XAFPAY172-R512-v1:0045,XAFPAY_C4_2_1784_z2_86,1a8cdbe6575831da74f85d19af18ff735216b89bd9671ced37381f3f0e894f92,45,cross_family_test_set,XAFPAY/structures/XAFPAY_C4_2_1784_z2_86.cif,a0f9bae5323846a78022bfa74af9252800fbd47c8cfdaa7fa408444262b42d44,1a8cdbe6575831da74f85d19af18ff735216b89bd9671ced37381f3f0e894f92,0,172,"[""O"", ""C"", ""O"", ""C"", ""C"", ""C"", ""C"", ""C"", ""C"", ""N"", ""C"", ""C"", ""C"", ""C"", ""C"", ""C"", ""C"", ""C"", ""C"", ""C"", ""Cl"", ""C"", ""Cl"", ""C"", ""C"", ""C"", ""H"", ""H"", ""H"", ""H"", ""H"", ""H"", ""H"", ""H"", ""H"", ""H"", ""H"", ""H"", ""H"", ""H"", ""H"", ""H"", ""H"", ""O"", ""C"", ""O"", ""C"", ""C"", ""C"", ""C"", ""C"", ""C"", ""N"", ""C"", ""C"", ""C"", ""C"", ""C"", ""C"", ""C"", ""C"", ""C"", ""C"", ""Cl"", ""C"", ""Cl"", ""C"", ""C"", ""C"", ""H"", ""H"", ""H"", ""H"", ""H"", ""H"", ""H"", ""H"", ""H"", ""H"", ""H"", ""H"", ""H"", ""H"", ""H"", ""H"", ""H"", ""O"", ""C"", ""O"", ""C"", ""C"", ""C"", ""C"", ""C"", ""C"", ""N"", ""C"", ""C"", ""C"", ""C"", ""C"", ""C"", ""C"", ""C"", ""C"", ""C"", ""Cl"", ""C"", ""Cl"", ""C"", ""C"", ""C"", ""H"", ""H"", ""H"", ""H"", ""H"", ""H"", ""H"", ""H"", ""H"", ""H"", ""H"", ""H"", ""H"", ""H"", ""H"", ""H"", ""H"", ""O"", ""C"", ""O"", ""C"", ""C"", ""C"", ""C"", ""C"", ""C"", ""N"", ""C"", ""C"", ""C"", ""C"", ""C"", ""C"", ""C"", ""C"", ""C"", ""C"", ""Cl"", ""C"", ""Cl"", ""C"", ""C"", ""C"", ""H"", ""H"", ""H"", ""H"", ""H"", ""H"", ""H"", ""H"", ""H"", ""H"", ""H"", ""H"", ""H"", ""H"", ""H"", ""H"", ""H""]",C84H68Cl8N4O8,"[true, true, true]","[18.88225722845047, 0.0, 0.0, 2.5391319790396025, 21.449167713074733, 0.0, -10.952177583736466, 10.519802565253633, 16.879996744285037]",6836.545572761446,[],"{""cutoff=6.000_skin=0.000"": 4726, ""cutoff=6.000_skin=0.500"": 5662}",0.0,,
OPT-RFT-XAFPAY172-R512-v1,16360d404e1cc8ec5ea026f69f45c1e0d210a4962a9adca338d6dcf7b609da30,OPT-RFT-XAFPAY172-R512-v1:0046,XAFPAY_C4_2_1779_z2_86,1508483843830fd542b17793d5ad9d753bcb90ce0c15c8bbfb0f8e09599bfec7,46,cross_family_test_set,XAFPAY/structures/XAFPAY_C4_2_1779_z2_86.cif,37bb7c9470032cded1edf390c78a5a371ca4a9b6c6cbac4215ca0aafb22b57d0,1508483843830fd542b17793d5ad9d753bcb90ce0c15c8bbfb0f8e09599bfec7,0,172,"[""O"", ""C"", ""O"", ""C"", ""C"", ""C"", ""C"", ""C"", ""C"", ""N"", ""C"", ""C"", ""C"", ""C"", ""C"", ""C"", ""C"", ""C"", ""C"", ""C"", ""Cl"", ""C"", ""Cl"", ""C"", ""C"", ""C"", ""H"", ""H"", ""H"", ""H"", ""H"", ""H"", ""H"", ""H"", ""H"", ""H"", ""H"", ""H"", ""H"", ""H"", ""H"", ""H"", ""H"", ""O"", ""C"", ""O"", ""C"", ""C"", ""C"", ""C"", ""C"", ""C"", ""N"", ""C"", ""C"", ""C"", ""C"", ""C"", ""C"", ""C"", ""C"", ""C"", ""C"", ""Cl"", ""C"", ""Cl"", ""C"", ""C"", ""C"", ""H"", ""H"", ""H"", ""H"", ""H"", ""H"", ""H"", ""H"", ""H"", ""H"", ""H"", ""H"", ""H"", ""H"", ""H"", ""H"", ""H"", ""O"", ""C"", ""O"", ""C"", ""C"", ""C"", ""C"", ""C"", ""C"", ""N"", ""C"", ""C"", ""C"", ""C"", ""C"", ""C"", ""C"", ""C"", ""C"", ""C"", ""Cl"", ""C"", ""Cl"", ""C"", ""C"", ""C"", ""H"", ""H"", ""H"", ""H"", ""H"", ""H"", ""H"", ""H"", ""H"", ""H"", ""H"", ""H"", ""H"", ""H"", ""H"", ""H"", ""H"", ""O"", ""C"", ""O"", ""C"", ""C"", ""C"", ""C"", ""C"", ""C"", ""N"", ""C"", ""C"", ""C"", ""C"", ""C"", ""C"", ""C"", ""C"", ""C"", ""C"", ""Cl"", ""C"", ""Cl"", ""C"", ""C"", ""C"", ""H"", ""H"", ""H"", ""H"", ""H"", ""H"", ""H"", ""H"", ""H"", ""H"", ""H"", ""H"", ""H"", ""H"", ""H"", ""H"", ""H""]",C84H68Cl8N4O8,"[true, true, true]","[18.56826547346094, 0.0, 0.0, -11.761810091040532, 17.062278445476363, 0.0, -3.438658541917327, -2.562355211291036, 20.747911339378714]",6573.289278956492,[],"{""cutoff=6.000_skin=0.000"": 4732, ""cutoff=6.000_skin=0.500"": 5670}",0.0,,
OPT-RFT-XAFPAY172-R512-v1,16360d404e1cc8ec5ea026f69f45c1e0d210a4962a9adca338d6dcf7b609da30,OPT-RFT-XAFPAY172-R512-v1:0047,XAFPAY_C1_2_20757_z2_86,0c2feac9d05779e3668776c43690e06df5cb1091fd951f3cd7062042bc1f77e2,47,cross_family_test_set,XAFPAY/structures/XAFPAY_C1_2_20757_z2_86.cif,b1c035cc75a629e0c6aee674d38bafdc307d685bf4ea5f173fed09fe331ca613,0c2feac9d05779e3668776c43690e06df5cb1091fd951f3cd7062042bc1f77e2,0,172,"[""O"", ""C"", ""O"", ""C"", ""C"", ""C"", ""C"", ""C"", ""C"", ""N"", ""C"", ""C"", ""C"", ""C"", ""C"", ""C"", ""C"", ""C"", ""C"", ""C"", ""Cl"", ""C"", ""Cl"", ""C"", ""C"", ""C"", ""H"", ""H"", ""H"", ""H"", ""H"", ""H"", ""H"", ""H"", ""H"", ""H"", ""H"", ""H"", ""H"", ""H"", ""H"", ""H"", ""H"", ""O"", ""C"", ""O"", ""C"", ""C"", ""C"", ""C"", ""C"", ""C"", ""N"", ""C"", ""C"", ""C"", ""C"", ""C"", ""C"", ""C"", ""C"", ""C"", ""C"", ""Cl"", ""C"", ""Cl"", ""C"", ""C"", ""C"", ""H"", ""H"", ""H"", ""H"", ""H"", ""H"", ""H"", ""H"", ""H"", ""H"", ""H"", ""H"", ""H"", ""H"", ""H"", ""H"", ""H"", ""O"", ""C"", ""O"", ""C"", ""C"", ""C"", ""C"", ""C"", ""C"", ""N"", ""C"", ""C"", ""C"", ""C"", ""C"", ""C"", ""C"", ""C"", ""C"", ""C"", ""Cl"", ""C"", ""Cl"", ""C"", ""C"", ""C"", ""H"", ""H"", ""H"", ""H"", ""H"", ""H"", ""H"", ""H"", ""H"", ""H"", ""H"", ""H"", ""H"", ""H"", ""H"", ""H"", ""H"", ""O"", ""C"", ""O"", ""C"", ""C"", ""C"", ""C"", ""C"", ""C"", ""N"", ""C"", ""C"", ""C"", ""C"", ""C"", ""C"", ""C"", ""C"", ""C"", ""C"", ""Cl"", ""C"", ""Cl"", ""C"", ""C"", ""C"", ""H"", ""H"", ""H"", ""H"", ""H"", ""H"", ""H"", ""H"", ""H"", ""H"", ""H"", ""H"", ""H"", ""H"", ""H"", ""H"", ""H""]",C84H68Cl8N4O8,"[true, true, true]","[25.184432227215247, 0.0, 0.0, -1.0488654639820927, 13.90153032413555, 0.0, -16.28436326822782, -1.3509928725887679, 18.254976010258417]",6391.106318406983,[],"{""cutoff=6.000_skin=0.000"": 4740, ""cutoff=6.000_skin=0.500"": 5748}",0.0,,
OPT-RFT-XAFPAY172-R512-v1,16360d404e1cc8ec5ea026f69f45c1e0d210a4962a9adca338d6dcf7b609da30,OPT-RFT-XAFPAY172-R512-v1:0048,XAFPAY_C1_2_13640_z2_86,29671c86604c41ad27e80debb88fd7d7fe3f09d30faef5becffc5d7011bcdc6d,48,cross_family_test_set,XAFPAY/structures/XAFPAY_C1_2_13640_z2_86.cif,7c3618c320a923f0f83fbcb2daff35c292a6a25fa25a72ce641654663516f53e,29671c86604c41ad27e80debb88fd7d7fe3f09d30faef5becffc5d7011bcdc6d,0,172,"[""O"", ""C"", ""O"", ""C"", ""C"", ""C"", ""C"", ""C"", ""C"", ""N"", ""C"", ""C"", ""C"", ""C"", ""C"", ""C"", ""C"", ""C"", ""C"", ""C"", ""Cl"", ""C"", ""Cl"", ""C"", ""C"", ""C"", ""H"", ""H"", ""H"", ""H"", ""H"", ""H"", ""H"", ""H"", ""H"", ""H"", ""H"", ""H"", ""H"", ""H"", ""H"", ""H"", ""H"", ""O"", ""C"", ""O"", ""C"", ""C"", ""C"", ""C"", ""C"", ""C"", ""N"", ""C"", ""C"", ""C"", ""C"", ""C"", ""C"", ""C"", ""C"", ""C"", ""C"", ""Cl"", ""C"", ""Cl"", ""C"", ""C"", ""C"", ""H"", ""H"", ""H"", ""H"", ""H"", ""H"", ""H"", ""H"", ""H"", ""H"", ""H"", ""H"", ""H"", ""H"", ""H"", ""H"", ""H"", ""O"", ""C"", ""O"", ""C"", ""C"", ""C"", ""C"", ""C"", ""C"", ""N"", ""C"", ""C"", ""C"", ""C"", ""C"", ""C"", ""C"", ""C"", ""C"", ""C"", ""Cl"", ""C"", ""Cl"", ""C"", ""C"", ""C"", ""H"", ""H"", ""H"", ""H"", ""H"", ""H"", ""H"", ""H"", ""H"", ""H"", ""H"", ""H"", ""H"", ""H"", ""H"", ""H"", ""H"", ""O"", ""C"", ""O"", ""C"", ""C"", ""C"", ""C"", ""C"", ""C"", ""N"", ""C"", ""C"", ""C"", ""C"", ""C"", ""C"", ""C"", ""C"", ""C"", ""C"", ""Cl"", ""C"", ""Cl"", ""C"", ""C"", ""C"", ""H"", ""H"", ""H"", ""H"", ""H"", ""H"", ""H"", ""H"", ""H"", ""H"", ""H"", ""H"", ""H"", ""H"", ""H"", ""H"", ""H""]",C84H68Cl8N4O8,"[true, true, true]","[35.08943392009877, 0.0, 0.0, 0.565084911489637, 17.096655404069576, 0.0, -1.8972767887618718, -1.4718608592400264, 13.095540713852227]",7856.171497637598,[],"{""cutoff=6.000_skin=0.000"": 4744, ""cutoff=6.000_skin=0.500"": 5710}",0.0,,
OPT-RFT-XAFPAY172-R512-v1,16360d404e1cc8ec5ea026f69f45c1e0d210a4962a9adca338d6dcf7b609da30,OPT-RFT-XAFPAY172-R512-v1:0049,XAFPAY_C2_2_11144_z2_86,ef1815f335debe58690e74b2c25b21a0729f123bb0013cd957932ab324ff63cb,49,cross_family_test_set,XAFPAY/structures/XAFPAY_C2_2_11144_z2_86.cif,9bf28d38f229408f0843ae9af3e2cc60a00b073fe75253a2fb131eef976954e8,ef1815f335debe58690e74b2c25b21a0729f123bb0013cd957932ab324ff63cb,0,172,"[""O"", ""C"", ""O"", ""C"", ""C"", ""C"", ""C"", ""C"", ""C"", ""N"", ""C"", ""C"", ""C"", ""C"", ""C"", ""C"", ""C"", ""C"", ""C"", ""C"", ""Cl"", ""C"", ""Cl"", ""C"", ""C"", ""C"", ""H"", ""H"", ""H"", ""H"", ""H"", ""H"", ""H"", ""H"", ""H"", ""H"", ""H"", ""H"", ""H"", ""H"", ""H"", ""H"", ""H"", ""O"", ""C"", ""O"", ""C"", ""C"", ""C"", ""C"", ""C"", ""C"", ""N"", ""C"", ""C"", ""C"", ""C"", ""C"", ""C"", ""C"", ""C"", ""C"", ""C"", ""Cl"", ""C"", ""Cl"", ""C"", ""C"", ""C"", ""H"", ""H"", ""H"", ""H"", ""H"", ""H"", ""H"", ""H"", ""H"", ""H"", ""H"", ""H"", ""H"", ""H"", ""H"", ""H"", ""H"", ""O"", ""C"", ""O"", ""C"", ""C"", ""C"", ""C"", ""C"", ""C"", ""N"", ""C"", ""C"", ""C"", ""C"", ""C"", ""C"", ""C"", ""C"", ""C"", ""C"", ""Cl"", ""C"", ""Cl"", ""C"", ""C"", ""C"", ""H"", ""H"", ""H"", ""H"", ""H"", ""H"", ""H"", ""H"", ""H"", ""H"", ""H"", ""H"", ""H"", ""H"", ""H"", ""H"", ""H"", ""O"", ""C"", ""O"", ""C"", ""C"", ""C"", ""C"", ""C"", ""C"", ""N"", ""C"", ""C"", ""C"", ""C"", ""C"", ""C"", ""C"", ""C"", ""C"", ""C"", ""Cl"", ""C"", ""Cl"", ""C"", ""C"", ""C"", ""H"", ""H"", ""H"", ""H"", ""H"", ""H"", ""H"", ""H"", ""H"", ""H"", ""H"", ""H"", ""H"", ""H"", ""H"", ""H"", ""H""]",C84H68Cl8N4O8,"[true, true, true]","[30.929049443761365, 0.0, 0.0, 9.477002126625422, 23.027252350542586, 0.0, 8.476396661065744, -4.780821528652121, 13.274808472441675]",9454.464968800377,[],"{""cutoff=6.000_skin=0.000"": 4748, ""cutoff=6.000_skin=0.500"": 5484}",0.0,,
OPT-RFT-XAFPAY172-R512-v1,16360d404e1cc8ec5ea026f69f45c1e0d210a4962a9adca338d6dcf7b609da30,OPT-RFT-XAFPAY172-R512-v1:0050,XAFPAY_C3_2_17730_z2_86,71ee8b1bf18f699742e6d7584f57751b845ae4055108499b4c6f5a1eb81df09e,50,cross_family_test_set,XAFPAY/structures/XAFPAY_C3_2_17730_z2_86.cif,cb7c9caf2b9c6fd9fe3f66708fe528678552b8072eca160903fdbe5ab8e58b9d,71ee8b1bf18f699742e6d7584f57751b845ae4055108499b4c6f5a1eb81df09e,0,172,"[""O"", ""C"", ""O"", ""C"", ""C"", ""C"", ""C"", ""C"", ""C"", ""N"", ""C"", ""C"", ""C"", ""C"", ""C"", ""C"", ""C"", ""C"", ""C"", ""C"", ""Cl"", ""C"", ""Cl"", ""C"", ""C"", ""C"", ""H"", ""H"", ""H"", ""H"", ""H"", ""H"", ""H"", ""H"", ""H"", ""H"", ""H"", ""H"", ""H"", ""H"", ""H"", ""H"", ""H"", ""O"", ""C"", ""O"", ""C"", ""C"", ""C"", ""C"", ""C"", ""C"", ""N"", ""C"", ""C"", ""C"", ""C"", ""C"", ""C"", ""C"", ""C"", ""C"", ""C"", ""Cl"", ""C"", ""Cl"", ""C"", ""C"", ""C"", ""H"", ""H"", ""H"", ""H"", ""H"", ""H"", ""H"", ""H"", ""H"", ""H"", ""H"", ""H"", ""H"", ""H"", ""H"", ""H"", ""H"", ""O"", ""C"", ""O"", ""C"", ""C"", ""C"", ""C"", ""C"", ""C"", ""N"", ""C"", ""C"", ""C"", ""C"", ""C"", ""C"", ""C"", ""C"", ""C"", ""C"", ""Cl"", ""C"", ""Cl"", ""C"", ""C"", ""C"", ""H"", ""H"", ""H"", ""H"", ""H"", ""H"", ""H"", ""H"", ""H"", ""H"", ""H"", ""H"", ""H"", ""H"", ""H"", ""H"", ""H"", ""O"", ""C"", ""O"", ""C"", ""C"", ""C"", ""C"", ""C"", ""C"", ""N"", ""C"", ""C"", ""C"", ""C"", ""C"", ""C"", ""C"", ""C"", ""C"", ""C"", ""Cl"", ""C"", ""Cl"", ""C"", ""C"", ""C"", ""H"", ""H"", ""H"", ""H"", ""H"", ""H"", ""H"", ""H"", ""H"", ""H"", ""H"", ""H"", ""H"", ""H"", ""H"", ""H"", ""H""]",C84H68Cl8N4O8,"[true, true, true]","[24.716631646500375, 0.0, 0.0, -0.6391128508071344, 18.6756465320521, 0.0, -12.206971505549507, -12.015053830992494, 17.40936838079149]",8036.1483599355915,[],"{""cutoff=6.000_skin=0.000"": 4754, ""cutoff=6.000_skin=0.500"": 5580}",0.0,,
OPT-RFT-XAFPAY172-R512-v1,16360d404e1cc8ec5ea026f69f45c1e0d210a4962a9adca338d6dcf7b609da30,OPT-RFT-XAFPAY172-R512-v1:0051,XAFPAY_C2_2_15669_z2_86,352cf9f8a4911364e7a0199850547f225cf50ea88bb91883b44edd7cee3c5d7d,51,cross_family_test_set,XAFPAY/structures/XAFPAY_C2_2_15669_z2_86.cif,1011ec2f4f57c722d75607479a6916f3029a86064114d4ffb1a45f74ca9c750b,352cf9f8a4911364e7a0199850547f225cf50ea88bb91883b44edd7cee3c5d7d,0,172,"[""O"", ""C"", ""O"", ""C"", ""C"", ""C"", ""C"", ""C"", ""C"", ""N"", ""C"", ""C"", ""C"", ""C"", ""C"", ""C"", ""C"", ""C"", ""C"", ""C"", ""Cl"", ""C"", ""Cl"", ""C"", ""C"", ""C"", ""H"", ""H"", ""H"", ""H"", ""H"", ""H"", ""H"", ""H"", ""H"", ""H"", ""H"", ""H"", ""H"", ""H"", ""H"", ""H"", ""H"", ""O"", ""C"", ""O"", ""C"", ""C"", ""C"", ""C"", ""C"", ""C"", ""N"", ""C"", ""C"", ""C"", ""C"", ""C"", ""C"", ""C"", ""C"", ""C"", ""C"", ""Cl"", ""C"", ""Cl"", ""C"", ""C"", ""C"", ""H"", ""H"", ""H"", ""H"", ""H"", ""H"", ""H"", ""H"", ""H"", ""H"", ""H"", ""H"", ""H"", ""H"", ""H"", ""H"", ""H"", ""O"", ""C"", ""O"", ""C"", ""C"", ""C"", ""C"", ""C"", ""C"", ""N"", ""C"", ""C"", ""C"", ""C"", ""C"", ""C"", ""C"", ""C"", ""C"", ""C"", ""Cl"", ""C"", ""Cl"", ""C"", ""C"", ""C"", ""H"", ""H"", ""H"", ""H"", ""H"", ""H"", ""H"", ""H"", ""H"", ""H"", ""H"", ""H"", ""H"", ""H"", ""H"", ""H"", ""H"", ""O"", ""C"", ""O"", ""C"", ""C"", ""C"", ""C"", ""C"", ""C"", ""N"", ""C"", ""C"", ""C"", ""C"", ""C"", ""C"", ""C"", ""C"", ""C"", ""C"", ""Cl"", ""C"", ""Cl"", ""C"", ""C"", ""C"", ""H"", ""H"", ""H"", ""H"", ""H"", ""H"", ""H"", ""H"", ""H"", ""H"", ""H"", ""H"", ""H"", ""H"", ""H"", ""H"", ""H""]",C84H68Cl8N4O8,"[true, true, true]","[25.491664856870145, 0.0, 0.0, -8.76263943735863, 17.894258320161327, 0.0, -1.5215646004679835, 2.8661210203451093, 16.246905470397735]",7411.098000941674,[],"{""cutoff=6.000_skin=0.000"": 4758, ""cutoff=6.000_skin=0.500"": 5472}",0.0,,
OPT-RFT-XAFPAY172-R512-v1,16360d404e1cc8ec5ea026f69f45c1e0d210a4962a9adca338d6dcf7b609da30,OPT-RFT-XAFPAY172-R512-v1:0052,XAFPAY_C4_2_5811_z2_86,075d6784db095df411e71cdd0fce4fe1b9d2d75946c48fd9537af8b49b2ba039,52,cross_family_test_set,XAFPAY/structures/XAFPAY_C4_2_5811_z2_86.cif,757a1b12e1eb920684893d0271f2fa3814b52cf291d9c7c0400f3fa38cb4bd07,075d6784db095df411e71cdd0fce4fe1b9d2d75946c48fd9537af8b49b2ba039,0,172,"[""O"", ""C"", ""O"", ""C"", ""C"", ""C"", ""C"", ""C"", ""C"", ""N"", ""C"", ""C"", ""C"", ""C"", ""C"", ""C"", ""C"", ""C"", ""C"", ""C"", ""Cl"", ""C"", ""Cl"", ""C"", ""C"", ""C"", ""H"", ""H"", ""H"", ""H"", ""H"", ""H"", ""H"", ""H"", ""H"", ""H"", ""H"", ""H"", ""H"", ""H"", ""H"", ""H"", ""H"", ""O"", ""C"", ""O"", ""C"", ""C"", ""C"", ""C"", ""C"", ""C"", ""N"", ""C"", ""C"", ""C"", ""C"", ""C"", ""C"", ""C"", ""C"", ""C"", ""C"", ""Cl"", ""C"", ""Cl"", ""C"", ""C"", ""C"", ""H"", ""H"", ""H"", ""H"", ""H"", ""H"", ""H"", ""H"", ""H"", ""H"", ""H"", ""H"", ""H"", ""H"", ""H"", ""H"", ""H"", ""O"", ""C"", ""O"", ""C"", ""C"", ""C"", ""C"", ""C"", ""C"", ""N"", ""C"", ""C"", ""C"", ""C"", ""C"", ""C"", ""C"", ""C"", ""C"", ""C"", ""Cl"", ""C"", ""Cl"", ""C"", ""C"", ""C"", ""H"", ""H"", ""H"", ""H"", ""H"", ""H"", ""H"", ""H"", ""H"", ""H"", ""H"", ""H"", ""H"", ""H"", ""H"", ""H"", ""H"", ""O"", ""C"", ""O"", ""C"", ""C"", ""C"", ""C"", ""C"", ""C"", ""N"", ""C"", ""C"", ""C"", ""C"", ""C"", ""C"", ""C"", ""C"", ""C"", ""C"", ""Cl"", ""C"", ""Cl"", ""C"", ""C"", ""C"", ""H"", ""H"", ""H"", ""H"", ""H"", ""H"", ""H"", ""H"", ""H"", ""H"", ""H"", ""H"", ""H"", ""H"", ""H"", ""H"", ""H""]",C84H68Cl8N4O8,"[true, true, true]","[14.920807226796093, 0.0, 0.0, 18.127105468930623, 23.71031840835472, 0.0, 16.877474110468683, -7.121669521780466, 23.88954484216834]",8451.57366182681,[],"{""cutoff=6.000_skin=0.000"": 4766, ""cutoff=6.000_skin=0.500"": 5588}",0.0,,
OPT-RFT-XAFPAY172-R512-v1,16360d404e1cc8ec5ea026f69f45c1e0d210a4962a9adca338d6dcf7b609da30,OPT-RFT-XAFPAY172-R512-v1:0053,XAFPAY_C3_14_2653_z1_43,0e8e88b1a5a6c5e4742dad36e05f1433c92909212f7cbf49d5ab03346140f6cf,53,cross_family_test_set,XAFPAY/structures/XAFPAY_C3_14_2653_z1_43.cif,171abce4310a588a1c9a2ca0701b26ea9ebd36c188d6c7be2be75afa2e624262,0e8e88b1a5a6c5e4742dad36e05f1433c92909212f7cbf49d5ab03346140f6cf,0,172,"[""O"", ""C"", ""O"", ""C"", ""C"", ""C"", ""C"", ""C"", ""C"", ""N"", ""C"", ""C"", ""C"", ""C"", ""C"", ""C"", ""C"", ""C"", ""C"", ""C"", ""Cl"", ""C"", ""Cl"", ""C"", ""C"", ""C"", ""H"", ""H"", ""H"", ""H"", ""H"", ""H"", ""H"", ""H"", ""H"", ""H"", ""H"", ""H"", ""H"", ""H"", ""H"", ""H"", ""H"", ""O"", ""C"", ""O"", ""C"", ""C"", ""C"", ""C"", ""C"", ""C"", ""N"", ""C"", ""C"", ""C"", ""C"", ""C"", ""C"", ""C"", ""C"", ""C"", ""C"", ""Cl"", ""C"", ""Cl"", ""C"", ""C"", ""C"", ""H"", ""H"", ""H"", ""H"", ""H"", ""H"", ""H"", ""H"", ""H"", ""H"", ""H"", ""H"", ""H"", ""H"", ""H"", ""H"", ""H"", ""O"", ""C"", ""O"", ""C"", ""C"", ""C"", ""C"", ""C"", ""C"", ""N"", ""C"", ""C"", ""C"", ""C"", ""C"", ""C"", ""C"", ""C"", ""C"", ""C"", ""Cl"", ""C"", ""Cl"", ""C"", ""C"", ""C"", ""H"", ""H"", ""H"", ""H"", ""H"", ""H"", ""H"", ""H"", ""H"", ""H"", ""H"", ""H"", ""H"", ""H"", ""H"", ""H"", ""H"", ""O"", ""C"", ""O"", ""C"", ""C"", ""C"", ""C"", ""C"", ""C"", ""N"", ""C"", ""C"", ""C"", ""C"", ""C"", ""C"", ""C"", ""C"", ""C"", ""C"", ""Cl"", ""C"", ""Cl"", ""C"", ""C"", ""C"", ""H"", ""H"", ""H"", ""H"", ""H"", ""H"", ""H"", ""H"", ""H"", ""H"", ""H"", ""H"", ""H"", ""H"", ""H"", ""H"", ""H""]",C84H68Cl8N4O8,"[true, true, true]","[17.980533897513716, 0.0, 0.0, 0.0, 21.405813340376454, 0.0, 0.8009889046528713, 0.0, 20.58731580398417]",7923.809824600103,[],"{""cutoff=6.000_skin=0.000"": 4772, ""cutoff=6.000_skin=0.500"": 5552}",0.0,,
OPT-RFT-XAFPAY172-R512-v1,16360d404e1cc8ec5ea026f69f45c1e0d210a4962a9adca338d6dcf7b609da30,OPT-RFT-XAFPAY172-R512-v1:0054,XAFPAY_C4_2_8061_z2_86,8d39fa69a8efca7c5c1b10a60ef317fefd7d1f91827288e4283f3517c424a410,54,cross_family_test_set,XAFPAY/structures/XAFPAY_C4_2_8061_z2_86.cif,351f8ed1bf9aa08ff7a64bdcd45fbd6fdd611b98ac61c48c5b7ced10db7b927b,8d39fa69a8efca7c5c1b10a60ef317fefd7d1f91827288e4283f3517c424a410,0,172,"[""O"", ""C"", ""O"", ""C"", ""C"", ""C"", ""C"", ""C"", ""C"", ""N"", ""C"", ""C"", ""C"", ""C"", ""C"", ""C"", ""C"", ""C"", ""C"", ""C"", ""Cl"", ""C"", ""Cl"", ""C"", ""C"", ""C"", ""H"", ""H"", ""H"", ""H"", ""H"", ""H"", ""H"", ""H"", ""H"", ""H"", ""H"", ""H"", ""H"", ""H"", ""H"", ""H"", ""H"", ""O"", ""C"", ""O"", ""C"", ""C"", ""C"", ""C"", ""C"", ""C"", ""N"", ""C"", ""C"", ""C"", ""C"", ""C"", ""C"", ""C"", ""C"", ""C"", ""C"", ""Cl"", ""C"", ""Cl"", ""C"", ""C"", ""C"", ""H"", ""H"", ""H"", ""H"", ""H"", ""H"", ""H"", ""H"", ""H"", ""H"", ""H"", ""H"", ""H"", ""H"", ""H"", ""H"", ""H"", ""O"", ""C"", ""O"", ""C"", ""C"", ""C"", ""C"", ""C"", ""C"", ""N"", ""C"", ""C"", ""C"", ""C"", ""C"", ""C"", ""C"", ""C"", ""C"", ""C"", ""Cl"", ""C"", ""Cl"", ""C"", ""C"", ""C"", ""H"", ""H"", ""H"", ""H"", ""H"", ""H"", ""H"", ""H"", ""H"", ""H"", ""H"", ""H"", ""H"", ""H"", ""H"", ""H"", ""H"", ""O"", ""C"", ""O"", ""C"", ""C"", ""C"", ""C"", ""C"", ""C"", ""N"", ""C"", ""C"", ""C"", ""C"", ""C"", ""C"", ""C"", ""C"", ""C"", ""C"", ""Cl"", ""C"", ""Cl"", ""C"", ""C"", ""C"", ""H"", ""H"", ""H"", ""H"", ""H"", ""H"", ""H"", ""H"", ""H"", ""H"", ""H"", ""H"", ""H"", ""H"", ""H"", ""H"", ""H""]",C84H68Cl8N4O8,"[true, true, true]","[23.977018656464395, 0.0, 0.0, -11.788464301682907, 17.583589573986846, 0.0, 10.312370219173475, -8.00466474798883, 20.06583450431296]",8459.797067587479,[],"{""cutoff=6.000_skin=0.000"": 4780, ""cutoff=6.000_skin=0.500"": 5654}",0.0,,
OPT-RFT-XAFPAY172-R512-v1,16360d404e1cc8ec5ea026f69f45c1e0d210a4962a9adca338d6dcf7b609da30,OPT-RFT-XAFPAY172-R512-v1:0055,XAFPAY_C3_2_825_z2_86,9f3b423a05db92345e6dd96d69325f36d33392a1392b13b483b02a85e641c4b6,55,cross_family_test_set,XAFPAY/structures/XAFPAY_C3_2_825_z2_86.cif,37bc00391927778048b02ecd2eedb4f56ddde4594378b3e7bbbbe4136856a237,9f3b423a05db92345e6dd96d69325f36d33392a1392b13b483b02a85e641c4b6,0,172,"[""O"", ""C"", ""O"", ""C"", ""C"", ""C"", ""C"", ""C"", ""C"", ""N"", ""C"", ""C"", ""C"", ""C"", ""C"", ""C"", ""C"", ""C"", ""C"", ""C"", ""Cl"", ""C"", ""Cl"", ""C"", ""C"", ""C"", ""H"", ""H"", ""H"", ""H"", ""H"", ""H"", ""H"", ""H"", ""H"", ""H"", ""H"", ""H"", ""H"", ""H"", ""H"", ""H"", ""H"", ""O"", ""C"", ""O"", ""C"", ""C"", ""C"", ""C"", ""C"", ""C"", ""N"", ""C"", ""C"", ""C"", ""C"", ""C"", ""C"", ""C"", ""C"", ""C"", ""C"", ""Cl"", ""C"", ""Cl"", ""C"", ""C"", ""C"", ""H"", ""H"", ""H"", ""H"", ""H"", ""H"", ""H"", ""H"", ""H"", ""H"", ""H"", ""H"", ""H"", ""H"", ""H"", ""H"", ""H"", ""O"", ""C"", ""O"", ""C"", ""C"", ""C"", ""C"", ""C"", ""C"", ""N"", ""C"", ""C"", ""C"", ""C"", ""C"", ""C"", ""C"", ""C"", ""C"", ""C"", ""Cl"", ""C"", ""Cl"", ""C"", ""C"", ""C"", ""H"", ""H"", ""H"", ""H"", ""H"", ""H"", ""H"", ""H"", ""H"", ""H"", ""H"", ""H"", ""H"", ""H"", ""H"", ""H"", ""H"", ""O"", ""C"", ""O"", ""C"", ""C"", ""C"", ""C"", ""C"", ""C"", ""N"", ""C"", ""C"", ""C"", ""C"", ""C"", ""C"", ""C"", ""C"", ""C"", ""C"", ""Cl"", ""C"", ""Cl"", ""C"", ""C"", ""C"", ""H"", ""H"", ""H"", ""H"", ""H"", ""H"", ""H"", ""H"", ""H"", ""H"", ""H"", ""H"", ""H"", ""H"", ""H"", ""H"", ""H""]",C84H68Cl8N4O8,"[true, true, true]","[21.041922591900644, 0.0, 0.0, 5.51353087112496, 19.506940341923755, 0.0, -3.521836626235681, 9.149806633070453, 17.309790432761556]",7105.037661735396,[],"{""cutoff=6.000_skin=0.000"": 4782, ""cutoff=6.000_skin=0.500"": 5550}",0.0,,
OPT-RFT-XAFPAY172-R512-v1,16360d404e1cc8ec5ea026f69f45c1e0d210a4962a9adca338d6dcf7b609da30,OPT-RFT-XAFPAY172-R512-v1:0056,XAFPAY_C2_2_82_z2_86,8aa0a8b211d4cee7f2e0d884e891dd4646158e06ce3421eb48d7384f2d42fa8b,56,cross_family_test_set,XAFPAY/structures/XAFPAY_C2_2_82_z2_86.cif,39274dcb1f23342a8c2ec46d233e09861ad956ba0b15c2b8ba2f066205404eda,8aa0a8b211d4cee7f2e0d884e891dd4646158e06ce3421eb48d7384f2d42fa8b,0,172,"[""O"", ""C"", ""O"", ""C"", ""C"", ""C"", ""C"", ""C"", ""C"", ""N"", ""C"", ""C"", ""C"", ""C"", ""C"", ""C"", ""C"", ""C"", ""C"", ""C"", ""Cl"", ""C"", ""Cl"", ""C"", ""C"", ""C"", ""H"", ""H"", ""H"", ""H"", ""H"", ""H"", ""H"", ""H"", ""H"", ""H"", ""H"", ""H"", ""H"", ""H"", ""H"", ""H"", ""H"", ""O"", ""C"", ""O"", ""C"", ""C"", ""C"", ""C"", ""C"", ""C"", ""N"", ""C"", ""C"", ""C"", ""C"", ""C"", ""C"", ""C"", ""C"", ""C"", ""C"", ""Cl"", ""C"", ""Cl"", ""C"", ""C"", ""C"", ""H"", ""H"", ""H"", ""H"", ""H"", ""H"", ""H"", ""H"", ""H"", ""H"", ""H"", ""H"", ""H"", ""H"", ""H"", ""H"", ""H"", ""O"", ""C"", ""O"", ""C"", ""C"", ""C"", ""C"", ""C"", ""C"", ""N"", ""C"", ""C"", ""C"", ""C"", ""C"", ""C"", ""C"", ""C"", ""C"", ""C"", ""Cl"", ""C"", ""Cl"", ""C"", ""C"", ""C"", ""H"", ""H"", ""H"", ""H"", ""H"", ""H"", ""H"", ""H"", ""H"", ""H"", ""H"", ""H"", ""H"", ""H"", ""H"", ""H"", ""H"", ""O"", ""C"", ""O"", ""C"", ""C"", ""C"", ""C"", ""C"", ""C"", ""N"", ""C"", ""C"", ""C"", ""C"", ""C"", ""C"", ""C"", ""C"", ""C"", ""C"", ""Cl"", ""C"", ""Cl"", ""C"", ""C"", ""C"", ""H"", ""H"", ""H"", ""H"", ""H"", ""H"", ""H"", ""H"", ""H"", ""H"", ""H"", ""H"", ""H"", ""H"", ""H"", ""H"", ""H""]",C84H68Cl8N4O8,"[true, true, true]","[26.953809369268072, 0.0, 0.0, 10.2166410153356, 25.092674788271356, 0.0, -5.413703680476309, 9.864020731150962, 12.427479203924804]",8405.240714789246,[],"{""cutoff=6.000_skin=0.000"": 4790, ""cutoff=6.000_skin=0.500"": 5516}",0.0,,
OPT-RFT-XAFPAY172-R512-v1,16360d404e1cc8ec5ea026f69f45c1e0d210a4962a9adca338d6dcf7b609da30,OPT-RFT-XAFPAY172-R512-v1:0057,XAFPAY_C1_2_5428_z2_86,47f77db51e171cafe8193f54e3be3b951a63904ccb57e2788796f8fe12217411,57,cross_family_test_set,XAFPAY/structures/XAFPAY_C1_2_5428_z2_86.cif,3bc6d154f934fd4f0cae474e5364d9b42bc83ff41b7fa13858728847671addea,47f77db51e171cafe8193f54e3be3b951a63904ccb57e2788796f8fe12217411,0,172,"[""O"", ""C"", ""O"", ""C"", ""C"", ""C"", ""C"", ""C"", ""C"", ""N"", ""C"", ""C"", ""C"", ""C"", ""C"", ""C"", ""C"", ""C"", ""C"", ""C"", ""Cl"", ""C"", ""Cl"", ""C"", ""C"", ""C"", ""H"", ""H"", ""H"", ""H"", ""H"", ""H"", ""H"", ""H"", ""H"", ""H"", ""H"", ""H"", ""H"", ""H"", ""H"", ""H"", ""H"", ""O"", ""C"", ""O"", ""C"", ""C"", ""C"", ""C"", ""C"", ""C"", ""N"", ""C"", ""C"", ""C"", ""C"", ""C"", ""C"", ""C"", ""C"", ""C"", ""C"", ""Cl"", ""C"", ""Cl"", ""C"", ""C"", ""C"", ""H"", ""H"", ""H"", ""H"", ""H"", ""H"", ""H"", ""H"", ""H"", ""H"", ""H"", ""H"", ""H"", ""H"", ""H"", ""H"", ""H"", ""O"", ""C"", ""O"", ""C"", ""C"", ""C"", ""C"", ""C"", ""C"", ""N"", ""C"", ""C"", ""C"", ""C"", ""C"", ""C"", ""C"", ""C"", ""C"", ""C"", ""Cl"", ""C"", ""Cl"", ""C"", ""C"", ""C"", ""H"", ""H"", ""H"", ""H"", ""H"", ""H"", ""H"", ""H"", ""H"", ""H"", ""H"", ""H"", ""H"", ""H"", ""H"", ""H"", ""H"", ""O"", ""C"", ""O"", ""C"", ""C"", ""C"", ""C"", ""C"", ""C"", ""N"", ""C"", ""C"", ""C"", ""C"", ""C"", ""C"", ""C"", ""C"", ""C"", ""C"", ""Cl"", ""C"", ""Cl"", ""C"", ""C"", ""C"", ""H"", ""H"", ""H"", ""H"", ""H"", ""H"", ""H"", ""H"", ""H"", ""H"", ""H"", ""H"", ""H"", ""H"", ""H"", ""H"", ""H""]",C84H68Cl8N4O8,"[true, true, true]","[20.19038345591195, 0.0, 0.0, -3.414478675295884, 26.170096231087342, 0.0, 0.26002583021006753, 5.718132499451846, 13.809076162851849]",7296.498737931355,[],"{""cutoff=6.000_skin=0.000"": 4794, ""cutoff=6.000_skin=0.500"": 5722}",0.0,,
OPT-RFT-XAFPAY172-R512-v1,16360d404e1cc8ec5ea026f69f45c1e0d210a4962a9adca338d6dcf7b609da30,OPT-RFT-XAFPAY172-R512-v1:0058,XAFPAY_C4_2_10974_z2_86,920a5d93635aa54027cffed41a1a716a73b8da631bffbbc59d0710b06b0b14b4,58,cross_family_test_set,XAFPAY/structures/XAFPAY_C4_2_10974_z2_86.cif,b39ec2700092e6c90bcf943969b669ec56b9bd7016b9a4260a0f07a49f850b33,920a5d93635aa54027cffed41a1a716a73b8da631bffbbc59d0710b06b0b14b4,0,172,"[""O"", ""C"", ""O"", ""C"", ""C"", ""C"", ""C"", ""C"", ""C"", ""N"", ""C"", ""C"", ""C"", ""C"", ""C"", ""C"", ""C"", ""C"", ""C"", ""C"", ""Cl"", ""C"", ""Cl"", ""C"", ""C"", ""C"", ""H"", ""H"", ""H"", ""H"", ""H"", ""H"", ""H"", ""H"", ""H"", ""H"", ""H"", ""H"", ""H"", ""H"", ""H"", ""H"", ""H"", ""O"", ""C"", ""O"", ""C"", ""C"", ""C"", ""C"", ""C"", ""C"", ""N"", ""C"", ""C"", ""C"", ""C"", ""C"", ""C"", ""C"", ""C"", ""C"", ""C"", ""Cl"", ""C"", ""Cl"", ""C"", ""C"", ""C"", ""H"", ""H"", ""H"", ""H"", ""H"", ""H"", ""H"", ""H"", ""H"", ""H"", ""H"", ""H"", ""H"", ""H"", ""H"", ""H"", ""H"", ""O"", ""C"", ""O"", ""C"", ""C"", ""C"", ""C"", ""C"", ""C"", ""N"", ""C"", ""C"", ""C"", ""C"", ""C"", ""C"", ""C"", ""C"", ""C"", ""C"", ""Cl"", ""C"", ""Cl"", ""C"", ""C"", ""C"", ""H"", ""H"", ""H"", ""H"", ""H"", ""H"", ""H"", ""H"", ""H"", ""H"", ""H"", ""H"", ""H"", ""H"", ""H"", ""H"", ""H"", ""O"", ""C"", ""O"", ""C"", ""C"", ""C"", ""C"", ""C"", ""C"", ""N"", ""C"", ""C"", ""C"", ""C"", ""C"", ""C"", ""C"", ""C"", ""C"", ""C"", ""Cl"", ""C"", ""Cl"", ""C"", ""C"", ""C"", ""H"", ""H"", ""H"", ""H"", ""H"", ""H"", ""H"", ""H"", ""H"", ""H"", ""H"", ""H"", ""H"", ""H"", ""H"", ""H"", ""H""]",C84H68Cl8N4O8,"[true, true, true]","[22.94354765697838, 0.0, 0.0, -6.984197544211234, 23.486814146429104, 0.0, 9.932724473273565, -9.52908519771563, 18.809078550294448]",10135.66395198902,[],"{""cutoff=6.000_skin=0.000"": 4796, ""cutoff=6.000_skin=0.500"": 5710}",0.0,,
OPT-RFT-XAFPAY172-R512-v1,16360d404e1cc8ec5ea026f69f45c1e0d210a4962a9adca338d6dcf7b609da30,OPT-RFT-XAFPAY172-R512-v1:0059,XAFPAY_C2_2_17995_z2_86,3c0743592011c015dc9c23d01e5edd038d55c714b525444093782a314f13e1f2,59,cross_family_test_set,XAFPAY/structures/XAFPAY_C2_2_17995_z2_86.cif,a033a3c51539855ba54f891bc4341998d6037e1b68322af5740ef2fc8a476d52,3c0743592011c015dc9c23d01e5edd038d55c714b525444093782a314f13e1f2,0,172,"[""O"", ""C"", ""O"", ""C"", ""C"", ""C"", ""C"", ""C"", ""C"", ""N"", ""C"", ""C"", ""C"", ""C"", ""C"", ""C"", ""C"", ""C"", ""C"", ""C"", ""Cl"", ""C"", ""Cl"", ""C"", ""C"", ""C"", ""H"", ""H"", ""H"", ""H"", ""H"", ""H"", ""H"", ""H"", ""H"", ""H"", ""H"", ""H"", ""H"", ""H"", ""H"", ""H"", ""H"", ""O"", ""C"", ""O"", ""C"", ""C"", ""C"", ""C"", ""C"", ""C"", ""N"", ""C"", ""C"", ""C"", ""C"", ""C"", ""C"", ""C"", ""C"", ""C"", ""C"", ""Cl"", ""C"", ""Cl"", ""C"", ""C"", ""C"", ""H"", ""H"", ""H"", ""H"", ""H"", ""H"", ""H"", ""H"", ""H"", ""H"", ""H"", ""H"", ""H"", ""H"", ""H"", ""H"", ""H"", ""O"", ""C"", ""O"", ""C"", ""C"", ""C"", ""C"", ""C"", ""C"", ""N"", ""C"", ""C"", ""C"", ""C"", ""C"", ""C"", ""C"", ""C"", ""C"", ""C"", ""Cl"", ""C"", ""Cl"", ""C"", ""C"", ""C"", ""H"", ""H"", ""H"", ""H"", ""H"", ""H"", ""H"", ""H"", ""H"", ""H"", ""H"", ""H"", ""H"", ""H"", ""H"", ""H"", ""H"", ""O"", ""C"", ""O"", ""C"", ""C"", ""C"", ""C"", ""C"", ""C"", ""N"", ""C"", ""C"", ""C"", ""C"", ""C"", ""C"", ""C"", ""C"", ""C"", ""C"", ""Cl"", ""C"", ""Cl"", ""C"", ""C"", ""C"", ""H"", ""H"", ""H"", ""H"", ""H"", ""H"", ""H"", ""H"", ""H"", ""H"", ""H"", ""H"", ""H"", ""H"", ""H"", ""H"", ""H""]",C84H68Cl8N4O8,"[true, true, true]","[24.962281749815965, 0.0, 0.0, 2.576816013205911, 16.814823741560687, 0.0, -3.3461842778951487, 10.751499481482828, 21.47107172861328]",9012.189660363254,[],"{""cutoff=6.000_skin=0.000"": 4802, ""cutoff=6.000_skin=0.500"": 5604}",0.0,,
OPT-RFT-XAFPAY172-R512-v1,16360d404e1cc8ec5ea026f69f45c1e0d210a4962a9adca338d6dcf7b609da30,OPT-RFT-XAFPAY172-R512-v1:0060,XAFPAY_C1_14_4177_z1_43,cdc085e0ee2264cbdbeaa2b2b1a13437978761d65bdf892de5aa80ad86a4f862,60,cross_family_test_set,XAFPAY/structures/XAFPAY_C1_14_4177_z1_43.cif,2a0bee45add97908a7aca216b40ad71438cd18cbff93ef7c1377ae077344cfe3,cdc085e0ee2264cbdbeaa2b2b1a13437978761d65bdf892de5aa80ad86a4f862,0,172,"[""O"", ""C"", ""O"", ""C"", ""C"", ""C"", ""C"", ""C"", ""C"", ""N"", ""C"", ""C"", ""C"", ""C"", ""C"", ""C"", ""C"", ""C"", ""C"", ""C"", ""Cl"", ""C"", ""Cl"", ""C"", ""C"", ""C"", ""H"", ""H"", ""H"", ""H"", ""H"", ""H"", ""H"", ""H"", ""H"", ""H"", ""H"", ""H"", ""H"", ""H"", ""H"", ""H"", ""H"", ""O"", ""C"", ""O"", ""C"", ""C"", ""C"", ""C"", ""C"", ""C"", ""N"", ""C"", ""C"", ""C"", ""C"", ""C"", ""C"", ""C"", ""C"", ""C"", ""C"", ""Cl"", ""C"", ""Cl"", ""C"", ""C"", ""C"", ""H"", ""H"", ""H"", ""H"", ""H"", ""H"", ""H"", ""H"", ""H"", ""H"", ""H"", ""H"", ""H"", ""H"", ""H"", ""H"", ""H"", ""O"", ""C"", ""O"", ""C"", ""C"", ""C"", ""C"", ""C"", ""C"", ""N"", ""C"", ""C"", ""C"", ""C"", ""C"", ""C"", ""C"", ""C"", ""C"", ""C"", ""Cl"", ""C"", ""Cl"", ""C"", ""C"", ""C"", ""H"", ""H"", ""H"", ""H"", ""H"", ""H"", ""H"", ""H"", ""H"", ""H"", ""H"", ""H"", ""H"", ""H"", ""H"", ""H"", ""H"", ""O"", ""C"", ""O"", ""C"", ""C"", ""C"", ""C"", ""C"", ""C"", ""N"", ""C"", ""C"", ""C"", ""C"", ""C"", ""C"", ""C"", ""C"", ""C"", ""C"", ""Cl"", ""C"", ""Cl"", ""C"", ""C"", ""C"", ""H"", ""H"", ""H"", ""H"", ""H"", ""H"", ""H"", ""H"", ""H"", ""H"", ""H"", ""H"", ""H"", ""H"", ""H"", ""H"", ""H""]",C84H68Cl8N4O8,"[true, true, true]","[17.86202940314098, 0.0, 0.0, 0.0, 17.871963359348566, 0.0, -5.355990508289424, 0.0, 17.29115833182203]",5519.848434164956,[],"{""cutoff=6.000_skin=0.000"": 4812, ""cutoff=6.000_skin=0.500"": 5752}",0.0,,
OPT-RFT-XAFPAY172-R512-v1,16360d404e1cc8ec5ea026f69f45c1e0d210a4962a9adca338d6dcf7b609da30,OPT-RFT-XAFPAY172-R512-v1:0061,XAFPAY_C1_2_20603_z2_86,608dec1b6f4530faf4c37fe145fe05a9b94c0b42e320d67f7f3f7f8ae5dc7cf8,61,cross_family_test_set,XAFPAY/structures/XAFPAY_C1_2_20603_z2_86.cif,564d29e0e0fae8559aa4e7967e2f371f55ee5b8ddaebbfb99a11cd57b6399ef2,608dec1b6f4530faf4c37fe145fe05a9b94c0b42e320d67f7f3f7f8ae5dc7cf8,0,172,"[""O"", ""C"", ""O"", ""C"", ""C"", ""C"", ""C"", ""C"", ""C"", ""N"", ""C"", ""C"", ""C"", ""C"", ""C"", ""C"", ""C"", ""C"", ""C"", ""C"", ""Cl"", ""C"", ""Cl"", ""C"", ""C"", ""C"", ""H"", ""H"", ""H"", ""H"", ""H"", ""H"", ""H"", ""H"", ""H"", ""H"", ""H"", ""H"", ""H"", ""H"", ""H"", ""H"", ""H"", ""O"", ""C"", ""O"", ""C"", ""C"", ""C"", ""C"", ""C"", ""C"", ""N"", ""C"", ""C"", ""C"", ""C"", ""C"", ""C"", ""C"", ""C"", ""C"", ""C"", ""Cl"", ""C"", ""Cl"", ""C"", ""C"", ""C"", ""H"", ""H"", ""H"", ""H"", ""H"", ""H"", ""H"", ""H"", ""H"", ""H"", ""H"", ""H"", ""H"", ""H"", ""H"", ""H"", ""H"", ""O"", ""C"", ""O"", ""C"", ""C"", ""C"", ""C"", ""C"", ""C"", ""N"", ""C"", ""C"", ""C"", ""C"", ""C"", ""C"", ""C"", ""C"", ""C"", ""C"", ""Cl"", ""C"", ""Cl"", ""C"", ""C"", ""C"", ""H"", ""H"", ""H"", ""H"", ""H"", ""H"", ""H"", ""H"", ""H"", ""H"", ""H"", ""H"", ""H"", ""H"", ""H"", ""H"", ""H"", ""O"", ""C"", ""O"", ""C"", ""C"", ""C"", ""C"", ""C"", ""C"", ""N"", ""C"", ""C"", ""C"", ""C"", ""C"", ""C"", ""C"", ""C"", ""C"", ""C"", ""Cl"", ""C"", ""Cl"", ""C"", ""C"", ""C"", ""H"", ""H"", ""H"", ""H"", ""H"", ""H"", ""H"", ""H"", ""H"", ""H"", ""H"", ""H"", ""H"", ""H"", ""H"", ""H"", ""H""]",C84H68Cl8N4O8,"[true, true, true]","[18.5123217412915, 0.0, 0.0, 1.770412715924057, 18.785725008650324, 0.0, 0.22933140823477194, 11.214803973663939, 21.17660696415421]",7364.533237760408,[],"{""cutoff=6.000_skin=0.000"": 4818, ""cutoff=6.000_skin=0.500"": 5702}",0.0,,
OPT-RFT-XAFPAY172-R512-v1,16360d404e1cc8ec5ea026f69f45c1e0d210a4962a9adca338d6dcf7b609da30,OPT-RFT-XAFPAY172-R512-v1:0062,XAFPAY_C1_2_15942_z2_86,f2a5d2f563f4db73b4cf6e0c46fffa2b76df466607ad467edff4bc5520ef959d,62,cross_family_test_set,XAFPAY/structures/XAFPAY_C1_2_15942_z2_86.cif,aa1ca4a627f3931366ff5d9c96f6104ca42af8dd1c01b0d649ef8476f5ac6f19,f2a5d2f563f4db73b4cf6e0c46fffa2b76df466607ad467edff4bc5520ef959d,0,172,"[""O"", ""C"", ""O"", ""C"", ""C"", ""C"", ""C"", ""C"", ""C"", ""N"", ""C"", ""C"", ""C"", ""C"", ""C"", ""C"", ""C"", ""C"", ""C"", ""C"", ""Cl"", ""C"", ""Cl"", ""C"", ""C"", ""C"", ""H"", ""H"", ""H"", ""H"", ""H"", ""H"", ""H"", ""H"", ""H"", ""H"", ""H"", ""H"", ""H"", ""H"", ""H"", ""H"", ""H"", ""O"", ""C"", ""O"", ""C"", ""C"", ""C"", ""C"", ""C"", ""C"", ""N"", ""C"", ""C"", ""C"", ""C"", ""C"", ""C"", ""C"", ""C"", ""C"", ""C"", ""Cl"", ""C"", ""Cl"", ""C"", ""C"", ""C"", ""H"", ""H"", ""H"", ""H"", ""H"", ""H"", ""H"", ""H"", ""H"", ""H"", ""H"", ""H"", ""H"", ""H"", ""H"", ""H"", ""H"", ""O"", ""C"", ""O"", ""C"", ""C"", ""C"", ""C"", ""C"", ""C"", ""N"", ""C"", ""C"", ""C"", ""C"", ""C"", ""C"", ""C"", ""C"", ""C"", ""C"", ""Cl"", ""C"", ""Cl"", ""C"", ""C"", ""C"", ""H"", ""H"", ""H"", ""H"", ""H"", ""H"", ""H"", ""H"", ""H"", ""H"", ""H"", ""H"", ""H"", ""H"", ""H"", ""H"", ""H"", ""O"", ""C"", ""O"", ""C"", ""C"", ""C"", ""C"", ""C"", ""C"", ""N"", ""C"", ""C"", ""C"", ""C"", ""C"", ""C"", ""C"", ""C"", ""C"", ""C"", ""Cl"", ""C"", ""Cl"", ""C"", ""C"", ""C"", ""H"", ""H"", ""H"", ""H"", ""H"", ""H"", ""H"", ""H"", ""H"", ""H"", ""H"", ""H"", ""H"", ""H"", ""H"", ""H"", ""H""]",C84H68Cl8N4O8,"[true, true, true]","[13.220771726729637, 0.0, 0.0, 3.961308355622776, 14.575015308040184, 0.0, 3.188533792172233, 9.386600070689694, 35.94565898148423]",6926.475079662647,[],"{""cutoff=6.000_skin=0.000"": 4824, ""cutoff=6.000_skin=0.500"": 5704}",0.0,,
OPT-RFT-XAFPAY172-R512-v1,16360d404e1cc8ec5ea026f69f45c1e0d210a4962a9adca338d6dcf7b609da30,OPT-RFT-XAFPAY172-R512-v1:0063,XAFPAY_C3_2_16991_z2_86,be74ecfac6e21ad8c1b745c2b993fad235189d833a6014f00e10fb8c96efd6bb,63,cross_family_test_set,XAFPAY/structures/XAFPAY_C3_2_16991_z2_86.cif,9f93a6c36a420c1739f4af7f08d3de3ab27dfa0f46eb81307ecf58896f44f483,be74ecfac6e21ad8c1b745c2b993fad235189d833a6014f00e10fb8c96efd6bb,0,172,"[""O"", ""C"", ""O"", ""C"", ""C"", ""C"", ""C"", ""C"", ""C"", ""N"", ""C"", ""C"", ""C"", ""C"", ""C"", ""C"", ""C"", ""C"", ""C"", ""C"", ""Cl"", ""C"", ""Cl"", ""C"", ""C"", ""C"", ""H"", ""H"", ""H"", ""H"", ""H"", ""H"", ""H"", ""H"", ""H"", ""H"", ""H"", ""H"", ""H"", ""H"", ""H"", ""H"", ""H"", ""O"", ""C"", ""O"", ""C"", ""C"", ""C"", ""C"", ""C"", ""C"", ""N"", ""C"", ""C"", ""C"", ""C"", ""C"", ""C"", ""C"", ""C"", ""C"", ""C"", ""Cl"", ""C"", ""Cl"", ""C"", ""C"", ""C"", ""H"", ""H"", ""H"", ""H"", ""H"", ""H"", ""H"", ""H"", ""H"", ""H"", ""H"", ""H"", ""H"", ""H"", ""H"", ""H"", ""H"", ""O"", ""C"", ""O"", ""C"", ""C"", ""C"", ""C"", ""C"", ""C"", ""N"", ""C"", ""C"", ""C"", ""C"", ""C"", ""C"", ""C"", ""C"", ""C"", ""C"", ""Cl"", ""C"", ""Cl"", ""C"", ""C"", ""C"", ""H"", ""H"", ""H"", ""H"", ""H"", ""H"", ""H"", ""H"", ""H"", ""H"", ""H"", ""H"", ""H"", ""H"", ""H"", ""H"", ""H"", ""O"", ""C"", ""O"", ""C"", ""C"", ""C"", ""C"", ""C"", ""C"", ""N"", ""C"", ""C"", ""C"", ""C"", ""C"", ""C"", ""C"", ""C"", ""C"", ""C"", ""Cl"", ""C"", ""Cl"", ""C"", ""C"", ""C"", ""H"", ""H"", ""H"", ""H"", ""H"", ""H"", ""H"", ""H"", ""H"", ""H"", ""H"", ""H"", ""H"", ""H"", ""H"", ""H"", ""H""]",C84H68Cl8N4O8,"[true, true, true]","[15.741544007910022, 0.0, 0.0, 2.940405523136126, 26.90168948621731, 0.0, -5.407138927786013, -2.9984367662952325, 14.236155507981458]",6028.643553117395,[],"{""cutoff=6.000_skin=0.000"": 4830, ""cutoff=6.000_skin=0.500"": 5678}",0.0,,
OPT-RFT-XAFPAY172-R512-v1,16360d404e1cc8ec5ea026f69f45c1e0d210a4962a9adca338d6dcf7b609da30,OPT-RFT-XAFPAY172-R512-v1:0064,XAFPAY_C4_2_531_z2_86,6b5f9186e21a7a62dc7811c0919088b3ade93520b7ece23a0397113880e84269,64,cross_family_test_set,XAFPAY/structures/XAFPAY_C4_2_531_z2_86.cif,36b5f566d8c3bda6fc28363d97b2a996f10f15a347d7deae7d401e17e0ccda01,6b5f9186e21a7a62dc7811c0919088b3ade93520b7ece23a0397113880e84269,0,172,"[""O"", ""C"", ""O"", ""C"", ""C"", ""C"", ""C"", ""C"", ""C"", ""N"", ""C"", ""C"", ""C"", ""C"", ""C"", ""C"", ""C"", ""C"", ""C"", ""C"", ""Cl"", ""C"", ""Cl"", ""C"", ""C"", ""C"", ""H"", ""H"", ""H"", ""H"", ""H"", ""H"", ""H"", ""H"", ""H"", ""H"", ""H"", ""H"", ""H"", ""H"", ""H"", ""H"", ""H"", ""O"", ""C"", ""O"", ""C"", ""C"", ""C"", ""C"", ""C"", ""C"", ""N"", ""C"", ""C"", ""C"", ""C"", ""C"", ""C"", ""C"", ""C"", ""C"", ""C"", ""Cl"", ""C"", ""Cl"", ""C"", ""C"", ""C"", ""H"", ""H"", ""H"", ""H"", ""H"", ""H"", ""H"", ""H"", ""H"", ""H"", ""H"", ""H"", ""H"", ""H"", ""H"", ""H"", ""H"", ""O"", ""C"", ""O"", ""C"", ""C"", ""C"", ""C"", ""C"", ""C"", ""N"", ""C"", ""C"", ""C"", ""C"", ""C"", ""C"", ""C"", ""C"", ""C"", ""C"", ""Cl"", ""C"", ""Cl"", ""C"", ""C"", ""C"", ""H"", ""H"", ""H"", ""H"", ""H"", ""H"", ""H"", ""H"", ""H"", ""H"", ""H"", ""H"", ""H"", ""H"", ""H"", ""H"", ""H"", ""O"", ""C"", ""O"", ""C"", ""C"", ""C"", ""C"", ""C"", ""C"", ""N"", ""C"", ""C"", ""C"", ""C"", ""C"", ""C"", ""C"", ""C"", ""C"", ""C"", ""Cl"", ""C"", ""Cl"", ""C"", ""C"", ""C"", ""H"", ""H"", ""H"", ""H"", ""H"", ""H"", ""H"", ""H"", ""H"", ""H"", ""H"", ""H"", ""H"", ""H"", ""H"", ""H"", ""H""]",C84H68Cl8N4O8,"[true, true, true]","[17.150080080303468, 0.0, 0.0, 2.312795892888351, 20.607499070662545, 0.0, 14.242896087555165, 0.9329300245665121, 19.202078418764987]",6786.403534178418,[],"{""cutoff=6.000_skin=0.000"": 4832, ""cutoff=6.000_skin=0.500"": 5744}",0.0,,
OPT-RFT-XAFPAY172-R512-v1,16360d404e1cc8ec5ea026f69f45c1e0d210a4962a9adca338d6dcf7b609da30,OPT-RFT-XAFPAY172-R512-v1:0065,XAFPAY_C4_14_4857_z1_43,be74caf5215c97bc8223635ae949befe9ec104304ecca050e3cab776b56f5069,65,cross_family_test_set,XAFPAY/structures/XAFPAY_C4_14_4857_z1_43.cif,64bc4a1e3a2027c0a7b5c536a0304bdb00061ceba922d54e7129d6552388692c,be74caf5215c97bc8223635ae949befe9ec104304ecca050e3cab776b56f5069,0,172,"[""O"", ""C"", ""O"", ""C"", ""C"", ""C"", ""C"", ""C"", ""C"", ""N"", ""C"", ""C"", ""C"", ""C"", ""C"", ""C"", ""C"", ""C"", ""C"", ""C"", ""Cl"", ""C"", ""Cl"", ""C"", ""C"", ""C"", ""H"", ""H"", ""H"", ""H"", ""H"", ""H"", ""H"", ""H"", ""H"", ""H"", ""H"", ""H"", ""H"", ""H"", ""H"", ""H"", ""H"", ""O"", ""C"", ""O"", ""C"", ""C"", ""C"", ""C"", ""C"", ""C"", ""N"", ""C"", ""C"", ""C"", ""C"", ""C"", ""C"", ""C"", ""C"", ""C"", ""C"", ""Cl"", ""C"", ""Cl"", ""C"", ""C"", ""C"", ""H"", ""H"", ""H"", ""H"", ""H"", ""H"", ""H"", ""H"", ""H"", ""H"", ""H"", ""H"", ""H"", ""H"", ""H"", ""H"", ""H"", ""O"", ""C"", ""O"", ""C"", ""C"", ""C"", ""C"", ""C"", ""C"", ""N"", ""C"", ""C"", ""C"", ""C"", ""C"", ""C"", ""C"", ""C"", ""C"", ""C"", ""Cl"", ""C"", ""Cl"", ""C"", ""C"", ""C"", ""H"", ""H"", ""H"", ""H"", ""H"", ""H"", ""H"", ""H"", ""H"", ""H"", ""H"", ""H"", ""H"", ""H"", ""H"", ""H"", ""H"", ""O"", ""C"", ""O"", ""C"", ""C"", ""C"", ""C"", ""C"", ""C"", ""N"", ""C"", ""C"", ""C"", ""C"", ""C"", ""C"", ""C"", ""C"", ""C"", ""C"", ""Cl"", ""C"", ""Cl"", ""C"", ""C"", ""C"", ""H"", ""H"", ""H"", ""H"", ""H"", ""H"", ""H"", ""H"", ""H"", ""H"", ""H"", ""H"", ""H"", ""H"", ""H"", ""H"", ""H""]",C84H68Cl8N4O8,"[true, true, true]","[18.458094886023293, 0.0, 0.0, 0.0, 18.912168058227095, 0.0, 0.5150248017321698, 0.0, 19.05712781769083]",6652.511584568793,[],"{""cutoff=6.000_skin=0.000"": 4836, ""cutoff=6.000_skin=0.500"": 5660}",0.0,,
OPT-RFT-XAFPAY172-R512-v1,16360d404e1cc8ec5ea026f69f45c1e0d210a4962a9adca338d6dcf7b609da30,OPT-RFT-XAFPAY172-R512-v1:0066,XAFPAY_C3_2_11489_z2_86,514ba0b7c320c1638de24a0a9be8bb6c847c8fbdd9d6df769895b49c2fe65975,66,cross_family_test_set,XAFPAY/structures/XAFPAY_C3_2_11489_z2_86.cif,6a22cb30784bd34375454be53a45eee043e1a99f00229f5069b58ded3a893f3a,514ba0b7c320c1638de24a0a9be8bb6c847c8fbdd9d6df769895b49c2fe65975,0,172,"[""O"", ""C"", ""O"", ""C"", ""C"", ""C"", ""C"", ""C"", ""C"", ""N"", ""C"", ""C"", ""C"", ""C"", ""C"", ""C"", ""C"", ""C"", ""C"", ""C"", ""Cl"", ""C"", ""Cl"", ""C"", ""C"", ""C"", ""H"", ""H"", ""H"", ""H"", ""H"", ""H"", ""H"", ""H"", ""H"", ""H"", ""H"", ""H"", ""H"", ""H"", ""H"", ""H"", ""H"", ""O"", ""C"", ""O"", ""C"", ""C"", ""C"", ""C"", ""C"", ""C"", ""N"", ""C"", ""C"", ""C"", ""C"", ""C"", ""C"", ""C"", ""C"", ""C"", ""C"", ""Cl"", ""C"", ""Cl"", ""C"", ""C"", ""C"", ""H"", ""H"", ""H"", ""H"", ""H"", ""H"", ""H"", ""H"", ""H"", ""H"", ""H"", ""H"", ""H"", ""H"", ""H"", ""H"", ""H"", ""O"", ""C"", ""O"", ""C"", ""C"", ""C"", ""C"", ""C"", ""C"", ""N"", ""C"", ""C"", ""C"", ""C"", ""C"", ""C"", ""C"", ""C"", ""C"", ""C"", ""Cl"", ""C"", ""Cl"", ""C"", ""C"", ""C"", ""H"", ""H"", ""H"", ""H"", ""H"", ""H"", ""H"", ""H"", ""H"", ""H"", ""H"", ""H"", ""H"", ""H"", ""H"", ""H"", ""H"", ""O"", ""C"", ""O"", ""C"", ""C"", ""C"", ""C"", ""C"", ""C"", ""N"", ""C"", ""C"", ""C"", ""C"", ""C"", ""C"", ""C"", ""C"", ""C"", ""C"", ""Cl"", ""C"", ""Cl"", ""C"", ""C"", ""C"", ""H"", ""H"", ""H"", ""H"", ""H"", ""H"", ""H"", ""H"", ""H"", ""H"", ""H"", ""H"", ""H"", ""H"", ""H"", ""H"", ""H""]",C84H68Cl8N4O8,"[true, true, true]","[16.395814590415753, 0.0, 0.0, -0.3259713513437597, 14.519080836863255, 0.0, -6.509567874855168, 15.95704894085715, 31.677236831228086]",7540.8345689196685,[],"{""cutoff=6.000_skin=0.000"": 4840, ""cutoff=6.000_skin=0.500"": 5694}",0.0,,
OPT-RFT-XAFPAY172-R512-v1,16360d404e1cc8ec5ea026f69f45c1e0d210a4962a9adca338d6dcf7b609da30,OPT-RFT-XAFPAY172-R512-v1:0067,XAFPAY_C1_2_15246_z2_86,eca0adb805bd8965d0d7587e602cdb85e94ce9087cd533e8a165ef864b926300,67,cross_family_test_set,XAFPAY/structures/XAFPAY_C1_2_15246_z2_86.cif,72e3aca3ab201e0a07943b236ec01c8fdadd0024ab6c27dab4491c6fe1e9289a,eca0adb805bd8965d0d7587e602cdb85e94ce9087cd533e8a165ef864b926300,0,172,"[""O"", ""C"", ""O"", ""C"", ""C"", ""C"", ""C"", ""C"", ""C"", ""N"", ""C"", ""C"", ""C"", ""C"", ""C"", ""C"", ""C"", ""C"", ""C"", ""C"", ""Cl"", ""C"", ""Cl"", ""C"", ""C"", ""C"", ""H"", ""H"", ""H"", ""H"", ""H"", ""H"", ""H"", ""H"", ""H"", ""H"", ""H"", ""H"", ""H"", ""H"", ""H"", ""H"", ""H"", ""O"", ""C"", ""O"", ""C"", ""C"", ""C"", ""C"", ""C"", ""C"", ""N"", ""C"", ""C"", ""C"", ""C"", ""C"", ""C"", ""C"", ""C"", ""C"", ""C"", ""Cl"", ""C"", ""Cl"", ""C"", ""C"", ""C"", ""H"", ""H"", ""H"", ""H"", ""H"", ""H"", ""H"", ""H"", ""H"", ""H"", ""H"", ""H"", ""H"", ""H"", ""H"", ""H"", ""H"", ""O"", ""C"", ""O"", ""C"", ""C"", ""C"", ""C"", ""C"", ""C"", ""N"", ""C"", ""C"", ""C"", ""C"", ""C"", ""C"", ""C"", ""C"", ""C"", ""C"", ""Cl"", ""C"", ""Cl"", ""C"", ""C"", ""C"", ""H"", ""H"", ""H"", ""H"", ""H"", ""H"", ""H"", ""H"", ""H"", ""H"", ""H"", ""H"", ""H"", ""H"", ""H"", ""H"", ""H"", ""O"", ""C"", ""O"", ""C"", ""C"", ""C"", ""C"", ""C"", ""C"", ""N"", ""C"", ""C"", ""C"", ""C"", ""C"", ""C"", ""C"", ""C"", ""C"", ""C"", ""Cl"", ""C"", ""Cl"", ""C"", ""C"", ""C"", ""H"", ""H"", ""H"", ""H"", ""H"", ""H"", ""H"", ""H"", ""H"", ""H"", ""H"", ""H"", ""H"", ""H"", ""H"", ""H"", ""H""]",C84H68Cl8N4O8,"[true, true, true]","[17.281648103500444, 0.0, 0.0, 2.7705924940743345, 12.567100534748569, 0.0, -9.692500371396978, 5.444219325810579, 35.352868309628526]",7677.943332577243,[],"{""cutoff=6.000_skin=0.000"": 4850, ""cutoff=6.000_skin=0.500"": 5790}",0.0,,
OPT-RFT-XAFPAY172-R512-v1,16360d404e1cc8ec5ea026f69f45c1e0d210a4962a9adca338d6dcf7b609da30,OPT-RFT-XAFPAY172-R512-v1:0068,XAFPAY_C1_2_4728_z2_86,597ded62f01468f2998a63096820acbf3b7d3163822f53341d0581f6e1ada5a2,68,cross_family_test_set,XAFPAY/structures/XAFPAY_C1_2_4728_z2_86.cif,0aaa44719c2188b2831549e5477036bcc47df8df14c314aec5df2fd874882882,597ded62f01468f2998a63096820acbf3b7d3163822f53341d0581f6e1ada5a2,0,172,"[""O"", ""C"", ""O"", ""C"", ""C"", ""C"", ""C"", ""C"", ""C"", ""N"", ""C"", ""C"", ""C"", ""C"", ""C"", ""C"", ""C"", ""C"", ""C"", ""C"", ""Cl"", ""C"", ""Cl"", ""C"", ""C"", ""C"", ""H"", ""H"", ""H"", ""H"", ""H"", ""H"", ""H"", ""H"", ""H"", ""H"", ""H"", ""H"", ""H"", ""H"", ""H"", ""H"", ""H"", ""O"", ""C"", ""O"", ""C"", ""C"", ""C"", ""C"", ""C"", ""C"", ""N"", ""C"", ""C"", ""C"", ""C"", ""C"", ""C"", ""C"", ""C"", ""C"", ""C"", ""Cl"", ""C"", ""Cl"", ""C"", ""C"", ""C"", ""H"", ""H"", ""H"", ""H"", ""H"", ""H"", ""H"", ""H"", ""H"", ""H"", ""H"", ""H"", ""H"", ""H"", ""H"", ""H"", ""H"", ""O"", ""C"", ""O"", ""C"", ""C"", ""C"", ""C"", ""C"", ""C"", ""N"", ""C"", ""C"", ""C"", ""C"", ""C"", ""C"", ""C"", ""C"", ""C"", ""C"", ""Cl"", ""C"", ""Cl"", ""C"", ""C"", ""C"", ""H"", ""H"", ""H"", ""H"", ""H"", ""H"", ""H"", ""H"", ""H"", ""H"", ""H"", ""H"", ""H"", ""H"", ""H"", ""H"", ""H"", ""O"", ""C"", ""O"", ""C"", ""C"", ""C"", ""C"", ""C"", ""C"", ""N"", ""C"", ""C"", ""C"", ""C"", ""C"", ""C"", ""C"", ""C"", ""C"", ""C"", ""Cl"", ""C"", ""Cl"", ""C"", ""C"", ""C"", ""H"", ""H"", ""H"", ""H"", ""H"", ""H"", ""H"", ""H"", ""H"", ""H"", ""H"", ""H"", ""H"", ""H"", ""H"", ""H"", ""H""]",C84H68Cl8N4O8,"[true, true, true]","[13.92709631912814, 0.0, 0.0, 5.968845741970208, 22.834156386427466, 0.0, -7.350840944186898, -2.773789464420842, 21.75818757915987]",6919.39728474305,[],"{""cutoff=6.000_skin=0.000"": 4852, ""cutoff=6.000_skin=0.500"": 5794}",0.0,,
OPT-RFT-XAFPAY172-R512-v1,16360d404e1cc8ec5ea026f69f45c1e0d210a4962a9adca338d6dcf7b609da30,OPT-RFT-XAFPAY172-R512-v1:0069,XAFPAY_C4_2_11422_z2_86,7fc8a22ec7d037426badd278b841ae97c2ad0fa5a01adb6d31f20fd7dc12c3f7,69,cross_family_test_set,XAFPAY/structures/XAFPAY_C4_2_11422_z2_86.cif,a2e18bc05ea204057fb6dd908e49c0ba74e7881b6c410e0bb03ae76e4745e6a2,7fc8a22ec7d037426badd278b841ae97c2ad0fa5a01adb6d31f20fd7dc12c3f7,0,172,"[""O"", ""C"", ""O"", ""C"", ""C"", ""C"", ""C"", ""C"", ""C"", ""N"", ""C"", ""C"", ""C"", ""C"", ""C"", ""C"", ""C"", ""C"", ""C"", ""C"", ""Cl"", ""C"", ""Cl"", ""C"", ""C"", ""C"", ""H"", ""H"", ""H"", ""H"", ""H"", ""H"", ""H"", ""H"", ""H"", ""H"", ""H"", ""H"", ""H"", ""H"", ""H"", ""H"", ""H"", ""O"", ""C"", ""O"", ""C"", ""C"", ""C"", ""C"", ""C"", ""C"", ""N"", ""C"", ""C"", ""C"", ""C"", ""C"", ""C"", ""C"", ""C"", ""C"", ""C"", ""Cl"", ""C"", ""Cl"", ""C"", ""C"", ""C"", ""H"", ""H"", ""H"", ""H"", ""H"", ""H"", ""H"", ""H"", ""H"", ""H"", ""H"", ""H"", ""H"", ""H"", ""H"", ""H"", ""H"", ""O"", ""C"", ""O"", ""C"", ""C"", ""C"", ""C"", ""C"", ""C"", ""N"", ""C"", ""C"", ""C"", ""C"", ""C"", ""C"", ""C"", ""C"", ""C"", ""C"", ""Cl"", ""C"", ""Cl"", ""C"", ""C"", ""C"", ""H"", ""H"", ""H"", ""H"", ""H"", ""H"", ""H"", ""H"", ""H"", ""H"", ""H"", ""H"", ""H"", ""H"", ""H"", ""H"", ""H"", ""O"", ""C"", ""O"", ""C"", ""C"", ""C"", ""C"", ""C"", ""C"", ""N"", ""C"", ""C"", ""C"", ""C"", ""C"", ""C"", ""C"", ""C"", ""C"", ""C"", ""Cl"", ""C"", ""Cl"", ""C"", ""C"", ""C"", ""H"", ""H"", ""H"", ""H"", ""H"", ""H"", ""H"", ""H"", ""H"", ""H"", ""H"", ""H"", ""H"", ""H"", ""H"", ""H"", ""H""]",C84H68Cl8N4O8,"[true, true, true]","[20.346406488339227, 0.0, 0.0, -1.973678475382219, 22.717489056313337, 0.0, 13.27245334330003, -0.19962057913836304, 16.23765480864884]",7505.356899135888,[],"{""cutoff=6.000_skin=0.000"": 4854, ""cutoff=6.000_skin=0.500"": 5698}",0.0,,
OPT-RFT-XAFPAY172-R512-v1,16360d404e1cc8ec5ea026f69f45c1e0d210a4962a9adca338d6dcf7b609da30,OPT-RFT-XAFPAY172-R512-v1:0070,XAFPAY_C3_2_9380_z2_86,7b2370f1488ff19b79a3d4d5f742566e25ee99b3ebef0c55d1a1fd8db1cd2233,70,cross_family_test_set,XAFPAY/structures/XAFPAY_C3_2_9380_z2_86.cif,bf8d30c914affe142101772434f06177c3ca852f1560c3e2f2b1b059b4c78a3d,7b2370f1488ff19b79a3d4d5f742566e25ee99b3ebef0c55d1a1fd8db1cd2233,0,172,"[""O"", ""C"", ""O"", ""C"", ""C"", ""C"", ""C"", ""C"", ""C"", ""N"", ""C"", ""C"", ""C"", ""C"", ""C"", ""C"", ""C"", ""C"", ""C"", ""C"", ""Cl"", ""C"", ""Cl"", ""C"", ""C"", ""C"", ""H"", ""H"", ""H"", ""H"", ""H"", ""H"", ""H"", ""H"", ""H"", ""H"", ""H"", ""H"", ""H"", ""H"", ""H"", ""H"", ""H"", ""O"", ""C"", ""O"", ""C"", ""C"", ""C"", ""C"", ""C"", ""C"", ""N"", ""C"", ""C"", ""C"", ""C"", ""C"", ""C"", ""C"", ""C"", ""C"", ""C"", ""Cl"", ""C"", ""Cl"", ""C"", ""C"", ""C"", ""H"", ""H"", ""H"", ""H"", ""H"", ""H"", ""H"", ""H"", ""H"", ""H"", ""H"", ""H"", ""H"", ""H"", ""H"", ""H"", ""H"", ""O"", ""C"", ""O"", ""C"", ""C"", ""C"", ""C"", ""C"", ""C"", ""N"", ""C"", ""C"", ""C"", ""C"", ""C"", ""C"", ""C"", ""C"", ""C"", ""C"", ""Cl"", ""C"", ""Cl"", ""C"", ""C"", ""C"", ""H"", ""H"", ""H"", ""H"", ""H"", ""H"", ""H"", ""H"", ""H"", ""H"", ""H"", ""H"", ""H"", ""H"", ""H"", ""H"", ""H"", ""O"", ""C"", ""O"", ""C"", ""C"", ""C"", ""C"", ""C"", ""C"", ""N"", ""C"", ""C"", ""C"", ""C"", ""C"", ""C"", ""C"", ""C"", ""C"", ""C"", ""Cl"", ""C"", ""Cl"", ""C"", ""C"", ""C"", ""H"", ""H"", ""H"", ""H"", ""H"", ""H"", ""H"", ""H"", ""H"", ""H"", ""H"", ""H"", ""H"", ""H"", ""H"", ""H"", ""H""]",C84H68Cl8N4O8,"[true, true, true]","[19.303950607442175, 0.0, 0.0, -24.095668395645983, 34.54690804876181, 0.0, 11.972582919759608, 27.316949276104488, 9.27657816839737]",6186.47397391058,[],"{""cutoff=6.000_skin=0.000"": 4860, ""cutoff=6.000_skin=0.500"": 5894}",0.0,,
OPT-RFT-XAFPAY172-R512-v1,16360d404e1cc8ec5ea026f69f45c1e0d210a4962a9adca338d6dcf7b609da30,OPT-RFT-XAFPAY172-R512-v1:0071,XAFPAY_C3_14_3194_z1_43,e32a515cd6d2e69f615bc6ca18444ce0b59dca5275d5472da93705e107a3eca0,71,cross_family_test_set,XAFPAY/structures/XAFPAY_C3_14_3194_z1_43.cif,f9d68df1e87208b74ab047c263b155ebd25c528e99e82b5ad369760b3faf32c0,e32a515cd6d2e69f615bc6ca18444ce0b59dca5275d5472da93705e107a3eca0,0,172,"[""O"", ""C"", ""O"", ""C"", ""C"", ""C"", ""C"", ""C"", ""C"", ""N"", ""C"", ""C"", ""C"", ""C"", ""C"", ""C"", ""C"", ""C"", ""C"", ""C"", ""Cl"", ""C"", ""Cl"", ""C"", ""C"", ""C"", ""H"", ""H"", ""H"", ""H"", ""H"", ""H"", ""H"", ""H"", ""H"", ""H"", ""H"", ""H"", ""H"", ""H"", ""H"", ""H"", ""H"", ""O"", ""C"", ""O"", ""C"", ""C"", ""C"", ""C"", ""C"", ""C"", ""N"", ""C"", ""C"", ""C"", ""C"", ""C"", ""C"", ""C"", ""C"", ""C"", ""C"", ""Cl"", ""C"", ""Cl"", ""C"", ""C"", ""C"", ""H"", ""H"", ""H"", ""H"", ""H"", ""H"", ""H"", ""H"", ""H"", ""H"", ""H"", ""H"", ""H"", ""H"", ""H"", ""H"", ""H"", ""O"", ""C"", ""O"", ""C"", ""C"", ""C"", ""C"", ""C"", ""C"", ""N"", ""C"", ""C"", ""C"", ""C"", ""C"", ""C"", ""C"", ""C"", ""C"", ""C"", ""Cl"", ""C"", ""Cl"", ""C"", ""C"", ""C"", ""H"", ""H"", ""H"", ""H"", ""H"", ""H"", ""H"", ""H"", ""H"", ""H"", ""H"", ""H"", ""H"", ""H"", ""H"", ""H"", ""H"", ""O"", ""C"", ""O"", ""C"", ""C"", ""C"", ""C"", ""C"", ""C"", ""N"", ""C"", ""C"", ""C"", ""C"", ""C"", ""C"", ""C"", ""C"", ""C"", ""C"", ""Cl"", ""C"", ""Cl"", ""C"", ""C"", ""C"", ""H"", ""H"", ""H"", ""H"", ""H"", ""H"", ""H"", ""H"", ""H"", ""H"", ""H"", ""H"", ""H"", ""H"", ""H"", ""H"", ""H""]",C84H68Cl8N4O8,"[true, true, true]","[13.316566621660332, 0.0, 0.0, 0.0, 22.65242104839463, 0.0, 5.2437581147851935, 0.0, 22.04604898143023]",6650.245217897776,[],"{""cutoff=6.000_skin=0.000"": 4864, ""cutoff=6.000_skin=0.500"": 5756}",0.0,,
OPT-RFT-XAFPAY172-R512-v1,16360d404e1cc8ec5ea026f69f45c1e0d210a4962a9adca338d6dcf7b609da30,OPT-RFT-XAFPAY172-R512-v1:0072,XAFPAY_C1_2_6757_z2_86,7e7eeb128a958fd1a2483051935f30479116b7b482bece9f51b6d19f83cc763e,72,cross_family_test_set,XAFPAY/structures/XAFPAY_C1_2_6757_z2_86.cif,b72f83416552c152657b4626f058b34961fcf03239ebcce07eab73f648adbcdd,7e7eeb128a958fd1a2483051935f30479116b7b482bece9f51b6d19f83cc763e,0,172,"[""O"", ""C"", ""O"", ""C"", ""C"", ""C"", ""C"", ""C"", ""C"", ""N"", ""C"", ""C"", ""C"", ""C"", ""C"", ""C"", ""C"", ""C"", ""C"", ""C"", ""Cl"", ""C"", ""Cl"", ""C"", ""C"", ""C"", ""H"", ""H"", ""H"", ""H"", ""H"", ""H"", ""H"", ""H"", ""H"", ""H"", ""H"", ""H"", ""H"", ""H"", ""H"", ""H"", ""H"", ""O"", ""C"", ""O"", ""C"", ""C"", ""C"", ""C"", ""C"", ""C"", ""N"", ""C"", ""C"", ""C"", ""C"", ""C"", ""C"", ""C"", ""C"", ""C"", ""C"", ""Cl"", ""C"", ""Cl"", ""C"", ""C"", ""C"", ""H"", ""H"", ""H"", ""H"", ""H"", ""H"", ""H"", ""H"", ""H"", ""H"", ""H"", ""H"", ""H"", ""H"", ""H"", ""H"", ""H"", ""O"", ""C"", ""O"", ""C"", ""C"", ""C"", ""C"", ""C"", ""C"", ""N"", ""C"", ""C"", ""C"", ""C"", ""C"", ""C"", ""C"", ""C"", ""C"", ""C"", ""Cl"", ""C"", ""Cl"", ""C"", ""C"", ""C"", ""H"", ""H"", ""H"", ""H"", ""H"", ""H"", ""H"", ""H"", ""H"", ""H"", ""H"", ""H"", ""H"", ""H"", ""H"", ""H"", ""H"", ""O"", ""C"", ""O"", ""C"", ""C"", ""C"", ""C"", ""C"", ""C"", ""N"", ""C"", ""C"", ""C"", ""C"", ""C"", ""C"", ""C"", ""C"", ""C"", ""C"", ""Cl"", ""C"", ""Cl"", ""C"", ""C"", ""C"", ""H"", ""H"", ""H"", ""H"", ""H"", ""H"", ""H"", ""H"", ""H"", ""H"", ""H"", ""H"", ""H"", ""H"", ""H"", ""H"", ""H""]",C84H68Cl8N4O8,"[true, true, true]","[19.603750892322807, 0.0, 0.0, -7.152916130764376, 16.643381061318493, 0.0, 3.983375319972521, 2.513477307647259, 18.33550008751858]",5982.3730521519765,[],"{""cutoff=6.000_skin=0.000"": 4872, ""cutoff=6.000_skin=0.500"": 5798}",0.0,,
OPT-RFT-XAFPAY172-R512-v1,16360d404e1cc8ec5ea026f69f45c1e0d210a4962a9adca338d6dcf7b609da30,OPT-RFT-XAFPAY172-R512-v1:0073,XAFPAY_C1_2_8049_z2_86,04bc6ec90046914b8da6ff8a6479d104350d88b16cfc46ead12934242fba6f87,73,cross_family_test_set,XAFPAY/structures/XAFPAY_C1_2_8049_z2_86.cif,566c759427f9f4a84a5e1ecbbe47ada70f8135fbcab392e52c81ff9e53131244,04bc6ec90046914b8da6ff8a6479d104350d88b16cfc46ead12934242fba6f87,0,172,"[""O"", ""C"", ""O"", ""C"", ""C"", ""C"", ""C"", ""C"", ""C"", ""N"", ""C"", ""C"", ""C"", ""C"", ""C"", ""C"", ""C"", ""C"", ""C"", ""C"", ""Cl"", ""C"", ""Cl"", ""C"", ""C"", ""C"", ""H"", ""H"", ""H"", ""H"", ""H"", ""H"", ""H"", ""H"", ""H"", ""H"", ""H"", ""H"", ""H"", ""H"", ""H"", ""H"", ""H"", ""O"", ""C"", ""O"", ""C"", ""C"", ""C"", ""C"", ""C"", ""C"", ""N"", ""C"", ""C"", ""C"", ""C"", ""C"", ""C"", ""C"", ""C"", ""C"", ""C"", ""Cl"", ""C"", ""Cl"", ""C"", ""C"", ""C"", ""H"", ""H"", ""H"", ""H"", ""H"", ""H"", ""H"", ""H"", ""H"", ""H"", ""H"", ""H"", ""H"", ""H"", ""H"", ""H"", ""H"", ""O"", ""C"", ""O"", ""C"", ""C"", ""C"", ""C"", ""C"", ""C"", ""N"", ""C"", ""C"", ""C"", ""C"", ""C"", ""C"", ""C"", ""C"", ""C"", ""C"", ""Cl"", ""C"", ""Cl"", ""C"", ""C"", ""C"", ""H"", ""H"", ""H"", ""H"", ""H"", ""H"", ""H"", ""H"", ""H"", ""H"", ""H"", ""H"", ""H"", ""H"", ""H"", ""H"", ""H"", ""O"", ""C"", ""O"", ""C"", ""C"", ""C"", ""C"", ""C"", ""C"", ""N"", ""C"", ""C"", ""C"", ""C"", ""C"", ""C"", ""C"", ""C"", ""C"", ""C"", ""Cl"", ""C"", ""Cl"", ""C"", ""C"", ""C"", ""H"", ""H"", ""H"", ""H"", ""H"", ""H"", ""H"", ""H"", ""H"", ""H"", ""H"", ""H"", ""H"", ""H"", ""H"", ""H"", ""H""]",C84H68Cl8N4O8,"[true, true, true]","[21.44628374159005, 0.0, 0.0, 10.769887819422083, 16.537991541817185, 0.0, -6.821176121280832, 13.886075514879517, 18.5974374873325]",6596.110471621603,[],"{""cutoff=6.000_skin=0.000"": 4876, ""cutoff=6.000_skin=0.500"": 5876}",0.0,,
OPT-RFT-XAFPAY172-R512-v1,16360d404e1cc8ec5ea026f69f45c1e0d210a4962a9adca338d6dcf7b609da30,OPT-RFT-XAFPAY172-R512-v1:0074,XAFPAY_C3_2_17744_z2_86,83b1e972dbc6953fc6319cb80a6ccf783567ec6cc0a85c48365d1de7b3c78260,74,cross_family_test_set,XAFPAY/structures/XAFPAY_C3_2_17744_z2_86.cif,d5f587820dd70c7c703502f2361d858912e657ca9f59f80e66c6596e22618ec5,83b1e972dbc6953fc6319cb80a6ccf783567ec6cc0a85c48365d1de7b3c78260,0,172,"[""O"", ""C"", ""O"", ""C"", ""C"", ""C"", ""C"", ""C"", ""C"", ""N"", ""C"", ""C"", ""C"", ""C"", ""C"", ""C"", ""C"", ""C"", ""C"", ""C"", ""Cl"", ""C"", ""Cl"", ""C"", ""C"", ""C"", ""H"", ""H"", ""H"", ""H"", ""H"", ""H"", ""H"", ""H"", ""H"", ""H"", ""H"", ""H"", ""H"", ""H"", ""H"", ""H"", ""H"", ""O"", ""C"", ""O"", ""C"", ""C"", ""C"", ""C"", ""C"", ""C"", ""N"", ""C"", ""C"", ""C"", ""C"", ""C"", ""C"", ""C"", ""C"", ""C"", ""C"", ""Cl"", ""C"", ""Cl"", ""C"", ""C"", ""C"", ""H"", ""H"", ""H"", ""H"", ""H"", ""H"", ""H"", ""H"", ""H"", ""H"", ""H"", ""H"", ""H"", ""H"", ""H"", ""H"", ""H"", ""O"", ""C"", ""O"", ""C"", ""C"", ""C"", ""C"", ""C"", ""C"", ""N"", ""C"", ""C"", ""C"", ""C"", ""C"", ""C"", ""C"", ""C"", ""C"", ""C"", ""Cl"", ""C"", ""Cl"", ""C"", ""C"", ""C"", ""H"", ""H"", ""H"", ""H"", ""H"", ""H"", ""H"", ""H"", ""H"", ""H"", ""H"", ""H"", ""H"", ""H"", ""H"", ""H"", ""H"", ""O"", ""C"", ""O"", ""C"", ""C"", ""C"", ""C"", ""C"", ""C"", ""N"", ""C"", ""C"", ""C"", ""C"", ""C"", ""C"", ""C"", ""C"", ""C"", ""C"", ""Cl"", ""C"", ""Cl"", ""C"", ""C"", ""C"", ""H"", ""H"", ""H"", ""H"", ""H"", ""H"", ""H"", ""H"", ""H"", ""H"", ""H"", ""H"", ""H"", ""H"", ""H"", ""H"", ""H""]",C84H68Cl8N4O8,"[true, true, true]","[23.131225259219264, 0.0, 0.0, -8.39782963123024, 16.245846663962347, 0.0, 9.372351957319761, 5.551070139044455, 16.89131062581155]",6347.523776101379,[],"{""cutoff=6.000_skin=0.000"": 4878, ""cutoff=6.000_skin=0.500"": 5890}",0.0,,
OPT-RFT-XAFPAY172-R512-v1,16360d404e1cc8ec5ea026f69f45c1e0d210a4962a9adca338d6dcf7b609da30,OPT-RFT-XAFPAY172-R512-v1:0075,XAFPAY_C4_2_15197_z2_86,b56465cd7599f5567dd164ea7c40ebece7ad167f529fb76b215a241de23834a4,75,cross_family_test_set,XAFPAY/structures/XAFPAY_C4_2_15197_z2_86.cif,07cf7c085d67370964d7aadc0ec11bf3686ee650f4bab2ec0172a308f9d64c19,b56465cd7599f5567dd164ea7c40ebece7ad167f529fb76b215a241de23834a4,0,172,"[""O"", ""C"", ""O"", ""C"", ""C"", ""C"", ""C"", ""C"", ""C"", ""N"", ""C"", ""C"", ""C"", ""C"", ""C"", ""C"", ""C"", ""C"", ""C"", ""C"", ""Cl"", ""C"", ""Cl"", ""C"", ""C"", ""C"", ""H"", ""H"", ""H"", ""H"", ""H"", ""H"", ""H"", ""H"", ""H"", ""H"", ""H"", ""H"", ""H"", ""H"", ""H"", ""H"", ""H"", ""O"", ""C"", ""O"", ""C"", ""C"", ""C"", ""C"", ""C"", ""C"", ""N"", ""C"", ""C"", ""C"", ""C"", ""C"", ""C"", ""C"", ""C"", ""C"", ""C"", ""Cl"", ""C"", ""Cl"", ""C"", ""C"", ""C"", ""H"", ""H"", ""H"", ""H"", ""H"", ""H"", ""H"", ""H"", ""H"", ""H"", ""H"", ""H"", ""H"", ""H"", ""H"", ""H"", ""H"", ""O"", ""C"", ""O"", ""C"", ""C"", ""C"", ""C"", ""C"", ""C"", ""N"", ""C"", ""C"", ""C"", ""C"", ""C"", ""C"", ""C"", ""C"", ""C"", ""C"", ""Cl"", ""C"", ""Cl"", ""C"", ""C"", ""C"", ""H"", ""H"", ""H"", ""H"", ""H"", ""H"", ""H"", ""H"", ""H"", ""H"", ""H"", ""H"", ""H"", ""H"", ""H"", ""H"", ""H"", ""O"", ""C"", ""O"", ""C"", ""C"", ""C"", ""C"", ""C"", ""C"", ""N"", ""C"", ""C"", ""C"", ""C"", ""C"", ""C"", ""C"", ""C"", ""C"", ""C"", ""Cl"", ""C"", ""Cl"", ""C"", ""C"", ""C"", ""H"", ""H"", ""H"", ""H"", ""H"", ""H"", ""H"", ""H"", ""H"", ""H"", ""H"", ""H"", ""H"", ""H"", ""H"", ""H"", ""H""]",C84H68Cl8N4O8,"[true, true, true]","[17.334809964474825, 0.0, 0.0, -0.3017900024814247, 24.159330401667987, 0.0, 9.574104514359714, -1.7191163320026341, 22.709975753656252]",9510.878831076585,[],"{""cutoff=6.000_skin=0.000"": 4882, ""cutoff=6.000_skin=0.500"": 5754}",0.0,,
OPT-RFT-XAFPAY172-R512-v1,16360d404e1cc8ec5ea026f69f45c1e0d210a4962a9adca338d6dcf7b609da30,OPT-RFT-XAFPAY172-R512-v1:0076,XAFPAY_C1_2_456_z2_86,8adc2ce5be7fae081fa702cb2b29870bc4d85fe6b9f3033c422dc46a604d0230,76,cross_family_test_set,XAFPAY/structures/XAFPAY_C1_2_456_z2_86.cif,f0653547582280073c321e5109dc1f0570f83c0953505f6b855bde90fe52d5de,8adc2ce5be7fae081fa702cb2b29870bc4d85fe6b9f3033c422dc46a604d0230,0,172,"[""O"", ""C"", ""O"", ""C"", ""C"", ""C"", ""C"", ""C"", ""C"", ""N"", ""C"", ""C"", ""C"", ""C"", ""C"", ""C"", ""C"", ""C"", ""C"", ""C"", ""Cl"", ""C"", ""Cl"", ""C"", ""C"", ""C"", ""H"", ""H"", ""H"", ""H"", ""H"", ""H"", ""H"", ""H"", ""H"", ""H"", ""H"", ""H"", ""H"", ""H"", ""H"", ""H"", ""H"", ""O"", ""C"", ""O"", ""C"", ""C"", ""C"", ""C"", ""C"", ""C"", ""N"", ""C"", ""C"", ""C"", ""C"", ""C"", ""C"", ""C"", ""C"", ""C"", ""C"", ""Cl"", ""C"", ""Cl"", ""C"", ""C"", ""C"", ""H"", ""H"", ""H"", ""H"", ""H"", ""H"", ""H"", ""H"", ""H"", ""H"", ""H"", ""H"", ""H"", ""H"", ""H"", ""H"", ""H"", ""O"", ""C"", ""O"", ""C"", ""C"", ""C"", ""C"", ""C"", ""C"", ""N"", ""C"", ""C"", ""C"", ""C"", ""C"", ""C"", ""C"", ""C"", ""C"", ""C"", ""Cl"", ""C"", ""Cl"", ""C"", ""C"", ""C"", ""H"", ""H"", ""H"", ""H"", ""H"", ""H"", ""H"", ""H"", ""H"", ""H"", ""H"", ""H"", ""H"", ""H"", ""H"", ""H"", ""H"", ""O"", ""C"", ""O"", ""C"", ""C"", ""C"", ""C"", ""C"", ""C"", ""N"", ""C"", ""C"", ""C"", ""C"", ""C"", ""C"", ""C"", ""C"", ""C"", ""C"", ""Cl"", ""C"", ""Cl"", ""C"", ""C"", ""C"", ""H"", ""H"", ""H"", ""H"", ""H"", ""H"", ""H"", ""H"", ""H"", ""H"", ""H"", ""H"", ""H"", ""H"", ""H"", ""H"", ""H""]",C84H68Cl8N4O8,"[true, true, true]","[16.57558401278562, 0.0, 0.0, 7.852550519983812, 16.437866774844267, 0.0, 4.72916201390781, 12.613513909018083, 20.696628034429924]",5639.15315339231,[],"{""cutoff=6.000_skin=0.000"": 4888, ""cutoff=6.000_skin=0.500"": 5942}",0.0,,
OPT-RFT-XAFPAY172-R512-v1,16360d404e1cc8ec5ea026f69f45c1e0d210a4962a9adca338d6dcf7b609da30,OPT-RFT-XAFPAY172-R512-v1:0077,XAFPAY_C3_2_19827_z2_86,b1d0db8e82b557bce393d8f9ae6d36ce5c0db2a6f9dd06249fa39339118d3745,77,cross_family_test_set,XAFPAY/structures/XAFPAY_C3_2_19827_z2_86.cif,af9bc475a7dd17a5394a7b3282d28244efef015ab050753812f7c1c23a5478f4,b1d0db8e82b557bce393d8f9ae6d36ce5c0db2a6f9dd06249fa39339118d3745,0,172,"[""O"", ""C"", ""O"", ""C"", ""C"", ""C"", ""C"", ""C"", ""C"", ""N"", ""C"", ""C"", ""C"", ""C"", ""C"", ""C"", ""C"", ""C"", ""C"", ""C"", ""Cl"", ""C"", ""Cl"", ""C"", ""C"", ""C"", ""H"", ""H"", ""H"", ""H"", ""H"", ""H"", ""H"", ""H"", ""H"", ""H"", ""H"", ""H"", ""H"", ""H"", ""H"", ""H"", ""H"", ""O"", ""C"", ""O"", ""C"", ""C"", ""C"", ""C"", ""C"", ""C"", ""N"", ""C"", ""C"", ""C"", ""C"", ""C"", ""C"", ""C"", ""C"", ""C"", ""C"", ""Cl"", ""C"", ""Cl"", ""C"", ""C"", ""C"", ""H"", ""H"", ""H"", ""H"", ""H"", ""H"", ""H"", ""H"", ""H"", ""H"", ""H"", ""H"", ""H"", ""H"", ""H"", ""H"", ""H"", ""O"", ""C"", ""O"", ""C"", ""C"", ""C"", ""C"", ""C"", ""C"", ""N"", ""C"", ""C"", ""C"", ""C"", ""C"", ""C"", ""C"", ""C"", ""C"", ""C"", ""Cl"", ""C"", ""Cl"", ""C"", ""C"", ""C"", ""H"", ""H"", ""H"", ""H"", ""H"", ""H"", ""H"", ""H"", ""H"", ""H"", ""H"", ""H"", ""H"", ""H"", ""H"", ""H"", ""H"", ""O"", ""C"", ""O"", ""C"", ""C"", ""C"", ""C"", ""C"", ""C"", ""N"", ""C"", ""C"", ""C"", ""C"", ""C"", ""C"", ""C"", ""C"", ""C"", ""C"", ""Cl"", ""C"", ""Cl"", ""C"", ""C"", ""C"", ""H"", ""H"", ""H"", ""H"", ""H"", ""H"", ""H"", ""H"", ""H"", ""H"", ""H"", ""H"", ""H"", ""H"", ""H"", ""H"", ""H""]",C84H68Cl8N4O8,"[true, true, true]","[50.12986119148741, 0.0, 0.0, -13.487967816355367, 14.618841992237018, 0.0, -3.9388534917652676, -15.668022506739067, 10.537581413825352]",7722.366641281366,[],"{""cutoff=6.000_skin=0.000"": 4890, ""cutoff=6.000_skin=0.500"": 5680}",0.0,,
OPT-RFT-XAFPAY172-R512-v1,16360d404e1cc8ec5ea026f69f45c1e0d210a4962a9adca338d6dcf7b609da30,OPT-RFT-XAFPAY172-R512-v1:0078,XAFPAY_C3_2_15715_z2_86,120bc0685cf680cefab965857ef858b9f1e5c6138cdd21ef56feb4287229ed73,78,cross_family_test_set,XAFPAY/structures/XAFPAY_C3_2_15715_z2_86.cif,b76c5b69a018cd0b1eaef5927f371e59eba6b5ca4ce27fdd067fad1cd1de8135,120bc0685cf680cefab965857ef858b9f1e5c6138cdd21ef56feb4287229ed73,0,172,"[""O"", ""C"", ""O"", ""C"", ""C"", ""C"", ""C"", ""C"", ""C"", ""N"", ""C"", ""C"", ""C"", ""C"", ""C"", ""C"", ""C"", ""C"", ""C"", ""C"", ""Cl"", ""C"", ""Cl"", ""C"", ""C"", ""C"", ""H"", ""H"", ""H"", ""H"", ""H"", ""H"", ""H"", ""H"", ""H"", ""H"", ""H"", ""H"", ""H"", ""H"", ""H"", ""H"", ""H"", ""O"", ""C"", ""O"", ""C"", ""C"", ""C"", ""C"", ""C"", ""C"", ""N"", ""C"", ""C"", ""C"", ""C"", ""C"", ""C"", ""C"", ""C"", ""C"", ""C"", ""Cl"", ""C"", ""Cl"", ""C"", ""C"", ""C"", ""H"", ""H"", ""H"", ""H"", ""H"", ""H"", ""H"", ""H"", ""H"", ""H"", ""H"", ""H"", ""H"", ""H"", ""H"", ""H"", ""H"", ""O"", ""C"", ""O"", ""C"", ""C"", ""C"", ""C"", ""C"", ""C"", ""N"", ""C"", ""C"", ""C"", ""C"", ""C"", ""C"", ""C"", ""C"", ""C"", ""C"", ""Cl"", ""C"", ""Cl"", ""C"", ""C"", ""C"", ""H"", ""H"", ""H"", ""H"", ""H"", ""H"", ""H"", ""H"", ""H"", ""H"", ""H"", ""H"", ""H"", ""H"", ""H"", ""H"", ""H"", ""O"", ""C"", ""O"", ""C"", ""C"", ""C"", ""C"", ""C"", ""C"", ""N"", ""C"", ""C"", ""C"", ""C"", ""C"", ""C"", ""C"", ""C"", ""C"", ""C"", ""Cl"", ""C"", ""Cl"", ""C"", ""C"", ""C"", ""H"", ""H"", ""H"", ""H"", ""H"", ""H"", ""H"", ""H"", ""H"", ""H"", ""H"", ""H"", ""H"", ""H"", ""H"", ""H"", ""H""]",C84H68Cl8N4O8,"[true, true, true]","[24.542464641184097, 0.0, 0.0, 11.187246663882341, 17.54184994033935, 0.0, -11.429050886373615, 3.2473203643286617, 17.138935063618362]",7378.658298137764,[],"{""cutoff=6.000_skin=0.000"": 4896, ""cutoff=6.000_skin=0.500"": 5736}",0.0,,
OPT-RFT-XAFPAY172-R512-v1,16360d404e1cc8ec5ea026f69f45c1e0d210a4962a9adca338d6dcf7b609da30,OPT-RFT-XAFPAY172-R512-v1:0079,XAFPAY_C4_2_10041_z2_86,7c2dc997b5e459af907d780aac49bfd3108b383e5ec900edefe235aeb214cfae,79,cross_family_test_set,XAFPAY/structures/XAFPAY_C4_2_10041_z2_86.cif,faa5efc45360d76cb91187a19891169dd2ede47f0a121fbf8b4bbd53189fbfd1,7c2dc997b5e459af907d780aac49bfd3108b383e5ec900edefe235aeb214cfae,0,172,"[""O"", ""C"", ""O"", ""C"", ""C"", ""C"", ""C"", ""C"", ""C"", ""N"", ""C"", ""C"", ""C"", ""C"", ""C"", ""C"", ""C"", ""C"", ""C"", ""C"", ""Cl"", ""C"", ""Cl"", ""C"", ""C"", ""C"", ""H"", ""H"", ""H"", ""H"", ""H"", ""H"", ""H"", ""H"", ""H"", ""H"", ""H"", ""H"", ""H"", ""H"", ""H"", ""H"", ""H"", ""O"", ""C"", ""O"", ""C"", ""C"", ""C"", ""C"", ""C"", ""C"", ""N"", ""C"", ""C"", ""C"", ""C"", ""C"", ""C"", ""C"", ""C"", ""C"", ""C"", ""Cl"", ""C"", ""Cl"", ""C"", ""C"", ""C"", ""H"", ""H"", ""H"", ""H"", ""H"", ""H"", ""H"", ""H"", ""H"", ""H"", ""H"", ""H"", ""H"", ""H"", ""H"", ""H"", ""H"", ""O"", ""C"", ""O"", ""C"", ""C"", ""C"", ""C"", ""C"", ""C"", ""N"", ""C"", ""C"", ""C"", ""C"", ""C"", ""C"", ""C"", ""C"", ""C"", ""C"", ""Cl"", ""C"", ""Cl"", ""C"", ""C"", ""C"", ""H"", ""H"", ""H"", ""H"", ""H"", ""H"", ""H"", ""H"", ""H"", ""H"", ""H"", ""H"", ""H"", ""H"", ""H"", ""H"", ""H"", ""O"", ""C"", ""O"", ""C"", ""C"", ""C"", ""C"", ""C"", ""C"", ""N"", ""C"", ""C"", ""C"", ""C"", ""C"", ""C"", ""C"", ""C"", ""C"", ""C"", ""Cl"", ""C"", ""Cl"", ""C"", ""C"", ""C"", ""H"", ""H"", ""H"", ""H"", ""H"", ""H"", ""H"", ""H"", ""H"", ""H"", ""H"", ""H"", ""H"", ""H"", ""H"", ""H"", ""H""]",C84H68Cl8N4O8,"[true, true, true]","[26.83436367169581, 0.0, 0.0, -0.40378926007925203, 11.205775051798037, 0.0, -5.238648382695557, -0.47245910010165965, 18.20576332304447]",5474.470172264016,[],"{""cutoff=6.000_skin=0.000"": 4900, ""cutoff=6.000_skin=0.500"": 6118}",0.0,,
OPT-RFT-XAFPAY172-R512-v1,16360d404e1cc8ec5ea026f69f45c1e0d210a4962a9adca338d6dcf7b609da30,OPT-RFT-XAFPAY172-R512-v1:0080,XAFPAY_C1_2_1493_z2_86,fa62396294057c1561c978e5653e6c531ba3f84252c0d95c81df32df3c5b9ed1,80,cross_family_test_set,XAFPAY/structures/XAFPAY_C1_2_1493_z2_86.cif,f2c24fea68743d56b0666f41d8ef3af34ca2851909bafd896a4f125cdfc5ec81,fa62396294057c1561c978e5653e6c531ba3f84252c0d95c81df32df3c5b9ed1,0,172,"[""O"", ""C"", ""O"", ""C"", ""C"", ""C"", ""C"", ""C"", ""C"", ""N"", ""C"", ""C"", ""C"", ""C"", ""C"", ""C"", ""C"", ""C"", ""C"", ""C"", ""Cl"", ""C"", ""Cl"", ""C"", ""C"", ""C"", ""H"", ""H"", ""H"", ""H"", ""H"", ""H"", ""H"", ""H"", ""H"", ""H"", ""H"", ""H"", ""H"", ""H"", ""H"", ""H"", ""H"", ""O"", ""C"", ""O"", ""C"", ""C"", ""C"", ""C"", ""C"", ""C"", ""N"", ""C"", ""C"", ""C"", ""C"", ""C"", ""C"", ""C"", ""C"", ""C"", ""C"", ""Cl"", ""C"", ""Cl"", ""C"", ""C"", ""C"", ""H"", ""H"", ""H"", ""H"", ""H"", ""H"", ""H"", ""H"", ""H"", ""H"", ""H"", ""H"", ""H"", ""H"", ""H"", ""H"", ""H"", ""O"", ""C"", ""O"", ""C"", ""C"", ""C"", ""C"", ""C"", ""C"", ""N"", ""C"", ""C"", ""C"", ""C"", ""C"", ""C"", ""C"", ""C"", ""C"", ""C"", ""Cl"", ""C"", ""Cl"", ""C"", ""C"", ""C"", ""H"", ""H"", ""H"", ""H"", ""H"", ""H"", ""H"", ""H"", ""H"", ""H"", ""H"", ""H"", ""H"", ""H"", ""H"", ""H"", ""H"", ""O"", ""C"", ""O"", ""C"", ""C"", ""C"", ""C"", ""C"", ""C"", ""N"", ""C"", ""C"", ""C"", ""C"", ""C"", ""C"", ""C"", ""C"", ""C"", ""C"", ""Cl"", ""C"", ""Cl"", ""C"", ""C"", ""C"", ""H"", ""H"", ""H"", ""H"", ""H"", ""H"", ""H"", ""H"", ""H"", ""H"", ""H"", ""H"", ""H"", ""H"", ""H"", ""H"", ""H""]",C84H68Cl8N4O8,"[true, true, true]","[20.20002098139196, 0.0, 0.0, -0.5519137084430455, 16.74044843437139, 0.0, -17.742106708357202, 4.102543509469045, 20.275834271064774]",6856.423594829784,[],"{""cutoff=6.000_skin=0.000"": 4904, ""cutoff=6.000_skin=0.500"": 5878}",0.0,,
OPT-RFT-XAFPAY172-R512-v1,16360d404e1cc8ec5ea026f69f45c1e0d210a4962a9adca338d6dcf7b609da30,OPT-RFT-XAFPAY172-R512-v1:0081,XAFPAY_C2_2_9957_z2_86,ae4d27958d34d8fa66d318b6ca1a137690064880db5c241b2bc7dbd397ab8283,81,cross_family_test_set,XAFPAY/structures/XAFPAY_C2_2_9957_z2_86.cif,04b98a7baff5e2259a0a9cdd03e50c8194e5ab23582368a59f0fba965359890d,ae4d27958d34d8fa66d318b6ca1a137690064880db5c241b2bc7dbd397ab8283,0,172,"[""O"", ""C"", ""O"", ""C"", ""C"", ""C"", ""C"", ""C"", ""C"", ""N"", ""C"", ""C"", ""C"", ""C"", ""C"", ""C"", ""C"", ""C"", ""C"", ""C"", ""Cl"", ""C"", ""Cl"", ""C"", ""C"", ""C"", ""H"", ""H"", ""H"", ""H"", ""H"", ""H"", ""H"", ""H"", ""H"", ""H"", ""H"", ""H"", ""H"", ""H"", ""H"", ""H"", ""H"", ""O"", ""C"", ""O"", ""C"", ""C"", ""C"", ""C"", ""C"", ""C"", ""N"", ""C"", ""C"", ""C"", ""C"", ""C"", ""C"", ""C"", ""C"", ""C"", ""C"", ""Cl"", ""C"", ""Cl"", ""C"", ""C"", ""C"", ""H"", ""H"", ""H"", ""H"", ""H"", ""H"", ""H"", ""H"", ""H"", ""H"", ""H"", ""H"", ""H"", ""H"", ""H"", ""H"", ""H"", ""O"", ""C"", ""O"", ""C"", ""C"", ""C"", ""C"", ""C"", ""C"", ""N"", ""C"", ""C"", ""C"", ""C"", ""C"", ""C"", ""C"", ""C"", ""C"", ""C"", ""Cl"", ""C"", ""Cl"", ""C"", ""C"", ""C"", ""H"", ""H"", ""H"", ""H"", ""H"", ""H"", ""H"", ""H"", ""H"", ""H"", ""H"", ""H"", ""H"", ""H"", ""H"", ""H"", ""H"", ""O"", ""C"", ""O"", ""C"", ""C"", ""C"", ""C"", ""C"", ""C"", ""N"", ""C"", ""C"", ""C"", ""C"", ""C"", ""C"", ""C"", ""C"", ""C"", ""C"", ""Cl"", ""C"", ""Cl"", ""C"", ""C"", ""C"", ""H"", ""H"", ""H"", ""H"", ""H"", ""H"", ""H"", ""H"", ""H"", ""H"", ""H"", ""H"", ""H"", ""H"", ""H"", ""H"", ""H""]",C84H68Cl8N4O8,"[true, true, true]","[20.392250318963747, 0.0, 0.0, -2.9693173989565196, 19.878324377836144, 0.0, -15.589772447681343, -9.179292084770507, 16.03190543879827]",6498.753574997687,[],"{""cutoff=6.000_skin=0.000"": 4908, ""cutoff=6.000_skin=0.500"": 5694}",0.0,,
OPT-RFT-XAFPAY172-R512-v1,16360d404e1cc8ec5ea026f69f45c1e0d210a4962a9adca338d6dcf7b609da30,OPT-RFT-XAFPAY172-R512-v1:0082,XAFPAY_C1_14_4011_z1_43,90062fc0bfd476762454c537f25dac924f113db26cca554a9213e5b11ee4bcf1,82,cross_family_test_set,XAFPAY/structures/XAFPAY_C1_14_4011_z1_43.cif,7efbb4fee72d5f556615704e59d133967006e19475a7b69eb939205f3f5d0008,90062fc0bfd476762454c537f25dac924f113db26cca554a9213e5b11ee4bcf1,0,172,"[""O"", ""C"", ""O"", ""C"", ""C"", ""C"", ""C"", ""C"", ""C"", ""N"", ""C"", ""C"", ""C"", ""C"", ""C"", ""C"", ""C"", ""C"", ""C"", ""C"", ""Cl"", ""C"", ""Cl"", ""C"", ""C"", ""C"", ""H"", ""H"", ""H"", ""H"", ""H"", ""H"", ""H"", ""H"", ""H"", ""H"", ""H"", ""H"", ""H"", ""H"", ""H"", ""H"", ""H"", ""O"", ""C"", ""O"", ""C"", ""C"", ""C"", ""C"", ""C"", ""C"", ""N"", ""C"", ""C"", ""C"", ""C"", ""C"", ""C"", ""C"", ""C"", ""C"", ""C"", ""Cl"", ""C"", ""Cl"", ""C"", ""C"", ""C"", ""H"", ""H"", ""H"", ""H"", ""H"", ""H"", ""H"", ""H"", ""H"", ""H"", ""H"", ""H"", ""H"", ""H"", ""H"", ""H"", ""H"", ""O"", ""C"", ""O"", ""C"", ""C"", ""C"", ""C"", ""C"", ""C"", ""N"", ""C"", ""C"", ""C"", ""C"", ""C"", ""C"", ""C"", ""C"", ""C"", ""C"", ""Cl"", ""C"", ""Cl"", ""C"", ""C"", ""C"", ""H"", ""H"", ""H"", ""H"", ""H"", ""H"", ""H"", ""H"", ""H"", ""H"", ""H"", ""H"", ""H"", ""H"", ""H"", ""H"", ""H"", ""O"", ""C"", ""O"", ""C"", ""C"", ""C"", ""C"", ""C"", ""C"", ""N"", ""C"", ""C"", ""C"", ""C"", ""C"", ""C"", ""C"", ""C"", ""C"", ""C"", ""Cl"", ""C"", ""Cl"", ""C"", ""C"", ""C"", ""H"", ""H"", ""H"", ""H"", ""H"", ""H"", ""H"", ""H"", ""H"", ""H"", ""H"", ""H"", ""H"", ""H"", ""H"", ""H"", ""H""]",C84H68Cl8N4O8,"[true, true, true]","[10.236405036979885, 0.0, 0.0, 0.0, 14.34408442281293, 0.0, -4.875867019700244, 0.0, 32.858997375616156]",4824.747637879737,[],"{""cutoff=6.000_skin=0.000"": 4912, ""cutoff=6.000_skin=0.500"": 5968}",0.0,,
OPT-RFT-XAFPAY172-R512-v1,16360d404e1cc8ec5ea026f69f45c1e0d210a4962a9adca338d6dcf7b609da30,OPT-RFT-XAFPAY172-R512-v1:0083,XAFPAY_C1_2_1214_z2_86,65b4ff45ab0a85924bf7d147f30bdf7bb55aee73a14475d517dca6f087a497fe,83,cross_family_test_set,XAFPAY/structures/XAFPAY_C1_2_1214_z2_86.cif,94d82fc7d34c3ab2ef21f570b1184d5d01a448b1b801dbea2233e6da6ef564ae,65b4ff45ab0a85924bf7d147f30bdf7bb55aee73a14475d517dca6f087a497fe,0,172,"[""O"", ""C"", ""O"", ""C"", ""C"", ""C"", ""C"", ""C"", ""C"", ""N"", ""C"", ""C"", ""C"", ""C"", ""C"", ""C"", ""C"", ""C"", ""C"", ""C"", ""Cl"", ""C"", ""Cl"", ""C"", ""C"", ""C"", ""H"", ""H"", ""H"", ""H"", ""H"", ""H"", ""H"", ""H"", ""H"", ""H"", ""H"", ""H"", ""H"", ""H"", ""H"", ""H"", ""H"", ""O"", ""C"", ""O"", ""C"", ""C"", ""C"", ""C"", ""C"", ""C"", ""N"", ""C"", ""C"", ""C"", ""C"", ""C"", ""C"", ""C"", ""C"", ""C"", ""C"", ""Cl"", ""C"", ""Cl"", ""C"", ""C"", ""C"", ""H"", ""H"", ""H"", ""H"", ""H"", ""H"", ""H"", ""H"", ""H"", ""H"", ""H"", ""H"", ""H"", ""H"", ""H"", ""H"", ""H"", ""O"", ""C"", ""O"", ""C"", ""C"", ""C"", ""C"", ""C"", ""C"", ""N"", ""C"", ""C"", ""C"", ""C"", ""C"", ""C"", ""C"", ""C"", ""C"", ""C"", ""Cl"", ""C"", ""Cl"", ""C"", ""C"", ""C"", ""H"", ""H"", ""H"", ""H"", ""H"", ""H"", ""H"", ""H"", ""H"", ""H"", ""H"", ""H"", ""H"", ""H"", ""H"", ""H"", ""H"", ""O"", ""C"", ""O"", ""C"", ""C"", ""C"", ""C"", ""C"", ""C"", ""N"", ""C"", ""C"", ""C"", ""C"", ""C"", ""C"", ""C"", ""C"", ""C"", ""C"", ""Cl"", ""C"", ""Cl"", ""C"", ""C"", ""C"", ""H"", ""H"", ""H"", ""H"", ""H"", ""H"", ""H"", ""H"", ""H"", ""H"", ""H"", ""H"", ""H"", ""H"", ""H"", ""H"", ""H""]",C84H68Cl8N4O8,"[true, true, true]","[22.121396392227282, 0.0, 0.0, 1.393619007738051, 20.99600339235146, 0.0, 13.78475779735642, -6.378199918835912, 17.663021978566235]",8203.783326775418,[],"{""cutoff=6.000_skin=0.000"": 4918, ""cutoff=6.000_skin=0.500"": 5760}",0.0,,
OPT-RFT-XAFPAY172-R512-v1,16360d404e1cc8ec5ea026f69f45c1e0d210a4962a9adca338d6dcf7b609da30,OPT-RFT-XAFPAY172-R512-v1:0084,XAFPAY_C3_2_5357_z2_86,14f65eea9f3488a71167966b449f78ca920f98e97d8e3f439d3bdcb073b3b514,84,cross_family_test_set,XAFPAY/structures/XAFPAY_C3_2_5357_z2_86.cif,0fd165a611c3906ed37ffcc6d780b3ce37ead80a0a2121e4bc71ec05d975276b,14f65eea9f3488a71167966b449f78ca920f98e97d8e3f439d3bdcb073b3b514,0,172,"[""O"", ""C"", ""O"", ""C"", ""C"", ""C"", ""C"", ""C"", ""C"", ""N"", ""C"", ""C"", ""C"", ""C"", ""C"", ""C"", ""C"", ""C"", ""C"", ""C"", ""Cl"", ""C"", ""Cl"", ""C"", ""C"", ""C"", ""H"", ""H"", ""H"", ""H"", ""H"", ""H"", ""H"", ""H"", ""H"", ""H"", ""H"", ""H"", ""H"", ""H"", ""H"", ""H"", ""H"", ""O"", ""C"", ""O"", ""C"", ""C"", ""C"", ""C"", ""C"", ""C"", ""N"", ""C"", ""C"", ""C"", ""C"", ""C"", ""C"", ""C"", ""C"", ""C"", ""C"", ""Cl"", ""C"", ""Cl"", ""C"", ""C"", ""C"", ""H"", ""H"", ""H"", ""H"", ""H"", ""H"", ""H"", ""H"", ""H"", ""H"", ""H"", ""H"", ""H"", ""H"", ""H"", ""H"", ""H"", ""O"", ""C"", ""O"", ""C"", ""C"", ""C"", ""C"", ""C"", ""C"", ""N"", ""C"", ""C"", ""C"", ""C"", ""C"", ""C"", ""C"", ""C"", ""C"", ""C"", ""Cl"", ""C"", ""Cl"", ""C"", ""C"", ""C"", ""H"", ""H"", ""H"", ""H"", ""H"", ""H"", ""H"", ""H"", ""H"", ""H"", ""H"", ""H"", ""H"", ""H"", ""H"", ""H"", ""H"", ""O"", ""C"", ""O"", ""C"", ""C"", ""C"", ""C"", ""C"", ""C"", ""N"", ""C"", ""C"", ""C"", ""C"", ""C"", ""C"", ""C"", ""C"", ""C"", ""C"", ""Cl"", ""C"", ""Cl"", ""C"", ""C"", ""C"", ""H"", ""H"", ""H"", ""H"", ""H"", ""H"", ""H"", ""H"", ""H"", ""H"", ""H"", ""H"", ""H"", ""H"", ""H"", ""H"", ""H""]",C84H68Cl8N4O8,"[true, true, true]","[23.314055450774973, 0.0, 0.0, 0.5935959997394457, 22.917171298255056, 0.0, 2.9065115495910954, 7.834954250932944, 11.731747307388046]",6268.181107127735,[],"{""cutoff=6.000_skin=0.000"": 4922, ""cutoff=6.000_skin=0.500"": 5956}",0.0,,
OPT-RFT-XAFPAY172-R512-v1,16360d404e1cc8ec5ea026f69f45c1e0d210a4962a9adca338d6dcf7b609da30,OPT-RFT-XAFPAY172-R512-v1:0085,XAFPAY_C1_2_20186_z2_86,4306bae43d679c5808875400cd4f74ee6b87cc6936e33d27d7408fd913719557,85,cross_family_test_set,XAFPAY/structures/XAFPAY_C1_2_20186_z2_86.cif,dc0fc3ce7a8b98056508dd83d7d73fdba0e623707fdf9dafe60d00e218d2a14a,4306bae43d679c5808875400cd4f74ee6b87cc6936e33d27d7408fd913719557,0,172,"[""O"", ""C"", ""O"", ""C"", ""C"", ""C"", ""C"", ""C"", ""C"", ""N"", ""C"", ""C"", ""C"", ""C"", ""C"", ""C"", ""C"", ""C"", ""C"", ""C"", ""Cl"", ""C"", ""Cl"", ""C"", ""C"", ""C"", ""H"", ""H"", ""H"", ""H"", ""H"", ""H"", ""H"", ""H"", ""H"", ""H"", ""H"", ""H"", ""H"", ""H"", ""H"", ""H"", ""H"", ""O"", ""C"", ""O"", ""C"", ""C"", ""C"", ""C"", ""C"", ""C"", ""N"", ""C"", ""C"", ""C"", ""C"", ""C"", ""C"", ""C"", ""C"", ""C"", ""C"", ""Cl"", ""C"", ""Cl"", ""C"", ""C"", ""C"", ""H"", ""H"", ""H"", ""H"", ""H"", ""H"", ""H"", ""H"", ""H"", ""H"", ""H"", ""H"", ""H"", ""H"", ""H"", ""H"", ""H"", ""O"", ""C"", ""O"", ""C"", ""C"", ""C"", ""C"", ""C"", ""C"", ""N"", ""C"", ""C"", ""C"", ""C"", ""C"", ""C"", ""C"", ""C"", ""C"", ""C"", ""Cl"", ""C"", ""Cl"", ""C"", ""C"", ""C"", ""H"", ""H"", ""H"", ""H"", ""H"", ""H"", ""H"", ""H"", ""H"", ""H"", ""H"", ""H"", ""H"", ""H"", ""H"", ""H"", ""H"", ""O"", ""C"", ""O"", ""C"", ""C"", ""C"", ""C"", ""C"", ""C"", ""N"", ""C"", ""C"", ""C"", ""C"", ""C"", ""C"", ""C"", ""C"", ""C"", ""C"", ""Cl"", ""C"", ""Cl"", ""C"", ""C"", ""C"", ""H"", ""H"", ""H"", ""H"", ""H"", ""H"", ""H"", ""H"", ""H"", ""H"", ""H"", ""H"", ""H"", ""H"", ""H"", ""H"", ""H""]",C84H68Cl8N4O8,"[true, true, true]","[18.36769252524097, 0.0, 0.0, 2.0951342389827876, 21.377173705785307, 0.0, 1.5212596574694066, -8.814961459284827, 18.065101039494625]",7093.250247439439,[],"{""cutoff=6.000_skin=0.000"": 4926, ""cutoff=6.000_skin=0.500"": 5868}",0.0,,
OPT-RFT-XAFPAY172-R512-v1,16360d404e1cc8ec5ea026f69f45c1e0d210a4962a9adca338d6dcf7b609da30,OPT-RFT-XAFPAY172-R512-v1:0086,XAFPAY_C2_2_19375_z2_86,97267ecab755f3eecd78584f99a7b810804a8d49282721bf0476f34c5cb69366,86,cross_family_test_set,XAFPAY/structures/XAFPAY_C2_2_19375_z2_86.cif,cd1d91e9a87d13f28b0a5222d158ff903724885d621910fd558e1a9d861b796c,97267ecab755f3eecd78584f99a7b810804a8d49282721bf0476f34c5cb69366,0,172,"[""O"", ""C"", ""O"", ""C"", ""C"", ""C"", ""C"", ""C"", ""C"", ""N"", ""C"", ""C"", ""C"", ""C"", ""C"", ""C"", ""C"", ""C"", ""C"", ""C"", ""Cl"", ""C"", ""Cl"", ""C"", ""C"", ""C"", ""H"", ""H"", ""H"", ""H"", ""H"", ""H"", ""H"", ""H"", ""H"", ""H"", ""H"", ""H"", ""H"", ""H"", ""H"", ""H"", ""H"", ""O"", ""C"", ""O"", ""C"", ""C"", ""C"", ""C"", ""C"", ""C"", ""N"", ""C"", ""C"", ""C"", ""C"", ""C"", ""C"", ""C"", ""C"", ""C"", ""C"", ""Cl"", ""C"", ""Cl"", ""C"", ""C"", ""C"", ""H"", ""H"", ""H"", ""H"", ""H"", ""H"", ""H"", ""H"", ""H"", ""H"", ""H"", ""H"", ""H"", ""H"", ""H"", ""H"", ""H"", ""O"", ""C"", ""O"", ""C"", ""C"", ""C"", ""C"", ""C"", ""C"", ""N"", ""C"", ""C"", ""C"", ""C"", ""C"", ""C"", ""C"", ""C"", ""C"", ""C"", ""Cl"", ""C"", ""Cl"", ""C"", ""C"", ""C"", ""H"", ""H"", ""H"", ""H"", ""H"", ""H"", ""H"", ""H"", ""H"", ""H"", ""H"", ""H"", ""H"", ""H"", ""H"", ""H"", ""H"", ""O"", ""C"", ""O"", ""C"", ""C"", ""C"", ""C"", ""C"", ""C"", ""N"", ""C"", ""C"", ""C"", ""C"", ""C"", ""C"", ""C"", ""C"", ""C"", ""C"", ""Cl"", ""C"", ""Cl"", ""C"", ""C"", ""C"", ""H"", ""H"", ""H"", ""H"", ""H"", ""H"", ""H"", ""H"", ""H"", ""H"", ""H"", ""H"", ""H"", ""H"", ""H"", ""H"", ""H""]",C84H68Cl8N4O8,"[true, true, true]","[18.42248738895376, 0.0, 0.0, 4.512268360236343, 22.27372960872753, 0.0, 1.977424453504892, -0.15581763290223402, 29.59998454409477]",12145.98374138621,[],"{""cutoff=6.000_skin=0.000"": 4928, ""cutoff=6.000_skin=0.500"": 5652}",0.0,,
OPT-RFT-XAFPAY172-R512-v1,16360d404e1cc8ec5ea026f69f45c1e0d210a4962a9adca338d6dcf7b609da30,OPT-RFT-XAFPAY172-R512-v1:0087,XAFPAY_C1_2_10555_z2_86,0a105f12c77ca69139ee0c71065e50665a58728dab1d61c18ef6e16f3961bbb2,87,cross_family_test_set,XAFPAY/structures/XAFPAY_C1_2_10555_z2_86.cif,777b0c395b6e97d1c0d9d25c18e60694f8b931380e155e9c99529baebc0f8564,0a105f12c77ca69139ee0c71065e50665a58728dab1d61c18ef6e16f3961bbb2,0,172,"[""O"", ""C"", ""O"", ""C"", ""C"", ""C"", ""C"", ""C"", ""C"", ""N"", ""C"", ""C"", ""C"", ""C"", ""C"", ""C"", ""C"", ""C"", ""C"", ""C"", ""Cl"", ""C"", ""Cl"", ""C"", ""C"", ""C"", ""H"", ""H"", ""H"", ""H"", ""H"", ""H"", ""H"", ""H"", ""H"", ""H"", ""H"", ""H"", ""H"", ""H"", ""H"", ""H"", ""H"", ""O"", ""C"", ""O"", ""C"", ""C"", ""C"", ""C"", ""C"", ""C"", ""N"", ""C"", ""C"", ""C"", ""C"", ""C"", ""C"", ""C"", ""C"", ""C"", ""C"", ""Cl"", ""C"", ""Cl"", ""C"", ""C"", ""C"", ""H"", ""H"", ""H"", ""H"", ""H"", ""H"", ""H"", ""H"", ""H"", ""H"", ""H"", ""H"", ""H"", ""H"", ""H"", ""H"", ""H"", ""O"", ""C"", ""O"", ""C"", ""C"", ""C"", ""C"", ""C"", ""C"", ""N"", ""C"", ""C"", ""C"", ""C"", ""C"", ""C"", ""C"", ""C"", ""C"", ""C"", ""Cl"", ""C"", ""Cl"", ""C"", ""C"", ""C"", ""H"", ""H"", ""H"", ""H"", ""H"", ""H"", ""H"", ""H"", ""H"", ""H"", ""H"", ""H"", ""H"", ""H"", ""H"", ""H"", ""H"", ""O"", ""C"", ""O"", ""C"", ""C"", ""C"", ""C"", ""C"", ""C"", ""N"", ""C"", ""C"", ""C"", ""C"", ""C"", ""C"", ""C"", ""C"", ""C"", ""C"", ""Cl"", ""C"", ""Cl"", ""C"", ""C"", ""C"", ""H"", ""H"", ""H"", ""H"", ""H"", ""H"", ""H"", ""H"", ""H"", ""H"", ""H"", ""H"", ""H"", ""H"", ""H"", ""H"", ""H""]",C84H68Cl8N4O8,"[true, true, true]","[15.300788387431979, 0.0, 0.0, 5.00606717633226, 15.127606662315268, 0.0, -5.07871632102962, 9.656699351881917, 24.01835805852839]",5559.392635681301,[],"{""cutoff=6.000_skin=0.000"": 4934, ""cutoff=6.000_skin=0.500"": 5990}",0.0,,
OPT-RFT-XAFPAY172-R512-v1,16360d404e1cc8ec5ea026f69f45c1e0d210a4962a9adca338d6dcf7b609da30,OPT-RFT-XAFPAY172-R512-v1:0088,XAFPAY_C3_14_4690_z1_43,805d5eeff8bdbb545a6bf0e0167fe7cbdc647099a4de0a686ab416913bd6df50,88,cross_family_test_set,XAFPAY/structures/XAFPAY_C3_14_4690_z1_43.cif,a35e7ec5b75686ce72c8851703e9c141bee22d748bc96837f43d343d04df6817,805d5eeff8bdbb545a6bf0e0167fe7cbdc647099a4de0a686ab416913bd6df50,0,172,"[""O"", ""C"", ""O"", ""C"", ""C"", ""C"", ""C"", ""C"", ""C"", ""N"", ""C"", ""C"", ""C"", ""C"", ""C"", ""C"", ""C"", ""C"", ""C"", ""C"", ""Cl"", ""C"", ""Cl"", ""C"", ""C"", ""C"", ""H"", ""H"", ""H"", ""H"", ""H"", ""H"", ""H"", ""H"", ""H"", ""H"", ""H"", ""H"", ""H"", ""H"", ""H"", ""H"", ""H"", ""O"", ""C"", ""O"", ""C"", ""C"", ""C"", ""C"", ""C"", ""C"", ""N"", ""C"", ""C"", ""C"", ""C"", ""C"", ""C"", ""C"", ""C"", ""C"", ""C"", ""Cl"", ""C"", ""Cl"", ""C"", ""C"", ""C"", ""H"", ""H"", ""H"", ""H"", ""H"", ""H"", ""H"", ""H"", ""H"", ""H"", ""H"", ""H"", ""H"", ""H"", ""H"", ""H"", ""H"", ""O"", ""C"", ""O"", ""C"", ""C"", ""C"", ""C"", ""C"", ""C"", ""N"", ""C"", ""C"", ""C"", ""C"", ""C"", ""C"", ""C"", ""C"", ""C"", ""C"", ""Cl"", ""C"", ""Cl"", ""C"", ""C"", ""C"", ""H"", ""H"", ""H"", ""H"", ""H"", ""H"", ""H"", ""H"", ""H"", ""H"", ""H"", ""H"", ""H"", ""H"", ""H"", ""H"", ""H"", ""O"", ""C"", ""O"", ""C"", ""C"", ""C"", ""C"", ""C"", ""C"", ""N"", ""C"", ""C"", ""C"", ""C"", ""C"", ""C"", ""C"", ""C"", ""C"", ""C"", ""Cl"", ""C"", ""Cl"", ""C"", ""C"", ""C"", ""H"", ""H"", ""H"", ""H"", ""H"", ""H"", ""H"", ""H"", ""H"", ""H"", ""H"", ""H"", ""H"", ""H"", ""H"", ""H"", ""H""]",C84H68Cl8N4O8,"[true, true, true]","[10.461756036161049, 0.0, 0.0, 0.0, 58.21685749617356, 0.0, -1.907242594855231, 0.0, 11.6978464153082]",7124.579913744746,[],"{""cutoff=6.000_skin=0.000"": 4936, ""cutoff=6.000_skin=0.500"": 5644}",0.0,,
OPT-RFT-XAFPAY172-R512-v1,16360d404e1cc8ec5ea026f69f45c1e0d210a4962a9adca338d6dcf7b609da30,OPT-RFT-XAFPAY172-R512-v1:0089,XAFPAY_C1_14_3683_z1_43,d4832cbfb09eab718d6c0e59a7196b795f56141ad61f66c86ab7e2c0520d1141,89,cross_family_test_set,XAFPAY/structures/XAFPAY_C1_14_3683_z1_43.cif,4293e100c0a5cdc6bd663da1d1b530fe26e8e5dbc6e67518878e7288f0f1cc2c,d4832cbfb09eab718d6c0e59a7196b795f56141ad61f66c86ab7e2c0520d1141,0,172,"[""O"", ""C"", ""O"", ""C"", ""C"", ""C"", ""C"", ""C"", ""C"", ""N"", ""C"", ""C"", ""C"", ""C"", ""C"", ""C"", ""C"", ""C"", ""C"", ""C"", ""Cl"", ""C"", ""Cl"", ""C"", ""C"", ""C"", ""H"", ""H"", ""H"", ""H"", ""H"", ""H"", ""H"", ""H"", ""H"", ""H"", ""H"", ""H"", ""H"", ""H"", ""H"", ""H"", ""H"", ""O"", ""C"", ""O"", ""C"", ""C"", ""C"", ""C"", ""C"", ""C"", ""N"", ""C"", ""C"", ""C"", ""C"", ""C"", ""C"", ""C"", ""C"", ""C"", ""C"", ""Cl"", ""C"", ""Cl"", ""C"", ""C"", ""C"", ""H"", ""H"", ""H"", ""H"", ""H"", ""H"", ""H"", ""H"", ""H"", ""H"", ""H"", ""H"", ""H"", ""H"", ""H"", ""H"", ""H"", ""O"", ""C"", ""O"", ""C"", ""C"", ""C"", ""C"", ""C"", ""C"", ""N"", ""C"", ""C"", ""C"", ""C"", ""C"", ""C"", ""C"", ""C"", ""C"", ""C"", ""Cl"", ""C"", ""Cl"", ""C"", ""C"", ""C"", ""H"", ""H"", ""H"", ""H"", ""H"", ""H"", ""H"", ""H"", ""H"", ""H"", ""H"", ""H"", ""H"", ""H"", ""H"", ""H"", ""H"", ""O"", ""C"", ""O"", ""C"", ""C"", ""C"", ""C"", ""C"", ""C"", ""N"", ""C"", ""C"", ""C"", ""C"", ""C"", ""C"", ""C"", ""C"", ""C"", ""C"", ""Cl"", ""C"", ""Cl"", ""C"", ""C"", ""C"", ""H"", ""H"", ""H"", ""H"", ""H"", ""H"", ""H"", ""H"", ""H"", ""H"", ""H"", ""H"", ""H"", ""H"", ""H"", ""H"", ""H""]",C84H68Cl8N4O8,"[true, true, true]","[9.438142743381398, 0.0, 0.0, 0.0, 26.79546625661566, 0.0, -0.2723423197032391, 0.0, 25.634859690063703]",6483.041542313713,[],"{""cutoff=6.000_skin=0.000"": 4944, ""cutoff=6.000_skin=0.500"": 5804}",0.0,,
OPT-RFT-XAFPAY172-R512-v1,16360d404e1cc8ec5ea026f69f45c1e0d210a4962a9adca338d6dcf7b609da30,OPT-RFT-XAFPAY172-R512-v1:0090,XAFPAY_C2_2_15487_z2_86,196048a9d96c506f17c3f70059d9d9ff12bd89b0bbbf0b39f34c491943f1f942,90,cross_family_test_set,XAFPAY/structures/XAFPAY_C2_2_15487_z2_86.cif,94c614416e9d9de3440ddab08451311b478a82c24a4f37c12b4a7dd228304fbf,196048a9d96c506f17c3f70059d9d9ff12bd89b0bbbf0b39f34c491943f1f942,0,172,"[""O"", ""C"", ""O"", ""C"", ""C"", ""C"", ""C"", ""C"", ""C"", ""N"", ""C"", ""C"", ""C"", ""C"", ""C"", ""C"", ""C"", ""C"", ""C"", ""C"", ""Cl"", ""C"", ""Cl"", ""C"", ""C"", ""C"", ""H"", ""H"", ""H"", ""H"", ""H"", ""H"", ""H"", ""H"", ""H"", ""H"", ""H"", ""H"", ""H"", ""H"", ""H"", ""H"", ""H"", ""O"", ""C"", ""O"", ""C"", ""C"", ""C"", ""C"", ""C"", ""C"", ""N"", ""C"", ""C"", ""C"", ""C"", ""C"", ""C"", ""C"", ""C"", ""C"", ""C"", ""Cl"", ""C"", ""Cl"", ""C"", ""C"", ""C"", ""H"", ""H"", ""H"", ""H"", ""H"", ""H"", ""H"", ""H"", ""H"", ""H"", ""H"", ""H"", ""H"", ""H"", ""H"", ""H"", ""H"", ""O"", ""C"", ""O"", ""C"", ""C"", ""C"", ""C"", ""C"", ""C"", ""N"", ""C"", ""C"", ""C"", ""C"", ""C"", ""C"", ""C"", ""C"", ""C"", ""C"", ""Cl"", ""C"", ""Cl"", ""C"", ""C"", ""C"", ""H"", ""H"", ""H"", ""H"", ""H"", ""H"", ""H"", ""H"", ""H"", ""H"", ""H"", ""H"", ""H"", ""H"", ""H"", ""H"", ""H"", ""O"", ""C"", ""O"", ""C"", ""C"", ""C"", ""C"", ""C"", ""C"", ""N"", ""C"", ""C"", ""C"", ""C"", ""C"", ""C"", ""C"", ""C"", ""C"", ""C"", ""Cl"", ""C"", ""Cl"", ""C"", ""C"", ""C"", ""H"", ""H"", ""H"", ""H"", ""H"", ""H"", ""H"", ""H"", ""H"", ""H"", ""H"", ""H"", ""H"", ""H"", ""H"", ""H"", ""H""]",C84H68Cl8N4O8,"[true, true, true]","[20.27369197340549, 0.0, 0.0, 6.33725429472427, 20.37773135591206, 0.0, -11.717942619333527, 9.713709089002462, 14.611017527448755]",6036.276681430084,[],"{""cutoff=6.000_skin=0.000"": 4948, ""cutoff=6.000_skin=0.500"": 5872}",0.0,,
OPT-RFT-XAFPAY172-R512-v1,16360d404e1cc8ec5ea026f69f45c1e0d210a4962a9adca338d6dcf7b609da30,OPT-RFT-XAFPAY172-R512-v1:0091,XAFPAY_C2_2_20242_z2_86,7dd7c246e54f6fad0929688e02457fe081becc05a24dbe2abf18ae81cddc4d2c,91,cross_family_test_set,XAFPAY/structures/XAFPAY_C2_2_20242_z2_86.cif,ab8685f102b32c1ebc64494c2e92092bc609b0aed26dece42f73073a42a6b674,7dd7c246e54f6fad0929688e02457fe081becc05a24dbe2abf18ae81cddc4d2c,0,172,"[""O"", ""C"", ""O"", ""C"", ""C"", ""C"", ""C"", ""C"", ""C"", ""N"", ""C"", ""C"", ""C"", ""C"", ""C"", ""C"", ""C"", ""C"", ""C"", ""C"", ""Cl"", ""C"", ""Cl"", ""C"", ""C"", ""C"", ""H"", ""H"", ""H"", ""H"", ""H"", ""H"", ""H"", ""H"", ""H"", ""H"", ""H"", ""H"", ""H"", ""H"", ""H"", ""H"", ""H"", ""O"", ""C"", ""O"", ""C"", ""C"", ""C"", ""C"", ""C"", ""C"", ""N"", ""C"", ""C"", ""C"", ""C"", ""C"", ""C"", ""C"", ""C"", ""C"", ""C"", ""Cl"", ""C"", ""Cl"", ""C"", ""C"", ""C"", ""H"", ""H"", ""H"", ""H"", ""H"", ""H"", ""H"", ""H"", ""H"", ""H"", ""H"", ""H"", ""H"", ""H"", ""H"", ""H"", ""H"", ""O"", ""C"", ""O"", ""C"", ""C"", ""C"", ""C"", ""C"", ""C"", ""N"", ""C"", ""C"", ""C"", ""C"", ""C"", ""C"", ""C"", ""C"", ""C"", ""C"", ""Cl"", ""C"", ""Cl"", ""C"", ""C"", ""C"", ""H"", ""H"", ""H"", ""H"", ""H"", ""H"", ""H"", ""H"", ""H"", ""H"", ""H"", ""H"", ""H"", ""H"", ""H"", ""H"", ""H"", ""O"", ""C"", ""O"", ""C"", ""C"", ""C"", ""C"", ""C"", ""C"", ""N"", ""C"", ""C"", ""C"", ""C"", ""C"", ""C"", ""C"", ""C"", ""C"", ""C"", ""Cl"", ""C"", ""Cl"", ""C"", ""C"", ""C"", ""H"", ""H"", ""H"", ""H"", ""H"", ""H"", ""H"", ""H"", ""H"", ""H"", ""H"", ""H"", ""H"", ""H"", ""H"", ""H"", ""H""]",C84H68Cl8N4O8,"[true, true, true]","[24.696554223140296, 0.0, 0.0, 2.7214449960691125, 24.331868249163563, 0.0, 6.773120777097508, 1.6942386088788581, 12.973877470406649]",7796.175570799621,[],"{""cutoff=6.000_skin=0.000"": 4952, ""cutoff=6.000_skin=0.500"": 5794}",0.0,,
OPT-RFT-XAFPAY172-R512-v1,16360d404e1cc8ec5ea026f69f45c1e0d210a4962a9adca338d6dcf7b609da30,OPT-RFT-XAFPAY172-R512-v1:0092,XAFPAY_C4_2_10084_z2_86,ff6b7f9e881449748528e8f9a2993f4855b07e665f9368fc99c48f2de48fb572,92,cross_family_test_set,XAFPAY/structures/XAFPAY_C4_2_10084_z2_86.cif,998b0359b8f43320288aca2fa4885dd191b4d22bae09c753cf4dd1b3e52d3cd9,ff6b7f9e881449748528e8f9a2993f4855b07e665f9368fc99c48f2de48fb572,0,172,"[""O"", ""C"", ""O"", ""C"", ""C"", ""C"", ""C"", ""C"", ""C"", ""N"", ""C"", ""C"", ""C"", ""C"", ""C"", ""C"", ""C"", ""C"", ""C"", ""C"", ""Cl"", ""C"", ""Cl"", ""C"", ""C"", ""C"", ""H"", ""H"", ""H"", ""H"", ""H"", ""H"", ""H"", ""H"", ""H"", ""H"", ""H"", ""H"", ""H"", ""H"", ""H"", ""H"", ""H"", ""O"", ""C"", ""O"", ""C"", ""C"", ""C"", ""C"", ""C"", ""C"", ""N"", ""C"", ""C"", ""C"", ""C"", ""C"", ""C"", ""C"", ""C"", ""C"", ""C"", ""Cl"", ""C"", ""Cl"", ""C"", ""C"", ""C"", ""H"", ""H"", ""H"", ""H"", ""H"", ""H"", ""H"", ""H"", ""H"", ""H"", ""H"", ""H"", ""H"", ""H"", ""H"", ""H"", ""H"", ""O"", ""C"", ""O"", ""C"", ""C"", ""C"", ""C"", ""C"", ""C"", ""N"", ""C"", ""C"", ""C"", ""C"", ""C"", ""C"", ""C"", ""C"", ""C"", ""C"", ""Cl"", ""C"", ""Cl"", ""C"", ""C"", ""C"", ""H"", ""H"", ""H"", ""H"", ""H"", ""H"", ""H"", ""H"", ""H"", ""H"", ""H"", ""H"", ""H"", ""H"", ""H"", ""H"", ""H"", ""O"", ""C"", ""O"", ""C"", ""C"", ""C"", ""C"", ""C"", ""C"", ""N"", ""C"", ""C"", ""C"", ""C"", ""C"", ""C"", ""C"", ""C"", ""C"", ""C"", ""Cl"", ""C"", ""Cl"", ""C"", ""C"", ""C"", ""H"", ""H"", ""H"", ""H"", ""H"", ""H"", ""H"", ""H"", ""H"", ""H"", ""H"", ""H"", ""H"", ""H"", ""H"", ""H"", ""H""]",C84H68Cl8N4O8,"[true, true, true]","[16.852978348403482, 0.0, 0.0, 7.473635859797117, 21.67509385903509, 0.0, 0.0547504174528707, 1.6457125613086176, 16.98674618014827]",6205.086601238175,[],"{""cutoff=6.000_skin=0.000"": 4958, ""cutoff=6.000_skin=0.500"": 6074}",0.0,,
OPT-RFT-XAFPAY172-R512-v1,16360d404e1cc8ec5ea026f69f45c1e0d210a4962a9adca338d6dcf7b609da30,OPT-RFT-XAFPAY172-R512-v1:0093,XAFPAY_C2_14_22_z1_43,d303ec5eb4f1086055c88432eadcf7ecf66da7f9025536c3911f694b96502bde,93,cross_family_test_set,XAFPAY/structures/XAFPAY_C2_14_22_z1_43.cif,6244fb079ab6f8c414245af2d4c7115127f1ae2a9c49fd0b515a6201b741a739,d303ec5eb4f1086055c88432eadcf7ecf66da7f9025536c3911f694b96502bde,0,172,"[""O"", ""C"", ""O"", ""C"", ""C"", ""C"", ""C"", ""C"", ""C"", ""N"", ""C"", ""C"", ""C"", ""C"", ""C"", ""C"", ""C"", ""C"", ""C"", ""C"", ""Cl"", ""C"", ""Cl"", ""C"", ""C"", ""C"", ""H"", ""H"", ""H"", ""H"", ""H"", ""H"", ""H"", ""H"", ""H"", ""H"", ""H"", ""H"", ""H"", ""H"", ""H"", ""H"", ""H"", ""O"", ""C"", ""O"", ""C"", ""C"", ""C"", ""C"", ""C"", ""C"", ""N"", ""C"", ""C"", ""C"", ""C"", ""C"", ""C"", ""C"", ""C"", ""C"", ""C"", ""Cl"", ""C"", ""Cl"", ""C"", ""C"", ""C"", ""H"", ""H"", ""H"", ""H"", ""H"", ""H"", ""H"", ""H"", ""H"", ""H"", ""H"", ""H"", ""H"", ""H"", ""H"", ""H"", ""H"", ""O"", ""C"", ""O"", ""C"", ""C"", ""C"", ""C"", ""C"", ""C"", ""N"", ""C"", ""C"", ""C"", ""C"", ""C"", ""C"", ""C"", ""C"", ""C"", ""C"", ""Cl"", ""C"", ""Cl"", ""C"", ""C"", ""C"", ""H"", ""H"", ""H"", ""H"", ""H"", ""H"", ""H"", ""H"", ""H"", ""H"", ""H"", ""H"", ""H"", ""H"", ""H"", ""H"", ""H"", ""O"", ""C"", ""O"", ""C"", ""C"", ""C"", ""C"", ""C"", ""C"", ""N"", ""C"", ""C"", ""C"", ""C"", ""C"", ""C"", ""C"", ""C"", ""C"", ""C"", ""Cl"", ""C"", ""Cl"", ""C"", ""C"", ""C"", ""H"", ""H"", ""H"", ""H"", ""H"", ""H"", ""H"", ""H"", ""H"", ""H"", ""H"", ""H"", ""H"", ""H"", ""H"", ""H"", ""H""]",C84H68Cl8N4O8,"[true, true, true]","[17.531576399247854, 0.0, 0.0, 0.0, 17.207528453183393, 0.0, -4.311847529423398, 0.0, 17.51982888254841]",5285.29612520639,[],"{""cutoff=6.000_skin=0.000"": 4964, ""cutoff=6.000_skin=0.500"": 5940}",0.0,,
OPT-RFT-XAFPAY172-R512-v1,16360d404e1cc8ec5ea026f69f45c1e0d210a4962a9adca338d6dcf7b609da30,OPT-RFT-XAFPAY172-R512-v1:0094,XAFPAY_C4_2_18608_z2_86,0d3b2a0a219d75ca87df522e4243965568d3ec6f5db209350e8ba5a933a57ecf,94,cross_family_test_set,XAFPAY/structures/XAFPAY_C4_2_18608_z2_86.cif,b3833032a43604b3e52b6586e2e043dfc717b00c389ee73585e05e90bebfdb7b,0d3b2a0a219d75ca87df522e4243965568d3ec6f5db209350e8ba5a933a57ecf,0,172,"[""O"", ""C"", ""O"", ""C"", ""C"", ""C"", ""C"", ""C"", ""C"", ""N"", ""C"", ""C"", ""C"", ""C"", ""C"", ""C"", ""C"", ""C"", ""C"", ""C"", ""Cl"", ""C"", ""Cl"", ""C"", ""C"", ""C"", ""H"", ""H"", ""H"", ""H"", ""H"", ""H"", ""H"", ""H"", ""H"", ""H"", ""H"", ""H"", ""H"", ""H"", ""H"", ""H"", ""H"", ""O"", ""C"", ""O"", ""C"", ""C"", ""C"", ""C"", ""C"", ""C"", ""N"", ""C"", ""C"", ""C"", ""C"", ""C"", ""C"", ""C"", ""C"", ""C"", ""C"", ""Cl"", ""C"", ""Cl"", ""C"", ""C"", ""C"", ""H"", ""H"", ""H"", ""H"", ""H"", ""H"", ""H"", ""H"", ""H"", ""H"", ""H"", ""H"", ""H"", ""H"", ""H"", ""H"", ""H"", ""O"", ""C"", ""O"", ""C"", ""C"", ""C"", ""C"", ""C"", ""C"", ""N"", ""C"", ""C"", ""C"", ""C"", ""C"", ""C"", ""C"", ""C"", ""C"", ""C"", ""Cl"", ""C"", ""Cl"", ""C"", ""C"", ""C"", ""H"", ""H"", ""H"", ""H"", ""H"", ""H"", ""H"", ""H"", ""H"", ""H"", ""H"", ""H"", ""H"", ""H"", ""H"", ""H"", ""H"", ""O"", ""C"", ""O"", ""C"", ""C"", ""C"", ""C"", ""C"", ""C"", ""N"", ""C"", ""C"", ""C"", ""C"", ""C"", ""C"", ""C"", ""C"", ""C"", ""C"", ""Cl"", ""C"", ""Cl"", ""C"", ""C"", ""C"", ""H"", ""H"", ""H"", ""H"", ""H"", ""H"", ""H"", ""H"", ""H"", ""H"", ""H"", ""H"", ""H"", ""H"", ""H"", ""H"", ""H""]",C84H68Cl8N4O8,"[true, true, true]","[18.716496344255418, 0.0, 0.0, 0.4353091743272385, 19.98987384050307, 0.0, -2.39314405327687, 6.8495643027840805, 21.247324166796012]",7949.482376673402,[],"{""cutoff=6.000_skin=0.000"": 4972, ""cutoff=6.000_skin=0.500"": 5974}",0.0,,
OPT-RFT-XAFPAY172-R512-v1,16360d404e1cc8ec5ea026f69f45c1e0d210a4962a9adca338d6dcf7b609da30,OPT-RFT-XAFPAY172-R512-v1:0095,XAFPAY_C4_2_19078_z2_86,07ddc91d4b6ffffbb073166139b175d330d9e9b5cf230737b37227611fb2f344,95,cross_family_test_set,XAFPAY/structures/XAFPAY_C4_2_19078_z2_86.cif,1b822c2eb1f25d2bd83bb99da72ef305f9cb5c5177f065f924d2dbfe86e9c85e,07ddc91d4b6ffffbb073166139b175d330d9e9b5cf230737b37227611fb2f344,0,172,"[""O"", ""C"", ""O"", ""C"", ""C"", ""C"", ""C"", ""C"", ""C"", ""N"", ""C"", ""C"", ""C"", ""C"", ""C"", ""C"", ""C"", ""C"", ""C"", ""C"", ""Cl"", ""C"", ""Cl"", ""C"", ""C"", ""C"", ""H"", ""H"", ""H"", ""H"", ""H"", ""H"", ""H"", ""H"", ""H"", ""H"", ""H"", ""H"", ""H"", ""H"", ""H"", ""H"", ""H"", ""O"", ""C"", ""O"", ""C"", ""C"", ""C"", ""C"", ""C"", ""C"", ""N"", ""C"", ""C"", ""C"", ""C"", ""C"", ""C"", ""C"", ""C"", ""C"", ""C"", ""Cl"", ""C"", ""Cl"", ""C"", ""C"", ""C"", ""H"", ""H"", ""H"", ""H"", ""H"", ""H"", ""H"", ""H"", ""H"", ""H"", ""H"", ""H"", ""H"", ""H"", ""H"", ""H"", ""H"", ""O"", ""C"", ""O"", ""C"", ""C"", ""C"", ""C"", ""C"", ""C"", ""N"", ""C"", ""C"", ""C"", ""C"", ""C"", ""C"", ""C"", ""C"", ""C"", ""C"", ""Cl"", ""C"", ""Cl"", ""C"", ""C"", ""C"", ""H"", ""H"", ""H"", ""H"", ""H"", ""H"", ""H"", ""H"", ""H"", ""H"", ""H"", ""H"", ""H"", ""H"", ""H"", ""H"", ""H"", ""O"", ""C"", ""O"", ""C"", ""C"", ""C"", ""C"", ""C"", ""C"", ""N"", ""C"", ""C"", ""C"", ""C"", ""C"", ""C"", ""C"", ""C"", ""C"", ""C"", ""Cl"", ""C"", ""Cl"", ""C"", ""C"", ""C"", ""H"", ""H"", ""H"", ""H"", ""H"", ""H"", ""H"", ""H"", ""H"", ""H"", ""H"", ""H"", ""H"", ""H"", ""H"", ""H"", ""H""]",C84H68Cl8N4O8,"[true, true, true]","[16.864046468391265, 0.0, 0.0, -1.8079672567413998, 17.849259276561497, 0.0, 17.151602734995304, 14.002890408100201, 24.021068741888634]",7230.599626332939,[],"{""cutoff=6.000_skin=0.000"": 4976, ""cutoff=6.000_skin=0.500"": 5986}",0.0,,
OPT-RFT-XAFPAY172-R512-v1,16360d404e1cc8ec5ea026f69f45c1e0d210a4962a9adca338d6dcf7b609da30,OPT-RFT-XAFPAY172-R512-v1:0096,XAFPAY_C2_2_22676_z2_86,9f32b551765278f5f09a743b7d2c035a6313e778d887b0f1e15c610865006420,96,cross_family_test_set,XAFPAY/structures/XAFPAY_C2_2_22676_z2_86.cif,faaf2124c43f848fc6d17bc5a5e214912fe1c908238c0f366af415b735d33867,9f32b551765278f5f09a743b7d2c035a6313e778d887b0f1e15c610865006420,0,172,"[""O"", ""C"", ""O"", ""C"", ""C"", ""C"", ""C"", ""C"", ""C"", ""N"", ""C"", ""C"", ""C"", ""C"", ""C"", ""C"", ""C"", ""C"", ""C"", ""C"", ""Cl"", ""C"", ""Cl"", ""C"", ""C"", ""C"", ""H"", ""H"", ""H"", ""H"", ""H"", ""H"", ""H"", ""H"", ""H"", ""H"", ""H"", ""H"", ""H"", ""H"", ""H"", ""H"", ""H"", ""O"", ""C"", ""O"", ""C"", ""C"", ""C"", ""C"", ""C"", ""C"", ""N"", ""C"", ""C"", ""C"", ""C"", ""C"", ""C"", ""C"", ""C"", ""C"", ""C"", ""Cl"", ""C"", ""Cl"", ""C"", ""C"", ""C"", ""H"", ""H"", ""H"", ""H"", ""H"", ""H"", ""H"", ""H"", ""H"", ""H"", ""H"", ""H"", ""H"", ""H"", ""H"", ""H"", ""H"", ""O"", ""C"", ""O"", ""C"", ""C"", ""C"", ""C"", ""C"", ""C"", ""N"", ""C"", ""C"", ""C"", ""C"", ""C"", ""C"", ""C"", ""C"", ""C"", ""C"", ""Cl"", ""C"", ""Cl"", ""C"", ""C"", ""C"", ""H"", ""H"", ""H"", ""H"", ""H"", ""H"", ""H"", ""H"", ""H"", ""H"", ""H"", ""H"", ""H"", ""H"", ""H"", ""H"", ""H"", ""O"", ""C"", ""O"", ""C"", ""C"", ""C"", ""C"", ""C"", ""C"", ""N"", ""C"", ""C"", ""C"", ""C"", ""C"", ""C"", ""C"", ""C"", ""C"", ""C"", ""Cl"", ""C"", ""Cl"", ""C"", ""C"", ""C"", ""H"", ""H"", ""H"", ""H"", ""H"", ""H"", ""H"", ""H"", ""H"", ""H"", ""H"", ""H"", ""H"", ""H"", ""H"", ""H"", ""H""]",C84H68Cl8N4O8,"[true, true, true]","[52.44319254757281, 0.0, 0.0, 0.07818921172282466, 11.770266818473257, 0.0, -8.87358561736961, -5.451476286759667, 11.876341800602379]",7330.913886785902,[],"{""cutoff=6.000_skin=0.000"": 4980, ""cutoff=6.000_skin=0.500"": 5846}",0.0,,
OPT-RFT-XAFPAY172-R512-v1,16360d404e1cc8ec5ea026f69f45c1e0d210a4962a9adca338d6dcf7b609da30,OPT-RFT-XAFPAY172-R512-v1:0097,XAFPAY_C3_2_13657_z2_86,b9ad803b570674b8312df9fb1ac1ab5488538ed04ae19da7e169f09a85eae72d,97,cross_family_test_set,XAFPAY/structures/XAFPAY_C3_2_13657_z2_86.cif,c9202ea9481b3e63c271038a1b9ed42c96c6ce43cc92a36a54d51d2dd02cf3cf,b9ad803b570674b8312df9fb1ac1ab5488538ed04ae19da7e169f09a85eae72d,0,172,"[""O"", ""C"", ""O"", ""C"", ""C"", ""C"", ""C"", ""C"", ""C"", ""N"", ""C"", ""C"", ""C"", ""C"", ""C"", ""C"", ""C"", ""C"", ""C"", ""C"", ""Cl"", ""C"", ""Cl"", ""C"", ""C"", ""C"", ""H"", ""H"", ""H"", ""H"", ""H"", ""H"", ""H"", ""H"", ""H"", ""H"", ""H"", ""H"", ""H"", ""H"", ""H"", ""H"", ""H"", ""O"", ""C"", ""O"", ""C"", ""C"", ""C"", ""C"", ""C"", ""C"", ""N"", ""C"", ""C"", ""C"", ""C"", ""C"", ""C"", ""C"", ""C"", ""C"", ""C"", ""Cl"", ""C"", ""Cl"", ""C"", ""C"", ""C"", ""H"", ""H"", ""H"", ""H"", ""H"", ""H"", ""H"", ""H"", ""H"", ""H"", ""H"", ""H"", ""H"", ""H"", ""H"", ""H"", ""H"", ""O"", ""C"", ""O"", ""C"", ""C"", ""C"", ""C"", ""C"", ""C"", ""N"", ""C"", ""C"", ""C"", ""C"", ""C"", ""C"", ""C"", ""C"", ""C"", ""C"", ""Cl"", ""C"", ""Cl"", ""C"", ""C"", ""C"", ""H"", ""H"", ""H"", ""H"", ""H"", ""H"", ""H"", ""H"", ""H"", ""H"", ""H"", ""H"", ""H"", ""H"", ""H"", ""H"", ""H"", ""O"", ""C"", ""O"", ""C"", ""C"", ""C"", ""C"", ""C"", ""C"", ""N"", ""C"", ""C"", ""C"", ""C"", ""C"", ""C"", ""C"", ""C"", ""C"", ""C"", ""Cl"", ""C"", ""Cl"", ""C"", ""C"", ""C"", ""H"", ""H"", ""H"", ""H"", ""H"", ""H"", ""H"", ""H"", ""H"", ""H"", ""H"", ""H"", ""H"", ""H"", ""H"", ""H"", ""H""]",C84H68Cl8N4O8,"[true, true, true]","[28.946456518165334, 0.0, 0.0, 1.1062249026061095, 18.029710027296357, 0.0, -7.065377874919792, -1.9759181170076496, 17.0174781794876]",8881.357490545048,[],"{""cutoff=6.000_skin=0.000"": 4986, ""cutoff=6.000_skin=0.500"": 5780}",0.0,,
OPT-RFT-XAFPAY172-R512-v1,16360d404e1cc8ec5ea026f69f45c1e0d210a4962a9adca338d6dcf7b609da30,OPT-RFT-XAFPAY172-R512-v1:0098,XAFPAY_C4_2_12451_z2_86,c7e0aa7180e42fe4f005e0a2f45cd3e128b56ea496ddfeda525e9d6e62fae0c0,98,cross_family_test_set,XAFPAY/structures/XAFPAY_C4_2_12451_z2_86.cif,addf6e7a9f8655fa742372ba870934abf8a3697034c6d3c66cd1757de03d5b22,c7e0aa7180e42fe4f005e0a2f45cd3e128b56ea496ddfeda525e9d6e62fae0c0,0,172,"[""O"", ""C"", ""O"", ""C"", ""C"", ""C"", ""C"", ""C"", ""C"", ""N"", ""C"", ""C"", ""C"", ""C"", ""C"", ""C"", ""C"", ""C"", ""C"", ""C"", ""Cl"", ""C"", ""Cl"", ""C"", ""C"", ""C"", ""H"", ""H"", ""H"", ""H"", ""H"", ""H"", ""H"", ""H"", ""H"", ""H"", ""H"", ""H"", ""H"", ""H"", ""H"", ""H"", ""H"", ""O"", ""C"", ""O"", ""C"", ""C"", ""C"", ""C"", ""C"", ""C"", ""N"", ""C"", ""C"", ""C"", ""C"", ""C"", ""C"", ""C"", ""C"", ""C"", ""C"", ""Cl"", ""C"", ""Cl"", ""C"", ""C"", ""C"", ""H"", ""H"", ""H"", ""H"", ""H"", ""H"", ""H"", ""H"", ""H"", ""H"", ""H"", ""H"", ""H"", ""H"", ""H"", ""H"", ""H"", ""O"", ""C"", ""O"", ""C"", ""C"", ""C"", ""C"", ""C"", ""C"", ""N"", ""C"", ""C"", ""C"", ""C"", ""C"", ""C"", ""C"", ""C"", ""C"", ""C"", ""Cl"", ""C"", ""Cl"", ""C"", ""C"", ""C"", ""H"", ""H"", ""H"", ""H"", ""H"", ""H"", ""H"", ""H"", ""H"", ""H"", ""H"", ""H"", ""H"", ""H"", ""H"", ""H"", ""H"", ""O"", ""C"", ""O"", ""C"", ""C"", ""C"", ""C"", ""C"", ""C"", ""N"", ""C"", ""C"", ""C"", ""C"", ""C"", ""C"", ""C"", ""C"", ""C"", ""C"", ""Cl"", ""C"", ""Cl"", ""C"", ""C"", ""C"", ""H"", ""H"", ""H"", ""H"", ""H"", ""H"", ""H"", ""H"", ""H"", ""H"", ""H"", ""H"", ""H"", ""H"", ""H"", ""H"", ""H""]",C84H68Cl8N4O8,"[true, true, true]","[29.410439642832714, 0.0, 0.0, -5.610544014848954, 28.81359000763736, 0.0, -5.849646108267308, 4.1882707614868, 9.85651781212598]",8352.613772289325,[],"{""cutoff=6.000_skin=0.000"": 4992, ""cutoff=6.000_skin=0.500"": 5808}",0.0,,
OPT-RFT-XAFPAY172-R512-v1,16360d404e1cc8ec5ea026f69f45c1e0d210a4962a9adca338d6dcf7b609da30,OPT-RFT-XAFPAY172-R512-v1:0099,XAFPAY_C1_2_10876_z2_86,83ede82e4e60c411b6a6d3b37bfcd4654c6635d3ce3d3fea2b58d2ecb7f6ab29,99,cross_family_test_set,XAFPAY/structures/XAFPAY_C1_2_10876_z2_86.cif,3b043a1cb04e8dbf97b176218574e2de7b7b559e61056dde56c0c9eafecaaea6,83ede82e4e60c411b6a6d3b37bfcd4654c6635d3ce3d3fea2b58d2ecb7f6ab29,0,172,"[""O"", ""C"", ""O"", ""C"", ""C"", ""C"", ""C"", ""C"", ""C"", ""N"", ""C"", ""C"", ""C"", ""C"", ""C"", ""C"", ""C"", ""C"", ""C"", ""C"", ""Cl"", ""C"", ""Cl"", ""C"", ""C"", ""C"", ""H"", ""H"", ""H"", ""H"", ""H"", ""H"", ""H"", ""H"", ""H"", ""H"", ""H"", ""H"", ""H"", ""H"", ""H"", ""H"", ""H"", ""O"", ""C"", ""O"", ""C"", ""C"", ""C"", ""C"", ""C"", ""C"", ""N"", ""C"", ""C"", ""C"", ""C"", ""C"", ""C"", ""C"", ""C"", ""C"", ""C"", ""Cl"", ""C"", ""Cl"", ""C"", ""C"", ""C"", ""H"", ""H"", ""H"", ""H"", ""H"", ""H"", ""H"", ""H"", ""H"", ""H"", ""H"", ""H"", ""H"", ""H"", ""H"", ""H"", ""H"", ""O"", ""C"", ""O"", ""C"", ""C"", ""C"", ""C"", ""C"", ""C"", ""N"", ""C"", ""C"", ""C"", ""C"", ""C"", ""C"", ""C"", ""C"", ""C"", ""C"", ""Cl"", ""C"", ""Cl"", ""C"", ""C"", ""C"", ""H"", ""H"", ""H"", ""H"", ""H"", ""H"", ""H"", ""H"", ""H"", ""H"", ""H"", ""H"", ""H"", ""H"", ""H"", ""H"", ""H"", ""O"", ""C"", ""O"", ""C"", ""C"", ""C"", ""C"", ""C"", ""C"", ""N"", ""C"", ""C"", ""C"", ""C"", ""C"", ""C"", ""C"", ""C"", ""C"", ""C"", ""Cl"", ""C"", ""Cl"", ""C"", ""C"", ""C"", ""H"", ""H"", ""H"", ""H"", ""H"", ""H"", ""H"", ""H"", ""H"", ""H"", ""H"", ""H"", ""H"", ""H"", ""H"", ""H"", ""H""]",C84H68Cl8N4O8,"[true, true, true]","[19.963568678662313, 0.0, 0.0, -0.5491390358295266, 21.31102601968451, 0.0, 6.501215042530566, -11.935563118697678, 14.9731904078557]",6370.255989703742,[],"{""cutoff=6.000_skin=0.000"": 4996, ""cutoff=6.000_skin=0.500"": 6062}",0.0,,
OPT-RFT-XAFPAY172-R512-v1,16360d404e1cc8ec5ea026f69f45c1e0d210a4962a9adca338d6dcf7b609da30,OPT-RFT-XAFPAY172-R512-v1:0100,XAFPAY_C3_14_999_z1_43,ab253c5231d638966d14c9bf6c69ae81dbc59ab852a3e401ec6f3164026a3b38,100,cross_family_test_set,XAFPAY/structures/XAFPAY_C3_14_999_z1_43.cif,db8bf6189aa50fe502f123a3e6fc8841cc54a72da0175a1874ecd3e941a8b65d,ab253c5231d638966d14c9bf6c69ae81dbc59ab852a3e401ec6f3164026a3b38,0,172,"[""O"", ""C"", ""O"", ""C"", ""C"", ""C"", ""C"", ""C"", ""C"", ""N"", ""C"", ""C"", ""C"", ""C"", ""C"", ""C"", ""C"", ""C"", ""C"", ""C"", ""Cl"", ""C"", ""Cl"", ""C"", ""C"", ""C"", ""H"", ""H"", ""H"", ""H"", ""H"", ""H"", ""H"", ""H"", ""H"", ""H"", ""H"", ""H"", ""H"", ""H"", ""H"", ""H"", ""H"", ""O"", ""C"", ""O"", ""C"", ""C"", ""C"", ""C"", ""C"", ""C"", ""N"", ""C"", ""C"", ""C"", ""C"", ""C"", ""C"", ""C"", ""C"", ""C"", ""C"", ""Cl"", ""C"", ""Cl"", ""C"", ""C"", ""C"", ""H"", ""H"", ""H"", ""H"", ""H"", ""H"", ""H"", ""H"", ""H"", ""H"", ""H"", ""H"", ""H"", ""H"", ""H"", ""H"", ""H"", ""O"", ""C"", ""O"", ""C"", ""C"", ""C"", ""C"", ""C"", ""C"", ""N"", ""C"", ""C"", ""C"", ""C"", ""C"", ""C"", ""C"", ""C"", ""C"", ""C"", ""Cl"", ""C"", ""Cl"", ""C"", ""C"", ""C"", ""H"", ""H"", ""H"", ""H"", ""H"", ""H"", ""H"", ""H"", ""H"", ""H"", ""H"", ""H"", ""H"", ""H"", ""H"", ""H"", ""H"", ""O"", ""C"", ""O"", ""C"", ""C"", ""C"", ""C"", ""C"", ""C"", ""N"", ""C"", ""C"", ""C"", ""C"", ""C"", ""C"", ""C"", ""C"", ""C"", ""C"", ""Cl"", ""C"", ""Cl"", ""C"", ""C"", ""C"", ""H"", ""H"", ""H"", ""H"", ""H"", ""H"", ""H"", ""H"", ""H"", ""H"", ""H"", ""H"", ""H"", ""H"", ""H"", ""H"", ""H""]",C84H68Cl8N4O8,"[true, true, true]","[22.12510876733083, 0.0, 0.0, 0.0, 15.493566643597127, 0.0, 0.9442221746688074, 0.0, 16.70784618353112]",5727.396994940924,[],"{""cutoff=6.000_skin=0.000"": 5000, ""cutoff=6.000_skin=0.500"": 5864}",0.0,,
OPT-RFT-XAFPAY172-R512-v1,16360d404e1cc8ec5ea026f69f45c1e0d210a4962a9adca338d6dcf7b609da30,OPT-RFT-XAFPAY172-R512-v1:0101,XAFPAY_C3_14_3803_z1_43,6994664367d62879637f41792f9d376ba30dfd9a82b9f751c0c9ceea97cdfe6a,101,cross_family_test_set,XAFPAY/structures/XAFPAY_C3_14_3803_z1_43.cif,df8cf9441ac9eb2be5d37cff6c3a26417b4a7f331a071a976ae3fda2f6b584a3,6994664367d62879637f41792f9d376ba30dfd9a82b9f751c0c9ceea97cdfe6a,0,172,"[""O"", ""C"", ""O"", ""C"", ""C"", ""C"", ""C"", ""C"", ""C"", ""N"", ""C"", ""C"", ""C"", ""C"", ""C"", ""C"", ""C"", ""C"", ""C"", ""C"", ""Cl"", ""C"", ""Cl"", ""C"", ""C"", ""C"", ""H"", ""H"", ""H"", ""H"", ""H"", ""H"", ""H"", ""H"", ""H"", ""H"", ""H"", ""H"", ""H"", ""H"", ""H"", ""H"", ""H"", ""O"", ""C"", ""O"", ""C"", ""C"", ""C"", ""C"", ""C"", ""C"", ""N"", ""C"", ""C"", ""C"", ""C"", ""C"", ""C"", ""C"", ""C"", ""C"", ""C"", ""Cl"", ""C"", ""Cl"", ""C"", ""C"", ""C"", ""H"", ""H"", ""H"", ""H"", ""H"", ""H"", ""H"", ""H"", ""H"", ""H"", ""H"", ""H"", ""H"", ""H"", ""H"", ""H"", ""H"", ""O"", ""C"", ""O"", ""C"", ""C"", ""C"", ""C"", ""C"", ""C"", ""N"", ""C"", ""C"", ""C"", ""C"", ""C"", ""C"", ""C"", ""C"", ""C"", ""C"", ""Cl"", ""C"", ""Cl"", ""C"", ""C"", ""C"", ""H"", ""H"", ""H"", ""H"", ""H"", ""H"", ""H"", ""H"", ""H"", ""H"", ""H"", ""H"", ""H"", ""H"", ""H"", ""H"", ""H"", ""O"", ""C"", ""O"", ""C"", ""C"", ""C"", ""C"", ""C"", ""C"", ""N"", ""C"", ""C"", ""C"", ""C"", ""C"", ""C"", ""C"", ""C"", ""C"", ""C"", ""Cl"", ""C"", ""Cl"", ""C"", ""C"", ""C"", ""H"", ""H"", ""H"", ""H"", ""H"", ""H"", ""H"", ""H"", ""H"", ""H"", ""H"", ""H"", ""H"", ""H"", ""H"", ""H"", ""H""]",C84H68Cl8N4O8,"[true, true, true]","[13.89699481391385, 0.0, 0.0, 0.0, 19.241628774451854, 0.0, 1.1404342164460888, 0.0, 18.784752266457293]",5023.058071067843,[],"{""cutoff=6.000_skin=0.000"": 5004, ""cutoff=6.000_skin=0.500"": 6172}",0.0,,
OPT-RFT-XAFPAY172-R512-v1,16360d404e1cc8ec5ea026f69f45c1e0d210a4962a9adca338d6dcf7b609da30,OPT-RFT-XAFPAY172-R512-v1:0102,XAFPAY_C1_14_934_z1_43,890c0a055543cfcd1e42399220751c0dc49aa3e8d41d5484a23be4c5d25639ee,102,cross_family_test_set,XAFPAY/structures/XAFPAY_C1_14_934_z1_43.cif,be153438b174c815042da65311f38d6096795a2f2be7cb8f891cae845f2c8cf2,890c0a055543cfcd1e42399220751c0dc49aa3e8d41d5484a23be4c5d25639ee,0,172,"[""O"", ""C"", ""O"", ""C"", ""C"", ""C"", ""C"", ""C"", ""C"", ""N"", ""C"", ""C"", ""C"", ""C"", ""C"", ""C"", ""C"", ""C"", ""C"", ""C"", ""Cl"", ""C"", ""Cl"", ""C"", ""C"", ""C"", ""H"", ""H"", ""H"", ""H"", ""H"", ""H"", ""H"", ""H"", ""H"", ""H"", ""H"", ""H"", ""H"", ""H"", ""H"", ""H"", ""H"", ""O"", ""C"", ""O"", ""C"", ""C"", ""C"", ""C"", ""C"", ""C"", ""N"", ""C"", ""C"", ""C"", ""C"", ""C"", ""C"", ""C"", ""C"", ""C"", ""C"", ""Cl"", ""C"", ""Cl"", ""C"", ""C"", ""C"", ""H"", ""H"", ""H"", ""H"", ""H"", ""H"", ""H"", ""H"", ""H"", ""H"", ""H"", ""H"", ""H"", ""H"", ""H"", ""H"", ""H"", ""O"", ""C"", ""O"", ""C"", ""C"", ""C"", ""C"", ""C"", ""C"", ""N"", ""C"", ""C"", ""C"", ""C"", ""C"", ""C"", ""C"", ""C"", ""C"", ""C"", ""Cl"", ""C"", ""Cl"", ""C"", ""C"", ""C"", ""H"", ""H"", ""H"", ""H"", ""H"", ""H"", ""H"", ""H"", ""H"", ""H"", ""H"", ""H"", ""H"", ""H"", ""H"", ""H"", ""H"", ""O"", ""C"", ""O"", ""C"", ""C"", ""C"", ""C"", ""C"", ""C"", ""N"", ""C"", ""C"", ""C"", ""C"", ""C"", ""C"", ""C"", ""C"", ""C"", ""C"", ""Cl"", ""C"", ""Cl"", ""C"", ""C"", ""C"", ""H"", ""H"", ""H"", ""H"", ""H"", ""H"", ""H"", ""H"", ""H"", ""H"", ""H"", ""H"", ""H"", ""H"", ""H"", ""H"", ""H""]",C84H68Cl8N4O8,"[true, true, true]","[11.14033557619726, 0.0, 0.0, 0.0, 14.847402992113928, 0.0, 3.5444696072816106, 0.0, 31.147064301777256]",5151.881783231291,[],"{""cutoff=6.000_skin=0.000"": 5008, ""cutoff=6.000_skin=0.500"": 6308}",0.0,,
OPT-RFT-XAFPAY172-R512-v1,16360d404e1cc8ec5ea026f69f45c1e0d210a4962a9adca338d6dcf7b609da30,OPT-RFT-XAFPAY172-R512-v1:0103,XAFPAY_C1_2_14067_z2_86,2bf9a33eefb7db32b4cd61af28d8bf2229518eb69c7425180a7c3cbb3e55fa67,103,cross_family_test_set,XAFPAY/structures/XAFPAY_C1_2_14067_z2_86.cif,782f96c9f8c761af7ad9b0e9e695ca8b3bfd036bbc6b82b929aaaf080e86edc5,2bf9a33eefb7db32b4cd61af28d8bf2229518eb69c7425180a7c3cbb3e55fa67,0,172,"[""O"", ""C"", ""O"", ""C"", ""C"", ""C"", ""C"", ""C"", ""C"", ""N"", ""C"", ""C"", ""C"", ""C"", ""C"", ""C"", ""C"", ""C"", ""C"", ""C"", ""Cl"", ""C"", ""Cl"", ""C"", ""C"", ""C"", ""H"", ""H"", ""H"", ""H"", ""H"", ""H"", ""H"", ""H"", ""H"", ""H"", ""H"", ""H"", ""H"", ""H"", ""H"", ""H"", ""H"", ""O"", ""C"", ""O"", ""C"", ""C"", ""C"", ""C"", ""C"", ""C"", ""N"", ""C"", ""C"", ""C"", ""C"", ""C"", ""C"", ""C"", ""C"", ""C"", ""C"", ""Cl"", ""C"", ""Cl"", ""C"", ""C"", ""C"", ""H"", ""H"", ""H"", ""H"", ""H"", ""H"", ""H"", ""H"", ""H"", ""H"", ""H"", ""H"", ""H"", ""H"", ""H"", ""H"", ""H"", ""O"", ""C"", ""O"", ""C"", ""C"", ""C"", ""C"", ""C"", ""C"", ""N"", ""C"", ""C"", ""C"", ""C"", ""C"", ""C"", ""C"", ""C"", ""C"", ""C"", ""Cl"", ""C"", ""Cl"", ""C"", ""C"", ""C"", ""H"", ""H"", ""H"", ""H"", ""H"", ""H"", ""H"", ""H"", ""H"", ""H"", ""H"", ""H"", ""H"", ""H"", ""H"", ""H"", ""H"", ""O"", ""C"", ""O"", ""C"", ""C"", ""C"", ""C"", ""C"", ""C"", ""N"", ""C"", ""C"", ""C"", ""C"", ""C"", ""C"", ""C"", ""C"", ""C"", ""C"", ""Cl"", ""C"", ""Cl"", ""C"", ""C"", ""C"", ""H"", ""H"", ""H"", ""H"", ""H"", ""H"", ""H"", ""H"", ""H"", ""H"", ""H"", ""H"", ""H"", ""H"", ""H"", ""H"", ""H""]",C84H68Cl8N4O8,"[true, true, true]","[18.439322470070778, 0.0, 0.0, 1.3255999244519592, 20.913620388542643, 0.0, 12.438152322676025, -1.7945330649070421, 18.428705350378834]",7106.716752748071,[],"{""cutoff=6.000_skin=0.000"": 5016, ""cutoff=6.000_skin=0.500"": 6076}",0.0,,
OPT-RFT-XAFPAY172-R512-v1,16360d404e1cc8ec5ea026f69f45c1e0d210a4962a9adca338d6dcf7b609da30,OPT-RFT-XAFPAY172-R512-v1:0104,XAFPAY_C3_2_18286_z2_86,739a66ec9ced90556eb3052e39a919ac252bbb96705eb979e9d828574f12eddd,104,cross_family_test_set,XAFPAY/structures/XAFPAY_C3_2_18286_z2_86.cif,e1f192ec4f6e3a383110779033b209a40bb1a53953bf7b2933c47bb31cc17f08,739a66ec9ced90556eb3052e39a919ac252bbb96705eb979e9d828574f12eddd,0,172,"[""O"", ""C"", ""O"", ""C"", ""C"", ""C"", ""C"", ""C"", ""C"", ""N"", ""C"", ""C"", ""C"", ""C"", ""C"", ""C"", ""C"", ""C"", ""C"", ""C"", ""Cl"", ""C"", ""Cl"", ""C"", ""C"", ""C"", ""H"", ""H"", ""H"", ""H"", ""H"", ""H"", ""H"", ""H"", ""H"", ""H"", ""H"", ""H"", ""H"", ""H"", ""H"", ""H"", ""H"", ""O"", ""C"", ""O"", ""C"", ""C"", ""C"", ""C"", ""C"", ""C"", ""N"", ""C"", ""C"", ""C"", ""C"", ""C"", ""C"", ""C"", ""C"", ""C"", ""C"", ""Cl"", ""C"", ""Cl"", ""C"", ""C"", ""C"", ""H"", ""H"", ""H"", ""H"", ""H"", ""H"", ""H"", ""H"", ""H"", ""H"", ""H"", ""H"", ""H"", ""H"", ""H"", ""H"", ""H"", ""O"", ""C"", ""O"", ""C"", ""C"", ""C"", ""C"", ""C"", ""C"", ""N"", ""C"", ""C"", ""C"", ""C"", ""C"", ""C"", ""C"", ""C"", ""C"", ""C"", ""Cl"", ""C"", ""Cl"", ""C"", ""C"", ""C"", ""H"", ""H"", ""H"", ""H"", ""H"", ""H"", ""H"", ""H"", ""H"", ""H"", ""H"", ""H"", ""H"", ""H"", ""H"", ""H"", ""H"", ""O"", ""C"", ""O"", ""C"", ""C"", ""C"", ""C"", ""C"", ""C"", ""N"", ""C"", ""C"", ""C"", ""C"", ""C"", ""C"", ""C"", ""C"", ""C"", ""C"", ""Cl"", ""C"", ""Cl"", ""C"", ""C"", ""C"", ""H"", ""H"", ""H"", ""H"", ""H"", ""H"", ""H"", ""H"", ""H"", ""H"", ""H"", ""H"", ""H"", ""H"", ""H"", ""H"", ""H""]",C84H68Cl8N4O8,"[true, true, true]","[17.87452201118541, 0.0, 0.0, -0.8320431795260657, 15.906873355574342, 0.0, -0.7092746651924852, 0.8209002430937351, 19.10296035583563]",5431.501887673424,[],"{""cutoff=6.000_skin=0.000"": 5022, ""cutoff=6.000_skin=0.500"": 6156}",0.0,,
OPT-RFT-XAFPAY172-R512-v1,16360d404e1cc8ec5ea026f69f45c1e0d210a4962a9adca338d6dcf7b609da30,OPT-RFT-XAFPAY172-R512-v1:0105,XAFPAY_C1_14_2071_z1_43,7f73cf19ba41efe21ec2b9ec8c874634cf5cd9db2bf4c905ce99398bd7c08a4f,105,cross_family_test_set,XAFPAY/structures/XAFPAY_C1_14_2071_z1_43.cif,8fd88650f277037dd0106b05a395f1aae281c9131aa3423c61acc0ab4c086aed,7f73cf19ba41efe21ec2b9ec8c874634cf5cd9db2bf4c905ce99398bd7c08a4f,0,172,"[""O"", ""C"", ""O"", ""C"", ""C"", ""C"", ""C"", ""C"", ""C"", ""N"", ""C"", ""C"", ""C"", ""C"", ""C"", ""C"", ""C"", ""C"", ""C"", ""C"", ""Cl"", ""C"", ""Cl"", ""C"", ""C"", ""C"", ""H"", ""H"", ""H"", ""H"", ""H"", ""H"", ""H"", ""H"", ""H"", ""H"", ""H"", ""H"", ""H"", ""H"", ""H"", ""H"", ""H"", ""O"", ""C"", ""O"", ""C"", ""C"", ""C"", ""C"", ""C"", ""C"", ""N"", ""C"", ""C"", ""C"", ""C"", ""C"", ""C"", ""C"", ""C"", ""C"", ""C"", ""Cl"", ""C"", ""Cl"", ""C"", ""C"", ""C"", ""H"", ""H"", ""H"", ""H"", ""H"", ""H"", ""H"", ""H"", ""H"", ""H"", ""H"", ""H"", ""H"", ""H"", ""H"", ""H"", ""H"", ""O"", ""C"", ""O"", ""C"", ""C"", ""C"", ""C"", ""C"", ""C"", ""N"", ""C"", ""C"", ""C"", ""C"", ""C"", ""C"", ""C"", ""C"", ""C"", ""C"", ""Cl"", ""C"", ""Cl"", ""C"", ""C"", ""C"", ""H"", ""H"", ""H"", ""H"", ""H"", ""H"", ""H"", ""H"", ""H"", ""H"", ""H"", ""H"", ""H"", ""H"", ""H"", ""H"", ""H"", ""O"", ""C"", ""O"", ""C"", ""C"", ""C"", ""C"", ""C"", ""C"", ""N"", ""C"", ""C"", ""C"", ""C"", ""C"", ""C"", ""C"", ""C"", ""C"", ""C"", ""Cl"", ""C"", ""Cl"", ""C"", ""C"", ""C"", ""H"", ""H"", ""H"", ""H"", ""H"", ""H"", ""H"", ""H"", ""H"", ""H"", ""H"", ""H"", ""H"", ""H"", ""H"", ""H"", ""H""]",C84H68Cl8N4O8,"[true, true, true]","[14.065865240154302, 0.0, 0.0, 0.0, 11.673806652195367, 0.0, 26.81113529305745, 0.0, 37.85401096489745]",6215.711546500698,[],"{""cutoff=6.000_skin=0.000"": 5028, ""cutoff=6.000_skin=0.500"": 5992}",0.0,,
OPT-RFT-XAFPAY172-R512-v1,16360d404e1cc8ec5ea026f69f45c1e0d210a4962a9adca338d6dcf7b609da30,OPT-RFT-XAFPAY172-R512-v1:0106,XAFPAY_C1_2_1327_z2_86,555615b78a3bca01e80fc8a41e52b9cd8c32eb7321f4c65fafc4230b0d58bb29,106,cross_family_test_set,XAFPAY/structures/XAFPAY_C1_2_1327_z2_86.cif,9dba1b2a99ee01c2bb115053ca89f88da26b727e7043763dab62f3d02d579734,555615b78a3bca01e80fc8a41e52b9cd8c32eb7321f4c65fafc4230b0d58bb29,0,172,"[""O"", ""C"", ""O"", ""C"", ""C"", ""C"", ""C"", ""C"", ""C"", ""N"", ""C"", ""C"", ""C"", ""C"", ""C"", ""C"", ""C"", ""C"", ""C"", ""C"", ""Cl"", ""C"", ""Cl"", ""C"", ""C"", ""C"", ""H"", ""H"", ""H"", ""H"", ""H"", ""H"", ""H"", ""H"", ""H"", ""H"", ""H"", ""H"", ""H"", ""H"", ""H"", ""H"", ""H"", ""O"", ""C"", ""O"", ""C"", ""C"", ""C"", ""C"", ""C"", ""C"", ""N"", ""C"", ""C"", ""C"", ""C"", ""C"", ""C"", ""C"", ""C"", ""C"", ""C"", ""Cl"", ""C"", ""Cl"", ""C"", ""C"", ""C"", ""H"", ""H"", ""H"", ""H"", ""H"", ""H"", ""H"", ""H"", ""H"", ""H"", ""H"", ""H"", ""H"", ""H"", ""H"", ""H"", ""H"", ""O"", ""C"", ""O"", ""C"", ""C"", ""C"", ""C"", ""C"", ""C"", ""N"", ""C"", ""C"", ""C"", ""C"", ""C"", ""C"", ""C"", ""C"", ""C"", ""C"", ""Cl"", ""C"", ""Cl"", ""C"", ""C"", ""C"", ""H"", ""H"", ""H"", ""H"", ""H"", ""H"", ""H"", ""H"", ""H"", ""H"", ""H"", ""H"", ""H"", ""H"", ""H"", ""H"", ""H"", ""O"", ""C"", ""O"", ""C"", ""C"", ""C"", ""C"", ""C"", ""C"", ""N"", ""C"", ""C"", ""C"", ""C"", ""C"", ""C"", ""C"", ""C"", ""C"", ""C"", ""Cl"", ""C"", ""Cl"", ""C"", ""C"", ""C"", ""H"", ""H"", ""H"", ""H"", ""H"", ""H"", ""H"", ""H"", ""H"", ""H"", ""H"", ""H"", ""H"", ""H"", ""H"", ""H"", ""H""]",C84H68Cl8N4O8,"[true, true, true]","[18.860774679877157, 0.0, 0.0, -1.6945209319569006, 19.2328017641558, 0.0, -3.484158097474972, -1.7922504130312964, 19.278286231269192]",6993.112359578849,[],"{""cutoff=6.000_skin=0.000"": 5034, ""cutoff=6.000_skin=0.500"": 5938}",0.0,,
OPT-RFT-XAFPAY172-R512-v1,16360d404e1cc8ec5ea026f69f45c1e0d210a4962a9adca338d6dcf7b609da30,OPT-RFT-XAFPAY172-R512-v1:0107,XAFPAY_C1_2_15854_z2_86,aced719dd6439cbf69dd772f6284c7c89a25d8ea62ee55ec2b2441b8e0708816,107,cross_family_test_set,XAFPAY/structures/XAFPAY_C1_2_15854_z2_86.cif,b41db1f230b5fdc1724347793c97f636ddf61976532b6d374f52247bc2a16249,aced719dd6439cbf69dd772f6284c7c89a25d8ea62ee55ec2b2441b8e0708816,0,172,"[""O"", ""C"", ""O"", ""C"", ""C"", ""C"", ""C"", ""C"", ""C"", ""N"", ""C"", ""C"", ""C"", ""C"", ""C"", ""C"", ""C"", ""C"", ""C"", ""C"", ""Cl"", ""C"", ""Cl"", ""C"", ""C"", ""C"", ""H"", ""H"", ""H"", ""H"", ""H"", ""H"", ""H"", ""H"", ""H"", ""H"", ""H"", ""H"", ""H"", ""H"", ""H"", ""H"", ""H"", ""O"", ""C"", ""O"", ""C"", ""C"", ""C"", ""C"", ""C"", ""C"", ""N"", ""C"", ""C"", ""C"", ""C"", ""C"", ""C"", ""C"", ""C"", ""C"", ""C"", ""Cl"", ""C"", ""Cl"", ""C"", ""C"", ""C"", ""H"", ""H"", ""H"", ""H"", ""H"", ""H"", ""H"", ""H"", ""H"", ""H"", ""H"", ""H"", ""H"", ""H"", ""H"", ""H"", ""H"", ""O"", ""C"", ""O"", ""C"", ""C"", ""C"", ""C"", ""C"", ""C"", ""N"", ""C"", ""C"", ""C"", ""C"", ""C"", ""C"", ""C"", ""C"", ""C"", ""C"", ""Cl"", ""C"", ""Cl"", ""C"", ""C"", ""C"", ""H"", ""H"", ""H"", ""H"", ""H"", ""H"", ""H"", ""H"", ""H"", ""H"", ""H"", ""H"", ""H"", ""H"", ""H"", ""H"", ""H"", ""O"", ""C"", ""O"", ""C"", ""C"", ""C"", ""C"", ""C"", ""C"", ""N"", ""C"", ""C"", ""C"", ""C"", ""C"", ""C"", ""C"", ""C"", ""C"", ""C"", ""Cl"", ""C"", ""Cl"", ""C"", ""C"", ""C"", ""H"", ""H"", ""H"", ""H"", ""H"", ""H"", ""H"", ""H"", ""H"", ""H"", ""H"", ""H"", ""H"", ""H"", ""H"", ""H"", ""H""]",C84H68Cl8N4O8,"[true, true, true]","[47.33378929577094, 0.0, 0.0, 2.6752438614195664, 17.924403952282404, 0.0, 3.443848430383043, 3.2141933638338727, 6.065033684137449]",5145.756285604529,[],"{""cutoff=6.000_skin=0.000"": 5038, ""cutoff=6.000_skin=0.500"": 6026}",0.0,,
OPT-RFT-XAFPAY172-R512-v1,16360d404e1cc8ec5ea026f69f45c1e0d210a4962a9adca338d6dcf7b609da30,OPT-RFT-XAFPAY172-R512-v1:0108,XAFPAY_C2_2_14568_z2_86,797508072fdef0cf637004d068df426e127645cdd5d014109469da0ad330c560,108,cross_family_test_set,XAFPAY/structures/XAFPAY_C2_2_14568_z2_86.cif,bd3d5c47c729ec6f450be1d7a721b7c37abc5723b78dfa46855aac4d95d16adb,797508072fdef0cf637004d068df426e127645cdd5d014109469da0ad330c560,0,172,"[""O"", ""C"", ""O"", ""C"", ""C"", ""C"", ""C"", ""C"", ""C"", ""N"", ""C"", ""C"", ""C"", ""C"", ""C"", ""C"", ""C"", ""C"", ""C"", ""C"", ""Cl"", ""C"", ""Cl"", ""C"", ""C"", ""C"", ""H"", ""H"", ""H"", ""H"", ""H"", ""H"", ""H"", ""H"", ""H"", ""H"", ""H"", ""H"", ""H"", ""H"", ""H"", ""H"", ""H"", ""O"", ""C"", ""O"", ""C"", ""C"", ""C"", ""C"", ""C"", ""C"", ""N"", ""C"", ""C"", ""C"", ""C"", ""C"", ""C"", ""C"", ""C"", ""C"", ""C"", ""Cl"", ""C"", ""Cl"", ""C"", ""C"", ""C"", ""H"", ""H"", ""H"", ""H"", ""H"", ""H"", ""H"", ""H"", ""H"", ""H"", ""H"", ""H"", ""H"", ""H"", ""H"", ""H"", ""H"", ""O"", ""C"", ""O"", ""C"", ""C"", ""C"", ""C"", ""C"", ""C"", ""N"", ""C"", ""C"", ""C"", ""C"", ""C"", ""C"", ""C"", ""C"", ""C"", ""C"", ""Cl"", ""C"", ""Cl"", ""C"", ""C"", ""C"", ""H"", ""H"", ""H"", ""H"", ""H"", ""H"", ""H"", ""H"", ""H"", ""H"", ""H"", ""H"", ""H"", ""H"", ""H"", ""H"", ""H"", ""O"", ""C"", ""O"", ""C"", ""C"", ""C"", ""C"", ""C"", ""C"", ""N"", ""C"", ""C"", ""C"", ""C"", ""C"", ""C"", ""C"", ""C"", ""C"", ""C"", ""Cl"", ""C"", ""Cl"", ""C"", ""C"", ""C"", ""H"", ""H"", ""H"", ""H"", ""H"", ""H"", ""H"", ""H"", ""H"", ""H"", ""H"", ""H"", ""H"", ""H"", ""H"", ""H"", ""H""]",C84H68Cl8N4O8,"[true, true, true]","[19.174336876974436, 0.0, 0.0, -14.402001961087823, 22.543713378750294, 0.0, 6.5737767249317995, 1.1012160267015765, 15.990047356294752]",6911.869939233718,[],"{""cutoff=6.000_skin=0.000"": 5042, ""cutoff=6.000_skin=0.500"": 5848}",0.0,,
OPT-RFT-XAFPAY172-R512-v1,16360d404e1cc8ec5ea026f69f45c1e0d210a4962a9adca338d6dcf7b609da30,OPT-RFT-XAFPAY172-R512-v1:0109,XAFPAY_C1_2_18981_z2_86,fba21a7fc5024aee6fb72219061fef07df350387fa9bd00a80583ef3733339a0,109,cross_family_test_set,XAFPAY/structures/XAFPAY_C1_2_18981_z2_86.cif,571a4572bbec419382b2f00a24fb6617b70c8677522521087b1fee68ee6bfea0,fba21a7fc5024aee6fb72219061fef07df350387fa9bd00a80583ef3733339a0,0,172,"[""O"", ""C"", ""O"", ""C"", ""C"", ""C"", ""C"", ""C"", ""C"", ""N"", ""C"", ""C"", ""C"", ""C"", ""C"", ""C"", ""C"", ""C"", ""C"", ""C"", ""Cl"", ""C"", ""Cl"", ""C"", ""C"", ""C"", ""H"", ""H"", ""H"", ""H"", ""H"", ""H"", ""H"", ""H"", ""H"", ""H"", ""H"", ""H"", ""H"", ""H"", ""H"", ""H"", ""H"", ""O"", ""C"", ""O"", ""C"", ""C"", ""C"", ""C"", ""C"", ""C"", ""N"", ""C"", ""C"", ""C"", ""C"", ""C"", ""C"", ""C"", ""C"", ""C"", ""C"", ""Cl"", ""C"", ""Cl"", ""C"", ""C"", ""C"", ""H"", ""H"", ""H"", ""H"", ""H"", ""H"", ""H"", ""H"", ""H"", ""H"", ""H"", ""H"", ""H"", ""H"", ""H"", ""H"", ""H"", ""O"", ""C"", ""O"", ""C"", ""C"", ""C"", ""C"", ""C"", ""C"", ""N"", ""C"", ""C"", ""C"", ""C"", ""C"", ""C"", ""C"", ""C"", ""C"", ""C"", ""Cl"", ""C"", ""Cl"", ""C"", ""C"", ""C"", ""H"", ""H"", ""H"", ""H"", ""H"", ""H"", ""H"", ""H"", ""H"", ""H"", ""H"", ""H"", ""H"", ""H"", ""H"", ""H"", ""H"", ""O"", ""C"", ""O"", ""C"", ""C"", ""C"", ""C"", ""C"", ""C"", ""N"", ""C"", ""C"", ""C"", ""C"", ""C"", ""C"", ""C"", ""C"", ""C"", ""C"", ""Cl"", ""C"", ""Cl"", ""C"", ""C"", ""C"", ""H"", ""H"", ""H"", ""H"", ""H"", ""H"", ""H"", ""H"", ""H"", ""H"", ""H"", ""H"", ""H"", ""H"", ""H"", ""H"", ""H""]",C84H68Cl8N4O8,"[true, true, true]","[25.93107838671795, 0.0, 0.0, 5.830437784353676, 16.98903774616568, 0.0, -1.4658140837283884, -4.304040212677579, 17.957414386769514]",7911.032411838011,[],"{""cutoff=6.000_skin=0.000"": 5048, ""cutoff=6.000_skin=0.500"": 6068}",0.0,,
OPT-RFT-XAFPAY172-R512-v1,16360d404e1cc8ec5ea026f69f45c1e0d210a4962a9adca338d6dcf7b609da30,OPT-RFT-XAFPAY172-R512-v1:0110,XAFPAY_C3_2_167_z2_86,2e8fba0da605fe113217da103091da1ca59e08f4f22b8e73cf3add1f83d0f384,110,cross_family_test_set,XAFPAY/structures/XAFPAY_C3_2_167_z2_86.cif,f224e97048cbb5711c590eb2208eedb450b3efeca68111455134da8996cd8853,2e8fba0da605fe113217da103091da1ca59e08f4f22b8e73cf3add1f83d0f384,0,172,"[""O"", ""C"", ""O"", ""C"", ""C"", ""C"", ""C"", ""C"", ""C"", ""N"", ""C"", ""C"", ""C"", ""C"", ""C"", ""C"", ""C"", ""C"", ""C"", ""C"", ""Cl"", ""C"", ""Cl"", ""C"", ""C"", ""C"", ""H"", ""H"", ""H"", ""H"", ""H"", ""H"", ""H"", ""H"", ""H"", ""H"", ""H"", ""H"", ""H"", ""H"", ""H"", ""H"", ""H"", ""O"", ""C"", ""O"", ""C"", ""C"", ""C"", ""C"", ""C"", ""C"", ""N"", ""C"", ""C"", ""C"", ""C"", ""C"", ""C"", ""C"", ""C"", ""C"", ""C"", ""Cl"", ""C"", ""Cl"", ""C"", ""C"", ""C"", ""H"", ""H"", ""H"", ""H"", ""H"", ""H"", ""H"", ""H"", ""H"", ""H"", ""H"", ""H"", ""H"", ""H"", ""H"", ""H"", ""H"", ""O"", ""C"", ""O"", ""C"", ""C"", ""C"", ""C"", ""C"", ""C"", ""N"", ""C"", ""C"", ""C"", ""C"", ""C"", ""C"", ""C"", ""C"", ""C"", ""C"", ""Cl"", ""C"", ""Cl"", ""C"", ""C"", ""C"", ""H"", ""H"", ""H"", ""H"", ""H"", ""H"", ""H"", ""H"", ""H"", ""H"", ""H"", ""H"", ""H"", ""H"", ""H"", ""H"", ""H"", ""O"", ""C"", ""O"", ""C"", ""C"", ""C"", ""C"", ""C"", ""C"", ""N"", ""C"", ""C"", ""C"", ""C"", ""C"", ""C"", ""C"", ""C"", ""C"", ""C"", ""Cl"", ""C"", ""Cl"", ""C"", ""C"", ""C"", ""H"", ""H"", ""H"", ""H"", ""H"", ""H"", ""H"", ""H"", ""H"", ""H"", ""H"", ""H"", ""H"", ""H"", ""H"", ""H"", ""H""]",C84H68Cl8N4O8,"[true, true, true]","[15.389511858838105, 0.0, 0.0, -9.51423583883031, 16.224900540506404, 0.0, 1.3214668481175733, -3.0906154585669237, 26.630441481582515]",6649.442794728553,[],"{""cutoff=6.000_skin=0.000"": 5050, ""cutoff=6.000_skin=0.500"": 5840}",0.0,,
OPT-RFT-XAFPAY172-R512-v1,16360d404e1cc8ec5ea026f69f45c1e0d210a4962a9adca338d6dcf7b609da30,OPT-RFT-XAFPAY172-R512-v1:0111,XAFPAY_C4_14_1848_z1_43,02c85339ff0ac91d185e84a0b5e6aa37cb67c3ecb068e2ebd2ff0f71137c1787,111,cross_family_test_set,XAFPAY/structures/XAFPAY_C4_14_1848_z1_43.cif,b866d817ffc532a27e9daa57a9cee2e803274988acc34e9abddb1b9d672846bf,02c85339ff0ac91d185e84a0b5e6aa37cb67c3ecb068e2ebd2ff0f71137c1787,0,172,"[""O"", ""C"", ""O"", ""C"", ""C"", ""C"", ""C"", ""C"", ""C"", ""N"", ""C"", ""C"", ""C"", ""C"", ""C"", ""C"", ""C"", ""C"", ""C"", ""C"", ""Cl"", ""C"", ""Cl"", ""C"", ""C"", ""C"", ""H"", ""H"", ""H"", ""H"", ""H"", ""H"", ""H"", ""H"", ""H"", ""H"", ""H"", ""H"", ""H"", ""H"", ""H"", ""H"", ""H"", ""O"", ""C"", ""O"", ""C"", ""C"", ""C"", ""C"", ""C"", ""C"", ""N"", ""C"", ""C"", ""C"", ""C"", ""C"", ""C"", ""C"", ""C"", ""C"", ""C"", ""Cl"", ""C"", ""Cl"", ""C"", ""C"", ""C"", ""H"", ""H"", ""H"", ""H"", ""H"", ""H"", ""H"", ""H"", ""H"", ""H"", ""H"", ""H"", ""H"", ""H"", ""H"", ""H"", ""H"", ""O"", ""C"", ""O"", ""C"", ""C"", ""C"", ""C"", ""C"", ""C"", ""N"", ""C"", ""C"", ""C"", ""C"", ""C"", ""C"", ""C"", ""C"", ""C"", ""C"", ""Cl"", ""C"", ""Cl"", ""C"", ""C"", ""C"", ""H"", ""H"", ""H"", ""H"", ""H"", ""H"", ""H"", ""H"", ""H"", ""H"", ""H"", ""H"", ""H"", ""H"", ""H"", ""H"", ""H"", ""O"", ""C"", ""O"", ""C"", ""C"", ""C"", ""C"", ""C"", ""C"", ""N"", ""C"", ""C"", ""C"", ""C"", ""C"", ""C"", ""C"", ""C"", ""C"", ""C"", ""Cl"", ""C"", ""Cl"", ""C"", ""C"", ""C"", ""H"", ""H"", ""H"", ""H"", ""H"", ""H"", ""H"", ""H"", ""H"", ""H"", ""H"", ""H"", ""H"", ""H"", ""H"", ""H"", ""H""]",C84H68Cl8N4O8,"[true, true, true]","[15.22706078449523, 0.0, 0.0, 0.0, 23.823641630110913, 0.0, -0.1250470933817812, 0.0, 27.828517286207443]",10095.185335962406,[],"{""cutoff=6.000_skin=0.000"": 5052, ""cutoff=6.000_skin=0.500"": 5840}",0.0,,
OPT-RFT-XAFPAY172-R512-v1,16360d404e1cc8ec5ea026f69f45c1e0d210a4962a9adca338d6dcf7b609da30,OPT-RFT-XAFPAY172-R512-v1:0112,XAFPAY_C4_2_4934_z2_86,325301993c4180884c8983a46da52da26e65577c31666528a0a436d25b5292c6,112,cross_family_test_set,XAFPAY/structures/XAFPAY_C4_2_4934_z2_86.cif,59e67ec7cb78711db95b2111b8f39fa1dd0e0acce58de696d287d2b6d2c8963e,325301993c4180884c8983a46da52da26e65577c31666528a0a436d25b5292c6,0,172,"[""O"", ""C"", ""O"", ""C"", ""C"", ""C"", ""C"", ""C"", ""C"", ""N"", ""C"", ""C"", ""C"", ""C"", ""C"", ""C"", ""C"", ""C"", ""C"", ""C"", ""Cl"", ""C"", ""Cl"", ""C"", ""C"", ""C"", ""H"", ""H"", ""H"", ""H"", ""H"", ""H"", ""H"", ""H"", ""H"", ""H"", ""H"", ""H"", ""H"", ""H"", ""H"", ""H"", ""H"", ""O"", ""C"", ""O"", ""C"", ""C"", ""C"", ""C"", ""C"", ""C"", ""N"", ""C"", ""C"", ""C"", ""C"", ""C"", ""C"", ""C"", ""C"", ""C"", ""C"", ""Cl"", ""C"", ""Cl"", ""C"", ""C"", ""C"", ""H"", ""H"", ""H"", ""H"", ""H"", ""H"", ""H"", ""H"", ""H"", ""H"", ""H"", ""H"", ""H"", ""H"", ""H"", ""H"", ""H"", ""O"", ""C"", ""O"", ""C"", ""C"", ""C"", ""C"", ""C"", ""C"", ""N"", ""C"", ""C"", ""C"", ""C"", ""C"", ""C"", ""C"", ""C"", ""C"", ""C"", ""Cl"", ""C"", ""Cl"", ""C"", ""C"", ""C"", ""H"", ""H"", ""H"", ""H"", ""H"", ""H"", ""H"", ""H"", ""H"", ""H"", ""H"", ""H"", ""H"", ""H"", ""H"", ""H"", ""H"", ""O"", ""C"", ""O"", ""C"", ""C"", ""C"", ""C"", ""C"", ""C"", ""N"", ""C"", ""C"", ""C"", ""C"", ""C"", ""C"", ""C"", ""C"", ""C"", ""C"", ""Cl"", ""C"", ""Cl"", ""C"", ""C"", ""C"", ""H"", ""H"", ""H"", ""H"", ""H"", ""H"", ""H"", ""H"", ""H"", ""H"", ""H"", ""H"", ""H"", ""H"", ""H"", ""H"", ""H""]",C84H68Cl8N4O8,"[true, true, true]","[16.79301881074005, 0.0, 0.0, -7.696077666496093, 13.522891180782302, 0.0, 9.553331375768453, -5.705049103988559, 30.766699670033752]",6986.814934554569,[],"{""cutoff=6.000_skin=0.000"": 5056, ""cutoff=6.000_skin=0.500"": 6032}",0.0,,
OPT-RFT-XAFPAY172-R512-v1,16360d404e1cc8ec5ea026f69f45c1e0d210a4962a9adca338d6dcf7b609da30,OPT-RFT-XAFPAY172-R512-v1:0113,XAFPAY_C1_2_10495_z2_86,858e28ab83f1b2427bf5910d2d7cb5b9a1b2b49052e4e80b9a25a5ca8e829558,113,cross_family_test_set,XAFPAY/structures/XAFPAY_C1_2_10495_z2_86.cif,101f5cbe6bf7428357da13f7b28489f1af7f729a7155e504003f1bfdd04093a1,858e28ab83f1b2427bf5910d2d7cb5b9a1b2b49052e4e80b9a25a5ca8e829558,0,172,"[""O"", ""C"", ""O"", ""C"", ""C"", ""C"", ""C"", ""C"", ""C"", ""N"", ""C"", ""C"", ""C"", ""C"", ""C"", ""C"", ""C"", ""C"", ""C"", ""C"", ""Cl"", ""C"", ""Cl"", ""C"", ""C"", ""C"", ""H"", ""H"", ""H"", ""H"", ""H"", ""H"", ""H"", ""H"", ""H"", ""H"", ""H"", ""H"", ""H"", ""H"", ""H"", ""H"", ""H"", ""O"", ""C"", ""O"", ""C"", ""C"", ""C"", ""C"", ""C"", ""C"", ""N"", ""C"", ""C"", ""C"", ""C"", ""C"", ""C"", ""C"", ""C"", ""C"", ""C"", ""Cl"", ""C"", ""Cl"", ""C"", ""C"", ""C"", ""H"", ""H"", ""H"", ""H"", ""H"", ""H"", ""H"", ""H"", ""H"", ""H"", ""H"", ""H"", ""H"", ""H"", ""H"", ""H"", ""H"", ""O"", ""C"", ""O"", ""C"", ""C"", ""C"", ""C"", ""C"", ""C"", ""N"", ""C"", ""C"", ""C"", ""C"", ""C"", ""C"", ""C"", ""C"", ""C"", ""C"", ""Cl"", ""C"", ""Cl"", ""C"", ""C"", ""C"", ""H"", ""H"", ""H"", ""H"", ""H"", ""H"", ""H"", ""H"", ""H"", ""H"", ""H"", ""H"", ""H"", ""H"", ""H"", ""H"", ""H"", ""O"", ""C"", ""O"", ""C"", ""C"", ""C"", ""C"", ""C"", ""C"", ""N"", ""C"", ""C"", ""C"", ""C"", ""C"", ""C"", ""C"", ""C"", ""C"", ""C"", ""Cl"", ""C"", ""Cl"", ""C"", ""C"", ""C"", ""H"", ""H"", ""H"", ""H"", ""H"", ""H"", ""H"", ""H"", ""H"", ""H"", ""H"", ""H"", ""H"", ""H"", ""H"", ""H"", ""H""]",C84H68Cl8N4O8,"[true, true, true]","[21.463297264346494, 0.0, 0.0, -0.40172906281967957, 21.810335822091698, 0.0, 9.885151094700369, 8.809355177223383, 17.01713642393936]",7966.091192410687,[],"{""cutoff=6.000_skin=0.000"": 5062, ""cutoff=6.000_skin=0.500"": 5998}",0.0,,
OPT-RFT-XAFPAY172-R512-v1,16360d404e1cc8ec5ea026f69f45c1e0d210a4962a9adca338d6dcf7b609da30,OPT-RFT-XAFPAY172-R512-v1:0114,XAFPAY_C1_2_10921_z2_86,c2be1ef56171a41fb81ac1e7b036442a4e18f707139cbf7af64dc5068e826605,114,cross_family_test_set,XAFPAY/structures/XAFPAY_C1_2_10921_z2_86.cif,b41cce02feb2b652316e40430e939fbbbb894183a088dfe3b6fc8e1620c4e002,c2be1ef56171a41fb81ac1e7b036442a4e18f707139cbf7af64dc5068e826605,0,172,"[""O"", ""C"", ""O"", ""C"", ""C"", ""C"", ""C"", ""C"", ""C"", ""N"", ""C"", ""C"", ""C"", ""C"", ""C"", ""C"", ""C"", ""C"", ""C"", ""C"", ""Cl"", ""C"", ""Cl"", ""C"", ""C"", ""C"", ""H"", ""H"", ""H"", ""H"", ""H"", ""H"", ""H"", ""H"", ""H"", ""H"", ""H"", ""H"", ""H"", ""H"", ""H"", ""H"", ""H"", ""O"", ""C"", ""O"", ""C"", ""C"", ""C"", ""C"", ""C"", ""C"", ""N"", ""C"", ""C"", ""C"", ""C"", ""C"", ""C"", ""C"", ""C"", ""C"", ""C"", ""Cl"", ""C"", ""Cl"", ""C"", ""C"", ""C"", ""H"", ""H"", ""H"", ""H"", ""H"", ""H"", ""H"", ""H"", ""H"", ""H"", ""H"", ""H"", ""H"", ""H"", ""H"", ""H"", ""H"", ""O"", ""C"", ""O"", ""C"", ""C"", ""C"", ""C"", ""C"", ""C"", ""N"", ""C"", ""C"", ""C"", ""C"", ""C"", ""C"", ""C"", ""C"", ""C"", ""C"", ""Cl"", ""C"", ""Cl"", ""C"", ""C"", ""C"", ""H"", ""H"", ""H"", ""H"", ""H"", ""H"", ""H"", ""H"", ""H"", ""H"", ""H"", ""H"", ""H"", ""H"", ""H"", ""H"", ""H"", ""O"", ""C"", ""O"", ""C"", ""C"", ""C"", ""C"", ""C"", ""C"", ""N"", ""C"", ""C"", ""C"", ""C"", ""C"", ""C"", ""C"", ""C"", ""C"", ""C"", ""Cl"", ""C"", ""Cl"", ""C"", ""C"", ""C"", ""H"", ""H"", ""H"", ""H"", ""H"", ""H"", ""H"", ""H"", ""H"", ""H"", ""H"", ""H"", ""H"", ""H"", ""H"", ""H"", ""H""]",C84H68Cl8N4O8,"[true, true, true]","[25.924255942898156, 0.0, 0.0, -12.101859915385926, 29.980882914310513, 0.0, -6.88951220443099, -2.2153253258862673, 12.365896241240627]",9611.171282174853,[],"{""cutoff=6.000_skin=0.000"": 5068, ""cutoff=6.000_skin=0.500"": 5986}",0.0,,
OPT-RFT-XAFPAY172-R512-v1,16360d404e1cc8ec5ea026f69f45c1e0d210a4962a9adca338d6dcf7b609da30,OPT-RFT-XAFPAY172-R512-v1:0115,XAFPAY_C3_2_8150_z2_86,112691ebf7fb0abd89f0222a44469cf54f8e18433af845caac5273e17d5a8060,115,cross_family_test_set,XAFPAY/structures/XAFPAY_C3_2_8150_z2_86.cif,f72b08a99274a80222f6bc1297cfecae6c5b2907130383984565984581d743d5,112691ebf7fb0abd89f0222a44469cf54f8e18433af845caac5273e17d5a8060,0,172,"[""O"", ""C"", ""O"", ""C"", ""C"", ""C"", ""C"", ""C"", ""C"", ""N"", ""C"", ""C"", ""C"", ""C"", ""C"", ""C"", ""C"", ""C"", ""C"", ""C"", ""Cl"", ""C"", ""Cl"", ""C"", ""C"", ""C"", ""H"", ""H"", ""H"", ""H"", ""H"", ""H"", ""H"", ""H"", ""H"", ""H"", ""H"", ""H"", ""H"", ""H"", ""H"", ""H"", ""H"", ""O"", ""C"", ""O"", ""C"", ""C"", ""C"", ""C"", ""C"", ""C"", ""N"", ""C"", ""C"", ""C"", ""C"", ""C"", ""C"", ""C"", ""C"", ""C"", ""C"", ""Cl"", ""C"", ""Cl"", ""C"", ""C"", ""C"", ""H"", ""H"", ""H"", ""H"", ""H"", ""H"", ""H"", ""H"", ""H"", ""H"", ""H"", ""H"", ""H"", ""H"", ""H"", ""H"", ""H"", ""O"", ""C"", ""O"", ""C"", ""C"", ""C"", ""C"", ""C"", ""C"", ""N"", ""C"", ""C"", ""C"", ""C"", ""C"", ""C"", ""C"", ""C"", ""C"", ""C"", ""Cl"", ""C"", ""Cl"", ""C"", ""C"", ""C"", ""H"", ""H"", ""H"", ""H"", ""H"", ""H"", ""H"", ""H"", ""H"", ""H"", ""H"", ""H"", ""H"", ""H"", ""H"", ""H"", ""H"", ""O"", ""C"", ""O"", ""C"", ""C"", ""C"", ""C"", ""C"", ""C"", ""N"", ""C"", ""C"", ""C"", ""C"", ""C"", ""C"", ""C"", ""C"", ""C"", ""C"", ""Cl"", ""C"", ""Cl"", ""C"", ""C"", ""C"", ""H"", ""H"", ""H"", ""H"", ""H"", ""H"", ""H"", ""H"", ""H"", ""H"", ""H"", ""H"", ""H"", ""H"", ""H"", ""H"", ""H""]",C84H68Cl8N4O8,"[true, true, true]","[17.806221718958696, 0.0, 0.0, -3.8187139878140512, 20.23332736832679, 0.0, -6.415446791084097, -14.204757423932804, 20.942710277291507]",7545.221087391981,[],"{""cutoff=6.000_skin=0.000"": 5070, ""cutoff=6.000_skin=0.500"": 5914}",0.0,,
OPT-RFT-XAFPAY172-R512-v1,16360d404e1cc8ec5ea026f69f45c1e0d210a4962a9adca338d6dcf7b609da30,OPT-RFT-XAFPAY172-R512-v1:0116,XAFPAY_C3_14_2530_z1_43,0e7aceecac77fa1122cf2d11303d4fabb910df46880f96da174c024ecaa19c94,116,cross_family_test_set,XAFPAY/structures/XAFPAY_C3_14_2530_z1_43.cif,3f4857a6d7009afe91426a07c9e8b305adace4c98f97aecd2e4bda7237ded75d,0e7aceecac77fa1122cf2d11303d4fabb910df46880f96da174c024ecaa19c94,0,172,"[""O"", ""C"", ""O"", ""C"", ""C"", ""C"", ""C"", ""C"", ""C"", ""N"", ""C"", ""C"", ""C"", ""C"", ""C"", ""C"", ""C"", ""C"", ""C"", ""C"", ""Cl"", ""C"", ""Cl"", ""C"", ""C"", ""C"", ""H"", ""H"", ""H"", ""H"", ""H"", ""H"", ""H"", ""H"", ""H"", ""H"", ""H"", ""H"", ""H"", ""H"", ""H"", ""H"", ""H"", ""O"", ""C"", ""O"", ""C"", ""C"", ""C"", ""C"", ""C"", ""C"", ""N"", ""C"", ""C"", ""C"", ""C"", ""C"", ""C"", ""C"", ""C"", ""C"", ""C"", ""Cl"", ""C"", ""Cl"", ""C"", ""C"", ""C"", ""H"", ""H"", ""H"", ""H"", ""H"", ""H"", ""H"", ""H"", ""H"", ""H"", ""H"", ""H"", ""H"", ""H"", ""H"", ""H"", ""H"", ""O"", ""C"", ""O"", ""C"", ""C"", ""C"", ""C"", ""C"", ""C"", ""N"", ""C"", ""C"", ""C"", ""C"", ""C"", ""C"", ""C"", ""C"", ""C"", ""C"", ""Cl"", ""C"", ""Cl"", ""C"", ""C"", ""C"", ""H"", ""H"", ""H"", ""H"", ""H"", ""H"", ""H"", ""H"", ""H"", ""H"", ""H"", ""H"", ""H"", ""H"", ""H"", ""H"", ""H"", ""O"", ""C"", ""O"", ""C"", ""C"", ""C"", ""C"", ""C"", ""C"", ""N"", ""C"", ""C"", ""C"", ""C"", ""C"", ""C"", ""C"", ""C"", ""C"", ""C"", ""Cl"", ""C"", ""Cl"", ""C"", ""C"", ""C"", ""H"", ""H"", ""H"", ""H"", ""H"", ""H"", ""H"", ""H"", ""H"", ""H"", ""H"", ""H"", ""H"", ""H"", ""H"", ""H"", ""H""]",C84H68Cl8N4O8,"[true, true, true]","[13.384609235959093, 0.0, 0.0, 0.0, 21.185967048217517, 0.0, -13.320673663813784, 0.0, 22.72854567922504]",6445.040289078513,[],"{""cutoff=6.000_skin=0.000"": 5076, ""cutoff=6.000_skin=0.500"": 6048}",0.0,,
OPT-RFT-XAFPAY172-R512-v1,16360d404e1cc8ec5ea026f69f45c1e0d210a4962a9adca338d6dcf7b609da30,OPT-RFT-XAFPAY172-R512-v1:0117,XAFPAY_C2_2_4649_z2_86,0b05663f2e6b0991d5046d1bcbf7040e826f216f2a78fe54b61b30936c6f4bef,117,cross_family_test_set,XAFPAY/structures/XAFPAY_C2_2_4649_z2_86.cif,c05acdb90964aeee87f8cff8ab9f3aa34c67cf888c7fef8856e41d8561254602,0b05663f2e6b0991d5046d1bcbf7040e826f216f2a78fe54b61b30936c6f4bef,0,172,"[""O"", ""C"", ""O"", ""C"", ""C"", ""C"", ""C"", ""C"", ""C"", ""N"", ""C"", ""C"", ""C"", ""C"", ""C"", ""C"", ""C"", ""C"", ""C"", ""C"", ""Cl"", ""C"", ""Cl"", ""C"", ""C"", ""C"", ""H"", ""H"", ""H"", ""H"", ""H"", ""H"", ""H"", ""H"", ""H"", ""H"", ""H"", ""H"", ""H"", ""H"", ""H"", ""H"", ""H"", ""O"", ""C"", ""O"", ""C"", ""C"", ""C"", ""C"", ""C"", ""C"", ""N"", ""C"", ""C"", ""C"", ""C"", ""C"", ""C"", ""C"", ""C"", ""C"", ""C"", ""Cl"", ""C"", ""Cl"", ""C"", ""C"", ""C"", ""H"", ""H"", ""H"", ""H"", ""H"", ""H"", ""H"", ""H"", ""H"", ""H"", ""H"", ""H"", ""H"", ""H"", ""H"", ""H"", ""H"", ""O"", ""C"", ""O"", ""C"", ""C"", ""C"", ""C"", ""C"", ""C"", ""N"", ""C"", ""C"", ""C"", ""C"", ""C"", ""C"", ""C"", ""C"", ""C"", ""C"", ""Cl"", ""C"", ""Cl"", ""C"", ""C"", ""C"", ""H"", ""H"", ""H"", ""H"", ""H"", ""H"", ""H"", ""H"", ""H"", ""H"", ""H"", ""H"", ""H"", ""H"", ""H"", ""H"", ""H"", ""O"", ""C"", ""O"", ""C"", ""C"", ""C"", ""C"", ""C"", ""C"", ""N"", ""C"", ""C"", ""C"", ""C"", ""C"", ""C"", ""C"", ""C"", ""C"", ""C"", ""Cl"", ""C"", ""Cl"", ""C"", ""C"", ""C"", ""H"", ""H"", ""H"", ""H"", ""H"", ""H"", ""H"", ""H"", ""H"", ""H"", ""H"", ""H"", ""H"", ""H"", ""H"", ""H"", ""H""]",C84H68Cl8N4O8,"[true, true, true]","[26.885413453031504, 0.0, 0.0, 4.041418815246296, 11.718127990076582, 0.0, -2.7104701779833507, -7.725865353899079, 24.68972577522651]",7778.417022172731,[],"{""cutoff=6.000_skin=0.000"": 5084, ""cutoff=6.000_skin=0.500"": 5906}",0.0,,
OPT-RFT-XAFPAY172-R512-v1,16360d404e1cc8ec5ea026f69f45c1e0d210a4962a9adca338d6dcf7b609da30,OPT-RFT-XAFPAY172-R512-v1:0118,XAFPAY_C1_14_1837_z1_43,7fee1b6812d6bd17174cf91a54c6016ba6db996740e0249c8cb2956e64510f82,118,cross_family_test_set,XAFPAY/structures/XAFPAY_C1_14_1837_z1_43.cif,9926f01d0bb62d5d8f400804a62362c4748791f005aaa41662a3566f65896be3,7fee1b6812d6bd17174cf91a54c6016ba6db996740e0249c8cb2956e64510f82,0,172,"[""O"", ""C"", ""O"", ""C"", ""C"", ""C"", ""C"", ""C"", ""C"", ""N"", ""C"", ""C"", ""C"", ""C"", ""C"", ""C"", ""C"", ""C"", ""C"", ""C"", ""Cl"", ""C"", ""Cl"", ""C"", ""C"", ""C"", ""H"", ""H"", ""H"", ""H"", ""H"", ""H"", ""H"", ""H"", ""H"", ""H"", ""H"", ""H"", ""H"", ""H"", ""H"", ""H"", ""H"", ""O"", ""C"", ""O"", ""C"", ""C"", ""C"", ""C"", ""C"", ""C"", ""N"", ""C"", ""C"", ""C"", ""C"", ""C"", ""C"", ""C"", ""C"", ""C"", ""C"", ""Cl"", ""C"", ""Cl"", ""C"", ""C"", ""C"", ""H"", ""H"", ""H"", ""H"", ""H"", ""H"", ""H"", ""H"", ""H"", ""H"", ""H"", ""H"", ""H"", ""H"", ""H"", ""H"", ""H"", ""O"", ""C"", ""O"", ""C"", ""C"", ""C"", ""C"", ""C"", ""C"", ""N"", ""C"", ""C"", ""C"", ""C"", ""C"", ""C"", ""C"", ""C"", ""C"", ""C"", ""Cl"", ""C"", ""Cl"", ""C"", ""C"", ""C"", ""H"", ""H"", ""H"", ""H"", ""H"", ""H"", ""H"", ""H"", ""H"", ""H"", ""H"", ""H"", ""H"", ""H"", ""H"", ""H"", ""H"", ""O"", ""C"", ""O"", ""C"", ""C"", ""C"", ""C"", ""C"", ""C"", ""N"", ""C"", ""C"", ""C"", ""C"", ""C"", ""C"", ""C"", ""C"", ""C"", ""C"", ""Cl"", ""C"", ""Cl"", ""C"", ""C"", ""C"", ""H"", ""H"", ""H"", ""H"", ""H"", ""H"", ""H"", ""H"", ""H"", ""H"", ""H"", ""H"", ""H"", ""H"", ""H"", ""H"", ""H""]",C84H68Cl8N4O8,"[true, true, true]","[12.683062114651667, 0.0, 0.0, 0.0, 14.38078675934559, 0.0, 6.818897438471883, 0.0, 35.33410921702626]",6444.6733962953285,[],"{""cutoff=6.000_skin=0.000"": 5088, ""cutoff=6.000_skin=0.500"": 6028}",0.0,,
OPT-RFT-XAFPAY172-R512-v1,16360d404e1cc8ec5ea026f69f45c1e0d210a4962a9adca338d6dcf7b609da30,OPT-RFT-XAFPAY172-R512-v1:0119,XAFPAY_C1_2_20022_z2_86,545a9c14436a4e7b8993bf033381c88884859d3d7fe2d84a7999b47f512a0d8f,119,cross_family_test_set,XAFPAY/structures/XAFPAY_C1_2_20022_z2_86.cif,de44b801bdcd87bd5c6e1fa16777ae3580b1604fd86a35604813fdddf302861d,545a9c14436a4e7b8993bf033381c88884859d3d7fe2d84a7999b47f512a0d8f,0,172,"[""O"", ""C"", ""O"", ""C"", ""C"", ""C"", ""C"", ""C"", ""C"", ""N"", ""C"", ""C"", ""C"", ""C"", ""C"", ""C"", ""C"", ""C"", ""C"", ""C"", ""Cl"", ""C"", ""Cl"", ""C"", ""C"", ""C"", ""H"", ""H"", ""H"", ""H"", ""H"", ""H"", ""H"", ""H"", ""H"", ""H"", ""H"", ""H"", ""H"", ""H"", ""H"", ""H"", ""H"", ""O"", ""C"", ""O"", ""C"", ""C"", ""C"", ""C"", ""C"", ""C"", ""N"", ""C"", ""C"", ""C"", ""C"", ""C"", ""C"", ""C"", ""C"", ""C"", ""C"", ""Cl"", ""C"", ""Cl"", ""C"", ""C"", ""C"", ""H"", ""H"", ""H"", ""H"", ""H"", ""H"", ""H"", ""H"", ""H"", ""H"", ""H"", ""H"", ""H"", ""H"", ""H"", ""H"", ""H"", ""O"", ""C"", ""O"", ""C"", ""C"", ""C"", ""C"", ""C"", ""C"", ""N"", ""C"", ""C"", ""C"", ""C"", ""C"", ""C"", ""C"", ""C"", ""C"", ""C"", ""Cl"", ""C"", ""Cl"", ""C"", ""C"", ""C"", ""H"", ""H"", ""H"", ""H"", ""H"", ""H"", ""H"", ""H"", ""H"", ""H"", ""H"", ""H"", ""H"", ""H"", ""H"", ""H"", ""H"", ""O"", ""C"", ""O"", ""C"", ""C"", ""C"", ""C"", ""C"", ""C"", ""N"", ""C"", ""C"", ""C"", ""C"", ""C"", ""C"", ""C"", ""C"", ""C"", ""C"", ""Cl"", ""C"", ""Cl"", ""C"", ""C"", ""C"", ""H"", ""H"", ""H"", ""H"", ""H"", ""H"", ""H"", ""H"", ""H"", ""H"", ""H"", ""H"", ""H"", ""H"", ""H"", ""H"", ""H""]",C84H68Cl8N4O8,"[true, true, true]","[21.50177823374024, 0.0, 0.0, -4.708312763759827, 21.462971803198315, 0.0, 4.665476640704979, 6.221455950835868, 14.539652455335043]",6709.934162560771,[],"{""cutoff=6.000_skin=0.000"": 5090, ""cutoff=6.000_skin=0.500"": 6130}",0.0,,
OPT-RFT-XAFPAY172-R512-v1,16360d404e1cc8ec5ea026f69f45c1e0d210a4962a9adca338d6dcf7b609da30,OPT-RFT-XAFPAY172-R512-v1:0120,XAFPAY_C4_2_6908_z2_86,3914f3cb6db952fc16f437cc53c157bff4f29c2f9f58df40429a6e3bc559cb59,120,cross_family_test_set,XAFPAY/structures/XAFPAY_C4_2_6908_z2_86.cif,1b37ed102495e0d13489f84a3deeed2235d9c4259832711dd69ecf5658b25ac8,3914f3cb6db952fc16f437cc53c157bff4f29c2f9f58df40429a6e3bc559cb59,0,172,"[""O"", ""C"", ""O"", ""C"", ""C"", ""C"", ""C"", ""C"", ""C"", ""N"", ""C"", ""C"", ""C"", ""C"", ""C"", ""C"", ""C"", ""C"", ""C"", ""C"", ""Cl"", ""C"", ""Cl"", ""C"", ""C"", ""C"", ""H"", ""H"", ""H"", ""H"", ""H"", ""H"", ""H"", ""H"", ""H"", ""H"", ""H"", ""H"", ""H"", ""H"", ""H"", ""H"", ""H"", ""O"", ""C"", ""O"", ""C"", ""C"", ""C"", ""C"", ""C"", ""C"", ""N"", ""C"", ""C"", ""C"", ""C"", ""C"", ""C"", ""C"", ""C"", ""C"", ""C"", ""Cl"", ""C"", ""Cl"", ""C"", ""C"", ""C"", ""H"", ""H"", ""H"", ""H"", ""H"", ""H"", ""H"", ""H"", ""H"", ""H"", ""H"", ""H"", ""H"", ""H"", ""H"", ""H"", ""H"", ""O"", ""C"", ""O"", ""C"", ""C"", ""C"", ""C"", ""C"", ""C"", ""N"", ""C"", ""C"", ""C"", ""C"", ""C"", ""C"", ""C"", ""C"", ""C"", ""C"", ""Cl"", ""C"", ""Cl"", ""C"", ""C"", ""C"", ""H"", ""H"", ""H"", ""H"", ""H"", ""H"", ""H"", ""H"", ""H"", ""H"", ""H"", ""H"", ""H"", ""H"", ""H"", ""H"", ""H"", ""O"", ""C"", ""O"", ""C"", ""C"", ""C"", ""C"", ""C"", ""C"", ""N"", ""C"", ""C"", ""C"", ""C"", ""C"", ""C"", ""C"", ""C"", ""C"", ""C"", ""Cl"", ""C"", ""Cl"", ""C"", ""C"", ""C"", ""H"", ""H"", ""H"", ""H"", ""H"", ""H"", ""H"", ""H"", ""H"", ""H"", ""H"", ""H"", ""H"", ""H"", ""H"", ""H"", ""H""]",C84H68Cl8N4O8,"[true, true, true]","[16.991097970582388, 0.0, 0.0, -5.250624768836929, 14.190632262227313, 0.0, 12.602873425567124, 21.570192872688537, 25.80048248463169]",6220.868448229486,[],"{""cutoff=6.000_skin=0.000"": 5094, ""cutoff=6.000_skin=0.500"": 6154}",0.0,,
OPT-RFT-XAFPAY172-R512-v1,16360d404e1cc8ec5ea026f69f45c1e0d210a4962a9adca338d6dcf7b609da30,OPT-RFT-XAFPAY172-R512-v1:0121,XAFPAY_C1_2_14817_z2_86,0d2140c5103ea1b3571dce573b808305443f603e938aa25dace8c3c94de6e39c,121,cross_family_test_set,XAFPAY/structures/XAFPAY_C1_2_14817_z2_86.cif,8b4bff59923206e1304243234ba67ac75cd5b84afdc49dce7409975090f33745,0d2140c5103ea1b3571dce573b808305443f603e938aa25dace8c3c94de6e39c,0,172,"[""O"", ""C"", ""O"", ""C"", ""C"", ""C"", ""C"", ""C"", ""C"", ""N"", ""C"", ""C"", ""C"", ""C"", ""C"", ""C"", ""C"", ""C"", ""C"", ""C"", ""Cl"", ""C"", ""Cl"", ""C"", ""C"", ""C"", ""H"", ""H"", ""H"", ""H"", ""H"", ""H"", ""H"", ""H"", ""H"", ""H"", ""H"", ""H"", ""H"", ""H"", ""H"", ""H"", ""H"", ""O"", ""C"", ""O"", ""C"", ""C"", ""C"", ""C"", ""C"", ""C"", ""N"", ""C"", ""C"", ""C"", ""C"", ""C"", ""C"", ""C"", ""C"", ""C"", ""C"", ""Cl"", ""C"", ""Cl"", ""C"", ""C"", ""C"", ""H"", ""H"", ""H"", ""H"", ""H"", ""H"", ""H"", ""H"", ""H"", ""H"", ""H"", ""H"", ""H"", ""H"", ""H"", ""H"", ""H"", ""O"", ""C"", ""O"", ""C"", ""C"", ""C"", ""C"", ""C"", ""C"", ""N"", ""C"", ""C"", ""C"", ""C"", ""C"", ""C"", ""C"", ""C"", ""C"", ""C"", ""Cl"", ""C"", ""Cl"", ""C"", ""C"", ""C"", ""H"", ""H"", ""H"", ""H"", ""H"", ""H"", ""H"", ""H"", ""H"", ""H"", ""H"", ""H"", ""H"", ""H"", ""H"", ""H"", ""H"", ""O"", ""C"", ""O"", ""C"", ""C"", ""C"", ""C"", ""C"", ""C"", ""N"", ""C"", ""C"", ""C"", ""C"", ""C"", ""C"", ""C"", ""C"", ""C"", ""C"", ""Cl"", ""C"", ""Cl"", ""C"", ""C"", ""C"", ""H"", ""H"", ""H"", ""H"", ""H"", ""H"", ""H"", ""H"", ""H"", ""H"", ""H"", ""H"", ""H"", ""H"", ""H"", ""H"", ""H""]",C84H68Cl8N4O8,"[true, true, true]","[23.57781463138896, 0.0, 0.0, 12.381308790487404, 21.416544167012937, 0.0, -11.92108091220648, 10.543979223228199, 17.735912012892786]",8955.84292048778,[],"{""cutoff=6.000_skin=0.000"": 5098, ""cutoff=6.000_skin=0.500"": 5944}",0.0,,
OPT-RFT-XAFPAY172-R512-v1,16360d404e1cc8ec5ea026f69f45c1e0d210a4962a9adca338d6dcf7b609da30,OPT-RFT-XAFPAY172-R512-v1:0122,XAFPAY_C4_2_7441_z2_86,074d6dbda9672207b0292d00541a48c6a7ef0f5abea376308846320512c3e2fb,122,cross_family_test_set,XAFPAY/structures/XAFPAY_C4_2_7441_z2_86.cif,b7d6458eeb8621cbfa2f9def2f1000f5a361004661a8ddfd2af3cd6cf562aec2,074d6dbda9672207b0292d00541a48c6a7ef0f5abea376308846320512c3e2fb,0,172,"[""O"", ""C"", ""O"", ""C"", ""C"", ""C"", ""C"", ""C"", ""C"", ""N"", ""C"", ""C"", ""C"", ""C"", ""C"", ""C"", ""C"", ""C"", ""C"", ""C"", ""Cl"", ""C"", ""Cl"", ""C"", ""C"", ""C"", ""H"", ""H"", ""H"", ""H"", ""H"", ""H"", ""H"", ""H"", ""H"", ""H"", ""H"", ""H"", ""H"", ""H"", ""H"", ""H"", ""H"", ""O"", ""C"", ""O"", ""C"", ""C"", ""C"", ""C"", ""C"", ""C"", ""N"", ""C"", ""C"", ""C"", ""C"", ""C"", ""C"", ""C"", ""C"", ""C"", ""C"", ""Cl"", ""C"", ""Cl"", ""C"", ""C"", ""C"", ""H"", ""H"", ""H"", ""H"", ""H"", ""H"", ""H"", ""H"", ""H"", ""H"", ""H"", ""H"", ""H"", ""H"", ""H"", ""H"", ""H"", ""O"", ""C"", ""O"", ""C"", ""C"", ""C"", ""C"", ""C"", ""C"", ""N"", ""C"", ""C"", ""C"", ""C"", ""C"", ""C"", ""C"", ""C"", ""C"", ""C"", ""Cl"", ""C"", ""Cl"", ""C"", ""C"", ""C"", ""H"", ""H"", ""H"", ""H"", ""H"", ""H"", ""H"", ""H"", ""H"", ""H"", ""H"", ""H"", ""H"", ""H"", ""H"", ""H"", ""H"", ""O"", ""C"", ""O"", ""C"", ""C"", ""C"", ""C"", ""C"", ""C"", ""N"", ""C"", ""C"", ""C"", ""C"", ""C"", ""C"", ""C"", ""C"", ""C"", ""C"", ""Cl"", ""C"", ""Cl"", ""C"", ""C"", ""C"", ""H"", ""H"", ""H"", ""H"", ""H"", ""H"", ""H"", ""H"", ""H"", ""H"", ""H"", ""H"", ""H"", ""H"", ""H"", ""H"", ""H""]",C84H68Cl8N4O8,"[true, true, true]","[11.75786510743498, 0.0, 0.0, 7.476746045322967, 42.68499349181323, 0.0, 7.2535980557484425, -15.105385852071468, 16.282394149263464]",8171.8795463364995,[],"{""cutoff=6.000_skin=0.000"": 5102, ""cutoff=6.000_skin=0.500"": 6122}",0.0,,
OPT-RFT-XAFPAY172-R512-v1,16360d404e1cc8ec5ea026f69f45c1e0d210a4962a9adca338d6dcf7b609da30,OPT-RFT-XAFPAY172-R512-v1:0123,XAFPAY_C3_2_868_z2_86,5ac025526cd8903a6efe07ec05fde3311076493f0311b6134b33ef2d7135e59d,123,cross_family_test_set,XAFPAY/structures/XAFPAY_C3_2_868_z2_86.cif,6ce9ac6324e257a257bab196e11a7089d64300afc8618789912ca46c4fb98bc1,5ac025526cd8903a6efe07ec05fde3311076493f0311b6134b33ef2d7135e59d,0,172,"[""O"", ""C"", ""O"", ""C"", ""C"", ""C"", ""C"", ""C"", ""C"", ""N"", ""C"", ""C"", ""C"", ""C"", ""C"", ""C"", ""C"", ""C"", ""C"", ""C"", ""Cl"", ""C"", ""Cl"", ""C"", ""C"", ""C"", ""H"", ""H"", ""H"", ""H"", ""H"", ""H"", ""H"", ""H"", ""H"", ""H"", ""H"", ""H"", ""H"", ""H"", ""H"", ""H"", ""H"", ""O"", ""C"", ""O"", ""C"", ""C"", ""C"", ""C"", ""C"", ""C"", ""N"", ""C"", ""C"", ""C"", ""C"", ""C"", ""C"", ""C"", ""C"", ""C"", ""C"", ""Cl"", ""C"", ""Cl"", ""C"", ""C"", ""C"", ""H"", ""H"", ""H"", ""H"", ""H"", ""H"", ""H"", ""H"", ""H"", ""H"", ""H"", ""H"", ""H"", ""H"", ""H"", ""H"", ""H"", ""O"", ""C"", ""O"", ""C"", ""C"", ""C"", ""C"", ""C"", ""C"", ""N"", ""C"", ""C"", ""C"", ""C"", ""C"", ""C"", ""C"", ""C"", ""C"", ""C"", ""Cl"", ""C"", ""Cl"", ""C"", ""C"", ""C"", ""H"", ""H"", ""H"", ""H"", ""H"", ""H"", ""H"", ""H"", ""H"", ""H"", ""H"", ""H"", ""H"", ""H"", ""H"", ""H"", ""H"", ""O"", ""C"", ""O"", ""C"", ""C"", ""C"", ""C"", ""C"", ""C"", ""N"", ""C"", ""C"", ""C"", ""C"", ""C"", ""C"", ""C"", ""C"", ""C"", ""C"", ""Cl"", ""C"", ""Cl"", ""C"", ""C"", ""C"", ""H"", ""H"", ""H"", ""H"", ""H"", ""H"", ""H"", ""H"", ""H"", ""H"", ""H"", ""H"", ""H"", ""H"", ""H"", ""H"", ""H""]",C84H68Cl8N4O8,"[true, true, true]","[18.830088181226685, 0.0, 0.0, -1.502304376973908, 23.610634836922987, 0.0, -0.3602469766605567, -8.571274627478644, 22.24898148696239]",9891.68215481295,[],"{""cutoff=6.000_skin=0.000"": 5110, ""cutoff=6.000_skin=0.500"": 5938}",0.0,,
OPT-RFT-XAFPAY172-R512-v1,16360d404e1cc8ec5ea026f69f45c1e0d210a4962a9adca338d6dcf7b609da30,OPT-RFT-XAFPAY172-R512-v1:0124,XAFPAY_C4_2_17434_z2_86,c9315a3bfa698605fb664e581983e0e392531862067698a27a6c3dda2270e4d9,124,cross_family_test_set,XAFPAY/structures/XAFPAY_C4_2_17434_z2_86.cif,42ed55785902da5442ae8bccaf54eb8d9b9b3f0487b19c71c55711773a413a3d,c9315a3bfa698605fb664e581983e0e392531862067698a27a6c3dda2270e4d9,0,172,"[""O"", ""C"", ""O"", ""C"", ""C"", ""C"", ""C"", ""C"", ""C"", ""N"", ""C"", ""C"", ""C"", ""C"", ""C"", ""C"", ""C"", ""C"", ""C"", ""C"", ""Cl"", ""C"", ""Cl"", ""C"", ""C"", ""C"", ""H"", ""H"", ""H"", ""H"", ""H"", ""H"", ""H"", ""H"", ""H"", ""H"", ""H"", ""H"", ""H"", ""H"", ""H"", ""H"", ""H"", ""O"", ""C"", ""O"", ""C"", ""C"", ""C"", ""C"", ""C"", ""C"", ""N"", ""C"", ""C"", ""C"", ""C"", ""C"", ""C"", ""C"", ""C"", ""C"", ""C"", ""Cl"", ""C"", ""Cl"", ""C"", ""C"", ""C"", ""H"", ""H"", ""H"", ""H"", ""H"", ""H"", ""H"", ""H"", ""H"", ""H"", ""H"", ""H"", ""H"", ""H"", ""H"", ""H"", ""H"", ""O"", ""C"", ""O"", ""C"", ""C"", ""C"", ""C"", ""C"", ""C"", ""N"", ""C"", ""C"", ""C"", ""C"", ""C"", ""C"", ""C"", ""C"", ""C"", ""C"", ""Cl"", ""C"", ""Cl"", ""C"", ""C"", ""C"", ""H"", ""H"", ""H"", ""H"", ""H"", ""H"", ""H"", ""H"", ""H"", ""H"", ""H"", ""H"", ""H"", ""H"", ""H"", ""H"", ""H"", ""O"", ""C"", ""O"", ""C"", ""C"", ""C"", ""C"", ""C"", ""C"", ""N"", ""C"", ""C"", ""C"", ""C"", ""C"", ""C"", ""C"", ""C"", ""C"", ""C"", ""Cl"", ""C"", ""Cl"", ""C"", ""C"", ""C"", ""H"", ""H"", ""H"", ""H"", ""H"", ""H"", ""H"", ""H"", ""H"", ""H"", ""H"", ""H"", ""H"", ""H"", ""H"", ""H"", ""H""]",C84H68Cl8N4O8,"[true, true, true]","[22.178578215401643, 0.0, 0.0, 1.9068607019254555, 23.382854923908095, 0.0, 10.660661886606706, 5.308321606022709, 19.95405883112082]",10348.144516381202,[],"{""cutoff=6.000_skin=0.000"": 5116, ""cutoff=6.000_skin=0.500"": 5972}",0.0,,
OPT-RFT-XAFPAY172-R512-v1,16360d404e1cc8ec5ea026f69f45c1e0d210a4962a9adca338d6dcf7b609da30,OPT-RFT-XAFPAY172-R512-v1:0125,XAFPAY_C1_2_16320_z2_86,ffdaeeb434683b8f420f44d4ec900e9f53a28c8718d4c9166a8f932ddd9c4c16,125,cross_family_test_set,XAFPAY/structures/XAFPAY_C1_2_16320_z2_86.cif,d6ac1486fea01d39f58e336b1cfec4752f4fc82544b7cd12d14abf4320abb9a0,ffdaeeb434683b8f420f44d4ec900e9f53a28c8718d4c9166a8f932ddd9c4c16,0,172,"[""O"", ""C"", ""O"", ""C"", ""C"", ""C"", ""C"", ""C"", ""C"", ""N"", ""C"", ""C"", ""C"", ""C"", ""C"", ""C"", ""C"", ""C"", ""C"", ""C"", ""Cl"", ""C"", ""Cl"", ""C"", ""C"", ""C"", ""H"", ""H"", ""H"", ""H"", ""H"", ""H"", ""H"", ""H"", ""H"", ""H"", ""H"", ""H"", ""H"", ""H"", ""H"", ""H"", ""H"", ""O"", ""C"", ""O"", ""C"", ""C"", ""C"", ""C"", ""C"", ""C"", ""N"", ""C"", ""C"", ""C"", ""C"", ""C"", ""C"", ""C"", ""C"", ""C"", ""C"", ""Cl"", ""C"", ""Cl"", ""C"", ""C"", ""C"", ""H"", ""H"", ""H"", ""H"", ""H"", ""H"", ""H"", ""H"", ""H"", ""H"", ""H"", ""H"", ""H"", ""H"", ""H"", ""H"", ""H"", ""O"", ""C"", ""O"", ""C"", ""C"", ""C"", ""C"", ""C"", ""C"", ""N"", ""C"", ""C"", ""C"", ""C"", ""C"", ""C"", ""C"", ""C"", ""C"", ""C"", ""Cl"", ""C"", ""Cl"", ""C"", ""C"", ""C"", ""H"", ""H"", ""H"", ""H"", ""H"", ""H"", ""H"", ""H"", ""H"", ""H"", ""H"", ""H"", ""H"", ""H"", ""H"", ""H"", ""H"", ""O"", ""C"", ""O"", ""C"", ""C"", ""C"", ""C"", ""C"", ""C"", ""N"", ""C"", ""C"", ""C"", ""C"", ""C"", ""C"", ""C"", ""C"", ""C"", ""C"", ""Cl"", ""C"", ""Cl"", ""C"", ""C"", ""C"", ""H"", ""H"", ""H"", ""H"", ""H"", ""H"", ""H"", ""H"", ""H"", ""H"", ""H"", ""H"", ""H"", ""H"", ""H"", ""H"", ""H""]",C84H68Cl8N4O8,"[true, true, true]","[16.65895146519449, 0.0, 0.0, 4.7228334268846766, 20.943746349137946, 0.0, -7.029250482359728, -7.704368132800892, 21.702469996095914]",7572.010314020104,[],"{""cutoff=6.000_skin=0.000"": 5120, ""cutoff=6.000_skin=0.500"": 6176}",0.0,,
OPT-RFT-XAFPAY172-R512-v1,16360d404e1cc8ec5ea026f69f45c1e0d210a4962a9adca338d6dcf7b609da30,OPT-RFT-XAFPAY172-R512-v1:0126,XAFPAY_C3_2_3185_z2_86,f76e089238549fc68b3e097bae0bc30609dd009a4c6681a2156070c2953474b6,126,cross_family_test_set,XAFPAY/structures/XAFPAY_C3_2_3185_z2_86.cif,e20ea1197d018b38d19187655b5df58a3671320cd1493c1eba87c9b7f28cb6c1,f76e089238549fc68b3e097bae0bc30609dd009a4c6681a2156070c2953474b6,0,172,"[""O"", ""C"", ""O"", ""C"", ""C"", ""C"", ""C"", ""C"", ""C"", ""N"", ""C"", ""C"", ""C"", ""C"", ""C"", ""C"", ""C"", ""C"", ""C"", ""C"", ""Cl"", ""C"", ""Cl"", ""C"", ""C"", ""C"", ""H"", ""H"", ""H"", ""H"", ""H"", ""H"", ""H"", ""H"", ""H"", ""H"", ""H"", ""H"", ""H"", ""H"", ""H"", ""H"", ""H"", ""O"", ""C"", ""O"", ""C"", ""C"", ""C"", ""C"", ""C"", ""C"", ""N"", ""C"", ""C"", ""C"", ""C"", ""C"", ""C"", ""C"", ""C"", ""C"", ""C"", ""Cl"", ""C"", ""Cl"", ""C"", ""C"", ""C"", ""H"", ""H"", ""H"", ""H"", ""H"", ""H"", ""H"", ""H"", ""H"", ""H"", ""H"", ""H"", ""H"", ""H"", ""H"", ""H"", ""H"", ""O"", ""C"", ""O"", ""C"", ""C"", ""C"", ""C"", ""C"", ""C"", ""N"", ""C"", ""C"", ""C"", ""C"", ""C"", ""C"", ""C"", ""C"", ""C"", ""C"", ""Cl"", ""C"", ""Cl"", ""C"", ""C"", ""C"", ""H"", ""H"", ""H"", ""H"", ""H"", ""H"", ""H"", ""H"", ""H"", ""H"", ""H"", ""H"", ""H"", ""H"", ""H"", ""H"", ""H"", ""O"", ""C"", ""O"", ""C"", ""C"", ""C"", ""C"", ""C"", ""C"", ""N"", ""C"", ""C"", ""C"", ""C"", ""C"", ""C"", ""C"", ""C"", ""C"", ""C"", ""Cl"", ""C"", ""Cl"", ""C"", ""C"", ""C"", ""H"", ""H"", ""H"", ""H"", ""H"", ""H"", ""H"", ""H"", ""H"", ""H"", ""H"", ""H"", ""H"", ""H"", ""H"", ""H"", ""H""]",C84H68Cl8N4O8,"[true, true, true]","[41.65160395970554, 0.0, 0.0, -0.07619965223744059, 20.146233943840954, 0.0, -5.461557806834558, 3.5186161572292542, 7.961794624217909]",6680.924652148539,[],"{""cutoff=6.000_skin=0.000"": 5122, ""cutoff=6.000_skin=0.500"": 6030}",0.0,,
OPT-RFT-XAFPAY172-R512-v1,16360d404e1cc8ec5ea026f69f45c1e0d210a4962a9adca338d6dcf7b609da30,OPT-RFT-XAFPAY172-R512-v1:0127,XAFPAY_C2_2_14966_z2_86,981e59a64d24b6a6580cee990d7c365868c5576f71fcdb058e73f6578bb28aec,127,cross_family_test_set,XAFPAY/structures/XAFPAY_C2_2_14966_z2_86.cif,2df4d48e25112097f1178f4a1e64e3469db764458d02d597f9d0cf1fb5b670dc,981e59a64d24b6a6580cee990d7c365868c5576f71fcdb058e73f6578bb28aec,0,172,"[""O"", ""C"", ""O"", ""C"", ""C"", ""C"", ""C"", ""C"", ""C"", ""N"", ""C"", ""C"", ""C"", ""C"", ""C"", ""C"", ""C"", ""C"", ""C"", ""C"", ""Cl"", ""C"", ""Cl"", ""C"", ""C"", ""C"", ""H"", ""H"", ""H"", ""H"", ""H"", ""H"", ""H"", ""H"", ""H"", ""H"", ""H"", ""H"", ""H"", ""H"", ""H"", ""H"", ""H"", ""O"", ""C"", ""O"", ""C"", ""C"", ""C"", ""C"", ""C"", ""C"", ""N"", ""C"", ""C"", ""C"", ""C"", ""C"", ""C"", ""C"", ""C"", ""C"", ""C"", ""Cl"", ""C"", ""Cl"", ""C"", ""C"", ""C"", ""H"", ""H"", ""H"", ""H"", ""H"", ""H"", ""H"", ""H"", ""H"", ""H"", ""H"", ""H"", ""H"", ""H"", ""H"", ""H"", ""H"", ""O"", ""C"", ""O"", ""C"", ""C"", ""C"", ""C"", ""C"", ""C"", ""N"", ""C"", ""C"", ""C"", ""C"", ""C"", ""C"", ""C"", ""C"", ""C"", ""C"", ""Cl"", ""C"", ""Cl"", ""C"", ""C"", ""C"", ""H"", ""H"", ""H"", ""H"", ""H"", ""H"", ""H"", ""H"", ""H"", ""H"", ""H"", ""H"", ""H"", ""H"", ""H"", ""H"", ""H"", ""O"", ""C"", ""O"", ""C"", ""C"", ""C"", ""C"", ""C"", ""C"", ""N"", ""C"", ""C"", ""C"", ""C"", ""C"", ""C"", ""C"", ""C"", ""C"", ""C"", ""Cl"", ""C"", ""Cl"", ""C"", ""C"", ""C"", ""H"", ""H"", ""H"", ""H"", ""H"", ""H"", ""H"", ""H"", ""H"", ""H"", ""H"", ""H"", ""H"", ""H"", ""H"", ""H"", ""H""]",C84H68Cl8N4O8,"[true, true, true]","[13.153503461598035, 0.0, 0.0, -11.547740029525452, 21.39125425929939, 0.0, -9.107284554715916, 2.3264749029732332, 23.53584637118215]",6622.279609468348,[],"{""cutoff=6.000_skin=0.000"": 5130, ""cutoff=6.000_skin=0.500"": 6098}",0.0,,
OPT-RFT-XAFPAY172-R512-v1,16360d404e1cc8ec5ea026f69f45c1e0d210a4962a9adca338d6dcf7b609da30,OPT-RFT-XAFPAY172-R512-v1:0128,XAFPAY_C4_2_1705_z2_86,4eaa1ad15f7a6bd1c401696044341ccda66e32bbc0150f1663fa5d9c98651050,128,cross_family_test_set,XAFPAY/structures/XAFPAY_C4_2_1705_z2_86.cif,feda9cc002ddc16c7f427ee727d5b7836a154bc105cd92e6e778a67e106d9db4,4eaa1ad15f7a6bd1c401696044341ccda66e32bbc0150f1663fa5d9c98651050,0,172,"[""O"", ""C"", ""O"", ""C"", ""C"", ""C"", ""C"", ""C"", ""C"", ""N"", ""C"", ""C"", ""C"", ""C"", ""C"", ""C"", ""C"", ""C"", ""C"", ""C"", ""Cl"", ""C"", ""Cl"", ""C"", ""C"", ""C"", ""H"", ""H"", ""H"", ""H"", ""H"", ""H"", ""H"", ""H"", ""H"", ""H"", ""H"", ""H"", ""H"", ""H"", ""H"", ""H"", ""H"", ""O"", ""C"", ""O"", ""C"", ""C"", ""C"", ""C"", ""C"", ""C"", ""N"", ""C"", ""C"", ""C"", ""C"", ""C"", ""C"", ""C"", ""C"", ""C"", ""C"", ""Cl"", ""C"", ""Cl"", ""C"", ""C"", ""C"", ""H"", ""H"", ""H"", ""H"", ""H"", ""H"", ""H"", ""H"", ""H"", ""H"", ""H"", ""H"", ""H"", ""H"", ""H"", ""H"", ""H"", ""O"", ""C"", ""O"", ""C"", ""C"", ""C"", ""C"", ""C"", ""C"", ""N"", ""C"", ""C"", ""C"", ""C"", ""C"", ""C"", ""C"", ""C"", ""C"", ""C"", ""Cl"", ""C"", ""Cl"", ""C"", ""C"", ""C"", ""H"", ""H"", ""H"", ""H"", ""H"", ""H"", ""H"", ""H"", ""H"", ""H"", ""H"", ""H"", ""H"", ""H"", ""H"", ""H"", ""H"", ""O"", ""C"", ""O"", ""C"", ""C"", ""C"", ""C"", ""C"", ""C"", ""N"", ""C"", ""C"", ""C"", ""C"", ""C"", ""C"", ""C"", ""C"", ""C"", ""C"", ""Cl"", ""C"", ""Cl"", ""C"", ""C"", ""C"", ""H"", ""H"", ""H"", ""H"", ""H"", ""H"", ""H"", ""H"", ""H"", ""H"", ""H"", ""H"", ""H"", ""H"", ""H"", ""H"", ""H""]",C84H68Cl8N4O8,"[true, true, true]","[19.328698885438698, 0.0, 0.0, -1.4354116600642888, 21.666172463930348, 0.0, 7.337642752502425, 4.040309417946, 16.66797277898296]",6980.195698231411,[],"{""cutoff=6.000_skin=0.000"": 5132, ""cutoff=6.000_skin=0.500"": 6080}",0.0,,
OPT-RFT-XAFPAY172-R512-v1,16360d404e1cc8ec5ea026f69f45c1e0d210a4962a9adca338d6dcf7b609da30,OPT-RFT-XAFPAY172-R512-v1:0129,XAFPAY_C1_14_4331_z1_43,5e7ddfbaa4a220a67a133e4015fa5b28e88567747421275af47e160a171cdc23,129,cross_family_test_set,XAFPAY/structures/XAFPAY_C1_14_4331_z1_43.cif,fd380cbbd91b4d0d19d42114f48319f0298c8f34bbaa3030859992ed6798e79b,5e7ddfbaa4a220a67a133e4015fa5b28e88567747421275af47e160a171cdc23,0,172,"[""O"", ""C"", ""O"", ""C"", ""C"", ""C"", ""C"", ""C"", ""C"", ""N"", ""C"", ""C"", ""C"", ""C"", ""C"", ""C"", ""C"", ""C"", ""C"", ""C"", ""Cl"", ""C"", ""Cl"", ""C"", ""C"", ""C"", ""H"", ""H"", ""H"", ""H"", ""H"", ""H"", ""H"", ""H"", ""H"", ""H"", ""H"", ""H"", ""H"", ""H"", ""H"", ""H"", ""H"", ""O"", ""C"", ""O"", ""C"", ""C"", ""C"", ""C"", ""C"", ""C"", ""N"", ""C"", ""C"", ""C"", ""C"", ""C"", ""C"", ""C"", ""C"", ""C"", ""C"", ""Cl"", ""C"", ""Cl"", ""C"", ""C"", ""C"", ""H"", ""H"", ""H"", ""H"", ""H"", ""H"", ""H"", ""H"", ""H"", ""H"", ""H"", ""H"", ""H"", ""H"", ""H"", ""H"", ""H"", ""O"", ""C"", ""O"", ""C"", ""C"", ""C"", ""C"", ""C"", ""C"", ""N"", ""C"", ""C"", ""C"", ""C"", ""C"", ""C"", ""C"", ""C"", ""C"", ""C"", ""Cl"", ""C"", ""Cl"", ""C"", ""C"", ""C"", ""H"", ""H"", ""H"", ""H"", ""H"", ""H"", ""H"", ""H"", ""H"", ""H"", ""H"", ""H"", ""H"", ""H"", ""H"", ""H"", ""H"", ""O"", ""C"", ""O"", ""C"", ""C"", ""C"", ""C"", ""C"", ""C"", ""N"", ""C"", ""C"", ""C"", ""C"", ""C"", ""C"", ""C"", ""C"", ""C"", ""C"", ""Cl"", ""C"", ""Cl"", ""C"", ""C"", ""C"", ""H"", ""H"", ""H"", ""H"", ""H"", ""H"", ""H"", ""H"", ""H"", ""H"", ""H"", ""H"", ""H"", ""H"", ""H"", ""H"", ""H""]",C84H68Cl8N4O8,"[true, true, true]","[14.321666610577811, 0.0, 0.0, 0.0, 15.766824767821696, 0.0, -5.32423486168592, 0.0, 27.09385317958398]",6117.987335895894,[],"{""cutoff=6.000_skin=0.000"": 5136, ""cutoff=6.000_skin=0.500"": 6112}",0.0,,
OPT-RFT-XAFPAY172-R512-v1,16360d404e1cc8ec5ea026f69f45c1e0d210a4962a9adca338d6dcf7b609da30,OPT-RFT-XAFPAY172-R512-v1:0130,XAFPAY_C4_14_4506_z1_43,f46f9c6e1e5c1dfac4bc6b99da4bc120af1cae7ce3345fd3ecf32f8065689c08,130,cross_family_test_set,XAFPAY/structures/XAFPAY_C4_14_4506_z1_43.cif,29263a0e05476331cba09a012c9c5503c0596d5e2cb6809bc4654a10a87472e7,f46f9c6e1e5c1dfac4bc6b99da4bc120af1cae7ce3345fd3ecf32f8065689c08,0,172,"[""O"", ""C"", ""O"", ""C"", ""C"", ""C"", ""C"", ""C"", ""C"", ""N"", ""C"", ""C"", ""C"", ""C"", ""C"", ""C"", ""C"", ""C"", ""C"", ""C"", ""Cl"", ""C"", ""Cl"", ""C"", ""C"", ""C"", ""H"", ""H"", ""H"", ""H"", ""H"", ""H"", ""H"", ""H"", ""H"", ""H"", ""H"", ""H"", ""H"", ""H"", ""H"", ""H"", ""H"", ""O"", ""C"", ""O"", ""C"", ""C"", ""C"", ""C"", ""C"", ""C"", ""N"", ""C"", ""C"", ""C"", ""C"", ""C"", ""C"", ""C"", ""C"", ""C"", ""C"", ""Cl"", ""C"", ""Cl"", ""C"", ""C"", ""C"", ""H"", ""H"", ""H"", ""H"", ""H"", ""H"", ""H"", ""H"", ""H"", ""H"", ""H"", ""H"", ""H"", ""H"", ""H"", ""H"", ""H"", ""O"", ""C"", ""O"", ""C"", ""C"", ""C"", ""C"", ""C"", ""C"", ""N"", ""C"", ""C"", ""C"", ""C"", ""C"", ""C"", ""C"", ""C"", ""C"", ""C"", ""Cl"", ""C"", ""Cl"", ""C"", ""C"", ""C"", ""H"", ""H"", ""H"", ""H"", ""H"", ""H"", ""H"", ""H"", ""H"", ""H"", ""H"", ""H"", ""H"", ""H"", ""H"", ""H"", ""H"", ""O"", ""C"", ""O"", ""C"", ""C"", ""C"", ""C"", ""C"", ""C"", ""N"", ""C"", ""C"", ""C"", ""C"", ""C"", ""C"", ""C"", ""C"", ""C"", ""C"", ""Cl"", ""C"", ""Cl"", ""C"", ""C"", ""C"", ""H"", ""H"", ""H"", ""H"", ""H"", ""H"", ""H"", ""H"", ""H"", ""H"", ""H"", ""H"", ""H"", ""H"", ""H"", ""H"", ""H""]",C84H68Cl8N4O8,"[true, true, true]","[11.234622318057504, 0.0, 0.0, 0.0, 18.44208434310714, 0.0, -3.433111443478285, 0.0, 26.57170823745369]",5505.388306473608,[],"{""cutoff=6.000_skin=0.000"": 5140, ""cutoff=6.000_skin=0.500"": 6436}",0.0,,
OPT-RFT-XAFPAY172-R512-v1,16360d404e1cc8ec5ea026f69f45c1e0d210a4962a9adca338d6dcf7b609da30,OPT-RFT-XAFPAY172-R512-v1:0131,XAFPAY_C1_2_4276_z2_86,3fe268b60de48e8c0963af17cef3e00de1a3fe461c25bd1e1c17471bf94e6372,131,cross_family_test_set,XAFPAY/structures/XAFPAY_C1_2_4276_z2_86.cif,be3adcad73761c8397f4ba65842028cad7d740afd98f5bedda76929782b048d9,3fe268b60de48e8c0963af17cef3e00de1a3fe461c25bd1e1c17471bf94e6372,0,172,"[""O"", ""C"", ""O"", ""C"", ""C"", ""C"", ""C"", ""C"", ""C"", ""N"", ""C"", ""C"", ""C"", ""C"", ""C"", ""C"", ""C"", ""C"", ""C"", ""C"", ""Cl"", ""C"", ""Cl"", ""C"", ""C"", ""C"", ""H"", ""H"", ""H"", ""H"", ""H"", ""H"", ""H"", ""H"", ""H"", ""H"", ""H"", ""H"", ""H"", ""H"", ""H"", ""H"", ""H"", ""O"", ""C"", ""O"", ""C"", ""C"", ""C"", ""C"", ""C"", ""C"", ""N"", ""C"", ""C"", ""C"", ""C"", ""C"", ""C"", ""C"", ""C"", ""C"", ""C"", ""Cl"", ""C"", ""Cl"", ""C"", ""C"", ""C"", ""H"", ""H"", ""H"", ""H"", ""H"", ""H"", ""H"", ""H"", ""H"", ""H"", ""H"", ""H"", ""H"", ""H"", ""H"", ""H"", ""H"", ""O"", ""C"", ""O"", ""C"", ""C"", ""C"", ""C"", ""C"", ""C"", ""N"", ""C"", ""C"", ""C"", ""C"", ""C"", ""C"", ""C"", ""C"", ""C"", ""C"", ""Cl"", ""C"", ""Cl"", ""C"", ""C"", ""C"", ""H"", ""H"", ""H"", ""H"", ""H"", ""H"", ""H"", ""H"", ""H"", ""H"", ""H"", ""H"", ""H"", ""H"", ""H"", ""H"", ""H"", ""O"", ""C"", ""O"", ""C"", ""C"", ""C"", ""C"", ""C"", ""C"", ""N"", ""C"", ""C"", ""C"", ""C"", ""C"", ""C"", ""C"", ""C"", ""C"", ""C"", ""Cl"", ""C"", ""Cl"", ""C"", ""C"", ""C"", ""H"", ""H"", ""H"", ""H"", ""H"", ""H"", ""H"", ""H"", ""H"", ""H"", ""H"", ""H"", ""H"", ""H"", ""H"", ""H"", ""H""]",C84H68Cl8N4O8,"[true, true, true]","[19.16367386033803, 0.0, 0.0, 9.349857858661583, 15.992184655581406, 0.0, 1.6740609138752243, 7.697050017673167, 17.407565423894685]",5334.87936031645,[],"{""cutoff=6.000_skin=0.000"": 5148, ""cutoff=6.000_skin=0.500"": 6252}",0.0,,
OPT-RFT-XAFPAY172-R512-v1,16360d404e1cc8ec5ea026f69f45c1e0d210a4962a9adca338d6dcf7b609da30,OPT-RFT-XAFPAY172-R512-v1:0132,XAFPAY_C3_2_3831_z2_86,cda916db1b34a1b34e4b1e6348aa172a46d3d32da0c11d2f4012a017b3faf895,132,cross_family_test_set,XAFPAY/structures/XAFPAY_C3_2_3831_z2_86.cif,7c5a32544cf9e8c1d8493446dcf27670b74a09c525fd9eb55eefa9d8c3fb9d09,cda916db1b34a1b34e4b1e6348aa172a46d3d32da0c11d2f4012a017b3faf895,0,172,"[""O"", ""C"", ""O"", ""C"", ""C"", ""C"", ""C"", ""C"", ""C"", ""N"", ""C"", ""C"", ""C"", ""C"", ""C"", ""C"", ""C"", ""C"", ""C"", ""C"", ""Cl"", ""C"", ""Cl"", ""C"", ""C"", ""C"", ""H"", ""H"", ""H"", ""H"", ""H"", ""H"", ""H"", ""H"", ""H"", ""H"", ""H"", ""H"", ""H"", ""H"", ""H"", ""H"", ""H"", ""O"", ""C"", ""O"", ""C"", ""C"", ""C"", ""C"", ""C"", ""C"", ""N"", ""C"", ""C"", ""C"", ""C"", ""C"", ""C"", ""C"", ""C"", ""C"", ""C"", ""Cl"", ""C"", ""Cl"", ""C"", ""C"", ""C"", ""H"", ""H"", ""H"", ""H"", ""H"", ""H"", ""H"", ""H"", ""H"", ""H"", ""H"", ""H"", ""H"", ""H"", ""H"", ""H"", ""H"", ""O"", ""C"", ""O"", ""C"", ""C"", ""C"", ""C"", ""C"", ""C"", ""N"", ""C"", ""C"", ""C"", ""C"", ""C"", ""C"", ""C"", ""C"", ""C"", ""C"", ""Cl"", ""C"", ""Cl"", ""C"", ""C"", ""C"", ""H"", ""H"", ""H"", ""H"", ""H"", ""H"", ""H"", ""H"", ""H"", ""H"", ""H"", ""H"", ""H"", ""H"", ""H"", ""H"", ""H"", ""O"", ""C"", ""O"", ""C"", ""C"", ""C"", ""C"", ""C"", ""C"", ""N"", ""C"", ""C"", ""C"", ""C"", ""C"", ""C"", ""C"", ""C"", ""C"", ""C"", ""Cl"", ""C"", ""Cl"", ""C"", ""C"", ""C"", ""H"", ""H"", ""H"", ""H"", ""H"", ""H"", ""H"", ""H"", ""H"", ""H"", ""H"", ""H"", ""H"", ""H"", ""H"", ""H"", ""H""]",C84H68Cl8N4O8,"[true, true, true]","[13.593055000443346, 0.0, 0.0, 1.872880640208666, 19.818555839935357, 0.0, -5.123771055327617, 6.957956934733058, 32.75395947710877]",8823.743727867693,[],"{""cutoff=6.000_skin=0.000"": 5152, ""cutoff=6.000_skin=0.500"": 6144}",0.0,,
OPT-RFT-XAFPAY172-R512-v1,16360d404e1cc8ec5ea026f69f45c1e0d210a4962a9adca338d6dcf7b609da30,OPT-RFT-XAFPAY172-R512-v1:0133,XAFPAY_C2_14_1880_z1_43,5b6c76eb974af3bb70bbc4a11f8de16e1630511142f8cca8346a452430b929d2,133,cross_family_test_set,XAFPAY/structures/XAFPAY_C2_14_1880_z1_43.cif,4716d3ef4ede80a2994c2510d15b9209d2ae69ae954af17b6d59338f64f4a2f2,5b6c76eb974af3bb70bbc4a11f8de16e1630511142f8cca8346a452430b929d2,0,172,"[""O"", ""C"", ""O"", ""C"", ""C"", ""C"", ""C"", ""C"", ""C"", ""N"", ""C"", ""C"", ""C"", ""C"", ""C"", ""C"", ""C"", ""C"", ""C"", ""C"", ""Cl"", ""C"", ""Cl"", ""C"", ""C"", ""C"", ""H"", ""H"", ""H"", ""H"", ""H"", ""H"", ""H"", ""H"", ""H"", ""H"", ""H"", ""H"", ""H"", ""H"", ""H"", ""H"", ""H"", ""O"", ""C"", ""O"", ""C"", ""C"", ""C"", ""C"", ""C"", ""C"", ""N"", ""C"", ""C"", ""C"", ""C"", ""C"", ""C"", ""C"", ""C"", ""C"", ""C"", ""Cl"", ""C"", ""Cl"", ""C"", ""C"", ""C"", ""H"", ""H"", ""H"", ""H"", ""H"", ""H"", ""H"", ""H"", ""H"", ""H"", ""H"", ""H"", ""H"", ""H"", ""H"", ""H"", ""H"", ""O"", ""C"", ""O"", ""C"", ""C"", ""C"", ""C"", ""C"", ""C"", ""N"", ""C"", ""C"", ""C"", ""C"", ""C"", ""C"", ""C"", ""C"", ""C"", ""C"", ""Cl"", ""C"", ""Cl"", ""C"", ""C"", ""C"", ""H"", ""H"", ""H"", ""H"", ""H"", ""H"", ""H"", ""H"", ""H"", ""H"", ""H"", ""H"", ""H"", ""H"", ""H"", ""H"", ""H"", ""O"", ""C"", ""O"", ""C"", ""C"", ""C"", ""C"", ""C"", ""C"", ""N"", ""C"", ""C"", ""C"", ""C"", ""C"", ""C"", ""C"", ""C"", ""C"", ""C"", ""Cl"", ""C"", ""Cl"", ""C"", ""C"", ""C"", ""H"", ""H"", ""H"", ""H"", ""H"", ""H"", ""H"", ""H"", ""H"", ""H"", ""H"", ""H"", ""H"", ""H"", ""H"", ""H"", ""H""]",C84H68Cl8N4O8,"[true, true, true]","[14.467681195561546, 0.0, 0.0, 0.0, 14.199207829081018, 0.0, -14.44993678634971, 0.0, 25.671610643824764]",5273.709016560237,[],"{""cutoff=6.000_skin=0.000"": 5160, ""cutoff=6.000_skin=0.500"": 6112}",0.0,,
OPT-RFT-XAFPAY172-R512-v1,16360d404e1cc8ec5ea026f69f45c1e0d210a4962a9adca338d6dcf7b609da30,OPT-RFT-XAFPAY172-R512-v1:0134,XAFPAY_C1_2_2244_z2_86,69573376ff286d95a31bf2c41b8d50144cd6a066b9942a9fff0edb35a198a5cb,134,cross_family_test_set,XAFPAY/structures/XAFPAY_C1_2_2244_z2_86.cif,c7282c1909051b2ebdc3ae2764819daffe67cc0cec444288cbb2f81edec6a9f4,69573376ff286d95a31bf2c41b8d50144cd6a066b9942a9fff0edb35a198a5cb,0,172,"[""O"", ""C"", ""O"", ""C"", ""C"", ""C"", ""C"", ""C"", ""C"", ""N"", ""C"", ""C"", ""C"", ""C"", ""C"", ""C"", ""C"", ""C"", ""C"", ""C"", ""Cl"", ""C"", ""Cl"", ""C"", ""C"", ""C"", ""H"", ""H"", ""H"", ""H"", ""H"", ""H"", ""H"", ""H"", ""H"", ""H"", ""H"", ""H"", ""H"", ""H"", ""H"", ""H"", ""H"", ""O"", ""C"", ""O"", ""C"", ""C"", ""C"", ""C"", ""C"", ""C"", ""N"", ""C"", ""C"", ""C"", ""C"", ""C"", ""C"", ""C"", ""C"", ""C"", ""C"", ""Cl"", ""C"", ""Cl"", ""C"", ""C"", ""C"", ""H"", ""H"", ""H"", ""H"", ""H"", ""H"", ""H"", ""H"", ""H"", ""H"", ""H"", ""H"", ""H"", ""H"", ""H"", ""H"", ""H"", ""O"", ""C"", ""O"", ""C"", ""C"", ""C"", ""C"", ""C"", ""C"", ""N"", ""C"", ""C"", ""C"", ""C"", ""C"", ""C"", ""C"", ""C"", ""C"", ""C"", ""Cl"", ""C"", ""Cl"", ""C"", ""C"", ""C"", ""H"", ""H"", ""H"", ""H"", ""H"", ""H"", ""H"", ""H"", ""H"", ""H"", ""H"", ""H"", ""H"", ""H"", ""H"", ""H"", ""H"", ""O"", ""C"", ""O"", ""C"", ""C"", ""C"", ""C"", ""C"", ""C"", ""N"", ""C"", ""C"", ""C"", ""C"", ""C"", ""C"", ""C"", ""C"", ""C"", ""C"", ""Cl"", ""C"", ""Cl"", ""C"", ""C"", ""C"", ""H"", ""H"", ""H"", ""H"", ""H"", ""H"", ""H"", ""H"", ""H"", ""H"", ""H"", ""H"", ""H"", ""H"", ""H"", ""H"", ""H""]",C84H68Cl8N4O8,"[true, true, true]","[14.545740085541098, 0.0, 0.0, 1.8033948109795137, 21.040702545217677, 0.0, -4.096678772915581, 3.2518728036457594, 19.99315838912784]",6118.957916068183,[],"{""cutoff=6.000_skin=0.000"": 5164, ""cutoff=6.000_skin=0.500"": 6186}",0.0,,
OPT-RFT-XAFPAY172-R512-v1,16360d404e1cc8ec5ea026f69f45c1e0d210a4962a9adca338d6dcf7b609da30,OPT-RFT-XAFPAY172-R512-v1:0135,XAFPAY_C1_14_55_z1_43,f3f1c809711d0cfa988534dc5f8c75919baf74c089b3aa1d62cacaf40c88971b,135,cross_family_test_set,XAFPAY/structures/XAFPAY_C1_14_55_z1_43.cif,b3c77debe617c69a2a3d57fea5598cca8d660ec1e3c715d294520ac8b101c23f,f3f1c809711d0cfa988534dc5f8c75919baf74c089b3aa1d62cacaf40c88971b,0,172,"[""O"", ""C"", ""O"", ""C"", ""C"", ""C"", ""C"", ""C"", ""C"", ""N"", ""C"", ""C"", ""C"", ""C"", ""C"", ""C"", ""C"", ""C"", ""C"", ""C"", ""Cl"", ""C"", ""Cl"", ""C"", ""C"", ""C"", ""H"", ""H"", ""H"", ""H"", ""H"", ""H"", ""H"", ""H"", ""H"", ""H"", ""H"", ""H"", ""H"", ""H"", ""H"", ""H"", ""H"", ""O"", ""C"", ""O"", ""C"", ""C"", ""C"", ""C"", ""C"", ""C"", ""N"", ""C"", ""C"", ""C"", ""C"", ""C"", ""C"", ""C"", ""C"", ""C"", ""C"", ""Cl"", ""C"", ""Cl"", ""C"", ""C"", ""C"", ""H"", ""H"", ""H"", ""H"", ""H"", ""H"", ""H"", ""H"", ""H"", ""H"", ""H"", ""H"", ""H"", ""H"", ""H"", ""H"", ""H"", ""O"", ""C"", ""O"", ""C"", ""C"", ""C"", ""C"", ""C"", ""C"", ""N"", ""C"", ""C"", ""C"", ""C"", ""C"", ""C"", ""C"", ""C"", ""C"", ""C"", ""Cl"", ""C"", ""Cl"", ""C"", ""C"", ""C"", ""H"", ""H"", ""H"", ""H"", ""H"", ""H"", ""H"", ""H"", ""H"", ""H"", ""H"", ""H"", ""H"", ""H"", ""H"", ""H"", ""H"", ""O"", ""C"", ""O"", ""C"", ""C"", ""C"", ""C"", ""C"", ""C"", ""N"", ""C"", ""C"", ""C"", ""C"", ""C"", ""C"", ""C"", ""C"", ""C"", ""C"", ""Cl"", ""C"", ""Cl"", ""C"", ""C"", ""C"", ""H"", ""H"", ""H"", ""H"", ""H"", ""H"", ""H"", ""H"", ""H"", ""H"", ""H"", ""H"", ""H"", ""H"", ""H"", ""H"", ""H""]",C84H68Cl8N4O8,"[true, true, true]","[7.76937272610661, 0.0, 0.0, 0.0, 31.812735416351444, 0.0, -3.0058891008357436, 0.0, 32.00733882888119]",7911.093866004945,[],"{""cutoff=6.000_skin=0.000"": 5168, ""cutoff=6.000_skin=0.500"": 6112}",0.0,,
OPT-RFT-XAFPAY172-R512-v1,16360d404e1cc8ec5ea026f69f45c1e0d210a4962a9adca338d6dcf7b609da30,OPT-RFT-XAFPAY172-R512-v1:0136,XAFPAY_C1_2_7782_z2_86,f98e902fc6c9813ec2d653bd2ca2cae6bfd6c6826a171cb5856f8f4e6951dedc,136,cross_family_test_set,XAFPAY/structures/XAFPAY_C1_2_7782_z2_86.cif,0cdc8bd42e68aea1741d22f17771a0451ee8ba2ac984a8e373540eb1e39e348f,f98e902fc6c9813ec2d653bd2ca2cae6bfd6c6826a171cb5856f8f4e6951dedc,0,172,"[""O"", ""C"", ""O"", ""C"", ""C"", ""C"", ""C"", ""C"", ""C"", ""N"", ""C"", ""C"", ""C"", ""C"", ""C"", ""C"", ""C"", ""C"", ""C"", ""C"", ""Cl"", ""C"", ""Cl"", ""C"", ""C"", ""C"", ""H"", ""H"", ""H"", ""H"", ""H"", ""H"", ""H"", ""H"", ""H"", ""H"", ""H"", ""H"", ""H"", ""H"", ""H"", ""H"", ""H"", ""O"", ""C"", ""O"", ""C"", ""C"", ""C"", ""C"", ""C"", ""C"", ""N"", ""C"", ""C"", ""C"", ""C"", ""C"", ""C"", ""C"", ""C"", ""C"", ""C"", ""Cl"", ""C"", ""Cl"", ""C"", ""C"", ""C"", ""H"", ""H"", ""H"", ""H"", ""H"", ""H"", ""H"", ""H"", ""H"", ""H"", ""H"", ""H"", ""H"", ""H"", ""H"", ""H"", ""H"", ""O"", ""C"", ""O"", ""C"", ""C"", ""C"", ""C"", ""C"", ""C"", ""N"", ""C"", ""C"", ""C"", ""C"", ""C"", ""C"", ""C"", ""C"", ""C"", ""C"", ""Cl"", ""C"", ""Cl"", ""C"", ""C"", ""C"", ""H"", ""H"", ""H"", ""H"", ""H"", ""H"", ""H"", ""H"", ""H"", ""H"", ""H"", ""H"", ""H"", ""H"", ""H"", ""H"", ""H"", ""O"", ""C"", ""O"", ""C"", ""C"", ""C"", ""C"", ""C"", ""C"", ""N"", ""C"", ""C"", ""C"", ""C"", ""C"", ""C"", ""C"", ""C"", ""C"", ""C"", ""Cl"", ""C"", ""Cl"", ""C"", ""C"", ""C"", ""H"", ""H"", ""H"", ""H"", ""H"", ""H"", ""H"", ""H"", ""H"", ""H"", ""H"", ""H"", ""H"", ""H"", ""H"", ""H"", ""H""]",C84H68Cl8N4O8,"[true, true, true]","[18.49633717010714, 0.0, 0.0, 9.528101700758155, 24.379671015877978, 0.0, -7.253192219647911, -5.117191521293369, 13.8139081695093]",6229.169364908254,[],"{""cutoff=6.000_skin=0.000"": 5178, ""cutoff=6.000_skin=0.500"": 6336}",0.0,,
OPT-RFT-XAFPAY172-R512-v1,16360d404e1cc8ec5ea026f69f45c1e0d210a4962a9adca338d6dcf7b609da30,OPT-RFT-XAFPAY172-R512-v1:0137,XAFPAY_C1_2_18948_z2_86,43b41a73f7146f9ddd8dee39124287ca7dcaf11455a40fb32f65a4ee9785839d,137,cross_family_test_set,XAFPAY/structures/XAFPAY_C1_2_18948_z2_86.cif,fc9a2d06e32109a7225ce7ece022aed55ce230e03daa414e54299420a7135984,43b41a73f7146f9ddd8dee39124287ca7dcaf11455a40fb32f65a4ee9785839d,0,172,"[""O"", ""C"", ""O"", ""C"", ""C"", ""C"", ""C"", ""C"", ""C"", ""N"", ""C"", ""C"", ""C"", ""C"", ""C"", ""C"", ""C"", ""C"", ""C"", ""C"", ""Cl"", ""C"", ""Cl"", ""C"", ""C"", ""C"", ""H"", ""H"", ""H"", ""H"", ""H"", ""H"", ""H"", ""H"", ""H"", ""H"", ""H"", ""H"", ""H"", ""H"", ""H"", ""H"", ""H"", ""O"", ""C"", ""O"", ""C"", ""C"", ""C"", ""C"", ""C"", ""C"", ""N"", ""C"", ""C"", ""C"", ""C"", ""C"", ""C"", ""C"", ""C"", ""C"", ""C"", ""Cl"", ""C"", ""Cl"", ""C"", ""C"", ""C"", ""H"", ""H"", ""H"", ""H"", ""H"", ""H"", ""H"", ""H"", ""H"", ""H"", ""H"", ""H"", ""H"", ""H"", ""H"", ""H"", ""H"", ""O"", ""C"", ""O"", ""C"", ""C"", ""C"", ""C"", ""C"", ""C"", ""N"", ""C"", ""C"", ""C"", ""C"", ""C"", ""C"", ""C"", ""C"", ""C"", ""C"", ""Cl"", ""C"", ""Cl"", ""C"", ""C"", ""C"", ""H"", ""H"", ""H"", ""H"", ""H"", ""H"", ""H"", ""H"", ""H"", ""H"", ""H"", ""H"", ""H"", ""H"", ""H"", ""H"", ""H"", ""O"", ""C"", ""O"", ""C"", ""C"", ""C"", ""C"", ""C"", ""C"", ""N"", ""C"", ""C"", ""C"", ""C"", ""C"", ""C"", ""C"", ""C"", ""C"", ""C"", ""Cl"", ""C"", ""Cl"", ""C"", ""C"", ""C"", ""H"", ""H"", ""H"", ""H"", ""H"", ""H"", ""H"", ""H"", ""H"", ""H"", ""H"", ""H"", ""H"", ""H"", ""H"", ""H"", ""H""]",C84H68Cl8N4O8,"[true, true, true]","[17.693720219434844, 0.0, 0.0, 8.852084599363018, 15.698280286226808, 0.0, 5.531673754262248, 0.7972117268261572, 25.809813623867893]",7168.959107993906,[],"{""cutoff=6.000_skin=0.000"": 5186, ""cutoff=6.000_skin=0.500"": 6246}",0.0,,
OPT-RFT-XAFPAY172-R512-v1,16360d404e1cc8ec5ea026f69f45c1e0d210a4962a9adca338d6dcf7b609da30,OPT-RFT-XAFPAY172-R512-v1:0138,XAFPAY_C1_2_11550_z2_86,680b8b58b23445f8ee743dd6de5e91a7f4c4f76610e4f7075420918bf8ec3459,138,cross_family_test_set,XAFPAY/structures/XAFPAY_C1_2_11550_z2_86.cif,b1d75aad1929a2f1603d56dabbeb5fc814a06a1700c1c8afb61ed43a5e8bbe32,680b8b58b23445f8ee743dd6de5e91a7f4c4f76610e4f7075420918bf8ec3459,0,172,"[""O"", ""C"", ""O"", ""C"", ""C"", ""C"", ""C"", ""C"", ""C"", ""N"", ""C"", ""C"", ""C"", ""C"", ""C"", ""C"", ""C"", ""C"", ""C"", ""C"", ""Cl"", ""C"", ""Cl"", ""C"", ""C"", ""C"", ""H"", ""H"", ""H"", ""H"", ""H"", ""H"", ""H"", ""H"", ""H"", ""H"", ""H"", ""H"", ""H"", ""H"", ""H"", ""H"", ""H"", ""O"", ""C"", ""O"", ""C"", ""C"", ""C"", ""C"", ""C"", ""C"", ""N"", ""C"", ""C"", ""C"", ""C"", ""C"", ""C"", ""C"", ""C"", ""C"", ""C"", ""Cl"", ""C"", ""Cl"", ""C"", ""C"", ""C"", ""H"", ""H"", ""H"", ""H"", ""H"", ""H"", ""H"", ""H"", ""H"", ""H"", ""H"", ""H"", ""H"", ""H"", ""H"", ""H"", ""H"", ""O"", ""C"", ""O"", ""C"", ""C"", ""C"", ""C"", ""C"", ""C"", ""N"", ""C"", ""C"", ""C"", ""C"", ""C"", ""C"", ""C"", ""C"", ""C"", ""C"", ""Cl"", ""C"", ""Cl"", ""C"", ""C"", ""C"", ""H"", ""H"", ""H"", ""H"", ""H"", ""H"", ""H"", ""H"", ""H"", ""H"", ""H"", ""H"", ""H"", ""H"", ""H"", ""H"", ""H"", ""O"", ""C"", ""O"", ""C"", ""C"", ""C"", ""C"", ""C"", ""C"", ""N"", ""C"", ""C"", ""C"", ""C"", ""C"", ""C"", ""C"", ""C"", ""C"", ""C"", ""Cl"", ""C"", ""Cl"", ""C"", ""C"", ""C"", ""H"", ""H"", ""H"", ""H"", ""H"", ""H"", ""H"", ""H"", ""H"", ""H"", ""H"", ""H"", ""H"", ""H"", ""H"", ""H"", ""H""]",C84H68Cl8N4O8,"[true, true, true]","[23.993375856456048, 0.0, 0.0, -0.23380252589317427, 14.77358398160776, 0.0, -13.954547143467979, 10.249500030458323, 16.10964903993973]",5710.357544171658,[],"{""cutoff=6.000_skin=0.000"": 5188, ""cutoff=6.000_skin=0.500"": 6276}",0.0,,
OPT-RFT-XAFPAY172-R512-v1,16360d404e1cc8ec5ea026f69f45c1e0d210a4962a9adca338d6dcf7b609da30,OPT-RFT-XAFPAY172-R512-v1:0139,XAFPAY_C1_2_19663_z2_86,f7246268846783f0d8fca20f4d23137de202456e50434c66b5bad3969b586471,139,cross_family_test_set,XAFPAY/structures/XAFPAY_C1_2_19663_z2_86.cif,fff6f28e264395392bd4e63dd2180dba28ebcff2dd1ac0b784364bfe89422516,f7246268846783f0d8fca20f4d23137de202456e50434c66b5bad3969b586471,0,172,"[""O"", ""C"", ""O"", ""C"", ""C"", ""C"", ""C"", ""C"", ""C"", ""N"", ""C"", ""C"", ""C"", ""C"", ""C"", ""C"", ""C"", ""C"", ""C"", ""C"", ""Cl"", ""C"", ""Cl"", ""C"", ""C"", ""C"", ""H"", ""H"", ""H"", ""H"", ""H"", ""H"", ""H"", ""H"", ""H"", ""H"", ""H"", ""H"", ""H"", ""H"", ""H"", ""H"", ""H"", ""O"", ""C"", ""O"", ""C"", ""C"", ""C"", ""C"", ""C"", ""C"", ""N"", ""C"", ""C"", ""C"", ""C"", ""C"", ""C"", ""C"", ""C"", ""C"", ""C"", ""Cl"", ""C"", ""Cl"", ""C"", ""C"", ""C"", ""H"", ""H"", ""H"", ""H"", ""H"", ""H"", ""H"", ""H"", ""H"", ""H"", ""H"", ""H"", ""H"", ""H"", ""H"", ""H"", ""H"", ""O"", ""C"", ""O"", ""C"", ""C"", ""C"", ""C"", ""C"", ""C"", ""N"", ""C"", ""C"", ""C"", ""C"", ""C"", ""C"", ""C"", ""C"", ""C"", ""C"", ""Cl"", ""C"", ""Cl"", ""C"", ""C"", ""C"", ""H"", ""H"", ""H"", ""H"", ""H"", ""H"", ""H"", ""H"", ""H"", ""H"", ""H"", ""H"", ""H"", ""H"", ""H"", ""H"", ""H"", ""O"", ""C"", ""O"", ""C"", ""C"", ""C"", ""C"", ""C"", ""C"", ""N"", ""C"", ""C"", ""C"", ""C"", ""C"", ""C"", ""C"", ""C"", ""C"", ""C"", ""Cl"", ""C"", ""Cl"", ""C"", ""C"", ""C"", ""H"", ""H"", ""H"", ""H"", ""H"", ""H"", ""H"", ""H"", ""H"", ""H"", ""H"", ""H"", ""H"", ""H"", ""H"", ""H"", ""H""]",C84H68Cl8N4O8,"[true, true, true]","[12.845968184693021, 0.0, 0.0, 4.691606950738403, 22.85822609462919, 0.0, -6.29416935003306, -1.3559005098473267, 21.177138984038095]",6218.371339291062,[],"{""cutoff=6.000_skin=0.000"": 5192, ""cutoff=6.000_skin=0.500"": 6262}",0.0,,
OPT-RFT-XAFPAY172-R512-v1,16360d404e1cc8ec5ea026f69f45c1e0d210a4962a9adca338d6dcf7b609da30,OPT-RFT-XAFPAY172-R512-v1:0140,XAFPAY_C3_2_4040_z2_86,5e27ee84c168e58d2c5e8d52e0f80e6a5c2e59efc8c1d51a6155d3d94b3d3f64,140,cross_family_test_set,XAFPAY/structures/XAFPAY_C3_2_4040_z2_86.cif,19f6cc8eff72575184966e96aee5ea15b799dc093c626cbbeefe6c788d0a472a,5e27ee84c168e58d2c5e8d52e0f80e6a5c2e59efc8c1d51a6155d3d94b3d3f64,0,172,"[""O"", ""C"", ""O"", ""C"", ""C"", ""C"", ""C"", ""C"", ""C"", ""N"", ""C"", ""C"", ""C"", ""C"", ""C"", ""C"", ""C"", ""C"", ""C"", ""C"", ""Cl"", ""C"", ""Cl"", ""C"", ""C"", ""C"", ""H"", ""H"", ""H"", ""H"", ""H"", ""H"", ""H"", ""H"", ""H"", ""H"", ""H"", ""H"", ""H"", ""H"", ""H"", ""H"", ""H"", ""O"", ""C"", ""O"", ""C"", ""C"", ""C"", ""C"", ""C"", ""C"", ""N"", ""C"", ""C"", ""C"", ""C"", ""C"", ""C"", ""C"", ""C"", ""C"", ""C"", ""Cl"", ""C"", ""Cl"", ""C"", ""C"", ""C"", ""H"", ""H"", ""H"", ""H"", ""H"", ""H"", ""H"", ""H"", ""H"", ""H"", ""H"", ""H"", ""H"", ""H"", ""H"", ""H"", ""H"", ""O"", ""C"", ""O"", ""C"", ""C"", ""C"", ""C"", ""C"", ""C"", ""N"", ""C"", ""C"", ""C"", ""C"", ""C"", ""C"", ""C"", ""C"", ""C"", ""C"", ""Cl"", ""C"", ""Cl"", ""C"", ""C"", ""C"", ""H"", ""H"", ""H"", ""H"", ""H"", ""H"", ""H"", ""H"", ""H"", ""H"", ""H"", ""H"", ""H"", ""H"", ""H"", ""H"", ""H"", ""O"", ""C"", ""O"", ""C"", ""C"", ""C"", ""C"", ""C"", ""C"", ""N"", ""C"", ""C"", ""C"", ""C"", ""C"", ""C"", ""C"", ""C"", ""C"", ""C"", ""Cl"", ""C"", ""Cl"", ""C"", ""C"", ""C"", ""H"", ""H"", ""H"", ""H"", ""H"", ""H"", ""H"", ""H"", ""H"", ""H"", ""H"", ""H"", ""H"", ""H"", ""H"", ""H"", ""H""]",C84H68Cl8N4O8,"[true, true, true]","[20.4358847318017, 0.0, 0.0, -1.3072575735660077, 17.4632588400063, 0.0, -6.076841270494668, -3.0700680370584594, 19.720023268135137]",7037.625597270476,[],"{""cutoff=6.000_skin=0.000"": 5196, ""cutoff=6.000_skin=0.500"": 6158}",0.0,,
OPT-RFT-XAFPAY172-R512-v1,16360d404e1cc8ec5ea026f69f45c1e0d210a4962a9adca338d6dcf7b609da30,OPT-RFT-XAFPAY172-R512-v1:0141,XAFPAY_C4_2_3363_z2_86,1cf5834d6b7b4215de9d26cb54f49878fc54de38cbc358386942151355cee11b,141,cross_family_test_set,XAFPAY/structures/XAFPAY_C4_2_3363_z2_86.cif,f829b9e7f3215df287882cd555fc755b4adccc001d40aee69c33262a06be2fa6,1cf5834d6b7b4215de9d26cb54f49878fc54de38cbc358386942151355cee11b,0,172,"[""O"", ""C"", ""O"", ""C"", ""C"", ""C"", ""C"", ""C"", ""C"", ""N"", ""C"", ""C"", ""C"", ""C"", ""C"", ""C"", ""C"", ""C"", ""C"", ""C"", ""Cl"", ""C"", ""Cl"", ""C"", ""C"", ""C"", ""H"", ""H"", ""H"", ""H"", ""H"", ""H"", ""H"", ""H"", ""H"", ""H"", ""H"", ""H"", ""H"", ""H"", ""H"", ""H"", ""H"", ""O"", ""C"", ""O"", ""C"", ""C"", ""C"", ""C"", ""C"", ""C"", ""N"", ""C"", ""C"", ""C"", ""C"", ""C"", ""C"", ""C"", ""C"", ""C"", ""C"", ""Cl"", ""C"", ""Cl"", ""C"", ""C"", ""C"", ""H"", ""H"", ""H"", ""H"", ""H"", ""H"", ""H"", ""H"", ""H"", ""H"", ""H"", ""H"", ""H"", ""H"", ""H"", ""H"", ""H"", ""O"", ""C"", ""O"", ""C"", ""C"", ""C"", ""C"", ""C"", ""C"", ""N"", ""C"", ""C"", ""C"", ""C"", ""C"", ""C"", ""C"", ""C"", ""C"", ""C"", ""Cl"", ""C"", ""Cl"", ""C"", ""C"", ""C"", ""H"", ""H"", ""H"", ""H"", ""H"", ""H"", ""H"", ""H"", ""H"", ""H"", ""H"", ""H"", ""H"", ""H"", ""H"", ""H"", ""H"", ""O"", ""C"", ""O"", ""C"", ""C"", ""C"", ""C"", ""C"", ""C"", ""N"", ""C"", ""C"", ""C"", ""C"", ""C"", ""C"", ""C"", ""C"", ""C"", ""C"", ""Cl"", ""C"", ""Cl"", ""C"", ""C"", ""C"", ""H"", ""H"", ""H"", ""H"", ""H"", ""H"", ""H"", ""H"", ""H"", ""H"", ""H"", ""H"", ""H"", ""H"", ""H"", ""H"", ""H""]",C84H68Cl8N4O8,"[true, true, true]","[32.26049114254039, 0.0, 0.0, 1.8864108583150108, 8.88982423825265, 0.0, 14.055723781548247, 13.434928975824546, 23.856212162621155]",6841.72537862592,[],"{""cutoff=6.000_skin=0.000"": 5198, ""cutoff=6.000_skin=0.500"": 6452}",0.0,,
OPT-RFT-XAFPAY172-R512-v1,16360d404e1cc8ec5ea026f69f45c1e0d210a4962a9adca338d6dcf7b609da30,OPT-RFT-XAFPAY172-R512-v1:0142,XAFPAY_C4_14_4089_z1_43,785742f166f40b427ded409f227d9b7ace63a9aecec584563eeff181302c9f97,142,cross_family_test_set,XAFPAY/structures/XAFPAY_C4_14_4089_z1_43.cif,1be6a1e63743ec703b6b335ee600e989c8c123fcb5c52a807504606cdf3e608d,785742f166f40b427ded409f227d9b7ace63a9aecec584563eeff181302c9f97,0,172,"[""O"", ""C"", ""O"", ""C"", ""C"", ""C"", ""C"", ""C"", ""C"", ""N"", ""C"", ""C"", ""C"", ""C"", ""C"", ""C"", ""C"", ""C"", ""C"", ""C"", ""Cl"", ""C"", ""Cl"", ""C"", ""C"", ""C"", ""H"", ""H"", ""H"", ""H"", ""H"", ""H"", ""H"", ""H"", ""H"", ""H"", ""H"", ""H"", ""H"", ""H"", ""H"", ""H"", ""H"", ""O"", ""C"", ""O"", ""C"", ""C"", ""C"", ""C"", ""C"", ""C"", ""N"", ""C"", ""C"", ""C"", ""C"", ""C"", ""C"", ""C"", ""C"", ""C"", ""C"", ""Cl"", ""C"", ""Cl"", ""C"", ""C"", ""C"", ""H"", ""H"", ""H"", ""H"", ""H"", ""H"", ""H"", ""H"", ""H"", ""H"", ""H"", ""H"", ""H"", ""H"", ""H"", ""H"", ""H"", ""O"", ""C"", ""O"", ""C"", ""C"", ""C"", ""C"", ""C"", ""C"", ""N"", ""C"", ""C"", ""C"", ""C"", ""C"", ""C"", ""C"", ""C"", ""C"", ""C"", ""Cl"", ""C"", ""Cl"", ""C"", ""C"", ""C"", ""H"", ""H"", ""H"", ""H"", ""H"", ""H"", ""H"", ""H"", ""H"", ""H"", ""H"", ""H"", ""H"", ""H"", ""H"", ""H"", ""H"", ""O"", ""C"", ""O"", ""C"", ""C"", ""C"", ""C"", ""C"", ""C"", ""N"", ""C"", ""C"", ""C"", ""C"", ""C"", ""C"", ""C"", ""C"", ""C"", ""C"", ""Cl"", ""C"", ""Cl"", ""C"", ""C"", ""C"", ""H"", ""H"", ""H"", ""H"", ""H"", ""H"", ""H"", ""H"", ""H"", ""H"", ""H"", ""H"", ""H"", ""H"", ""H"", ""H"", ""H""]",C84H68Cl8N4O8,"[true, true, true]","[14.835924181613368, 0.0, 0.0, 0.0, 19.322204765166966, 0.0, 2.314207105759961, 0.0, 19.09342114718168]",5473.372897787764,[],"{""cutoff=6.000_skin=0.000"": 5200, ""cutoff=6.000_skin=0.500"": 6168}",0.0,,
OPT-RFT-XAFPAY172-R512-v1,16360d404e1cc8ec5ea026f69f45c1e0d210a4962a9adca338d6dcf7b609da30,OPT-RFT-XAFPAY172-R512-v1:0143,XAFPAY_C1_14_2654_z1_43,cb660860af67c6b8d514041566acacbf8d5211e1db54d223461bba87f7f6758d,143,cross_family_test_set,XAFPAY/structures/XAFPAY_C1_14_2654_z1_43.cif,7822bddf9b0f0d3bca8a0d0fee2fe08b462b7edb945a3e49e5695f06385a5430,cb660860af67c6b8d514041566acacbf8d5211e1db54d223461bba87f7f6758d,0,172,"[""O"", ""C"", ""O"", ""C"", ""C"", ""C"", ""C"", ""C"", ""C"", ""N"", ""C"", ""C"", ""C"", ""C"", ""C"", ""C"", ""C"", ""C"", ""C"", ""C"", ""Cl"", ""C"", ""Cl"", ""C"", ""C"", ""C"", ""H"", ""H"", ""H"", ""H"", ""H"", ""H"", ""H"", ""H"", ""H"", ""H"", ""H"", ""H"", ""H"", ""H"", ""H"", ""H"", ""H"", ""O"", ""C"", ""O"", ""C"", ""C"", ""C"", ""C"", ""C"", ""C"", ""N"", ""C"", ""C"", ""C"", ""C"", ""C"", ""C"", ""C"", ""C"", ""C"", ""C"", ""Cl"", ""C"", ""Cl"", ""C"", ""C"", ""C"", ""H"", ""H"", ""H"", ""H"", ""H"", ""H"", ""H"", ""H"", ""H"", ""H"", ""H"", ""H"", ""H"", ""H"", ""H"", ""H"", ""H"", ""O"", ""C"", ""O"", ""C"", ""C"", ""C"", ""C"", ""C"", ""C"", ""N"", ""C"", ""C"", ""C"", ""C"", ""C"", ""C"", ""C"", ""C"", ""C"", ""C"", ""Cl"", ""C"", ""Cl"", ""C"", ""C"", ""C"", ""H"", ""H"", ""H"", ""H"", ""H"", ""H"", ""H"", ""H"", ""H"", ""H"", ""H"", ""H"", ""H"", ""H"", ""H"", ""H"", ""H"", ""O"", ""C"", ""O"", ""C"", ""C"", ""C"", ""C"", ""C"", ""C"", ""N"", ""C"", ""C"", ""C"", ""C"", ""C"", ""C"", ""C"", ""C"", ""C"", ""C"", ""Cl"", ""C"", ""Cl"", ""C"", ""C"", ""C"", ""H"", ""H"", ""H"", ""H"", ""H"", ""H"", ""H"", ""H"", ""H"", ""H"", ""H"", ""H"", ""H"", ""H"", ""H"", ""H"", ""H""]",C84H68Cl8N4O8,"[true, true, true]","[18.55847629010833, 0.0, 0.0, 0.0, 13.891011207929953, 0.0, 4.1326335431821635, 0.0, 17.36913105116787]",4477.692545775717,[],"{""cutoff=6.000_skin=0.000"": 5204, ""cutoff=6.000_skin=0.500"": 6536}",0.0,,
OPT-RFT-XAFPAY172-R512-v1,16360d404e1cc8ec5ea026f69f45c1e0d210a4962a9adca338d6dcf7b609da30,OPT-RFT-XAFPAY172-R512-v1:0144,XAFPAY_C1_14_1441_z1_43,374000e92f66cb29ba875a0954fe9e7bf3183f62ebd78a4a6c87f1fd348b341f,144,cross_family_test_set,XAFPAY/structures/XAFPAY_C1_14_1441_z1_43.cif,67d32d05dafe6a5bba0309a872baf2267339cac6ebc04fa4f3f6a3fe22dd6720,374000e92f66cb29ba875a0954fe9e7bf3183f62ebd78a4a6c87f1fd348b341f,0,172,"[""O"", ""C"", ""O"", ""C"", ""C"", ""C"", ""C"", ""C"", ""C"", ""N"", ""C"", ""C"", ""C"", ""C"", ""C"", ""C"", ""C"", ""C"", ""C"", ""C"", ""Cl"", ""C"", ""Cl"", ""C"", ""C"", ""C"", ""H"", ""H"", ""H"", ""H"", ""H"", ""H"", ""H"", ""H"", ""H"", ""H"", ""H"", ""H"", ""H"", ""H"", ""H"", ""H"", ""H"", ""O"", ""C"", ""O"", ""C"", ""C"", ""C"", ""C"", ""C"", ""C"", ""N"", ""C"", ""C"", ""C"", ""C"", ""C"", ""C"", ""C"", ""C"", ""C"", ""C"", ""Cl"", ""C"", ""Cl"", ""C"", ""C"", ""C"", ""H"", ""H"", ""H"", ""H"", ""H"", ""H"", ""H"", ""H"", ""H"", ""H"", ""H"", ""H"", ""H"", ""H"", ""H"", ""H"", ""H"", ""O"", ""C"", ""O"", ""C"", ""C"", ""C"", ""C"", ""C"", ""C"", ""N"", ""C"", ""C"", ""C"", ""C"", ""C"", ""C"", ""C"", ""C"", ""C"", ""C"", ""Cl"", ""C"", ""Cl"", ""C"", ""C"", ""C"", ""H"", ""H"", ""H"", ""H"", ""H"", ""H"", ""H"", ""H"", ""H"", ""H"", ""H"", ""H"", ""H"", ""H"", ""H"", ""H"", ""H"", ""O"", ""C"", ""O"", ""C"", ""C"", ""C"", ""C"", ""C"", ""C"", ""N"", ""C"", ""C"", ""C"", ""C"", ""C"", ""C"", ""C"", ""C"", ""C"", ""C"", ""Cl"", ""C"", ""Cl"", ""C"", ""C"", ""C"", ""H"", ""H"", ""H"", ""H"", ""H"", ""H"", ""H"", ""H"", ""H"", ""H"", ""H"", ""H"", ""H"", ""H"", ""H"", ""H"", ""H""]",C84H68Cl8N4O8,"[true, true, true]","[17.710803673747655, 0.0, 0.0, 0.0, 17.400344492479178, 0.0, 5.761292165971514, 0.0, 16.391320203332693]",5051.380108257409,[],"{""cutoff=6.000_skin=0.000"": 5208, ""cutoff=6.000_skin=0.500"": 6324}",0.0,,
OPT-RFT-XAFPAY172-R512-v1,16360d404e1cc8ec5ea026f69f45c1e0d210a4962a9adca338d6dcf7b609da30,OPT-RFT-XAFPAY172-R512-v1:0145,XAFPAY_C1_2_19806_z2_86,77081c32868ef7882f6667729b7b98fd1a8267228cb9bc177729a0156e6d9ccd,145,cross_family_test_set,XAFPAY/structures/XAFPAY_C1_2_19806_z2_86.cif,5a9d2bfce7dbed920f47746057c3bcd032663967c6c85f4348ca449033afac01,77081c32868ef7882f6667729b7b98fd1a8267228cb9bc177729a0156e6d9ccd,0,172,"[""O"", ""C"", ""O"", ""C"", ""C"", ""C"", ""C"", ""C"", ""C"", ""N"", ""C"", ""C"", ""C"", ""C"", ""C"", ""C"", ""C"", ""C"", ""C"", ""C"", ""Cl"", ""C"", ""Cl"", ""C"", ""C"", ""C"", ""H"", ""H"", ""H"", ""H"", ""H"", ""H"", ""H"", ""H"", ""H"", ""H"", ""H"", ""H"", ""H"", ""H"", ""H"", ""H"", ""H"", ""O"", ""C"", ""O"", ""C"", ""C"", ""C"", ""C"", ""C"", ""C"", ""N"", ""C"", ""C"", ""C"", ""C"", ""C"", ""C"", ""C"", ""C"", ""C"", ""C"", ""Cl"", ""C"", ""Cl"", ""C"", ""C"", ""C"", ""H"", ""H"", ""H"", ""H"", ""H"", ""H"", ""H"", ""H"", ""H"", ""H"", ""H"", ""H"", ""H"", ""H"", ""H"", ""H"", ""H"", ""O"", ""C"", ""O"", ""C"", ""C"", ""C"", ""C"", ""C"", ""C"", ""N"", ""C"", ""C"", ""C"", ""C"", ""C"", ""C"", ""C"", ""C"", ""C"", ""C"", ""Cl"", ""C"", ""Cl"", ""C"", ""C"", ""C"", ""H"", ""H"", ""H"", ""H"", ""H"", ""H"", ""H"", ""H"", ""H"", ""H"", ""H"", ""H"", ""H"", ""H"", ""H"", ""H"", ""H"", ""O"", ""C"", ""O"", ""C"", ""C"", ""C"", ""C"", ""C"", ""C"", ""N"", ""C"", ""C"", ""C"", ""C"", ""C"", ""C"", ""C"", ""C"", ""C"", ""C"", ""Cl"", ""C"", ""Cl"", ""C"", ""C"", ""C"", ""H"", ""H"", ""H"", ""H"", ""H"", ""H"", ""H"", ""H"", ""H"", ""H"", ""H"", ""H"", ""H"", ""H"", ""H"", ""H"", ""H""]",C84H68Cl8N4O8,"[true, true, true]","[14.992487881798908, 0.0, 0.0, -2.5230684938757886, 17.066251697303738, 0.0, 8.44899202851849, -8.426087624103703, 20.349160595327934]",5206.649610550618,[],"{""cutoff=6.000_skin=0.000"": 5210, ""cutoff=6.000_skin=0.500"": 6370}",0.0,,
OPT-RFT-XAFPAY172-R512-v1,16360d404e1cc8ec5ea026f69f45c1e0d210a4962a9adca338d6dcf7b609da30,OPT-RFT-XAFPAY172-R512-v1:0146,XAFPAY_C1_2_19609_z2_86,f78a6fde48368c593f16f74d99651d6e1416f511716871165eb37524aa015664,146,cross_family_test_set,XAFPAY/structures/XAFPAY_C1_2_19609_z2_86.cif,2a266c9b34cbd4fa85116ba07a8bd40e35213a90660da4b127eab5dc78956f29,f78a6fde48368c593f16f74d99651d6e1416f511716871165eb37524aa015664,0,172,"[""O"", ""C"", ""O"", ""C"", ""C"", ""C"", ""C"", ""C"", ""C"", ""N"", ""C"", ""C"", ""C"", ""C"", ""C"", ""C"", ""C"", ""C"", ""C"", ""C"", ""Cl"", ""C"", ""Cl"", ""C"", ""C"", ""C"", ""H"", ""H"", ""H"", ""H"", ""H"", ""H"", ""H"", ""H"", ""H"", ""H"", ""H"", ""H"", ""H"", ""H"", ""H"", ""H"", ""H"", ""O"", ""C"", ""O"", ""C"", ""C"", ""C"", ""C"", ""C"", ""C"", ""N"", ""C"", ""C"", ""C"", ""C"", ""C"", ""C"", ""C"", ""C"", ""C"", ""C"", ""Cl"", ""C"", ""Cl"", ""C"", ""C"", ""C"", ""H"", ""H"", ""H"", ""H"", ""H"", ""H"", ""H"", ""H"", ""H"", ""H"", ""H"", ""H"", ""H"", ""H"", ""H"", ""H"", ""H"", ""O"", ""C"", ""O"", ""C"", ""C"", ""C"", ""C"", ""C"", ""C"", ""N"", ""C"", ""C"", ""C"", ""C"", ""C"", ""C"", ""C"", ""C"", ""C"", ""C"", ""Cl"", ""C"", ""Cl"", ""C"", ""C"", ""C"", ""H"", ""H"", ""H"", ""H"", ""H"", ""H"", ""H"", ""H"", ""H"", ""H"", ""H"", ""H"", ""H"", ""H"", ""H"", ""H"", ""H"", ""O"", ""C"", ""O"", ""C"", ""C"", ""C"", ""C"", ""C"", ""C"", ""N"", ""C"", ""C"", ""C"", ""C"", ""C"", ""C"", ""C"", ""C"", ""C"", ""C"", ""Cl"", ""C"", ""Cl"", ""C"", ""C"", ""C"", ""H"", ""H"", ""H"", ""H"", ""H"", ""H"", ""H"", ""H"", ""H"", ""H"", ""H"", ""H"", ""H"", ""H"", ""H"", ""H"", ""H""]",C84H68Cl8N4O8,"[true, true, true]","[14.368415746740112, 0.0, 0.0, -3.357098078258919, 9.956236026579088, 0.0, 16.69159057716948, 7.911541122292038, 36.560402197399114]",5230.160712138669,[],"{""cutoff=6.000_skin=0.000"": 5212, ""cutoff=6.000_skin=0.500"": 6768}",0.0,,
OPT-RFT-XAFPAY172-R512-v1,16360d404e1cc8ec5ea026f69f45c1e0d210a4962a9adca338d6dcf7b609da30,OPT-RFT-XAFPAY172-R512-v1:0147,XAFPAY_C1_2_627_z2_86,599184e86f97041bafe87600f70a4dfa39ab0964a055da285c12dfe5d1f2a3c7,147,cross_family_test_set,XAFPAY/structures/XAFPAY_C1_2_627_z2_86.cif,06c56b4261773912ec24281cb649b30410a82e826ad024b65d94edbfd52a702e,599184e86f97041bafe87600f70a4dfa39ab0964a055da285c12dfe5d1f2a3c7,0,172,"[""O"", ""C"", ""O"", ""C"", ""C"", ""C"", ""C"", ""C"", ""C"", ""N"", ""C"", ""C"", ""C"", ""C"", ""C"", ""C"", ""C"", ""C"", ""C"", ""C"", ""Cl"", ""C"", ""Cl"", ""C"", ""C"", ""C"", ""H"", ""H"", ""H"", ""H"", ""H"", ""H"", ""H"", ""H"", ""H"", ""H"", ""H"", ""H"", ""H"", ""H"", ""H"", ""H"", ""H"", ""O"", ""C"", ""O"", ""C"", ""C"", ""C"", ""C"", ""C"", ""C"", ""N"", ""C"", ""C"", ""C"", ""C"", ""C"", ""C"", ""C"", ""C"", ""C"", ""C"", ""Cl"", ""C"", ""Cl"", ""C"", ""C"", ""C"", ""H"", ""H"", ""H"", ""H"", ""H"", ""H"", ""H"", ""H"", ""H"", ""H"", ""H"", ""H"", ""H"", ""H"", ""H"", ""H"", ""H"", ""O"", ""C"", ""O"", ""C"", ""C"", ""C"", ""C"", ""C"", ""C"", ""N"", ""C"", ""C"", ""C"", ""C"", ""C"", ""C"", ""C"", ""C"", ""C"", ""C"", ""Cl"", ""C"", ""Cl"", ""C"", ""C"", ""C"", ""H"", ""H"", ""H"", ""H"", ""H"", ""H"", ""H"", ""H"", ""H"", ""H"", ""H"", ""H"", ""H"", ""H"", ""H"", ""H"", ""H"", ""O"", ""C"", ""O"", ""C"", ""C"", ""C"", ""C"", ""C"", ""C"", ""N"", ""C"", ""C"", ""C"", ""C"", ""C"", ""C"", ""C"", ""C"", ""C"", ""C"", ""Cl"", ""C"", ""Cl"", ""C"", ""C"", ""C"", ""H"", ""H"", ""H"", ""H"", ""H"", ""H"", ""H"", ""H"", ""H"", ""H"", ""H"", ""H"", ""H"", ""H"", ""H"", ""H"", ""H""]",C84H68Cl8N4O8,"[true, true, true]","[15.47620670581344, 0.0, 0.0, 8.883779924032758, 24.97309850549244, 0.0, -11.471835249490198, -6.838331823843495, 16.186277293785498]",6255.815447069602,[],"{""cutoff=6.000_skin=0.000"": 5216, ""cutoff=6.000_skin=0.500"": 6318}",0.0,,
OPT-RFT-XAFPAY172-R512-v1,16360d404e1cc8ec5ea026f69f45c1e0d210a4962a9adca338d6dcf7b609da30,OPT-RFT-XAFPAY172-R512-v1:0148,XAFPAY_C4_2_19309_z2_86,16b4d2973b6d24d74b5c38a0e735e893bc8406ea31f67eab133164648cab3ff3,148,cross_family_test_set,XAFPAY/structures/XAFPAY_C4_2_19309_z2_86.cif,569c41e121ff49896e3f8f8f1ef5ea5d6abf062bd746c8cbcc5b587766dca6bb,16b4d2973b6d24d74b5c38a0e735e893bc8406ea31f67eab133164648cab3ff3,0,172,"[""O"", ""C"", ""O"", ""C"", ""C"", ""C"", ""C"", ""C"", ""C"", ""N"", ""C"", ""C"", ""C"", ""C"", ""C"", ""C"", ""C"", ""C"", ""C"", ""C"", ""Cl"", ""C"", ""Cl"", ""C"", ""C"", ""C"", ""H"", ""H"", ""H"", ""H"", ""H"", ""H"", ""H"", ""H"", ""H"", ""H"", ""H"", ""H"", ""H"", ""H"", ""H"", ""H"", ""H"", ""O"", ""C"", ""O"", ""C"", ""C"", ""C"", ""C"", ""C"", ""C"", ""N"", ""C"", ""C"", ""C"", ""C"", ""C"", ""C"", ""C"", ""C"", ""C"", ""C"", ""Cl"", ""C"", ""Cl"", ""C"", ""C"", ""C"", ""H"", ""H"", ""H"", ""H"", ""H"", ""H"", ""H"", ""H"", ""H"", ""H"", ""H"", ""H"", ""H"", ""H"", ""H"", ""H"", ""H"", ""O"", ""C"", ""O"", ""C"", ""C"", ""C"", ""C"", ""C"", ""C"", ""N"", ""C"", ""C"", ""C"", ""C"", ""C"", ""C"", ""C"", ""C"", ""C"", ""C"", ""Cl"", ""C"", ""Cl"", ""C"", ""C"", ""C"", ""H"", ""H"", ""H"", ""H"", ""H"", ""H"", ""H"", ""H"", ""H"", ""H"", ""H"", ""H"", ""H"", ""H"", ""H"", ""H"", ""H"", ""O"", ""C"", ""O"", ""C"", ""C"", ""C"", ""C"", ""C"", ""C"", ""N"", ""C"", ""C"", ""C"", ""C"", ""C"", ""C"", ""C"", ""C"", ""C"", ""C"", ""Cl"", ""C"", ""Cl"", ""C"", ""C"", ""C"", ""H"", ""H"", ""H"", ""H"", ""H"", ""H"", ""H"", ""H"", ""H"", ""H"", ""H"", ""H"", ""H"", ""H"", ""H"", ""H"", ""H""]",C84H68Cl8N4O8,"[true, true, true]","[21.74763852825462, 0.0, 0.0, -5.8666855957945625, 18.40167377598835, 0.0, 16.72833631211371, -11.079625857564345, 15.456384569572675]",6185.53613097281,[],"{""cutoff=6.000_skin=0.000"": 5218, ""cutoff=6.000_skin=0.500"": 6476}",0.0,,
OPT-RFT-XAFPAY172-R512-v1,16360d404e1cc8ec5ea026f69f45c1e0d210a4962a9adca338d6dcf7b609da30,OPT-RFT-XAFPAY172-R512-v1:0149,XAFPAY_C4_14_4724_z1_43,89db103580a0ab2ee8d6527f9e141164b323ed993b9e6fb5d4d6f8fc4e41fbe6,149,cross_family_test_set,XAFPAY/structures/XAFPAY_C4_14_4724_z1_43.cif,6733d9a9ddbad9491bc7f519379796f593965e3da85daa7b8160d5e81b694bcd,89db103580a0ab2ee8d6527f9e141164b323ed993b9e6fb5d4d6f8fc4e41fbe6,0,172,"[""O"", ""C"", ""O"", ""C"", ""C"", ""C"", ""C"", ""C"", ""C"", ""N"", ""C"", ""C"", ""C"", ""C"", ""C"", ""C"", ""C"", ""C"", ""C"", ""C"", ""Cl"", ""C"", ""Cl"", ""C"", ""C"", ""C"", ""H"", ""H"", ""H"", ""H"", ""H"", ""H"", ""H"", ""H"", ""H"", ""H"", ""H"", ""H"", ""H"", ""H"", ""H"", ""H"", ""H"", ""O"", ""C"", ""O"", ""C"", ""C"", ""C"", ""C"", ""C"", ""C"", ""N"", ""C"", ""C"", ""C"", ""C"", ""C"", ""C"", ""C"", ""C"", ""C"", ""C"", ""Cl"", ""C"", ""Cl"", ""C"", ""C"", ""C"", ""H"", ""H"", ""H"", ""H"", ""H"", ""H"", ""H"", ""H"", ""H"", ""H"", ""H"", ""H"", ""H"", ""H"", ""H"", ""H"", ""H"", ""O"", ""C"", ""O"", ""C"", ""C"", ""C"", ""C"", ""C"", ""C"", ""N"", ""C"", ""C"", ""C"", ""C"", ""C"", ""C"", ""C"", ""C"", ""C"", ""C"", ""Cl"", ""C"", ""Cl"", ""C"", ""C"", ""C"", ""H"", ""H"", ""H"", ""H"", ""H"", ""H"", ""H"", ""H"", ""H"", ""H"", ""H"", ""H"", ""H"", ""H"", ""H"", ""H"", ""H"", ""O"", ""C"", ""O"", ""C"", ""C"", ""C"", ""C"", ""C"", ""C"", ""N"", ""C"", ""C"", ""C"", ""C"", ""C"", ""C"", ""C"", ""C"", ""C"", ""C"", ""Cl"", ""C"", ""Cl"", ""C"", ""C"", ""C"", ""H"", ""H"", ""H"", ""H"", ""H"", ""H"", ""H"", ""H"", ""H"", ""H"", ""H"", ""H"", ""H"", ""H"", ""H"", ""H"", ""H""]",C84H68Cl8N4O8,"[true, true, true]","[14.671982225690769, 0.0, 0.0, 0.0, 20.111927981298592, 0.0, -4.350656164856851, 0.0, 19.839547970190118]",5854.29051554866,[],"{""cutoff=6.000_skin=0.000"": 5220, ""cutoff=6.000_skin=0.500"": 6196}",0.0,,
OPT-RFT-XAFPAY172-R512-v1,16360d404e1cc8ec5ea026f69f45c1e0d210a4962a9adca338d6dcf7b609da30,OPT-RFT-XAFPAY172-R512-v1:0150,XAFPAY_C1_2_2354_z2_86,14fb6b7a2e8904e19235f68f9baa1017baa840aaa71a918bff976489d4c5cc7c,150,cross_family_test_set,XAFPAY/structures/XAFPAY_C1_2_2354_z2_86.cif,7c5304581662a7dfaac7664d6d24019a5de918eb3013c4ce7c6dc7a609ca62ab,14fb6b7a2e8904e19235f68f9baa1017baa840aaa71a918bff976489d4c5cc7c,0,172,"[""O"", ""C"", ""O"", ""C"", ""C"", ""C"", ""C"", ""C"", ""C"", ""N"", ""C"", ""C"", ""C"", ""C"", ""C"", ""C"", ""C"", ""C"", ""C"", ""C"", ""Cl"", ""C"", ""Cl"", ""C"", ""C"", ""C"", ""H"", ""H"", ""H"", ""H"", ""H"", ""H"", ""H"", ""H"", ""H"", ""H"", ""H"", ""H"", ""H"", ""H"", ""H"", ""H"", ""H"", ""O"", ""C"", ""O"", ""C"", ""C"", ""C"", ""C"", ""C"", ""C"", ""N"", ""C"", ""C"", ""C"", ""C"", ""C"", ""C"", ""C"", ""C"", ""C"", ""C"", ""Cl"", ""C"", ""Cl"", ""C"", ""C"", ""C"", ""H"", ""H"", ""H"", ""H"", ""H"", ""H"", ""H"", ""H"", ""H"", ""H"", ""H"", ""H"", ""H"", ""H"", ""H"", ""H"", ""H"", ""O"", ""C"", ""O"", ""C"", ""C"", ""C"", ""C"", ""C"", ""C"", ""N"", ""C"", ""C"", ""C"", ""C"", ""C"", ""C"", ""C"", ""C"", ""C"", ""C"", ""Cl"", ""C"", ""Cl"", ""C"", ""C"", ""C"", ""H"", ""H"", ""H"", ""H"", ""H"", ""H"", ""H"", ""H"", ""H"", ""H"", ""H"", ""H"", ""H"", ""H"", ""H"", ""H"", ""H"", ""O"", ""C"", ""O"", ""C"", ""C"", ""C"", ""C"", ""C"", ""C"", ""N"", ""C"", ""C"", ""C"", ""C"", ""C"", ""C"", ""C"", ""C"", ""C"", ""C"", ""Cl"", ""C"", ""Cl"", ""C"", ""C"", ""C"", ""H"", ""H"", ""H"", ""H"", ""H"", ""H"", ""H"", ""H"", ""H"", ""H"", ""H"", ""H"", ""H"", ""H"", ""H"", ""H"", ""H""]",C84H68Cl8N4O8,"[true, true, true]","[17.736124056538472, 0.0, 0.0, 8.512133631368924, 19.34538720804727, 0.0, -3.605212510706506, 0.08296514087556758, 15.324627358591687]",5258.066414765947,[],"{""cutoff=6.000_skin=0.000"": 5228, ""cutoff=6.000_skin=0.500"": 6406}",0.0,,
OPT-RFT-XAFPAY172-R512-v1,16360d404e1cc8ec5ea026f69f45c1e0d210a4962a9adca338d6dcf7b609da30,OPT-RFT-XAFPAY172-R512-v1:0151,XAFPAY_C4_2_13376_z2_86,74102ff959e3254c000b06edd83725e0db3e11a92c36fb946e7f4370431bdcae,151,cross_family_test_set,XAFPAY/structures/XAFPAY_C4_2_13376_z2_86.cif,b2d5bcdd7c031d5d913b1db92254f552a7d7e0174fa6e0191e5754daeafb2acf,74102ff959e3254c000b06edd83725e0db3e11a92c36fb946e7f4370431bdcae,0,172,"[""O"", ""C"", ""O"", ""C"", ""C"", ""C"", ""C"", ""C"", ""C"", ""N"", ""C"", ""C"", ""C"", ""C"", ""C"", ""C"", ""C"", ""C"", ""C"", ""C"", ""Cl"", ""C"", ""Cl"", ""C"", ""C"", ""C"", ""H"", ""H"", ""H"", ""H"", ""H"", ""H"", ""H"", ""H"", ""H"", ""H"", ""H"", ""H"", ""H"", ""H"", ""H"", ""H"", ""H"", ""O"", ""C"", ""O"", ""C"", ""C"", ""C"", ""C"", ""C"", ""C"", ""N"", ""C"", ""C"", ""C"", ""C"", ""C"", ""C"", ""C"", ""C"", ""C"", ""C"", ""Cl"", ""C"", ""Cl"", ""C"", ""C"", ""C"", ""H"", ""H"", ""H"", ""H"", ""H"", ""H"", ""H"", ""H"", ""H"", ""H"", ""H"", ""H"", ""H"", ""H"", ""H"", ""H"", ""H"", ""O"", ""C"", ""O"", ""C"", ""C"", ""C"", ""C"", ""C"", ""C"", ""N"", ""C"", ""C"", ""C"", ""C"", ""C"", ""C"", ""C"", ""C"", ""C"", ""C"", ""Cl"", ""C"", ""Cl"", ""C"", ""C"", ""C"", ""H"", ""H"", ""H"", ""H"", ""H"", ""H"", ""H"", ""H"", ""H"", ""H"", ""H"", ""H"", ""H"", ""H"", ""H"", ""H"", ""H"", ""O"", ""C"", ""O"", ""C"", ""C"", ""C"", ""C"", ""C"", ""C"", ""N"", ""C"", ""C"", ""C"", ""C"", ""C"", ""C"", ""C"", ""C"", ""C"", ""C"", ""Cl"", ""C"", ""Cl"", ""C"", ""C"", ""C"", ""H"", ""H"", ""H"", ""H"", ""H"", ""H"", ""H"", ""H"", ""H"", ""H"", ""H"", ""H"", ""H"", ""H"", ""H"", ""H"", ""H""]",C84H68Cl8N4O8,"[true, true, true]","[54.133303922735145, 0.0, 0.0, 2.3060257316313026, 11.434375318735063, 0.0, -3.3072567535619704, 1.252639078105056, 9.47076357894526]",5862.218110868579,[],"{""cutoff=6.000_skin=0.000"": 5234, ""cutoff=6.000_skin=0.500"": 6238}",0.0,,
OPT-RFT-XAFPAY172-R512-v1,16360d404e1cc8ec5ea026f69f45c1e0d210a4962a9adca338d6dcf7b609da30,OPT-RFT-XAFPAY172-R512-v1:0152,XAFPAY_C3_14_3924_z1_43,12f6a8d96e1193645c073b2d0bf33439dd80eb36361f0bb555d65fe057d52afd,152,cross_family_test_set,XAFPAY/structures/XAFPAY_C3_14_3924_z1_43.cif,5526978478ee78a78ab52891db5d332a6619c1b55161a121c0f762b06c21d1d7,12f6a8d96e1193645c073b2d0bf33439dd80eb36361f0bb555d65fe057d52afd,0,172,"[""O"", ""C"", ""O"", ""C"", ""C"", ""C"", ""C"", ""C"", ""C"", ""N"", ""C"", ""C"", ""C"", ""C"", ""C"", ""C"", ""C"", ""C"", ""C"", ""C"", ""Cl"", ""C"", ""Cl"", ""C"", ""C"", ""C"", ""H"", ""H"", ""H"", ""H"", ""H"", ""H"", ""H"", ""H"", ""H"", ""H"", ""H"", ""H"", ""H"", ""H"", ""H"", ""H"", ""H"", ""O"", ""C"", ""O"", ""C"", ""C"", ""C"", ""C"", ""C"", ""C"", ""N"", ""C"", ""C"", ""C"", ""C"", ""C"", ""C"", ""C"", ""C"", ""C"", ""C"", ""Cl"", ""C"", ""Cl"", ""C"", ""C"", ""C"", ""H"", ""H"", ""H"", ""H"", ""H"", ""H"", ""H"", ""H"", ""H"", ""H"", ""H"", ""H"", ""H"", ""H"", ""H"", ""H"", ""H"", ""O"", ""C"", ""O"", ""C"", ""C"", ""C"", ""C"", ""C"", ""C"", ""N"", ""C"", ""C"", ""C"", ""C"", ""C"", ""C"", ""C"", ""C"", ""C"", ""C"", ""Cl"", ""C"", ""Cl"", ""C"", ""C"", ""C"", ""H"", ""H"", ""H"", ""H"", ""H"", ""H"", ""H"", ""H"", ""H"", ""H"", ""H"", ""H"", ""H"", ""H"", ""H"", ""H"", ""H"", ""O"", ""C"", ""O"", ""C"", ""C"", ""C"", ""C"", ""C"", ""C"", ""N"", ""C"", ""C"", ""C"", ""C"", ""C"", ""C"", ""C"", ""C"", ""C"", ""C"", ""Cl"", ""C"", ""Cl"", ""C"", ""C"", ""C"", ""H"", ""H"", ""H"", ""H"", ""H"", ""H"", ""H"", ""H"", ""H"", ""H"", ""H"", ""H"", ""H"", ""H"", ""H"", ""H"", ""H""]",C84H68Cl8N4O8,"[true, true, true]","[17.085239886285308, 0.0, 0.0, 0.0, 17.240145639497648, 0.0, 5.790205372646944, 0.0, 15.39966615220918]",4536.002832907347,[],"{""cutoff=6.000_skin=0.000"": 5240, ""cutoff=6.000_skin=0.500"": 6520}",0.0,,
OPT-RFT-XAFPAY172-R512-v1,16360d404e1cc8ec5ea026f69f45c1e0d210a4962a9adca338d6dcf7b609da30,OPT-RFT-XAFPAY172-R512-v1:0153,XAFPAY_C4_2_512_z2_86,fe2deca9cabac869c7e4064334ad4058cc964abcc338ab1506a377b7ff84ccc7,153,cross_family_test_set,XAFPAY/structures/XAFPAY_C4_2_512_z2_86.cif,6465a06475f58d7e2abc834d09a47b0b83b4e01b1c02f354ccacd5fb6897023f,fe2deca9cabac869c7e4064334ad4058cc964abcc338ab1506a377b7ff84ccc7,0,172,"[""O"", ""C"", ""O"", ""C"", ""C"", ""C"", ""C"", ""C"", ""C"", ""N"", ""C"", ""C"", ""C"", ""C"", ""C"", ""C"", ""C"", ""C"", ""C"", ""C"", ""Cl"", ""C"", ""Cl"", ""C"", ""C"", ""C"", ""H"", ""H"", ""H"", ""H"", ""H"", ""H"", ""H"", ""H"", ""H"", ""H"", ""H"", ""H"", ""H"", ""H"", ""H"", ""H"", ""H"", ""O"", ""C"", ""O"", ""C"", ""C"", ""C"", ""C"", ""C"", ""C"", ""N"", ""C"", ""C"", ""C"", ""C"", ""C"", ""C"", ""C"", ""C"", ""C"", ""C"", ""Cl"", ""C"", ""Cl"", ""C"", ""C"", ""C"", ""H"", ""H"", ""H"", ""H"", ""H"", ""H"", ""H"", ""H"", ""H"", ""H"", ""H"", ""H"", ""H"", ""H"", ""H"", ""H"", ""H"", ""O"", ""C"", ""O"", ""C"", ""C"", ""C"", ""C"", ""C"", ""C"", ""N"", ""C"", ""C"", ""C"", ""C"", ""C"", ""C"", ""C"", ""C"", ""C"", ""C"", ""Cl"", ""C"", ""Cl"", ""C"", ""C"", ""C"", ""H"", ""H"", ""H"", ""H"", ""H"", ""H"", ""H"", ""H"", ""H"", ""H"", ""H"", ""H"", ""H"", ""H"", ""H"", ""H"", ""H"", ""O"", ""C"", ""O"", ""C"", ""C"", ""C"", ""C"", ""C"", ""C"", ""N"", ""C"", ""C"", ""C"", ""C"", ""C"", ""C"", ""C"", ""C"", ""C"", ""C"", ""Cl"", ""C"", ""Cl"", ""C"", ""C"", ""C"", ""H"", ""H"", ""H"", ""H"", ""H"", ""H"", ""H"", ""H"", ""H"", ""H"", ""H"", ""H"", ""H"", ""H"", ""H"", ""H"", ""H""]",C84H68Cl8N4O8,"[true, true, true]","[17.300947949232338, 0.0, 0.0, 7.092546296171782, 24.062085088125553, 0.0, 0.9816297514023178, -3.2767189563451806, 18.939904314140627]",7884.6231049090775,[],"{""cutoff=6.000_skin=0.000"": 5244, ""cutoff=6.000_skin=0.500"": 6298}",0.0,,
OPT-RFT-XAFPAY172-R512-v1,16360d404e1cc8ec5ea026f69f45c1e0d210a4962a9adca338d6dcf7b609da30,OPT-RFT-XAFPAY172-R512-v1:0154,XAFPAY_C1_2_11764_z2_86,503cafaef9b743156a6437483bd4bb2d40100b7826447590e09fddea0ee47207,154,cross_family_test_set,XAFPAY/structures/XAFPAY_C1_2_11764_z2_86.cif,5383c66438eeea2bf77a9c0193765d6ca0a70886c764715c120423e624d4c2f2,503cafaef9b743156a6437483bd4bb2d40100b7826447590e09fddea0ee47207,0,172,"[""O"", ""C"", ""O"", ""C"", ""C"", ""C"", ""C"", ""C"", ""C"", ""N"", ""C"", ""C"", ""C"", ""C"", ""C"", ""C"", ""C"", ""C"", ""C"", ""C"", ""Cl"", ""C"", ""Cl"", ""C"", ""C"", ""C"", ""H"", ""H"", ""H"", ""H"", ""H"", ""H"", ""H"", ""H"", ""H"", ""H"", ""H"", ""H"", ""H"", ""H"", ""H"", ""H"", ""H"", ""O"", ""C"", ""O"", ""C"", ""C"", ""C"", ""C"", ""C"", ""C"", ""N"", ""C"", ""C"", ""C"", ""C"", ""C"", ""C"", ""C"", ""C"", ""C"", ""C"", ""Cl"", ""C"", ""Cl"", ""C"", ""C"", ""C"", ""H"", ""H"", ""H"", ""H"", ""H"", ""H"", ""H"", ""H"", ""H"", ""H"", ""H"", ""H"", ""H"", ""H"", ""H"", ""H"", ""H"", ""O"", ""C"", ""O"", ""C"", ""C"", ""C"", ""C"", ""C"", ""C"", ""N"", ""C"", ""C"", ""C"", ""C"", ""C"", ""C"", ""C"", ""C"", ""C"", ""C"", ""Cl"", ""C"", ""Cl"", ""C"", ""C"", ""C"", ""H"", ""H"", ""H"", ""H"", ""H"", ""H"", ""H"", ""H"", ""H"", ""H"", ""H"", ""H"", ""H"", ""H"", ""H"", ""H"", ""H"", ""O"", ""C"", ""O"", ""C"", ""C"", ""C"", ""C"", ""C"", ""C"", ""N"", ""C"", ""C"", ""C"", ""C"", ""C"", ""C"", ""C"", ""C"", ""C"", ""C"", ""Cl"", ""C"", ""Cl"", ""C"", ""C"", ""C"", ""H"", ""H"", ""H"", ""H"", ""H"", ""H"", ""H"", ""H"", ""H"", ""H"", ""H"", ""H"", ""H"", ""H"", ""H"", ""H"", ""H""]",C84H68Cl8N4O8,"[true, true, true]","[20.37197617918045, 0.0, 0.0, -8.94666761585782, 14.494448207336454, 0.0, -8.946544689594903, -3.945213250535788, 18.321088850950858]",5409.861258650855,[],"{""cutoff=6.000_skin=0.000"": 5250, ""cutoff=6.000_skin=0.500"": 6402}",0.0,,
OPT-RFT-XAFPAY172-R512-v1,16360d404e1cc8ec5ea026f69f45c1e0d210a4962a9adca338d6dcf7b609da30,OPT-RFT-XAFPAY172-R512-v1:0155,XAFPAY_C3_2_15714_z2_86,da8ecad5b092c02f0140fb63bf403f9c349ce55d96081c1833a95e92256c992c,155,cross_family_test_set,XAFPAY/structures/XAFPAY_C3_2_15714_z2_86.cif,06b9d29f6f7d80adc911752bc6e5a547b918d9fcd8f8316b0aa6f49692db4e1e,da8ecad5b092c02f0140fb63bf403f9c349ce55d96081c1833a95e92256c992c,0,172,"[""O"", ""C"", ""O"", ""C"", ""C"", ""C"", ""C"", ""C"", ""C"", ""N"", ""C"", ""C"", ""C"", ""C"", ""C"", ""C"", ""C"", ""C"", ""C"", ""C"", ""Cl"", ""C"", ""Cl"", ""C"", ""C"", ""C"", ""H"", ""H"", ""H"", ""H"", ""H"", ""H"", ""H"", ""H"", ""H"", ""H"", ""H"", ""H"", ""H"", ""H"", ""H"", ""H"", ""H"", ""O"", ""C"", ""O"", ""C"", ""C"", ""C"", ""C"", ""C"", ""C"", ""N"", ""C"", ""C"", ""C"", ""C"", ""C"", ""C"", ""C"", ""C"", ""C"", ""C"", ""Cl"", ""C"", ""Cl"", ""C"", ""C"", ""C"", ""H"", ""H"", ""H"", ""H"", ""H"", ""H"", ""H"", ""H"", ""H"", ""H"", ""H"", ""H"", ""H"", ""H"", ""H"", ""H"", ""H"", ""O"", ""C"", ""O"", ""C"", ""C"", ""C"", ""C"", ""C"", ""C"", ""N"", ""C"", ""C"", ""C"", ""C"", ""C"", ""C"", ""C"", ""C"", ""C"", ""C"", ""Cl"", ""C"", ""Cl"", ""C"", ""C"", ""C"", ""H"", ""H"", ""H"", ""H"", ""H"", ""H"", ""H"", ""H"", ""H"", ""H"", ""H"", ""H"", ""H"", ""H"", ""H"", ""H"", ""H"", ""O"", ""C"", ""O"", ""C"", ""C"", ""C"", ""C"", ""C"", ""C"", ""N"", ""C"", ""C"", ""C"", ""C"", ""C"", ""C"", ""C"", ""C"", ""C"", ""C"", ""Cl"", ""C"", ""Cl"", ""C"", ""C"", ""C"", ""H"", ""H"", ""H"", ""H"", ""H"", ""H"", ""H"", ""H"", ""H"", ""H"", ""H"", ""H"", ""H"", ""H"", ""H"", ""H"", ""H""]",C84H68Cl8N4O8,"[true, true, true]","[19.536627834524374, 0.0, 0.0, -11.150408655024133, 16.382191610704083, 0.0, -7.401694625377534, 2.699361493840268, 16.962003808793728]",5428.736483759043,[],"{""cutoff=6.000_skin=0.000"": 5256, ""cutoff=6.000_skin=0.500"": 6432}",0.0,,
OPT-RFT-XAFPAY172-R512-v1,16360d404e1cc8ec5ea026f69f45c1e0d210a4962a9adca338d6dcf7b609da30,OPT-RFT-XAFPAY172-R512-v1:0156,XAFPAY_C1_2_10315_z2_86,2f9b16573d8f0b32d324e1bfbff8e0848a7460e6ec41e11cbf60068fc8c19dbb,156,cross_family_test_set,XAFPAY/structures/XAFPAY_C1_2_10315_z2_86.cif,d5fb4e30485d4246bc3676744b520c06c7d5b1e33857a511479ca4da3a9331ef,2f9b16573d8f0b32d324e1bfbff8e0848a7460e6ec41e11cbf60068fc8c19dbb,0,172,"[""O"", ""C"", ""O"", ""C"", ""C"", ""C"", ""C"", ""C"", ""C"", ""N"", ""C"", ""C"", ""C"", ""C"", ""C"", ""C"", ""C"", ""C"", ""C"", ""C"", ""Cl"", ""C"", ""Cl"", ""C"", ""C"", ""C"", ""H"", ""H"", ""H"", ""H"", ""H"", ""H"", ""H"", ""H"", ""H"", ""H"", ""H"", ""H"", ""H"", ""H"", ""H"", ""H"", ""H"", ""O"", ""C"", ""O"", ""C"", ""C"", ""C"", ""C"", ""C"", ""C"", ""N"", ""C"", ""C"", ""C"", ""C"", ""C"", ""C"", ""C"", ""C"", ""C"", ""C"", ""Cl"", ""C"", ""Cl"", ""C"", ""C"", ""C"", ""H"", ""H"", ""H"", ""H"", ""H"", ""H"", ""H"", ""H"", ""H"", ""H"", ""H"", ""H"", ""H"", ""H"", ""H"", ""H"", ""H"", ""O"", ""C"", ""O"", ""C"", ""C"", ""C"", ""C"", ""C"", ""C"", ""N"", ""C"", ""C"", ""C"", ""C"", ""C"", ""C"", ""C"", ""C"", ""C"", ""C"", ""Cl"", ""C"", ""Cl"", ""C"", ""C"", ""C"", ""H"", ""H"", ""H"", ""H"", ""H"", ""H"", ""H"", ""H"", ""H"", ""H"", ""H"", ""H"", ""H"", ""H"", ""H"", ""H"", ""H"", ""O"", ""C"", ""O"", ""C"", ""C"", ""C"", ""C"", ""C"", ""C"", ""N"", ""C"", ""C"", ""C"", ""C"", ""C"", ""C"", ""C"", ""C"", ""C"", ""C"", ""Cl"", ""C"", ""Cl"", ""C"", ""C"", ""C"", ""H"", ""H"", ""H"", ""H"", ""H"", ""H"", ""H"", ""H"", ""H"", ""H"", ""H"", ""H"", ""H"", ""H"", ""H"", ""H"", ""H""]",C84H68Cl8N4O8,"[true, true, true]","[17.304404516681224, 0.0, 0.0, -5.482469980872459, 22.18207359564103, 0.0, -2.716098044944165, -13.038642943314027, 18.133256513549746]",6960.406530834558,[],"{""cutoff=6.000_skin=0.000"": 5260, ""cutoff=6.000_skin=0.500"": 6404}",0.0,,
OPT-RFT-XAFPAY172-R512-v1,16360d404e1cc8ec5ea026f69f45c1e0d210a4962a9adca338d6dcf7b609da30,OPT-RFT-XAFPAY172-R512-v1:0157,XAFPAY_C1_2_1523_z2_86,fe4583c2b2e2f7a81fcd68d80e9543d9468a53dd3aba2b8d956cb1ca9797e2db,157,cross_family_test_set,XAFPAY/structures/XAFPAY_C1_2_1523_z2_86.cif,ddb8edde50228845cbd4009855fd8a13935171fe091cd228a99cb9cc03a55491,fe4583c2b2e2f7a81fcd68d80e9543d9468a53dd3aba2b8d956cb1ca9797e2db,0,172,"[""O"", ""C"", ""O"", ""C"", ""C"", ""C"", ""C"", ""C"", ""C"", ""N"", ""C"", ""C"", ""C"", ""C"", ""C"", ""C"", ""C"", ""C"", ""C"", ""C"", ""Cl"", ""C"", ""Cl"", ""C"", ""C"", ""C"", ""H"", ""H"", ""H"", ""H"", ""H"", ""H"", ""H"", ""H"", ""H"", ""H"", ""H"", ""H"", ""H"", ""H"", ""H"", ""H"", ""H"", ""O"", ""C"", ""O"", ""C"", ""C"", ""C"", ""C"", ""C"", ""C"", ""N"", ""C"", ""C"", ""C"", ""C"", ""C"", ""C"", ""C"", ""C"", ""C"", ""C"", ""Cl"", ""C"", ""Cl"", ""C"", ""C"", ""C"", ""H"", ""H"", ""H"", ""H"", ""H"", ""H"", ""H"", ""H"", ""H"", ""H"", ""H"", ""H"", ""H"", ""H"", ""H"", ""H"", ""H"", ""O"", ""C"", ""O"", ""C"", ""C"", ""C"", ""C"", ""C"", ""C"", ""N"", ""C"", ""C"", ""C"", ""C"", ""C"", ""C"", ""C"", ""C"", ""C"", ""C"", ""Cl"", ""C"", ""Cl"", ""C"", ""C"", ""C"", ""H"", ""H"", ""H"", ""H"", ""H"", ""H"", ""H"", ""H"", ""H"", ""H"", ""H"", ""H"", ""H"", ""H"", ""H"", ""H"", ""H"", ""O"", ""C"", ""O"", ""C"", ""C"", ""C"", ""C"", ""C"", ""C"", ""N"", ""C"", ""C"", ""C"", ""C"", ""C"", ""C"", ""C"", ""C"", ""C"", ""C"", ""Cl"", ""C"", ""Cl"", ""C"", ""C"", ""C"", ""H"", ""H"", ""H"", ""H"", ""H"", ""H"", ""H"", ""H"", ""H"", ""H"", ""H"", ""H"", ""H"", ""H"", ""H"", ""H"", ""H""]",C84H68Cl8N4O8,"[true, true, true]","[19.014646511612945, 0.0, 0.0, -5.913314288952368, 18.669657251165056, 0.0, 6.913318533816129, 12.640665140859616, 18.630787732142075]",6613.872506592347,[],"{""cutoff=6.000_skin=0.000"": 5264, ""cutoff=6.000_skin=0.500"": 6392}",0.0,,
OPT-RFT-XAFPAY172-R512-v1,16360d404e1cc8ec5ea026f69f45c1e0d210a4962a9adca338d6dcf7b609da30,OPT-RFT-XAFPAY172-R512-v1:0158,XAFPAY_C4_2_14664_z2_86,3c2a9a12ecd0da45c1493f9c3be22fbdbc5bfde4c169d86a9e2e2e5c08f9b834,158,cross_family_test_set,XAFPAY/structures/XAFPAY_C4_2_14664_z2_86.cif,eb8de189b6d2ed5d10df602a7d075c3c7182d72f4d791a69e78a6aa50deb0e38,3c2a9a12ecd0da45c1493f9c3be22fbdbc5bfde4c169d86a9e2e2e5c08f9b834,0,172,"[""O"", ""C"", ""O"", ""C"", ""C"", ""C"", ""C"", ""C"", ""C"", ""N"", ""C"", ""C"", ""C"", ""C"", ""C"", ""C"", ""C"", ""C"", ""C"", ""C"", ""Cl"", ""C"", ""Cl"", ""C"", ""C"", ""C"", ""H"", ""H"", ""H"", ""H"", ""H"", ""H"", ""H"", ""H"", ""H"", ""H"", ""H"", ""H"", ""H"", ""H"", ""H"", ""H"", ""H"", ""O"", ""C"", ""O"", ""C"", ""C"", ""C"", ""C"", ""C"", ""C"", ""N"", ""C"", ""C"", ""C"", ""C"", ""C"", ""C"", ""C"", ""C"", ""C"", ""C"", ""Cl"", ""C"", ""Cl"", ""C"", ""C"", ""C"", ""H"", ""H"", ""H"", ""H"", ""H"", ""H"", ""H"", ""H"", ""H"", ""H"", ""H"", ""H"", ""H"", ""H"", ""H"", ""H"", ""H"", ""O"", ""C"", ""O"", ""C"", ""C"", ""C"", ""C"", ""C"", ""C"", ""N"", ""C"", ""C"", ""C"", ""C"", ""C"", ""C"", ""C"", ""C"", ""C"", ""C"", ""Cl"", ""C"", ""Cl"", ""C"", ""C"", ""C"", ""H"", ""H"", ""H"", ""H"", ""H"", ""H"", ""H"", ""H"", ""H"", ""H"", ""H"", ""H"", ""H"", ""H"", ""H"", ""H"", ""H"", ""O"", ""C"", ""O"", ""C"", ""C"", ""C"", ""C"", ""C"", ""C"", ""N"", ""C"", ""C"", ""C"", ""C"", ""C"", ""C"", ""C"", ""C"", ""C"", ""C"", ""Cl"", ""C"", ""Cl"", ""C"", ""C"", ""C"", ""H"", ""H"", ""H"", ""H"", ""H"", ""H"", ""H"", ""H"", ""H"", ""H"", ""H"", ""H"", ""H"", ""H"", ""H"", ""H"", ""H""]",C84H68Cl8N4O8,"[true, true, true]","[20.541498043315528, 0.0, 0.0, 12.001883452857195, 17.727503966924527, 0.0, -4.672649867413125, -4.295687078879467, 19.52258411982507]",7109.139012636589,[],"{""cutoff=6.000_skin=0.000"": 5270, ""cutoff=6.000_skin=0.500"": 6286}",0.0,,
OPT-RFT-XAFPAY172-R512-v1,16360d404e1cc8ec5ea026f69f45c1e0d210a4962a9adca338d6dcf7b609da30,OPT-RFT-XAFPAY172-R512-v1:0159,XAFPAY_C3_2_9394_z2_86,7b4881429f20b4f531a604b33b4a4df8494ab8e50e04f0307f6e7139f5eca749,159,cross_family_test_set,XAFPAY/structures/XAFPAY_C3_2_9394_z2_86.cif,07581e6722f15c3db1e1a314751f4067e6794ac21160fd5cc03114e5c23253be,7b4881429f20b4f531a604b33b4a4df8494ab8e50e04f0307f6e7139f5eca749,0,172,"[""O"", ""C"", ""O"", ""C"", ""C"", ""C"", ""C"", ""C"", ""C"", ""N"", ""C"", ""C"", ""C"", ""C"", ""C"", ""C"", ""C"", ""C"", ""C"", ""C"", ""Cl"", ""C"", ""Cl"", ""C"", ""C"", ""C"", ""H"", ""H"", ""H"", ""H"", ""H"", ""H"", ""H"", ""H"", ""H"", ""H"", ""H"", ""H"", ""H"", ""H"", ""H"", ""H"", ""H"", ""O"", ""C"", ""O"", ""C"", ""C"", ""C"", ""C"", ""C"", ""C"", ""N"", ""C"", ""C"", ""C"", ""C"", ""C"", ""C"", ""C"", ""C"", ""C"", ""C"", ""Cl"", ""C"", ""Cl"", ""C"", ""C"", ""C"", ""H"", ""H"", ""H"", ""H"", ""H"", ""H"", ""H"", ""H"", ""H"", ""H"", ""H"", ""H"", ""H"", ""H"", ""H"", ""H"", ""H"", ""O"", ""C"", ""O"", ""C"", ""C"", ""C"", ""C"", ""C"", ""C"", ""N"", ""C"", ""C"", ""C"", ""C"", ""C"", ""C"", ""C"", ""C"", ""C"", ""C"", ""Cl"", ""C"", ""Cl"", ""C"", ""C"", ""C"", ""H"", ""H"", ""H"", ""H"", ""H"", ""H"", ""H"", ""H"", ""H"", ""H"", ""H"", ""H"", ""H"", ""H"", ""H"", ""H"", ""H"", ""O"", ""C"", ""O"", ""C"", ""C"", ""C"", ""C"", ""C"", ""C"", ""N"", ""C"", ""C"", ""C"", ""C"", ""C"", ""C"", ""C"", ""C"", ""C"", ""C"", ""Cl"", ""C"", ""Cl"", ""C"", ""C"", ""C"", ""H"", ""H"", ""H"", ""H"", ""H"", ""H"", ""H"", ""H"", ""H"", ""H"", ""H"", ""H"", ""H"", ""H"", ""H"", ""H"", ""H""]",C84H68Cl8N4O8,"[true, true, true]","[21.307388332828424, 0.0, 0.0, 4.943499886403992, 21.30316889661536, 0.0, 6.778736910290428, 2.935988842424451, 15.669871915777117]",7112.788224571998,[],"{""cutoff=6.000_skin=0.000"": 5272, ""cutoff=6.000_skin=0.500"": 6250}",0.0,,
OPT-RFT-XAFPAY172-R512-v1,16360d404e1cc8ec5ea026f69f45c1e0d210a4962a9adca338d6dcf7b609da30,OPT-RFT-XAFPAY172-R512-v1:0160,XAFPAY_C2_14_859_z1_43,4f11f0beea3f837d3f1afa48b2795239de69455230f5006019093564d376ea97,160,cross_family_test_set,XAFPAY/structures/XAFPAY_C2_14_859_z1_43.cif,6a8a761ea35200ff6020292e7dc69e405e68444feb00303a9a17b04dfeba4b61,4f11f0beea3f837d3f1afa48b2795239de69455230f5006019093564d376ea97,0,172,"[""O"", ""C"", ""O"", ""C"", ""C"", ""C"", ""C"", ""C"", ""C"", ""N"", ""C"", ""C"", ""C"", ""C"", ""C"", ""C"", ""C"", ""C"", ""C"", ""C"", ""Cl"", ""C"", ""Cl"", ""C"", ""C"", ""C"", ""H"", ""H"", ""H"", ""H"", ""H"", ""H"", ""H"", ""H"", ""H"", ""H"", ""H"", ""H"", ""H"", ""H"", ""H"", ""H"", ""H"", ""O"", ""C"", ""O"", ""C"", ""C"", ""C"", ""C"", ""C"", ""C"", ""N"", ""C"", ""C"", ""C"", ""C"", ""C"", ""C"", ""C"", ""C"", ""C"", ""C"", ""Cl"", ""C"", ""Cl"", ""C"", ""C"", ""C"", ""H"", ""H"", ""H"", ""H"", ""H"", ""H"", ""H"", ""H"", ""H"", ""H"", ""H"", ""H"", ""H"", ""H"", ""H"", ""H"", ""H"", ""O"", ""C"", ""O"", ""C"", ""C"", ""C"", ""C"", ""C"", ""C"", ""N"", ""C"", ""C"", ""C"", ""C"", ""C"", ""C"", ""C"", ""C"", ""C"", ""C"", ""Cl"", ""C"", ""Cl"", ""C"", ""C"", ""C"", ""H"", ""H"", ""H"", ""H"", ""H"", ""H"", ""H"", ""H"", ""H"", ""H"", ""H"", ""H"", ""H"", ""H"", ""H"", ""H"", ""H"", ""O"", ""C"", ""O"", ""C"", ""C"", ""C"", ""C"", ""C"", ""C"", ""N"", ""C"", ""C"", ""C"", ""C"", ""C"", ""C"", ""C"", ""C"", ""C"", ""C"", ""Cl"", ""C"", ""Cl"", ""C"", ""C"", ""C"", ""H"", ""H"", ""H"", ""H"", ""H"", ""H"", ""H"", ""H"", ""H"", ""H"", ""H"", ""H"", ""H"", ""H"", ""H"", ""H"", ""H""]",C84H68Cl8N4O8,"[true, true, true]","[25.947293899583073, 0.0, 0.0, 0.0, 11.671811418191712, 0.0, -3.4470768277576864, 0.0, 15.246315960538054]",4617.376079998175,[],"{""cutoff=6.000_skin=0.000"": 5276, ""cutoff=6.000_skin=0.500"": 6664}",0.0,,
OPT-RFT-XAFPAY172-R512-v1,16360d404e1cc8ec5ea026f69f45c1e0d210a4962a9adca338d6dcf7b609da30,OPT-RFT-XAFPAY172-R512-v1:0161,XAFPAY_C4_14_1439_z1_43,1e656e8656c3b99e32d598e50aa7f7b497e563ceff33d6df2e45a8dc5fa3d6aa,161,cross_family_test_set,XAFPAY/structures/XAFPAY_C4_14_1439_z1_43.cif,9f05dff58e79cdc8ef27123a9ed636c88ad80b4404e463f1092b9a94ebb106f5,1e656e8656c3b99e32d598e50aa7f7b497e563ceff33d6df2e45a8dc5fa3d6aa,0,172,"[""O"", ""C"", ""O"", ""C"", ""C"", ""C"", ""C"", ""C"", ""C"", ""N"", ""C"", ""C"", ""C"", ""C"", ""C"", ""C"", ""C"", ""C"", ""C"", ""C"", ""Cl"", ""C"", ""Cl"", ""C"", ""C"", ""C"", ""H"", ""H"", ""H"", ""H"", ""H"", ""H"", ""H"", ""H"", ""H"", ""H"", ""H"", ""H"", ""H"", ""H"", ""H"", ""H"", ""H"", ""O"", ""C"", ""O"", ""C"", ""C"", ""C"", ""C"", ""C"", ""C"", ""N"", ""C"", ""C"", ""C"", ""C"", ""C"", ""C"", ""C"", ""C"", ""C"", ""C"", ""Cl"", ""C"", ""Cl"", ""C"", ""C"", ""C"", ""H"", ""H"", ""H"", ""H"", ""H"", ""H"", ""H"", ""H"", ""H"", ""H"", ""H"", ""H"", ""H"", ""H"", ""H"", ""H"", ""H"", ""O"", ""C"", ""O"", ""C"", ""C"", ""C"", ""C"", ""C"", ""C"", ""N"", ""C"", ""C"", ""C"", ""C"", ""C"", ""C"", ""C"", ""C"", ""C"", ""C"", ""Cl"", ""C"", ""Cl"", ""C"", ""C"", ""C"", ""H"", ""H"", ""H"", ""H"", ""H"", ""H"", ""H"", ""H"", ""H"", ""H"", ""H"", ""H"", ""H"", ""H"", ""H"", ""H"", ""H"", ""O"", ""C"", ""O"", ""C"", ""C"", ""C"", ""C"", ""C"", ""C"", ""N"", ""C"", ""C"", ""C"", ""C"", ""C"", ""C"", ""C"", ""C"", ""C"", ""C"", ""Cl"", ""C"", ""Cl"", ""C"", ""C"", ""C"", ""H"", ""H"", ""H"", ""H"", ""H"", ""H"", ""H"", ""H"", ""H"", ""H"", ""H"", ""H"", ""H"", ""H"", ""H"", ""H"", ""H""]",C84H68Cl8N4O8,"[true, true, true]","[18.22808685392266, 0.0, 0.0, 0.0, 14.881719887973254, 0.0, -11.683762275276278, 0.0, 21.18617834346343]",5747.0746566918215,[],"{""cutoff=6.000_skin=0.000"": 5280, ""cutoff=6.000_skin=0.500"": 6304}",0.0,,
OPT-RFT-XAFPAY172-R512-v1,16360d404e1cc8ec5ea026f69f45c1e0d210a4962a9adca338d6dcf7b609da30,OPT-RFT-XAFPAY172-R512-v1:0162,XAFPAY_C1_2_1556_z2_86,91f5c94a5c18c5847e19af04c360ceaf9683d2294ccff6a0389ef7f27ac2c321,162,cross_family_test_set,XAFPAY/structures/XAFPAY_C1_2_1556_z2_86.cif,d4e4e52ba22e1e38d2f4e8f77f02983240d58e101bcd504a26ef195c88f516c0,91f5c94a5c18c5847e19af04c360ceaf9683d2294ccff6a0389ef7f27ac2c321,0,172,"[""O"", ""C"", ""O"", ""C"", ""C"", ""C"", ""C"", ""C"", ""C"", ""N"", ""C"", ""C"", ""C"", ""C"", ""C"", ""C"", ""C"", ""C"", ""C"", ""C"", ""Cl"", ""C"", ""Cl"", ""C"", ""C"", ""C"", ""H"", ""H"", ""H"", ""H"", ""H"", ""H"", ""H"", ""H"", ""H"", ""H"", ""H"", ""H"", ""H"", ""H"", ""H"", ""H"", ""H"", ""O"", ""C"", ""O"", ""C"", ""C"", ""C"", ""C"", ""C"", ""C"", ""N"", ""C"", ""C"", ""C"", ""C"", ""C"", ""C"", ""C"", ""C"", ""C"", ""C"", ""Cl"", ""C"", ""Cl"", ""C"", ""C"", ""C"", ""H"", ""H"", ""H"", ""H"", ""H"", ""H"", ""H"", ""H"", ""H"", ""H"", ""H"", ""H"", ""H"", ""H"", ""H"", ""H"", ""H"", ""O"", ""C"", ""O"", ""C"", ""C"", ""C"", ""C"", ""C"", ""C"", ""N"", ""C"", ""C"", ""C"", ""C"", ""C"", ""C"", ""C"", ""C"", ""C"", ""C"", ""Cl"", ""C"", ""Cl"", ""C"", ""C"", ""C"", ""H"", ""H"", ""H"", ""H"", ""H"", ""H"", ""H"", ""H"", ""H"", ""H"", ""H"", ""H"", ""H"", ""H"", ""H"", ""H"", ""H"", ""O"", ""C"", ""O"", ""C"", ""C"", ""C"", ""C"", ""C"", ""C"", ""N"", ""C"", ""C"", ""C"", ""C"", ""C"", ""C"", ""C"", ""C"", ""C"", ""C"", ""Cl"", ""C"", ""Cl"", ""C"", ""C"", ""C"", ""H"", ""H"", ""H"", ""H"", ""H"", ""H"", ""H"", ""H"", ""H"", ""H"", ""H"", ""H"", ""H"", ""H"", ""H"", ""H"", ""H""]",C84H68Cl8N4O8,"[true, true, true]","[18.130660625493576, 0.0, 0.0, 4.991790457149629, 17.310761303365965, 0.0, 4.016792040873804, -8.28239409976066, 20.78031755333584]",6522.017752999277,[],"{""cutoff=6.000_skin=0.000"": 5286, ""cutoff=6.000_skin=0.500"": 6514}",0.0,,
OPT-RFT-XAFPAY172-R512-v1,16360d404e1cc8ec5ea026f69f45c1e0d210a4962a9adca338d6dcf7b609da30,OPT-RFT-XAFPAY172-R512-v1:0163,XAFPAY_C1_2_10538_z2_86,0cd19538971a34d91c297ba1a570568f0a7cd7928108adaf85a55fe62922d512,163,cross_family_test_set,XAFPAY/structures/XAFPAY_C1_2_10538_z2_86.cif,e34d90264d8ad8d75f16ebe7ff4b2b16c9e1ba53d444a682ffaf0a5eb51738c5,0cd19538971a34d91c297ba1a570568f0a7cd7928108adaf85a55fe62922d512,0,172,"[""O"", ""C"", ""O"", ""C"", ""C"", ""C"", ""C"", ""C"", ""C"", ""N"", ""C"", ""C"", ""C"", ""C"", ""C"", ""C"", ""C"", ""C"", ""C"", ""C"", ""Cl"", ""C"", ""Cl"", ""C"", ""C"", ""C"", ""H"", ""H"", ""H"", ""H"", ""H"", ""H"", ""H"", ""H"", ""H"", ""H"", ""H"", ""H"", ""H"", ""H"", ""H"", ""H"", ""H"", ""O"", ""C"", ""O"", ""C"", ""C"", ""C"", ""C"", ""C"", ""C"", ""N"", ""C"", ""C"", ""C"", ""C"", ""C"", ""C"", ""C"", ""C"", ""C"", ""C"", ""Cl"", ""C"", ""Cl"", ""C"", ""C"", ""C"", ""H"", ""H"", ""H"", ""H"", ""H"", ""H"", ""H"", ""H"", ""H"", ""H"", ""H"", ""H"", ""H"", ""H"", ""H"", ""H"", ""H"", ""O"", ""C"", ""O"", ""C"", ""C"", ""C"", ""C"", ""C"", ""C"", ""N"", ""C"", ""C"", ""C"", ""C"", ""C"", ""C"", ""C"", ""C"", ""C"", ""C"", ""Cl"", ""C"", ""Cl"", ""C"", ""C"", ""C"", ""H"", ""H"", ""H"", ""H"", ""H"", ""H"", ""H"", ""H"", ""H"", ""H"", ""H"", ""H"", ""H"", ""H"", ""H"", ""H"", ""H"", ""O"", ""C"", ""O"", ""C"", ""C"", ""C"", ""C"", ""C"", ""C"", ""N"", ""C"", ""C"", ""C"", ""C"", ""C"", ""C"", ""C"", ""C"", ""C"", ""C"", ""Cl"", ""C"", ""Cl"", ""C"", ""C"", ""C"", ""H"", ""H"", ""H"", ""H"", ""H"", ""H"", ""H"", ""H"", ""H"", ""H"", ""H"", ""H"", ""H"", ""H"", ""H"", ""H"", ""H""]",C84H68Cl8N4O8,"[true, true, true]","[17.394683209084803, 0.0, 0.0, -3.7815575866334408, 17.035859628875993, 0.0, 1.5186967567111322, 5.153589162780107, 17.61341956932781]",5219.444179678104,[],"{""cutoff=6.000_skin=0.000"": 5292, ""cutoff=6.000_skin=0.500"": 6464}",0.0,,
OPT-RFT-XAFPAY172-R512-v1,16360d404e1cc8ec5ea026f69f45c1e0d210a4962a9adca338d6dcf7b609da30,OPT-RFT-XAFPAY172-R512-v1:0164,XAFPAY_C4_2_660_z2_86,c0726912519ac157922a08de429ee252bf5585e531a2774bfb2d536ac7523f7e,164,cross_family_test_set,XAFPAY/structures/XAFPAY_C4_2_660_z2_86.cif,79fc7d2bcdfd86fc4fba8b657fb8a9f0a569a87948485c1a372c3a0e44211383,c0726912519ac157922a08de429ee252bf5585e531a2774bfb2d536ac7523f7e,0,172,"[""O"", ""C"", ""O"", ""C"", ""C"", ""C"", ""C"", ""C"", ""C"", ""N"", ""C"", ""C"", ""C"", ""C"", ""C"", ""C"", ""C"", ""C"", ""C"", ""C"", ""Cl"", ""C"", ""Cl"", ""C"", ""C"", ""C"", ""H"", ""H"", ""H"", ""H"", ""H"", ""H"", ""H"", ""H"", ""H"", ""H"", ""H"", ""H"", ""H"", ""H"", ""H"", ""H"", ""H"", ""O"", ""C"", ""O"", ""C"", ""C"", ""C"", ""C"", ""C"", ""C"", ""N"", ""C"", ""C"", ""C"", ""C"", ""C"", ""C"", ""C"", ""C"", ""C"", ""C"", ""Cl"", ""C"", ""Cl"", ""C"", ""C"", ""C"", ""H"", ""H"", ""H"", ""H"", ""H"", ""H"", ""H"", ""H"", ""H"", ""H"", ""H"", ""H"", ""H"", ""H"", ""H"", ""H"", ""H"", ""O"", ""C"", ""O"", ""C"", ""C"", ""C"", ""C"", ""C"", ""C"", ""N"", ""C"", ""C"", ""C"", ""C"", ""C"", ""C"", ""C"", ""C"", ""C"", ""C"", ""Cl"", ""C"", ""Cl"", ""C"", ""C"", ""C"", ""H"", ""H"", ""H"", ""H"", ""H"", ""H"", ""H"", ""H"", ""H"", ""H"", ""H"", ""H"", ""H"", ""H"", ""H"", ""H"", ""H"", ""O"", ""C"", ""O"", ""C"", ""C"", ""C"", ""C"", ""C"", ""C"", ""N"", ""C"", ""C"", ""C"", ""C"", ""C"", ""C"", ""C"", ""C"", ""C"", ""C"", ""Cl"", ""C"", ""Cl"", ""C"", ""C"", ""C"", ""H"", ""H"", ""H"", ""H"", ""H"", ""H"", ""H"", ""H"", ""H"", ""H"", ""H"", ""H"", ""H"", ""H"", ""H"", ""H"", ""H""]",C84H68Cl8N4O8,"[true, true, true]","[27.42179399529671, 0.0, 0.0, 2.987398313131018, 16.15923696092992, 0.0, -0.9249132994390044, 4.034883455351684, 14.328611633402542]",6349.226570588701,[],"{""cutoff=6.000_skin=0.000"": 5300, ""cutoff=6.000_skin=0.500"": 6372}",0.0,,
OPT-RFT-XAFPAY172-R512-v1,16360d404e1cc8ec5ea026f69f45c1e0d210a4962a9adca338d6dcf7b609da30,OPT-RFT-XAFPAY172-R512-v1:0165,XAFPAY_C3_14_2245_z1_43,7b82f17e30ac63e7bb500a899405649d4889dcf91820d8732977b0ddbc96212c,165,cross_family_test_set,XAFPAY/structures/XAFPAY_C3_14_2245_z1_43.cif,f23cd20aa20c0659c250642c4d6a3aed17251ce4f5443de9ca5bc3a347fd54f4,7b82f17e30ac63e7bb500a899405649d4889dcf91820d8732977b0ddbc96212c,0,172,"[""O"", ""C"", ""O"", ""C"", ""C"", ""C"", ""C"", ""C"", ""C"", ""N"", ""C"", ""C"", ""C"", ""C"", ""C"", ""C"", ""C"", ""C"", ""C"", ""C"", ""Cl"", ""C"", ""Cl"", ""C"", ""C"", ""C"", ""H"", ""H"", ""H"", ""H"", ""H"", ""H"", ""H"", ""H"", ""H"", ""H"", ""H"", ""H"", ""H"", ""H"", ""H"", ""H"", ""H"", ""O"", ""C"", ""O"", ""C"", ""C"", ""C"", ""C"", ""C"", ""C"", ""N"", ""C"", ""C"", ""C"", ""C"", ""C"", ""C"", ""C"", ""C"", ""C"", ""C"", ""Cl"", ""C"", ""Cl"", ""C"", ""C"", ""C"", ""H"", ""H"", ""H"", ""H"", ""H"", ""H"", ""H"", ""H"", ""H"", ""H"", ""H"", ""H"", ""H"", ""H"", ""H"", ""H"", ""H"", ""O"", ""C"", ""O"", ""C"", ""C"", ""C"", ""C"", ""C"", ""C"", ""N"", ""C"", ""C"", ""C"", ""C"", ""C"", ""C"", ""C"", ""C"", ""C"", ""C"", ""Cl"", ""C"", ""Cl"", ""C"", ""C"", ""C"", ""H"", ""H"", ""H"", ""H"", ""H"", ""H"", ""H"", ""H"", ""H"", ""H"", ""H"", ""H"", ""H"", ""H"", ""H"", ""H"", ""H"", ""O"", ""C"", ""O"", ""C"", ""C"", ""C"", ""C"", ""C"", ""C"", ""N"", ""C"", ""C"", ""C"", ""C"", ""C"", ""C"", ""C"", ""C"", ""C"", ""C"", ""Cl"", ""C"", ""Cl"", ""C"", ""C"", ""C"", ""H"", ""H"", ""H"", ""H"", ""H"", ""H"", ""H"", ""H"", ""H"", ""H"", ""H"", ""H"", ""H"", ""H"", ""H"", ""H"", ""H""]",C84H68Cl8N4O8,"[true, true, true]","[17.912181908546856, 0.0, 0.0, 0.0, 15.869924943267174, 0.0, -2.1165230055901003, 0.0, 16.028667469299968]",4556.388876998283,[],"{""cutoff=6.000_skin=0.000"": 5304, ""cutoff=6.000_skin=0.500"": 6684}",0.0,,
OPT-RFT-XAFPAY172-R512-v1,16360d404e1cc8ec5ea026f69f45c1e0d210a4962a9adca338d6dcf7b609da30,OPT-RFT-XAFPAY172-R512-v1:0166,XAFPAY_C1_2_10255_z2_86,0b98e12a458bf64e11f50d645af143dd02c288a71896f784c44613e71630b2e7,166,cross_family_test_set,XAFPAY/structures/XAFPAY_C1_2_10255_z2_86.cif,d82144d013b1c18621d390b789741cd80646fe88fe8b9ba2ec7e164398afc14c,0b98e12a458bf64e11f50d645af143dd02c288a71896f784c44613e71630b2e7,0,172,"[""O"", ""C"", ""O"", ""C"", ""C"", ""C"", ""C"", ""C"", ""C"", ""N"", ""C"", ""C"", ""C"", ""C"", ""C"", ""C"", ""C"", ""C"", ""C"", ""C"", ""Cl"", ""C"", ""Cl"", ""C"", ""C"", ""C"", ""H"", ""H"", ""H"", ""H"", ""H"", ""H"", ""H"", ""H"", ""H"", ""H"", ""H"", ""H"", ""H"", ""H"", ""H"", ""H"", ""H"", ""O"", ""C"", ""O"", ""C"", ""C"", ""C"", ""C"", ""C"", ""C"", ""N"", ""C"", ""C"", ""C"", ""C"", ""C"", ""C"", ""C"", ""C"", ""C"", ""C"", ""Cl"", ""C"", ""Cl"", ""C"", ""C"", ""C"", ""H"", ""H"", ""H"", ""H"", ""H"", ""H"", ""H"", ""H"", ""H"", ""H"", ""H"", ""H"", ""H"", ""H"", ""H"", ""H"", ""H"", ""O"", ""C"", ""O"", ""C"", ""C"", ""C"", ""C"", ""C"", ""C"", ""N"", ""C"", ""C"", ""C"", ""C"", ""C"", ""C"", ""C"", ""C"", ""C"", ""C"", ""Cl"", ""C"", ""Cl"", ""C"", ""C"", ""C"", ""H"", ""H"", ""H"", ""H"", ""H"", ""H"", ""H"", ""H"", ""H"", ""H"", ""H"", ""H"", ""H"", ""H"", ""H"", ""H"", ""H"", ""O"", ""C"", ""O"", ""C"", ""C"", ""C"", ""C"", ""C"", ""C"", ""N"", ""C"", ""C"", ""C"", ""C"", ""C"", ""C"", ""C"", ""C"", ""C"", ""C"", ""Cl"", ""C"", ""Cl"", ""C"", ""C"", ""C"", ""H"", ""H"", ""H"", ""H"", ""H"", ""H"", ""H"", ""H"", ""H"", ""H"", ""H"", ""H"", ""H"", ""H"", ""H"", ""H"", ""H""]",C84H68Cl8N4O8,"[true, true, true]","[22.267068093224125, 0.0, 0.0, -2.138300140848455, 18.714596486031844, 0.0, -1.194781222913826, 11.43567105986592, 19.146980669161653]",7978.914357571492,[],"{""cutoff=6.000_skin=0.000"": 5312, ""cutoff=6.000_skin=0.500"": 6380}",0.0,,
OPT-RFT-XAFPAY172-R512-v1,16360d404e1cc8ec5ea026f69f45c1e0d210a4962a9adca338d6dcf7b609da30,OPT-RFT-XAFPAY172-R512-v1:0167,XAFPAY_C4_14_2858_z1_43,9a8cea0883b8cceec03deca3cfb7071f2ab8527a182840c4663656de9228161b,167,cross_family_test_set,XAFPAY/structures/XAFPAY_C4_14_2858_z1_43.cif,23ea444c0abe672adc2ab8e8647391774201056938f585e4d6faa96945751f3a,9a8cea0883b8cceec03deca3cfb7071f2ab8527a182840c4663656de9228161b,0,172,"[""O"", ""C"", ""O"", ""C"", ""C"", ""C"", ""C"", ""C"", ""C"", ""N"", ""C"", ""C"", ""C"", ""C"", ""C"", ""C"", ""C"", ""C"", ""C"", ""C"", ""Cl"", ""C"", ""Cl"", ""C"", ""C"", ""C"", ""H"", ""H"", ""H"", ""H"", ""H"", ""H"", ""H"", ""H"", ""H"", ""H"", ""H"", ""H"", ""H"", ""H"", ""H"", ""H"", ""H"", ""O"", ""C"", ""O"", ""C"", ""C"", ""C"", ""C"", ""C"", ""C"", ""N"", ""C"", ""C"", ""C"", ""C"", ""C"", ""C"", ""C"", ""C"", ""C"", ""C"", ""Cl"", ""C"", ""Cl"", ""C"", ""C"", ""C"", ""H"", ""H"", ""H"", ""H"", ""H"", ""H"", ""H"", ""H"", ""H"", ""H"", ""H"", ""H"", ""H"", ""H"", ""H"", ""H"", ""H"", ""O"", ""C"", ""O"", ""C"", ""C"", ""C"", ""C"", ""C"", ""C"", ""N"", ""C"", ""C"", ""C"", ""C"", ""C"", ""C"", ""C"", ""C"", ""C"", ""C"", ""Cl"", ""C"", ""Cl"", ""C"", ""C"", ""C"", ""H"", ""H"", ""H"", ""H"", ""H"", ""H"", ""H"", ""H"", ""H"", ""H"", ""H"", ""H"", ""H"", ""H"", ""H"", ""H"", ""H"", ""O"", ""C"", ""O"", ""C"", ""C"", ""C"", ""C"", ""C"", ""C"", ""N"", ""C"", ""C"", ""C"", ""C"", ""C"", ""C"", ""C"", ""C"", ""C"", ""C"", ""Cl"", ""C"", ""Cl"", ""C"", ""C"", ""C"", ""H"", ""H"", ""H"", ""H"", ""H"", ""H"", ""H"", ""H"", ""H"", ""H"", ""H"", ""H"", ""H"", ""H"", ""H"", ""H"", ""H""]",C84H68Cl8N4O8,"[true, true, true]","[21.162054550851707, 0.0, 0.0, 0.0, 18.625134115003036, 0.0, 4.288296189891567, 0.0, 14.976688621832775]",5903.003473492172,[],"{""cutoff=6.000_skin=0.000"": 5312, ""cutoff=6.000_skin=0.500"": 6424}",0.0,,
OPT-RFT-XAFPAY172-R512-v1,16360d404e1cc8ec5ea026f69f45c1e0d210a4962a9adca338d6dcf7b609da30,OPT-RFT-XAFPAY172-R512-v1:0168,XAFPAY_C1_2_17441_z2_86,244ebec404d4d23e77fce815ea203466d9e291d16d33331c5baca930a9229aa4,168,cross_family_test_set,XAFPAY/structures/XAFPAY_C1_2_17441_z2_86.cif,bee00d3e475ee7e10610235163a534714f2242eed2e982873fd6ea886be5a5c3,244ebec404d4d23e77fce815ea203466d9e291d16d33331c5baca930a9229aa4,0,172,"[""O"", ""C"", ""O"", ""C"", ""C"", ""C"", ""C"", ""C"", ""C"", ""N"", ""C"", ""C"", ""C"", ""C"", ""C"", ""C"", ""C"", ""C"", ""C"", ""C"", ""Cl"", ""C"", ""Cl"", ""C"", ""C"", ""C"", ""H"", ""H"", ""H"", ""H"", ""H"", ""H"", ""H"", ""H"", ""H"", ""H"", ""H"", ""H"", ""H"", ""H"", ""H"", ""H"", ""H"", ""O"", ""C"", ""O"", ""C"", ""C"", ""C"", ""C"", ""C"", ""C"", ""N"", ""C"", ""C"", ""C"", ""C"", ""C"", ""C"", ""C"", ""C"", ""C"", ""C"", ""Cl"", ""C"", ""Cl"", ""C"", ""C"", ""C"", ""H"", ""H"", ""H"", ""H"", ""H"", ""H"", ""H"", ""H"", ""H"", ""H"", ""H"", ""H"", ""H"", ""H"", ""H"", ""H"", ""H"", ""O"", ""C"", ""O"", ""C"", ""C"", ""C"", ""C"", ""C"", ""C"", ""N"", ""C"", ""C"", ""C"", ""C"", ""C"", ""C"", ""C"", ""C"", ""C"", ""C"", ""Cl"", ""C"", ""Cl"", ""C"", ""C"", ""C"", ""H"", ""H"", ""H"", ""H"", ""H"", ""H"", ""H"", ""H"", ""H"", ""H"", ""H"", ""H"", ""H"", ""H"", ""H"", ""H"", ""H"", ""O"", ""C"", ""O"", ""C"", ""C"", ""C"", ""C"", ""C"", ""C"", ""N"", ""C"", ""C"", ""C"", ""C"", ""C"", ""C"", ""C"", ""C"", ""C"", ""C"", ""Cl"", ""C"", ""Cl"", ""C"", ""C"", ""C"", ""H"", ""H"", ""H"", ""H"", ""H"", ""H"", ""H"", ""H"", ""H"", ""H"", ""H"", ""H"", ""H"", ""H"", ""H"", ""H"", ""H""]",C84H68Cl8N4O8,"[true, true, true]","[19.339660250021858, 0.0, 0.0, -20.693977322206237, 27.905461377931548, 0.0, -1.7358300401801203, -1.7767508508409096, 10.802703335643363]",5830.026077399477,[],"{""cutoff=6.000_skin=0.000"": 5318, ""cutoff=6.000_skin=0.500"": 6472}",0.0,,
OPT-RFT-XAFPAY172-R512-v1,16360d404e1cc8ec5ea026f69f45c1e0d210a4962a9adca338d6dcf7b609da30,OPT-RFT-XAFPAY172-R512-v1:0169,XAFPAY_C1_2_2739_z2_86,96ad8281d826c2c38833fa9deaa298d72d4b9c7092e55e3ee4c1c487b14ada4e,169,cross_family_test_set,XAFPAY/structures/XAFPAY_C1_2_2739_z2_86.cif,8723406bafbe8689bd8864652e8d40a33e7f34eb5bab77c037771475efcfc46b,96ad8281d826c2c38833fa9deaa298d72d4b9c7092e55e3ee4c1c487b14ada4e,0,172,"[""O"", ""C"", ""O"", ""C"", ""C"", ""C"", ""C"", ""C"", ""C"", ""N"", ""C"", ""C"", ""C"", ""C"", ""C"", ""C"", ""C"", ""C"", ""C"", ""C"", ""Cl"", ""C"", ""Cl"", ""C"", ""C"", ""C"", ""H"", ""H"", ""H"", ""H"", ""H"", ""H"", ""H"", ""H"", ""H"", ""H"", ""H"", ""H"", ""H"", ""H"", ""H"", ""H"", ""H"", ""O"", ""C"", ""O"", ""C"", ""C"", ""C"", ""C"", ""C"", ""C"", ""N"", ""C"", ""C"", ""C"", ""C"", ""C"", ""C"", ""C"", ""C"", ""C"", ""C"", ""Cl"", ""C"", ""Cl"", ""C"", ""C"", ""C"", ""H"", ""H"", ""H"", ""H"", ""H"", ""H"", ""H"", ""H"", ""H"", ""H"", ""H"", ""H"", ""H"", ""H"", ""H"", ""H"", ""H"", ""O"", ""C"", ""O"", ""C"", ""C"", ""C"", ""C"", ""C"", ""C"", ""N"", ""C"", ""C"", ""C"", ""C"", ""C"", ""C"", ""C"", ""C"", ""C"", ""C"", ""Cl"", ""C"", ""Cl"", ""C"", ""C"", ""C"", ""H"", ""H"", ""H"", ""H"", ""H"", ""H"", ""H"", ""H"", ""H"", ""H"", ""H"", ""H"", ""H"", ""H"", ""H"", ""H"", ""H"", ""O"", ""C"", ""O"", ""C"", ""C"", ""C"", ""C"", ""C"", ""C"", ""N"", ""C"", ""C"", ""C"", ""C"", ""C"", ""C"", ""C"", ""C"", ""C"", ""C"", ""Cl"", ""C"", ""Cl"", ""C"", ""C"", ""C"", ""H"", ""H"", ""H"", ""H"", ""H"", ""H"", ""H"", ""H"", ""H"", ""H"", ""H"", ""H"", ""H"", ""H"", ""H"", ""H"", ""H""]",C84H68Cl8N4O8,"[true, true, true]","[18.13588127515004, 0.0, 0.0, 12.404517066826855, 16.123984860247397, 0.0, 17.83911623422968, -22.39795856590738, 20.47838338593553]",5988.343651597652,[],"{""cutoff=6.000_skin=0.000"": 5324, ""cutoff=6.000_skin=0.500"": 6530}",0.0,,
OPT-RFT-XAFPAY172-R512-v1,16360d404e1cc8ec5ea026f69f45c1e0d210a4962a9adca338d6dcf7b609da30,OPT-RFT-XAFPAY172-R512-v1:0170,XAFPAY_C1_2_2232_z2_86,f9eaf9afe950f506226df8ae84243e2fa5931babe2a3089448423c8f821fc2ee,170,cross_family_test_set,XAFPAY/structures/XAFPAY_C1_2_2232_z2_86.cif,07df456941de87cfb225e237adb691815b408725f3babb57529e491bbcd32a7e,f9eaf9afe950f506226df8ae84243e2fa5931babe2a3089448423c8f821fc2ee,0,172,"[""O"", ""C"", ""O"", ""C"", ""C"", ""C"", ""C"", ""C"", ""C"", ""N"", ""C"", ""C"", ""C"", ""C"", ""C"", ""C"", ""C"", ""C"", ""C"", ""C"", ""Cl"", ""C"", ""Cl"", ""C"", ""C"", ""C"", ""H"", ""H"", ""H"", ""H"", ""H"", ""H"", ""H"", ""H"", ""H"", ""H"", ""H"", ""H"", ""H"", ""H"", ""H"", ""H"", ""H"", ""O"", ""C"", ""O"", ""C"", ""C"", ""C"", ""C"", ""C"", ""C"", ""N"", ""C"", ""C"", ""C"", ""C"", ""C"", ""C"", ""C"", ""C"", ""C"", ""C"", ""Cl"", ""C"", ""Cl"", ""C"", ""C"", ""C"", ""H"", ""H"", ""H"", ""H"", ""H"", ""H"", ""H"", ""H"", ""H"", ""H"", ""H"", ""H"", ""H"", ""H"", ""H"", ""H"", ""H"", ""O"", ""C"", ""O"", ""C"", ""C"", ""C"", ""C"", ""C"", ""C"", ""N"", ""C"", ""C"", ""C"", ""C"", ""C"", ""C"", ""C"", ""C"", ""C"", ""C"", ""Cl"", ""C"", ""Cl"", ""C"", ""C"", ""C"", ""H"", ""H"", ""H"", ""H"", ""H"", ""H"", ""H"", ""H"", ""H"", ""H"", ""H"", ""H"", ""H"", ""H"", ""H"", ""H"", ""H"", ""O"", ""C"", ""O"", ""C"", ""C"", ""C"", ""C"", ""C"", ""C"", ""N"", ""C"", ""C"", ""C"", ""C"", ""C"", ""C"", ""C"", ""C"", ""C"", ""C"", ""Cl"", ""C"", ""Cl"", ""C"", ""C"", ""C"", ""H"", ""H"", ""H"", ""H"", ""H"", ""H"", ""H"", ""H"", ""H"", ""H"", ""H"", ""H"", ""H"", ""H"", ""H"", ""H"", ""H""]",C84H68Cl8N4O8,"[true, true, true]","[23.44768357397551, 0.0, 0.0, 3.6389672405992193, 18.737966479189648, 0.0, -7.191523704014641, 3.6480309578823484, 15.666384250774279]",6883.212488787286,[],"{""cutoff=6.000_skin=0.000"": 5326, ""cutoff=6.000_skin=0.500"": 6452}",0.0,,
OPT-RFT-XAFPAY172-R512-v1,16360d404e1cc8ec5ea026f69f45c1e0d210a4962a9adca338d6dcf7b609da30,OPT-RFT-XAFPAY172-R512-v1:0171,XAFPAY_C1_14_2445_z1_43,89443fe9175b25a277a7782d2059f8b71dd7b62aae6ee7c845af196779732eae,171,cross_family_test_set,XAFPAY/structures/XAFPAY_C1_14_2445_z1_43.cif,e1b3685d3d19fac9d4be5732aabaae4b7f4ef02f26a99d63c60556445a6c989e,89443fe9175b25a277a7782d2059f8b71dd7b62aae6ee7c845af196779732eae,0,172,"[""O"", ""C"", ""O"", ""C"", ""C"", ""C"", ""C"", ""C"", ""C"", ""N"", ""C"", ""C"", ""C"", ""C"", ""C"", ""C"", ""C"", ""C"", ""C"", ""C"", ""Cl"", ""C"", ""Cl"", ""C"", ""C"", ""C"", ""H"", ""H"", ""H"", ""H"", ""H"", ""H"", ""H"", ""H"", ""H"", ""H"", ""H"", ""H"", ""H"", ""H"", ""H"", ""H"", ""H"", ""O"", ""C"", ""O"", ""C"", ""C"", ""C"", ""C"", ""C"", ""C"", ""N"", ""C"", ""C"", ""C"", ""C"", ""C"", ""C"", ""C"", ""C"", ""C"", ""C"", ""Cl"", ""C"", ""Cl"", ""C"", ""C"", ""C"", ""H"", ""H"", ""H"", ""H"", ""H"", ""H"", ""H"", ""H"", ""H"", ""H"", ""H"", ""H"", ""H"", ""H"", ""H"", ""H"", ""H"", ""O"", ""C"", ""O"", ""C"", ""C"", ""C"", ""C"", ""C"", ""C"", ""N"", ""C"", ""C"", ""C"", ""C"", ""C"", ""C"", ""C"", ""C"", ""C"", ""C"", ""Cl"", ""C"", ""Cl"", ""C"", ""C"", ""C"", ""H"", ""H"", ""H"", ""H"", ""H"", ""H"", ""H"", ""H"", ""H"", ""H"", ""H"", ""H"", ""H"", ""H"", ""H"", ""H"", ""H"", ""O"", ""C"", ""O"", ""C"", ""C"", ""C"", ""C"", ""C"", ""C"", ""N"", ""C"", ""C"", ""C"", ""C"", ""C"", ""C"", ""C"", ""C"", ""C"", ""C"", ""Cl"", ""C"", ""Cl"", ""C"", ""C"", ""C"", ""H"", ""H"", ""H"", ""H"", ""H"", ""H"", ""H"", ""H"", ""H"", ""H"", ""H"", ""H"", ""H"", ""H"", ""H"", ""H"", ""H""]",C84H68Cl8N4O8,"[true, true, true]","[14.035945954131293, 0.0, 0.0, 0.0, 21.112752722888153, 0.0, 1.3103479387846548, 0.0, 20.074561797774685]",5948.844576707288,[],"{""cutoff=6.000_skin=0.000"": 5328, ""cutoff=6.000_skin=0.500"": 6412}",0.0,,
OPT-RFT-XAFPAY172-R512-v1,16360d404e1cc8ec5ea026f69f45c1e0d210a4962a9adca338d6dcf7b609da30,OPT-RFT-XAFPAY172-R512-v1:0172,XAFPAY_C1_2_17276_z2_86,75fc6645a8b336c45928b7ccba38f4fd6a6d0eff2364e19b55a9571b4e2c6afd,172,cross_family_test_set,XAFPAY/structures/XAFPAY_C1_2_17276_z2_86.cif,ece5cc6254fdafbe8f8db5266f7ee97a37ca4f1a2d0cf9f44efdbdf9bec1ed1b,75fc6645a8b336c45928b7ccba38f4fd6a6d0eff2364e19b55a9571b4e2c6afd,0,172,"[""O"", ""C"", ""O"", ""C"", ""C"", ""C"", ""C"", ""C"", ""C"", ""N"", ""C"", ""C"", ""C"", ""C"", ""C"", ""C"", ""C"", ""C"", ""C"", ""C"", ""Cl"", ""C"", ""Cl"", ""C"", ""C"", ""C"", ""H"", ""H"", ""H"", ""H"", ""H"", ""H"", ""H"", ""H"", ""H"", ""H"", ""H"", ""H"", ""H"", ""H"", ""H"", ""H"", ""H"", ""O"", ""C"", ""O"", ""C"", ""C"", ""C"", ""C"", ""C"", ""C"", ""N"", ""C"", ""C"", ""C"", ""C"", ""C"", ""C"", ""C"", ""C"", ""C"", ""C"", ""Cl"", ""C"", ""Cl"", ""C"", ""C"", ""C"", ""H"", ""H"", ""H"", ""H"", ""H"", ""H"", ""H"", ""H"", ""H"", ""H"", ""H"", ""H"", ""H"", ""H"", ""H"", ""H"", ""H"", ""O"", ""C"", ""O"", ""C"", ""C"", ""C"", ""C"", ""C"", ""C"", ""N"", ""C"", ""C"", ""C"", ""C"", ""C"", ""C"", ""C"", ""C"", ""C"", ""C"", ""Cl"", ""C"", ""Cl"", ""C"", ""C"", ""C"", ""H"", ""H"", ""H"", ""H"", ""H"", ""H"", ""H"", ""H"", ""H"", ""H"", ""H"", ""H"", ""H"", ""H"", ""H"", ""H"", ""H"", ""O"", ""C"", ""O"", ""C"", ""C"", ""C"", ""C"", ""C"", ""C"", ""N"", ""C"", ""C"", ""C"", ""C"", ""C"", ""C"", ""C"", ""C"", ""C"", ""C"", ""Cl"", ""C"", ""Cl"", ""C"", ""C"", ""C"", ""H"", ""H"", ""H"", ""H"", ""H"", ""H"", ""H"", ""H"", ""H"", ""H"", ""H"", ""H"", ""H"", ""H"", ""H"", ""H"", ""H""]",C84H68Cl8N4O8,"[true, true, true]","[20.677560692031875, 0.0, 0.0, -0.7152929041879573, 16.37948162408966, 0.0, 5.219686709895698, -6.380661560033466, 18.77100029274707]",6357.507392372975,[],"{""cutoff=6.000_skin=0.000"": 5330, ""cutoff=6.000_skin=0.500"": 6412}",0.0,,
OPT-RFT-XAFPAY172-R512-v1,16360d404e1cc8ec5ea026f69f45c1e0d210a4962a9adca338d6dcf7b609da30,OPT-RFT-XAFPAY172-R512-v1:0173,XAFPAY_C2_14_846_z1_43,6a5bd2f2495b325bd25494046744673ddd977e1f148153987921aad59353d325,173,cross_family_test_set,XAFPAY/structures/XAFPAY_C2_14_846_z1_43.cif,790ee44754b539b971bfb36030081fd6dbd359d15b10b398b497c1fa037b7b8b,6a5bd2f2495b325bd25494046744673ddd977e1f148153987921aad59353d325,0,172,"[""O"", ""C"", ""O"", ""C"", ""C"", ""C"", ""C"", ""C"", ""C"", ""N"", ""C"", ""C"", ""C"", ""C"", ""C"", ""C"", ""C"", ""C"", ""C"", ""C"", ""Cl"", ""C"", ""Cl"", ""C"", ""C"", ""C"", ""H"", ""H"", ""H"", ""H"", ""H"", ""H"", ""H"", ""H"", ""H"", ""H"", ""H"", ""H"", ""H"", ""H"", ""H"", ""H"", ""H"", ""O"", ""C"", ""O"", ""C"", ""C"", ""C"", ""C"", ""C"", ""C"", ""N"", ""C"", ""C"", ""C"", ""C"", ""C"", ""C"", ""C"", ""C"", ""C"", ""C"", ""Cl"", ""C"", ""Cl"", ""C"", ""C"", ""C"", ""H"", ""H"", ""H"", ""H"", ""H"", ""H"", ""H"", ""H"", ""H"", ""H"", ""H"", ""H"", ""H"", ""H"", ""H"", ""H"", ""H"", ""O"", ""C"", ""O"", ""C"", ""C"", ""C"", ""C"", ""C"", ""C"", ""N"", ""C"", ""C"", ""C"", ""C"", ""C"", ""C"", ""C"", ""C"", ""C"", ""C"", ""Cl"", ""C"", ""Cl"", ""C"", ""C"", ""C"", ""H"", ""H"", ""H"", ""H"", ""H"", ""H"", ""H"", ""H"", ""H"", ""H"", ""H"", ""H"", ""H"", ""H"", ""H"", ""H"", ""H"", ""O"", ""C"", ""O"", ""C"", ""C"", ""C"", ""C"", ""C"", ""C"", ""N"", ""C"", ""C"", ""C"", ""C"", ""C"", ""C"", ""C"", ""C"", ""C"", ""C"", ""Cl"", ""C"", ""Cl"", ""C"", ""C"", ""C"", ""H"", ""H"", ""H"", ""H"", ""H"", ""H"", ""H"", ""H"", ""H"", ""H"", ""H"", ""H"", ""H"", ""H"", ""H"", ""H"", ""H""]",C84H68Cl8N4O8,"[true, true, true]","[16.614156163728104, 0.0, 0.0, 0.0, 16.329948319599467, 0.0, 3.4442349331471185, 0.0, 16.8387327781116]",4568.488158291137,[],"{""cutoff=6.000_skin=0.000"": 5340, ""cutoff=6.000_skin=0.500"": 6620}",0.0,,
OPT-RFT-XAFPAY172-R512-v1,16360d404e1cc8ec5ea026f69f45c1e0d210a4962a9adca338d6dcf7b609da30,OPT-RFT-XAFPAY172-R512-v1:0174,XAFPAY_C2_2_17229_z2_86,e1dd2027792bd9e312c07a770c2216b9512ee9b4dbe22d741306e5294c7b5263,174,cross_family_test_set,XAFPAY/structures/XAFPAY_C2_2_17229_z2_86.cif,d43c03c0c9c1d19757bd0401d4601194738c5baa9386156b209f1e28fda272f3,e1dd2027792bd9e312c07a770c2216b9512ee9b4dbe22d741306e5294c7b5263,0,172,"[""O"", ""C"", ""O"", ""C"", ""C"", ""C"", ""C"", ""C"", ""C"", ""N"", ""C"", ""C"", ""C"", ""C"", ""C"", ""C"", ""C"", ""C"", ""C"", ""C"", ""Cl"", ""C"", ""Cl"", ""C"", ""C"", ""C"", ""H"", ""H"", ""H"", ""H"", ""H"", ""H"", ""H"", ""H"", ""H"", ""H"", ""H"", ""H"", ""H"", ""H"", ""H"", ""H"", ""H"", ""O"", ""C"", ""O"", ""C"", ""C"", ""C"", ""C"", ""C"", ""C"", ""N"", ""C"", ""C"", ""C"", ""C"", ""C"", ""C"", ""C"", ""C"", ""C"", ""C"", ""Cl"", ""C"", ""Cl"", ""C"", ""C"", ""C"", ""H"", ""H"", ""H"", ""H"", ""H"", ""H"", ""H"", ""H"", ""H"", ""H"", ""H"", ""H"", ""H"", ""H"", ""H"", ""H"", ""H"", ""O"", ""C"", ""O"", ""C"", ""C"", ""C"", ""C"", ""C"", ""C"", ""N"", ""C"", ""C"", ""C"", ""C"", ""C"", ""C"", ""C"", ""C"", ""C"", ""C"", ""Cl"", ""C"", ""Cl"", ""C"", ""C"", ""C"", ""H"", ""H"", ""H"", ""H"", ""H"", ""H"", ""H"", ""H"", ""H"", ""H"", ""H"", ""H"", ""H"", ""H"", ""H"", ""H"", ""H"", ""O"", ""C"", ""O"", ""C"", ""C"", ""C"", ""C"", ""C"", ""C"", ""N"", ""C"", ""C"", ""C"", ""C"", ""C"", ""C"", ""C"", ""C"", ""C"", ""C"", ""Cl"", ""C"", ""Cl"", ""C"", ""C"", ""C"", ""H"", ""H"", ""H"", ""H"", ""H"", ""H"", ""H"", ""H"", ""H"", ""H"", ""H"", ""H"", ""H"", ""H"", ""H"", ""H"", ""H""]",C84H68Cl8N4O8,"[true, true, true]","[21.680072512035622, 0.0, 0.0, 2.4840015061049088, 22.372663953357023, 0.0, -11.494840429439773, 1.2826302095353985, 14.678970308521295]",7119.90209680737,[],"{""cutoff=6.000_skin=0.000"": 5342, ""cutoff=6.000_skin=0.500"": 6186}",0.0,,
OPT-RFT-XAFPAY172-R512-v1,16360d404e1cc8ec5ea026f69f45c1e0d210a4962a9adca338d6dcf7b609da30,OPT-RFT-XAFPAY172-R512-v1:0175,XAFPAY_C1_14_2829_z1_43,eaa416729aa12968e71bba00dc6fba0c4cb4f5e46a3084f5c9b2cac7e7f4074b,175,cross_family_test_set,XAFPAY/structures/XAFPAY_C1_14_2829_z1_43.cif,ffd2ae417e0aae566d08179acd8210c68c20dec15d37861b679ef61c118cd84d,eaa416729aa12968e71bba00dc6fba0c4cb4f5e46a3084f5c9b2cac7e7f4074b,0,172,"[""O"", ""C"", ""O"", ""C"", ""C"", ""C"", ""C"", ""C"", ""C"", ""N"", ""C"", ""C"", ""C"", ""C"", ""C"", ""C"", ""C"", ""C"", ""C"", ""C"", ""Cl"", ""C"", ""Cl"", ""C"", ""C"", ""C"", ""H"", ""H"", ""H"", ""H"", ""H"", ""H"", ""H"", ""H"", ""H"", ""H"", ""H"", ""H"", ""H"", ""H"", ""H"", ""H"", ""H"", ""O"", ""C"", ""O"", ""C"", ""C"", ""C"", ""C"", ""C"", ""C"", ""N"", ""C"", ""C"", ""C"", ""C"", ""C"", ""C"", ""C"", ""C"", ""C"", ""C"", ""Cl"", ""C"", ""Cl"", ""C"", ""C"", ""C"", ""H"", ""H"", ""H"", ""H"", ""H"", ""H"", ""H"", ""H"", ""H"", ""H"", ""H"", ""H"", ""H"", ""H"", ""H"", ""H"", ""H"", ""O"", ""C"", ""O"", ""C"", ""C"", ""C"", ""C"", ""C"", ""C"", ""N"", ""C"", ""C"", ""C"", ""C"", ""C"", ""C"", ""C"", ""C"", ""C"", ""C"", ""Cl"", ""C"", ""Cl"", ""C"", ""C"", ""C"", ""H"", ""H"", ""H"", ""H"", ""H"", ""H"", ""H"", ""H"", ""H"", ""H"", ""H"", ""H"", ""H"", ""H"", ""H"", ""H"", ""H"", ""O"", ""C"", ""O"", ""C"", ""C"", ""C"", ""C"", ""C"", ""C"", ""N"", ""C"", ""C"", ""C"", ""C"", ""C"", ""C"", ""C"", ""C"", ""C"", ""C"", ""Cl"", ""C"", ""Cl"", ""C"", ""C"", ""C"", ""H"", ""H"", ""H"", ""H"", ""H"", ""H"", ""H"", ""H"", ""H"", ""H"", ""H"", ""H"", ""H"", ""H"", ""H"", ""H"", ""H""]",C84H68Cl8N4O8,"[true, true, true]","[17.19975360526618, 0.0, 0.0, 0.0, 26.183648452569535, 0.0, 0.11938104658504275, 0.0, 15.213972376825238]",6851.647480506651,[],"{""cutoff=6.000_skin=0.000"": 5348, ""cutoff=6.000_skin=0.500"": 6424}",0.0,,
OPT-RFT-XAFPAY172-R512-v1,16360d404e1cc8ec5ea026f69f45c1e0d210a4962a9adca338d6dcf7b609da30,OPT-RFT-XAFPAY172-R512-v1:0176,XAFPAY_C4_14_902_z1_43,8c0054786e10d4d4696d0756def0f05afe19a9ba521001614b11a5ecde3aab7e,176,cross_family_test_set,XAFPAY/structures/XAFPAY_C4_14_902_z1_43.cif,750369bf9272b8754beb85a68d443a84585c348c3ad30c3aeb414a01d35ba576,8c0054786e10d4d4696d0756def0f05afe19a9ba521001614b11a5ecde3aab7e,0,172,"[""O"", ""C"", ""O"", ""C"", ""C"", ""C"", ""C"", ""C"", ""C"", ""N"", ""C"", ""C"", ""C"", ""C"", ""C"", ""C"", ""C"", ""C"", ""C"", ""C"", ""Cl"", ""C"", ""Cl"", ""C"", ""C"", ""C"", ""H"", ""H"", ""H"", ""H"", ""H"", ""H"", ""H"", ""H"", ""H"", ""H"", ""H"", ""H"", ""H"", ""H"", ""H"", ""H"", ""H"", ""O"", ""C"", ""O"", ""C"", ""C"", ""C"", ""C"", ""C"", ""C"", ""N"", ""C"", ""C"", ""C"", ""C"", ""C"", ""C"", ""C"", ""C"", ""C"", ""C"", ""Cl"", ""C"", ""Cl"", ""C"", ""C"", ""C"", ""H"", ""H"", ""H"", ""H"", ""H"", ""H"", ""H"", ""H"", ""H"", ""H"", ""H"", ""H"", ""H"", ""H"", ""H"", ""H"", ""H"", ""O"", ""C"", ""O"", ""C"", ""C"", ""C"", ""C"", ""C"", ""C"", ""N"", ""C"", ""C"", ""C"", ""C"", ""C"", ""C"", ""C"", ""C"", ""C"", ""C"", ""Cl"", ""C"", ""Cl"", ""C"", ""C"", ""C"", ""H"", ""H"", ""H"", ""H"", ""H"", ""H"", ""H"", ""H"", ""H"", ""H"", ""H"", ""H"", ""H"", ""H"", ""H"", ""H"", ""H"", ""O"", ""C"", ""O"", ""C"", ""C"", ""C"", ""C"", ""C"", ""C"", ""N"", ""C"", ""C"", ""C"", ""C"", ""C"", ""C"", ""C"", ""C"", ""C"", ""C"", ""Cl"", ""C"", ""Cl"", ""C"", ""C"", ""C"", ""H"", ""H"", ""H"", ""H"", ""H"", ""H"", ""H"", ""H"", ""H"", ""H"", ""H"", ""H"", ""H"", ""H"", ""H"", ""H"", ""H""]",C84H68Cl8N4O8,"[true, true, true]","[17.15161646601652, 0.0, 0.0, 0.0, 18.200481252627668, 0.0, 3.6249950180218984, 0.0, 16.206985242333154]",5059.296884711363,[],"{""cutoff=6.000_skin=0.000"": 5348, ""cutoff=6.000_skin=0.500"": 6596}",0.0,,
OPT-RFT-XAFPAY172-R512-v1,16360d404e1cc8ec5ea026f69f45c1e0d210a4962a9adca338d6dcf7b609da30,OPT-RFT-XAFPAY172-R512-v1:0177,XAFPAY_C2_2_6359_z2_86,1381c1f707b6668cbae4f8482b8e5d9a4970a3f7cb623b151f655433f0dff22a,177,cross_family_test_set,XAFPAY/structures/XAFPAY_C2_2_6359_z2_86.cif,3a01cd992af1dfc48832738ea99dbf93bea9057eb120175700a78188ec773361,1381c1f707b6668cbae4f8482b8e5d9a4970a3f7cb623b151f655433f0dff22a,0,172,"[""O"", ""C"", ""O"", ""C"", ""C"", ""C"", ""C"", ""C"", ""C"", ""N"", ""C"", ""C"", ""C"", ""C"", ""C"", ""C"", ""C"", ""C"", ""C"", ""C"", ""Cl"", ""C"", ""Cl"", ""C"", ""C"", ""C"", ""H"", ""H"", ""H"", ""H"", ""H"", ""H"", ""H"", ""H"", ""H"", ""H"", ""H"", ""H"", ""H"", ""H"", ""H"", ""H"", ""H"", ""O"", ""C"", ""O"", ""C"", ""C"", ""C"", ""C"", ""C"", ""C"", ""N"", ""C"", ""C"", ""C"", ""C"", ""C"", ""C"", ""C"", ""C"", ""C"", ""C"", ""Cl"", ""C"", ""Cl"", ""C"", ""C"", ""C"", ""H"", ""H"", ""H"", ""H"", ""H"", ""H"", ""H"", ""H"", ""H"", ""H"", ""H"", ""H"", ""H"", ""H"", ""H"", ""H"", ""H"", ""O"", ""C"", ""O"", ""C"", ""C"", ""C"", ""C"", ""C"", ""C"", ""N"", ""C"", ""C"", ""C"", ""C"", ""C"", ""C"", ""C"", ""C"", ""C"", ""C"", ""Cl"", ""C"", ""Cl"", ""C"", ""C"", ""C"", ""H"", ""H"", ""H"", ""H"", ""H"", ""H"", ""H"", ""H"", ""H"", ""H"", ""H"", ""H"", ""H"", ""H"", ""H"", ""H"", ""H"", ""O"", ""C"", ""O"", ""C"", ""C"", ""C"", ""C"", ""C"", ""C"", ""N"", ""C"", ""C"", ""C"", ""C"", ""C"", ""C"", ""C"", ""C"", ""C"", ""C"", ""Cl"", ""C"", ""Cl"", ""C"", ""C"", ""C"", ""H"", ""H"", ""H"", ""H"", ""H"", ""H"", ""H"", ""H"", ""H"", ""H"", ""H"", ""H"", ""H"", ""H"", ""H"", ""H"", ""H""]",C84H68Cl8N4O8,"[true, true, true]","[17.23806696562081, 0.0, 0.0, -2.161493190433633, 14.772759157335429, 0.0, 10.447460811186698, 0.6758565708830414, 24.649688213894414]",6277.137058940803,[],"{""cutoff=6.000_skin=0.000"": 5352, ""cutoff=6.000_skin=0.500"": 6336}",0.0,,
OPT-RFT-XAFPAY172-R512-v1,16360d404e1cc8ec5ea026f69f45c1e0d210a4962a9adca338d6dcf7b609da30,OPT-RFT-XAFPAY172-R512-v1:0178,XAFPAY_C1_2_8894_z2_86,eb0722052b39563511481825702691e1a836cd24cd0348643d46c6a35df7584a,178,cross_family_test_set,XAFPAY/structures/XAFPAY_C1_2_8894_z2_86.cif,f48e031a8b7165c4a427487412a6c8829f30357699345118d9c01bb78a7f8f5d,eb0722052b39563511481825702691e1a836cd24cd0348643d46c6a35df7584a,0,172,"[""O"", ""C"", ""O"", ""C"", ""C"", ""C"", ""C"", ""C"", ""C"", ""N"", ""C"", ""C"", ""C"", ""C"", ""C"", ""C"", ""C"", ""C"", ""C"", ""C"", ""Cl"", ""C"", ""Cl"", ""C"", ""C"", ""C"", ""H"", ""H"", ""H"", ""H"", ""H"", ""H"", ""H"", ""H"", ""H"", ""H"", ""H"", ""H"", ""H"", ""H"", ""H"", ""H"", ""H"", ""O"", ""C"", ""O"", ""C"", ""C"", ""C"", ""C"", ""C"", ""C"", ""N"", ""C"", ""C"", ""C"", ""C"", ""C"", ""C"", ""C"", ""C"", ""C"", ""C"", ""Cl"", ""C"", ""Cl"", ""C"", ""C"", ""C"", ""H"", ""H"", ""H"", ""H"", ""H"", ""H"", ""H"", ""H"", ""H"", ""H"", ""H"", ""H"", ""H"", ""H"", ""H"", ""H"", ""H"", ""O"", ""C"", ""O"", ""C"", ""C"", ""C"", ""C"", ""C"", ""C"", ""N"", ""C"", ""C"", ""C"", ""C"", ""C"", ""C"", ""C"", ""C"", ""C"", ""C"", ""Cl"", ""C"", ""Cl"", ""C"", ""C"", ""C"", ""H"", ""H"", ""H"", ""H"", ""H"", ""H"", ""H"", ""H"", ""H"", ""H"", ""H"", ""H"", ""H"", ""H"", ""H"", ""H"", ""H"", ""O"", ""C"", ""O"", ""C"", ""C"", ""C"", ""C"", ""C"", ""C"", ""N"", ""C"", ""C"", ""C"", ""C"", ""C"", ""C"", ""C"", ""C"", ""C"", ""C"", ""Cl"", ""C"", ""Cl"", ""C"", ""C"", ""C"", ""H"", ""H"", ""H"", ""H"", ""H"", ""H"", ""H"", ""H"", ""H"", ""H"", ""H"", ""H"", ""H"", ""H"", ""H"", ""H"", ""H""]",C84H68Cl8N4O8,"[true, true, true]","[20.06827307809631, 0.0, 0.0, -10.386951583140421, 21.8629690661709, 0.0, -9.347856817518581, -0.10112622715795466, 11.770004144401458]",5164.113252870135,[],"{""cutoff=6.000_skin=0.000"": 5358, ""cutoff=6.000_skin=0.500"": 6614}",0.0,,
OPT-RFT-XAFPAY172-R512-v1,16360d404e1cc8ec5ea026f69f45c1e0d210a4962a9adca338d6dcf7b609da30,OPT-RFT-XAFPAY172-R512-v1:0179,XAFPAY_C3_14_518_z1_43,4201ca14d1fd972ac6fdcd9c80f3ba3996f451b7a17a4ddbb9bcb42fc51cbb1a,179,cross_family_test_set,XAFPAY/structures/XAFPAY_C3_14_518_z1_43.cif,f5b111582b827f0220121b2f84ab3a06c2c3e2c6c8e8489f4def79d851fc7395,4201ca14d1fd972ac6fdcd9c80f3ba3996f451b7a17a4ddbb9bcb42fc51cbb1a,0,172,"[""O"", ""C"", ""O"", ""C"", ""C"", ""C"", ""C"", ""C"", ""C"", ""N"", ""C"", ""C"", ""C"", ""C"", ""C"", ""C"", ""C"", ""C"", ""C"", ""C"", ""Cl"", ""C"", ""Cl"", ""C"", ""C"", ""C"", ""H"", ""H"", ""H"", ""H"", ""H"", ""H"", ""H"", ""H"", ""H"", ""H"", ""H"", ""H"", ""H"", ""H"", ""H"", ""H"", ""H"", ""O"", ""C"", ""O"", ""C"", ""C"", ""C"", ""C"", ""C"", ""C"", ""N"", ""C"", ""C"", ""C"", ""C"", ""C"", ""C"", ""C"", ""C"", ""C"", ""C"", ""Cl"", ""C"", ""Cl"", ""C"", ""C"", ""C"", ""H"", ""H"", ""H"", ""H"", ""H"", ""H"", ""H"", ""H"", ""H"", ""H"", ""H"", ""H"", ""H"", ""H"", ""H"", ""H"", ""H"", ""O"", ""C"", ""O"", ""C"", ""C"", ""C"", ""C"", ""C"", ""C"", ""N"", ""C"", ""C"", ""C"", ""C"", ""C"", ""C"", ""C"", ""C"", ""C"", ""C"", ""Cl"", ""C"", ""Cl"", ""C"", ""C"", ""C"", ""H"", ""H"", ""H"", ""H"", ""H"", ""H"", ""H"", ""H"", ""H"", ""H"", ""H"", ""H"", ""H"", ""H"", ""H"", ""H"", ""H"", ""O"", ""C"", ""O"", ""C"", ""C"", ""C"", ""C"", ""C"", ""C"", ""N"", ""C"", ""C"", ""C"", ""C"", ""C"", ""C"", ""C"", ""C"", ""C"", ""C"", ""Cl"", ""C"", ""Cl"", ""C"", ""C"", ""C"", ""H"", ""H"", ""H"", ""H"", ""H"", ""H"", ""H"", ""H"", ""H"", ""H"", ""H"", ""H"", ""H"", ""H"", ""H"", ""H"", ""H""]",C84H68Cl8N4O8,"[true, true, true]","[17.332941059200408, 0.0, 0.0, 0.0, 16.76674951245977, 0.0, -4.229264386748055, 0.0, 16.616074425326246]",4828.915048061714,[],"{""cutoff=6.000_skin=0.000"": 5360, ""cutoff=6.000_skin=0.500"": 6516}",0.0,,
OPT-RFT-XAFPAY172-R512-v1,16360d404e1cc8ec5ea026f69f45c1e0d210a4962a9adca338d6dcf7b609da30,OPT-RFT-XAFPAY172-R512-v1:0180,XAFPAY_C3_2_12995_z2_86,95bd115a5f5a747cc9516fc65b9a26f5a0095ae701818962aac0e52a2e825ad3,180,cross_family_test_set,XAFPAY/structures/XAFPAY_C3_2_12995_z2_86.cif,60201530a16f17918ad683ab14614299105cefcab66d884c03cd50bccda7622a,95bd115a5f5a747cc9516fc65b9a26f5a0095ae701818962aac0e52a2e825ad3,0,172,"[""O"", ""C"", ""O"", ""C"", ""C"", ""C"", ""C"", ""C"", ""C"", ""N"", ""C"", ""C"", ""C"", ""C"", ""C"", ""C"", ""C"", ""C"", ""C"", ""C"", ""Cl"", ""C"", ""Cl"", ""C"", ""C"", ""C"", ""H"", ""H"", ""H"", ""H"", ""H"", ""H"", ""H"", ""H"", ""H"", ""H"", ""H"", ""H"", ""H"", ""H"", ""H"", ""H"", ""H"", ""O"", ""C"", ""O"", ""C"", ""C"", ""C"", ""C"", ""C"", ""C"", ""N"", ""C"", ""C"", ""C"", ""C"", ""C"", ""C"", ""C"", ""C"", ""C"", ""C"", ""Cl"", ""C"", ""Cl"", ""C"", ""C"", ""C"", ""H"", ""H"", ""H"", ""H"", ""H"", ""H"", ""H"", ""H"", ""H"", ""H"", ""H"", ""H"", ""H"", ""H"", ""H"", ""H"", ""H"", ""O"", ""C"", ""O"", ""C"", ""C"", ""C"", ""C"", ""C"", ""C"", ""N"", ""C"", ""C"", ""C"", ""C"", ""C"", ""C"", ""C"", ""C"", ""C"", ""C"", ""Cl"", ""C"", ""Cl"", ""C"", ""C"", ""C"", ""H"", ""H"", ""H"", ""H"", ""H"", ""H"", ""H"", ""H"", ""H"", ""H"", ""H"", ""H"", ""H"", ""H"", ""H"", ""H"", ""H"", ""O"", ""C"", ""O"", ""C"", ""C"", ""C"", ""C"", ""C"", ""C"", ""N"", ""C"", ""C"", ""C"", ""C"", ""C"", ""C"", ""C"", ""C"", ""C"", ""C"", ""Cl"", ""C"", ""Cl"", ""C"", ""C"", ""C"", ""H"", ""H"", ""H"", ""H"", ""H"", ""H"", ""H"", ""H"", ""H"", ""H"", ""H"", ""H"", ""H"", ""H"", ""H"", ""H"", ""H""]",C84H68Cl8N4O8,"[true, true, true]","[24.500660759316617, 0.0, 0.0, 9.662004454957458, 24.1197549116988, 0.0, -16.178542131658215, 16.44828216842959, 8.643530224903701]",5107.893604605572,[],"{""cutoff=6.000_skin=0.000"": 5366, ""cutoff=6.000_skin=0.500"": 6784}",0.0,,
OPT-RFT-XAFPAY172-R512-v1,16360d404e1cc8ec5ea026f69f45c1e0d210a4962a9adca338d6dcf7b609da30,OPT-RFT-XAFPAY172-R512-v1:0181,XAFPAY_C2_2_10435_z2_86,abb70cb64c2864e202d9b85ce6e439578b930dfea07bd0c607ee5270f28dc778,181,cross_family_test_set,XAFPAY/structures/XAFPAY_C2_2_10435_z2_86.cif,50dba1b829dbc594e44a33300fcac7bb251b70e7f11a7cf9986f931ccb6d042a,abb70cb64c2864e202d9b85ce6e439578b930dfea07bd0c607ee5270f28dc778,0,172,"[""O"", ""C"", ""O"", ""C"", ""C"", ""C"", ""C"", ""C"", ""C"", ""N"", ""C"", ""C"", ""C"", ""C"", ""C"", ""C"", ""C"", ""C"", ""C"", ""C"", ""Cl"", ""C"", ""Cl"", ""C"", ""C"", ""C"", ""H"", ""H"", ""H"", ""H"", ""H"", ""H"", ""H"", ""H"", ""H"", ""H"", ""H"", ""H"", ""H"", ""H"", ""H"", ""H"", ""H"", ""O"", ""C"", ""O"", ""C"", ""C"", ""C"", ""C"", ""C"", ""C"", ""N"", ""C"", ""C"", ""C"", ""C"", ""C"", ""C"", ""C"", ""C"", ""C"", ""C"", ""Cl"", ""C"", ""Cl"", ""C"", ""C"", ""C"", ""H"", ""H"", ""H"", ""H"", ""H"", ""H"", ""H"", ""H"", ""H"", ""H"", ""H"", ""H"", ""H"", ""H"", ""H"", ""H"", ""H"", ""O"", ""C"", ""O"", ""C"", ""C"", ""C"", ""C"", ""C"", ""C"", ""N"", ""C"", ""C"", ""C"", ""C"", ""C"", ""C"", ""C"", ""C"", ""C"", ""C"", ""Cl"", ""C"", ""Cl"", ""C"", ""C"", ""C"", ""H"", ""H"", ""H"", ""H"", ""H"", ""H"", ""H"", ""H"", ""H"", ""H"", ""H"", ""H"", ""H"", ""H"", ""H"", ""H"", ""H"", ""O"", ""C"", ""O"", ""C"", ""C"", ""C"", ""C"", ""C"", ""C"", ""N"", ""C"", ""C"", ""C"", ""C"", ""C"", ""C"", ""C"", ""C"", ""C"", ""C"", ""Cl"", ""C"", ""Cl"", ""C"", ""C"", ""C"", ""H"", ""H"", ""H"", ""H"", ""H"", ""H"", ""H"", ""H"", ""H"", ""H"", ""H"", ""H"", ""H"", ""H"", ""H"", ""H"", ""H""]",C84H68Cl8N4O8,"[true, true, true]","[27.183626419379536, 0.0, 0.0, -6.888821674091997, 15.223112039640137, 0.0, 5.127425591572104, 3.501870251656303, 19.597202663676523]",8109.7024642556025,[],"{""cutoff=6.000_skin=0.000"": 5368, ""cutoff=6.000_skin=0.500"": 6456}",0.0,,
OPT-RFT-XAFPAY172-R512-v1,16360d404e1cc8ec5ea026f69f45c1e0d210a4962a9adca338d6dcf7b609da30,OPT-RFT-XAFPAY172-R512-v1:0182,XAFPAY_C2_2_12705_z2_86,de75244b0f84f1bfae1cb496a639cd482f4d6012fbe9c399ac1628f19327162c,182,cross_family_test_set,XAFPAY/structures/XAFPAY_C2_2_12705_z2_86.cif,30484176e518614a91a4febb43663ed9f117f86a7d770bc159041716aa537694,de75244b0f84f1bfae1cb496a639cd482f4d6012fbe9c399ac1628f19327162c,0,172,"[""O"", ""C"", ""O"", ""C"", ""C"", ""C"", ""C"", ""C"", ""C"", ""N"", ""C"", ""C"", ""C"", ""C"", ""C"", ""C"", ""C"", ""C"", ""C"", ""C"", ""Cl"", ""C"", ""Cl"", ""C"", ""C"", ""C"", ""H"", ""H"", ""H"", ""H"", ""H"", ""H"", ""H"", ""H"", ""H"", ""H"", ""H"", ""H"", ""H"", ""H"", ""H"", ""H"", ""H"", ""O"", ""C"", ""O"", ""C"", ""C"", ""C"", ""C"", ""C"", ""C"", ""N"", ""C"", ""C"", ""C"", ""C"", ""C"", ""C"", ""C"", ""C"", ""C"", ""C"", ""Cl"", ""C"", ""Cl"", ""C"", ""C"", ""C"", ""H"", ""H"", ""H"", ""H"", ""H"", ""H"", ""H"", ""H"", ""H"", ""H"", ""H"", ""H"", ""H"", ""H"", ""H"", ""H"", ""H"", ""O"", ""C"", ""O"", ""C"", ""C"", ""C"", ""C"", ""C"", ""C"", ""N"", ""C"", ""C"", ""C"", ""C"", ""C"", ""C"", ""C"", ""C"", ""C"", ""C"", ""Cl"", ""C"", ""Cl"", ""C"", ""C"", ""C"", ""H"", ""H"", ""H"", ""H"", ""H"", ""H"", ""H"", ""H"", ""H"", ""H"", ""H"", ""H"", ""H"", ""H"", ""H"", ""H"", ""H"", ""O"", ""C"", ""O"", ""C"", ""C"", ""C"", ""C"", ""C"", ""C"", ""N"", ""C"", ""C"", ""C"", ""C"", ""C"", ""C"", ""C"", ""C"", ""C"", ""C"", ""Cl"", ""C"", ""Cl"", ""C"", ""C"", ""C"", ""H"", ""H"", ""H"", ""H"", ""H"", ""H"", ""H"", ""H"", ""H"", ""H"", ""H"", ""H"", ""H"", ""H"", ""H"", ""H"", ""H""]",C84H68Cl8N4O8,"[true, true, true]","[31.63673021941021, 0.0, 0.0, 3.725418427885981, 16.403112957007743, 0.0, -5.159119363953941, -0.9267867678708254, 14.443660267415861]",7495.405471756385,[],"{""cutoff=6.000_skin=0.000"": 5372, ""cutoff=6.000_skin=0.500"": 6198}",0.0,,
OPT-RFT-XAFPAY172-R512-v1,16360d404e1cc8ec5ea026f69f45c1e0d210a4962a9adca338d6dcf7b609da30,OPT-RFT-XAFPAY172-R512-v1:0183,XAFPAY_C4_14_1546_z1_43,8580bf0d61756f34a4fef6dd637652c9a95851cd84a12cd7abcd6e54cf32a7ad,183,cross_family_test_set,XAFPAY/structures/XAFPAY_C4_14_1546_z1_43.cif,f946b9070a00a9eb65cf9cdf17c97b306d4482cb8bf94d08d61ccce4bd24a07f,8580bf0d61756f34a4fef6dd637652c9a95851cd84a12cd7abcd6e54cf32a7ad,0,172,"[""O"", ""C"", ""O"", ""C"", ""C"", ""C"", ""C"", ""C"", ""C"", ""N"", ""C"", ""C"", ""C"", ""C"", ""C"", ""C"", ""C"", ""C"", ""C"", ""C"", ""Cl"", ""C"", ""Cl"", ""C"", ""C"", ""C"", ""H"", ""H"", ""H"", ""H"", ""H"", ""H"", ""H"", ""H"", ""H"", ""H"", ""H"", ""H"", ""H"", ""H"", ""H"", ""H"", ""H"", ""O"", ""C"", ""O"", ""C"", ""C"", ""C"", ""C"", ""C"", ""C"", ""N"", ""C"", ""C"", ""C"", ""C"", ""C"", ""C"", ""C"", ""C"", ""C"", ""C"", ""Cl"", ""C"", ""Cl"", ""C"", ""C"", ""C"", ""H"", ""H"", ""H"", ""H"", ""H"", ""H"", ""H"", ""H"", ""H"", ""H"", ""H"", ""H"", ""H"", ""H"", ""H"", ""H"", ""H"", ""O"", ""C"", ""O"", ""C"", ""C"", ""C"", ""C"", ""C"", ""C"", ""N"", ""C"", ""C"", ""C"", ""C"", ""C"", ""C"", ""C"", ""C"", ""C"", ""C"", ""Cl"", ""C"", ""Cl"", ""C"", ""C"", ""C"", ""H"", ""H"", ""H"", ""H"", ""H"", ""H"", ""H"", ""H"", ""H"", ""H"", ""H"", ""H"", ""H"", ""H"", ""H"", ""H"", ""H"", ""O"", ""C"", ""O"", ""C"", ""C"", ""C"", ""C"", ""C"", ""C"", ""N"", ""C"", ""C"", ""C"", ""C"", ""C"", ""C"", ""C"", ""C"", ""C"", ""C"", ""Cl"", ""C"", ""Cl"", ""C"", ""C"", ""C"", ""H"", ""H"", ""H"", ""H"", ""H"", ""H"", ""H"", ""H"", ""H"", ""H"", ""H"", ""H"", ""H"", ""H"", ""H"", ""H"", ""H""]",C84H68Cl8N4O8,"[true, true, true]","[8.602240230500804, 0.0, 0.0, 0.0, 36.34195310990327, 0.0, 3.932739180056965, 0.0, 21.76080012947101]",6802.9094517147505,[],"{""cutoff=6.000_skin=0.000"": 5372, ""cutoff=6.000_skin=0.500"": 6632}",0.0,,
OPT-RFT-XAFPAY172-R512-v1,16360d404e1cc8ec5ea026f69f45c1e0d210a4962a9adca338d6dcf7b609da30,OPT-RFT-XAFPAY172-R512-v1:0184,XAFPAY_C4_14_1283_z1_43,8d6ce301725b26ae6b56b04e23b7cf60f79a68d363d27ce97bfbd6dbb4726c01,184,cross_family_test_set,XAFPAY/structures/XAFPAY_C4_14_1283_z1_43.cif,a08eb5efe09cc96b02201d389971c6f55f3e3b4f7b56a4f3e6d744ea8d971105,8d6ce301725b26ae6b56b04e23b7cf60f79a68d363d27ce97bfbd6dbb4726c01,0,172,"[""O"", ""C"", ""O"", ""C"", ""C"", ""C"", ""C"", ""C"", ""C"", ""N"", ""C"", ""C"", ""C"", ""C"", ""C"", ""C"", ""C"", ""C"", ""C"", ""C"", ""Cl"", ""C"", ""Cl"", ""C"", ""C"", ""C"", ""H"", ""H"", ""H"", ""H"", ""H"", ""H"", ""H"", ""H"", ""H"", ""H"", ""H"", ""H"", ""H"", ""H"", ""H"", ""H"", ""H"", ""O"", ""C"", ""O"", ""C"", ""C"", ""C"", ""C"", ""C"", ""C"", ""N"", ""C"", ""C"", ""C"", ""C"", ""C"", ""C"", ""C"", ""C"", ""C"", ""C"", ""Cl"", ""C"", ""Cl"", ""C"", ""C"", ""C"", ""H"", ""H"", ""H"", ""H"", ""H"", ""H"", ""H"", ""H"", ""H"", ""H"", ""H"", ""H"", ""H"", ""H"", ""H"", ""H"", ""H"", ""O"", ""C"", ""O"", ""C"", ""C"", ""C"", ""C"", ""C"", ""C"", ""N"", ""C"", ""C"", ""C"", ""C"", ""C"", ""C"", ""C"", ""C"", ""C"", ""C"", ""Cl"", ""C"", ""Cl"", ""C"", ""C"", ""C"", ""H"", ""H"", ""H"", ""H"", ""H"", ""H"", ""H"", ""H"", ""H"", ""H"", ""H"", ""H"", ""H"", ""H"", ""H"", ""H"", ""H"", ""O"", ""C"", ""O"", ""C"", ""C"", ""C"", ""C"", ""C"", ""C"", ""N"", ""C"", ""C"", ""C"", ""C"", ""C"", ""C"", ""C"", ""C"", ""C"", ""C"", ""Cl"", ""C"", ""Cl"", ""C"", ""C"", ""C"", ""H"", ""H"", ""H"", ""H"", ""H"", ""H"", ""H"", ""H"", ""H"", ""H"", ""H"", ""H"", ""H"", ""H"", ""H"", ""H"", ""H""]",C84H68Cl8N4O8,"[true, true, true]","[15.257410466244963, 0.0, 0.0, 0.0, 19.76278624314604, 0.0, -0.7540446817541312, 0.0, 15.303670913882524]",4614.499694303531,[],"{""cutoff=6.000_skin=0.000"": 5376, ""cutoff=6.000_skin=0.500"": 7016}",0.0,,
OPT-RFT-XAFPAY172-R512-v1,16360d404e1cc8ec5ea026f69f45c1e0d210a4962a9adca338d6dcf7b609da30,OPT-RFT-XAFPAY172-R512-v1:0185,XAFPAY_C2_2_6009_z2_86,94be377f26c952fbce8be5862e7fe4bcc424bb9c4ac21da35d92f812b4baefb6,185,cross_family_test_set,XAFPAY/structures/XAFPAY_C2_2_6009_z2_86.cif,034da3004891df9c26e2fa3462bff1881cb4cb61129daceed8ba49610974259e,94be377f26c952fbce8be5862e7fe4bcc424bb9c4ac21da35d92f812b4baefb6,0,172,"[""O"", ""C"", ""O"", ""C"", ""C"", ""C"", ""C"", ""C"", ""C"", ""N"", ""C"", ""C"", ""C"", ""C"", ""C"", ""C"", ""C"", ""C"", ""C"", ""C"", ""Cl"", ""C"", ""Cl"", ""C"", ""C"", ""C"", ""H"", ""H"", ""H"", ""H"", ""H"", ""H"", ""H"", ""H"", ""H"", ""H"", ""H"", ""H"", ""H"", ""H"", ""H"", ""H"", ""H"", ""O"", ""C"", ""O"", ""C"", ""C"", ""C"", ""C"", ""C"", ""C"", ""N"", ""C"", ""C"", ""C"", ""C"", ""C"", ""C"", ""C"", ""C"", ""C"", ""C"", ""Cl"", ""C"", ""Cl"", ""C"", ""C"", ""C"", ""H"", ""H"", ""H"", ""H"", ""H"", ""H"", ""H"", ""H"", ""H"", ""H"", ""H"", ""H"", ""H"", ""H"", ""H"", ""H"", ""H"", ""O"", ""C"", ""O"", ""C"", ""C"", ""C"", ""C"", ""C"", ""C"", ""N"", ""C"", ""C"", ""C"", ""C"", ""C"", ""C"", ""C"", ""C"", ""C"", ""C"", ""Cl"", ""C"", ""Cl"", ""C"", ""C"", ""C"", ""H"", ""H"", ""H"", ""H"", ""H"", ""H"", ""H"", ""H"", ""H"", ""H"", ""H"", ""H"", ""H"", ""H"", ""H"", ""H"", ""H"", ""O"", ""C"", ""O"", ""C"", ""C"", ""C"", ""C"", ""C"", ""C"", ""N"", ""C"", ""C"", ""C"", ""C"", ""C"", ""C"", ""C"", ""C"", ""C"", ""C"", ""Cl"", ""C"", ""Cl"", ""C"", ""C"", ""C"", ""H"", ""H"", ""H"", ""H"", ""H"", ""H"", ""H"", ""H"", ""H"", ""H"", ""H"", ""H"", ""H"", ""H"", ""H"", ""H"", ""H""]",C84H68Cl8N4O8,"[true, true, true]","[27.729553399053202, 0.0, 0.0, 6.852617717783647, 13.376556891252562, 0.0, 0.9655329717868759, 4.373309366499593, 18.45007100078183]",6843.610087913807,[],"{""cutoff=6.000_skin=0.000"": 5380, ""cutoff=6.000_skin=0.500"": 6404}",0.0,,
OPT-RFT-XAFPAY172-R512-v1,16360d404e1cc8ec5ea026f69f45c1e0d210a4962a9adca338d6dcf7b609da30,OPT-RFT-XAFPAY172-R512-v1:0186,XAFPAY_C4_2_4140_z2_86,dbe996e4761a1229c1685452c6acfa22cb29757947e18bf859b1f9191c867f2a,186,cross_family_test_set,XAFPAY/structures/XAFPAY_C4_2_4140_z2_86.cif,9e7d1182217e8f4848d8e37627ece953642da17cf91e9eda7e9d2a6003049dc7,dbe996e4761a1229c1685452c6acfa22cb29757947e18bf859b1f9191c867f2a,0,172,"[""O"", ""C"", ""O"", ""C"", ""C"", ""C"", ""C"", ""C"", ""C"", ""N"", ""C"", ""C"", ""C"", ""C"", ""C"", ""C"", ""C"", ""C"", ""C"", ""C"", ""Cl"", ""C"", ""Cl"", ""C"", ""C"", ""C"", ""H"", ""H"", ""H"", ""H"", ""H"", ""H"", ""H"", ""H"", ""H"", ""H"", ""H"", ""H"", ""H"", ""H"", ""H"", ""H"", ""H"", ""O"", ""C"", ""O"", ""C"", ""C"", ""C"", ""C"", ""C"", ""C"", ""N"", ""C"", ""C"", ""C"", ""C"", ""C"", ""C"", ""C"", ""C"", ""C"", ""C"", ""Cl"", ""C"", ""Cl"", ""C"", ""C"", ""C"", ""H"", ""H"", ""H"", ""H"", ""H"", ""H"", ""H"", ""H"", ""H"", ""H"", ""H"", ""H"", ""H"", ""H"", ""H"", ""H"", ""H"", ""O"", ""C"", ""O"", ""C"", ""C"", ""C"", ""C"", ""C"", ""C"", ""N"", ""C"", ""C"", ""C"", ""C"", ""C"", ""C"", ""C"", ""C"", ""C"", ""C"", ""Cl"", ""C"", ""Cl"", ""C"", ""C"", ""C"", ""H"", ""H"", ""H"", ""H"", ""H"", ""H"", ""H"", ""H"", ""H"", ""H"", ""H"", ""H"", ""H"", ""H"", ""H"", ""H"", ""H"", ""O"", ""C"", ""O"", ""C"", ""C"", ""C"", ""C"", ""C"", ""C"", ""N"", ""C"", ""C"", ""C"", ""C"", ""C"", ""C"", ""C"", ""C"", ""C"", ""C"", ""Cl"", ""C"", ""Cl"", ""C"", ""C"", ""C"", ""H"", ""H"", ""H"", ""H"", ""H"", ""H"", ""H"", ""H"", ""H"", ""H"", ""H"", ""H"", ""H"", ""H"", ""H"", ""H"", ""H""]",C84H68Cl8N4O8,"[true, true, true]","[17.457572636915586, 0.0, 0.0, -2.716545251310783, 19.713589542533715, 0.0, -4.610739223561039, 1.1043558960923838, 18.43011726476707]",6342.751052742894,[],"{""cutoff=6.000_skin=0.000"": 5380, ""cutoff=6.000_skin=0.500"": 6572}",0.0,,
OPT-RFT-XAFPAY172-R512-v1,16360d404e1cc8ec5ea026f69f45c1e0d210a4962a9adca338d6dcf7b609da30,OPT-RFT-XAFPAY172-R512-v1:0187,XAFPAY_C2_2_23195_z2_86,0e19086138fdad39bf5c3006fb5e653ba24ae36f2af1c3dfae69d041fe87d866,187,cross_family_test_set,XAFPAY/structures/XAFPAY_C2_2_23195_z2_86.cif,cd16c4d3ecaef0972853bb9fab1f5aecfcacda4a3cb2646aaf842f3bdd40cceb,0e19086138fdad39bf5c3006fb5e653ba24ae36f2af1c3dfae69d041fe87d866,0,172,"[""O"", ""C"", ""O"", ""C"", ""C"", ""C"", ""C"", ""C"", ""C"", ""N"", ""C"", ""C"", ""C"", ""C"", ""C"", ""C"", ""C"", ""C"", ""C"", ""C"", ""Cl"", ""C"", ""Cl"", ""C"", ""C"", ""C"", ""H"", ""H"", ""H"", ""H"", ""H"", ""H"", ""H"", ""H"", ""H"", ""H"", ""H"", ""H"", ""H"", ""H"", ""H"", ""H"", ""H"", ""O"", ""C"", ""O"", ""C"", ""C"", ""C"", ""C"", ""C"", ""C"", ""N"", ""C"", ""C"", ""C"", ""C"", ""C"", ""C"", ""C"", ""C"", ""C"", ""C"", ""Cl"", ""C"", ""Cl"", ""C"", ""C"", ""C"", ""H"", ""H"", ""H"", ""H"", ""H"", ""H"", ""H"", ""H"", ""H"", ""H"", ""H"", ""H"", ""H"", ""H"", ""H"", ""H"", ""H"", ""O"", ""C"", ""O"", ""C"", ""C"", ""C"", ""C"", ""C"", ""C"", ""N"", ""C"", ""C"", ""C"", ""C"", ""C"", ""C"", ""C"", ""C"", ""C"", ""C"", ""Cl"", ""C"", ""Cl"", ""C"", ""C"", ""C"", ""H"", ""H"", ""H"", ""H"", ""H"", ""H"", ""H"", ""H"", ""H"", ""H"", ""H"", ""H"", ""H"", ""H"", ""H"", ""H"", ""H"", ""O"", ""C"", ""O"", ""C"", ""C"", ""C"", ""C"", ""C"", ""C"", ""N"", ""C"", ""C"", ""C"", ""C"", ""C"", ""C"", ""C"", ""C"", ""C"", ""C"", ""Cl"", ""C"", ""Cl"", ""C"", ""C"", ""C"", ""H"", ""H"", ""H"", ""H"", ""H"", ""H"", ""H"", ""H"", ""H"", ""H"", ""H"", ""H"", ""H"", ""H"", ""H"", ""H"", ""H""]",C84H68Cl8N4O8,"[true, true, true]","[20.264315304558828, 0.0, 0.0, 1.1485713463322142, 13.508903564278013, 0.0, -0.6762720946213501, -2.944608319568999, 19.155992150358557]",5243.927589108047,[],"{""cutoff=6.000_skin=0.000"": 5386, ""cutoff=6.000_skin=0.500"": 6602}",0.0,,
OPT-RFT-XAFPAY172-R512-v1,16360d404e1cc8ec5ea026f69f45c1e0d210a4962a9adca338d6dcf7b609da30,OPT-RFT-XAFPAY172-R512-v1:0188,XAFPAY_C2_14_5345_z1_43,1669ee9bad52e660c3a3220b4d220c1daec17600f825d257c777a62af5c0a8f0,188,cross_family_test_set,XAFPAY/structures/XAFPAY_C2_14_5345_z1_43.cif,c4b6dc2c9b89d9834d9372f1af2535ea09ad23e5c53c188cefd6906966ddc465,1669ee9bad52e660c3a3220b4d220c1daec17600f825d257c777a62af5c0a8f0,0,172,"[""O"", ""C"", ""O"", ""C"", ""C"", ""C"", ""C"", ""C"", ""C"", ""N"", ""C"", ""C"", ""C"", ""C"", ""C"", ""C"", ""C"", ""C"", ""C"", ""C"", ""Cl"", ""C"", ""Cl"", ""C"", ""C"", ""C"", ""H"", ""H"", ""H"", ""H"", ""H"", ""H"", ""H"", ""H"", ""H"", ""H"", ""H"", ""H"", ""H"", ""H"", ""H"", ""H"", ""H"", ""O"", ""C"", ""O"", ""C"", ""C"", ""C"", ""C"", ""C"", ""C"", ""N"", ""C"", ""C"", ""C"", ""C"", ""C"", ""C"", ""C"", ""C"", ""C"", ""C"", ""Cl"", ""C"", ""Cl"", ""C"", ""C"", ""C"", ""H"", ""H"", ""H"", ""H"", ""H"", ""H"", ""H"", ""H"", ""H"", ""H"", ""H"", ""H"", ""H"", ""H"", ""H"", ""H"", ""H"", ""O"", ""C"", ""O"", ""C"", ""C"", ""C"", ""C"", ""C"", ""C"", ""N"", ""C"", ""C"", ""C"", ""C"", ""C"", ""C"", ""C"", ""C"", ""C"", ""C"", ""Cl"", ""C"", ""Cl"", ""C"", ""C"", ""C"", ""H"", ""H"", ""H"", ""H"", ""H"", ""H"", ""H"", ""H"", ""H"", ""H"", ""H"", ""H"", ""H"", ""H"", ""H"", ""H"", ""H"", ""O"", ""C"", ""O"", ""C"", ""C"", ""C"", ""C"", ""C"", ""C"", ""N"", ""C"", ""C"", ""C"", ""C"", ""C"", ""C"", ""C"", ""C"", ""C"", ""C"", ""Cl"", ""C"", ""Cl"", ""C"", ""C"", ""C"", ""H"", ""H"", ""H"", ""H"", ""H"", ""H"", ""H"", ""H"", ""H"", ""H"", ""H"", ""H"", ""H"", ""H"", ""H"", ""H"", ""H""]",C84H68Cl8N4O8,"[true, true, true]","[19.445339059880013, 0.0, 0.0, 0.0, 11.613531969378538, 0.0, 3.6505361373947727, 0.0, 26.271539871721277]",5932.87733334759,[],"{""cutoff=6.000_skin=0.000"": 5392, ""cutoff=6.000_skin=0.500"": 6252}",0.0,,
OPT-RFT-XAFPAY172-R512-v1,16360d404e1cc8ec5ea026f69f45c1e0d210a4962a9adca338d6dcf7b609da30,OPT-RFT-XAFPAY172-R512-v1:0189,XAFPAY_C4_2_13843_z2_86,c30f8b6afde0dc3c17661ff7598f8873cccb584c3829db3a49153f17402f2224,189,cross_family_test_set,XAFPAY/structures/XAFPAY_C4_2_13843_z2_86.cif,9daed39a8b985dbaa9956fcd366130abdd3d032a782f028e9ada22d2a6ab3822,c30f8b6afde0dc3c17661ff7598f8873cccb584c3829db3a49153f17402f2224,0,172,"[""O"", ""C"", ""O"", ""C"", ""C"", ""C"", ""C"", ""C"", ""C"", ""N"", ""C"", ""C"", ""C"", ""C"", ""C"", ""C"", ""C"", ""C"", ""C"", ""C"", ""Cl"", ""C"", ""Cl"", ""C"", ""C"", ""C"", ""H"", ""H"", ""H"", ""H"", ""H"", ""H"", ""H"", ""H"", ""H"", ""H"", ""H"", ""H"", ""H"", ""H"", ""H"", ""H"", ""H"", ""O"", ""C"", ""O"", ""C"", ""C"", ""C"", ""C"", ""C"", ""C"", ""N"", ""C"", ""C"", ""C"", ""C"", ""C"", ""C"", ""C"", ""C"", ""C"", ""C"", ""Cl"", ""C"", ""Cl"", ""C"", ""C"", ""C"", ""H"", ""H"", ""H"", ""H"", ""H"", ""H"", ""H"", ""H"", ""H"", ""H"", ""H"", ""H"", ""H"", ""H"", ""H"", ""H"", ""H"", ""O"", ""C"", ""O"", ""C"", ""C"", ""C"", ""C"", ""C"", ""C"", ""N"", ""C"", ""C"", ""C"", ""C"", ""C"", ""C"", ""C"", ""C"", ""C"", ""C"", ""Cl"", ""C"", ""Cl"", ""C"", ""C"", ""C"", ""H"", ""H"", ""H"", ""H"", ""H"", ""H"", ""H"", ""H"", ""H"", ""H"", ""H"", ""H"", ""H"", ""H"", ""H"", ""H"", ""H"", ""O"", ""C"", ""O"", ""C"", ""C"", ""C"", ""C"", ""C"", ""C"", ""N"", ""C"", ""C"", ""C"", ""C"", ""C"", ""C"", ""C"", ""C"", ""C"", ""C"", ""Cl"", ""C"", ""Cl"", ""C"", ""C"", ""C"", ""H"", ""H"", ""H"", ""H"", ""H"", ""H"", ""H"", ""H"", ""H"", ""H"", ""H"", ""H"", ""H"", ""H"", ""H"", ""H"", ""H""]",C84H68Cl8N4O8,"[true, true, true]","[16.573318369770035, 0.0, 0.0, 0.005153088219924253, 15.359613480331442, 0.0, -6.569082798438694, -11.466086276413423, 24.743003526552823]",6298.5731444608155,[],"{""cutoff=6.000_skin=0.000"": 5398, ""cutoff=6.000_skin=0.500"": 6614}",0.0,,
OPT-RFT-XAFPAY172-R512-v1,16360d404e1cc8ec5ea026f69f45c1e0d210a4962a9adca338d6dcf7b609da30,OPT-RFT-XAFPAY172-R512-v1:0190,XAFPAY_C2_2_15320_z2_86,cb68f754bb026f0d67ed2098cf4ff751daa7c5a459577f8a9fdfaaafd88377be,190,cross_family_test_set,XAFPAY/structures/XAFPAY_C2_2_15320_z2_86.cif,dce5a8efc6cd59b84cbf1a5196fa72b870c54c639fe6f36636085f41213094bc,cb68f754bb026f0d67ed2098cf4ff751daa7c5a459577f8a9fdfaaafd88377be,0,172,"[""O"", ""C"", ""O"", ""C"", ""C"", ""C"", ""C"", ""C"", ""C"", ""N"", ""C"", ""C"", ""C"", ""C"", ""C"", ""C"", ""C"", ""C"", ""C"", ""C"", ""Cl"", ""C"", ""Cl"", ""C"", ""C"", ""C"", ""H"", ""H"", ""H"", ""H"", ""H"", ""H"", ""H"", ""H"", ""H"", ""H"", ""H"", ""H"", ""H"", ""H"", ""H"", ""H"", ""H"", ""O"", ""C"", ""O"", ""C"", ""C"", ""C"", ""C"", ""C"", ""C"", ""N"", ""C"", ""C"", ""C"", ""C"", ""C"", ""C"", ""C"", ""C"", ""C"", ""C"", ""Cl"", ""C"", ""Cl"", ""C"", ""C"", ""C"", ""H"", ""H"", ""H"", ""H"", ""H"", ""H"", ""H"", ""H"", ""H"", ""H"", ""H"", ""H"", ""H"", ""H"", ""H"", ""H"", ""H"", ""O"", ""C"", ""O"", ""C"", ""C"", ""C"", ""C"", ""C"", ""C"", ""N"", ""C"", ""C"", ""C"", ""C"", ""C"", ""C"", ""C"", ""C"", ""C"", ""C"", ""Cl"", ""C"", ""Cl"", ""C"", ""C"", ""C"", ""H"", ""H"", ""H"", ""H"", ""H"", ""H"", ""H"", ""H"", ""H"", ""H"", ""H"", ""H"", ""H"", ""H"", ""H"", ""H"", ""H"", ""O"", ""C"", ""O"", ""C"", ""C"", ""C"", ""C"", ""C"", ""C"", ""N"", ""C"", ""C"", ""C"", ""C"", ""C"", ""C"", ""C"", ""C"", ""C"", ""C"", ""Cl"", ""C"", ""Cl"", ""C"", ""C"", ""C"", ""H"", ""H"", ""H"", ""H"", ""H"", ""H"", ""H"", ""H"", ""H"", ""H"", ""H"", ""H"", ""H"", ""H"", ""H"", ""H"", ""H""]",C84H68Cl8N4O8,"[true, true, true]","[20.029756226080252, 0.0, 0.0, -12.159373156219901, 17.10741532525759, 0.0, -1.4968673620569501, -7.979018479679084, 18.799888112427766]",6441.920003016551,[],"{""cutoff=6.000_skin=0.000"": 5406, ""cutoff=6.000_skin=0.500"": 6338}",0.0,,
OPT-RFT-XAFPAY172-R512-v1,16360d404e1cc8ec5ea026f69f45c1e0d210a4962a9adca338d6dcf7b609da30,OPT-RFT-XAFPAY172-R512-v1:0191,XAFPAY_C3_2_5168_z2_86,949621ec82eef5ca60ad0fc911e08457bd342ce2916816c016e4968dfebfa4fa,191,cross_family_test_set,XAFPAY/structures/XAFPAY_C3_2_5168_z2_86.cif,e1bf95734757727acfb8ec9ba6519c12daa436a4d1869fa37a02aea5af33bbba,949621ec82eef5ca60ad0fc911e08457bd342ce2916816c016e4968dfebfa4fa,0,172,"[""O"", ""C"", ""O"", ""C"", ""C"", ""C"", ""C"", ""C"", ""C"", ""N"", ""C"", ""C"", ""C"", ""C"", ""C"", ""C"", ""C"", ""C"", ""C"", ""C"", ""Cl"", ""C"", ""Cl"", ""C"", ""C"", ""C"", ""H"", ""H"", ""H"", ""H"", ""H"", ""H"", ""H"", ""H"", ""H"", ""H"", ""H"", ""H"", ""H"", ""H"", ""H"", ""H"", ""H"", ""O"", ""C"", ""O"", ""C"", ""C"", ""C"", ""C"", ""C"", ""C"", ""N"", ""C"", ""C"", ""C"", ""C"", ""C"", ""C"", ""C"", ""C"", ""C"", ""C"", ""Cl"", ""C"", ""Cl"", ""C"", ""C"", ""C"", ""H"", ""H"", ""H"", ""H"", ""H"", ""H"", ""H"", ""H"", ""H"", ""H"", ""H"", ""H"", ""H"", ""H"", ""H"", ""H"", ""H"", ""O"", ""C"", ""O"", ""C"", ""C"", ""C"", ""C"", ""C"", ""C"", ""N"", ""C"", ""C"", ""C"", ""C"", ""C"", ""C"", ""C"", ""C"", ""C"", ""C"", ""Cl"", ""C"", ""Cl"", ""C"", ""C"", ""C"", ""H"", ""H"", ""H"", ""H"", ""H"", ""H"", ""H"", ""H"", ""H"", ""H"", ""H"", ""H"", ""H"", ""H"", ""H"", ""H"", ""H"", ""O"", ""C"", ""O"", ""C"", ""C"", ""C"", ""C"", ""C"", ""C"", ""N"", ""C"", ""C"", ""C"", ""C"", ""C"", ""C"", ""C"", ""C"", ""C"", ""C"", ""Cl"", ""C"", ""Cl"", ""C"", ""C"", ""C"", ""H"", ""H"", ""H"", ""H"", ""H"", ""H"", ""H"", ""H"", ""H"", ""H"", ""H"", ""H"", ""H"", ""H"", ""H"", ""H"", ""H""]",C84H68Cl8N4O8,"[true, true, true]","[21.523048074197263, 0.0, 0.0, -8.338594480271393, 23.190617071430456, 0.0, -3.3620862959669884, -10.732885427394365, 15.179063028131687]",7576.367716017829,[],"{""cutoff=6.000_skin=0.000"": 5414, ""cutoff=6.000_skin=0.500"": 6522}",0.0,,
OPT-RFT-XAFPAY172-R512-v1,16360d404e1cc8ec5ea026f69f45c1e0d210a4962a9adca338d6dcf7b609da30,OPT-RFT-XAFPAY172-R512-v1:0192,XAFPAY_C3_2_9722_z2_86,a4d6b8dab7c24507e4acededafb79a7cadbdae225ca648b353a92a9915f7c8cc,192,cross_family_test_set,XAFPAY/structures/XAFPAY_C3_2_9722_z2_86.cif,1ae34b3412ad0f23fee9ed8a35ce9f1d1cf2b91af0cb3b0c57bb9c4a4bb19372,a4d6b8dab7c24507e4acededafb79a7cadbdae225ca648b353a92a9915f7c8cc,0,172,"[""O"", ""C"", ""O"", ""C"", ""C"", ""C"", ""C"", ""C"", ""C"", ""N"", ""C"", ""C"", ""C"", ""C"", ""C"", ""C"", ""C"", ""C"", ""C"", ""C"", ""Cl"", ""C"", ""Cl"", ""C"", ""C"", ""C"", ""H"", ""H"", ""H"", ""H"", ""H"", ""H"", ""H"", ""H"", ""H"", ""H"", ""H"", ""H"", ""H"", ""H"", ""H"", ""H"", ""H"", ""O"", ""C"", ""O"", ""C"", ""C"", ""C"", ""C"", ""C"", ""C"", ""N"", ""C"", ""C"", ""C"", ""C"", ""C"", ""C"", ""C"", ""C"", ""C"", ""C"", ""Cl"", ""C"", ""Cl"", ""C"", ""C"", ""C"", ""H"", ""H"", ""H"", ""H"", ""H"", ""H"", ""H"", ""H"", ""H"", ""H"", ""H"", ""H"", ""H"", ""H"", ""H"", ""H"", ""H"", ""O"", ""C"", ""O"", ""C"", ""C"", ""C"", ""C"", ""C"", ""C"", ""N"", ""C"", ""C"", ""C"", ""C"", ""C"", ""C"", ""C"", ""C"", ""C"", ""C"", ""Cl"", ""C"", ""Cl"", ""C"", ""C"", ""C"", ""H"", ""H"", ""H"", ""H"", ""H"", ""H"", ""H"", ""H"", ""H"", ""H"", ""H"", ""H"", ""H"", ""H"", ""H"", ""H"", ""H"", ""O"", ""C"", ""O"", ""C"", ""C"", ""C"", ""C"", ""C"", ""C"", ""N"", ""C"", ""C"", ""C"", ""C"", ""C"", ""C"", ""C"", ""C"", ""C"", ""C"", ""Cl"", ""C"", ""Cl"", ""C"", ""C"", ""C"", ""H"", ""H"", ""H"", ""H"", ""H"", ""H"", ""H"", ""H"", ""H"", ""H"", ""H"", ""H"", ""H"", ""H"", ""H"", ""H"", ""H""]",C84H68Cl8N4O8,"[true, true, true]","[30.620313367837724, 0.0, 0.0, 7.326997462888777, 19.04585566518135, 0.0, -3.476872781806255, 11.03044345794845, 9.08419857769793]",5297.814393760893,[],"{""cutoff=6.000_skin=0.000"": 5418, ""cutoff=6.000_skin=0.500"": 6666}",0.0,,
OPT-RFT-XAFPAY172-R512-v1,16360d404e1cc8ec5ea026f69f45c1e0d210a4962a9adca338d6dcf7b609da30,OPT-RFT-XAFPAY172-R512-v1:0193,XAFPAY_C2_2_7884_z2_86,e0ecae8d7e09fa9636afd0437f3dd3e00bc7023b43dc814418c325c96482ab21,193,cross_family_test_set,XAFPAY/structures/XAFPAY_C2_2_7884_z2_86.cif,2bf7402b99e239dd39abd9063dbeaec8a4d7d705f36a8b213da9dd5e67dfe4e4,e0ecae8d7e09fa9636afd0437f3dd3e00bc7023b43dc814418c325c96482ab21,0,172,"[""O"", ""C"", ""O"", ""C"", ""C"", ""C"", ""C"", ""C"", ""C"", ""N"", ""C"", ""C"", ""C"", ""C"", ""C"", ""C"", ""C"", ""C"", ""C"", ""C"", ""Cl"", ""C"", ""Cl"", ""C"", ""C"", ""C"", ""H"", ""H"", ""H"", ""H"", ""H"", ""H"", ""H"", ""H"", ""H"", ""H"", ""H"", ""H"", ""H"", ""H"", ""H"", ""H"", ""H"", ""O"", ""C"", ""O"", ""C"", ""C"", ""C"", ""C"", ""C"", ""C"", ""N"", ""C"", ""C"", ""C"", ""C"", ""C"", ""C"", ""C"", ""C"", ""C"", ""C"", ""Cl"", ""C"", ""Cl"", ""C"", ""C"", ""C"", ""H"", ""H"", ""H"", ""H"", ""H"", ""H"", ""H"", ""H"", ""H"", ""H"", ""H"", ""H"", ""H"", ""H"", ""H"", ""H"", ""H"", ""O"", ""C"", ""O"", ""C"", ""C"", ""C"", ""C"", ""C"", ""C"", ""N"", ""C"", ""C"", ""C"", ""C"", ""C"", ""C"", ""C"", ""C"", ""C"", ""C"", ""Cl"", ""C"", ""Cl"", ""C"", ""C"", ""C"", ""H"", ""H"", ""H"", ""H"", ""H"", ""H"", ""H"", ""H"", ""H"", ""H"", ""H"", ""H"", ""H"", ""H"", ""H"", ""H"", ""H"", ""O"", ""C"", ""O"", ""C"", ""C"", ""C"", ""C"", ""C"", ""C"", ""N"", ""C"", ""C"", ""C"", ""C"", ""C"", ""C"", ""C"", ""C"", ""C"", ""C"", ""Cl"", ""C"", ""Cl"", ""C"", ""C"", ""C"", ""H"", ""H"", ""H"", ""H"", ""H"", ""H"", ""H"", ""H"", ""H"", ""H"", ""H"", ""H"", ""H"", ""H"", ""H"", ""H"", ""H""]",C84H68Cl8N4O8,"[true, true, true]","[29.10810938292549, 0.0, 0.0, 6.935433090499958, 28.214250757512122, 0.0, 6.846000484433845, -4.0585817754875535, 7.750332511760883]",6365.065183125474,[],"{""cutoff=6.000_skin=0.000"": 5420, ""cutoff=6.000_skin=0.500"": 6480}",0.0,,
OPT-RFT-XAFPAY172-R512-v1,16360d404e1cc8ec5ea026f69f45c1e0d210a4962a9adca338d6dcf7b609da30,OPT-RFT-XAFPAY172-R512-v1:0194,XAFPAY_C3_2_16939_z2_86,ad967d208cdc6926ab378b89d22366cec30c4c6cc55bf9cf64546ed8b31761a0,194,cross_family_test_set,XAFPAY/structures/XAFPAY_C3_2_16939_z2_86.cif,edbe64dd1f33e4469c42cee4bd5a14e85e1cbab66aff5e49ed6bce103b656f31,ad967d208cdc6926ab378b89d22366cec30c4c6cc55bf9cf64546ed8b31761a0,0,172,"[""O"", ""C"", ""O"", ""C"", ""C"", ""C"", ""C"", ""C"", ""C"", ""N"", ""C"", ""C"", ""C"", ""C"", ""C"", ""C"", ""C"", ""C"", ""C"", ""C"", ""Cl"", ""C"", ""Cl"", ""C"", ""C"", ""C"", ""H"", ""H"", ""H"", ""H"", ""H"", ""H"", ""H"", ""H"", ""H"", ""H"", ""H"", ""H"", ""H"", ""H"", ""H"", ""H"", ""H"", ""O"", ""C"", ""O"", ""C"", ""C"", ""C"", ""C"", ""C"", ""C"", ""N"", ""C"", ""C"", ""C"", ""C"", ""C"", ""C"", ""C"", ""C"", ""C"", ""C"", ""Cl"", ""C"", ""Cl"", ""C"", ""C"", ""C"", ""H"", ""H"", ""H"", ""H"", ""H"", ""H"", ""H"", ""H"", ""H"", ""H"", ""H"", ""H"", ""H"", ""H"", ""H"", ""H"", ""H"", ""O"", ""C"", ""O"", ""C"", ""C"", ""C"", ""C"", ""C"", ""C"", ""N"", ""C"", ""C"", ""C"", ""C"", ""C"", ""C"", ""C"", ""C"", ""C"", ""C"", ""Cl"", ""C"", ""Cl"", ""C"", ""C"", ""C"", ""H"", ""H"", ""H"", ""H"", ""H"", ""H"", ""H"", ""H"", ""H"", ""H"", ""H"", ""H"", ""H"", ""H"", ""H"", ""H"", ""H"", ""O"", ""C"", ""O"", ""C"", ""C"", ""C"", ""C"", ""C"", ""C"", ""N"", ""C"", ""C"", ""C"", ""C"", ""C"", ""C"", ""C"", ""C"", ""C"", ""C"", ""Cl"", ""C"", ""Cl"", ""C"", ""C"", ""C"", ""H"", ""H"", ""H"", ""H"", ""H"", ""H"", ""H"", ""H"", ""H"", ""H"", ""H"", ""H"", ""H"", ""H"", ""H"", ""H"", ""H""]",C84H68Cl8N4O8,"[true, true, true]","[19.126064297331176, 0.0, 0.0, -3.02614039390269, 25.81899880382754, 0.0, 1.0183563577766575, 0.9293416881094484, 12.812624371550623]",6327.076754079283,[],"{""cutoff=6.000_skin=0.000"": 5426, ""cutoff=6.000_skin=0.500"": 6688}",0.0,,
OPT-RFT-XAFPAY172-R512-v1,16360d404e1cc8ec5ea026f69f45c1e0d210a4962a9adca338d6dcf7b609da30,OPT-RFT-XAFPAY172-R512-v1:0195,XAFPAY_C2_2_17091_z2_86,9dd5b08df3a4aee653f891b918c9f4f0b44bac56ae43b0435cc681c7232a8063,195,cross_family_test_set,XAFPAY/structures/XAFPAY_C2_2_17091_z2_86.cif,d5e8678de7c19dffccbeaa09da065ea2d1292b066d945f019e28a031703bb584,9dd5b08df3a4aee653f891b918c9f4f0b44bac56ae43b0435cc681c7232a8063,0,172,"[""O"", ""C"", ""O"", ""C"", ""C"", ""C"", ""C"", ""C"", ""C"", ""N"", ""C"", ""C"", ""C"", ""C"", ""C"", ""C"", ""C"", ""C"", ""C"", ""C"", ""Cl"", ""C"", ""Cl"", ""C"", ""C"", ""C"", ""H"", ""H"", ""H"", ""H"", ""H"", ""H"", ""H"", ""H"", ""H"", ""H"", ""H"", ""H"", ""H"", ""H"", ""H"", ""H"", ""H"", ""O"", ""C"", ""O"", ""C"", ""C"", ""C"", ""C"", ""C"", ""C"", ""N"", ""C"", ""C"", ""C"", ""C"", ""C"", ""C"", ""C"", ""C"", ""C"", ""C"", ""Cl"", ""C"", ""Cl"", ""C"", ""C"", ""C"", ""H"", ""H"", ""H"", ""H"", ""H"", ""H"", ""H"", ""H"", ""H"", ""H"", ""H"", ""H"", ""H"", ""H"", ""H"", ""H"", ""H"", ""O"", ""C"", ""O"", ""C"", ""C"", ""C"", ""C"", ""C"", ""C"", ""N"", ""C"", ""C"", ""C"", ""C"", ""C"", ""C"", ""C"", ""C"", ""C"", ""C"", ""Cl"", ""C"", ""Cl"", ""C"", ""C"", ""C"", ""H"", ""H"", ""H"", ""H"", ""H"", ""H"", ""H"", ""H"", ""H"", ""H"", ""H"", ""H"", ""H"", ""H"", ""H"", ""H"", ""H"", ""O"", ""C"", ""O"", ""C"", ""C"", ""C"", ""C"", ""C"", ""C"", ""N"", ""C"", ""C"", ""C"", ""C"", ""C"", ""C"", ""C"", ""C"", ""C"", ""C"", ""Cl"", ""C"", ""Cl"", ""C"", ""C"", ""C"", ""H"", ""H"", ""H"", ""H"", ""H"", ""H"", ""H"", ""H"", ""H"", ""H"", ""H"", ""H"", ""H"", ""H"", ""H"", ""H"", ""H""]",C84H68Cl8N4O8,"[true, true, true]","[31.293907081459906, 0.0, 0.0, -2.6143060639593116, 15.976449814908598, 0.0, 1.6548448289724775, 0.6646565205243242, 13.094925382196939]",6547.011387581681,[],"{""cutoff=6.000_skin=0.000"": 5430, ""cutoff=6.000_skin=0.500"": 6412}",0.0,,
OPT-RFT-XAFPAY172-R512-v1,16360d404e1cc8ec5ea026f69f45c1e0d210a4962a9adca338d6dcf7b609da30,OPT-RFT-XAFPAY172-R512-v1:0196,XAFPAY_C1_14_1573_z1_43,c40671ce294be2adc0e8141a30bb51d24d205f85c1a61dc714bab6cd37dd4bd8,196,cross_family_test_set,XAFPAY/structures/XAFPAY_C1_14_1573_z1_43.cif,e6e515e5043d740469d32d3f688cc3a55b54f51322e16a201447e693b39a22d1,c40671ce294be2adc0e8141a30bb51d24d205f85c1a61dc714bab6cd37dd4bd8,0,172,"[""O"", ""C"", ""O"", ""C"", ""C"", ""C"", ""C"", ""C"", ""C"", ""N"", ""C"", ""C"", ""C"", ""C"", ""C"", ""C"", ""C"", ""C"", ""C"", ""C"", ""Cl"", ""C"", ""Cl"", ""C"", ""C"", ""C"", ""H"", ""H"", ""H"", ""H"", ""H"", ""H"", ""H"", ""H"", ""H"", ""H"", ""H"", ""H"", ""H"", ""H"", ""H"", ""H"", ""H"", ""O"", ""C"", ""O"", ""C"", ""C"", ""C"", ""C"", ""C"", ""C"", ""N"", ""C"", ""C"", ""C"", ""C"", ""C"", ""C"", ""C"", ""C"", ""C"", ""C"", ""Cl"", ""C"", ""Cl"", ""C"", ""C"", ""C"", ""H"", ""H"", ""H"", ""H"", ""H"", ""H"", ""H"", ""H"", ""H"", ""H"", ""H"", ""H"", ""H"", ""H"", ""H"", ""H"", ""H"", ""O"", ""C"", ""O"", ""C"", ""C"", ""C"", ""C"", ""C"", ""C"", ""N"", ""C"", ""C"", ""C"", ""C"", ""C"", ""C"", ""C"", ""C"", ""C"", ""C"", ""Cl"", ""C"", ""Cl"", ""C"", ""C"", ""C"", ""H"", ""H"", ""H"", ""H"", ""H"", ""H"", ""H"", ""H"", ""H"", ""H"", ""H"", ""H"", ""H"", ""H"", ""H"", ""H"", ""H"", ""O"", ""C"", ""O"", ""C"", ""C"", ""C"", ""C"", ""C"", ""C"", ""N"", ""C"", ""C"", ""C"", ""C"", ""C"", ""C"", ""C"", ""C"", ""C"", ""C"", ""Cl"", ""C"", ""Cl"", ""C"", ""C"", ""C"", ""H"", ""H"", ""H"", ""H"", ""H"", ""H"", ""H"", ""H"", ""H"", ""H"", ""H"", ""H"", ""H"", ""H"", ""H"", ""H"", ""H""]",C84H68Cl8N4O8,"[true, true, true]","[15.039443526290679, 0.0, 0.0, 0.0, 21.148038271460337, 0.0, 7.724646203367088, 0.0, 16.534877959388425]",5258.996099906327,[],"{""cutoff=6.000_skin=0.000"": 5436, ""cutoff=6.000_skin=0.500"": 6580}",0.0,,
OPT-RFT-XAFPAY172-R512-v1,16360d404e1cc8ec5ea026f69f45c1e0d210a4962a9adca338d6dcf7b609da30,OPT-RFT-XAFPAY172-R512-v1:0197,XAFPAY_C2_2_4512_z2_86,e02f2d711a77b42b41765989d430868ac37e0221b020fe03a5fbbb7a9acd2272,197,cross_family_test_set,XAFPAY/structures/XAFPAY_C2_2_4512_z2_86.cif,9976ece34b388f5d45631163fa7e8ec2f962c1cb48b1bfa2fe675b66626443cf,e02f2d711a77b42b41765989d430868ac37e0221b020fe03a5fbbb7a9acd2272,0,172,"[""O"", ""C"", ""O"", ""C"", ""C"", ""C"", ""C"", ""C"", ""C"", ""N"", ""C"", ""C"", ""C"", ""C"", ""C"", ""C"", ""C"", ""C"", ""C"", ""C"", ""Cl"", ""C"", ""Cl"", ""C"", ""C"", ""C"", ""H"", ""H"", ""H"", ""H"", ""H"", ""H"", ""H"", ""H"", ""H"", ""H"", ""H"", ""H"", ""H"", ""H"", ""H"", ""H"", ""H"", ""O"", ""C"", ""O"", ""C"", ""C"", ""C"", ""C"", ""C"", ""C"", ""N"", ""C"", ""C"", ""C"", ""C"", ""C"", ""C"", ""C"", ""C"", ""C"", ""C"", ""Cl"", ""C"", ""Cl"", ""C"", ""C"", ""C"", ""H"", ""H"", ""H"", ""H"", ""H"", ""H"", ""H"", ""H"", ""H"", ""H"", ""H"", ""H"", ""H"", ""H"", ""H"", ""H"", ""H"", ""O"", ""C"", ""O"", ""C"", ""C"", ""C"", ""C"", ""C"", ""C"", ""N"", ""C"", ""C"", ""C"", ""C"", ""C"", ""C"", ""C"", ""C"", ""C"", ""C"", ""Cl"", ""C"", ""Cl"", ""C"", ""C"", ""C"", ""H"", ""H"", ""H"", ""H"", ""H"", ""H"", ""H"", ""H"", ""H"", ""H"", ""H"", ""H"", ""H"", ""H"", ""H"", ""H"", ""H"", ""O"", ""C"", ""O"", ""C"", ""C"", ""C"", ""C"", ""C"", ""C"", ""N"", ""C"", ""C"", ""C"", ""C"", ""C"", ""C"", ""C"", ""C"", ""C"", ""C"", ""Cl"", ""C"", ""Cl"", ""C"", ""C"", ""C"", ""H"", ""H"", ""H"", ""H"", ""H"", ""H"", ""H"", ""H"", ""H"", ""H"", ""H"", ""H"", ""H"", ""H"", ""H"", ""H"", ""H""]",C84H68Cl8N4O8,"[true, true, true]","[24.8386751483591, 0.0, 0.0, 5.695063169288954, 12.275017591892402, 0.0, -1.1758947531020758, -6.522225126942244, 21.884550111467057]",6672.493723019655,[],"{""cutoff=6.000_skin=0.000"": 5440, ""cutoff=6.000_skin=0.500"": 6394}",0.0,,
OPT-RFT-XAFPAY172-R512-v1,16360d404e1cc8ec5ea026f69f45c1e0d210a4962a9adca338d6dcf7b609da30,OPT-RFT-XAFPAY172-R512-v1:0198,XAFPAY_C2_14_2942_z1_43,265383328a5eedec65e7388b39241e8bc84a05960a8be04b35b73715de8da275,198,cross_family_test_set,XAFPAY/structures/XAFPAY_C2_14_2942_z1_43.cif,245f9d46108f122d532dc41e75ef9511c8274330260aebb3ae5f2b4e29b95fab,265383328a5eedec65e7388b39241e8bc84a05960a8be04b35b73715de8da275,0,172,"[""O"", ""C"", ""O"", ""C"", ""C"", ""C"", ""C"", ""C"", ""C"", ""N"", ""C"", ""C"", ""C"", ""C"", ""C"", ""C"", ""C"", ""C"", ""C"", ""C"", ""Cl"", ""C"", ""Cl"", ""C"", ""C"", ""C"", ""H"", ""H"", ""H"", ""H"", ""H"", ""H"", ""H"", ""H"", ""H"", ""H"", ""H"", ""H"", ""H"", ""H"", ""H"", ""H"", ""H"", ""O"", ""C"", ""O"", ""C"", ""C"", ""C"", ""C"", ""C"", ""C"", ""N"", ""C"", ""C"", ""C"", ""C"", ""C"", ""C"", ""C"", ""C"", ""C"", ""C"", ""Cl"", ""C"", ""Cl"", ""C"", ""C"", ""C"", ""H"", ""H"", ""H"", ""H"", ""H"", ""H"", ""H"", ""H"", ""H"", ""H"", ""H"", ""H"", ""H"", ""H"", ""H"", ""H"", ""H"", ""O"", ""C"", ""O"", ""C"", ""C"", ""C"", ""C"", ""C"", ""C"", ""N"", ""C"", ""C"", ""C"", ""C"", ""C"", ""C"", ""C"", ""C"", ""C"", ""C"", ""Cl"", ""C"", ""Cl"", ""C"", ""C"", ""C"", ""H"", ""H"", ""H"", ""H"", ""H"", ""H"", ""H"", ""H"", ""H"", ""H"", ""H"", ""H"", ""H"", ""H"", ""H"", ""H"", ""H"", ""O"", ""C"", ""O"", ""C"", ""C"", ""C"", ""C"", ""C"", ""C"", ""N"", ""C"", ""C"", ""C"", ""C"", ""C"", ""C"", ""C"", ""C"", ""C"", ""C"", ""Cl"", ""C"", ""Cl"", ""C"", ""C"", ""C"", ""H"", ""H"", ""H"", ""H"", ""H"", ""H"", ""H"", ""H"", ""H"", ""H"", ""H"", ""H"", ""H"", ""H"", ""H"", ""H"", ""H""]",C84H68Cl8N4O8,"[true, true, true]","[20.33192367195501, 0.0, 0.0, 0.0, 18.709246344707367, 0.0, 9.773702056125702, 0.0, 18.669516681323636]",7101.790212523406,[],"{""cutoff=6.000_skin=0.000"": 5444, ""cutoff=6.000_skin=0.500"": 6376}",0.0,,
OPT-RFT-XAFPAY172-R512-v1,16360d404e1cc8ec5ea026f69f45c1e0d210a4962a9adca338d6dcf7b609da30,OPT-RFT-XAFPAY172-R512-v1:0199,XAFPAY_C3_14_1357_z1_43,9ea4d4558c465076878408ae37f99b35dd169615174e6d099aa4f389c1b6727e,199,cross_family_test_set,XAFPAY/structures/XAFPAY_C3_14_1357_z1_43.cif,5f9355dde4bf6701e5a86ca610da4eaa2778fe59b3494cd4ce6d00d29b755a94,9ea4d4558c465076878408ae37f99b35dd169615174e6d099aa4f389c1b6727e,0,172,"[""O"", ""C"", ""O"", ""C"", ""C"", ""C"", ""C"", ""C"", ""C"", ""N"", ""C"", ""C"", ""C"", ""C"", ""C"", ""C"", ""C"", ""C"", ""C"", ""C"", ""Cl"", ""C"", ""Cl"", ""C"", ""C"", ""C"", ""H"", ""H"", ""H"", ""H"", ""H"", ""H"", ""H"", ""H"", ""H"", ""H"", ""H"", ""H"", ""H"", ""H"", ""H"", ""H"", ""H"", ""O"", ""C"", ""O"", ""C"", ""C"", ""C"", ""C"", ""C"", ""C"", ""N"", ""C"", ""C"", ""C"", ""C"", ""C"", ""C"", ""C"", ""C"", ""C"", ""C"", ""Cl"", ""C"", ""Cl"", ""C"", ""C"", ""C"", ""H"", ""H"", ""H"", ""H"", ""H"", ""H"", ""H"", ""H"", ""H"", ""H"", ""H"", ""H"", ""H"", ""H"", ""H"", ""H"", ""H"", ""O"", ""C"", ""O"", ""C"", ""C"", ""C"", ""C"", ""C"", ""C"", ""N"", ""C"", ""C"", ""C"", ""C"", ""C"", ""C"", ""C"", ""C"", ""C"", ""C"", ""Cl"", ""C"", ""Cl"", ""C"", ""C"", ""C"", ""H"", ""H"", ""H"", ""H"", ""H"", ""H"", ""H"", ""H"", ""H"", ""H"", ""H"", ""H"", ""H"", ""H"", ""H"", ""H"", ""H"", ""O"", ""C"", ""O"", ""C"", ""C"", ""C"", ""C"", ""C"", ""C"", ""N"", ""C"", ""C"", ""C"", ""C"", ""C"", ""C"", ""C"", ""C"", ""C"", ""C"", ""Cl"", ""C"", ""Cl"", ""C"", ""C"", ""C"", ""H"", ""H"", ""H"", ""H"", ""H"", ""H"", ""H"", ""H"", ""H"", ""H"", ""H"", ""H"", ""H"", ""H"", ""H"", ""H"", ""H""]",C84H68Cl8N4O8,"[true, true, true]","[13.184856034109075, 0.0, 0.0, 0.0, 11.622634759579103, 0.0, 11.62292451621513, 0.0, 33.326451363531035]",5107.037589314429,[],"{""cutoff=6.000_skin=0.000"": 5448, ""cutoff=6.000_skin=0.500"": 6916}",0.0,,
OPT-RFT-XAFPAY172-R512-v1,16360d404e1cc8ec5ea026f69f45c1e0d210a4962a9adca338d6dcf7b609da30,OPT-RFT-XAFPAY172-R512-v1:0200,XAFPAY_C4_2_10693_z2_86,fc5434f5caeed4492a0d8109e71ed4a9e5b7f2f7b3b6368a95e81678245ddbe6,200,cross_family_test_set,XAFPAY/structures/XAFPAY_C4_2_10693_z2_86.cif,9ecbef21081b586fc174a1f5af35dbdc8b2120f3959f3a50b62bd415aaa2070a,fc5434f5caeed4492a0d8109e71ed4a9e5b7f2f7b3b6368a95e81678245ddbe6,0,172,"[""O"", ""C"", ""O"", ""C"", ""C"", ""C"", ""C"", ""C"", ""C"", ""N"", ""C"", ""C"", ""C"", ""C"", ""C"", ""C"", ""C"", ""C"", ""C"", ""C"", ""Cl"", ""C"", ""Cl"", ""C"", ""C"", ""C"", ""H"", ""H"", ""H"", ""H"", ""H"", ""H"", ""H"", ""H"", ""H"", ""H"", ""H"", ""H"", ""H"", ""H"", ""H"", ""H"", ""H"", ""O"", ""C"", ""O"", ""C"", ""C"", ""C"", ""C"", ""C"", ""C"", ""N"", ""C"", ""C"", ""C"", ""C"", ""C"", ""C"", ""C"", ""C"", ""C"", ""C"", ""Cl"", ""C"", ""Cl"", ""C"", ""C"", ""C"", ""H"", ""H"", ""H"", ""H"", ""H"", ""H"", ""H"", ""H"", ""H"", ""H"", ""H"", ""H"", ""H"", ""H"", ""H"", ""H"", ""H"", ""O"", ""C"", ""O"", ""C"", ""C"", ""C"", ""C"", ""C"", ""C"", ""N"", ""C"", ""C"", ""C"", ""C"", ""C"", ""C"", ""C"", ""C"", ""C"", ""C"", ""Cl"", ""C"", ""Cl"", ""C"", ""C"", ""C"", ""H"", ""H"", ""H"", ""H"", ""H"", ""H"", ""H"", ""H"", ""H"", ""H"", ""H"", ""H"", ""H"", ""H"", ""H"", ""H"", ""H"", ""O"", ""C"", ""O"", ""C"", ""C"", ""C"", ""C"", ""C"", ""C"", ""N"", ""C"", ""C"", ""C"", ""C"", ""C"", ""C"", ""C"", ""C"", ""C"", ""C"", ""Cl"", ""C"", ""Cl"", ""C"", ""C"", ""C"", ""H"", ""H"", ""H"", ""H"", ""H"", ""H"", ""H"", ""H"", ""H"", ""H"", ""H"", ""H"", ""H"", ""H"", ""H"", ""H"", ""H""]",C84H68Cl8N4O8,"[true, true, true]","[20.49530721448957, 0.0, 0.0, 1.5401922875766636, 20.29608574441123, 0.0, 4.206527916627888, -1.4935392809897727, 18.684733626929503]",7772.372963211363,[],"{""cutoff=6.000_skin=0.000"": 5452, ""cutoff=6.000_skin=0.500"": 6464}",0.0,,
OPT-RFT-XAFPAY172-R512-v1,16360d404e1cc8ec5ea026f69f45c1e0d210a4962a9adca338d6dcf7b609da30,OPT-RFT-XAFPAY172-R512-v1:0201,XAFPAY_C3_2_12063_z2_86,2eb0c6a21b537ab67f17214d4a8b3899a6ec68260ae72f3b5cc21e0e0ae51dbe,201,cross_family_test_set,XAFPAY/structures/XAFPAY_C3_2_12063_z2_86.cif,46f11759a6ab1da47d89670373cdd6cf93256d556313b68ab960f0ee88a5751d,2eb0c6a21b537ab67f17214d4a8b3899a6ec68260ae72f3b5cc21e0e0ae51dbe,0,172,"[""O"", ""C"", ""O"", ""C"", ""C"", ""C"", ""C"", ""C"", ""C"", ""N"", ""C"", ""C"", ""C"", ""C"", ""C"", ""C"", ""C"", ""C"", ""C"", ""C"", ""Cl"", ""C"", ""Cl"", ""C"", ""C"", ""C"", ""H"", ""H"", ""H"", ""H"", ""H"", ""H"", ""H"", ""H"", ""H"", ""H"", ""H"", ""H"", ""H"", ""H"", ""H"", ""H"", ""H"", ""O"", ""C"", ""O"", ""C"", ""C"", ""C"", ""C"", ""C"", ""C"", ""N"", ""C"", ""C"", ""C"", ""C"", ""C"", ""C"", ""C"", ""C"", ""C"", ""C"", ""Cl"", ""C"", ""Cl"", ""C"", ""C"", ""C"", ""H"", ""H"", ""H"", ""H"", ""H"", ""H"", ""H"", ""H"", ""H"", ""H"", ""H"", ""H"", ""H"", ""H"", ""H"", ""H"", ""H"", ""O"", ""C"", ""O"", ""C"", ""C"", ""C"", ""C"", ""C"", ""C"", ""N"", ""C"", ""C"", ""C"", ""C"", ""C"", ""C"", ""C"", ""C"", ""C"", ""C"", ""Cl"", ""C"", ""Cl"", ""C"", ""C"", ""C"", ""H"", ""H"", ""H"", ""H"", ""H"", ""H"", ""H"", ""H"", ""H"", ""H"", ""H"", ""H"", ""H"", ""H"", ""H"", ""H"", ""H"", ""O"", ""C"", ""O"", ""C"", ""C"", ""C"", ""C"", ""C"", ""C"", ""N"", ""C"", ""C"", ""C"", ""C"", ""C"", ""C"", ""C"", ""C"", ""C"", ""C"", ""Cl"", ""C"", ""Cl"", ""C"", ""C"", ""C"", ""H"", ""H"", ""H"", ""H"", ""H"", ""H"", ""H"", ""H"", ""H"", ""H"", ""H"", ""H"", ""H"", ""H"", ""H"", ""H"", ""H""]",C84H68Cl8N4O8,"[true, true, true]","[16.65300480487003, 0.0, 0.0, 10.33709405273261, 15.287434776657838, 0.0, -2.066687382269748, -1.4072190296838598, 24.62302183277198]",6268.571367724485,[],"{""cutoff=6.000_skin=0.000"": 5462, ""cutoff=6.000_skin=0.500"": 6640}",0.0,,
OPT-RFT-XAFPAY172-R512-v1,16360d404e1cc8ec5ea026f69f45c1e0d210a4962a9adca338d6dcf7b609da30,OPT-RFT-XAFPAY172-R512-v1:0202,XAFPAY_C4_2_8555_z2_86,c55c6e708c81e79033a66f6b27418b0705e94eebc4985d0dc3e049ec6ac1f339,202,cross_family_test_set,XAFPAY/structures/XAFPAY_C4_2_8555_z2_86.cif,7f943470cd24e41ad70b3312b31f140ff6eb6dcd41de6aef9bfd76fdf9ac57b4,c55c6e708c81e79033a66f6b27418b0705e94eebc4985d0dc3e049ec6ac1f339,0,172,"[""O"", ""C"", ""O"", ""C"", ""C"", ""C"", ""C"", ""C"", ""C"", ""N"", ""C"", ""C"", ""C"", ""C"", ""C"", ""C"", ""C"", ""C"", ""C"", ""C"", ""Cl"", ""C"", ""Cl"", ""C"", ""C"", ""C"", ""H"", ""H"", ""H"", ""H"", ""H"", ""H"", ""H"", ""H"", ""H"", ""H"", ""H"", ""H"", ""H"", ""H"", ""H"", ""H"", ""H"", ""O"", ""C"", ""O"", ""C"", ""C"", ""C"", ""C"", ""C"", ""C"", ""N"", ""C"", ""C"", ""C"", ""C"", ""C"", ""C"", ""C"", ""C"", ""C"", ""C"", ""Cl"", ""C"", ""Cl"", ""C"", ""C"", ""C"", ""H"", ""H"", ""H"", ""H"", ""H"", ""H"", ""H"", ""H"", ""H"", ""H"", ""H"", ""H"", ""H"", ""H"", ""H"", ""H"", ""H"", ""O"", ""C"", ""O"", ""C"", ""C"", ""C"", ""C"", ""C"", ""C"", ""N"", ""C"", ""C"", ""C"", ""C"", ""C"", ""C"", ""C"", ""C"", ""C"", ""C"", ""Cl"", ""C"", ""Cl"", ""C"", ""C"", ""C"", ""H"", ""H"", ""H"", ""H"", ""H"", ""H"", ""H"", ""H"", ""H"", ""H"", ""H"", ""H"", ""H"", ""H"", ""H"", ""H"", ""H"", ""O"", ""C"", ""O"", ""C"", ""C"", ""C"", ""C"", ""C"", ""C"", ""N"", ""C"", ""C"", ""C"", ""C"", ""C"", ""C"", ""C"", ""C"", ""C"", ""C"", ""Cl"", ""C"", ""Cl"", ""C"", ""C"", ""C"", ""H"", ""H"", ""H"", ""H"", ""H"", ""H"", ""H"", ""H"", ""H"", ""H"", ""H"", ""H"", ""H"", ""H"", ""H"", ""H"", ""H""]",C84H68Cl8N4O8,"[true, true, true]","[18.669499083772358, 0.0, 0.0, -6.206714614009492, 19.123031593985, 0.0, 9.316114441175941, -2.86068121978199, 15.579302436608824]",5562.0823741372715,[],"{""cutoff=6.000_skin=0.000"": 5462, ""cutoff=6.000_skin=0.500"": 6704}",0.0,,
OPT-RFT-XAFPAY172-R512-v1,16360d404e1cc8ec5ea026f69f45c1e0d210a4962a9adca338d6dcf7b609da30,OPT-RFT-XAFPAY172-R512-v1:0203,XAFPAY_C4_14_2222_z1_43,f6cfecec47fa39eb410a81af5d44ee5610c8e8b549d7c18ae92183a9f4fe0f4a,203,cross_family_test_set,XAFPAY/structures/XAFPAY_C4_14_2222_z1_43.cif,fe9cb5cf40bcd5100b51b02f5876dead83c8b3869337efaed49635ebe480886c,f6cfecec47fa39eb410a81af5d44ee5610c8e8b549d7c18ae92183a9f4fe0f4a,0,172,"[""O"", ""C"", ""O"", ""C"", ""C"", ""C"", ""C"", ""C"", ""C"", ""N"", ""C"", ""C"", ""C"", ""C"", ""C"", ""C"", ""C"", ""C"", ""C"", ""C"", ""Cl"", ""C"", ""Cl"", ""C"", ""C"", ""C"", ""H"", ""H"", ""H"", ""H"", ""H"", ""H"", ""H"", ""H"", ""H"", ""H"", ""H"", ""H"", ""H"", ""H"", ""H"", ""H"", ""H"", ""O"", ""C"", ""O"", ""C"", ""C"", ""C"", ""C"", ""C"", ""C"", ""N"", ""C"", ""C"", ""C"", ""C"", ""C"", ""C"", ""C"", ""C"", ""C"", ""C"", ""Cl"", ""C"", ""Cl"", ""C"", ""C"", ""C"", ""H"", ""H"", ""H"", ""H"", ""H"", ""H"", ""H"", ""H"", ""H"", ""H"", ""H"", ""H"", ""H"", ""H"", ""H"", ""H"", ""H"", ""O"", ""C"", ""O"", ""C"", ""C"", ""C"", ""C"", ""C"", ""C"", ""N"", ""C"", ""C"", ""C"", ""C"", ""C"", ""C"", ""C"", ""C"", ""C"", ""C"", ""Cl"", ""C"", ""Cl"", ""C"", ""C"", ""C"", ""H"", ""H"", ""H"", ""H"", ""H"", ""H"", ""H"", ""H"", ""H"", ""H"", ""H"", ""H"", ""H"", ""H"", ""H"", ""H"", ""H"", ""O"", ""C"", ""O"", ""C"", ""C"", ""C"", ""C"", ""C"", ""C"", ""N"", ""C"", ""C"", ""C"", ""C"", ""C"", ""C"", ""C"", ""C"", ""C"", ""C"", ""Cl"", ""C"", ""Cl"", ""C"", ""C"", ""C"", ""H"", ""H"", ""H"", ""H"", ""H"", ""H"", ""H"", ""H"", ""H"", ""H"", ""H"", ""H"", ""H"", ""H"", ""H"", ""H"", ""H""]",C84H68Cl8N4O8,"[true, true, true]","[17.65110867005028, 0.0, 0.0, 0.0, 16.705311523085925, 0.0, -7.685443504182379, 0.0, 14.988582805581089]",4419.64247897685,[],"{""cutoff=6.000_skin=0.000"": 5468, ""cutoff=6.000_skin=0.500"": 7104}",0.0,,
OPT-RFT-XAFPAY172-R512-v1,16360d404e1cc8ec5ea026f69f45c1e0d210a4962a9adca338d6dcf7b609da30,OPT-RFT-XAFPAY172-R512-v1:0204,XAFPAY_C3_2_16416_z2_86,963ac987c210210f0540f5872d3144f63428ebc93f92ea4e0472b4db5c4fc7c8,204,cross_family_test_set,XAFPAY/structures/XAFPAY_C3_2_16416_z2_86.cif,f505bce2e1f2477bd8f612e9dafd7a5e7e17f0381c56679c9c81547879b00de0,963ac987c210210f0540f5872d3144f63428ebc93f92ea4e0472b4db5c4fc7c8,0,172,"[""O"", ""C"", ""O"", ""C"", ""C"", ""C"", ""C"", ""C"", ""C"", ""N"", ""C"", ""C"", ""C"", ""C"", ""C"", ""C"", ""C"", ""C"", ""C"", ""C"", ""Cl"", ""C"", ""Cl"", ""C"", ""C"", ""C"", ""H"", ""H"", ""H"", ""H"", ""H"", ""H"", ""H"", ""H"", ""H"", ""H"", ""H"", ""H"", ""H"", ""H"", ""H"", ""H"", ""H"", ""O"", ""C"", ""O"", ""C"", ""C"", ""C"", ""C"", ""C"", ""C"", ""N"", ""C"", ""C"", ""C"", ""C"", ""C"", ""C"", ""C"", ""C"", ""C"", ""C"", ""Cl"", ""C"", ""Cl"", ""C"", ""C"", ""C"", ""H"", ""H"", ""H"", ""H"", ""H"", ""H"", ""H"", ""H"", ""H"", ""H"", ""H"", ""H"", ""H"", ""H"", ""H"", ""H"", ""H"", ""O"", ""C"", ""O"", ""C"", ""C"", ""C"", ""C"", ""C"", ""C"", ""N"", ""C"", ""C"", ""C"", ""C"", ""C"", ""C"", ""C"", ""C"", ""C"", ""C"", ""Cl"", ""C"", ""Cl"", ""C"", ""C"", ""C"", ""H"", ""H"", ""H"", ""H"", ""H"", ""H"", ""H"", ""H"", ""H"", ""H"", ""H"", ""H"", ""H"", ""H"", ""H"", ""H"", ""H"", ""O"", ""C"", ""O"", ""C"", ""C"", ""C"", ""C"", ""C"", ""C"", ""N"", ""C"", ""C"", ""C"", ""C"", ""C"", ""C"", ""C"", ""C"", ""C"", ""C"", ""Cl"", ""C"", ""Cl"", ""C"", ""C"", ""C"", ""H"", ""H"", ""H"", ""H"", ""H"", ""H"", ""H"", ""H"", ""H"", ""H"", ""H"", ""H"", ""H"", ""H"", ""H"", ""H"", ""H""]",C84H68Cl8N4O8,"[true, true, true]","[19.63999592258397, 0.0, 0.0, -5.504274877539907, 13.208555641537979, 0.0, 10.979516998518724, -0.25130810386318836, 22.63065340758441]",5870.75310784892,[],"{""cutoff=6.000_skin=0.000"": 5472, ""cutoff=6.000_skin=0.500"": 6644}",0.0,,
OPT-RFT-XAFPAY172-R512-v1,16360d404e1cc8ec5ea026f69f45c1e0d210a4962a9adca338d6dcf7b609da30,OPT-RFT-XAFPAY172-R512-v1:0205,XAFPAY_C2_2_16665_z2_86,16d4f4fbf94b6f22b0fcb4ad36dcea012a70dfc180a0e65dcd7e54b3a0d12695,205,cross_family_test_set,XAFPAY/structures/XAFPAY_C2_2_16665_z2_86.cif,e8917b2a1e0c41a510627eabb18631fe56119c21a0269657cfc3701c24e04d9a,16d4f4fbf94b6f22b0fcb4ad36dcea012a70dfc180a0e65dcd7e54b3a0d12695,0,172,"[""O"", ""C"", ""O"", ""C"", ""C"", ""C"", ""C"", ""C"", ""C"", ""N"", ""C"", ""C"", ""C"", ""C"", ""C"", ""C"", ""C"", ""C"", ""C"", ""C"", ""Cl"", ""C"", ""Cl"", ""C"", ""C"", ""C"", ""H"", ""H"", ""H"", ""H"", ""H"", ""H"", ""H"", ""H"", ""H"", ""H"", ""H"", ""H"", ""H"", ""H"", ""H"", ""H"", ""H"", ""O"", ""C"", ""O"", ""C"", ""C"", ""C"", ""C"", ""C"", ""C"", ""N"", ""C"", ""C"", ""C"", ""C"", ""C"", ""C"", ""C"", ""C"", ""C"", ""C"", ""Cl"", ""C"", ""Cl"", ""C"", ""C"", ""C"", ""H"", ""H"", ""H"", ""H"", ""H"", ""H"", ""H"", ""H"", ""H"", ""H"", ""H"", ""H"", ""H"", ""H"", ""H"", ""H"", ""H"", ""O"", ""C"", ""O"", ""C"", ""C"", ""C"", ""C"", ""C"", ""C"", ""N"", ""C"", ""C"", ""C"", ""C"", ""C"", ""C"", ""C"", ""C"", ""C"", ""C"", ""Cl"", ""C"", ""Cl"", ""C"", ""C"", ""C"", ""H"", ""H"", ""H"", ""H"", ""H"", ""H"", ""H"", ""H"", ""H"", ""H"", ""H"", ""H"", ""H"", ""H"", ""H"", ""H"", ""H"", ""O"", ""C"", ""O"", ""C"", ""C"", ""C"", ""C"", ""C"", ""C"", ""N"", ""C"", ""C"", ""C"", ""C"", ""C"", ""C"", ""C"", ""C"", ""C"", ""C"", ""Cl"", ""C"", ""Cl"", ""C"", ""C"", ""C"", ""H"", ""H"", ""H"", ""H"", ""H"", ""H"", ""H"", ""H"", ""H"", ""H"", ""H"", ""H"", ""H"", ""H"", ""H"", ""H"", ""H""]",C84H68Cl8N4O8,"[true, true, true]","[21.949876835453026, 0.0, 0.0, -10.019040851381735, 20.999151446394716, 0.0, -2.42415101652537, -5.841939235869623, 16.08524750456637]",7414.153635309271,[],"{""cutoff=6.000_skin=0.000"": 5474, ""cutoff=6.000_skin=0.500"": 6438}",0.0,,
OPT-RFT-XAFPAY172-R512-v1,16360d404e1cc8ec5ea026f69f45c1e0d210a4962a9adca338d6dcf7b609da30,OPT-RFT-XAFPAY172-R512-v1:0206,XAFPAY_C3_14_648_z1_43,411b50dc00808ac96144ddfd6f9487adae00a242a5716972407a7786460a7854,206,cross_family_test_set,XAFPAY/structures/XAFPAY_C3_14_648_z1_43.cif,6d516ab285b4696443f18d63031c107d0d092032f30a3c7844d63d121a55596e,411b50dc00808ac96144ddfd6f9487adae00a242a5716972407a7786460a7854,0,172,"[""O"", ""C"", ""O"", ""C"", ""C"", ""C"", ""C"", ""C"", ""C"", ""N"", ""C"", ""C"", ""C"", ""C"", ""C"", ""C"", ""C"", ""C"", ""C"", ""C"", ""Cl"", ""C"", ""Cl"", ""C"", ""C"", ""C"", ""H"", ""H"", ""H"", ""H"", ""H"", ""H"", ""H"", ""H"", ""H"", ""H"", ""H"", ""H"", ""H"", ""H"", ""H"", ""H"", ""H"", ""O"", ""C"", ""O"", ""C"", ""C"", ""C"", ""C"", ""C"", ""C"", ""N"", ""C"", ""C"", ""C"", ""C"", ""C"", ""C"", ""C"", ""C"", ""C"", ""C"", ""Cl"", ""C"", ""Cl"", ""C"", ""C"", ""C"", ""H"", ""H"", ""H"", ""H"", ""H"", ""H"", ""H"", ""H"", ""H"", ""H"", ""H"", ""H"", ""H"", ""H"", ""H"", ""H"", ""H"", ""O"", ""C"", ""O"", ""C"", ""C"", ""C"", ""C"", ""C"", ""C"", ""N"", ""C"", ""C"", ""C"", ""C"", ""C"", ""C"", ""C"", ""C"", ""C"", ""C"", ""Cl"", ""C"", ""Cl"", ""C"", ""C"", ""C"", ""H"", ""H"", ""H"", ""H"", ""H"", ""H"", ""H"", ""H"", ""H"", ""H"", ""H"", ""H"", ""H"", ""H"", ""H"", ""H"", ""H"", ""O"", ""C"", ""O"", ""C"", ""C"", ""C"", ""C"", ""C"", ""C"", ""N"", ""C"", ""C"", ""C"", ""C"", ""C"", ""C"", ""C"", ""C"", ""C"", ""C"", ""Cl"", ""C"", ""Cl"", ""C"", ""C"", ""C"", ""H"", ""H"", ""H"", ""H"", ""H"", ""H"", ""H"", ""H"", ""H"", ""H"", ""H"", ""H"", ""H"", ""H"", ""H"", ""H"", ""H""]",C84H68Cl8N4O8,"[true, true, true]","[18.02884206733721, 0.0, 0.0, 0.0, 18.140534758852283, 0.0, -4.883070447017013, 0.0, 15.71402716456576]",5139.317152049762,[],"{""cutoff=6.000_skin=0.000"": 5484, ""cutoff=6.000_skin=0.500"": 6580}",0.0,,
OPT-RFT-XAFPAY172-R512-v1,16360d404e1cc8ec5ea026f69f45c1e0d210a4962a9adca338d6dcf7b609da30,OPT-RFT-XAFPAY172-R512-v1:0207,XAFPAY_C2_14_2087_z1_43,48e8d65ebf5af889c69b70d3b6e65a2e690098ea64baf09e0cd946957784fa9b,207,cross_family_test_set,XAFPAY/structures/XAFPAY_C2_14_2087_z1_43.cif,fb780361f09ef18405c5c7138984f58031be195470cd46fb2df20c448da8424d,48e8d65ebf5af889c69b70d3b6e65a2e690098ea64baf09e0cd946957784fa9b,0,172,"[""O"", ""C"", ""O"", ""C"", ""C"", ""C"", ""C"", ""C"", ""C"", ""N"", ""C"", ""C"", ""C"", ""C"", ""C"", ""C"", ""C"", ""C"", ""C"", ""C"", ""Cl"", ""C"", ""Cl"", ""C"", ""C"", ""C"", ""H"", ""H"", ""H"", ""H"", ""H"", ""H"", ""H"", ""H"", ""H"", ""H"", ""H"", ""H"", ""H"", ""H"", ""H"", ""H"", ""H"", ""O"", ""C"", ""O"", ""C"", ""C"", ""C"", ""C"", ""C"", ""C"", ""N"", ""C"", ""C"", ""C"", ""C"", ""C"", ""C"", ""C"", ""C"", ""C"", ""C"", ""Cl"", ""C"", ""Cl"", ""C"", ""C"", ""C"", ""H"", ""H"", ""H"", ""H"", ""H"", ""H"", ""H"", ""H"", ""H"", ""H"", ""H"", ""H"", ""H"", ""H"", ""H"", ""H"", ""H"", ""O"", ""C"", ""O"", ""C"", ""C"", ""C"", ""C"", ""C"", ""C"", ""N"", ""C"", ""C"", ""C"", ""C"", ""C"", ""C"", ""C"", ""C"", ""C"", ""C"", ""Cl"", ""C"", ""Cl"", ""C"", ""C"", ""C"", ""H"", ""H"", ""H"", ""H"", ""H"", ""H"", ""H"", ""H"", ""H"", ""H"", ""H"", ""H"", ""H"", ""H"", ""H"", ""H"", ""H"", ""O"", ""C"", ""O"", ""C"", ""C"", ""C"", ""C"", ""C"", ""C"", ""N"", ""C"", ""C"", ""C"", ""C"", ""C"", ""C"", ""C"", ""C"", ""C"", ""C"", ""Cl"", ""C"", ""Cl"", ""C"", ""C"", ""C"", ""H"", ""H"", ""H"", ""H"", ""H"", ""H"", ""H"", ""H"", ""H"", ""H"", ""H"", ""H"", ""H"", ""H"", ""H"", ""H"", ""H""]",C84H68Cl8N4O8,"[true, true, true]","[20.645967759492493, 0.0, 0.0, 0.0, 16.72750974021542, 0.0, 11.481922103544884, 0.0, 15.932650667089549]",5502.430557607956,[],"{""cutoff=6.000_skin=0.000"": 5488, ""cutoff=6.000_skin=0.500"": 6520}",0.0,,
OPT-RFT-XAFPAY172-R512-v1,16360d404e1cc8ec5ea026f69f45c1e0d210a4962a9adca338d6dcf7b609da30,OPT-RFT-XAFPAY172-R512-v1:0208,XAFPAY_C4_2_14092_z2_86,c35d5b8651d20d5d529a62144996717d8ce07eb67e99ff279ac246790b69e06e,208,cross_family_test_set,XAFPAY/structures/XAFPAY_C4_2_14092_z2_86.cif,33d9c76a5f94a3c1ab2d090c7d426918d054d588acefa2564dcb594e0512e213,c35d5b8651d20d5d529a62144996717d8ce07eb67e99ff279ac246790b69e06e,0,172,"[""O"", ""C"", ""O"", ""C"", ""C"", ""C"", ""C"", ""C"", ""C"", ""N"", ""C"", ""C"", ""C"", ""C"", ""C"", ""C"", ""C"", ""C"", ""C"", ""C"", ""Cl"", ""C"", ""Cl"", ""C"", ""C"", ""C"", ""H"", ""H"", ""H"", ""H"", ""H"", ""H"", ""H"", ""H"", ""H"", ""H"", ""H"", ""H"", ""H"", ""H"", ""H"", ""H"", ""H"", ""O"", ""C"", ""O"", ""C"", ""C"", ""C"", ""C"", ""C"", ""C"", ""N"", ""C"", ""C"", ""C"", ""C"", ""C"", ""C"", ""C"", ""C"", ""C"", ""C"", ""Cl"", ""C"", ""Cl"", ""C"", ""C"", ""C"", ""H"", ""H"", ""H"", ""H"", ""H"", ""H"", ""H"", ""H"", ""H"", ""H"", ""H"", ""H"", ""H"", ""H"", ""H"", ""H"", ""H"", ""O"", ""C"", ""O"", ""C"", ""C"", ""C"", ""C"", ""C"", ""C"", ""N"", ""C"", ""C"", ""C"", ""C"", ""C"", ""C"", ""C"", ""C"", ""C"", ""C"", ""Cl"", ""C"", ""Cl"", ""C"", ""C"", ""C"", ""H"", ""H"", ""H"", ""H"", ""H"", ""H"", ""H"", ""H"", ""H"", ""H"", ""H"", ""H"", ""H"", ""H"", ""H"", ""H"", ""H"", ""O"", ""C"", ""O"", ""C"", ""C"", ""C"", ""C"", ""C"", ""C"", ""N"", ""C"", ""C"", ""C"", ""C"", ""C"", ""C"", ""C"", ""C"", ""C"", ""C"", ""Cl"", ""C"", ""Cl"", ""C"", ""C"", ""C"", ""H"", ""H"", ""H"", ""H"", ""H"", ""H"", ""H"", ""H"", ""H"", ""H"", ""H"", ""H"", ""H"", ""H"", ""H"", ""H"", ""H""]",C84H68Cl8N4O8,"[true, true, true]","[30.689553013288545, 0.0, 0.0, -2.154079575280777, 19.33661785546124, 0.0, 2.373154540004307, 2.19369683903359, 8.196060253934961]",4863.805729925225,[],"{""cutoff=6.000_skin=0.000"": 5492, ""cutoff=6.000_skin=0.500"": 6854}",0.0,,
OPT-RFT-XAFPAY172-R512-v1,16360d404e1cc8ec5ea026f69f45c1e0d210a4962a9adca338d6dcf7b609da30,OPT-RFT-XAFPAY172-R512-v1:0209,XAFPAY_C4_2_19014_z2_86,5488b74f272a9ecccf4ac0b2fb999856122194b7f7b9b4ab4a99395dfa6f9317,209,cross_family_test_set,XAFPAY/structures/XAFPAY_C4_2_19014_z2_86.cif,420e1242fd77eb8b82e42e50757321eb3c1d3d4a924818f1c42c8c948785e19f,5488b74f272a9ecccf4ac0b2fb999856122194b7f7b9b4ab4a99395dfa6f9317,0,172,"[""O"", ""C"", ""O"", ""C"", ""C"", ""C"", ""C"", ""C"", ""C"", ""N"", ""C"", ""C"", ""C"", ""C"", ""C"", ""C"", ""C"", ""C"", ""C"", ""C"", ""Cl"", ""C"", ""Cl"", ""C"", ""C"", ""C"", ""H"", ""H"", ""H"", ""H"", ""H"", ""H"", ""H"", ""H"", ""H"", ""H"", ""H"", ""H"", ""H"", ""H"", ""H"", ""H"", ""H"", ""O"", ""C"", ""O"", ""C"", ""C"", ""C"", ""C"", ""C"", ""C"", ""N"", ""C"", ""C"", ""C"", ""C"", ""C"", ""C"", ""C"", ""C"", ""C"", ""C"", ""Cl"", ""C"", ""Cl"", ""C"", ""C"", ""C"", ""H"", ""H"", ""H"", ""H"", ""H"", ""H"", ""H"", ""H"", ""H"", ""H"", ""H"", ""H"", ""H"", ""H"", ""H"", ""H"", ""H"", ""O"", ""C"", ""O"", ""C"", ""C"", ""C"", ""C"", ""C"", ""C"", ""N"", ""C"", ""C"", ""C"", ""C"", ""C"", ""C"", ""C"", ""C"", ""C"", ""C"", ""Cl"", ""C"", ""Cl"", ""C"", ""C"", ""C"", ""H"", ""H"", ""H"", ""H"", ""H"", ""H"", ""H"", ""H"", ""H"", ""H"", ""H"", ""H"", ""H"", ""H"", ""H"", ""H"", ""H"", ""O"", ""C"", ""O"", ""C"", ""C"", ""C"", ""C"", ""C"", ""C"", ""N"", ""C"", ""C"", ""C"", ""C"", ""C"", ""C"", ""C"", ""C"", ""C"", ""C"", ""Cl"", ""C"", ""Cl"", ""C"", ""C"", ""C"", ""H"", ""H"", ""H"", ""H"", ""H"", ""H"", ""H"", ""H"", ""H"", ""H"", ""H"", ""H"", ""H"", ""H"", ""H"", ""H"", ""H""]",C84H68Cl8N4O8,"[true, true, true]","[26.064485447703447, 0.0, 0.0, -1.7311098073115239, 16.406537159657592, 0.0, -1.6506235062236052, -2.4157440599788336, 15.078277776154538]",6447.893000549291,[],"{""cutoff=6.000_skin=0.000"": 5500, ""cutoff=6.000_skin=0.500"": 6704}",0.0,,
OPT-RFT-XAFPAY172-R512-v1,16360d404e1cc8ec5ea026f69f45c1e0d210a4962a9adca338d6dcf7b609da30,OPT-RFT-XAFPAY172-R512-v1:0210,XAFPAY_C1_14_1051_z1_43,067179a349d4e31aeb773569c03fa2ac51b732908cee39a43fe8c432104bdd6e,210,cross_family_test_set,XAFPAY/structures/XAFPAY_C1_14_1051_z1_43.cif,e94df4ab1193420fc3fe80cfabcc720aef037dfafb3bcc11a01580f2fded3509,067179a349d4e31aeb773569c03fa2ac51b732908cee39a43fe8c432104bdd6e,0,172,"[""O"", ""C"", ""O"", ""C"", ""C"", ""C"", ""C"", ""C"", ""C"", ""N"", ""C"", ""C"", ""C"", ""C"", ""C"", ""C"", ""C"", ""C"", ""C"", ""C"", ""Cl"", ""C"", ""Cl"", ""C"", ""C"", ""C"", ""H"", ""H"", ""H"", ""H"", ""H"", ""H"", ""H"", ""H"", ""H"", ""H"", ""H"", ""H"", ""H"", ""H"", ""H"", ""H"", ""H"", ""O"", ""C"", ""O"", ""C"", ""C"", ""C"", ""C"", ""C"", ""C"", ""N"", ""C"", ""C"", ""C"", ""C"", ""C"", ""C"", ""C"", ""C"", ""C"", ""C"", ""Cl"", ""C"", ""Cl"", ""C"", ""C"", ""C"", ""H"", ""H"", ""H"", ""H"", ""H"", ""H"", ""H"", ""H"", ""H"", ""H"", ""H"", ""H"", ""H"", ""H"", ""H"", ""H"", ""H"", ""O"", ""C"", ""O"", ""C"", ""C"", ""C"", ""C"", ""C"", ""C"", ""N"", ""C"", ""C"", ""C"", ""C"", ""C"", ""C"", ""C"", ""C"", ""C"", ""C"", ""Cl"", ""C"", ""Cl"", ""C"", ""C"", ""C"", ""H"", ""H"", ""H"", ""H"", ""H"", ""H"", ""H"", ""H"", ""H"", ""H"", ""H"", ""H"", ""H"", ""H"", ""H"", ""H"", ""H"", ""O"", ""C"", ""O"", ""C"", ""C"", ""C"", ""C"", ""C"", ""C"", ""N"", ""C"", ""C"", ""C"", ""C"", ""C"", ""C"", ""C"", ""C"", ""C"", ""C"", ""Cl"", ""C"", ""Cl"", ""C"", ""C"", ""C"", ""H"", ""H"", ""H"", ""H"", ""H"", ""H"", ""H"", ""H"", ""H"", ""H"", ""H"", ""H"", ""H"", ""H"", ""H"", ""H"", ""H""]",C84H68Cl8N4O8,"[true, true, true]","[20.241796074416904, 0.0, 0.0, 0.0, 16.191607384804684, 0.0, -11.011061698717658, 0.0, 14.616442040701907]",4790.498169129178,[],"{""cutoff=6.000_skin=0.000"": 5504, ""cutoff=6.000_skin=0.500"": 6632}",0.0,,
OPT-RFT-XAFPAY172-R512-v1,16360d404e1cc8ec5ea026f69f45c1e0d210a4962a9adca338d6dcf7b609da30,OPT-RFT-XAFPAY172-R512-v1:0211,XAFPAY_C3_14_3000_z1_43,fccead770fd7ec4b898c9b53ef889cfaafd75c7b89bd2f6b1cb9b9a66340f07c,211,cross_family_test_set,XAFPAY/structures/XAFPAY_C3_14_3000_z1_43.cif,e927ad87a2ee6b029a13489251468cdae1c8dc1718930c6916b1244f88744b3c,fccead770fd7ec4b898c9b53ef889cfaafd75c7b89bd2f6b1cb9b9a66340f07c,0,172,"[""O"", ""C"", ""O"", ""C"", ""C"", ""C"", ""C"", ""C"", ""C"", ""N"", ""C"", ""C"", ""C"", ""C"", ""C"", ""C"", ""C"", ""C"", ""C"", ""C"", ""Cl"", ""C"", ""Cl"", ""C"", ""C"", ""C"", ""H"", ""H"", ""H"", ""H"", ""H"", ""H"", ""H"", ""H"", ""H"", ""H"", ""H"", ""H"", ""H"", ""H"", ""H"", ""H"", ""H"", ""O"", ""C"", ""O"", ""C"", ""C"", ""C"", ""C"", ""C"", ""C"", ""N"", ""C"", ""C"", ""C"", ""C"", ""C"", ""C"", ""C"", ""C"", ""C"", ""C"", ""Cl"", ""C"", ""Cl"", ""C"", ""C"", ""C"", ""H"", ""H"", ""H"", ""H"", ""H"", ""H"", ""H"", ""H"", ""H"", ""H"", ""H"", ""H"", ""H"", ""H"", ""H"", ""H"", ""H"", ""O"", ""C"", ""O"", ""C"", ""C"", ""C"", ""C"", ""C"", ""C"", ""N"", ""C"", ""C"", ""C"", ""C"", ""C"", ""C"", ""C"", ""C"", ""C"", ""C"", ""Cl"", ""C"", ""Cl"", ""C"", ""C"", ""C"", ""H"", ""H"", ""H"", ""H"", ""H"", ""H"", ""H"", ""H"", ""H"", ""H"", ""H"", ""H"", ""H"", ""H"", ""H"", ""H"", ""H"", ""O"", ""C"", ""O"", ""C"", ""C"", ""C"", ""C"", ""C"", ""C"", ""N"", ""C"", ""C"", ""C"", ""C"", ""C"", ""C"", ""C"", ""C"", ""C"", ""C"", ""Cl"", ""C"", ""Cl"", ""C"", ""C"", ""C"", ""H"", ""H"", ""H"", ""H"", ""H"", ""H"", ""H"", ""H"", ""H"", ""H"", ""H"", ""H"", ""H"", ""H"", ""H"", ""H"", ""H""]",C84H68Cl8N4O8,"[true, true, true]","[12.312928442292147, 0.0, 0.0, 0.0, 24.298614241292, 0.0, 0.7854809037170818, 0.0, 15.448345798305304]",4621.945754473084,[],"{""cutoff=6.000_skin=0.000"": 5508, ""cutoff=6.000_skin=0.500"": 6900}",0.0,,
OPT-RFT-XAFPAY172-R512-v1,16360d404e1cc8ec5ea026f69f45c1e0d210a4962a9adca338d6dcf7b609da30,OPT-RFT-XAFPAY172-R512-v1:0212,XAFPAY_C2_2_3812_z2_86,48aa5be8e53e4098e1c2a2faff1ec5f3f98a3c74d8b7a8f18def46a18596df12,212,cross_family_test_set,XAFPAY/structures/XAFPAY_C2_2_3812_z2_86.cif,2f94eb5714c12a8c0ca27f524a8243e6d82549242335354804833618ececaa70,48aa5be8e53e4098e1c2a2faff1ec5f3f98a3c74d8b7a8f18def46a18596df12,0,172,"[""O"", ""C"", ""O"", ""C"", ""C"", ""C"", ""C"", ""C"", ""C"", ""N"", ""C"", ""C"", ""C"", ""C"", ""C"", ""C"", ""C"", ""C"", ""C"", ""C"", ""Cl"", ""C"", ""Cl"", ""C"", ""C"", ""C"", ""H"", ""H"", ""H"", ""H"", ""H"", ""H"", ""H"", ""H"", ""H"", ""H"", ""H"", ""H"", ""H"", ""H"", ""H"", ""H"", ""H"", ""O"", ""C"", ""O"", ""C"", ""C"", ""C"", ""C"", ""C"", ""C"", ""N"", ""C"", ""C"", ""C"", ""C"", ""C"", ""C"", ""C"", ""C"", ""C"", ""C"", ""Cl"", ""C"", ""Cl"", ""C"", ""C"", ""C"", ""H"", ""H"", ""H"", ""H"", ""H"", ""H"", ""H"", ""H"", ""H"", ""H"", ""H"", ""H"", ""H"", ""H"", ""H"", ""H"", ""H"", ""O"", ""C"", ""O"", ""C"", ""C"", ""C"", ""C"", ""C"", ""C"", ""N"", ""C"", ""C"", ""C"", ""C"", ""C"", ""C"", ""C"", ""C"", ""C"", ""C"", ""Cl"", ""C"", ""Cl"", ""C"", ""C"", ""C"", ""H"", ""H"", ""H"", ""H"", ""H"", ""H"", ""H"", ""H"", ""H"", ""H"", ""H"", ""H"", ""H"", ""H"", ""H"", ""H"", ""H"", ""O"", ""C"", ""O"", ""C"", ""C"", ""C"", ""C"", ""C"", ""C"", ""N"", ""C"", ""C"", ""C"", ""C"", ""C"", ""C"", ""C"", ""C"", ""C"", ""C"", ""Cl"", ""C"", ""Cl"", ""C"", ""C"", ""C"", ""H"", ""H"", ""H"", ""H"", ""H"", ""H"", ""H"", ""H"", ""H"", ""H"", ""H"", ""H"", ""H"", ""H"", ""H"", ""H"", ""H""]",C84H68Cl8N4O8,"[true, true, true]","[28.628132523420845, 0.0, 0.0, -1.1985662139572189, 15.622638735385394, 0.0, 10.840756742660124, 5.990689418322376, 14.147547044607528]",6327.44757809036,[],"{""cutoff=6.000_skin=0.000"": 5512, ""cutoff=6.000_skin=0.500"": 6614}",0.0,,
OPT-RFT-XAFPAY172-R512-v1,16360d404e1cc8ec5ea026f69f45c1e0d210a4962a9adca338d6dcf7b609da30,OPT-RFT-XAFPAY172-R512-v1:0213,XAFPAY_C2_14_2069_z1_43,488b267d311f40e2bb933c7c7a056dd2589c17e964656baa192e32c505eab448,213,cross_family_test_set,XAFPAY/structures/XAFPAY_C2_14_2069_z1_43.cif,537890159602871dd0e2b68885d6e0ce1dabf8d0d0e0f527e70e54e1421ae8a9,488b267d311f40e2bb933c7c7a056dd2589c17e964656baa192e32c505eab448,0,172,"[""O"", ""C"", ""O"", ""C"", ""C"", ""C"", ""C"", ""C"", ""C"", ""N"", ""C"", ""C"", ""C"", ""C"", ""C"", ""C"", ""C"", ""C"", ""C"", ""C"", ""Cl"", ""C"", ""Cl"", ""C"", ""C"", ""C"", ""H"", ""H"", ""H"", ""H"", ""H"", ""H"", ""H"", ""H"", ""H"", ""H"", ""H"", ""H"", ""H"", ""H"", ""H"", ""H"", ""H"", ""O"", ""C"", ""O"", ""C"", ""C"", ""C"", ""C"", ""C"", ""C"", ""N"", ""C"", ""C"", ""C"", ""C"", ""C"", ""C"", ""C"", ""C"", ""C"", ""C"", ""Cl"", ""C"", ""Cl"", ""C"", ""C"", ""C"", ""H"", ""H"", ""H"", ""H"", ""H"", ""H"", ""H"", ""H"", ""H"", ""H"", ""H"", ""H"", ""H"", ""H"", ""H"", ""H"", ""H"", ""O"", ""C"", ""O"", ""C"", ""C"", ""C"", ""C"", ""C"", ""C"", ""N"", ""C"", ""C"", ""C"", ""C"", ""C"", ""C"", ""C"", ""C"", ""C"", ""C"", ""Cl"", ""C"", ""Cl"", ""C"", ""C"", ""C"", ""H"", ""H"", ""H"", ""H"", ""H"", ""H"", ""H"", ""H"", ""H"", ""H"", ""H"", ""H"", ""H"", ""H"", ""H"", ""H"", ""H"", ""O"", ""C"", ""O"", ""C"", ""C"", ""C"", ""C"", ""C"", ""C"", ""N"", ""C"", ""C"", ""C"", ""C"", ""C"", ""C"", ""C"", ""C"", ""C"", ""C"", ""Cl"", ""C"", ""Cl"", ""C"", ""C"", ""C"", ""H"", ""H"", ""H"", ""H"", ""H"", ""H"", ""H"", ""H"", ""H"", ""H"", ""H"", ""H"", ""H"", ""H"", ""H"", ""H"", ""H""]",C84H68Cl8N4O8,"[true, true, true]","[12.90029748433956, 0.0, 0.0, 0.0, 24.782152164119807, 0.0, 4.344852559326801, 0.0, 21.21496920272307]",6782.364877876556,[],"{""cutoff=6.000_skin=0.000"": 5516, ""cutoff=6.000_skin=0.500"": 6400}",0.0,,
OPT-RFT-XAFPAY172-R512-v1,16360d404e1cc8ec5ea026f69f45c1e0d210a4962a9adca338d6dcf7b609da30,OPT-RFT-XAFPAY172-R512-v1:0214,XAFPAY_C1_2_4631_z2_86,8f80cfe03bbbfd256488539776222735a47a7fe682929cc6d435ebeac265c509,214,cross_family_test_set,XAFPAY/structures/XAFPAY_C1_2_4631_z2_86.cif,03c7fd9de5936686a83574995dd7e00054394fdb7abf3103902e7283535e0ac1,8f80cfe03bbbfd256488539776222735a47a7fe682929cc6d435ebeac265c509,0,172,"[""O"", ""C"", ""O"", ""C"", ""C"", ""C"", ""C"", ""C"", ""C"", ""N"", ""C"", ""C"", ""C"", ""C"", ""C"", ""C"", ""C"", ""C"", ""C"", ""C"", ""Cl"", ""C"", ""Cl"", ""C"", ""C"", ""C"", ""H"", ""H"", ""H"", ""H"", ""H"", ""H"", ""H"", ""H"", ""H"", ""H"", ""H"", ""H"", ""H"", ""H"", ""H"", ""H"", ""H"", ""O"", ""C"", ""O"", ""C"", ""C"", ""C"", ""C"", ""C"", ""C"", ""N"", ""C"", ""C"", ""C"", ""C"", ""C"", ""C"", ""C"", ""C"", ""C"", ""C"", ""Cl"", ""C"", ""Cl"", ""C"", ""C"", ""C"", ""H"", ""H"", ""H"", ""H"", ""H"", ""H"", ""H"", ""H"", ""H"", ""H"", ""H"", ""H"", ""H"", ""H"", ""H"", ""H"", ""H"", ""O"", ""C"", ""O"", ""C"", ""C"", ""C"", ""C"", ""C"", ""C"", ""N"", ""C"", ""C"", ""C"", ""C"", ""C"", ""C"", ""C"", ""C"", ""C"", ""C"", ""Cl"", ""C"", ""Cl"", ""C"", ""C"", ""C"", ""H"", ""H"", ""H"", ""H"", ""H"", ""H"", ""H"", ""H"", ""H"", ""H"", ""H"", ""H"", ""H"", ""H"", ""H"", ""H"", ""H"", ""O"", ""C"", ""O"", ""C"", ""C"", ""C"", ""C"", ""C"", ""C"", ""N"", ""C"", ""C"", ""C"", ""C"", ""C"", ""C"", ""C"", ""C"", ""C"", ""C"", ""Cl"", ""C"", ""Cl"", ""C"", ""C"", ""C"", ""H"", ""H"", ""H"", ""H"", ""H"", ""H"", ""H"", ""H"", ""H"", ""H"", ""H"", ""H"", ""H"", ""H"", ""H"", ""H"", ""H""]",C84H68Cl8N4O8,"[true, true, true]","[14.271992945959594, 0.0, 0.0, -15.157915055966793, 17.758426290740648, 0.0, -13.441593372754197, -10.137074888079677, 21.731447401399123]",5507.794809363051,[],"{""cutoff=6.000_skin=0.000"": 5522, ""cutoff=6.000_skin=0.500"": 6784}",0.0,,
OPT-RFT-XAFPAY172-R512-v1,16360d404e1cc8ec5ea026f69f45c1e0d210a4962a9adca338d6dcf7b609da30,OPT-RFT-XAFPAY172-R512-v1:0215,XAFPAY_C3_14_3990_z1_43,32700ab11444714f155e19bc3292d23a36ca0b64a1381173b8ff047d893904bd,215,cross_family_test_set,XAFPAY/structures/XAFPAY_C3_14_3990_z1_43.cif,d914d435e7856e4abd0a1cba3a1a02e9711425195d0fb6a031ef63a8fcde4127,32700ab11444714f155e19bc3292d23a36ca0b64a1381173b8ff047d893904bd,0,172,"[""O"", ""C"", ""O"", ""C"", ""C"", ""C"", ""C"", ""C"", ""C"", ""N"", ""C"", ""C"", ""C"", ""C"", ""C"", ""C"", ""C"", ""C"", ""C"", ""C"", ""Cl"", ""C"", ""Cl"", ""C"", ""C"", ""C"", ""H"", ""H"", ""H"", ""H"", ""H"", ""H"", ""H"", ""H"", ""H"", ""H"", ""H"", ""H"", ""H"", ""H"", ""H"", ""H"", ""H"", ""O"", ""C"", ""O"", ""C"", ""C"", ""C"", ""C"", ""C"", ""C"", ""N"", ""C"", ""C"", ""C"", ""C"", ""C"", ""C"", ""C"", ""C"", ""C"", ""C"", ""Cl"", ""C"", ""Cl"", ""C"", ""C"", ""C"", ""H"", ""H"", ""H"", ""H"", ""H"", ""H"", ""H"", ""H"", ""H"", ""H"", ""H"", ""H"", ""H"", ""H"", ""H"", ""H"", ""H"", ""O"", ""C"", ""O"", ""C"", ""C"", ""C"", ""C"", ""C"", ""C"", ""N"", ""C"", ""C"", ""C"", ""C"", ""C"", ""C"", ""C"", ""C"", ""C"", ""C"", ""Cl"", ""C"", ""Cl"", ""C"", ""C"", ""C"", ""H"", ""H"", ""H"", ""H"", ""H"", ""H"", ""H"", ""H"", ""H"", ""H"", ""H"", ""H"", ""H"", ""H"", ""H"", ""H"", ""H"", ""O"", ""C"", ""O"", ""C"", ""C"", ""C"", ""C"", ""C"", ""C"", ""N"", ""C"", ""C"", ""C"", ""C"", ""C"", ""C"", ""C"", ""C"", ""C"", ""C"", ""Cl"", ""C"", ""Cl"", ""C"", ""C"", ""C"", ""H"", ""H"", ""H"", ""H"", ""H"", ""H"", ""H"", ""H"", ""H"", ""H"", ""H"", ""H"", ""H"", ""H"", ""H"", ""H"", ""H""]",C84H68Cl8N4O8,"[true, true, true]","[10.15735827871342, 0.0, 0.0, 0.0, 24.91648863547225, 0.0, 7.855922347199016, 0.0, 18.955953637041965]",4797.480835546695,[],"{""cutoff=6.000_skin=0.000"": 5524, ""cutoff=6.000_skin=0.500"": 6584}",0.0,,
OPT-RFT-XAFPAY172-R512-v1,16360d404e1cc8ec5ea026f69f45c1e0d210a4962a9adca338d6dcf7b609da30,OPT-RFT-XAFPAY172-R512-v1:0216,XAFPAY_C2_2_2178_z2_86,be9a256d2f64f3b6f0e13764b484a68cce936ef5e33d559967f5af9694392422,216,cross_family_test_set,XAFPAY/structures/XAFPAY_C2_2_2178_z2_86.cif,916ef91fed1e6f3ccfecd1edb6062c07f61a27a336839dc5deca76274173d58f,be9a256d2f64f3b6f0e13764b484a68cce936ef5e33d559967f5af9694392422,0,172,"[""O"", ""C"", ""O"", ""C"", ""C"", ""C"", ""C"", ""C"", ""C"", ""N"", ""C"", ""C"", ""C"", ""C"", ""C"", ""C"", ""C"", ""C"", ""C"", ""C"", ""Cl"", ""C"", ""Cl"", ""C"", ""C"", ""C"", ""H"", ""H"", ""H"", ""H"", ""H"", ""H"", ""H"", ""H"", ""H"", ""H"", ""H"", ""H"", ""H"", ""H"", ""H"", ""H"", ""H"", ""O"", ""C"", ""O"", ""C"", ""C"", ""C"", ""C"", ""C"", ""C"", ""N"", ""C"", ""C"", ""C"", ""C"", ""C"", ""C"", ""C"", ""C"", ""C"", ""C"", ""Cl"", ""C"", ""Cl"", ""C"", ""C"", ""C"", ""H"", ""H"", ""H"", ""H"", ""H"", ""H"", ""H"", ""H"", ""H"", ""H"", ""H"", ""H"", ""H"", ""H"", ""H"", ""H"", ""H"", ""O"", ""C"", ""O"", ""C"", ""C"", ""C"", ""C"", ""C"", ""C"", ""N"", ""C"", ""C"", ""C"", ""C"", ""C"", ""C"", ""C"", ""C"", ""C"", ""C"", ""Cl"", ""C"", ""Cl"", ""C"", ""C"", ""C"", ""H"", ""H"", ""H"", ""H"", ""H"", ""H"", ""H"", ""H"", ""H"", ""H"", ""H"", ""H"", ""H"", ""H"", ""H"", ""H"", ""H"", ""O"", ""C"", ""O"", ""C"", ""C"", ""C"", ""C"", ""C"", ""C"", ""N"", ""C"", ""C"", ""C"", ""C"", ""C"", ""C"", ""C"", ""C"", ""C"", ""C"", ""Cl"", ""C"", ""Cl"", ""C"", ""C"", ""C"", ""H"", ""H"", ""H"", ""H"", ""H"", ""H"", ""H"", ""H"", ""H"", ""H"", ""H"", ""H"", ""H"", ""H"", ""H"", ""H"", ""H""]",C84H68Cl8N4O8,"[true, true, true]","[23.073032691166084, 0.0, 0.0, -8.138869983060838, 17.29077530636746, 0.0, 8.344546890590449, 16.45005841398501, 17.05581202810542]",6804.426849723955,[],"{""cutoff=6.000_skin=0.000"": 5526, ""cutoff=6.000_skin=0.500"": 6510}",0.0,,
OPT-RFT-XAFPAY172-R512-v1,16360d404e1cc8ec5ea026f69f45c1e0d210a4962a9adca338d6dcf7b609da30,OPT-RFT-XAFPAY172-R512-v1:0217,XAFPAY_C3_2_17765_z2_86,00a0cd4ecc6ac5b15b998a07ead466eb5fa5f970ca48524d11b89039e9f6b357,217,cross_family_test_set,XAFPAY/structures/XAFPAY_C3_2_17765_z2_86.cif,d6b40b03e51f1a3f5c132cb069e89e27a9ead08272ef6934e32e156bd06fe1b7,00a0cd4ecc6ac5b15b998a07ead466eb5fa5f970ca48524d11b89039e9f6b357,0,172,"[""O"", ""C"", ""O"", ""C"", ""C"", ""C"", ""C"", ""C"", ""C"", ""N"", ""C"", ""C"", ""C"", ""C"", ""C"", ""C"", ""C"", ""C"", ""C"", ""C"", ""Cl"", ""C"", ""Cl"", ""C"", ""C"", ""C"", ""H"", ""H"", ""H"", ""H"", ""H"", ""H"", ""H"", ""H"", ""H"", ""H"", ""H"", ""H"", ""H"", ""H"", ""H"", ""H"", ""H"", ""O"", ""C"", ""O"", ""C"", ""C"", ""C"", ""C"", ""C"", ""C"", ""N"", ""C"", ""C"", ""C"", ""C"", ""C"", ""C"", ""C"", ""C"", ""C"", ""C"", ""Cl"", ""C"", ""Cl"", ""C"", ""C"", ""C"", ""H"", ""H"", ""H"", ""H"", ""H"", ""H"", ""H"", ""H"", ""H"", ""H"", ""H"", ""H"", ""H"", ""H"", ""H"", ""H"", ""H"", ""O"", ""C"", ""O"", ""C"", ""C"", ""C"", ""C"", ""C"", ""C"", ""N"", ""C"", ""C"", ""C"", ""C"", ""C"", ""C"", ""C"", ""C"", ""C"", ""C"", ""Cl"", ""C"", ""Cl"", ""C"", ""C"", ""C"", ""H"", ""H"", ""H"", ""H"", ""H"", ""H"", ""H"", ""H"", ""H"", ""H"", ""H"", ""H"", ""H"", ""H"", ""H"", ""H"", ""H"", ""O"", ""C"", ""O"", ""C"", ""C"", ""C"", ""C"", ""C"", ""C"", ""N"", ""C"", ""C"", ""C"", ""C"", ""C"", ""C"", ""C"", ""C"", ""C"", ""C"", ""Cl"", ""C"", ""Cl"", ""C"", ""C"", ""C"", ""H"", ""H"", ""H"", ""H"", ""H"", ""H"", ""H"", ""H"", ""H"", ""H"", ""H"", ""H"", ""H"", ""H"", ""H"", ""H"", ""H""]",C84H68Cl8N4O8,"[true, true, true]","[20.38784834566232, 0.0, 0.0, -2.358266935573045, 17.86288316820453, 0.0, -0.7991476248464695, -0.960987325633346, 16.012486656110948]",5831.519511053043,[],"{""cutoff=6.000_skin=0.000"": 5530, ""cutoff=6.000_skin=0.500"": 6838}",0.0,,
OPT-RFT-XAFPAY172-R512-v1,16360d404e1cc8ec5ea026f69f45c1e0d210a4962a9adca338d6dcf7b609da30,OPT-RFT-XAFPAY172-R512-v1:0218,XAFPAY_C1_2_1438_z2_86,3ed347cedec12ecd805f66c4261a7e90cdcebb9f05885cbb38abf8520ebfffdd,218,cross_family_test_set,XAFPAY/structures/XAFPAY_C1_2_1438_z2_86.cif,b572fc2dffc5bef6a08968f704ee41fa2a0377c04c8b8f15f8b926985588c4ab,3ed347cedec12ecd805f66c4261a7e90cdcebb9f05885cbb38abf8520ebfffdd,0,172,"[""O"", ""C"", ""O"", ""C"", ""C"", ""C"", ""C"", ""C"", ""C"", ""N"", ""C"", ""C"", ""C"", ""C"", ""C"", ""C"", ""C"", ""C"", ""C"", ""C"", ""Cl"", ""C"", ""Cl"", ""C"", ""C"", ""C"", ""H"", ""H"", ""H"", ""H"", ""H"", ""H"", ""H"", ""H"", ""H"", ""H"", ""H"", ""H"", ""H"", ""H"", ""H"", ""H"", ""H"", ""O"", ""C"", ""O"", ""C"", ""C"", ""C"", ""C"", ""C"", ""C"", ""N"", ""C"", ""C"", ""C"", ""C"", ""C"", ""C"", ""C"", ""C"", ""C"", ""C"", ""Cl"", ""C"", ""Cl"", ""C"", ""C"", ""C"", ""H"", ""H"", ""H"", ""H"", ""H"", ""H"", ""H"", ""H"", ""H"", ""H"", ""H"", ""H"", ""H"", ""H"", ""H"", ""H"", ""H"", ""O"", ""C"", ""O"", ""C"", ""C"", ""C"", ""C"", ""C"", ""C"", ""N"", ""C"", ""C"", ""C"", ""C"", ""C"", ""C"", ""C"", ""C"", ""C"", ""C"", ""Cl"", ""C"", ""Cl"", ""C"", ""C"", ""C"", ""H"", ""H"", ""H"", ""H"", ""H"", ""H"", ""H"", ""H"", ""H"", ""H"", ""H"", ""H"", ""H"", ""H"", ""H"", ""H"", ""H"", ""O"", ""C"", ""O"", ""C"", ""C"", ""C"", ""C"", ""C"", ""C"", ""N"", ""C"", ""C"", ""C"", ""C"", ""C"", ""C"", ""C"", ""C"", ""C"", ""C"", ""Cl"", ""C"", ""Cl"", ""C"", ""C"", ""C"", ""H"", ""H"", ""H"", ""H"", ""H"", ""H"", ""H"", ""H"", ""H"", ""H"", ""H"", ""H"", ""H"", ""H"", ""H"", ""H"", ""H""]",C84H68Cl8N4O8,"[true, true, true]","[18.956480395351377, 0.0, 0.0, -11.680684806975723, 21.568950536007442, 0.0, 1.736089215205069, 2.0619066342937815, 12.209141410927977]",4991.968594780632,[],"{""cutoff=6.000_skin=0.000"": 5536, ""cutoff=6.000_skin=0.500"": 6752}",0.0,,
OPT-RFT-XAFPAY172-R512-v1,16360d404e1cc8ec5ea026f69f45c1e0d210a4962a9adca338d6dcf7b609da30,OPT-RFT-XAFPAY172-R512-v1:0219,XAFPAY_C1_14_2794_z1_43,80a17aa6eea52ae7e8c7c761d19f9cc17acf5453cd034b2d175895e5528da4fc,219,cross_family_test_set,XAFPAY/structures/XAFPAY_C1_14_2794_z1_43.cif,17349589b2e0f6b6dee152932efff7af50252bfc4b32d0e94923f92c53531bc6,80a17aa6eea52ae7e8c7c761d19f9cc17acf5453cd034b2d175895e5528da4fc,0,172,"[""O"", ""C"", ""O"", ""C"", ""C"", ""C"", ""C"", ""C"", ""C"", ""N"", ""C"", ""C"", ""C"", ""C"", ""C"", ""C"", ""C"", ""C"", ""C"", ""C"", ""Cl"", ""C"", ""Cl"", ""C"", ""C"", ""C"", ""H"", ""H"", ""H"", ""H"", ""H"", ""H"", ""H"", ""H"", ""H"", ""H"", ""H"", ""H"", ""H"", ""H"", ""H"", ""H"", ""H"", ""O"", ""C"", ""O"", ""C"", ""C"", ""C"", ""C"", ""C"", ""C"", ""N"", ""C"", ""C"", ""C"", ""C"", ""C"", ""C"", ""C"", ""C"", ""C"", ""C"", ""Cl"", ""C"", ""Cl"", ""C"", ""C"", ""C"", ""H"", ""H"", ""H"", ""H"", ""H"", ""H"", ""H"", ""H"", ""H"", ""H"", ""H"", ""H"", ""H"", ""H"", ""H"", ""H"", ""H"", ""O"", ""C"", ""O"", ""C"", ""C"", ""C"", ""C"", ""C"", ""C"", ""N"", ""C"", ""C"", ""C"", ""C"", ""C"", ""C"", ""C"", ""C"", ""C"", ""C"", ""Cl"", ""C"", ""Cl"", ""C"", ""C"", ""C"", ""H"", ""H"", ""H"", ""H"", ""H"", ""H"", ""H"", ""H"", ""H"", ""H"", ""H"", ""H"", ""H"", ""H"", ""H"", ""H"", ""H"", ""O"", ""C"", ""O"", ""C"", ""C"", ""C"", ""C"", ""C"", ""C"", ""N"", ""C"", ""C"", ""C"", ""C"", ""C"", ""C"", ""C"", ""C"", ""C"", ""C"", ""Cl"", ""C"", ""Cl"", ""C"", ""C"", ""C"", ""H"", ""H"", ""H"", ""H"", ""H"", ""H"", ""H"", ""H"", ""H"", ""H"", ""H"", ""H"", ""H"", ""H"", ""H"", ""H"", ""H""]",C84H68Cl8N4O8,"[true, true, true]","[12.275987120081616, 0.0, 0.0, 0.0, 17.42501709628681, 0.0, -27.317693023153193, 0.0, 34.31271768286467]",7339.808921087856,[],"{""cutoff=6.000_skin=0.000"": 5540, ""cutoff=6.000_skin=0.500"": 6552}",0.0,,
OPT-RFT-XAFPAY172-R512-v1,16360d404e1cc8ec5ea026f69f45c1e0d210a4962a9adca338d6dcf7b609da30,OPT-RFT-XAFPAY172-R512-v1:0220,XAFPAY_C1_2_5790_z2_86,48812ad54a2e4cb98e7d74bb4f6b8d3fad1c704c3a71372a57e87704f7afff27,220,cross_family_test_set,XAFPAY/structures/XAFPAY_C1_2_5790_z2_86.cif,e592e9cab7c5428e6692780bcf8d5c25dbfb57ac03614d4d5599aa643fc3d18f,48812ad54a2e4cb98e7d74bb4f6b8d3fad1c704c3a71372a57e87704f7afff27,0,172,"[""O"", ""C"", ""O"", ""C"", ""C"", ""C"", ""C"", ""C"", ""C"", ""N"", ""C"", ""C"", ""C"", ""C"", ""C"", ""C"", ""C"", ""C"", ""C"", ""C"", ""Cl"", ""C"", ""Cl"", ""C"", ""C"", ""C"", ""H"", ""H"", ""H"", ""H"", ""H"", ""H"", ""H"", ""H"", ""H"", ""H"", ""H"", ""H"", ""H"", ""H"", ""H"", ""H"", ""H"", ""O"", ""C"", ""O"", ""C"", ""C"", ""C"", ""C"", ""C"", ""C"", ""N"", ""C"", ""C"", ""C"", ""C"", ""C"", ""C"", ""C"", ""C"", ""C"", ""C"", ""Cl"", ""C"", ""Cl"", ""C"", ""C"", ""C"", ""H"", ""H"", ""H"", ""H"", ""H"", ""H"", ""H"", ""H"", ""H"", ""H"", ""H"", ""H"", ""H"", ""H"", ""H"", ""H"", ""H"", ""O"", ""C"", ""O"", ""C"", ""C"", ""C"", ""C"", ""C"", ""C"", ""N"", ""C"", ""C"", ""C"", ""C"", ""C"", ""C"", ""C"", ""C"", ""C"", ""C"", ""Cl"", ""C"", ""Cl"", ""C"", ""C"", ""C"", ""H"", ""H"", ""H"", ""H"", ""H"", ""H"", ""H"", ""H"", ""H"", ""H"", ""H"", ""H"", ""H"", ""H"", ""H"", ""H"", ""H"", ""O"", ""C"", ""O"", ""C"", ""C"", ""C"", ""C"", ""C"", ""C"", ""N"", ""C"", ""C"", ""C"", ""C"", ""C"", ""C"", ""C"", ""C"", ""C"", ""C"", ""Cl"", ""C"", ""Cl"", ""C"", ""C"", ""C"", ""H"", ""H"", ""H"", ""H"", ""H"", ""H"", ""H"", ""H"", ""H"", ""H"", ""H"", ""H"", ""H"", ""H"", ""H"", ""H"", ""H""]",C84H68Cl8N4O8,"[true, true, true]","[13.269389838435316, 0.0, 0.0, 9.77547847957851, 22.332541471347273, 0.0, 7.922814333658116, 10.173592987393821, 19.294739605850726]",5717.787677132268,[],"{""cutoff=6.000_skin=0.000"": 5542, ""cutoff=6.000_skin=0.500"": 6744}",0.0,,
OPT-RFT-XAFPAY172-R512-v1,16360d404e1cc8ec5ea026f69f45c1e0d210a4962a9adca338d6dcf7b609da30,OPT-RFT-XAFPAY172-R512-v1:0221,XAFPAY_C4_2_8886_z2_86,b618445182117a4a633bcd15ae1fa4b094ebbb67c7ca53001a9f7eeda8ada1bb,221,cross_family_test_set,XAFPAY/structures/XAFPAY_C4_2_8886_z2_86.cif,a53a6b0a785fc06cce944906fbc1a56230f515ccbdd5e83420bbca9a905c0107,b618445182117a4a633bcd15ae1fa4b094ebbb67c7ca53001a9f7eeda8ada1bb,0,172,"[""O"", ""C"", ""O"", ""C"", ""C"", ""C"", ""C"", ""C"", ""C"", ""N"", ""C"", ""C"", ""C"", ""C"", ""C"", ""C"", ""C"", ""C"", ""C"", ""C"", ""Cl"", ""C"", ""Cl"", ""C"", ""C"", ""C"", ""H"", ""H"", ""H"", ""H"", ""H"", ""H"", ""H"", ""H"", ""H"", ""H"", ""H"", ""H"", ""H"", ""H"", ""H"", ""H"", ""H"", ""O"", ""C"", ""O"", ""C"", ""C"", ""C"", ""C"", ""C"", ""C"", ""N"", ""C"", ""C"", ""C"", ""C"", ""C"", ""C"", ""C"", ""C"", ""C"", ""C"", ""Cl"", ""C"", ""Cl"", ""C"", ""C"", ""C"", ""H"", ""H"", ""H"", ""H"", ""H"", ""H"", ""H"", ""H"", ""H"", ""H"", ""H"", ""H"", ""H"", ""H"", ""H"", ""H"", ""H"", ""O"", ""C"", ""O"", ""C"", ""C"", ""C"", ""C"", ""C"", ""C"", ""N"", ""C"", ""C"", ""C"", ""C"", ""C"", ""C"", ""C"", ""C"", ""C"", ""C"", ""Cl"", ""C"", ""Cl"", ""C"", ""C"", ""C"", ""H"", ""H"", ""H"", ""H"", ""H"", ""H"", ""H"", ""H"", ""H"", ""H"", ""H"", ""H"", ""H"", ""H"", ""H"", ""H"", ""H"", ""O"", ""C"", ""O"", ""C"", ""C"", ""C"", ""C"", ""C"", ""C"", ""N"", ""C"", ""C"", ""C"", ""C"", ""C"", ""C"", ""C"", ""C"", ""C"", ""C"", ""Cl"", ""C"", ""Cl"", ""C"", ""C"", ""C"", ""H"", ""H"", ""H"", ""H"", ""H"", ""H"", ""H"", ""H"", ""H"", ""H"", ""H"", ""H"", ""H"", ""H"", ""H"", ""H"", ""H""]",C84H68Cl8N4O8,"[true, true, true]","[23.005750527560778, 0.0, 0.0, 4.866044074381311, 25.05053637447426, 0.0, 7.096130026850689, -16.006714828379852, 11.423812413840436]",6583.6160969726525,[],"{""cutoff=6.000_skin=0.000"": 5542, ""cutoff=6.000_skin=0.500"": 6716}",0.0,,
OPT-RFT-XAFPAY172-R512-v1,16360d404e1cc8ec5ea026f69f45c1e0d210a4962a9adca338d6dcf7b609da30,OPT-RFT-XAFPAY172-R512-v1:0222,XAFPAY_C2_2_1510_z2_86,4dfad20b8f36fd75c1eec8c7aae115e74efc870a72565fe0435c562100ca03ff,222,cross_family_test_set,XAFPAY/structures/XAFPAY_C2_2_1510_z2_86.cif,ab9f5963a3c6a0beda2c499b9596f53f8d1498f466ba9594debb459fd2bdc7cc,4dfad20b8f36fd75c1eec8c7aae115e74efc870a72565fe0435c562100ca03ff,0,172,"[""O"", ""C"", ""O"", ""C"", ""C"", ""C"", ""C"", ""C"", ""C"", ""N"", ""C"", ""C"", ""C"", ""C"", ""C"", ""C"", ""C"", ""C"", ""C"", ""C"", ""Cl"", ""C"", ""Cl"", ""C"", ""C"", ""C"", ""H"", ""H"", ""H"", ""H"", ""H"", ""H"", ""H"", ""H"", ""H"", ""H"", ""H"", ""H"", ""H"", ""H"", ""H"", ""H"", ""H"", ""O"", ""C"", ""O"", ""C"", ""C"", ""C"", ""C"", ""C"", ""C"", ""N"", ""C"", ""C"", ""C"", ""C"", ""C"", ""C"", ""C"", ""C"", ""C"", ""C"", ""Cl"", ""C"", ""Cl"", ""C"", ""C"", ""C"", ""H"", ""H"", ""H"", ""H"", ""H"", ""H"", ""H"", ""H"", ""H"", ""H"", ""H"", ""H"", ""H"", ""H"", ""H"", ""H"", ""H"", ""O"", ""C"", ""O"", ""C"", ""C"", ""C"", ""C"", ""C"", ""C"", ""N"", ""C"", ""C"", ""C"", ""C"", ""C"", ""C"", ""C"", ""C"", ""C"", ""C"", ""Cl"", ""C"", ""Cl"", ""C"", ""C"", ""C"", ""H"", ""H"", ""H"", ""H"", ""H"", ""H"", ""H"", ""H"", ""H"", ""H"", ""H"", ""H"", ""H"", ""H"", ""H"", ""H"", ""H"", ""O"", ""C"", ""O"", ""C"", ""C"", ""C"", ""C"", ""C"", ""C"", ""N"", ""C"", ""C"", ""C"", ""C"", ""C"", ""C"", ""C"", ""C"", ""C"", ""C"", ""Cl"", ""C"", ""Cl"", ""C"", ""C"", ""C"", ""H"", ""H"", ""H"", ""H"", ""H"", ""H"", ""H"", ""H"", ""H"", ""H"", ""H"", ""H"", ""H"", ""H"", ""H"", ""H"", ""H""]",C84H68Cl8N4O8,"[true, true, true]","[15.948415715753, 0.0, 0.0, -3.6249632704722976, 10.958493487491502, 0.0, 5.582606679749187, 9.961379801891354, 30.405725302180173]",5314.027151162414,[],"{""cutoff=6.000_skin=0.000"": 5548, ""cutoff=6.000_skin=0.500"": 6712}",0.0,,
OPT-RFT-XAFPAY172-R512-v1,16360d404e1cc8ec5ea026f69f45c1e0d210a4962a9adca338d6dcf7b609da30,OPT-RFT-XAFPAY172-R512-v1:0223,XAFPAY_C4_2_4180_z2_86,66fe18e50fe5b8626e8ce9c5c9b15cdea60dc0fea17791195912061a7241fcdc,223,cross_family_test_set,XAFPAY/structures/XAFPAY_C4_2_4180_z2_86.cif,4d5aec6cabe8f55cd6fa49c53228a46339ccc7e2d70d1397bd5444a2f35aed2b,66fe18e50fe5b8626e8ce9c5c9b15cdea60dc0fea17791195912061a7241fcdc,0,172,"[""O"", ""C"", ""O"", ""C"", ""C"", ""C"", ""C"", ""C"", ""C"", ""N"", ""C"", ""C"", ""C"", ""C"", ""C"", ""C"", ""C"", ""C"", ""C"", ""C"", ""Cl"", ""C"", ""Cl"", ""C"", ""C"", ""C"", ""H"", ""H"", ""H"", ""H"", ""H"", ""H"", ""H"", ""H"", ""H"", ""H"", ""H"", ""H"", ""H"", ""H"", ""H"", ""H"", ""H"", ""O"", ""C"", ""O"", ""C"", ""C"", ""C"", ""C"", ""C"", ""C"", ""N"", ""C"", ""C"", ""C"", ""C"", ""C"", ""C"", ""C"", ""C"", ""C"", ""C"", ""Cl"", ""C"", ""Cl"", ""C"", ""C"", ""C"", ""H"", ""H"", ""H"", ""H"", ""H"", ""H"", ""H"", ""H"", ""H"", ""H"", ""H"", ""H"", ""H"", ""H"", ""H"", ""H"", ""H"", ""O"", ""C"", ""O"", ""C"", ""C"", ""C"", ""C"", ""C"", ""C"", ""N"", ""C"", ""C"", ""C"", ""C"", ""C"", ""C"", ""C"", ""C"", ""C"", ""C"", ""Cl"", ""C"", ""Cl"", ""C"", ""C"", ""C"", ""H"", ""H"", ""H"", ""H"", ""H"", ""H"", ""H"", ""H"", ""H"", ""H"", ""H"", ""H"", ""H"", ""H"", ""H"", ""H"", ""H"", ""O"", ""C"", ""O"", ""C"", ""C"", ""C"", ""C"", ""C"", ""C"", ""N"", ""C"", ""C"", ""C"", ""C"", ""C"", ""C"", ""C"", ""C"", ""C"", ""C"", ""Cl"", ""C"", ""Cl"", ""C"", ""C"", ""C"", ""H"", ""H"", ""H"", ""H"", ""H"", ""H"", ""H"", ""H"", ""H"", ""H"", ""H"", ""H"", ""H"", ""H"", ""H"", ""H"", ""H""]",C84H68Cl8N4O8,"[true, true, true]","[15.829295762409778, 0.0, 0.0, -1.2570329406845668, 18.631422276099002, 0.0, -1.1423027878647964, 3.27707001473261, 18.306024660929307]",5398.854781213726,[],"{""cutoff=6.000_skin=0.000"": 5548, ""cutoff=6.000_skin=0.500"": 6796}",0.0,,
OPT-RFT-XAFPAY172-R512-v1,16360d404e1cc8ec5ea026f69f45c1e0d210a4962a9adca338d6dcf7b609da30,OPT-RFT-XAFPAY172-R512-v1:0224,XAFPAY_C1_14_3874_z1_43,53d238c4e6bd78c725ce2c58d01b425eea5de4a57d5bd0ab8f1ba67391292fa3,224,cross_family_test_set,XAFPAY/structures/XAFPAY_C1_14_3874_z1_43.cif,3873465bb403c86cb6228d20c2946047d616a675a18dac7aecbd3800fc1ed5e4,53d238c4e6bd78c725ce2c58d01b425eea5de4a57d5bd0ab8f1ba67391292fa3,0,172,"[""O"", ""C"", ""O"", ""C"", ""C"", ""C"", ""C"", ""C"", ""C"", ""N"", ""C"", ""C"", ""C"", ""C"", ""C"", ""C"", ""C"", ""C"", ""C"", ""C"", ""Cl"", ""C"", ""Cl"", ""C"", ""C"", ""C"", ""H"", ""H"", ""H"", ""H"", ""H"", ""H"", ""H"", ""H"", ""H"", ""H"", ""H"", ""H"", ""H"", ""H"", ""H"", ""H"", ""H"", ""O"", ""C"", ""O"", ""C"", ""C"", ""C"", ""C"", ""C"", ""C"", ""N"", ""C"", ""C"", ""C"", ""C"", ""C"", ""C"", ""C"", ""C"", ""C"", ""C"", ""Cl"", ""C"", ""Cl"", ""C"", ""C"", ""C"", ""H"", ""H"", ""H"", ""H"", ""H"", ""H"", ""H"", ""H"", ""H"", ""H"", ""H"", ""H"", ""H"", ""H"", ""H"", ""H"", ""H"", ""O"", ""C"", ""O"", ""C"", ""C"", ""C"", ""C"", ""C"", ""C"", ""N"", ""C"", ""C"", ""C"", ""C"", ""C"", ""C"", ""C"", ""C"", ""C"", ""C"", ""Cl"", ""C"", ""Cl"", ""C"", ""C"", ""C"", ""H"", ""H"", ""H"", ""H"", ""H"", ""H"", ""H"", ""H"", ""H"", ""H"", ""H"", ""H"", ""H"", ""H"", ""H"", ""H"", ""H"", ""O"", ""C"", ""O"", ""C"", ""C"", ""C"", ""C"", ""C"", ""C"", ""N"", ""C"", ""C"", ""C"", ""C"", ""C"", ""C"", ""C"", ""C"", ""C"", ""C"", ""Cl"", ""C"", ""Cl"", ""C"", ""C"", ""C"", ""H"", ""H"", ""H"", ""H"", ""H"", ""H"", ""H"", ""H"", ""H"", ""H"", ""H"", ""H"", ""H"", ""H"", ""H"", ""H"", ""H""]",C84H68Cl8N4O8,"[true, true, true]","[15.093027221588116, 0.0, 0.0, 0.0, 20.901127990327154, 0.0, 8.778671603215777, 0.0, 16.548792111753038]",5220.503369075368,[],"{""cutoff=6.000_skin=0.000"": 5560, ""cutoff=6.000_skin=0.500"": 6536}",0.0,,
OPT-RFT-XAFPAY172-R512-v1,16360d404e1cc8ec5ea026f69f45c1e0d210a4962a9adca338d6dcf7b609da30,OPT-RFT-XAFPAY172-R512-v1:0225,XAFPAY_C1_2_4737_z2_86,7dd23ffaf8329f64bc01116ae4c44544c941b3a64c50646fe08385a182c26a4e,225,cross_family_test_set,XAFPAY/structures/XAFPAY_C1_2_4737_z2_86.cif,11428b9f8deddac5ccb78873aaa439cd5ad8e349b6d94df027936d2cabd14a72,7dd23ffaf8329f64bc01116ae4c44544c941b3a64c50646fe08385a182c26a4e,0,172,"[""O"", ""C"", ""O"", ""C"", ""C"", ""C"", ""C"", ""C"", ""C"", ""N"", ""C"", ""C"", ""C"", ""C"", ""C"", ""C"", ""C"", ""C"", ""C"", ""C"", ""Cl"", ""C"", ""Cl"", ""C"", ""C"", ""C"", ""H"", ""H"", ""H"", ""H"", ""H"", ""H"", ""H"", ""H"", ""H"", ""H"", ""H"", ""H"", ""H"", ""H"", ""H"", ""H"", ""H"", ""O"", ""C"", ""O"", ""C"", ""C"", ""C"", ""C"", ""C"", ""C"", ""N"", ""C"", ""C"", ""C"", ""C"", ""C"", ""C"", ""C"", ""C"", ""C"", ""C"", ""Cl"", ""C"", ""Cl"", ""C"", ""C"", ""C"", ""H"", ""H"", ""H"", ""H"", ""H"", ""H"", ""H"", ""H"", ""H"", ""H"", ""H"", ""H"", ""H"", ""H"", ""H"", ""H"", ""H"", ""O"", ""C"", ""O"", ""C"", ""C"", ""C"", ""C"", ""C"", ""C"", ""N"", ""C"", ""C"", ""C"", ""C"", ""C"", ""C"", ""C"", ""C"", ""C"", ""C"", ""Cl"", ""C"", ""Cl"", ""C"", ""C"", ""C"", ""H"", ""H"", ""H"", ""H"", ""H"", ""H"", ""H"", ""H"", ""H"", ""H"", ""H"", ""H"", ""H"", ""H"", ""H"", ""H"", ""H"", ""O"", ""C"", ""O"", ""C"", ""C"", ""C"", ""C"", ""C"", ""C"", ""N"", ""C"", ""C"", ""C"", ""C"", ""C"", ""C"", ""C"", ""C"", ""C"", ""C"", ""Cl"", ""C"", ""Cl"", ""C"", ""C"", ""C"", ""H"", ""H"", ""H"", ""H"", ""H"", ""H"", ""H"", ""H"", ""H"", ""H"", ""H"", ""H"", ""H"", ""H"", ""H"", ""H"", ""H""]",C84H68Cl8N4O8,"[true, true, true]","[21.36533018662027, 0.0, 0.0, 3.108109201235374, 16.5110723089471, 0.0, 12.444595498976273, 11.810052906474601, 22.18066417993364]",7824.551166748745,[],"{""cutoff=6.000_skin=0.000"": 5562, ""cutoff=6.000_skin=0.500"": 6694}",0.0,,
OPT-RFT-XAFPAY172-R512-v1,16360d404e1cc8ec5ea026f69f45c1e0d210a4962a9adca338d6dcf7b609da30,OPT-RFT-XAFPAY172-R512-v1:0226,XAFPAY_C1_2_10639_z2_86,ab42abc84a9761780948755352115d67618ca0e9d1a6d1d9809bde7619a6115e,226,cross_family_test_set,XAFPAY/structures/XAFPAY_C1_2_10639_z2_86.cif,54e59911ccd464d584fbfb5483a403a9ccf335d793313a800efe94c4d8243463,ab42abc84a9761780948755352115d67618ca0e9d1a6d1d9809bde7619a6115e,0,172,"[""O"", ""C"", ""O"", ""C"", ""C"", ""C"", ""C"", ""C"", ""C"", ""N"", ""C"", ""C"", ""C"", ""C"", ""C"", ""C"", ""C"", ""C"", ""C"", ""C"", ""Cl"", ""C"", ""Cl"", ""C"", ""C"", ""C"", ""H"", ""H"", ""H"", ""H"", ""H"", ""H"", ""H"", ""H"", ""H"", ""H"", ""H"", ""H"", ""H"", ""H"", ""H"", ""H"", ""H"", ""O"", ""C"", ""O"", ""C"", ""C"", ""C"", ""C"", ""C"", ""C"", ""N"", ""C"", ""C"", ""C"", ""C"", ""C"", ""C"", ""C"", ""C"", ""C"", ""C"", ""Cl"", ""C"", ""Cl"", ""C"", ""C"", ""C"", ""H"", ""H"", ""H"", ""H"", ""H"", ""H"", ""H"", ""H"", ""H"", ""H"", ""H"", ""H"", ""H"", ""H"", ""H"", ""H"", ""H"", ""O"", ""C"", ""O"", ""C"", ""C"", ""C"", ""C"", ""C"", ""C"", ""N"", ""C"", ""C"", ""C"", ""C"", ""C"", ""C"", ""C"", ""C"", ""C"", ""C"", ""Cl"", ""C"", ""Cl"", ""C"", ""C"", ""C"", ""H"", ""H"", ""H"", ""H"", ""H"", ""H"", ""H"", ""H"", ""H"", ""H"", ""H"", ""H"", ""H"", ""H"", ""H"", ""H"", ""H"", ""O"", ""C"", ""O"", ""C"", ""C"", ""C"", ""C"", ""C"", ""C"", ""N"", ""C"", ""C"", ""C"", ""C"", ""C"", ""C"", ""C"", ""C"", ""C"", ""C"", ""Cl"", ""C"", ""Cl"", ""C"", ""C"", ""C"", ""H"", ""H"", ""H"", ""H"", ""H"", ""H"", ""H"", ""H"", ""H"", ""H"", ""H"", ""H"", ""H"", ""H"", ""H"", ""H"", ""H""]",C84H68Cl8N4O8,"[true, true, true]","[18.32128095217061, 0.0, 0.0, 2.5335769855873616, 32.62020021898802, 0.0, 5.972426268231571, -1.866051231702945, 10.694927530558683]",6391.757696150295,[],"{""cutoff=6.000_skin=0.000"": 5564, ""cutoff=6.000_skin=0.500"": 6692}",0.0,,
OPT-RFT-XAFPAY172-R512-v1,16360d404e1cc8ec5ea026f69f45c1e0d210a4962a9adca338d6dcf7b609da30,OPT-RFT-XAFPAY172-R512-v1:0227,XAFPAY_C2_2_20566_z2_86,ff42b052b4e60bb8058cc044319afaba2c7c0abd6b97f8c162d477660a3aa124,227,cross_family_test_set,XAFPAY/structures/XAFPAY_C2_2_20566_z2_86.cif,91d73f559f3f113c4d4d2e3066449439cec5f74ffe03638712d883294c6a9ef8,ff42b052b4e60bb8058cc044319afaba2c7c0abd6b97f8c162d477660a3aa124,0,172,"[""O"", ""C"", ""O"", ""C"", ""C"", ""C"", ""C"", ""C"", ""C"", ""N"", ""C"", ""C"", ""C"", ""C"", ""C"", ""C"", ""C"", ""C"", ""C"", ""C"", ""Cl"", ""C"", ""Cl"", ""C"", ""C"", ""C"", ""H"", ""H"", ""H"", ""H"", ""H"", ""H"", ""H"", ""H"", ""H"", ""H"", ""H"", ""H"", ""H"", ""H"", ""H"", ""H"", ""H"", ""O"", ""C"", ""O"", ""C"", ""C"", ""C"", ""C"", ""C"", ""C"", ""N"", ""C"", ""C"", ""C"", ""C"", ""C"", ""C"", ""C"", ""C"", ""C"", ""C"", ""Cl"", ""C"", ""Cl"", ""C"", ""C"", ""C"", ""H"", ""H"", ""H"", ""H"", ""H"", ""H"", ""H"", ""H"", ""H"", ""H"", ""H"", ""H"", ""H"", ""H"", ""H"", ""H"", ""H"", ""O"", ""C"", ""O"", ""C"", ""C"", ""C"", ""C"", ""C"", ""C"", ""N"", ""C"", ""C"", ""C"", ""C"", ""C"", ""C"", ""C"", ""C"", ""C"", ""C"", ""Cl"", ""C"", ""Cl"", ""C"", ""C"", ""C"", ""H"", ""H"", ""H"", ""H"", ""H"", ""H"", ""H"", ""H"", ""H"", ""H"", ""H"", ""H"", ""H"", ""H"", ""H"", ""H"", ""H"", ""O"", ""C"", ""O"", ""C"", ""C"", ""C"", ""C"", ""C"", ""C"", ""N"", ""C"", ""C"", ""C"", ""C"", ""C"", ""C"", ""C"", ""C"", ""C"", ""C"", ""Cl"", ""C"", ""Cl"", ""C"", ""C"", ""C"", ""H"", ""H"", ""H"", ""H"", ""H"", ""H"", ""H"", ""H"", ""H"", ""H"", ""H"", ""H"", ""H"", ""H"", ""H"", ""H"", ""H""]",C84H68Cl8N4O8,"[true, true, true]","[20.017368731390064, 0.0, 0.0, -6.16455625073527, 18.378088482432286, 0.0, 1.292710295457983, -0.3142345608463773, 13.848057612833003]",5094.436918891439,[],"{""cutoff=6.000_skin=0.000"": 5566, ""cutoff=6.000_skin=0.500"": 6656}",0.0,,
OPT-RFT-XAFPAY172-R512-v1,16360d404e1cc8ec5ea026f69f45c1e0d210a4962a9adca338d6dcf7b609da30,OPT-RFT-XAFPAY172-R512-v1:0228,XAFPAY_C3_14_1480_z1_43,889383e41e5c8bfa04247992fe8b93e3c61a82ebc676110a9d9dd5960ddb8405,228,cross_family_test_set,XAFPAY/structures/XAFPAY_C3_14_1480_z1_43.cif,af84f253846fe8ff11423b500a407e76a7c0959222d4ba857d5c595dc941f0fa,889383e41e5c8bfa04247992fe8b93e3c61a82ebc676110a9d9dd5960ddb8405,0,172,"[""O"", ""C"", ""O"", ""C"", ""C"", ""C"", ""C"", ""C"", ""C"", ""N"", ""C"", ""C"", ""C"", ""C"", ""C"", ""C"", ""C"", ""C"", ""C"", ""C"", ""Cl"", ""C"", ""Cl"", ""C"", ""C"", ""C"", ""H"", ""H"", ""H"", ""H"", ""H"", ""H"", ""H"", ""H"", ""H"", ""H"", ""H"", ""H"", ""H"", ""H"", ""H"", ""H"", ""H"", ""O"", ""C"", ""O"", ""C"", ""C"", ""C"", ""C"", ""C"", ""C"", ""N"", ""C"", ""C"", ""C"", ""C"", ""C"", ""C"", ""C"", ""C"", ""C"", ""C"", ""Cl"", ""C"", ""Cl"", ""C"", ""C"", ""C"", ""H"", ""H"", ""H"", ""H"", ""H"", ""H"", ""H"", ""H"", ""H"", ""H"", ""H"", ""H"", ""H"", ""H"", ""H"", ""H"", ""H"", ""O"", ""C"", ""O"", ""C"", ""C"", ""C"", ""C"", ""C"", ""C"", ""N"", ""C"", ""C"", ""C"", ""C"", ""C"", ""C"", ""C"", ""C"", ""C"", ""C"", ""Cl"", ""C"", ""Cl"", ""C"", ""C"", ""C"", ""H"", ""H"", ""H"", ""H"", ""H"", ""H"", ""H"", ""H"", ""H"", ""H"", ""H"", ""H"", ""H"", ""H"", ""H"", ""H"", ""H"", ""O"", ""C"", ""O"", ""C"", ""C"", ""C"", ""C"", ""C"", ""C"", ""N"", ""C"", ""C"", ""C"", ""C"", ""C"", ""C"", ""C"", ""C"", ""C"", ""C"", ""Cl"", ""C"", ""Cl"", ""C"", ""C"", ""C"", ""H"", ""H"", ""H"", ""H"", ""H"", ""H"", ""H"", ""H"", ""H"", ""H"", ""H"", ""H"", ""H"", ""H"", ""H"", ""H"", ""H""]",C84H68Cl8N4O8,"[true, true, true]","[18.182710067808685, 0.0, 0.0, 0.0, 15.100733218617066, 0.0, 5.563858300871195, 0.0, 17.945505044887405]",4927.337768005118,[],"{""cutoff=6.000_skin=0.000"": 5568, ""cutoff=6.000_skin=0.500"": 6752}",0.0,,
OPT-RFT-XAFPAY172-R512-v1,16360d404e1cc8ec5ea026f69f45c1e0d210a4962a9adca338d6dcf7b609da30,OPT-RFT-XAFPAY172-R512-v1:0229,XAFPAY_C4_2_1064_z2_86,31ddacf9597a4e23f8684dddf26b94489db98e01d8b2ecaee8ddf3cf098da342,229,cross_family_test_set,XAFPAY/structures/XAFPAY_C4_2_1064_z2_86.cif,fda625e62e97c7001224668662f9f1f61dfac154b86f15fbd9a0c45b1fe9c568,31ddacf9597a4e23f8684dddf26b94489db98e01d8b2ecaee8ddf3cf098da342,0,172,"[""O"", ""C"", ""O"", ""C"", ""C"", ""C"", ""C"", ""C"", ""C"", ""N"", ""C"", ""C"", ""C"", ""C"", ""C"", ""C"", ""C"", ""C"", ""C"", ""C"", ""Cl"", ""C"", ""Cl"", ""C"", ""C"", ""C"", ""H"", ""H"", ""H"", ""H"", ""H"", ""H"", ""H"", ""H"", ""H"", ""H"", ""H"", ""H"", ""H"", ""H"", ""H"", ""H"", ""H"", ""O"", ""C"", ""O"", ""C"", ""C"", ""C"", ""C"", ""C"", ""C"", ""N"", ""C"", ""C"", ""C"", ""C"", ""C"", ""C"", ""C"", ""C"", ""C"", ""C"", ""Cl"", ""C"", ""Cl"", ""C"", ""C"", ""C"", ""H"", ""H"", ""H"", ""H"", ""H"", ""H"", ""H"", ""H"", ""H"", ""H"", ""H"", ""H"", ""H"", ""H"", ""H"", ""H"", ""H"", ""O"", ""C"", ""O"", ""C"", ""C"", ""C"", ""C"", ""C"", ""C"", ""N"", ""C"", ""C"", ""C"", ""C"", ""C"", ""C"", ""C"", ""C"", ""C"", ""C"", ""Cl"", ""C"", ""Cl"", ""C"", ""C"", ""C"", ""H"", ""H"", ""H"", ""H"", ""H"", ""H"", ""H"", ""H"", ""H"", ""H"", ""H"", ""H"", ""H"", ""H"", ""H"", ""H"", ""H"", ""O"", ""C"", ""O"", ""C"", ""C"", ""C"", ""C"", ""C"", ""C"", ""N"", ""C"", ""C"", ""C"", ""C"", ""C"", ""C"", ""C"", ""C"", ""C"", ""C"", ""Cl"", ""C"", ""Cl"", ""C"", ""C"", ""C"", ""H"", ""H"", ""H"", ""H"", ""H"", ""H"", ""H"", ""H"", ""H"", ""H"", ""H"", ""H"", ""H"", ""H"", ""H"", ""H"", ""H""]",C84H68Cl8N4O8,"[true, true, true]","[18.60493110462245, 0.0, 0.0, -4.575179839827528, 17.998992279063067, 0.0, -8.79735097923226, -21.63269198191688, 20.08093619053732]",6724.503329132176,[],"{""cutoff=6.000_skin=0.000"": 5572, ""cutoff=6.000_skin=0.500"": 6578}",0.0,,
OPT-RFT-XAFPAY172-R512-v1,16360d404e1cc8ec5ea026f69f45c1e0d210a4962a9adca338d6dcf7b609da30,OPT-RFT-XAFPAY172-R512-v1:0230,XAFPAY_C3_14_4278_z1_43,0247ea1b0f4ea69a7b74d464bf1121ba711dc69f79de71734d7079a12a02c020,230,cross_family_test_set,XAFPAY/structures/XAFPAY_C3_14_4278_z1_43.cif,0f3e437757c0d2ae081e66ff65cb8070a1a739b288e3f9a8d2d5d1f7fa30e129,0247ea1b0f4ea69a7b74d464bf1121ba711dc69f79de71734d7079a12a02c020,0,172,"[""O"", ""C"", ""O"", ""C"", ""C"", ""C"", ""C"", ""C"", ""C"", ""N"", ""C"", ""C"", ""C"", ""C"", ""C"", ""C"", ""C"", ""C"", ""C"", ""C"", ""Cl"", ""C"", ""Cl"", ""C"", ""C"", ""C"", ""H"", ""H"", ""H"", ""H"", ""H"", ""H"", ""H"", ""H"", ""H"", ""H"", ""H"", ""H"", ""H"", ""H"", ""H"", ""H"", ""H"", ""O"", ""C"", ""O"", ""C"", ""C"", ""C"", ""C"", ""C"", ""C"", ""N"", ""C"", ""C"", ""C"", ""C"", ""C"", ""C"", ""C"", ""C"", ""C"", ""C"", ""Cl"", ""C"", ""Cl"", ""C"", ""C"", ""C"", ""H"", ""H"", ""H"", ""H"", ""H"", ""H"", ""H"", ""H"", ""H"", ""H"", ""H"", ""H"", ""H"", ""H"", ""H"", ""H"", ""H"", ""O"", ""C"", ""O"", ""C"", ""C"", ""C"", ""C"", ""C"", ""C"", ""N"", ""C"", ""C"", ""C"", ""C"", ""C"", ""C"", ""C"", ""C"", ""C"", ""C"", ""Cl"", ""C"", ""Cl"", ""C"", ""C"", ""C"", ""H"", ""H"", ""H"", ""H"", ""H"", ""H"", ""H"", ""H"", ""H"", ""H"", ""H"", ""H"", ""H"", ""H"", ""H"", ""H"", ""H"", ""O"", ""C"", ""O"", ""C"", ""C"", ""C"", ""C"", ""C"", ""C"", ""N"", ""C"", ""C"", ""C"", ""C"", ""C"", ""C"", ""C"", ""C"", ""C"", ""C"", ""Cl"", ""C"", ""Cl"", ""C"", ""C"", ""C"", ""H"", ""H"", ""H"", ""H"", ""H"", ""H"", ""H"", ""H"", ""H"", ""H"", ""H"", ""H"", ""H"", ""H"", ""H"", ""H"", ""H""]",C84H68Cl8N4O8,"[true, true, true]","[29.9291763898065, 0.0, 0.0, 0.0, 14.830773378197662, 0.0, -5.655216441280137, 0.0, 10.513586583287399]",4666.695455756777,[],"{""cutoff=6.000_skin=0.000"": 5576, ""cutoff=6.000_skin=0.500"": 6836}",0.0,,
OPT-RFT-XAFPAY172-R512-v1,16360d404e1cc8ec5ea026f69f45c1e0d210a4962a9adca338d6dcf7b609da30,OPT-RFT-XAFPAY172-R512-v1:0231,XAFPAY_C1_2_4632_z2_86,8538b4a812f6fe0d565261f2e6939aab7e97e93dea49b6d8d3a204fff1c40dd8,231,cross_family_test_set,XAFPAY/structures/XAFPAY_C1_2_4632_z2_86.cif,2a7a4897eb749d744b36c5f724d213fb014a05ae0731061fb38650ccdebc56a7,8538b4a812f6fe0d565261f2e6939aab7e97e93dea49b6d8d3a204fff1c40dd8,0,172,"[""O"", ""C"", ""O"", ""C"", ""C"", ""C"", ""C"", ""C"", ""C"", ""N"", ""C"", ""C"", ""C"", ""C"", ""C"", ""C"", ""C"", ""C"", ""C"", ""C"", ""Cl"", ""C"", ""Cl"", ""C"", ""C"", ""C"", ""H"", ""H"", ""H"", ""H"", ""H"", ""H"", ""H"", ""H"", ""H"", ""H"", ""H"", ""H"", ""H"", ""H"", ""H"", ""H"", ""H"", ""O"", ""C"", ""O"", ""C"", ""C"", ""C"", ""C"", ""C"", ""C"", ""N"", ""C"", ""C"", ""C"", ""C"", ""C"", ""C"", ""C"", ""C"", ""C"", ""C"", ""Cl"", ""C"", ""Cl"", ""C"", ""C"", ""C"", ""H"", ""H"", ""H"", ""H"", ""H"", ""H"", ""H"", ""H"", ""H"", ""H"", ""H"", ""H"", ""H"", ""H"", ""H"", ""H"", ""H"", ""O"", ""C"", ""O"", ""C"", ""C"", ""C"", ""C"", ""C"", ""C"", ""N"", ""C"", ""C"", ""C"", ""C"", ""C"", ""C"", ""C"", ""C"", ""C"", ""C"", ""Cl"", ""C"", ""Cl"", ""C"", ""C"", ""C"", ""H"", ""H"", ""H"", ""H"", ""H"", ""H"", ""H"", ""H"", ""H"", ""H"", ""H"", ""H"", ""H"", ""H"", ""H"", ""H"", ""H"", ""O"", ""C"", ""O"", ""C"", ""C"", ""C"", ""C"", ""C"", ""C"", ""N"", ""C"", ""C"", ""C"", ""C"", ""C"", ""C"", ""C"", ""C"", ""C"", ""C"", ""Cl"", ""C"", ""Cl"", ""C"", ""C"", ""C"", ""H"", ""H"", ""H"", ""H"", ""H"", ""H"", ""H"", ""H"", ""H"", ""H"", ""H"", ""H"", ""H"", ""H"", ""H"", ""H"", ""H""]",C84H68Cl8N4O8,"[true, true, true]","[13.081981216751942, 0.0, 0.0, 1.1924160377427713, 16.83714433937944, 0.0, -9.327823873093882, -12.137153241872404, 22.46418317361961]",4948.033005801834,[],"{""cutoff=6.000_skin=0.000"": 5582, ""cutoff=6.000_skin=0.500"": 6972}",0.0,,
OPT-RFT-XAFPAY172-R512-v1,16360d404e1cc8ec5ea026f69f45c1e0d210a4962a9adca338d6dcf7b609da30,OPT-RFT-XAFPAY172-R512-v1:0232,XAFPAY_C4_2_3164_z2_86,5650a5c326a20805f329f325b01c2ba2bfae7cd887b68486ce56ad89695aecc2,232,cross_family_test_set,XAFPAY/structures/XAFPAY_C4_2_3164_z2_86.cif,a4fd0157dbc8d7b730dec91c6e8e6e079ce2f8cf328c4825ebc18f806e2caa90,5650a5c326a20805f329f325b01c2ba2bfae7cd887b68486ce56ad89695aecc2,0,172,"[""O"", ""C"", ""O"", ""C"", ""C"", ""C"", ""C"", ""C"", ""C"", ""N"", ""C"", ""C"", ""C"", ""C"", ""C"", ""C"", ""C"", ""C"", ""C"", ""C"", ""Cl"", ""C"", ""Cl"", ""C"", ""C"", ""C"", ""H"", ""H"", ""H"", ""H"", ""H"", ""H"", ""H"", ""H"", ""H"", ""H"", ""H"", ""H"", ""H"", ""H"", ""H"", ""H"", ""H"", ""O"", ""C"", ""O"", ""C"", ""C"", ""C"", ""C"", ""C"", ""C"", ""N"", ""C"", ""C"", ""C"", ""C"", ""C"", ""C"", ""C"", ""C"", ""C"", ""C"", ""Cl"", ""C"", ""Cl"", ""C"", ""C"", ""C"", ""H"", ""H"", ""H"", ""H"", ""H"", ""H"", ""H"", ""H"", ""H"", ""H"", ""H"", ""H"", ""H"", ""H"", ""H"", ""H"", ""H"", ""O"", ""C"", ""O"", ""C"", ""C"", ""C"", ""C"", ""C"", ""C"", ""N"", ""C"", ""C"", ""C"", ""C"", ""C"", ""C"", ""C"", ""C"", ""C"", ""C"", ""Cl"", ""C"", ""Cl"", ""C"", ""C"", ""C"", ""H"", ""H"", ""H"", ""H"", ""H"", ""H"", ""H"", ""H"", ""H"", ""H"", ""H"", ""H"", ""H"", ""H"", ""H"", ""H"", ""H"", ""O"", ""C"", ""O"", ""C"", ""C"", ""C"", ""C"", ""C"", ""C"", ""N"", ""C"", ""C"", ""C"", ""C"", ""C"", ""C"", ""C"", ""C"", ""C"", ""C"", ""Cl"", ""C"", ""Cl"", ""C"", ""C"", ""C"", ""H"", ""H"", ""H"", ""H"", ""H"", ""H"", ""H"", ""H"", ""H"", ""H"", ""H"", ""H"", ""H"", ""H"", ""H"", ""H"", ""H""]",C84H68Cl8N4O8,"[true, true, true]","[19.711261658853648, 0.0, 0.0, -4.5578465726173025, 19.173576827254443, 0.0, 7.6025020774941705, -5.64174269399304, 18.3482885312837]",6934.4675778325845,[],"{""cutoff=6.000_skin=0.000"": 5588, ""cutoff=6.000_skin=0.500"": 6802}",0.0,,
OPT-RFT-XAFPAY172-R512-v1,16360d404e1cc8ec5ea026f69f45c1e0d210a4962a9adca338d6dcf7b609da30,OPT-RFT-XAFPAY172-R512-v1:0233,XAFPAY_C3_14_3227_z1_43,d63c237423c8ff36b6b5479960aa298089527bf78c6c8c90554431cc2762c010,233,cross_family_test_set,XAFPAY/structures/XAFPAY_C3_14_3227_z1_43.cif,cb3d667ee321f1e2cc19ad852a2ea0a75ec0bec9193bdda63efe1515b6b159c4,d63c237423c8ff36b6b5479960aa298089527bf78c6c8c90554431cc2762c010,0,172,"[""O"", ""C"", ""O"", ""C"", ""C"", ""C"", ""C"", ""C"", ""C"", ""N"", ""C"", ""C"", ""C"", ""C"", ""C"", ""C"", ""C"", ""C"", ""C"", ""C"", ""Cl"", ""C"", ""Cl"", ""C"", ""C"", ""C"", ""H"", ""H"", ""H"", ""H"", ""H"", ""H"", ""H"", ""H"", ""H"", ""H"", ""H"", ""H"", ""H"", ""H"", ""H"", ""H"", ""H"", ""O"", ""C"", ""O"", ""C"", ""C"", ""C"", ""C"", ""C"", ""C"", ""N"", ""C"", ""C"", ""C"", ""C"", ""C"", ""C"", ""C"", ""C"", ""C"", ""C"", ""Cl"", ""C"", ""Cl"", ""C"", ""C"", ""C"", ""H"", ""H"", ""H"", ""H"", ""H"", ""H"", ""H"", ""H"", ""H"", ""H"", ""H"", ""H"", ""H"", ""H"", ""H"", ""H"", ""H"", ""O"", ""C"", ""O"", ""C"", ""C"", ""C"", ""C"", ""C"", ""C"", ""N"", ""C"", ""C"", ""C"", ""C"", ""C"", ""C"", ""C"", ""C"", ""C"", ""C"", ""Cl"", ""C"", ""Cl"", ""C"", ""C"", ""C"", ""H"", ""H"", ""H"", ""H"", ""H"", ""H"", ""H"", ""H"", ""H"", ""H"", ""H"", ""H"", ""H"", ""H"", ""H"", ""H"", ""H"", ""O"", ""C"", ""O"", ""C"", ""C"", ""C"", ""C"", ""C"", ""C"", ""N"", ""C"", ""C"", ""C"", ""C"", ""C"", ""C"", ""C"", ""C"", ""C"", ""C"", ""Cl"", ""C"", ""Cl"", ""C"", ""C"", ""C"", ""H"", ""H"", ""H"", ""H"", ""H"", ""H"", ""H"", ""H"", ""H"", ""H"", ""H"", ""H"", ""H"", ""H"", ""H"", ""H"", ""H""]",C84H68Cl8N4O8,"[true, true, true]","[35.8758777004751, 0.0, 0.0, 0.0, 13.693045742753604, 0.0, -7.056895938382922, 0.0, 9.413558369083843]",4624.4108727710045,[],"{""cutoff=6.000_skin=0.000"": 5596, ""cutoff=6.000_skin=0.500"": 6968}",0.0,,
OPT-RFT-XAFPAY172-R512-v1,16360d404e1cc8ec5ea026f69f45c1e0d210a4962a9adca338d6dcf7b609da30,OPT-RFT-XAFPAY172-R512-v1:0234,XAFPAY_C1_2_6985_z2_86,da902161f3861d7b1c7a0d69a3766605416980e2b0465384ea55dc2bdeb15e1e,234,cross_family_test_set,XAFPAY/structures/XAFPAY_C1_2_6985_z2_86.cif,fdde121716d90b3793eebfde7949d25db213c0a3ce94f2a4304705c8f4c152ae,da902161f3861d7b1c7a0d69a3766605416980e2b0465384ea55dc2bdeb15e1e,0,172,"[""O"", ""C"", ""O"", ""C"", ""C"", ""C"", ""C"", ""C"", ""C"", ""N"", ""C"", ""C"", ""C"", ""C"", ""C"", ""C"", ""C"", ""C"", ""C"", ""C"", ""Cl"", ""C"", ""Cl"", ""C"", ""C"", ""C"", ""H"", ""H"", ""H"", ""H"", ""H"", ""H"", ""H"", ""H"", ""H"", ""H"", ""H"", ""H"", ""H"", ""H"", ""H"", ""H"", ""H"", ""O"", ""C"", ""O"", ""C"", ""C"", ""C"", ""C"", ""C"", ""C"", ""N"", ""C"", ""C"", ""C"", ""C"", ""C"", ""C"", ""C"", ""C"", ""C"", ""C"", ""Cl"", ""C"", ""Cl"", ""C"", ""C"", ""C"", ""H"", ""H"", ""H"", ""H"", ""H"", ""H"", ""H"", ""H"", ""H"", ""H"", ""H"", ""H"", ""H"", ""H"", ""H"", ""H"", ""H"", ""O"", ""C"", ""O"", ""C"", ""C"", ""C"", ""C"", ""C"", ""C"", ""N"", ""C"", ""C"", ""C"", ""C"", ""C"", ""C"", ""C"", ""C"", ""C"", ""C"", ""Cl"", ""C"", ""Cl"", ""C"", ""C"", ""C"", ""H"", ""H"", ""H"", ""H"", ""H"", ""H"", ""H"", ""H"", ""H"", ""H"", ""H"", ""H"", ""H"", ""H"", ""H"", ""H"", ""H"", ""O"", ""C"", ""O"", ""C"", ""C"", ""C"", ""C"", ""C"", ""C"", ""N"", ""C"", ""C"", ""C"", ""C"", ""C"", ""C"", ""C"", ""C"", ""C"", ""C"", ""Cl"", ""C"", ""Cl"", ""C"", ""C"", ""C"", ""H"", ""H"", ""H"", ""H"", ""H"", ""H"", ""H"", ""H"", ""H"", ""H"", ""H"", ""H"", ""H"", ""H"", ""H"", ""H"", ""H""]",C84H68Cl8N4O8,"[true, true, true]","[28.549394287746424, 0.0, 0.0, -5.477802182351298, 16.749754836504728, 0.0, 7.5908826297111345, 10.054508810360549, 11.541991844559325]",5519.326888098575,[],"{""cutoff=6.000_skin=0.000"": 5600, ""cutoff=6.000_skin=0.500"": 6942}",0.0,,
OPT-RFT-XAFPAY172-R512-v1,16360d404e1cc8ec5ea026f69f45c1e0d210a4962a9adca338d6dcf7b609da30,OPT-RFT-XAFPAY172-R512-v1:0235,XAFPAY_C3_2_7846_z2_86,0948b003c927cd580dd610a3ba9b6a06aa8a6381106e182c6761280b72183352,235,cross_family_test_set,XAFPAY/structures/XAFPAY_C3_2_7846_z2_86.cif,70f20cfba676ba947591d8f4be99639048fd61cc7433d6ec265cb16ccf0f5758,0948b003c927cd580dd610a3ba9b6a06aa8a6381106e182c6761280b72183352,0,172,"[""O"", ""C"", ""O"", ""C"", ""C"", ""C"", ""C"", ""C"", ""C"", ""N"", ""C"", ""C"", ""C"", ""C"", ""C"", ""C"", ""C"", ""C"", ""C"", ""C"", ""Cl"", ""C"", ""Cl"", ""C"", ""C"", ""C"", ""H"", ""H"", ""H"", ""H"", ""H"", ""H"", ""H"", ""H"", ""H"", ""H"", ""H"", ""H"", ""H"", ""H"", ""H"", ""H"", ""H"", ""O"", ""C"", ""O"", ""C"", ""C"", ""C"", ""C"", ""C"", ""C"", ""N"", ""C"", ""C"", ""C"", ""C"", ""C"", ""C"", ""C"", ""C"", ""C"", ""C"", ""Cl"", ""C"", ""Cl"", ""C"", ""C"", ""C"", ""H"", ""H"", ""H"", ""H"", ""H"", ""H"", ""H"", ""H"", ""H"", ""H"", ""H"", ""H"", ""H"", ""H"", ""H"", ""H"", ""H"", ""O"", ""C"", ""O"", ""C"", ""C"", ""C"", ""C"", ""C"", ""C"", ""N"", ""C"", ""C"", ""C"", ""C"", ""C"", ""C"", ""C"", ""C"", ""C"", ""C"", ""Cl"", ""C"", ""Cl"", ""C"", ""C"", ""C"", ""H"", ""H"", ""H"", ""H"", ""H"", ""H"", ""H"", ""H"", ""H"", ""H"", ""H"", ""H"", ""H"", ""H"", ""H"", ""H"", ""H"", ""O"", ""C"", ""O"", ""C"", ""C"", ""C"", ""C"", ""C"", ""C"", ""N"", ""C"", ""C"", ""C"", ""C"", ""C"", ""C"", ""C"", ""C"", ""C"", ""C"", ""Cl"", ""C"", ""Cl"", ""C"", ""C"", ""C"", ""H"", ""H"", ""H"", ""H"", ""H"", ""H"", ""H"", ""H"", ""H"", ""H"", ""H"", ""H"", ""H"", ""H"", ""H"", ""H"", ""H""]",C84H68Cl8N4O8,"[true, true, true]","[15.953861626493861, 0.0, 0.0, -1.8736578517209044, 20.921793767355553, 0.0, -7.033673632732292, -1.8769809650655553, 18.131824226482305]",6052.101988242932,[],"{""cutoff=6.000_skin=0.000"": 5602, ""cutoff=6.000_skin=0.500"": 6774}",0.0,,
OPT-RFT-XAFPAY172-R512-v1,16360d404e1cc8ec5ea026f69f45c1e0d210a4962a9adca338d6dcf7b609da30,OPT-RFT-XAFPAY172-R512-v1:0236,XAFPAY_C3_2_18474_z2_86,d19dd5ba48d90a72c3e68cbf29d818c5e94982a8c7affd617a5d0c6be30a6fb8,236,cross_family_test_set,XAFPAY/structures/XAFPAY_C3_2_18474_z2_86.cif,8e18b40ce2fd177530a995cc309049fe2978a491a7673043a9ef3c3a68b9f1a6,d19dd5ba48d90a72c3e68cbf29d818c5e94982a8c7affd617a5d0c6be30a6fb8,0,172,"[""O"", ""C"", ""O"", ""C"", ""C"", ""C"", ""C"", ""C"", ""C"", ""N"", ""C"", ""C"", ""C"", ""C"", ""C"", ""C"", ""C"", ""C"", ""C"", ""C"", ""Cl"", ""C"", ""Cl"", ""C"", ""C"", ""C"", ""H"", ""H"", ""H"", ""H"", ""H"", ""H"", ""H"", ""H"", ""H"", ""H"", ""H"", ""H"", ""H"", ""H"", ""H"", ""H"", ""H"", ""O"", ""C"", ""O"", ""C"", ""C"", ""C"", ""C"", ""C"", ""C"", ""N"", ""C"", ""C"", ""C"", ""C"", ""C"", ""C"", ""C"", ""C"", ""C"", ""C"", ""Cl"", ""C"", ""Cl"", ""C"", ""C"", ""C"", ""H"", ""H"", ""H"", ""H"", ""H"", ""H"", ""H"", ""H"", ""H"", ""H"", ""H"", ""H"", ""H"", ""H"", ""H"", ""H"", ""H"", ""O"", ""C"", ""O"", ""C"", ""C"", ""C"", ""C"", ""C"", ""C"", ""N"", ""C"", ""C"", ""C"", ""C"", ""C"", ""C"", ""C"", ""C"", ""C"", ""C"", ""Cl"", ""C"", ""Cl"", ""C"", ""C"", ""C"", ""H"", ""H"", ""H"", ""H"", ""H"", ""H"", ""H"", ""H"", ""H"", ""H"", ""H"", ""H"", ""H"", ""H"", ""H"", ""H"", ""H"", ""O"", ""C"", ""O"", ""C"", ""C"", ""C"", ""C"", ""C"", ""C"", ""N"", ""C"", ""C"", ""C"", ""C"", ""C"", ""C"", ""C"", ""C"", ""C"", ""C"", ""Cl"", ""C"", ""Cl"", ""C"", ""C"", ""C"", ""H"", ""H"", ""H"", ""H"", ""H"", ""H"", ""H"", ""H"", ""H"", ""H"", ""H"", ""H"", ""H"", ""H"", ""H"", ""H"", ""H""]",C84H68Cl8N4O8,"[true, true, true]","[25.551734630809626, 0.0, 0.0, -5.6005101317988535, 10.52323998394518, 0.0, 0.4907761757710705, 2.2494690203707264, 18.730979628646292]",5036.517584846333,[],"{""cutoff=6.000_skin=0.000"": 5610, ""cutoff=6.000_skin=0.500"": 6830}",0.0,,
OPT-RFT-XAFPAY172-R512-v1,16360d404e1cc8ec5ea026f69f45c1e0d210a4962a9adca338d6dcf7b609da30,OPT-RFT-XAFPAY172-R512-v1:0237,XAFPAY_C1_14_2565_z1_43,e0b017aa69a8c9a941f002eace6e4dbe7c77ff95c552a67aca44c70461375b3f,237,cross_family_test_set,XAFPAY/structures/XAFPAY_C1_14_2565_z1_43.cif,c2e00ae9a7ba702122c3b387ceca703a367913c939241bcc359be6efbe58e716,e0b017aa69a8c9a941f002eace6e4dbe7c77ff95c552a67aca44c70461375b3f,0,172,"[""O"", ""C"", ""O"", ""C"", ""C"", ""C"", ""C"", ""C"", ""C"", ""N"", ""C"", ""C"", ""C"", ""C"", ""C"", ""C"", ""C"", ""C"", ""C"", ""C"", ""Cl"", ""C"", ""Cl"", ""C"", ""C"", ""C"", ""H"", ""H"", ""H"", ""H"", ""H"", ""H"", ""H"", ""H"", ""H"", ""H"", ""H"", ""H"", ""H"", ""H"", ""H"", ""H"", ""H"", ""O"", ""C"", ""O"", ""C"", ""C"", ""C"", ""C"", ""C"", ""C"", ""N"", ""C"", ""C"", ""C"", ""C"", ""C"", ""C"", ""C"", ""C"", ""C"", ""C"", ""Cl"", ""C"", ""Cl"", ""C"", ""C"", ""C"", ""H"", ""H"", ""H"", ""H"", ""H"", ""H"", ""H"", ""H"", ""H"", ""H"", ""H"", ""H"", ""H"", ""H"", ""H"", ""H"", ""H"", ""O"", ""C"", ""O"", ""C"", ""C"", ""C"", ""C"", ""C"", ""C"", ""N"", ""C"", ""C"", ""C"", ""C"", ""C"", ""C"", ""C"", ""C"", ""C"", ""C"", ""Cl"", ""C"", ""Cl"", ""C"", ""C"", ""C"", ""H"", ""H"", ""H"", ""H"", ""H"", ""H"", ""H"", ""H"", ""H"", ""H"", ""H"", ""H"", ""H"", ""H"", ""H"", ""H"", ""H"", ""O"", ""C"", ""O"", ""C"", ""C"", ""C"", ""C"", ""C"", ""C"", ""N"", ""C"", ""C"", ""C"", ""C"", ""C"", ""C"", ""C"", ""C"", ""C"", ""C"", ""Cl"", ""C"", ""Cl"", ""C"", ""C"", ""C"", ""H"", ""H"", ""H"", ""H"", ""H"", ""H"", ""H"", ""H"", ""H"", ""H"", ""H"", ""H"", ""H"", ""H"", ""H"", ""H"", ""H""]",C84H68Cl8N4O8,"[true, true, true]","[12.916840809875438, 0.0, 0.0, 0.0, 21.79157749707298, 0.0, -11.970192468573387, 0.0, 17.64275155781432]",4966.0523778735105,[],"{""cutoff=6.000_skin=0.000"": 5616, ""cutoff=6.000_skin=0.500"": 7004}",0.0,,
OPT-RFT-XAFPAY172-R512-v1,16360d404e1cc8ec5ea026f69f45c1e0d210a4962a9adca338d6dcf7b609da30,OPT-RFT-XAFPAY172-R512-v1:0238,XAFPAY_C4_2_4951_z2_86,e922f6068f33be5e60df631fe39dcca96a15dbcc072752fe71c5192a572135e3,238,cross_family_test_set,XAFPAY/structures/XAFPAY_C4_2_4951_z2_86.cif,84adfd0858e5ec98d01164ed82c30598fc8736f34c2bf2b39d8db961e5acaba0,e922f6068f33be5e60df631fe39dcca96a15dbcc072752fe71c5192a572135e3,0,172,"[""O"", ""C"", ""O"", ""C"", ""C"", ""C"", ""C"", ""C"", ""C"", ""N"", ""C"", ""C"", ""C"", ""C"", ""C"", ""C"", ""C"", ""C"", ""C"", ""C"", ""Cl"", ""C"", ""Cl"", ""C"", ""C"", ""C"", ""H"", ""H"", ""H"", ""H"", ""H"", ""H"", ""H"", ""H"", ""H"", ""H"", ""H"", ""H"", ""H"", ""H"", ""H"", ""H"", ""H"", ""O"", ""C"", ""O"", ""C"", ""C"", ""C"", ""C"", ""C"", ""C"", ""N"", ""C"", ""C"", ""C"", ""C"", ""C"", ""C"", ""C"", ""C"", ""C"", ""C"", ""Cl"", ""C"", ""Cl"", ""C"", ""C"", ""C"", ""H"", ""H"", ""H"", ""H"", ""H"", ""H"", ""H"", ""H"", ""H"", ""H"", ""H"", ""H"", ""H"", ""H"", ""H"", ""H"", ""H"", ""O"", ""C"", ""O"", ""C"", ""C"", ""C"", ""C"", ""C"", ""C"", ""N"", ""C"", ""C"", ""C"", ""C"", ""C"", ""C"", ""C"", ""C"", ""C"", ""C"", ""Cl"", ""C"", ""Cl"", ""C"", ""C"", ""C"", ""H"", ""H"", ""H"", ""H"", ""H"", ""H"", ""H"", ""H"", ""H"", ""H"", ""H"", ""H"", ""H"", ""H"", ""H"", ""H"", ""H"", ""O"", ""C"", ""O"", ""C"", ""C"", ""C"", ""C"", ""C"", ""C"", ""N"", ""C"", ""C"", ""C"", ""C"", ""C"", ""C"", ""C"", ""C"", ""C"", ""C"", ""Cl"", ""C"", ""Cl"", ""C"", ""C"", ""C"", ""H"", ""H"", ""H"", ""H"", ""H"", ""H"", ""H"", ""H"", ""H"", ""H"", ""H"", ""H"", ""H"", ""H"", ""H"", ""H"", ""H""]",C84H68Cl8N4O8,"[true, true, true]","[20.710876303222648, 0.0, 0.0, -6.36811466390185, 17.41283034975992, 0.0, 4.3056648576839915, -3.221591967522291, 20.891497995437216]",7534.204866967287,[],"{""cutoff=6.000_skin=0.000"": 5622, ""cutoff=6.000_skin=0.500"": 6634}",0.0,,
OPT-RFT-XAFPAY172-R512-v1,16360d404e1cc8ec5ea026f69f45c1e0d210a4962a9adca338d6dcf7b609da30,OPT-RFT-XAFPAY172-R512-v1:0239,XAFPAY_C2_14_1841_z1_43,073758df83fc1d211fb48396fc08057a29d3ecee9f75a9de4e8d8f0a1a590cd0,239,cross_family_test_set,XAFPAY/structures/XAFPAY_C2_14_1841_z1_43.cif,b4fb1f7c51a8b80b26e7c35994c5933f76e6adb79415d8a58a5cea4c2983ba83,073758df83fc1d211fb48396fc08057a29d3ecee9f75a9de4e8d8f0a1a590cd0,0,172,"[""O"", ""C"", ""O"", ""C"", ""C"", ""C"", ""C"", ""C"", ""C"", ""N"", ""C"", ""C"", ""C"", ""C"", ""C"", ""C"", ""C"", ""C"", ""C"", ""C"", ""Cl"", ""C"", ""Cl"", ""C"", ""C"", ""C"", ""H"", ""H"", ""H"", ""H"", ""H"", ""H"", ""H"", ""H"", ""H"", ""H"", ""H"", ""H"", ""H"", ""H"", ""H"", ""H"", ""H"", ""O"", ""C"", ""O"", ""C"", ""C"", ""C"", ""C"", ""C"", ""C"", ""N"", ""C"", ""C"", ""C"", ""C"", ""C"", ""C"", ""C"", ""C"", ""C"", ""C"", ""Cl"", ""C"", ""Cl"", ""C"", ""C"", ""C"", ""H"", ""H"", ""H"", ""H"", ""H"", ""H"", ""H"", ""H"", ""H"", ""H"", ""H"", ""H"", ""H"", ""H"", ""H"", ""H"", ""H"", ""O"", ""C"", ""O"", ""C"", ""C"", ""C"", ""C"", ""C"", ""C"", ""N"", ""C"", ""C"", ""C"", ""C"", ""C"", ""C"", ""C"", ""C"", ""C"", ""C"", ""Cl"", ""C"", ""Cl"", ""C"", ""C"", ""C"", ""H"", ""H"", ""H"", ""H"", ""H"", ""H"", ""H"", ""H"", ""H"", ""H"", ""H"", ""H"", ""H"", ""H"", ""H"", ""H"", ""H"", ""O"", ""C"", ""O"", ""C"", ""C"", ""C"", ""C"", ""C"", ""C"", ""N"", ""C"", ""C"", ""C"", ""C"", ""C"", ""C"", ""C"", ""C"", ""C"", ""C"", ""Cl"", ""C"", ""Cl"", ""C"", ""C"", ""C"", ""H"", ""H"", ""H"", ""H"", ""H"", ""H"", ""H"", ""H"", ""H"", ""H"", ""H"", ""H"", ""H"", ""H"", ""H"", ""H"", ""H""]",C84H68Cl8N4O8,"[true, true, true]","[10.624484359545622, 0.0, 0.0, 0.0, 22.803549668048163, 0.0, -7.863106132205948, 0.0, 23.903505857709018]",5791.244752318979,[],"{""cutoff=6.000_skin=0.000"": 5632, ""cutoff=6.000_skin=0.500"": 6696}",0.0,,
OPT-RFT-XAFPAY172-R512-v1,16360d404e1cc8ec5ea026f69f45c1e0d210a4962a9adca338d6dcf7b609da30,OPT-RFT-XAFPAY172-R512-v1:0240,XAFPAY_C1_14_720_z1_43,d768ba551eed9d6adaa58219f84506877b9a3d9153d602e6bc58e55619ca9e0a,240,cross_family_test_set,XAFPAY/structures/XAFPAY_C1_14_720_z1_43.cif,32b6cc58a448753714cf26796a0e913a0039e833f390959d3ad6d2a89d3f8bd6,d768ba551eed9d6adaa58219f84506877b9a3d9153d602e6bc58e55619ca9e0a,0,172,"[""O"", ""C"", ""O"", ""C"", ""C"", ""C"", ""C"", ""C"", ""C"", ""N"", ""C"", ""C"", ""C"", ""C"", ""C"", ""C"", ""C"", ""C"", ""C"", ""C"", ""Cl"", ""C"", ""Cl"", ""C"", ""C"", ""C"", ""H"", ""H"", ""H"", ""H"", ""H"", ""H"", ""H"", ""H"", ""H"", ""H"", ""H"", ""H"", ""H"", ""H"", ""H"", ""H"", ""H"", ""O"", ""C"", ""O"", ""C"", ""C"", ""C"", ""C"", ""C"", ""C"", ""N"", ""C"", ""C"", ""C"", ""C"", ""C"", ""C"", ""C"", ""C"", ""C"", ""C"", ""Cl"", ""C"", ""Cl"", ""C"", ""C"", ""C"", ""H"", ""H"", ""H"", ""H"", ""H"", ""H"", ""H"", ""H"", ""H"", ""H"", ""H"", ""H"", ""H"", ""H"", ""H"", ""H"", ""H"", ""O"", ""C"", ""O"", ""C"", ""C"", ""C"", ""C"", ""C"", ""C"", ""N"", ""C"", ""C"", ""C"", ""C"", ""C"", ""C"", ""C"", ""C"", ""C"", ""C"", ""Cl"", ""C"", ""Cl"", ""C"", ""C"", ""C"", ""H"", ""H"", ""H"", ""H"", ""H"", ""H"", ""H"", ""H"", ""H"", ""H"", ""H"", ""H"", ""H"", ""H"", ""H"", ""H"", ""H"", ""O"", ""C"", ""O"", ""C"", ""C"", ""C"", ""C"", ""C"", ""C"", ""N"", ""C"", ""C"", ""C"", ""C"", ""C"", ""C"", ""C"", ""C"", ""C"", ""C"", ""Cl"", ""C"", ""Cl"", ""C"", ""C"", ""C"", ""H"", ""H"", ""H"", ""H"", ""H"", ""H"", ""H"", ""H"", ""H"", ""H"", ""H"", ""H"", ""H"", ""H"", ""H"", ""H"", ""H""]",C84H68Cl8N4O8,"[true, true, true]","[9.610364246071924, 0.0, 0.0, 0.0, 25.17471349989718, 0.0, 11.1145752544234, 0.0, 21.775150535794754]",5268.239996425517,[],"{""cutoff=6.000_skin=0.000"": 5640, ""cutoff=6.000_skin=0.500"": 7008}",0.0,,
OPT-RFT-XAFPAY172-R512-v1,16360d404e1cc8ec5ea026f69f45c1e0d210a4962a9adca338d6dcf7b609da30,OPT-RFT-XAFPAY172-R512-v1:0241,XAFPAY_C4_2_14061_z2_86,7014de133006542f47a2a91fbb7ab16ec8003cae69592c84a92fe9176bedc852,241,cross_family_test_set,XAFPAY/structures/XAFPAY_C4_2_14061_z2_86.cif,6bf0db4dd9baf0a51c5c242817ab089ea9aa346a7ba0713d21d382c7f0ba66de,7014de133006542f47a2a91fbb7ab16ec8003cae69592c84a92fe9176bedc852,0,172,"[""O"", ""C"", ""O"", ""C"", ""C"", ""C"", ""C"", ""C"", ""C"", ""N"", ""C"", ""C"", ""C"", ""C"", ""C"", ""C"", ""C"", ""C"", ""C"", ""C"", ""Cl"", ""C"", ""Cl"", ""C"", ""C"", ""C"", ""H"", ""H"", ""H"", ""H"", ""H"", ""H"", ""H"", ""H"", ""H"", ""H"", ""H"", ""H"", ""H"", ""H"", ""H"", ""H"", ""H"", ""O"", ""C"", ""O"", ""C"", ""C"", ""C"", ""C"", ""C"", ""C"", ""N"", ""C"", ""C"", ""C"", ""C"", ""C"", ""C"", ""C"", ""C"", ""C"", ""C"", ""Cl"", ""C"", ""Cl"", ""C"", ""C"", ""C"", ""H"", ""H"", ""H"", ""H"", ""H"", ""H"", ""H"", ""H"", ""H"", ""H"", ""H"", ""H"", ""H"", ""H"", ""H"", ""H"", ""H"", ""O"", ""C"", ""O"", ""C"", ""C"", ""C"", ""C"", ""C"", ""C"", ""N"", ""C"", ""C"", ""C"", ""C"", ""C"", ""C"", ""C"", ""C"", ""C"", ""C"", ""Cl"", ""C"", ""Cl"", ""C"", ""C"", ""C"", ""H"", ""H"", ""H"", ""H"", ""H"", ""H"", ""H"", ""H"", ""H"", ""H"", ""H"", ""H"", ""H"", ""H"", ""H"", ""H"", ""H"", ""O"", ""C"", ""O"", ""C"", ""C"", ""C"", ""C"", ""C"", ""C"", ""N"", ""C"", ""C"", ""C"", ""C"", ""C"", ""C"", ""C"", ""C"", ""C"", ""C"", ""Cl"", ""C"", ""Cl"", ""C"", ""C"", ""C"", ""H"", ""H"", ""H"", ""H"", ""H"", ""H"", ""H"", ""H"", ""H"", ""H"", ""H"", ""H"", ""H"", ""H"", ""H"", ""H"", ""H""]",C84H68Cl8N4O8,"[true, true, true]","[19.15510576920225, 0.0, 0.0, 1.5228135532406453, 30.641195851777272, 0.0, 7.243338207796594, 5.039420003274937, 11.263464470723829]",6610.925432453224,[],"{""cutoff=6.000_skin=0.000"": 5640, ""cutoff=6.000_skin=0.500"": 6758}",0.0,,
OPT-RFT-XAFPAY172-R512-v1,16360d404e1cc8ec5ea026f69f45c1e0d210a4962a9adca338d6dcf7b609da30,OPT-RFT-XAFPAY172-R512-v1:0242,XAFPAY_C3_2_17855_z2_86,806122d6468b7a1f1246f032db762c974c0ba3b975dcb2044843a469f4252e5a,242,cross_family_test_set,XAFPAY/structures/XAFPAY_C3_2_17855_z2_86.cif,453ba2c22465be24cc05ece18f57ec1115ba19c5a1c5e3951896e58423b9b442,806122d6468b7a1f1246f032db762c974c0ba3b975dcb2044843a469f4252e5a,0,172,"[""O"", ""C"", ""O"", ""C"", ""C"", ""C"", ""C"", ""C"", ""C"", ""N"", ""C"", ""C"", ""C"", ""C"", ""C"", ""C"", ""C"", ""C"", ""C"", ""C"", ""Cl"", ""C"", ""Cl"", ""C"", ""C"", ""C"", ""H"", ""H"", ""H"", ""H"", ""H"", ""H"", ""H"", ""H"", ""H"", ""H"", ""H"", ""H"", ""H"", ""H"", ""H"", ""H"", ""H"", ""O"", ""C"", ""O"", ""C"", ""C"", ""C"", ""C"", ""C"", ""C"", ""N"", ""C"", ""C"", ""C"", ""C"", ""C"", ""C"", ""C"", ""C"", ""C"", ""C"", ""Cl"", ""C"", ""Cl"", ""C"", ""C"", ""C"", ""H"", ""H"", ""H"", ""H"", ""H"", ""H"", ""H"", ""H"", ""H"", ""H"", ""H"", ""H"", ""H"", ""H"", ""H"", ""H"", ""H"", ""O"", ""C"", ""O"", ""C"", ""C"", ""C"", ""C"", ""C"", ""C"", ""N"", ""C"", ""C"", ""C"", ""C"", ""C"", ""C"", ""C"", ""C"", ""C"", ""C"", ""Cl"", ""C"", ""Cl"", ""C"", ""C"", ""C"", ""H"", ""H"", ""H"", ""H"", ""H"", ""H"", ""H"", ""H"", ""H"", ""H"", ""H"", ""H"", ""H"", ""H"", ""H"", ""H"", ""H"", ""O"", ""C"", ""O"", ""C"", ""C"", ""C"", ""C"", ""C"", ""C"", ""N"", ""C"", ""C"", ""C"", ""C"", ""C"", ""C"", ""C"", ""C"", ""C"", ""C"", ""Cl"", ""C"", ""Cl"", ""C"", ""C"", ""C"", ""H"", ""H"", ""H"", ""H"", ""H"", ""H"", ""H"", ""H"", ""H"", ""H"", ""H"", ""H"", ""H"", ""H"", ""H"", ""H"", ""H""]",C84H68Cl8N4O8,"[true, true, true]","[18.704703705440764, 0.0, 0.0, -1.1117422386834535, 16.29948702930513, 0.0, 3.9911092811404862, 0.40105591755231196, 18.433575098113884]",5619.974465702791,[],"{""cutoff=6.000_skin=0.000"": 5646, ""cutoff=6.000_skin=0.500"": 6938}",0.0,,
OPT-RFT-XAFPAY172-R512-v1,16360d404e1cc8ec5ea026f69f45c1e0d210a4962a9adca338d6dcf7b609da30,OPT-RFT-XAFPAY172-R512-v1:0243,XAFPAY_C4_2_1954_z2_86,6433e5848e3b238886f9944aef8ab3e31329efca5d659ed50aa1de9ab3c4a751,243,cross_family_test_set,XAFPAY/structures/XAFPAY_C4_2_1954_z2_86.cif,d5a728ec082434c5e8791a113aabb1e18b7d85beaf11b4fd73fd17aaa55ceda2,6433e5848e3b238886f9944aef8ab3e31329efca5d659ed50aa1de9ab3c4a751,0,172,"[""O"", ""C"", ""O"", ""C"", ""C"", ""C"", ""C"", ""C"", ""C"", ""N"", ""C"", ""C"", ""C"", ""C"", ""C"", ""C"", ""C"", ""C"", ""C"", ""C"", ""Cl"", ""C"", ""Cl"", ""C"", ""C"", ""C"", ""H"", ""H"", ""H"", ""H"", ""H"", ""H"", ""H"", ""H"", ""H"", ""H"", ""H"", ""H"", ""H"", ""H"", ""H"", ""H"", ""H"", ""O"", ""C"", ""O"", ""C"", ""C"", ""C"", ""C"", ""C"", ""C"", ""N"", ""C"", ""C"", ""C"", ""C"", ""C"", ""C"", ""C"", ""C"", ""C"", ""C"", ""Cl"", ""C"", ""Cl"", ""C"", ""C"", ""C"", ""H"", ""H"", ""H"", ""H"", ""H"", ""H"", ""H"", ""H"", ""H"", ""H"", ""H"", ""H"", ""H"", ""H"", ""H"", ""H"", ""H"", ""O"", ""C"", ""O"", ""C"", ""C"", ""C"", ""C"", ""C"", ""C"", ""N"", ""C"", ""C"", ""C"", ""C"", ""C"", ""C"", ""C"", ""C"", ""C"", ""C"", ""Cl"", ""C"", ""Cl"", ""C"", ""C"", ""C"", ""H"", ""H"", ""H"", ""H"", ""H"", ""H"", ""H"", ""H"", ""H"", ""H"", ""H"", ""H"", ""H"", ""H"", ""H"", ""H"", ""H"", ""O"", ""C"", ""O"", ""C"", ""C"", ""C"", ""C"", ""C"", ""C"", ""N"", ""C"", ""C"", ""C"", ""C"", ""C"", ""C"", ""C"", ""C"", ""C"", ""C"", ""Cl"", ""C"", ""Cl"", ""C"", ""C"", ""C"", ""H"", ""H"", ""H"", ""H"", ""H"", ""H"", ""H"", ""H"", ""H"", ""H"", ""H"", ""H"", ""H"", ""H"", ""H"", ""H"", ""H""]",C84H68Cl8N4O8,"[true, true, true]","[19.268887612066607, 0.0, 0.0, -3.605897948739213, 20.348105186892738, 0.0, 0.9862501869819579, -6.774792310836963, 16.41053751521245]",6434.331377582737,[],"{""cutoff=6.000_skin=0.000"": 5648, ""cutoff=6.000_skin=0.500"": 6778}",0.0,,
OPT-RFT-XAFPAY172-R512-v1,16360d404e1cc8ec5ea026f69f45c1e0d210a4962a9adca338d6dcf7b609da30,OPT-RFT-XAFPAY172-R512-v1:0244,XAFPAY_C2_14_5010_z1_43,81557ff9dae4660877589448bb2c4a028cb303557d8e35f4abeab8a6f95057e8,244,cross_family_test_set,XAFPAY/structures/XAFPAY_C2_14_5010_z1_43.cif,b569372b0600748a94762401b6f43ab4f6843cfc1bdaae359ca5552bd7680953,81557ff9dae4660877589448bb2c4a028cb303557d8e35f4abeab8a6f95057e8,0,172,"[""O"", ""C"", ""O"", ""C"", ""C"", ""C"", ""C"", ""C"", ""C"", ""N"", ""C"", ""C"", ""C"", ""C"", ""C"", ""C"", ""C"", ""C"", ""C"", ""C"", ""Cl"", ""C"", ""Cl"", ""C"", ""C"", ""C"", ""H"", ""H"", ""H"", ""H"", ""H"", ""H"", ""H"", ""H"", ""H"", ""H"", ""H"", ""H"", ""H"", ""H"", ""H"", ""H"", ""H"", ""O"", ""C"", ""O"", ""C"", ""C"", ""C"", ""C"", ""C"", ""C"", ""N"", ""C"", ""C"", ""C"", ""C"", ""C"", ""C"", ""C"", ""C"", ""C"", ""C"", ""Cl"", ""C"", ""Cl"", ""C"", ""C"", ""C"", ""H"", ""H"", ""H"", ""H"", ""H"", ""H"", ""H"", ""H"", ""H"", ""H"", ""H"", ""H"", ""H"", ""H"", ""H"", ""H"", ""H"", ""O"", ""C"", ""O"", ""C"", ""C"", ""C"", ""C"", ""C"", ""C"", ""N"", ""C"", ""C"", ""C"", ""C"", ""C"", ""C"", ""C"", ""C"", ""C"", ""C"", ""Cl"", ""C"", ""Cl"", ""C"", ""C"", ""C"", ""H"", ""H"", ""H"", ""H"", ""H"", ""H"", ""H"", ""H"", ""H"", ""H"", ""H"", ""H"", ""H"", ""H"", ""H"", ""H"", ""H"", ""O"", ""C"", ""O"", ""C"", ""C"", ""C"", ""C"", ""C"", ""C"", ""N"", ""C"", ""C"", ""C"", ""C"", ""C"", ""C"", ""C"", ""C"", ""C"", ""C"", ""Cl"", ""C"", ""Cl"", ""C"", ""C"", ""C"", ""H"", ""H"", ""H"", ""H"", ""H"", ""H"", ""H"", ""H"", ""H"", ""H"", ""H"", ""H"", ""H"", ""H"", ""H"", ""H"", ""H""]",C84H68Cl8N4O8,"[true, true, true]","[14.856186361269778, 0.0, 0.0, 0.0, 25.83996650350278, 0.0, 10.248244696429081, 0.0, 12.930311285289873]",4963.731315471289,[],"{""cutoff=6.000_skin=0.000"": 5660, ""cutoff=6.000_skin=0.500"": 6816}",0.0,,
OPT-RFT-XAFPAY172-R512-v1,16360d404e1cc8ec5ea026f69f45c1e0d210a4962a9adca338d6dcf7b609da30,OPT-RFT-XAFPAY172-R512-v1:0245,XAFPAY_C2_2_17475_z2_86,570485cce9404f35e2e38c4354b7edad5e8b1198e97aed74825021a63effe435,245,cross_family_test_set,XAFPAY/structures/XAFPAY_C2_2_17475_z2_86.cif,77d1ce0e75225240c6603f982b327f3c7c753465047b88f6dc93fd901eebcf0d,570485cce9404f35e2e38c4354b7edad5e8b1198e97aed74825021a63effe435,0,172,"[""O"", ""C"", ""O"", ""C"", ""C"", ""C"", ""C"", ""C"", ""C"", ""N"", ""C"", ""C"", ""C"", ""C"", ""C"", ""C"", ""C"", ""C"", ""C"", ""C"", ""Cl"", ""C"", ""Cl"", ""C"", ""C"", ""C"", ""H"", ""H"", ""H"", ""H"", ""H"", ""H"", ""H"", ""H"", ""H"", ""H"", ""H"", ""H"", ""H"", ""H"", ""H"", ""H"", ""H"", ""O"", ""C"", ""O"", ""C"", ""C"", ""C"", ""C"", ""C"", ""C"", ""N"", ""C"", ""C"", ""C"", ""C"", ""C"", ""C"", ""C"", ""C"", ""C"", ""C"", ""Cl"", ""C"", ""Cl"", ""C"", ""C"", ""C"", ""H"", ""H"", ""H"", ""H"", ""H"", ""H"", ""H"", ""H"", ""H"", ""H"", ""H"", ""H"", ""H"", ""H"", ""H"", ""H"", ""H"", ""O"", ""C"", ""O"", ""C"", ""C"", ""C"", ""C"", ""C"", ""C"", ""N"", ""C"", ""C"", ""C"", ""C"", ""C"", ""C"", ""C"", ""C"", ""C"", ""C"", ""Cl"", ""C"", ""Cl"", ""C"", ""C"", ""C"", ""H"", ""H"", ""H"", ""H"", ""H"", ""H"", ""H"", ""H"", ""H"", ""H"", ""H"", ""H"", ""H"", ""H"", ""H"", ""H"", ""H"", ""O"", ""C"", ""O"", ""C"", ""C"", ""C"", ""C"", ""C"", ""C"", ""N"", ""C"", ""C"", ""C"", ""C"", ""C"", ""C"", ""C"", ""C"", ""C"", ""C"", ""Cl"", ""C"", ""Cl"", ""C"", ""C"", ""C"", ""H"", ""H"", ""H"", ""H"", ""H"", ""H"", ""H"", ""H"", ""H"", ""H"", ""H"", ""H"", ""H"", ""H"", ""H"", ""H"", ""H""]",C84H68Cl8N4O8,"[true, true, true]","[21.997525648672493, 0.0, 0.0, -5.723920090905483, 17.234486069105614, 0.0, -9.763352233359765, 9.56145264364731, 15.462425474360554]",5862.053659159509,[],"{""cutoff=6.000_skin=0.000"": 5662, ""cutoff=6.000_skin=0.500"": 6600}",0.0,,
OPT-RFT-XAFPAY172-R512-v1,16360d404e1cc8ec5ea026f69f45c1e0d210a4962a9adca338d6dcf7b609da30,OPT-RFT-XAFPAY172-R512-v1:0246,XAFPAY_C4_14_134_z1_43,86621b1afdc62969b06ea071c9523c9ff5e65c2b8452c4828e6a5702f095c608,246,cross_family_test_set,XAFPAY/structures/XAFPAY_C4_14_134_z1_43.cif,d22f05a76af6a6cc22fa5a2e30838864032e40f410f94a7f762f9f759622dbd1,86621b1afdc62969b06ea071c9523c9ff5e65c2b8452c4828e6a5702f095c608,0,172,"[""O"", ""C"", ""O"", ""C"", ""C"", ""C"", ""C"", ""C"", ""C"", ""N"", ""C"", ""C"", ""C"", ""C"", ""C"", ""C"", ""C"", ""C"", ""C"", ""C"", ""Cl"", ""C"", ""Cl"", ""C"", ""C"", ""C"", ""H"", ""H"", ""H"", ""H"", ""H"", ""H"", ""H"", ""H"", ""H"", ""H"", ""H"", ""H"", ""H"", ""H"", ""H"", ""H"", ""H"", ""O"", ""C"", ""O"", ""C"", ""C"", ""C"", ""C"", ""C"", ""C"", ""N"", ""C"", ""C"", ""C"", ""C"", ""C"", ""C"", ""C"", ""C"", ""C"", ""C"", ""Cl"", ""C"", ""Cl"", ""C"", ""C"", ""C"", ""H"", ""H"", ""H"", ""H"", ""H"", ""H"", ""H"", ""H"", ""H"", ""H"", ""H"", ""H"", ""H"", ""H"", ""H"", ""H"", ""H"", ""O"", ""C"", ""O"", ""C"", ""C"", ""C"", ""C"", ""C"", ""C"", ""N"", ""C"", ""C"", ""C"", ""C"", ""C"", ""C"", ""C"", ""C"", ""C"", ""C"", ""Cl"", ""C"", ""Cl"", ""C"", ""C"", ""C"", ""H"", ""H"", ""H"", ""H"", ""H"", ""H"", ""H"", ""H"", ""H"", ""H"", ""H"", ""H"", ""H"", ""H"", ""H"", ""H"", ""H"", ""O"", ""C"", ""O"", ""C"", ""C"", ""C"", ""C"", ""C"", ""C"", ""N"", ""C"", ""C"", ""C"", ""C"", ""C"", ""C"", ""C"", ""C"", ""C"", ""C"", ""Cl"", ""C"", ""Cl"", ""C"", ""C"", ""C"", ""H"", ""H"", ""H"", ""H"", ""H"", ""H"", ""H"", ""H"", ""H"", ""H"", ""H"", ""H"", ""H"", ""H"", ""H"", ""H"", ""H""]",C84H68Cl8N4O8,"[true, true, true]","[23.11338157354828, 0.0, 0.0, 0.0, 19.115910980008387, 0.0, -7.762081659035428, 0.0, 14.54540624547324]",6426.645490103754,[],"{""cutoff=6.000_skin=0.000"": 5664, ""cutoff=6.000_skin=0.500"": 6536}",0.0,,
OPT-RFT-XAFPAY172-R512-v1,16360d404e1cc8ec5ea026f69f45c1e0d210a4962a9adca338d6dcf7b609da30,OPT-RFT-XAFPAY172-R512-v1:0247,XAFPAY_C3_2_16688_z2_86,aaa71fdfccd3896e4c1c8087fe78ff3a716c845632e727b822346dac6a95ca1c,247,cross_family_test_set,XAFPAY/structures/XAFPAY_C3_2_16688_z2_86.cif,967fce1ca6e1443a4819106c21894d85efb9929793d14e8baa1486e7b505f4a9,aaa71fdfccd3896e4c1c8087fe78ff3a716c845632e727b822346dac6a95ca1c,0,172,"[""O"", ""C"", ""O"", ""C"", ""C"", ""C"", ""C"", ""C"", ""C"", ""N"", ""C"", ""C"", ""C"", ""C"", ""C"", ""C"", ""C"", ""C"", ""C"", ""C"", ""Cl"", ""C"", ""Cl"", ""C"", ""C"", ""C"", ""H"", ""H"", ""H"", ""H"", ""H"", ""H"", ""H"", ""H"", ""H"", ""H"", ""H"", ""H"", ""H"", ""H"", ""H"", ""H"", ""H"", ""O"", ""C"", ""O"", ""C"", ""C"", ""C"", ""C"", ""C"", ""C"", ""N"", ""C"", ""C"", ""C"", ""C"", ""C"", ""C"", ""C"", ""C"", ""C"", ""C"", ""Cl"", ""C"", ""Cl"", ""C"", ""C"", ""C"", ""H"", ""H"", ""H"", ""H"", ""H"", ""H"", ""H"", ""H"", ""H"", ""H"", ""H"", ""H"", ""H"", ""H"", ""H"", ""H"", ""H"", ""O"", ""C"", ""O"", ""C"", ""C"", ""C"", ""C"", ""C"", ""C"", ""N"", ""C"", ""C"", ""C"", ""C"", ""C"", ""C"", ""C"", ""C"", ""C"", ""C"", ""Cl"", ""C"", ""Cl"", ""C"", ""C"", ""C"", ""H"", ""H"", ""H"", ""H"", ""H"", ""H"", ""H"", ""H"", ""H"", ""H"", ""H"", ""H"", ""H"", ""H"", ""H"", ""H"", ""H"", ""O"", ""C"", ""O"", ""C"", ""C"", ""C"", ""C"", ""C"", ""C"", ""N"", ""C"", ""C"", ""C"", ""C"", ""C"", ""C"", ""C"", ""C"", ""C"", ""C"", ""Cl"", ""C"", ""Cl"", ""C"", ""C"", ""C"", ""H"", ""H"", ""H"", ""H"", ""H"", ""H"", ""H"", ""H"", ""H"", ""H"", ""H"", ""H"", ""H"", ""H"", ""H"", ""H"", ""H""]",C84H68Cl8N4O8,"[true, true, true]","[15.3632121525972, 0.0, 0.0, -2.6036379896147763, 21.10918091754784, 0.0, -7.768040329949091, 6.657339409022886, 16.427846569724633]",5327.6299036989685,[],"{""cutoff=6.000_skin=0.000"": 5674, ""cutoff=6.000_skin=0.500"": 6910}",0.0,,
OPT-RFT-XAFPAY172-R512-v1,16360d404e1cc8ec5ea026f69f45c1e0d210a4962a9adca338d6dcf7b609da30,OPT-RFT-XAFPAY172-R512-v1:0248,XAFPAY_C1_2_8910_z2_86,33237b43085003a70f771c023052d84832347ed929972d97922a746767c287da,248,cross_family_test_set,XAFPAY/structures/XAFPAY_C1_2_8910_z2_86.cif,ae635bd4d78ebbef1fde04ed7a7c232e034f1f545aeddb4e28058f486bbf925c,33237b43085003a70f771c023052d84832347ed929972d97922a746767c287da,0,172,"[""O"", ""C"", ""O"", ""C"", ""C"", ""C"", ""C"", ""C"", ""C"", ""N"", ""C"", ""C"", ""C"", ""C"", ""C"", ""C"", ""C"", ""C"", ""C"", ""C"", ""Cl"", ""C"", ""Cl"", ""C"", ""C"", ""C"", ""H"", ""H"", ""H"", ""H"", ""H"", ""H"", ""H"", ""H"", ""H"", ""H"", ""H"", ""H"", ""H"", ""H"", ""H"", ""H"", ""H"", ""O"", ""C"", ""O"", ""C"", ""C"", ""C"", ""C"", ""C"", ""C"", ""N"", ""C"", ""C"", ""C"", ""C"", ""C"", ""C"", ""C"", ""C"", ""C"", ""C"", ""Cl"", ""C"", ""Cl"", ""C"", ""C"", ""C"", ""H"", ""H"", ""H"", ""H"", ""H"", ""H"", ""H"", ""H"", ""H"", ""H"", ""H"", ""H"", ""H"", ""H"", ""H"", ""H"", ""H"", ""O"", ""C"", ""O"", ""C"", ""C"", ""C"", ""C"", ""C"", ""C"", ""N"", ""C"", ""C"", ""C"", ""C"", ""C"", ""C"", ""C"", ""C"", ""C"", ""C"", ""Cl"", ""C"", ""Cl"", ""C"", ""C"", ""C"", ""H"", ""H"", ""H"", ""H"", ""H"", ""H"", ""H"", ""H"", ""H"", ""H"", ""H"", ""H"", ""H"", ""H"", ""H"", ""H"", ""H"", ""O"", ""C"", ""O"", ""C"", ""C"", ""C"", ""C"", ""C"", ""C"", ""N"", ""C"", ""C"", ""C"", ""C"", ""C"", ""C"", ""C"", ""C"", ""C"", ""C"", ""Cl"", ""C"", ""Cl"", ""C"", ""C"", ""C"", ""H"", ""H"", ""H"", ""H"", ""H"", ""H"", ""H"", ""H"", ""H"", ""H"", ""H"", ""H"", ""H"", ""H"", ""H"", ""H"", ""H""]",C84H68Cl8N4O8,"[true, true, true]","[23.103019769917637, 0.0, 0.0, 7.44984111610073, 14.707082936906113, 0.0, 0.4597529247799499, 2.400043322172552, 16.352102160825318]",5556.085023393221,[],"{""cutoff=6.000_skin=0.000"": 5676, ""cutoff=6.000_skin=0.500"": 6848}",0.0,,
OPT-RFT-XAFPAY172-R512-v1,16360d404e1cc8ec5ea026f69f45c1e0d210a4962a9adca338d6dcf7b609da30,OPT-RFT-XAFPAY172-R512-v1:0249,XAFPAY_C2_2_19972_z2_86,4ddef96f47b435d3a29b630d455a0a7aabc70d9b4b09876b788403aa52f22e18,249,cross_family_test_set,XAFPAY/structures/XAFPAY_C2_2_19972_z2_86.cif,c2858a136659a83a02615a65e4aa2020c8fd062aa5ad6eb8ef7f415ed2b42fae,4ddef96f47b435d3a29b630d455a0a7aabc70d9b4b09876b788403aa52f22e18,0,172,"[""O"", ""C"", ""O"", ""C"", ""C"", ""C"", ""C"", ""C"", ""C"", ""N"", ""C"", ""C"", ""C"", ""C"", ""C"", ""C"", ""C"", ""C"", ""C"", ""C"", ""Cl"", ""C"", ""Cl"", ""C"", ""C"", ""C"", ""H"", ""H"", ""H"", ""H"", ""H"", ""H"", ""H"", ""H"", ""H"", ""H"", ""H"", ""H"", ""H"", ""H"", ""H"", ""H"", ""H"", ""O"", ""C"", ""O"", ""C"", ""C"", ""C"", ""C"", ""C"", ""C"", ""N"", ""C"", ""C"", ""C"", ""C"", ""C"", ""C"", ""C"", ""C"", ""C"", ""C"", ""Cl"", ""C"", ""Cl"", ""C"", ""C"", ""C"", ""H"", ""H"", ""H"", ""H"", ""H"", ""H"", ""H"", ""H"", ""H"", ""H"", ""H"", ""H"", ""H"", ""H"", ""H"", ""H"", ""H"", ""O"", ""C"", ""O"", ""C"", ""C"", ""C"", ""C"", ""C"", ""C"", ""N"", ""C"", ""C"", ""C"", ""C"", ""C"", ""C"", ""C"", ""C"", ""C"", ""C"", ""Cl"", ""C"", ""Cl"", ""C"", ""C"", ""C"", ""H"", ""H"", ""H"", ""H"", ""H"", ""H"", ""H"", ""H"", ""H"", ""H"", ""H"", ""H"", ""H"", ""H"", ""H"", ""H"", ""H"", ""O"", ""C"", ""O"", ""C"", ""C"", ""C"", ""C"", ""C"", ""C"", ""N"", ""C"", ""C"", ""C"", ""C"", ""C"", ""C"", ""C"", ""C"", ""C"", ""C"", ""Cl"", ""C"", ""Cl"", ""C"", ""C"", ""C"", ""H"", ""H"", ""H"", ""H"", ""H"", ""H"", ""H"", ""H"", ""H"", ""H"", ""H"", ""H"", ""H"", ""H"", ""H"", ""H"", ""H""]",C84H68Cl8N4O8,"[true, true, true]","[19.85156000415452, 0.0, 0.0, 1.7395959048758574, 19.002593021493645, 0.0, 11.530963821887223, 1.6997290327126366, 16.482296006606834]",6217.634910233405,[],"{""cutoff=6.000_skin=0.000"": 5678, ""cutoff=6.000_skin=0.500"": 6818}",0.0,,
OPT-RFT-XAFPAY172-R512-v1,16360d404e1cc8ec5ea026f69f45c1e0d210a4962a9adca338d6dcf7b609da30,OPT-RFT-XAFPAY172-R512-v1:0250,XAFPAY_C2_14_2914_z1_43,d30600b7b131a8b4b7260e664d5054b0ebac1eeb768506d33a6b66d7192211f1,250,cross_family_test_set,XAFPAY/structures/XAFPAY_C2_14_2914_z1_43.cif,33f16ac29d13e8dc72606df9333d9d7b6fe2a5ccb41fa286fdb3b4c08f8ce22d,d30600b7b131a8b4b7260e664d5054b0ebac1eeb768506d33a6b66d7192211f1,0,172,"[""O"", ""C"", ""O"", ""C"", ""C"", ""C"", ""C"", ""C"", ""C"", ""N"", ""C"", ""C"", ""C"", ""C"", ""C"", ""C"", ""C"", ""C"", ""C"", ""C"", ""Cl"", ""C"", ""Cl"", ""C"", ""C"", ""C"", ""H"", ""H"", ""H"", ""H"", ""H"", ""H"", ""H"", ""H"", ""H"", ""H"", ""H"", ""H"", ""H"", ""H"", ""H"", ""H"", ""H"", ""O"", ""C"", ""O"", ""C"", ""C"", ""C"", ""C"", ""C"", ""C"", ""N"", ""C"", ""C"", ""C"", ""C"", ""C"", ""C"", ""C"", ""C"", ""C"", ""C"", ""Cl"", ""C"", ""Cl"", ""C"", ""C"", ""C"", ""H"", ""H"", ""H"", ""H"", ""H"", ""H"", ""H"", ""H"", ""H"", ""H"", ""H"", ""H"", ""H"", ""H"", ""H"", ""H"", ""H"", ""O"", ""C"", ""O"", ""C"", ""C"", ""C"", ""C"", ""C"", ""C"", ""N"", ""C"", ""C"", ""C"", ""C"", ""C"", ""C"", ""C"", ""C"", ""C"", ""C"", ""Cl"", ""C"", ""Cl"", ""C"", ""C"", ""C"", ""H"", ""H"", ""H"", ""H"", ""H"", ""H"", ""H"", ""H"", ""H"", ""H"", ""H"", ""H"", ""H"", ""H"", ""H"", ""H"", ""H"", ""O"", ""C"", ""O"", ""C"", ""C"", ""C"", ""C"", ""C"", ""C"", ""N"", ""C"", ""C"", ""C"", ""C"", ""C"", ""C"", ""C"", ""C"", ""C"", ""C"", ""Cl"", ""C"", ""Cl"", ""C"", ""C"", ""C"", ""H"", ""H"", ""H"", ""H"", ""H"", ""H"", ""H"", ""H"", ""H"", ""H"", ""H"", ""H"", ""H"", ""H"", ""H"", ""H"", ""H""]",C84H68Cl8N4O8,"[true, true, true]","[9.918402806781238, 0.0, 0.0, 0.0, 19.604933694491784, 0.0, 2.8896541419088475, 0.0, 23.762700006334686]",4620.648209352354,[],"{""cutoff=6.000_skin=0.000"": 5680, ""cutoff=6.000_skin=0.500"": 6916}",0.0,,
OPT-RFT-XAFPAY172-R512-v1,16360d404e1cc8ec5ea026f69f45c1e0d210a4962a9adca338d6dcf7b609da30,OPT-RFT-XAFPAY172-R512-v1:0251,XAFPAY_C2_2_7356_z2_86,ef39a5d55b577f382cb218369dd465e55c074ea9fd1965b44c7c441b574cecdc,251,cross_family_test_set,XAFPAY/structures/XAFPAY_C2_2_7356_z2_86.cif,eb455f6d7683d9a64086b7077ec38d90e5223c9569cbe0e513eb74394a0edb9a,ef39a5d55b577f382cb218369dd465e55c074ea9fd1965b44c7c441b574cecdc,0,172,"[""O"", ""C"", ""O"", ""C"", ""C"", ""C"", ""C"", ""C"", ""C"", ""N"", ""C"", ""C"", ""C"", ""C"", ""C"", ""C"", ""C"", ""C"", ""C"", ""C"", ""Cl"", ""C"", ""Cl"", ""C"", ""C"", ""C"", ""H"", ""H"", ""H"", ""H"", ""H"", ""H"", ""H"", ""H"", ""H"", ""H"", ""H"", ""H"", ""H"", ""H"", ""H"", ""H"", ""H"", ""O"", ""C"", ""O"", ""C"", ""C"", ""C"", ""C"", ""C"", ""C"", ""N"", ""C"", ""C"", ""C"", ""C"", ""C"", ""C"", ""C"", ""C"", ""C"", ""C"", ""Cl"", ""C"", ""Cl"", ""C"", ""C"", ""C"", ""H"", ""H"", ""H"", ""H"", ""H"", ""H"", ""H"", ""H"", ""H"", ""H"", ""H"", ""H"", ""H"", ""H"", ""H"", ""H"", ""H"", ""O"", ""C"", ""O"", ""C"", ""C"", ""C"", ""C"", ""C"", ""C"", ""N"", ""C"", ""C"", ""C"", ""C"", ""C"", ""C"", ""C"", ""C"", ""C"", ""C"", ""Cl"", ""C"", ""Cl"", ""C"", ""C"", ""C"", ""H"", ""H"", ""H"", ""H"", ""H"", ""H"", ""H"", ""H"", ""H"", ""H"", ""H"", ""H"", ""H"", ""H"", ""H"", ""H"", ""H"", ""O"", ""C"", ""O"", ""C"", ""C"", ""C"", ""C"", ""C"", ""C"", ""N"", ""C"", ""C"", ""C"", ""C"", ""C"", ""C"", ""C"", ""C"", ""C"", ""C"", ""Cl"", ""C"", ""Cl"", ""C"", ""C"", ""C"", ""H"", ""H"", ""H"", ""H"", ""H"", ""H"", ""H"", ""H"", ""H"", ""H"", ""H"", ""H"", ""H"", ""H"", ""H"", ""H"", ""H""]",C84H68Cl8N4O8,"[true, true, true]","[21.164890965416532, 0.0, 0.0, -8.145210100562917, 18.07101715697657, 0.0, 0.6182146905768036, 4.117315520941869, 15.167094325703863]",5800.975368276343,[],"{""cutoff=6.000_skin=0.000"": 5688, ""cutoff=6.000_skin=0.500"": 6912}",0.0,,
OPT-RFT-XAFPAY172-R512-v1,16360d404e1cc8ec5ea026f69f45c1e0d210a4962a9adca338d6dcf7b609da30,OPT-RFT-XAFPAY172-R512-v1:0252,XAFPAY_C4_2_15697_z2_86,f8da636dd48194ed4ce3dd40eb9b46a6f758191f10f5f94edf62e8711dc1417e,252,cross_family_test_set,XAFPAY/structures/XAFPAY_C4_2_15697_z2_86.cif,a8416dcde2a1b12dcc0a5d5ee3cbcf9ad5651ff3fcb5dd181a6675424ba34234,f8da636dd48194ed4ce3dd40eb9b46a6f758191f10f5f94edf62e8711dc1417e,0,172,"[""O"", ""C"", ""O"", ""C"", ""C"", ""C"", ""C"", ""C"", ""C"", ""N"", ""C"", ""C"", ""C"", ""C"", ""C"", ""C"", ""C"", ""C"", ""C"", ""C"", ""Cl"", ""C"", ""Cl"", ""C"", ""C"", ""C"", ""H"", ""H"", ""H"", ""H"", ""H"", ""H"", ""H"", ""H"", ""H"", ""H"", ""H"", ""H"", ""H"", ""H"", ""H"", ""H"", ""H"", ""O"", ""C"", ""O"", ""C"", ""C"", ""C"", ""C"", ""C"", ""C"", ""N"", ""C"", ""C"", ""C"", ""C"", ""C"", ""C"", ""C"", ""C"", ""C"", ""C"", ""Cl"", ""C"", ""Cl"", ""C"", ""C"", ""C"", ""H"", ""H"", ""H"", ""H"", ""H"", ""H"", ""H"", ""H"", ""H"", ""H"", ""H"", ""H"", ""H"", ""H"", ""H"", ""H"", ""H"", ""O"", ""C"", ""O"", ""C"", ""C"", ""C"", ""C"", ""C"", ""C"", ""N"", ""C"", ""C"", ""C"", ""C"", ""C"", ""C"", ""C"", ""C"", ""C"", ""C"", ""Cl"", ""C"", ""Cl"", ""C"", ""C"", ""C"", ""H"", ""H"", ""H"", ""H"", ""H"", ""H"", ""H"", ""H"", ""H"", ""H"", ""H"", ""H"", ""H"", ""H"", ""H"", ""H"", ""H"", ""O"", ""C"", ""O"", ""C"", ""C"", ""C"", ""C"", ""C"", ""C"", ""N"", ""C"", ""C"", ""C"", ""C"", ""C"", ""C"", ""C"", ""C"", ""C"", ""C"", ""Cl"", ""C"", ""Cl"", ""C"", ""C"", ""C"", ""H"", ""H"", ""H"", ""H"", ""H"", ""H"", ""H"", ""H"", ""H"", ""H"", ""H"", ""H"", ""H"", ""H"", ""H"", ""H"", ""H""]",C84H68Cl8N4O8,"[true, true, true]","[24.08147164997074, 0.0, 0.0, 2.05016722099982, 16.744834616108708, 0.0, 1.4462775399696313, 7.95257983487952, 15.27574583972079]",6159.795725497155,[],"{""cutoff=6.000_skin=0.000"": 5690, ""cutoff=6.000_skin=0.500"": 6978}",0.0,,
OPT-RFT-XAFPAY172-R512-v1,16360d404e1cc8ec5ea026f69f45c1e0d210a4962a9adca338d6dcf7b609da30,OPT-RFT-XAFPAY172-R512-v1:0253,XAFPAY_C1_14_2994_z1_43,4d778202b506def12eab254b7723b9cea0d306ced5681ff03d54516958cc0834,253,cross_family_test_set,XAFPAY/structures/XAFPAY_C1_14_2994_z1_43.cif,7b1dc79ebb10eb1ae7033c79bcd8453048de96837c7a68e2f66297af46736520,4d778202b506def12eab254b7723b9cea0d306ced5681ff03d54516958cc0834,0,172,"[""O"", ""C"", ""O"", ""C"", ""C"", ""C"", ""C"", ""C"", ""C"", ""N"", ""C"", ""C"", ""C"", ""C"", ""C"", ""C"", ""C"", ""C"", ""C"", ""C"", ""Cl"", ""C"", ""Cl"", ""C"", ""C"", ""C"", ""H"", ""H"", ""H"", ""H"", ""H"", ""H"", ""H"", ""H"", ""H"", ""H"", ""H"", ""H"", ""H"", ""H"", ""H"", ""H"", ""H"", ""O"", ""C"", ""O"", ""C"", ""C"", ""C"", ""C"", ""C"", ""C"", ""N"", ""C"", ""C"", ""C"", ""C"", ""C"", ""C"", ""C"", ""C"", ""C"", ""C"", ""Cl"", ""C"", ""Cl"", ""C"", ""C"", ""C"", ""H"", ""H"", ""H"", ""H"", ""H"", ""H"", ""H"", ""H"", ""H"", ""H"", ""H"", ""H"", ""H"", ""H"", ""H"", ""H"", ""H"", ""O"", ""C"", ""O"", ""C"", ""C"", ""C"", ""C"", ""C"", ""C"", ""N"", ""C"", ""C"", ""C"", ""C"", ""C"", ""C"", ""C"", ""C"", ""C"", ""C"", ""Cl"", ""C"", ""Cl"", ""C"", ""C"", ""C"", ""H"", ""H"", ""H"", ""H"", ""H"", ""H"", ""H"", ""H"", ""H"", ""H"", ""H"", ""H"", ""H"", ""H"", ""H"", ""H"", ""H"", ""O"", ""C"", ""O"", ""C"", ""C"", ""C"", ""C"", ""C"", ""C"", ""N"", ""C"", ""C"", ""C"", ""C"", ""C"", ""C"", ""C"", ""C"", ""C"", ""C"", ""Cl"", ""C"", ""Cl"", ""C"", ""C"", ""C"", ""H"", ""H"", ""H"", ""H"", ""H"", ""H"", ""H"", ""H"", ""H"", ""H"", ""H"", ""H"", ""H"", ""H"", ""H"", ""H"", ""H""]",C84H68Cl8N4O8,"[true, true, true]","[13.519853545303562, 0.0, 0.0, 0.0, 17.044494087223697, 0.0, 14.662242716258387, 0.0, 21.221097743640087]",4890.169897129798,[],"{""cutoff=6.000_skin=0.000"": 5696, ""cutoff=6.000_skin=0.500"": 7044}",0.0,,
OPT-RFT-XAFPAY172-R512-v1,16360d404e1cc8ec5ea026f69f45c1e0d210a4962a9adca338d6dcf7b609da30,OPT-RFT-XAFPAY172-R512-v1:0254,XAFPAY_C4_2_9985_z2_86,16b42b12affc7d002a668750e92df5209ca6c1b05e4083051136ab362251bcde,254,cross_family_test_set,XAFPAY/structures/XAFPAY_C4_2_9985_z2_86.cif,4551aeb5a927c334ec8f992150d17b39717d58c08381908401c2fdeb9ea41ba9,16b42b12affc7d002a668750e92df5209ca6c1b05e4083051136ab362251bcde,0,172,"[""O"", ""C"", ""O"", ""C"", ""C"", ""C"", ""C"", ""C"", ""C"", ""N"", ""C"", ""C"", ""C"", ""C"", ""C"", ""C"", ""C"", ""C"", ""C"", ""C"", ""Cl"", ""C"", ""Cl"", ""C"", ""C"", ""C"", ""H"", ""H"", ""H"", ""H"", ""H"", ""H"", ""H"", ""H"", ""H"", ""H"", ""H"", ""H"", ""H"", ""H"", ""H"", ""H"", ""H"", ""O"", ""C"", ""O"", ""C"", ""C"", ""C"", ""C"", ""C"", ""C"", ""N"", ""C"", ""C"", ""C"", ""C"", ""C"", ""C"", ""C"", ""C"", ""C"", ""C"", ""Cl"", ""C"", ""Cl"", ""C"", ""C"", ""C"", ""H"", ""H"", ""H"", ""H"", ""H"", ""H"", ""H"", ""H"", ""H"", ""H"", ""H"", ""H"", ""H"", ""H"", ""H"", ""H"", ""H"", ""O"", ""C"", ""O"", ""C"", ""C"", ""C"", ""C"", ""C"", ""C"", ""N"", ""C"", ""C"", ""C"", ""C"", ""C"", ""C"", ""C"", ""C"", ""C"", ""C"", ""Cl"", ""C"", ""Cl"", ""C"", ""C"", ""C"", ""H"", ""H"", ""H"", ""H"", ""H"", ""H"", ""H"", ""H"", ""H"", ""H"", ""H"", ""H"", ""H"", ""H"", ""H"", ""H"", ""H"", ""O"", ""C"", ""O"", ""C"", ""C"", ""C"", ""C"", ""C"", ""C"", ""N"", ""C"", ""C"", ""C"", ""C"", ""C"", ""C"", ""C"", ""C"", ""C"", ""C"", ""Cl"", ""C"", ""Cl"", ""C"", ""C"", ""C"", ""H"", ""H"", ""H"", ""H"", ""H"", ""H"", ""H"", ""H"", ""H"", ""H"", ""H"", ""H"", ""H"", ""H"", ""H"", ""H"", ""H""]",C84H68Cl8N4O8,"[true, true, true]","[27.59925632553123, 0.0, 0.0, -7.058762661543436, 16.223351253051135, 0.0, 2.0832473208676947, -10.552465602481574, 14.762164799148197]",6609.795156333594,[],"{""cutoff=6.000_skin=0.000"": 5700, ""cutoff=6.000_skin=0.500"": 6994}",0.0,,
OPT-RFT-XAFPAY172-R512-v1,16360d404e1cc8ec5ea026f69f45c1e0d210a4962a9adca338d6dcf7b609da30,OPT-RFT-XAFPAY172-R512-v1:0255,XAFPAY_C4_2_4203_z2_86,c1bdda1856a01fb32e591825d6e9b8d010a095becd25a1864a7eb993eb6bf9e7,255,cross_family_test_set,XAFPAY/structures/XAFPAY_C4_2_4203_z2_86.cif,b23d6ce3750bd7533ca061dc9a54657da282c2641a9275724e1ae23e1c3f5710,c1bdda1856a01fb32e591825d6e9b8d010a095becd25a1864a7eb993eb6bf9e7,0,172,"[""O"", ""C"", ""O"", ""C"", ""C"", ""C"", ""C"", ""C"", ""C"", ""N"", ""C"", ""C"", ""C"", ""C"", ""C"", ""C"", ""C"", ""C"", ""C"", ""C"", ""Cl"", ""C"", ""Cl"", ""C"", ""C"", ""C"", ""H"", ""H"", ""H"", ""H"", ""H"", ""H"", ""H"", ""H"", ""H"", ""H"", ""H"", ""H"", ""H"", ""H"", ""H"", ""H"", ""H"", ""O"", ""C"", ""O"", ""C"", ""C"", ""C"", ""C"", ""C"", ""C"", ""N"", ""C"", ""C"", ""C"", ""C"", ""C"", ""C"", ""C"", ""C"", ""C"", ""C"", ""Cl"", ""C"", ""Cl"", ""C"", ""C"", ""C"", ""H"", ""H"", ""H"", ""H"", ""H"", ""H"", ""H"", ""H"", ""H"", ""H"", ""H"", ""H"", ""H"", ""H"", ""H"", ""H"", ""H"", ""O"", ""C"", ""O"", ""C"", ""C"", ""C"", ""C"", ""C"", ""C"", ""N"", ""C"", ""C"", ""C"", ""C"", ""C"", ""C"", ""C"", ""C"", ""C"", ""C"", ""Cl"", ""C"", ""Cl"", ""C"", ""C"", ""C"", ""H"", ""H"", ""H"", ""H"", ""H"", ""H"", ""H"", ""H"", ""H"", ""H"", ""H"", ""H"", ""H"", ""H"", ""H"", ""H"", ""H"", ""O"", ""C"", ""O"", ""C"", ""C"", ""C"", ""C"", ""C"", ""C"", ""N"", ""C"", ""C"", ""C"", ""C"", ""C"", ""C"", ""C"", ""C"", ""C"", ""C"", ""Cl"", ""C"", ""Cl"", ""C"", ""C"", ""C"", ""H"", ""H"", ""H"", ""H"", ""H"", ""H"", ""H"", ""H"", ""H"", ""H"", ""H"", ""H"", ""H"", ""H"", ""H"", ""H"", ""H""]",C84H68Cl8N4O8,"[true, true, true]","[23.332192942083168, 0.0, 0.0, 1.2528303649415629, 15.691694744058209, 0.0, 0.10933985257476697, 5.8012367878445, 17.677489288380688]",6472.111534746253,[],"{""cutoff=6.000_skin=0.000"": 5706, ""cutoff=6.000_skin=0.500"": 6860}",0.0,,
OPT-RFT-XAFPAY172-R512-v1,16360d404e1cc8ec5ea026f69f45c1e0d210a4962a9adca338d6dcf7b609da30,OPT-RFT-XAFPAY172-R512-v1:0256,XAFPAY_C3_14_641_z1_43,50c512ba9da1510ffa24c793d8241f4a0c5dd3d5451047216eda6befebc809e2,256,cross_family_test_set,XAFPAY/structures/XAFPAY_C3_14_641_z1_43.cif,a2f4ffb0cbd3470d8850bfde865bf5ea810815890674e1d3778424f4f174783d,50c512ba9da1510ffa24c793d8241f4a0c5dd3d5451047216eda6befebc809e2,0,172,"[""O"", ""C"", ""O"", ""C"", ""C"", ""C"", ""C"", ""C"", ""C"", ""N"", ""C"", ""C"", ""C"", ""C"", ""C"", ""C"", ""C"", ""C"", ""C"", ""C"", ""Cl"", ""C"", ""Cl"", ""C"", ""C"", ""C"", ""H"", ""H"", ""H"", ""H"", ""H"", ""H"", ""H"", ""H"", ""H"", ""H"", ""H"", ""H"", ""H"", ""H"", ""H"", ""H"", ""H"", ""O"", ""C"", ""O"", ""C"", ""C"", ""C"", ""C"", ""C"", ""C"", ""N"", ""C"", ""C"", ""C"", ""C"", ""C"", ""C"", ""C"", ""C"", ""C"", ""C"", ""Cl"", ""C"", ""Cl"", ""C"", ""C"", ""C"", ""H"", ""H"", ""H"", ""H"", ""H"", ""H"", ""H"", ""H"", ""H"", ""H"", ""H"", ""H"", ""H"", ""H"", ""H"", ""H"", ""H"", ""O"", ""C"", ""O"", ""C"", ""C"", ""C"", ""C"", ""C"", ""C"", ""N"", ""C"", ""C"", ""C"", ""C"", ""C"", ""C"", ""C"", ""C"", ""C"", ""C"", ""Cl"", ""C"", ""Cl"", ""C"", ""C"", ""C"", ""H"", ""H"", ""H"", ""H"", ""H"", ""H"", ""H"", ""H"", ""H"", ""H"", ""H"", ""H"", ""H"", ""H"", ""H"", ""H"", ""H"", ""O"", ""C"", ""O"", ""C"", ""C"", ""C"", ""C"", ""C"", ""C"", ""N"", ""C"", ""C"", ""C"", ""C"", ""C"", ""C"", ""C"", ""C"", ""C"", ""C"", ""Cl"", ""C"", ""Cl"", ""C"", ""C"", ""C"", ""H"", ""H"", ""H"", ""H"", ""H"", ""H"", ""H"", ""H"", ""H"", ""H"", ""H"", ""H"", ""H"", ""H"", ""H"", ""H"", ""H""]",C84H68Cl8N4O8,"[true, true, true]","[16.857940756109357, 0.0, 0.0, 0.0, 16.719510078947522, 0.0, -3.68188204132865, 0.0, 15.614022668276698]",4400.913942307021,[],"{""cutoff=6.000_skin=0.000"": 5712, ""cutoff=6.000_skin=0.500"": 7016}",0.0,,
OPT-RFT-XAFPAY172-R512-v1,16360d404e1cc8ec5ea026f69f45c1e0d210a4962a9adca338d6dcf7b609da30,OPT-RFT-XAFPAY172-R512-v1:0257,XAFPAY_C2_2_2072_z2_86,40ab93f98df3ddb89fa2739d56c77ce308927fdace4469fcf45c9a6b6ef654cf,257,cross_family_test_set,XAFPAY/structures/XAFPAY_C2_2_2072_z2_86.cif,1984450b95c33c230add0f1834637fff9da75c3c3742eebb64ceb40eaedf28ee,40ab93f98df3ddb89fa2739d56c77ce308927fdace4469fcf45c9a6b6ef654cf,0,172,"[""O"", ""C"", ""O"", ""C"", ""C"", ""C"", ""C"", ""C"", ""C"", ""N"", ""C"", ""C"", ""C"", ""C"", ""C"", ""C"", ""C"", ""C"", ""C"", ""C"", ""Cl"", ""C"", ""Cl"", ""C"", ""C"", ""C"", ""H"", ""H"", ""H"", ""H"", ""H"", ""H"", ""H"", ""H"", ""H"", ""H"", ""H"", ""H"", ""H"", ""H"", ""H"", ""H"", ""H"", ""O"", ""C"", ""O"", ""C"", ""C"", ""C"", ""C"", ""C"", ""C"", ""N"", ""C"", ""C"", ""C"", ""C"", ""C"", ""C"", ""C"", ""C"", ""C"", ""C"", ""Cl"", ""C"", ""Cl"", ""C"", ""C"", ""C"", ""H"", ""H"", ""H"", ""H"", ""H"", ""H"", ""H"", ""H"", ""H"", ""H"", ""H"", ""H"", ""H"", ""H"", ""H"", ""H"", ""H"", ""O"", ""C"", ""O"", ""C"", ""C"", ""C"", ""C"", ""C"", ""C"", ""N"", ""C"", ""C"", ""C"", ""C"", ""C"", ""C"", ""C"", ""C"", ""C"", ""C"", ""Cl"", ""C"", ""Cl"", ""C"", ""C"", ""C"", ""H"", ""H"", ""H"", ""H"", ""H"", ""H"", ""H"", ""H"", ""H"", ""H"", ""H"", ""H"", ""H"", ""H"", ""H"", ""H"", ""H"", ""O"", ""C"", ""O"", ""C"", ""C"", ""C"", ""C"", ""C"", ""C"", ""N"", ""C"", ""C"", ""C"", ""C"", ""C"", ""C"", ""C"", ""C"", ""C"", ""C"", ""Cl"", ""C"", ""Cl"", ""C"", ""C"", ""C"", ""H"", ""H"", ""H"", ""H"", ""H"", ""H"", ""H"", ""H"", ""H"", ""H"", ""H"", ""H"", ""H"", ""H"", ""H"", ""H"", ""H""]",C84H68Cl8N4O8,"[true, true, true]","[18.4130775827524, 0.0, 0.0, 0.00477181428426105, 13.982627046819378, 0.0, 13.694790917915105, 4.894512881985522, 20.8735992524504]",5374.183588579566,[],"{""cutoff=6.000_skin=0.000"": 5718, ""cutoff=6.000_skin=0.500"": 6964}",0.0,,
OPT-RFT-XAFPAY172-R512-v1,16360d404e1cc8ec5ea026f69f45c1e0d210a4962a9adca338d6dcf7b609da30,OPT-RFT-XAFPAY172-R512-v1:0258,XAFPAY_C1_2_12923_z2_86,a6c0b18e353d851b5120e8fe29aef50079a46bb9ea526c53bd4d33692a59c55d,258,cross_family_test_set,XAFPAY/structures/XAFPAY_C1_2_12923_z2_86.cif,383ad41393588837a310e7537e8b5b643567720f868da3e8b10f92460bbb4485,a6c0b18e353d851b5120e8fe29aef50079a46bb9ea526c53bd4d33692a59c55d,0,172,"[""O"", ""C"", ""O"", ""C"", ""C"", ""C"", ""C"", ""C"", ""C"", ""N"", ""C"", ""C"", ""C"", ""C"", ""C"", ""C"", ""C"", ""C"", ""C"", ""C"", ""Cl"", ""C"", ""Cl"", ""C"", ""C"", ""C"", ""H"", ""H"", ""H"", ""H"", ""H"", ""H"", ""H"", ""H"", ""H"", ""H"", ""H"", ""H"", ""H"", ""H"", ""H"", ""H"", ""H"", ""O"", ""C"", ""O"", ""C"", ""C"", ""C"", ""C"", ""C"", ""C"", ""N"", ""C"", ""C"", ""C"", ""C"", ""C"", ""C"", ""C"", ""C"", ""C"", ""C"", ""Cl"", ""C"", ""Cl"", ""C"", ""C"", ""C"", ""H"", ""H"", ""H"", ""H"", ""H"", ""H"", ""H"", ""H"", ""H"", ""H"", ""H"", ""H"", ""H"", ""H"", ""H"", ""H"", ""H"", ""O"", ""C"", ""O"", ""C"", ""C"", ""C"", ""C"", ""C"", ""C"", ""N"", ""C"", ""C"", ""C"", ""C"", ""C"", ""C"", ""C"", ""C"", ""C"", ""C"", ""Cl"", ""C"", ""Cl"", ""C"", ""C"", ""C"", ""H"", ""H"", ""H"", ""H"", ""H"", ""H"", ""H"", ""H"", ""H"", ""H"", ""H"", ""H"", ""H"", ""H"", ""H"", ""H"", ""H"", ""O"", ""C"", ""O"", ""C"", ""C"", ""C"", ""C"", ""C"", ""C"", ""N"", ""C"", ""C"", ""C"", ""C"", ""C"", ""C"", ""C"", ""C"", ""C"", ""C"", ""Cl"", ""C"", ""Cl"", ""C"", ""C"", ""C"", ""H"", ""H"", ""H"", ""H"", ""H"", ""H"", ""H"", ""H"", ""H"", ""H"", ""H"", ""H"", ""H"", ""H"", ""H"", ""H"", ""H""]",C84H68Cl8N4O8,"[true, true, true]","[20.30245324847079, 0.0, 0.0, -13.863426664483276, 16.43324203290366, 0.0, 8.573203896139812, 7.543374437819787, 15.26748951380127]",5093.770819608322,[],"{""cutoff=6.000_skin=0.000"": 5722, ""cutoff=6.000_skin=0.500"": 7094}",0.0,,
OPT-RFT-XAFPAY172-R512-v1,16360d404e1cc8ec5ea026f69f45c1e0d210a4962a9adca338d6dcf7b609da30,OPT-RFT-XAFPAY172-R512-v1:0259,XAFPAY_C2_2_8117_z2_86,4a65191a152fa4668104d29f0bd10944eb0bb9c3444865425233c37183557de1,259,cross_family_test_set,XAFPAY/structures/XAFPAY_C2_2_8117_z2_86.cif,2cbbeebba444952109fce66209267f99650f362fa3205488ad6cec799ae88428,4a65191a152fa4668104d29f0bd10944eb0bb9c3444865425233c37183557de1,0,172,"[""O"", ""C"", ""O"", ""C"", ""C"", ""C"", ""C"", ""C"", ""C"", ""N"", ""C"", ""C"", ""C"", ""C"", ""C"", ""C"", ""C"", ""C"", ""C"", ""C"", ""Cl"", ""C"", ""Cl"", ""C"", ""C"", ""C"", ""H"", ""H"", ""H"", ""H"", ""H"", ""H"", ""H"", ""H"", ""H"", ""H"", ""H"", ""H"", ""H"", ""H"", ""H"", ""H"", ""H"", ""O"", ""C"", ""O"", ""C"", ""C"", ""C"", ""C"", ""C"", ""C"", ""N"", ""C"", ""C"", ""C"", ""C"", ""C"", ""C"", ""C"", ""C"", ""C"", ""C"", ""Cl"", ""C"", ""Cl"", ""C"", ""C"", ""C"", ""H"", ""H"", ""H"", ""H"", ""H"", ""H"", ""H"", ""H"", ""H"", ""H"", ""H"", ""H"", ""H"", ""H"", ""H"", ""H"", ""H"", ""O"", ""C"", ""O"", ""C"", ""C"", ""C"", ""C"", ""C"", ""C"", ""N"", ""C"", ""C"", ""C"", ""C"", ""C"", ""C"", ""C"", ""C"", ""C"", ""C"", ""Cl"", ""C"", ""Cl"", ""C"", ""C"", ""C"", ""H"", ""H"", ""H"", ""H"", ""H"", ""H"", ""H"", ""H"", ""H"", ""H"", ""H"", ""H"", ""H"", ""H"", ""H"", ""H"", ""H"", ""O"", ""C"", ""O"", ""C"", ""C"", ""C"", ""C"", ""C"", ""C"", ""N"", ""C"", ""C"", ""C"", ""C"", ""C"", ""C"", ""C"", ""C"", ""C"", ""C"", ""Cl"", ""C"", ""Cl"", ""C"", ""C"", ""C"", ""H"", ""H"", ""H"", ""H"", ""H"", ""H"", ""H"", ""H"", ""H"", ""H"", ""H"", ""H"", ""H"", ""H"", ""H"", ""H"", ""H""]",C84H68Cl8N4O8,"[true, true, true]","[21.507749539222846, 0.0, 0.0, -3.0759514635519616, 19.344185567871214, 0.0, -9.24592474048506, -9.403788430121141, 16.559215895385844]",6889.460088110503,[],"{""cutoff=6.000_skin=0.000"": 5734, ""cutoff=6.000_skin=0.500"": 6850}",0.0,,
OPT-RFT-XAFPAY172-R512-v1,16360d404e1cc8ec5ea026f69f45c1e0d210a4962a9adca338d6dcf7b609da30,OPT-RFT-XAFPAY172-R512-v1:0260,XAFPAY_C1_14_2124_z1_43,08f4b402d9571601d2646e5574a924e451d81213c8d77ae31971e508b9f907c0,260,cross_family_test_set,XAFPAY/structures/XAFPAY_C1_14_2124_z1_43.cif,7903e12a551624bfc87183350ada1f53fd15f95bc8c861611a36a7617fe79b1e,08f4b402d9571601d2646e5574a924e451d81213c8d77ae31971e508b9f907c0,0,172,"[""O"", ""C"", ""O"", ""C"", ""C"", ""C"", ""C"", ""C"", ""C"", ""N"", ""C"", ""C"", ""C"", ""C"", ""C"", ""C"", ""C"", ""C"", ""C"", ""C"", ""Cl"", ""C"", ""Cl"", ""C"", ""C"", ""C"", ""H"", ""H"", ""H"", ""H"", ""H"", ""H"", ""H"", ""H"", ""H"", ""H"", ""H"", ""H"", ""H"", ""H"", ""H"", ""H"", ""H"", ""O"", ""C"", ""O"", ""C"", ""C"", ""C"", ""C"", ""C"", ""C"", ""N"", ""C"", ""C"", ""C"", ""C"", ""C"", ""C"", ""C"", ""C"", ""C"", ""C"", ""Cl"", ""C"", ""Cl"", ""C"", ""C"", ""C"", ""H"", ""H"", ""H"", ""H"", ""H"", ""H"", ""H"", ""H"", ""H"", ""H"", ""H"", ""H"", ""H"", ""H"", ""H"", ""H"", ""H"", ""O"", ""C"", ""O"", ""C"", ""C"", ""C"", ""C"", ""C"", ""C"", ""N"", ""C"", ""C"", ""C"", ""C"", ""C"", ""C"", ""C"", ""C"", ""C"", ""C"", ""Cl"", ""C"", ""Cl"", ""C"", ""C"", ""C"", ""H"", ""H"", ""H"", ""H"", ""H"", ""H"", ""H"", ""H"", ""H"", ""H"", ""H"", ""H"", ""H"", ""H"", ""H"", ""H"", ""H"", ""O"", ""C"", ""O"", ""C"", ""C"", ""C"", ""C"", ""C"", ""C"", ""N"", ""C"", ""C"", ""C"", ""C"", ""C"", ""C"", ""C"", ""C"", ""C"", ""C"", ""Cl"", ""C"", ""Cl"", ""C"", ""C"", ""C"", ""H"", ""H"", ""H"", ""H"", ""H"", ""H"", ""H"", ""H"", ""H"", ""H"", ""H"", ""H"", ""H"", ""H"", ""H"", ""H"", ""H""]",C84H68Cl8N4O8,"[true, true, true]","[10.7344939290968, 0.0, 0.0, 0.0, 15.492506623588291, 0.0, 2.8853310767029945, 0.0, 29.981858528665153]",4986.109545712904,[],"{""cutoff=6.000_skin=0.000"": 5740, ""cutoff=6.000_skin=0.500"": 6884}",0.0,,
OPT-RFT-XAFPAY172-R512-v1,16360d404e1cc8ec5ea026f69f45c1e0d210a4962a9adca338d6dcf7b609da30,OPT-RFT-XAFPAY172-R512-v1:0261,XAFPAY_C4_2_19494_z2_86,8b638e9b6544c6c7100d670262df2de1823b7def9ad99d02b66560ccc94733a6,261,cross_family_test_set,XAFPAY/structures/XAFPAY_C4_2_19494_z2_86.cif,8f8450ecd0c4d8160565ef22d7d4306ca7fa1b1559b23a6bb76a925157b0c7f7,8b638e9b6544c6c7100d670262df2de1823b7def9ad99d02b66560ccc94733a6,0,172,"[""O"", ""C"", ""O"", ""C"", ""C"", ""C"", ""C"", ""C"", ""C"", ""N"", ""C"", ""C"", ""C"", ""C"", ""C"", ""C"", ""C"", ""C"", ""C"", ""C"", ""Cl"", ""C"", ""Cl"", ""C"", ""C"", ""C"", ""H"", ""H"", ""H"", ""H"", ""H"", ""H"", ""H"", ""H"", ""H"", ""H"", ""H"", ""H"", ""H"", ""H"", ""H"", ""H"", ""H"", ""O"", ""C"", ""O"", ""C"", ""C"", ""C"", ""C"", ""C"", ""C"", ""N"", ""C"", ""C"", ""C"", ""C"", ""C"", ""C"", ""C"", ""C"", ""C"", ""C"", ""Cl"", ""C"", ""Cl"", ""C"", ""C"", ""C"", ""H"", ""H"", ""H"", ""H"", ""H"", ""H"", ""H"", ""H"", ""H"", ""H"", ""H"", ""H"", ""H"", ""H"", ""H"", ""H"", ""H"", ""O"", ""C"", ""O"", ""C"", ""C"", ""C"", ""C"", ""C"", ""C"", ""N"", ""C"", ""C"", ""C"", ""C"", ""C"", ""C"", ""C"", ""C"", ""C"", ""C"", ""Cl"", ""C"", ""Cl"", ""C"", ""C"", ""C"", ""H"", ""H"", ""H"", ""H"", ""H"", ""H"", ""H"", ""H"", ""H"", ""H"", ""H"", ""H"", ""H"", ""H"", ""H"", ""H"", ""H"", ""O"", ""C"", ""O"", ""C"", ""C"", ""C"", ""C"", ""C"", ""C"", ""N"", ""C"", ""C"", ""C"", ""C"", ""C"", ""C"", ""C"", ""C"", ""C"", ""C"", ""Cl"", ""C"", ""Cl"", ""C"", ""C"", ""C"", ""H"", ""H"", ""H"", ""H"", ""H"", ""H"", ""H"", ""H"", ""H"", ""H"", ""H"", ""H"", ""H"", ""H"", ""H"", ""H"", ""H""]",C84H68Cl8N4O8,"[true, true, true]","[16.349524982231983, 0.0, 0.0, 2.8622975481370205, 21.523571419642263, 0.0, -2.1315652047939144, 0.4844273160852652, 18.82001914695746]",6622.767911477356,[],"{""cutoff=6.000_skin=0.000"": 5742, ""cutoff=6.000_skin=0.500"": 7004}",0.0,,
OPT-RFT-XAFPAY172-R512-v1,16360d404e1cc8ec5ea026f69f45c1e0d210a4962a9adca338d6dcf7b609da30,OPT-RFT-XAFPAY172-R512-v1:0262,XAFPAY_C3_2_18096_z2_86,16312759b504a1d6cc71ca1b462ed96c40be411d906510ff463ea37d77519c0b,262,cross_family_test_set,XAFPAY/structures/XAFPAY_C3_2_18096_z2_86.cif,9f8747780b208533fbb3f665875ccc3d8115cd6b595e0eba423ac5fa9d33c4b8,16312759b504a1d6cc71ca1b462ed96c40be411d906510ff463ea37d77519c0b,0,172,"[""O"", ""C"", ""O"", ""C"", ""C"", ""C"", ""C"", ""C"", ""C"", ""N"", ""C"", ""C"", ""C"", ""C"", ""C"", ""C"", ""C"", ""C"", ""C"", ""C"", ""Cl"", ""C"", ""Cl"", ""C"", ""C"", ""C"", ""H"", ""H"", ""H"", ""H"", ""H"", ""H"", ""H"", ""H"", ""H"", ""H"", ""H"", ""H"", ""H"", ""H"", ""H"", ""H"", ""H"", ""O"", ""C"", ""O"", ""C"", ""C"", ""C"", ""C"", ""C"", ""C"", ""N"", ""C"", ""C"", ""C"", ""C"", ""C"", ""C"", ""C"", ""C"", ""C"", ""C"", ""Cl"", ""C"", ""Cl"", ""C"", ""C"", ""C"", ""H"", ""H"", ""H"", ""H"", ""H"", ""H"", ""H"", ""H"", ""H"", ""H"", ""H"", ""H"", ""H"", ""H"", ""H"", ""H"", ""H"", ""O"", ""C"", ""O"", ""C"", ""C"", ""C"", ""C"", ""C"", ""C"", ""N"", ""C"", ""C"", ""C"", ""C"", ""C"", ""C"", ""C"", ""C"", ""C"", ""C"", ""Cl"", ""C"", ""Cl"", ""C"", ""C"", ""C"", ""H"", ""H"", ""H"", ""H"", ""H"", ""H"", ""H"", ""H"", ""H"", ""H"", ""H"", ""H"", ""H"", ""H"", ""H"", ""H"", ""H"", ""O"", ""C"", ""O"", ""C"", ""C"", ""C"", ""C"", ""C"", ""C"", ""N"", ""C"", ""C"", ""C"", ""C"", ""C"", ""C"", ""C"", ""C"", ""C"", ""C"", ""Cl"", ""C"", ""Cl"", ""C"", ""C"", ""C"", ""H"", ""H"", ""H"", ""H"", ""H"", ""H"", ""H"", ""H"", ""H"", ""H"", ""H"", ""H"", ""H"", ""H"", ""H"", ""H"", ""H""]",C84H68Cl8N4O8,"[true, true, true]","[18.482454977833143, 0.0, 0.0, -0.8135589957860596, 17.88662027171267, 0.0, -1.1877525998529994, -5.843693030242618, 16.108117018981034]",5325.1607218066265,[],"{""cutoff=6.000_skin=0.000"": 5746, ""cutoff=6.000_skin=0.500"": 6964}",0.0,,
OPT-RFT-XAFPAY172-R512-v1,16360d404e1cc8ec5ea026f69f45c1e0d210a4962a9adca338d6dcf7b609da30,OPT-RFT-XAFPAY172-R512-v1:0263,XAFPAY_C1_2_18617_z2_86,7ac3a7178c4536f3fac1e7bab709ee790e95dc803aa990588a920a6bf41348d7,263,cross_family_test_set,XAFPAY/structures/XAFPAY_C1_2_18617_z2_86.cif,edae5f9221277ad984288740028735aef9243c7359c00bb12b38aef6298bde13,7ac3a7178c4536f3fac1e7bab709ee790e95dc803aa990588a920a6bf41348d7,0,172,"[""O"", ""C"", ""O"", ""C"", ""C"", ""C"", ""C"", ""C"", ""C"", ""N"", ""C"", ""C"", ""C"", ""C"", ""C"", ""C"", ""C"", ""C"", ""C"", ""C"", ""Cl"", ""C"", ""Cl"", ""C"", ""C"", ""C"", ""H"", ""H"", ""H"", ""H"", ""H"", ""H"", ""H"", ""H"", ""H"", ""H"", ""H"", ""H"", ""H"", ""H"", ""H"", ""H"", ""H"", ""O"", ""C"", ""O"", ""C"", ""C"", ""C"", ""C"", ""C"", ""C"", ""N"", ""C"", ""C"", ""C"", ""C"", ""C"", ""C"", ""C"", ""C"", ""C"", ""C"", ""Cl"", ""C"", ""Cl"", ""C"", ""C"", ""C"", ""H"", ""H"", ""H"", ""H"", ""H"", ""H"", ""H"", ""H"", ""H"", ""H"", ""H"", ""H"", ""H"", ""H"", ""H"", ""H"", ""H"", ""O"", ""C"", ""O"", ""C"", ""C"", ""C"", ""C"", ""C"", ""C"", ""N"", ""C"", ""C"", ""C"", ""C"", ""C"", ""C"", ""C"", ""C"", ""C"", ""C"", ""Cl"", ""C"", ""Cl"", ""C"", ""C"", ""C"", ""H"", ""H"", ""H"", ""H"", ""H"", ""H"", ""H"", ""H"", ""H"", ""H"", ""H"", ""H"", ""H"", ""H"", ""H"", ""H"", ""H"", ""O"", ""C"", ""O"", ""C"", ""C"", ""C"", ""C"", ""C"", ""C"", ""N"", ""C"", ""C"", ""C"", ""C"", ""C"", ""C"", ""C"", ""C"", ""C"", ""C"", ""Cl"", ""C"", ""Cl"", ""C"", ""C"", ""C"", ""H"", ""H"", ""H"", ""H"", ""H"", ""H"", ""H"", ""H"", ""H"", ""H"", ""H"", ""H"", ""H"", ""H"", ""H"", ""H"", ""H""]",C84H68Cl8N4O8,"[true, true, true]","[20.90136563009463, 0.0, 0.0, 2.1869545165440334, 21.494587204583173, 0.0, 7.564301856356288, -1.9760442042697908, 14.271181703763602]",6411.5599479059965,[],"{""cutoff=6.000_skin=0.000"": 5756, ""cutoff=6.000_skin=0.500"": 7016}",0.0,,
OPT-RFT-XAFPAY172-R512-v1,16360d404e1cc8ec5ea026f69f45c1e0d210a4962a9adca338d6dcf7b609da30,OPT-RFT-XAFPAY172-R512-v1:0264,XAFPAY_C4_2_19099_z2_86,a623619fadbc6b83cc0664aebac3c092afc739d76e12270cb82804c200154dcb,264,cross_family_test_set,XAFPAY/structures/XAFPAY_C4_2_19099_z2_86.cif,f0099589f2f5bd4c0a21bd4948bb1a2b9a33838c26328b1994aec399f66d73fb,a623619fadbc6b83cc0664aebac3c092afc739d76e12270cb82804c200154dcb,0,172,"[""O"", ""C"", ""O"", ""C"", ""C"", ""C"", ""C"", ""C"", ""C"", ""N"", ""C"", ""C"", ""C"", ""C"", ""C"", ""C"", ""C"", ""C"", ""C"", ""C"", ""Cl"", ""C"", ""Cl"", ""C"", ""C"", ""C"", ""H"", ""H"", ""H"", ""H"", ""H"", ""H"", ""H"", ""H"", ""H"", ""H"", ""H"", ""H"", ""H"", ""H"", ""H"", ""H"", ""H"", ""O"", ""C"", ""O"", ""C"", ""C"", ""C"", ""C"", ""C"", ""C"", ""N"", ""C"", ""C"", ""C"", ""C"", ""C"", ""C"", ""C"", ""C"", ""C"", ""C"", ""Cl"", ""C"", ""Cl"", ""C"", ""C"", ""C"", ""H"", ""H"", ""H"", ""H"", ""H"", ""H"", ""H"", ""H"", ""H"", ""H"", ""H"", ""H"", ""H"", ""H"", ""H"", ""H"", ""H"", ""O"", ""C"", ""O"", ""C"", ""C"", ""C"", ""C"", ""C"", ""C"", ""N"", ""C"", ""C"", ""C"", ""C"", ""C"", ""C"", ""C"", ""C"", ""C"", ""C"", ""Cl"", ""C"", ""Cl"", ""C"", ""C"", ""C"", ""H"", ""H"", ""H"", ""H"", ""H"", ""H"", ""H"", ""H"", ""H"", ""H"", ""H"", ""H"", ""H"", ""H"", ""H"", ""H"", ""H"", ""O"", ""C"", ""O"", ""C"", ""C"", ""C"", ""C"", ""C"", ""C"", ""N"", ""C"", ""C"", ""C"", ""C"", ""C"", ""C"", ""C"", ""C"", ""C"", ""C"", ""Cl"", ""C"", ""Cl"", ""C"", ""C"", ""C"", ""H"", ""H"", ""H"", ""H"", ""H"", ""H"", ""H"", ""H"", ""H"", ""H"", ""H"", ""H"", ""H"", ""H"", ""H"", ""H"", ""H""]",C84H68Cl8N4O8,"[true, true, true]","[22.410467378893657, 0.0, 0.0, -8.245550718031765, 19.912699064589166, 0.0, -10.331783223026278, -13.404779438258666, 14.153068545261892]",6315.847780499574,[],"{""cutoff=6.000_skin=0.000"": 5762, ""cutoff=6.000_skin=0.500"": 6842}",0.0,,
OPT-RFT-XAFPAY172-R512-v1,16360d404e1cc8ec5ea026f69f45c1e0d210a4962a9adca338d6dcf7b609da30,OPT-RFT-XAFPAY172-R512-v1:0265,XAFPAY_C2_2_5099_z2_86,c8de7e4d03b6a29915db5d2cef68dd944f7cc158034d8602c5b4b9a956d8fa7d,265,cross_family_test_set,XAFPAY/structures/XAFPAY_C2_2_5099_z2_86.cif,cd7da0b50d11cd1721dd2979706e0bb90119f00c844d9c2e04da775b1af0e3a8,c8de7e4d03b6a29915db5d2cef68dd944f7cc158034d8602c5b4b9a956d8fa7d,0,172,"[""O"", ""C"", ""O"", ""C"", ""C"", ""C"", ""C"", ""C"", ""C"", ""N"", ""C"", ""C"", ""C"", ""C"", ""C"", ""C"", ""C"", ""C"", ""C"", ""C"", ""Cl"", ""C"", ""Cl"", ""C"", ""C"", ""C"", ""H"", ""H"", ""H"", ""H"", ""H"", ""H"", ""H"", ""H"", ""H"", ""H"", ""H"", ""H"", ""H"", ""H"", ""H"", ""H"", ""H"", ""O"", ""C"", ""O"", ""C"", ""C"", ""C"", ""C"", ""C"", ""C"", ""N"", ""C"", ""C"", ""C"", ""C"", ""C"", ""C"", ""C"", ""C"", ""C"", ""C"", ""Cl"", ""C"", ""Cl"", ""C"", ""C"", ""C"", ""H"", ""H"", ""H"", ""H"", ""H"", ""H"", ""H"", ""H"", ""H"", ""H"", ""H"", ""H"", ""H"", ""H"", ""H"", ""H"", ""H"", ""O"", ""C"", ""O"", ""C"", ""C"", ""C"", ""C"", ""C"", ""C"", ""N"", ""C"", ""C"", ""C"", ""C"", ""C"", ""C"", ""C"", ""C"", ""C"", ""C"", ""Cl"", ""C"", ""Cl"", ""C"", ""C"", ""C"", ""H"", ""H"", ""H"", ""H"", ""H"", ""H"", ""H"", ""H"", ""H"", ""H"", ""H"", ""H"", ""H"", ""H"", ""H"", ""H"", ""H"", ""O"", ""C"", ""O"", ""C"", ""C"", ""C"", ""C"", ""C"", ""C"", ""N"", ""C"", ""C"", ""C"", ""C"", ""C"", ""C"", ""C"", ""C"", ""C"", ""C"", ""Cl"", ""C"", ""Cl"", ""C"", ""C"", ""C"", ""H"", ""H"", ""H"", ""H"", ""H"", ""H"", ""H"", ""H"", ""H"", ""H"", ""H"", ""H"", ""H"", ""H"", ""H"", ""H"", ""H""]",C84H68Cl8N4O8,"[true, true, true]","[28.477626154579802, 0.0, 0.0, 2.8853079416351703, 13.813825060717077, 0.0, -6.095952412208598, 1.0913984721573546, 15.112784458696048]",5945.141895834171,[],"{""cutoff=6.000_skin=0.000"": 5768, ""cutoff=6.000_skin=0.500"": 6960}",0.0,,
OPT-RFT-XAFPAY172-R512-v1,16360d404e1cc8ec5ea026f69f45c1e0d210a4962a9adca338d6dcf7b609da30,OPT-RFT-XAFPAY172-R512-v1:0266,XAFPAY_C3_14_3116_z1_43,dc7c9e2a3d6f0ea02a3b7a5d78668aba080212ee144620f8ff3e438c99cca66b,266,cross_family_test_set,XAFPAY/structures/XAFPAY_C3_14_3116_z1_43.cif,c850ca2d9b8208ac5235826c444371de65f472b9a88ac3fc1e6008f3e7501c1b,dc7c9e2a3d6f0ea02a3b7a5d78668aba080212ee144620f8ff3e438c99cca66b,0,172,"[""O"", ""C"", ""O"", ""C"", ""C"", ""C"", ""C"", ""C"", ""C"", ""N"", ""C"", ""C"", ""C"", ""C"", ""C"", ""C"", ""C"", ""C"", ""C"", ""C"", ""Cl"", ""C"", ""Cl"", ""C"", ""C"", ""C"", ""H"", ""H"", ""H"", ""H"", ""H"", ""H"", ""H"", ""H"", ""H"", ""H"", ""H"", ""H"", ""H"", ""H"", ""H"", ""H"", ""H"", ""O"", ""C"", ""O"", ""C"", ""C"", ""C"", ""C"", ""C"", ""C"", ""N"", ""C"", ""C"", ""C"", ""C"", ""C"", ""C"", ""C"", ""C"", ""C"", ""C"", ""Cl"", ""C"", ""Cl"", ""C"", ""C"", ""C"", ""H"", ""H"", ""H"", ""H"", ""H"", ""H"", ""H"", ""H"", ""H"", ""H"", ""H"", ""H"", ""H"", ""H"", ""H"", ""H"", ""H"", ""O"", ""C"", ""O"", ""C"", ""C"", ""C"", ""C"", ""C"", ""C"", ""N"", ""C"", ""C"", ""C"", ""C"", ""C"", ""C"", ""C"", ""C"", ""C"", ""C"", ""Cl"", ""C"", ""Cl"", ""C"", ""C"", ""C"", ""H"", ""H"", ""H"", ""H"", ""H"", ""H"", ""H"", ""H"", ""H"", ""H"", ""H"", ""H"", ""H"", ""H"", ""H"", ""H"", ""H"", ""O"", ""C"", ""O"", ""C"", ""C"", ""C"", ""C"", ""C"", ""C"", ""N"", ""C"", ""C"", ""C"", ""C"", ""C"", ""C"", ""C"", ""C"", ""C"", ""C"", ""Cl"", ""C"", ""Cl"", ""C"", ""C"", ""C"", ""H"", ""H"", ""H"", ""H"", ""H"", ""H"", ""H"", ""H"", ""H"", ""H"", ""H"", ""H"", ""H"", ""H"", ""H"", ""H"", ""H""]",C84H68Cl8N4O8,"[true, true, true]","[8.475623875094426, 0.0, 0.0, 0.0, 23.2981938610176, 0.0, 2.855189354996714, 0.0, 22.66719977293892]",4476.017775145096,[],"{""cutoff=6.000_skin=0.000"": 5772, ""cutoff=6.000_skin=0.500"": 7192}",0.0,,
OPT-RFT-XAFPAY172-R512-v1,16360d404e1cc8ec5ea026f69f45c1e0d210a4962a9adca338d6dcf7b609da30,OPT-RFT-XAFPAY172-R512-v1:0267,XAFPAY_C3_14_105_z1_43,cee294c4c79099dc8972124536245bc13b1d5037275119b1dbb67d2d5c889fad,267,cross_family_test_set,XAFPAY/structures/XAFPAY_C3_14_105_z1_43.cif,26e6089d653b8943d85aff2b8cf7249e74eab18728f4af4c3f8af9b785b9fd7f,cee294c4c79099dc8972124536245bc13b1d5037275119b1dbb67d2d5c889fad,0,172,"[""O"", ""C"", ""O"", ""C"", ""C"", ""C"", ""C"", ""C"", ""C"", ""N"", ""C"", ""C"", ""C"", ""C"", ""C"", ""C"", ""C"", ""C"", ""C"", ""C"", ""Cl"", ""C"", ""Cl"", ""C"", ""C"", ""C"", ""H"", ""H"", ""H"", ""H"", ""H"", ""H"", ""H"", ""H"", ""H"", ""H"", ""H"", ""H"", ""H"", ""H"", ""H"", ""H"", ""H"", ""O"", ""C"", ""O"", ""C"", ""C"", ""C"", ""C"", ""C"", ""C"", ""N"", ""C"", ""C"", ""C"", ""C"", ""C"", ""C"", ""C"", ""C"", ""C"", ""C"", ""Cl"", ""C"", ""Cl"", ""C"", ""C"", ""C"", ""H"", ""H"", ""H"", ""H"", ""H"", ""H"", ""H"", ""H"", ""H"", ""H"", ""H"", ""H"", ""H"", ""H"", ""H"", ""H"", ""H"", ""O"", ""C"", ""O"", ""C"", ""C"", ""C"", ""C"", ""C"", ""C"", ""N"", ""C"", ""C"", ""C"", ""C"", ""C"", ""C"", ""C"", ""C"", ""C"", ""C"", ""Cl"", ""C"", ""Cl"", ""C"", ""C"", ""C"", ""H"", ""H"", ""H"", ""H"", ""H"", ""H"", ""H"", ""H"", ""H"", ""H"", ""H"", ""H"", ""H"", ""H"", ""H"", ""H"", ""H"", ""O"", ""C"", ""O"", ""C"", ""C"", ""C"", ""C"", ""C"", ""C"", ""N"", ""C"", ""C"", ""C"", ""C"", ""C"", ""C"", ""C"", ""C"", ""C"", ""C"", ""Cl"", ""C"", ""Cl"", ""C"", ""C"", ""C"", ""H"", ""H"", ""H"", ""H"", ""H"", ""H"", ""H"", ""H"", ""H"", ""H"", ""H"", ""H"", ""H"", ""H"", ""H"", ""H"", ""H""]",C84H68Cl8N4O8,"[true, true, true]","[18.168802363128307, 0.0, 0.0, 0.0, 18.789638886390733, 0.0, -5.928568371711192, 0.0, 16.096301774514405]",5495.039770384311,[],"{""cutoff=6.000_skin=0.000"": 5776, ""cutoff=6.000_skin=0.500"": 6832}",0.0,,
OPT-RFT-XAFPAY172-R512-v1,16360d404e1cc8ec5ea026f69f45c1e0d210a4962a9adca338d6dcf7b609da30,OPT-RFT-XAFPAY172-R512-v1:0268,XAFPAY_C1_2_20111_z2_86,a88ab9e7d2e499b740e4e5a8c7c6caa305f1f085f74fc47a5613978ed4681bb0,268,cross_family_test_set,XAFPAY/structures/XAFPAY_C1_2_20111_z2_86.cif,dd07895f3d71d3e600ad95a09bb5ca060d0debdd612145cb84368c231f122eba,a88ab9e7d2e499b740e4e5a8c7c6caa305f1f085f74fc47a5613978ed4681bb0,0,172,"[""O"", ""C"", ""O"", ""C"", ""C"", ""C"", ""C"", ""C"", ""C"", ""N"", ""C"", ""C"", ""C"", ""C"", ""C"", ""C"", ""C"", ""C"", ""C"", ""C"", ""Cl"", ""C"", ""Cl"", ""C"", ""C"", ""C"", ""H"", ""H"", ""H"", ""H"", ""H"", ""H"", ""H"", ""H"", ""H"", ""H"", ""H"", ""H"", ""H"", ""H"", ""H"", ""H"", ""H"", ""O"", ""C"", ""O"", ""C"", ""C"", ""C"", ""C"", ""C"", ""C"", ""N"", ""C"", ""C"", ""C"", ""C"", ""C"", ""C"", ""C"", ""C"", ""C"", ""C"", ""Cl"", ""C"", ""Cl"", ""C"", ""C"", ""C"", ""H"", ""H"", ""H"", ""H"", ""H"", ""H"", ""H"", ""H"", ""H"", ""H"", ""H"", ""H"", ""H"", ""H"", ""H"", ""H"", ""H"", ""O"", ""C"", ""O"", ""C"", ""C"", ""C"", ""C"", ""C"", ""C"", ""N"", ""C"", ""C"", ""C"", ""C"", ""C"", ""C"", ""C"", ""C"", ""C"", ""C"", ""Cl"", ""C"", ""Cl"", ""C"", ""C"", ""C"", ""H"", ""H"", ""H"", ""H"", ""H"", ""H"", ""H"", ""H"", ""H"", ""H"", ""H"", ""H"", ""H"", ""H"", ""H"", ""H"", ""H"", ""O"", ""C"", ""O"", ""C"", ""C"", ""C"", ""C"", ""C"", ""C"", ""N"", ""C"", ""C"", ""C"", ""C"", ""C"", ""C"", ""C"", ""C"", ""C"", ""C"", ""Cl"", ""C"", ""Cl"", ""C"", ""C"", ""C"", ""H"", ""H"", ""H"", ""H"", ""H"", ""H"", ""H"", ""H"", ""H"", ""H"", ""H"", ""H"", ""H"", ""H"", ""H"", ""H"", ""H""]",C84H68Cl8N4O8,"[true, true, true]","[19.12633795175482, 0.0, 0.0, 6.782384124796051, 18.161112663761774, 0.0, -4.050825838364399, 0.693541789147544, 13.18340930641776]",4579.330764743327,[],"{""cutoff=6.000_skin=0.000"": 5782, ""cutoff=6.000_skin=0.500"": 7190}",0.0,,
OPT-RFT-XAFPAY172-R512-v1,16360d404e1cc8ec5ea026f69f45c1e0d210a4962a9adca338d6dcf7b609da30,OPT-RFT-XAFPAY172-R512-v1:0269,XAFPAY_C3_14_1078_z1_43,2d8ef834b8f41f013f84e73586c914fecd4177883eaeb1e93146e1a059e7892a,269,cross_family_test_set,XAFPAY/structures/XAFPAY_C3_14_1078_z1_43.cif,9082d4e88a61db75677baa64ce804472c31ba25021f98eabc1eb76da49ea0d36,2d8ef834b8f41f013f84e73586c914fecd4177883eaeb1e93146e1a059e7892a,0,172,"[""O"", ""C"", ""O"", ""C"", ""C"", ""C"", ""C"", ""C"", ""C"", ""N"", ""C"", ""C"", ""C"", ""C"", ""C"", ""C"", ""C"", ""C"", ""C"", ""C"", ""Cl"", ""C"", ""Cl"", ""C"", ""C"", ""C"", ""H"", ""H"", ""H"", ""H"", ""H"", ""H"", ""H"", ""H"", ""H"", ""H"", ""H"", ""H"", ""H"", ""H"", ""H"", ""H"", ""H"", ""O"", ""C"", ""O"", ""C"", ""C"", ""C"", ""C"", ""C"", ""C"", ""N"", ""C"", ""C"", ""C"", ""C"", ""C"", ""C"", ""C"", ""C"", ""C"", ""C"", ""Cl"", ""C"", ""Cl"", ""C"", ""C"", ""C"", ""H"", ""H"", ""H"", ""H"", ""H"", ""H"", ""H"", ""H"", ""H"", ""H"", ""H"", ""H"", ""H"", ""H"", ""H"", ""H"", ""H"", ""O"", ""C"", ""O"", ""C"", ""C"", ""C"", ""C"", ""C"", ""C"", ""N"", ""C"", ""C"", ""C"", ""C"", ""C"", ""C"", ""C"", ""C"", ""C"", ""C"", ""Cl"", ""C"", ""Cl"", ""C"", ""C"", ""C"", ""H"", ""H"", ""H"", ""H"", ""H"", ""H"", ""H"", ""H"", ""H"", ""H"", ""H"", ""H"", ""H"", ""H"", ""H"", ""H"", ""H"", ""O"", ""C"", ""O"", ""C"", ""C"", ""C"", ""C"", ""C"", ""C"", ""N"", ""C"", ""C"", ""C"", ""C"", ""C"", ""C"", ""C"", ""C"", ""C"", ""C"", ""Cl"", ""C"", ""Cl"", ""C"", ""C"", ""C"", ""H"", ""H"", ""H"", ""H"", ""H"", ""H"", ""H"", ""H"", ""H"", ""H"", ""H"", ""H"", ""H"", ""H"", ""H"", ""H"", ""H""]",C84H68Cl8N4O8,"[true, true, true]","[7.926220614107962, 0.0, 0.0, 0.0, 16.324186851457803, 0.0, -7.791973083795943, 0.0, 42.50817814594265]",5500.095182044404,[],"{""cutoff=6.000_skin=0.000"": 5784, ""cutoff=6.000_skin=0.500"": 7236}",0.0,,
OPT-RFT-XAFPAY172-R512-v1,16360d404e1cc8ec5ea026f69f45c1e0d210a4962a9adca338d6dcf7b609da30,OPT-RFT-XAFPAY172-R512-v1:0270,XAFPAY_C1_14_881_z1_43,429565fc6e1067cf2c7697eb24372c03ef5024251a6c5199b7ad689b77fdba8a,270,cross_family_test_set,XAFPAY/structures/XAFPAY_C1_14_881_z1_43.cif,5a51c5638dca7e8624a42d06f63ad4166996f205dc22871330c52de9a811e1b5,429565fc6e1067cf2c7697eb24372c03ef5024251a6c5199b7ad689b77fdba8a,0,172,"[""O"", ""C"", ""O"", ""C"", ""C"", ""C"", ""C"", ""C"", ""C"", ""N"", ""C"", ""C"", ""C"", ""C"", ""C"", ""C"", ""C"", ""C"", ""C"", ""C"", ""Cl"", ""C"", ""Cl"", ""C"", ""C"", ""C"", ""H"", ""H"", ""H"", ""H"", ""H"", ""H"", ""H"", ""H"", ""H"", ""H"", ""H"", ""H"", ""H"", ""H"", ""H"", ""H"", ""H"", ""O"", ""C"", ""O"", ""C"", ""C"", ""C"", ""C"", ""C"", ""C"", ""N"", ""C"", ""C"", ""C"", ""C"", ""C"", ""C"", ""C"", ""C"", ""C"", ""C"", ""Cl"", ""C"", ""Cl"", ""C"", ""C"", ""C"", ""H"", ""H"", ""H"", ""H"", ""H"", ""H"", ""H"", ""H"", ""H"", ""H"", ""H"", ""H"", ""H"", ""H"", ""H"", ""H"", ""H"", ""O"", ""C"", ""O"", ""C"", ""C"", ""C"", ""C"", ""C"", ""C"", ""N"", ""C"", ""C"", ""C"", ""C"", ""C"", ""C"", ""C"", ""C"", ""C"", ""C"", ""Cl"", ""C"", ""Cl"", ""C"", ""C"", ""C"", ""H"", ""H"", ""H"", ""H"", ""H"", ""H"", ""H"", ""H"", ""H"", ""H"", ""H"", ""H"", ""H"", ""H"", ""H"", ""H"", ""H"", ""O"", ""C"", ""O"", ""C"", ""C"", ""C"", ""C"", ""C"", ""C"", ""N"", ""C"", ""C"", ""C"", ""C"", ""C"", ""C"", ""C"", ""C"", ""C"", ""C"", ""Cl"", ""C"", ""Cl"", ""C"", ""C"", ""C"", ""H"", ""H"", ""H"", ""H"", ""H"", ""H"", ""H"", ""H"", ""H"", ""H"", ""H"", ""H"", ""H"", ""H"", ""H"", ""H"", ""H""]",C84H68Cl8N4O8,"[true, true, true]","[10.313584651377043, 0.0, 0.0, 0.0, 34.3583021779438, 0.0, -8.421867657107553, 0.0, 15.807606132988962]",5601.539964668961,[],"{""cutoff=6.000_skin=0.000"": 5792, ""cutoff=6.000_skin=0.500"": 7084}",0.0,,
OPT-RFT-XAFPAY172-R512-v1,16360d404e1cc8ec5ea026f69f45c1e0d210a4962a9adca338d6dcf7b609da30,OPT-RFT-XAFPAY172-R512-v1:0271,XAFPAY_C2_14_4052_z1_43,b5f2d5f59a16a19c4e0f2dd655b6f23edd25443ccf09c3d6b782490bdb4bd99f,271,cross_family_test_set,XAFPAY/structures/XAFPAY_C2_14_4052_z1_43.cif,931f8a6443e6f4ea8a7f3092649770d10dda9f466420525cee72459a3cc4c77e,b5f2d5f59a16a19c4e0f2dd655b6f23edd25443ccf09c3d6b782490bdb4bd99f,0,172,"[""O"", ""C"", ""O"", ""C"", ""C"", ""C"", ""C"", ""C"", ""C"", ""N"", ""C"", ""C"", ""C"", ""C"", ""C"", ""C"", ""C"", ""C"", ""C"", ""C"", ""Cl"", ""C"", ""Cl"", ""C"", ""C"", ""C"", ""H"", ""H"", ""H"", ""H"", ""H"", ""H"", ""H"", ""H"", ""H"", ""H"", ""H"", ""H"", ""H"", ""H"", ""H"", ""H"", ""H"", ""O"", ""C"", ""O"", ""C"", ""C"", ""C"", ""C"", ""C"", ""C"", ""N"", ""C"", ""C"", ""C"", ""C"", ""C"", ""C"", ""C"", ""C"", ""C"", ""C"", ""Cl"", ""C"", ""Cl"", ""C"", ""C"", ""C"", ""H"", ""H"", ""H"", ""H"", ""H"", ""H"", ""H"", ""H"", ""H"", ""H"", ""H"", ""H"", ""H"", ""H"", ""H"", ""H"", ""H"", ""O"", ""C"", ""O"", ""C"", ""C"", ""C"", ""C"", ""C"", ""C"", ""N"", ""C"", ""C"", ""C"", ""C"", ""C"", ""C"", ""C"", ""C"", ""C"", ""C"", ""Cl"", ""C"", ""Cl"", ""C"", ""C"", ""C"", ""H"", ""H"", ""H"", ""H"", ""H"", ""H"", ""H"", ""H"", ""H"", ""H"", ""H"", ""H"", ""H"", ""H"", ""H"", ""H"", ""H"", ""O"", ""C"", ""O"", ""C"", ""C"", ""C"", ""C"", ""C"", ""C"", ""N"", ""C"", ""C"", ""C"", ""C"", ""C"", ""C"", ""C"", ""C"", ""C"", ""C"", ""Cl"", ""C"", ""Cl"", ""C"", ""C"", ""C"", ""H"", ""H"", ""H"", ""H"", ""H"", ""H"", ""H"", ""H"", ""H"", ""H"", ""H"", ""H"", ""H"", ""H"", ""H"", ""H"", ""H""]",C84H68Cl8N4O8,"[true, true, true]","[15.234088468442664, 0.0, 0.0, 0.0, 26.54822819098844, 0.0, 8.603610075450382, 0.0, 12.143780423785907]",4911.406958525319,[],"{""cutoff=6.000_skin=0.000"": 5796, ""cutoff=6.000_skin=0.500"": 7000}",0.0,,
OPT-RFT-XAFPAY172-R512-v1,16360d404e1cc8ec5ea026f69f45c1e0d210a4962a9adca338d6dcf7b609da30,OPT-RFT-XAFPAY172-R512-v1:0272,XAFPAY_C4_2_12353_z2_86,7f80c355714428159cd6b8c535a0607678a83726bfb31b0edd87fd6a4e56e4e4,272,cross_family_test_set,XAFPAY/structures/XAFPAY_C4_2_12353_z2_86.cif,5d2d0c67e4bbd689730f9e8b05975e5c43f5c2c6390fb8bd46f29ed0fad9c74e,7f80c355714428159cd6b8c535a0607678a83726bfb31b0edd87fd6a4e56e4e4,0,172,"[""O"", ""C"", ""O"", ""C"", ""C"", ""C"", ""C"", ""C"", ""C"", ""N"", ""C"", ""C"", ""C"", ""C"", ""C"", ""C"", ""C"", ""C"", ""C"", ""C"", ""Cl"", ""C"", ""Cl"", ""C"", ""C"", ""C"", ""H"", ""H"", ""H"", ""H"", ""H"", ""H"", ""H"", ""H"", ""H"", ""H"", ""H"", ""H"", ""H"", ""H"", ""H"", ""H"", ""H"", ""O"", ""C"", ""O"", ""C"", ""C"", ""C"", ""C"", ""C"", ""C"", ""N"", ""C"", ""C"", ""C"", ""C"", ""C"", ""C"", ""C"", ""C"", ""C"", ""C"", ""Cl"", ""C"", ""Cl"", ""C"", ""C"", ""C"", ""H"", ""H"", ""H"", ""H"", ""H"", ""H"", ""H"", ""H"", ""H"", ""H"", ""H"", ""H"", ""H"", ""H"", ""H"", ""H"", ""H"", ""O"", ""C"", ""O"", ""C"", ""C"", ""C"", ""C"", ""C"", ""C"", ""N"", ""C"", ""C"", ""C"", ""C"", ""C"", ""C"", ""C"", ""C"", ""C"", ""C"", ""Cl"", ""C"", ""Cl"", ""C"", ""C"", ""C"", ""H"", ""H"", ""H"", ""H"", ""H"", ""H"", ""H"", ""H"", ""H"", ""H"", ""H"", ""H"", ""H"", ""H"", ""H"", ""H"", ""H"", ""O"", ""C"", ""O"", ""C"", ""C"", ""C"", ""C"", ""C"", ""C"", ""N"", ""C"", ""C"", ""C"", ""C"", ""C"", ""C"", ""C"", ""C"", ""C"", ""C"", ""Cl"", ""C"", ""Cl"", ""C"", ""C"", ""C"", ""H"", ""H"", ""H"", ""H"", ""H"", ""H"", ""H"", ""H"", ""H"", ""H"", ""H"", ""H"", ""H"", ""H"", ""H"", ""H"", ""H""]",C84H68Cl8N4O8,"[true, true, true]","[27.928456695105382, 0.0, 0.0, -12.959592270522483, 19.66301537046118, 0.0, 17.015790035901286, 22.19645747423364, 19.513600692946824]",10716.043553641312,[],"{""cutoff=6.000_skin=0.000"": 5802, ""cutoff=6.000_skin=0.500"": 6752}",0.0,,
OPT-RFT-XAFPAY172-R512-v1,16360d404e1cc8ec5ea026f69f45c1e0d210a4962a9adca338d6dcf7b609da30,OPT-RFT-XAFPAY172-R512-v1:0273,XAFPAY_C2_2_19848_z2_86,5558520293d726958d1b5faeb73e3e2712211af47902b4498472dbc56a45b1ef,273,cross_family_test_set,XAFPAY/structures/XAFPAY_C2_2_19848_z2_86.cif,d01c5324bc02d67b4dd8f7882187625b55c18db27e38b3ba5eed0bcf6e6e0df4,5558520293d726958d1b5faeb73e3e2712211af47902b4498472dbc56a45b1ef,0,172,"[""O"", ""C"", ""O"", ""C"", ""C"", ""C"", ""C"", ""C"", ""C"", ""N"", ""C"", ""C"", ""C"", ""C"", ""C"", ""C"", ""C"", ""C"", ""C"", ""C"", ""Cl"", ""C"", ""Cl"", ""C"", ""C"", ""C"", ""H"", ""H"", ""H"", ""H"", ""H"", ""H"", ""H"", ""H"", ""H"", ""H"", ""H"", ""H"", ""H"", ""H"", ""H"", ""H"", ""H"", ""O"", ""C"", ""O"", ""C"", ""C"", ""C"", ""C"", ""C"", ""C"", ""N"", ""C"", ""C"", ""C"", ""C"", ""C"", ""C"", ""C"", ""C"", ""C"", ""C"", ""Cl"", ""C"", ""Cl"", ""C"", ""C"", ""C"", ""H"", ""H"", ""H"", ""H"", ""H"", ""H"", ""H"", ""H"", ""H"", ""H"", ""H"", ""H"", ""H"", ""H"", ""H"", ""H"", ""H"", ""O"", ""C"", ""O"", ""C"", ""C"", ""C"", ""C"", ""C"", ""C"", ""N"", ""C"", ""C"", ""C"", ""C"", ""C"", ""C"", ""C"", ""C"", ""C"", ""C"", ""Cl"", ""C"", ""Cl"", ""C"", ""C"", ""C"", ""H"", ""H"", ""H"", ""H"", ""H"", ""H"", ""H"", ""H"", ""H"", ""H"", ""H"", ""H"", ""H"", ""H"", ""H"", ""H"", ""H"", ""O"", ""C"", ""O"", ""C"", ""C"", ""C"", ""C"", ""C"", ""C"", ""N"", ""C"", ""C"", ""C"", ""C"", ""C"", ""C"", ""C"", ""C"", ""C"", ""C"", ""Cl"", ""C"", ""Cl"", ""C"", ""C"", ""C"", ""H"", ""H"", ""H"", ""H"", ""H"", ""H"", ""H"", ""H"", ""H"", ""H"", ""H"", ""H"", ""H"", ""H"", ""H"", ""H"", ""H""]",C84H68Cl8N4O8,"[true, true, true]","[25.493474699158213, 0.0, 0.0, 0.492346982548695, 15.110154748171299, 0.0, -15.541496018214785, -10.504357629880792, 20.24418388997192]",7798.269116634021,[],"{""cutoff=6.000_skin=0.000"": 5806, ""cutoff=6.000_skin=0.500"": 6864}",0.0,,
OPT-RFT-XAFPAY172-R512-v1,16360d404e1cc8ec5ea026f69f45c1e0d210a4962a9adca338d6dcf7b609da30,OPT-RFT-XAFPAY172-R512-v1:0274,XAFPAY_C1_14_182_z1_43,06556343b1d3a12e29ae50f516883b99034f3850c92c875e1229bf5272bea104,274,cross_family_test_set,XAFPAY/structures/XAFPAY_C1_14_182_z1_43.cif,de90478e02205ce738729f054de4362596be88f8ec990ca1ceac1c0ab4999f44,06556343b1d3a12e29ae50f516883b99034f3850c92c875e1229bf5272bea104,0,172,"[""O"", ""C"", ""O"", ""C"", ""C"", ""C"", ""C"", ""C"", ""C"", ""N"", ""C"", ""C"", ""C"", ""C"", ""C"", ""C"", ""C"", ""C"", ""C"", ""C"", ""Cl"", ""C"", ""Cl"", ""C"", ""C"", ""C"", ""H"", ""H"", ""H"", ""H"", ""H"", ""H"", ""H"", ""H"", ""H"", ""H"", ""H"", ""H"", ""H"", ""H"", ""H"", ""H"", ""H"", ""O"", ""C"", ""O"", ""C"", ""C"", ""C"", ""C"", ""C"", ""C"", ""N"", ""C"", ""C"", ""C"", ""C"", ""C"", ""C"", ""C"", ""C"", ""C"", ""C"", ""Cl"", ""C"", ""Cl"", ""C"", ""C"", ""C"", ""H"", ""H"", ""H"", ""H"", ""H"", ""H"", ""H"", ""H"", ""H"", ""H"", ""H"", ""H"", ""H"", ""H"", ""H"", ""H"", ""H"", ""O"", ""C"", ""O"", ""C"", ""C"", ""C"", ""C"", ""C"", ""C"", ""N"", ""C"", ""C"", ""C"", ""C"", ""C"", ""C"", ""C"", ""C"", ""C"", ""C"", ""Cl"", ""C"", ""Cl"", ""C"", ""C"", ""C"", ""H"", ""H"", ""H"", ""H"", ""H"", ""H"", ""H"", ""H"", ""H"", ""H"", ""H"", ""H"", ""H"", ""H"", ""H"", ""H"", ""H"", ""O"", ""C"", ""O"", ""C"", ""C"", ""C"", ""C"", ""C"", ""C"", ""N"", ""C"", ""C"", ""C"", ""C"", ""C"", ""C"", ""C"", ""C"", ""C"", ""C"", ""Cl"", ""C"", ""Cl"", ""C"", ""C"", ""C"", ""H"", ""H"", ""H"", ""H"", ""H"", ""H"", ""H"", ""H"", ""H"", ""H"", ""H"", ""H"", ""H"", ""H"", ""H"", ""H"", ""H""]",C84H68Cl8N4O8,"[true, true, true]","[19.64999985555875, 0.0, 0.0, 0.0, 13.138823496187179, 0.0, -11.950558594134328, 0.0, 17.892047510231805]",4619.330891513489,[],"{""cutoff=6.000_skin=0.000"": 5812, ""cutoff=6.000_skin=0.500"": 7292}",0.0,,
OPT-RFT-XAFPAY172-R512-v1,16360d404e1cc8ec5ea026f69f45c1e0d210a4962a9adca338d6dcf7b609da30,OPT-RFT-XAFPAY172-R512-v1:0275,XAFPAY_C4_14_2352_z1_43,3560aa4211969302bf9ea4c7f499c72dccf45a64b3e5fbe9071fd8f9adeb2f3f,275,cross_family_test_set,XAFPAY/structures/XAFPAY_C4_14_2352_z1_43.cif,f772c72a9fe9e0974db83b64bbc57c47e4e447cd9b1fae75e5e0ab75f6b4012d,3560aa4211969302bf9ea4c7f499c72dccf45a64b3e5fbe9071fd8f9adeb2f3f,0,172,"[""O"", ""C"", ""O"", ""C"", ""C"", ""C"", ""C"", ""C"", ""C"", ""N"", ""C"", ""C"", ""C"", ""C"", ""C"", ""C"", ""C"", ""C"", ""C"", ""C"", ""Cl"", ""C"", ""Cl"", ""C"", ""C"", ""C"", ""H"", ""H"", ""H"", ""H"", ""H"", ""H"", ""H"", ""H"", ""H"", ""H"", ""H"", ""H"", ""H"", ""H"", ""H"", ""H"", ""H"", ""O"", ""C"", ""O"", ""C"", ""C"", ""C"", ""C"", ""C"", ""C"", ""N"", ""C"", ""C"", ""C"", ""C"", ""C"", ""C"", ""C"", ""C"", ""C"", ""C"", ""Cl"", ""C"", ""Cl"", ""C"", ""C"", ""C"", ""H"", ""H"", ""H"", ""H"", ""H"", ""H"", ""H"", ""H"", ""H"", ""H"", ""H"", ""H"", ""H"", ""H"", ""H"", ""H"", ""H"", ""O"", ""C"", ""O"", ""C"", ""C"", ""C"", ""C"", ""C"", ""C"", ""N"", ""C"", ""C"", ""C"", ""C"", ""C"", ""C"", ""C"", ""C"", ""C"", ""C"", ""Cl"", ""C"", ""Cl"", ""C"", ""C"", ""C"", ""H"", ""H"", ""H"", ""H"", ""H"", ""H"", ""H"", ""H"", ""H"", ""H"", ""H"", ""H"", ""H"", ""H"", ""H"", ""H"", ""H"", ""O"", ""C"", ""O"", ""C"", ""C"", ""C"", ""C"", ""C"", ""C"", ""N"", ""C"", ""C"", ""C"", ""C"", ""C"", ""C"", ""C"", ""C"", ""C"", ""C"", ""Cl"", ""C"", ""Cl"", ""C"", ""C"", ""C"", ""H"", ""H"", ""H"", ""H"", ""H"", ""H"", ""H"", ""H"", ""H"", ""H"", ""H"", ""H"", ""H"", ""H"", ""H"", ""H"", ""H""]",C84H68Cl8N4O8,"[true, true, true]","[8.014653810640311, 0.0, 0.0, 0.0, 22.51072184664472, 0.0, -2.4261858735609017, 0.0, 23.41182107664742]",4223.858744646224,[],"{""cutoff=6.000_skin=0.000"": 5816, ""cutoff=6.000_skin=0.500"": 7212}",0.0,,
OPT-RFT-XAFPAY172-R512-v1,16360d404e1cc8ec5ea026f69f45c1e0d210a4962a9adca338d6dcf7b609da30,OPT-RFT-XAFPAY172-R512-v1:0276,XAFPAY_C2_2_7032_z2_86,a72ba57a43d2b894300a524044fbc49fed52af480458171cd8609c99a146ecde,276,cross_family_test_set,XAFPAY/structures/XAFPAY_C2_2_7032_z2_86.cif,dbc270e9677a6d06f2815eaadb2d104d5a325c5a959c1712a715e0066938d444,a72ba57a43d2b894300a524044fbc49fed52af480458171cd8609c99a146ecde,0,172,"[""O"", ""C"", ""O"", ""C"", ""C"", ""C"", ""C"", ""C"", ""C"", ""N"", ""C"", ""C"", ""C"", ""C"", ""C"", ""C"", ""C"", ""C"", ""C"", ""C"", ""Cl"", ""C"", ""Cl"", ""C"", ""C"", ""C"", ""H"", ""H"", ""H"", ""H"", ""H"", ""H"", ""H"", ""H"", ""H"", ""H"", ""H"", ""H"", ""H"", ""H"", ""H"", ""H"", ""H"", ""O"", ""C"", ""O"", ""C"", ""C"", ""C"", ""C"", ""C"", ""C"", ""N"", ""C"", ""C"", ""C"", ""C"", ""C"", ""C"", ""C"", ""C"", ""C"", ""C"", ""Cl"", ""C"", ""Cl"", ""C"", ""C"", ""C"", ""H"", ""H"", ""H"", ""H"", ""H"", ""H"", ""H"", ""H"", ""H"", ""H"", ""H"", ""H"", ""H"", ""H"", ""H"", ""H"", ""H"", ""O"", ""C"", ""O"", ""C"", ""C"", ""C"", ""C"", ""C"", ""C"", ""N"", ""C"", ""C"", ""C"", ""C"", ""C"", ""C"", ""C"", ""C"", ""C"", ""C"", ""Cl"", ""C"", ""Cl"", ""C"", ""C"", ""C"", ""H"", ""H"", ""H"", ""H"", ""H"", ""H"", ""H"", ""H"", ""H"", ""H"", ""H"", ""H"", ""H"", ""H"", ""H"", ""H"", ""H"", ""O"", ""C"", ""O"", ""C"", ""C"", ""C"", ""C"", ""C"", ""C"", ""N"", ""C"", ""C"", ""C"", ""C"", ""C"", ""C"", ""C"", ""C"", ""C"", ""C"", ""Cl"", ""C"", ""Cl"", ""C"", ""C"", ""C"", ""H"", ""H"", ""H"", ""H"", ""H"", ""H"", ""H"", ""H"", ""H"", ""H"", ""H"", ""H"", ""H"", ""H"", ""H"", ""H"", ""H""]",C84H68Cl8N4O8,"[true, true, true]","[21.18795577267369, 0.0, 0.0, 4.226038521267784, 22.20180489940968, 0.0, 10.306202919229156, 2.937055967072755, 13.22097193267642]",6219.288780617429,[],"{""cutoff=6.000_skin=0.000"": 5820, ""cutoff=6.000_skin=0.500"": 6974}",0.0,,
OPT-RFT-XAFPAY172-R512-v1,16360d404e1cc8ec5ea026f69f45c1e0d210a4962a9adca338d6dcf7b609da30,OPT-RFT-XAFPAY172-R512-v1:0277,XAFPAY_C2_14_3601_z1_43,6f3e38ced68ccc362ac225d81669ff0362112971511c26c5fea6205c8f767884,277,cross_family_test_set,XAFPAY/structures/XAFPAY_C2_14_3601_z1_43.cif,6c1daedf93a02887a0c62eb935bc51738263ce2489873ceba863519d5f4759fa,6f3e38ced68ccc362ac225d81669ff0362112971511c26c5fea6205c8f767884,0,172,"[""O"", ""C"", ""O"", ""C"", ""C"", ""C"", ""C"", ""C"", ""C"", ""N"", ""C"", ""C"", ""C"", ""C"", ""C"", ""C"", ""C"", ""C"", ""C"", ""C"", ""Cl"", ""C"", ""Cl"", ""C"", ""C"", ""C"", ""H"", ""H"", ""H"", ""H"", ""H"", ""H"", ""H"", ""H"", ""H"", ""H"", ""H"", ""H"", ""H"", ""H"", ""H"", ""H"", ""H"", ""O"", ""C"", ""O"", ""C"", ""C"", ""C"", ""C"", ""C"", ""C"", ""N"", ""C"", ""C"", ""C"", ""C"", ""C"", ""C"", ""C"", ""C"", ""C"", ""C"", ""Cl"", ""C"", ""Cl"", ""C"", ""C"", ""C"", ""H"", ""H"", ""H"", ""H"", ""H"", ""H"", ""H"", ""H"", ""H"", ""H"", ""H"", ""H"", ""H"", ""H"", ""H"", ""H"", ""H"", ""O"", ""C"", ""O"", ""C"", ""C"", ""C"", ""C"", ""C"", ""C"", ""N"", ""C"", ""C"", ""C"", ""C"", ""C"", ""C"", ""C"", ""C"", ""C"", ""C"", ""Cl"", ""C"", ""Cl"", ""C"", ""C"", ""C"", ""H"", ""H"", ""H"", ""H"", ""H"", ""H"", ""H"", ""H"", ""H"", ""H"", ""H"", ""H"", ""H"", ""H"", ""H"", ""H"", ""H"", ""O"", ""C"", ""O"", ""C"", ""C"", ""C"", ""C"", ""C"", ""C"", ""N"", ""C"", ""C"", ""C"", ""C"", ""C"", ""C"", ""C"", ""C"", ""C"", ""C"", ""Cl"", ""C"", ""Cl"", ""C"", ""C"", ""C"", ""H"", ""H"", ""H"", ""H"", ""H"", ""H"", ""H"", ""H"", ""H"", ""H"", ""H"", ""H"", ""H"", ""H"", ""H"", ""H"", ""H""]",C84H68Cl8N4O8,"[true, true, true]","[13.228185710297709, 0.0, 0.0, 0.0, 19.948261945594016, 0.0, 6.8920264200366095, 0.0, 19.56785953735444]",5163.553343611907,[],"{""cutoff=6.000_skin=0.000"": 5824, ""cutoff=6.000_skin=0.500"": 7124}",0.0,,
OPT-RFT-XAFPAY172-R512-v1,16360d404e1cc8ec5ea026f69f45c1e0d210a4962a9adca338d6dcf7b609da30,OPT-RFT-XAFPAY172-R512-v1:0278,XAFPAY_C1_14_1973_z1_43,7815c0ca4a936e61e5e86b8e920b1b8d8e2ca320f49235acc0bb05da4fd72460,278,cross_family_test_set,XAFPAY/structures/XAFPAY_C1_14_1973_z1_43.cif,6bfce46196f07c2f3e792c2f422569719ca9c261deb9fb93663c8b45ea52af19,7815c0ca4a936e61e5e86b8e920b1b8d8e2ca320f49235acc0bb05da4fd72460,0,172,"[""O"", ""C"", ""O"", ""C"", ""C"", ""C"", ""C"", ""C"", ""C"", ""N"", ""C"", ""C"", ""C"", ""C"", ""C"", ""C"", ""C"", ""C"", ""C"", ""C"", ""Cl"", ""C"", ""Cl"", ""C"", ""C"", ""C"", ""H"", ""H"", ""H"", ""H"", ""H"", ""H"", ""H"", ""H"", ""H"", ""H"", ""H"", ""H"", ""H"", ""H"", ""H"", ""H"", ""H"", ""O"", ""C"", ""O"", ""C"", ""C"", ""C"", ""C"", ""C"", ""C"", ""N"", ""C"", ""C"", ""C"", ""C"", ""C"", ""C"", ""C"", ""C"", ""C"", ""C"", ""Cl"", ""C"", ""Cl"", ""C"", ""C"", ""C"", ""H"", ""H"", ""H"", ""H"", ""H"", ""H"", ""H"", ""H"", ""H"", ""H"", ""H"", ""H"", ""H"", ""H"", ""H"", ""H"", ""H"", ""O"", ""C"", ""O"", ""C"", ""C"", ""C"", ""C"", ""C"", ""C"", ""N"", ""C"", ""C"", ""C"", ""C"", ""C"", ""C"", ""C"", ""C"", ""C"", ""C"", ""Cl"", ""C"", ""Cl"", ""C"", ""C"", ""C"", ""H"", ""H"", ""H"", ""H"", ""H"", ""H"", ""H"", ""H"", ""H"", ""H"", ""H"", ""H"", ""H"", ""H"", ""H"", ""H"", ""H"", ""O"", ""C"", ""O"", ""C"", ""C"", ""C"", ""C"", ""C"", ""C"", ""N"", ""C"", ""C"", ""C"", ""C"", ""C"", ""C"", ""C"", ""C"", ""C"", ""C"", ""Cl"", ""C"", ""Cl"", ""C"", ""C"", ""C"", ""H"", ""H"", ""H"", ""H"", ""H"", ""H"", ""H"", ""H"", ""H"", ""H"", ""H"", ""H"", ""H"", ""H"", ""H"", ""H"", ""H""]",C84H68Cl8N4O8,"[true, true, true]","[16.735090612705903, 0.0, 0.0, 0.0, 15.706084719670628, 0.0, -1.364697594042399, 0.0, 15.722067350365448]",4132.431433062353,[],"{""cutoff=6.000_skin=0.000"": 5828, ""cutoff=6.000_skin=0.500"": 7588}",0.0,,
OPT-RFT-XAFPAY172-R512-v1,16360d404e1cc8ec5ea026f69f45c1e0d210a4962a9adca338d6dcf7b609da30,OPT-RFT-XAFPAY172-R512-v1:0279,XAFPAY_C2_2_17677_z2_86,911f2d8cefd6eb3d857eae74230c0c2b4abbaaaf04ee106370b6444447441552,279,cross_family_test_set,XAFPAY/structures/XAFPAY_C2_2_17677_z2_86.cif,dfa24b3e73b7e565be5af316787d809b70afc68005b3558d926fe9cff03bb32b,911f2d8cefd6eb3d857eae74230c0c2b4abbaaaf04ee106370b6444447441552,0,172,"[""O"", ""C"", ""O"", ""C"", ""C"", ""C"", ""C"", ""C"", ""C"", ""N"", ""C"", ""C"", ""C"", ""C"", ""C"", ""C"", ""C"", ""C"", ""C"", ""C"", ""Cl"", ""C"", ""Cl"", ""C"", ""C"", ""C"", ""H"", ""H"", ""H"", ""H"", ""H"", ""H"", ""H"", ""H"", ""H"", ""H"", ""H"", ""H"", ""H"", ""H"", ""H"", ""H"", ""H"", ""O"", ""C"", ""O"", ""C"", ""C"", ""C"", ""C"", ""C"", ""C"", ""N"", ""C"", ""C"", ""C"", ""C"", ""C"", ""C"", ""C"", ""C"", ""C"", ""C"", ""Cl"", ""C"", ""Cl"", ""C"", ""C"", ""C"", ""H"", ""H"", ""H"", ""H"", ""H"", ""H"", ""H"", ""H"", ""H"", ""H"", ""H"", ""H"", ""H"", ""H"", ""H"", ""H"", ""H"", ""O"", ""C"", ""O"", ""C"", ""C"", ""C"", ""C"", ""C"", ""C"", ""N"", ""C"", ""C"", ""C"", ""C"", ""C"", ""C"", ""C"", ""C"", ""C"", ""C"", ""Cl"", ""C"", ""Cl"", ""C"", ""C"", ""C"", ""H"", ""H"", ""H"", ""H"", ""H"", ""H"", ""H"", ""H"", ""H"", ""H"", ""H"", ""H"", ""H"", ""H"", ""H"", ""H"", ""H"", ""O"", ""C"", ""O"", ""C"", ""C"", ""C"", ""C"", ""C"", ""C"", ""N"", ""C"", ""C"", ""C"", ""C"", ""C"", ""C"", ""C"", ""C"", ""C"", ""C"", ""Cl"", ""C"", ""Cl"", ""C"", ""C"", ""C"", ""H"", ""H"", ""H"", ""H"", ""H"", ""H"", ""H"", ""H"", ""H"", ""H"", ""H"", ""H"", ""H"", ""H"", ""H"", ""H"", ""H""]",C84H68Cl8N4O8,"[true, true, true]","[20.29306694909939, 0.0, 0.0, 6.001467724069912, 20.855470622553863, 0.0, -11.156373220826197, 10.621903438345985, 14.685527795428117]",6215.230537925912,[],"{""cutoff=6.000_skin=0.000"": 5830, ""cutoff=6.000_skin=0.500"": 6958}",0.0,,
OPT-RFT-XAFPAY172-R512-v1,16360d404e1cc8ec5ea026f69f45c1e0d210a4962a9adca338d6dcf7b609da30,OPT-RFT-XAFPAY172-R512-v1:0280,XAFPAY_C2_14_4999_z1_43,70190390c76e36bbb84837cea677c56af67e95ad0cd9df52fb65764395a96312,280,cross_family_test_set,XAFPAY/structures/XAFPAY_C2_14_4999_z1_43.cif,4ea06ef2801949bb0a5dac1599eb7e9ac8291c449f801020452bb79341114589,70190390c76e36bbb84837cea677c56af67e95ad0cd9df52fb65764395a96312,0,172,"[""O"", ""C"", ""O"", ""C"", ""C"", ""C"", ""C"", ""C"", ""C"", ""N"", ""C"", ""C"", ""C"", ""C"", ""C"", ""C"", ""C"", ""C"", ""C"", ""C"", ""Cl"", ""C"", ""Cl"", ""C"", ""C"", ""C"", ""H"", ""H"", ""H"", ""H"", ""H"", ""H"", ""H"", ""H"", ""H"", ""H"", ""H"", ""H"", ""H"", ""H"", ""H"", ""H"", ""H"", ""O"", ""C"", ""O"", ""C"", ""C"", ""C"", ""C"", ""C"", ""C"", ""N"", ""C"", ""C"", ""C"", ""C"", ""C"", ""C"", ""C"", ""C"", ""C"", ""C"", ""Cl"", ""C"", ""Cl"", ""C"", ""C"", ""C"", ""H"", ""H"", ""H"", ""H"", ""H"", ""H"", ""H"", ""H"", ""H"", ""H"", ""H"", ""H"", ""H"", ""H"", ""H"", ""H"", ""H"", ""O"", ""C"", ""O"", ""C"", ""C"", ""C"", ""C"", ""C"", ""C"", ""N"", ""C"", ""C"", ""C"", ""C"", ""C"", ""C"", ""C"", ""C"", ""C"", ""C"", ""Cl"", ""C"", ""Cl"", ""C"", ""C"", ""C"", ""H"", ""H"", ""H"", ""H"", ""H"", ""H"", ""H"", ""H"", ""H"", ""H"", ""H"", ""H"", ""H"", ""H"", ""H"", ""H"", ""H"", ""O"", ""C"", ""O"", ""C"", ""C"", ""C"", ""C"", ""C"", ""C"", ""N"", ""C"", ""C"", ""C"", ""C"", ""C"", ""C"", ""C"", ""C"", ""C"", ""C"", ""Cl"", ""C"", ""Cl"", ""C"", ""C"", ""C"", ""H"", ""H"", ""H"", ""H"", ""H"", ""H"", ""H"", ""H"", ""H"", ""H"", ""H"", ""H"", ""H"", ""H"", ""H"", ""H"", ""H""]",C84H68Cl8N4O8,"[true, true, true]","[24.539339067323837, 0.0, 0.0, 0.0, 13.094384628225157, 0.0, -10.232110436571181, 0.0, 15.5773463184246]",5005.43043874224,[],"{""cutoff=6.000_skin=0.000"": 5836, ""cutoff=6.000_skin=0.500"": 7192}",0.0,,
OPT-RFT-XAFPAY172-R512-v1,16360d404e1cc8ec5ea026f69f45c1e0d210a4962a9adca338d6dcf7b609da30,OPT-RFT-XAFPAY172-R512-v1:0281,XAFPAY_C3_2_1039_z2_86,03e04d47095736871b23ef7615972bb2e28008b3ca3047ab32b171312bef7008,281,cross_family_test_set,XAFPAY/structures/XAFPAY_C3_2_1039_z2_86.cif,948dd7727268ec9c53b23f6a7ca0849fcacb4998146b0f0bff7fb750019c8ea8,03e04d47095736871b23ef7615972bb2e28008b3ca3047ab32b171312bef7008,0,172,"[""O"", ""C"", ""O"", ""C"", ""C"", ""C"", ""C"", ""C"", ""C"", ""N"", ""C"", ""C"", ""C"", ""C"", ""C"", ""C"", ""C"", ""C"", ""C"", ""C"", ""Cl"", ""C"", ""Cl"", ""C"", ""C"", ""C"", ""H"", ""H"", ""H"", ""H"", ""H"", ""H"", ""H"", ""H"", ""H"", ""H"", ""H"", ""H"", ""H"", ""H"", ""H"", ""H"", ""H"", ""O"", ""C"", ""O"", ""C"", ""C"", ""C"", ""C"", ""C"", ""C"", ""N"", ""C"", ""C"", ""C"", ""C"", ""C"", ""C"", ""C"", ""C"", ""C"", ""C"", ""Cl"", ""C"", ""Cl"", ""C"", ""C"", ""C"", ""H"", ""H"", ""H"", ""H"", ""H"", ""H"", ""H"", ""H"", ""H"", ""H"", ""H"", ""H"", ""H"", ""H"", ""H"", ""H"", ""H"", ""O"", ""C"", ""O"", ""C"", ""C"", ""C"", ""C"", ""C"", ""C"", ""N"", ""C"", ""C"", ""C"", ""C"", ""C"", ""C"", ""C"", ""C"", ""C"", ""C"", ""Cl"", ""C"", ""Cl"", ""C"", ""C"", ""C"", ""H"", ""H"", ""H"", ""H"", ""H"", ""H"", ""H"", ""H"", ""H"", ""H"", ""H"", ""H"", ""H"", ""H"", ""H"", ""H"", ""H"", ""O"", ""C"", ""O"", ""C"", ""C"", ""C"", ""C"", ""C"", ""C"", ""N"", ""C"", ""C"", ""C"", ""C"", ""C"", ""C"", ""C"", ""C"", ""C"", ""C"", ""Cl"", ""C"", ""Cl"", ""C"", ""C"", ""C"", ""H"", ""H"", ""H"", ""H"", ""H"", ""H"", ""H"", ""H"", ""H"", ""H"", ""H"", ""H"", ""H"", ""H"", ""H"", ""H"", ""H""]",C84H68Cl8N4O8,"[true, true, true]","[19.344723745716195, 0.0, 0.0, 5.160910942246204, 17.784727870552647, 0.0, 5.577182148567985, -4.674157559752702, 12.675335955335306]",4360.830789969363,[],"{""cutoff=6.000_skin=0.000"": 5840, ""cutoff=6.000_skin=0.500"": 7300}",0.0,,
OPT-RFT-XAFPAY172-R512-v1,16360d404e1cc8ec5ea026f69f45c1e0d210a4962a9adca338d6dcf7b609da30,OPT-RFT-XAFPAY172-R512-v1:0282,XAFPAY_C2_14_4972_z1_43,3fd4bac539c49b33457d9e8b5d7159e5aa5d1ddcc34ce1b86b87e08fd5f52f5a,282,cross_family_test_set,XAFPAY/structures/XAFPAY_C2_14_4972_z1_43.cif,7b5ec471070b5ff76d842d8458c0cefda8efb5c6ef29867f4d024fd7f347aab3,3fd4bac539c49b33457d9e8b5d7159e5aa5d1ddcc34ce1b86b87e08fd5f52f5a,0,172,"[""O"", ""C"", ""O"", ""C"", ""C"", ""C"", ""C"", ""C"", ""C"", ""N"", ""C"", ""C"", ""C"", ""C"", ""C"", ""C"", ""C"", ""C"", ""C"", ""C"", ""Cl"", ""C"", ""Cl"", ""C"", ""C"", ""C"", ""H"", ""H"", ""H"", ""H"", ""H"", ""H"", ""H"", ""H"", ""H"", ""H"", ""H"", ""H"", ""H"", ""H"", ""H"", ""H"", ""H"", ""O"", ""C"", ""O"", ""C"", ""C"", ""C"", ""C"", ""C"", ""C"", ""N"", ""C"", ""C"", ""C"", ""C"", ""C"", ""C"", ""C"", ""C"", ""C"", ""C"", ""Cl"", ""C"", ""Cl"", ""C"", ""C"", ""C"", ""H"", ""H"", ""H"", ""H"", ""H"", ""H"", ""H"", ""H"", ""H"", ""H"", ""H"", ""H"", ""H"", ""H"", ""H"", ""H"", ""H"", ""O"", ""C"", ""O"", ""C"", ""C"", ""C"", ""C"", ""C"", ""C"", ""N"", ""C"", ""C"", ""C"", ""C"", ""C"", ""C"", ""C"", ""C"", ""C"", ""C"", ""Cl"", ""C"", ""Cl"", ""C"", ""C"", ""C"", ""H"", ""H"", ""H"", ""H"", ""H"", ""H"", ""H"", ""H"", ""H"", ""H"", ""H"", ""H"", ""H"", ""H"", ""H"", ""H"", ""H"", ""O"", ""C"", ""O"", ""C"", ""C"", ""C"", ""C"", ""C"", ""C"", ""N"", ""C"", ""C"", ""C"", ""C"", ""C"", ""C"", ""C"", ""C"", ""C"", ""C"", ""Cl"", ""C"", ""Cl"", ""C"", ""C"", ""C"", ""H"", ""H"", ""H"", ""H"", ""H"", ""H"", ""H"", ""H"", ""H"", ""H"", ""H"", ""H"", ""H"", ""H"", ""H"", ""H"", ""H""]",C84H68Cl8N4O8,"[true, true, true]","[16.503326691136213, 0.0, 0.0, 0.0, 20.37676273079945, 0.0, -9.66732289805836, 0.0, 17.362124370716515]",5838.61109500492,[],"{""cutoff=6.000_skin=0.000"": 5848, ""cutoff=6.000_skin=0.500"": 6964}",0.0,,
OPT-RFT-XAFPAY172-R512-v1,16360d404e1cc8ec5ea026f69f45c1e0d210a4962a9adca338d6dcf7b609da30,OPT-RFT-XAFPAY172-R512-v1:0283,XAFPAY_C4_2_19276_z2_86,4993405194978103ea99e56cac908a4bde0b35e6111482e8a227fcc8324ae605,283,cross_family_test_set,XAFPAY/structures/XAFPAY_C4_2_19276_z2_86.cif,8f9a4f146bad5b3d3da8385988896fd1cc56abe5ab9f28126dc479c0f09db7a5,4993405194978103ea99e56cac908a4bde0b35e6111482e8a227fcc8324ae605,0,172,"[""O"", ""C"", ""O"", ""C"", ""C"", ""C"", ""C"", ""C"", ""C"", ""N"", ""C"", ""C"", ""C"", ""C"", ""C"", ""C"", ""C"", ""C"", ""C"", ""C"", ""Cl"", ""C"", ""Cl"", ""C"", ""C"", ""C"", ""H"", ""H"", ""H"", ""H"", ""H"", ""H"", ""H"", ""H"", ""H"", ""H"", ""H"", ""H"", ""H"", ""H"", ""H"", ""H"", ""H"", ""O"", ""C"", ""O"", ""C"", ""C"", ""C"", ""C"", ""C"", ""C"", ""N"", ""C"", ""C"", ""C"", ""C"", ""C"", ""C"", ""C"", ""C"", ""C"", ""C"", ""Cl"", ""C"", ""Cl"", ""C"", ""C"", ""C"", ""H"", ""H"", ""H"", ""H"", ""H"", ""H"", ""H"", ""H"", ""H"", ""H"", ""H"", ""H"", ""H"", ""H"", ""H"", ""H"", ""H"", ""O"", ""C"", ""O"", ""C"", ""C"", ""C"", ""C"", ""C"", ""C"", ""N"", ""C"", ""C"", ""C"", ""C"", ""C"", ""C"", ""C"", ""C"", ""C"", ""C"", ""Cl"", ""C"", ""Cl"", ""C"", ""C"", ""C"", ""H"", ""H"", ""H"", ""H"", ""H"", ""H"", ""H"", ""H"", ""H"", ""H"", ""H"", ""H"", ""H"", ""H"", ""H"", ""H"", ""H"", ""O"", ""C"", ""O"", ""C"", ""C"", ""C"", ""C"", ""C"", ""C"", ""N"", ""C"", ""C"", ""C"", ""C"", ""C"", ""C"", ""C"", ""C"", ""C"", ""C"", ""Cl"", ""C"", ""Cl"", ""C"", ""C"", ""C"", ""H"", ""H"", ""H"", ""H"", ""H"", ""H"", ""H"", ""H"", ""H"", ""H"", ""H"", ""H"", ""H"", ""H"", ""H"", ""H"", ""H""]",C84H68Cl8N4O8,"[true, true, true]","[18.49847273291749, 0.0, 0.0, 2.0219623757913157, 15.679718760085034, 0.0, 6.911891122748728, 5.722017774813838, 17.670935774014826]",5125.469940545542,[],"{""cutoff=6.000_skin=0.000"": 5852, ""cutoff=6.000_skin=0.500"": 7210}",0.0,,
OPT-RFT-XAFPAY172-R512-v1,16360d404e1cc8ec5ea026f69f45c1e0d210a4962a9adca338d6dcf7b609da30,OPT-RFT-XAFPAY172-R512-v1:0284,XAFPAY_C3_2_19988_z2_86,9e4ff72f3efa286547f77e79f65a4171cdc016851b183d7ba599aa5e3251ab08,284,cross_family_test_set,XAFPAY/structures/XAFPAY_C3_2_19988_z2_86.cif,95e5a3b23f3b332f4d9c51b63b4f1f928d673ef96bd3f0409c82e44de9bf4818,9e4ff72f3efa286547f77e79f65a4171cdc016851b183d7ba599aa5e3251ab08,0,172,"[""O"", ""C"", ""O"", ""C"", ""C"", ""C"", ""C"", ""C"", ""C"", ""N"", ""C"", ""C"", ""C"", ""C"", ""C"", ""C"", ""C"", ""C"", ""C"", ""C"", ""Cl"", ""C"", ""Cl"", ""C"", ""C"", ""C"", ""H"", ""H"", ""H"", ""H"", ""H"", ""H"", ""H"", ""H"", ""H"", ""H"", ""H"", ""H"", ""H"", ""H"", ""H"", ""H"", ""H"", ""O"", ""C"", ""O"", ""C"", ""C"", ""C"", ""C"", ""C"", ""C"", ""N"", ""C"", ""C"", ""C"", ""C"", ""C"", ""C"", ""C"", ""C"", ""C"", ""C"", ""Cl"", ""C"", ""Cl"", ""C"", ""C"", ""C"", ""H"", ""H"", ""H"", ""H"", ""H"", ""H"", ""H"", ""H"", ""H"", ""H"", ""H"", ""H"", ""H"", ""H"", ""H"", ""H"", ""H"", ""O"", ""C"", ""O"", ""C"", ""C"", ""C"", ""C"", ""C"", ""C"", ""N"", ""C"", ""C"", ""C"", ""C"", ""C"", ""C"", ""C"", ""C"", ""C"", ""C"", ""Cl"", ""C"", ""Cl"", ""C"", ""C"", ""C"", ""H"", ""H"", ""H"", ""H"", ""H"", ""H"", ""H"", ""H"", ""H"", ""H"", ""H"", ""H"", ""H"", ""H"", ""H"", ""H"", ""H"", ""O"", ""C"", ""O"", ""C"", ""C"", ""C"", ""C"", ""C"", ""C"", ""N"", ""C"", ""C"", ""C"", ""C"", ""C"", ""C"", ""C"", ""C"", ""C"", ""C"", ""Cl"", ""C"", ""Cl"", ""C"", ""C"", ""C"", ""H"", ""H"", ""H"", ""H"", ""H"", ""H"", ""H"", ""H"", ""H"", ""H"", ""H"", ""H"", ""H"", ""H"", ""H"", ""H"", ""H""]",C84H68Cl8N4O8,"[true, true, true]","[23.875414812625877, 0.0, 0.0, -6.339353586147897, 15.466540452680055, 0.0, -8.388367754402372, 5.5485408396969955, 12.66005553530532]",4674.9795813697965,[],"{""cutoff=6.000_skin=0.000"": 5856, ""cutoff=6.000_skin=0.500"": 7306}",0.0,,
OPT-RFT-XAFPAY172-R512-v1,16360d404e1cc8ec5ea026f69f45c1e0d210a4962a9adca338d6dcf7b609da30,OPT-RFT-XAFPAY172-R512-v1:0285,XAFPAY_C3_14_2466_z1_43,bfffae5e4bb46b0d0f980c743c84cbdf5d87ccf1aca301638b69243eff5a228e,285,cross_family_test_set,XAFPAY/structures/XAFPAY_C3_14_2466_z1_43.cif,2461eeccbe659968bb3fee73793c980385948834abc56cc1c795259e1522c9cd,bfffae5e4bb46b0d0f980c743c84cbdf5d87ccf1aca301638b69243eff5a228e,0,172,"[""O"", ""C"", ""O"", ""C"", ""C"", ""C"", ""C"", ""C"", ""C"", ""N"", ""C"", ""C"", ""C"", ""C"", ""C"", ""C"", ""C"", ""C"", ""C"", ""C"", ""Cl"", ""C"", ""Cl"", ""C"", ""C"", ""C"", ""H"", ""H"", ""H"", ""H"", ""H"", ""H"", ""H"", ""H"", ""H"", ""H"", ""H"", ""H"", ""H"", ""H"", ""H"", ""H"", ""H"", ""O"", ""C"", ""O"", ""C"", ""C"", ""C"", ""C"", ""C"", ""C"", ""N"", ""C"", ""C"", ""C"", ""C"", ""C"", ""C"", ""C"", ""C"", ""C"", ""C"", ""Cl"", ""C"", ""Cl"", ""C"", ""C"", ""C"", ""H"", ""H"", ""H"", ""H"", ""H"", ""H"", ""H"", ""H"", ""H"", ""H"", ""H"", ""H"", ""H"", ""H"", ""H"", ""H"", ""H"", ""O"", ""C"", ""O"", ""C"", ""C"", ""C"", ""C"", ""C"", ""C"", ""N"", ""C"", ""C"", ""C"", ""C"", ""C"", ""C"", ""C"", ""C"", ""C"", ""C"", ""Cl"", ""C"", ""Cl"", ""C"", ""C"", ""C"", ""H"", ""H"", ""H"", ""H"", ""H"", ""H"", ""H"", ""H"", ""H"", ""H"", ""H"", ""H"", ""H"", ""H"", ""H"", ""H"", ""H"", ""O"", ""C"", ""O"", ""C"", ""C"", ""C"", ""C"", ""C"", ""C"", ""N"", ""C"", ""C"", ""C"", ""C"", ""C"", ""C"", ""C"", ""C"", ""C"", ""C"", ""Cl"", ""C"", ""Cl"", ""C"", ""C"", ""C"", ""H"", ""H"", ""H"", ""H"", ""H"", ""H"", ""H"", ""H"", ""H"", ""H"", ""H"", ""H"", ""H"", ""H"", ""H"", ""H"", ""H""]",C84H68Cl8N4O8,"[true, true, true]","[20.845672528595657, 0.0, 0.0, 0.0, 17.92454211825536, 0.0, 11.436283429433775, 0.0, 16.21377652726694]",6058.263578098841,[],"{""cutoff=6.000_skin=0.000"": 5860, ""cutoff=6.000_skin=0.500"": 6956}",0.0,,
OPT-RFT-XAFPAY172-R512-v1,16360d404e1cc8ec5ea026f69f45c1e0d210a4962a9adca338d6dcf7b609da30,OPT-RFT-XAFPAY172-R512-v1:0286,XAFPAY_C3_2_16585_z2_86,04787d53fdfba17633a0f20095c53846de51430553757afd7b292b36f141e13c,286,cross_family_test_set,XAFPAY/structures/XAFPAY_C3_2_16585_z2_86.cif,a07862c91ec0d94353bdc9030ccbc29ce5b7796a37df5321fdbc9b8ab013e249,04787d53fdfba17633a0f20095c53846de51430553757afd7b292b36f141e13c,0,172,"[""O"", ""C"", ""O"", ""C"", ""C"", ""C"", ""C"", ""C"", ""C"", ""N"", ""C"", ""C"", ""C"", ""C"", ""C"", ""C"", ""C"", ""C"", ""C"", ""C"", ""Cl"", ""C"", ""Cl"", ""C"", ""C"", ""C"", ""H"", ""H"", ""H"", ""H"", ""H"", ""H"", ""H"", ""H"", ""H"", ""H"", ""H"", ""H"", ""H"", ""H"", ""H"", ""H"", ""H"", ""O"", ""C"", ""O"", ""C"", ""C"", ""C"", ""C"", ""C"", ""C"", ""N"", ""C"", ""C"", ""C"", ""C"", ""C"", ""C"", ""C"", ""C"", ""C"", ""C"", ""Cl"", ""C"", ""Cl"", ""C"", ""C"", ""C"", ""H"", ""H"", ""H"", ""H"", ""H"", ""H"", ""H"", ""H"", ""H"", ""H"", ""H"", ""H"", ""H"", ""H"", ""H"", ""H"", ""H"", ""O"", ""C"", ""O"", ""C"", ""C"", ""C"", ""C"", ""C"", ""C"", ""N"", ""C"", ""C"", ""C"", ""C"", ""C"", ""C"", ""C"", ""C"", ""C"", ""C"", ""Cl"", ""C"", ""Cl"", ""C"", ""C"", ""C"", ""H"", ""H"", ""H"", ""H"", ""H"", ""H"", ""H"", ""H"", ""H"", ""H"", ""H"", ""H"", ""H"", ""H"", ""H"", ""H"", ""H"", ""O"", ""C"", ""O"", ""C"", ""C"", ""C"", ""C"", ""C"", ""C"", ""N"", ""C"", ""C"", ""C"", ""C"", ""C"", ""C"", ""C"", ""C"", ""C"", ""C"", ""Cl"", ""C"", ""Cl"", ""C"", ""C"", ""C"", ""H"", ""H"", ""H"", ""H"", ""H"", ""H"", ""H"", ""H"", ""H"", ""H"", ""H"", ""H"", ""H"", ""H"", ""H"", ""H"", ""H""]",C84H68Cl8N4O8,"[true, true, true]","[17.797984689124576, 0.0, 0.0, -5.636135948845936, 13.595412688256152, 0.0, -1.0208231169685278, 6.0542339737812485, 23.95540386824683]",5796.511756602953,[],"{""cutoff=6.000_skin=0.000"": 5866, ""cutoff=6.000_skin=0.500"": 7082}",0.0,,
OPT-RFT-XAFPAY172-R512-v1,16360d404e1cc8ec5ea026f69f45c1e0d210a4962a9adca338d6dcf7b609da30,OPT-RFT-XAFPAY172-R512-v1:0287,XAFPAY_C3_2_9138_z2_86,98a69e14e8edd5cf94045623ad8e3fe77029cf3755dbe6fadb9088c356790aee,287,cross_family_test_set,XAFPAY/structures/XAFPAY_C3_2_9138_z2_86.cif,086f84f37dc006f11be0af92572e15b07dd64b83489328d308f30c554a2f7763,98a69e14e8edd5cf94045623ad8e3fe77029cf3755dbe6fadb9088c356790aee,0,172,"[""O"", ""C"", ""O"", ""C"", ""C"", ""C"", ""C"", ""C"", ""C"", ""N"", ""C"", ""C"", ""C"", ""C"", ""C"", ""C"", ""C"", ""C"", ""C"", ""C"", ""Cl"", ""C"", ""Cl"", ""C"", ""C"", ""C"", ""H"", ""H"", ""H"", ""H"", ""H"", ""H"", ""H"", ""H"", ""H"", ""H"", ""H"", ""H"", ""H"", ""H"", ""H"", ""H"", ""H"", ""O"", ""C"", ""O"", ""C"", ""C"", ""C"", ""C"", ""C"", ""C"", ""N"", ""C"", ""C"", ""C"", ""C"", ""C"", ""C"", ""C"", ""C"", ""C"", ""C"", ""Cl"", ""C"", ""Cl"", ""C"", ""C"", ""C"", ""H"", ""H"", ""H"", ""H"", ""H"", ""H"", ""H"", ""H"", ""H"", ""H"", ""H"", ""H"", ""H"", ""H"", ""H"", ""H"", ""H"", ""O"", ""C"", ""O"", ""C"", ""C"", ""C"", ""C"", ""C"", ""C"", ""N"", ""C"", ""C"", ""C"", ""C"", ""C"", ""C"", ""C"", ""C"", ""C"", ""C"", ""Cl"", ""C"", ""Cl"", ""C"", ""C"", ""C"", ""H"", ""H"", ""H"", ""H"", ""H"", ""H"", ""H"", ""H"", ""H"", ""H"", ""H"", ""H"", ""H"", ""H"", ""H"", ""H"", ""H"", ""O"", ""C"", ""O"", ""C"", ""C"", ""C"", ""C"", ""C"", ""C"", ""N"", ""C"", ""C"", ""C"", ""C"", ""C"", ""C"", ""C"", ""C"", ""C"", ""C"", ""Cl"", ""C"", ""Cl"", ""C"", ""C"", ""C"", ""H"", ""H"", ""H"", ""H"", ""H"", ""H"", ""H"", ""H"", ""H"", ""H"", ""H"", ""H"", ""H"", ""H"", ""H"", ""H"", ""H""]",C84H68Cl8N4O8,"[true, true, true]","[24.27306565224461, 0.0, 0.0, 7.997790412469729, 14.652298081971706, 0.0, 3.4968535147133446, -12.054195468186567, 14.906815378667655]",5301.701211802194,[],"{""cutoff=6.000_skin=0.000"": 5868, ""cutoff=6.000_skin=0.500"": 7198}",0.0,,
OPT-RFT-XAFPAY172-R512-v1,16360d404e1cc8ec5ea026f69f45c1e0d210a4962a9adca338d6dcf7b609da30,OPT-RFT-XAFPAY172-R512-v1:0288,XAFPAY_C3_14_284_z1_43,776a3a4c6204467f3adce2df753e297ccd1db50e7a0da07edf80f5f74cb020f3,288,cross_family_test_set,XAFPAY/structures/XAFPAY_C3_14_284_z1_43.cif,c9d8120c575ade9ff3d470dd3b7d7c85b4526c1bab430a5326e6d839f984d7ce,776a3a4c6204467f3adce2df753e297ccd1db50e7a0da07edf80f5f74cb020f3,0,172,"[""O"", ""C"", ""O"", ""C"", ""C"", ""C"", ""C"", ""C"", ""C"", ""N"", ""C"", ""C"", ""C"", ""C"", ""C"", ""C"", ""C"", ""C"", ""C"", ""C"", ""Cl"", ""C"", ""Cl"", ""C"", ""C"", ""C"", ""H"", ""H"", ""H"", ""H"", ""H"", ""H"", ""H"", ""H"", ""H"", ""H"", ""H"", ""H"", ""H"", ""H"", ""H"", ""H"", ""H"", ""O"", ""C"", ""O"", ""C"", ""C"", ""C"", ""C"", ""C"", ""C"", ""N"", ""C"", ""C"", ""C"", ""C"", ""C"", ""C"", ""C"", ""C"", ""C"", ""C"", ""Cl"", ""C"", ""Cl"", ""C"", ""C"", ""C"", ""H"", ""H"", ""H"", ""H"", ""H"", ""H"", ""H"", ""H"", ""H"", ""H"", ""H"", ""H"", ""H"", ""H"", ""H"", ""H"", ""H"", ""O"", ""C"", ""O"", ""C"", ""C"", ""C"", ""C"", ""C"", ""C"", ""N"", ""C"", ""C"", ""C"", ""C"", ""C"", ""C"", ""C"", ""C"", ""C"", ""C"", ""Cl"", ""C"", ""Cl"", ""C"", ""C"", ""C"", ""H"", ""H"", ""H"", ""H"", ""H"", ""H"", ""H"", ""H"", ""H"", ""H"", ""H"", ""H"", ""H"", ""H"", ""H"", ""H"", ""H"", ""O"", ""C"", ""O"", ""C"", ""C"", ""C"", ""C"", ""C"", ""C"", ""N"", ""C"", ""C"", ""C"", ""C"", ""C"", ""C"", ""C"", ""C"", ""C"", ""C"", ""Cl"", ""C"", ""Cl"", ""C"", ""C"", ""C"", ""H"", ""H"", ""H"", ""H"", ""H"", ""H"", ""H"", ""H"", ""H"", ""H"", ""H"", ""H"", ""H"", ""H"", ""H"", ""H"", ""H""]",C84H68Cl8N4O8,"[true, true, true]","[27.818318827104456, 0.0, 0.0, 0.0, 28.326315351243224, 0.0, -5.702538307438718, 0.0, 7.738885217300853]",6098.167812333149,[],"{""cutoff=6.000_skin=0.000"": 5872, ""cutoff=6.000_skin=0.500"": 7132}",0.0,,
OPT-RFT-XAFPAY172-R512-v1,16360d404e1cc8ec5ea026f69f45c1e0d210a4962a9adca338d6dcf7b609da30,OPT-RFT-XAFPAY172-R512-v1:0289,XAFPAY_C4_2_736_z2_86,81913c54fbbb3998afaac3eafe26065080c9f2ae3d53c870be9b90fa549c4403,289,cross_family_test_set,XAFPAY/structures/XAFPAY_C4_2_736_z2_86.cif,5ae6057482a653a551e5772d2322081dc920bc388a87b9baaa1136298a18f0da,81913c54fbbb3998afaac3eafe26065080c9f2ae3d53c870be9b90fa549c4403,0,172,"[""O"", ""C"", ""O"", ""C"", ""C"", ""C"", ""C"", ""C"", ""C"", ""N"", ""C"", ""C"", ""C"", ""C"", ""C"", ""C"", ""C"", ""C"", ""C"", ""C"", ""Cl"", ""C"", ""Cl"", ""C"", ""C"", ""C"", ""H"", ""H"", ""H"", ""H"", ""H"", ""H"", ""H"", ""H"", ""H"", ""H"", ""H"", ""H"", ""H"", ""H"", ""H"", ""H"", ""H"", ""O"", ""C"", ""O"", ""C"", ""C"", ""C"", ""C"", ""C"", ""C"", ""N"", ""C"", ""C"", ""C"", ""C"", ""C"", ""C"", ""C"", ""C"", ""C"", ""C"", ""Cl"", ""C"", ""Cl"", ""C"", ""C"", ""C"", ""H"", ""H"", ""H"", ""H"", ""H"", ""H"", ""H"", ""H"", ""H"", ""H"", ""H"", ""H"", ""H"", ""H"", ""H"", ""H"", ""H"", ""O"", ""C"", ""O"", ""C"", ""C"", ""C"", ""C"", ""C"", ""C"", ""N"", ""C"", ""C"", ""C"", ""C"", ""C"", ""C"", ""C"", ""C"", ""C"", ""C"", ""Cl"", ""C"", ""Cl"", ""C"", ""C"", ""C"", ""H"", ""H"", ""H"", ""H"", ""H"", ""H"", ""H"", ""H"", ""H"", ""H"", ""H"", ""H"", ""H"", ""H"", ""H"", ""H"", ""H"", ""O"", ""C"", ""O"", ""C"", ""C"", ""C"", ""C"", ""C"", ""C"", ""N"", ""C"", ""C"", ""C"", ""C"", ""C"", ""C"", ""C"", ""C"", ""C"", ""C"", ""Cl"", ""C"", ""Cl"", ""C"", ""C"", ""C"", ""H"", ""H"", ""H"", ""H"", ""H"", ""H"", ""H"", ""H"", ""H"", ""H"", ""H"", ""H"", ""H"", ""H"", ""H"", ""H"", ""H""]",C84H68Cl8N4O8,"[true, true, true]","[19.51359422480742, 0.0, 0.0, 9.860873474401282, 18.64188123018263, 0.0, 14.26613230574463, -0.36193074040508555, 18.55702154243589]",6750.489691918717,[],"{""cutoff=6.000_skin=0.000"": 5876, ""cutoff=6.000_skin=0.500"": 7076}",0.0,,
OPT-RFT-XAFPAY172-R512-v1,16360d404e1cc8ec5ea026f69f45c1e0d210a4962a9adca338d6dcf7b609da30,OPT-RFT-XAFPAY172-R512-v1:0290,XAFPAY_C1_14_498_z1_43,1daf1af133d2da4c5a24170d1825164c5ed5893609852e38e6fd577c0fbcc6b8,290,cross_family_test_set,XAFPAY/structures/XAFPAY_C1_14_498_z1_43.cif,1a981309515d8d11e203106e4557ee983195a9e1a16413804eef40b42067508f,1daf1af133d2da4c5a24170d1825164c5ed5893609852e38e6fd577c0fbcc6b8,0,172,"[""O"", ""C"", ""O"", ""C"", ""C"", ""C"", ""C"", ""C"", ""C"", ""N"", ""C"", ""C"", ""C"", ""C"", ""C"", ""C"", ""C"", ""C"", ""C"", ""C"", ""Cl"", ""C"", ""Cl"", ""C"", ""C"", ""C"", ""H"", ""H"", ""H"", ""H"", ""H"", ""H"", ""H"", ""H"", ""H"", ""H"", ""H"", ""H"", ""H"", ""H"", ""H"", ""H"", ""H"", ""O"", ""C"", ""O"", ""C"", ""C"", ""C"", ""C"", ""C"", ""C"", ""N"", ""C"", ""C"", ""C"", ""C"", ""C"", ""C"", ""C"", ""C"", ""C"", ""C"", ""Cl"", ""C"", ""Cl"", ""C"", ""C"", ""C"", ""H"", ""H"", ""H"", ""H"", ""H"", ""H"", ""H"", ""H"", ""H"", ""H"", ""H"", ""H"", ""H"", ""H"", ""H"", ""H"", ""H"", ""O"", ""C"", ""O"", ""C"", ""C"", ""C"", ""C"", ""C"", ""C"", ""N"", ""C"", ""C"", ""C"", ""C"", ""C"", ""C"", ""C"", ""C"", ""C"", ""C"", ""Cl"", ""C"", ""Cl"", ""C"", ""C"", ""C"", ""H"", ""H"", ""H"", ""H"", ""H"", ""H"", ""H"", ""H"", ""H"", ""H"", ""H"", ""H"", ""H"", ""H"", ""H"", ""H"", ""H"", ""O"", ""C"", ""O"", ""C"", ""C"", ""C"", ""C"", ""C"", ""C"", ""N"", ""C"", ""C"", ""C"", ""C"", ""C"", ""C"", ""C"", ""C"", ""C"", ""C"", ""Cl"", ""C"", ""Cl"", ""C"", ""C"", ""C"", ""H"", ""H"", ""H"", ""H"", ""H"", ""H"", ""H"", ""H"", ""H"", ""H"", ""H"", ""H"", ""H"", ""H"", ""H"", ""H"", ""H""]",C84H68Cl8N4O8,"[true, true, true]","[7.097963130708726, 0.0, 0.0, 0.0, 26.06582255471575, 0.0, -9.805786541589578, 0.0, 32.471685805605254]",6007.724513242944,[],"{""cutoff=6.000_skin=0.000"": 5892, ""cutoff=6.000_skin=0.500"": 7296}",0.0,,
OPT-RFT-XAFPAY172-R512-v1,16360d404e1cc8ec5ea026f69f45c1e0d210a4962a9adca338d6dcf7b609da30,OPT-RFT-XAFPAY172-R512-v1:0291,XAFPAY_C2_14_490_z1_43,56a043bcbf96d77ab799dd8a7f7d5b3022b2e3a9990d831073848c9463ae4f27,291,cross_family_test_set,XAFPAY/structures/XAFPAY_C2_14_490_z1_43.cif,6866fa3ead1549f212521c6140ea4e221ddc6fa8f07a1bfbf5c88a072d4ff450,56a043bcbf96d77ab799dd8a7f7d5b3022b2e3a9990d831073848c9463ae4f27,0,172,"[""O"", ""C"", ""O"", ""C"", ""C"", ""C"", ""C"", ""C"", ""C"", ""N"", ""C"", ""C"", ""C"", ""C"", ""C"", ""C"", ""C"", ""C"", ""C"", ""C"", ""Cl"", ""C"", ""Cl"", ""C"", ""C"", ""C"", ""H"", ""H"", ""H"", ""H"", ""H"", ""H"", ""H"", ""H"", ""H"", ""H"", ""H"", ""H"", ""H"", ""H"", ""H"", ""H"", ""H"", ""O"", ""C"", ""O"", ""C"", ""C"", ""C"", ""C"", ""C"", ""C"", ""N"", ""C"", ""C"", ""C"", ""C"", ""C"", ""C"", ""C"", ""C"", ""C"", ""C"", ""Cl"", ""C"", ""Cl"", ""C"", ""C"", ""C"", ""H"", ""H"", ""H"", ""H"", ""H"", ""H"", ""H"", ""H"", ""H"", ""H"", ""H"", ""H"", ""H"", ""H"", ""H"", ""H"", ""H"", ""O"", ""C"", ""O"", ""C"", ""C"", ""C"", ""C"", ""C"", ""C"", ""N"", ""C"", ""C"", ""C"", ""C"", ""C"", ""C"", ""C"", ""C"", ""C"", ""C"", ""Cl"", ""C"", ""Cl"", ""C"", ""C"", ""C"", ""H"", ""H"", ""H"", ""H"", ""H"", ""H"", ""H"", ""H"", ""H"", ""H"", ""H"", ""H"", ""H"", ""H"", ""H"", ""H"", ""H"", ""O"", ""C"", ""O"", ""C"", ""C"", ""C"", ""C"", ""C"", ""C"", ""N"", ""C"", ""C"", ""C"", ""C"", ""C"", ""C"", ""C"", ""C"", ""C"", ""C"", ""Cl"", ""C"", ""Cl"", ""C"", ""C"", ""C"", ""H"", ""H"", ""H"", ""H"", ""H"", ""H"", ""H"", ""H"", ""H"", ""H"", ""H"", ""H"", ""H"", ""H"", ""H"", ""H"", ""H""]",C84H68Cl8N4O8,"[true, true, true]","[21.569655451983635, 0.0, 0.0, 0.0, 27.521003219731753, 0.0, 0.9426673188415419, 0.0, 9.298142632165519]",5519.55001341169,[],"{""cutoff=6.000_skin=0.000"": 5900, ""cutoff=6.000_skin=0.500"": 7208}",0.0,,
OPT-RFT-XAFPAY172-R512-v1,16360d404e1cc8ec5ea026f69f45c1e0d210a4962a9adca338d6dcf7b609da30,OPT-RFT-XAFPAY172-R512-v1:0292,XAFPAY_C4_2_14254_z2_86,1f3bf53d1cedde2d8b2ce82ba295a746ad17db515481f2e53c13890ab8537e06,292,cross_family_test_set,XAFPAY/structures/XAFPAY_C4_2_14254_z2_86.cif,70d4a162dc7ed4eb0e0196921a726d09c4dc562748026605cf699d4213645859,1f3bf53d1cedde2d8b2ce82ba295a746ad17db515481f2e53c13890ab8537e06,0,172,"[""O"", ""C"", ""O"", ""C"", ""C"", ""C"", ""C"", ""C"", ""C"", ""N"", ""C"", ""C"", ""C"", ""C"", ""C"", ""C"", ""C"", ""C"", ""C"", ""C"", ""Cl"", ""C"", ""Cl"", ""C"", ""C"", ""C"", ""H"", ""H"", ""H"", ""H"", ""H"", ""H"", ""H"", ""H"", ""H"", ""H"", ""H"", ""H"", ""H"", ""H"", ""H"", ""H"", ""H"", ""O"", ""C"", ""O"", ""C"", ""C"", ""C"", ""C"", ""C"", ""C"", ""N"", ""C"", ""C"", ""C"", ""C"", ""C"", ""C"", ""C"", ""C"", ""C"", ""C"", ""Cl"", ""C"", ""Cl"", ""C"", ""C"", ""C"", ""H"", ""H"", ""H"", ""H"", ""H"", ""H"", ""H"", ""H"", ""H"", ""H"", ""H"", ""H"", ""H"", ""H"", ""H"", ""H"", ""H"", ""O"", ""C"", ""O"", ""C"", ""C"", ""C"", ""C"", ""C"", ""C"", ""N"", ""C"", ""C"", ""C"", ""C"", ""C"", ""C"", ""C"", ""C"", ""C"", ""C"", ""Cl"", ""C"", ""Cl"", ""C"", ""C"", ""C"", ""H"", ""H"", ""H"", ""H"", ""H"", ""H"", ""H"", ""H"", ""H"", ""H"", ""H"", ""H"", ""H"", ""H"", ""H"", ""H"", ""H"", ""O"", ""C"", ""O"", ""C"", ""C"", ""C"", ""C"", ""C"", ""C"", ""N"", ""C"", ""C"", ""C"", ""C"", ""C"", ""C"", ""C"", ""C"", ""C"", ""C"", ""Cl"", ""C"", ""Cl"", ""C"", ""C"", ""C"", ""H"", ""H"", ""H"", ""H"", ""H"", ""H"", ""H"", ""H"", ""H"", ""H"", ""H"", ""H"", ""H"", ""H"", ""H"", ""H"", ""H""]",C84H68Cl8N4O8,"[true, true, true]","[36.80485070167114, 0.0, 0.0, -5.053144485930245, 10.750661592767873, 0.0, -5.487221589191526, -1.5188472325605773, 12.26634486383843]",4853.504340541296,[],"{""cutoff=6.000_skin=0.000"": 5906, ""cutoff=6.000_skin=0.500"": 7322}",0.0,,
OPT-RFT-XAFPAY172-R512-v1,16360d404e1cc8ec5ea026f69f45c1e0d210a4962a9adca338d6dcf7b609da30,OPT-RFT-XAFPAY172-R512-v1:0293,XAFPAY_C3_2_16636_z2_86,6242d5754bf15cf672a438636d0be0eb9b0b1f339530c60ae909cae8b81322ca,293,cross_family_test_set,XAFPAY/structures/XAFPAY_C3_2_16636_z2_86.cif,c9e153c3753332c4930b35e9b2a10fac90a9d2be0f12c2f7fd5d807c390b109b,6242d5754bf15cf672a438636d0be0eb9b0b1f339530c60ae909cae8b81322ca,0,172,"[""O"", ""C"", ""O"", ""C"", ""C"", ""C"", ""C"", ""C"", ""C"", ""N"", ""C"", ""C"", ""C"", ""C"", ""C"", ""C"", ""C"", ""C"", ""C"", ""C"", ""Cl"", ""C"", ""Cl"", ""C"", ""C"", ""C"", ""H"", ""H"", ""H"", ""H"", ""H"", ""H"", ""H"", ""H"", ""H"", ""H"", ""H"", ""H"", ""H"", ""H"", ""H"", ""H"", ""H"", ""O"", ""C"", ""O"", ""C"", ""C"", ""C"", ""C"", ""C"", ""C"", ""N"", ""C"", ""C"", ""C"", ""C"", ""C"", ""C"", ""C"", ""C"", ""C"", ""C"", ""Cl"", ""C"", ""Cl"", ""C"", ""C"", ""C"", ""H"", ""H"", ""H"", ""H"", ""H"", ""H"", ""H"", ""H"", ""H"", ""H"", ""H"", ""H"", ""H"", ""H"", ""H"", ""H"", ""H"", ""O"", ""C"", ""O"", ""C"", ""C"", ""C"", ""C"", ""C"", ""C"", ""N"", ""C"", ""C"", ""C"", ""C"", ""C"", ""C"", ""C"", ""C"", ""C"", ""C"", ""Cl"", ""C"", ""Cl"", ""C"", ""C"", ""C"", ""H"", ""H"", ""H"", ""H"", ""H"", ""H"", ""H"", ""H"", ""H"", ""H"", ""H"", ""H"", ""H"", ""H"", ""H"", ""H"", ""H"", ""O"", ""C"", ""O"", ""C"", ""C"", ""C"", ""C"", ""C"", ""C"", ""N"", ""C"", ""C"", ""C"", ""C"", ""C"", ""C"", ""C"", ""C"", ""C"", ""C"", ""Cl"", ""C"", ""Cl"", ""C"", ""C"", ""C"", ""H"", ""H"", ""H"", ""H"", ""H"", ""H"", ""H"", ""H"", ""H"", ""H"", ""H"", ""H"", ""H"", ""H"", ""H"", ""H"", ""H""]",C84H68Cl8N4O8,"[true, true, true]","[14.73765066608756, 0.0, 0.0, 6.530882117717571, 12.801542113128773, 0.0, -8.891146364175983, -9.862829196336477, 25.659284925511077]",4841.000154709616,[],"{""cutoff=6.000_skin=0.000"": 5910, ""cutoff=6.000_skin=0.500"": 7332}",0.0,,
OPT-RFT-XAFPAY172-R512-v1,16360d404e1cc8ec5ea026f69f45c1e0d210a4962a9adca338d6dcf7b609da30,OPT-RFT-XAFPAY172-R512-v1:0294,XAFPAY_C4_14_4005_z1_43,da12fb2a3902b7883b46e7942f07836f0465e5091ced6f6272154dc841289ddc,294,cross_family_test_set,XAFPAY/structures/XAFPAY_C4_14_4005_z1_43.cif,d4c01ab7fe46912fb3c0656521c6347496365d120482c7413e4c5908252c98d8,da12fb2a3902b7883b46e7942f07836f0465e5091ced6f6272154dc841289ddc,0,172,"[""O"", ""C"", ""O"", ""C"", ""C"", ""C"", ""C"", ""C"", ""C"", ""N"", ""C"", ""C"", ""C"", ""C"", ""C"", ""C"", ""C"", ""C"", ""C"", ""C"", ""Cl"", ""C"", ""Cl"", ""C"", ""C"", ""C"", ""H"", ""H"", ""H"", ""H"", ""H"", ""H"", ""H"", ""H"", ""H"", ""H"", ""H"", ""H"", ""H"", ""H"", ""H"", ""H"", ""H"", ""O"", ""C"", ""O"", ""C"", ""C"", ""C"", ""C"", ""C"", ""C"", ""N"", ""C"", ""C"", ""C"", ""C"", ""C"", ""C"", ""C"", ""C"", ""C"", ""C"", ""Cl"", ""C"", ""Cl"", ""C"", ""C"", ""C"", ""H"", ""H"", ""H"", ""H"", ""H"", ""H"", ""H"", ""H"", ""H"", ""H"", ""H"", ""H"", ""H"", ""H"", ""H"", ""H"", ""H"", ""O"", ""C"", ""O"", ""C"", ""C"", ""C"", ""C"", ""C"", ""C"", ""N"", ""C"", ""C"", ""C"", ""C"", ""C"", ""C"", ""C"", ""C"", ""C"", ""C"", ""Cl"", ""C"", ""Cl"", ""C"", ""C"", ""C"", ""H"", ""H"", ""H"", ""H"", ""H"", ""H"", ""H"", ""H"", ""H"", ""H"", ""H"", ""H"", ""H"", ""H"", ""H"", ""H"", ""H"", ""O"", ""C"", ""O"", ""C"", ""C"", ""C"", ""C"", ""C"", ""C"", ""N"", ""C"", ""C"", ""C"", ""C"", ""C"", ""C"", ""C"", ""C"", ""C"", ""C"", ""Cl"", ""C"", ""Cl"", ""C"", ""C"", ""C"", ""H"", ""H"", ""H"", ""H"", ""H"", ""H"", ""H"", ""H"", ""H"", ""H"", ""H"", ""H"", ""H"", ""H"", ""H"", ""H"", ""H""]",C84H68Cl8N4O8,"[true, true, true]","[23.067871243211272, 0.0, 0.0, 0.0, 10.385560113483315, 0.0, 3.568039293903241, 0.0, 20.466815787687175]",4903.291618024605,[],"{""cutoff=6.000_skin=0.000"": 5916, ""cutoff=6.000_skin=0.500"": 7020}",0.0,,
OPT-RFT-XAFPAY172-R512-v1,16360d404e1cc8ec5ea026f69f45c1e0d210a4962a9adca338d6dcf7b609da30,OPT-RFT-XAFPAY172-R512-v1:0295,XAFPAY_C4_2_7939_z2_86,b45e653a97a852a1a19ecca491b5d1827239bf6388536eab2535e3f53890129a,295,cross_family_test_set,XAFPAY/structures/XAFPAY_C4_2_7939_z2_86.cif,916eeb9ac5958aec4fbf69d565dfd80447427a4f3806acaf60dbb84eac24960f,b45e653a97a852a1a19ecca491b5d1827239bf6388536eab2535e3f53890129a,0,172,"[""O"", ""C"", ""O"", ""C"", ""C"", ""C"", ""C"", ""C"", ""C"", ""N"", ""C"", ""C"", ""C"", ""C"", ""C"", ""C"", ""C"", ""C"", ""C"", ""C"", ""Cl"", ""C"", ""Cl"", ""C"", ""C"", ""C"", ""H"", ""H"", ""H"", ""H"", ""H"", ""H"", ""H"", ""H"", ""H"", ""H"", ""H"", ""H"", ""H"", ""H"", ""H"", ""H"", ""H"", ""O"", ""C"", ""O"", ""C"", ""C"", ""C"", ""C"", ""C"", ""C"", ""N"", ""C"", ""C"", ""C"", ""C"", ""C"", ""C"", ""C"", ""C"", ""C"", ""C"", ""Cl"", ""C"", ""Cl"", ""C"", ""C"", ""C"", ""H"", ""H"", ""H"", ""H"", ""H"", ""H"", ""H"", ""H"", ""H"", ""H"", ""H"", ""H"", ""H"", ""H"", ""H"", ""H"", ""H"", ""O"", ""C"", ""O"", ""C"", ""C"", ""C"", ""C"", ""C"", ""C"", ""N"", ""C"", ""C"", ""C"", ""C"", ""C"", ""C"", ""C"", ""C"", ""C"", ""C"", ""Cl"", ""C"", ""Cl"", ""C"", ""C"", ""C"", ""H"", ""H"", ""H"", ""H"", ""H"", ""H"", ""H"", ""H"", ""H"", ""H"", ""H"", ""H"", ""H"", ""H"", ""H"", ""H"", ""H"", ""O"", ""C"", ""O"", ""C"", ""C"", ""C"", ""C"", ""C"", ""C"", ""N"", ""C"", ""C"", ""C"", ""C"", ""C"", ""C"", ""C"", ""C"", ""C"", ""C"", ""Cl"", ""C"", ""Cl"", ""C"", ""C"", ""C"", ""H"", ""H"", ""H"", ""H"", ""H"", ""H"", ""H"", ""H"", ""H"", ""H"", ""H"", ""H"", ""H"", ""H"", ""H"", ""H"", ""H""]",C84H68Cl8N4O8,"[true, true, true]","[20.417635459392784, 0.0, 0.0, 12.47085225461517, 19.42173793456027, 0.0, -12.733611925568987, -1.8228671683497646, 14.73935430606494]",5844.83147877573,[],"{""cutoff=6.000_skin=0.000"": 5924, ""cutoff=6.000_skin=0.500"": 7172}",0.0,,
OPT-RFT-XAFPAY172-R512-v1,16360d404e1cc8ec5ea026f69f45c1e0d210a4962a9adca338d6dcf7b609da30,OPT-RFT-XAFPAY172-R512-v1:0296,XAFPAY_C2_14_1311_z1_43,3274254c4bb6c07ea22950806459cd4f01f88cfa9aa0fbccefaa61cf3fcfc401,296,cross_family_test_set,XAFPAY/structures/XAFPAY_C2_14_1311_z1_43.cif,e90e13ca7102bc4c37d1e0b897ff4ad7713b40a8f8640420a767bcef03d3d77e,3274254c4bb6c07ea22950806459cd4f01f88cfa9aa0fbccefaa61cf3fcfc401,0,172,"[""O"", ""C"", ""O"", ""C"", ""C"", ""C"", ""C"", ""C"", ""C"", ""N"", ""C"", ""C"", ""C"", ""C"", ""C"", ""C"", ""C"", ""C"", ""C"", ""C"", ""Cl"", ""C"", ""Cl"", ""C"", ""C"", ""C"", ""H"", ""H"", ""H"", ""H"", ""H"", ""H"", ""H"", ""H"", ""H"", ""H"", ""H"", ""H"", ""H"", ""H"", ""H"", ""H"", ""H"", ""O"", ""C"", ""O"", ""C"", ""C"", ""C"", ""C"", ""C"", ""C"", ""N"", ""C"", ""C"", ""C"", ""C"", ""C"", ""C"", ""C"", ""C"", ""C"", ""C"", ""Cl"", ""C"", ""Cl"", ""C"", ""C"", ""C"", ""H"", ""H"", ""H"", ""H"", ""H"", ""H"", ""H"", ""H"", ""H"", ""H"", ""H"", ""H"", ""H"", ""H"", ""H"", ""H"", ""H"", ""O"", ""C"", ""O"", ""C"", ""C"", ""C"", ""C"", ""C"", ""C"", ""N"", ""C"", ""C"", ""C"", ""C"", ""C"", ""C"", ""C"", ""C"", ""C"", ""C"", ""Cl"", ""C"", ""Cl"", ""C"", ""C"", ""C"", ""H"", ""H"", ""H"", ""H"", ""H"", ""H"", ""H"", ""H"", ""H"", ""H"", ""H"", ""H"", ""H"", ""H"", ""H"", ""H"", ""H"", ""O"", ""C"", ""O"", ""C"", ""C"", ""C"", ""C"", ""C"", ""C"", ""N"", ""C"", ""C"", ""C"", ""C"", ""C"", ""C"", ""C"", ""C"", ""C"", ""C"", ""Cl"", ""C"", ""Cl"", ""C"", ""C"", ""C"", ""H"", ""H"", ""H"", ""H"", ""H"", ""H"", ""H"", ""H"", ""H"", ""H"", ""H"", ""H"", ""H"", ""H"", ""H"", ""H"", ""H""]",C84H68Cl8N4O8,"[true, true, true]","[11.24873527839502, 0.0, 0.0, 0.0, 20.714703647254304, 0.0, -5.8587693331935835, 0.0, 23.221441328697548]",5410.925985035003,[],"{""cutoff=6.000_skin=0.000"": 5928, ""cutoff=6.000_skin=0.500"": 6988}",0.0,,
OPT-RFT-XAFPAY172-R512-v1,16360d404e1cc8ec5ea026f69f45c1e0d210a4962a9adca338d6dcf7b609da30,OPT-RFT-XAFPAY172-R512-v1:0297,XAFPAY_C3_14_407_z1_43,aafbf2da5d24de74d514a145713f650cbdf2aa24d858fddbb5d6a5a94490876d,297,cross_family_test_set,XAFPAY/structures/XAFPAY_C3_14_407_z1_43.cif,9d82c28d65509765b7bdb8a1f7fbf43f515c7deb546901442110aafe6a20c36f,aafbf2da5d24de74d514a145713f650cbdf2aa24d858fddbb5d6a5a94490876d,0,172,"[""O"", ""C"", ""O"", ""C"", ""C"", ""C"", ""C"", ""C"", ""C"", ""N"", ""C"", ""C"", ""C"", ""C"", ""C"", ""C"", ""C"", ""C"", ""C"", ""C"", ""Cl"", ""C"", ""Cl"", ""C"", ""C"", ""C"", ""H"", ""H"", ""H"", ""H"", ""H"", ""H"", ""H"", ""H"", ""H"", ""H"", ""H"", ""H"", ""H"", ""H"", ""H"", ""H"", ""H"", ""O"", ""C"", ""O"", ""C"", ""C"", ""C"", ""C"", ""C"", ""C"", ""N"", ""C"", ""C"", ""C"", ""C"", ""C"", ""C"", ""C"", ""C"", ""C"", ""C"", ""Cl"", ""C"", ""Cl"", ""C"", ""C"", ""C"", ""H"", ""H"", ""H"", ""H"", ""H"", ""H"", ""H"", ""H"", ""H"", ""H"", ""H"", ""H"", ""H"", ""H"", ""H"", ""H"", ""H"", ""O"", ""C"", ""O"", ""C"", ""C"", ""C"", ""C"", ""C"", ""C"", ""N"", ""C"", ""C"", ""C"", ""C"", ""C"", ""C"", ""C"", ""C"", ""C"", ""C"", ""Cl"", ""C"", ""Cl"", ""C"", ""C"", ""C"", ""H"", ""H"", ""H"", ""H"", ""H"", ""H"", ""H"", ""H"", ""H"", ""H"", ""H"", ""H"", ""H"", ""H"", ""H"", ""H"", ""H"", ""O"", ""C"", ""O"", ""C"", ""C"", ""C"", ""C"", ""C"", ""C"", ""N"", ""C"", ""C"", ""C"", ""C"", ""C"", ""C"", ""C"", ""C"", ""C"", ""C"", ""Cl"", ""C"", ""Cl"", ""C"", ""C"", ""C"", ""H"", ""H"", ""H"", ""H"", ""H"", ""H"", ""H"", ""H"", ""H"", ""H"", ""H"", ""H"", ""H"", ""H"", ""H"", ""H"", ""H""]",C84H68Cl8N4O8,"[true, true, true]","[14.904954053806783, 0.0, 0.0, 0.0, 15.030984149148516, 0.0, 16.243023563532248, 0.0, 20.14127148627901]",4512.372479331767,[],"{""cutoff=6.000_skin=0.000"": 5936, ""cutoff=6.000_skin=0.500"": 7540}",0.0,,
OPT-RFT-XAFPAY172-R512-v1,16360d404e1cc8ec5ea026f69f45c1e0d210a4962a9adca338d6dcf7b609da30,OPT-RFT-XAFPAY172-R512-v1:0298,XAFPAY_C3_2_10755_z2_86,f83419b3ab6b36be0f0c0b656c6b4dfbfd4258652fc06787d2a7d52fe0a1c60a,298,cross_family_test_set,XAFPAY/structures/XAFPAY_C3_2_10755_z2_86.cif,1ae3c690f8228f96f2b7d5c42c6d71dc8e22cea7060a80ec58ed0c6e2bb09c32,f83419b3ab6b36be0f0c0b656c6b4dfbfd4258652fc06787d2a7d52fe0a1c60a,0,172,"[""O"", ""C"", ""O"", ""C"", ""C"", ""C"", ""C"", ""C"", ""C"", ""N"", ""C"", ""C"", ""C"", ""C"", ""C"", ""C"", ""C"", ""C"", ""C"", ""C"", ""Cl"", ""C"", ""Cl"", ""C"", ""C"", ""C"", ""H"", ""H"", ""H"", ""H"", ""H"", ""H"", ""H"", ""H"", ""H"", ""H"", ""H"", ""H"", ""H"", ""H"", ""H"", ""H"", ""H"", ""O"", ""C"", ""O"", ""C"", ""C"", ""C"", ""C"", ""C"", ""C"", ""N"", ""C"", ""C"", ""C"", ""C"", ""C"", ""C"", ""C"", ""C"", ""C"", ""C"", ""Cl"", ""C"", ""Cl"", ""C"", ""C"", ""C"", ""H"", ""H"", ""H"", ""H"", ""H"", ""H"", ""H"", ""H"", ""H"", ""H"", ""H"", ""H"", ""H"", ""H"", ""H"", ""H"", ""H"", ""O"", ""C"", ""O"", ""C"", ""C"", ""C"", ""C"", ""C"", ""C"", ""N"", ""C"", ""C"", ""C"", ""C"", ""C"", ""C"", ""C"", ""C"", ""C"", ""C"", ""Cl"", ""C"", ""Cl"", ""C"", ""C"", ""C"", ""H"", ""H"", ""H"", ""H"", ""H"", ""H"", ""H"", ""H"", ""H"", ""H"", ""H"", ""H"", ""H"", ""H"", ""H"", ""H"", ""H"", ""O"", ""C"", ""O"", ""C"", ""C"", ""C"", ""C"", ""C"", ""C"", ""N"", ""C"", ""C"", ""C"", ""C"", ""C"", ""C"", ""C"", ""C"", ""C"", ""C"", ""Cl"", ""C"", ""Cl"", ""C"", ""C"", ""C"", ""H"", ""H"", ""H"", ""H"", ""H"", ""H"", ""H"", ""H"", ""H"", ""H"", ""H"", ""H"", ""H"", ""H"", ""H"", ""H"", ""H""]",C84H68Cl8N4O8,"[true, true, true]","[11.865890692398253, 0.0, 0.0, -9.773224476425618, 21.000920327654924, 0.0, -7.545145689036705, 6.216366374653172, 21.818893007768477]",5437.15086202714,[],"{""cutoff=6.000_skin=0.000"": 5946, ""cutoff=6.000_skin=0.500"": 7264}",0.0,,
OPT-RFT-XAFPAY172-R512-v1,16360d404e1cc8ec5ea026f69f45c1e0d210a4962a9adca338d6dcf7b609da30,OPT-RFT-XAFPAY172-R512-v1:0299,XAFPAY_C4_2_18230_z2_86,286d5d07ccf3b3888c01e09fe117969df66307a5f9cc3bff4d9d5f6fa42df01d,299,cross_family_test_set,XAFPAY/structures/XAFPAY_C4_2_18230_z2_86.cif,f6789ab81f4c818ae2e48d7731f71b82b4cd7fb6816ae603b17c06afbaaf217e,286d5d07ccf3b3888c01e09fe117969df66307a5f9cc3bff4d9d5f6fa42df01d,0,172,"[""O"", ""C"", ""O"", ""C"", ""C"", ""C"", ""C"", ""C"", ""C"", ""N"", ""C"", ""C"", ""C"", ""C"", ""C"", ""C"", ""C"", ""C"", ""C"", ""C"", ""Cl"", ""C"", ""Cl"", ""C"", ""C"", ""C"", ""H"", ""H"", ""H"", ""H"", ""H"", ""H"", ""H"", ""H"", ""H"", ""H"", ""H"", ""H"", ""H"", ""H"", ""H"", ""H"", ""H"", ""O"", ""C"", ""O"", ""C"", ""C"", ""C"", ""C"", ""C"", ""C"", ""N"", ""C"", ""C"", ""C"", ""C"", ""C"", ""C"", ""C"", ""C"", ""C"", ""C"", ""Cl"", ""C"", ""Cl"", ""C"", ""C"", ""C"", ""H"", ""H"", ""H"", ""H"", ""H"", ""H"", ""H"", ""H"", ""H"", ""H"", ""H"", ""H"", ""H"", ""H"", ""H"", ""H"", ""H"", ""O"", ""C"", ""O"", ""C"", ""C"", ""C"", ""C"", ""C"", ""C"", ""N"", ""C"", ""C"", ""C"", ""C"", ""C"", ""C"", ""C"", ""C"", ""C"", ""C"", ""Cl"", ""C"", ""Cl"", ""C"", ""C"", ""C"", ""H"", ""H"", ""H"", ""H"", ""H"", ""H"", ""H"", ""H"", ""H"", ""H"", ""H"", ""H"", ""H"", ""H"", ""H"", ""H"", ""H"", ""O"", ""C"", ""O"", ""C"", ""C"", ""C"", ""C"", ""C"", ""C"", ""N"", ""C"", ""C"", ""C"", ""C"", ""C"", ""C"", ""C"", ""C"", ""C"", ""C"", ""Cl"", ""C"", ""Cl"", ""C"", ""C"", ""C"", ""H"", ""H"", ""H"", ""H"", ""H"", ""H"", ""H"", ""H"", ""H"", ""H"", ""H"", ""H"", ""H"", ""H"", ""H"", ""H"", ""H""]",C84H68Cl8N4O8,"[true, true, true]","[21.800978651761312, 0.0, 0.0, 1.0277503164339759, 15.748563468878128, 0.0, -6.47703999508603, -6.193856255318734, 14.810473627945806]",5084.940574100026,[],"{""cutoff=6.000_skin=0.000"": 5950, ""cutoff=6.000_skin=0.500"": 7336}",0.0,,
OPT-RFT-XAFPAY172-R512-v1,16360d404e1cc8ec5ea026f69f45c1e0d210a4962a9adca338d6dcf7b609da30,OPT-RFT-XAFPAY172-R512-v1:0300,XAFPAY_C2_2_19266_z2_86,425e1e1fbba9a493e0ed172c4c664a532aab4f6c8a195130ea2be0b73b982c1c,300,cross_family_test_set,XAFPAY/structures/XAFPAY_C2_2_19266_z2_86.cif,3e5dd185a7086a02f5037857cfc260309804c6c3c6b852e532888f4b70415637,425e1e1fbba9a493e0ed172c4c664a532aab4f6c8a195130ea2be0b73b982c1c,0,172,"[""O"", ""C"", ""O"", ""C"", ""C"", ""C"", ""C"", ""C"", ""C"", ""N"", ""C"", ""C"", ""C"", ""C"", ""C"", ""C"", ""C"", ""C"", ""C"", ""C"", ""Cl"", ""C"", ""Cl"", ""C"", ""C"", ""C"", ""H"", ""H"", ""H"", ""H"", ""H"", ""H"", ""H"", ""H"", ""H"", ""H"", ""H"", ""H"", ""H"", ""H"", ""H"", ""H"", ""H"", ""O"", ""C"", ""O"", ""C"", ""C"", ""C"", ""C"", ""C"", ""C"", ""N"", ""C"", ""C"", ""C"", ""C"", ""C"", ""C"", ""C"", ""C"", ""C"", ""C"", ""Cl"", ""C"", ""Cl"", ""C"", ""C"", ""C"", ""H"", ""H"", ""H"", ""H"", ""H"", ""H"", ""H"", ""H"", ""H"", ""H"", ""H"", ""H"", ""H"", ""H"", ""H"", ""H"", ""H"", ""O"", ""C"", ""O"", ""C"", ""C"", ""C"", ""C"", ""C"", ""C"", ""N"", ""C"", ""C"", ""C"", ""C"", ""C"", ""C"", ""C"", ""C"", ""C"", ""C"", ""Cl"", ""C"", ""Cl"", ""C"", ""C"", ""C"", ""H"", ""H"", ""H"", ""H"", ""H"", ""H"", ""H"", ""H"", ""H"", ""H"", ""H"", ""H"", ""H"", ""H"", ""H"", ""H"", ""H"", ""O"", ""C"", ""O"", ""C"", ""C"", ""C"", ""C"", ""C"", ""C"", ""N"", ""C"", ""C"", ""C"", ""C"", ""C"", ""C"", ""C"", ""C"", ""C"", ""C"", ""Cl"", ""C"", ""Cl"", ""C"", ""C"", ""C"", ""H"", ""H"", ""H"", ""H"", ""H"", ""H"", ""H"", ""H"", ""H"", ""H"", ""H"", ""H"", ""H"", ""H"", ""H"", ""H"", ""H""]",C84H68Cl8N4O8,"[true, true, true]","[26.61016817064158, 0.0, 0.0, -4.242439088125637, 18.334778689355936, 0.0, -7.858176708042786, -7.228966016348206, 10.90562834795742]",5320.76385619508,[],"{""cutoff=6.000_skin=0.000"": 5956, ""cutoff=6.000_skin=0.500"": 7258}",0.0,,
OPT-RFT-XAFPAY172-R512-v1,16360d404e1cc8ec5ea026f69f45c1e0d210a4962a9adca338d6dcf7b609da30,OPT-RFT-XAFPAY172-R512-v1:0301,XAFPAY_C3_14_402_z1_43,cf47aa1b21c72fd8054b6b5c4343e2388adaad0cbc82780ec77cdf4bddb4dc40,301,cross_family_test_set,XAFPAY/structures/XAFPAY_C3_14_402_z1_43.cif,c5462cce80f15f224fdcd06c929d5a26d3b0f3cc72dfc62d98f6948528827929,cf47aa1b21c72fd8054b6b5c4343e2388adaad0cbc82780ec77cdf4bddb4dc40,0,172,"[""O"", ""C"", ""O"", ""C"", ""C"", ""C"", ""C"", ""C"", ""C"", ""N"", ""C"", ""C"", ""C"", ""C"", ""C"", ""C"", ""C"", ""C"", ""C"", ""C"", ""Cl"", ""C"", ""Cl"", ""C"", ""C"", ""C"", ""H"", ""H"", ""H"", ""H"", ""H"", ""H"", ""H"", ""H"", ""H"", ""H"", ""H"", ""H"", ""H"", ""H"", ""H"", ""H"", ""H"", ""O"", ""C"", ""O"", ""C"", ""C"", ""C"", ""C"", ""C"", ""C"", ""N"", ""C"", ""C"", ""C"", ""C"", ""C"", ""C"", ""C"", ""C"", ""C"", ""C"", ""Cl"", ""C"", ""Cl"", ""C"", ""C"", ""C"", ""H"", ""H"", ""H"", ""H"", ""H"", ""H"", ""H"", ""H"", ""H"", ""H"", ""H"", ""H"", ""H"", ""H"", ""H"", ""H"", ""H"", ""O"", ""C"", ""O"", ""C"", ""C"", ""C"", ""C"", ""C"", ""C"", ""N"", ""C"", ""C"", ""C"", ""C"", ""C"", ""C"", ""C"", ""C"", ""C"", ""C"", ""Cl"", ""C"", ""Cl"", ""C"", ""C"", ""C"", ""H"", ""H"", ""H"", ""H"", ""H"", ""H"", ""H"", ""H"", ""H"", ""H"", ""H"", ""H"", ""H"", ""H"", ""H"", ""H"", ""H"", ""O"", ""C"", ""O"", ""C"", ""C"", ""C"", ""C"", ""C"", ""C"", ""N"", ""C"", ""C"", ""C"", ""C"", ""C"", ""C"", ""C"", ""C"", ""C"", ""C"", ""Cl"", ""C"", ""Cl"", ""C"", ""C"", ""C"", ""H"", ""H"", ""H"", ""H"", ""H"", ""H"", ""H"", ""H"", ""H"", ""H"", ""H"", ""H"", ""H"", ""H"", ""H"", ""H"", ""H""]",C84H68Cl8N4O8,"[true, true, true]","[14.056186569470455, 0.0, 0.0, 0.0, 18.0535060605283, 0.0, -3.982770652720382, 0.0, 18.7417127529535]",4755.961676225503,[],"{""cutoff=6.000_skin=0.000"": 5964, ""cutoff=6.000_skin=0.500"": 7212}",0.0,,
OPT-RFT-XAFPAY172-R512-v1,16360d404e1cc8ec5ea026f69f45c1e0d210a4962a9adca338d6dcf7b609da30,OPT-RFT-XAFPAY172-R512-v1:0302,XAFPAY_C4_14_983_z1_43,5d16b8ff7250bf325f497f14b32b078a7f591c4931883172b54daf4eb9f33ec4,302,cross_family_test_set,XAFPAY/structures/XAFPAY_C4_14_983_z1_43.cif,4095b0bbcfae9531668d4fe3c8cb345a0579453e34ba4e13f045770b02d2d1e9,5d16b8ff7250bf325f497f14b32b078a7f591c4931883172b54daf4eb9f33ec4,0,172,"[""O"", ""C"", ""O"", ""C"", ""C"", ""C"", ""C"", ""C"", ""C"", ""N"", ""C"", ""C"", ""C"", ""C"", ""C"", ""C"", ""C"", ""C"", ""C"", ""C"", ""Cl"", ""C"", ""Cl"", ""C"", ""C"", ""C"", ""H"", ""H"", ""H"", ""H"", ""H"", ""H"", ""H"", ""H"", ""H"", ""H"", ""H"", ""H"", ""H"", ""H"", ""H"", ""H"", ""H"", ""O"", ""C"", ""O"", ""C"", ""C"", ""C"", ""C"", ""C"", ""C"", ""N"", ""C"", ""C"", ""C"", ""C"", ""C"", ""C"", ""C"", ""C"", ""C"", ""C"", ""Cl"", ""C"", ""Cl"", ""C"", ""C"", ""C"", ""H"", ""H"", ""H"", ""H"", ""H"", ""H"", ""H"", ""H"", ""H"", ""H"", ""H"", ""H"", ""H"", ""H"", ""H"", ""H"", ""H"", ""O"", ""C"", ""O"", ""C"", ""C"", ""C"", ""C"", ""C"", ""C"", ""N"", ""C"", ""C"", ""C"", ""C"", ""C"", ""C"", ""C"", ""C"", ""C"", ""C"", ""Cl"", ""C"", ""Cl"", ""C"", ""C"", ""C"", ""H"", ""H"", ""H"", ""H"", ""H"", ""H"", ""H"", ""H"", ""H"", ""H"", ""H"", ""H"", ""H"", ""H"", ""H"", ""H"", ""H"", ""O"", ""C"", ""O"", ""C"", ""C"", ""C"", ""C"", ""C"", ""C"", ""N"", ""C"", ""C"", ""C"", ""C"", ""C"", ""C"", ""C"", ""C"", ""C"", ""C"", ""Cl"", ""C"", ""Cl"", ""C"", ""C"", ""C"", ""H"", ""H"", ""H"", ""H"", ""H"", ""H"", ""H"", ""H"", ""H"", ""H"", ""H"", ""H"", ""H"", ""H"", ""H"", ""H"", ""H""]",C84H68Cl8N4O8,"[true, true, true]","[16.862830666871616, 0.0, 0.0, 0.0, 16.518817433463425, 0.0, -7.93232896817321, 0.0, 15.777312534426459]",4394.83385015359,[],"{""cutoff=6.000_skin=0.000"": 5968, ""cutoff=6.000_skin=0.500"": 7504}",0.0,,
OPT-RFT-XAFPAY172-R512-v1,16360d404e1cc8ec5ea026f69f45c1e0d210a4962a9adca338d6dcf7b609da30,OPT-RFT-XAFPAY172-R512-v1:0303,XAFPAY_C4_14_3399_z1_43,e03555e7973da3206f368396f6e0aa277f22070dc919b23b1ceee88285270d7b,303,cross_family_test_set,XAFPAY/structures/XAFPAY_C4_14_3399_z1_43.cif,e842e4c81e9068ef421a265da9112ba37761f343869fb304e60b071af21dbae9,e03555e7973da3206f368396f6e0aa277f22070dc919b23b1ceee88285270d7b,0,172,"[""O"", ""C"", ""O"", ""C"", ""C"", ""C"", ""C"", ""C"", ""C"", ""N"", ""C"", ""C"", ""C"", ""C"", ""C"", ""C"", ""C"", ""C"", ""C"", ""C"", ""Cl"", ""C"", ""Cl"", ""C"", ""C"", ""C"", ""H"", ""H"", ""H"", ""H"", ""H"", ""H"", ""H"", ""H"", ""H"", ""H"", ""H"", ""H"", ""H"", ""H"", ""H"", ""H"", ""H"", ""O"", ""C"", ""O"", ""C"", ""C"", ""C"", ""C"", ""C"", ""C"", ""N"", ""C"", ""C"", ""C"", ""C"", ""C"", ""C"", ""C"", ""C"", ""C"", ""C"", ""Cl"", ""C"", ""Cl"", ""C"", ""C"", ""C"", ""H"", ""H"", ""H"", ""H"", ""H"", ""H"", ""H"", ""H"", ""H"", ""H"", ""H"", ""H"", ""H"", ""H"", ""H"", ""H"", ""H"", ""O"", ""C"", ""O"", ""C"", ""C"", ""C"", ""C"", ""C"", ""C"", ""N"", ""C"", ""C"", ""C"", ""C"", ""C"", ""C"", ""C"", ""C"", ""C"", ""C"", ""Cl"", ""C"", ""Cl"", ""C"", ""C"", ""C"", ""H"", ""H"", ""H"", ""H"", ""H"", ""H"", ""H"", ""H"", ""H"", ""H"", ""H"", ""H"", ""H"", ""H"", ""H"", ""H"", ""H"", ""O"", ""C"", ""O"", ""C"", ""C"", ""C"", ""C"", ""C"", ""C"", ""N"", ""C"", ""C"", ""C"", ""C"", ""C"", ""C"", ""C"", ""C"", ""C"", ""C"", ""Cl"", ""C"", ""Cl"", ""C"", ""C"", ""C"", ""H"", ""H"", ""H"", ""H"", ""H"", ""H"", ""H"", ""H"", ""H"", ""H"", ""H"", ""H"", ""H"", ""H"", ""H"", ""H"", ""H""]",C84H68Cl8N4O8,"[true, true, true]","[13.827962657343498, 0.0, 0.0, 0.0, 17.54554467916175, 0.0, -7.838519613071212, 0.0, 16.672666854418832]",4045.1080374753674,[],"{""cutoff=6.000_skin=0.000"": 5972, ""cutoff=6.000_skin=0.500"": 7600}",0.0,,
OPT-RFT-XAFPAY172-R512-v1,16360d404e1cc8ec5ea026f69f45c1e0d210a4962a9adca338d6dcf7b609da30,OPT-RFT-XAFPAY172-R512-v1:0304,XAFPAY_C3_14_1465_z1_43,b8df60cb728fe005df4a7307458188dcf8bf1c3abcb40f6e49239544c7340dc6,304,cross_family_test_set,XAFPAY/structures/XAFPAY_C3_14_1465_z1_43.cif,ef28c09dbb65778748aa3be954b3d166d8a1f28f1fe1eb1562c78bbfce905754,b8df60cb728fe005df4a7307458188dcf8bf1c3abcb40f6e49239544c7340dc6,0,172,"[""O"", ""C"", ""O"", ""C"", ""C"", ""C"", ""C"", ""C"", ""C"", ""N"", ""C"", ""C"", ""C"", ""C"", ""C"", ""C"", ""C"", ""C"", ""C"", ""C"", ""Cl"", ""C"", ""Cl"", ""C"", ""C"", ""C"", ""H"", ""H"", ""H"", ""H"", ""H"", ""H"", ""H"", ""H"", ""H"", ""H"", ""H"", ""H"", ""H"", ""H"", ""H"", ""H"", ""H"", ""O"", ""C"", ""O"", ""C"", ""C"", ""C"", ""C"", ""C"", ""C"", ""N"", ""C"", ""C"", ""C"", ""C"", ""C"", ""C"", ""C"", ""C"", ""C"", ""C"", ""Cl"", ""C"", ""Cl"", ""C"", ""C"", ""C"", ""H"", ""H"", ""H"", ""H"", ""H"", ""H"", ""H"", ""H"", ""H"", ""H"", ""H"", ""H"", ""H"", ""H"", ""H"", ""H"", ""H"", ""O"", ""C"", ""O"", ""C"", ""C"", ""C"", ""C"", ""C"", ""C"", ""N"", ""C"", ""C"", ""C"", ""C"", ""C"", ""C"", ""C"", ""C"", ""C"", ""C"", ""Cl"", ""C"", ""Cl"", ""C"", ""C"", ""C"", ""H"", ""H"", ""H"", ""H"", ""H"", ""H"", ""H"", ""H"", ""H"", ""H"", ""H"", ""H"", ""H"", ""H"", ""H"", ""H"", ""H"", ""O"", ""C"", ""O"", ""C"", ""C"", ""C"", ""C"", ""C"", ""C"", ""N"", ""C"", ""C"", ""C"", ""C"", ""C"", ""C"", ""C"", ""C"", ""C"", ""C"", ""Cl"", ""C"", ""Cl"", ""C"", ""C"", ""C"", ""H"", ""H"", ""H"", ""H"", ""H"", ""H"", ""H"", ""H"", ""H"", ""H"", ""H"", ""H"", ""H"", ""H"", ""H"", ""H"", ""H""]",C84H68Cl8N4O8,"[true, true, true]","[15.875090068451478, 0.0, 0.0, 0.0, 11.13824350679445, 0.0, 2.3547862841450433, 0.0, 25.86680444303005]",4573.784369927591,[],"{""cutoff=6.000_skin=0.000"": 5976, ""cutoff=6.000_skin=0.500"": 7140}",0.0,,
OPT-RFT-XAFPAY172-R512-v1,16360d404e1cc8ec5ea026f69f45c1e0d210a4962a9adca338d6dcf7b609da30,OPT-RFT-XAFPAY172-R512-v1:0305,XAFPAY_C1_14_4304_z1_43,71eed87f4356e377800cb877c55d8e54ab24014dfd14cd929c5787794a158b34,305,cross_family_test_set,XAFPAY/structures/XAFPAY_C1_14_4304_z1_43.cif,3d2f8e6a0a14b6b74a591d14843d76b78f3e3b4eed382c711e4a1de634af934c,71eed87f4356e377800cb877c55d8e54ab24014dfd14cd929c5787794a158b34,0,172,"[""O"", ""C"", ""O"", ""C"", ""C"", ""C"", ""C"", ""C"", ""C"", ""N"", ""C"", ""C"", ""C"", ""C"", ""C"", ""C"", ""C"", ""C"", ""C"", ""C"", ""Cl"", ""C"", ""Cl"", ""C"", ""C"", ""C"", ""H"", ""H"", ""H"", ""H"", ""H"", ""H"", ""H"", ""H"", ""H"", ""H"", ""H"", ""H"", ""H"", ""H"", ""H"", ""H"", ""H"", ""O"", ""C"", ""O"", ""C"", ""C"", ""C"", ""C"", ""C"", ""C"", ""N"", ""C"", ""C"", ""C"", ""C"", ""C"", ""C"", ""C"", ""C"", ""C"", ""C"", ""Cl"", ""C"", ""Cl"", ""C"", ""C"", ""C"", ""H"", ""H"", ""H"", ""H"", ""H"", ""H"", ""H"", ""H"", ""H"", ""H"", ""H"", ""H"", ""H"", ""H"", ""H"", ""H"", ""H"", ""O"", ""C"", ""O"", ""C"", ""C"", ""C"", ""C"", ""C"", ""C"", ""N"", ""C"", ""C"", ""C"", ""C"", ""C"", ""C"", ""C"", ""C"", ""C"", ""C"", ""Cl"", ""C"", ""Cl"", ""C"", ""C"", ""C"", ""H"", ""H"", ""H"", ""H"", ""H"", ""H"", ""H"", ""H"", ""H"", ""H"", ""H"", ""H"", ""H"", ""H"", ""H"", ""H"", ""H"", ""O"", ""C"", ""O"", ""C"", ""C"", ""C"", ""C"", ""C"", ""C"", ""N"", ""C"", ""C"", ""C"", ""C"", ""C"", ""C"", ""C"", ""C"", ""C"", ""C"", ""Cl"", ""C"", ""Cl"", ""C"", ""C"", ""C"", ""H"", ""H"", ""H"", ""H"", ""H"", ""H"", ""H"", ""H"", ""H"", ""H"", ""H"", ""H"", ""H"", ""H"", ""H"", ""H"", ""H""]",C84H68Cl8N4O8,"[true, true, true]","[11.875132631378378, 0.0, 0.0, 0.0, 18.855699739178206, 0.0, -2.134252824575777, 0.0, 20.664087055423234]",4626.977051138924,[],"{""cutoff=6.000_skin=0.000"": 5984, ""cutoff=6.000_skin=0.500"": 7432}",0.0,,
OPT-RFT-XAFPAY172-R512-v1,16360d404e1cc8ec5ea026f69f45c1e0d210a4962a9adca338d6dcf7b609da30,OPT-RFT-XAFPAY172-R512-v1:0306,XAFPAY_C4_2_12617_z2_86,ff932ed0dfa4e8276cc2f7d72a0ad1eed9c59ab0bfce19da5acc4fc151df5d4f,306,cross_family_test_set,XAFPAY/structures/XAFPAY_C4_2_12617_z2_86.cif,103833dfb154dd5ae976022379e1b99694467e2595626df9cb82d3bb27b03728,ff932ed0dfa4e8276cc2f7d72a0ad1eed9c59ab0bfce19da5acc4fc151df5d4f,0,172,"[""O"", ""C"", ""O"", ""C"", ""C"", ""C"", ""C"", ""C"", ""C"", ""N"", ""C"", ""C"", ""C"", ""C"", ""C"", ""C"", ""C"", ""C"", ""C"", ""C"", ""Cl"", ""C"", ""Cl"", ""C"", ""C"", ""C"", ""H"", ""H"", ""H"", ""H"", ""H"", ""H"", ""H"", ""H"", ""H"", ""H"", ""H"", ""H"", ""H"", ""H"", ""H"", ""H"", ""H"", ""O"", ""C"", ""O"", ""C"", ""C"", ""C"", ""C"", ""C"", ""C"", ""N"", ""C"", ""C"", ""C"", ""C"", ""C"", ""C"", ""C"", ""C"", ""C"", ""C"", ""Cl"", ""C"", ""Cl"", ""C"", ""C"", ""C"", ""H"", ""H"", ""H"", ""H"", ""H"", ""H"", ""H"", ""H"", ""H"", ""H"", ""H"", ""H"", ""H"", ""H"", ""H"", ""H"", ""H"", ""O"", ""C"", ""O"", ""C"", ""C"", ""C"", ""C"", ""C"", ""C"", ""N"", ""C"", ""C"", ""C"", ""C"", ""C"", ""C"", ""C"", ""C"", ""C"", ""C"", ""Cl"", ""C"", ""Cl"", ""C"", ""C"", ""C"", ""H"", ""H"", ""H"", ""H"", ""H"", ""H"", ""H"", ""H"", ""H"", ""H"", ""H"", ""H"", ""H"", ""H"", ""H"", ""H"", ""H"", ""O"", ""C"", ""O"", ""C"", ""C"", ""C"", ""C"", ""C"", ""C"", ""N"", ""C"", ""C"", ""C"", ""C"", ""C"", ""C"", ""C"", ""C"", ""C"", ""C"", ""Cl"", ""C"", ""Cl"", ""C"", ""C"", ""C"", ""H"", ""H"", ""H"", ""H"", ""H"", ""H"", ""H"", ""H"", ""H"", ""H"", ""H"", ""H"", ""H"", ""H"", ""H"", ""H"", ""H""]",C84H68Cl8N4O8,"[true, true, true]","[21.955885558453176, 0.0, 0.0, -7.250860426668768, 17.119266716355718, 0.0, 10.015006802075058, 6.477103767620152, 15.448361772558366]",5806.55505207048,[],"{""cutoff=6.000_skin=0.000"": 5984, ""cutoff=6.000_skin=0.500"": 7316}",0.0,,
OPT-RFT-XAFPAY172-R512-v1,16360d404e1cc8ec5ea026f69f45c1e0d210a4962a9adca338d6dcf7b609da30,OPT-RFT-XAFPAY172-R512-v1:0307,XAFPAY_C3_2_17073_z2_86,4c0986821bceba8842c1d1bb36f3e5a8cab7fccac1aec6ad55ec6a185b073009,307,cross_family_test_set,XAFPAY/structures/XAFPAY_C3_2_17073_z2_86.cif,09a244e752d86b33f87f9876ed26cb2ad9974395d89d045e674ae135d628dfe5,4c0986821bceba8842c1d1bb36f3e5a8cab7fccac1aec6ad55ec6a185b073009,0,172,"[""O"", ""C"", ""O"", ""C"", ""C"", ""C"", ""C"", ""C"", ""C"", ""N"", ""C"", ""C"", ""C"", ""C"", ""C"", ""C"", ""C"", ""C"", ""C"", ""C"", ""Cl"", ""C"", ""Cl"", ""C"", ""C"", ""C"", ""H"", ""H"", ""H"", ""H"", ""H"", ""H"", ""H"", ""H"", ""H"", ""H"", ""H"", ""H"", ""H"", ""H"", ""H"", ""H"", ""H"", ""O"", ""C"", ""O"", ""C"", ""C"", ""C"", ""C"", ""C"", ""C"", ""N"", ""C"", ""C"", ""C"", ""C"", ""C"", ""C"", ""C"", ""C"", ""C"", ""C"", ""Cl"", ""C"", ""Cl"", ""C"", ""C"", ""C"", ""H"", ""H"", ""H"", ""H"", ""H"", ""H"", ""H"", ""H"", ""H"", ""H"", ""H"", ""H"", ""H"", ""H"", ""H"", ""H"", ""H"", ""O"", ""C"", ""O"", ""C"", ""C"", ""C"", ""C"", ""C"", ""C"", ""N"", ""C"", ""C"", ""C"", ""C"", ""C"", ""C"", ""C"", ""C"", ""C"", ""C"", ""Cl"", ""C"", ""Cl"", ""C"", ""C"", ""C"", ""H"", ""H"", ""H"", ""H"", ""H"", ""H"", ""H"", ""H"", ""H"", ""H"", ""H"", ""H"", ""H"", ""H"", ""H"", ""H"", ""H"", ""O"", ""C"", ""O"", ""C"", ""C"", ""C"", ""C"", ""C"", ""C"", ""N"", ""C"", ""C"", ""C"", ""C"", ""C"", ""C"", ""C"", ""C"", ""C"", ""C"", ""Cl"", ""C"", ""Cl"", ""C"", ""C"", ""C"", ""H"", ""H"", ""H"", ""H"", ""H"", ""H"", ""H"", ""H"", ""H"", ""H"", ""H"", ""H"", ""H"", ""H"", ""H"", ""H"", ""H""]",C84H68Cl8N4O8,"[true, true, true]","[10.964029892327027, 0.0, 0.0, -4.437740136162269, 16.027071012659768, 0.0, -7.475785625039468, 15.232945654976374, 28.982804812066924]",5092.895723877323,[],"{""cutoff=6.000_skin=0.000"": 5994, ""cutoff=6.000_skin=0.500"": 7498}",0.0,,
OPT-RFT-XAFPAY172-R512-v1,16360d404e1cc8ec5ea026f69f45c1e0d210a4962a9adca338d6dcf7b609da30,OPT-RFT-XAFPAY172-R512-v1:0308,XAFPAY_C3_14_2366_z1_43,f9d1fcfaa908c36c41e1087aee958ec082e34df8406da4ca67cd47c8896c3f74,308,cross_family_test_set,XAFPAY/structures/XAFPAY_C3_14_2366_z1_43.cif,9bd9bdeee30602d9005661fec0bd9a0f86a2539ade342782d5e336eb6aa5b73a,f9d1fcfaa908c36c41e1087aee958ec082e34df8406da4ca67cd47c8896c3f74,0,172,"[""O"", ""C"", ""O"", ""C"", ""C"", ""C"", ""C"", ""C"", ""C"", ""N"", ""C"", ""C"", ""C"", ""C"", ""C"", ""C"", ""C"", ""C"", ""C"", ""C"", ""Cl"", ""C"", ""Cl"", ""C"", ""C"", ""C"", ""H"", ""H"", ""H"", ""H"", ""H"", ""H"", ""H"", ""H"", ""H"", ""H"", ""H"", ""H"", ""H"", ""H"", ""H"", ""H"", ""H"", ""O"", ""C"", ""O"", ""C"", ""C"", ""C"", ""C"", ""C"", ""C"", ""N"", ""C"", ""C"", ""C"", ""C"", ""C"", ""C"", ""C"", ""C"", ""C"", ""C"", ""Cl"", ""C"", ""Cl"", ""C"", ""C"", ""C"", ""H"", ""H"", ""H"", ""H"", ""H"", ""H"", ""H"", ""H"", ""H"", ""H"", ""H"", ""H"", ""H"", ""H"", ""H"", ""H"", ""H"", ""O"", ""C"", ""O"", ""C"", ""C"", ""C"", ""C"", ""C"", ""C"", ""N"", ""C"", ""C"", ""C"", ""C"", ""C"", ""C"", ""C"", ""C"", ""C"", ""C"", ""Cl"", ""C"", ""Cl"", ""C"", ""C"", ""C"", ""H"", ""H"", ""H"", ""H"", ""H"", ""H"", ""H"", ""H"", ""H"", ""H"", ""H"", ""H"", ""H"", ""H"", ""H"", ""H"", ""H"", ""O"", ""C"", ""O"", ""C"", ""C"", ""C"", ""C"", ""C"", ""C"", ""N"", ""C"", ""C"", ""C"", ""C"", ""C"", ""C"", ""C"", ""C"", ""C"", ""C"", ""Cl"", ""C"", ""Cl"", ""C"", ""C"", ""C"", ""H"", ""H"", ""H"", ""H"", ""H"", ""H"", ""H"", ""H"", ""H"", ""H"", ""H"", ""H"", ""H"", ""H"", ""H"", ""H"", ""H""]",C84H68Cl8N4O8,"[true, true, true]","[18.65044023913036, 0.0, 0.0, 0.0, 23.907761246311203, 0.0, -4.499197886552489, 0.0, 11.705832360360636]",5219.516779545771,[],"{""cutoff=6.000_skin=0.000"": 6000, ""cutoff=6.000_skin=0.500"": 7324}",0.0,,
OPT-RFT-XAFPAY172-R512-v1,16360d404e1cc8ec5ea026f69f45c1e0d210a4962a9adca338d6dcf7b609da30,OPT-RFT-XAFPAY172-R512-v1:0309,XAFPAY_C2_14_4531_z1_43,4e2347b8e71c6f9429c46c2d7df60fe47686186fc514acb3560fb6a94f5205cd,309,cross_family_test_set,XAFPAY/structures/XAFPAY_C2_14_4531_z1_43.cif,8e79471ddb7458213dfbcc172900d4abeb710e67852f2e57cb49e7e6ac943b9b,4e2347b8e71c6f9429c46c2d7df60fe47686186fc514acb3560fb6a94f5205cd,0,172,"[""O"", ""C"", ""O"", ""C"", ""C"", ""C"", ""C"", ""C"", ""C"", ""N"", ""C"", ""C"", ""C"", ""C"", ""C"", ""C"", ""C"", ""C"", ""C"", ""C"", ""Cl"", ""C"", ""Cl"", ""C"", ""C"", ""C"", ""H"", ""H"", ""H"", ""H"", ""H"", ""H"", ""H"", ""H"", ""H"", ""H"", ""H"", ""H"", ""H"", ""H"", ""H"", ""H"", ""H"", ""O"", ""C"", ""O"", ""C"", ""C"", ""C"", ""C"", ""C"", ""C"", ""N"", ""C"", ""C"", ""C"", ""C"", ""C"", ""C"", ""C"", ""C"", ""C"", ""C"", ""Cl"", ""C"", ""Cl"", ""C"", ""C"", ""C"", ""H"", ""H"", ""H"", ""H"", ""H"", ""H"", ""H"", ""H"", ""H"", ""H"", ""H"", ""H"", ""H"", ""H"", ""H"", ""H"", ""H"", ""O"", ""C"", ""O"", ""C"", ""C"", ""C"", ""C"", ""C"", ""C"", ""N"", ""C"", ""C"", ""C"", ""C"", ""C"", ""C"", ""C"", ""C"", ""C"", ""C"", ""Cl"", ""C"", ""Cl"", ""C"", ""C"", ""C"", ""H"", ""H"", ""H"", ""H"", ""H"", ""H"", ""H"", ""H"", ""H"", ""H"", ""H"", ""H"", ""H"", ""H"", ""H"", ""H"", ""H"", ""O"", ""C"", ""O"", ""C"", ""C"", ""C"", ""C"", ""C"", ""C"", ""N"", ""C"", ""C"", ""C"", ""C"", ""C"", ""C"", ""C"", ""C"", ""C"", ""C"", ""Cl"", ""C"", ""Cl"", ""C"", ""C"", ""C"", ""H"", ""H"", ""H"", ""H"", ""H"", ""H"", ""H"", ""H"", ""H"", ""H"", ""H"", ""H"", ""H"", ""H"", ""H"", ""H"", ""H""]",C84H68Cl8N4O8,"[true, true, true]","[9.700843888724314, 0.0, 0.0, 0.0, 24.713597855912113, 0.0, -4.104669956169764, 0.0, 20.689737459458936]",4960.21465314872,[],"{""cutoff=6.000_skin=0.000"": 6008, ""cutoff=6.000_skin=0.500"": 7316}",0.0,,
OPT-RFT-XAFPAY172-R512-v1,16360d404e1cc8ec5ea026f69f45c1e0d210a4962a9adca338d6dcf7b609da30,OPT-RFT-XAFPAY172-R512-v1:0310,XAFPAY_C4_14_3196_z1_43,a38dfaf12396f9b489970ec7ae5ec0054712ad783e53cdfa13f32dc06169cbaf,310,cross_family_test_set,XAFPAY/structures/XAFPAY_C4_14_3196_z1_43.cif,f2e08009f4e31d3c1f7273176ca5f24afbc0b7cded155c91d07323884d02046d,a38dfaf12396f9b489970ec7ae5ec0054712ad783e53cdfa13f32dc06169cbaf,0,172,"[""O"", ""C"", ""O"", ""C"", ""C"", ""C"", ""C"", ""C"", ""C"", ""N"", ""C"", ""C"", ""C"", ""C"", ""C"", ""C"", ""C"", ""C"", ""C"", ""C"", ""Cl"", ""C"", ""Cl"", ""C"", ""C"", ""C"", ""H"", ""H"", ""H"", ""H"", ""H"", ""H"", ""H"", ""H"", ""H"", ""H"", ""H"", ""H"", ""H"", ""H"", ""H"", ""H"", ""H"", ""O"", ""C"", ""O"", ""C"", ""C"", ""C"", ""C"", ""C"", ""C"", ""N"", ""C"", ""C"", ""C"", ""C"", ""C"", ""C"", ""C"", ""C"", ""C"", ""C"", ""Cl"", ""C"", ""Cl"", ""C"", ""C"", ""C"", ""H"", ""H"", ""H"", ""H"", ""H"", ""H"", ""H"", ""H"", ""H"", ""H"", ""H"", ""H"", ""H"", ""H"", ""H"", ""H"", ""H"", ""O"", ""C"", ""O"", ""C"", ""C"", ""C"", ""C"", ""C"", ""C"", ""N"", ""C"", ""C"", ""C"", ""C"", ""C"", ""C"", ""C"", ""C"", ""C"", ""C"", ""Cl"", ""C"", ""Cl"", ""C"", ""C"", ""C"", ""H"", ""H"", ""H"", ""H"", ""H"", ""H"", ""H"", ""H"", ""H"", ""H"", ""H"", ""H"", ""H"", ""H"", ""H"", ""H"", ""H"", ""O"", ""C"", ""O"", ""C"", ""C"", ""C"", ""C"", ""C"", ""C"", ""N"", ""C"", ""C"", ""C"", ""C"", ""C"", ""C"", ""C"", ""C"", ""C"", ""C"", ""Cl"", ""C"", ""Cl"", ""C"", ""C"", ""C"", ""H"", ""H"", ""H"", ""H"", ""H"", ""H"", ""H"", ""H"", ""H"", ""H"", ""H"", ""H"", ""H"", ""H"", ""H"", ""H"", ""H""]",C84H68Cl8N4O8,"[true, true, true]","[8.266900526758377, 0.0, 0.0, 0.0, 38.455835794162965, 0.0, 5.9325786571988335, 0.0, 12.642181244703748]",4019.083035227255,[],"{""cutoff=6.000_skin=0.000"": 6008, ""cutoff=6.000_skin=0.500"": 7808}",0.0,,
OPT-RFT-XAFPAY172-R512-v1,16360d404e1cc8ec5ea026f69f45c1e0d210a4962a9adca338d6dcf7b609da30,OPT-RFT-XAFPAY172-R512-v1:0311,XAFPAY_C2_2_19576_z2_86,a988ff6f0b30a583b31d34c84d76db122f31f6916d40f8a6f617c6f2633d7a74,311,cross_family_test_set,XAFPAY/structures/XAFPAY_C2_2_19576_z2_86.cif,c77f65792e66bfcdc9060d4e5166a0216ff6b1ea751b995fc8db187acc8ebcfc,a988ff6f0b30a583b31d34c84d76db122f31f6916d40f8a6f617c6f2633d7a74,0,172,"[""O"", ""C"", ""O"", ""C"", ""C"", ""C"", ""C"", ""C"", ""C"", ""N"", ""C"", ""C"", ""C"", ""C"", ""C"", ""C"", ""C"", ""C"", ""C"", ""C"", ""Cl"", ""C"", ""Cl"", ""C"", ""C"", ""C"", ""H"", ""H"", ""H"", ""H"", ""H"", ""H"", ""H"", ""H"", ""H"", ""H"", ""H"", ""H"", ""H"", ""H"", ""H"", ""H"", ""H"", ""O"", ""C"", ""O"", ""C"", ""C"", ""C"", ""C"", ""C"", ""C"", ""N"", ""C"", ""C"", ""C"", ""C"", ""C"", ""C"", ""C"", ""C"", ""C"", ""C"", ""Cl"", ""C"", ""Cl"", ""C"", ""C"", ""C"", ""H"", ""H"", ""H"", ""H"", ""H"", ""H"", ""H"", ""H"", ""H"", ""H"", ""H"", ""H"", ""H"", ""H"", ""H"", ""H"", ""H"", ""O"", ""C"", ""O"", ""C"", ""C"", ""C"", ""C"", ""C"", ""C"", ""N"", ""C"", ""C"", ""C"", ""C"", ""C"", ""C"", ""C"", ""C"", ""C"", ""C"", ""Cl"", ""C"", ""Cl"", ""C"", ""C"", ""C"", ""H"", ""H"", ""H"", ""H"", ""H"", ""H"", ""H"", ""H"", ""H"", ""H"", ""H"", ""H"", ""H"", ""H"", ""H"", ""H"", ""H"", ""O"", ""C"", ""O"", ""C"", ""C"", ""C"", ""C"", ""C"", ""C"", ""N"", ""C"", ""C"", ""C"", ""C"", ""C"", ""C"", ""C"", ""C"", ""C"", ""C"", ""Cl"", ""C"", ""Cl"", ""C"", ""C"", ""C"", ""H"", ""H"", ""H"", ""H"", ""H"", ""H"", ""H"", ""H"", ""H"", ""H"", ""H"", ""H"", ""H"", ""H"", ""H"", ""H"", ""H""]",C84H68Cl8N4O8,"[true, true, true]","[21.55736259618932, 0.0, 0.0, 6.1876339465006005, 13.92776054999369, 0.0, 4.644410435430825, 2.737666061857248, 18.674895680867245]",5607.058700966388,[],"{""cutoff=6.000_skin=0.000"": 6016, ""cutoff=6.000_skin=0.500"": 7290}",0.0,,
OPT-RFT-XAFPAY172-R512-v1,16360d404e1cc8ec5ea026f69f45c1e0d210a4962a9adca338d6dcf7b609da30,OPT-RFT-XAFPAY172-R512-v1:0312,XAFPAY_C2_2_5243_z2_86,5e85cee4e1833fe5d437032f9e8778852b9767e9de369107cd2b5066247e2036,312,cross_family_test_set,XAFPAY/structures/XAFPAY_C2_2_5243_z2_86.cif,fbbe72777ec9faa1c5929d4732bd19929a7ab1f2846cd6f875df3d81a4f106a5,5e85cee4e1833fe5d437032f9e8778852b9767e9de369107cd2b5066247e2036,0,172,"[""O"", ""C"", ""O"", ""C"", ""C"", ""C"", ""C"", ""C"", ""C"", ""N"", ""C"", ""C"", ""C"", ""C"", ""C"", ""C"", ""C"", ""C"", ""C"", ""C"", ""Cl"", ""C"", ""Cl"", ""C"", ""C"", ""C"", ""H"", ""H"", ""H"", ""H"", ""H"", ""H"", ""H"", ""H"", ""H"", ""H"", ""H"", ""H"", ""H"", ""H"", ""H"", ""H"", ""H"", ""O"", ""C"", ""O"", ""C"", ""C"", ""C"", ""C"", ""C"", ""C"", ""N"", ""C"", ""C"", ""C"", ""C"", ""C"", ""C"", ""C"", ""C"", ""C"", ""C"", ""Cl"", ""C"", ""Cl"", ""C"", ""C"", ""C"", ""H"", ""H"", ""H"", ""H"", ""H"", ""H"", ""H"", ""H"", ""H"", ""H"", ""H"", ""H"", ""H"", ""H"", ""H"", ""H"", ""H"", ""O"", ""C"", ""O"", ""C"", ""C"", ""C"", ""C"", ""C"", ""C"", ""N"", ""C"", ""C"", ""C"", ""C"", ""C"", ""C"", ""C"", ""C"", ""C"", ""C"", ""Cl"", ""C"", ""Cl"", ""C"", ""C"", ""C"", ""H"", ""H"", ""H"", ""H"", ""H"", ""H"", ""H"", ""H"", ""H"", ""H"", ""H"", ""H"", ""H"", ""H"", ""H"", ""H"", ""H"", ""O"", ""C"", ""O"", ""C"", ""C"", ""C"", ""C"", ""C"", ""C"", ""N"", ""C"", ""C"", ""C"", ""C"", ""C"", ""C"", ""C"", ""C"", ""C"", ""C"", ""Cl"", ""C"", ""Cl"", ""C"", ""C"", ""C"", ""H"", ""H"", ""H"", ""H"", ""H"", ""H"", ""H"", ""H"", ""H"", ""H"", ""H"", ""H"", ""H"", ""H"", ""H"", ""H"", ""H""]",C84H68Cl8N4O8,"[true, true, true]","[17.14343413224802, 0.0, 0.0, 6.260891689783637, 18.930442841976966, 0.0, -3.327053614287338, -2.3287511152081874, 14.822218499419954]",4810.296071172199,[],"{""cutoff=6.000_skin=0.000"": 6026, ""cutoff=6.000_skin=0.500"": 7338}",0.0,,
OPT-RFT-XAFPAY172-R512-v1,16360d404e1cc8ec5ea026f69f45c1e0d210a4962a9adca338d6dcf7b609da30,OPT-RFT-XAFPAY172-R512-v1:0313,XAFPAY_C2_2_17226_z2_86,1159302dbea9e50b3a3ae1db8f3e7915b2e2297cfd5b4df0f6ee769b69a137e1,313,cross_family_test_set,XAFPAY/structures/XAFPAY_C2_2_17226_z2_86.cif,2a462da45709b1a6b77b3ad4a044dc297d53b5dec5eb1848c098de9ee9679164,1159302dbea9e50b3a3ae1db8f3e7915b2e2297cfd5b4df0f6ee769b69a137e1,0,172,"[""O"", ""C"", ""O"", ""C"", ""C"", ""C"", ""C"", ""C"", ""C"", ""N"", ""C"", ""C"", ""C"", ""C"", ""C"", ""C"", ""C"", ""C"", ""C"", ""C"", ""Cl"", ""C"", ""Cl"", ""C"", ""C"", ""C"", ""H"", ""H"", ""H"", ""H"", ""H"", ""H"", ""H"", ""H"", ""H"", ""H"", ""H"", ""H"", ""H"", ""H"", ""H"", ""H"", ""H"", ""O"", ""C"", ""O"", ""C"", ""C"", ""C"", ""C"", ""C"", ""C"", ""N"", ""C"", ""C"", ""C"", ""C"", ""C"", ""C"", ""C"", ""C"", ""C"", ""C"", ""Cl"", ""C"", ""Cl"", ""C"", ""C"", ""C"", ""H"", ""H"", ""H"", ""H"", ""H"", ""H"", ""H"", ""H"", ""H"", ""H"", ""H"", ""H"", ""H"", ""H"", ""H"", ""H"", ""H"", ""O"", ""C"", ""O"", ""C"", ""C"", ""C"", ""C"", ""C"", ""C"", ""N"", ""C"", ""C"", ""C"", ""C"", ""C"", ""C"", ""C"", ""C"", ""C"", ""C"", ""Cl"", ""C"", ""Cl"", ""C"", ""C"", ""C"", ""H"", ""H"", ""H"", ""H"", ""H"", ""H"", ""H"", ""H"", ""H"", ""H"", ""H"", ""H"", ""H"", ""H"", ""H"", ""H"", ""H"", ""O"", ""C"", ""O"", ""C"", ""C"", ""C"", ""C"", ""C"", ""C"", ""N"", ""C"", ""C"", ""C"", ""C"", ""C"", ""C"", ""C"", ""C"", ""C"", ""C"", ""Cl"", ""C"", ""Cl"", ""C"", ""C"", ""C"", ""H"", ""H"", ""H"", ""H"", ""H"", ""H"", ""H"", ""H"", ""H"", ""H"", ""H"", ""H"", ""H"", ""H"", ""H"", ""H"", ""H""]",C84H68Cl8N4O8,"[true, true, true]","[22.91672386440751, 0.0, 0.0, 6.6242197550164645, 10.953808754841592, 0.0, 7.869096520446156, -14.822553981486474, 18.36667759724145]",4610.502783336258,[],"{""cutoff=6.000_skin=0.000"": 6030, ""cutoff=6.000_skin=0.500"": 7358}",0.0,,
OPT-RFT-XAFPAY172-R512-v1,16360d404e1cc8ec5ea026f69f45c1e0d210a4962a9adca338d6dcf7b609da30,OPT-RFT-XAFPAY172-R512-v1:0314,XAFPAY_C2_2_10791_z2_86,32e7f0ed9011f50a1a0f9abcd992d2491455874bc4d5591056c117e1ba37a84d,314,cross_family_test_set,XAFPAY/structures/XAFPAY_C2_2_10791_z2_86.cif,72868a8c233509a9a335073ea2dc96ea8a34447e78624f21a4a182e7086aaa27,32e7f0ed9011f50a1a0f9abcd992d2491455874bc4d5591056c117e1ba37a84d,0,172,"[""O"", ""C"", ""O"", ""C"", ""C"", ""C"", ""C"", ""C"", ""C"", ""N"", ""C"", ""C"", ""C"", ""C"", ""C"", ""C"", ""C"", ""C"", ""C"", ""C"", ""Cl"", ""C"", ""Cl"", ""C"", ""C"", ""C"", ""H"", ""H"", ""H"", ""H"", ""H"", ""H"", ""H"", ""H"", ""H"", ""H"", ""H"", ""H"", ""H"", ""H"", ""H"", ""H"", ""H"", ""O"", ""C"", ""O"", ""C"", ""C"", ""C"", ""C"", ""C"", ""C"", ""N"", ""C"", ""C"", ""C"", ""C"", ""C"", ""C"", ""C"", ""C"", ""C"", ""C"", ""Cl"", ""C"", ""Cl"", ""C"", ""C"", ""C"", ""H"", ""H"", ""H"", ""H"", ""H"", ""H"", ""H"", ""H"", ""H"", ""H"", ""H"", ""H"", ""H"", ""H"", ""H"", ""H"", ""H"", ""O"", ""C"", ""O"", ""C"", ""C"", ""C"", ""C"", ""C"", ""C"", ""N"", ""C"", ""C"", ""C"", ""C"", ""C"", ""C"", ""C"", ""C"", ""C"", ""C"", ""Cl"", ""C"", ""Cl"", ""C"", ""C"", ""C"", ""H"", ""H"", ""H"", ""H"", ""H"", ""H"", ""H"", ""H"", ""H"", ""H"", ""H"", ""H"", ""H"", ""H"", ""H"", ""H"", ""H"", ""O"", ""C"", ""O"", ""C"", ""C"", ""C"", ""C"", ""C"", ""C"", ""N"", ""C"", ""C"", ""C"", ""C"", ""C"", ""C"", ""C"", ""C"", ""C"", ""C"", ""Cl"", ""C"", ""Cl"", ""C"", ""C"", ""C"", ""H"", ""H"", ""H"", ""H"", ""H"", ""H"", ""H"", ""H"", ""H"", ""H"", ""H"", ""H"", ""H"", ""H"", ""H"", ""H"", ""H""]",C84H68Cl8N4O8,"[true, true, true]","[19.053029468486535, 0.0, 0.0, -2.422408729839902, 16.013424361375765, 0.0, 7.416109938215195, -7.151842093754661, 15.248885471611336]",4652.499707948313,[],"{""cutoff=6.000_skin=0.000"": 6038, ""cutoff=6.000_skin=0.500"": 7494}",0.0,,
OPT-RFT-XAFPAY172-R512-v1,16360d404e1cc8ec5ea026f69f45c1e0d210a4962a9adca338d6dcf7b609da30,OPT-RFT-XAFPAY172-R512-v1:0315,XAFPAY_C2_14_4543_z1_43,847adfb9f6131f4619860de427f25781c13c0497d73405873b28b79efb4d38e2,315,cross_family_test_set,XAFPAY/structures/XAFPAY_C2_14_4543_z1_43.cif,38f78da18b61caed84753f3c1235eb00fbfe6607fddef262b9d64069f20678f8,847adfb9f6131f4619860de427f25781c13c0497d73405873b28b79efb4d38e2,0,172,"[""O"", ""C"", ""O"", ""C"", ""C"", ""C"", ""C"", ""C"", ""C"", ""N"", ""C"", ""C"", ""C"", ""C"", ""C"", ""C"", ""C"", ""C"", ""C"", ""C"", ""Cl"", ""C"", ""Cl"", ""C"", ""C"", ""C"", ""H"", ""H"", ""H"", ""H"", ""H"", ""H"", ""H"", ""H"", ""H"", ""H"", ""H"", ""H"", ""H"", ""H"", ""H"", ""H"", ""H"", ""O"", ""C"", ""O"", ""C"", ""C"", ""C"", ""C"", ""C"", ""C"", ""N"", ""C"", ""C"", ""C"", ""C"", ""C"", ""C"", ""C"", ""C"", ""C"", ""C"", ""Cl"", ""C"", ""Cl"", ""C"", ""C"", ""C"", ""H"", ""H"", ""H"", ""H"", ""H"", ""H"", ""H"", ""H"", ""H"", ""H"", ""H"", ""H"", ""H"", ""H"", ""H"", ""H"", ""H"", ""O"", ""C"", ""O"", ""C"", ""C"", ""C"", ""C"", ""C"", ""C"", ""N"", ""C"", ""C"", ""C"", ""C"", ""C"", ""C"", ""C"", ""C"", ""C"", ""C"", ""Cl"", ""C"", ""Cl"", ""C"", ""C"", ""C"", ""H"", ""H"", ""H"", ""H"", ""H"", ""H"", ""H"", ""H"", ""H"", ""H"", ""H"", ""H"", ""H"", ""H"", ""H"", ""H"", ""H"", ""O"", ""C"", ""O"", ""C"", ""C"", ""C"", ""C"", ""C"", ""C"", ""N"", ""C"", ""C"", ""C"", ""C"", ""C"", ""C"", ""C"", ""C"", ""C"", ""C"", ""Cl"", ""C"", ""Cl"", ""C"", ""C"", ""C"", ""H"", ""H"", ""H"", ""H"", ""H"", ""H"", ""H"", ""H"", ""H"", ""H"", ""H"", ""H"", ""H"", ""H"", ""H"", ""H"", ""H""]",C84H68Cl8N4O8,"[true, true, true]","[16.487501977217327, 0.0, 0.0, 0.0, 18.597878600178376, 0.0, 6.34331475603989, 0.0, 14.67283560359]",4499.169146412306,[],"{""cutoff=6.000_skin=0.000"": 6048, ""cutoff=6.000_skin=0.500"": 7296}",0.0,,
OPT-RFT-XAFPAY172-R512-v1,16360d404e1cc8ec5ea026f69f45c1e0d210a4962a9adca338d6dcf7b609da30,OPT-RFT-XAFPAY172-R512-v1:0316,XAFPAY_C3_14_2813_z1_43,dd5201444b07e528b80979530f6b5eee53966232511eccb39e9ce20a7f970e98,316,cross_family_test_set,XAFPAY/structures/XAFPAY_C3_14_2813_z1_43.cif,84ddcac1942a6b382665384534442506bcd36003328836a77b12768240dea860,dd5201444b07e528b80979530f6b5eee53966232511eccb39e9ce20a7f970e98,0,172,"[""O"", ""C"", ""O"", ""C"", ""C"", ""C"", ""C"", ""C"", ""C"", ""N"", ""C"", ""C"", ""C"", ""C"", ""C"", ""C"", ""C"", ""C"", ""C"", ""C"", ""Cl"", ""C"", ""Cl"", ""C"", ""C"", ""C"", ""H"", ""H"", ""H"", ""H"", ""H"", ""H"", ""H"", ""H"", ""H"", ""H"", ""H"", ""H"", ""H"", ""H"", ""H"", ""H"", ""H"", ""O"", ""C"", ""O"", ""C"", ""C"", ""C"", ""C"", ""C"", ""C"", ""N"", ""C"", ""C"", ""C"", ""C"", ""C"", ""C"", ""C"", ""C"", ""C"", ""C"", ""Cl"", ""C"", ""Cl"", ""C"", ""C"", ""C"", ""H"", ""H"", ""H"", ""H"", ""H"", ""H"", ""H"", ""H"", ""H"", ""H"", ""H"", ""H"", ""H"", ""H"", ""H"", ""H"", ""H"", ""O"", ""C"", ""O"", ""C"", ""C"", ""C"", ""C"", ""C"", ""C"", ""N"", ""C"", ""C"", ""C"", ""C"", ""C"", ""C"", ""C"", ""C"", ""C"", ""C"", ""Cl"", ""C"", ""Cl"", ""C"", ""C"", ""C"", ""H"", ""H"", ""H"", ""H"", ""H"", ""H"", ""H"", ""H"", ""H"", ""H"", ""H"", ""H"", ""H"", ""H"", ""H"", ""H"", ""H"", ""O"", ""C"", ""O"", ""C"", ""C"", ""C"", ""C"", ""C"", ""C"", ""N"", ""C"", ""C"", ""C"", ""C"", ""C"", ""C"", ""C"", ""C"", ""C"", ""C"", ""Cl"", ""C"", ""Cl"", ""C"", ""C"", ""C"", ""H"", ""H"", ""H"", ""H"", ""H"", ""H"", ""H"", ""H"", ""H"", ""H"", ""H"", ""H"", ""H"", ""H"", ""H"", ""H"", ""H""]",C84H68Cl8N4O8,"[true, true, true]","[16.60325324413413, 0.0, 0.0, 0.0, 19.22362835511379, 0.0, -6.196660703719127, 0.0, 13.362893075789037]",4265.098322009444,[],"{""cutoff=6.000_skin=0.000"": 6056, ""cutoff=6.000_skin=0.500"": 7560}",0.0,,
OPT-RFT-XAFPAY172-R512-v1,16360d404e1cc8ec5ea026f69f45c1e0d210a4962a9adca338d6dcf7b609da30,OPT-RFT-XAFPAY172-R512-v1:0317,XAFPAY_C1_14_1765_z1_43,e8552357a5f4a53ff7f69dd9b619f3f8fe8f8de6f89bf3d965aa479c256b4628,317,cross_family_test_set,XAFPAY/structures/XAFPAY_C1_14_1765_z1_43.cif,f2e87fadfcc03f3428a10169b401f62551ad9959fdaf233ddf0862e9717aac86,e8552357a5f4a53ff7f69dd9b619f3f8fe8f8de6f89bf3d965aa479c256b4628,0,172,"[""O"", ""C"", ""O"", ""C"", ""C"", ""C"", ""C"", ""C"", ""C"", ""N"", ""C"", ""C"", ""C"", ""C"", ""C"", ""C"", ""C"", ""C"", ""C"", ""C"", ""Cl"", ""C"", ""Cl"", ""C"", ""C"", ""C"", ""H"", ""H"", ""H"", ""H"", ""H"", ""H"", ""H"", ""H"", ""H"", ""H"", ""H"", ""H"", ""H"", ""H"", ""H"", ""H"", ""H"", ""O"", ""C"", ""O"", ""C"", ""C"", ""C"", ""C"", ""C"", ""C"", ""N"", ""C"", ""C"", ""C"", ""C"", ""C"", ""C"", ""C"", ""C"", ""C"", ""C"", ""Cl"", ""C"", ""Cl"", ""C"", ""C"", ""C"", ""H"", ""H"", ""H"", ""H"", ""H"", ""H"", ""H"", ""H"", ""H"", ""H"", ""H"", ""H"", ""H"", ""H"", ""H"", ""H"", ""H"", ""O"", ""C"", ""O"", ""C"", ""C"", ""C"", ""C"", ""C"", ""C"", ""N"", ""C"", ""C"", ""C"", ""C"", ""C"", ""C"", ""C"", ""C"", ""C"", ""C"", ""Cl"", ""C"", ""Cl"", ""C"", ""C"", ""C"", ""H"", ""H"", ""H"", ""H"", ""H"", ""H"", ""H"", ""H"", ""H"", ""H"", ""H"", ""H"", ""H"", ""H"", ""H"", ""H"", ""H"", ""O"", ""C"", ""O"", ""C"", ""C"", ""C"", ""C"", ""C"", ""C"", ""N"", ""C"", ""C"", ""C"", ""C"", ""C"", ""C"", ""C"", ""C"", ""C"", ""C"", ""Cl"", ""C"", ""Cl"", ""C"", ""C"", ""C"", ""H"", ""H"", ""H"", ""H"", ""H"", ""H"", ""H"", ""H"", ""H"", ""H"", ""H"", ""H"", ""H"", ""H"", ""H"", ""H"", ""H""]",C84H68Cl8N4O8,"[true, true, true]","[12.15149166958085, 0.0, 0.0, 0.0, 20.043468129021903, 0.0, -3.9347460812900437, 0.0, 21.545375890512847]",5247.549436760389,[],"{""cutoff=6.000_skin=0.000"": 6060, ""cutoff=6.000_skin=0.500"": 7412}",0.0,,
OPT-RFT-XAFPAY172-R512-v1,16360d404e1cc8ec5ea026f69f45c1e0d210a4962a9adca338d6dcf7b609da30,OPT-RFT-XAFPAY172-R512-v1:0318,XAFPAY_C1_14_2678_z1_43,a0b799c565ac63d65945a5c919b413ed3d1bf65fb0240a320d55a106d4ffd419,318,cross_family_test_set,XAFPAY/structures/XAFPAY_C1_14_2678_z1_43.cif,22f93d4ba67852edaa9bfc61ee0f70b775592927f5b8fc9d86bc1df8e8abf770,a0b799c565ac63d65945a5c919b413ed3d1bf65fb0240a320d55a106d4ffd419,0,172,"[""O"", ""C"", ""O"", ""C"", ""C"", ""C"", ""C"", ""C"", ""C"", ""N"", ""C"", ""C"", ""C"", ""C"", ""C"", ""C"", ""C"", ""C"", ""C"", ""C"", ""Cl"", ""C"", ""Cl"", ""C"", ""C"", ""C"", ""H"", ""H"", ""H"", ""H"", ""H"", ""H"", ""H"", ""H"", ""H"", ""H"", ""H"", ""H"", ""H"", ""H"", ""H"", ""H"", ""H"", ""O"", ""C"", ""O"", ""C"", ""C"", ""C"", ""C"", ""C"", ""C"", ""N"", ""C"", ""C"", ""C"", ""C"", ""C"", ""C"", ""C"", ""C"", ""C"", ""C"", ""Cl"", ""C"", ""Cl"", ""C"", ""C"", ""C"", ""H"", ""H"", ""H"", ""H"", ""H"", ""H"", ""H"", ""H"", ""H"", ""H"", ""H"", ""H"", ""H"", ""H"", ""H"", ""H"", ""H"", ""O"", ""C"", ""O"", ""C"", ""C"", ""C"", ""C"", ""C"", ""C"", ""N"", ""C"", ""C"", ""C"", ""C"", ""C"", ""C"", ""C"", ""C"", ""C"", ""C"", ""Cl"", ""C"", ""Cl"", ""C"", ""C"", ""C"", ""H"", ""H"", ""H"", ""H"", ""H"", ""H"", ""H"", ""H"", ""H"", ""H"", ""H"", ""H"", ""H"", ""H"", ""H"", ""H"", ""H"", ""O"", ""C"", ""O"", ""C"", ""C"", ""C"", ""C"", ""C"", ""C"", ""N"", ""C"", ""C"", ""C"", ""C"", ""C"", ""C"", ""C"", ""C"", ""C"", ""C"", ""Cl"", ""C"", ""Cl"", ""C"", ""C"", ""C"", ""H"", ""H"", ""H"", ""H"", ""H"", ""H"", ""H"", ""H"", ""H"", ""H"", ""H"", ""H"", ""H"", ""H"", ""H"", ""H"", ""H""]",C84H68Cl8N4O8,"[true, true, true]","[16.558459181768754, 0.0, 0.0, 0.0, 16.685712800015427, 0.0, 0.7026933025236247, 0.0, 15.001844560074685]",4144.85504770577,[],"{""cutoff=6.000_skin=0.000"": 6064, ""cutoff=6.000_skin=0.500"": 7608}",0.0,,
OPT-RFT-XAFPAY172-R512-v1,16360d404e1cc8ec5ea026f69f45c1e0d210a4962a9adca338d6dcf7b609da30,OPT-RFT-XAFPAY172-R512-v1:0319,XAFPAY_C4_14_3275_z1_43,8a5dc6ae15552fcc4387b0287474225728cd9803ca42951a500048ad05e819ef,319,cross_family_test_set,XAFPAY/structures/XAFPAY_C4_14_3275_z1_43.cif,136c28c1d55a862e5a26fd44719e32ce83bd05860bfd904b080af02770e22394,8a5dc6ae15552fcc4387b0287474225728cd9803ca42951a500048ad05e819ef,0,172,"[""O"", ""C"", ""O"", ""C"", ""C"", ""C"", ""C"", ""C"", ""C"", ""N"", ""C"", ""C"", ""C"", ""C"", ""C"", ""C"", ""C"", ""C"", ""C"", ""C"", ""Cl"", ""C"", ""Cl"", ""C"", ""C"", ""C"", ""H"", ""H"", ""H"", ""H"", ""H"", ""H"", ""H"", ""H"", ""H"", ""H"", ""H"", ""H"", ""H"", ""H"", ""H"", ""H"", ""H"", ""O"", ""C"", ""O"", ""C"", ""C"", ""C"", ""C"", ""C"", ""C"", ""N"", ""C"", ""C"", ""C"", ""C"", ""C"", ""C"", ""C"", ""C"", ""C"", ""C"", ""Cl"", ""C"", ""Cl"", ""C"", ""C"", ""C"", ""H"", ""H"", ""H"", ""H"", ""H"", ""H"", ""H"", ""H"", ""H"", ""H"", ""H"", ""H"", ""H"", ""H"", ""H"", ""H"", ""H"", ""O"", ""C"", ""O"", ""C"", ""C"", ""C"", ""C"", ""C"", ""C"", ""N"", ""C"", ""C"", ""C"", ""C"", ""C"", ""C"", ""C"", ""C"", ""C"", ""C"", ""Cl"", ""C"", ""Cl"", ""C"", ""C"", ""C"", ""H"", ""H"", ""H"", ""H"", ""H"", ""H"", ""H"", ""H"", ""H"", ""H"", ""H"", ""H"", ""H"", ""H"", ""H"", ""H"", ""H"", ""O"", ""C"", ""O"", ""C"", ""C"", ""C"", ""C"", ""C"", ""C"", ""N"", ""C"", ""C"", ""C"", ""C"", ""C"", ""C"", ""C"", ""C"", ""C"", ""C"", ""Cl"", ""C"", ""Cl"", ""C"", ""C"", ""C"", ""H"", ""H"", ""H"", ""H"", ""H"", ""H"", ""H"", ""H"", ""H"", ""H"", ""H"", ""H"", ""H"", ""H"", ""H"", ""H"", ""H""]",C84H68Cl8N4O8,"[true, true, true]","[19.06214889288629, 0.0, 0.0, 0.0, 16.756124849781806, 0.0, -4.242715061015547, 0.0, 12.493026336551706]",3990.3693923005185,[],"{""cutoff=6.000_skin=0.000"": 6068, ""cutoff=6.000_skin=0.500"": 7588}",0.0,,
OPT-RFT-XAFPAY172-R512-v1,16360d404e1cc8ec5ea026f69f45c1e0d210a4962a9adca338d6dcf7b609da30,OPT-RFT-XAFPAY172-R512-v1:0320,XAFPAY_C4_14_1041_z1_43,4c59d7f9d222c1f5cc127b08a9eded8c117e7e3fba59b21adbf517d74a7d27f4,320,cross_family_test_set,XAFPAY/structures/XAFPAY_C4_14_1041_z1_43.cif,467170730512e1561da8916a95e670073f12512234f8461bd4d3069a391a0d94,4c59d7f9d222c1f5cc127b08a9eded8c117e7e3fba59b21adbf517d74a7d27f4,0,172,"[""O"", ""C"", ""O"", ""C"", ""C"", ""C"", ""C"", ""C"", ""C"", ""N"", ""C"", ""C"", ""C"", ""C"", ""C"", ""C"", ""C"", ""C"", ""C"", ""C"", ""Cl"", ""C"", ""Cl"", ""C"", ""C"", ""C"", ""H"", ""H"", ""H"", ""H"", ""H"", ""H"", ""H"", ""H"", ""H"", ""H"", ""H"", ""H"", ""H"", ""H"", ""H"", ""H"", ""H"", ""O"", ""C"", ""O"", ""C"", ""C"", ""C"", ""C"", ""C"", ""C"", ""N"", ""C"", ""C"", ""C"", ""C"", ""C"", ""C"", ""C"", ""C"", ""C"", ""C"", ""Cl"", ""C"", ""Cl"", ""C"", ""C"", ""C"", ""H"", ""H"", ""H"", ""H"", ""H"", ""H"", ""H"", ""H"", ""H"", ""H"", ""H"", ""H"", ""H"", ""H"", ""H"", ""H"", ""H"", ""O"", ""C"", ""O"", ""C"", ""C"", ""C"", ""C"", ""C"", ""C"", ""N"", ""C"", ""C"", ""C"", ""C"", ""C"", ""C"", ""C"", ""C"", ""C"", ""C"", ""Cl"", ""C"", ""Cl"", ""C"", ""C"", ""C"", ""H"", ""H"", ""H"", ""H"", ""H"", ""H"", ""H"", ""H"", ""H"", ""H"", ""H"", ""H"", ""H"", ""H"", ""H"", ""H"", ""H"", ""O"", ""C"", ""O"", ""C"", ""C"", ""C"", ""C"", ""C"", ""C"", ""N"", ""C"", ""C"", ""C"", ""C"", ""C"", ""C"", ""C"", ""C"", ""C"", ""C"", ""Cl"", ""C"", ""Cl"", ""C"", ""C"", ""C"", ""H"", ""H"", ""H"", ""H"", ""H"", ""H"", ""H"", ""H"", ""H"", ""H"", ""H"", ""H"", ""H"", ""H"", ""H"", ""H"", ""H""]",C84H68Cl8N4O8,"[true, true, true]","[11.097649066383553, 0.0, 0.0, 0.0, 12.057137836410156, 0.0, -5.6605995447094575, 0.0, 32.98799073480296]",4413.987276614003,[],"{""cutoff=6.000_skin=0.000"": 6072, ""cutoff=6.000_skin=0.500"": 7588}",0.0,,
OPT-RFT-XAFPAY172-R512-v1,16360d404e1cc8ec5ea026f69f45c1e0d210a4962a9adca338d6dcf7b609da30,OPT-RFT-XAFPAY172-R512-v1:0321,XAFPAY_C4_14_497_z1_43,dda55e4d7e886eb936fa98e1ebd932c1a476bc1dbd736320627fde2a0484df3a,321,cross_family_test_set,XAFPAY/structures/XAFPAY_C4_14_497_z1_43.cif,367870f37f59e76e7374646b55098a21e434efd4d0fb8e8d54a5da4045774602,dda55e4d7e886eb936fa98e1ebd932c1a476bc1dbd736320627fde2a0484df3a,0,172,"[""O"", ""C"", ""O"", ""C"", ""C"", ""C"", ""C"", ""C"", ""C"", ""N"", ""C"", ""C"", ""C"", ""C"", ""C"", ""C"", ""C"", ""C"", ""C"", ""C"", ""Cl"", ""C"", ""Cl"", ""C"", ""C"", ""C"", ""H"", ""H"", ""H"", ""H"", ""H"", ""H"", ""H"", ""H"", ""H"", ""H"", ""H"", ""H"", ""H"", ""H"", ""H"", ""H"", ""H"", ""O"", ""C"", ""O"", ""C"", ""C"", ""C"", ""C"", ""C"", ""C"", ""N"", ""C"", ""C"", ""C"", ""C"", ""C"", ""C"", ""C"", ""C"", ""C"", ""C"", ""Cl"", ""C"", ""Cl"", ""C"", ""C"", ""C"", ""H"", ""H"", ""H"", ""H"", ""H"", ""H"", ""H"", ""H"", ""H"", ""H"", ""H"", ""H"", ""H"", ""H"", ""H"", ""H"", ""H"", ""O"", ""C"", ""O"", ""C"", ""C"", ""C"", ""C"", ""C"", ""C"", ""N"", ""C"", ""C"", ""C"", ""C"", ""C"", ""C"", ""C"", ""C"", ""C"", ""C"", ""Cl"", ""C"", ""Cl"", ""C"", ""C"", ""C"", ""H"", ""H"", ""H"", ""H"", ""H"", ""H"", ""H"", ""H"", ""H"", ""H"", ""H"", ""H"", ""H"", ""H"", ""H"", ""H"", ""H"", ""O"", ""C"", ""O"", ""C"", ""C"", ""C"", ""C"", ""C"", ""C"", ""N"", ""C"", ""C"", ""C"", ""C"", ""C"", ""C"", ""C"", ""C"", ""C"", ""C"", ""Cl"", ""C"", ""Cl"", ""C"", ""C"", ""C"", ""H"", ""H"", ""H"", ""H"", ""H"", ""H"", ""H"", ""H"", ""H"", ""H"", ""H"", ""H"", ""H"", ""H"", ""H"", ""H"", ""H""]",C84H68Cl8N4O8,"[true, true, true]","[14.604368055052277, 0.0, 0.0, 0.0, 17.11887639027681, 0.0, -0.5159610458688113, 0.0, 16.281613468741234]",4070.572231818055,[],"{""cutoff=6.000_skin=0.000"": 6080, ""cutoff=6.000_skin=0.500"": 7680}",0.0,,
OPT-RFT-XAFPAY172-R512-v1,16360d404e1cc8ec5ea026f69f45c1e0d210a4962a9adca338d6dcf7b609da30,OPT-RFT-XAFPAY172-R512-v1:0322,XAFPAY_C4_2_13366_z2_86,90441763c260a60ebebb9d1059198349a56d0fc6f083f99d072dfcdc7e252428,322,cross_family_test_set,XAFPAY/structures/XAFPAY_C4_2_13366_z2_86.cif,067d1ed5cdaa1bdd3737ffd4ed8b3eb05a54eafaa108dda64eced779c01ac834,90441763c260a60ebebb9d1059198349a56d0fc6f083f99d072dfcdc7e252428,0,172,"[""O"", ""C"", ""O"", ""C"", ""C"", ""C"", ""C"", ""C"", ""C"", ""N"", ""C"", ""C"", ""C"", ""C"", ""C"", ""C"", ""C"", ""C"", ""C"", ""C"", ""Cl"", ""C"", ""Cl"", ""C"", ""C"", ""C"", ""H"", ""H"", ""H"", ""H"", ""H"", ""H"", ""H"", ""H"", ""H"", ""H"", ""H"", ""H"", ""H"", ""H"", ""H"", ""H"", ""H"", ""O"", ""C"", ""O"", ""C"", ""C"", ""C"", ""C"", ""C"", ""C"", ""N"", ""C"", ""C"", ""C"", ""C"", ""C"", ""C"", ""C"", ""C"", ""C"", ""C"", ""Cl"", ""C"", ""Cl"", ""C"", ""C"", ""C"", ""H"", ""H"", ""H"", ""H"", ""H"", ""H"", ""H"", ""H"", ""H"", ""H"", ""H"", ""H"", ""H"", ""H"", ""H"", ""H"", ""H"", ""O"", ""C"", ""O"", ""C"", ""C"", ""C"", ""C"", ""C"", ""C"", ""N"", ""C"", ""C"", ""C"", ""C"", ""C"", ""C"", ""C"", ""C"", ""C"", ""C"", ""Cl"", ""C"", ""Cl"", ""C"", ""C"", ""C"", ""H"", ""H"", ""H"", ""H"", ""H"", ""H"", ""H"", ""H"", ""H"", ""H"", ""H"", ""H"", ""H"", ""H"", ""H"", ""H"", ""H"", ""O"", ""C"", ""O"", ""C"", ""C"", ""C"", ""C"", ""C"", ""C"", ""N"", ""C"", ""C"", ""C"", ""C"", ""C"", ""C"", ""C"", ""C"", ""C"", ""C"", ""Cl"", ""C"", ""Cl"", ""C"", ""C"", ""C"", ""H"", ""H"", ""H"", ""H"", ""H"", ""H"", ""H"", ""H"", ""H"", ""H"", ""H"", ""H"", ""H"", ""H"", ""H"", ""H"", ""H""]",C84H68Cl8N4O8,"[true, true, true]","[39.73099071762388, 0.0, 0.0, 0.8903141633726758, 11.591394530804513, 0.0, -2.5990865374265684, -0.6693505999616277, 11.6538534208519]",5367.037551261463,[],"{""cutoff=6.000_skin=0.000"": 6092, ""cutoff=6.000_skin=0.500"": 7324}",0.0,,
OPT-RFT-XAFPAY172-R512-v1,16360d404e1cc8ec5ea026f69f45c1e0d210a4962a9adca338d6dcf7b609da30,OPT-RFT-XAFPAY172-R512-v1:0323,XAFPAY_C3_2_15072_z2_86,9717e2fbf8e7da111c4d3f148a9fcd1584af9c931b74d29130448b3a893705b6,323,cross_family_test_set,XAFPAY/structures/XAFPAY_C3_2_15072_z2_86.cif,034a6f3beee5de682960e7a53f860b73a9d8b5cd4929284a365f6006cb2a9d16,9717e2fbf8e7da111c4d3f148a9fcd1584af9c931b74d29130448b3a893705b6,0,172,"[""O"", ""C"", ""O"", ""C"", ""C"", ""C"", ""C"", ""C"", ""C"", ""N"", ""C"", ""C"", ""C"", ""C"", ""C"", ""C"", ""C"", ""C"", ""C"", ""C"", ""Cl"", ""C"", ""Cl"", ""C"", ""C"", ""C"", ""H"", ""H"", ""H"", ""H"", ""H"", ""H"", ""H"", ""H"", ""H"", ""H"", ""H"", ""H"", ""H"", ""H"", ""H"", ""H"", ""H"", ""O"", ""C"", ""O"", ""C"", ""C"", ""C"", ""C"", ""C"", ""C"", ""N"", ""C"", ""C"", ""C"", ""C"", ""C"", ""C"", ""C"", ""C"", ""C"", ""C"", ""Cl"", ""C"", ""Cl"", ""C"", ""C"", ""C"", ""H"", ""H"", ""H"", ""H"", ""H"", ""H"", ""H"", ""H"", ""H"", ""H"", ""H"", ""H"", ""H"", ""H"", ""H"", ""H"", ""H"", ""O"", ""C"", ""O"", ""C"", ""C"", ""C"", ""C"", ""C"", ""C"", ""N"", ""C"", ""C"", ""C"", ""C"", ""C"", ""C"", ""C"", ""C"", ""C"", ""C"", ""Cl"", ""C"", ""Cl"", ""C"", ""C"", ""C"", ""H"", ""H"", ""H"", ""H"", ""H"", ""H"", ""H"", ""H"", ""H"", ""H"", ""H"", ""H"", ""H"", ""H"", ""H"", ""H"", ""H"", ""O"", ""C"", ""O"", ""C"", ""C"", ""C"", ""C"", ""C"", ""C"", ""N"", ""C"", ""C"", ""C"", ""C"", ""C"", ""C"", ""C"", ""C"", ""C"", ""C"", ""Cl"", ""C"", ""Cl"", ""C"", ""C"", ""C"", ""H"", ""H"", ""H"", ""H"", ""H"", ""H"", ""H"", ""H"", ""H"", ""H"", ""H"", ""H"", ""H"", ""H"", ""H"", ""H"", ""H""]",C84H68Cl8N4O8,"[true, true, true]","[19.243461068255897, 0.0, 0.0, 4.642395262043576, 17.603895933182663, 0.0, 4.210834254977705, -11.497933942564107, 12.365797656894753]",4189.036205041246,[],"{""cutoff=6.000_skin=0.000"": 6104, ""cutoff=6.000_skin=0.500"": 7430}",0.0,,
OPT-RFT-XAFPAY172-R512-v1,16360d404e1cc8ec5ea026f69f45c1e0d210a4962a9adca338d6dcf7b609da30,OPT-RFT-XAFPAY172-R512-v1:0324,XAFPAY_C3_14_2723_z1_43,591e07408379b6b5c0511b5e1a2112f202fd92e73d584c548b7146b1881e421f,324,cross_family_test_set,XAFPAY/structures/XAFPAY_C3_14_2723_z1_43.cif,35fd97f1a92a5ef4dac328a1fdce5b18ae8116fced9bdbde945c5f5a83582a8b,591e07408379b6b5c0511b5e1a2112f202fd92e73d584c548b7146b1881e421f,0,172,"[""O"", ""C"", ""O"", ""C"", ""C"", ""C"", ""C"", ""C"", ""C"", ""N"", ""C"", ""C"", ""C"", ""C"", ""C"", ""C"", ""C"", ""C"", ""C"", ""C"", ""Cl"", ""C"", ""Cl"", ""C"", ""C"", ""C"", ""H"", ""H"", ""H"", ""H"", ""H"", ""H"", ""H"", ""H"", ""H"", ""H"", ""H"", ""H"", ""H"", ""H"", ""H"", ""H"", ""H"", ""O"", ""C"", ""O"", ""C"", ""C"", ""C"", ""C"", ""C"", ""C"", ""N"", ""C"", ""C"", ""C"", ""C"", ""C"", ""C"", ""C"", ""C"", ""C"", ""C"", ""Cl"", ""C"", ""Cl"", ""C"", ""C"", ""C"", ""H"", ""H"", ""H"", ""H"", ""H"", ""H"", ""H"", ""H"", ""H"", ""H"", ""H"", ""H"", ""H"", ""H"", ""H"", ""H"", ""H"", ""O"", ""C"", ""O"", ""C"", ""C"", ""C"", ""C"", ""C"", ""C"", ""N"", ""C"", ""C"", ""C"", ""C"", ""C"", ""C"", ""C"", ""C"", ""C"", ""C"", ""Cl"", ""C"", ""Cl"", ""C"", ""C"", ""C"", ""H"", ""H"", ""H"", ""H"", ""H"", ""H"", ""H"", ""H"", ""H"", ""H"", ""H"", ""H"", ""H"", ""H"", ""H"", ""H"", ""H"", ""O"", ""C"", ""O"", ""C"", ""C"", ""C"", ""C"", ""C"", ""C"", ""N"", ""C"", ""C"", ""C"", ""C"", ""C"", ""C"", ""C"", ""C"", ""C"", ""C"", ""Cl"", ""C"", ""Cl"", ""C"", ""C"", ""C"", ""H"", ""H"", ""H"", ""H"", ""H"", ""H"", ""H"", ""H"", ""H"", ""H"", ""H"", ""H"", ""H"", ""H"", ""H"", ""H"", ""H""]",C84H68Cl8N4O8,"[true, true, true]","[13.552479258928614, 0.0, 0.0, 0.0, 16.28216359272736, 0.0, -0.8638362548009706, 0.0, 21.187039055798746]",4675.210099175001,[],"{""cutoff=6.000_skin=0.000"": 6108, ""cutoff=6.000_skin=0.500"": 7484}",0.0,,
OPT-RFT-XAFPAY172-R512-v1,16360d404e1cc8ec5ea026f69f45c1e0d210a4962a9adca338d6dcf7b609da30,OPT-RFT-XAFPAY172-R512-v1:0325,XAFPAY_C3_2_17801_z2_86,d01d21d83849dcd8be469747811e2a3d158d17ca58ab27d4d166fbc2d88d8ae0,325,cross_family_test_set,XAFPAY/structures/XAFPAY_C3_2_17801_z2_86.cif,4e0bfe126e6bd13439fd7344cf048f768c3ef99d1286fef78c023ebc5e758377,d01d21d83849dcd8be469747811e2a3d158d17ca58ab27d4d166fbc2d88d8ae0,0,172,"[""O"", ""C"", ""O"", ""C"", ""C"", ""C"", ""C"", ""C"", ""C"", ""N"", ""C"", ""C"", ""C"", ""C"", ""C"", ""C"", ""C"", ""C"", ""C"", ""C"", ""Cl"", ""C"", ""Cl"", ""C"", ""C"", ""C"", ""H"", ""H"", ""H"", ""H"", ""H"", ""H"", ""H"", ""H"", ""H"", ""H"", ""H"", ""H"", ""H"", ""H"", ""H"", ""H"", ""H"", ""O"", ""C"", ""O"", ""C"", ""C"", ""C"", ""C"", ""C"", ""C"", ""N"", ""C"", ""C"", ""C"", ""C"", ""C"", ""C"", ""C"", ""C"", ""C"", ""C"", ""Cl"", ""C"", ""Cl"", ""C"", ""C"", ""C"", ""H"", ""H"", ""H"", ""H"", ""H"", ""H"", ""H"", ""H"", ""H"", ""H"", ""H"", ""H"", ""H"", ""H"", ""H"", ""H"", ""H"", ""O"", ""C"", ""O"", ""C"", ""C"", ""C"", ""C"", ""C"", ""C"", ""N"", ""C"", ""C"", ""C"", ""C"", ""C"", ""C"", ""C"", ""C"", ""C"", ""C"", ""Cl"", ""C"", ""Cl"", ""C"", ""C"", ""C"", ""H"", ""H"", ""H"", ""H"", ""H"", ""H"", ""H"", ""H"", ""H"", ""H"", ""H"", ""H"", ""H"", ""H"", ""H"", ""H"", ""H"", ""O"", ""C"", ""O"", ""C"", ""C"", ""C"", ""C"", ""C"", ""C"", ""N"", ""C"", ""C"", ""C"", ""C"", ""C"", ""C"", ""C"", ""C"", ""C"", ""C"", ""Cl"", ""C"", ""Cl"", ""C"", ""C"", ""C"", ""H"", ""H"", ""H"", ""H"", ""H"", ""H"", ""H"", ""H"", ""H"", ""H"", ""H"", ""H"", ""H"", ""H"", ""H"", ""H"", ""H""]",C84H68Cl8N4O8,"[true, true, true]","[17.77727190062614, 0.0, 0.0, -6.765154599842658, 17.743815239278852, 0.0, -5.316385218493037, 0.49339290997621277, 17.936527728607143]",5657.837825872737,[],"{""cutoff=6.000_skin=0.000"": 6110, ""cutoff=6.000_skin=0.500"": 7508}",0.0,,
OPT-RFT-XAFPAY172-R512-v1,16360d404e1cc8ec5ea026f69f45c1e0d210a4962a9adca338d6dcf7b609da30,OPT-RFT-XAFPAY172-R512-v1:0326,XAFPAY_C4_2_1027_z2_86,9d90bae7339420bfefda2fa3511654e2debb3d3a5f167a19d2d52d8d15290ba0,326,cross_family_test_set,XAFPAY/structures/XAFPAY_C4_2_1027_z2_86.cif,e1f95bea6cdde31cb21ff697a501e85cc97f2e29aba7c618a5991782c747891b,9d90bae7339420bfefda2fa3511654e2debb3d3a5f167a19d2d52d8d15290ba0,0,172,"[""O"", ""C"", ""O"", ""C"", ""C"", ""C"", ""C"", ""C"", ""C"", ""N"", ""C"", ""C"", ""C"", ""C"", ""C"", ""C"", ""C"", ""C"", ""C"", ""C"", ""Cl"", ""C"", ""Cl"", ""C"", ""C"", ""C"", ""H"", ""H"", ""H"", ""H"", ""H"", ""H"", ""H"", ""H"", ""H"", ""H"", ""H"", ""H"", ""H"", ""H"", ""H"", ""H"", ""H"", ""O"", ""C"", ""O"", ""C"", ""C"", ""C"", ""C"", ""C"", ""C"", ""N"", ""C"", ""C"", ""C"", ""C"", ""C"", ""C"", ""C"", ""C"", ""C"", ""C"", ""Cl"", ""C"", ""Cl"", ""C"", ""C"", ""C"", ""H"", ""H"", ""H"", ""H"", ""H"", ""H"", ""H"", ""H"", ""H"", ""H"", ""H"", ""H"", ""H"", ""H"", ""H"", ""H"", ""H"", ""O"", ""C"", ""O"", ""C"", ""C"", ""C"", ""C"", ""C"", ""C"", ""N"", ""C"", ""C"", ""C"", ""C"", ""C"", ""C"", ""C"", ""C"", ""C"", ""C"", ""Cl"", ""C"", ""Cl"", ""C"", ""C"", ""C"", ""H"", ""H"", ""H"", ""H"", ""H"", ""H"", ""H"", ""H"", ""H"", ""H"", ""H"", ""H"", ""H"", ""H"", ""H"", ""H"", ""H"", ""O"", ""C"", ""O"", ""C"", ""C"", ""C"", ""C"", ""C"", ""C"", ""N"", ""C"", ""C"", ""C"", ""C"", ""C"", ""C"", ""C"", ""C"", ""C"", ""C"", ""Cl"", ""C"", ""Cl"", ""C"", ""C"", ""C"", ""H"", ""H"", ""H"", ""H"", ""H"", ""H"", ""H"", ""H"", ""H"", ""H"", ""H"", ""H"", ""H"", ""H"", ""H"", ""H"", ""H""]",C84H68Cl8N4O8,"[true, true, true]","[22.442004841648433, 0.0, 0.0, -13.104994889063153, 17.04276940949676, 0.0, -8.309434149072308, -4.156282707816505, 20.44379279543594]",7819.217439359692,[],"{""cutoff=6.000_skin=0.000"": 6118, ""cutoff=6.000_skin=0.500"": 7264}",0.0,,
OPT-RFT-XAFPAY172-R512-v1,16360d404e1cc8ec5ea026f69f45c1e0d210a4962a9adca338d6dcf7b609da30,OPT-RFT-XAFPAY172-R512-v1:0327,XAFPAY_C1_14_2116_z1_43,ba17de714e875df2e9895f2d4267ea1eb865ed2298872601116171703d7759c3,327,cross_family_test_set,XAFPAY/structures/XAFPAY_C1_14_2116_z1_43.cif,49799b10d8d4d27ed74c92805cffcb9d8b92a375a2f8de1beedc77f5ba8142b6,ba17de714e875df2e9895f2d4267ea1eb865ed2298872601116171703d7759c3,0,172,"[""O"", ""C"", ""O"", ""C"", ""C"", ""C"", ""C"", ""C"", ""C"", ""N"", ""C"", ""C"", ""C"", ""C"", ""C"", ""C"", ""C"", ""C"", ""C"", ""C"", ""Cl"", ""C"", ""Cl"", ""C"", ""C"", ""C"", ""H"", ""H"", ""H"", ""H"", ""H"", ""H"", ""H"", ""H"", ""H"", ""H"", ""H"", ""H"", ""H"", ""H"", ""H"", ""H"", ""H"", ""O"", ""C"", ""O"", ""C"", ""C"", ""C"", ""C"", ""C"", ""C"", ""N"", ""C"", ""C"", ""C"", ""C"", ""C"", ""C"", ""C"", ""C"", ""C"", ""C"", ""Cl"", ""C"", ""Cl"", ""C"", ""C"", ""C"", ""H"", ""H"", ""H"", ""H"", ""H"", ""H"", ""H"", ""H"", ""H"", ""H"", ""H"", ""H"", ""H"", ""H"", ""H"", ""H"", ""H"", ""O"", ""C"", ""O"", ""C"", ""C"", ""C"", ""C"", ""C"", ""C"", ""N"", ""C"", ""C"", ""C"", ""C"", ""C"", ""C"", ""C"", ""C"", ""C"", ""C"", ""Cl"", ""C"", ""Cl"", ""C"", ""C"", ""C"", ""H"", ""H"", ""H"", ""H"", ""H"", ""H"", ""H"", ""H"", ""H"", ""H"", ""H"", ""H"", ""H"", ""H"", ""H"", ""H"", ""H"", ""O"", ""C"", ""O"", ""C"", ""C"", ""C"", ""C"", ""C"", ""C"", ""N"", ""C"", ""C"", ""C"", ""C"", ""C"", ""C"", ""C"", ""C"", ""C"", ""C"", ""Cl"", ""C"", ""Cl"", ""C"", ""C"", ""C"", ""H"", ""H"", ""H"", ""H"", ""H"", ""H"", ""H"", ""H"", ""H"", ""H"", ""H"", ""H"", ""H"", ""H"", ""H"", ""H"", ""H""]",C84H68Cl8N4O8,"[true, true, true]","[13.556510975906491, 0.0, 0.0, 0.0, 17.392285397481835, 0.0, 6.1369324049490155, 0.0, 18.230879538976165]",4298.453221344452,[],"{""cutoff=6.000_skin=0.000"": 6124, ""cutoff=6.000_skin=0.500"": 7612}",0.0,,
OPT-RFT-XAFPAY172-R512-v1,16360d404e1cc8ec5ea026f69f45c1e0d210a4962a9adca338d6dcf7b609da30,OPT-RFT-XAFPAY172-R512-v1:0328,XAFPAY_C3_14_841_z1_43,58e77d4ba79e42ebb3e14e63e3cc444986b4a414e94314eed0d76e18ef32f77f,328,cross_family_test_set,XAFPAY/structures/XAFPAY_C3_14_841_z1_43.cif,81834d427ebeb7d34b915d9b49ffe1c3d1a452cb3daf74b0b94e04ca44641750,58e77d4ba79e42ebb3e14e63e3cc444986b4a414e94314eed0d76e18ef32f77f,0,172,"[""O"", ""C"", ""O"", ""C"", ""C"", ""C"", ""C"", ""C"", ""C"", ""N"", ""C"", ""C"", ""C"", ""C"", ""C"", ""C"", ""C"", ""C"", ""C"", ""C"", ""Cl"", ""C"", ""Cl"", ""C"", ""C"", ""C"", ""H"", ""H"", ""H"", ""H"", ""H"", ""H"", ""H"", ""H"", ""H"", ""H"", ""H"", ""H"", ""H"", ""H"", ""H"", ""H"", ""H"", ""O"", ""C"", ""O"", ""C"", ""C"", ""C"", ""C"", ""C"", ""C"", ""N"", ""C"", ""C"", ""C"", ""C"", ""C"", ""C"", ""C"", ""C"", ""C"", ""C"", ""Cl"", ""C"", ""Cl"", ""C"", ""C"", ""C"", ""H"", ""H"", ""H"", ""H"", ""H"", ""H"", ""H"", ""H"", ""H"", ""H"", ""H"", ""H"", ""H"", ""H"", ""H"", ""H"", ""H"", ""O"", ""C"", ""O"", ""C"", ""C"", ""C"", ""C"", ""C"", ""C"", ""N"", ""C"", ""C"", ""C"", ""C"", ""C"", ""C"", ""C"", ""C"", ""C"", ""C"", ""Cl"", ""C"", ""Cl"", ""C"", ""C"", ""C"", ""H"", ""H"", ""H"", ""H"", ""H"", ""H"", ""H"", ""H"", ""H"", ""H"", ""H"", ""H"", ""H"", ""H"", ""H"", ""H"", ""H"", ""O"", ""C"", ""O"", ""C"", ""C"", ""C"", ""C"", ""C"", ""C"", ""N"", ""C"", ""C"", ""C"", ""C"", ""C"", ""C"", ""C"", ""C"", ""C"", ""C"", ""Cl"", ""C"", ""Cl"", ""C"", ""C"", ""C"", ""H"", ""H"", ""H"", ""H"", ""H"", ""H"", ""H"", ""H"", ""H"", ""H"", ""H"", ""H"", ""H"", ""H"", ""H"", ""H"", ""H""]",C84H68Cl8N4O8,"[true, true, true]","[18.92114910230353, 0.0, 0.0, 0.0, 19.131185069079272, 0.0, 3.942392621595657, 0.0, 11.375983438208639]",4117.924048003988,[],"{""cutoff=6.000_skin=0.000"": 6128, ""cutoff=6.000_skin=0.500"": 8012}",0.0,,
OPT-RFT-XAFPAY172-R512-v1,16360d404e1cc8ec5ea026f69f45c1e0d210a4962a9adca338d6dcf7b609da30,OPT-RFT-XAFPAY172-R512-v1:0329,XAFPAY_C2_2_22770_z2_86,79959741a6948810b13ba39f46dbc07ec65bd98d02318ad5ca92dccc84e00310,329,cross_family_test_set,XAFPAY/structures/XAFPAY_C2_2_22770_z2_86.cif,9c7e2e3e7bcf68717ea0d3461b5c863f996393ae1a7c85c83bf4bcf19b838a91,79959741a6948810b13ba39f46dbc07ec65bd98d02318ad5ca92dccc84e00310,0,172,"[""O"", ""C"", ""O"", ""C"", ""C"", ""C"", ""C"", ""C"", ""C"", ""N"", ""C"", ""C"", ""C"", ""C"", ""C"", ""C"", ""C"", ""C"", ""C"", ""C"", ""Cl"", ""C"", ""Cl"", ""C"", ""C"", ""C"", ""H"", ""H"", ""H"", ""H"", ""H"", ""H"", ""H"", ""H"", ""H"", ""H"", ""H"", ""H"", ""H"", ""H"", ""H"", ""H"", ""H"", ""O"", ""C"", ""O"", ""C"", ""C"", ""C"", ""C"", ""C"", ""C"", ""N"", ""C"", ""C"", ""C"", ""C"", ""C"", ""C"", ""C"", ""C"", ""C"", ""C"", ""Cl"", ""C"", ""Cl"", ""C"", ""C"", ""C"", ""H"", ""H"", ""H"", ""H"", ""H"", ""H"", ""H"", ""H"", ""H"", ""H"", ""H"", ""H"", ""H"", ""H"", ""H"", ""H"", ""H"", ""O"", ""C"", ""O"", ""C"", ""C"", ""C"", ""C"", ""C"", ""C"", ""N"", ""C"", ""C"", ""C"", ""C"", ""C"", ""C"", ""C"", ""C"", ""C"", ""C"", ""Cl"", ""C"", ""Cl"", ""C"", ""C"", ""C"", ""H"", ""H"", ""H"", ""H"", ""H"", ""H"", ""H"", ""H"", ""H"", ""H"", ""H"", ""H"", ""H"", ""H"", ""H"", ""H"", ""H"", ""O"", ""C"", ""O"", ""C"", ""C"", ""C"", ""C"", ""C"", ""C"", ""N"", ""C"", ""C"", ""C"", ""C"", ""C"", ""C"", ""C"", ""C"", ""C"", ""C"", ""Cl"", ""C"", ""Cl"", ""C"", ""C"", ""C"", ""H"", ""H"", ""H"", ""H"", ""H"", ""H"", ""H"", ""H"", ""H"", ""H"", ""H"", ""H"", ""H"", ""H"", ""H"", ""H"", ""H""]",C84H68Cl8N4O8,"[true, true, true]","[34.06759506354472, 0.0, 0.0, -6.900568935707594, 15.255424844345573, 0.0, -6.843445283564984, -7.802191730157379, 10.276957027323043]",5341.095258828006,[],"{""cutoff=6.000_skin=0.000"": 6134, ""cutoff=6.000_skin=0.500"": 7506}",0.0,,
OPT-RFT-XAFPAY172-R512-v1,16360d404e1cc8ec5ea026f69f45c1e0d210a4962a9adca338d6dcf7b609da30,OPT-RFT-XAFPAY172-R512-v1:0330,XAFPAY_C2_14_141_z1_43,7a1dfa1bf3cf30378db25853b719604b1f44550f8000b9fd85db8fddf220f24b,330,cross_family_test_set,XAFPAY/structures/XAFPAY_C2_14_141_z1_43.cif,ae6c2f3894ca8c05443851b2063596affc861f509fc0d50cff6521cd989be346,7a1dfa1bf3cf30378db25853b719604b1f44550f8000b9fd85db8fddf220f24b,0,172,"[""O"", ""C"", ""O"", ""C"", ""C"", ""C"", ""C"", ""C"", ""C"", ""N"", ""C"", ""C"", ""C"", ""C"", ""C"", ""C"", ""C"", ""C"", ""C"", ""C"", ""Cl"", ""C"", ""Cl"", ""C"", ""C"", ""C"", ""H"", ""H"", ""H"", ""H"", ""H"", ""H"", ""H"", ""H"", ""H"", ""H"", ""H"", ""H"", ""H"", ""H"", ""H"", ""H"", ""H"", ""O"", ""C"", ""O"", ""C"", ""C"", ""C"", ""C"", ""C"", ""C"", ""N"", ""C"", ""C"", ""C"", ""C"", ""C"", ""C"", ""C"", ""C"", ""C"", ""C"", ""Cl"", ""C"", ""Cl"", ""C"", ""C"", ""C"", ""H"", ""H"", ""H"", ""H"", ""H"", ""H"", ""H"", ""H"", ""H"", ""H"", ""H"", ""H"", ""H"", ""H"", ""H"", ""H"", ""H"", ""O"", ""C"", ""O"", ""C"", ""C"", ""C"", ""C"", ""C"", ""C"", ""N"", ""C"", ""C"", ""C"", ""C"", ""C"", ""C"", ""C"", ""C"", ""C"", ""C"", ""Cl"", ""C"", ""Cl"", ""C"", ""C"", ""C"", ""H"", ""H"", ""H"", ""H"", ""H"", ""H"", ""H"", ""H"", ""H"", ""H"", ""H"", ""H"", ""H"", ""H"", ""H"", ""H"", ""H"", ""O"", ""C"", ""O"", ""C"", ""C"", ""C"", ""C"", ""C"", ""C"", ""N"", ""C"", ""C"", ""C"", ""C"", ""C"", ""C"", ""C"", ""C"", ""C"", ""C"", ""Cl"", ""C"", ""Cl"", ""C"", ""C"", ""C"", ""H"", ""H"", ""H"", ""H"", ""H"", ""H"", ""H"", ""H"", ""H"", ""H"", ""H"", ""H"", ""H"", ""H"", ""H"", ""H"", ""H""]",C84H68Cl8N4O8,"[true, true, true]","[14.513172559572652, 0.0, 0.0, 0.0, 16.861278528247553, 0.0, -0.8572015482228768, 0.0, 17.249304508092774]",4221.088429483816,[],"{""cutoff=6.000_skin=0.000"": 6140, ""cutoff=6.000_skin=0.500"": 7404}",0.0,,
OPT-RFT-XAFPAY172-R512-v1,16360d404e1cc8ec5ea026f69f45c1e0d210a4962a9adca338d6dcf7b609da30,OPT-RFT-XAFPAY172-R512-v1:0331,XAFPAY_C4_2_4415_z2_86,315196d7c22324102031cdbf9e7a27c1a2a626db14f8955da9359c1c8372ab6f,331,cross_family_test_set,XAFPAY/structures/XAFPAY_C4_2_4415_z2_86.cif,ce312da0456880cad67aa843a56f22f3a9348d8304b6bdecc0c891cebcd2b896,315196d7c22324102031cdbf9e7a27c1a2a626db14f8955da9359c1c8372ab6f,0,172,"[""O"", ""C"", ""O"", ""C"", ""C"", ""C"", ""C"", ""C"", ""C"", ""N"", ""C"", ""C"", ""C"", ""C"", ""C"", ""C"", ""C"", ""C"", ""C"", ""C"", ""Cl"", ""C"", ""Cl"", ""C"", ""C"", ""C"", ""H"", ""H"", ""H"", ""H"", ""H"", ""H"", ""H"", ""H"", ""H"", ""H"", ""H"", ""H"", ""H"", ""H"", ""H"", ""H"", ""H"", ""O"", ""C"", ""O"", ""C"", ""C"", ""C"", ""C"", ""C"", ""C"", ""N"", ""C"", ""C"", ""C"", ""C"", ""C"", ""C"", ""C"", ""C"", ""C"", ""C"", ""Cl"", ""C"", ""Cl"", ""C"", ""C"", ""C"", ""H"", ""H"", ""H"", ""H"", ""H"", ""H"", ""H"", ""H"", ""H"", ""H"", ""H"", ""H"", ""H"", ""H"", ""H"", ""H"", ""H"", ""O"", ""C"", ""O"", ""C"", ""C"", ""C"", ""C"", ""C"", ""C"", ""N"", ""C"", ""C"", ""C"", ""C"", ""C"", ""C"", ""C"", ""C"", ""C"", ""C"", ""Cl"", ""C"", ""Cl"", ""C"", ""C"", ""C"", ""H"", ""H"", ""H"", ""H"", ""H"", ""H"", ""H"", ""H"", ""H"", ""H"", ""H"", ""H"", ""H"", ""H"", ""H"", ""H"", ""H"", ""O"", ""C"", ""O"", ""C"", ""C"", ""C"", ""C"", ""C"", ""C"", ""N"", ""C"", ""C"", ""C"", ""C"", ""C"", ""C"", ""C"", ""C"", ""C"", ""C"", ""Cl"", ""C"", ""Cl"", ""C"", ""C"", ""C"", ""H"", ""H"", ""H"", ""H"", ""H"", ""H"", ""H"", ""H"", ""H"", ""H"", ""H"", ""H"", ""H"", ""H"", ""H"", ""H"", ""H""]",C84H68Cl8N4O8,"[true, true, true]","[17.156595779799193, 0.0, 0.0, 0.6264604410534642, 21.570437808372876, 0.0, -4.659239230323409, -2.493440125971635, 21.29036158297033]",7879.036572481129,[],"{""cutoff=6.000_skin=0.000"": 6140, ""cutoff=6.000_skin=0.500"": 7300}",0.0,,
OPT-RFT-XAFPAY172-R512-v1,16360d404e1cc8ec5ea026f69f45c1e0d210a4962a9adca338d6dcf7b609da30,OPT-RFT-XAFPAY172-R512-v1:0332,XAFPAY_C2_14_4471_z1_43,64166992154211ff2c219d3fdbbbfc064b7337ad7c9160f608de1a20c0a08ed9,332,cross_family_test_set,XAFPAY/structures/XAFPAY_C2_14_4471_z1_43.cif,7aadc2475d74ffcc68014c3e1d9b083fb7c6487586cb07abd6265d30df30220b,64166992154211ff2c219d3fdbbbfc064b7337ad7c9160f608de1a20c0a08ed9,0,172,"[""O"", ""C"", ""O"", ""C"", ""C"", ""C"", ""C"", ""C"", ""C"", ""N"", ""C"", ""C"", ""C"", ""C"", ""C"", ""C"", ""C"", ""C"", ""C"", ""C"", ""Cl"", ""C"", ""Cl"", ""C"", ""C"", ""C"", ""H"", ""H"", ""H"", ""H"", ""H"", ""H"", ""H"", ""H"", ""H"", ""H"", ""H"", ""H"", ""H"", ""H"", ""H"", ""H"", ""H"", ""O"", ""C"", ""O"", ""C"", ""C"", ""C"", ""C"", ""C"", ""C"", ""N"", ""C"", ""C"", ""C"", ""C"", ""C"", ""C"", ""C"", ""C"", ""C"", ""C"", ""Cl"", ""C"", ""Cl"", ""C"", ""C"", ""C"", ""H"", ""H"", ""H"", ""H"", ""H"", ""H"", ""H"", ""H"", ""H"", ""H"", ""H"", ""H"", ""H"", ""H"", ""H"", ""H"", ""H"", ""O"", ""C"", ""O"", ""C"", ""C"", ""C"", ""C"", ""C"", ""C"", ""N"", ""C"", ""C"", ""C"", ""C"", ""C"", ""C"", ""C"", ""C"", ""C"", ""C"", ""Cl"", ""C"", ""Cl"", ""C"", ""C"", ""C"", ""H"", ""H"", ""H"", ""H"", ""H"", ""H"", ""H"", ""H"", ""H"", ""H"", ""H"", ""H"", ""H"", ""H"", ""H"", ""H"", ""H"", ""O"", ""C"", ""O"", ""C"", ""C"", ""C"", ""C"", ""C"", ""C"", ""N"", ""C"", ""C"", ""C"", ""C"", ""C"", ""C"", ""C"", ""C"", ""C"", ""C"", ""Cl"", ""C"", ""Cl"", ""C"", ""C"", ""C"", ""H"", ""H"", ""H"", ""H"", ""H"", ""H"", ""H"", ""H"", ""H"", ""H"", ""H"", ""H"", ""H"", ""H"", ""H"", ""H"", ""H""]",C84H68Cl8N4O8,"[true, true, true]","[21.7757343385245, 0.0, 0.0, 0.0, 22.743902806908693, 0.0, -5.000726459260665, 0.0, 13.204239068974829]",6539.599909828446,[],"{""cutoff=6.000_skin=0.000"": 6148, ""cutoff=6.000_skin=0.500"": 7388}",0.0,,
OPT-RFT-XAFPAY172-R512-v1,16360d404e1cc8ec5ea026f69f45c1e0d210a4962a9adca338d6dcf7b609da30,OPT-RFT-XAFPAY172-R512-v1:0333,XAFPAY_C2_2_21074_z2_86,ff63dc6568bd1e5539033c6356a583aeaccc517c2d24c0f2c9a9c011e8326a81,333,cross_family_test_set,XAFPAY/structures/XAFPAY_C2_2_21074_z2_86.cif,19357f824f0965dad4f2e7d0e654c771de179069c2948d0348842e473690e035,ff63dc6568bd1e5539033c6356a583aeaccc517c2d24c0f2c9a9c011e8326a81,0,172,"[""O"", ""C"", ""O"", ""C"", ""C"", ""C"", ""C"", ""C"", ""C"", ""N"", ""C"", ""C"", ""C"", ""C"", ""C"", ""C"", ""C"", ""C"", ""C"", ""C"", ""Cl"", ""C"", ""Cl"", ""C"", ""C"", ""C"", ""H"", ""H"", ""H"", ""H"", ""H"", ""H"", ""H"", ""H"", ""H"", ""H"", ""H"", ""H"", ""H"", ""H"", ""H"", ""H"", ""H"", ""O"", ""C"", ""O"", ""C"", ""C"", ""C"", ""C"", ""C"", ""C"", ""N"", ""C"", ""C"", ""C"", ""C"", ""C"", ""C"", ""C"", ""C"", ""C"", ""C"", ""Cl"", ""C"", ""Cl"", ""C"", ""C"", ""C"", ""H"", ""H"", ""H"", ""H"", ""H"", ""H"", ""H"", ""H"", ""H"", ""H"", ""H"", ""H"", ""H"", ""H"", ""H"", ""H"", ""H"", ""O"", ""C"", ""O"", ""C"", ""C"", ""C"", ""C"", ""C"", ""C"", ""N"", ""C"", ""C"", ""C"", ""C"", ""C"", ""C"", ""C"", ""C"", ""C"", ""C"", ""Cl"", ""C"", ""Cl"", ""C"", ""C"", ""C"", ""H"", ""H"", ""H"", ""H"", ""H"", ""H"", ""H"", ""H"", ""H"", ""H"", ""H"", ""H"", ""H"", ""H"", ""H"", ""H"", ""H"", ""O"", ""C"", ""O"", ""C"", ""C"", ""C"", ""C"", ""C"", ""C"", ""N"", ""C"", ""C"", ""C"", ""C"", ""C"", ""C"", ""C"", ""C"", ""C"", ""C"", ""Cl"", ""C"", ""Cl"", ""C"", ""C"", ""C"", ""H"", ""H"", ""H"", ""H"", ""H"", ""H"", ""H"", ""H"", ""H"", ""H"", ""H"", ""H"", ""H"", ""H"", ""H"", ""H"", ""H""]",C84H68Cl8N4O8,"[true, true, true]","[21.592404936127046, 0.0, 0.0, -3.819552957375503, 19.55825019676065, 0.0, -5.459540232187907, 1.0159903517177695, 11.548453902230365]",4877.023618925296,[],"{""cutoff=6.000_skin=0.000"": 6152, ""cutoff=6.000_skin=0.500"": 7480}",0.0,,
OPT-RFT-XAFPAY172-R512-v1,16360d404e1cc8ec5ea026f69f45c1e0d210a4962a9adca338d6dcf7b609da30,OPT-RFT-XAFPAY172-R512-v1:0334,XAFPAY_C1_2_5952_z2_86,02996586448cf790a6aa4f7ecb3c83c945177ea29c2f4c6e833bd5ac617b8cc2,334,cross_family_test_set,XAFPAY/structures/XAFPAY_C1_2_5952_z2_86.cif,324c76c2319ccf664f843aa361b395b6c12cfdcd9147fb0f7672d2ef48e8c816,02996586448cf790a6aa4f7ecb3c83c945177ea29c2f4c6e833bd5ac617b8cc2,0,172,"[""O"", ""C"", ""O"", ""C"", ""C"", ""C"", ""C"", ""C"", ""C"", ""N"", ""C"", ""C"", ""C"", ""C"", ""C"", ""C"", ""C"", ""C"", ""C"", ""C"", ""Cl"", ""C"", ""Cl"", ""C"", ""C"", ""C"", ""H"", ""H"", ""H"", ""H"", ""H"", ""H"", ""H"", ""H"", ""H"", ""H"", ""H"", ""H"", ""H"", ""H"", ""H"", ""H"", ""H"", ""O"", ""C"", ""O"", ""C"", ""C"", ""C"", ""C"", ""C"", ""C"", ""N"", ""C"", ""C"", ""C"", ""C"", ""C"", ""C"", ""C"", ""C"", ""C"", ""C"", ""Cl"", ""C"", ""Cl"", ""C"", ""C"", ""C"", ""H"", ""H"", ""H"", ""H"", ""H"", ""H"", ""H"", ""H"", ""H"", ""H"", ""H"", ""H"", ""H"", ""H"", ""H"", ""H"", ""H"", ""O"", ""C"", ""O"", ""C"", ""C"", ""C"", ""C"", ""C"", ""C"", ""N"", ""C"", ""C"", ""C"", ""C"", ""C"", ""C"", ""C"", ""C"", ""C"", ""C"", ""Cl"", ""C"", ""Cl"", ""C"", ""C"", ""C"", ""H"", ""H"", ""H"", ""H"", ""H"", ""H"", ""H"", ""H"", ""H"", ""H"", ""H"", ""H"", ""H"", ""H"", ""H"", ""H"", ""H"", ""O"", ""C"", ""O"", ""C"", ""C"", ""C"", ""C"", ""C"", ""C"", ""N"", ""C"", ""C"", ""C"", ""C"", ""C"", ""C"", ""C"", ""C"", ""C"", ""C"", ""Cl"", ""C"", ""Cl"", ""C"", ""C"", ""C"", ""H"", ""H"", ""H"", ""H"", ""H"", ""H"", ""H"", ""H"", ""H"", ""H"", ""H"", ""H"", ""H"", ""H"", ""H"", ""H"", ""H""]",C84H68Cl8N4O8,"[true, true, true]","[18.26276797197368, 0.0, 0.0, -0.3707469890376012, 16.6857484508924, 0.0, 0.34005054468663315, 5.438236894808918, 15.555372189148082]",4740.156715978048,[],"{""cutoff=6.000_skin=0.000"": 6156, ""cutoff=6.000_skin=0.500"": 7564}",0.0,,
OPT-RFT-XAFPAY172-R512-v1,16360d404e1cc8ec5ea026f69f45c1e0d210a4962a9adca338d6dcf7b609da30,OPT-RFT-XAFPAY172-R512-v1:0335,XAFPAY_C1_2_6061_z2_86,5deb573e98b96845fd64681ae9a4deffa27afbb78bba3242af633e25069c0961,335,cross_family_test_set,XAFPAY/structures/XAFPAY_C1_2_6061_z2_86.cif,4b87521a5946b7e6384f6a8c1a572a8f69acc0430bed32633a0e208810b35c62,5deb573e98b96845fd64681ae9a4deffa27afbb78bba3242af633e25069c0961,0,172,"[""O"", ""C"", ""O"", ""C"", ""C"", ""C"", ""C"", ""C"", ""C"", ""N"", ""C"", ""C"", ""C"", ""C"", ""C"", ""C"", ""C"", ""C"", ""C"", ""C"", ""Cl"", ""C"", ""Cl"", ""C"", ""C"", ""C"", ""H"", ""H"", ""H"", ""H"", ""H"", ""H"", ""H"", ""H"", ""H"", ""H"", ""H"", ""H"", ""H"", ""H"", ""H"", ""H"", ""H"", ""O"", ""C"", ""O"", ""C"", ""C"", ""C"", ""C"", ""C"", ""C"", ""N"", ""C"", ""C"", ""C"", ""C"", ""C"", ""C"", ""C"", ""C"", ""C"", ""C"", ""Cl"", ""C"", ""Cl"", ""C"", ""C"", ""C"", ""H"", ""H"", ""H"", ""H"", ""H"", ""H"", ""H"", ""H"", ""H"", ""H"", ""H"", ""H"", ""H"", ""H"", ""H"", ""H"", ""H"", ""O"", ""C"", ""O"", ""C"", ""C"", ""C"", ""C"", ""C"", ""C"", ""N"", ""C"", ""C"", ""C"", ""C"", ""C"", ""C"", ""C"", ""C"", ""C"", ""C"", ""Cl"", ""C"", ""Cl"", ""C"", ""C"", ""C"", ""H"", ""H"", ""H"", ""H"", ""H"", ""H"", ""H"", ""H"", ""H"", ""H"", ""H"", ""H"", ""H"", ""H"", ""H"", ""H"", ""H"", ""O"", ""C"", ""O"", ""C"", ""C"", ""C"", ""C"", ""C"", ""C"", ""N"", ""C"", ""C"", ""C"", ""C"", ""C"", ""C"", ""C"", ""C"", ""C"", ""C"", ""Cl"", ""C"", ""Cl"", ""C"", ""C"", ""C"", ""H"", ""H"", ""H"", ""H"", ""H"", ""H"", ""H"", ""H"", ""H"", ""H"", ""H"", ""H"", ""H"", ""H"", ""H"", ""H"", ""H""]",C84H68Cl8N4O8,"[true, true, true]","[17.546500518176913, 0.0, 0.0, 3.855993453069404, 20.299930995336005, 0.0, 8.0833603488931, -0.7211190965173764, 14.857360668752309]",5292.0841503127185,[],"{""cutoff=6.000_skin=0.000"": 6164, ""cutoff=6.000_skin=0.500"": 7558}",0.0,,
OPT-RFT-XAFPAY172-R512-v1,16360d404e1cc8ec5ea026f69f45c1e0d210a4962a9adca338d6dcf7b609da30,OPT-RFT-XAFPAY172-R512-v1:0336,XAFPAY_C1_2_11640_z2_86,4010b3a1b3b046a3392b843fc54315e8e7f0f2eac8bc6cc5da3024e89e441760,336,cross_family_test_set,XAFPAY/structures/XAFPAY_C1_2_11640_z2_86.cif,5af85b47f09246a85dc52b029bb164e2ee245b152ddb24009417fb54293c0c33,4010b3a1b3b046a3392b843fc54315e8e7f0f2eac8bc6cc5da3024e89e441760,0,172,"[""O"", ""C"", ""O"", ""C"", ""C"", ""C"", ""C"", ""C"", ""C"", ""N"", ""C"", ""C"", ""C"", ""C"", ""C"", ""C"", ""C"", ""C"", ""C"", ""C"", ""Cl"", ""C"", ""Cl"", ""C"", ""C"", ""C"", ""H"", ""H"", ""H"", ""H"", ""H"", ""H"", ""H"", ""H"", ""H"", ""H"", ""H"", ""H"", ""H"", ""H"", ""H"", ""H"", ""H"", ""O"", ""C"", ""O"", ""C"", ""C"", ""C"", ""C"", ""C"", ""C"", ""N"", ""C"", ""C"", ""C"", ""C"", ""C"", ""C"", ""C"", ""C"", ""C"", ""C"", ""Cl"", ""C"", ""Cl"", ""C"", ""C"", ""C"", ""H"", ""H"", ""H"", ""H"", ""H"", ""H"", ""H"", ""H"", ""H"", ""H"", ""H"", ""H"", ""H"", ""H"", ""H"", ""H"", ""H"", ""O"", ""C"", ""O"", ""C"", ""C"", ""C"", ""C"", ""C"", ""C"", ""N"", ""C"", ""C"", ""C"", ""C"", ""C"", ""C"", ""C"", ""C"", ""C"", ""C"", ""Cl"", ""C"", ""Cl"", ""C"", ""C"", ""C"", ""H"", ""H"", ""H"", ""H"", ""H"", ""H"", ""H"", ""H"", ""H"", ""H"", ""H"", ""H"", ""H"", ""H"", ""H"", ""H"", ""H"", ""O"", ""C"", ""O"", ""C"", ""C"", ""C"", ""C"", ""C"", ""C"", ""N"", ""C"", ""C"", ""C"", ""C"", ""C"", ""C"", ""C"", ""C"", ""C"", ""C"", ""Cl"", ""C"", ""Cl"", ""C"", ""C"", ""C"", ""H"", ""H"", ""H"", ""H"", ""H"", ""H"", ""H"", ""H"", ""H"", ""H"", ""H"", ""H"", ""H"", ""H"", ""H"", ""H"", ""H""]",C84H68Cl8N4O8,"[true, true, true]","[22.692793635668032, 0.0, 0.0, -4.178515748210225, 16.316842783535225, 0.0, 1.3654494634564407, -8.375542465925118, 15.648525413058227]",5794.253773727686,[],"{""cutoff=6.000_skin=0.000"": 6170, ""cutoff=6.000_skin=0.500"": 7518}",0.0,,
OPT-RFT-XAFPAY172-R512-v1,16360d404e1cc8ec5ea026f69f45c1e0d210a4962a9adca338d6dcf7b609da30,OPT-RFT-XAFPAY172-R512-v1:0337,XAFPAY_C1_14_3294_z1_43,2d1bb5ef4629f6197989c9784389a917022fab739df601e0668c7979967c68aa,337,cross_family_test_set,XAFPAY/structures/XAFPAY_C1_14_3294_z1_43.cif,94389876487baf43e2827847ea216cffa0f82cdb908ca6410e7bca4af55dcb8f,2d1bb5ef4629f6197989c9784389a917022fab739df601e0668c7979967c68aa,0,172,"[""O"", ""C"", ""O"", ""C"", ""C"", ""C"", ""C"", ""C"", ""C"", ""N"", ""C"", ""C"", ""C"", ""C"", ""C"", ""C"", ""C"", ""C"", ""C"", ""C"", ""Cl"", ""C"", ""Cl"", ""C"", ""C"", ""C"", ""H"", ""H"", ""H"", ""H"", ""H"", ""H"", ""H"", ""H"", ""H"", ""H"", ""H"", ""H"", ""H"", ""H"", ""H"", ""H"", ""H"", ""O"", ""C"", ""O"", ""C"", ""C"", ""C"", ""C"", ""C"", ""C"", ""N"", ""C"", ""C"", ""C"", ""C"", ""C"", ""C"", ""C"", ""C"", ""C"", ""C"", ""Cl"", ""C"", ""Cl"", ""C"", ""C"", ""C"", ""H"", ""H"", ""H"", ""H"", ""H"", ""H"", ""H"", ""H"", ""H"", ""H"", ""H"", ""H"", ""H"", ""H"", ""H"", ""H"", ""H"", ""O"", ""C"", ""O"", ""C"", ""C"", ""C"", ""C"", ""C"", ""C"", ""N"", ""C"", ""C"", ""C"", ""C"", ""C"", ""C"", ""C"", ""C"", ""C"", ""C"", ""Cl"", ""C"", ""Cl"", ""C"", ""C"", ""C"", ""H"", ""H"", ""H"", ""H"", ""H"", ""H"", ""H"", ""H"", ""H"", ""H"", ""H"", ""H"", ""H"", ""H"", ""H"", ""H"", ""H"", ""O"", ""C"", ""O"", ""C"", ""C"", ""C"", ""C"", ""C"", ""C"", ""N"", ""C"", ""C"", ""C"", ""C"", ""C"", ""C"", ""C"", ""C"", ""C"", ""C"", ""Cl"", ""C"", ""Cl"", ""C"", ""C"", ""C"", ""H"", ""H"", ""H"", ""H"", ""H"", ""H"", ""H"", ""H"", ""H"", ""H"", ""H"", ""H"", ""H"", ""H"", ""H"", ""H"", ""H""]",C84H68Cl8N4O8,"[true, true, true]","[19.619570474602355, 0.0, 0.0, 0.0, 13.942083083178265, 0.0, 7.306233354239879, 0.0, 14.029267048806377]",3837.5331832626384,[],"{""cutoff=6.000_skin=0.000"": 6176, ""cutoff=6.000_skin=0.500"": 7920}",0.0,,
OPT-RFT-XAFPAY172-R512-v1,16360d404e1cc8ec5ea026f69f45c1e0d210a4962a9adca338d6dcf7b609da30,OPT-RFT-XAFPAY172-R512-v1:0338,XAFPAY_C4_2_4378_z2_86,d792fd27a840cf24e8cf426f6c4e60e6c681ed07a7e8ce9036884781250a92cd,338,cross_family_test_set,XAFPAY/structures/XAFPAY_C4_2_4378_z2_86.cif,71e8ffb07416ae48e09cc5b63596672bc831254f25a2af1453d919d5d88e7379,d792fd27a840cf24e8cf426f6c4e60e6c681ed07a7e8ce9036884781250a92cd,0,172,"[""O"", ""C"", ""O"", ""C"", ""C"", ""C"", ""C"", ""C"", ""C"", ""N"", ""C"", ""C"", ""C"", ""C"", ""C"", ""C"", ""C"", ""C"", ""C"", ""C"", ""Cl"", ""C"", ""Cl"", ""C"", ""C"", ""C"", ""H"", ""H"", ""H"", ""H"", ""H"", ""H"", ""H"", ""H"", ""H"", ""H"", ""H"", ""H"", ""H"", ""H"", ""H"", ""H"", ""H"", ""O"", ""C"", ""O"", ""C"", ""C"", ""C"", ""C"", ""C"", ""C"", ""N"", ""C"", ""C"", ""C"", ""C"", ""C"", ""C"", ""C"", ""C"", ""C"", ""C"", ""Cl"", ""C"", ""Cl"", ""C"", ""C"", ""C"", ""H"", ""H"", ""H"", ""H"", ""H"", ""H"", ""H"", ""H"", ""H"", ""H"", ""H"", ""H"", ""H"", ""H"", ""H"", ""H"", ""H"", ""O"", ""C"", ""O"", ""C"", ""C"", ""C"", ""C"", ""C"", ""C"", ""N"", ""C"", ""C"", ""C"", ""C"", ""C"", ""C"", ""C"", ""C"", ""C"", ""C"", ""Cl"", ""C"", ""Cl"", ""C"", ""C"", ""C"", ""H"", ""H"", ""H"", ""H"", ""H"", ""H"", ""H"", ""H"", ""H"", ""H"", ""H"", ""H"", ""H"", ""H"", ""H"", ""H"", ""H"", ""O"", ""C"", ""O"", ""C"", ""C"", ""C"", ""C"", ""C"", ""C"", ""N"", ""C"", ""C"", ""C"", ""C"", ""C"", ""C"", ""C"", ""C"", ""C"", ""C"", ""Cl"", ""C"", ""Cl"", ""C"", ""C"", ""C"", ""H"", ""H"", ""H"", ""H"", ""H"", ""H"", ""H"", ""H"", ""H"", ""H"", ""H"", ""H"", ""H"", ""H"", ""H"", ""H"", ""H""]",C84H68Cl8N4O8,"[true, true, true]","[13.455397524273295, 0.0, 0.0, -3.500038610641789, 20.730225091873773, 0.0, -0.030555129831686435, 3.491685918986777, 17.641205044429043]",4920.7216450056,[],"{""cutoff=6.000_skin=0.000"": 6180, ""cutoff=6.000_skin=0.500"": 7778}",0.0,,
OPT-RFT-XAFPAY172-R512-v1,16360d404e1cc8ec5ea026f69f45c1e0d210a4962a9adca338d6dcf7b609da30,OPT-RFT-XAFPAY172-R512-v1:0339,XAFPAY_C2_14_4955_z1_43,c5cef8058359d6119cfce215f7cb398739415850ab8d888eb328367d8966b3fb,339,cross_family_test_set,XAFPAY/structures/XAFPAY_C2_14_4955_z1_43.cif,928e8b9dbdeb19462485e4616a32a69171251477d6e591a6b6faecc474a3513b,c5cef8058359d6119cfce215f7cb398739415850ab8d888eb328367d8966b3fb,0,172,"[""O"", ""C"", ""O"", ""C"", ""C"", ""C"", ""C"", ""C"", ""C"", ""N"", ""C"", ""C"", ""C"", ""C"", ""C"", ""C"", ""C"", ""C"", ""C"", ""C"", ""Cl"", ""C"", ""Cl"", ""C"", ""C"", ""C"", ""H"", ""H"", ""H"", ""H"", ""H"", ""H"", ""H"", ""H"", ""H"", ""H"", ""H"", ""H"", ""H"", ""H"", ""H"", ""H"", ""H"", ""O"", ""C"", ""O"", ""C"", ""C"", ""C"", ""C"", ""C"", ""C"", ""N"", ""C"", ""C"", ""C"", ""C"", ""C"", ""C"", ""C"", ""C"", ""C"", ""C"", ""Cl"", ""C"", ""Cl"", ""C"", ""C"", ""C"", ""H"", ""H"", ""H"", ""H"", ""H"", ""H"", ""H"", ""H"", ""H"", ""H"", ""H"", ""H"", ""H"", ""H"", ""H"", ""H"", ""H"", ""O"", ""C"", ""O"", ""C"", ""C"", ""C"", ""C"", ""C"", ""C"", ""N"", ""C"", ""C"", ""C"", ""C"", ""C"", ""C"", ""C"", ""C"", ""C"", ""C"", ""Cl"", ""C"", ""Cl"", ""C"", ""C"", ""C"", ""H"", ""H"", ""H"", ""H"", ""H"", ""H"", ""H"", ""H"", ""H"", ""H"", ""H"", ""H"", ""H"", ""H"", ""H"", ""H"", ""H"", ""O"", ""C"", ""O"", ""C"", ""C"", ""C"", ""C"", ""C"", ""C"", ""N"", ""C"", ""C"", ""C"", ""C"", ""C"", ""C"", ""C"", ""C"", ""C"", ""C"", ""Cl"", ""C"", ""Cl"", ""C"", ""C"", ""C"", ""H"", ""H"", ""H"", ""H"", ""H"", ""H"", ""H"", ""H"", ""H"", ""H"", ""H"", ""H"", ""H"", ""H"", ""H"", ""H"", ""H""]",C84H68Cl8N4O8,"[true, true, true]","[12.374188540868012, 0.0, 0.0, 0.0, 17.99866372937374, 0.0, -1.9078041812878328, 0.0, 18.478929486145663]",4115.6060809196015,[],"{""cutoff=6.000_skin=0.000"": 6188, ""cutoff=6.000_skin=0.500"": 7504}",0.0,,
OPT-RFT-XAFPAY172-R512-v1,16360d404e1cc8ec5ea026f69f45c1e0d210a4962a9adca338d6dcf7b609da30,OPT-RFT-XAFPAY172-R512-v1:0340,XAFPAY_C2_14_754_z1_43,0920a26d5d59818a69ed55bbeced24a0e1d90ea2f38830e3f11ade2541e1fe81,340,cross_family_test_set,XAFPAY/structures/XAFPAY_C2_14_754_z1_43.cif,ec9b5ecc9c3384325805a27f715dc477e24b89978bc2a3225586e593576d4956,0920a26d5d59818a69ed55bbeced24a0e1d90ea2f38830e3f11ade2541e1fe81,0,172,"[""O"", ""C"", ""O"", ""C"", ""C"", ""C"", ""C"", ""C"", ""C"", ""N"", ""C"", ""C"", ""C"", ""C"", ""C"", ""C"", ""C"", ""C"", ""C"", ""C"", ""Cl"", ""C"", ""Cl"", ""C"", ""C"", ""C"", ""H"", ""H"", ""H"", ""H"", ""H"", ""H"", ""H"", ""H"", ""H"", ""H"", ""H"", ""H"", ""H"", ""H"", ""H"", ""H"", ""H"", ""O"", ""C"", ""O"", ""C"", ""C"", ""C"", ""C"", ""C"", ""C"", ""N"", ""C"", ""C"", ""C"", ""C"", ""C"", ""C"", ""C"", ""C"", ""C"", ""C"", ""Cl"", ""C"", ""Cl"", ""C"", ""C"", ""C"", ""H"", ""H"", ""H"", ""H"", ""H"", ""H"", ""H"", ""H"", ""H"", ""H"", ""H"", ""H"", ""H"", ""H"", ""H"", ""H"", ""H"", ""O"", ""C"", ""O"", ""C"", ""C"", ""C"", ""C"", ""C"", ""C"", ""N"", ""C"", ""C"", ""C"", ""C"", ""C"", ""C"", ""C"", ""C"", ""C"", ""C"", ""Cl"", ""C"", ""Cl"", ""C"", ""C"", ""C"", ""H"", ""H"", ""H"", ""H"", ""H"", ""H"", ""H"", ""H"", ""H"", ""H"", ""H"", ""H"", ""H"", ""H"", ""H"", ""H"", ""H"", ""O"", ""C"", ""O"", ""C"", ""C"", ""C"", ""C"", ""C"", ""C"", ""N"", ""C"", ""C"", ""C"", ""C"", ""C"", ""C"", ""C"", ""C"", ""C"", ""C"", ""Cl"", ""C"", ""Cl"", ""C"", ""C"", ""C"", ""H"", ""H"", ""H"", ""H"", ""H"", ""H"", ""H"", ""H"", ""H"", ""H"", ""H"", ""H"", ""H"", ""H"", ""H"", ""H"", ""H""]",C84H68Cl8N4O8,"[true, true, true]","[21.988514486580492, 0.0, 0.0, 0.0, 10.69851260190621, 0.0, -6.678873036359444, 0.0, 21.95128659905705]",5163.917230557096,[],"{""cutoff=6.000_skin=0.000"": 6192, ""cutoff=6.000_skin=0.500"": 7196}",0.0,,
OPT-RFT-XAFPAY172-R512-v1,16360d404e1cc8ec5ea026f69f45c1e0d210a4962a9adca338d6dcf7b609da30,OPT-RFT-XAFPAY172-R512-v1:0341,XAFPAY_C4_2_11086_z2_86,8bdc87f4f117f952cc69dae28d544b1717876ee5e27e21a370a034d4183b0879,341,cross_family_test_set,XAFPAY/structures/XAFPAY_C4_2_11086_z2_86.cif,2313acd13622652bf14f9dcbff9fa2e123b1d6336073bc4101511f5462b2a51f,8bdc87f4f117f952cc69dae28d544b1717876ee5e27e21a370a034d4183b0879,0,172,"[""O"", ""C"", ""O"", ""C"", ""C"", ""C"", ""C"", ""C"", ""C"", ""N"", ""C"", ""C"", ""C"", ""C"", ""C"", ""C"", ""C"", ""C"", ""C"", ""C"", ""Cl"", ""C"", ""Cl"", ""C"", ""C"", ""C"", ""H"", ""H"", ""H"", ""H"", ""H"", ""H"", ""H"", ""H"", ""H"", ""H"", ""H"", ""H"", ""H"", ""H"", ""H"", ""H"", ""H"", ""O"", ""C"", ""O"", ""C"", ""C"", ""C"", ""C"", ""C"", ""C"", ""N"", ""C"", ""C"", ""C"", ""C"", ""C"", ""C"", ""C"", ""C"", ""C"", ""C"", ""Cl"", ""C"", ""Cl"", ""C"", ""C"", ""C"", ""H"", ""H"", ""H"", ""H"", ""H"", ""H"", ""H"", ""H"", ""H"", ""H"", ""H"", ""H"", ""H"", ""H"", ""H"", ""H"", ""H"", ""O"", ""C"", ""O"", ""C"", ""C"", ""C"", ""C"", ""C"", ""C"", ""N"", ""C"", ""C"", ""C"", ""C"", ""C"", ""C"", ""C"", ""C"", ""C"", ""C"", ""Cl"", ""C"", ""Cl"", ""C"", ""C"", ""C"", ""H"", ""H"", ""H"", ""H"", ""H"", ""H"", ""H"", ""H"", ""H"", ""H"", ""H"", ""H"", ""H"", ""H"", ""H"", ""H"", ""H"", ""O"", ""C"", ""O"", ""C"", ""C"", ""C"", ""C"", ""C"", ""C"", ""N"", ""C"", ""C"", ""C"", ""C"", ""C"", ""C"", ""C"", ""C"", ""C"", ""C"", ""Cl"", ""C"", ""Cl"", ""C"", ""C"", ""C"", ""H"", ""H"", ""H"", ""H"", ""H"", ""H"", ""H"", ""H"", ""H"", ""H"", ""H"", ""H"", ""H"", ""H"", ""H"", ""H"", ""H""]",C84H68Cl8N4O8,"[true, true, true]","[13.865117837363258, 0.0, 0.0, 1.0840228229421698, 23.585969168079195, 0.0, -3.1137124813501837, -2.9078859511057393, 17.85153282279066]",5837.8482837007705,[],"{""cutoff=6.000_skin=0.000"": 6200, ""cutoff=6.000_skin=0.500"": 7502}",0.0,,
OPT-RFT-XAFPAY172-R512-v1,16360d404e1cc8ec5ea026f69f45c1e0d210a4962a9adca338d6dcf7b609da30,OPT-RFT-XAFPAY172-R512-v1:0342,XAFPAY_C2_14_2025_z1_43,b7fc41e94155ea6e8901328e831159210a5bfd403104ce743de99d8ae8b90907,342,cross_family_test_set,XAFPAY/structures/XAFPAY_C2_14_2025_z1_43.cif,5dc2cd7b0c3c3d1f4bf5db062354429947f47085cc7b3d2e95287b385f749120,b7fc41e94155ea6e8901328e831159210a5bfd403104ce743de99d8ae8b90907,0,172,"[""O"", ""C"", ""O"", ""C"", ""C"", ""C"", ""C"", ""C"", ""C"", ""N"", ""C"", ""C"", ""C"", ""C"", ""C"", ""C"", ""C"", ""C"", ""C"", ""C"", ""Cl"", ""C"", ""Cl"", ""C"", ""C"", ""C"", ""H"", ""H"", ""H"", ""H"", ""H"", ""H"", ""H"", ""H"", ""H"", ""H"", ""H"", ""H"", ""H"", ""H"", ""H"", ""H"", ""H"", ""O"", ""C"", ""O"", ""C"", ""C"", ""C"", ""C"", ""C"", ""C"", ""N"", ""C"", ""C"", ""C"", ""C"", ""C"", ""C"", ""C"", ""C"", ""C"", ""C"", ""Cl"", ""C"", ""Cl"", ""C"", ""C"", ""C"", ""H"", ""H"", ""H"", ""H"", ""H"", ""H"", ""H"", ""H"", ""H"", ""H"", ""H"", ""H"", ""H"", ""H"", ""H"", ""H"", ""H"", ""O"", ""C"", ""O"", ""C"", ""C"", ""C"", ""C"", ""C"", ""C"", ""N"", ""C"", ""C"", ""C"", ""C"", ""C"", ""C"", ""C"", ""C"", ""C"", ""C"", ""Cl"", ""C"", ""Cl"", ""C"", ""C"", ""C"", ""H"", ""H"", ""H"", ""H"", ""H"", ""H"", ""H"", ""H"", ""H"", ""H"", ""H"", ""H"", ""H"", ""H"", ""H"", ""H"", ""H"", ""O"", ""C"", ""O"", ""C"", ""C"", ""C"", ""C"", ""C"", ""C"", ""N"", ""C"", ""C"", ""C"", ""C"", ""C"", ""C"", ""C"", ""C"", ""C"", ""C"", ""Cl"", ""C"", ""Cl"", ""C"", ""C"", ""C"", ""H"", ""H"", ""H"", ""H"", ""H"", ""H"", ""H"", ""H"", ""H"", ""H"", ""H"", ""H"", ""H"", ""H"", ""H"", ""H"", ""H""]",C84H68Cl8N4O8,"[true, true, true]","[17.615585611624738, 0.0, 0.0, 0.0, 21.671058427332483, 0.0, -8.445594954586165, 0.0, 14.309945630141279]",5462.798634047566,[],"{""cutoff=6.000_skin=0.000"": 6204, ""cutoff=6.000_skin=0.500"": 7412}",0.0,,
OPT-RFT-XAFPAY172-R512-v1,16360d404e1cc8ec5ea026f69f45c1e0d210a4962a9adca338d6dcf7b609da30,OPT-RFT-XAFPAY172-R512-v1:0343,XAFPAY_C3_2_17929_z2_86,78b9409f4ddce7c8d3e66ccec4a08a0de896b186b944835e0b606bf5e2f38f9c,343,cross_family_test_set,XAFPAY/structures/XAFPAY_C3_2_17929_z2_86.cif,f7f8f48acf80003cde6cbd011123ec294415f3e460a08ef75e03bbae91f242ef,78b9409f4ddce7c8d3e66ccec4a08a0de896b186b944835e0b606bf5e2f38f9c,0,172,"[""O"", ""C"", ""O"", ""C"", ""C"", ""C"", ""C"", ""C"", ""C"", ""N"", ""C"", ""C"", ""C"", ""C"", ""C"", ""C"", ""C"", ""C"", ""C"", ""C"", ""Cl"", ""C"", ""Cl"", ""C"", ""C"", ""C"", ""H"", ""H"", ""H"", ""H"", ""H"", ""H"", ""H"", ""H"", ""H"", ""H"", ""H"", ""H"", ""H"", ""H"", ""H"", ""H"", ""H"", ""O"", ""C"", ""O"", ""C"", ""C"", ""C"", ""C"", ""C"", ""C"", ""N"", ""C"", ""C"", ""C"", ""C"", ""C"", ""C"", ""C"", ""C"", ""C"", ""C"", ""Cl"", ""C"", ""Cl"", ""C"", ""C"", ""C"", ""H"", ""H"", ""H"", ""H"", ""H"", ""H"", ""H"", ""H"", ""H"", ""H"", ""H"", ""H"", ""H"", ""H"", ""H"", ""H"", ""H"", ""O"", ""C"", ""O"", ""C"", ""C"", ""C"", ""C"", ""C"", ""C"", ""N"", ""C"", ""C"", ""C"", ""C"", ""C"", ""C"", ""C"", ""C"", ""C"", ""C"", ""Cl"", ""C"", ""Cl"", ""C"", ""C"", ""C"", ""H"", ""H"", ""H"", ""H"", ""H"", ""H"", ""H"", ""H"", ""H"", ""H"", ""H"", ""H"", ""H"", ""H"", ""H"", ""H"", ""H"", ""O"", ""C"", ""O"", ""C"", ""C"", ""C"", ""C"", ""C"", ""C"", ""N"", ""C"", ""C"", ""C"", ""C"", ""C"", ""C"", ""C"", ""C"", ""C"", ""C"", ""Cl"", ""C"", ""Cl"", ""C"", ""C"", ""C"", ""H"", ""H"", ""H"", ""H"", ""H"", ""H"", ""H"", ""H"", ""H"", ""H"", ""H"", ""H"", ""H"", ""H"", ""H"", ""H"", ""H""]",C84H68Cl8N4O8,"[true, true, true]","[28.512584667706193, 0.0, 0.0, 2.523823862414703, 14.161796394611352, 0.0, -0.03229895896269045, -5.251016211490299, 12.518200712102045]",5054.716989312645,[],"{""cutoff=6.000_skin=0.000"": 6206, ""cutoff=6.000_skin=0.500"": 7662}",0.0,,
OPT-RFT-XAFPAY172-R512-v1,16360d404e1cc8ec5ea026f69f45c1e0d210a4962a9adca338d6dcf7b609da30,OPT-RFT-XAFPAY172-R512-v1:0344,XAFPAY_C1_14_472_z1_43,d2e9c1b4038e657cd85f4dd2cb8654edc8a3b69a9a2af73ce16582035ad945a9,344,cross_family_test_set,XAFPAY/structures/XAFPAY_C1_14_472_z1_43.cif,9e24a5de9de5fd5ffad5797b4a138f000cd4fd6a0a87108bd065d0a17b44755a,d2e9c1b4038e657cd85f4dd2cb8654edc8a3b69a9a2af73ce16582035ad945a9,0,172,"[""O"", ""C"", ""O"", ""C"", ""C"", ""C"", ""C"", ""C"", ""C"", ""N"", ""C"", ""C"", ""C"", ""C"", ""C"", ""C"", ""C"", ""C"", ""C"", ""C"", ""Cl"", ""C"", ""Cl"", ""C"", ""C"", ""C"", ""H"", ""H"", ""H"", ""H"", ""H"", ""H"", ""H"", ""H"", ""H"", ""H"", ""H"", ""H"", ""H"", ""H"", ""H"", ""H"", ""H"", ""O"", ""C"", ""O"", ""C"", ""C"", ""C"", ""C"", ""C"", ""C"", ""N"", ""C"", ""C"", ""C"", ""C"", ""C"", ""C"", ""C"", ""C"", ""C"", ""C"", ""Cl"", ""C"", ""Cl"", ""C"", ""C"", ""C"", ""H"", ""H"", ""H"", ""H"", ""H"", ""H"", ""H"", ""H"", ""H"", ""H"", ""H"", ""H"", ""H"", ""H"", ""H"", ""H"", ""H"", ""O"", ""C"", ""O"", ""C"", ""C"", ""C"", ""C"", ""C"", ""C"", ""N"", ""C"", ""C"", ""C"", ""C"", ""C"", ""C"", ""C"", ""C"", ""C"", ""C"", ""Cl"", ""C"", ""Cl"", ""C"", ""C"", ""C"", ""H"", ""H"", ""H"", ""H"", ""H"", ""H"", ""H"", ""H"", ""H"", ""H"", ""H"", ""H"", ""H"", ""H"", ""H"", ""H"", ""H"", ""O"", ""C"", ""O"", ""C"", ""C"", ""C"", ""C"", ""C"", ""C"", ""N"", ""C"", ""C"", ""C"", ""C"", ""C"", ""C"", ""C"", ""C"", ""C"", ""C"", ""Cl"", ""C"", ""Cl"", ""C"", ""C"", ""C"", ""H"", ""H"", ""H"", ""H"", ""H"", ""H"", ""H"", ""H"", ""H"", ""H"", ""H"", ""H"", ""H"", ""H"", ""H"", ""H"", ""H""]",C84H68Cl8N4O8,"[true, true, true]","[19.407571702264462, 0.0, 0.0, 0.0, 14.245647711513328, 0.0, -10.667093657575046, 0.0, 14.692899355493141]",4062.1962727361906,[],"{""cutoff=6.000_skin=0.000"": 6212, ""cutoff=6.000_skin=0.500"": 7760}",0.0,,
OPT-RFT-XAFPAY172-R512-v1,16360d404e1cc8ec5ea026f69f45c1e0d210a4962a9adca338d6dcf7b609da30,OPT-RFT-XAFPAY172-R512-v1:0345,XAFPAY_C2_2_1358_z2_86,e4a81f58ae65066858d75ff633096ae61e09599521897980c0f2fd86515f596e,345,cross_family_test_set,XAFPAY/structures/XAFPAY_C2_2_1358_z2_86.cif,b632cb3e47a88adef69f0e9acfe5b59c2d78e1a89c28d6339ceddedf27724363,e4a81f58ae65066858d75ff633096ae61e09599521897980c0f2fd86515f596e,0,172,"[""O"", ""C"", ""O"", ""C"", ""C"", ""C"", ""C"", ""C"", ""C"", ""N"", ""C"", ""C"", ""C"", ""C"", ""C"", ""C"", ""C"", ""C"", ""C"", ""C"", ""Cl"", ""C"", ""Cl"", ""C"", ""C"", ""C"", ""H"", ""H"", ""H"", ""H"", ""H"", ""H"", ""H"", ""H"", ""H"", ""H"", ""H"", ""H"", ""H"", ""H"", ""H"", ""H"", ""H"", ""O"", ""C"", ""O"", ""C"", ""C"", ""C"", ""C"", ""C"", ""C"", ""N"", ""C"", ""C"", ""C"", ""C"", ""C"", ""C"", ""C"", ""C"", ""C"", ""C"", ""Cl"", ""C"", ""Cl"", ""C"", ""C"", ""C"", ""H"", ""H"", ""H"", ""H"", ""H"", ""H"", ""H"", ""H"", ""H"", ""H"", ""H"", ""H"", ""H"", ""H"", ""H"", ""H"", ""H"", ""O"", ""C"", ""O"", ""C"", ""C"", ""C"", ""C"", ""C"", ""C"", ""N"", ""C"", ""C"", ""C"", ""C"", ""C"", ""C"", ""C"", ""C"", ""C"", ""C"", ""Cl"", ""C"", ""Cl"", ""C"", ""C"", ""C"", ""H"", ""H"", ""H"", ""H"", ""H"", ""H"", ""H"", ""H"", ""H"", ""H"", ""H"", ""H"", ""H"", ""H"", ""H"", ""H"", ""H"", ""O"", ""C"", ""O"", ""C"", ""C"", ""C"", ""C"", ""C"", ""C"", ""N"", ""C"", ""C"", ""C"", ""C"", ""C"", ""C"", ""C"", ""C"", ""C"", ""C"", ""Cl"", ""C"", ""Cl"", ""C"", ""C"", ""C"", ""H"", ""H"", ""H"", ""H"", ""H"", ""H"", ""H"", ""H"", ""H"", ""H"", ""H"", ""H"", ""H"", ""H"", ""H"", ""H"", ""H""]",C84H68Cl8N4O8,"[true, true, true]","[21.27878045028568, 0.0, 0.0, -4.544033954071655, 16.881725387521684, 0.0, 5.380847060432532, 1.5292373263148031, 15.25013879816827]",5478.193413610995,[],"{""cutoff=6.000_skin=0.000"": 6224, ""cutoff=6.000_skin=0.500"": 7438}",0.0,,
OPT-RFT-XAFPAY172-R512-v1,16360d404e1cc8ec5ea026f69f45c1e0d210a4962a9adca338d6dcf7b609da30,OPT-RFT-XAFPAY172-R512-v1:0346,XAFPAY_C2_2_12104_z2_86,d0fa7fb01161cdca2d10a5ade61f7f215424ad96a3e9a247ae110b1ae902b29e,346,cross_family_test_set,XAFPAY/structures/XAFPAY_C2_2_12104_z2_86.cif,5a801c141cafb3a90a17128703de00902fcb6d4607d6be508f3990285c4d43c8,d0fa7fb01161cdca2d10a5ade61f7f215424ad96a3e9a247ae110b1ae902b29e,0,172,"[""O"", ""C"", ""O"", ""C"", ""C"", ""C"", ""C"", ""C"", ""C"", ""N"", ""C"", ""C"", ""C"", ""C"", ""C"", ""C"", ""C"", ""C"", ""C"", ""C"", ""Cl"", ""C"", ""Cl"", ""C"", ""C"", ""C"", ""H"", ""H"", ""H"", ""H"", ""H"", ""H"", ""H"", ""H"", ""H"", ""H"", ""H"", ""H"", ""H"", ""H"", ""H"", ""H"", ""H"", ""O"", ""C"", ""O"", ""C"", ""C"", ""C"", ""C"", ""C"", ""C"", ""N"", ""C"", ""C"", ""C"", ""C"", ""C"", ""C"", ""C"", ""C"", ""C"", ""C"", ""Cl"", ""C"", ""Cl"", ""C"", ""C"", ""C"", ""H"", ""H"", ""H"", ""H"", ""H"", ""H"", ""H"", ""H"", ""H"", ""H"", ""H"", ""H"", ""H"", ""H"", ""H"", ""H"", ""H"", ""O"", ""C"", ""O"", ""C"", ""C"", ""C"", ""C"", ""C"", ""C"", ""N"", ""C"", ""C"", ""C"", ""C"", ""C"", ""C"", ""C"", ""C"", ""C"", ""C"", ""Cl"", ""C"", ""Cl"", ""C"", ""C"", ""C"", ""H"", ""H"", ""H"", ""H"", ""H"", ""H"", ""H"", ""H"", ""H"", ""H"", ""H"", ""H"", ""H"", ""H"", ""H"", ""H"", ""H"", ""O"", ""C"", ""O"", ""C"", ""C"", ""C"", ""C"", ""C"", ""C"", ""N"", ""C"", ""C"", ""C"", ""C"", ""C"", ""C"", ""C"", ""C"", ""C"", ""C"", ""Cl"", ""C"", ""Cl"", ""C"", ""C"", ""C"", ""H"", ""H"", ""H"", ""H"", ""H"", ""H"", ""H"", ""H"", ""H"", ""H"", ""H"", ""H"", ""H"", ""H"", ""H"", ""H"", ""H""]",C84H68Cl8N4O8,"[true, true, true]","[16.849163395067876, 0.0, 0.0, -1.8020757924340507, 16.097754979227293, 0.0, -1.9945163634742649, -0.09959582900662671, 19.20134416942662]",5208.051699676653,[],"{""cutoff=6.000_skin=0.000"": 6230, ""cutoff=6.000_skin=0.500"": 7556}",0.0,,
OPT-RFT-XAFPAY172-R512-v1,16360d404e1cc8ec5ea026f69f45c1e0d210a4962a9adca338d6dcf7b609da30,OPT-RFT-XAFPAY172-R512-v1:0347,XAFPAY_C2_14_1457_z1_43,7fd8aae349ec79cc7d5478562a809db713d73b1a81835faf7840cbfbafdc7646,347,cross_family_test_set,XAFPAY/structures/XAFPAY_C2_14_1457_z1_43.cif,56a144897f1ad5278d064c11e59b8651cec0f7fcffa882c36d5aeee2ade5465a,7fd8aae349ec79cc7d5478562a809db713d73b1a81835faf7840cbfbafdc7646,0,172,"[""O"", ""C"", ""O"", ""C"", ""C"", ""C"", ""C"", ""C"", ""C"", ""N"", ""C"", ""C"", ""C"", ""C"", ""C"", ""C"", ""C"", ""C"", ""C"", ""C"", ""Cl"", ""C"", ""Cl"", ""C"", ""C"", ""C"", ""H"", ""H"", ""H"", ""H"", ""H"", ""H"", ""H"", ""H"", ""H"", ""H"", ""H"", ""H"", ""H"", ""H"", ""H"", ""H"", ""H"", ""O"", ""C"", ""O"", ""C"", ""C"", ""C"", ""C"", ""C"", ""C"", ""N"", ""C"", ""C"", ""C"", ""C"", ""C"", ""C"", ""C"", ""C"", ""C"", ""C"", ""Cl"", ""C"", ""Cl"", ""C"", ""C"", ""C"", ""H"", ""H"", ""H"", ""H"", ""H"", ""H"", ""H"", ""H"", ""H"", ""H"", ""H"", ""H"", ""H"", ""H"", ""H"", ""H"", ""H"", ""O"", ""C"", ""O"", ""C"", ""C"", ""C"", ""C"", ""C"", ""C"", ""N"", ""C"", ""C"", ""C"", ""C"", ""C"", ""C"", ""C"", ""C"", ""C"", ""C"", ""Cl"", ""C"", ""Cl"", ""C"", ""C"", ""C"", ""H"", ""H"", ""H"", ""H"", ""H"", ""H"", ""H"", ""H"", ""H"", ""H"", ""H"", ""H"", ""H"", ""H"", ""H"", ""H"", ""H"", ""O"", ""C"", ""O"", ""C"", ""C"", ""C"", ""C"", ""C"", ""C"", ""N"", ""C"", ""C"", ""C"", ""C"", ""C"", ""C"", ""C"", ""C"", ""C"", ""C"", ""Cl"", ""C"", ""Cl"", ""C"", ""C"", ""C"", ""H"", ""H"", ""H"", ""H"", ""H"", ""H"", ""H"", ""H"", ""H"", ""H"", ""H"", ""H"", ""H"", ""H"", ""H"", ""H"", ""H""]",C84H68Cl8N4O8,"[true, true, true]","[13.307784416309566, 0.0, 0.0, 0.0, 17.1763435365527, 0.0, 1.5654602293557152, 0.0, 22.240868757281696]",5083.7972487683755,[],"{""cutoff=6.000_skin=0.000"": 6240, ""cutoff=6.000_skin=0.500"": 7708}",0.0,,
OPT-RFT-XAFPAY172-R512-v1,16360d404e1cc8ec5ea026f69f45c1e0d210a4962a9adca338d6dcf7b609da30,OPT-RFT-XAFPAY172-R512-v1:0348,XAFPAY_C2_2_4376_z2_86,b588e4ca52ecc8c2a481f1a1369c0a36401352430d0d87fe146b822e41666bb8,348,cross_family_test_set,XAFPAY/structures/XAFPAY_C2_2_4376_z2_86.cif,d7a8aeee77b14de2b4c5a4e8791b42a41f43d30cd4407af30290122b43735fdf,b588e4ca52ecc8c2a481f1a1369c0a36401352430d0d87fe146b822e41666bb8,0,172,"[""O"", ""C"", ""O"", ""C"", ""C"", ""C"", ""C"", ""C"", ""C"", ""N"", ""C"", ""C"", ""C"", ""C"", ""C"", ""C"", ""C"", ""C"", ""C"", ""C"", ""Cl"", ""C"", ""Cl"", ""C"", ""C"", ""C"", ""H"", ""H"", ""H"", ""H"", ""H"", ""H"", ""H"", ""H"", ""H"", ""H"", ""H"", ""H"", ""H"", ""H"", ""H"", ""H"", ""H"", ""O"", ""C"", ""O"", ""C"", ""C"", ""C"", ""C"", ""C"", ""C"", ""N"", ""C"", ""C"", ""C"", ""C"", ""C"", ""C"", ""C"", ""C"", ""C"", ""C"", ""Cl"", ""C"", ""Cl"", ""C"", ""C"", ""C"", ""H"", ""H"", ""H"", ""H"", ""H"", ""H"", ""H"", ""H"", ""H"", ""H"", ""H"", ""H"", ""H"", ""H"", ""H"", ""H"", ""H"", ""O"", ""C"", ""O"", ""C"", ""C"", ""C"", ""C"", ""C"", ""C"", ""N"", ""C"", ""C"", ""C"", ""C"", ""C"", ""C"", ""C"", ""C"", ""C"", ""C"", ""Cl"", ""C"", ""Cl"", ""C"", ""C"", ""C"", ""H"", ""H"", ""H"", ""H"", ""H"", ""H"", ""H"", ""H"", ""H"", ""H"", ""H"", ""H"", ""H"", ""H"", ""H"", ""H"", ""H"", ""O"", ""C"", ""O"", ""C"", ""C"", ""C"", ""C"", ""C"", ""C"", ""N"", ""C"", ""C"", ""C"", ""C"", ""C"", ""C"", ""C"", ""C"", ""C"", ""C"", ""Cl"", ""C"", ""Cl"", ""C"", ""C"", ""C"", ""H"", ""H"", ""H"", ""H"", ""H"", ""H"", ""H"", ""H"", ""H"", ""H"", ""H"", ""H"", ""H"", ""H"", ""H"", ""H"", ""H""]",C84H68Cl8N4O8,"[true, true, true]","[17.65338618636641, 0.0, 0.0, -6.457348689061647, 17.686910289087024, 0.0, 5.613440311242631, 2.92765172713775, 16.69725630027277]",5213.448748923328,[],"{""cutoff=6.000_skin=0.000"": 6244, ""cutoff=6.000_skin=0.500"": 7850}",0.0,,
OPT-RFT-XAFPAY172-R512-v1,16360d404e1cc8ec5ea026f69f45c1e0d210a4962a9adca338d6dcf7b609da30,OPT-RFT-XAFPAY172-R512-v1:0349,XAFPAY_C1_2_14885_z2_86,f0e79d993dd0a0e96dd1a5cdf91d7537b308f95a36bb85dab82233c85da990fa,349,cross_family_test_set,XAFPAY/structures/XAFPAY_C1_2_14885_z2_86.cif,507793515d4b8cede1829f7f46735178d338ca6c565872a0a6594099fd86a448,f0e79d993dd0a0e96dd1a5cdf91d7537b308f95a36bb85dab82233c85da990fa,0,172,"[""O"", ""C"", ""O"", ""C"", ""C"", ""C"", ""C"", ""C"", ""C"", ""N"", ""C"", ""C"", ""C"", ""C"", ""C"", ""C"", ""C"", ""C"", ""C"", ""C"", ""Cl"", ""C"", ""Cl"", ""C"", ""C"", ""C"", ""H"", ""H"", ""H"", ""H"", ""H"", ""H"", ""H"", ""H"", ""H"", ""H"", ""H"", ""H"", ""H"", ""H"", ""H"", ""H"", ""H"", ""O"", ""C"", ""O"", ""C"", ""C"", ""C"", ""C"", ""C"", ""C"", ""N"", ""C"", ""C"", ""C"", ""C"", ""C"", ""C"", ""C"", ""C"", ""C"", ""C"", ""Cl"", ""C"", ""Cl"", ""C"", ""C"", ""C"", ""H"", ""H"", ""H"", ""H"", ""H"", ""H"", ""H"", ""H"", ""H"", ""H"", ""H"", ""H"", ""H"", ""H"", ""H"", ""H"", ""H"", ""O"", ""C"", ""O"", ""C"", ""C"", ""C"", ""C"", ""C"", ""C"", ""N"", ""C"", ""C"", ""C"", ""C"", ""C"", ""C"", ""C"", ""C"", ""C"", ""C"", ""Cl"", ""C"", ""Cl"", ""C"", ""C"", ""C"", ""H"", ""H"", ""H"", ""H"", ""H"", ""H"", ""H"", ""H"", ""H"", ""H"", ""H"", ""H"", ""H"", ""H"", ""H"", ""H"", ""H"", ""O"", ""C"", ""O"", ""C"", ""C"", ""C"", ""C"", ""C"", ""C"", ""N"", ""C"", ""C"", ""C"", ""C"", ""C"", ""C"", ""C"", ""C"", ""C"", ""C"", ""Cl"", ""C"", ""Cl"", ""C"", ""C"", ""C"", ""H"", ""H"", ""H"", ""H"", ""H"", ""H"", ""H"", ""H"", ""H"", ""H"", ""H"", ""H"", ""H"", ""H"", ""H"", ""H"", ""H""]",C84H68Cl8N4O8,"[true, true, true]","[17.000277755877633, 0.0, 0.0, 4.7802017472582365, 16.54386045002432, 0.0, 3.489251887078398, -4.745037649860381, 16.779202149379646]",4719.154343001348,[],"{""cutoff=6.000_skin=0.000"": 6252, ""cutoff=6.000_skin=0.500"": 7782}",0.0,,
OPT-RFT-XAFPAY172-R512-v1,16360d404e1cc8ec5ea026f69f45c1e0d210a4962a9adca338d6dcf7b609da30,OPT-RFT-XAFPAY172-R512-v1:0350,XAFPAY_C3_2_12885_z2_86,52196c7a65a423fc9ff4d10bc36eb2127326ec7d9aabc3a288a602e93007fb29,350,cross_family_test_set,XAFPAY/structures/XAFPAY_C3_2_12885_z2_86.cif,4f8cca5273cce83b887c702138440d3ba728151a86fefea5a09bc637272b7817,52196c7a65a423fc9ff4d10bc36eb2127326ec7d9aabc3a288a602e93007fb29,0,172,"[""O"", ""C"", ""O"", ""C"", ""C"", ""C"", ""C"", ""C"", ""C"", ""N"", ""C"", ""C"", ""C"", ""C"", ""C"", ""C"", ""C"", ""C"", ""C"", ""C"", ""Cl"", ""C"", ""Cl"", ""C"", ""C"", ""C"", ""H"", ""H"", ""H"", ""H"", ""H"", ""H"", ""H"", ""H"", ""H"", ""H"", ""H"", ""H"", ""H"", ""H"", ""H"", ""H"", ""H"", ""O"", ""C"", ""O"", ""C"", ""C"", ""C"", ""C"", ""C"", ""C"", ""N"", ""C"", ""C"", ""C"", ""C"", ""C"", ""C"", ""C"", ""C"", ""C"", ""C"", ""Cl"", ""C"", ""Cl"", ""C"", ""C"", ""C"", ""H"", ""H"", ""H"", ""H"", ""H"", ""H"", ""H"", ""H"", ""H"", ""H"", ""H"", ""H"", ""H"", ""H"", ""H"", ""H"", ""H"", ""O"", ""C"", ""O"", ""C"", ""C"", ""C"", ""C"", ""C"", ""C"", ""N"", ""C"", ""C"", ""C"", ""C"", ""C"", ""C"", ""C"", ""C"", ""C"", ""C"", ""Cl"", ""C"", ""Cl"", ""C"", ""C"", ""C"", ""H"", ""H"", ""H"", ""H"", ""H"", ""H"", ""H"", ""H"", ""H"", ""H"", ""H"", ""H"", ""H"", ""H"", ""H"", ""H"", ""H"", ""O"", ""C"", ""O"", ""C"", ""C"", ""C"", ""C"", ""C"", ""C"", ""N"", ""C"", ""C"", ""C"", ""C"", ""C"", ""C"", ""C"", ""C"", ""C"", ""C"", ""Cl"", ""C"", ""Cl"", ""C"", ""C"", ""C"", ""H"", ""H"", ""H"", ""H"", ""H"", ""H"", ""H"", ""H"", ""H"", ""H"", ""H"", ""H"", ""H"", ""H"", ""H"", ""H"", ""H""]",C84H68Cl8N4O8,"[true, true, true]","[30.304840119238136, 0.0, 0.0, -0.2934500599643495, 15.070228740425938, 0.0, 0.4908301378182882, 0.14146604314935407, 10.065331739886364]",4596.845788000147,[],"{""cutoff=6.000_skin=0.000"": 6252, ""cutoff=6.000_skin=0.500"": 7918}",0.0,,
OPT-RFT-XAFPAY172-R512-v1,16360d404e1cc8ec5ea026f69f45c1e0d210a4962a9adca338d6dcf7b609da30,OPT-RFT-XAFPAY172-R512-v1:0351,XAFPAY_C4_14_3941_z1_43,a0edbbaba7c6f7bf0a4adf424f7659d72250536c1bd7ff0a3f6a8e521c72737d,351,cross_family_test_set,XAFPAY/structures/XAFPAY_C4_14_3941_z1_43.cif,9d478170eea16840c8bd86b4ad1f46c9069b3b1e9bbc91b66082d11243286712,a0edbbaba7c6f7bf0a4adf424f7659d72250536c1bd7ff0a3f6a8e521c72737d,0,172,"[""O"", ""C"", ""O"", ""C"", ""C"", ""C"", ""C"", ""C"", ""C"", ""N"", ""C"", ""C"", ""C"", ""C"", ""C"", ""C"", ""C"", ""C"", ""C"", ""C"", ""Cl"", ""C"", ""Cl"", ""C"", ""C"", ""C"", ""H"", ""H"", ""H"", ""H"", ""H"", ""H"", ""H"", ""H"", ""H"", ""H"", ""H"", ""H"", ""H"", ""H"", ""H"", ""H"", ""H"", ""O"", ""C"", ""O"", ""C"", ""C"", ""C"", ""C"", ""C"", ""C"", ""N"", ""C"", ""C"", ""C"", ""C"", ""C"", ""C"", ""C"", ""C"", ""C"", ""C"", ""Cl"", ""C"", ""Cl"", ""C"", ""C"", ""C"", ""H"", ""H"", ""H"", ""H"", ""H"", ""H"", ""H"", ""H"", ""H"", ""H"", ""H"", ""H"", ""H"", ""H"", ""H"", ""H"", ""H"", ""O"", ""C"", ""O"", ""C"", ""C"", ""C"", ""C"", ""C"", ""C"", ""N"", ""C"", ""C"", ""C"", ""C"", ""C"", ""C"", ""C"", ""C"", ""C"", ""C"", ""Cl"", ""C"", ""Cl"", ""C"", ""C"", ""C"", ""H"", ""H"", ""H"", ""H"", ""H"", ""H"", ""H"", ""H"", ""H"", ""H"", ""H"", ""H"", ""H"", ""H"", ""H"", ""H"", ""H"", ""O"", ""C"", ""O"", ""C"", ""C"", ""C"", ""C"", ""C"", ""C"", ""N"", ""C"", ""C"", ""C"", ""C"", ""C"", ""C"", ""C"", ""C"", ""C"", ""C"", ""Cl"", ""C"", ""Cl"", ""C"", ""C"", ""C"", ""H"", ""H"", ""H"", ""H"", ""H"", ""H"", ""H"", ""H"", ""H"", ""H"", ""H"", ""H"", ""H"", ""H"", ""H"", ""H"", ""H""]",C84H68Cl8N4O8,"[true, true, true]","[13.357118020173765, 0.0, 0.0, 0.0, 14.103790965152896, 0.0, 1.5793645980964224, 0.0, 27.312107302665854]",5145.218658703532,[],"{""cutoff=6.000_skin=0.000"": 6256, ""cutoff=6.000_skin=0.500"": 7544}",0.0,,
OPT-RFT-XAFPAY172-R512-v1,16360d404e1cc8ec5ea026f69f45c1e0d210a4962a9adca338d6dcf7b609da30,OPT-RFT-XAFPAY172-R512-v1:0352,XAFPAY_C2_14_969_z1_43,8b1f2907368f8c5acf8cc217d98a7cd3254040e256df0404aab1760471c29f24,352,cross_family_test_set,XAFPAY/structures/XAFPAY_C2_14_969_z1_43.cif,5b0c68e08b2b1948c47ad8914d3f72b897ba39cd744c29eafefec16cd33ca614,8b1f2907368f8c5acf8cc217d98a7cd3254040e256df0404aab1760471c29f24,0,172,"[""O"", ""C"", ""O"", ""C"", ""C"", ""C"", ""C"", ""C"", ""C"", ""N"", ""C"", ""C"", ""C"", ""C"", ""C"", ""C"", ""C"", ""C"", ""C"", ""C"", ""Cl"", ""C"", ""Cl"", ""C"", ""C"", ""C"", ""H"", ""H"", ""H"", ""H"", ""H"", ""H"", ""H"", ""H"", ""H"", ""H"", ""H"", ""H"", ""H"", ""H"", ""H"", ""H"", ""H"", ""O"", ""C"", ""O"", ""C"", ""C"", ""C"", ""C"", ""C"", ""C"", ""N"", ""C"", ""C"", ""C"", ""C"", ""C"", ""C"", ""C"", ""C"", ""C"", ""C"", ""Cl"", ""C"", ""Cl"", ""C"", ""C"", ""C"", ""H"", ""H"", ""H"", ""H"", ""H"", ""H"", ""H"", ""H"", ""H"", ""H"", ""H"", ""H"", ""H"", ""H"", ""H"", ""H"", ""H"", ""O"", ""C"", ""O"", ""C"", ""C"", ""C"", ""C"", ""C"", ""C"", ""N"", ""C"", ""C"", ""C"", ""C"", ""C"", ""C"", ""C"", ""C"", ""C"", ""C"", ""Cl"", ""C"", ""Cl"", ""C"", ""C"", ""C"", ""H"", ""H"", ""H"", ""H"", ""H"", ""H"", ""H"", ""H"", ""H"", ""H"", ""H"", ""H"", ""H"", ""H"", ""H"", ""H"", ""H"", ""O"", ""C"", ""O"", ""C"", ""C"", ""C"", ""C"", ""C"", ""C"", ""N"", ""C"", ""C"", ""C"", ""C"", ""C"", ""C"", ""C"", ""C"", ""C"", ""C"", ""Cl"", ""C"", ""Cl"", ""C"", ""C"", ""C"", ""H"", ""H"", ""H"", ""H"", ""H"", ""H"", ""H"", ""H"", ""H"", ""H"", ""H"", ""H"", ""H"", ""H"", ""H"", ""H"", ""H""]",C84H68Cl8N4O8,"[true, true, true]","[16.007522392512058, 0.0, 0.0, 0.0, 18.858650970777852, 0.0, -4.421210279682868, 0.0, 18.52167571288752]",5591.328607810962,[],"{""cutoff=6.000_skin=0.000"": 6264, ""cutoff=6.000_skin=0.500"": 7464}",0.0,,
OPT-RFT-XAFPAY172-R512-v1,16360d404e1cc8ec5ea026f69f45c1e0d210a4962a9adca338d6dcf7b609da30,OPT-RFT-XAFPAY172-R512-v1:0353,XAFPAY_C1_14_1543_z1_43,1cd6537ef3297c725f314aa7e851124c99368fa40689036c6c17820a5ffe9b59,353,cross_family_test_set,XAFPAY/structures/XAFPAY_C1_14_1543_z1_43.cif,6fa1086f6e195f78baffbc8aa2f3217916d55e835182c20bf3e9f6208e45760a,1cd6537ef3297c725f314aa7e851124c99368fa40689036c6c17820a5ffe9b59,0,172,"[""O"", ""C"", ""O"", ""C"", ""C"", ""C"", ""C"", ""C"", ""C"", ""N"", ""C"", ""C"", ""C"", ""C"", ""C"", ""C"", ""C"", ""C"", ""C"", ""C"", ""Cl"", ""C"", ""Cl"", ""C"", ""C"", ""C"", ""H"", ""H"", ""H"", ""H"", ""H"", ""H"", ""H"", ""H"", ""H"", ""H"", ""H"", ""H"", ""H"", ""H"", ""H"", ""H"", ""H"", ""O"", ""C"", ""O"", ""C"", ""C"", ""C"", ""C"", ""C"", ""C"", ""N"", ""C"", ""C"", ""C"", ""C"", ""C"", ""C"", ""C"", ""C"", ""C"", ""C"", ""Cl"", ""C"", ""Cl"", ""C"", ""C"", ""C"", ""H"", ""H"", ""H"", ""H"", ""H"", ""H"", ""H"", ""H"", ""H"", ""H"", ""H"", ""H"", ""H"", ""H"", ""H"", ""H"", ""H"", ""O"", ""C"", ""O"", ""C"", ""C"", ""C"", ""C"", ""C"", ""C"", ""N"", ""C"", ""C"", ""C"", ""C"", ""C"", ""C"", ""C"", ""C"", ""C"", ""C"", ""Cl"", ""C"", ""Cl"", ""C"", ""C"", ""C"", ""H"", ""H"", ""H"", ""H"", ""H"", ""H"", ""H"", ""H"", ""H"", ""H"", ""H"", ""H"", ""H"", ""H"", ""H"", ""H"", ""H"", ""O"", ""C"", ""O"", ""C"", ""C"", ""C"", ""C"", ""C"", ""C"", ""N"", ""C"", ""C"", ""C"", ""C"", ""C"", ""C"", ""C"", ""C"", ""C"", ""C"", ""Cl"", ""C"", ""Cl"", ""C"", ""C"", ""C"", ""H"", ""H"", ""H"", ""H"", ""H"", ""H"", ""H"", ""H"", ""H"", ""H"", ""H"", ""H"", ""H"", ""H"", ""H"", ""H"", ""H""]",C84H68Cl8N4O8,"[true, true, true]","[16.625495445141027, 0.0, 0.0, 0.0, 15.937684669240326, 0.0, -4.997422952375939, 0.0, 15.13694297902141]",4010.864599991792,[],"{""cutoff=6.000_skin=0.000"": 6272, ""cutoff=6.000_skin=0.500"": 7664}",0.0,,
OPT-RFT-XAFPAY172-R512-v1,16360d404e1cc8ec5ea026f69f45c1e0d210a4962a9adca338d6dcf7b609da30,OPT-RFT-XAFPAY172-R512-v1:0354,XAFPAY_C2_14_3127_z1_43,04593e17eefe752897e1a1ee841b9872927f69a24d7fb02d9da405db2fb34685,354,cross_family_test_set,XAFPAY/structures/XAFPAY_C2_14_3127_z1_43.cif,76e308b5642c39cbcabc7b1246c99a579690723b55d83910a384dadd8861b3a2,04593e17eefe752897e1a1ee841b9872927f69a24d7fb02d9da405db2fb34685,0,172,"[""O"", ""C"", ""O"", ""C"", ""C"", ""C"", ""C"", ""C"", ""C"", ""N"", ""C"", ""C"", ""C"", ""C"", ""C"", ""C"", ""C"", ""C"", ""C"", ""C"", ""Cl"", ""C"", ""Cl"", ""C"", ""C"", ""C"", ""H"", ""H"", ""H"", ""H"", ""H"", ""H"", ""H"", ""H"", ""H"", ""H"", ""H"", ""H"", ""H"", ""H"", ""H"", ""H"", ""H"", ""O"", ""C"", ""O"", ""C"", ""C"", ""C"", ""C"", ""C"", ""C"", ""N"", ""C"", ""C"", ""C"", ""C"", ""C"", ""C"", ""C"", ""C"", ""C"", ""C"", ""Cl"", ""C"", ""Cl"", ""C"", ""C"", ""C"", ""H"", ""H"", ""H"", ""H"", ""H"", ""H"", ""H"", ""H"", ""H"", ""H"", ""H"", ""H"", ""H"", ""H"", ""H"", ""H"", ""H"", ""O"", ""C"", ""O"", ""C"", ""C"", ""C"", ""C"", ""C"", ""C"", ""N"", ""C"", ""C"", ""C"", ""C"", ""C"", ""C"", ""C"", ""C"", ""C"", ""C"", ""Cl"", ""C"", ""Cl"", ""C"", ""C"", ""C"", ""H"", ""H"", ""H"", ""H"", ""H"", ""H"", ""H"", ""H"", ""H"", ""H"", ""H"", ""H"", ""H"", ""H"", ""H"", ""H"", ""H"", ""O"", ""C"", ""O"", ""C"", ""C"", ""C"", ""C"", ""C"", ""C"", ""N"", ""C"", ""C"", ""C"", ""C"", ""C"", ""C"", ""C"", ""C"", ""C"", ""C"", ""Cl"", ""C"", ""Cl"", ""C"", ""C"", ""C"", ""H"", ""H"", ""H"", ""H"", ""H"", ""H"", ""H"", ""H"", ""H"", ""H"", ""H"", ""H"", ""H"", ""H"", ""H"", ""H"", ""H""]",C84H68Cl8N4O8,"[true, true, true]","[14.708784389368915, 0.0, 0.0, 0.0, 13.465655916455596, 0.0, 5.534025613836016, 0.0, 20.292840163616862]",4019.2695178435106,[],"{""cutoff=6.000_skin=0.000"": 6276, ""cutoff=6.000_skin=0.500"": 7872}",0.0,,
OPT-RFT-XAFPAY172-R512-v1,16360d404e1cc8ec5ea026f69f45c1e0d210a4962a9adca338d6dcf7b609da30,OPT-RFT-XAFPAY172-R512-v1:0355,XAFPAY_C1_14_4712_z1_43,827698ab2eae6a217e8fb49b1dc4f0c46f51a942a7b8f9cd5d7e717d81dc0226,355,cross_family_test_set,XAFPAY/structures/XAFPAY_C1_14_4712_z1_43.cif,710d5feb016ed73502b24ab0b23440a32983bd2289a814eedf9535a31a717b65,827698ab2eae6a217e8fb49b1dc4f0c46f51a942a7b8f9cd5d7e717d81dc0226,0,172,"[""O"", ""C"", ""O"", ""C"", ""C"", ""C"", ""C"", ""C"", ""C"", ""N"", ""C"", ""C"", ""C"", ""C"", ""C"", ""C"", ""C"", ""C"", ""C"", ""C"", ""Cl"", ""C"", ""Cl"", ""C"", ""C"", ""C"", ""H"", ""H"", ""H"", ""H"", ""H"", ""H"", ""H"", ""H"", ""H"", ""H"", ""H"", ""H"", ""H"", ""H"", ""H"", ""H"", ""H"", ""O"", ""C"", ""O"", ""C"", ""C"", ""C"", ""C"", ""C"", ""C"", ""N"", ""C"", ""C"", ""C"", ""C"", ""C"", ""C"", ""C"", ""C"", ""C"", ""C"", ""Cl"", ""C"", ""Cl"", ""C"", ""C"", ""C"", ""H"", ""H"", ""H"", ""H"", ""H"", ""H"", ""H"", ""H"", ""H"", ""H"", ""H"", ""H"", ""H"", ""H"", ""H"", ""H"", ""H"", ""O"", ""C"", ""O"", ""C"", ""C"", ""C"", ""C"", ""C"", ""C"", ""N"", ""C"", ""C"", ""C"", ""C"", ""C"", ""C"", ""C"", ""C"", ""C"", ""C"", ""Cl"", ""C"", ""Cl"", ""C"", ""C"", ""C"", ""H"", ""H"", ""H"", ""H"", ""H"", ""H"", ""H"", ""H"", ""H"", ""H"", ""H"", ""H"", ""H"", ""H"", ""H"", ""H"", ""H"", ""O"", ""C"", ""O"", ""C"", ""C"", ""C"", ""C"", ""C"", ""C"", ""N"", ""C"", ""C"", ""C"", ""C"", ""C"", ""C"", ""C"", ""C"", ""C"", ""C"", ""Cl"", ""C"", ""Cl"", ""C"", ""C"", ""C"", ""H"", ""H"", ""H"", ""H"", ""H"", ""H"", ""H"", ""H"", ""H"", ""H"", ""H"", ""H"", ""H"", ""H"", ""H"", ""H"", ""H""]",C84H68Cl8N4O8,"[true, true, true]","[15.982853749087994, 0.0, 0.0, 0.0, 15.157950500593302, 0.0, 0.18021639271501022, 0.0, 15.902654576913218]",3852.693282388976,[],"{""cutoff=6.000_skin=0.000"": 6280, ""cutoff=6.000_skin=0.500"": 8132}",0.0,,
OPT-RFT-XAFPAY172-R512-v1,16360d404e1cc8ec5ea026f69f45c1e0d210a4962a9adca338d6dcf7b609da30,OPT-RFT-XAFPAY172-R512-v1:0356,XAFPAY_C4_14_1190_z1_43,59b6789dab6e133008d9f76bbca0222e8a60bdcddd1264912fcecd68d88acdcd,356,cross_family_test_set,XAFPAY/structures/XAFPAY_C4_14_1190_z1_43.cif,689c6ec2c6688548d86b3ad5111d51deca2743e22490f761377a0515a258c216,59b6789dab6e133008d9f76bbca0222e8a60bdcddd1264912fcecd68d88acdcd,0,172,"[""O"", ""C"", ""O"", ""C"", ""C"", ""C"", ""C"", ""C"", ""C"", ""N"", ""C"", ""C"", ""C"", ""C"", ""C"", ""C"", ""C"", ""C"", ""C"", ""C"", ""Cl"", ""C"", ""Cl"", ""C"", ""C"", ""C"", ""H"", ""H"", ""H"", ""H"", ""H"", ""H"", ""H"", ""H"", ""H"", ""H"", ""H"", ""H"", ""H"", ""H"", ""H"", ""H"", ""H"", ""O"", ""C"", ""O"", ""C"", ""C"", ""C"", ""C"", ""C"", ""C"", ""N"", ""C"", ""C"", ""C"", ""C"", ""C"", ""C"", ""C"", ""C"", ""C"", ""C"", ""Cl"", ""C"", ""Cl"", ""C"", ""C"", ""C"", ""H"", ""H"", ""H"", ""H"", ""H"", ""H"", ""H"", ""H"", ""H"", ""H"", ""H"", ""H"", ""H"", ""H"", ""H"", ""H"", ""H"", ""O"", ""C"", ""O"", ""C"", ""C"", ""C"", ""C"", ""C"", ""C"", ""N"", ""C"", ""C"", ""C"", ""C"", ""C"", ""C"", ""C"", ""C"", ""C"", ""C"", ""Cl"", ""C"", ""Cl"", ""C"", ""C"", ""C"", ""H"", ""H"", ""H"", ""H"", ""H"", ""H"", ""H"", ""H"", ""H"", ""H"", ""H"", ""H"", ""H"", ""H"", ""H"", ""H"", ""H"", ""O"", ""C"", ""O"", ""C"", ""C"", ""C"", ""C"", ""C"", ""C"", ""N"", ""C"", ""C"", ""C"", ""C"", ""C"", ""C"", ""C"", ""C"", ""C"", ""C"", ""Cl"", ""C"", ""Cl"", ""C"", ""C"", ""C"", ""H"", ""H"", ""H"", ""H"", ""H"", ""H"", ""H"", ""H"", ""H"", ""H"", ""H"", ""H"", ""H"", ""H"", ""H"", ""H"", ""H""]",C84H68Cl8N4O8,"[true, true, true]","[17.26846575896002, 0.0, 0.0, 0.0, 18.249837707230625, 0.0, 10.563924646835614, 0.0, 17.946119452357156]",5655.660279317968,[],"{""cutoff=6.000_skin=0.000"": 6292, ""cutoff=6.000_skin=0.500"": 7620}",0.0,,
OPT-RFT-XAFPAY172-R512-v1,16360d404e1cc8ec5ea026f69f45c1e0d210a4962a9adca338d6dcf7b609da30,OPT-RFT-XAFPAY172-R512-v1:0357,XAFPAY_C2_14_836_z1_43,0984066095d2eff05e6a121d944ebd5075c9906ac4b1b81510ef9837048ffb6d,357,cross_family_test_set,XAFPAY/structures/XAFPAY_C2_14_836_z1_43.cif,9ecb0f14393039e22b5205f3667de473fbbcf65014a0c26bd2784d1e909a392a,0984066095d2eff05e6a121d944ebd5075c9906ac4b1b81510ef9837048ffb6d,0,172,"[""O"", ""C"", ""O"", ""C"", ""C"", ""C"", ""C"", ""C"", ""C"", ""N"", ""C"", ""C"", ""C"", ""C"", ""C"", ""C"", ""C"", ""C"", ""C"", ""C"", ""Cl"", ""C"", ""Cl"", ""C"", ""C"", ""C"", ""H"", ""H"", ""H"", ""H"", ""H"", ""H"", ""H"", ""H"", ""H"", ""H"", ""H"", ""H"", ""H"", ""H"", ""H"", ""H"", ""H"", ""O"", ""C"", ""O"", ""C"", ""C"", ""C"", ""C"", ""C"", ""C"", ""N"", ""C"", ""C"", ""C"", ""C"", ""C"", ""C"", ""C"", ""C"", ""C"", ""C"", ""Cl"", ""C"", ""Cl"", ""C"", ""C"", ""C"", ""H"", ""H"", ""H"", ""H"", ""H"", ""H"", ""H"", ""H"", ""H"", ""H"", ""H"", ""H"", ""H"", ""H"", ""H"", ""H"", ""H"", ""O"", ""C"", ""O"", ""C"", ""C"", ""C"", ""C"", ""C"", ""C"", ""N"", ""C"", ""C"", ""C"", ""C"", ""C"", ""C"", ""C"", ""C"", ""C"", ""C"", ""Cl"", ""C"", ""Cl"", ""C"", ""C"", ""C"", ""H"", ""H"", ""H"", ""H"", ""H"", ""H"", ""H"", ""H"", ""H"", ""H"", ""H"", ""H"", ""H"", ""H"", ""H"", ""H"", ""H"", ""O"", ""C"", ""O"", ""C"", ""C"", ""C"", ""C"", ""C"", ""C"", ""N"", ""C"", ""C"", ""C"", ""C"", ""C"", ""C"", ""C"", ""C"", ""C"", ""C"", ""Cl"", ""C"", ""Cl"", ""C"", ""C"", ""C"", ""H"", ""H"", ""H"", ""H"", ""H"", ""H"", ""H"", ""H"", ""H"", ""H"", ""H"", ""H"", ""H"", ""H"", ""H"", ""H"", ""H""]",C84H68Cl8N4O8,"[true, true, true]","[12.956795472932384, 0.0, 0.0, 0.0, 21.1196497749822, 0.0, 12.260586578512111, 0.0, 18.01720703664547]",4930.282271528604,[],"{""cutoff=6.000_skin=0.000"": 6296, ""cutoff=6.000_skin=0.500"": 7488}",0.0,,
OPT-RFT-XAFPAY172-R512-v1,16360d404e1cc8ec5ea026f69f45c1e0d210a4962a9adca338d6dcf7b609da30,OPT-RFT-XAFPAY172-R512-v1:0358,XAFPAY_C3_14_194_z1_43,f0ff8bc02ee38db22e309282496b434f81f0da677e8a1874e0316f09a20e2965,358,cross_family_test_set,XAFPAY/structures/XAFPAY_C3_14_194_z1_43.cif,77781e0aa96c3c85e45e442bd4369175699960f0600717adabd7b9fa2cf9a219,f0ff8bc02ee38db22e309282496b434f81f0da677e8a1874e0316f09a20e2965,0,172,"[""O"", ""C"", ""O"", ""C"", ""C"", ""C"", ""C"", ""C"", ""C"", ""N"", ""C"", ""C"", ""C"", ""C"", ""C"", ""C"", ""C"", ""C"", ""C"", ""C"", ""Cl"", ""C"", ""Cl"", ""C"", ""C"", ""C"", ""H"", ""H"", ""H"", ""H"", ""H"", ""H"", ""H"", ""H"", ""H"", ""H"", ""H"", ""H"", ""H"", ""H"", ""H"", ""H"", ""H"", ""O"", ""C"", ""O"", ""C"", ""C"", ""C"", ""C"", ""C"", ""C"", ""N"", ""C"", ""C"", ""C"", ""C"", ""C"", ""C"", ""C"", ""C"", ""C"", ""C"", ""Cl"", ""C"", ""Cl"", ""C"", ""C"", ""C"", ""H"", ""H"", ""H"", ""H"", ""H"", ""H"", ""H"", ""H"", ""H"", ""H"", ""H"", ""H"", ""H"", ""H"", ""H"", ""H"", ""H"", ""O"", ""C"", ""O"", ""C"", ""C"", ""C"", ""C"", ""C"", ""C"", ""N"", ""C"", ""C"", ""C"", ""C"", ""C"", ""C"", ""C"", ""C"", ""C"", ""C"", ""Cl"", ""C"", ""Cl"", ""C"", ""C"", ""C"", ""H"", ""H"", ""H"", ""H"", ""H"", ""H"", ""H"", ""H"", ""H"", ""H"", ""H"", ""H"", ""H"", ""H"", ""H"", ""H"", ""H"", ""O"", ""C"", ""O"", ""C"", ""C"", ""C"", ""C"", ""C"", ""C"", ""N"", ""C"", ""C"", ""C"", ""C"", ""C"", ""C"", ""C"", ""C"", ""C"", ""C"", ""Cl"", ""C"", ""Cl"", ""C"", ""C"", ""C"", ""H"", ""H"", ""H"", ""H"", ""H"", ""H"", ""H"", ""H"", ""H"", ""H"", ""H"", ""H"", ""H"", ""H"", ""H"", ""H"", ""H""]",C84H68Cl8N4O8,"[true, true, true]","[15.378975824724193, 0.0, 0.0, 0.0, 16.00627214035827, 0.0, -9.252562239290048, 0.0, 19.361227451674857]",4765.961149137603,[],"{""cutoff=6.000_skin=0.000"": 6300, ""cutoff=6.000_skin=0.500"": 7836}",0.0,,
OPT-RFT-XAFPAY172-R512-v1,16360d404e1cc8ec5ea026f69f45c1e0d210a4962a9adca338d6dcf7b609da30,OPT-RFT-XAFPAY172-R512-v1:0359,XAFPAY_C3_14_1866_z1_43,aaa64773f473763f8ec54da83205919c9d40ba1939612ae9ff1e500bddc005c2,359,cross_family_test_set,XAFPAY/structures/XAFPAY_C3_14_1866_z1_43.cif,bd0e8116aebe6e961f3dfa9ef5d7160e551c298c941a24eb5daddaa1e2d2332a,aaa64773f473763f8ec54da83205919c9d40ba1939612ae9ff1e500bddc005c2,0,172,"[""O"", ""C"", ""O"", ""C"", ""C"", ""C"", ""C"", ""C"", ""C"", ""N"", ""C"", ""C"", ""C"", ""C"", ""C"", ""C"", ""C"", ""C"", ""C"", ""C"", ""Cl"", ""C"", ""Cl"", ""C"", ""C"", ""C"", ""H"", ""H"", ""H"", ""H"", ""H"", ""H"", ""H"", ""H"", ""H"", ""H"", ""H"", ""H"", ""H"", ""H"", ""H"", ""H"", ""H"", ""O"", ""C"", ""O"", ""C"", ""C"", ""C"", ""C"", ""C"", ""C"", ""N"", ""C"", ""C"", ""C"", ""C"", ""C"", ""C"", ""C"", ""C"", ""C"", ""C"", ""Cl"", ""C"", ""Cl"", ""C"", ""C"", ""C"", ""H"", ""H"", ""H"", ""H"", ""H"", ""H"", ""H"", ""H"", ""H"", ""H"", ""H"", ""H"", ""H"", ""H"", ""H"", ""H"", ""H"", ""O"", ""C"", ""O"", ""C"", ""C"", ""C"", ""C"", ""C"", ""C"", ""N"", ""C"", ""C"", ""C"", ""C"", ""C"", ""C"", ""C"", ""C"", ""C"", ""C"", ""Cl"", ""C"", ""Cl"", ""C"", ""C"", ""C"", ""H"", ""H"", ""H"", ""H"", ""H"", ""H"", ""H"", ""H"", ""H"", ""H"", ""H"", ""H"", ""H"", ""H"", ""H"", ""H"", ""H"", ""O"", ""C"", ""O"", ""C"", ""C"", ""C"", ""C"", ""C"", ""C"", ""N"", ""C"", ""C"", ""C"", ""C"", ""C"", ""C"", ""C"", ""C"", ""C"", ""C"", ""Cl"", ""C"", ""Cl"", ""C"", ""C"", ""C"", ""H"", ""H"", ""H"", ""H"", ""H"", ""H"", ""H"", ""H"", ""H"", ""H"", ""H"", ""H"", ""H"", ""H"", ""H"", ""H"", ""H""]",C84H68Cl8N4O8,"[true, true, true]","[16.23178298795311, 0.0, 0.0, 0.0, 17.81082166071708, 0.0, -2.7108185182717444, 0.0, 15.466231416016479]",4471.309031888715,[],"{""cutoff=6.000_skin=0.000"": 6308, ""cutoff=6.000_skin=0.500"": 7836}",0.0,,
OPT-RFT-XAFPAY172-R512-v1,16360d404e1cc8ec5ea026f69f45c1e0d210a4962a9adca338d6dcf7b609da30,OPT-RFT-XAFPAY172-R512-v1:0360,XAFPAY_C3_14_3553_z1_43,debcbcb75262ff751343bdb11a49df675827e23d290dc1d135d95bb96601903f,360,cross_family_test_set,XAFPAY/structures/XAFPAY_C3_14_3553_z1_43.cif,b5245f1ac413fe9a3002837f85bc384c40ddb257aef9f0228973aec63fe417a1,debcbcb75262ff751343bdb11a49df675827e23d290dc1d135d95bb96601903f,0,172,"[""O"", ""C"", ""O"", ""C"", ""C"", ""C"", ""C"", ""C"", ""C"", ""N"", ""C"", ""C"", ""C"", ""C"", ""C"", ""C"", ""C"", ""C"", ""C"", ""C"", ""Cl"", ""C"", ""Cl"", ""C"", ""C"", ""C"", ""H"", ""H"", ""H"", ""H"", ""H"", ""H"", ""H"", ""H"", ""H"", ""H"", ""H"", ""H"", ""H"", ""H"", ""H"", ""H"", ""H"", ""O"", ""C"", ""O"", ""C"", ""C"", ""C"", ""C"", ""C"", ""C"", ""N"", ""C"", ""C"", ""C"", ""C"", ""C"", ""C"", ""C"", ""C"", ""C"", ""C"", ""Cl"", ""C"", ""Cl"", ""C"", ""C"", ""C"", ""H"", ""H"", ""H"", ""H"", ""H"", ""H"", ""H"", ""H"", ""H"", ""H"", ""H"", ""H"", ""H"", ""H"", ""H"", ""H"", ""H"", ""O"", ""C"", ""O"", ""C"", ""C"", ""C"", ""C"", ""C"", ""C"", ""N"", ""C"", ""C"", ""C"", ""C"", ""C"", ""C"", ""C"", ""C"", ""C"", ""C"", ""Cl"", ""C"", ""Cl"", ""C"", ""C"", ""C"", ""H"", ""H"", ""H"", ""H"", ""H"", ""H"", ""H"", ""H"", ""H"", ""H"", ""H"", ""H"", ""H"", ""H"", ""H"", ""H"", ""H"", ""O"", ""C"", ""O"", ""C"", ""C"", ""C"", ""C"", ""C"", ""C"", ""N"", ""C"", ""C"", ""C"", ""C"", ""C"", ""C"", ""C"", ""C"", ""C"", ""C"", ""Cl"", ""C"", ""Cl"", ""C"", ""C"", ""C"", ""H"", ""H"", ""H"", ""H"", ""H"", ""H"", ""H"", ""H"", ""H"", ""H"", ""H"", ""H"", ""H"", ""H"", ""H"", ""H"", ""H""]",C84H68Cl8N4O8,"[true, true, true]","[16.415057059128827, 0.0, 0.0, 0.0, 18.731906320614883, 0.0, -6.753026006719224, 0.0, 16.13020217642888]",4959.800233988806,[],"{""cutoff=6.000_skin=0.000"": 6312, ""cutoff=6.000_skin=0.500"": 7464}",0.0,,
OPT-RFT-XAFPAY172-R512-v1,16360d404e1cc8ec5ea026f69f45c1e0d210a4962a9adca338d6dcf7b609da30,OPT-RFT-XAFPAY172-R512-v1:0361,XAFPAY_C2_14_5362_z1_43,f5bc08cae489d8f4d337241de2161b71fb46beb7e614e091fedc5c4ebff54d85,361,cross_family_test_set,XAFPAY/structures/XAFPAY_C2_14_5362_z1_43.cif,995ee0529b2cb28cd5ddac55600e85d3b7e6adf22e44fc15f176393d80d24246,f5bc08cae489d8f4d337241de2161b71fb46beb7e614e091fedc5c4ebff54d85,0,172,"[""O"", ""C"", ""O"", ""C"", ""C"", ""C"", ""C"", ""C"", ""C"", ""N"", ""C"", ""C"", ""C"", ""C"", ""C"", ""C"", ""C"", ""C"", ""C"", ""C"", ""Cl"", ""C"", ""Cl"", ""C"", ""C"", ""C"", ""H"", ""H"", ""H"", ""H"", ""H"", ""H"", ""H"", ""H"", ""H"", ""H"", ""H"", ""H"", ""H"", ""H"", ""H"", ""H"", ""H"", ""O"", ""C"", ""O"", ""C"", ""C"", ""C"", ""C"", ""C"", ""C"", ""N"", ""C"", ""C"", ""C"", ""C"", ""C"", ""C"", ""C"", ""C"", ""C"", ""C"", ""Cl"", ""C"", ""Cl"", ""C"", ""C"", ""C"", ""H"", ""H"", ""H"", ""H"", ""H"", ""H"", ""H"", ""H"", ""H"", ""H"", ""H"", ""H"", ""H"", ""H"", ""H"", ""H"", ""H"", ""O"", ""C"", ""O"", ""C"", ""C"", ""C"", ""C"", ""C"", ""C"", ""N"", ""C"", ""C"", ""C"", ""C"", ""C"", ""C"", ""C"", ""C"", ""C"", ""C"", ""Cl"", ""C"", ""Cl"", ""C"", ""C"", ""C"", ""H"", ""H"", ""H"", ""H"", ""H"", ""H"", ""H"", ""H"", ""H"", ""H"", ""H"", ""H"", ""H"", ""H"", ""H"", ""H"", ""H"", ""O"", ""C"", ""O"", ""C"", ""C"", ""C"", ""C"", ""C"", ""C"", ""N"", ""C"", ""C"", ""C"", ""C"", ""C"", ""C"", ""C"", ""C"", ""C"", ""C"", ""Cl"", ""C"", ""Cl"", ""C"", ""C"", ""C"", ""H"", ""H"", ""H"", ""H"", ""H"", ""H"", ""H"", ""H"", ""H"", ""H"", ""H"", ""H"", ""H"", ""H"", ""H"", ""H"", ""H""]",C84H68Cl8N4O8,"[true, true, true]","[11.797197759472382, 0.0, 0.0, 0.0, 20.632325888859967, 0.0, 6.367442893392711, 0.0, 20.337108634277218]",4950.126039840869,[],"{""cutoff=6.000_skin=0.000"": 6324, ""cutoff=6.000_skin=0.500"": 7752}",0.0,,
OPT-RFT-XAFPAY172-R512-v1,16360d404e1cc8ec5ea026f69f45c1e0d210a4962a9adca338d6dcf7b609da30,OPT-RFT-XAFPAY172-R512-v1:0362,XAFPAY_C2_14_1801_z1_43,576fb4dbdf512f35744bad942ad2f7dce8480134e0bf7a81868a3a3038d83b83,362,cross_family_test_set,XAFPAY/structures/XAFPAY_C2_14_1801_z1_43.cif,8e222f80328b9f286df9b94a402d0dbebc08ab41f9a3083d67a917cd8462da81,576fb4dbdf512f35744bad942ad2f7dce8480134e0bf7a81868a3a3038d83b83,0,172,"[""O"", ""C"", ""O"", ""C"", ""C"", ""C"", ""C"", ""C"", ""C"", ""N"", ""C"", ""C"", ""C"", ""C"", ""C"", ""C"", ""C"", ""C"", ""C"", ""C"", ""Cl"", ""C"", ""Cl"", ""C"", ""C"", ""C"", ""H"", ""H"", ""H"", ""H"", ""H"", ""H"", ""H"", ""H"", ""H"", ""H"", ""H"", ""H"", ""H"", ""H"", ""H"", ""H"", ""H"", ""O"", ""C"", ""O"", ""C"", ""C"", ""C"", ""C"", ""C"", ""C"", ""N"", ""C"", ""C"", ""C"", ""C"", ""C"", ""C"", ""C"", ""C"", ""C"", ""C"", ""Cl"", ""C"", ""Cl"", ""C"", ""C"", ""C"", ""H"", ""H"", ""H"", ""H"", ""H"", ""H"", ""H"", ""H"", ""H"", ""H"", ""H"", ""H"", ""H"", ""H"", ""H"", ""H"", ""H"", ""O"", ""C"", ""O"", ""C"", ""C"", ""C"", ""C"", ""C"", ""C"", ""N"", ""C"", ""C"", ""C"", ""C"", ""C"", ""C"", ""C"", ""C"", ""C"", ""C"", ""Cl"", ""C"", ""Cl"", ""C"", ""C"", ""C"", ""H"", ""H"", ""H"", ""H"", ""H"", ""H"", ""H"", ""H"", ""H"", ""H"", ""H"", ""H"", ""H"", ""H"", ""H"", ""H"", ""H"", ""O"", ""C"", ""O"", ""C"", ""C"", ""C"", ""C"", ""C"", ""C"", ""N"", ""C"", ""C"", ""C"", ""C"", ""C"", ""C"", ""C"", ""C"", ""C"", ""C"", ""Cl"", ""C"", ""Cl"", ""C"", ""C"", ""C"", ""H"", ""H"", ""H"", ""H"", ""H"", ""H"", ""H"", ""H"", ""H"", ""H"", ""H"", ""H"", ""H"", ""H"", ""H"", ""H"", ""H""]",C84H68Cl8N4O8,"[true, true, true]","[17.826101112509562, 0.0, 0.0, 0.0, 17.88600478930565, 0.0, 2.1321690958035253, 0.0, 14.429556425061014]",4600.687013640718,[],"{""cutoff=6.000_skin=0.000"": 6328, ""cutoff=6.000_skin=0.500"": 7608}",0.0,,
OPT-RFT-XAFPAY172-R512-v1,16360d404e1cc8ec5ea026f69f45c1e0d210a4962a9adca338d6dcf7b609da30,OPT-RFT-XAFPAY172-R512-v1:0363,XAFPAY_C3_14_2923_z1_43,c587f408918cce3d6ef8992cab9734cf716c172df8012194b6d9cc7388ed77f9,363,cross_family_test_set,XAFPAY/structures/XAFPAY_C3_14_2923_z1_43.cif,9958c08b1f38d8c5e587a7ae59fdb812aec90b17486e75d1937e656cce529242,c587f408918cce3d6ef8992cab9734cf716c172df8012194b6d9cc7388ed77f9,0,172,"[""O"", ""C"", ""O"", ""C"", ""C"", ""C"", ""C"", ""C"", ""C"", ""N"", ""C"", ""C"", ""C"", ""C"", ""C"", ""C"", ""C"", ""C"", ""C"", ""C"", ""Cl"", ""C"", ""Cl"", ""C"", ""C"", ""C"", ""H"", ""H"", ""H"", ""H"", ""H"", ""H"", ""H"", ""H"", ""H"", ""H"", ""H"", ""H"", ""H"", ""H"", ""H"", ""H"", ""H"", ""O"", ""C"", ""O"", ""C"", ""C"", ""C"", ""C"", ""C"", ""C"", ""N"", ""C"", ""C"", ""C"", ""C"", ""C"", ""C"", ""C"", ""C"", ""C"", ""C"", ""Cl"", ""C"", ""Cl"", ""C"", ""C"", ""C"", ""H"", ""H"", ""H"", ""H"", ""H"", ""H"", ""H"", ""H"", ""H"", ""H"", ""H"", ""H"", ""H"", ""H"", ""H"", ""H"", ""H"", ""O"", ""C"", ""O"", ""C"", ""C"", ""C"", ""C"", ""C"", ""C"", ""N"", ""C"", ""C"", ""C"", ""C"", ""C"", ""C"", ""C"", ""C"", ""C"", ""C"", ""Cl"", ""C"", ""Cl"", ""C"", ""C"", ""C"", ""H"", ""H"", ""H"", ""H"", ""H"", ""H"", ""H"", ""H"", ""H"", ""H"", ""H"", ""H"", ""H"", ""H"", ""H"", ""H"", ""H"", ""O"", ""C"", ""O"", ""C"", ""C"", ""C"", ""C"", ""C"", ""C"", ""N"", ""C"", ""C"", ""C"", ""C"", ""C"", ""C"", ""C"", ""C"", ""C"", ""C"", ""Cl"", ""C"", ""Cl"", ""C"", ""C"", ""C"", ""H"", ""H"", ""H"", ""H"", ""H"", ""H"", ""H"", ""H"", ""H"", ""H"", ""H"", ""H"", ""H"", ""H"", ""H"", ""H"", ""H""]",C84H68Cl8N4O8,"[true, true, true]","[12.331034259112272, 0.0, 0.0, 0.0, 13.11904810351038, 0.0, -3.6184487910519305, 0.0, 26.280335415208746]",4251.407483344214,[],"{""cutoff=6.000_skin=0.000"": 6340, ""cutoff=6.000_skin=0.500"": 7876}",0.0,,
OPT-RFT-XAFPAY172-R512-v1,16360d404e1cc8ec5ea026f69f45c1e0d210a4962a9adca338d6dcf7b609da30,OPT-RFT-XAFPAY172-R512-v1:0364,XAFPAY_C1_14_2732_z1_43,672fd08fb08e4935f75add3cf86a573bf52e4078f898371e7b57cf89cb490298,364,cross_family_test_set,XAFPAY/structures/XAFPAY_C1_14_2732_z1_43.cif,94ac1253a7222f0f2ba8022e487e89f3c071a494c72c54212d4c61b872d39822,672fd08fb08e4935f75add3cf86a573bf52e4078f898371e7b57cf89cb490298,0,172,"[""O"", ""C"", ""O"", ""C"", ""C"", ""C"", ""C"", ""C"", ""C"", ""N"", ""C"", ""C"", ""C"", ""C"", ""C"", ""C"", ""C"", ""C"", ""C"", ""C"", ""Cl"", ""C"", ""Cl"", ""C"", ""C"", ""C"", ""H"", ""H"", ""H"", ""H"", ""H"", ""H"", ""H"", ""H"", ""H"", ""H"", ""H"", ""H"", ""H"", ""H"", ""H"", ""H"", ""H"", ""O"", ""C"", ""O"", ""C"", ""C"", ""C"", ""C"", ""C"", ""C"", ""N"", ""C"", ""C"", ""C"", ""C"", ""C"", ""C"", ""C"", ""C"", ""C"", ""C"", ""Cl"", ""C"", ""Cl"", ""C"", ""C"", ""C"", ""H"", ""H"", ""H"", ""H"", ""H"", ""H"", ""H"", ""H"", ""H"", ""H"", ""H"", ""H"", ""H"", ""H"", ""H"", ""H"", ""H"", ""O"", ""C"", ""O"", ""C"", ""C"", ""C"", ""C"", ""C"", ""C"", ""N"", ""C"", ""C"", ""C"", ""C"", ""C"", ""C"", ""C"", ""C"", ""C"", ""C"", ""Cl"", ""C"", ""Cl"", ""C"", ""C"", ""C"", ""H"", ""H"", ""H"", ""H"", ""H"", ""H"", ""H"", ""H"", ""H"", ""H"", ""H"", ""H"", ""H"", ""H"", ""H"", ""H"", ""H"", ""O"", ""C"", ""O"", ""C"", ""C"", ""C"", ""C"", ""C"", ""C"", ""N"", ""C"", ""C"", ""C"", ""C"", ""C"", ""C"", ""C"", ""C"", ""C"", ""C"", ""Cl"", ""C"", ""Cl"", ""C"", ""C"", ""C"", ""H"", ""H"", ""H"", ""H"", ""H"", ""H"", ""H"", ""H"", ""H"", ""H"", ""H"", ""H"", ""H"", ""H"", ""H"", ""H"", ""H""]",C84H68Cl8N4O8,"[true, true, true]","[12.649587103869095, 0.0, 0.0, 0.0, 52.20974254255866, 0.0, -3.210555152670124, 0.0, 6.217998994043132]",4106.563558950131,[],"{""cutoff=6.000_skin=0.000"": 6352, ""cutoff=6.000_skin=0.500"": 8224}",0.0,,
OPT-RFT-XAFPAY172-R512-v1,16360d404e1cc8ec5ea026f69f45c1e0d210a4962a9adca338d6dcf7b609da30,OPT-RFT-XAFPAY172-R512-v1:0365,XAFPAY_C3_14_3218_z1_43,08e1595d36df1fc237501241d4cf6c9c9c492db15b28cb2e65336cad35284639,365,cross_family_test_set,XAFPAY/structures/XAFPAY_C3_14_3218_z1_43.cif,481963cb8c245b412c0179d290e05cf5e7ad0a5cf95fd6ba77219f032f9a496a,08e1595d36df1fc237501241d4cf6c9c9c492db15b28cb2e65336cad35284639,0,172,"[""O"", ""C"", ""O"", ""C"", ""C"", ""C"", ""C"", ""C"", ""C"", ""N"", ""C"", ""C"", ""C"", ""C"", ""C"", ""C"", ""C"", ""C"", ""C"", ""C"", ""Cl"", ""C"", ""Cl"", ""C"", ""C"", ""C"", ""H"", ""H"", ""H"", ""H"", ""H"", ""H"", ""H"", ""H"", ""H"", ""H"", ""H"", ""H"", ""H"", ""H"", ""H"", ""H"", ""H"", ""O"", ""C"", ""O"", ""C"", ""C"", ""C"", ""C"", ""C"", ""C"", ""N"", ""C"", ""C"", ""C"", ""C"", ""C"", ""C"", ""C"", ""C"", ""C"", ""C"", ""Cl"", ""C"", ""Cl"", ""C"", ""C"", ""C"", ""H"", ""H"", ""H"", ""H"", ""H"", ""H"", ""H"", ""H"", ""H"", ""H"", ""H"", ""H"", ""H"", ""H"", ""H"", ""H"", ""H"", ""O"", ""C"", ""O"", ""C"", ""C"", ""C"", ""C"", ""C"", ""C"", ""N"", ""C"", ""C"", ""C"", ""C"", ""C"", ""C"", ""C"", ""C"", ""C"", ""C"", ""Cl"", ""C"", ""Cl"", ""C"", ""C"", ""C"", ""H"", ""H"", ""H"", ""H"", ""H"", ""H"", ""H"", ""H"", ""H"", ""H"", ""H"", ""H"", ""H"", ""H"", ""H"", ""H"", ""H"", ""O"", ""C"", ""O"", ""C"", ""C"", ""C"", ""C"", ""C"", ""C"", ""N"", ""C"", ""C"", ""C"", ""C"", ""C"", ""C"", ""C"", ""C"", ""C"", ""C"", ""Cl"", ""C"", ""Cl"", ""C"", ""C"", ""C"", ""H"", ""H"", ""H"", ""H"", ""H"", ""H"", ""H"", ""H"", ""H"", ""H"", ""H"", ""H"", ""H"", ""H"", ""H"", ""H"", ""H""]",C84H68Cl8N4O8,"[true, true, true]","[15.646659408692145, 0.0, 0.0, 0.0, 15.918770107016677, 0.0, -5.334119573749146, 0.0, 17.432338587425456]",4341.969741041421,[],"{""cutoff=6.000_skin=0.000"": 6356, ""cutoff=6.000_skin=0.500"": 7856}",0.0,,
OPT-RFT-XAFPAY172-R512-v1,16360d404e1cc8ec5ea026f69f45c1e0d210a4962a9adca338d6dcf7b609da30,OPT-RFT-XAFPAY172-R512-v1:0366,XAFPAY_C3_2_1933_z2_86,a8f14a447e35a93af11524c6b7e29cbf686906b7e84d8145c2a4c78306fedc71,366,cross_family_test_set,XAFPAY/structures/XAFPAY_C3_2_1933_z2_86.cif,26e3288d25400ef326a9b0f36801071fd97e7260a35ffa3221ba47ea7d236867,a8f14a447e35a93af11524c6b7e29cbf686906b7e84d8145c2a4c78306fedc71,0,172,"[""O"", ""C"", ""O"", ""C"", ""C"", ""C"", ""C"", ""C"", ""C"", ""N"", ""C"", ""C"", ""C"", ""C"", ""C"", ""C"", ""C"", ""C"", ""C"", ""C"", ""Cl"", ""C"", ""Cl"", ""C"", ""C"", ""C"", ""H"", ""H"", ""H"", ""H"", ""H"", ""H"", ""H"", ""H"", ""H"", ""H"", ""H"", ""H"", ""H"", ""H"", ""H"", ""H"", ""H"", ""O"", ""C"", ""O"", ""C"", ""C"", ""C"", ""C"", ""C"", ""C"", ""N"", ""C"", ""C"", ""C"", ""C"", ""C"", ""C"", ""C"", ""C"", ""C"", ""C"", ""Cl"", ""C"", ""Cl"", ""C"", ""C"", ""C"", ""H"", ""H"", ""H"", ""H"", ""H"", ""H"", ""H"", ""H"", ""H"", ""H"", ""H"", ""H"", ""H"", ""H"", ""H"", ""H"", ""H"", ""O"", ""C"", ""O"", ""C"", ""C"", ""C"", ""C"", ""C"", ""C"", ""N"", ""C"", ""C"", ""C"", ""C"", ""C"", ""C"", ""C"", ""C"", ""C"", ""C"", ""Cl"", ""C"", ""Cl"", ""C"", ""C"", ""C"", ""H"", ""H"", ""H"", ""H"", ""H"", ""H"", ""H"", ""H"", ""H"", ""H"", ""H"", ""H"", ""H"", ""H"", ""H"", ""H"", ""H"", ""O"", ""C"", ""O"", ""C"", ""C"", ""C"", ""C"", ""C"", ""C"", ""N"", ""C"", ""C"", ""C"", ""C"", ""C"", ""C"", ""C"", ""C"", ""C"", ""C"", ""Cl"", ""C"", ""Cl"", ""C"", ""C"", ""C"", ""H"", ""H"", ""H"", ""H"", ""H"", ""H"", ""H"", ""H"", ""H"", ""H"", ""H"", ""H"", ""H"", ""H"", ""H"", ""H"", ""H""]",C84H68Cl8N4O8,"[true, true, true]","[8.60049393165021, 0.0, 0.0, 1.1049395179936574, 8.299914965423467, 0.0, -3.906116347237029, -2.2818366127141845, 54.598250725636134]",3897.407039720051,[],"{""cutoff=6.000_skin=0.000"": 6366, ""cutoff=6.000_skin=0.500"": 7916}",0.0,,
OPT-RFT-XAFPAY172-R512-v1,16360d404e1cc8ec5ea026f69f45c1e0d210a4962a9adca338d6dcf7b609da30,OPT-RFT-XAFPAY172-R512-v1:0367,XAFPAY_C2_14_2922_z1_43,d5274dffa7e2d0ea696f129e7cd9141adb0f99b7d586a5f18db43f092b4dac24,367,cross_family_test_set,XAFPAY/structures/XAFPAY_C2_14_2922_z1_43.cif,200941a1da3a36c50d66e10569477941b33b1ab9d88b535d6b77e3296e0660b8,d5274dffa7e2d0ea696f129e7cd9141adb0f99b7d586a5f18db43f092b4dac24,0,172,"[""O"", ""C"", ""O"", ""C"", ""C"", ""C"", ""C"", ""C"", ""C"", ""N"", ""C"", ""C"", ""C"", ""C"", ""C"", ""C"", ""C"", ""C"", ""C"", ""C"", ""Cl"", ""C"", ""Cl"", ""C"", ""C"", ""C"", ""H"", ""H"", ""H"", ""H"", ""H"", ""H"", ""H"", ""H"", ""H"", ""H"", ""H"", ""H"", ""H"", ""H"", ""H"", ""H"", ""H"", ""O"", ""C"", ""O"", ""C"", ""C"", ""C"", ""C"", ""C"", ""C"", ""N"", ""C"", ""C"", ""C"", ""C"", ""C"", ""C"", ""C"", ""C"", ""C"", ""C"", ""Cl"", ""C"", ""Cl"", ""C"", ""C"", ""C"", ""H"", ""H"", ""H"", ""H"", ""H"", ""H"", ""H"", ""H"", ""H"", ""H"", ""H"", ""H"", ""H"", ""H"", ""H"", ""H"", ""H"", ""O"", ""C"", ""O"", ""C"", ""C"", ""C"", ""C"", ""C"", ""C"", ""N"", ""C"", ""C"", ""C"", ""C"", ""C"", ""C"", ""C"", ""C"", ""C"", ""C"", ""Cl"", ""C"", ""Cl"", ""C"", ""C"", ""C"", ""H"", ""H"", ""H"", ""H"", ""H"", ""H"", ""H"", ""H"", ""H"", ""H"", ""H"", ""H"", ""H"", ""H"", ""H"", ""H"", ""H"", ""O"", ""C"", ""O"", ""C"", ""C"", ""C"", ""C"", ""C"", ""C"", ""N"", ""C"", ""C"", ""C"", ""C"", ""C"", ""C"", ""C"", ""C"", ""C"", ""C"", ""Cl"", ""C"", ""Cl"", ""C"", ""C"", ""C"", ""H"", ""H"", ""H"", ""H"", ""H"", ""H"", ""H"", ""H"", ""H"", ""H"", ""H"", ""H"", ""H"", ""H"", ""H"", ""H"", ""H""]",C84H68Cl8N4O8,"[true, true, true]","[14.447414604092998, 0.0, 0.0, 0.0, 16.693859925048763, 0.0, 4.738606095671979, 0.0, 17.847122556522862]",4304.424624101998,[],"{""cutoff=6.000_skin=0.000"": 6368, ""cutoff=6.000_skin=0.500"": 7936}",0.0,,
OPT-RFT-XAFPAY172-R512-v1,16360d404e1cc8ec5ea026f69f45c1e0d210a4962a9adca338d6dcf7b609da30,OPT-RFT-XAFPAY172-R512-v1:0368,XAFPAY_C2_14_3154_z1_43,95e10356addb556dcd16af73995cd0b8de2befba339b38b849ca7d07663883f2,368,cross_family_test_set,XAFPAY/structures/XAFPAY_C2_14_3154_z1_43.cif,6ea758623c579f0cf5e20acf0afaa7e10ab78b1b3b52c4a7f7172765be21bbca,95e10356addb556dcd16af73995cd0b8de2befba339b38b849ca7d07663883f2,0,172,"[""O"", ""C"", ""O"", ""C"", ""C"", ""C"", ""C"", ""C"", ""C"", ""N"", ""C"", ""C"", ""C"", ""C"", ""C"", ""C"", ""C"", ""C"", ""C"", ""C"", ""Cl"", ""C"", ""Cl"", ""C"", ""C"", ""C"", ""H"", ""H"", ""H"", ""H"", ""H"", ""H"", ""H"", ""H"", ""H"", ""H"", ""H"", ""H"", ""H"", ""H"", ""H"", ""H"", ""H"", ""O"", ""C"", ""O"", ""C"", ""C"", ""C"", ""C"", ""C"", ""C"", ""N"", ""C"", ""C"", ""C"", ""C"", ""C"", ""C"", ""C"", ""C"", ""C"", ""C"", ""Cl"", ""C"", ""Cl"", ""C"", ""C"", ""C"", ""H"", ""H"", ""H"", ""H"", ""H"", ""H"", ""H"", ""H"", ""H"", ""H"", ""H"", ""H"", ""H"", ""H"", ""H"", ""H"", ""H"", ""O"", ""C"", ""O"", ""C"", ""C"", ""C"", ""C"", ""C"", ""C"", ""N"", ""C"", ""C"", ""C"", ""C"", ""C"", ""C"", ""C"", ""C"", ""C"", ""C"", ""Cl"", ""C"", ""Cl"", ""C"", ""C"", ""C"", ""H"", ""H"", ""H"", ""H"", ""H"", ""H"", ""H"", ""H"", ""H"", ""H"", ""H"", ""H"", ""H"", ""H"", ""H"", ""H"", ""H"", ""O"", ""C"", ""O"", ""C"", ""C"", ""C"", ""C"", ""C"", ""C"", ""N"", ""C"", ""C"", ""C"", ""C"", ""C"", ""C"", ""C"", ""C"", ""C"", ""C"", ""Cl"", ""C"", ""Cl"", ""C"", ""C"", ""C"", ""H"", ""H"", ""H"", ""H"", ""H"", ""H"", ""H"", ""H"", ""H"", ""H"", ""H"", ""H"", ""H"", ""H"", ""H"", ""H"", ""H""]",C84H68Cl8N4O8,"[true, true, true]","[18.429614877029223, 0.0, 0.0, 0.0, 12.521691237676947, 0.0, 18.860227764642016, 0.0, 19.754404371031146]",4558.722852079239,[],"{""cutoff=6.000_skin=0.000"": 6372, ""cutoff=6.000_skin=0.500"": 7540}",0.0,,
OPT-RFT-XAFPAY172-R512-v1,16360d404e1cc8ec5ea026f69f45c1e0d210a4962a9adca338d6dcf7b609da30,OPT-RFT-XAFPAY172-R512-v1:0369,XAFPAY_C3_14_4446_z1_43,5bff2b65ef7c39ea16d353dfe62b149118b7ceeb8d04719acf9bf8b2675ab1ca,369,cross_family_test_set,XAFPAY/structures/XAFPAY_C3_14_4446_z1_43.cif,6794cadefaa1cbf56a70a56da6f56e0ce2b2e52d499aa3829a41543afe91e3d1,5bff2b65ef7c39ea16d353dfe62b149118b7ceeb8d04719acf9bf8b2675ab1ca,0,172,"[""O"", ""C"", ""O"", ""C"", ""C"", ""C"", ""C"", ""C"", ""C"", ""N"", ""C"", ""C"", ""C"", ""C"", ""C"", ""C"", ""C"", ""C"", ""C"", ""C"", ""Cl"", ""C"", ""Cl"", ""C"", ""C"", ""C"", ""H"", ""H"", ""H"", ""H"", ""H"", ""H"", ""H"", ""H"", ""H"", ""H"", ""H"", ""H"", ""H"", ""H"", ""H"", ""H"", ""H"", ""O"", ""C"", ""O"", ""C"", ""C"", ""C"", ""C"", ""C"", ""C"", ""N"", ""C"", ""C"", ""C"", ""C"", ""C"", ""C"", ""C"", ""C"", ""C"", ""C"", ""Cl"", ""C"", ""Cl"", ""C"", ""C"", ""C"", ""H"", ""H"", ""H"", ""H"", ""H"", ""H"", ""H"", ""H"", ""H"", ""H"", ""H"", ""H"", ""H"", ""H"", ""H"", ""H"", ""H"", ""O"", ""C"", ""O"", ""C"", ""C"", ""C"", ""C"", ""C"", ""C"", ""N"", ""C"", ""C"", ""C"", ""C"", ""C"", ""C"", ""C"", ""C"", ""C"", ""C"", ""Cl"", ""C"", ""Cl"", ""C"", ""C"", ""C"", ""H"", ""H"", ""H"", ""H"", ""H"", ""H"", ""H"", ""H"", ""H"", ""H"", ""H"", ""H"", ""H"", ""H"", ""H"", ""H"", ""H"", ""O"", ""C"", ""O"", ""C"", ""C"", ""C"", ""C"", ""C"", ""C"", ""N"", ""C"", ""C"", ""C"", ""C"", ""C"", ""C"", ""C"", ""C"", ""C"", ""C"", ""Cl"", ""C"", ""Cl"", ""C"", ""C"", ""C"", ""H"", ""H"", ""H"", ""H"", ""H"", ""H"", ""H"", ""H"", ""H"", ""H"", ""H"", ""H"", ""H"", ""H"", ""H"", ""H"", ""H""]",C84H68Cl8N4O8,"[true, true, true]","[13.657577512272894, 0.0, 0.0, 0.0, 18.238924616036947, 0.0, -2.2873549287092225, 0.0, 18.241617142113494]",4543.978196051699,[],"{""cutoff=6.000_skin=0.000"": 6380, ""cutoff=6.000_skin=0.500"": 7788}",0.0,,
OPT-RFT-XAFPAY172-R512-v1,16360d404e1cc8ec5ea026f69f45c1e0d210a4962a9adca338d6dcf7b609da30,OPT-RFT-XAFPAY172-R512-v1:0370,XAFPAY_C3_2_16822_z2_86,39ed4cc51ae8cb4b3ddcbfbe810e626ceb89ca6989f2b3b9023db7a2495ffb23,370,cross_family_test_set,XAFPAY/structures/XAFPAY_C3_2_16822_z2_86.cif,81cd1b7ff23df9c2509328dfd1be627324926fe86d740937c3cee5c00a4ffc96,39ed4cc51ae8cb4b3ddcbfbe810e626ceb89ca6989f2b3b9023db7a2495ffb23,0,172,"[""O"", ""C"", ""O"", ""C"", ""C"", ""C"", ""C"", ""C"", ""C"", ""N"", ""C"", ""C"", ""C"", ""C"", ""C"", ""C"", ""C"", ""C"", ""C"", ""C"", ""Cl"", ""C"", ""Cl"", ""C"", ""C"", ""C"", ""H"", ""H"", ""H"", ""H"", ""H"", ""H"", ""H"", ""H"", ""H"", ""H"", ""H"", ""H"", ""H"", ""H"", ""H"", ""H"", ""H"", ""O"", ""C"", ""O"", ""C"", ""C"", ""C"", ""C"", ""C"", ""C"", ""N"", ""C"", ""C"", ""C"", ""C"", ""C"", ""C"", ""C"", ""C"", ""C"", ""C"", ""Cl"", ""C"", ""Cl"", ""C"", ""C"", ""C"", ""H"", ""H"", ""H"", ""H"", ""H"", ""H"", ""H"", ""H"", ""H"", ""H"", ""H"", ""H"", ""H"", ""H"", ""H"", ""H"", ""H"", ""O"", ""C"", ""O"", ""C"", ""C"", ""C"", ""C"", ""C"", ""C"", ""N"", ""C"", ""C"", ""C"", ""C"", ""C"", ""C"", ""C"", ""C"", ""C"", ""C"", ""Cl"", ""C"", ""Cl"", ""C"", ""C"", ""C"", ""H"", ""H"", ""H"", ""H"", ""H"", ""H"", ""H"", ""H"", ""H"", ""H"", ""H"", ""H"", ""H"", ""H"", ""H"", ""H"", ""H"", ""O"", ""C"", ""O"", ""C"", ""C"", ""C"", ""C"", ""C"", ""C"", ""N"", ""C"", ""C"", ""C"", ""C"", ""C"", ""C"", ""C"", ""C"", ""C"", ""C"", ""Cl"", ""C"", ""Cl"", ""C"", ""C"", ""C"", ""H"", ""H"", ""H"", ""H"", ""H"", ""H"", ""H"", ""H"", ""H"", ""H"", ""H"", ""H"", ""H"", ""H"", ""H"", ""H"", ""H""]",C84H68Cl8N4O8,"[true, true, true]","[23.594835085643275, 0.0, 0.0, 11.719465489915605, 21.350517356483333, 0.0, 1.2036167206252921, 2.0558242419680277, 9.550229735769669]",4811.042221121261,[],"{""cutoff=6.000_skin=0.000"": 6390, ""cutoff=6.000_skin=0.500"": 7934}",0.0,,
OPT-RFT-XAFPAY172-R512-v1,16360d404e1cc8ec5ea026f69f45c1e0d210a4962a9adca338d6dcf7b609da30,OPT-RFT-XAFPAY172-R512-v1:0371,XAFPAY_C3_14_4420_z1_43,5bab9c865d4121129b505ccaddf4693c81063bb43e046bc2694c2a5d896c74bb,371,cross_family_test_set,XAFPAY/structures/XAFPAY_C3_14_4420_z1_43.cif,55f25250bc190fd326ccad62091771f7bbe7fd505d3272eda91c70c89298581d,5bab9c865d4121129b505ccaddf4693c81063bb43e046bc2694c2a5d896c74bb,0,172,"[""O"", ""C"", ""O"", ""C"", ""C"", ""C"", ""C"", ""C"", ""C"", ""N"", ""C"", ""C"", ""C"", ""C"", ""C"", ""C"", ""C"", ""C"", ""C"", ""C"", ""Cl"", ""C"", ""Cl"", ""C"", ""C"", ""C"", ""H"", ""H"", ""H"", ""H"", ""H"", ""H"", ""H"", ""H"", ""H"", ""H"", ""H"", ""H"", ""H"", ""H"", ""H"", ""H"", ""H"", ""O"", ""C"", ""O"", ""C"", ""C"", ""C"", ""C"", ""C"", ""C"", ""N"", ""C"", ""C"", ""C"", ""C"", ""C"", ""C"", ""C"", ""C"", ""C"", ""C"", ""Cl"", ""C"", ""Cl"", ""C"", ""C"", ""C"", ""H"", ""H"", ""H"", ""H"", ""H"", ""H"", ""H"", ""H"", ""H"", ""H"", ""H"", ""H"", ""H"", ""H"", ""H"", ""H"", ""H"", ""O"", ""C"", ""O"", ""C"", ""C"", ""C"", ""C"", ""C"", ""C"", ""N"", ""C"", ""C"", ""C"", ""C"", ""C"", ""C"", ""C"", ""C"", ""C"", ""C"", ""Cl"", ""C"", ""Cl"", ""C"", ""C"", ""C"", ""H"", ""H"", ""H"", ""H"", ""H"", ""H"", ""H"", ""H"", ""H"", ""H"", ""H"", ""H"", ""H"", ""H"", ""H"", ""H"", ""H"", ""O"", ""C"", ""O"", ""C"", ""C"", ""C"", ""C"", ""C"", ""C"", ""N"", ""C"", ""C"", ""C"", ""C"", ""C"", ""C"", ""C"", ""C"", ""C"", ""C"", ""Cl"", ""C"", ""Cl"", ""C"", ""C"", ""C"", ""H"", ""H"", ""H"", ""H"", ""H"", ""H"", ""H"", ""H"", ""H"", ""H"", ""H"", ""H"", ""H"", ""H"", ""H"", ""H"", ""H""]",C84H68Cl8N4O8,"[true, true, true]","[14.889578285219493, 0.0, 0.0, 0.0, 18.97132290310526, 0.0, -1.1930366502113945, 0.0, 15.73744252651879]",4445.434038963709,[],"{""cutoff=6.000_skin=0.000"": 6392, ""cutoff=6.000_skin=0.500"": 7976}",0.0,,
OPT-RFT-XAFPAY172-R512-v1,16360d404e1cc8ec5ea026f69f45c1e0d210a4962a9adca338d6dcf7b609da30,OPT-RFT-XAFPAY172-R512-v1:0372,XAFPAY_C1_14_1077_z1_43,35350ee387521f2b74dbc79b0aec57acf3c9cb14d77b8e6712ead04ef3f9115c,372,cross_family_test_set,XAFPAY/structures/XAFPAY_C1_14_1077_z1_43.cif,a5f7dc69ca1460f733abb8994e952c075aa5c688f13275f0028afe1df12f15ba,35350ee387521f2b74dbc79b0aec57acf3c9cb14d77b8e6712ead04ef3f9115c,0,172,"[""O"", ""C"", ""O"", ""C"", ""C"", ""C"", ""C"", ""C"", ""C"", ""N"", ""C"", ""C"", ""C"", ""C"", ""C"", ""C"", ""C"", ""C"", ""C"", ""C"", ""Cl"", ""C"", ""Cl"", ""C"", ""C"", ""C"", ""H"", ""H"", ""H"", ""H"", ""H"", ""H"", ""H"", ""H"", ""H"", ""H"", ""H"", ""H"", ""H"", ""H"", ""H"", ""H"", ""H"", ""O"", ""C"", ""O"", ""C"", ""C"", ""C"", ""C"", ""C"", ""C"", ""N"", ""C"", ""C"", ""C"", ""C"", ""C"", ""C"", ""C"", ""C"", ""C"", ""C"", ""Cl"", ""C"", ""Cl"", ""C"", ""C"", ""C"", ""H"", ""H"", ""H"", ""H"", ""H"", ""H"", ""H"", ""H"", ""H"", ""H"", ""H"", ""H"", ""H"", ""H"", ""H"", ""H"", ""H"", ""O"", ""C"", ""O"", ""C"", ""C"", ""C"", ""C"", ""C"", ""C"", ""N"", ""C"", ""C"", ""C"", ""C"", ""C"", ""C"", ""C"", ""C"", ""C"", ""C"", ""Cl"", ""C"", ""Cl"", ""C"", ""C"", ""C"", ""H"", ""H"", ""H"", ""H"", ""H"", ""H"", ""H"", ""H"", ""H"", ""H"", ""H"", ""H"", ""H"", ""H"", ""H"", ""H"", ""H"", ""O"", ""C"", ""O"", ""C"", ""C"", ""C"", ""C"", ""C"", ""C"", ""N"", ""C"", ""C"", ""C"", ""C"", ""C"", ""C"", ""C"", ""C"", ""C"", ""C"", ""Cl"", ""C"", ""Cl"", ""C"", ""C"", ""C"", ""H"", ""H"", ""H"", ""H"", ""H"", ""H"", ""H"", ""H"", ""H"", ""H"", ""H"", ""H"", ""H"", ""H"", ""H"", ""H"", ""H""]",C84H68Cl8N4O8,"[true, true, true]","[6.832537747140364, 0.0, 0.0, 0.0, 35.668283013650736, 0.0, -8.653705309612056, 0.0, 17.90748766303426]",4364.142312286146,[],"{""cutoff=6.000_skin=0.000"": 6404, ""cutoff=6.000_skin=0.500"": 7764}",0.0,,
OPT-RFT-XAFPAY172-R512-v1,16360d404e1cc8ec5ea026f69f45c1e0d210a4962a9adca338d6dcf7b609da30,OPT-RFT-XAFPAY172-R512-v1:0373,XAFPAY_C2_14_1427_z1_43,8dde4055339228206abec433e5cc84bafd8f93c96272d3385cfcc33af88c34a3,373,cross_family_test_set,XAFPAY/structures/XAFPAY_C2_14_1427_z1_43.cif,7c443d630e27c3e191a675884b8d3f5120ff75be8c93fb3c79aebad025fd90df,8dde4055339228206abec433e5cc84bafd8f93c96272d3385cfcc33af88c34a3,0,172,"[""O"", ""C"", ""O"", ""C"", ""C"", ""C"", ""C"", ""C"", ""C"", ""N"", ""C"", ""C"", ""C"", ""C"", ""C"", ""C"", ""C"", ""C"", ""C"", ""C"", ""Cl"", ""C"", ""Cl"", ""C"", ""C"", ""C"", ""H"", ""H"", ""H"", ""H"", ""H"", ""H"", ""H"", ""H"", ""H"", ""H"", ""H"", ""H"", ""H"", ""H"", ""H"", ""H"", ""H"", ""O"", ""C"", ""O"", ""C"", ""C"", ""C"", ""C"", ""C"", ""C"", ""N"", ""C"", ""C"", ""C"", ""C"", ""C"", ""C"", ""C"", ""C"", ""C"", ""C"", ""Cl"", ""C"", ""Cl"", ""C"", ""C"", ""C"", ""H"", ""H"", ""H"", ""H"", ""H"", ""H"", ""H"", ""H"", ""H"", ""H"", ""H"", ""H"", ""H"", ""H"", ""H"", ""H"", ""H"", ""O"", ""C"", ""O"", ""C"", ""C"", ""C"", ""C"", ""C"", ""C"", ""N"", ""C"", ""C"", ""C"", ""C"", ""C"", ""C"", ""C"", ""C"", ""C"", ""C"", ""Cl"", ""C"", ""Cl"", ""C"", ""C"", ""C"", ""H"", ""H"", ""H"", ""H"", ""H"", ""H"", ""H"", ""H"", ""H"", ""H"", ""H"", ""H"", ""H"", ""H"", ""H"", ""H"", ""H"", ""O"", ""C"", ""O"", ""C"", ""C"", ""C"", ""C"", ""C"", ""C"", ""N"", ""C"", ""C"", ""C"", ""C"", ""C"", ""C"", ""C"", ""C"", ""C"", ""C"", ""Cl"", ""C"", ""Cl"", ""C"", ""C"", ""C"", ""H"", ""H"", ""H"", ""H"", ""H"", ""H"", ""H"", ""H"", ""H"", ""H"", ""H"", ""H"", ""H"", ""H"", ""H"", ""H"", ""H""]",C84H68Cl8N4O8,"[true, true, true]","[16.19356272286865, 0.0, 0.0, 0.0, 16.853013348114445, 0.0, -1.7780467766787558, 0.0, 16.754036720707283]",4572.349668869247,[],"{""cutoff=6.000_skin=0.000"": 6408, ""cutoff=6.000_skin=0.500"": 7852}",0.0,,
OPT-RFT-XAFPAY172-R512-v1,16360d404e1cc8ec5ea026f69f45c1e0d210a4962a9adca338d6dcf7b609da30,OPT-RFT-XAFPAY172-R512-v1:0374,XAFPAY_C4_14_2869_z1_43,31d073c3d8111dfc698a8a4a7a7db04b9752841a25b5827627f65001b30f7d21,374,cross_family_test_set,XAFPAY/structures/XAFPAY_C4_14_2869_z1_43.cif,e38e1881aca02a20be307c7cba172cb9928833b5b92b2b9e84ac1d489bdb71f3,31d073c3d8111dfc698a8a4a7a7db04b9752841a25b5827627f65001b30f7d21,0,172,"[""O"", ""C"", ""O"", ""C"", ""C"", ""C"", ""C"", ""C"", ""C"", ""N"", ""C"", ""C"", ""C"", ""C"", ""C"", ""C"", ""C"", ""C"", ""C"", ""C"", ""Cl"", ""C"", ""Cl"", ""C"", ""C"", ""C"", ""H"", ""H"", ""H"", ""H"", ""H"", ""H"", ""H"", ""H"", ""H"", ""H"", ""H"", ""H"", ""H"", ""H"", ""H"", ""H"", ""H"", ""O"", ""C"", ""O"", ""C"", ""C"", ""C"", ""C"", ""C"", ""C"", ""N"", ""C"", ""C"", ""C"", ""C"", ""C"", ""C"", ""C"", ""C"", ""C"", ""C"", ""Cl"", ""C"", ""Cl"", ""C"", ""C"", ""C"", ""H"", ""H"", ""H"", ""H"", ""H"", ""H"", ""H"", ""H"", ""H"", ""H"", ""H"", ""H"", ""H"", ""H"", ""H"", ""H"", ""H"", ""O"", ""C"", ""O"", ""C"", ""C"", ""C"", ""C"", ""C"", ""C"", ""N"", ""C"", ""C"", ""C"", ""C"", ""C"", ""C"", ""C"", ""C"", ""C"", ""C"", ""Cl"", ""C"", ""Cl"", ""C"", ""C"", ""C"", ""H"", ""H"", ""H"", ""H"", ""H"", ""H"", ""H"", ""H"", ""H"", ""H"", ""H"", ""H"", ""H"", ""H"", ""H"", ""H"", ""H"", ""O"", ""C"", ""O"", ""C"", ""C"", ""C"", ""C"", ""C"", ""C"", ""N"", ""C"", ""C"", ""C"", ""C"", ""C"", ""C"", ""C"", ""C"", ""C"", ""C"", ""Cl"", ""C"", ""Cl"", ""C"", ""C"", ""C"", ""H"", ""H"", ""H"", ""H"", ""H"", ""H"", ""H"", ""H"", ""H"", ""H"", ""H"", ""H"", ""H"", ""H"", ""H"", ""H"", ""H""]",C84H68Cl8N4O8,"[true, true, true]","[21.663310079124358, 0.0, 0.0, 0.0, 14.93699533933647, 0.0, 0.9803213528973586, 0.0, 14.058142565380967]",4549.000711773378,[],"{""cutoff=6.000_skin=0.000"": 6424, ""cutoff=6.000_skin=0.500"": 7880}",0.0,,
OPT-RFT-XAFPAY172-R512-v1,16360d404e1cc8ec5ea026f69f45c1e0d210a4962a9adca338d6dcf7b609da30,OPT-RFT-XAFPAY172-R512-v1:0375,XAFPAY_C4_2_19431_z2_86,2af571e11f526a7a8f24af68acf429f9827953dcc75d2095d78e164858771aaf,375,cross_family_test_set,XAFPAY/structures/XAFPAY_C4_2_19431_z2_86.cif,21cb1228b3f23a1723f7164cd42faaa02c4374813183791f062146470aaf8a71,2af571e11f526a7a8f24af68acf429f9827953dcc75d2095d78e164858771aaf,0,172,"[""O"", ""C"", ""O"", ""C"", ""C"", ""C"", ""C"", ""C"", ""C"", ""N"", ""C"", ""C"", ""C"", ""C"", ""C"", ""C"", ""C"", ""C"", ""C"", ""C"", ""Cl"", ""C"", ""Cl"", ""C"", ""C"", ""C"", ""H"", ""H"", ""H"", ""H"", ""H"", ""H"", ""H"", ""H"", ""H"", ""H"", ""H"", ""H"", ""H"", ""H"", ""H"", ""H"", ""H"", ""O"", ""C"", ""O"", ""C"", ""C"", ""C"", ""C"", ""C"", ""C"", ""N"", ""C"", ""C"", ""C"", ""C"", ""C"", ""C"", ""C"", ""C"", ""C"", ""C"", ""Cl"", ""C"", ""Cl"", ""C"", ""C"", ""C"", ""H"", ""H"", ""H"", ""H"", ""H"", ""H"", ""H"", ""H"", ""H"", ""H"", ""H"", ""H"", ""H"", ""H"", ""H"", ""H"", ""H"", ""O"", ""C"", ""O"", ""C"", ""C"", ""C"", ""C"", ""C"", ""C"", ""N"", ""C"", ""C"", ""C"", ""C"", ""C"", ""C"", ""C"", ""C"", ""C"", ""C"", ""Cl"", ""C"", ""Cl"", ""C"", ""C"", ""C"", ""H"", ""H"", ""H"", ""H"", ""H"", ""H"", ""H"", ""H"", ""H"", ""H"", ""H"", ""H"", ""H"", ""H"", ""H"", ""H"", ""H"", ""O"", ""C"", ""O"", ""C"", ""C"", ""C"", ""C"", ""C"", ""C"", ""N"", ""C"", ""C"", ""C"", ""C"", ""C"", ""C"", ""C"", ""C"", ""C"", ""C"", ""Cl"", ""C"", ""Cl"", ""C"", ""C"", ""C"", ""H"", ""H"", ""H"", ""H"", ""H"", ""H"", ""H"", ""H"", ""H"", ""H"", ""H"", ""H"", ""H"", ""H"", ""H"", ""H"", ""H""]",C84H68Cl8N4O8,"[true, true, true]","[22.74936732159241, 0.0, 0.0, 1.5746397490895863, 17.2780482484668, 0.0, -0.3634729518358694, 1.2195174633804864, 11.481986245285288]",4513.163090868495,[],"{""cutoff=6.000_skin=0.000"": 6438, ""cutoff=6.000_skin=0.500"": 7874}",0.0,,
OPT-RFT-XAFPAY172-R512-v1,16360d404e1cc8ec5ea026f69f45c1e0d210a4962a9adca338d6dcf7b609da30,OPT-RFT-XAFPAY172-R512-v1:0376,XAFPAY_C4_14_2766_z1_43,2a246579f1fd6d7fd3e99dea2ef2274dffa10c9bea204317951be9828d71b3b6,376,cross_family_test_set,XAFPAY/structures/XAFPAY_C4_14_2766_z1_43.cif,a0f1ef68075e1cc9e03f4c6475f79ab38ac80750756ee2c3722235afc029b6e7,2a246579f1fd6d7fd3e99dea2ef2274dffa10c9bea204317951be9828d71b3b6,0,172,"[""O"", ""C"", ""O"", ""C"", ""C"", ""C"", ""C"", ""C"", ""C"", ""N"", ""C"", ""C"", ""C"", ""C"", ""C"", ""C"", ""C"", ""C"", ""C"", ""C"", ""Cl"", ""C"", ""Cl"", ""C"", ""C"", ""C"", ""H"", ""H"", ""H"", ""H"", ""H"", ""H"", ""H"", ""H"", ""H"", ""H"", ""H"", ""H"", ""H"", ""H"", ""H"", ""H"", ""H"", ""O"", ""C"", ""O"", ""C"", ""C"", ""C"", ""C"", ""C"", ""C"", ""N"", ""C"", ""C"", ""C"", ""C"", ""C"", ""C"", ""C"", ""C"", ""C"", ""C"", ""Cl"", ""C"", ""Cl"", ""C"", ""C"", ""C"", ""H"", ""H"", ""H"", ""H"", ""H"", ""H"", ""H"", ""H"", ""H"", ""H"", ""H"", ""H"", ""H"", ""H"", ""H"", ""H"", ""H"", ""O"", ""C"", ""O"", ""C"", ""C"", ""C"", ""C"", ""C"", ""C"", ""N"", ""C"", ""C"", ""C"", ""C"", ""C"", ""C"", ""C"", ""C"", ""C"", ""C"", ""Cl"", ""C"", ""Cl"", ""C"", ""C"", ""C"", ""H"", ""H"", ""H"", ""H"", ""H"", ""H"", ""H"", ""H"", ""H"", ""H"", ""H"", ""H"", ""H"", ""H"", ""H"", ""H"", ""H"", ""O"", ""C"", ""O"", ""C"", ""C"", ""C"", ""C"", ""C"", ""C"", ""N"", ""C"", ""C"", ""C"", ""C"", ""C"", ""C"", ""C"", ""C"", ""C"", ""C"", ""Cl"", ""C"", ""Cl"", ""C"", ""C"", ""C"", ""H"", ""H"", ""H"", ""H"", ""H"", ""H"", ""H"", ""H"", ""H"", ""H"", ""H"", ""H"", ""H"", ""H"", ""H"", ""H"", ""H""]",C84H68Cl8N4O8,"[true, true, true]","[18.683996621316027, 0.0, 0.0, 0.0, 15.431795156084846, 0.0, 2.1664481860249785, 0.0, 15.073011272550634]",4345.965293969191,[],"{""cutoff=6.000_skin=0.000"": 6448, ""cutoff=6.000_skin=0.500"": 7840}",0.0,,
OPT-RFT-XAFPAY172-R512-v1,16360d404e1cc8ec5ea026f69f45c1e0d210a4962a9adca338d6dcf7b609da30,OPT-RFT-XAFPAY172-R512-v1:0377,XAFPAY_C4_2_8625_z2_86,07b363ebf78fcb9f8279e5cb7ceb18ff3b4aad0c8193bd55b73da8b1c3720796,377,cross_family_test_set,XAFPAY/structures/XAFPAY_C4_2_8625_z2_86.cif,0e04bcfa56c134bc906e7b1126afc5337bb82d2921f93be73bd9314a3597aad4,07b363ebf78fcb9f8279e5cb7ceb18ff3b4aad0c8193bd55b73da8b1c3720796,0,172,"[""O"", ""C"", ""O"", ""C"", ""C"", ""C"", ""C"", ""C"", ""C"", ""N"", ""C"", ""C"", ""C"", ""C"", ""C"", ""C"", ""C"", ""C"", ""C"", ""C"", ""Cl"", ""C"", ""Cl"", ""C"", ""C"", ""C"", ""H"", ""H"", ""H"", ""H"", ""H"", ""H"", ""H"", ""H"", ""H"", ""H"", ""H"", ""H"", ""H"", ""H"", ""H"", ""H"", ""H"", ""O"", ""C"", ""O"", ""C"", ""C"", ""C"", ""C"", ""C"", ""C"", ""N"", ""C"", ""C"", ""C"", ""C"", ""C"", ""C"", ""C"", ""C"", ""C"", ""C"", ""Cl"", ""C"", ""Cl"", ""C"", ""C"", ""C"", ""H"", ""H"", ""H"", ""H"", ""H"", ""H"", ""H"", ""H"", ""H"", ""H"", ""H"", ""H"", ""H"", ""H"", ""H"", ""H"", ""H"", ""O"", ""C"", ""O"", ""C"", ""C"", ""C"", ""C"", ""C"", ""C"", ""N"", ""C"", ""C"", ""C"", ""C"", ""C"", ""C"", ""C"", ""C"", ""C"", ""C"", ""Cl"", ""C"", ""Cl"", ""C"", ""C"", ""C"", ""H"", ""H"", ""H"", ""H"", ""H"", ""H"", ""H"", ""H"", ""H"", ""H"", ""H"", ""H"", ""H"", ""H"", ""H"", ""H"", ""H"", ""O"", ""C"", ""O"", ""C"", ""C"", ""C"", ""C"", ""C"", ""C"", ""N"", ""C"", ""C"", ""C"", ""C"", ""C"", ""C"", ""C"", ""C"", ""C"", ""C"", ""Cl"", ""C"", ""Cl"", ""C"", ""C"", ""C"", ""H"", ""H"", ""H"", ""H"", ""H"", ""H"", ""H"", ""H"", ""H"", ""H"", ""H"", ""H"", ""H"", ""H"", ""H"", ""H"", ""H""]",C84H68Cl8N4O8,"[true, true, true]","[26.16673759622151, 0.0, 0.0, -2.7734759637087776, 18.27263465361937, 0.0, -3.3111288574552726, 3.483175794458461, 14.316715583588236]",6845.326186778942,[],"{""cutoff=6.000_skin=0.000"": 6458, ""cutoff=6.000_skin=0.500"": 7818}",0.0,,
OPT-RFT-XAFPAY172-R512-v1,16360d404e1cc8ec5ea026f69f45c1e0d210a4962a9adca338d6dcf7b609da30,OPT-RFT-XAFPAY172-R512-v1:0378,XAFPAY_C4_14_4502_z1_43,33632aff47281fa7abbf6eb8dc13abf98d24685f7d4df26b21cfae429c4b206e,378,cross_family_test_set,XAFPAY/structures/XAFPAY_C4_14_4502_z1_43.cif,f76246da7cd2467ee46731e5d2fe2ccf22243da82e9eeef576bdfa5c962f1e4c,33632aff47281fa7abbf6eb8dc13abf98d24685f7d4df26b21cfae429c4b206e,0,172,"[""O"", ""C"", ""O"", ""C"", ""C"", ""C"", ""C"", ""C"", ""C"", ""N"", ""C"", ""C"", ""C"", ""C"", ""C"", ""C"", ""C"", ""C"", ""C"", ""C"", ""Cl"", ""C"", ""Cl"", ""C"", ""C"", ""C"", ""H"", ""H"", ""H"", ""H"", ""H"", ""H"", ""H"", ""H"", ""H"", ""H"", ""H"", ""H"", ""H"", ""H"", ""H"", ""H"", ""H"", ""O"", ""C"", ""O"", ""C"", ""C"", ""C"", ""C"", ""C"", ""C"", ""N"", ""C"", ""C"", ""C"", ""C"", ""C"", ""C"", ""C"", ""C"", ""C"", ""C"", ""Cl"", ""C"", ""Cl"", ""C"", ""C"", ""C"", ""H"", ""H"", ""H"", ""H"", ""H"", ""H"", ""H"", ""H"", ""H"", ""H"", ""H"", ""H"", ""H"", ""H"", ""H"", ""H"", ""H"", ""O"", ""C"", ""O"", ""C"", ""C"", ""C"", ""C"", ""C"", ""C"", ""N"", ""C"", ""C"", ""C"", ""C"", ""C"", ""C"", ""C"", ""C"", ""C"", ""C"", ""Cl"", ""C"", ""Cl"", ""C"", ""C"", ""C"", ""H"", ""H"", ""H"", ""H"", ""H"", ""H"", ""H"", ""H"", ""H"", ""H"", ""H"", ""H"", ""H"", ""H"", ""H"", ""H"", ""H"", ""O"", ""C"", ""O"", ""C"", ""C"", ""C"", ""C"", ""C"", ""C"", ""N"", ""C"", ""C"", ""C"", ""C"", ""C"", ""C"", ""C"", ""C"", ""C"", ""C"", ""Cl"", ""C"", ""Cl"", ""C"", ""C"", ""C"", ""H"", ""H"", ""H"", ""H"", ""H"", ""H"", ""H"", ""H"", ""H"", ""H"", ""H"", ""H"", ""H"", ""H"", ""H"", ""H"", ""H""]",C84H68Cl8N4O8,"[true, true, true]","[18.906374033387117, 0.0, 0.0, 0.0, 16.672732143918964, 0.0, -5.902528272633052, 0.0, 13.107081203489829]",4131.626065343913,[],"{""cutoff=6.000_skin=0.000"": 6464, ""cutoff=6.000_skin=0.500"": 7852}",0.0,,
OPT-RFT-XAFPAY172-R512-v1,16360d404e1cc8ec5ea026f69f45c1e0d210a4962a9adca338d6dcf7b609da30,OPT-RFT-XAFPAY172-R512-v1:0379,XAFPAY_C2_14_4744_z1_43,b3e751ae5b8d4e58c7a114a1376bf8f24ca03087853c506888bb83d743d73b65,379,cross_family_test_set,XAFPAY/structures/XAFPAY_C2_14_4744_z1_43.cif,cb59a853da57ee47eb4b4ba0b4371fb13e988f3aa44e11c690cc3c871539b406,b3e751ae5b8d4e58c7a114a1376bf8f24ca03087853c506888bb83d743d73b65,0,172,"[""O"", ""C"", ""O"", ""C"", ""C"", ""C"", ""C"", ""C"", ""C"", ""N"", ""C"", ""C"", ""C"", ""C"", ""C"", ""C"", ""C"", ""C"", ""C"", ""C"", ""Cl"", ""C"", ""Cl"", ""C"", ""C"", ""C"", ""H"", ""H"", ""H"", ""H"", ""H"", ""H"", ""H"", ""H"", ""H"", ""H"", ""H"", ""H"", ""H"", ""H"", ""H"", ""H"", ""H"", ""O"", ""C"", ""O"", ""C"", ""C"", ""C"", ""C"", ""C"", ""C"", ""N"", ""C"", ""C"", ""C"", ""C"", ""C"", ""C"", ""C"", ""C"", ""C"", ""C"", ""Cl"", ""C"", ""Cl"", ""C"", ""C"", ""C"", ""H"", ""H"", ""H"", ""H"", ""H"", ""H"", ""H"", ""H"", ""H"", ""H"", ""H"", ""H"", ""H"", ""H"", ""H"", ""H"", ""H"", ""O"", ""C"", ""O"", ""C"", ""C"", ""C"", ""C"", ""C"", ""C"", ""N"", ""C"", ""C"", ""C"", ""C"", ""C"", ""C"", ""C"", ""C"", ""C"", ""C"", ""Cl"", ""C"", ""Cl"", ""C"", ""C"", ""C"", ""H"", ""H"", ""H"", ""H"", ""H"", ""H"", ""H"", ""H"", ""H"", ""H"", ""H"", ""H"", ""H"", ""H"", ""H"", ""H"", ""H"", ""O"", ""C"", ""O"", ""C"", ""C"", ""C"", ""C"", ""C"", ""C"", ""N"", ""C"", ""C"", ""C"", ""C"", ""C"", ""C"", ""C"", ""C"", ""C"", ""C"", ""Cl"", ""C"", ""Cl"", ""C"", ""C"", ""C"", ""H"", ""H"", ""H"", ""H"", ""H"", ""H"", ""H"", ""H"", ""H"", ""H"", ""H"", ""H"", ""H"", ""H"", ""H"", ""H"", ""H""]",C84H68Cl8N4O8,"[true, true, true]","[7.886452850740774, 0.0, 0.0, 0.0, 22.762256768623708, 0.0, -4.369011364617395, 0.0, 26.805988673841874]",4812.035903753926,[],"{""cutoff=6.000_skin=0.000"": 6472, ""cutoff=6.000_skin=0.500"": 7856}",0.0,,
OPT-RFT-XAFPAY172-R512-v1,16360d404e1cc8ec5ea026f69f45c1e0d210a4962a9adca338d6dcf7b609da30,OPT-RFT-XAFPAY172-R512-v1:0380,XAFPAY_C4_14_4071_z1_43,eb4faa59501c5fcb4c605a4950b757c6d536f930a4a5ac18018f601a44f36d9b,380,cross_family_test_set,XAFPAY/structures/XAFPAY_C4_14_4071_z1_43.cif,873173e7d1af4386b3a030604cadee276340e10d007491a7f92d5e49be94cda6,eb4faa59501c5fcb4c605a4950b757c6d536f930a4a5ac18018f601a44f36d9b,0,172,"[""O"", ""C"", ""O"", ""C"", ""C"", ""C"", ""C"", ""C"", ""C"", ""N"", ""C"", ""C"", ""C"", ""C"", ""C"", ""C"", ""C"", ""C"", ""C"", ""C"", ""Cl"", ""C"", ""Cl"", ""C"", ""C"", ""C"", ""H"", ""H"", ""H"", ""H"", ""H"", ""H"", ""H"", ""H"", ""H"", ""H"", ""H"", ""H"", ""H"", ""H"", ""H"", ""H"", ""H"", ""O"", ""C"", ""O"", ""C"", ""C"", ""C"", ""C"", ""C"", ""C"", ""N"", ""C"", ""C"", ""C"", ""C"", ""C"", ""C"", ""C"", ""C"", ""C"", ""C"", ""Cl"", ""C"", ""Cl"", ""C"", ""C"", ""C"", ""H"", ""H"", ""H"", ""H"", ""H"", ""H"", ""H"", ""H"", ""H"", ""H"", ""H"", ""H"", ""H"", ""H"", ""H"", ""H"", ""H"", ""O"", ""C"", ""O"", ""C"", ""C"", ""C"", ""C"", ""C"", ""C"", ""N"", ""C"", ""C"", ""C"", ""C"", ""C"", ""C"", ""C"", ""C"", ""C"", ""C"", ""Cl"", ""C"", ""Cl"", ""C"", ""C"", ""C"", ""H"", ""H"", ""H"", ""H"", ""H"", ""H"", ""H"", ""H"", ""H"", ""H"", ""H"", ""H"", ""H"", ""H"", ""H"", ""H"", ""H"", ""O"", ""C"", ""O"", ""C"", ""C"", ""C"", ""C"", ""C"", ""C"", ""N"", ""C"", ""C"", ""C"", ""C"", ""C"", ""C"", ""C"", ""C"", ""C"", ""C"", ""Cl"", ""C"", ""Cl"", ""C"", ""C"", ""C"", ""H"", ""H"", ""H"", ""H"", ""H"", ""H"", ""H"", ""H"", ""H"", ""H"", ""H"", ""H"", ""H"", ""H"", ""H"", ""H"", ""H""]",C84H68Cl8N4O8,"[true, true, true]","[16.75085776032431, 0.0, 0.0, 0.0, 16.065775681680357, 0.0, -7.568827404840964, 0.0, 15.455412216728071]",4159.291345797206,[],"{""cutoff=6.000_skin=0.000"": 6480, ""cutoff=6.000_skin=0.500"": 8080}",0.0,,
OPT-RFT-XAFPAY172-R512-v1,16360d404e1cc8ec5ea026f69f45c1e0d210a4962a9adca338d6dcf7b609da30,OPT-RFT-XAFPAY172-R512-v1:0381,XAFPAY_C4_2_13448_z2_86,9e70cae60f3df2492c4a33a345a9b8aa5cc66e9c3a9bcbdcaf2e5e65999f86dd,381,cross_family_test_set,XAFPAY/structures/XAFPAY_C4_2_13448_z2_86.cif,7aec3528e07099310459de5fd3c80613edd02cfb3dd309132254a64ab6a0e710,9e70cae60f3df2492c4a33a345a9b8aa5cc66e9c3a9bcbdcaf2e5e65999f86dd,0,172,"[""O"", ""C"", ""O"", ""C"", ""C"", ""C"", ""C"", ""C"", ""C"", ""N"", ""C"", ""C"", ""C"", ""C"", ""C"", ""C"", ""C"", ""C"", ""C"", ""C"", ""Cl"", ""C"", ""Cl"", ""C"", ""C"", ""C"", ""H"", ""H"", ""H"", ""H"", ""H"", ""H"", ""H"", ""H"", ""H"", ""H"", ""H"", ""H"", ""H"", ""H"", ""H"", ""H"", ""H"", ""O"", ""C"", ""O"", ""C"", ""C"", ""C"", ""C"", ""C"", ""C"", ""N"", ""C"", ""C"", ""C"", ""C"", ""C"", ""C"", ""C"", ""C"", ""C"", ""C"", ""Cl"", ""C"", ""Cl"", ""C"", ""C"", ""C"", ""H"", ""H"", ""H"", ""H"", ""H"", ""H"", ""H"", ""H"", ""H"", ""H"", ""H"", ""H"", ""H"", ""H"", ""H"", ""H"", ""H"", ""O"", ""C"", ""O"", ""C"", ""C"", ""C"", ""C"", ""C"", ""C"", ""N"", ""C"", ""C"", ""C"", ""C"", ""C"", ""C"", ""C"", ""C"", ""C"", ""C"", ""Cl"", ""C"", ""Cl"", ""C"", ""C"", ""C"", ""H"", ""H"", ""H"", ""H"", ""H"", ""H"", ""H"", ""H"", ""H"", ""H"", ""H"", ""H"", ""H"", ""H"", ""H"", ""H"", ""H"", ""O"", ""C"", ""O"", ""C"", ""C"", ""C"", ""C"", ""C"", ""C"", ""N"", ""C"", ""C"", ""C"", ""C"", ""C"", ""C"", ""C"", ""C"", ""C"", ""C"", ""Cl"", ""C"", ""Cl"", ""C"", ""C"", ""C"", ""H"", ""H"", ""H"", ""H"", ""H"", ""H"", ""H"", ""H"", ""H"", ""H"", ""H"", ""H"", ""H"", ""H"", ""H"", ""H"", ""H""]",C84H68Cl8N4O8,"[true, true, true]","[10.449226531648492, 0.0, 0.0, 16.423820875587055, 26.17346792703053, 0.0, 2.788908370541728, -1.254760847315383, 17.695908530100624]",4839.6981838313,[],"{""cutoff=6.000_skin=0.000"": 6484, ""cutoff=6.000_skin=0.500"": 8046}",0.0,,
OPT-RFT-XAFPAY172-R512-v1,16360d404e1cc8ec5ea026f69f45c1e0d210a4962a9adca338d6dcf7b609da30,OPT-RFT-XAFPAY172-R512-v1:0382,XAFPAY_C4_14_54_z1_43,78815bf8bbe9046da6549498b8ea525c984b5a7f1ceb993279cb8047a5fa1928,382,cross_family_test_set,XAFPAY/structures/XAFPAY_C4_14_54_z1_43.cif,4169964138784090b998dfe54677d86decd9460b4dbc599b63c522ba44f66495,78815bf8bbe9046da6549498b8ea525c984b5a7f1ceb993279cb8047a5fa1928,0,172,"[""O"", ""C"", ""O"", ""C"", ""C"", ""C"", ""C"", ""C"", ""C"", ""N"", ""C"", ""C"", ""C"", ""C"", ""C"", ""C"", ""C"", ""C"", ""C"", ""C"", ""Cl"", ""C"", ""Cl"", ""C"", ""C"", ""C"", ""H"", ""H"", ""H"", ""H"", ""H"", ""H"", ""H"", ""H"", ""H"", ""H"", ""H"", ""H"", ""H"", ""H"", ""H"", ""H"", ""H"", ""O"", ""C"", ""O"", ""C"", ""C"", ""C"", ""C"", ""C"", ""C"", ""N"", ""C"", ""C"", ""C"", ""C"", ""C"", ""C"", ""C"", ""C"", ""C"", ""C"", ""Cl"", ""C"", ""Cl"", ""C"", ""C"", ""C"", ""H"", ""H"", ""H"", ""H"", ""H"", ""H"", ""H"", ""H"", ""H"", ""H"", ""H"", ""H"", ""H"", ""H"", ""H"", ""H"", ""H"", ""O"", ""C"", ""O"", ""C"", ""C"", ""C"", ""C"", ""C"", ""C"", ""N"", ""C"", ""C"", ""C"", ""C"", ""C"", ""C"", ""C"", ""C"", ""C"", ""C"", ""Cl"", ""C"", ""Cl"", ""C"", ""C"", ""C"", ""H"", ""H"", ""H"", ""H"", ""H"", ""H"", ""H"", ""H"", ""H"", ""H"", ""H"", ""H"", ""H"", ""H"", ""H"", ""H"", ""H"", ""O"", ""C"", ""O"", ""C"", ""C"", ""C"", ""C"", ""C"", ""C"", ""N"", ""C"", ""C"", ""C"", ""C"", ""C"", ""C"", ""C"", ""C"", ""C"", ""C"", ""Cl"", ""C"", ""Cl"", ""C"", ""C"", ""C"", ""H"", ""H"", ""H"", ""H"", ""H"", ""H"", ""H"", ""H"", ""H"", ""H"", ""H"", ""H"", ""H"", ""H"", ""H"", ""H"", ""H""]",C84H68Cl8N4O8,"[true, true, true]","[9.072477427911217, 0.0, 0.0, 0.0, 19.834643173436724, 0.0, 5.257498966777013, 0.0, 26.727136031231492]",4809.53082250983,[],"{""cutoff=6.000_skin=0.000"": 6504, ""cutoff=6.000_skin=0.500"": 7832}",0.0,,
OPT-RFT-XAFPAY172-R512-v1,16360d404e1cc8ec5ea026f69f45c1e0d210a4962a9adca338d6dcf7b609da30,OPT-RFT-XAFPAY172-R512-v1:0383,XAFPAY_C1_14_4203_z1_43,2481d29c5c67abf5a5c3e4ef2f3e297e4d6ccc4eed90b561027bdc5afc62f3b1,383,cross_family_test_set,XAFPAY/structures/XAFPAY_C1_14_4203_z1_43.cif,4b169b49c7c96f89ac1af37340b7436fbbbbbc0cb0cbc5962a4053f54b93560e,2481d29c5c67abf5a5c3e4ef2f3e297e4d6ccc4eed90b561027bdc5afc62f3b1,0,172,"[""O"", ""C"", ""O"", ""C"", ""C"", ""C"", ""C"", ""C"", ""C"", ""N"", ""C"", ""C"", ""C"", ""C"", ""C"", ""C"", ""C"", ""C"", ""C"", ""C"", ""Cl"", ""C"", ""Cl"", ""C"", ""C"", ""C"", ""H"", ""H"", ""H"", ""H"", ""H"", ""H"", ""H"", ""H"", ""H"", ""H"", ""H"", ""H"", ""H"", ""H"", ""H"", ""H"", ""H"", ""O"", ""C"", ""O"", ""C"", ""C"", ""C"", ""C"", ""C"", ""C"", ""N"", ""C"", ""C"", ""C"", ""C"", ""C"", ""C"", ""C"", ""C"", ""C"", ""C"", ""Cl"", ""C"", ""Cl"", ""C"", ""C"", ""C"", ""H"", ""H"", ""H"", ""H"", ""H"", ""H"", ""H"", ""H"", ""H"", ""H"", ""H"", ""H"", ""H"", ""H"", ""H"", ""H"", ""H"", ""O"", ""C"", ""O"", ""C"", ""C"", ""C"", ""C"", ""C"", ""C"", ""N"", ""C"", ""C"", ""C"", ""C"", ""C"", ""C"", ""C"", ""C"", ""C"", ""C"", ""Cl"", ""C"", ""Cl"", ""C"", ""C"", ""C"", ""H"", ""H"", ""H"", ""H"", ""H"", ""H"", ""H"", ""H"", ""H"", ""H"", ""H"", ""H"", ""H"", ""H"", ""H"", ""H"", ""H"", ""O"", ""C"", ""O"", ""C"", ""C"", ""C"", ""C"", ""C"", ""C"", ""N"", ""C"", ""C"", ""C"", ""C"", ""C"", ""C"", ""C"", ""C"", ""C"", ""C"", ""Cl"", ""C"", ""Cl"", ""C"", ""C"", ""C"", ""H"", ""H"", ""H"", ""H"", ""H"", ""H"", ""H"", ""H"", ""H"", ""H"", ""H"", ""H"", ""H"", ""H"", ""H"", ""H"", ""H""]",C84H68Cl8N4O8,"[true, true, true]","[20.021472148923692, 0.0, 0.0, 0.0, 14.332116080497457, 0.0, 0.0946172743618492, 0.0, 16.099887722029926]",4619.863795176646,[],"{""cutoff=6.000_skin=0.000"": 6512, ""cutoff=6.000_skin=0.500"": 8016}",0.0,,
OPT-RFT-XAFPAY172-R512-v1,16360d404e1cc8ec5ea026f69f45c1e0d210a4962a9adca338d6dcf7b609da30,OPT-RFT-XAFPAY172-R512-v1:0384,XAFPAY_C4_14_3021_z1_43,0f85be8329c081f4bfb4508ccaecd70130f15a55ab3cf95e393c3a870d0a3410,384,cross_family_test_set,XAFPAY/structures/XAFPAY_C4_14_3021_z1_43.cif,1fe19245f407fa71d18f2ea488a2236d3122cf6d755b5be0cbb782dc4e0d85d3,0f85be8329c081f4bfb4508ccaecd70130f15a55ab3cf95e393c3a870d0a3410,0,172,"[""O"", ""C"", ""O"", ""C"", ""C"", ""C"", ""C"", ""C"", ""C"", ""N"", ""C"", ""C"", ""C"", ""C"", ""C"", ""C"", ""C"", ""C"", ""C"", ""C"", ""Cl"", ""C"", ""Cl"", ""C"", ""C"", ""C"", ""H"", ""H"", ""H"", ""H"", ""H"", ""H"", ""H"", ""H"", ""H"", ""H"", ""H"", ""H"", ""H"", ""H"", ""H"", ""H"", ""H"", ""O"", ""C"", ""O"", ""C"", ""C"", ""C"", ""C"", ""C"", ""C"", ""N"", ""C"", ""C"", ""C"", ""C"", ""C"", ""C"", ""C"", ""C"", ""C"", ""C"", ""Cl"", ""C"", ""Cl"", ""C"", ""C"", ""C"", ""H"", ""H"", ""H"", ""H"", ""H"", ""H"", ""H"", ""H"", ""H"", ""H"", ""H"", ""H"", ""H"", ""H"", ""H"", ""H"", ""H"", ""O"", ""C"", ""O"", ""C"", ""C"", ""C"", ""C"", ""C"", ""C"", ""N"", ""C"", ""C"", ""C"", ""C"", ""C"", ""C"", ""C"", ""C"", ""C"", ""C"", ""Cl"", ""C"", ""Cl"", ""C"", ""C"", ""C"", ""H"", ""H"", ""H"", ""H"", ""H"", ""H"", ""H"", ""H"", ""H"", ""H"", ""H"", ""H"", ""H"", ""H"", ""H"", ""H"", ""H"", ""O"", ""C"", ""O"", ""C"", ""C"", ""C"", ""C"", ""C"", ""C"", ""N"", ""C"", ""C"", ""C"", ""C"", ""C"", ""C"", ""C"", ""C"", ""C"", ""C"", ""Cl"", ""C"", ""Cl"", ""C"", ""C"", ""C"", ""H"", ""H"", ""H"", ""H"", ""H"", ""H"", ""H"", ""H"", ""H"", ""H"", ""H"", ""H"", ""H"", ""H"", ""H"", ""H"", ""H""]",C84H68Cl8N4O8,"[true, true, true]","[16.062750894539136, 0.0, 0.0, 0.0, 15.25820046999113, 0.0, -7.710323227418777, 0.0, 14.874524924453452]",3645.57757893467,[],"{""cutoff=6.000_skin=0.000"": 6516, ""cutoff=6.000_skin=0.500"": 8252}",0.0,,
OPT-RFT-XAFPAY172-R512-v1,16360d404e1cc8ec5ea026f69f45c1e0d210a4962a9adca338d6dcf7b609da30,OPT-RFT-XAFPAY172-R512-v1:0385,XAFPAY_C2_2_10828_z2_86,67ede470e459f9f945e655a81d4d4885df27698063b2a49bb9421cd43a061566,385,cross_family_test_set,XAFPAY/structures/XAFPAY_C2_2_10828_z2_86.cif,850fe667360be87c544373f78373bf9ed989ed1ebd55dc7215782c35b058fcbf,67ede470e459f9f945e655a81d4d4885df27698063b2a49bb9421cd43a061566,0,172,"[""O"", ""C"", ""O"", ""C"", ""C"", ""C"", ""C"", ""C"", ""C"", ""N"", ""C"", ""C"", ""C"", ""C"", ""C"", ""C"", ""C"", ""C"", ""C"", ""C"", ""Cl"", ""C"", ""Cl"", ""C"", ""C"", ""C"", ""H"", ""H"", ""H"", ""H"", ""H"", ""H"", ""H"", ""H"", ""H"", ""H"", ""H"", ""H"", ""H"", ""H"", ""H"", ""H"", ""H"", ""O"", ""C"", ""O"", ""C"", ""C"", ""C"", ""C"", ""C"", ""C"", ""N"", ""C"", ""C"", ""C"", ""C"", ""C"", ""C"", ""C"", ""C"", ""C"", ""C"", ""Cl"", ""C"", ""Cl"", ""C"", ""C"", ""C"", ""H"", ""H"", ""H"", ""H"", ""H"", ""H"", ""H"", ""H"", ""H"", ""H"", ""H"", ""H"", ""H"", ""H"", ""H"", ""H"", ""H"", ""O"", ""C"", ""O"", ""C"", ""C"", ""C"", ""C"", ""C"", ""C"", ""N"", ""C"", ""C"", ""C"", ""C"", ""C"", ""C"", ""C"", ""C"", ""C"", ""C"", ""Cl"", ""C"", ""Cl"", ""C"", ""C"", ""C"", ""H"", ""H"", ""H"", ""H"", ""H"", ""H"", ""H"", ""H"", ""H"", ""H"", ""H"", ""H"", ""H"", ""H"", ""H"", ""H"", ""H"", ""O"", ""C"", ""O"", ""C"", ""C"", ""C"", ""C"", ""C"", ""C"", ""N"", ""C"", ""C"", ""C"", ""C"", ""C"", ""C"", ""C"", ""C"", ""C"", ""C"", ""Cl"", ""C"", ""Cl"", ""C"", ""C"", ""C"", ""H"", ""H"", ""H"", ""H"", ""H"", ""H"", ""H"", ""H"", ""H"", ""H"", ""H"", ""H"", ""H"", ""H"", ""H"", ""H"", ""H""]",C84H68Cl8N4O8,"[true, true, true]","[19.11693282546417, 0.0, 0.0, -4.61832741526907, 14.717017142414026, 0.0, -6.104801018202463, -1.7734501743643618, 14.408991534917645]",4053.886601130223,[],"{""cutoff=6.000_skin=0.000"": 6530, ""cutoff=6.000_skin=0.500"": 8132}",0.0,,
OPT-RFT-XAFPAY172-R512-v1,16360d404e1cc8ec5ea026f69f45c1e0d210a4962a9adca338d6dcf7b609da30,OPT-RFT-XAFPAY172-R512-v1:0386,XAFPAY_C3_14_10_z1_43,adc5419d39cc4bcfc0bad19780fb277af262576c96d8257a55dc9401cf95bf86,386,cross_family_test_set,XAFPAY/structures/XAFPAY_C3_14_10_z1_43.cif,9601148aa3f8e738c0539c7cc93df8aef7a0974713e0874c1e38a567f4af1302,adc5419d39cc4bcfc0bad19780fb277af262576c96d8257a55dc9401cf95bf86,0,172,"[""O"", ""C"", ""O"", ""C"", ""C"", ""C"", ""C"", ""C"", ""C"", ""N"", ""C"", ""C"", ""C"", ""C"", ""C"", ""C"", ""C"", ""C"", ""C"", ""C"", ""Cl"", ""C"", ""Cl"", ""C"", ""C"", ""C"", ""H"", ""H"", ""H"", ""H"", ""H"", ""H"", ""H"", ""H"", ""H"", ""H"", ""H"", ""H"", ""H"", ""H"", ""H"", ""H"", ""H"", ""O"", ""C"", ""O"", ""C"", ""C"", ""C"", ""C"", ""C"", ""C"", ""N"", ""C"", ""C"", ""C"", ""C"", ""C"", ""C"", ""C"", ""C"", ""C"", ""C"", ""Cl"", ""C"", ""Cl"", ""C"", ""C"", ""C"", ""H"", ""H"", ""H"", ""H"", ""H"", ""H"", ""H"", ""H"", ""H"", ""H"", ""H"", ""H"", ""H"", ""H"", ""H"", ""H"", ""H"", ""O"", ""C"", ""O"", ""C"", ""C"", ""C"", ""C"", ""C"", ""C"", ""N"", ""C"", ""C"", ""C"", ""C"", ""C"", ""C"", ""C"", ""C"", ""C"", ""C"", ""Cl"", ""C"", ""Cl"", ""C"", ""C"", ""C"", ""H"", ""H"", ""H"", ""H"", ""H"", ""H"", ""H"", ""H"", ""H"", ""H"", ""H"", ""H"", ""H"", ""H"", ""H"", ""H"", ""H"", ""O"", ""C"", ""O"", ""C"", ""C"", ""C"", ""C"", ""C"", ""C"", ""N"", ""C"", ""C"", ""C"", ""C"", ""C"", ""C"", ""C"", ""C"", ""C"", ""C"", ""Cl"", ""C"", ""Cl"", ""C"", ""C"", ""C"", ""H"", ""H"", ""H"", ""H"", ""H"", ""H"", ""H"", ""H"", ""H"", ""H"", ""H"", ""H"", ""H"", ""H"", ""H"", ""H"", ""H""]",C84H68Cl8N4O8,"[true, true, true]","[14.84513051782367, 0.0, 0.0, 0.0, 32.45330351036932, 0.0, -3.5690378979487076, 0.0, 10.601087640598353]",5107.323375713826,[],"{""cutoff=6.000_skin=0.000"": 6536, ""cutoff=6.000_skin=0.500"": 7912}",0.0,,
OPT-RFT-XAFPAY172-R512-v1,16360d404e1cc8ec5ea026f69f45c1e0d210a4962a9adca338d6dcf7b609da30,OPT-RFT-XAFPAY172-R512-v1:0387,XAFPAY_C4_14_589_z1_43,826a3455738bb5450db0a063a3a467055e6d6c0c5a75363418e41509d0701f06,387,cross_family_test_set,XAFPAY/structures/XAFPAY_C4_14_589_z1_43.cif,5803e6d0b86b4d74ebcc7e089782aef8d8e7b34ebfad1fc77357debabcdacd8a,826a3455738bb5450db0a063a3a467055e6d6c0c5a75363418e41509d0701f06,0,172,"[""O"", ""C"", ""O"", ""C"", ""C"", ""C"", ""C"", ""C"", ""C"", ""N"", ""C"", ""C"", ""C"", ""C"", ""C"", ""C"", ""C"", ""C"", ""C"", ""C"", ""Cl"", ""C"", ""Cl"", ""C"", ""C"", ""C"", ""H"", ""H"", ""H"", ""H"", ""H"", ""H"", ""H"", ""H"", ""H"", ""H"", ""H"", ""H"", ""H"", ""H"", ""H"", ""H"", ""H"", ""O"", ""C"", ""O"", ""C"", ""C"", ""C"", ""C"", ""C"", ""C"", ""N"", ""C"", ""C"", ""C"", ""C"", ""C"", ""C"", ""C"", ""C"", ""C"", ""C"", ""Cl"", ""C"", ""Cl"", ""C"", ""C"", ""C"", ""H"", ""H"", ""H"", ""H"", ""H"", ""H"", ""H"", ""H"", ""H"", ""H"", ""H"", ""H"", ""H"", ""H"", ""H"", ""H"", ""H"", ""O"", ""C"", ""O"", ""C"", ""C"", ""C"", ""C"", ""C"", ""C"", ""N"", ""C"", ""C"", ""C"", ""C"", ""C"", ""C"", ""C"", ""C"", ""C"", ""C"", ""Cl"", ""C"", ""Cl"", ""C"", ""C"", ""C"", ""H"", ""H"", ""H"", ""H"", ""H"", ""H"", ""H"", ""H"", ""H"", ""H"", ""H"", ""H"", ""H"", ""H"", ""H"", ""H"", ""H"", ""O"", ""C"", ""O"", ""C"", ""C"", ""C"", ""C"", ""C"", ""C"", ""N"", ""C"", ""C"", ""C"", ""C"", ""C"", ""C"", ""C"", ""C"", ""C"", ""C"", ""Cl"", ""C"", ""Cl"", ""C"", ""C"", ""C"", ""H"", ""H"", ""H"", ""H"", ""H"", ""H"", ""H"", ""H"", ""H"", ""H"", ""H"", ""H"", ""H"", ""H"", ""H"", ""H"", ""H""]",C84H68Cl8N4O8,"[true, true, true]","[26.06251366007578, 0.0, 0.0, 0.0, 12.89129716316755, 0.0, 5.349905158980105, 0.0, 12.176766801519516]",4091.1453416884265,[],"{""cutoff=6.000_skin=0.000"": 6540, ""cutoff=6.000_skin=0.500"": 8120}",0.0,,
OPT-RFT-XAFPAY172-R512-v1,16360d404e1cc8ec5ea026f69f45c1e0d210a4962a9adca338d6dcf7b609da30,OPT-RFT-XAFPAY172-R512-v1:0388,XAFPAY_C1_14_2152_z1_43,5e99f4d76e4a0072e7bb1880c92698b0e9f6035348f8522b30806c6dc6489f65,388,cross_family_test_set,XAFPAY/structures/XAFPAY_C1_14_2152_z1_43.cif,9184673f6fa0e10a6ac8c35f1020a4a1588ac67847f566d8384bf3770154b7a5,5e99f4d76e4a0072e7bb1880c92698b0e9f6035348f8522b30806c6dc6489f65,0,172,"[""O"", ""C"", ""O"", ""C"", ""C"", ""C"", ""C"", ""C"", ""C"", ""N"", ""C"", ""C"", ""C"", ""C"", ""C"", ""C"", ""C"", ""C"", ""C"", ""C"", ""Cl"", ""C"", ""Cl"", ""C"", ""C"", ""C"", ""H"", ""H"", ""H"", ""H"", ""H"", ""H"", ""H"", ""H"", ""H"", ""H"", ""H"", ""H"", ""H"", ""H"", ""H"", ""H"", ""H"", ""O"", ""C"", ""O"", ""C"", ""C"", ""C"", ""C"", ""C"", ""C"", ""N"", ""C"", ""C"", ""C"", ""C"", ""C"", ""C"", ""C"", ""C"", ""C"", ""C"", ""Cl"", ""C"", ""Cl"", ""C"", ""C"", ""C"", ""H"", ""H"", ""H"", ""H"", ""H"", ""H"", ""H"", ""H"", ""H"", ""H"", ""H"", ""H"", ""H"", ""H"", ""H"", ""H"", ""H"", ""O"", ""C"", ""O"", ""C"", ""C"", ""C"", ""C"", ""C"", ""C"", ""N"", ""C"", ""C"", ""C"", ""C"", ""C"", ""C"", ""C"", ""C"", ""C"", ""C"", ""Cl"", ""C"", ""Cl"", ""C"", ""C"", ""C"", ""H"", ""H"", ""H"", ""H"", ""H"", ""H"", ""H"", ""H"", ""H"", ""H"", ""H"", ""H"", ""H"", ""H"", ""H"", ""H"", ""H"", ""O"", ""C"", ""O"", ""C"", ""C"", ""C"", ""C"", ""C"", ""C"", ""N"", ""C"", ""C"", ""C"", ""C"", ""C"", ""C"", ""C"", ""C"", ""C"", ""C"", ""Cl"", ""C"", ""Cl"", ""C"", ""C"", ""C"", ""H"", ""H"", ""H"", ""H"", ""H"", ""H"", ""H"", ""H"", ""H"", ""H"", ""H"", ""H"", ""H"", ""H"", ""H"", ""H"", ""H""]",C84H68Cl8N4O8,"[true, true, true]","[13.844798215531505, 0.0, 0.0, 0.0, 13.407577707380568, 0.0, -4.77662090443451, 0.0, 21.891836234183717]",4063.6766526715214,[],"{""cutoff=6.000_skin=0.000"": 6556, ""cutoff=6.000_skin=0.500"": 8400}",0.0,,
OPT-RFT-XAFPAY172-R512-v1,16360d404e1cc8ec5ea026f69f45c1e0d210a4962a9adca338d6dcf7b609da30,OPT-RFT-XAFPAY172-R512-v1:0389,XAFPAY_C4_2_14606_z2_86,52ad2dc77d2b0c0d6c46adc96b515e5a5e9986963e581cfb9b5917a194fd8db9,389,cross_family_test_set,XAFPAY/structures/XAFPAY_C4_2_14606_z2_86.cif,4cf3855fd304b9a3c5e9bb499f008200073eab32cb72880a835fe8fa4d59ff87,52ad2dc77d2b0c0d6c46adc96b515e5a5e9986963e581cfb9b5917a194fd8db9,0,172,"[""O"", ""C"", ""O"", ""C"", ""C"", ""C"", ""C"", ""C"", ""C"", ""N"", ""C"", ""C"", ""C"", ""C"", ""C"", ""C"", ""C"", ""C"", ""C"", ""C"", ""Cl"", ""C"", ""Cl"", ""C"", ""C"", ""C"", ""H"", ""H"", ""H"", ""H"", ""H"", ""H"", ""H"", ""H"", ""H"", ""H"", ""H"", ""H"", ""H"", ""H"", ""H"", ""H"", ""H"", ""O"", ""C"", ""O"", ""C"", ""C"", ""C"", ""C"", ""C"", ""C"", ""N"", ""C"", ""C"", ""C"", ""C"", ""C"", ""C"", ""C"", ""C"", ""C"", ""C"", ""Cl"", ""C"", ""Cl"", ""C"", ""C"", ""C"", ""H"", ""H"", ""H"", ""H"", ""H"", ""H"", ""H"", ""H"", ""H"", ""H"", ""H"", ""H"", ""H"", ""H"", ""H"", ""H"", ""H"", ""O"", ""C"", ""O"", ""C"", ""C"", ""C"", ""C"", ""C"", ""C"", ""N"", ""C"", ""C"", ""C"", ""C"", ""C"", ""C"", ""C"", ""C"", ""C"", ""C"", ""Cl"", ""C"", ""Cl"", ""C"", ""C"", ""C"", ""H"", ""H"", ""H"", ""H"", ""H"", ""H"", ""H"", ""H"", ""H"", ""H"", ""H"", ""H"", ""H"", ""H"", ""H"", ""H"", ""H"", ""O"", ""C"", ""O"", ""C"", ""C"", ""C"", ""C"", ""C"", ""C"", ""N"", ""C"", ""C"", ""C"", ""C"", ""C"", ""C"", ""C"", ""C"", ""C"", ""C"", ""Cl"", ""C"", ""Cl"", ""C"", ""C"", ""C"", ""H"", ""H"", ""H"", ""H"", ""H"", ""H"", ""H"", ""H"", ""H"", ""H"", ""H"", ""H"", ""H"", ""H"", ""H"", ""H"", ""H""]",C84H68Cl8N4O8,"[true, true, true]","[14.15318481000065, 0.0, 0.0, 7.680027220278085, 22.323108776186903, 0.0, -3.9801175400808133, 0.7420385231343584, 13.3600385310479]",4221.011776434197,[],"{""cutoff=6.000_skin=0.000"": 6562, ""cutoff=6.000_skin=0.500"": 8214}",0.0,,
OPT-RFT-XAFPAY172-R512-v1,16360d404e1cc8ec5ea026f69f45c1e0d210a4962a9adca338d6dcf7b609da30,OPT-RFT-XAFPAY172-R512-v1:0390,XAFPAY_C3_14_4485_z1_43,49b4c5415cffefd4cbc613bfb40c067bc2de90b2af7bbc821bc181db3c854e18,390,cross_family_test_set,XAFPAY/structures/XAFPAY_C3_14_4485_z1_43.cif,03dc67bee51ca977bfe48fc50bce3516c43016f4c6b16b02bb30c2a1b573b5e3,49b4c5415cffefd4cbc613bfb40c067bc2de90b2af7bbc821bc181db3c854e18,0,172,"[""O"", ""C"", ""O"", ""C"", ""C"", ""C"", ""C"", ""C"", ""C"", ""N"", ""C"", ""C"", ""C"", ""C"", ""C"", ""C"", ""C"", ""C"", ""C"", ""C"", ""Cl"", ""C"", ""Cl"", ""C"", ""C"", ""C"", ""H"", ""H"", ""H"", ""H"", ""H"", ""H"", ""H"", ""H"", ""H"", ""H"", ""H"", ""H"", ""H"", ""H"", ""H"", ""H"", ""H"", ""O"", ""C"", ""O"", ""C"", ""C"", ""C"", ""C"", ""C"", ""C"", ""N"", ""C"", ""C"", ""C"", ""C"", ""C"", ""C"", ""C"", ""C"", ""C"", ""C"", ""Cl"", ""C"", ""Cl"", ""C"", ""C"", ""C"", ""H"", ""H"", ""H"", ""H"", ""H"", ""H"", ""H"", ""H"", ""H"", ""H"", ""H"", ""H"", ""H"", ""H"", ""H"", ""H"", ""H"", ""O"", ""C"", ""O"", ""C"", ""C"", ""C"", ""C"", ""C"", ""C"", ""N"", ""C"", ""C"", ""C"", ""C"", ""C"", ""C"", ""C"", ""C"", ""C"", ""C"", ""Cl"", ""C"", ""Cl"", ""C"", ""C"", ""C"", ""H"", ""H"", ""H"", ""H"", ""H"", ""H"", ""H"", ""H"", ""H"", ""H"", ""H"", ""H"", ""H"", ""H"", ""H"", ""H"", ""H"", ""O"", ""C"", ""O"", ""C"", ""C"", ""C"", ""C"", ""C"", ""C"", ""N"", ""C"", ""C"", ""C"", ""C"", ""C"", ""C"", ""C"", ""C"", ""C"", ""C"", ""Cl"", ""C"", ""Cl"", ""C"", ""C"", ""C"", ""H"", ""H"", ""H"", ""H"", ""H"", ""H"", ""H"", ""H"", ""H"", ""H"", ""H"", ""H"", ""H"", ""H"", ""H"", ""H"", ""H""]",C84H68Cl8N4O8,"[true, true, true]","[10.099142065869756, 0.0, 0.0, 0.0, 9.87811706431135, 0.0, -0.5142124931359707, 0.0, 37.66687496719092]",3757.666565520129,[],"{""cutoff=6.000_skin=0.000"": 6568, ""cutoff=6.000_skin=0.500"": 8664}",0.0,,
OPT-RFT-XAFPAY172-R512-v1,16360d404e1cc8ec5ea026f69f45c1e0d210a4962a9adca338d6dcf7b609da30,OPT-RFT-XAFPAY172-R512-v1:0391,XAFPAY_C1_14_2748_z1_43,7340771f6778548fca46a28293cd21ecfc0d8717af98541aab0e1fc4f11ea001,391,cross_family_test_set,XAFPAY/structures/XAFPAY_C1_14_2748_z1_43.cif,768603b31c5e57af1c2838128d6e325cb8a5399792731f5a05a89667323c28eb,7340771f6778548fca46a28293cd21ecfc0d8717af98541aab0e1fc4f11ea001,0,172,"[""O"", ""C"", ""O"", ""C"", ""C"", ""C"", ""C"", ""C"", ""C"", ""N"", ""C"", ""C"", ""C"", ""C"", ""C"", ""C"", ""C"", ""C"", ""C"", ""C"", ""Cl"", ""C"", ""Cl"", ""C"", ""C"", ""C"", ""H"", ""H"", ""H"", ""H"", ""H"", ""H"", ""H"", ""H"", ""H"", ""H"", ""H"", ""H"", ""H"", ""H"", ""H"", ""H"", ""H"", ""O"", ""C"", ""O"", ""C"", ""C"", ""C"", ""C"", ""C"", ""C"", ""N"", ""C"", ""C"", ""C"", ""C"", ""C"", ""C"", ""C"", ""C"", ""C"", ""C"", ""Cl"", ""C"", ""Cl"", ""C"", ""C"", ""C"", ""H"", ""H"", ""H"", ""H"", ""H"", ""H"", ""H"", ""H"", ""H"", ""H"", ""H"", ""H"", ""H"", ""H"", ""H"", ""H"", ""H"", ""O"", ""C"", ""O"", ""C"", ""C"", ""C"", ""C"", ""C"", ""C"", ""N"", ""C"", ""C"", ""C"", ""C"", ""C"", ""C"", ""C"", ""C"", ""C"", ""C"", ""Cl"", ""C"", ""Cl"", ""C"", ""C"", ""C"", ""H"", ""H"", ""H"", ""H"", ""H"", ""H"", ""H"", ""H"", ""H"", ""H"", ""H"", ""H"", ""H"", ""H"", ""H"", ""H"", ""H"", ""O"", ""C"", ""O"", ""C"", ""C"", ""C"", ""C"", ""C"", ""C"", ""N"", ""C"", ""C"", ""C"", ""C"", ""C"", ""C"", ""C"", ""C"", ""C"", ""C"", ""Cl"", ""C"", ""Cl"", ""C"", ""C"", ""C"", ""H"", ""H"", ""H"", ""H"", ""H"", ""H"", ""H"", ""H"", ""H"", ""H"", ""H"", ""H"", ""H"", ""H"", ""H"", ""H"", ""H""]",C84H68Cl8N4O8,"[true, true, true]","[20.682842673953218, 0.0, 0.0, 0.0, 19.550270125058468, 0.0, 2.068446494023577, 0.0, 11.02013526406334]",4456.048571475331,[],"{""cutoff=6.000_skin=0.000"": 6572, ""cutoff=6.000_skin=0.500"": 8068}",0.0,,
OPT-RFT-XAFPAY172-R512-v1,16360d404e1cc8ec5ea026f69f45c1e0d210a4962a9adca338d6dcf7b609da30,OPT-RFT-XAFPAY172-R512-v1:0392,XAFPAY_C4_14_415_z1_43,103451ae6438b843c3631c372d00969d85adfaba8844f915006e59342d7c06b4,392,cross_family_test_set,XAFPAY/structures/XAFPAY_C4_14_415_z1_43.cif,c0d74f6ae8b7d2b5262969309184e8ed1012b63ee9fa5fa38c4b8d0a19ecdb37,103451ae6438b843c3631c372d00969d85adfaba8844f915006e59342d7c06b4,0,172,"[""O"", ""C"", ""O"", ""C"", ""C"", ""C"", ""C"", ""C"", ""C"", ""N"", ""C"", ""C"", ""C"", ""C"", ""C"", ""C"", ""C"", ""C"", ""C"", ""C"", ""Cl"", ""C"", ""Cl"", ""C"", ""C"", ""C"", ""H"", ""H"", ""H"", ""H"", ""H"", ""H"", ""H"", ""H"", ""H"", ""H"", ""H"", ""H"", ""H"", ""H"", ""H"", ""H"", ""H"", ""O"", ""C"", ""O"", ""C"", ""C"", ""C"", ""C"", ""C"", ""C"", ""N"", ""C"", ""C"", ""C"", ""C"", ""C"", ""C"", ""C"", ""C"", ""C"", ""C"", ""Cl"", ""C"", ""Cl"", ""C"", ""C"", ""C"", ""H"", ""H"", ""H"", ""H"", ""H"", ""H"", ""H"", ""H"", ""H"", ""H"", ""H"", ""H"", ""H"", ""H"", ""H"", ""H"", ""H"", ""O"", ""C"", ""O"", ""C"", ""C"", ""C"", ""C"", ""C"", ""C"", ""N"", ""C"", ""C"", ""C"", ""C"", ""C"", ""C"", ""C"", ""C"", ""C"", ""C"", ""Cl"", ""C"", ""Cl"", ""C"", ""C"", ""C"", ""H"", ""H"", ""H"", ""H"", ""H"", ""H"", ""H"", ""H"", ""H"", ""H"", ""H"", ""H"", ""H"", ""H"", ""H"", ""H"", ""H"", ""O"", ""C"", ""O"", ""C"", ""C"", ""C"", ""C"", ""C"", ""C"", ""N"", ""C"", ""C"", ""C"", ""C"", ""C"", ""C"", ""C"", ""C"", ""C"", ""C"", ""Cl"", ""C"", ""Cl"", ""C"", ""C"", ""C"", ""H"", ""H"", ""H"", ""H"", ""H"", ""H"", ""H"", ""H"", ""H"", ""H"", ""H"", ""H"", ""H"", ""H"", ""H"", ""H"", ""H""]",C84H68Cl8N4O8,"[true, true, true]","[9.751102935032534, 0.0, 0.0, 0.0, 29.926717635309217, 0.0, -4.486305194003136, 0.0, 13.646978168846118]",3982.440755667222,[],"{""cutoff=6.000_skin=0.000"": 6576, ""cutoff=6.000_skin=0.500"": 8240}",0.0,,
OPT-RFT-XAFPAY172-R512-v1,16360d404e1cc8ec5ea026f69f45c1e0d210a4962a9adca338d6dcf7b609da30,OPT-RFT-XAFPAY172-R512-v1:0393,XAFPAY_C2_14_1181_z1_43,4b00b2358fe1655597c5d3c009f03068db97fb09951f2e05feb1e3a05c43e41a,393,cross_family_test_set,XAFPAY/structures/XAFPAY_C2_14_1181_z1_43.cif,8c191e081e73ac08dd07836c3b216e8598e370f09338298d6c804c97e66c19c3,4b00b2358fe1655597c5d3c009f03068db97fb09951f2e05feb1e3a05c43e41a,0,172,"[""O"", ""C"", ""O"", ""C"", ""C"", ""C"", ""C"", ""C"", ""C"", ""N"", ""C"", ""C"", ""C"", ""C"", ""C"", ""C"", ""C"", ""C"", ""C"", ""C"", ""Cl"", ""C"", ""Cl"", ""C"", ""C"", ""C"", ""H"", ""H"", ""H"", ""H"", ""H"", ""H"", ""H"", ""H"", ""H"", ""H"", ""H"", ""H"", ""H"", ""H"", ""H"", ""H"", ""H"", ""O"", ""C"", ""O"", ""C"", ""C"", ""C"", ""C"", ""C"", ""C"", ""N"", ""C"", ""C"", ""C"", ""C"", ""C"", ""C"", ""C"", ""C"", ""C"", ""C"", ""Cl"", ""C"", ""Cl"", ""C"", ""C"", ""C"", ""H"", ""H"", ""H"", ""H"", ""H"", ""H"", ""H"", ""H"", ""H"", ""H"", ""H"", ""H"", ""H"", ""H"", ""H"", ""H"", ""H"", ""O"", ""C"", ""O"", ""C"", ""C"", ""C"", ""C"", ""C"", ""C"", ""N"", ""C"", ""C"", ""C"", ""C"", ""C"", ""C"", ""C"", ""C"", ""C"", ""C"", ""Cl"", ""C"", ""Cl"", ""C"", ""C"", ""C"", ""H"", ""H"", ""H"", ""H"", ""H"", ""H"", ""H"", ""H"", ""H"", ""H"", ""H"", ""H"", ""H"", ""H"", ""H"", ""H"", ""H"", ""O"", ""C"", ""O"", ""C"", ""C"", ""C"", ""C"", ""C"", ""C"", ""N"", ""C"", ""C"", ""C"", ""C"", ""C"", ""C"", ""C"", ""C"", ""C"", ""C"", ""Cl"", ""C"", ""Cl"", ""C"", ""C"", ""C"", ""H"", ""H"", ""H"", ""H"", ""H"", ""H"", ""H"", ""H"", ""H"", ""H"", ""H"", ""H"", ""H"", ""H"", ""H"", ""H"", ""H""]",C84H68Cl8N4O8,"[true, true, true]","[11.579091475016888, 0.0, 0.0, 0.0, 6.536850820818863, 0.0, 37.4507196243865, 0.0, 52.01238918942499]",3936.8590154454346,[],"{""cutoff=6.000_skin=0.000"": 6584, ""cutoff=6.000_skin=0.500"": 8476}",0.0,,
OPT-RFT-XAFPAY172-R512-v1,16360d404e1cc8ec5ea026f69f45c1e0d210a4962a9adca338d6dcf7b609da30,OPT-RFT-XAFPAY172-R512-v1:0394,XAFPAY_C3_14_551_z1_43,2fd2be1d27eb17217f4fa07668ea67d4c00ce263f3d42220a27ef0557115541f,394,cross_family_test_set,XAFPAY/structures/XAFPAY_C3_14_551_z1_43.cif,9e1b0014b93f4bfcb3144ebc4dd65ccd279e2533fce5bde13c014266cf3f85e6,2fd2be1d27eb17217f4fa07668ea67d4c00ce263f3d42220a27ef0557115541f,0,172,"[""O"", ""C"", ""O"", ""C"", ""C"", ""C"", ""C"", ""C"", ""C"", ""N"", ""C"", ""C"", ""C"", ""C"", ""C"", ""C"", ""C"", ""C"", ""C"", ""C"", ""Cl"", ""C"", ""Cl"", ""C"", ""C"", ""C"", ""H"", ""H"", ""H"", ""H"", ""H"", ""H"", ""H"", ""H"", ""H"", ""H"", ""H"", ""H"", ""H"", ""H"", ""H"", ""H"", ""H"", ""O"", ""C"", ""O"", ""C"", ""C"", ""C"", ""C"", ""C"", ""C"", ""N"", ""C"", ""C"", ""C"", ""C"", ""C"", ""C"", ""C"", ""C"", ""C"", ""C"", ""Cl"", ""C"", ""Cl"", ""C"", ""C"", ""C"", ""H"", ""H"", ""H"", ""H"", ""H"", ""H"", ""H"", ""H"", ""H"", ""H"", ""H"", ""H"", ""H"", ""H"", ""H"", ""H"", ""H"", ""O"", ""C"", ""O"", ""C"", ""C"", ""C"", ""C"", ""C"", ""C"", ""N"", ""C"", ""C"", ""C"", ""C"", ""C"", ""C"", ""C"", ""C"", ""C"", ""C"", ""Cl"", ""C"", ""Cl"", ""C"", ""C"", ""C"", ""H"", ""H"", ""H"", ""H"", ""H"", ""H"", ""H"", ""H"", ""H"", ""H"", ""H"", ""H"", ""H"", ""H"", ""H"", ""H"", ""H"", ""O"", ""C"", ""O"", ""C"", ""C"", ""C"", ""C"", ""C"", ""C"", ""N"", ""C"", ""C"", ""C"", ""C"", ""C"", ""C"", ""C"", ""C"", ""C"", ""C"", ""Cl"", ""C"", ""Cl"", ""C"", ""C"", ""C"", ""H"", ""H"", ""H"", ""H"", ""H"", ""H"", ""H"", ""H"", ""H"", ""H"", ""H"", ""H"", ""H"", ""H"", ""H"", ""H"", ""H""]",C84H68Cl8N4O8,"[true, true, true]","[19.468169981254817, 0.0, 0.0, 0.0, 16.088305071999834, 0.0, -5.789868927265746, 0.0, 16.796740393382446]",5260.904670987875,[],"{""cutoff=6.000_skin=0.000"": 6596, ""cutoff=6.000_skin=0.500"": 7832}",0.0,,
OPT-RFT-XAFPAY172-R512-v1,16360d404e1cc8ec5ea026f69f45c1e0d210a4962a9adca338d6dcf7b609da30,OPT-RFT-XAFPAY172-R512-v1:0395,XAFPAY_C4_2_11828_z2_86,62c086a4eb1e71110ef9b96fd03a6faabfa95c788059ae8924493d32cb4c750d,395,cross_family_test_set,XAFPAY/structures/XAFPAY_C4_2_11828_z2_86.cif,e57bd39eb397c730051abf3cd31bbd7fbecd568c88f53160f4b9b1768a685dc6,62c086a4eb1e71110ef9b96fd03a6faabfa95c788059ae8924493d32cb4c750d,0,172,"[""O"", ""C"", ""O"", ""C"", ""C"", ""C"", ""C"", ""C"", ""C"", ""N"", ""C"", ""C"", ""C"", ""C"", ""C"", ""C"", ""C"", ""C"", ""C"", ""C"", ""Cl"", ""C"", ""Cl"", ""C"", ""C"", ""C"", ""H"", ""H"", ""H"", ""H"", ""H"", ""H"", ""H"", ""H"", ""H"", ""H"", ""H"", ""H"", ""H"", ""H"", ""H"", ""H"", ""H"", ""O"", ""C"", ""O"", ""C"", ""C"", ""C"", ""C"", ""C"", ""C"", ""N"", ""C"", ""C"", ""C"", ""C"", ""C"", ""C"", ""C"", ""C"", ""C"", ""C"", ""Cl"", ""C"", ""Cl"", ""C"", ""C"", ""C"", ""H"", ""H"", ""H"", ""H"", ""H"", ""H"", ""H"", ""H"", ""H"", ""H"", ""H"", ""H"", ""H"", ""H"", ""H"", ""H"", ""H"", ""O"", ""C"", ""O"", ""C"", ""C"", ""C"", ""C"", ""C"", ""C"", ""N"", ""C"", ""C"", ""C"", ""C"", ""C"", ""C"", ""C"", ""C"", ""C"", ""C"", ""Cl"", ""C"", ""Cl"", ""C"", ""C"", ""C"", ""H"", ""H"", ""H"", ""H"", ""H"", ""H"", ""H"", ""H"", ""H"", ""H"", ""H"", ""H"", ""H"", ""H"", ""H"", ""H"", ""H"", ""O"", ""C"", ""O"", ""C"", ""C"", ""C"", ""C"", ""C"", ""C"", ""N"", ""C"", ""C"", ""C"", ""C"", ""C"", ""C"", ""C"", ""C"", ""C"", ""C"", ""Cl"", ""C"", ""Cl"", ""C"", ""C"", ""C"", ""H"", ""H"", ""H"", ""H"", ""H"", ""H"", ""H"", ""H"", ""H"", ""H"", ""H"", ""H"", ""H"", ""H"", ""H"", ""H"", ""H""]",C84H68Cl8N4O8,"[true, true, true]","[19.31399069083619, 0.0, 0.0, 1.9403875641176682, 14.85326346075795, 0.0, 1.0992894382915592, -1.3888438370436613, 16.04224534385412]",4602.13184183918,[],"{""cutoff=6.000_skin=0.000"": 6602, ""cutoff=6.000_skin=0.500"": 8138}",0.0,,
OPT-RFT-XAFPAY172-R512-v1,16360d404e1cc8ec5ea026f69f45c1e0d210a4962a9adca338d6dcf7b609da30,OPT-RFT-XAFPAY172-R512-v1:0396,XAFPAY_C2_2_21986_z2_86,82a5345570b2b6c90cbe16ba0c6b932167b3ab13f8d0256761629c571e559719,396,cross_family_test_set,XAFPAY/structures/XAFPAY_C2_2_21986_z2_86.cif,079828c6228ce78377c6ffddc46d63b62c4eecf106695c30093e56ba6f4b29f3,82a5345570b2b6c90cbe16ba0c6b932167b3ab13f8d0256761629c571e559719,0,172,"[""O"", ""C"", ""O"", ""C"", ""C"", ""C"", ""C"", ""C"", ""C"", ""N"", ""C"", ""C"", ""C"", ""C"", ""C"", ""C"", ""C"", ""C"", ""C"", ""C"", ""Cl"", ""C"", ""Cl"", ""C"", ""C"", ""C"", ""H"", ""H"", ""H"", ""H"", ""H"", ""H"", ""H"", ""H"", ""H"", ""H"", ""H"", ""H"", ""H"", ""H"", ""H"", ""H"", ""H"", ""O"", ""C"", ""O"", ""C"", ""C"", ""C"", ""C"", ""C"", ""C"", ""N"", ""C"", ""C"", ""C"", ""C"", ""C"", ""C"", ""C"", ""C"", ""C"", ""C"", ""Cl"", ""C"", ""Cl"", ""C"", ""C"", ""C"", ""H"", ""H"", ""H"", ""H"", ""H"", ""H"", ""H"", ""H"", ""H"", ""H"", ""H"", ""H"", ""H"", ""H"", ""H"", ""H"", ""H"", ""O"", ""C"", ""O"", ""C"", ""C"", ""C"", ""C"", ""C"", ""C"", ""N"", ""C"", ""C"", ""C"", ""C"", ""C"", ""C"", ""C"", ""C"", ""C"", ""C"", ""Cl"", ""C"", ""Cl"", ""C"", ""C"", ""C"", ""H"", ""H"", ""H"", ""H"", ""H"", ""H"", ""H"", ""H"", ""H"", ""H"", ""H"", ""H"", ""H"", ""H"", ""H"", ""H"", ""H"", ""O"", ""C"", ""O"", ""C"", ""C"", ""C"", ""C"", ""C"", ""C"", ""N"", ""C"", ""C"", ""C"", ""C"", ""C"", ""C"", ""C"", ""C"", ""C"", ""C"", ""Cl"", ""C"", ""Cl"", ""C"", ""C"", ""C"", ""H"", ""H"", ""H"", ""H"", ""H"", ""H"", ""H"", ""H"", ""H"", ""H"", ""H"", ""H"", ""H"", ""H"", ""H"", ""H"", ""H""]",C84H68Cl8N4O8,"[true, true, true]","[16.06235980435256, 0.0, 0.0, -1.0269971983558388, 20.494180105385688, 0.0, 8.733045098485956, 1.8823296871824233, 14.233391976397733]",4685.417639656219,[],"{""cutoff=6.000_skin=0.000"": 6608, ""cutoff=6.000_skin=0.500"": 8092}",0.0,,
OPT-RFT-XAFPAY172-R512-v1,16360d404e1cc8ec5ea026f69f45c1e0d210a4962a9adca338d6dcf7b609da30,OPT-RFT-XAFPAY172-R512-v1:0397,XAFPAY_C2_2_8919_z2_86,d412838dbb0b9d499b4276c0ac86d264d655657582e2edfeb891672f60fd224e,397,cross_family_test_set,XAFPAY/structures/XAFPAY_C2_2_8919_z2_86.cif,fbbde93440904de124be847b396d3766839687b8ff4aaaff014828c012da263b,d412838dbb0b9d499b4276c0ac86d264d655657582e2edfeb891672f60fd224e,0,172,"[""O"", ""C"", ""O"", ""C"", ""C"", ""C"", ""C"", ""C"", ""C"", ""N"", ""C"", ""C"", ""C"", ""C"", ""C"", ""C"", ""C"", ""C"", ""C"", ""C"", ""Cl"", ""C"", ""Cl"", ""C"", ""C"", ""C"", ""H"", ""H"", ""H"", ""H"", ""H"", ""H"", ""H"", ""H"", ""H"", ""H"", ""H"", ""H"", ""H"", ""H"", ""H"", ""H"", ""H"", ""O"", ""C"", ""O"", ""C"", ""C"", ""C"", ""C"", ""C"", ""C"", ""N"", ""C"", ""C"", ""C"", ""C"", ""C"", ""C"", ""C"", ""C"", ""C"", ""C"", ""Cl"", ""C"", ""Cl"", ""C"", ""C"", ""C"", ""H"", ""H"", ""H"", ""H"", ""H"", ""H"", ""H"", ""H"", ""H"", ""H"", ""H"", ""H"", ""H"", ""H"", ""H"", ""H"", ""H"", ""O"", ""C"", ""O"", ""C"", ""C"", ""C"", ""C"", ""C"", ""C"", ""N"", ""C"", ""C"", ""C"", ""C"", ""C"", ""C"", ""C"", ""C"", ""C"", ""C"", ""Cl"", ""C"", ""Cl"", ""C"", ""C"", ""C"", ""H"", ""H"", ""H"", ""H"", ""H"", ""H"", ""H"", ""H"", ""H"", ""H"", ""H"", ""H"", ""H"", ""H"", ""H"", ""H"", ""H"", ""O"", ""C"", ""O"", ""C"", ""C"", ""C"", ""C"", ""C"", ""C"", ""N"", ""C"", ""C"", ""C"", ""C"", ""C"", ""C"", ""C"", ""C"", ""C"", ""C"", ""Cl"", ""C"", ""Cl"", ""C"", ""C"", ""C"", ""H"", ""H"", ""H"", ""H"", ""H"", ""H"", ""H"", ""H"", ""H"", ""H"", ""H"", ""H"", ""H"", ""H"", ""H"", ""H"", ""H""]",C84H68Cl8N4O8,"[true, true, true]","[17.025296633180858, 0.0, 0.0, 3.2321081186706087, 20.245138207890307, 0.0, -11.0285770449544, -3.6386025328246414, 14.662345336560561]",5053.809615584681,[],"{""cutoff=6.000_skin=0.000"": 6620, ""cutoff=6.000_skin=0.500"": 7994}",0.0,,
OPT-RFT-XAFPAY172-R512-v1,16360d404e1cc8ec5ea026f69f45c1e0d210a4962a9adca338d6dcf7b609da30,OPT-RFT-XAFPAY172-R512-v1:0398,XAFPAY_C4_2_17046_z2_86,4f3f9bdc0368ed8dd4597c4414ad751931cbd72a833463daae6f84249d6c802d,398,cross_family_test_set,XAFPAY/structures/XAFPAY_C4_2_17046_z2_86.cif,f33eb0d4f0d681b318c69cf57ff7276e111c64b9cf2ac8e02ad63ca68ce95907,4f3f9bdc0368ed8dd4597c4414ad751931cbd72a833463daae6f84249d6c802d,0,172,"[""O"", ""C"", ""O"", ""C"", ""C"", ""C"", ""C"", ""C"", ""C"", ""N"", ""C"", ""C"", ""C"", ""C"", ""C"", ""C"", ""C"", ""C"", ""C"", ""C"", ""Cl"", ""C"", ""Cl"", ""C"", ""C"", ""C"", ""H"", ""H"", ""H"", ""H"", ""H"", ""H"", ""H"", ""H"", ""H"", ""H"", ""H"", ""H"", ""H"", ""H"", ""H"", ""H"", ""H"", ""O"", ""C"", ""O"", ""C"", ""C"", ""C"", ""C"", ""C"", ""C"", ""N"", ""C"", ""C"", ""C"", ""C"", ""C"", ""C"", ""C"", ""C"", ""C"", ""C"", ""Cl"", ""C"", ""Cl"", ""C"", ""C"", ""C"", ""H"", ""H"", ""H"", ""H"", ""H"", ""H"", ""H"", ""H"", ""H"", ""H"", ""H"", ""H"", ""H"", ""H"", ""H"", ""H"", ""H"", ""O"", ""C"", ""O"", ""C"", ""C"", ""C"", ""C"", ""C"", ""C"", ""N"", ""C"", ""C"", ""C"", ""C"", ""C"", ""C"", ""C"", ""C"", ""C"", ""C"", ""Cl"", ""C"", ""Cl"", ""C"", ""C"", ""C"", ""H"", ""H"", ""H"", ""H"", ""H"", ""H"", ""H"", ""H"", ""H"", ""H"", ""H"", ""H"", ""H"", ""H"", ""H"", ""H"", ""H"", ""O"", ""C"", ""O"", ""C"", ""C"", ""C"", ""C"", ""C"", ""C"", ""N"", ""C"", ""C"", ""C"", ""C"", ""C"", ""C"", ""C"", ""C"", ""C"", ""C"", ""Cl"", ""C"", ""Cl"", ""C"", ""C"", ""C"", ""H"", ""H"", ""H"", ""H"", ""H"", ""H"", ""H"", ""H"", ""H"", ""H"", ""H"", ""H"", ""H"", ""H"", ""H"", ""H"", ""H""]",C84H68Cl8N4O8,"[true, true, true]","[11.293748918746235, 0.0, 0.0, 3.4629083785576764, 27.18227632244734, 0.0, -0.9646340256472822, -0.9469734963298028, 14.099245910789563]",4328.324736243604,[],"{""cutoff=6.000_skin=0.000"": 6624, ""cutoff=6.000_skin=0.500"": 8332}",0.0,,
OPT-RFT-XAFPAY172-R512-v1,16360d404e1cc8ec5ea026f69f45c1e0d210a4962a9adca338d6dcf7b609da30,OPT-RFT-XAFPAY172-R512-v1:0399,XAFPAY_C2_14_709_z1_43,257cdcbef4bc9490ac3f8fb4aaceceec1c907a45614a0fa3d47bd0be39ee2f56,399,cross_family_test_set,XAFPAY/structures/XAFPAY_C2_14_709_z1_43.cif,87a42bae54dd4704220d74fb67f8104a74da3d9b38fb2873245bf4890297280c,257cdcbef4bc9490ac3f8fb4aaceceec1c907a45614a0fa3d47bd0be39ee2f56,0,172,"[""O"", ""C"", ""O"", ""C"", ""C"", ""C"", ""C"", ""C"", ""C"", ""N"", ""C"", ""C"", ""C"", ""C"", ""C"", ""C"", ""C"", ""C"", ""C"", ""C"", ""Cl"", ""C"", ""Cl"", ""C"", ""C"", ""C"", ""H"", ""H"", ""H"", ""H"", ""H"", ""H"", ""H"", ""H"", ""H"", ""H"", ""H"", ""H"", ""H"", ""H"", ""H"", ""H"", ""H"", ""O"", ""C"", ""O"", ""C"", ""C"", ""C"", ""C"", ""C"", ""C"", ""N"", ""C"", ""C"", ""C"", ""C"", ""C"", ""C"", ""C"", ""C"", ""C"", ""C"", ""Cl"", ""C"", ""Cl"", ""C"", ""C"", ""C"", ""H"", ""H"", ""H"", ""H"", ""H"", ""H"", ""H"", ""H"", ""H"", ""H"", ""H"", ""H"", ""H"", ""H"", ""H"", ""H"", ""H"", ""O"", ""C"", ""O"", ""C"", ""C"", ""C"", ""C"", ""C"", ""C"", ""N"", ""C"", ""C"", ""C"", ""C"", ""C"", ""C"", ""C"", ""C"", ""C"", ""C"", ""Cl"", ""C"", ""Cl"", ""C"", ""C"", ""C"", ""H"", ""H"", ""H"", ""H"", ""H"", ""H"", ""H"", ""H"", ""H"", ""H"", ""H"", ""H"", ""H"", ""H"", ""H"", ""H"", ""H"", ""O"", ""C"", ""O"", ""C"", ""C"", ""C"", ""C"", ""C"", ""C"", ""N"", ""C"", ""C"", ""C"", ""C"", ""C"", ""C"", ""C"", ""C"", ""C"", ""C"", ""Cl"", ""C"", ""Cl"", ""C"", ""C"", ""C"", ""H"", ""H"", ""H"", ""H"", ""H"", ""H"", ""H"", ""H"", ""H"", ""H"", ""H"", ""H"", ""H"", ""H"", ""H"", ""H"", ""H""]",C84H68Cl8N4O8,"[true, true, true]","[13.59200140545397, 0.0, 0.0, 0.0, 16.47351464646532, 0.0, 4.560775383371179, 0.0, 17.895417595366563]",4006.927775459155,[],"{""cutoff=6.000_skin=0.000"": 6632, ""cutoff=6.000_skin=0.500"": 8160}",0.0,,
OPT-RFT-XAFPAY172-R512-v1,16360d404e1cc8ec5ea026f69f45c1e0d210a4962a9adca338d6dcf7b609da30,OPT-RFT-XAFPAY172-R512-v1:0400,XAFPAY_C2_14_5137_z1_43,a946a301c168a472ae5bbb8b1dcb9e24e26b7edb9d3a199c8ac9881e5b2b9e74,400,cross_family_test_set,XAFPAY/structures/XAFPAY_C2_14_5137_z1_43.cif,0b52c98e6f1e2c1ff7ca682dd1e4c98d08b70a80aba478609a016bc8edfc9a71,a946a301c168a472ae5bbb8b1dcb9e24e26b7edb9d3a199c8ac9881e5b2b9e74,0,172,"[""O"", ""C"", ""O"", ""C"", ""C"", ""C"", ""C"", ""C"", ""C"", ""N"", ""C"", ""C"", ""C"", ""C"", ""C"", ""C"", ""C"", ""C"", ""C"", ""C"", ""Cl"", ""C"", ""Cl"", ""C"", ""C"", ""C"", ""H"", ""H"", ""H"", ""H"", ""H"", ""H"", ""H"", ""H"", ""H"", ""H"", ""H"", ""H"", ""H"", ""H"", ""H"", ""H"", ""H"", ""O"", ""C"", ""O"", ""C"", ""C"", ""C"", ""C"", ""C"", ""C"", ""N"", ""C"", ""C"", ""C"", ""C"", ""C"", ""C"", ""C"", ""C"", ""C"", ""C"", ""Cl"", ""C"", ""Cl"", ""C"", ""C"", ""C"", ""H"", ""H"", ""H"", ""H"", ""H"", ""H"", ""H"", ""H"", ""H"", ""H"", ""H"", ""H"", ""H"", ""H"", ""H"", ""H"", ""H"", ""O"", ""C"", ""O"", ""C"", ""C"", ""C"", ""C"", ""C"", ""C"", ""N"", ""C"", ""C"", ""C"", ""C"", ""C"", ""C"", ""C"", ""C"", ""C"", ""C"", ""Cl"", ""C"", ""Cl"", ""C"", ""C"", ""C"", ""H"", ""H"", ""H"", ""H"", ""H"", ""H"", ""H"", ""H"", ""H"", ""H"", ""H"", ""H"", ""H"", ""H"", ""H"", ""H"", ""H"", ""O"", ""C"", ""O"", ""C"", ""C"", ""C"", ""C"", ""C"", ""C"", ""N"", ""C"", ""C"", ""C"", ""C"", ""C"", ""C"", ""C"", ""C"", ""C"", ""C"", ""Cl"", ""C"", ""Cl"", ""C"", ""C"", ""C"", ""H"", ""H"", ""H"", ""H"", ""H"", ""H"", ""H"", ""H"", ""H"", ""H"", ""H"", ""H"", ""H"", ""H"", ""H"", ""H"", ""H""]",C84H68Cl8N4O8,"[true, true, true]","[13.637265428779042, 0.0, 0.0, 0.0, 16.90512086059158, 0.0, -4.6300320623844415, 0.0, 15.608985611826819]",3598.4896159295886,[],"{""cutoff=6.000_skin=0.000"": 6640, ""cutoff=6.000_skin=0.500"": 8392}",0.0,,
OPT-RFT-XAFPAY172-R512-v1,16360d404e1cc8ec5ea026f69f45c1e0d210a4962a9adca338d6dcf7b609da30,OPT-RFT-XAFPAY172-R512-v1:0401,XAFPAY_C2_2_616_z2_86,008d7c068415de8b7f17d882323c8c1ec7f4ea94cd365342bf1be84e2f8bcb29,401,cross_family_test_set,XAFPAY/structures/XAFPAY_C2_2_616_z2_86.cif,882260635dcec3d81e29594af2c44d5f65c2b2a82b8bc9c9204ac04020d2c12c,008d7c068415de8b7f17d882323c8c1ec7f4ea94cd365342bf1be84e2f8bcb29,0,172,"[""O"", ""C"", ""O"", ""C"", ""C"", ""C"", ""C"", ""C"", ""C"", ""N"", ""C"", ""C"", ""C"", ""C"", ""C"", ""C"", ""C"", ""C"", ""C"", ""C"", ""Cl"", ""C"", ""Cl"", ""C"", ""C"", ""C"", ""H"", ""H"", ""H"", ""H"", ""H"", ""H"", ""H"", ""H"", ""H"", ""H"", ""H"", ""H"", ""H"", ""H"", ""H"", ""H"", ""H"", ""O"", ""C"", ""O"", ""C"", ""C"", ""C"", ""C"", ""C"", ""C"", ""N"", ""C"", ""C"", ""C"", ""C"", ""C"", ""C"", ""C"", ""C"", ""C"", ""C"", ""Cl"", ""C"", ""Cl"", ""C"", ""C"", ""C"", ""H"", ""H"", ""H"", ""H"", ""H"", ""H"", ""H"", ""H"", ""H"", ""H"", ""H"", ""H"", ""H"", ""H"", ""H"", ""H"", ""H"", ""O"", ""C"", ""O"", ""C"", ""C"", ""C"", ""C"", ""C"", ""C"", ""N"", ""C"", ""C"", ""C"", ""C"", ""C"", ""C"", ""C"", ""C"", ""C"", ""C"", ""Cl"", ""C"", ""Cl"", ""C"", ""C"", ""C"", ""H"", ""H"", ""H"", ""H"", ""H"", ""H"", ""H"", ""H"", ""H"", ""H"", ""H"", ""H"", ""H"", ""H"", ""H"", ""H"", ""H"", ""O"", ""C"", ""O"", ""C"", ""C"", ""C"", ""C"", ""C"", ""C"", ""N"", ""C"", ""C"", ""C"", ""C"", ""C"", ""C"", ""C"", ""C"", ""C"", ""C"", ""Cl"", ""C"", ""Cl"", ""C"", ""C"", ""C"", ""H"", ""H"", ""H"", ""H"", ""H"", ""H"", ""H"", ""H"", ""H"", ""H"", ""H"", ""H"", ""H"", ""H"", ""H"", ""H"", ""H""]",C84H68Cl8N4O8,"[true, true, true]","[16.24849949210173, 0.0, 0.0, 0.5325864910436571, 24.91785897843353, 0.0, 10.956593512571306, 14.32372566695414, 13.196399478074918]",5342.929438746354,[],"{""cutoff=6.000_skin=0.000"": 6648, ""cutoff=6.000_skin=0.500"": 7896}",0.0,,
OPT-RFT-XAFPAY172-R512-v1,16360d404e1cc8ec5ea026f69f45c1e0d210a4962a9adca338d6dcf7b609da30,OPT-RFT-XAFPAY172-R512-v1:0402,XAFPAY_C1_2_5932_z2_86,93f8a3e6204497a0e3ad104706ceee552c4492fcf036aebfe6e2754d0eba0093,402,cross_family_test_set,XAFPAY/structures/XAFPAY_C1_2_5932_z2_86.cif,f3c8096326c931df7af776c9bc6f8aea28ddc94823fe72949f6bd152cbe0c5c0,93f8a3e6204497a0e3ad104706ceee552c4492fcf036aebfe6e2754d0eba0093,0,172,"[""O"", ""C"", ""O"", ""C"", ""C"", ""C"", ""C"", ""C"", ""C"", ""N"", ""C"", ""C"", ""C"", ""C"", ""C"", ""C"", ""C"", ""C"", ""C"", ""C"", ""Cl"", ""C"", ""Cl"", ""C"", ""C"", ""C"", ""H"", ""H"", ""H"", ""H"", ""H"", ""H"", ""H"", ""H"", ""H"", ""H"", ""H"", ""H"", ""H"", ""H"", ""H"", ""H"", ""H"", ""O"", ""C"", ""O"", ""C"", ""C"", ""C"", ""C"", ""C"", ""C"", ""N"", ""C"", ""C"", ""C"", ""C"", ""C"", ""C"", ""C"", ""C"", ""C"", ""C"", ""Cl"", ""C"", ""Cl"", ""C"", ""C"", ""C"", ""H"", ""H"", ""H"", ""H"", ""H"", ""H"", ""H"", ""H"", ""H"", ""H"", ""H"", ""H"", ""H"", ""H"", ""H"", ""H"", ""H"", ""O"", ""C"", ""O"", ""C"", ""C"", ""C"", ""C"", ""C"", ""C"", ""N"", ""C"", ""C"", ""C"", ""C"", ""C"", ""C"", ""C"", ""C"", ""C"", ""C"", ""Cl"", ""C"", ""Cl"", ""C"", ""C"", ""C"", ""H"", ""H"", ""H"", ""H"", ""H"", ""H"", ""H"", ""H"", ""H"", ""H"", ""H"", ""H"", ""H"", ""H"", ""H"", ""H"", ""H"", ""O"", ""C"", ""O"", ""C"", ""C"", ""C"", ""C"", ""C"", ""C"", ""N"", ""C"", ""C"", ""C"", ""C"", ""C"", ""C"", ""C"", ""C"", ""C"", ""C"", ""Cl"", ""C"", ""Cl"", ""C"", ""C"", ""C"", ""H"", ""H"", ""H"", ""H"", ""H"", ""H"", ""H"", ""H"", ""H"", ""H"", ""H"", ""H"", ""H"", ""H"", ""H"", ""H"", ""H""]",C84H68Cl8N4O8,"[true, true, true]","[14.995766696493703, 0.0, 0.0, -0.5438162956543628, 7.860554427228994, 0.0, 14.959012279270077, -14.514778676780487, 32.37173160188655]",3815.819167017739,[],"{""cutoff=6.000_skin=0.000"": 6660, ""cutoff=6.000_skin=0.500"": 8342}",0.0,,
OPT-RFT-XAFPAY172-R512-v1,16360d404e1cc8ec5ea026f69f45c1e0d210a4962a9adca338d6dcf7b609da30,OPT-RFT-XAFPAY172-R512-v1:0403,XAFPAY_C2_14_916_z1_43,6ef9b87af77bc9c6f28b071a10b0c67c2626f84ac75fceb7968b2f2b2bc82722,403,cross_family_test_set,XAFPAY/structures/XAFPAY_C2_14_916_z1_43.cif,a928509e53c595e18c909d2f9fd9eebb8e484312216ce08ff7d1c8924f4e6ec8,6ef9b87af77bc9c6f28b071a10b0c67c2626f84ac75fceb7968b2f2b2bc82722,0,172,"[""O"", ""C"", ""O"", ""C"", ""C"", ""C"", ""C"", ""C"", ""C"", ""N"", ""C"", ""C"", ""C"", ""C"", ""C"", ""C"", ""C"", ""C"", ""C"", ""C"", ""Cl"", ""C"", ""Cl"", ""C"", ""C"", ""C"", ""H"", ""H"", ""H"", ""H"", ""H"", ""H"", ""H"", ""H"", ""H"", ""H"", ""H"", ""H"", ""H"", ""H"", ""H"", ""H"", ""H"", ""O"", ""C"", ""O"", ""C"", ""C"", ""C"", ""C"", ""C"", ""C"", ""N"", ""C"", ""C"", ""C"", ""C"", ""C"", ""C"", ""C"", ""C"", ""C"", ""C"", ""Cl"", ""C"", ""Cl"", ""C"", ""C"", ""C"", ""H"", ""H"", ""H"", ""H"", ""H"", ""H"", ""H"", ""H"", ""H"", ""H"", ""H"", ""H"", ""H"", ""H"", ""H"", ""H"", ""H"", ""O"", ""C"", ""O"", ""C"", ""C"", ""C"", ""C"", ""C"", ""C"", ""N"", ""C"", ""C"", ""C"", ""C"", ""C"", ""C"", ""C"", ""C"", ""C"", ""C"", ""Cl"", ""C"", ""Cl"", ""C"", ""C"", ""C"", ""H"", ""H"", ""H"", ""H"", ""H"", ""H"", ""H"", ""H"", ""H"", ""H"", ""H"", ""H"", ""H"", ""H"", ""H"", ""H"", ""H"", ""O"", ""C"", ""O"", ""C"", ""C"", ""C"", ""C"", ""C"", ""C"", ""N"", ""C"", ""C"", ""C"", ""C"", ""C"", ""C"", ""C"", ""C"", ""C"", ""C"", ""Cl"", ""C"", ""Cl"", ""C"", ""C"", ""C"", ""H"", ""H"", ""H"", ""H"", ""H"", ""H"", ""H"", ""H"", ""H"", ""H"", ""H"", ""H"", ""H"", ""H"", ""H"", ""H"", ""H""]",C84H68Cl8N4O8,"[true, true, true]","[14.964456852957639, 0.0, 0.0, 0.0, 17.515787222885308, 0.0, 6.795288136566251, 0.0, 15.862501882206415]",4157.787659337779,[],"{""cutoff=6.000_skin=0.000"": 6672, ""cutoff=6.000_skin=0.500"": 8112}",0.0,,
OPT-RFT-XAFPAY172-R512-v1,16360d404e1cc8ec5ea026f69f45c1e0d210a4962a9adca338d6dcf7b609da30,OPT-RFT-XAFPAY172-R512-v1:0404,XAFPAY_C2_14_449_z1_43,08bc43160c6034364c6b8374e58a1bade69f2a279d2e86b16ac711c3b22c6dbe,404,cross_family_test_set,XAFPAY/structures/XAFPAY_C2_14_449_z1_43.cif,438b1b7268af336ea9e9cf748adb1d16f76a1359e0475998e983f8956af2f2f5,08bc43160c6034364c6b8374e58a1bade69f2a279d2e86b16ac711c3b22c6dbe,0,172,"[""O"", ""C"", ""O"", ""C"", ""C"", ""C"", ""C"", ""C"", ""C"", ""N"", ""C"", ""C"", ""C"", ""C"", ""C"", ""C"", ""C"", ""C"", ""C"", ""C"", ""Cl"", ""C"", ""Cl"", ""C"", ""C"", ""C"", ""H"", ""H"", ""H"", ""H"", ""H"", ""H"", ""H"", ""H"", ""H"", ""H"", ""H"", ""H"", ""H"", ""H"", ""H"", ""H"", ""H"", ""O"", ""C"", ""O"", ""C"", ""C"", ""C"", ""C"", ""C"", ""C"", ""N"", ""C"", ""C"", ""C"", ""C"", ""C"", ""C"", ""C"", ""C"", ""C"", ""C"", ""Cl"", ""C"", ""Cl"", ""C"", ""C"", ""C"", ""H"", ""H"", ""H"", ""H"", ""H"", ""H"", ""H"", ""H"", ""H"", ""H"", ""H"", ""H"", ""H"", ""H"", ""H"", ""H"", ""H"", ""O"", ""C"", ""O"", ""C"", ""C"", ""C"", ""C"", ""C"", ""C"", ""N"", ""C"", ""C"", ""C"", ""C"", ""C"", ""C"", ""C"", ""C"", ""C"", ""C"", ""Cl"", ""C"", ""Cl"", ""C"", ""C"", ""C"", ""H"", ""H"", ""H"", ""H"", ""H"", ""H"", ""H"", ""H"", ""H"", ""H"", ""H"", ""H"", ""H"", ""H"", ""H"", ""H"", ""H"", ""O"", ""C"", ""O"", ""C"", ""C"", ""C"", ""C"", ""C"", ""C"", ""N"", ""C"", ""C"", ""C"", ""C"", ""C"", ""C"", ""C"", ""C"", ""C"", ""C"", ""Cl"", ""C"", ""Cl"", ""C"", ""C"", ""C"", ""H"", ""H"", ""H"", ""H"", ""H"", ""H"", ""H"", ""H"", ""H"", ""H"", ""H"", ""H"", ""H"", ""H"", ""H"", ""H"", ""H""]",C84H68Cl8N4O8,"[true, true, true]","[7.6151049669567925, 0.0, 0.0, 0.0, 29.36460252921664, 0.0, -3.7586476045516743, 0.0, 17.45562370202897]",3903.3310999872597,[],"{""cutoff=6.000_skin=0.000"": 6684, ""cutoff=6.000_skin=0.500"": 8428}",0.0,,
OPT-RFT-XAFPAY172-R512-v1,16360d404e1cc8ec5ea026f69f45c1e0d210a4962a9adca338d6dcf7b609da30,OPT-RFT-XAFPAY172-R512-v1:0405,XAFPAY_C4_14_3337_z1_43,03bee693af57c0d664f58e491d22aaa1dfe145f769a197f189f5e41378326500,405,cross_family_test_set,XAFPAY/structures/XAFPAY_C4_14_3337_z1_43.cif,b816b25529f97f350cd58dbf743a9b4ecd3c52cbc5bb0bf0c9a9d19093972018,03bee693af57c0d664f58e491d22aaa1dfe145f769a197f189f5e41378326500,0,172,"[""O"", ""C"", ""O"", ""C"", ""C"", ""C"", ""C"", ""C"", ""C"", ""N"", ""C"", ""C"", ""C"", ""C"", ""C"", ""C"", ""C"", ""C"", ""C"", ""C"", ""Cl"", ""C"", ""Cl"", ""C"", ""C"", ""C"", ""H"", ""H"", ""H"", ""H"", ""H"", ""H"", ""H"", ""H"", ""H"", ""H"", ""H"", ""H"", ""H"", ""H"", ""H"", ""H"", ""H"", ""O"", ""C"", ""O"", ""C"", ""C"", ""C"", ""C"", ""C"", ""C"", ""N"", ""C"", ""C"", ""C"", ""C"", ""C"", ""C"", ""C"", ""C"", ""C"", ""C"", ""Cl"", ""C"", ""Cl"", ""C"", ""C"", ""C"", ""H"", ""H"", ""H"", ""H"", ""H"", ""H"", ""H"", ""H"", ""H"", ""H"", ""H"", ""H"", ""H"", ""H"", ""H"", ""H"", ""H"", ""O"", ""C"", ""O"", ""C"", ""C"", ""C"", ""C"", ""C"", ""C"", ""N"", ""C"", ""C"", ""C"", ""C"", ""C"", ""C"", ""C"", ""C"", ""C"", ""C"", ""Cl"", ""C"", ""Cl"", ""C"", ""C"", ""C"", ""H"", ""H"", ""H"", ""H"", ""H"", ""H"", ""H"", ""H"", ""H"", ""H"", ""H"", ""H"", ""H"", ""H"", ""H"", ""H"", ""H"", ""O"", ""C"", ""O"", ""C"", ""C"", ""C"", ""C"", ""C"", ""C"", ""N"", ""C"", ""C"", ""C"", ""C"", ""C"", ""C"", ""C"", ""C"", ""C"", ""C"", ""Cl"", ""C"", ""Cl"", ""C"", ""C"", ""C"", ""H"", ""H"", ""H"", ""H"", ""H"", ""H"", ""H"", ""H"", ""H"", ""H"", ""H"", ""H"", ""H"", ""H"", ""H"", ""H"", ""H""]",C84H68Cl8N4O8,"[true, true, true]","[17.854376214506168, 0.0, 0.0, 0.0, 17.130260533888958, 0.0, -3.353578953577833, 0.0, 12.318895675992778]",3767.735674260628,[],"{""cutoff=6.000_skin=0.000"": 6696, ""cutoff=6.000_skin=0.500"": 8676}",0.0,,
OPT-RFT-XAFPAY172-R512-v1,16360d404e1cc8ec5ea026f69f45c1e0d210a4962a9adca338d6dcf7b609da30,OPT-RFT-XAFPAY172-R512-v1:0406,XAFPAY_C4_14_4381_z1_43,1bd928b9617d204602c30c302510a97a3cb32c531f7b0b64abc30dc6639c2dc2,406,cross_family_test_set,XAFPAY/structures/XAFPAY_C4_14_4381_z1_43.cif,ca0dde7e1e729c50bfc8f68adaecd9510f52f3b71adb4c3c13a8a064f0a1c2a5,1bd928b9617d204602c30c302510a97a3cb32c531f7b0b64abc30dc6639c2dc2,0,172,"[""O"", ""C"", ""O"", ""C"", ""C"", ""C"", ""C"", ""C"", ""C"", ""N"", ""C"", ""C"", ""C"", ""C"", ""C"", ""C"", ""C"", ""C"", ""C"", ""C"", ""Cl"", ""C"", ""Cl"", ""C"", ""C"", ""C"", ""H"", ""H"", ""H"", ""H"", ""H"", ""H"", ""H"", ""H"", ""H"", ""H"", ""H"", ""H"", ""H"", ""H"", ""H"", ""H"", ""H"", ""O"", ""C"", ""O"", ""C"", ""C"", ""C"", ""C"", ""C"", ""C"", ""N"", ""C"", ""C"", ""C"", ""C"", ""C"", ""C"", ""C"", ""C"", ""C"", ""C"", ""Cl"", ""C"", ""Cl"", ""C"", ""C"", ""C"", ""H"", ""H"", ""H"", ""H"", ""H"", ""H"", ""H"", ""H"", ""H"", ""H"", ""H"", ""H"", ""H"", ""H"", ""H"", ""H"", ""H"", ""O"", ""C"", ""O"", ""C"", ""C"", ""C"", ""C"", ""C"", ""C"", ""N"", ""C"", ""C"", ""C"", ""C"", ""C"", ""C"", ""C"", ""C"", ""C"", ""C"", ""Cl"", ""C"", ""Cl"", ""C"", ""C"", ""C"", ""H"", ""H"", ""H"", ""H"", ""H"", ""H"", ""H"", ""H"", ""H"", ""H"", ""H"", ""H"", ""H"", ""H"", ""H"", ""H"", ""H"", ""O"", ""C"", ""O"", ""C"", ""C"", ""C"", ""C"", ""C"", ""C"", ""N"", ""C"", ""C"", ""C"", ""C"", ""C"", ""C"", ""C"", ""C"", ""C"", ""C"", ""Cl"", ""C"", ""Cl"", ""C"", ""C"", ""C"", ""H"", ""H"", ""H"", ""H"", ""H"", ""H"", ""H"", ""H"", ""H"", ""H"", ""H"", ""H"", ""H"", ""H"", ""H"", ""H"", ""H""]",C84H68Cl8N4O8,"[true, true, true]","[13.395415834569945, 0.0, 0.0, 0.0, 15.474009207526663, 0.0, -7.777380479899633, 0.0, 17.129630669948472]",3550.6433427783863,[],"{""cutoff=6.000_skin=0.000"": 6712, ""cutoff=6.000_skin=0.500"": 8588}",0.0,,
OPT-RFT-XAFPAY172-R512-v1,16360d404e1cc8ec5ea026f69f45c1e0d210a4962a9adca338d6dcf7b609da30,OPT-RFT-XAFPAY172-R512-v1:0407,XAFPAY_C4_14_4304_z1_43,d43f9ef854bf4b3104c6f7e532b841b76d20b97646bab59f0f5f478a49fe6bfc,407,cross_family_test_set,XAFPAY/structures/XAFPAY_C4_14_4304_z1_43.cif,0fcd220713f2a000b66a94b8a7e1c4d564af15c640a6bfe323867e39000b927f,d43f9ef854bf4b3104c6f7e532b841b76d20b97646bab59f0f5f478a49fe6bfc,0,172,"[""O"", ""C"", ""O"", ""C"", ""C"", ""C"", ""C"", ""C"", ""C"", ""N"", ""C"", ""C"", ""C"", ""C"", ""C"", ""C"", ""C"", ""C"", ""C"", ""C"", ""Cl"", ""C"", ""Cl"", ""C"", ""C"", ""C"", ""H"", ""H"", ""H"", ""H"", ""H"", ""H"", ""H"", ""H"", ""H"", ""H"", ""H"", ""H"", ""H"", ""H"", ""H"", ""H"", ""H"", ""O"", ""C"", ""O"", ""C"", ""C"", ""C"", ""C"", ""C"", ""C"", ""N"", ""C"", ""C"", ""C"", ""C"", ""C"", ""C"", ""C"", ""C"", ""C"", ""C"", ""Cl"", ""C"", ""Cl"", ""C"", ""C"", ""C"", ""H"", ""H"", ""H"", ""H"", ""H"", ""H"", ""H"", ""H"", ""H"", ""H"", ""H"", ""H"", ""H"", ""H"", ""H"", ""H"", ""H"", ""O"", ""C"", ""O"", ""C"", ""C"", ""C"", ""C"", ""C"", ""C"", ""N"", ""C"", ""C"", ""C"", ""C"", ""C"", ""C"", ""C"", ""C"", ""C"", ""C"", ""Cl"", ""C"", ""Cl"", ""C"", ""C"", ""C"", ""H"", ""H"", ""H"", ""H"", ""H"", ""H"", ""H"", ""H"", ""H"", ""H"", ""H"", ""H"", ""H"", ""H"", ""H"", ""H"", ""H"", ""O"", ""C"", ""O"", ""C"", ""C"", ""C"", ""C"", ""C"", ""C"", ""N"", ""C"", ""C"", ""C"", ""C"", ""C"", ""C"", ""C"", ""C"", ""C"", ""C"", ""Cl"", ""C"", ""Cl"", ""C"", ""C"", ""C"", ""H"", ""H"", ""H"", ""H"", ""H"", ""H"", ""H"", ""H"", ""H"", ""H"", ""H"", ""H"", ""H"", ""H"", ""H"", ""H"", ""H""]",C84H68Cl8N4O8,"[true, true, true]","[14.276466221410274, 0.0, 0.0, 0.0, 17.845100834166715, 0.0, -1.9321980588768657, 0.0, 18.707769031481828]",4766.0843896176675,[],"{""cutoff=6.000_skin=0.000"": 6728, ""cutoff=6.000_skin=0.500"": 8492}",0.0,,
OPT-RFT-XAFPAY172-R512-v1,16360d404e1cc8ec5ea026f69f45c1e0d210a4962a9adca338d6dcf7b609da30,OPT-RFT-XAFPAY172-R512-v1:0408,XAFPAY_C2_14_5193_z1_43,c789d7c5403e0d113b150679901f5815fd2c50ec63d7817030dd70b82312bfe3,408,cross_family_test_set,XAFPAY/structures/XAFPAY_C2_14_5193_z1_43.cif,e628c32037c6244f8ca483df84ae3081ba79f0851152b4c77350dee7a84285dc,c789d7c5403e0d113b150679901f5815fd2c50ec63d7817030dd70b82312bfe3,0,172,"[""O"", ""C"", ""O"", ""C"", ""C"", ""C"", ""C"", ""C"", ""C"", ""N"", ""C"", ""C"", ""C"", ""C"", ""C"", ""C"", ""C"", ""C"", ""C"", ""C"", ""Cl"", ""C"", ""Cl"", ""C"", ""C"", ""C"", ""H"", ""H"", ""H"", ""H"", ""H"", ""H"", ""H"", ""H"", ""H"", ""H"", ""H"", ""H"", ""H"", ""H"", ""H"", ""H"", ""H"", ""O"", ""C"", ""O"", ""C"", ""C"", ""C"", ""C"", ""C"", ""C"", ""N"", ""C"", ""C"", ""C"", ""C"", ""C"", ""C"", ""C"", ""C"", ""C"", ""C"", ""Cl"", ""C"", ""Cl"", ""C"", ""C"", ""C"", ""H"", ""H"", ""H"", ""H"", ""H"", ""H"", ""H"", ""H"", ""H"", ""H"", ""H"", ""H"", ""H"", ""H"", ""H"", ""H"", ""H"", ""O"", ""C"", ""O"", ""C"", ""C"", ""C"", ""C"", ""C"", ""C"", ""N"", ""C"", ""C"", ""C"", ""C"", ""C"", ""C"", ""C"", ""C"", ""C"", ""C"", ""Cl"", ""C"", ""Cl"", ""C"", ""C"", ""C"", ""H"", ""H"", ""H"", ""H"", ""H"", ""H"", ""H"", ""H"", ""H"", ""H"", ""H"", ""H"", ""H"", ""H"", ""H"", ""H"", ""H"", ""O"", ""C"", ""O"", ""C"", ""C"", ""C"", ""C"", ""C"", ""C"", ""N"", ""C"", ""C"", ""C"", ""C"", ""C"", ""C"", ""C"", ""C"", ""C"", ""C"", ""Cl"", ""C"", ""Cl"", ""C"", ""C"", ""C"", ""H"", ""H"", ""H"", ""H"", ""H"", ""H"", ""H"", ""H"", ""H"", ""H"", ""H"", ""H"", ""H"", ""H"", ""H"", ""H"", ""H""]",C84H68Cl8N4O8,"[true, true, true]","[22.75180081034712, 0.0, 0.0, 0.0, 15.566958564624862, 0.0, -10.315858228140693, 0.0, 11.287503424619425]",3997.766656146683,[],"{""cutoff=6.000_skin=0.000"": 6740, ""cutoff=6.000_skin=0.500"": 8364}",0.0,,
OPT-RFT-XAFPAY172-R512-v1,16360d404e1cc8ec5ea026f69f45c1e0d210a4962a9adca338d6dcf7b609da30,OPT-RFT-XAFPAY172-R512-v1:0409,XAFPAY_C1_14_4182_z1_43,83b0dcca8a50508978771d49e57cfb66d9f368db0b03c51668f6166ab7904d15,409,cross_family_test_set,XAFPAY/structures/XAFPAY_C1_14_4182_z1_43.cif,7858124de1c605375cf22e8f54f06972773fdb28208bc38b47d759824edabfb5,83b0dcca8a50508978771d49e57cfb66d9f368db0b03c51668f6166ab7904d15,0,172,"[""O"", ""C"", ""O"", ""C"", ""C"", ""C"", ""C"", ""C"", ""C"", ""N"", ""C"", ""C"", ""C"", ""C"", ""C"", ""C"", ""C"", ""C"", ""C"", ""C"", ""Cl"", ""C"", ""Cl"", ""C"", ""C"", ""C"", ""H"", ""H"", ""H"", ""H"", ""H"", ""H"", ""H"", ""H"", ""H"", ""H"", ""H"", ""H"", ""H"", ""H"", ""H"", ""H"", ""H"", ""O"", ""C"", ""O"", ""C"", ""C"", ""C"", ""C"", ""C"", ""C"", ""N"", ""C"", ""C"", ""C"", ""C"", ""C"", ""C"", ""C"", ""C"", ""C"", ""C"", ""Cl"", ""C"", ""Cl"", ""C"", ""C"", ""C"", ""H"", ""H"", ""H"", ""H"", ""H"", ""H"", ""H"", ""H"", ""H"", ""H"", ""H"", ""H"", ""H"", ""H"", ""H"", ""H"", ""H"", ""O"", ""C"", ""O"", ""C"", ""C"", ""C"", ""C"", ""C"", ""C"", ""N"", ""C"", ""C"", ""C"", ""C"", ""C"", ""C"", ""C"", ""C"", ""C"", ""C"", ""Cl"", ""C"", ""Cl"", ""C"", ""C"", ""C"", ""H"", ""H"", ""H"", ""H"", ""H"", ""H"", ""H"", ""H"", ""H"", ""H"", ""H"", ""H"", ""H"", ""H"", ""H"", ""H"", ""H"", ""O"", ""C"", ""O"", ""C"", ""C"", ""C"", ""C"", ""C"", ""C"", ""N"", ""C"", ""C"", ""C"", ""C"", ""C"", ""C"", ""C"", ""C"", ""C"", ""C"", ""Cl"", ""C"", ""Cl"", ""C"", ""C"", ""C"", ""H"", ""H"", ""H"", ""H"", ""H"", ""H"", ""H"", ""H"", ""H"", ""H"", ""H"", ""H"", ""H"", ""H"", ""H"", ""H"", ""H""]",C84H68Cl8N4O8,"[true, true, true]","[16.889257674046902, 0.0, 0.0, 0.0, 16.23520752869885, 0.0, 3.895539797336203, 0.0, 14.94931142038131]",4099.110211043228,[],"{""cutoff=6.000_skin=0.000"": 6756, ""cutoff=6.000_skin=0.500"": 8632}",0.0,,
OPT-RFT-XAFPAY172-R512-v1,16360d404e1cc8ec5ea026f69f45c1e0d210a4962a9adca338d6dcf7b609da30,OPT-RFT-XAFPAY172-R512-v1:0410,XAFPAY_C1_14_1527_z1_43,19b7b154d50098d0abb6b48926408a31e76d651fbb183b62b3d5b4e8aa88e015,410,cross_family_test_set,XAFPAY/structures/XAFPAY_C1_14_1527_z1_43.cif,b464f7b30e68742c566fa48eb8af50637a980684ec1b81f197643fe45313f7f3,19b7b154d50098d0abb6b48926408a31e76d651fbb183b62b3d5b4e8aa88e015,0,172,"[""O"", ""C"", ""O"", ""C"", ""C"", ""C"", ""C"", ""C"", ""C"", ""N"", ""C"", ""C"", ""C"", ""C"", ""C"", ""C"", ""C"", ""C"", ""C"", ""C"", ""Cl"", ""C"", ""Cl"", ""C"", ""C"", ""C"", ""H"", ""H"", ""H"", ""H"", ""H"", ""H"", ""H"", ""H"", ""H"", ""H"", ""H"", ""H"", ""H"", ""H"", ""H"", ""H"", ""H"", ""O"", ""C"", ""O"", ""C"", ""C"", ""C"", ""C"", ""C"", ""C"", ""N"", ""C"", ""C"", ""C"", ""C"", ""C"", ""C"", ""C"", ""C"", ""C"", ""C"", ""Cl"", ""C"", ""Cl"", ""C"", ""C"", ""C"", ""H"", ""H"", ""H"", ""H"", ""H"", ""H"", ""H"", ""H"", ""H"", ""H"", ""H"", ""H"", ""H"", ""H"", ""H"", ""H"", ""H"", ""O"", ""C"", ""O"", ""C"", ""C"", ""C"", ""C"", ""C"", ""C"", ""N"", ""C"", ""C"", ""C"", ""C"", ""C"", ""C"", ""C"", ""C"", ""C"", ""C"", ""Cl"", ""C"", ""Cl"", ""C"", ""C"", ""C"", ""H"", ""H"", ""H"", ""H"", ""H"", ""H"", ""H"", ""H"", ""H"", ""H"", ""H"", ""H"", ""H"", ""H"", ""H"", ""H"", ""H"", ""O"", ""C"", ""O"", ""C"", ""C"", ""C"", ""C"", ""C"", ""C"", ""N"", ""C"", ""C"", ""C"", ""C"", ""C"", ""C"", ""C"", ""C"", ""C"", ""C"", ""Cl"", ""C"", ""Cl"", ""C"", ""C"", ""C"", ""H"", ""H"", ""H"", ""H"", ""H"", ""H"", ""H"", ""H"", ""H"", ""H"", ""H"", ""H"", ""H"", ""H"", ""H"", ""H"", ""H""]",C84H68Cl8N4O8,"[true, true, true]","[14.062860518167852, 0.0, 0.0, 0.0, 18.663096968511617, 0.0, 1.2013302718637748, 0.0, 13.539964343336205]",3553.6520511764456,[],"{""cutoff=6.000_skin=0.000"": 6772, ""cutoff=6.000_skin=0.500"": 8760}",0.0,,
OPT-RFT-XAFPAY172-R512-v1,16360d404e1cc8ec5ea026f69f45c1e0d210a4962a9adca338d6dcf7b609da30,OPT-RFT-XAFPAY172-R512-v1:0411,XAFPAY_C2_14_5248_z1_43,5f9d1e3863c94e5e1ea8c762abb3a4bfd33e00f4f41389cfcf6af84d79e05776,411,cross_family_test_set,XAFPAY/structures/XAFPAY_C2_14_5248_z1_43.cif,8ca84e8c62bf761677603d061f5d2a1864afd79f1fb9a2973ac2c858f37c8251,5f9d1e3863c94e5e1ea8c762abb3a4bfd33e00f4f41389cfcf6af84d79e05776,0,172,"[""O"", ""C"", ""O"", ""C"", ""C"", ""C"", ""C"", ""C"", ""C"", ""N"", ""C"", ""C"", ""C"", ""C"", ""C"", ""C"", ""C"", ""C"", ""C"", ""C"", ""Cl"", ""C"", ""Cl"", ""C"", ""C"", ""C"", ""H"", ""H"", ""H"", ""H"", ""H"", ""H"", ""H"", ""H"", ""H"", ""H"", ""H"", ""H"", ""H"", ""H"", ""H"", ""H"", ""H"", ""O"", ""C"", ""O"", ""C"", ""C"", ""C"", ""C"", ""C"", ""C"", ""N"", ""C"", ""C"", ""C"", ""C"", ""C"", ""C"", ""C"", ""C"", ""C"", ""C"", ""Cl"", ""C"", ""Cl"", ""C"", ""C"", ""C"", ""H"", ""H"", ""H"", ""H"", ""H"", ""H"", ""H"", ""H"", ""H"", ""H"", ""H"", ""H"", ""H"", ""H"", ""H"", ""H"", ""H"", ""O"", ""C"", ""O"", ""C"", ""C"", ""C"", ""C"", ""C"", ""C"", ""N"", ""C"", ""C"", ""C"", ""C"", ""C"", ""C"", ""C"", ""C"", ""C"", ""C"", ""Cl"", ""C"", ""Cl"", ""C"", ""C"", ""C"", ""H"", ""H"", ""H"", ""H"", ""H"", ""H"", ""H"", ""H"", ""H"", ""H"", ""H"", ""H"", ""H"", ""H"", ""H"", ""H"", ""H"", ""O"", ""C"", ""O"", ""C"", ""C"", ""C"", ""C"", ""C"", ""C"", ""N"", ""C"", ""C"", ""C"", ""C"", ""C"", ""C"", ""C"", ""C"", ""C"", ""C"", ""Cl"", ""C"", ""Cl"", ""C"", ""C"", ""C"", ""H"", ""H"", ""H"", ""H"", ""H"", ""H"", ""H"", ""H"", ""H"", ""H"", ""H"", ""H"", ""H"", ""H"", ""H"", ""H"", ""H""]",C84H68Cl8N4O8,"[true, true, true]","[14.491412929476141, 0.0, 0.0, 0.0, 23.14756897695269, 0.0, 3.3851949115915456, 0.0, 11.567704092278788]",3880.282001211645,[],"{""cutoff=6.000_skin=0.000"": 6780, ""cutoff=6.000_skin=0.500"": 8720}",0.0,,
OPT-RFT-XAFPAY172-R512-v1,16360d404e1cc8ec5ea026f69f45c1e0d210a4962a9adca338d6dcf7b609da30,OPT-RFT-XAFPAY172-R512-v1:0412,XAFPAY_C3_14_2460_z1_43,1d236b171474bd706c9482f8dbba8a47a0fe304d04104dd76f2269f59931dd50,412,cross_family_test_set,XAFPAY/structures/XAFPAY_C3_14_2460_z1_43.cif,77a167c84f6a9c30863ef0180baad88d9dab498c912099305ad0a24bc16dc7a2,1d236b171474bd706c9482f8dbba8a47a0fe304d04104dd76f2269f59931dd50,0,172,"[""O"", ""C"", ""O"", ""C"", ""C"", ""C"", ""C"", ""C"", ""C"", ""N"", ""C"", ""C"", ""C"", ""C"", ""C"", ""C"", ""C"", ""C"", ""C"", ""C"", ""Cl"", ""C"", ""Cl"", ""C"", ""C"", ""C"", ""H"", ""H"", ""H"", ""H"", ""H"", ""H"", ""H"", ""H"", ""H"", ""H"", ""H"", ""H"", ""H"", ""H"", ""H"", ""H"", ""H"", ""O"", ""C"", ""O"", ""C"", ""C"", ""C"", ""C"", ""C"", ""C"", ""N"", ""C"", ""C"", ""C"", ""C"", ""C"", ""C"", ""C"", ""C"", ""C"", ""C"", ""Cl"", ""C"", ""Cl"", ""C"", ""C"", ""C"", ""H"", ""H"", ""H"", ""H"", ""H"", ""H"", ""H"", ""H"", ""H"", ""H"", ""H"", ""H"", ""H"", ""H"", ""H"", ""H"", ""H"", ""O"", ""C"", ""O"", ""C"", ""C"", ""C"", ""C"", ""C"", ""C"", ""N"", ""C"", ""C"", ""C"", ""C"", ""C"", ""C"", ""C"", ""C"", ""C"", ""C"", ""Cl"", ""C"", ""Cl"", ""C"", ""C"", ""C"", ""H"", ""H"", ""H"", ""H"", ""H"", ""H"", ""H"", ""H"", ""H"", ""H"", ""H"", ""H"", ""H"", ""H"", ""H"", ""H"", ""H"", ""O"", ""C"", ""O"", ""C"", ""C"", ""C"", ""C"", ""C"", ""C"", ""N"", ""C"", ""C"", ""C"", ""C"", ""C"", ""C"", ""C"", ""C"", ""C"", ""C"", ""Cl"", ""C"", ""Cl"", ""C"", ""C"", ""C"", ""H"", ""H"", ""H"", ""H"", ""H"", ""H"", ""H"", ""H"", ""H"", ""H"", ""H"", ""H"", ""H"", ""H"", ""H"", ""H"", ""H""]",C84H68Cl8N4O8,"[true, true, true]","[15.404596627475215, 0.0, 0.0, 0.0, 16.027937896853217, 0.0, -7.32386691301092, 0.0, 14.372378946847773]",3548.5966739814216,[],"{""cutoff=6.000_skin=0.000"": 6788, ""cutoff=6.000_skin=0.500"": 8860}",0.0,,
OPT-RFT-XAFPAY172-R512-v1,16360d404e1cc8ec5ea026f69f45c1e0d210a4962a9adca338d6dcf7b609da30,OPT-RFT-XAFPAY172-R512-v1:0413,XAFPAY_C3_14_1702_z1_43,0e04411b4a337d0ffee53373725dd013f4d5888b83c65fbff70ad53d8d262712,413,cross_family_test_set,XAFPAY/structures/XAFPAY_C3_14_1702_z1_43.cif,479df24595b8ddaddf1a0f8ea79635e6d6637d79c71ee1a67c62d95df0e23e14,0e04411b4a337d0ffee53373725dd013f4d5888b83c65fbff70ad53d8d262712,0,172,"[""O"", ""C"", ""O"", ""C"", ""C"", ""C"", ""C"", ""C"", ""C"", ""N"", ""C"", ""C"", ""C"", ""C"", ""C"", ""C"", ""C"", ""C"", ""C"", ""C"", ""Cl"", ""C"", ""Cl"", ""C"", ""C"", ""C"", ""H"", ""H"", ""H"", ""H"", ""H"", ""H"", ""H"", ""H"", ""H"", ""H"", ""H"", ""H"", ""H"", ""H"", ""H"", ""H"", ""H"", ""O"", ""C"", ""O"", ""C"", ""C"", ""C"", ""C"", ""C"", ""C"", ""N"", ""C"", ""C"", ""C"", ""C"", ""C"", ""C"", ""C"", ""C"", ""C"", ""C"", ""Cl"", ""C"", ""Cl"", ""C"", ""C"", ""C"", ""H"", ""H"", ""H"", ""H"", ""H"", ""H"", ""H"", ""H"", ""H"", ""H"", ""H"", ""H"", ""H"", ""H"", ""H"", ""H"", ""H"", ""O"", ""C"", ""O"", ""C"", ""C"", ""C"", ""C"", ""C"", ""C"", ""N"", ""C"", ""C"", ""C"", ""C"", ""C"", ""C"", ""C"", ""C"", ""C"", ""C"", ""Cl"", ""C"", ""Cl"", ""C"", ""C"", ""C"", ""H"", ""H"", ""H"", ""H"", ""H"", ""H"", ""H"", ""H"", ""H"", ""H"", ""H"", ""H"", ""H"", ""H"", ""H"", ""H"", ""H"", ""O"", ""C"", ""O"", ""C"", ""C"", ""C"", ""C"", ""C"", ""C"", ""N"", ""C"", ""C"", ""C"", ""C"", ""C"", ""C"", ""C"", ""C"", ""C"", ""C"", ""Cl"", ""C"", ""Cl"", ""C"", ""C"", ""C"", ""H"", ""H"", ""H"", ""H"", ""H"", ""H"", ""H"", ""H"", ""H"", ""H"", ""H"", ""H"", ""H"", ""H"", ""H"", ""H"", ""H""]",C84H68Cl8N4O8,"[true, true, true]","[8.290129003508156, 0.0, 0.0, 0.0, 25.729843589271354, 0.0, 17.196372801717466, 0.0, 21.87520060474912]",4666.061721508593,[],"{""cutoff=6.000_skin=0.000"": 6796, ""cutoff=6.000_skin=0.500"": 8452}",0.0,,
OPT-RFT-XAFPAY172-R512-v1,16360d404e1cc8ec5ea026f69f45c1e0d210a4962a9adca338d6dcf7b609da30,OPT-RFT-XAFPAY172-R512-v1:0414,XAFPAY_C4_2_16841_z2_86,d1b6f0cb8c50fda76dd0587a08982e628eb57509aa92716ab259bf99366f2801,414,cross_family_test_set,XAFPAY/structures/XAFPAY_C4_2_16841_z2_86.cif,172d2777ba0a11838da8d7ec7adf233c331e77d88c1de757515acffafa871861,d1b6f0cb8c50fda76dd0587a08982e628eb57509aa92716ab259bf99366f2801,0,172,"[""O"", ""C"", ""O"", ""C"", ""C"", ""C"", ""C"", ""C"", ""C"", ""N"", ""C"", ""C"", ""C"", ""C"", ""C"", ""C"", ""C"", ""C"", ""C"", ""C"", ""Cl"", ""C"", ""Cl"", ""C"", ""C"", ""C"", ""H"", ""H"", ""H"", ""H"", ""H"", ""H"", ""H"", ""H"", ""H"", ""H"", ""H"", ""H"", ""H"", ""H"", ""H"", ""H"", ""H"", ""O"", ""C"", ""O"", ""C"", ""C"", ""C"", ""C"", ""C"", ""C"", ""N"", ""C"", ""C"", ""C"", ""C"", ""C"", ""C"", ""C"", ""C"", ""C"", ""C"", ""Cl"", ""C"", ""Cl"", ""C"", ""C"", ""C"", ""H"", ""H"", ""H"", ""H"", ""H"", ""H"", ""H"", ""H"", ""H"", ""H"", ""H"", ""H"", ""H"", ""H"", ""H"", ""H"", ""H"", ""O"", ""C"", ""O"", ""C"", ""C"", ""C"", ""C"", ""C"", ""C"", ""N"", ""C"", ""C"", ""C"", ""C"", ""C"", ""C"", ""C"", ""C"", ""C"", ""C"", ""Cl"", ""C"", ""Cl"", ""C"", ""C"", ""C"", ""H"", ""H"", ""H"", ""H"", ""H"", ""H"", ""H"", ""H"", ""H"", ""H"", ""H"", ""H"", ""H"", ""H"", ""H"", ""H"", ""H"", ""O"", ""C"", ""O"", ""C"", ""C"", ""C"", ""C"", ""C"", ""C"", ""N"", ""C"", ""C"", ""C"", ""C"", ""C"", ""C"", ""C"", ""C"", ""C"", ""C"", ""Cl"", ""C"", ""Cl"", ""C"", ""C"", ""C"", ""H"", ""H"", ""H"", ""H"", ""H"", ""H"", ""H"", ""H"", ""H"", ""H"", ""H"", ""H"", ""H"", ""H"", ""H"", ""H"", ""H""]",C84H68Cl8N4O8,"[true, true, true]","[13.966623672571416, 0.0, 0.0, 3.985140991030843, 19.118168468163166, 0.0, -0.8696175426425315, -8.386061640874782, 15.03039528856243]",4013.3600009592133,[],"{""cutoff=6.000_skin=0.000"": 6798, ""cutoff=6.000_skin=0.500"": 8470}",0.0,,
OPT-RFT-XAFPAY172-R512-v1,16360d404e1cc8ec5ea026f69f45c1e0d210a4962a9adca338d6dcf7b609da30,OPT-RFT-XAFPAY172-R512-v1:0415,XAFPAY_C2_2_1438_z2_86,c6d3f163dfbbfe85bb6c84fcc51fff8058b4251e0b9dbc6626b2147fd0ef3b02,415,cross_family_test_set,XAFPAY/structures/XAFPAY_C2_2_1438_z2_86.cif,0d06550a870e2650c9cb3330efe269d9809832e6eec6cbc7e494ba305a8fed4d,c6d3f163dfbbfe85bb6c84fcc51fff8058b4251e0b9dbc6626b2147fd0ef3b02,0,172,"[""O"", ""C"", ""O"", ""C"", ""C"", ""C"", ""C"", ""C"", ""C"", ""N"", ""C"", ""C"", ""C"", ""C"", ""C"", ""C"", ""C"", ""C"", ""C"", ""C"", ""Cl"", ""C"", ""Cl"", ""C"", ""C"", ""C"", ""H"", ""H"", ""H"", ""H"", ""H"", ""H"", ""H"", ""H"", ""H"", ""H"", ""H"", ""H"", ""H"", ""H"", ""H"", ""H"", ""H"", ""O"", ""C"", ""O"", ""C"", ""C"", ""C"", ""C"", ""C"", ""C"", ""N"", ""C"", ""C"", ""C"", ""C"", ""C"", ""C"", ""C"", ""C"", ""C"", ""C"", ""Cl"", ""C"", ""Cl"", ""C"", ""C"", ""C"", ""H"", ""H"", ""H"", ""H"", ""H"", ""H"", ""H"", ""H"", ""H"", ""H"", ""H"", ""H"", ""H"", ""H"", ""H"", ""H"", ""H"", ""O"", ""C"", ""O"", ""C"", ""C"", ""C"", ""C"", ""C"", ""C"", ""N"", ""C"", ""C"", ""C"", ""C"", ""C"", ""C"", ""C"", ""C"", ""C"", ""C"", ""Cl"", ""C"", ""Cl"", ""C"", ""C"", ""C"", ""H"", ""H"", ""H"", ""H"", ""H"", ""H"", ""H"", ""H"", ""H"", ""H"", ""H"", ""H"", ""H"", ""H"", ""H"", ""H"", ""H"", ""O"", ""C"", ""O"", ""C"", ""C"", ""C"", ""C"", ""C"", ""C"", ""N"", ""C"", ""C"", ""C"", ""C"", ""C"", ""C"", ""C"", ""C"", ""C"", ""C"", ""Cl"", ""C"", ""Cl"", ""C"", ""C"", ""C"", ""H"", ""H"", ""H"", ""H"", ""H"", ""H"", ""H"", ""H"", ""H"", ""H"", ""H"", ""H"", ""H"", ""H"", ""H"", ""H"", ""H""]",C84H68Cl8N4O8,"[true, true, true]","[29.96483989668458, 0.0, 0.0, -14.693355261565731, 27.1319925228554, 0.0, 0.9207852161775509, 1.0935919245209205, 6.475471891043161]",5264.596283025229,[],"{""cutoff=6.000_skin=0.000"": 6806, ""cutoff=6.000_skin=0.500"": 8434}",0.0,,
OPT-RFT-XAFPAY172-R512-v1,16360d404e1cc8ec5ea026f69f45c1e0d210a4962a9adca338d6dcf7b609da30,OPT-RFT-XAFPAY172-R512-v1:0416,XAFPAY_C2_14_3589_z1_43,4b2566b067a9db3293122acb8c5b9fbcdb2c0c0ba93d11155bed22fee2104676,416,cross_family_test_set,XAFPAY/structures/XAFPAY_C2_14_3589_z1_43.cif,c92676a6b092e5918f2d51735236600d85e00f78b4eeebb76d00e52034c55b24,4b2566b067a9db3293122acb8c5b9fbcdb2c0c0ba93d11155bed22fee2104676,0,172,"[""O"", ""C"", ""O"", ""C"", ""C"", ""C"", ""C"", ""C"", ""C"", ""N"", ""C"", ""C"", ""C"", ""C"", ""C"", ""C"", ""C"", ""C"", ""C"", ""C"", ""Cl"", ""C"", ""Cl"", ""C"", ""C"", ""C"", ""H"", ""H"", ""H"", ""H"", ""H"", ""H"", ""H"", ""H"", ""H"", ""H"", ""H"", ""H"", ""H"", ""H"", ""H"", ""H"", ""H"", ""O"", ""C"", ""O"", ""C"", ""C"", ""C"", ""C"", ""C"", ""C"", ""N"", ""C"", ""C"", ""C"", ""C"", ""C"", ""C"", ""C"", ""C"", ""C"", ""C"", ""Cl"", ""C"", ""Cl"", ""C"", ""C"", ""C"", ""H"", ""H"", ""H"", ""H"", ""H"", ""H"", ""H"", ""H"", ""H"", ""H"", ""H"", ""H"", ""H"", ""H"", ""H"", ""H"", ""H"", ""O"", ""C"", ""O"", ""C"", ""C"", ""C"", ""C"", ""C"", ""C"", ""N"", ""C"", ""C"", ""C"", ""C"", ""C"", ""C"", ""C"", ""C"", ""C"", ""C"", ""Cl"", ""C"", ""Cl"", ""C"", ""C"", ""C"", ""H"", ""H"", ""H"", ""H"", ""H"", ""H"", ""H"", ""H"", ""H"", ""H"", ""H"", ""H"", ""H"", ""H"", ""H"", ""H"", ""H"", ""O"", ""C"", ""O"", ""C"", ""C"", ""C"", ""C"", ""C"", ""C"", ""N"", ""C"", ""C"", ""C"", ""C"", ""C"", ""C"", ""C"", ""C"", ""C"", ""C"", ""Cl"", ""C"", ""Cl"", ""C"", ""C"", ""C"", ""H"", ""H"", ""H"", ""H"", ""H"", ""H"", ""H"", ""H"", ""H"", ""H"", ""H"", ""H"", ""H"", ""H"", ""H"", ""H"", ""H""]",C84H68Cl8N4O8,"[true, true, true]","[9.896203151747237, 0.0, 0.0, 0.0, 17.465075743490807, 0.0, 1.6995350868589283, 0.0, 21.223872227157567]",3668.2903040149113,[],"{""cutoff=6.000_skin=0.000"": 6812, ""cutoff=6.000_skin=0.500"": 8488}",0.0,,
OPT-RFT-XAFPAY172-R512-v1,16360d404e1cc8ec5ea026f69f45c1e0d210a4962a9adca338d6dcf7b609da30,OPT-RFT-XAFPAY172-R512-v1:0417,XAFPAY_C1_14_1361_z1_43,f8a4a8fa7a1f0f492310145eb18067d5cbdc4fd87587438147f2251e7b8c90da,417,cross_family_test_set,XAFPAY/structures/XAFPAY_C1_14_1361_z1_43.cif,fc778257f5cb289f0f0ce4f6e694f540a0b0755e2d0bcf96da236639155740cc,f8a4a8fa7a1f0f492310145eb18067d5cbdc4fd87587438147f2251e7b8c90da,0,172,"[""O"", ""C"", ""O"", ""C"", ""C"", ""C"", ""C"", ""C"", ""C"", ""N"", ""C"", ""C"", ""C"", ""C"", ""C"", ""C"", ""C"", ""C"", ""C"", ""C"", ""Cl"", ""C"", ""Cl"", ""C"", ""C"", ""C"", ""H"", ""H"", ""H"", ""H"", ""H"", ""H"", ""H"", ""H"", ""H"", ""H"", ""H"", ""H"", ""H"", ""H"", ""H"", ""H"", ""H"", ""O"", ""C"", ""O"", ""C"", ""C"", ""C"", ""C"", ""C"", ""C"", ""N"", ""C"", ""C"", ""C"", ""C"", ""C"", ""C"", ""C"", ""C"", ""C"", ""C"", ""Cl"", ""C"", ""Cl"", ""C"", ""C"", ""C"", ""H"", ""H"", ""H"", ""H"", ""H"", ""H"", ""H"", ""H"", ""H"", ""H"", ""H"", ""H"", ""H"", ""H"", ""H"", ""H"", ""H"", ""O"", ""C"", ""O"", ""C"", ""C"", ""C"", ""C"", ""C"", ""C"", ""N"", ""C"", ""C"", ""C"", ""C"", ""C"", ""C"", ""C"", ""C"", ""C"", ""C"", ""Cl"", ""C"", ""Cl"", ""C"", ""C"", ""C"", ""H"", ""H"", ""H"", ""H"", ""H"", ""H"", ""H"", ""H"", ""H"", ""H"", ""H"", ""H"", ""H"", ""H"", ""H"", ""H"", ""H"", ""O"", ""C"", ""O"", ""C"", ""C"", ""C"", ""C"", ""C"", ""C"", ""N"", ""C"", ""C"", ""C"", ""C"", ""C"", ""C"", ""C"", ""C"", ""C"", ""C"", ""Cl"", ""C"", ""Cl"", ""C"", ""C"", ""C"", ""H"", ""H"", ""H"", ""H"", ""H"", ""H"", ""H"", ""H"", ""H"", ""H"", ""H"", ""H"", ""H"", ""H"", ""H"", ""H"", ""H""]",C84H68Cl8N4O8,"[true, true, true]","[14.444750475797662, 0.0, 0.0, 0.0, 13.680337072717592, 0.0, -14.519803541553307, 0.0, 20.469151744675106]",4044.8897419275654,[],"{""cutoff=6.000_skin=0.000"": 6832, ""cutoff=6.000_skin=0.500"": 8524}",0.0,,
OPT-RFT-XAFPAY172-R512-v1,16360d404e1cc8ec5ea026f69f45c1e0d210a4962a9adca338d6dcf7b609da30,OPT-RFT-XAFPAY172-R512-v1:0418,XAFPAY_C3_14_3316_z1_43,7f3e2893787a75b74e4884eff28134203bdfa2e087a2fdb8ec44365dad056297,418,cross_family_test_set,XAFPAY/structures/XAFPAY_C3_14_3316_z1_43.cif,49c43d1c05164bbcba1a05e2eafbfaaabe601449e3b314c57a1842046b2cba3d,7f3e2893787a75b74e4884eff28134203bdfa2e087a2fdb8ec44365dad056297,0,172,"[""O"", ""C"", ""O"", ""C"", ""C"", ""C"", ""C"", ""C"", ""C"", ""N"", ""C"", ""C"", ""C"", ""C"", ""C"", ""C"", ""C"", ""C"", ""C"", ""C"", ""Cl"", ""C"", ""Cl"", ""C"", ""C"", ""C"", ""H"", ""H"", ""H"", ""H"", ""H"", ""H"", ""H"", ""H"", ""H"", ""H"", ""H"", ""H"", ""H"", ""H"", ""H"", ""H"", ""H"", ""O"", ""C"", ""O"", ""C"", ""C"", ""C"", ""C"", ""C"", ""C"", ""N"", ""C"", ""C"", ""C"", ""C"", ""C"", ""C"", ""C"", ""C"", ""C"", ""C"", ""Cl"", ""C"", ""Cl"", ""C"", ""C"", ""C"", ""H"", ""H"", ""H"", ""H"", ""H"", ""H"", ""H"", ""H"", ""H"", ""H"", ""H"", ""H"", ""H"", ""H"", ""H"", ""H"", ""H"", ""O"", ""C"", ""O"", ""C"", ""C"", ""C"", ""C"", ""C"", ""C"", ""N"", ""C"", ""C"", ""C"", ""C"", ""C"", ""C"", ""C"", ""C"", ""C"", ""C"", ""Cl"", ""C"", ""Cl"", ""C"", ""C"", ""C"", ""H"", ""H"", ""H"", ""H"", ""H"", ""H"", ""H"", ""H"", ""H"", ""H"", ""H"", ""H"", ""H"", ""H"", ""H"", ""H"", ""H"", ""O"", ""C"", ""O"", ""C"", ""C"", ""C"", ""C"", ""C"", ""C"", ""N"", ""C"", ""C"", ""C"", ""C"", ""C"", ""C"", ""C"", ""C"", ""C"", ""C"", ""Cl"", ""C"", ""Cl"", ""C"", ""C"", ""C"", ""H"", ""H"", ""H"", ""H"", ""H"", ""H"", ""H"", ""H"", ""H"", ""H"", ""H"", ""H"", ""H"", ""H"", ""H"", ""H"", ""H""]",C84H68Cl8N4O8,"[true, true, true]","[14.60877631246639, 0.0, 0.0, 0.0, 20.695979542405087, 0.0, 7.792925051779053, 0.0, 12.707697866192722]",3842.0826788835316,[],"{""cutoff=6.000_skin=0.000"": 6832, ""cutoff=6.000_skin=0.500"": 8560}",0.0,,
OPT-RFT-XAFPAY172-R512-v1,16360d404e1cc8ec5ea026f69f45c1e0d210a4962a9adca338d6dcf7b609da30,OPT-RFT-XAFPAY172-R512-v1:0419,XAFPAY_C4_14_4035_z1_43,c4ec5a060e53470e5790fdec57b558a97374be2256cce428ec594c7985f3964c,419,cross_family_test_set,XAFPAY/structures/XAFPAY_C4_14_4035_z1_43.cif,ad171060b3a77ffbbea192583fd73581e0707b6518d0d67b4023618a34cfc50e,c4ec5a060e53470e5790fdec57b558a97374be2256cce428ec594c7985f3964c,0,172,"[""O"", ""C"", ""O"", ""C"", ""C"", ""C"", ""C"", ""C"", ""C"", ""N"", ""C"", ""C"", ""C"", ""C"", ""C"", ""C"", ""C"", ""C"", ""C"", ""C"", ""Cl"", ""C"", ""Cl"", ""C"", ""C"", ""C"", ""H"", ""H"", ""H"", ""H"", ""H"", ""H"", ""H"", ""H"", ""H"", ""H"", ""H"", ""H"", ""H"", ""H"", ""H"", ""H"", ""H"", ""O"", ""C"", ""O"", ""C"", ""C"", ""C"", ""C"", ""C"", ""C"", ""N"", ""C"", ""C"", ""C"", ""C"", ""C"", ""C"", ""C"", ""C"", ""C"", ""C"", ""Cl"", ""C"", ""Cl"", ""C"", ""C"", ""C"", ""H"", ""H"", ""H"", ""H"", ""H"", ""H"", ""H"", ""H"", ""H"", ""H"", ""H"", ""H"", ""H"", ""H"", ""H"", ""H"", ""H"", ""O"", ""C"", ""O"", ""C"", ""C"", ""C"", ""C"", ""C"", ""C"", ""N"", ""C"", ""C"", ""C"", ""C"", ""C"", ""C"", ""C"", ""C"", ""C"", ""C"", ""Cl"", ""C"", ""Cl"", ""C"", ""C"", ""C"", ""H"", ""H"", ""H"", ""H"", ""H"", ""H"", ""H"", ""H"", ""H"", ""H"", ""H"", ""H"", ""H"", ""H"", ""H"", ""H"", ""H"", ""O"", ""C"", ""O"", ""C"", ""C"", ""C"", ""C"", ""C"", ""C"", ""N"", ""C"", ""C"", ""C"", ""C"", ""C"", ""C"", ""C"", ""C"", ""C"", ""C"", ""Cl"", ""C"", ""Cl"", ""C"", ""C"", ""C"", ""H"", ""H"", ""H"", ""H"", ""H"", ""H"", ""H"", ""H"", ""H"", ""H"", ""H"", ""H"", ""H"", ""H"", ""H"", ""H"", ""H""]",C84H68Cl8N4O8,"[true, true, true]","[16.599759897836947, 0.0, 0.0, 0.0, 16.786297406711405, 0.0, 6.592230596618941, 0.0, 14.12602734347248]",3936.1964223912228,[],"{""cutoff=6.000_skin=0.000"": 6836, ""cutoff=6.000_skin=0.500"": 8432}",0.0,,
OPT-RFT-XAFPAY172-R512-v1,16360d404e1cc8ec5ea026f69f45c1e0d210a4962a9adca338d6dcf7b609da30,OPT-RFT-XAFPAY172-R512-v1:0420,XAFPAY_C1_14_266_z1_43,cf2f477aa2ff37d85d249d25071f521db55d6c7bf21e8b4f6fd06c86326f21a8,420,cross_family_test_set,XAFPAY/structures/XAFPAY_C1_14_266_z1_43.cif,b17acd2120b1e09a8ac49af0bf5a04433d096ef390e1a0f7545c640980b71cb0,cf2f477aa2ff37d85d249d25071f521db55d6c7bf21e8b4f6fd06c86326f21a8,0,172,"[""O"", ""C"", ""O"", ""C"", ""C"", ""C"", ""C"", ""C"", ""C"", ""N"", ""C"", ""C"", ""C"", ""C"", ""C"", ""C"", ""C"", ""C"", ""C"", ""C"", ""Cl"", ""C"", ""Cl"", ""C"", ""C"", ""C"", ""H"", ""H"", ""H"", ""H"", ""H"", ""H"", ""H"", ""H"", ""H"", ""H"", ""H"", ""H"", ""H"", ""H"", ""H"", ""H"", ""H"", ""O"", ""C"", ""O"", ""C"", ""C"", ""C"", ""C"", ""C"", ""C"", ""N"", ""C"", ""C"", ""C"", ""C"", ""C"", ""C"", ""C"", ""C"", ""C"", ""C"", ""Cl"", ""C"", ""Cl"", ""C"", ""C"", ""C"", ""H"", ""H"", ""H"", ""H"", ""H"", ""H"", ""H"", ""H"", ""H"", ""H"", ""H"", ""H"", ""H"", ""H"", ""H"", ""H"", ""H"", ""O"", ""C"", ""O"", ""C"", ""C"", ""C"", ""C"", ""C"", ""C"", ""N"", ""C"", ""C"", ""C"", ""C"", ""C"", ""C"", ""C"", ""C"", ""C"", ""C"", ""Cl"", ""C"", ""Cl"", ""C"", ""C"", ""C"", ""H"", ""H"", ""H"", ""H"", ""H"", ""H"", ""H"", ""H"", ""H"", ""H"", ""H"", ""H"", ""H"", ""H"", ""H"", ""H"", ""H"", ""O"", ""C"", ""O"", ""C"", ""C"", ""C"", ""C"", ""C"", ""C"", ""N"", ""C"", ""C"", ""C"", ""C"", ""C"", ""C"", ""C"", ""C"", ""C"", ""C"", ""Cl"", ""C"", ""Cl"", ""C"", ""C"", ""C"", ""H"", ""H"", ""H"", ""H"", ""H"", ""H"", ""H"", ""H"", ""H"", ""H"", ""H"", ""H"", ""H"", ""H"", ""H"", ""H"", ""H""]",C84H68Cl8N4O8,"[true, true, true]","[8.566116314391465, 0.0, 0.0, 0.0, 21.09136907880827, 0.0, 6.198764782383684, 0.0, 21.50361988724928]",3885.083105401218,[],"{""cutoff=6.000_skin=0.000"": 6848, ""cutoff=6.000_skin=0.500"": 8604}",0.0,,
OPT-RFT-XAFPAY172-R512-v1,16360d404e1cc8ec5ea026f69f45c1e0d210a4962a9adca338d6dcf7b609da30,OPT-RFT-XAFPAY172-R512-v1:0421,XAFPAY_C2_14_4357_z1_43,b9130e3d8f5654ba3a31133378c7e7e7a589bbd4a41709ae40bf66a598c9d587,421,cross_family_test_set,XAFPAY/structures/XAFPAY_C2_14_4357_z1_43.cif,a73e0a935f2efd5ef947bf4b2bbbeef7ce26f9ce6bd84bf819661d1eff886fe4,b9130e3d8f5654ba3a31133378c7e7e7a589bbd4a41709ae40bf66a598c9d587,0,172,"[""O"", ""C"", ""O"", ""C"", ""C"", ""C"", ""C"", ""C"", ""C"", ""N"", ""C"", ""C"", ""C"", ""C"", ""C"", ""C"", ""C"", ""C"", ""C"", ""C"", ""Cl"", ""C"", ""Cl"", ""C"", ""C"", ""C"", ""H"", ""H"", ""H"", ""H"", ""H"", ""H"", ""H"", ""H"", ""H"", ""H"", ""H"", ""H"", ""H"", ""H"", ""H"", ""H"", ""H"", ""O"", ""C"", ""O"", ""C"", ""C"", ""C"", ""C"", ""C"", ""C"", ""N"", ""C"", ""C"", ""C"", ""C"", ""C"", ""C"", ""C"", ""C"", ""C"", ""C"", ""Cl"", ""C"", ""Cl"", ""C"", ""C"", ""C"", ""H"", ""H"", ""H"", ""H"", ""H"", ""H"", ""H"", ""H"", ""H"", ""H"", ""H"", ""H"", ""H"", ""H"", ""H"", ""H"", ""H"", ""O"", ""C"", ""O"", ""C"", ""C"", ""C"", ""C"", ""C"", ""C"", ""N"", ""C"", ""C"", ""C"", ""C"", ""C"", ""C"", ""C"", ""C"", ""C"", ""C"", ""Cl"", ""C"", ""Cl"", ""C"", ""C"", ""C"", ""H"", ""H"", ""H"", ""H"", ""H"", ""H"", ""H"", ""H"", ""H"", ""H"", ""H"", ""H"", ""H"", ""H"", ""H"", ""H"", ""H"", ""O"", ""C"", ""O"", ""C"", ""C"", ""C"", ""C"", ""C"", ""C"", ""N"", ""C"", ""C"", ""C"", ""C"", ""C"", ""C"", ""C"", ""C"", ""C"", ""C"", ""Cl"", ""C"", ""Cl"", ""C"", ""C"", ""C"", ""H"", ""H"", ""H"", ""H"", ""H"", ""H"", ""H"", ""H"", ""H"", ""H"", ""H"", ""H"", ""H"", ""H"", ""H"", ""H"", ""H""]",C84H68Cl8N4O8,"[true, true, true]","[12.752643580377352, 0.0, 0.0, 0.0, 16.53173538173411, 0.0, -5.035761898480543, 0.0, 17.032592926031324]",3590.8679436729212,[],"{""cutoff=6.000_skin=0.000"": 6852, ""cutoff=6.000_skin=0.500"": 8860}",0.0,,
OPT-RFT-XAFPAY172-R512-v1,16360d404e1cc8ec5ea026f69f45c1e0d210a4962a9adca338d6dcf7b609da30,OPT-RFT-XAFPAY172-R512-v1:0422,XAFPAY_C4_14_4874_z1_43,6ab0bcff8dab574c444e08d9f2d5b1b701518afa9e470c6ed285e5b49bc7e3f3,422,cross_family_test_set,XAFPAY/structures/XAFPAY_C4_14_4874_z1_43.cif,08916e3201e68a523c6037e6aa95dce7b8ecb05400a97fcd4402398542393228,6ab0bcff8dab574c444e08d9f2d5b1b701518afa9e470c6ed285e5b49bc7e3f3,0,172,"[""O"", ""C"", ""O"", ""C"", ""C"", ""C"", ""C"", ""C"", ""C"", ""N"", ""C"", ""C"", ""C"", ""C"", ""C"", ""C"", ""C"", ""C"", ""C"", ""C"", ""Cl"", ""C"", ""Cl"", ""C"", ""C"", ""C"", ""H"", ""H"", ""H"", ""H"", ""H"", ""H"", ""H"", ""H"", ""H"", ""H"", ""H"", ""H"", ""H"", ""H"", ""H"", ""H"", ""H"", ""O"", ""C"", ""O"", ""C"", ""C"", ""C"", ""C"", ""C"", ""C"", ""N"", ""C"", ""C"", ""C"", ""C"", ""C"", ""C"", ""C"", ""C"", ""C"", ""C"", ""Cl"", ""C"", ""Cl"", ""C"", ""C"", ""C"", ""H"", ""H"", ""H"", ""H"", ""H"", ""H"", ""H"", ""H"", ""H"", ""H"", ""H"", ""H"", ""H"", ""H"", ""H"", ""H"", ""H"", ""O"", ""C"", ""O"", ""C"", ""C"", ""C"", ""C"", ""C"", ""C"", ""N"", ""C"", ""C"", ""C"", ""C"", ""C"", ""C"", ""C"", ""C"", ""C"", ""C"", ""Cl"", ""C"", ""Cl"", ""C"", ""C"", ""C"", ""H"", ""H"", ""H"", ""H"", ""H"", ""H"", ""H"", ""H"", ""H"", ""H"", ""H"", ""H"", ""H"", ""H"", ""H"", ""H"", ""H"", ""O"", ""C"", ""O"", ""C"", ""C"", ""C"", ""C"", ""C"", ""C"", ""N"", ""C"", ""C"", ""C"", ""C"", ""C"", ""C"", ""C"", ""C"", ""C"", ""C"", ""Cl"", ""C"", ""Cl"", ""C"", ""C"", ""C"", ""H"", ""H"", ""H"", ""H"", ""H"", ""H"", ""H"", ""H"", ""H"", ""H"", ""H"", ""H"", ""H"", ""H"", ""H"", ""H"", ""H""]",C84H68Cl8N4O8,"[true, true, true]","[19.175148977138, 0.0, 0.0, 0.0, 13.872560817135138, 0.0, -9.0144246303434, 0.0, 14.616458640664826]",3888.101074303982,[],"{""cutoff=6.000_skin=0.000"": 6868, ""cutoff=6.000_skin=0.500"": 8544}",0.0,,
OPT-RFT-XAFPAY172-R512-v1,16360d404e1cc8ec5ea026f69f45c1e0d210a4962a9adca338d6dcf7b609da30,OPT-RFT-XAFPAY172-R512-v1:0423,XAFPAY_C3_2_8769_z2_86,6a50c0abee8b0f9fa42deaa77cd7f1cb1f09aec3848851da34bdac7bb89140ec,423,cross_family_test_set,XAFPAY/structures/XAFPAY_C3_2_8769_z2_86.cif,874ef59e25ac0b7f1b0faea4c52834823cfcacb696a2a9810ccf5c3931462fc2,6a50c0abee8b0f9fa42deaa77cd7f1cb1f09aec3848851da34bdac7bb89140ec,0,172,"[""O"", ""C"", ""O"", ""C"", ""C"", ""C"", ""C"", ""C"", ""C"", ""N"", ""C"", ""C"", ""C"", ""C"", ""C"", ""C"", ""C"", ""C"", ""C"", ""C"", ""Cl"", ""C"", ""Cl"", ""C"", ""C"", ""C"", ""H"", ""H"", ""H"", ""H"", ""H"", ""H"", ""H"", ""H"", ""H"", ""H"", ""H"", ""H"", ""H"", ""H"", ""H"", ""H"", ""H"", ""O"", ""C"", ""O"", ""C"", ""C"", ""C"", ""C"", ""C"", ""C"", ""N"", ""C"", ""C"", ""C"", ""C"", ""C"", ""C"", ""C"", ""C"", ""C"", ""C"", ""Cl"", ""C"", ""Cl"", ""C"", ""C"", ""C"", ""H"", ""H"", ""H"", ""H"", ""H"", ""H"", ""H"", ""H"", ""H"", ""H"", ""H"", ""H"", ""H"", ""H"", ""H"", ""H"", ""H"", ""O"", ""C"", ""O"", ""C"", ""C"", ""C"", ""C"", ""C"", ""C"", ""N"", ""C"", ""C"", ""C"", ""C"", ""C"", ""C"", ""C"", ""C"", ""C"", ""C"", ""Cl"", ""C"", ""Cl"", ""C"", ""C"", ""C"", ""H"", ""H"", ""H"", ""H"", ""H"", ""H"", ""H"", ""H"", ""H"", ""H"", ""H"", ""H"", ""H"", ""H"", ""H"", ""H"", ""H"", ""O"", ""C"", ""O"", ""C"", ""C"", ""C"", ""C"", ""C"", ""C"", ""N"", ""C"", ""C"", ""C"", ""C"", ""C"", ""C"", ""C"", ""C"", ""C"", ""C"", ""Cl"", ""C"", ""Cl"", ""C"", ""C"", ""C"", ""H"", ""H"", ""H"", ""H"", ""H"", ""H"", ""H"", ""H"", ""H"", ""H"", ""H"", ""H"", ""H"", ""H"", ""H"", ""H"", ""H""]",C84H68Cl8N4O8,"[true, true, true]","[19.3707312864225, 0.0, 0.0, -6.614254381932629, 14.873521196798071, 0.0, -2.066161573053116, -2.0619973528243563, 15.368445659746326]",4427.8179767766715,[],"{""cutoff=6.000_skin=0.000"": 6892, ""cutoff=6.000_skin=0.500"": 8498}",0.0,,
OPT-RFT-XAFPAY172-R512-v1,16360d404e1cc8ec5ea026f69f45c1e0d210a4962a9adca338d6dcf7b609da30,OPT-RFT-XAFPAY172-R512-v1:0424,XAFPAY_C3_14_1321_z1_43,fbb0eb86736a534ffc55cbdacda9d5c39d2f53711d9d7479f46fdad860a69b49,424,cross_family_test_set,XAFPAY/structures/XAFPAY_C3_14_1321_z1_43.cif,c75772dee52e1ceb88f2fd30afcee56edf42b2482452e1c4cb939aa6bfc8249d,fbb0eb86736a534ffc55cbdacda9d5c39d2f53711d9d7479f46fdad860a69b49,0,172,"[""O"", ""C"", ""O"", ""C"", ""C"", ""C"", ""C"", ""C"", ""C"", ""N"", ""C"", ""C"", ""C"", ""C"", ""C"", ""C"", ""C"", ""C"", ""C"", ""C"", ""Cl"", ""C"", ""Cl"", ""C"", ""C"", ""C"", ""H"", ""H"", ""H"", ""H"", ""H"", ""H"", ""H"", ""H"", ""H"", ""H"", ""H"", ""H"", ""H"", ""H"", ""H"", ""H"", ""H"", ""O"", ""C"", ""O"", ""C"", ""C"", ""C"", ""C"", ""C"", ""C"", ""N"", ""C"", ""C"", ""C"", ""C"", ""C"", ""C"", ""C"", ""C"", ""C"", ""C"", ""Cl"", ""C"", ""Cl"", ""C"", ""C"", ""C"", ""H"", ""H"", ""H"", ""H"", ""H"", ""H"", ""H"", ""H"", ""H"", ""H"", ""H"", ""H"", ""H"", ""H"", ""H"", ""H"", ""H"", ""O"", ""C"", ""O"", ""C"", ""C"", ""C"", ""C"", ""C"", ""C"", ""N"", ""C"", ""C"", ""C"", ""C"", ""C"", ""C"", ""C"", ""C"", ""C"", ""C"", ""Cl"", ""C"", ""Cl"", ""C"", ""C"", ""C"", ""H"", ""H"", ""H"", ""H"", ""H"", ""H"", ""H"", ""H"", ""H"", ""H"", ""H"", ""H"", ""H"", ""H"", ""H"", ""H"", ""H"", ""O"", ""C"", ""O"", ""C"", ""C"", ""C"", ""C"", ""C"", ""C"", ""N"", ""C"", ""C"", ""C"", ""C"", ""C"", ""C"", ""C"", ""C"", ""C"", ""C"", ""Cl"", ""C"", ""Cl"", ""C"", ""C"", ""C"", ""H"", ""H"", ""H"", ""H"", ""H"", ""H"", ""H"", ""H"", ""H"", ""H"", ""H"", ""H"", ""H"", ""H"", ""H"", ""H"", ""H""]",C84H68Cl8N4O8,"[true, true, true]","[14.618447290331964, 0.0, 0.0, 0.0, 13.359447855777411, 0.0, -4.705043892816085, 0.0, 23.762170667496225]",4640.618490321271,[],"{""cutoff=6.000_skin=0.000"": 6900, ""cutoff=6.000_skin=0.500"": 8488}",0.0,,
OPT-RFT-XAFPAY172-R512-v1,16360d404e1cc8ec5ea026f69f45c1e0d210a4962a9adca338d6dcf7b609da30,OPT-RFT-XAFPAY172-R512-v1:0425,XAFPAY_C3_14_307_z1_43,65fdf5395e943c66e281509b6ec2f51d781db68f956c273e6e3ed473d9feb474,425,cross_family_test_set,XAFPAY/structures/XAFPAY_C3_14_307_z1_43.cif,89e19d885353c6843d3d44c1cda0f28ac6f8d836049eaf0b2d347928d84c3d1b,65fdf5395e943c66e281509b6ec2f51d781db68f956c273e6e3ed473d9feb474,0,172,"[""O"", ""C"", ""O"", ""C"", ""C"", ""C"", ""C"", ""C"", ""C"", ""N"", ""C"", ""C"", ""C"", ""C"", ""C"", ""C"", ""C"", ""C"", ""C"", ""C"", ""Cl"", ""C"", ""Cl"", ""C"", ""C"", ""C"", ""H"", ""H"", ""H"", ""H"", ""H"", ""H"", ""H"", ""H"", ""H"", ""H"", ""H"", ""H"", ""H"", ""H"", ""H"", ""H"", ""H"", ""O"", ""C"", ""O"", ""C"", ""C"", ""C"", ""C"", ""C"", ""C"", ""N"", ""C"", ""C"", ""C"", ""C"", ""C"", ""C"", ""C"", ""C"", ""C"", ""C"", ""Cl"", ""C"", ""Cl"", ""C"", ""C"", ""C"", ""H"", ""H"", ""H"", ""H"", ""H"", ""H"", ""H"", ""H"", ""H"", ""H"", ""H"", ""H"", ""H"", ""H"", ""H"", ""H"", ""H"", ""O"", ""C"", ""O"", ""C"", ""C"", ""C"", ""C"", ""C"", ""C"", ""N"", ""C"", ""C"", ""C"", ""C"", ""C"", ""C"", ""C"", ""C"", ""C"", ""C"", ""Cl"", ""C"", ""Cl"", ""C"", ""C"", ""C"", ""H"", ""H"", ""H"", ""H"", ""H"", ""H"", ""H"", ""H"", ""H"", ""H"", ""H"", ""H"", ""H"", ""H"", ""H"", ""H"", ""H"", ""O"", ""C"", ""O"", ""C"", ""C"", ""C"", ""C"", ""C"", ""C"", ""N"", ""C"", ""C"", ""C"", ""C"", ""C"", ""C"", ""C"", ""C"", ""C"", ""C"", ""Cl"", ""C"", ""Cl"", ""C"", ""C"", ""C"", ""H"", ""H"", ""H"", ""H"", ""H"", ""H"", ""H"", ""H"", ""H"", ""H"", ""H"", ""H"", ""H"", ""H"", ""H"", ""H"", ""H""]",C84H68Cl8N4O8,"[true, true, true]","[19.23581004242618, 0.0, 0.0, 0.0, 7.520436575880154, 0.0, -0.7472267465646292, 0.0, 26.909624178197035]",3892.7916949992937,[],"{""cutoff=6.000_skin=0.000"": 6916, ""cutoff=6.000_skin=0.500"": 8780}",0.0,,
OPT-RFT-XAFPAY172-R512-v1,16360d404e1cc8ec5ea026f69f45c1e0d210a4962a9adca338d6dcf7b609da30,OPT-RFT-XAFPAY172-R512-v1:0426,XAFPAY_C4_14_2032_z1_43,0f87c20d777104ae1983b43df7cb2ca62e921b8e64a7cf12a97cbfb6d1e777f9,426,cross_family_test_set,XAFPAY/structures/XAFPAY_C4_14_2032_z1_43.cif,0726b55ba368bdf739cd9b85dc48076bbaa052bbf5ee1971313afcc1ef2d52d0,0f87c20d777104ae1983b43df7cb2ca62e921b8e64a7cf12a97cbfb6d1e777f9,0,172,"[""O"", ""C"", ""O"", ""C"", ""C"", ""C"", ""C"", ""C"", ""C"", ""N"", ""C"", ""C"", ""C"", ""C"", ""C"", ""C"", ""C"", ""C"", ""C"", ""C"", ""Cl"", ""C"", ""Cl"", ""C"", ""C"", ""C"", ""H"", ""H"", ""H"", ""H"", ""H"", ""H"", ""H"", ""H"", ""H"", ""H"", ""H"", ""H"", ""H"", ""H"", ""H"", ""H"", ""H"", ""O"", ""C"", ""O"", ""C"", ""C"", ""C"", ""C"", ""C"", ""C"", ""N"", ""C"", ""C"", ""C"", ""C"", ""C"", ""C"", ""C"", ""C"", ""C"", ""C"", ""Cl"", ""C"", ""Cl"", ""C"", ""C"", ""C"", ""H"", ""H"", ""H"", ""H"", ""H"", ""H"", ""H"", ""H"", ""H"", ""H"", ""H"", ""H"", ""H"", ""H"", ""H"", ""H"", ""H"", ""O"", ""C"", ""O"", ""C"", ""C"", ""C"", ""C"", ""C"", ""C"", ""N"", ""C"", ""C"", ""C"", ""C"", ""C"", ""C"", ""C"", ""C"", ""C"", ""C"", ""Cl"", ""C"", ""Cl"", ""C"", ""C"", ""C"", ""H"", ""H"", ""H"", ""H"", ""H"", ""H"", ""H"", ""H"", ""H"", ""H"", ""H"", ""H"", ""H"", ""H"", ""H"", ""H"", ""H"", ""O"", ""C"", ""O"", ""C"", ""C"", ""C"", ""C"", ""C"", ""C"", ""N"", ""C"", ""C"", ""C"", ""C"", ""C"", ""C"", ""C"", ""C"", ""C"", ""C"", ""Cl"", ""C"", ""Cl"", ""C"", ""C"", ""C"", ""H"", ""H"", ""H"", ""H"", ""H"", ""H"", ""H"", ""H"", ""H"", ""H"", ""H"", ""H"", ""H"", ""H"", ""H"", ""H"", ""H""]",C84H68Cl8N4O8,"[true, true, true]","[12.483718033530607, 0.0, 0.0, 0.0, 9.157987631201504, 0.0, -0.11751344944606319, 0.0, 29.89072637801829]",3417.2792730878177,[],"{""cutoff=6.000_skin=0.000"": 6920, ""cutoff=6.000_skin=0.500"": 9084}",0.0,,
OPT-RFT-XAFPAY172-R512-v1,16360d404e1cc8ec5ea026f69f45c1e0d210a4962a9adca338d6dcf7b609da30,OPT-RFT-XAFPAY172-R512-v1:0427,XAFPAY_C1_14_4623_z1_43,424d0af78b809012e1a51373309bd837eb5491dff2d267afc79b1a1b3d80b79c,427,cross_family_test_set,XAFPAY/structures/XAFPAY_C1_14_4623_z1_43.cif,a8061913f240a6b7506ac91dad4d8debe69025fe629aa71e9c628cc5965476b3,424d0af78b809012e1a51373309bd837eb5491dff2d267afc79b1a1b3d80b79c,0,172,"[""O"", ""C"", ""O"", ""C"", ""C"", ""C"", ""C"", ""C"", ""C"", ""N"", ""C"", ""C"", ""C"", ""C"", ""C"", ""C"", ""C"", ""C"", ""C"", ""C"", ""Cl"", ""C"", ""Cl"", ""C"", ""C"", ""C"", ""H"", ""H"", ""H"", ""H"", ""H"", ""H"", ""H"", ""H"", ""H"", ""H"", ""H"", ""H"", ""H"", ""H"", ""H"", ""H"", ""H"", ""O"", ""C"", ""O"", ""C"", ""C"", ""C"", ""C"", ""C"", ""C"", ""N"", ""C"", ""C"", ""C"", ""C"", ""C"", ""C"", ""C"", ""C"", ""C"", ""C"", ""Cl"", ""C"", ""Cl"", ""C"", ""C"", ""C"", ""H"", ""H"", ""H"", ""H"", ""H"", ""H"", ""H"", ""H"", ""H"", ""H"", ""H"", ""H"", ""H"", ""H"", ""H"", ""H"", ""H"", ""O"", ""C"", ""O"", ""C"", ""C"", ""C"", ""C"", ""C"", ""C"", ""N"", ""C"", ""C"", ""C"", ""C"", ""C"", ""C"", ""C"", ""C"", ""C"", ""C"", ""Cl"", ""C"", ""Cl"", ""C"", ""C"", ""C"", ""H"", ""H"", ""H"", ""H"", ""H"", ""H"", ""H"", ""H"", ""H"", ""H"", ""H"", ""H"", ""H"", ""H"", ""H"", ""H"", ""H"", ""O"", ""C"", ""O"", ""C"", ""C"", ""C"", ""C"", ""C"", ""C"", ""N"", ""C"", ""C"", ""C"", ""C"", ""C"", ""C"", ""C"", ""C"", ""C"", ""C"", ""Cl"", ""C"", ""Cl"", ""C"", ""C"", ""C"", ""H"", ""H"", ""H"", ""H"", ""H"", ""H"", ""H"", ""H"", ""H"", ""H"", ""H"", ""H"", ""H"", ""H"", ""H"", ""H"", ""H""]",C84H68Cl8N4O8,"[true, true, true]","[8.236464869455915, 0.0, 0.0, 0.0, 19.862928533942124, 0.0, 10.59056143467835, 0.0, 27.47972588186038]",4495.69175746907,[],"{""cutoff=6.000_skin=0.000"": 6924, ""cutoff=6.000_skin=0.500"": 8700}",0.0,,
OPT-RFT-XAFPAY172-R512-v1,16360d404e1cc8ec5ea026f69f45c1e0d210a4962a9adca338d6dcf7b609da30,OPT-RFT-XAFPAY172-R512-v1:0428,XAFPAY_C1_14_838_z1_43,7948b2abcd7753b5c40a8ea2b33992aa3153e2c96bcd002a14dd15a1c2bee2de,428,cross_family_test_set,XAFPAY/structures/XAFPAY_C1_14_838_z1_43.cif,b6d4551406eee8e40431be74c69bbffc54a2a2ea7a2a2faa6bed396c342f0ee8,7948b2abcd7753b5c40a8ea2b33992aa3153e2c96bcd002a14dd15a1c2bee2de,0,172,"[""O"", ""C"", ""O"", ""C"", ""C"", ""C"", ""C"", ""C"", ""C"", ""N"", ""C"", ""C"", ""C"", ""C"", ""C"", ""C"", ""C"", ""C"", ""C"", ""C"", ""Cl"", ""C"", ""Cl"", ""C"", ""C"", ""C"", ""H"", ""H"", ""H"", ""H"", ""H"", ""H"", ""H"", ""H"", ""H"", ""H"", ""H"", ""H"", ""H"", ""H"", ""H"", ""H"", ""H"", ""O"", ""C"", ""O"", ""C"", ""C"", ""C"", ""C"", ""C"", ""C"", ""N"", ""C"", ""C"", ""C"", ""C"", ""C"", ""C"", ""C"", ""C"", ""C"", ""C"", ""Cl"", ""C"", ""Cl"", ""C"", ""C"", ""C"", ""H"", ""H"", ""H"", ""H"", ""H"", ""H"", ""H"", ""H"", ""H"", ""H"", ""H"", ""H"", ""H"", ""H"", ""H"", ""H"", ""H"", ""O"", ""C"", ""O"", ""C"", ""C"", ""C"", ""C"", ""C"", ""C"", ""N"", ""C"", ""C"", ""C"", ""C"", ""C"", ""C"", ""C"", ""C"", ""C"", ""C"", ""Cl"", ""C"", ""Cl"", ""C"", ""C"", ""C"", ""H"", ""H"", ""H"", ""H"", ""H"", ""H"", ""H"", ""H"", ""H"", ""H"", ""H"", ""H"", ""H"", ""H"", ""H"", ""H"", ""H"", ""O"", ""C"", ""O"", ""C"", ""C"", ""C"", ""C"", ""C"", ""C"", ""N"", ""C"", ""C"", ""C"", ""C"", ""C"", ""C"", ""C"", ""C"", ""C"", ""C"", ""Cl"", ""C"", ""Cl"", ""C"", ""C"", ""C"", ""H"", ""H"", ""H"", ""H"", ""H"", ""H"", ""H"", ""H"", ""H"", ""H"", ""H"", ""H"", ""H"", ""H"", ""H"", ""H"", ""H""]",C84H68Cl8N4O8,"[true, true, true]","[14.897481565589636, 0.0, 0.0, 0.0, 20.001348985130797, 0.0, 0.40997096958936197, 0.0, 12.982057874913043]",3868.260251179658,[],"{""cutoff=6.000_skin=0.000"": 6932, ""cutoff=6.000_skin=0.500"": 8756}",0.0,,
OPT-RFT-XAFPAY172-R512-v1,16360d404e1cc8ec5ea026f69f45c1e0d210a4962a9adca338d6dcf7b609da30,OPT-RFT-XAFPAY172-R512-v1:0429,XAFPAY_C2_14_2342_z1_43,cd7fa549d859b9a089e455244f95f4a387698fddc7f7de7fd299d0efe84ace02,429,cross_family_test_set,XAFPAY/structures/XAFPAY_C2_14_2342_z1_43.cif,06a91f782780d5da90aa976af59a415905549d70a5e9f0a1c8299d21e9554dda,cd7fa549d859b9a089e455244f95f4a387698fddc7f7de7fd299d0efe84ace02,0,172,"[""O"", ""C"", ""O"", ""C"", ""C"", ""C"", ""C"", ""C"", ""C"", ""N"", ""C"", ""C"", ""C"", ""C"", ""C"", ""C"", ""C"", ""C"", ""C"", ""C"", ""Cl"", ""C"", ""Cl"", ""C"", ""C"", ""C"", ""H"", ""H"", ""H"", ""H"", ""H"", ""H"", ""H"", ""H"", ""H"", ""H"", ""H"", ""H"", ""H"", ""H"", ""H"", ""H"", ""H"", ""O"", ""C"", ""O"", ""C"", ""C"", ""C"", ""C"", ""C"", ""C"", ""N"", ""C"", ""C"", ""C"", ""C"", ""C"", ""C"", ""C"", ""C"", ""C"", ""C"", ""Cl"", ""C"", ""Cl"", ""C"", ""C"", ""C"", ""H"", ""H"", ""H"", ""H"", ""H"", ""H"", ""H"", ""H"", ""H"", ""H"", ""H"", ""H"", ""H"", ""H"", ""H"", ""H"", ""H"", ""O"", ""C"", ""O"", ""C"", ""C"", ""C"", ""C"", ""C"", ""C"", ""N"", ""C"", ""C"", ""C"", ""C"", ""C"", ""C"", ""C"", ""C"", ""C"", ""C"", ""Cl"", ""C"", ""Cl"", ""C"", ""C"", ""C"", ""H"", ""H"", ""H"", ""H"", ""H"", ""H"", ""H"", ""H"", ""H"", ""H"", ""H"", ""H"", ""H"", ""H"", ""H"", ""H"", ""H"", ""O"", ""C"", ""O"", ""C"", ""C"", ""C"", ""C"", ""C"", ""C"", ""N"", ""C"", ""C"", ""C"", ""C"", ""C"", ""C"", ""C"", ""C"", ""C"", ""C"", ""Cl"", ""C"", ""Cl"", ""C"", ""C"", ""C"", ""H"", ""H"", ""H"", ""H"", ""H"", ""H"", ""H"", ""H"", ""H"", ""H"", ""H"", ""H"", ""H"", ""H"", ""H"", ""H"", ""H""]",C84H68Cl8N4O8,"[true, true, true]","[13.847911247640162, 0.0, 0.0, 0.0, 17.406328839314636, 0.0, -7.429311393481382, 0.0, 15.271881854539926]",3681.1542085367323,[],"{""cutoff=6.000_skin=0.000"": 6948, ""cutoff=6.000_skin=0.500"": 8684}",0.0,,
OPT-RFT-XAFPAY172-R512-v1,16360d404e1cc8ec5ea026f69f45c1e0d210a4962a9adca338d6dcf7b609da30,OPT-RFT-XAFPAY172-R512-v1:0430,XAFPAY_C2_14_85_z1_43,966eeb0309e556785d0336aab754d8e34f062c702f63e528144a195de7bba991,430,cross_family_test_set,XAFPAY/structures/XAFPAY_C2_14_85_z1_43.cif,88e0eb5e04cdcf8490dfea4999a4d94b444ef7f033febbd837c5d789fe57d671,966eeb0309e556785d0336aab754d8e34f062c702f63e528144a195de7bba991,0,172,"[""O"", ""C"", ""O"", ""C"", ""C"", ""C"", ""C"", ""C"", ""C"", ""N"", ""C"", ""C"", ""C"", ""C"", ""C"", ""C"", ""C"", ""C"", ""C"", ""C"", ""Cl"", ""C"", ""Cl"", ""C"", ""C"", ""C"", ""H"", ""H"", ""H"", ""H"", ""H"", ""H"", ""H"", ""H"", ""H"", ""H"", ""H"", ""H"", ""H"", ""H"", ""H"", ""H"", ""H"", ""O"", ""C"", ""O"", ""C"", ""C"", ""C"", ""C"", ""C"", ""C"", ""N"", ""C"", ""C"", ""C"", ""C"", ""C"", ""C"", ""C"", ""C"", ""C"", ""C"", ""Cl"", ""C"", ""Cl"", ""C"", ""C"", ""C"", ""H"", ""H"", ""H"", ""H"", ""H"", ""H"", ""H"", ""H"", ""H"", ""H"", ""H"", ""H"", ""H"", ""H"", ""H"", ""H"", ""H"", ""O"", ""C"", ""O"", ""C"", ""C"", ""C"", ""C"", ""C"", ""C"", ""N"", ""C"", ""C"", ""C"", ""C"", ""C"", ""C"", ""C"", ""C"", ""C"", ""C"", ""Cl"", ""C"", ""Cl"", ""C"", ""C"", ""C"", ""H"", ""H"", ""H"", ""H"", ""H"", ""H"", ""H"", ""H"", ""H"", ""H"", ""H"", ""H"", ""H"", ""H"", ""H"", ""H"", ""H"", ""O"", ""C"", ""O"", ""C"", ""C"", ""C"", ""C"", ""C"", ""C"", ""N"", ""C"", ""C"", ""C"", ""C"", ""C"", ""C"", ""C"", ""C"", ""C"", ""C"", ""Cl"", ""C"", ""Cl"", ""C"", ""C"", ""C"", ""H"", ""H"", ""H"", ""H"", ""H"", ""H"", ""H"", ""H"", ""H"", ""H"", ""H"", ""H"", ""H"", ""H"", ""H"", ""H"", ""H""]",C84H68Cl8N4O8,"[true, true, true]","[9.945304242369364, 0.0, 0.0, 0.0, 19.529959320585473, 0.0, -2.3966060095877117, 0.0, 19.51350646396164]",3790.1354312768103,[],"{""cutoff=6.000_skin=0.000"": 6960, ""cutoff=6.000_skin=0.500"": 8756}",0.0,,
OPT-RFT-XAFPAY172-R512-v1,16360d404e1cc8ec5ea026f69f45c1e0d210a4962a9adca338d6dcf7b609da30,OPT-RFT-XAFPAY172-R512-v1:0431,XAFPAY_C4_2_18124_z2_86,363142ee4c78a843cf6e97838f43271e4bb7f7e76f0877773f4bb8296fc99b74,431,cross_family_test_set,XAFPAY/structures/XAFPAY_C4_2_18124_z2_86.cif,719c0c324fe12a782917e1c4c81c323af696f6aebea771a30581142cbc352efb,363142ee4c78a843cf6e97838f43271e4bb7f7e76f0877773f4bb8296fc99b74,0,172,"[""O"", ""C"", ""O"", ""C"", ""C"", ""C"", ""C"", ""C"", ""C"", ""N"", ""C"", ""C"", ""C"", ""C"", ""C"", ""C"", ""C"", ""C"", ""C"", ""C"", ""Cl"", ""C"", ""Cl"", ""C"", ""C"", ""C"", ""H"", ""H"", ""H"", ""H"", ""H"", ""H"", ""H"", ""H"", ""H"", ""H"", ""H"", ""H"", ""H"", ""H"", ""H"", ""H"", ""H"", ""O"", ""C"", ""O"", ""C"", ""C"", ""C"", ""C"", ""C"", ""C"", ""N"", ""C"", ""C"", ""C"", ""C"", ""C"", ""C"", ""C"", ""C"", ""C"", ""C"", ""Cl"", ""C"", ""Cl"", ""C"", ""C"", ""C"", ""H"", ""H"", ""H"", ""H"", ""H"", ""H"", ""H"", ""H"", ""H"", ""H"", ""H"", ""H"", ""H"", ""H"", ""H"", ""H"", ""H"", ""O"", ""C"", ""O"", ""C"", ""C"", ""C"", ""C"", ""C"", ""C"", ""N"", ""C"", ""C"", ""C"", ""C"", ""C"", ""C"", ""C"", ""C"", ""C"", ""C"", ""Cl"", ""C"", ""Cl"", ""C"", ""C"", ""C"", ""H"", ""H"", ""H"", ""H"", ""H"", ""H"", ""H"", ""H"", ""H"", ""H"", ""H"", ""H"", ""H"", ""H"", ""H"", ""H"", ""H"", ""O"", ""C"", ""O"", ""C"", ""C"", ""C"", ""C"", ""C"", ""C"", ""N"", ""C"", ""C"", ""C"", ""C"", ""C"", ""C"", ""C"", ""C"", ""C"", ""C"", ""Cl"", ""C"", ""Cl"", ""C"", ""C"", ""C"", ""H"", ""H"", ""H"", ""H"", ""H"", ""H"", ""H"", ""H"", ""H"", ""H"", ""H"", ""H"", ""H"", ""H"", ""H"", ""H"", ""H""]",C84H68Cl8N4O8,"[true, true, true]","[14.997954588041637, 0.0, 0.0, -6.181772696153758, 19.876668080386892, 0.0, 4.429072113951401, 8.393289349057076, 12.652464200099537]",3771.818071302404,[],"{""cutoff=6.000_skin=0.000"": 6974, ""cutoff=6.000_skin=0.500"": 8902}",0.0,,
OPT-RFT-XAFPAY172-R512-v1,16360d404e1cc8ec5ea026f69f45c1e0d210a4962a9adca338d6dcf7b609da30,OPT-RFT-XAFPAY172-R512-v1:0432,XAFPAY_C1_14_3391_z1_43,c6e1983604dbc06e21529a8c948401f23ecd0421279c84358bc1f9a409113073,432,cross_family_test_set,XAFPAY/structures/XAFPAY_C1_14_3391_z1_43.cif,febf3a180710aaef3ebca3c23d81979842591fb219b17b7d8cdb7d466a04e12c,c6e1983604dbc06e21529a8c948401f23ecd0421279c84358bc1f9a409113073,0,172,"[""O"", ""C"", ""O"", ""C"", ""C"", ""C"", ""C"", ""C"", ""C"", ""N"", ""C"", ""C"", ""C"", ""C"", ""C"", ""C"", ""C"", ""C"", ""C"", ""C"", ""Cl"", ""C"", ""Cl"", ""C"", ""C"", ""C"", ""H"", ""H"", ""H"", ""H"", ""H"", ""H"", ""H"", ""H"", ""H"", ""H"", ""H"", ""H"", ""H"", ""H"", ""H"", ""H"", ""H"", ""O"", ""C"", ""O"", ""C"", ""C"", ""C"", ""C"", ""C"", ""C"", ""N"", ""C"", ""C"", ""C"", ""C"", ""C"", ""C"", ""C"", ""C"", ""C"", ""C"", ""Cl"", ""C"", ""Cl"", ""C"", ""C"", ""C"", ""H"", ""H"", ""H"", ""H"", ""H"", ""H"", ""H"", ""H"", ""H"", ""H"", ""H"", ""H"", ""H"", ""H"", ""H"", ""H"", ""H"", ""O"", ""C"", ""O"", ""C"", ""C"", ""C"", ""C"", ""C"", ""C"", ""N"", ""C"", ""C"", ""C"", ""C"", ""C"", ""C"", ""C"", ""C"", ""C"", ""C"", ""Cl"", ""C"", ""Cl"", ""C"", ""C"", ""C"", ""H"", ""H"", ""H"", ""H"", ""H"", ""H"", ""H"", ""H"", ""H"", ""H"", ""H"", ""H"", ""H"", ""H"", ""H"", ""H"", ""H"", ""O"", ""C"", ""O"", ""C"", ""C"", ""C"", ""C"", ""C"", ""C"", ""N"", ""C"", ""C"", ""C"", ""C"", ""C"", ""C"", ""C"", ""C"", ""C"", ""C"", ""Cl"", ""C"", ""Cl"", ""C"", ""C"", ""C"", ""H"", ""H"", ""H"", ""H"", ""H"", ""H"", ""H"", ""H"", ""H"", ""H"", ""H"", ""H"", ""H"", ""H"", ""H"", ""H"", ""H""]",C84H68Cl8N4O8,"[true, true, true]","[6.867940760086718, 0.0, 0.0, 0.0, 28.25769098304606, 0.0, -12.19862797408954, 0.0, 22.726007988311085]",4410.485178675198,[],"{""cutoff=6.000_skin=0.000"": 6992, ""cutoff=6.000_skin=0.500"": 8528}",0.0,,
OPT-RFT-XAFPAY172-R512-v1,16360d404e1cc8ec5ea026f69f45c1e0d210a4962a9adca338d6dcf7b609da30,OPT-RFT-XAFPAY172-R512-v1:0433,XAFPAY_C2_2_10255_z2_86,a12c380d33dae05cba8e34b9adbed784fd6e21fef3fe1cc07ce860b5b2a9ee4c,433,cross_family_test_set,XAFPAY/structures/XAFPAY_C2_2_10255_z2_86.cif,5df9b7e2eb131124086e9c7306ff00a94d2187db6d128b318bcb5cd3dbc099b3,a12c380d33dae05cba8e34b9adbed784fd6e21fef3fe1cc07ce860b5b2a9ee4c,0,172,"[""O"", ""C"", ""O"", ""C"", ""C"", ""C"", ""C"", ""C"", ""C"", ""N"", ""C"", ""C"", ""C"", ""C"", ""C"", ""C"", ""C"", ""C"", ""C"", ""C"", ""Cl"", ""C"", ""Cl"", ""C"", ""C"", ""C"", ""H"", ""H"", ""H"", ""H"", ""H"", ""H"", ""H"", ""H"", ""H"", ""H"", ""H"", ""H"", ""H"", ""H"", ""H"", ""H"", ""H"", ""O"", ""C"", ""O"", ""C"", ""C"", ""C"", ""C"", ""C"", ""C"", ""N"", ""C"", ""C"", ""C"", ""C"", ""C"", ""C"", ""C"", ""C"", ""C"", ""C"", ""Cl"", ""C"", ""Cl"", ""C"", ""C"", ""C"", ""H"", ""H"", ""H"", ""H"", ""H"", ""H"", ""H"", ""H"", ""H"", ""H"", ""H"", ""H"", ""H"", ""H"", ""H"", ""H"", ""H"", ""O"", ""C"", ""O"", ""C"", ""C"", ""C"", ""C"", ""C"", ""C"", ""N"", ""C"", ""C"", ""C"", ""C"", ""C"", ""C"", ""C"", ""C"", ""C"", ""C"", ""Cl"", ""C"", ""Cl"", ""C"", ""C"", ""C"", ""H"", ""H"", ""H"", ""H"", ""H"", ""H"", ""H"", ""H"", ""H"", ""H"", ""H"", ""H"", ""H"", ""H"", ""H"", ""H"", ""H"", ""O"", ""C"", ""O"", ""C"", ""C"", ""C"", ""C"", ""C"", ""C"", ""N"", ""C"", ""C"", ""C"", ""C"", ""C"", ""C"", ""C"", ""C"", ""C"", ""C"", ""Cl"", ""C"", ""Cl"", ""C"", ""C"", ""C"", ""H"", ""H"", ""H"", ""H"", ""H"", ""H"", ""H"", ""H"", ""H"", ""H"", ""H"", ""H"", ""H"", ""H"", ""H"", ""H"", ""H""]",C84H68Cl8N4O8,"[true, true, true]","[22.964505082861137, 0.0, 0.0, -1.9980279296155747, 17.486921389688657, 0.0, -0.7532325300493411, 7.209453312488243, 12.070936850736446]",4847.428655413683,[],"{""cutoff=6.000_skin=0.000"": 7000, ""cutoff=6.000_skin=0.500"": 8580}",0.0,,
OPT-RFT-XAFPAY172-R512-v1,16360d404e1cc8ec5ea026f69f45c1e0d210a4962a9adca338d6dcf7b609da30,OPT-RFT-XAFPAY172-R512-v1:0434,XAFPAY_C2_14_4852_z1_43,55291952bd7d1642c3c188c677c63f175be9658deae4619b0d8692de7656dd79,434,cross_family_test_set,XAFPAY/structures/XAFPAY_C2_14_4852_z1_43.cif,f68566cda41945119b8516637d7b1eac0b97c2348caef163f1163c162779241a,55291952bd7d1642c3c188c677c63f175be9658deae4619b0d8692de7656dd79,0,172,"[""O"", ""C"", ""O"", ""C"", ""C"", ""C"", ""C"", ""C"", ""C"", ""N"", ""C"", ""C"", ""C"", ""C"", ""C"", ""C"", ""C"", ""C"", ""C"", ""C"", ""Cl"", ""C"", ""Cl"", ""C"", ""C"", ""C"", ""H"", ""H"", ""H"", ""H"", ""H"", ""H"", ""H"", ""H"", ""H"", ""H"", ""H"", ""H"", ""H"", ""H"", ""H"", ""H"", ""H"", ""O"", ""C"", ""O"", ""C"", ""C"", ""C"", ""C"", ""C"", ""C"", ""N"", ""C"", ""C"", ""C"", ""C"", ""C"", ""C"", ""C"", ""C"", ""C"", ""C"", ""Cl"", ""C"", ""Cl"", ""C"", ""C"", ""C"", ""H"", ""H"", ""H"", ""H"", ""H"", ""H"", ""H"", ""H"", ""H"", ""H"", ""H"", ""H"", ""H"", ""H"", ""H"", ""H"", ""H"", ""O"", ""C"", ""O"", ""C"", ""C"", ""C"", ""C"", ""C"", ""C"", ""N"", ""C"", ""C"", ""C"", ""C"", ""C"", ""C"", ""C"", ""C"", ""C"", ""C"", ""Cl"", ""C"", ""Cl"", ""C"", ""C"", ""C"", ""H"", ""H"", ""H"", ""H"", ""H"", ""H"", ""H"", ""H"", ""H"", ""H"", ""H"", ""H"", ""H"", ""H"", ""H"", ""H"", ""H"", ""O"", ""C"", ""O"", ""C"", ""C"", ""C"", ""C"", ""C"", ""C"", ""N"", ""C"", ""C"", ""C"", ""C"", ""C"", ""C"", ""C"", ""C"", ""C"", ""C"", ""Cl"", ""C"", ""Cl"", ""C"", ""C"", ""C"", ""H"", ""H"", ""H"", ""H"", ""H"", ""H"", ""H"", ""H"", ""H"", ""H"", ""H"", ""H"", ""H"", ""H"", ""H"", ""H"", ""H""]",C84H68Cl8N4O8,"[true, true, true]","[13.486922375008628, 0.0, 0.0, 0.0, 17.805746552917114, 0.0, -7.925385904743723, 0.0, 15.671682666849595]",3763.471870850323,[],"{""cutoff=6.000_skin=0.000"": 7028, ""cutoff=6.000_skin=0.500"": 8724}",0.0,,
OPT-RFT-XAFPAY172-R512-v1,16360d404e1cc8ec5ea026f69f45c1e0d210a4962a9adca338d6dcf7b609da30,OPT-RFT-XAFPAY172-R512-v1:0435,XAFPAY_C2_14_4857_z1_43,21f77bec134066ed720fc1237e0c632607396e12bce89535e196b9d47d3e3884,435,cross_family_test_set,XAFPAY/structures/XAFPAY_C2_14_4857_z1_43.cif,cb2600480a662a8b4805d1ea523a090cd06adc8335a73e16e4c0864fbf95cbc8,21f77bec134066ed720fc1237e0c632607396e12bce89535e196b9d47d3e3884,0,172,"[""O"", ""C"", ""O"", ""C"", ""C"", ""C"", ""C"", ""C"", ""C"", ""N"", ""C"", ""C"", ""C"", ""C"", ""C"", ""C"", ""C"", ""C"", ""C"", ""C"", ""Cl"", ""C"", ""Cl"", ""C"", ""C"", ""C"", ""H"", ""H"", ""H"", ""H"", ""H"", ""H"", ""H"", ""H"", ""H"", ""H"", ""H"", ""H"", ""H"", ""H"", ""H"", ""H"", ""H"", ""O"", ""C"", ""O"", ""C"", ""C"", ""C"", ""C"", ""C"", ""C"", ""N"", ""C"", ""C"", ""C"", ""C"", ""C"", ""C"", ""C"", ""C"", ""C"", ""C"", ""Cl"", ""C"", ""Cl"", ""C"", ""C"", ""C"", ""H"", ""H"", ""H"", ""H"", ""H"", ""H"", ""H"", ""H"", ""H"", ""H"", ""H"", ""H"", ""H"", ""H"", ""H"", ""H"", ""H"", ""O"", ""C"", ""O"", ""C"", ""C"", ""C"", ""C"", ""C"", ""C"", ""N"", ""C"", ""C"", ""C"", ""C"", ""C"", ""C"", ""C"", ""C"", ""C"", ""C"", ""Cl"", ""C"", ""Cl"", ""C"", ""C"", ""C"", ""H"", ""H"", ""H"", ""H"", ""H"", ""H"", ""H"", ""H"", ""H"", ""H"", ""H"", ""H"", ""H"", ""H"", ""H"", ""H"", ""H"", ""O"", ""C"", ""O"", ""C"", ""C"", ""C"", ""C"", ""C"", ""C"", ""N"", ""C"", ""C"", ""C"", ""C"", ""C"", ""C"", ""C"", ""C"", ""C"", ""C"", ""Cl"", ""C"", ""Cl"", ""C"", ""C"", ""C"", ""H"", ""H"", ""H"", ""H"", ""H"", ""H"", ""H"", ""H"", ""H"", ""H"", ""H"", ""H"", ""H"", ""H"", ""H"", ""H"", ""H""]",C84H68Cl8N4O8,"[true, true, true]","[9.345156156106244, 0.0, 0.0, 0.0, 22.597120534832875, 0.0, 0.5620002520678548, 0.0, 20.795329858310765]",4391.425086861675,[],"{""cutoff=6.000_skin=0.000"": 7040, ""cutoff=6.000_skin=0.500"": 8656}",0.0,,
OPT-RFT-XAFPAY172-R512-v1,16360d404e1cc8ec5ea026f69f45c1e0d210a4962a9adca338d6dcf7b609da30,OPT-RFT-XAFPAY172-R512-v1:0436,XAFPAY_C2_14_5035_z1_43,451072b663d98d2c67949c1de8e7dc47684616d7abdf3a33b0009cb0956b1836,436,cross_family_test_set,XAFPAY/structures/XAFPAY_C2_14_5035_z1_43.cif,a20968d1f3ad2a76395a28d3f02696c4e117f508e4feca7a1c978398de58c82b,451072b663d98d2c67949c1de8e7dc47684616d7abdf3a33b0009cb0956b1836,0,172,"[""O"", ""C"", ""O"", ""C"", ""C"", ""C"", ""C"", ""C"", ""C"", ""N"", ""C"", ""C"", ""C"", ""C"", ""C"", ""C"", ""C"", ""C"", ""C"", ""C"", ""Cl"", ""C"", ""Cl"", ""C"", ""C"", ""C"", ""H"", ""H"", ""H"", ""H"", ""H"", ""H"", ""H"", ""H"", ""H"", ""H"", ""H"", ""H"", ""H"", ""H"", ""H"", ""H"", ""H"", ""O"", ""C"", ""O"", ""C"", ""C"", ""C"", ""C"", ""C"", ""C"", ""N"", ""C"", ""C"", ""C"", ""C"", ""C"", ""C"", ""C"", ""C"", ""C"", ""C"", ""Cl"", ""C"", ""Cl"", ""C"", ""C"", ""C"", ""H"", ""H"", ""H"", ""H"", ""H"", ""H"", ""H"", ""H"", ""H"", ""H"", ""H"", ""H"", ""H"", ""H"", ""H"", ""H"", ""H"", ""O"", ""C"", ""O"", ""C"", ""C"", ""C"", ""C"", ""C"", ""C"", ""N"", ""C"", ""C"", ""C"", ""C"", ""C"", ""C"", ""C"", ""C"", ""C"", ""C"", ""Cl"", ""C"", ""Cl"", ""C"", ""C"", ""C"", ""H"", ""H"", ""H"", ""H"", ""H"", ""H"", ""H"", ""H"", ""H"", ""H"", ""H"", ""H"", ""H"", ""H"", ""H"", ""H"", ""H"", ""O"", ""C"", ""O"", ""C"", ""C"", ""C"", ""C"", ""C"", ""C"", ""N"", ""C"", ""C"", ""C"", ""C"", ""C"", ""C"", ""C"", ""C"", ""C"", ""C"", ""Cl"", ""C"", ""Cl"", ""C"", ""C"", ""C"", ""H"", ""H"", ""H"", ""H"", ""H"", ""H"", ""H"", ""H"", ""H"", ""H"", ""H"", ""H"", ""H"", ""H"", ""H"", ""H"", ""H""]",C84H68Cl8N4O8,"[true, true, true]","[13.084637737390459, 0.0, 0.0, 0.0, 20.030292060113702, 0.0, -10.34819600613315, 0.0, 14.675307548808831]",3846.238373407252,[],"{""cutoff=6.000_skin=0.000"": 7048, ""cutoff=6.000_skin=0.500"": 8708}",0.0,,
OPT-RFT-XAFPAY172-R512-v1,16360d404e1cc8ec5ea026f69f45c1e0d210a4962a9adca338d6dcf7b609da30,OPT-RFT-XAFPAY172-R512-v1:0437,XAFPAY_C3_2_7443_z2_86,52c1fceba12ff17bc93e9a7405280259962e46b207e72180504d4f365a0be0ed,437,cross_family_test_set,XAFPAY/structures/XAFPAY_C3_2_7443_z2_86.cif,a926bc91f207b49b3b53e984f6126f488fa398036e2138789fa133fe4e3b6974,52c1fceba12ff17bc93e9a7405280259962e46b207e72180504d4f365a0be0ed,0,172,"[""O"", ""C"", ""O"", ""C"", ""C"", ""C"", ""C"", ""C"", ""C"", ""N"", ""C"", ""C"", ""C"", ""C"", ""C"", ""C"", ""C"", ""C"", ""C"", ""C"", ""Cl"", ""C"", ""Cl"", ""C"", ""C"", ""C"", ""H"", ""H"", ""H"", ""H"", ""H"", ""H"", ""H"", ""H"", ""H"", ""H"", ""H"", ""H"", ""H"", ""H"", ""H"", ""H"", ""H"", ""O"", ""C"", ""O"", ""C"", ""C"", ""C"", ""C"", ""C"", ""C"", ""N"", ""C"", ""C"", ""C"", ""C"", ""C"", ""C"", ""C"", ""C"", ""C"", ""C"", ""Cl"", ""C"", ""Cl"", ""C"", ""C"", ""C"", ""H"", ""H"", ""H"", ""H"", ""H"", ""H"", ""H"", ""H"", ""H"", ""H"", ""H"", ""H"", ""H"", ""H"", ""H"", ""H"", ""H"", ""O"", ""C"", ""O"", ""C"", ""C"", ""C"", ""C"", ""C"", ""C"", ""N"", ""C"", ""C"", ""C"", ""C"", ""C"", ""C"", ""C"", ""C"", ""C"", ""C"", ""Cl"", ""C"", ""Cl"", ""C"", ""C"", ""C"", ""H"", ""H"", ""H"", ""H"", ""H"", ""H"", ""H"", ""H"", ""H"", ""H"", ""H"", ""H"", ""H"", ""H"", ""H"", ""H"", ""H"", ""O"", ""C"", ""O"", ""C"", ""C"", ""C"", ""C"", ""C"", ""C"", ""N"", ""C"", ""C"", ""C"", ""C"", ""C"", ""C"", ""C"", ""C"", ""C"", ""C"", ""Cl"", ""C"", ""Cl"", ""C"", ""C"", ""C"", ""H"", ""H"", ""H"", ""H"", ""H"", ""H"", ""H"", ""H"", ""H"", ""H"", ""H"", ""H"", ""H"", ""H"", ""H"", ""H"", ""H""]",C84H68Cl8N4O8,"[true, true, true]","[19.853338846663263, 0.0, 0.0, 10.254462090898413, 14.910935800584646, 0.0, -4.923954062738627, 8.25077493370906, 15.808572482128449]",4679.841131161236,[],"{""cutoff=6.000_skin=0.000"": 7054, ""cutoff=6.000_skin=0.500"": 8758}",0.0,,
OPT-RFT-XAFPAY172-R512-v1,16360d404e1cc8ec5ea026f69f45c1e0d210a4962a9adca338d6dcf7b609da30,OPT-RFT-XAFPAY172-R512-v1:0438,XAFPAY_C3_14_3671_z1_43,0ee1688b9852ada05c6ed8eaee16bb5b2b555d13bd30d9a3cbd29049c9e2554d,438,cross_family_test_set,XAFPAY/structures/XAFPAY_C3_14_3671_z1_43.cif,67d5e7fc00cd44b2a71cba99e687f658fae477f574ca4f846bcb2b5ea9e193c6,0ee1688b9852ada05c6ed8eaee16bb5b2b555d13bd30d9a3cbd29049c9e2554d,0,172,"[""O"", ""C"", ""O"", ""C"", ""C"", ""C"", ""C"", ""C"", ""C"", ""N"", ""C"", ""C"", ""C"", ""C"", ""C"", ""C"", ""C"", ""C"", ""C"", ""C"", ""Cl"", ""C"", ""Cl"", ""C"", ""C"", ""C"", ""H"", ""H"", ""H"", ""H"", ""H"", ""H"", ""H"", ""H"", ""H"", ""H"", ""H"", ""H"", ""H"", ""H"", ""H"", ""H"", ""H"", ""O"", ""C"", ""O"", ""C"", ""C"", ""C"", ""C"", ""C"", ""C"", ""N"", ""C"", ""C"", ""C"", ""C"", ""C"", ""C"", ""C"", ""C"", ""C"", ""C"", ""Cl"", ""C"", ""Cl"", ""C"", ""C"", ""C"", ""H"", ""H"", ""H"", ""H"", ""H"", ""H"", ""H"", ""H"", ""H"", ""H"", ""H"", ""H"", ""H"", ""H"", ""H"", ""H"", ""H"", ""O"", ""C"", ""O"", ""C"", ""C"", ""C"", ""C"", ""C"", ""C"", ""N"", ""C"", ""C"", ""C"", ""C"", ""C"", ""C"", ""C"", ""C"", ""C"", ""C"", ""Cl"", ""C"", ""Cl"", ""C"", ""C"", ""C"", ""H"", ""H"", ""H"", ""H"", ""H"", ""H"", ""H"", ""H"", ""H"", ""H"", ""H"", ""H"", ""H"", ""H"", ""H"", ""H"", ""H"", ""O"", ""C"", ""O"", ""C"", ""C"", ""C"", ""C"", ""C"", ""C"", ""N"", ""C"", ""C"", ""C"", ""C"", ""C"", ""C"", ""C"", ""C"", ""C"", ""C"", ""Cl"", ""C"", ""Cl"", ""C"", ""C"", ""C"", ""H"", ""H"", ""H"", ""H"", ""H"", ""H"", ""H"", ""H"", ""H"", ""H"", ""H"", ""H"", ""H"", ""H"", ""H"", ""H"", ""H""]",C84H68Cl8N4O8,"[true, true, true]","[22.789447502488116, 0.0, 0.0, 0.0, 20.800206114459215, 0.0, 5.623056576969228, 0.0, 9.75142926056065]",4622.423257073079,[],"{""cutoff=6.000_skin=0.000"": 7068, ""cutoff=6.000_skin=0.500"": 8836}",0.0,,
OPT-RFT-XAFPAY172-R512-v1,16360d404e1cc8ec5ea026f69f45c1e0d210a4962a9adca338d6dcf7b609da30,OPT-RFT-XAFPAY172-R512-v1:0439,XAFPAY_C3_14_2511_z1_43,25321e9a2b7c4f25986607ea7e56f67b5b465ad4501eb7b6e1f18e3599586864,439,cross_family_test_set,XAFPAY/structures/XAFPAY_C3_14_2511_z1_43.cif,52a99a669512f3f312740a51c43ce260c5545b00a6a0ca5b579c9434edb6ac15,25321e9a2b7c4f25986607ea7e56f67b5b465ad4501eb7b6e1f18e3599586864,0,172,"[""O"", ""C"", ""O"", ""C"", ""C"", ""C"", ""C"", ""C"", ""C"", ""N"", ""C"", ""C"", ""C"", ""C"", ""C"", ""C"", ""C"", ""C"", ""C"", ""C"", ""Cl"", ""C"", ""Cl"", ""C"", ""C"", ""C"", ""H"", ""H"", ""H"", ""H"", ""H"", ""H"", ""H"", ""H"", ""H"", ""H"", ""H"", ""H"", ""H"", ""H"", ""H"", ""H"", ""H"", ""O"", ""C"", ""O"", ""C"", ""C"", ""C"", ""C"", ""C"", ""C"", ""N"", ""C"", ""C"", ""C"", ""C"", ""C"", ""C"", ""C"", ""C"", ""C"", ""C"", ""Cl"", ""C"", ""Cl"", ""C"", ""C"", ""C"", ""H"", ""H"", ""H"", ""H"", ""H"", ""H"", ""H"", ""H"", ""H"", ""H"", ""H"", ""H"", ""H"", ""H"", ""H"", ""H"", ""H"", ""O"", ""C"", ""O"", ""C"", ""C"", ""C"", ""C"", ""C"", ""C"", ""N"", ""C"", ""C"", ""C"", ""C"", ""C"", ""C"", ""C"", ""C"", ""C"", ""C"", ""Cl"", ""C"", ""Cl"", ""C"", ""C"", ""C"", ""H"", ""H"", ""H"", ""H"", ""H"", ""H"", ""H"", ""H"", ""H"", ""H"", ""H"", ""H"", ""H"", ""H"", ""H"", ""H"", ""H"", ""O"", ""C"", ""O"", ""C"", ""C"", ""C"", ""C"", ""C"", ""C"", ""N"", ""C"", ""C"", ""C"", ""C"", ""C"", ""C"", ""C"", ""C"", ""C"", ""C"", ""Cl"", ""C"", ""Cl"", ""C"", ""C"", ""C"", ""H"", ""H"", ""H"", ""H"", ""H"", ""H"", ""H"", ""H"", ""H"", ""H"", ""H"", ""H"", ""H"", ""H"", ""H"", ""H"", ""H""]",C84H68Cl8N4O8,"[true, true, true]","[6.418443250563268, 0.0, 0.0, 0.0, 23.327033249838564, 0.0, 2.548841878156334, 0.0, 24.13526964559975]",3613.6107483277415,[],"{""cutoff=6.000_skin=0.000"": 7080, ""cutoff=6.000_skin=0.500"": 9392}",0.0,,
OPT-RFT-XAFPAY172-R512-v1,16360d404e1cc8ec5ea026f69f45c1e0d210a4962a9adca338d6dcf7b609da30,OPT-RFT-XAFPAY172-R512-v1:0440,XAFPAY_C1_14_640_z1_43,a0c3c8e066f1d5a87f25b55da8da79ffd3b46b364f27af9342e333b65117f095,440,cross_family_test_set,XAFPAY/structures/XAFPAY_C1_14_640_z1_43.cif,0abf4aca85ec38e92bb17a9c7a95df89c740b02912375ec18284e43987b2b000,a0c3c8e066f1d5a87f25b55da8da79ffd3b46b364f27af9342e333b65117f095,0,172,"[""O"", ""C"", ""O"", ""C"", ""C"", ""C"", ""C"", ""C"", ""C"", ""N"", ""C"", ""C"", ""C"", ""C"", ""C"", ""C"", ""C"", ""C"", ""C"", ""C"", ""Cl"", ""C"", ""Cl"", ""C"", ""C"", ""C"", ""H"", ""H"", ""H"", ""H"", ""H"", ""H"", ""H"", ""H"", ""H"", ""H"", ""H"", ""H"", ""H"", ""H"", ""H"", ""H"", ""H"", ""O"", ""C"", ""O"", ""C"", ""C"", ""C"", ""C"", ""C"", ""C"", ""N"", ""C"", ""C"", ""C"", ""C"", ""C"", ""C"", ""C"", ""C"", ""C"", ""C"", ""Cl"", ""C"", ""Cl"", ""C"", ""C"", ""C"", ""H"", ""H"", ""H"", ""H"", ""H"", ""H"", ""H"", ""H"", ""H"", ""H"", ""H"", ""H"", ""H"", ""H"", ""H"", ""H"", ""H"", ""O"", ""C"", ""O"", ""C"", ""C"", ""C"", ""C"", ""C"", ""C"", ""N"", ""C"", ""C"", ""C"", ""C"", ""C"", ""C"", ""C"", ""C"", ""C"", ""C"", ""Cl"", ""C"", ""Cl"", ""C"", ""C"", ""C"", ""H"", ""H"", ""H"", ""H"", ""H"", ""H"", ""H"", ""H"", ""H"", ""H"", ""H"", ""H"", ""H"", ""H"", ""H"", ""H"", ""H"", ""O"", ""C"", ""O"", ""C"", ""C"", ""C"", ""C"", ""C"", ""C"", ""N"", ""C"", ""C"", ""C"", ""C"", ""C"", ""C"", ""C"", ""C"", ""C"", ""C"", ""Cl"", ""C"", ""Cl"", ""C"", ""C"", ""C"", ""H"", ""H"", ""H"", ""H"", ""H"", ""H"", ""H"", ""H"", ""H"", ""H"", ""H"", ""H"", ""H"", ""H"", ""H"", ""H"", ""H""]",C84H68Cl8N4O8,"[true, true, true]","[20.144913687636155, 0.0, 0.0, 0.0, 13.390238700947414, 0.0, 4.546373107790725, 0.0, 13.084213744089684]",3529.4038910219815,[],"{""cutoff=6.000_skin=0.000"": 7092, ""cutoff=6.000_skin=0.500"": 9032}",0.0,,
OPT-RFT-XAFPAY172-R512-v1,16360d404e1cc8ec5ea026f69f45c1e0d210a4962a9adca338d6dcf7b609da30,OPT-RFT-XAFPAY172-R512-v1:0441,XAFPAY_C2_2_836_z2_86,d92f56713facc0e9a77a031bc1b9b142006bde962fc24ecb7b9fb3f705e214d3,441,cross_family_test_set,XAFPAY/structures/XAFPAY_C2_2_836_z2_86.cif,f12e36e2f935c559b008e0d23776f667aadc6a1fed5dbf97634b6b2926ed7551,d92f56713facc0e9a77a031bc1b9b142006bde962fc24ecb7b9fb3f705e214d3,0,172,"[""O"", ""C"", ""O"", ""C"", ""C"", ""C"", ""C"", ""C"", ""C"", ""N"", ""C"", ""C"", ""C"", ""C"", ""C"", ""C"", ""C"", ""C"", ""C"", ""C"", ""Cl"", ""C"", ""Cl"", ""C"", ""C"", ""C"", ""H"", ""H"", ""H"", ""H"", ""H"", ""H"", ""H"", ""H"", ""H"", ""H"", ""H"", ""H"", ""H"", ""H"", ""H"", ""H"", ""H"", ""O"", ""C"", ""O"", ""C"", ""C"", ""C"", ""C"", ""C"", ""C"", ""N"", ""C"", ""C"", ""C"", ""C"", ""C"", ""C"", ""C"", ""C"", ""C"", ""C"", ""Cl"", ""C"", ""Cl"", ""C"", ""C"", ""C"", ""H"", ""H"", ""H"", ""H"", ""H"", ""H"", ""H"", ""H"", ""H"", ""H"", ""H"", ""H"", ""H"", ""H"", ""H"", ""H"", ""H"", ""O"", ""C"", ""O"", ""C"", ""C"", ""C"", ""C"", ""C"", ""C"", ""N"", ""C"", ""C"", ""C"", ""C"", ""C"", ""C"", ""C"", ""C"", ""C"", ""C"", ""Cl"", ""C"", ""Cl"", ""C"", ""C"", ""C"", ""H"", ""H"", ""H"", ""H"", ""H"", ""H"", ""H"", ""H"", ""H"", ""H"", ""H"", ""H"", ""H"", ""H"", ""H"", ""H"", ""H"", ""O"", ""C"", ""O"", ""C"", ""C"", ""C"", ""C"", ""C"", ""C"", ""N"", ""C"", ""C"", ""C"", ""C"", ""C"", ""C"", ""C"", ""C"", ""C"", ""C"", ""Cl"", ""C"", ""Cl"", ""C"", ""C"", ""C"", ""H"", ""H"", ""H"", ""H"", ""H"", ""H"", ""H"", ""H"", ""H"", ""H"", ""H"", ""H"", ""H"", ""H"", ""H"", ""H"", ""H""]",C84H68Cl8N4O8,"[true, true, true]","[21.36210987649163, 0.0, 0.0, -1.7433160599937256, 16.06876925894805, 0.0, 9.180351464297608, -6.518225386032643, 11.811545173839912]",4054.464239843804,[],"{""cutoff=6.000_skin=0.000"": 7116, ""cutoff=6.000_skin=0.500"": 8662}",0.0,,
OPT-RFT-XAFPAY172-R512-v1,16360d404e1cc8ec5ea026f69f45c1e0d210a4962a9adca338d6dcf7b609da30,OPT-RFT-XAFPAY172-R512-v1:0442,XAFPAY_C4_14_4471_z1_43,29d9876c7e57c625609a9fde4e299762fd97aae42bb32e9ceecc46a3e6aebc46,442,cross_family_test_set,XAFPAY/structures/XAFPAY_C4_14_4471_z1_43.cif,7b4f362ae51145a3df2db44757e9e03d318f8420e577b80d10e70a5c30822144,29d9876c7e57c625609a9fde4e299762fd97aae42bb32e9ceecc46a3e6aebc46,0,172,"[""O"", ""C"", ""O"", ""C"", ""C"", ""C"", ""C"", ""C"", ""C"", ""N"", ""C"", ""C"", ""C"", ""C"", ""C"", ""C"", ""C"", ""C"", ""C"", ""C"", ""Cl"", ""C"", ""Cl"", ""C"", ""C"", ""C"", ""H"", ""H"", ""H"", ""H"", ""H"", ""H"", ""H"", ""H"", ""H"", ""H"", ""H"", ""H"", ""H"", ""H"", ""H"", ""H"", ""H"", ""O"", ""C"", ""O"", ""C"", ""C"", ""C"", ""C"", ""C"", ""C"", ""N"", ""C"", ""C"", ""C"", ""C"", ""C"", ""C"", ""C"", ""C"", ""C"", ""C"", ""Cl"", ""C"", ""Cl"", ""C"", ""C"", ""C"", ""H"", ""H"", ""H"", ""H"", ""H"", ""H"", ""H"", ""H"", ""H"", ""H"", ""H"", ""H"", ""H"", ""H"", ""H"", ""H"", ""H"", ""O"", ""C"", ""O"", ""C"", ""C"", ""C"", ""C"", ""C"", ""C"", ""N"", ""C"", ""C"", ""C"", ""C"", ""C"", ""C"", ""C"", ""C"", ""C"", ""C"", ""Cl"", ""C"", ""Cl"", ""C"", ""C"", ""C"", ""H"", ""H"", ""H"", ""H"", ""H"", ""H"", ""H"", ""H"", ""H"", ""H"", ""H"", ""H"", ""H"", ""H"", ""H"", ""H"", ""H"", ""O"", ""C"", ""O"", ""C"", ""C"", ""C"", ""C"", ""C"", ""C"", ""N"", ""C"", ""C"", ""C"", ""C"", ""C"", ""C"", ""C"", ""C"", ""C"", ""C"", ""Cl"", ""C"", ""Cl"", ""C"", ""C"", ""C"", ""H"", ""H"", ""H"", ""H"", ""H"", ""H"", ""H"", ""H"", ""H"", ""H"", ""H"", ""H"", ""H"", ""H"", ""H"", ""H"", ""H""]",C84H68Cl8N4O8,"[true, true, true]","[22.948414080464204, 0.0, 0.0, 0.0, 17.045943335972844, 0.0, -4.497161106883548, 0.0, 11.874592795816538]",4645.071932974219,[],"{""cutoff=6.000_skin=0.000"": 7132, ""cutoff=6.000_skin=0.500"": 8536}",0.0,,
OPT-RFT-XAFPAY172-R512-v1,16360d404e1cc8ec5ea026f69f45c1e0d210a4962a9adca338d6dcf7b609da30,OPT-RFT-XAFPAY172-R512-v1:0443,XAFPAY_C3_14_3348_z1_43,e74ba1d5c5f1c0477bf61c16c47112e3b45e989c796d2daa8adafeafdc61dafc,443,cross_family_test_set,XAFPAY/structures/XAFPAY_C3_14_3348_z1_43.cif,dbf82e9a5acb6df14096534de7f053c14008a0ef6c7911825f18a7397b7e26e8,e74ba1d5c5f1c0477bf61c16c47112e3b45e989c796d2daa8adafeafdc61dafc,0,172,"[""O"", ""C"", ""O"", ""C"", ""C"", ""C"", ""C"", ""C"", ""C"", ""N"", ""C"", ""C"", ""C"", ""C"", ""C"", ""C"", ""C"", ""C"", ""C"", ""C"", ""Cl"", ""C"", ""Cl"", ""C"", ""C"", ""C"", ""H"", ""H"", ""H"", ""H"", ""H"", ""H"", ""H"", ""H"", ""H"", ""H"", ""H"", ""H"", ""H"", ""H"", ""H"", ""H"", ""H"", ""O"", ""C"", ""O"", ""C"", ""C"", ""C"", ""C"", ""C"", ""C"", ""N"", ""C"", ""C"", ""C"", ""C"", ""C"", ""C"", ""C"", ""C"", ""C"", ""C"", ""Cl"", ""C"", ""Cl"", ""C"", ""C"", ""C"", ""H"", ""H"", ""H"", ""H"", ""H"", ""H"", ""H"", ""H"", ""H"", ""H"", ""H"", ""H"", ""H"", ""H"", ""H"", ""H"", ""H"", ""O"", ""C"", ""O"", ""C"", ""C"", ""C"", ""C"", ""C"", ""C"", ""N"", ""C"", ""C"", ""C"", ""C"", ""C"", ""C"", ""C"", ""C"", ""C"", ""C"", ""Cl"", ""C"", ""Cl"", ""C"", ""C"", ""C"", ""H"", ""H"", ""H"", ""H"", ""H"", ""H"", ""H"", ""H"", ""H"", ""H"", ""H"", ""H"", ""H"", ""H"", ""H"", ""H"", ""H"", ""O"", ""C"", ""O"", ""C"", ""C"", ""C"", ""C"", ""C"", ""C"", ""N"", ""C"", ""C"", ""C"", ""C"", ""C"", ""C"", ""C"", ""C"", ""C"", ""C"", ""Cl"", ""C"", ""Cl"", ""C"", ""C"", ""C"", ""H"", ""H"", ""H"", ""H"", ""H"", ""H"", ""H"", ""H"", ""H"", ""H"", ""H"", ""H"", ""H"", ""H"", ""H"", ""H"", ""H""]",C84H68Cl8N4O8,"[true, true, true]","[9.853570433998605, 0.0, 0.0, 0.0, 19.88896347674978, 0.0, 7.486628681757658, 0.0, 19.818730898900796]",3884.02142009167,[],"{""cutoff=6.000_skin=0.000"": 7160, ""cutoff=6.000_skin=0.500"": 8836}",0.0,,
OPT-RFT-XAFPAY172-R512-v1,16360d404e1cc8ec5ea026f69f45c1e0d210a4962a9adca338d6dcf7b609da30,OPT-RFT-XAFPAY172-R512-v1:0444,XAFPAY_C3_14_3501_z1_43,d25ebc4870c91ceb5c4ab31e3459d8af0c1bd6b0996851c80c1daf2c0d8866da,444,cross_family_test_set,XAFPAY/structures/XAFPAY_C3_14_3501_z1_43.cif,76e6122b5d4e9cfdf8edbb2c8e23fdad6a7bda4bd2a2c8aa68e49b174bc2f2cc,d25ebc4870c91ceb5c4ab31e3459d8af0c1bd6b0996851c80c1daf2c0d8866da,0,172,"[""O"", ""C"", ""O"", ""C"", ""C"", ""C"", ""C"", ""C"", ""C"", ""N"", ""C"", ""C"", ""C"", ""C"", ""C"", ""C"", ""C"", ""C"", ""C"", ""C"", ""Cl"", ""C"", ""Cl"", ""C"", ""C"", ""C"", ""H"", ""H"", ""H"", ""H"", ""H"", ""H"", ""H"", ""H"", ""H"", ""H"", ""H"", ""H"", ""H"", ""H"", ""H"", ""H"", ""H"", ""O"", ""C"", ""O"", ""C"", ""C"", ""C"", ""C"", ""C"", ""C"", ""N"", ""C"", ""C"", ""C"", ""C"", ""C"", ""C"", ""C"", ""C"", ""C"", ""C"", ""Cl"", ""C"", ""Cl"", ""C"", ""C"", ""C"", ""H"", ""H"", ""H"", ""H"", ""H"", ""H"", ""H"", ""H"", ""H"", ""H"", ""H"", ""H"", ""H"", ""H"", ""H"", ""H"", ""H"", ""O"", ""C"", ""O"", ""C"", ""C"", ""C"", ""C"", ""C"", ""C"", ""N"", ""C"", ""C"", ""C"", ""C"", ""C"", ""C"", ""C"", ""C"", ""C"", ""C"", ""Cl"", ""C"", ""Cl"", ""C"", ""C"", ""C"", ""H"", ""H"", ""H"", ""H"", ""H"", ""H"", ""H"", ""H"", ""H"", ""H"", ""H"", ""H"", ""H"", ""H"", ""H"", ""H"", ""H"", ""O"", ""C"", ""O"", ""C"", ""C"", ""C"", ""C"", ""C"", ""C"", ""N"", ""C"", ""C"", ""C"", ""C"", ""C"", ""C"", ""C"", ""C"", ""C"", ""C"", ""Cl"", ""C"", ""Cl"", ""C"", ""C"", ""C"", ""H"", ""H"", ""H"", ""H"", ""H"", ""H"", ""H"", ""H"", ""H"", ""H"", ""H"", ""H"", ""H"", ""H"", ""H"", ""H"", ""H""]",C84H68Cl8N4O8,"[true, true, true]","[16.52830917565106, 0.0, 0.0, 0.0, 17.349621950948535, 0.0, -10.35232980869326, 0.0, 13.188718146363714]",3781.9957036568844,[],"{""cutoff=6.000_skin=0.000"": 7168, ""cutoff=6.000_skin=0.500"": 9176}",0.0,,
OPT-RFT-XAFPAY172-R512-v1,16360d404e1cc8ec5ea026f69f45c1e0d210a4962a9adca338d6dcf7b609da30,OPT-RFT-XAFPAY172-R512-v1:0445,XAFPAY_C3_14_2137_z1_43,61ba8be74a29a79cb9c543fea0c2e3c2b7126f8913429b08cda96ffcd9dd6601,445,cross_family_test_set,XAFPAY/structures/XAFPAY_C3_14_2137_z1_43.cif,d7e79202175515ba12128ae6073fe5eb970a1827e08f1246d2e25a320e2f674e,61ba8be74a29a79cb9c543fea0c2e3c2b7126f8913429b08cda96ffcd9dd6601,0,172,"[""O"", ""C"", ""O"", ""C"", ""C"", ""C"", ""C"", ""C"", ""C"", ""N"", ""C"", ""C"", ""C"", ""C"", ""C"", ""C"", ""C"", ""C"", ""C"", ""C"", ""Cl"", ""C"", ""Cl"", ""C"", ""C"", ""C"", ""H"", ""H"", ""H"", ""H"", ""H"", ""H"", ""H"", ""H"", ""H"", ""H"", ""H"", ""H"", ""H"", ""H"", ""H"", ""H"", ""H"", ""O"", ""C"", ""O"", ""C"", ""C"", ""C"", ""C"", ""C"", ""C"", ""N"", ""C"", ""C"", ""C"", ""C"", ""C"", ""C"", ""C"", ""C"", ""C"", ""C"", ""Cl"", ""C"", ""Cl"", ""C"", ""C"", ""C"", ""H"", ""H"", ""H"", ""H"", ""H"", ""H"", ""H"", ""H"", ""H"", ""H"", ""H"", ""H"", ""H"", ""H"", ""H"", ""H"", ""H"", ""O"", ""C"", ""O"", ""C"", ""C"", ""C"", ""C"", ""C"", ""C"", ""N"", ""C"", ""C"", ""C"", ""C"", ""C"", ""C"", ""C"", ""C"", ""C"", ""C"", ""Cl"", ""C"", ""Cl"", ""C"", ""C"", ""C"", ""H"", ""H"", ""H"", ""H"", ""H"", ""H"", ""H"", ""H"", ""H"", ""H"", ""H"", ""H"", ""H"", ""H"", ""H"", ""H"", ""H"", ""O"", ""C"", ""O"", ""C"", ""C"", ""C"", ""C"", ""C"", ""C"", ""N"", ""C"", ""C"", ""C"", ""C"", ""C"", ""C"", ""C"", ""C"", ""C"", ""C"", ""Cl"", ""C"", ""Cl"", ""C"", ""C"", ""C"", ""H"", ""H"", ""H"", ""H"", ""H"", ""H"", ""H"", ""H"", ""H"", ""H"", ""H"", ""H"", ""H"", ""H"", ""H"", ""H"", ""H""]",C84H68Cl8N4O8,"[true, true, true]","[13.26444354604584, 0.0, 0.0, 0.0, 10.083392214357525, 0.0, 23.72825468007296, 0.0, 27.82296137924445]",3721.337410430767,[],"{""cutoff=6.000_skin=0.000"": 7176, ""cutoff=6.000_skin=0.500"": 8756}",0.0,,
OPT-RFT-XAFPAY172-R512-v1,16360d404e1cc8ec5ea026f69f45c1e0d210a4962a9adca338d6dcf7b609da30,OPT-RFT-XAFPAY172-R512-v1:0446,XAFPAY_C3_14_1808_z1_43,4f5a5cd9cba4d8073b6339a438f8b2a51ad41c73d0ef606f846657e2b586c3d5,446,cross_family_test_set,XAFPAY/structures/XAFPAY_C3_14_1808_z1_43.cif,1c58b64c12536e339e4f39d9a7689797fdb24ede9476c05ea915f667b8b9aed0,4f5a5cd9cba4d8073b6339a438f8b2a51ad41c73d0ef606f846657e2b586c3d5,0,172,"[""O"", ""C"", ""O"", ""C"", ""C"", ""C"", ""C"", ""C"", ""C"", ""N"", ""C"", ""C"", ""C"", ""C"", ""C"", ""C"", ""C"", ""C"", ""C"", ""C"", ""Cl"", ""C"", ""Cl"", ""C"", ""C"", ""C"", ""H"", ""H"", ""H"", ""H"", ""H"", ""H"", ""H"", ""H"", ""H"", ""H"", ""H"", ""H"", ""H"", ""H"", ""H"", ""H"", ""H"", ""O"", ""C"", ""O"", ""C"", ""C"", ""C"", ""C"", ""C"", ""C"", ""N"", ""C"", ""C"", ""C"", ""C"", ""C"", ""C"", ""C"", ""C"", ""C"", ""C"", ""Cl"", ""C"", ""Cl"", ""C"", ""C"", ""C"", ""H"", ""H"", ""H"", ""H"", ""H"", ""H"", ""H"", ""H"", ""H"", ""H"", ""H"", ""H"", ""H"", ""H"", ""H"", ""H"", ""H"", ""O"", ""C"", ""O"", ""C"", ""C"", ""C"", ""C"", ""C"", ""C"", ""N"", ""C"", ""C"", ""C"", ""C"", ""C"", ""C"", ""C"", ""C"", ""C"", ""C"", ""Cl"", ""C"", ""Cl"", ""C"", ""C"", ""C"", ""H"", ""H"", ""H"", ""H"", ""H"", ""H"", ""H"", ""H"", ""H"", ""H"", ""H"", ""H"", ""H"", ""H"", ""H"", ""H"", ""H"", ""O"", ""C"", ""O"", ""C"", ""C"", ""C"", ""C"", ""C"", ""C"", ""N"", ""C"", ""C"", ""C"", ""C"", ""C"", ""C"", ""C"", ""C"", ""C"", ""C"", ""Cl"", ""C"", ""Cl"", ""C"", ""C"", ""C"", ""H"", ""H"", ""H"", ""H"", ""H"", ""H"", ""H"", ""H"", ""H"", ""H"", ""H"", ""H"", ""H"", ""H"", ""H"", ""H"", ""H""]",C84H68Cl8N4O8,"[true, true, true]","[15.227669329835294, 0.0, 0.0, 0.0, 16.8980331071146, 0.0, -0.7604277196241236, 0.0, 16.631216565265667]",4279.505737506236,[],"{""cutoff=6.000_skin=0.000"": 7192, ""cutoff=6.000_skin=0.500"": 8652}",0.0,,
OPT-RFT-XAFPAY172-R512-v1,16360d404e1cc8ec5ea026f69f45c1e0d210a4962a9adca338d6dcf7b609da30,OPT-RFT-XAFPAY172-R512-v1:0447,XAFPAY_C2_2_6729_z2_86,5c4c964fc3c5ad0a6527b2fa3e12c7f664c20fc48b8e9384444b215f8876606d,447,cross_family_test_set,XAFPAY/structures/XAFPAY_C2_2_6729_z2_86.cif,d008c1fdaf75e7e5b50ef26ef80523675829b1e8f6dd056c617d5b7150de26e2,5c4c964fc3c5ad0a6527b2fa3e12c7f664c20fc48b8e9384444b215f8876606d,0,172,"[""O"", ""C"", ""O"", ""C"", ""C"", ""C"", ""C"", ""C"", ""C"", ""N"", ""C"", ""C"", ""C"", ""C"", ""C"", ""C"", ""C"", ""C"", ""C"", ""C"", ""Cl"", ""C"", ""Cl"", ""C"", ""C"", ""C"", ""H"", ""H"", ""H"", ""H"", ""H"", ""H"", ""H"", ""H"", ""H"", ""H"", ""H"", ""H"", ""H"", ""H"", ""H"", ""H"", ""H"", ""O"", ""C"", ""O"", ""C"", ""C"", ""C"", ""C"", ""C"", ""C"", ""N"", ""C"", ""C"", ""C"", ""C"", ""C"", ""C"", ""C"", ""C"", ""C"", ""C"", ""Cl"", ""C"", ""Cl"", ""C"", ""C"", ""C"", ""H"", ""H"", ""H"", ""H"", ""H"", ""H"", ""H"", ""H"", ""H"", ""H"", ""H"", ""H"", ""H"", ""H"", ""H"", ""H"", ""H"", ""O"", ""C"", ""O"", ""C"", ""C"", ""C"", ""C"", ""C"", ""C"", ""N"", ""C"", ""C"", ""C"", ""C"", ""C"", ""C"", ""C"", ""C"", ""C"", ""C"", ""Cl"", ""C"", ""Cl"", ""C"", ""C"", ""C"", ""H"", ""H"", ""H"", ""H"", ""H"", ""H"", ""H"", ""H"", ""H"", ""H"", ""H"", ""H"", ""H"", ""H"", ""H"", ""H"", ""H"", ""O"", ""C"", ""O"", ""C"", ""C"", ""C"", ""C"", ""C"", ""C"", ""N"", ""C"", ""C"", ""C"", ""C"", ""C"", ""C"", ""C"", ""C"", ""C"", ""C"", ""Cl"", ""C"", ""Cl"", ""C"", ""C"", ""C"", ""H"", ""H"", ""H"", ""H"", ""H"", ""H"", ""H"", ""H"", ""H"", ""H"", ""H"", ""H"", ""H"", ""H"", ""H"", ""H"", ""H""]",C84H68Cl8N4O8,"[true, true, true]","[17.849284635965645, 0.0, 0.0, 1.9289530553893992, 17.0478723461843, 0.0, -6.754560369049169, 1.6845119700134343, 13.654571631068128]",4154.981361395565,[],"{""cutoff=6.000_skin=0.000"": 7202, ""cutoff=6.000_skin=0.500"": 8804}",0.0,,
OPT-RFT-XAFPAY172-R512-v1,16360d404e1cc8ec5ea026f69f45c1e0d210a4962a9adca338d6dcf7b609da30,OPT-RFT-XAFPAY172-R512-v1:0448,XAFPAY_C2_2_6803_z2_86,bfe7a75387c7dc9352141d86c4c33cda6df3eb58936b0753394fa5add85cd3bc,448,cross_family_test_set,XAFPAY/structures/XAFPAY_C2_2_6803_z2_86.cif,bda3f69ff798e97f21f9ab62d866c0f9a887a675f88f91796d7c5985394f4f0e,bfe7a75387c7dc9352141d86c4c33cda6df3eb58936b0753394fa5add85cd3bc,0,172,"[""O"", ""C"", ""O"", ""C"", ""C"", ""C"", ""C"", ""C"", ""C"", ""N"", ""C"", ""C"", ""C"", ""C"", ""C"", ""C"", ""C"", ""C"", ""C"", ""C"", ""Cl"", ""C"", ""Cl"", ""C"", ""C"", ""C"", ""H"", ""H"", ""H"", ""H"", ""H"", ""H"", ""H"", ""H"", ""H"", ""H"", ""H"", ""H"", ""H"", ""H"", ""H"", ""H"", ""H"", ""O"", ""C"", ""O"", ""C"", ""C"", ""C"", ""C"", ""C"", ""C"", ""N"", ""C"", ""C"", ""C"", ""C"", ""C"", ""C"", ""C"", ""C"", ""C"", ""C"", ""Cl"", ""C"", ""Cl"", ""C"", ""C"", ""C"", ""H"", ""H"", ""H"", ""H"", ""H"", ""H"", ""H"", ""H"", ""H"", ""H"", ""H"", ""H"", ""H"", ""H"", ""H"", ""H"", ""H"", ""O"", ""C"", ""O"", ""C"", ""C"", ""C"", ""C"", ""C"", ""C"", ""N"", ""C"", ""C"", ""C"", ""C"", ""C"", ""C"", ""C"", ""C"", ""C"", ""C"", ""Cl"", ""C"", ""Cl"", ""C"", ""C"", ""C"", ""H"", ""H"", ""H"", ""H"", ""H"", ""H"", ""H"", ""H"", ""H"", ""H"", ""H"", ""H"", ""H"", ""H"", ""H"", ""H"", ""H"", ""O"", ""C"", ""O"", ""C"", ""C"", ""C"", ""C"", ""C"", ""C"", ""N"", ""C"", ""C"", ""C"", ""C"", ""C"", ""C"", ""C"", ""C"", ""C"", ""C"", ""Cl"", ""C"", ""Cl"", ""C"", ""C"", ""C"", ""H"", ""H"", ""H"", ""H"", ""H"", ""H"", ""H"", ""H"", ""H"", ""H"", ""H"", ""H"", ""H"", ""H"", ""H"", ""H"", ""H""]",C84H68Cl8N4O8,"[true, true, true]","[18.79611412942667, 0.0, 0.0, -6.850915052594353, 12.563463560459638, 0.0, -7.224018531881494, 6.669711954976692, 15.54872466496263]",3671.742623274984,[],"{""cutoff=6.000_skin=0.000"": 7218, ""cutoff=6.000_skin=0.500"": 9090}",0.0,,
OPT-RFT-XAFPAY172-R512-v1,16360d404e1cc8ec5ea026f69f45c1e0d210a4962a9adca338d6dcf7b609da30,OPT-RFT-XAFPAY172-R512-v1:0449,XAFPAY_C3_14_758_z1_43,514a7e8384e650308c6263bb8c94c0f1e5c24b7199a8aa359b55039dc43aea9b,449,cross_family_test_set,XAFPAY/structures/XAFPAY_C3_14_758_z1_43.cif,3ba7032b487ebdb30c02e303e7641ae76ed9e0a9b225d44aa3dca8e1ef5c9734,514a7e8384e650308c6263bb8c94c0f1e5c24b7199a8aa359b55039dc43aea9b,0,172,"[""O"", ""C"", ""O"", ""C"", ""C"", ""C"", ""C"", ""C"", ""C"", ""N"", ""C"", ""C"", ""C"", ""C"", ""C"", ""C"", ""C"", ""C"", ""C"", ""C"", ""Cl"", ""C"", ""Cl"", ""C"", ""C"", ""C"", ""H"", ""H"", ""H"", ""H"", ""H"", ""H"", ""H"", ""H"", ""H"", ""H"", ""H"", ""H"", ""H"", ""H"", ""H"", ""H"", ""H"", ""O"", ""C"", ""O"", ""C"", ""C"", ""C"", ""C"", ""C"", ""C"", ""N"", ""C"", ""C"", ""C"", ""C"", ""C"", ""C"", ""C"", ""C"", ""C"", ""C"", ""Cl"", ""C"", ""Cl"", ""C"", ""C"", ""C"", ""H"", ""H"", ""H"", ""H"", ""H"", ""H"", ""H"", ""H"", ""H"", ""H"", ""H"", ""H"", ""H"", ""H"", ""H"", ""H"", ""H"", ""O"", ""C"", ""O"", ""C"", ""C"", ""C"", ""C"", ""C"", ""C"", ""N"", ""C"", ""C"", ""C"", ""C"", ""C"", ""C"", ""C"", ""C"", ""C"", ""C"", ""Cl"", ""C"", ""Cl"", ""C"", ""C"", ""C"", ""H"", ""H"", ""H"", ""H"", ""H"", ""H"", ""H"", ""H"", ""H"", ""H"", ""H"", ""H"", ""H"", ""H"", ""H"", ""H"", ""H"", ""O"", ""C"", ""O"", ""C"", ""C"", ""C"", ""C"", ""C"", ""C"", ""N"", ""C"", ""C"", ""C"", ""C"", ""C"", ""C"", ""C"", ""C"", ""C"", ""C"", ""Cl"", ""C"", ""Cl"", ""C"", ""C"", ""C"", ""H"", ""H"", ""H"", ""H"", ""H"", ""H"", ""H"", ""H"", ""H"", ""H"", ""H"", ""H"", ""H"", ""H"", ""H"", ""H"", ""H""]",C84H68Cl8N4O8,"[true, true, true]","[15.292722155712738, 0.0, 0.0, 0.0, 14.371380064997325, 0.0, 7.1689227243242994, 0.0, 18.63851237497484]",4096.326069654587,[],"{""cutoff=6.000_skin=0.000"": 7244, ""cutoff=6.000_skin=0.500"": 8956}",0.0,,
OPT-RFT-XAFPAY172-R512-v1,16360d404e1cc8ec5ea026f69f45c1e0d210a4962a9adca338d6dcf7b609da30,OPT-RFT-XAFPAY172-R512-v1:0450,XAFPAY_C2_14_1321_z1_43,101c89b31d0e218911d3559cdb03874e8eb5b1655e418cf019d18603560abc45,450,cross_family_test_set,XAFPAY/structures/XAFPAY_C2_14_1321_z1_43.cif,df24061b1fa595564b52529b49a24641e6a58e2962b209ccb9a3ad0d0d7a0532,101c89b31d0e218911d3559cdb03874e8eb5b1655e418cf019d18603560abc45,0,172,"[""O"", ""C"", ""O"", ""C"", ""C"", ""C"", ""C"", ""C"", ""C"", ""N"", ""C"", ""C"", ""C"", ""C"", ""C"", ""C"", ""C"", ""C"", ""C"", ""C"", ""Cl"", ""C"", ""Cl"", ""C"", ""C"", ""C"", ""H"", ""H"", ""H"", ""H"", ""H"", ""H"", ""H"", ""H"", ""H"", ""H"", ""H"", ""H"", ""H"", ""H"", ""H"", ""H"", ""H"", ""O"", ""C"", ""O"", ""C"", ""C"", ""C"", ""C"", ""C"", ""C"", ""N"", ""C"", ""C"", ""C"", ""C"", ""C"", ""C"", ""C"", ""C"", ""C"", ""C"", ""Cl"", ""C"", ""Cl"", ""C"", ""C"", ""C"", ""H"", ""H"", ""H"", ""H"", ""H"", ""H"", ""H"", ""H"", ""H"", ""H"", ""H"", ""H"", ""H"", ""H"", ""H"", ""H"", ""H"", ""O"", ""C"", ""O"", ""C"", ""C"", ""C"", ""C"", ""C"", ""C"", ""N"", ""C"", ""C"", ""C"", ""C"", ""C"", ""C"", ""C"", ""C"", ""C"", ""C"", ""Cl"", ""C"", ""Cl"", ""C"", ""C"", ""C"", ""H"", ""H"", ""H"", ""H"", ""H"", ""H"", ""H"", ""H"", ""H"", ""H"", ""H"", ""H"", ""H"", ""H"", ""H"", ""H"", ""H"", ""O"", ""C"", ""O"", ""C"", ""C"", ""C"", ""C"", ""C"", ""C"", ""N"", ""C"", ""C"", ""C"", ""C"", ""C"", ""C"", ""C"", ""C"", ""C"", ""C"", ""Cl"", ""C"", ""Cl"", ""C"", ""C"", ""C"", ""H"", ""H"", ""H"", ""H"", ""H"", ""H"", ""H"", ""H"", ""H"", ""H"", ""H"", ""H"", ""H"", ""H"", ""H"", ""H"", ""H""]",C84H68Cl8N4O8,"[true, true, true]","[10.36265618609665, 0.0, 0.0, 0.0, 14.072589900854727, 0.0, -5.069833601345096, 0.0, 25.604490422482495]",3733.887751901458,[],"{""cutoff=6.000_skin=0.000"": 7252, ""cutoff=6.000_skin=0.500"": 9100}",0.0,,
OPT-RFT-XAFPAY172-R512-v1,16360d404e1cc8ec5ea026f69f45c1e0d210a4962a9adca338d6dcf7b609da30,OPT-RFT-XAFPAY172-R512-v1:0451,XAFPAY_C3_14_914_z1_43,1704abba1f997691f426cac3bca8f23b2833438de68ba5f6c9d4871359bda43a,451,cross_family_test_set,XAFPAY/structures/XAFPAY_C3_14_914_z1_43.cif,e9c408ae24252ad82b134ed165411a120ad396b4b3943129e6ff6f7f9defc498,1704abba1f997691f426cac3bca8f23b2833438de68ba5f6c9d4871359bda43a,0,172,"[""O"", ""C"", ""O"", ""C"", ""C"", ""C"", ""C"", ""C"", ""C"", ""N"", ""C"", ""C"", ""C"", ""C"", ""C"", ""C"", ""C"", ""C"", ""C"", ""C"", ""Cl"", ""C"", ""Cl"", ""C"", ""C"", ""C"", ""H"", ""H"", ""H"", ""H"", ""H"", ""H"", ""H"", ""H"", ""H"", ""H"", ""H"", ""H"", ""H"", ""H"", ""H"", ""H"", ""H"", ""O"", ""C"", ""O"", ""C"", ""C"", ""C"", ""C"", ""C"", ""C"", ""N"", ""C"", ""C"", ""C"", ""C"", ""C"", ""C"", ""C"", ""C"", ""C"", ""C"", ""Cl"", ""C"", ""Cl"", ""C"", ""C"", ""C"", ""H"", ""H"", ""H"", ""H"", ""H"", ""H"", ""H"", ""H"", ""H"", ""H"", ""H"", ""H"", ""H"", ""H"", ""H"", ""H"", ""H"", ""O"", ""C"", ""O"", ""C"", ""C"", ""C"", ""C"", ""C"", ""C"", ""N"", ""C"", ""C"", ""C"", ""C"", ""C"", ""C"", ""C"", ""C"", ""C"", ""C"", ""Cl"", ""C"", ""Cl"", ""C"", ""C"", ""C"", ""H"", ""H"", ""H"", ""H"", ""H"", ""H"", ""H"", ""H"", ""H"", ""H"", ""H"", ""H"", ""H"", ""H"", ""H"", ""H"", ""H"", ""O"", ""C"", ""O"", ""C"", ""C"", ""C"", ""C"", ""C"", ""C"", ""N"", ""C"", ""C"", ""C"", ""C"", ""C"", ""C"", ""C"", ""C"", ""C"", ""C"", ""Cl"", ""C"", ""Cl"", ""C"", ""C"", ""C"", ""H"", ""H"", ""H"", ""H"", ""H"", ""H"", ""H"", ""H"", ""H"", ""H"", ""H"", ""H"", ""H"", ""H"", ""H"", ""H"", ""H""]",C84H68Cl8N4O8,"[true, true, true]","[14.288949285251107, 0.0, 0.0, 0.0, 16.620261356922413, 0.0, 0.05019290150076521, 0.0, 14.513866990595986]",3446.841255853969,[],"{""cutoff=6.000_skin=0.000"": 7256, ""cutoff=6.000_skin=0.500"": 9292}",0.0,,
OPT-RFT-XAFPAY172-R512-v1,16360d404e1cc8ec5ea026f69f45c1e0d210a4962a9adca338d6dcf7b609da30,OPT-RFT-XAFPAY172-R512-v1:0452,XAFPAY_C3_14_631_z1_43,a24e3335484478ce42a80037b9ca3ee98a91e6bee8a4ea173eedc1ed97890faa,452,cross_family_test_set,XAFPAY/structures/XAFPAY_C3_14_631_z1_43.cif,685b750ce03693260e9a931d297d6bd3188a5d1f08badc4b42d90a13739e74dc,a24e3335484478ce42a80037b9ca3ee98a91e6bee8a4ea173eedc1ed97890faa,0,172,"[""O"", ""C"", ""O"", ""C"", ""C"", ""C"", ""C"", ""C"", ""C"", ""N"", ""C"", ""C"", ""C"", ""C"", ""C"", ""C"", ""C"", ""C"", ""C"", ""C"", ""Cl"", ""C"", ""Cl"", ""C"", ""C"", ""C"", ""H"", ""H"", ""H"", ""H"", ""H"", ""H"", ""H"", ""H"", ""H"", ""H"", ""H"", ""H"", ""H"", ""H"", ""H"", ""H"", ""H"", ""O"", ""C"", ""O"", ""C"", ""C"", ""C"", ""C"", ""C"", ""C"", ""N"", ""C"", ""C"", ""C"", ""C"", ""C"", ""C"", ""C"", ""C"", ""C"", ""C"", ""Cl"", ""C"", ""Cl"", ""C"", ""C"", ""C"", ""H"", ""H"", ""H"", ""H"", ""H"", ""H"", ""H"", ""H"", ""H"", ""H"", ""H"", ""H"", ""H"", ""H"", ""H"", ""H"", ""H"", ""O"", ""C"", ""O"", ""C"", ""C"", ""C"", ""C"", ""C"", ""C"", ""N"", ""C"", ""C"", ""C"", ""C"", ""C"", ""C"", ""C"", ""C"", ""C"", ""C"", ""Cl"", ""C"", ""Cl"", ""C"", ""C"", ""C"", ""H"", ""H"", ""H"", ""H"", ""H"", ""H"", ""H"", ""H"", ""H"", ""H"", ""H"", ""H"", ""H"", ""H"", ""H"", ""H"", ""H"", ""O"", ""C"", ""O"", ""C"", ""C"", ""C"", ""C"", ""C"", ""C"", ""N"", ""C"", ""C"", ""C"", ""C"", ""C"", ""C"", ""C"", ""C"", ""C"", ""C"", ""Cl"", ""C"", ""Cl"", ""C"", ""C"", ""C"", ""H"", ""H"", ""H"", ""H"", ""H"", ""H"", ""H"", ""H"", ""H"", ""H"", ""H"", ""H"", ""H"", ""H"", ""H"", ""H"", ""H""]",C84H68Cl8N4O8,"[true, true, true]","[14.953866921317768, 0.0, 0.0, 0.0, 13.413584446414184, 0.0, 5.787071518344005, 0.0, 17.648223644540202]",3539.9681764462275,[],"{""cutoff=6.000_skin=0.000"": 7264, ""cutoff=6.000_skin=0.500"": 9596}",0.0,,
OPT-RFT-XAFPAY172-R512-v1,16360d404e1cc8ec5ea026f69f45c1e0d210a4962a9adca338d6dcf7b609da30,OPT-RFT-XAFPAY172-R512-v1:0453,XAFPAY_C2_14_1747_z1_43,f28f8d3246a9c9fc0fb607d19049be4f954946ff1819e771a4cb7d0ec9af8575,453,cross_family_test_set,XAFPAY/structures/XAFPAY_C2_14_1747_z1_43.cif,ce2970c9de453921ae09de39a8adfe008b9d873b2ac4906dc6590a11e85ec446,f28f8d3246a9c9fc0fb607d19049be4f954946ff1819e771a4cb7d0ec9af8575,0,172,"[""O"", ""C"", ""O"", ""C"", ""C"", ""C"", ""C"", ""C"", ""C"", ""N"", ""C"", ""C"", ""C"", ""C"", ""C"", ""C"", ""C"", ""C"", ""C"", ""C"", ""Cl"", ""C"", ""Cl"", ""C"", ""C"", ""C"", ""H"", ""H"", ""H"", ""H"", ""H"", ""H"", ""H"", ""H"", ""H"", ""H"", ""H"", ""H"", ""H"", ""H"", ""H"", ""H"", ""H"", ""O"", ""C"", ""O"", ""C"", ""C"", ""C"", ""C"", ""C"", ""C"", ""N"", ""C"", ""C"", ""C"", ""C"", ""C"", ""C"", ""C"", ""C"", ""C"", ""C"", ""Cl"", ""C"", ""Cl"", ""C"", ""C"", ""C"", ""H"", ""H"", ""H"", ""H"", ""H"", ""H"", ""H"", ""H"", ""H"", ""H"", ""H"", ""H"", ""H"", ""H"", ""H"", ""H"", ""H"", ""O"", ""C"", ""O"", ""C"", ""C"", ""C"", ""C"", ""C"", ""C"", ""N"", ""C"", ""C"", ""C"", ""C"", ""C"", ""C"", ""C"", ""C"", ""C"", ""C"", ""Cl"", ""C"", ""Cl"", ""C"", ""C"", ""C"", ""H"", ""H"", ""H"", ""H"", ""H"", ""H"", ""H"", ""H"", ""H"", ""H"", ""H"", ""H"", ""H"", ""H"", ""H"", ""H"", ""H"", ""O"", ""C"", ""O"", ""C"", ""C"", ""C"", ""C"", ""C"", ""C"", ""N"", ""C"", ""C"", ""C"", ""C"", ""C"", ""C"", ""C"", ""C"", ""C"", ""C"", ""Cl"", ""C"", ""Cl"", ""C"", ""C"", ""C"", ""H"", ""H"", ""H"", ""H"", ""H"", ""H"", ""H"", ""H"", ""H"", ""H"", ""H"", ""H"", ""H"", ""H"", ""H"", ""H"", ""H""]",C84H68Cl8N4O8,"[true, true, true]","[6.841930789372167, 0.0, 0.0, 0.0, 18.68695010442208, 0.0, -4.2380506276047605, 0.0, 28.056759248146495]",3587.19188322357,[],"{""cutoff=6.000_skin=0.000"": 7284, ""cutoff=6.000_skin=0.500"": 9480}",0.0,,
OPT-RFT-XAFPAY172-R512-v1,16360d404e1cc8ec5ea026f69f45c1e0d210a4962a9adca338d6dcf7b609da30,OPT-RFT-XAFPAY172-R512-v1:0454,XAFPAY_C1_14_2721_z1_43,a3a53d73f09cb275b1d1bb18ede70fd4924b32b9bb28a9eb486d02c9638bf770,454,cross_family_test_set,XAFPAY/structures/XAFPAY_C1_14_2721_z1_43.cif,4546f5760405adaa0b30bb62fb8333367c7f6d2cf042fc1adbc2a5ede34a5047,a3a53d73f09cb275b1d1bb18ede70fd4924b32b9bb28a9eb486d02c9638bf770,0,172,"[""O"", ""C"", ""O"", ""C"", ""C"", ""C"", ""C"", ""C"", ""C"", ""N"", ""C"", ""C"", ""C"", ""C"", ""C"", ""C"", ""C"", ""C"", ""C"", ""C"", ""Cl"", ""C"", ""Cl"", ""C"", ""C"", ""C"", ""H"", ""H"", ""H"", ""H"", ""H"", ""H"", ""H"", ""H"", ""H"", ""H"", ""H"", ""H"", ""H"", ""H"", ""H"", ""H"", ""H"", ""O"", ""C"", ""O"", ""C"", ""C"", ""C"", ""C"", ""C"", ""C"", ""N"", ""C"", ""C"", ""C"", ""C"", ""C"", ""C"", ""C"", ""C"", ""C"", ""C"", ""Cl"", ""C"", ""Cl"", ""C"", ""C"", ""C"", ""H"", ""H"", ""H"", ""H"", ""H"", ""H"", ""H"", ""H"", ""H"", ""H"", ""H"", ""H"", ""H"", ""H"", ""H"", ""H"", ""H"", ""O"", ""C"", ""O"", ""C"", ""C"", ""C"", ""C"", ""C"", ""C"", ""N"", ""C"", ""C"", ""C"", ""C"", ""C"", ""C"", ""C"", ""C"", ""C"", ""C"", ""Cl"", ""C"", ""Cl"", ""C"", ""C"", ""C"", ""H"", ""H"", ""H"", ""H"", ""H"", ""H"", ""H"", ""H"", ""H"", ""H"", ""H"", ""H"", ""H"", ""H"", ""H"", ""H"", ""H"", ""O"", ""C"", ""O"", ""C"", ""C"", ""C"", ""C"", ""C"", ""C"", ""N"", ""C"", ""C"", ""C"", ""C"", ""C"", ""C"", ""C"", ""C"", ""C"", ""C"", ""Cl"", ""C"", ""Cl"", ""C"", ""C"", ""C"", ""H"", ""H"", ""H"", ""H"", ""H"", ""H"", ""H"", ""H"", ""H"", ""H"", ""H"", ""H"", ""H"", ""H"", ""H"", ""H"", ""H""]",C84H68Cl8N4O8,"[true, true, true]","[21.304058431882567, 0.0, 0.0, 0.0, 11.154808291951678, 0.0, -7.505069759726724, 0.0, 14.465796113392274]",3437.690667357234,[],"{""cutoff=6.000_skin=0.000"": 7296, ""cutoff=6.000_skin=0.500"": 9492}",0.0,,
OPT-RFT-XAFPAY172-R512-v1,16360d404e1cc8ec5ea026f69f45c1e0d210a4962a9adca338d6dcf7b609da30,OPT-RFT-XAFPAY172-R512-v1:0455,XAFPAY_C2_14_123_z1_43,ba25302517fb796df6ebfed895d98e82e82371d4f6474182f7efd0f364a15884,455,cross_family_test_set,XAFPAY/structures/XAFPAY_C2_14_123_z1_43.cif,bc5f0e12e6e26dee21a39e06849e526183b7f2104ec403123fe1881cf5075d45,ba25302517fb796df6ebfed895d98e82e82371d4f6474182f7efd0f364a15884,0,172,"[""O"", ""C"", ""O"", ""C"", ""C"", ""C"", ""C"", ""C"", ""C"", ""N"", ""C"", ""C"", ""C"", ""C"", ""C"", ""C"", ""C"", ""C"", ""C"", ""C"", ""Cl"", ""C"", ""Cl"", ""C"", ""C"", ""C"", ""H"", ""H"", ""H"", ""H"", ""H"", ""H"", ""H"", ""H"", ""H"", ""H"", ""H"", ""H"", ""H"", ""H"", ""H"", ""H"", ""H"", ""O"", ""C"", ""O"", ""C"", ""C"", ""C"", ""C"", ""C"", ""C"", ""N"", ""C"", ""C"", ""C"", ""C"", ""C"", ""C"", ""C"", ""C"", ""C"", ""C"", ""Cl"", ""C"", ""Cl"", ""C"", ""C"", ""C"", ""H"", ""H"", ""H"", ""H"", ""H"", ""H"", ""H"", ""H"", ""H"", ""H"", ""H"", ""H"", ""H"", ""H"", ""H"", ""H"", ""H"", ""O"", ""C"", ""O"", ""C"", ""C"", ""C"", ""C"", ""C"", ""C"", ""N"", ""C"", ""C"", ""C"", ""C"", ""C"", ""C"", ""C"", ""C"", ""C"", ""C"", ""Cl"", ""C"", ""Cl"", ""C"", ""C"", ""C"", ""H"", ""H"", ""H"", ""H"", ""H"", ""H"", ""H"", ""H"", ""H"", ""H"", ""H"", ""H"", ""H"", ""H"", ""H"", ""H"", ""H"", ""O"", ""C"", ""O"", ""C"", ""C"", ""C"", ""C"", ""C"", ""C"", ""N"", ""C"", ""C"", ""C"", ""C"", ""C"", ""C"", ""C"", ""C"", ""C"", ""C"", ""Cl"", ""C"", ""Cl"", ""C"", ""C"", ""C"", ""H"", ""H"", ""H"", ""H"", ""H"", ""H"", ""H"", ""H"", ""H"", ""H"", ""H"", ""H"", ""H"", ""H"", ""H"", ""H"", ""H""]",C84H68Cl8N4O8,"[true, true, true]","[14.017038100960981, 0.0, 0.0, 0.0, 16.24676939277446, 0.0, -2.6895326272568583, 0.0, 16.767999687600053]",3818.6031561311684,[],"{""cutoff=6.000_skin=0.000"": 7304, ""cutoff=6.000_skin=0.500"": 9168}",0.0,,
OPT-RFT-XAFPAY172-R512-v1,16360d404e1cc8ec5ea026f69f45c1e0d210a4962a9adca338d6dcf7b609da30,OPT-RFT-XAFPAY172-R512-v1:0456,XAFPAY_C4_14_679_z1_43,654229e0987f227ab7410c19f811578fcf83987e21a01bb83fa6f9ab4b58d4fd,456,cross_family_test_set,XAFPAY/structures/XAFPAY_C4_14_679_z1_43.cif,f1dfc8884c94ae1d011e0fe41fbd304b6fd009d8c9069ed0a3911ac0e84d87f1,654229e0987f227ab7410c19f811578fcf83987e21a01bb83fa6f9ab4b58d4fd,0,172,"[""O"", ""C"", ""O"", ""C"", ""C"", ""C"", ""C"", ""C"", ""C"", ""N"", ""C"", ""C"", ""C"", ""C"", ""C"", ""C"", ""C"", ""C"", ""C"", ""C"", ""Cl"", ""C"", ""Cl"", ""C"", ""C"", ""C"", ""H"", ""H"", ""H"", ""H"", ""H"", ""H"", ""H"", ""H"", ""H"", ""H"", ""H"", ""H"", ""H"", ""H"", ""H"", ""H"", ""H"", ""O"", ""C"", ""O"", ""C"", ""C"", ""C"", ""C"", ""C"", ""C"", ""N"", ""C"", ""C"", ""C"", ""C"", ""C"", ""C"", ""C"", ""C"", ""C"", ""C"", ""Cl"", ""C"", ""Cl"", ""C"", ""C"", ""C"", ""H"", ""H"", ""H"", ""H"", ""H"", ""H"", ""H"", ""H"", ""H"", ""H"", ""H"", ""H"", ""H"", ""H"", ""H"", ""H"", ""H"", ""O"", ""C"", ""O"", ""C"", ""C"", ""C"", ""C"", ""C"", ""C"", ""N"", ""C"", ""C"", ""C"", ""C"", ""C"", ""C"", ""C"", ""C"", ""C"", ""C"", ""Cl"", ""C"", ""Cl"", ""C"", ""C"", ""C"", ""H"", ""H"", ""H"", ""H"", ""H"", ""H"", ""H"", ""H"", ""H"", ""H"", ""H"", ""H"", ""H"", ""H"", ""H"", ""H"", ""H"", ""O"", ""C"", ""O"", ""C"", ""C"", ""C"", ""C"", ""C"", ""C"", ""N"", ""C"", ""C"", ""C"", ""C"", ""C"", ""C"", ""C"", ""C"", ""C"", ""C"", ""Cl"", ""C"", ""Cl"", ""C"", ""C"", ""C"", ""H"", ""H"", ""H"", ""H"", ""H"", ""H"", ""H"", ""H"", ""H"", ""H"", ""H"", ""H"", ""H"", ""H"", ""H"", ""H"", ""H""]",C84H68Cl8N4O8,"[true, true, true]","[12.741802769425533, 0.0, 0.0, 0.0, 29.19081186122176, 0.0, 0.6246998729374382, 0.0, 10.151013037494982]",3775.6040020430255,[],"{""cutoff=6.000_skin=0.000"": 7316, ""cutoff=6.000_skin=0.500"": 9156}",0.0,,
OPT-RFT-XAFPAY172-R512-v1,16360d404e1cc8ec5ea026f69f45c1e0d210a4962a9adca338d6dcf7b609da30,OPT-RFT-XAFPAY172-R512-v1:0457,XAFPAY_C2_14_3205_z1_43,de4159c0bd81cd0df2e888c906b7ae1d76524142d3702420cac5c68ce1acb9a0,457,cross_family_test_set,XAFPAY/structures/XAFPAY_C2_14_3205_z1_43.cif,ae0a889091b5613238a4219e298300850773e859e94d0eca07452ddd12ab5ce1,de4159c0bd81cd0df2e888c906b7ae1d76524142d3702420cac5c68ce1acb9a0,0,172,"[""O"", ""C"", ""O"", ""C"", ""C"", ""C"", ""C"", ""C"", ""C"", ""N"", ""C"", ""C"", ""C"", ""C"", ""C"", ""C"", ""C"", ""C"", ""C"", ""C"", ""Cl"", ""C"", ""Cl"", ""C"", ""C"", ""C"", ""H"", ""H"", ""H"", ""H"", ""H"", ""H"", ""H"", ""H"", ""H"", ""H"", ""H"", ""H"", ""H"", ""H"", ""H"", ""H"", ""H"", ""O"", ""C"", ""O"", ""C"", ""C"", ""C"", ""C"", ""C"", ""C"", ""N"", ""C"", ""C"", ""C"", ""C"", ""C"", ""C"", ""C"", ""C"", ""C"", ""C"", ""Cl"", ""C"", ""Cl"", ""C"", ""C"", ""C"", ""H"", ""H"", ""H"", ""H"", ""H"", ""H"", ""H"", ""H"", ""H"", ""H"", ""H"", ""H"", ""H"", ""H"", ""H"", ""H"", ""H"", ""O"", ""C"", ""O"", ""C"", ""C"", ""C"", ""C"", ""C"", ""C"", ""N"", ""C"", ""C"", ""C"", ""C"", ""C"", ""C"", ""C"", ""C"", ""C"", ""C"", ""Cl"", ""C"", ""Cl"", ""C"", ""C"", ""C"", ""H"", ""H"", ""H"", ""H"", ""H"", ""H"", ""H"", ""H"", ""H"", ""H"", ""H"", ""H"", ""H"", ""H"", ""H"", ""H"", ""H"", ""O"", ""C"", ""O"", ""C"", ""C"", ""C"", ""C"", ""C"", ""C"", ""N"", ""C"", ""C"", ""C"", ""C"", ""C"", ""C"", ""C"", ""C"", ""C"", ""C"", ""Cl"", ""C"", ""Cl"", ""C"", ""C"", ""C"", ""H"", ""H"", ""H"", ""H"", ""H"", ""H"", ""H"", ""H"", ""H"", ""H"", ""H"", ""H"", ""H"", ""H"", ""H"", ""H"", ""H""]",C84H68Cl8N4O8,"[true, true, true]","[10.04190798770113, 0.0, 0.0, 0.0, 30.95231069193725, 0.0, -3.5575793094508623, 0.0, 11.31939073107169]",3518.295924514687,[],"{""cutoff=6.000_skin=0.000"": 7340, ""cutoff=6.000_skin=0.500"": 9316}",0.0,,
OPT-RFT-XAFPAY172-R512-v1,16360d404e1cc8ec5ea026f69f45c1e0d210a4962a9adca338d6dcf7b609da30,OPT-RFT-XAFPAY172-R512-v1:0458,XAFPAY_C4_14_4173_z1_43,8fe17bc1eb0c27c697d2ca65e0f9a203644305081bc4c8b8d672d749138c47d8,458,cross_family_test_set,XAFPAY/structures/XAFPAY_C4_14_4173_z1_43.cif,633f6f1d488bd37bb792c7fb8b32f6d48cb06bf7dc3ca156aedc151738694cb4,8fe17bc1eb0c27c697d2ca65e0f9a203644305081bc4c8b8d672d749138c47d8,0,172,"[""O"", ""C"", ""O"", ""C"", ""C"", ""C"", ""C"", ""C"", ""C"", ""N"", ""C"", ""C"", ""C"", ""C"", ""C"", ""C"", ""C"", ""C"", ""C"", ""C"", ""Cl"", ""C"", ""Cl"", ""C"", ""C"", ""C"", ""H"", ""H"", ""H"", ""H"", ""H"", ""H"", ""H"", ""H"", ""H"", ""H"", ""H"", ""H"", ""H"", ""H"", ""H"", ""H"", ""H"", ""O"", ""C"", ""O"", ""C"", ""C"", ""C"", ""C"", ""C"", ""C"", ""N"", ""C"", ""C"", ""C"", ""C"", ""C"", ""C"", ""C"", ""C"", ""C"", ""C"", ""Cl"", ""C"", ""Cl"", ""C"", ""C"", ""C"", ""H"", ""H"", ""H"", ""H"", ""H"", ""H"", ""H"", ""H"", ""H"", ""H"", ""H"", ""H"", ""H"", ""H"", ""H"", ""H"", ""H"", ""O"", ""C"", ""O"", ""C"", ""C"", ""C"", ""C"", ""C"", ""C"", ""N"", ""C"", ""C"", ""C"", ""C"", ""C"", ""C"", ""C"", ""C"", ""C"", ""C"", ""Cl"", ""C"", ""Cl"", ""C"", ""C"", ""C"", ""H"", ""H"", ""H"", ""H"", ""H"", ""H"", ""H"", ""H"", ""H"", ""H"", ""H"", ""H"", ""H"", ""H"", ""H"", ""H"", ""H"", ""O"", ""C"", ""O"", ""C"", ""C"", ""C"", ""C"", ""C"", ""C"", ""N"", ""C"", ""C"", ""C"", ""C"", ""C"", ""C"", ""C"", ""C"", ""C"", ""C"", ""Cl"", ""C"", ""Cl"", ""C"", ""C"", ""C"", ""H"", ""H"", ""H"", ""H"", ""H"", ""H"", ""H"", ""H"", ""H"", ""H"", ""H"", ""H"", ""H"", ""H"", ""H"", ""H"", ""H""]",C84H68Cl8N4O8,"[true, true, true]","[14.358361643319697, 0.0, 0.0, 0.0, 20.649943344415213, 0.0, 5.411447170197346, 0.0, 13.14853182331755]",3898.5311976206967,[],"{""cutoff=6.000_skin=0.000"": 7348, ""cutoff=6.000_skin=0.500"": 9168}",0.0,,
OPT-RFT-XAFPAY172-R512-v1,16360d404e1cc8ec5ea026f69f45c1e0d210a4962a9adca338d6dcf7b609da30,OPT-RFT-XAFPAY172-R512-v1:0459,XAFPAY_C1_14_3451_z1_43,787e35f2b772b21f5785aa2a0a049c7875bc68d3450d86398087437534309d85,459,cross_family_test_set,XAFPAY/structures/XAFPAY_C1_14_3451_z1_43.cif,6892626072b2ad8489844175dff4dca972c8bf116b07f1a0373b941b6e4068cb,787e35f2b772b21f5785aa2a0a049c7875bc68d3450d86398087437534309d85,0,172,"[""O"", ""C"", ""O"", ""C"", ""C"", ""C"", ""C"", ""C"", ""C"", ""N"", ""C"", ""C"", ""C"", ""C"", ""C"", ""C"", ""C"", ""C"", ""C"", ""C"", ""Cl"", ""C"", ""Cl"", ""C"", ""C"", ""C"", ""H"", ""H"", ""H"", ""H"", ""H"", ""H"", ""H"", ""H"", ""H"", ""H"", ""H"", ""H"", ""H"", ""H"", ""H"", ""H"", ""H"", ""O"", ""C"", ""O"", ""C"", ""C"", ""C"", ""C"", ""C"", ""C"", ""N"", ""C"", ""C"", ""C"", ""C"", ""C"", ""C"", ""C"", ""C"", ""C"", ""C"", ""Cl"", ""C"", ""Cl"", ""C"", ""C"", ""C"", ""H"", ""H"", ""H"", ""H"", ""H"", ""H"", ""H"", ""H"", ""H"", ""H"", ""H"", ""H"", ""H"", ""H"", ""H"", ""H"", ""H"", ""O"", ""C"", ""O"", ""C"", ""C"", ""C"", ""C"", ""C"", ""C"", ""N"", ""C"", ""C"", ""C"", ""C"", ""C"", ""C"", ""C"", ""C"", ""C"", ""C"", ""Cl"", ""C"", ""Cl"", ""C"", ""C"", ""C"", ""H"", ""H"", ""H"", ""H"", ""H"", ""H"", ""H"", ""H"", ""H"", ""H"", ""H"", ""H"", ""H"", ""H"", ""H"", ""H"", ""H"", ""O"", ""C"", ""O"", ""C"", ""C"", ""C"", ""C"", ""C"", ""C"", ""N"", ""C"", ""C"", ""C"", ""C"", ""C"", ""C"", ""C"", ""C"", ""C"", ""C"", ""Cl"", ""C"", ""Cl"", ""C"", ""C"", ""C"", ""H"", ""H"", ""H"", ""H"", ""H"", ""H"", ""H"", ""H"", ""H"", ""H"", ""H"", ""H"", ""H"", ""H"", ""H"", ""H"", ""H""]",C84H68Cl8N4O8,"[true, true, true]","[17.829798041489752, 0.0, 0.0, 0.0, 11.318922475230096, 0.0, -0.9117580101225664, 0.0, 18.15015900920277]",3662.9580376178988,[],"{""cutoff=6.000_skin=0.000"": 7380, ""cutoff=6.000_skin=0.500"": 9440}",0.0,,
OPT-RFT-XAFPAY172-R512-v1,16360d404e1cc8ec5ea026f69f45c1e0d210a4962a9adca338d6dcf7b609da30,OPT-RFT-XAFPAY172-R512-v1:0460,XAFPAY_C4_14_894_z1_43,30a375c4118efc84d0850f9a43183e95594c03ed75b0dda7bd81907c966ce414,460,cross_family_test_set,XAFPAY/structures/XAFPAY_C4_14_894_z1_43.cif,d311bb96f4f05af9cb42433ca57a2d6681d997a25629d40debab939e4991116e,30a375c4118efc84d0850f9a43183e95594c03ed75b0dda7bd81907c966ce414,0,172,"[""O"", ""C"", ""O"", ""C"", ""C"", ""C"", ""C"", ""C"", ""C"", ""N"", ""C"", ""C"", ""C"", ""C"", ""C"", ""C"", ""C"", ""C"", ""C"", ""C"", ""Cl"", ""C"", ""Cl"", ""C"", ""C"", ""C"", ""H"", ""H"", ""H"", ""H"", ""H"", ""H"", ""H"", ""H"", ""H"", ""H"", ""H"", ""H"", ""H"", ""H"", ""H"", ""H"", ""H"", ""O"", ""C"", ""O"", ""C"", ""C"", ""C"", ""C"", ""C"", ""C"", ""N"", ""C"", ""C"", ""C"", ""C"", ""C"", ""C"", ""C"", ""C"", ""C"", ""C"", ""Cl"", ""C"", ""Cl"", ""C"", ""C"", ""C"", ""H"", ""H"", ""H"", ""H"", ""H"", ""H"", ""H"", ""H"", ""H"", ""H"", ""H"", ""H"", ""H"", ""H"", ""H"", ""H"", ""H"", ""O"", ""C"", ""O"", ""C"", ""C"", ""C"", ""C"", ""C"", ""C"", ""N"", ""C"", ""C"", ""C"", ""C"", ""C"", ""C"", ""C"", ""C"", ""C"", ""C"", ""Cl"", ""C"", ""Cl"", ""C"", ""C"", ""C"", ""H"", ""H"", ""H"", ""H"", ""H"", ""H"", ""H"", ""H"", ""H"", ""H"", ""H"", ""H"", ""H"", ""H"", ""H"", ""H"", ""H"", ""O"", ""C"", ""O"", ""C"", ""C"", ""C"", ""C"", ""C"", ""C"", ""N"", ""C"", ""C"", ""C"", ""C"", ""C"", ""C"", ""C"", ""C"", ""C"", ""C"", ""Cl"", ""C"", ""Cl"", ""C"", ""C"", ""C"", ""H"", ""H"", ""H"", ""H"", ""H"", ""H"", ""H"", ""H"", ""H"", ""H"", ""H"", ""H"", ""H"", ""H"", ""H"", ""H"", ""H""]",C84H68Cl8N4O8,"[true, true, true]","[15.309536302752775, 0.0, 0.0, 0.0, 17.77622543084152, 0.0, 6.025118352369286, 0.0, 13.998540113825838]",3809.6434579865186,[],"{""cutoff=6.000_skin=0.000"": 7392, ""cutoff=6.000_skin=0.500"": 9216}",0.0,,
OPT-RFT-XAFPAY172-R512-v1,16360d404e1cc8ec5ea026f69f45c1e0d210a4962a9adca338d6dcf7b609da30,OPT-RFT-XAFPAY172-R512-v1:0461,XAFPAY_C3_2_12355_z2_86,a8d841c8cbc683976b09aca00aead4be909332bb479608219ee99c995dc62eea,461,cross_family_test_set,XAFPAY/structures/XAFPAY_C3_2_12355_z2_86.cif,1c39e9bdfeedcf2a53151d5307eae7458eabe762b029c2545e5f8f6b816b16a8,a8d841c8cbc683976b09aca00aead4be909332bb479608219ee99c995dc62eea,0,172,"[""O"", ""C"", ""O"", ""C"", ""C"", ""C"", ""C"", ""C"", ""C"", ""N"", ""C"", ""C"", ""C"", ""C"", ""C"", ""C"", ""C"", ""C"", ""C"", ""C"", ""Cl"", ""C"", ""Cl"", ""C"", ""C"", ""C"", ""H"", ""H"", ""H"", ""H"", ""H"", ""H"", ""H"", ""H"", ""H"", ""H"", ""H"", ""H"", ""H"", ""H"", ""H"", ""H"", ""H"", ""O"", ""C"", ""O"", ""C"", ""C"", ""C"", ""C"", ""C"", ""C"", ""N"", ""C"", ""C"", ""C"", ""C"", ""C"", ""C"", ""C"", ""C"", ""C"", ""C"", ""Cl"", ""C"", ""Cl"", ""C"", ""C"", ""C"", ""H"", ""H"", ""H"", ""H"", ""H"", ""H"", ""H"", ""H"", ""H"", ""H"", ""H"", ""H"", ""H"", ""H"", ""H"", ""H"", ""H"", ""O"", ""C"", ""O"", ""C"", ""C"", ""C"", ""C"", ""C"", ""C"", ""N"", ""C"", ""C"", ""C"", ""C"", ""C"", ""C"", ""C"", ""C"", ""C"", ""C"", ""Cl"", ""C"", ""Cl"", ""C"", ""C"", ""C"", ""H"", ""H"", ""H"", ""H"", ""H"", ""H"", ""H"", ""H"", ""H"", ""H"", ""H"", ""H"", ""H"", ""H"", ""H"", ""H"", ""H"", ""O"", ""C"", ""O"", ""C"", ""C"", ""C"", ""C"", ""C"", ""C"", ""N"", ""C"", ""C"", ""C"", ""C"", ""C"", ""C"", ""C"", ""C"", ""C"", ""C"", ""Cl"", ""C"", ""Cl"", ""C"", ""C"", ""C"", ""H"", ""H"", ""H"", ""H"", ""H"", ""H"", ""H"", ""H"", ""H"", ""H"", ""H"", ""H"", ""H"", ""H"", ""H"", ""H"", ""H""]",C84H68Cl8N4O8,"[true, true, true]","[23.543038462856515, 0.0, 0.0, 5.79460905061307, 21.98521981859555, 0.0, -1.7810932363344296, -1.5708399637689965, 7.621681273192474]",3944.9736587373964,[],"{""cutoff=6.000_skin=0.000"": 7404, ""cutoff=6.000_skin=0.500"": 9084}",0.0,,
OPT-RFT-XAFPAY172-R512-v1,16360d404e1cc8ec5ea026f69f45c1e0d210a4962a9adca338d6dcf7b609da30,OPT-RFT-XAFPAY172-R512-v1:0462,XAFPAY_C4_14_1427_z1_43,a0b0b94ed5989efc4ea59be6748cfe8cf0835931817583e4520cf6bcddd1626b,462,cross_family_test_set,XAFPAY/structures/XAFPAY_C4_14_1427_z1_43.cif,c198880305fdcc73d9f76f44f85d5c9e1a6c4cc2433cb58199e7a6914a18f610,a0b0b94ed5989efc4ea59be6748cfe8cf0835931817583e4520cf6bcddd1626b,0,172,"[""O"", ""C"", ""O"", ""C"", ""C"", ""C"", ""C"", ""C"", ""C"", ""N"", ""C"", ""C"", ""C"", ""C"", ""C"", ""C"", ""C"", ""C"", ""C"", ""C"", ""Cl"", ""C"", ""Cl"", ""C"", ""C"", ""C"", ""H"", ""H"", ""H"", ""H"", ""H"", ""H"", ""H"", ""H"", ""H"", ""H"", ""H"", ""H"", ""H"", ""H"", ""H"", ""H"", ""H"", ""O"", ""C"", ""O"", ""C"", ""C"", ""C"", ""C"", ""C"", ""C"", ""N"", ""C"", ""C"", ""C"", ""C"", ""C"", ""C"", ""C"", ""C"", ""C"", ""C"", ""Cl"", ""C"", ""Cl"", ""C"", ""C"", ""C"", ""H"", ""H"", ""H"", ""H"", ""H"", ""H"", ""H"", ""H"", ""H"", ""H"", ""H"", ""H"", ""H"", ""H"", ""H"", ""H"", ""H"", ""O"", ""C"", ""O"", ""C"", ""C"", ""C"", ""C"", ""C"", ""C"", ""N"", ""C"", ""C"", ""C"", ""C"", ""C"", ""C"", ""C"", ""C"", ""C"", ""C"", ""Cl"", ""C"", ""Cl"", ""C"", ""C"", ""C"", ""H"", ""H"", ""H"", ""H"", ""H"", ""H"", ""H"", ""H"", ""H"", ""H"", ""H"", ""H"", ""H"", ""H"", ""H"", ""H"", ""H"", ""O"", ""C"", ""O"", ""C"", ""C"", ""C"", ""C"", ""C"", ""C"", ""N"", ""C"", ""C"", ""C"", ""C"", ""C"", ""C"", ""C"", ""C"", ""C"", ""C"", ""Cl"", ""C"", ""Cl"", ""C"", ""C"", ""C"", ""H"", ""H"", ""H"", ""H"", ""H"", ""H"", ""H"", ""H"", ""H"", ""H"", ""H"", ""H"", ""H"", ""H"", ""H"", ""H"", ""H""]",C84H68Cl8N4O8,"[true, true, true]","[12.193656206523933, 0.0, 0.0, 0.0, 17.198028109531606, 0.0, -1.785660658887593, 0.0, 16.825780200005546]",3528.4812332568104,[],"{""cutoff=6.000_skin=0.000"": 7420, ""cutoff=6.000_skin=0.500"": 9392}",0.0,,
OPT-RFT-XAFPAY172-R512-v1,16360d404e1cc8ec5ea026f69f45c1e0d210a4962a9adca338d6dcf7b609da30,OPT-RFT-XAFPAY172-R512-v1:0463,XAFPAY_C2_14_1218_z1_43,4f8519a633f79a915147bed83bf4413c496fb41acbc81817675e030d99886ddb,463,cross_family_test_set,XAFPAY/structures/XAFPAY_C2_14_1218_z1_43.cif,27a0af23d0efa0f93a4bbb6172dae42c25dec44049b0572f6fd1484d4e430c8e,4f8519a633f79a915147bed83bf4413c496fb41acbc81817675e030d99886ddb,0,172,"[""O"", ""C"", ""O"", ""C"", ""C"", ""C"", ""C"", ""C"", ""C"", ""N"", ""C"", ""C"", ""C"", ""C"", ""C"", ""C"", ""C"", ""C"", ""C"", ""C"", ""Cl"", ""C"", ""Cl"", ""C"", ""C"", ""C"", ""H"", ""H"", ""H"", ""H"", ""H"", ""H"", ""H"", ""H"", ""H"", ""H"", ""H"", ""H"", ""H"", ""H"", ""H"", ""H"", ""H"", ""O"", ""C"", ""O"", ""C"", ""C"", ""C"", ""C"", ""C"", ""C"", ""N"", ""C"", ""C"", ""C"", ""C"", ""C"", ""C"", ""C"", ""C"", ""C"", ""C"", ""Cl"", ""C"", ""Cl"", ""C"", ""C"", ""C"", ""H"", ""H"", ""H"", ""H"", ""H"", ""H"", ""H"", ""H"", ""H"", ""H"", ""H"", ""H"", ""H"", ""H"", ""H"", ""H"", ""H"", ""O"", ""C"", ""O"", ""C"", ""C"", ""C"", ""C"", ""C"", ""C"", ""N"", ""C"", ""C"", ""C"", ""C"", ""C"", ""C"", ""C"", ""C"", ""C"", ""C"", ""Cl"", ""C"", ""Cl"", ""C"", ""C"", ""C"", ""H"", ""H"", ""H"", ""H"", ""H"", ""H"", ""H"", ""H"", ""H"", ""H"", ""H"", ""H"", ""H"", ""H"", ""H"", ""H"", ""H"", ""O"", ""C"", ""O"", ""C"", ""C"", ""C"", ""C"", ""C"", ""C"", ""N"", ""C"", ""C"", ""C"", ""C"", ""C"", ""C"", ""C"", ""C"", ""C"", ""C"", ""Cl"", ""C"", ""Cl"", ""C"", ""C"", ""C"", ""H"", ""H"", ""H"", ""H"", ""H"", ""H"", ""H"", ""H"", ""H"", ""H"", ""H"", ""H"", ""H"", ""H"", ""H"", ""H"", ""H""]",C84H68Cl8N4O8,"[true, true, true]","[13.755722860329776, 0.0, 0.0, 0.0, 20.17177702017331, 0.0, -3.3887555559248517, 0.0, 11.887695874351872]",3298.56663757171,[],"{""cutoff=6.000_skin=0.000"": 7456, ""cutoff=6.000_skin=0.500"": 9692}",0.0,,
OPT-RFT-XAFPAY172-R512-v1,16360d404e1cc8ec5ea026f69f45c1e0d210a4962a9adca338d6dcf7b609da30,OPT-RFT-XAFPAY172-R512-v1:0464,XAFPAY_C2_14_5128_z1_43,d6a9c8064537b4db6f6308d1392376616a3178c62113b88a059f4814d3ba0773,464,cross_family_test_set,XAFPAY/structures/XAFPAY_C2_14_5128_z1_43.cif,dcda471b019a02f2e9713eacec493a6d212ac1f0be3fb95955be816c47727475,d6a9c8064537b4db6f6308d1392376616a3178c62113b88a059f4814d3ba0773,0,172,"[""O"", ""C"", ""O"", ""C"", ""C"", ""C"", ""C"", ""C"", ""C"", ""N"", ""C"", ""C"", ""C"", ""C"", ""C"", ""C"", ""C"", ""C"", ""C"", ""C"", ""Cl"", ""C"", ""Cl"", ""C"", ""C"", ""C"", ""H"", ""H"", ""H"", ""H"", ""H"", ""H"", ""H"", ""H"", ""H"", ""H"", ""H"", ""H"", ""H"", ""H"", ""H"", ""H"", ""H"", ""O"", ""C"", ""O"", ""C"", ""C"", ""C"", ""C"", ""C"", ""C"", ""N"", ""C"", ""C"", ""C"", ""C"", ""C"", ""C"", ""C"", ""C"", ""C"", ""C"", ""Cl"", ""C"", ""Cl"", ""C"", ""C"", ""C"", ""H"", ""H"", ""H"", ""H"", ""H"", ""H"", ""H"", ""H"", ""H"", ""H"", ""H"", ""H"", ""H"", ""H"", ""H"", ""H"", ""H"", ""O"", ""C"", ""O"", ""C"", ""C"", ""C"", ""C"", ""C"", ""C"", ""N"", ""C"", ""C"", ""C"", ""C"", ""C"", ""C"", ""C"", ""C"", ""C"", ""C"", ""Cl"", ""C"", ""Cl"", ""C"", ""C"", ""C"", ""H"", ""H"", ""H"", ""H"", ""H"", ""H"", ""H"", ""H"", ""H"", ""H"", ""H"", ""H"", ""H"", ""H"", ""H"", ""H"", ""H"", ""O"", ""C"", ""O"", ""C"", ""C"", ""C"", ""C"", ""C"", ""C"", ""N"", ""C"", ""C"", ""C"", ""C"", ""C"", ""C"", ""C"", ""C"", ""C"", ""C"", ""Cl"", ""C"", ""Cl"", ""C"", ""C"", ""C"", ""H"", ""H"", ""H"", ""H"", ""H"", ""H"", ""H"", ""H"", ""H"", ""H"", ""H"", ""H"", ""H"", ""H"", ""H"", ""H"", ""H""]",C84H68Cl8N4O8,"[true, true, true]","[16.50030513061828, 0.0, 0.0, 0.0, 16.087932979285675, 0.0, -2.2326224746557815, 0.0, 15.22221138499363]",4040.8243478440722,[],"{""cutoff=6.000_skin=0.000"": 7472, ""cutoff=6.000_skin=0.500"": 9088}",0.0,,
OPT-RFT-XAFPAY172-R512-v1,16360d404e1cc8ec5ea026f69f45c1e0d210a4962a9adca338d6dcf7b609da30,OPT-RFT-XAFPAY172-R512-v1:0465,XAFPAY_C3_14_1244_z1_43,1e61c18423a871bf309ea8be1b827bcbcba1044e0e0de0d1f53183f045d4b783,465,cross_family_test_set,XAFPAY/structures/XAFPAY_C3_14_1244_z1_43.cif,eaadbc631dbde7ba338097033197cec4a1387e388e22913ab5aad6c5b78e8b76,1e61c18423a871bf309ea8be1b827bcbcba1044e0e0de0d1f53183f045d4b783,0,172,"[""O"", ""C"", ""O"", ""C"", ""C"", ""C"", ""C"", ""C"", ""C"", ""N"", ""C"", ""C"", ""C"", ""C"", ""C"", ""C"", ""C"", ""C"", ""C"", ""C"", ""Cl"", ""C"", ""Cl"", ""C"", ""C"", ""C"", ""H"", ""H"", ""H"", ""H"", ""H"", ""H"", ""H"", ""H"", ""H"", ""H"", ""H"", ""H"", ""H"", ""H"", ""H"", ""H"", ""H"", ""O"", ""C"", ""O"", ""C"", ""C"", ""C"", ""C"", ""C"", ""C"", ""N"", ""C"", ""C"", ""C"", ""C"", ""C"", ""C"", ""C"", ""C"", ""C"", ""C"", ""Cl"", ""C"", ""Cl"", ""C"", ""C"", ""C"", ""H"", ""H"", ""H"", ""H"", ""H"", ""H"", ""H"", ""H"", ""H"", ""H"", ""H"", ""H"", ""H"", ""H"", ""H"", ""H"", ""H"", ""O"", ""C"", ""O"", ""C"", ""C"", ""C"", ""C"", ""C"", ""C"", ""N"", ""C"", ""C"", ""C"", ""C"", ""C"", ""C"", ""C"", ""C"", ""C"", ""C"", ""Cl"", ""C"", ""Cl"", ""C"", ""C"", ""C"", ""H"", ""H"", ""H"", ""H"", ""H"", ""H"", ""H"", ""H"", ""H"", ""H"", ""H"", ""H"", ""H"", ""H"", ""H"", ""H"", ""H"", ""O"", ""C"", ""O"", ""C"", ""C"", ""C"", ""C"", ""C"", ""C"", ""N"", ""C"", ""C"", ""C"", ""C"", ""C"", ""C"", ""C"", ""C"", ""C"", ""C"", ""Cl"", ""C"", ""Cl"", ""C"", ""C"", ""C"", ""H"", ""H"", ""H"", ""H"", ""H"", ""H"", ""H"", ""H"", ""H"", ""H"", ""H"", ""H"", ""H"", ""H"", ""H"", ""H"", ""H""]",C84H68Cl8N4O8,"[true, true, true]","[16.37025538943447, 0.0, 0.0, 0.0, 15.411829493576398, 0.0, 5.125807316630237, 0.0, 13.584029362967582]",3427.1906324542156,[],"{""cutoff=6.000_skin=0.000"": 7496, ""cutoff=6.000_skin=0.500"": 9460}",0.0,,
OPT-RFT-XAFPAY172-R512-v1,16360d404e1cc8ec5ea026f69f45c1e0d210a4962a9adca338d6dcf7b609da30,OPT-RFT-XAFPAY172-R512-v1:0466,XAFPAY_C4_14_3143_z1_43,38e9e50bde71fc9b3e30724a2b41f21c9ae3d89fa576560f912705f0c667350c,466,cross_family_test_set,XAFPAY/structures/XAFPAY_C4_14_3143_z1_43.cif,401bdf05d61bc45192b31e74693ee60cbdea6b425efe0bab0dd3a3ee877f4470,38e9e50bde71fc9b3e30724a2b41f21c9ae3d89fa576560f912705f0c667350c,0,172,"[""O"", ""C"", ""O"", ""C"", ""C"", ""C"", ""C"", ""C"", ""C"", ""N"", ""C"", ""C"", ""C"", ""C"", ""C"", ""C"", ""C"", ""C"", ""C"", ""C"", ""Cl"", ""C"", ""Cl"", ""C"", ""C"", ""C"", ""H"", ""H"", ""H"", ""H"", ""H"", ""H"", ""H"", ""H"", ""H"", ""H"", ""H"", ""H"", ""H"", ""H"", ""H"", ""H"", ""H"", ""O"", ""C"", ""O"", ""C"", ""C"", ""C"", ""C"", ""C"", ""C"", ""N"", ""C"", ""C"", ""C"", ""C"", ""C"", ""C"", ""C"", ""C"", ""C"", ""C"", ""Cl"", ""C"", ""Cl"", ""C"", ""C"", ""C"", ""H"", ""H"", ""H"", ""H"", ""H"", ""H"", ""H"", ""H"", ""H"", ""H"", ""H"", ""H"", ""H"", ""H"", ""H"", ""H"", ""H"", ""O"", ""C"", ""O"", ""C"", ""C"", ""C"", ""C"", ""C"", ""C"", ""N"", ""C"", ""C"", ""C"", ""C"", ""C"", ""C"", ""C"", ""C"", ""C"", ""C"", ""Cl"", ""C"", ""Cl"", ""C"", ""C"", ""C"", ""H"", ""H"", ""H"", ""H"", ""H"", ""H"", ""H"", ""H"", ""H"", ""H"", ""H"", ""H"", ""H"", ""H"", ""H"", ""H"", ""H"", ""O"", ""C"", ""O"", ""C"", ""C"", ""C"", ""C"", ""C"", ""C"", ""N"", ""C"", ""C"", ""C"", ""C"", ""C"", ""C"", ""C"", ""C"", ""C"", ""C"", ""Cl"", ""C"", ""Cl"", ""C"", ""C"", ""C"", ""H"", ""H"", ""H"", ""H"", ""H"", ""H"", ""H"", ""H"", ""H"", ""H"", ""H"", ""H"", ""H"", ""H"", ""H"", ""H"", ""H""]",C84H68Cl8N4O8,"[true, true, true]","[9.721787729274133, 0.0, 0.0, 0.0, 39.39015873477517, 0.0, -1.992930126148051, 0.0, 9.681969938994]",3707.6403085085935,[],"{""cutoff=6.000_skin=0.000"": 7520, ""cutoff=6.000_skin=0.500"": 9624}",0.0,,
OPT-RFT-XAFPAY172-R512-v1,16360d404e1cc8ec5ea026f69f45c1e0d210a4962a9adca338d6dcf7b609da30,OPT-RFT-XAFPAY172-R512-v1:0467,XAFPAY_C3_14_1750_z1_43,f3742a55d1325c13fa596e3eba2a520dd4c841b22c0feaa6b28f64627ec3af9a,467,cross_family_test_set,XAFPAY/structures/XAFPAY_C3_14_1750_z1_43.cif,020f7231314e115fbc0b4efded9f60ca0b321fde6287d70231c2952109a41651,f3742a55d1325c13fa596e3eba2a520dd4c841b22c0feaa6b28f64627ec3af9a,0,172,"[""O"", ""C"", ""O"", ""C"", ""C"", ""C"", ""C"", ""C"", ""C"", ""N"", ""C"", ""C"", ""C"", ""C"", ""C"", ""C"", ""C"", ""C"", ""C"", ""C"", ""Cl"", ""C"", ""Cl"", ""C"", ""C"", ""C"", ""H"", ""H"", ""H"", ""H"", ""H"", ""H"", ""H"", ""H"", ""H"", ""H"", ""H"", ""H"", ""H"", ""H"", ""H"", ""H"", ""H"", ""O"", ""C"", ""O"", ""C"", ""C"", ""C"", ""C"", ""C"", ""C"", ""N"", ""C"", ""C"", ""C"", ""C"", ""C"", ""C"", ""C"", ""C"", ""C"", ""C"", ""Cl"", ""C"", ""Cl"", ""C"", ""C"", ""C"", ""H"", ""H"", ""H"", ""H"", ""H"", ""H"", ""H"", ""H"", ""H"", ""H"", ""H"", ""H"", ""H"", ""H"", ""H"", ""H"", ""H"", ""O"", ""C"", ""O"", ""C"", ""C"", ""C"", ""C"", ""C"", ""C"", ""N"", ""C"", ""C"", ""C"", ""C"", ""C"", ""C"", ""C"", ""C"", ""C"", ""C"", ""Cl"", ""C"", ""Cl"", ""C"", ""C"", ""C"", ""H"", ""H"", ""H"", ""H"", ""H"", ""H"", ""H"", ""H"", ""H"", ""H"", ""H"", ""H"", ""H"", ""H"", ""H"", ""H"", ""H"", ""O"", ""C"", ""O"", ""C"", ""C"", ""C"", ""C"", ""C"", ""C"", ""N"", ""C"", ""C"", ""C"", ""C"", ""C"", ""C"", ""C"", ""C"", ""C"", ""C"", ""Cl"", ""C"", ""Cl"", ""C"", ""C"", ""C"", ""H"", ""H"", ""H"", ""H"", ""H"", ""H"", ""H"", ""H"", ""H"", ""H"", ""H"", ""H"", ""H"", ""H"", ""H"", ""H"", ""H""]",C84H68Cl8N4O8,"[true, true, true]","[16.511313793132672, 0.0, 0.0, 0.0, 16.71453167850501, 0.0, -1.5442513534452675, 0.0, 13.15381622889725]",3630.1754370221965,[],"{""cutoff=6.000_skin=0.000"": 7528, ""cutoff=6.000_skin=0.500"": 9428}",0.0,,
OPT-RFT-XAFPAY172-R512-v1,16360d404e1cc8ec5ea026f69f45c1e0d210a4962a9adca338d6dcf7b609da30,OPT-RFT-XAFPAY172-R512-v1:0468,XAFPAY_C4_14_4758_z1_43,8000a0b28835d0ab8ab40c8c9c2e0c59527fb9675379ed0d66964a3995e1cd0a,468,cross_family_test_set,XAFPAY/structures/XAFPAY_C4_14_4758_z1_43.cif,4084aed95fe65a3f979a5e7f2c54e25ace2885ed52f5324bd5077ad01812356d,8000a0b28835d0ab8ab40c8c9c2e0c59527fb9675379ed0d66964a3995e1cd0a,0,172,"[""O"", ""C"", ""O"", ""C"", ""C"", ""C"", ""C"", ""C"", ""C"", ""N"", ""C"", ""C"", ""C"", ""C"", ""C"", ""C"", ""C"", ""C"", ""C"", ""C"", ""Cl"", ""C"", ""Cl"", ""C"", ""C"", ""C"", ""H"", ""H"", ""H"", ""H"", ""H"", ""H"", ""H"", ""H"", ""H"", ""H"", ""H"", ""H"", ""H"", ""H"", ""H"", ""H"", ""H"", ""O"", ""C"", ""O"", ""C"", ""C"", ""C"", ""C"", ""C"", ""C"", ""N"", ""C"", ""C"", ""C"", ""C"", ""C"", ""C"", ""C"", ""C"", ""C"", ""C"", ""Cl"", ""C"", ""Cl"", ""C"", ""C"", ""C"", ""H"", ""H"", ""H"", ""H"", ""H"", ""H"", ""H"", ""H"", ""H"", ""H"", ""H"", ""H"", ""H"", ""H"", ""H"", ""H"", ""H"", ""O"", ""C"", ""O"", ""C"", ""C"", ""C"", ""C"", ""C"", ""C"", ""N"", ""C"", ""C"", ""C"", ""C"", ""C"", ""C"", ""C"", ""C"", ""C"", ""C"", ""Cl"", ""C"", ""Cl"", ""C"", ""C"", ""C"", ""H"", ""H"", ""H"", ""H"", ""H"", ""H"", ""H"", ""H"", ""H"", ""H"", ""H"", ""H"", ""H"", ""H"", ""H"", ""H"", ""H"", ""O"", ""C"", ""O"", ""C"", ""C"", ""C"", ""C"", ""C"", ""C"", ""N"", ""C"", ""C"", ""C"", ""C"", ""C"", ""C"", ""C"", ""C"", ""C"", ""C"", ""Cl"", ""C"", ""Cl"", ""C"", ""C"", ""C"", ""H"", ""H"", ""H"", ""H"", ""H"", ""H"", ""H"", ""H"", ""H"", ""H"", ""H"", ""H"", ""H"", ""H"", ""H"", ""H"", ""H""]",C84H68Cl8N4O8,"[true, true, true]","[9.862985906042425, 0.0, 0.0, 0.0, 32.893469345970566, 0.0, 6.764026937374882, 0.0, 11.266528632728516]",3655.1753746607114,[],"{""cutoff=6.000_skin=0.000"": 7544, ""cutoff=6.000_skin=0.500"": 9572}",0.0,,
OPT-RFT-XAFPAY172-R512-v1,16360d404e1cc8ec5ea026f69f45c1e0d210a4962a9adca338d6dcf7b609da30,OPT-RFT-XAFPAY172-R512-v1:0469,XAFPAY_C2_2_18508_z2_86,3f1ce7b9add2866efd0cf242a9269fe7af4a68f596b9e7f996f92af121925f22,469,cross_family_test_set,XAFPAY/structures/XAFPAY_C2_2_18508_z2_86.cif,bc77a17eb3160d91a136bbf7ca0b791dbd6050c567a211ab2199ccb12023c2b0,3f1ce7b9add2866efd0cf242a9269fe7af4a68f596b9e7f996f92af121925f22,0,172,"[""O"", ""C"", ""O"", ""C"", ""C"", ""C"", ""C"", ""C"", ""C"", ""N"", ""C"", ""C"", ""C"", ""C"", ""C"", ""C"", ""C"", ""C"", ""C"", ""C"", ""Cl"", ""C"", ""Cl"", ""C"", ""C"", ""C"", ""H"", ""H"", ""H"", ""H"", ""H"", ""H"", ""H"", ""H"", ""H"", ""H"", ""H"", ""H"", ""H"", ""H"", ""H"", ""H"", ""H"", ""O"", ""C"", ""O"", ""C"", ""C"", ""C"", ""C"", ""C"", ""C"", ""N"", ""C"", ""C"", ""C"", ""C"", ""C"", ""C"", ""C"", ""C"", ""C"", ""C"", ""Cl"", ""C"", ""Cl"", ""C"", ""C"", ""C"", ""H"", ""H"", ""H"", ""H"", ""H"", ""H"", ""H"", ""H"", ""H"", ""H"", ""H"", ""H"", ""H"", ""H"", ""H"", ""H"", ""H"", ""O"", ""C"", ""O"", ""C"", ""C"", ""C"", ""C"", ""C"", ""C"", ""N"", ""C"", ""C"", ""C"", ""C"", ""C"", ""C"", ""C"", ""C"", ""C"", ""C"", ""Cl"", ""C"", ""Cl"", ""C"", ""C"", ""C"", ""H"", ""H"", ""H"", ""H"", ""H"", ""H"", ""H"", ""H"", ""H"", ""H"", ""H"", ""H"", ""H"", ""H"", ""H"", ""H"", ""H"", ""O"", ""C"", ""O"", ""C"", ""C"", ""C"", ""C"", ""C"", ""C"", ""N"", ""C"", ""C"", ""C"", ""C"", ""C"", ""C"", ""C"", ""C"", ""C"", ""C"", ""Cl"", ""C"", ""Cl"", ""C"", ""C"", ""C"", ""H"", ""H"", ""H"", ""H"", ""H"", ""H"", ""H"", ""H"", ""H"", ""H"", ""H"", ""H"", ""H"", ""H"", ""H"", ""H"", ""H""]",C84H68Cl8N4O8,"[true, true, true]","[16.269799391739497, 0.0, 0.0, -3.973662359244277, 16.532638418704458, 0.0, 1.5111219977314296, 2.00973558639237, 15.824981832933462]",4256.646506853505,[],"{""cutoff=6.000_skin=0.000"": 7572, ""cutoff=6.000_skin=0.500"": 9026}",0.0,,
OPT-RFT-XAFPAY172-R512-v1,16360d404e1cc8ec5ea026f69f45c1e0d210a4962a9adca338d6dcf7b609da30,OPT-RFT-XAFPAY172-R512-v1:0470,XAFPAY_C1_14_3696_z1_43,1498a971b3dc465706f43e042bbe97dc5b4476ee3080cb22b23a372e703d34e4,470,cross_family_test_set,XAFPAY/structures/XAFPAY_C1_14_3696_z1_43.cif,bcb52dcdc61cb02d34898d5084ec3df5a45f177f81d9c9cc28f89ae40ef83e4d,1498a971b3dc465706f43e042bbe97dc5b4476ee3080cb22b23a372e703d34e4,0,172,"[""O"", ""C"", ""O"", ""C"", ""C"", ""C"", ""C"", ""C"", ""C"", ""N"", ""C"", ""C"", ""C"", ""C"", ""C"", ""C"", ""C"", ""C"", ""C"", ""C"", ""Cl"", ""C"", ""Cl"", ""C"", ""C"", ""C"", ""H"", ""H"", ""H"", ""H"", ""H"", ""H"", ""H"", ""H"", ""H"", ""H"", ""H"", ""H"", ""H"", ""H"", ""H"", ""H"", ""H"", ""O"", ""C"", ""O"", ""C"", ""C"", ""C"", ""C"", ""C"", ""C"", ""N"", ""C"", ""C"", ""C"", ""C"", ""C"", ""C"", ""C"", ""C"", ""C"", ""C"", ""Cl"", ""C"", ""Cl"", ""C"", ""C"", ""C"", ""H"", ""H"", ""H"", ""H"", ""H"", ""H"", ""H"", ""H"", ""H"", ""H"", ""H"", ""H"", ""H"", ""H"", ""H"", ""H"", ""H"", ""O"", ""C"", ""O"", ""C"", ""C"", ""C"", ""C"", ""C"", ""C"", ""N"", ""C"", ""C"", ""C"", ""C"", ""C"", ""C"", ""C"", ""C"", ""C"", ""C"", ""Cl"", ""C"", ""Cl"", ""C"", ""C"", ""C"", ""H"", ""H"", ""H"", ""H"", ""H"", ""H"", ""H"", ""H"", ""H"", ""H"", ""H"", ""H"", ""H"", ""H"", ""H"", ""H"", ""H"", ""O"", ""C"", ""O"", ""C"", ""C"", ""C"", ""C"", ""C"", ""C"", ""N"", ""C"", ""C"", ""C"", ""C"", ""C"", ""C"", ""C"", ""C"", ""C"", ""C"", ""Cl"", ""C"", ""Cl"", ""C"", ""C"", ""C"", ""H"", ""H"", ""H"", ""H"", ""H"", ""H"", ""H"", ""H"", ""H"", ""H"", ""H"", ""H"", ""H"", ""H"", ""H"", ""H"", ""H""]",C84H68Cl8N4O8,"[true, true, true]","[11.891046288164844, 0.0, 0.0, 0.0, 34.81226568550642, 0.0, -6.274562645539929, 0.0, 8.24591984013463]",3413.4336673949438,[],"{""cutoff=6.000_skin=0.000"": 7584, ""cutoff=6.000_skin=0.500"": 9720}",0.0,,
OPT-RFT-XAFPAY172-R512-v1,16360d404e1cc8ec5ea026f69f45c1e0d210a4962a9adca338d6dcf7b609da30,OPT-RFT-XAFPAY172-R512-v1:0471,XAFPAY_C2_14_2836_z1_43,cd4e3bf554bc67b718c291798b4bf888c813b82b9423aa6726b5df3a84efe6e8,471,cross_family_test_set,XAFPAY/structures/XAFPAY_C2_14_2836_z1_43.cif,b34e22070346e18278246a592fd771aeef116510e6cfeecb3ba753db88ddf249,cd4e3bf554bc67b718c291798b4bf888c813b82b9423aa6726b5df3a84efe6e8,0,172,"[""O"", ""C"", ""O"", ""C"", ""C"", ""C"", ""C"", ""C"", ""C"", ""N"", ""C"", ""C"", ""C"", ""C"", ""C"", ""C"", ""C"", ""C"", ""C"", ""C"", ""Cl"", ""C"", ""Cl"", ""C"", ""C"", ""C"", ""H"", ""H"", ""H"", ""H"", ""H"", ""H"", ""H"", ""H"", ""H"", ""H"", ""H"", ""H"", ""H"", ""H"", ""H"", ""H"", ""H"", ""O"", ""C"", ""O"", ""C"", ""C"", ""C"", ""C"", ""C"", ""C"", ""N"", ""C"", ""C"", ""C"", ""C"", ""C"", ""C"", ""C"", ""C"", ""C"", ""C"", ""Cl"", ""C"", ""Cl"", ""C"", ""C"", ""C"", ""H"", ""H"", ""H"", ""H"", ""H"", ""H"", ""H"", ""H"", ""H"", ""H"", ""H"", ""H"", ""H"", ""H"", ""H"", ""H"", ""H"", ""O"", ""C"", ""O"", ""C"", ""C"", ""C"", ""C"", ""C"", ""C"", ""N"", ""C"", ""C"", ""C"", ""C"", ""C"", ""C"", ""C"", ""C"", ""C"", ""C"", ""Cl"", ""C"", ""Cl"", ""C"", ""C"", ""C"", ""H"", ""H"", ""H"", ""H"", ""H"", ""H"", ""H"", ""H"", ""H"", ""H"", ""H"", ""H"", ""H"", ""H"", ""H"", ""H"", ""H"", ""O"", ""C"", ""O"", ""C"", ""C"", ""C"", ""C"", ""C"", ""C"", ""N"", ""C"", ""C"", ""C"", ""C"", ""C"", ""C"", ""C"", ""C"", ""C"", ""C"", ""Cl"", ""C"", ""Cl"", ""C"", ""C"", ""C"", ""H"", ""H"", ""H"", ""H"", ""H"", ""H"", ""H"", ""H"", ""H"", ""H"", ""H"", ""H"", ""H"", ""H"", ""H"", ""H"", ""H""]",C84H68Cl8N4O8,"[true, true, true]","[14.841082644572353, 0.0, 0.0, 0.0, 13.131607925023644, 0.0, 6.537887311984901, 0.0, 16.30823418559091]",3178.2673771040127,[],"{""cutoff=6.000_skin=0.000"": 7624, ""cutoff=6.000_skin=0.500"": 10000}",0.0,,
OPT-RFT-XAFPAY172-R512-v1,16360d404e1cc8ec5ea026f69f45c1e0d210a4962a9adca338d6dcf7b609da30,OPT-RFT-XAFPAY172-R512-v1:0472,XAFPAY_C3_14_4647_z1_43,fa02fb01f79488e17c3a677debeb45ebfe5d8df4f02380f0c9c1846ef684d0bf,472,cross_family_test_set,XAFPAY/structures/XAFPAY_C3_14_4647_z1_43.cif,332405f9696afc355dc8672e33673b2457d5650bc761dfded76babf4b99c6485,fa02fb01f79488e17c3a677debeb45ebfe5d8df4f02380f0c9c1846ef684d0bf,0,172,"[""O"", ""C"", ""O"", ""C"", ""C"", ""C"", ""C"", ""C"", ""C"", ""N"", ""C"", ""C"", ""C"", ""C"", ""C"", ""C"", ""C"", ""C"", ""C"", ""C"", ""Cl"", ""C"", ""Cl"", ""C"", ""C"", ""C"", ""H"", ""H"", ""H"", ""H"", ""H"", ""H"", ""H"", ""H"", ""H"", ""H"", ""H"", ""H"", ""H"", ""H"", ""H"", ""H"", ""H"", ""O"", ""C"", ""O"", ""C"", ""C"", ""C"", ""C"", ""C"", ""C"", ""N"", ""C"", ""C"", ""C"", ""C"", ""C"", ""C"", ""C"", ""C"", ""C"", ""C"", ""Cl"", ""C"", ""Cl"", ""C"", ""C"", ""C"", ""H"", ""H"", ""H"", ""H"", ""H"", ""H"", ""H"", ""H"", ""H"", ""H"", ""H"", ""H"", ""H"", ""H"", ""H"", ""H"", ""H"", ""O"", ""C"", ""O"", ""C"", ""C"", ""C"", ""C"", ""C"", ""C"", ""N"", ""C"", ""C"", ""C"", ""C"", ""C"", ""C"", ""C"", ""C"", ""C"", ""C"", ""Cl"", ""C"", ""Cl"", ""C"", ""C"", ""C"", ""H"", ""H"", ""H"", ""H"", ""H"", ""H"", ""H"", ""H"", ""H"", ""H"", ""H"", ""H"", ""H"", ""H"", ""H"", ""H"", ""H"", ""O"", ""C"", ""O"", ""C"", ""C"", ""C"", ""C"", ""C"", ""C"", ""N"", ""C"", ""C"", ""C"", ""C"", ""C"", ""C"", ""C"", ""C"", ""C"", ""C"", ""Cl"", ""C"", ""Cl"", ""C"", ""C"", ""C"", ""H"", ""H"", ""H"", ""H"", ""H"", ""H"", ""H"", ""H"", ""H"", ""H"", ""H"", ""H"", ""H"", ""H"", ""H"", ""H"", ""H""]",C84H68Cl8N4O8,"[true, true, true]","[10.415054422813625, 0.0, 0.0, 0.0, 26.88729607134333, 0.0, -2.2026577818956303, 0.0, 12.49166898759558]",3498.075192820466,[],"{""cutoff=6.000_skin=0.000"": 7644, ""cutoff=6.000_skin=0.500"": 9576}",0.0,,
OPT-RFT-XAFPAY172-R512-v1,16360d404e1cc8ec5ea026f69f45c1e0d210a4962a9adca338d6dcf7b609da30,OPT-RFT-XAFPAY172-R512-v1:0473,XAFPAY_C2_14_3050_z1_43,7acaebeee4ba5ca3c7f71393fa172acc5b5a06cfab0e33986420ba862431122f,473,cross_family_test_set,XAFPAY/structures/XAFPAY_C2_14_3050_z1_43.cif,65fc8fdfa7d6197259d7eed8cf5e48cba6f22c90e2346cf948af68d5917dcaf5,7acaebeee4ba5ca3c7f71393fa172acc5b5a06cfab0e33986420ba862431122f,0,172,"[""O"", ""C"", ""O"", ""C"", ""C"", ""C"", ""C"", ""C"", ""C"", ""N"", ""C"", ""C"", ""C"", ""C"", ""C"", ""C"", ""C"", ""C"", ""C"", ""C"", ""Cl"", ""C"", ""Cl"", ""C"", ""C"", ""C"", ""H"", ""H"", ""H"", ""H"", ""H"", ""H"", ""H"", ""H"", ""H"", ""H"", ""H"", ""H"", ""H"", ""H"", ""H"", ""H"", ""H"", ""O"", ""C"", ""O"", ""C"", ""C"", ""C"", ""C"", ""C"", ""C"", ""N"", ""C"", ""C"", ""C"", ""C"", ""C"", ""C"", ""C"", ""C"", ""C"", ""C"", ""Cl"", ""C"", ""Cl"", ""C"", ""C"", ""C"", ""H"", ""H"", ""H"", ""H"", ""H"", ""H"", ""H"", ""H"", ""H"", ""H"", ""H"", ""H"", ""H"", ""H"", ""H"", ""H"", ""H"", ""O"", ""C"", ""O"", ""C"", ""C"", ""C"", ""C"", ""C"", ""C"", ""N"", ""C"", ""C"", ""C"", ""C"", ""C"", ""C"", ""C"", ""C"", ""C"", ""C"", ""Cl"", ""C"", ""Cl"", ""C"", ""C"", ""C"", ""H"", ""H"", ""H"", ""H"", ""H"", ""H"", ""H"", ""H"", ""H"", ""H"", ""H"", ""H"", ""H"", ""H"", ""H"", ""H"", ""H"", ""O"", ""C"", ""O"", ""C"", ""C"", ""C"", ""C"", ""C"", ""C"", ""N"", ""C"", ""C"", ""C"", ""C"", ""C"", ""C"", ""C"", ""C"", ""C"", ""C"", ""Cl"", ""C"", ""Cl"", ""C"", ""C"", ""C"", ""H"", ""H"", ""H"", ""H"", ""H"", ""H"", ""H"", ""H"", ""H"", ""H"", ""H"", ""H"", ""H"", ""H"", ""H"", ""H"", ""H""]",C84H68Cl8N4O8,"[true, true, true]","[18.131242029209247, 0.0, 0.0, 0.0, 20.13055144371001, 0.0, 4.612745902937292, 0.0, 9.360557928440054]",3416.5278271744573,[],"{""cutoff=6.000_skin=0.000"": 7664, ""cutoff=6.000_skin=0.500"": 9760}",0.0,,
OPT-RFT-XAFPAY172-R512-v1,16360d404e1cc8ec5ea026f69f45c1e0d210a4962a9adca338d6dcf7b609da30,OPT-RFT-XAFPAY172-R512-v1:0474,XAFPAY_C4_2_13081_z2_86,150db7a30f30605384500590b5a872aa22b5e96476697ce612b98859c31bc236,474,cross_family_test_set,XAFPAY/structures/XAFPAY_C4_2_13081_z2_86.cif,509284c6ed625194f5b102198b77d42ea9fcd0ac2bbe554c504c1a96087bf28e,150db7a30f30605384500590b5a872aa22b5e96476697ce612b98859c31bc236,0,172,"[""O"", ""C"", ""O"", ""C"", ""C"", ""C"", ""C"", ""C"", ""C"", ""N"", ""C"", ""C"", ""C"", ""C"", ""C"", ""C"", ""C"", ""C"", ""C"", ""C"", ""Cl"", ""C"", ""Cl"", ""C"", ""C"", ""C"", ""H"", ""H"", ""H"", ""H"", ""H"", ""H"", ""H"", ""H"", ""H"", ""H"", ""H"", ""H"", ""H"", ""H"", ""H"", ""H"", ""H"", ""O"", ""C"", ""O"", ""C"", ""C"", ""C"", ""C"", ""C"", ""C"", ""N"", ""C"", ""C"", ""C"", ""C"", ""C"", ""C"", ""C"", ""C"", ""C"", ""C"", ""Cl"", ""C"", ""Cl"", ""C"", ""C"", ""C"", ""H"", ""H"", ""H"", ""H"", ""H"", ""H"", ""H"", ""H"", ""H"", ""H"", ""H"", ""H"", ""H"", ""H"", ""H"", ""H"", ""H"", ""O"", ""C"", ""O"", ""C"", ""C"", ""C"", ""C"", ""C"", ""C"", ""N"", ""C"", ""C"", ""C"", ""C"", ""C"", ""C"", ""C"", ""C"", ""C"", ""C"", ""Cl"", ""C"", ""Cl"", ""C"", ""C"", ""C"", ""H"", ""H"", ""H"", ""H"", ""H"", ""H"", ""H"", ""H"", ""H"", ""H"", ""H"", ""H"", ""H"", ""H"", ""H"", ""H"", ""H"", ""O"", ""C"", ""O"", ""C"", ""C"", ""C"", ""C"", ""C"", ""C"", ""N"", ""C"", ""C"", ""C"", ""C"", ""C"", ""C"", ""C"", ""C"", ""C"", ""C"", ""Cl"", ""C"", ""Cl"", ""C"", ""C"", ""C"", ""H"", ""H"", ""H"", ""H"", ""H"", ""H"", ""H"", ""H"", ""H"", ""H"", ""H"", ""H"", ""H"", ""H"", ""H"", ""H"", ""H""]",C84H68Cl8N4O8,"[true, true, true]","[14.050762206734078, 0.0, 0.0, -8.352284083968781, 16.917695532281734, 0.0, 7.504446399239759, -2.4203460113058886, 16.764532584888965]",3985.0386500549157,[],"{""cutoff=6.000_skin=0.000"": 7678, ""cutoff=6.000_skin=0.500"": 9618}",0.0,,
OPT-RFT-XAFPAY172-R512-v1,16360d404e1cc8ec5ea026f69f45c1e0d210a4962a9adca338d6dcf7b609da30,OPT-RFT-XAFPAY172-R512-v1:0475,XAFPAY_C3_14_1970_z1_43,1e08c4a71304eed5345854a5700677c4db94dad5abb733a8de9f79f5caa4e1be,475,cross_family_test_set,XAFPAY/structures/XAFPAY_C3_14_1970_z1_43.cif,0069c39900c5e1e91236f58f80795f7f8fe94ab4446b37cf304fe1ba0bf6d30d,1e08c4a71304eed5345854a5700677c4db94dad5abb733a8de9f79f5caa4e1be,0,172,"[""O"", ""C"", ""O"", ""C"", ""C"", ""C"", ""C"", ""C"", ""C"", ""N"", ""C"", ""C"", ""C"", ""C"", ""C"", ""C"", ""C"", ""C"", ""C"", ""C"", ""Cl"", ""C"", ""Cl"", ""C"", ""C"", ""C"", ""H"", ""H"", ""H"", ""H"", ""H"", ""H"", ""H"", ""H"", ""H"", ""H"", ""H"", ""H"", ""H"", ""H"", ""H"", ""H"", ""H"", ""O"", ""C"", ""O"", ""C"", ""C"", ""C"", ""C"", ""C"", ""C"", ""N"", ""C"", ""C"", ""C"", ""C"", ""C"", ""C"", ""C"", ""C"", ""C"", ""C"", ""Cl"", ""C"", ""Cl"", ""C"", ""C"", ""C"", ""H"", ""H"", ""H"", ""H"", ""H"", ""H"", ""H"", ""H"", ""H"", ""H"", ""H"", ""H"", ""H"", ""H"", ""H"", ""H"", ""H"", ""O"", ""C"", ""O"", ""C"", ""C"", ""C"", ""C"", ""C"", ""C"", ""N"", ""C"", ""C"", ""C"", ""C"", ""C"", ""C"", ""C"", ""C"", ""C"", ""C"", ""Cl"", ""C"", ""Cl"", ""C"", ""C"", ""C"", ""H"", ""H"", ""H"", ""H"", ""H"", ""H"", ""H"", ""H"", ""H"", ""H"", ""H"", ""H"", ""H"", ""H"", ""H"", ""H"", ""H"", ""O"", ""C"", ""O"", ""C"", ""C"", ""C"", ""C"", ""C"", ""C"", ""N"", ""C"", ""C"", ""C"", ""C"", ""C"", ""C"", ""C"", ""C"", ""C"", ""C"", ""Cl"", ""C"", ""Cl"", ""C"", ""C"", ""C"", ""H"", ""H"", ""H"", ""H"", ""H"", ""H"", ""H"", ""H"", ""H"", ""H"", ""H"", ""H"", ""H"", ""H"", ""H"", ""H"", ""H""]",C84H68Cl8N4O8,"[true, true, true]","[5.3071849177234665, 0.0, 0.0, 0.0, 30.814300475969873, 0.0, 3.519673373257882, 0.0, 26.745474853951976]",4373.8798225227565,[],"{""cutoff=6.000_skin=0.000"": 7696, ""cutoff=6.000_skin=0.500"": 9564}",0.0,,
OPT-RFT-XAFPAY172-R512-v1,16360d404e1cc8ec5ea026f69f45c1e0d210a4962a9adca338d6dcf7b609da30,OPT-RFT-XAFPAY172-R512-v1:0476,XAFPAY_C2_14_313_z1_43,37e99b58004a2dcd7f392e8012c7e481f79a9f6532d4d549a3607d49664b1821,476,cross_family_test_set,XAFPAY/structures/XAFPAY_C2_14_313_z1_43.cif,72d5600ed8048850af510c649a7801cf0367d81b47afbaae1fddaf63b6fed9f7,37e99b58004a2dcd7f392e8012c7e481f79a9f6532d4d549a3607d49664b1821,0,172,"[""O"", ""C"", ""O"", ""C"", ""C"", ""C"", ""C"", ""C"", ""C"", ""N"", ""C"", ""C"", ""C"", ""C"", ""C"", ""C"", ""C"", ""C"", ""C"", ""C"", ""Cl"", ""C"", ""Cl"", ""C"", ""C"", ""C"", ""H"", ""H"", ""H"", ""H"", ""H"", ""H"", ""H"", ""H"", ""H"", ""H"", ""H"", ""H"", ""H"", ""H"", ""H"", ""H"", ""H"", ""O"", ""C"", ""O"", ""C"", ""C"", ""C"", ""C"", ""C"", ""C"", ""N"", ""C"", ""C"", ""C"", ""C"", ""C"", ""C"", ""C"", ""C"", ""C"", ""C"", ""Cl"", ""C"", ""Cl"", ""C"", ""C"", ""C"", ""H"", ""H"", ""H"", ""H"", ""H"", ""H"", ""H"", ""H"", ""H"", ""H"", ""H"", ""H"", ""H"", ""H"", ""H"", ""H"", ""H"", ""O"", ""C"", ""O"", ""C"", ""C"", ""C"", ""C"", ""C"", ""C"", ""N"", ""C"", ""C"", ""C"", ""C"", ""C"", ""C"", ""C"", ""C"", ""C"", ""C"", ""Cl"", ""C"", ""Cl"", ""C"", ""C"", ""C"", ""H"", ""H"", ""H"", ""H"", ""H"", ""H"", ""H"", ""H"", ""H"", ""H"", ""H"", ""H"", ""H"", ""H"", ""H"", ""H"", ""H"", ""O"", ""C"", ""O"", ""C"", ""C"", ""C"", ""C"", ""C"", ""C"", ""N"", ""C"", ""C"", ""C"", ""C"", ""C"", ""C"", ""C"", ""C"", ""C"", ""C"", ""Cl"", ""C"", ""Cl"", ""C"", ""C"", ""C"", ""H"", ""H"", ""H"", ""H"", ""H"", ""H"", ""H"", ""H"", ""H"", ""H"", ""H"", ""H"", ""H"", ""H"", ""H"", ""H"", ""H""]",C84H68Cl8N4O8,"[true, true, true]","[16.01198613100722, 0.0, 0.0, 0.0, 14.750096942461951, 0.0, -7.45151403081168, 0.0, 14.319113224640388]",3381.8645015483767,[],"{""cutoff=6.000_skin=0.000"": 7740, ""cutoff=6.000_skin=0.500"": 9504}",0.0,,
OPT-RFT-XAFPAY172-R512-v1,16360d404e1cc8ec5ea026f69f45c1e0d210a4962a9adca338d6dcf7b609da30,OPT-RFT-XAFPAY172-R512-v1:0477,XAFPAY_C2_14_3592_z1_43,acaad8e7773a84945a3a638916ea9b40bfa6be43564b118b5902e721605ef189,477,cross_family_test_set,XAFPAY/structures/XAFPAY_C2_14_3592_z1_43.cif,06b39695a783e7d32350330d7cb689ce84915e562a642e5e8726ad4f24a313b7,acaad8e7773a84945a3a638916ea9b40bfa6be43564b118b5902e721605ef189,0,172,"[""O"", ""C"", ""O"", ""C"", ""C"", ""C"", ""C"", ""C"", ""C"", ""N"", ""C"", ""C"", ""C"", ""C"", ""C"", ""C"", ""C"", ""C"", ""C"", ""C"", ""Cl"", ""C"", ""Cl"", ""C"", ""C"", ""C"", ""H"", ""H"", ""H"", ""H"", ""H"", ""H"", ""H"", ""H"", ""H"", ""H"", ""H"", ""H"", ""H"", ""H"", ""H"", ""H"", ""H"", ""O"", ""C"", ""O"", ""C"", ""C"", ""C"", ""C"", ""C"", ""C"", ""N"", ""C"", ""C"", ""C"", ""C"", ""C"", ""C"", ""C"", ""C"", ""C"", ""C"", ""Cl"", ""C"", ""Cl"", ""C"", ""C"", ""C"", ""H"", ""H"", ""H"", ""H"", ""H"", ""H"", ""H"", ""H"", ""H"", ""H"", ""H"", ""H"", ""H"", ""H"", ""H"", ""H"", ""H"", ""O"", ""C"", ""O"", ""C"", ""C"", ""C"", ""C"", ""C"", ""C"", ""N"", ""C"", ""C"", ""C"", ""C"", ""C"", ""C"", ""C"", ""C"", ""C"", ""C"", ""Cl"", ""C"", ""Cl"", ""C"", ""C"", ""C"", ""H"", ""H"", ""H"", ""H"", ""H"", ""H"", ""H"", ""H"", ""H"", ""H"", ""H"", ""H"", ""H"", ""H"", ""H"", ""H"", ""H"", ""O"", ""C"", ""O"", ""C"", ""C"", ""C"", ""C"", ""C"", ""C"", ""N"", ""C"", ""C"", ""C"", ""C"", ""C"", ""C"", ""C"", ""C"", ""C"", ""C"", ""Cl"", ""C"", ""Cl"", ""C"", ""C"", ""C"", ""H"", ""H"", ""H"", ""H"", ""H"", ""H"", ""H"", ""H"", ""H"", ""H"", ""H"", ""H"", ""H"", ""H"", ""H"", ""H"", ""H""]",C84H68Cl8N4O8,"[true, true, true]","[7.64597811568693, 0.0, 0.0, 0.0, 24.799568148916507, 0.0, -2.6348125426929587, 0.0, 19.743599690148287]",3743.7212607984197,[],"{""cutoff=6.000_skin=0.000"": 7748, ""cutoff=6.000_skin=0.500"": 9520}",0.0,,
OPT-RFT-XAFPAY172-R512-v1,16360d404e1cc8ec5ea026f69f45c1e0d210a4962a9adca338d6dcf7b609da30,OPT-RFT-XAFPAY172-R512-v1:0478,XAFPAY_C3_14_1068_z1_43,81f079730bcf298c1c345f2222d5dfc6bcd87de0f8fd23f06046bdd4596049bf,478,cross_family_test_set,XAFPAY/structures/XAFPAY_C3_14_1068_z1_43.cif,c7e56fb39842d9193e2cf5802f11ed9860d85cdea029d2d8f461459c16300ad1,81f079730bcf298c1c345f2222d5dfc6bcd87de0f8fd23f06046bdd4596049bf,0,172,"[""O"", ""C"", ""O"", ""C"", ""C"", ""C"", ""C"", ""C"", ""C"", ""N"", ""C"", ""C"", ""C"", ""C"", ""C"", ""C"", ""C"", ""C"", ""C"", ""C"", ""Cl"", ""C"", ""Cl"", ""C"", ""C"", ""C"", ""H"", ""H"", ""H"", ""H"", ""H"", ""H"", ""H"", ""H"", ""H"", ""H"", ""H"", ""H"", ""H"", ""H"", ""H"", ""H"", ""H"", ""O"", ""C"", ""O"", ""C"", ""C"", ""C"", ""C"", ""C"", ""C"", ""N"", ""C"", ""C"", ""C"", ""C"", ""C"", ""C"", ""C"", ""C"", ""C"", ""C"", ""Cl"", ""C"", ""Cl"", ""C"", ""C"", ""C"", ""H"", ""H"", ""H"", ""H"", ""H"", ""H"", ""H"", ""H"", ""H"", ""H"", ""H"", ""H"", ""H"", ""H"", ""H"", ""H"", ""H"", ""O"", ""C"", ""O"", ""C"", ""C"", ""C"", ""C"", ""C"", ""C"", ""N"", ""C"", ""C"", ""C"", ""C"", ""C"", ""C"", ""C"", ""C"", ""C"", ""C"", ""Cl"", ""C"", ""Cl"", ""C"", ""C"", ""C"", ""H"", ""H"", ""H"", ""H"", ""H"", ""H"", ""H"", ""H"", ""H"", ""H"", ""H"", ""H"", ""H"", ""H"", ""H"", ""H"", ""H"", ""O"", ""C"", ""O"", ""C"", ""C"", ""C"", ""C"", ""C"", ""C"", ""N"", ""C"", ""C"", ""C"", ""C"", ""C"", ""C"", ""C"", ""C"", ""C"", ""C"", ""Cl"", ""C"", ""Cl"", ""C"", ""C"", ""C"", ""H"", ""H"", ""H"", ""H"", ""H"", ""H"", ""H"", ""H"", ""H"", ""H"", ""H"", ""H"", ""H"", ""H"", ""H"", ""H"", ""H""]",C84H68Cl8N4O8,"[true, true, true]","[17.584302888142417, 0.0, 0.0, 0.0, 16.363162032354467, 0.0, -10.217611834715036, 0.0, 13.143664783686747]",3781.8897234261685,[],"{""cutoff=6.000_skin=0.000"": 7772, ""cutoff=6.000_skin=0.500"": 9764}",0.0,,
OPT-RFT-XAFPAY172-R512-v1,16360d404e1cc8ec5ea026f69f45c1e0d210a4962a9adca338d6dcf7b609da30,OPT-RFT-XAFPAY172-R512-v1:0479,XAFPAY_C4_14_4720_z1_43,242164a19e0ad8b37bfaf64499f7b1b544e0739c6fd64b3a75e25c9713ff4f68,479,cross_family_test_set,XAFPAY/structures/XAFPAY_C4_14_4720_z1_43.cif,3b3c6a92f7e520fdecfc706be27ffbf58b404c9de243271514221527217160dd,242164a19e0ad8b37bfaf64499f7b1b544e0739c6fd64b3a75e25c9713ff4f68,0,172,"[""O"", ""C"", ""O"", ""C"", ""C"", ""C"", ""C"", ""C"", ""C"", ""N"", ""C"", ""C"", ""C"", ""C"", ""C"", ""C"", ""C"", ""C"", ""C"", ""C"", ""Cl"", ""C"", ""Cl"", ""C"", ""C"", ""C"", ""H"", ""H"", ""H"", ""H"", ""H"", ""H"", ""H"", ""H"", ""H"", ""H"", ""H"", ""H"", ""H"", ""H"", ""H"", ""H"", ""H"", ""O"", ""C"", ""O"", ""C"", ""C"", ""C"", ""C"", ""C"", ""C"", ""N"", ""C"", ""C"", ""C"", ""C"", ""C"", ""C"", ""C"", ""C"", ""C"", ""C"", ""Cl"", ""C"", ""Cl"", ""C"", ""C"", ""C"", ""H"", ""H"", ""H"", ""H"", ""H"", ""H"", ""H"", ""H"", ""H"", ""H"", ""H"", ""H"", ""H"", ""H"", ""H"", ""H"", ""H"", ""O"", ""C"", ""O"", ""C"", ""C"", ""C"", ""C"", ""C"", ""C"", ""N"", ""C"", ""C"", ""C"", ""C"", ""C"", ""C"", ""C"", ""C"", ""C"", ""C"", ""Cl"", ""C"", ""Cl"", ""C"", ""C"", ""C"", ""H"", ""H"", ""H"", ""H"", ""H"", ""H"", ""H"", ""H"", ""H"", ""H"", ""H"", ""H"", ""H"", ""H"", ""H"", ""H"", ""H"", ""O"", ""C"", ""O"", ""C"", ""C"", ""C"", ""C"", ""C"", ""C"", ""N"", ""C"", ""C"", ""C"", ""C"", ""C"", ""C"", ""C"", ""C"", ""C"", ""C"", ""Cl"", ""C"", ""Cl"", ""C"", ""C"", ""C"", ""H"", ""H"", ""H"", ""H"", ""H"", ""H"", ""H"", ""H"", ""H"", ""H"", ""H"", ""H"", ""H"", ""H"", ""H"", ""H"", ""H""]",C84H68Cl8N4O8,"[true, true, true]","[20.692276987404373, 0.0, 0.0, 0.0, 11.750426522721078, 0.0, -6.628598028001589, 0.0, 15.387217356939031]",3741.2954258470477,[],"{""cutoff=6.000_skin=0.000"": 7788, ""cutoff=6.000_skin=0.500"": 9956}",0.0,,
OPT-RFT-XAFPAY172-R512-v1,16360d404e1cc8ec5ea026f69f45c1e0d210a4962a9adca338d6dcf7b609da30,OPT-RFT-XAFPAY172-R512-v1:0480,XAFPAY_C2_14_2223_z1_43,d578af0fc52726103612da2d87fc51e6f3a16ae9926c41233ae702233bc03a2e,480,cross_family_test_set,XAFPAY/structures/XAFPAY_C2_14_2223_z1_43.cif,691962191123ec49a4a0d4133cd247165277573c3cf938b263aa946bee9bc9c3,d578af0fc52726103612da2d87fc51e6f3a16ae9926c41233ae702233bc03a2e,0,172,"[""O"", ""C"", ""O"", ""C"", ""C"", ""C"", ""C"", ""C"", ""C"", ""N"", ""C"", ""C"", ""C"", ""C"", ""C"", ""C"", ""C"", ""C"", ""C"", ""C"", ""Cl"", ""C"", ""Cl"", ""C"", ""C"", ""C"", ""H"", ""H"", ""H"", ""H"", ""H"", ""H"", ""H"", ""H"", ""H"", ""H"", ""H"", ""H"", ""H"", ""H"", ""H"", ""H"", ""H"", ""O"", ""C"", ""O"", ""C"", ""C"", ""C"", ""C"", ""C"", ""C"", ""N"", ""C"", ""C"", ""C"", ""C"", ""C"", ""C"", ""C"", ""C"", ""C"", ""C"", ""Cl"", ""C"", ""Cl"", ""C"", ""C"", ""C"", ""H"", ""H"", ""H"", ""H"", ""H"", ""H"", ""H"", ""H"", ""H"", ""H"", ""H"", ""H"", ""H"", ""H"", ""H"", ""H"", ""H"", ""O"", ""C"", ""O"", ""C"", ""C"", ""C"", ""C"", ""C"", ""C"", ""N"", ""C"", ""C"", ""C"", ""C"", ""C"", ""C"", ""C"", ""C"", ""C"", ""C"", ""Cl"", ""C"", ""Cl"", ""C"", ""C"", ""C"", ""H"", ""H"", ""H"", ""H"", ""H"", ""H"", ""H"", ""H"", ""H"", ""H"", ""H"", ""H"", ""H"", ""H"", ""H"", ""H"", ""H"", ""O"", ""C"", ""O"", ""C"", ""C"", ""C"", ""C"", ""C"", ""C"", ""N"", ""C"", ""C"", ""C"", ""C"", ""C"", ""C"", ""C"", ""C"", ""C"", ""C"", ""Cl"", ""C"", ""Cl"", ""C"", ""C"", ""C"", ""H"", ""H"", ""H"", ""H"", ""H"", ""H"", ""H"", ""H"", ""H"", ""H"", ""H"", ""H"", ""H"", ""H"", ""H"", ""H"", ""H""]",C84H68Cl8N4O8,"[true, true, true]","[15.125831198081876, 0.0, 0.0, 0.0, 15.02716627579537, 0.0, -2.834229492207663, 0.0, 16.242785073440142]",3691.9587415670376,[],"{""cutoff=6.000_skin=0.000"": 7804, ""cutoff=6.000_skin=0.500"": 9604}",0.0,,
OPT-RFT-XAFPAY172-R512-v1,16360d404e1cc8ec5ea026f69f45c1e0d210a4962a9adca338d6dcf7b609da30,OPT-RFT-XAFPAY172-R512-v1:0481,XAFPAY_C3_14_2860_z1_43,9c37185f2bcbe799a8c32bd307770fd822ac6d05043e6bee93969e09c9eab9bf,481,cross_family_test_set,XAFPAY/structures/XAFPAY_C3_14_2860_z1_43.cif,e48a2f2fa260ea835528ad21593b4839902834adcca860003c353704ae0ba560,9c37185f2bcbe799a8c32bd307770fd822ac6d05043e6bee93969e09c9eab9bf,0,172,"[""O"", ""C"", ""O"", ""C"", ""C"", ""C"", ""C"", ""C"", ""C"", ""N"", ""C"", ""C"", ""C"", ""C"", ""C"", ""C"", ""C"", ""C"", ""C"", ""C"", ""Cl"", ""C"", ""Cl"", ""C"", ""C"", ""C"", ""H"", ""H"", ""H"", ""H"", ""H"", ""H"", ""H"", ""H"", ""H"", ""H"", ""H"", ""H"", ""H"", ""H"", ""H"", ""H"", ""H"", ""O"", ""C"", ""O"", ""C"", ""C"", ""C"", ""C"", ""C"", ""C"", ""N"", ""C"", ""C"", ""C"", ""C"", ""C"", ""C"", ""C"", ""C"", ""C"", ""C"", ""Cl"", ""C"", ""Cl"", ""C"", ""C"", ""C"", ""H"", ""H"", ""H"", ""H"", ""H"", ""H"", ""H"", ""H"", ""H"", ""H"", ""H"", ""H"", ""H"", ""H"", ""H"", ""H"", ""H"", ""O"", ""C"", ""O"", ""C"", ""C"", ""C"", ""C"", ""C"", ""C"", ""N"", ""C"", ""C"", ""C"", ""C"", ""C"", ""C"", ""C"", ""C"", ""C"", ""C"", ""Cl"", ""C"", ""Cl"", ""C"", ""C"", ""C"", ""H"", ""H"", ""H"", ""H"", ""H"", ""H"", ""H"", ""H"", ""H"", ""H"", ""H"", ""H"", ""H"", ""H"", ""H"", ""H"", ""H"", ""O"", ""C"", ""O"", ""C"", ""C"", ""C"", ""C"", ""C"", ""C"", ""N"", ""C"", ""C"", ""C"", ""C"", ""C"", ""C"", ""C"", ""C"", ""C"", ""C"", ""Cl"", ""C"", ""Cl"", ""C"", ""C"", ""C"", ""H"", ""H"", ""H"", ""H"", ""H"", ""H"", ""H"", ""H"", ""H"", ""H"", ""H"", ""H"", ""H"", ""H"", ""H"", ""H"", ""H""]",C84H68Cl8N4O8,"[true, true, true]","[15.343816139337065, 0.0, 0.0, 0.0, 14.741896092257946, 0.0, 0.9453667938779772, 0.0, 14.235887659656965]",3220.1142721368683,[],"{""cutoff=6.000_skin=0.000"": 7812, ""cutoff=6.000_skin=0.500"": 10056}",0.0,,
OPT-RFT-XAFPAY172-R512-v1,16360d404e1cc8ec5ea026f69f45c1e0d210a4962a9adca338d6dcf7b609da30,OPT-RFT-XAFPAY172-R512-v1:0482,XAFPAY_C1_14_1582_z1_43,9df38e18125d7bc35859722127323178be19ce7ccbed483613e61bff5adedbef,482,cross_family_test_set,XAFPAY/structures/XAFPAY_C1_14_1582_z1_43.cif,d973349407916a2a2ec7e91b87ad04502370772860d7594f9fdbd4def34eb699,9df38e18125d7bc35859722127323178be19ce7ccbed483613e61bff5adedbef,0,172,"[""O"", ""C"", ""O"", ""C"", ""C"", ""C"", ""C"", ""C"", ""C"", ""N"", ""C"", ""C"", ""C"", ""C"", ""C"", ""C"", ""C"", ""C"", ""C"", ""C"", ""Cl"", ""C"", ""Cl"", ""C"", ""C"", ""C"", ""H"", ""H"", ""H"", ""H"", ""H"", ""H"", ""H"", ""H"", ""H"", ""H"", ""H"", ""H"", ""H"", ""H"", ""H"", ""H"", ""H"", ""O"", ""C"", ""O"", ""C"", ""C"", ""C"", ""C"", ""C"", ""C"", ""N"", ""C"", ""C"", ""C"", ""C"", ""C"", ""C"", ""C"", ""C"", ""C"", ""C"", ""Cl"", ""C"", ""Cl"", ""C"", ""C"", ""C"", ""H"", ""H"", ""H"", ""H"", ""H"", ""H"", ""H"", ""H"", ""H"", ""H"", ""H"", ""H"", ""H"", ""H"", ""H"", ""H"", ""H"", ""O"", ""C"", ""O"", ""C"", ""C"", ""C"", ""C"", ""C"", ""C"", ""N"", ""C"", ""C"", ""C"", ""C"", ""C"", ""C"", ""C"", ""C"", ""C"", ""C"", ""Cl"", ""C"", ""Cl"", ""C"", ""C"", ""C"", ""H"", ""H"", ""H"", ""H"", ""H"", ""H"", ""H"", ""H"", ""H"", ""H"", ""H"", ""H"", ""H"", ""H"", ""H"", ""H"", ""H"", ""O"", ""C"", ""O"", ""C"", ""C"", ""C"", ""C"", ""C"", ""C"", ""N"", ""C"", ""C"", ""C"", ""C"", ""C"", ""C"", ""C"", ""C"", ""C"", ""C"", ""Cl"", ""C"", ""Cl"", ""C"", ""C"", ""C"", ""H"", ""H"", ""H"", ""H"", ""H"", ""H"", ""H"", ""H"", ""H"", ""H"", ""H"", ""H"", ""H"", ""H"", ""H"", ""H"", ""H""]",C84H68Cl8N4O8,"[true, true, true]","[16.01396537934653, 0.0, 0.0, 0.0, 14.145277631462214, 0.0, 3.9701702267915118, 0.0, 14.381836976072899]",3257.802278052656,[],"{""cutoff=6.000_skin=0.000"": 7848, ""cutoff=6.000_skin=0.500"": 10132}",0.0,,
OPT-RFT-XAFPAY172-R512-v1,16360d404e1cc8ec5ea026f69f45c1e0d210a4962a9adca338d6dcf7b609da30,OPT-RFT-XAFPAY172-R512-v1:0483,XAFPAY_C4_14_2857_z1_43,393b4e24571e81ce0b32c1b6291be522d075ed696f1c4694eb2b334e6faa7e6a,483,cross_family_test_set,XAFPAY/structures/XAFPAY_C4_14_2857_z1_43.cif,db75c3a715dea293fc0bbd18ba6a34092ca0ddfa9171e43e222d882c92a6458b,393b4e24571e81ce0b32c1b6291be522d075ed696f1c4694eb2b334e6faa7e6a,0,172,"[""O"", ""C"", ""O"", ""C"", ""C"", ""C"", ""C"", ""C"", ""C"", ""N"", ""C"", ""C"", ""C"", ""C"", ""C"", ""C"", ""C"", ""C"", ""C"", ""C"", ""Cl"", ""C"", ""Cl"", ""C"", ""C"", ""C"", ""H"", ""H"", ""H"", ""H"", ""H"", ""H"", ""H"", ""H"", ""H"", ""H"", ""H"", ""H"", ""H"", ""H"", ""H"", ""H"", ""H"", ""O"", ""C"", ""O"", ""C"", ""C"", ""C"", ""C"", ""C"", ""C"", ""N"", ""C"", ""C"", ""C"", ""C"", ""C"", ""C"", ""C"", ""C"", ""C"", ""C"", ""Cl"", ""C"", ""Cl"", ""C"", ""C"", ""C"", ""H"", ""H"", ""H"", ""H"", ""H"", ""H"", ""H"", ""H"", ""H"", ""H"", ""H"", ""H"", ""H"", ""H"", ""H"", ""H"", ""H"", ""O"", ""C"", ""O"", ""C"", ""C"", ""C"", ""C"", ""C"", ""C"", ""N"", ""C"", ""C"", ""C"", ""C"", ""C"", ""C"", ""C"", ""C"", ""C"", ""C"", ""Cl"", ""C"", ""Cl"", ""C"", ""C"", ""C"", ""H"", ""H"", ""H"", ""H"", ""H"", ""H"", ""H"", ""H"", ""H"", ""H"", ""H"", ""H"", ""H"", ""H"", ""H"", ""H"", ""H"", ""O"", ""C"", ""O"", ""C"", ""C"", ""C"", ""C"", ""C"", ""C"", ""N"", ""C"", ""C"", ""C"", ""C"", ""C"", ""C"", ""C"", ""C"", ""C"", ""C"", ""Cl"", ""C"", ""Cl"", ""C"", ""C"", ""C"", ""H"", ""H"", ""H"", ""H"", ""H"", ""H"", ""H"", ""H"", ""H"", ""H"", ""H"", ""H"", ""H"", ""H"", ""H"", ""H"", ""H""]",C84H68Cl8N4O8,"[true, true, true]","[11.906284548050735, 0.0, 0.0, 0.0, 15.395783260969342, 0.0, 7.668453824124771, 0.0, 18.62352773403647]",3413.8151083964312,[],"{""cutoff=6.000_skin=0.000"": 7884, ""cutoff=6.000_skin=0.500"": 9920}",0.0,,
OPT-RFT-XAFPAY172-R512-v1,16360d404e1cc8ec5ea026f69f45c1e0d210a4962a9adca338d6dcf7b609da30,OPT-RFT-XAFPAY172-R512-v1:0484,XAFPAY_C1_14_4571_z1_43,cdfb26acc2bede102f85a2f263d45b7d24a2b18de1b8c2121a1a474ab890bc9c,484,cross_family_test_set,XAFPAY/structures/XAFPAY_C1_14_4571_z1_43.cif,4d7d264f798fd935cffbb210f77dc2417c9298a46d6a42f8769293d337158bac,cdfb26acc2bede102f85a2f263d45b7d24a2b18de1b8c2121a1a474ab890bc9c,0,172,"[""O"", ""C"", ""O"", ""C"", ""C"", ""C"", ""C"", ""C"", ""C"", ""N"", ""C"", ""C"", ""C"", ""C"", ""C"", ""C"", ""C"", ""C"", ""C"", ""C"", ""Cl"", ""C"", ""Cl"", ""C"", ""C"", ""C"", ""H"", ""H"", ""H"", ""H"", ""H"", ""H"", ""H"", ""H"", ""H"", ""H"", ""H"", ""H"", ""H"", ""H"", ""H"", ""H"", ""H"", ""O"", ""C"", ""O"", ""C"", ""C"", ""C"", ""C"", ""C"", ""C"", ""N"", ""C"", ""C"", ""C"", ""C"", ""C"", ""C"", ""C"", ""C"", ""C"", ""C"", ""Cl"", ""C"", ""Cl"", ""C"", ""C"", ""C"", ""H"", ""H"", ""H"", ""H"", ""H"", ""H"", ""H"", ""H"", ""H"", ""H"", ""H"", ""H"", ""H"", ""H"", ""H"", ""H"", ""H"", ""O"", ""C"", ""O"", ""C"", ""C"", ""C"", ""C"", ""C"", ""C"", ""N"", ""C"", ""C"", ""C"", ""C"", ""C"", ""C"", ""C"", ""C"", ""C"", ""C"", ""Cl"", ""C"", ""Cl"", ""C"", ""C"", ""C"", ""H"", ""H"", ""H"", ""H"", ""H"", ""H"", ""H"", ""H"", ""H"", ""H"", ""H"", ""H"", ""H"", ""H"", ""H"", ""H"", ""H"", ""O"", ""C"", ""O"", ""C"", ""C"", ""C"", ""C"", ""C"", ""C"", ""N"", ""C"", ""C"", ""C"", ""C"", ""C"", ""C"", ""C"", ""C"", ""C"", ""C"", ""Cl"", ""C"", ""Cl"", ""C"", ""C"", ""C"", ""H"", ""H"", ""H"", ""H"", ""H"", ""H"", ""H"", ""H"", ""H"", ""H"", ""H"", ""H"", ""H"", ""H"", ""H"", ""H"", ""H""]",C84H68Cl8N4O8,"[true, true, true]","[15.422439605169146, 0.0, 0.0, 0.0, 12.151575938874483, 0.0, -8.030229162577708, 0.0, 16.829102986215776]",3153.890794985528,[],"{""cutoff=6.000_skin=0.000"": 7896, ""cutoff=6.000_skin=0.500"": 10128}",0.0,,
OPT-RFT-XAFPAY172-R512-v1,16360d404e1cc8ec5ea026f69f45c1e0d210a4962a9adca338d6dcf7b609da30,OPT-RFT-XAFPAY172-R512-v1:0485,XAFPAY_C3_14_1089_z1_43,b9928f798da8cda0dd7cd707e174ad71fd361e0add778275bac77b8ff2d9a375,485,cross_family_test_set,XAFPAY/structures/XAFPAY_C3_14_1089_z1_43.cif,b6954a384b62e4a17028502549305e8a8e58044b445fd622493c730d07180101,b9928f798da8cda0dd7cd707e174ad71fd361e0add778275bac77b8ff2d9a375,0,172,"[""O"", ""C"", ""O"", ""C"", ""C"", ""C"", ""C"", ""C"", ""C"", ""N"", ""C"", ""C"", ""C"", ""C"", ""C"", ""C"", ""C"", ""C"", ""C"", ""C"", ""Cl"", ""C"", ""Cl"", ""C"", ""C"", ""C"", ""H"", ""H"", ""H"", ""H"", ""H"", ""H"", ""H"", ""H"", ""H"", ""H"", ""H"", ""H"", ""H"", ""H"", ""H"", ""H"", ""H"", ""O"", ""C"", ""O"", ""C"", ""C"", ""C"", ""C"", ""C"", ""C"", ""N"", ""C"", ""C"", ""C"", ""C"", ""C"", ""C"", ""C"", ""C"", ""C"", ""C"", ""Cl"", ""C"", ""Cl"", ""C"", ""C"", ""C"", ""H"", ""H"", ""H"", ""H"", ""H"", ""H"", ""H"", ""H"", ""H"", ""H"", ""H"", ""H"", ""H"", ""H"", ""H"", ""H"", ""H"", ""O"", ""C"", ""O"", ""C"", ""C"", ""C"", ""C"", ""C"", ""C"", ""N"", ""C"", ""C"", ""C"", ""C"", ""C"", ""C"", ""C"", ""C"", ""C"", ""C"", ""Cl"", ""C"", ""Cl"", ""C"", ""C"", ""C"", ""H"", ""H"", ""H"", ""H"", ""H"", ""H"", ""H"", ""H"", ""H"", ""H"", ""H"", ""H"", ""H"", ""H"", ""H"", ""H"", ""H"", ""O"", ""C"", ""O"", ""C"", ""C"", ""C"", ""C"", ""C"", ""C"", ""N"", ""C"", ""C"", ""C"", ""C"", ""C"", ""C"", ""C"", ""C"", ""C"", ""C"", ""Cl"", ""C"", ""Cl"", ""C"", ""C"", ""C"", ""H"", ""H"", ""H"", ""H"", ""H"", ""H"", ""H"", ""H"", ""H"", ""H"", ""H"", ""H"", ""H"", ""H"", ""H"", ""H"", ""H""]",C84H68Cl8N4O8,"[true, true, true]","[9.422791540421969, 0.0, 0.0, 0.0, 16.70024607420985, 0.0, 2.2804504016447766, 0.0, 22.420235931238352]",3528.114184036386,[],"{""cutoff=6.000_skin=0.000"": 7924, ""cutoff=6.000_skin=0.500"": 9576}",0.0,,
OPT-RFT-XAFPAY172-R512-v1,16360d404e1cc8ec5ea026f69f45c1e0d210a4962a9adca338d6dcf7b609da30,OPT-RFT-XAFPAY172-R512-v1:0486,XAFPAY_C3_14_3599_z1_43,90ba8431b0c82aa8c2bb2827442e1b1b4ef665f0c7be7620df7fa3be26ce7f52,486,cross_family_test_set,XAFPAY/structures/XAFPAY_C3_14_3599_z1_43.cif,9217827e09efa65b9b6bfcb48f80eef84704257989d0ba0b98ed7384ac9264a1,90ba8431b0c82aa8c2bb2827442e1b1b4ef665f0c7be7620df7fa3be26ce7f52,0,172,"[""O"", ""C"", ""O"", ""C"", ""C"", ""C"", ""C"", ""C"", ""C"", ""N"", ""C"", ""C"", ""C"", ""C"", ""C"", ""C"", ""C"", ""C"", ""C"", ""C"", ""Cl"", ""C"", ""Cl"", ""C"", ""C"", ""C"", ""H"", ""H"", ""H"", ""H"", ""H"", ""H"", ""H"", ""H"", ""H"", ""H"", ""H"", ""H"", ""H"", ""H"", ""H"", ""H"", ""H"", ""O"", ""C"", ""O"", ""C"", ""C"", ""C"", ""C"", ""C"", ""C"", ""N"", ""C"", ""C"", ""C"", ""C"", ""C"", ""C"", ""C"", ""C"", ""C"", ""C"", ""Cl"", ""C"", ""Cl"", ""C"", ""C"", ""C"", ""H"", ""H"", ""H"", ""H"", ""H"", ""H"", ""H"", ""H"", ""H"", ""H"", ""H"", ""H"", ""H"", ""H"", ""H"", ""H"", ""H"", ""O"", ""C"", ""O"", ""C"", ""C"", ""C"", ""C"", ""C"", ""C"", ""N"", ""C"", ""C"", ""C"", ""C"", ""C"", ""C"", ""C"", ""C"", ""C"", ""C"", ""Cl"", ""C"", ""Cl"", ""C"", ""C"", ""C"", ""H"", ""H"", ""H"", ""H"", ""H"", ""H"", ""H"", ""H"", ""H"", ""H"", ""H"", ""H"", ""H"", ""H"", ""H"", ""H"", ""H"", ""O"", ""C"", ""O"", ""C"", ""C"", ""C"", ""C"", ""C"", ""C"", ""N"", ""C"", ""C"", ""C"", ""C"", ""C"", ""C"", ""C"", ""C"", ""C"", ""C"", ""Cl"", ""C"", ""Cl"", ""C"", ""C"", ""C"", ""H"", ""H"", ""H"", ""H"", ""H"", ""H"", ""H"", ""H"", ""H"", ""H"", ""H"", ""H"", ""H"", ""H"", ""H"", ""H"", ""H""]",C84H68Cl8N4O8,"[true, true, true]","[10.699658871772723, 0.0, 0.0, 0.0, 18.591200938898233, 0.0, -7.512015292035499, 0.0, 18.134666181132413]",3607.3388756338086,[],"{""cutoff=6.000_skin=0.000"": 7948, ""cutoff=6.000_skin=0.500"": 9572}",0.0,,
OPT-RFT-XAFPAY172-R512-v1,16360d404e1cc8ec5ea026f69f45c1e0d210a4962a9adca338d6dcf7b609da30,OPT-RFT-XAFPAY172-R512-v1:0487,XAFPAY_C2_14_1628_z1_43,f2f9d00f19fa0461f8440b224bcb84198fc3e5b04a6c28352d8e485c9b0bb826,487,cross_family_test_set,XAFPAY/structures/XAFPAY_C2_14_1628_z1_43.cif,a3b5e4dfe089327589e4cf814945dc18076030ad138f652145b92161c6d8b9e2,f2f9d00f19fa0461f8440b224bcb84198fc3e5b04a6c28352d8e485c9b0bb826,0,172,"[""O"", ""C"", ""O"", ""C"", ""C"", ""C"", ""C"", ""C"", ""C"", ""N"", ""C"", ""C"", ""C"", ""C"", ""C"", ""C"", ""C"", ""C"", ""C"", ""C"", ""Cl"", ""C"", ""Cl"", ""C"", ""C"", ""C"", ""H"", ""H"", ""H"", ""H"", ""H"", ""H"", ""H"", ""H"", ""H"", ""H"", ""H"", ""H"", ""H"", ""H"", ""H"", ""H"", ""H"", ""O"", ""C"", ""O"", ""C"", ""C"", ""C"", ""C"", ""C"", ""C"", ""N"", ""C"", ""C"", ""C"", ""C"", ""C"", ""C"", ""C"", ""C"", ""C"", ""C"", ""Cl"", ""C"", ""Cl"", ""C"", ""C"", ""C"", ""H"", ""H"", ""H"", ""H"", ""H"", ""H"", ""H"", ""H"", ""H"", ""H"", ""H"", ""H"", ""H"", ""H"", ""H"", ""H"", ""H"", ""O"", ""C"", ""O"", ""C"", ""C"", ""C"", ""C"", ""C"", ""C"", ""N"", ""C"", ""C"", ""C"", ""C"", ""C"", ""C"", ""C"", ""C"", ""C"", ""C"", ""Cl"", ""C"", ""Cl"", ""C"", ""C"", ""C"", ""H"", ""H"", ""H"", ""H"", ""H"", ""H"", ""H"", ""H"", ""H"", ""H"", ""H"", ""H"", ""H"", ""H"", ""H"", ""H"", ""H"", ""O"", ""C"", ""O"", ""C"", ""C"", ""C"", ""C"", ""C"", ""C"", ""N"", ""C"", ""C"", ""C"", ""C"", ""C"", ""C"", ""C"", ""C"", ""C"", ""C"", ""Cl"", ""C"", ""Cl"", ""C"", ""C"", ""C"", ""H"", ""H"", ""H"", ""H"", ""H"", ""H"", ""H"", ""H"", ""H"", ""H"", ""H"", ""H"", ""H"", ""H"", ""H"", ""H"", ""H""]",C84H68Cl8N4O8,"[true, true, true]","[15.838034663545741, 0.0, 0.0, 0.0, 14.616552801569643, 0.0, 7.6260879666506325, 0.0, 14.846952941286713]",3437.032042119316,[],"{""cutoff=6.000_skin=0.000"": 7988, ""cutoff=6.000_skin=0.500"": 10172}",0.0,,
OPT-RFT-XAFPAY172-R512-v1,16360d404e1cc8ec5ea026f69f45c1e0d210a4962a9adca338d6dcf7b609da30,OPT-RFT-XAFPAY172-R512-v1:0488,XAFPAY_C4_14_4522_z1_43,0471cc45425f57ea9fc3be0d1ef574eaceb9c9ed8b35e7a572ee09a41babe09c,488,cross_family_test_set,XAFPAY/structures/XAFPAY_C4_14_4522_z1_43.cif,4f6f1f58824ce703e27baf76cc6173d44918de6bcc7d29722de5948867547125,0471cc45425f57ea9fc3be0d1ef574eaceb9c9ed8b35e7a572ee09a41babe09c,0,172,"[""O"", ""C"", ""O"", ""C"", ""C"", ""C"", ""C"", ""C"", ""C"", ""N"", ""C"", ""C"", ""C"", ""C"", ""C"", ""C"", ""C"", ""C"", ""C"", ""C"", ""Cl"", ""C"", ""Cl"", ""C"", ""C"", ""C"", ""H"", ""H"", ""H"", ""H"", ""H"", ""H"", ""H"", ""H"", ""H"", ""H"", ""H"", ""H"", ""H"", ""H"", ""H"", ""H"", ""H"", ""O"", ""C"", ""O"", ""C"", ""C"", ""C"", ""C"", ""C"", ""C"", ""N"", ""C"", ""C"", ""C"", ""C"", ""C"", ""C"", ""C"", ""C"", ""C"", ""C"", ""Cl"", ""C"", ""Cl"", ""C"", ""C"", ""C"", ""H"", ""H"", ""H"", ""H"", ""H"", ""H"", ""H"", ""H"", ""H"", ""H"", ""H"", ""H"", ""H"", ""H"", ""H"", ""H"", ""H"", ""O"", ""C"", ""O"", ""C"", ""C"", ""C"", ""C"", ""C"", ""C"", ""N"", ""C"", ""C"", ""C"", ""C"", ""C"", ""C"", ""C"", ""C"", ""C"", ""C"", ""Cl"", ""C"", ""Cl"", ""C"", ""C"", ""C"", ""H"", ""H"", ""H"", ""H"", ""H"", ""H"", ""H"", ""H"", ""H"", ""H"", ""H"", ""H"", ""H"", ""H"", ""H"", ""H"", ""H"", ""O"", ""C"", ""O"", ""C"", ""C"", ""C"", ""C"", ""C"", ""C"", ""N"", ""C"", ""C"", ""C"", ""C"", ""C"", ""C"", ""C"", ""C"", ""C"", ""C"", ""Cl"", ""C"", ""Cl"", ""C"", ""C"", ""C"", ""H"", ""H"", ""H"", ""H"", ""H"", ""H"", ""H"", ""H"", ""H"", ""H"", ""H"", ""H"", ""H"", ""H"", ""H"", ""H"", ""H""]",C84H68Cl8N4O8,"[true, true, true]","[14.444556751839258, 0.0, 0.0, 0.0, 14.806222694785063, 0.0, 2.7127165946377527, 0.0, 14.719051181803444]",3147.9535261029496,[],"{""cutoff=6.000_skin=0.000"": 8044, ""cutoff=6.000_skin=0.500"": 10144}",0.0,,
OPT-RFT-XAFPAY172-R512-v1,16360d404e1cc8ec5ea026f69f45c1e0d210a4962a9adca338d6dcf7b609da30,OPT-RFT-XAFPAY172-R512-v1:0489,XAFPAY_C2_14_4623_z1_43,372581db398bac93f48ce33d55751eb3475dfc0628d5eff4e26d0dd53c7e5202,489,cross_family_test_set,XAFPAY/structures/XAFPAY_C2_14_4623_z1_43.cif,80b25873431074ae68a4d0c0e94245cc74c21a1420ec9f5876a0729e9eafcad6,372581db398bac93f48ce33d55751eb3475dfc0628d5eff4e26d0dd53c7e5202,0,172,"[""O"", ""C"", ""O"", ""C"", ""C"", ""C"", ""C"", ""C"", ""C"", ""N"", ""C"", ""C"", ""C"", ""C"", ""C"", ""C"", ""C"", ""C"", ""C"", ""C"", ""Cl"", ""C"", ""Cl"", ""C"", ""C"", ""C"", ""H"", ""H"", ""H"", ""H"", ""H"", ""H"", ""H"", ""H"", ""H"", ""H"", ""H"", ""H"", ""H"", ""H"", ""H"", ""H"", ""H"", ""O"", ""C"", ""O"", ""C"", ""C"", ""C"", ""C"", ""C"", ""C"", ""N"", ""C"", ""C"", ""C"", ""C"", ""C"", ""C"", ""C"", ""C"", ""C"", ""C"", ""Cl"", ""C"", ""Cl"", ""C"", ""C"", ""C"", ""H"", ""H"", ""H"", ""H"", ""H"", ""H"", ""H"", ""H"", ""H"", ""H"", ""H"", ""H"", ""H"", ""H"", ""H"", ""H"", ""H"", ""O"", ""C"", ""O"", ""C"", ""C"", ""C"", ""C"", ""C"", ""C"", ""N"", ""C"", ""C"", ""C"", ""C"", ""C"", ""C"", ""C"", ""C"", ""C"", ""C"", ""Cl"", ""C"", ""Cl"", ""C"", ""C"", ""C"", ""H"", ""H"", ""H"", ""H"", ""H"", ""H"", ""H"", ""H"", ""H"", ""H"", ""H"", ""H"", ""H"", ""H"", ""H"", ""H"", ""H"", ""O"", ""C"", ""O"", ""C"", ""C"", ""C"", ""C"", ""C"", ""C"", ""N"", ""C"", ""C"", ""C"", ""C"", ""C"", ""C"", ""C"", ""C"", ""C"", ""C"", ""Cl"", ""C"", ""Cl"", ""C"", ""C"", ""C"", ""H"", ""H"", ""H"", ""H"", ""H"", ""H"", ""H"", ""H"", ""H"", ""H"", ""H"", ""H"", ""H"", ""H"", ""H"", ""H"", ""H""]",C84H68Cl8N4O8,"[true, true, true]","[7.034755124144432, 0.0, 0.0, 0.0, 11.702882209673476, 0.0, 14.343670751477125, 0.0, 37.21805900672922]",3064.0478162458126,[],"{""cutoff=6.000_skin=0.000"": 8076, ""cutoff=6.000_skin=0.500"": 10316}",0.0,,
OPT-RFT-XAFPAY172-R512-v1,16360d404e1cc8ec5ea026f69f45c1e0d210a4962a9adca338d6dcf7b609da30,OPT-RFT-XAFPAY172-R512-v1:0490,XAFPAY_C1_14_3701_z1_43,bdf13f6afa18a9d8f85019200a66af7e9ec91b868c4893fd03f47c1b955c1eb7,490,cross_family_test_set,XAFPAY/structures/XAFPAY_C1_14_3701_z1_43.cif,a97044d2a330e547b274aaa41c6e227076a79e88790ed70d1851e7bcbf6846f9,bdf13f6afa18a9d8f85019200a66af7e9ec91b868c4893fd03f47c1b955c1eb7,0,172,"[""O"", ""C"", ""O"", ""C"", ""C"", ""C"", ""C"", ""C"", ""C"", ""N"", ""C"", ""C"", ""C"", ""C"", ""C"", ""C"", ""C"", ""C"", ""C"", ""C"", ""Cl"", ""C"", ""Cl"", ""C"", ""C"", ""C"", ""H"", ""H"", ""H"", ""H"", ""H"", ""H"", ""H"", ""H"", ""H"", ""H"", ""H"", ""H"", ""H"", ""H"", ""H"", ""H"", ""H"", ""O"", ""C"", ""O"", ""C"", ""C"", ""C"", ""C"", ""C"", ""C"", ""N"", ""C"", ""C"", ""C"", ""C"", ""C"", ""C"", ""C"", ""C"", ""C"", ""C"", ""Cl"", ""C"", ""Cl"", ""C"", ""C"", ""C"", ""H"", ""H"", ""H"", ""H"", ""H"", ""H"", ""H"", ""H"", ""H"", ""H"", ""H"", ""H"", ""H"", ""H"", ""H"", ""H"", ""H"", ""O"", ""C"", ""O"", ""C"", ""C"", ""C"", ""C"", ""C"", ""C"", ""N"", ""C"", ""C"", ""C"", ""C"", ""C"", ""C"", ""C"", ""C"", ""C"", ""C"", ""Cl"", ""C"", ""Cl"", ""C"", ""C"", ""C"", ""H"", ""H"", ""H"", ""H"", ""H"", ""H"", ""H"", ""H"", ""H"", ""H"", ""H"", ""H"", ""H"", ""H"", ""H"", ""H"", ""H"", ""O"", ""C"", ""O"", ""C"", ""C"", ""C"", ""C"", ""C"", ""C"", ""N"", ""C"", ""C"", ""C"", ""C"", ""C"", ""C"", ""C"", ""C"", ""C"", ""C"", ""Cl"", ""C"", ""Cl"", ""C"", ""C"", ""C"", ""H"", ""H"", ""H"", ""H"", ""H"", ""H"", ""H"", ""H"", ""H"", ""H"", ""H"", ""H"", ""H"", ""H"", ""H"", ""H"", ""H""]",C84H68Cl8N4O8,"[true, true, true]","[4.999379671975333, 0.0, 0.0, 0.0, 35.711546323165976, 0.0, 8.091065380201119, 0.0, 23.447424848332293]",4186.199565326286,[],"{""cutoff=6.000_skin=0.000"": 8104, ""cutoff=6.000_skin=0.500"": 9900}",0.0,,
OPT-RFT-XAFPAY172-R512-v1,16360d404e1cc8ec5ea026f69f45c1e0d210a4962a9adca338d6dcf7b609da30,OPT-RFT-XAFPAY172-R512-v1:0491,XAFPAY_C3_14_4642_z1_43,86d06280e60f8e751ae324016f0b1683f83ceb9e7315a4461d12a0a371e107a0,491,cross_family_test_set,XAFPAY/structures/XAFPAY_C3_14_4642_z1_43.cif,d46061767991e85474b461c5e4aff91c3e0a6b8481d7eee19c272c9e212db9c1,86d06280e60f8e751ae324016f0b1683f83ceb9e7315a4461d12a0a371e107a0,0,172,"[""O"", ""C"", ""O"", ""C"", ""C"", ""C"", ""C"", ""C"", ""C"", ""N"", ""C"", ""C"", ""C"", ""C"", ""C"", ""C"", ""C"", ""C"", ""C"", ""C"", ""Cl"", ""C"", ""Cl"", ""C"", ""C"", ""C"", ""H"", ""H"", ""H"", ""H"", ""H"", ""H"", ""H"", ""H"", ""H"", ""H"", ""H"", ""H"", ""H"", ""H"", ""H"", ""H"", ""H"", ""O"", ""C"", ""O"", ""C"", ""C"", ""C"", ""C"", ""C"", ""C"", ""N"", ""C"", ""C"", ""C"", ""C"", ""C"", ""C"", ""C"", ""C"", ""C"", ""C"", ""Cl"", ""C"", ""Cl"", ""C"", ""C"", ""C"", ""H"", ""H"", ""H"", ""H"", ""H"", ""H"", ""H"", ""H"", ""H"", ""H"", ""H"", ""H"", ""H"", ""H"", ""H"", ""H"", ""H"", ""O"", ""C"", ""O"", ""C"", ""C"", ""C"", ""C"", ""C"", ""C"", ""N"", ""C"", ""C"", ""C"", ""C"", ""C"", ""C"", ""C"", ""C"", ""C"", ""C"", ""Cl"", ""C"", ""Cl"", ""C"", ""C"", ""C"", ""H"", ""H"", ""H"", ""H"", ""H"", ""H"", ""H"", ""H"", ""H"", ""H"", ""H"", ""H"", ""H"", ""H"", ""H"", ""H"", ""H"", ""O"", ""C"", ""O"", ""C"", ""C"", ""C"", ""C"", ""C"", ""C"", ""N"", ""C"", ""C"", ""C"", ""C"", ""C"", ""C"", ""C"", ""C"", ""C"", ""C"", ""Cl"", ""C"", ""Cl"", ""C"", ""C"", ""C"", ""H"", ""H"", ""H"", ""H"", ""H"", ""H"", ""H"", ""H"", ""H"", ""H"", ""H"", ""H"", ""H"", ""H"", ""H"", ""H"", ""H""]",C84H68Cl8N4O8,"[true, true, true]","[6.774018514231059, 0.0, 0.0, 0.0, 21.661142722417424, 0.0, -0.6077778774931658, 0.0, 23.349566219541224]",3426.1514760884993,[],"{""cutoff=6.000_skin=0.000"": 8128, ""cutoff=6.000_skin=0.500"": 10336}",0.0,,
OPT-RFT-XAFPAY172-R512-v1,16360d404e1cc8ec5ea026f69f45c1e0d210a4962a9adca338d6dcf7b609da30,OPT-RFT-XAFPAY172-R512-v1:0492,XAFPAY_C2_14_190_z1_43,50442e2b369af7ab2cfdd75091edb485215e97715d813b51f0f8e28da3909d8c,492,cross_family_test_set,XAFPAY/structures/XAFPAY_C2_14_190_z1_43.cif,07f87b88b29f142da7c5c84074f2db1f02c14afafa5d16172f1ab7269b71ad7b,50442e2b369af7ab2cfdd75091edb485215e97715d813b51f0f8e28da3909d8c,0,172,"[""O"", ""C"", ""O"", ""C"", ""C"", ""C"", ""C"", ""C"", ""C"", ""N"", ""C"", ""C"", ""C"", ""C"", ""C"", ""C"", ""C"", ""C"", ""C"", ""C"", ""Cl"", ""C"", ""Cl"", ""C"", ""C"", ""C"", ""H"", ""H"", ""H"", ""H"", ""H"", ""H"", ""H"", ""H"", ""H"", ""H"", ""H"", ""H"", ""H"", ""H"", ""H"", ""H"", ""H"", ""O"", ""C"", ""O"", ""C"", ""C"", ""C"", ""C"", ""C"", ""C"", ""N"", ""C"", ""C"", ""C"", ""C"", ""C"", ""C"", ""C"", ""C"", ""C"", ""C"", ""Cl"", ""C"", ""Cl"", ""C"", ""C"", ""C"", ""H"", ""H"", ""H"", ""H"", ""H"", ""H"", ""H"", ""H"", ""H"", ""H"", ""H"", ""H"", ""H"", ""H"", ""H"", ""H"", ""H"", ""O"", ""C"", ""O"", ""C"", ""C"", ""C"", ""C"", ""C"", ""C"", ""N"", ""C"", ""C"", ""C"", ""C"", ""C"", ""C"", ""C"", ""C"", ""C"", ""C"", ""Cl"", ""C"", ""Cl"", ""C"", ""C"", ""C"", ""H"", ""H"", ""H"", ""H"", ""H"", ""H"", ""H"", ""H"", ""H"", ""H"", ""H"", ""H"", ""H"", ""H"", ""H"", ""H"", ""H"", ""O"", ""C"", ""O"", ""C"", ""C"", ""C"", ""C"", ""C"", ""C"", ""N"", ""C"", ""C"", ""C"", ""C"", ""C"", ""C"", ""C"", ""C"", ""C"", ""C"", ""Cl"", ""C"", ""Cl"", ""C"", ""C"", ""C"", ""H"", ""H"", ""H"", ""H"", ""H"", ""H"", ""H"", ""H"", ""H"", ""H"", ""H"", ""H"", ""H"", ""H"", ""H"", ""H"", ""H""]",C84H68Cl8N4O8,"[true, true, true]","[10.111695341437887, 0.0, 0.0, 0.0, 11.163145603849937, 0.0, 2.0574383343970615, 0.0, 28.455492350299146]",3212.008381795245,[],"{""cutoff=6.000_skin=0.000"": 8152, ""cutoff=6.000_skin=0.500"": 10440}",0.0,,
OPT-RFT-XAFPAY172-R512-v1,16360d404e1cc8ec5ea026f69f45c1e0d210a4962a9adca338d6dcf7b609da30,OPT-RFT-XAFPAY172-R512-v1:0493,XAFPAY_C3_14_439_z1_43,39046022fa6b7558fdf2db61a974f630a934b48a12ea9b08bf3695d8210e3ee4,493,cross_family_test_set,XAFPAY/structures/XAFPAY_C3_14_439_z1_43.cif,63b3f0eefafdea845c5d77eb81de9526c10280a51e19680d27073945ddf5aced,39046022fa6b7558fdf2db61a974f630a934b48a12ea9b08bf3695d8210e3ee4,0,172,"[""O"", ""C"", ""O"", ""C"", ""C"", ""C"", ""C"", ""C"", ""C"", ""N"", ""C"", ""C"", ""C"", ""C"", ""C"", ""C"", ""C"", ""C"", ""C"", ""C"", ""Cl"", ""C"", ""Cl"", ""C"", ""C"", ""C"", ""H"", ""H"", ""H"", ""H"", ""H"", ""H"", ""H"", ""H"", ""H"", ""H"", ""H"", ""H"", ""H"", ""H"", ""H"", ""H"", ""H"", ""O"", ""C"", ""O"", ""C"", ""C"", ""C"", ""C"", ""C"", ""C"", ""N"", ""C"", ""C"", ""C"", ""C"", ""C"", ""C"", ""C"", ""C"", ""C"", ""C"", ""Cl"", ""C"", ""Cl"", ""C"", ""C"", ""C"", ""H"", ""H"", ""H"", ""H"", ""H"", ""H"", ""H"", ""H"", ""H"", ""H"", ""H"", ""H"", ""H"", ""H"", ""H"", ""H"", ""H"", ""O"", ""C"", ""O"", ""C"", ""C"", ""C"", ""C"", ""C"", ""C"", ""N"", ""C"", ""C"", ""C"", ""C"", ""C"", ""C"", ""C"", ""C"", ""C"", ""C"", ""Cl"", ""C"", ""Cl"", ""C"", ""C"", ""C"", ""H"", ""H"", ""H"", ""H"", ""H"", ""H"", ""H"", ""H"", ""H"", ""H"", ""H"", ""H"", ""H"", ""H"", ""H"", ""H"", ""H"", ""O"", ""C"", ""O"", ""C"", ""C"", ""C"", ""C"", ""C"", ""C"", ""N"", ""C"", ""C"", ""C"", ""C"", ""C"", ""C"", ""C"", ""C"", ""C"", ""C"", ""Cl"", ""C"", ""Cl"", ""C"", ""C"", ""C"", ""H"", ""H"", ""H"", ""H"", ""H"", ""H"", ""H"", ""H"", ""H"", ""H"", ""H"", ""H"", ""H"", ""H"", ""H"", ""H"", ""H""]",C84H68Cl8N4O8,"[true, true, true]","[13.782534587254872, 0.0, 0.0, 0.0, 14.488579439772607, 0.0, -0.4579703339686813, 0.0, 15.529012129848452]",3100.9782956290005,[],"{""cutoff=6.000_skin=0.000"": 8176, ""cutoff=6.000_skin=0.500"": 10564}",0.0,,
OPT-RFT-XAFPAY172-R512-v1,16360d404e1cc8ec5ea026f69f45c1e0d210a4962a9adca338d6dcf7b609da30,OPT-RFT-XAFPAY172-R512-v1:0494,XAFPAY_C4_14_3333_z1_43,f55f6ece58a8371e52a7ab4c5b1c69312688749e16ea35e5ea31df4cd710fe68,494,cross_family_test_set,XAFPAY/structures/XAFPAY_C4_14_3333_z1_43.cif,5079ca7daa8feba8c5630ec0aa5069edcaa75dae07c318dfe714009150ad6575,f55f6ece58a8371e52a7ab4c5b1c69312688749e16ea35e5ea31df4cd710fe68,0,172,"[""O"", ""C"", ""O"", ""C"", ""C"", ""C"", ""C"", ""C"", ""C"", ""N"", ""C"", ""C"", ""C"", ""C"", ""C"", ""C"", ""C"", ""C"", ""C"", ""C"", ""Cl"", ""C"", ""Cl"", ""C"", ""C"", ""C"", ""H"", ""H"", ""H"", ""H"", ""H"", ""H"", ""H"", ""H"", ""H"", ""H"", ""H"", ""H"", ""H"", ""H"", ""H"", ""H"", ""H"", ""O"", ""C"", ""O"", ""C"", ""C"", ""C"", ""C"", ""C"", ""C"", ""N"", ""C"", ""C"", ""C"", ""C"", ""C"", ""C"", ""C"", ""C"", ""C"", ""C"", ""Cl"", ""C"", ""Cl"", ""C"", ""C"", ""C"", ""H"", ""H"", ""H"", ""H"", ""H"", ""H"", ""H"", ""H"", ""H"", ""H"", ""H"", ""H"", ""H"", ""H"", ""H"", ""H"", ""H"", ""O"", ""C"", ""O"", ""C"", ""C"", ""C"", ""C"", ""C"", ""C"", ""N"", ""C"", ""C"", ""C"", ""C"", ""C"", ""C"", ""C"", ""C"", ""C"", ""C"", ""Cl"", ""C"", ""Cl"", ""C"", ""C"", ""C"", ""H"", ""H"", ""H"", ""H"", ""H"", ""H"", ""H"", ""H"", ""H"", ""H"", ""H"", ""H"", ""H"", ""H"", ""H"", ""H"", ""H"", ""O"", ""C"", ""O"", ""C"", ""C"", ""C"", ""C"", ""C"", ""C"", ""N"", ""C"", ""C"", ""C"", ""C"", ""C"", ""C"", ""C"", ""C"", ""C"", ""C"", ""Cl"", ""C"", ""Cl"", ""C"", ""C"", ""C"", ""H"", ""H"", ""H"", ""H"", ""H"", ""H"", ""H"", ""H"", ""H"", ""H"", ""H"", ""H"", ""H"", ""H"", ""H"", ""H"", ""H""]",C84H68Cl8N4O8,"[true, true, true]","[13.182343326585652, 0.0, 0.0, 0.0, 13.722030982507796, 0.0, -4.4596604555961115, 0.0, 18.39585605585496]",3327.599241372057,[],"{""cutoff=6.000_skin=0.000"": 8220, ""cutoff=6.000_skin=0.500"": 10344}",0.0,,
OPT-RFT-XAFPAY172-R512-v1,16360d404e1cc8ec5ea026f69f45c1e0d210a4962a9adca338d6dcf7b609da30,OPT-RFT-XAFPAY172-R512-v1:0495,XAFPAY_C2_14_61_z1_43,649818d7ae4f2cfb87578d31921b1e3d70de97682793f6d2446ac00907b5bef7,495,cross_family_test_set,XAFPAY/structures/XAFPAY_C2_14_61_z1_43.cif,907d201efae28916ea7d0d843d5ad408a45e1dee29e53a93e2d07076bf2d0c0d,649818d7ae4f2cfb87578d31921b1e3d70de97682793f6d2446ac00907b5bef7,0,172,"[""O"", ""C"", ""O"", ""C"", ""C"", ""C"", ""C"", ""C"", ""C"", ""N"", ""C"", ""C"", ""C"", ""C"", ""C"", ""C"", ""C"", ""C"", ""C"", ""C"", ""Cl"", ""C"", ""Cl"", ""C"", ""C"", ""C"", ""H"", ""H"", ""H"", ""H"", ""H"", ""H"", ""H"", ""H"", ""H"", ""H"", ""H"", ""H"", ""H"", ""H"", ""H"", ""H"", ""H"", ""O"", ""C"", ""O"", ""C"", ""C"", ""C"", ""C"", ""C"", ""C"", ""N"", ""C"", ""C"", ""C"", ""C"", ""C"", ""C"", ""C"", ""C"", ""C"", ""C"", ""Cl"", ""C"", ""Cl"", ""C"", ""C"", ""C"", ""H"", ""H"", ""H"", ""H"", ""H"", ""H"", ""H"", ""H"", ""H"", ""H"", ""H"", ""H"", ""H"", ""H"", ""H"", ""H"", ""H"", ""O"", ""C"", ""O"", ""C"", ""C"", ""C"", ""C"", ""C"", ""C"", ""N"", ""C"", ""C"", ""C"", ""C"", ""C"", ""C"", ""C"", ""C"", ""C"", ""C"", ""Cl"", ""C"", ""Cl"", ""C"", ""C"", ""C"", ""H"", ""H"", ""H"", ""H"", ""H"", ""H"", ""H"", ""H"", ""H"", ""H"", ""H"", ""H"", ""H"", ""H"", ""H"", ""H"", ""H"", ""O"", ""C"", ""O"", ""C"", ""C"", ""C"", ""C"", ""C"", ""C"", ""N"", ""C"", ""C"", ""C"", ""C"", ""C"", ""C"", ""C"", ""C"", ""C"", ""C"", ""Cl"", ""C"", ""Cl"", ""C"", ""C"", ""C"", ""H"", ""H"", ""H"", ""H"", ""H"", ""H"", ""H"", ""H"", ""H"", ""H"", ""H"", ""H"", ""H"", ""H"", ""H"", ""H"", ""H""]",C84H68Cl8N4O8,"[true, true, true]","[8.852679556899076, 0.0, 0.0, 0.0, 19.24179619877455, 0.0, 4.079710655191564, 0.0, 18.765156361140587]",3196.484053751588,[],"{""cutoff=6.000_skin=0.000"": 8252, ""cutoff=6.000_skin=0.500"": 10268}",0.0,,
OPT-RFT-XAFPAY172-R512-v1,16360d404e1cc8ec5ea026f69f45c1e0d210a4962a9adca338d6dcf7b609da30,OPT-RFT-XAFPAY172-R512-v1:0496,XAFPAY_C1_14_2264_z1_43,7c2d10bce1dc49ef84e412728df98264cc7aec65665c7155e73ba34267c3db04,496,cross_family_test_set,XAFPAY/structures/XAFPAY_C1_14_2264_z1_43.cif,92d882cda3fad4e0725f267a0b991cdb6b3b4db1616922cbdc19d36bfe67a07f,7c2d10bce1dc49ef84e412728df98264cc7aec65665c7155e73ba34267c3db04,0,172,"[""O"", ""C"", ""O"", ""C"", ""C"", ""C"", ""C"", ""C"", ""C"", ""N"", ""C"", ""C"", ""C"", ""C"", ""C"", ""C"", ""C"", ""C"", ""C"", ""C"", ""Cl"", ""C"", ""Cl"", ""C"", ""C"", ""C"", ""H"", ""H"", ""H"", ""H"", ""H"", ""H"", ""H"", ""H"", ""H"", ""H"", ""H"", ""H"", ""H"", ""H"", ""H"", ""H"", ""H"", ""O"", ""C"", ""O"", ""C"", ""C"", ""C"", ""C"", ""C"", ""C"", ""N"", ""C"", ""C"", ""C"", ""C"", ""C"", ""C"", ""C"", ""C"", ""C"", ""C"", ""Cl"", ""C"", ""Cl"", ""C"", ""C"", ""C"", ""H"", ""H"", ""H"", ""H"", ""H"", ""H"", ""H"", ""H"", ""H"", ""H"", ""H"", ""H"", ""H"", ""H"", ""H"", ""H"", ""H"", ""O"", ""C"", ""O"", ""C"", ""C"", ""C"", ""C"", ""C"", ""C"", ""N"", ""C"", ""C"", ""C"", ""C"", ""C"", ""C"", ""C"", ""C"", ""C"", ""C"", ""Cl"", ""C"", ""Cl"", ""C"", ""C"", ""C"", ""H"", ""H"", ""H"", ""H"", ""H"", ""H"", ""H"", ""H"", ""H"", ""H"", ""H"", ""H"", ""H"", ""H"", ""H"", ""H"", ""H"", ""O"", ""C"", ""O"", ""C"", ""C"", ""C"", ""C"", ""C"", ""C"", ""N"", ""C"", ""C"", ""C"", ""C"", ""C"", ""C"", ""C"", ""C"", ""C"", ""C"", ""Cl"", ""C"", ""Cl"", ""C"", ""C"", ""C"", ""H"", ""H"", ""H"", ""H"", ""H"", ""H"", ""H"", ""H"", ""H"", ""H"", ""H"", ""H"", ""H"", ""H"", ""H"", ""H"", ""H""]",C84H68Cl8N4O8,"[true, true, true]","[9.637451198270144, 0.0, 0.0, 0.0, 18.43455728507641, 0.0, 11.69511776094344, 0.0, 17.445842923714544]",3099.4658960365755,[],"{""cutoff=6.000_skin=0.000"": 8312, ""cutoff=6.000_skin=0.500"": 10432}",0.0,,
OPT-RFT-XAFPAY172-R512-v1,16360d404e1cc8ec5ea026f69f45c1e0d210a4962a9adca338d6dcf7b609da30,OPT-RFT-XAFPAY172-R512-v1:0497,XAFPAY_C2_14_4891_z1_43,100cec1a19748714308270e1b3763af908ad631ff2480c257eae4ff1a2b0ce57,497,cross_family_test_set,XAFPAY/structures/XAFPAY_C2_14_4891_z1_43.cif,22c9d346361c33b156a3e4aed938005bfaa256b8d93a236082d10babbef3038b,100cec1a19748714308270e1b3763af908ad631ff2480c257eae4ff1a2b0ce57,0,172,"[""O"", ""C"", ""O"", ""C"", ""C"", ""C"", ""C"", ""C"", ""C"", ""N"", ""C"", ""C"", ""C"", ""C"", ""C"", ""C"", ""C"", ""C"", ""C"", ""C"", ""Cl"", ""C"", ""Cl"", ""C"", ""C"", ""C"", ""H"", ""H"", ""H"", ""H"", ""H"", ""H"", ""H"", ""H"", ""H"", ""H"", ""H"", ""H"", ""H"", ""H"", ""H"", ""H"", ""H"", ""O"", ""C"", ""O"", ""C"", ""C"", ""C"", ""C"", ""C"", ""C"", ""N"", ""C"", ""C"", ""C"", ""C"", ""C"", ""C"", ""C"", ""C"", ""C"", ""C"", ""Cl"", ""C"", ""Cl"", ""C"", ""C"", ""C"", ""H"", ""H"", ""H"", ""H"", ""H"", ""H"", ""H"", ""H"", ""H"", ""H"", ""H"", ""H"", ""H"", ""H"", ""H"", ""H"", ""H"", ""O"", ""C"", ""O"", ""C"", ""C"", ""C"", ""C"", ""C"", ""C"", ""N"", ""C"", ""C"", ""C"", ""C"", ""C"", ""C"", ""C"", ""C"", ""C"", ""C"", ""Cl"", ""C"", ""Cl"", ""C"", ""C"", ""C"", ""H"", ""H"", ""H"", ""H"", ""H"", ""H"", ""H"", ""H"", ""H"", ""H"", ""H"", ""H"", ""H"", ""H"", ""H"", ""H"", ""H"", ""O"", ""C"", ""O"", ""C"", ""C"", ""C"", ""C"", ""C"", ""C"", ""N"", ""C"", ""C"", ""C"", ""C"", ""C"", ""C"", ""C"", ""C"", ""C"", ""C"", ""Cl"", ""C"", ""Cl"", ""C"", ""C"", ""C"", ""H"", ""H"", ""H"", ""H"", ""H"", ""H"", ""H"", ""H"", ""H"", ""H"", ""H"", ""H"", ""H"", ""H"", ""H"", ""H"", ""H""]",C84H68Cl8N4O8,"[true, true, true]","[18.160456930728444, 0.0, 0.0, 0.0, 15.856319551353224, 0.0, -7.691570501144265, 0.0, 11.442725589466095]",3295.024470177051,[],"{""cutoff=6.000_skin=0.000"": 8344, ""cutoff=6.000_skin=0.500"": 10608}",0.0,,
OPT-RFT-XAFPAY172-R512-v1,16360d404e1cc8ec5ea026f69f45c1e0d210a4962a9adca338d6dcf7b609da30,OPT-RFT-XAFPAY172-R512-v1:0498,XAFPAY_C2_14_1374_z1_43,911605248e553a7c67426e7c609f136e6c6b025db085d25dee768f280b31bdf6,498,cross_family_test_set,XAFPAY/structures/XAFPAY_C2_14_1374_z1_43.cif,6cc997d5b336b5026b403f0059a6ffa8e33db1106cbd8a4745d7b0b79f4b949d,911605248e553a7c67426e7c609f136e6c6b025db085d25dee768f280b31bdf6,0,172,"[""O"", ""C"", ""O"", ""C"", ""C"", ""C"", ""C"", ""C"", ""C"", ""N"", ""C"", ""C"", ""C"", ""C"", ""C"", ""C"", ""C"", ""C"", ""C"", ""C"", ""Cl"", ""C"", ""Cl"", ""C"", ""C"", ""C"", ""H"", ""H"", ""H"", ""H"", ""H"", ""H"", ""H"", ""H"", ""H"", ""H"", ""H"", ""H"", ""H"", ""H"", ""H"", ""H"", ""H"", ""O"", ""C"", ""O"", ""C"", ""C"", ""C"", ""C"", ""C"", ""C"", ""N"", ""C"", ""C"", ""C"", ""C"", ""C"", ""C"", ""C"", ""C"", ""C"", ""C"", ""Cl"", ""C"", ""Cl"", ""C"", ""C"", ""C"", ""H"", ""H"", ""H"", ""H"", ""H"", ""H"", ""H"", ""H"", ""H"", ""H"", ""H"", ""H"", ""H"", ""H"", ""H"", ""H"", ""H"", ""O"", ""C"", ""O"", ""C"", ""C"", ""C"", ""C"", ""C"", ""C"", ""N"", ""C"", ""C"", ""C"", ""C"", ""C"", ""C"", ""C"", ""C"", ""C"", ""C"", ""Cl"", ""C"", ""Cl"", ""C"", ""C"", ""C"", ""H"", ""H"", ""H"", ""H"", ""H"", ""H"", ""H"", ""H"", ""H"", ""H"", ""H"", ""H"", ""H"", ""H"", ""H"", ""H"", ""H"", ""O"", ""C"", ""O"", ""C"", ""C"", ""C"", ""C"", ""C"", ""C"", ""N"", ""C"", ""C"", ""C"", ""C"", ""C"", ""C"", ""C"", ""C"", ""C"", ""C"", ""Cl"", ""C"", ""Cl"", ""C"", ""C"", ""C"", ""H"", ""H"", ""H"", ""H"", ""H"", ""H"", ""H"", ""H"", ""H"", ""H"", ""H"", ""H"", ""H"", ""H"", ""H"", ""H"", ""H""]",C84H68Cl8N4O8,"[true, true, true]","[9.515254967028426, 0.0, 0.0, 0.0, 16.14293767800194, 0.0, 6.190708138550409, 0.0, 19.47222409491205]",2991.014779709902,[],"{""cutoff=6.000_skin=0.000"": 8404, ""cutoff=6.000_skin=0.500"": 11024}",0.0,,
OPT-RFT-XAFPAY172-R512-v1,16360d404e1cc8ec5ea026f69f45c1e0d210a4962a9adca338d6dcf7b609da30,OPT-RFT-XAFPAY172-R512-v1:0499,XAFPAY_C4_14_3960_z1_43,303c8cd08d5e5f542d157d22bab24a2190129544491026b12442ccfa202cd864,499,cross_family_test_set,XAFPAY/structures/XAFPAY_C4_14_3960_z1_43.cif,12c89885df8c165f4120ba8f303c088a9f4d869d29e2103bd625449ec85a3827,303c8cd08d5e5f542d157d22bab24a2190129544491026b12442ccfa202cd864,0,172,"[""O"", ""C"", ""O"", ""C"", ""C"", ""C"", ""C"", ""C"", ""C"", ""N"", ""C"", ""C"", ""C"", ""C"", ""C"", ""C"", ""C"", ""C"", ""C"", ""C"", ""Cl"", ""C"", ""Cl"", ""C"", ""C"", ""C"", ""H"", ""H"", ""H"", ""H"", ""H"", ""H"", ""H"", ""H"", ""H"", ""H"", ""H"", ""H"", ""H"", ""H"", ""H"", ""H"", ""H"", ""O"", ""C"", ""O"", ""C"", ""C"", ""C"", ""C"", ""C"", ""C"", ""N"", ""C"", ""C"", ""C"", ""C"", ""C"", ""C"", ""C"", ""C"", ""C"", ""C"", ""Cl"", ""C"", ""Cl"", ""C"", ""C"", ""C"", ""H"", ""H"", ""H"", ""H"", ""H"", ""H"", ""H"", ""H"", ""H"", ""H"", ""H"", ""H"", ""H"", ""H"", ""H"", ""H"", ""H"", ""O"", ""C"", ""O"", ""C"", ""C"", ""C"", ""C"", ""C"", ""C"", ""N"", ""C"", ""C"", ""C"", ""C"", ""C"", ""C"", ""C"", ""C"", ""C"", ""C"", ""Cl"", ""C"", ""Cl"", ""C"", ""C"", ""C"", ""H"", ""H"", ""H"", ""H"", ""H"", ""H"", ""H"", ""H"", ""H"", ""H"", ""H"", ""H"", ""H"", ""H"", ""H"", ""H"", ""H"", ""O"", ""C"", ""O"", ""C"", ""C"", ""C"", ""C"", ""C"", ""C"", ""N"", ""C"", ""C"", ""C"", ""C"", ""C"", ""C"", ""C"", ""C"", ""C"", ""C"", ""Cl"", ""C"", ""Cl"", ""C"", ""C"", ""C"", ""H"", ""H"", ""H"", ""H"", ""H"", ""H"", ""H"", ""H"", ""H"", ""H"", ""H"", ""H"", ""H"", ""H"", ""H"", ""H"", ""H""]",C84H68Cl8N4O8,"[true, true, true]","[14.94010354831569, 0.0, 0.0, 0.0, 11.52754926116289, 0.0, 7.639094870211967, 0.0, 17.722073875832645]",3052.1448235283665,[],"{""cutoff=6.000_skin=0.000"": 8456, ""cutoff=6.000_skin=0.500"": 10540}",0.0,,
OPT-RFT-XAFPAY172-R512-v1,16360d404e1cc8ec5ea026f69f45c1e0d210a4962a9adca338d6dcf7b609da30,OPT-RFT-XAFPAY172-R512-v1:0500,XAFPAY_C2_14_1748_z1_43,b5de5d3666b6422b80b1f54083f5b7713ff433e25e9798638a0fb8b4b5cd35d0,500,cross_family_test_set,XAFPAY/structures/XAFPAY_C2_14_1748_z1_43.cif,fee4b756588dbe5f41302fa2843345dc5b52bee4e19cf95840f66d732fc65c3c,b5de5d3666b6422b80b1f54083f5b7713ff433e25e9798638a0fb8b4b5cd35d0,0,172,"[""O"", ""C"", ""O"", ""C"", ""C"", ""C"", ""C"", ""C"", ""C"", ""N"", ""C"", ""C"", ""C"", ""C"", ""C"", ""C"", ""C"", ""C"", ""C"", ""C"", ""Cl"", ""C"", ""Cl"", ""C"", ""C"", ""C"", ""H"", ""H"", ""H"", ""H"", ""H"", ""H"", ""H"", ""H"", ""H"", ""H"", ""H"", ""H"", ""H"", ""H"", ""H"", ""H"", ""H"", ""O"", ""C"", ""O"", ""C"", ""C"", ""C"", ""C"", ""C"", ""C"", ""N"", ""C"", ""C"", ""C"", ""C"", ""C"", ""C"", ""C"", ""C"", ""C"", ""C"", ""Cl"", ""C"", ""Cl"", ""C"", ""C"", ""C"", ""H"", ""H"", ""H"", ""H"", ""H"", ""H"", ""H"", ""H"", ""H"", ""H"", ""H"", ""H"", ""H"", ""H"", ""H"", ""H"", ""H"", ""O"", ""C"", ""O"", ""C"", ""C"", ""C"", ""C"", ""C"", ""C"", ""N"", ""C"", ""C"", ""C"", ""C"", ""C"", ""C"", ""C"", ""C"", ""C"", ""C"", ""Cl"", ""C"", ""Cl"", ""C"", ""C"", ""C"", ""H"", ""H"", ""H"", ""H"", ""H"", ""H"", ""H"", ""H"", ""H"", ""H"", ""H"", ""H"", ""H"", ""H"", ""H"", ""H"", ""H"", ""O"", ""C"", ""O"", ""C"", ""C"", ""C"", ""C"", ""C"", ""C"", ""N"", ""C"", ""C"", ""C"", ""C"", ""C"", ""C"", ""C"", ""C"", ""C"", ""C"", ""Cl"", ""C"", ""Cl"", ""C"", ""C"", ""C"", ""H"", ""H"", ""H"", ""H"", ""H"", ""H"", ""H"", ""H"", ""H"", ""H"", ""H"", ""H"", ""H"", ""H"", ""H"", ""H"", ""H""]",C84H68Cl8N4O8,"[true, true, true]","[14.891653839363812, 0.0, 0.0, 0.0, 15.88223349219085, 0.0, -5.703589367232501, 0.0, 13.393859891128592]",3167.818279175279,[],"{""cutoff=6.000_skin=0.000"": 8496, ""cutoff=6.000_skin=0.500"": 10632}",0.0,,
OPT-RFT-XAFPAY172-R512-v1,16360d404e1cc8ec5ea026f69f45c1e0d210a4962a9adca338d6dcf7b609da30,OPT-RFT-XAFPAY172-R512-v1:0501,XAFPAY_C2_14_3960_z1_43,f12b326a359d8cdbf745e3d54958c8ceb23bdd5a25db49182fb74f3921f36450,501,cross_family_test_set,XAFPAY/structures/XAFPAY_C2_14_3960_z1_43.cif,dc033e9867f360b44854571671248ee4f07304d860239d2736c498cf349696f5,f12b326a359d8cdbf745e3d54958c8ceb23bdd5a25db49182fb74f3921f36450,0,172,"[""O"", ""C"", ""O"", ""C"", ""C"", ""C"", ""C"", ""C"", ""C"", ""N"", ""C"", ""C"", ""C"", ""C"", ""C"", ""C"", ""C"", ""C"", ""C"", ""C"", ""Cl"", ""C"", ""Cl"", ""C"", ""C"", ""C"", ""H"", ""H"", ""H"", ""H"", ""H"", ""H"", ""H"", ""H"", ""H"", ""H"", ""H"", ""H"", ""H"", ""H"", ""H"", ""H"", ""H"", ""O"", ""C"", ""O"", ""C"", ""C"", ""C"", ""C"", ""C"", ""C"", ""N"", ""C"", ""C"", ""C"", ""C"", ""C"", ""C"", ""C"", ""C"", ""C"", ""C"", ""Cl"", ""C"", ""Cl"", ""C"", ""C"", ""C"", ""H"", ""H"", ""H"", ""H"", ""H"", ""H"", ""H"", ""H"", ""H"", ""H"", ""H"", ""H"", ""H"", ""H"", ""H"", ""H"", ""H"", ""O"", ""C"", ""O"", ""C"", ""C"", ""C"", ""C"", ""C"", ""C"", ""N"", ""C"", ""C"", ""C"", ""C"", ""C"", ""C"", ""C"", ""C"", ""C"", ""C"", ""Cl"", ""C"", ""Cl"", ""C"", ""C"", ""C"", ""H"", ""H"", ""H"", ""H"", ""H"", ""H"", ""H"", ""H"", ""H"", ""H"", ""H"", ""H"", ""H"", ""H"", ""H"", ""H"", ""H"", ""O"", ""C"", ""O"", ""C"", ""C"", ""C"", ""C"", ""C"", ""C"", ""N"", ""C"", ""C"", ""C"", ""C"", ""C"", ""C"", ""C"", ""C"", ""C"", ""C"", ""Cl"", ""C"", ""Cl"", ""C"", ""C"", ""C"", ""H"", ""H"", ""H"", ""H"", ""H"", ""H"", ""H"", ""H"", ""H"", ""H"", ""H"", ""H"", ""H"", ""H"", ""H"", ""H"", ""H""]",C84H68Cl8N4O8,"[true, true, true]","[18.95612675835784, 0.0, 0.0, 0.0, 12.113023578934147, 0.0, 6.1448228710371895, 0.0, 14.25548533230946]",3273.2876681674097,[],"{""cutoff=6.000_skin=0.000"": 8564, ""cutoff=6.000_skin=0.500"": 10668}",0.0,,
OPT-RFT-XAFPAY172-R512-v1,16360d404e1cc8ec5ea026f69f45c1e0d210a4962a9adca338d6dcf7b609da30,OPT-RFT-XAFPAY172-R512-v1:0502,XAFPAY_C4_14_1548_z1_43,f074ebc5cd5cda47c91f62528c5c553d5c1ff676be83cbc647da6656724ab6a9,502,cross_family_test_set,XAFPAY/structures/XAFPAY_C4_14_1548_z1_43.cif,6b61988cc4f33173dbc8177e8cedcef99282b7bc6e5646004498eea431207eee,f074ebc5cd5cda47c91f62528c5c553d5c1ff676be83cbc647da6656724ab6a9,0,172,"[""O"", ""C"", ""O"", ""C"", ""C"", ""C"", ""C"", ""C"", ""C"", ""N"", ""C"", ""C"", ""C"", ""C"", ""C"", ""C"", ""C"", ""C"", ""C"", ""C"", ""Cl"", ""C"", ""Cl"", ""C"", ""C"", ""C"", ""H"", ""H"", ""H"", ""H"", ""H"", ""H"", ""H"", ""H"", ""H"", ""H"", ""H"", ""H"", ""H"", ""H"", ""H"", ""H"", ""H"", ""O"", ""C"", ""O"", ""C"", ""C"", ""C"", ""C"", ""C"", ""C"", ""N"", ""C"", ""C"", ""C"", ""C"", ""C"", ""C"", ""C"", ""C"", ""C"", ""C"", ""Cl"", ""C"", ""Cl"", ""C"", ""C"", ""C"", ""H"", ""H"", ""H"", ""H"", ""H"", ""H"", ""H"", ""H"", ""H"", ""H"", ""H"", ""H"", ""H"", ""H"", ""H"", ""H"", ""H"", ""O"", ""C"", ""O"", ""C"", ""C"", ""C"", ""C"", ""C"", ""C"", ""N"", ""C"", ""C"", ""C"", ""C"", ""C"", ""C"", ""C"", ""C"", ""C"", ""C"", ""Cl"", ""C"", ""Cl"", ""C"", ""C"", ""C"", ""H"", ""H"", ""H"", ""H"", ""H"", ""H"", ""H"", ""H"", ""H"", ""H"", ""H"", ""H"", ""H"", ""H"", ""H"", ""H"", ""H"", ""O"", ""C"", ""O"", ""C"", ""C"", ""C"", ""C"", ""C"", ""C"", ""N"", ""C"", ""C"", ""C"", ""C"", ""C"", ""C"", ""C"", ""C"", ""C"", ""C"", ""Cl"", ""C"", ""Cl"", ""C"", ""C"", ""C"", ""H"", ""H"", ""H"", ""H"", ""H"", ""H"", ""H"", ""H"", ""H"", ""H"", ""H"", ""H"", ""H"", ""H"", ""H"", ""H"", ""H""]",C84H68Cl8N4O8,"[true, true, true]","[6.499647705341836, 0.0, 0.0, 0.0, 22.652285536677027, 0.0, 8.04177285589227, 0.0, 20.337482898408137]",2994.3257543366312,[],"{""cutoff=6.000_skin=0.000"": 8604, ""cutoff=6.000_skin=0.500"": 11732}",0.0,,
OPT-RFT-XAFPAY172-R512-v1,16360d404e1cc8ec5ea026f69f45c1e0d210a4962a9adca338d6dcf7b609da30,OPT-RFT-XAFPAY172-R512-v1:0503,XAFPAY_C4_14_527_z1_43,d25b20f2e795a85e5beda7836187b2ae47a48165fcd70d52a36a08cef99cf75e,503,cross_family_test_set,XAFPAY/structures/XAFPAY_C4_14_527_z1_43.cif,13c0bf89f250917648d2a6cfc4f607587ad6940b02bc1afd1681765f4b2906f6,d25b20f2e795a85e5beda7836187b2ae47a48165fcd70d52a36a08cef99cf75e,0,172,"[""O"", ""C"", ""O"", ""C"", ""C"", ""C"", ""C"", ""C"", ""C"", ""N"", ""C"", ""C"", ""C"", ""C"", ""C"", ""C"", ""C"", ""C"", ""C"", ""C"", ""Cl"", ""C"", ""Cl"", ""C"", ""C"", ""C"", ""H"", ""H"", ""H"", ""H"", ""H"", ""H"", ""H"", ""H"", ""H"", ""H"", ""H"", ""H"", ""H"", ""H"", ""H"", ""H"", ""H"", ""O"", ""C"", ""O"", ""C"", ""C"", ""C"", ""C"", ""C"", ""C"", ""N"", ""C"", ""C"", ""C"", ""C"", ""C"", ""C"", ""C"", ""C"", ""C"", ""C"", ""Cl"", ""C"", ""Cl"", ""C"", ""C"", ""C"", ""H"", ""H"", ""H"", ""H"", ""H"", ""H"", ""H"", ""H"", ""H"", ""H"", ""H"", ""H"", ""H"", ""H"", ""H"", ""H"", ""H"", ""O"", ""C"", ""O"", ""C"", ""C"", ""C"", ""C"", ""C"", ""C"", ""N"", ""C"", ""C"", ""C"", ""C"", ""C"", ""C"", ""C"", ""C"", ""C"", ""C"", ""Cl"", ""C"", ""Cl"", ""C"", ""C"", ""C"", ""H"", ""H"", ""H"", ""H"", ""H"", ""H"", ""H"", ""H"", ""H"", ""H"", ""H"", ""H"", ""H"", ""H"", ""H"", ""H"", ""H"", ""O"", ""C"", ""O"", ""C"", ""C"", ""C"", ""C"", ""C"", ""C"", ""N"", ""C"", ""C"", ""C"", ""C"", ""C"", ""C"", ""C"", ""C"", ""C"", ""C"", ""Cl"", ""C"", ""Cl"", ""C"", ""C"", ""C"", ""H"", ""H"", ""H"", ""H"", ""H"", ""H"", ""H"", ""H"", ""H"", ""H"", ""H"", ""H"", ""H"", ""H"", ""H"", ""H"", ""H""]",C84H68Cl8N4O8,"[true, true, true]","[5.3861020411100355, 0.0, 0.0, 0.0, 22.789796564117466, 0.0, 14.036868749274989, 0.0, 27.773137215094543]",3409.101762492605,[],"{""cutoff=6.000_skin=0.000"": 8704, ""cutoff=6.000_skin=0.500"": 11164}",0.0,,
OPT-RFT-XAFPAY172-R512-v1,16360d404e1cc8ec5ea026f69f45c1e0d210a4962a9adca338d6dcf7b609da30,OPT-RFT-XAFPAY172-R512-v1:0504,XAFPAY_C4_2_15534_z2_86,04c911c1061ea3277eaf340cba2594b8bbb73b2d1e3a4f7cc990e34a4aa632f7,504,cross_family_test_set,XAFPAY/structures/XAFPAY_C4_2_15534_z2_86.cif,58ed03bbc16d9b91749585aaf4c403b5cc9bda8725a137d886aa558e2c1bde36,04c911c1061ea3277eaf340cba2594b8bbb73b2d1e3a4f7cc990e34a4aa632f7,0,172,"[""O"", ""C"", ""O"", ""C"", ""C"", ""C"", ""C"", ""C"", ""C"", ""N"", ""C"", ""C"", ""C"", ""C"", ""C"", ""C"", ""C"", ""C"", ""C"", ""C"", ""Cl"", ""C"", ""Cl"", ""C"", ""C"", ""C"", ""H"", ""H"", ""H"", ""H"", ""H"", ""H"", ""H"", ""H"", ""H"", ""H"", ""H"", ""H"", ""H"", ""H"", ""H"", ""H"", ""H"", ""O"", ""C"", ""O"", ""C"", ""C"", ""C"", ""C"", ""C"", ""C"", ""N"", ""C"", ""C"", ""C"", ""C"", ""C"", ""C"", ""C"", ""C"", ""C"", ""C"", ""Cl"", ""C"", ""Cl"", ""C"", ""C"", ""C"", ""H"", ""H"", ""H"", ""H"", ""H"", ""H"", ""H"", ""H"", ""H"", ""H"", ""H"", ""H"", ""H"", ""H"", ""H"", ""H"", ""H"", ""O"", ""C"", ""O"", ""C"", ""C"", ""C"", ""C"", ""C"", ""C"", ""N"", ""C"", ""C"", ""C"", ""C"", ""C"", ""C"", ""C"", ""C"", ""C"", ""C"", ""Cl"", ""C"", ""Cl"", ""C"", ""C"", ""C"", ""H"", ""H"", ""H"", ""H"", ""H"", ""H"", ""H"", ""H"", ""H"", ""H"", ""H"", ""H"", ""H"", ""H"", ""H"", ""H"", ""H"", ""O"", ""C"", ""O"", ""C"", ""C"", ""C"", ""C"", ""C"", ""C"", ""N"", ""C"", ""C"", ""C"", ""C"", ""C"", ""C"", ""C"", ""C"", ""C"", ""C"", ""Cl"", ""C"", ""Cl"", ""C"", ""C"", ""C"", ""H"", ""H"", ""H"", ""H"", ""H"", ""H"", ""H"", ""H"", ""H"", ""H"", ""H"", ""H"", ""H"", ""H"", ""H"", ""H"", ""H""]",C84H68Cl8N4O8,"[true, true, true]","[5.732274497328838, 0.0, 0.0, -27.304854988924998, 74.47375518797116, 0.0, -6.076732032336024, -0.05944946897253506, 7.325964905504519]",3127.4837775819515,[],"{""cutoff=6.000_skin=0.000"": 8946, ""cutoff=6.000_skin=0.500"": 11398}",0.0,,
OPT-RFT-XAFPAY172-R512-v1,16360d404e1cc8ec5ea026f69f45c1e0d210a4962a9adca338d6dcf7b609da30,OPT-RFT-XAFPAY172-R512-v1:0505,XAFPAY_C2_14_4790_z1_43,eaa53d7fdfc32682e82bf8ca75b77021b83533b1fe70ecac62a2bc95c9fc3759,505,cross_family_test_set,XAFPAY/structures/XAFPAY_C2_14_4790_z1_43.cif,d248a45a6ed5891a91204d5b8812e9411e6df0c5393e44d61b17c83e16582836,eaa53d7fdfc32682e82bf8ca75b77021b83533b1fe70ecac62a2bc95c9fc3759,0,172,"[""O"", ""C"", ""O"", ""C"", ""C"", ""C"", ""C"", ""C"", ""C"", ""N"", ""C"", ""C"", ""C"", ""C"", ""C"", ""C"", ""C"", ""C"", ""C"", ""C"", ""Cl"", ""C"", ""Cl"", ""C"", ""C"", ""C"", ""H"", ""H"", ""H"", ""H"", ""H"", ""H"", ""H"", ""H"", ""H"", ""H"", ""H"", ""H"", ""H"", ""H"", ""H"", ""H"", ""H"", ""O"", ""C"", ""O"", ""C"", ""C"", ""C"", ""C"", ""C"", ""C"", ""N"", ""C"", ""C"", ""C"", ""C"", ""C"", ""C"", ""C"", ""C"", ""C"", ""C"", ""Cl"", ""C"", ""Cl"", ""C"", ""C"", ""C"", ""H"", ""H"", ""H"", ""H"", ""H"", ""H"", ""H"", ""H"", ""H"", ""H"", ""H"", ""H"", ""H"", ""H"", ""H"", ""H"", ""H"", ""O"", ""C"", ""O"", ""C"", ""C"", ""C"", ""C"", ""C"", ""C"", ""N"", ""C"", ""C"", ""C"", ""C"", ""C"", ""C"", ""C"", ""C"", ""C"", ""C"", ""Cl"", ""C"", ""Cl"", ""C"", ""C"", ""C"", ""H"", ""H"", ""H"", ""H"", ""H"", ""H"", ""H"", ""H"", ""H"", ""H"", ""H"", ""H"", ""H"", ""H"", ""H"", ""H"", ""H"", ""O"", ""C"", ""O"", ""C"", ""C"", ""C"", ""C"", ""C"", ""C"", ""N"", ""C"", ""C"", ""C"", ""C"", ""C"", ""C"", ""C"", ""C"", ""C"", ""C"", ""Cl"", ""C"", ""Cl"", ""C"", ""C"", ""C"", ""H"", ""H"", ""H"", ""H"", ""H"", ""H"", ""H"", ""H"", ""H"", ""H"", ""H"", ""H"", ""H"", ""H"", ""H"", ""H"", ""H""]",C84H68Cl8N4O8,"[true, true, true]","[14.653226126956838, 0.0, 0.0, 0.0, 16.38401848321468, 0.0, 4.2084787280736995, 0.0, 11.696032964101724]",2807.968713191374,[],"{""cutoff=6.000_skin=0.000"": 9096, ""cutoff=6.000_skin=0.500"": 11588}",0.0,,
OPT-RFT-XAFPAY172-R512-v1,16360d404e1cc8ec5ea026f69f45c1e0d210a4962a9adca338d6dcf7b609da30,OPT-RFT-XAFPAY172-R512-v1:0506,XAFPAY_C2_14_3456_z1_43,f9916805b81ac7f9f6f999b40b6f85676526de72fedf405408d44b5370a7dac0,506,cross_family_test_set,XAFPAY/structures/XAFPAY_C2_14_3456_z1_43.cif,831c52c37f82a6cc45dba7ca241f9a5c92abbf931fd467d98a57db2476913d26,f9916805b81ac7f9f6f999b40b6f85676526de72fedf405408d44b5370a7dac0,0,172,"[""O"", ""C"", ""O"", ""C"", ""C"", ""C"", ""C"", ""C"", ""C"", ""N"", ""C"", ""C"", ""C"", ""C"", ""C"", ""C"", ""C"", ""C"", ""C"", ""C"", ""Cl"", ""C"", ""Cl"", ""C"", ""C"", ""C"", ""H"", ""H"", ""H"", ""H"", ""H"", ""H"", ""H"", ""H"", ""H"", ""H"", ""H"", ""H"", ""H"", ""H"", ""H"", ""H"", ""H"", ""O"", ""C"", ""O"", ""C"", ""C"", ""C"", ""C"", ""C"", ""C"", ""N"", ""C"", ""C"", ""C"", ""C"", ""C"", ""C"", ""C"", ""C"", ""C"", ""C"", ""Cl"", ""C"", ""Cl"", ""C"", ""C"", ""C"", ""H"", ""H"", ""H"", ""H"", ""H"", ""H"", ""H"", ""H"", ""H"", ""H"", ""H"", ""H"", ""H"", ""H"", ""H"", ""H"", ""H"", ""O"", ""C"", ""O"", ""C"", ""C"", ""C"", ""C"", ""C"", ""C"", ""N"", ""C"", ""C"", ""C"", ""C"", ""C"", ""C"", ""C"", ""C"", ""C"", ""C"", ""Cl"", ""C"", ""Cl"", ""C"", ""C"", ""C"", ""H"", ""H"", ""H"", ""H"", ""H"", ""H"", ""H"", ""H"", ""H"", ""H"", ""H"", ""H"", ""H"", ""H"", ""H"", ""H"", ""H"", ""O"", ""C"", ""O"", ""C"", ""C"", ""C"", ""C"", ""C"", ""C"", ""N"", ""C"", ""C"", ""C"", ""C"", ""C"", ""C"", ""C"", ""C"", ""C"", ""C"", ""Cl"", ""C"", ""Cl"", ""C"", ""C"", ""C"", ""H"", ""H"", ""H"", ""H"", ""H"", ""H"", ""H"", ""H"", ""H"", ""H"", ""H"", ""H"", ""H"", ""H"", ""H"", ""H"", ""H""]",C84H68Cl8N4O8,"[true, true, true]","[10.254599473149618, 0.0, 0.0, 0.0, 18.142035203791274, 0.0, 3.8133329818656683, 0.0, 15.510168494693835]",2885.500961643332,[],"{""cutoff=6.000_skin=0.000"": 9228, ""cutoff=6.000_skin=0.500"": 11628}",0.0,,
OPT-RFT-XAFPAY172-R512-v1,16360d404e1cc8ec5ea026f69f45c1e0d210a4962a9adca338d6dcf7b609da30,OPT-RFT-XAFPAY172-R512-v1:0507,XAFPAY_C3_14_508_z1_43,83b8d957b12e218b96efa0af5ca9c3bda825290418b6c5d8b6d93182daf03e9a,507,cross_family_test_set,XAFPAY/structures/XAFPAY_C3_14_508_z1_43.cif,6664654a9e4114e351957e2b522bb61e2409cde91820f21bdc17b613c998ae82,83b8d957b12e218b96efa0af5ca9c3bda825290418b6c5d8b6d93182daf03e9a,0,172,"[""O"", ""C"", ""O"", ""C"", ""C"", ""C"", ""C"", ""C"", ""C"", ""N"", ""C"", ""C"", ""C"", ""C"", ""C"", ""C"", ""C"", ""C"", ""C"", ""C"", ""Cl"", ""C"", ""Cl"", ""C"", ""C"", ""C"", ""H"", ""H"", ""H"", ""H"", ""H"", ""H"", ""H"", ""H"", ""H"", ""H"", ""H"", ""H"", ""H"", ""H"", ""H"", ""H"", ""H"", ""O"", ""C"", ""O"", ""C"", ""C"", ""C"", ""C"", ""C"", ""C"", ""N"", ""C"", ""C"", ""C"", ""C"", ""C"", ""C"", ""C"", ""C"", ""C"", ""C"", ""Cl"", ""C"", ""Cl"", ""C"", ""C"", ""C"", ""H"", ""H"", ""H"", ""H"", ""H"", ""H"", ""H"", ""H"", ""H"", ""H"", ""H"", ""H"", ""H"", ""H"", ""H"", ""H"", ""H"", ""O"", ""C"", ""O"", ""C"", ""C"", ""C"", ""C"", ""C"", ""C"", ""N"", ""C"", ""C"", ""C"", ""C"", ""C"", ""C"", ""C"", ""C"", ""C"", ""C"", ""Cl"", ""C"", ""Cl"", ""C"", ""C"", ""C"", ""H"", ""H"", ""H"", ""H"", ""H"", ""H"", ""H"", ""H"", ""H"", ""H"", ""H"", ""H"", ""H"", ""H"", ""H"", ""H"", ""H"", ""O"", ""C"", ""O"", ""C"", ""C"", ""C"", ""C"", ""C"", ""C"", ""N"", ""C"", ""C"", ""C"", ""C"", ""C"", ""C"", ""C"", ""C"", ""C"", ""C"", ""Cl"", ""C"", ""Cl"", ""C"", ""C"", ""C"", ""H"", ""H"", ""H"", ""H"", ""H"", ""H"", ""H"", ""H"", ""H"", ""H"", ""H"", ""H"", ""H"", ""H"", ""H"", ""H"", ""H""]",C84H68Cl8N4O8,"[true, true, true]","[23.34118310065452, 0.0, 0.0, 0.0, 12.864575494581196, 0.0, -3.282734736762092, 0.0, 10.19781213866776]",3062.142044963008,[],"{""cutoff=6.000_skin=0.000"": 9408, ""cutoff=6.000_skin=0.500"": 12148}",0.0,,
OPT-RFT-XAFPAY172-R512-v1,16360d404e1cc8ec5ea026f69f45c1e0d210a4962a9adca338d6dcf7b609da30,OPT-RFT-XAFPAY172-R512-v1:0508,XAFPAY_C2_14_3817_z1_43,88550adccaf2f1ad61fc1765d8ee3c0d44c994db15c992fe1fa8f4baae02068a,508,cross_family_test_set,XAFPAY/structures/XAFPAY_C2_14_3817_z1_43.cif,32509a1764573121633f0087f6c3cb7204aed3075afbc5e2df81dc39c3a19c62,88550adccaf2f1ad61fc1765d8ee3c0d44c994db15c992fe1fa8f4baae02068a,0,172,"[""O"", ""C"", ""O"", ""C"", ""C"", ""C"", ""C"", ""C"", ""C"", ""N"", ""C"", ""C"", ""C"", ""C"", ""C"", ""C"", ""C"", ""C"", ""C"", ""C"", ""Cl"", ""C"", ""Cl"", ""C"", ""C"", ""C"", ""H"", ""H"", ""H"", ""H"", ""H"", ""H"", ""H"", ""H"", ""H"", ""H"", ""H"", ""H"", ""H"", ""H"", ""H"", ""H"", ""H"", ""O"", ""C"", ""O"", ""C"", ""C"", ""C"", ""C"", ""C"", ""C"", ""N"", ""C"", ""C"", ""C"", ""C"", ""C"", ""C"", ""C"", ""C"", ""C"", ""C"", ""Cl"", ""C"", ""Cl"", ""C"", ""C"", ""C"", ""H"", ""H"", ""H"", ""H"", ""H"", ""H"", ""H"", ""H"", ""H"", ""H"", ""H"", ""H"", ""H"", ""H"", ""H"", ""H"", ""H"", ""O"", ""C"", ""O"", ""C"", ""C"", ""C"", ""C"", ""C"", ""C"", ""N"", ""C"", ""C"", ""C"", ""C"", ""C"", ""C"", ""C"", ""C"", ""C"", ""C"", ""Cl"", ""C"", ""Cl"", ""C"", ""C"", ""C"", ""H"", ""H"", ""H"", ""H"", ""H"", ""H"", ""H"", ""H"", ""H"", ""H"", ""H"", ""H"", ""H"", ""H"", ""H"", ""H"", ""H"", ""O"", ""C"", ""O"", ""C"", ""C"", ""C"", ""C"", ""C"", ""C"", ""N"", ""C"", ""C"", ""C"", ""C"", ""C"", ""C"", ""C"", ""C"", ""C"", ""C"", ""Cl"", ""C"", ""Cl"", ""C"", ""C"", ""C"", ""H"", ""H"", ""H"", ""H"", ""H"", ""H"", ""H"", ""H"", ""H"", ""H"", ""H"", ""H"", ""H"", ""H"", ""H"", ""H"", ""H""]",C84H68Cl8N4O8,"[true, true, true]","[12.89410771075891, 0.0, 0.0, 0.0, 12.70623368282024, 0.0, 5.622626740249352, 0.0, 16.562965529928903]",2713.6024960783575,[],"{""cutoff=6.000_skin=0.000"": 9532, ""cutoff=6.000_skin=0.500"": 11944}",0.0,,
OPT-RFT-XAFPAY172-R512-v1,16360d404e1cc8ec5ea026f69f45c1e0d210a4962a9adca338d6dcf7b609da30,OPT-RFT-XAFPAY172-R512-v1:0509,XAFPAY_C4_14_3093_z1_43,d5b8fc2ef21e2538838b17d8e6f431099cbc6649a98d42fcdb7aacc05866e75f,509,cross_family_test_set,XAFPAY/structures/XAFPAY_C4_14_3093_z1_43.cif,481d1a90a49e92052b91edab368b855c094e8e0aa944458194a6a5ee0cfbaf44,d5b8fc2ef21e2538838b17d8e6f431099cbc6649a98d42fcdb7aacc05866e75f,0,172,"[""O"", ""C"", ""O"", ""C"", ""C"", ""C"", ""C"", ""C"", ""C"", ""N"", ""C"", ""C"", ""C"", ""C"", ""C"", ""C"", ""C"", ""C"", ""C"", ""C"", ""Cl"", ""C"", ""Cl"", ""C"", ""C"", ""C"", ""H"", ""H"", ""H"", ""H"", ""H"", ""H"", ""H"", ""H"", ""H"", ""H"", ""H"", ""H"", ""H"", ""H"", ""H"", ""H"", ""H"", ""O"", ""C"", ""O"", ""C"", ""C"", ""C"", ""C"", ""C"", ""C"", ""N"", ""C"", ""C"", ""C"", ""C"", ""C"", ""C"", ""C"", ""C"", ""C"", ""C"", ""Cl"", ""C"", ""Cl"", ""C"", ""C"", ""C"", ""H"", ""H"", ""H"", ""H"", ""H"", ""H"", ""H"", ""H"", ""H"", ""H"", ""H"", ""H"", ""H"", ""H"", ""H"", ""H"", ""H"", ""O"", ""C"", ""O"", ""C"", ""C"", ""C"", ""C"", ""C"", ""C"", ""N"", ""C"", ""C"", ""C"", ""C"", ""C"", ""C"", ""C"", ""C"", ""C"", ""C"", ""Cl"", ""C"", ""Cl"", ""C"", ""C"", ""C"", ""H"", ""H"", ""H"", ""H"", ""H"", ""H"", ""H"", ""H"", ""H"", ""H"", ""H"", ""H"", ""H"", ""H"", ""H"", ""H"", ""H"", ""O"", ""C"", ""O"", ""C"", ""C"", ""C"", ""C"", ""C"", ""C"", ""N"", ""C"", ""C"", ""C"", ""C"", ""C"", ""C"", ""C"", ""C"", ""C"", ""C"", ""Cl"", ""C"", ""Cl"", ""C"", ""C"", ""C"", ""H"", ""H"", ""H"", ""H"", ""H"", ""H"", ""H"", ""H"", ""H"", ""H"", ""H"", ""H"", ""H"", ""H"", ""H"", ""H"", ""H""]",C84H68Cl8N4O8,"[true, true, true]","[37.99931741180105, 0.0, 0.0, 0.0, 7.577434187340913, 0.0, 2.0495302949068885, 0.0, 9.474016105562315]",2727.9228719865164,[],"{""cutoff=6.000_skin=0.000"": 9672, ""cutoff=6.000_skin=0.500"": 12276}",0.0,,
OPT-RFT-XAFPAY172-R512-v1,16360d404e1cc8ec5ea026f69f45c1e0d210a4962a9adca338d6dcf7b609da30,OPT-RFT-XAFPAY172-R512-v1:0510,XAFPAY_C3_14_4275_z1_43,851f98a452b701f63ebce23ed3a7567c0a914c74cc279c1b533c1f6cb1da9a7e,510,cross_family_test_set,XAFPAY/structures/XAFPAY_C3_14_4275_z1_43.cif,191a48ccfb37387bbaa8fe4ab3f180a44ef8ff3ebdec0732ea354f33e0e813e5,851f98a452b701f63ebce23ed3a7567c0a914c74cc279c1b533c1f6cb1da9a7e,0,172,"[""O"", ""C"", ""O"", ""C"", ""C"", ""C"", ""C"", ""C"", ""C"", ""N"", ""C"", ""C"", ""C"", ""C"", ""C"", ""C"", ""C"", ""C"", ""C"", ""C"", ""Cl"", ""C"", ""Cl"", ""C"", ""C"", ""C"", ""H"", ""H"", ""H"", ""H"", ""H"", ""H"", ""H"", ""H"", ""H"", ""H"", ""H"", ""H"", ""H"", ""H"", ""H"", ""H"", ""H"", ""O"", ""C"", ""O"", ""C"", ""C"", ""C"", ""C"", ""C"", ""C"", ""N"", ""C"", ""C"", ""C"", ""C"", ""C"", ""C"", ""C"", ""C"", ""C"", ""C"", ""Cl"", ""C"", ""Cl"", ""C"", ""C"", ""C"", ""H"", ""H"", ""H"", ""H"", ""H"", ""H"", ""H"", ""H"", ""H"", ""H"", ""H"", ""H"", ""H"", ""H"", ""H"", ""H"", ""H"", ""O"", ""C"", ""O"", ""C"", ""C"", ""C"", ""C"", ""C"", ""C"", ""N"", ""C"", ""C"", ""C"", ""C"", ""C"", ""C"", ""C"", ""C"", ""C"", ""C"", ""Cl"", ""C"", ""Cl"", ""C"", ""C"", ""C"", ""H"", ""H"", ""H"", ""H"", ""H"", ""H"", ""H"", ""H"", ""H"", ""H"", ""H"", ""H"", ""H"", ""H"", ""H"", ""H"", ""H"", ""O"", ""C"", ""O"", ""C"", ""C"", ""C"", ""C"", ""C"", ""C"", ""N"", ""C"", ""C"", ""C"", ""C"", ""C"", ""C"", ""C"", ""C"", ""C"", ""C"", ""Cl"", ""C"", ""Cl"", ""C"", ""C"", ""C"", ""H"", ""H"", ""H"", ""H"", ""H"", ""H"", ""H"", ""H"", ""H"", ""H"", ""H"", ""H"", ""H"", ""H"", ""H"", ""H"", ""H""]",C84H68Cl8N4O8,"[true, true, true]","[14.886876249310404, 0.0, 0.0, 0.0, 11.764449865433065, 0.0, 1.1292542208102019, 0.0, 14.590460592370547]",2555.313582774359,[],"{""cutoff=6.000_skin=0.000"": 10068, ""cutoff=6.000_skin=0.500"": 13156}",0.0,,
OPT-RFT-XAFPAY172-R512-v1,16360d404e1cc8ec5ea026f69f45c1e0d210a4962a9adca338d6dcf7b609da30,OPT-RFT-XAFPAY172-R512-v1:0511,XAFPAY_C3_14_1123_z1_43,059b736896bba6b66268c3ffd9f7f63658e1406c6d0ffa9792ef9a9d763336ea,511,cross_family_test_set,XAFPAY/structures/XAFPAY_C3_14_1123_z1_43.cif,e3869ae216bdf36118ff6b30e1ff198c6d0f40a20820f5775f487ab539d9e6ab,059b736896bba6b66268c3ffd9f7f63658e1406c6d0ffa9792ef9a9d763336ea,0,172,"[""O"", ""C"", ""O"", ""C"", ""C"", ""C"", ""C"", ""C"", ""C"", ""N"", ""C"", ""C"", ""C"", ""C"", ""C"", ""C"", ""C"", ""C"", ""C"", ""C"", ""Cl"", ""C"", ""Cl"", ""C"", ""C"", ""C"", ""H"", ""H"", ""H"", ""H"", ""H"", ""H"", ""H"", ""H"", ""H"", ""H"", ""H"", ""H"", ""H"", ""H"", ""H"", ""H"", ""H"", ""O"", ""C"", ""O"", ""C"", ""C"", ""C"", ""C"", ""C"", ""C"", ""N"", ""C"", ""C"", ""C"", ""C"", ""C"", ""C"", ""C"", ""C"", ""C"", ""C"", ""Cl"", ""C"", ""Cl"", ""C"", ""C"", ""C"", ""H"", ""H"", ""H"", ""H"", ""H"", ""H"", ""H"", ""H"", ""H"", ""H"", ""H"", ""H"", ""H"", ""H"", ""H"", ""H"", ""H"", ""O"", ""C"", ""O"", ""C"", ""C"", ""C"", ""C"", ""C"", ""C"", ""N"", ""C"", ""C"", ""C"", ""C"", ""C"", ""C"", ""C"", ""C"", ""C"", ""C"", ""Cl"", ""C"", ""Cl"", ""C"", ""C"", ""C"", ""H"", ""H"", ""H"", ""H"", ""H"", ""H"", ""H"", ""H"", ""H"", ""H"", ""H"", ""H"", ""H"", ""H"", ""H"", ""H"", ""H"", ""O"", ""C"", ""O"", ""C"", ""C"", ""C"", ""C"", ""C"", ""C"", ""N"", ""C"", ""C"", ""C"", ""C"", ""C"", ""C"", ""C"", ""C"", ""C"", ""C"", ""Cl"", ""C"", ""Cl"", ""C"", ""C"", ""C"", ""H"", ""H"", ""H"", ""H"", ""H"", ""H"", ""H"", ""H"", ""H"", ""H"", ""H"", ""H"", ""H"", ""H"", ""H"", ""H"", ""H""]",C84H68Cl8N4O8,"[true, true, true]","[4.344036297142669, 0.0, 0.0, 0.0, 22.516457685669184, 0.0, 4.834560193111877, 0.0, 29.212412903415935]",2857.3335712633548,[],"{""cutoff=6.000_skin=0.000"": 10840, ""cutoff=6.000_skin=0.500"": 13312}",0.0,,
