workload_id,manifest_sha256,system_id,group_id,duplicate_group,order,dataset_id,source_path,source_sha256,normalized_structure_sha256,frame_index,atom_count,species,chemical_formula,pbc,cell_A,volume_A3,constraints,topology_edge_counts,arrival_time,random_seed,reference
OPT-RFT-BOQWIN116-R128-v1,3dc2a5eebc94bbf3cbdfce4d57edb0ce9960abd22461543b7085ac647dd741d7,OPT-RFT-BOQWIN116-R128-v1:0000,BOQWIN_C1_19_367_z1_29,dd8395fc9ad4f1498392e69b50c2b48ef4ca4f3731d4c757e95fa2d60cb0bcec,0,cross_family_test_set,BOQWIN/structures/BOQWIN_C1_19_367_z1_29.cif,c93aa9d88cb2b0d31225e92fd332f800763a672be550abebe7bc77feb493b7d7,dd8395fc9ad4f1498392e69b50c2b48ef4ca4f3731d4c757e95fa2d60cb0bcec,0,116,"[""C"", ""C"", ""C"", ""C"", ""C"", ""C"", ""C"", ""C"", ""S"", ""O"", ""O"", ""N"", ""C"", ""C"", ""Br"", ""H"", ""H"", ""H"", ""H"", ""H"", ""H"", ""H"", ""H"", ""H"", ""H"", ""H"", ""H"", ""H"", ""H"", ""C"", ""C"", ""C"", ""C"", ""C"", ""C"", ""C"", ""C"", ""S"", ""O"", ""O"", ""N"", ""C"", ""C"", ""Br"", ""H"", ""H"", ""H"", ""H"", ""H"", ""H"", ""H"", ""H"", ""H"", ""H"", ""H"", ""H"", ""H"", ""H"", ""C"", ""C"", ""C"", ""C"", ""C"", ""C"", ""C"", ""C"", ""S"", ""O"", ""O"", ""N"", ""C"", ""C"", ""Br"", ""H"", ""H"", ""H"", ""H"", ""H"", ""H"", ""H"", ""H"", ""H"", ""H"", ""H"", ""H"", ""H"", ""H"", ""C"", ""C"", ""C"", ""C"", ""C"", ""C"", ""C"", ""C"", ""S"", ""O"", ""O"", ""N"", ""C"", ""C"", ""Br"", ""H"", ""H"", ""H"", ""H"", ""H"", ""H"", ""H"", ""H"", ""H"", ""H"", ""H"", ""H"", ""H"", ""H""]",C40H56Br4N4O8S4,"[true, true, true]","[19.21361051031902, 0.0, 0.0, 0.0, 19.392143442199526, 0.0, 0.0, 0.0, 14.740286313039611]",5492.128840465073,[],"{""cutoff=6.000_skin=0.000"": 3264, ""cutoff=6.000_skin=0.500"": 3504}",0.0,,
OPT-RFT-BOQWIN116-R128-v1,3dc2a5eebc94bbf3cbdfce4d57edb0ce9960abd22461543b7085ac647dd741d7,OPT-RFT-BOQWIN116-R128-v1:0001,BOQWIN_C4_19_140_z1_29,457ca4f76ad754209b2593e2ae506ef6383fa64b214faa2226e4a2ad9b0187d8,1,cross_family_test_set,BOQWIN/structures/BOQWIN_C4_19_140_z1_29.cif,09ba49ec59717a7ec4a1828da951f1a8806ea8719e625c77204cf9dbee39fd2d,457ca4f76ad754209b2593e2ae506ef6383fa64b214faa2226e4a2ad9b0187d8,0,116,"[""C"", ""C"", ""C"", ""C"", ""C"", ""C"", ""C"", ""C"", ""S"", ""O"", ""O"", ""N"", ""C"", ""C"", ""Br"", ""H"", ""H"", ""H"", ""H"", ""H"", ""H"", ""H"", ""H"", ""H"", ""H"", ""H"", ""H"", ""H"", ""H"", ""C"", ""C"", ""C"", ""C"", ""C"", ""C"", ""C"", ""C"", ""S"", ""O"", ""O"", ""N"", ""C"", ""C"", ""Br"", ""H"", ""H"", ""H"", ""H"", ""H"", ""H"", ""H"", ""H"", ""H"", ""H"", ""H"", ""H"", ""H"", ""H"", ""C"", ""C"", ""C"", ""C"", ""C"", ""C"", ""C"", ""C"", ""S"", ""O"", ""O"", ""N"", ""C"", ""C"", ""Br"", ""H"", ""H"", ""H"", ""H"", ""H"", ""H"", ""H"", ""H"", ""H"", ""H"", ""H"", ""H"", ""H"", ""H"", ""C"", ""C"", ""C"", ""C"", ""C"", ""C"", ""C"", ""C"", ""S"", ""O"", ""O"", ""N"", ""C"", ""C"", ""Br"", ""H"", ""H"", ""H"", ""H"", ""H"", ""H"", ""H"", ""H"", ""H"", ""H"", ""H"", ""H"", ""H"", ""H""]",C40H56Br4N4O8S4,"[true, true, true]","[16.10340433992095, 0.0, 0.0, 0.0, 15.732650823990987, 0.0, 0.0, 0.0, 15.491156393061477]",3924.672661066384,[],"{""cutoff=6.000_skin=0.000"": 3744, ""cutoff=6.000_skin=0.500"": 4144}",0.0,,
OPT-RFT-BOQWIN116-R128-v1,3dc2a5eebc94bbf3cbdfce4d57edb0ce9960abd22461543b7085ac647dd741d7,OPT-RFT-BOQWIN116-R128-v1:0002,BOQWIN_C2_19_2308_z1_29,686a512189a513e4aa2b631bde76b7e8cca15446b92901e2860a7ed5c708134e,2,cross_family_test_set,BOQWIN/structures/BOQWIN_C2_19_2308_z1_29.cif,905dfdf4659a277b50261ab121edf04c57cfaa8ae98e2db64be51b093775dfd6,686a512189a513e4aa2b631bde76b7e8cca15446b92901e2860a7ed5c708134e,0,116,"[""C"", ""C"", ""C"", ""C"", ""C"", ""C"", ""C"", ""C"", ""S"", ""O"", ""O"", ""N"", ""C"", ""C"", ""Br"", ""H"", ""H"", ""H"", ""H"", ""H"", ""H"", ""H"", ""H"", ""H"", ""H"", ""H"", ""H"", ""H"", ""H"", ""C"", ""C"", ""C"", ""C"", ""C"", ""C"", ""C"", ""C"", ""S"", ""O"", ""O"", ""N"", ""C"", ""C"", ""Br"", ""H"", ""H"", ""H"", ""H"", ""H"", ""H"", ""H"", ""H"", ""H"", ""H"", ""H"", ""H"", ""H"", ""H"", ""C"", ""C"", ""C"", ""C"", ""C"", ""C"", ""C"", ""C"", ""S"", ""O"", ""O"", ""N"", ""C"", ""C"", ""Br"", ""H"", ""H"", ""H"", ""H"", ""H"", ""H"", ""H"", ""H"", ""H"", ""H"", ""H"", ""H"", ""H"", ""H"", ""C"", ""C"", ""C"", ""C"", ""C"", ""C"", ""C"", ""C"", ""S"", ""O"", ""O"", ""N"", ""C"", ""C"", ""Br"", ""H"", ""H"", ""H"", ""H"", ""H"", ""H"", ""H"", ""H"", ""H"", ""H"", ""H"", ""H"", ""H"", ""H""]",C40H56Br4N4O8S4,"[true, true, true]","[15.807067615148473, 0.0, 0.0, 0.0, 15.989578119007795, 0.0, 0.0, 0.0, 15.112119919792733]",3819.5632608577266,[],"{""cutoff=6.000_skin=0.000"": 3848, ""cutoff=6.000_skin=0.500"": 4352}",0.0,,
OPT-RFT-BOQWIN116-R128-v1,3dc2a5eebc94bbf3cbdfce4d57edb0ce9960abd22461543b7085ac647dd741d7,OPT-RFT-BOQWIN116-R128-v1:0003,BOQWIN_C2_19_1426_z1_29,ab603384df2d51f5c2be7aeebfd894ee668693cdf77b2098da2b9c2e089e222f,3,cross_family_test_set,BOQWIN/structures/BOQWIN_C2_19_1426_z1_29.cif,03206c2d630b66af84ffdb94057f42717391a1eb8a3913fafe4c7685ab41a889,ab603384df2d51f5c2be7aeebfd894ee668693cdf77b2098da2b9c2e089e222f,0,116,"[""C"", ""C"", ""C"", ""C"", ""C"", ""C"", ""C"", ""C"", ""S"", ""O"", ""O"", ""N"", ""C"", ""C"", ""Br"", ""H"", ""H"", ""H"", ""H"", ""H"", ""H"", ""H"", ""H"", ""H"", ""H"", ""H"", ""H"", ""H"", ""H"", ""C"", ""C"", ""C"", ""C"", ""C"", ""C"", ""C"", ""C"", ""S"", ""O"", ""O"", ""N"", ""C"", ""C"", ""Br"", ""H"", ""H"", ""H"", ""H"", ""H"", ""H"", ""H"", ""H"", ""H"", ""H"", ""H"", ""H"", ""H"", ""H"", ""C"", ""C"", ""C"", ""C"", ""C"", ""C"", ""C"", ""C"", ""S"", ""O"", ""O"", ""N"", ""C"", ""C"", ""Br"", ""H"", ""H"", ""H"", ""H"", ""H"", ""H"", ""H"", ""H"", ""H"", ""H"", ""H"", ""H"", ""H"", ""H"", ""C"", ""C"", ""C"", ""C"", ""C"", ""C"", ""C"", ""C"", ""S"", ""O"", ""O"", ""N"", ""C"", ""C"", ""Br"", ""H"", ""H"", ""H"", ""H"", ""H"", ""H"", ""H"", ""H"", ""H"", ""H"", ""H"", ""H"", ""H"", ""H""]",C40H56Br4N4O8S4,"[true, true, true]","[13.378628467549653, 0.0, 0.0, 0.0, 21.62570213591418, 0.0, 0.0, 0.0, 10.13431745923635]",2932.0833696647683,[],"{""cutoff=6.000_skin=0.000"": 3952, ""cutoff=6.000_skin=0.500"": 4488}",0.0,,
OPT-RFT-BOQWIN116-R128-v1,3dc2a5eebc94bbf3cbdfce4d57edb0ce9960abd22461543b7085ac647dd741d7,OPT-RFT-BOQWIN116-R128-v1:0004,BOQWIN_C3_19_2678_z1_29,21f822c8f7a47a60e225c3c7b7970118025890cf084caaa13944d00a87997f58,4,cross_family_test_set,BOQWIN/structures/BOQWIN_C3_19_2678_z1_29.cif,0c8af07bfd20117e8fc71944ae5bdfe18d93c743ca8c65cc6b3ece2d9293f328,21f822c8f7a47a60e225c3c7b7970118025890cf084caaa13944d00a87997f58,0,116,"[""C"", ""C"", ""C"", ""C"", ""C"", ""C"", ""C"", ""C"", ""S"", ""O"", ""O"", ""N"", ""C"", ""C"", ""Br"", ""H"", ""H"", ""H"", ""H"", ""H"", ""H"", ""H"", ""H"", ""H"", ""H"", ""H"", ""H"", ""H"", ""H"", ""C"", ""C"", ""C"", ""C"", ""C"", ""C"", ""C"", ""C"", ""S"", ""O"", ""O"", ""N"", ""C"", ""C"", ""Br"", ""H"", ""H"", ""H"", ""H"", ""H"", ""H"", ""H"", ""H"", ""H"", ""H"", ""H"", ""H"", ""H"", ""H"", ""C"", ""C"", ""C"", ""C"", ""C"", ""C"", ""C"", ""C"", ""S"", ""O"", ""O"", ""N"", ""C"", ""C"", ""Br"", ""H"", ""H"", ""H"", ""H"", ""H"", ""H"", ""H"", ""H"", ""H"", ""H"", ""H"", ""H"", ""H"", ""H"", ""C"", ""C"", ""C"", ""C"", ""C"", ""C"", ""C"", ""C"", ""S"", ""O"", ""O"", ""N"", ""C"", ""C"", ""Br"", ""H"", ""H"", ""H"", ""H"", ""H"", ""H"", ""H"", ""H"", ""H"", ""H"", ""H"", ""H"", ""H"", ""H""]",C40H56Br4N4O8S4,"[true, true, true]","[15.062110944791538, 0.0, 0.0, 0.0, 14.342867551945083, 0.0, 0.0, 0.0, 15.903480298696472]",3435.690273477647,[],"{""cutoff=6.000_skin=0.000"": 4032, ""cutoff=6.000_skin=0.500"": 4608}",0.0,,
OPT-RFT-BOQWIN116-R128-v1,3dc2a5eebc94bbf3cbdfce4d57edb0ce9960abd22461543b7085ac647dd741d7,OPT-RFT-BOQWIN116-R128-v1:0005,BOQWIN_C1_19_1543_z1_29,7dacb00e775903a2b18b00359ecbbf1ce58ac25a16006e826cc79ca718f33358,5,cross_family_test_set,BOQWIN/structures/BOQWIN_C1_19_1543_z1_29.cif,3600759b0b45ad4e90a10c1cd1ae446436b6d004f454104566cca1973b0255d6,7dacb00e775903a2b18b00359ecbbf1ce58ac25a16006e826cc79ca718f33358,0,116,"[""C"", ""C"", ""C"", ""C"", ""C"", ""C"", ""C"", ""C"", ""S"", ""O"", ""O"", ""N"", ""C"", ""C"", ""Br"", ""H"", ""H"", ""H"", ""H"", ""H"", ""H"", ""H"", ""H"", ""H"", ""H"", ""H"", ""H"", ""H"", ""H"", ""C"", ""C"", ""C"", ""C"", ""C"", ""C"", ""C"", ""C"", ""S"", ""O"", ""O"", ""N"", ""C"", ""C"", ""Br"", ""H"", ""H"", ""H"", ""H"", ""H"", ""H"", ""H"", ""H"", ""H"", ""H"", ""H"", ""H"", ""H"", ""H"", ""C"", ""C"", ""C"", ""C"", ""C"", ""C"", ""C"", ""C"", ""S"", ""O"", ""O"", ""N"", ""C"", ""C"", ""Br"", ""H"", ""H"", ""H"", ""H"", ""H"", ""H"", ""H"", ""H"", ""H"", ""H"", ""H"", ""H"", ""H"", ""H"", ""C"", ""C"", ""C"", ""C"", ""C"", ""C"", ""C"", ""C"", ""S"", ""O"", ""O"", ""N"", ""C"", ""C"", ""Br"", ""H"", ""H"", ""H"", ""H"", ""H"", ""H"", ""H"", ""H"", ""H"", ""H"", ""H"", ""H"", ""H"", ""H""]",C40H56Br4N4O8S4,"[true, true, true]","[12.71542851260167, 0.0, 0.0, 0.0, 15.12205644640553, 0.0, 0.0, 0.0, 16.125973727468775]",3100.7575034435777,[],"{""cutoff=6.000_skin=0.000"": 4088, ""cutoff=6.000_skin=0.500"": 4712}",0.0,,
OPT-RFT-BOQWIN116-R128-v1,3dc2a5eebc94bbf3cbdfce4d57edb0ce9960abd22461543b7085ac647dd741d7,OPT-RFT-BOQWIN116-R128-v1:0006,BOQWIN_C1_19_2172_z1_29,585a2c40d129921788b3a9702c9728e824e446f4680339fa1c000ab01521a7a0,6,cross_family_test_set,BOQWIN/structures/BOQWIN_C1_19_2172_z1_29.cif,ca98b04c8e60ba6225250152040099dd21054dd9c239d5e65ec811544f67110c,585a2c40d129921788b3a9702c9728e824e446f4680339fa1c000ab01521a7a0,0,116,"[""C"", ""C"", ""C"", ""C"", ""C"", ""C"", ""C"", ""C"", ""S"", ""O"", ""O"", ""N"", ""C"", ""C"", ""Br"", ""H"", ""H"", ""H"", ""H"", ""H"", ""H"", ""H"", ""H"", ""H"", ""H"", ""H"", ""H"", ""H"", ""H"", ""C"", ""C"", ""C"", ""C"", ""C"", ""C"", ""C"", ""C"", ""S"", ""O"", ""O"", ""N"", ""C"", ""C"", ""Br"", ""H"", ""H"", ""H"", ""H"", ""H"", ""H"", ""H"", ""H"", ""H"", ""H"", ""H"", ""H"", ""H"", ""H"", ""C"", ""C"", ""C"", ""C"", ""C"", ""C"", ""C"", ""C"", ""S"", ""O"", ""O"", ""N"", ""C"", ""C"", ""Br"", ""H"", ""H"", ""H"", ""H"", ""H"", ""H"", ""H"", ""H"", ""H"", ""H"", ""H"", ""H"", ""H"", ""H"", ""C"", ""C"", ""C"", ""C"", ""C"", ""C"", ""C"", ""C"", ""S"", ""O"", ""O"", ""N"", ""C"", ""C"", ""Br"", ""H"", ""H"", ""H"", ""H"", ""H"", ""H"", ""H"", ""H"", ""H"", ""H"", ""H"", ""H"", ""H"", ""H""]",C40H56Br4N4O8S4,"[true, true, true]","[15.014203431012891, 0.0, 0.0, 0.0, 8.680471038385278, 0.0, 0.0, 0.0, 24.895264328538474]",3244.6087136214014,[],"{""cutoff=6.000_skin=0.000"": 4128, ""cutoff=6.000_skin=0.500"": 4800}",0.0,,
OPT-RFT-BOQWIN116-R128-v1,3dc2a5eebc94bbf3cbdfce4d57edb0ce9960abd22461543b7085ac647dd741d7,OPT-RFT-BOQWIN116-R128-v1:0007,BOQWIN_C1_19_1297_z1_29,5ad97650576a66d1a99d16859e7130e1f6b7efbc3035bfcf89bd89a47d437a06,7,cross_family_test_set,BOQWIN/structures/BOQWIN_C1_19_1297_z1_29.cif,bc619e806c11fcc91137e8bff46957d1a10e961182dd27db644df28b4cfe0495,5ad97650576a66d1a99d16859e7130e1f6b7efbc3035bfcf89bd89a47d437a06,0,116,"[""C"", ""C"", ""C"", ""C"", ""C"", ""C"", ""C"", ""C"", ""S"", ""O"", ""O"", ""N"", ""C"", ""C"", ""Br"", ""H"", ""H"", ""H"", ""H"", ""H"", ""H"", ""H"", ""H"", ""H"", ""H"", ""H"", ""H"", ""H"", ""H"", ""C"", ""C"", ""C"", ""C"", ""C"", ""C"", ""C"", ""C"", ""S"", ""O"", ""O"", ""N"", ""C"", ""C"", ""Br"", ""H"", ""H"", ""H"", ""H"", ""H"", ""H"", ""H"", ""H"", ""H"", ""H"", ""H"", ""H"", ""H"", ""H"", ""C"", ""C"", ""C"", ""C"", ""C"", ""C"", ""C"", ""C"", ""S"", ""O"", ""O"", ""N"", ""C"", ""C"", ""Br"", ""H"", ""H"", ""H"", ""H"", ""H"", ""H"", ""H"", ""H"", ""H"", ""H"", ""H"", ""H"", ""H"", ""H"", ""C"", ""C"", ""C"", ""C"", ""C"", ""C"", ""C"", ""C"", ""S"", ""O"", ""O"", ""N"", ""C"", ""C"", ""Br"", ""H"", ""H"", ""H"", ""H"", ""H"", ""H"", ""H"", ""H"", ""H"", ""H"", ""H"", ""H"", ""H"", ""H""]",C40H56Br4N4O8S4,"[true, true, true]","[11.178097643435951, 0.0, 0.0, 0.0, 15.879326048890348, 0.0, 0.0, 0.0, 15.594131556693974]",2767.9685980057607,[],"{""cutoff=6.000_skin=0.000"": 4176, ""cutoff=6.000_skin=0.500"": 5080}",0.0,,
OPT-RFT-BOQWIN116-R128-v1,3dc2a5eebc94bbf3cbdfce4d57edb0ce9960abd22461543b7085ac647dd741d7,OPT-RFT-BOQWIN116-R128-v1:0008,BOQWIN_C4_19_2615_z1_29,720d1f051e1090898a6bc9f39b62a0561956e9a837c0d17e817bb593ea9741e2,8,cross_family_test_set,BOQWIN/structures/BOQWIN_C4_19_2615_z1_29.cif,3c941626d671b2d4e8502ad6b378f1110514105759eb1898889a1128f9f41ddf,720d1f051e1090898a6bc9f39b62a0561956e9a837c0d17e817bb593ea9741e2,0,116,"[""C"", ""C"", ""C"", ""C"", ""C"", ""C"", ""C"", ""C"", ""S"", ""O"", ""O"", ""N"", ""C"", ""C"", ""Br"", ""H"", ""H"", ""H"", ""H"", ""H"", ""H"", ""H"", ""H"", ""H"", ""H"", ""H"", ""H"", ""H"", ""H"", ""C"", ""C"", ""C"", ""C"", ""C"", ""C"", ""C"", ""C"", ""S"", ""O"", ""O"", ""N"", ""C"", ""C"", ""Br"", ""H"", ""H"", ""H"", ""H"", ""H"", ""H"", ""H"", ""H"", ""H"", ""H"", ""H"", ""H"", ""H"", ""H"", ""C"", ""C"", ""C"", ""C"", ""C"", ""C"", ""C"", ""C"", ""S"", ""O"", ""O"", ""N"", ""C"", ""C"", ""Br"", ""H"", ""H"", ""H"", ""H"", ""H"", ""H"", ""H"", ""H"", ""H"", ""H"", ""H"", ""H"", ""H"", ""H"", ""C"", ""C"", ""C"", ""C"", ""C"", ""C"", ""C"", ""C"", ""S"", ""O"", ""O"", ""N"", ""C"", ""C"", ""Br"", ""H"", ""H"", ""H"", ""H"", ""H"", ""H"", ""H"", ""H"", ""H"", ""H"", ""H"", ""H"", ""H"", ""H""]",C40H56Br4N4O8S4,"[true, true, true]","[17.62989530212849, 0.0, 0.0, 0.0, 12.730309546346408, 0.0, 0.0, 0.0, 13.084823512165212]",2936.679600259622,[],"{""cutoff=6.000_skin=0.000"": 4208, ""cutoff=6.000_skin=0.500"": 4880}",0.0,,
OPT-RFT-BOQWIN116-R128-v1,3dc2a5eebc94bbf3cbdfce4d57edb0ce9960abd22461543b7085ac647dd741d7,OPT-RFT-BOQWIN116-R128-v1:0009,BOQWIN_C3_19_2504_z1_29,71e558e2d1ae15bdbccc1d484794702f4e62f1ccb3c8d2624128cdb480d28493,9,cross_family_test_set,BOQWIN/structures/BOQWIN_C3_19_2504_z1_29.cif,bc8420103fb19055b163e49623a4839d6806c14739c40b51066c9a8e7a689e0e,71e558e2d1ae15bdbccc1d484794702f4e62f1ccb3c8d2624128cdb480d28493,0,116,"[""C"", ""C"", ""C"", ""C"", ""C"", ""C"", ""C"", ""C"", ""S"", ""O"", ""O"", ""N"", ""C"", ""C"", ""Br"", ""H"", ""H"", ""H"", ""H"", ""H"", ""H"", ""H"", ""H"", ""H"", ""H"", ""H"", ""H"", ""H"", ""H"", ""C"", ""C"", ""C"", ""C"", ""C"", ""C"", ""C"", ""C"", ""S"", ""O"", ""O"", ""N"", ""C"", ""C"", ""Br"", ""H"", ""H"", ""H"", ""H"", ""H"", ""H"", ""H"", ""H"", ""H"", ""H"", ""H"", ""H"", ""H"", ""H"", ""C"", ""C"", ""C"", ""C"", ""C"", ""C"", ""C"", ""C"", ""S"", ""O"", ""O"", ""N"", ""C"", ""C"", ""Br"", ""H"", ""H"", ""H"", ""H"", ""H"", ""H"", ""H"", ""H"", ""H"", ""H"", ""H"", ""H"", ""H"", ""H"", ""C"", ""C"", ""C"", ""C"", ""C"", ""C"", ""C"", ""C"", ""S"", ""O"", ""O"", ""N"", ""C"", ""C"", ""Br"", ""H"", ""H"", ""H"", ""H"", ""H"", ""H"", ""H"", ""H"", ""H"", ""H"", ""H"", ""H"", ""H"", ""H""]",C40H56Br4N4O8S4,"[true, true, true]","[17.282697599154538, 0.0, 0.0, 0.0, 12.781092338150728, 0.0, 0.0, 0.0, 12.691401165335307]",2803.425862442255,[],"{""cutoff=6.000_skin=0.000"": 4248, ""cutoff=6.000_skin=0.500"": 5000}",0.0,,
OPT-RFT-BOQWIN116-R128-v1,3dc2a5eebc94bbf3cbdfce4d57edb0ce9960abd22461543b7085ac647dd741d7,OPT-RFT-BOQWIN116-R128-v1:0010,BOQWIN_C2_19_890_z1_29,62f09e63da14199a83e7acff5f9e464b29a907a50ade034776327808b19059e1,10,cross_family_test_set,BOQWIN/structures/BOQWIN_C2_19_890_z1_29.cif,c7a990b81e7a84471a9652045bf92f90eda581d15917d0262b4096a2ffcca06a,62f09e63da14199a83e7acff5f9e464b29a907a50ade034776327808b19059e1,0,116,"[""C"", ""C"", ""C"", ""C"", ""C"", ""C"", ""C"", ""C"", ""S"", ""O"", ""O"", ""N"", ""C"", ""C"", ""Br"", ""H"", ""H"", ""H"", ""H"", ""H"", ""H"", ""H"", ""H"", ""H"", ""H"", ""H"", ""H"", ""H"", ""H"", ""C"", ""C"", ""C"", ""C"", ""C"", ""C"", ""C"", ""C"", ""S"", ""O"", ""O"", ""N"", ""C"", ""C"", ""Br"", ""H"", ""H"", ""H"", ""H"", ""H"", ""H"", ""H"", ""H"", ""H"", ""H"", ""H"", ""H"", ""H"", ""H"", ""C"", ""C"", ""C"", ""C"", ""C"", ""C"", ""C"", ""C"", ""S"", ""O"", ""O"", ""N"", ""C"", ""C"", ""Br"", ""H"", ""H"", ""H"", ""H"", ""H"", ""H"", ""H"", ""H"", ""H"", ""H"", ""H"", ""H"", ""H"", ""H"", ""C"", ""C"", ""C"", ""C"", ""C"", ""C"", ""C"", ""C"", ""S"", ""O"", ""O"", ""N"", ""C"", ""C"", ""Br"", ""H"", ""H"", ""H"", ""H"", ""H"", ""H"", ""H"", ""H"", ""H"", ""H"", ""H"", ""H"", ""H"", ""H""]",C40H56Br4N4O8S4,"[true, true, true]","[14.12992531630185, 0.0, 0.0, 0.0, 13.57633028184135, 0.0, 0.0, 0.0, 13.179107539516508]",2528.181581350479,[],"{""cutoff=6.000_skin=0.000"": 4304, ""cutoff=6.000_skin=0.500"": 5160}",0.0,,
OPT-RFT-BOQWIN116-R128-v1,3dc2a5eebc94bbf3cbdfce4d57edb0ce9960abd22461543b7085ac647dd741d7,OPT-RFT-BOQWIN116-R128-v1:0011,BOQWIN_C3_19_1890_z1_29,58f6cc39b47718318957ba802cec0c8ae56e13ed7cb99cf5ba2acac1e597fdd6,11,cross_family_test_set,BOQWIN/structures/BOQWIN_C3_19_1890_z1_29.cif,8a0db5a2ef24eb6f4213307ed0dc468e889cf82c79b421c115205712631d0dd8,58f6cc39b47718318957ba802cec0c8ae56e13ed7cb99cf5ba2acac1e597fdd6,0,116,"[""C"", ""C"", ""C"", ""C"", ""C"", ""C"", ""C"", ""C"", ""S"", ""O"", ""O"", ""N"", ""C"", ""C"", ""Br"", ""H"", ""H"", ""H"", ""H"", ""H"", ""H"", ""H"", ""H"", ""H"", ""H"", ""H"", ""H"", ""H"", ""H"", ""C"", ""C"", ""C"", ""C"", ""C"", ""C"", ""C"", ""C"", ""S"", ""O"", ""O"", ""N"", ""C"", ""C"", ""Br"", ""H"", ""H"", ""H"", ""H"", ""H"", ""H"", ""H"", ""H"", ""H"", ""H"", ""H"", ""H"", ""H"", ""H"", ""C"", ""C"", ""C"", ""C"", ""C"", ""C"", ""C"", ""C"", ""S"", ""O"", ""O"", ""N"", ""C"", ""C"", ""Br"", ""H"", ""H"", ""H"", ""H"", ""H"", ""H"", ""H"", ""H"", ""H"", ""H"", ""H"", ""H"", ""H"", ""H"", ""C"", ""C"", ""C"", ""C"", ""C"", ""C"", ""C"", ""C"", ""S"", ""O"", ""O"", ""N"", ""C"", ""C"", ""Br"", ""H"", ""H"", ""H"", ""H"", ""H"", ""H"", ""H"", ""H"", ""H"", ""H"", ""H"", ""H"", ""H"", ""H""]",C40H56Br4N4O8S4,"[true, true, true]","[14.510382661713535, 0.0, 0.0, 0.0, 13.542780511801375, 0.0, 0.0, 0.0, 15.042219147808026]",2955.960436842793,[],"{""cutoff=6.000_skin=0.000"": 4336, ""cutoff=6.000_skin=0.500"": 4984}",0.0,,
OPT-RFT-BOQWIN116-R128-v1,3dc2a5eebc94bbf3cbdfce4d57edb0ce9960abd22461543b7085ac647dd741d7,OPT-RFT-BOQWIN116-R128-v1:0012,BOQWIN_C2_19_1339_z1_29,65e0776b5f29890595b9bc1001e1a0ac7ea3a0b9fc87b967571d321e2f435860,12,cross_family_test_set,BOQWIN/structures/BOQWIN_C2_19_1339_z1_29.cif,0ad8c2d512782f687dea3bc0ad52369f17254a057b7842cd5ce477e30d80e5d4,65e0776b5f29890595b9bc1001e1a0ac7ea3a0b9fc87b967571d321e2f435860,0,116,"[""C"", ""C"", ""C"", ""C"", ""C"", ""C"", ""C"", ""C"", ""S"", ""O"", ""O"", ""N"", ""C"", ""C"", ""Br"", ""H"", ""H"", ""H"", ""H"", ""H"", ""H"", ""H"", ""H"", ""H"", ""H"", ""H"", ""H"", ""H"", ""H"", ""C"", ""C"", ""C"", ""C"", ""C"", ""C"", ""C"", ""C"", ""S"", ""O"", ""O"", ""N"", ""C"", ""C"", ""Br"", ""H"", ""H"", ""H"", ""H"", ""H"", ""H"", ""H"", ""H"", ""H"", ""H"", ""H"", ""H"", ""H"", ""H"", ""C"", ""C"", ""C"", ""C"", ""C"", ""C"", ""C"", ""C"", ""S"", ""O"", ""O"", ""N"", ""C"", ""C"", ""Br"", ""H"", ""H"", ""H"", ""H"", ""H"", ""H"", ""H"", ""H"", ""H"", ""H"", ""H"", ""H"", ""H"", ""H"", ""C"", ""C"", ""C"", ""C"", ""C"", ""C"", ""C"", ""C"", ""S"", ""O"", ""O"", ""N"", ""C"", ""C"", ""Br"", ""H"", ""H"", ""H"", ""H"", ""H"", ""H"", ""H"", ""H"", ""H"", ""H"", ""H"", ""H"", ""H"", ""H""]",C40H56Br4N4O8S4,"[true, true, true]","[14.002663809784437, 0.0, 0.0, 0.0, 14.534155225039338, 0.0, 0.0, 0.0, 14.227644459467594]",2895.565943530669,[],"{""cutoff=6.000_skin=0.000"": 4360, ""cutoff=6.000_skin=0.500"": 5072}",0.0,,
OPT-RFT-BOQWIN116-R128-v1,3dc2a5eebc94bbf3cbdfce4d57edb0ce9960abd22461543b7085ac647dd741d7,OPT-RFT-BOQWIN116-R128-v1:0013,BOQWIN_C2_19_1465_z1_29,d1f5c2ecaa02cb77a3ca063e4979f09b25a860a3fd8d04049ece657759c5d095,13,cross_family_test_set,BOQWIN/structures/BOQWIN_C2_19_1465_z1_29.cif,89d895a7239ad634cb3b70da456ed5b683c50318c4ec5005b7a9f01749f4ba7f,d1f5c2ecaa02cb77a3ca063e4979f09b25a860a3fd8d04049ece657759c5d095,0,116,"[""C"", ""C"", ""C"", ""C"", ""C"", ""C"", ""C"", ""C"", ""S"", ""O"", ""O"", ""N"", ""C"", ""C"", ""Br"", ""H"", ""H"", ""H"", ""H"", ""H"", ""H"", ""H"", ""H"", ""H"", ""H"", ""H"", ""H"", ""H"", ""H"", ""C"", ""C"", ""C"", ""C"", ""C"", ""C"", ""C"", ""C"", ""S"", ""O"", ""O"", ""N"", ""C"", ""C"", ""Br"", ""H"", ""H"", ""H"", ""H"", ""H"", ""H"", ""H"", ""H"", ""H"", ""H"", ""H"", ""H"", ""H"", ""H"", ""C"", ""C"", ""C"", ""C"", ""C"", ""C"", ""C"", ""C"", ""S"", ""O"", ""O"", ""N"", ""C"", ""C"", ""Br"", ""H"", ""H"", ""H"", ""H"", ""H"", ""H"", ""H"", ""H"", ""H"", ""H"", ""H"", ""H"", ""H"", ""H"", ""C"", ""C"", ""C"", ""C"", ""C"", ""C"", ""C"", ""C"", ""S"", ""O"", ""O"", ""N"", ""C"", ""C"", ""Br"", ""H"", ""H"", ""H"", ""H"", ""H"", ""H"", ""H"", ""H"", ""H"", ""H"", ""H"", ""H"", ""H"", ""H""]",C40H56Br4N4O8S4,"[true, true, true]","[16.745383503036564, 0.0, 0.0, 0.0, 11.055987672557807, 0.0, 0.0, 0.0, 14.19529420994946]",2628.070686168923,[],"{""cutoff=6.000_skin=0.000"": 4384, ""cutoff=6.000_skin=0.500"": 5152}",0.0,,
OPT-RFT-BOQWIN116-R128-v1,3dc2a5eebc94bbf3cbdfce4d57edb0ce9960abd22461543b7085ac647dd741d7,OPT-RFT-BOQWIN116-R128-v1:0014,BOQWIN_C2_19_1784_z1_29,01d151581aa10a8f24a1e081f61aebeea07654e9137a26e3d71a4f875d4b4a2f,14,cross_family_test_set,BOQWIN/structures/BOQWIN_C2_19_1784_z1_29.cif,40f4462d4a1854dba7653889188c521e876e3a251f3e37d343baeba08d55e08a,01d151581aa10a8f24a1e081f61aebeea07654e9137a26e3d71a4f875d4b4a2f,0,116,"[""C"", ""C"", ""C"", ""C"", ""C"", ""C"", ""C"", ""C"", ""S"", ""O"", ""O"", ""N"", ""C"", ""C"", ""Br"", ""H"", ""H"", ""H"", ""H"", ""H"", ""H"", ""H"", ""H"", ""H"", ""H"", ""H"", ""H"", ""H"", ""H"", ""C"", ""C"", ""C"", ""C"", ""C"", ""C"", ""C"", ""C"", ""S"", ""O"", ""O"", ""N"", ""C"", ""C"", ""Br"", ""H"", ""H"", ""H"", ""H"", ""H"", ""H"", ""H"", ""H"", ""H"", ""H"", ""H"", ""H"", ""H"", ""H"", ""C"", ""C"", ""C"", ""C"", ""C"", ""C"", ""C"", ""C"", ""S"", ""O"", ""O"", ""N"", ""C"", ""C"", ""Br"", ""H"", ""H"", ""H"", ""H"", ""H"", ""H"", ""H"", ""H"", ""H"", ""H"", ""H"", ""H"", ""H"", ""H"", ""C"", ""C"", ""C"", ""C"", ""C"", ""C"", ""C"", ""C"", ""S"", ""O"", ""O"", ""N"", ""C"", ""C"", ""Br"", ""H"", ""H"", ""H"", ""H"", ""H"", ""H"", ""H"", ""H"", ""H"", ""H"", ""H"", ""H"", ""H"", ""H""]",C40H56Br4N4O8S4,"[true, true, true]","[11.938309446528415, 0.0, 0.0, 0.0, 16.624066806568706, 0.0, 0.0, 0.0, 12.424171262743627]",2465.74145453005,[],"{""cutoff=6.000_skin=0.000"": 4416, ""cutoff=6.000_skin=0.500"": 5368}",0.0,,
OPT-RFT-BOQWIN116-R128-v1,3dc2a5eebc94bbf3cbdfce4d57edb0ce9960abd22461543b7085ac647dd741d7,OPT-RFT-BOQWIN116-R128-v1:0015,BOQWIN_C1_19_884_z1_29,c06c6493913f3eb207fc541c94ba166865d8bab4ce3af5453805613b3b8d7ff8,15,cross_family_test_set,BOQWIN/structures/BOQWIN_C1_19_884_z1_29.cif,f2e6c3167edece61dd2d69d577190bb70887e3e5ec535ca50dd680c95e6c646c,c06c6493913f3eb207fc541c94ba166865d8bab4ce3af5453805613b3b8d7ff8,0,116,"[""C"", ""C"", ""C"", ""C"", ""C"", ""C"", ""C"", ""C"", ""S"", ""O"", ""O"", ""N"", ""C"", ""C"", ""Br"", ""H"", ""H"", ""H"", ""H"", ""H"", ""H"", ""H"", ""H"", ""H"", ""H"", ""H"", ""H"", ""H"", ""H"", ""C"", ""C"", ""C"", ""C"", ""C"", ""C"", ""C"", ""C"", ""S"", ""O"", ""O"", ""N"", ""C"", ""C"", ""Br"", ""H"", ""H"", ""H"", ""H"", ""H"", ""H"", ""H"", ""H"", ""H"", ""H"", ""H"", ""H"", ""H"", ""H"", ""C"", ""C"", ""C"", ""C"", ""C"", ""C"", ""C"", ""C"", ""S"", ""O"", ""O"", ""N"", ""C"", ""C"", ""Br"", ""H"", ""H"", ""H"", ""H"", ""H"", ""H"", ""H"", ""H"", ""H"", ""H"", ""H"", ""H"", ""H"", ""H"", ""C"", ""C"", ""C"", ""C"", ""C"", ""C"", ""C"", ""C"", ""S"", ""O"", ""O"", ""N"", ""C"", ""C"", ""Br"", ""H"", ""H"", ""H"", ""H"", ""H"", ""H"", ""H"", ""H"", ""H"", ""H"", ""H"", ""H"", ""H"", ""H""]",C40H56Br4N4O8S4,"[true, true, true]","[14.477632772192642, 0.0, 0.0, 0.0, 14.641552625715775, 0.0, 0.0, 0.0, 15.257218964958625]",3234.1493277370055,[],"{""cutoff=6.000_skin=0.000"": 4440, ""cutoff=6.000_skin=0.500"": 5104}",0.0,,
OPT-RFT-BOQWIN116-R128-v1,3dc2a5eebc94bbf3cbdfce4d57edb0ce9960abd22461543b7085ac647dd741d7,OPT-RFT-BOQWIN116-R128-v1:0016,BOQWIN_C3_19_952_z1_29,7cf2b7f564a76df3b787ab8540ec8e90d069bf599ca3ba1c70e22f4e4b405cc7,16,cross_family_test_set,BOQWIN/structures/BOQWIN_C3_19_952_z1_29.cif,5320283d492872f43c8d7f8f06d9463b21912f5ca335a04fd6806efdd2008c10,7cf2b7f564a76df3b787ab8540ec8e90d069bf599ca3ba1c70e22f4e4b405cc7,0,116,"[""C"", ""C"", ""C"", ""C"", ""C"", ""C"", ""C"", ""C"", ""S"", ""O"", ""O"", ""N"", ""C"", ""C"", ""Br"", ""H"", ""H"", ""H"", ""H"", ""H"", ""H"", ""H"", ""H"", ""H"", ""H"", ""H"", ""H"", ""H"", ""H"", ""C"", ""C"", ""C"", ""C"", ""C"", ""C"", ""C"", ""C"", ""S"", ""O"", ""O"", ""N"", ""C"", ""C"", ""Br"", ""H"", ""H"", ""H"", ""H"", ""H"", ""H"", ""H"", ""H"", ""H"", ""H"", ""H"", ""H"", ""H"", ""H"", ""C"", ""C"", ""C"", ""C"", ""C"", ""C"", ""C"", ""C"", ""S"", ""O"", ""O"", ""N"", ""C"", ""C"", ""Br"", ""H"", ""H"", ""H"", ""H"", ""H"", ""H"", ""H"", ""H"", ""H"", ""H"", ""H"", ""H"", ""H"", ""H"", ""C"", ""C"", ""C"", ""C"", ""C"", ""C"", ""C"", ""C"", ""S"", ""O"", ""O"", ""N"", ""C"", ""C"", ""Br"", ""H"", ""H"", ""H"", ""H"", ""H"", ""H"", ""H"", ""H"", ""H"", ""H"", ""H"", ""H"", ""H"", ""H""]",C40H56Br4N4O8S4,"[true, true, true]","[13.626427559583398, 0.0, 0.0, 0.0, 14.80156122143071, 0.0, 0.0, 0.0, 14.398384650186802]",2904.0447814534336,[],"{""cutoff=6.000_skin=0.000"": 4472, ""cutoff=6.000_skin=0.500"": 5392}",0.0,,
OPT-RFT-BOQWIN116-R128-v1,3dc2a5eebc94bbf3cbdfce4d57edb0ce9960abd22461543b7085ac647dd741d7,OPT-RFT-BOQWIN116-R128-v1:0017,BOQWIN_C2_19_2743_z1_29,e7f0d04bd2fdfb1fa88c2c202cb868a44f6629547f688ed4f41cab346ab605e2,17,cross_family_test_set,BOQWIN/structures/BOQWIN_C2_19_2743_z1_29.cif,c2d12d0bf6cc25605888ba7d83d97cfa8be76fe2a9020a96392898699126d02f,e7f0d04bd2fdfb1fa88c2c202cb868a44f6629547f688ed4f41cab346ab605e2,0,116,"[""C"", ""C"", ""C"", ""C"", ""C"", ""C"", ""C"", ""C"", ""S"", ""O"", ""O"", ""N"", ""C"", ""C"", ""Br"", ""H"", ""H"", ""H"", ""H"", ""H"", ""H"", ""H"", ""H"", ""H"", ""H"", ""H"", ""H"", ""H"", ""H"", ""C"", ""C"", ""C"", ""C"", ""C"", ""C"", ""C"", ""C"", ""S"", ""O"", ""O"", ""N"", ""C"", ""C"", ""Br"", ""H"", ""H"", ""H"", ""H"", ""H"", ""H"", ""H"", ""H"", ""H"", ""H"", ""H"", ""H"", ""H"", ""H"", ""C"", ""C"", ""C"", ""C"", ""C"", ""C"", ""C"", ""C"", ""S"", ""O"", ""O"", ""N"", ""C"", ""C"", ""Br"", ""H"", ""H"", ""H"", ""H"", ""H"", ""H"", ""H"", ""H"", ""H"", ""H"", ""H"", ""H"", ""H"", ""H"", ""C"", ""C"", ""C"", ""C"", ""C"", ""C"", ""C"", ""C"", ""S"", ""O"", ""O"", ""N"", ""C"", ""C"", ""Br"", ""H"", ""H"", ""H"", ""H"", ""H"", ""H"", ""H"", ""H"", ""H"", ""H"", ""H"", ""H"", ""H"", ""H""]",C40H56Br4N4O8S4,"[true, true, true]","[12.780161239758328, 0.0, 0.0, 0.0, 12.769205221030546, 0.0, 0.0, 0.0, 17.22591806265441]",2811.140661489284,[],"{""cutoff=6.000_skin=0.000"": 4496, ""cutoff=6.000_skin=0.500"": 5248}",0.0,,
OPT-RFT-BOQWIN116-R128-v1,3dc2a5eebc94bbf3cbdfce4d57edb0ce9960abd22461543b7085ac647dd741d7,OPT-RFT-BOQWIN116-R128-v1:0018,BOQWIN_C4_19_777_z1_29,81e3bd0b0451a5abcb92cef0ced28d07d7f5db3eb4a49582fbece3295119b663,18,cross_family_test_set,BOQWIN/structures/BOQWIN_C4_19_777_z1_29.cif,f7413723f44f37f809f14b136734561bcfe365b58d0a521c0a5c1f5d1ce44549,81e3bd0b0451a5abcb92cef0ced28d07d7f5db3eb4a49582fbece3295119b663,0,116,"[""C"", ""C"", ""C"", ""C"", ""C"", ""C"", ""C"", ""C"", ""S"", ""O"", ""O"", ""N"", ""C"", ""C"", ""Br"", ""H"", ""H"", ""H"", ""H"", ""H"", ""H"", ""H"", ""H"", ""H"", ""H"", ""H"", ""H"", ""H"", ""H"", ""C"", ""C"", ""C"", ""C"", ""C"", ""C"", ""C"", ""C"", ""S"", ""O"", ""O"", ""N"", ""C"", ""C"", ""Br"", ""H"", ""H"", ""H"", ""H"", ""H"", ""H"", ""H"", ""H"", ""H"", ""H"", ""H"", ""H"", ""H"", ""H"", ""C"", ""C"", ""C"", ""C"", ""C"", ""C"", ""C"", ""C"", ""S"", ""O"", ""O"", ""N"", ""C"", ""C"", ""Br"", ""H"", ""H"", ""H"", ""H"", ""H"", ""H"", ""H"", ""H"", ""H"", ""H"", ""H"", ""H"", ""H"", ""H"", ""C"", ""C"", ""C"", ""C"", ""C"", ""C"", ""C"", ""C"", ""S"", ""O"", ""O"", ""N"", ""C"", ""C"", ""Br"", ""H"", ""H"", ""H"", ""H"", ""H"", ""H"", ""H"", ""H"", ""H"", ""H"", ""H"", ""H"", ""H"", ""H""]",C40H56Br4N4O8S4,"[true, true, true]","[16.953451325634376, 0.0, 0.0, 0.0, 12.916799906198747, 0.0, 0.0, 0.0, 11.598798563503848]",2539.9552307389586,[],"{""cutoff=6.000_skin=0.000"": 4520, ""cutoff=6.000_skin=0.500"": 5296}",0.0,,
OPT-RFT-BOQWIN116-R128-v1,3dc2a5eebc94bbf3cbdfce4d57edb0ce9960abd22461543b7085ac647dd741d7,OPT-RFT-BOQWIN116-R128-v1:0019,BOQWIN_C4_19_1774_z1_29,9a011ec8252f4338c3523b187b0562df4270ca50319b5432388ea166f88e81ae,19,cross_family_test_set,BOQWIN/structures/BOQWIN_C4_19_1774_z1_29.cif,e5cbf456a1911ea9bcf56f7a854321cddbba7f563fb3c1573ca69b317927315b,9a011ec8252f4338c3523b187b0562df4270ca50319b5432388ea166f88e81ae,0,116,"[""C"", ""C"", ""C"", ""C"", ""C"", ""C"", ""C"", ""C"", ""S"", ""O"", ""O"", ""N"", ""C"", ""C"", ""Br"", ""H"", ""H"", ""H"", ""H"", ""H"", ""H"", ""H"", ""H"", ""H"", ""H"", ""H"", ""H"", ""H"", ""H"", ""C"", ""C"", ""C"", ""C"", ""C"", ""C"", ""C"", ""C"", ""S"", ""O"", ""O"", ""N"", ""C"", ""C"", ""Br"", ""H"", ""H"", ""H"", ""H"", ""H"", ""H"", ""H"", ""H"", ""H"", ""H"", ""H"", ""H"", ""H"", ""H"", ""C"", ""C"", ""C"", ""C"", ""C"", ""C"", ""C"", ""C"", ""S"", ""O"", ""O"", ""N"", ""C"", ""C"", ""Br"", ""H"", ""H"", ""H"", ""H"", ""H"", ""H"", ""H"", ""H"", ""H"", ""H"", ""H"", ""H"", ""H"", ""H"", ""C"", ""C"", ""C"", ""C"", ""C"", ""C"", ""C"", ""C"", ""S"", ""O"", ""O"", ""N"", ""C"", ""C"", ""Br"", ""H"", ""H"", ""H"", ""H"", ""H"", ""H"", ""H"", ""H"", ""H"", ""H"", ""H"", ""H"", ""H"", ""H""]",C40H56Br4N4O8S4,"[true, true, true]","[9.126607713647633, 0.0, 0.0, 0.0, 17.537061629179888, 0.0, 0.0, 0.0, 23.68869919629101]",3791.468264465555,[],"{""cutoff=6.000_skin=0.000"": 4536, ""cutoff=6.000_skin=0.500"": 5288}",0.0,,
OPT-RFT-BOQWIN116-R128-v1,3dc2a5eebc94bbf3cbdfce4d57edb0ce9960abd22461543b7085ac647dd741d7,OPT-RFT-BOQWIN116-R128-v1:0020,BOQWIN_C2_19_1630_z1_29,49eda09d314a52a0d77e09229fbae8f4b6cf35f0c98e29709eb91532a3c0f789,20,cross_family_test_set,BOQWIN/structures/BOQWIN_C2_19_1630_z1_29.cif,08587e019da38daba6973d4280fbda5e7e7b060bf50d213ca83de4c98392da9b,49eda09d314a52a0d77e09229fbae8f4b6cf35f0c98e29709eb91532a3c0f789,0,116,"[""C"", ""C"", ""C"", ""C"", ""C"", ""C"", ""C"", ""C"", ""S"", ""O"", ""O"", ""N"", ""C"", ""C"", ""Br"", ""H"", ""H"", ""H"", ""H"", ""H"", ""H"", ""H"", ""H"", ""H"", ""H"", ""H"", ""H"", ""H"", ""H"", ""C"", ""C"", ""C"", ""C"", ""C"", ""C"", ""C"", ""C"", ""S"", ""O"", ""O"", ""N"", ""C"", ""C"", ""Br"", ""H"", ""H"", ""H"", ""H"", ""H"", ""H"", ""H"", ""H"", ""H"", ""H"", ""H"", ""H"", ""H"", ""H"", ""C"", ""C"", ""C"", ""C"", ""C"", ""C"", ""C"", ""C"", ""S"", ""O"", ""O"", ""N"", ""C"", ""C"", ""Br"", ""H"", ""H"", ""H"", ""H"", ""H"", ""H"", ""H"", ""H"", ""H"", ""H"", ""H"", ""H"", ""H"", ""H"", ""C"", ""C"", ""C"", ""C"", ""C"", ""C"", ""C"", ""C"", ""S"", ""O"", ""O"", ""N"", ""C"", ""C"", ""Br"", ""H"", ""H"", ""H"", ""H"", ""H"", ""H"", ""H"", ""H"", ""H"", ""H"", ""H"", ""H"", ""H"", ""H""]",C40H56Br4N4O8S4,"[true, true, true]","[14.285730671929926, 0.0, 0.0, 0.0, 14.416658887065399, 0.0, 0.0, 0.0, 13.746899686299898]",2831.2084408073174,[],"{""cutoff=6.000_skin=0.000"": 4560, ""cutoff=6.000_skin=0.500"": 5320}",0.0,,
OPT-RFT-BOQWIN116-R128-v1,3dc2a5eebc94bbf3cbdfce4d57edb0ce9960abd22461543b7085ac647dd741d7,OPT-RFT-BOQWIN116-R128-v1:0021,BOQWIN_C2_19_1167_z1_29,0535d7c2e80c57fad6cc9be3399f1d820a2b262700163440556dde42434d54bb,21,cross_family_test_set,BOQWIN/structures/BOQWIN_C2_19_1167_z1_29.cif,3103cdb0e0e06cfcf46638a6ef7402af08423ad43ab73d05bab9ae29d5a0c43f,0535d7c2e80c57fad6cc9be3399f1d820a2b262700163440556dde42434d54bb,0,116,"[""C"", ""C"", ""C"", ""C"", ""C"", ""C"", ""C"", ""C"", ""S"", ""O"", ""O"", ""N"", ""C"", ""C"", ""Br"", ""H"", ""H"", ""H"", ""H"", ""H"", ""H"", ""H"", ""H"", ""H"", ""H"", ""H"", ""H"", ""H"", ""H"", ""C"", ""C"", ""C"", ""C"", ""C"", ""C"", ""C"", ""C"", ""S"", ""O"", ""O"", ""N"", ""C"", ""C"", ""Br"", ""H"", ""H"", ""H"", ""H"", ""H"", ""H"", ""H"", ""H"", ""H"", ""H"", ""H"", ""H"", ""H"", ""H"", ""C"", ""C"", ""C"", ""C"", ""C"", ""C"", ""C"", ""C"", ""S"", ""O"", ""O"", ""N"", ""C"", ""C"", ""Br"", ""H"", ""H"", ""H"", ""H"", ""H"", ""H"", ""H"", ""H"", ""H"", ""H"", ""H"", ""H"", ""H"", ""H"", ""C"", ""C"", ""C"", ""C"", ""C"", ""C"", ""C"", ""C"", ""S"", ""O"", ""O"", ""N"", ""C"", ""C"", ""Br"", ""H"", ""H"", ""H"", ""H"", ""H"", ""H"", ""H"", ""H"", ""H"", ""H"", ""H"", ""H"", ""H"", ""H""]",C40H56Br4N4O8S4,"[true, true, true]","[12.827435384965094, 0.0, 0.0, 0.0, 15.462790836226695, 0.0, 0.0, 0.0, 13.789811269928858]",2735.180800730406,[],"{""cutoff=6.000_skin=0.000"": 4600, ""cutoff=6.000_skin=0.500"": 5320}",0.0,,
OPT-RFT-BOQWIN116-R128-v1,3dc2a5eebc94bbf3cbdfce4d57edb0ce9960abd22461543b7085ac647dd741d7,OPT-RFT-BOQWIN116-R128-v1:0022,BOQWIN_C2_19_312_z1_29,ed89b71023a636d605719d197cec09a647ca207e9f6ab3393bf0e2c3936e52bd,22,cross_family_test_set,BOQWIN/structures/BOQWIN_C2_19_312_z1_29.cif,340b9a5c1899e1570acd48a8fa0286122271e5874f5d2efb0f6789c4cb10e164,ed89b71023a636d605719d197cec09a647ca207e9f6ab3393bf0e2c3936e52bd,0,116,"[""C"", ""C"", ""C"", ""C"", ""C"", ""C"", ""C"", ""C"", ""S"", ""O"", ""O"", ""N"", ""C"", ""C"", ""Br"", ""H"", ""H"", ""H"", ""H"", ""H"", ""H"", ""H"", ""H"", ""H"", ""H"", ""H"", ""H"", ""H"", ""H"", ""C"", ""C"", ""C"", ""C"", ""C"", ""C"", ""C"", ""C"", ""S"", ""O"", ""O"", ""N"", ""C"", ""C"", ""Br"", ""H"", ""H"", ""H"", ""H"", ""H"", ""H"", ""H"", ""H"", ""H"", ""H"", ""H"", ""H"", ""H"", ""H"", ""C"", ""C"", ""C"", ""C"", ""C"", ""C"", ""C"", ""C"", ""S"", ""O"", ""O"", ""N"", ""C"", ""C"", ""Br"", ""H"", ""H"", ""H"", ""H"", ""H"", ""H"", ""H"", ""H"", ""H"", ""H"", ""H"", ""H"", ""H"", ""H"", ""C"", ""C"", ""C"", ""C"", ""C"", ""C"", ""C"", ""C"", ""S"", ""O"", ""O"", ""N"", ""C"", ""C"", ""Br"", ""H"", ""H"", ""H"", ""H"", ""H"", ""H"", ""H"", ""H"", ""H"", ""H"", ""H"", ""H"", ""H"", ""H""]",C40H56Br4N4O8S4,"[true, true, true]","[13.319429904330093, 0.0, 0.0, 0.0, 17.21790206246944, 0.0, 0.0, 0.0, 10.793504406994291]",2475.3028564134675,[],"{""cutoff=6.000_skin=0.000"": 4616, ""cutoff=6.000_skin=0.500"": 5416}",0.0,,
OPT-RFT-BOQWIN116-R128-v1,3dc2a5eebc94bbf3cbdfce4d57edb0ce9960abd22461543b7085ac647dd741d7,OPT-RFT-BOQWIN116-R128-v1:0023,BOQWIN_C1_19_600_z1_29,03fedc85d0a6419c653836d290be914304ef636144c54571577af1af2fadd096,23,cross_family_test_set,BOQWIN/structures/BOQWIN_C1_19_600_z1_29.cif,094f5c0c4662f9a40f58725fc9495e7f36d8434b1a1d4de93ab3121ccc8f0436,03fedc85d0a6419c653836d290be914304ef636144c54571577af1af2fadd096,0,116,"[""C"", ""C"", ""C"", ""C"", ""C"", ""C"", ""C"", ""C"", ""S"", ""O"", ""O"", ""N"", ""C"", ""C"", ""Br"", ""H"", ""H"", ""H"", ""H"", ""H"", ""H"", ""H"", ""H"", ""H"", ""H"", ""H"", ""H"", ""H"", ""H"", ""C"", ""C"", ""C"", ""C"", ""C"", ""C"", ""C"", ""C"", ""S"", ""O"", ""O"", ""N"", ""C"", ""C"", ""Br"", ""H"", ""H"", ""H"", ""H"", ""H"", ""H"", ""H"", ""H"", ""H"", ""H"", ""H"", ""H"", ""H"", ""H"", ""C"", ""C"", ""C"", ""C"", ""C"", ""C"", ""C"", ""C"", ""S"", ""O"", ""O"", ""N"", ""C"", ""C"", ""Br"", ""H"", ""H"", ""H"", ""H"", ""H"", ""H"", ""H"", ""H"", ""H"", ""H"", ""H"", ""H"", ""H"", ""H"", ""C"", ""C"", ""C"", ""C"", ""C"", ""C"", ""C"", ""C"", ""S"", ""O"", ""O"", ""N"", ""C"", ""C"", ""Br"", ""H"", ""H"", ""H"", ""H"", ""H"", ""H"", ""H"", ""H"", ""H"", ""H"", ""H"", ""H"", ""H"", ""H""]",C40H56Br4N4O8S4,"[true, true, true]","[17.147545722479357, 0.0, 0.0, 0.0, 17.958101836959614, 0.0, 0.0, 0.0, 8.545945434647482]",2631.615981291029,[],"{""cutoff=6.000_skin=0.000"": 4640, ""cutoff=6.000_skin=0.500"": 5712}",0.0,,
OPT-RFT-BOQWIN116-R128-v1,3dc2a5eebc94bbf3cbdfce4d57edb0ce9960abd22461543b7085ac647dd741d7,OPT-RFT-BOQWIN116-R128-v1:0024,BOQWIN_C3_19_1246_z1_29,69eb4631ddb5ac68d39b029c71cae631a697a603366ae64b6b21277d4198fcae,24,cross_family_test_set,BOQWIN/structures/BOQWIN_C3_19_1246_z1_29.cif,8fdb9406cb63695ca0e5bcffa940aee6b68fbe03b46a6fe1d31588c5c54160e9,69eb4631ddb5ac68d39b029c71cae631a697a603366ae64b6b21277d4198fcae,0,116,"[""C"", ""C"", ""C"", ""C"", ""C"", ""C"", ""C"", ""C"", ""S"", ""O"", ""O"", ""N"", ""C"", ""C"", ""Br"", ""H"", ""H"", ""H"", ""H"", ""H"", ""H"", ""H"", ""H"", ""H"", ""H"", ""H"", ""H"", ""H"", ""H"", ""C"", ""C"", ""C"", ""C"", ""C"", ""C"", ""C"", ""C"", ""S"", ""O"", ""O"", ""N"", ""C"", ""C"", ""Br"", ""H"", ""H"", ""H"", ""H"", ""H"", ""H"", ""H"", ""H"", ""H"", ""H"", ""H"", ""H"", ""H"", ""H"", ""C"", ""C"", ""C"", ""C"", ""C"", ""C"", ""C"", ""C"", ""S"", ""O"", ""O"", ""N"", ""C"", ""C"", ""Br"", ""H"", ""H"", ""H"", ""H"", ""H"", ""H"", ""H"", ""H"", ""H"", ""H"", ""H"", ""H"", ""H"", ""H"", ""C"", ""C"", ""C"", ""C"", ""C"", ""C"", ""C"", ""C"", ""S"", ""O"", ""O"", ""N"", ""C"", ""C"", ""Br"", ""H"", ""H"", ""H"", ""H"", ""H"", ""H"", ""H"", ""H"", ""H"", ""H"", ""H"", ""H"", ""H"", ""H""]",C40H56Br4N4O8S4,"[true, true, true]","[12.661079532007456, 0.0, 0.0, 0.0, 15.176545448007282, 0.0, 0.0, 0.0, 13.508582383131312]",2595.693678021694,[],"{""cutoff=6.000_skin=0.000"": 4664, ""cutoff=6.000_skin=0.500"": 5464}",0.0,,
OPT-RFT-BOQWIN116-R128-v1,3dc2a5eebc94bbf3cbdfce4d57edb0ce9960abd22461543b7085ac647dd741d7,OPT-RFT-BOQWIN116-R128-v1:0025,BOQWIN_C3_19_1211_z1_29,24f1f1d5ede9f8d9e991c17631236d0126c9c05a8d087bfb2ebd9233f32e4fec,25,cross_family_test_set,BOQWIN/structures/BOQWIN_C3_19_1211_z1_29.cif,e5231219f4bc982ddbe961b37b259aaf5ea6644453aa7eeb62fadb968cb22822,24f1f1d5ede9f8d9e991c17631236d0126c9c05a8d087bfb2ebd9233f32e4fec,0,116,"[""C"", ""C"", ""C"", ""C"", ""C"", ""C"", ""C"", ""C"", ""S"", ""O"", ""O"", ""N"", ""C"", ""C"", ""Br"", ""H"", ""H"", ""H"", ""H"", ""H"", ""H"", ""H"", ""H"", ""H"", ""H"", ""H"", ""H"", ""H"", ""H"", ""C"", ""C"", ""C"", ""C"", ""C"", ""C"", ""C"", ""C"", ""S"", ""O"", ""O"", ""N"", ""C"", ""C"", ""Br"", ""H"", ""H"", ""H"", ""H"", ""H"", ""H"", ""H"", ""H"", ""H"", ""H"", ""H"", ""H"", ""H"", ""H"", ""C"", ""C"", ""C"", ""C"", ""C"", ""C"", ""C"", ""C"", ""S"", ""O"", ""O"", ""N"", ""C"", ""C"", ""Br"", ""H"", ""H"", ""H"", ""H"", ""H"", ""H"", ""H"", ""H"", ""H"", ""H"", ""H"", ""H"", ""H"", ""H"", ""C"", ""C"", ""C"", ""C"", ""C"", ""C"", ""C"", ""C"", ""S"", ""O"", ""O"", ""N"", ""C"", ""C"", ""Br"", ""H"", ""H"", ""H"", ""H"", ""H"", ""H"", ""H"", ""H"", ""H"", ""H"", ""H"", ""H"", ""H"", ""H""]",C40H56Br4N4O8S4,"[true, true, true]","[13.26345147400842, 0.0, 0.0, 0.0, 12.278071475701992, 0.0, 0.0, 0.0, 15.133932721051721]",2464.5549689339973,[],"{""cutoff=6.000_skin=0.000"": 4680, ""cutoff=6.000_skin=0.500"": 5728}",0.0,,
OPT-RFT-BOQWIN116-R128-v1,3dc2a5eebc94bbf3cbdfce4d57edb0ce9960abd22461543b7085ac647dd741d7,OPT-RFT-BOQWIN116-R128-v1:0026,BOQWIN_C2_19_2225_z1_29,5d3c7470975655e2b27e819c436d765496789b3da10ce58588fd63024ae8d827,26,cross_family_test_set,BOQWIN/structures/BOQWIN_C2_19_2225_z1_29.cif,4fe4c3466ce968c8fcb8fc83280c79d1a2c1a564292a2e75a6febd1269e95875,5d3c7470975655e2b27e819c436d765496789b3da10ce58588fd63024ae8d827,0,116,"[""C"", ""C"", ""C"", ""C"", ""C"", ""C"", ""C"", ""C"", ""S"", ""O"", ""O"", ""N"", ""C"", ""C"", ""Br"", ""H"", ""H"", ""H"", ""H"", ""H"", ""H"", ""H"", ""H"", ""H"", ""H"", ""H"", ""H"", ""H"", ""H"", ""C"", ""C"", ""C"", ""C"", ""C"", ""C"", ""C"", ""C"", ""S"", ""O"", ""O"", ""N"", ""C"", ""C"", ""Br"", ""H"", ""H"", ""H"", ""H"", ""H"", ""H"", ""H"", ""H"", ""H"", ""H"", ""H"", ""H"", ""H"", ""H"", ""C"", ""C"", ""C"", ""C"", ""C"", ""C"", ""C"", ""C"", ""S"", ""O"", ""O"", ""N"", ""C"", ""C"", ""Br"", ""H"", ""H"", ""H"", ""H"", ""H"", ""H"", ""H"", ""H"", ""H"", ""H"", ""H"", ""H"", ""H"", ""H"", ""C"", ""C"", ""C"", ""C"", ""C"", ""C"", ""C"", ""C"", ""S"", ""O"", ""O"", ""N"", ""C"", ""C"", ""Br"", ""H"", ""H"", ""H"", ""H"", ""H"", ""H"", ""H"", ""H"", ""H"", ""H"", ""H"", ""H"", ""H"", ""H""]",C40H56Br4N4O8S4,"[true, true, true]","[12.790763407571461, 0.0, 0.0, 0.0, 11.92850760057847, 0.0, 0.0, 0.0, 15.654498956048215]",2388.4807718598377,[],"{""cutoff=6.000_skin=0.000"": 4704, ""cutoff=6.000_skin=0.500"": 5712}",0.0,,
OPT-RFT-BOQWIN116-R128-v1,3dc2a5eebc94bbf3cbdfce4d57edb0ce9960abd22461543b7085ac647dd741d7,OPT-RFT-BOQWIN116-R128-v1:0027,BOQWIN_C3_19_2350_z1_29,9509a1a297f1df37e2d9d3bfc082e805ead50deed4e504afabb5e7488634a06b,27,cross_family_test_set,BOQWIN/structures/BOQWIN_C3_19_2350_z1_29.cif,ddfeeff63494449d47ebb01e2a329fe6cf0ab6ae8bfeaeeca4b1913abd781577,9509a1a297f1df37e2d9d3bfc082e805ead50deed4e504afabb5e7488634a06b,0,116,"[""C"", ""C"", ""C"", ""C"", ""C"", ""C"", ""C"", ""C"", ""S"", ""O"", ""O"", ""N"", ""C"", ""C"", ""Br"", ""H"", ""H"", ""H"", ""H"", ""H"", ""H"", ""H"", ""H"", ""H"", ""H"", ""H"", ""H"", ""H"", ""H"", ""C"", ""C"", ""C"", ""C"", ""C"", ""C"", ""C"", ""C"", ""S"", ""O"", ""O"", ""N"", ""C"", ""C"", ""Br"", ""H"", ""H"", ""H"", ""H"", ""H"", ""H"", ""H"", ""H"", ""H"", ""H"", ""H"", ""H"", ""H"", ""H"", ""C"", ""C"", ""C"", ""C"", ""C"", ""C"", ""C"", ""C"", ""S"", ""O"", ""O"", ""N"", ""C"", ""C"", ""Br"", ""H"", ""H"", ""H"", ""H"", ""H"", ""H"", ""H"", ""H"", ""H"", ""H"", ""H"", ""H"", ""H"", ""H"", ""C"", ""C"", ""C"", ""C"", ""C"", ""C"", ""C"", ""C"", ""S"", ""O"", ""O"", ""N"", ""C"", ""C"", ""Br"", ""H"", ""H"", ""H"", ""H"", ""H"", ""H"", ""H"", ""H"", ""H"", ""H"", ""H"", ""H"", ""H"", ""H""]",C40H56Br4N4O8S4,"[true, true, true]","[15.38596100483985, 0.0, 0.0, 0.0, 13.841193240525378, 0.0, 0.0, 0.0, 12.42178993180222]",2645.3451224660016,[],"{""cutoff=6.000_skin=0.000"": 4720, ""cutoff=6.000_skin=0.500"": 5576}",0.0,,
OPT-RFT-BOQWIN116-R128-v1,3dc2a5eebc94bbf3cbdfce4d57edb0ce9960abd22461543b7085ac647dd741d7,OPT-RFT-BOQWIN116-R128-v1:0028,BOQWIN_C1_19_128_z1_29,676ec061c32b533f32222baf56bedabcb22b8ec0a2ee657d0e7f877307df433c,28,cross_family_test_set,BOQWIN/structures/BOQWIN_C1_19_128_z1_29.cif,e7c10086dcf0659c66c6d83789534d5ce58faab506c3de7ed0ec7b898dd653ee,676ec061c32b533f32222baf56bedabcb22b8ec0a2ee657d0e7f877307df433c,0,116,"[""C"", ""C"", ""C"", ""C"", ""C"", ""C"", ""C"", ""C"", ""S"", ""O"", ""O"", ""N"", ""C"", ""C"", ""Br"", ""H"", ""H"", ""H"", ""H"", ""H"", ""H"", ""H"", ""H"", ""H"", ""H"", ""H"", ""H"", ""H"", ""H"", ""C"", ""C"", ""C"", ""C"", ""C"", ""C"", ""C"", ""C"", ""S"", ""O"", ""O"", ""N"", ""C"", ""C"", ""Br"", ""H"", ""H"", ""H"", ""H"", ""H"", ""H"", ""H"", ""H"", ""H"", ""H"", ""H"", ""H"", ""H"", ""H"", ""C"", ""C"", ""C"", ""C"", ""C"", ""C"", ""C"", ""C"", ""S"", ""O"", ""O"", ""N"", ""C"", ""C"", ""Br"", ""H"", ""H"", ""H"", ""H"", ""H"", ""H"", ""H"", ""H"", ""H"", ""H"", ""H"", ""H"", ""H"", ""H"", ""C"", ""C"", ""C"", ""C"", ""C"", ""C"", ""C"", ""C"", ""S"", ""O"", ""O"", ""N"", ""C"", ""C"", ""Br"", ""H"", ""H"", ""H"", ""H"", ""H"", ""H"", ""H"", ""H"", ""H"", ""H"", ""H"", ""H"", ""H"", ""H""]",C40H56Br4N4O8S4,"[true, true, true]","[25.289080315619984, 0.0, 0.0, 0.0, 9.429122918209629, 0.0, 0.0, 0.0, 10.00837334782927]",2386.5351248449174,[],"{""cutoff=6.000_skin=0.000"": 4752, ""cutoff=6.000_skin=0.500"": 5808}",0.0,,
OPT-RFT-BOQWIN116-R128-v1,3dc2a5eebc94bbf3cbdfce4d57edb0ce9960abd22461543b7085ac647dd741d7,OPT-RFT-BOQWIN116-R128-v1:0029,BOQWIN_C2_19_1728_z1_29,cee58e31351ab553c12a94fd7f713cba2de80f9cfcc0c1c46a6cfd7c6336fb4f,29,cross_family_test_set,BOQWIN/structures/BOQWIN_C2_19_1728_z1_29.cif,b967e35ef63fad7805b8adf0054965bf32d4f639f994adae202ec10238a79785,cee58e31351ab553c12a94fd7f713cba2de80f9cfcc0c1c46a6cfd7c6336fb4f,0,116,"[""C"", ""C"", ""C"", ""C"", ""C"", ""C"", ""C"", ""C"", ""S"", ""O"", ""O"", ""N"", ""C"", ""C"", ""Br"", ""H"", ""H"", ""H"", ""H"", ""H"", ""H"", ""H"", ""H"", ""H"", ""H"", ""H"", ""H"", ""H"", ""H"", ""C"", ""C"", ""C"", ""C"", ""C"", ""C"", ""C"", ""C"", ""S"", ""O"", ""O"", ""N"", ""C"", ""C"", ""Br"", ""H"", ""H"", ""H"", ""H"", ""H"", ""H"", ""H"", ""H"", ""H"", ""H"", ""H"", ""H"", ""H"", ""H"", ""C"", ""C"", ""C"", ""C"", ""C"", ""C"", ""C"", ""C"", ""S"", ""O"", ""O"", ""N"", ""C"", ""C"", ""Br"", ""H"", ""H"", ""H"", ""H"", ""H"", ""H"", ""H"", ""H"", ""H"", ""H"", ""H"", ""H"", ""H"", ""H"", ""C"", ""C"", ""C"", ""C"", ""C"", ""C"", ""C"", ""C"", ""S"", ""O"", ""O"", ""N"", ""C"", ""C"", ""Br"", ""H"", ""H"", ""H"", ""H"", ""H"", ""H"", ""H"", ""H"", ""H"", ""H"", ""H"", ""H"", ""H"", ""H""]",C40H56Br4N4O8S4,"[true, true, true]","[12.378985206252827, 0.0, 0.0, 0.0, 13.770982767621227, 0.0, 0.0, 0.0, 15.489733453173876]",2640.547128949056,[],"{""cutoff=6.000_skin=0.000"": 4776, ""cutoff=6.000_skin=0.500"": 5672}",0.0,,
OPT-RFT-BOQWIN116-R128-v1,3dc2a5eebc94bbf3cbdfce4d57edb0ce9960abd22461543b7085ac647dd741d7,OPT-RFT-BOQWIN116-R128-v1:0030,BOQWIN_C2_19_1987_z1_29,fb4b8fd29df19253bb4e7f12beecbefb0b2c2c63983acf7ef82238c463bc2271,30,cross_family_test_set,BOQWIN/structures/BOQWIN_C2_19_1987_z1_29.cif,b8c229c56baa28154aea8386384643f72f28a07f8c5436f82da410cc32d1a8ca,fb4b8fd29df19253bb4e7f12beecbefb0b2c2c63983acf7ef82238c463bc2271,0,116,"[""C"", ""C"", ""C"", ""C"", ""C"", ""C"", ""C"", ""C"", ""S"", ""O"", ""O"", ""N"", ""C"", ""C"", ""Br"", ""H"", ""H"", ""H"", ""H"", ""H"", ""H"", ""H"", ""H"", ""H"", ""H"", ""H"", ""H"", ""H"", ""H"", ""C"", ""C"", ""C"", ""C"", ""C"", ""C"", ""C"", ""C"", ""S"", ""O"", ""O"", ""N"", ""C"", ""C"", ""Br"", ""H"", ""H"", ""H"", ""H"", ""H"", ""H"", ""H"", ""H"", ""H"", ""H"", ""H"", ""H"", ""H"", ""H"", ""C"", ""C"", ""C"", ""C"", ""C"", ""C"", ""C"", ""C"", ""S"", ""O"", ""O"", ""N"", ""C"", ""C"", ""Br"", ""H"", ""H"", ""H"", ""H"", ""H"", ""H"", ""H"", ""H"", ""H"", ""H"", ""H"", ""H"", ""H"", ""H"", ""C"", ""C"", ""C"", ""C"", ""C"", ""C"", ""C"", ""C"", ""S"", ""O"", ""O"", ""N"", ""C"", ""C"", ""Br"", ""H"", ""H"", ""H"", ""H"", ""H"", ""H"", ""H"", ""H"", ""H"", ""H"", ""H"", ""H"", ""H"", ""H""]",C40H56Br4N4O8S4,"[true, true, true]","[14.134480696266259, 0.0, 0.0, 0.0, 12.651309221948896, 0.0, 0.0, 0.0, 14.474347142306634]",2588.298210754694,[],"{""cutoff=6.000_skin=0.000"": 4800, ""cutoff=6.000_skin=0.500"": 5680}",0.0,,
OPT-RFT-BOQWIN116-R128-v1,3dc2a5eebc94bbf3cbdfce4d57edb0ce9960abd22461543b7085ac647dd741d7,OPT-RFT-BOQWIN116-R128-v1:0031,BOQWIN_C1_19_2590_z1_29,cd96a621440a17f8a61c41415c182d9a8d52363d7a82b8b3850f9a0e5aece8d8,31,cross_family_test_set,BOQWIN/structures/BOQWIN_C1_19_2590_z1_29.cif,e3a9f8c4710a797557d6bc8d9b0957ad198c75484d33b7affd7f5f6a022b11d9,cd96a621440a17f8a61c41415c182d9a8d52363d7a82b8b3850f9a0e5aece8d8,0,116,"[""C"", ""C"", ""C"", ""C"", ""C"", ""C"", ""C"", ""C"", ""S"", ""O"", ""O"", ""N"", ""C"", ""C"", ""Br"", ""H"", ""H"", ""H"", ""H"", ""H"", ""H"", ""H"", ""H"", ""H"", ""H"", ""H"", ""H"", ""H"", ""H"", ""C"", ""C"", ""C"", ""C"", ""C"", ""C"", ""C"", ""C"", ""S"", ""O"", ""O"", ""N"", ""C"", ""C"", ""Br"", ""H"", ""H"", ""H"", ""H"", ""H"", ""H"", ""H"", ""H"", ""H"", ""H"", ""H"", ""H"", ""H"", ""H"", ""C"", ""C"", ""C"", ""C"", ""C"", ""C"", ""C"", ""C"", ""S"", ""O"", ""O"", ""N"", ""C"", ""C"", ""Br"", ""H"", ""H"", ""H"", ""H"", ""H"", ""H"", ""H"", ""H"", ""H"", ""H"", ""H"", ""H"", ""H"", ""H"", ""C"", ""C"", ""C"", ""C"", ""C"", ""C"", ""C"", ""C"", ""S"", ""O"", ""O"", ""N"", ""C"", ""C"", ""Br"", ""H"", ""H"", ""H"", ""H"", ""H"", ""H"", ""H"", ""H"", ""H"", ""H"", ""H"", ""H"", ""H"", ""H""]",C40H56Br4N4O8S4,"[true, true, true]","[15.305555166233077, 0.0, 0.0, 0.0, 15.274402420491853, 0.0, 0.0, 0.0, 12.018775985602844]",2809.788016701067,[],"{""cutoff=6.000_skin=0.000"": 4816, ""cutoff=6.000_skin=0.500"": 5720}",0.0,,
OPT-RFT-BOQWIN116-R128-v1,3dc2a5eebc94bbf3cbdfce4d57edb0ce9960abd22461543b7085ac647dd741d7,OPT-RFT-BOQWIN116-R128-v1:0032,BOQWIN_C3_19_1303_z1_29,e23b6f04e0f35978b98c343ed38ed0ed16892b4e3d193c15a6e191f4461e5a7a,32,cross_family_test_set,BOQWIN/structures/BOQWIN_C3_19_1303_z1_29.cif,aef3f6f2327b5ea1596404dc72e7a099fbb37f562bb5994eacf294467bc2c4af,e23b6f04e0f35978b98c343ed38ed0ed16892b4e3d193c15a6e191f4461e5a7a,0,116,"[""C"", ""C"", ""C"", ""C"", ""C"", ""C"", ""C"", ""C"", ""S"", ""O"", ""O"", ""N"", ""C"", ""C"", ""Br"", ""H"", ""H"", ""H"", ""H"", ""H"", ""H"", ""H"", ""H"", ""H"", ""H"", ""H"", ""H"", ""H"", ""H"", ""C"", ""C"", ""C"", ""C"", ""C"", ""C"", ""C"", ""C"", ""S"", ""O"", ""O"", ""N"", ""C"", ""C"", ""Br"", ""H"", ""H"", ""H"", ""H"", ""H"", ""H"", ""H"", ""H"", ""H"", ""H"", ""H"", ""H"", ""H"", ""H"", ""C"", ""C"", ""C"", ""C"", ""C"", ""C"", ""C"", ""C"", ""S"", ""O"", ""O"", ""N"", ""C"", ""C"", ""Br"", ""H"", ""H"", ""H"", ""H"", ""H"", ""H"", ""H"", ""H"", ""H"", ""H"", ""H"", ""H"", ""H"", ""H"", ""C"", ""C"", ""C"", ""C"", ""C"", ""C"", ""C"", ""C"", ""S"", ""O"", ""O"", ""N"", ""C"", ""C"", ""Br"", ""H"", ""H"", ""H"", ""H"", ""H"", ""H"", ""H"", ""H"", ""H"", ""H"", ""H"", ""H"", ""H"", ""H""]",C40H56Br4N4O8S4,"[true, true, true]","[12.171803203174626, 0.0, 0.0, 0.0, 14.48089335531435, 0.0, 0.0, 0.0, 15.13314996376328]",2667.347585995164,[],"{""cutoff=6.000_skin=0.000"": 4840, ""cutoff=6.000_skin=0.500"": 5696}",0.0,,
OPT-RFT-BOQWIN116-R128-v1,3dc2a5eebc94bbf3cbdfce4d57edb0ce9960abd22461543b7085ac647dd741d7,OPT-RFT-BOQWIN116-R128-v1:0033,BOQWIN_C1_19_2337_z1_29,3483c6d43fb4c6f16caab98297a71bf8de99439fc061e0c6dfca0c85c557599e,33,cross_family_test_set,BOQWIN/structures/BOQWIN_C1_19_2337_z1_29.cif,0c59670aa01b6082c426a6be14cc17441522b0a3faa618adc4c2fd7af9a5ca3b,3483c6d43fb4c6f16caab98297a71bf8de99439fc061e0c6dfca0c85c557599e,0,116,"[""C"", ""C"", ""C"", ""C"", ""C"", ""C"", ""C"", ""C"", ""S"", ""O"", ""O"", ""N"", ""C"", ""C"", ""Br"", ""H"", ""H"", ""H"", ""H"", ""H"", ""H"", ""H"", ""H"", ""H"", ""H"", ""H"", ""H"", ""H"", ""H"", ""C"", ""C"", ""C"", ""C"", ""C"", ""C"", ""C"", ""C"", ""S"", ""O"", ""O"", ""N"", ""C"", ""C"", ""Br"", ""H"", ""H"", ""H"", ""H"", ""H"", ""H"", ""H"", ""H"", ""H"", ""H"", ""H"", ""H"", ""H"", ""H"", ""C"", ""C"", ""C"", ""C"", ""C"", ""C"", ""C"", ""C"", ""S"", ""O"", ""O"", ""N"", ""C"", ""C"", ""Br"", ""H"", ""H"", ""H"", ""H"", ""H"", ""H"", ""H"", ""H"", ""H"", ""H"", ""H"", ""H"", ""H"", ""H"", ""C"", ""C"", ""C"", ""C"", ""C"", ""C"", ""C"", ""C"", ""S"", ""O"", ""O"", ""N"", ""C"", ""C"", ""Br"", ""H"", ""H"", ""H"", ""H"", ""H"", ""H"", ""H"", ""H"", ""H"", ""H"", ""H"", ""H"", ""H"", ""H""]",C40H56Br4N4O8S4,"[true, true, true]","[14.969228541332722, 0.0, 0.0, 0.0, 14.860455298491544, 0.0, 0.0, 0.0, 10.082891344642633]",2242.9346583603465,[],"{""cutoff=6.000_skin=0.000"": 4864, ""cutoff=6.000_skin=0.500"": 5936}",0.0,,
OPT-RFT-BOQWIN116-R128-v1,3dc2a5eebc94bbf3cbdfce4d57edb0ce9960abd22461543b7085ac647dd741d7,OPT-RFT-BOQWIN116-R128-v1:0034,BOQWIN_C3_19_2378_z1_29,8b33fe1094dfaefe059f897723a3b04f01176a521a192136ed01310fc13eca66,34,cross_family_test_set,BOQWIN/structures/BOQWIN_C3_19_2378_z1_29.cif,c6ac5c0ab858e584db3a3ae0f2fc822b85d6d15beb76fa194f16e95b805821fc,8b33fe1094dfaefe059f897723a3b04f01176a521a192136ed01310fc13eca66,0,116,"[""C"", ""C"", ""C"", ""C"", ""C"", ""C"", ""C"", ""C"", ""S"", ""O"", ""O"", ""N"", ""C"", ""C"", ""Br"", ""H"", ""H"", ""H"", ""H"", ""H"", ""H"", ""H"", ""H"", ""H"", ""H"", ""H"", ""H"", ""H"", ""H"", ""C"", ""C"", ""C"", ""C"", ""C"", ""C"", ""C"", ""C"", ""S"", ""O"", ""O"", ""N"", ""C"", ""C"", ""Br"", ""H"", ""H"", ""H"", ""H"", ""H"", ""H"", ""H"", ""H"", ""H"", ""H"", ""H"", ""H"", ""H"", ""H"", ""C"", ""C"", ""C"", ""C"", ""C"", ""C"", ""C"", ""C"", ""S"", ""O"", ""O"", ""N"", ""C"", ""C"", ""Br"", ""H"", ""H"", ""H"", ""H"", ""H"", ""H"", ""H"", ""H"", ""H"", ""H"", ""H"", ""H"", ""H"", ""H"", ""C"", ""C"", ""C"", ""C"", ""C"", ""C"", ""C"", ""C"", ""S"", ""O"", ""O"", ""N"", ""C"", ""C"", ""Br"", ""H"", ""H"", ""H"", ""H"", ""H"", ""H"", ""H"", ""H"", ""H"", ""H"", ""H"", ""H"", ""H"", ""H""]",C40H56Br4N4O8S4,"[true, true, true]","[8.520710346850242, 0.0, 0.0, 0.0, 15.770190556970185, 0.0, 0.0, 0.0, 16.630078422509804]",2234.6372837807,[],"{""cutoff=6.000_skin=0.000"": 4872, ""cutoff=6.000_skin=0.500"": 5960}",0.0,,
OPT-RFT-BOQWIN116-R128-v1,3dc2a5eebc94bbf3cbdfce4d57edb0ce9960abd22461543b7085ac647dd741d7,OPT-RFT-BOQWIN116-R128-v1:0035,BOQWIN_C3_19_1501_z1_29,354b31335f5ffa0d58d96b95f28dedc229dcb957d024b39ed21848613fe0f8b7,35,cross_family_test_set,BOQWIN/structures/BOQWIN_C3_19_1501_z1_29.cif,1ec8e0db023b9c90ded0309184cd0aa976cecc6d6c861d7d2e49b637db02d3ad,354b31335f5ffa0d58d96b95f28dedc229dcb957d024b39ed21848613fe0f8b7,0,116,"[""C"", ""C"", ""C"", ""C"", ""C"", ""C"", ""C"", ""C"", ""S"", ""O"", ""O"", ""N"", ""C"", ""C"", ""Br"", ""H"", ""H"", ""H"", ""H"", ""H"", ""H"", ""H"", ""H"", ""H"", ""H"", ""H"", ""H"", ""H"", ""H"", ""C"", ""C"", ""C"", ""C"", ""C"", ""C"", ""C"", ""C"", ""S"", ""O"", ""O"", ""N"", ""C"", ""C"", ""Br"", ""H"", ""H"", ""H"", ""H"", ""H"", ""H"", ""H"", ""H"", ""H"", ""H"", ""H"", ""H"", ""H"", ""H"", ""C"", ""C"", ""C"", ""C"", ""C"", ""C"", ""C"", ""C"", ""S"", ""O"", ""O"", ""N"", ""C"", ""C"", ""Br"", ""H"", ""H"", ""H"", ""H"", ""H"", ""H"", ""H"", ""H"", ""H"", ""H"", ""H"", ""H"", ""H"", ""H"", ""C"", ""C"", ""C"", ""C"", ""C"", ""C"", ""C"", ""C"", ""S"", ""O"", ""O"", ""N"", ""C"", ""C"", ""Br"", ""H"", ""H"", ""H"", ""H"", ""H"", ""H"", ""H"", ""H"", ""H"", ""H"", ""H"", ""H"", ""H"", ""H""]",C40H56Br4N4O8S4,"[true, true, true]","[14.425964397361398, 0.0, 0.0, 0.0, 13.462407897048259, 0.0, 0.0, 0.0, 13.855567024040312]",2690.8649676172226,[],"{""cutoff=6.000_skin=0.000"": 4896, ""cutoff=6.000_skin=0.500"": 5752}",0.0,,
OPT-RFT-BOQWIN116-R128-v1,3dc2a5eebc94bbf3cbdfce4d57edb0ce9960abd22461543b7085ac647dd741d7,OPT-RFT-BOQWIN116-R128-v1:0036,BOQWIN_C3_19_224_z1_29,e070ddadde0006894b4c5c6072c2a49cd7474c395c8c8f920c6c7c6a4b65775f,36,cross_family_test_set,BOQWIN/structures/BOQWIN_C3_19_224_z1_29.cif,02181fad4c73ffa0c4bc71ae82d41e93271fdffadb36bcc2ab59d347f8d118eb,e070ddadde0006894b4c5c6072c2a49cd7474c395c8c8f920c6c7c6a4b65775f,0,116,"[""C"", ""C"", ""C"", ""C"", ""C"", ""C"", ""C"", ""C"", ""S"", ""O"", ""O"", ""N"", ""C"", ""C"", ""Br"", ""H"", ""H"", ""H"", ""H"", ""H"", ""H"", ""H"", ""H"", ""H"", ""H"", ""H"", ""H"", ""H"", ""H"", ""C"", ""C"", ""C"", ""C"", ""C"", ""C"", ""C"", ""C"", ""S"", ""O"", ""O"", ""N"", ""C"", ""C"", ""Br"", ""H"", ""H"", ""H"", ""H"", ""H"", ""H"", ""H"", ""H"", ""H"", ""H"", ""H"", ""H"", ""H"", ""H"", ""C"", ""C"", ""C"", ""C"", ""C"", ""C"", ""C"", ""C"", ""S"", ""O"", ""O"", ""N"", ""C"", ""C"", ""Br"", ""H"", ""H"", ""H"", ""H"", ""H"", ""H"", ""H"", ""H"", ""H"", ""H"", ""H"", ""H"", ""H"", ""H"", ""C"", ""C"", ""C"", ""C"", ""C"", ""C"", ""C"", ""C"", ""S"", ""O"", ""O"", ""N"", ""C"", ""C"", ""Br"", ""H"", ""H"", ""H"", ""H"", ""H"", ""H"", ""H"", ""H"", ""H"", ""H"", ""H"", ""H"", ""H"", ""H""]",C40H56Br4N4O8S4,"[true, true, true]","[12.085250743555385, 0.0, 0.0, 0.0, 17.209236093711702, 0.0, 0.0, 0.0, 10.863341638542678]",2259.335342689322,[],"{""cutoff=6.000_skin=0.000"": 4920, ""cutoff=6.000_skin=0.500"": 5920}",0.0,,
OPT-RFT-BOQWIN116-R128-v1,3dc2a5eebc94bbf3cbdfce4d57edb0ce9960abd22461543b7085ac647dd741d7,OPT-RFT-BOQWIN116-R128-v1:0037,BOQWIN_C1_19_1125_z1_29,8745698e77f77091c6c1bf423414341410d888467eda8c5c2c45afe139d0450c,37,cross_family_test_set,BOQWIN/structures/BOQWIN_C1_19_1125_z1_29.cif,27728cd6ce4ab32fb9cbbacc298a113fde894cac9d2b1cae3953924bfe610906,8745698e77f77091c6c1bf423414341410d888467eda8c5c2c45afe139d0450c,0,116,"[""C"", ""C"", ""C"", ""C"", ""C"", ""C"", ""C"", ""C"", ""S"", ""O"", ""O"", ""N"", ""C"", ""C"", ""Br"", ""H"", ""H"", ""H"", ""H"", ""H"", ""H"", ""H"", ""H"", ""H"", ""H"", ""H"", ""H"", ""H"", ""H"", ""C"", ""C"", ""C"", ""C"", ""C"", ""C"", ""C"", ""C"", ""S"", ""O"", ""O"", ""N"", ""C"", ""C"", ""Br"", ""H"", ""H"", ""H"", ""H"", ""H"", ""H"", ""H"", ""H"", ""H"", ""H"", ""H"", ""H"", ""H"", ""H"", ""C"", ""C"", ""C"", ""C"", ""C"", ""C"", ""C"", ""C"", ""S"", ""O"", ""O"", ""N"", ""C"", ""C"", ""Br"", ""H"", ""H"", ""H"", ""H"", ""H"", ""H"", ""H"", ""H"", ""H"", ""H"", ""H"", ""H"", ""H"", ""H"", ""C"", ""C"", ""C"", ""C"", ""C"", ""C"", ""C"", ""C"", ""S"", ""O"", ""O"", ""N"", ""C"", ""C"", ""Br"", ""H"", ""H"", ""H"", ""H"", ""H"", ""H"", ""H"", ""H"", ""H"", ""H"", ""H"", ""H"", ""H"", ""H""]",C40H56Br4N4O8S4,"[true, true, true]","[16.99626395562963, 0.0, 0.0, 0.0, 11.829837988372518, 0.0, 0.0, 0.0, 11.147357808841072]",2241.3217493698007,[],"{""cutoff=6.000_skin=0.000"": 4952, ""cutoff=6.000_skin=0.500"": 6000}",0.0,,
OPT-RFT-BOQWIN116-R128-v1,3dc2a5eebc94bbf3cbdfce4d57edb0ce9960abd22461543b7085ac647dd741d7,OPT-RFT-BOQWIN116-R128-v1:0038,BOQWIN_C3_19_1523_z1_29,b9022a43c04be9da7aa4adfe76b074cd301342591d37832bf8a4302a200ee483,38,cross_family_test_set,BOQWIN/structures/BOQWIN_C3_19_1523_z1_29.cif,b4bd98c2663b5550029dd088e8c30c8235c9637e6c3783577bb8e2a52b8967b0,b9022a43c04be9da7aa4adfe76b074cd301342591d37832bf8a4302a200ee483,0,116,"[""C"", ""C"", ""C"", ""C"", ""C"", ""C"", ""C"", ""C"", ""S"", ""O"", ""O"", ""N"", ""C"", ""C"", ""Br"", ""H"", ""H"", ""H"", ""H"", ""H"", ""H"", ""H"", ""H"", ""H"", ""H"", ""H"", ""H"", ""H"", ""H"", ""C"", ""C"", ""C"", ""C"", ""C"", ""C"", ""C"", ""C"", ""S"", ""O"", ""O"", ""N"", ""C"", ""C"", ""Br"", ""H"", ""H"", ""H"", ""H"", ""H"", ""H"", ""H"", ""H"", ""H"", ""H"", ""H"", ""H"", ""H"", ""H"", ""C"", ""C"", ""C"", ""C"", ""C"", ""C"", ""C"", ""C"", ""S"", ""O"", ""O"", ""N"", ""C"", ""C"", ""Br"", ""H"", ""H"", ""H"", ""H"", ""H"", ""H"", ""H"", ""H"", ""H"", ""H"", ""H"", ""H"", ""H"", ""H"", ""C"", ""C"", ""C"", ""C"", ""C"", ""C"", ""C"", ""C"", ""S"", ""O"", ""O"", ""N"", ""C"", ""C"", ""Br"", ""H"", ""H"", ""H"", ""H"", ""H"", ""H"", ""H"", ""H"", ""H"", ""H"", ""H"", ""H"", ""H"", ""H""]",C40H56Br4N4O8S4,"[true, true, true]","[14.261284734932623, 0.0, 0.0, 0.0, 12.961813116041071, 0.0, 0.0, 0.0, 12.47772643423928]",2306.5340285375237,[],"{""cutoff=6.000_skin=0.000"": 4968, ""cutoff=6.000_skin=0.500"": 6064}",0.0,,
OPT-RFT-BOQWIN116-R128-v1,3dc2a5eebc94bbf3cbdfce4d57edb0ce9960abd22461543b7085ac647dd741d7,OPT-RFT-BOQWIN116-R128-v1:0039,BOQWIN_C4_19_791_z1_29,c52269fe913af42a763bfc182ea276cc5a2ea6444843c970ed5a25877e62c598,39,cross_family_test_set,BOQWIN/structures/BOQWIN_C4_19_791_z1_29.cif,4d8b78a681f790547fcb661670930e9fab5bab1c9fd7209de8c27e0fa1a95c1b,c52269fe913af42a763bfc182ea276cc5a2ea6444843c970ed5a25877e62c598,0,116,"[""C"", ""C"", ""C"", ""C"", ""C"", ""C"", ""C"", ""C"", ""S"", ""O"", ""O"", ""N"", ""C"", ""C"", ""Br"", ""H"", ""H"", ""H"", ""H"", ""H"", ""H"", ""H"", ""H"", ""H"", ""H"", ""H"", ""H"", ""H"", ""H"", ""C"", ""C"", ""C"", ""C"", ""C"", ""C"", ""C"", ""C"", ""S"", ""O"", ""O"", ""N"", ""C"", ""C"", ""Br"", ""H"", ""H"", ""H"", ""H"", ""H"", ""H"", ""H"", ""H"", ""H"", ""H"", ""H"", ""H"", ""H"", ""H"", ""C"", ""C"", ""C"", ""C"", ""C"", ""C"", ""C"", ""C"", ""S"", ""O"", ""O"", ""N"", ""C"", ""C"", ""Br"", ""H"", ""H"", ""H"", ""H"", ""H"", ""H"", ""H"", ""H"", ""H"", ""H"", ""H"", ""H"", ""H"", ""H"", ""C"", ""C"", ""C"", ""C"", ""C"", ""C"", ""C"", ""C"", ""S"", ""O"", ""O"", ""N"", ""C"", ""C"", ""Br"", ""H"", ""H"", ""H"", ""H"", ""H"", ""H"", ""H"", ""H"", ""H"", ""H"", ""H"", ""H"", ""H"", ""H""]",C40H56Br4N4O8S4,"[true, true, true]","[14.771845393321328, 0.0, 0.0, 0.0, 12.050136765840818, 0.0, 0.0, 0.0, 12.021894666691082]",2139.9303983211266,[],"{""cutoff=6.000_skin=0.000"": 4984, ""cutoff=6.000_skin=0.500"": 6240}",0.0,,
OPT-RFT-BOQWIN116-R128-v1,3dc2a5eebc94bbf3cbdfce4d57edb0ce9960abd22461543b7085ac647dd741d7,OPT-RFT-BOQWIN116-R128-v1:0040,BOQWIN_C1_19_1723_z1_29,e238f59336b4717e7afdb96e83489dc0d84885ca4a8869fdd3ca00098e903d5d,40,cross_family_test_set,BOQWIN/structures/BOQWIN_C1_19_1723_z1_29.cif,c1b9b59eb0a21656664332a1236bc663fe7fe8f5b58ccdf5375083e6794eed3b,e238f59336b4717e7afdb96e83489dc0d84885ca4a8869fdd3ca00098e903d5d,0,116,"[""C"", ""C"", ""C"", ""C"", ""C"", ""C"", ""C"", ""C"", ""S"", ""O"", ""O"", ""N"", ""C"", ""C"", ""Br"", ""H"", ""H"", ""H"", ""H"", ""H"", ""H"", ""H"", ""H"", ""H"", ""H"", ""H"", ""H"", ""H"", ""H"", ""C"", ""C"", ""C"", ""C"", ""C"", ""C"", ""C"", ""C"", ""S"", ""O"", ""O"", ""N"", ""C"", ""C"", ""Br"", ""H"", ""H"", ""H"", ""H"", ""H"", ""H"", ""H"", ""H"", ""H"", ""H"", ""H"", ""H"", ""H"", ""H"", ""C"", ""C"", ""C"", ""C"", ""C"", ""C"", ""C"", ""C"", ""S"", ""O"", ""O"", ""N"", ""C"", ""C"", ""Br"", ""H"", ""H"", ""H"", ""H"", ""H"", ""H"", ""H"", ""H"", ""H"", ""H"", ""H"", ""H"", ""H"", ""H"", ""C"", ""C"", ""C"", ""C"", ""C"", ""C"", ""C"", ""C"", ""S"", ""O"", ""O"", ""N"", ""C"", ""C"", ""Br"", ""H"", ""H"", ""H"", ""H"", ""H"", ""H"", ""H"", ""H"", ""H"", ""H"", ""H"", ""H"", ""H"", ""H""]",C40H56Br4N4O8S4,"[true, true, true]","[11.00032720017628, 0.0, 0.0, 0.0, 16.130000521412732, 0.0, 0.0, 0.0, 14.725727645212537]",2612.8636590973656,[],"{""cutoff=6.000_skin=0.000"": 5008, ""cutoff=6.000_skin=0.500"": 5904}",0.0,,
OPT-RFT-BOQWIN116-R128-v1,3dc2a5eebc94bbf3cbdfce4d57edb0ce9960abd22461543b7085ac647dd741d7,OPT-RFT-BOQWIN116-R128-v1:0041,BOQWIN_C1_19_759_z1_29,0bf4162c3d1481b723ce2936708c0f2f98189de2e0547908f8c5b1c4ef3cd32b,41,cross_family_test_set,BOQWIN/structures/BOQWIN_C1_19_759_z1_29.cif,a6609bf0a1262b81fc17210a66d6a61ad4737757ada90716850dce757ab47fa6,0bf4162c3d1481b723ce2936708c0f2f98189de2e0547908f8c5b1c4ef3cd32b,0,116,"[""C"", ""C"", ""C"", ""C"", ""C"", ""C"", ""C"", ""C"", ""S"", ""O"", ""O"", ""N"", ""C"", ""C"", ""Br"", ""H"", ""H"", ""H"", ""H"", ""H"", ""H"", ""H"", ""H"", ""H"", ""H"", ""H"", ""H"", ""H"", ""H"", ""C"", ""C"", ""C"", ""C"", ""C"", ""C"", ""C"", ""C"", ""S"", ""O"", ""O"", ""N"", ""C"", ""C"", ""Br"", ""H"", ""H"", ""H"", ""H"", ""H"", ""H"", ""H"", ""H"", ""H"", ""H"", ""H"", ""H"", ""H"", ""H"", ""C"", ""C"", ""C"", ""C"", ""C"", ""C"", ""C"", ""C"", ""S"", ""O"", ""O"", ""N"", ""C"", ""C"", ""Br"", ""H"", ""H"", ""H"", ""H"", ""H"", ""H"", ""H"", ""H"", ""H"", ""H"", ""H"", ""H"", ""H"", ""H"", ""C"", ""C"", ""C"", ""C"", ""C"", ""C"", ""C"", ""C"", ""S"", ""O"", ""O"", ""N"", ""C"", ""C"", ""Br"", ""H"", ""H"", ""H"", ""H"", ""H"", ""H"", ""H"", ""H"", ""H"", ""H"", ""H"", ""H"", ""H"", ""H""]",C40H56Br4N4O8S4,"[true, true, true]","[30.5173173180641, 0.0, 0.0, 0.0, 11.801948661907737, 0.0, 0.0, 0.0, 6.901289641980192]",2485.5947871519584,[],"{""cutoff=6.000_skin=0.000"": 5024, ""cutoff=6.000_skin=0.500"": 6064}",0.0,,
OPT-RFT-BOQWIN116-R128-v1,3dc2a5eebc94bbf3cbdfce4d57edb0ce9960abd22461543b7085ac647dd741d7,OPT-RFT-BOQWIN116-R128-v1:0042,BOQWIN_C3_19_374_z1_29,4b26879d01b379ddf010b0a3d4907388cff0ac0dab1187ba8b2a1fd472dc8706,42,cross_family_test_set,BOQWIN/structures/BOQWIN_C3_19_374_z1_29.cif,6964913b21f22f457de6a0f08991229dcff245d74b3fb30d2d876b264f079f96,4b26879d01b379ddf010b0a3d4907388cff0ac0dab1187ba8b2a1fd472dc8706,0,116,"[""C"", ""C"", ""C"", ""C"", ""C"", ""C"", ""C"", ""C"", ""S"", ""O"", ""O"", ""N"", ""C"", ""C"", ""Br"", ""H"", ""H"", ""H"", ""H"", ""H"", ""H"", ""H"", ""H"", ""H"", ""H"", ""H"", ""H"", ""H"", ""H"", ""C"", ""C"", ""C"", ""C"", ""C"", ""C"", ""C"", ""C"", ""S"", ""O"", ""O"", ""N"", ""C"", ""C"", ""Br"", ""H"", ""H"", ""H"", ""H"", ""H"", ""H"", ""H"", ""H"", ""H"", ""H"", ""H"", ""H"", ""H"", ""H"", ""C"", ""C"", ""C"", ""C"", ""C"", ""C"", ""C"", ""C"", ""S"", ""O"", ""O"", ""N"", ""C"", ""C"", ""Br"", ""H"", ""H"", ""H"", ""H"", ""H"", ""H"", ""H"", ""H"", ""H"", ""H"", ""H"", ""H"", ""H"", ""H"", ""C"", ""C"", ""C"", ""C"", ""C"", ""C"", ""C"", ""C"", ""S"", ""O"", ""O"", ""N"", ""C"", ""C"", ""Br"", ""H"", ""H"", ""H"", ""H"", ""H"", ""H"", ""H"", ""H"", ""H"", ""H"", ""H"", ""H"", ""H"", ""H""]",C40H56Br4N4O8S4,"[true, true, true]","[14.08360982246542, 0.0, 0.0, 0.0, 13.434545776554415, 0.0, 0.0, 0.0, 11.68686167485987]",2211.234878268561,[],"{""cutoff=6.000_skin=0.000"": 5040, ""cutoff=6.000_skin=0.500"": 6024}",0.0,,
OPT-RFT-BOQWIN116-R128-v1,3dc2a5eebc94bbf3cbdfce4d57edb0ce9960abd22461543b7085ac647dd741d7,OPT-RFT-BOQWIN116-R128-v1:0043,BOQWIN_C3_19_1409_z1_29,c732b9ac1ddb6e524e04d7b00e422ad85c6c36f5cae080e0a0e403513b2d44b4,43,cross_family_test_set,BOQWIN/structures/BOQWIN_C3_19_1409_z1_29.cif,52ac218d8959d7748883a151f2ad54b6d6c92f6677270253b33d7f5cb20d04d0,c732b9ac1ddb6e524e04d7b00e422ad85c6c36f5cae080e0a0e403513b2d44b4,0,116,"[""C"", ""C"", ""C"", ""C"", ""C"", ""C"", ""C"", ""C"", ""S"", ""O"", ""O"", ""N"", ""C"", ""C"", ""Br"", ""H"", ""H"", ""H"", ""H"", ""H"", ""H"", ""H"", ""H"", ""H"", ""H"", ""H"", ""H"", ""H"", ""H"", ""C"", ""C"", ""C"", ""C"", ""C"", ""C"", ""C"", ""C"", ""S"", ""O"", ""O"", ""N"", ""C"", ""C"", ""Br"", ""H"", ""H"", ""H"", ""H"", ""H"", ""H"", ""H"", ""H"", ""H"", ""H"", ""H"", ""H"", ""H"", ""H"", ""C"", ""C"", ""C"", ""C"", ""C"", ""C"", ""C"", ""C"", ""S"", ""O"", ""O"", ""N"", ""C"", ""C"", ""Br"", ""H"", ""H"", ""H"", ""H"", ""H"", ""H"", ""H"", ""H"", ""H"", ""H"", ""H"", ""H"", ""H"", ""H"", ""C"", ""C"", ""C"", ""C"", ""C"", ""C"", ""C"", ""C"", ""S"", ""O"", ""O"", ""N"", ""C"", ""C"", ""Br"", ""H"", ""H"", ""H"", ""H"", ""H"", ""H"", ""H"", ""H"", ""H"", ""H"", ""H"", ""H"", ""H"", ""H""]",C40H56Br4N4O8S4,"[true, true, true]","[13.807342579796227, 0.0, 0.0, 0.0, 13.350551832153897, 0.0, 0.0, 0.0, 12.856539203673432]",2369.91841798238,[],"{""cutoff=6.000_skin=0.000"": 5056, ""cutoff=6.000_skin=0.500"": 6080}",0.0,,
OPT-RFT-BOQWIN116-R128-v1,3dc2a5eebc94bbf3cbdfce4d57edb0ce9960abd22461543b7085ac647dd741d7,OPT-RFT-BOQWIN116-R128-v1:0044,BOQWIN_C1_19_2628_z1_29,cfe8b37674df8f527f1a7a90f970c844c0e81fba45ea8cef1b076f5e64230522,44,cross_family_test_set,BOQWIN/structures/BOQWIN_C1_19_2628_z1_29.cif,ab528d2fc0b8de801f7b93e4ea2267d9b1f02fa92b833ccfe61a0c9e22b7d47d,cfe8b37674df8f527f1a7a90f970c844c0e81fba45ea8cef1b076f5e64230522,0,116,"[""C"", ""C"", ""C"", ""C"", ""C"", ""C"", ""C"", ""C"", ""S"", ""O"", ""O"", ""N"", ""C"", ""C"", ""Br"", ""H"", ""H"", ""H"", ""H"", ""H"", ""H"", ""H"", ""H"", ""H"", ""H"", ""H"", ""H"", ""H"", ""H"", ""C"", ""C"", ""C"", ""C"", ""C"", ""C"", ""C"", ""C"", ""S"", ""O"", ""O"", ""N"", ""C"", ""C"", ""Br"", ""H"", ""H"", ""H"", ""H"", ""H"", ""H"", ""H"", ""H"", ""H"", ""H"", ""H"", ""H"", ""H"", ""H"", ""C"", ""C"", ""C"", ""C"", ""C"", ""C"", ""C"", ""C"", ""S"", ""O"", ""O"", ""N"", ""C"", ""C"", ""Br"", ""H"", ""H"", ""H"", ""H"", ""H"", ""H"", ""H"", ""H"", ""H"", ""H"", ""H"", ""H"", ""H"", ""H"", ""C"", ""C"", ""C"", ""C"", ""C"", ""C"", ""C"", ""C"", ""S"", ""O"", ""O"", ""N"", ""C"", ""C"", ""Br"", ""H"", ""H"", ""H"", ""H"", ""H"", ""H"", ""H"", ""H"", ""H"", ""H"", ""H"", ""H"", ""H"", ""H""]",C40H56Br4N4O8S4,"[true, true, true]","[13.424300629030668, 0.0, 0.0, 0.0, 13.755308195121614, 0.0, 0.0, 0.0, 13.186271683318726]",2434.916172718374,[],"{""cutoff=6.000_skin=0.000"": 5080, ""cutoff=6.000_skin=0.500"": 6040}",0.0,,
OPT-RFT-BOQWIN116-R128-v1,3dc2a5eebc94bbf3cbdfce4d57edb0ce9960abd22461543b7085ac647dd741d7,OPT-RFT-BOQWIN116-R128-v1:0045,BOQWIN_C3_19_2356_z1_29,f776ae22b837da20336975659f84e42153f232a6015ed63a3e5f3f03d5a70900,45,cross_family_test_set,BOQWIN/structures/BOQWIN_C3_19_2356_z1_29.cif,1446edb57598005029bf131a813789a719da7ff25b108a195272874a47dd3fa3,f776ae22b837da20336975659f84e42153f232a6015ed63a3e5f3f03d5a70900,0,116,"[""C"", ""C"", ""C"", ""C"", ""C"", ""C"", ""C"", ""C"", ""S"", ""O"", ""O"", ""N"", ""C"", ""C"", ""Br"", ""H"", ""H"", ""H"", ""H"", ""H"", ""H"", ""H"", ""H"", ""H"", ""H"", ""H"", ""H"", ""H"", ""H"", ""C"", ""C"", ""C"", ""C"", ""C"", ""C"", ""C"", ""C"", ""S"", ""O"", ""O"", ""N"", ""C"", ""C"", ""Br"", ""H"", ""H"", ""H"", ""H"", ""H"", ""H"", ""H"", ""H"", ""H"", ""H"", ""H"", ""H"", ""H"", ""H"", ""C"", ""C"", ""C"", ""C"", ""C"", ""C"", ""C"", ""C"", ""S"", ""O"", ""O"", ""N"", ""C"", ""C"", ""Br"", ""H"", ""H"", ""H"", ""H"", ""H"", ""H"", ""H"", ""H"", ""H"", ""H"", ""H"", ""H"", ""H"", ""H"", ""C"", ""C"", ""C"", ""C"", ""C"", ""C"", ""C"", ""C"", ""S"", ""O"", ""O"", ""N"", ""C"", ""C"", ""Br"", ""H"", ""H"", ""H"", ""H"", ""H"", ""H"", ""H"", ""H"", ""H"", ""H"", ""H"", ""H"", ""H"", ""H""]",C40H56Br4N4O8S4,"[true, true, true]","[11.39047134135987, 0.0, 0.0, 0.0, 18.003515985296502, 0.0, 0.0, 0.0, 10.612140360527704]",2176.216054388862,[],"{""cutoff=6.000_skin=0.000"": 5096, ""cutoff=6.000_skin=0.500"": 6248}",0.0,,
OPT-RFT-BOQWIN116-R128-v1,3dc2a5eebc94bbf3cbdfce4d57edb0ce9960abd22461543b7085ac647dd741d7,OPT-RFT-BOQWIN116-R128-v1:0046,BOQWIN_C2_19_2466_z1_29,f5e21791bfb03367cc61dec0399d5abcc522d7bb76ad5ae509e8ad51ec898302,46,cross_family_test_set,BOQWIN/structures/BOQWIN_C2_19_2466_z1_29.cif,40ca0c32b07b47df7a5abc54dfcc28904688fec8a27c927b7a3effc965299973,f5e21791bfb03367cc61dec0399d5abcc522d7bb76ad5ae509e8ad51ec898302,0,116,"[""C"", ""C"", ""C"", ""C"", ""C"", ""C"", ""C"", ""C"", ""S"", ""O"", ""O"", ""N"", ""C"", ""C"", ""Br"", ""H"", ""H"", ""H"", ""H"", ""H"", ""H"", ""H"", ""H"", ""H"", ""H"", ""H"", ""H"", ""H"", ""H"", ""C"", ""C"", ""C"", ""C"", ""C"", ""C"", ""C"", ""C"", ""S"", ""O"", ""O"", ""N"", ""C"", ""C"", ""Br"", ""H"", ""H"", ""H"", ""H"", ""H"", ""H"", ""H"", ""H"", ""H"", ""H"", ""H"", ""H"", ""H"", ""H"", ""C"", ""C"", ""C"", ""C"", ""C"", ""C"", ""C"", ""C"", ""S"", ""O"", ""O"", ""N"", ""C"", ""C"", ""Br"", ""H"", ""H"", ""H"", ""H"", ""H"", ""H"", ""H"", ""H"", ""H"", ""H"", ""H"", ""H"", ""H"", ""H"", ""C"", ""C"", ""C"", ""C"", ""C"", ""C"", ""C"", ""C"", ""S"", ""O"", ""O"", ""N"", ""C"", ""C"", ""Br"", ""H"", ""H"", ""H"", ""H"", ""H"", ""H"", ""H"", ""H"", ""H"", ""H"", ""H"", ""H"", ""H"", ""H""]",C40H56Br4N4O8S4,"[true, true, true]","[13.499879997008204, 0.0, 0.0, 0.0, 13.92330454416403, 0.0, 0.0, 0.0, 12.053317036667735]",2265.5769130874014,[],"{""cutoff=6.000_skin=0.000"": 5120, ""cutoff=6.000_skin=0.500"": 6184}",0.0,,
OPT-RFT-BOQWIN116-R128-v1,3dc2a5eebc94bbf3cbdfce4d57edb0ce9960abd22461543b7085ac647dd741d7,OPT-RFT-BOQWIN116-R128-v1:0047,BOQWIN_C1_19_199_z1_29,8f390340af340de3bd8a099d909a56f0006fe3b365860572b0599375733f28ad,47,cross_family_test_set,BOQWIN/structures/BOQWIN_C1_19_199_z1_29.cif,b07b5ad76fc237ce26d787afb0cb75fbaa65ead01b47bf187c9695301fe3c86f,8f390340af340de3bd8a099d909a56f0006fe3b365860572b0599375733f28ad,0,116,"[""C"", ""C"", ""C"", ""C"", ""C"", ""C"", ""C"", ""C"", ""S"", ""O"", ""O"", ""N"", ""C"", ""C"", ""Br"", ""H"", ""H"", ""H"", ""H"", ""H"", ""H"", ""H"", ""H"", ""H"", ""H"", ""H"", ""H"", ""H"", ""H"", ""C"", ""C"", ""C"", ""C"", ""C"", ""C"", ""C"", ""C"", ""S"", ""O"", ""O"", ""N"", ""C"", ""C"", ""Br"", ""H"", ""H"", ""H"", ""H"", ""H"", ""H"", ""H"", ""H"", ""H"", ""H"", ""H"", ""H"", ""H"", ""H"", ""C"", ""C"", ""C"", ""C"", ""C"", ""C"", ""C"", ""C"", ""S"", ""O"", ""O"", ""N"", ""C"", ""C"", ""Br"", ""H"", ""H"", ""H"", ""H"", ""H"", ""H"", ""H"", ""H"", ""H"", ""H"", ""H"", ""H"", ""H"", ""H"", ""C"", ""C"", ""C"", ""C"", ""C"", ""C"", ""C"", ""C"", ""S"", ""O"", ""O"", ""N"", ""C"", ""C"", ""Br"", ""H"", ""H"", ""H"", ""H"", ""H"", ""H"", ""H"", ""H"", ""H"", ""H"", ""H"", ""H"", ""H"", ""H""]",C40H56Br4N4O8S4,"[true, true, true]","[11.801138511142227, 0.0, 0.0, 0.0, 13.059257344274613, 0.0, 0.0, 0.0, 14.3762562135046]",2215.5838563234347,[],"{""cutoff=6.000_skin=0.000"": 5136, ""cutoff=6.000_skin=0.500"": 6240}",0.0,,
OPT-RFT-BOQWIN116-R128-v1,3dc2a5eebc94bbf3cbdfce4d57edb0ce9960abd22461543b7085ac647dd741d7,OPT-RFT-BOQWIN116-R128-v1:0048,BOQWIN_C1_19_1864_z1_29,5d1ad0424e75fbc3a09ce14ed00ac09017f82c98c0ecf1e424c4a8a91f040828,48,cross_family_test_set,BOQWIN/structures/BOQWIN_C1_19_1864_z1_29.cif,a6c75fc80e98bd00e12926e48548e1e3fd96d15cf4c10ec672bc6213e7077b9c,5d1ad0424e75fbc3a09ce14ed00ac09017f82c98c0ecf1e424c4a8a91f040828,0,116,"[""C"", ""C"", ""C"", ""C"", ""C"", ""C"", ""C"", ""C"", ""S"", ""O"", ""O"", ""N"", ""C"", ""C"", ""Br"", ""H"", ""H"", ""H"", ""H"", ""H"", ""H"", ""H"", ""H"", ""H"", ""H"", ""H"", ""H"", ""H"", ""H"", ""C"", ""C"", ""C"", ""C"", ""C"", ""C"", ""C"", ""C"", ""S"", ""O"", ""O"", ""N"", ""C"", ""C"", ""Br"", ""H"", ""H"", ""H"", ""H"", ""H"", ""H"", ""H"", ""H"", ""H"", ""H"", ""H"", ""H"", ""H"", ""H"", ""C"", ""C"", ""C"", ""C"", ""C"", ""C"", ""C"", ""C"", ""S"", ""O"", ""O"", ""N"", ""C"", ""C"", ""Br"", ""H"", ""H"", ""H"", ""H"", ""H"", ""H"", ""H"", ""H"", ""H"", ""H"", ""H"", ""H"", ""H"", ""H"", ""C"", ""C"", ""C"", ""C"", ""C"", ""C"", ""C"", ""C"", ""S"", ""O"", ""O"", ""N"", ""C"", ""C"", ""Br"", ""H"", ""H"", ""H"", ""H"", ""H"", ""H"", ""H"", ""H"", ""H"", ""H"", ""H"", ""H"", ""H"", ""H""]",C40H56Br4N4O8S4,"[true, true, true]","[16.606294576642362, 0.0, 0.0, 0.0, 11.44548340122927, 0.0, 0.0, 0.0, 12.239578823807939]",2326.3408720141697,[],"{""cutoff=6.000_skin=0.000"": 5144, ""cutoff=6.000_skin=0.500"": 6176}",0.0,,
OPT-RFT-BOQWIN116-R128-v1,3dc2a5eebc94bbf3cbdfce4d57edb0ce9960abd22461543b7085ac647dd741d7,OPT-RFT-BOQWIN116-R128-v1:0049,BOQWIN_C2_19_2102_z1_29,70f6a41cd8c34f1122f498ccd398ac2466be18e0959d4318da16dfe93f807b27,49,cross_family_test_set,BOQWIN/structures/BOQWIN_C2_19_2102_z1_29.cif,db4b4ede349ca27b4272e3c5ee087be84acb89723959a473bc56a04c2f85ec28,70f6a41cd8c34f1122f498ccd398ac2466be18e0959d4318da16dfe93f807b27,0,116,"[""C"", ""C"", ""C"", ""C"", ""C"", ""C"", ""C"", ""C"", ""S"", ""O"", ""O"", ""N"", ""C"", ""C"", ""Br"", ""H"", ""H"", ""H"", ""H"", ""H"", ""H"", ""H"", ""H"", ""H"", ""H"", ""H"", ""H"", ""H"", ""H"", ""C"", ""C"", ""C"", ""C"", ""C"", ""C"", ""C"", ""C"", ""S"", ""O"", ""O"", ""N"", ""C"", ""C"", ""Br"", ""H"", ""H"", ""H"", ""H"", ""H"", ""H"", ""H"", ""H"", ""H"", ""H"", ""H"", ""H"", ""H"", ""H"", ""C"", ""C"", ""C"", ""C"", ""C"", ""C"", ""C"", ""C"", ""S"", ""O"", ""O"", ""N"", ""C"", ""C"", ""Br"", ""H"", ""H"", ""H"", ""H"", ""H"", ""H"", ""H"", ""H"", ""H"", ""H"", ""H"", ""H"", ""H"", ""H"", ""C"", ""C"", ""C"", ""C"", ""C"", ""C"", ""C"", ""C"", ""S"", ""O"", ""O"", ""N"", ""C"", ""C"", ""Br"", ""H"", ""H"", ""H"", ""H"", ""H"", ""H"", ""H"", ""H"", ""H"", ""H"", ""H"", ""H"", ""H"", ""H""]",C40H56Br4N4O8S4,"[true, true, true]","[16.736284947677603, 0.0, 0.0, 0.0, 11.783964642156022, 0.0, 0.0, 0.0, 10.967961161431361]",2163.0989976928745,[],"{""cutoff=6.000_skin=0.000"": 5160, ""cutoff=6.000_skin=0.500"": 6384}",0.0,,
OPT-RFT-BOQWIN116-R128-v1,3dc2a5eebc94bbf3cbdfce4d57edb0ce9960abd22461543b7085ac647dd741d7,OPT-RFT-BOQWIN116-R128-v1:0050,BOQWIN_C4_19_1527_z1_29,6119938cbe49869f5e4684545e3c3bfe5c9280c67cbc0b40fb3fdba9c4143eb0,50,cross_family_test_set,BOQWIN/structures/BOQWIN_C4_19_1527_z1_29.cif,0c569d3a22166b339dc02c5c465ca865af6c5d97f11dff416bc082b668b0a643,6119938cbe49869f5e4684545e3c3bfe5c9280c67cbc0b40fb3fdba9c4143eb0,0,116,"[""C"", ""C"", ""C"", ""C"", ""C"", ""C"", ""C"", ""C"", ""S"", ""O"", ""O"", ""N"", ""C"", ""C"", ""Br"", ""H"", ""H"", ""H"", ""H"", ""H"", ""H"", ""H"", ""H"", ""H"", ""H"", ""H"", ""H"", ""H"", ""H"", ""C"", ""C"", ""C"", ""C"", ""C"", ""C"", ""C"", ""C"", ""S"", ""O"", ""O"", ""N"", ""C"", ""C"", ""Br"", ""H"", ""H"", ""H"", ""H"", ""H"", ""H"", ""H"", ""H"", ""H"", ""H"", ""H"", ""H"", ""H"", ""H"", ""C"", ""C"", ""C"", ""C"", ""C"", ""C"", ""C"", ""C"", ""S"", ""O"", ""O"", ""N"", ""C"", ""C"", ""Br"", ""H"", ""H"", ""H"", ""H"", ""H"", ""H"", ""H"", ""H"", ""H"", ""H"", ""H"", ""H"", ""H"", ""H"", ""C"", ""C"", ""C"", ""C"", ""C"", ""C"", ""C"", ""C"", ""S"", ""O"", ""O"", ""N"", ""C"", ""C"", ""Br"", ""H"", ""H"", ""H"", ""H"", ""H"", ""H"", ""H"", ""H"", ""H"", ""H"", ""H"", ""H"", ""H"", ""H""]",C40H56Br4N4O8S4,"[true, true, true]","[11.968874843083526, 0.0, 0.0, 0.0, 12.71707382234207, 0.0, 0.0, 0.0, 14.970772631239953]",2278.6873037780792,[],"{""cutoff=6.000_skin=0.000"": 5176, ""cutoff=6.000_skin=0.500"": 6184}",0.0,,
OPT-RFT-BOQWIN116-R128-v1,3dc2a5eebc94bbf3cbdfce4d57edb0ce9960abd22461543b7085ac647dd741d7,OPT-RFT-BOQWIN116-R128-v1:0051,BOQWIN_C2_19_275_z1_29,957d8473d1f5f3be00c2db7b268abf8375621a8036cc2541089790e32aecf1de,51,cross_family_test_set,BOQWIN/structures/BOQWIN_C2_19_275_z1_29.cif,8d92352ae93574fa6ea3f9c103014f69c91d10d2ef4b8ddb670ff4dbc415b5ed,957d8473d1f5f3be00c2db7b268abf8375621a8036cc2541089790e32aecf1de,0,116,"[""C"", ""C"", ""C"", ""C"", ""C"", ""C"", ""C"", ""C"", ""S"", ""O"", ""O"", ""N"", ""C"", ""C"", ""Br"", ""H"", ""H"", ""H"", ""H"", ""H"", ""H"", ""H"", ""H"", ""H"", ""H"", ""H"", ""H"", ""H"", ""H"", ""C"", ""C"", ""C"", ""C"", ""C"", ""C"", ""C"", ""C"", ""S"", ""O"", ""O"", ""N"", ""C"", ""C"", ""Br"", ""H"", ""H"", ""H"", ""H"", ""H"", ""H"", ""H"", ""H"", ""H"", ""H"", ""H"", ""H"", ""H"", ""H"", ""C"", ""C"", ""C"", ""C"", ""C"", ""C"", ""C"", ""C"", ""S"", ""O"", ""O"", ""N"", ""C"", ""C"", ""Br"", ""H"", ""H"", ""H"", ""H"", ""H"", ""H"", ""H"", ""H"", ""H"", ""H"", ""H"", ""H"", ""H"", ""H"", ""C"", ""C"", ""C"", ""C"", ""C"", ""C"", ""C"", ""C"", ""S"", ""O"", ""O"", ""N"", ""C"", ""C"", ""Br"", ""H"", ""H"", ""H"", ""H"", ""H"", ""H"", ""H"", ""H"", ""H"", ""H"", ""H"", ""H"", ""H"", ""H""]",C40H56Br4N4O8S4,"[true, true, true]","[11.557202055535662, 0.0, 0.0, 0.0, 11.84273935207441, 0.0, 0.0, 0.0, 15.852022417890037]",2169.6493717658577,[],"{""cutoff=6.000_skin=0.000"": 5200, ""cutoff=6.000_skin=0.500"": 6368}",0.0,,
OPT-RFT-BOQWIN116-R128-v1,3dc2a5eebc94bbf3cbdfce4d57edb0ce9960abd22461543b7085ac647dd741d7,OPT-RFT-BOQWIN116-R128-v1:0052,BOQWIN_C3_19_801_z1_29,c64a3997d783574312254105b37fe8f37da78234768863329eb4775351a23a5f,52,cross_family_test_set,BOQWIN/structures/BOQWIN_C3_19_801_z1_29.cif,2c5220a6d14855862659de0ee32674efe1fcb99a46405f2ef53d639d594915c5,c64a3997d783574312254105b37fe8f37da78234768863329eb4775351a23a5f,0,116,"[""C"", ""C"", ""C"", ""C"", ""C"", ""C"", ""C"", ""C"", ""S"", ""O"", ""O"", ""N"", ""C"", ""C"", ""Br"", ""H"", ""H"", ""H"", ""H"", ""H"", ""H"", ""H"", ""H"", ""H"", ""H"", ""H"", ""H"", ""H"", ""H"", ""C"", ""C"", ""C"", ""C"", ""C"", ""C"", ""C"", ""C"", ""S"", ""O"", ""O"", ""N"", ""C"", ""C"", ""Br"", ""H"", ""H"", ""H"", ""H"", ""H"", ""H"", ""H"", ""H"", ""H"", ""H"", ""H"", ""H"", ""H"", ""H"", ""C"", ""C"", ""C"", ""C"", ""C"", ""C"", ""C"", ""C"", ""S"", ""O"", ""O"", ""N"", ""C"", ""C"", ""Br"", ""H"", ""H"", ""H"", ""H"", ""H"", ""H"", ""H"", ""H"", ""H"", ""H"", ""H"", ""H"", ""H"", ""H"", ""C"", ""C"", ""C"", ""C"", ""C"", ""C"", ""C"", ""C"", ""S"", ""O"", ""O"", ""N"", ""C"", ""C"", ""Br"", ""H"", ""H"", ""H"", ""H"", ""H"", ""H"", ""H"", ""H"", ""H"", ""H"", ""H"", ""H"", ""H"", ""H""]",C40H56Br4N4O8S4,"[true, true, true]","[12.538376989685947, 0.0, 0.0, 0.0, 14.328141376480104, 0.0, 0.0, 0.0, 12.976696862399251]",2331.284848973956,[],"{""cutoff=6.000_skin=0.000"": 5224, ""cutoff=6.000_skin=0.500"": 6328}",0.0,,
OPT-RFT-BOQWIN116-R128-v1,3dc2a5eebc94bbf3cbdfce4d57edb0ce9960abd22461543b7085ac647dd741d7,OPT-RFT-BOQWIN116-R128-v1:0053,BOQWIN_C4_19_1026_z1_29,9ee168330e2b86195909829cd996375b90cdb22c5a8266b785cc11f509e55100,53,cross_family_test_set,BOQWIN/structures/BOQWIN_C4_19_1026_z1_29.cif,ab4cc0bf5d97f474936354389f9df1bfac41a71a5c369455a3359e4aeca2ea3a,9ee168330e2b86195909829cd996375b90cdb22c5a8266b785cc11f509e55100,0,116,"[""C"", ""C"", ""C"", ""C"", ""C"", ""C"", ""C"", ""C"", ""S"", ""O"", ""O"", ""N"", ""C"", ""C"", ""Br"", ""H"", ""H"", ""H"", ""H"", ""H"", ""H"", ""H"", ""H"", ""H"", ""H"", ""H"", ""H"", ""H"", ""H"", ""C"", ""C"", ""C"", ""C"", ""C"", ""C"", ""C"", ""C"", ""S"", ""O"", ""O"", ""N"", ""C"", ""C"", ""Br"", ""H"", ""H"", ""H"", ""H"", ""H"", ""H"", ""H"", ""H"", ""H"", ""H"", ""H"", ""H"", ""H"", ""H"", ""C"", ""C"", ""C"", ""C"", ""C"", ""C"", ""C"", ""C"", ""S"", ""O"", ""O"", ""N"", ""C"", ""C"", ""Br"", ""H"", ""H"", ""H"", ""H"", ""H"", ""H"", ""H"", ""H"", ""H"", ""H"", ""H"", ""H"", ""H"", ""H"", ""C"", ""C"", ""C"", ""C"", ""C"", ""C"", ""C"", ""C"", ""S"", ""O"", ""O"", ""N"", ""C"", ""C"", ""Br"", ""H"", ""H"", ""H"", ""H"", ""H"", ""H"", ""H"", ""H"", ""H"", ""H"", ""H"", ""H"", ""H"", ""H""]",C40H56Br4N4O8S4,"[true, true, true]","[11.301859800724273, 0.0, 0.0, 0.0, 15.037981458518065, 0.0, 0.0, 0.0, 12.689865899595262]",2156.7335453467954,[],"{""cutoff=6.000_skin=0.000"": 5240, ""cutoff=6.000_skin=0.500"": 6312}",0.0,,
OPT-RFT-BOQWIN116-R128-v1,3dc2a5eebc94bbf3cbdfce4d57edb0ce9960abd22461543b7085ac647dd741d7,OPT-RFT-BOQWIN116-R128-v1:0054,BOQWIN_C1_19_1808_z1_29,ab5c59d82a2030b1ff810fe7163f90b90eb3b8f7739d2811b6a3e26908d5fb8d,54,cross_family_test_set,BOQWIN/structures/BOQWIN_C1_19_1808_z1_29.cif,033ef7caa123e445e5a90ab564b6575641608b0cf9e30a9f5887da0aa5550a13,ab5c59d82a2030b1ff810fe7163f90b90eb3b8f7739d2811b6a3e26908d5fb8d,0,116,"[""C"", ""C"", ""C"", ""C"", ""C"", ""C"", ""C"", ""C"", ""S"", ""O"", ""O"", ""N"", ""C"", ""C"", ""Br"", ""H"", ""H"", ""H"", ""H"", ""H"", ""H"", ""H"", ""H"", ""H"", ""H"", ""H"", ""H"", ""H"", ""H"", ""C"", ""C"", ""C"", ""C"", ""C"", ""C"", ""C"", ""C"", ""S"", ""O"", ""O"", ""N"", ""C"", ""C"", ""Br"", ""H"", ""H"", ""H"", ""H"", ""H"", ""H"", ""H"", ""H"", ""H"", ""H"", ""H"", ""H"", ""H"", ""H"", ""C"", ""C"", ""C"", ""C"", ""C"", ""C"", ""C"", ""C"", ""S"", ""O"", ""O"", ""N"", ""C"", ""C"", ""Br"", ""H"", ""H"", ""H"", ""H"", ""H"", ""H"", ""H"", ""H"", ""H"", ""H"", ""H"", ""H"", ""H"", ""H"", ""C"", ""C"", ""C"", ""C"", ""C"", ""C"", ""C"", ""C"", ""S"", ""O"", ""O"", ""N"", ""C"", ""C"", ""Br"", ""H"", ""H"", ""H"", ""H"", ""H"", ""H"", ""H"", ""H"", ""H"", ""H"", ""H"", ""H"", ""H"", ""H""]",C40H56Br4N4O8S4,"[true, true, true]","[13.98364865087305, 0.0, 0.0, 0.0, 12.405130590740484, 0.0, 0.0, 0.0, 12.632054299833257]",2191.2696713206924,[],"{""cutoff=6.000_skin=0.000"": 5264, ""cutoff=6.000_skin=0.500"": 6544}",0.0,,
OPT-RFT-BOQWIN116-R128-v1,3dc2a5eebc94bbf3cbdfce4d57edb0ce9960abd22461543b7085ac647dd741d7,OPT-RFT-BOQWIN116-R128-v1:0055,BOQWIN_C2_19_65_z1_29,bdbae238f6d5e40d326b86c229651a5c240af3d328b1ec59b2e5745e869fe5dd,55,cross_family_test_set,BOQWIN/structures/BOQWIN_C2_19_65_z1_29.cif,08f714b5af12b8481420a1dac60a34714edf9023d51f81332090ce0e0c33bbb6,bdbae238f6d5e40d326b86c229651a5c240af3d328b1ec59b2e5745e869fe5dd,0,116,"[""C"", ""C"", ""C"", ""C"", ""C"", ""C"", ""C"", ""C"", ""S"", ""O"", ""O"", ""N"", ""C"", ""C"", ""Br"", ""H"", ""H"", ""H"", ""H"", ""H"", ""H"", ""H"", ""H"", ""H"", ""H"", ""H"", ""H"", ""H"", ""H"", ""C"", ""C"", ""C"", ""C"", ""C"", ""C"", ""C"", ""C"", ""S"", ""O"", ""O"", ""N"", ""C"", ""C"", ""Br"", ""H"", ""H"", ""H"", ""H"", ""H"", ""H"", ""H"", ""H"", ""H"", ""H"", ""H"", ""H"", ""H"", ""H"", ""C"", ""C"", ""C"", ""C"", ""C"", ""C"", ""C"", ""C"", ""S"", ""O"", ""O"", ""N"", ""C"", ""C"", ""Br"", ""H"", ""H"", ""H"", ""H"", ""H"", ""H"", ""H"", ""H"", ""H"", ""H"", ""H"", ""H"", ""H"", ""H"", ""C"", ""C"", ""C"", ""C"", ""C"", ""C"", ""C"", ""C"", ""S"", ""O"", ""O"", ""N"", ""C"", ""C"", ""Br"", ""H"", ""H"", ""H"", ""H"", ""H"", ""H"", ""H"", ""H"", ""H"", ""H"", ""H"", ""H"", ""H"", ""H""]",C40H56Br4N4O8S4,"[true, true, true]","[15.93311459108861, 0.0, 0.0, 0.0, 9.27869861277346, 0.0, 0.0, 0.0, 15.390330407525113]",2275.2844123967316,[],"{""cutoff=6.000_skin=0.000"": 5288, ""cutoff=6.000_skin=0.500"": 6256}",0.0,,
OPT-RFT-BOQWIN116-R128-v1,3dc2a5eebc94bbf3cbdfce4d57edb0ce9960abd22461543b7085ac647dd741d7,OPT-RFT-BOQWIN116-R128-v1:0056,BOQWIN_C3_19_2602_z1_29,a222bc5a2909fce21fa3613d80698e3686f8e3bc53e7155be9b107ac0981c285,56,cross_family_test_set,BOQWIN/structures/BOQWIN_C3_19_2602_z1_29.cif,890f357a6617af4630ddc0ebfc7a4d09cf3673ebf6da49a485da253427d72b18,a222bc5a2909fce21fa3613d80698e3686f8e3bc53e7155be9b107ac0981c285,0,116,"[""C"", ""C"", ""C"", ""C"", ""C"", ""C"", ""C"", ""C"", ""S"", ""O"", ""O"", ""N"", ""C"", ""C"", ""Br"", ""H"", ""H"", ""H"", ""H"", ""H"", ""H"", ""H"", ""H"", ""H"", ""H"", ""H"", ""H"", ""H"", ""H"", ""C"", ""C"", ""C"", ""C"", ""C"", ""C"", ""C"", ""C"", ""S"", ""O"", ""O"", ""N"", ""C"", ""C"", ""Br"", ""H"", ""H"", ""H"", ""H"", ""H"", ""H"", ""H"", ""H"", ""H"", ""H"", ""H"", ""H"", ""H"", ""H"", ""C"", ""C"", ""C"", ""C"", ""C"", ""C"", ""C"", ""C"", ""S"", ""O"", ""O"", ""N"", ""C"", ""C"", ""Br"", ""H"", ""H"", ""H"", ""H"", ""H"", ""H"", ""H"", ""H"", ""H"", ""H"", ""H"", ""H"", ""H"", ""H"", ""C"", ""C"", ""C"", ""C"", ""C"", ""C"", ""C"", ""C"", ""S"", ""O"", ""O"", ""N"", ""C"", ""C"", ""Br"", ""H"", ""H"", ""H"", ""H"", ""H"", ""H"", ""H"", ""H"", ""H"", ""H"", ""H"", ""H"", ""H"", ""H""]",C40H56Br4N4O8S4,"[true, true, true]","[11.798598678001717, 0.0, 0.0, 0.0, 13.36967288759557, 0.0, 0.0, 0.0, 13.955789592829806]",2201.4337678394722,[],"{""cutoff=6.000_skin=0.000"": 5312, ""cutoff=6.000_skin=0.500"": 6472}",0.0,,
OPT-RFT-BOQWIN116-R128-v1,3dc2a5eebc94bbf3cbdfce4d57edb0ce9960abd22461543b7085ac647dd741d7,OPT-RFT-BOQWIN116-R128-v1:0057,BOQWIN_C4_19_169_z1_29,b35c56db981b8f93585ce81f9fc16d3df6c02abd60bea75172862186671276b7,57,cross_family_test_set,BOQWIN/structures/BOQWIN_C4_19_169_z1_29.cif,1490c58601ac81e47b1761dbf37d214bab7f0a151413291158a4bd04cfcd5b39,b35c56db981b8f93585ce81f9fc16d3df6c02abd60bea75172862186671276b7,0,116,"[""C"", ""C"", ""C"", ""C"", ""C"", ""C"", ""C"", ""C"", ""S"", ""O"", ""O"", ""N"", ""C"", ""C"", ""Br"", ""H"", ""H"", ""H"", ""H"", ""H"", ""H"", ""H"", ""H"", ""H"", ""H"", ""H"", ""H"", ""H"", ""H"", ""C"", ""C"", ""C"", ""C"", ""C"", ""C"", ""C"", ""C"", ""S"", ""O"", ""O"", ""N"", ""C"", ""C"", ""Br"", ""H"", ""H"", ""H"", ""H"", ""H"", ""H"", ""H"", ""H"", ""H"", ""H"", ""H"", ""H"", ""H"", ""H"", ""C"", ""C"", ""C"", ""C"", ""C"", ""C"", ""C"", ""C"", ""S"", ""O"", ""O"", ""N"", ""C"", ""C"", ""Br"", ""H"", ""H"", ""H"", ""H"", ""H"", ""H"", ""H"", ""H"", ""H"", ""H"", ""H"", ""H"", ""H"", ""H"", ""C"", ""C"", ""C"", ""C"", ""C"", ""C"", ""C"", ""C"", ""S"", ""O"", ""O"", ""N"", ""C"", ""C"", ""Br"", ""H"", ""H"", ""H"", ""H"", ""H"", ""H"", ""H"", ""H"", ""H"", ""H"", ""H"", ""H"", ""H"", ""H""]",C40H56Br4N4O8S4,"[true, true, true]","[12.799668178732205, 0.0, 0.0, 0.0, 13.013888890168175, 0.0, 0.0, 0.0, 12.528065969046793]",2086.843289421625,[],"{""cutoff=6.000_skin=0.000"": 5336, ""cutoff=6.000_skin=0.500"": 6560}",0.0,,
OPT-RFT-BOQWIN116-R128-v1,3dc2a5eebc94bbf3cbdfce4d57edb0ce9960abd22461543b7085ac647dd741d7,OPT-RFT-BOQWIN116-R128-v1:0058,BOQWIN_C2_19_2176_z1_29,2e9c28f68be32fbc043e36d71ac865fca966edbd894ee7bf4f97c6e870a538be,58,cross_family_test_set,BOQWIN/structures/BOQWIN_C2_19_2176_z1_29.cif,03f94ab7f956f93f5cb82f8bfe4629d17f708e9fcdd7fcd0ce3f06f6dc20f0ad,2e9c28f68be32fbc043e36d71ac865fca966edbd894ee7bf4f97c6e870a538be,0,116,"[""C"", ""C"", ""C"", ""C"", ""C"", ""C"", ""C"", ""C"", ""S"", ""O"", ""O"", ""N"", ""C"", ""C"", ""Br"", ""H"", ""H"", ""H"", ""H"", ""H"", ""H"", ""H"", ""H"", ""H"", ""H"", ""H"", ""H"", ""H"", ""H"", ""C"", ""C"", ""C"", ""C"", ""C"", ""C"", ""C"", ""C"", ""S"", ""O"", ""O"", ""N"", ""C"", ""C"", ""Br"", ""H"", ""H"", ""H"", ""H"", ""H"", ""H"", ""H"", ""H"", ""H"", ""H"", ""H"", ""H"", ""H"", ""H"", ""C"", ""C"", ""C"", ""C"", ""C"", ""C"", ""C"", ""C"", ""S"", ""O"", ""O"", ""N"", ""C"", ""C"", ""Br"", ""H"", ""H"", ""H"", ""H"", ""H"", ""H"", ""H"", ""H"", ""H"", ""H"", ""H"", ""H"", ""H"", ""H"", ""C"", ""C"", ""C"", ""C"", ""C"", ""C"", ""C"", ""C"", ""S"", ""O"", ""O"", ""N"", ""C"", ""C"", ""Br"", ""H"", ""H"", ""H"", ""H"", ""H"", ""H"", ""H"", ""H"", ""H"", ""H"", ""H"", ""H"", ""H"", ""H""]",C40H56Br4N4O8S4,"[true, true, true]","[12.642680285661438, 0.0, 0.0, 0.0, 13.346015556573882, 0.0, 0.0, 0.0, 13.457579666853704]",2270.689447195424,[],"{""cutoff=6.000_skin=0.000"": 5352, ""cutoff=6.000_skin=0.500"": 6384}",0.0,,
OPT-RFT-BOQWIN116-R128-v1,3dc2a5eebc94bbf3cbdfce4d57edb0ce9960abd22461543b7085ac647dd741d7,OPT-RFT-BOQWIN116-R128-v1:0059,BOQWIN_C3_19_714_z1_29,93f840444a34add88b65e06ffd45aecc33cb85fffd63d8bdb5ed240c0711aa43,59,cross_family_test_set,BOQWIN/structures/BOQWIN_C3_19_714_z1_29.cif,029eccffd7a446b7d228c700d5cf923abdcc615448018746c90dffd954b21c0d,93f840444a34add88b65e06ffd45aecc33cb85fffd63d8bdb5ed240c0711aa43,0,116,"[""C"", ""C"", ""C"", ""C"", ""C"", ""C"", ""C"", ""C"", ""S"", ""O"", ""O"", ""N"", ""C"", ""C"", ""Br"", ""H"", ""H"", ""H"", ""H"", ""H"", ""H"", ""H"", ""H"", ""H"", ""H"", ""H"", ""H"", ""H"", ""H"", ""C"", ""C"", ""C"", ""C"", ""C"", ""C"", ""C"", ""C"", ""S"", ""O"", ""O"", ""N"", ""C"", ""C"", ""Br"", ""H"", ""H"", ""H"", ""H"", ""H"", ""H"", ""H"", ""H"", ""H"", ""H"", ""H"", ""H"", ""H"", ""H"", ""C"", ""C"", ""C"", ""C"", ""C"", ""C"", ""C"", ""C"", ""S"", ""O"", ""O"", ""N"", ""C"", ""C"", ""Br"", ""H"", ""H"", ""H"", ""H"", ""H"", ""H"", ""H"", ""H"", ""H"", ""H"", ""H"", ""H"", ""H"", ""H"", ""C"", ""C"", ""C"", ""C"", ""C"", ""C"", ""C"", ""C"", ""S"", ""O"", ""O"", ""N"", ""C"", ""C"", ""Br"", ""H"", ""H"", ""H"", ""H"", ""H"", ""H"", ""H"", ""H"", ""H"", ""H"", ""H"", ""H"", ""H"", ""H""]",C40H56Br4N4O8S4,"[true, true, true]","[11.126622280677202, 0.0, 0.0, 0.0, 11.69676682176825, 0.0, 0.0, 0.0, 15.799727011191422]",2056.2634717626497,[],"{""cutoff=6.000_skin=0.000"": 5368, ""cutoff=6.000_skin=0.500"": 6632}",0.0,,
OPT-RFT-BOQWIN116-R128-v1,3dc2a5eebc94bbf3cbdfce4d57edb0ce9960abd22461543b7085ac647dd741d7,OPT-RFT-BOQWIN116-R128-v1:0060,BOQWIN_C2_19_2123_z1_29,8e628b58999dba6080728689fc8bc013b45b9dbdde9c9bc7eaa8fc9e004374f4,60,cross_family_test_set,BOQWIN/structures/BOQWIN_C2_19_2123_z1_29.cif,130104292ecee6d9fec5a3dc25b509dd1d6bbbcbadef051a4b71638c4b61648a,8e628b58999dba6080728689fc8bc013b45b9dbdde9c9bc7eaa8fc9e004374f4,0,116,"[""C"", ""C"", ""C"", ""C"", ""C"", ""C"", ""C"", ""C"", ""S"", ""O"", ""O"", ""N"", ""C"", ""C"", ""Br"", ""H"", ""H"", ""H"", ""H"", ""H"", ""H"", ""H"", ""H"", ""H"", ""H"", ""H"", ""H"", ""H"", ""H"", ""C"", ""C"", ""C"", ""C"", ""C"", ""C"", ""C"", ""C"", ""S"", ""O"", ""O"", ""N"", ""C"", ""C"", ""Br"", ""H"", ""H"", ""H"", ""H"", ""H"", ""H"", ""H"", ""H"", ""H"", ""H"", ""H"", ""H"", ""H"", ""H"", ""C"", ""C"", ""C"", ""C"", ""C"", ""C"", ""C"", ""C"", ""S"", ""O"", ""O"", ""N"", ""C"", ""C"", ""Br"", ""H"", ""H"", ""H"", ""H"", ""H"", ""H"", ""H"", ""H"", ""H"", ""H"", ""H"", ""H"", ""H"", ""H"", ""C"", ""C"", ""C"", ""C"", ""C"", ""C"", ""C"", ""C"", ""S"", ""O"", ""O"", ""N"", ""C"", ""C"", ""Br"", ""H"", ""H"", ""H"", ""H"", ""H"", ""H"", ""H"", ""H"", ""H"", ""H"", ""H"", ""H"", ""H"", ""H""]",C40H56Br4N4O8S4,"[true, true, true]","[14.725312205016074, 0.0, 0.0, 0.0, 14.995031061496991, 0.0, 0.0, 0.0, 10.69017296872488]",2360.4598262597983,[],"{""cutoff=6.000_skin=0.000"": 5384, ""cutoff=6.000_skin=0.500"": 6384}",0.0,,
OPT-RFT-BOQWIN116-R128-v1,3dc2a5eebc94bbf3cbdfce4d57edb0ce9960abd22461543b7085ac647dd741d7,OPT-RFT-BOQWIN116-R128-v1:0061,BOQWIN_C4_19_1200_z1_29,75ca5e70add6d99850898c67a56c9d814f75514b58111355a2fcbdd789552a64,61,cross_family_test_set,BOQWIN/structures/BOQWIN_C4_19_1200_z1_29.cif,e9aadc9eac3e108fad20baefa46c83da60db79057154d80fb1a47513aca52816,75ca5e70add6d99850898c67a56c9d814f75514b58111355a2fcbdd789552a64,0,116,"[""C"", ""C"", ""C"", ""C"", ""C"", ""C"", ""C"", ""C"", ""S"", ""O"", ""O"", ""N"", ""C"", ""C"", ""Br"", ""H"", ""H"", ""H"", ""H"", ""H"", ""H"", ""H"", ""H"", ""H"", ""H"", ""H"", ""H"", ""H"", ""H"", ""C"", ""C"", ""C"", ""C"", ""C"", ""C"", ""C"", ""C"", ""S"", ""O"", ""O"", ""N"", ""C"", ""C"", ""Br"", ""H"", ""H"", ""H"", ""H"", ""H"", ""H"", ""H"", ""H"", ""H"", ""H"", ""H"", ""H"", ""H"", ""H"", ""C"", ""C"", ""C"", ""C"", ""C"", ""C"", ""C"", ""C"", ""S"", ""O"", ""O"", ""N"", ""C"", ""C"", ""Br"", ""H"", ""H"", ""H"", ""H"", ""H"", ""H"", ""H"", ""H"", ""H"", ""H"", ""H"", ""H"", ""H"", ""H"", ""C"", ""C"", ""C"", ""C"", ""C"", ""C"", ""C"", ""C"", ""S"", ""O"", ""O"", ""N"", ""C"", ""C"", ""Br"", ""H"", ""H"", ""H"", ""H"", ""H"", ""H"", ""H"", ""H"", ""H"", ""H"", ""H"", ""H"", ""H"", ""H""]",C40H56Br4N4O8S4,"[true, true, true]","[12.938013647196602, 0.0, 0.0, 0.0, 13.428238619304217, 0.0, 0.0, 0.0, 12.274946663835635]",2132.5845998195414,[],"{""cutoff=6.000_skin=0.000"": 5400, ""cutoff=6.000_skin=0.500"": 6608}",0.0,,
OPT-RFT-BOQWIN116-R128-v1,3dc2a5eebc94bbf3cbdfce4d57edb0ce9960abd22461543b7085ac647dd741d7,OPT-RFT-BOQWIN116-R128-v1:0062,BOQWIN_C2_19_2467_z1_29,724a99c0c60ebda730ca057b1dfe9dd855b448a0dae5cffd31129b1970f4e32e,62,cross_family_test_set,BOQWIN/structures/BOQWIN_C2_19_2467_z1_29.cif,568274153a9c558280db4bc05ddac57bad930c3c2b8df5ac70b4da18d1dbceb9,724a99c0c60ebda730ca057b1dfe9dd855b448a0dae5cffd31129b1970f4e32e,0,116,"[""C"", ""C"", ""C"", ""C"", ""C"", ""C"", ""C"", ""C"", ""S"", ""O"", ""O"", ""N"", ""C"", ""C"", ""Br"", ""H"", ""H"", ""H"", ""H"", ""H"", ""H"", ""H"", ""H"", ""H"", ""H"", ""H"", ""H"", ""H"", ""H"", ""C"", ""C"", ""C"", ""C"", ""C"", ""C"", ""C"", ""C"", ""S"", ""O"", ""O"", ""N"", ""C"", ""C"", ""Br"", ""H"", ""H"", ""H"", ""H"", ""H"", ""H"", ""H"", ""H"", ""H"", ""H"", ""H"", ""H"", ""H"", ""H"", ""C"", ""C"", ""C"", ""C"", ""C"", ""C"", ""C"", ""C"", ""S"", ""O"", ""O"", ""N"", ""C"", ""C"", ""Br"", ""H"", ""H"", ""H"", ""H"", ""H"", ""H"", ""H"", ""H"", ""H"", ""H"", ""H"", ""H"", ""H"", ""H"", ""C"", ""C"", ""C"", ""C"", ""C"", ""C"", ""C"", ""C"", ""S"", ""O"", ""O"", ""N"", ""C"", ""C"", ""Br"", ""H"", ""H"", ""H"", ""H"", ""H"", ""H"", ""H"", ""H"", ""H"", ""H"", ""H"", ""H"", ""H"", ""H""]",C40H56Br4N4O8S4,"[true, true, true]","[10.951590876291625, 0.0, 0.0, 0.0, 16.046683250250283, 0.0, 0.0, 0.0, 11.78064173659238]",2070.291219042343,[],"{""cutoff=6.000_skin=0.000"": 5424, ""cutoff=6.000_skin=0.500"": 6384}",0.0,,
OPT-RFT-BOQWIN116-R128-v1,3dc2a5eebc94bbf3cbdfce4d57edb0ce9960abd22461543b7085ac647dd741d7,OPT-RFT-BOQWIN116-R128-v1:0063,BOQWIN_C1_19_1922_z1_29,e7a83101959d4cf426841fe3a3c82f608ac60e37ea9d1bdac1dace95056b9439,63,cross_family_test_set,BOQWIN/structures/BOQWIN_C1_19_1922_z1_29.cif,ad4382939b7e6334556794635e9538ae76d4e225afcef373c0e75ca3768b8f38,e7a83101959d4cf426841fe3a3c82f608ac60e37ea9d1bdac1dace95056b9439,0,116,"[""C"", ""C"", ""C"", ""C"", ""C"", ""C"", ""C"", ""C"", ""S"", ""O"", ""O"", ""N"", ""C"", ""C"", ""Br"", ""H"", ""H"", ""H"", ""H"", ""H"", ""H"", ""H"", ""H"", ""H"", ""H"", ""H"", ""H"", ""H"", ""H"", ""C"", ""C"", ""C"", ""C"", ""C"", ""C"", ""C"", ""C"", ""S"", ""O"", ""O"", ""N"", ""C"", ""C"", ""Br"", ""H"", ""H"", ""H"", ""H"", ""H"", ""H"", ""H"", ""H"", ""H"", ""H"", ""H"", ""H"", ""H"", ""H"", ""C"", ""C"", ""C"", ""C"", ""C"", ""C"", ""C"", ""C"", ""S"", ""O"", ""O"", ""N"", ""C"", ""C"", ""Br"", ""H"", ""H"", ""H"", ""H"", ""H"", ""H"", ""H"", ""H"", ""H"", ""H"", ""H"", ""H"", ""H"", ""H"", ""C"", ""C"", ""C"", ""C"", ""C"", ""C"", ""C"", ""C"", ""S"", ""O"", ""O"", ""N"", ""C"", ""C"", ""Br"", ""H"", ""H"", ""H"", ""H"", ""H"", ""H"", ""H"", ""H"", ""H"", ""H"", ""H"", ""H"", ""H"", ""H""]",C40H56Br4N4O8S4,"[true, true, true]","[12.901105616411236, 0.0, 0.0, 0.0, 13.14120887160443, 0.0, 0.0, 0.0, 13.120811431846114]",2224.4515083778847,[],"{""cutoff=6.000_skin=0.000"": 5448, ""cutoff=6.000_skin=0.500"": 6696}",0.0,,
OPT-RFT-BOQWIN116-R128-v1,3dc2a5eebc94bbf3cbdfce4d57edb0ce9960abd22461543b7085ac647dd741d7,OPT-RFT-BOQWIN116-R128-v1:0064,BOQWIN_C1_19_2485_z1_29,a6ee730fa09167f61e7009fdbe45d3ab3c946cc06505da2586bacdc1e314ce86,64,cross_family_test_set,BOQWIN/structures/BOQWIN_C1_19_2485_z1_29.cif,4f19ee05ac298d3229417972d9ec5d118f3806150504f6f55aa37e8114b41a67,a6ee730fa09167f61e7009fdbe45d3ab3c946cc06505da2586bacdc1e314ce86,0,116,"[""C"", ""C"", ""C"", ""C"", ""C"", ""C"", ""C"", ""C"", ""S"", ""O"", ""O"", ""N"", ""C"", ""C"", ""Br"", ""H"", ""H"", ""H"", ""H"", ""H"", ""H"", ""H"", ""H"", ""H"", ""H"", ""H"", ""H"", ""H"", ""H"", ""C"", ""C"", ""C"", ""C"", ""C"", ""C"", ""C"", ""C"", ""S"", ""O"", ""O"", ""N"", ""C"", ""C"", ""Br"", ""H"", ""H"", ""H"", ""H"", ""H"", ""H"", ""H"", ""H"", ""H"", ""H"", ""H"", ""H"", ""H"", ""H"", ""C"", ""C"", ""C"", ""C"", ""C"", ""C"", ""C"", ""C"", ""S"", ""O"", ""O"", ""N"", ""C"", ""C"", ""Br"", ""H"", ""H"", ""H"", ""H"", ""H"", ""H"", ""H"", ""H"", ""H"", ""H"", ""H"", ""H"", ""H"", ""H"", ""C"", ""C"", ""C"", ""C"", ""C"", ""C"", ""C"", ""C"", ""S"", ""O"", ""O"", ""N"", ""C"", ""C"", ""Br"", ""H"", ""H"", ""H"", ""H"", ""H"", ""H"", ""H"", ""H"", ""H"", ""H"", ""H"", ""H"", ""H"", ""H""]",C40H56Br4N4O8S4,"[true, true, true]","[12.151586923120082, 0.0, 0.0, 0.0, 11.567941930579039, 0.0, 0.0, 0.0, 14.721435307992422]",2069.375259432666,[],"{""cutoff=6.000_skin=0.000"": 5472, ""cutoff=6.000_skin=0.500"": 6712}",0.0,,
OPT-RFT-BOQWIN116-R128-v1,3dc2a5eebc94bbf3cbdfce4d57edb0ce9960abd22461543b7085ac647dd741d7,OPT-RFT-BOQWIN116-R128-v1:0065,BOQWIN_C4_19_2213_z1_29,e3feb79c15e6f2c4e5df250e1d8ed968cb2e908a50a9b4a1556c3e042f941d4b,65,cross_family_test_set,BOQWIN/structures/BOQWIN_C4_19_2213_z1_29.cif,46639aed48f0ee6b33b8d4f9f5f925dae9d489b0a24b00718c18d0c3a57acee0,e3feb79c15e6f2c4e5df250e1d8ed968cb2e908a50a9b4a1556c3e042f941d4b,0,116,"[""C"", ""C"", ""C"", ""C"", ""C"", ""C"", ""C"", ""C"", ""S"", ""O"", ""O"", ""N"", ""C"", ""C"", ""Br"", ""H"", ""H"", ""H"", ""H"", ""H"", ""H"", ""H"", ""H"", ""H"", ""H"", ""H"", ""H"", ""H"", ""H"", ""C"", ""C"", ""C"", ""C"", ""C"", ""C"", ""C"", ""C"", ""S"", ""O"", ""O"", ""N"", ""C"", ""C"", ""Br"", ""H"", ""H"", ""H"", ""H"", ""H"", ""H"", ""H"", ""H"", ""H"", ""H"", ""H"", ""H"", ""H"", ""H"", ""C"", ""C"", ""C"", ""C"", ""C"", ""C"", ""C"", ""C"", ""S"", ""O"", ""O"", ""N"", ""C"", ""C"", ""Br"", ""H"", ""H"", ""H"", ""H"", ""H"", ""H"", ""H"", ""H"", ""H"", ""H"", ""H"", ""H"", ""H"", ""H"", ""C"", ""C"", ""C"", ""C"", ""C"", ""C"", ""C"", ""C"", ""S"", ""O"", ""O"", ""N"", ""C"", ""C"", ""Br"", ""H"", ""H"", ""H"", ""H"", ""H"", ""H"", ""H"", ""H"", ""H"", ""H"", ""H"", ""H"", ""H"", ""H""]",C40H56Br4N4O8S4,"[true, true, true]","[10.725227820846783, 0.0, 0.0, 0.0, 11.560090129423209, 0.0, 0.0, 0.0, 16.347927676352548]",2026.8912781559793,[],"{""cutoff=6.000_skin=0.000"": 5488, ""cutoff=6.000_skin=0.500"": 6856}",0.0,,
OPT-RFT-BOQWIN116-R128-v1,3dc2a5eebc94bbf3cbdfce4d57edb0ce9960abd22461543b7085ac647dd741d7,OPT-RFT-BOQWIN116-R128-v1:0066,BOQWIN_C4_19_2125_z1_29,a90c96688ff66bb309a8e7af1835d4bdb29ff96ed6ffbd8d30968eea2d0a3920,66,cross_family_test_set,BOQWIN/structures/BOQWIN_C4_19_2125_z1_29.cif,22d5299c2f8c4bfb6de9aec01a280beefecf9c4954102c9f284c1cdf15dd9228,a90c96688ff66bb309a8e7af1835d4bdb29ff96ed6ffbd8d30968eea2d0a3920,0,116,"[""C"", ""C"", ""C"", ""C"", ""C"", ""C"", ""C"", ""C"", ""S"", ""O"", ""O"", ""N"", ""C"", ""C"", ""Br"", ""H"", ""H"", ""H"", ""H"", ""H"", ""H"", ""H"", ""H"", ""H"", ""H"", ""H"", ""H"", ""H"", ""H"", ""C"", ""C"", ""C"", ""C"", ""C"", ""C"", ""C"", ""C"", ""S"", ""O"", ""O"", ""N"", ""C"", ""C"", ""Br"", ""H"", ""H"", ""H"", ""H"", ""H"", ""H"", ""H"", ""H"", ""H"", ""H"", ""H"", ""H"", ""H"", ""H"", ""C"", ""C"", ""C"", ""C"", ""C"", ""C"", ""C"", ""C"", ""S"", ""O"", ""O"", ""N"", ""C"", ""C"", ""Br"", ""H"", ""H"", ""H"", ""H"", ""H"", ""H"", ""H"", ""H"", ""H"", ""H"", ""H"", ""H"", ""H"", ""H"", ""C"", ""C"", ""C"", ""C"", ""C"", ""C"", ""C"", ""C"", ""S"", ""O"", ""O"", ""N"", ""C"", ""C"", ""Br"", ""H"", ""H"", ""H"", ""H"", ""H"", ""H"", ""H"", ""H"", ""H"", ""H"", ""H"", ""H"", ""H"", ""H""]",C40H56Br4N4O8S4,"[true, true, true]","[13.85920051135907, 0.0, 0.0, 0.0, 9.136697245103115, 0.0, 0.0, 0.0, 15.532384321047296]",1966.8241862938353,[],"{""cutoff=6.000_skin=0.000"": 5512, ""cutoff=6.000_skin=0.500"": 6848}",0.0,,
OPT-RFT-BOQWIN116-R128-v1,3dc2a5eebc94bbf3cbdfce4d57edb0ce9960abd22461543b7085ac647dd741d7,OPT-RFT-BOQWIN116-R128-v1:0067,BOQWIN_C2_19_1956_z1_29,2356efe8e8d99a20ca24d66b26bcd9dd1f73295665750c7600c77ce46b316591,67,cross_family_test_set,BOQWIN/structures/BOQWIN_C2_19_1956_z1_29.cif,aeaee894468bb3756c470742da32a5de8fbb9e43bb05c85457ef1f2ac7fbeca4,2356efe8e8d99a20ca24d66b26bcd9dd1f73295665750c7600c77ce46b316591,0,116,"[""C"", ""C"", ""C"", ""C"", ""C"", ""C"", ""C"", ""C"", ""S"", ""O"", ""O"", ""N"", ""C"", ""C"", ""Br"", ""H"", ""H"", ""H"", ""H"", ""H"", ""H"", ""H"", ""H"", ""H"", ""H"", ""H"", ""H"", ""H"", ""H"", ""C"", ""C"", ""C"", ""C"", ""C"", ""C"", ""C"", ""C"", ""S"", ""O"", ""O"", ""N"", ""C"", ""C"", ""Br"", ""H"", ""H"", ""H"", ""H"", ""H"", ""H"", ""H"", ""H"", ""H"", ""H"", ""H"", ""H"", ""H"", ""H"", ""C"", ""C"", ""C"", ""C"", ""C"", ""C"", ""C"", ""C"", ""S"", ""O"", ""O"", ""N"", ""C"", ""C"", ""Br"", ""H"", ""H"", ""H"", ""H"", ""H"", ""H"", ""H"", ""H"", ""H"", ""H"", ""H"", ""H"", ""H"", ""H"", ""C"", ""C"", ""C"", ""C"", ""C"", ""C"", ""C"", ""C"", ""S"", ""O"", ""O"", ""N"", ""C"", ""C"", ""Br"", ""H"", ""H"", ""H"", ""H"", ""H"", ""H"", ""H"", ""H"", ""H"", ""H"", ""H"", ""H"", ""H"", ""H""]",C40H56Br4N4O8S4,"[true, true, true]","[12.167707034739102, 0.0, 0.0, 0.0, 13.6426684132759, 0.0, 0.0, 0.0, 12.58255412821332]",2088.7038899684253,[],"{""cutoff=6.000_skin=0.000"": 5536, ""cutoff=6.000_skin=0.500"": 6784}",0.0,,
OPT-RFT-BOQWIN116-R128-v1,3dc2a5eebc94bbf3cbdfce4d57edb0ce9960abd22461543b7085ac647dd741d7,OPT-RFT-BOQWIN116-R128-v1:0068,BOQWIN_C1_19_2579_z1_29,d3a7860947c10e04024eaced5413fe8592db80c673a5decd3211fa154fc98383,68,cross_family_test_set,BOQWIN/structures/BOQWIN_C1_19_2579_z1_29.cif,7a11965b46d8c86ce485a9227c42ea47efefeb7ef96f777e76e053d8fe752754,d3a7860947c10e04024eaced5413fe8592db80c673a5decd3211fa154fc98383,0,116,"[""C"", ""C"", ""C"", ""C"", ""C"", ""C"", ""C"", ""C"", ""S"", ""O"", ""O"", ""N"", ""C"", ""C"", ""Br"", ""H"", ""H"", ""H"", ""H"", ""H"", ""H"", ""H"", ""H"", ""H"", ""H"", ""H"", ""H"", ""H"", ""H"", ""C"", ""C"", ""C"", ""C"", ""C"", ""C"", ""C"", ""C"", ""S"", ""O"", ""O"", ""N"", ""C"", ""C"", ""Br"", ""H"", ""H"", ""H"", ""H"", ""H"", ""H"", ""H"", ""H"", ""H"", ""H"", ""H"", ""H"", ""H"", ""H"", ""C"", ""C"", ""C"", ""C"", ""C"", ""C"", ""C"", ""C"", ""S"", ""O"", ""O"", ""N"", ""C"", ""C"", ""Br"", ""H"", ""H"", ""H"", ""H"", ""H"", ""H"", ""H"", ""H"", ""H"", ""H"", ""H"", ""H"", ""H"", ""H"", ""C"", ""C"", ""C"", ""C"", ""C"", ""C"", ""C"", ""C"", ""S"", ""O"", ""O"", ""N"", ""C"", ""C"", ""Br"", ""H"", ""H"", ""H"", ""H"", ""H"", ""H"", ""H"", ""H"", ""H"", ""H"", ""H"", ""H"", ""H"", ""H""]",C40H56Br4N4O8S4,"[true, true, true]","[11.571812921208338, 0.0, 0.0, 0.0, 11.828991715125625, 0.0, 0.0, 0.0, 14.486436906792134]",1982.9451927735813,[],"{""cutoff=6.000_skin=0.000"": 5552, ""cutoff=6.000_skin=0.500"": 6936}",0.0,,
OPT-RFT-BOQWIN116-R128-v1,3dc2a5eebc94bbf3cbdfce4d57edb0ce9960abd22461543b7085ac647dd741d7,OPT-RFT-BOQWIN116-R128-v1:0069,BOQWIN_C2_19_968_z1_29,da52f8188f9f16957695b8bf79fd39e77ad17d9377f315a20c18c66954a2b2ad,69,cross_family_test_set,BOQWIN/structures/BOQWIN_C2_19_968_z1_29.cif,9c094137aee5def0428ea286b76b3a43efa4dd3ec6c25d77c6def88020fbdb24,da52f8188f9f16957695b8bf79fd39e77ad17d9377f315a20c18c66954a2b2ad,0,116,"[""C"", ""C"", ""C"", ""C"", ""C"", ""C"", ""C"", ""C"", ""S"", ""O"", ""O"", ""N"", ""C"", ""C"", ""Br"", ""H"", ""H"", ""H"", ""H"", ""H"", ""H"", ""H"", ""H"", ""H"", ""H"", ""H"", ""H"", ""H"", ""H"", ""C"", ""C"", ""C"", ""C"", ""C"", ""C"", ""C"", ""C"", ""S"", ""O"", ""O"", ""N"", ""C"", ""C"", ""Br"", ""H"", ""H"", ""H"", ""H"", ""H"", ""H"", ""H"", ""H"", ""H"", ""H"", ""H"", ""H"", ""H"", ""H"", ""C"", ""C"", ""C"", ""C"", ""C"", ""C"", ""C"", ""C"", ""S"", ""O"", ""O"", ""N"", ""C"", ""C"", ""Br"", ""H"", ""H"", ""H"", ""H"", ""H"", ""H"", ""H"", ""H"", ""H"", ""H"", ""H"", ""H"", ""H"", ""H"", ""C"", ""C"", ""C"", ""C"", ""C"", ""C"", ""C"", ""C"", ""S"", ""O"", ""O"", ""N"", ""C"", ""C"", ""Br"", ""H"", ""H"", ""H"", ""H"", ""H"", ""H"", ""H"", ""H"", ""H"", ""H"", ""H"", ""H"", ""H"", ""H""]",C40H56Br4N4O8S4,"[true, true, true]","[13.408839785507727, 0.0, 0.0, 0.0, 13.625222809142976, 0.0, 0.0, 0.0, 12.031999392736973]",2198.2273950797917,[],"{""cutoff=6.000_skin=0.000"": 5568, ""cutoff=6.000_skin=0.500"": 6696}",0.0,,
OPT-RFT-BOQWIN116-R128-v1,3dc2a5eebc94bbf3cbdfce4d57edb0ce9960abd22461543b7085ac647dd741d7,OPT-RFT-BOQWIN116-R128-v1:0070,BOQWIN_C2_19_640_z1_29,42426aaf99d65e5cb8f9145370ed7864d3f808f6353d92fb5134a49e71c2ae91,70,cross_family_test_set,BOQWIN/structures/BOQWIN_C2_19_640_z1_29.cif,b69b27256ad1aa6a2e796278dcff23e3627dae3381d6787b69296e9eeceefa0b,42426aaf99d65e5cb8f9145370ed7864d3f808f6353d92fb5134a49e71c2ae91,0,116,"[""C"", ""C"", ""C"", ""C"", ""C"", ""C"", ""C"", ""C"", ""S"", ""O"", ""O"", ""N"", ""C"", ""C"", ""Br"", ""H"", ""H"", ""H"", ""H"", ""H"", ""H"", ""H"", ""H"", ""H"", ""H"", ""H"", ""H"", ""H"", ""H"", ""C"", ""C"", ""C"", ""C"", ""C"", ""C"", ""C"", ""C"", ""S"", ""O"", ""O"", ""N"", ""C"", ""C"", ""Br"", ""H"", ""H"", ""H"", ""H"", ""H"", ""H"", ""H"", ""H"", ""H"", ""H"", ""H"", ""H"", ""H"", ""H"", ""C"", ""C"", ""C"", ""C"", ""C"", ""C"", ""C"", ""C"", ""S"", ""O"", ""O"", ""N"", ""C"", ""C"", ""Br"", ""H"", ""H"", ""H"", ""H"", ""H"", ""H"", ""H"", ""H"", ""H"", ""H"", ""H"", ""H"", ""H"", ""H"", ""C"", ""C"", ""C"", ""C"", ""C"", ""C"", ""C"", ""C"", ""S"", ""O"", ""O"", ""N"", ""C"", ""C"", ""Br"", ""H"", ""H"", ""H"", ""H"", ""H"", ""H"", ""H"", ""H"", ""H"", ""H"", ""H"", ""H"", ""H"", ""H""]",C40H56Br4N4O8S4,"[true, true, true]","[13.504100410839376, 0.0, 0.0, 0.0, 13.12752273261411, 0.0, 0.0, 0.0, 12.589572553119535]",2231.8213229360235,[],"{""cutoff=6.000_skin=0.000"": 5584, ""cutoff=6.000_skin=0.500"": 6760}",0.0,,
OPT-RFT-BOQWIN116-R128-v1,3dc2a5eebc94bbf3cbdfce4d57edb0ce9960abd22461543b7085ac647dd741d7,OPT-RFT-BOQWIN116-R128-v1:0071,BOQWIN_C3_19_446_z1_29,e60da8cb9e31e0d7aa804127ea28dadeae1dc04854078312d7d5d9405794d1a0,71,cross_family_test_set,BOQWIN/structures/BOQWIN_C3_19_446_z1_29.cif,dfff5c4ca0f742686cab798234d85c8976bbb125a7b98e4a4874dfa90c3e9043,e60da8cb9e31e0d7aa804127ea28dadeae1dc04854078312d7d5d9405794d1a0,0,116,"[""C"", ""C"", ""C"", ""C"", ""C"", ""C"", ""C"", ""C"", ""S"", ""O"", ""O"", ""N"", ""C"", ""C"", ""Br"", ""H"", ""H"", ""H"", ""H"", ""H"", ""H"", ""H"", ""H"", ""H"", ""H"", ""H"", ""H"", ""H"", ""H"", ""C"", ""C"", ""C"", ""C"", ""C"", ""C"", ""C"", ""C"", ""S"", ""O"", ""O"", ""N"", ""C"", ""C"", ""Br"", ""H"", ""H"", ""H"", ""H"", ""H"", ""H"", ""H"", ""H"", ""H"", ""H"", ""H"", ""H"", ""H"", ""H"", ""C"", ""C"", ""C"", ""C"", ""C"", ""C"", ""C"", ""C"", ""S"", ""O"", ""O"", ""N"", ""C"", ""C"", ""Br"", ""H"", ""H"", ""H"", ""H"", ""H"", ""H"", ""H"", ""H"", ""H"", ""H"", ""H"", ""H"", ""H"", ""H"", ""C"", ""C"", ""C"", ""C"", ""C"", ""C"", ""C"", ""C"", ""S"", ""O"", ""O"", ""N"", ""C"", ""C"", ""Br"", ""H"", ""H"", ""H"", ""H"", ""H"", ""H"", ""H"", ""H"", ""H"", ""H"", ""H"", ""H"", ""H"", ""H""]",C40H56Br4N4O8S4,"[true, true, true]","[12.550770447214099, 0.0, 0.0, 0.0, 14.20347328761391, 0.0, 0.0, 0.0, 11.697993116257482]",2085.337277403246,[],"{""cutoff=6.000_skin=0.000"": 5600, ""cutoff=6.000_skin=0.500"": 6880}",0.0,,
OPT-RFT-BOQWIN116-R128-v1,3dc2a5eebc94bbf3cbdfce4d57edb0ce9960abd22461543b7085ac647dd741d7,OPT-RFT-BOQWIN116-R128-v1:0072,BOQWIN_C2_19_2245_z1_29,264e28c6b830051962e3c5a356bacf478de24e9e0e49267250b8934d005124a6,72,cross_family_test_set,BOQWIN/structures/BOQWIN_C2_19_2245_z1_29.cif,71263a9c260000f8bf695c77c97df88fc27bbf5141c0b8b947f429128fb7ffd6,264e28c6b830051962e3c5a356bacf478de24e9e0e49267250b8934d005124a6,0,116,"[""C"", ""C"", ""C"", ""C"", ""C"", ""C"", ""C"", ""C"", ""S"", ""O"", ""O"", ""N"", ""C"", ""C"", ""Br"", ""H"", ""H"", ""H"", ""H"", ""H"", ""H"", ""H"", ""H"", ""H"", ""H"", ""H"", ""H"", ""H"", ""H"", ""C"", ""C"", ""C"", ""C"", ""C"", ""C"", ""C"", ""C"", ""S"", ""O"", ""O"", ""N"", ""C"", ""C"", ""Br"", ""H"", ""H"", ""H"", ""H"", ""H"", ""H"", ""H"", ""H"", ""H"", ""H"", ""H"", ""H"", ""H"", ""H"", ""C"", ""C"", ""C"", ""C"", ""C"", ""C"", ""C"", ""C"", ""S"", ""O"", ""O"", ""N"", ""C"", ""C"", ""Br"", ""H"", ""H"", ""H"", ""H"", ""H"", ""H"", ""H"", ""H"", ""H"", ""H"", ""H"", ""H"", ""H"", ""H"", ""C"", ""C"", ""C"", ""C"", ""C"", ""C"", ""C"", ""C"", ""S"", ""O"", ""O"", ""N"", ""C"", ""C"", ""Br"", ""H"", ""H"", ""H"", ""H"", ""H"", ""H"", ""H"", ""H"", ""H"", ""H"", ""H"", ""H"", ""H"", ""H""]",C40H56Br4N4O8S4,"[true, true, true]","[16.422564709197687, 0.0, 0.0, 0.0, 13.487901467340238, 0.0, 0.0, 0.0, 8.7239370242982]",1932.4038242961362,[],"{""cutoff=6.000_skin=0.000"": 5616, ""cutoff=6.000_skin=0.500"": 7112}",0.0,,
OPT-RFT-BOQWIN116-R128-v1,3dc2a5eebc94bbf3cbdfce4d57edb0ce9960abd22461543b7085ac647dd741d7,OPT-RFT-BOQWIN116-R128-v1:0073,BOQWIN_C1_19_590_z1_29,761cebf51e769b7242eb69b47dbd52b4b2f42cf7fb70da82be89acac40e01da9,73,cross_family_test_set,BOQWIN/structures/BOQWIN_C1_19_590_z1_29.cif,ade0d4c437f84017ab2faf9705b6a792caed1d38c2d250484e218651466485e1,761cebf51e769b7242eb69b47dbd52b4b2f42cf7fb70da82be89acac40e01da9,0,116,"[""C"", ""C"", ""C"", ""C"", ""C"", ""C"", ""C"", ""C"", ""S"", ""O"", ""O"", ""N"", ""C"", ""C"", ""Br"", ""H"", ""H"", ""H"", ""H"", ""H"", ""H"", ""H"", ""H"", ""H"", ""H"", ""H"", ""H"", ""H"", ""H"", ""C"", ""C"", ""C"", ""C"", ""C"", ""C"", ""C"", ""C"", ""S"", ""O"", ""O"", ""N"", ""C"", ""C"", ""Br"", ""H"", ""H"", ""H"", ""H"", ""H"", ""H"", ""H"", ""H"", ""H"", ""H"", ""H"", ""H"", ""H"", ""H"", ""C"", ""C"", ""C"", ""C"", ""C"", ""C"", ""C"", ""C"", ""S"", ""O"", ""O"", ""N"", ""C"", ""C"", ""Br"", ""H"", ""H"", ""H"", ""H"", ""H"", ""H"", ""H"", ""H"", ""H"", ""H"", ""H"", ""H"", ""H"", ""H"", ""C"", ""C"", ""C"", ""C"", ""C"", ""C"", ""C"", ""C"", ""S"", ""O"", ""O"", ""N"", ""C"", ""C"", ""Br"", ""H"", ""H"", ""H"", ""H"", ""H"", ""H"", ""H"", ""H"", ""H"", ""H"", ""H"", ""H"", ""H"", ""H""]",C40H56Br4N4O8S4,"[true, true, true]","[13.297399540449668, 0.0, 0.0, 0.0, 12.796480627333523, 0.0, 0.0, 0.0, 12.06721605854996]",2053.356466210052,[],"{""cutoff=6.000_skin=0.000"": 5640, ""cutoff=6.000_skin=0.500"": 6808}",0.0,,
OPT-RFT-BOQWIN116-R128-v1,3dc2a5eebc94bbf3cbdfce4d57edb0ce9960abd22461543b7085ac647dd741d7,OPT-RFT-BOQWIN116-R128-v1:0074,BOQWIN_C1_19_1682_z1_29,7b3b94b7ba5b6dd259cf6a2b0cf142e6ce4c4366e3934aefcd13462efda804d1,74,cross_family_test_set,BOQWIN/structures/BOQWIN_C1_19_1682_z1_29.cif,2921ecceb5ac8e0a7648b90cc1d2c7a8744f6cb400a4f7f6bf2692b4640739a8,7b3b94b7ba5b6dd259cf6a2b0cf142e6ce4c4366e3934aefcd13462efda804d1,0,116,"[""C"", ""C"", ""C"", ""C"", ""C"", ""C"", ""C"", ""C"", ""S"", ""O"", ""O"", ""N"", ""C"", ""C"", ""Br"", ""H"", ""H"", ""H"", ""H"", ""H"", ""H"", ""H"", ""H"", ""H"", ""H"", ""H"", ""H"", ""H"", ""H"", ""C"", ""C"", ""C"", ""C"", ""C"", ""C"", ""C"", ""C"", ""S"", ""O"", ""O"", ""N"", ""C"", ""C"", ""Br"", ""H"", ""H"", ""H"", ""H"", ""H"", ""H"", ""H"", ""H"", ""H"", ""H"", ""H"", ""H"", ""H"", ""H"", ""C"", ""C"", ""C"", ""C"", ""C"", ""C"", ""C"", ""C"", ""S"", ""O"", ""O"", ""N"", ""C"", ""C"", ""Br"", ""H"", ""H"", ""H"", ""H"", ""H"", ""H"", ""H"", ""H"", ""H"", ""H"", ""H"", ""H"", ""H"", ""H"", ""C"", ""C"", ""C"", ""C"", ""C"", ""C"", ""C"", ""C"", ""S"", ""O"", ""O"", ""N"", ""C"", ""C"", ""Br"", ""H"", ""H"", ""H"", ""H"", ""H"", ""H"", ""H"", ""H"", ""H"", ""H"", ""H"", ""H"", ""H"", ""H""]",C40H56Br4N4O8S4,"[true, true, true]","[14.020763942317288, 0.0, 0.0, 0.0, 13.615809672641063, 0.0, 0.0, 0.0, 10.482653266370386]",2001.180997926547,[],"{""cutoff=6.000_skin=0.000"": 5664, ""cutoff=6.000_skin=0.500"": 7136}",0.0,,
OPT-RFT-BOQWIN116-R128-v1,3dc2a5eebc94bbf3cbdfce4d57edb0ce9960abd22461543b7085ac647dd741d7,OPT-RFT-BOQWIN116-R128-v1:0075,BOQWIN_C2_19_1073_z1_29,5604006e322cde70e01e2b9f5373614b808f069d335adf57d17962f6f96cb2d0,75,cross_family_test_set,BOQWIN/structures/BOQWIN_C2_19_1073_z1_29.cif,f8da403fceafc89b74ce8ad6fd5fc860628791ac87c9f42c4303345815dd4644,5604006e322cde70e01e2b9f5373614b808f069d335adf57d17962f6f96cb2d0,0,116,"[""C"", ""C"", ""C"", ""C"", ""C"", ""C"", ""C"", ""C"", ""S"", ""O"", ""O"", ""N"", ""C"", ""C"", ""Br"", ""H"", ""H"", ""H"", ""H"", ""H"", ""H"", ""H"", ""H"", ""H"", ""H"", ""H"", ""H"", ""H"", ""H"", ""C"", ""C"", ""C"", ""C"", ""C"", ""C"", ""C"", ""C"", ""S"", ""O"", ""O"", ""N"", ""C"", ""C"", ""Br"", ""H"", ""H"", ""H"", ""H"", ""H"", ""H"", ""H"", ""H"", ""H"", ""H"", ""H"", ""H"", ""H"", ""H"", ""C"", ""C"", ""C"", ""C"", ""C"", ""C"", ""C"", ""C"", ""S"", ""O"", ""O"", ""N"", ""C"", ""C"", ""Br"", ""H"", ""H"", ""H"", ""H"", ""H"", ""H"", ""H"", ""H"", ""H"", ""H"", ""H"", ""H"", ""H"", ""H"", ""C"", ""C"", ""C"", ""C"", ""C"", ""C"", ""C"", ""C"", ""S"", ""O"", ""O"", ""N"", ""C"", ""C"", ""Br"", ""H"", ""H"", ""H"", ""H"", ""H"", ""H"", ""H"", ""H"", ""H"", ""H"", ""H"", ""H"", ""H"", ""H""]",C40H56Br4N4O8S4,"[true, true, true]","[13.720177528820386, 0.0, 0.0, 0.0, 11.974809540743909, 0.0, 0.0, 0.0, 12.231107014833892]",2009.528229888367,[],"{""cutoff=6.000_skin=0.000"": 5680, ""cutoff=6.000_skin=0.500"": 7024}",0.0,,
OPT-RFT-BOQWIN116-R128-v1,3dc2a5eebc94bbf3cbdfce4d57edb0ce9960abd22461543b7085ac647dd741d7,OPT-RFT-BOQWIN116-R128-v1:0076,BOQWIN_C4_19_1726_z1_29,efc2d81dd501792e7db6afe145a6af621b4f60cf93bbde65aa028c2310d61dff,76,cross_family_test_set,BOQWIN/structures/BOQWIN_C4_19_1726_z1_29.cif,0466f4bec70c25abc52b5045ea5f6d16c8034ddcb3b3f4030193e0f351e553b6,efc2d81dd501792e7db6afe145a6af621b4f60cf93bbde65aa028c2310d61dff,0,116,"[""C"", ""C"", ""C"", ""C"", ""C"", ""C"", ""C"", ""C"", ""S"", ""O"", ""O"", ""N"", ""C"", ""C"", ""Br"", ""H"", ""H"", ""H"", ""H"", ""H"", ""H"", ""H"", ""H"", ""H"", ""H"", ""H"", ""H"", ""H"", ""H"", ""C"", ""C"", ""C"", ""C"", ""C"", ""C"", ""C"", ""C"", ""S"", ""O"", ""O"", ""N"", ""C"", ""C"", ""Br"", ""H"", ""H"", ""H"", ""H"", ""H"", ""H"", ""H"", ""H"", ""H"", ""H"", ""H"", ""H"", ""H"", ""H"", ""C"", ""C"", ""C"", ""C"", ""C"", ""C"", ""C"", ""C"", ""S"", ""O"", ""O"", ""N"", ""C"", ""C"", ""Br"", ""H"", ""H"", ""H"", ""H"", ""H"", ""H"", ""H"", ""H"", ""H"", ""H"", ""H"", ""H"", ""H"", ""H"", ""C"", ""C"", ""C"", ""C"", ""C"", ""C"", ""C"", ""C"", ""S"", ""O"", ""O"", ""N"", ""C"", ""C"", ""Br"", ""H"", ""H"", ""H"", ""H"", ""H"", ""H"", ""H"", ""H"", ""H"", ""H"", ""H"", ""H"", ""H"", ""H""]",C40H56Br4N4O8S4,"[true, true, true]","[12.510051317025486, 0.0, 0.0, 0.0, 12.902259226286482, 0.0, 0.0, 0.0, 12.129727285091754]",1957.8341122228828,[],"{""cutoff=6.000_skin=0.000"": 5688, ""cutoff=6.000_skin=0.500"": 7312}",0.0,,
OPT-RFT-BOQWIN116-R128-v1,3dc2a5eebc94bbf3cbdfce4d57edb0ce9960abd22461543b7085ac647dd741d7,OPT-RFT-BOQWIN116-R128-v1:0077,BOQWIN_C3_19_2261_z1_29,128114e11bef13ce0e6a34ed12c8be2ad91f54d1fa681ceb0b48723883d68305,77,cross_family_test_set,BOQWIN/structures/BOQWIN_C3_19_2261_z1_29.cif,d08dab123b72f822e3a429a73a6fe20ebfa6b944e93cd97f2997906d1f17407e,128114e11bef13ce0e6a34ed12c8be2ad91f54d1fa681ceb0b48723883d68305,0,116,"[""C"", ""C"", ""C"", ""C"", ""C"", ""C"", ""C"", ""C"", ""S"", ""O"", ""O"", ""N"", ""C"", ""C"", ""Br"", ""H"", ""H"", ""H"", ""H"", ""H"", ""H"", ""H"", ""H"", ""H"", ""H"", ""H"", ""H"", ""H"", ""H"", ""C"", ""C"", ""C"", ""C"", ""C"", ""C"", ""C"", ""C"", ""S"", ""O"", ""O"", ""N"", ""C"", ""C"", ""Br"", ""H"", ""H"", ""H"", ""H"", ""H"", ""H"", ""H"", ""H"", ""H"", ""H"", ""H"", ""H"", ""H"", ""H"", ""C"", ""C"", ""C"", ""C"", ""C"", ""C"", ""C"", ""C"", ""S"", ""O"", ""O"", ""N"", ""C"", ""C"", ""Br"", ""H"", ""H"", ""H"", ""H"", ""H"", ""H"", ""H"", ""H"", ""H"", ""H"", ""H"", ""H"", ""H"", ""H"", ""C"", ""C"", ""C"", ""C"", ""C"", ""C"", ""C"", ""C"", ""S"", ""O"", ""O"", ""N"", ""C"", ""C"", ""Br"", ""H"", ""H"", ""H"", ""H"", ""H"", ""H"", ""H"", ""H"", ""H"", ""H"", ""H"", ""H"", ""H"", ""H""]",C40H56Br4N4O8S4,"[true, true, true]","[15.730427205508185, 0.0, 0.0, 0.0, 13.359474899565758, 0.0, 0.0, 0.0, 8.812650309102409]",1851.9806428083143,[],"{""cutoff=6.000_skin=0.000"": 5712, ""cutoff=6.000_skin=0.500"": 7320}",0.0,,
OPT-RFT-BOQWIN116-R128-v1,3dc2a5eebc94bbf3cbdfce4d57edb0ce9960abd22461543b7085ac647dd741d7,OPT-RFT-BOQWIN116-R128-v1:0078,BOQWIN_C1_19_2698_z1_29,deea4ee4424e36ba5b9a4c681bbb02845bc47218bcb00d6c69c225552aafd23a,78,cross_family_test_set,BOQWIN/structures/BOQWIN_C1_19_2698_z1_29.cif,b07d5f73b21cc8f4ec32e567373b41872ec285ab522570010d99d3186dedeea4,deea4ee4424e36ba5b9a4c681bbb02845bc47218bcb00d6c69c225552aafd23a,0,116,"[""C"", ""C"", ""C"", ""C"", ""C"", ""C"", ""C"", ""C"", ""S"", ""O"", ""O"", ""N"", ""C"", ""C"", ""Br"", ""H"", ""H"", ""H"", ""H"", ""H"", ""H"", ""H"", ""H"", ""H"", ""H"", ""H"", ""H"", ""H"", ""H"", ""C"", ""C"", ""C"", ""C"", ""C"", ""C"", ""C"", ""C"", ""S"", ""O"", ""O"", ""N"", ""C"", ""C"", ""Br"", ""H"", ""H"", ""H"", ""H"", ""H"", ""H"", ""H"", ""H"", ""H"", ""H"", ""H"", ""H"", ""H"", ""H"", ""C"", ""C"", ""C"", ""C"", ""C"", ""C"", ""C"", ""C"", ""S"", ""O"", ""O"", ""N"", ""C"", ""C"", ""Br"", ""H"", ""H"", ""H"", ""H"", ""H"", ""H"", ""H"", ""H"", ""H"", ""H"", ""H"", ""H"", ""H"", ""H"", ""C"", ""C"", ""C"", ""C"", ""C"", ""C"", ""C"", ""C"", ""S"", ""O"", ""O"", ""N"", ""C"", ""C"", ""Br"", ""H"", ""H"", ""H"", ""H"", ""H"", ""H"", ""H"", ""H"", ""H"", ""H"", ""H"", ""H"", ""H"", ""H""]",C40H56Br4N4O8S4,"[true, true, true]","[15.854334273127762, 0.0, 0.0, 0.0, 12.71871760027119, 0.0, 0.0, 0.0, 9.706851072727403]",1957.3554603885802,[],"{""cutoff=6.000_skin=0.000"": 5736, ""cutoff=6.000_skin=0.500"": 7336}",0.0,,
OPT-RFT-BOQWIN116-R128-v1,3dc2a5eebc94bbf3cbdfce4d57edb0ce9960abd22461543b7085ac647dd741d7,OPT-RFT-BOQWIN116-R128-v1:0079,BOQWIN_C3_19_250_z1_29,0f4646402e4dd30d3e00465f27348f3e1b96c7f39fe177a202d389ffe7f917c9,79,cross_family_test_set,BOQWIN/structures/BOQWIN_C3_19_250_z1_29.cif,e32a54c77c97c5ec8150ae1a33f5b2bb379fc752af33fb557a8e657a880e16ee,0f4646402e4dd30d3e00465f27348f3e1b96c7f39fe177a202d389ffe7f917c9,0,116,"[""C"", ""C"", ""C"", ""C"", ""C"", ""C"", ""C"", ""C"", ""S"", ""O"", ""O"", ""N"", ""C"", ""C"", ""Br"", ""H"", ""H"", ""H"", ""H"", ""H"", ""H"", ""H"", ""H"", ""H"", ""H"", ""H"", ""H"", ""H"", ""H"", ""C"", ""C"", ""C"", ""C"", ""C"", ""C"", ""C"", ""C"", ""S"", ""O"", ""O"", ""N"", ""C"", ""C"", ""Br"", ""H"", ""H"", ""H"", ""H"", ""H"", ""H"", ""H"", ""H"", ""H"", ""H"", ""H"", ""H"", ""H"", ""H"", ""C"", ""C"", ""C"", ""C"", ""C"", ""C"", ""C"", ""C"", ""S"", ""O"", ""O"", ""N"", ""C"", ""C"", ""Br"", ""H"", ""H"", ""H"", ""H"", ""H"", ""H"", ""H"", ""H"", ""H"", ""H"", ""H"", ""H"", ""H"", ""H"", ""C"", ""C"", ""C"", ""C"", ""C"", ""C"", ""C"", ""C"", ""S"", ""O"", ""O"", ""N"", ""C"", ""C"", ""Br"", ""H"", ""H"", ""H"", ""H"", ""H"", ""H"", ""H"", ""H"", ""H"", ""H"", ""H"", ""H"", ""H"", ""H""]",C40H56Br4N4O8S4,"[true, true, true]","[11.698611232121308, 0.0, 0.0, 0.0, 14.132060833278821, 0.0, 0.0, 0.0, 11.656002353752342]",1927.0342492564141,[],"{""cutoff=6.000_skin=0.000"": 5760, ""cutoff=6.000_skin=0.500"": 7176}",0.0,,
OPT-RFT-BOQWIN116-R128-v1,3dc2a5eebc94bbf3cbdfce4d57edb0ce9960abd22461543b7085ac647dd741d7,OPT-RFT-BOQWIN116-R128-v1:0080,BOQWIN_C3_19_361_z1_29,7470ae02d48ae881135be389290d128ecd58e267c36dfa58f755dc8143a85c53,80,cross_family_test_set,BOQWIN/structures/BOQWIN_C3_19_361_z1_29.cif,296f9be2679113f9abf5adfcfd9d9146ca1221900efa46cb939343638c86a7f8,7470ae02d48ae881135be389290d128ecd58e267c36dfa58f755dc8143a85c53,0,116,"[""C"", ""C"", ""C"", ""C"", ""C"", ""C"", ""C"", ""C"", ""S"", ""O"", ""O"", ""N"", ""C"", ""C"", ""Br"", ""H"", ""H"", ""H"", ""H"", ""H"", ""H"", ""H"", ""H"", ""H"", ""H"", ""H"", ""H"", ""H"", ""H"", ""C"", ""C"", ""C"", ""C"", ""C"", ""C"", ""C"", ""C"", ""S"", ""O"", ""O"", ""N"", ""C"", ""C"", ""Br"", ""H"", ""H"", ""H"", ""H"", ""H"", ""H"", ""H"", ""H"", ""H"", ""H"", ""H"", ""H"", ""H"", ""H"", ""C"", ""C"", ""C"", ""C"", ""C"", ""C"", ""C"", ""C"", ""S"", ""O"", ""O"", ""N"", ""C"", ""C"", ""Br"", ""H"", ""H"", ""H"", ""H"", ""H"", ""H"", ""H"", ""H"", ""H"", ""H"", ""H"", ""H"", ""H"", ""H"", ""C"", ""C"", ""C"", ""C"", ""C"", ""C"", ""C"", ""C"", ""S"", ""O"", ""O"", ""N"", ""C"", ""C"", ""Br"", ""H"", ""H"", ""H"", ""H"", ""H"", ""H"", ""H"", ""H"", ""H"", ""H"", ""H"", ""H"", ""H"", ""H""]",C40H56Br4N4O8S4,"[true, true, true]","[11.921368208583743, 0.0, 0.0, 0.0, 12.845316129307399, 0.0, 0.0, 0.0, 13.129118053159274]",2010.510994142898,[],"{""cutoff=6.000_skin=0.000"": 5776, ""cutoff=6.000_skin=0.500"": 7000}",0.0,,
OPT-RFT-BOQWIN116-R128-v1,3dc2a5eebc94bbf3cbdfce4d57edb0ce9960abd22461543b7085ac647dd741d7,OPT-RFT-BOQWIN116-R128-v1:0081,BOQWIN_C3_19_928_z1_29,309acfd0fe974a4288d1fe87d9c6403b925dc4d1ba3c40d01da1ecfa9f5b786f,81,cross_family_test_set,BOQWIN/structures/BOQWIN_C3_19_928_z1_29.cif,28825e4e4f8086174358930c2df9da6ce9499b1199d0a794b903f9248d0de290,309acfd0fe974a4288d1fe87d9c6403b925dc4d1ba3c40d01da1ecfa9f5b786f,0,116,"[""C"", ""C"", ""C"", ""C"", ""C"", ""C"", ""C"", ""C"", ""S"", ""O"", ""O"", ""N"", ""C"", ""C"", ""Br"", ""H"", ""H"", ""H"", ""H"", ""H"", ""H"", ""H"", ""H"", ""H"", ""H"", ""H"", ""H"", ""H"", ""H"", ""C"", ""C"", ""C"", ""C"", ""C"", ""C"", ""C"", ""C"", ""S"", ""O"", ""O"", ""N"", ""C"", ""C"", ""Br"", ""H"", ""H"", ""H"", ""H"", ""H"", ""H"", ""H"", ""H"", ""H"", ""H"", ""H"", ""H"", ""H"", ""H"", ""C"", ""C"", ""C"", ""C"", ""C"", ""C"", ""C"", ""C"", ""S"", ""O"", ""O"", ""N"", ""C"", ""C"", ""Br"", ""H"", ""H"", ""H"", ""H"", ""H"", ""H"", ""H"", ""H"", ""H"", ""H"", ""H"", ""H"", ""H"", ""H"", ""C"", ""C"", ""C"", ""C"", ""C"", ""C"", ""C"", ""C"", ""S"", ""O"", ""O"", ""N"", ""C"", ""C"", ""Br"", ""H"", ""H"", ""H"", ""H"", ""H"", ""H"", ""H"", ""H"", ""H"", ""H"", ""H"", ""H"", ""H"", ""H""]",C40H56Br4N4O8S4,"[true, true, true]","[12.55441124433331, 0.0, 0.0, 0.0, 11.183244733975378, 0.0, 0.0, 0.0, 13.723287858825051]",1926.7366254136145,[],"{""cutoff=6.000_skin=0.000"": 5792, ""cutoff=6.000_skin=0.500"": 7144}",0.0,,
OPT-RFT-BOQWIN116-R128-v1,3dc2a5eebc94bbf3cbdfce4d57edb0ce9960abd22461543b7085ac647dd741d7,OPT-RFT-BOQWIN116-R128-v1:0082,BOQWIN_C3_19_618_z1_29,bd74fffa2865630d4fd63a3fc0cec3be710b029aa34aed904589bbff6123d11a,82,cross_family_test_set,BOQWIN/structures/BOQWIN_C3_19_618_z1_29.cif,60ecd95f721c42fa9de9ecf4a9ff76d1983c2d4bef55e091d92ac2ab97aa34b6,bd74fffa2865630d4fd63a3fc0cec3be710b029aa34aed904589bbff6123d11a,0,116,"[""C"", ""C"", ""C"", ""C"", ""C"", ""C"", ""C"", ""C"", ""S"", ""O"", ""O"", ""N"", ""C"", ""C"", ""Br"", ""H"", ""H"", ""H"", ""H"", ""H"", ""H"", ""H"", ""H"", ""H"", ""H"", ""H"", ""H"", ""H"", ""H"", ""C"", ""C"", ""C"", ""C"", ""C"", ""C"", ""C"", ""C"", ""S"", ""O"", ""O"", ""N"", ""C"", ""C"", ""Br"", ""H"", ""H"", ""H"", ""H"", ""H"", ""H"", ""H"", ""H"", ""H"", ""H"", ""H"", ""H"", ""H"", ""H"", ""C"", ""C"", ""C"", ""C"", ""C"", ""C"", ""C"", ""C"", ""S"", ""O"", ""O"", ""N"", ""C"", ""C"", ""Br"", ""H"", ""H"", ""H"", ""H"", ""H"", ""H"", ""H"", ""H"", ""H"", ""H"", ""H"", ""H"", ""H"", ""H"", ""C"", ""C"", ""C"", ""C"", ""C"", ""C"", ""C"", ""C"", ""S"", ""O"", ""O"", ""N"", ""C"", ""C"", ""Br"", ""H"", ""H"", ""H"", ""H"", ""H"", ""H"", ""H"", ""H"", ""H"", ""H"", ""H"", ""H"", ""H"", ""H""]",C40H56Br4N4O8S4,"[true, true, true]","[9.413593922122416, 0.0, 0.0, 0.0, 11.867009462040436, 0.0, 0.0, 0.0, 16.68844946260839]",1864.2868515453229,[],"{""cutoff=6.000_skin=0.000"": 5816, ""cutoff=6.000_skin=0.500"": 7392}",0.0,,
OPT-RFT-BOQWIN116-R128-v1,3dc2a5eebc94bbf3cbdfce4d57edb0ce9960abd22461543b7085ac647dd741d7,OPT-RFT-BOQWIN116-R128-v1:0083,BOQWIN_C1_19_2697_z1_29,59a375ad5270b13e35ad91155b8629630010a6851814023abac4d78e911a3435,83,cross_family_test_set,BOQWIN/structures/BOQWIN_C1_19_2697_z1_29.cif,0752f2c018e123b09b4e4843b2a0c273b8c48bc0ebe9f04845f2f35bc10d7184,59a375ad5270b13e35ad91155b8629630010a6851814023abac4d78e911a3435,0,116,"[""C"", ""C"", ""C"", ""C"", ""C"", ""C"", ""C"", ""C"", ""S"", ""O"", ""O"", ""N"", ""C"", ""C"", ""Br"", ""H"", ""H"", ""H"", ""H"", ""H"", ""H"", ""H"", ""H"", ""H"", ""H"", ""H"", ""H"", ""H"", ""H"", ""C"", ""C"", ""C"", ""C"", ""C"", ""C"", ""C"", ""C"", ""S"", ""O"", ""O"", ""N"", ""C"", ""C"", ""Br"", ""H"", ""H"", ""H"", ""H"", ""H"", ""H"", ""H"", ""H"", ""H"", ""H"", ""H"", ""H"", ""H"", ""H"", ""C"", ""C"", ""C"", ""C"", ""C"", ""C"", ""C"", ""C"", ""S"", ""O"", ""O"", ""N"", ""C"", ""C"", ""Br"", ""H"", ""H"", ""H"", ""H"", ""H"", ""H"", ""H"", ""H"", ""H"", ""H"", ""H"", ""H"", ""H"", ""H"", ""C"", ""C"", ""C"", ""C"", ""C"", ""C"", ""C"", ""C"", ""S"", ""O"", ""O"", ""N"", ""C"", ""C"", ""Br"", ""H"", ""H"", ""H"", ""H"", ""H"", ""H"", ""H"", ""H"", ""H"", ""H"", ""H"", ""H"", ""H"", ""H""]",C40H56Br4N4O8S4,"[true, true, true]","[10.485227241100922, 0.0, 0.0, 0.0, 10.920322115964098, 0.0, 0.0, 0.0, 16.476262561196627]",1886.5659867596526,[],"{""cutoff=6.000_skin=0.000"": 5840, ""cutoff=6.000_skin=0.500"": 7464}",0.0,,
OPT-RFT-BOQWIN116-R128-v1,3dc2a5eebc94bbf3cbdfce4d57edb0ce9960abd22461543b7085ac647dd741d7,OPT-RFT-BOQWIN116-R128-v1:0084,BOQWIN_C3_19_1684_z1_29,415e549deb5d6cf35adf246e5b24328552204f92d7d0e853038be3fa80ca39ec,84,cross_family_test_set,BOQWIN/structures/BOQWIN_C3_19_1684_z1_29.cif,a7bcd374072b07a6f138771c5059f077a2178e21a81a8088d9e75ca3364d0160,415e549deb5d6cf35adf246e5b24328552204f92d7d0e853038be3fa80ca39ec,0,116,"[""C"", ""C"", ""C"", ""C"", ""C"", ""C"", ""C"", ""C"", ""S"", ""O"", ""O"", ""N"", ""C"", ""C"", ""Br"", ""H"", ""H"", ""H"", ""H"", ""H"", ""H"", ""H"", ""H"", ""H"", ""H"", ""H"", ""H"", ""H"", ""H"", ""C"", ""C"", ""C"", ""C"", ""C"", ""C"", ""C"", ""C"", ""S"", ""O"", ""O"", ""N"", ""C"", ""C"", ""Br"", ""H"", ""H"", ""H"", ""H"", ""H"", ""H"", ""H"", ""H"", ""H"", ""H"", ""H"", ""H"", ""H"", ""H"", ""C"", ""C"", ""C"", ""C"", ""C"", ""C"", ""C"", ""C"", ""S"", ""O"", ""O"", ""N"", ""C"", ""C"", ""Br"", ""H"", ""H"", ""H"", ""H"", ""H"", ""H"", ""H"", ""H"", ""H"", ""H"", ""H"", ""H"", ""H"", ""H"", ""C"", ""C"", ""C"", ""C"", ""C"", ""C"", ""C"", ""C"", ""S"", ""O"", ""O"", ""N"", ""C"", ""C"", ""Br"", ""H"", ""H"", ""H"", ""H"", ""H"", ""H"", ""H"", ""H"", ""H"", ""H"", ""H"", ""H"", ""H"", ""H""]",C40H56Br4N4O8S4,"[true, true, true]","[15.04046675610909, 0.0, 0.0, 0.0, 10.966256229507323, 0.0, 0.0, 0.0, 11.521108946815506]",1900.2642002621583,[],"{""cutoff=6.000_skin=0.000"": 5856, ""cutoff=6.000_skin=0.500"": 7328}",0.0,,
OPT-RFT-BOQWIN116-R128-v1,3dc2a5eebc94bbf3cbdfce4d57edb0ce9960abd22461543b7085ac647dd741d7,OPT-RFT-BOQWIN116-R128-v1:0085,BOQWIN_C3_19_2353_z1_29,d2199175272d9de56e210bf5c9d6a3ccef783b21c9ffa13769e334809b4b780e,85,cross_family_test_set,BOQWIN/structures/BOQWIN_C3_19_2353_z1_29.cif,55b214be94378d5366251dda6bc92f6c0c038385b38a0bcf6125868ad574b7ed,d2199175272d9de56e210bf5c9d6a3ccef783b21c9ffa13769e334809b4b780e,0,116,"[""C"", ""C"", ""C"", ""C"", ""C"", ""C"", ""C"", ""C"", ""S"", ""O"", ""O"", ""N"", ""C"", ""C"", ""Br"", ""H"", ""H"", ""H"", ""H"", ""H"", ""H"", ""H"", ""H"", ""H"", ""H"", ""H"", ""H"", ""H"", ""H"", ""C"", ""C"", ""C"", ""C"", ""C"", ""C"", ""C"", ""C"", ""S"", ""O"", ""O"", ""N"", ""C"", ""C"", ""Br"", ""H"", ""H"", ""H"", ""H"", ""H"", ""H"", ""H"", ""H"", ""H"", ""H"", ""H"", ""H"", ""H"", ""H"", ""C"", ""C"", ""C"", ""C"", ""C"", ""C"", ""C"", ""C"", ""S"", ""O"", ""O"", ""N"", ""C"", ""C"", ""Br"", ""H"", ""H"", ""H"", ""H"", ""H"", ""H"", ""H"", ""H"", ""H"", ""H"", ""H"", ""H"", ""H"", ""H"", ""C"", ""C"", ""C"", ""C"", ""C"", ""C"", ""C"", ""C"", ""S"", ""O"", ""O"", ""N"", ""C"", ""C"", ""Br"", ""H"", ""H"", ""H"", ""H"", ""H"", ""H"", ""H"", ""H"", ""H"", ""H"", ""H"", ""H"", ""H"", ""H""]",C40H56Br4N4O8S4,"[true, true, true]","[11.251636971214268, 0.0, 0.0, 0.0, 11.973863860065492, 0.0, 0.0, 0.0, 14.073070407142048]",1896.0024223477071,[],"{""cutoff=6.000_skin=0.000"": 5880, ""cutoff=6.000_skin=0.500"": 7296}",0.0,,
OPT-RFT-BOQWIN116-R128-v1,3dc2a5eebc94bbf3cbdfce4d57edb0ce9960abd22461543b7085ac647dd741d7,OPT-RFT-BOQWIN116-R128-v1:0086,BOQWIN_C1_19_988_z1_29,07f1b33c81ba4a18e2889398bdfcd5154ac5c5bace7239285cb0328d609cfe5e,86,cross_family_test_set,BOQWIN/structures/BOQWIN_C1_19_988_z1_29.cif,ff102e7203f747fbb5a39632fd25a6ce21669bd11a319c58a0d129266b1123b5,07f1b33c81ba4a18e2889398bdfcd5154ac5c5bace7239285cb0328d609cfe5e,0,116,"[""C"", ""C"", ""C"", ""C"", ""C"", ""C"", ""C"", ""C"", ""S"", ""O"", ""O"", ""N"", ""C"", ""C"", ""Br"", ""H"", ""H"", ""H"", ""H"", ""H"", ""H"", ""H"", ""H"", ""H"", ""H"", ""H"", ""H"", ""H"", ""H"", ""C"", ""C"", ""C"", ""C"", ""C"", ""C"", ""C"", ""C"", ""S"", ""O"", ""O"", ""N"", ""C"", ""C"", ""Br"", ""H"", ""H"", ""H"", ""H"", ""H"", ""H"", ""H"", ""H"", ""H"", ""H"", ""H"", ""H"", ""H"", ""H"", ""C"", ""C"", ""C"", ""C"", ""C"", ""C"", ""C"", ""C"", ""S"", ""O"", ""O"", ""N"", ""C"", ""C"", ""Br"", ""H"", ""H"", ""H"", ""H"", ""H"", ""H"", ""H"", ""H"", ""H"", ""H"", ""H"", ""H"", ""H"", ""H"", ""C"", ""C"", ""C"", ""C"", ""C"", ""C"", ""C"", ""C"", ""S"", ""O"", ""O"", ""N"", ""C"", ""C"", ""Br"", ""H"", ""H"", ""H"", ""H"", ""H"", ""H"", ""H"", ""H"", ""H"", ""H"", ""H"", ""H"", ""H"", ""H""]",C40H56Br4N4O8S4,"[true, true, true]","[16.02827777438624, 0.0, 0.0, 0.0, 7.659242762896838, 0.0, 0.0, 0.0, 15.204865049537759]",1866.6172075172333,[],"{""cutoff=6.000_skin=0.000"": 5904, ""cutoff=6.000_skin=0.500"": 7184}",0.0,,
OPT-RFT-BOQWIN116-R128-v1,3dc2a5eebc94bbf3cbdfce4d57edb0ce9960abd22461543b7085ac647dd741d7,OPT-RFT-BOQWIN116-R128-v1:0087,BOQWIN_C2_19_762_z1_29,5167d497e24f7ee8306441152cfecf77d1ddabb572a119b27749f9a4f05083ef,87,cross_family_test_set,BOQWIN/structures/BOQWIN_C2_19_762_z1_29.cif,a0e0a6bf964064007cc4c5e07008c7d6eec8a9d309817062a37b9af00393a351,5167d497e24f7ee8306441152cfecf77d1ddabb572a119b27749f9a4f05083ef,0,116,"[""C"", ""C"", ""C"", ""C"", ""C"", ""C"", ""C"", ""C"", ""S"", ""O"", ""O"", ""N"", ""C"", ""C"", ""Br"", ""H"", ""H"", ""H"", ""H"", ""H"", ""H"", ""H"", ""H"", ""H"", ""H"", ""H"", ""H"", ""H"", ""H"", ""C"", ""C"", ""C"", ""C"", ""C"", ""C"", ""C"", ""C"", ""S"", ""O"", ""O"", ""N"", ""C"", ""C"", ""Br"", ""H"", ""H"", ""H"", ""H"", ""H"", ""H"", ""H"", ""H"", ""H"", ""H"", ""H"", ""H"", ""H"", ""H"", ""C"", ""C"", ""C"", ""C"", ""C"", ""C"", ""C"", ""C"", ""S"", ""O"", ""O"", ""N"", ""C"", ""C"", ""Br"", ""H"", ""H"", ""H"", ""H"", ""H"", ""H"", ""H"", ""H"", ""H"", ""H"", ""H"", ""H"", ""H"", ""H"", ""C"", ""C"", ""C"", ""C"", ""C"", ""C"", ""C"", ""C"", ""S"", ""O"", ""O"", ""N"", ""C"", ""C"", ""Br"", ""H"", ""H"", ""H"", ""H"", ""H"", ""H"", ""H"", ""H"", ""H"", ""H"", ""H"", ""H"", ""H"", ""H""]",C40H56Br4N4O8S4,"[true, true, true]","[8.298182154137514, 0.0, 0.0, 0.0, 16.171646776209194, 0.0, 0.0, 0.0, 14.13216909638172]",1896.470257203619,[],"{""cutoff=6.000_skin=0.000"": 5928, ""cutoff=6.000_skin=0.500"": 7456}",0.0,,
OPT-RFT-BOQWIN116-R128-v1,3dc2a5eebc94bbf3cbdfce4d57edb0ce9960abd22461543b7085ac647dd741d7,OPT-RFT-BOQWIN116-R128-v1:0088,BOQWIN_C3_19_2133_z1_29,e078cee1913dccb4a19c61ae9fa07cef06131405f0179583b0ce48aac80cb35f,88,cross_family_test_set,BOQWIN/structures/BOQWIN_C3_19_2133_z1_29.cif,ad6485a33a8ed87335adc07f48a877d0026043a0cf6fe1c027aa95c5d9700a29,e078cee1913dccb4a19c61ae9fa07cef06131405f0179583b0ce48aac80cb35f,0,116,"[""C"", ""C"", ""C"", ""C"", ""C"", ""C"", ""C"", ""C"", ""S"", ""O"", ""O"", ""N"", ""C"", ""C"", ""Br"", ""H"", ""H"", ""H"", ""H"", ""H"", ""H"", ""H"", ""H"", ""H"", ""H"", ""H"", ""H"", ""H"", ""H"", ""C"", ""C"", ""C"", ""C"", ""C"", ""C"", ""C"", ""C"", ""S"", ""O"", ""O"", ""N"", ""C"", ""C"", ""Br"", ""H"", ""H"", ""H"", ""H"", ""H"", ""H"", ""H"", ""H"", ""H"", ""H"", ""H"", ""H"", ""H"", ""H"", ""C"", ""C"", ""C"", ""C"", ""C"", ""C"", ""C"", ""C"", ""S"", ""O"", ""O"", ""N"", ""C"", ""C"", ""Br"", ""H"", ""H"", ""H"", ""H"", ""H"", ""H"", ""H"", ""H"", ""H"", ""H"", ""H"", ""H"", ""H"", ""H"", ""C"", ""C"", ""C"", ""C"", ""C"", ""C"", ""C"", ""C"", ""S"", ""O"", ""O"", ""N"", ""C"", ""C"", ""Br"", ""H"", ""H"", ""H"", ""H"", ""H"", ""H"", ""H"", ""H"", ""H"", ""H"", ""H"", ""H"", ""H"", ""H""]",C40H56Br4N4O8S4,"[true, true, true]","[13.753703768865215, 0.0, 0.0, 0.0, 11.4809342840834, 0.0, 0.0, 0.0, 11.533650784433583]",1821.225384568157,[],"{""cutoff=6.000_skin=0.000"": 5944, ""cutoff=6.000_skin=0.500"": 7432}",0.0,,
OPT-RFT-BOQWIN116-R128-v1,3dc2a5eebc94bbf3cbdfce4d57edb0ce9960abd22461543b7085ac647dd741d7,OPT-RFT-BOQWIN116-R128-v1:0089,BOQWIN_C4_19_2153_z1_29,e225ee447a2d03e9cd0a834c4bb2842526a9e6b4db9308d0da2fecc61c8e44b0,89,cross_family_test_set,BOQWIN/structures/BOQWIN_C4_19_2153_z1_29.cif,e74b825bcaf2d4736a2fbd73ad99273876a3f2f84abc9865ce35a7a40aa3ba57,e225ee447a2d03e9cd0a834c4bb2842526a9e6b4db9308d0da2fecc61c8e44b0,0,116,"[""C"", ""C"", ""C"", ""C"", ""C"", ""C"", ""C"", ""C"", ""S"", ""O"", ""O"", ""N"", ""C"", ""C"", ""Br"", ""H"", ""H"", ""H"", ""H"", ""H"", ""H"", ""H"", ""H"", ""H"", ""H"", ""H"", ""H"", ""H"", ""H"", ""C"", ""C"", ""C"", ""C"", ""C"", ""C"", ""C"", ""C"", ""S"", ""O"", ""O"", ""N"", ""C"", ""C"", ""Br"", ""H"", ""H"", ""H"", ""H"", ""H"", ""H"", ""H"", ""H"", ""H"", ""H"", ""H"", ""H"", ""H"", ""H"", ""C"", ""C"", ""C"", ""C"", ""C"", ""C"", ""C"", ""C"", ""S"", ""O"", ""O"", ""N"", ""C"", ""C"", ""Br"", ""H"", ""H"", ""H"", ""H"", ""H"", ""H"", ""H"", ""H"", ""H"", ""H"", ""H"", ""H"", ""H"", ""H"", ""C"", ""C"", ""C"", ""C"", ""C"", ""C"", ""C"", ""C"", ""S"", ""O"", ""O"", ""N"", ""C"", ""C"", ""Br"", ""H"", ""H"", ""H"", ""H"", ""H"", ""H"", ""H"", ""H"", ""H"", ""H"", ""H"", ""H"", ""H"", ""H""]",C40H56Br4N4O8S4,"[true, true, true]","[12.093785264754052, 0.0, 0.0, 0.0, 12.11655399639313, 0.0, 0.0, 0.0, 13.314065430007822]",1950.9766068265171,[],"{""cutoff=6.000_skin=0.000"": 5968, ""cutoff=6.000_skin=0.500"": 7184}",0.0,,
OPT-RFT-BOQWIN116-R128-v1,3dc2a5eebc94bbf3cbdfce4d57edb0ce9960abd22461543b7085ac647dd741d7,OPT-RFT-BOQWIN116-R128-v1:0090,BOQWIN_C3_19_849_z1_29,f7c5b279f0c8a2408f69cfe28a6389db256577638c7b8d8f06438c4a61c958dc,90,cross_family_test_set,BOQWIN/structures/BOQWIN_C3_19_849_z1_29.cif,7e305cdd6e1b5ac89c6e179950c46ef0c97669ce302a8803dbd3be2dbaba46f7,f7c5b279f0c8a2408f69cfe28a6389db256577638c7b8d8f06438c4a61c958dc,0,116,"[""C"", ""C"", ""C"", ""C"", ""C"", ""C"", ""C"", ""C"", ""S"", ""O"", ""O"", ""N"", ""C"", ""C"", ""Br"", ""H"", ""H"", ""H"", ""H"", ""H"", ""H"", ""H"", ""H"", ""H"", ""H"", ""H"", ""H"", ""H"", ""H"", ""C"", ""C"", ""C"", ""C"", ""C"", ""C"", ""C"", ""C"", ""S"", ""O"", ""O"", ""N"", ""C"", ""C"", ""Br"", ""H"", ""H"", ""H"", ""H"", ""H"", ""H"", ""H"", ""H"", ""H"", ""H"", ""H"", ""H"", ""H"", ""H"", ""C"", ""C"", ""C"", ""C"", ""C"", ""C"", ""C"", ""C"", ""S"", ""O"", ""O"", ""N"", ""C"", ""C"", ""Br"", ""H"", ""H"", ""H"", ""H"", ""H"", ""H"", ""H"", ""H"", ""H"", ""H"", ""H"", ""H"", ""H"", ""H"", ""C"", ""C"", ""C"", ""C"", ""C"", ""C"", ""C"", ""C"", ""S"", ""O"", ""O"", ""N"", ""C"", ""C"", ""Br"", ""H"", ""H"", ""H"", ""H"", ""H"", ""H"", ""H"", ""H"", ""H"", ""H"", ""H"", ""H"", ""H"", ""H""]",C40H56Br4N4O8S4,"[true, true, true]","[14.14265634230918, 0.0, 0.0, 0.0, 11.82444548624158, 0.0, 0.0, 0.0, 10.863799928708566]",1816.7431473400914,[],"{""cutoff=6.000_skin=0.000"": 5984, ""cutoff=6.000_skin=0.500"": 7496}",0.0,,
OPT-RFT-BOQWIN116-R128-v1,3dc2a5eebc94bbf3cbdfce4d57edb0ce9960abd22461543b7085ac647dd741d7,OPT-RFT-BOQWIN116-R128-v1:0091,BOQWIN_C3_19_1580_z1_29,ffd610dd684846ccfa79ca9923b37afdf78528f447e3aa4d07d115508e49c88a,91,cross_family_test_set,BOQWIN/structures/BOQWIN_C3_19_1580_z1_29.cif,fa18375a47ec9b17a1bd3ae284d6642e3dc358cc75f57fc435d27822ce6427d6,ffd610dd684846ccfa79ca9923b37afdf78528f447e3aa4d07d115508e49c88a,0,116,"[""C"", ""C"", ""C"", ""C"", ""C"", ""C"", ""C"", ""C"", ""S"", ""O"", ""O"", ""N"", ""C"", ""C"", ""Br"", ""H"", ""H"", ""H"", ""H"", ""H"", ""H"", ""H"", ""H"", ""H"", ""H"", ""H"", ""H"", ""H"", ""H"", ""C"", ""C"", ""C"", ""C"", ""C"", ""C"", ""C"", ""C"", ""S"", ""O"", ""O"", ""N"", ""C"", ""C"", ""Br"", ""H"", ""H"", ""H"", ""H"", ""H"", ""H"", ""H"", ""H"", ""H"", ""H"", ""H"", ""H"", ""H"", ""H"", ""C"", ""C"", ""C"", ""C"", ""C"", ""C"", ""C"", ""C"", ""S"", ""O"", ""O"", ""N"", ""C"", ""C"", ""Br"", ""H"", ""H"", ""H"", ""H"", ""H"", ""H"", ""H"", ""H"", ""H"", ""H"", ""H"", ""H"", ""H"", ""H"", ""C"", ""C"", ""C"", ""C"", ""C"", ""C"", ""C"", ""C"", ""S"", ""O"", ""O"", ""N"", ""C"", ""C"", ""Br"", ""H"", ""H"", ""H"", ""H"", ""H"", ""H"", ""H"", ""H"", ""H"", ""H"", ""H"", ""H"", ""H"", ""H""]",C40H56Br4N4O8S4,"[true, true, true]","[12.32491453857876, 0.0, 0.0, 0.0, 10.650718493262488, 0.0, 0.0, 0.0, 14.298750955145366]",1876.98553030322,[],"{""cutoff=6.000_skin=0.000"": 6000, ""cutoff=6.000_skin=0.500"": 7464}",0.0,,
OPT-RFT-BOQWIN116-R128-v1,3dc2a5eebc94bbf3cbdfce4d57edb0ce9960abd22461543b7085ac647dd741d7,OPT-RFT-BOQWIN116-R128-v1:0092,BOQWIN_C1_19_959_z1_29,c5d6825eb53a07684375ab4b51325e170230dca6cfd4dcd04597102455efe41f,92,cross_family_test_set,BOQWIN/structures/BOQWIN_C1_19_959_z1_29.cif,3389c13cf4a325758a88b89fb32f48a8d7066dfde67352e913a7663b259c7ace,c5d6825eb53a07684375ab4b51325e170230dca6cfd4dcd04597102455efe41f,0,116,"[""C"", ""C"", ""C"", ""C"", ""C"", ""C"", ""C"", ""C"", ""S"", ""O"", ""O"", ""N"", ""C"", ""C"", ""Br"", ""H"", ""H"", ""H"", ""H"", ""H"", ""H"", ""H"", ""H"", ""H"", ""H"", ""H"", ""H"", ""H"", ""H"", ""C"", ""C"", ""C"", ""C"", ""C"", ""C"", ""C"", ""C"", ""S"", ""O"", ""O"", ""N"", ""C"", ""C"", ""Br"", ""H"", ""H"", ""H"", ""H"", ""H"", ""H"", ""H"", ""H"", ""H"", ""H"", ""H"", ""H"", ""H"", ""H"", ""C"", ""C"", ""C"", ""C"", ""C"", ""C"", ""C"", ""C"", ""S"", ""O"", ""O"", ""N"", ""C"", ""C"", ""Br"", ""H"", ""H"", ""H"", ""H"", ""H"", ""H"", ""H"", ""H"", ""H"", ""H"", ""H"", ""H"", ""H"", ""H"", ""C"", ""C"", ""C"", ""C"", ""C"", ""C"", ""C"", ""C"", ""S"", ""O"", ""O"", ""N"", ""C"", ""C"", ""Br"", ""H"", ""H"", ""H"", ""H"", ""H"", ""H"", ""H"", ""H"", ""H"", ""H"", ""H"", ""H"", ""H"", ""H""]",C40H56Br4N4O8S4,"[true, true, true]","[10.248516165740082, 0.0, 0.0, 0.0, 11.894267175539795, 0.0, 0.0, 0.0, 15.295891390858237]",1864.5475845918213,[],"{""cutoff=6.000_skin=0.000"": 6032, ""cutoff=6.000_skin=0.500"": 7576}",0.0,,
OPT-RFT-BOQWIN116-R128-v1,3dc2a5eebc94bbf3cbdfce4d57edb0ce9960abd22461543b7085ac647dd741d7,OPT-RFT-BOQWIN116-R128-v1:0093,BOQWIN_C4_19_1163_z1_29,b146a3e12872087891a8794a9e89f40279fbd2ff0af1b6f1577635c98eb838bd,93,cross_family_test_set,BOQWIN/structures/BOQWIN_C4_19_1163_z1_29.cif,433dc1b557f2a96ff68d905ceae9cdbf87742d9694347e4c85f08ec9645609b9,b146a3e12872087891a8794a9e89f40279fbd2ff0af1b6f1577635c98eb838bd,0,116,"[""C"", ""C"", ""C"", ""C"", ""C"", ""C"", ""C"", ""C"", ""S"", ""O"", ""O"", ""N"", ""C"", ""C"", ""Br"", ""H"", ""H"", ""H"", ""H"", ""H"", ""H"", ""H"", ""H"", ""H"", ""H"", ""H"", ""H"", ""H"", ""H"", ""C"", ""C"", ""C"", ""C"", ""C"", ""C"", ""C"", ""C"", ""S"", ""O"", ""O"", ""N"", ""C"", ""C"", ""Br"", ""H"", ""H"", ""H"", ""H"", ""H"", ""H"", ""H"", ""H"", ""H"", ""H"", ""H"", ""H"", ""H"", ""H"", ""C"", ""C"", ""C"", ""C"", ""C"", ""C"", ""C"", ""C"", ""S"", ""O"", ""O"", ""N"", ""C"", ""C"", ""Br"", ""H"", ""H"", ""H"", ""H"", ""H"", ""H"", ""H"", ""H"", ""H"", ""H"", ""H"", ""H"", ""H"", ""H"", ""C"", ""C"", ""C"", ""C"", ""C"", ""C"", ""C"", ""C"", ""S"", ""O"", ""O"", ""N"", ""C"", ""C"", ""Br"", ""H"", ""H"", ""H"", ""H"", ""H"", ""H"", ""H"", ""H"", ""H"", ""H"", ""H"", ""H"", ""H"", ""H""]",C40H56Br4N4O8S4,"[true, true, true]","[13.02450841403924, 0.0, 0.0, 0.0, 9.9392514695734, 0.0, 0.0, 0.0, 14.103677165186284]",1825.775511208802,[],"{""cutoff=6.000_skin=0.000"": 6048, ""cutoff=6.000_skin=0.500"": 7544}",0.0,,
OPT-RFT-BOQWIN116-R128-v1,3dc2a5eebc94bbf3cbdfce4d57edb0ce9960abd22461543b7085ac647dd741d7,OPT-RFT-BOQWIN116-R128-v1:0094,BOQWIN_C2_19_657_z1_29,782af96ef752ad2389ef01dd7a184286f3b317e9c85a46d5121fca02f2795819,94,cross_family_test_set,BOQWIN/structures/BOQWIN_C2_19_657_z1_29.cif,b6a95df511630369ecbf551fdb642607ae20e1726e78a05730bdefb0de8a4e99,782af96ef752ad2389ef01dd7a184286f3b317e9c85a46d5121fca02f2795819,0,116,"[""C"", ""C"", ""C"", ""C"", ""C"", ""C"", ""C"", ""C"", ""S"", ""O"", ""O"", ""N"", ""C"", ""C"", ""Br"", ""H"", ""H"", ""H"", ""H"", ""H"", ""H"", ""H"", ""H"", ""H"", ""H"", ""H"", ""H"", ""H"", ""H"", ""C"", ""C"", ""C"", ""C"", ""C"", ""C"", ""C"", ""C"", ""S"", ""O"", ""O"", ""N"", ""C"", ""C"", ""Br"", ""H"", ""H"", ""H"", ""H"", ""H"", ""H"", ""H"", ""H"", ""H"", ""H"", ""H"", ""H"", ""H"", ""H"", ""C"", ""C"", ""C"", ""C"", ""C"", ""C"", ""C"", ""C"", ""S"", ""O"", ""O"", ""N"", ""C"", ""C"", ""Br"", ""H"", ""H"", ""H"", ""H"", ""H"", ""H"", ""H"", ""H"", ""H"", ""H"", ""H"", ""H"", ""H"", ""H"", ""C"", ""C"", ""C"", ""C"", ""C"", ""C"", ""C"", ""C"", ""S"", ""O"", ""O"", ""N"", ""C"", ""C"", ""Br"", ""H"", ""H"", ""H"", ""H"", ""H"", ""H"", ""H"", ""H"", ""H"", ""H"", ""H"", ""H"", ""H"", ""H""]",C40H56Br4N4O8S4,"[true, true, true]","[15.337607159306302, 0.0, 0.0, 0.0, 15.327017717871094, 0.0, 0.0, 0.0, 7.574289586102957]",1780.5623044140214,[],"{""cutoff=6.000_skin=0.000"": 6080, ""cutoff=6.000_skin=0.500"": 7672}",0.0,,
OPT-RFT-BOQWIN116-R128-v1,3dc2a5eebc94bbf3cbdfce4d57edb0ce9960abd22461543b7085ac647dd741d7,OPT-RFT-BOQWIN116-R128-v1:0095,BOQWIN_C3_19_1407_z1_29,4a0531c22c942980fe99ea4d1e13e11647cc6d209d2a92dcbe22dd412c12c563,95,cross_family_test_set,BOQWIN/structures/BOQWIN_C3_19_1407_z1_29.cif,2a3545fecce9acd2882b8be610e7cdc456007764d89bee9553897c352abacec2,4a0531c22c942980fe99ea4d1e13e11647cc6d209d2a92dcbe22dd412c12c563,0,116,"[""C"", ""C"", ""C"", ""C"", ""C"", ""C"", ""C"", ""C"", ""S"", ""O"", ""O"", ""N"", ""C"", ""C"", ""Br"", ""H"", ""H"", ""H"", ""H"", ""H"", ""H"", ""H"", ""H"", ""H"", ""H"", ""H"", ""H"", ""H"", ""H"", ""C"", ""C"", ""C"", ""C"", ""C"", ""C"", ""C"", ""C"", ""S"", ""O"", ""O"", ""N"", ""C"", ""C"", ""Br"", ""H"", ""H"", ""H"", ""H"", ""H"", ""H"", ""H"", ""H"", ""H"", ""H"", ""H"", ""H"", ""H"", ""H"", ""C"", ""C"", ""C"", ""C"", ""C"", ""C"", ""C"", ""C"", ""S"", ""O"", ""O"", ""N"", ""C"", ""C"", ""Br"", ""H"", ""H"", ""H"", ""H"", ""H"", ""H"", ""H"", ""H"", ""H"", ""H"", ""H"", ""H"", ""H"", ""H"", ""C"", ""C"", ""C"", ""C"", ""C"", ""C"", ""C"", ""C"", ""S"", ""O"", ""O"", ""N"", ""C"", ""C"", ""Br"", ""H"", ""H"", ""H"", ""H"", ""H"", ""H"", ""H"", ""H"", ""H"", ""H"", ""H"", ""H"", ""H"", ""H""]",C40H56Br4N4O8S4,"[true, true, true]","[14.598726864334665, 0.0, 0.0, 0.0, 11.184129920137014, 0.0, 0.0, 0.0, 10.910034394603645]",1781.3255876462183,[],"{""cutoff=6.000_skin=0.000"": 6120, ""cutoff=6.000_skin=0.500"": 7824}",0.0,,
OPT-RFT-BOQWIN116-R128-v1,3dc2a5eebc94bbf3cbdfce4d57edb0ce9960abd22461543b7085ac647dd741d7,OPT-RFT-BOQWIN116-R128-v1:0096,BOQWIN_C2_19_164_z1_29,d435430215e229efd5ea0117536ac27031d7589032fe3981336cf0ecde4b9d66,96,cross_family_test_set,BOQWIN/structures/BOQWIN_C2_19_164_z1_29.cif,897421902240f9dd3ce458aff0777cb7bd85b97a089f7933c91e9afdc97de8b9,d435430215e229efd5ea0117536ac27031d7589032fe3981336cf0ecde4b9d66,0,116,"[""C"", ""C"", ""C"", ""C"", ""C"", ""C"", ""C"", ""C"", ""S"", ""O"", ""O"", ""N"", ""C"", ""C"", ""Br"", ""H"", ""H"", ""H"", ""H"", ""H"", ""H"", ""H"", ""H"", ""H"", ""H"", ""H"", ""H"", ""H"", ""H"", ""C"", ""C"", ""C"", ""C"", ""C"", ""C"", ""C"", ""C"", ""S"", ""O"", ""O"", ""N"", ""C"", ""C"", ""Br"", ""H"", ""H"", ""H"", ""H"", ""H"", ""H"", ""H"", ""H"", ""H"", ""H"", ""H"", ""H"", ""H"", ""H"", ""C"", ""C"", ""C"", ""C"", ""C"", ""C"", ""C"", ""C"", ""S"", ""O"", ""O"", ""N"", ""C"", ""C"", ""Br"", ""H"", ""H"", ""H"", ""H"", ""H"", ""H"", ""H"", ""H"", ""H"", ""H"", ""H"", ""H"", ""H"", ""H"", ""C"", ""C"", ""C"", ""C"", ""C"", ""C"", ""C"", ""C"", ""S"", ""O"", ""O"", ""N"", ""C"", ""C"", ""Br"", ""H"", ""H"", ""H"", ""H"", ""H"", ""H"", ""H"", ""H"", ""H"", ""H"", ""H"", ""H"", ""H"", ""H""]",C40H56Br4N4O8S4,"[true, true, true]","[12.952394482242916, 0.0, 0.0, 0.0, 12.208487706592496, 0.0, 0.0, 0.0, 11.815585193260738]",1868.3884292716282,[],"{""cutoff=6.000_skin=0.000"": 6152, ""cutoff=6.000_skin=0.500"": 7656}",0.0,,
OPT-RFT-BOQWIN116-R128-v1,3dc2a5eebc94bbf3cbdfce4d57edb0ce9960abd22461543b7085ac647dd741d7,OPT-RFT-BOQWIN116-R128-v1:0097,BOQWIN_C4_19_763_z1_29,befd40ca25b8e2872b889cc74dbd886bea1a69d0499677135a3197579df07d15,97,cross_family_test_set,BOQWIN/structures/BOQWIN_C4_19_763_z1_29.cif,d209a0b6b9b57f9ae12773e504bf49450af5447995226a34744bcc5ebbab6458,befd40ca25b8e2872b889cc74dbd886bea1a69d0499677135a3197579df07d15,0,116,"[""C"", ""C"", ""C"", ""C"", ""C"", ""C"", ""C"", ""C"", ""S"", ""O"", ""O"", ""N"", ""C"", ""C"", ""Br"", ""H"", ""H"", ""H"", ""H"", ""H"", ""H"", ""H"", ""H"", ""H"", ""H"", ""H"", ""H"", ""H"", ""H"", ""C"", ""C"", ""C"", ""C"", ""C"", ""C"", ""C"", ""C"", ""S"", ""O"", ""O"", ""N"", ""C"", ""C"", ""Br"", ""H"", ""H"", ""H"", ""H"", ""H"", ""H"", ""H"", ""H"", ""H"", ""H"", ""H"", ""H"", ""H"", ""H"", ""C"", ""C"", ""C"", ""C"", ""C"", ""C"", ""C"", ""C"", ""S"", ""O"", ""O"", ""N"", ""C"", ""C"", ""Br"", ""H"", ""H"", ""H"", ""H"", ""H"", ""H"", ""H"", ""H"", ""H"", ""H"", ""H"", ""H"", ""H"", ""H"", ""C"", ""C"", ""C"", ""C"", ""C"", ""C"", ""C"", ""C"", ""S"", ""O"", ""O"", ""N"", ""C"", ""C"", ""Br"", ""H"", ""H"", ""H"", ""H"", ""H"", ""H"", ""H"", ""H"", ""H"", ""H"", ""H"", ""H"", ""H"", ""H""]",C40H56Br4N4O8S4,"[true, true, true]","[15.329231305920437, 0.0, 0.0, 0.0, 9.545633791498332, 0.0, 0.0, 0.0, 12.749758872883689]",1865.6368780188636,[],"{""cutoff=6.000_skin=0.000"": 6176, ""cutoff=6.000_skin=0.500"": 7744}",0.0,,
OPT-RFT-BOQWIN116-R128-v1,3dc2a5eebc94bbf3cbdfce4d57edb0ce9960abd22461543b7085ac647dd741d7,OPT-RFT-BOQWIN116-R128-v1:0098,BOQWIN_C2_19_23_z1_29,6e61bd5154169e74420790c4ee6388c999fb5841edd5fa7b888d8540b3c656be,98,cross_family_test_set,BOQWIN/structures/BOQWIN_C2_19_23_z1_29.cif,88d550d4b0adfc360a750e188b9e875975cb09b70d09133a24b587ec4b2084d9,6e61bd5154169e74420790c4ee6388c999fb5841edd5fa7b888d8540b3c656be,0,116,"[""C"", ""C"", ""C"", ""C"", ""C"", ""C"", ""C"", ""C"", ""S"", ""O"", ""O"", ""N"", ""C"", ""C"", ""Br"", ""H"", ""H"", ""H"", ""H"", ""H"", ""H"", ""H"", ""H"", ""H"", ""H"", ""H"", ""H"", ""H"", ""H"", ""C"", ""C"", ""C"", ""C"", ""C"", ""C"", ""C"", ""C"", ""S"", ""O"", ""O"", ""N"", ""C"", ""C"", ""Br"", ""H"", ""H"", ""H"", ""H"", ""H"", ""H"", ""H"", ""H"", ""H"", ""H"", ""H"", ""H"", ""H"", ""H"", ""C"", ""C"", ""C"", ""C"", ""C"", ""C"", ""C"", ""C"", ""S"", ""O"", ""O"", ""N"", ""C"", ""C"", ""Br"", ""H"", ""H"", ""H"", ""H"", ""H"", ""H"", ""H"", ""H"", ""H"", ""H"", ""H"", ""H"", ""H"", ""H"", ""C"", ""C"", ""C"", ""C"", ""C"", ""C"", ""C"", ""C"", ""S"", ""O"", ""O"", ""N"", ""C"", ""C"", ""Br"", ""H"", ""H"", ""H"", ""H"", ""H"", ""H"", ""H"", ""H"", ""H"", ""H"", ""H"", ""H"", ""H"", ""H""]",C40H56Br4N4O8S4,"[true, true, true]","[7.158770019739217, 0.0, 0.0, 0.0, 15.066918552535036, 0.0, 0.0, 0.0, 16.76336284817385]",1808.1064556838503,[],"{""cutoff=6.000_skin=0.000"": 6200, ""cutoff=6.000_skin=0.500"": 7848}",0.0,,
OPT-RFT-BOQWIN116-R128-v1,3dc2a5eebc94bbf3cbdfce4d57edb0ce9960abd22461543b7085ac647dd741d7,OPT-RFT-BOQWIN116-R128-v1:0099,BOQWIN_C3_19_2689_z1_29,b11724e1cb59fa48905420c615bc004376b377f340b9f3e1b3502aa4b5a01555,99,cross_family_test_set,BOQWIN/structures/BOQWIN_C3_19_2689_z1_29.cif,b727325dc8a890021c73a3706d6cf04f71d96fed5b0b78b2e5368795b47e8267,b11724e1cb59fa48905420c615bc004376b377f340b9f3e1b3502aa4b5a01555,0,116,"[""C"", ""C"", ""C"", ""C"", ""C"", ""C"", ""C"", ""C"", ""S"", ""O"", ""O"", ""N"", ""C"", ""C"", ""Br"", ""H"", ""H"", ""H"", ""H"", ""H"", ""H"", ""H"", ""H"", ""H"", ""H"", ""H"", ""H"", ""H"", ""H"", ""C"", ""C"", ""C"", ""C"", ""C"", ""C"", ""C"", ""C"", ""S"", ""O"", ""O"", ""N"", ""C"", ""C"", ""Br"", ""H"", ""H"", ""H"", ""H"", ""H"", ""H"", ""H"", ""H"", ""H"", ""H"", ""H"", ""H"", ""H"", ""H"", ""C"", ""C"", ""C"", ""C"", ""C"", ""C"", ""C"", ""C"", ""S"", ""O"", ""O"", ""N"", ""C"", ""C"", ""Br"", ""H"", ""H"", ""H"", ""H"", ""H"", ""H"", ""H"", ""H"", ""H"", ""H"", ""H"", ""H"", ""H"", ""H"", ""C"", ""C"", ""C"", ""C"", ""C"", ""C"", ""C"", ""C"", ""S"", ""O"", ""O"", ""N"", ""C"", ""C"", ""Br"", ""H"", ""H"", ""H"", ""H"", ""H"", ""H"", ""H"", ""H"", ""H"", ""H"", ""H"", ""H"", ""H"", ""H""]",C40H56Br4N4O8S4,"[true, true, true]","[11.535274415919424, 0.0, 0.0, 0.0, 12.288483178103391, 0.0, 0.0, 0.0, 12.120100651119039]",1718.036697851119,[],"{""cutoff=6.000_skin=0.000"": 6216, ""cutoff=6.000_skin=0.500"": 8160}",0.0,,
OPT-RFT-BOQWIN116-R128-v1,3dc2a5eebc94bbf3cbdfce4d57edb0ce9960abd22461543b7085ac647dd741d7,OPT-RFT-BOQWIN116-R128-v1:0100,BOQWIN_C3_19_2688_z1_29,f6e2f6657fbd973b177c8ae194a9f536319033e902c9c7df49a8abb7aa5996a5,100,cross_family_test_set,BOQWIN/structures/BOQWIN_C3_19_2688_z1_29.cif,ac4e6a1f5518c2631a965be6a7aa7ef37a973f7596d70cb3537c6c070e567338,f6e2f6657fbd973b177c8ae194a9f536319033e902c9c7df49a8abb7aa5996a5,0,116,"[""C"", ""C"", ""C"", ""C"", ""C"", ""C"", ""C"", ""C"", ""S"", ""O"", ""O"", ""N"", ""C"", ""C"", ""Br"", ""H"", ""H"", ""H"", ""H"", ""H"", ""H"", ""H"", ""H"", ""H"", ""H"", ""H"", ""H"", ""H"", ""H"", ""C"", ""C"", ""C"", ""C"", ""C"", ""C"", ""C"", ""C"", ""S"", ""O"", ""O"", ""N"", ""C"", ""C"", ""Br"", ""H"", ""H"", ""H"", ""H"", ""H"", ""H"", ""H"", ""H"", ""H"", ""H"", ""H"", ""H"", ""H"", ""H"", ""C"", ""C"", ""C"", ""C"", ""C"", ""C"", ""C"", ""C"", ""S"", ""O"", ""O"", ""N"", ""C"", ""C"", ""Br"", ""H"", ""H"", ""H"", ""H"", ""H"", ""H"", ""H"", ""H"", ""H"", ""H"", ""H"", ""H"", ""H"", ""H"", ""C"", ""C"", ""C"", ""C"", ""C"", ""C"", ""C"", ""C"", ""S"", ""O"", ""O"", ""N"", ""C"", ""C"", ""Br"", ""H"", ""H"", ""H"", ""H"", ""H"", ""H"", ""H"", ""H"", ""H"", ""H"", ""H"", ""H"", ""H"", ""H""]",C40H56Br4N4O8S4,"[true, true, true]","[10.330911492513223, 0.0, 0.0, 0.0, 14.728837029312928, 0.0, 0.0, 0.0, 12.039104745129961]",1831.8980092686784,[],"{""cutoff=6.000_skin=0.000"": 6240, ""cutoff=6.000_skin=0.500"": 7648}",0.0,,
OPT-RFT-BOQWIN116-R128-v1,3dc2a5eebc94bbf3cbdfce4d57edb0ce9960abd22461543b7085ac647dd741d7,OPT-RFT-BOQWIN116-R128-v1:0101,BOQWIN_C3_19_777_z1_29,6de548b6013843d7f01c9004b8b8e4b43ae395d248744f68dc3e32aeb59b4448,101,cross_family_test_set,BOQWIN/structures/BOQWIN_C3_19_777_z1_29.cif,76f296042cfdf95e23ce4eb7c35dd244ec47b608642bdbe4d356fed249afa283,6de548b6013843d7f01c9004b8b8e4b43ae395d248744f68dc3e32aeb59b4448,0,116,"[""C"", ""C"", ""C"", ""C"", ""C"", ""C"", ""C"", ""C"", ""S"", ""O"", ""O"", ""N"", ""C"", ""C"", ""Br"", ""H"", ""H"", ""H"", ""H"", ""H"", ""H"", ""H"", ""H"", ""H"", ""H"", ""H"", ""H"", ""H"", ""H"", ""C"", ""C"", ""C"", ""C"", ""C"", ""C"", ""C"", ""C"", ""S"", ""O"", ""O"", ""N"", ""C"", ""C"", ""Br"", ""H"", ""H"", ""H"", ""H"", ""H"", ""H"", ""H"", ""H"", ""H"", ""H"", ""H"", ""H"", ""H"", ""H"", ""C"", ""C"", ""C"", ""C"", ""C"", ""C"", ""C"", ""C"", ""S"", ""O"", ""O"", ""N"", ""C"", ""C"", ""Br"", ""H"", ""H"", ""H"", ""H"", ""H"", ""H"", ""H"", ""H"", ""H"", ""H"", ""H"", ""H"", ""H"", ""H"", ""C"", ""C"", ""C"", ""C"", ""C"", ""C"", ""C"", ""C"", ""S"", ""O"", ""O"", ""N"", ""C"", ""C"", ""Br"", ""H"", ""H"", ""H"", ""H"", ""H"", ""H"", ""H"", ""H"", ""H"", ""H"", ""H"", ""H"", ""H"", ""H""]",C40H56Br4N4O8S4,"[true, true, true]","[16.58144641422139, 0.0, 0.0, 0.0, 9.870074823392642, 0.0, 0.0, 0.0, 10.869652398735475]",1778.9285810268018,[],"{""cutoff=6.000_skin=0.000"": 6272, ""cutoff=6.000_skin=0.500"": 7824}",0.0,,
OPT-RFT-BOQWIN116-R128-v1,3dc2a5eebc94bbf3cbdfce4d57edb0ce9960abd22461543b7085ac647dd741d7,OPT-RFT-BOQWIN116-R128-v1:0102,BOQWIN_C2_19_1163_z1_29,a249be83078a7a37ecc9dd68c91552d0d6e535e300f43eb78c6faed6a339d7f9,102,cross_family_test_set,BOQWIN/structures/BOQWIN_C2_19_1163_z1_29.cif,3b3c0bd184fadc9d0c5a19cdedcd27a2901e72fc074863c882646b75cc03c411,a249be83078a7a37ecc9dd68c91552d0d6e535e300f43eb78c6faed6a339d7f9,0,116,"[""C"", ""C"", ""C"", ""C"", ""C"", ""C"", ""C"", ""C"", ""S"", ""O"", ""O"", ""N"", ""C"", ""C"", ""Br"", ""H"", ""H"", ""H"", ""H"", ""H"", ""H"", ""H"", ""H"", ""H"", ""H"", ""H"", ""H"", ""H"", ""H"", ""C"", ""C"", ""C"", ""C"", ""C"", ""C"", ""C"", ""C"", ""S"", ""O"", ""O"", ""N"", ""C"", ""C"", ""Br"", ""H"", ""H"", ""H"", ""H"", ""H"", ""H"", ""H"", ""H"", ""H"", ""H"", ""H"", ""H"", ""H"", ""H"", ""C"", ""C"", ""C"", ""C"", ""C"", ""C"", ""C"", ""C"", ""S"", ""O"", ""O"", ""N"", ""C"", ""C"", ""Br"", ""H"", ""H"", ""H"", ""H"", ""H"", ""H"", ""H"", ""H"", ""H"", ""H"", ""H"", ""H"", ""H"", ""H"", ""C"", ""C"", ""C"", ""C"", ""C"", ""C"", ""C"", ""C"", ""S"", ""O"", ""O"", ""N"", ""C"", ""C"", ""Br"", ""H"", ""H"", ""H"", ""H"", ""H"", ""H"", ""H"", ""H"", ""H"", ""H"", ""H"", ""H"", ""H"", ""H""]",C40H56Br4N4O8S4,"[true, true, true]","[13.193232503448698, 0.0, 0.0, 0.0, 9.334595961682442, 0.0, 0.0, 0.0, 14.173934050218822]",1745.5695140327725,[],"{""cutoff=6.000_skin=0.000"": 6312, ""cutoff=6.000_skin=0.500"": 7928}",0.0,,
OPT-RFT-BOQWIN116-R128-v1,3dc2a5eebc94bbf3cbdfce4d57edb0ce9960abd22461543b7085ac647dd741d7,OPT-RFT-BOQWIN116-R128-v1:0103,BOQWIN_C4_19_2689_z1_29,adf7053393ddcd204c8abaef6030e872800224786f2f91c429eff0d19bfa2c32,103,cross_family_test_set,BOQWIN/structures/BOQWIN_C4_19_2689_z1_29.cif,48d1a76d162ad2d1a600b193180ef4f248f8bcd7590aa780c67374f4d3323965,adf7053393ddcd204c8abaef6030e872800224786f2f91c429eff0d19bfa2c32,0,116,"[""C"", ""C"", ""C"", ""C"", ""C"", ""C"", ""C"", ""C"", ""S"", ""O"", ""O"", ""N"", ""C"", ""C"", ""Br"", ""H"", ""H"", ""H"", ""H"", ""H"", ""H"", ""H"", ""H"", ""H"", ""H"", ""H"", ""H"", ""H"", ""H"", ""C"", ""C"", ""C"", ""C"", ""C"", ""C"", ""C"", ""C"", ""S"", ""O"", ""O"", ""N"", ""C"", ""C"", ""Br"", ""H"", ""H"", ""H"", ""H"", ""H"", ""H"", ""H"", ""H"", ""H"", ""H"", ""H"", ""H"", ""H"", ""H"", ""C"", ""C"", ""C"", ""C"", ""C"", ""C"", ""C"", ""C"", ""S"", ""O"", ""O"", ""N"", ""C"", ""C"", ""Br"", ""H"", ""H"", ""H"", ""H"", ""H"", ""H"", ""H"", ""H"", ""H"", ""H"", ""H"", ""H"", ""H"", ""H"", ""C"", ""C"", ""C"", ""C"", ""C"", ""C"", ""C"", ""C"", ""S"", ""O"", ""O"", ""N"", ""C"", ""C"", ""Br"", ""H"", ""H"", ""H"", ""H"", ""H"", ""H"", ""H"", ""H"", ""H"", ""H"", ""H"", ""H"", ""H"", ""H""]",C40H56Br4N4O8S4,"[true, true, true]","[11.959926288601913, 0.0, 0.0, 0.0, 12.398911239095227, 0.0, 0.0, 0.0, 11.645157605639731]",1726.8611722025726,[],"{""cutoff=6.000_skin=0.000"": 6344, ""cutoff=6.000_skin=0.500"": 8064}",0.0,,
OPT-RFT-BOQWIN116-R128-v1,3dc2a5eebc94bbf3cbdfce4d57edb0ce9960abd22461543b7085ac647dd741d7,OPT-RFT-BOQWIN116-R128-v1:0104,BOQWIN_C2_19_461_z1_29,ebf89cbc3706274f7055b3edc9c682114c7cd94f60b8f067a9570f53af9e3e21,104,cross_family_test_set,BOQWIN/structures/BOQWIN_C2_19_461_z1_29.cif,7f3a989810e4fe31ae78e0d16cdb18979501dd79c79d697b29ed84dd3b15f1b9,ebf89cbc3706274f7055b3edc9c682114c7cd94f60b8f067a9570f53af9e3e21,0,116,"[""C"", ""C"", ""C"", ""C"", ""C"", ""C"", ""C"", ""C"", ""S"", ""O"", ""O"", ""N"", ""C"", ""C"", ""Br"", ""H"", ""H"", ""H"", ""H"", ""H"", ""H"", ""H"", ""H"", ""H"", ""H"", ""H"", ""H"", ""H"", ""H"", ""C"", ""C"", ""C"", ""C"", ""C"", ""C"", ""C"", ""C"", ""S"", ""O"", ""O"", ""N"", ""C"", ""C"", ""Br"", ""H"", ""H"", ""H"", ""H"", ""H"", ""H"", ""H"", ""H"", ""H"", ""H"", ""H"", ""H"", ""H"", ""H"", ""C"", ""C"", ""C"", ""C"", ""C"", ""C"", ""C"", ""C"", ""S"", ""O"", ""O"", ""N"", ""C"", ""C"", ""Br"", ""H"", ""H"", ""H"", ""H"", ""H"", ""H"", ""H"", ""H"", ""H"", ""H"", ""H"", ""H"", ""H"", ""H"", ""C"", ""C"", ""C"", ""C"", ""C"", ""C"", ""C"", ""C"", ""S"", ""O"", ""O"", ""N"", ""C"", ""C"", ""Br"", ""H"", ""H"", ""H"", ""H"", ""H"", ""H"", ""H"", ""H"", ""H"", ""H"", ""H"", ""H"", ""H"", ""H""]",C40H56Br4N4O8S4,"[true, true, true]","[11.566635199753605, 0.0, 0.0, 0.0, 11.679244338560679, 0.0, 0.0, 0.0, 12.951563809132274]",1749.6210390998278,[],"{""cutoff=6.000_skin=0.000"": 6376, ""cutoff=6.000_skin=0.500"": 7912}",0.0,,
OPT-RFT-BOQWIN116-R128-v1,3dc2a5eebc94bbf3cbdfce4d57edb0ce9960abd22461543b7085ac647dd741d7,OPT-RFT-BOQWIN116-R128-v1:0105,BOQWIN_C2_19_1333_z1_29,bbc00ae2972bde34ccf897cbc6addba417b30a6aeb71045acec26971f60e567e,105,cross_family_test_set,BOQWIN/structures/BOQWIN_C2_19_1333_z1_29.cif,d5efd5512d9293886ff70324aa52fc552a47f28ce30da388f855572d27532593,bbc00ae2972bde34ccf897cbc6addba417b30a6aeb71045acec26971f60e567e,0,116,"[""C"", ""C"", ""C"", ""C"", ""C"", ""C"", ""C"", ""C"", ""S"", ""O"", ""O"", ""N"", ""C"", ""C"", ""Br"", ""H"", ""H"", ""H"", ""H"", ""H"", ""H"", ""H"", ""H"", ""H"", ""H"", ""H"", ""H"", ""H"", ""H"", ""C"", ""C"", ""C"", ""C"", ""C"", ""C"", ""C"", ""C"", ""S"", ""O"", ""O"", ""N"", ""C"", ""C"", ""Br"", ""H"", ""H"", ""H"", ""H"", ""H"", ""H"", ""H"", ""H"", ""H"", ""H"", ""H"", ""H"", ""H"", ""H"", ""C"", ""C"", ""C"", ""C"", ""C"", ""C"", ""C"", ""C"", ""S"", ""O"", ""O"", ""N"", ""C"", ""C"", ""Br"", ""H"", ""H"", ""H"", ""H"", ""H"", ""H"", ""H"", ""H"", ""H"", ""H"", ""H"", ""H"", ""H"", ""H"", ""C"", ""C"", ""C"", ""C"", ""C"", ""C"", ""C"", ""C"", ""S"", ""O"", ""O"", ""N"", ""C"", ""C"", ""Br"", ""H"", ""H"", ""H"", ""H"", ""H"", ""H"", ""H"", ""H"", ""H"", ""H"", ""H"", ""H"", ""H"", ""H""]",C40H56Br4N4O8S4,"[true, true, true]","[11.878864610435954, 0.0, 0.0, 0.0, 8.64432152279694, 0.0, 0.0, 0.0, 16.68882951193069]",1713.687869311268,[],"{""cutoff=6.000_skin=0.000"": 6408, ""cutoff=6.000_skin=0.500"": 8160}",0.0,,
OPT-RFT-BOQWIN116-R128-v1,3dc2a5eebc94bbf3cbdfce4d57edb0ce9960abd22461543b7085ac647dd741d7,OPT-RFT-BOQWIN116-R128-v1:0106,BOQWIN_C1_19_1800_z1_29,009883b9243f06edb699eda0ffa25c42e00a88e8ad87597ec52e9ade298e8899,106,cross_family_test_set,BOQWIN/structures/BOQWIN_C1_19_1800_z1_29.cif,ca3b24fb8a39177eacea2b3a418dd7537cbc3bad402670efbaa782275914fdc2,009883b9243f06edb699eda0ffa25c42e00a88e8ad87597ec52e9ade298e8899,0,116,"[""C"", ""C"", ""C"", ""C"", ""C"", ""C"", ""C"", ""C"", ""S"", ""O"", ""O"", ""N"", ""C"", ""C"", ""Br"", ""H"", ""H"", ""H"", ""H"", ""H"", ""H"", ""H"", ""H"", ""H"", ""H"", ""H"", ""H"", ""H"", ""H"", ""C"", ""C"", ""C"", ""C"", ""C"", ""C"", ""C"", ""C"", ""S"", ""O"", ""O"", ""N"", ""C"", ""C"", ""Br"", ""H"", ""H"", ""H"", ""H"", ""H"", ""H"", ""H"", ""H"", ""H"", ""H"", ""H"", ""H"", ""H"", ""H"", ""C"", ""C"", ""C"", ""C"", ""C"", ""C"", ""C"", ""C"", ""S"", ""O"", ""O"", ""N"", ""C"", ""C"", ""Br"", ""H"", ""H"", ""H"", ""H"", ""H"", ""H"", ""H"", ""H"", ""H"", ""H"", ""H"", ""H"", ""H"", ""H"", ""C"", ""C"", ""C"", ""C"", ""C"", ""C"", ""C"", ""C"", ""S"", ""O"", ""O"", ""N"", ""C"", ""C"", ""Br"", ""H"", ""H"", ""H"", ""H"", ""H"", ""H"", ""H"", ""H"", ""H"", ""H"", ""H"", ""H"", ""H"", ""H""]",C40H56Br4N4O8S4,"[true, true, true]","[11.650387497201208, 0.0, 0.0, 0.0, 11.729595767638976, 0.0, 0.0, 0.0, 12.316472787048752]",1683.0994090800782,[],"{""cutoff=6.000_skin=0.000"": 6432, ""cutoff=6.000_skin=0.500"": 8296}",0.0,,
OPT-RFT-BOQWIN116-R128-v1,3dc2a5eebc94bbf3cbdfce4d57edb0ce9960abd22461543b7085ac647dd741d7,OPT-RFT-BOQWIN116-R128-v1:0107,BOQWIN_C2_19_1704_z1_29,771de8d8b3ec405b05c5b9d08b9b55e39d24a41eb58976d916043110560005cf,107,cross_family_test_set,BOQWIN/structures/BOQWIN_C2_19_1704_z1_29.cif,4c9cf3fe1aeec956f92b1f61c3bff4847cf6f550d9f26d90f85c184d3d22f51b,771de8d8b3ec405b05c5b9d08b9b55e39d24a41eb58976d916043110560005cf,0,116,"[""C"", ""C"", ""C"", ""C"", ""C"", ""C"", ""C"", ""C"", ""S"", ""O"", ""O"", ""N"", ""C"", ""C"", ""Br"", ""H"", ""H"", ""H"", ""H"", ""H"", ""H"", ""H"", ""H"", ""H"", ""H"", ""H"", ""H"", ""H"", ""H"", ""C"", ""C"", ""C"", ""C"", ""C"", ""C"", ""C"", ""C"", ""S"", ""O"", ""O"", ""N"", ""C"", ""C"", ""Br"", ""H"", ""H"", ""H"", ""H"", ""H"", ""H"", ""H"", ""H"", ""H"", ""H"", ""H"", ""H"", ""H"", ""H"", ""C"", ""C"", ""C"", ""C"", ""C"", ""C"", ""C"", ""C"", ""S"", ""O"", ""O"", ""N"", ""C"", ""C"", ""Br"", ""H"", ""H"", ""H"", ""H"", ""H"", ""H"", ""H"", ""H"", ""H"", ""H"", ""H"", ""H"", ""H"", ""H"", ""C"", ""C"", ""C"", ""C"", ""C"", ""C"", ""C"", ""C"", ""S"", ""O"", ""O"", ""N"", ""C"", ""C"", ""Br"", ""H"", ""H"", ""H"", ""H"", ""H"", ""H"", ""H"", ""H"", ""H"", ""H"", ""H"", ""H"", ""H"", ""H""]",C40H56Br4N4O8S4,"[true, true, true]","[16.494839924543093, 0.0, 0.0, 0.0, 16.555650348871573, 0.0, 0.0, 0.0, 6.4377711241114]",1758.0445794688935,[],"{""cutoff=6.000_skin=0.000"": 6464, ""cutoff=6.000_skin=0.500"": 8040}",0.0,,
OPT-RFT-BOQWIN116-R128-v1,3dc2a5eebc94bbf3cbdfce4d57edb0ce9960abd22461543b7085ac647dd741d7,OPT-RFT-BOQWIN116-R128-v1:0108,BOQWIN_C2_19_2727_z1_29,3849b80337de86a1ebe667645af650ce7a859c725ad8eec59ea1b35cd4046685,108,cross_family_test_set,BOQWIN/structures/BOQWIN_C2_19_2727_z1_29.cif,dd28214fc0df7cee1f35b1f313a873ea5ad7de4bf46e076078c48e1f257e59f8,3849b80337de86a1ebe667645af650ce7a859c725ad8eec59ea1b35cd4046685,0,116,"[""C"", ""C"", ""C"", ""C"", ""C"", ""C"", ""C"", ""C"", ""S"", ""O"", ""O"", ""N"", ""C"", ""C"", ""Br"", ""H"", ""H"", ""H"", ""H"", ""H"", ""H"", ""H"", ""H"", ""H"", ""H"", ""H"", ""H"", ""H"", ""H"", ""C"", ""C"", ""C"", ""C"", ""C"", ""C"", ""C"", ""C"", ""S"", ""O"", ""O"", ""N"", ""C"", ""C"", ""Br"", ""H"", ""H"", ""H"", ""H"", ""H"", ""H"", ""H"", ""H"", ""H"", ""H"", ""H"", ""H"", ""H"", ""H"", ""C"", ""C"", ""C"", ""C"", ""C"", ""C"", ""C"", ""C"", ""S"", ""O"", ""O"", ""N"", ""C"", ""C"", ""Br"", ""H"", ""H"", ""H"", ""H"", ""H"", ""H"", ""H"", ""H"", ""H"", ""H"", ""H"", ""H"", ""H"", ""H"", ""C"", ""C"", ""C"", ""C"", ""C"", ""C"", ""C"", ""C"", ""S"", ""O"", ""O"", ""N"", ""C"", ""C"", ""Br"", ""H"", ""H"", ""H"", ""H"", ""H"", ""H"", ""H"", ""H"", ""H"", ""H"", ""H"", ""H"", ""H"", ""H""]",C40H56Br4N4O8S4,"[true, true, true]","[11.186509275517423, 0.0, 0.0, 0.0, 13.25665265776168, 0.0, 0.0, 0.0, 11.723947419222252]",1738.610613173341,[],"{""cutoff=6.000_skin=0.000"": 6504, ""cutoff=6.000_skin=0.500"": 7960}",0.0,,
OPT-RFT-BOQWIN116-R128-v1,3dc2a5eebc94bbf3cbdfce4d57edb0ce9960abd22461543b7085ac647dd741d7,OPT-RFT-BOQWIN116-R128-v1:0109,BOQWIN_C2_19_392_z1_29,a535b15e4c9646c3f379b2672c5e1a1ca1c974bb4829cbb6a44e42a777bae387,109,cross_family_test_set,BOQWIN/structures/BOQWIN_C2_19_392_z1_29.cif,9d5572a4d1e982f22a6d99ec0196ea1ce10605694ebdf495d60b5e0c397da42b,a535b15e4c9646c3f379b2672c5e1a1ca1c974bb4829cbb6a44e42a777bae387,0,116,"[""C"", ""C"", ""C"", ""C"", ""C"", ""C"", ""C"", ""C"", ""S"", ""O"", ""O"", ""N"", ""C"", ""C"", ""Br"", ""H"", ""H"", ""H"", ""H"", ""H"", ""H"", ""H"", ""H"", ""H"", ""H"", ""H"", ""H"", ""H"", ""H"", ""C"", ""C"", ""C"", ""C"", ""C"", ""C"", ""C"", ""C"", ""S"", ""O"", ""O"", ""N"", ""C"", ""C"", ""Br"", ""H"", ""H"", ""H"", ""H"", ""H"", ""H"", ""H"", ""H"", ""H"", ""H"", ""H"", ""H"", ""H"", ""H"", ""C"", ""C"", ""C"", ""C"", ""C"", ""C"", ""C"", ""C"", ""S"", ""O"", ""O"", ""N"", ""C"", ""C"", ""Br"", ""H"", ""H"", ""H"", ""H"", ""H"", ""H"", ""H"", ""H"", ""H"", ""H"", ""H"", ""H"", ""H"", ""H"", ""C"", ""C"", ""C"", ""C"", ""C"", ""C"", ""C"", ""C"", ""S"", ""O"", ""O"", ""N"", ""C"", ""C"", ""Br"", ""H"", ""H"", ""H"", ""H"", ""H"", ""H"", ""H"", ""H"", ""H"", ""H"", ""H"", ""H"", ""H"", ""H""]",C40H56Br4N4O8S4,"[true, true, true]","[14.643284611448806, 0.0, 0.0, 0.0, 10.595276256133474, 0.0, 0.0, 0.0, 11.334431122191702]",1758.5329734480233,[],"{""cutoff=6.000_skin=0.000"": 6536, ""cutoff=6.000_skin=0.500"": 8056}",0.0,,
OPT-RFT-BOQWIN116-R128-v1,3dc2a5eebc94bbf3cbdfce4d57edb0ce9960abd22461543b7085ac647dd741d7,OPT-RFT-BOQWIN116-R128-v1:0110,BOQWIN_C2_19_381_z1_29,219752470f2f5a1addd3aa179d0aec1eab83d820873e7656d4d35b9177966731,110,cross_family_test_set,BOQWIN/structures/BOQWIN_C2_19_381_z1_29.cif,16ce88f93f56b78037dd307d7a52bd2674377b6013b354cc94ee8ee5d29143e0,219752470f2f5a1addd3aa179d0aec1eab83d820873e7656d4d35b9177966731,0,116,"[""C"", ""C"", ""C"", ""C"", ""C"", ""C"", ""C"", ""C"", ""S"", ""O"", ""O"", ""N"", ""C"", ""C"", ""Br"", ""H"", ""H"", ""H"", ""H"", ""H"", ""H"", ""H"", ""H"", ""H"", ""H"", ""H"", ""H"", ""H"", ""H"", ""C"", ""C"", ""C"", ""C"", ""C"", ""C"", ""C"", ""C"", ""S"", ""O"", ""O"", ""N"", ""C"", ""C"", ""Br"", ""H"", ""H"", ""H"", ""H"", ""H"", ""H"", ""H"", ""H"", ""H"", ""H"", ""H"", ""H"", ""H"", ""H"", ""C"", ""C"", ""C"", ""C"", ""C"", ""C"", ""C"", ""C"", ""S"", ""O"", ""O"", ""N"", ""C"", ""C"", ""Br"", ""H"", ""H"", ""H"", ""H"", ""H"", ""H"", ""H"", ""H"", ""H"", ""H"", ""H"", ""H"", ""H"", ""H"", ""C"", ""C"", ""C"", ""C"", ""C"", ""C"", ""C"", ""C"", ""S"", ""O"", ""O"", ""N"", ""C"", ""C"", ""Br"", ""H"", ""H"", ""H"", ""H"", ""H"", ""H"", ""H"", ""H"", ""H"", ""H"", ""H"", ""H"", ""H"", ""H""]",C40H56Br4N4O8S4,"[true, true, true]","[11.898345856032748, 0.0, 0.0, 0.0, 13.218981251277931, 0.0, 0.0, 0.0, 11.217821440970553]",1764.3839485856586,[],"{""cutoff=6.000_skin=0.000"": 6576, ""cutoff=6.000_skin=0.500"": 8008}",0.0,,
OPT-RFT-BOQWIN116-R128-v1,3dc2a5eebc94bbf3cbdfce4d57edb0ce9960abd22461543b7085ac647dd741d7,OPT-RFT-BOQWIN116-R128-v1:0111,BOQWIN_C2_19_2206_z1_29,3ed74affaca487c05f74b65f43a4927c53f983f6b41573373934b8edf73b5606,111,cross_family_test_set,BOQWIN/structures/BOQWIN_C2_19_2206_z1_29.cif,228c082500cb951aa6b92764c60c95a7b9c09f318d210c882f6e5716edca0f3e,3ed74affaca487c05f74b65f43a4927c53f983f6b41573373934b8edf73b5606,0,116,"[""C"", ""C"", ""C"", ""C"", ""C"", ""C"", ""C"", ""C"", ""S"", ""O"", ""O"", ""N"", ""C"", ""C"", ""Br"", ""H"", ""H"", ""H"", ""H"", ""H"", ""H"", ""H"", ""H"", ""H"", ""H"", ""H"", ""H"", ""H"", ""H"", ""C"", ""C"", ""C"", ""C"", ""C"", ""C"", ""C"", ""C"", ""S"", ""O"", ""O"", ""N"", ""C"", ""C"", ""Br"", ""H"", ""H"", ""H"", ""H"", ""H"", ""H"", ""H"", ""H"", ""H"", ""H"", ""H"", ""H"", ""H"", ""H"", ""C"", ""C"", ""C"", ""C"", ""C"", ""C"", ""C"", ""C"", ""S"", ""O"", ""O"", ""N"", ""C"", ""C"", ""Br"", ""H"", ""H"", ""H"", ""H"", ""H"", ""H"", ""H"", ""H"", ""H"", ""H"", ""H"", ""H"", ""H"", ""H"", ""C"", ""C"", ""C"", ""C"", ""C"", ""C"", ""C"", ""C"", ""S"", ""O"", ""O"", ""N"", ""C"", ""C"", ""Br"", ""H"", ""H"", ""H"", ""H"", ""H"", ""H"", ""H"", ""H"", ""H"", ""H"", ""H"", ""H"", ""H"", ""H""]",C40H56Br4N4O8S4,"[true, true, true]","[10.194590064445272, 0.0, 0.0, 0.0, 10.783412467012297, 0.0, 0.0, 0.0, 15.159702343872198]",1666.5435170175858,[],"{""cutoff=6.000_skin=0.000"": 6600, ""cutoff=6.000_skin=0.500"": 8520}",0.0,,
OPT-RFT-BOQWIN116-R128-v1,3dc2a5eebc94bbf3cbdfce4d57edb0ce9960abd22461543b7085ac647dd741d7,OPT-RFT-BOQWIN116-R128-v1:0112,BOQWIN_C3_19_1955_z1_29,e9081b1fe66fe02b2dd273d1781d1e2803114be1f1ab18ab716d109163ebe528,112,cross_family_test_set,BOQWIN/structures/BOQWIN_C3_19_1955_z1_29.cif,24a9560da8c6f2b4c8cc410f5fe3df74afda6965085719f27fe50a5b2fb3ca6f,e9081b1fe66fe02b2dd273d1781d1e2803114be1f1ab18ab716d109163ebe528,0,116,"[""C"", ""C"", ""C"", ""C"", ""C"", ""C"", ""C"", ""C"", ""S"", ""O"", ""O"", ""N"", ""C"", ""C"", ""Br"", ""H"", ""H"", ""H"", ""H"", ""H"", ""H"", ""H"", ""H"", ""H"", ""H"", ""H"", ""H"", ""H"", ""H"", ""C"", ""C"", ""C"", ""C"", ""C"", ""C"", ""C"", ""C"", ""S"", ""O"", ""O"", ""N"", ""C"", ""C"", ""Br"", ""H"", ""H"", ""H"", ""H"", ""H"", ""H"", ""H"", ""H"", ""H"", ""H"", ""H"", ""H"", ""H"", ""H"", ""C"", ""C"", ""C"", ""C"", ""C"", ""C"", ""C"", ""C"", ""S"", ""O"", ""O"", ""N"", ""C"", ""C"", ""Br"", ""H"", ""H"", ""H"", ""H"", ""H"", ""H"", ""H"", ""H"", ""H"", ""H"", ""H"", ""H"", ""H"", ""H"", ""C"", ""C"", ""C"", ""C"", ""C"", ""C"", ""C"", ""C"", ""S"", ""O"", ""O"", ""N"", ""C"", ""C"", ""Br"", ""H"", ""H"", ""H"", ""H"", ""H"", ""H"", ""H"", ""H"", ""H"", ""H"", ""H"", ""H"", ""H"", ""H""]",C40H56Br4N4O8S4,"[true, true, true]","[9.976194827491668, 0.0, 0.0, 0.0, 11.659561043913959, 0.0, 0.0, 0.0, 14.460851358341024]",1682.0580686093958,[],"{""cutoff=6.000_skin=0.000"": 6640, ""cutoff=6.000_skin=0.500"": 8296}",0.0,,
OPT-RFT-BOQWIN116-R128-v1,3dc2a5eebc94bbf3cbdfce4d57edb0ce9960abd22461543b7085ac647dd741d7,OPT-RFT-BOQWIN116-R128-v1:0113,BOQWIN_C2_19_271_z1_29,b7df96ae64d04ce7fc08a8d16d89d532b2a4aecb977224ef472ed471d9dd4386,113,cross_family_test_set,BOQWIN/structures/BOQWIN_C2_19_271_z1_29.cif,6159aa78c6c5c5118ea48147904832830267417a0e6b705531144336d12df9be,b7df96ae64d04ce7fc08a8d16d89d532b2a4aecb977224ef472ed471d9dd4386,0,116,"[""C"", ""C"", ""C"", ""C"", ""C"", ""C"", ""C"", ""C"", ""S"", ""O"", ""O"", ""N"", ""C"", ""C"", ""Br"", ""H"", ""H"", ""H"", ""H"", ""H"", ""H"", ""H"", ""H"", ""H"", ""H"", ""H"", ""H"", ""H"", ""H"", ""C"", ""C"", ""C"", ""C"", ""C"", ""C"", ""C"", ""C"", ""S"", ""O"", ""O"", ""N"", ""C"", ""C"", ""Br"", ""H"", ""H"", ""H"", ""H"", ""H"", ""H"", ""H"", ""H"", ""H"", ""H"", ""H"", ""H"", ""H"", ""H"", ""C"", ""C"", ""C"", ""C"", ""C"", ""C"", ""C"", ""C"", ""S"", ""O"", ""O"", ""N"", ""C"", ""C"", ""Br"", ""H"", ""H"", ""H"", ""H"", ""H"", ""H"", ""H"", ""H"", ""H"", ""H"", ""H"", ""H"", ""H"", ""H"", ""C"", ""C"", ""C"", ""C"", ""C"", ""C"", ""C"", ""C"", ""S"", ""O"", ""O"", ""N"", ""C"", ""C"", ""Br"", ""H"", ""H"", ""H"", ""H"", ""H"", ""H"", ""H"", ""H"", ""H"", ""H"", ""H"", ""H"", ""H"", ""H""]",C40H56Br4N4O8S4,"[true, true, true]","[13.273119688482655, 0.0, 0.0, 0.0, 12.943695040667869, 0.0, 0.0, 0.0, 9.804153909324853]",1684.3851471333778,[],"{""cutoff=6.000_skin=0.000"": 6696, ""cutoff=6.000_skin=0.500"": 8256}",0.0,,
OPT-RFT-BOQWIN116-R128-v1,3dc2a5eebc94bbf3cbdfce4d57edb0ce9960abd22461543b7085ac647dd741d7,OPT-RFT-BOQWIN116-R128-v1:0114,BOQWIN_C1_19_2351_z1_29,54ddfc66ec9f781a01ad3b5c2ff866c799711cf92a8de2a1e19326733a15ea40,114,cross_family_test_set,BOQWIN/structures/BOQWIN_C1_19_2351_z1_29.cif,3b14f112fbd13de7f8560177dc405eb56306f7b9d017f3bc26401e27df4e5c16,54ddfc66ec9f781a01ad3b5c2ff866c799711cf92a8de2a1e19326733a15ea40,0,116,"[""C"", ""C"", ""C"", ""C"", ""C"", ""C"", ""C"", ""C"", ""S"", ""O"", ""O"", ""N"", ""C"", ""C"", ""Br"", ""H"", ""H"", ""H"", ""H"", ""H"", ""H"", ""H"", ""H"", ""H"", ""H"", ""H"", ""H"", ""H"", ""H"", ""C"", ""C"", ""C"", ""C"", ""C"", ""C"", ""C"", ""C"", ""S"", ""O"", ""O"", ""N"", ""C"", ""C"", ""Br"", ""H"", ""H"", ""H"", ""H"", ""H"", ""H"", ""H"", ""H"", ""H"", ""H"", ""H"", ""H"", ""H"", ""H"", ""C"", ""C"", ""C"", ""C"", ""C"", ""C"", ""C"", ""C"", ""S"", ""O"", ""O"", ""N"", ""C"", ""C"", ""Br"", ""H"", ""H"", ""H"", ""H"", ""H"", ""H"", ""H"", ""H"", ""H"", ""H"", ""H"", ""H"", ""H"", ""H"", ""C"", ""C"", ""C"", ""C"", ""C"", ""C"", ""C"", ""C"", ""S"", ""O"", ""O"", ""N"", ""C"", ""C"", ""Br"", ""H"", ""H"", ""H"", ""H"", ""H"", ""H"", ""H"", ""H"", ""H"", ""H"", ""H"", ""H"", ""H"", ""H""]",C40H56Br4N4O8S4,"[true, true, true]","[8.486274417443738, 0.0, 0.0, 0.0, 13.833498743700616, 0.0, 0.0, 0.0, 14.004721838755117]",1644.0824505239486,[],"{""cutoff=6.000_skin=0.000"": 6744, ""cutoff=6.000_skin=0.500"": 8552}",0.0,,
OPT-RFT-BOQWIN116-R128-v1,3dc2a5eebc94bbf3cbdfce4d57edb0ce9960abd22461543b7085ac647dd741d7,OPT-RFT-BOQWIN116-R128-v1:0115,BOQWIN_C2_19_2034_z1_29,0f2b016c1e8ce6520f81439e327cf4c057c53cc034b4207b6eab526e9298109f,115,cross_family_test_set,BOQWIN/structures/BOQWIN_C2_19_2034_z1_29.cif,95832ce122415d101da2e9a814fdf7f6603655c974877f4f6baff655c693ea2a,0f2b016c1e8ce6520f81439e327cf4c057c53cc034b4207b6eab526e9298109f,0,116,"[""C"", ""C"", ""C"", ""C"", ""C"", ""C"", ""C"", ""C"", ""S"", ""O"", ""O"", ""N"", ""C"", ""C"", ""Br"", ""H"", ""H"", ""H"", ""H"", ""H"", ""H"", ""H"", ""H"", ""H"", ""H"", ""H"", ""H"", ""H"", ""H"", ""C"", ""C"", ""C"", ""C"", ""C"", ""C"", ""C"", ""C"", ""S"", ""O"", ""O"", ""N"", ""C"", ""C"", ""Br"", ""H"", ""H"", ""H"", ""H"", ""H"", ""H"", ""H"", ""H"", ""H"", ""H"", ""H"", ""H"", ""H"", ""H"", ""C"", ""C"", ""C"", ""C"", ""C"", ""C"", ""C"", ""C"", ""S"", ""O"", ""O"", ""N"", ""C"", ""C"", ""Br"", ""H"", ""H"", ""H"", ""H"", ""H"", ""H"", ""H"", ""H"", ""H"", ""H"", ""H"", ""H"", ""H"", ""H"", ""C"", ""C"", ""C"", ""C"", ""C"", ""C"", ""C"", ""C"", ""S"", ""O"", ""O"", ""N"", ""C"", ""C"", ""Br"", ""H"", ""H"", ""H"", ""H"", ""H"", ""H"", ""H"", ""H"", ""H"", ""H"", ""H"", ""H"", ""H"", ""H""]",C40H56Br4N4O8S4,"[true, true, true]","[12.412830325260387, 0.0, 0.0, 0.0, 11.942589922592738, 0.0, 0.0, 0.0, 11.352097085140663]",1682.8501104263298,[],"{""cutoff=6.000_skin=0.000"": 6792, ""cutoff=6.000_skin=0.500"": 8432}",0.0,,
OPT-RFT-BOQWIN116-R128-v1,3dc2a5eebc94bbf3cbdfce4d57edb0ce9960abd22461543b7085ac647dd741d7,OPT-RFT-BOQWIN116-R128-v1:0116,BOQWIN_C2_19_2174_z1_29,278e3120de01e356f2aa648aa421fd2a031a9b5ff1efb92bbfd597a24e3ed696,116,cross_family_test_set,BOQWIN/structures/BOQWIN_C2_19_2174_z1_29.cif,76468e92b5fc58685d77fe356f213dff007cf1fe3876958d8a189f310e139b61,278e3120de01e356f2aa648aa421fd2a031a9b5ff1efb92bbfd597a24e3ed696,0,116,"[""C"", ""C"", ""C"", ""C"", ""C"", ""C"", ""C"", ""C"", ""S"", ""O"", ""O"", ""N"", ""C"", ""C"", ""Br"", ""H"", ""H"", ""H"", ""H"", ""H"", ""H"", ""H"", ""H"", ""H"", ""H"", ""H"", ""H"", ""H"", ""H"", ""C"", ""C"", ""C"", ""C"", ""C"", ""C"", ""C"", ""C"", ""S"", ""O"", ""O"", ""N"", ""C"", ""C"", ""Br"", ""H"", ""H"", ""H"", ""H"", ""H"", ""H"", ""H"", ""H"", ""H"", ""H"", ""H"", ""H"", ""H"", ""H"", ""C"", ""C"", ""C"", ""C"", ""C"", ""C"", ""C"", ""C"", ""S"", ""O"", ""O"", ""N"", ""C"", ""C"", ""Br"", ""H"", ""H"", ""H"", ""H"", ""H"", ""H"", ""H"", ""H"", ""H"", ""H"", ""H"", ""H"", ""H"", ""H"", ""C"", ""C"", ""C"", ""C"", ""C"", ""C"", ""C"", ""C"", ""S"", ""O"", ""O"", ""N"", ""C"", ""C"", ""Br"", ""H"", ""H"", ""H"", ""H"", ""H"", ""H"", ""H"", ""H"", ""H"", ""H"", ""H"", ""H"", ""H"", ""H""]",C40H56Br4N4O8S4,"[true, true, true]","[11.789648061912725, 0.0, 0.0, 0.0, 13.211633161473948, 0.0, 0.0, 0.0, 10.571303272807594]",1646.5915394189997,[],"{""cutoff=6.000_skin=0.000"": 6848, ""cutoff=6.000_skin=0.500"": 8760}",0.0,,
OPT-RFT-BOQWIN116-R128-v1,3dc2a5eebc94bbf3cbdfce4d57edb0ce9960abd22461543b7085ac647dd741d7,OPT-RFT-BOQWIN116-R128-v1:0117,BOQWIN_C4_19_1557_z1_29,872a8bda9bc1eb7296615523d501c0e347268fae9e006df00885ffff60a3d59f,117,cross_family_test_set,BOQWIN/structures/BOQWIN_C4_19_1557_z1_29.cif,effb23802271d6a13b9450c62c158a078690c9b62ea55e7c94fd7b6392d4d0f5,872a8bda9bc1eb7296615523d501c0e347268fae9e006df00885ffff60a3d59f,0,116,"[""C"", ""C"", ""C"", ""C"", ""C"", ""C"", ""C"", ""C"", ""S"", ""O"", ""O"", ""N"", ""C"", ""C"", ""Br"", ""H"", ""H"", ""H"", ""H"", ""H"", ""H"", ""H"", ""H"", ""H"", ""H"", ""H"", ""H"", ""H"", ""H"", ""C"", ""C"", ""C"", ""C"", ""C"", ""C"", ""C"", ""C"", ""S"", ""O"", ""O"", ""N"", ""C"", ""C"", ""Br"", ""H"", ""H"", ""H"", ""H"", ""H"", ""H"", ""H"", ""H"", ""H"", ""H"", ""H"", ""H"", ""H"", ""H"", ""C"", ""C"", ""C"", ""C"", ""C"", ""C"", ""C"", ""C"", ""S"", ""O"", ""O"", ""N"", ""C"", ""C"", ""Br"", ""H"", ""H"", ""H"", ""H"", ""H"", ""H"", ""H"", ""H"", ""H"", ""H"", ""H"", ""H"", ""H"", ""H"", ""C"", ""C"", ""C"", ""C"", ""C"", ""C"", ""C"", ""C"", ""S"", ""O"", ""O"", ""N"", ""C"", ""C"", ""Br"", ""H"", ""H"", ""H"", ""H"", ""H"", ""H"", ""H"", ""H"", ""H"", ""H"", ""H"", ""H"", ""H"", ""H""]",C40H56Br4N4O8S4,"[true, true, true]","[9.97011258554506, 0.0, 0.0, 0.0, 17.13122819451324, 0.0, 0.0, 0.0, 9.505800332653479]",1623.5932997711357,[],"{""cutoff=6.000_skin=0.000"": 6912, ""cutoff=6.000_skin=0.500"": 8712}",0.0,,
OPT-RFT-BOQWIN116-R128-v1,3dc2a5eebc94bbf3cbdfce4d57edb0ce9960abd22461543b7085ac647dd741d7,OPT-RFT-BOQWIN116-R128-v1:0118,BOQWIN_C4_19_2497_z1_29,37bcc553673677f72a8bb110c31e29e25ef445b63fe0132cf7d61f6a85a0a58a,118,cross_family_test_set,BOQWIN/structures/BOQWIN_C4_19_2497_z1_29.cif,ce9d289056aef4c24a2f1fd9c38a8db5e31fd584041e3a81995f741a2e287fd7,37bcc553673677f72a8bb110c31e29e25ef445b63fe0132cf7d61f6a85a0a58a,0,116,"[""C"", ""C"", ""C"", ""C"", ""C"", ""C"", ""C"", ""C"", ""S"", ""O"", ""O"", ""N"", ""C"", ""C"", ""Br"", ""H"", ""H"", ""H"", ""H"", ""H"", ""H"", ""H"", ""H"", ""H"", ""H"", ""H"", ""H"", ""H"", ""H"", ""C"", ""C"", ""C"", ""C"", ""C"", ""C"", ""C"", ""C"", ""S"", ""O"", ""O"", ""N"", ""C"", ""C"", ""Br"", ""H"", ""H"", ""H"", ""H"", ""H"", ""H"", ""H"", ""H"", ""H"", ""H"", ""H"", ""H"", ""H"", ""H"", ""C"", ""C"", ""C"", ""C"", ""C"", ""C"", ""C"", ""C"", ""S"", ""O"", ""O"", ""N"", ""C"", ""C"", ""Br"", ""H"", ""H"", ""H"", ""H"", ""H"", ""H"", ""H"", ""H"", ""H"", ""H"", ""H"", ""H"", ""H"", ""H"", ""C"", ""C"", ""C"", ""C"", ""C"", ""C"", ""C"", ""C"", ""S"", ""O"", ""O"", ""N"", ""C"", ""C"", ""Br"", ""H"", ""H"", ""H"", ""H"", ""H"", ""H"", ""H"", ""H"", ""H"", ""H"", ""H"", ""H"", ""H"", ""H""]",C40H56Br4N4O8S4,"[true, true, true]","[11.99978787633514, 0.0, 0.0, 0.0, 10.970904691802168, 0.0, 0.0, 0.0, 12.310842550042814]",1620.7043138562976,[],"{""cutoff=6.000_skin=0.000"": 7000, ""cutoff=6.000_skin=0.500"": 8880}",0.0,,
OPT-RFT-BOQWIN116-R128-v1,3dc2a5eebc94bbf3cbdfce4d57edb0ce9960abd22461543b7085ac647dd741d7,OPT-RFT-BOQWIN116-R128-v1:0119,BOQWIN_C4_19_2722_z1_29,3cc2915ae7cd8b33d794a863741a03b1106e3d0fce08ed7d6b9c931dcf091693,119,cross_family_test_set,BOQWIN/structures/BOQWIN_C4_19_2722_z1_29.cif,42a27956c1c1e5016728d69b0e33146947a699e33d40f3d753d81cfdac06025d,3cc2915ae7cd8b33d794a863741a03b1106e3d0fce08ed7d6b9c931dcf091693,0,116,"[""C"", ""C"", ""C"", ""C"", ""C"", ""C"", ""C"", ""C"", ""S"", ""O"", ""O"", ""N"", ""C"", ""C"", ""Br"", ""H"", ""H"", ""H"", ""H"", ""H"", ""H"", ""H"", ""H"", ""H"", ""H"", ""H"", ""H"", ""H"", ""H"", ""C"", ""C"", ""C"", ""C"", ""C"", ""C"", ""C"", ""C"", ""S"", ""O"", ""O"", ""N"", ""C"", ""C"", ""Br"", ""H"", ""H"", ""H"", ""H"", ""H"", ""H"", ""H"", ""H"", ""H"", ""H"", ""H"", ""H"", ""H"", ""H"", ""C"", ""C"", ""C"", ""C"", ""C"", ""C"", ""C"", ""C"", ""S"", ""O"", ""O"", ""N"", ""C"", ""C"", ""Br"", ""H"", ""H"", ""H"", ""H"", ""H"", ""H"", ""H"", ""H"", ""H"", ""H"", ""H"", ""H"", ""H"", ""H"", ""C"", ""C"", ""C"", ""C"", ""C"", ""C"", ""C"", ""C"", ""S"", ""O"", ""O"", ""N"", ""C"", ""C"", ""Br"", ""H"", ""H"", ""H"", ""H"", ""H"", ""H"", ""H"", ""H"", ""H"", ""H"", ""H"", ""H"", ""H"", ""H""]",C40H56Br4N4O8S4,"[true, true, true]","[12.763283321141493, 0.0, 0.0, 0.0, 10.761301811297614, 0.0, 0.0, 0.0, 11.131891672979187]",1528.9602442717392,[],"{""cutoff=6.000_skin=0.000"": 7072, ""cutoff=6.000_skin=0.500"": 9432}",0.0,,
OPT-RFT-BOQWIN116-R128-v1,3dc2a5eebc94bbf3cbdfce4d57edb0ce9960abd22461543b7085ac647dd741d7,OPT-RFT-BOQWIN116-R128-v1:0120,BOQWIN_C3_19_2598_z1_29,605ff5eaac8b821d5f36f816a421628577ba0fc160059bce2144ca62d73113dd,120,cross_family_test_set,BOQWIN/structures/BOQWIN_C3_19_2598_z1_29.cif,dba3c15a7e8f2726d6040d44566c7a31de64368e79bd6436716d2354994a90b4,605ff5eaac8b821d5f36f816a421628577ba0fc160059bce2144ca62d73113dd,0,116,"[""C"", ""C"", ""C"", ""C"", ""C"", ""C"", ""C"", ""C"", ""S"", ""O"", ""O"", ""N"", ""C"", ""C"", ""Br"", ""H"", ""H"", ""H"", ""H"", ""H"", ""H"", ""H"", ""H"", ""H"", ""H"", ""H"", ""H"", ""H"", ""H"", ""C"", ""C"", ""C"", ""C"", ""C"", ""C"", ""C"", ""C"", ""S"", ""O"", ""O"", ""N"", ""C"", ""C"", ""Br"", ""H"", ""H"", ""H"", ""H"", ""H"", ""H"", ""H"", ""H"", ""H"", ""H"", ""H"", ""H"", ""H"", ""H"", ""C"", ""C"", ""C"", ""C"", ""C"", ""C"", ""C"", ""C"", ""S"", ""O"", ""O"", ""N"", ""C"", ""C"", ""Br"", ""H"", ""H"", ""H"", ""H"", ""H"", ""H"", ""H"", ""H"", ""H"", ""H"", ""H"", ""H"", ""H"", ""H"", ""C"", ""C"", ""C"", ""C"", ""C"", ""C"", ""C"", ""C"", ""S"", ""O"", ""O"", ""N"", ""C"", ""C"", ""Br"", ""H"", ""H"", ""H"", ""H"", ""H"", ""H"", ""H"", ""H"", ""H"", ""H"", ""H"", ""H"", ""H"", ""H""]",C40H56Br4N4O8S4,"[true, true, true]","[16.06112254222871, 0.0, 0.0, 0.0, 9.531749142406404, 0.0, 0.0, 0.0, 10.314270985895305]",1579.0178411502413,[],"{""cutoff=6.000_skin=0.000"": 7144, ""cutoff=6.000_skin=0.500"": 9048}",0.0,,
OPT-RFT-BOQWIN116-R128-v1,3dc2a5eebc94bbf3cbdfce4d57edb0ce9960abd22461543b7085ac647dd741d7,OPT-RFT-BOQWIN116-R128-v1:0121,BOQWIN_C3_19_1280_z1_29,0203f69b71a49d324f7cb5a0f7461d1819a9878c3bda74cfd43712f2c718c947,121,cross_family_test_set,BOQWIN/structures/BOQWIN_C3_19_1280_z1_29.cif,02498cb5732901f45f416d987a09e04f3f943683e38e3e90253a940494afd81f,0203f69b71a49d324f7cb5a0f7461d1819a9878c3bda74cfd43712f2c718c947,0,116,"[""C"", ""C"", ""C"", ""C"", ""C"", ""C"", ""C"", ""C"", ""S"", ""O"", ""O"", ""N"", ""C"", ""C"", ""Br"", ""H"", ""H"", ""H"", ""H"", ""H"", ""H"", ""H"", ""H"", ""H"", ""H"", ""H"", ""H"", ""H"", ""H"", ""C"", ""C"", ""C"", ""C"", ""C"", ""C"", ""C"", ""C"", ""S"", ""O"", ""O"", ""N"", ""C"", ""C"", ""Br"", ""H"", ""H"", ""H"", ""H"", ""H"", ""H"", ""H"", ""H"", ""H"", ""H"", ""H"", ""H"", ""H"", ""H"", ""C"", ""C"", ""C"", ""C"", ""C"", ""C"", ""C"", ""C"", ""S"", ""O"", ""O"", ""N"", ""C"", ""C"", ""Br"", ""H"", ""H"", ""H"", ""H"", ""H"", ""H"", ""H"", ""H"", ""H"", ""H"", ""H"", ""H"", ""H"", ""H"", ""C"", ""C"", ""C"", ""C"", ""C"", ""C"", ""C"", ""C"", ""S"", ""O"", ""O"", ""N"", ""C"", ""C"", ""Br"", ""H"", ""H"", ""H"", ""H"", ""H"", ""H"", ""H"", ""H"", ""H"", ""H"", ""H"", ""H"", ""H"", ""H""]",C40H56Br4N4O8S4,"[true, true, true]","[13.181016363192462, 0.0, 0.0, 0.0, 13.160160845114916, 0.0, 0.0, 0.0, 9.001629901085291]",1561.4613886187396,[],"{""cutoff=6.000_skin=0.000"": 7200, ""cutoff=6.000_skin=0.500"": 9248}",0.0,,
OPT-RFT-BOQWIN116-R128-v1,3dc2a5eebc94bbf3cbdfce4d57edb0ce9960abd22461543b7085ac647dd741d7,OPT-RFT-BOQWIN116-R128-v1:0122,BOQWIN_C4_19_1674_z1_29,1dd3aa48837e1a423007736a6f2bd3b45d2f7148d225b394c98c3720b4ccc2cc,122,cross_family_test_set,BOQWIN/structures/BOQWIN_C4_19_1674_z1_29.cif,f2488a527befb5327427981f8ca5def60534a1283998d01b5f15bf1048d1d1d3,1dd3aa48837e1a423007736a6f2bd3b45d2f7148d225b394c98c3720b4ccc2cc,0,116,"[""C"", ""C"", ""C"", ""C"", ""C"", ""C"", ""C"", ""C"", ""S"", ""O"", ""O"", ""N"", ""C"", ""C"", ""Br"", ""H"", ""H"", ""H"", ""H"", ""H"", ""H"", ""H"", ""H"", ""H"", ""H"", ""H"", ""H"", ""H"", ""H"", ""C"", ""C"", ""C"", ""C"", ""C"", ""C"", ""C"", ""C"", ""S"", ""O"", ""O"", ""N"", ""C"", ""C"", ""Br"", ""H"", ""H"", ""H"", ""H"", ""H"", ""H"", ""H"", ""H"", ""H"", ""H"", ""H"", ""H"", ""H"", ""H"", ""C"", ""C"", ""C"", ""C"", ""C"", ""C"", ""C"", ""C"", ""S"", ""O"", ""O"", ""N"", ""C"", ""C"", ""Br"", ""H"", ""H"", ""H"", ""H"", ""H"", ""H"", ""H"", ""H"", ""H"", ""H"", ""H"", ""H"", ""H"", ""H"", ""C"", ""C"", ""C"", ""C"", ""C"", ""C"", ""C"", ""C"", ""S"", ""O"", ""O"", ""N"", ""C"", ""C"", ""Br"", ""H"", ""H"", ""H"", ""H"", ""H"", ""H"", ""H"", ""H"", ""H"", ""H"", ""H"", ""H"", ""H"", ""H""]",C40H56Br4N4O8S4,"[true, true, true]","[11.241539525470436, 0.0, 0.0, 0.0, 9.23424292772222, 0.0, 0.0, 0.0, 15.033538873413608]",1560.5881763131808,[],"{""cutoff=6.000_skin=0.000"": 7264, ""cutoff=6.000_skin=0.500"": 9160}",0.0,,
OPT-RFT-BOQWIN116-R128-v1,3dc2a5eebc94bbf3cbdfce4d57edb0ce9960abd22461543b7085ac647dd741d7,OPT-RFT-BOQWIN116-R128-v1:0123,BOQWIN_C2_19_656_z1_29,a47779616893e1cbc1bd445dd3871caf0f8d0cb3a936a1d3c29b207e58c206bb,123,cross_family_test_set,BOQWIN/structures/BOQWIN_C2_19_656_z1_29.cif,cba06e92e6ab9abecd071dc4067f5968d238bf31dc3b9656ef950f01ba0a999b,a47779616893e1cbc1bd445dd3871caf0f8d0cb3a936a1d3c29b207e58c206bb,0,116,"[""C"", ""C"", ""C"", ""C"", ""C"", ""C"", ""C"", ""C"", ""S"", ""O"", ""O"", ""N"", ""C"", ""C"", ""Br"", ""H"", ""H"", ""H"", ""H"", ""H"", ""H"", ""H"", ""H"", ""H"", ""H"", ""H"", ""H"", ""H"", ""H"", ""C"", ""C"", ""C"", ""C"", ""C"", ""C"", ""C"", ""C"", ""S"", ""O"", ""O"", ""N"", ""C"", ""C"", ""Br"", ""H"", ""H"", ""H"", ""H"", ""H"", ""H"", ""H"", ""H"", ""H"", ""H"", ""H"", ""H"", ""H"", ""H"", ""C"", ""C"", ""C"", ""C"", ""C"", ""C"", ""C"", ""C"", ""S"", ""O"", ""O"", ""N"", ""C"", ""C"", ""Br"", ""H"", ""H"", ""H"", ""H"", ""H"", ""H"", ""H"", ""H"", ""H"", ""H"", ""H"", ""H"", ""H"", ""H"", ""C"", ""C"", ""C"", ""C"", ""C"", ""C"", ""C"", ""C"", ""S"", ""O"", ""O"", ""N"", ""C"", ""C"", ""Br"", ""H"", ""H"", ""H"", ""H"", ""H"", ""H"", ""H"", ""H"", ""H"", ""H"", ""H"", ""H"", ""H"", ""H""]",C40H56Br4N4O8S4,"[true, true, true]","[12.738238135283195, 0.0, 0.0, 0.0, 10.662747656625214, 0.0, 0.0, 0.0, 11.415118120611872]",1550.4540675918645,[],"{""cutoff=6.000_skin=0.000"": 7376, ""cutoff=6.000_skin=0.500"": 9208}",0.0,,
OPT-RFT-BOQWIN116-R128-v1,3dc2a5eebc94bbf3cbdfce4d57edb0ce9960abd22461543b7085ac647dd741d7,OPT-RFT-BOQWIN116-R128-v1:0124,BOQWIN_C3_19_293_z1_29,5625ca2b6b9ad2885b9f2329bbd29e34f4e5e70044fafb0b298adbb950343abb,124,cross_family_test_set,BOQWIN/structures/BOQWIN_C3_19_293_z1_29.cif,824429b36fc6a22e10cc2ff2f2810b5b95c5e7f7334dbb64db7d360d2e5cf386,5625ca2b6b9ad2885b9f2329bbd29e34f4e5e70044fafb0b298adbb950343abb,0,116,"[""C"", ""C"", ""C"", ""C"", ""C"", ""C"", ""C"", ""C"", ""S"", ""O"", ""O"", ""N"", ""C"", ""C"", ""Br"", ""H"", ""H"", ""H"", ""H"", ""H"", ""H"", ""H"", ""H"", ""H"", ""H"", ""H"", ""H"", ""H"", ""H"", ""C"", ""C"", ""C"", ""C"", ""C"", ""C"", ""C"", ""C"", ""S"", ""O"", ""O"", ""N"", ""C"", ""C"", ""Br"", ""H"", ""H"", ""H"", ""H"", ""H"", ""H"", ""H"", ""H"", ""H"", ""H"", ""H"", ""H"", ""H"", ""H"", ""C"", ""C"", ""C"", ""C"", ""C"", ""C"", ""C"", ""C"", ""S"", ""O"", ""O"", ""N"", ""C"", ""C"", ""Br"", ""H"", ""H"", ""H"", ""H"", ""H"", ""H"", ""H"", ""H"", ""H"", ""H"", ""H"", ""H"", ""H"", ""H"", ""C"", ""C"", ""C"", ""C"", ""C"", ""C"", ""C"", ""C"", ""S"", ""O"", ""O"", ""N"", ""C"", ""C"", ""Br"", ""H"", ""H"", ""H"", ""H"", ""H"", ""H"", ""H"", ""H"", ""H"", ""H"", ""H"", ""H"", ""H"", ""H""]",C40H56Br4N4O8S4,"[true, true, true]","[11.233339602223715, 0.0, 0.0, 0.0, 11.669846070488838, 0.0, 0.0, 0.0, 11.463370164607198]",1502.7486018252773,[],"{""cutoff=6.000_skin=0.000"": 7504, ""cutoff=6.000_skin=0.500"": 9496}",0.0,,
OPT-RFT-BOQWIN116-R128-v1,3dc2a5eebc94bbf3cbdfce4d57edb0ce9960abd22461543b7085ac647dd741d7,OPT-RFT-BOQWIN116-R128-v1:0125,BOQWIN_C3_19_1325_z1_29,3e0bc584159792f5737ca827850137133bb7905f6f2a8e7f8c81e7b51cffc917,125,cross_family_test_set,BOQWIN/structures/BOQWIN_C3_19_1325_z1_29.cif,976986c878cd8e6366d598d40ce9f105428a1956039bf18a2ff35289bc2f87ef,3e0bc584159792f5737ca827850137133bb7905f6f2a8e7f8c81e7b51cffc917,0,116,"[""C"", ""C"", ""C"", ""C"", ""C"", ""C"", ""C"", ""C"", ""S"", ""O"", ""O"", ""N"", ""C"", ""C"", ""Br"", ""H"", ""H"", ""H"", ""H"", ""H"", ""H"", ""H"", ""H"", ""H"", ""H"", ""H"", ""H"", ""H"", ""H"", ""C"", ""C"", ""C"", ""C"", ""C"", ""C"", ""C"", ""C"", ""S"", ""O"", ""O"", ""N"", ""C"", ""C"", ""Br"", ""H"", ""H"", ""H"", ""H"", ""H"", ""H"", ""H"", ""H"", ""H"", ""H"", ""H"", ""H"", ""H"", ""H"", ""C"", ""C"", ""C"", ""C"", ""C"", ""C"", ""C"", ""C"", ""S"", ""O"", ""O"", ""N"", ""C"", ""C"", ""Br"", ""H"", ""H"", ""H"", ""H"", ""H"", ""H"", ""H"", ""H"", ""H"", ""H"", ""H"", ""H"", ""H"", ""H"", ""C"", ""C"", ""C"", ""C"", ""C"", ""C"", ""C"", ""C"", ""S"", ""O"", ""O"", ""N"", ""C"", ""C"", ""Br"", ""H"", ""H"", ""H"", ""H"", ""H"", ""H"", ""H"", ""H"", ""H"", ""H"", ""H"", ""H"", ""H"", ""H""]",C40H56Br4N4O8S4,"[true, true, true]","[13.11268215595895, 0.0, 0.0, 0.0, 11.23541314392697, 0.0, 0.0, 0.0, 9.918670093912269]",1461.281972078033,[],"{""cutoff=6.000_skin=0.000"": 7672, ""cutoff=6.000_skin=0.500"": 9720}",0.0,,
OPT-RFT-BOQWIN116-R128-v1,3dc2a5eebc94bbf3cbdfce4d57edb0ce9960abd22461543b7085ac647dd741d7,OPT-RFT-BOQWIN116-R128-v1:0126,BOQWIN_C4_19_1972_z1_29,bf50c4e07ff7b0ef27a84268fcebb76eeeb60695d4f3d5c47eca22b51f13c8bc,126,cross_family_test_set,BOQWIN/structures/BOQWIN_C4_19_1972_z1_29.cif,a264177fcca5026a7c6aeafcdf6b320c999ea513f734265f99175350a7658140,bf50c4e07ff7b0ef27a84268fcebb76eeeb60695d4f3d5c47eca22b51f13c8bc,0,116,"[""C"", ""C"", ""C"", ""C"", ""C"", ""C"", ""C"", ""C"", ""S"", ""O"", ""O"", ""N"", ""C"", ""C"", ""Br"", ""H"", ""H"", ""H"", ""H"", ""H"", ""H"", ""H"", ""H"", ""H"", ""H"", ""H"", ""H"", ""H"", ""H"", ""C"", ""C"", ""C"", ""C"", ""C"", ""C"", ""C"", ""C"", ""S"", ""O"", ""O"", ""N"", ""C"", ""C"", ""Br"", ""H"", ""H"", ""H"", ""H"", ""H"", ""H"", ""H"", ""H"", ""H"", ""H"", ""H"", ""H"", ""H"", ""H"", ""C"", ""C"", ""C"", ""C"", ""C"", ""C"", ""C"", ""C"", ""S"", ""O"", ""O"", ""N"", ""C"", ""C"", ""Br"", ""H"", ""H"", ""H"", ""H"", ""H"", ""H"", ""H"", ""H"", ""H"", ""H"", ""H"", ""H"", ""H"", ""H"", ""C"", ""C"", ""C"", ""C"", ""C"", ""C"", ""C"", ""C"", ""S"", ""O"", ""O"", ""N"", ""C"", ""C"", ""Br"", ""H"", ""H"", ""H"", ""H"", ""H"", ""H"", ""H"", ""H"", ""H"", ""H"", ""H"", ""H"", ""H"", ""H""]",C40H56Br4N4O8S4,"[true, true, true]","[11.841120389780542, 0.0, 0.0, 0.0, 10.652917604975045, 0.0, 0.0, 0.0, 11.179555828588512]",1410.21689598414,[],"{""cutoff=6.000_skin=0.000"": 7928, ""cutoff=6.000_skin=0.500"": 10360}",0.0,,
OPT-RFT-BOQWIN116-R128-v1,3dc2a5eebc94bbf3cbdfce4d57edb0ce9960abd22461543b7085ac647dd741d7,OPT-RFT-BOQWIN116-R128-v1:0127,BOQWIN_C2_19_540_z1_29,123b916d4afc73bc2ec365e58dc3d16c7b9a8cd34c66cae24045cd8fa38e25f3,127,cross_family_test_set,BOQWIN/structures/BOQWIN_C2_19_540_z1_29.cif,c324e4526f07cee248e53ca5fc4922fd9d3d4f08aaac9fdf96ba3a6295e00f6e,123b916d4afc73bc2ec365e58dc3d16c7b9a8cd34c66cae24045cd8fa38e25f3,0,116,"[""C"", ""C"", ""C"", ""C"", ""C"", ""C"", ""C"", ""C"", ""S"", ""O"", ""O"", ""N"", ""C"", ""C"", ""Br"", ""H"", ""H"", ""H"", ""H"", ""H"", ""H"", ""H"", ""H"", ""H"", ""H"", ""H"", ""H"", ""H"", ""H"", ""C"", ""C"", ""C"", ""C"", ""C"", ""C"", ""C"", ""C"", ""S"", ""O"", ""O"", ""N"", ""C"", ""C"", ""Br"", ""H"", ""H"", ""H"", ""H"", ""H"", ""H"", ""H"", ""H"", ""H"", ""H"", ""H"", ""H"", ""H"", ""H"", ""C"", ""C"", ""C"", ""C"", ""C"", ""C"", ""C"", ""C"", ""S"", ""O"", ""O"", ""N"", ""C"", ""C"", ""Br"", ""H"", ""H"", ""H"", ""H"", ""H"", ""H"", ""H"", ""H"", ""H"", ""H"", ""H"", ""H"", ""H"", ""H"", ""C"", ""C"", ""C"", ""C"", ""C"", ""C"", ""C"", ""C"", ""S"", ""O"", ""O"", ""N"", ""C"", ""C"", ""Br"", ""H"", ""H"", ""H"", ""H"", ""H"", ""H"", ""H"", ""H"", ""H"", ""H"", ""H"", ""H"", ""H"", ""H""]",C40H56Br4N4O8S4,"[true, true, true]","[10.479226400715296, 0.0, 0.0, 0.0, 10.85073361808545, 0.0, 0.0, 0.0, 11.067974278200424]",1258.5094074246867,[],"{""cutoff=6.000_skin=0.000"": 9208, ""cutoff=6.000_skin=0.500"": 11760}",0.0,,
