workload_id,manifest_sha256,system_id,group_id,duplicate_group,order,dataset_id,source_path,source_sha256,normalized_structure_sha256,frame_index,atom_count,species,chemical_formula,pbc,cell_A,volume_A3,constraints,topology_edge_counts,arrival_time,random_seed,reference
OPT-RF-U256-SOXLEX48-R256-v1,084fa2fcc87265ca9469de27ad5fe18cba50709ffdc020a280a4d4657591cef9,OPT-RF-U256-SOXLEX48-R256-v1:0000,SOXLEX_C1_14_1931_z1_12,ca3e86c56ae0333731398f45e4f72b1c25fac923fbfcfd1aeed280109029eff7,0,cross_family_test_set,SOXLEX/structures/SOXLEX_C1_14_1931_z1_12.cif,547398a6616763011c78a5d2c531df7088e18e876d50a60ca5ccbe03efbce3d8,ca3e86c56ae0333731398f45e4f72b1c25fac923fbfcfd1aeed280109029eff7,0,48,"[""F"", ""C"", ""C"", ""C"", ""Br"", ""C"", ""Cl"", ""C"", ""Br"", ""C"", ""H"", ""H"", ""F"", ""C"", ""C"", ""C"", ""Br"", ""C"", ""Cl"", ""C"", ""Br"", ""C"", ""H"", ""H"", ""F"", ""C"", ""C"", ""C"", ""Br"", ""C"", ""Cl"", ""C"", ""Br"", ""C"", ""H"", ""H"", ""F"", ""C"", ""C"", ""C"", ""Br"", ""C"", ""Cl"", ""C"", ""Br"", ""C"", ""H"", ""H""]",C24H8Br8Cl4F4,"[true, true, true]","[16.55357457526216, 0.0, 0.0, 0.0, 14.217078563288702, 0.0, 7.036571988115475, 0.0, 13.930912681731472]",3278.549334125775,[],"{""cutoff=6.000_skin=0.000"": 656, ""cutoff=6.000_skin=0.500"": 724}",0.0,,
OPT-RF-U256-SOXLEX48-R256-v1,084fa2fcc87265ca9469de27ad5fe18cba50709ffdc020a280a4d4657591cef9,OPT-RF-U256-SOXLEX48-R256-v1:0001,SOXLEX_C1_14_2657_z1_12,447d2ba87ed30e7da1c7ddc368d82f6e4e9862e14c18ca3997deea14cf342b3f,1,cross_family_test_set,SOXLEX/structures/SOXLEX_C1_14_2657_z1_12.cif,0178aee808c4903dda55a047e99f2ccd8ae0c806e1f5edc793b116649b476f95,447d2ba87ed30e7da1c7ddc368d82f6e4e9862e14c18ca3997deea14cf342b3f,0,48,"[""F"", ""C"", ""C"", ""C"", ""Br"", ""C"", ""Cl"", ""C"", ""Br"", ""C"", ""H"", ""H"", ""F"", ""C"", ""C"", ""C"", ""Br"", ""C"", ""Cl"", ""C"", ""Br"", ""C"", ""H"", ""H"", ""F"", ""C"", ""C"", ""C"", ""Br"", ""C"", ""Cl"", ""C"", ""Br"", ""C"", ""H"", ""H"", ""F"", ""C"", ""C"", ""C"", ""Br"", ""C"", ""Cl"", ""C"", ""Br"", ""C"", ""H"", ""H""]",C24H8Br8Cl4F4,"[true, true, true]","[9.022839082750744, 0.0, 0.0, 0.0, 16.72192119936946, 0.0, -2.0890488935674507, 0.0, 16.900873727039368]",2549.9903771446325,[],"{""cutoff=6.000_skin=0.000"": 700, ""cutoff=6.000_skin=0.500"": 788}",0.0,,
OPT-RF-U256-SOXLEX48-R256-v1,084fa2fcc87265ca9469de27ad5fe18cba50709ffdc020a280a4d4657591cef9,OPT-RF-U256-SOXLEX48-R256-v1:0002,SOXLEX_C1_14_4841_z1_12,50ec252bb7e1119a5072e1506481e102255faab70a401a0010a94cc58c6dedae,2,cross_family_test_set,SOXLEX/structures/SOXLEX_C1_14_4841_z1_12.cif,ad9aafa4abdfcf87b5869ab16c11de16014a2df34deb8fc0639b166df9cef3dd,50ec252bb7e1119a5072e1506481e102255faab70a401a0010a94cc58c6dedae,0,48,"[""F"", ""C"", ""C"", ""C"", ""Br"", ""C"", ""Cl"", ""C"", ""Br"", ""C"", ""H"", ""H"", ""F"", ""C"", ""C"", ""C"", ""Br"", ""C"", ""Cl"", ""C"", ""Br"", ""C"", ""H"", ""H"", ""F"", ""C"", ""C"", ""C"", ""Br"", ""C"", ""Cl"", ""C"", ""Br"", ""C"", ""H"", ""H"", ""F"", ""C"", ""C"", ""C"", ""Br"", ""C"", ""Cl"", ""C"", ""Br"", ""C"", ""H"", ""H""]",C24H8Br8Cl4F4,"[true, true, true]","[8.853168985431687, 0.0, 0.0, 0.0, 14.686273168542339, 0.0, -0.5810531217582524, 0.0, 15.470730910942397]",2011.5053323128025,[],"{""cutoff=6.000_skin=0.000"": 776, ""cutoff=6.000_skin=0.500"": 1036}",0.0,,
OPT-RF-U256-SOXLEX48-R256-v1,084fa2fcc87265ca9469de27ad5fe18cba50709ffdc020a280a4d4657591cef9,OPT-RF-U256-SOXLEX48-R256-v1:0003,SOXLEX_C1_14_4467_z1_12,168f8388dcae513d11d269f52e095ea29984a84226bf27289d05ddf50ca60f25,3,cross_family_test_set,SOXLEX/structures/SOXLEX_C1_14_4467_z1_12.cif,4b605f0cf29c931f566d11710fd44f7b9f76f23c8b5aeb8d58fd5e1b2b606c81,168f8388dcae513d11d269f52e095ea29984a84226bf27289d05ddf50ca60f25,0,48,"[""F"", ""C"", ""C"", ""C"", ""Br"", ""C"", ""Cl"", ""C"", ""Br"", ""C"", ""H"", ""H"", ""F"", ""C"", ""C"", ""C"", ""Br"", ""C"", ""Cl"", ""C"", ""Br"", ""C"", ""H"", ""H"", ""F"", ""C"", ""C"", ""C"", ""Br"", ""C"", ""Cl"", ""C"", ""Br"", ""C"", ""H"", ""H"", ""F"", ""C"", ""C"", ""C"", ""Br"", ""C"", ""Cl"", ""C"", ""Br"", ""C"", ""H"", ""H""]",C24H8Br8Cl4F4,"[true, true, true]","[15.684561485876525, 0.0, 0.0, 0.0, 7.976210883031805, 0.0, -0.46049485469573814, 0.0, 15.695557737847043]",1963.5671673360657,[],"{""cutoff=6.000_skin=0.000"": 784, ""cutoff=6.000_skin=0.500"": 1004}",0.0,,
OPT-RF-U256-SOXLEX48-R256-v1,084fa2fcc87265ca9469de27ad5fe18cba50709ffdc020a280a4d4657591cef9,OPT-RF-U256-SOXLEX48-R256-v1:0004,SOXLEX_C1_14_3472_z1_12,6fb141e7e5f798df1dbd3a10db36e150e297a65b561e8bdabe71b8ce400ba432,4,cross_family_test_set,SOXLEX/structures/SOXLEX_C1_14_3472_z1_12.cif,b82c835b4198f1375601b9420492207783caa96478485f7312e3a8737a6c0891,6fb141e7e5f798df1dbd3a10db36e150e297a65b561e8bdabe71b8ce400ba432,0,48,"[""F"", ""C"", ""C"", ""C"", ""Br"", ""C"", ""Cl"", ""C"", ""Br"", ""C"", ""H"", ""H"", ""F"", ""C"", ""C"", ""C"", ""Br"", ""C"", ""Cl"", ""C"", ""Br"", ""C"", ""H"", ""H"", ""F"", ""C"", ""C"", ""C"", ""Br"", ""C"", ""Cl"", ""C"", ""Br"", ""C"", ""H"", ""H"", ""F"", ""C"", ""C"", ""C"", ""Br"", ""C"", ""Cl"", ""C"", ""Br"", ""C"", ""H"", ""H""]",C24H8Br8Cl4F4,"[true, true, true]","[10.577781120441022, 0.0, 0.0, 0.0, 8.827675397206232, 0.0, -5.733803997212433, 0.0, 22.82631600680977]",2131.4578894188717,[],"{""cutoff=6.000_skin=0.000"": 856, ""cutoff=6.000_skin=0.500"": 1016}",0.0,,
OPT-RF-U256-SOXLEX48-R256-v1,084fa2fcc87265ca9469de27ad5fe18cba50709ffdc020a280a4d4657591cef9,OPT-RF-U256-SOXLEX48-R256-v1:0005,SOXLEX_C1_14_3655_z1_12,b125d704124484546cb0e434a26f7e63201d1a2ffebaf92ade200c20a45acfb2,5,cross_family_test_set,SOXLEX/structures/SOXLEX_C1_14_3655_z1_12.cif,515e4f80ad00c908f318bcaf6c58e73610f890d36921218fc60b7cf5764561eb,b125d704124484546cb0e434a26f7e63201d1a2ffebaf92ade200c20a45acfb2,0,48,"[""F"", ""C"", ""C"", ""C"", ""Br"", ""C"", ""Cl"", ""C"", ""Br"", ""C"", ""H"", ""H"", ""F"", ""C"", ""C"", ""C"", ""Br"", ""C"", ""Cl"", ""C"", ""Br"", ""C"", ""H"", ""H"", ""F"", ""C"", ""C"", ""C"", ""Br"", ""C"", ""Cl"", ""C"", ""Br"", ""C"", ""H"", ""H"", ""F"", ""C"", ""C"", ""C"", ""Br"", ""C"", ""Cl"", ""C"", ""Br"", ""C"", ""H"", ""H""]",C24H8Br8Cl4F4,"[true, true, true]","[12.59572578927228, 0.0, 0.0, 0.0, 15.456709612389748, 0.0, 0.9920917293179834, 0.0, 15.485614562143976]",3014.8706972009995,[],"{""cutoff=6.000_skin=0.000"": 872, ""cutoff=6.000_skin=0.500"": 1048}",0.0,,
OPT-RF-U256-SOXLEX48-R256-v1,084fa2fcc87265ca9469de27ad5fe18cba50709ffdc020a280a4d4657591cef9,OPT-RF-U256-SOXLEX48-R256-v1:0006,SOXLEX_C1_14_1679_z1_12,9ededa87b0cf994ca563fce1ea05695ef5ce3416f9f7346882451f8ae0a033b7,6,cross_family_test_set,SOXLEX/structures/SOXLEX_C1_14_1679_z1_12.cif,6e76dfde76ae7959a15aa322e34802a1b38b85dd99221d20b726ee844dd491e1,9ededa87b0cf994ca563fce1ea05695ef5ce3416f9f7346882451f8ae0a033b7,0,48,"[""F"", ""C"", ""C"", ""C"", ""Br"", ""C"", ""Cl"", ""C"", ""Br"", ""C"", ""H"", ""H"", ""F"", ""C"", ""C"", ""C"", ""Br"", ""C"", ""Cl"", ""C"", ""Br"", ""C"", ""H"", ""H"", ""F"", ""C"", ""C"", ""C"", ""Br"", ""C"", ""Cl"", ""C"", ""Br"", ""C"", ""H"", ""H"", ""F"", ""C"", ""C"", ""C"", ""Br"", ""C"", ""Cl"", ""C"", ""Br"", ""C"", ""H"", ""H""]",C24H8Br8Cl4F4,"[true, true, true]","[16.26017121100136, 0.0, 0.0, 0.0, 9.023815047421001, 0.0, 0.3504144746963569, 0.0, 13.084219004585615]",1919.8314610147202,[],"{""cutoff=6.000_skin=0.000"": 880, ""cutoff=6.000_skin=0.500"": 1040}",0.0,,
OPT-RF-U256-SOXLEX48-R256-v1,084fa2fcc87265ca9469de27ad5fe18cba50709ffdc020a280a4d4657591cef9,OPT-RF-U256-SOXLEX48-R256-v1:0007,SOXLEX_C1_14_335_z1_12,db428c837eea45b9e13a5a635d0b669ac59f2bd27d615d4c32d04280c4d6fddc,7,cross_family_test_set,SOXLEX/structures/SOXLEX_C1_14_335_z1_12.cif,dd91a87cb1bd82ce4855c4873f00f5a10f007082c879a2f814a618096d882f4a,db428c837eea45b9e13a5a635d0b669ac59f2bd27d615d4c32d04280c4d6fddc,0,48,"[""F"", ""C"", ""C"", ""C"", ""Br"", ""C"", ""Cl"", ""C"", ""Br"", ""C"", ""H"", ""H"", ""F"", ""C"", ""C"", ""C"", ""Br"", ""C"", ""Cl"", ""C"", ""Br"", ""C"", ""H"", ""H"", ""F"", ""C"", ""C"", ""C"", ""Br"", ""C"", ""Cl"", ""C"", ""Br"", ""C"", ""H"", ""H"", ""F"", ""C"", ""C"", ""C"", ""Br"", ""C"", ""Cl"", ""C"", ""Br"", ""C"", ""H"", ""H""]",C24H8Br8Cl4F4,"[true, true, true]","[9.081413762187632, 0.0, 0.0, 0.0, 14.306502939664185, 0.0, 5.986682652174052, 0.0, 16.182185772868728]",2102.442534808465,[],"{""cutoff=6.000_skin=0.000"": 884, ""cutoff=6.000_skin=0.500"": 1076}",0.0,,
OPT-RF-U256-SOXLEX48-R256-v1,084fa2fcc87265ca9469de27ad5fe18cba50709ffdc020a280a4d4657591cef9,OPT-RF-U256-SOXLEX48-R256-v1:0008,SOXLEX_C1_14_4259_z1_12,4bf488f5be648b689ea79328bed416f1eeea012626693a9a71546ff6e5c3bda8,8,cross_family_test_set,SOXLEX/structures/SOXLEX_C1_14_4259_z1_12.cif,6d4fa5372f9fc3135c57b7ae5672a646a6e8f4622993f589c467c46f5ec47a53,4bf488f5be648b689ea79328bed416f1eeea012626693a9a71546ff6e5c3bda8,0,48,"[""F"", ""C"", ""C"", ""C"", ""Br"", ""C"", ""Cl"", ""C"", ""Br"", ""C"", ""H"", ""H"", ""F"", ""C"", ""C"", ""C"", ""Br"", ""C"", ""Cl"", ""C"", ""Br"", ""C"", ""H"", ""H"", ""F"", ""C"", ""C"", ""C"", ""Br"", ""C"", ""Cl"", ""C"", ""Br"", ""C"", ""H"", ""H"", ""F"", ""C"", ""C"", ""C"", ""Br"", ""C"", ""Cl"", ""C"", ""Br"", ""C"", ""H"", ""H""]",C24H8Br8Cl4F4,"[true, true, true]","[8.855182838595358, 0.0, 0.0, 0.0, 14.376255059014284, 0.0, 0.3631804842943988, 0.0, 14.17910386556282]",1805.0618433933278,[],"{""cutoff=6.000_skin=0.000"": 884, ""cutoff=6.000_skin=0.500"": 1132}",0.0,,
OPT-RF-U256-SOXLEX48-R256-v1,084fa2fcc87265ca9469de27ad5fe18cba50709ffdc020a280a4d4657591cef9,OPT-RF-U256-SOXLEX48-R256-v1:0009,SOXLEX_C1_14_103_z1_12,1fa22378257284ec1532d9bbd04aa6d7e342cf3f25d4f82a04f32a533b173482,9,cross_family_test_set,SOXLEX/structures/SOXLEX_C1_14_103_z1_12.cif,4f730e72e77e9ea86e100b300507c101aac896c062afd52a261f2da5bc9abf5c,1fa22378257284ec1532d9bbd04aa6d7e342cf3f25d4f82a04f32a533b173482,0,48,"[""F"", ""C"", ""C"", ""C"", ""Br"", ""C"", ""Cl"", ""C"", ""Br"", ""C"", ""H"", ""H"", ""F"", ""C"", ""C"", ""C"", ""Br"", ""C"", ""Cl"", ""C"", ""Br"", ""C"", ""H"", ""H"", ""F"", ""C"", ""C"", ""C"", ""Br"", ""C"", ""Cl"", ""C"", ""Br"", ""C"", ""H"", ""H"", ""F"", ""C"", ""C"", ""C"", ""Br"", ""C"", ""Cl"", ""C"", ""Br"", ""C"", ""H"", ""H""]",C24H8Br8Cl4F4,"[true, true, true]","[11.223165856606832, 0.0, 0.0, 0.0, 11.813763668763158, 0.0, 3.550020481636113, 0.0, 14.33321058224823]",1900.4092743491956,[],"{""cutoff=6.000_skin=0.000"": 892, ""cutoff=6.000_skin=0.500"": 1116}",0.0,,
OPT-RF-U256-SOXLEX48-R256-v1,084fa2fcc87265ca9469de27ad5fe18cba50709ffdc020a280a4d4657591cef9,OPT-RF-U256-SOXLEX48-R256-v1:0010,SOXLEX_C1_14_1478_z1_12,de5bbef6916ae7e19aca01772a8fe82bbba64023438db6e712e23cadb1aadfb8,10,cross_family_test_set,SOXLEX/structures/SOXLEX_C1_14_1478_z1_12.cif,55622186f61559702d3e4ed60b8d1341f779050ee7d2e2f38071c97f1e9c788e,de5bbef6916ae7e19aca01772a8fe82bbba64023438db6e712e23cadb1aadfb8,0,48,"[""F"", ""C"", ""C"", ""C"", ""Br"", ""C"", ""Cl"", ""C"", ""Br"", ""C"", ""H"", ""H"", ""F"", ""C"", ""C"", ""C"", ""Br"", ""C"", ""Cl"", ""C"", ""Br"", ""C"", ""H"", ""H"", ""F"", ""C"", ""C"", ""C"", ""Br"", ""C"", ""Cl"", ""C"", ""Br"", ""C"", ""H"", ""H"", ""F"", ""C"", ""C"", ""C"", ""Br"", ""C"", ""Cl"", ""C"", ""Br"", ""C"", ""H"", ""H""]",C24H8Br8Cl4F4,"[true, true, true]","[7.531218735520689, 0.0, 0.0, 0.0, 18.1308626436509, 0.0, 7.436157964198748, 0.0, 16.099928416851043]",2198.404853672065,[],"{""cutoff=6.000_skin=0.000"": 896, ""cutoff=6.000_skin=0.500"": 1176}",0.0,,
OPT-RF-U256-SOXLEX48-R256-v1,084fa2fcc87265ca9469de27ad5fe18cba50709ffdc020a280a4d4657591cef9,OPT-RF-U256-SOXLEX48-R256-v1:0011,SOXLEX_C1_14_1899_z1_12,81a1897dc3be9d1a5e9911aab0ffe091d0e61cf0950ee56829ab074e3b1daf16,11,cross_family_test_set,SOXLEX/structures/SOXLEX_C1_14_1899_z1_12.cif,a946b0dd5d4419c78b87e1fe2f0f336aefe1c13c25b435b20173a6d2a8ea1183,81a1897dc3be9d1a5e9911aab0ffe091d0e61cf0950ee56829ab074e3b1daf16,0,48,"[""F"", ""C"", ""C"", ""C"", ""Br"", ""C"", ""Cl"", ""C"", ""Br"", ""C"", ""H"", ""H"", ""F"", ""C"", ""C"", ""C"", ""Br"", ""C"", ""Cl"", ""C"", ""Br"", ""C"", ""H"", ""H"", ""F"", ""C"", ""C"", ""C"", ""Br"", ""C"", ""Cl"", ""C"", ""Br"", ""C"", ""H"", ""H"", ""F"", ""C"", ""C"", ""C"", ""Br"", ""C"", ""Cl"", ""C"", ""Br"", ""C"", ""H"", ""H""]",C24H8Br8Cl4F4,"[true, true, true]","[13.75006226693269, 0.0, 0.0, 0.0, 23.816399050552462, 0.0, 3.009785234720457, 0.0, 6.154491149696818]",2015.4541130973282,[],"{""cutoff=6.000_skin=0.000"": 912, ""cutoff=6.000_skin=0.500"": 1272}",0.0,,
OPT-RF-U256-SOXLEX48-R256-v1,084fa2fcc87265ca9469de27ad5fe18cba50709ffdc020a280a4d4657591cef9,OPT-RF-U256-SOXLEX48-R256-v1:0012,SOXLEX_C1_14_2079_z1_12,3f24a2b3c4cc17a804ff7718e84139c2935fbe6cdeadbcf9d1f4dd9457e78eff,12,cross_family_test_set,SOXLEX/structures/SOXLEX_C1_14_2079_z1_12.cif,3659bbbbff35ddbdccbf194e09939ae8ca7429e1bad68a5ef35117e45214f147,3f24a2b3c4cc17a804ff7718e84139c2935fbe6cdeadbcf9d1f4dd9457e78eff,0,48,"[""F"", ""C"", ""C"", ""C"", ""Br"", ""C"", ""Cl"", ""C"", ""Br"", ""C"", ""H"", ""H"", ""F"", ""C"", ""C"", ""C"", ""Br"", ""C"", ""Cl"", ""C"", ""Br"", ""C"", ""H"", ""H"", ""F"", ""C"", ""C"", ""C"", ""Br"", ""C"", ""Cl"", ""C"", ""Br"", ""C"", ""H"", ""H"", ""F"", ""C"", ""C"", ""C"", ""Br"", ""C"", ""Cl"", ""C"", ""Br"", ""C"", ""H"", ""H""]",C24H8Br8Cl4F4,"[true, true, true]","[8.902358618275898, 0.0, 0.0, 0.0, 14.291746900583142, 0.0, 5.496725044143579, 0.0, 14.389773897617626]",1830.814619519048,[],"{""cutoff=6.000_skin=0.000"": 920, ""cutoff=6.000_skin=0.500"": 1112}",0.0,,
OPT-RF-U256-SOXLEX48-R256-v1,084fa2fcc87265ca9469de27ad5fe18cba50709ffdc020a280a4d4657591cef9,OPT-RF-U256-SOXLEX48-R256-v1:0013,SOXLEX_C1_14_3728_z1_12,ab932c563ee0a4b7c7e5fcb8310ffc8dedcc56b8806fc9e18fe681e06584f91a,13,cross_family_test_set,SOXLEX/structures/SOXLEX_C1_14_3728_z1_12.cif,85fe92e239ce49ced0f0cbf4d856fa2e0c4ec0a028fb53336e1f3e9cfb958e6f,ab932c563ee0a4b7c7e5fcb8310ffc8dedcc56b8806fc9e18fe681e06584f91a,0,48,"[""F"", ""C"", ""C"", ""C"", ""Br"", ""C"", ""Cl"", ""C"", ""Br"", ""C"", ""H"", ""H"", ""F"", ""C"", ""C"", ""C"", ""Br"", ""C"", ""Cl"", ""C"", ""Br"", ""C"", ""H"", ""H"", ""F"", ""C"", ""C"", ""C"", ""Br"", ""C"", ""Cl"", ""C"", ""Br"", ""C"", ""H"", ""H"", ""F"", ""C"", ""C"", ""C"", ""Br"", ""C"", ""Cl"", ""C"", ""Br"", ""C"", ""H"", ""H""]",C24H8Br8Cl4F4,"[true, true, true]","[15.968065551141244, 0.0, 0.0, 0.0, 10.028822314926018, 0.0, 6.0983043159418, 0.0, 13.433768374568736]",2151.2956521105884,[],"{""cutoff=6.000_skin=0.000"": 924, ""cutoff=6.000_skin=0.500"": 1152}",0.0,,
OPT-RF-U256-SOXLEX48-R256-v1,084fa2fcc87265ca9469de27ad5fe18cba50709ffdc020a280a4d4657591cef9,OPT-RF-U256-SOXLEX48-R256-v1:0014,SOXLEX_C1_14_4333_z1_12,15e6b5f5e500a18932538daa701256ec8ecaa75c58aa25360bf9e7e1e6bb1a33,14,cross_family_test_set,SOXLEX/structures/SOXLEX_C1_14_4333_z1_12.cif,afb25a4f49bd0cb42177d7d89d84ff206c82a3389869ee14d4488a687aa2dfa4,15e6b5f5e500a18932538daa701256ec8ecaa75c58aa25360bf9e7e1e6bb1a33,0,48,"[""F"", ""C"", ""C"", ""C"", ""Br"", ""C"", ""Cl"", ""C"", ""Br"", ""C"", ""H"", ""H"", ""F"", ""C"", ""C"", ""C"", ""Br"", ""C"", ""Cl"", ""C"", ""Br"", ""C"", ""H"", ""H"", ""F"", ""C"", ""C"", ""C"", ""Br"", ""C"", ""Cl"", ""C"", ""Br"", ""C"", ""H"", ""H"", ""F"", ""C"", ""C"", ""C"", ""Br"", ""C"", ""Cl"", ""C"", ""Br"", ""C"", ""H"", ""H""]",C24H8Br8Cl4F4,"[true, true, true]","[8.384404267233332, 0.0, 0.0, 0.0, 23.991452877288257, 0.0, 4.152573795877937, 0.0, 10.400347501530275]",2092.071916103896,[],"{""cutoff=6.000_skin=0.000"": 928, ""cutoff=6.000_skin=0.500"": 1132}",0.0,,
OPT-RF-U256-SOXLEX48-R256-v1,084fa2fcc87265ca9469de27ad5fe18cba50709ffdc020a280a4d4657591cef9,OPT-RF-U256-SOXLEX48-R256-v1:0015,SOXLEX_C1_14_3281_z1_12,981c445b07198113500666590ae9f45deaeca00d7d801f79e1d6d19833507ad0,15,cross_family_test_set,SOXLEX/structures/SOXLEX_C1_14_3281_z1_12.cif,4a36491b926a30134b3ce247f8aa8a3714c3bafa94a79389ffe223824892e46a,981c445b07198113500666590ae9f45deaeca00d7d801f79e1d6d19833507ad0,0,48,"[""F"", ""C"", ""C"", ""C"", ""Br"", ""C"", ""Cl"", ""C"", ""Br"", ""C"", ""H"", ""H"", ""F"", ""C"", ""C"", ""C"", ""Br"", ""C"", ""Cl"", ""C"", ""Br"", ""C"", ""H"", ""H"", ""F"", ""C"", ""C"", ""C"", ""Br"", ""C"", ""Cl"", ""C"", ""Br"", ""C"", ""H"", ""H"", ""F"", ""C"", ""C"", ""C"", ""Br"", ""C"", ""Cl"", ""C"", ""Br"", ""C"", ""H"", ""H""]",C24H8Br8Cl4F4,"[true, true, true]","[10.356016057521842, 0.0, 0.0, 0.0, 14.119893928467596, 0.0, -1.7331671515436562, 0.0, 13.248256435781917]",1937.237535204957,[],"{""cutoff=6.000_skin=0.000"": 944, ""cutoff=6.000_skin=0.500"": 1128}",0.0,,
OPT-RF-U256-SOXLEX48-R256-v1,084fa2fcc87265ca9469de27ad5fe18cba50709ffdc020a280a4d4657591cef9,OPT-RF-U256-SOXLEX48-R256-v1:0016,SOXLEX_C1_14_4180_z1_12,26627c467f07bee7b9bb65fd162fe71a2c2f951d9bd5f59041bf7fff44a20ecc,16,cross_family_test_set,SOXLEX/structures/SOXLEX_C1_14_4180_z1_12.cif,7976fa37be7ce808a60f088ad7f249fafac9e01bb2c9996cb407b0e28c52547c,26627c467f07bee7b9bb65fd162fe71a2c2f951d9bd5f59041bf7fff44a20ecc,0,48,"[""F"", ""C"", ""C"", ""C"", ""Br"", ""C"", ""Cl"", ""C"", ""Br"", ""C"", ""H"", ""H"", ""F"", ""C"", ""C"", ""C"", ""Br"", ""C"", ""Cl"", ""C"", ""Br"", ""C"", ""H"", ""H"", ""F"", ""C"", ""C"", ""C"", ""Br"", ""C"", ""Cl"", ""C"", ""Br"", ""C"", ""H"", ""H"", ""F"", ""C"", ""C"", ""C"", ""Br"", ""C"", ""Cl"", ""C"", ""Br"", ""C"", ""H"", ""H""]",C24H8Br8Cl4F4,"[true, true, true]","[8.921585384436653, 0.0, 0.0, 0.0, 11.428312513934278, 0.0, -1.2396196295444322, 0.0, 20.181383092741346]",2057.6668960132824,[],"{""cutoff=6.000_skin=0.000"": 956, ""cutoff=6.000_skin=0.500"": 1244}",0.0,,
OPT-RF-U256-SOXLEX48-R256-v1,084fa2fcc87265ca9469de27ad5fe18cba50709ffdc020a280a4d4657591cef9,OPT-RF-U256-SOXLEX48-R256-v1:0017,SOXLEX_C1_14_1959_z1_12,21bee91467ca9a8c6c21a08f88fa9befbeaa2c3895647e4902b181f12f87c427,17,cross_family_test_set,SOXLEX/structures/SOXLEX_C1_14_1959_z1_12.cif,32140d515541f28e62cb8f51d551186746d428ba57502c5d22ddf340557d86ab,21bee91467ca9a8c6c21a08f88fa9befbeaa2c3895647e4902b181f12f87c427,0,48,"[""F"", ""C"", ""C"", ""C"", ""Br"", ""C"", ""Cl"", ""C"", ""Br"", ""C"", ""H"", ""H"", ""F"", ""C"", ""C"", ""C"", ""Br"", ""C"", ""Cl"", ""C"", ""Br"", ""C"", ""H"", ""H"", ""F"", ""C"", ""C"", ""C"", ""Br"", ""C"", ""Cl"", ""C"", ""Br"", ""C"", ""H"", ""H"", ""F"", ""C"", ""C"", ""C"", ""Br"", ""C"", ""Cl"", ""C"", ""Br"", ""C"", ""H"", ""H""]",C24H8Br8Cl4F4,"[true, true, true]","[11.558704298194662, 0.0, 0.0, 0.0, 12.034666605434495, 0.0, 8.56876156806071, 0.0, 16.047271030003802]",2232.2580857563707,[],"{""cutoff=6.000_skin=0.000"": 968, ""cutoff=6.000_skin=0.500"": 1124}",0.0,,
OPT-RF-U256-SOXLEX48-R256-v1,084fa2fcc87265ca9469de27ad5fe18cba50709ffdc020a280a4d4657591cef9,OPT-RF-U256-SOXLEX48-R256-v1:0018,SOXLEX_C1_14_3100_z1_12,29784b49fd8ca3179617aeaa897ca245dc6344e5ea796bbbcf1b5b19c7acc53d,18,cross_family_test_set,SOXLEX/structures/SOXLEX_C1_14_3100_z1_12.cif,4c971eda54bb75a4075ba9e5dcffe5d0a4fc5b1f28b6873097a02da6ece13178,29784b49fd8ca3179617aeaa897ca245dc6344e5ea796bbbcf1b5b19c7acc53d,0,48,"[""F"", ""C"", ""C"", ""C"", ""Br"", ""C"", ""Cl"", ""C"", ""Br"", ""C"", ""H"", ""H"", ""F"", ""C"", ""C"", ""C"", ""Br"", ""C"", ""Cl"", ""C"", ""Br"", ""C"", ""H"", ""H"", ""F"", ""C"", ""C"", ""C"", ""Br"", ""C"", ""Cl"", ""C"", ""Br"", ""C"", ""H"", ""H"", ""F"", ""C"", ""C"", ""C"", ""Br"", ""C"", ""Cl"", ""C"", ""Br"", ""C"", ""H"", ""H""]",C24H8Br8Cl4F4,"[true, true, true]","[12.323280221745373, 0.0, 0.0, 0.0, 11.926384160868992, 0.0, -0.7446291674035965, 0.0, 12.74231883939749]",1872.7663022208685,[],"{""cutoff=6.000_skin=0.000"": 968, ""cutoff=6.000_skin=0.500"": 1244}",0.0,,
OPT-RF-U256-SOXLEX48-R256-v1,084fa2fcc87265ca9469de27ad5fe18cba50709ffdc020a280a4d4657591cef9,OPT-RF-U256-SOXLEX48-R256-v1:0019,SOXLEX_C1_14_864_z1_12,0a18840f7a5c29bfdf2578b015ab1fe5468f9b568c6ce07a5473287d2ef16aee,19,cross_family_test_set,SOXLEX/structures/SOXLEX_C1_14_864_z1_12.cif,837bd02ad4451e76542a5c969d06440de565716f62c4571fa51ac396311c40c2,0a18840f7a5c29bfdf2578b015ab1fe5468f9b568c6ce07a5473287d2ef16aee,0,48,"[""F"", ""C"", ""C"", ""C"", ""Br"", ""C"", ""Cl"", ""C"", ""Br"", ""C"", ""H"", ""H"", ""F"", ""C"", ""C"", ""C"", ""Br"", ""C"", ""Cl"", ""C"", ""Br"", ""C"", ""H"", ""H"", ""F"", ""C"", ""C"", ""C"", ""Br"", ""C"", ""Cl"", ""C"", ""Br"", ""C"", ""H"", ""H"", ""F"", ""C"", ""C"", ""C"", ""Br"", ""C"", ""Cl"", ""C"", ""Br"", ""C"", ""H"", ""H""]",C24H8Br8Cl4F4,"[true, true, true]","[10.060041212220469, 0.0, 0.0, 0.0, 13.031182412883073, 0.0, -3.1873301286901974, 0.0, 13.753488445261056]",1803.0030066693166,[],"{""cutoff=6.000_skin=0.000"": 972, ""cutoff=6.000_skin=0.500"": 1268}",0.0,,
OPT-RF-U256-SOXLEX48-R256-v1,084fa2fcc87265ca9469de27ad5fe18cba50709ffdc020a280a4d4657591cef9,OPT-RF-U256-SOXLEX48-R256-v1:0020,SOXLEX_C1_14_2170_z1_12,02d0812b8c11356a7b678d78c52608fd4abe37417be724d85c1caff10fe78dd2,20,cross_family_test_set,SOXLEX/structures/SOXLEX_C1_14_2170_z1_12.cif,df17f1e78c63aee75889ea0c073b41d7f3b0a5df8a0fe3f420da080beae6e17a,02d0812b8c11356a7b678d78c52608fd4abe37417be724d85c1caff10fe78dd2,0,48,"[""F"", ""C"", ""C"", ""C"", ""Br"", ""C"", ""Cl"", ""C"", ""Br"", ""C"", ""H"", ""H"", ""F"", ""C"", ""C"", ""C"", ""Br"", ""C"", ""Cl"", ""C"", ""Br"", ""C"", ""H"", ""H"", ""F"", ""C"", ""C"", ""C"", ""Br"", ""C"", ""Cl"", ""C"", ""Br"", ""C"", ""H"", ""H"", ""F"", ""C"", ""C"", ""C"", ""Br"", ""C"", ""Cl"", ""C"", ""Br"", ""C"", ""H"", ""H""]",C24H8Br8Cl4F4,"[true, true, true]","[13.097255479762303, 0.0, 0.0, 0.0, 11.053774634178012, 0.0, 6.159116781795613, 0.0, 12.487381971656477]",1807.8496161658875,[],"{""cutoff=6.000_skin=0.000"": 976, ""cutoff=6.000_skin=0.500"": 1168}",0.0,,
OPT-RF-U256-SOXLEX48-R256-v1,084fa2fcc87265ca9469de27ad5fe18cba50709ffdc020a280a4d4657591cef9,OPT-RF-U256-SOXLEX48-R256-v1:0021,SOXLEX_C1_14_819_z1_12,27a8a32ca6d519bfacce48e5e52ed7dc055ab91365cc5f520f1e6391013c5063,21,cross_family_test_set,SOXLEX/structures/SOXLEX_C1_14_819_z1_12.cif,d7d768c720787a970bec0048781da73048c1ba3ae0db73d52e0bb8c42251c152,27a8a32ca6d519bfacce48e5e52ed7dc055ab91365cc5f520f1e6391013c5063,0,48,"[""F"", ""C"", ""C"", ""C"", ""Br"", ""C"", ""Cl"", ""C"", ""Br"", ""C"", ""H"", ""H"", ""F"", ""C"", ""C"", ""C"", ""Br"", ""C"", ""Cl"", ""C"", ""Br"", ""C"", ""H"", ""H"", ""F"", ""C"", ""C"", ""C"", ""Br"", ""C"", ""Cl"", ""C"", ""Br"", ""C"", ""H"", ""H"", ""F"", ""C"", ""C"", ""C"", ""Br"", ""C"", ""Cl"", ""C"", ""Br"", ""C"", ""H"", ""H""]",C24H8Br8Cl4F4,"[true, true, true]","[13.483107207320472, 0.0, 0.0, 0.0, 16.649077577682924, 0.0, 0.4632633312576836, 0.0, 9.107199998957446]",2044.3960758450612,[],"{""cutoff=6.000_skin=0.000"": 976, ""cutoff=6.000_skin=0.500"": 1204}",0.0,,
OPT-RF-U256-SOXLEX48-R256-v1,084fa2fcc87265ca9469de27ad5fe18cba50709ffdc020a280a4d4657591cef9,OPT-RF-U256-SOXLEX48-R256-v1:0022,SOXLEX_C1_14_3020_z1_12,de780e44356b1b3b5a00d0826fc088286d84b54fafe87e030e2ec67acb082003,22,cross_family_test_set,SOXLEX/structures/SOXLEX_C1_14_3020_z1_12.cif,45bcd86c96af70482a29e4413ec1bf8faf7dd242475886456a6013422cbce974,de780e44356b1b3b5a00d0826fc088286d84b54fafe87e030e2ec67acb082003,0,48,"[""F"", ""C"", ""C"", ""C"", ""Br"", ""C"", ""Cl"", ""C"", ""Br"", ""C"", ""H"", ""H"", ""F"", ""C"", ""C"", ""C"", ""Br"", ""C"", ""Cl"", ""C"", ""Br"", ""C"", ""H"", ""H"", ""F"", ""C"", ""C"", ""C"", ""Br"", ""C"", ""Cl"", ""C"", ""Br"", ""C"", ""H"", ""H"", ""F"", ""C"", ""C"", ""C"", ""Br"", ""C"", ""Cl"", ""C"", ""Br"", ""C"", ""H"", ""H""]",C24H8Br8Cl4F4,"[true, true, true]","[12.277702968206391, 0.0, 0.0, 0.0, 13.150751149661545, 0.0, 1.66302723515813, 0.0, 12.463597209244153]",2012.385073708167,[],"{""cutoff=6.000_skin=0.000"": 984, ""cutoff=6.000_skin=0.500"": 1148}",0.0,,
OPT-RF-U256-SOXLEX48-R256-v1,084fa2fcc87265ca9469de27ad5fe18cba50709ffdc020a280a4d4657591cef9,OPT-RF-U256-SOXLEX48-R256-v1:0023,SOXLEX_C1_14_478_z1_12,0cbe9c2f51a09fbf86a2323bdf36085919d4ffa7267704ef01eff9d4bd10ef09,23,cross_family_test_set,SOXLEX/structures/SOXLEX_C1_14_478_z1_12.cif,93dbef6f03ce5cd8ed535e7657c91061ec1c4027638fee417ae801f7eabcdf1c,0cbe9c2f51a09fbf86a2323bdf36085919d4ffa7267704ef01eff9d4bd10ef09,0,48,"[""F"", ""C"", ""C"", ""C"", ""Br"", ""C"", ""Cl"", ""C"", ""Br"", ""C"", ""H"", ""H"", ""F"", ""C"", ""C"", ""C"", ""Br"", ""C"", ""Cl"", ""C"", ""Br"", ""C"", ""H"", ""H"", ""F"", ""C"", ""C"", ""C"", ""Br"", ""C"", ""Cl"", ""C"", ""Br"", ""C"", ""H"", ""H"", ""F"", ""C"", ""C"", ""C"", ""Br"", ""C"", ""Cl"", ""C"", ""Br"", ""C"", ""H"", ""H""]",C24H8Br8Cl4F4,"[true, true, true]","[8.635293029383071, 0.0, 0.0, 0.0, 13.185877548944923, 0.0, -2.761460111779879, 0.0, 14.560806797023643]",1657.950489086193,[],"{""cutoff=6.000_skin=0.000"": 984, ""cutoff=6.000_skin=0.500"": 1316}",0.0,,
OPT-RF-U256-SOXLEX48-R256-v1,084fa2fcc87265ca9469de27ad5fe18cba50709ffdc020a280a4d4657591cef9,OPT-RF-U256-SOXLEX48-R256-v1:0024,SOXLEX_C1_14_4437_z1_12,e66b27655b736b843aa673fe25070bc026ffc1dbc1d6412acde21438eda4a1a3,24,cross_family_test_set,SOXLEX/structures/SOXLEX_C1_14_4437_z1_12.cif,e7369463cf62b4349aef9cf21906e103afb2b8f3ddaffd78925593d6e1d00841,e66b27655b736b843aa673fe25070bc026ffc1dbc1d6412acde21438eda4a1a3,0,48,"[""F"", ""C"", ""C"", ""C"", ""Br"", ""C"", ""Cl"", ""C"", ""Br"", ""C"", ""H"", ""H"", ""F"", ""C"", ""C"", ""C"", ""Br"", ""C"", ""Cl"", ""C"", ""Br"", ""C"", ""H"", ""H"", ""F"", ""C"", ""C"", ""C"", ""Br"", ""C"", ""Cl"", ""C"", ""Br"", ""C"", ""H"", ""H"", ""F"", ""C"", ""C"", ""C"", ""Br"", ""C"", ""Cl"", ""C"", ""Br"", ""C"", ""H"", ""H""]",C24H8Br8Cl4F4,"[true, true, true]","[12.58998111155249, 0.0, 0.0, 0.0, 11.507321990322978, 0.0, 1.0352098519630595, 0.0, 12.531197310411816]",1815.4818529794927,[],"{""cutoff=6.000_skin=0.000"": 988, ""cutoff=6.000_skin=0.500"": 1272}",0.0,,
OPT-RF-U256-SOXLEX48-R256-v1,084fa2fcc87265ca9469de27ad5fe18cba50709ffdc020a280a4d4657591cef9,OPT-RF-U256-SOXLEX48-R256-v1:0025,SOXLEX_C1_14_2562_z1_12,bc801ba0b44fe8630e8d293bbe6cca156e0aeda15d866591345ade4ca52828a2,25,cross_family_test_set,SOXLEX/structures/SOXLEX_C1_14_2562_z1_12.cif,e2e37aeaba895b9cd28af4894ad539f099e7ba1e2f98bb2081f4b7c225fe5406,bc801ba0b44fe8630e8d293bbe6cca156e0aeda15d866591345ade4ca52828a2,0,48,"[""F"", ""C"", ""C"", ""C"", ""Br"", ""C"", ""Cl"", ""C"", ""Br"", ""C"", ""H"", ""H"", ""F"", ""C"", ""C"", ""C"", ""Br"", ""C"", ""Cl"", ""C"", ""Br"", ""C"", ""H"", ""H"", ""F"", ""C"", ""C"", ""C"", ""Br"", ""C"", ""Cl"", ""C"", ""Br"", ""C"", ""H"", ""H"", ""F"", ""C"", ""C"", ""C"", ""Br"", ""C"", ""Cl"", ""C"", ""Br"", ""C"", ""H"", ""H""]",C24H8Br8Cl4F4,"[true, true, true]","[12.593333590125866, 0.0, 0.0, 0.0, 15.038814047743344, 0.0, 8.225443797054695, 0.0, 9.000647418533067]",1704.6218327483646,[],"{""cutoff=6.000_skin=0.000"": 992, ""cutoff=6.000_skin=0.500"": 1408}",0.0,,
OPT-RF-U256-SOXLEX48-R256-v1,084fa2fcc87265ca9469de27ad5fe18cba50709ffdc020a280a4d4657591cef9,OPT-RF-U256-SOXLEX48-R256-v1:0026,SOXLEX_C1_14_3329_z1_12,0ea4c263d55acc183ab227818a16bc203d2b6749ffe5b6b88cd1b0eeca6a479c,26,cross_family_test_set,SOXLEX/structures/SOXLEX_C1_14_3329_z1_12.cif,ef59a3a16bd462cb110e86c50fd4932e2e0dd302f049962b76c91e1af6b70937,0ea4c263d55acc183ab227818a16bc203d2b6749ffe5b6b88cd1b0eeca6a479c,0,48,"[""F"", ""C"", ""C"", ""C"", ""Br"", ""C"", ""Cl"", ""C"", ""Br"", ""C"", ""H"", ""H"", ""F"", ""C"", ""C"", ""C"", ""Br"", ""C"", ""Cl"", ""C"", ""Br"", ""C"", ""H"", ""H"", ""F"", ""C"", ""C"", ""C"", ""Br"", ""C"", ""Cl"", ""C"", ""Br"", ""C"", ""H"", ""H"", ""F"", ""C"", ""C"", ""C"", ""Br"", ""C"", ""Cl"", ""C"", ""Br"", ""C"", ""H"", ""H""]",C24H8Br8Cl4F4,"[true, true, true]","[16.19347533106994, 0.0, 0.0, 0.0, 6.982525066890201, 0.0, -12.49806265655186, 0.0, 15.813529108243786]",1788.0570437228778,[],"{""cutoff=6.000_skin=0.000"": 992, ""cutoff=6.000_skin=0.500"": 1344}",0.0,,
OPT-RF-U256-SOXLEX48-R256-v1,084fa2fcc87265ca9469de27ad5fe18cba50709ffdc020a280a4d4657591cef9,OPT-RF-U256-SOXLEX48-R256-v1:0027,SOXLEX_C1_14_1357_z1_12,74698d3ce357050b4d63d80765fff3ae8f8159544f577d826b17879cb8e1c7fd,27,cross_family_test_set,SOXLEX/structures/SOXLEX_C1_14_1357_z1_12.cif,8658810121ef5fe59df4e57b5272fe825889c47eaa8d578c26e18dba7ee5ca1d,74698d3ce357050b4d63d80765fff3ae8f8159544f577d826b17879cb8e1c7fd,0,48,"[""F"", ""C"", ""C"", ""C"", ""Br"", ""C"", ""Cl"", ""C"", ""Br"", ""C"", ""H"", ""H"", ""F"", ""C"", ""C"", ""C"", ""Br"", ""C"", ""Cl"", ""C"", ""Br"", ""C"", ""H"", ""H"", ""F"", ""C"", ""C"", ""C"", ""Br"", ""C"", ""Cl"", ""C"", ""Br"", ""C"", ""H"", ""H"", ""F"", ""C"", ""C"", ""C"", ""Br"", ""C"", ""Cl"", ""C"", ""Br"", ""C"", ""H"", ""H""]",C24H8Br8Cl4F4,"[true, true, true]","[14.630216714983021, 0.0, 0.0, 0.0, 7.170307477523835, 0.0, 5.248338378842948, 0.0, 15.048578649706291]",1578.6433381276693,[],"{""cutoff=6.000_skin=0.000"": 1008, ""cutoff=6.000_skin=0.500"": 1448}",0.0,,
OPT-RF-U256-SOXLEX48-R256-v1,084fa2fcc87265ca9469de27ad5fe18cba50709ffdc020a280a4d4657591cef9,OPT-RF-U256-SOXLEX48-R256-v1:0028,SOXLEX_C1_14_1006_z1_12,aa27a13c8f21855c4454fb4477205fcc8fb08afd35a471e3ced3ede2122ed544,28,cross_family_test_set,SOXLEX/structures/SOXLEX_C1_14_1006_z1_12.cif,8917ebbb899c2533f0fa2e67a4bceeaba7a02936ca2e569152772481055cb0bb,aa27a13c8f21855c4454fb4477205fcc8fb08afd35a471e3ced3ede2122ed544,0,48,"[""F"", ""C"", ""C"", ""C"", ""Br"", ""C"", ""Cl"", ""C"", ""Br"", ""C"", ""H"", ""H"", ""F"", ""C"", ""C"", ""C"", ""Br"", ""C"", ""Cl"", ""C"", ""Br"", ""C"", ""H"", ""H"", ""F"", ""C"", ""C"", ""C"", ""Br"", ""C"", ""Cl"", ""C"", ""Br"", ""C"", ""H"", ""H"", ""F"", ""C"", ""C"", ""C"", ""Br"", ""C"", ""Cl"", ""C"", ""Br"", ""C"", ""H"", ""H""]",C24H8Br8Cl4F4,"[true, true, true]","[9.022130518661074, 0.0, 0.0, 0.0, 8.767500828073132, 0.0, -1.7984399438687457, 0.0, 22.370311561763515]",1769.5260230814251,[],"{""cutoff=6.000_skin=0.000"": 1016, ""cutoff=6.000_skin=0.500"": 1252}",0.0,,
OPT-RF-U256-SOXLEX48-R256-v1,084fa2fcc87265ca9469de27ad5fe18cba50709ffdc020a280a4d4657591cef9,OPT-RF-U256-SOXLEX48-R256-v1:0029,SOXLEX_C1_14_1007_z1_12,56300d1930865f7648b2de1662d6909871cd6a665015a42c2dd00973f04cd2f1,29,cross_family_test_set,SOXLEX/structures/SOXLEX_C1_14_1007_z1_12.cif,623e29e0f5f2784ecc4c9a2db14d0675269325aed8d05eb7d7d3d5e6978bbf98,56300d1930865f7648b2de1662d6909871cd6a665015a42c2dd00973f04cd2f1,0,48,"[""F"", ""C"", ""C"", ""C"", ""Br"", ""C"", ""Cl"", ""C"", ""Br"", ""C"", ""H"", ""H"", ""F"", ""C"", ""C"", ""C"", ""Br"", ""C"", ""Cl"", ""C"", ""Br"", ""C"", ""H"", ""H"", ""F"", ""C"", ""C"", ""C"", ""Br"", ""C"", ""Cl"", ""C"", ""Br"", ""C"", ""H"", ""H"", ""F"", ""C"", ""C"", ""C"", ""Br"", ""C"", ""Cl"", ""C"", ""Br"", ""C"", ""H"", ""H""]",C24H8Br8Cl4F4,"[true, true, true]","[12.573369019128378, 0.0, 0.0, 0.0, 11.187562281137652, 0.0, 2.8444534816427307, 0.0, 12.094726763647081]",1701.3089610893608,[],"{""cutoff=6.000_skin=0.000"": 1028, ""cutoff=6.000_skin=0.500"": 1396}",0.0,,
OPT-RF-U256-SOXLEX48-R256-v1,084fa2fcc87265ca9469de27ad5fe18cba50709ffdc020a280a4d4657591cef9,OPT-RF-U256-SOXLEX48-R256-v1:0030,SOXLEX_C1_14_191_z1_12,c4190906fa13ee2b2ea1cb0ee359a0279999037672deb87924a853b711ffc4fc,30,cross_family_test_set,SOXLEX/structures/SOXLEX_C1_14_191_z1_12.cif,452ea3daee9cb5f190a10090213cc103946e75306d3d972119fff11361834a64,c4190906fa13ee2b2ea1cb0ee359a0279999037672deb87924a853b711ffc4fc,0,48,"[""F"", ""C"", ""C"", ""C"", ""Br"", ""C"", ""Cl"", ""C"", ""Br"", ""C"", ""H"", ""H"", ""F"", ""C"", ""C"", ""C"", ""Br"", ""C"", ""Cl"", ""C"", ""Br"", ""C"", ""H"", ""H"", ""F"", ""C"", ""C"", ""C"", ""Br"", ""C"", ""Cl"", ""C"", ""Br"", ""C"", ""H"", ""H"", ""F"", ""C"", ""C"", ""C"", ""Br"", ""C"", ""Cl"", ""C"", ""Br"", ""C"", ""H"", ""H""]",C24H8Br8Cl4F4,"[true, true, true]","[7.5947811519921995, 0.0, 0.0, 0.0, 21.821514889447045, 0.0, 5.945021409033101, 0.0, 11.998165152328207]",1988.4514712577395,[],"{""cutoff=6.000_skin=0.000"": 1028, ""cutoff=6.000_skin=0.500"": 1236}",0.0,,
OPT-RF-U256-SOXLEX48-R256-v1,084fa2fcc87265ca9469de27ad5fe18cba50709ffdc020a280a4d4657591cef9,OPT-RF-U256-SOXLEX48-R256-v1:0031,SOXLEX_C1_14_2115_z1_12,09d88de164ff4ccaae27df5f05562d26301d8745a112ef14f7b2c6450f9e9cd7,31,cross_family_test_set,SOXLEX/structures/SOXLEX_C1_14_2115_z1_12.cif,a96d916d1f7630e82eabb27465880dbfe642b0af0ab735f193ab2fc10f312734,09d88de164ff4ccaae27df5f05562d26301d8745a112ef14f7b2c6450f9e9cd7,0,48,"[""F"", ""C"", ""C"", ""C"", ""Br"", ""C"", ""Cl"", ""C"", ""Br"", ""C"", ""H"", ""H"", ""F"", ""C"", ""C"", ""C"", ""Br"", ""C"", ""Cl"", ""C"", ""Br"", ""C"", ""H"", ""H"", ""F"", ""C"", ""C"", ""C"", ""Br"", ""C"", ""Cl"", ""C"", ""Br"", ""C"", ""H"", ""H"", ""F"", ""C"", ""C"", ""C"", ""Br"", ""C"", ""Cl"", ""C"", ""Br"", ""C"", ""H"", ""H""]",C24H8Br8Cl4F4,"[true, true, true]","[13.95531159215357, 0.0, 0.0, 0.0, 13.351923735368086, 0.0, 5.958312467474747, 0.0, 10.581261827084992]",1971.60922590861,[],"{""cutoff=6.000_skin=0.000"": 1032, ""cutoff=6.000_skin=0.500"": 1224}",0.0,,
OPT-RF-U256-SOXLEX48-R256-v1,084fa2fcc87265ca9469de27ad5fe18cba50709ffdc020a280a4d4657591cef9,OPT-RF-U256-SOXLEX48-R256-v1:0032,SOXLEX_C1_14_3451_z1_12,82586cafd6f9bf40b71ca5c466384a213bfcd86cf9783bb616212d8b3853bc37,32,cross_family_test_set,SOXLEX/structures/SOXLEX_C1_14_3451_z1_12.cif,99d7c8c90413efa5e6abe578ba7377a20a563fb7fb2763c83421d4d42ec30358,82586cafd6f9bf40b71ca5c466384a213bfcd86cf9783bb616212d8b3853bc37,0,48,"[""F"", ""C"", ""C"", ""C"", ""Br"", ""C"", ""Cl"", ""C"", ""Br"", ""C"", ""H"", ""H"", ""F"", ""C"", ""C"", ""C"", ""Br"", ""C"", ""Cl"", ""C"", ""Br"", ""C"", ""H"", ""H"", ""F"", ""C"", ""C"", ""C"", ""Br"", ""C"", ""Cl"", ""C"", ""Br"", ""C"", ""H"", ""H"", ""F"", ""C"", ""C"", ""C"", ""Br"", ""C"", ""Cl"", ""C"", ""Br"", ""C"", ""H"", ""H""]",C24H8Br8Cl4F4,"[true, true, true]","[13.366962160908457, 0.0, 0.0, 0.0, 10.127958313534098, 0.0, -0.6290857529954754, 0.0, 12.523066779261997]",1695.3732256997387,[],"{""cutoff=6.000_skin=0.000"": 1048, ""cutoff=6.000_skin=0.500"": 1444}",0.0,,
OPT-RF-U256-SOXLEX48-R256-v1,084fa2fcc87265ca9469de27ad5fe18cba50709ffdc020a280a4d4657591cef9,OPT-RF-U256-SOXLEX48-R256-v1:0033,SOXLEX_C1_14_4107_z1_12,e863fb2ff08f4a7a27c9d15583eacff2c9e03a0d0ef20b83122bdd8d99f23636,33,cross_family_test_set,SOXLEX/structures/SOXLEX_C1_14_4107_z1_12.cif,b4dc1998cfe7b578e0519c549ac5389ee9bd14ff0c5605cccbd1b675222e6cad,e863fb2ff08f4a7a27c9d15583eacff2c9e03a0d0ef20b83122bdd8d99f23636,0,48,"[""F"", ""C"", ""C"", ""C"", ""Br"", ""C"", ""Cl"", ""C"", ""Br"", ""C"", ""H"", ""H"", ""F"", ""C"", ""C"", ""C"", ""Br"", ""C"", ""Cl"", ""C"", ""Br"", ""C"", ""H"", ""H"", ""F"", ""C"", ""C"", ""C"", ""Br"", ""C"", ""Cl"", ""C"", ""Br"", ""C"", ""H"", ""H"", ""F"", ""C"", ""C"", ""C"", ""Br"", ""C"", ""Cl"", ""C"", ""Br"", ""C"", ""H"", ""H""]",C24H8Br8Cl4F4,"[true, true, true]","[11.819858262543782, 0.0, 0.0, 0.0, 10.910103676529666, 0.0, 8.018774527675367, 0.0, 15.55655718277472]",2006.109507060052,[],"{""cutoff=6.000_skin=0.000"": 1048, ""cutoff=6.000_skin=0.500"": 1468}",0.0,,
OPT-RF-U256-SOXLEX48-R256-v1,084fa2fcc87265ca9469de27ad5fe18cba50709ffdc020a280a4d4657591cef9,OPT-RF-U256-SOXLEX48-R256-v1:0034,SOXLEX_C1_14_963_z1_12,1896bfae4a798ce23368925285dd0ba3c265fa8467391f6ada46132717bd5586,34,cross_family_test_set,SOXLEX/structures/SOXLEX_C1_14_963_z1_12.cif,c1b8829b85c743391cbc4e98ada737d2d1ef6e9c061354c61a446cbf6b5655f2,1896bfae4a798ce23368925285dd0ba3c265fa8467391f6ada46132717bd5586,0,48,"[""F"", ""C"", ""C"", ""C"", ""Br"", ""C"", ""Cl"", ""C"", ""Br"", ""C"", ""H"", ""H"", ""F"", ""C"", ""C"", ""C"", ""Br"", ""C"", ""Cl"", ""C"", ""Br"", ""C"", ""H"", ""H"", ""F"", ""C"", ""C"", ""C"", ""Br"", ""C"", ""Cl"", ""C"", ""Br"", ""C"", ""H"", ""H"", ""F"", ""C"", ""C"", ""C"", ""Br"", ""C"", ""Cl"", ""C"", ""Br"", ""C"", ""H"", ""H""]",C24H8Br8Cl4F4,"[true, true, true]","[7.7998007206756785, 0.0, 0.0, 0.0, 13.517172626665054, 0.0, 5.44581658315937, 0.0, 15.077111463794491]",1589.5987501571,[],"{""cutoff=6.000_skin=0.000"": 1052, ""cutoff=6.000_skin=0.500"": 1300}",0.0,,
OPT-RF-U256-SOXLEX48-R256-v1,084fa2fcc87265ca9469de27ad5fe18cba50709ffdc020a280a4d4657591cef9,OPT-RF-U256-SOXLEX48-R256-v1:0035,SOXLEX_C1_14_2755_z1_12,502b87df516742a3589246dadb4699c15a94833fd8ac77f502e890d19d2e3c8b,35,cross_family_test_set,SOXLEX/structures/SOXLEX_C1_14_2755_z1_12.cif,dd9f38a6e228d0d4fbf437b0507ba0028bb3a7442326e2f103faba41761d2dcd,502b87df516742a3589246dadb4699c15a94833fd8ac77f502e890d19d2e3c8b,0,48,"[""F"", ""C"", ""C"", ""C"", ""Br"", ""C"", ""Cl"", ""C"", ""Br"", ""C"", ""H"", ""H"", ""F"", ""C"", ""C"", ""C"", ""Br"", ""C"", ""Cl"", ""C"", ""Br"", ""C"", ""H"", ""H"", ""F"", ""C"", ""C"", ""C"", ""Br"", ""C"", ""Cl"", ""C"", ""Br"", ""C"", ""H"", ""H"", ""F"", ""C"", ""C"", ""C"", ""Br"", ""C"", ""Cl"", ""C"", ""Br"", ""C"", ""H"", ""H""]",C24H8Br8Cl4F4,"[true, true, true]","[13.281306684115716, 0.0, 0.0, 0.0, 12.283850790989842, 0.0, 5.475459014867757, 0.0, 10.945486744897972]",1785.7078886420238,[],"{""cutoff=6.000_skin=0.000"": 1064, ""cutoff=6.000_skin=0.500"": 1388}",0.0,,
OPT-RF-U256-SOXLEX48-R256-v1,084fa2fcc87265ca9469de27ad5fe18cba50709ffdc020a280a4d4657591cef9,OPT-RF-U256-SOXLEX48-R256-v1:0036,SOXLEX_C1_14_2570_z1_12,80c9fe6a5076c1502fba51158335573b88cb234adf6ada4d8235988309e30c21,36,cross_family_test_set,SOXLEX/structures/SOXLEX_C1_14_2570_z1_12.cif,5d5aa1aca62bd186f14f2d9bd4bed7009052c5e70a614fef1fdc3a7dfe0bf6dd,80c9fe6a5076c1502fba51158335573b88cb234adf6ada4d8235988309e30c21,0,48,"[""F"", ""C"", ""C"", ""C"", ""Br"", ""C"", ""Cl"", ""C"", ""Br"", ""C"", ""H"", ""H"", ""F"", ""C"", ""C"", ""C"", ""Br"", ""C"", ""Cl"", ""C"", ""Br"", ""C"", ""H"", ""H"", ""F"", ""C"", ""C"", ""C"", ""Br"", ""C"", ""Cl"", ""C"", ""Br"", ""C"", ""H"", ""H"", ""F"", ""C"", ""C"", ""C"", ""Br"", ""C"", ""Cl"", ""C"", ""Br"", ""C"", ""H"", ""H""]",C24H8Br8Cl4F4,"[true, true, true]","[9.538677978129098, 0.0, 0.0, 0.0, 14.496025734162698, 0.0, 6.14854192550176, 0.0, 11.05197139983732]",1528.1883731362302,[],"{""cutoff=6.000_skin=0.000"": 1072, ""cutoff=6.000_skin=0.500"": 1480}",0.0,,
OPT-RF-U256-SOXLEX48-R256-v1,084fa2fcc87265ca9469de27ad5fe18cba50709ffdc020a280a4d4657591cef9,OPT-RF-U256-SOXLEX48-R256-v1:0037,SOXLEX_C1_14_3508_z1_12,d92e00068a39c99cbc9cb2a02c668ace5e89cf2cf3433cd629816b3c949cd49d,37,cross_family_test_set,SOXLEX/structures/SOXLEX_C1_14_3508_z1_12.cif,60565c6a9a54b2e1c3556783e6a26d4fc0c8c3e2be1b6da0db72863623009b77,d92e00068a39c99cbc9cb2a02c668ace5e89cf2cf3433cd629816b3c949cd49d,0,48,"[""F"", ""C"", ""C"", ""C"", ""Br"", ""C"", ""Cl"", ""C"", ""Br"", ""C"", ""H"", ""H"", ""F"", ""C"", ""C"", ""C"", ""Br"", ""C"", ""Cl"", ""C"", ""Br"", ""C"", ""H"", ""H"", ""F"", ""C"", ""C"", ""C"", ""Br"", ""C"", ""Cl"", ""C"", ""Br"", ""C"", ""H"", ""H"", ""F"", ""C"", ""C"", ""C"", ""Br"", ""C"", ""Cl"", ""C"", ""Br"", ""C"", ""H"", ""H""]",C24H8Br8Cl4F4,"[true, true, true]","[7.153595007409827, 0.0, 0.0, 0.0, 16.84069184274385, 0.0, 7.229391016862263, 0.0, 12.980734316483783]",1563.8083925570488,[],"{""cutoff=6.000_skin=0.000"": 1072, ""cutoff=6.000_skin=0.500"": 1388}",0.0,,
OPT-RF-U256-SOXLEX48-R256-v1,084fa2fcc87265ca9469de27ad5fe18cba50709ffdc020a280a4d4657591cef9,OPT-RF-U256-SOXLEX48-R256-v1:0038,SOXLEX_C1_14_2971_z1_12,480d63bdd1a95d98672645a37041e3fc0398a4c2fa5df1e7c64d6be67d48b4e1,38,cross_family_test_set,SOXLEX/structures/SOXLEX_C1_14_2971_z1_12.cif,50094d2e8d289ff3188ecb1540cc318828a872b32150427749ab002fb475d8d3,480d63bdd1a95d98672645a37041e3fc0398a4c2fa5df1e7c64d6be67d48b4e1,0,48,"[""F"", ""C"", ""C"", ""C"", ""Br"", ""C"", ""Cl"", ""C"", ""Br"", ""C"", ""H"", ""H"", ""F"", ""C"", ""C"", ""C"", ""Br"", ""C"", ""Cl"", ""C"", ""Br"", ""C"", ""H"", ""H"", ""F"", ""C"", ""C"", ""C"", ""Br"", ""C"", ""Cl"", ""C"", ""Br"", ""C"", ""H"", ""H"", ""F"", ""C"", ""C"", ""C"", ""Br"", ""C"", ""Cl"", ""C"", ""Br"", ""C"", ""H"", ""H""]",C24H8Br8Cl4F4,"[true, true, true]","[11.071845278464579, 0.0, 0.0, 0.0, 10.461045713258603, 0.0, -2.14331405972909, 0.0, 14.703259166537]",1702.9767566509272,[],"{""cutoff=6.000_skin=0.000"": 1076, ""cutoff=6.000_skin=0.500"": 1320}",0.0,,
OPT-RF-U256-SOXLEX48-R256-v1,084fa2fcc87265ca9469de27ad5fe18cba50709ffdc020a280a4d4657591cef9,OPT-RF-U256-SOXLEX48-R256-v1:0039,SOXLEX_C1_14_3245_z1_12,7abd293cbfc224371a3031d7349a75686be7625866ed280f68212c817d0a7fbe,39,cross_family_test_set,SOXLEX/structures/SOXLEX_C1_14_3245_z1_12.cif,178eb5e1bb99210de632855e935b826010d20d9129cac102c349b864d595012b,7abd293cbfc224371a3031d7349a75686be7625866ed280f68212c817d0a7fbe,0,48,"[""F"", ""C"", ""C"", ""C"", ""Br"", ""C"", ""Cl"", ""C"", ""Br"", ""C"", ""H"", ""H"", ""F"", ""C"", ""C"", ""C"", ""Br"", ""C"", ""Cl"", ""C"", ""Br"", ""C"", ""H"", ""H"", ""F"", ""C"", ""C"", ""C"", ""Br"", ""C"", ""Cl"", ""C"", ""Br"", ""C"", ""H"", ""H"", ""F"", ""C"", ""C"", ""C"", ""Br"", ""C"", ""Cl"", ""C"", ""Br"", ""C"", ""H"", ""H""]",C24H8Br8Cl4F4,"[true, true, true]","[10.723023025946489, 0.0, 0.0, 0.0, 11.8322181262185, 0.0, 2.7230935553305176, 0.0, 12.650231457357062]",1605.025281454813,[],"{""cutoff=6.000_skin=0.000"": 1076, ""cutoff=6.000_skin=0.500"": 1400}",0.0,,
OPT-RF-U256-SOXLEX48-R256-v1,084fa2fcc87265ca9469de27ad5fe18cba50709ffdc020a280a4d4657591cef9,OPT-RF-U256-SOXLEX48-R256-v1:0040,SOXLEX_C1_14_1765_z1_12,a935fb5a61c712f5c52f5a7fc0839581f0f5dec7abcff95884505a5487d882b2,40,cross_family_test_set,SOXLEX/structures/SOXLEX_C1_14_1765_z1_12.cif,3cf7c96d017d74ec52d5f4ea0d3b74974a18ea9cc5533da1bf081017a3077e5e,a935fb5a61c712f5c52f5a7fc0839581f0f5dec7abcff95884505a5487d882b2,0,48,"[""F"", ""C"", ""C"", ""C"", ""Br"", ""C"", ""Cl"", ""C"", ""Br"", ""C"", ""H"", ""H"", ""F"", ""C"", ""C"", ""C"", ""Br"", ""C"", ""Cl"", ""C"", ""Br"", ""C"", ""H"", ""H"", ""F"", ""C"", ""C"", ""C"", ""Br"", ""C"", ""Cl"", ""C"", ""Br"", ""C"", ""H"", ""H"", ""F"", ""C"", ""C"", ""C"", ""Br"", ""C"", ""Cl"", ""C"", ""Br"", ""C"", ""H"", ""H""]",C24H8Br8Cl4F4,"[true, true, true]","[7.459095201603095, 0.0, 0.0, 0.0, 13.82004189138788, 0.0, -2.6745824537569445, 0.0, 14.645134177875768]",1509.6937762014038,[],"{""cutoff=6.000_skin=0.000"": 1100, ""cutoff=6.000_skin=0.500"": 1440}",0.0,,
OPT-RF-U256-SOXLEX48-R256-v1,084fa2fcc87265ca9469de27ad5fe18cba50709ffdc020a280a4d4657591cef9,OPT-RF-U256-SOXLEX48-R256-v1:0041,SOXLEX_C1_14_173_z1_12,ace4e133b8e39288acf5f4562534bcdd0c158eba0b8d1bd5490f5720f6ff0edc,41,cross_family_test_set,SOXLEX/structures/SOXLEX_C1_14_173_z1_12.cif,e8b23029def898f39a48a7f80376cc005681f09d07a7b9944a75ec73c73486f3,ace4e133b8e39288acf5f4562534bcdd0c158eba0b8d1bd5490f5720f6ff0edc,0,48,"[""F"", ""C"", ""C"", ""C"", ""Br"", ""C"", ""Cl"", ""C"", ""Br"", ""C"", ""H"", ""H"", ""F"", ""C"", ""C"", ""C"", ""Br"", ""C"", ""Cl"", ""C"", ""Br"", ""C"", ""H"", ""H"", ""F"", ""C"", ""C"", ""C"", ""Br"", ""C"", ""Cl"", ""C"", ""Br"", ""C"", ""H"", ""H"", ""F"", ""C"", ""C"", ""C"", ""Br"", ""C"", ""Cl"", ""C"", ""Br"", ""C"", ""H"", ""H""]",C24H8Br8Cl4F4,"[true, true, true]","[8.195945009886408, 0.0, 0.0, 0.0, 16.685180762604112, 0.0, -10.872854871922026, 0.0, 13.913056997496966]",1902.6220089102303,[],"{""cutoff=6.000_skin=0.000"": 1104, ""cutoff=6.000_skin=0.500"": 1296}",0.0,,
OPT-RF-U256-SOXLEX48-R256-v1,084fa2fcc87265ca9469de27ad5fe18cba50709ffdc020a280a4d4657591cef9,OPT-RF-U256-SOXLEX48-R256-v1:0042,SOXLEX_C1_14_2580_z1_12,71c6fb0726791159e4ffb64a87a9d7c1f31ab255df42fe45a04ec3e7f21d14f6,42,cross_family_test_set,SOXLEX/structures/SOXLEX_C1_14_2580_z1_12.cif,73c0bb95827daecd2f821dce4bf45c53617ce226dd5ec9a9736fe5fe51841684,71c6fb0726791159e4ffb64a87a9d7c1f31ab255df42fe45a04ec3e7f21d14f6,0,48,"[""F"", ""C"", ""C"", ""C"", ""Br"", ""C"", ""Cl"", ""C"", ""Br"", ""C"", ""H"", ""H"", ""F"", ""C"", ""C"", ""C"", ""Br"", ""C"", ""Cl"", ""C"", ""Br"", ""C"", ""H"", ""H"", ""F"", ""C"", ""C"", ""C"", ""Br"", ""C"", ""Cl"", ""C"", ""Br"", ""C"", ""H"", ""H"", ""F"", ""C"", ""C"", ""C"", ""Br"", ""C"", ""Cl"", ""C"", ""Br"", ""C"", ""H"", ""H""]",C24H8Br8Cl4F4,"[true, true, true]","[14.459301536572085, 0.0, 0.0, 0.0, 11.683226854123909, 0.0, -1.404767713701982, 0.0, 10.74811952437938]",1815.6938038512887,[],"{""cutoff=6.000_skin=0.000"": 1116, ""cutoff=6.000_skin=0.500"": 1352}",0.0,,
OPT-RF-U256-SOXLEX48-R256-v1,084fa2fcc87265ca9469de27ad5fe18cba50709ffdc020a280a4d4657591cef9,OPT-RF-U256-SOXLEX48-R256-v1:0043,SOXLEX_C1_14_2938_z1_12,65c96249d9702c70c239f3a4252523ef886aa9d81842b50321719510b97cf74d,43,cross_family_test_set,SOXLEX/structures/SOXLEX_C1_14_2938_z1_12.cif,7f85a465dd3673b5dad590f03b8f3281b000672b9db8186815cd68f20933285a,65c96249d9702c70c239f3a4252523ef886aa9d81842b50321719510b97cf74d,0,48,"[""F"", ""C"", ""C"", ""C"", ""Br"", ""C"", ""Cl"", ""C"", ""Br"", ""C"", ""H"", ""H"", ""F"", ""C"", ""C"", ""C"", ""Br"", ""C"", ""Cl"", ""C"", ""Br"", ""C"", ""H"", ""H"", ""F"", ""C"", ""C"", ""C"", ""Br"", ""C"", ""Cl"", ""C"", ""Br"", ""C"", ""H"", ""H"", ""F"", ""C"", ""C"", ""C"", ""Br"", ""C"", ""Cl"", ""C"", ""Br"", ""C"", ""H"", ""H""]",C24H8Br8Cl4F4,"[true, true, true]","[7.2275438379859835, 0.0, 0.0, 0.0, 14.38280646975042, 0.0, 1.046783687618858, 0.0, 15.380158603554587]",1598.803849739215,[],"{""cutoff=6.000_skin=0.000"": 1116, ""cutoff=6.000_skin=0.500"": 1340}",0.0,,
OPT-RF-U256-SOXLEX48-R256-v1,084fa2fcc87265ca9469de27ad5fe18cba50709ffdc020a280a4d4657591cef9,OPT-RF-U256-SOXLEX48-R256-v1:0044,SOXLEX_C1_14_1675_z1_12,36aa4682259e09f678a8f1e12965608abcb797ca96af6002aaf1791d54a3cbab,44,cross_family_test_set,SOXLEX/structures/SOXLEX_C1_14_1675_z1_12.cif,c4da301ecf5c6d78c55297b60d5bda62bbaf649b628f9324bda0a6389a21d64f,36aa4682259e09f678a8f1e12965608abcb797ca96af6002aaf1791d54a3cbab,0,48,"[""F"", ""C"", ""C"", ""C"", ""Br"", ""C"", ""Cl"", ""C"", ""Br"", ""C"", ""H"", ""H"", ""F"", ""C"", ""C"", ""C"", ""Br"", ""C"", ""Cl"", ""C"", ""Br"", ""C"", ""H"", ""H"", ""F"", ""C"", ""C"", ""C"", ""Br"", ""C"", ""Cl"", ""C"", ""Br"", ""C"", ""H"", ""H"", ""F"", ""C"", ""C"", ""C"", ""Br"", ""C"", ""Cl"", ""C"", ""Br"", ""C"", ""H"", ""H""]",C24H8Br8Cl4F4,"[true, true, true]","[6.981406193968429, 0.0, 0.0, 0.0, 18.25701873845074, 0.0, -8.865132574756675, 0.0, 11.913144777161106]",1518.4454269542275,[],"{""cutoff=6.000_skin=0.000"": 1120, ""cutoff=6.000_skin=0.500"": 1476}",0.0,,
OPT-RF-U256-SOXLEX48-R256-v1,084fa2fcc87265ca9469de27ad5fe18cba50709ffdc020a280a4d4657591cef9,OPT-RF-U256-SOXLEX48-R256-v1:0045,SOXLEX_C1_14_3227_z1_12,1132a28b64cd87c654005ef8c96e5c8bcb2310d034176175f2e421edabf7a4bf,45,cross_family_test_set,SOXLEX/structures/SOXLEX_C1_14_3227_z1_12.cif,17dcfb5e9abb70c075a25e378b9cc3f40e664a19a808d5acc8568a5da435b487,1132a28b64cd87c654005ef8c96e5c8bcb2310d034176175f2e421edabf7a4bf,0,48,"[""F"", ""C"", ""C"", ""C"", ""Br"", ""C"", ""Cl"", ""C"", ""Br"", ""C"", ""H"", ""H"", ""F"", ""C"", ""C"", ""C"", ""Br"", ""C"", ""Cl"", ""C"", ""Br"", ""C"", ""H"", ""H"", ""F"", ""C"", ""C"", ""C"", ""Br"", ""C"", ""Cl"", ""C"", ""Br"", ""C"", ""H"", ""H"", ""F"", ""C"", ""C"", ""C"", ""Br"", ""C"", ""Cl"", ""C"", ""Br"", ""C"", ""H"", ""H""]",C24H8Br8Cl4F4,"[true, true, true]","[16.7364529459102, 0.0, 0.0, 0.0, 13.089192634397563, 0.0, -4.942558235943752, 0.0, 6.593133985948245]",1444.3358189859632,[],"{""cutoff=6.000_skin=0.000"": 1128, ""cutoff=6.000_skin=0.500"": 1496}",0.0,,
OPT-RF-U256-SOXLEX48-R256-v1,084fa2fcc87265ca9469de27ad5fe18cba50709ffdc020a280a4d4657591cef9,OPT-RF-U256-SOXLEX48-R256-v1:0046,SOXLEX_C1_14_2558_z1_12,f307243d8016fe19c693c14fdb3146e1ca367ee779884e55670f97b5d42d817a,46,cross_family_test_set,SOXLEX/structures/SOXLEX_C1_14_2558_z1_12.cif,1e88990fae17829d6b4948967ea16428df2a05c7f558c3820d7eb850b1ba5e16,f307243d8016fe19c693c14fdb3146e1ca367ee779884e55670f97b5d42d817a,0,48,"[""F"", ""C"", ""C"", ""C"", ""Br"", ""C"", ""Cl"", ""C"", ""Br"", ""C"", ""H"", ""H"", ""F"", ""C"", ""C"", ""C"", ""Br"", ""C"", ""Cl"", ""C"", ""Br"", ""C"", ""H"", ""H"", ""F"", ""C"", ""C"", ""C"", ""Br"", ""C"", ""Cl"", ""C"", ""Br"", ""C"", ""H"", ""H"", ""F"", ""C"", ""C"", ""C"", ""Br"", ""C"", ""Cl"", ""C"", ""Br"", ""C"", ""H"", ""H""]",C24H8Br8Cl4F4,"[true, true, true]","[13.677421522900165, 0.0, 0.0, 0.0, 21.105546048023974, 0.0, -3.162753865550179, 0.0, 5.5673516834288375]",1607.1243471303924,[],"{""cutoff=6.000_skin=0.000"": 1144, ""cutoff=6.000_skin=0.500"": 1676}",0.0,,
OPT-RF-U256-SOXLEX48-R256-v1,084fa2fcc87265ca9469de27ad5fe18cba50709ffdc020a280a4d4657591cef9,OPT-RF-U256-SOXLEX48-R256-v1:0047,SOXLEX_C1_14_2982_z1_12,2f4e62d7b18e6316e5484ec6c0f23fbdff52a8ab27810b79632bbb2fa8e72c1a,47,cross_family_test_set,SOXLEX/structures/SOXLEX_C1_14_2982_z1_12.cif,a09267f720075554540bd00240b7e74fefdaa38348e54fd1aeadd36d72f843c2,2f4e62d7b18e6316e5484ec6c0f23fbdff52a8ab27810b79632bbb2fa8e72c1a,0,48,"[""F"", ""C"", ""C"", ""C"", ""Br"", ""C"", ""Cl"", ""C"", ""Br"", ""C"", ""H"", ""H"", ""F"", ""C"", ""C"", ""C"", ""Br"", ""C"", ""Cl"", ""C"", ""Br"", ""C"", ""H"", ""H"", ""F"", ""C"", ""C"", ""C"", ""Br"", ""C"", ""Cl"", ""C"", ""Br"", ""C"", ""H"", ""H"", ""F"", ""C"", ""C"", ""C"", ""Br"", ""C"", ""Cl"", ""C"", ""Br"", ""C"", ""H"", ""H""]",C24H8Br8Cl4F4,"[true, true, true]","[10.446614186211697, 0.0, 0.0, 0.0, 13.566398307856396, 0.0, -0.20588904616086906, 0.0, 15.336019787272111]",2173.4656437401936,[],"{""cutoff=6.000_skin=0.000"": 1144, ""cutoff=6.000_skin=0.500"": 1320}",0.0,,
OPT-RF-U256-SOXLEX48-R256-v1,084fa2fcc87265ca9469de27ad5fe18cba50709ffdc020a280a4d4657591cef9,OPT-RF-U256-SOXLEX48-R256-v1:0048,SOXLEX_C1_14_3019_z1_12,31accd665a2aa586ec9e11e0d2952cc5e704940dc352157350e8bb4793f9921d,48,cross_family_test_set,SOXLEX/structures/SOXLEX_C1_14_3019_z1_12.cif,7f50f19b9599325302edf9d8c775a2fb2aea1ab5e0420cc0e7c5c71672cf695e,31accd665a2aa586ec9e11e0d2952cc5e704940dc352157350e8bb4793f9921d,0,48,"[""F"", ""C"", ""C"", ""C"", ""Br"", ""C"", ""Cl"", ""C"", ""Br"", ""C"", ""H"", ""H"", ""F"", ""C"", ""C"", ""C"", ""Br"", ""C"", ""Cl"", ""C"", ""Br"", ""C"", ""H"", ""H"", ""F"", ""C"", ""C"", ""C"", ""Br"", ""C"", ""Cl"", ""C"", ""Br"", ""C"", ""H"", ""H"", ""F"", ""C"", ""C"", ""C"", ""Br"", ""C"", ""Cl"", ""C"", ""Br"", ""C"", ""H"", ""H""]",C24H8Br8Cl4F4,"[true, true, true]","[8.333428039725788, 0.0, 0.0, 0.0, 13.511150352773448, 0.0, 1.117689029952303, 0.0, 12.67317626615006]",1426.9261329918104,[],"{""cutoff=6.000_skin=0.000"": 1148, ""cutoff=6.000_skin=0.500"": 1720}",0.0,,
OPT-RF-U256-SOXLEX48-R256-v1,084fa2fcc87265ca9469de27ad5fe18cba50709ffdc020a280a4d4657591cef9,OPT-RF-U256-SOXLEX48-R256-v1:0049,SOXLEX_C1_14_3393_z1_12,0868771caeeed56068e7cb6f7ac77ec514391918bddfc890edc9dcc1a650f54f,49,cross_family_test_set,SOXLEX/structures/SOXLEX_C1_14_3393_z1_12.cif,4954b13f8b1b5947342fe013ea4c7e4ba3deedb82f97f2dd4090f96a3af55607,0868771caeeed56068e7cb6f7ac77ec514391918bddfc890edc9dcc1a650f54f,0,48,"[""F"", ""C"", ""C"", ""C"", ""Br"", ""C"", ""Cl"", ""C"", ""Br"", ""C"", ""H"", ""H"", ""F"", ""C"", ""C"", ""C"", ""Br"", ""C"", ""Cl"", ""C"", ""Br"", ""C"", ""H"", ""H"", ""F"", ""C"", ""C"", ""C"", ""Br"", ""C"", ""Cl"", ""C"", ""Br"", ""C"", ""H"", ""H"", ""F"", ""C"", ""C"", ""C"", ""Br"", ""C"", ""Cl"", ""C"", ""Br"", ""C"", ""H"", ""H""]",C24H8Br8Cl4F4,"[true, true, true]","[8.887296613488354, 0.0, 0.0, 0.0, 12.328638859017566, 0.0, 9.446811554433596, 0.0, 12.885567206741962]",1411.8493117165683,[],"{""cutoff=6.000_skin=0.000"": 1148, ""cutoff=6.000_skin=0.500"": 1600}",0.0,,
OPT-RF-U256-SOXLEX48-R256-v1,084fa2fcc87265ca9469de27ad5fe18cba50709ffdc020a280a4d4657591cef9,OPT-RF-U256-SOXLEX48-R256-v1:0050,SOXLEX_C1_14_1157_z1_12,7c3ff005df511a9341f825870f4ccdd8cb22226f1d4a678f2de7b7810114eeb0,50,cross_family_test_set,SOXLEX/structures/SOXLEX_C1_14_1157_z1_12.cif,2d5b90c974cff38f47da6518792c3951e435ad7a81f4eabb00e57f7c11c60c78,7c3ff005df511a9341f825870f4ccdd8cb22226f1d4a678f2de7b7810114eeb0,0,48,"[""F"", ""C"", ""C"", ""C"", ""Br"", ""C"", ""Cl"", ""C"", ""Br"", ""C"", ""H"", ""H"", ""F"", ""C"", ""C"", ""C"", ""Br"", ""C"", ""Cl"", ""C"", ""Br"", ""C"", ""H"", ""H"", ""F"", ""C"", ""C"", ""C"", ""Br"", ""C"", ""Cl"", ""C"", ""Br"", ""C"", ""H"", ""H"", ""F"", ""C"", ""C"", ""C"", ""Br"", ""C"", ""Cl"", ""C"", ""Br"", ""C"", ""H"", ""H""]",C24H8Br8Cl4F4,"[true, true, true]","[11.735764003735369, 0.0, 0.0, 0.0, 11.803162299567592, 0.0, 3.5870661412329543, 0.0, 11.537374395969435]",1598.1470320344006,[],"{""cutoff=6.000_skin=0.000"": 1152, ""cutoff=6.000_skin=0.500"": 1572}",0.0,,
OPT-RF-U256-SOXLEX48-R256-v1,084fa2fcc87265ca9469de27ad5fe18cba50709ffdc020a280a4d4657591cef9,OPT-RF-U256-SOXLEX48-R256-v1:0051,SOXLEX_C1_14_171_z1_12,88aae6a7cee044c0a79aaa1cc18bf7f1291cf68f782ca6524377d4498c833a14,51,cross_family_test_set,SOXLEX/structures/SOXLEX_C1_14_171_z1_12.cif,efd19186e596ec128818bbfc60451dba2930bbc1e8c7c689084e41353d074985,88aae6a7cee044c0a79aaa1cc18bf7f1291cf68f782ca6524377d4498c833a14,0,48,"[""F"", ""C"", ""C"", ""C"", ""Br"", ""C"", ""Cl"", ""C"", ""Br"", ""C"", ""H"", ""H"", ""F"", ""C"", ""C"", ""C"", ""Br"", ""C"", ""Cl"", ""C"", ""Br"", ""C"", ""H"", ""H"", ""F"", ""C"", ""C"", ""C"", ""Br"", ""C"", ""Cl"", ""C"", ""Br"", ""C"", ""H"", ""H"", ""F"", ""C"", ""C"", ""C"", ""Br"", ""C"", ""Cl"", ""C"", ""Br"", ""C"", ""H"", ""H""]",C24H8Br8Cl4F4,"[true, true, true]","[11.184584523925558, 0.0, 0.0, 0.0, 11.604952718303764, 0.0, -0.8383343872218982, 0.0, 12.278862547298235]",1593.754298304637,[],"{""cutoff=6.000_skin=0.000"": 1152, ""cutoff=6.000_skin=0.500"": 1568}",0.0,,
OPT-RF-U256-SOXLEX48-R256-v1,084fa2fcc87265ca9469de27ad5fe18cba50709ffdc020a280a4d4657591cef9,OPT-RF-U256-SOXLEX48-R256-v1:0052,SOXLEX_C1_14_2993_z1_12,e03db0af86a23ea5c13fd5c9d64b2450dd23049596e506e109cdcc3c653837cd,52,cross_family_test_set,SOXLEX/structures/SOXLEX_C1_14_2993_z1_12.cif,23bbb6dc8900c12287837e4f51a853dd6ade3216c2fa684b2b116a8ea0b3ac04,e03db0af86a23ea5c13fd5c9d64b2450dd23049596e506e109cdcc3c653837cd,0,48,"[""F"", ""C"", ""C"", ""C"", ""Br"", ""C"", ""Cl"", ""C"", ""Br"", ""C"", ""H"", ""H"", ""F"", ""C"", ""C"", ""C"", ""Br"", ""C"", ""Cl"", ""C"", ""Br"", ""C"", ""H"", ""H"", ""F"", ""C"", ""C"", ""C"", ""Br"", ""C"", ""Cl"", ""C"", ""Br"", ""C"", ""H"", ""H"", ""F"", ""C"", ""C"", ""C"", ""Br"", ""C"", ""Cl"", ""C"", ""Br"", ""C"", ""H"", ""H""]",C24H8Br8Cl4F4,"[true, true, true]","[13.030556921789469, 0.0, 0.0, 0.0, 10.766230538118148, 0.0, 4.904522497808709, 0.0, 11.7007891359205]",1641.503472225056,[],"{""cutoff=6.000_skin=0.000"": 1152, ""cutoff=6.000_skin=0.500"": 1392}",0.0,,
OPT-RF-U256-SOXLEX48-R256-v1,084fa2fcc87265ca9469de27ad5fe18cba50709ffdc020a280a4d4657591cef9,OPT-RF-U256-SOXLEX48-R256-v1:0053,SOXLEX_C1_14_2260_z1_12,f2929e2cc2ea2eb458c302ef010193b70173692c127d871e14d88ca44bd46494,53,cross_family_test_set,SOXLEX/structures/SOXLEX_C1_14_2260_z1_12.cif,75d1b43fdd7fec623e9323cceb52850ba5ea23638ba584eb5f807d1034f7b4ca,f2929e2cc2ea2eb458c302ef010193b70173692c127d871e14d88ca44bd46494,0,48,"[""F"", ""C"", ""C"", ""C"", ""Br"", ""C"", ""Cl"", ""C"", ""Br"", ""C"", ""H"", ""H"", ""F"", ""C"", ""C"", ""C"", ""Br"", ""C"", ""Cl"", ""C"", ""Br"", ""C"", ""H"", ""H"", ""F"", ""C"", ""C"", ""C"", ""Br"", ""C"", ""Cl"", ""C"", ""Br"", ""C"", ""H"", ""H"", ""F"", ""C"", ""C"", ""C"", ""Br"", ""C"", ""Cl"", ""C"", ""Br"", ""C"", ""H"", ""H""]",C24H8Br8Cl4F4,"[true, true, true]","[15.656786945033978, 0.0, 0.0, 0.0, 7.070402631369763, 0.0, -7.636617926202894, 0.0, 13.819686595645733]",1529.836371043348,[],"{""cutoff=6.000_skin=0.000"": 1156, ""cutoff=6.000_skin=0.500"": 1560}",0.0,,
OPT-RF-U256-SOXLEX48-R256-v1,084fa2fcc87265ca9469de27ad5fe18cba50709ffdc020a280a4d4657591cef9,OPT-RF-U256-SOXLEX48-R256-v1:0054,SOXLEX_C1_14_2921_z1_12,83524bdc8c0ff87fc177d239c448477d7e9e364455a5a9355b4d92cc0df413d1,54,cross_family_test_set,SOXLEX/structures/SOXLEX_C1_14_2921_z1_12.cif,193d02b6724df1e47d069111c81b94d3eacea4962938ebfe1fd826e801f86ece,83524bdc8c0ff87fc177d239c448477d7e9e364455a5a9355b4d92cc0df413d1,0,48,"[""F"", ""C"", ""C"", ""C"", ""Br"", ""C"", ""Cl"", ""C"", ""Br"", ""C"", ""H"", ""H"", ""F"", ""C"", ""C"", ""C"", ""Br"", ""C"", ""Cl"", ""C"", ""Br"", ""C"", ""H"", ""H"", ""F"", ""C"", ""C"", ""C"", ""Br"", ""C"", ""Cl"", ""C"", ""Br"", ""C"", ""H"", ""H"", ""F"", ""C"", ""C"", ""C"", ""Br"", ""C"", ""Cl"", ""C"", ""Br"", ""C"", ""H"", ""H""]",C24H8Br8Cl4F4,"[true, true, true]","[13.612183059778857, 0.0, 0.0, 0.0, 12.344714177022638, 0.0, 2.6527124394788593, 0.0, 10.598517354556945]",1780.9590559718408,[],"{""cutoff=6.000_skin=0.000"": 1156, ""cutoff=6.000_skin=0.500"": 1388}",0.0,,
OPT-RF-U256-SOXLEX48-R256-v1,084fa2fcc87265ca9469de27ad5fe18cba50709ffdc020a280a4d4657591cef9,OPT-RF-U256-SOXLEX48-R256-v1:0055,SOXLEX_C1_14_1485_z1_12,65b1abb7de6cafced4723862fff961306e17477e5a07300da56768304923ce6a,55,cross_family_test_set,SOXLEX/structures/SOXLEX_C1_14_1485_z1_12.cif,3535cff024dfa94aef81ecf41e9d50b2cf70e1160d93fd751556774f95d8a428,65b1abb7de6cafced4723862fff961306e17477e5a07300da56768304923ce6a,0,48,"[""F"", ""C"", ""C"", ""C"", ""Br"", ""C"", ""Cl"", ""C"", ""Br"", ""C"", ""H"", ""H"", ""F"", ""C"", ""C"", ""C"", ""Br"", ""C"", ""Cl"", ""C"", ""Br"", ""C"", ""H"", ""H"", ""F"", ""C"", ""C"", ""C"", ""Br"", ""C"", ""Cl"", ""C"", ""Br"", ""C"", ""H"", ""H"", ""F"", ""C"", ""C"", ""C"", ""Br"", ""C"", ""Cl"", ""C"", ""Br"", ""C"", ""H"", ""H""]",C24H8Br8Cl4F4,"[true, true, true]","[10.992544126165662, 0.0, 0.0, 0.0, 15.870363630997524, 0.0, -0.1962747452022656, 0.0, 10.166849290022654]",1773.6645302194077,[],"{""cutoff=6.000_skin=0.000"": 1160, ""cutoff=6.000_skin=0.500"": 1456}",0.0,,
OPT-RF-U256-SOXLEX48-R256-v1,084fa2fcc87265ca9469de27ad5fe18cba50709ffdc020a280a4d4657591cef9,OPT-RF-U256-SOXLEX48-R256-v1:0056,SOXLEX_C1_14_2485_z1_12,4ad8d68b83ea289219765792d86ea0912d1914a0b17b10e61a976ed38c4a22d6,56,cross_family_test_set,SOXLEX/structures/SOXLEX_C1_14_2485_z1_12.cif,66fb3b7e32fa61bace20f74b9df9d680d01d9f93d68238f083d46530bcdc2bb8,4ad8d68b83ea289219765792d86ea0912d1914a0b17b10e61a976ed38c4a22d6,0,48,"[""F"", ""C"", ""C"", ""C"", ""Br"", ""C"", ""Cl"", ""C"", ""Br"", ""C"", ""H"", ""H"", ""F"", ""C"", ""C"", ""C"", ""Br"", ""C"", ""Cl"", ""C"", ""Br"", ""C"", ""H"", ""H"", ""F"", ""C"", ""C"", ""C"", ""Br"", ""C"", ""Cl"", ""C"", ""Br"", ""C"", ""H"", ""H"", ""F"", ""C"", ""C"", ""C"", ""Br"", ""C"", ""Cl"", ""C"", ""Br"", ""C"", ""H"", ""H""]",C24H8Br8Cl4F4,"[true, true, true]","[11.042375913332386, 0.0, 0.0, 0.0, 11.956375742313092, 0.0, 5.620389318263008, 0.0, 11.360346888348067]",1499.870195524123,[],"{""cutoff=6.000_skin=0.000"": 1160, ""cutoff=6.000_skin=0.500"": 1560}",0.0,,
OPT-RF-U256-SOXLEX48-R256-v1,084fa2fcc87265ca9469de27ad5fe18cba50709ffdc020a280a4d4657591cef9,OPT-RF-U256-SOXLEX48-R256-v1:0057,SOXLEX_C1_14_3701_z1_12,795ab029bfad70bd4f2f5c93cd46ce7a479865f446a449d82027b46b0517d775,57,cross_family_test_set,SOXLEX/structures/SOXLEX_C1_14_3701_z1_12.cif,aaed3d1862b52904d94aae8ca23cb2f3a8ba88437ee8a55e9211a1b10df6fa60,795ab029bfad70bd4f2f5c93cd46ce7a479865f446a449d82027b46b0517d775,0,48,"[""F"", ""C"", ""C"", ""C"", ""Br"", ""C"", ""Cl"", ""C"", ""Br"", ""C"", ""H"", ""H"", ""F"", ""C"", ""C"", ""C"", ""Br"", ""C"", ""Cl"", ""C"", ""Br"", ""C"", ""H"", ""H"", ""F"", ""C"", ""C"", ""C"", ""Br"", ""C"", ""Cl"", ""C"", ""Br"", ""C"", ""H"", ""H"", ""F"", ""C"", ""C"", ""C"", ""Br"", ""C"", ""Cl"", ""C"", ""Br"", ""C"", ""H"", ""H""]",C24H8Br8Cl4F4,"[true, true, true]","[6.462382139961409, 0.0, 0.0, 0.0, 17.75507592107657, 0.0, 5.422757750487782, 0.0, 15.714828499150405]",1803.1207660193184,[],"{""cutoff=6.000_skin=0.000"": 1164, ""cutoff=6.000_skin=0.500"": 1608}",0.0,,
OPT-RF-U256-SOXLEX48-R256-v1,084fa2fcc87265ca9469de27ad5fe18cba50709ffdc020a280a4d4657591cef9,OPT-RF-U256-SOXLEX48-R256-v1:0058,SOXLEX_C1_14_169_z1_12,d17f579d32189d585798bcac43cde48d5d2cc21b9e4a6a574383829d3fb64ff9,58,cross_family_test_set,SOXLEX/structures/SOXLEX_C1_14_169_z1_12.cif,8e52b10c2564cd133883cb9e4d8e624686b23b83e322da77ea05713025aa4033,d17f579d32189d585798bcac43cde48d5d2cc21b9e4a6a574383829d3fb64ff9,0,48,"[""F"", ""C"", ""C"", ""C"", ""Br"", ""C"", ""Cl"", ""C"", ""Br"", ""C"", ""H"", ""H"", ""F"", ""C"", ""C"", ""C"", ""Br"", ""C"", ""Cl"", ""C"", ""Br"", ""C"", ""H"", ""H"", ""F"", ""C"", ""C"", ""C"", ""Br"", ""C"", ""Cl"", ""C"", ""Br"", ""C"", ""H"", ""H"", ""F"", ""C"", ""C"", ""C"", ""Br"", ""C"", ""Cl"", ""C"", ""Br"", ""C"", ""H"", ""H""]",C24H8Br8Cl4F4,"[true, true, true]","[7.196826643681426, 0.0, 0.0, 0.0, 14.143574649206663, 0.0, -5.496229357442976, 0.0, 14.227874957432816]",1448.2390991834711,[],"{""cutoff=6.000_skin=0.000"": 1172, ""cutoff=6.000_skin=0.500"": 1540}",0.0,,
OPT-RF-U256-SOXLEX48-R256-v1,084fa2fcc87265ca9469de27ad5fe18cba50709ffdc020a280a4d4657591cef9,OPT-RF-U256-SOXLEX48-R256-v1:0059,SOXLEX_C1_14_2851_z1_12,73863bcd7c4c6ac38377b5356ee4e4eb877df50d21c3923240844fc67259ba9e,59,cross_family_test_set,SOXLEX/structures/SOXLEX_C1_14_2851_z1_12.cif,0d3a2fef92457f35920e41c22543b5639041bbb82a21673043ce8ba2dc8e8fc1,73863bcd7c4c6ac38377b5356ee4e4eb877df50d21c3923240844fc67259ba9e,0,48,"[""F"", ""C"", ""C"", ""C"", ""Br"", ""C"", ""Cl"", ""C"", ""Br"", ""C"", ""H"", ""H"", ""F"", ""C"", ""C"", ""C"", ""Br"", ""C"", ""Cl"", ""C"", ""Br"", ""C"", ""H"", ""H"", ""F"", ""C"", ""C"", ""C"", ""Br"", ""C"", ""Cl"", ""C"", ""Br"", ""C"", ""H"", ""H"", ""F"", ""C"", ""C"", ""C"", ""Br"", ""C"", ""Cl"", ""C"", ""Br"", ""C"", ""H"", ""H""]",C24H8Br8Cl4F4,"[true, true, true]","[8.424212615560776, 0.0, 0.0, 0.0, 10.869746902508222, 0.0, -7.448399701485188, 0.0, 16.230257266230506]",1486.1893849379685,[],"{""cutoff=6.000_skin=0.000"": 1172, ""cutoff=6.000_skin=0.500"": 1536}",0.0,,
OPT-RF-U256-SOXLEX48-R256-v1,084fa2fcc87265ca9469de27ad5fe18cba50709ffdc020a280a4d4657591cef9,OPT-RF-U256-SOXLEX48-R256-v1:0060,SOXLEX_C1_14_575_z1_12,57095a82a41f65a55eab0c6157bd572456169180370652fefbcbe0da03699dd4,60,cross_family_test_set,SOXLEX/structures/SOXLEX_C1_14_575_z1_12.cif,8a13043123ec4793effe2d8d0acc607732fea4018707d7a0cd2b9f1dce39fbaa,57095a82a41f65a55eab0c6157bd572456169180370652fefbcbe0da03699dd4,0,48,"[""F"", ""C"", ""C"", ""C"", ""Br"", ""C"", ""Cl"", ""C"", ""Br"", ""C"", ""H"", ""H"", ""F"", ""C"", ""C"", ""C"", ""Br"", ""C"", ""Cl"", ""C"", ""Br"", ""C"", ""H"", ""H"", ""F"", ""C"", ""C"", ""C"", ""Br"", ""C"", ""Cl"", ""C"", ""Br"", ""C"", ""H"", ""H"", ""F"", ""C"", ""C"", ""C"", ""Br"", ""C"", ""Cl"", ""C"", ""Br"", ""C"", ""H"", ""H""]",C24H8Br8Cl4F4,"[true, true, true]","[8.874966255283454, 0.0, 0.0, 0.0, 10.747114940052965, 0.0, 3.6769845963740386, 0.0, 16.645070857024333]",1587.611559487288,[],"{""cutoff=6.000_skin=0.000"": 1172, ""cutoff=6.000_skin=0.500"": 1572}",0.0,,
OPT-RF-U256-SOXLEX48-R256-v1,084fa2fcc87265ca9469de27ad5fe18cba50709ffdc020a280a4d4657591cef9,OPT-RF-U256-SOXLEX48-R256-v1:0061,SOXLEX_C1_14_1266_z1_12,001b8a4672ae62b5fb90ea5a4bbf943609597ef8a2fe404f6c988ddb913fb214,61,cross_family_test_set,SOXLEX/structures/SOXLEX_C1_14_1266_z1_12.cif,c90d4509cad8f1740b6d5c5dec1dfcf8fbc2322bfeb6139ffc7e9e11349cf186,001b8a4672ae62b5fb90ea5a4bbf943609597ef8a2fe404f6c988ddb913fb214,0,48,"[""F"", ""C"", ""C"", ""C"", ""Br"", ""C"", ""Cl"", ""C"", ""Br"", ""C"", ""H"", ""H"", ""F"", ""C"", ""C"", ""C"", ""Br"", ""C"", ""Cl"", ""C"", ""Br"", ""C"", ""H"", ""H"", ""F"", ""C"", ""C"", ""C"", ""Br"", ""C"", ""Cl"", ""C"", ""Br"", ""C"", ""H"", ""H"", ""F"", ""C"", ""C"", ""C"", ""Br"", ""C"", ""Cl"", ""C"", ""Br"", ""C"", ""H"", ""H""]",C24H8Br8Cl4F4,"[true, true, true]","[8.500979596144798, 0.0, 0.0, 0.0, 14.50239994025219, 0.0, 7.424936339421377, 0.0, 11.698344601203418]",1442.2258048620326,[],"{""cutoff=6.000_skin=0.000"": 1176, ""cutoff=6.000_skin=0.500"": 1556}",0.0,,
OPT-RF-U256-SOXLEX48-R256-v1,084fa2fcc87265ca9469de27ad5fe18cba50709ffdc020a280a4d4657591cef9,OPT-RF-U256-SOXLEX48-R256-v1:0062,SOXLEX_C1_14_1923_z1_12,6718ab05fc7004bef1588735bc0b800a0deb0eed980405fef9f37e41359d43cf,62,cross_family_test_set,SOXLEX/structures/SOXLEX_C1_14_1923_z1_12.cif,bfcc55c1751b0264c1ea33a85d2ccf1c7d00c356f91d5de6989ba23a827a7f29,6718ab05fc7004bef1588735bc0b800a0deb0eed980405fef9f37e41359d43cf,0,48,"[""F"", ""C"", ""C"", ""C"", ""Br"", ""C"", ""Cl"", ""C"", ""Br"", ""C"", ""H"", ""H"", ""F"", ""C"", ""C"", ""C"", ""Br"", ""C"", ""Cl"", ""C"", ""Br"", ""C"", ""H"", ""H"", ""F"", ""C"", ""C"", ""C"", ""Br"", ""C"", ""Cl"", ""C"", ""Br"", ""C"", ""H"", ""H"", ""F"", ""C"", ""C"", ""C"", ""Br"", ""C"", ""Cl"", ""C"", ""Br"", ""C"", ""H"", ""H""]",C24H8Br8Cl4F4,"[true, true, true]","[8.976722701473108, 0.0, 0.0, 0.0, 14.257197733008471, 0.0, -1.900026586936527, 0.0, 14.529148177212567]",1859.4826715215481,[],"{""cutoff=6.000_skin=0.000"": 1184, ""cutoff=6.000_skin=0.500"": 1344}",0.0,,
OPT-RF-U256-SOXLEX48-R256-v1,084fa2fcc87265ca9469de27ad5fe18cba50709ffdc020a280a4d4657591cef9,OPT-RF-U256-SOXLEX48-R256-v1:0063,SOXLEX_C1_14_2527_z1_12,b6877d1ecdfa6445a13e5e18eb36bdf37bab2c340f058b36472a6a24b9e43830,63,cross_family_test_set,SOXLEX/structures/SOXLEX_C1_14_2527_z1_12.cif,7808d3884d03fd18d94c2d2a9bb252e490e0b8163a14801722275d6430c4d214,b6877d1ecdfa6445a13e5e18eb36bdf37bab2c340f058b36472a6a24b9e43830,0,48,"[""F"", ""C"", ""C"", ""C"", ""Br"", ""C"", ""Cl"", ""C"", ""Br"", ""C"", ""H"", ""H"", ""F"", ""C"", ""C"", ""C"", ""Br"", ""C"", ""Cl"", ""C"", ""Br"", ""C"", ""H"", ""H"", ""F"", ""C"", ""C"", ""C"", ""Br"", ""C"", ""Cl"", ""C"", ""Br"", ""C"", ""H"", ""H"", ""F"", ""C"", ""C"", ""C"", ""Br"", ""C"", ""Cl"", ""C"", ""Br"", ""C"", ""H"", ""H""]",C24H8Br8Cl4F4,"[true, true, true]","[13.157565777419016, 0.0, 0.0, 0.0, 12.733135601033368, 0.0, 3.0035855200501116, 0.0, 11.582753277456073]",1940.5405376426318,[],"{""cutoff=6.000_skin=0.000"": 1184, ""cutoff=6.000_skin=0.500"": 1472}",0.0,,
OPT-RF-U256-SOXLEX48-R256-v1,084fa2fcc87265ca9469de27ad5fe18cba50709ffdc020a280a4d4657591cef9,OPT-RF-U256-SOXLEX48-R256-v1:0064,SOXLEX_C1_14_2362_z1_12,359f52a56ec3d4a6d62bf86711413cd06c05231fa1c77d2cdcaba3ef26799a57,64,cross_family_test_set,SOXLEX/structures/SOXLEX_C1_14_2362_z1_12.cif,f76aa7b016599a9a07dc1ba93e3289fb86db6f3e4ff205534ef565652dd93183,359f52a56ec3d4a6d62bf86711413cd06c05231fa1c77d2cdcaba3ef26799a57,0,48,"[""F"", ""C"", ""C"", ""C"", ""Br"", ""C"", ""Cl"", ""C"", ""Br"", ""C"", ""H"", ""H"", ""F"", ""C"", ""C"", ""C"", ""Br"", ""C"", ""Cl"", ""C"", ""Br"", ""C"", ""H"", ""H"", ""F"", ""C"", ""C"", ""C"", ""Br"", ""C"", ""Cl"", ""C"", ""Br"", ""C"", ""H"", ""H"", ""F"", ""C"", ""C"", ""C"", ""Br"", ""C"", ""Cl"", ""C"", ""Br"", ""C"", ""H"", ""H""]",C24H8Br8Cl4F4,"[true, true, true]","[7.856742615551099, 0.0, 0.0, 0.0, 14.254280935807643, 0.0, 2.3619300541419466, 0.0, 14.046484861589763]",1573.096973435879,[],"{""cutoff=6.000_skin=0.000"": 1208, ""cutoff=6.000_skin=0.500"": 1540}",0.0,,
OPT-RF-U256-SOXLEX48-R256-v1,084fa2fcc87265ca9469de27ad5fe18cba50709ffdc020a280a4d4657591cef9,OPT-RF-U256-SOXLEX48-R256-v1:0065,SOXLEX_C1_14_3299_z1_12,ec6445c12a37d442090a2e8e66fb4afde996ebc5d2782625b42780537208e88c,65,cross_family_test_set,SOXLEX/structures/SOXLEX_C1_14_3299_z1_12.cif,ce9c0b582e32154281c516af0fd99633f025323861dfaaaa077d9af4194a0f4f,ec6445c12a37d442090a2e8e66fb4afde996ebc5d2782625b42780537208e88c,0,48,"[""F"", ""C"", ""C"", ""C"", ""Br"", ""C"", ""Cl"", ""C"", ""Br"", ""C"", ""H"", ""H"", ""F"", ""C"", ""C"", ""C"", ""Br"", ""C"", ""Cl"", ""C"", ""Br"", ""C"", ""H"", ""H"", ""F"", ""C"", ""C"", ""C"", ""Br"", ""C"", ""Cl"", ""C"", ""Br"", ""C"", ""H"", ""H"", ""F"", ""C"", ""C"", ""C"", ""Br"", ""C"", ""Cl"", ""C"", ""Br"", ""C"", ""H"", ""H""]",C24H8Br8Cl4F4,"[true, true, true]","[7.647432815568973, 0.0, 0.0, 0.0, 13.188906069122517, 0.0, 0.48266562776520355, 0.0, 14.312003501495802]",1443.526893407058,[],"{""cutoff=6.000_skin=0.000"": 1212, ""cutoff=6.000_skin=0.500"": 1496}",0.0,,
OPT-RF-U256-SOXLEX48-R256-v1,084fa2fcc87265ca9469de27ad5fe18cba50709ffdc020a280a4d4657591cef9,OPT-RF-U256-SOXLEX48-R256-v1:0066,SOXLEX_C1_14_867_z1_12,a24fa181c7e429510f5e990e3afd87af7da0f265188e4985db9604679e00d84a,66,cross_family_test_set,SOXLEX/structures/SOXLEX_C1_14_867_z1_12.cif,f3b1ea2891814d755ee6f43f424c53663e4cf19f89592d44d93cfa65b6ff0c4c,a24fa181c7e429510f5e990e3afd87af7da0f265188e4985db9604679e00d84a,0,48,"[""F"", ""C"", ""C"", ""C"", ""Br"", ""C"", ""Cl"", ""C"", ""Br"", ""C"", ""H"", ""H"", ""F"", ""C"", ""C"", ""C"", ""Br"", ""C"", ""Cl"", ""C"", ""Br"", ""C"", ""H"", ""H"", ""F"", ""C"", ""C"", ""C"", ""Br"", ""C"", ""Cl"", ""C"", ""Br"", ""C"", ""H"", ""H"", ""F"", ""C"", ""C"", ""C"", ""Br"", ""C"", ""Cl"", ""C"", ""Br"", ""C"", ""H"", ""H""]",C24H8Br8Cl4F4,"[true, true, true]","[8.181360881703508, 0.0, 0.0, 0.0, 13.01877349274191, 0.0, -0.8567551659815094, 0.0, 13.755390031962701]",1465.1042567186873,[],"{""cutoff=6.000_skin=0.000"": 1216, ""cutoff=6.000_skin=0.500"": 1540}",0.0,,
OPT-RF-U256-SOXLEX48-R256-v1,084fa2fcc87265ca9469de27ad5fe18cba50709ffdc020a280a4d4657591cef9,OPT-RF-U256-SOXLEX48-R256-v1:0067,SOXLEX_C1_14_3374_z1_12,5a858cdbfa56d61c9d6691221af7edce462a397beec876a0c473f62a4a04b4b1,67,cross_family_test_set,SOXLEX/structures/SOXLEX_C1_14_3374_z1_12.cif,1ba16cf08ff5daa15d1444cde2dcb9ee135f01f05617db187897adaac75c58f5,5a858cdbfa56d61c9d6691221af7edce462a397beec876a0c473f62a4a04b4b1,0,48,"[""F"", ""C"", ""C"", ""C"", ""Br"", ""C"", ""Cl"", ""C"", ""Br"", ""C"", ""H"", ""H"", ""F"", ""C"", ""C"", ""C"", ""Br"", ""C"", ""Cl"", ""C"", ""Br"", ""C"", ""H"", ""H"", ""F"", ""C"", ""C"", ""C"", ""Br"", ""C"", ""Cl"", ""C"", ""Br"", ""C"", ""H"", ""H"", ""F"", ""C"", ""C"", ""C"", ""Br"", ""C"", ""Cl"", ""C"", ""Br"", ""C"", ""H"", ""H""]",C24H8Br8Cl4F4,"[true, true, true]","[8.743434056693872, 0.0, 0.0, 0.0, 16.40809129543205, 0.0, 1.2242020507054272, 0.0, 11.694654166636449]",1677.7509219472881,[],"{""cutoff=6.000_skin=0.000"": 1224, ""cutoff=6.000_skin=0.500"": 1412}",0.0,,
OPT-RF-U256-SOXLEX48-R256-v1,084fa2fcc87265ca9469de27ad5fe18cba50709ffdc020a280a4d4657591cef9,OPT-RF-U256-SOXLEX48-R256-v1:0068,SOXLEX_C1_14_805_z1_12,741cc9987a158e4aa8473d129fcf3ca7b532c783a001f94d0eab24c8e2c95530,68,cross_family_test_set,SOXLEX/structures/SOXLEX_C1_14_805_z1_12.cif,2af9cd52f4f52f10b92329ddacf8f1d94d4d2d03877ff404b6b879702c84dee4,741cc9987a158e4aa8473d129fcf3ca7b532c783a001f94d0eab24c8e2c95530,0,48,"[""F"", ""C"", ""C"", ""C"", ""Br"", ""C"", ""Cl"", ""C"", ""Br"", ""C"", ""H"", ""H"", ""F"", ""C"", ""C"", ""C"", ""Br"", ""C"", ""Cl"", ""C"", ""Br"", ""C"", ""H"", ""H"", ""F"", ""C"", ""C"", ""C"", ""Br"", ""C"", ""Cl"", ""C"", ""Br"", ""C"", ""H"", ""H"", ""F"", ""C"", ""C"", ""C"", ""Br"", ""C"", ""Cl"", ""C"", ""Br"", ""C"", ""H"", ""H""]",C24H8Br8Cl4F4,"[true, true, true]","[10.789998555883056, 0.0, 0.0, 0.0, 12.776782720035804, 0.0, 5.811718778018995, 0.0, 11.85532061430417]",1634.391892805347,[],"{""cutoff=6.000_skin=0.000"": 1224, ""cutoff=6.000_skin=0.500"": 1508}",0.0,,
OPT-RF-U256-SOXLEX48-R256-v1,084fa2fcc87265ca9469de27ad5fe18cba50709ffdc020a280a4d4657591cef9,OPT-RF-U256-SOXLEX48-R256-v1:0069,SOXLEX_C1_14_3842_z1_12,09d215f81446cc11d840c60f2759c489fb0ef4a0615e2cd89b0af6102deb202c,69,cross_family_test_set,SOXLEX/structures/SOXLEX_C1_14_3842_z1_12.cif,a28897f7e60d8192eaba9182b96e1736833610a3d26668799861c26fa69e8618,09d215f81446cc11d840c60f2759c489fb0ef4a0615e2cd89b0af6102deb202c,0,48,"[""F"", ""C"", ""C"", ""C"", ""Br"", ""C"", ""Cl"", ""C"", ""Br"", ""C"", ""H"", ""H"", ""F"", ""C"", ""C"", ""C"", ""Br"", ""C"", ""Cl"", ""C"", ""Br"", ""C"", ""H"", ""H"", ""F"", ""C"", ""C"", ""C"", ""Br"", ""C"", ""Cl"", ""C"", ""Br"", ""C"", ""H"", ""H"", ""F"", ""C"", ""C"", ""C"", ""Br"", ""C"", ""Cl"", ""C"", ""Br"", ""C"", ""H"", ""H""]",C24H8Br8Cl4F4,"[true, true, true]","[8.922657802490225, 0.0, 0.0, 0.0, 14.100500025347078, 0.0, 5.010323758334376, 0.0, 11.719860286097632]",1474.52175864642,[],"{""cutoff=6.000_skin=0.000"": 1228, ""cutoff=6.000_skin=0.500"": 1592}",0.0,,
OPT-RF-U256-SOXLEX48-R256-v1,084fa2fcc87265ca9469de27ad5fe18cba50709ffdc020a280a4d4657591cef9,OPT-RF-U256-SOXLEX48-R256-v1:0070,SOXLEX_C1_14_1840_z1_12,09d164a3cb0bf3660009e25f69dace646440c5ff05dcd274661422e85b219d36,70,cross_family_test_set,SOXLEX/structures/SOXLEX_C1_14_1840_z1_12.cif,8bd91b90c374cdd372e89ddebe18f825b71a4a7b573a7b9fc5e9d07dafba9874,09d164a3cb0bf3660009e25f69dace646440c5ff05dcd274661422e85b219d36,0,48,"[""F"", ""C"", ""C"", ""C"", ""Br"", ""C"", ""Cl"", ""C"", ""Br"", ""C"", ""H"", ""H"", ""F"", ""C"", ""C"", ""C"", ""Br"", ""C"", ""Cl"", ""C"", ""Br"", ""C"", ""H"", ""H"", ""F"", ""C"", ""C"", ""C"", ""Br"", ""C"", ""Cl"", ""C"", ""Br"", ""C"", ""H"", ""H"", ""F"", ""C"", ""C"", ""C"", ""Br"", ""C"", ""Cl"", ""C"", ""Br"", ""C"", ""H"", ""H""]",C24H8Br8Cl4F4,"[true, true, true]","[7.960077420583378, 0.0, 0.0, 0.0, 16.784563665230408, 0.0, -4.561358121015179, 0.0, 10.811128528966412]",1444.436246440781,[],"{""cutoff=6.000_skin=0.000"": 1232, ""cutoff=6.000_skin=0.500"": 1760}",0.0,,
OPT-RF-U256-SOXLEX48-R256-v1,084fa2fcc87265ca9469de27ad5fe18cba50709ffdc020a280a4d4657591cef9,OPT-RF-U256-SOXLEX48-R256-v1:0071,SOXLEX_C1_14_4538_z1_12,95cd319d728c348cce4ac1c280f687bc16575f1b31c22b4959ca1071a5627ccb,71,cross_family_test_set,SOXLEX/structures/SOXLEX_C1_14_4538_z1_12.cif,c9b1a1198b04152292ba9949de8d2d1d9b5c0502c7c8961c0acd628060b41e0f,95cd319d728c348cce4ac1c280f687bc16575f1b31c22b4959ca1071a5627ccb,0,48,"[""F"", ""C"", ""C"", ""C"", ""Br"", ""C"", ""Cl"", ""C"", ""Br"", ""C"", ""H"", ""H"", ""F"", ""C"", ""C"", ""C"", ""Br"", ""C"", ""Cl"", ""C"", ""Br"", ""C"", ""H"", ""H"", ""F"", ""C"", ""C"", ""C"", ""Br"", ""C"", ""Cl"", ""C"", ""Br"", ""C"", ""H"", ""H"", ""F"", ""C"", ""C"", ""C"", ""Br"", ""C"", ""Cl"", ""C"", ""Br"", ""C"", ""H"", ""H""]",C24H8Br8Cl4F4,"[true, true, true]","[8.953661968841317, 0.0, 0.0, 0.0, 12.88443034256112, 0.0, -4.269074788615179, 0.0, 14.219719608466932]",1640.4271519840158,[],"{""cutoff=6.000_skin=0.000"": 1232, ""cutoff=6.000_skin=0.500"": 1556}",0.0,,
OPT-RF-U256-SOXLEX48-R256-v1,084fa2fcc87265ca9469de27ad5fe18cba50709ffdc020a280a4d4657591cef9,OPT-RF-U256-SOXLEX48-R256-v1:0072,SOXLEX_C1_14_3792_z1_12,c2c770782fa9bdc8585cee0f376b4df96938fc016530d18b06b92edc95aabc9f,72,cross_family_test_set,SOXLEX/structures/SOXLEX_C1_14_3792_z1_12.cif,98a83906aa16c3a49229d0bc19f11731be7c543c2145eda45075a414bbef6184,c2c770782fa9bdc8585cee0f376b4df96938fc016530d18b06b92edc95aabc9f,0,48,"[""F"", ""C"", ""C"", ""C"", ""Br"", ""C"", ""Cl"", ""C"", ""Br"", ""C"", ""H"", ""H"", ""F"", ""C"", ""C"", ""C"", ""Br"", ""C"", ""Cl"", ""C"", ""Br"", ""C"", ""H"", ""H"", ""F"", ""C"", ""C"", ""C"", ""Br"", ""C"", ""Cl"", ""C"", ""Br"", ""C"", ""H"", ""H"", ""F"", ""C"", ""C"", ""C"", ""Br"", ""C"", ""Cl"", ""C"", ""Br"", ""C"", ""H"", ""H""]",C24H8Br8Cl4F4,"[true, true, true]","[11.69116444834658, 0.0, 0.0, 0.0, 13.490492512663849, 0.0, -2.9083269716632976, 0.0, 10.852689483433206]",1711.681480195014,[],"{""cutoff=6.000_skin=0.000"": 1236, ""cutoff=6.000_skin=0.500"": 1448}",0.0,,
OPT-RF-U256-SOXLEX48-R256-v1,084fa2fcc87265ca9469de27ad5fe18cba50709ffdc020a280a4d4657591cef9,OPT-RF-U256-SOXLEX48-R256-v1:0073,SOXLEX_C1_14_178_z1_12,11adec027d1677845aaa0cb23e8e834926d6403a49d03207ac63c9cfa399898d,73,cross_family_test_set,SOXLEX/structures/SOXLEX_C1_14_178_z1_12.cif,adeb0370f4f8960f528173dd17295d5665666bc49d5d0aa2699c5b1d9a0cc922,11adec027d1677845aaa0cb23e8e834926d6403a49d03207ac63c9cfa399898d,0,48,"[""F"", ""C"", ""C"", ""C"", ""Br"", ""C"", ""Cl"", ""C"", ""Br"", ""C"", ""H"", ""H"", ""F"", ""C"", ""C"", ""C"", ""Br"", ""C"", ""Cl"", ""C"", ""Br"", ""C"", ""H"", ""H"", ""F"", ""C"", ""C"", ""C"", ""Br"", ""C"", ""Cl"", ""C"", ""Br"", ""C"", ""H"", ""H"", ""F"", ""C"", ""C"", ""C"", ""Br"", ""C"", ""Cl"", ""C"", ""Br"", ""C"", ""H"", ""H""]",C24H8Br8Cl4F4,"[true, true, true]","[9.601592462906698, 0.0, 0.0, 0.0, 13.678239013908875, 0.0, -3.1053451503954226, 0.0, 11.999223360155689]",1575.8925211165522,[],"{""cutoff=6.000_skin=0.000"": 1244, ""cutoff=6.000_skin=0.500"": 1524}",0.0,,
OPT-RF-U256-SOXLEX48-R256-v1,084fa2fcc87265ca9469de27ad5fe18cba50709ffdc020a280a4d4657591cef9,OPT-RF-U256-SOXLEX48-R256-v1:0074,SOXLEX_C1_14_4240_z1_12,b13791380066e9ba30cbdf0549b0de68f0b7928bf4f360de950c76d2ca0a9bf9,74,cross_family_test_set,SOXLEX/structures/SOXLEX_C1_14_4240_z1_12.cif,00933c8261284a546d64f6ca975733005cdb3f8c7fae99315b01908a4b44ea94,b13791380066e9ba30cbdf0549b0de68f0b7928bf4f360de950c76d2ca0a9bf9,0,48,"[""F"", ""C"", ""C"", ""C"", ""Br"", ""C"", ""Cl"", ""C"", ""Br"", ""C"", ""H"", ""H"", ""F"", ""C"", ""C"", ""C"", ""Br"", ""C"", ""Cl"", ""C"", ""Br"", ""C"", ""H"", ""H"", ""F"", ""C"", ""C"", ""C"", ""Br"", ""C"", ""Cl"", ""C"", ""Br"", ""C"", ""H"", ""H"", ""F"", ""C"", ""C"", ""C"", ""Br"", ""C"", ""Cl"", ""C"", ""Br"", ""C"", ""H"", ""H""]",C24H8Br8Cl4F4,"[true, true, true]","[9.687592544179772, 0.0, 0.0, 0.0, 11.672750995300348, 0.0, 1.4537902100494657, 0.0, 12.776162533585472]",1444.7393894599775,[],"{""cutoff=6.000_skin=0.000"": 1244, ""cutoff=6.000_skin=0.500"": 1652}",0.0,,
OPT-RF-U256-SOXLEX48-R256-v1,084fa2fcc87265ca9469de27ad5fe18cba50709ffdc020a280a4d4657591cef9,OPT-RF-U256-SOXLEX48-R256-v1:0075,SOXLEX_C1_14_2505_z1_12,56660a0a42969fd41a4b79a507f7d1df063fc2516e2b4699d70bc2fdfaa97c8e,75,cross_family_test_set,SOXLEX/structures/SOXLEX_C1_14_2505_z1_12.cif,2a336b4807c8be9b754555fdcc56ade091e88568fedec5010fb14aae1420e087,56660a0a42969fd41a4b79a507f7d1df063fc2516e2b4699d70bc2fdfaa97c8e,0,48,"[""F"", ""C"", ""C"", ""C"", ""Br"", ""C"", ""Cl"", ""C"", ""Br"", ""C"", ""H"", ""H"", ""F"", ""C"", ""C"", ""C"", ""Br"", ""C"", ""Cl"", ""C"", ""Br"", ""C"", ""H"", ""H"", ""F"", ""C"", ""C"", ""C"", ""Br"", ""C"", ""Cl"", ""C"", ""Br"", ""C"", ""H"", ""H"", ""F"", ""C"", ""C"", ""C"", ""Br"", ""C"", ""Cl"", ""C"", ""Br"", ""C"", ""H"", ""H""]",C24H8Br8Cl4F4,"[true, true, true]","[8.893628179662102, 0.0, 0.0, 0.0, 14.195905722065014, 0.0, -5.660877046105937, 0.0, 12.174303978094184]",1537.043704812719,[],"{""cutoff=6.000_skin=0.000"": 1256, ""cutoff=6.000_skin=0.500"": 1568}",0.0,,
OPT-RF-U256-SOXLEX48-R256-v1,084fa2fcc87265ca9469de27ad5fe18cba50709ffdc020a280a4d4657591cef9,OPT-RF-U256-SOXLEX48-R256-v1:0076,SOXLEX_C1_14_4589_z1_12,6cdfd1f01838baf109d71fd19e9e4050875804774663087eda4001ded746cd0b,76,cross_family_test_set,SOXLEX/structures/SOXLEX_C1_14_4589_z1_12.cif,b8a538901c0bcd26bda5402664e0197352bcccccd2355a7013efaf2a7241426b,6cdfd1f01838baf109d71fd19e9e4050875804774663087eda4001ded746cd0b,0,48,"[""F"", ""C"", ""C"", ""C"", ""Br"", ""C"", ""Cl"", ""C"", ""Br"", ""C"", ""H"", ""H"", ""F"", ""C"", ""C"", ""C"", ""Br"", ""C"", ""Cl"", ""C"", ""Br"", ""C"", ""H"", ""H"", ""F"", ""C"", ""C"", ""C"", ""Br"", ""C"", ""Cl"", ""C"", ""Br"", ""C"", ""H"", ""H"", ""F"", ""C"", ""C"", ""C"", ""Br"", ""C"", ""Cl"", ""C"", ""Br"", ""C"", ""H"", ""H""]",C24H8Br8Cl4F4,"[true, true, true]","[6.601850130722983, 0.0, 0.0, 0.0, 13.144555641243418, 0.0, -2.761295834233877, 0.0, 16.04865031919773]",1392.6759782517897,[],"{""cutoff=6.000_skin=0.000"": 1256, ""cutoff=6.000_skin=0.500"": 1576}",0.0,,
OPT-RF-U256-SOXLEX48-R256-v1,084fa2fcc87265ca9469de27ad5fe18cba50709ffdc020a280a4d4657591cef9,OPT-RF-U256-SOXLEX48-R256-v1:0077,SOXLEX_C1_14_1924_z1_12,bc03a9008a8317e27783d976cab4a89c5bc3a5488dea24ce2848a75fb70ca8b1,77,cross_family_test_set,SOXLEX/structures/SOXLEX_C1_14_1924_z1_12.cif,8c4d99f81ed348eebdf20024c6c3f643b50954ca3c56e16216a0b839c65fd88c,bc03a9008a8317e27783d976cab4a89c5bc3a5488dea24ce2848a75fb70ca8b1,0,48,"[""F"", ""C"", ""C"", ""C"", ""Br"", ""C"", ""Cl"", ""C"", ""Br"", ""C"", ""H"", ""H"", ""F"", ""C"", ""C"", ""C"", ""Br"", ""C"", ""Cl"", ""C"", ""Br"", ""C"", ""H"", ""H"", ""F"", ""C"", ""C"", ""C"", ""Br"", ""C"", ""Cl"", ""C"", ""Br"", ""C"", ""H"", ""H"", ""F"", ""C"", ""C"", ""C"", ""Br"", ""C"", ""Cl"", ""C"", ""Br"", ""C"", ""H"", ""H""]",C24H8Br8Cl4F4,"[true, true, true]","[11.044292799774109, 0.0, 0.0, 0.0, 12.834275633198839, 0.0, -0.20026382939311058, 0.0, 12.010485345568766]",1702.4322261216407,[],"{""cutoff=6.000_skin=0.000"": 1260, ""cutoff=6.000_skin=0.500"": 1572}",0.0,,
OPT-RF-U256-SOXLEX48-R256-v1,084fa2fcc87265ca9469de27ad5fe18cba50709ffdc020a280a4d4657591cef9,OPT-RF-U256-SOXLEX48-R256-v1:0078,SOXLEX_C1_14_2231_z1_12,20bf8e11a99377618f17b81a431b72aca628ec90934125805ea4cafdcfe9b773,78,cross_family_test_set,SOXLEX/structures/SOXLEX_C1_14_2231_z1_12.cif,20f5e8ab9ff9fb0e3f9d663283913798bf6a69574338e566e78cce3c735b33bb,20bf8e11a99377618f17b81a431b72aca628ec90934125805ea4cafdcfe9b773,0,48,"[""F"", ""C"", ""C"", ""C"", ""Br"", ""C"", ""Cl"", ""C"", ""Br"", ""C"", ""H"", ""H"", ""F"", ""C"", ""C"", ""C"", ""Br"", ""C"", ""Cl"", ""C"", ""Br"", ""C"", ""H"", ""H"", ""F"", ""C"", ""C"", ""C"", ""Br"", ""C"", ""Cl"", ""C"", ""Br"", ""C"", ""H"", ""H"", ""F"", ""C"", ""C"", ""C"", ""Br"", ""C"", ""Cl"", ""C"", ""Br"", ""C"", ""H"", ""H""]",C24H8Br8Cl4F4,"[true, true, true]","[12.364717427711025, 0.0, 0.0, 0.0, 11.478562251051944, 0.0, -5.198134197037033, 0.0, 10.866565549901223]",1542.2827239029002,[],"{""cutoff=6.000_skin=0.000"": 1260, ""cutoff=6.000_skin=0.500"": 1576}",0.0,,
OPT-RF-U256-SOXLEX48-R256-v1,084fa2fcc87265ca9469de27ad5fe18cba50709ffdc020a280a4d4657591cef9,OPT-RF-U256-SOXLEX48-R256-v1:0079,SOXLEX_C1_14_4220_z1_12,c857a9284f4995107d069d6e538358ff493d525ea59165312c6597e3f3f0e60b,79,cross_family_test_set,SOXLEX/structures/SOXLEX_C1_14_4220_z1_12.cif,b77380d45f2b3ce99963204129e74e2728d5e57d51368edc336d8fbadf199dcf,c857a9284f4995107d069d6e538358ff493d525ea59165312c6597e3f3f0e60b,0,48,"[""F"", ""C"", ""C"", ""C"", ""Br"", ""C"", ""Cl"", ""C"", ""Br"", ""C"", ""H"", ""H"", ""F"", ""C"", ""C"", ""C"", ""Br"", ""C"", ""Cl"", ""C"", ""Br"", ""C"", ""H"", ""H"", ""F"", ""C"", ""C"", ""C"", ""Br"", ""C"", ""Cl"", ""C"", ""Br"", ""C"", ""H"", ""H"", ""F"", ""C"", ""C"", ""C"", ""Br"", ""C"", ""Cl"", ""C"", ""Br"", ""C"", ""H"", ""H""]",C24H8Br8Cl4F4,"[true, true, true]","[13.493169663595506, 0.0, 0.0, 0.0, 12.568117784431646, 0.0, -1.5486434388422985, 0.0, 10.47691921271665]",1776.7152026232686,[],"{""cutoff=6.000_skin=0.000"": 1260, ""cutoff=6.000_skin=0.500"": 1452}",0.0,,
OPT-RF-U256-SOXLEX48-R256-v1,084fa2fcc87265ca9469de27ad5fe18cba50709ffdc020a280a4d4657591cef9,OPT-RF-U256-SOXLEX48-R256-v1:0080,SOXLEX_C1_14_2300_z1_12,87e1ddc017580ee3b561eb9cc40cac85f227ac082ac28f2562b480c680796d9b,80,cross_family_test_set,SOXLEX/structures/SOXLEX_C1_14_2300_z1_12.cif,8f61af034d2137da961189aa71fdf4482c4b5502dfc83d6a4f2722020af39b69,87e1ddc017580ee3b561eb9cc40cac85f227ac082ac28f2562b480c680796d9b,0,48,"[""F"", ""C"", ""C"", ""C"", ""Br"", ""C"", ""Cl"", ""C"", ""Br"", ""C"", ""H"", ""H"", ""F"", ""C"", ""C"", ""C"", ""Br"", ""C"", ""Cl"", ""C"", ""Br"", ""C"", ""H"", ""H"", ""F"", ""C"", ""C"", ""C"", ""Br"", ""C"", ""Cl"", ""C"", ""Br"", ""C"", ""H"", ""H"", ""F"", ""C"", ""C"", ""C"", ""Br"", ""C"", ""Cl"", ""C"", ""Br"", ""C"", ""H"", ""H""]",C24H8Br8Cl4F4,"[true, true, true]","[11.481361835896863, 0.0, 0.0, 0.0, 12.790709506214611, 0.0, 8.332397803008028, 0.0, 10.613046573412081]",1558.5764496333354,[],"{""cutoff=6.000_skin=0.000"": 1264, ""cutoff=6.000_skin=0.500"": 1604}",0.0,,
OPT-RF-U256-SOXLEX48-R256-v1,084fa2fcc87265ca9469de27ad5fe18cba50709ffdc020a280a4d4657591cef9,OPT-RF-U256-SOXLEX48-R256-v1:0081,SOXLEX_C1_14_709_z1_12,4732079c71308168ce8eb1ce4b5169fc5a48706ef4a09b43e2a3ac925492f82f,81,cross_family_test_set,SOXLEX/structures/SOXLEX_C1_14_709_z1_12.cif,5d34d4ce455b665a8162f45dbaf96a2e8300b7045465cd0404a9a2af2ce05df6,4732079c71308168ce8eb1ce4b5169fc5a48706ef4a09b43e2a3ac925492f82f,0,48,"[""F"", ""C"", ""C"", ""C"", ""Br"", ""C"", ""Cl"", ""C"", ""Br"", ""C"", ""H"", ""H"", ""F"", ""C"", ""C"", ""C"", ""Br"", ""C"", ""Cl"", ""C"", ""Br"", ""C"", ""H"", ""H"", ""F"", ""C"", ""C"", ""C"", ""Br"", ""C"", ""Cl"", ""C"", ""Br"", ""C"", ""H"", ""H"", ""F"", ""C"", ""C"", ""C"", ""Br"", ""C"", ""Cl"", ""C"", ""Br"", ""C"", ""H"", ""H""]",C24H8Br8Cl4F4,"[true, true, true]","[7.847027549961865, 0.0, 0.0, 0.0, 10.909462552624468, 0.0, 4.572316396678721, 0.0, 17.94070183658685]",1535.8470285323067,[],"{""cutoff=6.000_skin=0.000"": 1268, ""cutoff=6.000_skin=0.500"": 1588}",0.0,,
OPT-RF-U256-SOXLEX48-R256-v1,084fa2fcc87265ca9469de27ad5fe18cba50709ffdc020a280a4d4657591cef9,OPT-RF-U256-SOXLEX48-R256-v1:0082,SOXLEX_C1_14_3206_z1_12,b8aaa56bc7b858e7a653ca0a8a0223fc9cf7f75046e42bd1502be027b6b5272c,82,cross_family_test_set,SOXLEX/structures/SOXLEX_C1_14_3206_z1_12.cif,1f1e354021ddbe5a8925119c693a8a514ca433eedfbda51f57e49fca24ed740f,b8aaa56bc7b858e7a653ca0a8a0223fc9cf7f75046e42bd1502be027b6b5272c,0,48,"[""F"", ""C"", ""C"", ""C"", ""Br"", ""C"", ""Cl"", ""C"", ""Br"", ""C"", ""H"", ""H"", ""F"", ""C"", ""C"", ""C"", ""Br"", ""C"", ""Cl"", ""C"", ""Br"", ""C"", ""H"", ""H"", ""F"", ""C"", ""C"", ""C"", ""Br"", ""C"", ""Cl"", ""C"", ""Br"", ""C"", ""H"", ""H"", ""F"", ""C"", ""C"", ""C"", ""Br"", ""C"", ""Cl"", ""C"", ""Br"", ""C"", ""H"", ""H""]",C24H8Br8Cl4F4,"[true, true, true]","[12.655062250449475, 0.0, 0.0, 0.0, 11.757907931457318, 0.0, -0.07455279081750646, 0.0, 11.936911232794271]",1776.177258813917,[],"{""cutoff=6.000_skin=0.000"": 1272, ""cutoff=6.000_skin=0.500"": 1524}",0.0,,
OPT-RF-U256-SOXLEX48-R256-v1,084fa2fcc87265ca9469de27ad5fe18cba50709ffdc020a280a4d4657591cef9,OPT-RF-U256-SOXLEX48-R256-v1:0083,SOXLEX_C1_14_2050_z1_12,7f7f61e7ee6836bfdefb9c0b885e686406892658547b83f7409c9cbf39c29d26,83,cross_family_test_set,SOXLEX/structures/SOXLEX_C1_14_2050_z1_12.cif,4e0f40cc55f33ba62378ff8675d96518f80eda3c5996bcbb03937099de90509d,7f7f61e7ee6836bfdefb9c0b885e686406892658547b83f7409c9cbf39c29d26,0,48,"[""F"", ""C"", ""C"", ""C"", ""Br"", ""C"", ""Cl"", ""C"", ""Br"", ""C"", ""H"", ""H"", ""F"", ""C"", ""C"", ""C"", ""Br"", ""C"", ""Cl"", ""C"", ""Br"", ""C"", ""H"", ""H"", ""F"", ""C"", ""C"", ""C"", ""Br"", ""C"", ""Cl"", ""C"", ""Br"", ""C"", ""H"", ""H"", ""F"", ""C"", ""C"", ""C"", ""Br"", ""C"", ""Cl"", ""C"", ""Br"", ""C"", ""H"", ""H""]",C24H8Br8Cl4F4,"[true, true, true]","[6.253092845480424, 0.0, 0.0, 0.0, 14.987526494646858, 0.0, 5.257449288926647, 0.0, 14.001552008110602]",1312.2029774404223,[],"{""cutoff=6.000_skin=0.000"": 1276, ""cutoff=6.000_skin=0.500"": 1908}",0.0,,
OPT-RF-U256-SOXLEX48-R256-v1,084fa2fcc87265ca9469de27ad5fe18cba50709ffdc020a280a4d4657591cef9,OPT-RF-U256-SOXLEX48-R256-v1:0084,SOXLEX_C1_14_4124_z1_12,35209fdaa506f2da4bca46cef92da4639ec26adede8a9e13a68b5910e0db41c7,84,cross_family_test_set,SOXLEX/structures/SOXLEX_C1_14_4124_z1_12.cif,c87a397d55a6cbfd1f5dff39b86518f6f6465629aac0cfe653eec665dcaa1036,35209fdaa506f2da4bca46cef92da4639ec26adede8a9e13a68b5910e0db41c7,0,48,"[""F"", ""C"", ""C"", ""C"", ""Br"", ""C"", ""Cl"", ""C"", ""Br"", ""C"", ""H"", ""H"", ""F"", ""C"", ""C"", ""C"", ""Br"", ""C"", ""Cl"", ""C"", ""Br"", ""C"", ""H"", ""H"", ""F"", ""C"", ""C"", ""C"", ""Br"", ""C"", ""Cl"", ""C"", ""Br"", ""C"", ""H"", ""H"", ""F"", ""C"", ""C"", ""C"", ""Br"", ""C"", ""Cl"", ""C"", ""Br"", ""C"", ""H"", ""H""]",C24H8Br8Cl4F4,"[true, true, true]","[8.717210706914294, 0.0, 0.0, 0.0, 10.402833041299022, 0.0, -3.673670520611179, 0.0, 16.563937818240415]",1502.0789620357984,[],"{""cutoff=6.000_skin=0.000"": 1276, ""cutoff=6.000_skin=0.500"": 1632}",0.0,,
OPT-RF-U256-SOXLEX48-R256-v1,084fa2fcc87265ca9469de27ad5fe18cba50709ffdc020a280a4d4657591cef9,OPT-RF-U256-SOXLEX48-R256-v1:0085,SOXLEX_C1_14_617_z1_12,71f92355f3537fb4104387d5352ce6077312abfa709a8f77311d1cf9c299e327,85,cross_family_test_set,SOXLEX/structures/SOXLEX_C1_14_617_z1_12.cif,46a98f014ef2237d40eb3206c6a1f8e99d59051194342bc03e0daca95ec1eea0,71f92355f3537fb4104387d5352ce6077312abfa709a8f77311d1cf9c299e327,0,48,"[""F"", ""C"", ""C"", ""C"", ""Br"", ""C"", ""Cl"", ""C"", ""Br"", ""C"", ""H"", ""H"", ""F"", ""C"", ""C"", ""C"", ""Br"", ""C"", ""Cl"", ""C"", ""Br"", ""C"", ""H"", ""H"", ""F"", ""C"", ""C"", ""C"", ""Br"", ""C"", ""Cl"", ""C"", ""Br"", ""C"", ""H"", ""H"", ""F"", ""C"", ""C"", ""C"", ""Br"", ""C"", ""Cl"", ""C"", ""Br"", ""C"", ""H"", ""H""]",C24H8Br8Cl4F4,"[true, true, true]","[13.573306400719872, 0.0, 0.0, 0.0, 7.6208661018947765, 0.0, 0.6391600194628537, 0.0, 13.30509811218972]",1376.2840140228766,[],"{""cutoff=6.000_skin=0.000"": 1280, ""cutoff=6.000_skin=0.500"": 1692}",0.0,,
OPT-RF-U256-SOXLEX48-R256-v1,084fa2fcc87265ca9469de27ad5fe18cba50709ffdc020a280a4d4657591cef9,OPT-RF-U256-SOXLEX48-R256-v1:0086,SOXLEX_C1_14_4736_z1_12,73f15b59f4d1d113ea7bfc214a84b0ec3507d53b9b7d77a77245aa7771bc142f,86,cross_family_test_set,SOXLEX/structures/SOXLEX_C1_14_4736_z1_12.cif,2c4d52eb8e7d2744029d81e87e1ac9e8bc80b407658eed5e5543855b8414f211,73f15b59f4d1d113ea7bfc214a84b0ec3507d53b9b7d77a77245aa7771bc142f,0,48,"[""F"", ""C"", ""C"", ""C"", ""Br"", ""C"", ""Cl"", ""C"", ""Br"", ""C"", ""H"", ""H"", ""F"", ""C"", ""C"", ""C"", ""Br"", ""C"", ""Cl"", ""C"", ""Br"", ""C"", ""H"", ""H"", ""F"", ""C"", ""C"", ""C"", ""Br"", ""C"", ""Cl"", ""C"", ""Br"", ""C"", ""H"", ""H"", ""F"", ""C"", ""C"", ""C"", ""Br"", ""C"", ""Cl"", ""C"", ""Br"", ""C"", ""H"", ""H""]",C24H8Br8Cl4F4,"[true, true, true]","[8.758815120942547, 0.0, 0.0, 0.0, 12.65560871372599, 0.0, -8.30039322630954, 0.0, 13.497351740464648]",1496.1562944122613,[],"{""cutoff=6.000_skin=0.000"": 1284, ""cutoff=6.000_skin=0.500"": 1504}",0.0,,
OPT-RF-U256-SOXLEX48-R256-v1,084fa2fcc87265ca9469de27ad5fe18cba50709ffdc020a280a4d4657591cef9,OPT-RF-U256-SOXLEX48-R256-v1:0087,SOXLEX_C1_14_4780_z1_12,d736893bc9badf577b98f5bbe5796851470b978c24e1f6aa920ba1765cbc7a68,87,cross_family_test_set,SOXLEX/structures/SOXLEX_C1_14_4780_z1_12.cif,68784ea49af978a432cbcda608771c122f583e9a8a9e8eceefa29d1de86a3db4,d736893bc9badf577b98f5bbe5796851470b978c24e1f6aa920ba1765cbc7a68,0,48,"[""F"", ""C"", ""C"", ""C"", ""Br"", ""C"", ""Cl"", ""C"", ""Br"", ""C"", ""H"", ""H"", ""F"", ""C"", ""C"", ""C"", ""Br"", ""C"", ""Cl"", ""C"", ""Br"", ""C"", ""H"", ""H"", ""F"", ""C"", ""C"", ""C"", ""Br"", ""C"", ""Cl"", ""C"", ""Br"", ""C"", ""H"", ""H"", ""F"", ""C"", ""C"", ""C"", ""Br"", ""C"", ""Cl"", ""C"", ""Br"", ""C"", ""H"", ""H""]",C24H8Br8Cl4F4,"[true, true, true]","[9.093862876624314, 0.0, 0.0, 0.0, 12.65225538910191, 0.0, 3.9959024583748217, 0.0, 12.591016318608162]",1448.6955891194907,[],"{""cutoff=6.000_skin=0.000"": 1284, ""cutoff=6.000_skin=0.500"": 1616}",0.0,,
OPT-RF-U256-SOXLEX48-R256-v1,084fa2fcc87265ca9469de27ad5fe18cba50709ffdc020a280a4d4657591cef9,OPT-RF-U256-SOXLEX48-R256-v1:0088,SOXLEX_C1_14_3872_z1_12,4dd1a08a526c69ddc2fe8cb5cfce3210aa0db6b8b8658bb948fde2511d1b60eb,88,cross_family_test_set,SOXLEX/structures/SOXLEX_C1_14_3872_z1_12.cif,9df8ad58a062db205bb8b8c75b31540fd107266f983769024c502bcc71a95698,4dd1a08a526c69ddc2fe8cb5cfce3210aa0db6b8b8658bb948fde2511d1b60eb,0,48,"[""F"", ""C"", ""C"", ""C"", ""Br"", ""C"", ""Cl"", ""C"", ""Br"", ""C"", ""H"", ""H"", ""F"", ""C"", ""C"", ""C"", ""Br"", ""C"", ""Cl"", ""C"", ""Br"", ""C"", ""H"", ""H"", ""F"", ""C"", ""C"", ""C"", ""Br"", ""C"", ""Cl"", ""C"", ""Br"", ""C"", ""H"", ""H"", ""F"", ""C"", ""C"", ""C"", ""Br"", ""C"", ""Cl"", ""C"", ""Br"", ""C"", ""H"", ""H""]",C24H8Br8Cl4F4,"[true, true, true]","[12.668957820559257, 0.0, 0.0, 0.0, 10.979732109224795, 0.0, 1.6909183751546302, 0.0, 11.385789807635069]",1583.7834350798776,[],"{""cutoff=6.000_skin=0.000"": 1288, ""cutoff=6.000_skin=0.500"": 1612}",0.0,,
OPT-RF-U256-SOXLEX48-R256-v1,084fa2fcc87265ca9469de27ad5fe18cba50709ffdc020a280a4d4657591cef9,OPT-RF-U256-SOXLEX48-R256-v1:0089,SOXLEX_C1_14_1457_z1_12,3968d0aef3f8396f507e76c779bc6dfa421c702e4d33a1d80c8370da8cce4b09,89,cross_family_test_set,SOXLEX/structures/SOXLEX_C1_14_1457_z1_12.cif,e46b350e12a2d18a9dbfb96cc6deb26e5de1ab04f4f33251ece24926d371c505,3968d0aef3f8396f507e76c779bc6dfa421c702e4d33a1d80c8370da8cce4b09,0,48,"[""F"", ""C"", ""C"", ""C"", ""Br"", ""C"", ""Cl"", ""C"", ""Br"", ""C"", ""H"", ""H"", ""F"", ""C"", ""C"", ""C"", ""Br"", ""C"", ""Cl"", ""C"", ""Br"", ""C"", ""H"", ""H"", ""F"", ""C"", ""C"", ""C"", ""Br"", ""C"", ""Cl"", ""C"", ""Br"", ""C"", ""H"", ""H"", ""F"", ""C"", ""C"", ""C"", ""Br"", ""C"", ""Cl"", ""C"", ""Br"", ""C"", ""H"", ""H""]",C24H8Br8Cl4F4,"[true, true, true]","[9.31064160558104, 0.0, 0.0, 0.0, 10.550214563849096, 0.0, 0.9933379604310482, 0.0, 14.112590531070436]",1386.2694186243084,[],"{""cutoff=6.000_skin=0.000"": 1292, ""cutoff=6.000_skin=0.500"": 1684}",0.0,,
OPT-RF-U256-SOXLEX48-R256-v1,084fa2fcc87265ca9469de27ad5fe18cba50709ffdc020a280a4d4657591cef9,OPT-RF-U256-SOXLEX48-R256-v1:0090,SOXLEX_C1_14_878_z1_12,51c328695c71ec79b61f97c5a7f42ebebc2b35c7a2d5f2d6484dfead2c87f3a8,90,cross_family_test_set,SOXLEX/structures/SOXLEX_C1_14_878_z1_12.cif,5da13dcff0d165a80321f41b7210f4b045a1dff52cc9327792eaaf5f6a03c404,51c328695c71ec79b61f97c5a7f42ebebc2b35c7a2d5f2d6484dfead2c87f3a8,0,48,"[""F"", ""C"", ""C"", ""C"", ""Br"", ""C"", ""Cl"", ""C"", ""Br"", ""C"", ""H"", ""H"", ""F"", ""C"", ""C"", ""C"", ""Br"", ""C"", ""Cl"", ""C"", ""Br"", ""C"", ""H"", ""H"", ""F"", ""C"", ""C"", ""C"", ""Br"", ""C"", ""Cl"", ""C"", ""Br"", ""C"", ""H"", ""H"", ""F"", ""C"", ""C"", ""C"", ""Br"", ""C"", ""Cl"", ""C"", ""Br"", ""C"", ""H"", ""H""]",C24H8Br8Cl4F4,"[true, true, true]","[8.00070642000972, 0.0, 0.0, 0.0, 11.084389783472432, 0.0, -0.6815216335856266, 0.0, 16.210567726750885]",1437.6009429080304,[],"{""cutoff=6.000_skin=0.000"": 1292, ""cutoff=6.000_skin=0.500"": 1712}",0.0,,
OPT-RF-U256-SOXLEX48-R256-v1,084fa2fcc87265ca9469de27ad5fe18cba50709ffdc020a280a4d4657591cef9,OPT-RF-U256-SOXLEX48-R256-v1:0091,SOXLEX_C1_14_291_z1_12,f723e76732db09326038377e6e4451a22d5defdace354cc7ea0b00f3011f78bd,91,cross_family_test_set,SOXLEX/structures/SOXLEX_C1_14_291_z1_12.cif,9f53fd58bf98e5038a3061da749de1a0199f16a03446ae2e6594a14f9b6f5146,f723e76732db09326038377e6e4451a22d5defdace354cc7ea0b00f3011f78bd,0,48,"[""F"", ""C"", ""C"", ""C"", ""Br"", ""C"", ""Cl"", ""C"", ""Br"", ""C"", ""H"", ""H"", ""F"", ""C"", ""C"", ""C"", ""Br"", ""C"", ""Cl"", ""C"", ""Br"", ""C"", ""H"", ""H"", ""F"", ""C"", ""C"", ""C"", ""Br"", ""C"", ""Cl"", ""C"", ""Br"", ""C"", ""H"", ""H"", ""F"", ""C"", ""C"", ""C"", ""Br"", ""C"", ""Cl"", ""C"", ""Br"", ""C"", ""H"", ""H""]",C24H8Br8Cl4F4,"[true, true, true]","[13.584005775198925, 0.0, 0.0, 0.0, 9.946556981149236, 0.0, 3.8223914550609726, 0.0, 11.589166075524922]",1565.8595988939803,[],"{""cutoff=6.000_skin=0.000"": 1296, ""cutoff=6.000_skin=0.500"": 1576}",0.0,,
OPT-RF-U256-SOXLEX48-R256-v1,084fa2fcc87265ca9469de27ad5fe18cba50709ffdc020a280a4d4657591cef9,OPT-RF-U256-SOXLEX48-R256-v1:0092,SOXLEX_C1_14_4578_z1_12,fb2ab90998a6109bc939a7abe92743bb5d25ef0d59002888baa79eaa25d0aebd,92,cross_family_test_set,SOXLEX/structures/SOXLEX_C1_14_4578_z1_12.cif,7c11e99e62a9f994e5347c1896785a52a4f98a2491ac4f92c60d8b778e12db50,fb2ab90998a6109bc939a7abe92743bb5d25ef0d59002888baa79eaa25d0aebd,0,48,"[""F"", ""C"", ""C"", ""C"", ""Br"", ""C"", ""Cl"", ""C"", ""Br"", ""C"", ""H"", ""H"", ""F"", ""C"", ""C"", ""C"", ""Br"", ""C"", ""Cl"", ""C"", ""Br"", ""C"", ""H"", ""H"", ""F"", ""C"", ""C"", ""C"", ""Br"", ""C"", ""Cl"", ""C"", ""Br"", ""C"", ""H"", ""H"", ""F"", ""C"", ""C"", ""C"", ""Br"", ""C"", ""Cl"", ""C"", ""Br"", ""C"", ""H"", ""H""]",C24H8Br8Cl4F4,"[true, true, true]","[10.314049415967503, 0.0, 0.0, 0.0, 11.068511986669662, 0.0, -3.470596255616749, 0.0, 13.141878027857915]",1500.2922977110222,[],"{""cutoff=6.000_skin=0.000"": 1296, ""cutoff=6.000_skin=0.500"": 1644}",0.0,,
OPT-RF-U256-SOXLEX48-R256-v1,084fa2fcc87265ca9469de27ad5fe18cba50709ffdc020a280a4d4657591cef9,OPT-RF-U256-SOXLEX48-R256-v1:0093,SOXLEX_C1_14_685_z1_12,b175d438d59757d8a9286da7993b4bf5575890a427e0b02f2154a0b11d73ad79,93,cross_family_test_set,SOXLEX/structures/SOXLEX_C1_14_685_z1_12.cif,8f464963f1787e60828cc48f57c29fb152aaa863c8a10ecca7057fb17a8e52f0,b175d438d59757d8a9286da7993b4bf5575890a427e0b02f2154a0b11d73ad79,0,48,"[""F"", ""C"", ""C"", ""C"", ""Br"", ""C"", ""Cl"", ""C"", ""Br"", ""C"", ""H"", ""H"", ""F"", ""C"", ""C"", ""C"", ""Br"", ""C"", ""Cl"", ""C"", ""Br"", ""C"", ""H"", ""H"", ""F"", ""C"", ""C"", ""C"", ""Br"", ""C"", ""Cl"", ""C"", ""Br"", ""C"", ""H"", ""H"", ""F"", ""C"", ""C"", ""C"", ""Br"", ""C"", ""Cl"", ""C"", ""Br"", ""C"", ""H"", ""H""]",C24H8Br8Cl4F4,"[true, true, true]","[11.199369724727887, 0.0, 0.0, 0.0, 11.382555607302258, 0.0, 8.08227918409848, 0.0, 11.176756389121083]",1424.7843887622157,[],"{""cutoff=6.000_skin=0.000"": 1296, ""cutoff=6.000_skin=0.500"": 1580}",0.0,,
OPT-RF-U256-SOXLEX48-R256-v1,084fa2fcc87265ca9469de27ad5fe18cba50709ffdc020a280a4d4657591cef9,OPT-RF-U256-SOXLEX48-R256-v1:0094,SOXLEX_C1_14_2380_z1_12,cda5029272edb13edc9767e2a435b9a456b50b6a09445248e57d84ab710a4131,94,cross_family_test_set,SOXLEX/structures/SOXLEX_C1_14_2380_z1_12.cif,626e8527bc2314bb911c98cf8b8e5615698d5d142301a6925c483e69aec2efd8,cda5029272edb13edc9767e2a435b9a456b50b6a09445248e57d84ab710a4131,0,48,"[""F"", ""C"", ""C"", ""C"", ""Br"", ""C"", ""Cl"", ""C"", ""Br"", ""C"", ""H"", ""H"", ""F"", ""C"", ""C"", ""C"", ""Br"", ""C"", ""Cl"", ""C"", ""Br"", ""C"", ""H"", ""H"", ""F"", ""C"", ""C"", ""C"", ""Br"", ""C"", ""Cl"", ""C"", ""Br"", ""C"", ""H"", ""H"", ""F"", ""C"", ""C"", ""C"", ""Br"", ""C"", ""Cl"", ""C"", ""Br"", ""C"", ""H"", ""H""]",C24H8Br8Cl4F4,"[true, true, true]","[11.065674911715178, 0.0, 0.0, 0.0, 10.301578046265838, 0.0, -5.183348644577721, 0.0, 12.723040330051766]",1450.349161864433,[],"{""cutoff=6.000_skin=0.000"": 1300, ""cutoff=6.000_skin=0.500"": 1676}",0.0,,
OPT-RF-U256-SOXLEX48-R256-v1,084fa2fcc87265ca9469de27ad5fe18cba50709ffdc020a280a4d4657591cef9,OPT-RF-U256-SOXLEX48-R256-v1:0095,SOXLEX_C1_14_1283_z1_12,fe0b82a4c3241ba6de072b38ff04bccb44f07d3aa7b06247ab407fe635849588,95,cross_family_test_set,SOXLEX/structures/SOXLEX_C1_14_1283_z1_12.cif,9da5d68c3a854d60ef3a8794594fb8e5c22b3b49a223eadcff213ebe01b11dc5,fe0b82a4c3241ba6de072b38ff04bccb44f07d3aa7b06247ab407fe635849588,0,48,"[""F"", ""C"", ""C"", ""C"", ""Br"", ""C"", ""Cl"", ""C"", ""Br"", ""C"", ""H"", ""H"", ""F"", ""C"", ""C"", ""C"", ""Br"", ""C"", ""Cl"", ""C"", ""Br"", ""C"", ""H"", ""H"", ""F"", ""C"", ""C"", ""C"", ""Br"", ""C"", ""Cl"", ""C"", ""Br"", ""C"", ""H"", ""H"", ""F"", ""C"", ""C"", ""C"", ""Br"", ""C"", ""Cl"", ""C"", ""Br"", ""C"", ""H"", ""H""]",C24H8Br8Cl4F4,"[true, true, true]","[8.407124269081628, 0.0, 0.0, 0.0, 13.354662710924632, 0.0, -0.6685546045529033, 0.0, 13.568611918643034]",1523.4065270161925,[],"{""cutoff=6.000_skin=0.000"": 1304, ""cutoff=6.000_skin=0.500"": 1564}",0.0,,
OPT-RF-U256-SOXLEX48-R256-v1,084fa2fcc87265ca9469de27ad5fe18cba50709ffdc020a280a4d4657591cef9,OPT-RF-U256-SOXLEX48-R256-v1:0096,SOXLEX_C1_14_1424_z1_12,7f94032c73e222c8465effef21d26864b9848f6c71b71f8aeb81ce5994b2b30b,96,cross_family_test_set,SOXLEX/structures/SOXLEX_C1_14_1424_z1_12.cif,9440db9f6c79bf461eebda2390eab8b410bfefc4f963665ab45ffe11031b3832,7f94032c73e222c8465effef21d26864b9848f6c71b71f8aeb81ce5994b2b30b,0,48,"[""F"", ""C"", ""C"", ""C"", ""Br"", ""C"", ""Cl"", ""C"", ""Br"", ""C"", ""H"", ""H"", ""F"", ""C"", ""C"", ""C"", ""Br"", ""C"", ""Cl"", ""C"", ""Br"", ""C"", ""H"", ""H"", ""F"", ""C"", ""C"", ""C"", ""Br"", ""C"", ""Cl"", ""C"", ""Br"", ""C"", ""H"", ""H"", ""F"", ""C"", ""C"", ""C"", ""Br"", ""C"", ""Cl"", ""C"", ""Br"", ""C"", ""H"", ""H""]",C24H8Br8Cl4F4,"[true, true, true]","[10.82967571535982, 0.0, 0.0, 0.0, 11.059611739870036, 0.0, 8.03916669778656, 0.0, 11.610998139260902]",1390.6725699257413,[],"{""cutoff=6.000_skin=0.000"": 1304, ""cutoff=6.000_skin=0.500"": 1664}",0.0,,
OPT-RF-U256-SOXLEX48-R256-v1,084fa2fcc87265ca9469de27ad5fe18cba50709ffdc020a280a4d4657591cef9,OPT-RF-U256-SOXLEX48-R256-v1:0097,SOXLEX_C1_14_2678_z1_12,22b545c3b7ef6d8068c36ccd48a789756a8aec8c756fd52cfd5fe8879cddfe53,97,cross_family_test_set,SOXLEX/structures/SOXLEX_C1_14_2678_z1_12.cif,c44485a0ccaa5cb41f6d045c2e4fe64c28b92be5f98e3a7b8c95499c1a0f40ca,22b545c3b7ef6d8068c36ccd48a789756a8aec8c756fd52cfd5fe8879cddfe53,0,48,"[""F"", ""C"", ""C"", ""C"", ""Br"", ""C"", ""Cl"", ""C"", ""Br"", ""C"", ""H"", ""H"", ""F"", ""C"", ""C"", ""C"", ""Br"", ""C"", ""Cl"", ""C"", ""Br"", ""C"", ""H"", ""H"", ""F"", ""C"", ""C"", ""C"", ""Br"", ""C"", ""Cl"", ""C"", ""Br"", ""C"", ""H"", ""H"", ""F"", ""C"", ""C"", ""C"", ""Br"", ""C"", ""Cl"", ""C"", ""Br"", ""C"", ""H"", ""H""]",C24H8Br8Cl4F4,"[true, true, true]","[10.595175550554444, 0.0, 0.0, 0.0, 11.127615470372271, 0.0, 0.5751205421590317, 0.0, 12.278285484990235]",1447.5980637622274,[],"{""cutoff=6.000_skin=0.000"": 1320, ""cutoff=6.000_skin=0.500"": 1744}",0.0,,
OPT-RF-U256-SOXLEX48-R256-v1,084fa2fcc87265ca9469de27ad5fe18cba50709ffdc020a280a4d4657591cef9,OPT-RF-U256-SOXLEX48-R256-v1:0098,SOXLEX_C1_14_4435_z1_12,7d80b08860f2b2fc64f2c8aa08c1a3980683998a51126e9dd1bc10fa9ab54b23,98,cross_family_test_set,SOXLEX/structures/SOXLEX_C1_14_4435_z1_12.cif,93b487883856f829d64074f95f44a24418d7c0ba28c6d4a869896c1532c2828b,7d80b08860f2b2fc64f2c8aa08c1a3980683998a51126e9dd1bc10fa9ab54b23,0,48,"[""F"", ""C"", ""C"", ""C"", ""Br"", ""C"", ""Cl"", ""C"", ""Br"", ""C"", ""H"", ""H"", ""F"", ""C"", ""C"", ""C"", ""Br"", ""C"", ""Cl"", ""C"", ""Br"", ""C"", ""H"", ""H"", ""F"", ""C"", ""C"", ""C"", ""Br"", ""C"", ""Cl"", ""C"", ""Br"", ""C"", ""H"", ""H"", ""F"", ""C"", ""C"", ""C"", ""Br"", ""C"", ""Cl"", ""C"", ""Br"", ""C"", ""H"", ""H""]",C24H8Br8Cl4F4,"[true, true, true]","[9.025172897039525, 0.0, 0.0, 0.0, 13.645988404751343, 0.0, -8.431662421808714, 0.0, 11.48753006418103]",1414.7743891623015,[],"{""cutoff=6.000_skin=0.000"": 1320, ""cutoff=6.000_skin=0.500"": 1624}",0.0,,
OPT-RF-U256-SOXLEX48-R256-v1,084fa2fcc87265ca9469de27ad5fe18cba50709ffdc020a280a4d4657591cef9,OPT-RF-U256-SOXLEX48-R256-v1:0099,SOXLEX_C1_14_3955_z1_12,18d8284f65c03aac2ba60583916cf3cdc7ab234c94ae46e8186d0c069ae7e5cf,99,cross_family_test_set,SOXLEX/structures/SOXLEX_C1_14_3955_z1_12.cif,c206cf53599cb8c24e0e2c0f9d34d76cada531c5187b56b93ffe44fccc32853a,18d8284f65c03aac2ba60583916cf3cdc7ab234c94ae46e8186d0c069ae7e5cf,0,48,"[""F"", ""C"", ""C"", ""C"", ""Br"", ""C"", ""Cl"", ""C"", ""Br"", ""C"", ""H"", ""H"", ""F"", ""C"", ""C"", ""C"", ""Br"", ""C"", ""Cl"", ""C"", ""Br"", ""C"", ""H"", ""H"", ""F"", ""C"", ""C"", ""C"", ""Br"", ""C"", ""Cl"", ""C"", ""Br"", ""C"", ""H"", ""H"", ""F"", ""C"", ""C"", ""C"", ""Br"", ""C"", ""Cl"", ""C"", ""Br"", ""C"", ""H"", ""H""]",C24H8Br8Cl4F4,"[true, true, true]","[7.402162356201764, 0.0, 0.0, 0.0, 7.248467557409478, 0.0, 1.7830382374192992, 0.0, 28.313218399820038]",1519.1268679638943,[],"{""cutoff=6.000_skin=0.000"": 1332, ""cutoff=6.000_skin=0.500"": 1728}",0.0,,
OPT-RF-U256-SOXLEX48-R256-v1,084fa2fcc87265ca9469de27ad5fe18cba50709ffdc020a280a4d4657591cef9,OPT-RF-U256-SOXLEX48-R256-v1:0100,SOXLEX_C1_14_3098_z1_12,e3dcfa3293bdf748c3dbd90656a9d4bab0602e15111471b187684e65a4cfe327,100,cross_family_test_set,SOXLEX/structures/SOXLEX_C1_14_3098_z1_12.cif,94f41ae8d6ac1fa9f40d7cab111c68190a7ec590641308210a525f65c977f18e,e3dcfa3293bdf748c3dbd90656a9d4bab0602e15111471b187684e65a4cfe327,0,48,"[""F"", ""C"", ""C"", ""C"", ""Br"", ""C"", ""Cl"", ""C"", ""Br"", ""C"", ""H"", ""H"", ""F"", ""C"", ""C"", ""C"", ""Br"", ""C"", ""Cl"", ""C"", ""Br"", ""C"", ""H"", ""H"", ""F"", ""C"", ""C"", ""C"", ""Br"", ""C"", ""Cl"", ""C"", ""Br"", ""C"", ""H"", ""H"", ""F"", ""C"", ""C"", ""C"", ""Br"", ""C"", ""Cl"", ""C"", ""Br"", ""C"", ""H"", ""H""]",C24H8Br8Cl4F4,"[true, true, true]","[10.231200949327253, 0.0, 0.0, 0.0, 15.827267027742806, 0.0, 4.144314434833157, 0.0, 9.747204448956015]",1578.3838180047971,[],"{""cutoff=6.000_skin=0.000"": 1336, ""cutoff=6.000_skin=0.500"": 1628}",0.0,,
OPT-RF-U256-SOXLEX48-R256-v1,084fa2fcc87265ca9469de27ad5fe18cba50709ffdc020a280a4d4657591cef9,OPT-RF-U256-SOXLEX48-R256-v1:0101,SOXLEX_C1_14_4209_z1_12,020fefca9495dda5a6716a1f0ae699f2fd6522ee7e4108f4026e5316f18b3a10,101,cross_family_test_set,SOXLEX/structures/SOXLEX_C1_14_4209_z1_12.cif,f2c599685a9a1be13dba9d791c3891a1aafe1d737996c747ae816f33108cc975,020fefca9495dda5a6716a1f0ae699f2fd6522ee7e4108f4026e5316f18b3a10,0,48,"[""F"", ""C"", ""C"", ""C"", ""Br"", ""C"", ""Cl"", ""C"", ""Br"", ""C"", ""H"", ""H"", ""F"", ""C"", ""C"", ""C"", ""Br"", ""C"", ""Cl"", ""C"", ""Br"", ""C"", ""H"", ""H"", ""F"", ""C"", ""C"", ""C"", ""Br"", ""C"", ""Cl"", ""C"", ""Br"", ""C"", ""H"", ""H"", ""F"", ""C"", ""C"", ""C"", ""Br"", ""C"", ""Cl"", ""C"", ""Br"", ""C"", ""H"", ""H""]",C24H8Br8Cl4F4,"[true, true, true]","[9.143651214024018, 0.0, 0.0, 0.0, 10.046788238520023, 0.0, 2.372198537816046, 0.0, 14.786862234014038]",1358.3851545811367,[],"{""cutoff=6.000_skin=0.000"": 1336, ""cutoff=6.000_skin=0.500"": 1864}",0.0,,
OPT-RF-U256-SOXLEX48-R256-v1,084fa2fcc87265ca9469de27ad5fe18cba50709ffdc020a280a4d4657591cef9,OPT-RF-U256-SOXLEX48-R256-v1:0102,SOXLEX_C1_14_132_z1_12,7ea49e8b51888e6889c1dda16e872db58934dc6420c2c03a9f7d2fb801e3a6b7,102,cross_family_test_set,SOXLEX/structures/SOXLEX_C1_14_132_z1_12.cif,da76500389dc788083048131f91640ea1de6dcd8cfbc298d09470de7ef7eecba,7ea49e8b51888e6889c1dda16e872db58934dc6420c2c03a9f7d2fb801e3a6b7,0,48,"[""F"", ""C"", ""C"", ""C"", ""Br"", ""C"", ""Cl"", ""C"", ""Br"", ""C"", ""H"", ""H"", ""F"", ""C"", ""C"", ""C"", ""Br"", ""C"", ""Cl"", ""C"", ""Br"", ""C"", ""H"", ""H"", ""F"", ""C"", ""C"", ""C"", ""Br"", ""C"", ""Cl"", ""C"", ""Br"", ""C"", ""H"", ""H"", ""F"", ""C"", ""C"", ""C"", ""Br"", ""C"", ""Cl"", ""C"", ""Br"", ""C"", ""H"", ""H""]",C24H8Br8Cl4F4,"[true, true, true]","[13.038697856443136, 0.0, 0.0, 0.0, 10.493685487331625, 0.0, 2.5170932663035215, 0.0, 9.969422562739288]",1364.0562175919315,[],"{""cutoff=6.000_skin=0.000"": 1340, ""cutoff=6.000_skin=0.500"": 1776}",0.0,,
OPT-RF-U256-SOXLEX48-R256-v1,084fa2fcc87265ca9469de27ad5fe18cba50709ffdc020a280a4d4657591cef9,OPT-RF-U256-SOXLEX48-R256-v1:0103,SOXLEX_C1_14_1460_z1_12,e9d4438fe106de51d11e492528e3c9b70920fc0557afd9d00a6b3767c8a3ba6a,103,cross_family_test_set,SOXLEX/structures/SOXLEX_C1_14_1460_z1_12.cif,bb94997403081f35a90b4ffe075c037f91905cf0cfd5d07efe284a0ff65a675e,e9d4438fe106de51d11e492528e3c9b70920fc0557afd9d00a6b3767c8a3ba6a,0,48,"[""F"", ""C"", ""C"", ""C"", ""Br"", ""C"", ""Cl"", ""C"", ""Br"", ""C"", ""H"", ""H"", ""F"", ""C"", ""C"", ""C"", ""Br"", ""C"", ""Cl"", ""C"", ""Br"", ""C"", ""H"", ""H"", ""F"", ""C"", ""C"", ""C"", ""Br"", ""C"", ""Cl"", ""C"", ""Br"", ""C"", ""H"", ""H"", ""F"", ""C"", ""C"", ""C"", ""Br"", ""C"", ""Cl"", ""C"", ""Br"", ""C"", ""H"", ""H""]",C24H8Br8Cl4F4,"[true, true, true]","[6.9258684668655945, 0.0, 0.0, 0.0, 15.545503026733986, 0.0, 5.103910972048594, 0.0, 13.205335013595294]",1421.7670417867632,[],"{""cutoff=6.000_skin=0.000"": 1340, ""cutoff=6.000_skin=0.500"": 1632}",0.0,,
OPT-RF-U256-SOXLEX48-R256-v1,084fa2fcc87265ca9469de27ad5fe18cba50709ffdc020a280a4d4657591cef9,OPT-RF-U256-SOXLEX48-R256-v1:0104,SOXLEX_C1_14_1605_z1_12,69e70d6a0b6502ed8b163769bdc8affe164e9b08df279a1ed06c2c68d9469ff3,104,cross_family_test_set,SOXLEX/structures/SOXLEX_C1_14_1605_z1_12.cif,42da8c0d727b9c18722f1c50ba7926d4243bb35a9f4779e3468479d744d3a93c,69e70d6a0b6502ed8b163769bdc8affe164e9b08df279a1ed06c2c68d9469ff3,0,48,"[""F"", ""C"", ""C"", ""C"", ""Br"", ""C"", ""Cl"", ""C"", ""Br"", ""C"", ""H"", ""H"", ""F"", ""C"", ""C"", ""C"", ""Br"", ""C"", ""Cl"", ""C"", ""Br"", ""C"", ""H"", ""H"", ""F"", ""C"", ""C"", ""C"", ""Br"", ""C"", ""Cl"", ""C"", ""Br"", ""C"", ""H"", ""H"", ""F"", ""C"", ""C"", ""C"", ""Br"", ""C"", ""Cl"", ""C"", ""Br"", ""C"", ""H"", ""H""]",C24H8Br8Cl4F4,"[true, true, true]","[12.677256534086716, 0.0, 0.0, 0.0, 12.179408377073688, 0.0, -0.0009099415040518153, 0.0, 10.172860797932566]",1570.7048080961465,[],"{""cutoff=6.000_skin=0.000"": 1340, ""cutoff=6.000_skin=0.500"": 1568}",0.0,,
OPT-RF-U256-SOXLEX48-R256-v1,084fa2fcc87265ca9469de27ad5fe18cba50709ffdc020a280a4d4657591cef9,OPT-RF-U256-SOXLEX48-R256-v1:0105,SOXLEX_C1_14_220_z1_12,de47c7d8fda9544769a1b288974915be068afef6ecdce5f4f21d7a538f16f1fa,105,cross_family_test_set,SOXLEX/structures/SOXLEX_C1_14_220_z1_12.cif,0cd37fdde9f412787d7ab4688e77779114fb2c6bdfa228b64980dbe1783928a8,de47c7d8fda9544769a1b288974915be068afef6ecdce5f4f21d7a538f16f1fa,0,48,"[""F"", ""C"", ""C"", ""C"", ""Br"", ""C"", ""Cl"", ""C"", ""Br"", ""C"", ""H"", ""H"", ""F"", ""C"", ""C"", ""C"", ""Br"", ""C"", ""Cl"", ""C"", ""Br"", ""C"", ""H"", ""H"", ""F"", ""C"", ""C"", ""C"", ""Br"", ""C"", ""Cl"", ""C"", ""Br"", ""C"", ""H"", ""H"", ""F"", ""C"", ""C"", ""C"", ""Br"", ""C"", ""Cl"", ""C"", ""Br"", ""C"", ""H"", ""H""]",C24H8Br8Cl4F4,"[true, true, true]","[10.775255159515297, 0.0, 0.0, 0.0, 10.60322603581222, 0.0, 0.7348104665854387, 0.0, 12.126775385485745]",1385.5139930248843,[],"{""cutoff=6.000_skin=0.000"": 1340, ""cutoff=6.000_skin=0.500"": 1692}",0.0,,
OPT-RF-U256-SOXLEX48-R256-v1,084fa2fcc87265ca9469de27ad5fe18cba50709ffdc020a280a4d4657591cef9,OPT-RF-U256-SOXLEX48-R256-v1:0106,SOXLEX_C1_14_2093_z1_12,966cf5fa4c7aca3e3c1a7325f19f27966f7b288f5c432f3f529c46fc631a158f,106,cross_family_test_set,SOXLEX/structures/SOXLEX_C1_14_2093_z1_12.cif,88c35a90aef482d2464edb455ef46444aa85ac1abcae101019c5d9ce4668f2bc,966cf5fa4c7aca3e3c1a7325f19f27966f7b288f5c432f3f529c46fc631a158f,0,48,"[""F"", ""C"", ""C"", ""C"", ""Br"", ""C"", ""Cl"", ""C"", ""Br"", ""C"", ""H"", ""H"", ""F"", ""C"", ""C"", ""C"", ""Br"", ""C"", ""Cl"", ""C"", ""Br"", ""C"", ""H"", ""H"", ""F"", ""C"", ""C"", ""C"", ""Br"", ""C"", ""Cl"", ""C"", ""Br"", ""C"", ""H"", ""H"", ""F"", ""C"", ""C"", ""C"", ""Br"", ""C"", ""Cl"", ""C"", ""Br"", ""C"", ""H"", ""H""]",C24H8Br8Cl4F4,"[true, true, true]","[8.23685660649556, 0.0, 0.0, 0.0, 22.078397428403093, 0.0, 3.2704204752271218, 0.0, 7.797889692307446]",1418.0976576393516,[],"{""cutoff=6.000_skin=0.000"": 1344, ""cutoff=6.000_skin=0.500"": 1672}",0.0,,
OPT-RF-U256-SOXLEX48-R256-v1,084fa2fcc87265ca9469de27ad5fe18cba50709ffdc020a280a4d4657591cef9,OPT-RF-U256-SOXLEX48-R256-v1:0107,SOXLEX_C1_14_355_z1_12,d62d6851b27864f3f1d6371325b8b53f031899b47c22684ecc66717e73667ee8,107,cross_family_test_set,SOXLEX/structures/SOXLEX_C1_14_355_z1_12.cif,f087b1bf3e33e32abc7dca8505e90ad567d5aef5a78f84c168c918277a776de2,d62d6851b27864f3f1d6371325b8b53f031899b47c22684ecc66717e73667ee8,0,48,"[""F"", ""C"", ""C"", ""C"", ""Br"", ""C"", ""Cl"", ""C"", ""Br"", ""C"", ""H"", ""H"", ""F"", ""C"", ""C"", ""C"", ""Br"", ""C"", ""Cl"", ""C"", ""Br"", ""C"", ""H"", ""H"", ""F"", ""C"", ""C"", ""C"", ""Br"", ""C"", ""Cl"", ""C"", ""Br"", ""C"", ""H"", ""H"", ""F"", ""C"", ""C"", ""C"", ""Br"", ""C"", ""Cl"", ""C"", ""Br"", ""C"", ""H"", ""H""]",C24H8Br8Cl4F4,"[true, true, true]","[18.665212639988994, 0.0, 0.0, 0.0, 9.69878425385862, 0.0, -4.619151674071068, 0.0, 7.97258336088957]",1443.2757329549133,[],"{""cutoff=6.000_skin=0.000"": 1344, ""cutoff=6.000_skin=0.500"": 1732}",0.0,,
OPT-RF-U256-SOXLEX48-R256-v1,084fa2fcc87265ca9469de27ad5fe18cba50709ffdc020a280a4d4657591cef9,OPT-RF-U256-SOXLEX48-R256-v1:0108,SOXLEX_C1_14_4168_z1_12,9f8b0ca80836faac372e945e52a0b8c1c3f71f412609d33b87509f78de1db5f0,108,cross_family_test_set,SOXLEX/structures/SOXLEX_C1_14_4168_z1_12.cif,90b18f8fa6b9e1807d88c65673c1fa4e891e24316cb6087b85648d8abc850ac3,9f8b0ca80836faac372e945e52a0b8c1c3f71f412609d33b87509f78de1db5f0,0,48,"[""F"", ""C"", ""C"", ""C"", ""Br"", ""C"", ""Cl"", ""C"", ""Br"", ""C"", ""H"", ""H"", ""F"", ""C"", ""C"", ""C"", ""Br"", ""C"", ""Cl"", ""C"", ""Br"", ""C"", ""H"", ""H"", ""F"", ""C"", ""C"", ""C"", ""Br"", ""C"", ""Cl"", ""C"", ""Br"", ""C"", ""H"", ""H"", ""F"", ""C"", ""C"", ""C"", ""Br"", ""C"", ""Cl"", ""C"", ""Br"", ""C"", ""H"", ""H""]",C24H8Br8Cl4F4,"[true, true, true]","[7.329029609754301, 0.0, 0.0, 0.0, 12.119477171084476, 0.0, 2.609884581171592, 0.0, 16.23740203760625]",1442.2711129259433,[],"{""cutoff=6.000_skin=0.000"": 1344, ""cutoff=6.000_skin=0.500"": 1704}",0.0,,
OPT-RF-U256-SOXLEX48-R256-v1,084fa2fcc87265ca9469de27ad5fe18cba50709ffdc020a280a4d4657591cef9,OPT-RF-U256-SOXLEX48-R256-v1:0109,SOXLEX_C1_14_2758_z1_12,279281ad64cccd3d970c469817d855a0e09652286498a6898b23a7d3f9fd3a25,109,cross_family_test_set,SOXLEX/structures/SOXLEX_C1_14_2758_z1_12.cif,dd9618d5471c41eef42017f5e1854829ebb1c48b7bf3a52011e0843815fdcd25,279281ad64cccd3d970c469817d855a0e09652286498a6898b23a7d3f9fd3a25,0,48,"[""F"", ""C"", ""C"", ""C"", ""Br"", ""C"", ""Cl"", ""C"", ""Br"", ""C"", ""H"", ""H"", ""F"", ""C"", ""C"", ""C"", ""Br"", ""C"", ""Cl"", ""C"", ""Br"", ""C"", ""H"", ""H"", ""F"", ""C"", ""C"", ""C"", ""Br"", ""C"", ""Cl"", ""C"", ""Br"", ""C"", ""H"", ""H"", ""F"", ""C"", ""C"", ""C"", ""Br"", ""C"", ""Cl"", ""C"", ""Br"", ""C"", ""H"", ""H""]",C24H8Br8Cl4F4,"[true, true, true]","[8.332780400074242, 0.0, 0.0, 0.0, 13.8750528842446, 0.0, 4.10059881251027, 0.0, 13.269641404199646]",1534.2063309188748,[],"{""cutoff=6.000_skin=0.000"": 1360, ""cutoff=6.000_skin=0.500"": 1596}",0.0,,
OPT-RF-U256-SOXLEX48-R256-v1,084fa2fcc87265ca9469de27ad5fe18cba50709ffdc020a280a4d4657591cef9,OPT-RF-U256-SOXLEX48-R256-v1:0110,SOXLEX_C1_14_3055_z1_12,175e3d6593fbe78de647b34277dbe046fb640b96c40a791f31027b0a5a7b175f,110,cross_family_test_set,SOXLEX/structures/SOXLEX_C1_14_3055_z1_12.cif,c7c751ee1212c60a874a36df6934ece764559e5d6684606717c2ef9fbbc68650,175e3d6593fbe78de647b34277dbe046fb640b96c40a791f31027b0a5a7b175f,0,48,"[""F"", ""C"", ""C"", ""C"", ""Br"", ""C"", ""Cl"", ""C"", ""Br"", ""C"", ""H"", ""H"", ""F"", ""C"", ""C"", ""C"", ""Br"", ""C"", ""Cl"", ""C"", ""Br"", ""C"", ""H"", ""H"", ""F"", ""C"", ""C"", ""C"", ""Br"", ""C"", ""Cl"", ""C"", ""Br"", ""C"", ""H"", ""H"", ""F"", ""C"", ""C"", ""C"", ""Br"", ""C"", ""Cl"", ""C"", ""Br"", ""C"", ""H"", ""H""]",C24H8Br8Cl4F4,"[true, true, true]","[5.755142898094766, 0.0, 0.0, 0.0, 15.547138911355624, 0.0, 6.577659346819699, 0.0, 15.907070430413128]",1423.3011307276724,[],"{""cutoff=6.000_skin=0.000"": 1360, ""cutoff=6.000_skin=0.500"": 1644}",0.0,,
OPT-RF-U256-SOXLEX48-R256-v1,084fa2fcc87265ca9469de27ad5fe18cba50709ffdc020a280a4d4657591cef9,OPT-RF-U256-SOXLEX48-R256-v1:0111,SOXLEX_C1_14_3806_z1_12,f7cbf968c02f7326b7dbf6f19669ddb106cd6a50d24874fc5ff0c96632e4127d,111,cross_family_test_set,SOXLEX/structures/SOXLEX_C1_14_3806_z1_12.cif,b3925766d7853a8d893a6c9f7a49b0f5b16ea941dcbc51c55f26b165faa9a87c,f7cbf968c02f7326b7dbf6f19669ddb106cd6a50d24874fc5ff0c96632e4127d,0,48,"[""F"", ""C"", ""C"", ""C"", ""Br"", ""C"", ""Cl"", ""C"", ""Br"", ""C"", ""H"", ""H"", ""F"", ""C"", ""C"", ""C"", ""Br"", ""C"", ""Cl"", ""C"", ""Br"", ""C"", ""H"", ""H"", ""F"", ""C"", ""C"", ""C"", ""Br"", ""C"", ""Cl"", ""C"", ""Br"", ""C"", ""H"", ""H"", ""F"", ""C"", ""C"", ""C"", ""Br"", ""C"", ""Cl"", ""C"", ""Br"", ""C"", ""H"", ""H""]",C24H8Br8Cl4F4,"[true, true, true]","[6.679385537780615, 0.0, 0.0, 0.0, 12.842516770235843, 0.0, -0.7795698534369676, 0.0, 15.867417391305878]",1361.108980353477,[],"{""cutoff=6.000_skin=0.000"": 1360, ""cutoff=6.000_skin=0.500"": 1716}",0.0,,
OPT-RF-U256-SOXLEX48-R256-v1,084fa2fcc87265ca9469de27ad5fe18cba50709ffdc020a280a4d4657591cef9,OPT-RF-U256-SOXLEX48-R256-v1:0112,SOXLEX_C1_14_1467_z1_12,6631a622a2a4e98a5f294cc9a4377ceba9c8ef2e709de9ffbcf8944a39213c03,112,cross_family_test_set,SOXLEX/structures/SOXLEX_C1_14_1467_z1_12.cif,fc2a03760295b5d2baf429b1c2b10a21b8bee0bab46220b6d8bed9221d86d969,6631a622a2a4e98a5f294cc9a4377ceba9c8ef2e709de9ffbcf8944a39213c03,0,48,"[""F"", ""C"", ""C"", ""C"", ""Br"", ""C"", ""Cl"", ""C"", ""Br"", ""C"", ""H"", ""H"", ""F"", ""C"", ""C"", ""C"", ""Br"", ""C"", ""Cl"", ""C"", ""Br"", ""C"", ""H"", ""H"", ""F"", ""C"", ""C"", ""C"", ""Br"", ""C"", ""Cl"", ""C"", ""Br"", ""C"", ""H"", ""H"", ""F"", ""C"", ""C"", ""C"", ""Br"", ""C"", ""Cl"", ""C"", ""Br"", ""C"", ""H"", ""H""]",C24H8Br8Cl4F4,"[true, true, true]","[9.743033709418427, 0.0, 0.0, 0.0, 12.329298807790032, 0.0, 3.494333831651168, 0.0, 13.127489017173176]",1576.9366500336578,[],"{""cutoff=6.000_skin=0.000"": 1364, ""cutoff=6.000_skin=0.500"": 1564}",0.0,,
OPT-RF-U256-SOXLEX48-R256-v1,084fa2fcc87265ca9469de27ad5fe18cba50709ffdc020a280a4d4657591cef9,OPT-RF-U256-SOXLEX48-R256-v1:0113,SOXLEX_C1_14_296_z1_12,e12a8037f0cd1e0308c640848990d45cce9f0eeec7f9112dbf89c0e62f28b905,113,cross_family_test_set,SOXLEX/structures/SOXLEX_C1_14_296_z1_12.cif,48f58170d15f43f4f5aae171ab745147934480029ba680d8a60acc762359a9c7,e12a8037f0cd1e0308c640848990d45cce9f0eeec7f9112dbf89c0e62f28b905,0,48,"[""F"", ""C"", ""C"", ""C"", ""Br"", ""C"", ""Cl"", ""C"", ""Br"", ""C"", ""H"", ""H"", ""F"", ""C"", ""C"", ""C"", ""Br"", ""C"", ""Cl"", ""C"", ""Br"", ""C"", ""H"", ""H"", ""F"", ""C"", ""C"", ""C"", ""Br"", ""C"", ""Cl"", ""C"", ""Br"", ""C"", ""H"", ""H"", ""F"", ""C"", ""C"", ""C"", ""Br"", ""C"", ""Cl"", ""C"", ""Br"", ""C"", ""H"", ""H""]",C24H8Br8Cl4F4,"[true, true, true]","[13.160225144826008, 0.0, 0.0, 0.0, 13.193460930144646, 0.0, -4.119383016692359, 0.0, 8.601585893332887]",1493.48403695018,[],"{""cutoff=6.000_skin=0.000"": 1368, ""cutoff=6.000_skin=0.500"": 1664}",0.0,,
OPT-RF-U256-SOXLEX48-R256-v1,084fa2fcc87265ca9469de27ad5fe18cba50709ffdc020a280a4d4657591cef9,OPT-RF-U256-SOXLEX48-R256-v1:0114,SOXLEX_C1_14_3141_z1_12,b16de0a365de56850f4218fdb7290bd89fe2a7e316875ec0d7a88d266763a848,114,cross_family_test_set,SOXLEX/structures/SOXLEX_C1_14_3141_z1_12.cif,a48a37b109a4fb74cea151d12621f209b18e9017da11078614b458bb5cac86a1,b16de0a365de56850f4218fdb7290bd89fe2a7e316875ec0d7a88d266763a848,0,48,"[""F"", ""C"", ""C"", ""C"", ""Br"", ""C"", ""Cl"", ""C"", ""Br"", ""C"", ""H"", ""H"", ""F"", ""C"", ""C"", ""C"", ""Br"", ""C"", ""Cl"", ""C"", ""Br"", ""C"", ""H"", ""H"", ""F"", ""C"", ""C"", ""C"", ""Br"", ""C"", ""Cl"", ""C"", ""Br"", ""C"", ""H"", ""H"", ""F"", ""C"", ""C"", ""C"", ""Br"", ""C"", ""Cl"", ""C"", ""Br"", ""C"", ""H"", ""H""]",C24H8Br8Cl4F4,"[true, true, true]","[9.033409517493507, 0.0, 0.0, 0.0, 8.27596502419459, 0.0, -0.15014029140348614, 0.0, 20.986168634088813]",1568.929770114075,[],"{""cutoff=6.000_skin=0.000"": 1368, ""cutoff=6.000_skin=0.500"": 1652}",0.0,,
OPT-RF-U256-SOXLEX48-R256-v1,084fa2fcc87265ca9469de27ad5fe18cba50709ffdc020a280a4d4657591cef9,OPT-RF-U256-SOXLEX48-R256-v1:0115,SOXLEX_C1_14_140_z1_12,07d79c0519d11ef76019fb93ccf9e297a17f9e189051e795541e81443ee94163,115,cross_family_test_set,SOXLEX/structures/SOXLEX_C1_14_140_z1_12.cif,a72c950db863b34ed8de62e90e3866216889c4a30ea416bae4cf5c3e83d649d5,07d79c0519d11ef76019fb93ccf9e297a17f9e189051e795541e81443ee94163,0,48,"[""F"", ""C"", ""C"", ""C"", ""Br"", ""C"", ""Cl"", ""C"", ""Br"", ""C"", ""H"", ""H"", ""F"", ""C"", ""C"", ""C"", ""Br"", ""C"", ""Cl"", ""C"", ""Br"", ""C"", ""H"", ""H"", ""F"", ""C"", ""C"", ""C"", ""Br"", ""C"", ""Cl"", ""C"", ""Br"", ""C"", ""H"", ""H"", ""F"", ""C"", ""C"", ""C"", ""Br"", ""C"", ""Cl"", ""C"", ""Br"", ""C"", ""H"", ""H""]",C24H8Br8Cl4F4,"[true, true, true]","[9.054138657054068, 0.0, 0.0, 0.0, 13.794245365331875, 0.0, 4.710940928696177, 0.0, 12.87768398958092]",1608.3584733230355,[],"{""cutoff=6.000_skin=0.000"": 1372, ""cutoff=6.000_skin=0.500"": 1572}",0.0,,
OPT-RF-U256-SOXLEX48-R256-v1,084fa2fcc87265ca9469de27ad5fe18cba50709ffdc020a280a4d4657591cef9,OPT-RF-U256-SOXLEX48-R256-v1:0116,SOXLEX_C1_14_1302_z1_12,e4640b99da25f8392b08ca97bf1b27e832c310b430b9252c9cc73a7c7559d082,116,cross_family_test_set,SOXLEX/structures/SOXLEX_C1_14_1302_z1_12.cif,6eb0bee66afa594af066d5975f83a9d734c16763af2ab0115aa3764655ad722f,e4640b99da25f8392b08ca97bf1b27e832c310b430b9252c9cc73a7c7559d082,0,48,"[""F"", ""C"", ""C"", ""C"", ""Br"", ""C"", ""Cl"", ""C"", ""Br"", ""C"", ""H"", ""H"", ""F"", ""C"", ""C"", ""C"", ""Br"", ""C"", ""Cl"", ""C"", ""Br"", ""C"", ""H"", ""H"", ""F"", ""C"", ""C"", ""C"", ""Br"", ""C"", ""Cl"", ""C"", ""Br"", ""C"", ""H"", ""H"", ""F"", ""C"", ""C"", ""C"", ""Br"", ""C"", ""Cl"", ""C"", ""Br"", ""C"", ""H"", ""H""]",C24H8Br8Cl4F4,"[true, true, true]","[7.9847531189867595, 0.0, 0.0, 0.0, 12.983471389069138, 0.0, 1.6106326452913864, 0.0, 14.52057502974874]",1505.345307702894,[],"{""cutoff=6.000_skin=0.000"": 1376, ""cutoff=6.000_skin=0.500"": 1668}",0.0,,
OPT-RF-U256-SOXLEX48-R256-v1,084fa2fcc87265ca9469de27ad5fe18cba50709ffdc020a280a4d4657591cef9,OPT-RF-U256-SOXLEX48-R256-v1:0117,SOXLEX_C1_14_164_z1_12,42c4beb04c861b26e4ee78be474ea56fe2f8b92d4977da66b6106bf40d6359ed,117,cross_family_test_set,SOXLEX/structures/SOXLEX_C1_14_164_z1_12.cif,6f544948c116e11df31d879a4b06862af8e22cd5cfc10e8b13b82470fa35e01b,42c4beb04c861b26e4ee78be474ea56fe2f8b92d4977da66b6106bf40d6359ed,0,48,"[""F"", ""C"", ""C"", ""C"", ""Br"", ""C"", ""Cl"", ""C"", ""Br"", ""C"", ""H"", ""H"", ""F"", ""C"", ""C"", ""C"", ""Br"", ""C"", ""Cl"", ""C"", ""Br"", ""C"", ""H"", ""H"", ""F"", ""C"", ""C"", ""C"", ""Br"", ""C"", ""Cl"", ""C"", ""Br"", ""C"", ""H"", ""H"", ""F"", ""C"", ""C"", ""C"", ""Br"", ""C"", ""Cl"", ""C"", ""Br"", ""C"", ""H"", ""H""]",C24H8Br8Cl4F4,"[true, true, true]","[13.034968804699304, 0.0, 0.0, 0.0, 11.901568582241513, 0.0, 6.708945867360452, 0.0, 9.30831643508004]",1444.06033258368,[],"{""cutoff=6.000_skin=0.000"": 1376, ""cutoff=6.000_skin=0.500"": 1692}",0.0,,
OPT-RF-U256-SOXLEX48-R256-v1,084fa2fcc87265ca9469de27ad5fe18cba50709ffdc020a280a4d4657591cef9,OPT-RF-U256-SOXLEX48-R256-v1:0118,SOXLEX_C1_14_4454_z1_12,a675c7d30edf95cac2561ea6df96dc470a144bbfe9c6797bebff1e09a76a3d05,118,cross_family_test_set,SOXLEX/structures/SOXLEX_C1_14_4454_z1_12.cif,b729a938becf8a47f837514bd24d6f1a95dd2beeafc25578255609e5361a26a0,a675c7d30edf95cac2561ea6df96dc470a144bbfe9c6797bebff1e09a76a3d05,0,48,"[""F"", ""C"", ""C"", ""C"", ""Br"", ""C"", ""Cl"", ""C"", ""Br"", ""C"", ""H"", ""H"", ""F"", ""C"", ""C"", ""C"", ""Br"", ""C"", ""Cl"", ""C"", ""Br"", ""C"", ""H"", ""H"", ""F"", ""C"", ""C"", ""C"", ""Br"", ""C"", ""Cl"", ""C"", ""Br"", ""C"", ""H"", ""H"", ""F"", ""C"", ""C"", ""C"", ""Br"", ""C"", ""Cl"", ""C"", ""Br"", ""C"", ""H"", ""H""]",C24H8Br8Cl4F4,"[true, true, true]","[6.231360962226958, 0.0, 0.0, 0.0, 17.147456512195713, 0.0, -9.176554017083427, 0.0, 11.915677984185443]",1273.2139180546412,[],"{""cutoff=6.000_skin=0.000"": 1376, ""cutoff=6.000_skin=0.500"": 1960}",0.0,,
OPT-RF-U256-SOXLEX48-R256-v1,084fa2fcc87265ca9469de27ad5fe18cba50709ffdc020a280a4d4657591cef9,OPT-RF-U256-SOXLEX48-R256-v1:0119,SOXLEX_C1_14_644_z1_12,e135457e4e83726d68f54d482d69d6c9d6c7b9717d31096939027937a221099e,119,cross_family_test_set,SOXLEX/structures/SOXLEX_C1_14_644_z1_12.cif,35362aeb6a21066d8ddda4d4adc5596a71b6db2677579737658a7ee841f247cd,e135457e4e83726d68f54d482d69d6c9d6c7b9717d31096939027937a221099e,0,48,"[""F"", ""C"", ""C"", ""C"", ""Br"", ""C"", ""Cl"", ""C"", ""Br"", ""C"", ""H"", ""H"", ""F"", ""C"", ""C"", ""C"", ""Br"", ""C"", ""Cl"", ""C"", ""Br"", ""C"", ""H"", ""H"", ""F"", ""C"", ""C"", ""C"", ""Br"", ""C"", ""Cl"", ""C"", ""Br"", ""C"", ""H"", ""H"", ""F"", ""C"", ""C"", ""C"", ""Br"", ""C"", ""Cl"", ""C"", ""Br"", ""C"", ""H"", ""H""]",C24H8Br8Cl4F4,"[true, true, true]","[8.988804438755459, 0.0, 0.0, 0.0, 12.436884053851912, 0.0, -7.7181458888955925, 0.0, 11.797998737548449]",1318.930352763037,[],"{""cutoff=6.000_skin=0.000"": 1380, ""cutoff=6.000_skin=0.500"": 1772}",0.0,,
OPT-RF-U256-SOXLEX48-R256-v1,084fa2fcc87265ca9469de27ad5fe18cba50709ffdc020a280a4d4657591cef9,OPT-RF-U256-SOXLEX48-R256-v1:0120,SOXLEX_C1_14_1236_z1_12,b05a4d6a267fc909eb804c9596b33ee9531b3acb1006e7eac45a45107c3b85f4,120,cross_family_test_set,SOXLEX/structures/SOXLEX_C1_14_1236_z1_12.cif,804e8731d9674795a25fa59f0c6bba10b0b364dea2b0b706d9f9fb82533b241d,b05a4d6a267fc909eb804c9596b33ee9531b3acb1006e7eac45a45107c3b85f4,0,48,"[""F"", ""C"", ""C"", ""C"", ""Br"", ""C"", ""Cl"", ""C"", ""Br"", ""C"", ""H"", ""H"", ""F"", ""C"", ""C"", ""C"", ""Br"", ""C"", ""Cl"", ""C"", ""Br"", ""C"", ""H"", ""H"", ""F"", ""C"", ""C"", ""C"", ""Br"", ""C"", ""Cl"", ""C"", ""Br"", ""C"", ""H"", ""H"", ""F"", ""C"", ""C"", ""C"", ""Br"", ""C"", ""Cl"", ""C"", ""Br"", ""C"", ""H"", ""H""]",C24H8Br8Cl4F4,"[true, true, true]","[12.576034262863253, 0.0, 0.0, 0.0, 12.855342910699136, 0.0, -0.6853432022333992, 0.0, 9.51575764685056]",1538.4052392839126,[],"{""cutoff=6.000_skin=0.000"": 1392, ""cutoff=6.000_skin=0.500"": 1624}",0.0,,
OPT-RF-U256-SOXLEX48-R256-v1,084fa2fcc87265ca9469de27ad5fe18cba50709ffdc020a280a4d4657591cef9,OPT-RF-U256-SOXLEX48-R256-v1:0121,SOXLEX_C1_14_4050_z1_12,1176bb510fc7bb913217fd96e0afc301151ca65237d6e13374a321fbce5c72c5,121,cross_family_test_set,SOXLEX/structures/SOXLEX_C1_14_4050_z1_12.cif,617ef36c665fc4ebcce89054ffc9ebdb384214b1ed778b5f6220c69c2d003323,1176bb510fc7bb913217fd96e0afc301151ca65237d6e13374a321fbce5c72c5,0,48,"[""F"", ""C"", ""C"", ""C"", ""Br"", ""C"", ""Cl"", ""C"", ""Br"", ""C"", ""H"", ""H"", ""F"", ""C"", ""C"", ""C"", ""Br"", ""C"", ""Cl"", ""C"", ""Br"", ""C"", ""H"", ""H"", ""F"", ""C"", ""C"", ""C"", ""Br"", ""C"", ""Cl"", ""C"", ""Br"", ""C"", ""H"", ""H"", ""F"", ""C"", ""C"", ""C"", ""Br"", ""C"", ""Cl"", ""C"", ""Br"", ""C"", ""H"", ""H""]",C24H8Br8Cl4F4,"[true, true, true]","[10.289674873167002, 0.0, 0.0, 0.0, 11.11050693103628, 0.0, -7.2969017071098285, 0.0, 12.954057819742806]",1480.9532809253753,[],"{""cutoff=6.000_skin=0.000"": 1392, ""cutoff=6.000_skin=0.500"": 1740}",0.0,,
OPT-RF-U256-SOXLEX48-R256-v1,084fa2fcc87265ca9469de27ad5fe18cba50709ffdc020a280a4d4657591cef9,OPT-RF-U256-SOXLEX48-R256-v1:0122,SOXLEX_C1_14_3846_z1_12,1f652c3b0708bc70d7d00b2a61eca2b88586c058607ff27fa8dcc8c2568ff72a,122,cross_family_test_set,SOXLEX/structures/SOXLEX_C1_14_3846_z1_12.cif,dbff0aa849aa2fd8774af84952987a3580cf32de278549c1f63e14874a65dd3d,1f652c3b0708bc70d7d00b2a61eca2b88586c058607ff27fa8dcc8c2568ff72a,0,48,"[""F"", ""C"", ""C"", ""C"", ""Br"", ""C"", ""Cl"", ""C"", ""Br"", ""C"", ""H"", ""H"", ""F"", ""C"", ""C"", ""C"", ""Br"", ""C"", ""Cl"", ""C"", ""Br"", ""C"", ""H"", ""H"", ""F"", ""C"", ""C"", ""C"", ""Br"", ""C"", ""Cl"", ""C"", ""Br"", ""C"", ""H"", ""H"", ""F"", ""C"", ""C"", ""C"", ""Br"", ""C"", ""Cl"", ""C"", ""Br"", ""C"", ""H"", ""H""]",C24H8Br8Cl4F4,"[true, true, true]","[9.302361816395049, 0.0, 0.0, 0.0, 16.786394034204406, 0.0, 7.669483868129091, 0.0, 8.667538066390106]",1353.4630329001052,[],"{""cutoff=6.000_skin=0.000"": 1408, ""cutoff=6.000_skin=0.500"": 1720}",0.0,,
OPT-RF-U256-SOXLEX48-R256-v1,084fa2fcc87265ca9469de27ad5fe18cba50709ffdc020a280a4d4657591cef9,OPT-RF-U256-SOXLEX48-R256-v1:0123,SOXLEX_C1_14_4035_z1_12,5ad644ca1a0ad7fd5cd67a305c5b6ec7094d262d3daf5296e47c27b3e02be1f6,123,cross_family_test_set,SOXLEX/structures/SOXLEX_C1_14_4035_z1_12.cif,9fe38199ed9285af695e49bf823c21bf6bdc34dc608e992ff9ca1f3bac0a1509,5ad644ca1a0ad7fd5cd67a305c5b6ec7094d262d3daf5296e47c27b3e02be1f6,0,48,"[""F"", ""C"", ""C"", ""C"", ""Br"", ""C"", ""Cl"", ""C"", ""Br"", ""C"", ""H"", ""H"", ""F"", ""C"", ""C"", ""C"", ""Br"", ""C"", ""Cl"", ""C"", ""Br"", ""C"", ""H"", ""H"", ""F"", ""C"", ""C"", ""C"", ""Br"", ""C"", ""Cl"", ""C"", ""Br"", ""C"", ""H"", ""H"", ""F"", ""C"", ""C"", ""C"", ""Br"", ""C"", ""Cl"", ""C"", ""Br"", ""C"", ""H"", ""H""]",C24H8Br8Cl4F4,"[true, true, true]","[9.07977968378399, 0.0, 0.0, 0.0, 15.435403916264555, 0.0, 4.740372662908799, 0.0, 10.157811210190872]",1423.617920563215,[],"{""cutoff=6.000_skin=0.000"": 1408, ""cutoff=6.000_skin=0.500"": 1732}",0.0,,
OPT-RF-U256-SOXLEX48-R256-v1,084fa2fcc87265ca9469de27ad5fe18cba50709ffdc020a280a4d4657591cef9,OPT-RF-U256-SOXLEX48-R256-v1:0124,SOXLEX_C1_14_4393_z1_12,f4c4b79a94e0c34a190743f9c7100c3fc6d98c287c8ae22c778c6828e4a789e8,124,cross_family_test_set,SOXLEX/structures/SOXLEX_C1_14_4393_z1_12.cif,8cf50c027a27645cb35171d3914996d439088250fd43467aa0ed2482aafa1b02,f4c4b79a94e0c34a190743f9c7100c3fc6d98c287c8ae22c778c6828e4a789e8,0,48,"[""F"", ""C"", ""C"", ""C"", ""Br"", ""C"", ""Cl"", ""C"", ""Br"", ""C"", ""H"", ""H"", ""F"", ""C"", ""C"", ""C"", ""Br"", ""C"", ""Cl"", ""C"", ""Br"", ""C"", ""H"", ""H"", ""F"", ""C"", ""C"", ""C"", ""Br"", ""C"", ""Cl"", ""C"", ""Br"", ""C"", ""H"", ""H"", ""F"", ""C"", ""C"", ""C"", ""Br"", ""C"", ""Cl"", ""C"", ""Br"", ""C"", ""H"", ""H""]",C24H8Br8Cl4F4,"[true, true, true]","[11.231187162074805, 0.0, 0.0, 0.0, 12.9895077905759, 0.0, -5.45485472312348, 0.0, 10.035542710065624]",1464.0611718169853,[],"{""cutoff=6.000_skin=0.000"": 1408, ""cutoff=6.000_skin=0.500"": 1628}",0.0,,
OPT-RF-U256-SOXLEX48-R256-v1,084fa2fcc87265ca9469de27ad5fe18cba50709ffdc020a280a4d4657591cef9,OPT-RF-U256-SOXLEX48-R256-v1:0125,SOXLEX_C1_14_1869_z1_12,2fa016c4e7ef08a7ce31bc5072aa9c794ece170f972c5024aaca4ab46e41518f,125,cross_family_test_set,SOXLEX/structures/SOXLEX_C1_14_1869_z1_12.cif,408976dadb189501239d07447801c66791b2fa7e6ffbd187a681ead77950949b,2fa016c4e7ef08a7ce31bc5072aa9c794ece170f972c5024aaca4ab46e41518f,0,48,"[""F"", ""C"", ""C"", ""C"", ""Br"", ""C"", ""Cl"", ""C"", ""Br"", ""C"", ""H"", ""H"", ""F"", ""C"", ""C"", ""C"", ""Br"", ""C"", ""Cl"", ""C"", ""Br"", ""C"", ""H"", ""H"", ""F"", ""C"", ""C"", ""C"", ""Br"", ""C"", ""Cl"", ""C"", ""Br"", ""C"", ""H"", ""H"", ""F"", ""C"", ""C"", ""C"", ""Br"", ""C"", ""Cl"", ""C"", ""Br"", ""C"", ""H"", ""H""]",C24H8Br8Cl4F4,"[true, true, true]","[16.793934971493215, 0.0, 0.0, 0.0, 10.15378508065973, 0.0, -4.249453525923067, 0.0, 8.727599689888017]",1488.2478098189172,[],"{""cutoff=6.000_skin=0.000"": 1412, ""cutoff=6.000_skin=0.500"": 1656}",0.0,,
OPT-RF-U256-SOXLEX48-R256-v1,084fa2fcc87265ca9469de27ad5fe18cba50709ffdc020a280a4d4657591cef9,OPT-RF-U256-SOXLEX48-R256-v1:0126,SOXLEX_C1_14_3570_z1_12,1773dc7ec6db70c3b221858c4ed5438fa205f6736317b8fca2176915b808f825,126,cross_family_test_set,SOXLEX/structures/SOXLEX_C1_14_3570_z1_12.cif,801f7c52c3fba3b3695d8c65958bb111d08cba8637dd38ca9f5d6e48ac0392a9,1773dc7ec6db70c3b221858c4ed5438fa205f6736317b8fca2176915b808f825,0,48,"[""F"", ""C"", ""C"", ""C"", ""Br"", ""C"", ""Cl"", ""C"", ""Br"", ""C"", ""H"", ""H"", ""F"", ""C"", ""C"", ""C"", ""Br"", ""C"", ""Cl"", ""C"", ""Br"", ""C"", ""H"", ""H"", ""F"", ""C"", ""C"", ""C"", ""Br"", ""C"", ""Cl"", ""C"", ""Br"", ""C"", ""H"", ""H"", ""F"", ""C"", ""C"", ""C"", ""Br"", ""C"", ""Cl"", ""C"", ""Br"", ""C"", ""H"", ""H""]",C24H8Br8Cl4F4,"[true, true, true]","[8.823174216409804, 0.0, 0.0, 0.0, 14.568934839992774, 0.0, 0.3469502411674855, 0.0, 11.582406325649435]",1488.851737114659,[],"{""cutoff=6.000_skin=0.000"": 1416, ""cutoff=6.000_skin=0.500"": 1680}",0.0,,
OPT-RF-U256-SOXLEX48-R256-v1,084fa2fcc87265ca9469de27ad5fe18cba50709ffdc020a280a4d4657591cef9,OPT-RF-U256-SOXLEX48-R256-v1:0127,SOXLEX_C1_14_2626_z1_12,c8d3ae12aa788900f9b3ab939186dae316b7016021c7383d468a91ade04c91ef,127,cross_family_test_set,SOXLEX/structures/SOXLEX_C1_14_2626_z1_12.cif,bcc1295ec29dc16c0090c16b5d17b8077feadf078cc1adb9409d1a52bbc2f04d,c8d3ae12aa788900f9b3ab939186dae316b7016021c7383d468a91ade04c91ef,0,48,"[""F"", ""C"", ""C"", ""C"", ""Br"", ""C"", ""Cl"", ""C"", ""Br"", ""C"", ""H"", ""H"", ""F"", ""C"", ""C"", ""C"", ""Br"", ""C"", ""Cl"", ""C"", ""Br"", ""C"", ""H"", ""H"", ""F"", ""C"", ""C"", ""C"", ""Br"", ""C"", ""Cl"", ""C"", ""Br"", ""C"", ""H"", ""H"", ""F"", ""C"", ""C"", ""C"", ""Br"", ""C"", ""Cl"", ""C"", ""Br"", ""C"", ""H"", ""H""]",C24H8Br8Cl4F4,"[true, true, true]","[8.80454067643441, 0.0, 0.0, 0.0, 21.287115143281298, 0.0, -0.4599704705953338, 0.0, 8.722076139477434]",1634.7200413932878,[],"{""cutoff=6.000_skin=0.000"": 1420, ""cutoff=6.000_skin=0.500"": 1660}",0.0,,
OPT-RF-U256-SOXLEX48-R256-v1,084fa2fcc87265ca9469de27ad5fe18cba50709ffdc020a280a4d4657591cef9,OPT-RF-U256-SOXLEX48-R256-v1:0128,SOXLEX_C1_14_3043_z1_12,3bc75b105a3e5964bea44b5487e0dbf0ef5f3f8c84e04e2bdf7a8bc8a18c0cd0,128,cross_family_test_set,SOXLEX/structures/SOXLEX_C1_14_3043_z1_12.cif,1862e1c20c55f7e14214408cded178b22374cf12bfe5a9d1a64ed8fa034efd0c,3bc75b105a3e5964bea44b5487e0dbf0ef5f3f8c84e04e2bdf7a8bc8a18c0cd0,0,48,"[""F"", ""C"", ""C"", ""C"", ""Br"", ""C"", ""Cl"", ""C"", ""Br"", ""C"", ""H"", ""H"", ""F"", ""C"", ""C"", ""C"", ""Br"", ""C"", ""Cl"", ""C"", ""Br"", ""C"", ""H"", ""H"", ""F"", ""C"", ""C"", ""C"", ""Br"", ""C"", ""Cl"", ""C"", ""Br"", ""C"", ""H"", ""H"", ""F"", ""C"", ""C"", ""C"", ""Br"", ""C"", ""Cl"", ""C"", ""Br"", ""C"", ""H"", ""H""]",C24H8Br8Cl4F4,"[true, true, true]","[7.926834143713105, 0.0, 0.0, 0.0, 14.52534869114102, 0.0, 3.257981698473411, 0.0, 11.236594946661718]",1293.7818787426866,[],"{""cutoff=6.000_skin=0.000"": 1424, ""cutoff=6.000_skin=0.500"": 1884}",0.0,,
OPT-RF-U256-SOXLEX48-R256-v1,084fa2fcc87265ca9469de27ad5fe18cba50709ffdc020a280a4d4657591cef9,OPT-RF-U256-SOXLEX48-R256-v1:0129,SOXLEX_C1_14_437_z1_12,451cbee0619e7e4bfc821512bf8f8fd35f73c9a58e6c809265f1180e41bdf6db,129,cross_family_test_set,SOXLEX/structures/SOXLEX_C1_14_437_z1_12.cif,3fd2a1ed317ae6b66e486b9007b2c5083a3157cfce33c03cb7b10754adcf4122,451cbee0619e7e4bfc821512bf8f8fd35f73c9a58e6c809265f1180e41bdf6db,0,48,"[""F"", ""C"", ""C"", ""C"", ""Br"", ""C"", ""Cl"", ""C"", ""Br"", ""C"", ""H"", ""H"", ""F"", ""C"", ""C"", ""C"", ""Br"", ""C"", ""Cl"", ""C"", ""Br"", ""C"", ""H"", ""H"", ""F"", ""C"", ""C"", ""C"", ""Br"", ""C"", ""Cl"", ""C"", ""Br"", ""C"", ""H"", ""H"", ""F"", ""C"", ""C"", ""C"", ""Br"", ""C"", ""Cl"", ""C"", ""Br"", ""C"", ""H"", ""H""]",C24H8Br8Cl4F4,"[true, true, true]","[5.69405008986611, 0.0, 0.0, 0.0, 16.00189561798773, 0.0, 2.7227619869013453, 0.0, 15.037669366512983]",1370.1661944744128,[],"{""cutoff=6.000_skin=0.000"": 1424, ""cutoff=6.000_skin=0.500"": 1688}",0.0,,
OPT-RF-U256-SOXLEX48-R256-v1,084fa2fcc87265ca9469de27ad5fe18cba50709ffdc020a280a4d4657591cef9,OPT-RF-U256-SOXLEX48-R256-v1:0130,SOXLEX_C1_14_269_z1_12,26a807f53347a0b91b7c41c1c13922b5617d84c87d43d424f38df60aec0946e4,130,cross_family_test_set,SOXLEX/structures/SOXLEX_C1_14_269_z1_12.cif,080dcdca71394da62cd8c6d6a6cf0c4ba8418db1e50603ef27fd8dcbe104f330,26a807f53347a0b91b7c41c1c13922b5617d84c87d43d424f38df60aec0946e4,0,48,"[""F"", ""C"", ""C"", ""C"", ""Br"", ""C"", ""Cl"", ""C"", ""Br"", ""C"", ""H"", ""H"", ""F"", ""C"", ""C"", ""C"", ""Br"", ""C"", ""Cl"", ""C"", ""Br"", ""C"", ""H"", ""H"", ""F"", ""C"", ""C"", ""C"", ""Br"", ""C"", ""Cl"", ""C"", ""Br"", ""C"", ""H"", ""H"", ""F"", ""C"", ""C"", ""C"", ""Br"", ""C"", ""Cl"", ""C"", ""Br"", ""C"", ""H"", ""H""]",C24H8Br8Cl4F4,"[true, true, true]","[10.340155783403155, 0.0, 0.0, 0.0, 12.24185201502003, 0.0, -1.941539989869389, 0.0, 10.849648332877889]",1373.3773125438577,[],"{""cutoff=6.000_skin=0.000"": 1428, ""cutoff=6.000_skin=0.500"": 1752}",0.0,,
OPT-RF-U256-SOXLEX48-R256-v1,084fa2fcc87265ca9469de27ad5fe18cba50709ffdc020a280a4d4657591cef9,OPT-RF-U256-SOXLEX48-R256-v1:0131,SOXLEX_C1_14_4080_z1_12,9e4f5d2e4656fba3eeebe3b3f2f2156bb9551c20d549fb69d2782397ebc548ae,131,cross_family_test_set,SOXLEX/structures/SOXLEX_C1_14_4080_z1_12.cif,8f0048fa30b15b56e3881780d8792478f2d51af6a184a09b36cf3b356d01ee31,9e4f5d2e4656fba3eeebe3b3f2f2156bb9551c20d549fb69d2782397ebc548ae,0,48,"[""F"", ""C"", ""C"", ""C"", ""Br"", ""C"", ""Cl"", ""C"", ""Br"", ""C"", ""H"", ""H"", ""F"", ""C"", ""C"", ""C"", ""Br"", ""C"", ""Cl"", ""C"", ""Br"", ""C"", ""H"", ""H"", ""F"", ""C"", ""C"", ""C"", ""Br"", ""C"", ""Cl"", ""C"", ""Br"", ""C"", ""H"", ""H"", ""F"", ""C"", ""C"", ""C"", ""Br"", ""C"", ""Cl"", ""C"", ""Br"", ""C"", ""H"", ""H""]",C24H8Br8Cl4F4,"[true, true, true]","[6.4216155151569865, 0.0, 0.0, 0.0, 12.327717938767343, 0.0, -0.4032463833141601, 0.0, 16.219286826544632]",1283.9814291981486,[],"{""cutoff=6.000_skin=0.000"": 1428, ""cutoff=6.000_skin=0.500"": 1836}",0.0,,
OPT-RF-U256-SOXLEX48-R256-v1,084fa2fcc87265ca9469de27ad5fe18cba50709ffdc020a280a4d4657591cef9,OPT-RF-U256-SOXLEX48-R256-v1:0132,SOXLEX_C1_14_4640_z1_12,e6c44f356740892029fcf8c89f501b35238297c8314c02334cf584852287e077,132,cross_family_test_set,SOXLEX/structures/SOXLEX_C1_14_4640_z1_12.cif,a16745e8a51738f96b6380de3d132ae2882afb17b502f5d5656a1636570fda6e,e6c44f356740892029fcf8c89f501b35238297c8314c02334cf584852287e077,0,48,"[""F"", ""C"", ""C"", ""C"", ""Br"", ""C"", ""Cl"", ""C"", ""Br"", ""C"", ""H"", ""H"", ""F"", ""C"", ""C"", ""C"", ""Br"", ""C"", ""Cl"", ""C"", ""Br"", ""C"", ""H"", ""H"", ""F"", ""C"", ""C"", ""C"", ""Br"", ""C"", ""Cl"", ""C"", ""Br"", ""C"", ""H"", ""H"", ""F"", ""C"", ""C"", ""C"", ""Br"", ""C"", ""Cl"", ""C"", ""Br"", ""C"", ""H"", ""H""]",C24H8Br8Cl4F4,"[true, true, true]","[9.472779079011815, 0.0, 0.0, 0.0, 12.403129448855246, 0.0, -0.2701825184855489, 0.0, 12.486838518519878]",1467.1049443013026,[],"{""cutoff=6.000_skin=0.000"": 1428, ""cutoff=6.000_skin=0.500"": 1672}",0.0,,
OPT-RF-U256-SOXLEX48-R256-v1,084fa2fcc87265ca9469de27ad5fe18cba50709ffdc020a280a4d4657591cef9,OPT-RF-U256-SOXLEX48-R256-v1:0133,SOXLEX_C1_14_3686_z1_12,20356309c2717df37e4873532a762bed20507a406df88188c07729c9356ebaf0,133,cross_family_test_set,SOXLEX/structures/SOXLEX_C1_14_3686_z1_12.cif,afd1cbd50a5ee2b03a5613c9e21a657487a94bf898a408e74af920c043858527,20356309c2717df37e4873532a762bed20507a406df88188c07729c9356ebaf0,0,48,"[""F"", ""C"", ""C"", ""C"", ""Br"", ""C"", ""Cl"", ""C"", ""Br"", ""C"", ""H"", ""H"", ""F"", ""C"", ""C"", ""C"", ""Br"", ""C"", ""Cl"", ""C"", ""Br"", ""C"", ""H"", ""H"", ""F"", ""C"", ""C"", ""C"", ""Br"", ""C"", ""Cl"", ""C"", ""Br"", ""C"", ""H"", ""H"", ""F"", ""C"", ""C"", ""C"", ""Br"", ""C"", ""Cl"", ""C"", ""Br"", ""C"", ""H"", ""H""]",C24H8Br8Cl4F4,"[true, true, true]","[7.473814565831603, 0.0, 0.0, 0.0, 11.122918427666296, 0.0, -3.49151160156894, 0.0, 15.623294646258968]",1298.774322857813,[],"{""cutoff=6.000_skin=0.000"": 1432, ""cutoff=6.000_skin=0.500"": 1764}",0.0,,
OPT-RF-U256-SOXLEX48-R256-v1,084fa2fcc87265ca9469de27ad5fe18cba50709ffdc020a280a4d4657591cef9,OPT-RF-U256-SOXLEX48-R256-v1:0134,SOXLEX_C1_14_2551_z1_12,a38403c2222b5fccfa4538e5ac673131c86596cdd5edba14aa82beb6406fd6a7,134,cross_family_test_set,SOXLEX/structures/SOXLEX_C1_14_2551_z1_12.cif,27f151cd62bc44d2f9bf14da2465176c1efaf0f6e0dc8b7298c49f34dd0b25f1,a38403c2222b5fccfa4538e5ac673131c86596cdd5edba14aa82beb6406fd6a7,0,48,"[""F"", ""C"", ""C"", ""C"", ""Br"", ""C"", ""Cl"", ""C"", ""Br"", ""C"", ""H"", ""H"", ""F"", ""C"", ""C"", ""C"", ""Br"", ""C"", ""Cl"", ""C"", ""Br"", ""C"", ""H"", ""H"", ""F"", ""C"", ""C"", ""C"", ""Br"", ""C"", ""Cl"", ""C"", ""Br"", ""C"", ""H"", ""H"", ""F"", ""C"", ""C"", ""C"", ""Br"", ""C"", ""Cl"", ""C"", ""Br"", ""C"", ""H"", ""H""]",C24H8Br8Cl4F4,"[true, true, true]","[11.784334827121484, 0.0, 0.0, 0.0, 8.446637718360748, 0.0, 2.7533006827989817, 0.0, 13.469245766350308]",1340.7018798680854,[],"{""cutoff=6.000_skin=0.000"": 1436, ""cutoff=6.000_skin=0.500"": 1868}",0.0,,
OPT-RF-U256-SOXLEX48-R256-v1,084fa2fcc87265ca9469de27ad5fe18cba50709ffdc020a280a4d4657591cef9,OPT-RF-U256-SOXLEX48-R256-v1:0135,SOXLEX_C1_14_2358_z1_12,94802f20d0ffacfaaaf6f438f17ef28b554ed9b5165b7e287ec27804a41ccc48,135,cross_family_test_set,SOXLEX/structures/SOXLEX_C1_14_2358_z1_12.cif,fced1065ad6be5f7c8f45860099ac6657bd2b335623166b6b95197fcd657a35e,94802f20d0ffacfaaaf6f438f17ef28b554ed9b5165b7e287ec27804a41ccc48,0,48,"[""F"", ""C"", ""C"", ""C"", ""Br"", ""C"", ""Cl"", ""C"", ""Br"", ""C"", ""H"", ""H"", ""F"", ""C"", ""C"", ""C"", ""Br"", ""C"", ""Cl"", ""C"", ""Br"", ""C"", ""H"", ""H"", ""F"", ""C"", ""C"", ""C"", ""Br"", ""C"", ""Cl"", ""C"", ""Br"", ""C"", ""H"", ""H"", ""F"", ""C"", ""C"", ""C"", ""Br"", ""C"", ""Cl"", ""C"", ""Br"", ""C"", ""H"", ""H""]",C24H8Br8Cl4F4,"[true, true, true]","[11.048131045163863, 0.0, 0.0, 0.0, 8.473343751779794, 0.0, -2.8186695489248432, 0.0, 13.490564677259652]",1262.9139800862342,[],"{""cutoff=6.000_skin=0.000"": 1440, ""cutoff=6.000_skin=0.500"": 1928}",0.0,,
OPT-RF-U256-SOXLEX48-R256-v1,084fa2fcc87265ca9469de27ad5fe18cba50709ffdc020a280a4d4657591cef9,OPT-RF-U256-SOXLEX48-R256-v1:0136,SOXLEX_C1_14_608_z1_12,93d4aa6891c85e651193c837320583e11eec0024e8ae54d2b34a5609a36fd3a7,136,cross_family_test_set,SOXLEX/structures/SOXLEX_C1_14_608_z1_12.cif,429284f521bee88abe1ced4d7e87fd3b6117430acbd3a5b8d059563601b828c8,93d4aa6891c85e651193c837320583e11eec0024e8ae54d2b34a5609a36fd3a7,0,48,"[""F"", ""C"", ""C"", ""C"", ""Br"", ""C"", ""Cl"", ""C"", ""Br"", ""C"", ""H"", ""H"", ""F"", ""C"", ""C"", ""C"", ""Br"", ""C"", ""Cl"", ""C"", ""Br"", ""C"", ""H"", ""H"", ""F"", ""C"", ""C"", ""C"", ""Br"", ""C"", ""Cl"", ""C"", ""Br"", ""C"", ""H"", ""H"", ""F"", ""C"", ""C"", ""C"", ""Br"", ""C"", ""Cl"", ""C"", ""Br"", ""C"", ""H"", ""H""]",C24H8Br8Cl4F4,"[true, true, true]","[13.601824223301058, 0.0, 0.0, 0.0, 14.254210874196197, 0.0, -2.6280287753565617, 0.0, 8.275435047585571]",1604.4684139272786,[],"{""cutoff=6.000_skin=0.000"": 1444, ""cutoff=6.000_skin=0.500"": 1736}",0.0,,
OPT-RF-U256-SOXLEX48-R256-v1,084fa2fcc87265ca9469de27ad5fe18cba50709ffdc020a280a4d4657591cef9,OPT-RF-U256-SOXLEX48-R256-v1:0137,SOXLEX_C1_14_1958_z1_12,12f7816d5cb3ae3969e4ce631063efe4352604d947a5b8be337d2c65602cadc0,137,cross_family_test_set,SOXLEX/structures/SOXLEX_C1_14_1958_z1_12.cif,db194fa380e2d216c665dc468999abdb01a10383ad5ca37db535cb4b0b24eae9,12f7816d5cb3ae3969e4ce631063efe4352604d947a5b8be337d2c65602cadc0,0,48,"[""F"", ""C"", ""C"", ""C"", ""Br"", ""C"", ""Cl"", ""C"", ""Br"", ""C"", ""H"", ""H"", ""F"", ""C"", ""C"", ""C"", ""Br"", ""C"", ""Cl"", ""C"", ""Br"", ""C"", ""H"", ""H"", ""F"", ""C"", ""C"", ""C"", ""Br"", ""C"", ""Cl"", ""C"", ""Br"", ""C"", ""H"", ""H"", ""F"", ""C"", ""C"", ""C"", ""Br"", ""C"", ""Cl"", ""C"", ""Br"", ""C"", ""H"", ""H""]",C24H8Br8Cl4F4,"[true, true, true]","[8.57661500515783, 0.0, 0.0, 0.0, 9.372065948622405, 0.0, 2.2026350118248232, 0.0, 16.68202290669958]",1340.9110345478293,[],"{""cutoff=6.000_skin=0.000"": 1452, ""cutoff=6.000_skin=0.500"": 1876}",0.0,,
OPT-RF-U256-SOXLEX48-R256-v1,084fa2fcc87265ca9469de27ad5fe18cba50709ffdc020a280a4d4657591cef9,OPT-RF-U256-SOXLEX48-R256-v1:0138,SOXLEX_C1_14_2694_z1_12,662ada9d2d8ae95700b7abdf025979678e7d71b8589c322678e5c3a338c3e1db,138,cross_family_test_set,SOXLEX/structures/SOXLEX_C1_14_2694_z1_12.cif,328940bde32bf793d69a39877a29937bdecb3c4c4a0d40b7d7890a458dcf56d7,662ada9d2d8ae95700b7abdf025979678e7d71b8589c322678e5c3a338c3e1db,0,48,"[""F"", ""C"", ""C"", ""C"", ""Br"", ""C"", ""Cl"", ""C"", ""Br"", ""C"", ""H"", ""H"", ""F"", ""C"", ""C"", ""C"", ""Br"", ""C"", ""Cl"", ""C"", ""Br"", ""C"", ""H"", ""H"", ""F"", ""C"", ""C"", ""C"", ""Br"", ""C"", ""Cl"", ""C"", ""Br"", ""C"", ""H"", ""H"", ""F"", ""C"", ""C"", ""C"", ""Br"", ""C"", ""Cl"", ""C"", ""Br"", ""C"", ""H"", ""H""]",C24H8Br8Cl4F4,"[true, true, true]","[8.951027574055349, 0.0, 0.0, 0.0, 12.77153211276963, 0.0, 4.67044423422044, 0.0, 10.74433586715094]",1228.2745988788172,[],"{""cutoff=6.000_skin=0.000"": 1452, ""cutoff=6.000_skin=0.500"": 1900}",0.0,,
OPT-RF-U256-SOXLEX48-R256-v1,084fa2fcc87265ca9469de27ad5fe18cba50709ffdc020a280a4d4657591cef9,OPT-RF-U256-SOXLEX48-R256-v1:0139,SOXLEX_C1_14_4502_z1_12,8910167695f09e984be3c38907e93d157fe733efc944d778d7171541f545e494,139,cross_family_test_set,SOXLEX/structures/SOXLEX_C1_14_4502_z1_12.cif,3127e4c9b3396145cae02abae0d89b6aeb656eecc3c1e9b8a3bf6aef0f9fc689,8910167695f09e984be3c38907e93d157fe733efc944d778d7171541f545e494,0,48,"[""F"", ""C"", ""C"", ""C"", ""Br"", ""C"", ""Cl"", ""C"", ""Br"", ""C"", ""H"", ""H"", ""F"", ""C"", ""C"", ""C"", ""Br"", ""C"", ""Cl"", ""C"", ""Br"", ""C"", ""H"", ""H"", ""F"", ""C"", ""C"", ""C"", ""Br"", ""C"", ""Cl"", ""C"", ""Br"", ""C"", ""H"", ""H"", ""F"", ""C"", ""C"", ""C"", ""Br"", ""C"", ""Cl"", ""C"", ""Br"", ""C"", ""H"", ""H""]",C24H8Br8Cl4F4,"[true, true, true]","[12.496439214496569, 0.0, 0.0, 0.0, 12.091669142890225, 0.0, -4.185887917694542, 0.0, 9.295130884897015]",1404.5203815804555,[],"{""cutoff=6.000_skin=0.000"": 1452, ""cutoff=6.000_skin=0.500"": 1880}",0.0,,
OPT-RF-U256-SOXLEX48-R256-v1,084fa2fcc87265ca9469de27ad5fe18cba50709ffdc020a280a4d4657591cef9,OPT-RF-U256-SOXLEX48-R256-v1:0140,SOXLEX_C1_14_4848_z1_12,6405c50de6930d2ee7432eba03fd44392c0891145ae000feab33070b30515650,140,cross_family_test_set,SOXLEX/structures/SOXLEX_C1_14_4848_z1_12.cif,4e0483178c1be88756c220ecbaaa63be3dc0afe51fc6db2f418ba33b4d1d9cd5,6405c50de6930d2ee7432eba03fd44392c0891145ae000feab33070b30515650,0,48,"[""F"", ""C"", ""C"", ""C"", ""Br"", ""C"", ""Cl"", ""C"", ""Br"", ""C"", ""H"", ""H"", ""F"", ""C"", ""C"", ""C"", ""Br"", ""C"", ""Cl"", ""C"", ""Br"", ""C"", ""H"", ""H"", ""F"", ""C"", ""C"", ""C"", ""Br"", ""C"", ""Cl"", ""C"", ""Br"", ""C"", ""H"", ""H"", ""F"", ""C"", ""C"", ""C"", ""Br"", ""C"", ""Cl"", ""C"", ""Br"", ""C"", ""H"", ""H""]",C24H8Br8Cl4F4,"[true, true, true]","[8.147398660760345, 0.0, 0.0, 0.0, 9.121029243753316, 0.0, 2.440322130880587, 0.0, 16.867008687948093]",1253.432306222618,[],"{""cutoff=6.000_skin=0.000"": 1452, ""cutoff=6.000_skin=0.500"": 1864}",0.0,,
OPT-RF-U256-SOXLEX48-R256-v1,084fa2fcc87265ca9469de27ad5fe18cba50709ffdc020a280a4d4657591cef9,OPT-RF-U256-SOXLEX48-R256-v1:0141,SOXLEX_C1_14_1278_z1_12,18eba17b0d4d6fc2c40b20c921878355487edc1bd00fa7ee739c38fd67db462f,141,cross_family_test_set,SOXLEX/structures/SOXLEX_C1_14_1278_z1_12.cif,ac333ef5f031eaac1312e37a809bb9c2ba4f1cae3f5086ebdf58f80602a75465,18eba17b0d4d6fc2c40b20c921878355487edc1bd00fa7ee739c38fd67db462f,0,48,"[""F"", ""C"", ""C"", ""C"", ""Br"", ""C"", ""Cl"", ""C"", ""Br"", ""C"", ""H"", ""H"", ""F"", ""C"", ""C"", ""C"", ""Br"", ""C"", ""Cl"", ""C"", ""Br"", ""C"", ""H"", ""H"", ""F"", ""C"", ""C"", ""C"", ""Br"", ""C"", ""Cl"", ""C"", ""Br"", ""C"", ""H"", ""H"", ""F"", ""C"", ""C"", ""C"", ""Br"", ""C"", ""Cl"", ""C"", ""Br"", ""C"", ""H"", ""H""]",C24H8Br8Cl4F4,"[true, true, true]","[10.053248056090524, 0.0, 0.0, 0.0, 11.039086456286512, 0.0, -7.858785329480731, 0.0, 11.913287488978886]",1322.1208539601114,[],"{""cutoff=6.000_skin=0.000"": 1460, ""cutoff=6.000_skin=0.500"": 1828}",0.0,,
OPT-RF-U256-SOXLEX48-R256-v1,084fa2fcc87265ca9469de27ad5fe18cba50709ffdc020a280a4d4657591cef9,OPT-RF-U256-SOXLEX48-R256-v1:0142,SOXLEX_C1_14_4278_z1_12,7854a5013e24f305e70961a5c8deb9fdf9f641727d9da01595dab06b27ce5fb8,142,cross_family_test_set,SOXLEX/structures/SOXLEX_C1_14_4278_z1_12.cif,c96c01a6575e618575fe7b2fb556072c375cda6526aca25b7c39a581512bf966,7854a5013e24f305e70961a5c8deb9fdf9f641727d9da01595dab06b27ce5fb8,0,48,"[""F"", ""C"", ""C"", ""C"", ""Br"", ""C"", ""Cl"", ""C"", ""Br"", ""C"", ""H"", ""H"", ""F"", ""C"", ""C"", ""C"", ""Br"", ""C"", ""Cl"", ""C"", ""Br"", ""C"", ""H"", ""H"", ""F"", ""C"", ""C"", ""C"", ""Br"", ""C"", ""Cl"", ""C"", ""Br"", ""C"", ""H"", ""H"", ""F"", ""C"", ""C"", ""C"", ""Br"", ""C"", ""Cl"", ""C"", ""Br"", ""C"", ""H"", ""H""]",C24H8Br8Cl4F4,"[true, true, true]","[13.058349671562155, 0.0, 0.0, 0.0, 8.674746729749113, 0.0, -6.238759340575243, 0.0, 11.598448473279515]",1313.8476092163055,[],"{""cutoff=6.000_skin=0.000"": 1460, ""cutoff=6.000_skin=0.500"": 1920}",0.0,,
OPT-RF-U256-SOXLEX48-R256-v1,084fa2fcc87265ca9469de27ad5fe18cba50709ffdc020a280a4d4657591cef9,OPT-RF-U256-SOXLEX48-R256-v1:0143,SOXLEX_C1_14_1524_z1_12,e15f619cf6de95552d2619e286456554897a79fef498a2f9d2b11ca53591d9c4,143,cross_family_test_set,SOXLEX/structures/SOXLEX_C1_14_1524_z1_12.cif,37ba23504098078d73934eb972b7d0544f03fca5c1a509b4b260cad1ece72714,e15f619cf6de95552d2619e286456554897a79fef498a2f9d2b11ca53591d9c4,0,48,"[""F"", ""C"", ""C"", ""C"", ""Br"", ""C"", ""Cl"", ""C"", ""Br"", ""C"", ""H"", ""H"", ""F"", ""C"", ""C"", ""C"", ""Br"", ""C"", ""Cl"", ""C"", ""Br"", ""C"", ""H"", ""H"", ""F"", ""C"", ""C"", ""C"", ""Br"", ""C"", ""Cl"", ""C"", ""Br"", ""C"", ""H"", ""H"", ""F"", ""C"", ""C"", ""C"", ""Br"", ""C"", ""Cl"", ""C"", ""Br"", ""C"", ""H"", ""H""]",C24H8Br8Cl4F4,"[true, true, true]","[5.751759770515161, 0.0, 0.0, 0.0, 16.050235474573682, 0.0, -2.7199975741518494, 0.0, 15.128240715380656]",1396.5952914296531,[],"{""cutoff=6.000_skin=0.000"": 1468, ""cutoff=6.000_skin=0.500"": 1776}",0.0,,
OPT-RF-U256-SOXLEX48-R256-v1,084fa2fcc87265ca9469de27ad5fe18cba50709ffdc020a280a4d4657591cef9,OPT-RF-U256-SOXLEX48-R256-v1:0144,SOXLEX_C1_14_3229_z1_12,fd24486c0d6c73c460137f1eda4aa03a8964ba4b8f4224e9197d88195f0f36f5,144,cross_family_test_set,SOXLEX/structures/SOXLEX_C1_14_3229_z1_12.cif,1cf930ba9a7154f6e03432d513b3f5d0bddebfbb703c3cd8374d1676f6cdc477,fd24486c0d6c73c460137f1eda4aa03a8964ba4b8f4224e9197d88195f0f36f5,0,48,"[""F"", ""C"", ""C"", ""C"", ""Br"", ""C"", ""Cl"", ""C"", ""Br"", ""C"", ""H"", ""H"", ""F"", ""C"", ""C"", ""C"", ""Br"", ""C"", ""Cl"", ""C"", ""Br"", ""C"", ""H"", ""H"", ""F"", ""C"", ""C"", ""C"", ""Br"", ""C"", ""Cl"", ""C"", ""Br"", ""C"", ""H"", ""H"", ""F"", ""C"", ""C"", ""C"", ""Br"", ""C"", ""Cl"", ""C"", ""Br"", ""C"", ""H"", ""H""]",C24H8Br8Cl4F4,"[true, true, true]","[8.239798255869779, 0.0, 0.0, 0.0, 13.171866072777831, 0.0, -0.3486097117995335, 0.0, 13.132141638080585]",1425.2775452089277,[],"{""cutoff=6.000_skin=0.000"": 1476, ""cutoff=6.000_skin=0.500"": 1716}",0.0,,
OPT-RF-U256-SOXLEX48-R256-v1,084fa2fcc87265ca9469de27ad5fe18cba50709ffdc020a280a4d4657591cef9,OPT-RF-U256-SOXLEX48-R256-v1:0145,SOXLEX_C1_14_4849_z1_12,e6bec2ab92fae3af9a93d9a089a6f33d9ea9bb60cd350ee6b2109dce13fc2f36,145,cross_family_test_set,SOXLEX/structures/SOXLEX_C1_14_4849_z1_12.cif,13dcaf94b72bac00593abb967279eb4e49169851995a730868a94194b3a11987,e6bec2ab92fae3af9a93d9a089a6f33d9ea9bb60cd350ee6b2109dce13fc2f36,0,48,"[""F"", ""C"", ""C"", ""C"", ""Br"", ""C"", ""Cl"", ""C"", ""Br"", ""C"", ""H"", ""H"", ""F"", ""C"", ""C"", ""C"", ""Br"", ""C"", ""Cl"", ""C"", ""Br"", ""C"", ""H"", ""H"", ""F"", ""C"", ""C"", ""C"", ""Br"", ""C"", ""Cl"", ""C"", ""Br"", ""C"", ""H"", ""H"", ""F"", ""C"", ""C"", ""C"", ""Br"", ""C"", ""Cl"", ""C"", ""Br"", ""C"", ""H"", ""H""]",C24H8Br8Cl4F4,"[true, true, true]","[14.072009399461109, 0.0, 0.0, 0.0, 7.268340784236322, 0.0, 2.7951121670655543, 0.0, 13.090995677185898]",1338.949130252181,[],"{""cutoff=6.000_skin=0.000"": 1476, ""cutoff=6.000_skin=0.500"": 1824}",0.0,,
OPT-RF-U256-SOXLEX48-R256-v1,084fa2fcc87265ca9469de27ad5fe18cba50709ffdc020a280a4d4657591cef9,OPT-RF-U256-SOXLEX48-R256-v1:0146,SOXLEX_C1_14_3056_z1_12,7dee9dc715dcb005eb1b38b9c4f248c1abe96e5fce7fa6bde36b4bd0355455cf,146,cross_family_test_set,SOXLEX/structures/SOXLEX_C1_14_3056_z1_12.cif,d362aa9529efa9023b79ee9fdcdec41926d420ff4b8c4bd9e76b17da05d06450,7dee9dc715dcb005eb1b38b9c4f248c1abe96e5fce7fa6bde36b4bd0355455cf,0,48,"[""F"", ""C"", ""C"", ""C"", ""Br"", ""C"", ""Cl"", ""C"", ""Br"", ""C"", ""H"", ""H"", ""F"", ""C"", ""C"", ""C"", ""Br"", ""C"", ""Cl"", ""C"", ""Br"", ""C"", ""H"", ""H"", ""F"", ""C"", ""C"", ""C"", ""Br"", ""C"", ""Cl"", ""C"", ""Br"", ""C"", ""H"", ""H"", ""F"", ""C"", ""C"", ""C"", ""Br"", ""C"", ""Cl"", ""C"", ""Br"", ""C"", ""H"", ""H""]",C24H8Br8Cl4F4,"[true, true, true]","[12.121922119763049, 0.0, 0.0, 0.0, 12.21754959167015, 0.0, 0.6891042716262427, 0.0, 9.453161301399163]",1400.0149342121051,[],"{""cutoff=6.000_skin=0.000"": 1484, ""cutoff=6.000_skin=0.500"": 1892}",0.0,,
OPT-RF-U256-SOXLEX48-R256-v1,084fa2fcc87265ca9469de27ad5fe18cba50709ffdc020a280a4d4657591cef9,OPT-RF-U256-SOXLEX48-R256-v1:0147,SOXLEX_C1_14_3854_z1_12,0b0902e4d4d68384351ebf64467cad0597aa111786171ced627370a0866b3b1e,147,cross_family_test_set,SOXLEX/structures/SOXLEX_C1_14_3854_z1_12.cif,7b4076ba2c3f02a008fe8f01e0f699957781dc58f6ab6dd7a60e52da81623595,0b0902e4d4d68384351ebf64467cad0597aa111786171ced627370a0866b3b1e,0,48,"[""F"", ""C"", ""C"", ""C"", ""Br"", ""C"", ""Cl"", ""C"", ""Br"", ""C"", ""H"", ""H"", ""F"", ""C"", ""C"", ""C"", ""Br"", ""C"", ""Cl"", ""C"", ""Br"", ""C"", ""H"", ""H"", ""F"", ""C"", ""C"", ""C"", ""Br"", ""C"", ""Cl"", ""C"", ""Br"", ""C"", ""H"", ""H"", ""F"", ""C"", ""C"", ""C"", ""Br"", ""C"", ""Cl"", ""C"", ""Br"", ""C"", ""H"", ""H""]",C24H8Br8Cl4F4,"[true, true, true]","[7.921903160383366, 0.0, 0.0, 0.0, 11.411635717124291, 0.0, 8.494911684293172, 0.0, 13.70021974085322]",1238.5255258057578,[],"{""cutoff=6.000_skin=0.000"": 1484, ""cutoff=6.000_skin=0.500"": 2000}",0.0,,
OPT-RF-U256-SOXLEX48-R256-v1,084fa2fcc87265ca9469de27ad5fe18cba50709ffdc020a280a4d4657591cef9,OPT-RF-U256-SOXLEX48-R256-v1:0148,SOXLEX_C1_14_831_z1_12,b550c09d89285c75fc3b488ccc18ea765ec3bc597f165a829f15fe374ff5c3c2,148,cross_family_test_set,SOXLEX/structures/SOXLEX_C1_14_831_z1_12.cif,5b5402cda140e15450a68ebcb17a71e9ffc063d63eab7c1001d842f1667b5098,b550c09d89285c75fc3b488ccc18ea765ec3bc597f165a829f15fe374ff5c3c2,0,48,"[""F"", ""C"", ""C"", ""C"", ""Br"", ""C"", ""Cl"", ""C"", ""Br"", ""C"", ""H"", ""H"", ""F"", ""C"", ""C"", ""C"", ""Br"", ""C"", ""Cl"", ""C"", ""Br"", ""C"", ""H"", ""H"", ""F"", ""C"", ""C"", ""C"", ""Br"", ""C"", ""Cl"", ""C"", ""Br"", ""C"", ""H"", ""H"", ""F"", ""C"", ""C"", ""C"", ""Br"", ""C"", ""Cl"", ""C"", ""Br"", ""C"", ""H"", ""H""]",C24H8Br8Cl4F4,"[true, true, true]","[11.143460520802307, 0.0, 0.0, 0.0, 11.30004635160179, 0.0, -2.9293378472154368, 0.0, 10.200086443055444]",1284.4114131531821,[],"{""cutoff=6.000_skin=0.000"": 1484, ""cutoff=6.000_skin=0.500"": 1972}",0.0,,
OPT-RF-U256-SOXLEX48-R256-v1,084fa2fcc87265ca9469de27ad5fe18cba50709ffdc020a280a4d4657591cef9,OPT-RF-U256-SOXLEX48-R256-v1:0149,SOXLEX_C1_14_1188_z1_12,b8b75802000f1ad6a3efa61633b5d7f2ce41034255e4da22c9fc1c3bef31516d,149,cross_family_test_set,SOXLEX/structures/SOXLEX_C1_14_1188_z1_12.cif,c14ea4994e9889f7e6d25317ae87390f849c47e8872542dabf65527443aa134c,b8b75802000f1ad6a3efa61633b5d7f2ce41034255e4da22c9fc1c3bef31516d,0,48,"[""F"", ""C"", ""C"", ""C"", ""Br"", ""C"", ""Cl"", ""C"", ""Br"", ""C"", ""H"", ""H"", ""F"", ""C"", ""C"", ""C"", ""Br"", ""C"", ""Cl"", ""C"", ""Br"", ""C"", ""H"", ""H"", ""F"", ""C"", ""C"", ""C"", ""Br"", ""C"", ""Cl"", ""C"", ""Br"", ""C"", ""H"", ""H"", ""F"", ""C"", ""C"", ""C"", ""Br"", ""C"", ""Cl"", ""C"", ""Br"", ""C"", ""H"", ""H""]",C24H8Br8Cl4F4,"[true, true, true]","[8.834135476160029, 0.0, 0.0, 0.0, 9.716063136822957, 0.0, -1.1916289204168904, 0.0, 15.836916367821328]",1359.330328386157,[],"{""cutoff=6.000_skin=0.000"": 1492, ""cutoff=6.000_skin=0.500"": 1828}",0.0,,
OPT-RF-U256-SOXLEX48-R256-v1,084fa2fcc87265ca9469de27ad5fe18cba50709ffdc020a280a4d4657591cef9,OPT-RF-U256-SOXLEX48-R256-v1:0150,SOXLEX_C1_14_1009_z1_12,b76304ef87e1f04a78e354fb319fb332b07110cbbbd7c185292fc950056d2ac0,150,cross_family_test_set,SOXLEX/structures/SOXLEX_C1_14_1009_z1_12.cif,9a3afbdeffed57af835511e3217344e9d70c300504201294474f69892f808287,b76304ef87e1f04a78e354fb319fb332b07110cbbbd7c185292fc950056d2ac0,0,48,"[""F"", ""C"", ""C"", ""C"", ""Br"", ""C"", ""Cl"", ""C"", ""Br"", ""C"", ""H"", ""H"", ""F"", ""C"", ""C"", ""C"", ""Br"", ""C"", ""Cl"", ""C"", ""Br"", ""C"", ""H"", ""H"", ""F"", ""C"", ""C"", ""C"", ""Br"", ""C"", ""Cl"", ""C"", ""Br"", ""C"", ""H"", ""H"", ""F"", ""C"", ""C"", ""C"", ""Br"", ""C"", ""Cl"", ""C"", ""Br"", ""C"", ""H"", ""H""]",C24H8Br8Cl4F4,"[true, true, true]","[14.045770032062595, 0.0, 0.0, 0.0, 11.203079315137927, 0.0, 0.883533619306105, 0.0, 9.561391635690418]",1504.5411538535743,[],"{""cutoff=6.000_skin=0.000"": 1496, ""cutoff=6.000_skin=0.500"": 1756}",0.0,,
OPT-RF-U256-SOXLEX48-R256-v1,084fa2fcc87265ca9469de27ad5fe18cba50709ffdc020a280a4d4657591cef9,OPT-RF-U256-SOXLEX48-R256-v1:0151,SOXLEX_C1_14_4096_z1_12,2d0d0b2e9b67d94cc2fcb9a6803599ed6aa875f4ece156c0d4ecc22dae04d219,151,cross_family_test_set,SOXLEX/structures/SOXLEX_C1_14_4096_z1_12.cif,c6bfc7d520bc9db63320f4fbeb9364e8ff6714519fbda5a637b3f03247373946,2d0d0b2e9b67d94cc2fcb9a6803599ed6aa875f4ece156c0d4ecc22dae04d219,0,48,"[""F"", ""C"", ""C"", ""C"", ""Br"", ""C"", ""Cl"", ""C"", ""Br"", ""C"", ""H"", ""H"", ""F"", ""C"", ""C"", ""C"", ""Br"", ""C"", ""Cl"", ""C"", ""Br"", ""C"", ""H"", ""H"", ""F"", ""C"", ""C"", ""C"", ""Br"", ""C"", ""Cl"", ""C"", ""Br"", ""C"", ""H"", ""H"", ""F"", ""C"", ""C"", ""C"", ""Br"", ""C"", ""Cl"", ""C"", ""Br"", ""C"", ""H"", ""H""]",C24H8Br8Cl4F4,"[true, true, true]","[8.871475983763979, 0.0, 0.0, 0.0, 13.375100660123465, 0.0, -2.069571781620696, 0.0, 10.928351965966002]",1296.7241946700792,[],"{""cutoff=6.000_skin=0.000"": 1500, ""cutoff=6.000_skin=0.500"": 1916}",0.0,,
OPT-RF-U256-SOXLEX48-R256-v1,084fa2fcc87265ca9469de27ad5fe18cba50709ffdc020a280a4d4657591cef9,OPT-RF-U256-SOXLEX48-R256-v1:0152,SOXLEX_C1_14_1287_z1_12,37e1080319aa24a5e997ef8ce0f7da38f9e6f93a17cd1876ac81c09d427441cc,152,cross_family_test_set,SOXLEX/structures/SOXLEX_C1_14_1287_z1_12.cif,235038cba2a08515eb969e1b1560ef942b42470b524d8772d63ac0ee4ed6f7e0,37e1080319aa24a5e997ef8ce0f7da38f9e6f93a17cd1876ac81c09d427441cc,0,48,"[""F"", ""C"", ""C"", ""C"", ""Br"", ""C"", ""Cl"", ""C"", ""Br"", ""C"", ""H"", ""H"", ""F"", ""C"", ""C"", ""C"", ""Br"", ""C"", ""Cl"", ""C"", ""Br"", ""C"", ""H"", ""H"", ""F"", ""C"", ""C"", ""C"", ""Br"", ""C"", ""Cl"", ""C"", ""Br"", ""C"", ""H"", ""H"", ""F"", ""C"", ""C"", ""C"", ""Br"", ""C"", ""Cl"", ""C"", ""Br"", ""C"", ""H"", ""H""]",C24H8Br8Cl4F4,"[true, true, true]","[7.261923357743008, 0.0, 0.0, 0.0, 20.863795949740464, 0.0, -3.5263634032054076, 0.0, 9.81915933198589]",1487.71346900822,[],"{""cutoff=6.000_skin=0.000"": 1504, ""cutoff=6.000_skin=0.500"": 1848}",0.0,,
OPT-RF-U256-SOXLEX48-R256-v1,084fa2fcc87265ca9469de27ad5fe18cba50709ffdc020a280a4d4657591cef9,OPT-RF-U256-SOXLEX48-R256-v1:0153,SOXLEX_C1_14_3962_z1_12,f935ce0a31346099d4c099ccfb51b07363f0d30215713855c91bb9f24bd5933a,153,cross_family_test_set,SOXLEX/structures/SOXLEX_C1_14_3962_z1_12.cif,d3df0af7d46740b6d98ef5db79d52ecbc9f90fdea9477583ca102aca4dcc9238,f935ce0a31346099d4c099ccfb51b07363f0d30215713855c91bb9f24bd5933a,0,48,"[""F"", ""C"", ""C"", ""C"", ""Br"", ""C"", ""Cl"", ""C"", ""Br"", ""C"", ""H"", ""H"", ""F"", ""C"", ""C"", ""C"", ""Br"", ""C"", ""Cl"", ""C"", ""Br"", ""C"", ""H"", ""H"", ""F"", ""C"", ""C"", ""C"", ""Br"", ""C"", ""Cl"", ""C"", ""Br"", ""C"", ""H"", ""H"", ""F"", ""C"", ""C"", ""C"", ""Br"", ""C"", ""Cl"", ""C"", ""Br"", ""C"", ""H"", ""H""]",C24H8Br8Cl4F4,"[true, true, true]","[10.16841680893252, 0.0, 0.0, 0.0, 12.019312971526737, 0.0, -7.6318629501677835, 0.0, 9.60373663990055]",1173.7435692481217,[],"{""cutoff=6.000_skin=0.000"": 1504, ""cutoff=6.000_skin=0.500"": 2064}",0.0,,
OPT-RF-U256-SOXLEX48-R256-v1,084fa2fcc87265ca9469de27ad5fe18cba50709ffdc020a280a4d4657591cef9,OPT-RF-U256-SOXLEX48-R256-v1:0154,SOXLEX_C1_14_739_z1_12,ae200c0e5f44301cf400a8d05e89a270de2e73953c9e9f295524534fb6b7b084,154,cross_family_test_set,SOXLEX/structures/SOXLEX_C1_14_739_z1_12.cif,afe8d92b0c07e886527c9dc91612d5098b8caa37ba152956ad4d2ec127482665,ae200c0e5f44301cf400a8d05e89a270de2e73953c9e9f295524534fb6b7b084,0,48,"[""F"", ""C"", ""C"", ""C"", ""Br"", ""C"", ""Cl"", ""C"", ""Br"", ""C"", ""H"", ""H"", ""F"", ""C"", ""C"", ""C"", ""Br"", ""C"", ""Cl"", ""C"", ""Br"", ""C"", ""H"", ""H"", ""F"", ""C"", ""C"", ""C"", ""Br"", ""C"", ""Cl"", ""C"", ""Br"", ""C"", ""H"", ""H"", ""F"", ""C"", ""C"", ""C"", ""Br"", ""C"", ""Cl"", ""C"", ""Br"", ""C"", ""H"", ""H""]",C24H8Br8Cl4F4,"[true, true, true]","[16.441324112072323, 0.0, 0.0, 0.0, 8.343407501497417, 0.0, -5.050512657783092, 0.0, 9.515355412738277]",1305.2847401853278,[],"{""cutoff=6.000_skin=0.000"": 1508, ""cutoff=6.000_skin=0.500"": 1920}",0.0,,
OPT-RF-U256-SOXLEX48-R256-v1,084fa2fcc87265ca9469de27ad5fe18cba50709ffdc020a280a4d4657591cef9,OPT-RF-U256-SOXLEX48-R256-v1:0155,SOXLEX_C1_14_3898_z1_12,12eb40513c6b3ed1a9737373dab5052960340a12b5aac738624561038123aaaf,155,cross_family_test_set,SOXLEX/structures/SOXLEX_C1_14_3898_z1_12.cif,fd6edd5b1a2ed40ca2247dc016a4253a1f04fc1c68432c47726944e9c923f93d,12eb40513c6b3ed1a9737373dab5052960340a12b5aac738624561038123aaaf,0,48,"[""F"", ""C"", ""C"", ""C"", ""Br"", ""C"", ""Cl"", ""C"", ""Br"", ""C"", ""H"", ""H"", ""F"", ""C"", ""C"", ""C"", ""Br"", ""C"", ""Cl"", ""C"", ""Br"", ""C"", ""H"", ""H"", ""F"", ""C"", ""C"", ""C"", ""Br"", ""C"", ""Cl"", ""C"", ""Br"", ""C"", ""H"", ""H"", ""F"", ""C"", ""C"", ""C"", ""Br"", ""C"", ""Cl"", ""C"", ""Br"", ""C"", ""H"", ""H""]",C24H8Br8Cl4F4,"[true, true, true]","[10.616233163361585, 0.0, 0.0, 0.0, 15.697034299641484, 0.0, -2.6601059355003835, 0.0, 8.70900828118265]",1451.298542444141,[],"{""cutoff=6.000_skin=0.000"": 1512, ""cutoff=6.000_skin=0.500"": 1800}",0.0,,
OPT-RF-U256-SOXLEX48-R256-v1,084fa2fcc87265ca9469de27ad5fe18cba50709ffdc020a280a4d4657591cef9,OPT-RF-U256-SOXLEX48-R256-v1:0156,SOXLEX_C1_14_4046_z1_12,a2c74d28c5c2196115839319836d3db57617228cc90b11ff05093b72b495c6ad,156,cross_family_test_set,SOXLEX/structures/SOXLEX_C1_14_4046_z1_12.cif,edb323238b03201c48b9a23e65ea3cb4820e81b2822e06c5196c3a241a5d4647,a2c74d28c5c2196115839319836d3db57617228cc90b11ff05093b72b495c6ad,0,48,"[""F"", ""C"", ""C"", ""C"", ""Br"", ""C"", ""Cl"", ""C"", ""Br"", ""C"", ""H"", ""H"", ""F"", ""C"", ""C"", ""C"", ""Br"", ""C"", ""Cl"", ""C"", ""Br"", ""C"", ""H"", ""H"", ""F"", ""C"", ""C"", ""C"", ""Br"", ""C"", ""Cl"", ""C"", ""Br"", ""C"", ""H"", ""H"", ""F"", ""C"", ""C"", ""C"", ""Br"", ""C"", ""Cl"", ""C"", ""Br"", ""C"", ""H"", ""H""]",C24H8Br8Cl4F4,"[true, true, true]","[11.644388795486151, 0.0, 0.0, 0.0, 10.843066052313027, 0.0, 1.4864475208740187, 0.0, 10.497742208419176]",1325.4541361621002,[],"{""cutoff=6.000_skin=0.000"": 1516, ""cutoff=6.000_skin=0.500"": 2036}",0.0,,
OPT-RF-U256-SOXLEX48-R256-v1,084fa2fcc87265ca9469de27ad5fe18cba50709ffdc020a280a4d4657591cef9,OPT-RF-U256-SOXLEX48-R256-v1:0157,SOXLEX_C1_14_3433_z1_12,35598685fbcae09767684367a7f3942a2e831ec4306429a06f2440048ffad434,157,cross_family_test_set,SOXLEX/structures/SOXLEX_C1_14_3433_z1_12.cif,43d7dcdb76ebc1053f89d05c3c32365f54d0ce3e9fca747be0b18aaff1c58adb,35598685fbcae09767684367a7f3942a2e831ec4306429a06f2440048ffad434,0,48,"[""F"", ""C"", ""C"", ""C"", ""Br"", ""C"", ""Cl"", ""C"", ""Br"", ""C"", ""H"", ""H"", ""F"", ""C"", ""C"", ""C"", ""Br"", ""C"", ""Cl"", ""C"", ""Br"", ""C"", ""H"", ""H"", ""F"", ""C"", ""C"", ""C"", ""Br"", ""C"", ""Cl"", ""C"", ""Br"", ""C"", ""H"", ""H"", ""F"", ""C"", ""C"", ""C"", ""Br"", ""C"", ""Cl"", ""C"", ""Br"", ""C"", ""H"", ""H""]",C24H8Br8Cl4F4,"[true, true, true]","[7.655966708889473, 0.0, 0.0, 0.0, 20.935749637868177, 0.0, 2.3909210550004336, 0.0, 7.744951702031525]",1241.3872090880436,[],"{""cutoff=6.000_skin=0.000"": 1520, ""cutoff=6.000_skin=0.500"": 1824}",0.0,,
OPT-RF-U256-SOXLEX48-R256-v1,084fa2fcc87265ca9469de27ad5fe18cba50709ffdc020a280a4d4657591cef9,OPT-RF-U256-SOXLEX48-R256-v1:0158,SOXLEX_C1_14_3857_z1_12,12021a90e1842f9ac5c1d5fb3b79559093db60088a385968c2b73bd62a72482b,158,cross_family_test_set,SOXLEX/structures/SOXLEX_C1_14_3857_z1_12.cif,48f58525e153d13989489d44eda263676470b0f3cb9d1769cba70e960a9d1d7b,12021a90e1842f9ac5c1d5fb3b79559093db60088a385968c2b73bd62a72482b,0,48,"[""F"", ""C"", ""C"", ""C"", ""Br"", ""C"", ""Cl"", ""C"", ""Br"", ""C"", ""H"", ""H"", ""F"", ""C"", ""C"", ""C"", ""Br"", ""C"", ""Cl"", ""C"", ""Br"", ""C"", ""H"", ""H"", ""F"", ""C"", ""C"", ""C"", ""Br"", ""C"", ""Cl"", ""C"", ""Br"", ""C"", ""H"", ""H"", ""F"", ""C"", ""C"", ""C"", ""Br"", ""C"", ""Cl"", ""C"", ""Br"", ""C"", ""H"", ""H""]",C24H8Br8Cl4F4,"[true, true, true]","[10.781005092157343, 0.0, 0.0, 0.0, 11.692191001929316, 0.0, -5.8349410732104, 0.0, 10.090289030817381]",1271.916962035069,[],"{""cutoff=6.000_skin=0.000"": 1520, ""cutoff=6.000_skin=0.500"": 1920}",0.0,,
OPT-RF-U256-SOXLEX48-R256-v1,084fa2fcc87265ca9469de27ad5fe18cba50709ffdc020a280a4d4657591cef9,OPT-RF-U256-SOXLEX48-R256-v1:0159,SOXLEX_C1_14_1120_z1_12,36ab2d21624ac34b2cda74dbc49975bf231ab8372ef7826033bb8da1b991800f,159,cross_family_test_set,SOXLEX/structures/SOXLEX_C1_14_1120_z1_12.cif,57c4b409febdb4080f281a8a1e7eda9fdbf8acfca7339699d7e56dacd5634d91,36ab2d21624ac34b2cda74dbc49975bf231ab8372ef7826033bb8da1b991800f,0,48,"[""F"", ""C"", ""C"", ""C"", ""Br"", ""C"", ""Cl"", ""C"", ""Br"", ""C"", ""H"", ""H"", ""F"", ""C"", ""C"", ""C"", ""Br"", ""C"", ""Cl"", ""C"", ""Br"", ""C"", ""H"", ""H"", ""F"", ""C"", ""C"", ""C"", ""Br"", ""C"", ""Cl"", ""C"", ""Br"", ""C"", ""H"", ""H"", ""F"", ""C"", ""C"", ""C"", ""Br"", ""C"", ""Cl"", ""C"", ""Br"", ""C"", ""H"", ""H""]",C24H8Br8Cl4F4,"[true, true, true]","[9.121402250174228, 0.0, 0.0, 0.0, 10.770155009181398, 0.0, -6.359222641690169, 0.0, 11.712066425819446]",1150.5807113791589,[],"{""cutoff=6.000_skin=0.000"": 1524, ""cutoff=6.000_skin=0.500"": 2160}",0.0,,
OPT-RF-U256-SOXLEX48-R256-v1,084fa2fcc87265ca9469de27ad5fe18cba50709ffdc020a280a4d4657591cef9,OPT-RF-U256-SOXLEX48-R256-v1:0160,SOXLEX_C1_14_2276_z1_12,44d72c406af02bf131bb57451cc588ef763cc8038c2461b096c2eede7b9e3648,160,cross_family_test_set,SOXLEX/structures/SOXLEX_C1_14_2276_z1_12.cif,609f5ee6b2cf3651c89ab498deeb4361d6499b8d2bbac56cc0dbe8af6a2baa98,44d72c406af02bf131bb57451cc588ef763cc8038c2461b096c2eede7b9e3648,0,48,"[""F"", ""C"", ""C"", ""C"", ""Br"", ""C"", ""Cl"", ""C"", ""Br"", ""C"", ""H"", ""H"", ""F"", ""C"", ""C"", ""C"", ""Br"", ""C"", ""Cl"", ""C"", ""Br"", ""C"", ""H"", ""H"", ""F"", ""C"", ""C"", ""C"", ""Br"", ""C"", ""Cl"", ""C"", ""Br"", ""C"", ""H"", ""H"", ""F"", ""C"", ""C"", ""C"", ""Br"", ""C"", ""Cl"", ""C"", ""Br"", ""C"", ""H"", ""H""]",C24H8Br8Cl4F4,"[true, true, true]","[4.913633456054967, 0.0, 0.0, 0.0, 24.526049414581166, 0.0, -6.473485767772476, 0.0, 12.755525122759835]",1537.194059779052,[],"{""cutoff=6.000_skin=0.000"": 1524, ""cutoff=6.000_skin=0.500"": 1780}",0.0,,
OPT-RF-U256-SOXLEX48-R256-v1,084fa2fcc87265ca9469de27ad5fe18cba50709ffdc020a280a4d4657591cef9,OPT-RF-U256-SOXLEX48-R256-v1:0161,SOXLEX_C1_14_232_z1_12,e7c868ac18cbc9f881f525bc9d18b4ec5d9c918605bd32ce513163cddae62e79,161,cross_family_test_set,SOXLEX/structures/SOXLEX_C1_14_232_z1_12.cif,6dee678cd612639c06d9e1f6e6b03e1c480813a3f532aed4b587b076da07aa6e,e7c868ac18cbc9f881f525bc9d18b4ec5d9c918605bd32ce513163cddae62e79,0,48,"[""F"", ""C"", ""C"", ""C"", ""Br"", ""C"", ""Cl"", ""C"", ""Br"", ""C"", ""H"", ""H"", ""F"", ""C"", ""C"", ""C"", ""Br"", ""C"", ""Cl"", ""C"", ""Br"", ""C"", ""H"", ""H"", ""F"", ""C"", ""C"", ""C"", ""Br"", ""C"", ""Cl"", ""C"", ""Br"", ""C"", ""H"", ""H"", ""F"", ""C"", ""C"", ""C"", ""Br"", ""C"", ""Cl"", ""C"", ""Br"", ""C"", ""H"", ""H""]",C24H8Br8Cl4F4,"[true, true, true]","[11.104553513345053, 0.0, 0.0, 0.0, 11.791507252590932, 0.0, -3.118756134535769, 0.0, 10.098555921936153]",1322.2990884739982,[],"{""cutoff=6.000_skin=0.000"": 1524, ""cutoff=6.000_skin=0.500"": 1952}",0.0,,
OPT-RF-U256-SOXLEX48-R256-v1,084fa2fcc87265ca9469de27ad5fe18cba50709ffdc020a280a4d4657591cef9,OPT-RF-U256-SOXLEX48-R256-v1:0162,SOXLEX_C1_14_2623_z1_12,08bcb3a8aa612f8ea4022e9e4e1f22b44dff044792044577aabe9153a14e3d07,162,cross_family_test_set,SOXLEX/structures/SOXLEX_C1_14_2623_z1_12.cif,d9aa7596f61c5567e7057ace1d7a5346a3614ddcffd121a40800dc475753c96d,08bcb3a8aa612f8ea4022e9e4e1f22b44dff044792044577aabe9153a14e3d07,0,48,"[""F"", ""C"", ""C"", ""C"", ""Br"", ""C"", ""Cl"", ""C"", ""Br"", ""C"", ""H"", ""H"", ""F"", ""C"", ""C"", ""C"", ""Br"", ""C"", ""Cl"", ""C"", ""Br"", ""C"", ""H"", ""H"", ""F"", ""C"", ""C"", ""C"", ""Br"", ""C"", ""Cl"", ""C"", ""Br"", ""C"", ""H"", ""H"", ""F"", ""C"", ""C"", ""C"", ""Br"", ""C"", ""Cl"", ""C"", ""Br"", ""C"", ""H"", ""H""]",C24H8Br8Cl4F4,"[true, true, true]","[8.793727108257677, 0.0, 0.0, 0.0, 11.9015896023719, 0.0, 5.737315079533525, 0.0, 11.785620480168003]",1233.4751562618674,[],"{""cutoff=6.000_skin=0.000"": 1532, ""cutoff=6.000_skin=0.500"": 2028}",0.0,,
OPT-RF-U256-SOXLEX48-R256-v1,084fa2fcc87265ca9469de27ad5fe18cba50709ffdc020a280a4d4657591cef9,OPT-RF-U256-SOXLEX48-R256-v1:0163,SOXLEX_C1_14_641_z1_12,b038e3561ecc96e1a8f9e292304bb04b8d35fb8c642becbb9dfd436e534ecd10,163,cross_family_test_set,SOXLEX/structures/SOXLEX_C1_14_641_z1_12.cif,5214448ea758316cd9a0a6e17e7036f7c395f5d0cee7e22dd02077e818e51e01,b038e3561ecc96e1a8f9e292304bb04b8d35fb8c642becbb9dfd436e534ecd10,0,48,"[""F"", ""C"", ""C"", ""C"", ""Br"", ""C"", ""Cl"", ""C"", ""Br"", ""C"", ""H"", ""H"", ""F"", ""C"", ""C"", ""C"", ""Br"", ""C"", ""Cl"", ""C"", ""Br"", ""C"", ""H"", ""H"", ""F"", ""C"", ""C"", ""C"", ""Br"", ""C"", ""Cl"", ""C"", ""Br"", ""C"", ""H"", ""H"", ""F"", ""C"", ""C"", ""C"", ""Br"", ""C"", ""Cl"", ""C"", ""Br"", ""C"", ""H"", ""H""]",C24H8Br8Cl4F4,"[true, true, true]","[8.789322461683259, 0.0, 0.0, 0.0, 11.63455208153843, 0.0, -2.7299185945858055, 0.0, 11.57696263485701]",1183.8582302840864,[],"{""cutoff=6.000_skin=0.000"": 1532, ""cutoff=6.000_skin=0.500"": 2076}",0.0,,
OPT-RF-U256-SOXLEX48-R256-v1,084fa2fcc87265ca9469de27ad5fe18cba50709ffdc020a280a4d4657591cef9,OPT-RF-U256-SOXLEX48-R256-v1:0164,SOXLEX_C1_14_1558_z1_12,fe35300a425a8511f5dfc31dccdb5bb000535abbaf9668bcf059ae5d18cc6cb5,164,cross_family_test_set,SOXLEX/structures/SOXLEX_C1_14_1558_z1_12.cif,363eecfc9eb96db7cac66d7c297f33030eb9fdbddae39e8655b5c0b0d27caa97,fe35300a425a8511f5dfc31dccdb5bb000535abbaf9668bcf059ae5d18cc6cb5,0,48,"[""F"", ""C"", ""C"", ""C"", ""Br"", ""C"", ""Cl"", ""C"", ""Br"", ""C"", ""H"", ""H"", ""F"", ""C"", ""C"", ""C"", ""Br"", ""C"", ""Cl"", ""C"", ""Br"", ""C"", ""H"", ""H"", ""F"", ""C"", ""C"", ""C"", ""Br"", ""C"", ""Cl"", ""C"", ""Br"", ""C"", ""H"", ""H"", ""F"", ""C"", ""C"", ""C"", ""Br"", ""C"", ""Cl"", ""C"", ""Br"", ""C"", ""H"", ""H""]",C24H8Br8Cl4F4,"[true, true, true]","[9.24710447962984, 0.0, 0.0, 0.0, 9.493645845168864, 0.0, 3.837868874082048, 0.0, 14.694085038379182]",1289.9751378379378,[],"{""cutoff=6.000_skin=0.000"": 1540, ""cutoff=6.000_skin=0.500"": 1952}",0.0,,
OPT-RF-U256-SOXLEX48-R256-v1,084fa2fcc87265ca9469de27ad5fe18cba50709ffdc020a280a4d4657591cef9,OPT-RF-U256-SOXLEX48-R256-v1:0165,SOXLEX_C1_14_156_z1_12,34b92d9ba96a41415547782b4580a70fe53b46658b1f84666d055d2aa4b6df0a,165,cross_family_test_set,SOXLEX/structures/SOXLEX_C1_14_156_z1_12.cif,c22d23dbb684beb37a919f47f0761b3aac29ef04c0fe91819bfaa3a6bdd4e5ff,34b92d9ba96a41415547782b4580a70fe53b46658b1f84666d055d2aa4b6df0a,0,48,"[""F"", ""C"", ""C"", ""C"", ""Br"", ""C"", ""Cl"", ""C"", ""Br"", ""C"", ""H"", ""H"", ""F"", ""C"", ""C"", ""C"", ""Br"", ""C"", ""Cl"", ""C"", ""Br"", ""C"", ""H"", ""H"", ""F"", ""C"", ""C"", ""C"", ""Br"", ""C"", ""Cl"", ""C"", ""Br"", ""C"", ""H"", ""H"", ""F"", ""C"", ""C"", ""C"", ""Br"", ""C"", ""Cl"", ""C"", ""Br"", ""C"", ""H"", ""H""]",C24H8Br8Cl4F4,"[true, true, true]","[12.41275792526833, 0.0, 0.0, 0.0, 9.633961202329235, 0.0, -6.963260206777026, 0.0, 12.917591465102607]",1544.7376228906928,[],"{""cutoff=6.000_skin=0.000"": 1540, ""cutoff=6.000_skin=0.500"": 1884}",0.0,,
OPT-RF-U256-SOXLEX48-R256-v1,084fa2fcc87265ca9469de27ad5fe18cba50709ffdc020a280a4d4657591cef9,OPT-RF-U256-SOXLEX48-R256-v1:0166,SOXLEX_C1_14_2572_z1_12,66ecb9f6f82c0bd081892b1e82d748243f803050ed6f9a867003d11a84fe43c3,166,cross_family_test_set,SOXLEX/structures/SOXLEX_C1_14_2572_z1_12.cif,1d9443a19b93db90663986473b30c03f98964115eea8ef3679112063ac7e90d4,66ecb9f6f82c0bd081892b1e82d748243f803050ed6f9a867003d11a84fe43c3,0,48,"[""F"", ""C"", ""C"", ""C"", ""Br"", ""C"", ""Cl"", ""C"", ""Br"", ""C"", ""H"", ""H"", ""F"", ""C"", ""C"", ""C"", ""Br"", ""C"", ""Cl"", ""C"", ""Br"", ""C"", ""H"", ""H"", ""F"", ""C"", ""C"", ""C"", ""Br"", ""C"", ""Cl"", ""C"", ""Br"", ""C"", ""H"", ""H"", ""F"", ""C"", ""C"", ""C"", ""Br"", ""C"", ""Cl"", ""C"", ""Br"", ""C"", ""H"", ""H""]",C24H8Br8Cl4F4,"[true, true, true]","[8.81265579731123, 0.0, 0.0, 0.0, 12.03161708596727, 0.0, -0.118155221409408, 0.0, 11.734991726899349]",1244.267041046266,[],"{""cutoff=6.000_skin=0.000"": 1540, ""cutoff=6.000_skin=0.500"": 2036}",0.0,,
OPT-RF-U256-SOXLEX48-R256-v1,084fa2fcc87265ca9469de27ad5fe18cba50709ffdc020a280a4d4657591cef9,OPT-RF-U256-SOXLEX48-R256-v1:0167,SOXLEX_C1_14_2974_z1_12,5a6508436bf457782654a5be06998082254276db8021caffe5580e7e22b09a0c,167,cross_family_test_set,SOXLEX/structures/SOXLEX_C1_14_2974_z1_12.cif,f143ca565f771f32d1cff64d2c713d6677ae833109d6cdfe7c382ee4b4f93ae2,5a6508436bf457782654a5be06998082254276db8021caffe5580e7e22b09a0c,0,48,"[""F"", ""C"", ""C"", ""C"", ""Br"", ""C"", ""Cl"", ""C"", ""Br"", ""C"", ""H"", ""H"", ""F"", ""C"", ""C"", ""C"", ""Br"", ""C"", ""Cl"", ""C"", ""Br"", ""C"", ""H"", ""H"", ""F"", ""C"", ""C"", ""C"", ""Br"", ""C"", ""Cl"", ""C"", ""Br"", ""C"", ""H"", ""H"", ""F"", ""C"", ""C"", ""C"", ""Br"", ""C"", ""Cl"", ""C"", ""Br"", ""C"", ""H"", ""H""]",C24H8Br8Cl4F4,"[true, true, true]","[7.479679867319788, 0.0, 0.0, 0.0, 15.397343201745468, 0.0, 1.6378935881448156, 0.0, 11.126527737267903]",1281.4110224842927,[],"{""cutoff=6.000_skin=0.000"": 1540, ""cutoff=6.000_skin=0.500"": 2028}",0.0,,
OPT-RF-U256-SOXLEX48-R256-v1,084fa2fcc87265ca9469de27ad5fe18cba50709ffdc020a280a4d4657591cef9,OPT-RF-U256-SOXLEX48-R256-v1:0168,SOXLEX_C1_14_3432_z1_12,fa4e43026fe97e552a96dbc92cf7fd451e56c89c991d1604e0b360f88f17304b,168,cross_family_test_set,SOXLEX/structures/SOXLEX_C1_14_3432_z1_12.cif,450dfb40cc042d78c1ea91cce024e2ce44d8046766ec7122a6cdc48e1d825276,fa4e43026fe97e552a96dbc92cf7fd451e56c89c991d1604e0b360f88f17304b,0,48,"[""F"", ""C"", ""C"", ""C"", ""Br"", ""C"", ""Cl"", ""C"", ""Br"", ""C"", ""H"", ""H"", ""F"", ""C"", ""C"", ""C"", ""Br"", ""C"", ""Cl"", ""C"", ""Br"", ""C"", ""H"", ""H"", ""F"", ""C"", ""C"", ""C"", ""Br"", ""C"", ""Cl"", ""C"", ""Br"", ""C"", ""H"", ""H"", ""F"", ""C"", ""C"", ""C"", ""Br"", ""C"", ""Cl"", ""C"", ""Br"", ""C"", ""H"", ""H""]",C24H8Br8Cl4F4,"[true, true, true]","[13.315675270778996, 0.0, 0.0, 0.0, 7.648405359353628, 0.0, 5.095851857253138, 0.0, 11.66177449240837]",1187.6780541784892,[],"{""cutoff=6.000_skin=0.000"": 1540, ""cutoff=6.000_skin=0.500"": 2156}",0.0,,
OPT-RF-U256-SOXLEX48-R256-v1,084fa2fcc87265ca9469de27ad5fe18cba50709ffdc020a280a4d4657591cef9,OPT-RF-U256-SOXLEX48-R256-v1:0169,SOXLEX_C1_14_3054_z1_12,153c48781dcc4ce043e3e3891577d0c9d07980d40b5188818c4c358bbf938cef,169,cross_family_test_set,SOXLEX/structures/SOXLEX_C1_14_3054_z1_12.cif,67b35ddf948fbf7c7f908b7526a9fe9aa4ea159a48cc714dd6c4f73d18691321,153c48781dcc4ce043e3e3891577d0c9d07980d40b5188818c4c358bbf938cef,0,48,"[""F"", ""C"", ""C"", ""C"", ""Br"", ""C"", ""Cl"", ""C"", ""Br"", ""C"", ""H"", ""H"", ""F"", ""C"", ""C"", ""C"", ""Br"", ""C"", ""Cl"", ""C"", ""Br"", ""C"", ""H"", ""H"", ""F"", ""C"", ""C"", ""C"", ""Br"", ""C"", ""Cl"", ""C"", ""Br"", ""C"", ""H"", ""H"", ""F"", ""C"", ""C"", ""C"", ""Br"", ""C"", ""Cl"", ""C"", ""Br"", ""C"", ""H"", ""H""]",C24H8Br8Cl4F4,"[true, true, true]","[15.43773816848422, 0.0, 0.0, 0.0, 9.454171677691079, 0.0, 1.4235168896629404, 0.0, 9.220032404219397]",1345.6731980011673,[],"{""cutoff=6.000_skin=0.000"": 1544, ""cutoff=6.000_skin=0.500"": 1916}",0.0,,
OPT-RF-U256-SOXLEX48-R256-v1,084fa2fcc87265ca9469de27ad5fe18cba50709ffdc020a280a4d4657591cef9,OPT-RF-U256-SOXLEX48-R256-v1:0170,SOXLEX_C1_14_1337_z1_12,4ec2cf7ce335e9a8694ebf9d8cd753433d6935ab945ad0a99a4170a8b01a4904,170,cross_family_test_set,SOXLEX/structures/SOXLEX_C1_14_1337_z1_12.cif,f82f33d717a4636fa0531942cdbd27ab4e5ea937c9d637de10ee29e2360a9bb6,4ec2cf7ce335e9a8694ebf9d8cd753433d6935ab945ad0a99a4170a8b01a4904,0,48,"[""F"", ""C"", ""C"", ""C"", ""Br"", ""C"", ""Cl"", ""C"", ""Br"", ""C"", ""H"", ""H"", ""F"", ""C"", ""C"", ""C"", ""Br"", ""C"", ""Cl"", ""C"", ""Br"", ""C"", ""H"", ""H"", ""F"", ""C"", ""C"", ""C"", ""Br"", ""C"", ""Cl"", ""C"", ""Br"", ""C"", ""H"", ""H"", ""F"", ""C"", ""C"", ""C"", ""Br"", ""C"", ""Cl"", ""C"", ""Br"", ""C"", ""H"", ""H""]",C24H8Br8Cl4F4,"[true, true, true]","[8.539448682253848, 0.0, 0.0, 0.0, 13.428881498192304, 0.0, -8.992759814930912, 0.0, 10.9029986893563]",1250.3040395461612,[],"{""cutoff=6.000_skin=0.000"": 1548, ""cutoff=6.000_skin=0.500"": 1996}",0.0,,
OPT-RF-U256-SOXLEX48-R256-v1,084fa2fcc87265ca9469de27ad5fe18cba50709ffdc020a280a4d4657591cef9,OPT-RF-U256-SOXLEX48-R256-v1:0171,SOXLEX_C1_14_3236_z1_12,ed492bf6fadc95efc0d6bbd1b35e709cf81ed7d48b1787d32b59dffab923ba92,171,cross_family_test_set,SOXLEX/structures/SOXLEX_C1_14_3236_z1_12.cif,165949d5ceff9f6285c7c1af20be642a1d0d5ca916b1781779e5130d303244ff,ed492bf6fadc95efc0d6bbd1b35e709cf81ed7d48b1787d32b59dffab923ba92,0,48,"[""F"", ""C"", ""C"", ""C"", ""Br"", ""C"", ""Cl"", ""C"", ""Br"", ""C"", ""H"", ""H"", ""F"", ""C"", ""C"", ""C"", ""Br"", ""C"", ""Cl"", ""C"", ""Br"", ""C"", ""H"", ""H"", ""F"", ""C"", ""C"", ""C"", ""Br"", ""C"", ""Cl"", ""C"", ""Br"", ""C"", ""H"", ""H"", ""F"", ""C"", ""C"", ""C"", ""Br"", ""C"", ""Cl"", ""C"", ""Br"", ""C"", ""H"", ""H""]",C24H8Br8Cl4F4,"[true, true, true]","[8.624525607436162, 0.0, 0.0, 0.0, 15.560567808372475, 0.0, 4.019541604715918, 0.0, 9.599516754415541]",1288.2792963106774,[],"{""cutoff=6.000_skin=0.000"": 1552, ""cutoff=6.000_skin=0.500"": 1980}",0.0,,
OPT-RF-U256-SOXLEX48-R256-v1,084fa2fcc87265ca9469de27ad5fe18cba50709ffdc020a280a4d4657591cef9,OPT-RF-U256-SOXLEX48-R256-v1:0172,SOXLEX_C1_14_3763_z1_12,6b4550fc53eb1987c468cd00a411f1c28e6087a93c818b9bcd70e6b4890138b1,172,cross_family_test_set,SOXLEX/structures/SOXLEX_C1_14_3763_z1_12.cif,1e5527bc852a896956465234269e92c63dad0389ef9384073a8813700a9ae900,6b4550fc53eb1987c468cd00a411f1c28e6087a93c818b9bcd70e6b4890138b1,0,48,"[""F"", ""C"", ""C"", ""C"", ""Br"", ""C"", ""Cl"", ""C"", ""Br"", ""C"", ""H"", ""H"", ""F"", ""C"", ""C"", ""C"", ""Br"", ""C"", ""Cl"", ""C"", ""Br"", ""C"", ""H"", ""H"", ""F"", ""C"", ""C"", ""C"", ""Br"", ""C"", ""Cl"", ""C"", ""Br"", ""C"", ""H"", ""H"", ""F"", ""C"", ""C"", ""C"", ""Br"", ""C"", ""Cl"", ""C"", ""Br"", ""C"", ""H"", ""H""]",C24H8Br8Cl4F4,"[true, true, true]","[9.812594698869226, 0.0, 0.0, 0.0, 9.65291002032583, 0.0, -12.672251961666307, 0.0, 13.339559692668661]",1263.5243439277601,[],"{""cutoff=6.000_skin=0.000"": 1552, ""cutoff=6.000_skin=0.500"": 1952}",0.0,,
OPT-RF-U256-SOXLEX48-R256-v1,084fa2fcc87265ca9469de27ad5fe18cba50709ffdc020a280a4d4657591cef9,OPT-RF-U256-SOXLEX48-R256-v1:0173,SOXLEX_C1_14_3679_z1_12,958dec927e63fb9dc9875d4ec44de975380f3836cb6342d200b48fb42021df29,173,cross_family_test_set,SOXLEX/structures/SOXLEX_C1_14_3679_z1_12.cif,1a9e04b8c04358cfbff9490ac5f0ffeddd205f1c87bbcd3598a65de5f8b0e5d4,958dec927e63fb9dc9875d4ec44de975380f3836cb6342d200b48fb42021df29,0,48,"[""F"", ""C"", ""C"", ""C"", ""Br"", ""C"", ""Cl"", ""C"", ""Br"", ""C"", ""H"", ""H"", ""F"", ""C"", ""C"", ""C"", ""Br"", ""C"", ""Cl"", ""C"", ""Br"", ""C"", ""H"", ""H"", ""F"", ""C"", ""C"", ""C"", ""Br"", ""C"", ""Cl"", ""C"", ""Br"", ""C"", ""H"", ""H"", ""F"", ""C"", ""C"", ""C"", ""Br"", ""C"", ""Cl"", ""C"", ""Br"", ""C"", ""H"", ""H""]",C24H8Br8Cl4F4,"[true, true, true]","[5.784832375554437, 0.0, 0.0, 0.0, 20.363335247086084, 0.0, 6.269942701084791, 0.0, 12.343382348083798]",1454.0316911498217,[],"{""cutoff=6.000_skin=0.000"": 1556, ""cutoff=6.000_skin=0.500"": 1868}",0.0,,
OPT-RF-U256-SOXLEX48-R256-v1,084fa2fcc87265ca9469de27ad5fe18cba50709ffdc020a280a4d4657591cef9,OPT-RF-U256-SOXLEX48-R256-v1:0174,SOXLEX_C1_14_1745_z1_12,5d7226fbd43c175ad2ec468c69d5f77655abcd700c65d09387d7d7c15810f3f9,174,cross_family_test_set,SOXLEX/structures/SOXLEX_C1_14_1745_z1_12.cif,f6f9c95e382131554cab3ff6ab609cd6676d310c0abccf6f7ecdd064f1f6019f,5d7226fbd43c175ad2ec468c69d5f77655abcd700c65d09387d7d7c15810f3f9,0,48,"[""F"", ""C"", ""C"", ""C"", ""Br"", ""C"", ""Cl"", ""C"", ""Br"", ""C"", ""H"", ""H"", ""F"", ""C"", ""C"", ""C"", ""Br"", ""C"", ""Cl"", ""C"", ""Br"", ""C"", ""H"", ""H"", ""F"", ""C"", ""C"", ""C"", ""Br"", ""C"", ""Cl"", ""C"", ""Br"", ""C"", ""H"", ""H"", ""F"", ""C"", ""C"", ""C"", ""Br"", ""C"", ""Cl"", ""C"", ""Br"", ""C"", ""H"", ""H""]",C24H8Br8Cl4F4,"[true, true, true]","[7.679174809614583, 0.0, 0.0, 0.0, 14.398959868904186, 0.0, 4.219238822202441, 0.0, 11.052866241668845]",1222.1389619510007,[],"{""cutoff=6.000_skin=0.000"": 1564, ""cutoff=6.000_skin=0.500"": 1992}",0.0,,
OPT-RF-U256-SOXLEX48-R256-v1,084fa2fcc87265ca9469de27ad5fe18cba50709ffdc020a280a4d4657591cef9,OPT-RF-U256-SOXLEX48-R256-v1:0175,SOXLEX_C1_14_3357_z1_12,babe54454746ebd326757dd5124634139e7a7dd1751fe4be380ac62ffc95a9ca,175,cross_family_test_set,SOXLEX/structures/SOXLEX_C1_14_3357_z1_12.cif,23518adca84b7ef1fc674ab90afdade65f22e4a05b7843094ffb8703e08583b5,babe54454746ebd326757dd5124634139e7a7dd1751fe4be380ac62ffc95a9ca,0,48,"[""F"", ""C"", ""C"", ""C"", ""Br"", ""C"", ""Cl"", ""C"", ""Br"", ""C"", ""H"", ""H"", ""F"", ""C"", ""C"", ""C"", ""Br"", ""C"", ""Cl"", ""C"", ""Br"", ""C"", ""H"", ""H"", ""F"", ""C"", ""C"", ""C"", ""Br"", ""C"", ""Cl"", ""C"", ""Br"", ""C"", ""H"", ""H"", ""F"", ""C"", ""C"", ""C"", ""Br"", ""C"", ""Cl"", ""C"", ""Br"", ""C"", ""H"", ""H""]",C24H8Br8Cl4F4,"[true, true, true]","[6.363161480939443, 0.0, 0.0, 0.0, 12.524772055010825, 0.0, 3.3713418872848675, 0.0, 14.868413229613914]",1184.9701162742658,[],"{""cutoff=6.000_skin=0.000"": 1564, ""cutoff=6.000_skin=0.500"": 2100}",0.0,,
OPT-RF-U256-SOXLEX48-R256-v1,084fa2fcc87265ca9469de27ad5fe18cba50709ffdc020a280a4d4657591cef9,OPT-RF-U256-SOXLEX48-R256-v1:0176,SOXLEX_C1_14_1760_z1_12,299ba266549116a317c23d9acad62f9a857b2dffb1236aabf0985f0ccf3694bf,176,cross_family_test_set,SOXLEX/structures/SOXLEX_C1_14_1760_z1_12.cif,087bf37bd007782ced20836b32a4b450c32c659d1cde0875424a6da30c6728f7,299ba266549116a317c23d9acad62f9a857b2dffb1236aabf0985f0ccf3694bf,0,48,"[""F"", ""C"", ""C"", ""C"", ""Br"", ""C"", ""Cl"", ""C"", ""Br"", ""C"", ""H"", ""H"", ""F"", ""C"", ""C"", ""C"", ""Br"", ""C"", ""Cl"", ""C"", ""Br"", ""C"", ""H"", ""H"", ""F"", ""C"", ""C"", ""C"", ""Br"", ""C"", ""Cl"", ""C"", ""Br"", ""C"", ""H"", ""H"", ""F"", ""C"", ""C"", ""C"", ""Br"", ""C"", ""Cl"", ""C"", ""Br"", ""C"", ""H"", ""H""]",C24H8Br8Cl4F4,"[true, true, true]","[9.62041941474821, 0.0, 0.0, 0.0, 9.70665563018833, 0.0, 1.6822663649710674, 0.0, 12.195637663190613]",1138.8542348140024,[],"{""cutoff=6.000_skin=0.000"": 1568, ""cutoff=6.000_skin=0.500"": 2220}",0.0,,
OPT-RF-U256-SOXLEX48-R256-v1,084fa2fcc87265ca9469de27ad5fe18cba50709ffdc020a280a4d4657591cef9,OPT-RF-U256-SOXLEX48-R256-v1:0177,SOXLEX_C1_14_202_z1_12,2ebbdcfc155da96a766c0a1308a75920ffc94009f4c00f3dd9f797a9676b84f0,177,cross_family_test_set,SOXLEX/structures/SOXLEX_C1_14_202_z1_12.cif,8354b4a33a9519514b7b87768c51c79f72002e34e7d74e5f4df9ac08cab0784e,2ebbdcfc155da96a766c0a1308a75920ffc94009f4c00f3dd9f797a9676b84f0,0,48,"[""F"", ""C"", ""C"", ""C"", ""Br"", ""C"", ""Cl"", ""C"", ""Br"", ""C"", ""H"", ""H"", ""F"", ""C"", ""C"", ""C"", ""Br"", ""C"", ""Cl"", ""C"", ""Br"", ""C"", ""H"", ""H"", ""F"", ""C"", ""C"", ""C"", ""Br"", ""C"", ""Cl"", ""C"", ""Br"", ""C"", ""H"", ""H"", ""F"", ""C"", ""C"", ""C"", ""Br"", ""C"", ""Cl"", ""C"", ""Br"", ""C"", ""H"", ""H""]",C24H8Br8Cl4F4,"[true, true, true]","[12.487287181902552, 0.0, 0.0, 0.0, 13.113292752345433, 0.0, 4.253404247837203, 0.0, 8.399534846629935]",1375.4192323810737,[],"{""cutoff=6.000_skin=0.000"": 1576, ""cutoff=6.000_skin=0.500"": 1864}",0.0,,
OPT-RF-U256-SOXLEX48-R256-v1,084fa2fcc87265ca9469de27ad5fe18cba50709ffdc020a280a4d4657591cef9,OPT-RF-U256-SOXLEX48-R256-v1:0178,SOXLEX_C1_14_4100_z1_12,98103e20cbee1dc2471e334feffe486b24bbff41a1798e1407c389f4b4dbf550,178,cross_family_test_set,SOXLEX/structures/SOXLEX_C1_14_4100_z1_12.cif,3e2232ade49b7d2eaf268bafd38d0558ac27b5e952252cec3fb9e948cb73896a,98103e20cbee1dc2471e334feffe486b24bbff41a1798e1407c389f4b4dbf550,0,48,"[""F"", ""C"", ""C"", ""C"", ""Br"", ""C"", ""Cl"", ""C"", ""Br"", ""C"", ""H"", ""H"", ""F"", ""C"", ""C"", ""C"", ""Br"", ""C"", ""Cl"", ""C"", ""Br"", ""C"", ""H"", ""H"", ""F"", ""C"", ""C"", ""C"", ""Br"", ""C"", ""Cl"", ""C"", ""Br"", ""C"", ""H"", ""H"", ""F"", ""C"", ""C"", ""C"", ""Br"", ""C"", ""Cl"", ""C"", ""Br"", ""C"", ""H"", ""H""]",C24H8Br8Cl4F4,"[true, true, true]","[10.473936449580467, 0.0, 0.0, 0.0, 11.367977752716342, 0.0, 6.652564565058487, 0.0, 10.002754524419661]",1191.0027396936773,[],"{""cutoff=6.000_skin=0.000"": 1576, ""cutoff=6.000_skin=0.500"": 2084}",0.0,,
OPT-RF-U256-SOXLEX48-R256-v1,084fa2fcc87265ca9469de27ad5fe18cba50709ffdc020a280a4d4657591cef9,OPT-RF-U256-SOXLEX48-R256-v1:0179,SOXLEX_C1_14_1713_z1_12,e95d7758c7723a9075a33b5d1ea565ea1fc0681fee21208936a519285b9015ee,179,cross_family_test_set,SOXLEX/structures/SOXLEX_C1_14_1713_z1_12.cif,6b79cc68cafdc99889020520873d5be104774c94eb3c4abf397afacd71f0eb37,e95d7758c7723a9075a33b5d1ea565ea1fc0681fee21208936a519285b9015ee,0,48,"[""F"", ""C"", ""C"", ""C"", ""Br"", ""C"", ""Cl"", ""C"", ""Br"", ""C"", ""H"", ""H"", ""F"", ""C"", ""C"", ""C"", ""Br"", ""C"", ""Cl"", ""C"", ""Br"", ""C"", ""H"", ""H"", ""F"", ""C"", ""C"", ""C"", ""Br"", ""C"", ""Cl"", ""C"", ""Br"", ""C"", ""H"", ""H"", ""F"", ""C"", ""C"", ""C"", ""Br"", ""C"", ""Cl"", ""C"", ""Br"", ""C"", ""H"", ""H""]",C24H8Br8Cl4F4,"[true, true, true]","[5.73632862345638, 0.0, 0.0, 0.0, 14.883774344074762, 0.0, -1.9163066733118188, 0.0, 14.608441708904131]",1247.2427616934376,[],"{""cutoff=6.000_skin=0.000"": 1584, ""cutoff=6.000_skin=0.500"": 1924}",0.0,,
OPT-RF-U256-SOXLEX48-R256-v1,084fa2fcc87265ca9469de27ad5fe18cba50709ffdc020a280a4d4657591cef9,OPT-RF-U256-SOXLEX48-R256-v1:0180,SOXLEX_C1_14_602_z1_12,27502648f76396e30d3d7acbe68b4bbce9472a4d348feb414a14a1e00e8928ec,180,cross_family_test_set,SOXLEX/structures/SOXLEX_C1_14_602_z1_12.cif,5a9f81b7271d938f8ee405989acfe87d72ba2c7db829bb5f2136c7552620791e,27502648f76396e30d3d7acbe68b4bbce9472a4d348feb414a14a1e00e8928ec,0,48,"[""F"", ""C"", ""C"", ""C"", ""Br"", ""C"", ""Cl"", ""C"", ""Br"", ""C"", ""H"", ""H"", ""F"", ""C"", ""C"", ""C"", ""Br"", ""C"", ""Cl"", ""C"", ""Br"", ""C"", ""H"", ""H"", ""F"", ""C"", ""C"", ""C"", ""Br"", ""C"", ""Cl"", ""C"", ""Br"", ""C"", ""H"", ""H"", ""F"", ""C"", ""C"", ""C"", ""Br"", ""C"", ""Cl"", ""C"", ""Br"", ""C"", ""H"", ""H""]",C24H8Br8Cl4F4,"[true, true, true]","[10.59991450570475, 0.0, 0.0, 0.0, 10.564059059847605, 0.0, 1.1035405948547585, 0.0, 11.44714858376826]",1281.8302105968792,[],"{""cutoff=6.000_skin=0.000"": 1584, ""cutoff=6.000_skin=0.500"": 1980}",0.0,,
OPT-RF-U256-SOXLEX48-R256-v1,084fa2fcc87265ca9469de27ad5fe18cba50709ffdc020a280a4d4657591cef9,OPT-RF-U256-SOXLEX48-R256-v1:0181,SOXLEX_C1_14_752_z1_12,74c59571742969674c4efd1ffb74a5094b9046d39a3fdbccfccdf0e8e1b73623,181,cross_family_test_set,SOXLEX/structures/SOXLEX_C1_14_752_z1_12.cif,adf7bec463285734c27e14671fbd133dc94e1b093fd4b1176ed4475734d61c88,74c59571742969674c4efd1ffb74a5094b9046d39a3fdbccfccdf0e8e1b73623,0,48,"[""F"", ""C"", ""C"", ""C"", ""Br"", ""C"", ""Cl"", ""C"", ""Br"", ""C"", ""H"", ""H"", ""F"", ""C"", ""C"", ""C"", ""Br"", ""C"", ""Cl"", ""C"", ""Br"", ""C"", ""H"", ""H"", ""F"", ""C"", ""C"", ""C"", ""Br"", ""C"", ""Cl"", ""C"", ""Br"", ""C"", ""H"", ""H"", ""F"", ""C"", ""C"", ""C"", ""Br"", ""C"", ""Cl"", ""C"", ""Br"", ""C"", ""H"", ""H""]",C24H8Br8Cl4F4,"[true, true, true]","[13.280734012908809, 0.0, 0.0, 0.0, 11.110424379702238, 0.0, -7.25793752275337, 0.0, 8.598238141819232]",1268.7095119701319,[],"{""cutoff=6.000_skin=0.000"": 1584, ""cutoff=6.000_skin=0.500"": 2012}",0.0,,
OPT-RF-U256-SOXLEX48-R256-v1,084fa2fcc87265ca9469de27ad5fe18cba50709ffdc020a280a4d4657591cef9,OPT-RF-U256-SOXLEX48-R256-v1:0182,SOXLEX_C1_14_1397_z1_12,87e90964949221bc0ab68a2fc910804ff1c500e4214819965c9146753778d0ce,182,cross_family_test_set,SOXLEX/structures/SOXLEX_C1_14_1397_z1_12.cif,982f097ae86cef730e7b37b40a7d04129a36c9d86d04d17ca8367a12eba67b4d,87e90964949221bc0ab68a2fc910804ff1c500e4214819965c9146753778d0ce,0,48,"[""F"", ""C"", ""C"", ""C"", ""Br"", ""C"", ""Cl"", ""C"", ""Br"", ""C"", ""H"", ""H"", ""F"", ""C"", ""C"", ""C"", ""Br"", ""C"", ""Cl"", ""C"", ""Br"", ""C"", ""H"", ""H"", ""F"", ""C"", ""C"", ""C"", ""Br"", ""C"", ""Cl"", ""C"", ""Br"", ""C"", ""H"", ""H"", ""F"", ""C"", ""C"", ""C"", ""Br"", ""C"", ""Cl"", ""C"", ""Br"", ""C"", ""H"", ""H""]",C24H8Br8Cl4F4,"[true, true, true]","[8.048684211445085, 0.0, 0.0, 0.0, 9.738195174969754, 0.0, 0.3374951650815405, 0.0, 15.201918666340715]",1191.5211822529236,[],"{""cutoff=6.000_skin=0.000"": 1596, ""cutoff=6.000_skin=0.500"": 2156}",0.0,,
OPT-RF-U256-SOXLEX48-R256-v1,084fa2fcc87265ca9469de27ad5fe18cba50709ffdc020a280a4d4657591cef9,OPT-RF-U256-SOXLEX48-R256-v1:0183,SOXLEX_C1_14_2952_z1_12,fb0deaf9fa7a1b78c71893ea004256b6c666074fd655518ca044fd1e152bcfae,183,cross_family_test_set,SOXLEX/structures/SOXLEX_C1_14_2952_z1_12.cif,a91eed63bd1a40ca34fcb5fa66838643a66c838b4b581f07a81673242a5e14d1,fb0deaf9fa7a1b78c71893ea004256b6c666074fd655518ca044fd1e152bcfae,0,48,"[""F"", ""C"", ""C"", ""C"", ""Br"", ""C"", ""Cl"", ""C"", ""Br"", ""C"", ""H"", ""H"", ""F"", ""C"", ""C"", ""C"", ""Br"", ""C"", ""Cl"", ""C"", ""Br"", ""C"", ""H"", ""H"", ""F"", ""C"", ""C"", ""C"", ""Br"", ""C"", ""Cl"", ""C"", ""Br"", ""C"", ""H"", ""H"", ""F"", ""C"", ""C"", ""C"", ""Br"", ""C"", ""Cl"", ""C"", ""Br"", ""C"", ""H"", ""H""]",C24H8Br8Cl4F4,"[true, true, true]","[9.1599100162259, 0.0, 0.0, 0.0, 12.698856798499172, 0.0, -2.7316082345646255, 0.0, 10.356376360560192]",1204.6576915050055,[],"{""cutoff=6.000_skin=0.000"": 1600, ""cutoff=6.000_skin=0.500"": 1940}",0.0,,
OPT-RF-U256-SOXLEX48-R256-v1,084fa2fcc87265ca9469de27ad5fe18cba50709ffdc020a280a4d4657591cef9,OPT-RF-U256-SOXLEX48-R256-v1:0184,SOXLEX_C1_14_260_z1_12,3e16abdf97aa8fdadaa79f098b6b829dd1dce45d101b55d0bf8e75790d2c23d4,184,cross_family_test_set,SOXLEX/structures/SOXLEX_C1_14_260_z1_12.cif,98db9e9b353448fab484d654a429bd168986cf67cbaefa7c449f7c4f1d1d270b,3e16abdf97aa8fdadaa79f098b6b829dd1dce45d101b55d0bf8e75790d2c23d4,0,48,"[""F"", ""C"", ""C"", ""C"", ""Br"", ""C"", ""Cl"", ""C"", ""Br"", ""C"", ""H"", ""H"", ""F"", ""C"", ""C"", ""C"", ""Br"", ""C"", ""Cl"", ""C"", ""Br"", ""C"", ""H"", ""H"", ""F"", ""C"", ""C"", ""C"", ""Br"", ""C"", ""Cl"", ""C"", ""Br"", ""C"", ""H"", ""H"", ""F"", ""C"", ""C"", ""C"", ""Br"", ""C"", ""Cl"", ""C"", ""Br"", ""C"", ""H"", ""H""]",C24H8Br8Cl4F4,"[true, true, true]","[6.841765241918733, 0.0, 0.0, 0.0, 12.880952428005173, 0.0, 0.9188126528434056, 0.0, 13.439449340500083]",1184.397874237992,[],"{""cutoff=6.000_skin=0.000"": 1604, ""cutoff=6.000_skin=0.500"": 1984}",0.0,,
OPT-RF-U256-SOXLEX48-R256-v1,084fa2fcc87265ca9469de27ad5fe18cba50709ffdc020a280a4d4657591cef9,OPT-RF-U256-SOXLEX48-R256-v1:0185,SOXLEX_C1_14_3716_z1_12,818f3ace42796f2fbaf5e187e81b996ce410b012855b25e0348ebe1e8f2d34a9,185,cross_family_test_set,SOXLEX/structures/SOXLEX_C1_14_3716_z1_12.cif,3086adddadd1a3545f7cf0eb07ac6dc1c0e31139349eac2f0a402a370653b14a,818f3ace42796f2fbaf5e187e81b996ce410b012855b25e0348ebe1e8f2d34a9,0,48,"[""F"", ""C"", ""C"", ""C"", ""Br"", ""C"", ""Cl"", ""C"", ""Br"", ""C"", ""H"", ""H"", ""F"", ""C"", ""C"", ""C"", ""Br"", ""C"", ""Cl"", ""C"", ""Br"", ""C"", ""H"", ""H"", ""F"", ""C"", ""C"", ""C"", ""Br"", ""C"", ""Cl"", ""C"", ""Br"", ""C"", ""H"", ""H"", ""F"", ""C"", ""C"", ""C"", ""Br"", ""C"", ""Cl"", ""C"", ""Br"", ""C"", ""H"", ""H""]",C24H8Br8Cl4F4,"[true, true, true]","[13.359994414993892, 0.0, 0.0, 0.0, 7.95082264111962, 0.0, -4.846019488584085, 0.0, 11.799185150490718]",1253.3442080281002,[],"{""cutoff=6.000_skin=0.000"": 1604, ""cutoff=6.000_skin=0.500"": 2100}",0.0,,
OPT-RF-U256-SOXLEX48-R256-v1,084fa2fcc87265ca9469de27ad5fe18cba50709ffdc020a280a4d4657591cef9,OPT-RF-U256-SOXLEX48-R256-v1:0186,SOXLEX_C1_14_3431_z1_12,9eab26fa4d80c121a3174e1afa311ca3b6075ebe9f8738272a520f904b606040,186,cross_family_test_set,SOXLEX/structures/SOXLEX_C1_14_3431_z1_12.cif,b568cea82cb7f4b6bf34a9f73848634c80f54ba5add997c8ea6188cbf6839dc1,9eab26fa4d80c121a3174e1afa311ca3b6075ebe9f8738272a520f904b606040,0,48,"[""F"", ""C"", ""C"", ""C"", ""Br"", ""C"", ""Cl"", ""C"", ""Br"", ""C"", ""H"", ""H"", ""F"", ""C"", ""C"", ""C"", ""Br"", ""C"", ""Cl"", ""C"", ""Br"", ""C"", ""H"", ""H"", ""F"", ""C"", ""C"", ""C"", ""Br"", ""C"", ""Cl"", ""C"", ""Br"", ""C"", ""H"", ""H"", ""F"", ""C"", ""C"", ""C"", ""Br"", ""C"", ""Cl"", ""C"", ""Br"", ""C"", ""H"", ""H""]",C24H8Br8Cl4F4,"[true, true, true]","[14.50419061069582, 0.0, 0.0, 0.0, 8.089643505702568, 0.0, -4.38305271857877, 0.0, 10.262572542085291]",1204.145929913488,[],"{""cutoff=6.000_skin=0.000"": 1608, ""cutoff=6.000_skin=0.500"": 2172}",0.0,,
OPT-RF-U256-SOXLEX48-R256-v1,084fa2fcc87265ca9469de27ad5fe18cba50709ffdc020a280a4d4657591cef9,OPT-RF-U256-SOXLEX48-R256-v1:0187,SOXLEX_C1_14_1306_z1_12,eb2bc34e5a770f0f258d3a8287c206c9d433a415e631066e92e9647974961060,187,cross_family_test_set,SOXLEX/structures/SOXLEX_C1_14_1306_z1_12.cif,361500c3b708d047c5ce1d2717038ccd51d30c5d729fc91ac09e9584ac3d4f9e,eb2bc34e5a770f0f258d3a8287c206c9d433a415e631066e92e9647974961060,0,48,"[""F"", ""C"", ""C"", ""C"", ""Br"", ""C"", ""Cl"", ""C"", ""Br"", ""C"", ""H"", ""H"", ""F"", ""C"", ""C"", ""C"", ""Br"", ""C"", ""Cl"", ""C"", ""Br"", ""C"", ""H"", ""H"", ""F"", ""C"", ""C"", ""C"", ""Br"", ""C"", ""Cl"", ""C"", ""Br"", ""C"", ""H"", ""H"", ""F"", ""C"", ""C"", ""C"", ""Br"", ""C"", ""Cl"", ""C"", ""Br"", ""C"", ""H"", ""H""]",C24H8Br8Cl4F4,"[true, true, true]","[11.013567841875993, 0.0, 0.0, 0.0, 11.86079726626436, 0.0, -4.931485936449491, 0.0, 10.140763166159228]",1324.6848030193835,[],"{""cutoff=6.000_skin=0.000"": 1620, ""cutoff=6.000_skin=0.500"": 2032}",0.0,,
OPT-RF-U256-SOXLEX48-R256-v1,084fa2fcc87265ca9469de27ad5fe18cba50709ffdc020a280a4d4657591cef9,OPT-RF-U256-SOXLEX48-R256-v1:0188,SOXLEX_C1_14_848_z1_12,285426c0eb6b97a4f6e9f7361b63b9e079c1bc4d7c1cc8b9a5f02311662e31a2,188,cross_family_test_set,SOXLEX/structures/SOXLEX_C1_14_848_z1_12.cif,94bfd59a53659335b02d155f7deeb1194e584efd197fb42f94ec0121226bcb56,285426c0eb6b97a4f6e9f7361b63b9e079c1bc4d7c1cc8b9a5f02311662e31a2,0,48,"[""F"", ""C"", ""C"", ""C"", ""Br"", ""C"", ""Cl"", ""C"", ""Br"", ""C"", ""H"", ""H"", ""F"", ""C"", ""C"", ""C"", ""Br"", ""C"", ""Cl"", ""C"", ""Br"", ""C"", ""H"", ""H"", ""F"", ""C"", ""C"", ""C"", ""Br"", ""C"", ""Cl"", ""C"", ""Br"", ""C"", ""H"", ""H"", ""F"", ""C"", ""C"", ""C"", ""Br"", ""C"", ""Cl"", ""C"", ""Br"", ""C"", ""H"", ""H""]",C24H8Br8Cl4F4,"[true, true, true]","[8.505134491557953, 0.0, 0.0, 0.0, 10.890895886338328, 0.0, 9.706701502246515, 0.0, 12.306772498188586]",1139.9582978168094,[],"{""cutoff=6.000_skin=0.000"": 1620, ""cutoff=6.000_skin=0.500"": 1984}",0.0,,
OPT-RF-U256-SOXLEX48-R256-v1,084fa2fcc87265ca9469de27ad5fe18cba50709ffdc020a280a4d4657591cef9,OPT-RF-U256-SOXLEX48-R256-v1:0189,SOXLEX_C1_14_310_z1_12,c5a6a120dd391240eea2f29178dbc81d473e0cf8e324e4293b685f0c43205485,189,cross_family_test_set,SOXLEX/structures/SOXLEX_C1_14_310_z1_12.cif,270ebe99ae7aa5fc20d06e5f9c504029ef6116059c3c964deb3aaaa622e28e29,c5a6a120dd391240eea2f29178dbc81d473e0cf8e324e4293b685f0c43205485,0,48,"[""F"", ""C"", ""C"", ""C"", ""Br"", ""C"", ""Cl"", ""C"", ""Br"", ""C"", ""H"", ""H"", ""F"", ""C"", ""C"", ""C"", ""Br"", ""C"", ""Cl"", ""C"", ""Br"", ""C"", ""H"", ""H"", ""F"", ""C"", ""C"", ""C"", ""Br"", ""C"", ""Cl"", ""C"", ""Br"", ""C"", ""H"", ""H"", ""F"", ""C"", ""C"", ""C"", ""Br"", ""C"", ""Cl"", ""C"", ""Br"", ""C"", ""H"", ""H""]",C24H8Br8Cl4F4,"[true, true, true]","[8.261353612826312, 0.0, 0.0, 0.0, 9.263582788546984, 0.0, -0.4610795498012548, 0.0, 15.841915871536965]",1212.377594041442,[],"{""cutoff=6.000_skin=0.000"": 1624, ""cutoff=6.000_skin=0.500"": 2020}",0.0,,
OPT-RF-U256-SOXLEX48-R256-v1,084fa2fcc87265ca9469de27ad5fe18cba50709ffdc020a280a4d4657591cef9,OPT-RF-U256-SOXLEX48-R256-v1:0190,SOXLEX_C1_14_1346_z1_12,6b87fa455faf955f09b203e4659e6e0330eb4fdf941420d8b1aff55a7e5d4d08,190,cross_family_test_set,SOXLEX/structures/SOXLEX_C1_14_1346_z1_12.cif,63f57f5b6bb35096d5d392a6a8d8bf32f853730316052386f4d4aa7000b8d6ad,6b87fa455faf955f09b203e4659e6e0330eb4fdf941420d8b1aff55a7e5d4d08,0,48,"[""F"", ""C"", ""C"", ""C"", ""Br"", ""C"", ""Cl"", ""C"", ""Br"", ""C"", ""H"", ""H"", ""F"", ""C"", ""C"", ""C"", ""Br"", ""C"", ""Cl"", ""C"", ""Br"", ""C"", ""H"", ""H"", ""F"", ""C"", ""C"", ""C"", ""Br"", ""C"", ""Cl"", ""C"", ""Br"", ""C"", ""H"", ""H"", ""F"", ""C"", ""C"", ""C"", ""Br"", ""C"", ""Cl"", ""C"", ""Br"", ""C"", ""H"", ""H""]",C24H8Br8Cl4F4,"[true, true, true]","[9.144001836824362, 0.0, 0.0, 0.0, 9.109929667762742, 0.0, -4.337872915225, 0.0, 14.398172404024075]",1199.3852350984382,[],"{""cutoff=6.000_skin=0.000"": 1636, ""cutoff=6.000_skin=0.500"": 2136}",0.0,,
OPT-RF-U256-SOXLEX48-R256-v1,084fa2fcc87265ca9469de27ad5fe18cba50709ffdc020a280a4d4657591cef9,OPT-RF-U256-SOXLEX48-R256-v1:0191,SOXLEX_C1_14_2573_z1_12,9f3d70f7424f2f46755fe27a90a74e03d24d28d4b8a18781b87ecbc7a78759c4,191,cross_family_test_set,SOXLEX/structures/SOXLEX_C1_14_2573_z1_12.cif,c1ecf0bea250238f76120bb4547be4748901cfe436729ded71e877c40184b7ae,9f3d70f7424f2f46755fe27a90a74e03d24d28d4b8a18781b87ecbc7a78759c4,0,48,"[""F"", ""C"", ""C"", ""C"", ""Br"", ""C"", ""Cl"", ""C"", ""Br"", ""C"", ""H"", ""H"", ""F"", ""C"", ""C"", ""C"", ""Br"", ""C"", ""Cl"", ""C"", ""Br"", ""C"", ""H"", ""H"", ""F"", ""C"", ""C"", ""C"", ""Br"", ""C"", ""Cl"", ""C"", ""Br"", ""C"", ""H"", ""H"", ""F"", ""C"", ""C"", ""C"", ""Br"", ""C"", ""Cl"", ""C"", ""Br"", ""C"", ""H"", ""H""]",C24H8Br8Cl4F4,"[true, true, true]","[4.054431454034187, 0.0, 0.0, 0.0, 28.1540236309749, 0.0, -5.855246408051236, 0.0, 14.483643547137856]",1653.287039498149,[],"{""cutoff=6.000_skin=0.000"": 1648, ""cutoff=6.000_skin=0.500"": 1860}",0.0,,
OPT-RF-U256-SOXLEX48-R256-v1,084fa2fcc87265ca9469de27ad5fe18cba50709ffdc020a280a4d4657591cef9,OPT-RF-U256-SOXLEX48-R256-v1:0192,SOXLEX_C1_14_287_z1_12,2401f0b9e949461b337f462c0eeb8793213c2ad818b1706268cd6a66123f6d18,192,cross_family_test_set,SOXLEX/structures/SOXLEX_C1_14_287_z1_12.cif,0df9c1c62471199edbfd11c1aacd586cdaa4704780a727f9455efb2550f53d04,2401f0b9e949461b337f462c0eeb8793213c2ad818b1706268cd6a66123f6d18,0,48,"[""F"", ""C"", ""C"", ""C"", ""Br"", ""C"", ""Cl"", ""C"", ""Br"", ""C"", ""H"", ""H"", ""F"", ""C"", ""C"", ""C"", ""Br"", ""C"", ""Cl"", ""C"", ""Br"", ""C"", ""H"", ""H"", ""F"", ""C"", ""C"", ""C"", ""Br"", ""C"", ""Cl"", ""C"", ""Br"", ""C"", ""H"", ""H"", ""F"", ""C"", ""C"", ""C"", ""Br"", ""C"", ""Cl"", ""C"", ""Br"", ""C"", ""H"", ""H""]",C24H8Br8Cl4F4,"[true, true, true]","[8.461533257045389, 0.0, 0.0, 0.0, 11.175767586802689, 0.0, -7.179041691254144, 0.0, 12.246542292689726]",1158.0836065015662,[],"{""cutoff=6.000_skin=0.000"": 1648, ""cutoff=6.000_skin=0.500"": 2204}",0.0,,
OPT-RF-U256-SOXLEX48-R256-v1,084fa2fcc87265ca9469de27ad5fe18cba50709ffdc020a280a4d4657591cef9,OPT-RF-U256-SOXLEX48-R256-v1:0193,SOXLEX_C1_14_3945_z1_12,9227ba6194aee42a61e4ca0ce6f4b98be97c8921049b752c515d448a46ac8ae5,193,cross_family_test_set,SOXLEX/structures/SOXLEX_C1_14_3945_z1_12.cif,ca12a2d90b53658cca0f88d9376ba8af23354d840aaf77b1ec3314c243696b17,9227ba6194aee42a61e4ca0ce6f4b98be97c8921049b752c515d448a46ac8ae5,0,48,"[""F"", ""C"", ""C"", ""C"", ""Br"", ""C"", ""Cl"", ""C"", ""Br"", ""C"", ""H"", ""H"", ""F"", ""C"", ""C"", ""C"", ""Br"", ""C"", ""Cl"", ""C"", ""Br"", ""C"", ""H"", ""H"", ""F"", ""C"", ""C"", ""C"", ""Br"", ""C"", ""Cl"", ""C"", ""Br"", ""C"", ""H"", ""H"", ""F"", ""C"", ""C"", ""C"", ""Br"", ""C"", ""Cl"", ""C"", ""Br"", ""C"", ""H"", ""H""]",C24H8Br8Cl4F4,"[true, true, true]","[16.075213640642932, 0.0, 0.0, 0.0, 10.133000457228299, 0.0, 5.786432455786063, 0.0, 7.513816837724096]",1223.9267305103906,[],"{""cutoff=6.000_skin=0.000"": 1656, ""cutoff=6.000_skin=0.500"": 2152}",0.0,,
OPT-RF-U256-SOXLEX48-R256-v1,084fa2fcc87265ca9469de27ad5fe18cba50709ffdc020a280a4d4657591cef9,OPT-RF-U256-SOXLEX48-R256-v1:0194,SOXLEX_C1_14_1465_z1_12,a4aa9e6891a5e15daf6c5395497500b2bd05ebe5fcdc54edbb722b034bb06a03,194,cross_family_test_set,SOXLEX/structures/SOXLEX_C1_14_1465_z1_12.cif,2501e4b369b25eb0965a19f61c104bca7f7a3c3afd5c7efeb2fe54990bc0b2dd,a4aa9e6891a5e15daf6c5395497500b2bd05ebe5fcdc54edbb722b034bb06a03,0,48,"[""F"", ""C"", ""C"", ""C"", ""Br"", ""C"", ""Cl"", ""C"", ""Br"", ""C"", ""H"", ""H"", ""F"", ""C"", ""C"", ""C"", ""Br"", ""C"", ""Cl"", ""C"", ""Br"", ""C"", ""H"", ""H"", ""F"", ""C"", ""C"", ""C"", ""Br"", ""C"", ""Cl"", ""C"", ""Br"", ""C"", ""H"", ""H"", ""F"", ""C"", ""C"", ""C"", ""Br"", ""C"", ""Cl"", ""C"", ""Br"", ""C"", ""H"", ""H""]",C24H8Br8Cl4F4,"[true, true, true]","[11.714448741944572, 0.0, 0.0, 0.0, 5.9995801339625245, 0.0, 1.50444005421326, 0.0, 16.525939929501877]",1161.4723744777284,[],"{""cutoff=6.000_skin=0.000"": 1660, ""cutoff=6.000_skin=0.500"": 2168}",0.0,,
OPT-RF-U256-SOXLEX48-R256-v1,084fa2fcc87265ca9469de27ad5fe18cba50709ffdc020a280a4d4657591cef9,OPT-RF-U256-SOXLEX48-R256-v1:0195,SOXLEX_C1_14_4658_z1_12,d8bc9a96fe0d7a0642c3b3a1d4ba8bc2d5b2bb46dde66a737919f660acc84852,195,cross_family_test_set,SOXLEX/structures/SOXLEX_C1_14_4658_z1_12.cif,1905e0303cec98de3bd7967c3b340e56fd5981a29bb9e16362dfa1b944f94ae5,d8bc9a96fe0d7a0642c3b3a1d4ba8bc2d5b2bb46dde66a737919f660acc84852,0,48,"[""F"", ""C"", ""C"", ""C"", ""Br"", ""C"", ""Cl"", ""C"", ""Br"", ""C"", ""H"", ""H"", ""F"", ""C"", ""C"", ""C"", ""Br"", ""C"", ""Cl"", ""C"", ""Br"", ""C"", ""H"", ""H"", ""F"", ""C"", ""C"", ""C"", ""Br"", ""C"", ""Cl"", ""C"", ""Br"", ""C"", ""H"", ""H"", ""F"", ""C"", ""C"", ""C"", ""Br"", ""C"", ""Cl"", ""C"", ""Br"", ""C"", ""H"", ""H""]",C24H8Br8Cl4F4,"[true, true, true]","[9.263524256916028, 0.0, 0.0, 0.0, 11.716255839114464, 0.0, 8.563108888392126, 0.0, 10.84262597179397]",1176.7916173484875,[],"{""cutoff=6.000_skin=0.000"": 1660, ""cutoff=6.000_skin=0.500"": 2076}",0.0,,
OPT-RF-U256-SOXLEX48-R256-v1,084fa2fcc87265ca9469de27ad5fe18cba50709ffdc020a280a4d4657591cef9,OPT-RF-U256-SOXLEX48-R256-v1:0196,SOXLEX_C1_14_3315_z1_12,5860ef6c2ee7ed0d04f22c7965dc584a20b70025c1a84866d4729c7f8e95f35f,196,cross_family_test_set,SOXLEX/structures/SOXLEX_C1_14_3315_z1_12.cif,9955d53564c53bd33e214c9100f757d3f0be61228b78961c8df9978f7a767004,5860ef6c2ee7ed0d04f22c7965dc584a20b70025c1a84866d4729c7f8e95f35f,0,48,"[""F"", ""C"", ""C"", ""C"", ""Br"", ""C"", ""Cl"", ""C"", ""Br"", ""C"", ""H"", ""H"", ""F"", ""C"", ""C"", ""C"", ""Br"", ""C"", ""Cl"", ""C"", ""Br"", ""C"", ""H"", ""H"", ""F"", ""C"", ""C"", ""C"", ""Br"", ""C"", ""Cl"", ""C"", ""Br"", ""C"", ""H"", ""H"", ""F"", ""C"", ""C"", ""C"", ""Br"", ""C"", ""Cl"", ""C"", ""Br"", ""C"", ""H"", ""H""]",C24H8Br8Cl4F4,"[true, true, true]","[15.858289444501231, 0.0, 0.0, 0.0, 9.154456835328205, 0.0, 5.639181583218691, 0.0, 8.82378826193715]",1280.9848683378405,[],"{""cutoff=6.000_skin=0.000"": 1664, ""cutoff=6.000_skin=0.500"": 2128}",0.0,,
OPT-RF-U256-SOXLEX48-R256-v1,084fa2fcc87265ca9469de27ad5fe18cba50709ffdc020a280a4d4657591cef9,OPT-RF-U256-SOXLEX48-R256-v1:0197,SOXLEX_C1_14_1718_z1_12,b26446c5adc11257a3c9e2755836814451529e92bc947c4f539a47929b238f70,197,cross_family_test_set,SOXLEX/structures/SOXLEX_C1_14_1718_z1_12.cif,e818d473af86470d52d9879b4a7450ebb0fa65e0b4ef698a0aa98073292c5446,b26446c5adc11257a3c9e2755836814451529e92bc947c4f539a47929b238f70,0,48,"[""F"", ""C"", ""C"", ""C"", ""Br"", ""C"", ""Cl"", ""C"", ""Br"", ""C"", ""H"", ""H"", ""F"", ""C"", ""C"", ""C"", ""Br"", ""C"", ""Cl"", ""C"", ""Br"", ""C"", ""H"", ""H"", ""F"", ""C"", ""C"", ""C"", ""Br"", ""C"", ""Cl"", ""C"", ""Br"", ""C"", ""H"", ""H"", ""F"", ""C"", ""C"", ""C"", ""Br"", ""C"", ""Cl"", ""C"", ""Br"", ""C"", ""H"", ""H""]",C24H8Br8Cl4F4,"[true, true, true]","[8.267784502546611, 0.0, 0.0, 0.0, 12.599554798374534, 0.0, 3.15944414699979, 0.0, 10.96749253611143]",1142.4881272677965,[],"{""cutoff=6.000_skin=0.000"": 1680, ""cutoff=6.000_skin=0.500"": 2100}",0.0,,
OPT-RF-U256-SOXLEX48-R256-v1,084fa2fcc87265ca9469de27ad5fe18cba50709ffdc020a280a4d4657591cef9,OPT-RF-U256-SOXLEX48-R256-v1:0198,SOXLEX_C1_14_3305_z1_12,3a8ce8862325f4e3aa181dd22ddf32b73aafb7af451a0af2e803d32359cf826a,198,cross_family_test_set,SOXLEX/structures/SOXLEX_C1_14_3305_z1_12.cif,cbba0c9a3f7cd653dd68532947b1ed8d1b6234d325845032c8eb27fd8f692839,3a8ce8862325f4e3aa181dd22ddf32b73aafb7af451a0af2e803d32359cf826a,0,48,"[""F"", ""C"", ""C"", ""C"", ""Br"", ""C"", ""Cl"", ""C"", ""Br"", ""C"", ""H"", ""H"", ""F"", ""C"", ""C"", ""C"", ""Br"", ""C"", ""Cl"", ""C"", ""Br"", ""C"", ""H"", ""H"", ""F"", ""C"", ""C"", ""C"", ""Br"", ""C"", ""Cl"", ""C"", ""Br"", ""C"", ""H"", ""H"", ""F"", ""C"", ""C"", ""C"", ""Br"", ""C"", ""Cl"", ""C"", ""Br"", ""C"", ""H"", ""H""]",C24H8Br8Cl4F4,"[true, true, true]","[9.79283280618182, 0.0, 0.0, 0.0, 9.399357741634825, 0.0, 8.776645107725786, 0.0, 12.848463326939905]",1182.6540090845797,[],"{""cutoff=6.000_skin=0.000"": 1680, ""cutoff=6.000_skin=0.500"": 2200}",0.0,,
OPT-RF-U256-SOXLEX48-R256-v1,084fa2fcc87265ca9469de27ad5fe18cba50709ffdc020a280a4d4657591cef9,OPT-RF-U256-SOXLEX48-R256-v1:0199,SOXLEX_C1_14_2357_z1_12,3d70cf079bd3c87fa5e356c6e03b65492ca5ac91109e3e87a3186299df59f15c,199,cross_family_test_set,SOXLEX/structures/SOXLEX_C1_14_2357_z1_12.cif,90dd9be322a8ed3cd6a30dc1c3ec69c65bfba5384bbf6901f764188e68652033,3d70cf079bd3c87fa5e356c6e03b65492ca5ac91109e3e87a3186299df59f15c,0,48,"[""F"", ""C"", ""C"", ""C"", ""Br"", ""C"", ""Cl"", ""C"", ""Br"", ""C"", ""H"", ""H"", ""F"", ""C"", ""C"", ""C"", ""Br"", ""C"", ""Cl"", ""C"", ""Br"", ""C"", ""H"", ""H"", ""F"", ""C"", ""C"", ""C"", ""Br"", ""C"", ""Cl"", ""C"", ""Br"", ""C"", ""H"", ""H"", ""F"", ""C"", ""C"", ""C"", ""Br"", ""C"", ""Cl"", ""C"", ""Br"", ""C"", ""H"", ""H""]",C24H8Br8Cl4F4,"[true, true, true]","[6.005747275909258, 0.0, 0.0, 0.0, 11.902070442841694, 0.0, 3.876329091543185, 0.0, 14.825683782665672]",1059.7521396977145,[],"{""cutoff=6.000_skin=0.000"": 1684, ""cutoff=6.000_skin=0.500"": 2300}",0.0,,
OPT-RF-U256-SOXLEX48-R256-v1,084fa2fcc87265ca9469de27ad5fe18cba50709ffdc020a280a4d4657591cef9,OPT-RF-U256-SOXLEX48-R256-v1:0200,SOXLEX_C1_14_3034_z1_12,a3a96599d6f1575fbd0906bad18c4fa8a577d6e4d5dee5897a42281fa48bfb2f,200,cross_family_test_set,SOXLEX/structures/SOXLEX_C1_14_3034_z1_12.cif,d548060854433bcbc06c8b496d329ba0b48055dab93646736ac92c54d812163e,a3a96599d6f1575fbd0906bad18c4fa8a577d6e4d5dee5897a42281fa48bfb2f,0,48,"[""F"", ""C"", ""C"", ""C"", ""Br"", ""C"", ""Cl"", ""C"", ""Br"", ""C"", ""H"", ""H"", ""F"", ""C"", ""C"", ""C"", ""Br"", ""C"", ""Cl"", ""C"", ""Br"", ""C"", ""H"", ""H"", ""F"", ""C"", ""C"", ""C"", ""Br"", ""C"", ""Cl"", ""C"", ""Br"", ""C"", ""H"", ""H"", ""F"", ""C"", ""C"", ""C"", ""Br"", ""C"", ""Cl"", ""C"", ""Br"", ""C"", ""H"", ""H""]",C24H8Br8Cl4F4,"[true, true, true]","[7.564347664574598, 0.0, 0.0, 0.0, 22.373273150132434, 0.0, -3.7435215355585862, 0.0, 6.694906162777364]",1133.0406735434801,[],"{""cutoff=6.000_skin=0.000"": 1700, ""cutoff=6.000_skin=0.500"": 2176}",0.0,,
OPT-RF-U256-SOXLEX48-R256-v1,084fa2fcc87265ca9469de27ad5fe18cba50709ffdc020a280a4d4657591cef9,OPT-RF-U256-SOXLEX48-R256-v1:0201,SOXLEX_C1_14_1199_z1_12,d7054d4e7ac0598bf73a06861d3828585afdbd99cda3df8b3a37fd23fc575e24,201,cross_family_test_set,SOXLEX/structures/SOXLEX_C1_14_1199_z1_12.cif,3d2be4f7206b1398f1521defb0a3851df5d9fdb0dc90821b668a87f9fbcda096,d7054d4e7ac0598bf73a06861d3828585afdbd99cda3df8b3a37fd23fc575e24,0,48,"[""F"", ""C"", ""C"", ""C"", ""Br"", ""C"", ""Cl"", ""C"", ""Br"", ""C"", ""H"", ""H"", ""F"", ""C"", ""C"", ""C"", ""Br"", ""C"", ""Cl"", ""C"", ""Br"", ""C"", ""H"", ""H"", ""F"", ""C"", ""C"", ""C"", ""Br"", ""C"", ""Cl"", ""C"", ""Br"", ""C"", ""H"", ""H"", ""F"", ""C"", ""C"", ""C"", ""Br"", ""C"", ""Cl"", ""C"", ""Br"", ""C"", ""H"", ""H""]",C24H8Br8Cl4F4,"[true, true, true]","[8.203400151616322, 0.0, 0.0, 0.0, 12.732034001518159, 0.0, 4.881721130506943, 0.0, 11.485148895362627]",1199.577513047691,[],"{""cutoff=6.000_skin=0.000"": 1704, ""cutoff=6.000_skin=0.500"": 1996}",0.0,,
OPT-RF-U256-SOXLEX48-R256-v1,084fa2fcc87265ca9469de27ad5fe18cba50709ffdc020a280a4d4657591cef9,OPT-RF-U256-SOXLEX48-R256-v1:0202,SOXLEX_C1_14_3060_z1_12,8ae41516f261cc6c02894a0d1493db2dc1383801bcafd464b7770706bfcefc30,202,cross_family_test_set,SOXLEX/structures/SOXLEX_C1_14_3060_z1_12.cif,5eb1e2efafcc8fd34f0c44cb19280ea70e0dffa231e33bb8bd456d03de69f979,8ae41516f261cc6c02894a0d1493db2dc1383801bcafd464b7770706bfcefc30,0,48,"[""F"", ""C"", ""C"", ""C"", ""Br"", ""C"", ""Cl"", ""C"", ""Br"", ""C"", ""H"", ""H"", ""F"", ""C"", ""C"", ""C"", ""Br"", ""C"", ""Cl"", ""C"", ""Br"", ""C"", ""H"", ""H"", ""F"", ""C"", ""C"", ""C"", ""Br"", ""C"", ""Cl"", ""C"", ""Br"", ""C"", ""H"", ""H"", ""F"", ""C"", ""C"", ""C"", ""Br"", ""C"", ""Cl"", ""C"", ""Br"", ""C"", ""H"", ""H""]",C24H8Br8Cl4F4,"[true, true, true]","[8.503089492985254, 0.0, 0.0, 0.0, 9.405406515559768, 0.0, -0.7125841102471832, 0.0, 15.121308732292675]",1209.3268672765746,[],"{""cutoff=6.000_skin=0.000"": 1704, ""cutoff=6.000_skin=0.500"": 2172}",0.0,,
OPT-RF-U256-SOXLEX48-R256-v1,084fa2fcc87265ca9469de27ad5fe18cba50709ffdc020a280a4d4657591cef9,OPT-RF-U256-SOXLEX48-R256-v1:0203,SOXLEX_C1_14_3537_z1_12,9b9012ab2a2c14e2edd42f8400a841098980486f079d00541ab20dca113d0a20,203,cross_family_test_set,SOXLEX/structures/SOXLEX_C1_14_3537_z1_12.cif,1732d8138a9d21cd6671017abac0cc2962d651d095b01fb69e8dc9994176a938,9b9012ab2a2c14e2edd42f8400a841098980486f079d00541ab20dca113d0a20,0,48,"[""F"", ""C"", ""C"", ""C"", ""Br"", ""C"", ""Cl"", ""C"", ""Br"", ""C"", ""H"", ""H"", ""F"", ""C"", ""C"", ""C"", ""Br"", ""C"", ""Cl"", ""C"", ""Br"", ""C"", ""H"", ""H"", ""F"", ""C"", ""C"", ""C"", ""Br"", ""C"", ""Cl"", ""C"", ""Br"", ""C"", ""H"", ""H"", ""F"", ""C"", ""C"", ""C"", ""Br"", ""C"", ""Cl"", ""C"", ""Br"", ""C"", ""H"", ""H""]",C24H8Br8Cl4F4,"[true, true, true]","[8.823584137760776, 0.0, 0.0, 0.0, 33.89732102054312, 0.0, -2.65399221309364, 0.0, 3.927081354853193]",1174.5737911008396,[],"{""cutoff=6.000_skin=0.000"": 1708, ""cutoff=6.000_skin=0.500"": 2092}",0.0,,
OPT-RF-U256-SOXLEX48-R256-v1,084fa2fcc87265ca9469de27ad5fe18cba50709ffdc020a280a4d4657591cef9,OPT-RF-U256-SOXLEX48-R256-v1:0204,SOXLEX_C1_14_4471_z1_12,9951a8eb136296449fdc6bc8ba954cf472d56f1891f4839a9e02a8d6d90fc8e5,204,cross_family_test_set,SOXLEX/structures/SOXLEX_C1_14_4471_z1_12.cif,6aab64f3fdb16079021aa0c91702f6386c4ac666712d3a6cc8cc1432847d1070,9951a8eb136296449fdc6bc8ba954cf472d56f1891f4839a9e02a8d6d90fc8e5,0,48,"[""F"", ""C"", ""C"", ""C"", ""Br"", ""C"", ""Cl"", ""C"", ""Br"", ""C"", ""H"", ""H"", ""F"", ""C"", ""C"", ""C"", ""Br"", ""C"", ""Cl"", ""C"", ""Br"", ""C"", ""H"", ""H"", ""F"", ""C"", ""C"", ""C"", ""Br"", ""C"", ""Cl"", ""C"", ""Br"", ""C"", ""H"", ""H"", ""F"", ""C"", ""C"", ""C"", ""Br"", ""C"", ""Cl"", ""C"", ""Br"", ""C"", ""H"", ""H""]",C24H8Br8Cl4F4,"[true, true, true]","[13.3629121226396, 0.0, 0.0, 0.0, 10.422525443038275, 0.0, -3.107943084461353, 0.0, 8.206412375145595]",1142.9504764668204,[],"{""cutoff=6.000_skin=0.000"": 1716, ""cutoff=6.000_skin=0.500"": 2184}",0.0,,
OPT-RF-U256-SOXLEX48-R256-v1,084fa2fcc87265ca9469de27ad5fe18cba50709ffdc020a280a4d4657591cef9,OPT-RF-U256-SOXLEX48-R256-v1:0205,SOXLEX_C1_14_4233_z1_12,a8b2656723e257e18b77f36a9d6301c4356b3222346d66091e3768ab1cbd6163,205,cross_family_test_set,SOXLEX/structures/SOXLEX_C1_14_4233_z1_12.cif,0937e8c7f584cd5b362ae0812b93c15e10712b55f44a4cece161f263f8f7adeb,a8b2656723e257e18b77f36a9d6301c4356b3222346d66091e3768ab1cbd6163,0,48,"[""F"", ""C"", ""C"", ""C"", ""Br"", ""C"", ""Cl"", ""C"", ""Br"", ""C"", ""H"", ""H"", ""F"", ""C"", ""C"", ""C"", ""Br"", ""C"", ""Cl"", ""C"", ""Br"", ""C"", ""H"", ""H"", ""F"", ""C"", ""C"", ""C"", ""Br"", ""C"", ""Cl"", ""C"", ""Br"", ""C"", ""H"", ""H"", ""F"", ""C"", ""C"", ""C"", ""Br"", ""C"", ""Cl"", ""C"", ""Br"", ""C"", ""H"", ""H""]",C24H8Br8Cl4F4,"[true, true, true]","[8.1091401634161, 0.0, 0.0, 0.0, 12.061819359423431, 0.0, -8.28343474466714, 0.0, 11.287943961917613]",1104.0849041227793,[],"{""cutoff=6.000_skin=0.000"": 1720, ""cutoff=6.000_skin=0.500"": 2312}",0.0,,
OPT-RF-U256-SOXLEX48-R256-v1,084fa2fcc87265ca9469de27ad5fe18cba50709ffdc020a280a4d4657591cef9,OPT-RF-U256-SOXLEX48-R256-v1:0206,SOXLEX_C1_14_3396_z1_12,1b1f843bad2ec28f798367296bd107564d143e260d7a464a47216ca6e86ff229,206,cross_family_test_set,SOXLEX/structures/SOXLEX_C1_14_3396_z1_12.cif,eb58a617e822cd11be561c65840d2a414ce7ca47bfc51c19fee69acf9c4ab7de,1b1f843bad2ec28f798367296bd107564d143e260d7a464a47216ca6e86ff229,0,48,"[""F"", ""C"", ""C"", ""C"", ""Br"", ""C"", ""Cl"", ""C"", ""Br"", ""C"", ""H"", ""H"", ""F"", ""C"", ""C"", ""C"", ""Br"", ""C"", ""Cl"", ""C"", ""Br"", ""C"", ""H"", ""H"", ""F"", ""C"", ""C"", ""C"", ""Br"", ""C"", ""Cl"", ""C"", ""Br"", ""C"", ""H"", ""H"", ""F"", ""C"", ""C"", ""C"", ""Br"", ""C"", ""Cl"", ""C"", ""Br"", ""C"", ""H"", ""H""]",C24H8Br8Cl4F4,"[true, true, true]","[8.577792988405047, 0.0, 0.0, 0.0, 7.866617713550966, 0.0, 1.6390245458502468, 0.0, 15.48247012188002]",1044.7294981773348,[],"{""cutoff=6.000_skin=0.000"": 1728, ""cutoff=6.000_skin=0.500"": 2264}",0.0,,
OPT-RF-U256-SOXLEX48-R256-v1,084fa2fcc87265ca9469de27ad5fe18cba50709ffdc020a280a4d4657591cef9,OPT-RF-U256-SOXLEX48-R256-v1:0207,SOXLEX_C1_14_1183_z1_12,8c0daf13fc3c0dec1128b878b65856b0827fd1e4f284ad3d5adfd871e7410fbb,207,cross_family_test_set,SOXLEX/structures/SOXLEX_C1_14_1183_z1_12.cif,b9da8aa844e0e6c20ad225435cf782cd6407fa1f0bc1e40e6713f6cf0039f61a,8c0daf13fc3c0dec1128b878b65856b0827fd1e4f284ad3d5adfd871e7410fbb,0,48,"[""F"", ""C"", ""C"", ""C"", ""Br"", ""C"", ""Cl"", ""C"", ""Br"", ""C"", ""H"", ""H"", ""F"", ""C"", ""C"", ""C"", ""Br"", ""C"", ""Cl"", ""C"", ""Br"", ""C"", ""H"", ""H"", ""F"", ""C"", ""C"", ""C"", ""Br"", ""C"", ""Cl"", ""C"", ""Br"", ""C"", ""H"", ""H"", ""F"", ""C"", ""C"", ""C"", ""Br"", ""C"", ""Cl"", ""C"", ""Br"", ""C"", ""H"", ""H""]",C24H8Br8Cl4F4,"[true, true, true]","[4.66488209674246, 0.0, 0.0, 0.0, 16.063924023555145, 0.0, 4.169591331860809, 0.0, 15.166749203580595]",1136.540243989087,[],"{""cutoff=6.000_skin=0.000"": 1732, ""cutoff=6.000_skin=0.500"": 2172}",0.0,,
OPT-RF-U256-SOXLEX48-R256-v1,084fa2fcc87265ca9469de27ad5fe18cba50709ffdc020a280a4d4657591cef9,OPT-RF-U256-SOXLEX48-R256-v1:0208,SOXLEX_C1_14_4634_z1_12,c7eb6c466f396727ebe8060fd359195b423e289cc015f026da58e05a859e50f3,208,cross_family_test_set,SOXLEX/structures/SOXLEX_C1_14_4634_z1_12.cif,ee6bc03b0cb839eaf4d70a173a62aa434a277f75cef8a76c82ae469bf6f42122,c7eb6c466f396727ebe8060fd359195b423e289cc015f026da58e05a859e50f3,0,48,"[""F"", ""C"", ""C"", ""C"", ""Br"", ""C"", ""Cl"", ""C"", ""Br"", ""C"", ""H"", ""H"", ""F"", ""C"", ""C"", ""C"", ""Br"", ""C"", ""Cl"", ""C"", ""Br"", ""C"", ""H"", ""H"", ""F"", ""C"", ""C"", ""C"", ""Br"", ""C"", ""Cl"", ""C"", ""Br"", ""C"", ""H"", ""H"", ""F"", ""C"", ""C"", ""C"", ""Br"", ""C"", ""Cl"", ""C"", ""Br"", ""C"", ""H"", ""H""]",C24H8Br8Cl4F4,"[true, true, true]","[12.317824598513361, 0.0, 0.0, 0.0, 12.15445018696698, 0.0, -3.337141564802418, 0.0, 8.73340056015192]",1307.5331649409507,[],"{""cutoff=6.000_skin=0.000"": 1732, ""cutoff=6.000_skin=0.500"": 2100}",0.0,,
OPT-RF-U256-SOXLEX48-R256-v1,084fa2fcc87265ca9469de27ad5fe18cba50709ffdc020a280a4d4657591cef9,OPT-RF-U256-SOXLEX48-R256-v1:0209,SOXLEX_C1_14_631_z1_12,a5ae56387682c2e71fe9026efc4e3ba2e9b06e163a391dcb561736693c91d1c6,209,cross_family_test_set,SOXLEX/structures/SOXLEX_C1_14_631_z1_12.cif,be1cd056075d1336012f36255577b7090b94862189c6e2e545498d066ab91342,a5ae56387682c2e71fe9026efc4e3ba2e9b06e163a391dcb561736693c91d1c6,0,48,"[""F"", ""C"", ""C"", ""C"", ""Br"", ""C"", ""Cl"", ""C"", ""Br"", ""C"", ""H"", ""H"", ""F"", ""C"", ""C"", ""C"", ""Br"", ""C"", ""Cl"", ""C"", ""Br"", ""C"", ""H"", ""H"", ""F"", ""C"", ""C"", ""C"", ""Br"", ""C"", ""Cl"", ""C"", ""Br"", ""C"", ""H"", ""H"", ""F"", ""C"", ""C"", ""C"", ""Br"", ""C"", ""Cl"", ""C"", ""Br"", ""C"", ""H"", ""H""]",C24H8Br8Cl4F4,"[true, true, true]","[7.0490525620784865, 0.0, 0.0, 0.0, 12.770738512052212, 0.0, 3.972746374329366, 0.0, 12.115266983474864]",1090.635803425872,[],"{""cutoff=6.000_skin=0.000"": 1736, ""cutoff=6.000_skin=0.500"": 2200}",0.0,,
OPT-RF-U256-SOXLEX48-R256-v1,084fa2fcc87265ca9469de27ad5fe18cba50709ffdc020a280a4d4657591cef9,OPT-RF-U256-SOXLEX48-R256-v1:0210,SOXLEX_C1_14_3402_z1_12,4cb13786354b9ace1fdaaea79148139672204a3892dfedf98c3e24f6eb4d2044,210,cross_family_test_set,SOXLEX/structures/SOXLEX_C1_14_3402_z1_12.cif,58ed872a4da1ea13e527dc46d00b7f209f32ab487667eb813ce24cf97a9a7b3c,4cb13786354b9ace1fdaaea79148139672204a3892dfedf98c3e24f6eb4d2044,0,48,"[""F"", ""C"", ""C"", ""C"", ""Br"", ""C"", ""Cl"", ""C"", ""Br"", ""C"", ""H"", ""H"", ""F"", ""C"", ""C"", ""C"", ""Br"", ""C"", ""Cl"", ""C"", ""Br"", ""C"", ""H"", ""H"", ""F"", ""C"", ""C"", ""C"", ""Br"", ""C"", ""Cl"", ""C"", ""Br"", ""C"", ""H"", ""H"", ""F"", ""C"", ""C"", ""C"", ""Br"", ""C"", ""Cl"", ""C"", ""Br"", ""C"", ""H"", ""H""]",C24H8Br8Cl4F4,"[true, true, true]","[5.608350832930004, 0.0, 0.0, 0.0, 14.632645870292919, 0.0, 3.5351337033868626, 0.0, 13.931132282151008]",1143.2585330968745,[],"{""cutoff=6.000_skin=0.000"": 1744, ""cutoff=6.000_skin=0.500"": 2152}",0.0,,
OPT-RF-U256-SOXLEX48-R256-v1,084fa2fcc87265ca9469de27ad5fe18cba50709ffdc020a280a4d4657591cef9,OPT-RF-U256-SOXLEX48-R256-v1:0211,SOXLEX_C1_14_847_z1_12,dec32fdc983faad7252ee8c886e3d7673df217a176cffc3dc2d57f9ebeb55aa2,211,cross_family_test_set,SOXLEX/structures/SOXLEX_C1_14_847_z1_12.cif,a7fc70fb24bff4cedbd2c0e931d44967869df3bb0460175a06f126c91ced323f,dec32fdc983faad7252ee8c886e3d7673df217a176cffc3dc2d57f9ebeb55aa2,0,48,"[""F"", ""C"", ""C"", ""C"", ""Br"", ""C"", ""Cl"", ""C"", ""Br"", ""C"", ""H"", ""H"", ""F"", ""C"", ""C"", ""C"", ""Br"", ""C"", ""Cl"", ""C"", ""Br"", ""C"", ""H"", ""H"", ""F"", ""C"", ""C"", ""C"", ""Br"", ""C"", ""Cl"", ""C"", ""Br"", ""C"", ""H"", ""H"", ""F"", ""C"", ""C"", ""C"", ""Br"", ""C"", ""Cl"", ""C"", ""Br"", ""C"", ""H"", ""H""]",C24H8Br8Cl4F4,"[true, true, true]","[9.185135243755589, 0.0, 0.0, 0.0, 9.801112716165946, 0.0, 3.8523115647435477, 0.0, 12.042327057063364]",1084.1050241360808,[],"{""cutoff=6.000_skin=0.000"": 1752, ""cutoff=6.000_skin=0.500"": 2212}",0.0,,
OPT-RF-U256-SOXLEX48-R256-v1,084fa2fcc87265ca9469de27ad5fe18cba50709ffdc020a280a4d4657591cef9,OPT-RF-U256-SOXLEX48-R256-v1:0212,SOXLEX_C1_14_4551_z1_12,c03253270a60271781522022f2a0cf29cf80573665a3a665e5a33e150508963d,212,cross_family_test_set,SOXLEX/structures/SOXLEX_C1_14_4551_z1_12.cif,d87393d8176bac0402b85548b3f8b34c35e741ab8b08d240d349457a2ca4c1fc,c03253270a60271781522022f2a0cf29cf80573665a3a665e5a33e150508963d,0,48,"[""F"", ""C"", ""C"", ""C"", ""Br"", ""C"", ""Cl"", ""C"", ""Br"", ""C"", ""H"", ""H"", ""F"", ""C"", ""C"", ""C"", ""Br"", ""C"", ""Cl"", ""C"", ""Br"", ""C"", ""H"", ""H"", ""F"", ""C"", ""C"", ""C"", ""Br"", ""C"", ""Cl"", ""C"", ""Br"", ""C"", ""H"", ""H"", ""F"", ""C"", ""C"", ""C"", ""Br"", ""C"", ""Cl"", ""C"", ""Br"", ""C"", ""H"", ""H""]",C24H8Br8Cl4F4,"[true, true, true]","[12.401847600331976, 0.0, 0.0, 0.0, 9.831118641853365, 0.0, 3.8025422102873994, 0.0, 9.426286545159606]",1149.290891943924,[],"{""cutoff=6.000_skin=0.000"": 1760, ""cutoff=6.000_skin=0.500"": 2256}",0.0,,
OPT-RF-U256-SOXLEX48-R256-v1,084fa2fcc87265ca9469de27ad5fe18cba50709ffdc020a280a4d4657591cef9,OPT-RF-U256-SOXLEX48-R256-v1:0213,SOXLEX_C1_14_3191_z1_12,9ef3f8e252bcb05060f99c2b2aaf6ee88a293e0f6fc81ea8246a0a4266036983,213,cross_family_test_set,SOXLEX/structures/SOXLEX_C1_14_3191_z1_12.cif,14826bbb568f24a268058ad0e4a29fcdbadf51eeb944321d8561cd23bd9bd586,9ef3f8e252bcb05060f99c2b2aaf6ee88a293e0f6fc81ea8246a0a4266036983,0,48,"[""F"", ""C"", ""C"", ""C"", ""Br"", ""C"", ""Cl"", ""C"", ""Br"", ""C"", ""H"", ""H"", ""F"", ""C"", ""C"", ""C"", ""Br"", ""C"", ""Cl"", ""C"", ""Br"", ""C"", ""H"", ""H"", ""F"", ""C"", ""C"", ""C"", ""Br"", ""C"", ""Cl"", ""C"", ""Br"", ""C"", ""H"", ""H"", ""F"", ""C"", ""C"", ""C"", ""Br"", ""C"", ""Cl"", ""C"", ""Br"", ""C"", ""H"", ""H""]",C24H8Br8Cl4F4,"[true, true, true]","[4.650935167306621, 0.0, 0.0, 0.0, 26.62311424907729, 0.0, 0.27405802292692716, 0.0, 8.853334813611742]",1096.2409727223355,[],"{""cutoff=6.000_skin=0.000"": 1796, ""cutoff=6.000_skin=0.500"": 2220}",0.0,,
OPT-RF-U256-SOXLEX48-R256-v1,084fa2fcc87265ca9469de27ad5fe18cba50709ffdc020a280a4d4657591cef9,OPT-RF-U256-SOXLEX48-R256-v1:0214,SOXLEX_C1_14_3917_z1_12,c2d9f84cf8ab2116887f405a7c03ade1249f516cc3830732536ffd8eeed2b90a,214,cross_family_test_set,SOXLEX/structures/SOXLEX_C1_14_3917_z1_12.cif,a7f7a9d9195527fae5f964a7d0400acc9b9e7ffa192d8ba4280f6e1c85a14c86,c2d9f84cf8ab2116887f405a7c03ade1249f516cc3830732536ffd8eeed2b90a,0,48,"[""F"", ""C"", ""C"", ""C"", ""Br"", ""C"", ""Cl"", ""C"", ""Br"", ""C"", ""H"", ""H"", ""F"", ""C"", ""C"", ""C"", ""Br"", ""C"", ""Cl"", ""C"", ""Br"", ""C"", ""H"", ""H"", ""F"", ""C"", ""C"", ""C"", ""Br"", ""C"", ""Cl"", ""C"", ""Br"", ""C"", ""H"", ""H"", ""F"", ""C"", ""C"", ""C"", ""Br"", ""C"", ""Cl"", ""C"", ""Br"", ""C"", ""H"", ""H""]",C24H8Br8Cl4F4,"[true, true, true]","[4.9425219756914345, 0.0, 0.0, 0.0, 16.75196915767583, 0.0, 0.12801569381836275, 0.0, 16.908004602866455]",1399.9316462038175,[],"{""cutoff=6.000_skin=0.000"": 1796, ""cutoff=6.000_skin=0.500"": 2024}",0.0,,
OPT-RF-U256-SOXLEX48-R256-v1,084fa2fcc87265ca9469de27ad5fe18cba50709ffdc020a280a4d4657591cef9,OPT-RF-U256-SOXLEX48-R256-v1:0215,SOXLEX_C1_14_3384_z1_12,5d619cef6f7e717366b29230f56fc59d07464cef328fe2c4c1cd5875885f785d,215,cross_family_test_set,SOXLEX/structures/SOXLEX_C1_14_3384_z1_12.cif,361e7cf89b7612977a80186b87059b73020f15dca0815ea446be77295d0688fe,5d619cef6f7e717366b29230f56fc59d07464cef328fe2c4c1cd5875885f785d,0,48,"[""F"", ""C"", ""C"", ""C"", ""Br"", ""C"", ""Cl"", ""C"", ""Br"", ""C"", ""H"", ""H"", ""F"", ""C"", ""C"", ""C"", ""Br"", ""C"", ""Cl"", ""C"", ""Br"", ""C"", ""H"", ""H"", ""F"", ""C"", ""C"", ""C"", ""Br"", ""C"", ""Cl"", ""C"", ""Br"", ""C"", ""H"", ""H"", ""F"", ""C"", ""C"", ""C"", ""Br"", ""C"", ""Cl"", ""C"", ""Br"", ""C"", ""H"", ""H""]",C24H8Br8Cl4F4,"[true, true, true]","[14.72505787017242, 0.0, 0.0, 0.0, 10.322169793033371, 0.0, -1.6447064586901714, 0.0, 7.6078176135358895]",1156.3467959983254,[],"{""cutoff=6.000_skin=0.000"": 1804, ""cutoff=6.000_skin=0.500"": 2276}",0.0,,
OPT-RF-U256-SOXLEX48-R256-v1,084fa2fcc87265ca9469de27ad5fe18cba50709ffdc020a280a4d4657591cef9,OPT-RF-U256-SOXLEX48-R256-v1:0216,SOXLEX_C1_14_3683_z1_12,e9bc24bc9292e7b60346f41e8e4e88d6052a969e175153c0f4e2005cbb940428,216,cross_family_test_set,SOXLEX/structures/SOXLEX_C1_14_3683_z1_12.cif,c304f463f9a9642facee46eaa09494f2b8ad4e227b3ccd62f0efea31241601c4,e9bc24bc9292e7b60346f41e8e4e88d6052a969e175153c0f4e2005cbb940428,0,48,"[""F"", ""C"", ""C"", ""C"", ""Br"", ""C"", ""Cl"", ""C"", ""Br"", ""C"", ""H"", ""H"", ""F"", ""C"", ""C"", ""C"", ""Br"", ""C"", ""Cl"", ""C"", ""Br"", ""C"", ""H"", ""H"", ""F"", ""C"", ""C"", ""C"", ""Br"", ""C"", ""Cl"", ""C"", ""Br"", ""C"", ""H"", ""H"", ""F"", ""C"", ""C"", ""C"", ""Br"", ""C"", ""Cl"", ""C"", ""Br"", ""C"", ""H"", ""H""]",C24H8Br8Cl4F4,"[true, true, true]","[5.383500175467027, 0.0, 0.0, 0.0, 14.59083717466531, 0.0, -0.16008782446256084, 0.0, 15.06864200414052]",1183.6384312961038,[],"{""cutoff=6.000_skin=0.000"": 1828, ""cutoff=6.000_skin=0.500"": 2356}",0.0,,
OPT-RF-U256-SOXLEX48-R256-v1,084fa2fcc87265ca9469de27ad5fe18cba50709ffdc020a280a4d4657591cef9,OPT-RF-U256-SOXLEX48-R256-v1:0217,SOXLEX_C1_14_1000_z1_12,bfb0d6f32997f2b6e0e32b674935ffc24bdf94e3f59bb280bc12a1ebd10b82e3,217,cross_family_test_set,SOXLEX/structures/SOXLEX_C1_14_1000_z1_12.cif,5439defed6b3ef09b4a64a2e76705c19b368368a44dee4331549ff509a0143ad,bfb0d6f32997f2b6e0e32b674935ffc24bdf94e3f59bb280bc12a1ebd10b82e3,0,48,"[""F"", ""C"", ""C"", ""C"", ""Br"", ""C"", ""Cl"", ""C"", ""Br"", ""C"", ""H"", ""H"", ""F"", ""C"", ""C"", ""C"", ""Br"", ""C"", ""Cl"", ""C"", ""Br"", ""C"", ""H"", ""H"", ""F"", ""C"", ""C"", ""C"", ""Br"", ""C"", ""Cl"", ""C"", ""Br"", ""C"", ""H"", ""H"", ""F"", ""C"", ""C"", ""C"", ""Br"", ""C"", ""Cl"", ""C"", ""Br"", ""C"", ""H"", ""H""]",C24H8Br8Cl4F4,"[true, true, true]","[8.492607908661014, 0.0, 0.0, 0.0, 15.63242125398974, 0.0, -1.2566110700765984, 0.0, 8.442279932090178]",1120.797289549279,[],"{""cutoff=6.000_skin=0.000"": 1836, ""cutoff=6.000_skin=0.500"": 2284}",0.0,,
OPT-RF-U256-SOXLEX48-R256-v1,084fa2fcc87265ca9469de27ad5fe18cba50709ffdc020a280a4d4657591cef9,OPT-RF-U256-SOXLEX48-R256-v1:0218,SOXLEX_C1_14_4655_z1_12,83cef7b78a83dc2b9e1e2c95ffdb7ce2cb9cc5a62c7fc35d1f8b7583cdd62a68,218,cross_family_test_set,SOXLEX/structures/SOXLEX_C1_14_4655_z1_12.cif,9b8339fc26a9480e7daa4b7f3564e80119165c48111f1a191cec4c2868d99e8b,83cef7b78a83dc2b9e1e2c95ffdb7ce2cb9cc5a62c7fc35d1f8b7583cdd62a68,0,48,"[""F"", ""C"", ""C"", ""C"", ""Br"", ""C"", ""Cl"", ""C"", ""Br"", ""C"", ""H"", ""H"", ""F"", ""C"", ""C"", ""C"", ""Br"", ""C"", ""Cl"", ""C"", ""Br"", ""C"", ""H"", ""H"", ""F"", ""C"", ""C"", ""C"", ""Br"", ""C"", ""Cl"", ""C"", ""Br"", ""C"", ""H"", ""H"", ""F"", ""C"", ""C"", ""C"", ""Br"", ""C"", ""Cl"", ""C"", ""Br"", ""C"", ""H"", ""H""]",C24H8Br8Cl4F4,"[true, true, true]","[7.4145642083977705, 0.0, 0.0, 0.0, 8.405924787003814, 0.0, 0.24845725867516616, 0.0, 16.352313939159078]",1019.1787183943325,[],"{""cutoff=6.000_skin=0.000"": 1840, ""cutoff=6.000_skin=0.500"": 2480}",0.0,,
OPT-RF-U256-SOXLEX48-R256-v1,084fa2fcc87265ca9469de27ad5fe18cba50709ffdc020a280a4d4657591cef9,OPT-RF-U256-SOXLEX48-R256-v1:0219,SOXLEX_C1_14_2497_z1_12,e4b693a68f63ee1339239719402cdaee7279875cd294bae64cff17a7e1addda4,219,cross_family_test_set,SOXLEX/structures/SOXLEX_C1_14_2497_z1_12.cif,4f6d31a203ab8bb520aded9d193abd4412a5f4d2df2edf11f818e8d9ebc39cae,e4b693a68f63ee1339239719402cdaee7279875cd294bae64cff17a7e1addda4,0,48,"[""F"", ""C"", ""C"", ""C"", ""Br"", ""C"", ""Cl"", ""C"", ""Br"", ""C"", ""H"", ""H"", ""F"", ""C"", ""C"", ""C"", ""Br"", ""C"", ""Cl"", ""C"", ""Br"", ""C"", ""H"", ""H"", ""F"", ""C"", ""C"", ""C"", ""Br"", ""C"", ""Cl"", ""C"", ""Br"", ""C"", ""H"", ""H"", ""F"", ""C"", ""C"", ""C"", ""Br"", ""C"", ""Cl"", ""C"", ""Br"", ""C"", ""H"", ""H""]",C24H8Br8Cl4F4,"[true, true, true]","[11.303704463624982, 0.0, 0.0, 0.0, 13.8989454715249, 0.0, -6.575460846662917, 0.0, 6.875690567525183]",1080.23680203562,[],"{""cutoff=6.000_skin=0.000"": 1848, ""cutoff=6.000_skin=0.500"": 2248}",0.0,,
OPT-RF-U256-SOXLEX48-R256-v1,084fa2fcc87265ca9469de27ad5fe18cba50709ffdc020a280a4d4657591cef9,OPT-RF-U256-SOXLEX48-R256-v1:0220,SOXLEX_C1_14_830_z1_12,fc6c2e0d4bc6d8a3bcd622f5732d6697ad12159fa3853ed4470c994c7aedb2be,220,cross_family_test_set,SOXLEX/structures/SOXLEX_C1_14_830_z1_12.cif,cb7bdb5372dc8b2d90cf11396a826ba48550367e5593ae9dddd6290070cf12da,fc6c2e0d4bc6d8a3bcd622f5732d6697ad12159fa3853ed4470c994c7aedb2be,0,48,"[""F"", ""C"", ""C"", ""C"", ""Br"", ""C"", ""Cl"", ""C"", ""Br"", ""C"", ""H"", ""H"", ""F"", ""C"", ""C"", ""C"", ""Br"", ""C"", ""Cl"", ""C"", ""Br"", ""C"", ""H"", ""H"", ""F"", ""C"", ""C"", ""C"", ""Br"", ""C"", ""Cl"", ""C"", ""Br"", ""C"", ""H"", ""H"", ""F"", ""C"", ""C"", ""C"", ""Br"", ""C"", ""Cl"", ""C"", ""Br"", ""C"", ""H"", ""H""]",C24H8Br8Cl4F4,"[true, true, true]","[14.850475399126271, 0.0, 0.0, 0.0, 9.302750214843872, 0.0, 2.2282831020018508, 0.0, 8.329879215937021]",1150.775006187172,[],"{""cutoff=6.000_skin=0.000"": 1852, ""cutoff=6.000_skin=0.500"": 2428}",0.0,,
OPT-RF-U256-SOXLEX48-R256-v1,084fa2fcc87265ca9469de27ad5fe18cba50709ffdc020a280a4d4657591cef9,OPT-RF-U256-SOXLEX48-R256-v1:0221,SOXLEX_C1_14_2328_z1_12,0fcde09efb0c054a61ad8bfe1b106fd9f794a182a4f3cb8ad6643168709fa4f8,221,cross_family_test_set,SOXLEX/structures/SOXLEX_C1_14_2328_z1_12.cif,87588e14d4d1bb1123eb1b6e7f3bcc705c146c20916095c88bf4b0e556c807bb,0fcde09efb0c054a61ad8bfe1b106fd9f794a182a4f3cb8ad6643168709fa4f8,0,48,"[""F"", ""C"", ""C"", ""C"", ""Br"", ""C"", ""Cl"", ""C"", ""Br"", ""C"", ""H"", ""H"", ""F"", ""C"", ""C"", ""C"", ""Br"", ""C"", ""Cl"", ""C"", ""Br"", ""C"", ""H"", ""H"", ""F"", ""C"", ""C"", ""C"", ""Br"", ""C"", ""Cl"", ""C"", ""Br"", ""C"", ""H"", ""H"", ""F"", ""C"", ""C"", ""C"", ""Br"", ""C"", ""Cl"", ""C"", ""Br"", ""C"", ""H"", ""H""]",C24H8Br8Cl4F4,"[true, true, true]","[10.053906089799625, 0.0, 0.0, 0.0, 9.638466082345293, 0.0, -0.7044306449037002, 0.0, 11.101012763275689]",1075.7351255902465,[],"{""cutoff=6.000_skin=0.000"": 1856, ""cutoff=6.000_skin=0.500"": 2328}",0.0,,
OPT-RF-U256-SOXLEX48-R256-v1,084fa2fcc87265ca9469de27ad5fe18cba50709ffdc020a280a4d4657591cef9,OPT-RF-U256-SOXLEX48-R256-v1:0222,SOXLEX_C1_14_476_z1_12,146a11916a8769a3c6fb6b5590b1e484f5dccd8d9bd4020f66bc021deedd99cf,222,cross_family_test_set,SOXLEX/structures/SOXLEX_C1_14_476_z1_12.cif,8677e2135d69da63b7ed25a73f65dedac92639d979d319d3d26d0cd460eacfd0,146a11916a8769a3c6fb6b5590b1e484f5dccd8d9bd4020f66bc021deedd99cf,0,48,"[""F"", ""C"", ""C"", ""C"", ""Br"", ""C"", ""Cl"", ""C"", ""Br"", ""C"", ""H"", ""H"", ""F"", ""C"", ""C"", ""C"", ""Br"", ""C"", ""Cl"", ""C"", ""Br"", ""C"", ""H"", ""H"", ""F"", ""C"", ""C"", ""C"", ""Br"", ""C"", ""Cl"", ""C"", ""Br"", ""C"", ""H"", ""H"", ""F"", ""C"", ""C"", ""C"", ""Br"", ""C"", ""Cl"", ""C"", ""Br"", ""C"", ""H"", ""H""]",C24H8Br8Cl4F4,"[true, true, true]","[12.913599184753679, 0.0, 0.0, 0.0, 13.123507081445204, 0.0, -4.0320236212536225, 0.0, 6.35508562544195]",1077.0072303520176,[],"{""cutoff=6.000_skin=0.000"": 1860, ""cutoff=6.000_skin=0.500"": 2332}",0.0,,
OPT-RF-U256-SOXLEX48-R256-v1,084fa2fcc87265ca9469de27ad5fe18cba50709ffdc020a280a4d4657591cef9,OPT-RF-U256-SOXLEX48-R256-v1:0223,SOXLEX_C1_14_1505_z1_12,e6ed27e12ec6b1a65d9071db1b20b2f4fb14b56c3962c5b9db98d59891917724,223,cross_family_test_set,SOXLEX/structures/SOXLEX_C1_14_1505_z1_12.cif,de18102d4003674bc7abf77f67128ceb9c5c7f1e6e17b51221df46c383d80da8,e6ed27e12ec6b1a65d9071db1b20b2f4fb14b56c3962c5b9db98d59891917724,0,48,"[""F"", ""C"", ""C"", ""C"", ""Br"", ""C"", ""Cl"", ""C"", ""Br"", ""C"", ""H"", ""H"", ""F"", ""C"", ""C"", ""C"", ""Br"", ""C"", ""Cl"", ""C"", ""Br"", ""C"", ""H"", ""H"", ""F"", ""C"", ""C"", ""C"", ""Br"", ""C"", ""Cl"", ""C"", ""Br"", ""C"", ""H"", ""H"", ""F"", ""C"", ""C"", ""C"", ""Br"", ""C"", ""Cl"", ""C"", ""Br"", ""C"", ""H"", ""H""]",C24H8Br8Cl4F4,"[true, true, true]","[9.286825872552427, 0.0, 0.0, 0.0, 13.596270048237265, 0.0, 2.6271135178678495, 0.0, 8.88065690056955]",1121.3267333268518,[],"{""cutoff=6.000_skin=0.000"": 1868, ""cutoff=6.000_skin=0.500"": 2332}",0.0,,
OPT-RF-U256-SOXLEX48-R256-v1,084fa2fcc87265ca9469de27ad5fe18cba50709ffdc020a280a4d4657591cef9,OPT-RF-U256-SOXLEX48-R256-v1:0224,SOXLEX_C1_14_4480_z1_12,6945ad808e2c2e5dbfafbf9b9b015c2b40b025f50f16b7693d6acefe76ee4a00,224,cross_family_test_set,SOXLEX/structures/SOXLEX_C1_14_4480_z1_12.cif,7428b50a2083bdb09870a42d9721506ced91113ecb61e49ec88f06721202f934,6945ad808e2c2e5dbfafbf9b9b015c2b40b025f50f16b7693d6acefe76ee4a00,0,48,"[""F"", ""C"", ""C"", ""C"", ""Br"", ""C"", ""Cl"", ""C"", ""Br"", ""C"", ""H"", ""H"", ""F"", ""C"", ""C"", ""C"", ""Br"", ""C"", ""Cl"", ""C"", ""Br"", ""C"", ""H"", ""H"", ""F"", ""C"", ""C"", ""C"", ""Br"", ""C"", ""Cl"", ""C"", ""Br"", ""C"", ""H"", ""H"", ""F"", ""C"", ""C"", ""C"", ""Br"", ""C"", ""Cl"", ""C"", ""Br"", ""C"", ""H"", ""H""]",C24H8Br8Cl4F4,"[true, true, true]","[8.688771394478962, 0.0, 0.0, 0.0, 8.094690115183653, 0.0, -1.8141994089733442, 0.0, 15.062886642115647]",1059.416679460553,[],"{""cutoff=6.000_skin=0.000"": 1868, ""cutoff=6.000_skin=0.500"": 2428}",0.0,,
OPT-RF-U256-SOXLEX48-R256-v1,084fa2fcc87265ca9469de27ad5fe18cba50709ffdc020a280a4d4657591cef9,OPT-RF-U256-SOXLEX48-R256-v1:0225,SOXLEX_C1_14_153_z1_12,672730021917c154ce507e1038966ff1307a1cfe27a5348edf6fd7010ed34985,225,cross_family_test_set,SOXLEX/structures/SOXLEX_C1_14_153_z1_12.cif,40b7056b8d79040cc8c6f361e376d2f6a3ebf73786100ab0880db788a361a3a2,672730021917c154ce507e1038966ff1307a1cfe27a5348edf6fd7010ed34985,0,48,"[""F"", ""C"", ""C"", ""C"", ""Br"", ""C"", ""Cl"", ""C"", ""Br"", ""C"", ""H"", ""H"", ""F"", ""C"", ""C"", ""C"", ""Br"", ""C"", ""Cl"", ""C"", ""Br"", ""C"", ""H"", ""H"", ""F"", ""C"", ""C"", ""C"", ""Br"", ""C"", ""Cl"", ""C"", ""Br"", ""C"", ""H"", ""H"", ""F"", ""C"", ""C"", ""C"", ""Br"", ""C"", ""Cl"", ""C"", ""Br"", ""C"", ""H"", ""H""]",C24H8Br8Cl4F4,"[true, true, true]","[11.021151105784178, 0.0, 0.0, 0.0, 10.413493737022073, 0.0, -7.257208506638098, 0.0, 8.897514858940315]",1021.1561069532788,[],"{""cutoff=6.000_skin=0.000"": 1880, ""cutoff=6.000_skin=0.500"": 2428}",0.0,,
OPT-RF-U256-SOXLEX48-R256-v1,084fa2fcc87265ca9469de27ad5fe18cba50709ffdc020a280a4d4657591cef9,OPT-RF-U256-SOXLEX48-R256-v1:0226,SOXLEX_C1_14_3632_z1_12,92fb2c38303160cdb271721c5008ad5d400c585078ee844af566e72a1c9993d8,226,cross_family_test_set,SOXLEX/structures/SOXLEX_C1_14_3632_z1_12.cif,e5293d64ba60eecdfd727e641bd6bfbdb533e73942c21057ec08846aa3791b3a,92fb2c38303160cdb271721c5008ad5d400c585078ee844af566e72a1c9993d8,0,48,"[""F"", ""C"", ""C"", ""C"", ""Br"", ""C"", ""Cl"", ""C"", ""Br"", ""C"", ""H"", ""H"", ""F"", ""C"", ""C"", ""C"", ""Br"", ""C"", ""Cl"", ""C"", ""Br"", ""C"", ""H"", ""H"", ""F"", ""C"", ""C"", ""C"", ""Br"", ""C"", ""Cl"", ""C"", ""Br"", ""C"", ""H"", ""H"", ""F"", ""C"", ""C"", ""C"", ""Br"", ""C"", ""Cl"", ""C"", ""Br"", ""C"", ""H"", ""H""]",C24H8Br8Cl4F4,"[true, true, true]","[9.344487943941008, 0.0, 0.0, 0.0, 14.618328270819429, 0.0, -2.6948689226932125, 0.0, 8.395326254465008]",1146.808217869822,[],"{""cutoff=6.000_skin=0.000"": 1880, ""cutoff=6.000_skin=0.500"": 2316}",0.0,,
OPT-RF-U256-SOXLEX48-R256-v1,084fa2fcc87265ca9469de27ad5fe18cba50709ffdc020a280a4d4657591cef9,OPT-RF-U256-SOXLEX48-R256-v1:0227,SOXLEX_C1_14_3886_z1_12,b877348741cf8f75e9368546b6c6ed564fe752c1d72086f4aba2cc6b6db62a31,227,cross_family_test_set,SOXLEX/structures/SOXLEX_C1_14_3886_z1_12.cif,cca27c9735dc57ee39536457793768416a6f338b8cea0e460dc5c1abe9b29d5c,b877348741cf8f75e9368546b6c6ed564fe752c1d72086f4aba2cc6b6db62a31,0,48,"[""F"", ""C"", ""C"", ""C"", ""Br"", ""C"", ""Cl"", ""C"", ""Br"", ""C"", ""H"", ""H"", ""F"", ""C"", ""C"", ""C"", ""Br"", ""C"", ""Cl"", ""C"", ""Br"", ""C"", ""H"", ""H"", ""F"", ""C"", ""C"", ""C"", ""Br"", ""C"", ""Cl"", ""C"", ""Br"", ""C"", ""H"", ""H"", ""F"", ""C"", ""C"", ""C"", ""Br"", ""C"", ""Cl"", ""C"", ""Br"", ""C"", ""H"", ""H""]",C24H8Br8Cl4F4,"[true, true, true]","[9.47581341931295, 0.0, 0.0, 0.0, 10.668557019870235, 0.0, -4.498810347358969, 0.0, 10.525498629548641]",1064.056925101551,[],"{""cutoff=6.000_skin=0.000"": 1884, ""cutoff=6.000_skin=0.500"": 2372}",0.0,,
OPT-RF-U256-SOXLEX48-R256-v1,084fa2fcc87265ca9469de27ad5fe18cba50709ffdc020a280a4d4657591cef9,OPT-RF-U256-SOXLEX48-R256-v1:0228,SOXLEX_C1_14_1329_z1_12,ae4b67bf86797a57ad1b69aa4852d0b61417e16e875a8aada646455d70989a6f,228,cross_family_test_set,SOXLEX/structures/SOXLEX_C1_14_1329_z1_12.cif,3371666c58b58a079c41807315c7fe10644f60be25935541135eaaeaad40b088,ae4b67bf86797a57ad1b69aa4852d0b61417e16e875a8aada646455d70989a6f,0,48,"[""F"", ""C"", ""C"", ""C"", ""Br"", ""C"", ""Cl"", ""C"", ""Br"", ""C"", ""H"", ""H"", ""F"", ""C"", ""C"", ""C"", ""Br"", ""C"", ""Cl"", ""C"", ""Br"", ""C"", ""H"", ""H"", ""F"", ""C"", ""C"", ""C"", ""Br"", ""C"", ""Cl"", ""C"", ""Br"", ""C"", ""H"", ""H"", ""F"", ""C"", ""C"", ""C"", ""Br"", ""C"", ""Cl"", ""C"", ""Br"", ""C"", ""H"", ""H""]",C24H8Br8Cl4F4,"[true, true, true]","[4.924908295724936, 0.0, 0.0, 0.0, 12.432036382101032, 0.0, 0.3697010104387208, 0.0, 17.882290232320493]",1094.8725305317962,[],"{""cutoff=6.000_skin=0.000"": 1896, ""cutoff=6.000_skin=0.500"": 2316}",0.0,,
OPT-RF-U256-SOXLEX48-R256-v1,084fa2fcc87265ca9469de27ad5fe18cba50709ffdc020a280a4d4657591cef9,OPT-RF-U256-SOXLEX48-R256-v1:0229,SOXLEX_C1_14_2566_z1_12,3c5a0028c9a072720c01b6318604afb59a84cc8078ed45cfd5d3481ac4854ae3,229,cross_family_test_set,SOXLEX/structures/SOXLEX_C1_14_2566_z1_12.cif,c23f0665660218d40553c270e340e4c6605e16c18e64e2c83715712dacd162ba,3c5a0028c9a072720c01b6318604afb59a84cc8078ed45cfd5d3481ac4854ae3,0,48,"[""F"", ""C"", ""C"", ""C"", ""Br"", ""C"", ""Cl"", ""C"", ""Br"", ""C"", ""H"", ""H"", ""F"", ""C"", ""C"", ""C"", ""Br"", ""C"", ""Cl"", ""C"", ""Br"", ""C"", ""H"", ""H"", ""F"", ""C"", ""C"", ""C"", ""Br"", ""C"", ""Cl"", ""C"", ""Br"", ""C"", ""H"", ""H"", ""F"", ""C"", ""C"", ""C"", ""Br"", ""C"", ""Cl"", ""C"", ""Br"", ""C"", ""H"", ""H""]",C24H8Br8Cl4F4,"[true, true, true]","[8.948165103371464, 0.0, 0.0, 0.0, 8.139302894209791, 0.0, 3.072956478388708, 0.0, 14.27228574891184]",1039.4766340530566,[],"{""cutoff=6.000_skin=0.000"": 1900, ""cutoff=6.000_skin=0.500"": 2468}",0.0,,
OPT-RF-U256-SOXLEX48-R256-v1,084fa2fcc87265ca9469de27ad5fe18cba50709ffdc020a280a4d4657591cef9,OPT-RF-U256-SOXLEX48-R256-v1:0230,SOXLEX_C1_14_4362_z1_12,059e407936742338b68a69a06f013c125c2848b1f2477ec875cd6176413d957d,230,cross_family_test_set,SOXLEX/structures/SOXLEX_C1_14_4362_z1_12.cif,421462f65b39e4648777d69615a4817de77fe2a549bc2e512bc4aea8cb067e88,059e407936742338b68a69a06f013c125c2848b1f2477ec875cd6176413d957d,0,48,"[""F"", ""C"", ""C"", ""C"", ""Br"", ""C"", ""Cl"", ""C"", ""Br"", ""C"", ""H"", ""H"", ""F"", ""C"", ""C"", ""C"", ""Br"", ""C"", ""Cl"", ""C"", ""Br"", ""C"", ""H"", ""H"", ""F"", ""C"", ""C"", ""C"", ""Br"", ""C"", ""Cl"", ""C"", ""Br"", ""C"", ""H"", ""H"", ""F"", ""C"", ""C"", ""C"", ""Br"", ""C"", ""Cl"", ""C"", ""Br"", ""C"", ""H"", ""H""]",C24H8Br8Cl4F4,"[true, true, true]","[4.19536523920145, 0.0, 0.0, 0.0, 17.032548503029506, 0.0, 3.3735356062329025, 0.0, 16.611857879950744]",1187.046185511187,[],"{""cutoff=6.000_skin=0.000"": 1924, ""cutoff=6.000_skin=0.500"": 2252}",0.0,,
OPT-RF-U256-SOXLEX48-R256-v1,084fa2fcc87265ca9469de27ad5fe18cba50709ffdc020a280a4d4657591cef9,OPT-RF-U256-SOXLEX48-R256-v1:0231,SOXLEX_C1_14_2578_z1_12,733f98487a0157efd0e76dee14965b56f12d15690bdd93229e0d54b0390fe973,231,cross_family_test_set,SOXLEX/structures/SOXLEX_C1_14_2578_z1_12.cif,7ce6c182fe2c86d880e0e563c4b29a41f502f5cc74c062d8469dff021f4c8e85,733f98487a0157efd0e76dee14965b56f12d15690bdd93229e0d54b0390fe973,0,48,"[""F"", ""C"", ""C"", ""C"", ""Br"", ""C"", ""Cl"", ""C"", ""Br"", ""C"", ""H"", ""H"", ""F"", ""C"", ""C"", ""C"", ""Br"", ""C"", ""Cl"", ""C"", ""Br"", ""C"", ""H"", ""H"", ""F"", ""C"", ""C"", ""C"", ""Br"", ""C"", ""Cl"", ""C"", ""Br"", ""C"", ""H"", ""H"", ""F"", ""C"", ""C"", ""C"", ""Br"", ""C"", ""Cl"", ""C"", ""Br"", ""C"", ""H"", ""H""]",C24H8Br8Cl4F4,"[true, true, true]","[7.330376225583908, 0.0, 0.0, 0.0, 11.575462599331143, 0.0, -6.143505109696432, 0.0, 12.040931470586493]",1021.7030874968675,[],"{""cutoff=6.000_skin=0.000"": 1936, ""cutoff=6.000_skin=0.500"": 2440}",0.0,,
OPT-RF-U256-SOXLEX48-R256-v1,084fa2fcc87265ca9469de27ad5fe18cba50709ffdc020a280a4d4657591cef9,OPT-RF-U256-SOXLEX48-R256-v1:0232,SOXLEX_C1_14_3905_z1_12,fd571addf4f36fdceae8f5c34bdd5a5e5d05f5caf9d89ac25f491bfaf3a3e7cf,232,cross_family_test_set,SOXLEX/structures/SOXLEX_C1_14_3905_z1_12.cif,3d43bdc2d63557782e5cd53782d9be29615bd2f189d45ec8bc7da170521a32b0,fd571addf4f36fdceae8f5c34bdd5a5e5d05f5caf9d89ac25f491bfaf3a3e7cf,0,48,"[""F"", ""C"", ""C"", ""C"", ""Br"", ""C"", ""Cl"", ""C"", ""Br"", ""C"", ""H"", ""H"", ""F"", ""C"", ""C"", ""C"", ""Br"", ""C"", ""Cl"", ""C"", ""Br"", ""C"", ""H"", ""H"", ""F"", ""C"", ""C"", ""C"", ""Br"", ""C"", ""Cl"", ""C"", ""Br"", ""C"", ""H"", ""H"", ""F"", ""C"", ""C"", ""C"", ""Br"", ""C"", ""Cl"", ""C"", ""Br"", ""C"", ""H"", ""H""]",C24H8Br8Cl4F4,"[true, true, true]","[8.226649489056385, 0.0, 0.0, 0.0, 16.054236018782262, 0.0, 0.5740644349773761, 0.0, 8.423503186043884]",1112.5137355890156,[],"{""cutoff=6.000_skin=0.000"": 1944, ""cutoff=6.000_skin=0.500"": 2356}",0.0,,
OPT-RF-U256-SOXLEX48-R256-v1,084fa2fcc87265ca9469de27ad5fe18cba50709ffdc020a280a4d4657591cef9,OPT-RF-U256-SOXLEX48-R256-v1:0233,SOXLEX_C1_14_3318_z1_12,2a7a45f827041c4391625e505e5d2b88aeeb0db99ac8b4d8530709d078af2afa,233,cross_family_test_set,SOXLEX/structures/SOXLEX_C1_14_3318_z1_12.cif,c29121829e66d209702689194db06561526d3de7466ca500bed2111bb3f3e0a1,2a7a45f827041c4391625e505e5d2b88aeeb0db99ac8b4d8530709d078af2afa,0,48,"[""F"", ""C"", ""C"", ""C"", ""Br"", ""C"", ""Cl"", ""C"", ""Br"", ""C"", ""H"", ""H"", ""F"", ""C"", ""C"", ""C"", ""Br"", ""C"", ""Cl"", ""C"", ""Br"", ""C"", ""H"", ""H"", ""F"", ""C"", ""C"", ""C"", ""Br"", ""C"", ""Cl"", ""C"", ""Br"", ""C"", ""H"", ""H"", ""F"", ""C"", ""C"", ""C"", ""Br"", ""C"", ""Cl"", ""C"", ""Br"", ""C"", ""H"", ""H""]",C24H8Br8Cl4F4,"[true, true, true]","[8.990016166757862, 0.0, 0.0, 0.0, 11.287767635143346, 0.0, 1.868719944813644, 0.0, 10.246129701575153]",1039.748691547415,[],"{""cutoff=6.000_skin=0.000"": 1960, ""cutoff=6.000_skin=0.500"": 2532}",0.0,,
OPT-RF-U256-SOXLEX48-R256-v1,084fa2fcc87265ca9469de27ad5fe18cba50709ffdc020a280a4d4657591cef9,OPT-RF-U256-SOXLEX48-R256-v1:0234,SOXLEX_C1_14_682_z1_12,bbc0559296e5150a134a1a6619d6f8777a9324d58e4b06686c0d7ddc46e46caf,234,cross_family_test_set,SOXLEX/structures/SOXLEX_C1_14_682_z1_12.cif,0bcb9cdf2fcafc7349d808ab07a924e953bfd6fb31dc2a028e5314aff616d91b,bbc0559296e5150a134a1a6619d6f8777a9324d58e4b06686c0d7ddc46e46caf,0,48,"[""F"", ""C"", ""C"", ""C"", ""Br"", ""C"", ""Cl"", ""C"", ""Br"", ""C"", ""H"", ""H"", ""F"", ""C"", ""C"", ""C"", ""Br"", ""C"", ""Cl"", ""C"", ""Br"", ""C"", ""H"", ""H"", ""F"", ""C"", ""C"", ""C"", ""Br"", ""C"", ""Cl"", ""C"", ""Br"", ""C"", ""H"", ""H"", ""F"", ""C"", ""C"", ""C"", ""Br"", ""C"", ""Cl"", ""C"", ""Br"", ""C"", ""H"", ""H""]",C24H8Br8Cl4F4,"[true, true, true]","[8.282324867111686, 0.0, 0.0, 0.0, 9.162604603765615, 0.0, -6.324319352944449, 0.0, 13.219907203623135]",1003.2279282946051,[],"{""cutoff=6.000_skin=0.000"": 1960, ""cutoff=6.000_skin=0.500"": 2700}",0.0,,
OPT-RF-U256-SOXLEX48-R256-v1,084fa2fcc87265ca9469de27ad5fe18cba50709ffdc020a280a4d4657591cef9,OPT-RF-U256-SOXLEX48-R256-v1:0235,SOXLEX_C1_14_2752_z1_12,2048c02ceceea3777701d7a9084a9d68e0d8845952d335a9c1fae4be465b4351,235,cross_family_test_set,SOXLEX/structures/SOXLEX_C1_14_2752_z1_12.cif,85c8f7b688ab712217574bca2d7f5c861b973ddcd4fd6cbbba912b07908b66c5,2048c02ceceea3777701d7a9084a9d68e0d8845952d335a9c1fae4be465b4351,0,48,"[""F"", ""C"", ""C"", ""C"", ""Br"", ""C"", ""Cl"", ""C"", ""Br"", ""C"", ""H"", ""H"", ""F"", ""C"", ""C"", ""C"", ""Br"", ""C"", ""Cl"", ""C"", ""Br"", ""C"", ""H"", ""H"", ""F"", ""C"", ""C"", ""C"", ""Br"", ""C"", ""Cl"", ""C"", ""Br"", ""C"", ""H"", ""H"", ""F"", ""C"", ""C"", ""C"", ""Br"", ""C"", ""Cl"", ""C"", ""Br"", ""C"", ""H"", ""H""]",C24H8Br8Cl4F4,"[true, true, true]","[9.063933840371298, 0.0, 0.0, 0.0, 8.249769512545459, 0.0, -3.366567271525074, 0.0, 13.201250217880649]",987.1283042907503,[],"{""cutoff=6.000_skin=0.000"": 1964, ""cutoff=6.000_skin=0.500"": 2460}",0.0,,
OPT-RF-U256-SOXLEX48-R256-v1,084fa2fcc87265ca9469de27ad5fe18cba50709ffdc020a280a4d4657591cef9,OPT-RF-U256-SOXLEX48-R256-v1:0236,SOXLEX_C1_14_3604_z1_12,a9e2b453366d767afa4aeb06e39a7a4d4924422b3e6ae81ccc98bd4415638fb4,236,cross_family_test_set,SOXLEX/structures/SOXLEX_C1_14_3604_z1_12.cif,27587c9a3d5122bf42a2b604450b59fd516b3309c409fd471b6389800a0fa64f,a9e2b453366d767afa4aeb06e39a7a4d4924422b3e6ae81ccc98bd4415638fb4,0,48,"[""F"", ""C"", ""C"", ""C"", ""Br"", ""C"", ""Cl"", ""C"", ""Br"", ""C"", ""H"", ""H"", ""F"", ""C"", ""C"", ""C"", ""Br"", ""C"", ""Cl"", ""C"", ""Br"", ""C"", ""H"", ""H"", ""F"", ""C"", ""C"", ""C"", ""Br"", ""C"", ""Cl"", ""C"", ""Br"", ""C"", ""H"", ""H"", ""F"", ""C"", ""C"", ""C"", ""Br"", ""C"", ""Cl"", ""C"", ""Br"", ""C"", ""H"", ""H""]",C24H8Br8Cl4F4,"[true, true, true]","[4.104360885522299, 0.0, 0.0, 0.0, 21.41066996267864, 0.0, -4.361058987978369, 0.0, 12.439043580988708]",1093.1072797711959,[],"{""cutoff=6.000_skin=0.000"": 1964, ""cutoff=6.000_skin=0.500"": 2348}",0.0,,
OPT-RF-U256-SOXLEX48-R256-v1,084fa2fcc87265ca9469de27ad5fe18cba50709ffdc020a280a4d4657591cef9,OPT-RF-U256-SOXLEX48-R256-v1:0237,SOXLEX_C1_14_791_z1_12,a0219ebad94d23f06663529194523afbd5021ab2b2ec7b225f6a719710f641a2,237,cross_family_test_set,SOXLEX/structures/SOXLEX_C1_14_791_z1_12.cif,371bf29b4268c1e33d95614093e07a5f3cfea0d04b417fa38462bbf911cfebe7,a0219ebad94d23f06663529194523afbd5021ab2b2ec7b225f6a719710f641a2,0,48,"[""F"", ""C"", ""C"", ""C"", ""Br"", ""C"", ""Cl"", ""C"", ""Br"", ""C"", ""H"", ""H"", ""F"", ""C"", ""C"", ""C"", ""Br"", ""C"", ""Cl"", ""C"", ""Br"", ""C"", ""H"", ""H"", ""F"", ""C"", ""C"", ""C"", ""Br"", ""C"", ""Cl"", ""C"", ""Br"", ""C"", ""H"", ""H"", ""F"", ""C"", ""C"", ""C"", ""Br"", ""C"", ""Cl"", ""C"", ""Br"", ""C"", ""H"", ""H""]",C24H8Br8Cl4F4,"[true, true, true]","[5.379223125189949, 0.0, 0.0, 0.0, 29.481818170106408, 0.0, -4.8194211827847155, 0.0, 6.839956027307122]",1084.7436884236288,[],"{""cutoff=6.000_skin=0.000"": 1964, ""cutoff=6.000_skin=0.500"": 2440}",0.0,,
OPT-RF-U256-SOXLEX48-R256-v1,084fa2fcc87265ca9469de27ad5fe18cba50709ffdc020a280a4d4657591cef9,OPT-RF-U256-SOXLEX48-R256-v1:0238,SOXLEX_C1_14_339_z1_12,9dd94c46bc7063028c748e6e88dc776b85a2841bd0b9b03097db52a6f03f1f84,238,cross_family_test_set,SOXLEX/structures/SOXLEX_C1_14_339_z1_12.cif,fae36cdace318d5d976958e95ba98382aac56580c11654f59f809eeeeeedd3f7,9dd94c46bc7063028c748e6e88dc776b85a2841bd0b9b03097db52a6f03f1f84,0,48,"[""F"", ""C"", ""C"", ""C"", ""Br"", ""C"", ""Cl"", ""C"", ""Br"", ""C"", ""H"", ""H"", ""F"", ""C"", ""C"", ""C"", ""Br"", ""C"", ""Cl"", ""C"", ""Br"", ""C"", ""H"", ""H"", ""F"", ""C"", ""C"", ""C"", ""Br"", ""C"", ""Cl"", ""C"", ""Br"", ""C"", ""H"", ""H"", ""F"", ""C"", ""C"", ""C"", ""Br"", ""C"", ""Cl"", ""C"", ""Br"", ""C"", ""H"", ""H""]",C24H8Br8Cl4F4,"[true, true, true]","[7.952660277422368, 0.0, 0.0, 0.0, 16.28899270996279, 0.0, 3.050433254095949, 0.0, 7.757201814197531]",1004.8743249037014,[],"{""cutoff=6.000_skin=0.000"": 1980, ""cutoff=6.000_skin=0.500"": 2516}",0.0,,
OPT-RF-U256-SOXLEX48-R256-v1,084fa2fcc87265ca9469de27ad5fe18cba50709ffdc020a280a4d4657591cef9,OPT-RF-U256-SOXLEX48-R256-v1:0239,SOXLEX_C1_14_2528_z1_12,de58332bd6356194160442e76527f0c49570c136c5a0ff41e2c15e5116d9799c,239,cross_family_test_set,SOXLEX/structures/SOXLEX_C1_14_2528_z1_12.cif,da2f1d2ff81c905a679f5825420f8fdb51d38d24827dc68f1ac58ecd4fcde949,de58332bd6356194160442e76527f0c49570c136c5a0ff41e2c15e5116d9799c,0,48,"[""F"", ""C"", ""C"", ""C"", ""Br"", ""C"", ""Cl"", ""C"", ""Br"", ""C"", ""H"", ""H"", ""F"", ""C"", ""C"", ""C"", ""Br"", ""C"", ""Cl"", ""C"", ""Br"", ""C"", ""H"", ""H"", ""F"", ""C"", ""C"", ""C"", ""Br"", ""C"", ""Cl"", ""C"", ""Br"", ""C"", ""H"", ""H"", ""F"", ""C"", ""C"", ""C"", ""Br"", ""C"", ""Cl"", ""C"", ""Br"", ""C"", ""H"", ""H""]",C24H8Br8Cl4F4,"[true, true, true]","[11.087729491723856, 0.0, 0.0, 0.0, 13.358631226527478, 0.0, -2.391054411721362, 0.0, 7.937179568021247]",1175.6303483787776,[],"{""cutoff=6.000_skin=0.000"": 1988, ""cutoff=6.000_skin=0.500"": 2344}",0.0,,
OPT-RF-U256-SOXLEX48-R256-v1,084fa2fcc87265ca9469de27ad5fe18cba50709ffdc020a280a4d4657591cef9,OPT-RF-U256-SOXLEX48-R256-v1:0240,SOXLEX_C1_14_4123_z1_12,b585163cfe91a7a9dbbba9097ac39fb66719524dd209e39c11bee0a1e84ab759,240,cross_family_test_set,SOXLEX/structures/SOXLEX_C1_14_4123_z1_12.cif,1bd20a2319f04b797ae135124bba0aa118066e148b4ceac5c8e58cedc114c85c,b585163cfe91a7a9dbbba9097ac39fb66719524dd209e39c11bee0a1e84ab759,0,48,"[""F"", ""C"", ""C"", ""C"", ""Br"", ""C"", ""Cl"", ""C"", ""Br"", ""C"", ""H"", ""H"", ""F"", ""C"", ""C"", ""C"", ""Br"", ""C"", ""Cl"", ""C"", ""Br"", ""C"", ""H"", ""H"", ""F"", ""C"", ""C"", ""C"", ""Br"", ""C"", ""Cl"", ""C"", ""Br"", ""C"", ""H"", ""H"", ""F"", ""C"", ""C"", ""C"", ""Br"", ""C"", ""Cl"", ""C"", ""Br"", ""C"", ""H"", ""H""]",C24H8Br8Cl4F4,"[true, true, true]","[7.784738504065338, 0.0, 0.0, 0.0, 8.733803456479482, 0.0, 8.897897910828263, 0.0, 14.85045890042394]",1009.6882852231277,[],"{""cutoff=6.000_skin=0.000"": 1996, ""cutoff=6.000_skin=0.500"": 2620}",0.0,,
OPT-RF-U256-SOXLEX48-R256-v1,084fa2fcc87265ca9469de27ad5fe18cba50709ffdc020a280a4d4657591cef9,OPT-RF-U256-SOXLEX48-R256-v1:0241,SOXLEX_C1_14_858_z1_12,085abb59f47d781393b846996af62b7c58fd23c8ac08d29b38215bd779d7c992,241,cross_family_test_set,SOXLEX/structures/SOXLEX_C1_14_858_z1_12.cif,8e93b4b921c8ab4336ef5870ee3c6ce92ad4025de7c91f02370ef7df879e81cd,085abb59f47d781393b846996af62b7c58fd23c8ac08d29b38215bd779d7c992,0,48,"[""F"", ""C"", ""C"", ""C"", ""Br"", ""C"", ""Cl"", ""C"", ""Br"", ""C"", ""H"", ""H"", ""F"", ""C"", ""C"", ""C"", ""Br"", ""C"", ""Cl"", ""C"", ""Br"", ""C"", ""H"", ""H"", ""F"", ""C"", ""C"", ""C"", ""Br"", ""C"", ""Cl"", ""C"", ""Br"", ""C"", ""H"", ""H"", ""F"", ""C"", ""C"", ""C"", ""Br"", ""C"", ""Cl"", ""C"", ""Br"", ""C"", ""H"", ""H""]",C24H8Br8Cl4F4,"[true, true, true]","[8.010564189077787, 0.0, 0.0, 0.0, 11.372451758008253, 0.0, 4.623852511014745, 0.0, 10.836210439645233]",987.1761139556183,[],"{""cutoff=6.000_skin=0.000"": 1996, ""cutoff=6.000_skin=0.500"": 2540}",0.0,,
OPT-RF-U256-SOXLEX48-R256-v1,084fa2fcc87265ca9469de27ad5fe18cba50709ffdc020a280a4d4657591cef9,OPT-RF-U256-SOXLEX48-R256-v1:0242,SOXLEX_C1_14_4247_z1_12,713854e40277e31fc944943d78db5c9f590c8828763304869b589decfb9e3958,242,cross_family_test_set,SOXLEX/structures/SOXLEX_C1_14_4247_z1_12.cif,e02422595b929603abfb7487ab3a0990174b88a364a24f459c89e689c8360032,713854e40277e31fc944943d78db5c9f590c8828763304869b589decfb9e3958,0,48,"[""F"", ""C"", ""C"", ""C"", ""Br"", ""C"", ""Cl"", ""C"", ""Br"", ""C"", ""H"", ""H"", ""F"", ""C"", ""C"", ""C"", ""Br"", ""C"", ""Cl"", ""C"", ""Br"", ""C"", ""H"", ""H"", ""F"", ""C"", ""C"", ""C"", ""Br"", ""C"", ""Cl"", ""C"", ""Br"", ""C"", ""H"", ""H"", ""F"", ""C"", ""C"", ""C"", ""Br"", ""C"", ""Cl"", ""C"", ""Br"", ""C"", ""H"", ""H""]",C24H8Br8Cl4F4,"[true, true, true]","[8.370137484699121, 0.0, 0.0, 0.0, 9.655362759529453, 0.0, 4.802976876843795, 0.0, 12.356538950605021]",998.6148714588807,[],"{""cutoff=6.000_skin=0.000"": 2008, ""cutoff=6.000_skin=0.500"": 2540}",0.0,,
OPT-RF-U256-SOXLEX48-R256-v1,084fa2fcc87265ca9469de27ad5fe18cba50709ffdc020a280a4d4657591cef9,OPT-RF-U256-SOXLEX48-R256-v1:0243,SOXLEX_C1_14_4444_z1_12,b9d68bc06224870ef6e30ffac597d96a3900a5097ee30b559afe0b18e8790054,243,cross_family_test_set,SOXLEX/structures/SOXLEX_C1_14_4444_z1_12.cif,28948e63b66dc6b1332a1bbe865c10d0b4f625eea2eb7f314c2d61abf321242f,b9d68bc06224870ef6e30ffac597d96a3900a5097ee30b559afe0b18e8790054,0,48,"[""F"", ""C"", ""C"", ""C"", ""Br"", ""C"", ""Cl"", ""C"", ""Br"", ""C"", ""H"", ""H"", ""F"", ""C"", ""C"", ""C"", ""Br"", ""C"", ""Cl"", ""C"", ""Br"", ""C"", ""H"", ""H"", ""F"", ""C"", ""C"", ""C"", ""Br"", ""C"", ""Cl"", ""C"", ""Br"", ""C"", ""H"", ""H"", ""F"", ""C"", ""C"", ""C"", ""Br"", ""C"", ""Cl"", ""C"", ""Br"", ""C"", ""H"", ""H""]",C24H8Br8Cl4F4,"[true, true, true]","[4.204423427370379, 0.0, 0.0, 0.0, 11.083215002844762, 0.0, -0.8239000187642198, 0.0, 21.247163689245436]",990.0865692731402,[],"{""cutoff=6.000_skin=0.000"": 2040, ""cutoff=6.000_skin=0.500"": 2440}",0.0,,
OPT-RF-U256-SOXLEX48-R256-v1,084fa2fcc87265ca9469de27ad5fe18cba50709ffdc020a280a4d4657591cef9,OPT-RF-U256-SOXLEX48-R256-v1:0244,SOXLEX_C1_14_2122_z1_12,0168ded98b525d481401cb457a6f85cfe1fda4a95fb409b535facdfe56e4f27b,244,cross_family_test_set,SOXLEX/structures/SOXLEX_C1_14_2122_z1_12.cif,8185e6781c16cc73d15eb0e8d942ad42ce12daa295db5941a8c9f493e1e67ac3,0168ded98b525d481401cb457a6f85cfe1fda4a95fb409b535facdfe56e4f27b,0,48,"[""F"", ""C"", ""C"", ""C"", ""Br"", ""C"", ""Cl"", ""C"", ""Br"", ""C"", ""H"", ""H"", ""F"", ""C"", ""C"", ""C"", ""Br"", ""C"", ""Cl"", ""C"", ""Br"", ""C"", ""H"", ""H"", ""F"", ""C"", ""C"", ""C"", ""Br"", ""C"", ""Cl"", ""C"", ""Br"", ""C"", ""H"", ""H"", ""F"", ""C"", ""C"", ""C"", ""Br"", ""C"", ""Cl"", ""C"", ""Br"", ""C"", ""H"", ""H""]",C24H8Br8Cl4F4,"[true, true, true]","[10.289061013587482, 0.0, 0.0, 0.0, 10.886964265762273, 0.0, 1.5439375590905124, 0.0, 9.962946687953808]",1116.015808330905,[],"{""cutoff=6.000_skin=0.000"": 2056, ""cutoff=6.000_skin=0.500"": 2532}",0.0,,
OPT-RF-U256-SOXLEX48-R256-v1,084fa2fcc87265ca9469de27ad5fe18cba50709ffdc020a280a4d4657591cef9,OPT-RF-U256-SOXLEX48-R256-v1:0245,SOXLEX_C1_14_2372_z1_12,ac4becd2b5e231866c9a534d7329223bddd8ea2c7f12633d8ad82504b29b5399,245,cross_family_test_set,SOXLEX/structures/SOXLEX_C1_14_2372_z1_12.cif,f5c991a558401c6d4495f9d792a62a14c9fbfaef90a96b1fc508578d3529e172,ac4becd2b5e231866c9a534d7329223bddd8ea2c7f12633d8ad82504b29b5399,0,48,"[""F"", ""C"", ""C"", ""C"", ""Br"", ""C"", ""Cl"", ""C"", ""Br"", ""C"", ""H"", ""H"", ""F"", ""C"", ""C"", ""C"", ""Br"", ""C"", ""Cl"", ""C"", ""Br"", ""C"", ""H"", ""H"", ""F"", ""C"", ""C"", ""C"", ""Br"", ""C"", ""Cl"", ""C"", ""Br"", ""C"", ""H"", ""H"", ""F"", ""C"", ""C"", ""C"", ""Br"", ""C"", ""Cl"", ""C"", ""Br"", ""C"", ""H"", ""H""]",C24H8Br8Cl4F4,"[true, true, true]","[4.086911920826132, 0.0, 0.0, 0.0, 13.489054560349011, 0.0, 3.514548683691234, 0.0, 21.040200166451655]",1159.9163135578074,[],"{""cutoff=6.000_skin=0.000"": 2056, ""cutoff=6.000_skin=0.500"": 2396}",0.0,,
OPT-RF-U256-SOXLEX48-R256-v1,084fa2fcc87265ca9469de27ad5fe18cba50709ffdc020a280a4d4657591cef9,OPT-RF-U256-SOXLEX48-R256-v1:0246,SOXLEX_C1_14_4204_z1_12,74a1076c4cb3e497b6be61159e9c2fab9662acc1d96d04cb976be3d20327d1e7,246,cross_family_test_set,SOXLEX/structures/SOXLEX_C1_14_4204_z1_12.cif,7caed5a1908e6ea2f041a80cdfdffb246ea5363f0d45a2e551d1c5fb08aa58c1,74a1076c4cb3e497b6be61159e9c2fab9662acc1d96d04cb976be3d20327d1e7,0,48,"[""F"", ""C"", ""C"", ""C"", ""Br"", ""C"", ""Cl"", ""C"", ""Br"", ""C"", ""H"", ""H"", ""F"", ""C"", ""C"", ""C"", ""Br"", ""C"", ""Cl"", ""C"", ""Br"", ""C"", ""H"", ""H"", ""F"", ""C"", ""C"", ""C"", ""Br"", ""C"", ""Cl"", ""C"", ""Br"", ""C"", ""H"", ""H"", ""F"", ""C"", ""C"", ""C"", ""Br"", ""C"", ""Cl"", ""C"", ""Br"", ""C"", ""H"", ""H""]",C24H8Br8Cl4F4,"[true, true, true]","[8.579231839115437, 0.0, 0.0, 0.0, 8.005566258724208, 0.0, -5.148220974442617, 0.0, 14.59272538551719]",1002.2518582530515,[],"{""cutoff=6.000_skin=0.000"": 2064, ""cutoff=6.000_skin=0.500"": 2460}",0.0,,
OPT-RF-U256-SOXLEX48-R256-v1,084fa2fcc87265ca9469de27ad5fe18cba50709ffdc020a280a4d4657591cef9,OPT-RF-U256-SOXLEX48-R256-v1:0247,SOXLEX_C1_14_1633_z1_12,7cc4130e725ae07fbf876d4ae360e1ea40c36585fb532854a7d52e3f72099bab,247,cross_family_test_set,SOXLEX/structures/SOXLEX_C1_14_1633_z1_12.cif,db9eda0e15f0bbc0ddc80755995b393a5e65920330717bd3f24afc08a247f2da,7cc4130e725ae07fbf876d4ae360e1ea40c36585fb532854a7d52e3f72099bab,0,48,"[""F"", ""C"", ""C"", ""C"", ""Br"", ""C"", ""Cl"", ""C"", ""Br"", ""C"", ""H"", ""H"", ""F"", ""C"", ""C"", ""C"", ""Br"", ""C"", ""Cl"", ""C"", ""Br"", ""C"", ""H"", ""H"", ""F"", ""C"", ""C"", ""C"", ""Br"", ""C"", ""Cl"", ""C"", ""Br"", ""C"", ""H"", ""H"", ""F"", ""C"", ""C"", ""C"", ""Br"", ""C"", ""Cl"", ""C"", ""Br"", ""C"", ""H"", ""H""]",C24H8Br8Cl4F4,"[true, true, true]","[8.631071835128655, 0.0, 0.0, 0.0, 16.594622413608462, 0.0, 3.128776388352495, 0.0, 6.567080626838362]",940.5988743030308,[],"{""cutoff=6.000_skin=0.000"": 2068, ""cutoff=6.000_skin=0.500"": 2636}",0.0,,
OPT-RF-U256-SOXLEX48-R256-v1,084fa2fcc87265ca9469de27ad5fe18cba50709ffdc020a280a4d4657591cef9,OPT-RF-U256-SOXLEX48-R256-v1:0248,SOXLEX_C1_14_495_z1_12,320e35d7810721edd591df3c49deb16e3eb6ee09e63824f5a537444a278d5f8e,248,cross_family_test_set,SOXLEX/structures/SOXLEX_C1_14_495_z1_12.cif,a1f1660fcd9022061fd62a3e792e2802a1e8c435cb0c4f4270cea47165dbafdc,320e35d7810721edd591df3c49deb16e3eb6ee09e63824f5a537444a278d5f8e,0,48,"[""F"", ""C"", ""C"", ""C"", ""Br"", ""C"", ""Cl"", ""C"", ""Br"", ""C"", ""H"", ""H"", ""F"", ""C"", ""C"", ""C"", ""Br"", ""C"", ""Cl"", ""C"", ""Br"", ""C"", ""H"", ""H"", ""F"", ""C"", ""C"", ""C"", ""Br"", ""C"", ""Cl"", ""C"", ""Br"", ""C"", ""H"", ""H"", ""F"", ""C"", ""C"", ""C"", ""Br"", ""C"", ""Cl"", ""C"", ""Br"", ""C"", ""H"", ""H""]",C24H8Br8Cl4F4,"[true, true, true]","[9.862892254555563, 0.0, 0.0, 0.0, 10.007221601945062, 0.0, -1.8849528398629578, 0.0, 10.31998470623448]",1018.584022274307,[],"{""cutoff=6.000_skin=0.000"": 2072, ""cutoff=6.000_skin=0.500"": 2548}",0.0,,
OPT-RF-U256-SOXLEX48-R256-v1,084fa2fcc87265ca9469de27ad5fe18cba50709ffdc020a280a4d4657591cef9,OPT-RF-U256-SOXLEX48-R256-v1:0249,SOXLEX_C1_14_2373_z1_12,8779f0e6515d1560357013d46f349e7379e0a2daaecf3cd892134da1cf681597,249,cross_family_test_set,SOXLEX/structures/SOXLEX_C1_14_2373_z1_12.cif,f95396fa2f6fdf41cdcfb89a72e4fbf113bafa1b188633e1eb0b08844213f3f7,8779f0e6515d1560357013d46f349e7379e0a2daaecf3cd892134da1cf681597,0,48,"[""F"", ""C"", ""C"", ""C"", ""Br"", ""C"", ""Cl"", ""C"", ""Br"", ""C"", ""H"", ""H"", ""F"", ""C"", ""C"", ""C"", ""Br"", ""C"", ""Cl"", ""C"", ""Br"", ""C"", ""H"", ""H"", ""F"", ""C"", ""C"", ""C"", ""Br"", ""C"", ""Cl"", ""C"", ""Br"", ""C"", ""H"", ""H"", ""F"", ""C"", ""C"", ""C"", ""Br"", ""C"", ""Cl"", ""C"", ""Br"", ""C"", ""H"", ""H""]",C24H8Br8Cl4F4,"[true, true, true]","[8.464013512002072, 0.0, 0.0, 0.0, 8.080648296433708, 0.0, 8.193952443680212, 0.0, 14.366649501421705]",982.602917790269,[],"{""cutoff=6.000_skin=0.000"": 2084, ""cutoff=6.000_skin=0.500"": 2636}",0.0,,
OPT-RF-U256-SOXLEX48-R256-v1,084fa2fcc87265ca9469de27ad5fe18cba50709ffdc020a280a4d4657591cef9,OPT-RF-U256-SOXLEX48-R256-v1:0250,SOXLEX_C1_14_683_z1_12,f5cbf4cddeae8855ae6ca187fbf322ee44c55d066020e112abd47af89fb9920d,250,cross_family_test_set,SOXLEX/structures/SOXLEX_C1_14_683_z1_12.cif,1851ca8ed09bd38d57cd568b20f1cfdf853e8ee72d20faa02e9a7b751cfca4b3,f5cbf4cddeae8855ae6ca187fbf322ee44c55d066020e112abd47af89fb9920d,0,48,"[""F"", ""C"", ""C"", ""C"", ""Br"", ""C"", ""Cl"", ""C"", ""Br"", ""C"", ""H"", ""H"", ""F"", ""C"", ""C"", ""C"", ""Br"", ""C"", ""Cl"", ""C"", ""Br"", ""C"", ""H"", ""H"", ""F"", ""C"", ""C"", ""C"", ""Br"", ""C"", ""Cl"", ""C"", ""Br"", ""C"", ""H"", ""H"", ""F"", ""C"", ""C"", ""C"", ""Br"", ""C"", ""Cl"", ""C"", ""Br"", ""C"", ""H"", ""H""]",C24H8Br8Cl4F4,"[true, true, true]","[15.484688525714201, 0.0, 0.0, 0.0, 7.787152677047075, 0.0, -4.262387363637192, 0.0, 9.043322057262943]",1090.4585477965811,[],"{""cutoff=6.000_skin=0.000"": 2092, ""cutoff=6.000_skin=0.500"": 2548}",0.0,,
OPT-RF-U256-SOXLEX48-R256-v1,084fa2fcc87265ca9469de27ad5fe18cba50709ffdc020a280a4d4657591cef9,OPT-RF-U256-SOXLEX48-R256-v1:0251,SOXLEX_C1_14_2870_z1_12,df0fad6dca087c91906f633b43cbdaaa64203faa0f1c6db77bc4a31450d8237a,251,cross_family_test_set,SOXLEX/structures/SOXLEX_C1_14_2870_z1_12.cif,8df2cd32bb8023c3596291ef1af7b51cddbc100a7942758163399bce7a07b515,df0fad6dca087c91906f633b43cbdaaa64203faa0f1c6db77bc4a31450d8237a,0,48,"[""F"", ""C"", ""C"", ""C"", ""Br"", ""C"", ""Cl"", ""C"", ""Br"", ""C"", ""H"", ""H"", ""F"", ""C"", ""C"", ""C"", ""Br"", ""C"", ""Cl"", ""C"", ""Br"", ""C"", ""H"", ""H"", ""F"", ""C"", ""C"", ""C"", ""Br"", ""C"", ""Cl"", ""C"", ""Br"", ""C"", ""H"", ""H"", ""F"", ""C"", ""C"", ""C"", ""Br"", ""C"", ""Cl"", ""C"", ""Br"", ""C"", ""H"", ""H""]",C24H8Br8Cl4F4,"[true, true, true]","[3.8010141302719216, 0.0, 0.0, 0.0, 16.20515168486237, 0.0, 6.000120644186525, 0.0, 15.68229862439602]",965.9670313183495,[],"{""cutoff=6.000_skin=0.000"": 2108, ""cutoff=6.000_skin=0.500"": 2468}",0.0,,
OPT-RF-U256-SOXLEX48-R256-v1,084fa2fcc87265ca9469de27ad5fe18cba50709ffdc020a280a4d4657591cef9,OPT-RF-U256-SOXLEX48-R256-v1:0252,SOXLEX_C1_14_2575_z1_12,744958208536f6f1a29df26143dc56d59ccf52b6df25a84bb47a91b280af8f4b,252,cross_family_test_set,SOXLEX/structures/SOXLEX_C1_14_2575_z1_12.cif,8449f74e41e367024a17f7e0f24b5ae35d35dec4093ced27509bd3490565c62b,744958208536f6f1a29df26143dc56d59ccf52b6df25a84bb47a91b280af8f4b,0,48,"[""F"", ""C"", ""C"", ""C"", ""Br"", ""C"", ""Cl"", ""C"", ""Br"", ""C"", ""H"", ""H"", ""F"", ""C"", ""C"", ""C"", ""Br"", ""C"", ""Cl"", ""C"", ""Br"", ""C"", ""H"", ""H"", ""F"", ""C"", ""C"", ""C"", ""Br"", ""C"", ""Cl"", ""C"", ""Br"", ""C"", ""H"", ""H"", ""F"", ""C"", ""C"", ""C"", ""Br"", ""C"", ""Cl"", ""C"", ""Br"", ""C"", ""H"", ""H""]",C24H8Br8Cl4F4,"[true, true, true]","[7.335432420383491, 0.0, 0.0, 0.0, 12.518664754096285, 0.0, 3.5055161171726517, 0.0, 10.662836333041627]",979.1663336578712,[],"{""cutoff=6.000_skin=0.000"": 2136, ""cutoff=6.000_skin=0.500"": 2568}",0.0,,
OPT-RF-U256-SOXLEX48-R256-v1,084fa2fcc87265ca9469de27ad5fe18cba50709ffdc020a280a4d4657591cef9,OPT-RF-U256-SOXLEX48-R256-v1:0253,SOXLEX_C1_14_589_z1_12,683fc0258f201991d7572bda44e1a63358c49b6e5ba349403dd588bb843b8131,253,cross_family_test_set,SOXLEX/structures/SOXLEX_C1_14_589_z1_12.cif,406b3c5a2cbd0d7d1d2d9c3846580ec3c48a2ece0e91bfbc1cf5017ff88d454d,683fc0258f201991d7572bda44e1a63358c49b6e5ba349403dd588bb843b8131,0,48,"[""F"", ""C"", ""C"", ""C"", ""Br"", ""C"", ""Cl"", ""C"", ""Br"", ""C"", ""H"", ""H"", ""F"", ""C"", ""C"", ""C"", ""Br"", ""C"", ""Cl"", ""C"", ""Br"", ""C"", ""H"", ""H"", ""F"", ""C"", ""C"", ""C"", ""Br"", ""C"", ""Cl"", ""C"", ""Br"", ""C"", ""H"", ""H"", ""F"", ""C"", ""C"", ""C"", ""Br"", ""C"", ""Cl"", ""C"", ""Br"", ""C"", ""H"", ""H""]",C24H8Br8Cl4F4,"[true, true, true]","[13.006374626271878, 0.0, 0.0, 0.0, 6.45150237650436, 0.0, 4.969942285849892, 0.0, 11.311944124882762]",949.1926613293654,[],"{""cutoff=6.000_skin=0.000"": 2184, ""cutoff=6.000_skin=0.500"": 2800}",0.0,,
OPT-RF-U256-SOXLEX48-R256-v1,084fa2fcc87265ca9469de27ad5fe18cba50709ffdc020a280a4d4657591cef9,OPT-RF-U256-SOXLEX48-R256-v1:0254,SOXLEX_C1_14_1091_z1_12,196ad89ce0d4b7f0c23a982a51612849c2690ff271947a82ec5139843d4cd98c,254,cross_family_test_set,SOXLEX/structures/SOXLEX_C1_14_1091_z1_12.cif,a5ca0d5fdcc320318740dd179556fed9091a6e7c4714eee45debdd8b65956c9a,196ad89ce0d4b7f0c23a982a51612849c2690ff271947a82ec5139843d4cd98c,0,48,"[""F"", ""C"", ""C"", ""C"", ""Br"", ""C"", ""Cl"", ""C"", ""Br"", ""C"", ""H"", ""H"", ""F"", ""C"", ""C"", ""C"", ""Br"", ""C"", ""Cl"", ""C"", ""Br"", ""C"", ""H"", ""H"", ""F"", ""C"", ""C"", ""C"", ""Br"", ""C"", ""Cl"", ""C"", ""Br"", ""C"", ""H"", ""H"", ""F"", ""C"", ""C"", ""C"", ""Br"", ""C"", ""Cl"", ""C"", ""Br"", ""C"", ""H"", ""H""]",C24H8Br8Cl4F4,"[true, true, true]","[4.499910058681493, 0.0, 0.0, 0.0, 25.250318106396247, 0.0, -5.109928242754425, 0.0, 8.12811313174996]",923.550030490427,[],"{""cutoff=6.000_skin=0.000"": 2260, ""cutoff=6.000_skin=0.500"": 2888}",0.0,,
OPT-RF-U256-SOXLEX48-R256-v1,084fa2fcc87265ca9469de27ad5fe18cba50709ffdc020a280a4d4657591cef9,OPT-RF-U256-SOXLEX48-R256-v1:0255,SOXLEX_C1_14_1409_z1_12,7b7725934053a6080888b78e170180be031161fb3ec9e133866352ef87571003,255,cross_family_test_set,SOXLEX/structures/SOXLEX_C1_14_1409_z1_12.cif,6d5bfc8976be4c929fa9fb18febd0cce54c0bb270ac3a5548df661a17d555c96,7b7725934053a6080888b78e170180be031161fb3ec9e133866352ef87571003,0,48,"[""F"", ""C"", ""C"", ""C"", ""Br"", ""C"", ""Cl"", ""C"", ""Br"", ""C"", ""H"", ""H"", ""F"", ""C"", ""C"", ""C"", ""Br"", ""C"", ""Cl"", ""C"", ""Br"", ""C"", ""H"", ""H"", ""F"", ""C"", ""C"", ""C"", ""Br"", ""C"", ""Cl"", ""C"", ""Br"", ""C"", ""H"", ""H"", ""F"", ""C"", ""C"", ""C"", ""Br"", ""C"", ""Cl"", ""C"", ""Br"", ""C"", ""H"", ""H""]",C24H8Br8Cl4F4,"[true, true, true]","[3.664645271401369, 0.0, 0.0, 0.0, 27.868189674303252, 0.0, -3.1315100959055244, 0.0, 8.790852436088244]",897.783646179993,[],"{""cutoff=6.000_skin=0.000"": 2276, ""cutoff=6.000_skin=0.500"": 2664}",0.0,,
