workload_id,manifest_sha256,system_id,group_id,duplicate_group,order,dataset_id,source_path,source_sha256,normalized_structure_sha256,frame_index,atom_count,species,chemical_formula,pbc,cell_A,volume_A3,constraints,topology_edge_counts,arrival_time,random_seed,reference
OPT-RF-U256-XATMOV88-R256-v1,f76be7fea227482e0d2e5078d97994299bbc9dfbe0681fde37169ce8641b13b1,OPT-RF-U256-XATMOV88-R256-v1:0000,XATMOV_C2_14_3463_z2_22,41c762e922d4e536cfb9cb7654bfe6e0c3735432d313633f410c451c49115e4d,0,cross_family_test_set,XATMOV/structures/XATMOV_C2_14_3463_z2_22.cif,74786061c59cc9353941a05921b1721aa3df987a36ae067ccc68c7eb7312a174,41c762e922d4e536cfb9cb7654bfe6e0c3735432d313633f410c451c49115e4d,0,88,"[""C"", ""C"", ""N"", ""C"", ""H"", ""H"", ""H"", ""H"", ""H"", ""H"", ""H"", ""C"", ""C"", ""N"", ""C"", ""H"", ""H"", ""H"", ""H"", ""H"", ""H"", ""H"", ""C"", ""C"", ""N"", ""C"", ""H"", ""H"", ""H"", ""H"", ""H"", ""H"", ""H"", ""C"", ""C"", ""N"", ""C"", ""H"", ""H"", ""H"", ""H"", ""H"", ""H"", ""H"", ""C"", ""C"", ""N"", ""C"", ""H"", ""H"", ""H"", ""H"", ""H"", ""H"", ""H"", ""C"", ""C"", ""N"", ""C"", ""H"", ""H"", ""H"", ""H"", ""H"", ""H"", ""H"", ""C"", ""C"", ""N"", ""C"", ""H"", ""H"", ""H"", ""H"", ""H"", ""H"", ""H"", ""C"", ""C"", ""N"", ""C"", ""H"", ""H"", ""H"", ""H"", ""H"", ""H"", ""H""]",C24H56N8,"[true, true, true]","[16.063650514725744, 0.0, 0.0, 0.0, 16.051265887732136, 0.0, 8.70491078118518, 0.0, 12.816887284723311]",3304.730896915381,[],"{""cutoff=6.000_skin=0.000"": 1636, ""cutoff=6.000_skin=0.500"": 2036}",0.0,,
OPT-RF-U256-XATMOV88-R256-v1,f76be7fea227482e0d2e5078d97994299bbc9dfbe0681fde37169ce8641b13b1,OPT-RF-U256-XATMOV88-R256-v1:0001,XATMOV_C2_14_4120_z2_22,0dd51b921b48a2c1175f9784edf53e7f9dc38da7043fed80771b899a5e867298,1,cross_family_test_set,XATMOV/structures/XATMOV_C2_14_4120_z2_22.cif,090b02438f3af5b26ee215b5045dfc161d78159d19fced9b51d9762be0fc0cf2,0dd51b921b48a2c1175f9784edf53e7f9dc38da7043fed80771b899a5e867298,0,88,"[""C"", ""C"", ""N"", ""C"", ""H"", ""H"", ""H"", ""H"", ""H"", ""H"", ""H"", ""C"", ""C"", ""N"", ""C"", ""H"", ""H"", ""H"", ""H"", ""H"", ""H"", ""H"", ""C"", ""C"", ""N"", ""C"", ""H"", ""H"", ""H"", ""H"", ""H"", ""H"", ""H"", ""C"", ""C"", ""N"", ""C"", ""H"", ""H"", ""H"", ""H"", ""H"", ""H"", ""H"", ""C"", ""C"", ""N"", ""C"", ""H"", ""H"", ""H"", ""H"", ""H"", ""H"", ""H"", ""C"", ""C"", ""N"", ""C"", ""H"", ""H"", ""H"", ""H"", ""H"", ""H"", ""H"", ""C"", ""C"", ""N"", ""C"", ""H"", ""H"", ""H"", ""H"", ""H"", ""H"", ""H"", ""C"", ""C"", ""N"", ""C"", ""H"", ""H"", ""H"", ""H"", ""H"", ""H"", ""H""]",C24H56N8,"[true, true, true]","[14.240653246086872, 0.0, 0.0, 0.0, 15.135561894985123, 0.0, -0.9002236155738481, 0.0, 15.255482464418893]",3288.1710935885776,[],"{""cutoff=6.000_skin=0.000"": 1764, ""cutoff=6.000_skin=0.500"": 2224}",0.0,,
OPT-RF-U256-XATMOV88-R256-v1,f76be7fea227482e0d2e5078d97994299bbc9dfbe0681fde37169ce8641b13b1,OPT-RF-U256-XATMOV88-R256-v1:0002,XATMOV_C2_14_5507_z2_22,9239683f8d4cd5e3e5bf6a4e8377c7a307233e20a88a6b3344fa778384d17b57,2,cross_family_test_set,XATMOV/structures/XATMOV_C2_14_5507_z2_22.cif,105a5a780eb6b19a6b3b7b5742aa8251bbbe3709c01db864d086c0a294132af2,9239683f8d4cd5e3e5bf6a4e8377c7a307233e20a88a6b3344fa778384d17b57,0,88,"[""C"", ""C"", ""N"", ""C"", ""H"", ""H"", ""H"", ""H"", ""H"", ""H"", ""H"", ""C"", ""C"", ""N"", ""C"", ""H"", ""H"", ""H"", ""H"", ""H"", ""H"", ""H"", ""C"", ""C"", ""N"", ""C"", ""H"", ""H"", ""H"", ""H"", ""H"", ""H"", ""H"", ""C"", ""C"", ""N"", ""C"", ""H"", ""H"", ""H"", ""H"", ""H"", ""H"", ""H"", ""C"", ""C"", ""N"", ""C"", ""H"", ""H"", ""H"", ""H"", ""H"", ""H"", ""H"", ""C"", ""C"", ""N"", ""C"", ""H"", ""H"", ""H"", ""H"", ""H"", ""H"", ""H"", ""C"", ""C"", ""N"", ""C"", ""H"", ""H"", ""H"", ""H"", ""H"", ""H"", ""H"", ""C"", ""C"", ""N"", ""C"", ""H"", ""H"", ""H"", ""H"", ""H"", ""H"", ""H""]",C24H56N8,"[true, true, true]","[16.436700697956027, 0.0, 0.0, 0.0, 14.427132691645724, 0.0, -2.5646050943003282, 0.0, 16.77492473792463]",3977.912752520952,[],"{""cutoff=6.000_skin=0.000"": 1852, ""cutoff=6.000_skin=0.500"": 2236}",0.0,,
OPT-RF-U256-XATMOV88-R256-v1,f76be7fea227482e0d2e5078d97994299bbc9dfbe0681fde37169ce8641b13b1,OPT-RF-U256-XATMOV88-R256-v1:0003,XATMOV_C1_14_5544_z2_22,1fe3344b8723d585fd97f38bcdaad5d8e9dfa88b15fb8a638931863246a91d44,3,cross_family_test_set,XATMOV/structures/XATMOV_C1_14_5544_z2_22.cif,82d160a90fd8c78295c54eb31d9083cd2326d14514367dfe2295866219455cc0,1fe3344b8723d585fd97f38bcdaad5d8e9dfa88b15fb8a638931863246a91d44,0,88,"[""C"", ""C"", ""N"", ""C"", ""H"", ""H"", ""H"", ""H"", ""H"", ""H"", ""H"", ""C"", ""C"", ""N"", ""C"", ""H"", ""H"", ""H"", ""H"", ""H"", ""H"", ""H"", ""C"", ""C"", ""N"", ""C"", ""H"", ""H"", ""H"", ""H"", ""H"", ""H"", ""H"", ""C"", ""C"", ""N"", ""C"", ""H"", ""H"", ""H"", ""H"", ""H"", ""H"", ""H"", ""C"", ""C"", ""N"", ""C"", ""H"", ""H"", ""H"", ""H"", ""H"", ""H"", ""H"", ""C"", ""C"", ""N"", ""C"", ""H"", ""H"", ""H"", ""H"", ""H"", ""H"", ""H"", ""C"", ""C"", ""N"", ""C"", ""H"", ""H"", ""H"", ""H"", ""H"", ""H"", ""H"", ""C"", ""C"", ""N"", ""C"", ""H"", ""H"", ""H"", ""H"", ""H"", ""H"", ""H""]",C24H56N8,"[true, true, true]","[15.550445840011875, 0.0, 0.0, 0.0, 16.08425634577732, 0.0, 5.154534446062407, 0.0, 15.710242408089986]",3929.404311798125,[],"{""cutoff=6.000_skin=0.000"": 1904, ""cutoff=6.000_skin=0.500"": 2164}",0.0,,
OPT-RF-U256-XATMOV88-R256-v1,f76be7fea227482e0d2e5078d97994299bbc9dfbe0681fde37169ce8641b13b1,OPT-RF-U256-XATMOV88-R256-v1:0004,XATMOV_C2_14_818_z2_22,7f5800ed809f257c8c2881ccf5eb52a1cebc0854e27a37f71aaf80619a864ea8,4,cross_family_test_set,XATMOV/structures/XATMOV_C2_14_818_z2_22.cif,863ef34bffc72b796022218e4d018e6ae43797558e3110b35eee49d68e1eca73,7f5800ed809f257c8c2881ccf5eb52a1cebc0854e27a37f71aaf80619a864ea8,0,88,"[""C"", ""C"", ""N"", ""C"", ""H"", ""H"", ""H"", ""H"", ""H"", ""H"", ""H"", ""C"", ""C"", ""N"", ""C"", ""H"", ""H"", ""H"", ""H"", ""H"", ""H"", ""H"", ""C"", ""C"", ""N"", ""C"", ""H"", ""H"", ""H"", ""H"", ""H"", ""H"", ""H"", ""C"", ""C"", ""N"", ""C"", ""H"", ""H"", ""H"", ""H"", ""H"", ""H"", ""H"", ""C"", ""C"", ""N"", ""C"", ""H"", ""H"", ""H"", ""H"", ""H"", ""H"", ""H"", ""C"", ""C"", ""N"", ""C"", ""H"", ""H"", ""H"", ""H"", ""H"", ""H"", ""H"", ""C"", ""C"", ""N"", ""C"", ""H"", ""H"", ""H"", ""H"", ""H"", ""H"", ""H"", ""C"", ""C"", ""N"", ""C"", ""H"", ""H"", ""H"", ""H"", ""H"", ""H"", ""H""]",C24H56N8,"[true, true, true]","[14.572734079468418, 0.0, 0.0, 0.0, 15.481297054876912, 0.0, 9.467894714813495, 0.0, 13.423846498384139]",3028.4845425913663,[],"{""cutoff=6.000_skin=0.000"": 2112, ""cutoff=6.000_skin=0.500"": 2632}",0.0,,
OPT-RF-U256-XATMOV88-R256-v1,f76be7fea227482e0d2e5078d97994299bbc9dfbe0681fde37169ce8641b13b1,OPT-RF-U256-XATMOV88-R256-v1:0005,XATMOV_C1_14_6879_z2_22,fdf4bbad85c6e36bf752fa610b8b7be540c4ce7787734a625f422e0310f87339,5,cross_family_test_set,XATMOV/structures/XATMOV_C1_14_6879_z2_22.cif,4848dbba1c8367a20b80aec4c5fbed2a020164414fbea004c726c0cb55809f7c,fdf4bbad85c6e36bf752fa610b8b7be540c4ce7787734a625f422e0310f87339,0,88,"[""C"", ""C"", ""N"", ""C"", ""H"", ""H"", ""H"", ""H"", ""H"", ""H"", ""H"", ""C"", ""C"", ""N"", ""C"", ""H"", ""H"", ""H"", ""H"", ""H"", ""H"", ""H"", ""C"", ""C"", ""N"", ""C"", ""H"", ""H"", ""H"", ""H"", ""H"", ""H"", ""H"", ""C"", ""C"", ""N"", ""C"", ""H"", ""H"", ""H"", ""H"", ""H"", ""H"", ""H"", ""C"", ""C"", ""N"", ""C"", ""H"", ""H"", ""H"", ""H"", ""H"", ""H"", ""H"", ""C"", ""C"", ""N"", ""C"", ""H"", ""H"", ""H"", ""H"", ""H"", ""H"", ""H"", ""C"", ""C"", ""N"", ""C"", ""H"", ""H"", ""H"", ""H"", ""H"", ""H"", ""H"", ""C"", ""C"", ""N"", ""C"", ""H"", ""H"", ""H"", ""H"", ""H"", ""H"", ""H""]",C24H56N8,"[true, true, true]","[14.384863300194567, 0.0, 0.0, 0.0, 13.143566822760057, 0.0, 3.4923745877068577, 0.0, 12.722963238876655]",2405.5104557934737,[],"{""cutoff=6.000_skin=0.000"": 2144, ""cutoff=6.000_skin=0.500"": 3072}",0.0,,
OPT-RF-U256-XATMOV88-R256-v1,f76be7fea227482e0d2e5078d97994299bbc9dfbe0681fde37169ce8641b13b1,OPT-RF-U256-XATMOV88-R256-v1:0006,XATMOV_C1_14_706_z2_22,012d11c3dc6033301c03ad6fe5e7377e94f490c314b91136d5ebb019298e7e2a,6,cross_family_test_set,XATMOV/structures/XATMOV_C1_14_706_z2_22.cif,93294093baa09bcc67886344d35e473dc2f609afa9135025c81e2f4a31f7434e,012d11c3dc6033301c03ad6fe5e7377e94f490c314b91136d5ebb019298e7e2a,0,88,"[""C"", ""C"", ""N"", ""C"", ""H"", ""H"", ""H"", ""H"", ""H"", ""H"", ""H"", ""C"", ""C"", ""N"", ""C"", ""H"", ""H"", ""H"", ""H"", ""H"", ""H"", ""H"", ""C"", ""C"", ""N"", ""C"", ""H"", ""H"", ""H"", ""H"", ""H"", ""H"", ""H"", ""C"", ""C"", ""N"", ""C"", ""H"", ""H"", ""H"", ""H"", ""H"", ""H"", ""H"", ""C"", ""C"", ""N"", ""C"", ""H"", ""H"", ""H"", ""H"", ""H"", ""H"", ""H"", ""C"", ""C"", ""N"", ""C"", ""H"", ""H"", ""H"", ""H"", ""H"", ""H"", ""H"", ""C"", ""C"", ""N"", ""C"", ""H"", ""H"", ""H"", ""H"", ""H"", ""H"", ""H"", ""C"", ""C"", ""N"", ""C"", ""H"", ""H"", ""H"", ""H"", ""H"", ""H"", ""H""]",C24H56N8,"[true, true, true]","[16.115228424389997, 0.0, 0.0, 0.0, 11.283961277708912, 0.0, -4.64541349370914, 0.0, 16.49054236696696]",2998.699812951041,[],"{""cutoff=6.000_skin=0.000"": 2160, ""cutoff=6.000_skin=0.500"": 2488}",0.0,,
OPT-RF-U256-XATMOV88-R256-v1,f76be7fea227482e0d2e5078d97994299bbc9dfbe0681fde37169ce8641b13b1,OPT-RF-U256-XATMOV88-R256-v1:0007,XATMOV_C1_14_6261_z2_22,61e5ee60bbaa93215638fbb3b80fbd70aaf4d5e8b26992a7381562269a4fd392,7,cross_family_test_set,XATMOV/structures/XATMOV_C1_14_6261_z2_22.cif,e0cc27e01cd938dd8213282da43a44c3a645abd6cc649aab8a3112e8246b9059,61e5ee60bbaa93215638fbb3b80fbd70aaf4d5e8b26992a7381562269a4fd392,0,88,"[""C"", ""C"", ""N"", ""C"", ""H"", ""H"", ""H"", ""H"", ""H"", ""H"", ""H"", ""C"", ""C"", ""N"", ""C"", ""H"", ""H"", ""H"", ""H"", ""H"", ""H"", ""H"", ""C"", ""C"", ""N"", ""C"", ""H"", ""H"", ""H"", ""H"", ""H"", ""H"", ""H"", ""C"", ""C"", ""N"", ""C"", ""H"", ""H"", ""H"", ""H"", ""H"", ""H"", ""H"", ""C"", ""C"", ""N"", ""C"", ""H"", ""H"", ""H"", ""H"", ""H"", ""H"", ""H"", ""C"", ""C"", ""N"", ""C"", ""H"", ""H"", ""H"", ""H"", ""H"", ""H"", ""H"", ""C"", ""C"", ""N"", ""C"", ""H"", ""H"", ""H"", ""H"", ""H"", ""H"", ""H"", ""C"", ""C"", ""N"", ""C"", ""H"", ""H"", ""H"", ""H"", ""H"", ""H"", ""H""]",C24H56N8,"[true, true, true]","[14.93933534454937, 0.0, 0.0, 0.0, 14.251454583510906, 0.0, 7.436731793976939, 0.0, 12.57726615231814]",2677.7912643502746,[],"{""cutoff=6.000_skin=0.000"": 2172, ""cutoff=6.000_skin=0.500"": 2840}",0.0,,
OPT-RF-U256-XATMOV88-R256-v1,f76be7fea227482e0d2e5078d97994299bbc9dfbe0681fde37169ce8641b13b1,OPT-RF-U256-XATMOV88-R256-v1:0008,XATMOV_C2_14_5061_z2_22,94d558f677e0316fc45cb9c5ccc585fe5e93e72ac25cd049b2b6c09c2a1da37d,8,cross_family_test_set,XATMOV/structures/XATMOV_C2_14_5061_z2_22.cif,9b859f98efd20e91e316ccb06c4335970f3d1ad769041eea4c0918d420a57abd,94d558f677e0316fc45cb9c5ccc585fe5e93e72ac25cd049b2b6c09c2a1da37d,0,88,"[""C"", ""C"", ""N"", ""C"", ""H"", ""H"", ""H"", ""H"", ""H"", ""H"", ""H"", ""C"", ""C"", ""N"", ""C"", ""H"", ""H"", ""H"", ""H"", ""H"", ""H"", ""H"", ""C"", ""C"", ""N"", ""C"", ""H"", ""H"", ""H"", ""H"", ""H"", ""H"", ""H"", ""C"", ""C"", ""N"", ""C"", ""H"", ""H"", ""H"", ""H"", ""H"", ""H"", ""H"", ""C"", ""C"", ""N"", ""C"", ""H"", ""H"", ""H"", ""H"", ""H"", ""H"", ""H"", ""C"", ""C"", ""N"", ""C"", ""H"", ""H"", ""H"", ""H"", ""H"", ""H"", ""H"", ""C"", ""C"", ""N"", ""C"", ""H"", ""H"", ""H"", ""H"", ""H"", ""H"", ""H"", ""C"", ""C"", ""N"", ""C"", ""H"", ""H"", ""H"", ""H"", ""H"", ""H"", ""H""]",C24H56N8,"[true, true, true]","[14.211137162069512, 0.0, 0.0, 0.0, 15.912793963694, 0.0, 8.85666157731083, 0.0, 13.183411120126111]",2981.282057969528,[],"{""cutoff=6.000_skin=0.000"": 2196, ""cutoff=6.000_skin=0.500"": 2592}",0.0,,
OPT-RF-U256-XATMOV88-R256-v1,f76be7fea227482e0d2e5078d97994299bbc9dfbe0681fde37169ce8641b13b1,OPT-RF-U256-XATMOV88-R256-v1:0009,XATMOV_C1_14_6592_z2_22,c50174fe3906801471d20c8b7339f2422f3a9348bc8b366169f20b172c5ba9b9,9,cross_family_test_set,XATMOV/structures/XATMOV_C1_14_6592_z2_22.cif,55ce6203bf28e0ec4dc5e146bbcb75fed7136ab2138dc34a99762100683f22e1,c50174fe3906801471d20c8b7339f2422f3a9348bc8b366169f20b172c5ba9b9,0,88,"[""C"", ""C"", ""N"", ""C"", ""H"", ""H"", ""H"", ""H"", ""H"", ""H"", ""H"", ""C"", ""C"", ""N"", ""C"", ""H"", ""H"", ""H"", ""H"", ""H"", ""H"", ""H"", ""C"", ""C"", ""N"", ""C"", ""H"", ""H"", ""H"", ""H"", ""H"", ""H"", ""H"", ""C"", ""C"", ""N"", ""C"", ""H"", ""H"", ""H"", ""H"", ""H"", ""H"", ""H"", ""C"", ""C"", ""N"", ""C"", ""H"", ""H"", ""H"", ""H"", ""H"", ""H"", ""H"", ""C"", ""C"", ""N"", ""C"", ""H"", ""H"", ""H"", ""H"", ""H"", ""H"", ""H"", ""C"", ""C"", ""N"", ""C"", ""H"", ""H"", ""H"", ""H"", ""H"", ""H"", ""H"", ""C"", ""C"", ""N"", ""C"", ""H"", ""H"", ""H"", ""H"", ""H"", ""H"", ""H""]",C24H56N8,"[true, true, true]","[12.471965833313579, 0.0, 0.0, 0.0, 14.750932362197581, 0.0, -3.365755721929964, 0.0, 17.338732381915687]",3189.8607699713452,[],"{""cutoff=6.000_skin=0.000"": 2208, ""cutoff=6.000_skin=0.500"": 2804}",0.0,,
OPT-RF-U256-XATMOV88-R256-v1,f76be7fea227482e0d2e5078d97994299bbc9dfbe0681fde37169ce8641b13b1,OPT-RF-U256-XATMOV88-R256-v1:0010,XATMOV_C2_14_4640_z2_22,7a07359244adef91a7ec57763d0dc0dfac22c883b2e1596cd669a71555978c56,10,cross_family_test_set,XATMOV/structures/XATMOV_C2_14_4640_z2_22.cif,befdc8e15e744a51c9547289f5586cf71598ec52fc0223042568daf9d10f502d,7a07359244adef91a7ec57763d0dc0dfac22c883b2e1596cd669a71555978c56,0,88,"[""C"", ""C"", ""N"", ""C"", ""H"", ""H"", ""H"", ""H"", ""H"", ""H"", ""H"", ""C"", ""C"", ""N"", ""C"", ""H"", ""H"", ""H"", ""H"", ""H"", ""H"", ""H"", ""C"", ""C"", ""N"", ""C"", ""H"", ""H"", ""H"", ""H"", ""H"", ""H"", ""H"", ""C"", ""C"", ""N"", ""C"", ""H"", ""H"", ""H"", ""H"", ""H"", ""H"", ""H"", ""C"", ""C"", ""N"", ""C"", ""H"", ""H"", ""H"", ""H"", ""H"", ""H"", ""H"", ""C"", ""C"", ""N"", ""C"", ""H"", ""H"", ""H"", ""H"", ""H"", ""H"", ""H"", ""C"", ""C"", ""N"", ""C"", ""H"", ""H"", ""H"", ""H"", ""H"", ""H"", ""H"", ""C"", ""C"", ""N"", ""C"", ""H"", ""H"", ""H"", ""H"", ""H"", ""H"", ""H""]",C24H56N8,"[true, true, true]","[13.65918650516911, 0.0, 0.0, 0.0, 14.402962920603017, 0.0, -0.33662624209528713, 0.0, 15.557622120414326]",3060.693888372495,[],"{""cutoff=6.000_skin=0.000"": 2212, ""cutoff=6.000_skin=0.500"": 2688}",0.0,,
OPT-RF-U256-XATMOV88-R256-v1,f76be7fea227482e0d2e5078d97994299bbc9dfbe0681fde37169ce8641b13b1,OPT-RF-U256-XATMOV88-R256-v1:0011,XATMOV_C1_14_7112_z2_22,228fa8eba8572ea1e387d26507be02276f3fa154247e5432bcfb7ea0aa08e4ae,11,cross_family_test_set,XATMOV/structures/XATMOV_C1_14_7112_z2_22.cif,6b1ed653c974cb0c80b93639c570714f2bb467c4dbfaeaf317633d9b0ca32f3d,228fa8eba8572ea1e387d26507be02276f3fa154247e5432bcfb7ea0aa08e4ae,0,88,"[""C"", ""C"", ""N"", ""C"", ""H"", ""H"", ""H"", ""H"", ""H"", ""H"", ""H"", ""C"", ""C"", ""N"", ""C"", ""H"", ""H"", ""H"", ""H"", ""H"", ""H"", ""H"", ""C"", ""C"", ""N"", ""C"", ""H"", ""H"", ""H"", ""H"", ""H"", ""H"", ""H"", ""C"", ""C"", ""N"", ""C"", ""H"", ""H"", ""H"", ""H"", ""H"", ""H"", ""H"", ""C"", ""C"", ""N"", ""C"", ""H"", ""H"", ""H"", ""H"", ""H"", ""H"", ""H"", ""C"", ""C"", ""N"", ""C"", ""H"", ""H"", ""H"", ""H"", ""H"", ""H"", ""H"", ""C"", ""C"", ""N"", ""C"", ""H"", ""H"", ""H"", ""H"", ""H"", ""H"", ""H"", ""C"", ""C"", ""N"", ""C"", ""H"", ""H"", ""H"", ""H"", ""H"", ""H"", ""H""]",C24H56N8,"[true, true, true]","[10.686971867810382, 0.0, 0.0, 0.0, 15.393462244268974, 0.0, -1.2593037143462211, 0.0, 16.866608118600656]",2774.7172337559914,[],"{""cutoff=6.000_skin=0.000"": 2244, ""cutoff=6.000_skin=0.500"": 2692}",0.0,,
OPT-RF-U256-XATMOV88-R256-v1,f76be7fea227482e0d2e5078d97994299bbc9dfbe0681fde37169ce8641b13b1,OPT-RF-U256-XATMOV88-R256-v1:0012,XATMOV_C2_14_6054_z2_22,99524e9d89a9aa44688a09abfcf24b28819258b6f34fa7098afd0d7a49b8d125,12,cross_family_test_set,XATMOV/structures/XATMOV_C2_14_6054_z2_22.cif,79fb89ff6269eb0d2be9936bdbbdcb0c73c97f83165346cf446c2a35d16402db,99524e9d89a9aa44688a09abfcf24b28819258b6f34fa7098afd0d7a49b8d125,0,88,"[""C"", ""C"", ""N"", ""C"", ""H"", ""H"", ""H"", ""H"", ""H"", ""H"", ""H"", ""C"", ""C"", ""N"", ""C"", ""H"", ""H"", ""H"", ""H"", ""H"", ""H"", ""H"", ""C"", ""C"", ""N"", ""C"", ""H"", ""H"", ""H"", ""H"", ""H"", ""H"", ""H"", ""C"", ""C"", ""N"", ""C"", ""H"", ""H"", ""H"", ""H"", ""H"", ""H"", ""H"", ""C"", ""C"", ""N"", ""C"", ""H"", ""H"", ""H"", ""H"", ""H"", ""H"", ""H"", ""C"", ""C"", ""N"", ""C"", ""H"", ""H"", ""H"", ""H"", ""H"", ""H"", ""H"", ""C"", ""C"", ""N"", ""C"", ""H"", ""H"", ""H"", ""H"", ""H"", ""H"", ""H"", ""C"", ""C"", ""N"", ""C"", ""H"", ""H"", ""H"", ""H"", ""H"", ""H"", ""H""]",C24H56N8,"[true, true, true]","[13.518010373657173, 0.0, 0.0, 0.0, 12.724771606396988, 0.0, 2.859524919225233, 0.0, 16.952126366867553]",2915.9961921001727,[],"{""cutoff=6.000_skin=0.000"": 2256, ""cutoff=6.000_skin=0.500"": 2848}",0.0,,
OPT-RF-U256-XATMOV88-R256-v1,f76be7fea227482e0d2e5078d97994299bbc9dfbe0681fde37169ce8641b13b1,OPT-RF-U256-XATMOV88-R256-v1:0013,XATMOV_C2_14_2285_z2_22,a1271cc223fb80ab143c94b36150989c274d23e2e59c1f5ca233ec68d37b75e8,13,cross_family_test_set,XATMOV/structures/XATMOV_C2_14_2285_z2_22.cif,fe8bf9ab2654335e2b74957464fc5d045e7c0bb79184c3f70f887cb2a5f2e777,a1271cc223fb80ab143c94b36150989c274d23e2e59c1f5ca233ec68d37b75e8,0,88,"[""C"", ""C"", ""N"", ""C"", ""H"", ""H"", ""H"", ""H"", ""H"", ""H"", ""H"", ""C"", ""C"", ""N"", ""C"", ""H"", ""H"", ""H"", ""H"", ""H"", ""H"", ""H"", ""C"", ""C"", ""N"", ""C"", ""H"", ""H"", ""H"", ""H"", ""H"", ""H"", ""H"", ""C"", ""C"", ""N"", ""C"", ""H"", ""H"", ""H"", ""H"", ""H"", ""H"", ""H"", ""C"", ""C"", ""N"", ""C"", ""H"", ""H"", ""H"", ""H"", ""H"", ""H"", ""H"", ""C"", ""C"", ""N"", ""C"", ""H"", ""H"", ""H"", ""H"", ""H"", ""H"", ""H"", ""C"", ""C"", ""N"", ""C"", ""H"", ""H"", ""H"", ""H"", ""H"", ""H"", ""H"", ""C"", ""C"", ""N"", ""C"", ""H"", ""H"", ""H"", ""H"", ""H"", ""H"", ""H""]",C24H56N8,"[true, true, true]","[14.554876189887018, 0.0, 0.0, 0.0, 12.809191881369618, 0.0, 0.6090416684522003, 0.0, 14.53542377870997]",2709.929202685236,[],"{""cutoff=6.000_skin=0.000"": 2324, ""cutoff=6.000_skin=0.500"": 3144}",0.0,,
OPT-RF-U256-XATMOV88-R256-v1,f76be7fea227482e0d2e5078d97994299bbc9dfbe0681fde37169ce8641b13b1,OPT-RF-U256-XATMOV88-R256-v1:0014,XATMOV_C1_14_2970_z2_22,490358bc4567e4aa83d24bc5b5c76e3cb9b279b36140498fd1ac0845d995a6af,14,cross_family_test_set,XATMOV/structures/XATMOV_C1_14_2970_z2_22.cif,970fd2e2b320cce47d80a073b89873afa76f7501d4a8e228c958f2a60ff2f1f4,490358bc4567e4aa83d24bc5b5c76e3cb9b279b36140498fd1ac0845d995a6af,0,88,"[""C"", ""C"", ""N"", ""C"", ""H"", ""H"", ""H"", ""H"", ""H"", ""H"", ""H"", ""C"", ""C"", ""N"", ""C"", ""H"", ""H"", ""H"", ""H"", ""H"", ""H"", ""H"", ""C"", ""C"", ""N"", ""C"", ""H"", ""H"", ""H"", ""H"", ""H"", ""H"", ""H"", ""C"", ""C"", ""N"", ""C"", ""H"", ""H"", ""H"", ""H"", ""H"", ""H"", ""H"", ""C"", ""C"", ""N"", ""C"", ""H"", ""H"", ""H"", ""H"", ""H"", ""H"", ""H"", ""C"", ""C"", ""N"", ""C"", ""H"", ""H"", ""H"", ""H"", ""H"", ""H"", ""H"", ""C"", ""C"", ""N"", ""C"", ""H"", ""H"", ""H"", ""H"", ""H"", ""H"", ""H"", ""C"", ""C"", ""N"", ""C"", ""H"", ""H"", ""H"", ""H"", ""H"", ""H"", ""H""]",C24H56N8,"[true, true, true]","[8.224382755289778, 0.0, 0.0, 0.0, 19.009991799935158, 0.0, 6.685555838063472, 0.0, 17.48696132695818]",2734.006815720102,[],"{""cutoff=6.000_skin=0.000"": 2420, ""cutoff=6.000_skin=0.500"": 3156}",0.0,,
OPT-RF-U256-XATMOV88-R256-v1,f76be7fea227482e0d2e5078d97994299bbc9dfbe0681fde37169ce8641b13b1,OPT-RF-U256-XATMOV88-R256-v1:0015,XATMOV_C1_14_4277_z2_22,33c91a3efec5b6edd1a1b5e0851c7f278fca811e5336e533eef1ab183e50f76b,15,cross_family_test_set,XATMOV/structures/XATMOV_C1_14_4277_z2_22.cif,c66860dacf3ca697e1e328efe4f50fcf1174c9f9c7dab88d17d92c9ccab4b330,33c91a3efec5b6edd1a1b5e0851c7f278fca811e5336e533eef1ab183e50f76b,0,88,"[""C"", ""C"", ""N"", ""C"", ""H"", ""H"", ""H"", ""H"", ""H"", ""H"", ""H"", ""C"", ""C"", ""N"", ""C"", ""H"", ""H"", ""H"", ""H"", ""H"", ""H"", ""H"", ""C"", ""C"", ""N"", ""C"", ""H"", ""H"", ""H"", ""H"", ""H"", ""H"", ""H"", ""C"", ""C"", ""N"", ""C"", ""H"", ""H"", ""H"", ""H"", ""H"", ""H"", ""H"", ""C"", ""C"", ""N"", ""C"", ""H"", ""H"", ""H"", ""H"", ""H"", ""H"", ""H"", ""C"", ""C"", ""N"", ""C"", ""H"", ""H"", ""H"", ""H"", ""H"", ""H"", ""H"", ""C"", ""C"", ""N"", ""C"", ""H"", ""H"", ""H"", ""H"", ""H"", ""H"", ""H"", ""C"", ""C"", ""N"", ""C"", ""H"", ""H"", ""H"", ""H"", ""H"", ""H"", ""H""]",C24H56N8,"[true, true, true]","[11.488499927656704, 0.0, 0.0, 0.0, 16.822834328490153, 0.0, -3.1170021733548277, 0.0, 15.311905202575161]",2959.3186119330253,[],"{""cutoff=6.000_skin=0.000"": 2420, ""cutoff=6.000_skin=0.500"": 3044}",0.0,,
OPT-RF-U256-XATMOV88-R256-v1,f76be7fea227482e0d2e5078d97994299bbc9dfbe0681fde37169ce8641b13b1,OPT-RF-U256-XATMOV88-R256-v1:0016,XATMOV_C1_14_6495_z2_22,b276ba7d0686f9d0ca66b02a25cda60447e4a488d3bd2c088872b879e358dd1f,16,cross_family_test_set,XATMOV/structures/XATMOV_C1_14_6495_z2_22.cif,6816eb518f47f70d370ff215a542744310cff310460f748b12c2cbddf6c859e1,b276ba7d0686f9d0ca66b02a25cda60447e4a488d3bd2c088872b879e358dd1f,0,88,"[""C"", ""C"", ""N"", ""C"", ""H"", ""H"", ""H"", ""H"", ""H"", ""H"", ""H"", ""C"", ""C"", ""N"", ""C"", ""H"", ""H"", ""H"", ""H"", ""H"", ""H"", ""H"", ""C"", ""C"", ""N"", ""C"", ""H"", ""H"", ""H"", ""H"", ""H"", ""H"", ""H"", ""C"", ""C"", ""N"", ""C"", ""H"", ""H"", ""H"", ""H"", ""H"", ""H"", ""H"", ""C"", ""C"", ""N"", ""C"", ""H"", ""H"", ""H"", ""H"", ""H"", ""H"", ""H"", ""C"", ""C"", ""N"", ""C"", ""H"", ""H"", ""H"", ""H"", ""H"", ""H"", ""H"", ""C"", ""C"", ""N"", ""C"", ""H"", ""H"", ""H"", ""H"", ""H"", ""H"", ""H"", ""C"", ""C"", ""N"", ""C"", ""H"", ""H"", ""H"", ""H"", ""H"", ""H"", ""H""]",C24H56N8,"[true, true, true]","[13.084349007230678, 0.0, 0.0, 0.0, 13.638192345411447, 0.0, -8.073367220000728, 0.0, 13.85343625109761]",2472.1023166278733,[],"{""cutoff=6.000_skin=0.000"": 2444, ""cutoff=6.000_skin=0.500"": 3260}",0.0,,
OPT-RF-U256-XATMOV88-R256-v1,f76be7fea227482e0d2e5078d97994299bbc9dfbe0681fde37169ce8641b13b1,OPT-RF-U256-XATMOV88-R256-v1:0017,XATMOV_C2_14_191_z2_22,abfa7378fb2bc2a4fb1050cbdc125ebd8332f926f8f31d5a1895a708ed3c7e9a,17,cross_family_test_set,XATMOV/structures/XATMOV_C2_14_191_z2_22.cif,5422f245289d4f82f2255b0f112372e7a37397876409c9db2d010169f63fe033,abfa7378fb2bc2a4fb1050cbdc125ebd8332f926f8f31d5a1895a708ed3c7e9a,0,88,"[""C"", ""C"", ""N"", ""C"", ""H"", ""H"", ""H"", ""H"", ""H"", ""H"", ""H"", ""C"", ""C"", ""N"", ""C"", ""H"", ""H"", ""H"", ""H"", ""H"", ""H"", ""H"", ""C"", ""C"", ""N"", ""C"", ""H"", ""H"", ""H"", ""H"", ""H"", ""H"", ""H"", ""C"", ""C"", ""N"", ""C"", ""H"", ""H"", ""H"", ""H"", ""H"", ""H"", ""H"", ""C"", ""C"", ""N"", ""C"", ""H"", ""H"", ""H"", ""H"", ""H"", ""H"", ""H"", ""C"", ""C"", ""N"", ""C"", ""H"", ""H"", ""H"", ""H"", ""H"", ""H"", ""H"", ""C"", ""C"", ""N"", ""C"", ""H"", ""H"", ""H"", ""H"", ""H"", ""H"", ""H"", ""C"", ""C"", ""N"", ""C"", ""H"", ""H"", ""H"", ""H"", ""H"", ""H"", ""H""]",C24H56N8,"[true, true, true]","[14.18266292508195, 0.0, 0.0, 0.0, 14.36252321631509, 0.0, 6.088155898992266, 0.0, 12.287037324750482]",2502.855072303064,[],"{""cutoff=6.000_skin=0.000"": 2488, ""cutoff=6.000_skin=0.500"": 3220}",0.0,,
OPT-RF-U256-XATMOV88-R256-v1,f76be7fea227482e0d2e5078d97994299bbc9dfbe0681fde37169ce8641b13b1,OPT-RF-U256-XATMOV88-R256-v1:0018,XATMOV_C2_14_5856_z2_22,284dbb449703a2c4ec4fc8c95fb66d35283aa9cc23ce83708281eedcbbb44db7,18,cross_family_test_set,XATMOV/structures/XATMOV_C2_14_5856_z2_22.cif,2e8f4ba93da1a9d0649d6b4df4062e181cf507f36224982d3cc4d9a93b4d8e76,284dbb449703a2c4ec4fc8c95fb66d35283aa9cc23ce83708281eedcbbb44db7,0,88,"[""C"", ""C"", ""N"", ""C"", ""H"", ""H"", ""H"", ""H"", ""H"", ""H"", ""H"", ""C"", ""C"", ""N"", ""C"", ""H"", ""H"", ""H"", ""H"", ""H"", ""H"", ""H"", ""C"", ""C"", ""N"", ""C"", ""H"", ""H"", ""H"", ""H"", ""H"", ""H"", ""H"", ""C"", ""C"", ""N"", ""C"", ""H"", ""H"", ""H"", ""H"", ""H"", ""H"", ""H"", ""C"", ""C"", ""N"", ""C"", ""H"", ""H"", ""H"", ""H"", ""H"", ""H"", ""H"", ""C"", ""C"", ""N"", ""C"", ""H"", ""H"", ""H"", ""H"", ""H"", ""H"", ""H"", ""C"", ""C"", ""N"", ""C"", ""H"", ""H"", ""H"", ""H"", ""H"", ""H"", ""H"", ""C"", ""C"", ""N"", ""C"", ""H"", ""H"", ""H"", ""H"", ""H"", ""H"", ""H""]",C24H56N8,"[true, true, true]","[17.131466587040777, 0.0, 0.0, 0.0, 17.683340493741213, 0.0, -2.634630116613441, 0.0, 9.90816768418061]",3001.595743437604,[],"{""cutoff=6.000_skin=0.000"": 2488, ""cutoff=6.000_skin=0.500"": 2896}",0.0,,
OPT-RF-U256-XATMOV88-R256-v1,f76be7fea227482e0d2e5078d97994299bbc9dfbe0681fde37169ce8641b13b1,OPT-RF-U256-XATMOV88-R256-v1:0019,XATMOV_C1_14_6115_z2_22,672b26df7564d9e6f615171da7f70f98e0c1e1acb88345691df07da17de86f56,19,cross_family_test_set,XATMOV/structures/XATMOV_C1_14_6115_z2_22.cif,141cded3e014ac320827d12a20045788e12a390bd0472f5c6075c6d3609beef2,672b26df7564d9e6f615171da7f70f98e0c1e1acb88345691df07da17de86f56,0,88,"[""C"", ""C"", ""N"", ""C"", ""H"", ""H"", ""H"", ""H"", ""H"", ""H"", ""H"", ""C"", ""C"", ""N"", ""C"", ""H"", ""H"", ""H"", ""H"", ""H"", ""H"", ""H"", ""C"", ""C"", ""N"", ""C"", ""H"", ""H"", ""H"", ""H"", ""H"", ""H"", ""H"", ""C"", ""C"", ""N"", ""C"", ""H"", ""H"", ""H"", ""H"", ""H"", ""H"", ""H"", ""C"", ""C"", ""N"", ""C"", ""H"", ""H"", ""H"", ""H"", ""H"", ""H"", ""H"", ""C"", ""C"", ""N"", ""C"", ""H"", ""H"", ""H"", ""H"", ""H"", ""H"", ""H"", ""C"", ""C"", ""N"", ""C"", ""H"", ""H"", ""H"", ""H"", ""H"", ""H"", ""H"", ""C"", ""C"", ""N"", ""C"", ""H"", ""H"", ""H"", ""H"", ""H"", ""H"", ""H""]",C24H56N8,"[true, true, true]","[14.868699725311217, 0.0, 0.0, 0.0, 14.132828367345205, 0.0, -6.871182685161395, 0.0, 12.719746073353106]",2672.886498342397,[],"{""cutoff=6.000_skin=0.000"": 2496, ""cutoff=6.000_skin=0.500"": 3064}",0.0,,
OPT-RF-U256-XATMOV88-R256-v1,f76be7fea227482e0d2e5078d97994299bbc9dfbe0681fde37169ce8641b13b1,OPT-RF-U256-XATMOV88-R256-v1:0020,XATMOV_C2_14_6097_z2_22,f1dd04f61762977741e5462b353bf52ce04852fec43712794707fa2083bff134,20,cross_family_test_set,XATMOV/structures/XATMOV_C2_14_6097_z2_22.cif,8379316321dd5d9c762a93fe2d58a4364426abcdfc0cc284d2f7b4f80306320a,f1dd04f61762977741e5462b353bf52ce04852fec43712794707fa2083bff134,0,88,"[""C"", ""C"", ""N"", ""C"", ""H"", ""H"", ""H"", ""H"", ""H"", ""H"", ""H"", ""C"", ""C"", ""N"", ""C"", ""H"", ""H"", ""H"", ""H"", ""H"", ""H"", ""H"", ""C"", ""C"", ""N"", ""C"", ""H"", ""H"", ""H"", ""H"", ""H"", ""H"", ""H"", ""C"", ""C"", ""N"", ""C"", ""H"", ""H"", ""H"", ""H"", ""H"", ""H"", ""H"", ""C"", ""C"", ""N"", ""C"", ""H"", ""H"", ""H"", ""H"", ""H"", ""H"", ""H"", ""C"", ""C"", ""N"", ""C"", ""H"", ""H"", ""H"", ""H"", ""H"", ""H"", ""H"", ""C"", ""C"", ""N"", ""C"", ""H"", ""H"", ""H"", ""H"", ""H"", ""H"", ""H"", ""C"", ""C"", ""N"", ""C"", ""H"", ""H"", ""H"", ""H"", ""H"", ""H"", ""H""]",C24H56N8,"[true, true, true]","[11.772459491451912, 0.0, 0.0, 0.0, 22.578221198618976, 0.0, 6.106201617077891, 0.0, 10.556853949741223]",2806.0243894731248,[],"{""cutoff=6.000_skin=0.000"": 2496, ""cutoff=6.000_skin=0.500"": 3048}",0.0,,
OPT-RF-U256-XATMOV88-R256-v1,f76be7fea227482e0d2e5078d97994299bbc9dfbe0681fde37169ce8641b13b1,OPT-RF-U256-XATMOV88-R256-v1:0021,XATMOV_C1_14_3269_z2_22,a6f3958484c5bc41e77f62f1920e6a1f9ec224eec94064e06b00dbd8f0e00cff,21,cross_family_test_set,XATMOV/structures/XATMOV_C1_14_3269_z2_22.cif,4368a197d4842e188af7608004bd36863e97f0eaa9070c992f80fb826860fd84,a6f3958484c5bc41e77f62f1920e6a1f9ec224eec94064e06b00dbd8f0e00cff,0,88,"[""C"", ""C"", ""N"", ""C"", ""H"", ""H"", ""H"", ""H"", ""H"", ""H"", ""H"", ""C"", ""C"", ""N"", ""C"", ""H"", ""H"", ""H"", ""H"", ""H"", ""H"", ""H"", ""C"", ""C"", ""N"", ""C"", ""H"", ""H"", ""H"", ""H"", ""H"", ""H"", ""H"", ""C"", ""C"", ""N"", ""C"", ""H"", ""H"", ""H"", ""H"", ""H"", ""H"", ""H"", ""C"", ""C"", ""N"", ""C"", ""H"", ""H"", ""H"", ""H"", ""H"", ""H"", ""H"", ""C"", ""C"", ""N"", ""C"", ""H"", ""H"", ""H"", ""H"", ""H"", ""H"", ""H"", ""C"", ""C"", ""N"", ""C"", ""H"", ""H"", ""H"", ""H"", ""H"", ""H"", ""H"", ""C"", ""C"", ""N"", ""C"", ""H"", ""H"", ""H"", ""H"", ""H"", ""H"", ""H""]",C24H56N8,"[true, true, true]","[19.259424062322637, 0.0, 0.0, 0.0, 20.793094164968437, 0.0, 6.667182481876393, 0.0, 7.503914603592515]",3005.0402896512896,[],"{""cutoff=6.000_skin=0.000"": 2500, ""cutoff=6.000_skin=0.500"": 3116}",0.0,,
OPT-RF-U256-XATMOV88-R256-v1,f76be7fea227482e0d2e5078d97994299bbc9dfbe0681fde37169ce8641b13b1,OPT-RF-U256-XATMOV88-R256-v1:0022,XATMOV_C2_14_1845_z2_22,4938ce0d4a8d3fe9914d1785f90f518902a26846ec229f47b5941a1ca4685efb,22,cross_family_test_set,XATMOV/structures/XATMOV_C2_14_1845_z2_22.cif,76eeecc848fada29e442320db36992ef8ae1de8509ede6f7883e293de82ab00b,4938ce0d4a8d3fe9914d1785f90f518902a26846ec229f47b5941a1ca4685efb,0,88,"[""C"", ""C"", ""N"", ""C"", ""H"", ""H"", ""H"", ""H"", ""H"", ""H"", ""H"", ""C"", ""C"", ""N"", ""C"", ""H"", ""H"", ""H"", ""H"", ""H"", ""H"", ""H"", ""C"", ""C"", ""N"", ""C"", ""H"", ""H"", ""H"", ""H"", ""H"", ""H"", ""H"", ""C"", ""C"", ""N"", ""C"", ""H"", ""H"", ""H"", ""H"", ""H"", ""H"", ""H"", ""C"", ""C"", ""N"", ""C"", ""H"", ""H"", ""H"", ""H"", ""H"", ""H"", ""H"", ""C"", ""C"", ""N"", ""C"", ""H"", ""H"", ""H"", ""H"", ""H"", ""H"", ""H"", ""C"", ""C"", ""N"", ""C"", ""H"", ""H"", ""H"", ""H"", ""H"", ""H"", ""H"", ""C"", ""C"", ""N"", ""C"", ""H"", ""H"", ""H"", ""H"", ""H"", ""H"", ""H""]",C24H56N8,"[true, true, true]","[10.785186160180054, 0.0, 0.0, 0.0, 13.716923941150565, 0.0, 0.23430619897639116, 0.0, 16.10859171497398]",2383.0982645201643,[],"{""cutoff=6.000_skin=0.000"": 2500, ""cutoff=6.000_skin=0.500"": 3060}",0.0,,
OPT-RF-U256-XATMOV88-R256-v1,f76be7fea227482e0d2e5078d97994299bbc9dfbe0681fde37169ce8641b13b1,OPT-RF-U256-XATMOV88-R256-v1:0023,XATMOV_C2_14_6489_z2_22,e5c147db78f984b70833adfe43b6b4c0956e44e41318030eb81e06759413ff06,23,cross_family_test_set,XATMOV/structures/XATMOV_C2_14_6489_z2_22.cif,71a2bd3300ea2a1af8812f6938645d3af2716bfb3823b7a8b942a87429bec663,e5c147db78f984b70833adfe43b6b4c0956e44e41318030eb81e06759413ff06,0,88,"[""C"", ""C"", ""N"", ""C"", ""H"", ""H"", ""H"", ""H"", ""H"", ""H"", ""H"", ""C"", ""C"", ""N"", ""C"", ""H"", ""H"", ""H"", ""H"", ""H"", ""H"", ""H"", ""C"", ""C"", ""N"", ""C"", ""H"", ""H"", ""H"", ""H"", ""H"", ""H"", ""H"", ""C"", ""C"", ""N"", ""C"", ""H"", ""H"", ""H"", ""H"", ""H"", ""H"", ""H"", ""C"", ""C"", ""N"", ""C"", ""H"", ""H"", ""H"", ""H"", ""H"", ""H"", ""H"", ""C"", ""C"", ""N"", ""C"", ""H"", ""H"", ""H"", ""H"", ""H"", ""H"", ""H"", ""C"", ""C"", ""N"", ""C"", ""H"", ""H"", ""H"", ""H"", ""H"", ""H"", ""H"", ""C"", ""C"", ""N"", ""C"", ""H"", ""H"", ""H"", ""H"", ""H"", ""H"", ""H""]",C24H56N8,"[true, true, true]","[14.936656708295423, 0.0, 0.0, 0.0, 11.68060637697431, 0.0, 3.626557841531205, 0.0, 14.448037812290325]",2520.737708450334,[],"{""cutoff=6.000_skin=0.000"": 2520, ""cutoff=6.000_skin=0.500"": 3108}",0.0,,
OPT-RF-U256-XATMOV88-R256-v1,f76be7fea227482e0d2e5078d97994299bbc9dfbe0681fde37169ce8641b13b1,OPT-RF-U256-XATMOV88-R256-v1:0024,XATMOV_C1_14_4859_z2_22,bf9f0c84af13ee452440d6d236ab7c7f15d258716bd1ac3fbce33daa6c9dbe9b,24,cross_family_test_set,XATMOV/structures/XATMOV_C1_14_4859_z2_22.cif,d60abf835eb6d7017481a45356670b03cbcfb69a8cf55864017240cbf5e093b8,bf9f0c84af13ee452440d6d236ab7c7f15d258716bd1ac3fbce33daa6c9dbe9b,0,88,"[""C"", ""C"", ""N"", ""C"", ""H"", ""H"", ""H"", ""H"", ""H"", ""H"", ""H"", ""C"", ""C"", ""N"", ""C"", ""H"", ""H"", ""H"", ""H"", ""H"", ""H"", ""H"", ""C"", ""C"", ""N"", ""C"", ""H"", ""H"", ""H"", ""H"", ""H"", ""H"", ""H"", ""C"", ""C"", ""N"", ""C"", ""H"", ""H"", ""H"", ""H"", ""H"", ""H"", ""H"", ""C"", ""C"", ""N"", ""C"", ""H"", ""H"", ""H"", ""H"", ""H"", ""H"", ""H"", ""C"", ""C"", ""N"", ""C"", ""H"", ""H"", ""H"", ""H"", ""H"", ""H"", ""H"", ""C"", ""C"", ""N"", ""C"", ""H"", ""H"", ""H"", ""H"", ""H"", ""H"", ""H"", ""C"", ""C"", ""N"", ""C"", ""H"", ""H"", ""H"", ""H"", ""H"", ""H"", ""H""]",C24H56N8,"[true, true, true]","[11.989808768659671, 0.0, 0.0, 0.0, 16.63879174484508, 0.0, -0.4513441161899277, 0.0, 12.194556113645312]",2432.7643270019294,[],"{""cutoff=6.000_skin=0.000"": 2524, ""cutoff=6.000_skin=0.500"": 3324}",0.0,,
OPT-RF-U256-XATMOV88-R256-v1,f76be7fea227482e0d2e5078d97994299bbc9dfbe0681fde37169ce8641b13b1,OPT-RF-U256-XATMOV88-R256-v1:0025,XATMOV_C2_14_4268_z2_22,037f0a55f5bb696e9862d5cee8e4c1c7afd42da443d74da43af77df92d310bdb,25,cross_family_test_set,XATMOV/structures/XATMOV_C2_14_4268_z2_22.cif,63b0778e660ae1ac7e6df2541113bebb0163208e455e68a5d0a3ad615e2d7db9,037f0a55f5bb696e9862d5cee8e4c1c7afd42da443d74da43af77df92d310bdb,0,88,"[""C"", ""C"", ""N"", ""C"", ""H"", ""H"", ""H"", ""H"", ""H"", ""H"", ""H"", ""C"", ""C"", ""N"", ""C"", ""H"", ""H"", ""H"", ""H"", ""H"", ""H"", ""H"", ""C"", ""C"", ""N"", ""C"", ""H"", ""H"", ""H"", ""H"", ""H"", ""H"", ""H"", ""C"", ""C"", ""N"", ""C"", ""H"", ""H"", ""H"", ""H"", ""H"", ""H"", ""H"", ""C"", ""C"", ""N"", ""C"", ""H"", ""H"", ""H"", ""H"", ""H"", ""H"", ""H"", ""C"", ""C"", ""N"", ""C"", ""H"", ""H"", ""H"", ""H"", ""H"", ""H"", ""H"", ""C"", ""C"", ""N"", ""C"", ""H"", ""H"", ""H"", ""H"", ""H"", ""H"", ""H"", ""C"", ""C"", ""N"", ""C"", ""H"", ""H"", ""H"", ""H"", ""H"", ""H"", ""H""]",C24H56N8,"[true, true, true]","[14.940902821756524, 0.0, 0.0, 0.0, 12.626246903650959, 0.0, 4.780226527698716, 0.0, 14.005330501882243]",2642.070977876383,[],"{""cutoff=6.000_skin=0.000"": 2528, ""cutoff=6.000_skin=0.500"": 3100}",0.0,,
OPT-RF-U256-XATMOV88-R256-v1,f76be7fea227482e0d2e5078d97994299bbc9dfbe0681fde37169ce8641b13b1,OPT-RF-U256-XATMOV88-R256-v1:0026,XATMOV_C1_14_4733_z2_22,996d5273a2396ae0fe51d00e098d52ef669fc31694d3f29550bfa32af7e5f8a4,26,cross_family_test_set,XATMOV/structures/XATMOV_C1_14_4733_z2_22.cif,51a4185bbb4fa22ffc899710c6957435c05f4681a2ad38dfc2de6fda73c453c8,996d5273a2396ae0fe51d00e098d52ef669fc31694d3f29550bfa32af7e5f8a4,0,88,"[""C"", ""C"", ""N"", ""C"", ""H"", ""H"", ""H"", ""H"", ""H"", ""H"", ""H"", ""C"", ""C"", ""N"", ""C"", ""H"", ""H"", ""H"", ""H"", ""H"", ""H"", ""H"", ""C"", ""C"", ""N"", ""C"", ""H"", ""H"", ""H"", ""H"", ""H"", ""H"", ""H"", ""C"", ""C"", ""N"", ""C"", ""H"", ""H"", ""H"", ""H"", ""H"", ""H"", ""H"", ""C"", ""C"", ""N"", ""C"", ""H"", ""H"", ""H"", ""H"", ""H"", ""H"", ""H"", ""C"", ""C"", ""N"", ""C"", ""H"", ""H"", ""H"", ""H"", ""H"", ""H"", ""H"", ""C"", ""C"", ""N"", ""C"", ""H"", ""H"", ""H"", ""H"", ""H"", ""H"", ""H"", ""C"", ""C"", ""N"", ""C"", ""H"", ""H"", ""H"", ""H"", ""H"", ""H"", ""H""]",C24H56N8,"[true, true, true]","[20.880101414922322, 0.0, 0.0, 0.0, 17.39615505974035, 0.0, 4.5310607354064105, 0.0, 7.317854454400034]",2658.089753341516,[],"{""cutoff=6.000_skin=0.000"": 2548, ""cutoff=6.000_skin=0.500"": 3176}",0.0,,
OPT-RF-U256-XATMOV88-R256-v1,f76be7fea227482e0d2e5078d97994299bbc9dfbe0681fde37169ce8641b13b1,OPT-RF-U256-XATMOV88-R256-v1:0027,XATMOV_C2_14_4354_z2_22,8e4f4ce4f2678ce5772ea6b7fdbcf082aa403a8b9ec53297a21e015b85e9dba5,27,cross_family_test_set,XATMOV/structures/XATMOV_C2_14_4354_z2_22.cif,ef97f512b5723fdb0a4525e80c1c87364e9b439752a8ab976f6cf85812024092,8e4f4ce4f2678ce5772ea6b7fdbcf082aa403a8b9ec53297a21e015b85e9dba5,0,88,"[""C"", ""C"", ""N"", ""C"", ""H"", ""H"", ""H"", ""H"", ""H"", ""H"", ""H"", ""C"", ""C"", ""N"", ""C"", ""H"", ""H"", ""H"", ""H"", ""H"", ""H"", ""H"", ""C"", ""C"", ""N"", ""C"", ""H"", ""H"", ""H"", ""H"", ""H"", ""H"", ""H"", ""C"", ""C"", ""N"", ""C"", ""H"", ""H"", ""H"", ""H"", ""H"", ""H"", ""H"", ""C"", ""C"", ""N"", ""C"", ""H"", ""H"", ""H"", ""H"", ""H"", ""H"", ""H"", ""C"", ""C"", ""N"", ""C"", ""H"", ""H"", ""H"", ""H"", ""H"", ""H"", ""H"", ""C"", ""C"", ""N"", ""C"", ""H"", ""H"", ""H"", ""H"", ""H"", ""H"", ""H"", ""C"", ""C"", ""N"", ""C"", ""H"", ""H"", ""H"", ""H"", ""H"", ""H"", ""H""]",C24H56N8,"[true, true, true]","[14.61202865362035, 0.0, 0.0, 0.0, 15.170645868541062, 0.0, -4.085078946095673, 0.0, 12.842110361885243]",2846.7608438607303,[],"{""cutoff=6.000_skin=0.000"": 2596, ""cutoff=6.000_skin=0.500"": 3384}",0.0,,
OPT-RF-U256-XATMOV88-R256-v1,f76be7fea227482e0d2e5078d97994299bbc9dfbe0681fde37169ce8641b13b1,OPT-RF-U256-XATMOV88-R256-v1:0028,XATMOV_C1_14_2975_z2_22,751b9b724b0a32a54f1dcb76aa96d47a84a8cb5ced03352fe461debc1efe9ae7,28,cross_family_test_set,XATMOV/structures/XATMOV_C1_14_2975_z2_22.cif,b7b2c525534a9ed09b7b048b1053ce3ce5be64eb62dd210ca70fbca2a5a52789,751b9b724b0a32a54f1dcb76aa96d47a84a8cb5ced03352fe461debc1efe9ae7,0,88,"[""C"", ""C"", ""N"", ""C"", ""H"", ""H"", ""H"", ""H"", ""H"", ""H"", ""H"", ""C"", ""C"", ""N"", ""C"", ""H"", ""H"", ""H"", ""H"", ""H"", ""H"", ""H"", ""C"", ""C"", ""N"", ""C"", ""H"", ""H"", ""H"", ""H"", ""H"", ""H"", ""H"", ""C"", ""C"", ""N"", ""C"", ""H"", ""H"", ""H"", ""H"", ""H"", ""H"", ""H"", ""C"", ""C"", ""N"", ""C"", ""H"", ""H"", ""H"", ""H"", ""H"", ""H"", ""H"", ""C"", ""C"", ""N"", ""C"", ""H"", ""H"", ""H"", ""H"", ""H"", ""H"", ""H"", ""C"", ""C"", ""N"", ""C"", ""H"", ""H"", ""H"", ""H"", ""H"", ""H"", ""H"", ""C"", ""C"", ""N"", ""C"", ""H"", ""H"", ""H"", ""H"", ""H"", ""H"", ""H""]",C24H56N8,"[true, true, true]","[19.318304212638047, 0.0, 0.0, 0.0, 6.093142349389801, 0.0, 1.574343173453847, 0.0, 20.134506571532903]",2370.016208234098,[],"{""cutoff=6.000_skin=0.000"": 2616, ""cutoff=6.000_skin=0.500"": 3648}",0.0,,
OPT-RF-U256-XATMOV88-R256-v1,f76be7fea227482e0d2e5078d97994299bbc9dfbe0681fde37169ce8641b13b1,OPT-RF-U256-XATMOV88-R256-v1:0029,XATMOV_C1_14_5526_z2_22,ebc3dfea2e089c71395b5c076b52d344b483b972049f5915e3923b0de0a2baea,29,cross_family_test_set,XATMOV/structures/XATMOV_C1_14_5526_z2_22.cif,827e42bb2523f8f6dc19095c10db35f98ecc58700afafc1fdb9fcd5a85439875,ebc3dfea2e089c71395b5c076b52d344b483b972049f5915e3923b0de0a2baea,0,88,"[""C"", ""C"", ""N"", ""C"", ""H"", ""H"", ""H"", ""H"", ""H"", ""H"", ""H"", ""C"", ""C"", ""N"", ""C"", ""H"", ""H"", ""H"", ""H"", ""H"", ""H"", ""H"", ""C"", ""C"", ""N"", ""C"", ""H"", ""H"", ""H"", ""H"", ""H"", ""H"", ""H"", ""C"", ""C"", ""N"", ""C"", ""H"", ""H"", ""H"", ""H"", ""H"", ""H"", ""H"", ""C"", ""C"", ""N"", ""C"", ""H"", ""H"", ""H"", ""H"", ""H"", ""H"", ""H"", ""C"", ""C"", ""N"", ""C"", ""H"", ""H"", ""H"", ""H"", ""H"", ""H"", ""H"", ""C"", ""C"", ""N"", ""C"", ""H"", ""H"", ""H"", ""H"", ""H"", ""H"", ""H"", ""C"", ""C"", ""N"", ""C"", ""H"", ""H"", ""H"", ""H"", ""H"", ""H"", ""H""]",C24H56N8,"[true, true, true]","[7.193611780852735, 0.0, 0.0, 0.0, 17.286279717699365, 0.0, 5.652678887679988, 0.0, 17.967941880561316]",2234.3276853070124,[],"{""cutoff=6.000_skin=0.000"": 2636, ""cutoff=6.000_skin=0.500"": 3428}",0.0,,
OPT-RF-U256-XATMOV88-R256-v1,f76be7fea227482e0d2e5078d97994299bbc9dfbe0681fde37169ce8641b13b1,OPT-RF-U256-XATMOV88-R256-v1:0030,XATMOV_C2_14_1697_z2_22,f344372c9890d614df8b9b5aa85e39b3661f0090e8bdff43ae41181a106af541,30,cross_family_test_set,XATMOV/structures/XATMOV_C2_14_1697_z2_22.cif,28f900ffb70513492ee5ae2a7a7b936a292bbf3c1b32ea363dbf5517446ec71b,f344372c9890d614df8b9b5aa85e39b3661f0090e8bdff43ae41181a106af541,0,88,"[""C"", ""C"", ""N"", ""C"", ""H"", ""H"", ""H"", ""H"", ""H"", ""H"", ""H"", ""C"", ""C"", ""N"", ""C"", ""H"", ""H"", ""H"", ""H"", ""H"", ""H"", ""H"", ""C"", ""C"", ""N"", ""C"", ""H"", ""H"", ""H"", ""H"", ""H"", ""H"", ""H"", ""C"", ""C"", ""N"", ""C"", ""H"", ""H"", ""H"", ""H"", ""H"", ""H"", ""H"", ""C"", ""C"", ""N"", ""C"", ""H"", ""H"", ""H"", ""H"", ""H"", ""H"", ""H"", ""C"", ""C"", ""N"", ""C"", ""H"", ""H"", ""H"", ""H"", ""H"", ""H"", ""H"", ""C"", ""C"", ""N"", ""C"", ""H"", ""H"", ""H"", ""H"", ""H"", ""H"", ""H"", ""C"", ""C"", ""N"", ""C"", ""H"", ""H"", ""H"", ""H"", ""H"", ""H"", ""H""]",C24H56N8,"[true, true, true]","[12.745828655543185, 0.0, 0.0, 0.0, 7.9419595523622775, 0.0, 1.3934870729928313, 0.0, 23.537096460883024]",2382.5862657168013,[],"{""cutoff=6.000_skin=0.000"": 2640, ""cutoff=6.000_skin=0.500"": 3384}",0.0,,
OPT-RF-U256-XATMOV88-R256-v1,f76be7fea227482e0d2e5078d97994299bbc9dfbe0681fde37169ce8641b13b1,OPT-RF-U256-XATMOV88-R256-v1:0031,XATMOV_C2_14_7367_z2_22,ccdee48a19ecf9d51b83695226117997ea11be561946b5a08cc1ac1e1db67852,31,cross_family_test_set,XATMOV/structures/XATMOV_C2_14_7367_z2_22.cif,1609495badee829845faf992f8b5618fc62130c6207b9e0e117e0430f61bc565,ccdee48a19ecf9d51b83695226117997ea11be561946b5a08cc1ac1e1db67852,0,88,"[""C"", ""C"", ""N"", ""C"", ""H"", ""H"", ""H"", ""H"", ""H"", ""H"", ""H"", ""C"", ""C"", ""N"", ""C"", ""H"", ""H"", ""H"", ""H"", ""H"", ""H"", ""H"", ""C"", ""C"", ""N"", ""C"", ""H"", ""H"", ""H"", ""H"", ""H"", ""H"", ""H"", ""C"", ""C"", ""N"", ""C"", ""H"", ""H"", ""H"", ""H"", ""H"", ""H"", ""H"", ""C"", ""C"", ""N"", ""C"", ""H"", ""H"", ""H"", ""H"", ""H"", ""H"", ""H"", ""C"", ""C"", ""N"", ""C"", ""H"", ""H"", ""H"", ""H"", ""H"", ""H"", ""H"", ""C"", ""C"", ""N"", ""C"", ""H"", ""H"", ""H"", ""H"", ""H"", ""H"", ""H"", ""C"", ""C"", ""N"", ""C"", ""H"", ""H"", ""H"", ""H"", ""H"", ""H"", ""H""]",C24H56N8,"[true, true, true]","[6.490725780322553, 0.0, 0.0, 0.0, 19.634313347839388, 0.0, 0.7006873936773034, 0.0, 19.850618052888375]",2529.781500184614,[],"{""cutoff=6.000_skin=0.000"": 2656, ""cutoff=6.000_skin=0.500"": 3528}",0.0,,
OPT-RF-U256-XATMOV88-R256-v1,f76be7fea227482e0d2e5078d97994299bbc9dfbe0681fde37169ce8641b13b1,OPT-RF-U256-XATMOV88-R256-v1:0032,XATMOV_C1_14_2537_z2_22,e07c359d9836029a150fb7a31f77f319b90c4d9fee1c5ff42e0f7daebdd6ab6e,32,cross_family_test_set,XATMOV/structures/XATMOV_C1_14_2537_z2_22.cif,0815326cc551f76d652e4b58a38ea49d09bbb9148f9b352c03e2413fdac86165,e07c359d9836029a150fb7a31f77f319b90c4d9fee1c5ff42e0f7daebdd6ab6e,0,88,"[""C"", ""C"", ""N"", ""C"", ""H"", ""H"", ""H"", ""H"", ""H"", ""H"", ""H"", ""C"", ""C"", ""N"", ""C"", ""H"", ""H"", ""H"", ""H"", ""H"", ""H"", ""H"", ""C"", ""C"", ""N"", ""C"", ""H"", ""H"", ""H"", ""H"", ""H"", ""H"", ""H"", ""C"", ""C"", ""N"", ""C"", ""H"", ""H"", ""H"", ""H"", ""H"", ""H"", ""H"", ""C"", ""C"", ""N"", ""C"", ""H"", ""H"", ""H"", ""H"", ""H"", ""H"", ""H"", ""C"", ""C"", ""N"", ""C"", ""H"", ""H"", ""H"", ""H"", ""H"", ""H"", ""H"", ""C"", ""C"", ""N"", ""C"", ""H"", ""H"", ""H"", ""H"", ""H"", ""H"", ""H"", ""C"", ""C"", ""N"", ""C"", ""H"", ""H"", ""H"", ""H"", ""H"", ""H"", ""H""]",C24H56N8,"[true, true, true]","[16.139130061712294, 0.0, 0.0, 0.0, 11.46951648971286, 0.0, -7.20791131113396, 0.0, 12.306861822144116]",2278.0988042804074,[],"{""cutoff=6.000_skin=0.000"": 2704, ""cutoff=6.000_skin=0.500"": 3448}",0.0,,
OPT-RF-U256-XATMOV88-R256-v1,f76be7fea227482e0d2e5078d97994299bbc9dfbe0681fde37169ce8641b13b1,OPT-RF-U256-XATMOV88-R256-v1:0033,XATMOV_C2_14_3087_z2_22,166d693f84c3b5c5f08f39697885081518032e058d9040f62d313c72f7fc5fcd,33,cross_family_test_set,XATMOV/structures/XATMOV_C2_14_3087_z2_22.cif,ddc5a9a3d9af89e4fcfd90ab749f02417b7fe2d86a0f9ad5002fb1d2695fe47e,166d693f84c3b5c5f08f39697885081518032e058d9040f62d313c72f7fc5fcd,0,88,"[""C"", ""C"", ""N"", ""C"", ""H"", ""H"", ""H"", ""H"", ""H"", ""H"", ""H"", ""C"", ""C"", ""N"", ""C"", ""H"", ""H"", ""H"", ""H"", ""H"", ""H"", ""H"", ""C"", ""C"", ""N"", ""C"", ""H"", ""H"", ""H"", ""H"", ""H"", ""H"", ""H"", ""C"", ""C"", ""N"", ""C"", ""H"", ""H"", ""H"", ""H"", ""H"", ""H"", ""H"", ""C"", ""C"", ""N"", ""C"", ""H"", ""H"", ""H"", ""H"", ""H"", ""H"", ""H"", ""C"", ""C"", ""N"", ""C"", ""H"", ""H"", ""H"", ""H"", ""H"", ""H"", ""H"", ""C"", ""C"", ""N"", ""C"", ""H"", ""H"", ""H"", ""H"", ""H"", ""H"", ""H"", ""C"", ""C"", ""N"", ""C"", ""H"", ""H"", ""H"", ""H"", ""H"", ""H"", ""H""]",C24H56N8,"[true, true, true]","[12.29924303716178, 0.0, 0.0, 0.0, 13.747579906054384, 0.0, 4.006513034192426, 0.0, 12.666970934785928]",2141.792581995421,[],"{""cutoff=6.000_skin=0.000"": 2704, ""cutoff=6.000_skin=0.500"": 3544}",0.0,,
OPT-RF-U256-XATMOV88-R256-v1,f76be7fea227482e0d2e5078d97994299bbc9dfbe0681fde37169ce8641b13b1,OPT-RF-U256-XATMOV88-R256-v1:0034,XATMOV_C1_14_2757_z2_22,4c5ff11d1b3f2b39ebe93cb33fcc2158a9b1b433aca58e282a2849e30f5bc3cf,34,cross_family_test_set,XATMOV/structures/XATMOV_C1_14_2757_z2_22.cif,9e149b7c415414baf848951b578ba397d6bf46c9efb26de7ad8029f373a4e56c,4c5ff11d1b3f2b39ebe93cb33fcc2158a9b1b433aca58e282a2849e30f5bc3cf,0,88,"[""C"", ""C"", ""N"", ""C"", ""H"", ""H"", ""H"", ""H"", ""H"", ""H"", ""H"", ""C"", ""C"", ""N"", ""C"", ""H"", ""H"", ""H"", ""H"", ""H"", ""H"", ""H"", ""C"", ""C"", ""N"", ""C"", ""H"", ""H"", ""H"", ""H"", ""H"", ""H"", ""H"", ""C"", ""C"", ""N"", ""C"", ""H"", ""H"", ""H"", ""H"", ""H"", ""H"", ""H"", ""C"", ""C"", ""N"", ""C"", ""H"", ""H"", ""H"", ""H"", ""H"", ""H"", ""H"", ""C"", ""C"", ""N"", ""C"", ""H"", ""H"", ""H"", ""H"", ""H"", ""H"", ""H"", ""C"", ""C"", ""N"", ""C"", ""H"", ""H"", ""H"", ""H"", ""H"", ""H"", ""H"", ""C"", ""C"", ""N"", ""C"", ""H"", ""H"", ""H"", ""H"", ""H"", ""H"", ""H""]",C24H56N8,"[true, true, true]","[13.164275365555376, 0.0, 0.0, 0.0, 12.73117791971341, 0.0, -3.418264323796459, 0.0, 14.274244183749525]",2392.3166750106548,[],"{""cutoff=6.000_skin=0.000"": 2708, ""cutoff=6.000_skin=0.500"": 3448}",0.0,,
OPT-RF-U256-XATMOV88-R256-v1,f76be7fea227482e0d2e5078d97994299bbc9dfbe0681fde37169ce8641b13b1,OPT-RF-U256-XATMOV88-R256-v1:0035,XATMOV_C2_14_2350_z2_22,061d13a8e57c05bfcd1f6b21a18e086363128ef6941d71419f0f9a49cee32a5a,35,cross_family_test_set,XATMOV/structures/XATMOV_C2_14_2350_z2_22.cif,c4af502609fcd616921071f930e0b88d2f5f723303dfdf733bf3f7f01c0582be,061d13a8e57c05bfcd1f6b21a18e086363128ef6941d71419f0f9a49cee32a5a,0,88,"[""C"", ""C"", ""N"", ""C"", ""H"", ""H"", ""H"", ""H"", ""H"", ""H"", ""H"", ""C"", ""C"", ""N"", ""C"", ""H"", ""H"", ""H"", ""H"", ""H"", ""H"", ""H"", ""C"", ""C"", ""N"", ""C"", ""H"", ""H"", ""H"", ""H"", ""H"", ""H"", ""H"", ""C"", ""C"", ""N"", ""C"", ""H"", ""H"", ""H"", ""H"", ""H"", ""H"", ""H"", ""C"", ""C"", ""N"", ""C"", ""H"", ""H"", ""H"", ""H"", ""H"", ""H"", ""H"", ""C"", ""C"", ""N"", ""C"", ""H"", ""H"", ""H"", ""H"", ""H"", ""H"", ""H"", ""C"", ""C"", ""N"", ""C"", ""H"", ""H"", ""H"", ""H"", ""H"", ""H"", ""H"", ""C"", ""C"", ""N"", ""C"", ""H"", ""H"", ""H"", ""H"", ""H"", ""H"", ""H""]",C24H56N8,"[true, true, true]","[14.758775928383997, 0.0, 0.0, 0.0, 14.2090005376008, 0.0, -4.849749874639271, 0.0, 12.462523789293801]",2613.4841479852075,[],"{""cutoff=6.000_skin=0.000"": 2712, ""cutoff=6.000_skin=0.500"": 3436}",0.0,,
OPT-RF-U256-XATMOV88-R256-v1,f76be7fea227482e0d2e5078d97994299bbc9dfbe0681fde37169ce8641b13b1,OPT-RF-U256-XATMOV88-R256-v1:0036,XATMOV_C2_14_6731_z2_22,ddee772c7c6e86035fb84bd64084858d7c38ce105d34a9886e8d3321ca766ad6,36,cross_family_test_set,XATMOV/structures/XATMOV_C2_14_6731_z2_22.cif,6abd369715d048597589d949e9042ca015edbc90e2bd278918410c8418563c62,ddee772c7c6e86035fb84bd64084858d7c38ce105d34a9886e8d3321ca766ad6,0,88,"[""C"", ""C"", ""N"", ""C"", ""H"", ""H"", ""H"", ""H"", ""H"", ""H"", ""H"", ""C"", ""C"", ""N"", ""C"", ""H"", ""H"", ""H"", ""H"", ""H"", ""H"", ""H"", ""C"", ""C"", ""N"", ""C"", ""H"", ""H"", ""H"", ""H"", ""H"", ""H"", ""H"", ""C"", ""C"", ""N"", ""C"", ""H"", ""H"", ""H"", ""H"", ""H"", ""H"", ""H"", ""C"", ""C"", ""N"", ""C"", ""H"", ""H"", ""H"", ""H"", ""H"", ""H"", ""H"", ""C"", ""C"", ""N"", ""C"", ""H"", ""H"", ""H"", ""H"", ""H"", ""H"", ""H"", ""C"", ""C"", ""N"", ""C"", ""H"", ""H"", ""H"", ""H"", ""H"", ""H"", ""H"", ""C"", ""C"", ""N"", ""C"", ""H"", ""H"", ""H"", ""H"", ""H"", ""H"", ""H""]",C24H56N8,"[true, true, true]","[14.02438423502096, 0.0, 0.0, 0.0, 13.079993034857651, 0.0, -6.865487099508675, 0.0, 12.658264779370556]",2322.017510227493,[],"{""cutoff=6.000_skin=0.000"": 2712, ""cutoff=6.000_skin=0.500"": 3616}",0.0,,
OPT-RF-U256-XATMOV88-R256-v1,f76be7fea227482e0d2e5078d97994299bbc9dfbe0681fde37169ce8641b13b1,OPT-RF-U256-XATMOV88-R256-v1:0037,XATMOV_C2_14_2852_z2_22,c49e53a0982a68a4431f2e12b3e67061e3b240b5b932d0f4b8f667a57280b0ee,37,cross_family_test_set,XATMOV/structures/XATMOV_C2_14_2852_z2_22.cif,adf78ac40bde5c964c69e03bdb763599b095e98a446c9c309fc703ffd93b8708,c49e53a0982a68a4431f2e12b3e67061e3b240b5b932d0f4b8f667a57280b0ee,0,88,"[""C"", ""C"", ""N"", ""C"", ""H"", ""H"", ""H"", ""H"", ""H"", ""H"", ""H"", ""C"", ""C"", ""N"", ""C"", ""H"", ""H"", ""H"", ""H"", ""H"", ""H"", ""H"", ""C"", ""C"", ""N"", ""C"", ""H"", ""H"", ""H"", ""H"", ""H"", ""H"", ""H"", ""C"", ""C"", ""N"", ""C"", ""H"", ""H"", ""H"", ""H"", ""H"", ""H"", ""H"", ""C"", ""C"", ""N"", ""C"", ""H"", ""H"", ""H"", ""H"", ""H"", ""H"", ""H"", ""C"", ""C"", ""N"", ""C"", ""H"", ""H"", ""H"", ""H"", ""H"", ""H"", ""H"", ""C"", ""C"", ""N"", ""C"", ""H"", ""H"", ""H"", ""H"", ""H"", ""H"", ""H"", ""C"", ""C"", ""N"", ""C"", ""H"", ""H"", ""H"", ""H"", ""H"", ""H"", ""H""]",C24H56N8,"[true, true, true]","[5.815820156236699, 0.0, 0.0, 0.0, 7.59820277755508, 0.0, 30.65565254573762, 0.0, 48.42932001501777]",2140.0810388987115,[],"{""cutoff=6.000_skin=0.000"": 2744, ""cutoff=6.000_skin=0.500"": 3632}",0.0,,
OPT-RF-U256-XATMOV88-R256-v1,f76be7fea227482e0d2e5078d97994299bbc9dfbe0681fde37169ce8641b13b1,OPT-RF-U256-XATMOV88-R256-v1:0038,XATMOV_C2_14_486_z2_22,be115ff3103726ca04af6ac152322294b3b4b2607d9737c697cfc96fe351051c,38,cross_family_test_set,XATMOV/structures/XATMOV_C2_14_486_z2_22.cif,95fc557129406339dc7da5bfb01be82a6b150d75c3af2b7b130c1cdb4fab6f03,be115ff3103726ca04af6ac152322294b3b4b2607d9737c697cfc96fe351051c,0,88,"[""C"", ""C"", ""N"", ""C"", ""H"", ""H"", ""H"", ""H"", ""H"", ""H"", ""H"", ""C"", ""C"", ""N"", ""C"", ""H"", ""H"", ""H"", ""H"", ""H"", ""H"", ""H"", ""C"", ""C"", ""N"", ""C"", ""H"", ""H"", ""H"", ""H"", ""H"", ""H"", ""H"", ""C"", ""C"", ""N"", ""C"", ""H"", ""H"", ""H"", ""H"", ""H"", ""H"", ""H"", ""C"", ""C"", ""N"", ""C"", ""H"", ""H"", ""H"", ""H"", ""H"", ""H"", ""H"", ""C"", ""C"", ""N"", ""C"", ""H"", ""H"", ""H"", ""H"", ""H"", ""H"", ""H"", ""C"", ""C"", ""N"", ""C"", ""H"", ""H"", ""H"", ""H"", ""H"", ""H"", ""H"", ""C"", ""C"", ""N"", ""C"", ""H"", ""H"", ""H"", ""H"", ""H"", ""H"", ""H""]",C24H56N8,"[true, true, true]","[15.508287751915363, 0.0, 0.0, 0.0, 5.467184890253039, 0.0, -13.142803339262992, 0.0, 27.208164765532683]",2306.8898633440085,[],"{""cutoff=6.000_skin=0.000"": 2752, ""cutoff=6.000_skin=0.500"": 3552}",0.0,,
OPT-RF-U256-XATMOV88-R256-v1,f76be7fea227482e0d2e5078d97994299bbc9dfbe0681fde37169ce8641b13b1,OPT-RF-U256-XATMOV88-R256-v1:0039,XATMOV_C1_14_367_z2_22,32a45c530ab5df09007e7c42c4ddcd8b4efa8f980b57d0b98dd3ee149cd18ebf,39,cross_family_test_set,XATMOV/structures/XATMOV_C1_14_367_z2_22.cif,8ffc715974f2405bec9f3d500955018d29d08d9fca32f220f02fc9be59dfaa3f,32a45c530ab5df09007e7c42c4ddcd8b4efa8f980b57d0b98dd3ee149cd18ebf,0,88,"[""C"", ""C"", ""N"", ""C"", ""H"", ""H"", ""H"", ""H"", ""H"", ""H"", ""H"", ""C"", ""C"", ""N"", ""C"", ""H"", ""H"", ""H"", ""H"", ""H"", ""H"", ""H"", ""C"", ""C"", ""N"", ""C"", ""H"", ""H"", ""H"", ""H"", ""H"", ""H"", ""H"", ""C"", ""C"", ""N"", ""C"", ""H"", ""H"", ""H"", ""H"", ""H"", ""H"", ""H"", ""C"", ""C"", ""N"", ""C"", ""H"", ""H"", ""H"", ""H"", ""H"", ""H"", ""H"", ""C"", ""C"", ""N"", ""C"", ""H"", ""H"", ""H"", ""H"", ""H"", ""H"", ""H"", ""C"", ""C"", ""N"", ""C"", ""H"", ""H"", ""H"", ""H"", ""H"", ""H"", ""H"", ""C"", ""C"", ""N"", ""C"", ""H"", ""H"", ""H"", ""H"", ""H"", ""H"", ""H""]",C24H56N8,"[true, true, true]","[14.460867481550345, 0.0, 0.0, 0.0, 12.767706731399933, 0.0, 0.40231246843451923, 0.0, 12.334396185233947]",2277.3256559893325,[],"{""cutoff=6.000_skin=0.000"": 2780, ""cutoff=6.000_skin=0.500"": 3520}",0.0,,
OPT-RF-U256-XATMOV88-R256-v1,f76be7fea227482e0d2e5078d97994299bbc9dfbe0681fde37169ce8641b13b1,OPT-RF-U256-XATMOV88-R256-v1:0040,XATMOV_C2_14_5590_z2_22,19432586b668576f8b88a2dd8a32a1ebfa66bfb5b227637c6a4bcd28a35d024a,40,cross_family_test_set,XATMOV/structures/XATMOV_C2_14_5590_z2_22.cif,39729a38d032dcaff8b039bd512733f77b7d41bcee2cd4cf4ed411a1fbe4ad83,19432586b668576f8b88a2dd8a32a1ebfa66bfb5b227637c6a4bcd28a35d024a,0,88,"[""C"", ""C"", ""N"", ""C"", ""H"", ""H"", ""H"", ""H"", ""H"", ""H"", ""H"", ""C"", ""C"", ""N"", ""C"", ""H"", ""H"", ""H"", ""H"", ""H"", ""H"", ""H"", ""C"", ""C"", ""N"", ""C"", ""H"", ""H"", ""H"", ""H"", ""H"", ""H"", ""H"", ""C"", ""C"", ""N"", ""C"", ""H"", ""H"", ""H"", ""H"", ""H"", ""H"", ""H"", ""C"", ""C"", ""N"", ""C"", ""H"", ""H"", ""H"", ""H"", ""H"", ""H"", ""H"", ""C"", ""C"", ""N"", ""C"", ""H"", ""H"", ""H"", ""H"", ""H"", ""H"", ""H"", ""C"", ""C"", ""N"", ""C"", ""H"", ""H"", ""H"", ""H"", ""H"", ""H"", ""H"", ""C"", ""C"", ""N"", ""C"", ""H"", ""H"", ""H"", ""H"", ""H"", ""H"", ""H""]",C24H56N8,"[true, true, true]","[11.36984407405285, 0.0, 0.0, 0.0, 14.653158171374244, 0.0, 2.923116032829786, 0.0, 12.449272615629766]",2074.1001535964115,[],"{""cutoff=6.000_skin=0.000"": 2780, ""cutoff=6.000_skin=0.500"": 3752}",0.0,,
OPT-RF-U256-XATMOV88-R256-v1,f76be7fea227482e0d2e5078d97994299bbc9dfbe0681fde37169ce8641b13b1,OPT-RF-U256-XATMOV88-R256-v1:0041,XATMOV_C2_14_4598_z2_22,1a8f1563bc4772d116f7fda483ac68a409ffb5f36cbaead4644826c72570eca0,41,cross_family_test_set,XATMOV/structures/XATMOV_C2_14_4598_z2_22.cif,a02e88052c339207e3df04d4e3be72309e26abf3ad33f4b635d7980dc5c0828e,1a8f1563bc4772d116f7fda483ac68a409ffb5f36cbaead4644826c72570eca0,0,88,"[""C"", ""C"", ""N"", ""C"", ""H"", ""H"", ""H"", ""H"", ""H"", ""H"", ""H"", ""C"", ""C"", ""N"", ""C"", ""H"", ""H"", ""H"", ""H"", ""H"", ""H"", ""H"", ""C"", ""C"", ""N"", ""C"", ""H"", ""H"", ""H"", ""H"", ""H"", ""H"", ""H"", ""C"", ""C"", ""N"", ""C"", ""H"", ""H"", ""H"", ""H"", ""H"", ""H"", ""H"", ""C"", ""C"", ""N"", ""C"", ""H"", ""H"", ""H"", ""H"", ""H"", ""H"", ""H"", ""C"", ""C"", ""N"", ""C"", ""H"", ""H"", ""H"", ""H"", ""H"", ""H"", ""H"", ""C"", ""C"", ""N"", ""C"", ""H"", ""H"", ""H"", ""H"", ""H"", ""H"", ""H"", ""C"", ""C"", ""N"", ""C"", ""H"", ""H"", ""H"", ""H"", ""H"", ""H"", ""H""]",C24H56N8,"[true, true, true]","[8.962941624203989, 0.0, 0.0, 0.0, 15.661930304862693, 0.0, 1.2534310459173312, 0.0, 18.04632825115292]",2533.2888261923817,[],"{""cutoff=6.000_skin=0.000"": 2816, ""cutoff=6.000_skin=0.500"": 3460}",0.0,,
OPT-RF-U256-XATMOV88-R256-v1,f76be7fea227482e0d2e5078d97994299bbc9dfbe0681fde37169ce8641b13b1,OPT-RF-U256-XATMOV88-R256-v1:0042,XATMOV_C1_14_2595_z2_22,2a1b7a52cc5f20dca34eb963da11f78653ce8eb4db30de59f935998f6606badb,42,cross_family_test_set,XATMOV/structures/XATMOV_C1_14_2595_z2_22.cif,38e4ff1b683739984c75b6a44cd19ce5a6e488d42d73408ad5b447a38f21fe3b,2a1b7a52cc5f20dca34eb963da11f78653ce8eb4db30de59f935998f6606badb,0,88,"[""C"", ""C"", ""N"", ""C"", ""H"", ""H"", ""H"", ""H"", ""H"", ""H"", ""H"", ""C"", ""C"", ""N"", ""C"", ""H"", ""H"", ""H"", ""H"", ""H"", ""H"", ""H"", ""C"", ""C"", ""N"", ""C"", ""H"", ""H"", ""H"", ""H"", ""H"", ""H"", ""H"", ""C"", ""C"", ""N"", ""C"", ""H"", ""H"", ""H"", ""H"", ""H"", ""H"", ""H"", ""C"", ""C"", ""N"", ""C"", ""H"", ""H"", ""H"", ""H"", ""H"", ""H"", ""H"", ""C"", ""C"", ""N"", ""C"", ""H"", ""H"", ""H"", ""H"", ""H"", ""H"", ""H"", ""C"", ""C"", ""N"", ""C"", ""H"", ""H"", ""H"", ""H"", ""H"", ""H"", ""H"", ""C"", ""C"", ""N"", ""C"", ""H"", ""H"", ""H"", ""H"", ""H"", ""H"", ""H""]",C24H56N8,"[true, true, true]","[5.871780417980931, 0.0, 0.0, 0.0, 20.641780420265444, 0.0, 2.474952227508398, 0.0, 19.642905431761793]",2380.798750493759,[],"{""cutoff=6.000_skin=0.000"": 2824, ""cutoff=6.000_skin=0.500"": 3692}",0.0,,
OPT-RF-U256-XATMOV88-R256-v1,f76be7fea227482e0d2e5078d97994299bbc9dfbe0681fde37169ce8641b13b1,OPT-RF-U256-XATMOV88-R256-v1:0043,XATMOV_C2_14_4240_z2_22,53a07dbd6bc1b246dd5282c43c1fa0993536535f79f43c4eb16c75c4cec6bc5d,43,cross_family_test_set,XATMOV/structures/XATMOV_C2_14_4240_z2_22.cif,98bc72450caccfa95a92b0b65da02bb992b2ae5260ee5b6f81b63698d6457a56,53a07dbd6bc1b246dd5282c43c1fa0993536535f79f43c4eb16c75c4cec6bc5d,0,88,"[""C"", ""C"", ""N"", ""C"", ""H"", ""H"", ""H"", ""H"", ""H"", ""H"", ""H"", ""C"", ""C"", ""N"", ""C"", ""H"", ""H"", ""H"", ""H"", ""H"", ""H"", ""H"", ""C"", ""C"", ""N"", ""C"", ""H"", ""H"", ""H"", ""H"", ""H"", ""H"", ""H"", ""C"", ""C"", ""N"", ""C"", ""H"", ""H"", ""H"", ""H"", ""H"", ""H"", ""H"", ""C"", ""C"", ""N"", ""C"", ""H"", ""H"", ""H"", ""H"", ""H"", ""H"", ""H"", ""C"", ""C"", ""N"", ""C"", ""H"", ""H"", ""H"", ""H"", ""H"", ""H"", ""H"", ""C"", ""C"", ""N"", ""C"", ""H"", ""H"", ""H"", ""H"", ""H"", ""H"", ""H"", ""C"", ""C"", ""N"", ""C"", ""H"", ""H"", ""H"", ""H"", ""H"", ""H"", ""H""]",C24H56N8,"[true, true, true]","[9.562479074186939, 0.0, 0.0, 0.0, 9.88017040067325, 0.0, 2.744889509297473, 0.0, 24.12256889962476]",2279.074322533927,[],"{""cutoff=6.000_skin=0.000"": 2832, ""cutoff=6.000_skin=0.500"": 3524}",0.0,,
OPT-RF-U256-XATMOV88-R256-v1,f76be7fea227482e0d2e5078d97994299bbc9dfbe0681fde37169ce8641b13b1,OPT-RF-U256-XATMOV88-R256-v1:0044,XATMOV_C2_14_4792_z2_22,392cd7238bcf2699332912ae54ca35d6d0a95a5d242722694a81517f73fa779e,44,cross_family_test_set,XATMOV/structures/XATMOV_C2_14_4792_z2_22.cif,3934d1c6d1e5ea22b920bf30f34811ca085ba09520c2c9bf10ca86e4d441d805,392cd7238bcf2699332912ae54ca35d6d0a95a5d242722694a81517f73fa779e,0,88,"[""C"", ""C"", ""N"", ""C"", ""H"", ""H"", ""H"", ""H"", ""H"", ""H"", ""H"", ""C"", ""C"", ""N"", ""C"", ""H"", ""H"", ""H"", ""H"", ""H"", ""H"", ""H"", ""C"", ""C"", ""N"", ""C"", ""H"", ""H"", ""H"", ""H"", ""H"", ""H"", ""H"", ""C"", ""C"", ""N"", ""C"", ""H"", ""H"", ""H"", ""H"", ""H"", ""H"", ""H"", ""C"", ""C"", ""N"", ""C"", ""H"", ""H"", ""H"", ""H"", ""H"", ""H"", ""H"", ""C"", ""C"", ""N"", ""C"", ""H"", ""H"", ""H"", ""H"", ""H"", ""H"", ""H"", ""C"", ""C"", ""N"", ""C"", ""H"", ""H"", ""H"", ""H"", ""H"", ""H"", ""H"", ""C"", ""C"", ""N"", ""C"", ""H"", ""H"", ""H"", ""H"", ""H"", ""H"", ""H""]",C24H56N8,"[true, true, true]","[13.148486992538338, 0.0, 0.0, 0.0, 11.377014797097061, 0.0, -6.5237018138183505, 0.0, 15.606815309906263]",2334.6317905756414,[],"{""cutoff=6.000_skin=0.000"": 2848, ""cutoff=6.000_skin=0.500"": 3528}",0.0,,
OPT-RF-U256-XATMOV88-R256-v1,f76be7fea227482e0d2e5078d97994299bbc9dfbe0681fde37169ce8641b13b1,OPT-RF-U256-XATMOV88-R256-v1:0045,XATMOV_C2_14_3860_z2_22,781f2e4acf555a3e43478bb2087bd601cfaa8f18586b1563a7b82352577d6db4,45,cross_family_test_set,XATMOV/structures/XATMOV_C2_14_3860_z2_22.cif,f0fff92b66e1511aa7cfd449e407419efad3a6dab042df6180cfd81d6ed3f792,781f2e4acf555a3e43478bb2087bd601cfaa8f18586b1563a7b82352577d6db4,0,88,"[""C"", ""C"", ""N"", ""C"", ""H"", ""H"", ""H"", ""H"", ""H"", ""H"", ""H"", ""C"", ""C"", ""N"", ""C"", ""H"", ""H"", ""H"", ""H"", ""H"", ""H"", ""H"", ""C"", ""C"", ""N"", ""C"", ""H"", ""H"", ""H"", ""H"", ""H"", ""H"", ""H"", ""C"", ""C"", ""N"", ""C"", ""H"", ""H"", ""H"", ""H"", ""H"", ""H"", ""H"", ""C"", ""C"", ""N"", ""C"", ""H"", ""H"", ""H"", ""H"", ""H"", ""H"", ""H"", ""C"", ""C"", ""N"", ""C"", ""H"", ""H"", ""H"", ""H"", ""H"", ""H"", ""H"", ""C"", ""C"", ""N"", ""C"", ""H"", ""H"", ""H"", ""H"", ""H"", ""H"", ""H"", ""C"", ""C"", ""N"", ""C"", ""H"", ""H"", ""H"", ""H"", ""H"", ""H"", ""H""]",C24H56N8,"[true, true, true]","[22.38601803791282, 0.0, 0.0, 0.0, 11.660384302946756, 0.0, -8.352926649384438, 0.0, 9.577261983771999]",2499.9486093392356,[],"{""cutoff=6.000_skin=0.000"": 2852, ""cutoff=6.000_skin=0.500"": 3440}",0.0,,
OPT-RF-U256-XATMOV88-R256-v1,f76be7fea227482e0d2e5078d97994299bbc9dfbe0681fde37169ce8641b13b1,OPT-RF-U256-XATMOV88-R256-v1:0046,XATMOV_C2_14_5415_z2_22,5ad306165a445fb0f67d4e0569207283de4d04300aa169ae23ee1636da65f369,46,cross_family_test_set,XATMOV/structures/XATMOV_C2_14_5415_z2_22.cif,81fa5a3a332173afaaf4e1aa5c6d01c05c8d8dcdd068f96c39389211547d0b46,5ad306165a445fb0f67d4e0569207283de4d04300aa169ae23ee1636da65f369,0,88,"[""C"", ""C"", ""N"", ""C"", ""H"", ""H"", ""H"", ""H"", ""H"", ""H"", ""H"", ""C"", ""C"", ""N"", ""C"", ""H"", ""H"", ""H"", ""H"", ""H"", ""H"", ""H"", ""C"", ""C"", ""N"", ""C"", ""H"", ""H"", ""H"", ""H"", ""H"", ""H"", ""H"", ""C"", ""C"", ""N"", ""C"", ""H"", ""H"", ""H"", ""H"", ""H"", ""H"", ""H"", ""C"", ""C"", ""N"", ""C"", ""H"", ""H"", ""H"", ""H"", ""H"", ""H"", ""H"", ""C"", ""C"", ""N"", ""C"", ""H"", ""H"", ""H"", ""H"", ""H"", ""H"", ""H"", ""C"", ""C"", ""N"", ""C"", ""H"", ""H"", ""H"", ""H"", ""H"", ""H"", ""H"", ""C"", ""C"", ""N"", ""C"", ""H"", ""H"", ""H"", ""H"", ""H"", ""H"", ""H""]",C24H56N8,"[true, true, true]","[13.711767393486461, 0.0, 0.0, 0.0, 12.351005953137403, 0.0, 3.1001931383367665, 0.0, 12.734076755810431]",2156.568371970084,[],"{""cutoff=6.000_skin=0.000"": 2856, ""cutoff=6.000_skin=0.500"": 3720}",0.0,,
OPT-RF-U256-XATMOV88-R256-v1,f76be7fea227482e0d2e5078d97994299bbc9dfbe0681fde37169ce8641b13b1,OPT-RF-U256-XATMOV88-R256-v1:0047,XATMOV_C1_14_598_z2_22,6dff493a959ad19e95bab6d7022dccfc26690a9bd842b7a5826993c4b95378b4,47,cross_family_test_set,XATMOV/structures/XATMOV_C1_14_598_z2_22.cif,4c002c6f0e0cda46470a550d28ad8efa066a6543f2b810358044eef88ee094e0,6dff493a959ad19e95bab6d7022dccfc26690a9bd842b7a5826993c4b95378b4,0,88,"[""C"", ""C"", ""N"", ""C"", ""H"", ""H"", ""H"", ""H"", ""H"", ""H"", ""H"", ""C"", ""C"", ""N"", ""C"", ""H"", ""H"", ""H"", ""H"", ""H"", ""H"", ""H"", ""C"", ""C"", ""N"", ""C"", ""H"", ""H"", ""H"", ""H"", ""H"", ""H"", ""H"", ""C"", ""C"", ""N"", ""C"", ""H"", ""H"", ""H"", ""H"", ""H"", ""H"", ""H"", ""C"", ""C"", ""N"", ""C"", ""H"", ""H"", ""H"", ""H"", ""H"", ""H"", ""H"", ""C"", ""C"", ""N"", ""C"", ""H"", ""H"", ""H"", ""H"", ""H"", ""H"", ""H"", ""C"", ""C"", ""N"", ""C"", ""H"", ""H"", ""H"", ""H"", ""H"", ""H"", ""H"", ""C"", ""C"", ""N"", ""C"", ""H"", ""H"", ""H"", ""H"", ""H"", ""H"", ""H""]",C24H56N8,"[true, true, true]","[13.096469954705533, 0.0, 0.0, 0.0, 12.460592720498639, 0.0, 1.0097504702824986, 0.0, 12.732791951105254]",2077.861494136292,[],"{""cutoff=6.000_skin=0.000"": 2872, ""cutoff=6.000_skin=0.500"": 3856}",0.0,,
OPT-RF-U256-XATMOV88-R256-v1,f76be7fea227482e0d2e5078d97994299bbc9dfbe0681fde37169ce8641b13b1,OPT-RF-U256-XATMOV88-R256-v1:0048,XATMOV_C1_14_4095_z2_22,47ef7254296448b2a91322c0d692547f8958429e5ec01095c3b3653115e579ca,48,cross_family_test_set,XATMOV/structures/XATMOV_C1_14_4095_z2_22.cif,b46e4889b2d1ae8185ab631f70d5fb9f390bf6ee8d7a3ac70930062e3ac31448,47ef7254296448b2a91322c0d692547f8958429e5ec01095c3b3653115e579ca,0,88,"[""C"", ""C"", ""N"", ""C"", ""H"", ""H"", ""H"", ""H"", ""H"", ""H"", ""H"", ""C"", ""C"", ""N"", ""C"", ""H"", ""H"", ""H"", ""H"", ""H"", ""H"", ""H"", ""C"", ""C"", ""N"", ""C"", ""H"", ""H"", ""H"", ""H"", ""H"", ""H"", ""H"", ""C"", ""C"", ""N"", ""C"", ""H"", ""H"", ""H"", ""H"", ""H"", ""H"", ""H"", ""C"", ""C"", ""N"", ""C"", ""H"", ""H"", ""H"", ""H"", ""H"", ""H"", ""H"", ""C"", ""C"", ""N"", ""C"", ""H"", ""H"", ""H"", ""H"", ""H"", ""H"", ""H"", ""C"", ""C"", ""N"", ""C"", ""H"", ""H"", ""H"", ""H"", ""H"", ""H"", ""H"", ""C"", ""C"", ""N"", ""C"", ""H"", ""H"", ""H"", ""H"", ""H"", ""H"", ""H""]",C24H56N8,"[true, true, true]","[11.209025965104992, 0.0, 0.0, 0.0, 12.72140319970788, 0.0, -4.322877192183999, 0.0, 16.796911851743243]",2395.1478983956513,[],"{""cutoff=6.000_skin=0.000"": 2884, ""cutoff=6.000_skin=0.500"": 3644}",0.0,,
OPT-RF-U256-XATMOV88-R256-v1,f76be7fea227482e0d2e5078d97994299bbc9dfbe0681fde37169ce8641b13b1,OPT-RF-U256-XATMOV88-R256-v1:0049,XATMOV_C2_14_3290_z2_22,7bfe8b940eed19902c0d84320a1c765553d8e2436589ac2b2436396b9483aad3,49,cross_family_test_set,XATMOV/structures/XATMOV_C2_14_3290_z2_22.cif,610b6c2446c3e451a9792c5e10a5cee80a344e8a40d0c3cfa9efd263aa1eca6c,7bfe8b940eed19902c0d84320a1c765553d8e2436589ac2b2436396b9483aad3,0,88,"[""C"", ""C"", ""N"", ""C"", ""H"", ""H"", ""H"", ""H"", ""H"", ""H"", ""H"", ""C"", ""C"", ""N"", ""C"", ""H"", ""H"", ""H"", ""H"", ""H"", ""H"", ""H"", ""C"", ""C"", ""N"", ""C"", ""H"", ""H"", ""H"", ""H"", ""H"", ""H"", ""H"", ""C"", ""C"", ""N"", ""C"", ""H"", ""H"", ""H"", ""H"", ""H"", ""H"", ""H"", ""C"", ""C"", ""N"", ""C"", ""H"", ""H"", ""H"", ""H"", ""H"", ""H"", ""H"", ""C"", ""C"", ""N"", ""C"", ""H"", ""H"", ""H"", ""H"", ""H"", ""H"", ""H"", ""C"", ""C"", ""N"", ""C"", ""H"", ""H"", ""H"", ""H"", ""H"", ""H"", ""H"", ""C"", ""C"", ""N"", ""C"", ""H"", ""H"", ""H"", ""H"", ""H"", ""H"", ""H""]",C24H56N8,"[true, true, true]","[14.618569670308162, 0.0, 0.0, 0.0, 12.597057004623778, 0.0, 5.351889101349402, 0.0, 13.25351371642916]",2440.6472141215586,[],"{""cutoff=6.000_skin=0.000"": 2896, ""cutoff=6.000_skin=0.500"": 3548}",0.0,,
OPT-RF-U256-XATMOV88-R256-v1,f76be7fea227482e0d2e5078d97994299bbc9dfbe0681fde37169ce8641b13b1,OPT-RF-U256-XATMOV88-R256-v1:0050,XATMOV_C2_14_6185_z2_22,91466a6cbc2aedceab49dc5b4cd0f64c0285c032dfd53723e7443c01de2ce579,50,cross_family_test_set,XATMOV/structures/XATMOV_C2_14_6185_z2_22.cif,4352b47cfffc2e29df6cdcc6c18367dcfb311f20bf9e741a04b0db78278a8c88,91466a6cbc2aedceab49dc5b4cd0f64c0285c032dfd53723e7443c01de2ce579,0,88,"[""C"", ""C"", ""N"", ""C"", ""H"", ""H"", ""H"", ""H"", ""H"", ""H"", ""H"", ""C"", ""C"", ""N"", ""C"", ""H"", ""H"", ""H"", ""H"", ""H"", ""H"", ""H"", ""C"", ""C"", ""N"", ""C"", ""H"", ""H"", ""H"", ""H"", ""H"", ""H"", ""H"", ""C"", ""C"", ""N"", ""C"", ""H"", ""H"", ""H"", ""H"", ""H"", ""H"", ""H"", ""C"", ""C"", ""N"", ""C"", ""H"", ""H"", ""H"", ""H"", ""H"", ""H"", ""H"", ""C"", ""C"", ""N"", ""C"", ""H"", ""H"", ""H"", ""H"", ""H"", ""H"", ""H"", ""C"", ""C"", ""N"", ""C"", ""H"", ""H"", ""H"", ""H"", ""H"", ""H"", ""H"", ""C"", ""C"", ""N"", ""C"", ""H"", ""H"", ""H"", ""H"", ""H"", ""H"", ""H""]",C24H56N8,"[true, true, true]","[9.473369607317686, 0.0, 0.0, 0.0, 16.70129885993277, 0.0, 6.311710919240377, 0.0, 14.662120569373949]",2319.80519049688,[],"{""cutoff=6.000_skin=0.000"": 2900, ""cutoff=6.000_skin=0.500"": 3460}",0.0,,
OPT-RF-U256-XATMOV88-R256-v1,f76be7fea227482e0d2e5078d97994299bbc9dfbe0681fde37169ce8641b13b1,OPT-RF-U256-XATMOV88-R256-v1:0051,XATMOV_C2_14_491_z2_22,3dc3eca69d5b19a8011cff6406a09c16ae3d2325905787ce2822cdae57c1c86b,51,cross_family_test_set,XATMOV/structures/XATMOV_C2_14_491_z2_22.cif,e3f0cdffea346e45cc22a70922046888618361792af99b8ac96b6ee9cf9626ab,3dc3eca69d5b19a8011cff6406a09c16ae3d2325905787ce2822cdae57c1c86b,0,88,"[""C"", ""C"", ""N"", ""C"", ""H"", ""H"", ""H"", ""H"", ""H"", ""H"", ""H"", ""C"", ""C"", ""N"", ""C"", ""H"", ""H"", ""H"", ""H"", ""H"", ""H"", ""H"", ""C"", ""C"", ""N"", ""C"", ""H"", ""H"", ""H"", ""H"", ""H"", ""H"", ""H"", ""C"", ""C"", ""N"", ""C"", ""H"", ""H"", ""H"", ""H"", ""H"", ""H"", ""H"", ""C"", ""C"", ""N"", ""C"", ""H"", ""H"", ""H"", ""H"", ""H"", ""H"", ""H"", ""C"", ""C"", ""N"", ""C"", ""H"", ""H"", ""H"", ""H"", ""H"", ""H"", ""H"", ""C"", ""C"", ""N"", ""C"", ""H"", ""H"", ""H"", ""H"", ""H"", ""H"", ""H"", ""C"", ""C"", ""N"", ""C"", ""H"", ""H"", ""H"", ""H"", ""H"", ""H"", ""H""]",C24H56N8,"[true, true, true]","[11.690493466686277, 0.0, 0.0, 0.0, 16.225042270595424, 0.0, 0.9844173069182798, 0.0, 14.068840094916602]",2668.5600124546354,[],"{""cutoff=6.000_skin=0.000"": 2912, ""cutoff=6.000_skin=0.500"": 3548}",0.0,,
OPT-RF-U256-XATMOV88-R256-v1,f76be7fea227482e0d2e5078d97994299bbc9dfbe0681fde37169ce8641b13b1,OPT-RF-U256-XATMOV88-R256-v1:0052,XATMOV_C1_14_5659_z2_22,fdbe1e06036fb4dde1ca782691822e382a67df251c8c3e5aaa7aa57a3fa68373,52,cross_family_test_set,XATMOV/structures/XATMOV_C1_14_5659_z2_22.cif,016ba5ec1c3a312dc007ab685696058bcbe43367df4cd692aa1c9dbf08b0de8b,fdbe1e06036fb4dde1ca782691822e382a67df251c8c3e5aaa7aa57a3fa68373,0,88,"[""C"", ""C"", ""N"", ""C"", ""H"", ""H"", ""H"", ""H"", ""H"", ""H"", ""H"", ""C"", ""C"", ""N"", ""C"", ""H"", ""H"", ""H"", ""H"", ""H"", ""H"", ""H"", ""C"", ""C"", ""N"", ""C"", ""H"", ""H"", ""H"", ""H"", ""H"", ""H"", ""H"", ""C"", ""C"", ""N"", ""C"", ""H"", ""H"", ""H"", ""H"", ""H"", ""H"", ""H"", ""C"", ""C"", ""N"", ""C"", ""H"", ""H"", ""H"", ""H"", ""H"", ""H"", ""H"", ""C"", ""C"", ""N"", ""C"", ""H"", ""H"", ""H"", ""H"", ""H"", ""H"", ""H"", ""C"", ""C"", ""N"", ""C"", ""H"", ""H"", ""H"", ""H"", ""H"", ""H"", ""H"", ""C"", ""C"", ""N"", ""C"", ""H"", ""H"", ""H"", ""H"", ""H"", ""H"", ""H""]",C24H56N8,"[true, true, true]","[10.61868785851744, 0.0, 0.0, 0.0, 9.793739590775075, 0.0, 10.864209783330361, 0.0, 19.246308768298963]",2001.551900097579,[],"{""cutoff=6.000_skin=0.000"": 2920, ""cutoff=6.000_skin=0.500"": 3792}",0.0,,
OPT-RF-U256-XATMOV88-R256-v1,f76be7fea227482e0d2e5078d97994299bbc9dfbe0681fde37169ce8641b13b1,OPT-RF-U256-XATMOV88-R256-v1:0053,XATMOV_C1_14_4860_z2_22,a5e24aaae45d2c33f2d1a4c5b29078943055299b10d20bcc457415ff9988489f,53,cross_family_test_set,XATMOV/structures/XATMOV_C1_14_4860_z2_22.cif,115908ff8719a56d77f50e1701a1ca59e6dc55fa3f4ebed4d81eb3d4ae649020,a5e24aaae45d2c33f2d1a4c5b29078943055299b10d20bcc457415ff9988489f,0,88,"[""C"", ""C"", ""N"", ""C"", ""H"", ""H"", ""H"", ""H"", ""H"", ""H"", ""H"", ""C"", ""C"", ""N"", ""C"", ""H"", ""H"", ""H"", ""H"", ""H"", ""H"", ""H"", ""C"", ""C"", ""N"", ""C"", ""H"", ""H"", ""H"", ""H"", ""H"", ""H"", ""H"", ""C"", ""C"", ""N"", ""C"", ""H"", ""H"", ""H"", ""H"", ""H"", ""H"", ""H"", ""C"", ""C"", ""N"", ""C"", ""H"", ""H"", ""H"", ""H"", ""H"", ""H"", ""H"", ""C"", ""C"", ""N"", ""C"", ""H"", ""H"", ""H"", ""H"", ""H"", ""H"", ""H"", ""C"", ""C"", ""N"", ""C"", ""H"", ""H"", ""H"", ""H"", ""H"", ""H"", ""H"", ""C"", ""C"", ""N"", ""C"", ""H"", ""H"", ""H"", ""H"", ""H"", ""H"", ""H""]",C24H56N8,"[true, true, true]","[13.25905891361613, 0.0, 0.0, 0.0, 12.623324143741527, 0.0, -6.006308951463405, 0.0, 12.308050180984663]",2060.0401877927675,[],"{""cutoff=6.000_skin=0.000"": 2924, ""cutoff=6.000_skin=0.500"": 3916}",0.0,,
OPT-RF-U256-XATMOV88-R256-v1,f76be7fea227482e0d2e5078d97994299bbc9dfbe0681fde37169ce8641b13b1,OPT-RF-U256-XATMOV88-R256-v1:0054,XATMOV_C1_14_3419_z2_22,4beb2d5212369324f8b59843cb863aa0d52fd62215028dfc0ce66dcbe0b5237e,54,cross_family_test_set,XATMOV/structures/XATMOV_C1_14_3419_z2_22.cif,5d2999ab5ac82d91543b635d8af71acc642ebd6f7350c633e68228788df6ad7c,4beb2d5212369324f8b59843cb863aa0d52fd62215028dfc0ce66dcbe0b5237e,0,88,"[""C"", ""C"", ""N"", ""C"", ""H"", ""H"", ""H"", ""H"", ""H"", ""H"", ""H"", ""C"", ""C"", ""N"", ""C"", ""H"", ""H"", ""H"", ""H"", ""H"", ""H"", ""H"", ""C"", ""C"", ""N"", ""C"", ""H"", ""H"", ""H"", ""H"", ""H"", ""H"", ""H"", ""C"", ""C"", ""N"", ""C"", ""H"", ""H"", ""H"", ""H"", ""H"", ""H"", ""H"", ""C"", ""C"", ""N"", ""C"", ""H"", ""H"", ""H"", ""H"", ""H"", ""H"", ""H"", ""C"", ""C"", ""N"", ""C"", ""H"", ""H"", ""H"", ""H"", ""H"", ""H"", ""H"", ""C"", ""C"", ""N"", ""C"", ""H"", ""H"", ""H"", ""H"", ""H"", ""H"", ""H"", ""C"", ""C"", ""N"", ""C"", ""H"", ""H"", ""H"", ""H"", ""H"", ""H"", ""H""]",C24H56N8,"[true, true, true]","[7.929819437421671, 0.0, 0.0, 0.0, 13.30906861990723, 0.0, 7.19022218473379, 0.0, 20.679348576683722]",2182.467657980089,[],"{""cutoff=6.000_skin=0.000"": 2940, ""cutoff=6.000_skin=0.500"": 3744}",0.0,,
OPT-RF-U256-XATMOV88-R256-v1,f76be7fea227482e0d2e5078d97994299bbc9dfbe0681fde37169ce8641b13b1,OPT-RF-U256-XATMOV88-R256-v1:0055,XATMOV_C1_14_91_z2_22,1d9d9c952e3ae5257dc65244ebd5f5495e22b33ef2c339f7dab147aeb6e0dfca,55,cross_family_test_set,XATMOV/structures/XATMOV_C1_14_91_z2_22.cif,7d0e878a92c3383be64503e75985eb2e7ea723d06d6acec704ad94287811cad2,1d9d9c952e3ae5257dc65244ebd5f5495e22b33ef2c339f7dab147aeb6e0dfca,0,88,"[""C"", ""C"", ""N"", ""C"", ""H"", ""H"", ""H"", ""H"", ""H"", ""H"", ""H"", ""C"", ""C"", ""N"", ""C"", ""H"", ""H"", ""H"", ""H"", ""H"", ""H"", ""H"", ""C"", ""C"", ""N"", ""C"", ""H"", ""H"", ""H"", ""H"", ""H"", ""H"", ""H"", ""C"", ""C"", ""N"", ""C"", ""H"", ""H"", ""H"", ""H"", ""H"", ""H"", ""H"", ""C"", ""C"", ""N"", ""C"", ""H"", ""H"", ""H"", ""H"", ""H"", ""H"", ""H"", ""C"", ""C"", ""N"", ""C"", ""H"", ""H"", ""H"", ""H"", ""H"", ""H"", ""H"", ""C"", ""C"", ""N"", ""C"", ""H"", ""H"", ""H"", ""H"", ""H"", ""H"", ""H"", ""C"", ""C"", ""N"", ""C"", ""H"", ""H"", ""H"", ""H"", ""H"", ""H"", ""H""]",C24H56N8,"[true, true, true]","[12.589687116415128, 0.0, 0.0, 0.0, 12.98985404955257, 0.0, 3.6986727248240787, 0.0, 12.488030224207474]",2042.26996158143,[],"{""cutoff=6.000_skin=0.000"": 2948, ""cutoff=6.000_skin=0.500"": 3908}",0.0,,
OPT-RF-U256-XATMOV88-R256-v1,f76be7fea227482e0d2e5078d97994299bbc9dfbe0681fde37169ce8641b13b1,OPT-RF-U256-XATMOV88-R256-v1:0056,XATMOV_C2_14_6392_z2_22,f0167035ec498e60ea32c8022935b5e81283362f89d7f23e42313f926c34c1b2,56,cross_family_test_set,XATMOV/structures/XATMOV_C2_14_6392_z2_22.cif,ca1f586fd4b4404d8bf19de416f12ad8c1214068f0e537b5f3f2965120a119f2,f0167035ec498e60ea32c8022935b5e81283362f89d7f23e42313f926c34c1b2,0,88,"[""C"", ""C"", ""N"", ""C"", ""H"", ""H"", ""H"", ""H"", ""H"", ""H"", ""H"", ""C"", ""C"", ""N"", ""C"", ""H"", ""H"", ""H"", ""H"", ""H"", ""H"", ""H"", ""C"", ""C"", ""N"", ""C"", ""H"", ""H"", ""H"", ""H"", ""H"", ""H"", ""H"", ""C"", ""C"", ""N"", ""C"", ""H"", ""H"", ""H"", ""H"", ""H"", ""H"", ""H"", ""C"", ""C"", ""N"", ""C"", ""H"", ""H"", ""H"", ""H"", ""H"", ""H"", ""H"", ""C"", ""C"", ""N"", ""C"", ""H"", ""H"", ""H"", ""H"", ""H"", ""H"", ""H"", ""C"", ""C"", ""N"", ""C"", ""H"", ""H"", ""H"", ""H"", ""H"", ""H"", ""H"", ""C"", ""C"", ""N"", ""C"", ""H"", ""H"", ""H"", ""H"", ""H"", ""H"", ""H""]",C24H56N8,"[true, true, true]","[12.385903918131191, 0.0, 0.0, 0.0, 13.061495476175686, 0.0, 2.3948366022562886, 0.0, 13.699826281742363]",2216.336359665103,[],"{""cutoff=6.000_skin=0.000"": 2956, ""cutoff=6.000_skin=0.500"": 3868}",0.0,,
OPT-RF-U256-XATMOV88-R256-v1,f76be7fea227482e0d2e5078d97994299bbc9dfbe0681fde37169ce8641b13b1,OPT-RF-U256-XATMOV88-R256-v1:0057,XATMOV_C2_14_274_z2_22,96699f51d471fc7109df152671e13d365c3bc0f9f77840f59effcb3edc18997f,57,cross_family_test_set,XATMOV/structures/XATMOV_C2_14_274_z2_22.cif,969e082f2468dd3a4c66832b0b81244e610d6d2fa6be5925f71c903d84ab9103,96699f51d471fc7109df152671e13d365c3bc0f9f77840f59effcb3edc18997f,0,88,"[""C"", ""C"", ""N"", ""C"", ""H"", ""H"", ""H"", ""H"", ""H"", ""H"", ""H"", ""C"", ""C"", ""N"", ""C"", ""H"", ""H"", ""H"", ""H"", ""H"", ""H"", ""H"", ""C"", ""C"", ""N"", ""C"", ""H"", ""H"", ""H"", ""H"", ""H"", ""H"", ""H"", ""C"", ""C"", ""N"", ""C"", ""H"", ""H"", ""H"", ""H"", ""H"", ""H"", ""H"", ""C"", ""C"", ""N"", ""C"", ""H"", ""H"", ""H"", ""H"", ""H"", ""H"", ""H"", ""C"", ""C"", ""N"", ""C"", ""H"", ""H"", ""H"", ""H"", ""H"", ""H"", ""H"", ""C"", ""C"", ""N"", ""C"", ""H"", ""H"", ""H"", ""H"", ""H"", ""H"", ""H"", ""C"", ""C"", ""N"", ""C"", ""H"", ""H"", ""H"", ""H"", ""H"", ""H"", ""H""]",C24H56N8,"[true, true, true]","[16.176725129264725, 0.0, 0.0, 0.0, 8.823826279692838, 0.0, -8.916967652571085, 0.0, 14.195729843654643]",2026.3071701412077,[],"{""cutoff=6.000_skin=0.000"": 2964, ""cutoff=6.000_skin=0.500"": 3796}",0.0,,
OPT-RF-U256-XATMOV88-R256-v1,f76be7fea227482e0d2e5078d97994299bbc9dfbe0681fde37169ce8641b13b1,OPT-RF-U256-XATMOV88-R256-v1:0058,XATMOV_C2_14_6706_z2_22,4b7e4f78c62e68df8fffa7bada6d5d892a62e48f3f2cbe03d628680f348d37ba,58,cross_family_test_set,XATMOV/structures/XATMOV_C2_14_6706_z2_22.cif,b93b1adb0ce5acf249725b752573063dbcce06ff2f2b52862dead030578123a2,4b7e4f78c62e68df8fffa7bada6d5d892a62e48f3f2cbe03d628680f348d37ba,0,88,"[""C"", ""C"", ""N"", ""C"", ""H"", ""H"", ""H"", ""H"", ""H"", ""H"", ""H"", ""C"", ""C"", ""N"", ""C"", ""H"", ""H"", ""H"", ""H"", ""H"", ""H"", ""H"", ""C"", ""C"", ""N"", ""C"", ""H"", ""H"", ""H"", ""H"", ""H"", ""H"", ""H"", ""C"", ""C"", ""N"", ""C"", ""H"", ""H"", ""H"", ""H"", ""H"", ""H"", ""H"", ""C"", ""C"", ""N"", ""C"", ""H"", ""H"", ""H"", ""H"", ""H"", ""H"", ""H"", ""C"", ""C"", ""N"", ""C"", ""H"", ""H"", ""H"", ""H"", ""H"", ""H"", ""H"", ""C"", ""C"", ""N"", ""C"", ""H"", ""H"", ""H"", ""H"", ""H"", ""H"", ""H"", ""C"", ""C"", ""N"", ""C"", ""H"", ""H"", ""H"", ""H"", ""H"", ""H"", ""H""]",C24H56N8,"[true, true, true]","[18.720817975438464, 0.0, 0.0, 0.0, 9.893664093442395, 0.0, -8.288570062785102, 0.0, 11.164051345998192]",2067.7775082897306,[],"{""cutoff=6.000_skin=0.000"": 2972, ""cutoff=6.000_skin=0.500"": 3888}",0.0,,
OPT-RF-U256-XATMOV88-R256-v1,f76be7fea227482e0d2e5078d97994299bbc9dfbe0681fde37169ce8641b13b1,OPT-RF-U256-XATMOV88-R256-v1:0059,XATMOV_C1_14_5229_z2_22,13cd3341f966ea45d198182ba73eec1c934ed356aa47d000e05604794e845e66,59,cross_family_test_set,XATMOV/structures/XATMOV_C1_14_5229_z2_22.cif,3c2ae5c2deef03e649e2654507b745fad43d1793df45076d2178766fa4141360,13cd3341f966ea45d198182ba73eec1c934ed356aa47d000e05604794e845e66,0,88,"[""C"", ""C"", ""N"", ""C"", ""H"", ""H"", ""H"", ""H"", ""H"", ""H"", ""H"", ""C"", ""C"", ""N"", ""C"", ""H"", ""H"", ""H"", ""H"", ""H"", ""H"", ""H"", ""C"", ""C"", ""N"", ""C"", ""H"", ""H"", ""H"", ""H"", ""H"", ""H"", ""H"", ""C"", ""C"", ""N"", ""C"", ""H"", ""H"", ""H"", ""H"", ""H"", ""H"", ""H"", ""C"", ""C"", ""N"", ""C"", ""H"", ""H"", ""H"", ""H"", ""H"", ""H"", ""H"", ""C"", ""C"", ""N"", ""C"", ""H"", ""H"", ""H"", ""H"", ""H"", ""H"", ""H"", ""C"", ""C"", ""N"", ""C"", ""H"", ""H"", ""H"", ""H"", ""H"", ""H"", ""H"", ""C"", ""C"", ""N"", ""C"", ""H"", ""H"", ""H"", ""H"", ""H"", ""H"", ""H""]",C24H56N8,"[true, true, true]","[13.72338716908822, 0.0, 0.0, 0.0, 13.659903393520274, 0.0, 1.7989125614159434, 0.0, 11.045265613045984]",2070.5470708706735,[],"{""cutoff=6.000_skin=0.000"": 2980, ""cutoff=6.000_skin=0.500"": 3980}",0.0,,
OPT-RF-U256-XATMOV88-R256-v1,f76be7fea227482e0d2e5078d97994299bbc9dfbe0681fde37169ce8641b13b1,OPT-RF-U256-XATMOV88-R256-v1:0060,XATMOV_C2_14_4650_z2_22,3603bb7fb5ff51e850726813727b2e0736193b0aaccdc18432a7dc45b4060aec,60,cross_family_test_set,XATMOV/structures/XATMOV_C2_14_4650_z2_22.cif,702d626e7ecde166b5e91fa1b3a81e45105ada8d819e67b75ec9dce9b59cd78c,3603bb7fb5ff51e850726813727b2e0736193b0aaccdc18432a7dc45b4060aec,0,88,"[""C"", ""C"", ""N"", ""C"", ""H"", ""H"", ""H"", ""H"", ""H"", ""H"", ""H"", ""C"", ""C"", ""N"", ""C"", ""H"", ""H"", ""H"", ""H"", ""H"", ""H"", ""H"", ""C"", ""C"", ""N"", ""C"", ""H"", ""H"", ""H"", ""H"", ""H"", ""H"", ""H"", ""C"", ""C"", ""N"", ""C"", ""H"", ""H"", ""H"", ""H"", ""H"", ""H"", ""H"", ""C"", ""C"", ""N"", ""C"", ""H"", ""H"", ""H"", ""H"", ""H"", ""H"", ""H"", ""C"", ""C"", ""N"", ""C"", ""H"", ""H"", ""H"", ""H"", ""H"", ""H"", ""H"", ""C"", ""C"", ""N"", ""C"", ""H"", ""H"", ""H"", ""H"", ""H"", ""H"", ""H"", ""C"", ""C"", ""N"", ""C"", ""H"", ""H"", ""H"", ""H"", ""H"", ""H"", ""H""]",C24H56N8,"[true, true, true]","[14.11692984622453, 0.0, 0.0, 0.0, 12.202777021967862, 0.0, -6.413869156173058, 0.0, 12.609767908138398]",2172.231090061373,[],"{""cutoff=6.000_skin=0.000"": 2980, ""cutoff=6.000_skin=0.500"": 3872}",0.0,,
OPT-RF-U256-XATMOV88-R256-v1,f76be7fea227482e0d2e5078d97994299bbc9dfbe0681fde37169ce8641b13b1,OPT-RF-U256-XATMOV88-R256-v1:0061,XATMOV_C2_14_5244_z2_22,3ff74e7123d4c05810cf2ed2ae9044faf2994bd8b5dc56f217e6081864c7ed6a,61,cross_family_test_set,XATMOV/structures/XATMOV_C2_14_5244_z2_22.cif,722a501be594127e89b637ca726ed8c47980758bab4fdeed310512dadbb84d09,3ff74e7123d4c05810cf2ed2ae9044faf2994bd8b5dc56f217e6081864c7ed6a,0,88,"[""C"", ""C"", ""N"", ""C"", ""H"", ""H"", ""H"", ""H"", ""H"", ""H"", ""H"", ""C"", ""C"", ""N"", ""C"", ""H"", ""H"", ""H"", ""H"", ""H"", ""H"", ""H"", ""C"", ""C"", ""N"", ""C"", ""H"", ""H"", ""H"", ""H"", ""H"", ""H"", ""H"", ""C"", ""C"", ""N"", ""C"", ""H"", ""H"", ""H"", ""H"", ""H"", ""H"", ""H"", ""C"", ""C"", ""N"", ""C"", ""H"", ""H"", ""H"", ""H"", ""H"", ""H"", ""H"", ""C"", ""C"", ""N"", ""C"", ""H"", ""H"", ""H"", ""H"", ""H"", ""H"", ""H"", ""C"", ""C"", ""N"", ""C"", ""H"", ""H"", ""H"", ""H"", ""H"", ""H"", ""H"", ""C"", ""C"", ""N"", ""C"", ""H"", ""H"", ""H"", ""H"", ""H"", ""H"", ""H""]",C24H56N8,"[true, true, true]","[15.420759810987349, 0.0, 0.0, 0.0, 7.17487837157541, 0.0, 1.3855130656530605, 0.0, 18.55005927236964]",2052.4170685806644,[],"{""cutoff=6.000_skin=0.000"": 2992, ""cutoff=6.000_skin=0.500"": 4000}",0.0,,
OPT-RF-U256-XATMOV88-R256-v1,f76be7fea227482e0d2e5078d97994299bbc9dfbe0681fde37169ce8641b13b1,OPT-RF-U256-XATMOV88-R256-v1:0062,XATMOV_C2_14_990_z2_22,7a11645b95557d9444df3c69b6fae9c0c7614c349dbca80166a299d80e6c092e,62,cross_family_test_set,XATMOV/structures/XATMOV_C2_14_990_z2_22.cif,e36a978e7d25075b2b872977971b44a8a04ee32785b8fc693bf89d137a542bf6,7a11645b95557d9444df3c69b6fae9c0c7614c349dbca80166a299d80e6c092e,0,88,"[""C"", ""C"", ""N"", ""C"", ""H"", ""H"", ""H"", ""H"", ""H"", ""H"", ""H"", ""C"", ""C"", ""N"", ""C"", ""H"", ""H"", ""H"", ""H"", ""H"", ""H"", ""H"", ""C"", ""C"", ""N"", ""C"", ""H"", ""H"", ""H"", ""H"", ""H"", ""H"", ""H"", ""C"", ""C"", ""N"", ""C"", ""H"", ""H"", ""H"", ""H"", ""H"", ""H"", ""H"", ""C"", ""C"", ""N"", ""C"", ""H"", ""H"", ""H"", ""H"", ""H"", ""H"", ""H"", ""C"", ""C"", ""N"", ""C"", ""H"", ""H"", ""H"", ""H"", ""H"", ""H"", ""H"", ""C"", ""C"", ""N"", ""C"", ""H"", ""H"", ""H"", ""H"", ""H"", ""H"", ""H"", ""C"", ""C"", ""N"", ""C"", ""H"", ""H"", ""H"", ""H"", ""H"", ""H"", ""H""]",C24H56N8,"[true, true, true]","[14.267754686438522, 0.0, 0.0, 0.0, 14.673390973228315, 0.0, -3.525816153630185, 0.0, 9.590006286962428]",2007.7286438997578,[],"{""cutoff=6.000_skin=0.000"": 3008, ""cutoff=6.000_skin=0.500"": 3980}",0.0,,
OPT-RF-U256-XATMOV88-R256-v1,f76be7fea227482e0d2e5078d97994299bbc9dfbe0681fde37169ce8641b13b1,OPT-RF-U256-XATMOV88-R256-v1:0063,XATMOV_C1_14_1730_z2_22,9ab3559107067cf0518301e3f548f57257d886ff45b1456edf2bde3768c78585,63,cross_family_test_set,XATMOV/structures/XATMOV_C1_14_1730_z2_22.cif,cacb2bc839e172e6c2f0e60745a0509eb229d7ca65c5e3d0b70a3e00fc43c920,9ab3559107067cf0518301e3f548f57257d886ff45b1456edf2bde3768c78585,0,88,"[""C"", ""C"", ""N"", ""C"", ""H"", ""H"", ""H"", ""H"", ""H"", ""H"", ""H"", ""C"", ""C"", ""N"", ""C"", ""H"", ""H"", ""H"", ""H"", ""H"", ""H"", ""H"", ""C"", ""C"", ""N"", ""C"", ""H"", ""H"", ""H"", ""H"", ""H"", ""H"", ""H"", ""C"", ""C"", ""N"", ""C"", ""H"", ""H"", ""H"", ""H"", ""H"", ""H"", ""H"", ""C"", ""C"", ""N"", ""C"", ""H"", ""H"", ""H"", ""H"", ""H"", ""H"", ""H"", ""C"", ""C"", ""N"", ""C"", ""H"", ""H"", ""H"", ""H"", ""H"", ""H"", ""H"", ""C"", ""C"", ""N"", ""C"", ""H"", ""H"", ""H"", ""H"", ""H"", ""H"", ""H"", ""C"", ""C"", ""N"", ""C"", ""H"", ""H"", ""H"", ""H"", ""H"", ""H"", ""H""]",C24H56N8,"[true, true, true]","[13.650051202419949, 0.0, 0.0, 0.0, 13.898010822960707, 0.0, 7.743208624614435, 0.0, 11.391518436029463]",2161.068551253438,[],"{""cutoff=6.000_skin=0.000"": 3016, ""cutoff=6.000_skin=0.500"": 3868}",0.0,,
OPT-RF-U256-XATMOV88-R256-v1,f76be7fea227482e0d2e5078d97994299bbc9dfbe0681fde37169ce8641b13b1,OPT-RF-U256-XATMOV88-R256-v1:0064,XATMOV_C2_14_7321_z2_22,51b96b6038f2be17826adf11bea522c2a8e79c3e1a01eae124c9700b71b4f5d3,64,cross_family_test_set,XATMOV/structures/XATMOV_C2_14_7321_z2_22.cif,81b2b345f3d6044324aad55ea75d2e3fb8ec606dc0685f4aac5df8933ba0eb47,51b96b6038f2be17826adf11bea522c2a8e79c3e1a01eae124c9700b71b4f5d3,0,88,"[""C"", ""C"", ""N"", ""C"", ""H"", ""H"", ""H"", ""H"", ""H"", ""H"", ""H"", ""C"", ""C"", ""N"", ""C"", ""H"", ""H"", ""H"", ""H"", ""H"", ""H"", ""H"", ""C"", ""C"", ""N"", ""C"", ""H"", ""H"", ""H"", ""H"", ""H"", ""H"", ""H"", ""C"", ""C"", ""N"", ""C"", ""H"", ""H"", ""H"", ""H"", ""H"", ""H"", ""H"", ""C"", ""C"", ""N"", ""C"", ""H"", ""H"", ""H"", ""H"", ""H"", ""H"", ""H"", ""C"", ""C"", ""N"", ""C"", ""H"", ""H"", ""H"", ""H"", ""H"", ""H"", ""H"", ""C"", ""C"", ""N"", ""C"", ""H"", ""H"", ""H"", ""H"", ""H"", ""H"", ""H"", ""C"", ""C"", ""N"", ""C"", ""H"", ""H"", ""H"", ""H"", ""H"", ""H"", ""H""]",C24H56N8,"[true, true, true]","[13.234594742477242, 0.0, 0.0, 0.0, 13.910299612208256, 0.0, -2.1974100443250695, 0.0, 11.649194108001723]",2144.5837625855224,[],"{""cutoff=6.000_skin=0.000"": 3032, ""cutoff=6.000_skin=0.500"": 3972}",0.0,,
OPT-RF-U256-XATMOV88-R256-v1,f76be7fea227482e0d2e5078d97994299bbc9dfbe0681fde37169ce8641b13b1,OPT-RF-U256-XATMOV88-R256-v1:0065,XATMOV_C2_14_1805_z2_22,d8fe9aa90dd12c75372762b242f85a071b91553d9cadf3a54a062971a5c9e7ef,65,cross_family_test_set,XATMOV/structures/XATMOV_C2_14_1805_z2_22.cif,f3e9b21017f363ffc55f826a7fcaadba4f942086c14defd7152a2d0251913adc,d8fe9aa90dd12c75372762b242f85a071b91553d9cadf3a54a062971a5c9e7ef,0,88,"[""C"", ""C"", ""N"", ""C"", ""H"", ""H"", ""H"", ""H"", ""H"", ""H"", ""H"", ""C"", ""C"", ""N"", ""C"", ""H"", ""H"", ""H"", ""H"", ""H"", ""H"", ""H"", ""C"", ""C"", ""N"", ""C"", ""H"", ""H"", ""H"", ""H"", ""H"", ""H"", ""H"", ""C"", ""C"", ""N"", ""C"", ""H"", ""H"", ""H"", ""H"", ""H"", ""H"", ""H"", ""C"", ""C"", ""N"", ""C"", ""H"", ""H"", ""H"", ""H"", ""H"", ""H"", ""H"", ""C"", ""C"", ""N"", ""C"", ""H"", ""H"", ""H"", ""H"", ""H"", ""H"", ""H"", ""C"", ""C"", ""N"", ""C"", ""H"", ""H"", ""H"", ""H"", ""H"", ""H"", ""H"", ""C"", ""C"", ""N"", ""C"", ""H"", ""H"", ""H"", ""H"", ""H"", ""H"", ""H""]",C24H56N8,"[true, true, true]","[9.175432494030815, 0.0, 0.0, 0.0, 15.367667564527089, 0.0, -3.2833675083610805, 0.0, 14.258705214968003]",2010.5486764932175,[],"{""cutoff=6.000_skin=0.000"": 3052, ""cutoff=6.000_skin=0.500"": 4092}",0.0,,
OPT-RF-U256-XATMOV88-R256-v1,f76be7fea227482e0d2e5078d97994299bbc9dfbe0681fde37169ce8641b13b1,OPT-RF-U256-XATMOV88-R256-v1:0066,XATMOV_C2_14_2116_z2_22,10c3067a2629b4cd5dac1007a8cd5b41aa97715d3b18bea894a4e854f7e1e009,66,cross_family_test_set,XATMOV/structures/XATMOV_C2_14_2116_z2_22.cif,c9f1edacdcc7230c004d2bfa80e1e4b1ef9a3b260d6082f844214ec5cb24acad,10c3067a2629b4cd5dac1007a8cd5b41aa97715d3b18bea894a4e854f7e1e009,0,88,"[""C"", ""C"", ""N"", ""C"", ""H"", ""H"", ""H"", ""H"", ""H"", ""H"", ""H"", ""C"", ""C"", ""N"", ""C"", ""H"", ""H"", ""H"", ""H"", ""H"", ""H"", ""H"", ""C"", ""C"", ""N"", ""C"", ""H"", ""H"", ""H"", ""H"", ""H"", ""H"", ""H"", ""C"", ""C"", ""N"", ""C"", ""H"", ""H"", ""H"", ""H"", ""H"", ""H"", ""H"", ""C"", ""C"", ""N"", ""C"", ""H"", ""H"", ""H"", ""H"", ""H"", ""H"", ""H"", ""C"", ""C"", ""N"", ""C"", ""H"", ""H"", ""H"", ""H"", ""H"", ""H"", ""H"", ""C"", ""C"", ""N"", ""C"", ""H"", ""H"", ""H"", ""H"", ""H"", ""H"", ""H"", ""C"", ""C"", ""N"", ""C"", ""H"", ""H"", ""H"", ""H"", ""H"", ""H"", ""H""]",C24H56N8,"[true, true, true]","[15.481502071985801, 0.0, 0.0, 0.0, 9.191492863868717, 0.0, 4.9001658862198365, 0.0, 14.556838514407001]",2071.4106928470133,[],"{""cutoff=6.000_skin=0.000"": 3064, ""cutoff=6.000_skin=0.500"": 3896}",0.0,,
OPT-RF-U256-XATMOV88-R256-v1,f76be7fea227482e0d2e5078d97994299bbc9dfbe0681fde37169ce8641b13b1,OPT-RF-U256-XATMOV88-R256-v1:0067,XATMOV_C1_14_3643_z2_22,4e687c230f5ff2715f85c6e2dc1e057c45f34899cd7a68fec2ab9962ae417210,67,cross_family_test_set,XATMOV/structures/XATMOV_C1_14_3643_z2_22.cif,1caf890c35cba853159aaebe4567b43750197956c96823268f556c99523631d2,4e687c230f5ff2715f85c6e2dc1e057c45f34899cd7a68fec2ab9962ae417210,0,88,"[""C"", ""C"", ""N"", ""C"", ""H"", ""H"", ""H"", ""H"", ""H"", ""H"", ""H"", ""C"", ""C"", ""N"", ""C"", ""H"", ""H"", ""H"", ""H"", ""H"", ""H"", ""H"", ""C"", ""C"", ""N"", ""C"", ""H"", ""H"", ""H"", ""H"", ""H"", ""H"", ""H"", ""C"", ""C"", ""N"", ""C"", ""H"", ""H"", ""H"", ""H"", ""H"", ""H"", ""H"", ""C"", ""C"", ""N"", ""C"", ""H"", ""H"", ""H"", ""H"", ""H"", ""H"", ""H"", ""C"", ""C"", ""N"", ""C"", ""H"", ""H"", ""H"", ""H"", ""H"", ""H"", ""H"", ""C"", ""C"", ""N"", ""C"", ""H"", ""H"", ""H"", ""H"", ""H"", ""H"", ""H"", ""C"", ""C"", ""N"", ""C"", ""H"", ""H"", ""H"", ""H"", ""H"", ""H"", ""H""]",C24H56N8,"[true, true, true]","[15.422937201982382, 0.0, 0.0, 0.0, 11.734756780928933, 0.0, -7.407762349573217, 0.0, 12.79033309435597]",2314.8509772025545,[],"{""cutoff=6.000_skin=0.000"": 3096, ""cutoff=6.000_skin=0.500"": 3800}",0.0,,
OPT-RF-U256-XATMOV88-R256-v1,f76be7fea227482e0d2e5078d97994299bbc9dfbe0681fde37169ce8641b13b1,OPT-RF-U256-XATMOV88-R256-v1:0068,XATMOV_C1_14_3881_z2_22,1e3700487b78432e8e10cf12b61554eb1b2d2684fd23409cd5e29ceb82d634f5,68,cross_family_test_set,XATMOV/structures/XATMOV_C1_14_3881_z2_22.cif,eda6f6f9c63412e164b0045b83362047cc988ca7172805c17747dc791f2a6128,1e3700487b78432e8e10cf12b61554eb1b2d2684fd23409cd5e29ceb82d634f5,0,88,"[""C"", ""C"", ""N"", ""C"", ""H"", ""H"", ""H"", ""H"", ""H"", ""H"", ""H"", ""C"", ""C"", ""N"", ""C"", ""H"", ""H"", ""H"", ""H"", ""H"", ""H"", ""H"", ""C"", ""C"", ""N"", ""C"", ""H"", ""H"", ""H"", ""H"", ""H"", ""H"", ""H"", ""C"", ""C"", ""N"", ""C"", ""H"", ""H"", ""H"", ""H"", ""H"", ""H"", ""H"", ""C"", ""C"", ""N"", ""C"", ""H"", ""H"", ""H"", ""H"", ""H"", ""H"", ""H"", ""C"", ""C"", ""N"", ""C"", ""H"", ""H"", ""H"", ""H"", ""H"", ""H"", ""H"", ""C"", ""C"", ""N"", ""C"", ""H"", ""H"", ""H"", ""H"", ""H"", ""H"", ""H"", ""C"", ""C"", ""N"", ""C"", ""H"", ""H"", ""H"", ""H"", ""H"", ""H"", ""H""]",C24H56N8,"[true, true, true]","[7.989148189291355, 0.0, 0.0, 0.0, 8.078135163049176, 0.0, -11.929494656211084, 0.0, 29.326652137024634]",1892.6664342162712,[],"{""cutoff=6.000_skin=0.000"": 3108, ""cutoff=6.000_skin=0.500"": 4236}",0.0,,
OPT-RF-U256-XATMOV88-R256-v1,f76be7fea227482e0d2e5078d97994299bbc9dfbe0681fde37169ce8641b13b1,OPT-RF-U256-XATMOV88-R256-v1:0069,XATMOV_C2_14_670_z2_22,60af4d0661b6e155c9629d475740edb48c4e7bff287fb9102b76fea4649c3b9f,69,cross_family_test_set,XATMOV/structures/XATMOV_C2_14_670_z2_22.cif,a70fefdcc1562bbb68f3649de2df6d0045dc504d53ca93be5267e3518c3a7319,60af4d0661b6e155c9629d475740edb48c4e7bff287fb9102b76fea4649c3b9f,0,88,"[""C"", ""C"", ""N"", ""C"", ""H"", ""H"", ""H"", ""H"", ""H"", ""H"", ""H"", ""C"", ""C"", ""N"", ""C"", ""H"", ""H"", ""H"", ""H"", ""H"", ""H"", ""H"", ""C"", ""C"", ""N"", ""C"", ""H"", ""H"", ""H"", ""H"", ""H"", ""H"", ""H"", ""C"", ""C"", ""N"", ""C"", ""H"", ""H"", ""H"", ""H"", ""H"", ""H"", ""H"", ""C"", ""C"", ""N"", ""C"", ""H"", ""H"", ""H"", ""H"", ""H"", ""H"", ""H"", ""C"", ""C"", ""N"", ""C"", ""H"", ""H"", ""H"", ""H"", ""H"", ""H"", ""H"", ""C"", ""C"", ""N"", ""C"", ""H"", ""H"", ""H"", ""H"", ""H"", ""H"", ""H"", ""C"", ""C"", ""N"", ""C"", ""H"", ""H"", ""H"", ""H"", ""H"", ""H"", ""H""]",C24H56N8,"[true, true, true]","[12.646960822499324, 0.0, 0.0, 0.0, 13.67275877593081, 0.0, -5.42494478320963, 0.0, 11.383209206962674]",1968.3713836198515,[],"{""cutoff=6.000_skin=0.000"": 3108, ""cutoff=6.000_skin=0.500"": 4080}",0.0,,
OPT-RF-U256-XATMOV88-R256-v1,f76be7fea227482e0d2e5078d97994299bbc9dfbe0681fde37169ce8641b13b1,OPT-RF-U256-XATMOV88-R256-v1:0070,XATMOV_C1_14_2521_z2_22,3bb9934cb98eefdae2ea9b52a782b6baddc684afdb1ae348a3eb3a6a48d30e5b,70,cross_family_test_set,XATMOV/structures/XATMOV_C1_14_2521_z2_22.cif,a74620869037bb1d0b7ac7cb25243afb77fbc38824bb24b826da5a8419414414,3bb9934cb98eefdae2ea9b52a782b6baddc684afdb1ae348a3eb3a6a48d30e5b,0,88,"[""C"", ""C"", ""N"", ""C"", ""H"", ""H"", ""H"", ""H"", ""H"", ""H"", ""H"", ""C"", ""C"", ""N"", ""C"", ""H"", ""H"", ""H"", ""H"", ""H"", ""H"", ""H"", ""C"", ""C"", ""N"", ""C"", ""H"", ""H"", ""H"", ""H"", ""H"", ""H"", ""H"", ""C"", ""C"", ""N"", ""C"", ""H"", ""H"", ""H"", ""H"", ""H"", ""H"", ""H"", ""C"", ""C"", ""N"", ""C"", ""H"", ""H"", ""H"", ""H"", ""H"", ""H"", ""H"", ""C"", ""C"", ""N"", ""C"", ""H"", ""H"", ""H"", ""H"", ""H"", ""H"", ""H"", ""C"", ""C"", ""N"", ""C"", ""H"", ""H"", ""H"", ""H"", ""H"", ""H"", ""H"", ""C"", ""C"", ""N"", ""C"", ""H"", ""H"", ""H"", ""H"", ""H"", ""H"", ""H""]",C24H56N8,"[true, true, true]","[13.572893994456955, 0.0, 0.0, 0.0, 12.548667240403638, 0.0, 2.254427742560405, 0.0, 12.571768701675055]",2141.2453972667636,[],"{""cutoff=6.000_skin=0.000"": 3120, ""cutoff=6.000_skin=0.500"": 3980}",0.0,,
OPT-RF-U256-XATMOV88-R256-v1,f76be7fea227482e0d2e5078d97994299bbc9dfbe0681fde37169ce8641b13b1,OPT-RF-U256-XATMOV88-R256-v1:0071,XATMOV_C1_14_199_z2_22,1f493b6dc27e886ba0fed6a70e0d4290ad7b136aaa9f4563ea9fe62bda9a320b,71,cross_family_test_set,XATMOV/structures/XATMOV_C1_14_199_z2_22.cif,cd0d83edabe6720706846f973cd8c28d8a3d5de69bc494d4c837cdc0f1327782,1f493b6dc27e886ba0fed6a70e0d4290ad7b136aaa9f4563ea9fe62bda9a320b,0,88,"[""C"", ""C"", ""N"", ""C"", ""H"", ""H"", ""H"", ""H"", ""H"", ""H"", ""H"", ""C"", ""C"", ""N"", ""C"", ""H"", ""H"", ""H"", ""H"", ""H"", ""H"", ""H"", ""C"", ""C"", ""N"", ""C"", ""H"", ""H"", ""H"", ""H"", ""H"", ""H"", ""H"", ""C"", ""C"", ""N"", ""C"", ""H"", ""H"", ""H"", ""H"", ""H"", ""H"", ""H"", ""C"", ""C"", ""N"", ""C"", ""H"", ""H"", ""H"", ""H"", ""H"", ""H"", ""H"", ""C"", ""C"", ""N"", ""C"", ""H"", ""H"", ""H"", ""H"", ""H"", ""H"", ""H"", ""C"", ""C"", ""N"", ""C"", ""H"", ""H"", ""H"", ""H"", ""H"", ""H"", ""H"", ""C"", ""C"", ""N"", ""C"", ""H"", ""H"", ""H"", ""H"", ""H"", ""H"", ""H""]",C24H56N8,"[true, true, true]","[17.652389731302122, 0.0, 0.0, 0.0, 14.844280704334437, 0.0, -6.043238779682126, 0.0, 8.591044623050403]",2251.1718027913857,[],"{""cutoff=6.000_skin=0.000"": 3124, ""cutoff=6.000_skin=0.500"": 3812}",0.0,,
OPT-RF-U256-XATMOV88-R256-v1,f76be7fea227482e0d2e5078d97994299bbc9dfbe0681fde37169ce8641b13b1,OPT-RF-U256-XATMOV88-R256-v1:0072,XATMOV_C1_14_3576_z2_22,df102727231872518442395a574bb6e8efe2b22b56c699aff632652511598a8c,72,cross_family_test_set,XATMOV/structures/XATMOV_C1_14_3576_z2_22.cif,1a65b62bd99ff827184050d3db4a5dbba2997281f5ac51b43008c928010fa7d6,df102727231872518442395a574bb6e8efe2b22b56c699aff632652511598a8c,0,88,"[""C"", ""C"", ""N"", ""C"", ""H"", ""H"", ""H"", ""H"", ""H"", ""H"", ""H"", ""C"", ""C"", ""N"", ""C"", ""H"", ""H"", ""H"", ""H"", ""H"", ""H"", ""H"", ""C"", ""C"", ""N"", ""C"", ""H"", ""H"", ""H"", ""H"", ""H"", ""H"", ""H"", ""C"", ""C"", ""N"", ""C"", ""H"", ""H"", ""H"", ""H"", ""H"", ""H"", ""H"", ""C"", ""C"", ""N"", ""C"", ""H"", ""H"", ""H"", ""H"", ""H"", ""H"", ""H"", ""C"", ""C"", ""N"", ""C"", ""H"", ""H"", ""H"", ""H"", ""H"", ""H"", ""H"", ""C"", ""C"", ""N"", ""C"", ""H"", ""H"", ""H"", ""H"", ""H"", ""H"", ""H"", ""C"", ""C"", ""N"", ""C"", ""H"", ""H"", ""H"", ""H"", ""H"", ""H"", ""H""]",C24H56N8,"[true, true, true]","[12.52036292554004, 0.0, 0.0, 0.0, 15.072417486048622, 0.0, 8.425668571814036, 0.0, 11.588178088447126]",2186.8298520571416,[],"{""cutoff=6.000_skin=0.000"": 3156, ""cutoff=6.000_skin=0.500"": 4000}",0.0,,
OPT-RF-U256-XATMOV88-R256-v1,f76be7fea227482e0d2e5078d97994299bbc9dfbe0681fde37169ce8641b13b1,OPT-RF-U256-XATMOV88-R256-v1:0073,XATMOV_C2_14_4860_z2_22,a891e1eeb3dc77b0af12c765c5bff320b2e399cb936f5945584060d43ec68efc,73,cross_family_test_set,XATMOV/structures/XATMOV_C2_14_4860_z2_22.cif,b65d156bb0d885804b964b59db569d8ec26098839c1b61deeddbde764257a1dd,a891e1eeb3dc77b0af12c765c5bff320b2e399cb936f5945584060d43ec68efc,0,88,"[""C"", ""C"", ""N"", ""C"", ""H"", ""H"", ""H"", ""H"", ""H"", ""H"", ""H"", ""C"", ""C"", ""N"", ""C"", ""H"", ""H"", ""H"", ""H"", ""H"", ""H"", ""H"", ""C"", ""C"", ""N"", ""C"", ""H"", ""H"", ""H"", ""H"", ""H"", ""H"", ""H"", ""C"", ""C"", ""N"", ""C"", ""H"", ""H"", ""H"", ""H"", ""H"", ""H"", ""H"", ""C"", ""C"", ""N"", ""C"", ""H"", ""H"", ""H"", ""H"", ""H"", ""H"", ""H"", ""C"", ""C"", ""N"", ""C"", ""H"", ""H"", ""H"", ""H"", ""H"", ""H"", ""H"", ""C"", ""C"", ""N"", ""C"", ""H"", ""H"", ""H"", ""H"", ""H"", ""H"", ""H"", ""C"", ""C"", ""N"", ""C"", ""H"", ""H"", ""H"", ""H"", ""H"", ""H"", ""H""]",C24H56N8,"[true, true, true]","[12.518574124994615, 0.0, 0.0, 0.0, 12.917134087173, 0.0, -5.777169488457472, 0.0, 11.8385005737448]",1914.3340871708533,[],"{""cutoff=6.000_skin=0.000"": 3164, ""cutoff=6.000_skin=0.500"": 4256}",0.0,,
OPT-RF-U256-XATMOV88-R256-v1,f76be7fea227482e0d2e5078d97994299bbc9dfbe0681fde37169ce8641b13b1,OPT-RF-U256-XATMOV88-R256-v1:0074,XATMOV_C1_14_380_z2_22,6da8d57cc5d84944d021dd8b3103004426b1144e16729b5453b33f3efff19be5,74,cross_family_test_set,XATMOV/structures/XATMOV_C1_14_380_z2_22.cif,eecde4c1de9a476a91150d293282bc712852be89403acdf053a68d7eb74c520b,6da8d57cc5d84944d021dd8b3103004426b1144e16729b5453b33f3efff19be5,0,88,"[""C"", ""C"", ""N"", ""C"", ""H"", ""H"", ""H"", ""H"", ""H"", ""H"", ""H"", ""C"", ""C"", ""N"", ""C"", ""H"", ""H"", ""H"", ""H"", ""H"", ""H"", ""H"", ""C"", ""C"", ""N"", ""C"", ""H"", ""H"", ""H"", ""H"", ""H"", ""H"", ""H"", ""C"", ""C"", ""N"", ""C"", ""H"", ""H"", ""H"", ""H"", ""H"", ""H"", ""H"", ""C"", ""C"", ""N"", ""C"", ""H"", ""H"", ""H"", ""H"", ""H"", ""H"", ""H"", ""C"", ""C"", ""N"", ""C"", ""H"", ""H"", ""H"", ""H"", ""H"", ""H"", ""H"", ""C"", ""C"", ""N"", ""C"", ""H"", ""H"", ""H"", ""H"", ""H"", ""H"", ""H"", ""C"", ""C"", ""N"", ""C"", ""H"", ""H"", ""H"", ""H"", ""H"", ""H"", ""H""]",C24H56N8,"[true, true, true]","[11.499934069789461, 0.0, 0.0, 0.0, 16.96626750278653, 0.0, -0.5692511357120641, 0.0, 12.151736363757765]",2370.9369195590284,[],"{""cutoff=6.000_skin=0.000"": 3176, ""cutoff=6.000_skin=0.500"": 4008}",0.0,,
OPT-RF-U256-XATMOV88-R256-v1,f76be7fea227482e0d2e5078d97994299bbc9dfbe0681fde37169ce8641b13b1,OPT-RF-U256-XATMOV88-R256-v1:0075,XATMOV_C2_14_6132_z2_22,f3bab3c7e426b037b1d697dc3f2ce8be954f3ba802b75aa40d288909cb05f447,75,cross_family_test_set,XATMOV/structures/XATMOV_C2_14_6132_z2_22.cif,5afd6dd1e00033a722a275b63fa8666816cd6b702c6a47b8251bbe271fb6aac1,f3bab3c7e426b037b1d697dc3f2ce8be954f3ba802b75aa40d288909cb05f447,0,88,"[""C"", ""C"", ""N"", ""C"", ""H"", ""H"", ""H"", ""H"", ""H"", ""H"", ""H"", ""C"", ""C"", ""N"", ""C"", ""H"", ""H"", ""H"", ""H"", ""H"", ""H"", ""H"", ""C"", ""C"", ""N"", ""C"", ""H"", ""H"", ""H"", ""H"", ""H"", ""H"", ""H"", ""C"", ""C"", ""N"", ""C"", ""H"", ""H"", ""H"", ""H"", ""H"", ""H"", ""H"", ""C"", ""C"", ""N"", ""C"", ""H"", ""H"", ""H"", ""H"", ""H"", ""H"", ""H"", ""C"", ""C"", ""N"", ""C"", ""H"", ""H"", ""H"", ""H"", ""H"", ""H"", ""H"", ""C"", ""C"", ""N"", ""C"", ""H"", ""H"", ""H"", ""H"", ""H"", ""H"", ""H"", ""C"", ""C"", ""N"", ""C"", ""H"", ""H"", ""H"", ""H"", ""H"", ""H"", ""H""]",C24H56N8,"[true, true, true]","[22.820227531445553, 0.0, 0.0, 0.0, 10.909262225154556, 0.0, 3.4544287104468614, 0.0, 8.568195863896952]",2133.068178733828,[],"{""cutoff=6.000_skin=0.000"": 3204, ""cutoff=6.000_skin=0.500"": 4040}",0.0,,
OPT-RF-U256-XATMOV88-R256-v1,f76be7fea227482e0d2e5078d97994299bbc9dfbe0681fde37169ce8641b13b1,OPT-RF-U256-XATMOV88-R256-v1:0076,XATMOV_C1_14_3963_z2_22,338cacbf5efedac8b666e777f18a323c436c8ca628a2361212aab08da9a75180,76,cross_family_test_set,XATMOV/structures/XATMOV_C1_14_3963_z2_22.cif,702ae85fe1f0c94c8e915df52ab7a85baf9a170ed7ea46e9997724e8af609c0a,338cacbf5efedac8b666e777f18a323c436c8ca628a2361212aab08da9a75180,0,88,"[""C"", ""C"", ""N"", ""C"", ""H"", ""H"", ""H"", ""H"", ""H"", ""H"", ""H"", ""C"", ""C"", ""N"", ""C"", ""H"", ""H"", ""H"", ""H"", ""H"", ""H"", ""H"", ""C"", ""C"", ""N"", ""C"", ""H"", ""H"", ""H"", ""H"", ""H"", ""H"", ""H"", ""C"", ""C"", ""N"", ""C"", ""H"", ""H"", ""H"", ""H"", ""H"", ""H"", ""H"", ""C"", ""C"", ""N"", ""C"", ""H"", ""H"", ""H"", ""H"", ""H"", ""H"", ""H"", ""C"", ""C"", ""N"", ""C"", ""H"", ""H"", ""H"", ""H"", ""H"", ""H"", ""H"", ""C"", ""C"", ""N"", ""C"", ""H"", ""H"", ""H"", ""H"", ""H"", ""H"", ""H"", ""C"", ""C"", ""N"", ""C"", ""H"", ""H"", ""H"", ""H"", ""H"", ""H"", ""H""]",C24H56N8,"[true, true, true]","[14.775466329493085, 0.0, 0.0, 0.0, 13.760487241639193, 0.0, 2.4584358966259674, 0.0, 10.512822128362846]",2137.4419316904246,[],"{""cutoff=6.000_skin=0.000"": 3232, ""cutoff=6.000_skin=0.500"": 4184}",0.0,,
OPT-RF-U256-XATMOV88-R256-v1,f76be7fea227482e0d2e5078d97994299bbc9dfbe0681fde37169ce8641b13b1,OPT-RF-U256-XATMOV88-R256-v1:0077,XATMOV_C1_14_1168_z2_22,3f9b740da1a83ba82dfd140acfabbb7f4b2785625355fb65c4f6e95ed5ca83fb,77,cross_family_test_set,XATMOV/structures/XATMOV_C1_14_1168_z2_22.cif,6b40980482da6a741b41c3d992649f0023dcbe687ee4bd127a9a7c2a9ace4853,3f9b740da1a83ba82dfd140acfabbb7f4b2785625355fb65c4f6e95ed5ca83fb,0,88,"[""C"", ""C"", ""N"", ""C"", ""H"", ""H"", ""H"", ""H"", ""H"", ""H"", ""H"", ""C"", ""C"", ""N"", ""C"", ""H"", ""H"", ""H"", ""H"", ""H"", ""H"", ""H"", ""C"", ""C"", ""N"", ""C"", ""H"", ""H"", ""H"", ""H"", ""H"", ""H"", ""H"", ""C"", ""C"", ""N"", ""C"", ""H"", ""H"", ""H"", ""H"", ""H"", ""H"", ""H"", ""C"", ""C"", ""N"", ""C"", ""H"", ""H"", ""H"", ""H"", ""H"", ""H"", ""H"", ""C"", ""C"", ""N"", ""C"", ""H"", ""H"", ""H"", ""H"", ""H"", ""H"", ""H"", ""C"", ""C"", ""N"", ""C"", ""H"", ""H"", ""H"", ""H"", ""H"", ""H"", ""H"", ""C"", ""C"", ""N"", ""C"", ""H"", ""H"", ""H"", ""H"", ""H"", ""H"", ""H""]",C24H56N8,"[true, true, true]","[14.57602052339449, 0.0, 0.0, 0.0, 7.657397904226341, 0.0, -9.17946825355359, 0.0, 18.91342735392757]",2111.010638152058,[],"{""cutoff=6.000_skin=0.000"": 3268, ""cutoff=6.000_skin=0.500"": 4088}",0.0,,
OPT-RF-U256-XATMOV88-R256-v1,f76be7fea227482e0d2e5078d97994299bbc9dfbe0681fde37169ce8641b13b1,OPT-RF-U256-XATMOV88-R256-v1:0078,XATMOV_C1_14_863_z2_22,71728b8e56639cec5b4bc35d7bf3d90acc968b89324cf383048798f2e9ada344,78,cross_family_test_set,XATMOV/structures/XATMOV_C1_14_863_z2_22.cif,bf8729497ff2cb44ce24af22abe92a5ee0c81ef39d8867e1a6618c8f197fd469,71728b8e56639cec5b4bc35d7bf3d90acc968b89324cf383048798f2e9ada344,0,88,"[""C"", ""C"", ""N"", ""C"", ""H"", ""H"", ""H"", ""H"", ""H"", ""H"", ""H"", ""C"", ""C"", ""N"", ""C"", ""H"", ""H"", ""H"", ""H"", ""H"", ""H"", ""H"", ""C"", ""C"", ""N"", ""C"", ""H"", ""H"", ""H"", ""H"", ""H"", ""H"", ""H"", ""C"", ""C"", ""N"", ""C"", ""H"", ""H"", ""H"", ""H"", ""H"", ""H"", ""H"", ""C"", ""C"", ""N"", ""C"", ""H"", ""H"", ""H"", ""H"", ""H"", ""H"", ""H"", ""C"", ""C"", ""N"", ""C"", ""H"", ""H"", ""H"", ""H"", ""H"", ""H"", ""H"", ""C"", ""C"", ""N"", ""C"", ""H"", ""H"", ""H"", ""H"", ""H"", ""H"", ""H"", ""C"", ""C"", ""N"", ""C"", ""H"", ""H"", ""H"", ""H"", ""H"", ""H"", ""H""]",C24H56N8,"[true, true, true]","[10.123408605815662, 0.0, 0.0, 0.0, 10.350680776029257, 0.0, 0.1299902161915918, 0.0, 19.21528159125023]",2013.4573490751548,[],"{""cutoff=6.000_skin=0.000"": 3288, ""cutoff=6.000_skin=0.500"": 4176}",0.0,,
OPT-RF-U256-XATMOV88-R256-v1,f76be7fea227482e0d2e5078d97994299bbc9dfbe0681fde37169ce8641b13b1,OPT-RF-U256-XATMOV88-R256-v1:0079,XATMOV_C2_14_1794_z2_22,a36d70ff252af69d688fb7c35b9e18b74d8f99f2ed0a71dce6b9941054e92501,79,cross_family_test_set,XATMOV/structures/XATMOV_C2_14_1794_z2_22.cif,9790b0654d92e40d3dfc72f4eaa26a8f07e12f385a9e28c9848da34168c94418,a36d70ff252af69d688fb7c35b9e18b74d8f99f2ed0a71dce6b9941054e92501,0,88,"[""C"", ""C"", ""N"", ""C"", ""H"", ""H"", ""H"", ""H"", ""H"", ""H"", ""H"", ""C"", ""C"", ""N"", ""C"", ""H"", ""H"", ""H"", ""H"", ""H"", ""H"", ""H"", ""C"", ""C"", ""N"", ""C"", ""H"", ""H"", ""H"", ""H"", ""H"", ""H"", ""H"", ""C"", ""C"", ""N"", ""C"", ""H"", ""H"", ""H"", ""H"", ""H"", ""H"", ""H"", ""C"", ""C"", ""N"", ""C"", ""H"", ""H"", ""H"", ""H"", ""H"", ""H"", ""H"", ""C"", ""C"", ""N"", ""C"", ""H"", ""H"", ""H"", ""H"", ""H"", ""H"", ""H"", ""C"", ""C"", ""N"", ""C"", ""H"", ""H"", ""H"", ""H"", ""H"", ""H"", ""H"", ""C"", ""C"", ""N"", ""C"", ""H"", ""H"", ""H"", ""H"", ""H"", ""H"", ""H""]",C24H56N8,"[true, true, true]","[8.60099971581819, 0.0, 0.0, 0.0, 22.716240983981614, 0.0, 4.381790786380101, 0.0, 10.039337148306476]",1961.5096082237828,[],"{""cutoff=6.000_skin=0.000"": 3372, ""cutoff=6.000_skin=0.500"": 4208}",0.0,,
OPT-RF-U256-XATMOV88-R256-v1,f76be7fea227482e0d2e5078d97994299bbc9dfbe0681fde37169ce8641b13b1,OPT-RF-U256-XATMOV88-R256-v1:0080,XATMOV_C2_14_2569_z2_22,69cfb46bc704c7c6a508d4aae2f87c6ad97d763f55c7db0b2aee5ad45e8e89a1,80,cross_family_test_set,XATMOV/structures/XATMOV_C2_14_2569_z2_22.cif,2ce2fe43452165b089aa04070583ee35de109b99efad81ccf0c841c368f131e3,69cfb46bc704c7c6a508d4aae2f87c6ad97d763f55c7db0b2aee5ad45e8e89a1,0,88,"[""C"", ""C"", ""N"", ""C"", ""H"", ""H"", ""H"", ""H"", ""H"", ""H"", ""H"", ""C"", ""C"", ""N"", ""C"", ""H"", ""H"", ""H"", ""H"", ""H"", ""H"", ""H"", ""C"", ""C"", ""N"", ""C"", ""H"", ""H"", ""H"", ""H"", ""H"", ""H"", ""H"", ""C"", ""C"", ""N"", ""C"", ""H"", ""H"", ""H"", ""H"", ""H"", ""H"", ""H"", ""C"", ""C"", ""N"", ""C"", ""H"", ""H"", ""H"", ""H"", ""H"", ""H"", ""H"", ""C"", ""C"", ""N"", ""C"", ""H"", ""H"", ""H"", ""H"", ""H"", ""H"", ""H"", ""C"", ""C"", ""N"", ""C"", ""H"", ""H"", ""H"", ""H"", ""H"", ""H"", ""H"", ""C"", ""C"", ""N"", ""C"", ""H"", ""H"", ""H"", ""H"", ""H"", ""H"", ""H""]",C24H56N8,"[true, true, true]","[8.882395608131123, 0.0, 0.0, 0.0, 7.117763250939351, 0.0, 17.993890986060094, 0.0, 30.715754828733512]",1941.9356877371058,[],"{""cutoff=6.000_skin=0.000"": 3372, ""cutoff=6.000_skin=0.500"": 4332}",0.0,,
OPT-RF-U256-XATMOV88-R256-v1,f76be7fea227482e0d2e5078d97994299bbc9dfbe0681fde37169ce8641b13b1,OPT-RF-U256-XATMOV88-R256-v1:0081,XATMOV_C1_14_427_z2_22,3dc0159c9ed405d5de2ce1d36c3770aef54f7735abbd6c49e06c1eb2a2ee44f1,81,cross_family_test_set,XATMOV/structures/XATMOV_C1_14_427_z2_22.cif,df80592c15519b40bd9971d9d61a64b581a5da64c64902c24ecbf55a068d8070,3dc0159c9ed405d5de2ce1d36c3770aef54f7735abbd6c49e06c1eb2a2ee44f1,0,88,"[""C"", ""C"", ""N"", ""C"", ""H"", ""H"", ""H"", ""H"", ""H"", ""H"", ""H"", ""C"", ""C"", ""N"", ""C"", ""H"", ""H"", ""H"", ""H"", ""H"", ""H"", ""H"", ""C"", ""C"", ""N"", ""C"", ""H"", ""H"", ""H"", ""H"", ""H"", ""H"", ""H"", ""C"", ""C"", ""N"", ""C"", ""H"", ""H"", ""H"", ""H"", ""H"", ""H"", ""H"", ""C"", ""C"", ""N"", ""C"", ""H"", ""H"", ""H"", ""H"", ""H"", ""H"", ""H"", ""C"", ""C"", ""N"", ""C"", ""H"", ""H"", ""H"", ""H"", ""H"", ""H"", ""H"", ""C"", ""C"", ""N"", ""C"", ""H"", ""H"", ""H"", ""H"", ""H"", ""H"", ""H"", ""C"", ""C"", ""N"", ""C"", ""H"", ""H"", ""H"", ""H"", ""H"", ""H"", ""H""]",C24H56N8,"[true, true, true]","[11.634161344476098, 0.0, 0.0, 0.0, 14.175950370289293, 0.0, 4.731357687567275, 0.0, 10.998353344935897]",1813.9066569412785,[],"{""cutoff=6.000_skin=0.000"": 3380, ""cutoff=6.000_skin=0.500"": 4556}",0.0,,
OPT-RF-U256-XATMOV88-R256-v1,f76be7fea227482e0d2e5078d97994299bbc9dfbe0681fde37169ce8641b13b1,OPT-RF-U256-XATMOV88-R256-v1:0082,XATMOV_C2_14_3207_z2_22,176d3f951a9dfef30b46bd935de16f31de6628a3ba91079483ca5084641cbb13,82,cross_family_test_set,XATMOV/structures/XATMOV_C2_14_3207_z2_22.cif,62ee9807a7c0c46ac0772394477f70f1835d331776e77c67c5238efc4f765056,176d3f951a9dfef30b46bd935de16f31de6628a3ba91079483ca5084641cbb13,0,88,"[""C"", ""C"", ""N"", ""C"", ""H"", ""H"", ""H"", ""H"", ""H"", ""H"", ""H"", ""C"", ""C"", ""N"", ""C"", ""H"", ""H"", ""H"", ""H"", ""H"", ""H"", ""H"", ""C"", ""C"", ""N"", ""C"", ""H"", ""H"", ""H"", ""H"", ""H"", ""H"", ""H"", ""C"", ""C"", ""N"", ""C"", ""H"", ""H"", ""H"", ""H"", ""H"", ""H"", ""H"", ""C"", ""C"", ""N"", ""C"", ""H"", ""H"", ""H"", ""H"", ""H"", ""H"", ""H"", ""C"", ""C"", ""N"", ""C"", ""H"", ""H"", ""H"", ""H"", ""H"", ""H"", ""H"", ""C"", ""C"", ""N"", ""C"", ""H"", ""H"", ""H"", ""H"", ""H"", ""H"", ""H"", ""C"", ""C"", ""N"", ""C"", ""H"", ""H"", ""H"", ""H"", ""H"", ""H"", ""H""]",C24H56N8,"[true, true, true]","[5.777200631710173, 0.0, 0.0, 0.0, 19.900305876491046, 0.0, 2.429186757679931, 0.0, 19.64366681347756]",2258.394258563401,[],"{""cutoff=6.000_skin=0.000"": 3380, ""cutoff=6.000_skin=0.500"": 4232}",0.0,,
OPT-RF-U256-XATMOV88-R256-v1,f76be7fea227482e0d2e5078d97994299bbc9dfbe0681fde37169ce8641b13b1,OPT-RF-U256-XATMOV88-R256-v1:0083,XATMOV_C1_14_3196_z2_22,9448b8d83f3a2107c099c1c96f5c9500f0b5caafc2819bf1e89753b7c6b38f00,83,cross_family_test_set,XATMOV/structures/XATMOV_C1_14_3196_z2_22.cif,169b15b6cccb66c3ec7a3d4898facd919b232aeb068b354505b37babdc145755,9448b8d83f3a2107c099c1c96f5c9500f0b5caafc2819bf1e89753b7c6b38f00,0,88,"[""C"", ""C"", ""N"", ""C"", ""H"", ""H"", ""H"", ""H"", ""H"", ""H"", ""H"", ""C"", ""C"", ""N"", ""C"", ""H"", ""H"", ""H"", ""H"", ""H"", ""H"", ""H"", ""C"", ""C"", ""N"", ""C"", ""H"", ""H"", ""H"", ""H"", ""H"", ""H"", ""H"", ""C"", ""C"", ""N"", ""C"", ""H"", ""H"", ""H"", ""H"", ""H"", ""H"", ""H"", ""C"", ""C"", ""N"", ""C"", ""H"", ""H"", ""H"", ""H"", ""H"", ""H"", ""H"", ""C"", ""C"", ""N"", ""C"", ""H"", ""H"", ""H"", ""H"", ""H"", ""H"", ""H"", ""C"", ""C"", ""N"", ""C"", ""H"", ""H"", ""H"", ""H"", ""H"", ""H"", ""H"", ""C"", ""C"", ""N"", ""C"", ""H"", ""H"", ""H"", ""H"", ""H"", ""H"", ""H""]",C24H56N8,"[true, true, true]","[9.439565290387293, 0.0, 0.0, 0.0, 14.68553353419258, 0.0, 6.149794273295219, 0.0, 13.105062454805918]",1816.6899723882534,[],"{""cutoff=6.000_skin=0.000"": 3392, ""cutoff=6.000_skin=0.500"": 4352}",0.0,,
OPT-RF-U256-XATMOV88-R256-v1,f76be7fea227482e0d2e5078d97994299bbc9dfbe0681fde37169ce8641b13b1,OPT-RF-U256-XATMOV88-R256-v1:0084,XATMOV_C1_14_3284_z2_22,b143555ac202ee9cd498ef62ab9f71e82d84fc6cd2d64eab3eed6351d507935f,84,cross_family_test_set,XATMOV/structures/XATMOV_C1_14_3284_z2_22.cif,14780e08abbfc43e1b3ac12f0b98b556c7677a963d5ac952261270166f5afde3,b143555ac202ee9cd498ef62ab9f71e82d84fc6cd2d64eab3eed6351d507935f,0,88,"[""C"", ""C"", ""N"", ""C"", ""H"", ""H"", ""H"", ""H"", ""H"", ""H"", ""H"", ""C"", ""C"", ""N"", ""C"", ""H"", ""H"", ""H"", ""H"", ""H"", ""H"", ""H"", ""C"", ""C"", ""N"", ""C"", ""H"", ""H"", ""H"", ""H"", ""H"", ""H"", ""H"", ""C"", ""C"", ""N"", ""C"", ""H"", ""H"", ""H"", ""H"", ""H"", ""H"", ""H"", ""C"", ""C"", ""N"", ""C"", ""H"", ""H"", ""H"", ""H"", ""H"", ""H"", ""H"", ""C"", ""C"", ""N"", ""C"", ""H"", ""H"", ""H"", ""H"", ""H"", ""H"", ""H"", ""C"", ""C"", ""N"", ""C"", ""H"", ""H"", ""H"", ""H"", ""H"", ""H"", ""H"", ""C"", ""C"", ""N"", ""C"", ""H"", ""H"", ""H"", ""H"", ""H"", ""H"", ""H""]",C24H56N8,"[true, true, true]","[14.404325115654451, 0.0, 0.0, 0.0, 12.524233438583572, 0.0, -2.4276521719295996, 0.0, 11.279452335673845]",2034.8485091286573,[],"{""cutoff=6.000_skin=0.000"": 3392, ""cutoff=6.000_skin=0.500"": 4380}",0.0,,
OPT-RF-U256-XATMOV88-R256-v1,f76be7fea227482e0d2e5078d97994299bbc9dfbe0681fde37169ce8641b13b1,OPT-RF-U256-XATMOV88-R256-v1:0085,XATMOV_C1_14_6869_z2_22,be8ed24aa62915554ca9513abc6f4448a828dbcad36832063e7c6081dbbd0a47,85,cross_family_test_set,XATMOV/structures/XATMOV_C1_14_6869_z2_22.cif,8e56d9765274c9fcfdf791bad4e75c425db829b2ae154bfd43d708170d74b3ce,be8ed24aa62915554ca9513abc6f4448a828dbcad36832063e7c6081dbbd0a47,0,88,"[""C"", ""C"", ""N"", ""C"", ""H"", ""H"", ""H"", ""H"", ""H"", ""H"", ""H"", ""C"", ""C"", ""N"", ""C"", ""H"", ""H"", ""H"", ""H"", ""H"", ""H"", ""H"", ""C"", ""C"", ""N"", ""C"", ""H"", ""H"", ""H"", ""H"", ""H"", ""H"", ""H"", ""C"", ""C"", ""N"", ""C"", ""H"", ""H"", ""H"", ""H"", ""H"", ""H"", ""H"", ""C"", ""C"", ""N"", ""C"", ""H"", ""H"", ""H"", ""H"", ""H"", ""H"", ""H"", ""C"", ""C"", ""N"", ""C"", ""H"", ""H"", ""H"", ""H"", ""H"", ""H"", ""H"", ""C"", ""C"", ""N"", ""C"", ""H"", ""H"", ""H"", ""H"", ""H"", ""H"", ""H"", ""C"", ""C"", ""N"", ""C"", ""H"", ""H"", ""H"", ""H"", ""H"", ""H"", ""H""]",C24H56N8,"[true, true, true]","[10.148096188544098, 0.0, 0.0, 0.0, 14.125329743076755, 0.0, -7.1628928484984264, 0.0, 13.137540159415174]",1883.2033863965464,[],"{""cutoff=6.000_skin=0.000"": 3400, ""cutoff=6.000_skin=0.500"": 4360}",0.0,,
OPT-RF-U256-XATMOV88-R256-v1,f76be7fea227482e0d2e5078d97994299bbc9dfbe0681fde37169ce8641b13b1,OPT-RF-U256-XATMOV88-R256-v1:0086,XATMOV_C1_14_1009_z2_22,c529eb1d503a9bc9c5d829cbe1612af32e2add868645f6ba270db28583c57cc4,86,cross_family_test_set,XATMOV/structures/XATMOV_C1_14_1009_z2_22.cif,b34e2b2c5d172ce842861b931d25aafd8b3985c620dfc2ba1bd35a31fa5b3e2e,c529eb1d503a9bc9c5d829cbe1612af32e2add868645f6ba270db28583c57cc4,0,88,"[""C"", ""C"", ""N"", ""C"", ""H"", ""H"", ""H"", ""H"", ""H"", ""H"", ""H"", ""C"", ""C"", ""N"", ""C"", ""H"", ""H"", ""H"", ""H"", ""H"", ""H"", ""H"", ""C"", ""C"", ""N"", ""C"", ""H"", ""H"", ""H"", ""H"", ""H"", ""H"", ""H"", ""C"", ""C"", ""N"", ""C"", ""H"", ""H"", ""H"", ""H"", ""H"", ""H"", ""H"", ""C"", ""C"", ""N"", ""C"", ""H"", ""H"", ""H"", ""H"", ""H"", ""H"", ""H"", ""C"", ""C"", ""N"", ""C"", ""H"", ""H"", ""H"", ""H"", ""H"", ""H"", ""H"", ""C"", ""C"", ""N"", ""C"", ""H"", ""H"", ""H"", ""H"", ""H"", ""H"", ""H"", ""C"", ""C"", ""N"", ""C"", ""H"", ""H"", ""H"", ""H"", ""H"", ""H"", ""H""]",C24H56N8,"[true, true, true]","[11.707716124774706, 0.0, 0.0, 0.0, 10.807086468235354, 0.0, 1.4209677702622974, 0.0, 15.377376770158309]",1945.6425942149367,[],"{""cutoff=6.000_skin=0.000"": 3408, ""cutoff=6.000_skin=0.500"": 4248}",0.0,,
OPT-RF-U256-XATMOV88-R256-v1,f76be7fea227482e0d2e5078d97994299bbc9dfbe0681fde37169ce8641b13b1,OPT-RF-U256-XATMOV88-R256-v1:0087,XATMOV_C2_14_2573_z2_22,2e144ad2f65466f4b758d2b73f2d27b563a6522ad3b9196a3f7d0cebdeb3f715,87,cross_family_test_set,XATMOV/structures/XATMOV_C2_14_2573_z2_22.cif,1315c68437457cbc28a8d6c9a6b514ec6d76a2817a13b7891562b386f0aaf2b1,2e144ad2f65466f4b758d2b73f2d27b563a6522ad3b9196a3f7d0cebdeb3f715,0,88,"[""C"", ""C"", ""N"", ""C"", ""H"", ""H"", ""H"", ""H"", ""H"", ""H"", ""H"", ""C"", ""C"", ""N"", ""C"", ""H"", ""H"", ""H"", ""H"", ""H"", ""H"", ""H"", ""C"", ""C"", ""N"", ""C"", ""H"", ""H"", ""H"", ""H"", ""H"", ""H"", ""H"", ""C"", ""C"", ""N"", ""C"", ""H"", ""H"", ""H"", ""H"", ""H"", ""H"", ""H"", ""C"", ""C"", ""N"", ""C"", ""H"", ""H"", ""H"", ""H"", ""H"", ""H"", ""H"", ""C"", ""C"", ""N"", ""C"", ""H"", ""H"", ""H"", ""H"", ""H"", ""H"", ""H"", ""C"", ""C"", ""N"", ""C"", ""H"", ""H"", ""H"", ""H"", ""H"", ""H"", ""H"", ""C"", ""C"", ""N"", ""C"", ""H"", ""H"", ""H"", ""H"", ""H"", ""H"", ""H""]",C24H56N8,"[true, true, true]","[8.479330726622955, 0.0, 0.0, 0.0, 18.424713337301853, 0.0, -4.632335730549145, 0.0, 11.45862954967841]",1790.172962270767,[],"{""cutoff=6.000_skin=0.000"": 3424, ""cutoff=6.000_skin=0.500"": 4376}",0.0,,
OPT-RF-U256-XATMOV88-R256-v1,f76be7fea227482e0d2e5078d97994299bbc9dfbe0681fde37169ce8641b13b1,OPT-RF-U256-XATMOV88-R256-v1:0088,XATMOV_C2_14_3514_z2_22,f66a70bfb5ea5606e8f146b9729eb3a610050538c588455efbe68bcedff21ca1,88,cross_family_test_set,XATMOV/structures/XATMOV_C2_14_3514_z2_22.cif,eaca20aa8e2e4ef8cb4c0238436d5bd24c45193d481187a4dcd2e41c75e33337,f66a70bfb5ea5606e8f146b9729eb3a610050538c588455efbe68bcedff21ca1,0,88,"[""C"", ""C"", ""N"", ""C"", ""H"", ""H"", ""H"", ""H"", ""H"", ""H"", ""H"", ""C"", ""C"", ""N"", ""C"", ""H"", ""H"", ""H"", ""H"", ""H"", ""H"", ""H"", ""C"", ""C"", ""N"", ""C"", ""H"", ""H"", ""H"", ""H"", ""H"", ""H"", ""H"", ""C"", ""C"", ""N"", ""C"", ""H"", ""H"", ""H"", ""H"", ""H"", ""H"", ""H"", ""C"", ""C"", ""N"", ""C"", ""H"", ""H"", ""H"", ""H"", ""H"", ""H"", ""H"", ""C"", ""C"", ""N"", ""C"", ""H"", ""H"", ""H"", ""H"", ""H"", ""H"", ""H"", ""C"", ""C"", ""N"", ""C"", ""H"", ""H"", ""H"", ""H"", ""H"", ""H"", ""H"", ""C"", ""C"", ""N"", ""C"", ""H"", ""H"", ""H"", ""H"", ""H"", ""H"", ""H""]",C24H56N8,"[true, true, true]","[13.11508333699247, 0.0, 0.0, 0.0, 13.569323167884015, 0.0, -8.614010458051403, 0.0, 11.180866439204577]",1989.7783446088986,[],"{""cutoff=6.000_skin=0.000"": 3424, ""cutoff=6.000_skin=0.500"": 4468}",0.0,,
OPT-RF-U256-XATMOV88-R256-v1,f76be7fea227482e0d2e5078d97994299bbc9dfbe0681fde37169ce8641b13b1,OPT-RF-U256-XATMOV88-R256-v1:0089,XATMOV_C1_14_6439_z2_22,798bf33d5283895ccd787c03a45f994b7a6481ade8385e575dc2afc5c7a3c45c,89,cross_family_test_set,XATMOV/structures/XATMOV_C1_14_6439_z2_22.cif,f9437a1bf53918b20101609ba92fcc87efe10c32c87732dae68e8f2acd3a82fc,798bf33d5283895ccd787c03a45f994b7a6481ade8385e575dc2afc5c7a3c45c,0,88,"[""C"", ""C"", ""N"", ""C"", ""H"", ""H"", ""H"", ""H"", ""H"", ""H"", ""H"", ""C"", ""C"", ""N"", ""C"", ""H"", ""H"", ""H"", ""H"", ""H"", ""H"", ""H"", ""C"", ""C"", ""N"", ""C"", ""H"", ""H"", ""H"", ""H"", ""H"", ""H"", ""H"", ""C"", ""C"", ""N"", ""C"", ""H"", ""H"", ""H"", ""H"", ""H"", ""H"", ""H"", ""C"", ""C"", ""N"", ""C"", ""H"", ""H"", ""H"", ""H"", ""H"", ""H"", ""H"", ""C"", ""C"", ""N"", ""C"", ""H"", ""H"", ""H"", ""H"", ""H"", ""H"", ""H"", ""C"", ""C"", ""N"", ""C"", ""H"", ""H"", ""H"", ""H"", ""H"", ""H"", ""H"", ""C"", ""C"", ""N"", ""C"", ""H"", ""H"", ""H"", ""H"", ""H"", ""H"", ""H""]",C24H56N8,"[true, true, true]","[12.511772681982492, 0.0, 0.0, 0.0, 12.325752441496792, 0.0, 4.380486392370601, 0.0, 11.90993236512053]",1836.7141905983024,[],"{""cutoff=6.000_skin=0.000"": 3436, ""cutoff=6.000_skin=0.500"": 4620}",0.0,,
OPT-RF-U256-XATMOV88-R256-v1,f76be7fea227482e0d2e5078d97994299bbc9dfbe0681fde37169ce8641b13b1,OPT-RF-U256-XATMOV88-R256-v1:0090,XATMOV_C2_14_178_z2_22,91623155f4425923a3763baa405a8058f97800e617520c529c0f2237eb4d402e,90,cross_family_test_set,XATMOV/structures/XATMOV_C2_14_178_z2_22.cif,e235536410761b977a84980a7cc2ba2587e9842a81d4f8867e2de2d34a40598b,91623155f4425923a3763baa405a8058f97800e617520c529c0f2237eb4d402e,0,88,"[""C"", ""C"", ""N"", ""C"", ""H"", ""H"", ""H"", ""H"", ""H"", ""H"", ""H"", ""C"", ""C"", ""N"", ""C"", ""H"", ""H"", ""H"", ""H"", ""H"", ""H"", ""H"", ""C"", ""C"", ""N"", ""C"", ""H"", ""H"", ""H"", ""H"", ""H"", ""H"", ""H"", ""C"", ""C"", ""N"", ""C"", ""H"", ""H"", ""H"", ""H"", ""H"", ""H"", ""H"", ""C"", ""C"", ""N"", ""C"", ""H"", ""H"", ""H"", ""H"", ""H"", ""H"", ""H"", ""C"", ""C"", ""N"", ""C"", ""H"", ""H"", ""H"", ""H"", ""H"", ""H"", ""H"", ""C"", ""C"", ""N"", ""C"", ""H"", ""H"", ""H"", ""H"", ""H"", ""H"", ""H"", ""C"", ""C"", ""N"", ""C"", ""H"", ""H"", ""H"", ""H"", ""H"", ""H"", ""H""]",C24H56N8,"[true, true, true]","[10.077260205627127, 0.0, 0.0, 0.0, 13.275698685921238, 0.0, -3.4657185542775752, 0.0, 13.391725886224625]",1791.5808458983795,[],"{""cutoff=6.000_skin=0.000"": 3448, ""cutoff=6.000_skin=0.500"": 4644}",0.0,,
OPT-RF-U256-XATMOV88-R256-v1,f76be7fea227482e0d2e5078d97994299bbc9dfbe0681fde37169ce8641b13b1,OPT-RF-U256-XATMOV88-R256-v1:0091,XATMOV_C1_14_5083_z2_22,9aed3bca5d63778ae2e10b8106f32413cec07b732776492fdd54d8db27e6e3a7,91,cross_family_test_set,XATMOV/structures/XATMOV_C1_14_5083_z2_22.cif,44493200322287695573e3937eaa0247fd0ce2fe3f682e49917cdffe8139bea2,9aed3bca5d63778ae2e10b8106f32413cec07b732776492fdd54d8db27e6e3a7,0,88,"[""C"", ""C"", ""N"", ""C"", ""H"", ""H"", ""H"", ""H"", ""H"", ""H"", ""H"", ""C"", ""C"", ""N"", ""C"", ""H"", ""H"", ""H"", ""H"", ""H"", ""H"", ""H"", ""C"", ""C"", ""N"", ""C"", ""H"", ""H"", ""H"", ""H"", ""H"", ""H"", ""H"", ""C"", ""C"", ""N"", ""C"", ""H"", ""H"", ""H"", ""H"", ""H"", ""H"", ""H"", ""C"", ""C"", ""N"", ""C"", ""H"", ""H"", ""H"", ""H"", ""H"", ""H"", ""H"", ""C"", ""C"", ""N"", ""C"", ""H"", ""H"", ""H"", ""H"", ""H"", ""H"", ""H"", ""C"", ""C"", ""N"", ""C"", ""H"", ""H"", ""H"", ""H"", ""H"", ""H"", ""H"", ""C"", ""C"", ""N"", ""C"", ""H"", ""H"", ""H"", ""H"", ""H"", ""H"", ""H""]",C24H56N8,"[true, true, true]","[12.190363273931297, 0.0, 0.0, 0.0, 12.96317861260178, 0.0, -3.9201939223024462, 0.0, 13.335078535053567]",2107.2872066295217,[],"{""cutoff=6.000_skin=0.000"": 3452, ""cutoff=6.000_skin=0.500"": 4428}",0.0,,
OPT-RF-U256-XATMOV88-R256-v1,f76be7fea227482e0d2e5078d97994299bbc9dfbe0681fde37169ce8641b13b1,OPT-RF-U256-XATMOV88-R256-v1:0092,XATMOV_C2_14_386_z2_22,bb4fde2905b7a10adf0f4e7c500b092bf59546f1b687a47192d86297e8c1d459,92,cross_family_test_set,XATMOV/structures/XATMOV_C2_14_386_z2_22.cif,9fb2441d55073288b026381609c116c934eda0b90339b08725c40e1d28f17a35,bb4fde2905b7a10adf0f4e7c500b092bf59546f1b687a47192d86297e8c1d459,0,88,"[""C"", ""C"", ""N"", ""C"", ""H"", ""H"", ""H"", ""H"", ""H"", ""H"", ""H"", ""C"", ""C"", ""N"", ""C"", ""H"", ""H"", ""H"", ""H"", ""H"", ""H"", ""H"", ""C"", ""C"", ""N"", ""C"", ""H"", ""H"", ""H"", ""H"", ""H"", ""H"", ""H"", ""C"", ""C"", ""N"", ""C"", ""H"", ""H"", ""H"", ""H"", ""H"", ""H"", ""H"", ""C"", ""C"", ""N"", ""C"", ""H"", ""H"", ""H"", ""H"", ""H"", ""H"", ""H"", ""C"", ""C"", ""N"", ""C"", ""H"", ""H"", ""H"", ""H"", ""H"", ""H"", ""H"", ""C"", ""C"", ""N"", ""C"", ""H"", ""H"", ""H"", ""H"", ""H"", ""H"", ""H"", ""C"", ""C"", ""N"", ""C"", ""H"", ""H"", ""H"", ""H"", ""H"", ""H"", ""H""]",C24H56N8,"[true, true, true]","[15.173532848959496, 0.0, 0.0, 0.0, 9.672689543770716, 0.0, 5.17460684082724, 0.0, 12.921423268558767]",1896.4627246117589,[],"{""cutoff=6.000_skin=0.000"": 3452, ""cutoff=6.000_skin=0.500"": 4328}",0.0,,
OPT-RF-U256-XATMOV88-R256-v1,f76be7fea227482e0d2e5078d97994299bbc9dfbe0681fde37169ce8641b13b1,OPT-RF-U256-XATMOV88-R256-v1:0093,XATMOV_C2_14_2908_z2_22,e883f3e8cb6716223a6932b96c78b2386fbee67b97eef0453b94707a5b1dea7e,93,cross_family_test_set,XATMOV/structures/XATMOV_C2_14_2908_z2_22.cif,1dd6314a7e90e15e70e7f2e23265811fd5668c2c4b1ff192e11c7a1065b7bf0b,e883f3e8cb6716223a6932b96c78b2386fbee67b97eef0453b94707a5b1dea7e,0,88,"[""C"", ""C"", ""N"", ""C"", ""H"", ""H"", ""H"", ""H"", ""H"", ""H"", ""H"", ""C"", ""C"", ""N"", ""C"", ""H"", ""H"", ""H"", ""H"", ""H"", ""H"", ""H"", ""C"", ""C"", ""N"", ""C"", ""H"", ""H"", ""H"", ""H"", ""H"", ""H"", ""H"", ""C"", ""C"", ""N"", ""C"", ""H"", ""H"", ""H"", ""H"", ""H"", ""H"", ""H"", ""C"", ""C"", ""N"", ""C"", ""H"", ""H"", ""H"", ""H"", ""H"", ""H"", ""H"", ""C"", ""C"", ""N"", ""C"", ""H"", ""H"", ""H"", ""H"", ""H"", ""H"", ""H"", ""C"", ""C"", ""N"", ""C"", ""H"", ""H"", ""H"", ""H"", ""H"", ""H"", ""H"", ""C"", ""C"", ""N"", ""C"", ""H"", ""H"", ""H"", ""H"", ""H"", ""H"", ""H""]",C24H56N8,"[true, true, true]","[11.105550876605832, 0.0, 0.0, 0.0, 12.334960505805903, 0.0, 2.121322667538934, 0.0, 13.07471056483769]",1791.0592500963583,[],"{""cutoff=6.000_skin=0.000"": 3460, ""cutoff=6.000_skin=0.500"": 4624}",0.0,,
OPT-RF-U256-XATMOV88-R256-v1,f76be7fea227482e0d2e5078d97994299bbc9dfbe0681fde37169ce8641b13b1,OPT-RF-U256-XATMOV88-R256-v1:0094,XATMOV_C2_14_4506_z2_22,4981b449eff65a2fd307210e32db76bb9da6ed032c084ed4290d96077a7449af,94,cross_family_test_set,XATMOV/structures/XATMOV_C2_14_4506_z2_22.cif,92c424f5e04877b369260d453cb0612221d8b1dc8cd602f26176f8212fa51c44,4981b449eff65a2fd307210e32db76bb9da6ed032c084ed4290d96077a7449af,0,88,"[""C"", ""C"", ""N"", ""C"", ""H"", ""H"", ""H"", ""H"", ""H"", ""H"", ""H"", ""C"", ""C"", ""N"", ""C"", ""H"", ""H"", ""H"", ""H"", ""H"", ""H"", ""H"", ""C"", ""C"", ""N"", ""C"", ""H"", ""H"", ""H"", ""H"", ""H"", ""H"", ""H"", ""C"", ""C"", ""N"", ""C"", ""H"", ""H"", ""H"", ""H"", ""H"", ""H"", ""H"", ""C"", ""C"", ""N"", ""C"", ""H"", ""H"", ""H"", ""H"", ""H"", ""H"", ""H"", ""C"", ""C"", ""N"", ""C"", ""H"", ""H"", ""H"", ""H"", ""H"", ""H"", ""H"", ""C"", ""C"", ""N"", ""C"", ""H"", ""H"", ""H"", ""H"", ""H"", ""H"", ""H"", ""C"", ""C"", ""N"", ""C"", ""H"", ""H"", ""H"", ""H"", ""H"", ""H"", ""H""]",C24H56N8,"[true, true, true]","[10.967567238139644, 0.0, 0.0, 0.0, 13.598568196467106, 0.0, -1.5413611537660854, 0.0, 11.929877471417562]",1779.2602333673333,[],"{""cutoff=6.000_skin=0.000"": 3480, ""cutoff=6.000_skin=0.500"": 4588}",0.0,,
OPT-RF-U256-XATMOV88-R256-v1,f76be7fea227482e0d2e5078d97994299bbc9dfbe0681fde37169ce8641b13b1,OPT-RF-U256-XATMOV88-R256-v1:0095,XATMOV_C2_14_1924_z2_22,f794734c51a528380d4a9636fb88907451a3d5708629618d125301862cc0a93c,95,cross_family_test_set,XATMOV/structures/XATMOV_C2_14_1924_z2_22.cif,8d491f06984b0b179ed06b0feffa99da0e6c9048781f4962dbb82fd3b152c380,f794734c51a528380d4a9636fb88907451a3d5708629618d125301862cc0a93c,0,88,"[""C"", ""C"", ""N"", ""C"", ""H"", ""H"", ""H"", ""H"", ""H"", ""H"", ""H"", ""C"", ""C"", ""N"", ""C"", ""H"", ""H"", ""H"", ""H"", ""H"", ""H"", ""H"", ""C"", ""C"", ""N"", ""C"", ""H"", ""H"", ""H"", ""H"", ""H"", ""H"", ""H"", ""C"", ""C"", ""N"", ""C"", ""H"", ""H"", ""H"", ""H"", ""H"", ""H"", ""H"", ""C"", ""C"", ""N"", ""C"", ""H"", ""H"", ""H"", ""H"", ""H"", ""H"", ""H"", ""C"", ""C"", ""N"", ""C"", ""H"", ""H"", ""H"", ""H"", ""H"", ""H"", ""H"", ""C"", ""C"", ""N"", ""C"", ""H"", ""H"", ""H"", ""H"", ""H"", ""H"", ""H"", ""C"", ""C"", ""N"", ""C"", ""H"", ""H"", ""H"", ""H"", ""H"", ""H"", ""H""]",C24H56N8,"[true, true, true]","[5.188322058482374, 0.0, 0.0, 0.0, 22.817689444926998, 0.0, -0.3701477859807601, 0.0, 22.198989067017116]",2628.0388968215257,[],"{""cutoff=6.000_skin=0.000"": 3488, ""cutoff=6.000_skin=0.500"": 4360}",0.0,,
OPT-RF-U256-XATMOV88-R256-v1,f76be7fea227482e0d2e5078d97994299bbc9dfbe0681fde37169ce8641b13b1,OPT-RF-U256-XATMOV88-R256-v1:0096,XATMOV_C2_14_3778_z2_22,11186bb68cb1f855cdefc97db34cd18185928a52885da54b0a50776624c22e03,96,cross_family_test_set,XATMOV/structures/XATMOV_C2_14_3778_z2_22.cif,c6c85b1f2c15867a7b6838e07344eecfcede36b0756a13ca6d59585a415d4766,11186bb68cb1f855cdefc97db34cd18185928a52885da54b0a50776624c22e03,0,88,"[""C"", ""C"", ""N"", ""C"", ""H"", ""H"", ""H"", ""H"", ""H"", ""H"", ""H"", ""C"", ""C"", ""N"", ""C"", ""H"", ""H"", ""H"", ""H"", ""H"", ""H"", ""H"", ""C"", ""C"", ""N"", ""C"", ""H"", ""H"", ""H"", ""H"", ""H"", ""H"", ""H"", ""C"", ""C"", ""N"", ""C"", ""H"", ""H"", ""H"", ""H"", ""H"", ""H"", ""H"", ""C"", ""C"", ""N"", ""C"", ""H"", ""H"", ""H"", ""H"", ""H"", ""H"", ""H"", ""C"", ""C"", ""N"", ""C"", ""H"", ""H"", ""H"", ""H"", ""H"", ""H"", ""H"", ""C"", ""C"", ""N"", ""C"", ""H"", ""H"", ""H"", ""H"", ""H"", ""H"", ""H"", ""C"", ""C"", ""N"", ""C"", ""H"", ""H"", ""H"", ""H"", ""H"", ""H"", ""H""]",C24H56N8,"[true, true, true]","[13.866404774759019, 0.0, 0.0, 0.0, 11.287766020795207, 0.0, 9.045464572866802, 0.0, 11.4005172070156]",1784.4173057981484,[],"{""cutoff=6.000_skin=0.000"": 3492, ""cutoff=6.000_skin=0.500"": 4616}",0.0,,
OPT-RF-U256-XATMOV88-R256-v1,f76be7fea227482e0d2e5078d97994299bbc9dfbe0681fde37169ce8641b13b1,OPT-RF-U256-XATMOV88-R256-v1:0097,XATMOV_C1_14_6063_z2_22,4efc310b07f588ace75bb560ab8e7b820cd7bdfb4b63c61448198ecc05b673ce,97,cross_family_test_set,XATMOV/structures/XATMOV_C1_14_6063_z2_22.cif,fa788f1dc1822346bced06025d6f8ab3b65985f77a8810ef0534c904f007a33a,4efc310b07f588ace75bb560ab8e7b820cd7bdfb4b63c61448198ecc05b673ce,0,88,"[""C"", ""C"", ""N"", ""C"", ""H"", ""H"", ""H"", ""H"", ""H"", ""H"", ""H"", ""C"", ""C"", ""N"", ""C"", ""H"", ""H"", ""H"", ""H"", ""H"", ""H"", ""H"", ""C"", ""C"", ""N"", ""C"", ""H"", ""H"", ""H"", ""H"", ""H"", ""H"", ""H"", ""C"", ""C"", ""N"", ""C"", ""H"", ""H"", ""H"", ""H"", ""H"", ""H"", ""H"", ""C"", ""C"", ""N"", ""C"", ""H"", ""H"", ""H"", ""H"", ""H"", ""H"", ""H"", ""C"", ""C"", ""N"", ""C"", ""H"", ""H"", ""H"", ""H"", ""H"", ""H"", ""H"", ""C"", ""C"", ""N"", ""C"", ""H"", ""H"", ""H"", ""H"", ""H"", ""H"", ""H"", ""C"", ""C"", ""N"", ""C"", ""H"", ""H"", ""H"", ""H"", ""H"", ""H"", ""H""]",C24H56N8,"[true, true, true]","[11.806954834847375, 0.0, 0.0, 0.0, 14.159125072463603, 0.0, -1.3438775130539309, 0.0, 12.148389182652373]",2030.9209350702213,[],"{""cutoff=6.000_skin=0.000"": 3496, ""cutoff=6.000_skin=0.500"": 4764}",0.0,,
OPT-RF-U256-XATMOV88-R256-v1,f76be7fea227482e0d2e5078d97994299bbc9dfbe0681fde37169ce8641b13b1,OPT-RF-U256-XATMOV88-R256-v1:0098,XATMOV_C1_14_2067_z2_22,38b0b98a1f4793cc75ac2abaa0ade7dfa9e6e434eacf8a2ea714c8a44efe783f,98,cross_family_test_set,XATMOV/structures/XATMOV_C1_14_2067_z2_22.cif,d19d8858e2f3e2489e9b1d9416260f990b770048b821e3213c8f78e6156a6a12,38b0b98a1f4793cc75ac2abaa0ade7dfa9e6e434eacf8a2ea714c8a44efe783f,0,88,"[""C"", ""C"", ""N"", ""C"", ""H"", ""H"", ""H"", ""H"", ""H"", ""H"", ""H"", ""C"", ""C"", ""N"", ""C"", ""H"", ""H"", ""H"", ""H"", ""H"", ""H"", ""H"", ""C"", ""C"", ""N"", ""C"", ""H"", ""H"", ""H"", ""H"", ""H"", ""H"", ""H"", ""C"", ""C"", ""N"", ""C"", ""H"", ""H"", ""H"", ""H"", ""H"", ""H"", ""H"", ""C"", ""C"", ""N"", ""C"", ""H"", ""H"", ""H"", ""H"", ""H"", ""H"", ""H"", ""C"", ""C"", ""N"", ""C"", ""H"", ""H"", ""H"", ""H"", ""H"", ""H"", ""H"", ""C"", ""C"", ""N"", ""C"", ""H"", ""H"", ""H"", ""H"", ""H"", ""H"", ""H"", ""C"", ""C"", ""N"", ""C"", ""H"", ""H"", ""H"", ""H"", ""H"", ""H"", ""H""]",C24H56N8,"[true, true, true]","[17.742264240762143, 0.0, 0.0, 0.0, 6.1266711238477995, 0.0, -0.8360057685603317, 0.0, 16.913509128198772]",1838.5156601123163,[],"{""cutoff=6.000_skin=0.000"": 3504, ""cutoff=6.000_skin=0.500"": 5036}",0.0,,
OPT-RF-U256-XATMOV88-R256-v1,f76be7fea227482e0d2e5078d97994299bbc9dfbe0681fde37169ce8641b13b1,OPT-RF-U256-XATMOV88-R256-v1:0099,XATMOV_C1_14_7307_z2_22,d69f60850ddf7197af0f7a4bbab8e31af8c719d42d9e4b24b68cdece43f64575,99,cross_family_test_set,XATMOV/structures/XATMOV_C1_14_7307_z2_22.cif,b0b5a7fd50fe7368c50da4e8908c6c061d61f9eceb3633bfc6d1d674937f3b91,d69f60850ddf7197af0f7a4bbab8e31af8c719d42d9e4b24b68cdece43f64575,0,88,"[""C"", ""C"", ""N"", ""C"", ""H"", ""H"", ""H"", ""H"", ""H"", ""H"", ""H"", ""C"", ""C"", ""N"", ""C"", ""H"", ""H"", ""H"", ""H"", ""H"", ""H"", ""H"", ""C"", ""C"", ""N"", ""C"", ""H"", ""H"", ""H"", ""H"", ""H"", ""H"", ""H"", ""C"", ""C"", ""N"", ""C"", ""H"", ""H"", ""H"", ""H"", ""H"", ""H"", ""H"", ""C"", ""C"", ""N"", ""C"", ""H"", ""H"", ""H"", ""H"", ""H"", ""H"", ""H"", ""C"", ""C"", ""N"", ""C"", ""H"", ""H"", ""H"", ""H"", ""H"", ""H"", ""H"", ""C"", ""C"", ""N"", ""C"", ""H"", ""H"", ""H"", ""H"", ""H"", ""H"", ""H"", ""C"", ""C"", ""N"", ""C"", ""H"", ""H"", ""H"", ""H"", ""H"", ""H"", ""H""]",C24H56N8,"[true, true, true]","[12.224321559132044, 0.0, 0.0, 0.0, 12.203681081209496, 0.0, -1.9271772854819655, 0.0, 11.868060663638351]",1770.497723537711,[],"{""cutoff=6.000_skin=0.000"": 3508, ""cutoff=6.000_skin=0.500"": 4916}",0.0,,
OPT-RF-U256-XATMOV88-R256-v1,f76be7fea227482e0d2e5078d97994299bbc9dfbe0681fde37169ce8641b13b1,OPT-RF-U256-XATMOV88-R256-v1:0100,XATMOV_C1_14_6990_z2_22,d0629437c33ce2e6df5867e069c26d16702160aad7ba304d39813b482b1e49b5,100,cross_family_test_set,XATMOV/structures/XATMOV_C1_14_6990_z2_22.cif,f603b54ea4d4a49b2b8243e856cbd8fa396c75fd561d8168e33ed81382dabd1a,d0629437c33ce2e6df5867e069c26d16702160aad7ba304d39813b482b1e49b5,0,88,"[""C"", ""C"", ""N"", ""C"", ""H"", ""H"", ""H"", ""H"", ""H"", ""H"", ""H"", ""C"", ""C"", ""N"", ""C"", ""H"", ""H"", ""H"", ""H"", ""H"", ""H"", ""H"", ""C"", ""C"", ""N"", ""C"", ""H"", ""H"", ""H"", ""H"", ""H"", ""H"", ""H"", ""C"", ""C"", ""N"", ""C"", ""H"", ""H"", ""H"", ""H"", ""H"", ""H"", ""H"", ""C"", ""C"", ""N"", ""C"", ""H"", ""H"", ""H"", ""H"", ""H"", ""H"", ""H"", ""C"", ""C"", ""N"", ""C"", ""H"", ""H"", ""H"", ""H"", ""H"", ""H"", ""H"", ""C"", ""C"", ""N"", ""C"", ""H"", ""H"", ""H"", ""H"", ""H"", ""H"", ""H"", ""C"", ""C"", ""N"", ""C"", ""H"", ""H"", ""H"", ""H"", ""H"", ""H"", ""H""]",C24H56N8,"[true, true, true]","[10.208251186635124, 0.0, 0.0, 0.0, 10.80218174238501, 0.0, -0.731510266462289, 0.0, 17.860753544548547]",1969.5300231772264,[],"{""cutoff=6.000_skin=0.000"": 3524, ""cutoff=6.000_skin=0.500"": 4488}",0.0,,
OPT-RF-U256-XATMOV88-R256-v1,f76be7fea227482e0d2e5078d97994299bbc9dfbe0681fde37169ce8641b13b1,OPT-RF-U256-XATMOV88-R256-v1:0101,XATMOV_C1_14_774_z2_22,270fda24f604e83112a4b7bee28cb7bb8ad987aaa54765a8d60fb517e6c99e89,101,cross_family_test_set,XATMOV/structures/XATMOV_C1_14_774_z2_22.cif,6aa57485d5b19e7f5866d73a4579e7133def5299aee76bebff221e94300daa92,270fda24f604e83112a4b7bee28cb7bb8ad987aaa54765a8d60fb517e6c99e89,0,88,"[""C"", ""C"", ""N"", ""C"", ""H"", ""H"", ""H"", ""H"", ""H"", ""H"", ""H"", ""C"", ""C"", ""N"", ""C"", ""H"", ""H"", ""H"", ""H"", ""H"", ""H"", ""H"", ""C"", ""C"", ""N"", ""C"", ""H"", ""H"", ""H"", ""H"", ""H"", ""H"", ""H"", ""C"", ""C"", ""N"", ""C"", ""H"", ""H"", ""H"", ""H"", ""H"", ""H"", ""H"", ""C"", ""C"", ""N"", ""C"", ""H"", ""H"", ""H"", ""H"", ""H"", ""H"", ""H"", ""C"", ""C"", ""N"", ""C"", ""H"", ""H"", ""H"", ""H"", ""H"", ""H"", ""H"", ""C"", ""C"", ""N"", ""C"", ""H"", ""H"", ""H"", ""H"", ""H"", ""H"", ""H"", ""C"", ""C"", ""N"", ""C"", ""H"", ""H"", ""H"", ""H"", ""H"", ""H"", ""H""]",C24H56N8,"[true, true, true]","[15.972099208347146, 0.0, 0.0, 0.0, 12.824385015784756, 0.0, 0.880877305910266, 0.0, 10.10212020884271]",2069.2410199165924,[],"{""cutoff=6.000_skin=0.000"": 3524, ""cutoff=6.000_skin=0.500"": 4452}",0.0,,
OPT-RF-U256-XATMOV88-R256-v1,f76be7fea227482e0d2e5078d97994299bbc9dfbe0681fde37169ce8641b13b1,OPT-RF-U256-XATMOV88-R256-v1:0102,XATMOV_C2_14_1336_z2_22,cb15b8ea4006990c2774bae669d166c2e245c3ce628ea6512364e62bfc2e054d,102,cross_family_test_set,XATMOV/structures/XATMOV_C2_14_1336_z2_22.cif,11d7aacc9bda1bd714409d493ab7c81fb126955f4a6a5c11557ee13669a897d5,cb15b8ea4006990c2774bae669d166c2e245c3ce628ea6512364e62bfc2e054d,0,88,"[""C"", ""C"", ""N"", ""C"", ""H"", ""H"", ""H"", ""H"", ""H"", ""H"", ""H"", ""C"", ""C"", ""N"", ""C"", ""H"", ""H"", ""H"", ""H"", ""H"", ""H"", ""H"", ""C"", ""C"", ""N"", ""C"", ""H"", ""H"", ""H"", ""H"", ""H"", ""H"", ""H"", ""C"", ""C"", ""N"", ""C"", ""H"", ""H"", ""H"", ""H"", ""H"", ""H"", ""H"", ""C"", ""C"", ""N"", ""C"", ""H"", ""H"", ""H"", ""H"", ""H"", ""H"", ""H"", ""C"", ""C"", ""N"", ""C"", ""H"", ""H"", ""H"", ""H"", ""H"", ""H"", ""H"", ""C"", ""C"", ""N"", ""C"", ""H"", ""H"", ""H"", ""H"", ""H"", ""H"", ""H"", ""C"", ""C"", ""N"", ""C"", ""H"", ""H"", ""H"", ""H"", ""H"", ""H"", ""H""]",C24H56N8,"[true, true, true]","[13.398106073341076, 0.0, 0.0, 0.0, 10.69283966540929, 0.0, 1.6215836276988735, 0.0, 12.942857638871326]",1854.242969011142,[],"{""cutoff=6.000_skin=0.000"": 3528, ""cutoff=6.000_skin=0.500"": 4648}",0.0,,
OPT-RF-U256-XATMOV88-R256-v1,f76be7fea227482e0d2e5078d97994299bbc9dfbe0681fde37169ce8641b13b1,OPT-RF-U256-XATMOV88-R256-v1:0103,XATMOV_C2_14_1817_z2_22,b82ccc193b04907f957ed2d90e53448408c9d7da4faad9283e69595ba544fd8d,103,cross_family_test_set,XATMOV/structures/XATMOV_C2_14_1817_z2_22.cif,6da34712541e238479562ea16e4cc53f0356ff91423b209605ac0266ffe5f337,b82ccc193b04907f957ed2d90e53448408c9d7da4faad9283e69595ba544fd8d,0,88,"[""C"", ""C"", ""N"", ""C"", ""H"", ""H"", ""H"", ""H"", ""H"", ""H"", ""H"", ""C"", ""C"", ""N"", ""C"", ""H"", ""H"", ""H"", ""H"", ""H"", ""H"", ""H"", ""C"", ""C"", ""N"", ""C"", ""H"", ""H"", ""H"", ""H"", ""H"", ""H"", ""H"", ""C"", ""C"", ""N"", ""C"", ""H"", ""H"", ""H"", ""H"", ""H"", ""H"", ""H"", ""C"", ""C"", ""N"", ""C"", ""H"", ""H"", ""H"", ""H"", ""H"", ""H"", ""H"", ""C"", ""C"", ""N"", ""C"", ""H"", ""H"", ""H"", ""H"", ""H"", ""H"", ""H"", ""C"", ""C"", ""N"", ""C"", ""H"", ""H"", ""H"", ""H"", ""H"", ""H"", ""H"", ""C"", ""C"", ""N"", ""C"", ""H"", ""H"", ""H"", ""H"", ""H"", ""H"", ""H""]",C24H56N8,"[true, true, true]","[12.137951837172572, 0.0, 0.0, 0.0, 13.013603432338522, 0.0, 3.1685179083731745, 0.0, 11.213397749441489]",1771.2513952194488,[],"{""cutoff=6.000_skin=0.000"": 3532, ""cutoff=6.000_skin=0.500"": 4940}",0.0,,
OPT-RF-U256-XATMOV88-R256-v1,f76be7fea227482e0d2e5078d97994299bbc9dfbe0681fde37169ce8641b13b1,OPT-RF-U256-XATMOV88-R256-v1:0104,XATMOV_C2_14_2157_z2_22,44167dd457780a31a5e959b74c7c1a9de2af59e4d2b7841df855fb647a4c800e,104,cross_family_test_set,XATMOV/structures/XATMOV_C2_14_2157_z2_22.cif,08f715c9e8d1fdae2b7d1da325530ce67f75ef8fd21a60f3f923b7badb0cdf58,44167dd457780a31a5e959b74c7c1a9de2af59e4d2b7841df855fb647a4c800e,0,88,"[""C"", ""C"", ""N"", ""C"", ""H"", ""H"", ""H"", ""H"", ""H"", ""H"", ""H"", ""C"", ""C"", ""N"", ""C"", ""H"", ""H"", ""H"", ""H"", ""H"", ""H"", ""H"", ""C"", ""C"", ""N"", ""C"", ""H"", ""H"", ""H"", ""H"", ""H"", ""H"", ""H"", ""C"", ""C"", ""N"", ""C"", ""H"", ""H"", ""H"", ""H"", ""H"", ""H"", ""H"", ""C"", ""C"", ""N"", ""C"", ""H"", ""H"", ""H"", ""H"", ""H"", ""H"", ""H"", ""C"", ""C"", ""N"", ""C"", ""H"", ""H"", ""H"", ""H"", ""H"", ""H"", ""H"", ""C"", ""C"", ""N"", ""C"", ""H"", ""H"", ""H"", ""H"", ""H"", ""H"", ""H"", ""C"", ""C"", ""N"", ""C"", ""H"", ""H"", ""H"", ""H"", ""H"", ""H"", ""H""]",C24H56N8,"[true, true, true]","[5.664202490286897, 0.0, 0.0, 0.0, 12.47628277890724, 0.0, -24.014643501133822, 0.0, 29.376385155860923]",2075.9760260434755,[],"{""cutoff=6.000_skin=0.000"": 3532, ""cutoff=6.000_skin=0.500"": 4244}",0.0,,
OPT-RF-U256-XATMOV88-R256-v1,f76be7fea227482e0d2e5078d97994299bbc9dfbe0681fde37169ce8641b13b1,OPT-RF-U256-XATMOV88-R256-v1:0105,XATMOV_C2_14_5690_z2_22,65a5f95be6b54e0f16aba660624318f4f0581c8d689f4742f5c9a94f2abf613b,105,cross_family_test_set,XATMOV/structures/XATMOV_C2_14_5690_z2_22.cif,b670c4c3a812a3db25ad56cd1bdbfab0a358f4436f643d7a1d03238d94f10f51,65a5f95be6b54e0f16aba660624318f4f0581c8d689f4742f5c9a94f2abf613b,0,88,"[""C"", ""C"", ""N"", ""C"", ""H"", ""H"", ""H"", ""H"", ""H"", ""H"", ""H"", ""C"", ""C"", ""N"", ""C"", ""H"", ""H"", ""H"", ""H"", ""H"", ""H"", ""H"", ""C"", ""C"", ""N"", ""C"", ""H"", ""H"", ""H"", ""H"", ""H"", ""H"", ""H"", ""C"", ""C"", ""N"", ""C"", ""H"", ""H"", ""H"", ""H"", ""H"", ""H"", ""H"", ""C"", ""C"", ""N"", ""C"", ""H"", ""H"", ""H"", ""H"", ""H"", ""H"", ""H"", ""C"", ""C"", ""N"", ""C"", ""H"", ""H"", ""H"", ""H"", ""H"", ""H"", ""H"", ""C"", ""C"", ""N"", ""C"", ""H"", ""H"", ""H"", ""H"", ""H"", ""H"", ""H"", ""C"", ""C"", ""N"", ""C"", ""H"", ""H"", ""H"", ""H"", ""H"", ""H"", ""H""]",C24H56N8,"[true, true, true]","[12.709552664607855, 0.0, 0.0, 0.0, 12.695582413462375, 0.0, 1.2590773108560733, 0.0, 11.89489985773112]",1919.303627832448,[],"{""cutoff=6.000_skin=0.000"": 3536, ""cutoff=6.000_skin=0.500"": 4616}",0.0,,
OPT-RF-U256-XATMOV88-R256-v1,f76be7fea227482e0d2e5078d97994299bbc9dfbe0681fde37169ce8641b13b1,OPT-RF-U256-XATMOV88-R256-v1:0106,XATMOV_C2_14_7178_z2_22,34e3ad9106841e3a55a654d58cf1aa7e599bb0ea9d37b9df8154e3da763ead07,106,cross_family_test_set,XATMOV/structures/XATMOV_C2_14_7178_z2_22.cif,1909559cb478d6965b3097dabc66dbf4a1f851d10acfcc7b02b417cba1c76f51,34e3ad9106841e3a55a654d58cf1aa7e599bb0ea9d37b9df8154e3da763ead07,0,88,"[""C"", ""C"", ""N"", ""C"", ""H"", ""H"", ""H"", ""H"", ""H"", ""H"", ""H"", ""C"", ""C"", ""N"", ""C"", ""H"", ""H"", ""H"", ""H"", ""H"", ""H"", ""H"", ""C"", ""C"", ""N"", ""C"", ""H"", ""H"", ""H"", ""H"", ""H"", ""H"", ""H"", ""C"", ""C"", ""N"", ""C"", ""H"", ""H"", ""H"", ""H"", ""H"", ""H"", ""H"", ""C"", ""C"", ""N"", ""C"", ""H"", ""H"", ""H"", ""H"", ""H"", ""H"", ""H"", ""C"", ""C"", ""N"", ""C"", ""H"", ""H"", ""H"", ""H"", ""H"", ""H"", ""H"", ""C"", ""C"", ""N"", ""C"", ""H"", ""H"", ""H"", ""H"", ""H"", ""H"", ""H"", ""C"", ""C"", ""N"", ""C"", ""H"", ""H"", ""H"", ""H"", ""H"", ""H"", ""H""]",C24H56N8,"[true, true, true]","[12.670162158410577, 0.0, 0.0, 0.0, 9.990600805361133, 0.0, -1.3538872759206129, 0.0, 13.705679166391569]",1734.8995752780515,[],"{""cutoff=6.000_skin=0.000"": 3560, ""cutoff=6.000_skin=0.500"": 4612}",0.0,,
OPT-RF-U256-XATMOV88-R256-v1,f76be7fea227482e0d2e5078d97994299bbc9dfbe0681fde37169ce8641b13b1,OPT-RF-U256-XATMOV88-R256-v1:0107,XATMOV_C1_14_6896_z2_22,11041273714524fb775916bf291feb77d4c44bae99d7568b0cc99d187ea5aa23,107,cross_family_test_set,XATMOV/structures/XATMOV_C1_14_6896_z2_22.cif,11fcde2ad110fa08a76230ef9cb30035d1d1332a2c643d964f0518edccc44804,11041273714524fb775916bf291feb77d4c44bae99d7568b0cc99d187ea5aa23,0,88,"[""C"", ""C"", ""N"", ""C"", ""H"", ""H"", ""H"", ""H"", ""H"", ""H"", ""H"", ""C"", ""C"", ""N"", ""C"", ""H"", ""H"", ""H"", ""H"", ""H"", ""H"", ""H"", ""C"", ""C"", ""N"", ""C"", ""H"", ""H"", ""H"", ""H"", ""H"", ""H"", ""H"", ""C"", ""C"", ""N"", ""C"", ""H"", ""H"", ""H"", ""H"", ""H"", ""H"", ""H"", ""C"", ""C"", ""N"", ""C"", ""H"", ""H"", ""H"", ""H"", ""H"", ""H"", ""H"", ""C"", ""C"", ""N"", ""C"", ""H"", ""H"", ""H"", ""H"", ""H"", ""H"", ""H"", ""C"", ""C"", ""N"", ""C"", ""H"", ""H"", ""H"", ""H"", ""H"", ""H"", ""H"", ""C"", ""C"", ""N"", ""C"", ""H"", ""H"", ""H"", ""H"", ""H"", ""H"", ""H""]",C24H56N8,"[true, true, true]","[13.843547134968347, 0.0, 0.0, 0.0, 10.389662854617569, 0.0, -5.243038359517343, 0.0, 12.31418848314546]",1771.147112080204,[],"{""cutoff=6.000_skin=0.000"": 3580, ""cutoff=6.000_skin=0.500"": 4596}",0.0,,
OPT-RF-U256-XATMOV88-R256-v1,f76be7fea227482e0d2e5078d97994299bbc9dfbe0681fde37169ce8641b13b1,OPT-RF-U256-XATMOV88-R256-v1:0108,XATMOV_C1_14_485_z2_22,37d2ace099efc3bc791b15d193ea58293247085c732b3b50dd8301bcdb2a8bed,108,cross_family_test_set,XATMOV/structures/XATMOV_C1_14_485_z2_22.cif,ea6cc1e9a26432dfa75eb09888fdf1e1665d59545ba99d3001daf1e6a1389f18,37d2ace099efc3bc791b15d193ea58293247085c732b3b50dd8301bcdb2a8bed,0,88,"[""C"", ""C"", ""N"", ""C"", ""H"", ""H"", ""H"", ""H"", ""H"", ""H"", ""H"", ""C"", ""C"", ""N"", ""C"", ""H"", ""H"", ""H"", ""H"", ""H"", ""H"", ""H"", ""C"", ""C"", ""N"", ""C"", ""H"", ""H"", ""H"", ""H"", ""H"", ""H"", ""H"", ""C"", ""C"", ""N"", ""C"", ""H"", ""H"", ""H"", ""H"", ""H"", ""H"", ""H"", ""C"", ""C"", ""N"", ""C"", ""H"", ""H"", ""H"", ""H"", ""H"", ""H"", ""H"", ""C"", ""C"", ""N"", ""C"", ""H"", ""H"", ""H"", ""H"", ""H"", ""H"", ""H"", ""C"", ""C"", ""N"", ""C"", ""H"", ""H"", ""H"", ""H"", ""H"", ""H"", ""H"", ""C"", ""C"", ""N"", ""C"", ""H"", ""H"", ""H"", ""H"", ""H"", ""H"", ""H""]",C24H56N8,"[true, true, true]","[9.15823757670267, 0.0, 0.0, 0.0, 20.97374935621442, 0.0, 5.075031082268894, 0.0, 9.532916836611385]",1831.1072559296351,[],"{""cutoff=6.000_skin=0.000"": 3588, ""cutoff=6.000_skin=0.500"": 4472}",0.0,,
OPT-RF-U256-XATMOV88-R256-v1,f76be7fea227482e0d2e5078d97994299bbc9dfbe0681fde37169ce8641b13b1,OPT-RF-U256-XATMOV88-R256-v1:0109,XATMOV_C1_14_6993_z2_22,e7244c5dd74c1fcd3d0a014e3cd678cc853f9921e8279f763c97fe55839189f6,109,cross_family_test_set,XATMOV/structures/XATMOV_C1_14_6993_z2_22.cif,0b21a5087304c33424d712376b0fe06648720ea141b82657637fd90bb2e7611f,e7244c5dd74c1fcd3d0a014e3cd678cc853f9921e8279f763c97fe55839189f6,0,88,"[""C"", ""C"", ""N"", ""C"", ""H"", ""H"", ""H"", ""H"", ""H"", ""H"", ""H"", ""C"", ""C"", ""N"", ""C"", ""H"", ""H"", ""H"", ""H"", ""H"", ""H"", ""H"", ""C"", ""C"", ""N"", ""C"", ""H"", ""H"", ""H"", ""H"", ""H"", ""H"", ""H"", ""C"", ""C"", ""N"", ""C"", ""H"", ""H"", ""H"", ""H"", ""H"", ""H"", ""H"", ""C"", ""C"", ""N"", ""C"", ""H"", ""H"", ""H"", ""H"", ""H"", ""H"", ""H"", ""C"", ""C"", ""N"", ""C"", ""H"", ""H"", ""H"", ""H"", ""H"", ""H"", ""H"", ""C"", ""C"", ""N"", ""C"", ""H"", ""H"", ""H"", ""H"", ""H"", ""H"", ""H"", ""C"", ""C"", ""N"", ""C"", ""H"", ""H"", ""H"", ""H"", ""H"", ""H"", ""H""]",C24H56N8,"[true, true, true]","[19.01620230876057, 0.0, 0.0, 0.0, 9.56035208973152, 0.0, 0.893977254951069, 0.0, 10.926529644536442]",1986.4604568914492,[],"{""cutoff=6.000_skin=0.000"": 3592, ""cutoff=6.000_skin=0.500"": 4532}",0.0,,
OPT-RF-U256-XATMOV88-R256-v1,f76be7fea227482e0d2e5078d97994299bbc9dfbe0681fde37169ce8641b13b1,OPT-RF-U256-XATMOV88-R256-v1:0110,XATMOV_C1_14_4184_z2_22,94b4e7d711f86dac6285cbad44ea870323858429378c86f6fa60e29a0a37b4eb,110,cross_family_test_set,XATMOV/structures/XATMOV_C1_14_4184_z2_22.cif,1ffdc5c8d59dce623405e1500291860442825e6407f620741d57d70659c73707,94b4e7d711f86dac6285cbad44ea870323858429378c86f6fa60e29a0a37b4eb,0,88,"[""C"", ""C"", ""N"", ""C"", ""H"", ""H"", ""H"", ""H"", ""H"", ""H"", ""H"", ""C"", ""C"", ""N"", ""C"", ""H"", ""H"", ""H"", ""H"", ""H"", ""H"", ""H"", ""C"", ""C"", ""N"", ""C"", ""H"", ""H"", ""H"", ""H"", ""H"", ""H"", ""H"", ""C"", ""C"", ""N"", ""C"", ""H"", ""H"", ""H"", ""H"", ""H"", ""H"", ""H"", ""C"", ""C"", ""N"", ""C"", ""H"", ""H"", ""H"", ""H"", ""H"", ""H"", ""H"", ""C"", ""C"", ""N"", ""C"", ""H"", ""H"", ""H"", ""H"", ""H"", ""H"", ""H"", ""C"", ""C"", ""N"", ""C"", ""H"", ""H"", ""H"", ""H"", ""H"", ""H"", ""H"", ""C"", ""C"", ""N"", ""C"", ""H"", ""H"", ""H"", ""H"", ""H"", ""H"", ""H""]",C24H56N8,"[true, true, true]","[6.742377508551286, 0.0, 0.0, 0.0, 18.042650194852072, 0.0, 2.4911376167153376, 0.0, 13.553978470468657]",1648.8463450274744,[],"{""cutoff=6.000_skin=0.000"": 3600, ""cutoff=6.000_skin=0.500"": 4944}",0.0,,
OPT-RF-U256-XATMOV88-R256-v1,f76be7fea227482e0d2e5078d97994299bbc9dfbe0681fde37169ce8641b13b1,OPT-RF-U256-XATMOV88-R256-v1:0111,XATMOV_C2_14_2356_z2_22,55e5eca2362f1d6cddbc2a3c2a837a8125111fbd838a6b832d58cd129cb7d0d4,111,cross_family_test_set,XATMOV/structures/XATMOV_C2_14_2356_z2_22.cif,87113ccc117d28b5b62967efa84e5acc3f818afb1700dfa23276df64d3da2dcc,55e5eca2362f1d6cddbc2a3c2a837a8125111fbd838a6b832d58cd129cb7d0d4,0,88,"[""C"", ""C"", ""N"", ""C"", ""H"", ""H"", ""H"", ""H"", ""H"", ""H"", ""H"", ""C"", ""C"", ""N"", ""C"", ""H"", ""H"", ""H"", ""H"", ""H"", ""H"", ""H"", ""C"", ""C"", ""N"", ""C"", ""H"", ""H"", ""H"", ""H"", ""H"", ""H"", ""H"", ""C"", ""C"", ""N"", ""C"", ""H"", ""H"", ""H"", ""H"", ""H"", ""H"", ""H"", ""C"", ""C"", ""N"", ""C"", ""H"", ""H"", ""H"", ""H"", ""H"", ""H"", ""H"", ""C"", ""C"", ""N"", ""C"", ""H"", ""H"", ""H"", ""H"", ""H"", ""H"", ""H"", ""C"", ""C"", ""N"", ""C"", ""H"", ""H"", ""H"", ""H"", ""H"", ""H"", ""H"", ""C"", ""C"", ""N"", ""C"", ""H"", ""H"", ""H"", ""H"", ""H"", ""H"", ""H""]",C24H56N8,"[true, true, true]","[5.880878983761441, 0.0, 0.0, 0.0, 19.73301034453737, 0.0, 10.420898269622116, 0.0, 18.774251260570225]",2178.7039060009456,[],"{""cutoff=6.000_skin=0.000"": 3620, ""cutoff=6.000_skin=0.500"": 4612}",0.0,,
OPT-RF-U256-XATMOV88-R256-v1,f76be7fea227482e0d2e5078d97994299bbc9dfbe0681fde37169ce8641b13b1,OPT-RF-U256-XATMOV88-R256-v1:0112,XATMOV_C1_14_2657_z2_22,ef17539ace8d57b21cf110f0bf2e8297cb68a07a40d3016bf7ffb7ce737f4f4e,112,cross_family_test_set,XATMOV/structures/XATMOV_C1_14_2657_z2_22.cif,4e9cd6629bff622d12747f5450387dc32ddbdea68a9d73f3a2a47dfb08a9791b,ef17539ace8d57b21cf110f0bf2e8297cb68a07a40d3016bf7ffb7ce737f4f4e,0,88,"[""C"", ""C"", ""N"", ""C"", ""H"", ""H"", ""H"", ""H"", ""H"", ""H"", ""H"", ""C"", ""C"", ""N"", ""C"", ""H"", ""H"", ""H"", ""H"", ""H"", ""H"", ""H"", ""C"", ""C"", ""N"", ""C"", ""H"", ""H"", ""H"", ""H"", ""H"", ""H"", ""H"", ""C"", ""C"", ""N"", ""C"", ""H"", ""H"", ""H"", ""H"", ""H"", ""H"", ""H"", ""C"", ""C"", ""N"", ""C"", ""H"", ""H"", ""H"", ""H"", ""H"", ""H"", ""H"", ""C"", ""C"", ""N"", ""C"", ""H"", ""H"", ""H"", ""H"", ""H"", ""H"", ""H"", ""C"", ""C"", ""N"", ""C"", ""H"", ""H"", ""H"", ""H"", ""H"", ""H"", ""H"", ""C"", ""C"", ""N"", ""C"", ""H"", ""H"", ""H"", ""H"", ""H"", ""H"", ""H""]",C24H56N8,"[true, true, true]","[5.123774554499739, 0.0, 0.0, 0.0, 20.025299990925504, 0.0, -2.3425901340815054, 0.0, 18.95207918408704]",1944.5804070658774,[],"{""cutoff=6.000_skin=0.000"": 3624, ""cutoff=6.000_skin=0.500"": 4472}",0.0,,
OPT-RF-U256-XATMOV88-R256-v1,f76be7fea227482e0d2e5078d97994299bbc9dfbe0681fde37169ce8641b13b1,OPT-RF-U256-XATMOV88-R256-v1:0113,XATMOV_C2_14_4663_z2_22,424771280c145980f1c57b168047b0daa511a207bbb38ec258973ba1c188e23d,113,cross_family_test_set,XATMOV/structures/XATMOV_C2_14_4663_z2_22.cif,f87215222bed8e693936ae7868ccbc981705df50390d3ab72b218a929dcd1793,424771280c145980f1c57b168047b0daa511a207bbb38ec258973ba1c188e23d,0,88,"[""C"", ""C"", ""N"", ""C"", ""H"", ""H"", ""H"", ""H"", ""H"", ""H"", ""H"", ""C"", ""C"", ""N"", ""C"", ""H"", ""H"", ""H"", ""H"", ""H"", ""H"", ""H"", ""C"", ""C"", ""N"", ""C"", ""H"", ""H"", ""H"", ""H"", ""H"", ""H"", ""H"", ""C"", ""C"", ""N"", ""C"", ""H"", ""H"", ""H"", ""H"", ""H"", ""H"", ""H"", ""C"", ""C"", ""N"", ""C"", ""H"", ""H"", ""H"", ""H"", ""H"", ""H"", ""H"", ""C"", ""C"", ""N"", ""C"", ""H"", ""H"", ""H"", ""H"", ""H"", ""H"", ""H"", ""C"", ""C"", ""N"", ""C"", ""H"", ""H"", ""H"", ""H"", ""H"", ""H"", ""H"", ""C"", ""C"", ""N"", ""C"", ""H"", ""H"", ""H"", ""H"", ""H"", ""H"", ""H""]",C24H56N8,"[true, true, true]","[5.977330711982319, 0.0, 0.0, 0.0, 17.8033437514039, 0.0, 4.3002035156727905, 0.0, 18.03819649242521]",1919.5612568818342,[],"{""cutoff=6.000_skin=0.000"": 3644, ""cutoff=6.000_skin=0.500"": 4612}",0.0,,
OPT-RF-U256-XATMOV88-R256-v1,f76be7fea227482e0d2e5078d97994299bbc9dfbe0681fde37169ce8641b13b1,OPT-RF-U256-XATMOV88-R256-v1:0114,XATMOV_C2_14_2715_z2_22,082fa700c6a1727eed69ecb8202fc8c2508f8a0b55825432e080288628265922,114,cross_family_test_set,XATMOV/structures/XATMOV_C2_14_2715_z2_22.cif,9d82f6f122ea7bb51c1ba1f6ce006abd5c783ad80e46eafc0afc9aa920d1b671,082fa700c6a1727eed69ecb8202fc8c2508f8a0b55825432e080288628265922,0,88,"[""C"", ""C"", ""N"", ""C"", ""H"", ""H"", ""H"", ""H"", ""H"", ""H"", ""H"", ""C"", ""C"", ""N"", ""C"", ""H"", ""H"", ""H"", ""H"", ""H"", ""H"", ""H"", ""C"", ""C"", ""N"", ""C"", ""H"", ""H"", ""H"", ""H"", ""H"", ""H"", ""H"", ""C"", ""C"", ""N"", ""C"", ""H"", ""H"", ""H"", ""H"", ""H"", ""H"", ""H"", ""C"", ""C"", ""N"", ""C"", ""H"", ""H"", ""H"", ""H"", ""H"", ""H"", ""H"", ""C"", ""C"", ""N"", ""C"", ""H"", ""H"", ""H"", ""H"", ""H"", ""H"", ""H"", ""C"", ""C"", ""N"", ""C"", ""H"", ""H"", ""H"", ""H"", ""H"", ""H"", ""H"", ""C"", ""C"", ""N"", ""C"", ""H"", ""H"", ""H"", ""H"", ""H"", ""H"", ""H""]",C24H56N8,"[true, true, true]","[12.664388626788309, 0.0, 0.0, 0.0, 12.356327710796506, 0.0, 6.2178840969517415, 0.0, 11.341111852349409]",1774.7177002969333,[],"{""cutoff=6.000_skin=0.000"": 3648, ""cutoff=6.000_skin=0.500"": 4660}",0.0,,
OPT-RF-U256-XATMOV88-R256-v1,f76be7fea227482e0d2e5078d97994299bbc9dfbe0681fde37169ce8641b13b1,OPT-RF-U256-XATMOV88-R256-v1:0115,XATMOV_C1_14_5382_z2_22,472b2b26d2da3158cd77540984a2e468b456dbc24f3553a5d6132602ecf5a093,115,cross_family_test_set,XATMOV/structures/XATMOV_C1_14_5382_z2_22.cif,de9c2af7fa080670a465caa7ce065aca77ee6560d663da68174a14cd425012cc,472b2b26d2da3158cd77540984a2e468b456dbc24f3553a5d6132602ecf5a093,0,88,"[""C"", ""C"", ""N"", ""C"", ""H"", ""H"", ""H"", ""H"", ""H"", ""H"", ""H"", ""C"", ""C"", ""N"", ""C"", ""H"", ""H"", ""H"", ""H"", ""H"", ""H"", ""H"", ""C"", ""C"", ""N"", ""C"", ""H"", ""H"", ""H"", ""H"", ""H"", ""H"", ""H"", ""C"", ""C"", ""N"", ""C"", ""H"", ""H"", ""H"", ""H"", ""H"", ""H"", ""H"", ""C"", ""C"", ""N"", ""C"", ""H"", ""H"", ""H"", ""H"", ""H"", ""H"", ""H"", ""C"", ""C"", ""N"", ""C"", ""H"", ""H"", ""H"", ""H"", ""H"", ""H"", ""H"", ""C"", ""C"", ""N"", ""C"", ""H"", ""H"", ""H"", ""H"", ""H"", ""H"", ""H"", ""C"", ""C"", ""N"", ""C"", ""H"", ""H"", ""H"", ""H"", ""H"", ""H"", ""H""]",C24H56N8,"[true, true, true]","[10.491225630269719, 0.0, 0.0, 0.0, 14.277661658701874, 0.0, -7.869693970637749, 0.0, 11.43899816253487]",1713.4494786418688,[],"{""cutoff=6.000_skin=0.000"": 3652, ""cutoff=6.000_skin=0.500"": 4936}",0.0,,
OPT-RF-U256-XATMOV88-R256-v1,f76be7fea227482e0d2e5078d97994299bbc9dfbe0681fde37169ce8641b13b1,OPT-RF-U256-XATMOV88-R256-v1:0116,XATMOV_C1_14_1484_z2_22,1b4ee351f207852a1d95e2ed2d7b88da6ba9288c92c4573788c2beb960e1af7c,116,cross_family_test_set,XATMOV/structures/XATMOV_C1_14_1484_z2_22.cif,08da9c3b1d49b804a8f3baa7b077ae2a941f6eeedaf387b3d0d49eca2634832d,1b4ee351f207852a1d95e2ed2d7b88da6ba9288c92c4573788c2beb960e1af7c,0,88,"[""C"", ""C"", ""N"", ""C"", ""H"", ""H"", ""H"", ""H"", ""H"", ""H"", ""H"", ""C"", ""C"", ""N"", ""C"", ""H"", ""H"", ""H"", ""H"", ""H"", ""H"", ""H"", ""C"", ""C"", ""N"", ""C"", ""H"", ""H"", ""H"", ""H"", ""H"", ""H"", ""H"", ""C"", ""C"", ""N"", ""C"", ""H"", ""H"", ""H"", ""H"", ""H"", ""H"", ""H"", ""C"", ""C"", ""N"", ""C"", ""H"", ""H"", ""H"", ""H"", ""H"", ""H"", ""H"", ""C"", ""C"", ""N"", ""C"", ""H"", ""H"", ""H"", ""H"", ""H"", ""H"", ""H"", ""C"", ""C"", ""N"", ""C"", ""H"", ""H"", ""H"", ""H"", ""H"", ""H"", ""H"", ""C"", ""C"", ""N"", ""C"", ""H"", ""H"", ""H"", ""H"", ""H"", ""H"", ""H""]",C24H56N8,"[true, true, true]","[9.838330464258249, 0.0, 0.0, 0.0, 20.077810880826192, 0.0, -4.157890760125287, 0.0, 9.679368147113873]",1911.9862888904788,[],"{""cutoff=6.000_skin=0.000"": 3660, ""cutoff=6.000_skin=0.500"": 4488}",0.0,,
OPT-RF-U256-XATMOV88-R256-v1,f76be7fea227482e0d2e5078d97994299bbc9dfbe0681fde37169ce8641b13b1,OPT-RF-U256-XATMOV88-R256-v1:0117,XATMOV_C1_14_2065_z2_22,9d46b319dff8126972a0d274e64ac937c6dffd3d639f3946995e4b81b4a94b37,117,cross_family_test_set,XATMOV/structures/XATMOV_C1_14_2065_z2_22.cif,3eb317c89a62319a5e1352107554df33f4e92edf263bcfad46adeedaffc72207,9d46b319dff8126972a0d274e64ac937c6dffd3d639f3946995e4b81b4a94b37,0,88,"[""C"", ""C"", ""N"", ""C"", ""H"", ""H"", ""H"", ""H"", ""H"", ""H"", ""H"", ""C"", ""C"", ""N"", ""C"", ""H"", ""H"", ""H"", ""H"", ""H"", ""H"", ""H"", ""C"", ""C"", ""N"", ""C"", ""H"", ""H"", ""H"", ""H"", ""H"", ""H"", ""H"", ""C"", ""C"", ""N"", ""C"", ""H"", ""H"", ""H"", ""H"", ""H"", ""H"", ""H"", ""C"", ""C"", ""N"", ""C"", ""H"", ""H"", ""H"", ""H"", ""H"", ""H"", ""H"", ""C"", ""C"", ""N"", ""C"", ""H"", ""H"", ""H"", ""H"", ""H"", ""H"", ""H"", ""C"", ""C"", ""N"", ""C"", ""H"", ""H"", ""H"", ""H"", ""H"", ""H"", ""H"", ""C"", ""C"", ""N"", ""C"", ""H"", ""H"", ""H"", ""H"", ""H"", ""H"", ""H""]",C24H56N8,"[true, true, true]","[7.782774936207247, 0.0, 0.0, 0.0, 16.54638076430674, 0.0, -11.051901286995026, 0.0, 12.976652805613757]",1671.0912714763242,[],"{""cutoff=6.000_skin=0.000"": 3704, ""cutoff=6.000_skin=0.500"": 4984}",0.0,,
OPT-RF-U256-XATMOV88-R256-v1,f76be7fea227482e0d2e5078d97994299bbc9dfbe0681fde37169ce8641b13b1,OPT-RF-U256-XATMOV88-R256-v1:0118,XATMOV_C1_14_4177_z2_22,2afb8b407b2c02f1389f3b3ca7fcc146b0ff8ca48662efae137ab34b0e1b401e,118,cross_family_test_set,XATMOV/structures/XATMOV_C1_14_4177_z2_22.cif,f81a7395254e28090f3176d1f3438233edfed4eaa75f5c3ba8cd5b8c82901df0,2afb8b407b2c02f1389f3b3ca7fcc146b0ff8ca48662efae137ab34b0e1b401e,0,88,"[""C"", ""C"", ""N"", ""C"", ""H"", ""H"", ""H"", ""H"", ""H"", ""H"", ""H"", ""C"", ""C"", ""N"", ""C"", ""H"", ""H"", ""H"", ""H"", ""H"", ""H"", ""H"", ""C"", ""C"", ""N"", ""C"", ""H"", ""H"", ""H"", ""H"", ""H"", ""H"", ""H"", ""C"", ""C"", ""N"", ""C"", ""H"", ""H"", ""H"", ""H"", ""H"", ""H"", ""H"", ""C"", ""C"", ""N"", ""C"", ""H"", ""H"", ""H"", ""H"", ""H"", ""H"", ""H"", ""C"", ""C"", ""N"", ""C"", ""H"", ""H"", ""H"", ""H"", ""H"", ""H"", ""H"", ""C"", ""C"", ""N"", ""C"", ""H"", ""H"", ""H"", ""H"", ""H"", ""H"", ""H"", ""C"", ""C"", ""N"", ""C"", ""H"", ""H"", ""H"", ""H"", ""H"", ""H"", ""H""]",C24H56N8,"[true, true, true]","[11.902031483716904, 0.0, 0.0, 0.0, 11.25541241483706, 0.0, -4.146760272914906, 0.0, 13.387306854279915]",1793.3940545251462,[],"{""cutoff=6.000_skin=0.000"": 3708, ""cutoff=6.000_skin=0.500"": 4636}",0.0,,
OPT-RF-U256-XATMOV88-R256-v1,f76be7fea227482e0d2e5078d97994299bbc9dfbe0681fde37169ce8641b13b1,OPT-RF-U256-XATMOV88-R256-v1:0119,XATMOV_C1_14_5908_z2_22,a7e19fafcfe940859b4dec66e4bfb537124f7500aa4bf27e719035619b6eb5dd,119,cross_family_test_set,XATMOV/structures/XATMOV_C1_14_5908_z2_22.cif,8bf3fb2e70ae28559eecfd7762b5a063e5969bf626c25b47198c8a69e95139d3,a7e19fafcfe940859b4dec66e4bfb537124f7500aa4bf27e719035619b6eb5dd,0,88,"[""C"", ""C"", ""N"", ""C"", ""H"", ""H"", ""H"", ""H"", ""H"", ""H"", ""H"", ""C"", ""C"", ""N"", ""C"", ""H"", ""H"", ""H"", ""H"", ""H"", ""H"", ""H"", ""C"", ""C"", ""N"", ""C"", ""H"", ""H"", ""H"", ""H"", ""H"", ""H"", ""H"", ""C"", ""C"", ""N"", ""C"", ""H"", ""H"", ""H"", ""H"", ""H"", ""H"", ""H"", ""C"", ""C"", ""N"", ""C"", ""H"", ""H"", ""H"", ""H"", ""H"", ""H"", ""H"", ""C"", ""C"", ""N"", ""C"", ""H"", ""H"", ""H"", ""H"", ""H"", ""H"", ""H"", ""C"", ""C"", ""N"", ""C"", ""H"", ""H"", ""H"", ""H"", ""H"", ""H"", ""H"", ""C"", ""C"", ""N"", ""C"", ""H"", ""H"", ""H"", ""H"", ""H"", ""H"", ""H""]",C24H56N8,"[true, true, true]","[11.314447615405669, 0.0, 0.0, 0.0, 12.673712898686837, 0.0, -0.3386314592769918, 0.0, 11.90245365637677]",1706.7649668088163,[],"{""cutoff=6.000_skin=0.000"": 3716, ""cutoff=6.000_skin=0.500"": 5028}",0.0,,
OPT-RF-U256-XATMOV88-R256-v1,f76be7fea227482e0d2e5078d97994299bbc9dfbe0681fde37169ce8641b13b1,OPT-RF-U256-XATMOV88-R256-v1:0120,XATMOV_C2_14_1412_z2_22,cceda79cb1f2918a9c6f70a71ab7f9e232b1ea87d333ee6d3decbfdcead0ad2f,120,cross_family_test_set,XATMOV/structures/XATMOV_C2_14_1412_z2_22.cif,f7a5daf181b7adc71ebd41b7a5d7235d7a70bee724e89fd1f012a20f0c26a4e5,cceda79cb1f2918a9c6f70a71ab7f9e232b1ea87d333ee6d3decbfdcead0ad2f,0,88,"[""C"", ""C"", ""N"", ""C"", ""H"", ""H"", ""H"", ""H"", ""H"", ""H"", ""H"", ""C"", ""C"", ""N"", ""C"", ""H"", ""H"", ""H"", ""H"", ""H"", ""H"", ""H"", ""C"", ""C"", ""N"", ""C"", ""H"", ""H"", ""H"", ""H"", ""H"", ""H"", ""H"", ""C"", ""C"", ""N"", ""C"", ""H"", ""H"", ""H"", ""H"", ""H"", ""H"", ""H"", ""C"", ""C"", ""N"", ""C"", ""H"", ""H"", ""H"", ""H"", ""H"", ""H"", ""H"", ""C"", ""C"", ""N"", ""C"", ""H"", ""H"", ""H"", ""H"", ""H"", ""H"", ""H"", ""C"", ""C"", ""N"", ""C"", ""H"", ""H"", ""H"", ""H"", ""H"", ""H"", ""H"", ""C"", ""C"", ""N"", ""C"", ""H"", ""H"", ""H"", ""H"", ""H"", ""H"", ""H""]",C24H56N8,"[true, true, true]","[20.322678831603845, 0.0, 0.0, 0.0, 8.817568356005339, 0.0, 4.029459972450738, 0.0, 9.569023768254537]",1714.7366181257871,[],"{""cutoff=6.000_skin=0.000"": 3732, ""cutoff=6.000_skin=0.500"": 4900}",0.0,,
OPT-RF-U256-XATMOV88-R256-v1,f76be7fea227482e0d2e5078d97994299bbc9dfbe0681fde37169ce8641b13b1,OPT-RF-U256-XATMOV88-R256-v1:0121,XATMOV_C2_14_365_z2_22,7b769e566695a2d72157eddf6252c0832cbf34cc46ba541ae900a46420ec6543,121,cross_family_test_set,XATMOV/structures/XATMOV_C2_14_365_z2_22.cif,849b9c3d803480f74d0464b5f66a4722b866dfb439d17f4227485826ebddc8a6,7b769e566695a2d72157eddf6252c0832cbf34cc46ba541ae900a46420ec6543,0,88,"[""C"", ""C"", ""N"", ""C"", ""H"", ""H"", ""H"", ""H"", ""H"", ""H"", ""H"", ""C"", ""C"", ""N"", ""C"", ""H"", ""H"", ""H"", ""H"", ""H"", ""H"", ""H"", ""C"", ""C"", ""N"", ""C"", ""H"", ""H"", ""H"", ""H"", ""H"", ""H"", ""H"", ""C"", ""C"", ""N"", ""C"", ""H"", ""H"", ""H"", ""H"", ""H"", ""H"", ""H"", ""C"", ""C"", ""N"", ""C"", ""H"", ""H"", ""H"", ""H"", ""H"", ""H"", ""H"", ""C"", ""C"", ""N"", ""C"", ""H"", ""H"", ""H"", ""H"", ""H"", ""H"", ""H"", ""C"", ""C"", ""N"", ""C"", ""H"", ""H"", ""H"", ""H"", ""H"", ""H"", ""H"", ""C"", ""C"", ""N"", ""C"", ""H"", ""H"", ""H"", ""H"", ""H"", ""H"", ""H""]",C24H56N8,"[true, true, true]","[18.032466239583588, 0.0, 0.0, 0.0, 5.604256038925847, 0.0, 1.7991933215592495, 0.0, 17.40006595222708]",1758.4255711034364,[],"{""cutoff=6.000_skin=0.000"": 3756, ""cutoff=6.000_skin=0.500"": 4764}",0.0,,
OPT-RF-U256-XATMOV88-R256-v1,f76be7fea227482e0d2e5078d97994299bbc9dfbe0681fde37169ce8641b13b1,OPT-RF-U256-XATMOV88-R256-v1:0122,XATMOV_C1_14_6178_z2_22,79519336a3254fb8c3f130a32809933e9cf61a198806ed8f0e78792e5443b17b,122,cross_family_test_set,XATMOV/structures/XATMOV_C1_14_6178_z2_22.cif,5cae9fa6d6fd53dfc9f6f4488f06719f7c099571c8138287fafd50b8c7cd9cdd,79519336a3254fb8c3f130a32809933e9cf61a198806ed8f0e78792e5443b17b,0,88,"[""C"", ""C"", ""N"", ""C"", ""H"", ""H"", ""H"", ""H"", ""H"", ""H"", ""H"", ""C"", ""C"", ""N"", ""C"", ""H"", ""H"", ""H"", ""H"", ""H"", ""H"", ""H"", ""C"", ""C"", ""N"", ""C"", ""H"", ""H"", ""H"", ""H"", ""H"", ""H"", ""H"", ""C"", ""C"", ""N"", ""C"", ""H"", ""H"", ""H"", ""H"", ""H"", ""H"", ""H"", ""C"", ""C"", ""N"", ""C"", ""H"", ""H"", ""H"", ""H"", ""H"", ""H"", ""H"", ""C"", ""C"", ""N"", ""C"", ""H"", ""H"", ""H"", ""H"", ""H"", ""H"", ""H"", ""C"", ""C"", ""N"", ""C"", ""H"", ""H"", ""H"", ""H"", ""H"", ""H"", ""H"", ""C"", ""C"", ""N"", ""C"", ""H"", ""H"", ""H"", ""H"", ""H"", ""H"", ""H""]",C24H56N8,"[true, true, true]","[16.94225948814904, 0.0, 0.0, 0.0, 17.709795538729082, 0.0, -2.351006467392396, 0.0, 5.8313442624918785]",1749.6595750703239,[],"{""cutoff=6.000_skin=0.000"": 3768, ""cutoff=6.000_skin=0.500"": 4956}",0.0,,
OPT-RF-U256-XATMOV88-R256-v1,f76be7fea227482e0d2e5078d97994299bbc9dfbe0681fde37169ce8641b13b1,OPT-RF-U256-XATMOV88-R256-v1:0123,XATMOV_C2_14_2836_z2_22,f1bc9b52b677f50c40f38ec4992415dea836bc0bca2f21a9f07fe129ae8c0847,123,cross_family_test_set,XATMOV/structures/XATMOV_C2_14_2836_z2_22.cif,db3cc3511b24c6576f47be1007e6f58de649748515157d7c98395b7f218c0f28,f1bc9b52b677f50c40f38ec4992415dea836bc0bca2f21a9f07fe129ae8c0847,0,88,"[""C"", ""C"", ""N"", ""C"", ""H"", ""H"", ""H"", ""H"", ""H"", ""H"", ""H"", ""C"", ""C"", ""N"", ""C"", ""H"", ""H"", ""H"", ""H"", ""H"", ""H"", ""H"", ""C"", ""C"", ""N"", ""C"", ""H"", ""H"", ""H"", ""H"", ""H"", ""H"", ""H"", ""C"", ""C"", ""N"", ""C"", ""H"", ""H"", ""H"", ""H"", ""H"", ""H"", ""H"", ""C"", ""C"", ""N"", ""C"", ""H"", ""H"", ""H"", ""H"", ""H"", ""H"", ""H"", ""C"", ""C"", ""N"", ""C"", ""H"", ""H"", ""H"", ""H"", ""H"", ""H"", ""H"", ""C"", ""C"", ""N"", ""C"", ""H"", ""H"", ""H"", ""H"", ""H"", ""H"", ""H"", ""C"", ""C"", ""N"", ""C"", ""H"", ""H"", ""H"", ""H"", ""H"", ""H"", ""H""]",C24H56N8,"[true, true, true]","[11.822681850855702, 0.0, 0.0, 0.0, 12.10411280979519, 0.0, 4.770287577307961, 0.0, 11.899098780846805]",1702.7976233292757,[],"{""cutoff=6.000_skin=0.000"": 3792, ""cutoff=6.000_skin=0.500"": 4952}",0.0,,
OPT-RF-U256-XATMOV88-R256-v1,f76be7fea227482e0d2e5078d97994299bbc9dfbe0681fde37169ce8641b13b1,OPT-RF-U256-XATMOV88-R256-v1:0124,XATMOV_C2_14_3292_z2_22,7a8bdd25ad57c657794cd77e20063ad789a1db7820707dda4954e54b59f372e4,124,cross_family_test_set,XATMOV/structures/XATMOV_C2_14_3292_z2_22.cif,068d9c481c6d9e445d40660c6bfc4ef2528d7acf60f17c12b35a1d3c3aff90d1,7a8bdd25ad57c657794cd77e20063ad789a1db7820707dda4954e54b59f372e4,0,88,"[""C"", ""C"", ""N"", ""C"", ""H"", ""H"", ""H"", ""H"", ""H"", ""H"", ""H"", ""C"", ""C"", ""N"", ""C"", ""H"", ""H"", ""H"", ""H"", ""H"", ""H"", ""H"", ""C"", ""C"", ""N"", ""C"", ""H"", ""H"", ""H"", ""H"", ""H"", ""H"", ""H"", ""C"", ""C"", ""N"", ""C"", ""H"", ""H"", ""H"", ""H"", ""H"", ""H"", ""H"", ""C"", ""C"", ""N"", ""C"", ""H"", ""H"", ""H"", ""H"", ""H"", ""H"", ""H"", ""C"", ""C"", ""N"", ""C"", ""H"", ""H"", ""H"", ""H"", ""H"", ""H"", ""H"", ""C"", ""C"", ""N"", ""C"", ""H"", ""H"", ""H"", ""H"", ""H"", ""H"", ""H"", ""C"", ""C"", ""N"", ""C"", ""H"", ""H"", ""H"", ""H"", ""H"", ""H"", ""H""]",C24H56N8,"[true, true, true]","[14.005566566171098, 0.0, 0.0, 0.0, 13.603341850327723, 0.0, 4.10650925816481, 0.0, 8.92571375793924]",1700.5493869827585,[],"{""cutoff=6.000_skin=0.000"": 3796, ""cutoff=6.000_skin=0.500"": 4932}",0.0,,
OPT-RF-U256-XATMOV88-R256-v1,f76be7fea227482e0d2e5078d97994299bbc9dfbe0681fde37169ce8641b13b1,OPT-RF-U256-XATMOV88-R256-v1:0125,XATMOV_C2_14_3668_z2_22,5b33812592a7a6ff4719b8f4dd82cb4a809cdddfc0e4781d3f3cde81f62421c2,125,cross_family_test_set,XATMOV/structures/XATMOV_C2_14_3668_z2_22.cif,f7d754057870c28af992608e8b7c9f2b067cda5ab990f3ca550892abd4036a08,5b33812592a7a6ff4719b8f4dd82cb4a809cdddfc0e4781d3f3cde81f62421c2,0,88,"[""C"", ""C"", ""N"", ""C"", ""H"", ""H"", ""H"", ""H"", ""H"", ""H"", ""H"", ""C"", ""C"", ""N"", ""C"", ""H"", ""H"", ""H"", ""H"", ""H"", ""H"", ""H"", ""C"", ""C"", ""N"", ""C"", ""H"", ""H"", ""H"", ""H"", ""H"", ""H"", ""H"", ""C"", ""C"", ""N"", ""C"", ""H"", ""H"", ""H"", ""H"", ""H"", ""H"", ""H"", ""C"", ""C"", ""N"", ""C"", ""H"", ""H"", ""H"", ""H"", ""H"", ""H"", ""H"", ""C"", ""C"", ""N"", ""C"", ""H"", ""H"", ""H"", ""H"", ""H"", ""H"", ""H"", ""C"", ""C"", ""N"", ""C"", ""H"", ""H"", ""H"", ""H"", ""H"", ""H"", ""H"", ""C"", ""C"", ""N"", ""C"", ""H"", ""H"", ""H"", ""H"", ""H"", ""H"", ""H""]",C24H56N8,"[true, true, true]","[11.52578071868425, 0.0, 0.0, 0.0, 11.448246005815353, 0.0, -8.801056436812347, 0.0, 12.538819870155727]",1654.4969442791405,[],"{""cutoff=6.000_skin=0.000"": 3796, ""cutoff=6.000_skin=0.500"": 5016}",0.0,,
OPT-RF-U256-XATMOV88-R256-v1,f76be7fea227482e0d2e5078d97994299bbc9dfbe0681fde37169ce8641b13b1,OPT-RF-U256-XATMOV88-R256-v1:0126,XATMOV_C1_14_2206_z2_22,be78b4733203559fd8dd5b5bf8a8225cf6e9635c6e35e8335c0233d4774e423d,126,cross_family_test_set,XATMOV/structures/XATMOV_C1_14_2206_z2_22.cif,0011a007a492b6902413c3f7c1a91397e035916d56d18adc4123272c00fd66d5,be78b4733203559fd8dd5b5bf8a8225cf6e9635c6e35e8335c0233d4774e423d,0,88,"[""C"", ""C"", ""N"", ""C"", ""H"", ""H"", ""H"", ""H"", ""H"", ""H"", ""H"", ""C"", ""C"", ""N"", ""C"", ""H"", ""H"", ""H"", ""H"", ""H"", ""H"", ""H"", ""C"", ""C"", ""N"", ""C"", ""H"", ""H"", ""H"", ""H"", ""H"", ""H"", ""H"", ""C"", ""C"", ""N"", ""C"", ""H"", ""H"", ""H"", ""H"", ""H"", ""H"", ""H"", ""C"", ""C"", ""N"", ""C"", ""H"", ""H"", ""H"", ""H"", ""H"", ""H"", ""H"", ""C"", ""C"", ""N"", ""C"", ""H"", ""H"", ""H"", ""H"", ""H"", ""H"", ""H"", ""C"", ""C"", ""N"", ""C"", ""H"", ""H"", ""H"", ""H"", ""H"", ""H"", ""H"", ""C"", ""C"", ""N"", ""C"", ""H"", ""H"", ""H"", ""H"", ""H"", ""H"", ""H""]",C24H56N8,"[true, true, true]","[13.234471474932391, 0.0, 0.0, 0.0, 13.174143008375253, 0.0, 9.845246087091132, 0.0, 10.708169722859848]",1866.9995866239544,[],"{""cutoff=6.000_skin=0.000"": 3824, ""cutoff=6.000_skin=0.500"": 4712}",0.0,,
OPT-RF-U256-XATMOV88-R256-v1,f76be7fea227482e0d2e5078d97994299bbc9dfbe0681fde37169ce8641b13b1,OPT-RF-U256-XATMOV88-R256-v1:0127,XATMOV_C2_14_4231_z2_22,6c3102ab325fa8f5f0a0180f46fb44027966ac00786c2229a00403518cd4e910,127,cross_family_test_set,XATMOV/structures/XATMOV_C2_14_4231_z2_22.cif,95baec8a1ce2013d1896c428c9b3375bd87057ee96636675c21fc32fe68635a1,6c3102ab325fa8f5f0a0180f46fb44027966ac00786c2229a00403518cd4e910,0,88,"[""C"", ""C"", ""N"", ""C"", ""H"", ""H"", ""H"", ""H"", ""H"", ""H"", ""H"", ""C"", ""C"", ""N"", ""C"", ""H"", ""H"", ""H"", ""H"", ""H"", ""H"", ""H"", ""C"", ""C"", ""N"", ""C"", ""H"", ""H"", ""H"", ""H"", ""H"", ""H"", ""H"", ""C"", ""C"", ""N"", ""C"", ""H"", ""H"", ""H"", ""H"", ""H"", ""H"", ""H"", ""C"", ""C"", ""N"", ""C"", ""H"", ""H"", ""H"", ""H"", ""H"", ""H"", ""H"", ""C"", ""C"", ""N"", ""C"", ""H"", ""H"", ""H"", ""H"", ""H"", ""H"", ""H"", ""C"", ""C"", ""N"", ""C"", ""H"", ""H"", ""H"", ""H"", ""H"", ""H"", ""H"", ""C"", ""C"", ""N"", ""C"", ""H"", ""H"", ""H"", ""H"", ""H"", ""H"", ""H""]",C24H56N8,"[true, true, true]","[5.853524557367582, 0.0, 0.0, 0.0, 18.31666171315632, 0.0, 2.1469215041309444, 0.0, 17.11207358701635]",1834.7056925439722,[],"{""cutoff=6.000_skin=0.000"": 3836, ""cutoff=6.000_skin=0.500"": 4728}",0.0,,
OPT-RF-U256-XATMOV88-R256-v1,f76be7fea227482e0d2e5078d97994299bbc9dfbe0681fde37169ce8641b13b1,OPT-RF-U256-XATMOV88-R256-v1:0128,XATMOV_C2_14_6977_z2_22,b2b770a1b0540f7abdebf0fd513aecb9c5bb3ede96f2a135ab624d355f7a9983,128,cross_family_test_set,XATMOV/structures/XATMOV_C2_14_6977_z2_22.cif,026291eb23a191f207778d1b8b647f09c41c9caa19c1bdefb5e39a8bb28119dd,b2b770a1b0540f7abdebf0fd513aecb9c5bb3ede96f2a135ab624d355f7a9983,0,88,"[""C"", ""C"", ""N"", ""C"", ""H"", ""H"", ""H"", ""H"", ""H"", ""H"", ""H"", ""C"", ""C"", ""N"", ""C"", ""H"", ""H"", ""H"", ""H"", ""H"", ""H"", ""H"", ""C"", ""C"", ""N"", ""C"", ""H"", ""H"", ""H"", ""H"", ""H"", ""H"", ""H"", ""C"", ""C"", ""N"", ""C"", ""H"", ""H"", ""H"", ""H"", ""H"", ""H"", ""H"", ""C"", ""C"", ""N"", ""C"", ""H"", ""H"", ""H"", ""H"", ""H"", ""H"", ""H"", ""C"", ""C"", ""N"", ""C"", ""H"", ""H"", ""H"", ""H"", ""H"", ""H"", ""H"", ""C"", ""C"", ""N"", ""C"", ""H"", ""H"", ""H"", ""H"", ""H"", ""H"", ""H"", ""C"", ""C"", ""N"", ""C"", ""H"", ""H"", ""H"", ""H"", ""H"", ""H"", ""H""]",C24H56N8,"[true, true, true]","[15.51781886580427, 0.0, 0.0, 0.0, 12.746343848769097, 0.0, -4.218393632932857, 0.0, 9.174852851399848]",1814.7441947269183,[],"{""cutoff=6.000_skin=0.000"": 3836, ""cutoff=6.000_skin=0.500"": 4888}",0.0,,
OPT-RF-U256-XATMOV88-R256-v1,f76be7fea227482e0d2e5078d97994299bbc9dfbe0681fde37169ce8641b13b1,OPT-RF-U256-XATMOV88-R256-v1:0129,XATMOV_C2_14_687_z2_22,993a04e72b98b8721d7aba07dfb6e72a199cc0b0d7fa0dc68a703be5d206bed7,129,cross_family_test_set,XATMOV/structures/XATMOV_C2_14_687_z2_22.cif,d1ada3d09c6ac8d20e7cd4ee6fd89e473a9e7e81b685ce662269b4dbd7cbddd9,993a04e72b98b8721d7aba07dfb6e72a199cc0b0d7fa0dc68a703be5d206bed7,0,88,"[""C"", ""C"", ""N"", ""C"", ""H"", ""H"", ""H"", ""H"", ""H"", ""H"", ""H"", ""C"", ""C"", ""N"", ""C"", ""H"", ""H"", ""H"", ""H"", ""H"", ""H"", ""H"", ""C"", ""C"", ""N"", ""C"", ""H"", ""H"", ""H"", ""H"", ""H"", ""H"", ""H"", ""C"", ""C"", ""N"", ""C"", ""H"", ""H"", ""H"", ""H"", ""H"", ""H"", ""H"", ""C"", ""C"", ""N"", ""C"", ""H"", ""H"", ""H"", ""H"", ""H"", ""H"", ""H"", ""C"", ""C"", ""N"", ""C"", ""H"", ""H"", ""H"", ""H"", ""H"", ""H"", ""H"", ""C"", ""C"", ""N"", ""C"", ""H"", ""H"", ""H"", ""H"", ""H"", ""H"", ""H"", ""C"", ""C"", ""N"", ""C"", ""H"", ""H"", ""H"", ""H"", ""H"", ""H"", ""H""]",C24H56N8,"[true, true, true]","[13.877922098509941, 0.0, 0.0, 0.0, 14.468483956564103, 0.0, 1.5260968711519711, 0.0, 9.645769478594858]",1936.7981027553024,[],"{""cutoff=6.000_skin=0.000"": 3852, ""cutoff=6.000_skin=0.500"": 5028}",0.0,,
OPT-RF-U256-XATMOV88-R256-v1,f76be7fea227482e0d2e5078d97994299bbc9dfbe0681fde37169ce8641b13b1,OPT-RF-U256-XATMOV88-R256-v1:0130,XATMOV_C2_14_7279_z2_22,ee8c986d017366c0b683d1d231f4c6dfd8835bb192c24a05a08ee5ce586dc205,130,cross_family_test_set,XATMOV/structures/XATMOV_C2_14_7279_z2_22.cif,8c6ab4250ce6741ece94ac450955a9eccf5365e6308007d4a2201790941452de,ee8c986d017366c0b683d1d231f4c6dfd8835bb192c24a05a08ee5ce586dc205,0,88,"[""C"", ""C"", ""N"", ""C"", ""H"", ""H"", ""H"", ""H"", ""H"", ""H"", ""H"", ""C"", ""C"", ""N"", ""C"", ""H"", ""H"", ""H"", ""H"", ""H"", ""H"", ""H"", ""C"", ""C"", ""N"", ""C"", ""H"", ""H"", ""H"", ""H"", ""H"", ""H"", ""H"", ""C"", ""C"", ""N"", ""C"", ""H"", ""H"", ""H"", ""H"", ""H"", ""H"", ""H"", ""C"", ""C"", ""N"", ""C"", ""H"", ""H"", ""H"", ""H"", ""H"", ""H"", ""H"", ""C"", ""C"", ""N"", ""C"", ""H"", ""H"", ""H"", ""H"", ""H"", ""H"", ""H"", ""C"", ""C"", ""N"", ""C"", ""H"", ""H"", ""H"", ""H"", ""H"", ""H"", ""H"", ""C"", ""C"", ""N"", ""C"", ""H"", ""H"", ""H"", ""H"", ""H"", ""H"", ""H""]",C24H56N8,"[true, true, true]","[12.339310357999722, 0.0, 0.0, 0.0, 12.337316807388909, 0.0, 3.57597894608207, 0.0, 10.894726224574796]",1658.5475458493295,[],"{""cutoff=6.000_skin=0.000"": 3852, ""cutoff=6.000_skin=0.500"": 5080}",0.0,,
OPT-RF-U256-XATMOV88-R256-v1,f76be7fea227482e0d2e5078d97994299bbc9dfbe0681fde37169ce8641b13b1,OPT-RF-U256-XATMOV88-R256-v1:0131,XATMOV_C2_14_2077_z2_22,5a9bd719581546bf9442a382ebdce091875c58830579ceecf76c268f9ad219cd,131,cross_family_test_set,XATMOV/structures/XATMOV_C2_14_2077_z2_22.cif,9d170065f4681c5215b3ec88a2f13a55ad9cb23c9347adf767c48b3263f9cae3,5a9bd719581546bf9442a382ebdce091875c58830579ceecf76c268f9ad219cd,0,88,"[""C"", ""C"", ""N"", ""C"", ""H"", ""H"", ""H"", ""H"", ""H"", ""H"", ""H"", ""C"", ""C"", ""N"", ""C"", ""H"", ""H"", ""H"", ""H"", ""H"", ""H"", ""H"", ""C"", ""C"", ""N"", ""C"", ""H"", ""H"", ""H"", ""H"", ""H"", ""H"", ""H"", ""C"", ""C"", ""N"", ""C"", ""H"", ""H"", ""H"", ""H"", ""H"", ""H"", ""H"", ""C"", ""C"", ""N"", ""C"", ""H"", ""H"", ""H"", ""H"", ""H"", ""H"", ""H"", ""C"", ""C"", ""N"", ""C"", ""H"", ""H"", ""H"", ""H"", ""H"", ""H"", ""H"", ""C"", ""C"", ""N"", ""C"", ""H"", ""H"", ""H"", ""H"", ""H"", ""H"", ""H"", ""C"", ""C"", ""N"", ""C"", ""H"", ""H"", ""H"", ""H"", ""H"", ""H"", ""H""]",C24H56N8,"[true, true, true]","[16.14924661240662, 0.0, 0.0, 0.0, 17.693005054415522, 0.0, -0.8454163526492464, 0.0, 6.007036137407046]",1716.3826380378518,[],"{""cutoff=6.000_skin=0.000"": 3856, ""cutoff=6.000_skin=0.500"": 5196}",0.0,,
OPT-RF-U256-XATMOV88-R256-v1,f76be7fea227482e0d2e5078d97994299bbc9dfbe0681fde37169ce8641b13b1,OPT-RF-U256-XATMOV88-R256-v1:0132,XATMOV_C1_14_1947_z2_22,d6fd9e73790b8e9e0bfaac0c6d851120dd9f3318e78a20907630da3838aba628,132,cross_family_test_set,XATMOV/structures/XATMOV_C1_14_1947_z2_22.cif,6b94f24c764aeee11feae19c1fc764241ad44a404667975e9d60de2d318e5ffa,d6fd9e73790b8e9e0bfaac0c6d851120dd9f3318e78a20907630da3838aba628,0,88,"[""C"", ""C"", ""N"", ""C"", ""H"", ""H"", ""H"", ""H"", ""H"", ""H"", ""H"", ""C"", ""C"", ""N"", ""C"", ""H"", ""H"", ""H"", ""H"", ""H"", ""H"", ""H"", ""C"", ""C"", ""N"", ""C"", ""H"", ""H"", ""H"", ""H"", ""H"", ""H"", ""H"", ""C"", ""C"", ""N"", ""C"", ""H"", ""H"", ""H"", ""H"", ""H"", ""H"", ""H"", ""C"", ""C"", ""N"", ""C"", ""H"", ""H"", ""H"", ""H"", ""H"", ""H"", ""H"", ""C"", ""C"", ""N"", ""C"", ""H"", ""H"", ""H"", ""H"", ""H"", ""H"", ""H"", ""C"", ""C"", ""N"", ""C"", ""H"", ""H"", ""H"", ""H"", ""H"", ""H"", ""H"", ""C"", ""C"", ""N"", ""C"", ""H"", ""H"", ""H"", ""H"", ""H"", ""H"", ""H""]",C24H56N8,"[true, true, true]","[6.059723029516782, 0.0, 0.0, 0.0, 19.94510014502957, 0.0, -12.143376907954869, 0.0, 16.712186950173596]",2019.8647071934154,[],"{""cutoff=6.000_skin=0.000"": 3864, ""cutoff=6.000_skin=0.500"": 5020}",0.0,,
OPT-RF-U256-XATMOV88-R256-v1,f76be7fea227482e0d2e5078d97994299bbc9dfbe0681fde37169ce8641b13b1,OPT-RF-U256-XATMOV88-R256-v1:0133,XATMOV_C2_14_7389_z2_22,e9e03c78f0ac70e8d1946ea2c0e4dca473017ff8e5da879c9f170a64b79dd902,133,cross_family_test_set,XATMOV/structures/XATMOV_C2_14_7389_z2_22.cif,f4facc04caea85f17e1528de1b64cafe49397805eacd8bbe1ad2b0e4d2459de5,e9e03c78f0ac70e8d1946ea2c0e4dca473017ff8e5da879c9f170a64b79dd902,0,88,"[""C"", ""C"", ""N"", ""C"", ""H"", ""H"", ""H"", ""H"", ""H"", ""H"", ""H"", ""C"", ""C"", ""N"", ""C"", ""H"", ""H"", ""H"", ""H"", ""H"", ""H"", ""H"", ""C"", ""C"", ""N"", ""C"", ""H"", ""H"", ""H"", ""H"", ""H"", ""H"", ""H"", ""C"", ""C"", ""N"", ""C"", ""H"", ""H"", ""H"", ""H"", ""H"", ""H"", ""H"", ""C"", ""C"", ""N"", ""C"", ""H"", ""H"", ""H"", ""H"", ""H"", ""H"", ""H"", ""C"", ""C"", ""N"", ""C"", ""H"", ""H"", ""H"", ""H"", ""H"", ""H"", ""H"", ""C"", ""C"", ""N"", ""C"", ""H"", ""H"", ""H"", ""H"", ""H"", ""H"", ""H"", ""C"", ""C"", ""N"", ""C"", ""H"", ""H"", ""H"", ""H"", ""H"", ""H"", ""H""]",C24H56N8,"[true, true, true]","[13.387392461357116, 0.0, 0.0, 0.0, 12.881828698925034, 0.0, 1.839745344287956, 0.0, 9.806491656705537]",1691.1696576337033,[],"{""cutoff=6.000_skin=0.000"": 3876, ""cutoff=6.000_skin=0.500"": 4952}",0.0,,
OPT-RF-U256-XATMOV88-R256-v1,f76be7fea227482e0d2e5078d97994299bbc9dfbe0681fde37169ce8641b13b1,OPT-RF-U256-XATMOV88-R256-v1:0134,XATMOV_C2_14_2987_z2_22,980e604f46b2e9c57bf1f28ae52a16b9110f5d09bca4d2ffa6dbbc76578111e7,134,cross_family_test_set,XATMOV/structures/XATMOV_C2_14_2987_z2_22.cif,c67e8d206b95d6ba6aa6d2ab3ed1f99cf53fa0ebdd06afeb7a7ba2bb801d5f1e,980e604f46b2e9c57bf1f28ae52a16b9110f5d09bca4d2ffa6dbbc76578111e7,0,88,"[""C"", ""C"", ""N"", ""C"", ""H"", ""H"", ""H"", ""H"", ""H"", ""H"", ""H"", ""C"", ""C"", ""N"", ""C"", ""H"", ""H"", ""H"", ""H"", ""H"", ""H"", ""H"", ""C"", ""C"", ""N"", ""C"", ""H"", ""H"", ""H"", ""H"", ""H"", ""H"", ""H"", ""C"", ""C"", ""N"", ""C"", ""H"", ""H"", ""H"", ""H"", ""H"", ""H"", ""H"", ""C"", ""C"", ""N"", ""C"", ""H"", ""H"", ""H"", ""H"", ""H"", ""H"", ""H"", ""C"", ""C"", ""N"", ""C"", ""H"", ""H"", ""H"", ""H"", ""H"", ""H"", ""H"", ""C"", ""C"", ""N"", ""C"", ""H"", ""H"", ""H"", ""H"", ""H"", ""H"", ""H"", ""C"", ""C"", ""N"", ""C"", ""H"", ""H"", ""H"", ""H"", ""H"", ""H"", ""H""]",C24H56N8,"[true, true, true]","[15.784299307738394, 0.0, 0.0, 0.0, 10.434056485953121, 0.0, 0.5387329772854476, 0.0, 10.44643709801989]",1720.4683378942707,[],"{""cutoff=6.000_skin=0.000"": 3880, ""cutoff=6.000_skin=0.500"": 5008}",0.0,,
OPT-RF-U256-XATMOV88-R256-v1,f76be7fea227482e0d2e5078d97994299bbc9dfbe0681fde37169ce8641b13b1,OPT-RF-U256-XATMOV88-R256-v1:0135,XATMOV_C2_14_4576_z2_22,1fec221d601fb349553326b0f3ef00a04c3977073cfed7680e5971f17089dbcf,135,cross_family_test_set,XATMOV/structures/XATMOV_C2_14_4576_z2_22.cif,f707fe4987384a9c40ea261e61c4ddca71a75e2deb4674b6a2f8620dfff84283,1fec221d601fb349553326b0f3ef00a04c3977073cfed7680e5971f17089dbcf,0,88,"[""C"", ""C"", ""N"", ""C"", ""H"", ""H"", ""H"", ""H"", ""H"", ""H"", ""H"", ""C"", ""C"", ""N"", ""C"", ""H"", ""H"", ""H"", ""H"", ""H"", ""H"", ""H"", ""C"", ""C"", ""N"", ""C"", ""H"", ""H"", ""H"", ""H"", ""H"", ""H"", ""H"", ""C"", ""C"", ""N"", ""C"", ""H"", ""H"", ""H"", ""H"", ""H"", ""H"", ""H"", ""C"", ""C"", ""N"", ""C"", ""H"", ""H"", ""H"", ""H"", ""H"", ""H"", ""H"", ""C"", ""C"", ""N"", ""C"", ""H"", ""H"", ""H"", ""H"", ""H"", ""H"", ""H"", ""C"", ""C"", ""N"", ""C"", ""H"", ""H"", ""H"", ""H"", ""H"", ""H"", ""H"", ""C"", ""C"", ""N"", ""C"", ""H"", ""H"", ""H"", ""H"", ""H"", ""H"", ""H""]",C24H56N8,"[true, true, true]","[12.424604500789602, 0.0, 0.0, 0.0, 11.056199894429138, 0.0, -4.449437090971096, 0.0, 14.409341233378289]",1979.3955130236275,[],"{""cutoff=6.000_skin=0.000"": 3880, ""cutoff=6.000_skin=0.500"": 4744}",0.0,,
OPT-RF-U256-XATMOV88-R256-v1,f76be7fea227482e0d2e5078d97994299bbc9dfbe0681fde37169ce8641b13b1,OPT-RF-U256-XATMOV88-R256-v1:0136,XATMOV_C2_14_5554_z2_22,57cf8bc5c51aebca43198e7dafb99593d02018f03622a155cb65e629d80019f8,136,cross_family_test_set,XATMOV/structures/XATMOV_C2_14_5554_z2_22.cif,65cd749c2978db84c3dcbea5f0163be68b33a1b8d8dff8d30379245862626531,57cf8bc5c51aebca43198e7dafb99593d02018f03622a155cb65e629d80019f8,0,88,"[""C"", ""C"", ""N"", ""C"", ""H"", ""H"", ""H"", ""H"", ""H"", ""H"", ""H"", ""C"", ""C"", ""N"", ""C"", ""H"", ""H"", ""H"", ""H"", ""H"", ""H"", ""H"", ""C"", ""C"", ""N"", ""C"", ""H"", ""H"", ""H"", ""H"", ""H"", ""H"", ""H"", ""C"", ""C"", ""N"", ""C"", ""H"", ""H"", ""H"", ""H"", ""H"", ""H"", ""H"", ""C"", ""C"", ""N"", ""C"", ""H"", ""H"", ""H"", ""H"", ""H"", ""H"", ""H"", ""C"", ""C"", ""N"", ""C"", ""H"", ""H"", ""H"", ""H"", ""H"", ""H"", ""H"", ""C"", ""C"", ""N"", ""C"", ""H"", ""H"", ""H"", ""H"", ""H"", ""H"", ""H"", ""C"", ""C"", ""N"", ""C"", ""H"", ""H"", ""H"", ""H"", ""H"", ""H"", ""H""]",C24H56N8,"[true, true, true]","[8.736136492035453, 0.0, 0.0, 0.0, 8.394267208638283, 0.0, 9.165288257216496, 0.0, 22.354454186203085]",1639.329563209994,[],"{""cutoff=6.000_skin=0.000"": 3892, ""cutoff=6.000_skin=0.500"": 5132}",0.0,,
OPT-RF-U256-XATMOV88-R256-v1,f76be7fea227482e0d2e5078d97994299bbc9dfbe0681fde37169ce8641b13b1,OPT-RF-U256-XATMOV88-R256-v1:0137,XATMOV_C2_14_5952_z2_22,cf35100cb61e486e7155c447f83f185ad3d2e892b218ddda91638e2ce655b6cf,137,cross_family_test_set,XATMOV/structures/XATMOV_C2_14_5952_z2_22.cif,0824fec558d706efb66ad8965726ab11f31c5f5c4edce0e64117ae02e223978b,cf35100cb61e486e7155c447f83f185ad3d2e892b218ddda91638e2ce655b6cf,0,88,"[""C"", ""C"", ""N"", ""C"", ""H"", ""H"", ""H"", ""H"", ""H"", ""H"", ""H"", ""C"", ""C"", ""N"", ""C"", ""H"", ""H"", ""H"", ""H"", ""H"", ""H"", ""H"", ""C"", ""C"", ""N"", ""C"", ""H"", ""H"", ""H"", ""H"", ""H"", ""H"", ""H"", ""C"", ""C"", ""N"", ""C"", ""H"", ""H"", ""H"", ""H"", ""H"", ""H"", ""H"", ""C"", ""C"", ""N"", ""C"", ""H"", ""H"", ""H"", ""H"", ""H"", ""H"", ""H"", ""C"", ""C"", ""N"", ""C"", ""H"", ""H"", ""H"", ""H"", ""H"", ""H"", ""H"", ""C"", ""C"", ""N"", ""C"", ""H"", ""H"", ""H"", ""H"", ""H"", ""H"", ""H"", ""C"", ""C"", ""N"", ""C"", ""H"", ""H"", ""H"", ""H"", ""H"", ""H"", ""H""]",C24H56N8,"[true, true, true]","[15.491839779302477, 0.0, 0.0, 0.0, 16.754191055969855, 0.0, 0.14217511525247628, 0.0, 6.889698850755478]",1788.2436832513688,[],"{""cutoff=6.000_skin=0.000"": 3896, ""cutoff=6.000_skin=0.500"": 5048}",0.0,,
OPT-RF-U256-XATMOV88-R256-v1,f76be7fea227482e0d2e5078d97994299bbc9dfbe0681fde37169ce8641b13b1,OPT-RF-U256-XATMOV88-R256-v1:0138,XATMOV_C1_14_3070_z2_22,85f060e78382b3e573b0b8e33ed101db496b3bd1d7730adf1e50c4d321d6f9a6,138,cross_family_test_set,XATMOV/structures/XATMOV_C1_14_3070_z2_22.cif,8ec42d747f2357b6afc06941e42d85f1b6d89fd0230e806f9d439a88ea6e59f4,85f060e78382b3e573b0b8e33ed101db496b3bd1d7730adf1e50c4d321d6f9a6,0,88,"[""C"", ""C"", ""N"", ""C"", ""H"", ""H"", ""H"", ""H"", ""H"", ""H"", ""H"", ""C"", ""C"", ""N"", ""C"", ""H"", ""H"", ""H"", ""H"", ""H"", ""H"", ""H"", ""C"", ""C"", ""N"", ""C"", ""H"", ""H"", ""H"", ""H"", ""H"", ""H"", ""H"", ""C"", ""C"", ""N"", ""C"", ""H"", ""H"", ""H"", ""H"", ""H"", ""H"", ""H"", ""C"", ""C"", ""N"", ""C"", ""H"", ""H"", ""H"", ""H"", ""H"", ""H"", ""H"", ""C"", ""C"", ""N"", ""C"", ""H"", ""H"", ""H"", ""H"", ""H"", ""H"", ""H"", ""C"", ""C"", ""N"", ""C"", ""H"", ""H"", ""H"", ""H"", ""H"", ""H"", ""H"", ""C"", ""C"", ""N"", ""C"", ""H"", ""H"", ""H"", ""H"", ""H"", ""H"", ""H""]",C24H56N8,"[true, true, true]","[10.531084200496672, 0.0, 0.0, 0.0, 16.403184742254506, 0.0, -3.298086472301797, 0.0, 10.33185729950706]",1784.7593283457347,[],"{""cutoff=6.000_skin=0.000"": 3912, ""cutoff=6.000_skin=0.500"": 4928}",0.0,,
OPT-RF-U256-XATMOV88-R256-v1,f76be7fea227482e0d2e5078d97994299bbc9dfbe0681fde37169ce8641b13b1,OPT-RF-U256-XATMOV88-R256-v1:0139,XATMOV_C1_14_3081_z2_22,350cd5c3f1b0e2beb04cc4fd699a9c30c445bfa3d6dd153e0f2bc26045e47b2d,139,cross_family_test_set,XATMOV/structures/XATMOV_C1_14_3081_z2_22.cif,c25c3749589ebf5454ee45b0d15450d02d891ab4fc716cbdd45c5de8a8435ebd,350cd5c3f1b0e2beb04cc4fd699a9c30c445bfa3d6dd153e0f2bc26045e47b2d,0,88,"[""C"", ""C"", ""N"", ""C"", ""H"", ""H"", ""H"", ""H"", ""H"", ""H"", ""H"", ""C"", ""C"", ""N"", ""C"", ""H"", ""H"", ""H"", ""H"", ""H"", ""H"", ""H"", ""C"", ""C"", ""N"", ""C"", ""H"", ""H"", ""H"", ""H"", ""H"", ""H"", ""H"", ""C"", ""C"", ""N"", ""C"", ""H"", ""H"", ""H"", ""H"", ""H"", ""H"", ""H"", ""C"", ""C"", ""N"", ""C"", ""H"", ""H"", ""H"", ""H"", ""H"", ""H"", ""H"", ""C"", ""C"", ""N"", ""C"", ""H"", ""H"", ""H"", ""H"", ""H"", ""H"", ""H"", ""C"", ""C"", ""N"", ""C"", ""H"", ""H"", ""H"", ""H"", ""H"", ""H"", ""H"", ""C"", ""C"", ""N"", ""C"", ""H"", ""H"", ""H"", ""H"", ""H"", ""H"", ""H""]",C24H56N8,"[true, true, true]","[10.75753761513353, 0.0, 0.0, 0.0, 14.529364574948058, 0.0, -6.96665953456527, 0.0, 10.317750396607355]",1612.6663054618425,[],"{""cutoff=6.000_skin=0.000"": 3936, ""cutoff=6.000_skin=0.500"": 5100}",0.0,,
OPT-RF-U256-XATMOV88-R256-v1,f76be7fea227482e0d2e5078d97994299bbc9dfbe0681fde37169ce8641b13b1,OPT-RF-U256-XATMOV88-R256-v1:0140,XATMOV_C1_14_7176_z2_22,a65ee5ffc76f5f145c8f102eddfebb0dd115fe7ec2a15babaf7c8219cf25f81d,140,cross_family_test_set,XATMOV/structures/XATMOV_C1_14_7176_z2_22.cif,c8acf1e4e6a9a9bf1d0c0ad8535ec8ac3c8f27360b7c0ccebb3fa7dd7b7e28da,a65ee5ffc76f5f145c8f102eddfebb0dd115fe7ec2a15babaf7c8219cf25f81d,0,88,"[""C"", ""C"", ""N"", ""C"", ""H"", ""H"", ""H"", ""H"", ""H"", ""H"", ""H"", ""C"", ""C"", ""N"", ""C"", ""H"", ""H"", ""H"", ""H"", ""H"", ""H"", ""H"", ""C"", ""C"", ""N"", ""C"", ""H"", ""H"", ""H"", ""H"", ""H"", ""H"", ""H"", ""C"", ""C"", ""N"", ""C"", ""H"", ""H"", ""H"", ""H"", ""H"", ""H"", ""H"", ""C"", ""C"", ""N"", ""C"", ""H"", ""H"", ""H"", ""H"", ""H"", ""H"", ""H"", ""C"", ""C"", ""N"", ""C"", ""H"", ""H"", ""H"", ""H"", ""H"", ""H"", ""H"", ""C"", ""C"", ""N"", ""C"", ""H"", ""H"", ""H"", ""H"", ""H"", ""H"", ""H"", ""C"", ""C"", ""N"", ""C"", ""H"", ""H"", ""H"", ""H"", ""H"", ""H"", ""H""]",C24H56N8,"[true, true, true]","[14.588097680542113, 0.0, 0.0, 0.0, 8.588968938808026, 0.0, 3.062573495658431, 0.0, 13.277621301279154]",1663.6423699649229,[],"{""cutoff=6.000_skin=0.000"": 3940, ""cutoff=6.000_skin=0.500"": 5204}",0.0,,
OPT-RF-U256-XATMOV88-R256-v1,f76be7fea227482e0d2e5078d97994299bbc9dfbe0681fde37169ce8641b13b1,OPT-RF-U256-XATMOV88-R256-v1:0141,XATMOV_C2_14_4083_z2_22,d96576e8ba9a67d446137e1a3d6447777a00d1584b996c9e3465d1e901782dc6,141,cross_family_test_set,XATMOV/structures/XATMOV_C2_14_4083_z2_22.cif,2033066e691c11f62bcd2ff05bea5bbb2525025707085c7d9296c39513dd11c6,d96576e8ba9a67d446137e1a3d6447777a00d1584b996c9e3465d1e901782dc6,0,88,"[""C"", ""C"", ""N"", ""C"", ""H"", ""H"", ""H"", ""H"", ""H"", ""H"", ""H"", ""C"", ""C"", ""N"", ""C"", ""H"", ""H"", ""H"", ""H"", ""H"", ""H"", ""H"", ""C"", ""C"", ""N"", ""C"", ""H"", ""H"", ""H"", ""H"", ""H"", ""H"", ""H"", ""C"", ""C"", ""N"", ""C"", ""H"", ""H"", ""H"", ""H"", ""H"", ""H"", ""H"", ""C"", ""C"", ""N"", ""C"", ""H"", ""H"", ""H"", ""H"", ""H"", ""H"", ""H"", ""C"", ""C"", ""N"", ""C"", ""H"", ""H"", ""H"", ""H"", ""H"", ""H"", ""H"", ""C"", ""C"", ""N"", ""C"", ""H"", ""H"", ""H"", ""H"", ""H"", ""H"", ""H"", ""C"", ""C"", ""N"", ""C"", ""H"", ""H"", ""H"", ""H"", ""H"", ""H"", ""H""]",C24H56N8,"[true, true, true]","[11.546429755242812, 0.0, 0.0, 0.0, 11.039006376245759, 0.0, 3.491014955683574, 0.0, 13.574984090772968]",1730.2825633975497,[],"{""cutoff=6.000_skin=0.000"": 3940, ""cutoff=6.000_skin=0.500"": 4932}",0.0,,
OPT-RF-U256-XATMOV88-R256-v1,f76be7fea227482e0d2e5078d97994299bbc9dfbe0681fde37169ce8641b13b1,OPT-RF-U256-XATMOV88-R256-v1:0142,XATMOV_C1_14_3631_z2_22,3d79ff4a3fbc544e8758dbd6cba7e3f10203d14d399ad4a3c24d1e7bcbb4a5cb,142,cross_family_test_set,XATMOV/structures/XATMOV_C1_14_3631_z2_22.cif,30e6756f4cbd959a29d1fc2f4256ea5ad38ab3546c4e8c6e8cbbf603b93bb893,3d79ff4a3fbc544e8758dbd6cba7e3f10203d14d399ad4a3c24d1e7bcbb4a5cb,0,88,"[""C"", ""C"", ""N"", ""C"", ""H"", ""H"", ""H"", ""H"", ""H"", ""H"", ""H"", ""C"", ""C"", ""N"", ""C"", ""H"", ""H"", ""H"", ""H"", ""H"", ""H"", ""H"", ""C"", ""C"", ""N"", ""C"", ""H"", ""H"", ""H"", ""H"", ""H"", ""H"", ""H"", ""C"", ""C"", ""N"", ""C"", ""H"", ""H"", ""H"", ""H"", ""H"", ""H"", ""H"", ""C"", ""C"", ""N"", ""C"", ""H"", ""H"", ""H"", ""H"", ""H"", ""H"", ""H"", ""C"", ""C"", ""N"", ""C"", ""H"", ""H"", ""H"", ""H"", ""H"", ""H"", ""H"", ""C"", ""C"", ""N"", ""C"", ""H"", ""H"", ""H"", ""H"", ""H"", ""H"", ""H"", ""C"", ""C"", ""N"", ""C"", ""H"", ""H"", ""H"", ""H"", ""H"", ""H"", ""H""]",C24H56N8,"[true, true, true]","[13.578670798875308, 0.0, 0.0, 0.0, 9.893327692070997, 0.0, -6.299113423711763, 0.0, 11.953842058430242]",1605.8581014074125,[],"{""cutoff=6.000_skin=0.000"": 3972, ""cutoff=6.000_skin=0.500"": 5220}",0.0,,
OPT-RF-U256-XATMOV88-R256-v1,f76be7fea227482e0d2e5078d97994299bbc9dfbe0681fde37169ce8641b13b1,OPT-RF-U256-XATMOV88-R256-v1:0143,XATMOV_C1_14_6824_z2_22,f73f48df722007767bb1d8d3985ca9c6bea9090522ef7e2bac7f63fa787b243f,143,cross_family_test_set,XATMOV/structures/XATMOV_C1_14_6824_z2_22.cif,2c94e90bb5ed436d5ec79ba981f07513b7583f7941d2a1004468dfbc49e76b2e,f73f48df722007767bb1d8d3985ca9c6bea9090522ef7e2bac7f63fa787b243f,0,88,"[""C"", ""C"", ""N"", ""C"", ""H"", ""H"", ""H"", ""H"", ""H"", ""H"", ""H"", ""C"", ""C"", ""N"", ""C"", ""H"", ""H"", ""H"", ""H"", ""H"", ""H"", ""H"", ""C"", ""C"", ""N"", ""C"", ""H"", ""H"", ""H"", ""H"", ""H"", ""H"", ""H"", ""C"", ""C"", ""N"", ""C"", ""H"", ""H"", ""H"", ""H"", ""H"", ""H"", ""H"", ""C"", ""C"", ""N"", ""C"", ""H"", ""H"", ""H"", ""H"", ""H"", ""H"", ""H"", ""C"", ""C"", ""N"", ""C"", ""H"", ""H"", ""H"", ""H"", ""H"", ""H"", ""H"", ""C"", ""C"", ""N"", ""C"", ""H"", ""H"", ""H"", ""H"", ""H"", ""H"", ""H"", ""C"", ""C"", ""N"", ""C"", ""H"", ""H"", ""H"", ""H"", ""H"", ""H"", ""H""]",C24H56N8,"[true, true, true]","[10.177998462581005, 0.0, 0.0, 0.0, 11.251449754547185, 0.0, -0.27979553652156913, 0.0, 14.147516028397556]",1620.1344644278433,[],"{""cutoff=6.000_skin=0.000"": 3976, ""cutoff=6.000_skin=0.500"": 5120}",0.0,,
OPT-RF-U256-XATMOV88-R256-v1,f76be7fea227482e0d2e5078d97994299bbc9dfbe0681fde37169ce8641b13b1,OPT-RF-U256-XATMOV88-R256-v1:0144,XATMOV_C2_14_5737_z2_22,74721aef5f0c5e317445d8b704788780dbc31c4a3219802149a5bcc5beedd8eb,144,cross_family_test_set,XATMOV/structures/XATMOV_C2_14_5737_z2_22.cif,ba34e527013115f80539aecd087dffd18b9b8ad2e8cd4d621e2a9e265a892c99,74721aef5f0c5e317445d8b704788780dbc31c4a3219802149a5bcc5beedd8eb,0,88,"[""C"", ""C"", ""N"", ""C"", ""H"", ""H"", ""H"", ""H"", ""H"", ""H"", ""H"", ""C"", ""C"", ""N"", ""C"", ""H"", ""H"", ""H"", ""H"", ""H"", ""H"", ""H"", ""C"", ""C"", ""N"", ""C"", ""H"", ""H"", ""H"", ""H"", ""H"", ""H"", ""H"", ""C"", ""C"", ""N"", ""C"", ""H"", ""H"", ""H"", ""H"", ""H"", ""H"", ""H"", ""C"", ""C"", ""N"", ""C"", ""H"", ""H"", ""H"", ""H"", ""H"", ""H"", ""H"", ""C"", ""C"", ""N"", ""C"", ""H"", ""H"", ""H"", ""H"", ""H"", ""H"", ""H"", ""C"", ""C"", ""N"", ""C"", ""H"", ""H"", ""H"", ""H"", ""H"", ""H"", ""H"", ""C"", ""C"", ""N"", ""C"", ""H"", ""H"", ""H"", ""H"", ""H"", ""H"", ""H""]",C24H56N8,"[true, true, true]","[12.787822681040495, 0.0, 0.0, 0.0, 12.79225320336675, 0.0, -0.8813254859314557, 0.0, 11.468163963712252]",1876.0203549533567,[],"{""cutoff=6.000_skin=0.000"": 3976, ""cutoff=6.000_skin=0.500"": 4976}",0.0,,
OPT-RF-U256-XATMOV88-R256-v1,f76be7fea227482e0d2e5078d97994299bbc9dfbe0681fde37169ce8641b13b1,OPT-RF-U256-XATMOV88-R256-v1:0145,XATMOV_C1_14_5018_z2_22,6bc7c41348abd07dfd6e42645d796a05edb2bec7ab4c65d25b6375d7795008b9,145,cross_family_test_set,XATMOV/structures/XATMOV_C1_14_5018_z2_22.cif,bfbd01629650e577cd30f12886d7fcd30bf8e9c46dc5bbe40d12a9794cf3aed7,6bc7c41348abd07dfd6e42645d796a05edb2bec7ab4c65d25b6375d7795008b9,0,88,"[""C"", ""C"", ""N"", ""C"", ""H"", ""H"", ""H"", ""H"", ""H"", ""H"", ""H"", ""C"", ""C"", ""N"", ""C"", ""H"", ""H"", ""H"", ""H"", ""H"", ""H"", ""H"", ""C"", ""C"", ""N"", ""C"", ""H"", ""H"", ""H"", ""H"", ""H"", ""H"", ""H"", ""C"", ""C"", ""N"", ""C"", ""H"", ""H"", ""H"", ""H"", ""H"", ""H"", ""H"", ""C"", ""C"", ""N"", ""C"", ""H"", ""H"", ""H"", ""H"", ""H"", ""H"", ""H"", ""C"", ""C"", ""N"", ""C"", ""H"", ""H"", ""H"", ""H"", ""H"", ""H"", ""H"", ""C"", ""C"", ""N"", ""C"", ""H"", ""H"", ""H"", ""H"", ""H"", ""H"", ""H"", ""C"", ""C"", ""N"", ""C"", ""H"", ""H"", ""H"", ""H"", ""H"", ""H"", ""H""]",C24H56N8,"[true, true, true]","[5.2757330735707235, 0.0, 0.0, 0.0, 20.131560644325123, 0.0, -8.227501332703051, 0.0, 18.977943169757257]",2015.6234378079553,[],"{""cutoff=6.000_skin=0.000"": 3980, ""cutoff=6.000_skin=0.500"": 4780}",0.0,,
OPT-RF-U256-XATMOV88-R256-v1,f76be7fea227482e0d2e5078d97994299bbc9dfbe0681fde37169ce8641b13b1,OPT-RF-U256-XATMOV88-R256-v1:0146,XATMOV_C2_14_4405_z2_22,3adc25e9ea28801d678772f883b47a24bc9cfb95274a4806ed8bbe6dcd337b0a,146,cross_family_test_set,XATMOV/structures/XATMOV_C2_14_4405_z2_22.cif,bef522c162c01e8fcf7be62836c402358bd71711e58d89796814d141ded8a4d0,3adc25e9ea28801d678772f883b47a24bc9cfb95274a4806ed8bbe6dcd337b0a,0,88,"[""C"", ""C"", ""N"", ""C"", ""H"", ""H"", ""H"", ""H"", ""H"", ""H"", ""H"", ""C"", ""C"", ""N"", ""C"", ""H"", ""H"", ""H"", ""H"", ""H"", ""H"", ""H"", ""C"", ""C"", ""N"", ""C"", ""H"", ""H"", ""H"", ""H"", ""H"", ""H"", ""H"", ""C"", ""C"", ""N"", ""C"", ""H"", ""H"", ""H"", ""H"", ""H"", ""H"", ""H"", ""C"", ""C"", ""N"", ""C"", ""H"", ""H"", ""H"", ""H"", ""H"", ""H"", ""H"", ""C"", ""C"", ""N"", ""C"", ""H"", ""H"", ""H"", ""H"", ""H"", ""H"", ""H"", ""C"", ""C"", ""N"", ""C"", ""H"", ""H"", ""H"", ""H"", ""H"", ""H"", ""H"", ""C"", ""C"", ""N"", ""C"", ""H"", ""H"", ""H"", ""H"", ""H"", ""H"", ""H""]",C24H56N8,"[true, true, true]","[16.65836815583358, 0.0, 0.0, 0.0, 6.310504294046815, 0.0, 4.330310731312322, 0.0, 15.767920790373163]",1657.566466460296,[],"{""cutoff=6.000_skin=0.000"": 3980, ""cutoff=6.000_skin=0.500"": 5452}",0.0,,
OPT-RF-U256-XATMOV88-R256-v1,f76be7fea227482e0d2e5078d97994299bbc9dfbe0681fde37169ce8641b13b1,OPT-RF-U256-XATMOV88-R256-v1:0147,XATMOV_C2_14_7325_z2_22,854c72264c27f9959f1108ed255ffdde4a7a95c9627d6c7c09e9d5e1b108e4ec,147,cross_family_test_set,XATMOV/structures/XATMOV_C2_14_7325_z2_22.cif,2f21e5cfc6d025b69982698018cfcf890bdcb9092ed0fc59f11bfcaa5fe5423e,854c72264c27f9959f1108ed255ffdde4a7a95c9627d6c7c09e9d5e1b108e4ec,0,88,"[""C"", ""C"", ""N"", ""C"", ""H"", ""H"", ""H"", ""H"", ""H"", ""H"", ""H"", ""C"", ""C"", ""N"", ""C"", ""H"", ""H"", ""H"", ""H"", ""H"", ""H"", ""H"", ""C"", ""C"", ""N"", ""C"", ""H"", ""H"", ""H"", ""H"", ""H"", ""H"", ""H"", ""C"", ""C"", ""N"", ""C"", ""H"", ""H"", ""H"", ""H"", ""H"", ""H"", ""H"", ""C"", ""C"", ""N"", ""C"", ""H"", ""H"", ""H"", ""H"", ""H"", ""H"", ""H"", ""C"", ""C"", ""N"", ""C"", ""H"", ""H"", ""H"", ""H"", ""H"", ""H"", ""H"", ""C"", ""C"", ""N"", ""C"", ""H"", ""H"", ""H"", ""H"", ""H"", ""H"", ""H"", ""C"", ""C"", ""N"", ""C"", ""H"", ""H"", ""H"", ""H"", ""H"", ""H"", ""H""]",C24H56N8,"[true, true, true]","[13.831666844960893, 0.0, 0.0, 0.0, 27.422734077592892, 0.0, 0.08881631956922319, 0.0, 5.535345871759614]",2099.5684337188586,[],"{""cutoff=6.000_skin=0.000"": 3980, ""cutoff=6.000_skin=0.500"": 4864}",0.0,,
OPT-RF-U256-XATMOV88-R256-v1,f76be7fea227482e0d2e5078d97994299bbc9dfbe0681fde37169ce8641b13b1,OPT-RF-U256-XATMOV88-R256-v1:0148,XATMOV_C1_14_5147_z2_22,602d2b055ff13ab1c59aa0d46c8ba29b4185fc8d46b3558b6bf5f3f590af910d,148,cross_family_test_set,XATMOV/structures/XATMOV_C1_14_5147_z2_22.cif,f2094f1f651d04d9c16041340de9f683dd396f3eb478ca1a52a5fd67aa29d8f3,602d2b055ff13ab1c59aa0d46c8ba29b4185fc8d46b3558b6bf5f3f590af910d,0,88,"[""C"", ""C"", ""N"", ""C"", ""H"", ""H"", ""H"", ""H"", ""H"", ""H"", ""H"", ""C"", ""C"", ""N"", ""C"", ""H"", ""H"", ""H"", ""H"", ""H"", ""H"", ""H"", ""C"", ""C"", ""N"", ""C"", ""H"", ""H"", ""H"", ""H"", ""H"", ""H"", ""H"", ""C"", ""C"", ""N"", ""C"", ""H"", ""H"", ""H"", ""H"", ""H"", ""H"", ""H"", ""C"", ""C"", ""N"", ""C"", ""H"", ""H"", ""H"", ""H"", ""H"", ""H"", ""H"", ""C"", ""C"", ""N"", ""C"", ""H"", ""H"", ""H"", ""H"", ""H"", ""H"", ""H"", ""C"", ""C"", ""N"", ""C"", ""H"", ""H"", ""H"", ""H"", ""H"", ""H"", ""H"", ""C"", ""C"", ""N"", ""C"", ""H"", ""H"", ""H"", ""H"", ""H"", ""H"", ""H""]",C24H56N8,"[true, true, true]","[12.969111684600197, 0.0, 0.0, 0.0, 9.203835896452416, 0.0, 1.7979357247443353, 0.0, 13.265699060080086]",1583.4678049425675,[],"{""cutoff=6.000_skin=0.000"": 3992, ""cutoff=6.000_skin=0.500"": 5236}",0.0,,
OPT-RF-U256-XATMOV88-R256-v1,f76be7fea227482e0d2e5078d97994299bbc9dfbe0681fde37169ce8641b13b1,OPT-RF-U256-XATMOV88-R256-v1:0149,XATMOV_C2_14_3635_z2_22,74698cfedfda41d29b253e2821cbb79f19540c9b83cf6045ac7f34e1e1ce3ec5,149,cross_family_test_set,XATMOV/structures/XATMOV_C2_14_3635_z2_22.cif,1b13b565a7a4b43d1d671ae89bf7b143aa01cc1dc0ae6a40ebd82f98f058923e,74698cfedfda41d29b253e2821cbb79f19540c9b83cf6045ac7f34e1e1ce3ec5,0,88,"[""C"", ""C"", ""N"", ""C"", ""H"", ""H"", ""H"", ""H"", ""H"", ""H"", ""H"", ""C"", ""C"", ""N"", ""C"", ""H"", ""H"", ""H"", ""H"", ""H"", ""H"", ""H"", ""C"", ""C"", ""N"", ""C"", ""H"", ""H"", ""H"", ""H"", ""H"", ""H"", ""H"", ""C"", ""C"", ""N"", ""C"", ""H"", ""H"", ""H"", ""H"", ""H"", ""H"", ""H"", ""C"", ""C"", ""N"", ""C"", ""H"", ""H"", ""H"", ""H"", ""H"", ""H"", ""H"", ""C"", ""C"", ""N"", ""C"", ""H"", ""H"", ""H"", ""H"", ""H"", ""H"", ""H"", ""C"", ""C"", ""N"", ""C"", ""H"", ""H"", ""H"", ""H"", ""H"", ""H"", ""H"", ""C"", ""C"", ""N"", ""C"", ""H"", ""H"", ""H"", ""H"", ""H"", ""H"", ""H""]",C24H56N8,"[true, true, true]","[5.427190913978421, 0.0, 0.0, 0.0, 18.624827367889097, 0.0, -6.50989488855863, 0.0, 19.047853775023015]",1925.3664666557142,[],"{""cutoff=6.000_skin=0.000"": 3992, ""cutoff=6.000_skin=0.500"": 4972}",0.0,,
OPT-RF-U256-XATMOV88-R256-v1,f76be7fea227482e0d2e5078d97994299bbc9dfbe0681fde37169ce8641b13b1,OPT-RF-U256-XATMOV88-R256-v1:0150,XATMOV_C2_14_768_z2_22,edd03b5e117d2dc1abc6b43bc57c22a0a36305bfa695fde61dfb7aacdbd7cab1,150,cross_family_test_set,XATMOV/structures/XATMOV_C2_14_768_z2_22.cif,d398b1894e1d9fa120b42bf7ed68cebef59aa459611da6e05a3ac804163d3d8a,edd03b5e117d2dc1abc6b43bc57c22a0a36305bfa695fde61dfb7aacdbd7cab1,0,88,"[""C"", ""C"", ""N"", ""C"", ""H"", ""H"", ""H"", ""H"", ""H"", ""H"", ""H"", ""C"", ""C"", ""N"", ""C"", ""H"", ""H"", ""H"", ""H"", ""H"", ""H"", ""H"", ""C"", ""C"", ""N"", ""C"", ""H"", ""H"", ""H"", ""H"", ""H"", ""H"", ""H"", ""C"", ""C"", ""N"", ""C"", ""H"", ""H"", ""H"", ""H"", ""H"", ""H"", ""H"", ""C"", ""C"", ""N"", ""C"", ""H"", ""H"", ""H"", ""H"", ""H"", ""H"", ""H"", ""C"", ""C"", ""N"", ""C"", ""H"", ""H"", ""H"", ""H"", ""H"", ""H"", ""H"", ""C"", ""C"", ""N"", ""C"", ""H"", ""H"", ""H"", ""H"", ""H"", ""H"", ""H"", ""C"", ""C"", ""N"", ""C"", ""H"", ""H"", ""H"", ""H"", ""H"", ""H"", ""H""]",C24H56N8,"[true, true, true]","[12.281837549662775, 0.0, 0.0, 0.0, 12.76772360024452, 0.0, -0.47478463781929986, 0.0, 10.071178505145655]",1579.2726515682468,[],"{""cutoff=6.000_skin=0.000"": 3996, ""cutoff=6.000_skin=0.500"": 5300}",0.0,,
OPT-RF-U256-XATMOV88-R256-v1,f76be7fea227482e0d2e5078d97994299bbc9dfbe0681fde37169ce8641b13b1,OPT-RF-U256-XATMOV88-R256-v1:0151,XATMOV_C1_14_815_z2_22,7bd5ca2b884064926bf9f15c48eb256db55eb7a985a8621ca928639263c24618,151,cross_family_test_set,XATMOV/structures/XATMOV_C1_14_815_z2_22.cif,e230df382ae8a67dd3527c998a21797409a8d86b7c6aeaa75384e3a5a09d3e9e,7bd5ca2b884064926bf9f15c48eb256db55eb7a985a8621ca928639263c24618,0,88,"[""C"", ""C"", ""N"", ""C"", ""H"", ""H"", ""H"", ""H"", ""H"", ""H"", ""H"", ""C"", ""C"", ""N"", ""C"", ""H"", ""H"", ""H"", ""H"", ""H"", ""H"", ""H"", ""C"", ""C"", ""N"", ""C"", ""H"", ""H"", ""H"", ""H"", ""H"", ""H"", ""H"", ""C"", ""C"", ""N"", ""C"", ""H"", ""H"", ""H"", ""H"", ""H"", ""H"", ""H"", ""C"", ""C"", ""N"", ""C"", ""H"", ""H"", ""H"", ""H"", ""H"", ""H"", ""H"", ""C"", ""C"", ""N"", ""C"", ""H"", ""H"", ""H"", ""H"", ""H"", ""H"", ""H"", ""C"", ""C"", ""N"", ""C"", ""H"", ""H"", ""H"", ""H"", ""H"", ""H"", ""H"", ""C"", ""C"", ""N"", ""C"", ""H"", ""H"", ""H"", ""H"", ""H"", ""H"", ""H""]",C24H56N8,"[true, true, true]","[14.722522977131469, 0.0, 0.0, 0.0, 10.269656237430851, 0.0, -2.4753562381799554, 0.0, 11.704713374564996]",1769.6970639422952,[],"{""cutoff=6.000_skin=0.000"": 4004, ""cutoff=6.000_skin=0.500"": 5276}",0.0,,
OPT-RF-U256-XATMOV88-R256-v1,f76be7fea227482e0d2e5078d97994299bbc9dfbe0681fde37169ce8641b13b1,OPT-RF-U256-XATMOV88-R256-v1:0152,XATMOV_C1_14_208_z2_22,fa79fbeb8d4bf00357690d55891a0290c93bbf6e9485a36c1ad80727ff7102e2,152,cross_family_test_set,XATMOV/structures/XATMOV_C1_14_208_z2_22.cif,a355a96705fb851241e44f2622726e603a57be2020c3bb3523f1d858e2863bc2,fa79fbeb8d4bf00357690d55891a0290c93bbf6e9485a36c1ad80727ff7102e2,0,88,"[""C"", ""C"", ""N"", ""C"", ""H"", ""H"", ""H"", ""H"", ""H"", ""H"", ""H"", ""C"", ""C"", ""N"", ""C"", ""H"", ""H"", ""H"", ""H"", ""H"", ""H"", ""H"", ""C"", ""C"", ""N"", ""C"", ""H"", ""H"", ""H"", ""H"", ""H"", ""H"", ""H"", ""C"", ""C"", ""N"", ""C"", ""H"", ""H"", ""H"", ""H"", ""H"", ""H"", ""H"", ""C"", ""C"", ""N"", ""C"", ""H"", ""H"", ""H"", ""H"", ""H"", ""H"", ""H"", ""C"", ""C"", ""N"", ""C"", ""H"", ""H"", ""H"", ""H"", ""H"", ""H"", ""H"", ""C"", ""C"", ""N"", ""C"", ""H"", ""H"", ""H"", ""H"", ""H"", ""H"", ""H"", ""C"", ""C"", ""N"", ""C"", ""H"", ""H"", ""H"", ""H"", ""H"", ""H"", ""H""]",C24H56N8,"[true, true, true]","[6.290790251031005, 0.0, 0.0, 0.0, 19.899869970595546, 0.0, -8.6589354610791, 0.0, 12.841173713770607]",1607.5339912443576,[],"{""cutoff=6.000_skin=0.000"": 4012, ""cutoff=6.000_skin=0.500"": 5472}",0.0,,
OPT-RF-U256-XATMOV88-R256-v1,f76be7fea227482e0d2e5078d97994299bbc9dfbe0681fde37169ce8641b13b1,OPT-RF-U256-XATMOV88-R256-v1:0153,XATMOV_C2_14_1426_z2_22,d960e4ba5ed6172dfaa877471489e26c1ff76d406c90874236e32cdd5f363919,153,cross_family_test_set,XATMOV/structures/XATMOV_C2_14_1426_z2_22.cif,0a24c2327317edf3552a0a7f8ed1527ae400de8e21787be61c6f7e0e259b0813,d960e4ba5ed6172dfaa877471489e26c1ff76d406c90874236e32cdd5f363919,0,88,"[""C"", ""C"", ""N"", ""C"", ""H"", ""H"", ""H"", ""H"", ""H"", ""H"", ""H"", ""C"", ""C"", ""N"", ""C"", ""H"", ""H"", ""H"", ""H"", ""H"", ""H"", ""H"", ""C"", ""C"", ""N"", ""C"", ""H"", ""H"", ""H"", ""H"", ""H"", ""H"", ""H"", ""C"", ""C"", ""N"", ""C"", ""H"", ""H"", ""H"", ""H"", ""H"", ""H"", ""H"", ""C"", ""C"", ""N"", ""C"", ""H"", ""H"", ""H"", ""H"", ""H"", ""H"", ""H"", ""C"", ""C"", ""N"", ""C"", ""H"", ""H"", ""H"", ""H"", ""H"", ""H"", ""H"", ""C"", ""C"", ""N"", ""C"", ""H"", ""H"", ""H"", ""H"", ""H"", ""H"", ""H"", ""C"", ""C"", ""N"", ""C"", ""H"", ""H"", ""H"", ""H"", ""H"", ""H"", ""H""]",C24H56N8,"[true, true, true]","[11.090970914563936, 0.0, 0.0, 0.0, 11.301449823710293, 0.0, 1.345677224812479, 0.0, 13.555404878128458]",1699.0893642625492,[],"{""cutoff=6.000_skin=0.000"": 4040, ""cutoff=6.000_skin=0.500"": 5064}",0.0,,
OPT-RF-U256-XATMOV88-R256-v1,f76be7fea227482e0d2e5078d97994299bbc9dfbe0681fde37169ce8641b13b1,OPT-RF-U256-XATMOV88-R256-v1:0154,XATMOV_C1_14_7381_z2_22,f32eb0c2abde5fbd7aba551882ad24a5fdc393dadb8fbe380d57e37e2c70a249,154,cross_family_test_set,XATMOV/structures/XATMOV_C1_14_7381_z2_22.cif,92ad7c904d09f0dc6a2d90ff279e93507800cbc0e4d7fc8af0c2a7b7f65e1a34,f32eb0c2abde5fbd7aba551882ad24a5fdc393dadb8fbe380d57e37e2c70a249,0,88,"[""C"", ""C"", ""N"", ""C"", ""H"", ""H"", ""H"", ""H"", ""H"", ""H"", ""H"", ""C"", ""C"", ""N"", ""C"", ""H"", ""H"", ""H"", ""H"", ""H"", ""H"", ""H"", ""C"", ""C"", ""N"", ""C"", ""H"", ""H"", ""H"", ""H"", ""H"", ""H"", ""H"", ""C"", ""C"", ""N"", ""C"", ""H"", ""H"", ""H"", ""H"", ""H"", ""H"", ""H"", ""C"", ""C"", ""N"", ""C"", ""H"", ""H"", ""H"", ""H"", ""H"", ""H"", ""H"", ""C"", ""C"", ""N"", ""C"", ""H"", ""H"", ""H"", ""H"", ""H"", ""H"", ""H"", ""C"", ""C"", ""N"", ""C"", ""H"", ""H"", ""H"", ""H"", ""H"", ""H"", ""H"", ""C"", ""C"", ""N"", ""C"", ""H"", ""H"", ""H"", ""H"", ""H"", ""H"", ""H""]",C24H56N8,"[true, true, true]","[14.754351157983777, 0.0, 0.0, 0.0, 7.427519272823432, 0.0, -4.514056108713142, 0.0, 14.40556503633981]",1578.6803396775008,[],"{""cutoff=6.000_skin=0.000"": 4052, ""cutoff=6.000_skin=0.500"": 5164}",0.0,,
OPT-RF-U256-XATMOV88-R256-v1,f76be7fea227482e0d2e5078d97994299bbc9dfbe0681fde37169ce8641b13b1,OPT-RF-U256-XATMOV88-R256-v1:0155,XATMOV_C2_14_3605_z2_22,82f63b9397f18b45821efb43c7e73742bf94cd8477ee56d559abe59bdfb01d24,155,cross_family_test_set,XATMOV/structures/XATMOV_C2_14_3605_z2_22.cif,a0764703bd9bedbb000c9b7083af330859a4e4edab1eb568eb8fd936fe572527,82f63b9397f18b45821efb43c7e73742bf94cd8477ee56d559abe59bdfb01d24,0,88,"[""C"", ""C"", ""N"", ""C"", ""H"", ""H"", ""H"", ""H"", ""H"", ""H"", ""H"", ""C"", ""C"", ""N"", ""C"", ""H"", ""H"", ""H"", ""H"", ""H"", ""H"", ""H"", ""C"", ""C"", ""N"", ""C"", ""H"", ""H"", ""H"", ""H"", ""H"", ""H"", ""H"", ""C"", ""C"", ""N"", ""C"", ""H"", ""H"", ""H"", ""H"", ""H"", ""H"", ""H"", ""C"", ""C"", ""N"", ""C"", ""H"", ""H"", ""H"", ""H"", ""H"", ""H"", ""H"", ""C"", ""C"", ""N"", ""C"", ""H"", ""H"", ""H"", ""H"", ""H"", ""H"", ""H"", ""C"", ""C"", ""N"", ""C"", ""H"", ""H"", ""H"", ""H"", ""H"", ""H"", ""H"", ""C"", ""C"", ""N"", ""C"", ""H"", ""H"", ""H"", ""H"", ""H"", ""H"", ""H""]",C24H56N8,"[true, true, true]","[12.793694366076451, 0.0, 0.0, 0.0, 12.877498692580787, 0.0, 2.889512148782214, 0.0, 11.129121787383138]",1833.531522702315,[],"{""cutoff=6.000_skin=0.000"": 4056, ""cutoff=6.000_skin=0.500"": 5072}",0.0,,
OPT-RF-U256-XATMOV88-R256-v1,f76be7fea227482e0d2e5078d97994299bbc9dfbe0681fde37169ce8641b13b1,OPT-RF-U256-XATMOV88-R256-v1:0156,XATMOV_C2_14_2198_z2_22,f810371aef80b6741057cec1f0d0c45c3b83841c1fdfb995157978563e57bbf6,156,cross_family_test_set,XATMOV/structures/XATMOV_C2_14_2198_z2_22.cif,b44ac77e16cab801fde44d69ea5931c611fa2d24d3cff03a907fbe18a3f8d499,f810371aef80b6741057cec1f0d0c45c3b83841c1fdfb995157978563e57bbf6,0,88,"[""C"", ""C"", ""N"", ""C"", ""H"", ""H"", ""H"", ""H"", ""H"", ""H"", ""H"", ""C"", ""C"", ""N"", ""C"", ""H"", ""H"", ""H"", ""H"", ""H"", ""H"", ""H"", ""C"", ""C"", ""N"", ""C"", ""H"", ""H"", ""H"", ""H"", ""H"", ""H"", ""H"", ""C"", ""C"", ""N"", ""C"", ""H"", ""H"", ""H"", ""H"", ""H"", ""H"", ""H"", ""C"", ""C"", ""N"", ""C"", ""H"", ""H"", ""H"", ""H"", ""H"", ""H"", ""H"", ""C"", ""C"", ""N"", ""C"", ""H"", ""H"", ""H"", ""H"", ""H"", ""H"", ""H"", ""C"", ""C"", ""N"", ""C"", ""H"", ""H"", ""H"", ""H"", ""H"", ""H"", ""H"", ""C"", ""C"", ""N"", ""C"", ""H"", ""H"", ""H"", ""H"", ""H"", ""H"", ""H""]",C24H56N8,"[true, true, true]","[10.72975696366047, 0.0, 0.0, 0.0, 15.881254465944352, 0.0, 0.7051955273895063, 0.0, 9.434073624764896]",1607.585020388684,[],"{""cutoff=6.000_skin=0.000"": 4068, ""cutoff=6.000_skin=0.500"": 5216}",0.0,,
OPT-RF-U256-XATMOV88-R256-v1,f76be7fea227482e0d2e5078d97994299bbc9dfbe0681fde37169ce8641b13b1,OPT-RF-U256-XATMOV88-R256-v1:0157,XATMOV_C1_14_5834_z2_22,70666bdfa1432dae9080ef4fb52898c2b3f1b8bf9690fe6707b2a91d234e82bb,157,cross_family_test_set,XATMOV/structures/XATMOV_C1_14_5834_z2_22.cif,ec3aa8acd8ee2ebcec84c20e6f203d7c0af7574e7b12e82ba077f1bd1df363fa,70666bdfa1432dae9080ef4fb52898c2b3f1b8bf9690fe6707b2a91d234e82bb,0,88,"[""C"", ""C"", ""N"", ""C"", ""H"", ""H"", ""H"", ""H"", ""H"", ""H"", ""H"", ""C"", ""C"", ""N"", ""C"", ""H"", ""H"", ""H"", ""H"", ""H"", ""H"", ""H"", ""C"", ""C"", ""N"", ""C"", ""H"", ""H"", ""H"", ""H"", ""H"", ""H"", ""H"", ""C"", ""C"", ""N"", ""C"", ""H"", ""H"", ""H"", ""H"", ""H"", ""H"", ""H"", ""C"", ""C"", ""N"", ""C"", ""H"", ""H"", ""H"", ""H"", ""H"", ""H"", ""H"", ""C"", ""C"", ""N"", ""C"", ""H"", ""H"", ""H"", ""H"", ""H"", ""H"", ""H"", ""C"", ""C"", ""N"", ""C"", ""H"", ""H"", ""H"", ""H"", ""H"", ""H"", ""H"", ""C"", ""C"", ""N"", ""C"", ""H"", ""H"", ""H"", ""H"", ""H"", ""H"", ""H""]",C24H56N8,"[true, true, true]","[12.019587245003677, 0.0, 0.0, 0.0, 12.469495591521763, 0.0, -0.21973169216689206, 0.0, 10.400194940119194]",1558.7623949724937,[],"{""cutoff=6.000_skin=0.000"": 4084, ""cutoff=6.000_skin=0.500"": 5476}",0.0,,
OPT-RF-U256-XATMOV88-R256-v1,f76be7fea227482e0d2e5078d97994299bbc9dfbe0681fde37169ce8641b13b1,OPT-RF-U256-XATMOV88-R256-v1:0158,XATMOV_C1_14_803_z2_22,f7124ea4bec759d86583e5e15db456a7354b3feabd2e89a8cf0a8a0e2027154d,158,cross_family_test_set,XATMOV/structures/XATMOV_C1_14_803_z2_22.cif,17863e594728b9513d2cda5c95d6c5f75180186ff2d1e5be4eb93ab768b10d9e,f7124ea4bec759d86583e5e15db456a7354b3feabd2e89a8cf0a8a0e2027154d,0,88,"[""C"", ""C"", ""N"", ""C"", ""H"", ""H"", ""H"", ""H"", ""H"", ""H"", ""H"", ""C"", ""C"", ""N"", ""C"", ""H"", ""H"", ""H"", ""H"", ""H"", ""H"", ""H"", ""C"", ""C"", ""N"", ""C"", ""H"", ""H"", ""H"", ""H"", ""H"", ""H"", ""H"", ""C"", ""C"", ""N"", ""C"", ""H"", ""H"", ""H"", ""H"", ""H"", ""H"", ""H"", ""C"", ""C"", ""N"", ""C"", ""H"", ""H"", ""H"", ""H"", ""H"", ""H"", ""H"", ""C"", ""C"", ""N"", ""C"", ""H"", ""H"", ""H"", ""H"", ""H"", ""H"", ""H"", ""C"", ""C"", ""N"", ""C"", ""H"", ""H"", ""H"", ""H"", ""H"", ""H"", ""H"", ""C"", ""C"", ""N"", ""C"", ""H"", ""H"", ""H"", ""H"", ""H"", ""H"", ""H""]",C24H56N8,"[true, true, true]","[12.32401267736222, 0.0, 0.0, 0.0, 13.129566996139133, 0.0, 3.556748605177389, 0.0, 9.835722658981558]",1591.5079570101104,[],"{""cutoff=6.000_skin=0.000"": 4088, ""cutoff=6.000_skin=0.500"": 5432}",0.0,,
OPT-RF-U256-XATMOV88-R256-v1,f76be7fea227482e0d2e5078d97994299bbc9dfbe0681fde37169ce8641b13b1,OPT-RF-U256-XATMOV88-R256-v1:0159,XATMOV_C2_14_4729_z2_22,a8ee8c18ace967125661a071a50a47b93f78477398fff383c42e0219bda61a1d,159,cross_family_test_set,XATMOV/structures/XATMOV_C2_14_4729_z2_22.cif,8ffbf1f3044ea83a29f7d069c37127f23c31813d6842e1a93d74dac8786f2d35,a8ee8c18ace967125661a071a50a47b93f78477398fff383c42e0219bda61a1d,0,88,"[""C"", ""C"", ""N"", ""C"", ""H"", ""H"", ""H"", ""H"", ""H"", ""H"", ""H"", ""C"", ""C"", ""N"", ""C"", ""H"", ""H"", ""H"", ""H"", ""H"", ""H"", ""H"", ""C"", ""C"", ""N"", ""C"", ""H"", ""H"", ""H"", ""H"", ""H"", ""H"", ""H"", ""C"", ""C"", ""N"", ""C"", ""H"", ""H"", ""H"", ""H"", ""H"", ""H"", ""H"", ""C"", ""C"", ""N"", ""C"", ""H"", ""H"", ""H"", ""H"", ""H"", ""H"", ""H"", ""C"", ""C"", ""N"", ""C"", ""H"", ""H"", ""H"", ""H"", ""H"", ""H"", ""H"", ""C"", ""C"", ""N"", ""C"", ""H"", ""H"", ""H"", ""H"", ""H"", ""H"", ""H"", ""C"", ""C"", ""N"", ""C"", ""H"", ""H"", ""H"", ""H"", ""H"", ""H"", ""H""]",C24H56N8,"[true, true, true]","[17.000360179751468, 0.0, 0.0, 0.0, 10.980406709667186, 0.0, -6.648165003378498, 0.0, 9.596161511457339]",1791.3238082593732,[],"{""cutoff=6.000_skin=0.000"": 4088, ""cutoff=6.000_skin=0.500"": 5028}",0.0,,
OPT-RF-U256-XATMOV88-R256-v1,f76be7fea227482e0d2e5078d97994299bbc9dfbe0681fde37169ce8641b13b1,OPT-RF-U256-XATMOV88-R256-v1:0160,XATMOV_C2_14_2969_z2_22,2f8407bcb94cd9ab816941dd57cd93c04f99b09a350d0dbefe24152c05656c99,160,cross_family_test_set,XATMOV/structures/XATMOV_C2_14_2969_z2_22.cif,4d7a7f5daeea857f1da4721034c95c05a101b42875855df9a3f58a41af5ddbd6,2f8407bcb94cd9ab816941dd57cd93c04f99b09a350d0dbefe24152c05656c99,0,88,"[""C"", ""C"", ""N"", ""C"", ""H"", ""H"", ""H"", ""H"", ""H"", ""H"", ""H"", ""C"", ""C"", ""N"", ""C"", ""H"", ""H"", ""H"", ""H"", ""H"", ""H"", ""H"", ""C"", ""C"", ""N"", ""C"", ""H"", ""H"", ""H"", ""H"", ""H"", ""H"", ""H"", ""C"", ""C"", ""N"", ""C"", ""H"", ""H"", ""H"", ""H"", ""H"", ""H"", ""H"", ""C"", ""C"", ""N"", ""C"", ""H"", ""H"", ""H"", ""H"", ""H"", ""H"", ""H"", ""C"", ""C"", ""N"", ""C"", ""H"", ""H"", ""H"", ""H"", ""H"", ""H"", ""H"", ""C"", ""C"", ""N"", ""C"", ""H"", ""H"", ""H"", ""H"", ""H"", ""H"", ""H"", ""C"", ""C"", ""N"", ""C"", ""H"", ""H"", ""H"", ""H"", ""H"", ""H"", ""H""]",C24H56N8,"[true, true, true]","[12.265418761332228, 0.0, 0.0, 0.0, 14.091340154687792, 0.0, 4.720382807375228, 0.0, 9.058717489250654]",1565.6741981560674,[],"{""cutoff=6.000_skin=0.000"": 4108, ""cutoff=6.000_skin=0.500"": 5516}",0.0,,
OPT-RF-U256-XATMOV88-R256-v1,f76be7fea227482e0d2e5078d97994299bbc9dfbe0681fde37169ce8641b13b1,OPT-RF-U256-XATMOV88-R256-v1:0161,XATMOV_C1_14_979_z2_22,d8fb2518ceb17afc558da896049540a028ed3ed44f1e84defafb45cccc9c27af,161,cross_family_test_set,XATMOV/structures/XATMOV_C1_14_979_z2_22.cif,2e1714dc63733ec7f0827cce94bd5278f0cdd719686eabb62017dfe4b02f016f,d8fb2518ceb17afc558da896049540a028ed3ed44f1e84defafb45cccc9c27af,0,88,"[""C"", ""C"", ""N"", ""C"", ""H"", ""H"", ""H"", ""H"", ""H"", ""H"", ""H"", ""C"", ""C"", ""N"", ""C"", ""H"", ""H"", ""H"", ""H"", ""H"", ""H"", ""H"", ""C"", ""C"", ""N"", ""C"", ""H"", ""H"", ""H"", ""H"", ""H"", ""H"", ""H"", ""C"", ""C"", ""N"", ""C"", ""H"", ""H"", ""H"", ""H"", ""H"", ""H"", ""H"", ""C"", ""C"", ""N"", ""C"", ""H"", ""H"", ""H"", ""H"", ""H"", ""H"", ""H"", ""C"", ""C"", ""N"", ""C"", ""H"", ""H"", ""H"", ""H"", ""H"", ""H"", ""H"", ""C"", ""C"", ""N"", ""C"", ""H"", ""H"", ""H"", ""H"", ""H"", ""H"", ""H"", ""C"", ""C"", ""N"", ""C"", ""H"", ""H"", ""H"", ""H"", ""H"", ""H"", ""H""]",C24H56N8,"[true, true, true]","[5.55730084781492, 0.0, 0.0, 0.0, 19.271145720132793, 0.0, -3.23222072847054, 0.0, 14.809235409033581]",1586.0032770941239,[],"{""cutoff=6.000_skin=0.000"": 4116, ""cutoff=6.000_skin=0.500"": 5308}",0.0,,
OPT-RF-U256-XATMOV88-R256-v1,f76be7fea227482e0d2e5078d97994299bbc9dfbe0681fde37169ce8641b13b1,OPT-RF-U256-XATMOV88-R256-v1:0162,XATMOV_C2_14_6409_z2_22,e09ee51c2774a3963c62a57919b263d9532f7151ea9b407e803942e1d7816129,162,cross_family_test_set,XATMOV/structures/XATMOV_C2_14_6409_z2_22.cif,242927d53d558ff1d83693d9906c851ccf5e2ba0e3b4f396feead6f7fc28b37d,e09ee51c2774a3963c62a57919b263d9532f7151ea9b407e803942e1d7816129,0,88,"[""C"", ""C"", ""N"", ""C"", ""H"", ""H"", ""H"", ""H"", ""H"", ""H"", ""H"", ""C"", ""C"", ""N"", ""C"", ""H"", ""H"", ""H"", ""H"", ""H"", ""H"", ""H"", ""C"", ""C"", ""N"", ""C"", ""H"", ""H"", ""H"", ""H"", ""H"", ""H"", ""H"", ""C"", ""C"", ""N"", ""C"", ""H"", ""H"", ""H"", ""H"", ""H"", ""H"", ""H"", ""C"", ""C"", ""N"", ""C"", ""H"", ""H"", ""H"", ""H"", ""H"", ""H"", ""H"", ""C"", ""C"", ""N"", ""C"", ""H"", ""H"", ""H"", ""H"", ""H"", ""H"", ""H"", ""C"", ""C"", ""N"", ""C"", ""H"", ""H"", ""H"", ""H"", ""H"", ""H"", ""H"", ""C"", ""C"", ""N"", ""C"", ""H"", ""H"", ""H"", ""H"", ""H"", ""H"", ""H""]",C24H56N8,"[true, true, true]","[11.323681480758381, 0.0, 0.0, 0.0, 11.213068170088256, 0.0, 4.155659723083926, 0.0, 12.255200147425962]",1556.0821310798667,[],"{""cutoff=6.000_skin=0.000"": 4116, ""cutoff=6.000_skin=0.500"": 5640}",0.0,,
OPT-RF-U256-XATMOV88-R256-v1,f76be7fea227482e0d2e5078d97994299bbc9dfbe0681fde37169ce8641b13b1,OPT-RF-U256-XATMOV88-R256-v1:0163,XATMOV_C2_14_4475_z2_22,7cef150224c74f520bbccd440d64ba0203601694fa5fd75abf6d5f678aa5e9f9,163,cross_family_test_set,XATMOV/structures/XATMOV_C2_14_4475_z2_22.cif,1078a067803d26831becc7568fc618a9a7dc334b5e8431ee81df82650ef621f3,7cef150224c74f520bbccd440d64ba0203601694fa5fd75abf6d5f678aa5e9f9,0,88,"[""C"", ""C"", ""N"", ""C"", ""H"", ""H"", ""H"", ""H"", ""H"", ""H"", ""H"", ""C"", ""C"", ""N"", ""C"", ""H"", ""H"", ""H"", ""H"", ""H"", ""H"", ""H"", ""C"", ""C"", ""N"", ""C"", ""H"", ""H"", ""H"", ""H"", ""H"", ""H"", ""H"", ""C"", ""C"", ""N"", ""C"", ""H"", ""H"", ""H"", ""H"", ""H"", ""H"", ""H"", ""C"", ""C"", ""N"", ""C"", ""H"", ""H"", ""H"", ""H"", ""H"", ""H"", ""H"", ""C"", ""C"", ""N"", ""C"", ""H"", ""H"", ""H"", ""H"", ""H"", ""H"", ""H"", ""C"", ""C"", ""N"", ""C"", ""H"", ""H"", ""H"", ""H"", ""H"", ""H"", ""H"", ""C"", ""C"", ""N"", ""C"", ""H"", ""H"", ""H"", ""H"", ""H"", ""H"", ""H""]",C24H56N8,"[true, true, true]","[12.361978795385937, 0.0, 0.0, 0.0, 9.864117385032621, 0.0, -2.649049528352251, 0.0, 12.764676916882184]",1556.5248302400148,[],"{""cutoff=6.000_skin=0.000"": 4156, ""cutoff=6.000_skin=0.500"": 5436}",0.0,,
OPT-RF-U256-XATMOV88-R256-v1,f76be7fea227482e0d2e5078d97994299bbc9dfbe0681fde37169ce8641b13b1,OPT-RF-U256-XATMOV88-R256-v1:0164,XATMOV_C1_14_1339_z2_22,d77443bde1027f1f32ac0475cf264813f97f4093543cff186a9333442723f2f9,164,cross_family_test_set,XATMOV/structures/XATMOV_C1_14_1339_z2_22.cif,993edf143ff6df9f9d3f7e0bef2cc7116af095f8ee8e91282a7f9b18be6c0455,d77443bde1027f1f32ac0475cf264813f97f4093543cff186a9333442723f2f9,0,88,"[""C"", ""C"", ""N"", ""C"", ""H"", ""H"", ""H"", ""H"", ""H"", ""H"", ""H"", ""C"", ""C"", ""N"", ""C"", ""H"", ""H"", ""H"", ""H"", ""H"", ""H"", ""H"", ""C"", ""C"", ""N"", ""C"", ""H"", ""H"", ""H"", ""H"", ""H"", ""H"", ""H"", ""C"", ""C"", ""N"", ""C"", ""H"", ""H"", ""H"", ""H"", ""H"", ""H"", ""H"", ""C"", ""C"", ""N"", ""C"", ""H"", ""H"", ""H"", ""H"", ""H"", ""H"", ""H"", ""C"", ""C"", ""N"", ""C"", ""H"", ""H"", ""H"", ""H"", ""H"", ""H"", ""H"", ""C"", ""C"", ""N"", ""C"", ""H"", ""H"", ""H"", ""H"", ""H"", ""H"", ""H"", ""C"", ""C"", ""N"", ""C"", ""H"", ""H"", ""H"", ""H"", ""H"", ""H"", ""H""]",C24H56N8,"[true, true, true]","[13.106178702833994, 0.0, 0.0, 0.0, 13.463697895617742, 0.0, -3.6559342350631003, 0.0, 9.715683494632431]",1714.4064893257732,[],"{""cutoff=6.000_skin=0.000"": 4176, ""cutoff=6.000_skin=0.500"": 5228}",0.0,,
OPT-RF-U256-XATMOV88-R256-v1,f76be7fea227482e0d2e5078d97994299bbc9dfbe0681fde37169ce8641b13b1,OPT-RF-U256-XATMOV88-R256-v1:0165,XATMOV_C2_14_2266_z2_22,86789ca30cce5fba91d960946e6d0b6e849dc1978519f173a6e8f31f29b9adc9,165,cross_family_test_set,XATMOV/structures/XATMOV_C2_14_2266_z2_22.cif,c056aac09cbe285a375e0111a9f853f2ef1b5f056cfd7ccbed58dc79f7e1455f,86789ca30cce5fba91d960946e6d0b6e849dc1978519f173a6e8f31f29b9adc9,0,88,"[""C"", ""C"", ""N"", ""C"", ""H"", ""H"", ""H"", ""H"", ""H"", ""H"", ""H"", ""C"", ""C"", ""N"", ""C"", ""H"", ""H"", ""H"", ""H"", ""H"", ""H"", ""H"", ""C"", ""C"", ""N"", ""C"", ""H"", ""H"", ""H"", ""H"", ""H"", ""H"", ""H"", ""C"", ""C"", ""N"", ""C"", ""H"", ""H"", ""H"", ""H"", ""H"", ""H"", ""H"", ""C"", ""C"", ""N"", ""C"", ""H"", ""H"", ""H"", ""H"", ""H"", ""H"", ""H"", ""C"", ""C"", ""N"", ""C"", ""H"", ""H"", ""H"", ""H"", ""H"", ""H"", ""H"", ""C"", ""C"", ""N"", ""C"", ""H"", ""H"", ""H"", ""H"", ""H"", ""H"", ""H"", ""C"", ""C"", ""N"", ""C"", ""H"", ""H"", ""H"", ""H"", ""H"", ""H"", ""H""]",C24H56N8,"[true, true, true]","[11.692107183239933, 0.0, 0.0, 0.0, 10.932008528216102, 0.0, 0.29497847600564964, 0.0, 12.154845292086643]",1553.6106341837474,[],"{""cutoff=6.000_skin=0.000"": 4196, ""cutoff=6.000_skin=0.500"": 5556}",0.0,,
OPT-RF-U256-XATMOV88-R256-v1,f76be7fea227482e0d2e5078d97994299bbc9dfbe0681fde37169ce8641b13b1,OPT-RF-U256-XATMOV88-R256-v1:0166,XATMOV_C2_14_2033_z2_22,8ebfa4e3d18dd1de51af309fcf84644f11b2391a04eefdc5cb7c40d1d1038556,166,cross_family_test_set,XATMOV/structures/XATMOV_C2_14_2033_z2_22.cif,b02cd4b70a78ba83ae659ae6dbc3fbf574d0d9f8a402d70bd9f6b6aa9d7641b9,8ebfa4e3d18dd1de51af309fcf84644f11b2391a04eefdc5cb7c40d1d1038556,0,88,"[""C"", ""C"", ""N"", ""C"", ""H"", ""H"", ""H"", ""H"", ""H"", ""H"", ""H"", ""C"", ""C"", ""N"", ""C"", ""H"", ""H"", ""H"", ""H"", ""H"", ""H"", ""H"", ""C"", ""C"", ""N"", ""C"", ""H"", ""H"", ""H"", ""H"", ""H"", ""H"", ""H"", ""C"", ""C"", ""N"", ""C"", ""H"", ""H"", ""H"", ""H"", ""H"", ""H"", ""H"", ""C"", ""C"", ""N"", ""C"", ""H"", ""H"", ""H"", ""H"", ""H"", ""H"", ""H"", ""C"", ""C"", ""N"", ""C"", ""H"", ""H"", ""H"", ""H"", ""H"", ""H"", ""H"", ""C"", ""C"", ""N"", ""C"", ""H"", ""H"", ""H"", ""H"", ""H"", ""H"", ""H"", ""C"", ""C"", ""N"", ""C"", ""H"", ""H"", ""H"", ""H"", ""H"", ""H"", ""H""]",C24H56N8,"[true, true, true]","[9.906321484190563, 0.0, 0.0, 0.0, 9.227880682456885, 0.0, -1.651953175484627, 0.0, 17.331152176745867]",1584.3160570574523,[],"{""cutoff=6.000_skin=0.000"": 4200, ""cutoff=6.000_skin=0.500"": 5320}",0.0,,
OPT-RF-U256-XATMOV88-R256-v1,f76be7fea227482e0d2e5078d97994299bbc9dfbe0681fde37169ce8641b13b1,OPT-RF-U256-XATMOV88-R256-v1:0167,XATMOV_C1_14_294_z2_22,734feb2b6234c1d7c571e376c3b8e205af1396d0a389f62860f90375f0f84071,167,cross_family_test_set,XATMOV/structures/XATMOV_C1_14_294_z2_22.cif,8a0fabf63d2c46d658947e4bae37332addbeb4ca9bf29a4f6ec1ce088ac7f4d6,734feb2b6234c1d7c571e376c3b8e205af1396d0a389f62860f90375f0f84071,0,88,"[""C"", ""C"", ""N"", ""C"", ""H"", ""H"", ""H"", ""H"", ""H"", ""H"", ""H"", ""C"", ""C"", ""N"", ""C"", ""H"", ""H"", ""H"", ""H"", ""H"", ""H"", ""H"", ""C"", ""C"", ""N"", ""C"", ""H"", ""H"", ""H"", ""H"", ""H"", ""H"", ""H"", ""C"", ""C"", ""N"", ""C"", ""H"", ""H"", ""H"", ""H"", ""H"", ""H"", ""H"", ""C"", ""C"", ""N"", ""C"", ""H"", ""H"", ""H"", ""H"", ""H"", ""H"", ""H"", ""C"", ""C"", ""N"", ""C"", ""H"", ""H"", ""H"", ""H"", ""H"", ""H"", ""H"", ""C"", ""C"", ""N"", ""C"", ""H"", ""H"", ""H"", ""H"", ""H"", ""H"", ""H"", ""C"", ""C"", ""N"", ""C"", ""H"", ""H"", ""H"", ""H"", ""H"", ""H"", ""H""]",C24H56N8,"[true, true, true]","[15.659829476902463, 0.0, 0.0, 0.0, 7.162064599585889, 0.0, -6.2907708476857644, 0.0, 13.446775034513346]",1508.1460524464887,[],"{""cutoff=6.000_skin=0.000"": 4204, ""cutoff=6.000_skin=0.500"": 5688}",0.0,,
OPT-RF-U256-XATMOV88-R256-v1,f76be7fea227482e0d2e5078d97994299bbc9dfbe0681fde37169ce8641b13b1,OPT-RF-U256-XATMOV88-R256-v1:0168,XATMOV_C2_14_6064_z2_22,1019ff56de0ea4ee9d271364896a6da37488fa8ebfa7f834658fd4243f5d9b36,168,cross_family_test_set,XATMOV/structures/XATMOV_C2_14_6064_z2_22.cif,5314157290dcd4d9c606c6cac91e7c1780ed39be8c1a4d949d3e7da6c9e3735c,1019ff56de0ea4ee9d271364896a6da37488fa8ebfa7f834658fd4243f5d9b36,0,88,"[""C"", ""C"", ""N"", ""C"", ""H"", ""H"", ""H"", ""H"", ""H"", ""H"", ""H"", ""C"", ""C"", ""N"", ""C"", ""H"", ""H"", ""H"", ""H"", ""H"", ""H"", ""H"", ""C"", ""C"", ""N"", ""C"", ""H"", ""H"", ""H"", ""H"", ""H"", ""H"", ""H"", ""C"", ""C"", ""N"", ""C"", ""H"", ""H"", ""H"", ""H"", ""H"", ""H"", ""H"", ""C"", ""C"", ""N"", ""C"", ""H"", ""H"", ""H"", ""H"", ""H"", ""H"", ""H"", ""C"", ""C"", ""N"", ""C"", ""H"", ""H"", ""H"", ""H"", ""H"", ""H"", ""H"", ""C"", ""C"", ""N"", ""C"", ""H"", ""H"", ""H"", ""H"", ""H"", ""H"", ""H"", ""C"", ""C"", ""N"", ""C"", ""H"", ""H"", ""H"", ""H"", ""H"", ""H"", ""H""]",C24H56N8,"[true, true, true]","[11.10545775021955, 0.0, 0.0, 0.0, 10.497147470957835, 0.0, 3.1200922477702737, 0.0, 13.301002148792753]",1550.5726750206666,[],"{""cutoff=6.000_skin=0.000"": 4208, ""cutoff=6.000_skin=0.500"": 5324}",0.0,,
OPT-RF-U256-XATMOV88-R256-v1,f76be7fea227482e0d2e5078d97994299bbc9dfbe0681fde37169ce8641b13b1,OPT-RF-U256-XATMOV88-R256-v1:0169,XATMOV_C2_14_6945_z2_22,2ac40d24440da7e3335b6a137b3cf7e202e7a6758618ac2d870de6074b4761a9,169,cross_family_test_set,XATMOV/structures/XATMOV_C2_14_6945_z2_22.cif,8d776f75f4a1d2d3f2d6f0828b54b8cf775819d219c1ba79a4777e502acd68de,2ac40d24440da7e3335b6a137b3cf7e202e7a6758618ac2d870de6074b4761a9,0,88,"[""C"", ""C"", ""N"", ""C"", ""H"", ""H"", ""H"", ""H"", ""H"", ""H"", ""H"", ""C"", ""C"", ""N"", ""C"", ""H"", ""H"", ""H"", ""H"", ""H"", ""H"", ""H"", ""C"", ""C"", ""N"", ""C"", ""H"", ""H"", ""H"", ""H"", ""H"", ""H"", ""H"", ""C"", ""C"", ""N"", ""C"", ""H"", ""H"", ""H"", ""H"", ""H"", ""H"", ""H"", ""C"", ""C"", ""N"", ""C"", ""H"", ""H"", ""H"", ""H"", ""H"", ""H"", ""H"", ""C"", ""C"", ""N"", ""C"", ""H"", ""H"", ""H"", ""H"", ""H"", ""H"", ""H"", ""C"", ""C"", ""N"", ""C"", ""H"", ""H"", ""H"", ""H"", ""H"", ""H"", ""H"", ""C"", ""C"", ""N"", ""C"", ""H"", ""H"", ""H"", ""H"", ""H"", ""H"", ""H""]",C24H56N8,"[true, true, true]","[8.402079309826362, 0.0, 0.0, 0.0, 13.100762828187598, 0.0, 2.664746153259707, 0.0, 13.539677652201505]",1490.3617160062372,[],"{""cutoff=6.000_skin=0.000"": 4236, ""cutoff=6.000_skin=0.500"": 5544}",0.0,,
OPT-RF-U256-XATMOV88-R256-v1,f76be7fea227482e0d2e5078d97994299bbc9dfbe0681fde37169ce8641b13b1,OPT-RF-U256-XATMOV88-R256-v1:0170,XATMOV_C1_14_321_z2_22,860b987b21fe4a62be329434ebe665738ea86088414b2ad7639912d8e051183a,170,cross_family_test_set,XATMOV/structures/XATMOV_C1_14_321_z2_22.cif,d920cf81f881cea4a716c21fc67c251357600334101a8a13543b59b9051abfde,860b987b21fe4a62be329434ebe665738ea86088414b2ad7639912d8e051183a,0,88,"[""C"", ""C"", ""N"", ""C"", ""H"", ""H"", ""H"", ""H"", ""H"", ""H"", ""H"", ""C"", ""C"", ""N"", ""C"", ""H"", ""H"", ""H"", ""H"", ""H"", ""H"", ""H"", ""C"", ""C"", ""N"", ""C"", ""H"", ""H"", ""H"", ""H"", ""H"", ""H"", ""H"", ""C"", ""C"", ""N"", ""C"", ""H"", ""H"", ""H"", ""H"", ""H"", ""H"", ""H"", ""C"", ""C"", ""N"", ""C"", ""H"", ""H"", ""H"", ""H"", ""H"", ""H"", ""H"", ""C"", ""C"", ""N"", ""C"", ""H"", ""H"", ""H"", ""H"", ""H"", ""H"", ""H"", ""C"", ""C"", ""N"", ""C"", ""H"", ""H"", ""H"", ""H"", ""H"", ""H"", ""H"", ""C"", ""C"", ""N"", ""C"", ""H"", ""H"", ""H"", ""H"", ""H"", ""H"", ""H""]",C24H56N8,"[true, true, true]","[11.20300855229047, 0.0, 0.0, 0.0, 12.970141346502928, 0.0, -4.3100058437207505, 0.0, 10.62557413956326]",1543.944847183317,[],"{""cutoff=6.000_skin=0.000"": 4248, ""cutoff=6.000_skin=0.500"": 5532}",0.0,,
OPT-RF-U256-XATMOV88-R256-v1,f76be7fea227482e0d2e5078d97994299bbc9dfbe0681fde37169ce8641b13b1,OPT-RF-U256-XATMOV88-R256-v1:0171,XATMOV_C1_14_4980_z2_22,925049606336104a5f21e25f403b7d0bfa62e34b45fb827d7fdcd2ba81f8ee03,171,cross_family_test_set,XATMOV/structures/XATMOV_C1_14_4980_z2_22.cif,c1573d0174900db02be0edfbf08e29ce35cdc53514903ef756410e20045e5efc,925049606336104a5f21e25f403b7d0bfa62e34b45fb827d7fdcd2ba81f8ee03,0,88,"[""C"", ""C"", ""N"", ""C"", ""H"", ""H"", ""H"", ""H"", ""H"", ""H"", ""H"", ""C"", ""C"", ""N"", ""C"", ""H"", ""H"", ""H"", ""H"", ""H"", ""H"", ""H"", ""C"", ""C"", ""N"", ""C"", ""H"", ""H"", ""H"", ""H"", ""H"", ""H"", ""H"", ""C"", ""C"", ""N"", ""C"", ""H"", ""H"", ""H"", ""H"", ""H"", ""H"", ""H"", ""C"", ""C"", ""N"", ""C"", ""H"", ""H"", ""H"", ""H"", ""H"", ""H"", ""H"", ""C"", ""C"", ""N"", ""C"", ""H"", ""H"", ""H"", ""H"", ""H"", ""H"", ""H"", ""C"", ""C"", ""N"", ""C"", ""H"", ""H"", ""H"", ""H"", ""H"", ""H"", ""H"", ""C"", ""C"", ""N"", ""C"", ""H"", ""H"", ""H"", ""H"", ""H"", ""H"", ""H""]",C24H56N8,"[true, true, true]","[12.092552731004531, 0.0, 0.0, 0.0, 10.592152010085869, 0.0, 1.228193428419251, 0.0, 11.906862217780475]",1525.1042200317233,[],"{""cutoff=6.000_skin=0.000"": 4256, ""cutoff=6.000_skin=0.500"": 5848}",0.0,,
OPT-RF-U256-XATMOV88-R256-v1,f76be7fea227482e0d2e5078d97994299bbc9dfbe0681fde37169ce8641b13b1,OPT-RF-U256-XATMOV88-R256-v1:0172,XATMOV_C1_14_7188_z2_22,87d602351ce66232fc28bf019e545e73768b630e35c5f8a1cfbaf2f21f56cf46,172,cross_family_test_set,XATMOV/structures/XATMOV_C1_14_7188_z2_22.cif,4430b6bd45ae28518f1fbde50f2fb3eedd3d6ed4783eae22ec5b11c6f591aee4,87d602351ce66232fc28bf019e545e73768b630e35c5f8a1cfbaf2f21f56cf46,0,88,"[""C"", ""C"", ""N"", ""C"", ""H"", ""H"", ""H"", ""H"", ""H"", ""H"", ""H"", ""C"", ""C"", ""N"", ""C"", ""H"", ""H"", ""H"", ""H"", ""H"", ""H"", ""H"", ""C"", ""C"", ""N"", ""C"", ""H"", ""H"", ""H"", ""H"", ""H"", ""H"", ""H"", ""C"", ""C"", ""N"", ""C"", ""H"", ""H"", ""H"", ""H"", ""H"", ""H"", ""H"", ""C"", ""C"", ""N"", ""C"", ""H"", ""H"", ""H"", ""H"", ""H"", ""H"", ""H"", ""C"", ""C"", ""N"", ""C"", ""H"", ""H"", ""H"", ""H"", ""H"", ""H"", ""H"", ""C"", ""C"", ""N"", ""C"", ""H"", ""H"", ""H"", ""H"", ""H"", ""H"", ""H"", ""C"", ""C"", ""N"", ""C"", ""H"", ""H"", ""H"", ""H"", ""H"", ""H"", ""H""]",C24H56N8,"[true, true, true]","[12.320502219514438, 0.0, 0.0, 0.0, 12.677384725859532, 0.0, 0.2256543185029, 0.0, 10.013892832207166]",1564.087412254295,[],"{""cutoff=6.000_skin=0.000"": 4296, ""cutoff=6.000_skin=0.500"": 5616}",0.0,,
OPT-RF-U256-XATMOV88-R256-v1,f76be7fea227482e0d2e5078d97994299bbc9dfbe0681fde37169ce8641b13b1,OPT-RF-U256-XATMOV88-R256-v1:0173,XATMOV_C2_14_1266_z2_22,738e09a309940aa2bd68b3b4ecb8a6b66b361e182295cfc303ab2187aeed208d,173,cross_family_test_set,XATMOV/structures/XATMOV_C2_14_1266_z2_22.cif,159a8e4e3c251c780d8cbd70f8888d711b890fb810ca81ad3cbe0bcd6953595c,738e09a309940aa2bd68b3b4ecb8a6b66b361e182295cfc303ab2187aeed208d,0,88,"[""C"", ""C"", ""N"", ""C"", ""H"", ""H"", ""H"", ""H"", ""H"", ""H"", ""H"", ""C"", ""C"", ""N"", ""C"", ""H"", ""H"", ""H"", ""H"", ""H"", ""H"", ""H"", ""C"", ""C"", ""N"", ""C"", ""H"", ""H"", ""H"", ""H"", ""H"", ""H"", ""H"", ""C"", ""C"", ""N"", ""C"", ""H"", ""H"", ""H"", ""H"", ""H"", ""H"", ""H"", ""C"", ""C"", ""N"", ""C"", ""H"", ""H"", ""H"", ""H"", ""H"", ""H"", ""H"", ""C"", ""C"", ""N"", ""C"", ""H"", ""H"", ""H"", ""H"", ""H"", ""H"", ""H"", ""C"", ""C"", ""N"", ""C"", ""H"", ""H"", ""H"", ""H"", ""H"", ""H"", ""H"", ""C"", ""C"", ""N"", ""C"", ""H"", ""H"", ""H"", ""H"", ""H"", ""H"", ""H""]",C24H56N8,"[true, true, true]","[15.999878440659295, 0.0, 0.0, 0.0, 9.933325230065797, 0.0, 6.407560124928526, 0.0, 10.095419403984462]",1604.4851582766255,[],"{""cutoff=6.000_skin=0.000"": 4308, ""cutoff=6.000_skin=0.500"": 5380}",0.0,,
OPT-RF-U256-XATMOV88-R256-v1,f76be7fea227482e0d2e5078d97994299bbc9dfbe0681fde37169ce8641b13b1,OPT-RF-U256-XATMOV88-R256-v1:0174,XATMOV_C2_14_4161_z2_22,68ef6dccecf18cf5987fff8d2ef079ce55439196bd18cc22ec2a817cb617b0c5,174,cross_family_test_set,XATMOV/structures/XATMOV_C2_14_4161_z2_22.cif,0dab1ed33c7c454043d80e890405c6c8bdc64b9099bf40af4f60eb806bb65577,68ef6dccecf18cf5987fff8d2ef079ce55439196bd18cc22ec2a817cb617b0c5,0,88,"[""C"", ""C"", ""N"", ""C"", ""H"", ""H"", ""H"", ""H"", ""H"", ""H"", ""H"", ""C"", ""C"", ""N"", ""C"", ""H"", ""H"", ""H"", ""H"", ""H"", ""H"", ""H"", ""C"", ""C"", ""N"", ""C"", ""H"", ""H"", ""H"", ""H"", ""H"", ""H"", ""H"", ""C"", ""C"", ""N"", ""C"", ""H"", ""H"", ""H"", ""H"", ""H"", ""H"", ""H"", ""C"", ""C"", ""N"", ""C"", ""H"", ""H"", ""H"", ""H"", ""H"", ""H"", ""H"", ""C"", ""C"", ""N"", ""C"", ""H"", ""H"", ""H"", ""H"", ""H"", ""H"", ""H"", ""C"", ""C"", ""N"", ""C"", ""H"", ""H"", ""H"", ""H"", ""H"", ""H"", ""H"", ""C"", ""C"", ""N"", ""C"", ""H"", ""H"", ""H"", ""H"", ""H"", ""H"", ""H""]",C24H56N8,"[true, true, true]","[12.093091098946847, 0.0, 0.0, 0.0, 12.675828343465696, 0.0, 4.813502354354367, 0.0, 9.808985014539374]",1503.6187921407484,[],"{""cutoff=6.000_skin=0.000"": 4312, ""cutoff=6.000_skin=0.500"": 5740}",0.0,,
OPT-RF-U256-XATMOV88-R256-v1,f76be7fea227482e0d2e5078d97994299bbc9dfbe0681fde37169ce8641b13b1,OPT-RF-U256-XATMOV88-R256-v1:0175,XATMOV_C1_14_3874_z2_22,9ed86823d1aea6aadc7e25a0bbf4995af298a7a505bab9a1b0239e1fc38c4edc,175,cross_family_test_set,XATMOV/structures/XATMOV_C1_14_3874_z2_22.cif,e57d6a009a15bf44658abfaf383ee2cb8271ed2f707188776c84ff144ab5e0fb,9ed86823d1aea6aadc7e25a0bbf4995af298a7a505bab9a1b0239e1fc38c4edc,0,88,"[""C"", ""C"", ""N"", ""C"", ""H"", ""H"", ""H"", ""H"", ""H"", ""H"", ""H"", ""C"", ""C"", ""N"", ""C"", ""H"", ""H"", ""H"", ""H"", ""H"", ""H"", ""H"", ""C"", ""C"", ""N"", ""C"", ""H"", ""H"", ""H"", ""H"", ""H"", ""H"", ""H"", ""C"", ""C"", ""N"", ""C"", ""H"", ""H"", ""H"", ""H"", ""H"", ""H"", ""H"", ""C"", ""C"", ""N"", ""C"", ""H"", ""H"", ""H"", ""H"", ""H"", ""H"", ""H"", ""C"", ""C"", ""N"", ""C"", ""H"", ""H"", ""H"", ""H"", ""H"", ""H"", ""H"", ""C"", ""C"", ""N"", ""C"", ""H"", ""H"", ""H"", ""H"", ""H"", ""H"", ""H"", ""C"", ""C"", ""N"", ""C"", ""H"", ""H"", ""H"", ""H"", ""H"", ""H"", ""H""]",C24H56N8,"[true, true, true]","[7.931214900041454, 0.0, 0.0, 0.0, 14.363640436390142, 0.0, 6.824932103468609, 0.0, 12.865771458606327]",1465.6830819794216,[],"{""cutoff=6.000_skin=0.000"": 4316, ""cutoff=6.000_skin=0.500"": 5624}",0.0,,
OPT-RF-U256-XATMOV88-R256-v1,f76be7fea227482e0d2e5078d97994299bbc9dfbe0681fde37169ce8641b13b1,OPT-RF-U256-XATMOV88-R256-v1:0176,XATMOV_C2_14_2942_z2_22,2be9145bdf6ba37624ccd5e1e737bea1efa85cb1bc30799bba5591cf8d4c66ed,176,cross_family_test_set,XATMOV/structures/XATMOV_C2_14_2942_z2_22.cif,2559bd183feee6677a47d7b3de6f1f94ea6400773fa95599f6f75760f38ed26b,2be9145bdf6ba37624ccd5e1e737bea1efa85cb1bc30799bba5591cf8d4c66ed,0,88,"[""C"", ""C"", ""N"", ""C"", ""H"", ""H"", ""H"", ""H"", ""H"", ""H"", ""H"", ""C"", ""C"", ""N"", ""C"", ""H"", ""H"", ""H"", ""H"", ""H"", ""H"", ""H"", ""C"", ""C"", ""N"", ""C"", ""H"", ""H"", ""H"", ""H"", ""H"", ""H"", ""H"", ""C"", ""C"", ""N"", ""C"", ""H"", ""H"", ""H"", ""H"", ""H"", ""H"", ""H"", ""C"", ""C"", ""N"", ""C"", ""H"", ""H"", ""H"", ""H"", ""H"", ""H"", ""H"", ""C"", ""C"", ""N"", ""C"", ""H"", ""H"", ""H"", ""H"", ""H"", ""H"", ""H"", ""C"", ""C"", ""N"", ""C"", ""H"", ""H"", ""H"", ""H"", ""H"", ""H"", ""H"", ""C"", ""C"", ""N"", ""C"", ""H"", ""H"", ""H"", ""H"", ""H"", ""H"", ""H""]",C24H56N8,"[true, true, true]","[13.915777940858156, 0.0, 0.0, 0.0, 11.851047200644203, 0.0, 5.015138782187586, 0.0, 9.579810865476627]",1579.8692733879836,[],"{""cutoff=6.000_skin=0.000"": 4328, ""cutoff=6.000_skin=0.500"": 5380}",0.0,,
OPT-RF-U256-XATMOV88-R256-v1,f76be7fea227482e0d2e5078d97994299bbc9dfbe0681fde37169ce8641b13b1,OPT-RF-U256-XATMOV88-R256-v1:0177,XATMOV_C2_14_5225_z2_22,319111751a3a5b79c5543dbd4aebf5ebedf2f81c2eac04e55fe95a2cce49ce2b,177,cross_family_test_set,XATMOV/structures/XATMOV_C2_14_5225_z2_22.cif,0d016fc2498ab7000b93a625d3a0dbdb6a9b85e36c25a4af1066736f1337cdbc,319111751a3a5b79c5543dbd4aebf5ebedf2f81c2eac04e55fe95a2cce49ce2b,0,88,"[""C"", ""C"", ""N"", ""C"", ""H"", ""H"", ""H"", ""H"", ""H"", ""H"", ""H"", ""C"", ""C"", ""N"", ""C"", ""H"", ""H"", ""H"", ""H"", ""H"", ""H"", ""H"", ""C"", ""C"", ""N"", ""C"", ""H"", ""H"", ""H"", ""H"", ""H"", ""H"", ""H"", ""C"", ""C"", ""N"", ""C"", ""H"", ""H"", ""H"", ""H"", ""H"", ""H"", ""H"", ""C"", ""C"", ""N"", ""C"", ""H"", ""H"", ""H"", ""H"", ""H"", ""H"", ""H"", ""C"", ""C"", ""N"", ""C"", ""H"", ""H"", ""H"", ""H"", ""H"", ""H"", ""H"", ""C"", ""C"", ""N"", ""C"", ""H"", ""H"", ""H"", ""H"", ""H"", ""H"", ""H"", ""C"", ""C"", ""N"", ""C"", ""H"", ""H"", ""H"", ""H"", ""H"", ""H"", ""H""]",C24H56N8,"[true, true, true]","[10.561047524371126, 0.0, 0.0, 0.0, 12.93870240673867, 0.0, -1.705600490438558, 0.0, 10.767131528660475]",1471.2881576442858,[],"{""cutoff=6.000_skin=0.000"": 4376, ""cutoff=6.000_skin=0.500"": 5908}",0.0,,
OPT-RF-U256-XATMOV88-R256-v1,f76be7fea227482e0d2e5078d97994299bbc9dfbe0681fde37169ce8641b13b1,OPT-RF-U256-XATMOV88-R256-v1:0178,XATMOV_C2_14_1758_z2_22,9a0f257b2ee431feeef85ad0e1caead83ff7ebf1c8c6984972aefdb7edf75fe2,178,cross_family_test_set,XATMOV/structures/XATMOV_C2_14_1758_z2_22.cif,3fdcd1985432eb15d10495e48be4970e5734dea3a55b7f94bdeeaedf5d8974a4,9a0f257b2ee431feeef85ad0e1caead83ff7ebf1c8c6984972aefdb7edf75fe2,0,88,"[""C"", ""C"", ""N"", ""C"", ""H"", ""H"", ""H"", ""H"", ""H"", ""H"", ""H"", ""C"", ""C"", ""N"", ""C"", ""H"", ""H"", ""H"", ""H"", ""H"", ""H"", ""H"", ""C"", ""C"", ""N"", ""C"", ""H"", ""H"", ""H"", ""H"", ""H"", ""H"", ""H"", ""C"", ""C"", ""N"", ""C"", ""H"", ""H"", ""H"", ""H"", ""H"", ""H"", ""H"", ""C"", ""C"", ""N"", ""C"", ""H"", ""H"", ""H"", ""H"", ""H"", ""H"", ""H"", ""C"", ""C"", ""N"", ""C"", ""H"", ""H"", ""H"", ""H"", ""H"", ""H"", ""H"", ""C"", ""C"", ""N"", ""C"", ""H"", ""H"", ""H"", ""H"", ""H"", ""H"", ""H"", ""C"", ""C"", ""N"", ""C"", ""H"", ""H"", ""H"", ""H"", ""H"", ""H"", ""H""]",C24H56N8,"[true, true, true]","[11.456370309872867, 0.0, 0.0, 0.0, 12.318448433543871, 0.0, 2.828046637113389, 0.0, 11.00514417645022]",1553.0977462690382,[],"{""cutoff=6.000_skin=0.000"": 4380, ""cutoff=6.000_skin=0.500"": 5732}",0.0,,
OPT-RF-U256-XATMOV88-R256-v1,f76be7fea227482e0d2e5078d97994299bbc9dfbe0681fde37169ce8641b13b1,OPT-RF-U256-XATMOV88-R256-v1:0179,XATMOV_C1_14_4433_z2_22,95a34b12ef26a582210a08d05bb364620f8946ad09822c762a53d2d3a45c5828,179,cross_family_test_set,XATMOV/structures/XATMOV_C1_14_4433_z2_22.cif,16672a17ba1fd74f7a051b75af567ef720dc1a50922c5752e4bc89b8c6dabdd8,95a34b12ef26a582210a08d05bb364620f8946ad09822c762a53d2d3a45c5828,0,88,"[""C"", ""C"", ""N"", ""C"", ""H"", ""H"", ""H"", ""H"", ""H"", ""H"", ""H"", ""C"", ""C"", ""N"", ""C"", ""H"", ""H"", ""H"", ""H"", ""H"", ""H"", ""H"", ""C"", ""C"", ""N"", ""C"", ""H"", ""H"", ""H"", ""H"", ""H"", ""H"", ""H"", ""C"", ""C"", ""N"", ""C"", ""H"", ""H"", ""H"", ""H"", ""H"", ""H"", ""H"", ""C"", ""C"", ""N"", ""C"", ""H"", ""H"", ""H"", ""H"", ""H"", ""H"", ""H"", ""C"", ""C"", ""N"", ""C"", ""H"", ""H"", ""H"", ""H"", ""H"", ""H"", ""H"", ""C"", ""C"", ""N"", ""C"", ""H"", ""H"", ""H"", ""H"", ""H"", ""H"", ""H"", ""C"", ""C"", ""N"", ""C"", ""H"", ""H"", ""H"", ""H"", ""H"", ""H"", ""H""]",C24H56N8,"[true, true, true]","[13.982583955091279, 0.0, 0.0, 0.0, 12.433019161247152, 0.0, -0.29831178684463827, 0.0, 9.013350077665141]",1566.932462190396,[],"{""cutoff=6.000_skin=0.000"": 4388, ""cutoff=6.000_skin=0.500"": 5768}",0.0,,
OPT-RF-U256-XATMOV88-R256-v1,f76be7fea227482e0d2e5078d97994299bbc9dfbe0681fde37169ce8641b13b1,OPT-RF-U256-XATMOV88-R256-v1:0180,XATMOV_C1_14_1040_z2_22,e1c9008a4a66f7d9d226b14fca9eef360b1c9e57619617657df8f9d90bcc9f60,180,cross_family_test_set,XATMOV/structures/XATMOV_C1_14_1040_z2_22.cif,7dcb2ac1ff027ae910ba004789aa61e1a15b05938923d2941269cc1a2188bde6,e1c9008a4a66f7d9d226b14fca9eef360b1c9e57619617657df8f9d90bcc9f60,0,88,"[""C"", ""C"", ""N"", ""C"", ""H"", ""H"", ""H"", ""H"", ""H"", ""H"", ""H"", ""C"", ""C"", ""N"", ""C"", ""H"", ""H"", ""H"", ""H"", ""H"", ""H"", ""H"", ""C"", ""C"", ""N"", ""C"", ""H"", ""H"", ""H"", ""H"", ""H"", ""H"", ""H"", ""C"", ""C"", ""N"", ""C"", ""H"", ""H"", ""H"", ""H"", ""H"", ""H"", ""H"", ""C"", ""C"", ""N"", ""C"", ""H"", ""H"", ""H"", ""H"", ""H"", ""H"", ""H"", ""C"", ""C"", ""N"", ""C"", ""H"", ""H"", ""H"", ""H"", ""H"", ""H"", ""H"", ""C"", ""C"", ""N"", ""C"", ""H"", ""H"", ""H"", ""H"", ""H"", ""H"", ""H"", ""C"", ""C"", ""N"", ""C"", ""H"", ""H"", ""H"", ""H"", ""H"", ""H"", ""H""]",C24H56N8,"[true, true, true]","[10.89477429814867, 0.0, 0.0, 0.0, 13.008958498594147, 0.0, 0.6774845735255973, 0.0, 10.380578663926501]",1471.2359541516364,[],"{""cutoff=6.000_skin=0.000"": 4392, ""cutoff=6.000_skin=0.500"": 5736}",0.0,,
OPT-RF-U256-XATMOV88-R256-v1,f76be7fea227482e0d2e5078d97994299bbc9dfbe0681fde37169ce8641b13b1,OPT-RF-U256-XATMOV88-R256-v1:0181,XATMOV_C1_14_874_z2_22,e215f17fccecd134e9b396b01ad55a01ef45feee83c658bea1bfd6a7abdf8796,181,cross_family_test_set,XATMOV/structures/XATMOV_C1_14_874_z2_22.cif,19b74d71aa1967ba81af5e745fbd41ca4acf3f6d9eebebbe8220144923a61ccb,e215f17fccecd134e9b396b01ad55a01ef45feee83c658bea1bfd6a7abdf8796,0,88,"[""C"", ""C"", ""N"", ""C"", ""H"", ""H"", ""H"", ""H"", ""H"", ""H"", ""H"", ""C"", ""C"", ""N"", ""C"", ""H"", ""H"", ""H"", ""H"", ""H"", ""H"", ""H"", ""C"", ""C"", ""N"", ""C"", ""H"", ""H"", ""H"", ""H"", ""H"", ""H"", ""H"", ""C"", ""C"", ""N"", ""C"", ""H"", ""H"", ""H"", ""H"", ""H"", ""H"", ""H"", ""C"", ""C"", ""N"", ""C"", ""H"", ""H"", ""H"", ""H"", ""H"", ""H"", ""H"", ""C"", ""C"", ""N"", ""C"", ""H"", ""H"", ""H"", ""H"", ""H"", ""H"", ""H"", ""C"", ""C"", ""N"", ""C"", ""H"", ""H"", ""H"", ""H"", ""H"", ""H"", ""H"", ""C"", ""C"", ""N"", ""C"", ""H"", ""H"", ""H"", ""H"", ""H"", ""H"", ""H""]",C24H56N8,"[true, true, true]","[17.89934406910337, 0.0, 0.0, 0.0, 9.052497071461516, 0.0, 3.8774822909798536, 0.0, 9.347512142866615]",1514.612536973002,[],"{""cutoff=6.000_skin=0.000"": 4392, ""cutoff=6.000_skin=0.500"": 5796}",0.0,,
OPT-RF-U256-XATMOV88-R256-v1,f76be7fea227482e0d2e5078d97994299bbc9dfbe0681fde37169ce8641b13b1,OPT-RF-U256-XATMOV88-R256-v1:0182,XATMOV_C2_14_4259_z2_22,a92104aedeeb9d6ab8092a6f687f88400f72817d6718f17f4f721e4ce108a73a,182,cross_family_test_set,XATMOV/structures/XATMOV_C2_14_4259_z2_22.cif,4e8821db369d75bc365fc4257d1d9a93e24d6f67ecdc4f57ed88047ae5d8f3f5,a92104aedeeb9d6ab8092a6f687f88400f72817d6718f17f4f721e4ce108a73a,0,88,"[""C"", ""C"", ""N"", ""C"", ""H"", ""H"", ""H"", ""H"", ""H"", ""H"", ""H"", ""C"", ""C"", ""N"", ""C"", ""H"", ""H"", ""H"", ""H"", ""H"", ""H"", ""H"", ""C"", ""C"", ""N"", ""C"", ""H"", ""H"", ""H"", ""H"", ""H"", ""H"", ""H"", ""C"", ""C"", ""N"", ""C"", ""H"", ""H"", ""H"", ""H"", ""H"", ""H"", ""H"", ""C"", ""C"", ""N"", ""C"", ""H"", ""H"", ""H"", ""H"", ""H"", ""H"", ""H"", ""C"", ""C"", ""N"", ""C"", ""H"", ""H"", ""H"", ""H"", ""H"", ""H"", ""H"", ""C"", ""C"", ""N"", ""C"", ""H"", ""H"", ""H"", ""H"", ""H"", ""H"", ""H"", ""C"", ""C"", ""N"", ""C"", ""H"", ""H"", ""H"", ""H"", ""H"", ""H"", ""H""]",C24H56N8,"[true, true, true]","[5.294857988276647, 0.0, 0.0, 0.0, 17.07388231444397, 0.0, 0.457322095251134, 0.0, 17.854531752114436]",1614.1171991499666,[],"{""cutoff=6.000_skin=0.000"": 4440, ""cutoff=6.000_skin=0.500"": 5688}",0.0,,
OPT-RF-U256-XATMOV88-R256-v1,f76be7fea227482e0d2e5078d97994299bbc9dfbe0681fde37169ce8641b13b1,OPT-RF-U256-XATMOV88-R256-v1:0183,XATMOV_C1_14_4816_z2_22,7bca7b1fc56b48cc7bf25e252faa8ccf37b7a60e28ab1faa51c808156ed1f8c9,183,cross_family_test_set,XATMOV/structures/XATMOV_C1_14_4816_z2_22.cif,82aef3e405f3940bc9c8af941082921958ddb1b6d24c39615154bc1909de85b0,7bca7b1fc56b48cc7bf25e252faa8ccf37b7a60e28ab1faa51c808156ed1f8c9,0,88,"[""C"", ""C"", ""N"", ""C"", ""H"", ""H"", ""H"", ""H"", ""H"", ""H"", ""H"", ""C"", ""C"", ""N"", ""C"", ""H"", ""H"", ""H"", ""H"", ""H"", ""H"", ""H"", ""C"", ""C"", ""N"", ""C"", ""H"", ""H"", ""H"", ""H"", ""H"", ""H"", ""H"", ""C"", ""C"", ""N"", ""C"", ""H"", ""H"", ""H"", ""H"", ""H"", ""H"", ""H"", ""C"", ""C"", ""N"", ""C"", ""H"", ""H"", ""H"", ""H"", ""H"", ""H"", ""H"", ""C"", ""C"", ""N"", ""C"", ""H"", ""H"", ""H"", ""H"", ""H"", ""H"", ""H"", ""C"", ""C"", ""N"", ""C"", ""H"", ""H"", ""H"", ""H"", ""H"", ""H"", ""H"", ""C"", ""C"", ""N"", ""C"", ""H"", ""H"", ""H"", ""H"", ""H"", ""H"", ""H""]",C24H56N8,"[true, true, true]","[12.594311450934761, 0.0, 0.0, 0.0, 10.87644788672802, 0.0, 0.6354973368913972, 0.0, 10.800601756057294]",1479.4812487558272,[],"{""cutoff=6.000_skin=0.000"": 4444, ""cutoff=6.000_skin=0.500"": 5800}",0.0,,
OPT-RF-U256-XATMOV88-R256-v1,f76be7fea227482e0d2e5078d97994299bbc9dfbe0681fde37169ce8641b13b1,OPT-RF-U256-XATMOV88-R256-v1:0184,XATMOV_C2_14_1384_z2_22,2dab62d2fc9371d68b2224962af9f7f63a510ca57a333b4237f4ecc89fae1ac3,184,cross_family_test_set,XATMOV/structures/XATMOV_C2_14_1384_z2_22.cif,83f795d06d7e70a5d71247b10c305b5bb05f6d261a4a2d88ec85f60ba2876919,2dab62d2fc9371d68b2224962af9f7f63a510ca57a333b4237f4ecc89fae1ac3,0,88,"[""C"", ""C"", ""N"", ""C"", ""H"", ""H"", ""H"", ""H"", ""H"", ""H"", ""H"", ""C"", ""C"", ""N"", ""C"", ""H"", ""H"", ""H"", ""H"", ""H"", ""H"", ""H"", ""C"", ""C"", ""N"", ""C"", ""H"", ""H"", ""H"", ""H"", ""H"", ""H"", ""H"", ""C"", ""C"", ""N"", ""C"", ""H"", ""H"", ""H"", ""H"", ""H"", ""H"", ""H"", ""C"", ""C"", ""N"", ""C"", ""H"", ""H"", ""H"", ""H"", ""H"", ""H"", ""H"", ""C"", ""C"", ""N"", ""C"", ""H"", ""H"", ""H"", ""H"", ""H"", ""H"", ""H"", ""C"", ""C"", ""N"", ""C"", ""H"", ""H"", ""H"", ""H"", ""H"", ""H"", ""H"", ""C"", ""C"", ""N"", ""C"", ""H"", ""H"", ""H"", ""H"", ""H"", ""H"", ""H""]",C24H56N8,"[true, true, true]","[12.066633015070394, 0.0, 0.0, 0.0, 12.040079836172062, 0.0, -3.096557742281317, 0.0, 10.354927304344724]",1504.3972319167483,[],"{""cutoff=6.000_skin=0.000"": 4448, ""cutoff=6.000_skin=0.500"": 5744}",0.0,,
OPT-RF-U256-XATMOV88-R256-v1,f76be7fea227482e0d2e5078d97994299bbc9dfbe0681fde37169ce8641b13b1,OPT-RF-U256-XATMOV88-R256-v1:0185,XATMOV_C2_14_4667_z2_22,fecd2f674f3591c780f3e3548fd09f915603991c2ea87d8ad44b99ffda413704,185,cross_family_test_set,XATMOV/structures/XATMOV_C2_14_4667_z2_22.cif,264a64bcbce2bc6196a7196a943a436e28a27ad160fa804c10f568e846347d8f,fecd2f674f3591c780f3e3548fd09f915603991c2ea87d8ad44b99ffda413704,0,88,"[""C"", ""C"", ""N"", ""C"", ""H"", ""H"", ""H"", ""H"", ""H"", ""H"", ""H"", ""C"", ""C"", ""N"", ""C"", ""H"", ""H"", ""H"", ""H"", ""H"", ""H"", ""H"", ""C"", ""C"", ""N"", ""C"", ""H"", ""H"", ""H"", ""H"", ""H"", ""H"", ""H"", ""C"", ""C"", ""N"", ""C"", ""H"", ""H"", ""H"", ""H"", ""H"", ""H"", ""H"", ""C"", ""C"", ""N"", ""C"", ""H"", ""H"", ""H"", ""H"", ""H"", ""H"", ""H"", ""C"", ""C"", ""N"", ""C"", ""H"", ""H"", ""H"", ""H"", ""H"", ""H"", ""H"", ""C"", ""C"", ""N"", ""C"", ""H"", ""H"", ""H"", ""H"", ""H"", ""H"", ""H"", ""C"", ""C"", ""N"", ""C"", ""H"", ""H"", ""H"", ""H"", ""H"", ""H"", ""H""]",C24H56N8,"[true, true, true]","[10.456469918102925, 0.0, 0.0, 0.0, 12.766190044125295, 0.0, 2.3433007322669, 0.0, 12.560282197758061]",1676.6630543708284,[],"{""cutoff=6.000_skin=0.000"": 4468, ""cutoff=6.000_skin=0.500"": 5572}",0.0,,
OPT-RF-U256-XATMOV88-R256-v1,f76be7fea227482e0d2e5078d97994299bbc9dfbe0681fde37169ce8641b13b1,OPT-RF-U256-XATMOV88-R256-v1:0186,XATMOV_C2_14_295_z2_22,f07778541b2a5d880a29ea99577c2014eeb6038b75c443ac36f2934033d52b1f,186,cross_family_test_set,XATMOV/structures/XATMOV_C2_14_295_z2_22.cif,4ff5c8fb4f906e41232ad250456727bdfba21508b1029c94cafc1dba362404d4,f07778541b2a5d880a29ea99577c2014eeb6038b75c443ac36f2934033d52b1f,0,88,"[""C"", ""C"", ""N"", ""C"", ""H"", ""H"", ""H"", ""H"", ""H"", ""H"", ""H"", ""C"", ""C"", ""N"", ""C"", ""H"", ""H"", ""H"", ""H"", ""H"", ""H"", ""H"", ""C"", ""C"", ""N"", ""C"", ""H"", ""H"", ""H"", ""H"", ""H"", ""H"", ""H"", ""C"", ""C"", ""N"", ""C"", ""H"", ""H"", ""H"", ""H"", ""H"", ""H"", ""H"", ""C"", ""C"", ""N"", ""C"", ""H"", ""H"", ""H"", ""H"", ""H"", ""H"", ""H"", ""C"", ""C"", ""N"", ""C"", ""H"", ""H"", ""H"", ""H"", ""H"", ""H"", ""H"", ""C"", ""C"", ""N"", ""C"", ""H"", ""H"", ""H"", ""H"", ""H"", ""H"", ""H"", ""C"", ""C"", ""N"", ""C"", ""H"", ""H"", ""H"", ""H"", ""H"", ""H"", ""H""]",C24H56N8,"[true, true, true]","[10.30805819794832, 0.0, 0.0, 0.0, 10.669119420333729, 0.0, 0.3352025561223324, 0.0, 13.227687269213861]",1454.7533193877337,[],"{""cutoff=6.000_skin=0.000"": 4484, ""cutoff=6.000_skin=0.500"": 6080}",0.0,,
OPT-RF-U256-XATMOV88-R256-v1,f76be7fea227482e0d2e5078d97994299bbc9dfbe0681fde37169ce8641b13b1,OPT-RF-U256-XATMOV88-R256-v1:0187,XATMOV_C2_14_6360_z2_22,45470d037d6255250f76ab1bba45d5bf1e23340c6ae2ace469599f00e3082b77,187,cross_family_test_set,XATMOV/structures/XATMOV_C2_14_6360_z2_22.cif,76a9c6f2d8c017a8013c3e0d72d9de813949bfba6b77de69ebb31d596b217156,45470d037d6255250f76ab1bba45d5bf1e23340c6ae2ace469599f00e3082b77,0,88,"[""C"", ""C"", ""N"", ""C"", ""H"", ""H"", ""H"", ""H"", ""H"", ""H"", ""H"", ""C"", ""C"", ""N"", ""C"", ""H"", ""H"", ""H"", ""H"", ""H"", ""H"", ""H"", ""C"", ""C"", ""N"", ""C"", ""H"", ""H"", ""H"", ""H"", ""H"", ""H"", ""H"", ""C"", ""C"", ""N"", ""C"", ""H"", ""H"", ""H"", ""H"", ""H"", ""H"", ""H"", ""C"", ""C"", ""N"", ""C"", ""H"", ""H"", ""H"", ""H"", ""H"", ""H"", ""H"", ""C"", ""C"", ""N"", ""C"", ""H"", ""H"", ""H"", ""H"", ""H"", ""H"", ""H"", ""C"", ""C"", ""N"", ""C"", ""H"", ""H"", ""H"", ""H"", ""H"", ""H"", ""H"", ""C"", ""C"", ""N"", ""C"", ""H"", ""H"", ""H"", ""H"", ""H"", ""H"", ""H""]",C24H56N8,"[true, true, true]","[11.42569030759001, 0.0, 0.0, 0.0, 10.00170020058755, 0.0, -0.22163910913677826, 0.0, 12.410662755084989]",1418.2449806203797,[],"{""cutoff=6.000_skin=0.000"": 4496, ""cutoff=6.000_skin=0.500"": 6104}",0.0,,
OPT-RF-U256-XATMOV88-R256-v1,f76be7fea227482e0d2e5078d97994299bbc9dfbe0681fde37169ce8641b13b1,OPT-RF-U256-XATMOV88-R256-v1:0188,XATMOV_C2_14_1273_z2_22,76bf97699179c59569e5cb860550350d29061e437a481aeded39e4c16bb89817,188,cross_family_test_set,XATMOV/structures/XATMOV_C2_14_1273_z2_22.cif,e49d533bfb985c8145b5437ba3e61ea9a6a70e44b4e5b59f6852bfec40c292fd,76bf97699179c59569e5cb860550350d29061e437a481aeded39e4c16bb89817,0,88,"[""C"", ""C"", ""N"", ""C"", ""H"", ""H"", ""H"", ""H"", ""H"", ""H"", ""H"", ""C"", ""C"", ""N"", ""C"", ""H"", ""H"", ""H"", ""H"", ""H"", ""H"", ""H"", ""C"", ""C"", ""N"", ""C"", ""H"", ""H"", ""H"", ""H"", ""H"", ""H"", ""H"", ""C"", ""C"", ""N"", ""C"", ""H"", ""H"", ""H"", ""H"", ""H"", ""H"", ""H"", ""C"", ""C"", ""N"", ""C"", ""H"", ""H"", ""H"", ""H"", ""H"", ""H"", ""H"", ""C"", ""C"", ""N"", ""C"", ""H"", ""H"", ""H"", ""H"", ""H"", ""H"", ""H"", ""C"", ""C"", ""N"", ""C"", ""H"", ""H"", ""H"", ""H"", ""H"", ""H"", ""H"", ""C"", ""C"", ""N"", ""C"", ""H"", ""H"", ""H"", ""H"", ""H"", ""H"", ""H""]",C24H56N8,"[true, true, true]","[9.750705139064992, 0.0, 0.0, 0.0, 14.43266033228884, 0.0, 5.487947773727178, 0.0, 10.614325061877684]",1493.7392680094786,[],"{""cutoff=6.000_skin=0.000"": 4548, ""cutoff=6.000_skin=0.500"": 5876}",0.0,,
OPT-RF-U256-XATMOV88-R256-v1,f76be7fea227482e0d2e5078d97994299bbc9dfbe0681fde37169ce8641b13b1,OPT-RF-U256-XATMOV88-R256-v1:0189,XATMOV_C1_14_5187_z2_22,90c2b4f0dc6896f749f0eb7db4e32093f94cf13cd5f754689c52ab9c06d3a6f0,189,cross_family_test_set,XATMOV/structures/XATMOV_C1_14_5187_z2_22.cif,2d4861e44b124e116ef4b4120702c7b6f65518a011b5007aa485a8273138072f,90c2b4f0dc6896f749f0eb7db4e32093f94cf13cd5f754689c52ab9c06d3a6f0,0,88,"[""C"", ""C"", ""N"", ""C"", ""H"", ""H"", ""H"", ""H"", ""H"", ""H"", ""H"", ""C"", ""C"", ""N"", ""C"", ""H"", ""H"", ""H"", ""H"", ""H"", ""H"", ""H"", ""C"", ""C"", ""N"", ""C"", ""H"", ""H"", ""H"", ""H"", ""H"", ""H"", ""H"", ""C"", ""C"", ""N"", ""C"", ""H"", ""H"", ""H"", ""H"", ""H"", ""H"", ""H"", ""C"", ""C"", ""N"", ""C"", ""H"", ""H"", ""H"", ""H"", ""H"", ""H"", ""H"", ""C"", ""C"", ""N"", ""C"", ""H"", ""H"", ""H"", ""H"", ""H"", ""H"", ""H"", ""C"", ""C"", ""N"", ""C"", ""H"", ""H"", ""H"", ""H"", ""H"", ""H"", ""H"", ""C"", ""C"", ""N"", ""C"", ""H"", ""H"", ""H"", ""H"", ""H"", ""H"", ""H""]",C24H56N8,"[true, true, true]","[11.95366832306722, 0.0, 0.0, 0.0, 10.03476771381822, 0.0, -2.9136481604522677, 0.0, 12.084040635287236]",1449.5082856314318,[],"{""cutoff=6.000_skin=0.000"": 4552, ""cutoff=6.000_skin=0.500"": 6044}",0.0,,
OPT-RF-U256-XATMOV88-R256-v1,f76be7fea227482e0d2e5078d97994299bbc9dfbe0681fde37169ce8641b13b1,OPT-RF-U256-XATMOV88-R256-v1:0190,XATMOV_C2_14_3431_z2_22,61a60aa45456dfe9637a8c9c0e1144cc4cd131a09335612d03a25371cf74fbdf,190,cross_family_test_set,XATMOV/structures/XATMOV_C2_14_3431_z2_22.cif,c779bc3c0c2772b788b5dcf793ea46ee4de8f5ece40115f3c5296d66753b7bc3,61a60aa45456dfe9637a8c9c0e1144cc4cd131a09335612d03a25371cf74fbdf,0,88,"[""C"", ""C"", ""N"", ""C"", ""H"", ""H"", ""H"", ""H"", ""H"", ""H"", ""H"", ""C"", ""C"", ""N"", ""C"", ""H"", ""H"", ""H"", ""H"", ""H"", ""H"", ""H"", ""C"", ""C"", ""N"", ""C"", ""H"", ""H"", ""H"", ""H"", ""H"", ""H"", ""H"", ""C"", ""C"", ""N"", ""C"", ""H"", ""H"", ""H"", ""H"", ""H"", ""H"", ""H"", ""C"", ""C"", ""N"", ""C"", ""H"", ""H"", ""H"", ""H"", ""H"", ""H"", ""H"", ""C"", ""C"", ""N"", ""C"", ""H"", ""H"", ""H"", ""H"", ""H"", ""H"", ""H"", ""C"", ""C"", ""N"", ""C"", ""H"", ""H"", ""H"", ""H"", ""H"", ""H"", ""H"", ""C"", ""C"", ""N"", ""C"", ""H"", ""H"", ""H"", ""H"", ""H"", ""H"", ""H""]",C24H56N8,"[true, true, true]","[12.648737208173127, 0.0, 0.0, 0.0, 7.657102178339132, 0.0, -6.566125373069651, 0.0, 15.37406512952101]",1489.0193062053397,[],"{""cutoff=6.000_skin=0.000"": 4560, ""cutoff=6.000_skin=0.500"": 5856}",0.0,,
OPT-RF-U256-XATMOV88-R256-v1,f76be7fea227482e0d2e5078d97994299bbc9dfbe0681fde37169ce8641b13b1,OPT-RF-U256-XATMOV88-R256-v1:0191,XATMOV_C2_14_5774_z2_22,285b0c39f009bfb65a91c24411068219fe88630f332563428f6389c7e06e2474,191,cross_family_test_set,XATMOV/structures/XATMOV_C2_14_5774_z2_22.cif,837040b6a51760322c5f82dfa3574c7f46f381e2fbb2fa93a038b17990468690,285b0c39f009bfb65a91c24411068219fe88630f332563428f6389c7e06e2474,0,88,"[""C"", ""C"", ""N"", ""C"", ""H"", ""H"", ""H"", ""H"", ""H"", ""H"", ""H"", ""C"", ""C"", ""N"", ""C"", ""H"", ""H"", ""H"", ""H"", ""H"", ""H"", ""H"", ""C"", ""C"", ""N"", ""C"", ""H"", ""H"", ""H"", ""H"", ""H"", ""H"", ""H"", ""C"", ""C"", ""N"", ""C"", ""H"", ""H"", ""H"", ""H"", ""H"", ""H"", ""H"", ""C"", ""C"", ""N"", ""C"", ""H"", ""H"", ""H"", ""H"", ""H"", ""H"", ""H"", ""C"", ""C"", ""N"", ""C"", ""H"", ""H"", ""H"", ""H"", ""H"", ""H"", ""H"", ""C"", ""C"", ""N"", ""C"", ""H"", ""H"", ""H"", ""H"", ""H"", ""H"", ""H"", ""C"", ""C"", ""N"", ""C"", ""H"", ""H"", ""H"", ""H"", ""H"", ""H"", ""H""]",C24H56N8,"[true, true, true]","[11.335389589173737, 0.0, 0.0, 0.0, 14.070136950135897, 0.0, -1.8682979809344922, 0.0, 9.215948650108844]",1469.8561098293935,[],"{""cutoff=6.000_skin=0.000"": 4564, ""cutoff=6.000_skin=0.500"": 5760}",0.0,,
OPT-RF-U256-XATMOV88-R256-v1,f76be7fea227482e0d2e5078d97994299bbc9dfbe0681fde37169ce8641b13b1,OPT-RF-U256-XATMOV88-R256-v1:0192,XATMOV_C1_14_296_z2_22,660a1dcebc8eec9511d0c252a5ff756b28adc39b023f6744f3eee5fab6cdb30e,192,cross_family_test_set,XATMOV/structures/XATMOV_C1_14_296_z2_22.cif,cb4f11d7430e6d59738757af46463be7638b2a266b0c3c7d2fafc8a27546bea8,660a1dcebc8eec9511d0c252a5ff756b28adc39b023f6744f3eee5fab6cdb30e,0,88,"[""C"", ""C"", ""N"", ""C"", ""H"", ""H"", ""H"", ""H"", ""H"", ""H"", ""H"", ""C"", ""C"", ""N"", ""C"", ""H"", ""H"", ""H"", ""H"", ""H"", ""H"", ""H"", ""C"", ""C"", ""N"", ""C"", ""H"", ""H"", ""H"", ""H"", ""H"", ""H"", ""H"", ""C"", ""C"", ""N"", ""C"", ""H"", ""H"", ""H"", ""H"", ""H"", ""H"", ""H"", ""C"", ""C"", ""N"", ""C"", ""H"", ""H"", ""H"", ""H"", ""H"", ""H"", ""H"", ""C"", ""C"", ""N"", ""C"", ""H"", ""H"", ""H"", ""H"", ""H"", ""H"", ""H"", ""C"", ""C"", ""N"", ""C"", ""H"", ""H"", ""H"", ""H"", ""H"", ""H"", ""H"", ""C"", ""C"", ""N"", ""C"", ""H"", ""H"", ""H"", ""H"", ""H"", ""H"", ""H""]",C24H56N8,"[true, true, true]","[11.866670698250992, 0.0, 0.0, 0.0, 12.090284008946497, 0.0, -4.808101777740002, 0.0, 10.03968318982022]",1440.4075933782385,[],"{""cutoff=6.000_skin=0.000"": 4580, ""cutoff=6.000_skin=0.500"": 6000}",0.0,,
OPT-RF-U256-XATMOV88-R256-v1,f76be7fea227482e0d2e5078d97994299bbc9dfbe0681fde37169ce8641b13b1,OPT-RF-U256-XATMOV88-R256-v1:0193,XATMOV_C2_14_7262_z2_22,4a874b406ddeda6c674811e5198add2b794a02e4e985dfb7c0d47c52df19beb2,193,cross_family_test_set,XATMOV/structures/XATMOV_C2_14_7262_z2_22.cif,b47bfaf00caf9958422b0aacbf37820fa625521aedacd3bfcd9494742f64c57e,4a874b406ddeda6c674811e5198add2b794a02e4e985dfb7c0d47c52df19beb2,0,88,"[""C"", ""C"", ""N"", ""C"", ""H"", ""H"", ""H"", ""H"", ""H"", ""H"", ""H"", ""C"", ""C"", ""N"", ""C"", ""H"", ""H"", ""H"", ""H"", ""H"", ""H"", ""H"", ""C"", ""C"", ""N"", ""C"", ""H"", ""H"", ""H"", ""H"", ""H"", ""H"", ""H"", ""C"", ""C"", ""N"", ""C"", ""H"", ""H"", ""H"", ""H"", ""H"", ""H"", ""H"", ""C"", ""C"", ""N"", ""C"", ""H"", ""H"", ""H"", ""H"", ""H"", ""H"", ""H"", ""C"", ""C"", ""N"", ""C"", ""H"", ""H"", ""H"", ""H"", ""H"", ""H"", ""H"", ""C"", ""C"", ""N"", ""C"", ""H"", ""H"", ""H"", ""H"", ""H"", ""H"", ""H"", ""C"", ""C"", ""N"", ""C"", ""H"", ""H"", ""H"", ""H"", ""H"", ""H"", ""H""]",C24H56N8,"[true, true, true]","[6.540043775678889, 0.0, 0.0, 0.0, 18.643163238403083, 0.0, -4.509844702513735, 0.0, 12.045248668275518]",1468.6422834243508,[],"{""cutoff=6.000_skin=0.000"": 4616, ""cutoff=6.000_skin=0.500"": 5832}",0.0,,
OPT-RF-U256-XATMOV88-R256-v1,f76be7fea227482e0d2e5078d97994299bbc9dfbe0681fde37169ce8641b13b1,OPT-RF-U256-XATMOV88-R256-v1:0194,XATMOV_C1_14_773_z2_22,676b07fd2f8b855d81a8999d590ead3af4293c75de0aa1067cc360987c416058,194,cross_family_test_set,XATMOV/structures/XATMOV_C1_14_773_z2_22.cif,b63d6d4fdb9c46ec1869cf81ffb95f9443aab0939d559d82118ac044fe432512,676b07fd2f8b855d81a8999d590ead3af4293c75de0aa1067cc360987c416058,0,88,"[""C"", ""C"", ""N"", ""C"", ""H"", ""H"", ""H"", ""H"", ""H"", ""H"", ""H"", ""C"", ""C"", ""N"", ""C"", ""H"", ""H"", ""H"", ""H"", ""H"", ""H"", ""H"", ""C"", ""C"", ""N"", ""C"", ""H"", ""H"", ""H"", ""H"", ""H"", ""H"", ""H"", ""C"", ""C"", ""N"", ""C"", ""H"", ""H"", ""H"", ""H"", ""H"", ""H"", ""H"", ""C"", ""C"", ""N"", ""C"", ""H"", ""H"", ""H"", ""H"", ""H"", ""H"", ""H"", ""C"", ""C"", ""N"", ""C"", ""H"", ""H"", ""H"", ""H"", ""H"", ""H"", ""H"", ""C"", ""C"", ""N"", ""C"", ""H"", ""H"", ""H"", ""H"", ""H"", ""H"", ""H"", ""C"", ""C"", ""N"", ""C"", ""H"", ""H"", ""H"", ""H"", ""H"", ""H"", ""H""]",C24H56N8,"[true, true, true]","[14.657746980438375, 0.0, 0.0, 0.0, 6.795397156830478, 0.0, -3.6576553878881723, 0.0, 14.2293445801759]",1417.316885755104,[],"{""cutoff=6.000_skin=0.000"": 4640, ""cutoff=6.000_skin=0.500"": 6204}",0.0,,
OPT-RF-U256-XATMOV88-R256-v1,f76be7fea227482e0d2e5078d97994299bbc9dfbe0681fde37169ce8641b13b1,OPT-RF-U256-XATMOV88-R256-v1:0195,XATMOV_C1_14_4556_z2_22,63cfc1b1e7d15792249d9828984feba15f0fd9d2d53a46d1f440f9ede73bd674,195,cross_family_test_set,XATMOV/structures/XATMOV_C1_14_4556_z2_22.cif,967a8c37e45cf49e59a8e7be3fa1772714b95234c7df1ed29147f05d48816afa,63cfc1b1e7d15792249d9828984feba15f0fd9d2d53a46d1f440f9ede73bd674,0,88,"[""C"", ""C"", ""N"", ""C"", ""H"", ""H"", ""H"", ""H"", ""H"", ""H"", ""H"", ""C"", ""C"", ""N"", ""C"", ""H"", ""H"", ""H"", ""H"", ""H"", ""H"", ""H"", ""C"", ""C"", ""N"", ""C"", ""H"", ""H"", ""H"", ""H"", ""H"", ""H"", ""H"", ""C"", ""C"", ""N"", ""C"", ""H"", ""H"", ""H"", ""H"", ""H"", ""H"", ""H"", ""C"", ""C"", ""N"", ""C"", ""H"", ""H"", ""H"", ""H"", ""H"", ""H"", ""H"", ""C"", ""C"", ""N"", ""C"", ""H"", ""H"", ""H"", ""H"", ""H"", ""H"", ""H"", ""C"", ""C"", ""N"", ""C"", ""H"", ""H"", ""H"", ""H"", ""H"", ""H"", ""H"", ""C"", ""C"", ""N"", ""C"", ""H"", ""H"", ""H"", ""H"", ""H"", ""H"", ""H""]",C24H56N8,"[true, true, true]","[14.129521379891585, 0.0, 0.0, 0.0, 9.305710794541696, 0.0, 1.082294360043199, 0.0, 11.040356992472773]",1451.6439847181016,[],"{""cutoff=6.000_skin=0.000"": 4676, ""cutoff=6.000_skin=0.500"": 5748}",0.0,,
OPT-RF-U256-XATMOV88-R256-v1,f76be7fea227482e0d2e5078d97994299bbc9dfbe0681fde37169ce8641b13b1,OPT-RF-U256-XATMOV88-R256-v1:0196,XATMOV_C2_14_1390_z2_22,42d040961154b65e06aa48405e31a3b2c2f0c1b1f4539eb09b55cb243434d5b5,196,cross_family_test_set,XATMOV/structures/XATMOV_C2_14_1390_z2_22.cif,c4b411022ecdfb1aa8bf09af11a36cef351b2e528eead8c5aff82c5bb44ee8fe,42d040961154b65e06aa48405e31a3b2c2f0c1b1f4539eb09b55cb243434d5b5,0,88,"[""C"", ""C"", ""N"", ""C"", ""H"", ""H"", ""H"", ""H"", ""H"", ""H"", ""H"", ""C"", ""C"", ""N"", ""C"", ""H"", ""H"", ""H"", ""H"", ""H"", ""H"", ""H"", ""C"", ""C"", ""N"", ""C"", ""H"", ""H"", ""H"", ""H"", ""H"", ""H"", ""H"", ""C"", ""C"", ""N"", ""C"", ""H"", ""H"", ""H"", ""H"", ""H"", ""H"", ""H"", ""C"", ""C"", ""N"", ""C"", ""H"", ""H"", ""H"", ""H"", ""H"", ""H"", ""H"", ""C"", ""C"", ""N"", ""C"", ""H"", ""H"", ""H"", ""H"", ""H"", ""H"", ""H"", ""C"", ""C"", ""N"", ""C"", ""H"", ""H"", ""H"", ""H"", ""H"", ""H"", ""H"", ""C"", ""C"", ""N"", ""C"", ""H"", ""H"", ""H"", ""H"", ""H"", ""H"", ""H""]",C24H56N8,"[true, true, true]","[11.701161672723842, 0.0, 0.0, 0.0, 13.243496233341276, 0.0, 0.4759058180220229, 0.0, 9.765924151168575]",1513.3695075380097,[],"{""cutoff=6.000_skin=0.000"": 4704, ""cutoff=6.000_skin=0.500"": 5944}",0.0,,
OPT-RF-U256-XATMOV88-R256-v1,f76be7fea227482e0d2e5078d97994299bbc9dfbe0681fde37169ce8641b13b1,OPT-RF-U256-XATMOV88-R256-v1:0197,XATMOV_C2_14_769_z2_22,db031d2dc8daad5136c085b2c3e22a4c328ea6543a9b28fbc55764cb9b75c92a,197,cross_family_test_set,XATMOV/structures/XATMOV_C2_14_769_z2_22.cif,e928bd226e37c9ff128647208d6119e69cd073b12a6b067395b26691e285d978,db031d2dc8daad5136c085b2c3e22a4c328ea6543a9b28fbc55764cb9b75c92a,0,88,"[""C"", ""C"", ""N"", ""C"", ""H"", ""H"", ""H"", ""H"", ""H"", ""H"", ""H"", ""C"", ""C"", ""N"", ""C"", ""H"", ""H"", ""H"", ""H"", ""H"", ""H"", ""H"", ""C"", ""C"", ""N"", ""C"", ""H"", ""H"", ""H"", ""H"", ""H"", ""H"", ""H"", ""C"", ""C"", ""N"", ""C"", ""H"", ""H"", ""H"", ""H"", ""H"", ""H"", ""H"", ""C"", ""C"", ""N"", ""C"", ""H"", ""H"", ""H"", ""H"", ""H"", ""H"", ""H"", ""C"", ""C"", ""N"", ""C"", ""H"", ""H"", ""H"", ""H"", ""H"", ""H"", ""H"", ""C"", ""C"", ""N"", ""C"", ""H"", ""H"", ""H"", ""H"", ""H"", ""H"", ""H"", ""C"", ""C"", ""N"", ""C"", ""H"", ""H"", ""H"", ""H"", ""H"", ""H"", ""H""]",C24H56N8,"[true, true, true]","[9.341794391266813, 0.0, 0.0, 0.0, 9.409083679345095, 0.0, 13.419683718547988, 0.0, 16.469976648446508]",1447.6734805512801,[],"{""cutoff=6.000_skin=0.000"": 4716, ""cutoff=6.000_skin=0.500"": 5964}",0.0,,
OPT-RF-U256-XATMOV88-R256-v1,f76be7fea227482e0d2e5078d97994299bbc9dfbe0681fde37169ce8641b13b1,OPT-RF-U256-XATMOV88-R256-v1:0198,XATMOV_C2_14_1478_z2_22,4592ba5c0d8ac6955cdbfe9b9dcffb62a2c6ce7ffcf57c6fb7fed6aa822f5a0a,198,cross_family_test_set,XATMOV/structures/XATMOV_C2_14_1478_z2_22.cif,25b15ec46c5f04cca4f83fddff8054da6b4fca9d7af124bce42c729e1361d5b8,4592ba5c0d8ac6955cdbfe9b9dcffb62a2c6ce7ffcf57c6fb7fed6aa822f5a0a,0,88,"[""C"", ""C"", ""N"", ""C"", ""H"", ""H"", ""H"", ""H"", ""H"", ""H"", ""H"", ""C"", ""C"", ""N"", ""C"", ""H"", ""H"", ""H"", ""H"", ""H"", ""H"", ""H"", ""C"", ""C"", ""N"", ""C"", ""H"", ""H"", ""H"", ""H"", ""H"", ""H"", ""H"", ""C"", ""C"", ""N"", ""C"", ""H"", ""H"", ""H"", ""H"", ""H"", ""H"", ""H"", ""C"", ""C"", ""N"", ""C"", ""H"", ""H"", ""H"", ""H"", ""H"", ""H"", ""H"", ""C"", ""C"", ""N"", ""C"", ""H"", ""H"", ""H"", ""H"", ""H"", ""H"", ""H"", ""C"", ""C"", ""N"", ""C"", ""H"", ""H"", ""H"", ""H"", ""H"", ""H"", ""H"", ""C"", ""C"", ""N"", ""C"", ""H"", ""H"", ""H"", ""H"", ""H"", ""H"", ""H""]",C24H56N8,"[true, true, true]","[11.715543530691612, 0.0, 0.0, 0.0, 10.470370392160042, 0.0, 5.201520795929703, 0.0, 11.26174469079528]",1381.434076439909,[],"{""cutoff=6.000_skin=0.000"": 4720, ""cutoff=6.000_skin=0.500"": 6360}",0.0,,
OPT-RF-U256-XATMOV88-R256-v1,f76be7fea227482e0d2e5078d97994299bbc9dfbe0681fde37169ce8641b13b1,OPT-RF-U256-XATMOV88-R256-v1:0199,XATMOV_C1_14_2942_z2_22,0cb93530a277e224a13efcdd91e238448de014d9e2d70c1092c9ab467dcb3927,199,cross_family_test_set,XATMOV/structures/XATMOV_C1_14_2942_z2_22.cif,fc6a44cd92710669bd32803f40a0e0847c154205ba4a4aa893945c6f07d0313d,0cb93530a277e224a13efcdd91e238448de014d9e2d70c1092c9ab467dcb3927,0,88,"[""C"", ""C"", ""N"", ""C"", ""H"", ""H"", ""H"", ""H"", ""H"", ""H"", ""H"", ""C"", ""C"", ""N"", ""C"", ""H"", ""H"", ""H"", ""H"", ""H"", ""H"", ""H"", ""C"", ""C"", ""N"", ""C"", ""H"", ""H"", ""H"", ""H"", ""H"", ""H"", ""H"", ""C"", ""C"", ""N"", ""C"", ""H"", ""H"", ""H"", ""H"", ""H"", ""H"", ""H"", ""C"", ""C"", ""N"", ""C"", ""H"", ""H"", ""H"", ""H"", ""H"", ""H"", ""H"", ""C"", ""C"", ""N"", ""C"", ""H"", ""H"", ""H"", ""H"", ""H"", ""H"", ""H"", ""C"", ""C"", ""N"", ""C"", ""H"", ""H"", ""H"", ""H"", ""H"", ""H"", ""H"", ""C"", ""C"", ""N"", ""C"", ""H"", ""H"", ""H"", ""H"", ""H"", ""H"", ""H""]",C24H56N8,"[true, true, true]","[12.355480320344938, 0.0, 0.0, 0.0, 10.743877489399903, 0.0, 5.338590774690746, 0.0, 10.19766194534051]",1353.696455362879,[],"{""cutoff=6.000_skin=0.000"": 4768, ""cutoff=6.000_skin=0.500"": 6224}",0.0,,
OPT-RF-U256-XATMOV88-R256-v1,f76be7fea227482e0d2e5078d97994299bbc9dfbe0681fde37169ce8641b13b1,OPT-RF-U256-XATMOV88-R256-v1:0200,XATMOV_C2_14_2470_z2_22,771fb076b48dc3c05622d405e4100589f7e694c50716177788e9cf2d71ff8c4e,200,cross_family_test_set,XATMOV/structures/XATMOV_C2_14_2470_z2_22.cif,b6d9794dacbf47d3832a017a7d61d741686169c747131041435e63fc565e78f4,771fb076b48dc3c05622d405e4100589f7e694c50716177788e9cf2d71ff8c4e,0,88,"[""C"", ""C"", ""N"", ""C"", ""H"", ""H"", ""H"", ""H"", ""H"", ""H"", ""H"", ""C"", ""C"", ""N"", ""C"", ""H"", ""H"", ""H"", ""H"", ""H"", ""H"", ""H"", ""C"", ""C"", ""N"", ""C"", ""H"", ""H"", ""H"", ""H"", ""H"", ""H"", ""H"", ""C"", ""C"", ""N"", ""C"", ""H"", ""H"", ""H"", ""H"", ""H"", ""H"", ""H"", ""C"", ""C"", ""N"", ""C"", ""H"", ""H"", ""H"", ""H"", ""H"", ""H"", ""H"", ""C"", ""C"", ""N"", ""C"", ""H"", ""H"", ""H"", ""H"", ""H"", ""H"", ""H"", ""C"", ""C"", ""N"", ""C"", ""H"", ""H"", ""H"", ""H"", ""H"", ""H"", ""H"", ""C"", ""C"", ""N"", ""C"", ""H"", ""H"", ""H"", ""H"", ""H"", ""H"", ""H""]",C24H56N8,"[true, true, true]","[12.184065295896232, 0.0, 0.0, 0.0, 6.446222637392125, 0.0, 8.604026264350436, 0.0, 17.380153754619815]",1365.0580890715876,[],"{""cutoff=6.000_skin=0.000"": 4772, ""cutoff=6.000_skin=0.500"": 6384}",0.0,,
OPT-RF-U256-XATMOV88-R256-v1,f76be7fea227482e0d2e5078d97994299bbc9dfbe0681fde37169ce8641b13b1,OPT-RF-U256-XATMOV88-R256-v1:0201,XATMOV_C2_14_537_z2_22,f86687a5129c9dba0ca558888580ad40da04a38ad9805c480fe3a2c1c8791e0c,201,cross_family_test_set,XATMOV/structures/XATMOV_C2_14_537_z2_22.cif,0e546b6aa10974a383b046d17f85f9c164d39a57c01cae459491b7cab9e54200,f86687a5129c9dba0ca558888580ad40da04a38ad9805c480fe3a2c1c8791e0c,0,88,"[""C"", ""C"", ""N"", ""C"", ""H"", ""H"", ""H"", ""H"", ""H"", ""H"", ""H"", ""C"", ""C"", ""N"", ""C"", ""H"", ""H"", ""H"", ""H"", ""H"", ""H"", ""H"", ""C"", ""C"", ""N"", ""C"", ""H"", ""H"", ""H"", ""H"", ""H"", ""H"", ""H"", ""C"", ""C"", ""N"", ""C"", ""H"", ""H"", ""H"", ""H"", ""H"", ""H"", ""H"", ""C"", ""C"", ""N"", ""C"", ""H"", ""H"", ""H"", ""H"", ""H"", ""H"", ""H"", ""C"", ""C"", ""N"", ""C"", ""H"", ""H"", ""H"", ""H"", ""H"", ""H"", ""H"", ""C"", ""C"", ""N"", ""C"", ""H"", ""H"", ""H"", ""H"", ""H"", ""H"", ""H"", ""C"", ""C"", ""N"", ""C"", ""H"", ""H"", ""H"", ""H"", ""H"", ""H"", ""H""]",C24H56N8,"[true, true, true]","[14.77040927246206, 0.0, 0.0, 0.0, 10.237130235861379, 0.0, -2.8376830633571277, 0.0, 10.568660057741583]",1598.0511893888195,[],"{""cutoff=6.000_skin=0.000"": 4804, ""cutoff=6.000_skin=0.500"": 6240}",0.0,,
OPT-RF-U256-XATMOV88-R256-v1,f76be7fea227482e0d2e5078d97994299bbc9dfbe0681fde37169ce8641b13b1,OPT-RF-U256-XATMOV88-R256-v1:0202,XATMOV_C2_14_6308_z2_22,48c4d9b4fab9be3ae06ab3d0247ca8d086d26d76be6b954a320c0a1d813523a0,202,cross_family_test_set,XATMOV/structures/XATMOV_C2_14_6308_z2_22.cif,442ed99557d77a6cb9e7b06746b8a9db1bd17da22ba183f651d48ed031918596,48c4d9b4fab9be3ae06ab3d0247ca8d086d26d76be6b954a320c0a1d813523a0,0,88,"[""C"", ""C"", ""N"", ""C"", ""H"", ""H"", ""H"", ""H"", ""H"", ""H"", ""H"", ""C"", ""C"", ""N"", ""C"", ""H"", ""H"", ""H"", ""H"", ""H"", ""H"", ""H"", ""C"", ""C"", ""N"", ""C"", ""H"", ""H"", ""H"", ""H"", ""H"", ""H"", ""H"", ""C"", ""C"", ""N"", ""C"", ""H"", ""H"", ""H"", ""H"", ""H"", ""H"", ""H"", ""C"", ""C"", ""N"", ""C"", ""H"", ""H"", ""H"", ""H"", ""H"", ""H"", ""H"", ""C"", ""C"", ""N"", ""C"", ""H"", ""H"", ""H"", ""H"", ""H"", ""H"", ""H"", ""C"", ""C"", ""N"", ""C"", ""H"", ""H"", ""H"", ""H"", ""H"", ""H"", ""H"", ""C"", ""C"", ""N"", ""C"", ""H"", ""H"", ""H"", ""H"", ""H"", ""H"", ""H""]",C24H56N8,"[true, true, true]","[11.160513744199505, 0.0, 0.0, 0.0, 12.293897492120749, 0.0, -0.7490148855196085, 0.0, 11.698539118444684]",1605.112237563661,[],"{""cutoff=6.000_skin=0.000"": 4856, ""cutoff=6.000_skin=0.500"": 5908}",0.0,,
OPT-RF-U256-XATMOV88-R256-v1,f76be7fea227482e0d2e5078d97994299bbc9dfbe0681fde37169ce8641b13b1,OPT-RF-U256-XATMOV88-R256-v1:0203,XATMOV_C1_14_1340_z2_22,993e22c6242841352f25c77f3a6af71564a2471a03fd5cb2c52419262ea55567,203,cross_family_test_set,XATMOV/structures/XATMOV_C1_14_1340_z2_22.cif,45f3b09f42e30a3c5d7816fccc7b4c25bc6a797cb0b15d900c7e69a84a357b34,993e22c6242841352f25c77f3a6af71564a2471a03fd5cb2c52419262ea55567,0,88,"[""C"", ""C"", ""N"", ""C"", ""H"", ""H"", ""H"", ""H"", ""H"", ""H"", ""H"", ""C"", ""C"", ""N"", ""C"", ""H"", ""H"", ""H"", ""H"", ""H"", ""H"", ""H"", ""C"", ""C"", ""N"", ""C"", ""H"", ""H"", ""H"", ""H"", ""H"", ""H"", ""H"", ""C"", ""C"", ""N"", ""C"", ""H"", ""H"", ""H"", ""H"", ""H"", ""H"", ""H"", ""C"", ""C"", ""N"", ""C"", ""H"", ""H"", ""H"", ""H"", ""H"", ""H"", ""H"", ""C"", ""C"", ""N"", ""C"", ""H"", ""H"", ""H"", ""H"", ""H"", ""H"", ""H"", ""C"", ""C"", ""N"", ""C"", ""H"", ""H"", ""H"", ""H"", ""H"", ""H"", ""H"", ""C"", ""C"", ""N"", ""C"", ""H"", ""H"", ""H"", ""H"", ""H"", ""H"", ""H""]",C24H56N8,"[true, true, true]","[13.526659851681071, 0.0, 0.0, 0.0, 11.04803909844302, 0.0, -5.842227807489239, 0.0, 8.991075810976689]",1343.653944037055,[],"{""cutoff=6.000_skin=0.000"": 4872, ""cutoff=6.000_skin=0.500"": 6552}",0.0,,
OPT-RF-U256-XATMOV88-R256-v1,f76be7fea227482e0d2e5078d97994299bbc9dfbe0681fde37169ce8641b13b1,OPT-RF-U256-XATMOV88-R256-v1:0204,XATMOV_C2_14_841_z2_22,0457b46b0669712f721697594b52772cf2b03e0405b0c3b3588c0d8e40838ae7,204,cross_family_test_set,XATMOV/structures/XATMOV_C2_14_841_z2_22.cif,b3ff761ab659c97d0572a39b013dbc70618a27844da568ae871a7455c6c87e21,0457b46b0669712f721697594b52772cf2b03e0405b0c3b3588c0d8e40838ae7,0,88,"[""C"", ""C"", ""N"", ""C"", ""H"", ""H"", ""H"", ""H"", ""H"", ""H"", ""H"", ""C"", ""C"", ""N"", ""C"", ""H"", ""H"", ""H"", ""H"", ""H"", ""H"", ""H"", ""C"", ""C"", ""N"", ""C"", ""H"", ""H"", ""H"", ""H"", ""H"", ""H"", ""H"", ""C"", ""C"", ""N"", ""C"", ""H"", ""H"", ""H"", ""H"", ""H"", ""H"", ""H"", ""C"", ""C"", ""N"", ""C"", ""H"", ""H"", ""H"", ""H"", ""H"", ""H"", ""H"", ""C"", ""C"", ""N"", ""C"", ""H"", ""H"", ""H"", ""H"", ""H"", ""H"", ""H"", ""C"", ""C"", ""N"", ""C"", ""H"", ""H"", ""H"", ""H"", ""H"", ""H"", ""H"", ""C"", ""C"", ""N"", ""C"", ""H"", ""H"", ""H"", ""H"", ""H"", ""H"", ""H""]",C24H56N8,"[true, true, true]","[9.687923261749887, 0.0, 0.0, 0.0, 15.94912926798549, 0.0, 3.0999579669695914, 0.0, 8.945093468928949]",1382.1416394880753,[],"{""cutoff=6.000_skin=0.000"": 4900, ""cutoff=6.000_skin=0.500"": 6292}",0.0,,
OPT-RF-U256-XATMOV88-R256-v1,f76be7fea227482e0d2e5078d97994299bbc9dfbe0681fde37169ce8641b13b1,OPT-RF-U256-XATMOV88-R256-v1:0205,XATMOV_C1_14_6673_z2_22,3fb33d62815440b8c2483dcec9e0973bc93e069a52cd5dd8379240960a0cffd6,205,cross_family_test_set,XATMOV/structures/XATMOV_C1_14_6673_z2_22.cif,8353d240571bc673cc974c6402c74285d12a684823faec08fd2676023153f078,3fb33d62815440b8c2483dcec9e0973bc93e069a52cd5dd8379240960a0cffd6,0,88,"[""C"", ""C"", ""N"", ""C"", ""H"", ""H"", ""H"", ""H"", ""H"", ""H"", ""H"", ""C"", ""C"", ""N"", ""C"", ""H"", ""H"", ""H"", ""H"", ""H"", ""H"", ""H"", ""C"", ""C"", ""N"", ""C"", ""H"", ""H"", ""H"", ""H"", ""H"", ""H"", ""H"", ""C"", ""C"", ""N"", ""C"", ""H"", ""H"", ""H"", ""H"", ""H"", ""H"", ""H"", ""C"", ""C"", ""N"", ""C"", ""H"", ""H"", ""H"", ""H"", ""H"", ""H"", ""H"", ""C"", ""C"", ""N"", ""C"", ""H"", ""H"", ""H"", ""H"", ""H"", ""H"", ""H"", ""C"", ""C"", ""N"", ""C"", ""H"", ""H"", ""H"", ""H"", ""H"", ""H"", ""H"", ""C"", ""C"", ""N"", ""C"", ""H"", ""H"", ""H"", ""H"", ""H"", ""H"", ""H""]",C24H56N8,"[true, true, true]","[11.311063552323368, 0.0, 0.0, 0.0, 9.602697926071883, 0.0, 1.251973653072112, 0.0, 12.504133747107867]",1358.158075523636,[],"{""cutoff=6.000_skin=0.000"": 4916, ""cutoff=6.000_skin=0.500"": 6408}",0.0,,
OPT-RF-U256-XATMOV88-R256-v1,f76be7fea227482e0d2e5078d97994299bbc9dfbe0681fde37169ce8641b13b1,OPT-RF-U256-XATMOV88-R256-v1:0206,XATMOV_C2_14_2359_z2_22,55e00a572d9f88345f2f8ce79abfd818db7ccb50ce42379f0345a403f6fe3513,206,cross_family_test_set,XATMOV/structures/XATMOV_C2_14_2359_z2_22.cif,798de004b8e8d74c2b164806061b88c2a98c227a5d300479777560037d1df742,55e00a572d9f88345f2f8ce79abfd818db7ccb50ce42379f0345a403f6fe3513,0,88,"[""C"", ""C"", ""N"", ""C"", ""H"", ""H"", ""H"", ""H"", ""H"", ""H"", ""H"", ""C"", ""C"", ""N"", ""C"", ""H"", ""H"", ""H"", ""H"", ""H"", ""H"", ""H"", ""C"", ""C"", ""N"", ""C"", ""H"", ""H"", ""H"", ""H"", ""H"", ""H"", ""H"", ""C"", ""C"", ""N"", ""C"", ""H"", ""H"", ""H"", ""H"", ""H"", ""H"", ""H"", ""C"", ""C"", ""N"", ""C"", ""H"", ""H"", ""H"", ""H"", ""H"", ""H"", ""H"", ""C"", ""C"", ""N"", ""C"", ""H"", ""H"", ""H"", ""H"", ""H"", ""H"", ""H"", ""C"", ""C"", ""N"", ""C"", ""H"", ""H"", ""H"", ""H"", ""H"", ""H"", ""H"", ""C"", ""C"", ""N"", ""C"", ""H"", ""H"", ""H"", ""H"", ""H"", ""H"", ""H""]",C24H56N8,"[true, true, true]","[17.758754269843575, 0.0, 0.0, 0.0, 9.474144673853004, 0.0, -3.5436695698376566, 0.0, 8.470996094734064]",1425.2366827638411,[],"{""cutoff=6.000_skin=0.000"": 4940, ""cutoff=6.000_skin=0.500"": 6384}",0.0,,
OPT-RF-U256-XATMOV88-R256-v1,f76be7fea227482e0d2e5078d97994299bbc9dfbe0681fde37169ce8641b13b1,OPT-RF-U256-XATMOV88-R256-v1:0207,XATMOV_C2_14_6525_z2_22,27aa528b42049bd12d19f7011ce70b4afcd7f630ce7b7dde90c11116a1058034,207,cross_family_test_set,XATMOV/structures/XATMOV_C2_14_6525_z2_22.cif,aa693d6554b4fd71a674fe92186cc44dfdc42f3fb114a077197a30a8c1b76df0,27aa528b42049bd12d19f7011ce70b4afcd7f630ce7b7dde90c11116a1058034,0,88,"[""C"", ""C"", ""N"", ""C"", ""H"", ""H"", ""H"", ""H"", ""H"", ""H"", ""H"", ""C"", ""C"", ""N"", ""C"", ""H"", ""H"", ""H"", ""H"", ""H"", ""H"", ""H"", ""C"", ""C"", ""N"", ""C"", ""H"", ""H"", ""H"", ""H"", ""H"", ""H"", ""H"", ""C"", ""C"", ""N"", ""C"", ""H"", ""H"", ""H"", ""H"", ""H"", ""H"", ""H"", ""C"", ""C"", ""N"", ""C"", ""H"", ""H"", ""H"", ""H"", ""H"", ""H"", ""H"", ""C"", ""C"", ""N"", ""C"", ""H"", ""H"", ""H"", ""H"", ""H"", ""H"", ""H"", ""C"", ""C"", ""N"", ""C"", ""H"", ""H"", ""H"", ""H"", ""H"", ""H"", ""H"", ""C"", ""C"", ""N"", ""C"", ""H"", ""H"", ""H"", ""H"", ""H"", ""H"", ""H""]",C24H56N8,"[true, true, true]","[11.858303682543593, 0.0, 0.0, 0.0, 12.247671427266582, 0.0, -5.826167389509352, 0.0, 9.521298017466977]",1382.8410200878684,[],"{""cutoff=6.000_skin=0.000"": 4944, ""cutoff=6.000_skin=0.500"": 6444}",0.0,,
OPT-RF-U256-XATMOV88-R256-v1,f76be7fea227482e0d2e5078d97994299bbc9dfbe0681fde37169ce8641b13b1,OPT-RF-U256-XATMOV88-R256-v1:0208,XATMOV_C1_14_5009_z2_22,17698bcd1f5fe115bec356baf1fb7e2becc0ee3c168b0c1f5c54fac4f19f577d,208,cross_family_test_set,XATMOV/structures/XATMOV_C1_14_5009_z2_22.cif,fcea811c2f4c060179fc9a7e7885830e263cfb330c612261f0204aff7e2d70db,17698bcd1f5fe115bec356baf1fb7e2becc0ee3c168b0c1f5c54fac4f19f577d,0,88,"[""C"", ""C"", ""N"", ""C"", ""H"", ""H"", ""H"", ""H"", ""H"", ""H"", ""H"", ""C"", ""C"", ""N"", ""C"", ""H"", ""H"", ""H"", ""H"", ""H"", ""H"", ""H"", ""C"", ""C"", ""N"", ""C"", ""H"", ""H"", ""H"", ""H"", ""H"", ""H"", ""H"", ""C"", ""C"", ""N"", ""C"", ""H"", ""H"", ""H"", ""H"", ""H"", ""H"", ""H"", ""C"", ""C"", ""N"", ""C"", ""H"", ""H"", ""H"", ""H"", ""H"", ""H"", ""H"", ""C"", ""C"", ""N"", ""C"", ""H"", ""H"", ""H"", ""H"", ""H"", ""H"", ""H"", ""C"", ""C"", ""N"", ""C"", ""H"", ""H"", ""H"", ""H"", ""H"", ""H"", ""H"", ""C"", ""C"", ""N"", ""C"", ""H"", ""H"", ""H"", ""H"", ""H"", ""H"", ""H""]",C24H56N8,"[true, true, true]","[10.171919643952243, 0.0, 0.0, 0.0, 8.415725899815357, 0.0, 8.26569747005633, 0.0, 15.830718502976996]",1355.1742134752371,[],"{""cutoff=6.000_skin=0.000"": 4960, ""cutoff=6.000_skin=0.500"": 6724}",0.0,,
OPT-RF-U256-XATMOV88-R256-v1,f76be7fea227482e0d2e5078d97994299bbc9dfbe0681fde37169ce8641b13b1,OPT-RF-U256-XATMOV88-R256-v1:0209,XATMOV_C2_14_6782_z2_22,bb3736a1b9750b9969b4a027621989a24fe51dfa53ed4239ae1bd2d7a5b27715,209,cross_family_test_set,XATMOV/structures/XATMOV_C2_14_6782_z2_22.cif,ec59e2792524733d0c404d20b1113eb2927ddeaee21cf689e7a3202829bbebbf,bb3736a1b9750b9969b4a027621989a24fe51dfa53ed4239ae1bd2d7a5b27715,0,88,"[""C"", ""C"", ""N"", ""C"", ""H"", ""H"", ""H"", ""H"", ""H"", ""H"", ""H"", ""C"", ""C"", ""N"", ""C"", ""H"", ""H"", ""H"", ""H"", ""H"", ""H"", ""H"", ""C"", ""C"", ""N"", ""C"", ""H"", ""H"", ""H"", ""H"", ""H"", ""H"", ""H"", ""C"", ""C"", ""N"", ""C"", ""H"", ""H"", ""H"", ""H"", ""H"", ""H"", ""H"", ""C"", ""C"", ""N"", ""C"", ""H"", ""H"", ""H"", ""H"", ""H"", ""H"", ""H"", ""C"", ""C"", ""N"", ""C"", ""H"", ""H"", ""H"", ""H"", ""H"", ""H"", ""H"", ""C"", ""C"", ""N"", ""C"", ""H"", ""H"", ""H"", ""H"", ""H"", ""H"", ""H"", ""C"", ""C"", ""N"", ""C"", ""H"", ""H"", ""H"", ""H"", ""H"", ""H"", ""H""]",C24H56N8,"[true, true, true]","[9.194959743241782, 0.0, 0.0, 0.0, 7.923146318489977, 0.0, -10.586764915093696, 0.0, 18.368306677367116]",1338.1864564689743,[],"{""cutoff=6.000_skin=0.000"": 4980, ""cutoff=6.000_skin=0.500"": 6504}",0.0,,
OPT-RF-U256-XATMOV88-R256-v1,f76be7fea227482e0d2e5078d97994299bbc9dfbe0681fde37169ce8641b13b1,OPT-RF-U256-XATMOV88-R256-v1:0210,XATMOV_C2_14_2085_z2_22,e675a892f6c915181ee565ac372180f4287e6f7a2e39f6da9965807c95014cda,210,cross_family_test_set,XATMOV/structures/XATMOV_C2_14_2085_z2_22.cif,a9998da5b2fba7bbb39d3984bc5be46164aabedffe5215ff7368a2d74f6bc7b5,e675a892f6c915181ee565ac372180f4287e6f7a2e39f6da9965807c95014cda,0,88,"[""C"", ""C"", ""N"", ""C"", ""H"", ""H"", ""H"", ""H"", ""H"", ""H"", ""H"", ""C"", ""C"", ""N"", ""C"", ""H"", ""H"", ""H"", ""H"", ""H"", ""H"", ""H"", ""C"", ""C"", ""N"", ""C"", ""H"", ""H"", ""H"", ""H"", ""H"", ""H"", ""H"", ""C"", ""C"", ""N"", ""C"", ""H"", ""H"", ""H"", ""H"", ""H"", ""H"", ""H"", ""C"", ""C"", ""N"", ""C"", ""H"", ""H"", ""H"", ""H"", ""H"", ""H"", ""H"", ""C"", ""C"", ""N"", ""C"", ""H"", ""H"", ""H"", ""H"", ""H"", ""H"", ""H"", ""C"", ""C"", ""N"", ""C"", ""H"", ""H"", ""H"", ""H"", ""H"", ""H"", ""H"", ""C"", ""C"", ""N"", ""C"", ""H"", ""H"", ""H"", ""H"", ""H"", ""H"", ""H""]",C24H56N8,"[true, true, true]","[11.604617068392827, 0.0, 0.0, 0.0, 10.473612431813528, 0.0, -2.9351166067861363, 0.0, 10.802604716998948]",1312.9730084095738,[],"{""cutoff=6.000_skin=0.000"": 4992, ""cutoff=6.000_skin=0.500"": 6516}",0.0,,
OPT-RF-U256-XATMOV88-R256-v1,f76be7fea227482e0d2e5078d97994299bbc9dfbe0681fde37169ce8641b13b1,OPT-RF-U256-XATMOV88-R256-v1:0211,XATMOV_C2_14_3980_z2_22,919ff1a2c0ce97b151c8374b3de101c0027cf831d2a782963c612cc800bf5313,211,cross_family_test_set,XATMOV/structures/XATMOV_C2_14_3980_z2_22.cif,85d6a6e36f8d8cf1b35250d1ac71c60553c3999cda300e92094b4040a4f13608,919ff1a2c0ce97b151c8374b3de101c0027cf831d2a782963c612cc800bf5313,0,88,"[""C"", ""C"", ""N"", ""C"", ""H"", ""H"", ""H"", ""H"", ""H"", ""H"", ""H"", ""C"", ""C"", ""N"", ""C"", ""H"", ""H"", ""H"", ""H"", ""H"", ""H"", ""H"", ""C"", ""C"", ""N"", ""C"", ""H"", ""H"", ""H"", ""H"", ""H"", ""H"", ""H"", ""C"", ""C"", ""N"", ""C"", ""H"", ""H"", ""H"", ""H"", ""H"", ""H"", ""H"", ""C"", ""C"", ""N"", ""C"", ""H"", ""H"", ""H"", ""H"", ""H"", ""H"", ""H"", ""C"", ""C"", ""N"", ""C"", ""H"", ""H"", ""H"", ""H"", ""H"", ""H"", ""H"", ""C"", ""C"", ""N"", ""C"", ""H"", ""H"", ""H"", ""H"", ""H"", ""H"", ""H"", ""C"", ""C"", ""N"", ""C"", ""H"", ""H"", ""H"", ""H"", ""H"", ""H"", ""H""]",C24H56N8,"[true, true, true]","[9.615003323307555, 0.0, 0.0, 0.0, 11.951832896964888, 0.0, -4.29079133899604, 0.0, 11.670160941977018]",1341.0988699444842,[],"{""cutoff=6.000_skin=0.000"": 5028, ""cutoff=6.000_skin=0.500"": 6652}",0.0,,
OPT-RF-U256-XATMOV88-R256-v1,f76be7fea227482e0d2e5078d97994299bbc9dfbe0681fde37169ce8641b13b1,OPT-RF-U256-XATMOV88-R256-v1:0212,XATMOV_C1_14_1052_z2_22,3b9b6dbed7d1f6daec5e49d11f621353cdea63385a6674c820cbeedec8fb8f50,212,cross_family_test_set,XATMOV/structures/XATMOV_C1_14_1052_z2_22.cif,9f3331f9ba86e23326720765e7d728d4f8b420623f3b0c022c39f56743c578a9,3b9b6dbed7d1f6daec5e49d11f621353cdea63385a6674c820cbeedec8fb8f50,0,88,"[""C"", ""C"", ""N"", ""C"", ""H"", ""H"", ""H"", ""H"", ""H"", ""H"", ""H"", ""C"", ""C"", ""N"", ""C"", ""H"", ""H"", ""H"", ""H"", ""H"", ""H"", ""H"", ""C"", ""C"", ""N"", ""C"", ""H"", ""H"", ""H"", ""H"", ""H"", ""H"", ""H"", ""C"", ""C"", ""N"", ""C"", ""H"", ""H"", ""H"", ""H"", ""H"", ""H"", ""H"", ""C"", ""C"", ""N"", ""C"", ""H"", ""H"", ""H"", ""H"", ""H"", ""H"", ""H"", ""C"", ""C"", ""N"", ""C"", ""H"", ""H"", ""H"", ""H"", ""H"", ""H"", ""H"", ""C"", ""C"", ""N"", ""C"", ""H"", ""H"", ""H"", ""H"", ""H"", ""H"", ""H"", ""C"", ""C"", ""N"", ""C"", ""H"", ""H"", ""H"", ""H"", ""H"", ""H"", ""H""]",C24H56N8,"[true, true, true]","[6.072580943411108, 0.0, 0.0, 0.0, 10.667910875861999, 0.0, 7.7211792642246975, 0.0, 20.406962103688837]",1321.9987640082534,[],"{""cutoff=6.000_skin=0.000"": 5052, ""cutoff=6.000_skin=0.500"": 6788}",0.0,,
OPT-RF-U256-XATMOV88-R256-v1,f76be7fea227482e0d2e5078d97994299bbc9dfbe0681fde37169ce8641b13b1,OPT-RF-U256-XATMOV88-R256-v1:0213,XATMOV_C1_14_1269_z2_22,da307a29aae0b315a5516a3d1d8b0cba0e515c8063048ad56ece0a2cf7fb1d44,213,cross_family_test_set,XATMOV/structures/XATMOV_C1_14_1269_z2_22.cif,fcb0c056acc1861e514c21102382b0f4eebdeed95f49cc4b7cb9008ea9a17d2b,da307a29aae0b315a5516a3d1d8b0cba0e515c8063048ad56ece0a2cf7fb1d44,0,88,"[""C"", ""C"", ""N"", ""C"", ""H"", ""H"", ""H"", ""H"", ""H"", ""H"", ""H"", ""C"", ""C"", ""N"", ""C"", ""H"", ""H"", ""H"", ""H"", ""H"", ""H"", ""H"", ""C"", ""C"", ""N"", ""C"", ""H"", ""H"", ""H"", ""H"", ""H"", ""H"", ""H"", ""C"", ""C"", ""N"", ""C"", ""H"", ""H"", ""H"", ""H"", ""H"", ""H"", ""H"", ""C"", ""C"", ""N"", ""C"", ""H"", ""H"", ""H"", ""H"", ""H"", ""H"", ""H"", ""C"", ""C"", ""N"", ""C"", ""H"", ""H"", ""H"", ""H"", ""H"", ""H"", ""H"", ""C"", ""C"", ""N"", ""C"", ""H"", ""H"", ""H"", ""H"", ""H"", ""H"", ""H"", ""C"", ""C"", ""N"", ""C"", ""H"", ""H"", ""H"", ""H"", ""H"", ""H"", ""H""]",C24H56N8,"[true, true, true]","[11.462431976547482, 0.0, 0.0, 0.0, 11.248434207710233, 0.0, -4.641812315931094, 0.0, 10.340503733589449]",1333.246768142123,[],"{""cutoff=6.000_skin=0.000"": 5052, ""cutoff=6.000_skin=0.500"": 6740}",0.0,,
OPT-RF-U256-XATMOV88-R256-v1,f76be7fea227482e0d2e5078d97994299bbc9dfbe0681fde37169ce8641b13b1,OPT-RF-U256-XATMOV88-R256-v1:0214,XATMOV_C1_14_4403_z2_22,a4da24aa6cdcd80af617383753d5cdb7cb79c23534452f64f7f1a54f367d7b7b,214,cross_family_test_set,XATMOV/structures/XATMOV_C1_14_4403_z2_22.cif,5b66cae7b406da1739283e47ee9e45d27ae44963ba32196169f102395933dbde,a4da24aa6cdcd80af617383753d5cdb7cb79c23534452f64f7f1a54f367d7b7b,0,88,"[""C"", ""C"", ""N"", ""C"", ""H"", ""H"", ""H"", ""H"", ""H"", ""H"", ""H"", ""C"", ""C"", ""N"", ""C"", ""H"", ""H"", ""H"", ""H"", ""H"", ""H"", ""H"", ""C"", ""C"", ""N"", ""C"", ""H"", ""H"", ""H"", ""H"", ""H"", ""H"", ""H"", ""C"", ""C"", ""N"", ""C"", ""H"", ""H"", ""H"", ""H"", ""H"", ""H"", ""H"", ""C"", ""C"", ""N"", ""C"", ""H"", ""H"", ""H"", ""H"", ""H"", ""H"", ""H"", ""C"", ""C"", ""N"", ""C"", ""H"", ""H"", ""H"", ""H"", ""H"", ""H"", ""H"", ""C"", ""C"", ""N"", ""C"", ""H"", ""H"", ""H"", ""H"", ""H"", ""H"", ""H"", ""C"", ""C"", ""N"", ""C"", ""H"", ""H"", ""H"", ""H"", ""H"", ""H"", ""H""]",C24H56N8,"[true, true, true]","[11.911441787804769, 0.0, 0.0, 0.0, 11.686430281298776, 0.0, 0.8870661607834901, 0.0, 9.321241102837257]",1297.537585194875,[],"{""cutoff=6.000_skin=0.000"": 5064, ""cutoff=6.000_skin=0.500"": 6792}",0.0,,
OPT-RF-U256-XATMOV88-R256-v1,f76be7fea227482e0d2e5078d97994299bbc9dfbe0681fde37169ce8641b13b1,OPT-RF-U256-XATMOV88-R256-v1:0215,XATMOV_C2_14_4798_z2_22,665ea60f829bde99989a8292a35adf285ae69750cf3f7aa4d4884cc2a28b5f97,215,cross_family_test_set,XATMOV/structures/XATMOV_C2_14_4798_z2_22.cif,503d9f8437746f5545b7233648f03b638a0a1a25d6c7a3f9c7ac79109b2cdfa0,665ea60f829bde99989a8292a35adf285ae69750cf3f7aa4d4884cc2a28b5f97,0,88,"[""C"", ""C"", ""N"", ""C"", ""H"", ""H"", ""H"", ""H"", ""H"", ""H"", ""H"", ""C"", ""C"", ""N"", ""C"", ""H"", ""H"", ""H"", ""H"", ""H"", ""H"", ""H"", ""C"", ""C"", ""N"", ""C"", ""H"", ""H"", ""H"", ""H"", ""H"", ""H"", ""H"", ""C"", ""C"", ""N"", ""C"", ""H"", ""H"", ""H"", ""H"", ""H"", ""H"", ""H"", ""C"", ""C"", ""N"", ""C"", ""H"", ""H"", ""H"", ""H"", ""H"", ""H"", ""H"", ""C"", ""C"", ""N"", ""C"", ""H"", ""H"", ""H"", ""H"", ""H"", ""H"", ""H"", ""C"", ""C"", ""N"", ""C"", ""H"", ""H"", ""H"", ""H"", ""H"", ""H"", ""H"", ""C"", ""C"", ""N"", ""C"", ""H"", ""H"", ""H"", ""H"", ""H"", ""H"", ""H""]",C24H56N8,"[true, true, true]","[12.765568529839783, 0.0, 0.0, 0.0, 5.361096554874976, 0.0, 15.90436751684391, 0.0, 19.346062229984142]",1323.9950788530464,[],"{""cutoff=6.000_skin=0.000"": 5064, ""cutoff=6.000_skin=0.500"": 6744}",0.0,,
OPT-RF-U256-XATMOV88-R256-v1,f76be7fea227482e0d2e5078d97994299bbc9dfbe0681fde37169ce8641b13b1,OPT-RF-U256-XATMOV88-R256-v1:0216,XATMOV_C2_14_3075_z2_22,492d3d0dacea6437a89b46d039306eaa1693e07a840da3b511d49f7c5a02969b,216,cross_family_test_set,XATMOV/structures/XATMOV_C2_14_3075_z2_22.cif,d1aad677503064d9614d35590f7910059735586eab0f36ffe1b38353e0625698,492d3d0dacea6437a89b46d039306eaa1693e07a840da3b511d49f7c5a02969b,0,88,"[""C"", ""C"", ""N"", ""C"", ""H"", ""H"", ""H"", ""H"", ""H"", ""H"", ""H"", ""C"", ""C"", ""N"", ""C"", ""H"", ""H"", ""H"", ""H"", ""H"", ""H"", ""H"", ""C"", ""C"", ""N"", ""C"", ""H"", ""H"", ""H"", ""H"", ""H"", ""H"", ""H"", ""C"", ""C"", ""N"", ""C"", ""H"", ""H"", ""H"", ""H"", ""H"", ""H"", ""H"", ""C"", ""C"", ""N"", ""C"", ""H"", ""H"", ""H"", ""H"", ""H"", ""H"", ""H"", ""C"", ""C"", ""N"", ""C"", ""H"", ""H"", ""H"", ""H"", ""H"", ""H"", ""H"", ""C"", ""C"", ""N"", ""C"", ""H"", ""H"", ""H"", ""H"", ""H"", ""H"", ""H"", ""C"", ""C"", ""N"", ""C"", ""H"", ""H"", ""H"", ""H"", ""H"", ""H"", ""H""]",C24H56N8,"[true, true, true]","[8.41848142092806, 0.0, 0.0, 0.0, 9.820643306028984, 0.0, -1.8378940321841617, 0.0, 16.270009904415378]",1345.1214941280557,[],"{""cutoff=6.000_skin=0.000"": 5108, ""cutoff=6.000_skin=0.500"": 6444}",0.0,,
OPT-RF-U256-XATMOV88-R256-v1,f76be7fea227482e0d2e5078d97994299bbc9dfbe0681fde37169ce8641b13b1,OPT-RF-U256-XATMOV88-R256-v1:0217,XATMOV_C2_14_3800_z2_22,f0afc07b7af44599644807d5fd44c1e20f79df4dacbc621dd70ffc1778338e29,217,cross_family_test_set,XATMOV/structures/XATMOV_C2_14_3800_z2_22.cif,e7b15a1f6c685786ca4915f0cf189cb39726962ea84ade53488170a809c8eb13,f0afc07b7af44599644807d5fd44c1e20f79df4dacbc621dd70ffc1778338e29,0,88,"[""C"", ""C"", ""N"", ""C"", ""H"", ""H"", ""H"", ""H"", ""H"", ""H"", ""H"", ""C"", ""C"", ""N"", ""C"", ""H"", ""H"", ""H"", ""H"", ""H"", ""H"", ""H"", ""C"", ""C"", ""N"", ""C"", ""H"", ""H"", ""H"", ""H"", ""H"", ""H"", ""H"", ""C"", ""C"", ""N"", ""C"", ""H"", ""H"", ""H"", ""H"", ""H"", ""H"", ""H"", ""C"", ""C"", ""N"", ""C"", ""H"", ""H"", ""H"", ""H"", ""H"", ""H"", ""H"", ""C"", ""C"", ""N"", ""C"", ""H"", ""H"", ""H"", ""H"", ""H"", ""H"", ""H"", ""C"", ""C"", ""N"", ""C"", ""H"", ""H"", ""H"", ""H"", ""H"", ""H"", ""H"", ""C"", ""C"", ""N"", ""C"", ""H"", ""H"", ""H"", ""H"", ""H"", ""H"", ""H""]",C24H56N8,"[true, true, true]","[10.850475374957426, 0.0, 0.0, 0.0, 12.035200157016277, 0.0, -5.620362062618123, 0.0, 9.952308548835857]",1299.648515168148,[],"{""cutoff=6.000_skin=0.000"": 5132, ""cutoff=6.000_skin=0.500"": 6996}",0.0,,
OPT-RF-U256-XATMOV88-R256-v1,f76be7fea227482e0d2e5078d97994299bbc9dfbe0681fde37169ce8641b13b1,OPT-RF-U256-XATMOV88-R256-v1:0218,XATMOV_C1_14_4494_z2_22,5f5e88cf9fec1a05bd1fcebcfb0ccda3855743ba5b8c3555f1a210e03d361af7,218,cross_family_test_set,XATMOV/structures/XATMOV_C1_14_4494_z2_22.cif,59e0f2a96eabdcaacee6e463e79effdb03c1e51af2aae32e9486215c06fa5847,5f5e88cf9fec1a05bd1fcebcfb0ccda3855743ba5b8c3555f1a210e03d361af7,0,88,"[""C"", ""C"", ""N"", ""C"", ""H"", ""H"", ""H"", ""H"", ""H"", ""H"", ""H"", ""C"", ""C"", ""N"", ""C"", ""H"", ""H"", ""H"", ""H"", ""H"", ""H"", ""H"", ""C"", ""C"", ""N"", ""C"", ""H"", ""H"", ""H"", ""H"", ""H"", ""H"", ""H"", ""C"", ""C"", ""N"", ""C"", ""H"", ""H"", ""H"", ""H"", ""H"", ""H"", ""H"", ""C"", ""C"", ""N"", ""C"", ""H"", ""H"", ""H"", ""H"", ""H"", ""H"", ""H"", ""C"", ""C"", ""N"", ""C"", ""H"", ""H"", ""H"", ""H"", ""H"", ""H"", ""H"", ""C"", ""C"", ""N"", ""C"", ""H"", ""H"", ""H"", ""H"", ""H"", ""H"", ""H"", ""C"", ""C"", ""N"", ""C"", ""H"", ""H"", ""H"", ""H"", ""H"", ""H"", ""H""]",C24H56N8,"[true, true, true]","[14.93242459901839, 0.0, 0.0, 0.0, 10.229033518279337, 0.0, -7.395968989298952, 0.0, 9.00288529477547]",1375.139157842056,[],"{""cutoff=6.000_skin=0.000"": 5148, ""cutoff=6.000_skin=0.500"": 6500}",0.0,,
OPT-RF-U256-XATMOV88-R256-v1,f76be7fea227482e0d2e5078d97994299bbc9dfbe0681fde37169ce8641b13b1,OPT-RF-U256-XATMOV88-R256-v1:0219,XATMOV_C1_14_1038_z2_22,fe822b9c89ecbd511ff9d18be9dca4d0574c3f7afd47935869b3408da7980b62,219,cross_family_test_set,XATMOV/structures/XATMOV_C1_14_1038_z2_22.cif,0de16e2cc0b4b07d33cda0bfab1be849265297827d0c8f5072c6c4fb3bf01a1f,fe822b9c89ecbd511ff9d18be9dca4d0574c3f7afd47935869b3408da7980b62,0,88,"[""C"", ""C"", ""N"", ""C"", ""H"", ""H"", ""H"", ""H"", ""H"", ""H"", ""H"", ""C"", ""C"", ""N"", ""C"", ""H"", ""H"", ""H"", ""H"", ""H"", ""H"", ""H"", ""C"", ""C"", ""N"", ""C"", ""H"", ""H"", ""H"", ""H"", ""H"", ""H"", ""H"", ""C"", ""C"", ""N"", ""C"", ""H"", ""H"", ""H"", ""H"", ""H"", ""H"", ""H"", ""C"", ""C"", ""N"", ""C"", ""H"", ""H"", ""H"", ""H"", ""H"", ""H"", ""H"", ""C"", ""C"", ""N"", ""C"", ""H"", ""H"", ""H"", ""H"", ""H"", ""H"", ""H"", ""C"", ""C"", ""N"", ""C"", ""H"", ""H"", ""H"", ""H"", ""H"", ""H"", ""H"", ""C"", ""C"", ""N"", ""C"", ""H"", ""H"", ""H"", ""H"", ""H"", ""H"", ""H""]",C24H56N8,"[true, true, true]","[15.322533449581833, 0.0, 0.0, 0.0, 10.313965300943707, 0.0, 0.7928432483363654, 0.0, 9.206432218179636]",1454.9484430941518,[],"{""cutoff=6.000_skin=0.000"": 5168, ""cutoff=6.000_skin=0.500"": 6500}",0.0,,
OPT-RF-U256-XATMOV88-R256-v1,f76be7fea227482e0d2e5078d97994299bbc9dfbe0681fde37169ce8641b13b1,OPT-RF-U256-XATMOV88-R256-v1:0220,XATMOV_C2_14_6815_z2_22,801cc62cabc376083bf27113cf3655db6ab1068c81a49c5a5486e255200cb16b,220,cross_family_test_set,XATMOV/structures/XATMOV_C2_14_6815_z2_22.cif,104276530f11d88cd2676adbd21c03f5ff2526a7be2f4cfb844582a55d944d8f,801cc62cabc376083bf27113cf3655db6ab1068c81a49c5a5486e255200cb16b,0,88,"[""C"", ""C"", ""N"", ""C"", ""H"", ""H"", ""H"", ""H"", ""H"", ""H"", ""H"", ""C"", ""C"", ""N"", ""C"", ""H"", ""H"", ""H"", ""H"", ""H"", ""H"", ""H"", ""C"", ""C"", ""N"", ""C"", ""H"", ""H"", ""H"", ""H"", ""H"", ""H"", ""H"", ""C"", ""C"", ""N"", ""C"", ""H"", ""H"", ""H"", ""H"", ""H"", ""H"", ""H"", ""C"", ""C"", ""N"", ""C"", ""H"", ""H"", ""H"", ""H"", ""H"", ""H"", ""H"", ""C"", ""C"", ""N"", ""C"", ""H"", ""H"", ""H"", ""H"", ""H"", ""H"", ""H"", ""C"", ""C"", ""N"", ""C"", ""H"", ""H"", ""H"", ""H"", ""H"", ""H"", ""H"", ""C"", ""C"", ""N"", ""C"", ""H"", ""H"", ""H"", ""H"", ""H"", ""H"", ""H""]",C24H56N8,"[true, true, true]","[11.170599661813466, 0.0, 0.0, 0.0, 10.737282897245542, 0.0, 3.4193207390105753, 0.0, 10.761221882973576]",1290.7212773718704,[],"{""cutoff=6.000_skin=0.000"": 5168, ""cutoff=6.000_skin=0.500"": 6848}",0.0,,
OPT-RF-U256-XATMOV88-R256-v1,f76be7fea227482e0d2e5078d97994299bbc9dfbe0681fde37169ce8641b13b1,OPT-RF-U256-XATMOV88-R256-v1:0221,XATMOV_C2_14_7330_z2_22,3bd962d29074f2ff426ea530e9f51169c6b305b2c00f6d08dce26da0cf3d3f72,221,cross_family_test_set,XATMOV/structures/XATMOV_C2_14_7330_z2_22.cif,29d73cf44bf901d519925d4620340605e9dc119d799da00eed443db322a17920,3bd962d29074f2ff426ea530e9f51169c6b305b2c00f6d08dce26da0cf3d3f72,0,88,"[""C"", ""C"", ""N"", ""C"", ""H"", ""H"", ""H"", ""H"", ""H"", ""H"", ""H"", ""C"", ""C"", ""N"", ""C"", ""H"", ""H"", ""H"", ""H"", ""H"", ""H"", ""H"", ""C"", ""C"", ""N"", ""C"", ""H"", ""H"", ""H"", ""H"", ""H"", ""H"", ""H"", ""C"", ""C"", ""N"", ""C"", ""H"", ""H"", ""H"", ""H"", ""H"", ""H"", ""H"", ""C"", ""C"", ""N"", ""C"", ""H"", ""H"", ""H"", ""H"", ""H"", ""H"", ""H"", ""C"", ""C"", ""N"", ""C"", ""H"", ""H"", ""H"", ""H"", ""H"", ""H"", ""H"", ""C"", ""C"", ""N"", ""C"", ""H"", ""H"", ""H"", ""H"", ""H"", ""H"", ""H"", ""C"", ""C"", ""N"", ""C"", ""H"", ""H"", ""H"", ""H"", ""H"", ""H"", ""H""]",C24H56N8,"[true, true, true]","[5.342919612354908, 0.0, 0.0, 0.0, 24.2295129451959, 0.0, 0.3405966951481253, 0.0, 10.22537202787496]",1323.739236974337,[],"{""cutoff=6.000_skin=0.000"": 5184, ""cutoff=6.000_skin=0.500"": 6940}",0.0,,
OPT-RF-U256-XATMOV88-R256-v1,f76be7fea227482e0d2e5078d97994299bbc9dfbe0681fde37169ce8641b13b1,OPT-RF-U256-XATMOV88-R256-v1:0222,XATMOV_C1_14_542_z2_22,56028ebfe6832d5ca79c14c3209e9e059d09638ae459fc0effb082f8946f906a,222,cross_family_test_set,XATMOV/structures/XATMOV_C1_14_542_z2_22.cif,f5d9cc1fa85baea6ca7450bcf84415b391fe59d8eebb9656fff7736e3c3e76ed,56028ebfe6832d5ca79c14c3209e9e059d09638ae459fc0effb082f8946f906a,0,88,"[""C"", ""C"", ""N"", ""C"", ""H"", ""H"", ""H"", ""H"", ""H"", ""H"", ""H"", ""C"", ""C"", ""N"", ""C"", ""H"", ""H"", ""H"", ""H"", ""H"", ""H"", ""H"", ""C"", ""C"", ""N"", ""C"", ""H"", ""H"", ""H"", ""H"", ""H"", ""H"", ""H"", ""C"", ""C"", ""N"", ""C"", ""H"", ""H"", ""H"", ""H"", ""H"", ""H"", ""H"", ""C"", ""C"", ""N"", ""C"", ""H"", ""H"", ""H"", ""H"", ""H"", ""H"", ""H"", ""C"", ""C"", ""N"", ""C"", ""H"", ""H"", ""H"", ""H"", ""H"", ""H"", ""H"", ""C"", ""C"", ""N"", ""C"", ""H"", ""H"", ""H"", ""H"", ""H"", ""H"", ""H"", ""C"", ""C"", ""N"", ""C"", ""H"", ""H"", ""H"", ""H"", ""H"", ""H"", ""H""]",C24H56N8,"[true, true, true]","[12.328949989315404, 0.0, 0.0, 0.0, 10.662871279286975, 0.0, -1.5377523318896573, 0.0, 10.05310097358668]",1321.600827996176,[],"{""cutoff=6.000_skin=0.000"": 5232, ""cutoff=6.000_skin=0.500"": 6748}",0.0,,
OPT-RF-U256-XATMOV88-R256-v1,f76be7fea227482e0d2e5078d97994299bbc9dfbe0681fde37169ce8641b13b1,OPT-RF-U256-XATMOV88-R256-v1:0223,XATMOV_C1_14_4954_z2_22,dcfb5069c2d3e8a88e7dd2e43d348877bc05305c0ebbe45a1953dd5e0ac0a908,223,cross_family_test_set,XATMOV/structures/XATMOV_C1_14_4954_z2_22.cif,ab16d03e00b0c1ebfa5192864e25636bbe98bcac39e998080c8fc2f051c90c78,dcfb5069c2d3e8a88e7dd2e43d348877bc05305c0ebbe45a1953dd5e0ac0a908,0,88,"[""C"", ""C"", ""N"", ""C"", ""H"", ""H"", ""H"", ""H"", ""H"", ""H"", ""H"", ""C"", ""C"", ""N"", ""C"", ""H"", ""H"", ""H"", ""H"", ""H"", ""H"", ""H"", ""C"", ""C"", ""N"", ""C"", ""H"", ""H"", ""H"", ""H"", ""H"", ""H"", ""H"", ""C"", ""C"", ""N"", ""C"", ""H"", ""H"", ""H"", ""H"", ""H"", ""H"", ""H"", ""C"", ""C"", ""N"", ""C"", ""H"", ""H"", ""H"", ""H"", ""H"", ""H"", ""H"", ""C"", ""C"", ""N"", ""C"", ""H"", ""H"", ""H"", ""H"", ""H"", ""H"", ""H"", ""C"", ""C"", ""N"", ""C"", ""H"", ""H"", ""H"", ""H"", ""H"", ""H"", ""H"", ""C"", ""C"", ""N"", ""C"", ""H"", ""H"", ""H"", ""H"", ""H"", ""H"", ""H""]",C24H56N8,"[true, true, true]","[5.502219451712506, 0.0, 0.0, 0.0, 20.40181698050455, 0.0, -5.812284335336382, 0.0, 11.580865316417501]",1300.013212035706,[],"{""cutoff=6.000_skin=0.000"": 5272, ""cutoff=6.000_skin=0.500"": 6976}",0.0,,
OPT-RF-U256-XATMOV88-R256-v1,f76be7fea227482e0d2e5078d97994299bbc9dfbe0681fde37169ce8641b13b1,OPT-RF-U256-XATMOV88-R256-v1:0224,XATMOV_C2_14_542_z2_22,44a4d948ba98ad884563876480d325997473190049dca5fea22653eed2a7108a,224,cross_family_test_set,XATMOV/structures/XATMOV_C2_14_542_z2_22.cif,bfeb4619915909aeaeb37bda9c46c1d3075104dffbd0f302434f93e43218a140,44a4d948ba98ad884563876480d325997473190049dca5fea22653eed2a7108a,0,88,"[""C"", ""C"", ""N"", ""C"", ""H"", ""H"", ""H"", ""H"", ""H"", ""H"", ""H"", ""C"", ""C"", ""N"", ""C"", ""H"", ""H"", ""H"", ""H"", ""H"", ""H"", ""H"", ""C"", ""C"", ""N"", ""C"", ""H"", ""H"", ""H"", ""H"", ""H"", ""H"", ""H"", ""C"", ""C"", ""N"", ""C"", ""H"", ""H"", ""H"", ""H"", ""H"", ""H"", ""H"", ""C"", ""C"", ""N"", ""C"", ""H"", ""H"", ""H"", ""H"", ""H"", ""H"", ""H"", ""C"", ""C"", ""N"", ""C"", ""H"", ""H"", ""H"", ""H"", ""H"", ""H"", ""H"", ""C"", ""C"", ""N"", ""C"", ""H"", ""H"", ""H"", ""H"", ""H"", ""H"", ""H"", ""C"", ""C"", ""N"", ""C"", ""H"", ""H"", ""H"", ""H"", ""H"", ""H"", ""H""]",C24H56N8,"[true, true, true]","[12.06630448454679, 0.0, 0.0, 0.0, 10.024453989145805, 0.0, -1.6239576675601162, 0.0, 10.616670884023494]",1284.172488410515,[],"{""cutoff=6.000_skin=0.000"": 5280, ""cutoff=6.000_skin=0.500"": 7012}",0.0,,
OPT-RF-U256-XATMOV88-R256-v1,f76be7fea227482e0d2e5078d97994299bbc9dfbe0681fde37169ce8641b13b1,OPT-RF-U256-XATMOV88-R256-v1:0225,XATMOV_C2_14_3194_z2_22,a2cd971e637e65ad42bd347c976fe504756133703e5b023f140bfc0b710c3a27,225,cross_family_test_set,XATMOV/structures/XATMOV_C2_14_3194_z2_22.cif,88c6aea50779958080677c6540f7d468ece8f39eb75eeb15e6ae39c9f6ae0f4f,a2cd971e637e65ad42bd347c976fe504756133703e5b023f140bfc0b710c3a27,0,88,"[""C"", ""C"", ""N"", ""C"", ""H"", ""H"", ""H"", ""H"", ""H"", ""H"", ""H"", ""C"", ""C"", ""N"", ""C"", ""H"", ""H"", ""H"", ""H"", ""H"", ""H"", ""H"", ""C"", ""C"", ""N"", ""C"", ""H"", ""H"", ""H"", ""H"", ""H"", ""H"", ""H"", ""C"", ""C"", ""N"", ""C"", ""H"", ""H"", ""H"", ""H"", ""H"", ""H"", ""H"", ""C"", ""C"", ""N"", ""C"", ""H"", ""H"", ""H"", ""H"", ""H"", ""H"", ""H"", ""C"", ""C"", ""N"", ""C"", ""H"", ""H"", ""H"", ""H"", ""H"", ""H"", ""H"", ""C"", ""C"", ""N"", ""C"", ""H"", ""H"", ""H"", ""H"", ""H"", ""H"", ""H"", ""C"", ""C"", ""N"", ""C"", ""H"", ""H"", ""H"", ""H"", ""H"", ""H"", ""H""]",C24H56N8,"[true, true, true]","[12.132984017649374, 0.0, 0.0, 0.0, 10.660191341746113, 0.0, 2.463673582065947, 0.0, 10.357889756840258]",1339.6887482626732,[],"{""cutoff=6.000_skin=0.000"": 5284, ""cutoff=6.000_skin=0.500"": 6892}",0.0,,
OPT-RF-U256-XATMOV88-R256-v1,f76be7fea227482e0d2e5078d97994299bbc9dfbe0681fde37169ce8641b13b1,OPT-RF-U256-XATMOV88-R256-v1:0226,XATMOV_C1_14_7406_z2_22,2a077893d1cb9e90da7e062c224b425799e22b1d0bd1bb78e00a25f9962f435d,226,cross_family_test_set,XATMOV/structures/XATMOV_C1_14_7406_z2_22.cif,eb1e8f76820eb7e34e12382faceeea5fb6d2a01a53c3266c36311163a403f852,2a077893d1cb9e90da7e062c224b425799e22b1d0bd1bb78e00a25f9962f435d,0,88,"[""C"", ""C"", ""N"", ""C"", ""H"", ""H"", ""H"", ""H"", ""H"", ""H"", ""H"", ""C"", ""C"", ""N"", ""C"", ""H"", ""H"", ""H"", ""H"", ""H"", ""H"", ""H"", ""C"", ""C"", ""N"", ""C"", ""H"", ""H"", ""H"", ""H"", ""H"", ""H"", ""H"", ""C"", ""C"", ""N"", ""C"", ""H"", ""H"", ""H"", ""H"", ""H"", ""H"", ""H"", ""C"", ""C"", ""N"", ""C"", ""H"", ""H"", ""H"", ""H"", ""H"", ""H"", ""H"", ""C"", ""C"", ""N"", ""C"", ""H"", ""H"", ""H"", ""H"", ""H"", ""H"", ""H"", ""C"", ""C"", ""N"", ""C"", ""H"", ""H"", ""H"", ""H"", ""H"", ""H"", ""H"", ""C"", ""C"", ""N"", ""C"", ""H"", ""H"", ""H"", ""H"", ""H"", ""H"", ""H""]",C24H56N8,"[true, true, true]","[10.053033485987793, 0.0, 0.0, 0.0, 11.524285847970383, 0.0, -0.7570658440015468, 0.0, 11.3167227480654]",1311.0879540903459,[],"{""cutoff=6.000_skin=0.000"": 5292, ""cutoff=6.000_skin=0.500"": 6768}",0.0,,
OPT-RF-U256-XATMOV88-R256-v1,f76be7fea227482e0d2e5078d97994299bbc9dfbe0681fde37169ce8641b13b1,OPT-RF-U256-XATMOV88-R256-v1:0227,XATMOV_C2_14_812_z2_22,afa74ee384de3b5a71ecab1859d52ad822ccb76434da586cd911b56f8c14663e,227,cross_family_test_set,XATMOV/structures/XATMOV_C2_14_812_z2_22.cif,f38f5492dfc7bd1738115cf586a7a90f3c39190b5a23c786a193f33a25c60347,afa74ee384de3b5a71ecab1859d52ad822ccb76434da586cd911b56f8c14663e,0,88,"[""C"", ""C"", ""N"", ""C"", ""H"", ""H"", ""H"", ""H"", ""H"", ""H"", ""H"", ""C"", ""C"", ""N"", ""C"", ""H"", ""H"", ""H"", ""H"", ""H"", ""H"", ""H"", ""C"", ""C"", ""N"", ""C"", ""H"", ""H"", ""H"", ""H"", ""H"", ""H"", ""H"", ""C"", ""C"", ""N"", ""C"", ""H"", ""H"", ""H"", ""H"", ""H"", ""H"", ""H"", ""C"", ""C"", ""N"", ""C"", ""H"", ""H"", ""H"", ""H"", ""H"", ""H"", ""H"", ""C"", ""C"", ""N"", ""C"", ""H"", ""H"", ""H"", ""H"", ""H"", ""H"", ""H"", ""C"", ""C"", ""N"", ""C"", ""H"", ""H"", ""H"", ""H"", ""H"", ""H"", ""H"", ""C"", ""C"", ""N"", ""C"", ""H"", ""H"", ""H"", ""H"", ""H"", ""H"", ""H""]",C24H56N8,"[true, true, true]","[12.242096222422433, 0.0, 0.0, 0.0, 9.016224275653364, 0.0, 1.4478087594502156, 0.0, 11.358660545954665]",1253.7403856837684,[],"{""cutoff=6.000_skin=0.000"": 5308, ""cutoff=6.000_skin=0.500"": 6736}",0.0,,
OPT-RF-U256-XATMOV88-R256-v1,f76be7fea227482e0d2e5078d97994299bbc9dfbe0681fde37169ce8641b13b1,OPT-RF-U256-XATMOV88-R256-v1:0228,XATMOV_C2_14_4483_z2_22,ff120d4aafef45517430f73c199d2bb232875a169c4d5da47ea6d77687e48a91,228,cross_family_test_set,XATMOV/structures/XATMOV_C2_14_4483_z2_22.cif,fd7a2eed0e7e968e704516704d1149aa69eab91f4794e6e6e19ba35a06b99471,ff120d4aafef45517430f73c199d2bb232875a169c4d5da47ea6d77687e48a91,0,88,"[""C"", ""C"", ""N"", ""C"", ""H"", ""H"", ""H"", ""H"", ""H"", ""H"", ""H"", ""C"", ""C"", ""N"", ""C"", ""H"", ""H"", ""H"", ""H"", ""H"", ""H"", ""H"", ""C"", ""C"", ""N"", ""C"", ""H"", ""H"", ""H"", ""H"", ""H"", ""H"", ""H"", ""C"", ""C"", ""N"", ""C"", ""H"", ""H"", ""H"", ""H"", ""H"", ""H"", ""H"", ""C"", ""C"", ""N"", ""C"", ""H"", ""H"", ""H"", ""H"", ""H"", ""H"", ""H"", ""C"", ""C"", ""N"", ""C"", ""H"", ""H"", ""H"", ""H"", ""H"", ""H"", ""H"", ""C"", ""C"", ""N"", ""C"", ""H"", ""H"", ""H"", ""H"", ""H"", ""H"", ""H"", ""C"", ""C"", ""N"", ""C"", ""H"", ""H"", ""H"", ""H"", ""H"", ""H"", ""H""]",C24H56N8,"[true, true, true]","[8.930625437413497, 0.0, 0.0, 0.0, 16.308395567648574, 0.0, -3.5030204680548436, 0.0, 8.907201111297264]",1297.2819333631396,[],"{""cutoff=6.000_skin=0.000"": 5316, ""cutoff=6.000_skin=0.500"": 6772}",0.0,,
OPT-RF-U256-XATMOV88-R256-v1,f76be7fea227482e0d2e5078d97994299bbc9dfbe0681fde37169ce8641b13b1,OPT-RF-U256-XATMOV88-R256-v1:0229,XATMOV_C1_14_3046_z2_22,ed30c451cdc42f6436fa1c80ae40952bfe1429eccd3a169190ef6b5bc5156584,229,cross_family_test_set,XATMOV/structures/XATMOV_C1_14_3046_z2_22.cif,621928f897b6282c79db8639360b15ed03fb73beb639c4722a81e6a302f9c8a7,ed30c451cdc42f6436fa1c80ae40952bfe1429eccd3a169190ef6b5bc5156584,0,88,"[""C"", ""C"", ""N"", ""C"", ""H"", ""H"", ""H"", ""H"", ""H"", ""H"", ""H"", ""C"", ""C"", ""N"", ""C"", ""H"", ""H"", ""H"", ""H"", ""H"", ""H"", ""H"", ""C"", ""C"", ""N"", ""C"", ""H"", ""H"", ""H"", ""H"", ""H"", ""H"", ""H"", ""C"", ""C"", ""N"", ""C"", ""H"", ""H"", ""H"", ""H"", ""H"", ""H"", ""H"", ""C"", ""C"", ""N"", ""C"", ""H"", ""H"", ""H"", ""H"", ""H"", ""H"", ""H"", ""C"", ""C"", ""N"", ""C"", ""H"", ""H"", ""H"", ""H"", ""H"", ""H"", ""H"", ""C"", ""C"", ""N"", ""C"", ""H"", ""H"", ""H"", ""H"", ""H"", ""H"", ""H"", ""C"", ""C"", ""N"", ""C"", ""H"", ""H"", ""H"", ""H"", ""H"", ""H"", ""H""]",C24H56N8,"[true, true, true]","[6.718309293877077, 0.0, 0.0, 0.0, 6.001258906567131, 0.0, 20.933335717686003, 0.0, 31.32679888795614]",1263.0436981073306,[],"{""cutoff=6.000_skin=0.000"": 5340, ""cutoff=6.000_skin=0.500"": 7000}",0.0,,
OPT-RF-U256-XATMOV88-R256-v1,f76be7fea227482e0d2e5078d97994299bbc9dfbe0681fde37169ce8641b13b1,OPT-RF-U256-XATMOV88-R256-v1:0230,XATMOV_C1_14_4745_z2_22,a6c43e8b470fd679f134169847a65f572cdb775c45806b9032cc2f11d8326668,230,cross_family_test_set,XATMOV/structures/XATMOV_C1_14_4745_z2_22.cif,af1eb3c93136efb765621dc53b1d48bf8741d1975fd0ab245881ab94b0150aa5,a6c43e8b470fd679f134169847a65f572cdb775c45806b9032cc2f11d8326668,0,88,"[""C"", ""C"", ""N"", ""C"", ""H"", ""H"", ""H"", ""H"", ""H"", ""H"", ""H"", ""C"", ""C"", ""N"", ""C"", ""H"", ""H"", ""H"", ""H"", ""H"", ""H"", ""H"", ""C"", ""C"", ""N"", ""C"", ""H"", ""H"", ""H"", ""H"", ""H"", ""H"", ""H"", ""C"", ""C"", ""N"", ""C"", ""H"", ""H"", ""H"", ""H"", ""H"", ""H"", ""H"", ""C"", ""C"", ""N"", ""C"", ""H"", ""H"", ""H"", ""H"", ""H"", ""H"", ""H"", ""C"", ""C"", ""N"", ""C"", ""H"", ""H"", ""H"", ""H"", ""H"", ""H"", ""H"", ""C"", ""C"", ""N"", ""C"", ""H"", ""H"", ""H"", ""H"", ""H"", ""H"", ""H"", ""C"", ""C"", ""N"", ""C"", ""H"", ""H"", ""H"", ""H"", ""H"", ""H"", ""H""]",C24H56N8,"[true, true, true]","[11.447717432302955, 0.0, 0.0, 0.0, 10.985756756006573, 0.0, 5.340991616407146, 0.0, 10.288029426097747]",1293.841501575295,[],"{""cutoff=6.000_skin=0.000"": 5344, ""cutoff=6.000_skin=0.500"": 6732}",0.0,,
OPT-RF-U256-XATMOV88-R256-v1,f76be7fea227482e0d2e5078d97994299bbc9dfbe0681fde37169ce8641b13b1,OPT-RF-U256-XATMOV88-R256-v1:0231,XATMOV_C1_14_4709_z2_22,bb068386ef807e9ad29f91cf1d4bcf2081c48d405848978632440753bb08218f,231,cross_family_test_set,XATMOV/structures/XATMOV_C1_14_4709_z2_22.cif,7e59678963b3e1524098d7cfb16728c5ad372f1148279046fd283b511a61a0f0,bb068386ef807e9ad29f91cf1d4bcf2081c48d405848978632440753bb08218f,0,88,"[""C"", ""C"", ""N"", ""C"", ""H"", ""H"", ""H"", ""H"", ""H"", ""H"", ""H"", ""C"", ""C"", ""N"", ""C"", ""H"", ""H"", ""H"", ""H"", ""H"", ""H"", ""H"", ""C"", ""C"", ""N"", ""C"", ""H"", ""H"", ""H"", ""H"", ""H"", ""H"", ""H"", ""C"", ""C"", ""N"", ""C"", ""H"", ""H"", ""H"", ""H"", ""H"", ""H"", ""H"", ""C"", ""C"", ""N"", ""C"", ""H"", ""H"", ""H"", ""H"", ""H"", ""H"", ""H"", ""C"", ""C"", ""N"", ""C"", ""H"", ""H"", ""H"", ""H"", ""H"", ""H"", ""H"", ""C"", ""C"", ""N"", ""C"", ""H"", ""H"", ""H"", ""H"", ""H"", ""H"", ""H"", ""C"", ""C"", ""N"", ""C"", ""H"", ""H"", ""H"", ""H"", ""H"", ""H"", ""H""]",C24H56N8,"[true, true, true]","[21.771682549106146, 0.0, 0.0, 0.0, 6.170046405210801, 0.0, 4.304813608561574, 0.0, 9.384924516918517]",1260.6984172964997,[],"{""cutoff=6.000_skin=0.000"": 5376, ""cutoff=6.000_skin=0.500"": 7092}",0.0,,
OPT-RF-U256-XATMOV88-R256-v1,f76be7fea227482e0d2e5078d97994299bbc9dfbe0681fde37169ce8641b13b1,OPT-RF-U256-XATMOV88-R256-v1:0232,XATMOV_C1_14_3949_z2_22,1fa69e0abe52932d281748c11faecf2b8c9b9607db43712c73d840a81ae614fb,232,cross_family_test_set,XATMOV/structures/XATMOV_C1_14_3949_z2_22.cif,d76152e3be1435cc2d831b6ae6ab51af3e1aa2cad7487fa178b2f74d19bdb0ff,1fa69e0abe52932d281748c11faecf2b8c9b9607db43712c73d840a81ae614fb,0,88,"[""C"", ""C"", ""N"", ""C"", ""H"", ""H"", ""H"", ""H"", ""H"", ""H"", ""H"", ""C"", ""C"", ""N"", ""C"", ""H"", ""H"", ""H"", ""H"", ""H"", ""H"", ""H"", ""C"", ""C"", ""N"", ""C"", ""H"", ""H"", ""H"", ""H"", ""H"", ""H"", ""H"", ""C"", ""C"", ""N"", ""C"", ""H"", ""H"", ""H"", ""H"", ""H"", ""H"", ""H"", ""C"", ""C"", ""N"", ""C"", ""H"", ""H"", ""H"", ""H"", ""H"", ""H"", ""H"", ""C"", ""C"", ""N"", ""C"", ""H"", ""H"", ""H"", ""H"", ""H"", ""H"", ""H"", ""C"", ""C"", ""N"", ""C"", ""H"", ""H"", ""H"", ""H"", ""H"", ""H"", ""H"", ""C"", ""C"", ""N"", ""C"", ""H"", ""H"", ""H"", ""H"", ""H"", ""H"", ""H""]",C24H56N8,"[true, true, true]","[12.143107801275292, 0.0, 0.0, 0.0, 11.53094718936186, 0.0, -3.1861939838489826, 0.0, 8.840698610617807]",1237.8881879086164,[],"{""cutoff=6.000_skin=0.000"": 5384, ""cutoff=6.000_skin=0.500"": 6932}",0.0,,
OPT-RF-U256-XATMOV88-R256-v1,f76be7fea227482e0d2e5078d97994299bbc9dfbe0681fde37169ce8641b13b1,OPT-RF-U256-XATMOV88-R256-v1:0233,XATMOV_C1_14_1133_z2_22,49b989763cc1ceda2111ffe30e5347ff2d5fb6c9556da2efbedf9dccc21b8d71,233,cross_family_test_set,XATMOV/structures/XATMOV_C1_14_1133_z2_22.cif,556a954343c6c57904edac40d66611da515ca61c747f568f5fff274ff16d208b,49b989763cc1ceda2111ffe30e5347ff2d5fb6c9556da2efbedf9dccc21b8d71,0,88,"[""C"", ""C"", ""N"", ""C"", ""H"", ""H"", ""H"", ""H"", ""H"", ""H"", ""H"", ""C"", ""C"", ""N"", ""C"", ""H"", ""H"", ""H"", ""H"", ""H"", ""H"", ""H"", ""C"", ""C"", ""N"", ""C"", ""H"", ""H"", ""H"", ""H"", ""H"", ""H"", ""H"", ""C"", ""C"", ""N"", ""C"", ""H"", ""H"", ""H"", ""H"", ""H"", ""H"", ""H"", ""C"", ""C"", ""N"", ""C"", ""H"", ""H"", ""H"", ""H"", ""H"", ""H"", ""H"", ""C"", ""C"", ""N"", ""C"", ""H"", ""H"", ""H"", ""H"", ""H"", ""H"", ""H"", ""C"", ""C"", ""N"", ""C"", ""H"", ""H"", ""H"", ""H"", ""H"", ""H"", ""H"", ""C"", ""C"", ""N"", ""C"", ""H"", ""H"", ""H"", ""H"", ""H"", ""H"", ""H""]",C24H56N8,"[true, true, true]","[10.939880817815734, 0.0, 0.0, 0.0, 10.362171449383311, 0.0, 1.5626894228207437, 0.0, 11.252894069867843]",1275.6384319624985,[],"{""cutoff=6.000_skin=0.000"": 5408, ""cutoff=6.000_skin=0.500"": 7048}",0.0,,
OPT-RF-U256-XATMOV88-R256-v1,f76be7fea227482e0d2e5078d97994299bbc9dfbe0681fde37169ce8641b13b1,OPT-RF-U256-XATMOV88-R256-v1:0234,XATMOV_C2_14_235_z2_22,537e7d0cdbb8ed26a20392fc7f061dad7bb8cc9aef70f0a3265cdc9278d042ef,234,cross_family_test_set,XATMOV/structures/XATMOV_C2_14_235_z2_22.cif,28f0a598227c90cac9f36dbb1a02fbf87985fb2a8c5a1ae1b3ae38f7ae852da2,537e7d0cdbb8ed26a20392fc7f061dad7bb8cc9aef70f0a3265cdc9278d042ef,0,88,"[""C"", ""C"", ""N"", ""C"", ""H"", ""H"", ""H"", ""H"", ""H"", ""H"", ""H"", ""C"", ""C"", ""N"", ""C"", ""H"", ""H"", ""H"", ""H"", ""H"", ""H"", ""H"", ""C"", ""C"", ""N"", ""C"", ""H"", ""H"", ""H"", ""H"", ""H"", ""H"", ""H"", ""C"", ""C"", ""N"", ""C"", ""H"", ""H"", ""H"", ""H"", ""H"", ""H"", ""H"", ""C"", ""C"", ""N"", ""C"", ""H"", ""H"", ""H"", ""H"", ""H"", ""H"", ""H"", ""C"", ""C"", ""N"", ""C"", ""H"", ""H"", ""H"", ""H"", ""H"", ""H"", ""H"", ""C"", ""C"", ""N"", ""C"", ""H"", ""H"", ""H"", ""H"", ""H"", ""H"", ""H"", ""C"", ""C"", ""N"", ""C"", ""H"", ""H"", ""H"", ""H"", ""H"", ""H"", ""H""]",C24H56N8,"[true, true, true]","[11.903771066134254, 0.0, 0.0, 0.0, 9.395071986108952, 0.0, -0.9829384818990787, 0.0, 11.473913246987518]",1283.2055812176777,[],"{""cutoff=6.000_skin=0.000"": 5424, ""cutoff=6.000_skin=0.500"": 7044}",0.0,,
OPT-RF-U256-XATMOV88-R256-v1,f76be7fea227482e0d2e5078d97994299bbc9dfbe0681fde37169ce8641b13b1,OPT-RF-U256-XATMOV88-R256-v1:0235,XATMOV_C2_14_6869_z2_22,49a4a78074f50992d368ef5e47352c4f0cddde5c97e15fcdf831f2a5b1532963,235,cross_family_test_set,XATMOV/structures/XATMOV_C2_14_6869_z2_22.cif,35216cf15fa501b97d3ddc2f23584b93b73f60ec6286357a851ed08e171d2902,49a4a78074f50992d368ef5e47352c4f0cddde5c97e15fcdf831f2a5b1532963,0,88,"[""C"", ""C"", ""N"", ""C"", ""H"", ""H"", ""H"", ""H"", ""H"", ""H"", ""H"", ""C"", ""C"", ""N"", ""C"", ""H"", ""H"", ""H"", ""H"", ""H"", ""H"", ""H"", ""C"", ""C"", ""N"", ""C"", ""H"", ""H"", ""H"", ""H"", ""H"", ""H"", ""H"", ""C"", ""C"", ""N"", ""C"", ""H"", ""H"", ""H"", ""H"", ""H"", ""H"", ""H"", ""C"", ""C"", ""N"", ""C"", ""H"", ""H"", ""H"", ""H"", ""H"", ""H"", ""H"", ""C"", ""C"", ""N"", ""C"", ""H"", ""H"", ""H"", ""H"", ""H"", ""H"", ""H"", ""C"", ""C"", ""N"", ""C"", ""H"", ""H"", ""H"", ""H"", ""H"", ""H"", ""H"", ""C"", ""C"", ""N"", ""C"", ""H"", ""H"", ""H"", ""H"", ""H"", ""H"", ""H""]",C24H56N8,"[true, true, true]","[9.66754131805724, 0.0, 0.0, 0.0, 9.865989095443595, 0.0, -7.164233652577347, 0.0, 13.1399993428492]",1253.2912612405098,[],"{""cutoff=6.000_skin=0.000"": 5448, ""cutoff=6.000_skin=0.500"": 6904}",0.0,,
OPT-RF-U256-XATMOV88-R256-v1,f76be7fea227482e0d2e5078d97994299bbc9dfbe0681fde37169ce8641b13b1,OPT-RF-U256-XATMOV88-R256-v1:0236,XATMOV_C2_14_1598_z2_22,b86f033679a4125b7146c0761488bb9708ad8e5cb509dc3dc52fa1a6e1cd9f03,236,cross_family_test_set,XATMOV/structures/XATMOV_C2_14_1598_z2_22.cif,9af7752a3d49bce104f987dccf68a943e6dba3f5585008adad2536a89954cada,b86f033679a4125b7146c0761488bb9708ad8e5cb509dc3dc52fa1a6e1cd9f03,0,88,"[""C"", ""C"", ""N"", ""C"", ""H"", ""H"", ""H"", ""H"", ""H"", ""H"", ""H"", ""C"", ""C"", ""N"", ""C"", ""H"", ""H"", ""H"", ""H"", ""H"", ""H"", ""H"", ""C"", ""C"", ""N"", ""C"", ""H"", ""H"", ""H"", ""H"", ""H"", ""H"", ""H"", ""C"", ""C"", ""N"", ""C"", ""H"", ""H"", ""H"", ""H"", ""H"", ""H"", ""H"", ""C"", ""C"", ""N"", ""C"", ""H"", ""H"", ""H"", ""H"", ""H"", ""H"", ""H"", ""C"", ""C"", ""N"", ""C"", ""H"", ""H"", ""H"", ""H"", ""H"", ""H"", ""H"", ""C"", ""C"", ""N"", ""C"", ""H"", ""H"", ""H"", ""H"", ""H"", ""H"", ""H"", ""C"", ""C"", ""N"", ""C"", ""H"", ""H"", ""H"", ""H"", ""H"", ""H"", ""H""]",C24H56N8,"[true, true, true]","[11.61048041454438, 0.0, 0.0, 0.0, 10.989144767321033, 0.0, 5.7881867664574544, 0.0, 9.86112586991191]",1258.1736548203994,[],"{""cutoff=6.000_skin=0.000"": 5508, ""cutoff=6.000_skin=0.500"": 7244}",0.0,,
OPT-RF-U256-XATMOV88-R256-v1,f76be7fea227482e0d2e5078d97994299bbc9dfbe0681fde37169ce8641b13b1,OPT-RF-U256-XATMOV88-R256-v1:0237,XATMOV_C1_14_2938_z2_22,7a77e3b4f9232d1966bd6232aa2b769ab0cfc8200a6097d4e8cbb9bf0cdcb1e0,237,cross_family_test_set,XATMOV/structures/XATMOV_C1_14_2938_z2_22.cif,deeb43dd3b57b99d56ef0fdd3be3391bc6a666c468538b37e22c457f0127e042,7a77e3b4f9232d1966bd6232aa2b769ab0cfc8200a6097d4e8cbb9bf0cdcb1e0,0,88,"[""C"", ""C"", ""N"", ""C"", ""H"", ""H"", ""H"", ""H"", ""H"", ""H"", ""H"", ""C"", ""C"", ""N"", ""C"", ""H"", ""H"", ""H"", ""H"", ""H"", ""H"", ""H"", ""C"", ""C"", ""N"", ""C"", ""H"", ""H"", ""H"", ""H"", ""H"", ""H"", ""H"", ""C"", ""C"", ""N"", ""C"", ""H"", ""H"", ""H"", ""H"", ""H"", ""H"", ""H"", ""C"", ""C"", ""N"", ""C"", ""H"", ""H"", ""H"", ""H"", ""H"", ""H"", ""H"", ""C"", ""C"", ""N"", ""C"", ""H"", ""H"", ""H"", ""H"", ""H"", ""H"", ""H"", ""C"", ""C"", ""N"", ""C"", ""H"", ""H"", ""H"", ""H"", ""H"", ""H"", ""H"", ""C"", ""C"", ""N"", ""C"", ""H"", ""H"", ""H"", ""H"", ""H"", ""H"", ""H""]",C24H56N8,"[true, true, true]","[11.209677705378692, 0.0, 0.0, 0.0, 10.339558164965425, 0.0, 0.7173903151253769, 0.0, 10.540455452052965]",1221.6716166727517,[],"{""cutoff=6.000_skin=0.000"": 5532, ""cutoff=6.000_skin=0.500"": 7252}",0.0,,
OPT-RF-U256-XATMOV88-R256-v1,f76be7fea227482e0d2e5078d97994299bbc9dfbe0681fde37169ce8641b13b1,OPT-RF-U256-XATMOV88-R256-v1:0238,XATMOV_C1_14_2179_z2_22,775246145f4690905af27bbacb7eb3683bd1a2cc210ad27a644b490dc541ffbd,238,cross_family_test_set,XATMOV/structures/XATMOV_C1_14_2179_z2_22.cif,c9d7067b2b6ae4611db38a6c5262e0858d17d941c886ef44ace6d498f9f73929,775246145f4690905af27bbacb7eb3683bd1a2cc210ad27a644b490dc541ffbd,0,88,"[""C"", ""C"", ""N"", ""C"", ""H"", ""H"", ""H"", ""H"", ""H"", ""H"", ""H"", ""C"", ""C"", ""N"", ""C"", ""H"", ""H"", ""H"", ""H"", ""H"", ""H"", ""H"", ""C"", ""C"", ""N"", ""C"", ""H"", ""H"", ""H"", ""H"", ""H"", ""H"", ""H"", ""C"", ""C"", ""N"", ""C"", ""H"", ""H"", ""H"", ""H"", ""H"", ""H"", ""H"", ""C"", ""C"", ""N"", ""C"", ""H"", ""H"", ""H"", ""H"", ""H"", ""H"", ""H"", ""C"", ""C"", ""N"", ""C"", ""H"", ""H"", ""H"", ""H"", ""H"", ""H"", ""H"", ""C"", ""C"", ""N"", ""C"", ""H"", ""H"", ""H"", ""H"", ""H"", ""H"", ""H"", ""C"", ""C"", ""N"", ""C"", ""H"", ""H"", ""H"", ""H"", ""H"", ""H"", ""H""]",C24H56N8,"[true, true, true]","[13.463001573164107, 0.0, 0.0, 0.0, 9.401146066666584, 0.0, -4.245871331105554, 0.0, 10.170085483744673]",1287.2037618554286,[],"{""cutoff=6.000_skin=0.000"": 5548, ""cutoff=6.000_skin=0.500"": 7196}",0.0,,
OPT-RF-U256-XATMOV88-R256-v1,f76be7fea227482e0d2e5078d97994299bbc9dfbe0681fde37169ce8641b13b1,OPT-RF-U256-XATMOV88-R256-v1:0239,XATMOV_C1_14_3706_z2_22,c619a95bbe12b4ed27da0ca5db2172fa43d9388f6dc1c55ae05a1a46726e49e1,239,cross_family_test_set,XATMOV/structures/XATMOV_C1_14_3706_z2_22.cif,0b9e43a1a370a7c2fc8b1d01f3ddce61575e60d38fd81a14341f4dfa59f8c3f2,c619a95bbe12b4ed27da0ca5db2172fa43d9388f6dc1c55ae05a1a46726e49e1,0,88,"[""C"", ""C"", ""N"", ""C"", ""H"", ""H"", ""H"", ""H"", ""H"", ""H"", ""H"", ""C"", ""C"", ""N"", ""C"", ""H"", ""H"", ""H"", ""H"", ""H"", ""H"", ""H"", ""C"", ""C"", ""N"", ""C"", ""H"", ""H"", ""H"", ""H"", ""H"", ""H"", ""H"", ""C"", ""C"", ""N"", ""C"", ""H"", ""H"", ""H"", ""H"", ""H"", ""H"", ""H"", ""C"", ""C"", ""N"", ""C"", ""H"", ""H"", ""H"", ""H"", ""H"", ""H"", ""H"", ""C"", ""C"", ""N"", ""C"", ""H"", ""H"", ""H"", ""H"", ""H"", ""H"", ""H"", ""C"", ""C"", ""N"", ""C"", ""H"", ""H"", ""H"", ""H"", ""H"", ""H"", ""H"", ""C"", ""C"", ""N"", ""C"", ""H"", ""H"", ""H"", ""H"", ""H"", ""H"", ""H""]",C24H56N8,"[true, true, true]","[10.825866161386102, 0.0, 0.0, 0.0, 11.409385910204929, 0.0, -1.487781781242764, 0.0, 9.83731336409406]",1215.070367076065,[],"{""cutoff=6.000_skin=0.000"": 5604, ""cutoff=6.000_skin=0.500"": 7372}",0.0,,
OPT-RF-U256-XATMOV88-R256-v1,f76be7fea227482e0d2e5078d97994299bbc9dfbe0681fde37169ce8641b13b1,OPT-RF-U256-XATMOV88-R256-v1:0240,XATMOV_C2_14_4966_z2_22,5ae881f50d0ac3419168250a5d5296e467fa9a9445adc8e65d392c82d372001c,240,cross_family_test_set,XATMOV/structures/XATMOV_C2_14_4966_z2_22.cif,f79d967c1020e90d6fc49191f34940a68b700ecadde534954bc658f07b145a98,5ae881f50d0ac3419168250a5d5296e467fa9a9445adc8e65d392c82d372001c,0,88,"[""C"", ""C"", ""N"", ""C"", ""H"", ""H"", ""H"", ""H"", ""H"", ""H"", ""H"", ""C"", ""C"", ""N"", ""C"", ""H"", ""H"", ""H"", ""H"", ""H"", ""H"", ""H"", ""C"", ""C"", ""N"", ""C"", ""H"", ""H"", ""H"", ""H"", ""H"", ""H"", ""H"", ""C"", ""C"", ""N"", ""C"", ""H"", ""H"", ""H"", ""H"", ""H"", ""H"", ""H"", ""C"", ""C"", ""N"", ""C"", ""H"", ""H"", ""H"", ""H"", ""H"", ""H"", ""H"", ""C"", ""C"", ""N"", ""C"", ""H"", ""H"", ""H"", ""H"", ""H"", ""H"", ""H"", ""C"", ""C"", ""N"", ""C"", ""H"", ""H"", ""H"", ""H"", ""H"", ""H"", ""H"", ""C"", ""C"", ""N"", ""C"", ""H"", ""H"", ""H"", ""H"", ""H"", ""H"", ""H""]",C24H56N8,"[true, true, true]","[12.253809704066022, 0.0, 0.0, 0.0, 9.755617174326439, 0.0, -6.067803396034332, 0.0, 10.216158469529688]",1221.2750989000092,[],"{""cutoff=6.000_skin=0.000"": 5656, ""cutoff=6.000_skin=0.500"": 7212}",0.0,,
OPT-RF-U256-XATMOV88-R256-v1,f76be7fea227482e0d2e5078d97994299bbc9dfbe0681fde37169ce8641b13b1,OPT-RF-U256-XATMOV88-R256-v1:0241,XATMOV_C2_14_4152_z2_22,debd93a36206c80d5eb64047e999a4ff2bec86e98e53c1896c589fe9f0b9315c,241,cross_family_test_set,XATMOV/structures/XATMOV_C2_14_4152_z2_22.cif,dc854544f63e2ecf73c0f02eae5eed6ae9cbd4727163bfb12eccd5d5b9fc775c,debd93a36206c80d5eb64047e999a4ff2bec86e98e53c1896c589fe9f0b9315c,0,88,"[""C"", ""C"", ""N"", ""C"", ""H"", ""H"", ""H"", ""H"", ""H"", ""H"", ""H"", ""C"", ""C"", ""N"", ""C"", ""H"", ""H"", ""H"", ""H"", ""H"", ""H"", ""H"", ""C"", ""C"", ""N"", ""C"", ""H"", ""H"", ""H"", ""H"", ""H"", ""H"", ""H"", ""C"", ""C"", ""N"", ""C"", ""H"", ""H"", ""H"", ""H"", ""H"", ""H"", ""H"", ""C"", ""C"", ""N"", ""C"", ""H"", ""H"", ""H"", ""H"", ""H"", ""H"", ""H"", ""C"", ""C"", ""N"", ""C"", ""H"", ""H"", ""H"", ""H"", ""H"", ""H"", ""H"", ""C"", ""C"", ""N"", ""C"", ""H"", ""H"", ""H"", ""H"", ""H"", ""H"", ""H"", ""C"", ""C"", ""N"", ""C"", ""H"", ""H"", ""H"", ""H"", ""H"", ""H"", ""H""]",C24H56N8,"[true, true, true]","[11.021275827473165, 0.0, 0.0, 0.0, 10.154594752766448, 0.0, 6.265892226879003, 0.0, 11.109813883679998]",1243.3724819126476,[],"{""cutoff=6.000_skin=0.000"": 5680, ""cutoff=6.000_skin=0.500"": 7240}",0.0,,
OPT-RF-U256-XATMOV88-R256-v1,f76be7fea227482e0d2e5078d97994299bbc9dfbe0681fde37169ce8641b13b1,OPT-RF-U256-XATMOV88-R256-v1:0242,XATMOV_C2_14_1844_z2_22,67d710f76b2d6c8c844136099f2071b449fb82a8640fb35307e0ce74e66d86b8,242,cross_family_test_set,XATMOV/structures/XATMOV_C2_14_1844_z2_22.cif,ad48289d780410ee0f0a7a63b6ad24f0639ffe1a124d4f4c142f45d6d76a9557,67d710f76b2d6c8c844136099f2071b449fb82a8640fb35307e0ce74e66d86b8,0,88,"[""C"", ""C"", ""N"", ""C"", ""H"", ""H"", ""H"", ""H"", ""H"", ""H"", ""H"", ""C"", ""C"", ""N"", ""C"", ""H"", ""H"", ""H"", ""H"", ""H"", ""H"", ""H"", ""C"", ""C"", ""N"", ""C"", ""H"", ""H"", ""H"", ""H"", ""H"", ""H"", ""H"", ""C"", ""C"", ""N"", ""C"", ""H"", ""H"", ""H"", ""H"", ""H"", ""H"", ""H"", ""C"", ""C"", ""N"", ""C"", ""H"", ""H"", ""H"", ""H"", ""H"", ""H"", ""H"", ""C"", ""C"", ""N"", ""C"", ""H"", ""H"", ""H"", ""H"", ""H"", ""H"", ""H"", ""C"", ""C"", ""N"", ""C"", ""H"", ""H"", ""H"", ""H"", ""H"", ""H"", ""H"", ""C"", ""C"", ""N"", ""C"", ""H"", ""H"", ""H"", ""H"", ""H"", ""H"", ""H""]",C24H56N8,"[true, true, true]","[10.61987009194732, 0.0, 0.0, 0.0, 10.9613282461343, 0.0, 0.19909106559456302, 0.0, 10.117554917418987]",1177.7631390478941,[],"{""cutoff=6.000_skin=0.000"": 5824, ""cutoff=6.000_skin=0.500"": 7396}",0.0,,
OPT-RF-U256-XATMOV88-R256-v1,f76be7fea227482e0d2e5078d97994299bbc9dfbe0681fde37169ce8641b13b1,OPT-RF-U256-XATMOV88-R256-v1:0243,XATMOV_C1_14_5077_z2_22,9e92252546989382141f4c0072d75028d752f0a0fa24ea0f259f4ed479ddbae8,243,cross_family_test_set,XATMOV/structures/XATMOV_C1_14_5077_z2_22.cif,2f4f3b13b4a5ee16dc8ca9905c92f43b52ae64183d76145e2c71badcb1e4721f,9e92252546989382141f4c0072d75028d752f0a0fa24ea0f259f4ed479ddbae8,0,88,"[""C"", ""C"", ""N"", ""C"", ""H"", ""H"", ""H"", ""H"", ""H"", ""H"", ""H"", ""C"", ""C"", ""N"", ""C"", ""H"", ""H"", ""H"", ""H"", ""H"", ""H"", ""H"", ""C"", ""C"", ""N"", ""C"", ""H"", ""H"", ""H"", ""H"", ""H"", ""H"", ""H"", ""C"", ""C"", ""N"", ""C"", ""H"", ""H"", ""H"", ""H"", ""H"", ""H"", ""H"", ""C"", ""C"", ""N"", ""C"", ""H"", ""H"", ""H"", ""H"", ""H"", ""H"", ""H"", ""C"", ""C"", ""N"", ""C"", ""H"", ""H"", ""H"", ""H"", ""H"", ""H"", ""H"", ""C"", ""C"", ""N"", ""C"", ""H"", ""H"", ""H"", ""H"", ""H"", ""H"", ""H"", ""C"", ""C"", ""N"", ""C"", ""H"", ""H"", ""H"", ""H"", ""H"", ""H"", ""H""]",C24H56N8,"[true, true, true]","[12.604140334624908, 0.0, 0.0, 0.0, 8.780421237213996, 0.0, -3.8260250850411186, 0.0, 10.380216732558939]",1148.7750717875556,[],"{""cutoff=6.000_skin=0.000"": 5848, ""cutoff=6.000_skin=0.500"": 7608}",0.0,,
OPT-RF-U256-XATMOV88-R256-v1,f76be7fea227482e0d2e5078d97994299bbc9dfbe0681fde37169ce8641b13b1,OPT-RF-U256-XATMOV88-R256-v1:0244,XATMOV_C1_14_3193_z2_22,025525a1b28fabdd98ca2d595f13009078e4a38fc1ab79fee64d864c4ef98336,244,cross_family_test_set,XATMOV/structures/XATMOV_C1_14_3193_z2_22.cif,c884fdad4694e3ba491465a92c742dfa0d15679f22df9a0a3e852293e234c94d,025525a1b28fabdd98ca2d595f13009078e4a38fc1ab79fee64d864c4ef98336,0,88,"[""C"", ""C"", ""N"", ""C"", ""H"", ""H"", ""H"", ""H"", ""H"", ""H"", ""H"", ""C"", ""C"", ""N"", ""C"", ""H"", ""H"", ""H"", ""H"", ""H"", ""H"", ""H"", ""C"", ""C"", ""N"", ""C"", ""H"", ""H"", ""H"", ""H"", ""H"", ""H"", ""H"", ""C"", ""C"", ""N"", ""C"", ""H"", ""H"", ""H"", ""H"", ""H"", ""H"", ""H"", ""C"", ""C"", ""N"", ""C"", ""H"", ""H"", ""H"", ""H"", ""H"", ""H"", ""H"", ""C"", ""C"", ""N"", ""C"", ""H"", ""H"", ""H"", ""H"", ""H"", ""H"", ""H"", ""C"", ""C"", ""N"", ""C"", ""H"", ""H"", ""H"", ""H"", ""H"", ""H"", ""H"", ""C"", ""C"", ""N"", ""C"", ""H"", ""H"", ""H"", ""H"", ""H"", ""H"", ""H""]",C24H56N8,"[true, true, true]","[10.2117137985193, 0.0, 0.0, 0.0, 12.24448462821766, 0.0, -6.556172154148609, 0.0, 9.264566165025103]",1158.4151589528356,[],"{""cutoff=6.000_skin=0.000"": 5860, ""cutoff=6.000_skin=0.500"": 7452}",0.0,,
OPT-RF-U256-XATMOV88-R256-v1,f76be7fea227482e0d2e5078d97994299bbc9dfbe0681fde37169ce8641b13b1,OPT-RF-U256-XATMOV88-R256-v1:0245,XATMOV_C1_14_236_z2_22,4dea6f56bc48f625f771518ff76411370748cd6119af2d7e09569789b2079047,245,cross_family_test_set,XATMOV/structures/XATMOV_C1_14_236_z2_22.cif,7edb99df11be81ad0675e7a790b934b53a49a4b3e8048a0d6470739a851517a4,4dea6f56bc48f625f771518ff76411370748cd6119af2d7e09569789b2079047,0,88,"[""C"", ""C"", ""N"", ""C"", ""H"", ""H"", ""H"", ""H"", ""H"", ""H"", ""H"", ""C"", ""C"", ""N"", ""C"", ""H"", ""H"", ""H"", ""H"", ""H"", ""H"", ""H"", ""C"", ""C"", ""N"", ""C"", ""H"", ""H"", ""H"", ""H"", ""H"", ""H"", ""H"", ""C"", ""C"", ""N"", ""C"", ""H"", ""H"", ""H"", ""H"", ""H"", ""H"", ""H"", ""C"", ""C"", ""N"", ""C"", ""H"", ""H"", ""H"", ""H"", ""H"", ""H"", ""H"", ""C"", ""C"", ""N"", ""C"", ""H"", ""H"", ""H"", ""H"", ""H"", ""H"", ""H"", ""C"", ""C"", ""N"", ""C"", ""H"", ""H"", ""H"", ""H"", ""H"", ""H"", ""H"", ""C"", ""C"", ""N"", ""C"", ""H"", ""H"", ""H"", ""H"", ""H"", ""H"", ""H""]",C24H56N8,"[true, true, true]","[10.909265617942708, 0.0, 0.0, 0.0, 10.43058958941706, 0.0, -0.9034929926717348, 0.0, 10.442973019846796]",1188.3066558189369,[],"{""cutoff=6.000_skin=0.000"": 5880, ""cutoff=6.000_skin=0.500"": 7688}",0.0,,
OPT-RF-U256-XATMOV88-R256-v1,f76be7fea227482e0d2e5078d97994299bbc9dfbe0681fde37169ce8641b13b1,OPT-RF-U256-XATMOV88-R256-v1:0246,XATMOV_C2_14_4238_z2_22,b348cc7b00a07b0b482886ef5ce97d390209f1abb6e8683ced533c529e3f37eb,246,cross_family_test_set,XATMOV/structures/XATMOV_C2_14_4238_z2_22.cif,ebbf053032946dbd95e8bf64d885969898897e2438a25ce393f11d60a799cfba,b348cc7b00a07b0b482886ef5ce97d390209f1abb6e8683ced533c529e3f37eb,0,88,"[""C"", ""C"", ""N"", ""C"", ""H"", ""H"", ""H"", ""H"", ""H"", ""H"", ""H"", ""C"", ""C"", ""N"", ""C"", ""H"", ""H"", ""H"", ""H"", ""H"", ""H"", ""H"", ""C"", ""C"", ""N"", ""C"", ""H"", ""H"", ""H"", ""H"", ""H"", ""H"", ""H"", ""C"", ""C"", ""N"", ""C"", ""H"", ""H"", ""H"", ""H"", ""H"", ""H"", ""H"", ""C"", ""C"", ""N"", ""C"", ""H"", ""H"", ""H"", ""H"", ""H"", ""H"", ""H"", ""C"", ""C"", ""N"", ""C"", ""H"", ""H"", ""H"", ""H"", ""H"", ""H"", ""H"", ""C"", ""C"", ""N"", ""C"", ""H"", ""H"", ""H"", ""H"", ""H"", ""H"", ""H"", ""C"", ""C"", ""N"", ""C"", ""H"", ""H"", ""H"", ""H"", ""H"", ""H"", ""H""]",C24H56N8,"[true, true, true]","[11.815503963038054, 0.0, 0.0, 0.0, 10.576405628419316, 0.0, 2.538302748931082, 0.0, 9.802413617446467]",1224.9641327115473,[],"{""cutoff=6.000_skin=0.000"": 5948, ""cutoff=6.000_skin=0.500"": 7552}",0.0,,
OPT-RF-U256-XATMOV88-R256-v1,f76be7fea227482e0d2e5078d97994299bbc9dfbe0681fde37169ce8641b13b1,OPT-RF-U256-XATMOV88-R256-v1:0247,XATMOV_C1_14_3776_z2_22,e508345e0b43711a3f8bb8e59bb3f734886b522ead703e370c367331e30112f3,247,cross_family_test_set,XATMOV/structures/XATMOV_C1_14_3776_z2_22.cif,0ec25237ac5073140947f02fcb2ab79325e720ad37bae80a84b06762bde7afb0,e508345e0b43711a3f8bb8e59bb3f734886b522ead703e370c367331e30112f3,0,88,"[""C"", ""C"", ""N"", ""C"", ""H"", ""H"", ""H"", ""H"", ""H"", ""H"", ""H"", ""C"", ""C"", ""N"", ""C"", ""H"", ""H"", ""H"", ""H"", ""H"", ""H"", ""H"", ""C"", ""C"", ""N"", ""C"", ""H"", ""H"", ""H"", ""H"", ""H"", ""H"", ""H"", ""C"", ""C"", ""N"", ""C"", ""H"", ""H"", ""H"", ""H"", ""H"", ""H"", ""H"", ""C"", ""C"", ""N"", ""C"", ""H"", ""H"", ""H"", ""H"", ""H"", ""H"", ""H"", ""C"", ""C"", ""N"", ""C"", ""H"", ""H"", ""H"", ""H"", ""H"", ""H"", ""H"", ""C"", ""C"", ""N"", ""C"", ""H"", ""H"", ""H"", ""H"", ""H"", ""H"", ""H"", ""C"", ""C"", ""N"", ""C"", ""H"", ""H"", ""H"", ""H"", ""H"", ""H"", ""H""]",C24H56N8,"[true, true, true]","[4.934468479365428, 0.0, 0.0, 0.0, 21.906903011134876, 0.0, -6.765743080883493, 0.0, 10.66054003233865]",1152.3928895801837,[],"{""cutoff=6.000_skin=0.000"": 5984, ""cutoff=6.000_skin=0.500"": 7644}",0.0,,
OPT-RF-U256-XATMOV88-R256-v1,f76be7fea227482e0d2e5078d97994299bbc9dfbe0681fde37169ce8641b13b1,OPT-RF-U256-XATMOV88-R256-v1:0248,XATMOV_C1_14_6173_z2_22,89b414e69b13ff4ffa9dcd0309a20b8044ea479ec4c0312c9068cff1ac2b3cc0,248,cross_family_test_set,XATMOV/structures/XATMOV_C1_14_6173_z2_22.cif,6a41aa8378b7a24ac81414f76e7566c1bd559f1dd84498a5ec59c5d37bc906c4,89b414e69b13ff4ffa9dcd0309a20b8044ea479ec4c0312c9068cff1ac2b3cc0,0,88,"[""C"", ""C"", ""N"", ""C"", ""H"", ""H"", ""H"", ""H"", ""H"", ""H"", ""H"", ""C"", ""C"", ""N"", ""C"", ""H"", ""H"", ""H"", ""H"", ""H"", ""H"", ""H"", ""C"", ""C"", ""N"", ""C"", ""H"", ""H"", ""H"", ""H"", ""H"", ""H"", ""H"", ""C"", ""C"", ""N"", ""C"", ""H"", ""H"", ""H"", ""H"", ""H"", ""H"", ""H"", ""C"", ""C"", ""N"", ""C"", ""H"", ""H"", ""H"", ""H"", ""H"", ""H"", ""H"", ""C"", ""C"", ""N"", ""C"", ""H"", ""H"", ""H"", ""H"", ""H"", ""H"", ""H"", ""C"", ""C"", ""N"", ""C"", ""H"", ""H"", ""H"", ""H"", ""H"", ""H"", ""H"", ""C"", ""C"", ""N"", ""C"", ""H"", ""H"", ""H"", ""H"", ""H"", ""H"", ""H""]",C24H56N8,"[true, true, true]","[5.6957350669781235, 0.0, 0.0, 0.0, 16.38003742737805, 0.0, -1.7961224116013106, 0.0, 12.803060068262301]",1194.4788189517596,[],"{""cutoff=6.000_skin=0.000"": 6016, ""cutoff=6.000_skin=0.500"": 7724}",0.0,,
OPT-RF-U256-XATMOV88-R256-v1,f76be7fea227482e0d2e5078d97994299bbc9dfbe0681fde37169ce8641b13b1,OPT-RF-U256-XATMOV88-R256-v1:0249,XATMOV_C1_14_5800_z2_22,006fc07d351d3ef7f4cd35d079050362639dd060efad4c635bd1ee9a194d272f,249,cross_family_test_set,XATMOV/structures/XATMOV_C1_14_5800_z2_22.cif,45df6b0e9a83e01c04ead3719822ab759797a675ce6704c76525788748d0d6f7,006fc07d351d3ef7f4cd35d079050362639dd060efad4c635bd1ee9a194d272f,0,88,"[""C"", ""C"", ""N"", ""C"", ""H"", ""H"", ""H"", ""H"", ""H"", ""H"", ""H"", ""C"", ""C"", ""N"", ""C"", ""H"", ""H"", ""H"", ""H"", ""H"", ""H"", ""H"", ""C"", ""C"", ""N"", ""C"", ""H"", ""H"", ""H"", ""H"", ""H"", ""H"", ""H"", ""C"", ""C"", ""N"", ""C"", ""H"", ""H"", ""H"", ""H"", ""H"", ""H"", ""H"", ""C"", ""C"", ""N"", ""C"", ""H"", ""H"", ""H"", ""H"", ""H"", ""H"", ""H"", ""C"", ""C"", ""N"", ""C"", ""H"", ""H"", ""H"", ""H"", ""H"", ""H"", ""H"", ""C"", ""C"", ""N"", ""C"", ""H"", ""H"", ""H"", ""H"", ""H"", ""H"", ""H"", ""C"", ""C"", ""N"", ""C"", ""H"", ""H"", ""H"", ""H"", ""H"", ""H"", ""H""]",C24H56N8,"[true, true, true]","[9.681735322240534, 0.0, 0.0, 0.0, 10.779990659417052, 0.0, 1.0659804889522115, 0.0, 11.030059333323546]",1151.196442798548,[],"{""cutoff=6.000_skin=0.000"": 6052, ""cutoff=6.000_skin=0.500"": 8104}",0.0,,
OPT-RF-U256-XATMOV88-R256-v1,f76be7fea227482e0d2e5078d97994299bbc9dfbe0681fde37169ce8641b13b1,OPT-RF-U256-XATMOV88-R256-v1:0250,XATMOV_C2_14_6121_z2_22,599b07c01793d7a81d1d7a44fff7bc0cb561d1038d46c30ba8b63f2123c5ad16,250,cross_family_test_set,XATMOV/structures/XATMOV_C2_14_6121_z2_22.cif,3d901d9618501676db3aef651b7dccd30fe1cc30bafcad50f58adc9ea5a9260c,599b07c01793d7a81d1d7a44fff7bc0cb561d1038d46c30ba8b63f2123c5ad16,0,88,"[""C"", ""C"", ""N"", ""C"", ""H"", ""H"", ""H"", ""H"", ""H"", ""H"", ""H"", ""C"", ""C"", ""N"", ""C"", ""H"", ""H"", ""H"", ""H"", ""H"", ""H"", ""H"", ""C"", ""C"", ""N"", ""C"", ""H"", ""H"", ""H"", ""H"", ""H"", ""H"", ""H"", ""C"", ""C"", ""N"", ""C"", ""H"", ""H"", ""H"", ""H"", ""H"", ""H"", ""H"", ""C"", ""C"", ""N"", ""C"", ""H"", ""H"", ""H"", ""H"", ""H"", ""H"", ""H"", ""C"", ""C"", ""N"", ""C"", ""H"", ""H"", ""H"", ""H"", ""H"", ""H"", ""H"", ""C"", ""C"", ""N"", ""C"", ""H"", ""H"", ""H"", ""H"", ""H"", ""H"", ""H"", ""C"", ""C"", ""N"", ""C"", ""H"", ""H"", ""H"", ""H"", ""H"", ""H"", ""H""]",C24H56N8,"[true, true, true]","[13.381795991574009, 0.0, 0.0, 0.0, 5.7490982858445, 0.0, -11.503289945973112, 0.0, 15.118645512771284]",1163.1266920791143,[],"{""cutoff=6.000_skin=0.000"": 6056, ""cutoff=6.000_skin=0.500"": 7868}",0.0,,
OPT-RF-U256-XATMOV88-R256-v1,f76be7fea227482e0d2e5078d97994299bbc9dfbe0681fde37169ce8641b13b1,OPT-RF-U256-XATMOV88-R256-v1:0251,XATMOV_C2_14_4316_z2_22,f09a4dc1835371d90155e3fbb566820b61cf9101091e107a3b797f9e2b2b64cb,251,cross_family_test_set,XATMOV/structures/XATMOV_C2_14_4316_z2_22.cif,183e89d0ba3efce89125deb0e4582b055767c5aa5f417637f913c5ae09bfdee5,f09a4dc1835371d90155e3fbb566820b61cf9101091e107a3b797f9e2b2b64cb,0,88,"[""C"", ""C"", ""N"", ""C"", ""H"", ""H"", ""H"", ""H"", ""H"", ""H"", ""H"", ""C"", ""C"", ""N"", ""C"", ""H"", ""H"", ""H"", ""H"", ""H"", ""H"", ""H"", ""C"", ""C"", ""N"", ""C"", ""H"", ""H"", ""H"", ""H"", ""H"", ""H"", ""H"", ""C"", ""C"", ""N"", ""C"", ""H"", ""H"", ""H"", ""H"", ""H"", ""H"", ""H"", ""C"", ""C"", ""N"", ""C"", ""H"", ""H"", ""H"", ""H"", ""H"", ""H"", ""H"", ""C"", ""C"", ""N"", ""C"", ""H"", ""H"", ""H"", ""H"", ""H"", ""H"", ""H"", ""C"", ""C"", ""N"", ""C"", ""H"", ""H"", ""H"", ""H"", ""H"", ""H"", ""H"", ""C"", ""C"", ""N"", ""C"", ""H"", ""H"", ""H"", ""H"", ""H"", ""H"", ""H""]",C24H56N8,"[true, true, true]","[6.06848145417932, 0.0, 0.0, 0.0, 5.234084761532266, 0.0, -11.008247659140256, 0.0, 35.64738316232574]",1132.2659172973295,[],"{""cutoff=6.000_skin=0.000"": 6184, ""cutoff=6.000_skin=0.500"": 8136}",0.0,,
OPT-RF-U256-XATMOV88-R256-v1,f76be7fea227482e0d2e5078d97994299bbc9dfbe0681fde37169ce8641b13b1,OPT-RF-U256-XATMOV88-R256-v1:0252,XATMOV_C1_14_5253_z2_22,ffbc0889c71ef3c2c3ce3670833a39b840782e0d6384fede8344ea08b0aa1546,252,cross_family_test_set,XATMOV/structures/XATMOV_C1_14_5253_z2_22.cif,f20a8a0652cc5d5c76e153a1e1e6ead20081fdd15c5124482c5815259a73841b,ffbc0889c71ef3c2c3ce3670833a39b840782e0d6384fede8344ea08b0aa1546,0,88,"[""C"", ""C"", ""N"", ""C"", ""H"", ""H"", ""H"", ""H"", ""H"", ""H"", ""H"", ""C"", ""C"", ""N"", ""C"", ""H"", ""H"", ""H"", ""H"", ""H"", ""H"", ""H"", ""C"", ""C"", ""N"", ""C"", ""H"", ""H"", ""H"", ""H"", ""H"", ""H"", ""H"", ""C"", ""C"", ""N"", ""C"", ""H"", ""H"", ""H"", ""H"", ""H"", ""H"", ""H"", ""C"", ""C"", ""N"", ""C"", ""H"", ""H"", ""H"", ""H"", ""H"", ""H"", ""H"", ""C"", ""C"", ""N"", ""C"", ""H"", ""H"", ""H"", ""H"", ""H"", ""H"", ""H"", ""C"", ""C"", ""N"", ""C"", ""H"", ""H"", ""H"", ""H"", ""H"", ""H"", ""H"", ""C"", ""C"", ""N"", ""C"", ""H"", ""H"", ""H"", ""H"", ""H"", ""H"", ""H""]",C24H56N8,"[true, true, true]","[10.004902712908795, 0.0, 0.0, 0.0, 10.612619368330314, 0.0, -1.9170332888237671, 0.0, 10.719937734476728]",1138.2239533527463,[],"{""cutoff=6.000_skin=0.000"": 6272, ""cutoff=6.000_skin=0.500"": 8032}",0.0,,
OPT-RF-U256-XATMOV88-R256-v1,f76be7fea227482e0d2e5078d97994299bbc9dfbe0681fde37169ce8641b13b1,OPT-RF-U256-XATMOV88-R256-v1:0253,XATMOV_C1_14_5380_z2_22,ac3eb2b9ad89df6b89a4ba5a3e2ae67cbc08edd4342b423910a36231f8800858,253,cross_family_test_set,XATMOV/structures/XATMOV_C1_14_5380_z2_22.cif,e77f7cc26d1b281fad7d96225246788c63e79baa1b43067bbdce9efb8b29a0be,ac3eb2b9ad89df6b89a4ba5a3e2ae67cbc08edd4342b423910a36231f8800858,0,88,"[""C"", ""C"", ""N"", ""C"", ""H"", ""H"", ""H"", ""H"", ""H"", ""H"", ""H"", ""C"", ""C"", ""N"", ""C"", ""H"", ""H"", ""H"", ""H"", ""H"", ""H"", ""H"", ""C"", ""C"", ""N"", ""C"", ""H"", ""H"", ""H"", ""H"", ""H"", ""H"", ""H"", ""C"", ""C"", ""N"", ""C"", ""H"", ""H"", ""H"", ""H"", ""H"", ""H"", ""H"", ""C"", ""C"", ""N"", ""C"", ""H"", ""H"", ""H"", ""H"", ""H"", ""H"", ""H"", ""C"", ""C"", ""N"", ""C"", ""H"", ""H"", ""H"", ""H"", ""H"", ""H"", ""H"", ""C"", ""C"", ""N"", ""C"", ""H"", ""H"", ""H"", ""H"", ""H"", ""H"", ""H"", ""C"", ""C"", ""N"", ""C"", ""H"", ""H"", ""H"", ""H"", ""H"", ""H"", ""H""]",C24H56N8,"[true, true, true]","[10.741250296697558, 0.0, 0.0, 0.0, 6.0646592591442765, 0.0, 9.808882461201838, 0.0, 16.4249158959924]",1069.9522501645731,[],"{""cutoff=6.000_skin=0.000"": 6424, ""cutoff=6.000_skin=0.500"": 8576}",0.0,,
OPT-RF-U256-XATMOV88-R256-v1,f76be7fea227482e0d2e5078d97994299bbc9dfbe0681fde37169ce8641b13b1,OPT-RF-U256-XATMOV88-R256-v1:0254,XATMOV_C2_14_727_z2_22,2f20c661df904b712b5f3da2f824cd782fb8311f1114b47316be72d46b181c50,254,cross_family_test_set,XATMOV/structures/XATMOV_C2_14_727_z2_22.cif,46bdd9e6bac731d99b0a192ca01a0de447813f76102e743bdd95222f941b996c,2f20c661df904b712b5f3da2f824cd782fb8311f1114b47316be72d46b181c50,0,88,"[""C"", ""C"", ""N"", ""C"", ""H"", ""H"", ""H"", ""H"", ""H"", ""H"", ""H"", ""C"", ""C"", ""N"", ""C"", ""H"", ""H"", ""H"", ""H"", ""H"", ""H"", ""H"", ""C"", ""C"", ""N"", ""C"", ""H"", ""H"", ""H"", ""H"", ""H"", ""H"", ""H"", ""C"", ""C"", ""N"", ""C"", ""H"", ""H"", ""H"", ""H"", ""H"", ""H"", ""H"", ""C"", ""C"", ""N"", ""C"", ""H"", ""H"", ""H"", ""H"", ""H"", ""H"", ""H"", ""C"", ""C"", ""N"", ""C"", ""H"", ""H"", ""H"", ""H"", ""H"", ""H"", ""H"", ""C"", ""C"", ""N"", ""C"", ""H"", ""H"", ""H"", ""H"", ""H"", ""H"", ""H"", ""C"", ""C"", ""N"", ""C"", ""H"", ""H"", ""H"", ""H"", ""H"", ""H"", ""H""]",C24H56N8,"[true, true, true]","[10.631351330952832, 0.0, 0.0, 0.0, 10.274895141583045, 0.0, 4.616470974406255, 0.0, 9.78419569342601]",1068.786597809726,[],"{""cutoff=6.000_skin=0.000"": 6652, ""cutoff=6.000_skin=0.500"": 8500}",0.0,,
OPT-RF-U256-XATMOV88-R256-v1,f76be7fea227482e0d2e5078d97994299bbc9dfbe0681fde37169ce8641b13b1,OPT-RF-U256-XATMOV88-R256-v1:0255,XATMOV_C1_14_5613_z2_22,9798c8197053b7c0145e86b949492a107a4c4b8a7436db786689c30c1cd61d8e,255,cross_family_test_set,XATMOV/structures/XATMOV_C1_14_5613_z2_22.cif,b6a75d94f1969bc5a303dda2c07c017fa6fbfe454b4022920cd92f7e66acdd12,9798c8197053b7c0145e86b949492a107a4c4b8a7436db786689c30c1cd61d8e,0,88,"[""C"", ""C"", ""N"", ""C"", ""H"", ""H"", ""H"", ""H"", ""H"", ""H"", ""H"", ""C"", ""C"", ""N"", ""C"", ""H"", ""H"", ""H"", ""H"", ""H"", ""H"", ""H"", ""C"", ""C"", ""N"", ""C"", ""H"", ""H"", ""H"", ""H"", ""H"", ""H"", ""H"", ""C"", ""C"", ""N"", ""C"", ""H"", ""H"", ""H"", ""H"", ""H"", ""H"", ""H"", ""C"", ""C"", ""N"", ""C"", ""H"", ""H"", ""H"", ""H"", ""H"", ""H"", ""H"", ""C"", ""C"", ""N"", ""C"", ""H"", ""H"", ""H"", ""H"", ""H"", ""H"", ""H"", ""C"", ""C"", ""N"", ""C"", ""H"", ""H"", ""H"", ""H"", ""H"", ""H"", ""H"", ""C"", ""C"", ""N"", ""C"", ""H"", ""H"", ""H"", ""H"", ""H"", ""H"", ""H""]",C24H56N8,"[true, true, true]","[12.50643221530538, 0.0, 0.0, 0.0, 10.589439779365776, 0.0, -4.5868612915109175, 0.0, 7.92016853867846]",1048.9163181327704,[],"{""cutoff=6.000_skin=0.000"": 6884, ""cutoff=6.000_skin=0.500"": 8904}",0.0,,
