workload_id,manifest_sha256,system_id,group_id,duplicate_group,order,dataset_id,source_path,source_sha256,normalized_structure_sha256,frame_index,atom_count,species,chemical_formula,pbc,cell_A,volume_A3,constraints,topology_edge_counts,arrival_time,random_seed,reference
OPT-RF-U256-ROFA-MIX-R256-v1,c9380bd69d0e1d094657eddf3b59489be4b1936561d28466835006a1e050ca76,OPT-RF-U256-ROFA-MIX-R256-v1:0000,A_corrH_c1_m1_1276_74,24a69b098b42846809cc389a0728e6334baf353299c87ce3a34730984f05c39d,0,cross_family_test_set,rof-a/structures/A_corrH_c1_m1_1276_74.cif,a96fac8c6ac7a22e777f3356f5c518c47e58cd92e5cbea1e88ad3046ea22de6f,24a69b098b42846809cc389a0728e6334baf353299c87ce3a34730984f05c39d,0,74,"[""N"", ""C"", ""C"", ""C"", ""C"", ""C"", ""C"", ""C"", ""C"", ""O"", ""C"", ""C"", ""C"", ""C"", ""C"", ""N"", ""C"", ""C"", ""C"", ""C"", ""C"", ""C"", ""C"", ""C"", ""C"", ""C"", ""C"", ""C"", ""C"", ""C"", ""C"", ""C"", ""C"", ""C"", ""C"", ""C"", ""C"", ""C"", ""C"", ""C"", ""O"", ""C"", ""C"", ""C"", ""H"", ""H"", ""H"", ""H"", ""H"", ""H"", ""H"", ""H"", ""H"", ""H"", ""H"", ""H"", ""H"", ""H"", ""H"", ""H"", ""H"", ""H"", ""H"", ""H"", ""H"", ""H"", ""H"", ""H"", ""H"", ""H"", ""H"", ""H"", ""H"", ""H""]",C40H30N2O2,"[true, true, true]","[15.108393129219825, 0.0, 0.0, -5.284918734489747, 19.03867227660801, 0.0, -5.727060553617259, -2.7190625984686765, 20.8891573545732]",6008.6354599987235,[],"{""cutoff=6.000_skin=0.000"": 1882, ""cutoff=6.000_skin=0.500"": 2144}",0.0,,
OPT-RF-U256-ROFA-MIX-R256-v1,c9380bd69d0e1d094657eddf3b59489be4b1936561d28466835006a1e050ca76,OPT-RF-U256-ROFA-MIX-R256-v1:0001,A_corrH_c1_m1_1313_74,f026fde7cb8d08502ea8650ef570eb6fce0a38d1480e4605984837b2da2e93cf,1,cross_family_test_set,rof-a/structures/A_corrH_c1_m1_1313_74.cif,8e8b078e39634405797fe62401c4425b323919376ee6578207d705c45b6e9b15,f026fde7cb8d08502ea8650ef570eb6fce0a38d1480e4605984837b2da2e93cf,0,74,"[""N"", ""C"", ""C"", ""C"", ""C"", ""C"", ""C"", ""C"", ""C"", ""O"", ""C"", ""C"", ""C"", ""C"", ""C"", ""N"", ""C"", ""C"", ""C"", ""C"", ""C"", ""C"", ""C"", ""C"", ""C"", ""C"", ""C"", ""C"", ""C"", ""C"", ""C"", ""C"", ""C"", ""C"", ""C"", ""C"", ""C"", ""C"", ""C"", ""C"", ""O"", ""C"", ""C"", ""C"", ""H"", ""H"", ""H"", ""H"", ""H"", ""H"", ""H"", ""H"", ""H"", ""H"", ""H"", ""H"", ""H"", ""H"", ""H"", ""H"", ""H"", ""H"", ""H"", ""H"", ""H"", ""H"", ""H"", ""H"", ""H"", ""H"", ""H"", ""H"", ""H"", ""H""]",C40H30N2O2,"[true, true, true]","[13.537699720389968, 0.0, 0.0, 3.547364865302714, 18.951646385557872, 0.0, 1.4564318210441185, -0.012181917016942826, 19.722373961839786]",5060.005751741553,[],"{""cutoff=6.000_skin=0.000"": 1882, ""cutoff=6.000_skin=0.500"": 2144}",0.0,,
OPT-RF-U256-ROFA-MIX-R256-v1,c9380bd69d0e1d094657eddf3b59489be4b1936561d28466835006a1e050ca76,OPT-RF-U256-ROFA-MIX-R256-v1:0002,A_corrH_c1_m1_1436_74,1cea4dc5f1c1292b20054c031eae80e546e871be7ec83dfdc7d01124d2c0023d,2,cross_family_test_set,rof-a/structures/A_corrH_c1_m1_1436_74.cif,65d4ffd4fd64bf367771324e534236430051b186dabe6614a6093b2ff80d71b6,1cea4dc5f1c1292b20054c031eae80e546e871be7ec83dfdc7d01124d2c0023d,0,74,"[""N"", ""C"", ""C"", ""C"", ""C"", ""C"", ""C"", ""C"", ""C"", ""O"", ""C"", ""C"", ""C"", ""C"", ""C"", ""N"", ""C"", ""C"", ""C"", ""C"", ""C"", ""C"", ""C"", ""C"", ""C"", ""C"", ""C"", ""C"", ""C"", ""C"", ""C"", ""C"", ""C"", ""C"", ""C"", ""C"", ""C"", ""C"", ""C"", ""C"", ""O"", ""C"", ""C"", ""C"", ""H"", ""H"", ""H"", ""H"", ""H"", ""H"", ""H"", ""H"", ""H"", ""H"", ""H"", ""H"", ""H"", ""H"", ""H"", ""H"", ""H"", ""H"", ""H"", ""H"", ""H"", ""H"", ""H"", ""H"", ""H"", ""H"", ""H"", ""H"", ""H"", ""H""]",C40H30N2O2,"[true, true, true]","[14.11147709961542, 0.0, 0.0, 0.8184304094865003, 15.364555086616148, 0.0, 2.7786079269952633, 3.1274814177284056, 20.118809156960573]",4362.09113858139,[],"{""cutoff=6.000_skin=0.000"": 1882, ""cutoff=6.000_skin=0.500"": 2156}",0.0,,
OPT-RF-U256-ROFA-MIX-R256-v1,c9380bd69d0e1d094657eddf3b59489be4b1936561d28466835006a1e050ca76,OPT-RF-U256-ROFA-MIX-R256-v1:0003,A_corrH_c1_m1_1621_74,723e94848a3d915b8ba6366e39336deeb480a6c5725e5d8de81fa7cb34f9e9e4,3,cross_family_test_set,rof-a/structures/A_corrH_c1_m1_1621_74.cif,fe8b1fbedcdf82ae9111924011cda1b1eff3084911921f11e312745e75624e9e,723e94848a3d915b8ba6366e39336deeb480a6c5725e5d8de81fa7cb34f9e9e4,0,74,"[""N"", ""C"", ""C"", ""C"", ""C"", ""C"", ""C"", ""C"", ""C"", ""O"", ""C"", ""C"", ""C"", ""C"", ""C"", ""N"", ""C"", ""C"", ""C"", ""C"", ""C"", ""C"", ""C"", ""C"", ""C"", ""C"", ""C"", ""C"", ""C"", ""C"", ""C"", ""C"", ""C"", ""C"", ""C"", ""C"", ""C"", ""C"", ""C"", ""C"", ""O"", ""C"", ""C"", ""C"", ""H"", ""H"", ""H"", ""H"", ""H"", ""H"", ""H"", ""H"", ""H"", ""H"", ""H"", ""H"", ""H"", ""H"", ""H"", ""H"", ""H"", ""H"", ""H"", ""H"", ""H"", ""H"", ""H"", ""H"", ""H"", ""H"", ""H"", ""H"", ""H"", ""H""]",C40H30N2O2,"[true, true, true]","[16.617124523774606, 0.0, 0.0, 5.3670899669291785, 18.779887106469246, 0.0, 2.225752704014247, 2.721447171678921, 21.133183419265876]",6594.984420740341,[],"{""cutoff=6.000_skin=0.000"": 1882, ""cutoff=6.000_skin=0.500"": 2144}",0.0,,
OPT-RF-U256-ROFA-MIX-R256-v1,c9380bd69d0e1d094657eddf3b59489be4b1936561d28466835006a1e050ca76,OPT-RF-U256-ROFA-MIX-R256-v1:0004,A_corrH_c1_m1_2077_74,8a262351f76f4e2698d70aacf1e539eeed7ad748e3c1954d5f42d8594fae1dd8,4,cross_family_test_set,rof-a/structures/A_corrH_c1_m1_2077_74.cif,a889261ce6e27fb7f7bce9949edac1f5da8283857f0ea31fdca8f8204e1fb4e4,8a262351f76f4e2698d70aacf1e539eeed7ad748e3c1954d5f42d8594fae1dd8,0,74,"[""N"", ""C"", ""C"", ""C"", ""C"", ""C"", ""C"", ""C"", ""C"", ""O"", ""C"", ""C"", ""C"", ""C"", ""C"", ""N"", ""C"", ""C"", ""C"", ""C"", ""C"", ""C"", ""C"", ""C"", ""C"", ""C"", ""C"", ""C"", ""C"", ""C"", ""C"", ""C"", ""C"", ""C"", ""C"", ""C"", ""C"", ""C"", ""C"", ""C"", ""O"", ""C"", ""C"", ""C"", ""H"", ""H"", ""H"", ""H"", ""H"", ""H"", ""H"", ""H"", ""H"", ""H"", ""H"", ""H"", ""H"", ""H"", ""H"", ""H"", ""H"", ""H"", ""H"", ""H"", ""H"", ""H"", ""H"", ""H"", ""H"", ""H"", ""H"", ""H"", ""H"", ""H""]",C40H30N2O2,"[true, true, true]","[12.58920411657757, 0.0, 0.0, 1.6594813693405397, 21.35925590522319, 0.0, 5.328647131686472, 4.623533579395951, 20.47861290212915]",5506.617757804567,[],"{""cutoff=6.000_skin=0.000"": 1882, ""cutoff=6.000_skin=0.500"": 2144}",0.0,,
OPT-RF-U256-ROFA-MIX-R256-v1,c9380bd69d0e1d094657eddf3b59489be4b1936561d28466835006a1e050ca76,OPT-RF-U256-ROFA-MIX-R256-v1:0005,A_corrH_c1_m1_20_74,61ac3d8baf8469ac040ea13bb9414940fe592ada30196a77097c2a71c97e4a31,5,cross_family_test_set,rof-a/structures/A_corrH_c1_m1_20_74.cif,9d4f65e5c7dcfd178b8c711296d9fcdf33bae751696f8d0efd8dba1ed34c488c,61ac3d8baf8469ac040ea13bb9414940fe592ada30196a77097c2a71c97e4a31,0,74,"[""N"", ""C"", ""C"", ""C"", ""C"", ""C"", ""C"", ""C"", ""C"", ""O"", ""C"", ""C"", ""C"", ""C"", ""C"", ""N"", ""C"", ""C"", ""C"", ""C"", ""C"", ""C"", ""C"", ""C"", ""C"", ""C"", ""C"", ""C"", ""C"", ""C"", ""C"", ""C"", ""C"", ""C"", ""C"", ""C"", ""C"", ""C"", ""C"", ""C"", ""O"", ""C"", ""C"", ""C"", ""H"", ""H"", ""H"", ""H"", ""H"", ""H"", ""H"", ""H"", ""H"", ""H"", ""H"", ""H"", ""H"", ""H"", ""H"", ""H"", ""H"", ""H"", ""H"", ""H"", ""H"", ""H"", ""H"", ""H"", ""H"", ""H"", ""H"", ""H"", ""H"", ""H""]",C40H30N2O2,"[true, true, true]","[19.893207775640192, 0.0, 0.0, 6.964582886681793, 20.259967335969208, 0.0, 0.6896088851907007, 1.1638319798028656, 35.15942132028469]",14170.503380725751,[],"{""cutoff=6.000_skin=0.000"": 1882, ""cutoff=6.000_skin=0.500"": 2144}",0.0,,
OPT-RF-U256-ROFA-MIX-R256-v1,c9380bd69d0e1d094657eddf3b59489be4b1936561d28466835006a1e050ca76,OPT-RF-U256-ROFA-MIX-R256-v1:0006,A_corrH_c1_m1_2338_74,169d450c74951a9609c069516b62073ac7cc12c0997a7d5c74a5cef4997a8d67,6,cross_family_test_set,rof-a/structures/A_corrH_c1_m1_2338_74.cif,1ee8b1231fb16e9fe2fee5db4a3f727ab0b03b0bb7de4afc7af22b8bb04d719b,169d450c74951a9609c069516b62073ac7cc12c0997a7d5c74a5cef4997a8d67,0,74,"[""N"", ""C"", ""C"", ""C"", ""C"", ""C"", ""C"", ""C"", ""C"", ""O"", ""C"", ""C"", ""C"", ""C"", ""C"", ""N"", ""C"", ""C"", ""C"", ""C"", ""C"", ""C"", ""C"", ""C"", ""C"", ""C"", ""C"", ""C"", ""C"", ""C"", ""C"", ""C"", ""C"", ""C"", ""C"", ""C"", ""C"", ""C"", ""C"", ""C"", ""O"", ""C"", ""C"", ""C"", ""H"", ""H"", ""H"", ""H"", ""H"", ""H"", ""H"", ""H"", ""H"", ""H"", ""H"", ""H"", ""H"", ""H"", ""H"", ""H"", ""H"", ""H"", ""H"", ""H"", ""H"", ""H"", ""H"", ""H"", ""H"", ""H"", ""H"", ""H"", ""H"", ""H""]",C40H30N2O2,"[true, true, true]","[21.42362460556103, 0.0, 0.0, 7.695190695348838, 20.912278868636523, 0.0, 6.418466351481097, 7.754441296013888, 90.0385625994769]",40338.78978444785,[],"{""cutoff=6.000_skin=0.000"": 1882, ""cutoff=6.000_skin=0.500"": 2144}",0.0,,
OPT-RF-U256-ROFA-MIX-R256-v1,c9380bd69d0e1d094657eddf3b59489be4b1936561d28466835006a1e050ca76,OPT-RF-U256-ROFA-MIX-R256-v1:0007,A_corrH_c1_m1_2557_74,d3619e775f3f275085caff102e8b7aba6d40d53406786e893884945891aaf06d,7,cross_family_test_set,rof-a/structures/A_corrH_c1_m1_2557_74.cif,ef96a42c786a81beb4c7e8478bbb5d6baf2810571db8870fad20435ab9071827,d3619e775f3f275085caff102e8b7aba6d40d53406786e893884945891aaf06d,0,74,"[""N"", ""C"", ""C"", ""C"", ""C"", ""C"", ""C"", ""C"", ""C"", ""O"", ""C"", ""C"", ""C"", ""C"", ""C"", ""N"", ""C"", ""C"", ""C"", ""C"", ""C"", ""C"", ""C"", ""C"", ""C"", ""C"", ""C"", ""C"", ""C"", ""C"", ""C"", ""C"", ""C"", ""C"", ""C"", ""C"", ""C"", ""C"", ""C"", ""C"", ""O"", ""C"", ""C"", ""C"", ""H"", ""H"", ""H"", ""H"", ""H"", ""H"", ""H"", ""H"", ""H"", ""H"", ""H"", ""H"", ""H"", ""H"", ""H"", ""H"", ""H"", ""H"", ""H"", ""H"", ""H"", ""H"", ""H"", ""H"", ""H"", ""H"", ""H"", ""H"", ""H"", ""H""]",C40H30N2O2,"[true, true, true]","[15.095225379114803, 0.0, 0.0, -0.87936982086853, 16.56851807297098, 0.0, -7.184695711712038, -6.072280009774098, 16.845519429419294]",4213.157304073575,[],"{""cutoff=6.000_skin=0.000"": 1882, ""cutoff=6.000_skin=0.500"": 2150}",0.0,,
OPT-RF-U256-ROFA-MIX-R256-v1,c9380bd69d0e1d094657eddf3b59489be4b1936561d28466835006a1e050ca76,OPT-RF-U256-ROFA-MIX-R256-v1:0008,A_corrH_c1_m1_2685_74,722860024f183a192f479b3cd2c4a58d1c2b20facc57032b88e30e527bec6a74,8,cross_family_test_set,rof-a/structures/A_corrH_c1_m1_2685_74.cif,21f9e145aa7b21aa5c8437be002795159776a5a0ab9b297aecb42dcc616e19ec,722860024f183a192f479b3cd2c4a58d1c2b20facc57032b88e30e527bec6a74,0,74,"[""N"", ""C"", ""C"", ""C"", ""C"", ""C"", ""C"", ""C"", ""C"", ""O"", ""C"", ""C"", ""C"", ""C"", ""C"", ""N"", ""C"", ""C"", ""C"", ""C"", ""C"", ""C"", ""C"", ""C"", ""C"", ""C"", ""C"", ""C"", ""C"", ""C"", ""C"", ""C"", ""C"", ""C"", ""C"", ""C"", ""C"", ""C"", ""C"", ""C"", ""O"", ""C"", ""C"", ""C"", ""H"", ""H"", ""H"", ""H"", ""H"", ""H"", ""H"", ""H"", ""H"", ""H"", ""H"", ""H"", ""H"", ""H"", ""H"", ""H"", ""H"", ""H"", ""H"", ""H"", ""H"", ""H"", ""H"", ""H"", ""H"", ""H"", ""H"", ""H"", ""H"", ""H""]",C40H30N2O2,"[true, true, true]","[12.458550942898158, 0.0, 0.0, -2.0103558014878278, 20.9147822429118, 0.0, -0.09266379641615616, -3.449617254586392, 21.14387016271368]",5509.413423990006,[],"{""cutoff=6.000_skin=0.000"": 1882, ""cutoff=6.000_skin=0.500"": 2146}",0.0,,
OPT-RF-U256-ROFA-MIX-R256-v1,c9380bd69d0e1d094657eddf3b59489be4b1936561d28466835006a1e050ca76,OPT-RF-U256-ROFA-MIX-R256-v1:0009,A_corrH_c1_m1_2695_74,802fe483c4dea3eb6fdb64028333f5b8bb9fa87d1e2982c0894c6f00b8b52f64,9,cross_family_test_set,rof-a/structures/A_corrH_c1_m1_2695_74.cif,c39ecc2527aae3eddfa6777b3490f575c9b719f19e0cba855c1d21eb9f2efae6,802fe483c4dea3eb6fdb64028333f5b8bb9fa87d1e2982c0894c6f00b8b52f64,0,74,"[""N"", ""C"", ""C"", ""C"", ""C"", ""C"", ""C"", ""C"", ""C"", ""O"", ""C"", ""C"", ""C"", ""C"", ""C"", ""N"", ""C"", ""C"", ""C"", ""C"", ""C"", ""C"", ""C"", ""C"", ""C"", ""C"", ""C"", ""C"", ""C"", ""C"", ""C"", ""C"", ""C"", ""C"", ""C"", ""C"", ""C"", ""C"", ""C"", ""C"", ""O"", ""C"", ""C"", ""C"", ""H"", ""H"", ""H"", ""H"", ""H"", ""H"", ""H"", ""H"", ""H"", ""H"", ""H"", ""H"", ""H"", ""H"", ""H"", ""H"", ""H"", ""H"", ""H"", ""H"", ""H"", ""H"", ""H"", ""H"", ""H"", ""H"", ""H"", ""H"", ""H"", ""H""]",C40H30N2O2,"[true, true, true]","[17.97623554301326, 0.0, 0.0, -1.5990638229524419, 21.3638640262038, 0.0, -5.883725495816551, -9.728055776187912, 18.521987362218606]",7113.218326416615,[],"{""cutoff=6.000_skin=0.000"": 1882, ""cutoff=6.000_skin=0.500"": 2144}",0.0,,
OPT-RF-U256-ROFA-MIX-R256-v1,c9380bd69d0e1d094657eddf3b59489be4b1936561d28466835006a1e050ca76,OPT-RF-U256-ROFA-MIX-R256-v1:0010,A_corrH_c1_m1_2891_74,25c0f153137bf340bc404492bd2bf13ee62997d3d4c1123ccc7b16d9fd78e5ac,10,cross_family_test_set,rof-a/structures/A_corrH_c1_m1_2891_74.cif,1ddf4ea34a27015e9c17f293dc99eb659d9bd9b549713d345ae191208242ff74,25c0f153137bf340bc404492bd2bf13ee62997d3d4c1123ccc7b16d9fd78e5ac,0,74,"[""N"", ""C"", ""C"", ""C"", ""C"", ""C"", ""C"", ""C"", ""C"", ""O"", ""C"", ""C"", ""C"", ""C"", ""C"", ""N"", ""C"", ""C"", ""C"", ""C"", ""C"", ""C"", ""C"", ""C"", ""C"", ""C"", ""C"", ""C"", ""C"", ""C"", ""C"", ""C"", ""C"", ""C"", ""C"", ""C"", ""C"", ""C"", ""C"", ""C"", ""O"", ""C"", ""C"", ""C"", ""H"", ""H"", ""H"", ""H"", ""H"", ""H"", ""H"", ""H"", ""H"", ""H"", ""H"", ""H"", ""H"", ""H"", ""H"", ""H"", ""H"", ""H"", ""H"", ""H"", ""H"", ""H"", ""H"", ""H"", ""H"", ""H"", ""H"", ""H"", ""H"", ""H""]",C40H30N2O2,"[true, true, true]","[16.76549372705515, 0.0, 0.0, -3.856374409599191, 21.073681872254515, 0.0, -0.6679496250591643, -10.554265427825008, 20.88915911682411]",7380.363037996418,[],"{""cutoff=6.000_skin=0.000"": 1882, ""cutoff=6.000_skin=0.500"": 2144}",0.0,,
OPT-RF-U256-ROFA-MIX-R256-v1,c9380bd69d0e1d094657eddf3b59489be4b1936561d28466835006a1e050ca76,OPT-RF-U256-ROFA-MIX-R256-v1:0011,A_corrH_c1_m1_3320_74,25d583c51627d290c6572958d0962f1aee3f5e32562176a6f2edc9a68e21a92f,11,cross_family_test_set,rof-a/structures/A_corrH_c1_m1_3320_74.cif,e6e1b972732736bfb0bd1d07e8cc724770fb7ebda5383a416e7902686d31a9e2,25d583c51627d290c6572958d0962f1aee3f5e32562176a6f2edc9a68e21a92f,0,74,"[""N"", ""C"", ""C"", ""C"", ""C"", ""C"", ""C"", ""C"", ""C"", ""O"", ""C"", ""C"", ""C"", ""C"", ""C"", ""N"", ""C"", ""C"", ""C"", ""C"", ""C"", ""C"", ""C"", ""C"", ""C"", ""C"", ""C"", ""C"", ""C"", ""C"", ""C"", ""C"", ""C"", ""C"", ""C"", ""C"", ""C"", ""C"", ""C"", ""C"", ""O"", ""C"", ""C"", ""C"", ""H"", ""H"", ""H"", ""H"", ""H"", ""H"", ""H"", ""H"", ""H"", ""H"", ""H"", ""H"", ""H"", ""H"", ""H"", ""H"", ""H"", ""H"", ""H"", ""H"", ""H"", ""H"", ""H"", ""H"", ""H"", ""H"", ""H"", ""H"", ""H"", ""H""]",C40H30N2O2,"[true, true, true]","[12.76200997568313, 0.0, 0.0, 0.877699396989639, 20.18599146412702, 0.0, 6.376014739979808, 3.4652019202312943, 20.157145207781426]",5192.759266652961,[],"{""cutoff=6.000_skin=0.000"": 1882, ""cutoff=6.000_skin=0.500"": 2144}",0.0,,
OPT-RF-U256-ROFA-MIX-R256-v1,c9380bd69d0e1d094657eddf3b59489be4b1936561d28466835006a1e050ca76,OPT-RF-U256-ROFA-MIX-R256-v1:0012,A_corrH_c1_m1_338_74,c23845dfdff47c99a7139bcc837e1e92ae374d1df9f9b2c75b2feda0b08d9c77,12,cross_family_test_set,rof-a/structures/A_corrH_c1_m1_338_74.cif,a650cb38176507e5f168c0b8d5186dff496d7bebfc8501412f9486a0d3180e41,c23845dfdff47c99a7139bcc837e1e92ae374d1df9f9b2c75b2feda0b08d9c77,0,74,"[""N"", ""C"", ""C"", ""C"", ""C"", ""C"", ""C"", ""C"", ""C"", ""O"", ""C"", ""C"", ""C"", ""C"", ""C"", ""N"", ""C"", ""C"", ""C"", ""C"", ""C"", ""C"", ""C"", ""C"", ""C"", ""C"", ""C"", ""C"", ""C"", ""C"", ""C"", ""C"", ""C"", ""C"", ""C"", ""C"", ""C"", ""C"", ""C"", ""C"", ""O"", ""C"", ""C"", ""C"", ""H"", ""H"", ""H"", ""H"", ""H"", ""H"", ""H"", ""H"", ""H"", ""H"", ""H"", ""H"", ""H"", ""H"", ""H"", ""H"", ""H"", ""H"", ""H"", ""H"", ""H"", ""H"", ""H"", ""H"", ""H"", ""H"", ""H"", ""H"", ""H"", ""H""]",C40H30N2O2,"[true, true, true]","[12.772900057382891, 0.0, 0.0, 1.1158081583995227, 18.610954395502237, 0.0, 1.0416955139499386, 3.6105626907907813, 21.09147692201962]",5013.778585022176,[],"{""cutoff=6.000_skin=0.000"": 1882, ""cutoff=6.000_skin=0.500"": 2146}",0.0,,
OPT-RF-U256-ROFA-MIX-R256-v1,c9380bd69d0e1d094657eddf3b59489be4b1936561d28466835006a1e050ca76,OPT-RF-U256-ROFA-MIX-R256-v1:0013,A_corrH_c1_m1_3606_74,2c2668720b13809184ce1f8700f113913d50df23ba50dd7911d4e0a98b4c269b,13,cross_family_test_set,rof-a/structures/A_corrH_c1_m1_3606_74.cif,f86f9999c2c86f2b93cdf12a08fd5622f065556c71dc2e46ceff8dd91424f9b3,2c2668720b13809184ce1f8700f113913d50df23ba50dd7911d4e0a98b4c269b,0,74,"[""N"", ""C"", ""C"", ""C"", ""C"", ""C"", ""C"", ""C"", ""C"", ""O"", ""C"", ""C"", ""C"", ""C"", ""C"", ""N"", ""C"", ""C"", ""C"", ""C"", ""C"", ""C"", ""C"", ""C"", ""C"", ""C"", ""C"", ""C"", ""C"", ""C"", ""C"", ""C"", ""C"", ""C"", ""C"", ""C"", ""C"", ""C"", ""C"", ""C"", ""O"", ""C"", ""C"", ""C"", ""H"", ""H"", ""H"", ""H"", ""H"", ""H"", ""H"", ""H"", ""H"", ""H"", ""H"", ""H"", ""H"", ""H"", ""H"", ""H"", ""H"", ""H"", ""H"", ""H"", ""H"", ""H"", ""H"", ""H"", ""H"", ""H"", ""H"", ""H"", ""H"", ""H""]",C40H30N2O2,"[true, true, true]","[16.012275467452586, 0.0, 0.0, 3.77005673631543, 17.58123351130388, 0.0, 3.33769155754453, -0.3023140122925868, 20.866152448531533]",5874.14646724411,[],"{""cutoff=6.000_skin=0.000"": 1882, ""cutoff=6.000_skin=0.500"": 2144}",0.0,,
OPT-RF-U256-ROFA-MIX-R256-v1,c9380bd69d0e1d094657eddf3b59489be4b1936561d28466835006a1e050ca76,OPT-RF-U256-ROFA-MIX-R256-v1:0014,A_corrH_c1_m1_3624_74,c8fd1ff2cbea653a6ee764283a4c188254907b05076ed24d1b6c570890a4bd57,14,cross_family_test_set,rof-a/structures/A_corrH_c1_m1_3624_74.cif,e01d6045c7c48b1ad47a2f9ffa453e927e9ff7c3d3b8cfe07ca6cc6531e21fb4,c8fd1ff2cbea653a6ee764283a4c188254907b05076ed24d1b6c570890a4bd57,0,74,"[""N"", ""C"", ""C"", ""C"", ""C"", ""C"", ""C"", ""C"", ""C"", ""O"", ""C"", ""C"", ""C"", ""C"", ""C"", ""N"", ""C"", ""C"", ""C"", ""C"", ""C"", ""C"", ""C"", ""C"", ""C"", ""C"", ""C"", ""C"", ""C"", ""C"", ""C"", ""C"", ""C"", ""C"", ""C"", ""C"", ""C"", ""C"", ""C"", ""C"", ""O"", ""C"", ""C"", ""C"", ""H"", ""H"", ""H"", ""H"", ""H"", ""H"", ""H"", ""H"", ""H"", ""H"", ""H"", ""H"", ""H"", ""H"", ""H"", ""H"", ""H"", ""H"", ""H"", ""H"", ""H"", ""H"", ""H"", ""H"", ""H"", ""H"", ""H"", ""H"", ""H"", ""H""]",C40H30N2O2,"[true, true, true]","[11.508675339217415, 0.0, 0.0, 2.311782272619136, 15.735140260436113, 0.0, 1.2484514013286743, 3.3336183031225315, 21.125814761746042]",3825.6869074571696,[],"{""cutoff=6.000_skin=0.000"": 1882, ""cutoff=6.000_skin=0.500"": 2160}",0.0,,
OPT-RF-U256-ROFA-MIX-R256-v1,c9380bd69d0e1d094657eddf3b59489be4b1936561d28466835006a1e050ca76,OPT-RF-U256-ROFA-MIX-R256-v1:0015,A_corrH_c1_m1_4180_74,a75d2675aaf6971ee2815eccc4c92f2da0ae3c5a2a22955c243005d607fcbc17,15,cross_family_test_set,rof-a/structures/A_corrH_c1_m1_4180_74.cif,f23aa04816f2702fd427b8252330784381d62d112aa682b27950d2a447792e1e,a75d2675aaf6971ee2815eccc4c92f2da0ae3c5a2a22955c243005d607fcbc17,0,74,"[""N"", ""C"", ""C"", ""C"", ""C"", ""C"", ""C"", ""C"", ""C"", ""O"", ""C"", ""C"", ""C"", ""C"", ""C"", ""N"", ""C"", ""C"", ""C"", ""C"", ""C"", ""C"", ""C"", ""C"", ""C"", ""C"", ""C"", ""C"", ""C"", ""C"", ""C"", ""C"", ""C"", ""C"", ""C"", ""C"", ""C"", ""C"", ""C"", ""C"", ""O"", ""C"", ""C"", ""C"", ""H"", ""H"", ""H"", ""H"", ""H"", ""H"", ""H"", ""H"", ""H"", ""H"", ""H"", ""H"", ""H"", ""H"", ""H"", ""H"", ""H"", ""H"", ""H"", ""H"", ""H"", ""H"", ""H"", ""H"", ""H"", ""H"", ""H"", ""H"", ""H"", ""H""]",C40H30N2O2,"[true, true, true]","[14.640327905395027, 0.0, 0.0, -3.485212987500285, 18.29030077414153, 0.0, -2.138276233308322, -1.4451001740224791, 19.474892848416737]",5214.9089233808,[],"{""cutoff=6.000_skin=0.000"": 1882, ""cutoff=6.000_skin=0.500"": 2144}",0.0,,
OPT-RF-U256-ROFA-MIX-R256-v1,c9380bd69d0e1d094657eddf3b59489be4b1936561d28466835006a1e050ca76,OPT-RF-U256-ROFA-MIX-R256-v1:0016,A_corrH_c1_m1_4211_74,2ecdeb4843ccf21a4f7e3e0722501a336726f36d82e7d41757f7e79781e70647,16,cross_family_test_set,rof-a/structures/A_corrH_c1_m1_4211_74.cif,9dafb0152b42ce1e03fed917d398af08abb2419c8152fb6108aa2f31ae4acadd,2ecdeb4843ccf21a4f7e3e0722501a336726f36d82e7d41757f7e79781e70647,0,74,"[""N"", ""C"", ""C"", ""C"", ""C"", ""C"", ""C"", ""C"", ""C"", ""O"", ""C"", ""C"", ""C"", ""C"", ""C"", ""N"", ""C"", ""C"", ""C"", ""C"", ""C"", ""C"", ""C"", ""C"", ""C"", ""C"", ""C"", ""C"", ""C"", ""C"", ""C"", ""C"", ""C"", ""C"", ""C"", ""C"", ""C"", ""C"", ""C"", ""C"", ""O"", ""C"", ""C"", ""C"", ""H"", ""H"", ""H"", ""H"", ""H"", ""H"", ""H"", ""H"", ""H"", ""H"", ""H"", ""H"", ""H"", ""H"", ""H"", ""H"", ""H"", ""H"", ""H"", ""H"", ""H"", ""H"", ""H"", ""H"", ""H"", ""H"", ""H"", ""H"", ""H"", ""H""]",C40H30N2O2,"[true, true, true]","[20.303740277662918, 0.0, 0.0, -10.035200314369149, 18.802360975745547, 0.0, -0.753698234385184, -6.2081947265614295, 25.931774169431485]",9899.668826372577,[],"{""cutoff=6.000_skin=0.000"": 1882, ""cutoff=6.000_skin=0.500"": 2144}",0.0,,
OPT-RF-U256-ROFA-MIX-R256-v1,c9380bd69d0e1d094657eddf3b59489be4b1936561d28466835006a1e050ca76,OPT-RF-U256-ROFA-MIX-R256-v1:0017,A_corrH_c1_m1_4253_74,4d980dc532c488c4ba884bb8f5c55846129dcfe3bf7cbd4ef5baf6c5c1cc986a,17,cross_family_test_set,rof-a/structures/A_corrH_c1_m1_4253_74.cif,866d300fb8513edf45d999c9a5b7204265adebae74319865c27fdabc8ae39ca7,4d980dc532c488c4ba884bb8f5c55846129dcfe3bf7cbd4ef5baf6c5c1cc986a,0,74,"[""N"", ""C"", ""C"", ""C"", ""C"", ""C"", ""C"", ""C"", ""C"", ""O"", ""C"", ""C"", ""C"", ""C"", ""C"", ""N"", ""C"", ""C"", ""C"", ""C"", ""C"", ""C"", ""C"", ""C"", ""C"", ""C"", ""C"", ""C"", ""C"", ""C"", ""C"", ""C"", ""C"", ""C"", ""C"", ""C"", ""C"", ""C"", ""C"", ""C"", ""O"", ""C"", ""C"", ""C"", ""H"", ""H"", ""H"", ""H"", ""H"", ""H"", ""H"", ""H"", ""H"", ""H"", ""H"", ""H"", ""H"", ""H"", ""H"", ""H"", ""H"", ""H"", ""H"", ""H"", ""H"", ""H"", ""H"", ""H"", ""H"", ""H"", ""H"", ""H"", ""H"", ""H""]",C40H30N2O2,"[true, true, true]","[17.91075055017813, 0.0, 0.0, 4.608605406188828, 20.83733345396947, 0.0, 7.713690420535986, 1.2157088129670066, 19.949754971382628]",7445.493570727975,[],"{""cutoff=6.000_skin=0.000"": 1882, ""cutoff=6.000_skin=0.500"": 2144}",0.0,,
OPT-RF-U256-ROFA-MIX-R256-v1,c9380bd69d0e1d094657eddf3b59489be4b1936561d28466835006a1e050ca76,OPT-RF-U256-ROFA-MIX-R256-v1:0018,A_corrH_c1_m1_4354_74,3261939f15ef7b5a920c116d21b826eec287162aa6a4e67bd6f97082e0813edb,18,cross_family_test_set,rof-a/structures/A_corrH_c1_m1_4354_74.cif,b35ca57b09accf11310dc600bffe4aef04b1acd5e9b52fc8160d8d6b4bf98d9e,3261939f15ef7b5a920c116d21b826eec287162aa6a4e67bd6f97082e0813edb,0,74,"[""N"", ""C"", ""C"", ""C"", ""C"", ""C"", ""C"", ""C"", ""C"", ""O"", ""C"", ""C"", ""C"", ""C"", ""C"", ""N"", ""C"", ""C"", ""C"", ""C"", ""C"", ""C"", ""C"", ""C"", ""C"", ""C"", ""C"", ""C"", ""C"", ""C"", ""C"", ""C"", ""C"", ""C"", ""C"", ""C"", ""C"", ""C"", ""C"", ""C"", ""O"", ""C"", ""C"", ""C"", ""H"", ""H"", ""H"", ""H"", ""H"", ""H"", ""H"", ""H"", ""H"", ""H"", ""H"", ""H"", ""H"", ""H"", ""H"", ""H"", ""H"", ""H"", ""H"", ""H"", ""H"", ""H"", ""H"", ""H"", ""H"", ""H"", ""H"", ""H"", ""H"", ""H""]",C40H30N2O2,"[true, true, true]","[18.442874207474727, 0.0, 0.0, 0.6439820399387435, 21.413943550225316, 0.0, 4.616560171684347, 9.137604306499925, 20.754993341956425]",8196.866387886164,[],"{""cutoff=6.000_skin=0.000"": 1882, ""cutoff=6.000_skin=0.500"": 2148}",0.0,,
OPT-RF-U256-ROFA-MIX-R256-v1,c9380bd69d0e1d094657eddf3b59489be4b1936561d28466835006a1e050ca76,OPT-RF-U256-ROFA-MIX-R256-v1:0019,A_corrH_c1_m1_4867_74,04922af36e4003478f49871ccef8ea0a71c353204598bdeb1d205b550c8427a3,19,cross_family_test_set,rof-a/structures/A_corrH_c1_m1_4867_74.cif,4f517e577d38df1d47e09f2492377cfe5489df7b08716133b820bbc4ffe75b7b,04922af36e4003478f49871ccef8ea0a71c353204598bdeb1d205b550c8427a3,0,74,"[""N"", ""C"", ""C"", ""C"", ""C"", ""C"", ""C"", ""C"", ""C"", ""O"", ""C"", ""C"", ""C"", ""C"", ""C"", ""N"", ""C"", ""C"", ""C"", ""C"", ""C"", ""C"", ""C"", ""C"", ""C"", ""C"", ""C"", ""C"", ""C"", ""C"", ""C"", ""C"", ""C"", ""C"", ""C"", ""C"", ""C"", ""C"", ""C"", ""C"", ""O"", ""C"", ""C"", ""C"", ""H"", ""H"", ""H"", ""H"", ""H"", ""H"", ""H"", ""H"", ""H"", ""H"", ""H"", ""H"", ""H"", ""H"", ""H"", ""H"", ""H"", ""H"", ""H"", ""H"", ""H"", ""H"", ""H"", ""H"", ""H"", ""H"", ""H"", ""H"", ""H"", ""H""]",C40H30N2O2,"[true, true, true]","[12.570841246349824, 0.0, 0.0, -1.8291345437123803, 18.536111468010592, 0.0, -1.1526333890488254, -7.614920213774738, 20.606381373793422]",4801.585953250405,[],"{""cutoff=6.000_skin=0.000"": 1882, ""cutoff=6.000_skin=0.500"": 2144}",0.0,,
OPT-RF-U256-ROFA-MIX-R256-v1,c9380bd69d0e1d094657eddf3b59489be4b1936561d28466835006a1e050ca76,OPT-RF-U256-ROFA-MIX-R256-v1:0020,A_corrH_c1_m1_5073_74,c9cb7162445eca663d2a07b667a8448de1b2f3c9d3399daee9dd1e3e26bd883a,20,cross_family_test_set,rof-a/structures/A_corrH_c1_m1_5073_74.cif,ea8f4e0760e936f6b70559fdfe9ae0b282c39e6ea69386f27b4f13c4bd970c56,c9cb7162445eca663d2a07b667a8448de1b2f3c9d3399daee9dd1e3e26bd883a,0,74,"[""N"", ""C"", ""C"", ""C"", ""C"", ""C"", ""C"", ""C"", ""C"", ""O"", ""C"", ""C"", ""C"", ""C"", ""C"", ""N"", ""C"", ""C"", ""C"", ""C"", ""C"", ""C"", ""C"", ""C"", ""C"", ""C"", ""C"", ""C"", ""C"", ""C"", ""C"", ""C"", ""C"", ""C"", ""C"", ""C"", ""C"", ""C"", ""C"", ""C"", ""O"", ""C"", ""C"", ""C"", ""H"", ""H"", ""H"", ""H"", ""H"", ""H"", ""H"", ""H"", ""H"", ""H"", ""H"", ""H"", ""H"", ""H"", ""H"", ""H"", ""H"", ""H"", ""H"", ""H"", ""H"", ""H"", ""H"", ""H"", ""H"", ""H"", ""H"", ""H"", ""H"", ""H""]",C40H30N2O2,"[true, true, true]","[19.551269404816182, 0.0, 0.0, -6.017728614841433, 20.561095144911874, 0.0, -8.589163406820342, -6.532405033708706, 19.64987791068846]",7899.162700716805,[],"{""cutoff=6.000_skin=0.000"": 1882, ""cutoff=6.000_skin=0.500"": 2144}",0.0,,
OPT-RF-U256-ROFA-MIX-R256-v1,c9380bd69d0e1d094657eddf3b59489be4b1936561d28466835006a1e050ca76,OPT-RF-U256-ROFA-MIX-R256-v1:0021,A_corrH_c1_m1_5156_74,d2ead6f6d80e704b286a54a62df028b0740bccd806909d158b6147abf314bf0b,21,cross_family_test_set,rof-a/structures/A_corrH_c1_m1_5156_74.cif,77e38890b7c13e198d0f2b68fe166e82d89d3fdcad7edbff62b41f0dedb31fa2,d2ead6f6d80e704b286a54a62df028b0740bccd806909d158b6147abf314bf0b,0,74,"[""N"", ""C"", ""C"", ""C"", ""C"", ""C"", ""C"", ""C"", ""C"", ""O"", ""C"", ""C"", ""C"", ""C"", ""C"", ""N"", ""C"", ""C"", ""C"", ""C"", ""C"", ""C"", ""C"", ""C"", ""C"", ""C"", ""C"", ""C"", ""C"", ""C"", ""C"", ""C"", ""C"", ""C"", ""C"", ""C"", ""C"", ""C"", ""C"", ""C"", ""O"", ""C"", ""C"", ""C"", ""H"", ""H"", ""H"", ""H"", ""H"", ""H"", ""H"", ""H"", ""H"", ""H"", ""H"", ""H"", ""H"", ""H"", ""H"", ""H"", ""H"", ""H"", ""H"", ""H"", ""H"", ""H"", ""H"", ""H"", ""H"", ""H"", ""H"", ""H"", ""H"", ""H""]",C40H30N2O2,"[true, true, true]","[16.44385015463736, 0.0, 0.0, -2.4806363638762967, 21.27952383090878, 0.0, -6.9588450124141925, -7.570502912468656, 19.806629243457515]",6930.682251482369,[],"{""cutoff=6.000_skin=0.000"": 1882, ""cutoff=6.000_skin=0.500"": 2144}",0.0,,
OPT-RF-U256-ROFA-MIX-R256-v1,c9380bd69d0e1d094657eddf3b59489be4b1936561d28466835006a1e050ca76,OPT-RF-U256-ROFA-MIX-R256-v1:0022,A_corrH_c1_m1_5172_74,3653b977e3ac6d4faced60fd289bdaee7259ef37d16b4978f42349d7e6f9d0ff,22,cross_family_test_set,rof-a/structures/A_corrH_c1_m1_5172_74.cif,767a54c21ea537d95de8e30927b3802701e8edba062d1f744089a08dd18b39c7,3653b977e3ac6d4faced60fd289bdaee7259ef37d16b4978f42349d7e6f9d0ff,0,74,"[""N"", ""C"", ""C"", ""C"", ""C"", ""C"", ""C"", ""C"", ""C"", ""O"", ""C"", ""C"", ""C"", ""C"", ""C"", ""N"", ""C"", ""C"", ""C"", ""C"", ""C"", ""C"", ""C"", ""C"", ""C"", ""C"", ""C"", ""C"", ""C"", ""C"", ""C"", ""C"", ""C"", ""C"", ""C"", ""C"", ""C"", ""C"", ""C"", ""C"", ""O"", ""C"", ""C"", ""C"", ""H"", ""H"", ""H"", ""H"", ""H"", ""H"", ""H"", ""H"", ""H"", ""H"", ""H"", ""H"", ""H"", ""H"", ""H"", ""H"", ""H"", ""H"", ""H"", ""H"", ""H"", ""H"", ""H"", ""H"", ""H"", ""H"", ""H"", ""H"", ""H"", ""H""]",C40H30N2O2,"[true, true, true]","[21.248697036053787, 0.0, 0.0, -4.968733529716532, 20.83946684420383, 0.0, -5.17418002763296, -7.163827686211956, 20.223154452359946]",8955.045708963838,[],"{""cutoff=6.000_skin=0.000"": 1882, ""cutoff=6.000_skin=0.500"": 2144}",0.0,,
OPT-RF-U256-ROFA-MIX-R256-v1,c9380bd69d0e1d094657eddf3b59489be4b1936561d28466835006a1e050ca76,OPT-RF-U256-ROFA-MIX-R256-v1:0023,A_corrH_c1_m1_5460_74,7ecf7b3bcf1de74ef454ebcd915dbddba24dbeb5224b107f1c918363d05a391f,23,cross_family_test_set,rof-a/structures/A_corrH_c1_m1_5460_74.cif,b8b4a2b7fdfab77c436d6de15142e087288d144e877c4224cf09baf45cfd6748,7ecf7b3bcf1de74ef454ebcd915dbddba24dbeb5224b107f1c918363d05a391f,0,74,"[""N"", ""C"", ""C"", ""C"", ""C"", ""C"", ""C"", ""C"", ""C"", ""O"", ""C"", ""C"", ""C"", ""C"", ""C"", ""N"", ""C"", ""C"", ""C"", ""C"", ""C"", ""C"", ""C"", ""C"", ""C"", ""C"", ""C"", ""C"", ""C"", ""C"", ""C"", ""C"", ""C"", ""C"", ""C"", ""C"", ""C"", ""C"", ""C"", ""C"", ""O"", ""C"", ""C"", ""C"", ""H"", ""H"", ""H"", ""H"", ""H"", ""H"", ""H"", ""H"", ""H"", ""H"", ""H"", ""H"", ""H"", ""H"", ""H"", ""H"", ""H"", ""H"", ""H"", ""H"", ""H"", ""H"", ""H"", ""H"", ""H"", ""H"", ""H"", ""H"", ""H"", ""H""]",C40H30N2O2,"[true, true, true]","[13.55102352399933, 0.0, 0.0, -4.79511279841726, 19.552639683828808, 0.0, -4.8489355739818745, -8.32328233258743, 20.2283433856091]",5359.66707700851,[],"{""cutoff=6.000_skin=0.000"": 1882, ""cutoff=6.000_skin=0.500"": 2144}",0.0,,
OPT-RF-U256-ROFA-MIX-R256-v1,c9380bd69d0e1d094657eddf3b59489be4b1936561d28466835006a1e050ca76,OPT-RF-U256-ROFA-MIX-R256-v1:0024,A_corrH_c1_m1_5512_74,4986093d7292074c8f2b14eaea1b95a5e25b8439d995f2b59a520a85e595c063,24,cross_family_test_set,rof-a/structures/A_corrH_c1_m1_5512_74.cif,7f24d75176af5458abc01868772dd287d01f68d2591e61bb74fc924f9413a0e6,4986093d7292074c8f2b14eaea1b95a5e25b8439d995f2b59a520a85e595c063,0,74,"[""N"", ""C"", ""C"", ""C"", ""C"", ""C"", ""C"", ""C"", ""C"", ""O"", ""C"", ""C"", ""C"", ""C"", ""C"", ""N"", ""C"", ""C"", ""C"", ""C"", ""C"", ""C"", ""C"", ""C"", ""C"", ""C"", ""C"", ""C"", ""C"", ""C"", ""C"", ""C"", ""C"", ""C"", ""C"", ""C"", ""C"", ""C"", ""C"", ""C"", ""O"", ""C"", ""C"", ""C"", ""H"", ""H"", ""H"", ""H"", ""H"", ""H"", ""H"", ""H"", ""H"", ""H"", ""H"", ""H"", ""H"", ""H"", ""H"", ""H"", ""H"", ""H"", ""H"", ""H"", ""H"", ""H"", ""H"", ""H"", ""H"", ""H"", ""H"", ""H"", ""H"", ""H""]",C40H30N2O2,"[true, true, true]","[11.118538791330655, 0.0, 0.0, 1.268150304024301, 21.386058216660757, 0.0, 1.9358605578704553, 9.472739616059837, 19.77789612164506]",4702.822115769899,[],"{""cutoff=6.000_skin=0.000"": 1882, ""cutoff=6.000_skin=0.500"": 2144}",0.0,,
OPT-RF-U256-ROFA-MIX-R256-v1,c9380bd69d0e1d094657eddf3b59489be4b1936561d28466835006a1e050ca76,OPT-RF-U256-ROFA-MIX-R256-v1:0025,A_corrH_c1_m1_559_74,e5642eb5029729523c2b8c7d4d0b8016f3e9b7bf9a749298d305175be5f4103f,25,cross_family_test_set,rof-a/structures/A_corrH_c1_m1_559_74.cif,0b9b122459d6f2247ba1a25f2b52f9ef0769bbd24d3128e45950fb6b9cab80e5,e5642eb5029729523c2b8c7d4d0b8016f3e9b7bf9a749298d305175be5f4103f,0,74,"[""N"", ""C"", ""C"", ""C"", ""C"", ""C"", ""C"", ""C"", ""C"", ""O"", ""C"", ""C"", ""C"", ""C"", ""C"", ""N"", ""C"", ""C"", ""C"", ""C"", ""C"", ""C"", ""C"", ""C"", ""C"", ""C"", ""C"", ""C"", ""C"", ""C"", ""C"", ""C"", ""C"", ""C"", ""C"", ""C"", ""C"", ""C"", ""C"", ""C"", ""O"", ""C"", ""C"", ""C"", ""H"", ""H"", ""H"", ""H"", ""H"", ""H"", ""H"", ""H"", ""H"", ""H"", ""H"", ""H"", ""H"", ""H"", ""H"", ""H"", ""H"", ""H"", ""H"", ""H"", ""H"", ""H"", ""H"", ""H"", ""H"", ""H"", ""H"", ""H"", ""H"", ""H""]",C40H30N2O2,"[true, true, true]","[18.82411690940731, 0.0, 0.0, -6.871820806241508, 17.779603738617112, 0.0, -5.981906401556949, -5.014626287025311, 20.878379733322795]",6987.687606723748,[],"{""cutoff=6.000_skin=0.000"": 1882, ""cutoff=6.000_skin=0.500"": 2144}",0.0,,
OPT-RF-U256-ROFA-MIX-R256-v1,c9380bd69d0e1d094657eddf3b59489be4b1936561d28466835006a1e050ca76,OPT-RF-U256-ROFA-MIX-R256-v1:0026,A_corrH_c1_m1_6133_74,2c9d9e39325332ac87c9623a98787bd806fc3b98136ca0edd1503caeb5279934,26,cross_family_test_set,rof-a/structures/A_corrH_c1_m1_6133_74.cif,fb195d244e2893ef0e5292f63b5e33cf63db448a5df08267c95d3e5a8329f6a4,2c9d9e39325332ac87c9623a98787bd806fc3b98136ca0edd1503caeb5279934,0,74,"[""N"", ""C"", ""C"", ""C"", ""C"", ""C"", ""C"", ""C"", ""C"", ""O"", ""C"", ""C"", ""C"", ""C"", ""C"", ""N"", ""C"", ""C"", ""C"", ""C"", ""C"", ""C"", ""C"", ""C"", ""C"", ""C"", ""C"", ""C"", ""C"", ""C"", ""C"", ""C"", ""C"", ""C"", ""C"", ""C"", ""C"", ""C"", ""C"", ""C"", ""O"", ""C"", ""C"", ""C"", ""H"", ""H"", ""H"", ""H"", ""H"", ""H"", ""H"", ""H"", ""H"", ""H"", ""H"", ""H"", ""H"", ""H"", ""H"", ""H"", ""H"", ""H"", ""H"", ""H"", ""H"", ""H"", ""H"", ""H"", ""H"", ""H"", ""H"", ""H"", ""H"", ""H""]",C40H30N2O2,"[true, true, true]","[13.920617073328476, 0.0, 0.0, 2.090795241193694, 17.435721561766933, 0.0, 5.635243630908805, 3.1004869965770654, 19.511823557620215]",4735.831830191293,[],"{""cutoff=6.000_skin=0.000"": 1882, ""cutoff=6.000_skin=0.500"": 2146}",0.0,,
OPT-RF-U256-ROFA-MIX-R256-v1,c9380bd69d0e1d094657eddf3b59489be4b1936561d28466835006a1e050ca76,OPT-RF-U256-ROFA-MIX-R256-v1:0027,A_corrH_c1_m1_6144_74,091a1f03fc73e1637ac2f79a3aacdb50a76db2010ab69c031cd5d5f5b5d9d552,27,cross_family_test_set,rof-a/structures/A_corrH_c1_m1_6144_74.cif,5f5d396956c270aa975aaa83b840d8bc899820bfbae83afad54d78f739590368,091a1f03fc73e1637ac2f79a3aacdb50a76db2010ab69c031cd5d5f5b5d9d552,0,74,"[""N"", ""C"", ""C"", ""C"", ""C"", ""C"", ""C"", ""C"", ""C"", ""O"", ""C"", ""C"", ""C"", ""C"", ""C"", ""N"", ""C"", ""C"", ""C"", ""C"", ""C"", ""C"", ""C"", ""C"", ""C"", ""C"", ""C"", ""C"", ""C"", ""C"", ""C"", ""C"", ""C"", ""C"", ""C"", ""C"", ""C"", ""C"", ""C"", ""C"", ""O"", ""C"", ""C"", ""C"", ""H"", ""H"", ""H"", ""H"", ""H"", ""H"", ""H"", ""H"", ""H"", ""H"", ""H"", ""H"", ""H"", ""H"", ""H"", ""H"", ""H"", ""H"", ""H"", ""H"", ""H"", ""H"", ""H"", ""H"", ""H"", ""H"", ""H"", ""H"", ""H"", ""H""]",C40H30N2O2,"[true, true, true]","[21.42362460556103, 0.0, 0.0, 7.863015379922012, 20.78063193561995, 0.0, 10.149098540970416, 2.949944666924236, 119.07669302970439]",53012.521926102745,[],"{""cutoff=6.000_skin=0.000"": 1882, ""cutoff=6.000_skin=0.500"": 2144}",0.0,,
OPT-RF-U256-ROFA-MIX-R256-v1,c9380bd69d0e1d094657eddf3b59489be4b1936561d28466835006a1e050ca76,OPT-RF-U256-ROFA-MIX-R256-v1:0028,A_corrH_c1_m1_6604_74,f10367c1f652cf8d054f59c9744248610593d5f91069922c0b4c0ccf6cf00b16,28,cross_family_test_set,rof-a/structures/A_corrH_c1_m1_6604_74.cif,8990cd25dbd7cc3c6e8a415725974677c834391c226aa4aa66e4424643eebe07,f10367c1f652cf8d054f59c9744248610593d5f91069922c0b4c0ccf6cf00b16,0,74,"[""N"", ""C"", ""C"", ""C"", ""C"", ""C"", ""C"", ""C"", ""C"", ""O"", ""C"", ""C"", ""C"", ""C"", ""C"", ""N"", ""C"", ""C"", ""C"", ""C"", ""C"", ""C"", ""C"", ""C"", ""C"", ""C"", ""C"", ""C"", ""C"", ""C"", ""C"", ""C"", ""C"", ""C"", ""C"", ""C"", ""C"", ""C"", ""C"", ""C"", ""O"", ""C"", ""C"", ""C"", ""H"", ""H"", ""H"", ""H"", ""H"", ""H"", ""H"", ""H"", ""H"", ""H"", ""H"", ""H"", ""H"", ""H"", ""H"", ""H"", ""H"", ""H"", ""H"", ""H"", ""H"", ""H"", ""H"", ""H"", ""H"", ""H"", ""H"", ""H"", ""H"", ""H""]",C40H30N2O2,"[true, true, true]","[13.603290193624868, 0.0, 0.0, -5.3747476113158, 18.36264614017596, 0.0, -5.225121889883556, -5.697087358220662, 18.8764716710244]",4715.199240907899,[],"{""cutoff=6.000_skin=0.000"": 1882, ""cutoff=6.000_skin=0.500"": 2144}",0.0,,
OPT-RF-U256-ROFA-MIX-R256-v1,c9380bd69d0e1d094657eddf3b59489be4b1936561d28466835006a1e050ca76,OPT-RF-U256-ROFA-MIX-R256-v1:0029,A_corrH_c1_m1_6732_74,276d0a8ce33d4ebaeaa5be44221dc730fde77c01a2e5e8854999ad1e5a891995,29,cross_family_test_set,rof-a/structures/A_corrH_c1_m1_6732_74.cif,1a8e61e717cceb626777f6f0be1fffef6042c4d675fd788402e4db0bcb2c73fe,276d0a8ce33d4ebaeaa5be44221dc730fde77c01a2e5e8854999ad1e5a891995,0,74,"[""N"", ""C"", ""C"", ""C"", ""C"", ""C"", ""C"", ""C"", ""C"", ""O"", ""C"", ""C"", ""C"", ""C"", ""C"", ""N"", ""C"", ""C"", ""C"", ""C"", ""C"", ""C"", ""C"", ""C"", ""C"", ""C"", ""C"", ""C"", ""C"", ""C"", ""C"", ""C"", ""C"", ""C"", ""C"", ""C"", ""C"", ""C"", ""C"", ""C"", ""O"", ""C"", ""C"", ""C"", ""H"", ""H"", ""H"", ""H"", ""H"", ""H"", ""H"", ""H"", ""H"", ""H"", ""H"", ""H"", ""H"", ""H"", ""H"", ""H"", ""H"", ""H"", ""H"", ""H"", ""H"", ""H"", ""H"", ""H"", ""H"", ""H"", ""H"", ""H"", ""H"", ""H""]",C40H30N2O2,"[true, true, true]","[14.481439832614429, 0.0, 0.0, 0.6361171320726382, 21.414178626187923, 0.0, 3.643082293382804, 4.684790198379066, 20.883731151628385]",6476.215009908238,[],"{""cutoff=6.000_skin=0.000"": 1882, ""cutoff=6.000_skin=0.500"": 2144}",0.0,,
OPT-RF-U256-ROFA-MIX-R256-v1,c9380bd69d0e1d094657eddf3b59489be4b1936561d28466835006a1e050ca76,OPT-RF-U256-ROFA-MIX-R256-v1:0030,A_corrH_c1_m1_714_74,6bc7ed622126ea756b495191e0f915950c2184d22b26f567b278c24f3381459f,30,cross_family_test_set,rof-a/structures/A_corrH_c1_m1_714_74.cif,c6ebc5f899f7cb6a4962569890fbfa027abe0cd2767400b629dd8693c3238a9b,6bc7ed622126ea756b495191e0f915950c2184d22b26f567b278c24f3381459f,0,74,"[""N"", ""C"", ""C"", ""C"", ""C"", ""C"", ""C"", ""C"", ""C"", ""O"", ""C"", ""C"", ""C"", ""C"", ""C"", ""N"", ""C"", ""C"", ""C"", ""C"", ""C"", ""C"", ""C"", ""C"", ""C"", ""C"", ""C"", ""C"", ""C"", ""C"", ""C"", ""C"", ""C"", ""C"", ""C"", ""C"", ""C"", ""C"", ""C"", ""C"", ""O"", ""C"", ""C"", ""C"", ""H"", ""H"", ""H"", ""H"", ""H"", ""H"", ""H"", ""H"", ""H"", ""H"", ""H"", ""H"", ""H"", ""H"", ""H"", ""H"", ""H"", ""H"", ""H"", ""H"", ""H"", ""H"", ""H"", ""H"", ""H"", ""H"", ""H"", ""H"", ""H"", ""H""]",C40H30N2O2,"[true, true, true]","[15.805266933162843, 0.0, 0.0, -6.109387081172121, 17.82978379980953, 0.0, -5.135641037287975, -6.406366265212277, 17.43815488399006]",4914.150384020564,[],"{""cutoff=6.000_skin=0.000"": 1882, ""cutoff=6.000_skin=0.500"": 2146}",0.0,,
OPT-RF-U256-ROFA-MIX-R256-v1,c9380bd69d0e1d094657eddf3b59489be4b1936561d28466835006a1e050ca76,OPT-RF-U256-ROFA-MIX-R256-v1:0031,A_corrH_c1_m1_793_74,7eb1c58518b51840f1ffd6f043e50cc0be52325649a1ec762744cf19d7f677bf,31,cross_family_test_set,rof-a/structures/A_corrH_c1_m1_793_74.cif,bfc44f469eba04d5ad5086d3ba384f384c851913dc019ee4748e7a9dae8c59ff,7eb1c58518b51840f1ffd6f043e50cc0be52325649a1ec762744cf19d7f677bf,0,74,"[""N"", ""C"", ""C"", ""C"", ""C"", ""C"", ""C"", ""C"", ""C"", ""O"", ""C"", ""C"", ""C"", ""C"", ""C"", ""N"", ""C"", ""C"", ""C"", ""C"", ""C"", ""C"", ""C"", ""C"", ""C"", ""C"", ""C"", ""C"", ""C"", ""C"", ""C"", ""C"", ""C"", ""C"", ""C"", ""C"", ""C"", ""C"", ""C"", ""C"", ""O"", ""C"", ""C"", ""C"", ""H"", ""H"", ""H"", ""H"", ""H"", ""H"", ""H"", ""H"", ""H"", ""H"", ""H"", ""H"", ""H"", ""H"", ""H"", ""H"", ""H"", ""H"", ""H"", ""H"", ""H"", ""H"", ""H"", ""H"", ""H"", ""H"", ""H"", ""H"", ""H"", ""H""]",C40H30N2O2,"[true, true, true]","[15.857224257117384, 0.0, 0.0, 5.676602652509504, 18.850109680948574, 0.0, 5.561856476005404, 1.9367839418357806, 20.212790516606685]",6041.813631583548,[],"{""cutoff=6.000_skin=0.000"": 1882, ""cutoff=6.000_skin=0.500"": 2144}",0.0,,
OPT-RF-U256-ROFA-MIX-R256-v1,c9380bd69d0e1d094657eddf3b59489be4b1936561d28466835006a1e050ca76,OPT-RF-U256-ROFA-MIX-R256-v1:0032,A_corrH_c1_m1_855_74,6e02133c685f38d1cf5df33f56fe5c0586fe771f424c5bccaf26ee861daf246a,32,cross_family_test_set,rof-a/structures/A_corrH_c1_m1_855_74.cif,ca3cbce56691a40915864e8a8216bff34e443618a7a71f4ea2809da02765232a,6e02133c685f38d1cf5df33f56fe5c0586fe771f424c5bccaf26ee861daf246a,0,74,"[""N"", ""C"", ""C"", ""C"", ""C"", ""C"", ""C"", ""C"", ""C"", ""O"", ""C"", ""C"", ""C"", ""C"", ""C"", ""N"", ""C"", ""C"", ""C"", ""C"", ""C"", ""C"", ""C"", ""C"", ""C"", ""C"", ""C"", ""C"", ""C"", ""C"", ""C"", ""C"", ""C"", ""C"", ""C"", ""C"", ""C"", ""C"", ""C"", ""C"", ""O"", ""C"", ""C"", ""C"", ""H"", ""H"", ""H"", ""H"", ""H"", ""H"", ""H"", ""H"", ""H"", ""H"", ""H"", ""H"", ""H"", ""H"", ""H"", ""H"", ""H"", ""H"", ""H"", ""H"", ""H"", ""H"", ""H"", ""H"", ""H"", ""H"", ""H"", ""H"", ""H"", ""H""]",C40H30N2O2,"[true, true, true]","[17.512968495910044, 0.0, 0.0, 5.881905892244724, 20.60036102389414, 0.0, 1.2842391855743294, 6.385310307847717, 20.81866434656874]",7510.821852353674,[],"{""cutoff=6.000_skin=0.000"": 1882, ""cutoff=6.000_skin=0.500"": 2144}",0.0,,
OPT-RF-U256-ROFA-MIX-R256-v1,c9380bd69d0e1d094657eddf3b59489be4b1936561d28466835006a1e050ca76,OPT-RF-U256-ROFA-MIX-R256-v1:0033,A_corrH_c1_m1_873_74,320e6595735d1623bf05496ee31f32ff7fd230f70e5f1a0b69550d8e8669fce7,33,cross_family_test_set,rof-a/structures/A_corrH_c1_m1_873_74.cif,41c39b2631335d344a973c3af93d89191add627ef6256885623a5f611516f520,320e6595735d1623bf05496ee31f32ff7fd230f70e5f1a0b69550d8e8669fce7,0,74,"[""N"", ""C"", ""C"", ""C"", ""C"", ""C"", ""C"", ""C"", ""C"", ""O"", ""C"", ""C"", ""C"", ""C"", ""C"", ""N"", ""C"", ""C"", ""C"", ""C"", ""C"", ""C"", ""C"", ""C"", ""C"", ""C"", ""C"", ""C"", ""C"", ""C"", ""C"", ""C"", ""C"", ""C"", ""C"", ""C"", ""C"", ""C"", ""C"", ""C"", ""O"", ""C"", ""C"", ""C"", ""H"", ""H"", ""H"", ""H"", ""H"", ""H"", ""H"", ""H"", ""H"", ""H"", ""H"", ""H"", ""H"", ""H"", ""H"", ""H"", ""H"", ""H"", ""H"", ""H"", ""H"", ""H"", ""H"", ""H"", ""H"", ""H"", ""H"", ""H"", ""H"", ""H""]",C40H30N2O2,"[true, true, true]","[18.197985545309386, 0.0, 0.0, -3.311227140670718, 18.46637000524776, 0.0, -2.8001593713102206, -8.327121511622703, 19.539443340738593]",6566.244285005327,[],"{""cutoff=6.000_skin=0.000"": 1882, ""cutoff=6.000_skin=0.500"": 2144}",0.0,,
OPT-RF-U256-ROFA-MIX-R256-v1,c9380bd69d0e1d094657eddf3b59489be4b1936561d28466835006a1e050ca76,OPT-RF-U256-ROFA-MIX-R256-v1:0034,A_corrH_c1_m1_1053_74,c0f6c5634aed7d5c0ddf0f2fd7a1f9d864412efc1b32f677266c25f417be1917,34,cross_family_test_set,rof-a/structures/A_corrH_c1_m1_1053_74.cif,767b976af523f7ec844dfb513456ddf8b04836105fc7e1871b0a5405a507edf0,c0f6c5634aed7d5c0ddf0f2fd7a1f9d864412efc1b32f677266c25f417be1917,0,74,"[""N"", ""C"", ""C"", ""C"", ""C"", ""C"", ""C"", ""C"", ""C"", ""O"", ""C"", ""C"", ""C"", ""C"", ""C"", ""N"", ""C"", ""C"", ""C"", ""C"", ""C"", ""C"", ""C"", ""C"", ""C"", ""C"", ""C"", ""C"", ""C"", ""C"", ""C"", ""C"", ""C"", ""C"", ""C"", ""C"", ""C"", ""C"", ""C"", ""C"", ""O"", ""C"", ""C"", ""C"", ""H"", ""H"", ""H"", ""H"", ""H"", ""H"", ""H"", ""H"", ""H"", ""H"", ""H"", ""H"", ""H"", ""H"", ""H"", ""H"", ""H"", ""H"", ""H"", ""H"", ""H"", ""H"", ""H"", ""H"", ""H"", ""H"", ""H"", ""H"", ""H"", ""H""]",C40H30N2O2,"[true, true, true]","[17.00957901621701, 0.0, 0.0, 1.1478555413765326, 21.190274040617393, 0.0, 8.462686755742132, 7.139794196488729, 18.34060966669245]",6610.6460766968685,[],"{""cutoff=6.000_skin=0.000"": 1884, ""cutoff=6.000_skin=0.500"": 2148}",0.0,,
OPT-RF-U256-ROFA-MIX-R256-v1,c9380bd69d0e1d094657eddf3b59489be4b1936561d28466835006a1e050ca76,OPT-RF-U256-ROFA-MIX-R256-v1:0035,A_corrH_c1_m1_2194_74,50c49272d66e0c0142f385966b09f548d8343128da502ac104224fa91ec9629e,35,cross_family_test_set,rof-a/structures/A_corrH_c1_m1_2194_74.cif,a42178cc0a7ca2c890536e5b76b6baf3b2a8f7188c6fb245a07b7b39291f5cdc,50c49272d66e0c0142f385966b09f548d8343128da502ac104224fa91ec9629e,0,74,"[""N"", ""C"", ""C"", ""C"", ""C"", ""C"", ""C"", ""C"", ""C"", ""O"", ""C"", ""C"", ""C"", ""C"", ""C"", ""N"", ""C"", ""C"", ""C"", ""C"", ""C"", ""C"", ""C"", ""C"", ""C"", ""C"", ""C"", ""C"", ""C"", ""C"", ""C"", ""C"", ""C"", ""C"", ""C"", ""C"", ""C"", ""C"", ""C"", ""C"", ""O"", ""C"", ""C"", ""C"", ""H"", ""H"", ""H"", ""H"", ""H"", ""H"", ""H"", ""H"", ""H"", ""H"", ""H"", ""H"", ""H"", ""H"", ""H"", ""H"", ""H"", ""H"", ""H"", ""H"", ""H"", ""H"", ""H"", ""H"", ""H"", ""H"", ""H"", ""H"", ""H"", ""H""]",C40H30N2O2,"[true, true, true]","[16.34188392495034, 0.0, 0.0, -4.451372095241992, 17.82098256739975, 0.0, -0.9349081882785281, -3.873332515335181, 20.644223880278094]",6012.184879184769,[],"{""cutoff=6.000_skin=0.000"": 1884, ""cutoff=6.000_skin=0.500"": 2154}",0.0,,
OPT-RF-U256-ROFA-MIX-R256-v1,c9380bd69d0e1d094657eddf3b59489be4b1936561d28466835006a1e050ca76,OPT-RF-U256-ROFA-MIX-R256-v1:0036,A_corrH_c1_m1_3708_74,76639ad70432a8189ccca953757695d58d63fc95e1a02d3153298468bc93c038,36,cross_family_test_set,rof-a/structures/A_corrH_c1_m1_3708_74.cif,4b9f100bd5b12e4ae40312e666567cd19fc331ae505dfb7e8360c7e808910727,76639ad70432a8189ccca953757695d58d63fc95e1a02d3153298468bc93c038,0,74,"[""N"", ""C"", ""C"", ""C"", ""C"", ""C"", ""C"", ""C"", ""C"", ""O"", ""C"", ""C"", ""C"", ""C"", ""C"", ""N"", ""C"", ""C"", ""C"", ""C"", ""C"", ""C"", ""C"", ""C"", ""C"", ""C"", ""C"", ""C"", ""C"", ""C"", ""C"", ""C"", ""C"", ""C"", ""C"", ""C"", ""C"", ""C"", ""C"", ""C"", ""O"", ""C"", ""C"", ""C"", ""H"", ""H"", ""H"", ""H"", ""H"", ""H"", ""H"", ""H"", ""H"", ""H"", ""H"", ""H"", ""H"", ""H"", ""H"", ""H"", ""H"", ""H"", ""H"", ""H"", ""H"", ""H"", ""H"", ""H"", ""H"", ""H"", ""H"", ""H"", ""H"", ""H""]",C40H30N2O2,"[true, true, true]","[20.380477771830655, 0.0, 0.0, -1.3536244178500416, 20.930445990532686, 0.0, -7.643301889555799, -1.2561127649241837, 19.97432872931922]",8520.499127454188,[],"{""cutoff=6.000_skin=0.000"": 1884, ""cutoff=6.000_skin=0.500"": 2150}",0.0,,
OPT-RF-U256-ROFA-MIX-R256-v1,c9380bd69d0e1d094657eddf3b59489be4b1936561d28466835006a1e050ca76,OPT-RF-U256-ROFA-MIX-R256-v1:0037,A_corrH_c1_m1_4283_74,5aef013b93198da0a79d306f850b1d39c09d54ec72d4c66c72bea55ce1aa04d1,37,cross_family_test_set,rof-a/structures/A_corrH_c1_m1_4283_74.cif,68f6ea51179cd9daee77e34ae22d55b8f88159cf801f77a9985136f60d0b5e10,5aef013b93198da0a79d306f850b1d39c09d54ec72d4c66c72bea55ce1aa04d1,0,74,"[""N"", ""C"", ""C"", ""C"", ""C"", ""C"", ""C"", ""C"", ""C"", ""O"", ""C"", ""C"", ""C"", ""C"", ""C"", ""N"", ""C"", ""C"", ""C"", ""C"", ""C"", ""C"", ""C"", ""C"", ""C"", ""C"", ""C"", ""C"", ""C"", ""C"", ""C"", ""C"", ""C"", ""C"", ""C"", ""C"", ""C"", ""C"", ""C"", ""C"", ""O"", ""C"", ""C"", ""C"", ""H"", ""H"", ""H"", ""H"", ""H"", ""H"", ""H"", ""H"", ""H"", ""H"", ""H"", ""H"", ""H"", ""H"", ""H"", ""H"", ""H"", ""H"", ""H"", ""H"", ""H"", ""H"", ""H"", ""H"", ""H"", ""H"", ""H"", ""H"", ""H"", ""H""]",C40H30N2O2,"[true, true, true]","[11.66808154274619, 0.0, 0.0, -2.7796120202894907, 20.927851432245994, 0.0, -1.3019347963150012, -4.97958998387952, 20.79616167994929]",5078.170570914693,[],"{""cutoff=6.000_skin=0.000"": 1884, ""cutoff=6.000_skin=0.500"": 2148}",0.0,,
OPT-RF-U256-ROFA-MIX-R256-v1,c9380bd69d0e1d094657eddf3b59489be4b1936561d28466835006a1e050ca76,OPT-RF-U256-ROFA-MIX-R256-v1:0038,A_corrH_c1_m1_5124_74,17744ad7fff3161144c9edd061e1b44537bf161536a5b6562bc8b19363e6cde8,38,cross_family_test_set,rof-a/structures/A_corrH_c1_m1_5124_74.cif,c74a48729479420d9bf43e05ed11eefe3e59d993ef683c243e0c9a30f30d283e,17744ad7fff3161144c9edd061e1b44537bf161536a5b6562bc8b19363e6cde8,0,74,"[""N"", ""C"", ""C"", ""C"", ""C"", ""C"", ""C"", ""C"", ""C"", ""O"", ""C"", ""C"", ""C"", ""C"", ""C"", ""N"", ""C"", ""C"", ""C"", ""C"", ""C"", ""C"", ""C"", ""C"", ""C"", ""C"", ""C"", ""C"", ""C"", ""C"", ""C"", ""C"", ""C"", ""C"", ""C"", ""C"", ""C"", ""C"", ""C"", ""C"", ""O"", ""C"", ""C"", ""C"", ""H"", ""H"", ""H"", ""H"", ""H"", ""H"", ""H"", ""H"", ""H"", ""H"", ""H"", ""H"", ""H"", ""H"", ""H"", ""H"", ""H"", ""H"", ""H"", ""H"", ""H"", ""H"", ""H"", ""H"", ""H"", ""H"", ""H"", ""H"", ""H"", ""H""]",C40H30N2O2,"[true, true, true]","[11.074194002674364, 0.0, 0.0, 4.425311785428767, 18.458995176407694, 0.0, 3.218657081060927, 3.597595950617685, 20.872691278573438]",4266.764110171265,[],"{""cutoff=6.000_skin=0.000"": 1884, ""cutoff=6.000_skin=0.500"": 2164}",0.0,,
OPT-RF-U256-ROFA-MIX-R256-v1,c9380bd69d0e1d094657eddf3b59489be4b1936561d28466835006a1e050ca76,OPT-RF-U256-ROFA-MIX-R256-v1:0039,A_corrH_c1_m1_5601_74,d7fd097c9db41d2b0b0d9d2d5bad4764d07b5ab0275d09f371c09f36211bb074,39,cross_family_test_set,rof-a/structures/A_corrH_c1_m1_5601_74.cif,1080f9f45808cb2533645159d2bacf960b036d42591c2bb4871473e0340d016e,d7fd097c9db41d2b0b0d9d2d5bad4764d07b5ab0275d09f371c09f36211bb074,0,74,"[""N"", ""C"", ""C"", ""C"", ""C"", ""C"", ""C"", ""C"", ""C"", ""O"", ""C"", ""C"", ""C"", ""C"", ""C"", ""N"", ""C"", ""C"", ""C"", ""C"", ""C"", ""C"", ""C"", ""C"", ""C"", ""C"", ""C"", ""C"", ""C"", ""C"", ""C"", ""C"", ""C"", ""C"", ""C"", ""C"", ""C"", ""C"", ""C"", ""C"", ""O"", ""C"", ""C"", ""C"", ""H"", ""H"", ""H"", ""H"", ""H"", ""H"", ""H"", ""H"", ""H"", ""H"", ""H"", ""H"", ""H"", ""H"", ""H"", ""H"", ""H"", ""H"", ""H"", ""H"", ""H"", ""H"", ""H"", ""H"", ""H"", ""H"", ""H"", ""H"", ""H"", ""H""]",C40H30N2O2,"[true, true, true]","[13.749630027036062, 0.0, 0.0, -5.578548650289598, 16.94120695614338, 0.0, -5.585896117636834, -5.244163233463955, 17.761409757274567]",4137.259805038514,[],"{""cutoff=6.000_skin=0.000"": 1884, ""cutoff=6.000_skin=0.500"": 2146}",0.0,,
OPT-RF-U256-ROFA-MIX-R256-v1,c9380bd69d0e1d094657eddf3b59489be4b1936561d28466835006a1e050ca76,OPT-RF-U256-ROFA-MIX-R256-v1:0040,A_corrH_c1_m1_2889_74,01dca7feefa3fa4da66b120de294c8244059ac71baaffbc34c881e0d3cc91ea9,40,cross_family_test_set,rof-a/structures/A_corrH_c1_m1_2889_74.cif,323850e469177ea23deb50ae38f501226506e3c413f03bc34b58e18cbeaa6af8,01dca7feefa3fa4da66b120de294c8244059ac71baaffbc34c881e0d3cc91ea9,0,74,"[""N"", ""C"", ""C"", ""C"", ""C"", ""C"", ""C"", ""C"", ""C"", ""O"", ""C"", ""C"", ""C"", ""C"", ""C"", ""N"", ""C"", ""C"", ""C"", ""C"", ""C"", ""C"", ""C"", ""C"", ""C"", ""C"", ""C"", ""C"", ""C"", ""C"", ""C"", ""C"", ""C"", ""C"", ""C"", ""C"", ""C"", ""C"", ""C"", ""C"", ""O"", ""C"", ""C"", ""C"", ""H"", ""H"", ""H"", ""H"", ""H"", ""H"", ""H"", ""H"", ""H"", ""H"", ""H"", ""H"", ""H"", ""H"", ""H"", ""H"", ""H"", ""H"", ""H"", ""H"", ""H"", ""H"", ""H"", ""H"", ""H"", ""H"", ""H"", ""H"", ""H"", ""H""]",C40H30N2O2,"[true, true, true]","[16.35984845867138, 0.0, 0.0, 2.6531824233644703, 21.258699731365272, 0.0, 7.93059930368209, 6.859074909177283, 20.25725967185903]",7045.254231965005,[],"{""cutoff=6.000_skin=0.000"": 1886, ""cutoff=6.000_skin=0.500"": 2154}",0.0,,
OPT-RF-U256-ROFA-MIX-R256-v1,c9380bd69d0e1d094657eddf3b59489be4b1936561d28466835006a1e050ca76,OPT-RF-U256-ROFA-MIX-R256-v1:0041,A_corrH_c1_m1_4762_74,7985da63362688df31c89cd8c58f3637e76cc02f135001cbfe57e6827de9cff8,41,cross_family_test_set,rof-a/structures/A_corrH_c1_m1_4762_74.cif,663ce66a947cc66d78b31fb732986be12ac8c63120902714932e12bade204d15,7985da63362688df31c89cd8c58f3637e76cc02f135001cbfe57e6827de9cff8,0,74,"[""N"", ""C"", ""C"", ""C"", ""C"", ""C"", ""C"", ""C"", ""C"", ""O"", ""C"", ""C"", ""C"", ""C"", ""C"", ""N"", ""C"", ""C"", ""C"", ""C"", ""C"", ""C"", ""C"", ""C"", ""C"", ""C"", ""C"", ""C"", ""C"", ""C"", ""C"", ""C"", ""C"", ""C"", ""C"", ""C"", ""C"", ""C"", ""C"", ""C"", ""O"", ""C"", ""C"", ""C"", ""H"", ""H"", ""H"", ""H"", ""H"", ""H"", ""H"", ""H"", ""H"", ""H"", ""H"", ""H"", ""H"", ""H"", ""H"", ""H"", ""H"", ""H"", ""H"", ""H"", ""H"", ""H"", ""H"", ""H"", ""H"", ""H"", ""H"", ""H"", ""H"", ""H""]",C40H30N2O2,"[true, true, true]","[16.264791079886415, 0.0, 0.0, 5.366603463731813, 18.44454385239967, 0.0, 5.728593594896031, -1.107309781754229, 20.855449584698096]",6256.565058102277,[],"{""cutoff=6.000_skin=0.000"": 1886, ""cutoff=6.000_skin=0.500"": 2156}",0.0,,
OPT-RF-U256-ROFA-MIX-R256-v1,c9380bd69d0e1d094657eddf3b59489be4b1936561d28466835006a1e050ca76,OPT-RF-U256-ROFA-MIX-R256-v1:0042,A_corrH_c1_m1_510_74,2bb87ed8368c515a051c7a2b377342ec4efa775c40e8ab8e0bb3ba13d55b2d55,42,cross_family_test_set,rof-a/structures/A_corrH_c1_m1_510_74.cif,5ef59904f3f25667690406784ad48e89054ce8288a001440508e8c43986f577d,2bb87ed8368c515a051c7a2b377342ec4efa775c40e8ab8e0bb3ba13d55b2d55,0,74,"[""N"", ""C"", ""C"", ""C"", ""C"", ""C"", ""C"", ""C"", ""C"", ""O"", ""C"", ""C"", ""C"", ""C"", ""C"", ""N"", ""C"", ""C"", ""C"", ""C"", ""C"", ""C"", ""C"", ""C"", ""C"", ""C"", ""C"", ""C"", ""C"", ""C"", ""C"", ""C"", ""C"", ""C"", ""C"", ""C"", ""C"", ""C"", ""C"", ""C"", ""O"", ""C"", ""C"", ""C"", ""H"", ""H"", ""H"", ""H"", ""H"", ""H"", ""H"", ""H"", ""H"", ""H"", ""H"", ""H"", ""H"", ""H"", ""H"", ""H"", ""H"", ""H"", ""H"", ""H"", ""H"", ""H"", ""H"", ""H"", ""H"", ""H"", ""H"", ""H"", ""H"", ""H""]",C40H30N2O2,"[true, true, true]","[16.70666598351852, 0.0, 0.0, -2.955741887601808, 18.055527293952057, 0.0, -3.7198784379253147, -3.8664249159449766, 20.74090051122222]",6256.444181339167,[],"{""cutoff=6.000_skin=0.000"": 1888, ""cutoff=6.000_skin=0.500"": 2156}",0.0,,
OPT-RF-U256-ROFA-MIX-R256-v1,c9380bd69d0e1d094657eddf3b59489be4b1936561d28466835006a1e050ca76,OPT-RF-U256-ROFA-MIX-R256-v1:0043,A_corrH_c1_m1_5908_74,95ec06266eaba92a24b8ffda2de16c58760f9dfe48a0d20ccc41194f7d3fc4f0,43,cross_family_test_set,rof-a/structures/A_corrH_c1_m1_5908_74.cif,15c806e86253f77480e8349e3fb5700f06c539302a52fe62c47096897f528443,95ec06266eaba92a24b8ffda2de16c58760f9dfe48a0d20ccc41194f7d3fc4f0,0,74,"[""N"", ""C"", ""C"", ""C"", ""C"", ""C"", ""C"", ""C"", ""C"", ""O"", ""C"", ""C"", ""C"", ""C"", ""C"", ""N"", ""C"", ""C"", ""C"", ""C"", ""C"", ""C"", ""C"", ""C"", ""C"", ""C"", ""C"", ""C"", ""C"", ""C"", ""C"", ""C"", ""C"", ""C"", ""C"", ""C"", ""C"", ""C"", ""C"", ""C"", ""O"", ""C"", ""C"", ""C"", ""H"", ""H"", ""H"", ""H"", ""H"", ""H"", ""H"", ""H"", ""H"", ""H"", ""H"", ""H"", ""H"", ""H"", ""H"", ""H"", ""H"", ""H"", ""H"", ""H"", ""H"", ""H"", ""H"", ""H"", ""H"", ""H"", ""H"", ""H"", ""H"", ""H""]",C40H30N2O2,"[true, true, true]","[9.890109627739209, 0.0, 0.0, 1.484480359055414, 21.37213160411424, 0.0, 1.1225585935406097, 7.886479493994293, 20.731972803120588]",4382.173576550285,[],"{""cutoff=6.000_skin=0.000"": 1888, ""cutoff=6.000_skin=0.500"": 2160}",0.0,,
OPT-RF-U256-ROFA-MIX-R256-v1,c9380bd69d0e1d094657eddf3b59489be4b1936561d28466835006a1e050ca76,OPT-RF-U256-ROFA-MIX-R256-v1:0044,A_corrH_c1_m1_1227_74,fb92f36f8efb64a94b30f54c1ca8f9e29a150ebe027c1e0a34ae56225d4d46f2,44,cross_family_test_set,rof-a/structures/A_corrH_c1_m1_1227_74.cif,f4569a377203e52e21dfeb0e3ca38d05cae37f1c9879ea386b8d6245aae2b989,fb92f36f8efb64a94b30f54c1ca8f9e29a150ebe027c1e0a34ae56225d4d46f2,0,74,"[""N"", ""C"", ""C"", ""C"", ""C"", ""C"", ""C"", ""C"", ""C"", ""O"", ""C"", ""C"", ""C"", ""C"", ""C"", ""N"", ""C"", ""C"", ""C"", ""C"", ""C"", ""C"", ""C"", ""C"", ""C"", ""C"", ""C"", ""C"", ""C"", ""C"", ""C"", ""C"", ""C"", ""C"", ""C"", ""C"", ""C"", ""C"", ""C"", ""C"", ""O"", ""C"", ""C"", ""C"", ""H"", ""H"", ""H"", ""H"", ""H"", ""H"", ""H"", ""H"", ""H"", ""H"", ""H"", ""H"", ""H"", ""H"", ""H"", ""H"", ""H"", ""H"", ""H"", ""H"", ""H"", ""H"", ""H"", ""H"", ""H"", ""H"", ""H"", ""H"", ""H"", ""H""]",C40H30N2O2,"[true, true, true]","[12.635526185738577, 0.0, 0.0, -0.03959435181344608, 16.25418875398275, 0.0, -6.220366042267548, -3.583452005822737, 20.18508383094234]",4145.6171119070905,[],"{""cutoff=6.000_skin=0.000"": 1890, ""cutoff=6.000_skin=0.500"": 2170}",0.0,,
OPT-RF-U256-ROFA-MIX-R256-v1,c9380bd69d0e1d094657eddf3b59489be4b1936561d28466835006a1e050ca76,OPT-RF-U256-ROFA-MIX-R256-v1:0045,A_corrH_c1_m1_3690_74,d4562dddb5c88576eaba92382bfada0b6419eac54a698ff3a7a02624a7ae9261,45,cross_family_test_set,rof-a/structures/A_corrH_c1_m1_3690_74.cif,e69962180b9e0624bbf74bb303863525b8167687478d52b503497fa83297fcbf,d4562dddb5c88576eaba92382bfada0b6419eac54a698ff3a7a02624a7ae9261,0,74,"[""N"", ""C"", ""C"", ""C"", ""C"", ""C"", ""C"", ""C"", ""C"", ""O"", ""C"", ""C"", ""C"", ""C"", ""C"", ""N"", ""C"", ""C"", ""C"", ""C"", ""C"", ""C"", ""C"", ""C"", ""C"", ""C"", ""C"", ""C"", ""C"", ""C"", ""C"", ""C"", ""C"", ""C"", ""C"", ""C"", ""C"", ""C"", ""C"", ""C"", ""O"", ""C"", ""C"", ""C"", ""H"", ""H"", ""H"", ""H"", ""H"", ""H"", ""H"", ""H"", ""H"", ""H"", ""H"", ""H"", ""H"", ""H"", ""H"", ""H"", ""H"", ""H"", ""H"", ""H"", ""H"", ""H"", ""H"", ""H"", ""H"", ""H"", ""H"", ""H"", ""H"", ""H""]",C40H30N2O2,"[true, true, true]","[18.595030010850515, 0.0, 0.0, -5.103757138001063, 20.806810286930173, 0.0, -6.939488773825476, -7.7565460809480795, 19.71554953541877]",7628.010421767817,[],"{""cutoff=6.000_skin=0.000"": 1890, ""cutoff=6.000_skin=0.500"": 2162}",0.0,,
OPT-RF-U256-ROFA-MIX-R256-v1,c9380bd69d0e1d094657eddf3b59489be4b1936561d28466835006a1e050ca76,OPT-RF-U256-ROFA-MIX-R256-v1:0046,A_corrH_c1_m1_3999_74,a6d86b1292fa766bbb112cdeb2e99c5440683af230b913cebf732683c72e3256,46,cross_family_test_set,rof-a/structures/A_corrH_c1_m1_3999_74.cif,3b0ae3bc0afd9c8567e7008052e11696fc9775c23e4a26a87deee73f0fcb87a9,a6d86b1292fa766bbb112cdeb2e99c5440683af230b913cebf732683c72e3256,0,74,"[""N"", ""C"", ""C"", ""C"", ""C"", ""C"", ""C"", ""C"", ""C"", ""O"", ""C"", ""C"", ""C"", ""C"", ""C"", ""N"", ""C"", ""C"", ""C"", ""C"", ""C"", ""C"", ""C"", ""C"", ""C"", ""C"", ""C"", ""C"", ""C"", ""C"", ""C"", ""C"", ""C"", ""C"", ""C"", ""C"", ""C"", ""C"", ""C"", ""C"", ""O"", ""C"", ""C"", ""C"", ""H"", ""H"", ""H"", ""H"", ""H"", ""H"", ""H"", ""H"", ""H"", ""H"", ""H"", ""H"", ""H"", ""H"", ""H"", ""H"", ""H"", ""H"", ""H"", ""H"", ""H"", ""H"", ""H"", ""H"", ""H"", ""H"", ""H"", ""H"", ""H"", ""H""]",C40H30N2O2,"[true, true, true]","[16.97509462401071, 0.0, 0.0, 6.769329044850234, 19.548049929928894, 0.0, 6.442921657442159, -1.2074799461902095, 20.39613796618397]",6768.0504057480985,[],"{""cutoff=6.000_skin=0.000"": 1890, ""cutoff=6.000_skin=0.500"": 2162}",0.0,,
OPT-RF-U256-ROFA-MIX-R256-v1,c9380bd69d0e1d094657eddf3b59489be4b1936561d28466835006a1e050ca76,OPT-RF-U256-ROFA-MIX-R256-v1:0047,A_corrH_c1_m1_5314_74,45fc5fc4494e6f0cc394dd1f562b88c4540fa94348825ca302fcf045322a0c7e,47,cross_family_test_set,rof-a/structures/A_corrH_c1_m1_5314_74.cif,cfb3c3ea11feb744cf09b002014500753c3b1d52a1ee7071788da55a05577f97,45fc5fc4494e6f0cc394dd1f562b88c4540fa94348825ca302fcf045322a0c7e,0,74,"[""N"", ""C"", ""C"", ""C"", ""C"", ""C"", ""C"", ""C"", ""C"", ""O"", ""C"", ""C"", ""C"", ""C"", ""C"", ""N"", ""C"", ""C"", ""C"", ""C"", ""C"", ""C"", ""C"", ""C"", ""C"", ""C"", ""C"", ""C"", ""C"", ""C"", ""C"", ""C"", ""C"", ""C"", ""C"", ""C"", ""C"", ""C"", ""C"", ""C"", ""O"", ""C"", ""C"", ""C"", ""H"", ""H"", ""H"", ""H"", ""H"", ""H"", ""H"", ""H"", ""H"", ""H"", ""H"", ""H"", ""H"", ""H"", ""H"", ""H"", ""H"", ""H"", ""H"", ""H"", ""H"", ""H"", ""H"", ""H"", ""H"", ""H"", ""H"", ""H"", ""H"", ""H""]",C40H30N2O2,"[true, true, true]","[15.804226709092573, 0.0, 0.0, -3.7093136805508453, 16.59787969255065, 0.0, -2.2529498706712068, -6.75765539502212, 16.287339813899894]",4272.440475235304,[],"{""cutoff=6.000_skin=0.000"": 1890, ""cutoff=6.000_skin=0.500"": 2188}",0.0,,
OPT-RF-U256-ROFA-MIX-R256-v1,c9380bd69d0e1d094657eddf3b59489be4b1936561d28466835006a1e050ca76,OPT-RF-U256-ROFA-MIX-R256-v1:0048,A_corrH_c1_m1_3806_74,fe287d2a23223358ee7246241a90508a154268772381030a885e8ddc064cad61,48,cross_family_test_set,rof-a/structures/A_corrH_c1_m1_3806_74.cif,dad2011e0d4c30bf5af11346ff834650568a7419d5a683349a58ef27b12d86f6,fe287d2a23223358ee7246241a90508a154268772381030a885e8ddc064cad61,0,74,"[""N"", ""C"", ""C"", ""C"", ""C"", ""C"", ""C"", ""C"", ""C"", ""O"", ""C"", ""C"", ""C"", ""C"", ""C"", ""N"", ""C"", ""C"", ""C"", ""C"", ""C"", ""C"", ""C"", ""C"", ""C"", ""C"", ""C"", ""C"", ""C"", ""C"", ""C"", ""C"", ""C"", ""C"", ""C"", ""C"", ""C"", ""C"", ""C"", ""C"", ""O"", ""C"", ""C"", ""C"", ""H"", ""H"", ""H"", ""H"", ""H"", ""H"", ""H"", ""H"", ""H"", ""H"", ""H"", ""H"", ""H"", ""H"", ""H"", ""H"", ""H"", ""H"", ""H"", ""H"", ""H"", ""H"", ""H"", ""H"", ""H"", ""H"", ""H"", ""H"", ""H"", ""H""]",C40H30N2O2,"[true, true, true]","[9.781241040262815, 0.0, 0.0, 0.6917224578562698, 21.412454583286273, 0.0, 1.9621658956307544, 8.265794213264883, 20.847232173225006]",4366.25221877719,[],"{""cutoff=6.000_skin=0.000"": 1892, ""cutoff=6.000_skin=0.500"": 2176}",0.0,,
OPT-RF-U256-ROFA-MIX-R256-v1,c9380bd69d0e1d094657eddf3b59489be4b1936561d28466835006a1e050ca76,OPT-RF-U256-ROFA-MIX-R256-v1:0049,A_corrH_c1_m1_6200_74,85d727ad053527a2a0460917e4d10cbaa4841973cbca2827ae8dc9f177dc9923,49,cross_family_test_set,rof-a/structures/A_corrH_c1_m1_6200_74.cif,4ceeae8e69eaad72dbbfa48b18059684301cb2e653d7f93ea86670eb44ced61c,85d727ad053527a2a0460917e4d10cbaa4841973cbca2827ae8dc9f177dc9923,0,74,"[""N"", ""C"", ""C"", ""C"", ""C"", ""C"", ""C"", ""C"", ""C"", ""O"", ""C"", ""C"", ""C"", ""C"", ""C"", ""N"", ""C"", ""C"", ""C"", ""C"", ""C"", ""C"", ""C"", ""C"", ""C"", ""C"", ""C"", ""C"", ""C"", ""C"", ""C"", ""C"", ""C"", ""C"", ""C"", ""C"", ""C"", ""C"", ""C"", ""C"", ""O"", ""C"", ""C"", ""C"", ""H"", ""H"", ""H"", ""H"", ""H"", ""H"", ""H"", ""H"", ""H"", ""H"", ""H"", ""H"", ""H"", ""H"", ""H"", ""H"", ""H"", ""H"", ""H"", ""H"", ""H"", ""H"", ""H"", ""H"", ""H"", ""H"", ""H"", ""H"", ""H"", ""H""]",C40H30N2O2,"[true, true, true]","[10.08879675464738, 0.0, 0.0, 2.8512693107644824, 20.16407418502129, 0.0, 3.3916119342361855, 1.9905721405428103, 20.867879298344143]",4245.178691178099,[],"{""cutoff=6.000_skin=0.000"": 1892, ""cutoff=6.000_skin=0.500"": 2180}",0.0,,
OPT-RF-U256-ROFA-MIX-R256-v1,c9380bd69d0e1d094657eddf3b59489be4b1936561d28466835006a1e050ca76,OPT-RF-U256-ROFA-MIX-R256-v1:0050,A_corrH_c1_m1_5022_74,04cd4ddab84af937dae10c7c803f2b3088ffc90ad1d319fa604409fd61f70703,50,cross_family_test_set,rof-a/structures/A_corrH_c1_m1_5022_74.cif,5a5209aab9237489b81a580da0f7954812f9d7ee2cfb9e0a3d9c9e7ee2a62775,04cd4ddab84af937dae10c7c803f2b3088ffc90ad1d319fa604409fd61f70703,0,74,"[""N"", ""C"", ""C"", ""C"", ""C"", ""C"", ""C"", ""C"", ""C"", ""O"", ""C"", ""C"", ""C"", ""C"", ""C"", ""N"", ""C"", ""C"", ""C"", ""C"", ""C"", ""C"", ""C"", ""C"", ""C"", ""C"", ""C"", ""C"", ""C"", ""C"", ""C"", ""C"", ""C"", ""C"", ""C"", ""C"", ""C"", ""C"", ""C"", ""C"", ""O"", ""C"", ""C"", ""C"", ""H"", ""H"", ""H"", ""H"", ""H"", ""H"", ""H"", ""H"", ""H"", ""H"", ""H"", ""H"", ""H"", ""H"", ""H"", ""H"", ""H"", ""H"", ""H"", ""H"", ""H"", ""H"", ""H"", ""H"", ""H"", ""H"", ""H"", ""H"", ""H"", ""H""]",C40H30N2O2,"[true, true, true]","[15.57748006451038, 0.0, 0.0, 0.5130932405915405, 15.656769998192159, 0.0, 4.8515995014266755, 5.182996942558428, 17.806283162970686]",4342.8282204899515,[],"{""cutoff=6.000_skin=0.000"": 1894, ""cutoff=6.000_skin=0.500"": 2180}",0.0,,
OPT-RF-U256-ROFA-MIX-R256-v1,c9380bd69d0e1d094657eddf3b59489be4b1936561d28466835006a1e050ca76,OPT-RF-U256-ROFA-MIX-R256-v1:0051,A_corrH_c1_m1_5816_74,1367348de34f4235dc7518552d5581a31438c70dda9013075ccea3d89265e17d,51,cross_family_test_set,rof-a/structures/A_corrH_c1_m1_5816_74.cif,fafe3a12d51299b0d162d633687fdb5eacb4c969590db7c3857334c90d9b45e8,1367348de34f4235dc7518552d5581a31438c70dda9013075ccea3d89265e17d,0,74,"[""N"", ""C"", ""C"", ""C"", ""C"", ""C"", ""C"", ""C"", ""C"", ""O"", ""C"", ""C"", ""C"", ""C"", ""C"", ""N"", ""C"", ""C"", ""C"", ""C"", ""C"", ""C"", ""C"", ""C"", ""C"", ""C"", ""C"", ""C"", ""C"", ""C"", ""C"", ""C"", ""C"", ""C"", ""C"", ""C"", ""C"", ""C"", ""C"", ""C"", ""O"", ""C"", ""C"", ""C"", ""H"", ""H"", ""H"", ""H"", ""H"", ""H"", ""H"", ""H"", ""H"", ""H"", ""H"", ""H"", ""H"", ""H"", ""H"", ""H"", ""H"", ""H"", ""H"", ""H"", ""H"", ""H"", ""H"", ""H"", ""H"", ""H"", ""H"", ""H"", ""H"", ""H""]",C40H30N2O2,"[true, true, true]","[18.449516596878627, 0.0, 0.0, 9.087128479988067, 19.40092232931697, 0.0, 6.995535993065056, 2.5963818036994977, 20.673149454475382]",7399.6982962885995,[],"{""cutoff=6.000_skin=0.000"": 1896, ""cutoff=6.000_skin=0.500"": 2162}",0.0,,
OPT-RF-U256-ROFA-MIX-R256-v1,c9380bd69d0e1d094657eddf3b59489be4b1936561d28466835006a1e050ca76,OPT-RF-U256-ROFA-MIX-R256-v1:0052,A_corrH_c1_m1_2721_74,7df12d4886f2aeb95016b81dbd16c3f680b9b41605d08af3dca307c6b0b995cd,52,cross_family_test_set,rof-a/structures/A_corrH_c1_m1_2721_74.cif,943b91b5e78f1dc77fc4172a5293c1c91a2c5c2496b6251b846b48588feddd9a,7df12d4886f2aeb95016b81dbd16c3f680b9b41605d08af3dca307c6b0b995cd,0,74,"[""N"", ""C"", ""C"", ""C"", ""C"", ""C"", ""C"", ""C"", ""C"", ""O"", ""C"", ""C"", ""C"", ""C"", ""C"", ""N"", ""C"", ""C"", ""C"", ""C"", ""C"", ""C"", ""C"", ""C"", ""C"", ""C"", ""C"", ""C"", ""C"", ""C"", ""C"", ""C"", ""C"", ""C"", ""C"", ""C"", ""C"", ""C"", ""C"", ""C"", ""O"", ""C"", ""C"", ""C"", ""H"", ""H"", ""H"", ""H"", ""H"", ""H"", ""H"", ""H"", ""H"", ""H"", ""H"", ""H"", ""H"", ""H"", ""H"", ""H"", ""H"", ""H"", ""H"", ""H"", ""H"", ""H"", ""H"", ""H"", ""H"", ""H"", ""H"", ""H"", ""H"", ""H""]",C40H30N2O2,"[true, true, true]","[21.42362460556103, 0.0, 0.0, 6.418633892175346, 20.81310792473699, 0.0, 1.7623907768211715, 5.110546247124794, 65.62004755996445]",29259.468096020075,[],"{""cutoff=6.000_skin=0.000"": 1900, ""cutoff=6.000_skin=0.500"": 2170}",0.0,,
OPT-RF-U256-ROFA-MIX-R256-v1,c9380bd69d0e1d094657eddf3b59489be4b1936561d28466835006a1e050ca76,OPT-RF-U256-ROFA-MIX-R256-v1:0053,A_corrH_c1_m1_4814_74,22af59ae9ebb1f273d34f740437c5bd818ce8638c92809050aff262e7604114b,53,cross_family_test_set,rof-a/structures/A_corrH_c1_m1_4814_74.cif,e497193acb632082a23bc94b28944e45d7b7f4b0dfdde7c651b158ee32c3c2d4,22af59ae9ebb1f273d34f740437c5bd818ce8638c92809050aff262e7604114b,0,74,"[""N"", ""C"", ""C"", ""C"", ""C"", ""C"", ""C"", ""C"", ""C"", ""O"", ""C"", ""C"", ""C"", ""C"", ""C"", ""N"", ""C"", ""C"", ""C"", ""C"", ""C"", ""C"", ""C"", ""C"", ""C"", ""C"", ""C"", ""C"", ""C"", ""C"", ""C"", ""C"", ""C"", ""C"", ""C"", ""C"", ""C"", ""C"", ""C"", ""C"", ""O"", ""C"", ""C"", ""C"", ""H"", ""H"", ""H"", ""H"", ""H"", ""H"", ""H"", ""H"", ""H"", ""H"", ""H"", ""H"", ""H"", ""H"", ""H"", ""H"", ""H"", ""H"", ""H"", ""H"", ""H"", ""H"", ""H"", ""H"", ""H"", ""H"", ""H"", ""H"", ""H"", ""H""]",C40H30N2O2,"[true, true, true]","[9.770210273914946, 0.0, 0.0, -4.120781080147022, 20.665324604868967, 0.0, -4.608974068144256, -8.322489851215476, 20.741019734466093]",4187.706603819681,[],"{""cutoff=6.000_skin=0.000"": 1902, ""cutoff=6.000_skin=0.500"": 2184}",0.0,,
OPT-RF-U256-ROFA-MIX-R256-v1,c9380bd69d0e1d094657eddf3b59489be4b1936561d28466835006a1e050ca76,OPT-RF-U256-ROFA-MIX-R256-v1:0054,A_corrH_c1_m1_3900_74,6dcf4b56d9d71c51c4f728c979323bf4ffba99f56d691c74e5b82a237d22236a,54,cross_family_test_set,rof-a/structures/A_corrH_c1_m1_3900_74.cif,5b792cc074f8e7f9d9bc8ca49e82df402e4f7433046781f994988fed9394feec,6dcf4b56d9d71c51c4f728c979323bf4ffba99f56d691c74e5b82a237d22236a,0,74,"[""N"", ""C"", ""C"", ""C"", ""C"", ""C"", ""C"", ""C"", ""C"", ""O"", ""C"", ""C"", ""C"", ""C"", ""C"", ""N"", ""C"", ""C"", ""C"", ""C"", ""C"", ""C"", ""C"", ""C"", ""C"", ""C"", ""C"", ""C"", ""C"", ""C"", ""C"", ""C"", ""C"", ""C"", ""C"", ""C"", ""C"", ""C"", ""C"", ""C"", ""O"", ""C"", ""C"", ""C"", ""H"", ""H"", ""H"", ""H"", ""H"", ""H"", ""H"", ""H"", ""H"", ""H"", ""H"", ""H"", ""H"", ""H"", ""H"", ""H"", ""H"", ""H"", ""H"", ""H"", ""H"", ""H"", ""H"", ""H"", ""H"", ""H"", ""H"", ""H"", ""H"", ""H""]",C40H30N2O2,"[true, true, true]","[20.59880258901824, 0.0, 0.0, 5.084661794585413, 20.811484946410804, 0.0, 4.874501508230204, -1.1057572051155289, 21.72698680472163]",9314.178257285019,[],"{""cutoff=6.000_skin=0.000"": 1906, ""cutoff=6.000_skin=0.500"": 2180}",0.0,,
OPT-RF-U256-ROFA-MIX-R256-v1,c9380bd69d0e1d094657eddf3b59489be4b1936561d28466835006a1e050ca76,OPT-RF-U256-ROFA-MIX-R256-v1:0055,A_corrH_c1_m1_5590_74,d6aa8002c6a077d858f81ab01a64685f8f20b422a197ea86086d542fae3ac63e,55,cross_family_test_set,rof-a/structures/A_corrH_c1_m1_5590_74.cif,7312be740d82cf3b8994dd78a9db5c12b53a7ee3b11343ff508ac736ec9b96d6,d6aa8002c6a077d858f81ab01a64685f8f20b422a197ea86086d542fae3ac63e,0,74,"[""N"", ""C"", ""C"", ""C"", ""C"", ""C"", ""C"", ""C"", ""C"", ""O"", ""C"", ""C"", ""C"", ""C"", ""C"", ""N"", ""C"", ""C"", ""C"", ""C"", ""C"", ""C"", ""C"", ""C"", ""C"", ""C"", ""C"", ""C"", ""C"", ""C"", ""C"", ""C"", ""C"", ""C"", ""C"", ""C"", ""C"", ""C"", ""C"", ""C"", ""O"", ""C"", ""C"", ""C"", ""H"", ""H"", ""H"", ""H"", ""H"", ""H"", ""H"", ""H"", ""H"", ""H"", ""H"", ""H"", ""H"", ""H"", ""H"", ""H"", ""H"", ""H"", ""H"", ""H"", ""H"", ""H"", ""H"", ""H"", ""H"", ""H"", ""H"", ""H"", ""H"", ""H""]",C40H30N2O2,"[true, true, true]","[17.93879986334356, 0.0, 0.0, -4.703898262002368, 19.594770309174404, 0.0, -0.18645255876811148, -5.175886770025743, 20.788148614708366]",7307.172748349767,[],"{""cutoff=6.000_skin=0.000"": 1906, ""cutoff=6.000_skin=0.500"": 2184}",0.0,,
OPT-RF-U256-ROFA-MIX-R256-v1,c9380bd69d0e1d094657eddf3b59489be4b1936561d28466835006a1e050ca76,OPT-RF-U256-ROFA-MIX-R256-v1:0056,A_corrH_c1_m1_766_74,428f8fb3baf57b94cfb018eb7dccc90cd5fbcc377f0a7a72ae0e0cf93e737d57,56,cross_family_test_set,rof-a/structures/A_corrH_c1_m1_766_74.cif,3237dd5dc28cd7468144a1eafb29f66363c63f1a30d7da08845e6ae567989d55,428f8fb3baf57b94cfb018eb7dccc90cd5fbcc377f0a7a72ae0e0cf93e737d57,0,74,"[""N"", ""C"", ""C"", ""C"", ""C"", ""C"", ""C"", ""C"", ""C"", ""O"", ""C"", ""C"", ""C"", ""C"", ""C"", ""N"", ""C"", ""C"", ""C"", ""C"", ""C"", ""C"", ""C"", ""C"", ""C"", ""C"", ""C"", ""C"", ""C"", ""C"", ""C"", ""C"", ""C"", ""C"", ""C"", ""C"", ""C"", ""C"", ""C"", ""C"", ""O"", ""C"", ""C"", ""C"", ""H"", ""H"", ""H"", ""H"", ""H"", ""H"", ""H"", ""H"", ""H"", ""H"", ""H"", ""H"", ""H"", ""H"", ""H"", ""H"", ""H"", ""H"", ""H"", ""H"", ""H"", ""H"", ""H"", ""H"", ""H"", ""H"", ""H"", ""H"", ""H"", ""H""]",C40H30N2O2,"[true, true, true]","[10.347025978887164, 0.0, 0.0, -2.0289037632367806, 19.437511098974614, 0.0, -4.5547648074773495, -8.391508060736133, 19.178331555564636]",3857.1543333629197,[],"{""cutoff=6.000_skin=0.000"": 1912, ""cutoff=6.000_skin=0.500"": 2226}",0.0,,
OPT-RF-U256-ROFA-MIX-R256-v1,c9380bd69d0e1d094657eddf3b59489be4b1936561d28466835006a1e050ca76,OPT-RF-U256-ROFA-MIX-R256-v1:0057,A_corrH_c1_m1_2457_74,244694fb8dddc601acaf6b2e8ebb9df25b0021d143990cb8d4abc21236c76fa8,57,cross_family_test_set,rof-a/structures/A_corrH_c1_m1_2457_74.cif,5fea2ab4afa4440d589363adf1c3d0d6bf284170a9d6c532a9ebe6b24bf323a8,244694fb8dddc601acaf6b2e8ebb9df25b0021d143990cb8d4abc21236c76fa8,0,74,"[""N"", ""C"", ""C"", ""C"", ""C"", ""C"", ""C"", ""C"", ""C"", ""O"", ""C"", ""C"", ""C"", ""C"", ""C"", ""N"", ""C"", ""C"", ""C"", ""C"", ""C"", ""C"", ""C"", ""C"", ""C"", ""C"", ""C"", ""C"", ""C"", ""C"", ""C"", ""C"", ""C"", ""C"", ""C"", ""C"", ""C"", ""C"", ""C"", ""C"", ""O"", ""C"", ""C"", ""C"", ""H"", ""H"", ""H"", ""H"", ""H"", ""H"", ""H"", ""H"", ""H"", ""H"", ""H"", ""H"", ""H"", ""H"", ""H"", ""H"", ""H"", ""H"", ""H"", ""H"", ""H"", ""H"", ""H"", ""H"", ""H"", ""H"", ""H"", ""H"", ""H"", ""H""]",C40H30N2O2,"[true, true, true]","[10.878474366804173, 0.0, 0.0, 3.0212208835617838, 19.067672091541727, 0.0, 3.934707411517418, 8.750563981988432, 18.7535200391562]",3889.989815849188,[],"{""cutoff=6.000_skin=0.000"": 1920, ""cutoff=6.000_skin=0.500"": 2212}",0.0,,
OPT-RF-U256-ROFA-MIX-R256-v1,c9380bd69d0e1d094657eddf3b59489be4b1936561d28466835006a1e050ca76,OPT-RF-U256-ROFA-MIX-R256-v1:0058,A_corrH_c1_m1_3131_74,1cb51e366a83b1446b5c06b8382dd2afa9c533bc963b7c19ff0913badc9e161e,58,cross_family_test_set,rof-a/structures/A_corrH_c1_m1_3131_74.cif,a6999483a5a46013d0663eef253b231a6b418044fd5ee477b358a2124f11a095,1cb51e366a83b1446b5c06b8382dd2afa9c533bc963b7c19ff0913badc9e161e,0,74,"[""N"", ""C"", ""C"", ""C"", ""C"", ""C"", ""C"", ""C"", ""C"", ""O"", ""C"", ""C"", ""C"", ""C"", ""C"", ""N"", ""C"", ""C"", ""C"", ""C"", ""C"", ""C"", ""C"", ""C"", ""C"", ""C"", ""C"", ""C"", ""C"", ""C"", ""C"", ""C"", ""C"", ""C"", ""C"", ""C"", ""C"", ""C"", ""C"", ""C"", ""O"", ""C"", ""C"", ""C"", ""H"", ""H"", ""H"", ""H"", ""H"", ""H"", ""H"", ""H"", ""H"", ""H"", ""H"", ""H"", ""H"", ""H"", ""H"", ""H"", ""H"", ""H"", ""H"", ""H"", ""H"", ""H"", ""H"", ""H"", ""H"", ""H"", ""H"", ""H"", ""H"", ""H""]",C40H30N2O2,"[true, true, true]","[9.400089790121273, 0.0, 0.0, 1.602432280370197, 19.126470695930724, 0.0, 2.0429062782126164, 7.855501857716571, 19.82648016521972]",3564.613613070186,[],"{""cutoff=6.000_skin=0.000"": 1934, ""cutoff=6.000_skin=0.500"": 2274}",0.0,,
OPT-RF-U256-ROFA-MIX-R256-v1,c9380bd69d0e1d094657eddf3b59489be4b1936561d28466835006a1e050ca76,OPT-RF-U256-ROFA-MIX-R256-v1:0059,A_corrH_c1_m1_6952_74,2ae8c1cc3b440e599ee1523d49f2908fd10684a560130e9179e1bca2f097c32a,59,cross_family_test_set,rof-a/structures/A_corrH_c1_m1_6952_74.cif,c5de18d6d470fbfde2372751d1cae8f705c17a9ada9876ba7f739c7e78c21729,2ae8c1cc3b440e599ee1523d49f2908fd10684a560130e9179e1bca2f097c32a,0,74,"[""N"", ""C"", ""C"", ""C"", ""C"", ""C"", ""C"", ""C"", ""C"", ""O"", ""C"", ""C"", ""C"", ""C"", ""C"", ""N"", ""C"", ""C"", ""C"", ""C"", ""C"", ""C"", ""C"", ""C"", ""C"", ""C"", ""C"", ""C"", ""C"", ""C"", ""C"", ""C"", ""C"", ""C"", ""C"", ""C"", ""C"", ""C"", ""C"", ""C"", ""O"", ""C"", ""C"", ""C"", ""H"", ""H"", ""H"", ""H"", ""H"", ""H"", ""H"", ""H"", ""H"", ""H"", ""H"", ""H"", ""H"", ""H"", ""H"", ""H"", ""H"", ""H"", ""H"", ""H"", ""H"", ""H"", ""H"", ""H"", ""H"", ""H"", ""H"", ""H"", ""H"", ""H""]",C40H30N2O2,"[true, true, true]","[15.886077999371862, 0.0, 0.0, -1.4463049647925152, 15.82607487502303, 0.0, -1.9459837653633283, -7.79476489151583, 15.893295598847576]",3995.8011501736605,[],"{""cutoff=6.000_skin=0.000"": 1936, ""cutoff=6.000_skin=0.500"": 2254}",0.0,,
OPT-RF-U256-ROFA-MIX-R256-v1,c9380bd69d0e1d094657eddf3b59489be4b1936561d28466835006a1e050ca76,OPT-RF-U256-ROFA-MIX-R256-v1:0060,A_corrH_c1_m1_5346_74,b2cbac424de388eeea1f1dde9e605b10d4d8f9849929b9a285a4bf1119495efe,60,cross_family_test_set,rof-a/structures/A_corrH_c1_m1_5346_74.cif,1c04fc4b0f83b8ef7b1f2791f3999444802292559e74bfc9cdfb04367a8538e4,b2cbac424de388eeea1f1dde9e605b10d4d8f9849929b9a285a4bf1119495efe,0,74,"[""N"", ""C"", ""C"", ""C"", ""C"", ""C"", ""C"", ""C"", ""C"", ""O"", ""C"", ""C"", ""C"", ""C"", ""C"", ""N"", ""C"", ""C"", ""C"", ""C"", ""C"", ""C"", ""C"", ""C"", ""C"", ""C"", ""C"", ""C"", ""C"", ""C"", ""C"", ""C"", ""C"", ""C"", ""C"", ""C"", ""C"", ""C"", ""C"", ""C"", ""O"", ""C"", ""C"", ""C"", ""H"", ""H"", ""H"", ""H"", ""H"", ""H"", ""H"", ""H"", ""H"", ""H"", ""H"", ""H"", ""H"", ""H"", ""H"", ""H"", ""H"", ""H"", ""H"", ""H"", ""H"", ""H"", ""H"", ""H"", ""H"", ""H"", ""H"", ""H"", ""H"", ""H""]",C40H30N2O2,"[true, true, true]","[13.123369475355421, 0.0, 0.0, -1.610778294992295, 15.17060550855523, 0.0, -2.0237143068795387, -2.7124505338748626, 18.122140008349138]",3607.9270910251303,[],"{""cutoff=6.000_skin=0.000"": 1952, ""cutoff=6.000_skin=0.500"": 2280}",0.0,,
OPT-RF-U256-ROFA-MIX-R256-v1,c9380bd69d0e1d094657eddf3b59489be4b1936561d28466835006a1e050ca76,OPT-RF-U256-ROFA-MIX-R256-v1:0061,A_corrH_c1_m1_562_74,c7ec0bbfdec89c72531ccb5382c1d4a06f9e11a88f843555b5f627a64580c6da,61,cross_family_test_set,rof-a/structures/A_corrH_c1_m1_562_74.cif,614270642b6bc6c786d2169219e97951fd1257d0dd48c9c9ad95315e5ae7ccd9,c7ec0bbfdec89c72531ccb5382c1d4a06f9e11a88f843555b5f627a64580c6da,0,74,"[""N"", ""C"", ""C"", ""C"", ""C"", ""C"", ""C"", ""C"", ""C"", ""O"", ""C"", ""C"", ""C"", ""C"", ""C"", ""N"", ""C"", ""C"", ""C"", ""C"", ""C"", ""C"", ""C"", ""C"", ""C"", ""C"", ""C"", ""C"", ""C"", ""C"", ""C"", ""C"", ""C"", ""C"", ""C"", ""C"", ""C"", ""C"", ""C"", ""C"", ""O"", ""C"", ""C"", ""C"", ""H"", ""H"", ""H"", ""H"", ""H"", ""H"", ""H"", ""H"", ""H"", ""H"", ""H"", ""H"", ""H"", ""H"", ""H"", ""H"", ""H"", ""H"", ""H"", ""H"", ""H"", ""H"", ""H"", ""H"", ""H"", ""H"", ""H"", ""H"", ""H"", ""H""]",C40H30N2O2,"[true, true, true]","[12.144976687825235, 0.0, 0.0, 1.054446541464032, 14.858488653788902, 0.0, 3.199804282822783, 2.5917586594229607, 19.29347995920095]",3481.6241870385716,[],"{""cutoff=6.000_skin=0.000"": 1974, ""cutoff=6.000_skin=0.500"": 2296}",0.0,,
OPT-RF-U256-ROFA-MIX-R256-v1,c9380bd69d0e1d094657eddf3b59489be4b1936561d28466835006a1e050ca76,OPT-RF-U256-ROFA-MIX-R256-v1:0062,A_corrH_c1_m1_1546_74,7a2fcbd76bc41b29a44f7bd8b2ab71288e9c0463674f39abea33587d6538fbdc,62,cross_family_test_set,rof-a/structures/A_corrH_c1_m1_1546_74.cif,08bb651a987004c690601ec1607d84335203380589cf1d15283b0564082d0ccb,7a2fcbd76bc41b29a44f7bd8b2ab71288e9c0463674f39abea33587d6538fbdc,0,74,"[""N"", ""C"", ""C"", ""C"", ""C"", ""C"", ""C"", ""C"", ""C"", ""O"", ""C"", ""C"", ""C"", ""C"", ""C"", ""N"", ""C"", ""C"", ""C"", ""C"", ""C"", ""C"", ""C"", ""C"", ""C"", ""C"", ""C"", ""C"", ""C"", ""C"", ""C"", ""C"", ""C"", ""C"", ""C"", ""C"", ""C"", ""C"", ""C"", ""C"", ""O"", ""C"", ""C"", ""C"", ""H"", ""H"", ""H"", ""H"", ""H"", ""H"", ""H"", ""H"", ""H"", ""H"", ""H"", ""H"", ""H"", ""H"", ""H"", ""H"", ""H"", ""H"", ""H"", ""H"", ""H"", ""H"", ""H"", ""H"", ""H"", ""H"", ""H"", ""H"", ""H"", ""H""]",C40H30N2O2,"[true, true, true]","[8.891410992753405, 0.0, 0.0, 0.03778211343538482, 19.47411619849257, 0.0, 0.6183155001559696, 0.8095553909716298, 20.751903360977863]",3593.241266425641,[],"{""cutoff=6.000_skin=0.000"": 1986, ""cutoff=6.000_skin=0.500"": 2350}",0.0,,
OPT-RF-U256-ROFA-MIX-R256-v1,c9380bd69d0e1d094657eddf3b59489be4b1936561d28466835006a1e050ca76,OPT-RF-U256-ROFA-MIX-R256-v1:0063,A_corrH_c1_m1_4036_74,e8a619e351341484f5445966d24aede7c62ee1157c40f61a81702c463bfcefe1,63,cross_family_test_set,rof-a/structures/A_corrH_c1_m1_4036_74.cif,1a43bc0508dec9754e731abc33cb329f65ee7d9e88a86826c3d69d8fdb15edf1,e8a619e351341484f5445966d24aede7c62ee1157c40f61a81702c463bfcefe1,0,74,"[""N"", ""C"", ""C"", ""C"", ""C"", ""C"", ""C"", ""C"", ""C"", ""O"", ""C"", ""C"", ""C"", ""C"", ""C"", ""N"", ""C"", ""C"", ""C"", ""C"", ""C"", ""C"", ""C"", ""C"", ""C"", ""C"", ""C"", ""C"", ""C"", ""C"", ""C"", ""C"", ""C"", ""C"", ""C"", ""C"", ""C"", ""C"", ""C"", ""C"", ""O"", ""C"", ""C"", ""C"", ""H"", ""H"", ""H"", ""H"", ""H"", ""H"", ""H"", ""H"", ""H"", ""H"", ""H"", ""H"", ""H"", ""H"", ""H"", ""H"", ""H"", ""H"", ""H"", ""H"", ""H"", ""H"", ""H"", ""H"", ""H"", ""H"", ""H"", ""H"", ""H"", ""H""]",C40H30N2O2,"[true, true, true]","[9.84514464230412, 0.0, 0.0, 1.8634626261368252, 17.941020235020417, 0.0, 0.09169760771370067, 4.840966118545849, 20.76536916364219]",3667.827424497513,[],"{""cutoff=6.000_skin=0.000"": 2010, ""cutoff=6.000_skin=0.500"": 2368}",0.0,,
OPT-RF-U256-ROFA-MIX-R256-v1,c9380bd69d0e1d094657eddf3b59489be4b1936561d28466835006a1e050ca76,OPT-RF-U256-ROFA-MIX-R256-v1:0064,A_corrH_c2_m11_19746_148,457fb03d6a0adf892122b3805268d92ed75d7713a4142fea122d21e549242b84,64,cross_family_test_set,rof-a/structures/A_corrH_c2_m11_19746_148.cif,d4a8c2bfd00c0166c9e779886d8d40b5bcac7debdf3dd3df150f28d6b9ec138c,457fb03d6a0adf892122b3805268d92ed75d7713a4142fea122d21e549242b84,0,148,"[""N"", ""C"", ""C"", ""C"", ""C"", ""C"", ""C"", ""C"", ""C"", ""O"", ""C"", ""C"", ""C"", ""C"", ""C"", ""N"", ""C"", ""C"", ""C"", ""C"", ""C"", ""C"", ""C"", ""C"", ""C"", ""C"", ""C"", ""C"", ""C"", ""C"", ""C"", ""C"", ""C"", ""C"", ""C"", ""C"", ""C"", ""C"", ""C"", ""C"", ""O"", ""C"", ""C"", ""C"", ""H"", ""H"", ""H"", ""H"", ""H"", ""H"", ""H"", ""H"", ""H"", ""H"", ""H"", ""H"", ""H"", ""H"", ""H"", ""H"", ""H"", ""H"", ""H"", ""H"", ""H"", ""H"", ""H"", ""H"", ""H"", ""H"", ""H"", ""H"", ""H"", ""H"", ""N"", ""C"", ""C"", ""C"", ""C"", ""C"", ""C"", ""C"", ""C"", ""O"", ""C"", ""C"", ""C"", ""C"", ""C"", ""N"", ""C"", ""C"", ""C"", ""C"", ""C"", ""C"", ""C"", ""C"", ""C"", ""C"", ""C"", ""C"", ""C"", ""C"", ""C"", ""C"", ""C"", ""C"", ""C"", ""C"", ""C"", ""C"", ""C"", ""C"", ""O"", ""C"", ""C"", ""C"", ""H"", ""H"", ""H"", ""H"", ""H"", ""H"", ""H"", ""H"", ""H"", ""H"", ""H"", ""H"", ""H"", ""H"", ""H"", ""H"", ""H"", ""H"", ""H"", ""H"", ""H"", ""H"", ""H"", ""H"", ""H"", ""H"", ""H"", ""H"", ""H"", ""H""]",C80H60N4O4,"[true, true, true]","[20.821492406348973, 0.0, 0.0, 9.02819760279007, 19.4284157687902, 0.0, 3.147815701118257, 0.6976931046414852, 117.82628349631536]",47664.10284886379,[],"{""cutoff=6.000_skin=0.000"": 3792, ""cutoff=6.000_skin=0.500"": 4326}",0.0,,
OPT-RF-U256-ROFA-MIX-R256-v1,c9380bd69d0e1d094657eddf3b59489be4b1936561d28466835006a1e050ca76,OPT-RF-U256-ROFA-MIX-R256-v1:0065,A_corrH_c1-1_m1-1_7289_148,0d66805c5426b280e3d1da2c4a99cbfaec0acef4c89d45ddaa3fb44be2255779,65,cross_family_test_set,rof-a/structures/A_corrH_c1-1_m1-1_7289_148.cif,bd26d97237e9c3683260512f7bb88b50a6918f6cff20b6c18540487f6469a598,0d66805c5426b280e3d1da2c4a99cbfaec0acef4c89d45ddaa3fb44be2255779,0,148,"[""N"", ""C"", ""C"", ""C"", ""C"", ""C"", ""C"", ""C"", ""C"", ""O"", ""C"", ""C"", ""C"", ""C"", ""C"", ""N"", ""C"", ""C"", ""C"", ""C"", ""C"", ""C"", ""C"", ""C"", ""C"", ""C"", ""C"", ""C"", ""C"", ""C"", ""C"", ""C"", ""C"", ""C"", ""C"", ""C"", ""C"", ""C"", ""C"", ""C"", ""O"", ""C"", ""C"", ""C"", ""H"", ""H"", ""H"", ""H"", ""H"", ""H"", ""H"", ""H"", ""H"", ""H"", ""H"", ""H"", ""H"", ""H"", ""H"", ""H"", ""H"", ""H"", ""H"", ""H"", ""H"", ""H"", ""H"", ""H"", ""H"", ""H"", ""H"", ""H"", ""H"", ""H"", ""N"", ""C"", ""C"", ""C"", ""C"", ""C"", ""C"", ""C"", ""C"", ""O"", ""C"", ""C"", ""C"", ""C"", ""C"", ""N"", ""C"", ""C"", ""C"", ""C"", ""C"", ""C"", ""C"", ""C"", ""C"", ""C"", ""C"", ""C"", ""C"", ""C"", ""C"", ""C"", ""C"", ""C"", ""C"", ""C"", ""C"", ""C"", ""C"", ""C"", ""O"", ""C"", ""C"", ""C"", ""H"", ""H"", ""H"", ""H"", ""H"", ""H"", ""H"", ""H"", ""H"", ""H"", ""H"", ""H"", ""H"", ""H"", ""H"", ""H"", ""H"", ""H"", ""H"", ""H"", ""H"", ""H"", ""H"", ""H"", ""H"", ""H"", ""H"", ""H"", ""H"", ""H""]",C80H60N4O4,"[true, true, true]","[18.006962304062743, 0.0, 0.0, 9.003481152031371, 19.439882159751274, 0.0, 8.917481637268258, 2.338254276688398, 30.073196636785255]",10527.219476165743,[],"{""cutoff=6.000_skin=0.000"": 3822, ""cutoff=6.000_skin=0.500"": 4364}",0.0,,
OPT-RF-U256-ROFA-MIX-R256-v1,c9380bd69d0e1d094657eddf3b59489be4b1936561d28466835006a1e050ca76,OPT-RF-U256-ROFA-MIX-R256-v1:0066,A_corrH_c2_m11_7976_148,ffe90718655578411a122a07bca61ac1c9890a8e56e10cbe79d973db61ab0aed,66,cross_family_test_set,rof-a/structures/A_corrH_c2_m11_7976_148.cif,af009aecd2d185c15395ac4bc78d35ede09d04aa6e00b2f9309a7ae88c716b82,ffe90718655578411a122a07bca61ac1c9890a8e56e10cbe79d973db61ab0aed,0,148,"[""N"", ""C"", ""C"", ""C"", ""C"", ""C"", ""C"", ""C"", ""C"", ""O"", ""C"", ""C"", ""C"", ""C"", ""C"", ""N"", ""C"", ""C"", ""C"", ""C"", ""C"", ""C"", ""C"", ""C"", ""C"", ""C"", ""C"", ""C"", ""C"", ""C"", ""C"", ""C"", ""C"", ""C"", ""C"", ""C"", ""C"", ""C"", ""C"", ""C"", ""O"", ""C"", ""C"", ""C"", ""H"", ""H"", ""H"", ""H"", ""H"", ""H"", ""H"", ""H"", ""H"", ""H"", ""H"", ""H"", ""H"", ""H"", ""H"", ""H"", ""H"", ""H"", ""H"", ""H"", ""H"", ""H"", ""H"", ""H"", ""H"", ""H"", ""H"", ""H"", ""H"", ""H"", ""N"", ""C"", ""C"", ""C"", ""C"", ""C"", ""C"", ""C"", ""C"", ""O"", ""C"", ""C"", ""C"", ""C"", ""C"", ""N"", ""C"", ""C"", ""C"", ""C"", ""C"", ""C"", ""C"", ""C"", ""C"", ""C"", ""C"", ""C"", ""C"", ""C"", ""C"", ""C"", ""C"", ""C"", ""C"", ""C"", ""C"", ""C"", ""C"", ""C"", ""O"", ""C"", ""C"", ""C"", ""H"", ""H"", ""H"", ""H"", ""H"", ""H"", ""H"", ""H"", ""H"", ""H"", ""H"", ""H"", ""H"", ""H"", ""H"", ""H"", ""H"", ""H"", ""H"", ""H"", ""H"", ""H"", ""H"", ""H"", ""H"", ""H"", ""H"", ""H"", ""H"", ""H""]",C80H60N4O4,"[true, true, true]","[21.42362460556103, 0.0, 0.0, 8.79768685788677, 22.36840744596107, 0.0, 5.419855942896592, 0.36054108657838196, 31.92417363001138]",15298.458718661317,[],"{""cutoff=6.000_skin=0.000"": 3826, ""cutoff=6.000_skin=0.500"": 4384}",0.0,,
OPT-RF-U256-ROFA-MIX-R256-v1,c9380bd69d0e1d094657eddf3b59489be4b1936561d28466835006a1e050ca76,OPT-RF-U256-ROFA-MIX-R256-v1:0067,A_corrH_c2_m11_28034_148,378c18a79ffc5d5ff47d0ffeca9f7a2450a392437e541cec3918c0c4388e65dc,67,cross_family_test_set,rof-a/structures/A_corrH_c2_m11_28034_148.cif,285e82db63acba268dd0d3fa06e8576807c36a577271ddf133f07ea1333d8d66,378c18a79ffc5d5ff47d0ffeca9f7a2450a392437e541cec3918c0c4388e65dc,0,148,"[""N"", ""C"", ""C"", ""C"", ""C"", ""C"", ""C"", ""C"", ""C"", ""O"", ""C"", ""C"", ""C"", ""C"", ""C"", ""N"", ""C"", ""C"", ""C"", ""C"", ""C"", ""C"", ""C"", ""C"", ""C"", ""C"", ""C"", ""C"", ""C"", ""C"", ""C"", ""C"", ""C"", ""C"", ""C"", ""C"", ""C"", ""C"", ""C"", ""C"", ""O"", ""C"", ""C"", ""C"", ""H"", ""H"", ""H"", ""H"", ""H"", ""H"", ""H"", ""H"", ""H"", ""H"", ""H"", ""H"", ""H"", ""H"", ""H"", ""H"", ""H"", ""H"", ""H"", ""H"", ""H"", ""H"", ""H"", ""H"", ""H"", ""H"", ""H"", ""H"", ""H"", ""H"", ""N"", ""C"", ""C"", ""C"", ""C"", ""C"", ""C"", ""C"", ""C"", ""O"", ""C"", ""C"", ""C"", ""C"", ""C"", ""N"", ""C"", ""C"", ""C"", ""C"", ""C"", ""C"", ""C"", ""C"", ""C"", ""C"", ""C"", ""C"", ""C"", ""C"", ""C"", ""C"", ""C"", ""C"", ""C"", ""C"", ""C"", ""C"", ""C"", ""C"", ""O"", ""C"", ""C"", ""C"", ""H"", ""H"", ""H"", ""H"", ""H"", ""H"", ""H"", ""H"", ""H"", ""H"", ""H"", ""H"", ""H"", ""H"", ""H"", ""H"", ""H"", ""H"", ""H"", ""H"", ""H"", ""H"", ""H"", ""H"", ""H"", ""H"", ""H"", ""H"", ""H"", ""H""]",C80H60N4O4,"[true, true, true]","[21.42362460556103, 0.0, 0.0, 8.476453507231792, 24.90949621771062, 0.0, 7.956328881167564, 10.540200445107656, 23.317280831144878]",12443.306463557832,[],"{""cutoff=6.000_skin=0.000"": 3832, ""cutoff=6.000_skin=0.500"": 4400}",0.0,,
OPT-RF-U256-ROFA-MIX-R256-v1,c9380bd69d0e1d094657eddf3b59489be4b1936561d28466835006a1e050ca76,OPT-RF-U256-ROFA-MIX-R256-v1:0068,A_corrH_c2_m11_14881_148,d5a24ee49cbdd8dab6b019ed3704371ccac0dc33dfbae8c64f70d59309482127,68,cross_family_test_set,rof-a/structures/A_corrH_c2_m11_14881_148.cif,3bd04879e7e243421deab3ea2a5a4f9eefaf1d375b1eb91975bf1a35f08ed982,d5a24ee49cbdd8dab6b019ed3704371ccac0dc33dfbae8c64f70d59309482127,0,148,"[""N"", ""C"", ""C"", ""C"", ""C"", ""C"", ""C"", ""C"", ""C"", ""O"", ""C"", ""C"", ""C"", ""C"", ""C"", ""N"", ""C"", ""C"", ""C"", ""C"", ""C"", ""C"", ""C"", ""C"", ""C"", ""C"", ""C"", ""C"", ""C"", ""C"", ""C"", ""C"", ""C"", ""C"", ""C"", ""C"", ""C"", ""C"", ""C"", ""C"", ""O"", ""C"", ""C"", ""C"", ""H"", ""H"", ""H"", ""H"", ""H"", ""H"", ""H"", ""H"", ""H"", ""H"", ""H"", ""H"", ""H"", ""H"", ""H"", ""H"", ""H"", ""H"", ""H"", ""H"", ""H"", ""H"", ""H"", ""H"", ""H"", ""H"", ""H"", ""H"", ""H"", ""H"", ""N"", ""C"", ""C"", ""C"", ""C"", ""C"", ""C"", ""C"", ""C"", ""O"", ""C"", ""C"", ""C"", ""C"", ""C"", ""N"", ""C"", ""C"", ""C"", ""C"", ""C"", ""C"", ""C"", ""C"", ""C"", ""C"", ""C"", ""C"", ""C"", ""C"", ""C"", ""C"", ""C"", ""C"", ""C"", ""C"", ""C"", ""C"", ""C"", ""C"", ""O"", ""C"", ""C"", ""C"", ""H"", ""H"", ""H"", ""H"", ""H"", ""H"", ""H"", ""H"", ""H"", ""H"", ""H"", ""H"", ""H"", ""H"", ""H"", ""H"", ""H"", ""H"", ""H"", ""H"", ""H"", ""H"", ""H"", ""H"", ""H"", ""H"", ""H"", ""H"", ""H"", ""H""]",C80H60N4O4,"[true, true, true]","[21.42362460556103, 0.0, 0.0, -8.290327187913682, 24.580386810537938, 0.0, -3.2151197324977954, -13.839932313132788, 37.834327786385906]",19923.594078164715,[],"{""cutoff=6.000_skin=0.000"": 3834, ""cutoff=6.000_skin=0.500"": 4398}",0.0,,
OPT-RF-U256-ROFA-MIX-R256-v1,c9380bd69d0e1d094657eddf3b59489be4b1936561d28466835006a1e050ca76,OPT-RF-U256-ROFA-MIX-R256-v1:0069,A_corrH_c1-1_m1-1_1284_148,e1f64da16a85daf92ab511f41e603a66ff737d3ac567fe48a0a580ab0e653bb8,69,cross_family_test_set,rof-a/structures/A_corrH_c1-1_m1-1_1284_148.cif,fcdd4a4277f869ebdd3dc9524c8d21a9ae11c43ff4469dbad3d4f537da4a8804,e1f64da16a85daf92ab511f41e603a66ff737d3ac567fe48a0a580ab0e653bb8,0,148,"[""N"", ""C"", ""C"", ""C"", ""C"", ""C"", ""C"", ""C"", ""C"", ""O"", ""C"", ""C"", ""C"", ""C"", ""C"", ""N"", ""C"", ""C"", ""C"", ""C"", ""C"", ""C"", ""C"", ""C"", ""C"", ""C"", ""C"", ""C"", ""C"", ""C"", ""C"", ""C"", ""C"", ""C"", ""C"", ""C"", ""C"", ""C"", ""C"", ""C"", ""O"", ""C"", ""C"", ""C"", ""H"", ""H"", ""H"", ""H"", ""H"", ""H"", ""H"", ""H"", ""H"", ""H"", ""H"", ""H"", ""H"", ""H"", ""H"", ""H"", ""H"", ""H"", ""H"", ""H"", ""H"", ""H"", ""H"", ""H"", ""H"", ""H"", ""H"", ""H"", ""H"", ""H"", ""N"", ""C"", ""C"", ""C"", ""C"", ""C"", ""C"", ""C"", ""C"", ""O"", ""C"", ""C"", ""C"", ""C"", ""C"", ""N"", ""C"", ""C"", ""C"", ""C"", ""C"", ""C"", ""C"", ""C"", ""C"", ""C"", ""C"", ""C"", ""C"", ""C"", ""C"", ""C"", ""C"", ""C"", ""C"", ""C"", ""C"", ""C"", ""C"", ""C"", ""O"", ""C"", ""C"", ""C"", ""H"", ""H"", ""H"", ""H"", ""H"", ""H"", ""H"", ""H"", ""H"", ""H"", ""H"", ""H"", ""H"", ""H"", ""H"", ""H"", ""H"", ""H"", ""H"", ""H"", ""H"", ""H"", ""H"", ""H"", ""H"", ""H"", ""H"", ""H"", ""H"", ""H""]",C80H60N4O4,"[true, true, true]","[21.42362460556103, 0.0, 0.0, 0.2466183241936174, 21.42220508356159, 0.0, 9.857953007183815, 4.4611379797513395, 31.31519172494318]",14371.834171610404,[],"{""cutoff=6.000_skin=0.000"": 3850, ""cutoff=6.000_skin=0.500"": 4394}",0.0,,
OPT-RF-U256-ROFA-MIX-R256-v1,c9380bd69d0e1d094657eddf3b59489be4b1936561d28466835006a1e050ca76,OPT-RF-U256-ROFA-MIX-R256-v1:0070,A_corrH_c2_m11_16387_148,bf92a598369e4cd3e2a78651acfef555fc72f4743f2d8310cae59de5565adaa0,70,cross_family_test_set,rof-a/structures/A_corrH_c2_m11_16387_148.cif,7a0559af9c1937d728e88124ecfe51a6ab4ac9b37968ce7d3f8cf7f1b774a07b,bf92a598369e4cd3e2a78651acfef555fc72f4743f2d8310cae59de5565adaa0,0,148,"[""N"", ""C"", ""C"", ""C"", ""C"", ""C"", ""C"", ""C"", ""C"", ""O"", ""C"", ""C"", ""C"", ""C"", ""C"", ""N"", ""C"", ""C"", ""C"", ""C"", ""C"", ""C"", ""C"", ""C"", ""C"", ""C"", ""C"", ""C"", ""C"", ""C"", ""C"", ""C"", ""C"", ""C"", ""C"", ""C"", ""C"", ""C"", ""C"", ""C"", ""O"", ""C"", ""C"", ""C"", ""H"", ""H"", ""H"", ""H"", ""H"", ""H"", ""H"", ""H"", ""H"", ""H"", ""H"", ""H"", ""H"", ""H"", ""H"", ""H"", ""H"", ""H"", ""H"", ""H"", ""H"", ""H"", ""H"", ""H"", ""H"", ""H"", ""H"", ""H"", ""H"", ""H"", ""N"", ""C"", ""C"", ""C"", ""C"", ""C"", ""C"", ""C"", ""C"", ""O"", ""C"", ""C"", ""C"", ""C"", ""C"", ""N"", ""C"", ""C"", ""C"", ""C"", ""C"", ""C"", ""C"", ""C"", ""C"", ""C"", ""C"", ""C"", ""C"", ""C"", ""C"", ""C"", ""C"", ""C"", ""C"", ""C"", ""C"", ""C"", ""C"", ""C"", ""O"", ""C"", ""C"", ""C"", ""H"", ""H"", ""H"", ""H"", ""H"", ""H"", ""H"", ""H"", ""H"", ""H"", ""H"", ""H"", ""H"", ""H"", ""H"", ""H"", ""H"", ""H"", ""H"", ""H"", ""H"", ""H"", ""H"", ""H"", ""H"", ""H"", ""H"", ""H"", ""H"", ""H""]",C80H60N4O4,"[true, true, true]","[21.42362460556103, 0.0, 0.0, 4.410917864605095, 21.984808523153195, 0.0, 2.5777614961650013, 0.025409092885465803, 27.288152900232475]",12852.564059444961,[],"{""cutoff=6.000_skin=0.000"": 3852, ""cutoff=6.000_skin=0.500"": 4410}",0.0,,
OPT-RF-U256-ROFA-MIX-R256-v1,c9380bd69d0e1d094657eddf3b59489be4b1936561d28466835006a1e050ca76,OPT-RF-U256-ROFA-MIX-R256-v1:0071,A_corrH_c2_m11_2689_148,b7bc1dd6b154b6f974fad6432d8314d5ca854b08c08f51722b075adf9675795e,71,cross_family_test_set,rof-a/structures/A_corrH_c2_m11_2689_148.cif,ec0d5d4498f73a54d2fbee99b050f29334cf6676cd88cdb1b0774690d6eb0145,b7bc1dd6b154b6f974fad6432d8314d5ca854b08c08f51722b075adf9675795e,0,148,"[""N"", ""C"", ""C"", ""C"", ""C"", ""C"", ""C"", ""C"", ""C"", ""O"", ""C"", ""C"", ""C"", ""C"", ""C"", ""N"", ""C"", ""C"", ""C"", ""C"", ""C"", ""C"", ""C"", ""C"", ""C"", ""C"", ""C"", ""C"", ""C"", ""C"", ""C"", ""C"", ""C"", ""C"", ""C"", ""C"", ""C"", ""C"", ""C"", ""C"", ""O"", ""C"", ""C"", ""C"", ""H"", ""H"", ""H"", ""H"", ""H"", ""H"", ""H"", ""H"", ""H"", ""H"", ""H"", ""H"", ""H"", ""H"", ""H"", ""H"", ""H"", ""H"", ""H"", ""H"", ""H"", ""H"", ""H"", ""H"", ""H"", ""H"", ""H"", ""H"", ""H"", ""H"", ""N"", ""C"", ""C"", ""C"", ""C"", ""C"", ""C"", ""C"", ""C"", ""O"", ""C"", ""C"", ""C"", ""C"", ""C"", ""N"", ""C"", ""C"", ""C"", ""C"", ""C"", ""C"", ""C"", ""C"", ""C"", ""C"", ""C"", ""C"", ""C"", ""C"", ""C"", ""C"", ""C"", ""C"", ""C"", ""C"", ""C"", ""C"", ""C"", ""C"", ""O"", ""C"", ""C"", ""C"", ""H"", ""H"", ""H"", ""H"", ""H"", ""H"", ""H"", ""H"", ""H"", ""H"", ""H"", ""H"", ""H"", ""H"", ""H"", ""H"", ""H"", ""H"", ""H"", ""H"", ""H"", ""H"", ""H"", ""H"", ""H"", ""H"", ""H"", ""H"", ""H"", ""H""]",C80H60N4O4,"[true, true, true]","[21.42362460556103, 0.0, 0.0, -1.904836115988778, 25.545782739782055, 0.0, -4.023416402755658, -2.78521811960914, 27.58734489498459]",15098.09203983146,[],"{""cutoff=6.000_skin=0.000"": 3854, ""cutoff=6.000_skin=0.500"": 4426}",0.0,,
OPT-RF-U256-ROFA-MIX-R256-v1,c9380bd69d0e1d094657eddf3b59489be4b1936561d28466835006a1e050ca76,OPT-RF-U256-ROFA-MIX-R256-v1:0072,A_corrH_c2_m11_10251_148,8490f0397a68580c64fa0a00c7c26530283fdade82999a44f583768153c22eaf,72,cross_family_test_set,rof-a/structures/A_corrH_c2_m11_10251_148.cif,2fa887147a22b49cf6183cb88373a11a2521abca19c1413d1720f668cf052cf3,8490f0397a68580c64fa0a00c7c26530283fdade82999a44f583768153c22eaf,0,148,"[""N"", ""C"", ""C"", ""C"", ""C"", ""C"", ""C"", ""C"", ""C"", ""O"", ""C"", ""C"", ""C"", ""C"", ""C"", ""N"", ""C"", ""C"", ""C"", ""C"", ""C"", ""C"", ""C"", ""C"", ""C"", ""C"", ""C"", ""C"", ""C"", ""C"", ""C"", ""C"", ""C"", ""C"", ""C"", ""C"", ""C"", ""C"", ""C"", ""C"", ""O"", ""C"", ""C"", ""C"", ""H"", ""H"", ""H"", ""H"", ""H"", ""H"", ""H"", ""H"", ""H"", ""H"", ""H"", ""H"", ""H"", ""H"", ""H"", ""H"", ""H"", ""H"", ""H"", ""H"", ""H"", ""H"", ""H"", ""H"", ""H"", ""H"", ""H"", ""H"", ""H"", ""H"", ""N"", ""C"", ""C"", ""C"", ""C"", ""C"", ""C"", ""C"", ""C"", ""O"", ""C"", ""C"", ""C"", ""C"", ""C"", ""N"", ""C"", ""C"", ""C"", ""C"", ""C"", ""C"", ""C"", ""C"", ""C"", ""C"", ""C"", ""C"", ""C"", ""C"", ""C"", ""C"", ""C"", ""C"", ""C"", ""C"", ""C"", ""C"", ""C"", ""C"", ""O"", ""C"", ""C"", ""C"", ""H"", ""H"", ""H"", ""H"", ""H"", ""H"", ""H"", ""H"", ""H"", ""H"", ""H"", ""H"", ""H"", ""H"", ""H"", ""H"", ""H"", ""H"", ""H"", ""H"", ""H"", ""H"", ""H"", ""H"", ""H"", ""H"", ""H"", ""H"", ""H"", ""H""]",C80H60N4O4,"[true, true, true]","[20.242058695514917, 0.0, 0.0, -6.579560698884122, 20.38825819558158, 0.0, -3.5110421421882263, -5.391455919579889, 25.65302753279384]",10587.012648518239,[],"{""cutoff=6.000_skin=0.000"": 3858, ""cutoff=6.000_skin=0.500"": 4464}",0.0,,
OPT-RF-U256-ROFA-MIX-R256-v1,c9380bd69d0e1d094657eddf3b59489be4b1936561d28466835006a1e050ca76,OPT-RF-U256-ROFA-MIX-R256-v1:0073,A_corrH_c1-1_m1-1_1443_148,41673345944542ace58d80a70eff2da0a08596f33c5f27883b6abd9bfdeb5c3e,73,cross_family_test_set,rof-a/structures/A_corrH_c1-1_m1-1_1443_148.cif,73d86ebe21b841475f19e205fc6ecf6a189041ac5ed16a3ef71354129cf92a9b,41673345944542ace58d80a70eff2da0a08596f33c5f27883b6abd9bfdeb5c3e,0,148,"[""N"", ""C"", ""C"", ""C"", ""C"", ""C"", ""C"", ""C"", ""C"", ""O"", ""C"", ""C"", ""C"", ""C"", ""C"", ""N"", ""C"", ""C"", ""C"", ""C"", ""C"", ""C"", ""C"", ""C"", ""C"", ""C"", ""C"", ""C"", ""C"", ""C"", ""C"", ""C"", ""C"", ""C"", ""C"", ""C"", ""C"", ""C"", ""C"", ""C"", ""O"", ""C"", ""C"", ""C"", ""H"", ""H"", ""H"", ""H"", ""H"", ""H"", ""H"", ""H"", ""H"", ""H"", ""H"", ""H"", ""H"", ""H"", ""H"", ""H"", ""H"", ""H"", ""H"", ""H"", ""H"", ""H"", ""H"", ""H"", ""H"", ""H"", ""H"", ""H"", ""H"", ""H"", ""N"", ""C"", ""C"", ""C"", ""C"", ""C"", ""C"", ""C"", ""C"", ""O"", ""C"", ""C"", ""C"", ""C"", ""C"", ""N"", ""C"", ""C"", ""C"", ""C"", ""C"", ""C"", ""C"", ""C"", ""C"", ""C"", ""C"", ""C"", ""C"", ""C"", ""C"", ""C"", ""C"", ""C"", ""C"", ""C"", ""C"", ""C"", ""C"", ""C"", ""O"", ""C"", ""C"", ""C"", ""H"", ""H"", ""H"", ""H"", ""H"", ""H"", ""H"", ""H"", ""H"", ""H"", ""H"", ""H"", ""H"", ""H"", ""H"", ""H"", ""H"", ""H"", ""H"", ""H"", ""H"", ""H"", ""H"", ""H"", ""H"", ""H"", ""H"", ""H"", ""H"", ""H""]",C80H60N4O4,"[true, true, true]","[21.075281406490785, 0.0, 0.0, -3.766944240592373, 21.08985116894541, 0.0, -2.5167635381608426, -0.7201858991006049, 21.26308831763911]",9450.901573458248,[],"{""cutoff=6.000_skin=0.000"": 3862, ""cutoff=6.000_skin=0.500"": 4452}",0.0,,
OPT-RF-U256-ROFA-MIX-R256-v1,c9380bd69d0e1d094657eddf3b59489be4b1936561d28466835006a1e050ca76,OPT-RF-U256-ROFA-MIX-R256-v1:0074,A_corrH_c2_m11_19667_148,5e8de38c89dcc0d1173b998b48ed02fdc132a788596794ab199fafc4799d5989,74,cross_family_test_set,rof-a/structures/A_corrH_c2_m11_19667_148.cif,3531c2ccc981edfb668bc32db323849ea12b9a6d701f3f74d85a4534c1cf1340,5e8de38c89dcc0d1173b998b48ed02fdc132a788596794ab199fafc4799d5989,0,148,"[""N"", ""C"", ""C"", ""C"", ""C"", ""C"", ""C"", ""C"", ""C"", ""O"", ""C"", ""C"", ""C"", ""C"", ""C"", ""N"", ""C"", ""C"", ""C"", ""C"", ""C"", ""C"", ""C"", ""C"", ""C"", ""C"", ""C"", ""C"", ""C"", ""C"", ""C"", ""C"", ""C"", ""C"", ""C"", ""C"", ""C"", ""C"", ""C"", ""C"", ""O"", ""C"", ""C"", ""C"", ""H"", ""H"", ""H"", ""H"", ""H"", ""H"", ""H"", ""H"", ""H"", ""H"", ""H"", ""H"", ""H"", ""H"", ""H"", ""H"", ""H"", ""H"", ""H"", ""H"", ""H"", ""H"", ""H"", ""H"", ""H"", ""H"", ""H"", ""H"", ""H"", ""H"", ""N"", ""C"", ""C"", ""C"", ""C"", ""C"", ""C"", ""C"", ""C"", ""O"", ""C"", ""C"", ""C"", ""C"", ""C"", ""N"", ""C"", ""C"", ""C"", ""C"", ""C"", ""C"", ""C"", ""C"", ""C"", ""C"", ""C"", ""C"", ""C"", ""C"", ""C"", ""C"", ""C"", ""C"", ""C"", ""C"", ""C"", ""C"", ""C"", ""C"", ""O"", ""C"", ""C"", ""C"", ""H"", ""H"", ""H"", ""H"", ""H"", ""H"", ""H"", ""H"", ""H"", ""H"", ""H"", ""H"", ""H"", ""H"", ""H"", ""H"", ""H"", ""H"", ""H"", ""H"", ""H"", ""H"", ""H"", ""H"", ""H"", ""H"", ""H"", ""H"", ""H"", ""H""]",C80H60N4O4,"[true, true, true]","[21.42362460556103, 0.0, 0.0, -8.911218579663633, 22.503158455387364, 0.0, -6.242919590392009, -3.7283908547954328, 33.28537069315537]",16046.85122154254,[],"{""cutoff=6.000_skin=0.000"": 3862, ""cutoff=6.000_skin=0.500"": 4426}",0.0,,
OPT-RF-U256-ROFA-MIX-R256-v1,c9380bd69d0e1d094657eddf3b59489be4b1936561d28466835006a1e050ca76,OPT-RF-U256-ROFA-MIX-R256-v1:0075,A_corrH_c1-1_m1-1_178_148,55a94997bad663aa7db3408636999c14fc4912759144a5f9b571cb226354162c,75,cross_family_test_set,rof-a/structures/A_corrH_c1-1_m1-1_178_148.cif,013df42ce4c552cd1b953630fd672ab703509ed0c0cbdab2ff3de3b15946327b,55a94997bad663aa7db3408636999c14fc4912759144a5f9b571cb226354162c,0,148,"[""N"", ""C"", ""C"", ""C"", ""C"", ""C"", ""C"", ""C"", ""C"", ""O"", ""C"", ""C"", ""C"", ""C"", ""C"", ""N"", ""C"", ""C"", ""C"", ""C"", ""C"", ""C"", ""C"", ""C"", ""C"", ""C"", ""C"", ""C"", ""C"", ""C"", ""C"", ""C"", ""C"", ""C"", ""C"", ""C"", ""C"", ""C"", ""C"", ""C"", ""O"", ""C"", ""C"", ""C"", ""H"", ""H"", ""H"", ""H"", ""H"", ""H"", ""H"", ""H"", ""H"", ""H"", ""H"", ""H"", ""H"", ""H"", ""H"", ""H"", ""H"", ""H"", ""H"", ""H"", ""H"", ""H"", ""H"", ""H"", ""H"", ""H"", ""H"", ""H"", ""H"", ""H"", ""N"", ""C"", ""C"", ""C"", ""C"", ""C"", ""C"", ""C"", ""C"", ""O"", ""C"", ""C"", ""C"", ""C"", ""C"", ""N"", ""C"", ""C"", ""C"", ""C"", ""C"", ""C"", ""C"", ""C"", ""C"", ""C"", ""C"", ""C"", ""C"", ""C"", ""C"", ""C"", ""C"", ""C"", ""C"", ""C"", ""C"", ""C"", ""C"", ""C"", ""O"", ""C"", ""C"", ""C"", ""H"", ""H"", ""H"", ""H"", ""H"", ""H"", ""H"", ""H"", ""H"", ""H"", ""H"", ""H"", ""H"", ""H"", ""H"", ""H"", ""H"", ""H"", ""H"", ""H"", ""H"", ""H"", ""H"", ""H"", ""H"", ""H"", ""H"", ""H"", ""H"", ""H""]",C80H60N4O4,"[true, true, true]","[21.423624605561034, 0.0, 0.0, 5.368138498878244, 20.74017310190205, 0.0, 8.768911755067846, -1.1448305239090344, 26.158596802453104]",11623.041019452514,[],"{""cutoff=6.000_skin=0.000"": 3864, ""cutoff=6.000_skin=0.500"": 4458}",0.0,,
OPT-RF-U256-ROFA-MIX-R256-v1,c9380bd69d0e1d094657eddf3b59489be4b1936561d28466835006a1e050ca76,OPT-RF-U256-ROFA-MIX-R256-v1:0076,A_corrH_c1-1_m1-1_2561_148,bfe70ba44ef8d55fb6f95d2fc30bf39551619a09ec65603b6b0e5e22872b030e,76,cross_family_test_set,rof-a/structures/A_corrH_c1-1_m1-1_2561_148.cif,30deef97c426b34d3672e6c8bdcf00cd4c2e2e50a16a07c2cf6e0ab775ca98f2,bfe70ba44ef8d55fb6f95d2fc30bf39551619a09ec65603b6b0e5e22872b030e,0,148,"[""N"", ""C"", ""C"", ""C"", ""C"", ""C"", ""C"", ""C"", ""C"", ""O"", ""C"", ""C"", ""C"", ""C"", ""C"", ""N"", ""C"", ""C"", ""C"", ""C"", ""C"", ""C"", ""C"", ""C"", ""C"", ""C"", ""C"", ""C"", ""C"", ""C"", ""C"", ""C"", ""C"", ""C"", ""C"", ""C"", ""C"", ""C"", ""C"", ""C"", ""O"", ""C"", ""C"", ""C"", ""H"", ""H"", ""H"", ""H"", ""H"", ""H"", ""H"", ""H"", ""H"", ""H"", ""H"", ""H"", ""H"", ""H"", ""H"", ""H"", ""H"", ""H"", ""H"", ""H"", ""H"", ""H"", ""H"", ""H"", ""H"", ""H"", ""H"", ""H"", ""H"", ""H"", ""N"", ""C"", ""C"", ""C"", ""C"", ""C"", ""C"", ""C"", ""C"", ""O"", ""C"", ""C"", ""C"", ""C"", ""C"", ""N"", ""C"", ""C"", ""C"", ""C"", ""C"", ""C"", ""C"", ""C"", ""C"", ""C"", ""C"", ""C"", ""C"", ""C"", ""C"", ""C"", ""C"", ""C"", ""C"", ""C"", ""C"", ""C"", ""C"", ""C"", ""O"", ""C"", ""C"", ""C"", ""H"", ""H"", ""H"", ""H"", ""H"", ""H"", ""H"", ""H"", ""H"", ""H"", ""H"", ""H"", ""H"", ""H"", ""H"", ""H"", ""H"", ""H"", ""H"", ""H"", ""H"", ""H"", ""H"", ""H"", ""H"", ""H"", ""H"", ""H"", ""H"", ""H""]",C80H60N4O4,"[true, true, true]","[20.808305282662925, 0.0, 0.0, 10.404152641331459, 18.72766133439719, 0.0, 7.63974456689079, 5.235665898262299, 24.75866594360188]",9648.226672654318,[],"{""cutoff=6.000_skin=0.000"": 3880, ""cutoff=6.000_skin=0.500"": 4482}",0.0,,
OPT-RF-U256-ROFA-MIX-R256-v1,c9380bd69d0e1d094657eddf3b59489be4b1936561d28466835006a1e050ca76,OPT-RF-U256-ROFA-MIX-R256-v1:0077,A_corrH_c1-1_m1-1_1339_148,f25cca5a6f567e140703bd89a943354d8efd40cfe1c191b9f2e753c73844b095,77,cross_family_test_set,rof-a/structures/A_corrH_c1-1_m1-1_1339_148.cif,678548139363372026f0b37ad4bbe9127f6074c32f09b7e4d3fd4313211fea31,f25cca5a6f567e140703bd89a943354d8efd40cfe1c191b9f2e753c73844b095,0,148,"[""N"", ""C"", ""C"", ""C"", ""C"", ""C"", ""C"", ""C"", ""C"", ""O"", ""C"", ""C"", ""C"", ""C"", ""C"", ""N"", ""C"", ""C"", ""C"", ""C"", ""C"", ""C"", ""C"", ""C"", ""C"", ""C"", ""C"", ""C"", ""C"", ""C"", ""C"", ""C"", ""C"", ""C"", ""C"", ""C"", ""C"", ""C"", ""C"", ""C"", ""O"", ""C"", ""C"", ""C"", ""H"", ""H"", ""H"", ""H"", ""H"", ""H"", ""H"", ""H"", ""H"", ""H"", ""H"", ""H"", ""H"", ""H"", ""H"", ""H"", ""H"", ""H"", ""H"", ""H"", ""H"", ""H"", ""H"", ""H"", ""H"", ""H"", ""H"", ""H"", ""H"", ""H"", ""N"", ""C"", ""C"", ""C"", ""C"", ""C"", ""C"", ""C"", ""C"", ""O"", ""C"", ""C"", ""C"", ""C"", ""C"", ""N"", ""C"", ""C"", ""C"", ""C"", ""C"", ""C"", ""C"", ""C"", ""C"", ""C"", ""C"", ""C"", ""C"", ""C"", ""C"", ""C"", ""C"", ""C"", ""C"", ""C"", ""C"", ""C"", ""C"", ""C"", ""O"", ""C"", ""C"", ""C"", ""H"", ""H"", ""H"", ""H"", ""H"", ""H"", ""H"", ""H"", ""H"", ""H"", ""H"", ""H"", ""H"", ""H"", ""H"", ""H"", ""H"", ""H"", ""H"", ""H"", ""H"", ""H"", ""H"", ""H"", ""H"", ""H"", ""H"", ""H"", ""H"", ""H""]",C80H60N4O4,"[true, true, true]","[19.26329481010802, 0.0, 0.0, 9.631647405054013, 19.13643277898774, 0.0, 0.3416197594303421, 10.393699565150053, 30.67412225070374]",11307.424575394523,[],"{""cutoff=6.000_skin=0.000"": 3882, ""cutoff=6.000_skin=0.500"": 4468}",0.0,,
OPT-RF-U256-ROFA-MIX-R256-v1,c9380bd69d0e1d094657eddf3b59489be4b1936561d28466835006a1e050ca76,OPT-RF-U256-ROFA-MIX-R256-v1:0078,A_corrH_c1-1_m1-1_1564_148,3275ae78225c24171b86cbb744e479b0ed9ec3a0a1e0ba3eed07bfa4a400ac88,78,cross_family_test_set,rof-a/structures/A_corrH_c1-1_m1-1_1564_148.cif,43dade96ca8ae4723e74c684ae5c631775eaf84764a20d46899bb587691be396,3275ae78225c24171b86cbb744e479b0ed9ec3a0a1e0ba3eed07bfa4a400ac88,0,148,"[""N"", ""C"", ""C"", ""C"", ""C"", ""C"", ""C"", ""C"", ""C"", ""O"", ""C"", ""C"", ""C"", ""C"", ""C"", ""N"", ""C"", ""C"", ""C"", ""C"", ""C"", ""C"", ""C"", ""C"", ""C"", ""C"", ""C"", ""C"", ""C"", ""C"", ""C"", ""C"", ""C"", ""C"", ""C"", ""C"", ""C"", ""C"", ""C"", ""C"", ""O"", ""C"", ""C"", ""C"", ""H"", ""H"", ""H"", ""H"", ""H"", ""H"", ""H"", ""H"", ""H"", ""H"", ""H"", ""H"", ""H"", ""H"", ""H"", ""H"", ""H"", ""H"", ""H"", ""H"", ""H"", ""H"", ""H"", ""H"", ""H"", ""H"", ""H"", ""H"", ""H"", ""H"", ""N"", ""C"", ""C"", ""C"", ""C"", ""C"", ""C"", ""C"", ""C"", ""O"", ""C"", ""C"", ""C"", ""C"", ""C"", ""N"", ""C"", ""C"", ""C"", ""C"", ""C"", ""C"", ""C"", ""C"", ""C"", ""C"", ""C"", ""C"", ""C"", ""C"", ""C"", ""C"", ""C"", ""C"", ""C"", ""C"", ""C"", ""C"", ""C"", ""C"", ""O"", ""C"", ""C"", ""C"", ""H"", ""H"", ""H"", ""H"", ""H"", ""H"", ""H"", ""H"", ""H"", ""H"", ""H"", ""H"", ""H"", ""H"", ""H"", ""H"", ""H"", ""H"", ""H"", ""H"", ""H"", ""H"", ""H"", ""H"", ""H"", ""H"", ""H"", ""H"", ""H"", ""H""]",C80H60N4O4,"[true, true, true]","[12.91651059782558, 0.0, 0.0, 6.45825529891279, 20.427007361188885, 0.0, 4.5534270420062235, 1.497382981544684, 32.94739664862862]",8693.027517261406,[],"{""cutoff=6.000_skin=0.000"": 3888, ""cutoff=6.000_skin=0.500"": 4466}",0.0,,
OPT-RF-U256-ROFA-MIX-R256-v1,c9380bd69d0e1d094657eddf3b59489be4b1936561d28466835006a1e050ca76,OPT-RF-U256-ROFA-MIX-R256-v1:0079,A_corrH_c2_m11_26028_148,436f959f26b067aa00bbb529f7f3cf051f18e6a111e09f0f881bf4894a0196d3,79,cross_family_test_set,rof-a/structures/A_corrH_c2_m11_26028_148.cif,7dc8122ac102fabaaab07c3d17eff8b1bdd7a437d1a6b42dad5ab40e0b53c0c1,436f959f26b067aa00bbb529f7f3cf051f18e6a111e09f0f881bf4894a0196d3,0,148,"[""N"", ""C"", ""C"", ""C"", ""C"", ""C"", ""C"", ""C"", ""C"", ""O"", ""C"", ""C"", ""C"", ""C"", ""C"", ""N"", ""C"", ""C"", ""C"", ""C"", ""C"", ""C"", ""C"", ""C"", ""C"", ""C"", ""C"", ""C"", ""C"", ""C"", ""C"", ""C"", ""C"", ""C"", ""C"", ""C"", ""C"", ""C"", ""C"", ""C"", ""O"", ""C"", ""C"", ""C"", ""H"", ""H"", ""H"", ""H"", ""H"", ""H"", ""H"", ""H"", ""H"", ""H"", ""H"", ""H"", ""H"", ""H"", ""H"", ""H"", ""H"", ""H"", ""H"", ""H"", ""H"", ""H"", ""H"", ""H"", ""H"", ""H"", ""H"", ""H"", ""H"", ""H"", ""N"", ""C"", ""C"", ""C"", ""C"", ""C"", ""C"", ""C"", ""C"", ""O"", ""C"", ""C"", ""C"", ""C"", ""C"", ""N"", ""C"", ""C"", ""C"", ""C"", ""C"", ""C"", ""C"", ""C"", ""C"", ""C"", ""C"", ""C"", ""C"", ""C"", ""C"", ""C"", ""C"", ""C"", ""C"", ""C"", ""C"", ""C"", ""C"", ""C"", ""O"", ""C"", ""C"", ""C"", ""H"", ""H"", ""H"", ""H"", ""H"", ""H"", ""H"", ""H"", ""H"", ""H"", ""H"", ""H"", ""H"", ""H"", ""H"", ""H"", ""H"", ""H"", ""H"", ""H"", ""H"", ""H"", ""H"", ""H"", ""H"", ""H"", ""H"", ""H"", ""H"", ""H""]",C80H60N4O4,"[true, true, true]","[18.89468167471014, 0.0, 0.0, -5.401982677496349, 20.731383803114287, 0.0, -1.6844841082031723, -6.305173662656263, 24.910743207906854]",9757.859404237648,[],"{""cutoff=6.000_skin=0.000"": 3888, ""cutoff=6.000_skin=0.500"": 4452}",0.0,,
OPT-RF-U256-ROFA-MIX-R256-v1,c9380bd69d0e1d094657eddf3b59489be4b1936561d28466835006a1e050ca76,OPT-RF-U256-ROFA-MIX-R256-v1:0080,A_corrH_c2_m11_14673_148,fc5d8b3bd202173a5b5c1fb32164c5156bcee34c11b13112aeb17583678a65bd,80,cross_family_test_set,rof-a/structures/A_corrH_c2_m11_14673_148.cif,08562afc301999f5b181737953fbe32f1594fde028fae111749eeb998127e68b,fc5d8b3bd202173a5b5c1fb32164c5156bcee34c11b13112aeb17583678a65bd,0,148,"[""N"", ""C"", ""C"", ""C"", ""C"", ""C"", ""C"", ""C"", ""C"", ""O"", ""C"", ""C"", ""C"", ""C"", ""C"", ""N"", ""C"", ""C"", ""C"", ""C"", ""C"", ""C"", ""C"", ""C"", ""C"", ""C"", ""C"", ""C"", ""C"", ""C"", ""C"", ""C"", ""C"", ""C"", ""C"", ""C"", ""C"", ""C"", ""C"", ""C"", ""O"", ""C"", ""C"", ""C"", ""H"", ""H"", ""H"", ""H"", ""H"", ""H"", ""H"", ""H"", ""H"", ""H"", ""H"", ""H"", ""H"", ""H"", ""H"", ""H"", ""H"", ""H"", ""H"", ""H"", ""H"", ""H"", ""H"", ""H"", ""H"", ""H"", ""H"", ""H"", ""H"", ""H"", ""N"", ""C"", ""C"", ""C"", ""C"", ""C"", ""C"", ""C"", ""C"", ""O"", ""C"", ""C"", ""C"", ""C"", ""C"", ""N"", ""C"", ""C"", ""C"", ""C"", ""C"", ""C"", ""C"", ""C"", ""C"", ""C"", ""C"", ""C"", ""C"", ""C"", ""C"", ""C"", ""C"", ""C"", ""C"", ""C"", ""C"", ""C"", ""C"", ""C"", ""O"", ""C"", ""C"", ""C"", ""H"", ""H"", ""H"", ""H"", ""H"", ""H"", ""H"", ""H"", ""H"", ""H"", ""H"", ""H"", ""H"", ""H"", ""H"", ""H"", ""H"", ""H"", ""H"", ""H"", ""H"", ""H"", ""H"", ""H"", ""H"", ""H"", ""H"", ""H"", ""H"", ""H""]",C80H60N4O4,"[true, true, true]","[21.42362460556103, 0.0, 0.0, -2.3096971875278896, 24.836828798300512, 0.0, -5.103943227555745, -3.4573861061370974, 27.70997258902803]",14744.33499864374,[],"{""cutoff=6.000_skin=0.000"": 3890, ""cutoff=6.000_skin=0.500"": 4484}",0.0,,
OPT-RF-U256-ROFA-MIX-R256-v1,c9380bd69d0e1d094657eddf3b59489be4b1936561d28466835006a1e050ca76,OPT-RF-U256-ROFA-MIX-R256-v1:0081,A_corrH_c2_m11_2068_148,04bf28d1386d73640ae497bbfc630f8d3663ef3b83cadb047827bec1cfdb5e61,81,cross_family_test_set,rof-a/structures/A_corrH_c2_m11_2068_148.cif,e7cf125dce76845bfa26972182dfe0b61937f7d5a628bf4194fd88365d405512,04bf28d1386d73640ae497bbfc630f8d3663ef3b83cadb047827bec1cfdb5e61,0,148,"[""N"", ""C"", ""C"", ""C"", ""C"", ""C"", ""C"", ""C"", ""C"", ""O"", ""C"", ""C"", ""C"", ""C"", ""C"", ""N"", ""C"", ""C"", ""C"", ""C"", ""C"", ""C"", ""C"", ""C"", ""C"", ""C"", ""C"", ""C"", ""C"", ""C"", ""C"", ""C"", ""C"", ""C"", ""C"", ""C"", ""C"", ""C"", ""C"", ""C"", ""O"", ""C"", ""C"", ""C"", ""H"", ""H"", ""H"", ""H"", ""H"", ""H"", ""H"", ""H"", ""H"", ""H"", ""H"", ""H"", ""H"", ""H"", ""H"", ""H"", ""H"", ""H"", ""H"", ""H"", ""H"", ""H"", ""H"", ""H"", ""H"", ""H"", ""H"", ""H"", ""H"", ""H"", ""N"", ""C"", ""C"", ""C"", ""C"", ""C"", ""C"", ""C"", ""C"", ""O"", ""C"", ""C"", ""C"", ""C"", ""C"", ""N"", ""C"", ""C"", ""C"", ""C"", ""C"", ""C"", ""C"", ""C"", ""C"", ""C"", ""C"", ""C"", ""C"", ""C"", ""C"", ""C"", ""C"", ""C"", ""C"", ""C"", ""C"", ""C"", ""C"", ""C"", ""O"", ""C"", ""C"", ""C"", ""H"", ""H"", ""H"", ""H"", ""H"", ""H"", ""H"", ""H"", ""H"", ""H"", ""H"", ""H"", ""H"", ""H"", ""H"", ""H"", ""H"", ""H"", ""H"", ""H"", ""H"", ""H"", ""H"", ""H"", ""H"", ""H"", ""H"", ""H"", ""H"", ""H""]",C80H60N4O4,"[true, true, true]","[21.21155099804796, 0.0, 0.0, 8.824173057439115, 19.521927699189074, 0.0, 6.903467778074267, 1.724216395287249, 28.517198561395755]",11808.697160254642,[],"{""cutoff=6.000_skin=0.000"": 3902, ""cutoff=6.000_skin=0.500"": 4506}",0.0,,
OPT-RF-U256-ROFA-MIX-R256-v1,c9380bd69d0e1d094657eddf3b59489be4b1936561d28466835006a1e050ca76,OPT-RF-U256-ROFA-MIX-R256-v1:0082,A_corrH_c2_m11_4507_148,35f7dd4efdbc108b0455c9be143248c430402f932d4695723f90bc82ea4b5545,82,cross_family_test_set,rof-a/structures/A_corrH_c2_m11_4507_148.cif,9b90318c27b143ce9f495b7eb92584020202f29d4edfa90e0617393cb3f6d7e9,35f7dd4efdbc108b0455c9be143248c430402f932d4695723f90bc82ea4b5545,0,148,"[""N"", ""C"", ""C"", ""C"", ""C"", ""C"", ""C"", ""C"", ""C"", ""O"", ""C"", ""C"", ""C"", ""C"", ""C"", ""N"", ""C"", ""C"", ""C"", ""C"", ""C"", ""C"", ""C"", ""C"", ""C"", ""C"", ""C"", ""C"", ""C"", ""C"", ""C"", ""C"", ""C"", ""C"", ""C"", ""C"", ""C"", ""C"", ""C"", ""C"", ""O"", ""C"", ""C"", ""C"", ""H"", ""H"", ""H"", ""H"", ""H"", ""H"", ""H"", ""H"", ""H"", ""H"", ""H"", ""H"", ""H"", ""H"", ""H"", ""H"", ""H"", ""H"", ""H"", ""H"", ""H"", ""H"", ""H"", ""H"", ""H"", ""H"", ""H"", ""H"", ""H"", ""H"", ""N"", ""C"", ""C"", ""C"", ""C"", ""C"", ""C"", ""C"", ""C"", ""O"", ""C"", ""C"", ""C"", ""C"", ""C"", ""N"", ""C"", ""C"", ""C"", ""C"", ""C"", ""C"", ""C"", ""C"", ""C"", ""C"", ""C"", ""C"", ""C"", ""C"", ""C"", ""C"", ""C"", ""C"", ""C"", ""C"", ""C"", ""C"", ""C"", ""C"", ""O"", ""C"", ""C"", ""C"", ""H"", ""H"", ""H"", ""H"", ""H"", ""H"", ""H"", ""H"", ""H"", ""H"", ""H"", ""H"", ""H"", ""H"", ""H"", ""H"", ""H"", ""H"", ""H"", ""H"", ""H"", ""H"", ""H"", ""H"", ""H"", ""H"", ""H"", ""H"", ""H"", ""H""]",C80H60N4O4,"[true, true, true]","[21.42362460556103, 0.0, 0.0, -1.212567755016531, 25.484147866331213, 0.0, -5.352891785907233, -9.129187866596506, 32.16690525728455]",17561.934217474496,[],"{""cutoff=6.000_skin=0.000"": 3902, ""cutoff=6.000_skin=0.500"": 4486}",0.0,,
OPT-RF-U256-ROFA-MIX-R256-v1,c9380bd69d0e1d094657eddf3b59489be4b1936561d28466835006a1e050ca76,OPT-RF-U256-ROFA-MIX-R256-v1:0083,A_corrH_c2_m11_8166_148,4441873dee5c90df71a439f8629f9b4000d0b48be06b180395f1dacdd6437a26,83,cross_family_test_set,rof-a/structures/A_corrH_c2_m11_8166_148.cif,a73bce8e459c4e9349fab3e2e38a525f9c48197894d65a4cd1f9cb6b25d20629,4441873dee5c90df71a439f8629f9b4000d0b48be06b180395f1dacdd6437a26,0,148,"[""N"", ""C"", ""C"", ""C"", ""C"", ""C"", ""C"", ""C"", ""C"", ""O"", ""C"", ""C"", ""C"", ""C"", ""C"", ""N"", ""C"", ""C"", ""C"", ""C"", ""C"", ""C"", ""C"", ""C"", ""C"", ""C"", ""C"", ""C"", ""C"", ""C"", ""C"", ""C"", ""C"", ""C"", ""C"", ""C"", ""C"", ""C"", ""C"", ""C"", ""O"", ""C"", ""C"", ""C"", ""H"", ""H"", ""H"", ""H"", ""H"", ""H"", ""H"", ""H"", ""H"", ""H"", ""H"", ""H"", ""H"", ""H"", ""H"", ""H"", ""H"", ""H"", ""H"", ""H"", ""H"", ""H"", ""H"", ""H"", ""H"", ""H"", ""H"", ""H"", ""H"", ""H"", ""N"", ""C"", ""C"", ""C"", ""C"", ""C"", ""C"", ""C"", ""C"", ""O"", ""C"", ""C"", ""C"", ""C"", ""C"", ""N"", ""C"", ""C"", ""C"", ""C"", ""C"", ""C"", ""C"", ""C"", ""C"", ""C"", ""C"", ""C"", ""C"", ""C"", ""C"", ""C"", ""C"", ""C"", ""C"", ""C"", ""C"", ""C"", ""C"", ""C"", ""O"", ""C"", ""C"", ""C"", ""H"", ""H"", ""H"", ""H"", ""H"", ""H"", ""H"", ""H"", ""H"", ""H"", ""H"", ""H"", ""H"", ""H"", ""H"", ""H"", ""H"", ""H"", ""H"", ""H"", ""H"", ""H"", ""H"", ""H"", ""H"", ""H"", ""H"", ""H"", ""H"", ""H""]",C80H60N4O4,"[true, true, true]","[21.42362460556103, 0.0, 0.0, -7.534458394947153, 22.52059290203953, 0.0, -1.7452701013570902, -12.645002659501252, 24.435889136893994]",11789.650098553151,[],"{""cutoff=6.000_skin=0.000"": 3902, ""cutoff=6.000_skin=0.500"": 4494}",0.0,,
OPT-RF-U256-ROFA-MIX-R256-v1,c9380bd69d0e1d094657eddf3b59489be4b1936561d28466835006a1e050ca76,OPT-RF-U256-ROFA-MIX-R256-v1:0084,A_corrH_c2_m11_16345_148,364d683a0a1d74e7e4bd528c870b815df7b219f2a716945cd6abcf5e268aaa3f,84,cross_family_test_set,rof-a/structures/A_corrH_c2_m11_16345_148.cif,b40a7d0ce0c3a39f51028a541a8a11739014045e77691e230ed0cf20716338cf,364d683a0a1d74e7e4bd528c870b815df7b219f2a716945cd6abcf5e268aaa3f,0,148,"[""N"", ""C"", ""C"", ""C"", ""C"", ""C"", ""C"", ""C"", ""C"", ""O"", ""C"", ""C"", ""C"", ""C"", ""C"", ""N"", ""C"", ""C"", ""C"", ""C"", ""C"", ""C"", ""C"", ""C"", ""C"", ""C"", ""C"", ""C"", ""C"", ""C"", ""C"", ""C"", ""C"", ""C"", ""C"", ""C"", ""C"", ""C"", ""C"", ""C"", ""O"", ""C"", ""C"", ""C"", ""H"", ""H"", ""H"", ""H"", ""H"", ""H"", ""H"", ""H"", ""H"", ""H"", ""H"", ""H"", ""H"", ""H"", ""H"", ""H"", ""H"", ""H"", ""H"", ""H"", ""H"", ""H"", ""H"", ""H"", ""H"", ""H"", ""H"", ""H"", ""H"", ""H"", ""N"", ""C"", ""C"", ""C"", ""C"", ""C"", ""C"", ""C"", ""C"", ""O"", ""C"", ""C"", ""C"", ""C"", ""C"", ""N"", ""C"", ""C"", ""C"", ""C"", ""C"", ""C"", ""C"", ""C"", ""C"", ""C"", ""C"", ""C"", ""C"", ""C"", ""C"", ""C"", ""C"", ""C"", ""C"", ""C"", ""C"", ""C"", ""C"", ""C"", ""O"", ""C"", ""C"", ""C"", ""H"", ""H"", ""H"", ""H"", ""H"", ""H"", ""H"", ""H"", ""H"", ""H"", ""H"", ""H"", ""H"", ""H"", ""H"", ""H"", ""H"", ""H"", ""H"", ""H"", ""H"", ""H"", ""H"", ""H"", ""H"", ""H"", ""H"", ""H"", ""H"", ""H""]",C80H60N4O4,"[true, true, true]","[16.036539729758662, 0.0, 0.0, 0.5603787651379072, 21.416294424563333, 0.0, 2.300157946387649, 3.6533648694614698, 24.446729088185965]",8396.064246466109,[],"{""cutoff=6.000_skin=0.000"": 3904, ""cutoff=6.000_skin=0.500"": 4506}",0.0,,
OPT-RF-U256-ROFA-MIX-R256-v1,c9380bd69d0e1d094657eddf3b59489be4b1936561d28466835006a1e050ca76,OPT-RF-U256-ROFA-MIX-R256-v1:0085,A_corrH_c2_m11_21350_148,30d74d663efb304f0f3e141615cc6a335287acd56fa59d29c4b42e7d28f32530,85,cross_family_test_set,rof-a/structures/A_corrH_c2_m11_21350_148.cif,b9ed3386d7f52249c1a77900aefae82c12dbd86cf9ef884a53e0199ffec75e76,30d74d663efb304f0f3e141615cc6a335287acd56fa59d29c4b42e7d28f32530,0,148,"[""N"", ""C"", ""C"", ""C"", ""C"", ""C"", ""C"", ""C"", ""C"", ""O"", ""C"", ""C"", ""C"", ""C"", ""C"", ""N"", ""C"", ""C"", ""C"", ""C"", ""C"", ""C"", ""C"", ""C"", ""C"", ""C"", ""C"", ""C"", ""C"", ""C"", ""C"", ""C"", ""C"", ""C"", ""C"", ""C"", ""C"", ""C"", ""C"", ""C"", ""O"", ""C"", ""C"", ""C"", ""H"", ""H"", ""H"", ""H"", ""H"", ""H"", ""H"", ""H"", ""H"", ""H"", ""H"", ""H"", ""H"", ""H"", ""H"", ""H"", ""H"", ""H"", ""H"", ""H"", ""H"", ""H"", ""H"", ""H"", ""H"", ""H"", ""H"", ""H"", ""H"", ""H"", ""N"", ""C"", ""C"", ""C"", ""C"", ""C"", ""C"", ""C"", ""C"", ""O"", ""C"", ""C"", ""C"", ""C"", ""C"", ""N"", ""C"", ""C"", ""C"", ""C"", ""C"", ""C"", ""C"", ""C"", ""C"", ""C"", ""C"", ""C"", ""C"", ""C"", ""C"", ""C"", ""C"", ""C"", ""C"", ""C"", ""C"", ""C"", ""C"", ""C"", ""O"", ""C"", ""C"", ""C"", ""H"", ""H"", ""H"", ""H"", ""H"", ""H"", ""H"", ""H"", ""H"", ""H"", ""H"", ""H"", ""H"", ""H"", ""H"", ""H"", ""H"", ""H"", ""H"", ""H"", ""H"", ""H"", ""H"", ""H"", ""H"", ""H"", ""H"", ""H"", ""H"", ""H""]",C80H60N4O4,"[true, true, true]","[20.72964256224874, 0.0, 0.0, 1.0011434663091343, 21.400219695130854, 0.0, 6.210615751371467, 6.089496951829042, 20.912832802962566]",9277.327989202233,[],"{""cutoff=6.000_skin=0.000"": 3908, ""cutoff=6.000_skin=0.500"": 4462}",0.0,,
OPT-RF-U256-ROFA-MIX-R256-v1,c9380bd69d0e1d094657eddf3b59489be4b1936561d28466835006a1e050ca76,OPT-RF-U256-ROFA-MIX-R256-v1:0086,A_corrH_c2_m11_3086_148,249c044267bb03428fcf0f25d0856788fab1e91cb072bc82ec33c3b372743ada,86,cross_family_test_set,rof-a/structures/A_corrH_c2_m11_3086_148.cif,c4232a82b4e4e664c627835077fb9757874c09be98a688ad67d950eba29616d4,249c044267bb03428fcf0f25d0856788fab1e91cb072bc82ec33c3b372743ada,0,148,"[""N"", ""C"", ""C"", ""C"", ""C"", ""C"", ""C"", ""C"", ""C"", ""O"", ""C"", ""C"", ""C"", ""C"", ""C"", ""N"", ""C"", ""C"", ""C"", ""C"", ""C"", ""C"", ""C"", ""C"", ""C"", ""C"", ""C"", ""C"", ""C"", ""C"", ""C"", ""C"", ""C"", ""C"", ""C"", ""C"", ""C"", ""C"", ""C"", ""C"", ""O"", ""C"", ""C"", ""C"", ""H"", ""H"", ""H"", ""H"", ""H"", ""H"", ""H"", ""H"", ""H"", ""H"", ""H"", ""H"", ""H"", ""H"", ""H"", ""H"", ""H"", ""H"", ""H"", ""H"", ""H"", ""H"", ""H"", ""H"", ""H"", ""H"", ""H"", ""H"", ""H"", ""H"", ""N"", ""C"", ""C"", ""C"", ""C"", ""C"", ""C"", ""C"", ""C"", ""O"", ""C"", ""C"", ""C"", ""C"", ""C"", ""N"", ""C"", ""C"", ""C"", ""C"", ""C"", ""C"", ""C"", ""C"", ""C"", ""C"", ""C"", ""C"", ""C"", ""C"", ""C"", ""C"", ""C"", ""C"", ""C"", ""C"", ""C"", ""C"", ""C"", ""C"", ""O"", ""C"", ""C"", ""C"", ""H"", ""H"", ""H"", ""H"", ""H"", ""H"", ""H"", ""H"", ""H"", ""H"", ""H"", ""H"", ""H"", ""H"", ""H"", ""H"", ""H"", ""H"", ""H"", ""H"", ""H"", ""H"", ""H"", ""H"", ""H"", ""H"", ""H"", ""H"", ""H"", ""H""]",C80H60N4O4,"[true, true, true]","[21.42362460556103, 0.0, 0.0, -3.33301916881337, 21.502153776381803, 0.0, -6.456116433401395, -2.163650954679468, 23.175882781973748]",10676.064745958853,[],"{""cutoff=6.000_skin=0.000"": 3916, ""cutoff=6.000_skin=0.500"": 4516}",0.0,,
OPT-RF-U256-ROFA-MIX-R256-v1,c9380bd69d0e1d094657eddf3b59489be4b1936561d28466835006a1e050ca76,OPT-RF-U256-ROFA-MIX-R256-v1:0087,A_corrH_c2_m11_25699_148,f06a2b03ed7a218868db0a2403d448666d0772fd17cbf9aaad0ed561fb85ad88,87,cross_family_test_set,rof-a/structures/A_corrH_c2_m11_25699_148.cif,932b9f10c95662cdca16469a4a450e19c9ec96ea6a3034e1d152f4773d605895,f06a2b03ed7a218868db0a2403d448666d0772fd17cbf9aaad0ed561fb85ad88,0,148,"[""N"", ""C"", ""C"", ""C"", ""C"", ""C"", ""C"", ""C"", ""C"", ""O"", ""C"", ""C"", ""C"", ""C"", ""C"", ""N"", ""C"", ""C"", ""C"", ""C"", ""C"", ""C"", ""C"", ""C"", ""C"", ""C"", ""C"", ""C"", ""C"", ""C"", ""C"", ""C"", ""C"", ""C"", ""C"", ""C"", ""C"", ""C"", ""C"", ""C"", ""O"", ""C"", ""C"", ""C"", ""H"", ""H"", ""H"", ""H"", ""H"", ""H"", ""H"", ""H"", ""H"", ""H"", ""H"", ""H"", ""H"", ""H"", ""H"", ""H"", ""H"", ""H"", ""H"", ""H"", ""H"", ""H"", ""H"", ""H"", ""H"", ""H"", ""H"", ""H"", ""H"", ""H"", ""N"", ""C"", ""C"", ""C"", ""C"", ""C"", ""C"", ""C"", ""C"", ""O"", ""C"", ""C"", ""C"", ""C"", ""C"", ""N"", ""C"", ""C"", ""C"", ""C"", ""C"", ""C"", ""C"", ""C"", ""C"", ""C"", ""C"", ""C"", ""C"", ""C"", ""C"", ""C"", ""C"", ""C"", ""C"", ""C"", ""C"", ""C"", ""C"", ""C"", ""O"", ""C"", ""C"", ""C"", ""H"", ""H"", ""H"", ""H"", ""H"", ""H"", ""H"", ""H"", ""H"", ""H"", ""H"", ""H"", ""H"", ""H"", ""H"", ""H"", ""H"", ""H"", ""H"", ""H"", ""H"", ""H"", ""H"", ""H"", ""H"", ""H"", ""H"", ""H"", ""H"", ""H""]",C80H60N4O4,"[true, true, true]","[21.42362460556103, 0.0, 0.0, 10.377496744578735, 18.961088627802386, 0.0, 3.1153307759452766, -1.4358443807329178, 25.488198617563427]",10353.694842851337,[],"{""cutoff=6.000_skin=0.000"": 3934, ""cutoff=6.000_skin=0.500"": 4578}",0.0,,
OPT-RF-U256-ROFA-MIX-R256-v1,c9380bd69d0e1d094657eddf3b59489be4b1936561d28466835006a1e050ca76,OPT-RF-U256-ROFA-MIX-R256-v1:0088,A_corrH_c2_m11_27921_148,cda4a4d8aeae013c704c06f56c9d6930c35d726deb301e17239d14524675f50e,88,cross_family_test_set,rof-a/structures/A_corrH_c2_m11_27921_148.cif,d278a035e1cb3037f5ae214da5578e7283b1f2f96935100624f226008b0c36e1,cda4a4d8aeae013c704c06f56c9d6930c35d726deb301e17239d14524675f50e,0,148,"[""N"", ""C"", ""C"", ""C"", ""C"", ""C"", ""C"", ""C"", ""C"", ""O"", ""C"", ""C"", ""C"", ""C"", ""C"", ""N"", ""C"", ""C"", ""C"", ""C"", ""C"", ""C"", ""C"", ""C"", ""C"", ""C"", ""C"", ""C"", ""C"", ""C"", ""C"", ""C"", ""C"", ""C"", ""C"", ""C"", ""C"", ""C"", ""C"", ""C"", ""O"", ""C"", ""C"", ""C"", ""H"", ""H"", ""H"", ""H"", ""H"", ""H"", ""H"", ""H"", ""H"", ""H"", ""H"", ""H"", ""H"", ""H"", ""H"", ""H"", ""H"", ""H"", ""H"", ""H"", ""H"", ""H"", ""H"", ""H"", ""H"", ""H"", ""H"", ""H"", ""H"", ""H"", ""N"", ""C"", ""C"", ""C"", ""C"", ""C"", ""C"", ""C"", ""C"", ""O"", ""C"", ""C"", ""C"", ""C"", ""C"", ""N"", ""C"", ""C"", ""C"", ""C"", ""C"", ""C"", ""C"", ""C"", ""C"", ""C"", ""C"", ""C"", ""C"", ""C"", ""C"", ""C"", ""C"", ""C"", ""C"", ""C"", ""C"", ""C"", ""C"", ""C"", ""O"", ""C"", ""C"", ""C"", ""H"", ""H"", ""H"", ""H"", ""H"", ""H"", ""H"", ""H"", ""H"", ""H"", ""H"", ""H"", ""H"", ""H"", ""H"", ""H"", ""H"", ""H"", ""H"", ""H"", ""H"", ""H"", ""H"", ""H"", ""H"", ""H"", ""H"", ""H"", ""H"", ""H""]",C80H60N4O4,"[true, true, true]","[21.4040636374927, 0.0, 0.0, -6.516977913070793, 20.40834853976547, 0.0, -5.955361502788328, -10.341855660222409, 26.021833452212892]",11366.898686243116,[],"{""cutoff=6.000_skin=0.000"": 3944, ""cutoff=6.000_skin=0.500"": 4586}",0.0,,
OPT-RF-U256-ROFA-MIX-R256-v1,c9380bd69d0e1d094657eddf3b59489be4b1936561d28466835006a1e050ca76,OPT-RF-U256-ROFA-MIX-R256-v1:0089,A_corrH_c2_m11_8804_148,adb66c5ba44f5aaf958e5fea0dcfa002c671496ab43c102a22c3b7a1790339e9,89,cross_family_test_set,rof-a/structures/A_corrH_c2_m11_8804_148.cif,76f0fff4bc5e8349917d59e1aea89c600c4d05517f0b001c6964cb2bddaae2c8,adb66c5ba44f5aaf958e5fea0dcfa002c671496ab43c102a22c3b7a1790339e9,0,148,"[""N"", ""C"", ""C"", ""C"", ""C"", ""C"", ""C"", ""C"", ""C"", ""O"", ""C"", ""C"", ""C"", ""C"", ""C"", ""N"", ""C"", ""C"", ""C"", ""C"", ""C"", ""C"", ""C"", ""C"", ""C"", ""C"", ""C"", ""C"", ""C"", ""C"", ""C"", ""C"", ""C"", ""C"", ""C"", ""C"", ""C"", ""C"", ""C"", ""C"", ""O"", ""C"", ""C"", ""C"", ""H"", ""H"", ""H"", ""H"", ""H"", ""H"", ""H"", ""H"", ""H"", ""H"", ""H"", ""H"", ""H"", ""H"", ""H"", ""H"", ""H"", ""H"", ""H"", ""H"", ""H"", ""H"", ""H"", ""H"", ""H"", ""H"", ""H"", ""H"", ""H"", ""H"", ""N"", ""C"", ""C"", ""C"", ""C"", ""C"", ""C"", ""C"", ""C"", ""O"", ""C"", ""C"", ""C"", ""C"", ""C"", ""N"", ""C"", ""C"", ""C"", ""C"", ""C"", ""C"", ""C"", ""C"", ""C"", ""C"", ""C"", ""C"", ""C"", ""C"", ""C"", ""C"", ""C"", ""C"", ""C"", ""C"", ""C"", ""C"", ""C"", ""C"", ""O"", ""C"", ""C"", ""C"", ""H"", ""H"", ""H"", ""H"", ""H"", ""H"", ""H"", ""H"", ""H"", ""H"", ""H"", ""H"", ""H"", ""H"", ""H"", ""H"", ""H"", ""H"", ""H"", ""H"", ""H"", ""H"", ""H"", ""H"", ""H"", ""H"", ""H"", ""H"", ""H"", ""H""]",C80H60N4O4,"[true, true, true]","[17.107969237299024, 0.0, 0.0, -2.9487392557096093, 21.219722619342534, 0.0, -8.04333087442982, -3.6773594966311407, 26.471809334981362]",9609.964633028538,[],"{""cutoff=6.000_skin=0.000"": 3946, ""cutoff=6.000_skin=0.500"": 4536}",0.0,,
OPT-RF-U256-ROFA-MIX-R256-v1,c9380bd69d0e1d094657eddf3b59489be4b1936561d28466835006a1e050ca76,OPT-RF-U256-ROFA-MIX-R256-v1:0090,A_corrH_c2_m11_6317_148,f5473510acdd0061417fdfa41ebd7c670fec10ad524868c9d03fab6ca7977254,90,cross_family_test_set,rof-a/structures/A_corrH_c2_m11_6317_148.cif,0260839f9508b4499a445b682b610894d7a8b3f975e669e65a2d7120e364153d,f5473510acdd0061417fdfa41ebd7c670fec10ad524868c9d03fab6ca7977254,0,148,"[""N"", ""C"", ""C"", ""C"", ""C"", ""C"", ""C"", ""C"", ""C"", ""O"", ""C"", ""C"", ""C"", ""C"", ""C"", ""N"", ""C"", ""C"", ""C"", ""C"", ""C"", ""C"", ""C"", ""C"", ""C"", ""C"", ""C"", ""C"", ""C"", ""C"", ""C"", ""C"", ""C"", ""C"", ""C"", ""C"", ""C"", ""C"", ""C"", ""C"", ""O"", ""C"", ""C"", ""C"", ""H"", ""H"", ""H"", ""H"", ""H"", ""H"", ""H"", ""H"", ""H"", ""H"", ""H"", ""H"", ""H"", ""H"", ""H"", ""H"", ""H"", ""H"", ""H"", ""H"", ""H"", ""H"", ""H"", ""H"", ""H"", ""H"", ""H"", ""H"", ""H"", ""H"", ""N"", ""C"", ""C"", ""C"", ""C"", ""C"", ""C"", ""C"", ""C"", ""O"", ""C"", ""C"", ""C"", ""C"", ""C"", ""N"", ""C"", ""C"", ""C"", ""C"", ""C"", ""C"", ""C"", ""C"", ""C"", ""C"", ""C"", ""C"", ""C"", ""C"", ""C"", ""C"", ""C"", ""C"", ""C"", ""C"", ""C"", ""C"", ""C"", ""C"", ""O"", ""C"", ""C"", ""C"", ""H"", ""H"", ""H"", ""H"", ""H"", ""H"", ""H"", ""H"", ""H"", ""H"", ""H"", ""H"", ""H"", ""H"", ""H"", ""H"", ""H"", ""H"", ""H"", ""H"", ""H"", ""H"", ""H"", ""H"", ""H"", ""H"", ""H"", ""H"", ""H"", ""H""]",C80H60N4O4,"[true, true, true]","[19.217170406227098, 0.0, 0.0, 0.15478209417561484, 20.004469184273713, 0.0, 3.4546943026327765, 5.8522555134285685, 20.317181987689672]",7810.519911349539,[],"{""cutoff=6.000_skin=0.000"": 3950, ""cutoff=6.000_skin=0.500"": 4558}",0.0,,
OPT-RF-U256-ROFA-MIX-R256-v1,c9380bd69d0e1d094657eddf3b59489be4b1936561d28466835006a1e050ca76,OPT-RF-U256-ROFA-MIX-R256-v1:0091,A_corrH_c2_m11_581_148,8d16ca12169ecafe02138c2b5a8b2c098180d50873a08781e8dbbd95b6652901,91,cross_family_test_set,rof-a/structures/A_corrH_c2_m11_581_148.cif,066432d01ddcd3a9b650b7f26093c7bfe72ad25cdf3c97165cdc9bbdc299c00d,8d16ca12169ecafe02138c2b5a8b2c098180d50873a08781e8dbbd95b6652901,0,148,"[""N"", ""C"", ""C"", ""C"", ""C"", ""C"", ""C"", ""C"", ""C"", ""O"", ""C"", ""C"", ""C"", ""C"", ""C"", ""N"", ""C"", ""C"", ""C"", ""C"", ""C"", ""C"", ""C"", ""C"", ""C"", ""C"", ""C"", ""C"", ""C"", ""C"", ""C"", ""C"", ""C"", ""C"", ""C"", ""C"", ""C"", ""C"", ""C"", ""C"", ""O"", ""C"", ""C"", ""C"", ""H"", ""H"", ""H"", ""H"", ""H"", ""H"", ""H"", ""H"", ""H"", ""H"", ""H"", ""H"", ""H"", ""H"", ""H"", ""H"", ""H"", ""H"", ""H"", ""H"", ""H"", ""H"", ""H"", ""H"", ""H"", ""H"", ""H"", ""H"", ""H"", ""H"", ""N"", ""C"", ""C"", ""C"", ""C"", ""C"", ""C"", ""C"", ""C"", ""O"", ""C"", ""C"", ""C"", ""C"", ""C"", ""N"", ""C"", ""C"", ""C"", ""C"", ""C"", ""C"", ""C"", ""C"", ""C"", ""C"", ""C"", ""C"", ""C"", ""C"", ""C"", ""C"", ""C"", ""C"", ""C"", ""C"", ""C"", ""C"", ""C"", ""C"", ""O"", ""C"", ""C"", ""C"", ""H"", ""H"", ""H"", ""H"", ""H"", ""H"", ""H"", ""H"", ""H"", ""H"", ""H"", ""H"", ""H"", ""H"", ""H"", ""H"", ""H"", ""H"", ""H"", ""H"", ""H"", ""H"", ""H"", ""H"", ""H"", ""H"", ""H"", ""H"", ""H"", ""H""]",C80H60N4O4,"[true, true, true]","[21.42362460556103, 0.0, 0.0, -10.460707440050475, 21.501048413267856, 0.0, -9.480947801938504, -5.000253931444777, 28.17671867558781]",12979.052907718202,[],"{""cutoff=6.000_skin=0.000"": 3956, ""cutoff=6.000_skin=0.500"": 4570}",0.0,,
OPT-RF-U256-ROFA-MIX-R256-v1,c9380bd69d0e1d094657eddf3b59489be4b1936561d28466835006a1e050ca76,OPT-RF-U256-ROFA-MIX-R256-v1:0092,A_corrH_c1-1_m1-1_4161_148,402a95e51431f0a05cb75e8b11e275d46dce70ad471d835ff7486559f33caba8,92,cross_family_test_set,rof-a/structures/A_corrH_c1-1_m1-1_4161_148.cif,4ce7019fd9c5879d3431680e25d7090d262e2afcc59b132f94d7ec9725d424fc,402a95e51431f0a05cb75e8b11e275d46dce70ad471d835ff7486559f33caba8,0,148,"[""N"", ""C"", ""C"", ""C"", ""C"", ""C"", ""C"", ""C"", ""C"", ""O"", ""C"", ""C"", ""C"", ""C"", ""C"", ""N"", ""C"", ""C"", ""C"", ""C"", ""C"", ""C"", ""C"", ""C"", ""C"", ""C"", ""C"", ""C"", ""C"", ""C"", ""C"", ""C"", ""C"", ""C"", ""C"", ""C"", ""C"", ""C"", ""C"", ""C"", ""O"", ""C"", ""C"", ""C"", ""H"", ""H"", ""H"", ""H"", ""H"", ""H"", ""H"", ""H"", ""H"", ""H"", ""H"", ""H"", ""H"", ""H"", ""H"", ""H"", ""H"", ""H"", ""H"", ""H"", ""H"", ""H"", ""H"", ""H"", ""H"", ""H"", ""H"", ""H"", ""H"", ""H"", ""N"", ""C"", ""C"", ""C"", ""C"", ""C"", ""C"", ""C"", ""C"", ""O"", ""C"", ""C"", ""C"", ""C"", ""C"", ""N"", ""C"", ""C"", ""C"", ""C"", ""C"", ""C"", ""C"", ""C"", ""C"", ""C"", ""C"", ""C"", ""C"", ""C"", ""C"", ""C"", ""C"", ""C"", ""C"", ""C"", ""C"", ""C"", ""C"", ""C"", ""O"", ""C"", ""C"", ""C"", ""H"", ""H"", ""H"", ""H"", ""H"", ""H"", ""H"", ""H"", ""H"", ""H"", ""H"", ""H"", ""H"", ""H"", ""H"", ""H"", ""H"", ""H"", ""H"", ""H"", ""H"", ""H"", ""H"", ""H"", ""H"", ""H"", ""H"", ""H"", ""H"", ""H""]",C80H60N4O4,"[true, true, true]","[17.563559253347705, 0.0, 0.0, 8.781779626673849, 19.54103471744872, 0.0, 2.6309877810135847, 5.441119893770726, 23.330989520841204]",8007.431739568815,[],"{""cutoff=6.000_skin=0.000"": 3958, ""cutoff=6.000_skin=0.500"": 4554}",0.0,,
OPT-RF-U256-ROFA-MIX-R256-v1,c9380bd69d0e1d094657eddf3b59489be4b1936561d28466835006a1e050ca76,OPT-RF-U256-ROFA-MIX-R256-v1:0093,A_corrH_c1-1_m1-1_4586_148,4333841f6b4fc09077e644f7d27c5463c7962dedf507c399f9ea50ea3f05c9c1,93,cross_family_test_set,rof-a/structures/A_corrH_c1-1_m1-1_4586_148.cif,a1a3ffdc05f6375d38b7f69940e49b67b490cc4254cc36e3a41b46b5bb42e35d,4333841f6b4fc09077e644f7d27c5463c7962dedf507c399f9ea50ea3f05c9c1,0,148,"[""N"", ""C"", ""C"", ""C"", ""C"", ""C"", ""C"", ""C"", ""C"", ""O"", ""C"", ""C"", ""C"", ""C"", ""C"", ""N"", ""C"", ""C"", ""C"", ""C"", ""C"", ""C"", ""C"", ""C"", ""C"", ""C"", ""C"", ""C"", ""C"", ""C"", ""C"", ""C"", ""C"", ""C"", ""C"", ""C"", ""C"", ""C"", ""C"", ""C"", ""O"", ""C"", ""C"", ""C"", ""H"", ""H"", ""H"", ""H"", ""H"", ""H"", ""H"", ""H"", ""H"", ""H"", ""H"", ""H"", ""H"", ""H"", ""H"", ""H"", ""H"", ""H"", ""H"", ""H"", ""H"", ""H"", ""H"", ""H"", ""H"", ""H"", ""H"", ""H"", ""H"", ""H"", ""N"", ""C"", ""C"", ""C"", ""C"", ""C"", ""C"", ""C"", ""C"", ""O"", ""C"", ""C"", ""C"", ""C"", ""C"", ""N"", ""C"", ""C"", ""C"", ""C"", ""C"", ""C"", ""C"", ""C"", ""C"", ""C"", ""C"", ""C"", ""C"", ""C"", ""C"", ""C"", ""C"", ""C"", ""C"", ""C"", ""C"", ""C"", ""C"", ""C"", ""O"", ""C"", ""C"", ""C"", ""H"", ""H"", ""H"", ""H"", ""H"", ""H"", ""H"", ""H"", ""H"", ""H"", ""H"", ""H"", ""H"", ""H"", ""H"", ""H"", ""H"", ""H"", ""H"", ""H"", ""H"", ""H"", ""H"", ""H"", ""H"", ""H"", ""H"", ""H"", ""H"", ""H""]",C80H60N4O4,"[true, true, true]","[18.890417870190074, 0.0, 0.0, 9.013111213598984, 19.43541914884514, 0.0, 7.160358787943239, 2.049879226410209, 20.08728325147669]",7374.909235390811,[],"{""cutoff=6.000_skin=0.000"": 3962, ""cutoff=6.000_skin=0.500"": 4618}",0.0,,
OPT-RF-U256-ROFA-MIX-R256-v1,c9380bd69d0e1d094657eddf3b59489be4b1936561d28466835006a1e050ca76,OPT-RF-U256-ROFA-MIX-R256-v1:0094,A_corrH_c2_m11_340_148,91443c49a674de3e1175e3ca98c935afce10663f50086849259debdd278634dd,94,cross_family_test_set,rof-a/structures/A_corrH_c2_m11_340_148.cif,b376ef4becc6e3c378735fe76b0342ce0d951d1208dfdbf6b1de594ff71bb056,91443c49a674de3e1175e3ca98c935afce10663f50086849259debdd278634dd,0,148,"[""N"", ""C"", ""C"", ""C"", ""C"", ""C"", ""C"", ""C"", ""C"", ""O"", ""C"", ""C"", ""C"", ""C"", ""C"", ""N"", ""C"", ""C"", ""C"", ""C"", ""C"", ""C"", ""C"", ""C"", ""C"", ""C"", ""C"", ""C"", ""C"", ""C"", ""C"", ""C"", ""C"", ""C"", ""C"", ""C"", ""C"", ""C"", ""C"", ""C"", ""O"", ""C"", ""C"", ""C"", ""H"", ""H"", ""H"", ""H"", ""H"", ""H"", ""H"", ""H"", ""H"", ""H"", ""H"", ""H"", ""H"", ""H"", ""H"", ""H"", ""H"", ""H"", ""H"", ""H"", ""H"", ""H"", ""H"", ""H"", ""H"", ""H"", ""H"", ""H"", ""H"", ""H"", ""N"", ""C"", ""C"", ""C"", ""C"", ""C"", ""C"", ""C"", ""C"", ""O"", ""C"", ""C"", ""C"", ""C"", ""C"", ""N"", ""C"", ""C"", ""C"", ""C"", ""C"", ""C"", ""C"", ""C"", ""C"", ""C"", ""C"", ""C"", ""C"", ""C"", ""C"", ""C"", ""C"", ""C"", ""C"", ""C"", ""C"", ""C"", ""C"", ""C"", ""O"", ""C"", ""C"", ""C"", ""H"", ""H"", ""H"", ""H"", ""H"", ""H"", ""H"", ""H"", ""H"", ""H"", ""H"", ""H"", ""H"", ""H"", ""H"", ""H"", ""H"", ""H"", ""H"", ""H"", ""H"", ""H"", ""H"", ""H"", ""H"", ""H"", ""H"", ""H"", ""H"", ""H""]",C80H60N4O4,"[true, true, true]","[21.42362460556103, 0.0, 0.0, 6.823970060763898, 23.330734947051575, 0.0, 7.343438258252768, 4.4827552906687185, 25.700932422035727]",12846.06896851839,[],"{""cutoff=6.000_skin=0.000"": 3972, ""cutoff=6.000_skin=0.500"": 4572}",0.0,,
OPT-RF-U256-ROFA-MIX-R256-v1,c9380bd69d0e1d094657eddf3b59489be4b1936561d28466835006a1e050ca76,OPT-RF-U256-ROFA-MIX-R256-v1:0095,A_corrH_c2_m11_3446_148,2d298152bc24b09c8e89044b2d7f24b95f6cf17e6c8d4e8b51c598c510c7bb75,95,cross_family_test_set,rof-a/structures/A_corrH_c2_m11_3446_148.cif,c577b952f9d42ab9e4e62ea608951a931a20fbc71962cbaa9ec264e27486cb5d,2d298152bc24b09c8e89044b2d7f24b95f6cf17e6c8d4e8b51c598c510c7bb75,0,148,"[""N"", ""C"", ""C"", ""C"", ""C"", ""C"", ""C"", ""C"", ""C"", ""O"", ""C"", ""C"", ""C"", ""C"", ""C"", ""N"", ""C"", ""C"", ""C"", ""C"", ""C"", ""C"", ""C"", ""C"", ""C"", ""C"", ""C"", ""C"", ""C"", ""C"", ""C"", ""C"", ""C"", ""C"", ""C"", ""C"", ""C"", ""C"", ""C"", ""C"", ""O"", ""C"", ""C"", ""C"", ""H"", ""H"", ""H"", ""H"", ""H"", ""H"", ""H"", ""H"", ""H"", ""H"", ""H"", ""H"", ""H"", ""H"", ""H"", ""H"", ""H"", ""H"", ""H"", ""H"", ""H"", ""H"", ""H"", ""H"", ""H"", ""H"", ""H"", ""H"", ""H"", ""H"", ""N"", ""C"", ""C"", ""C"", ""C"", ""C"", ""C"", ""C"", ""C"", ""O"", ""C"", ""C"", ""C"", ""C"", ""C"", ""N"", ""C"", ""C"", ""C"", ""C"", ""C"", ""C"", ""C"", ""C"", ""C"", ""C"", ""C"", ""C"", ""C"", ""C"", ""C"", ""C"", ""C"", ""C"", ""C"", ""C"", ""C"", ""C"", ""C"", ""C"", ""O"", ""C"", ""C"", ""C"", ""H"", ""H"", ""H"", ""H"", ""H"", ""H"", ""H"", ""H"", ""H"", ""H"", ""H"", ""H"", ""H"", ""H"", ""H"", ""H"", ""H"", ""H"", ""H"", ""H"", ""H"", ""H"", ""H"", ""H"", ""H"", ""H"", ""H"", ""H"", ""H"", ""H""]",C80H60N4O4,"[true, true, true]","[20.373118174881817, 0.0, 0.0, 8.207040375953095, 19.789294568212274, 0.0, 9.724511508276521, 3.28163140778658, 26.471617153553947]",10672.552274252968,[],"{""cutoff=6.000_skin=0.000"": 3972, ""cutoff=6.000_skin=0.500"": 4608}",0.0,,
OPT-RF-U256-ROFA-MIX-R256-v1,c9380bd69d0e1d094657eddf3b59489be4b1936561d28466835006a1e050ca76,OPT-RF-U256-ROFA-MIX-R256-v1:0096,A_corrH_c2_m11_10959_148,be0a88d5911792fb7b6e8d0cc773cc162d0d71ece8a8a2076c82e538965775fe,96,cross_family_test_set,rof-a/structures/A_corrH_c2_m11_10959_148.cif,0ae6dbbbf7d40236660e7868b4c437f3b22350929f140a9f5cbd663e6972658f,be0a88d5911792fb7b6e8d0cc773cc162d0d71ece8a8a2076c82e538965775fe,0,148,"[""N"", ""C"", ""C"", ""C"", ""C"", ""C"", ""C"", ""C"", ""C"", ""O"", ""C"", ""C"", ""C"", ""C"", ""C"", ""N"", ""C"", ""C"", ""C"", ""C"", ""C"", ""C"", ""C"", ""C"", ""C"", ""C"", ""C"", ""C"", ""C"", ""C"", ""C"", ""C"", ""C"", ""C"", ""C"", ""C"", ""C"", ""C"", ""C"", ""C"", ""O"", ""C"", ""C"", ""C"", ""H"", ""H"", ""H"", ""H"", ""H"", ""H"", ""H"", ""H"", ""H"", ""H"", ""H"", ""H"", ""H"", ""H"", ""H"", ""H"", ""H"", ""H"", ""H"", ""H"", ""H"", ""H"", ""H"", ""H"", ""H"", ""H"", ""H"", ""H"", ""H"", ""H"", ""N"", ""C"", ""C"", ""C"", ""C"", ""C"", ""C"", ""C"", ""C"", ""O"", ""C"", ""C"", ""C"", ""C"", ""C"", ""N"", ""C"", ""C"", ""C"", ""C"", ""C"", ""C"", ""C"", ""C"", ""C"", ""C"", ""C"", ""C"", ""C"", ""C"", ""C"", ""C"", ""C"", ""C"", ""C"", ""C"", ""C"", ""C"", ""C"", ""C"", ""O"", ""C"", ""C"", ""C"", ""H"", ""H"", ""H"", ""H"", ""H"", ""H"", ""H"", ""H"", ""H"", ""H"", ""H"", ""H"", ""H"", ""H"", ""H"", ""H"", ""H"", ""H"", ""H"", ""H"", ""H"", ""H"", ""H"", ""H"", ""H"", ""H"", ""H"", ""H"", ""H"", ""H""]",C80H60N4O4,"[true, true, true]","[16.138828294009137, 0.0, 0.0, -5.248135094533782, 20.160032046195663, 0.0, -5.45073234741395, -8.828282209962392, 18.743602677663574]",6098.405364122295,[],"{""cutoff=6.000_skin=0.000"": 3978, ""cutoff=6.000_skin=0.500"": 4672}",0.0,,
OPT-RF-U256-ROFA-MIX-R256-v1,c9380bd69d0e1d094657eddf3b59489be4b1936561d28466835006a1e050ca76,OPT-RF-U256-ROFA-MIX-R256-v1:0097,A_corrH_c2_m11_24745_148,011affe98fe00444adc41a46e76f519e21f3bbdd04b90e38e326d01b39f07f9e,97,cross_family_test_set,rof-a/structures/A_corrH_c2_m11_24745_148.cif,3ddace2a301befe9f8daa710eb0aaeb3c91f5dd88195db53d2dd63836f8b2239,011affe98fe00444adc41a46e76f519e21f3bbdd04b90e38e326d01b39f07f9e,0,148,"[""N"", ""C"", ""C"", ""C"", ""C"", ""C"", ""C"", ""C"", ""C"", ""O"", ""C"", ""C"", ""C"", ""C"", ""C"", ""N"", ""C"", ""C"", ""C"", ""C"", ""C"", ""C"", ""C"", ""C"", ""C"", ""C"", ""C"", ""C"", ""C"", ""C"", ""C"", ""C"", ""C"", ""C"", ""C"", ""C"", ""C"", ""C"", ""C"", ""C"", ""O"", ""C"", ""C"", ""C"", ""H"", ""H"", ""H"", ""H"", ""H"", ""H"", ""H"", ""H"", ""H"", ""H"", ""H"", ""H"", ""H"", ""H"", ""H"", ""H"", ""H"", ""H"", ""H"", ""H"", ""H"", ""H"", ""H"", ""H"", ""H"", ""H"", ""H"", ""H"", ""H"", ""H"", ""N"", ""C"", ""C"", ""C"", ""C"", ""C"", ""C"", ""C"", ""C"", ""O"", ""C"", ""C"", ""C"", ""C"", ""C"", ""N"", ""C"", ""C"", ""C"", ""C"", ""C"", ""C"", ""C"", ""C"", ""C"", ""C"", ""C"", ""C"", ""C"", ""C"", ""C"", ""C"", ""C"", ""C"", ""C"", ""C"", ""C"", ""C"", ""C"", ""C"", ""O"", ""C"", ""C"", ""C"", ""H"", ""H"", ""H"", ""H"", ""H"", ""H"", ""H"", ""H"", ""H"", ""H"", ""H"", ""H"", ""H"", ""H"", ""H"", ""H"", ""H"", ""H"", ""H"", ""H"", ""H"", ""H"", ""H"", ""H"", ""H"", ""H"", ""H"", ""H"", ""H"", ""H""]",C80H60N4O4,"[true, true, true]","[21.18453171123869, 0.0, 0.0, 1.3458639588166454, 21.381308225746114, 0.0, 6.268060952371031, 8.587573515927506, 21.368783171599045]",9679.054489570892,[],"{""cutoff=6.000_skin=0.000"": 3980, ""cutoff=6.000_skin=0.500"": 4580}",0.0,,
OPT-RF-U256-ROFA-MIX-R256-v1,c9380bd69d0e1d094657eddf3b59489be4b1936561d28466835006a1e050ca76,OPT-RF-U256-ROFA-MIX-R256-v1:0098,A_corrH_c2_m11_8556_148,2f9cf2a2eeb53eaadda219fe53e0cd03c921965a22bcf6bb451ea18d7155e011,98,cross_family_test_set,rof-a/structures/A_corrH_c2_m11_8556_148.cif,c99cdc63243c635935f63ef13ec506118f753315b7d566130d8a2b31b5bf13a0,2f9cf2a2eeb53eaadda219fe53e0cd03c921965a22bcf6bb451ea18d7155e011,0,148,"[""N"", ""C"", ""C"", ""C"", ""C"", ""C"", ""C"", ""C"", ""C"", ""O"", ""C"", ""C"", ""C"", ""C"", ""C"", ""N"", ""C"", ""C"", ""C"", ""C"", ""C"", ""C"", ""C"", ""C"", ""C"", ""C"", ""C"", ""C"", ""C"", ""C"", ""C"", ""C"", ""C"", ""C"", ""C"", ""C"", ""C"", ""C"", ""C"", ""C"", ""O"", ""C"", ""C"", ""C"", ""H"", ""H"", ""H"", ""H"", ""H"", ""H"", ""H"", ""H"", ""H"", ""H"", ""H"", ""H"", ""H"", ""H"", ""H"", ""H"", ""H"", ""H"", ""H"", ""H"", ""H"", ""H"", ""H"", ""H"", ""H"", ""H"", ""H"", ""H"", ""H"", ""H"", ""N"", ""C"", ""C"", ""C"", ""C"", ""C"", ""C"", ""C"", ""C"", ""O"", ""C"", ""C"", ""C"", ""C"", ""C"", ""N"", ""C"", ""C"", ""C"", ""C"", ""C"", ""C"", ""C"", ""C"", ""C"", ""C"", ""C"", ""C"", ""C"", ""C"", ""C"", ""C"", ""C"", ""C"", ""C"", ""C"", ""C"", ""C"", ""C"", ""C"", ""O"", ""C"", ""C"", ""C"", ""H"", ""H"", ""H"", ""H"", ""H"", ""H"", ""H"", ""H"", ""H"", ""H"", ""H"", ""H"", ""H"", ""H"", ""H"", ""H"", ""H"", ""H"", ""H"", ""H"", ""H"", ""H"", ""H"", ""H"", ""H"", ""H"", ""H"", ""H"", ""H"", ""H""]",C80H60N4O4,"[true, true, true]","[21.42362460556103, 0.0, 0.0, 8.377385223092803, 20.39283779577168, 0.0, 0.5101170830636733, 4.970177075162023, 24.077706013713485]",10519.272901783967,[],"{""cutoff=6.000_skin=0.000"": 3988, ""cutoff=6.000_skin=0.500"": 4614}",0.0,,
OPT-RF-U256-ROFA-MIX-R256-v1,c9380bd69d0e1d094657eddf3b59489be4b1936561d28466835006a1e050ca76,OPT-RF-U256-ROFA-MIX-R256-v1:0099,A_corrH_c2_m11_7870_148,a2de6f25718edaf430f42f1fc5330c8415358bb1e24d0b8c9fa82454c6f202c1,99,cross_family_test_set,rof-a/structures/A_corrH_c2_m11_7870_148.cif,65995768b70113268fc47e00f1357695d9b352434a0b1f92c77bebbc726f281f,a2de6f25718edaf430f42f1fc5330c8415358bb1e24d0b8c9fa82454c6f202c1,0,148,"[""N"", ""C"", ""C"", ""C"", ""C"", ""C"", ""C"", ""C"", ""C"", ""O"", ""C"", ""C"", ""C"", ""C"", ""C"", ""N"", ""C"", ""C"", ""C"", ""C"", ""C"", ""C"", ""C"", ""C"", ""C"", ""C"", ""C"", ""C"", ""C"", ""C"", ""C"", ""C"", ""C"", ""C"", ""C"", ""C"", ""C"", ""C"", ""C"", ""C"", ""O"", ""C"", ""C"", ""C"", ""H"", ""H"", ""H"", ""H"", ""H"", ""H"", ""H"", ""H"", ""H"", ""H"", ""H"", ""H"", ""H"", ""H"", ""H"", ""H"", ""H"", ""H"", ""H"", ""H"", ""H"", ""H"", ""H"", ""H"", ""H"", ""H"", ""H"", ""H"", ""H"", ""H"", ""N"", ""C"", ""C"", ""C"", ""C"", ""C"", ""C"", ""C"", ""C"", ""O"", ""C"", ""C"", ""C"", ""C"", ""C"", ""N"", ""C"", ""C"", ""C"", ""C"", ""C"", ""C"", ""C"", ""C"", ""C"", ""C"", ""C"", ""C"", ""C"", ""C"", ""C"", ""C"", ""C"", ""C"", ""C"", ""C"", ""C"", ""C"", ""C"", ""C"", ""O"", ""C"", ""C"", ""C"", ""H"", ""H"", ""H"", ""H"", ""H"", ""H"", ""H"", ""H"", ""H"", ""H"", ""H"", ""H"", ""H"", ""H"", ""H"", ""H"", ""H"", ""H"", ""H"", ""H"", ""H"", ""H"", ""H"", ""H"", ""H"", ""H"", ""H"", ""H"", ""H"", ""H""]",C80H60N4O4,"[true, true, true]","[17.47320804287461, 0.0, 0.0, -5.4163905239506756, 17.708891624135283, 0.0, -1.7035528482511482, -8.62914938819156, 34.5153004842968]",10680.109037138749,[],"{""cutoff=6.000_skin=0.000"": 3992, ""cutoff=6.000_skin=0.500"": 4640}",0.0,,
OPT-RF-U256-ROFA-MIX-R256-v1,c9380bd69d0e1d094657eddf3b59489be4b1936561d28466835006a1e050ca76,OPT-RF-U256-ROFA-MIX-R256-v1:0100,A_corrH_c2_m11_2669_148,21429e2b6537faddad8e482d4e8e767ed4b2fedc9f72a691701b48dafedcad5b,100,cross_family_test_set,rof-a/structures/A_corrH_c2_m11_2669_148.cif,2de1b74420be49401015e4c5915d6b962d2d9a64d0dd062cea4a81dfa4b13afb,21429e2b6537faddad8e482d4e8e767ed4b2fedc9f72a691701b48dafedcad5b,0,148,"[""N"", ""C"", ""C"", ""C"", ""C"", ""C"", ""C"", ""C"", ""C"", ""O"", ""C"", ""C"", ""C"", ""C"", ""C"", ""N"", ""C"", ""C"", ""C"", ""C"", ""C"", ""C"", ""C"", ""C"", ""C"", ""C"", ""C"", ""C"", ""C"", ""C"", ""C"", ""C"", ""C"", ""C"", ""C"", ""C"", ""C"", ""C"", ""C"", ""C"", ""O"", ""C"", ""C"", ""C"", ""H"", ""H"", ""H"", ""H"", ""H"", ""H"", ""H"", ""H"", ""H"", ""H"", ""H"", ""H"", ""H"", ""H"", ""H"", ""H"", ""H"", ""H"", ""H"", ""H"", ""H"", ""H"", ""H"", ""H"", ""H"", ""H"", ""H"", ""H"", ""H"", ""H"", ""N"", ""C"", ""C"", ""C"", ""C"", ""C"", ""C"", ""C"", ""C"", ""O"", ""C"", ""C"", ""C"", ""C"", ""C"", ""N"", ""C"", ""C"", ""C"", ""C"", ""C"", ""C"", ""C"", ""C"", ""C"", ""C"", ""C"", ""C"", ""C"", ""C"", ""C"", ""C"", ""C"", ""C"", ""C"", ""C"", ""C"", ""C"", ""C"", ""C"", ""O"", ""C"", ""C"", ""C"", ""H"", ""H"", ""H"", ""H"", ""H"", ""H"", ""H"", ""H"", ""H"", ""H"", ""H"", ""H"", ""H"", ""H"", ""H"", ""H"", ""H"", ""H"", ""H"", ""H"", ""H"", ""H"", ""H"", ""H"", ""H"", ""H"", ""H"", ""H"", ""H"", ""H""]",C80H60N4O4,"[true, true, true]","[21.42362460556103, 0.0, 0.0, 7.463165988014704, 21.548966579993962, 0.0, 6.443028526034017, 6.175776181477537, 25.03374511870184]",11557.002935463297,[],"{""cutoff=6.000_skin=0.000"": 4000, ""cutoff=6.000_skin=0.500"": 4612}",0.0,,
OPT-RF-U256-ROFA-MIX-R256-v1,c9380bd69d0e1d094657eddf3b59489be4b1936561d28466835006a1e050ca76,OPT-RF-U256-ROFA-MIX-R256-v1:0101,A_corrH_c2_m11_11880_148,218c024f5172a7df7d0538b654c78f041bb932af508a41467f4b9ee6be22d509,101,cross_family_test_set,rof-a/structures/A_corrH_c2_m11_11880_148.cif,5e14a2d4e385fffcda43dd4cb5a0bc7566e054f5c9651620401e4e04e1db76b3,218c024f5172a7df7d0538b654c78f041bb932af508a41467f4b9ee6be22d509,0,148,"[""N"", ""C"", ""C"", ""C"", ""C"", ""C"", ""C"", ""C"", ""C"", ""O"", ""C"", ""C"", ""C"", ""C"", ""C"", ""N"", ""C"", ""C"", ""C"", ""C"", ""C"", ""C"", ""C"", ""C"", ""C"", ""C"", ""C"", ""C"", ""C"", ""C"", ""C"", ""C"", ""C"", ""C"", ""C"", ""C"", ""C"", ""C"", ""C"", ""C"", ""O"", ""C"", ""C"", ""C"", ""H"", ""H"", ""H"", ""H"", ""H"", ""H"", ""H"", ""H"", ""H"", ""H"", ""H"", ""H"", ""H"", ""H"", ""H"", ""H"", ""H"", ""H"", ""H"", ""H"", ""H"", ""H"", ""H"", ""H"", ""H"", ""H"", ""H"", ""H"", ""H"", ""H"", ""N"", ""C"", ""C"", ""C"", ""C"", ""C"", ""C"", ""C"", ""C"", ""O"", ""C"", ""C"", ""C"", ""C"", ""C"", ""N"", ""C"", ""C"", ""C"", ""C"", ""C"", ""C"", ""C"", ""C"", ""C"", ""C"", ""C"", ""C"", ""C"", ""C"", ""C"", ""C"", ""C"", ""C"", ""C"", ""C"", ""C"", ""C"", ""C"", ""C"", ""O"", ""C"", ""C"", ""C"", ""H"", ""H"", ""H"", ""H"", ""H"", ""H"", ""H"", ""H"", ""H"", ""H"", ""H"", ""H"", ""H"", ""H"", ""H"", ""H"", ""H"", ""H"", ""H"", ""H"", ""H"", ""H"", ""H"", ""H"", ""H"", ""H"", ""H"", ""H"", ""H"", ""H""]",C80H60N4O4,"[true, true, true]","[20.494229468514455, 0.0, 0.0, 7.854957180563722, 19.931666737418386, 0.0, 9.63596776952535, 2.2512869227166488, 26.47934499475229]",10816.392780575981,[],"{""cutoff=6.000_skin=0.000"": 4002, ""cutoff=6.000_skin=0.500"": 4644}",0.0,,
OPT-RF-U256-ROFA-MIX-R256-v1,c9380bd69d0e1d094657eddf3b59489be4b1936561d28466835006a1e050ca76,OPT-RF-U256-ROFA-MIX-R256-v1:0102,A_corrH_c2_m11_1523_148,add0ba3cfbc563395478d0c2ef542bc4e4d6716fe2df49f982893a586a6fa4b5,102,cross_family_test_set,rof-a/structures/A_corrH_c2_m11_1523_148.cif,6cb1e4e5e7fcb918c2341e417eec915efe9f1439d7f2bae3daedd7329a2556de,add0ba3cfbc563395478d0c2ef542bc4e4d6716fe2df49f982893a586a6fa4b5,0,148,"[""N"", ""C"", ""C"", ""C"", ""C"", ""C"", ""C"", ""C"", ""C"", ""O"", ""C"", ""C"", ""C"", ""C"", ""C"", ""N"", ""C"", ""C"", ""C"", ""C"", ""C"", ""C"", ""C"", ""C"", ""C"", ""C"", ""C"", ""C"", ""C"", ""C"", ""C"", ""C"", ""C"", ""C"", ""C"", ""C"", ""C"", ""C"", ""C"", ""C"", ""O"", ""C"", ""C"", ""C"", ""H"", ""H"", ""H"", ""H"", ""H"", ""H"", ""H"", ""H"", ""H"", ""H"", ""H"", ""H"", ""H"", ""H"", ""H"", ""H"", ""H"", ""H"", ""H"", ""H"", ""H"", ""H"", ""H"", ""H"", ""H"", ""H"", ""H"", ""H"", ""H"", ""H"", ""N"", ""C"", ""C"", ""C"", ""C"", ""C"", ""C"", ""C"", ""C"", ""O"", ""C"", ""C"", ""C"", ""C"", ""C"", ""N"", ""C"", ""C"", ""C"", ""C"", ""C"", ""C"", ""C"", ""C"", ""C"", ""C"", ""C"", ""C"", ""C"", ""C"", ""C"", ""C"", ""C"", ""C"", ""C"", ""C"", ""C"", ""C"", ""C"", ""C"", ""O"", ""C"", ""C"", ""C"", ""H"", ""H"", ""H"", ""H"", ""H"", ""H"", ""H"", ""H"", ""H"", ""H"", ""H"", ""H"", ""H"", ""H"", ""H"", ""H"", ""H"", ""H"", ""H"", ""H"", ""H"", ""H"", ""H"", ""H"", ""H"", ""H"", ""H"", ""H"", ""H"", ""H""]",C80H60N4O4,"[true, true, true]","[19.637220480610953, 0.0, 0.0, -4.282279345850744, 20.991278542387548, 0.0, -1.4221712412753187, -5.625960809680279, 26.576572256283647]",10955.138547734137,[],"{""cutoff=6.000_skin=0.000"": 4004, ""cutoff=6.000_skin=0.500"": 4638}",0.0,,
OPT-RF-U256-ROFA-MIX-R256-v1,c9380bd69d0e1d094657eddf3b59489be4b1936561d28466835006a1e050ca76,OPT-RF-U256-ROFA-MIX-R256-v1:0103,A_corrH_c2_m11_12766_148,87593aa63b9710cc152d5ceca1cd5f7b7a9e1c9a0b3e0092e403d6c53329d001,103,cross_family_test_set,rof-a/structures/A_corrH_c2_m11_12766_148.cif,2fb74f8816ca9c8a2307d00052cc6787e2c90806660d3cc06ce7a1e93510b41a,87593aa63b9710cc152d5ceca1cd5f7b7a9e1c9a0b3e0092e403d6c53329d001,0,148,"[""N"", ""C"", ""C"", ""C"", ""C"", ""C"", ""C"", ""C"", ""C"", ""O"", ""C"", ""C"", ""C"", ""C"", ""C"", ""N"", ""C"", ""C"", ""C"", ""C"", ""C"", ""C"", ""C"", ""C"", ""C"", ""C"", ""C"", ""C"", ""C"", ""C"", ""C"", ""C"", ""C"", ""C"", ""C"", ""C"", ""C"", ""C"", ""C"", ""C"", ""O"", ""C"", ""C"", ""C"", ""H"", ""H"", ""H"", ""H"", ""H"", ""H"", ""H"", ""H"", ""H"", ""H"", ""H"", ""H"", ""H"", ""H"", ""H"", ""H"", ""H"", ""H"", ""H"", ""H"", ""H"", ""H"", ""H"", ""H"", ""H"", ""H"", ""H"", ""H"", ""H"", ""H"", ""N"", ""C"", ""C"", ""C"", ""C"", ""C"", ""C"", ""C"", ""C"", ""O"", ""C"", ""C"", ""C"", ""C"", ""C"", ""N"", ""C"", ""C"", ""C"", ""C"", ""C"", ""C"", ""C"", ""C"", ""C"", ""C"", ""C"", ""C"", ""C"", ""C"", ""C"", ""C"", ""C"", ""C"", ""C"", ""C"", ""C"", ""C"", ""C"", ""C"", ""O"", ""C"", ""C"", ""C"", ""H"", ""H"", ""H"", ""H"", ""H"", ""H"", ""H"", ""H"", ""H"", ""H"", ""H"", ""H"", ""H"", ""H"", ""H"", ""H"", ""H"", ""H"", ""H"", ""H"", ""H"", ""H"", ""H"", ""H"", ""H"", ""H"", ""H"", ""H"", ""H"", ""H""]",C80H60N4O4,"[true, true, true]","[20.180952181584495, 0.0, 0.0, -1.141746237644092, 21.39317897762802, 0.0, -9.421605533821298, -5.561005399307075, 20.42681144432405]",8818.963759436205,[],"{""cutoff=6.000_skin=0.000"": 4006, ""cutoff=6.000_skin=0.500"": 4694}",0.0,,
OPT-RF-U256-ROFA-MIX-R256-v1,c9380bd69d0e1d094657eddf3b59489be4b1936561d28466835006a1e050ca76,OPT-RF-U256-ROFA-MIX-R256-v1:0104,A_corrH_c2_m11_24570_148,003d590b25e987de4ca8df88789a7cdc4a72b8cad80abd4234b0336166e8f18d,104,cross_family_test_set,rof-a/structures/A_corrH_c2_m11_24570_148.cif,355f6b6f8883a6535e1dec8eb949530214629f0af0ced76e560997f331b80523,003d590b25e987de4ca8df88789a7cdc4a72b8cad80abd4234b0336166e8f18d,0,148,"[""N"", ""C"", ""C"", ""C"", ""C"", ""C"", ""C"", ""C"", ""C"", ""O"", ""C"", ""C"", ""C"", ""C"", ""C"", ""N"", ""C"", ""C"", ""C"", ""C"", ""C"", ""C"", ""C"", ""C"", ""C"", ""C"", ""C"", ""C"", ""C"", ""C"", ""C"", ""C"", ""C"", ""C"", ""C"", ""C"", ""C"", ""C"", ""C"", ""C"", ""O"", ""C"", ""C"", ""C"", ""H"", ""H"", ""H"", ""H"", ""H"", ""H"", ""H"", ""H"", ""H"", ""H"", ""H"", ""H"", ""H"", ""H"", ""H"", ""H"", ""H"", ""H"", ""H"", ""H"", ""H"", ""H"", ""H"", ""H"", ""H"", ""H"", ""H"", ""H"", ""H"", ""H"", ""N"", ""C"", ""C"", ""C"", ""C"", ""C"", ""C"", ""C"", ""C"", ""O"", ""C"", ""C"", ""C"", ""C"", ""C"", ""N"", ""C"", ""C"", ""C"", ""C"", ""C"", ""C"", ""C"", ""C"", ""C"", ""C"", ""C"", ""C"", ""C"", ""C"", ""C"", ""C"", ""C"", ""C"", ""C"", ""C"", ""C"", ""C"", ""C"", ""C"", ""O"", ""C"", ""C"", ""C"", ""H"", ""H"", ""H"", ""H"", ""H"", ""H"", ""H"", ""H"", ""H"", ""H"", ""H"", ""H"", ""H"", ""H"", ""H"", ""H"", ""H"", ""H"", ""H"", ""H"", ""H"", ""H"", ""H"", ""H"", ""H"", ""H"", ""H"", ""H"", ""H"", ""H""]",C80H60N4O4,"[true, true, true]","[21.42362460556103, 0.0, 0.0, -8.749374237256193, 22.777397401279856, 0.0, -5.078089793262953, -8.381125341410128, 22.450701379519785]",10955.367791563285,[],"{""cutoff=6.000_skin=0.000"": 4006, ""cutoff=6.000_skin=0.500"": 4636}",0.0,,
OPT-RF-U256-ROFA-MIX-R256-v1,c9380bd69d0e1d094657eddf3b59489be4b1936561d28466835006a1e050ca76,OPT-RF-U256-ROFA-MIX-R256-v1:0105,A_corrH_c1-1_m1-1_3976_148,cafe4502519bb930fcadb906e3755c7ad2264c1c904b732443d2cbe27cc92007,105,cross_family_test_set,rof-a/structures/A_corrH_c1-1_m1-1_3976_148.cif,4ade9c6c9b0e28ce9e892e74f70685664b6efaf2b9b610441769ac452f47ab04,cafe4502519bb930fcadb906e3755c7ad2264c1c904b732443d2cbe27cc92007,0,148,"[""N"", ""C"", ""C"", ""C"", ""C"", ""C"", ""C"", ""C"", ""C"", ""O"", ""C"", ""C"", ""C"", ""C"", ""C"", ""N"", ""C"", ""C"", ""C"", ""C"", ""C"", ""C"", ""C"", ""C"", ""C"", ""C"", ""C"", ""C"", ""C"", ""C"", ""C"", ""C"", ""C"", ""C"", ""C"", ""C"", ""C"", ""C"", ""C"", ""C"", ""O"", ""C"", ""C"", ""C"", ""H"", ""H"", ""H"", ""H"", ""H"", ""H"", ""H"", ""H"", ""H"", ""H"", ""H"", ""H"", ""H"", ""H"", ""H"", ""H"", ""H"", ""H"", ""H"", ""H"", ""H"", ""H"", ""H"", ""H"", ""H"", ""H"", ""H"", ""H"", ""H"", ""H"", ""N"", ""C"", ""C"", ""C"", ""C"", ""C"", ""C"", ""C"", ""C"", ""O"", ""C"", ""C"", ""C"", ""C"", ""C"", ""N"", ""C"", ""C"", ""C"", ""C"", ""C"", ""C"", ""C"", ""C"", ""C"", ""C"", ""C"", ""C"", ""C"", ""C"", ""C"", ""C"", ""C"", ""C"", ""C"", ""C"", ""C"", ""C"", ""C"", ""C"", ""O"", ""C"", ""C"", ""C"", ""H"", ""H"", ""H"", ""H"", ""H"", ""H"", ""H"", ""H"", ""H"", ""H"", ""H"", ""H"", ""H"", ""H"", ""H"", ""H"", ""H"", ""H"", ""H"", ""H"", ""H"", ""H"", ""H"", ""H"", ""H"", ""H"", ""H"", ""H"", ""H"", ""H""]",C80H60N4O4,"[true, true, true]","[15.245197813464534, 0.0, 0.0, 7.622598906732266, 20.02168017792423, 0.0, 3.743350451830467, 0.32934313475011123, 30.84959103941445]",9416.358720881544,[],"{""cutoff=6.000_skin=0.000"": 4012, ""cutoff=6.000_skin=0.500"": 4616}",0.0,,
OPT-RF-U256-ROFA-MIX-R256-v1,c9380bd69d0e1d094657eddf3b59489be4b1936561d28466835006a1e050ca76,OPT-RF-U256-ROFA-MIX-R256-v1:0106,A_corrH_c1-1_m1-1_2070_148,4585ffe0a0702978af672ac299d7975146ecfaf73a4d11ddf304c433f22bc2a2,106,cross_family_test_set,rof-a/structures/A_corrH_c1-1_m1-1_2070_148.cif,5e8cc1079084a0188841cb442c6ae94901c4f608ab6c21c130dcb647fe24cf5f,4585ffe0a0702978af672ac299d7975146ecfaf73a4d11ddf304c433f22bc2a2,0,148,"[""N"", ""C"", ""C"", ""C"", ""C"", ""C"", ""C"", ""C"", ""C"", ""O"", ""C"", ""C"", ""C"", ""C"", ""C"", ""N"", ""C"", ""C"", ""C"", ""C"", ""C"", ""C"", ""C"", ""C"", ""C"", ""C"", ""C"", ""C"", ""C"", ""C"", ""C"", ""C"", ""C"", ""C"", ""C"", ""C"", ""C"", ""C"", ""C"", ""C"", ""O"", ""C"", ""C"", ""C"", ""H"", ""H"", ""H"", ""H"", ""H"", ""H"", ""H"", ""H"", ""H"", ""H"", ""H"", ""H"", ""H"", ""H"", ""H"", ""H"", ""H"", ""H"", ""H"", ""H"", ""H"", ""H"", ""H"", ""H"", ""H"", ""H"", ""H"", ""H"", ""H"", ""H"", ""N"", ""C"", ""C"", ""C"", ""C"", ""C"", ""C"", ""C"", ""C"", ""O"", ""C"", ""C"", ""C"", ""C"", ""C"", ""N"", ""C"", ""C"", ""C"", ""C"", ""C"", ""C"", ""C"", ""C"", ""C"", ""C"", ""C"", ""C"", ""C"", ""C"", ""C"", ""C"", ""C"", ""C"", ""C"", ""C"", ""C"", ""C"", ""C"", ""C"", ""O"", ""C"", ""C"", ""C"", ""H"", ""H"", ""H"", ""H"", ""H"", ""H"", ""H"", ""H"", ""H"", ""H"", ""H"", ""H"", ""H"", ""H"", ""H"", ""H"", ""H"", ""H"", ""H"", ""H"", ""H"", ""H"", ""H"", ""H"", ""H"", ""H"", ""H"", ""H"", ""H"", ""H""]",C80H60N4O4,"[true, true, true]","[17.68074399309699, 0.0, 0.0, 7.563271327557099, 19.452315077881313, 0.0, 8.840371996548491, 7.3305202910278044, 18.085435755476585]",6220.149292615882,[],"{""cutoff=6.000_skin=0.000"": 4014, ""cutoff=6.000_skin=0.500"": 4686}",0.0,,
OPT-RF-U256-ROFA-MIX-R256-v1,c9380bd69d0e1d094657eddf3b59489be4b1936561d28466835006a1e050ca76,OPT-RF-U256-ROFA-MIX-R256-v1:0107,A_corrH_c2_m11_364_148,4a83cac9328707b75d1c44ed32393af6eb1aedbe630274bb881b450907363a8e,107,cross_family_test_set,rof-a/structures/A_corrH_c2_m11_364_148.cif,302880eb5ac2f8fe85cd72a41e439907f7f8543663b87847187ad7e6f1e647a5,4a83cac9328707b75d1c44ed32393af6eb1aedbe630274bb881b450907363a8e,0,148,"[""N"", ""C"", ""C"", ""C"", ""C"", ""C"", ""C"", ""C"", ""C"", ""O"", ""C"", ""C"", ""C"", ""C"", ""C"", ""N"", ""C"", ""C"", ""C"", ""C"", ""C"", ""C"", ""C"", ""C"", ""C"", ""C"", ""C"", ""C"", ""C"", ""C"", ""C"", ""C"", ""C"", ""C"", ""C"", ""C"", ""C"", ""C"", ""C"", ""C"", ""O"", ""C"", ""C"", ""C"", ""H"", ""H"", ""H"", ""H"", ""H"", ""H"", ""H"", ""H"", ""H"", ""H"", ""H"", ""H"", ""H"", ""H"", ""H"", ""H"", ""H"", ""H"", ""H"", ""H"", ""H"", ""H"", ""H"", ""H"", ""H"", ""H"", ""H"", ""H"", ""H"", ""H"", ""N"", ""C"", ""C"", ""C"", ""C"", ""C"", ""C"", ""C"", ""C"", ""O"", ""C"", ""C"", ""C"", ""C"", ""C"", ""N"", ""C"", ""C"", ""C"", ""C"", ""C"", ""C"", ""C"", ""C"", ""C"", ""C"", ""C"", ""C"", ""C"", ""C"", ""C"", ""C"", ""C"", ""C"", ""C"", ""C"", ""C"", ""C"", ""C"", ""C"", ""O"", ""C"", ""C"", ""C"", ""H"", ""H"", ""H"", ""H"", ""H"", ""H"", ""H"", ""H"", ""H"", ""H"", ""H"", ""H"", ""H"", ""H"", ""H"", ""H"", ""H"", ""H"", ""H"", ""H"", ""H"", ""H"", ""H"", ""H"", ""H"", ""H"", ""H"", ""H"", ""H"", ""H""]",C80H60N4O4,"[true, true, true]","[19.33305178083384, 0.0, 0.0, -4.595657386046222, 18.859741212485257, 0.0, -5.5091599939601625, -10.608605677918131, 16.993619960059267]",6196.151741481801,[],"{""cutoff=6.000_skin=0.000"": 4066, ""cutoff=6.000_skin=0.500"": 4810}",0.0,,
OPT-RF-U256-ROFA-MIX-R256-v1,c9380bd69d0e1d094657eddf3b59489be4b1936561d28466835006a1e050ca76,OPT-RF-U256-ROFA-MIX-R256-v1:0108,A_corrH_c2_m11_4563_148,40a31d474e100a65fab9c986c7c2c686e67f3def267b9b1a96e8035802d262c0,108,cross_family_test_set,rof-a/structures/A_corrH_c2_m11_4563_148.cif,c4bcaedc53877f17ab14737316d4c8b758bccd1efa284e468a36f7027ba49fe1,40a31d474e100a65fab9c986c7c2c686e67f3def267b9b1a96e8035802d262c0,0,148,"[""N"", ""C"", ""C"", ""C"", ""C"", ""C"", ""C"", ""C"", ""C"", ""O"", ""C"", ""C"", ""C"", ""C"", ""C"", ""N"", ""C"", ""C"", ""C"", ""C"", ""C"", ""C"", ""C"", ""C"", ""C"", ""C"", ""C"", ""C"", ""C"", ""C"", ""C"", ""C"", ""C"", ""C"", ""C"", ""C"", ""C"", ""C"", ""C"", ""C"", ""O"", ""C"", ""C"", ""C"", ""H"", ""H"", ""H"", ""H"", ""H"", ""H"", ""H"", ""H"", ""H"", ""H"", ""H"", ""H"", ""H"", ""H"", ""H"", ""H"", ""H"", ""H"", ""H"", ""H"", ""H"", ""H"", ""H"", ""H"", ""H"", ""H"", ""H"", ""H"", ""H"", ""H"", ""N"", ""C"", ""C"", ""C"", ""C"", ""C"", ""C"", ""C"", ""C"", ""O"", ""C"", ""C"", ""C"", ""C"", ""C"", ""N"", ""C"", ""C"", ""C"", ""C"", ""C"", ""C"", ""C"", ""C"", ""C"", ""C"", ""C"", ""C"", ""C"", ""C"", ""C"", ""C"", ""C"", ""C"", ""C"", ""C"", ""C"", ""C"", ""C"", ""C"", ""O"", ""C"", ""C"", ""C"", ""H"", ""H"", ""H"", ""H"", ""H"", ""H"", ""H"", ""H"", ""H"", ""H"", ""H"", ""H"", ""H"", ""H"", ""H"", ""H"", ""H"", ""H"", ""H"", ""H"", ""H"", ""H"", ""H"", ""H"", ""H"", ""H"", ""H"", ""H"", ""H"", ""H""]",C80H60N4O4,"[true, true, true]","[21.42362460556103, 0.0, 0.0, 6.693189655768803, 25.171534347762528, 0.0, 5.0363314739385965, 7.4337871840031085, 30.48176985868405]",16437.766943360264,[],"{""cutoff=6.000_skin=0.000"": 4068, ""cutoff=6.000_skin=0.500"": 4766}",0.0,,
OPT-RF-U256-ROFA-MIX-R256-v1,c9380bd69d0e1d094657eddf3b59489be4b1936561d28466835006a1e050ca76,OPT-RF-U256-ROFA-MIX-R256-v1:0109,A_corrH_c1-1_m1-1_5476_148,69084f8d608398f55a04881d79cc7e552808d3bf3858e2f935eea21aa8d81d61,109,cross_family_test_set,rof-a/structures/A_corrH_c1-1_m1-1_5476_148.cif,39b761680c5265502fd567b6eadf0923592f5c4bd07ff603d0f4ab4c9d039d59,69084f8d608398f55a04881d79cc7e552808d3bf3858e2f935eea21aa8d81d61,0,148,"[""N"", ""C"", ""C"", ""C"", ""C"", ""C"", ""C"", ""C"", ""C"", ""O"", ""C"", ""C"", ""C"", ""C"", ""C"", ""N"", ""C"", ""C"", ""C"", ""C"", ""C"", ""C"", ""C"", ""C"", ""C"", ""C"", ""C"", ""C"", ""C"", ""C"", ""C"", ""C"", ""C"", ""C"", ""C"", ""C"", ""C"", ""C"", ""C"", ""C"", ""O"", ""C"", ""C"", ""C"", ""H"", ""H"", ""H"", ""H"", ""H"", ""H"", ""H"", ""H"", ""H"", ""H"", ""H"", ""H"", ""H"", ""H"", ""H"", ""H"", ""H"", ""H"", ""H"", ""H"", ""H"", ""H"", ""H"", ""H"", ""H"", ""H"", ""H"", ""H"", ""H"", ""H"", ""N"", ""C"", ""C"", ""C"", ""C"", ""C"", ""C"", ""C"", ""C"", ""O"", ""C"", ""C"", ""C"", ""C"", ""C"", ""N"", ""C"", ""C"", ""C"", ""C"", ""C"", ""C"", ""C"", ""C"", ""C"", ""C"", ""C"", ""C"", ""C"", ""C"", ""C"", ""C"", ""C"", ""C"", ""C"", ""C"", ""C"", ""C"", ""C"", ""C"", ""O"", ""C"", ""C"", ""C"", ""H"", ""H"", ""H"", ""H"", ""H"", ""H"", ""H"", ""H"", ""H"", ""H"", ""H"", ""H"", ""H"", ""H"", ""H"", ""H"", ""H"", ""H"", ""H"", ""H"", ""H"", ""H"", ""H"", ""H"", ""H"", ""H"", ""H"", ""H"", ""H"", ""H""]",C80H60N4O4,"[true, true, true]","[21.423624605561027, 0.0, 0.0, 3.0093465731471003, 21.211212234162563, 0.0, 8.212669472801291, 7.051569607998203, 24.260030182231635]",11024.268348014057,[],"{""cutoff=6.000_skin=0.000"": 4074, ""cutoff=6.000_skin=0.500"": 4716}",0.0,,
OPT-RF-U256-ROFA-MIX-R256-v1,c9380bd69d0e1d094657eddf3b59489be4b1936561d28466835006a1e050ca76,OPT-RF-U256-ROFA-MIX-R256-v1:0110,A_corrH_c1-1_m1-1_7362_148,bae223e2100c03fe8d1a485df99fa81a4e90fbf4974336b0a08968b36259dfd3,110,cross_family_test_set,rof-a/structures/A_corrH_c1-1_m1-1_7362_148.cif,9f200eaa5d1d3c1c45900311b7d7017f8dc00df79aeb5e98191b70bef1b998d7,bae223e2100c03fe8d1a485df99fa81a4e90fbf4974336b0a08968b36259dfd3,0,148,"[""N"", ""C"", ""C"", ""C"", ""C"", ""C"", ""C"", ""C"", ""C"", ""O"", ""C"", ""C"", ""C"", ""C"", ""C"", ""N"", ""C"", ""C"", ""C"", ""C"", ""C"", ""C"", ""C"", ""C"", ""C"", ""C"", ""C"", ""C"", ""C"", ""C"", ""C"", ""C"", ""C"", ""C"", ""C"", ""C"", ""C"", ""C"", ""C"", ""C"", ""O"", ""C"", ""C"", ""C"", ""H"", ""H"", ""H"", ""H"", ""H"", ""H"", ""H"", ""H"", ""H"", ""H"", ""H"", ""H"", ""H"", ""H"", ""H"", ""H"", ""H"", ""H"", ""H"", ""H"", ""H"", ""H"", ""H"", ""H"", ""H"", ""H"", ""H"", ""H"", ""H"", ""H"", ""N"", ""C"", ""C"", ""C"", ""C"", ""C"", ""C"", ""C"", ""C"", ""O"", ""C"", ""C"", ""C"", ""C"", ""C"", ""N"", ""C"", ""C"", ""C"", ""C"", ""C"", ""C"", ""C"", ""C"", ""C"", ""C"", ""C"", ""C"", ""C"", ""C"", ""C"", ""C"", ""C"", ""C"", ""C"", ""C"", ""C"", ""C"", ""C"", ""C"", ""O"", ""C"", ""C"", ""C"", ""H"", ""H"", ""H"", ""H"", ""H"", ""H"", ""H"", ""H"", ""H"", ""H"", ""H"", ""H"", ""H"", ""H"", ""H"", ""H"", ""H"", ""H"", ""H"", ""H"", ""H"", ""H"", ""H"", ""H"", ""H"", ""H"", ""H"", ""H"", ""H"", ""H""]",C80H60N4O4,"[true, true, true]","[21.42362460556103, 0.0, 0.0, 6.915462662656902, 20.276786417018805, 0.0, 9.263456705975772, 2.2073433645019422, 21.84231652919392]",9488.35167277098,[],"{""cutoff=6.000_skin=0.000"": 4092, ""cutoff=6.000_skin=0.500"": 4816}",0.0,,
OPT-RF-U256-ROFA-MIX-R256-v1,c9380bd69d0e1d094657eddf3b59489be4b1936561d28466835006a1e050ca76,OPT-RF-U256-ROFA-MIX-R256-v1:0111,A_corrH_c2_m11_17803_148,c7d1f66324378ecfd88bad78ad5423ca5b0fa41348e19711c0f34b1fbc8a132d,111,cross_family_test_set,rof-a/structures/A_corrH_c2_m11_17803_148.cif,6cc7d64bad4c457db3acb68aba856659d2dab8f1abdab057d42fca7e590fea0c,c7d1f66324378ecfd88bad78ad5423ca5b0fa41348e19711c0f34b1fbc8a132d,0,148,"[""N"", ""C"", ""C"", ""C"", ""C"", ""C"", ""C"", ""C"", ""C"", ""O"", ""C"", ""C"", ""C"", ""C"", ""C"", ""N"", ""C"", ""C"", ""C"", ""C"", ""C"", ""C"", ""C"", ""C"", ""C"", ""C"", ""C"", ""C"", ""C"", ""C"", ""C"", ""C"", ""C"", ""C"", ""C"", ""C"", ""C"", ""C"", ""C"", ""C"", ""O"", ""C"", ""C"", ""C"", ""H"", ""H"", ""H"", ""H"", ""H"", ""H"", ""H"", ""H"", ""H"", ""H"", ""H"", ""H"", ""H"", ""H"", ""H"", ""H"", ""H"", ""H"", ""H"", ""H"", ""H"", ""H"", ""H"", ""H"", ""H"", ""H"", ""H"", ""H"", ""H"", ""H"", ""N"", ""C"", ""C"", ""C"", ""C"", ""C"", ""C"", ""C"", ""C"", ""O"", ""C"", ""C"", ""C"", ""C"", ""C"", ""N"", ""C"", ""C"", ""C"", ""C"", ""C"", ""C"", ""C"", ""C"", ""C"", ""C"", ""C"", ""C"", ""C"", ""C"", ""C"", ""C"", ""C"", ""C"", ""C"", ""C"", ""C"", ""C"", ""C"", ""C"", ""O"", ""C"", ""C"", ""C"", ""H"", ""H"", ""H"", ""H"", ""H"", ""H"", ""H"", ""H"", ""H"", ""H"", ""H"", ""H"", ""H"", ""H"", ""H"", ""H"", ""H"", ""H"", ""H"", ""H"", ""H"", ""H"", ""H"", ""H"", ""H"", ""H"", ""H"", ""H"", ""H"", ""H""]",C80H60N4O4,"[true, true, true]","[17.807997791047832, 0.0, 0.0, 5.21592601383013, 20.328402155532395, 0.0, 5.182832673503113, 9.365950151883267, 18.406391339383045]",6663.263505421565,[],"{""cutoff=6.000_skin=0.000"": 4100, ""cutoff=6.000_skin=0.500"": 4790}",0.0,,
OPT-RF-U256-ROFA-MIX-R256-v1,c9380bd69d0e1d094657eddf3b59489be4b1936561d28466835006a1e050ca76,OPT-RF-U256-ROFA-MIX-R256-v1:0112,A_corrH_c2_m11_20191_148,3bc6aec062036701cdf18ead8b7f135658d9b5117545cb0ca996267ec2f850ae,112,cross_family_test_set,rof-a/structures/A_corrH_c2_m11_20191_148.cif,6a3b2159764087a13a4ff3a1621c4bbe9ce2c086d96f56ad7b6636a61393a8b2,3bc6aec062036701cdf18ead8b7f135658d9b5117545cb0ca996267ec2f850ae,0,148,"[""N"", ""C"", ""C"", ""C"", ""C"", ""C"", ""C"", ""C"", ""C"", ""O"", ""C"", ""C"", ""C"", ""C"", ""C"", ""N"", ""C"", ""C"", ""C"", ""C"", ""C"", ""C"", ""C"", ""C"", ""C"", ""C"", ""C"", ""C"", ""C"", ""C"", ""C"", ""C"", ""C"", ""C"", ""C"", ""C"", ""C"", ""C"", ""C"", ""C"", ""O"", ""C"", ""C"", ""C"", ""H"", ""H"", ""H"", ""H"", ""H"", ""H"", ""H"", ""H"", ""H"", ""H"", ""H"", ""H"", ""H"", ""H"", ""H"", ""H"", ""H"", ""H"", ""H"", ""H"", ""H"", ""H"", ""H"", ""H"", ""H"", ""H"", ""H"", ""H"", ""H"", ""H"", ""N"", ""C"", ""C"", ""C"", ""C"", ""C"", ""C"", ""C"", ""C"", ""O"", ""C"", ""C"", ""C"", ""C"", ""C"", ""N"", ""C"", ""C"", ""C"", ""C"", ""C"", ""C"", ""C"", ""C"", ""C"", ""C"", ""C"", ""C"", ""C"", ""C"", ""C"", ""C"", ""C"", ""C"", ""C"", ""C"", ""C"", ""C"", ""C"", ""C"", ""O"", ""C"", ""C"", ""C"", ""H"", ""H"", ""H"", ""H"", ""H"", ""H"", ""H"", ""H"", ""H"", ""H"", ""H"", ""H"", ""H"", ""H"", ""H"", ""H"", ""H"", ""H"", ""H"", ""H"", ""H"", ""H"", ""H"", ""H"", ""H"", ""H"", ""H"", ""H"", ""H"", ""H""]",C80H60N4O4,"[true, true, true]","[13.946060883958799, 0.0, 0.0, 2.140851844299091, 21.316389108401104, 0.0, 0.7002100771902394, 5.969220685315782, 43.44397116726614]",12915.008992074509,[],"{""cutoff=6.000_skin=0.000"": 4104, ""cutoff=6.000_skin=0.500"": 4792}",0.0,,
OPT-RF-U256-ROFA-MIX-R256-v1,c9380bd69d0e1d094657eddf3b59489be4b1936561d28466835006a1e050ca76,OPT-RF-U256-ROFA-MIX-R256-v1:0113,A_corrH_c2_m11_2853_148,b8d30bba1b2fd9f966d8b79a7fc5be57a10a788e428905fa647b8ba5f84893b5,113,cross_family_test_set,rof-a/structures/A_corrH_c2_m11_2853_148.cif,50114c0b14e19775552f89ba6b2bce9c3145b719d2effbb3ff580255f926764e,b8d30bba1b2fd9f966d8b79a7fc5be57a10a788e428905fa647b8ba5f84893b5,0,148,"[""N"", ""C"", ""C"", ""C"", ""C"", ""C"", ""C"", ""C"", ""C"", ""O"", ""C"", ""C"", ""C"", ""C"", ""C"", ""N"", ""C"", ""C"", ""C"", ""C"", ""C"", ""C"", ""C"", ""C"", ""C"", ""C"", ""C"", ""C"", ""C"", ""C"", ""C"", ""C"", ""C"", ""C"", ""C"", ""C"", ""C"", ""C"", ""C"", ""C"", ""O"", ""C"", ""C"", ""C"", ""H"", ""H"", ""H"", ""H"", ""H"", ""H"", ""H"", ""H"", ""H"", ""H"", ""H"", ""H"", ""H"", ""H"", ""H"", ""H"", ""H"", ""H"", ""H"", ""H"", ""H"", ""H"", ""H"", ""H"", ""H"", ""H"", ""H"", ""H"", ""H"", ""H"", ""N"", ""C"", ""C"", ""C"", ""C"", ""C"", ""C"", ""C"", ""C"", ""O"", ""C"", ""C"", ""C"", ""C"", ""C"", ""N"", ""C"", ""C"", ""C"", ""C"", ""C"", ""C"", ""C"", ""C"", ""C"", ""C"", ""C"", ""C"", ""C"", ""C"", ""C"", ""C"", ""C"", ""C"", ""C"", ""C"", ""C"", ""C"", ""C"", ""C"", ""O"", ""C"", ""C"", ""C"", ""H"", ""H"", ""H"", ""H"", ""H"", ""H"", ""H"", ""H"", ""H"", ""H"", ""H"", ""H"", ""H"", ""H"", ""H"", ""H"", ""H"", ""H"", ""H"", ""H"", ""H"", ""H"", ""H"", ""H"", ""H"", ""H"", ""H"", ""H"", ""H"", ""H""]",C80H60N4O4,"[true, true, true]","[18.837477944616648, 0.0, 0.0, -1.967146053244958, 21.33312043853882, 0.0, -2.1164688560941336, -8.949304880528908, 23.100626087687385]",9283.268091810594,[],"{""cutoff=6.000_skin=0.000"": 4120, ""cutoff=6.000_skin=0.500"": 4820}",0.0,,
OPT-RF-U256-ROFA-MIX-R256-v1,c9380bd69d0e1d094657eddf3b59489be4b1936561d28466835006a1e050ca76,OPT-RF-U256-ROFA-MIX-R256-v1:0114,A_corrH_c1-1_m1-1_5529_148,d9a4e49a572da568cb5ea709739e36e711b986b55ca418082cae34a2ccdbf4b7,114,cross_family_test_set,rof-a/structures/A_corrH_c1-1_m1-1_5529_148.cif,f766787c7520a2f0227b04902526d313c052dec7266fafe204dd2a019119e72f,d9a4e49a572da568cb5ea709739e36e711b986b55ca418082cae34a2ccdbf4b7,0,148,"[""N"", ""C"", ""C"", ""C"", ""C"", ""C"", ""C"", ""C"", ""C"", ""O"", ""C"", ""C"", ""C"", ""C"", ""C"", ""N"", ""C"", ""C"", ""C"", ""C"", ""C"", ""C"", ""C"", ""C"", ""C"", ""C"", ""C"", ""C"", ""C"", ""C"", ""C"", ""C"", ""C"", ""C"", ""C"", ""C"", ""C"", ""C"", ""C"", ""C"", ""O"", ""C"", ""C"", ""C"", ""H"", ""H"", ""H"", ""H"", ""H"", ""H"", ""H"", ""H"", ""H"", ""H"", ""H"", ""H"", ""H"", ""H"", ""H"", ""H"", ""H"", ""H"", ""H"", ""H"", ""H"", ""H"", ""H"", ""H"", ""H"", ""H"", ""H"", ""H"", ""H"", ""H"", ""N"", ""C"", ""C"", ""C"", ""C"", ""C"", ""C"", ""C"", ""C"", ""O"", ""C"", ""C"", ""C"", ""C"", ""C"", ""N"", ""C"", ""C"", ""C"", ""C"", ""C"", ""C"", ""C"", ""C"", ""C"", ""C"", ""C"", ""C"", ""C"", ""C"", ""C"", ""C"", ""C"", ""C"", ""C"", ""C"", ""C"", ""C"", ""C"", ""C"", ""O"", ""C"", ""C"", ""C"", ""H"", ""H"", ""H"", ""H"", ""H"", ""H"", ""H"", ""H"", ""H"", ""H"", ""H"", ""H"", ""H"", ""H"", ""H"", ""H"", ""H"", ""H"", ""H"", ""H"", ""H"", ""H"", ""H"", ""H"", ""H"", ""H"", ""H"", ""H"", ""H"", ""H""]",C80H60N4O4,"[true, true, true]","[21.38336571246362, 0.0, 0.0, 9.362921188981606, 19.269338287780393, 0.0, 3.32381435068458, -0.07675955340120347, 21.164074687383447]",8720.515337430756,[],"{""cutoff=6.000_skin=0.000"": 4128, ""cutoff=6.000_skin=0.500"": 4878}",0.0,,
OPT-RF-U256-ROFA-MIX-R256-v1,c9380bd69d0e1d094657eddf3b59489be4b1936561d28466835006a1e050ca76,OPT-RF-U256-ROFA-MIX-R256-v1:0115,A_corrH_c2_m11_12492_148,f5fc717a2f01cb744aa4686453d88ddc72605bb70e828c3b46ee017fca9eadf5,115,cross_family_test_set,rof-a/structures/A_corrH_c2_m11_12492_148.cif,30a49a4417154a7385b9c624f102644ec8d43e30bd33b8bcd2ee921530f456f6,f5fc717a2f01cb744aa4686453d88ddc72605bb70e828c3b46ee017fca9eadf5,0,148,"[""N"", ""C"", ""C"", ""C"", ""C"", ""C"", ""C"", ""C"", ""C"", ""O"", ""C"", ""C"", ""C"", ""C"", ""C"", ""N"", ""C"", ""C"", ""C"", ""C"", ""C"", ""C"", ""C"", ""C"", ""C"", ""C"", ""C"", ""C"", ""C"", ""C"", ""C"", ""C"", ""C"", ""C"", ""C"", ""C"", ""C"", ""C"", ""C"", ""C"", ""O"", ""C"", ""C"", ""C"", ""H"", ""H"", ""H"", ""H"", ""H"", ""H"", ""H"", ""H"", ""H"", ""H"", ""H"", ""H"", ""H"", ""H"", ""H"", ""H"", ""H"", ""H"", ""H"", ""H"", ""H"", ""H"", ""H"", ""H"", ""H"", ""H"", ""H"", ""H"", ""H"", ""H"", ""N"", ""C"", ""C"", ""C"", ""C"", ""C"", ""C"", ""C"", ""C"", ""O"", ""C"", ""C"", ""C"", ""C"", ""C"", ""N"", ""C"", ""C"", ""C"", ""C"", ""C"", ""C"", ""C"", ""C"", ""C"", ""C"", ""C"", ""C"", ""C"", ""C"", ""C"", ""C"", ""C"", ""C"", ""C"", ""C"", ""C"", ""C"", ""C"", ""C"", ""O"", ""C"", ""C"", ""C"", ""H"", ""H"", ""H"", ""H"", ""H"", ""H"", ""H"", ""H"", ""H"", ""H"", ""H"", ""H"", ""H"", ""H"", ""H"", ""H"", ""H"", ""H"", ""H"", ""H"", ""H"", ""H"", ""H"", ""H"", ""H"", ""H"", ""H"", ""H"", ""H"", ""H""]",C80H60N4O4,"[true, true, true]","[20.595015486092844, 0.0, 0.0, 10.293955341012854, 18.15787528397728, 0.0, 5.4235060282408645, 4.5430534890541265, 20.221719476771213]",7562.149050843511,[],"{""cutoff=6.000_skin=0.000"": 4142, ""cutoff=6.000_skin=0.500"": 4848}",0.0,,
OPT-RF-U256-ROFA-MIX-R256-v1,c9380bd69d0e1d094657eddf3b59489be4b1936561d28466835006a1e050ca76,OPT-RF-U256-ROFA-MIX-R256-v1:0116,A_corrH_c2_m11_22879_148,1a35150d86f6f67ff0ca72f0724667adee3a3617973946493fa245544b695788,116,cross_family_test_set,rof-a/structures/A_corrH_c2_m11_22879_148.cif,3727d475365abbf9cda026516422ae0bde1907f7b644310f5a3a4192c7da872d,1a35150d86f6f67ff0ca72f0724667adee3a3617973946493fa245544b695788,0,148,"[""N"", ""C"", ""C"", ""C"", ""C"", ""C"", ""C"", ""C"", ""C"", ""O"", ""C"", ""C"", ""C"", ""C"", ""C"", ""N"", ""C"", ""C"", ""C"", ""C"", ""C"", ""C"", ""C"", ""C"", ""C"", ""C"", ""C"", ""C"", ""C"", ""C"", ""C"", ""C"", ""C"", ""C"", ""C"", ""C"", ""C"", ""C"", ""C"", ""C"", ""O"", ""C"", ""C"", ""C"", ""H"", ""H"", ""H"", ""H"", ""H"", ""H"", ""H"", ""H"", ""H"", ""H"", ""H"", ""H"", ""H"", ""H"", ""H"", ""H"", ""H"", ""H"", ""H"", ""H"", ""H"", ""H"", ""H"", ""H"", ""H"", ""H"", ""H"", ""H"", ""H"", ""H"", ""N"", ""C"", ""C"", ""C"", ""C"", ""C"", ""C"", ""C"", ""C"", ""O"", ""C"", ""C"", ""C"", ""C"", ""C"", ""N"", ""C"", ""C"", ""C"", ""C"", ""C"", ""C"", ""C"", ""C"", ""C"", ""C"", ""C"", ""C"", ""C"", ""C"", ""C"", ""C"", ""C"", ""C"", ""C"", ""C"", ""C"", ""C"", ""C"", ""C"", ""O"", ""C"", ""C"", ""C"", ""H"", ""H"", ""H"", ""H"", ""H"", ""H"", ""H"", ""H"", ""H"", ""H"", ""H"", ""H"", ""H"", ""H"", ""H"", ""H"", ""H"", ""H"", ""H"", ""H"", ""H"", ""H"", ""H"", ""H"", ""H"", ""H"", ""H"", ""H"", ""H"", ""H""]",C80H60N4O4,"[true, true, true]","[18.38953602273772, 0.0, 0.0, 6.252471089247471, 20.49093205586619, 0.0, 8.194322726917651, 2.810142055549192, 22.02365273980001]",8298.924925425788,[],"{""cutoff=6.000_skin=0.000"": 4150, ""cutoff=6.000_skin=0.500"": 4930}",0.0,,
OPT-RF-U256-ROFA-MIX-R256-v1,c9380bd69d0e1d094657eddf3b59489be4b1936561d28466835006a1e050ca76,OPT-RF-U256-ROFA-MIX-R256-v1:0117,A_corrH_c2_m11_26622_148,275a64d8d1173fb579a2e2b41cb065710b1a2e37a66fee17658a4058cb7c247e,117,cross_family_test_set,rof-a/structures/A_corrH_c2_m11_26622_148.cif,e7f3c70ca3f6d5a88ecbd16c7a3c59ab8982afaa53dd99cd549bfb89144ed276,275a64d8d1173fb579a2e2b41cb065710b1a2e37a66fee17658a4058cb7c247e,0,148,"[""N"", ""C"", ""C"", ""C"", ""C"", ""C"", ""C"", ""C"", ""C"", ""O"", ""C"", ""C"", ""C"", ""C"", ""C"", ""N"", ""C"", ""C"", ""C"", ""C"", ""C"", ""C"", ""C"", ""C"", ""C"", ""C"", ""C"", ""C"", ""C"", ""C"", ""C"", ""C"", ""C"", ""C"", ""C"", ""C"", ""C"", ""C"", ""C"", ""C"", ""O"", ""C"", ""C"", ""C"", ""H"", ""H"", ""H"", ""H"", ""H"", ""H"", ""H"", ""H"", ""H"", ""H"", ""H"", ""H"", ""H"", ""H"", ""H"", ""H"", ""H"", ""H"", ""H"", ""H"", ""H"", ""H"", ""H"", ""H"", ""H"", ""H"", ""H"", ""H"", ""H"", ""H"", ""N"", ""C"", ""C"", ""C"", ""C"", ""C"", ""C"", ""C"", ""C"", ""O"", ""C"", ""C"", ""C"", ""C"", ""C"", ""N"", ""C"", ""C"", ""C"", ""C"", ""C"", ""C"", ""C"", ""C"", ""C"", ""C"", ""C"", ""C"", ""C"", ""C"", ""C"", ""C"", ""C"", ""C"", ""C"", ""C"", ""C"", ""C"", ""C"", ""C"", ""O"", ""C"", ""C"", ""C"", ""H"", ""H"", ""H"", ""H"", ""H"", ""H"", ""H"", ""H"", ""H"", ""H"", ""H"", ""H"", ""H"", ""H"", ""H"", ""H"", ""H"", ""H"", ""H"", ""H"", ""H"", ""H"", ""H"", ""H"", ""H"", ""H"", ""H"", ""H"", ""H"", ""H""]",C80H60N4O4,"[true, true, true]","[21.42362460556103, 0.0, 0.0, -3.9612697186755583, 22.45590975406802, 0.0, -9.786204430861915, -8.145755099004651, 19.29869579899391]",9284.351294302618,[],"{""cutoff=6.000_skin=0.000"": 4150, ""cutoff=6.000_skin=0.500"": 4878}",0.0,,
OPT-RF-U256-ROFA-MIX-R256-v1,c9380bd69d0e1d094657eddf3b59489be4b1936561d28466835006a1e050ca76,OPT-RF-U256-ROFA-MIX-R256-v1:0118,A_corrH_c2_m11_3595_148,220d491fa3ffb24b7c9f3b2d2808fbd4316b34e01ace286f7b607b5fac5ec03d,118,cross_family_test_set,rof-a/structures/A_corrH_c2_m11_3595_148.cif,367797c7c6f057d7f513171119627f9bce0e2af29194360dd2cab0d63630df47,220d491fa3ffb24b7c9f3b2d2808fbd4316b34e01ace286f7b607b5fac5ec03d,0,148,"[""N"", ""C"", ""C"", ""C"", ""C"", ""C"", ""C"", ""C"", ""C"", ""O"", ""C"", ""C"", ""C"", ""C"", ""C"", ""N"", ""C"", ""C"", ""C"", ""C"", ""C"", ""C"", ""C"", ""C"", ""C"", ""C"", ""C"", ""C"", ""C"", ""C"", ""C"", ""C"", ""C"", ""C"", ""C"", ""C"", ""C"", ""C"", ""C"", ""C"", ""O"", ""C"", ""C"", ""C"", ""H"", ""H"", ""H"", ""H"", ""H"", ""H"", ""H"", ""H"", ""H"", ""H"", ""H"", ""H"", ""H"", ""H"", ""H"", ""H"", ""H"", ""H"", ""H"", ""H"", ""H"", ""H"", ""H"", ""H"", ""H"", ""H"", ""H"", ""H"", ""H"", ""H"", ""N"", ""C"", ""C"", ""C"", ""C"", ""C"", ""C"", ""C"", ""C"", ""O"", ""C"", ""C"", ""C"", ""C"", ""C"", ""N"", ""C"", ""C"", ""C"", ""C"", ""C"", ""C"", ""C"", ""C"", ""C"", ""C"", ""C"", ""C"", ""C"", ""C"", ""C"", ""C"", ""C"", ""C"", ""C"", ""C"", ""C"", ""C"", ""C"", ""C"", ""O"", ""C"", ""C"", ""C"", ""H"", ""H"", ""H"", ""H"", ""H"", ""H"", ""H"", ""H"", ""H"", ""H"", ""H"", ""H"", ""H"", ""H"", ""H"", ""H"", ""H"", ""H"", ""H"", ""H"", ""H"", ""H"", ""H"", ""H"", ""H"", ""H"", ""H"", ""H"", ""H"", ""H""]",C80H60N4O4,"[true, true, true]","[18.53278737514355, 0.0, 0.0, 7.967812347591834, 19.886821204847273, 0.0, 6.405888170187489, -0.5250069132329255, 28.100438432928012]",10356.647821753215,[],"{""cutoff=6.000_skin=0.000"": 4182, ""cutoff=6.000_skin=0.500"": 4942}",0.0,,
OPT-RF-U256-ROFA-MIX-R256-v1,c9380bd69d0e1d094657eddf3b59489be4b1936561d28466835006a1e050ca76,OPT-RF-U256-ROFA-MIX-R256-v1:0119,A_corrH_c2_m11_24179_148,fe4c6975ca926fc5a1e4de8032160ff0e891d6fe218f07caaebaa2177db17837,119,cross_family_test_set,rof-a/structures/A_corrH_c2_m11_24179_148.cif,c4f648882ea95b15dafa865402cbea2af46136775f522ff2de65aca0e57747f0,fe4c6975ca926fc5a1e4de8032160ff0e891d6fe218f07caaebaa2177db17837,0,148,"[""N"", ""C"", ""C"", ""C"", ""C"", ""C"", ""C"", ""C"", ""C"", ""O"", ""C"", ""C"", ""C"", ""C"", ""C"", ""N"", ""C"", ""C"", ""C"", ""C"", ""C"", ""C"", ""C"", ""C"", ""C"", ""C"", ""C"", ""C"", ""C"", ""C"", ""C"", ""C"", ""C"", ""C"", ""C"", ""C"", ""C"", ""C"", ""C"", ""C"", ""O"", ""C"", ""C"", ""C"", ""H"", ""H"", ""H"", ""H"", ""H"", ""H"", ""H"", ""H"", ""H"", ""H"", ""H"", ""H"", ""H"", ""H"", ""H"", ""H"", ""H"", ""H"", ""H"", ""H"", ""H"", ""H"", ""H"", ""H"", ""H"", ""H"", ""H"", ""H"", ""H"", ""H"", ""N"", ""C"", ""C"", ""C"", ""C"", ""C"", ""C"", ""C"", ""C"", ""O"", ""C"", ""C"", ""C"", ""C"", ""C"", ""N"", ""C"", ""C"", ""C"", ""C"", ""C"", ""C"", ""C"", ""C"", ""C"", ""C"", ""C"", ""C"", ""C"", ""C"", ""C"", ""C"", ""C"", ""C"", ""C"", ""C"", ""C"", ""C"", ""C"", ""C"", ""O"", ""C"", ""C"", ""C"", ""H"", ""H"", ""H"", ""H"", ""H"", ""H"", ""H"", ""H"", ""H"", ""H"", ""H"", ""H"", ""H"", ""H"", ""H"", ""H"", ""H"", ""H"", ""H"", ""H"", ""H"", ""H"", ""H"", ""H"", ""H"", ""H"", ""H"", ""H"", ""H"", ""H""]",C80H60N4O4,"[true, true, true]","[21.42362460556103, 0.0, 0.0, 8.231632752809983, 20.762779438283168, 0.0, 10.437072543855384, 7.524917235854232, 21.37405733017285]",9507.479775971438,[],"{""cutoff=6.000_skin=0.000"": 4190, ""cutoff=6.000_skin=0.500"": 4902}",0.0,,
OPT-RF-U256-ROFA-MIX-R256-v1,c9380bd69d0e1d094657eddf3b59489be4b1936561d28466835006a1e050ca76,OPT-RF-U256-ROFA-MIX-R256-v1:0120,A_corrH_c2_m11_8554_148,c11b17593ee51ac316e7a51e1bfb0de57054891cb086b48bf9da2dd3a3ce61ca,120,cross_family_test_set,rof-a/structures/A_corrH_c2_m11_8554_148.cif,5f264d003007931a5b3164dfc6286f7e2dc3e6bbe4ac7a3db917e9722bc8f6f8,c11b17593ee51ac316e7a51e1bfb0de57054891cb086b48bf9da2dd3a3ce61ca,0,148,"[""N"", ""C"", ""C"", ""C"", ""C"", ""C"", ""C"", ""C"", ""C"", ""O"", ""C"", ""C"", ""C"", ""C"", ""C"", ""N"", ""C"", ""C"", ""C"", ""C"", ""C"", ""C"", ""C"", ""C"", ""C"", ""C"", ""C"", ""C"", ""C"", ""C"", ""C"", ""C"", ""C"", ""C"", ""C"", ""C"", ""C"", ""C"", ""C"", ""C"", ""O"", ""C"", ""C"", ""C"", ""H"", ""H"", ""H"", ""H"", ""H"", ""H"", ""H"", ""H"", ""H"", ""H"", ""H"", ""H"", ""H"", ""H"", ""H"", ""H"", ""H"", ""H"", ""H"", ""H"", ""H"", ""H"", ""H"", ""H"", ""H"", ""H"", ""H"", ""H"", ""H"", ""H"", ""N"", ""C"", ""C"", ""C"", ""C"", ""C"", ""C"", ""C"", ""C"", ""O"", ""C"", ""C"", ""C"", ""C"", ""C"", ""N"", ""C"", ""C"", ""C"", ""C"", ""C"", ""C"", ""C"", ""C"", ""C"", ""C"", ""C"", ""C"", ""C"", ""C"", ""C"", ""C"", ""C"", ""C"", ""C"", ""C"", ""C"", ""C"", ""C"", ""C"", ""O"", ""C"", ""C"", ""C"", ""H"", ""H"", ""H"", ""H"", ""H"", ""H"", ""H"", ""H"", ""H"", ""H"", ""H"", ""H"", ""H"", ""H"", ""H"", ""H"", ""H"", ""H"", ""H"", ""H"", ""H"", ""H"", ""H"", ""H"", ""H"", ""H"", ""H"", ""H"", ""H"", ""H""]",C80H60N4O4,"[true, true, true]","[13.873344031110927, 0.0, 0.0, -2.595178159153578, 21.265858589820734, 0.0, -6.533436018947923, -9.860979099935554, 22.023927409135975]",6497.687860694864,[],"{""cutoff=6.000_skin=0.000"": 4252, ""cutoff=6.000_skin=0.500"": 5044}",0.0,,
OPT-RF-U256-ROFA-MIX-R256-v1,c9380bd69d0e1d094657eddf3b59489be4b1936561d28466835006a1e050ca76,OPT-RF-U256-ROFA-MIX-R256-v1:0121,A_corrH_c2_m11_4048_148,5613230106b46504c08b6cd72672ed37d105f5ebd78445c875c65fd3d1059eb5,121,cross_family_test_set,rof-a/structures/A_corrH_c2_m11_4048_148.cif,e12e8f9b4952b35b3ba079610465bb411c1d420a93655f0f69f8cd7eece34b9d,5613230106b46504c08b6cd72672ed37d105f5ebd78445c875c65fd3d1059eb5,0,148,"[""N"", ""C"", ""C"", ""C"", ""C"", ""C"", ""C"", ""C"", ""C"", ""O"", ""C"", ""C"", ""C"", ""C"", ""C"", ""N"", ""C"", ""C"", ""C"", ""C"", ""C"", ""C"", ""C"", ""C"", ""C"", ""C"", ""C"", ""C"", ""C"", ""C"", ""C"", ""C"", ""C"", ""C"", ""C"", ""C"", ""C"", ""C"", ""C"", ""C"", ""O"", ""C"", ""C"", ""C"", ""H"", ""H"", ""H"", ""H"", ""H"", ""H"", ""H"", ""H"", ""H"", ""H"", ""H"", ""H"", ""H"", ""H"", ""H"", ""H"", ""H"", ""H"", ""H"", ""H"", ""H"", ""H"", ""H"", ""H"", ""H"", ""H"", ""H"", ""H"", ""H"", ""H"", ""N"", ""C"", ""C"", ""C"", ""C"", ""C"", ""C"", ""C"", ""C"", ""O"", ""C"", ""C"", ""C"", ""C"", ""C"", ""N"", ""C"", ""C"", ""C"", ""C"", ""C"", ""C"", ""C"", ""C"", ""C"", ""C"", ""C"", ""C"", ""C"", ""C"", ""C"", ""C"", ""C"", ""C"", ""C"", ""C"", ""C"", ""C"", ""C"", ""C"", ""O"", ""C"", ""C"", ""C"", ""H"", ""H"", ""H"", ""H"", ""H"", ""H"", ""H"", ""H"", ""H"", ""H"", ""H"", ""H"", ""H"", ""H"", ""H"", ""H"", ""H"", ""H"", ""H"", ""H"", ""H"", ""H"", ""H"", ""H"", ""H"", ""H"", ""H"", ""H"", ""H"", ""H""]",C80H60N4O4,"[true, true, true]","[16.947092004178028, 0.0, 0.0, 0.1254024256599398, 16.994899173084672, 0.0, 8.124059782915527, 7.0677360280210015, 16.743614917366195]",4822.397514168729,[],"{""cutoff=6.000_skin=0.000"": 4268, ""cutoff=6.000_skin=0.500"": 5230}",0.0,,
OPT-RF-U256-ROFA-MIX-R256-v1,c9380bd69d0e1d094657eddf3b59489be4b1936561d28466835006a1e050ca76,OPT-RF-U256-ROFA-MIX-R256-v1:0122,A_corrH_c2_m11_6914_148,add17a67d0dd3f0f3b01ac739a483310e670b9ab51cccd52d78aa74b75fbbb2a,122,cross_family_test_set,rof-a/structures/A_corrH_c2_m11_6914_148.cif,658075c86b7ae8216a9541f08b3ad5d0a5bbccd3aeeb7168e2c825e676cd7698,add17a67d0dd3f0f3b01ac739a483310e670b9ab51cccd52d78aa74b75fbbb2a,0,148,"[""N"", ""C"", ""C"", ""C"", ""C"", ""C"", ""C"", ""C"", ""C"", ""O"", ""C"", ""C"", ""C"", ""C"", ""C"", ""N"", ""C"", ""C"", ""C"", ""C"", ""C"", ""C"", ""C"", ""C"", ""C"", ""C"", ""C"", ""C"", ""C"", ""C"", ""C"", ""C"", ""C"", ""C"", ""C"", ""C"", ""C"", ""C"", ""C"", ""C"", ""O"", ""C"", ""C"", ""C"", ""H"", ""H"", ""H"", ""H"", ""H"", ""H"", ""H"", ""H"", ""H"", ""H"", ""H"", ""H"", ""H"", ""H"", ""H"", ""H"", ""H"", ""H"", ""H"", ""H"", ""H"", ""H"", ""H"", ""H"", ""H"", ""H"", ""H"", ""H"", ""H"", ""H"", ""N"", ""C"", ""C"", ""C"", ""C"", ""C"", ""C"", ""C"", ""C"", ""O"", ""C"", ""C"", ""C"", ""C"", ""C"", ""N"", ""C"", ""C"", ""C"", ""C"", ""C"", ""C"", ""C"", ""C"", ""C"", ""C"", ""C"", ""C"", ""C"", ""C"", ""C"", ""C"", ""C"", ""C"", ""C"", ""C"", ""C"", ""C"", ""C"", ""C"", ""O"", ""C"", ""C"", ""C"", ""H"", ""H"", ""H"", ""H"", ""H"", ""H"", ""H"", ""H"", ""H"", ""H"", ""H"", ""H"", ""H"", ""H"", ""H"", ""H"", ""H"", ""H"", ""H"", ""H"", ""H"", ""H"", ""H"", ""H"", ""H"", ""H"", ""H"", ""H"", ""H"", ""H""]",C80H60N4O4,"[true, true, true]","[14.104773620256177, 0.0, 0.0, 0.013019160165565192, 21.423620649681705, 0.0, 3.2643606266888323, 1.8201777929062843, 21.59138969265649]",6524.385076452558,[],"{""cutoff=6.000_skin=0.000"": 4356, ""cutoff=6.000_skin=0.500"": 5150}",0.0,,
OPT-RF-U256-ROFA-MIX-R256-v1,c9380bd69d0e1d094657eddf3b59489be4b1936561d28466835006a1e050ca76,OPT-RF-U256-ROFA-MIX-R256-v1:0123,A_corrH_c1-1_m1-1_2068_148,34f7aa723c406ac363040e135f3ba18657f0b638e46dc866fba3562977a57740,123,cross_family_test_set,rof-a/structures/A_corrH_c1-1_m1-1_2068_148.cif,4546bdc602ed3e070491348d032169876da9633cf5377e1fe653e9fa92fb0c8e,34f7aa723c406ac363040e135f3ba18657f0b638e46dc866fba3562977a57740,0,148,"[""N"", ""C"", ""C"", ""C"", ""C"", ""C"", ""C"", ""C"", ""C"", ""O"", ""C"", ""C"", ""C"", ""C"", ""C"", ""N"", ""C"", ""C"", ""C"", ""C"", ""C"", ""C"", ""C"", ""C"", ""C"", ""C"", ""C"", ""C"", ""C"", ""C"", ""C"", ""C"", ""C"", ""C"", ""C"", ""C"", ""C"", ""C"", ""C"", ""C"", ""O"", ""C"", ""C"", ""C"", ""H"", ""H"", ""H"", ""H"", ""H"", ""H"", ""H"", ""H"", ""H"", ""H"", ""H"", ""H"", ""H"", ""H"", ""H"", ""H"", ""H"", ""H"", ""H"", ""H"", ""H"", ""H"", ""H"", ""H"", ""H"", ""H"", ""H"", ""H"", ""H"", ""H"", ""N"", ""C"", ""C"", ""C"", ""C"", ""C"", ""C"", ""C"", ""C"", ""O"", ""C"", ""C"", ""C"", ""C"", ""C"", ""N"", ""C"", ""C"", ""C"", ""C"", ""C"", ""C"", ""C"", ""C"", ""C"", ""C"", ""C"", ""C"", ""C"", ""C"", ""C"", ""C"", ""C"", ""C"", ""C"", ""C"", ""C"", ""C"", ""C"", ""C"", ""O"", ""C"", ""C"", ""C"", ""H"", ""H"", ""H"", ""H"", ""H"", ""H"", ""H"", ""H"", ""H"", ""H"", ""H"", ""H"", ""H"", ""H"", ""H"", ""H"", ""H"", ""H"", ""H"", ""H"", ""H"", ""H"", ""H"", ""H"", ""H"", ""H"", ""H"", ""H"", ""H"", ""H""]",C80H60N4O4,"[true, true, true]","[19.484350058729905, 0.0, 0.0, 7.854758914023255, 18.612304034533096, 0.0, 9.390503580398637, 6.632457646511636, 17.694531925968224]",6416.898065937403,[],"{""cutoff=6.000_skin=0.000"": 4404, ""cutoff=6.000_skin=0.500"": 5204}",0.0,,
OPT-RF-U256-ROFA-MIX-R256-v1,c9380bd69d0e1d094657eddf3b59489be4b1936561d28466835006a1e050ca76,OPT-RF-U256-ROFA-MIX-R256-v1:0124,A_corrH_c2_m11_8573_148,87dfdc630208ae1f5318c4f036dd1d39f7afc998201ce717ca9a621efca08113,124,cross_family_test_set,rof-a/structures/A_corrH_c2_m11_8573_148.cif,19a86d1d9dabf5bd6489742f8c13d4d7eddc2c90615de0db05170940ed219b9e,87dfdc630208ae1f5318c4f036dd1d39f7afc998201ce717ca9a621efca08113,0,148,"[""N"", ""C"", ""C"", ""C"", ""C"", ""C"", ""C"", ""C"", ""C"", ""O"", ""C"", ""C"", ""C"", ""C"", ""C"", ""N"", ""C"", ""C"", ""C"", ""C"", ""C"", ""C"", ""C"", ""C"", ""C"", ""C"", ""C"", ""C"", ""C"", ""C"", ""C"", ""C"", ""C"", ""C"", ""C"", ""C"", ""C"", ""C"", ""C"", ""C"", ""O"", ""C"", ""C"", ""C"", ""H"", ""H"", ""H"", ""H"", ""H"", ""H"", ""H"", ""H"", ""H"", ""H"", ""H"", ""H"", ""H"", ""H"", ""H"", ""H"", ""H"", ""H"", ""H"", ""H"", ""H"", ""H"", ""H"", ""H"", ""H"", ""H"", ""H"", ""H"", ""H"", ""H"", ""N"", ""C"", ""C"", ""C"", ""C"", ""C"", ""C"", ""C"", ""C"", ""O"", ""C"", ""C"", ""C"", ""C"", ""C"", ""N"", ""C"", ""C"", ""C"", ""C"", ""C"", ""C"", ""C"", ""C"", ""C"", ""C"", ""C"", ""C"", ""C"", ""C"", ""C"", ""C"", ""C"", ""C"", ""C"", ""C"", ""C"", ""C"", ""C"", ""C"", ""O"", ""C"", ""C"", ""C"", ""H"", ""H"", ""H"", ""H"", ""H"", ""H"", ""H"", ""H"", ""H"", ""H"", ""H"", ""H"", ""H"", ""H"", ""H"", ""H"", ""H"", ""H"", ""H"", ""H"", ""H"", ""H"", ""H"", ""H"", ""H"", ""H"", ""H"", ""H"", ""H"", ""H""]",C80H60N4O4,"[true, true, true]","[14.962904609641859, 0.0, 0.0, -2.6812896265803854, 17.553735347436454, 0.0, -5.2766219372589775, -3.076815534118042, 24.209725962199894]",6358.802365940854,[],"{""cutoff=6.000_skin=0.000"": 4770, ""cutoff=6.000_skin=0.500"": 5762}",0.0,,
OPT-RF-U256-ROFA-MIX-R256-v1,c9380bd69d0e1d094657eddf3b59489be4b1936561d28466835006a1e050ca76,OPT-RF-U256-ROFA-MIX-R256-v1:0125,A_corrH_c2_m11_13535_148,eee101b6082f051677c1c0ed214fb9e7767827578a04dadf257fcb024303edad,125,cross_family_test_set,rof-a/structures/A_corrH_c2_m11_13535_148.cif,0527ab50008d59896357d28fb309e1e0bc13c60cc83e8322c9a50a67b6219ef0,eee101b6082f051677c1c0ed214fb9e7767827578a04dadf257fcb024303edad,0,148,"[""N"", ""C"", ""C"", ""C"", ""C"", ""C"", ""C"", ""C"", ""C"", ""O"", ""C"", ""C"", ""C"", ""C"", ""C"", ""N"", ""C"", ""C"", ""C"", ""C"", ""C"", ""C"", ""C"", ""C"", ""C"", ""C"", ""C"", ""C"", ""C"", ""C"", ""C"", ""C"", ""C"", ""C"", ""C"", ""C"", ""C"", ""C"", ""C"", ""C"", ""O"", ""C"", ""C"", ""C"", ""H"", ""H"", ""H"", ""H"", ""H"", ""H"", ""H"", ""H"", ""H"", ""H"", ""H"", ""H"", ""H"", ""H"", ""H"", ""H"", ""H"", ""H"", ""H"", ""H"", ""H"", ""H"", ""H"", ""H"", ""H"", ""H"", ""H"", ""H"", ""H"", ""H"", ""N"", ""C"", ""C"", ""C"", ""C"", ""C"", ""C"", ""C"", ""C"", ""O"", ""C"", ""C"", ""C"", ""C"", ""C"", ""N"", ""C"", ""C"", ""C"", ""C"", ""C"", ""C"", ""C"", ""C"", ""C"", ""C"", ""C"", ""C"", ""C"", ""C"", ""C"", ""C"", ""C"", ""C"", ""C"", ""C"", ""C"", ""C"", ""C"", ""C"", ""O"", ""C"", ""C"", ""C"", ""H"", ""H"", ""H"", ""H"", ""H"", ""H"", ""H"", ""H"", ""H"", ""H"", ""H"", ""H"", ""H"", ""H"", ""H"", ""H"", ""H"", ""H"", ""H"", ""H"", ""H"", ""H"", ""H"", ""H"", ""H"", ""H"", ""H"", ""H"", ""H"", ""H""]",C80H60N4O4,"[true, true, true]","[14.44259602186522, 0.0, 0.0, 0.2286552748322246, 15.611728816154653, 0.0, 5.744109461368216, 0.6288636673237559, 19.149835133305004]",4317.7878681367765,[],"{""cutoff=6.000_skin=0.000"": 4800, ""cutoff=6.000_skin=0.500"": 5758}",0.0,,
OPT-RF-U256-ROFA-MIX-R256-v1,c9380bd69d0e1d094657eddf3b59489be4b1936561d28466835006a1e050ca76,OPT-RF-U256-ROFA-MIX-R256-v1:0126,A_corrH_c2_m11_20057_148,16c9aef5ef1db1e9fd86f27d640ba98b05dc51f1e0160bab8d4c4c63a357f92f,126,cross_family_test_set,rof-a/structures/A_corrH_c2_m11_20057_148.cif,f172542e5d76e1f6c33f0237e37fadca6c22d746eb6a4ac24636d7f65215c728,16c9aef5ef1db1e9fd86f27d640ba98b05dc51f1e0160bab8d4c4c63a357f92f,0,148,"[""N"", ""C"", ""C"", ""C"", ""C"", ""C"", ""C"", ""C"", ""C"", ""O"", ""C"", ""C"", ""C"", ""C"", ""C"", ""N"", ""C"", ""C"", ""C"", ""C"", ""C"", ""C"", ""C"", ""C"", ""C"", ""C"", ""C"", ""C"", ""C"", ""C"", ""C"", ""C"", ""C"", ""C"", ""C"", ""C"", ""C"", ""C"", ""C"", ""C"", ""O"", ""C"", ""C"", ""C"", ""H"", ""H"", ""H"", ""H"", ""H"", ""H"", ""H"", ""H"", ""H"", ""H"", ""H"", ""H"", ""H"", ""H"", ""H"", ""H"", ""H"", ""H"", ""H"", ""H"", ""H"", ""H"", ""H"", ""H"", ""H"", ""H"", ""H"", ""H"", ""H"", ""H"", ""N"", ""C"", ""C"", ""C"", ""C"", ""C"", ""C"", ""C"", ""C"", ""O"", ""C"", ""C"", ""C"", ""C"", ""C"", ""N"", ""C"", ""C"", ""C"", ""C"", ""C"", ""C"", ""C"", ""C"", ""C"", ""C"", ""C"", ""C"", ""C"", ""C"", ""C"", ""C"", ""C"", ""C"", ""C"", ""C"", ""C"", ""C"", ""C"", ""C"", ""O"", ""C"", ""C"", ""C"", ""H"", ""H"", ""H"", ""H"", ""H"", ""H"", ""H"", ""H"", ""H"", ""H"", ""H"", ""H"", ""H"", ""H"", ""H"", ""H"", ""H"", ""H"", ""H"", ""H"", ""H"", ""H"", ""H"", ""H"", ""H"", ""H"", ""H"", ""H"", ""H"", ""H""]",C80H60N4O4,"[true, true, true]","[13.387353975325498, 0.0, 0.0, 2.8850834448448697, 21.228471088523595, 0.0, 5.54047002876878, 1.3049403396062396, 28.881690187151175]",8207.975820328873,[],"{""cutoff=6.000_skin=0.000"": 4818, ""cutoff=6.000_skin=0.500"": 5868}",0.0,,
OPT-RF-U256-ROFA-MIX-R256-v1,c9380bd69d0e1d094657eddf3b59489be4b1936561d28466835006a1e050ca76,OPT-RF-U256-ROFA-MIX-R256-v1:0127,A_corrH_c2_m11_6406_148,0e46209df41d35065cb4434867f62097d197aaacf4a8ec7b8bffe6795da4429a,127,cross_family_test_set,rof-a/structures/A_corrH_c2_m11_6406_148.cif,c0f535f3292de9be798b8d5787f01f7a2ba7706fcdd6ee3f81ddf9880b5e7034,0e46209df41d35065cb4434867f62097d197aaacf4a8ec7b8bffe6795da4429a,0,148,"[""N"", ""C"", ""C"", ""C"", ""C"", ""C"", ""C"", ""C"", ""C"", ""O"", ""C"", ""C"", ""C"", ""C"", ""C"", ""N"", ""C"", ""C"", ""C"", ""C"", ""C"", ""C"", ""C"", ""C"", ""C"", ""C"", ""C"", ""C"", ""C"", ""C"", ""C"", ""C"", ""C"", ""C"", ""C"", ""C"", ""C"", ""C"", ""C"", ""C"", ""O"", ""C"", ""C"", ""C"", ""H"", ""H"", ""H"", ""H"", ""H"", ""H"", ""H"", ""H"", ""H"", ""H"", ""H"", ""H"", ""H"", ""H"", ""H"", ""H"", ""H"", ""H"", ""H"", ""H"", ""H"", ""H"", ""H"", ""H"", ""H"", ""H"", ""H"", ""H"", ""H"", ""H"", ""N"", ""C"", ""C"", ""C"", ""C"", ""C"", ""C"", ""C"", ""C"", ""O"", ""C"", ""C"", ""C"", ""C"", ""C"", ""N"", ""C"", ""C"", ""C"", ""C"", ""C"", ""C"", ""C"", ""C"", ""C"", ""C"", ""C"", ""C"", ""C"", ""C"", ""C"", ""C"", ""C"", ""C"", ""C"", ""C"", ""C"", ""C"", ""C"", ""C"", ""O"", ""C"", ""C"", ""C"", ""H"", ""H"", ""H"", ""H"", ""H"", ""H"", ""H"", ""H"", ""H"", ""H"", ""H"", ""H"", ""H"", ""H"", ""H"", ""H"", ""H"", ""H"", ""H"", ""H"", ""H"", ""H"", ""H"", ""H"", ""H"", ""H"", ""H"", ""H"", ""H"", ""H""]",C80H60N4O4,"[true, true, true]","[14.35971730681599, 0.0, 0.0, -0.9186897130038234, 17.166830198739, 0.0, -3.4448508337315995, -1.7907962131405697, 18.34749111016925]",4522.855238280554,[],"{""cutoff=6.000_skin=0.000"": 4990, ""cutoff=6.000_skin=0.500"": 6180}",0.0,,
OPT-RF-U256-ROFA-MIX-R256-v1,c9380bd69d0e1d094657eddf3b59489be4b1936561d28466835006a1e050ca76,OPT-RF-U256-ROFA-MIX-R256-v1:0128,A_corrH_d2_c1-1-1_m1-1-1_3123_222,d4792056a8ea268e307202f26e673a7f46705debc9fbb6a7426f4ab84966da56,128,cross_family_test_set,rof-a/structures/A_corrH_d2_c1-1-1_m1-1-1_3123_222.cif,cf29e2cb73198e5cf245e30eb9382c15cec4e060b87950f1711920b770afbeba,d4792056a8ea268e307202f26e673a7f46705debc9fbb6a7426f4ab84966da56,0,222,"[""N"", ""C"", ""C"", ""C"", ""C"", ""C"", ""C"", ""C"", ""C"", ""O"", ""C"", ""C"", ""C"", ""C"", ""C"", ""N"", ""C"", ""C"", ""C"", ""C"", ""C"", ""C"", ""C"", ""C"", ""C"", ""C"", ""C"", ""C"", ""C"", ""C"", ""C"", ""C"", ""C"", ""C"", ""C"", ""C"", ""C"", ""C"", ""C"", ""C"", ""O"", ""C"", ""C"", ""C"", ""H"", ""H"", ""H"", ""H"", ""H"", ""H"", ""H"", ""H"", ""H"", ""H"", ""H"", ""H"", ""H"", ""H"", ""H"", ""H"", ""H"", ""H"", ""H"", ""H"", ""H"", ""H"", ""H"", ""H"", ""H"", ""H"", ""H"", ""H"", ""H"", ""H"", ""N"", ""C"", ""C"", ""C"", ""C"", ""C"", ""C"", ""C"", ""C"", ""O"", ""C"", ""C"", ""C"", ""C"", ""C"", ""N"", ""C"", ""C"", ""C"", ""C"", ""C"", ""C"", ""C"", ""C"", ""C"", ""C"", ""C"", ""C"", ""C"", ""C"", ""C"", ""C"", ""C"", ""C"", ""C"", ""C"", ""C"", ""C"", ""C"", ""C"", ""O"", ""C"", ""C"", ""C"", ""H"", ""H"", ""H"", ""H"", ""H"", ""H"", ""H"", ""H"", ""H"", ""H"", ""H"", ""H"", ""H"", ""H"", ""H"", ""H"", ""H"", ""H"", ""H"", ""H"", ""H"", ""H"", ""H"", ""H"", ""H"", ""H"", ""H"", ""H"", ""H"", ""H"", ""N"", ""C"", ""C"", ""C"", ""C"", ""C"", ""C"", ""C"", ""C"", ""O"", ""C"", ""C"", ""C"", ""C"", ""C"", ""N"", ""C"", ""C"", ""C"", ""C"", ""C"", ""C"", ""C"", ""C"", ""C"", ""C"", ""C"", ""C"", ""C"", ""C"", ""C"", ""C"", ""C"", ""C"", ""C"", ""C"", ""C"", ""C"", ""C"", ""C"", ""O"", ""C"", ""C"", ""C"", ""H"", ""H"", ""H"", ""H"", ""H"", ""H"", ""H"", ""H"", ""H"", ""H"", ""H"", ""H"", ""H"", ""H"", ""H"", ""H"", ""H"", ""H"", ""H"", ""H"", ""H"", ""H"", ""H"", ""H"", ""H"", ""H"", ""H"", ""H"", ""H"", ""H""]",C120H90N6O6,"[true, true, true]","[21.42362460556103, 0.0, 0.0, -10.71181230278052, 18.553403149557223, 0.0, 67.55732752396646, 17.143263967378104, 47.26989439923763]",18788.891713522866,[],"{""cutoff=6.000_skin=0.000"": 5702, ""cutoff=6.000_skin=0.500"": 6506}",0.0,,
OPT-RF-U256-ROFA-MIX-R256-v1,c9380bd69d0e1d094657eddf3b59489be4b1936561d28466835006a1e050ca76,OPT-RF-U256-ROFA-MIX-R256-v1:0129,A_corrH_d2_c1-1-1_m1-1-1_4000_222,3fd83654cea2fb41092903c930d2a4df4abec98421fe3b5bdfd815eb973a9ab2,129,cross_family_test_set,rof-a/structures/A_corrH_d2_c1-1-1_m1-1-1_4000_222.cif,e89fa6579a0ed0c41e3935b27ff304c6dc4847eecad3013bf89fdad248f1082d,3fd83654cea2fb41092903c930d2a4df4abec98421fe3b5bdfd815eb973a9ab2,0,222,"[""N"", ""C"", ""C"", ""C"", ""C"", ""C"", ""C"", ""C"", ""C"", ""O"", ""C"", ""C"", ""C"", ""C"", ""C"", ""N"", ""C"", ""C"", ""C"", ""C"", ""C"", ""C"", ""C"", ""C"", ""C"", ""C"", ""C"", ""C"", ""C"", ""C"", ""C"", ""C"", ""C"", ""C"", ""C"", ""C"", ""C"", ""C"", ""C"", ""C"", ""O"", ""C"", ""C"", ""C"", ""H"", ""H"", ""H"", ""H"", ""H"", ""H"", ""H"", ""H"", ""H"", ""H"", ""H"", ""H"", ""H"", ""H"", ""H"", ""H"", ""H"", ""H"", ""H"", ""H"", ""H"", ""H"", ""H"", ""H"", ""H"", ""H"", ""H"", ""H"", ""H"", ""H"", ""N"", ""C"", ""C"", ""C"", ""C"", ""C"", ""C"", ""C"", ""C"", ""O"", ""C"", ""C"", ""C"", ""C"", ""C"", ""N"", ""C"", ""C"", ""C"", ""C"", ""C"", ""C"", ""C"", ""C"", ""C"", ""C"", ""C"", ""C"", ""C"", ""C"", ""C"", ""C"", ""C"", ""C"", ""C"", ""C"", ""C"", ""C"", ""C"", ""C"", ""O"", ""C"", ""C"", ""C"", ""H"", ""H"", ""H"", ""H"", ""H"", ""H"", ""H"", ""H"", ""H"", ""H"", ""H"", ""H"", ""H"", ""H"", ""H"", ""H"", ""H"", ""H"", ""H"", ""H"", ""H"", ""H"", ""H"", ""H"", ""H"", ""H"", ""H"", ""H"", ""H"", ""H"", ""N"", ""C"", ""C"", ""C"", ""C"", ""C"", ""C"", ""C"", ""C"", ""O"", ""C"", ""C"", ""C"", ""C"", ""C"", ""N"", ""C"", ""C"", ""C"", ""C"", ""C"", ""C"", ""C"", ""C"", ""C"", ""C"", ""C"", ""C"", ""C"", ""C"", ""C"", ""C"", ""C"", ""C"", ""C"", ""C"", ""C"", ""C"", ""C"", ""C"", ""O"", ""C"", ""C"", ""C"", ""H"", ""H"", ""H"", ""H"", ""H"", ""H"", ""H"", ""H"", ""H"", ""H"", ""H"", ""H"", ""H"", ""H"", ""H"", ""H"", ""H"", ""H"", ""H"", ""H"", ""H"", ""H"", ""H"", ""H"", ""H"", ""H"", ""H"", ""H"", ""H"", ""H""]",C120H90N6O6,"[true, true, true]","[21.42362460556103, 0.0, 0.0, -10.71181230278052, 18.553403149557223, 0.0, 36.49213107307916, 25.290669697386285, 44.915771169411656]",17853.17211846906,[],"{""cutoff=6.000_skin=0.000"": 5706, ""cutoff=6.000_skin=0.500"": 6524}",0.0,,
OPT-RF-U256-ROFA-MIX-R256-v1,c9380bd69d0e1d094657eddf3b59489be4b1936561d28466835006a1e050ca76,OPT-RF-U256-ROFA-MIX-R256-v1:0130,A_corrH_d2_c1-1-1_m1-1-1_5309_222,6cbb4f62a972cc16aa537ed54f2b892afcb4ec7c0b63b1d42c832ea987030306,130,cross_family_test_set,rof-a/structures/A_corrH_d2_c1-1-1_m1-1-1_5309_222.cif,2d57626a262f056e25fca4bc65983de160409c9b8728b93eb6241a4369093cb8,6cbb4f62a972cc16aa537ed54f2b892afcb4ec7c0b63b1d42c832ea987030306,0,222,"[""N"", ""C"", ""C"", ""C"", ""C"", ""C"", ""C"", ""C"", ""C"", ""O"", ""C"", ""C"", ""C"", ""C"", ""C"", ""N"", ""C"", ""C"", ""C"", ""C"", ""C"", ""C"", ""C"", ""C"", ""C"", ""C"", ""C"", ""C"", ""C"", ""C"", ""C"", ""C"", ""C"", ""C"", ""C"", ""C"", ""C"", ""C"", ""C"", ""C"", ""O"", ""C"", ""C"", ""C"", ""H"", ""H"", ""H"", ""H"", ""H"", ""H"", ""H"", ""H"", ""H"", ""H"", ""H"", ""H"", ""H"", ""H"", ""H"", ""H"", ""H"", ""H"", ""H"", ""H"", ""H"", ""H"", ""H"", ""H"", ""H"", ""H"", ""H"", ""H"", ""H"", ""H"", ""N"", ""C"", ""C"", ""C"", ""C"", ""C"", ""C"", ""C"", ""C"", ""O"", ""C"", ""C"", ""C"", ""C"", ""C"", ""N"", ""C"", ""C"", ""C"", ""C"", ""C"", ""C"", ""C"", ""C"", ""C"", ""C"", ""C"", ""C"", ""C"", ""C"", ""C"", ""C"", ""C"", ""C"", ""C"", ""C"", ""C"", ""C"", ""C"", ""C"", ""O"", ""C"", ""C"", ""C"", ""H"", ""H"", ""H"", ""H"", ""H"", ""H"", ""H"", ""H"", ""H"", ""H"", ""H"", ""H"", ""H"", ""H"", ""H"", ""H"", ""H"", ""H"", ""H"", ""H"", ""H"", ""H"", ""H"", ""H"", ""H"", ""H"", ""H"", ""H"", ""H"", ""H"", ""N"", ""C"", ""C"", ""C"", ""C"", ""C"", ""C"", ""C"", ""C"", ""O"", ""C"", ""C"", ""C"", ""C"", ""C"", ""N"", ""C"", ""C"", ""C"", ""C"", ""C"", ""C"", ""C"", ""C"", ""C"", ""C"", ""C"", ""C"", ""C"", ""C"", ""C"", ""C"", ""C"", ""C"", ""C"", ""C"", ""C"", ""C"", ""C"", ""C"", ""O"", ""C"", ""C"", ""C"", ""H"", ""H"", ""H"", ""H"", ""H"", ""H"", ""H"", ""H"", ""H"", ""H"", ""H"", ""H"", ""H"", ""H"", ""H"", ""H"", ""H"", ""H"", ""H"", ""H"", ""H"", ""H"", ""H"", ""H"", ""H"", ""H"", ""H"", ""H"", ""H"", ""H""]",C120H90N6O6,"[true, true, true]","[21.42362460556103, 0.0, 0.0, 10.711812302780523, 18.553403149557223, 0.0, 34.130422796403295, -32.50888105074769, 54.9296744088877]",21833.509836322006,[],"{""cutoff=6.000_skin=0.000"": 5710, ""cutoff=6.000_skin=0.500"": 6518}",0.0,,
OPT-RF-U256-ROFA-MIX-R256-v1,c9380bd69d0e1d094657eddf3b59489be4b1936561d28466835006a1e050ca76,OPT-RF-U256-ROFA-MIX-R256-v1:0131,A_corrH_d2_c1-1-1_m1-1-1_6493_222,db56f316ea12693bb60c8af3b904cfd598501674e5156c8f264c36f5d228d2a1,131,cross_family_test_set,rof-a/structures/A_corrH_d2_c1-1-1_m1-1-1_6493_222.cif,b67fa56c505be3c935e5399e55491b1d1849fd37de4f2ea04d4a1a9247acad9f,db56f316ea12693bb60c8af3b904cfd598501674e5156c8f264c36f5d228d2a1,0,222,"[""N"", ""C"", ""C"", ""C"", ""C"", ""C"", ""C"", ""C"", ""C"", ""O"", ""C"", ""C"", ""C"", ""C"", ""C"", ""N"", ""C"", ""C"", ""C"", ""C"", ""C"", ""C"", ""C"", ""C"", ""C"", ""C"", ""C"", ""C"", ""C"", ""C"", ""C"", ""C"", ""C"", ""C"", ""C"", ""C"", ""C"", ""C"", ""C"", ""C"", ""O"", ""C"", ""C"", ""C"", ""H"", ""H"", ""H"", ""H"", ""H"", ""H"", ""H"", ""H"", ""H"", ""H"", ""H"", ""H"", ""H"", ""H"", ""H"", ""H"", ""H"", ""H"", ""H"", ""H"", ""H"", ""H"", ""H"", ""H"", ""H"", ""H"", ""H"", ""H"", ""H"", ""H"", ""N"", ""C"", ""C"", ""C"", ""C"", ""C"", ""C"", ""C"", ""C"", ""O"", ""C"", ""C"", ""C"", ""C"", ""C"", ""N"", ""C"", ""C"", ""C"", ""C"", ""C"", ""C"", ""C"", ""C"", ""C"", ""C"", ""C"", ""C"", ""C"", ""C"", ""C"", ""C"", ""C"", ""C"", ""C"", ""C"", ""C"", ""C"", ""C"", ""C"", ""O"", ""C"", ""C"", ""C"", ""H"", ""H"", ""H"", ""H"", ""H"", ""H"", ""H"", ""H"", ""H"", ""H"", ""H"", ""H"", ""H"", ""H"", ""H"", ""H"", ""H"", ""H"", ""H"", ""H"", ""H"", ""H"", ""H"", ""H"", ""H"", ""H"", ""H"", ""H"", ""H"", ""H"", ""N"", ""C"", ""C"", ""C"", ""C"", ""C"", ""C"", ""C"", ""C"", ""O"", ""C"", ""C"", ""C"", ""C"", ""C"", ""N"", ""C"", ""C"", ""C"", ""C"", ""C"", ""C"", ""C"", ""C"", ""C"", ""C"", ""C"", ""C"", ""C"", ""C"", ""C"", ""C"", ""C"", ""C"", ""C"", ""C"", ""C"", ""C"", ""C"", ""C"", ""O"", ""C"", ""C"", ""C"", ""H"", ""H"", ""H"", ""H"", ""H"", ""H"", ""H"", ""H"", ""H"", ""H"", ""H"", ""H"", ""H"", ""H"", ""H"", ""H"", ""H"", ""H"", ""H"", ""H"", ""H"", ""H"", ""H"", ""H"", ""H"", ""H"", ""H"", ""H"", ""H"", ""H""]",C120H90N6O6,"[true, true, true]","[21.42362460556103, 0.0, 0.0, -10.711812302780523, 18.553403149557226, 0.0, -46.37298003524882, -14.235113701479683, 45.44116429783663]",18062.005980326954,[],"{""cutoff=6.000_skin=0.000"": 5712, ""cutoff=6.000_skin=0.500"": 6534}",0.0,,
OPT-RF-U256-ROFA-MIX-R256-v1,c9380bd69d0e1d094657eddf3b59489be4b1936561d28466835006a1e050ca76,OPT-RF-U256-ROFA-MIX-R256-v1:0132,A_corrH_d2_c1-1-1_m1-1-1_982_222,efc58c3c0df9c951bf3d8970a2d46b21e690ee54aa0a209131c0e19d93a3d920,132,cross_family_test_set,rof-a/structures/A_corrH_d2_c1-1-1_m1-1-1_982_222.cif,c4dd1247662d34de6122485c054bb1701abe0107b40b562538b3272bc380ef47,efc58c3c0df9c951bf3d8970a2d46b21e690ee54aa0a209131c0e19d93a3d920,0,222,"[""N"", ""C"", ""C"", ""C"", ""C"", ""C"", ""C"", ""C"", ""C"", ""O"", ""C"", ""C"", ""C"", ""C"", ""C"", ""N"", ""C"", ""C"", ""C"", ""C"", ""C"", ""C"", ""C"", ""C"", ""C"", ""C"", ""C"", ""C"", ""C"", ""C"", ""C"", ""C"", ""C"", ""C"", ""C"", ""C"", ""C"", ""C"", ""C"", ""C"", ""O"", ""C"", ""C"", ""C"", ""H"", ""H"", ""H"", ""H"", ""H"", ""H"", ""H"", ""H"", ""H"", ""H"", ""H"", ""H"", ""H"", ""H"", ""H"", ""H"", ""H"", ""H"", ""H"", ""H"", ""H"", ""H"", ""H"", ""H"", ""H"", ""H"", ""H"", ""H"", ""H"", ""H"", ""N"", ""C"", ""C"", ""C"", ""C"", ""C"", ""C"", ""C"", ""C"", ""O"", ""C"", ""C"", ""C"", ""C"", ""C"", ""N"", ""C"", ""C"", ""C"", ""C"", ""C"", ""C"", ""C"", ""C"", ""C"", ""C"", ""C"", ""C"", ""C"", ""C"", ""C"", ""C"", ""C"", ""C"", ""C"", ""C"", ""C"", ""C"", ""C"", ""C"", ""O"", ""C"", ""C"", ""C"", ""H"", ""H"", ""H"", ""H"", ""H"", ""H"", ""H"", ""H"", ""H"", ""H"", ""H"", ""H"", ""H"", ""H"", ""H"", ""H"", ""H"", ""H"", ""H"", ""H"", ""H"", ""H"", ""H"", ""H"", ""H"", ""H"", ""H"", ""H"", ""H"", ""H"", ""N"", ""C"", ""C"", ""C"", ""C"", ""C"", ""C"", ""C"", ""C"", ""O"", ""C"", ""C"", ""C"", ""C"", ""C"", ""N"", ""C"", ""C"", ""C"", ""C"", ""C"", ""C"", ""C"", ""C"", ""C"", ""C"", ""C"", ""C"", ""C"", ""C"", ""C"", ""C"", ""C"", ""C"", ""C"", ""C"", ""C"", ""C"", ""C"", ""C"", ""O"", ""C"", ""C"", ""C"", ""H"", ""H"", ""H"", ""H"", ""H"", ""H"", ""H"", ""H"", ""H"", ""H"", ""H"", ""H"", ""H"", ""H"", ""H"", ""H"", ""H"", ""H"", ""H"", ""H"", ""H"", ""H"", ""H"", ""H"", ""H"", ""H"", ""H"", ""H"", ""H"", ""H""]",C120H90N6O6,"[true, true, true]","[21.42362460556103, 0.0, 0.0, 10.711812302780523, 18.553403149557223, 0.0, 23.04284114236927, 19.95603580407007, 51.687760093605924]",20544.910024782537,[],"{""cutoff=6.000_skin=0.000"": 5720, ""cutoff=6.000_skin=0.500"": 6518}",0.0,,
OPT-RF-U256-ROFA-MIX-R256-v1,c9380bd69d0e1d094657eddf3b59489be4b1936561d28466835006a1e050ca76,OPT-RF-U256-ROFA-MIX-R256-v1:0133,A_corrH_d2_c1-1-1_m1-1-1_6750_222,d5fb2a3b3e6e7cdc6eb7574f5c8db3b49e20c62df7adcfadd8d04e8391a2142e,133,cross_family_test_set,rof-a/structures/A_corrH_d2_c1-1-1_m1-1-1_6750_222.cif,cc7d008f3a7b254fe29035397abfff7042677547b5c1a4358da7a733c5ff9209,d5fb2a3b3e6e7cdc6eb7574f5c8db3b49e20c62df7adcfadd8d04e8391a2142e,0,222,"[""N"", ""C"", ""C"", ""C"", ""C"", ""C"", ""C"", ""C"", ""C"", ""O"", ""C"", ""C"", ""C"", ""C"", ""C"", ""N"", ""C"", ""C"", ""C"", ""C"", ""C"", ""C"", ""C"", ""C"", ""C"", ""C"", ""C"", ""C"", ""C"", ""C"", ""C"", ""C"", ""C"", ""C"", ""C"", ""C"", ""C"", ""C"", ""C"", ""C"", ""O"", ""C"", ""C"", ""C"", ""H"", ""H"", ""H"", ""H"", ""H"", ""H"", ""H"", ""H"", ""H"", ""H"", ""H"", ""H"", ""H"", ""H"", ""H"", ""H"", ""H"", ""H"", ""H"", ""H"", ""H"", ""H"", ""H"", ""H"", ""H"", ""H"", ""H"", ""H"", ""H"", ""H"", ""N"", ""C"", ""C"", ""C"", ""C"", ""C"", ""C"", ""C"", ""C"", ""O"", ""C"", ""C"", ""C"", ""C"", ""C"", ""N"", ""C"", ""C"", ""C"", ""C"", ""C"", ""C"", ""C"", ""C"", ""C"", ""C"", ""C"", ""C"", ""C"", ""C"", ""C"", ""C"", ""C"", ""C"", ""C"", ""C"", ""C"", ""C"", ""C"", ""C"", ""O"", ""C"", ""C"", ""C"", ""H"", ""H"", ""H"", ""H"", ""H"", ""H"", ""H"", ""H"", ""H"", ""H"", ""H"", ""H"", ""H"", ""H"", ""H"", ""H"", ""H"", ""H"", ""H"", ""H"", ""H"", ""H"", ""H"", ""H"", ""H"", ""H"", ""H"", ""H"", ""H"", ""H"", ""N"", ""C"", ""C"", ""C"", ""C"", ""C"", ""C"", ""C"", ""C"", ""O"", ""C"", ""C"", ""C"", ""C"", ""C"", ""N"", ""C"", ""C"", ""C"", ""C"", ""C"", ""C"", ""C"", ""C"", ""C"", ""C"", ""C"", ""C"", ""C"", ""C"", ""C"", ""C"", ""C"", ""C"", ""C"", ""C"", ""C"", ""C"", ""C"", ""C"", ""O"", ""C"", ""C"", ""C"", ""H"", ""H"", ""H"", ""H"", ""H"", ""H"", ""H"", ""H"", ""H"", ""H"", ""H"", ""H"", ""H"", ""H"", ""H"", ""H"", ""H"", ""H"", ""H"", ""H"", ""H"", ""H"", ""H"", ""H"", ""H"", ""H"", ""H"", ""H"", ""H"", ""H""]",C120H90N6O6,"[true, true, true]","[21.42362460556103, 0.0, 0.0, -10.71181230278052, 18.553403149557223, 0.0, 27.90107819322199, 50.089724012809086, 53.093485894236494]",21103.659524493272,[],"{""cutoff=6.000_skin=0.000"": 5730, ""cutoff=6.000_skin=0.500"": 6564}",0.0,,
OPT-RF-U256-ROFA-MIX-R256-v1,c9380bd69d0e1d094657eddf3b59489be4b1936561d28466835006a1e050ca76,OPT-RF-U256-ROFA-MIX-R256-v1:0134,A_corrH_d2_c1-1-1_m1-1-1_1127_222,cb1eab9d6e49f175e2d2fdcb8acbb05a68d81fa1c57d0963148c1d719704df6f,134,cross_family_test_set,rof-a/structures/A_corrH_d2_c1-1-1_m1-1-1_1127_222.cif,eae5990b454e16c5dec14709ac59459ef6f214842fbdf4ea3e59e8d391e8d5c0,cb1eab9d6e49f175e2d2fdcb8acbb05a68d81fa1c57d0963148c1d719704df6f,0,222,"[""N"", ""C"", ""C"", ""C"", ""C"", ""C"", ""C"", ""C"", ""C"", ""O"", ""C"", ""C"", ""C"", ""C"", ""C"", ""N"", ""C"", ""C"", ""C"", ""C"", ""C"", ""C"", ""C"", ""C"", ""C"", ""C"", ""C"", ""C"", ""C"", ""C"", ""C"", ""C"", ""C"", ""C"", ""C"", ""C"", ""C"", ""C"", ""C"", ""C"", ""O"", ""C"", ""C"", ""C"", ""H"", ""H"", ""H"", ""H"", ""H"", ""H"", ""H"", ""H"", ""H"", ""H"", ""H"", ""H"", ""H"", ""H"", ""H"", ""H"", ""H"", ""H"", ""H"", ""H"", ""H"", ""H"", ""H"", ""H"", ""H"", ""H"", ""H"", ""H"", ""H"", ""H"", ""N"", ""C"", ""C"", ""C"", ""C"", ""C"", ""C"", ""C"", ""C"", ""O"", ""C"", ""C"", ""C"", ""C"", ""C"", ""N"", ""C"", ""C"", ""C"", ""C"", ""C"", ""C"", ""C"", ""C"", ""C"", ""C"", ""C"", ""C"", ""C"", ""C"", ""C"", ""C"", ""C"", ""C"", ""C"", ""C"", ""C"", ""C"", ""C"", ""C"", ""O"", ""C"", ""C"", ""C"", ""H"", ""H"", ""H"", ""H"", ""H"", ""H"", ""H"", ""H"", ""H"", ""H"", ""H"", ""H"", ""H"", ""H"", ""H"", ""H"", ""H"", ""H"", ""H"", ""H"", ""H"", ""H"", ""H"", ""H"", ""H"", ""H"", ""H"", ""H"", ""H"", ""H"", ""N"", ""C"", ""C"", ""C"", ""C"", ""C"", ""C"", ""C"", ""C"", ""O"", ""C"", ""C"", ""C"", ""C"", ""C"", ""N"", ""C"", ""C"", ""C"", ""C"", ""C"", ""C"", ""C"", ""C"", ""C"", ""C"", ""C"", ""C"", ""C"", ""C"", ""C"", ""C"", ""C"", ""C"", ""C"", ""C"", ""C"", ""C"", ""C"", ""C"", ""O"", ""C"", ""C"", ""C"", ""H"", ""H"", ""H"", ""H"", ""H"", ""H"", ""H"", ""H"", ""H"", ""H"", ""H"", ""H"", ""H"", ""H"", ""H"", ""H"", ""H"", ""H"", ""H"", ""H"", ""H"", ""H"", ""H"", ""H"", ""H"", ""H"", ""H"", ""H"", ""H"", ""H""]",C120H90N6O6,"[true, true, true]","[21.42362460556103, 0.0, 0.0, 10.711812302780523, 18.553403149557223, 0.0, -4.055270687679213, 9.211556540266109, 43.358583727093254]",17234.219472113047,[],"{""cutoff=6.000_skin=0.000"": 5736, ""cutoff=6.000_skin=0.500"": 6604}",0.0,,
OPT-RF-U256-ROFA-MIX-R256-v1,c9380bd69d0e1d094657eddf3b59489be4b1936561d28466835006a1e050ca76,OPT-RF-U256-ROFA-MIX-R256-v1:0135,A_corrH_d2_c1-1-1_m1-1-1_2043_222,1f485e895304ea2152f2e4b84423311259c85d00531263ce863439a10b3211db,135,cross_family_test_set,rof-a/structures/A_corrH_d2_c1-1-1_m1-1-1_2043_222.cif,c7d5cb8a7966882cc3785550b9eb6140c6f4c934fd673f3719ed63da8d97f46d,1f485e895304ea2152f2e4b84423311259c85d00531263ce863439a10b3211db,0,222,"[""N"", ""C"", ""C"", ""C"", ""C"", ""C"", ""C"", ""C"", ""C"", ""O"", ""C"", ""C"", ""C"", ""C"", ""C"", ""N"", ""C"", ""C"", ""C"", ""C"", ""C"", ""C"", ""C"", ""C"", ""C"", ""C"", ""C"", ""C"", ""C"", ""C"", ""C"", ""C"", ""C"", ""C"", ""C"", ""C"", ""C"", ""C"", ""C"", ""C"", ""O"", ""C"", ""C"", ""C"", ""H"", ""H"", ""H"", ""H"", ""H"", ""H"", ""H"", ""H"", ""H"", ""H"", ""H"", ""H"", ""H"", ""H"", ""H"", ""H"", ""H"", ""H"", ""H"", ""H"", ""H"", ""H"", ""H"", ""H"", ""H"", ""H"", ""H"", ""H"", ""H"", ""H"", ""N"", ""C"", ""C"", ""C"", ""C"", ""C"", ""C"", ""C"", ""C"", ""O"", ""C"", ""C"", ""C"", ""C"", ""C"", ""N"", ""C"", ""C"", ""C"", ""C"", ""C"", ""C"", ""C"", ""C"", ""C"", ""C"", ""C"", ""C"", ""C"", ""C"", ""C"", ""C"", ""C"", ""C"", ""C"", ""C"", ""C"", ""C"", ""C"", ""C"", ""O"", ""C"", ""C"", ""C"", ""H"", ""H"", ""H"", ""H"", ""H"", ""H"", ""H"", ""H"", ""H"", ""H"", ""H"", ""H"", ""H"", ""H"", ""H"", ""H"", ""H"", ""H"", ""H"", ""H"", ""H"", ""H"", ""H"", ""H"", ""H"", ""H"", ""H"", ""H"", ""H"", ""H"", ""N"", ""C"", ""C"", ""C"", ""C"", ""C"", ""C"", ""C"", ""C"", ""O"", ""C"", ""C"", ""C"", ""C"", ""C"", ""N"", ""C"", ""C"", ""C"", ""C"", ""C"", ""C"", ""C"", ""C"", ""C"", ""C"", ""C"", ""C"", ""C"", ""C"", ""C"", ""C"", ""C"", ""C"", ""C"", ""C"", ""C"", ""C"", ""C"", ""C"", ""O"", ""C"", ""C"", ""C"", ""H"", ""H"", ""H"", ""H"", ""H"", ""H"", ""H"", ""H"", ""H"", ""H"", ""H"", ""H"", ""H"", ""H"", ""H"", ""H"", ""H"", ""H"", ""H"", ""H"", ""H"", ""H"", ""H"", ""H"", ""H"", ""H"", ""H"", ""H"", ""H"", ""H""]",C120H90N6O6,"[true, true, true]","[21.42362460556103, 0.0, 0.0, 10.711812302780523, 18.553403149557223, 0.0, 11.13192822378092, 22.75008569731102, 38.01213200961869]",15109.10572587148,[],"{""cutoff=6.000_skin=0.000"": 5736, ""cutoff=6.000_skin=0.500"": 6598}",0.0,,
OPT-RF-U256-ROFA-MIX-R256-v1,c9380bd69d0e1d094657eddf3b59489be4b1936561d28466835006a1e050ca76,OPT-RF-U256-ROFA-MIX-R256-v1:0136,A_corrH_d2_c1-1-1_m1-1-1_1255_222,00c75c3a46375aa8658ff7d492ceb32563f17437dfc96fc00c82509e230ca3c2,136,cross_family_test_set,rof-a/structures/A_corrH_d2_c1-1-1_m1-1-1_1255_222.cif,1de80499f4eeee33fba99f09410f0ff4b010d58d3d36c5bd2f82d7549c611467,00c75c3a46375aa8658ff7d492ceb32563f17437dfc96fc00c82509e230ca3c2,0,222,"[""N"", ""C"", ""C"", ""C"", ""C"", ""C"", ""C"", ""C"", ""C"", ""O"", ""C"", ""C"", ""C"", ""C"", ""C"", ""N"", ""C"", ""C"", ""C"", ""C"", ""C"", ""C"", ""C"", ""C"", ""C"", ""C"", ""C"", ""C"", ""C"", ""C"", ""C"", ""C"", ""C"", ""C"", ""C"", ""C"", ""C"", ""C"", ""C"", ""C"", ""O"", ""C"", ""C"", ""C"", ""H"", ""H"", ""H"", ""H"", ""H"", ""H"", ""H"", ""H"", ""H"", ""H"", ""H"", ""H"", ""H"", ""H"", ""H"", ""H"", ""H"", ""H"", ""H"", ""H"", ""H"", ""H"", ""H"", ""H"", ""H"", ""H"", ""H"", ""H"", ""H"", ""H"", ""N"", ""C"", ""C"", ""C"", ""C"", ""C"", ""C"", ""C"", ""C"", ""O"", ""C"", ""C"", ""C"", ""C"", ""C"", ""N"", ""C"", ""C"", ""C"", ""C"", ""C"", ""C"", ""C"", ""C"", ""C"", ""C"", ""C"", ""C"", ""C"", ""C"", ""C"", ""C"", ""C"", ""C"", ""C"", ""C"", ""C"", ""C"", ""C"", ""C"", ""O"", ""C"", ""C"", ""C"", ""H"", ""H"", ""H"", ""H"", ""H"", ""H"", ""H"", ""H"", ""H"", ""H"", ""H"", ""H"", ""H"", ""H"", ""H"", ""H"", ""H"", ""H"", ""H"", ""H"", ""H"", ""H"", ""H"", ""H"", ""H"", ""H"", ""H"", ""H"", ""H"", ""H"", ""N"", ""C"", ""C"", ""C"", ""C"", ""C"", ""C"", ""C"", ""C"", ""O"", ""C"", ""C"", ""C"", ""C"", ""C"", ""N"", ""C"", ""C"", ""C"", ""C"", ""C"", ""C"", ""C"", ""C"", ""C"", ""C"", ""C"", ""C"", ""C"", ""C"", ""C"", ""C"", ""C"", ""C"", ""C"", ""C"", ""C"", ""C"", ""C"", ""C"", ""O"", ""C"", ""C"", ""C"", ""H"", ""H"", ""H"", ""H"", ""H"", ""H"", ""H"", ""H"", ""H"", ""H"", ""H"", ""H"", ""H"", ""H"", ""H"", ""H"", ""H"", ""H"", ""H"", ""H"", ""H"", ""H"", ""H"", ""H"", ""H"", ""H"", ""H"", ""H"", ""H"", ""H""]",C120H90N6O6,"[true, true, true]","[21.42362460556103, 0.0, 0.0, -10.711812302780523, 18.553403149557226, 0.0, 29.239071563194226, -26.002247982983608, 48.638475645698364]",19332.876953340183,[],"{""cutoff=6.000_skin=0.000"": 5746, ""cutoff=6.000_skin=0.500"": 6592}",0.0,,
OPT-RF-U256-ROFA-MIX-R256-v1,c9380bd69d0e1d094657eddf3b59489be4b1936561d28466835006a1e050ca76,OPT-RF-U256-ROFA-MIX-R256-v1:0137,A_corrH_d2_c1-1-1_m1-1-1_7619_222,884ede319b77217626e0b43423fd426648e13b6c6989c6e256b37d774d719c97,137,cross_family_test_set,rof-a/structures/A_corrH_d2_c1-1-1_m1-1-1_7619_222.cif,26e3673ebb3738e2a331ec59c2c5e6dfa63ec4489695a2d55eff676df1e85a46,884ede319b77217626e0b43423fd426648e13b6c6989c6e256b37d774d719c97,0,222,"[""N"", ""C"", ""C"", ""C"", ""C"", ""C"", ""C"", ""C"", ""C"", ""O"", ""C"", ""C"", ""C"", ""C"", ""C"", ""N"", ""C"", ""C"", ""C"", ""C"", ""C"", ""C"", ""C"", ""C"", ""C"", ""C"", ""C"", ""C"", ""C"", ""C"", ""C"", ""C"", ""C"", ""C"", ""C"", ""C"", ""C"", ""C"", ""C"", ""C"", ""O"", ""C"", ""C"", ""C"", ""H"", ""H"", ""H"", ""H"", ""H"", ""H"", ""H"", ""H"", ""H"", ""H"", ""H"", ""H"", ""H"", ""H"", ""H"", ""H"", ""H"", ""H"", ""H"", ""H"", ""H"", ""H"", ""H"", ""H"", ""H"", ""H"", ""H"", ""H"", ""H"", ""H"", ""N"", ""C"", ""C"", ""C"", ""C"", ""C"", ""C"", ""C"", ""C"", ""O"", ""C"", ""C"", ""C"", ""C"", ""C"", ""N"", ""C"", ""C"", ""C"", ""C"", ""C"", ""C"", ""C"", ""C"", ""C"", ""C"", ""C"", ""C"", ""C"", ""C"", ""C"", ""C"", ""C"", ""C"", ""C"", ""C"", ""C"", ""C"", ""C"", ""C"", ""O"", ""C"", ""C"", ""C"", ""H"", ""H"", ""H"", ""H"", ""H"", ""H"", ""H"", ""H"", ""H"", ""H"", ""H"", ""H"", ""H"", ""H"", ""H"", ""H"", ""H"", ""H"", ""H"", ""H"", ""H"", ""H"", ""H"", ""H"", ""H"", ""H"", ""H"", ""H"", ""H"", ""H"", ""N"", ""C"", ""C"", ""C"", ""C"", ""C"", ""C"", ""C"", ""C"", ""O"", ""C"", ""C"", ""C"", ""C"", ""C"", ""N"", ""C"", ""C"", ""C"", ""C"", ""C"", ""C"", ""C"", ""C"", ""C"", ""C"", ""C"", ""C"", ""C"", ""C"", ""C"", ""C"", ""C"", ""C"", ""C"", ""C"", ""C"", ""C"", ""C"", ""C"", ""O"", ""C"", ""C"", ""C"", ""H"", ""H"", ""H"", ""H"", ""H"", ""H"", ""H"", ""H"", ""H"", ""H"", ""H"", ""H"", ""H"", ""H"", ""H"", ""H"", ""H"", ""H"", ""H"", ""H"", ""H"", ""H"", ""H"", ""H"", ""H"", ""H"", ""H"", ""H"", ""H"", ""H""]",C120H90N6O6,"[true, true, true]","[21.42362460556103, 0.0, 0.0, -10.71181230278052, 18.553403149557223, 0.0, 9.845082561164723, 18.741417265146637, 42.26201800279926]",16798.35527329536,[],"{""cutoff=6.000_skin=0.000"": 5752, ""cutoff=6.000_skin=0.500"": 6616}",0.0,,
OPT-RF-U256-ROFA-MIX-R256-v1,c9380bd69d0e1d094657eddf3b59489be4b1936561d28466835006a1e050ca76,OPT-RF-U256-ROFA-MIX-R256-v1:0138,A_corrH_d2_c1-1-1_m1-1-1_5941_222,a41e21634a1839a61b8b713d13f46e229ba026189fdd260ff84134abba6b2be2,138,cross_family_test_set,rof-a/structures/A_corrH_d2_c1-1-1_m1-1-1_5941_222.cif,4cb57b8962d6413b78de65f8ac46eb470c803f9d41efce6f56fb68ba361f1ae4,a41e21634a1839a61b8b713d13f46e229ba026189fdd260ff84134abba6b2be2,0,222,"[""N"", ""C"", ""C"", ""C"", ""C"", ""C"", ""C"", ""C"", ""C"", ""O"", ""C"", ""C"", ""C"", ""C"", ""C"", ""N"", ""C"", ""C"", ""C"", ""C"", ""C"", ""C"", ""C"", ""C"", ""C"", ""C"", ""C"", ""C"", ""C"", ""C"", ""C"", ""C"", ""C"", ""C"", ""C"", ""C"", ""C"", ""C"", ""C"", ""C"", ""O"", ""C"", ""C"", ""C"", ""H"", ""H"", ""H"", ""H"", ""H"", ""H"", ""H"", ""H"", ""H"", ""H"", ""H"", ""H"", ""H"", ""H"", ""H"", ""H"", ""H"", ""H"", ""H"", ""H"", ""H"", ""H"", ""H"", ""H"", ""H"", ""H"", ""H"", ""H"", ""H"", ""H"", ""N"", ""C"", ""C"", ""C"", ""C"", ""C"", ""C"", ""C"", ""C"", ""O"", ""C"", ""C"", ""C"", ""C"", ""C"", ""N"", ""C"", ""C"", ""C"", ""C"", ""C"", ""C"", ""C"", ""C"", ""C"", ""C"", ""C"", ""C"", ""C"", ""C"", ""C"", ""C"", ""C"", ""C"", ""C"", ""C"", ""C"", ""C"", ""C"", ""C"", ""O"", ""C"", ""C"", ""C"", ""H"", ""H"", ""H"", ""H"", ""H"", ""H"", ""H"", ""H"", ""H"", ""H"", ""H"", ""H"", ""H"", ""H"", ""H"", ""H"", ""H"", ""H"", ""H"", ""H"", ""H"", ""H"", ""H"", ""H"", ""H"", ""H"", ""H"", ""H"", ""H"", ""H"", ""N"", ""C"", ""C"", ""C"", ""C"", ""C"", ""C"", ""C"", ""C"", ""O"", ""C"", ""C"", ""C"", ""C"", ""C"", ""N"", ""C"", ""C"", ""C"", ""C"", ""C"", ""C"", ""C"", ""C"", ""C"", ""C"", ""C"", ""C"", ""C"", ""C"", ""C"", ""C"", ""C"", ""C"", ""C"", ""C"", ""C"", ""C"", ""C"", ""C"", ""O"", ""C"", ""C"", ""C"", ""H"", ""H"", ""H"", ""H"", ""H"", ""H"", ""H"", ""H"", ""H"", ""H"", ""H"", ""H"", ""H"", ""H"", ""H"", ""H"", ""H"", ""H"", ""H"", ""H"", ""H"", ""H"", ""H"", ""H"", ""H"", ""H"", ""H"", ""H"", ""H"", ""H""]",C120H90N6O6,"[true, true, true]","[21.42362460556103, 0.0, 0.0, -10.71181230278052, 18.553403149557223, 0.0, 27.83208240656956, -1.8355290433192937, 49.594748120838695]",19712.977230956276,[],"{""cutoff=6.000_skin=0.000"": 5758, ""cutoff=6.000_skin=0.500"": 6592}",0.0,,
OPT-RF-U256-ROFA-MIX-R256-v1,c9380bd69d0e1d094657eddf3b59489be4b1936561d28466835006a1e050ca76,OPT-RF-U256-ROFA-MIX-R256-v1:0139,A_corrH_d2_c1-1-1_m1-1-1_3018_222,e43aa1c3974bdc1d8c4a92460e64a4e6d83d87eeacfce74c98c9448cdc522194,139,cross_family_test_set,rof-a/structures/A_corrH_d2_c1-1-1_m1-1-1_3018_222.cif,d2a6714579ab1ed5ed71bfcdfae1ee750211eae3607aadae849aaeb265cc1992,e43aa1c3974bdc1d8c4a92460e64a4e6d83d87eeacfce74c98c9448cdc522194,0,222,"[""N"", ""C"", ""C"", ""C"", ""C"", ""C"", ""C"", ""C"", ""C"", ""O"", ""C"", ""C"", ""C"", ""C"", ""C"", ""N"", ""C"", ""C"", ""C"", ""C"", ""C"", ""C"", ""C"", ""C"", ""C"", ""C"", ""C"", ""C"", ""C"", ""C"", ""C"", ""C"", ""C"", ""C"", ""C"", ""C"", ""C"", ""C"", ""C"", ""C"", ""O"", ""C"", ""C"", ""C"", ""H"", ""H"", ""H"", ""H"", ""H"", ""H"", ""H"", ""H"", ""H"", ""H"", ""H"", ""H"", ""H"", ""H"", ""H"", ""H"", ""H"", ""H"", ""H"", ""H"", ""H"", ""H"", ""H"", ""H"", ""H"", ""H"", ""H"", ""H"", ""H"", ""H"", ""N"", ""C"", ""C"", ""C"", ""C"", ""C"", ""C"", ""C"", ""C"", ""O"", ""C"", ""C"", ""C"", ""C"", ""C"", ""N"", ""C"", ""C"", ""C"", ""C"", ""C"", ""C"", ""C"", ""C"", ""C"", ""C"", ""C"", ""C"", ""C"", ""C"", ""C"", ""C"", ""C"", ""C"", ""C"", ""C"", ""C"", ""C"", ""C"", ""C"", ""O"", ""C"", ""C"", ""C"", ""H"", ""H"", ""H"", ""H"", ""H"", ""H"", ""H"", ""H"", ""H"", ""H"", ""H"", ""H"", ""H"", ""H"", ""H"", ""H"", ""H"", ""H"", ""H"", ""H"", ""H"", ""H"", ""H"", ""H"", ""H"", ""H"", ""H"", ""H"", ""H"", ""H"", ""N"", ""C"", ""C"", ""C"", ""C"", ""C"", ""C"", ""C"", ""C"", ""O"", ""C"", ""C"", ""C"", ""C"", ""C"", ""N"", ""C"", ""C"", ""C"", ""C"", ""C"", ""C"", ""C"", ""C"", ""C"", ""C"", ""C"", ""C"", ""C"", ""C"", ""C"", ""C"", ""C"", ""C"", ""C"", ""C"", ""C"", ""C"", ""C"", ""C"", ""O"", ""C"", ""C"", ""C"", ""H"", ""H"", ""H"", ""H"", ""H"", ""H"", ""H"", ""H"", ""H"", ""H"", ""H"", ""H"", ""H"", ""H"", ""H"", ""H"", ""H"", ""H"", ""H"", ""H"", ""H"", ""H"", ""H"", ""H"", ""H"", ""H"", ""H"", ""H"", ""H"", ""H""]",C120H90N6O6,"[true, true, true]","[21.42362460556103, 0.0, 0.0, -10.71181230278052, 18.553403149557223, 0.0, -3.994573312998541, -2.3899980515148473, 43.08214997821388]",17124.342269304223,[],"{""cutoff=6.000_skin=0.000"": 5770, ""cutoff=6.000_skin=0.500"": 6586}",0.0,,
OPT-RF-U256-ROFA-MIX-R256-v1,c9380bd69d0e1d094657eddf3b59489be4b1936561d28466835006a1e050ca76,OPT-RF-U256-ROFA-MIX-R256-v1:0140,A_corrH_d2_c1-1-1_m1-1-1_2752_222,85ceec384bf8288768165c7adb9a35e5a69f9efe26308bf4096d759cba4879d1,140,cross_family_test_set,rof-a/structures/A_corrH_d2_c1-1-1_m1-1-1_2752_222.cif,2ce3f2fa0fd7bf95121d652808a121849659c8c311d59bf338a919653305f85e,85ceec384bf8288768165c7adb9a35e5a69f9efe26308bf4096d759cba4879d1,0,222,"[""N"", ""C"", ""C"", ""C"", ""C"", ""C"", ""C"", ""C"", ""C"", ""O"", ""C"", ""C"", ""C"", ""C"", ""C"", ""N"", ""C"", ""C"", ""C"", ""C"", ""C"", ""C"", ""C"", ""C"", ""C"", ""C"", ""C"", ""C"", ""C"", ""C"", ""C"", ""C"", ""C"", ""C"", ""C"", ""C"", ""C"", ""C"", ""C"", ""C"", ""O"", ""C"", ""C"", ""C"", ""H"", ""H"", ""H"", ""H"", ""H"", ""H"", ""H"", ""H"", ""H"", ""H"", ""H"", ""H"", ""H"", ""H"", ""H"", ""H"", ""H"", ""H"", ""H"", ""H"", ""H"", ""H"", ""H"", ""H"", ""H"", ""H"", ""H"", ""H"", ""H"", ""H"", ""N"", ""C"", ""C"", ""C"", ""C"", ""C"", ""C"", ""C"", ""C"", ""O"", ""C"", ""C"", ""C"", ""C"", ""C"", ""N"", ""C"", ""C"", ""C"", ""C"", ""C"", ""C"", ""C"", ""C"", ""C"", ""C"", ""C"", ""C"", ""C"", ""C"", ""C"", ""C"", ""C"", ""C"", ""C"", ""C"", ""C"", ""C"", ""C"", ""C"", ""O"", ""C"", ""C"", ""C"", ""H"", ""H"", ""H"", ""H"", ""H"", ""H"", ""H"", ""H"", ""H"", ""H"", ""H"", ""H"", ""H"", ""H"", ""H"", ""H"", ""H"", ""H"", ""H"", ""H"", ""H"", ""H"", ""H"", ""H"", ""H"", ""H"", ""H"", ""H"", ""H"", ""H"", ""N"", ""C"", ""C"", ""C"", ""C"", ""C"", ""C"", ""C"", ""C"", ""O"", ""C"", ""C"", ""C"", ""C"", ""C"", ""N"", ""C"", ""C"", ""C"", ""C"", ""C"", ""C"", ""C"", ""C"", ""C"", ""C"", ""C"", ""C"", ""C"", ""C"", ""C"", ""C"", ""C"", ""C"", ""C"", ""C"", ""C"", ""C"", ""C"", ""C"", ""O"", ""C"", ""C"", ""C"", ""H"", ""H"", ""H"", ""H"", ""H"", ""H"", ""H"", ""H"", ""H"", ""H"", ""H"", ""H"", ""H"", ""H"", ""H"", ""H"", ""H"", ""H"", ""H"", ""H"", ""H"", ""H"", ""H"", ""H"", ""H"", ""H"", ""H"", ""H"", ""H"", ""H""]",C120H90N6O6,"[true, true, true]","[21.42362460556103, 0.0, 0.0, 10.711812302780523, 18.553403149557223, 0.0, 14.969508113841808, -35.473943692009044, 38.01183282603681]",15108.986806038998,[],"{""cutoff=6.000_skin=0.000"": 5776, ""cutoff=6.000_skin=0.500"": 6630}",0.0,,
OPT-RF-U256-ROFA-MIX-R256-v1,c9380bd69d0e1d094657eddf3b59489be4b1936561d28466835006a1e050ca76,OPT-RF-U256-ROFA-MIX-R256-v1:0141,A_corrH_d2_c1-1-1_m1-1-1_6486_222,879403a12a0b2ddf748a31af5c3ce88469d6d8f44e1728359b89397c5d38026b,141,cross_family_test_set,rof-a/structures/A_corrH_d2_c1-1-1_m1-1-1_6486_222.cif,244980eb3167af810f3cb1d9baacfcbde327c94b42aff9072dd25ac1f616e9ec,879403a12a0b2ddf748a31af5c3ce88469d6d8f44e1728359b89397c5d38026b,0,222,"[""N"", ""C"", ""C"", ""C"", ""C"", ""C"", ""C"", ""C"", ""C"", ""O"", ""C"", ""C"", ""C"", ""C"", ""C"", ""N"", ""C"", ""C"", ""C"", ""C"", ""C"", ""C"", ""C"", ""C"", ""C"", ""C"", ""C"", ""C"", ""C"", ""C"", ""C"", ""C"", ""C"", ""C"", ""C"", ""C"", ""C"", ""C"", ""C"", ""C"", ""O"", ""C"", ""C"", ""C"", ""H"", ""H"", ""H"", ""H"", ""H"", ""H"", ""H"", ""H"", ""H"", ""H"", ""H"", ""H"", ""H"", ""H"", ""H"", ""H"", ""H"", ""H"", ""H"", ""H"", ""H"", ""H"", ""H"", ""H"", ""H"", ""H"", ""H"", ""H"", ""H"", ""H"", ""N"", ""C"", ""C"", ""C"", ""C"", ""C"", ""C"", ""C"", ""C"", ""O"", ""C"", ""C"", ""C"", ""C"", ""C"", ""N"", ""C"", ""C"", ""C"", ""C"", ""C"", ""C"", ""C"", ""C"", ""C"", ""C"", ""C"", ""C"", ""C"", ""C"", ""C"", ""C"", ""C"", ""C"", ""C"", ""C"", ""C"", ""C"", ""C"", ""C"", ""O"", ""C"", ""C"", ""C"", ""H"", ""H"", ""H"", ""H"", ""H"", ""H"", ""H"", ""H"", ""H"", ""H"", ""H"", ""H"", ""H"", ""H"", ""H"", ""H"", ""H"", ""H"", ""H"", ""H"", ""H"", ""H"", ""H"", ""H"", ""H"", ""H"", ""H"", ""H"", ""H"", ""H"", ""N"", ""C"", ""C"", ""C"", ""C"", ""C"", ""C"", ""C"", ""C"", ""O"", ""C"", ""C"", ""C"", ""C"", ""C"", ""N"", ""C"", ""C"", ""C"", ""C"", ""C"", ""C"", ""C"", ""C"", ""C"", ""C"", ""C"", ""C"", ""C"", ""C"", ""C"", ""C"", ""C"", ""C"", ""C"", ""C"", ""C"", ""C"", ""C"", ""C"", ""O"", ""C"", ""C"", ""C"", ""H"", ""H"", ""H"", ""H"", ""H"", ""H"", ""H"", ""H"", ""H"", ""H"", ""H"", ""H"", ""H"", ""H"", ""H"", ""H"", ""H"", ""H"", ""H"", ""H"", ""H"", ""H"", ""H"", ""H"", ""H"", ""H"", ""H"", ""H"", ""H"", ""H""]",C120H90N6O6,"[true, true, true]","[21.42362460556103, 0.0, 0.0, -10.71181230278052, 18.553403149557223, 0.0, -1.1652763500289174, 15.422439181338346, 42.071585113108036]",16722.66179040154,[],"{""cutoff=6.000_skin=0.000"": 5776, ""cutoff=6.000_skin=0.500"": 6638}",0.0,,
OPT-RF-U256-ROFA-MIX-R256-v1,c9380bd69d0e1d094657eddf3b59489be4b1936561d28466835006a1e050ca76,OPT-RF-U256-ROFA-MIX-R256-v1:0142,A_corrH_d2_c1-1-1_m1-1-1_6340_222,21f93560e85f7d6ac26c4d5301160609fa628f703c24b3f8049130986ece7e6b,142,cross_family_test_set,rof-a/structures/A_corrH_d2_c1-1-1_m1-1-1_6340_222.cif,8369b71af92700d0c961fc047bf664d9faa1e756d4f0dc364d416103dfdca911,21f93560e85f7d6ac26c4d5301160609fa628f703c24b3f8049130986ece7e6b,0,222,"[""N"", ""C"", ""C"", ""C"", ""C"", ""C"", ""C"", ""C"", ""C"", ""O"", ""C"", ""C"", ""C"", ""C"", ""C"", ""N"", ""C"", ""C"", ""C"", ""C"", ""C"", ""C"", ""C"", ""C"", ""C"", ""C"", ""C"", ""C"", ""C"", ""C"", ""C"", ""C"", ""C"", ""C"", ""C"", ""C"", ""C"", ""C"", ""C"", ""C"", ""O"", ""C"", ""C"", ""C"", ""H"", ""H"", ""H"", ""H"", ""H"", ""H"", ""H"", ""H"", ""H"", ""H"", ""H"", ""H"", ""H"", ""H"", ""H"", ""H"", ""H"", ""H"", ""H"", ""H"", ""H"", ""H"", ""H"", ""H"", ""H"", ""H"", ""H"", ""H"", ""H"", ""H"", ""N"", ""C"", ""C"", ""C"", ""C"", ""C"", ""C"", ""C"", ""C"", ""O"", ""C"", ""C"", ""C"", ""C"", ""C"", ""N"", ""C"", ""C"", ""C"", ""C"", ""C"", ""C"", ""C"", ""C"", ""C"", ""C"", ""C"", ""C"", ""C"", ""C"", ""C"", ""C"", ""C"", ""C"", ""C"", ""C"", ""C"", ""C"", ""C"", ""C"", ""O"", ""C"", ""C"", ""C"", ""H"", ""H"", ""H"", ""H"", ""H"", ""H"", ""H"", ""H"", ""H"", ""H"", ""H"", ""H"", ""H"", ""H"", ""H"", ""H"", ""H"", ""H"", ""H"", ""H"", ""H"", ""H"", ""H"", ""H"", ""H"", ""H"", ""H"", ""H"", ""H"", ""H"", ""N"", ""C"", ""C"", ""C"", ""C"", ""C"", ""C"", ""C"", ""C"", ""O"", ""C"", ""C"", ""C"", ""C"", ""C"", ""N"", ""C"", ""C"", ""C"", ""C"", ""C"", ""C"", ""C"", ""C"", ""C"", ""C"", ""C"", ""C"", ""C"", ""C"", ""C"", ""C"", ""C"", ""C"", ""C"", ""C"", ""C"", ""C"", ""C"", ""C"", ""O"", ""C"", ""C"", ""C"", ""H"", ""H"", ""H"", ""H"", ""H"", ""H"", ""H"", ""H"", ""H"", ""H"", ""H"", ""H"", ""H"", ""H"", ""H"", ""H"", ""H"", ""H"", ""H"", ""H"", ""H"", ""H"", ""H"", ""H"", ""H"", ""H"", ""H"", ""H"", ""H"", ""H""]",C120H90N6O6,"[true, true, true]","[21.42362460556103, 0.0, 0.0, 10.711812302780523, 18.553403149557223, 0.0, 47.19508259450842, -51.209743430543064, 50.19072226471727]",19949.86571559771,[],"{""cutoff=6.000_skin=0.000"": 5796, ""cutoff=6.000_skin=0.500"": 6674}",0.0,,
OPT-RF-U256-ROFA-MIX-R256-v1,c9380bd69d0e1d094657eddf3b59489be4b1936561d28466835006a1e050ca76,OPT-RF-U256-ROFA-MIX-R256-v1:0143,A_corrH_d2_c1-1-1_m1-1-1_1159_222,e0472c4c2933c048c14605640ee3f9b6cc90c039a9ae0b79413019bed95118b2,143,cross_family_test_set,rof-a/structures/A_corrH_d2_c1-1-1_m1-1-1_1159_222.cif,4bbb5dee6173894304632e45a3243827cce7c9a897e329f90b95eae52f8afb4f,e0472c4c2933c048c14605640ee3f9b6cc90c039a9ae0b79413019bed95118b2,0,222,"[""N"", ""C"", ""C"", ""C"", ""C"", ""C"", ""C"", ""C"", ""C"", ""O"", ""C"", ""C"", ""C"", ""C"", ""C"", ""N"", ""C"", ""C"", ""C"", ""C"", ""C"", ""C"", ""C"", ""C"", ""C"", ""C"", ""C"", ""C"", ""C"", ""C"", ""C"", ""C"", ""C"", ""C"", ""C"", ""C"", ""C"", ""C"", ""C"", ""C"", ""O"", ""C"", ""C"", ""C"", ""H"", ""H"", ""H"", ""H"", ""H"", ""H"", ""H"", ""H"", ""H"", ""H"", ""H"", ""H"", ""H"", ""H"", ""H"", ""H"", ""H"", ""H"", ""H"", ""H"", ""H"", ""H"", ""H"", ""H"", ""H"", ""H"", ""H"", ""H"", ""H"", ""H"", ""N"", ""C"", ""C"", ""C"", ""C"", ""C"", ""C"", ""C"", ""C"", ""O"", ""C"", ""C"", ""C"", ""C"", ""C"", ""N"", ""C"", ""C"", ""C"", ""C"", ""C"", ""C"", ""C"", ""C"", ""C"", ""C"", ""C"", ""C"", ""C"", ""C"", ""C"", ""C"", ""C"", ""C"", ""C"", ""C"", ""C"", ""C"", ""C"", ""C"", ""O"", ""C"", ""C"", ""C"", ""H"", ""H"", ""H"", ""H"", ""H"", ""H"", ""H"", ""H"", ""H"", ""H"", ""H"", ""H"", ""H"", ""H"", ""H"", ""H"", ""H"", ""H"", ""H"", ""H"", ""H"", ""H"", ""H"", ""H"", ""H"", ""H"", ""H"", ""H"", ""H"", ""H"", ""N"", ""C"", ""C"", ""C"", ""C"", ""C"", ""C"", ""C"", ""C"", ""O"", ""C"", ""C"", ""C"", ""C"", ""C"", ""N"", ""C"", ""C"", ""C"", ""C"", ""C"", ""C"", ""C"", ""C"", ""C"", ""C"", ""C"", ""C"", ""C"", ""C"", ""C"", ""C"", ""C"", ""C"", ""C"", ""C"", ""C"", ""C"", ""C"", ""C"", ""O"", ""C"", ""C"", ""C"", ""H"", ""H"", ""H"", ""H"", ""H"", ""H"", ""H"", ""H"", ""H"", ""H"", ""H"", ""H"", ""H"", ""H"", ""H"", ""H"", ""H"", ""H"", ""H"", ""H"", ""H"", ""H"", ""H"", ""H"", ""H"", ""H"", ""H"", ""H"", ""H"", ""H""]",C120H90N6O6,"[true, true, true]","[21.42362460556103, 0.0, 0.0, 10.711812302780523, 18.553403149557223, 0.0, -21.783309097834458, -4.080834752664646, 39.341911611790565]",15637.668043718793,[],"{""cutoff=6.000_skin=0.000"": 5798, ""cutoff=6.000_skin=0.500"": 6678}",0.0,,
OPT-RF-U256-ROFA-MIX-R256-v1,c9380bd69d0e1d094657eddf3b59489be4b1936561d28466835006a1e050ca76,OPT-RF-U256-ROFA-MIX-R256-v1:0144,A_corrH_d2_c1-1-1_m1-1-1_2922_222,c8ada625bd3a496e08c0b70b45b593e529549fa24d8e81e34a81606df60b6dda,144,cross_family_test_set,rof-a/structures/A_corrH_d2_c1-1-1_m1-1-1_2922_222.cif,d0870076f4cac2906367623d4cd59da5c467f08cdc968fc7d9cf6d34c437aa50,c8ada625bd3a496e08c0b70b45b593e529549fa24d8e81e34a81606df60b6dda,0,222,"[""N"", ""C"", ""C"", ""C"", ""C"", ""C"", ""C"", ""C"", ""C"", ""O"", ""C"", ""C"", ""C"", ""C"", ""C"", ""N"", ""C"", ""C"", ""C"", ""C"", ""C"", ""C"", ""C"", ""C"", ""C"", ""C"", ""C"", ""C"", ""C"", ""C"", ""C"", ""C"", ""C"", ""C"", ""C"", ""C"", ""C"", ""C"", ""C"", ""C"", ""O"", ""C"", ""C"", ""C"", ""H"", ""H"", ""H"", ""H"", ""H"", ""H"", ""H"", ""H"", ""H"", ""H"", ""H"", ""H"", ""H"", ""H"", ""H"", ""H"", ""H"", ""H"", ""H"", ""H"", ""H"", ""H"", ""H"", ""H"", ""H"", ""H"", ""H"", ""H"", ""H"", ""H"", ""N"", ""C"", ""C"", ""C"", ""C"", ""C"", ""C"", ""C"", ""C"", ""O"", ""C"", ""C"", ""C"", ""C"", ""C"", ""N"", ""C"", ""C"", ""C"", ""C"", ""C"", ""C"", ""C"", ""C"", ""C"", ""C"", ""C"", ""C"", ""C"", ""C"", ""C"", ""C"", ""C"", ""C"", ""C"", ""C"", ""C"", ""C"", ""C"", ""C"", ""O"", ""C"", ""C"", ""C"", ""H"", ""H"", ""H"", ""H"", ""H"", ""H"", ""H"", ""H"", ""H"", ""H"", ""H"", ""H"", ""H"", ""H"", ""H"", ""H"", ""H"", ""H"", ""H"", ""H"", ""H"", ""H"", ""H"", ""H"", ""H"", ""H"", ""H"", ""H"", ""H"", ""H"", ""N"", ""C"", ""C"", ""C"", ""C"", ""C"", ""C"", ""C"", ""C"", ""O"", ""C"", ""C"", ""C"", ""C"", ""C"", ""N"", ""C"", ""C"", ""C"", ""C"", ""C"", ""C"", ""C"", ""C"", ""C"", ""C"", ""C"", ""C"", ""C"", ""C"", ""C"", ""C"", ""C"", ""C"", ""C"", ""C"", ""C"", ""C"", ""C"", ""C"", ""O"", ""C"", ""C"", ""C"", ""H"", ""H"", ""H"", ""H"", ""H"", ""H"", ""H"", ""H"", ""H"", ""H"", ""H"", ""H"", ""H"", ""H"", ""H"", ""H"", ""H"", ""H"", ""H"", ""H"", ""H"", ""H"", ""H"", ""H"", ""H"", ""H"", ""H"", ""H"", ""H"", ""H""]",C120H90N6O6,"[true, true, true]","[21.42362460556103, 0.0, 0.0, -10.71181230278052, 18.553403149557223, 0.0, -11.266306443908144, 13.577393305934795, 34.85546685529082]",13854.390848372741,[],"{""cutoff=6.000_skin=0.000"": 5798, ""cutoff=6.000_skin=0.500"": 6682}",0.0,,
OPT-RF-U256-ROFA-MIX-R256-v1,c9380bd69d0e1d094657eddf3b59489be4b1936561d28466835006a1e050ca76,OPT-RF-U256-ROFA-MIX-R256-v1:0145,A_corrH_d2_c1-1-1_m1-1-1_462_222,a5267a3ec48862219d7391fda54352a97df0945251552fee0eef196a9fc0551d,145,cross_family_test_set,rof-a/structures/A_corrH_d2_c1-1-1_m1-1-1_462_222.cif,dcc3fe5996f35170388e977ee5bac26f913398b3db2279401407df00b3cfbdd6,a5267a3ec48862219d7391fda54352a97df0945251552fee0eef196a9fc0551d,0,222,"[""N"", ""C"", ""C"", ""C"", ""C"", ""C"", ""C"", ""C"", ""C"", ""O"", ""C"", ""C"", ""C"", ""C"", ""C"", ""N"", ""C"", ""C"", ""C"", ""C"", ""C"", ""C"", ""C"", ""C"", ""C"", ""C"", ""C"", ""C"", ""C"", ""C"", ""C"", ""C"", ""C"", ""C"", ""C"", ""C"", ""C"", ""C"", ""C"", ""C"", ""O"", ""C"", ""C"", ""C"", ""H"", ""H"", ""H"", ""H"", ""H"", ""H"", ""H"", ""H"", ""H"", ""H"", ""H"", ""H"", ""H"", ""H"", ""H"", ""H"", ""H"", ""H"", ""H"", ""H"", ""H"", ""H"", ""H"", ""H"", ""H"", ""H"", ""H"", ""H"", ""H"", ""H"", ""N"", ""C"", ""C"", ""C"", ""C"", ""C"", ""C"", ""C"", ""C"", ""O"", ""C"", ""C"", ""C"", ""C"", ""C"", ""N"", ""C"", ""C"", ""C"", ""C"", ""C"", ""C"", ""C"", ""C"", ""C"", ""C"", ""C"", ""C"", ""C"", ""C"", ""C"", ""C"", ""C"", ""C"", ""C"", ""C"", ""C"", ""C"", ""C"", ""C"", ""O"", ""C"", ""C"", ""C"", ""H"", ""H"", ""H"", ""H"", ""H"", ""H"", ""H"", ""H"", ""H"", ""H"", ""H"", ""H"", ""H"", ""H"", ""H"", ""H"", ""H"", ""H"", ""H"", ""H"", ""H"", ""H"", ""H"", ""H"", ""H"", ""H"", ""H"", ""H"", ""H"", ""H"", ""N"", ""C"", ""C"", ""C"", ""C"", ""C"", ""C"", ""C"", ""C"", ""O"", ""C"", ""C"", ""C"", ""C"", ""C"", ""N"", ""C"", ""C"", ""C"", ""C"", ""C"", ""C"", ""C"", ""C"", ""C"", ""C"", ""C"", ""C"", ""C"", ""C"", ""C"", ""C"", ""C"", ""C"", ""C"", ""C"", ""C"", ""C"", ""C"", ""C"", ""O"", ""C"", ""C"", ""C"", ""H"", ""H"", ""H"", ""H"", ""H"", ""H"", ""H"", ""H"", ""H"", ""H"", ""H"", ""H"", ""H"", ""H"", ""H"", ""H"", ""H"", ""H"", ""H"", ""H"", ""H"", ""H"", ""H"", ""H"", ""H"", ""H"", ""H"", ""H"", ""H"", ""H""]",C120H90N6O6,"[true, true, true]","[21.42362460556103, 0.0, 0.0, -10.711812302780523, 18.553403149557226, 0.0, -52.8592028899645, 12.036503937458972, 47.425077029382194]",18850.573882917615,[],"{""cutoff=6.000_skin=0.000"": 5800, ""cutoff=6.000_skin=0.500"": 6658}",0.0,,
OPT-RF-U256-ROFA-MIX-R256-v1,c9380bd69d0e1d094657eddf3b59489be4b1936561d28466835006a1e050ca76,OPT-RF-U256-ROFA-MIX-R256-v1:0146,A_corrH_d2_c1-1-1_m1-1-1_5164_222,dbcb188de38cf13905c381618455ed436aa32bc92b67af9212ea718f77f84cec,146,cross_family_test_set,rof-a/structures/A_corrH_d2_c1-1-1_m1-1-1_5164_222.cif,9b37e98e5abb97290a9e88b0430b2e4ec718fcc95d4b1df468516b2e14859f25,dbcb188de38cf13905c381618455ed436aa32bc92b67af9212ea718f77f84cec,0,222,"[""N"", ""C"", ""C"", ""C"", ""C"", ""C"", ""C"", ""C"", ""C"", ""O"", ""C"", ""C"", ""C"", ""C"", ""C"", ""N"", ""C"", ""C"", ""C"", ""C"", ""C"", ""C"", ""C"", ""C"", ""C"", ""C"", ""C"", ""C"", ""C"", ""C"", ""C"", ""C"", ""C"", ""C"", ""C"", ""C"", ""C"", ""C"", ""C"", ""C"", ""O"", ""C"", ""C"", ""C"", ""H"", ""H"", ""H"", ""H"", ""H"", ""H"", ""H"", ""H"", ""H"", ""H"", ""H"", ""H"", ""H"", ""H"", ""H"", ""H"", ""H"", ""H"", ""H"", ""H"", ""H"", ""H"", ""H"", ""H"", ""H"", ""H"", ""H"", ""H"", ""H"", ""H"", ""N"", ""C"", ""C"", ""C"", ""C"", ""C"", ""C"", ""C"", ""C"", ""O"", ""C"", ""C"", ""C"", ""C"", ""C"", ""N"", ""C"", ""C"", ""C"", ""C"", ""C"", ""C"", ""C"", ""C"", ""C"", ""C"", ""C"", ""C"", ""C"", ""C"", ""C"", ""C"", ""C"", ""C"", ""C"", ""C"", ""C"", ""C"", ""C"", ""C"", ""O"", ""C"", ""C"", ""C"", ""H"", ""H"", ""H"", ""H"", ""H"", ""H"", ""H"", ""H"", ""H"", ""H"", ""H"", ""H"", ""H"", ""H"", ""H"", ""H"", ""H"", ""H"", ""H"", ""H"", ""H"", ""H"", ""H"", ""H"", ""H"", ""H"", ""H"", ""H"", ""H"", ""H"", ""N"", ""C"", ""C"", ""C"", ""C"", ""C"", ""C"", ""C"", ""C"", ""O"", ""C"", ""C"", ""C"", ""C"", ""C"", ""N"", ""C"", ""C"", ""C"", ""C"", ""C"", ""C"", ""C"", ""C"", ""C"", ""C"", ""C"", ""C"", ""C"", ""C"", ""C"", ""C"", ""C"", ""C"", ""C"", ""C"", ""C"", ""C"", ""C"", ""C"", ""O"", ""C"", ""C"", ""C"", ""H"", ""H"", ""H"", ""H"", ""H"", ""H"", ""H"", ""H"", ""H"", ""H"", ""H"", ""H"", ""H"", ""H"", ""H"", ""H"", ""H"", ""H"", ""H"", ""H"", ""H"", ""H"", ""H"", ""H"", ""H"", ""H"", ""H"", ""H"", ""H"", ""H""]",C120H90N6O6,"[true, true, true]","[21.42362460556103, 0.0, 0.0, -10.71181230278052, 18.553403149557223, 0.0, -25.22618231688151, -40.6357775593974, 38.82280996615476]",15431.334927638893,[],"{""cutoff=6.000_skin=0.000"": 5800, ""cutoff=6.000_skin=0.500"": 6696}",0.0,,
OPT-RF-U256-ROFA-MIX-R256-v1,c9380bd69d0e1d094657eddf3b59489be4b1936561d28466835006a1e050ca76,OPT-RF-U256-ROFA-MIX-R256-v1:0147,A_corrH_d2_c1-1-1_m1-1-1_6866_222,bffae61e3c5f38a5d17e70d29d66603926e834a7c39bed83af7ee8c5eb939cf5,147,cross_family_test_set,rof-a/structures/A_corrH_d2_c1-1-1_m1-1-1_6866_222.cif,9c8010ee59ebe847d569f82aa7b8e44d840259a75e4e1636e34b5a1a221bb9fd,bffae61e3c5f38a5d17e70d29d66603926e834a7c39bed83af7ee8c5eb939cf5,0,222,"[""N"", ""C"", ""C"", ""C"", ""C"", ""C"", ""C"", ""C"", ""C"", ""O"", ""C"", ""C"", ""C"", ""C"", ""C"", ""N"", ""C"", ""C"", ""C"", ""C"", ""C"", ""C"", ""C"", ""C"", ""C"", ""C"", ""C"", ""C"", ""C"", ""C"", ""C"", ""C"", ""C"", ""C"", ""C"", ""C"", ""C"", ""C"", ""C"", ""C"", ""O"", ""C"", ""C"", ""C"", ""H"", ""H"", ""H"", ""H"", ""H"", ""H"", ""H"", ""H"", ""H"", ""H"", ""H"", ""H"", ""H"", ""H"", ""H"", ""H"", ""H"", ""H"", ""H"", ""H"", ""H"", ""H"", ""H"", ""H"", ""H"", ""H"", ""H"", ""H"", ""H"", ""H"", ""N"", ""C"", ""C"", ""C"", ""C"", ""C"", ""C"", ""C"", ""C"", ""O"", ""C"", ""C"", ""C"", ""C"", ""C"", ""N"", ""C"", ""C"", ""C"", ""C"", ""C"", ""C"", ""C"", ""C"", ""C"", ""C"", ""C"", ""C"", ""C"", ""C"", ""C"", ""C"", ""C"", ""C"", ""C"", ""C"", ""C"", ""C"", ""C"", ""C"", ""O"", ""C"", ""C"", ""C"", ""H"", ""H"", ""H"", ""H"", ""H"", ""H"", ""H"", ""H"", ""H"", ""H"", ""H"", ""H"", ""H"", ""H"", ""H"", ""H"", ""H"", ""H"", ""H"", ""H"", ""H"", ""H"", ""H"", ""H"", ""H"", ""H"", ""H"", ""H"", ""H"", ""H"", ""N"", ""C"", ""C"", ""C"", ""C"", ""C"", ""C"", ""C"", ""C"", ""O"", ""C"", ""C"", ""C"", ""C"", ""C"", ""N"", ""C"", ""C"", ""C"", ""C"", ""C"", ""C"", ""C"", ""C"", ""C"", ""C"", ""C"", ""C"", ""C"", ""C"", ""C"", ""C"", ""C"", ""C"", ""C"", ""C"", ""C"", ""C"", ""C"", ""C"", ""O"", ""C"", ""C"", ""C"", ""H"", ""H"", ""H"", ""H"", ""H"", ""H"", ""H"", ""H"", ""H"", ""H"", ""H"", ""H"", ""H"", ""H"", ""H"", ""H"", ""H"", ""H"", ""H"", ""H"", ""H"", ""H"", ""H"", ""H"", ""H"", ""H"", ""H"", ""H"", ""H"", ""H""]",C120H90N6O6,"[true, true, true]","[21.42362460556103, 0.0, 0.0, -10.71181230278052, 18.553403149557223, 0.0, 13.728454569856586, 2.812208647421512, 44.109328497903746]",17532.62636264082,[],"{""cutoff=6.000_skin=0.000"": 5810, ""cutoff=6.000_skin=0.500"": 6650}",0.0,,
OPT-RF-U256-ROFA-MIX-R256-v1,c9380bd69d0e1d094657eddf3b59489be4b1936561d28466835006a1e050ca76,OPT-RF-U256-ROFA-MIX-R256-v1:0148,A_corrH_d2_c1-1-1_m1-1-1_3823_222,9702fc50ce2efd7559a2eab5e93781ce6c1123243443e8e58fcaf312115ad68e,148,cross_family_test_set,rof-a/structures/A_corrH_d2_c1-1-1_m1-1-1_3823_222.cif,27cb20a47ba5d824fb369195ba55b07bf40f4d97ff9bdd95538fe24df6ac78c5,9702fc50ce2efd7559a2eab5e93781ce6c1123243443e8e58fcaf312115ad68e,0,222,"[""N"", ""C"", ""C"", ""C"", ""C"", ""C"", ""C"", ""C"", ""C"", ""O"", ""C"", ""C"", ""C"", ""C"", ""C"", ""N"", ""C"", ""C"", ""C"", ""C"", ""C"", ""C"", ""C"", ""C"", ""C"", ""C"", ""C"", ""C"", ""C"", ""C"", ""C"", ""C"", ""C"", ""C"", ""C"", ""C"", ""C"", ""C"", ""C"", ""C"", ""O"", ""C"", ""C"", ""C"", ""H"", ""H"", ""H"", ""H"", ""H"", ""H"", ""H"", ""H"", ""H"", ""H"", ""H"", ""H"", ""H"", ""H"", ""H"", ""H"", ""H"", ""H"", ""H"", ""H"", ""H"", ""H"", ""H"", ""H"", ""H"", ""H"", ""H"", ""H"", ""H"", ""H"", ""N"", ""C"", ""C"", ""C"", ""C"", ""C"", ""C"", ""C"", ""C"", ""O"", ""C"", ""C"", ""C"", ""C"", ""C"", ""N"", ""C"", ""C"", ""C"", ""C"", ""C"", ""C"", ""C"", ""C"", ""C"", ""C"", ""C"", ""C"", ""C"", ""C"", ""C"", ""C"", ""C"", ""C"", ""C"", ""C"", ""C"", ""C"", ""C"", ""C"", ""O"", ""C"", ""C"", ""C"", ""H"", ""H"", ""H"", ""H"", ""H"", ""H"", ""H"", ""H"", ""H"", ""H"", ""H"", ""H"", ""H"", ""H"", ""H"", ""H"", ""H"", ""H"", ""H"", ""H"", ""H"", ""H"", ""H"", ""H"", ""H"", ""H"", ""H"", ""H"", ""H"", ""H"", ""N"", ""C"", ""C"", ""C"", ""C"", ""C"", ""C"", ""C"", ""C"", ""O"", ""C"", ""C"", ""C"", ""C"", ""C"", ""N"", ""C"", ""C"", ""C"", ""C"", ""C"", ""C"", ""C"", ""C"", ""C"", ""C"", ""C"", ""C"", ""C"", ""C"", ""C"", ""C"", ""C"", ""C"", ""C"", ""C"", ""C"", ""C"", ""C"", ""C"", ""O"", ""C"", ""C"", ""C"", ""H"", ""H"", ""H"", ""H"", ""H"", ""H"", ""H"", ""H"", ""H"", ""H"", ""H"", ""H"", ""H"", ""H"", ""H"", ""H"", ""H"", ""H"", ""H"", ""H"", ""H"", ""H"", ""H"", ""H"", ""H"", ""H"", ""H"", ""H"", ""H"", ""H""]",C120H90N6O6,"[true, true, true]","[21.42362460556103, 0.0, 0.0, 10.711812302780523, 18.553403149557223, 0.0, -22.449059525449055, 1.009661367454401, 44.090735067203184]",17525.235824530766,[],"{""cutoff=6.000_skin=0.000"": 5818, ""cutoff=6.000_skin=0.500"": 6708}",0.0,,
OPT-RF-U256-ROFA-MIX-R256-v1,c9380bd69d0e1d094657eddf3b59489be4b1936561d28466835006a1e050ca76,OPT-RF-U256-ROFA-MIX-R256-v1:0149,A_corrH_d2_c1-1-1_m1-1-1_5076_222,2a6dcc65c9ca10937419c31f910f575f811893ce90cb1addf493b654d43b1969,149,cross_family_test_set,rof-a/structures/A_corrH_d2_c1-1-1_m1-1-1_5076_222.cif,c0aa44036d2d30ad81ebfa64bc2f6bce3e3fd6d0252cb5e31d398e0f92b4f581,2a6dcc65c9ca10937419c31f910f575f811893ce90cb1addf493b654d43b1969,0,222,"[""N"", ""C"", ""C"", ""C"", ""C"", ""C"", ""C"", ""C"", ""C"", ""O"", ""C"", ""C"", ""C"", ""C"", ""C"", ""N"", ""C"", ""C"", ""C"", ""C"", ""C"", ""C"", ""C"", ""C"", ""C"", ""C"", ""C"", ""C"", ""C"", ""C"", ""C"", ""C"", ""C"", ""C"", ""C"", ""C"", ""C"", ""C"", ""C"", ""C"", ""O"", ""C"", ""C"", ""C"", ""H"", ""H"", ""H"", ""H"", ""H"", ""H"", ""H"", ""H"", ""H"", ""H"", ""H"", ""H"", ""H"", ""H"", ""H"", ""H"", ""H"", ""H"", ""H"", ""H"", ""H"", ""H"", ""H"", ""H"", ""H"", ""H"", ""H"", ""H"", ""H"", ""H"", ""N"", ""C"", ""C"", ""C"", ""C"", ""C"", ""C"", ""C"", ""C"", ""O"", ""C"", ""C"", ""C"", ""C"", ""C"", ""N"", ""C"", ""C"", ""C"", ""C"", ""C"", ""C"", ""C"", ""C"", ""C"", ""C"", ""C"", ""C"", ""C"", ""C"", ""C"", ""C"", ""C"", ""C"", ""C"", ""C"", ""C"", ""C"", ""C"", ""C"", ""O"", ""C"", ""C"", ""C"", ""H"", ""H"", ""H"", ""H"", ""H"", ""H"", ""H"", ""H"", ""H"", ""H"", ""H"", ""H"", ""H"", ""H"", ""H"", ""H"", ""H"", ""H"", ""H"", ""H"", ""H"", ""H"", ""H"", ""H"", ""H"", ""H"", ""H"", ""H"", ""H"", ""H"", ""N"", ""C"", ""C"", ""C"", ""C"", ""C"", ""C"", ""C"", ""C"", ""O"", ""C"", ""C"", ""C"", ""C"", ""C"", ""N"", ""C"", ""C"", ""C"", ""C"", ""C"", ""C"", ""C"", ""C"", ""C"", ""C"", ""C"", ""C"", ""C"", ""C"", ""C"", ""C"", ""C"", ""C"", ""C"", ""C"", ""C"", ""C"", ""C"", ""C"", ""O"", ""C"", ""C"", ""C"", ""H"", ""H"", ""H"", ""H"", ""H"", ""H"", ""H"", ""H"", ""H"", ""H"", ""H"", ""H"", ""H"", ""H"", ""H"", ""H"", ""H"", ""H"", ""H"", ""H"", ""H"", ""H"", ""H"", ""H"", ""H"", ""H"", ""H"", ""H"", ""H"", ""H""]",C120H90N6O6,"[true, true, true]","[21.42362460556103, 0.0, 0.0, -10.71181230278052, 18.553403149557223, 0.0, -1.5883822177941893, 75.55638755545607, 40.35335489842534]",16039.69767861589,[],"{""cutoff=6.000_skin=0.000"": 5820, ""cutoff=6.000_skin=0.500"": 6674}",0.0,,
OPT-RF-U256-ROFA-MIX-R256-v1,c9380bd69d0e1d094657eddf3b59489be4b1936561d28466835006a1e050ca76,OPT-RF-U256-ROFA-MIX-R256-v1:0150,A_corrH_d2_c1-1-1_m1-1-1_2151_222,bccc0b6c2fdb733109765b6351cf10e4af32ec3cf55b69d5a660f426d5491591,150,cross_family_test_set,rof-a/structures/A_corrH_d2_c1-1-1_m1-1-1_2151_222.cif,ae9b68a9d677cc83baf026172da03392f16319b8889233f8d32c85d2c6d91b1d,bccc0b6c2fdb733109765b6351cf10e4af32ec3cf55b69d5a660f426d5491591,0,222,"[""N"", ""C"", ""C"", ""C"", ""C"", ""C"", ""C"", ""C"", ""C"", ""O"", ""C"", ""C"", ""C"", ""C"", ""C"", ""N"", ""C"", ""C"", ""C"", ""C"", ""C"", ""C"", ""C"", ""C"", ""C"", ""C"", ""C"", ""C"", ""C"", ""C"", ""C"", ""C"", ""C"", ""C"", ""C"", ""C"", ""C"", ""C"", ""C"", ""C"", ""O"", ""C"", ""C"", ""C"", ""H"", ""H"", ""H"", ""H"", ""H"", ""H"", ""H"", ""H"", ""H"", ""H"", ""H"", ""H"", ""H"", ""H"", ""H"", ""H"", ""H"", ""H"", ""H"", ""H"", ""H"", ""H"", ""H"", ""H"", ""H"", ""H"", ""H"", ""H"", ""H"", ""H"", ""N"", ""C"", ""C"", ""C"", ""C"", ""C"", ""C"", ""C"", ""C"", ""O"", ""C"", ""C"", ""C"", ""C"", ""C"", ""N"", ""C"", ""C"", ""C"", ""C"", ""C"", ""C"", ""C"", ""C"", ""C"", ""C"", ""C"", ""C"", ""C"", ""C"", ""C"", ""C"", ""C"", ""C"", ""C"", ""C"", ""C"", ""C"", ""C"", ""C"", ""O"", ""C"", ""C"", ""C"", ""H"", ""H"", ""H"", ""H"", ""H"", ""H"", ""H"", ""H"", ""H"", ""H"", ""H"", ""H"", ""H"", ""H"", ""H"", ""H"", ""H"", ""H"", ""H"", ""H"", ""H"", ""H"", ""H"", ""H"", ""H"", ""H"", ""H"", ""H"", ""H"", ""H"", ""N"", ""C"", ""C"", ""C"", ""C"", ""C"", ""C"", ""C"", ""C"", ""O"", ""C"", ""C"", ""C"", ""C"", ""C"", ""N"", ""C"", ""C"", ""C"", ""C"", ""C"", ""C"", ""C"", ""C"", ""C"", ""C"", ""C"", ""C"", ""C"", ""C"", ""C"", ""C"", ""C"", ""C"", ""C"", ""C"", ""C"", ""C"", ""C"", ""C"", ""O"", ""C"", ""C"", ""C"", ""H"", ""H"", ""H"", ""H"", ""H"", ""H"", ""H"", ""H"", ""H"", ""H"", ""H"", ""H"", ""H"", ""H"", ""H"", ""H"", ""H"", ""H"", ""H"", ""H"", ""H"", ""H"", ""H"", ""H"", ""H"", ""H"", ""H"", ""H"", ""H"", ""H""]",C120H90N6O6,"[true, true, true]","[21.42362460556103, 0.0, 0.0, 10.711812302780523, 18.553403149557223, 0.0, -35.56300592925611, 22.180025578692813, 36.5458193875377]",14526.274107045274,[],"{""cutoff=6.000_skin=0.000"": 5824, ""cutoff=6.000_skin=0.500"": 6706}",0.0,,
OPT-RF-U256-ROFA-MIX-R256-v1,c9380bd69d0e1d094657eddf3b59489be4b1936561d28466835006a1e050ca76,OPT-RF-U256-ROFA-MIX-R256-v1:0151,A_corrH_d2_c1-1-1_m1-1-1_7724_222,a059d2f6a38d5f607d004a77da31489c300b98dd1400849ce5a5dcc9fe1218e8,151,cross_family_test_set,rof-a/structures/A_corrH_d2_c1-1-1_m1-1-1_7724_222.cif,434b8532b42797bf1127b5bf9308e798fa84a88fe7d645014452d739fc2bf938,a059d2f6a38d5f607d004a77da31489c300b98dd1400849ce5a5dcc9fe1218e8,0,222,"[""N"", ""C"", ""C"", ""C"", ""C"", ""C"", ""C"", ""C"", ""C"", ""O"", ""C"", ""C"", ""C"", ""C"", ""C"", ""N"", ""C"", ""C"", ""C"", ""C"", ""C"", ""C"", ""C"", ""C"", ""C"", ""C"", ""C"", ""C"", ""C"", ""C"", ""C"", ""C"", ""C"", ""C"", ""C"", ""C"", ""C"", ""C"", ""C"", ""C"", ""O"", ""C"", ""C"", ""C"", ""H"", ""H"", ""H"", ""H"", ""H"", ""H"", ""H"", ""H"", ""H"", ""H"", ""H"", ""H"", ""H"", ""H"", ""H"", ""H"", ""H"", ""H"", ""H"", ""H"", ""H"", ""H"", ""H"", ""H"", ""H"", ""H"", ""H"", ""H"", ""H"", ""H"", ""N"", ""C"", ""C"", ""C"", ""C"", ""C"", ""C"", ""C"", ""C"", ""O"", ""C"", ""C"", ""C"", ""C"", ""C"", ""N"", ""C"", ""C"", ""C"", ""C"", ""C"", ""C"", ""C"", ""C"", ""C"", ""C"", ""C"", ""C"", ""C"", ""C"", ""C"", ""C"", ""C"", ""C"", ""C"", ""C"", ""C"", ""C"", ""C"", ""C"", ""O"", ""C"", ""C"", ""C"", ""H"", ""H"", ""H"", ""H"", ""H"", ""H"", ""H"", ""H"", ""H"", ""H"", ""H"", ""H"", ""H"", ""H"", ""H"", ""H"", ""H"", ""H"", ""H"", ""H"", ""H"", ""H"", ""H"", ""H"", ""H"", ""H"", ""H"", ""H"", ""H"", ""H"", ""N"", ""C"", ""C"", ""C"", ""C"", ""C"", ""C"", ""C"", ""C"", ""O"", ""C"", ""C"", ""C"", ""C"", ""C"", ""N"", ""C"", ""C"", ""C"", ""C"", ""C"", ""C"", ""C"", ""C"", ""C"", ""C"", ""C"", ""C"", ""C"", ""C"", ""C"", ""C"", ""C"", ""C"", ""C"", ""C"", ""C"", ""C"", ""C"", ""C"", ""O"", ""C"", ""C"", ""C"", ""H"", ""H"", ""H"", ""H"", ""H"", ""H"", ""H"", ""H"", ""H"", ""H"", ""H"", ""H"", ""H"", ""H"", ""H"", ""H"", ""H"", ""H"", ""H"", ""H"", ""H"", ""H"", ""H"", ""H"", ""H"", ""H"", ""H"", ""H"", ""H"", ""H""]",C120H90N6O6,"[true, true, true]","[21.42362460556103, 0.0, 0.0, 10.711812302780523, 18.553403149557223, 0.0, 14.99605070536175, -42.04077192238112, 45.1058774804072]",17928.735792489268,[],"{""cutoff=6.000_skin=0.000"": 5830, ""cutoff=6.000_skin=0.500"": 6710}",0.0,,
OPT-RF-U256-ROFA-MIX-R256-v1,c9380bd69d0e1d094657eddf3b59489be4b1936561d28466835006a1e050ca76,OPT-RF-U256-ROFA-MIX-R256-v1:0152,A_corrH_d2_c1-1-1_m1-1-1_2015_222,4b7837d68d27be766009ec1a530f24b05ca0d16ec79d7467b12d8cecf157ca34,152,cross_family_test_set,rof-a/structures/A_corrH_d2_c1-1-1_m1-1-1_2015_222.cif,9612e47656b916d61393cd603cb435606a0cfe4d19af4e1b1d3a17aa2fed4264,4b7837d68d27be766009ec1a530f24b05ca0d16ec79d7467b12d8cecf157ca34,0,222,"[""N"", ""C"", ""C"", ""C"", ""C"", ""C"", ""C"", ""C"", ""C"", ""O"", ""C"", ""C"", ""C"", ""C"", ""C"", ""N"", ""C"", ""C"", ""C"", ""C"", ""C"", ""C"", ""C"", ""C"", ""C"", ""C"", ""C"", ""C"", ""C"", ""C"", ""C"", ""C"", ""C"", ""C"", ""C"", ""C"", ""C"", ""C"", ""C"", ""C"", ""O"", ""C"", ""C"", ""C"", ""H"", ""H"", ""H"", ""H"", ""H"", ""H"", ""H"", ""H"", ""H"", ""H"", ""H"", ""H"", ""H"", ""H"", ""H"", ""H"", ""H"", ""H"", ""H"", ""H"", ""H"", ""H"", ""H"", ""H"", ""H"", ""H"", ""H"", ""H"", ""H"", ""H"", ""N"", ""C"", ""C"", ""C"", ""C"", ""C"", ""C"", ""C"", ""C"", ""O"", ""C"", ""C"", ""C"", ""C"", ""C"", ""N"", ""C"", ""C"", ""C"", ""C"", ""C"", ""C"", ""C"", ""C"", ""C"", ""C"", ""C"", ""C"", ""C"", ""C"", ""C"", ""C"", ""C"", ""C"", ""C"", ""C"", ""C"", ""C"", ""C"", ""C"", ""O"", ""C"", ""C"", ""C"", ""H"", ""H"", ""H"", ""H"", ""H"", ""H"", ""H"", ""H"", ""H"", ""H"", ""H"", ""H"", ""H"", ""H"", ""H"", ""H"", ""H"", ""H"", ""H"", ""H"", ""H"", ""H"", ""H"", ""H"", ""H"", ""H"", ""H"", ""H"", ""H"", ""H"", ""N"", ""C"", ""C"", ""C"", ""C"", ""C"", ""C"", ""C"", ""C"", ""O"", ""C"", ""C"", ""C"", ""C"", ""C"", ""N"", ""C"", ""C"", ""C"", ""C"", ""C"", ""C"", ""C"", ""C"", ""C"", ""C"", ""C"", ""C"", ""C"", ""C"", ""C"", ""C"", ""C"", ""C"", ""C"", ""C"", ""C"", ""C"", ""C"", ""C"", ""O"", ""C"", ""C"", ""C"", ""H"", ""H"", ""H"", ""H"", ""H"", ""H"", ""H"", ""H"", ""H"", ""H"", ""H"", ""H"", ""H"", ""H"", ""H"", ""H"", ""H"", ""H"", ""H"", ""H"", ""H"", ""H"", ""H"", ""H"", ""H"", ""H"", ""H"", ""H"", ""H"", ""H""]",C120H90N6O6,"[true, true, true]","[21.42362460556103, 0.0, 0.0, -10.71181230278052, 18.553403149557223, 0.0, -28.58131020304077, -32.41789712991628, 32.70518380479123]",12999.693881038036,[],"{""cutoff=6.000_skin=0.000"": 5834, ""cutoff=6.000_skin=0.500"": 6764}",0.0,,
OPT-RF-U256-ROFA-MIX-R256-v1,c9380bd69d0e1d094657eddf3b59489be4b1936561d28466835006a1e050ca76,OPT-RF-U256-ROFA-MIX-R256-v1:0153,A_corrH_d2_c1-1-1_m1-1-1_7798_222,be40da5a4405ab5bcd5185a4b21312bbff08a298654f594aa67aa7cc42b23bd3,153,cross_family_test_set,rof-a/structures/A_corrH_d2_c1-1-1_m1-1-1_7798_222.cif,28ff230cb4485d820c862d432e7da62d6917eae905784f89f2dfed3ff89cd7a4,be40da5a4405ab5bcd5185a4b21312bbff08a298654f594aa67aa7cc42b23bd3,0,222,"[""N"", ""C"", ""C"", ""C"", ""C"", ""C"", ""C"", ""C"", ""C"", ""O"", ""C"", ""C"", ""C"", ""C"", ""C"", ""N"", ""C"", ""C"", ""C"", ""C"", ""C"", ""C"", ""C"", ""C"", ""C"", ""C"", ""C"", ""C"", ""C"", ""C"", ""C"", ""C"", ""C"", ""C"", ""C"", ""C"", ""C"", ""C"", ""C"", ""C"", ""O"", ""C"", ""C"", ""C"", ""H"", ""H"", ""H"", ""H"", ""H"", ""H"", ""H"", ""H"", ""H"", ""H"", ""H"", ""H"", ""H"", ""H"", ""H"", ""H"", ""H"", ""H"", ""H"", ""H"", ""H"", ""H"", ""H"", ""H"", ""H"", ""H"", ""H"", ""H"", ""H"", ""H"", ""N"", ""C"", ""C"", ""C"", ""C"", ""C"", ""C"", ""C"", ""C"", ""O"", ""C"", ""C"", ""C"", ""C"", ""C"", ""N"", ""C"", ""C"", ""C"", ""C"", ""C"", ""C"", ""C"", ""C"", ""C"", ""C"", ""C"", ""C"", ""C"", ""C"", ""C"", ""C"", ""C"", ""C"", ""C"", ""C"", ""C"", ""C"", ""C"", ""C"", ""O"", ""C"", ""C"", ""C"", ""H"", ""H"", ""H"", ""H"", ""H"", ""H"", ""H"", ""H"", ""H"", ""H"", ""H"", ""H"", ""H"", ""H"", ""H"", ""H"", ""H"", ""H"", ""H"", ""H"", ""H"", ""H"", ""H"", ""H"", ""H"", ""H"", ""H"", ""H"", ""H"", ""H"", ""N"", ""C"", ""C"", ""C"", ""C"", ""C"", ""C"", ""C"", ""C"", ""O"", ""C"", ""C"", ""C"", ""C"", ""C"", ""N"", ""C"", ""C"", ""C"", ""C"", ""C"", ""C"", ""C"", ""C"", ""C"", ""C"", ""C"", ""C"", ""C"", ""C"", ""C"", ""C"", ""C"", ""C"", ""C"", ""C"", ""C"", ""C"", ""C"", ""C"", ""O"", ""C"", ""C"", ""C"", ""H"", ""H"", ""H"", ""H"", ""H"", ""H"", ""H"", ""H"", ""H"", ""H"", ""H"", ""H"", ""H"", ""H"", ""H"", ""H"", ""H"", ""H"", ""H"", ""H"", ""H"", ""H"", ""H"", ""H"", ""H"", ""H"", ""H"", ""H"", ""H"", ""H""]",C120H90N6O6,"[true, true, true]","[21.42362460556103, 0.0, 0.0, 10.711812302780523, 18.553403149557223, 0.0, 6.359395303865692, 5.151769572470389, 31.295381820297155]",12439.32417510114,[],"{""cutoff=6.000_skin=0.000"": 5834, ""cutoff=6.000_skin=0.500"": 6756}",0.0,,
OPT-RF-U256-ROFA-MIX-R256-v1,c9380bd69d0e1d094657eddf3b59489be4b1936561d28466835006a1e050ca76,OPT-RF-U256-ROFA-MIX-R256-v1:0154,A_corrH_d2_c1-1-1_m1-1-1_939_222,30d44601c905cea2814d6bb8dfdf87f0159effe967ea69e77d46289a13ea85fb,154,cross_family_test_set,rof-a/structures/A_corrH_d2_c1-1-1_m1-1-1_939_222.cif,fbaec25d69225ff5da369bc69ba716ec92e40d4f6403605d534e8cbcc9b9252e,30d44601c905cea2814d6bb8dfdf87f0159effe967ea69e77d46289a13ea85fb,0,222,"[""N"", ""C"", ""C"", ""C"", ""C"", ""C"", ""C"", ""C"", ""C"", ""O"", ""C"", ""C"", ""C"", ""C"", ""C"", ""N"", ""C"", ""C"", ""C"", ""C"", ""C"", ""C"", ""C"", ""C"", ""C"", ""C"", ""C"", ""C"", ""C"", ""C"", ""C"", ""C"", ""C"", ""C"", ""C"", ""C"", ""C"", ""C"", ""C"", ""C"", ""O"", ""C"", ""C"", ""C"", ""H"", ""H"", ""H"", ""H"", ""H"", ""H"", ""H"", ""H"", ""H"", ""H"", ""H"", ""H"", ""H"", ""H"", ""H"", ""H"", ""H"", ""H"", ""H"", ""H"", ""H"", ""H"", ""H"", ""H"", ""H"", ""H"", ""H"", ""H"", ""H"", ""H"", ""N"", ""C"", ""C"", ""C"", ""C"", ""C"", ""C"", ""C"", ""C"", ""O"", ""C"", ""C"", ""C"", ""C"", ""C"", ""N"", ""C"", ""C"", ""C"", ""C"", ""C"", ""C"", ""C"", ""C"", ""C"", ""C"", ""C"", ""C"", ""C"", ""C"", ""C"", ""C"", ""C"", ""C"", ""C"", ""C"", ""C"", ""C"", ""C"", ""C"", ""O"", ""C"", ""C"", ""C"", ""H"", ""H"", ""H"", ""H"", ""H"", ""H"", ""H"", ""H"", ""H"", ""H"", ""H"", ""H"", ""H"", ""H"", ""H"", ""H"", ""H"", ""H"", ""H"", ""H"", ""H"", ""H"", ""H"", ""H"", ""H"", ""H"", ""H"", ""H"", ""H"", ""H"", ""N"", ""C"", ""C"", ""C"", ""C"", ""C"", ""C"", ""C"", ""C"", ""O"", ""C"", ""C"", ""C"", ""C"", ""C"", ""N"", ""C"", ""C"", ""C"", ""C"", ""C"", ""C"", ""C"", ""C"", ""C"", ""C"", ""C"", ""C"", ""C"", ""C"", ""C"", ""C"", ""C"", ""C"", ""C"", ""C"", ""C"", ""C"", ""C"", ""C"", ""O"", ""C"", ""C"", ""C"", ""H"", ""H"", ""H"", ""H"", ""H"", ""H"", ""H"", ""H"", ""H"", ""H"", ""H"", ""H"", ""H"", ""H"", ""H"", ""H"", ""H"", ""H"", ""H"", ""H"", ""H"", ""H"", ""H"", ""H"", ""H"", ""H"", ""H"", ""H"", ""H"", ""H""]",C120H90N6O6,"[true, true, true]","[21.42362460556103, 0.0, 0.0, -10.71181230278052, 18.553403149557223, 0.0, -16.921435711703186, 23.08843295385471, 36.981903102017085]",14699.609160857353,[],"{""cutoff=6.000_skin=0.000"": 5838, ""cutoff=6.000_skin=0.500"": 6728}",0.0,,
OPT-RF-U256-ROFA-MIX-R256-v1,c9380bd69d0e1d094657eddf3b59489be4b1936561d28466835006a1e050ca76,OPT-RF-U256-ROFA-MIX-R256-v1:0155,A_corrH_d2_c1-1-1_m1-1-1_1647_222,665cd444f2e9999f84bf0be18b5e870cbe96a4250355ac4bb3cc01413cbedd3d,155,cross_family_test_set,rof-a/structures/A_corrH_d2_c1-1-1_m1-1-1_1647_222.cif,2c970d5222ef1ff384491ef21351fad2689577b26e1b26b810230313a7151e75,665cd444f2e9999f84bf0be18b5e870cbe96a4250355ac4bb3cc01413cbedd3d,0,222,"[""N"", ""C"", ""C"", ""C"", ""C"", ""C"", ""C"", ""C"", ""C"", ""O"", ""C"", ""C"", ""C"", ""C"", ""C"", ""N"", ""C"", ""C"", ""C"", ""C"", ""C"", ""C"", ""C"", ""C"", ""C"", ""C"", ""C"", ""C"", ""C"", ""C"", ""C"", ""C"", ""C"", ""C"", ""C"", ""C"", ""C"", ""C"", ""C"", ""C"", ""O"", ""C"", ""C"", ""C"", ""H"", ""H"", ""H"", ""H"", ""H"", ""H"", ""H"", ""H"", ""H"", ""H"", ""H"", ""H"", ""H"", ""H"", ""H"", ""H"", ""H"", ""H"", ""H"", ""H"", ""H"", ""H"", ""H"", ""H"", ""H"", ""H"", ""H"", ""H"", ""H"", ""H"", ""N"", ""C"", ""C"", ""C"", ""C"", ""C"", ""C"", ""C"", ""C"", ""O"", ""C"", ""C"", ""C"", ""C"", ""C"", ""N"", ""C"", ""C"", ""C"", ""C"", ""C"", ""C"", ""C"", ""C"", ""C"", ""C"", ""C"", ""C"", ""C"", ""C"", ""C"", ""C"", ""C"", ""C"", ""C"", ""C"", ""C"", ""C"", ""C"", ""C"", ""O"", ""C"", ""C"", ""C"", ""H"", ""H"", ""H"", ""H"", ""H"", ""H"", ""H"", ""H"", ""H"", ""H"", ""H"", ""H"", ""H"", ""H"", ""H"", ""H"", ""H"", ""H"", ""H"", ""H"", ""H"", ""H"", ""H"", ""H"", ""H"", ""H"", ""H"", ""H"", ""H"", ""H"", ""N"", ""C"", ""C"", ""C"", ""C"", ""C"", ""C"", ""C"", ""C"", ""O"", ""C"", ""C"", ""C"", ""C"", ""C"", ""N"", ""C"", ""C"", ""C"", ""C"", ""C"", ""C"", ""C"", ""C"", ""C"", ""C"", ""C"", ""C"", ""C"", ""C"", ""C"", ""C"", ""C"", ""C"", ""C"", ""C"", ""C"", ""C"", ""C"", ""C"", ""O"", ""C"", ""C"", ""C"", ""H"", ""H"", ""H"", ""H"", ""H"", ""H"", ""H"", ""H"", ""H"", ""H"", ""H"", ""H"", ""H"", ""H"", ""H"", ""H"", ""H"", ""H"", ""H"", ""H"", ""H"", ""H"", ""H"", ""H"", ""H"", ""H"", ""H"", ""H"", ""H"", ""H""]",C120H90N6O6,"[true, true, true]","[21.42362460556103, 0.0, 0.0, 10.711812302780523, 18.553403149557223, 0.0, 129.1394506109197, 137.034851326975, 47.768876409446996]",18987.22765389193,[],"{""cutoff=6.000_skin=0.000"": 5840, ""cutoff=6.000_skin=0.500"": 6706}",0.0,,
OPT-RF-U256-ROFA-MIX-R256-v1,c9380bd69d0e1d094657eddf3b59489be4b1936561d28466835006a1e050ca76,OPT-RF-U256-ROFA-MIX-R256-v1:0156,A_corrH_d2_c1-1-1_m1-1-1_66_222,553684563d1f03e7c0e5492d9da3063b812e8346a99dbe4f39495cd0c0cb6d65,156,cross_family_test_set,rof-a/structures/A_corrH_d2_c1-1-1_m1-1-1_66_222.cif,38b53bea92d9675a2b04a3a9fa2afdadc13ad64e4c302d5020ed7c57be835a3e,553684563d1f03e7c0e5492d9da3063b812e8346a99dbe4f39495cd0c0cb6d65,0,222,"[""N"", ""C"", ""C"", ""C"", ""C"", ""C"", ""C"", ""C"", ""C"", ""O"", ""C"", ""C"", ""C"", ""C"", ""C"", ""N"", ""C"", ""C"", ""C"", ""C"", ""C"", ""C"", ""C"", ""C"", ""C"", ""C"", ""C"", ""C"", ""C"", ""C"", ""C"", ""C"", ""C"", ""C"", ""C"", ""C"", ""C"", ""C"", ""C"", ""C"", ""O"", ""C"", ""C"", ""C"", ""H"", ""H"", ""H"", ""H"", ""H"", ""H"", ""H"", ""H"", ""H"", ""H"", ""H"", ""H"", ""H"", ""H"", ""H"", ""H"", ""H"", ""H"", ""H"", ""H"", ""H"", ""H"", ""H"", ""H"", ""H"", ""H"", ""H"", ""H"", ""H"", ""H"", ""N"", ""C"", ""C"", ""C"", ""C"", ""C"", ""C"", ""C"", ""C"", ""O"", ""C"", ""C"", ""C"", ""C"", ""C"", ""N"", ""C"", ""C"", ""C"", ""C"", ""C"", ""C"", ""C"", ""C"", ""C"", ""C"", ""C"", ""C"", ""C"", ""C"", ""C"", ""C"", ""C"", ""C"", ""C"", ""C"", ""C"", ""C"", ""C"", ""C"", ""O"", ""C"", ""C"", ""C"", ""H"", ""H"", ""H"", ""H"", ""H"", ""H"", ""H"", ""H"", ""H"", ""H"", ""H"", ""H"", ""H"", ""H"", ""H"", ""H"", ""H"", ""H"", ""H"", ""H"", ""H"", ""H"", ""H"", ""H"", ""H"", ""H"", ""H"", ""H"", ""H"", ""H"", ""N"", ""C"", ""C"", ""C"", ""C"", ""C"", ""C"", ""C"", ""C"", ""O"", ""C"", ""C"", ""C"", ""C"", ""C"", ""N"", ""C"", ""C"", ""C"", ""C"", ""C"", ""C"", ""C"", ""C"", ""C"", ""C"", ""C"", ""C"", ""C"", ""C"", ""C"", ""C"", ""C"", ""C"", ""C"", ""C"", ""C"", ""C"", ""C"", ""C"", ""O"", ""C"", ""C"", ""C"", ""H"", ""H"", ""H"", ""H"", ""H"", ""H"", ""H"", ""H"", ""H"", ""H"", ""H"", ""H"", ""H"", ""H"", ""H"", ""H"", ""H"", ""H"", ""H"", ""H"", ""H"", ""H"", ""H"", ""H"", ""H"", ""H"", ""H"", ""H"", ""H"", ""H""]",C120H90N6O6,"[true, true, true]","[21.42362460556103, 0.0, 0.0, -10.71181230278052, 18.553403149557223, 0.0, 1.6886244336989473, 75.45342032698272, 48.84049513566492]",19413.175891369203,[],"{""cutoff=6.000_skin=0.000"": 5852, ""cutoff=6.000_skin=0.500"": 6752}",0.0,,
OPT-RF-U256-ROFA-MIX-R256-v1,c9380bd69d0e1d094657eddf3b59489be4b1936561d28466835006a1e050ca76,OPT-RF-U256-ROFA-MIX-R256-v1:0157,A_corrH_d2_c1-1-1_m1-1-1_1489_222,11e17819c71e506af39a196dc1f7fb69a4ec563bef5524fa65ce6d37cda5a288,157,cross_family_test_set,rof-a/structures/A_corrH_d2_c1-1-1_m1-1-1_1489_222.cif,d8f33a5721642b7c1fcd50fd6456e0c10bbf44df0d699f7620986d8b007d9481,11e17819c71e506af39a196dc1f7fb69a4ec563bef5524fa65ce6d37cda5a288,0,222,"[""N"", ""C"", ""C"", ""C"", ""C"", ""C"", ""C"", ""C"", ""C"", ""O"", ""C"", ""C"", ""C"", ""C"", ""C"", ""N"", ""C"", ""C"", ""C"", ""C"", ""C"", ""C"", ""C"", ""C"", ""C"", ""C"", ""C"", ""C"", ""C"", ""C"", ""C"", ""C"", ""C"", ""C"", ""C"", ""C"", ""C"", ""C"", ""C"", ""C"", ""O"", ""C"", ""C"", ""C"", ""H"", ""H"", ""H"", ""H"", ""H"", ""H"", ""H"", ""H"", ""H"", ""H"", ""H"", ""H"", ""H"", ""H"", ""H"", ""H"", ""H"", ""H"", ""H"", ""H"", ""H"", ""H"", ""H"", ""H"", ""H"", ""H"", ""H"", ""H"", ""H"", ""H"", ""N"", ""C"", ""C"", ""C"", ""C"", ""C"", ""C"", ""C"", ""C"", ""O"", ""C"", ""C"", ""C"", ""C"", ""C"", ""N"", ""C"", ""C"", ""C"", ""C"", ""C"", ""C"", ""C"", ""C"", ""C"", ""C"", ""C"", ""C"", ""C"", ""C"", ""C"", ""C"", ""C"", ""C"", ""C"", ""C"", ""C"", ""C"", ""C"", ""C"", ""O"", ""C"", ""C"", ""C"", ""H"", ""H"", ""H"", ""H"", ""H"", ""H"", ""H"", ""H"", ""H"", ""H"", ""H"", ""H"", ""H"", ""H"", ""H"", ""H"", ""H"", ""H"", ""H"", ""H"", ""H"", ""H"", ""H"", ""H"", ""H"", ""H"", ""H"", ""H"", ""H"", ""H"", ""N"", ""C"", ""C"", ""C"", ""C"", ""C"", ""C"", ""C"", ""C"", ""O"", ""C"", ""C"", ""C"", ""C"", ""C"", ""N"", ""C"", ""C"", ""C"", ""C"", ""C"", ""C"", ""C"", ""C"", ""C"", ""C"", ""C"", ""C"", ""C"", ""C"", ""C"", ""C"", ""C"", ""C"", ""C"", ""C"", ""C"", ""C"", ""C"", ""C"", ""O"", ""C"", ""C"", ""C"", ""H"", ""H"", ""H"", ""H"", ""H"", ""H"", ""H"", ""H"", ""H"", ""H"", ""H"", ""H"", ""H"", ""H"", ""H"", ""H"", ""H"", ""H"", ""H"", ""H"", ""H"", ""H"", ""H"", ""H"", ""H"", ""H"", ""H"", ""H"", ""H"", ""H""]",C120H90N6O6,"[true, true, true]","[21.42362460556103, 0.0, 0.0, -10.71181230278052, 18.553403149557223, 0.0, 15.40829990480844, 29.66435511950175, 33.874505675173836]",13464.47727605292,[],"{""cutoff=6.000_skin=0.000"": 5866, ""cutoff=6.000_skin=0.500"": 6758}",0.0,,
OPT-RF-U256-ROFA-MIX-R256-v1,c9380bd69d0e1d094657eddf3b59489be4b1936561d28466835006a1e050ca76,OPT-RF-U256-ROFA-MIX-R256-v1:0158,A_corrH_d2_c1-1-1_m1-1-1_1198_222,9a0ba309821ed461c1a1c65d582d5af67678af851307138c02c372bc1f21a4c6,158,cross_family_test_set,rof-a/structures/A_corrH_d2_c1-1-1_m1-1-1_1198_222.cif,8349dd374e6204dd5d646b0149b908dfc9a1b5cfb409f8896a54b294df9e2698,9a0ba309821ed461c1a1c65d582d5af67678af851307138c02c372bc1f21a4c6,0,222,"[""N"", ""C"", ""C"", ""C"", ""C"", ""C"", ""C"", ""C"", ""C"", ""O"", ""C"", ""C"", ""C"", ""C"", ""C"", ""N"", ""C"", ""C"", ""C"", ""C"", ""C"", ""C"", ""C"", ""C"", ""C"", ""C"", ""C"", ""C"", ""C"", ""C"", ""C"", ""C"", ""C"", ""C"", ""C"", ""C"", ""C"", ""C"", ""C"", ""C"", ""O"", ""C"", ""C"", ""C"", ""H"", ""H"", ""H"", ""H"", ""H"", ""H"", ""H"", ""H"", ""H"", ""H"", ""H"", ""H"", ""H"", ""H"", ""H"", ""H"", ""H"", ""H"", ""H"", ""H"", ""H"", ""H"", ""H"", ""H"", ""H"", ""H"", ""H"", ""H"", ""H"", ""H"", ""N"", ""C"", ""C"", ""C"", ""C"", ""C"", ""C"", ""C"", ""C"", ""O"", ""C"", ""C"", ""C"", ""C"", ""C"", ""N"", ""C"", ""C"", ""C"", ""C"", ""C"", ""C"", ""C"", ""C"", ""C"", ""C"", ""C"", ""C"", ""C"", ""C"", ""C"", ""C"", ""C"", ""C"", ""C"", ""C"", ""C"", ""C"", ""C"", ""C"", ""O"", ""C"", ""C"", ""C"", ""H"", ""H"", ""H"", ""H"", ""H"", ""H"", ""H"", ""H"", ""H"", ""H"", ""H"", ""H"", ""H"", ""H"", ""H"", ""H"", ""H"", ""H"", ""H"", ""H"", ""H"", ""H"", ""H"", ""H"", ""H"", ""H"", ""H"", ""H"", ""H"", ""H"", ""N"", ""C"", ""C"", ""C"", ""C"", ""C"", ""C"", ""C"", ""C"", ""O"", ""C"", ""C"", ""C"", ""C"", ""C"", ""N"", ""C"", ""C"", ""C"", ""C"", ""C"", ""C"", ""C"", ""C"", ""C"", ""C"", ""C"", ""C"", ""C"", ""C"", ""C"", ""C"", ""C"", ""C"", ""C"", ""C"", ""C"", ""C"", ""C"", ""C"", ""O"", ""C"", ""C"", ""C"", ""H"", ""H"", ""H"", ""H"", ""H"", ""H"", ""H"", ""H"", ""H"", ""H"", ""H"", ""H"", ""H"", ""H"", ""H"", ""H"", ""H"", ""H"", ""H"", ""H"", ""H"", ""H"", ""H"", ""H"", ""H"", ""H"", ""H"", ""H"", ""H"", ""H""]",C120H90N6O6,"[true, true, true]","[21.42362460556103, 0.0, 0.0, -10.71181230278052, 18.553403149557223, 0.0, 46.99206083048595, -38.73742956520234, 34.38296163645859]",13666.578933335826,[],"{""cutoff=6.000_skin=0.000"": 5868, ""cutoff=6.000_skin=0.500"": 6734}",0.0,,
OPT-RF-U256-ROFA-MIX-R256-v1,c9380bd69d0e1d094657eddf3b59489be4b1936561d28466835006a1e050ca76,OPT-RF-U256-ROFA-MIX-R256-v1:0159,A_corrH_d2_c1-1-1_m1-1-1_1981_222,ed1d2060d718980cdf262aefd9f352a588c947c146608e7d9e771d6066215671,159,cross_family_test_set,rof-a/structures/A_corrH_d2_c1-1-1_m1-1-1_1981_222.cif,b82389cc674ab2240d77cdf20f69f78017ca7f2b200867bc5b7a26cb5c669fc8,ed1d2060d718980cdf262aefd9f352a588c947c146608e7d9e771d6066215671,0,222,"[""N"", ""C"", ""C"", ""C"", ""C"", ""C"", ""C"", ""C"", ""C"", ""O"", ""C"", ""C"", ""C"", ""C"", ""C"", ""N"", ""C"", ""C"", ""C"", ""C"", ""C"", ""C"", ""C"", ""C"", ""C"", ""C"", ""C"", ""C"", ""C"", ""C"", ""C"", ""C"", ""C"", ""C"", ""C"", ""C"", ""C"", ""C"", ""C"", ""C"", ""O"", ""C"", ""C"", ""C"", ""H"", ""H"", ""H"", ""H"", ""H"", ""H"", ""H"", ""H"", ""H"", ""H"", ""H"", ""H"", ""H"", ""H"", ""H"", ""H"", ""H"", ""H"", ""H"", ""H"", ""H"", ""H"", ""H"", ""H"", ""H"", ""H"", ""H"", ""H"", ""H"", ""H"", ""N"", ""C"", ""C"", ""C"", ""C"", ""C"", ""C"", ""C"", ""C"", ""O"", ""C"", ""C"", ""C"", ""C"", ""C"", ""N"", ""C"", ""C"", ""C"", ""C"", ""C"", ""C"", ""C"", ""C"", ""C"", ""C"", ""C"", ""C"", ""C"", ""C"", ""C"", ""C"", ""C"", ""C"", ""C"", ""C"", ""C"", ""C"", ""C"", ""C"", ""O"", ""C"", ""C"", ""C"", ""H"", ""H"", ""H"", ""H"", ""H"", ""H"", ""H"", ""H"", ""H"", ""H"", ""H"", ""H"", ""H"", ""H"", ""H"", ""H"", ""H"", ""H"", ""H"", ""H"", ""H"", ""H"", ""H"", ""H"", ""H"", ""H"", ""H"", ""H"", ""H"", ""H"", ""N"", ""C"", ""C"", ""C"", ""C"", ""C"", ""C"", ""C"", ""C"", ""O"", ""C"", ""C"", ""C"", ""C"", ""C"", ""N"", ""C"", ""C"", ""C"", ""C"", ""C"", ""C"", ""C"", ""C"", ""C"", ""C"", ""C"", ""C"", ""C"", ""C"", ""C"", ""C"", ""C"", ""C"", ""C"", ""C"", ""C"", ""C"", ""C"", ""C"", ""O"", ""C"", ""C"", ""C"", ""H"", ""H"", ""H"", ""H"", ""H"", ""H"", ""H"", ""H"", ""H"", ""H"", ""H"", ""H"", ""H"", ""H"", ""H"", ""H"", ""H"", ""H"", ""H"", ""H"", ""H"", ""H"", ""H"", ""H"", ""H"", ""H"", ""H"", ""H"", ""H"", ""H""]",C120H90N6O6,"[true, true, true]","[21.42362460556103, 0.0, 0.0, -10.71181230278052, 18.553403149557223, 0.0, 2.3142114443568973, -28.666395032420297, 35.74284026448872]",14207.105046421553,[],"{""cutoff=6.000_skin=0.000"": 5874, ""cutoff=6.000_skin=0.500"": 6772}",0.0,,
OPT-RF-U256-ROFA-MIX-R256-v1,c9380bd69d0e1d094657eddf3b59489be4b1936561d28466835006a1e050ca76,OPT-RF-U256-ROFA-MIX-R256-v1:0160,A_corrH_d2_c1-1-1_m1-1-1_6501_222,4f7261ab701d42f134f3b663010edeffe70aaf1b07d2ccca3394c331680e3a46,160,cross_family_test_set,rof-a/structures/A_corrH_d2_c1-1-1_m1-1-1_6501_222.cif,ea2e0241871a79a69e6a2fba2f5309b8a4a93ccf2db9a56654ce002cbf1a028b,4f7261ab701d42f134f3b663010edeffe70aaf1b07d2ccca3394c331680e3a46,0,222,"[""N"", ""C"", ""C"", ""C"", ""C"", ""C"", ""C"", ""C"", ""C"", ""O"", ""C"", ""C"", ""C"", ""C"", ""C"", ""N"", ""C"", ""C"", ""C"", ""C"", ""C"", ""C"", ""C"", ""C"", ""C"", ""C"", ""C"", ""C"", ""C"", ""C"", ""C"", ""C"", ""C"", ""C"", ""C"", ""C"", ""C"", ""C"", ""C"", ""C"", ""O"", ""C"", ""C"", ""C"", ""H"", ""H"", ""H"", ""H"", ""H"", ""H"", ""H"", ""H"", ""H"", ""H"", ""H"", ""H"", ""H"", ""H"", ""H"", ""H"", ""H"", ""H"", ""H"", ""H"", ""H"", ""H"", ""H"", ""H"", ""H"", ""H"", ""H"", ""H"", ""H"", ""H"", ""N"", ""C"", ""C"", ""C"", ""C"", ""C"", ""C"", ""C"", ""C"", ""O"", ""C"", ""C"", ""C"", ""C"", ""C"", ""N"", ""C"", ""C"", ""C"", ""C"", ""C"", ""C"", ""C"", ""C"", ""C"", ""C"", ""C"", ""C"", ""C"", ""C"", ""C"", ""C"", ""C"", ""C"", ""C"", ""C"", ""C"", ""C"", ""C"", ""C"", ""O"", ""C"", ""C"", ""C"", ""H"", ""H"", ""H"", ""H"", ""H"", ""H"", ""H"", ""H"", ""H"", ""H"", ""H"", ""H"", ""H"", ""H"", ""H"", ""H"", ""H"", ""H"", ""H"", ""H"", ""H"", ""H"", ""H"", ""H"", ""H"", ""H"", ""H"", ""H"", ""H"", ""H"", ""N"", ""C"", ""C"", ""C"", ""C"", ""C"", ""C"", ""C"", ""C"", ""O"", ""C"", ""C"", ""C"", ""C"", ""C"", ""N"", ""C"", ""C"", ""C"", ""C"", ""C"", ""C"", ""C"", ""C"", ""C"", ""C"", ""C"", ""C"", ""C"", ""C"", ""C"", ""C"", ""C"", ""C"", ""C"", ""C"", ""C"", ""C"", ""C"", ""C"", ""O"", ""C"", ""C"", ""C"", ""H"", ""H"", ""H"", ""H"", ""H"", ""H"", ""H"", ""H"", ""H"", ""H"", ""H"", ""H"", ""H"", ""H"", ""H"", ""H"", ""H"", ""H"", ""H"", ""H"", ""H"", ""H"", ""H"", ""H"", ""H"", ""H"", ""H"", ""H"", ""H"", ""H""]",C120H90N6O6,"[true, true, true]","[21.42362460556103, 0.0, 0.0, -10.71181230278052, 18.553403149557223, 0.0, 25.490221961683982, -11.29465349673493, 34.4142305275812]",13679.00772795812,[],"{""cutoff=6.000_skin=0.000"": 5878, ""cutoff=6.000_skin=0.500"": 6816}",0.0,,
OPT-RF-U256-ROFA-MIX-R256-v1,c9380bd69d0e1d094657eddf3b59489be4b1936561d28466835006a1e050ca76,OPT-RF-U256-ROFA-MIX-R256-v1:0161,A_corrH_d2_c1-1-1_m1-1-1_3272_222,48b26be93d016b89b4f0aad3bd4d03a4da922239ece8ff080a31f7d0f5c1ece4,161,cross_family_test_set,rof-a/structures/A_corrH_d2_c1-1-1_m1-1-1_3272_222.cif,c02e7338042137917b6f75c2cccacf724aa0580e8cf71dd1d131a6e818590a8c,48b26be93d016b89b4f0aad3bd4d03a4da922239ece8ff080a31f7d0f5c1ece4,0,222,"[""N"", ""C"", ""C"", ""C"", ""C"", ""C"", ""C"", ""C"", ""C"", ""O"", ""C"", ""C"", ""C"", ""C"", ""C"", ""N"", ""C"", ""C"", ""C"", ""C"", ""C"", ""C"", ""C"", ""C"", ""C"", ""C"", ""C"", ""C"", ""C"", ""C"", ""C"", ""C"", ""C"", ""C"", ""C"", ""C"", ""C"", ""C"", ""C"", ""C"", ""O"", ""C"", ""C"", ""C"", ""H"", ""H"", ""H"", ""H"", ""H"", ""H"", ""H"", ""H"", ""H"", ""H"", ""H"", ""H"", ""H"", ""H"", ""H"", ""H"", ""H"", ""H"", ""H"", ""H"", ""H"", ""H"", ""H"", ""H"", ""H"", ""H"", ""H"", ""H"", ""H"", ""H"", ""N"", ""C"", ""C"", ""C"", ""C"", ""C"", ""C"", ""C"", ""C"", ""O"", ""C"", ""C"", ""C"", ""C"", ""C"", ""N"", ""C"", ""C"", ""C"", ""C"", ""C"", ""C"", ""C"", ""C"", ""C"", ""C"", ""C"", ""C"", ""C"", ""C"", ""C"", ""C"", ""C"", ""C"", ""C"", ""C"", ""C"", ""C"", ""C"", ""C"", ""O"", ""C"", ""C"", ""C"", ""H"", ""H"", ""H"", ""H"", ""H"", ""H"", ""H"", ""H"", ""H"", ""H"", ""H"", ""H"", ""H"", ""H"", ""H"", ""H"", ""H"", ""H"", ""H"", ""H"", ""H"", ""H"", ""H"", ""H"", ""H"", ""H"", ""H"", ""H"", ""H"", ""H"", ""N"", ""C"", ""C"", ""C"", ""C"", ""C"", ""C"", ""C"", ""C"", ""O"", ""C"", ""C"", ""C"", ""C"", ""C"", ""N"", ""C"", ""C"", ""C"", ""C"", ""C"", ""C"", ""C"", ""C"", ""C"", ""C"", ""C"", ""C"", ""C"", ""C"", ""C"", ""C"", ""C"", ""C"", ""C"", ""C"", ""C"", ""C"", ""C"", ""C"", ""O"", ""C"", ""C"", ""C"", ""H"", ""H"", ""H"", ""H"", ""H"", ""H"", ""H"", ""H"", ""H"", ""H"", ""H"", ""H"", ""H"", ""H"", ""H"", ""H"", ""H"", ""H"", ""H"", ""H"", ""H"", ""H"", ""H"", ""H"", ""H"", ""H"", ""H"", ""H"", ""H"", ""H""]",C120H90N6O6,"[true, true, true]","[21.42362460556103, 0.0, 0.0, 10.711812302780523, 18.553403149557223, 0.0, -2.3017574598819333, -27.740228064198707, 34.9454977027658]",13890.176412643244,[],"{""cutoff=6.000_skin=0.000"": 5882, ""cutoff=6.000_skin=0.500"": 6752}",0.0,,
OPT-RF-U256-ROFA-MIX-R256-v1,c9380bd69d0e1d094657eddf3b59489be4b1936561d28466835006a1e050ca76,OPT-RF-U256-ROFA-MIX-R256-v1:0162,A_corrH_d2_c1-1-1_m1-1-1_3795_222,d3b36383fc7ddff2f12284a98bf0ed4403171aaddcc10c11e0db34ebb8bf3156,162,cross_family_test_set,rof-a/structures/A_corrH_d2_c1-1-1_m1-1-1_3795_222.cif,4fe0c77e247a738e9eed5ebf8d132a147bb2dabef830e67e19b65079f7cef88a,d3b36383fc7ddff2f12284a98bf0ed4403171aaddcc10c11e0db34ebb8bf3156,0,222,"[""N"", ""C"", ""C"", ""C"", ""C"", ""C"", ""C"", ""C"", ""C"", ""O"", ""C"", ""C"", ""C"", ""C"", ""C"", ""N"", ""C"", ""C"", ""C"", ""C"", ""C"", ""C"", ""C"", ""C"", ""C"", ""C"", ""C"", ""C"", ""C"", ""C"", ""C"", ""C"", ""C"", ""C"", ""C"", ""C"", ""C"", ""C"", ""C"", ""C"", ""O"", ""C"", ""C"", ""C"", ""H"", ""H"", ""H"", ""H"", ""H"", ""H"", ""H"", ""H"", ""H"", ""H"", ""H"", ""H"", ""H"", ""H"", ""H"", ""H"", ""H"", ""H"", ""H"", ""H"", ""H"", ""H"", ""H"", ""H"", ""H"", ""H"", ""H"", ""H"", ""H"", ""H"", ""N"", ""C"", ""C"", ""C"", ""C"", ""C"", ""C"", ""C"", ""C"", ""O"", ""C"", ""C"", ""C"", ""C"", ""C"", ""N"", ""C"", ""C"", ""C"", ""C"", ""C"", ""C"", ""C"", ""C"", ""C"", ""C"", ""C"", ""C"", ""C"", ""C"", ""C"", ""C"", ""C"", ""C"", ""C"", ""C"", ""C"", ""C"", ""C"", ""C"", ""O"", ""C"", ""C"", ""C"", ""H"", ""H"", ""H"", ""H"", ""H"", ""H"", ""H"", ""H"", ""H"", ""H"", ""H"", ""H"", ""H"", ""H"", ""H"", ""H"", ""H"", ""H"", ""H"", ""H"", ""H"", ""H"", ""H"", ""H"", ""H"", ""H"", ""H"", ""H"", ""H"", ""H"", ""N"", ""C"", ""C"", ""C"", ""C"", ""C"", ""C"", ""C"", ""C"", ""O"", ""C"", ""C"", ""C"", ""C"", ""C"", ""N"", ""C"", ""C"", ""C"", ""C"", ""C"", ""C"", ""C"", ""C"", ""C"", ""C"", ""C"", ""C"", ""C"", ""C"", ""C"", ""C"", ""C"", ""C"", ""C"", ""C"", ""C"", ""C"", ""C"", ""C"", ""O"", ""C"", ""C"", ""C"", ""H"", ""H"", ""H"", ""H"", ""H"", ""H"", ""H"", ""H"", ""H"", ""H"", ""H"", ""H"", ""H"", ""H"", ""H"", ""H"", ""H"", ""H"", ""H"", ""H"", ""H"", ""H"", ""H"", ""H"", ""H"", ""H"", ""H"", ""H"", ""H"", ""H""]",C120H90N6O6,"[true, true, true]","[21.42362460556103, 0.0, 0.0, 10.711812302780523, 18.553403149557223, 0.0, -5.493318622389751, 4.9094812548911735, 40.31660957439427]",16025.092105174846,[],"{""cutoff=6.000_skin=0.000"": 5882, ""cutoff=6.000_skin=0.500"": 6754}",0.0,,
OPT-RF-U256-ROFA-MIX-R256-v1,c9380bd69d0e1d094657eddf3b59489be4b1936561d28466835006a1e050ca76,OPT-RF-U256-ROFA-MIX-R256-v1:0163,A_corrH_d2_c1-1-1_m1-1-1_5540_222,cd1b6a33c59a7450d6e590ceafad01f41652110b4e51d8dfaa801675d637578b,163,cross_family_test_set,rof-a/structures/A_corrH_d2_c1-1-1_m1-1-1_5540_222.cif,45b7dc7d11b46514e8b9d367e349e4e1961e79f8f5b266fc0b80f87254cae737,cd1b6a33c59a7450d6e590ceafad01f41652110b4e51d8dfaa801675d637578b,0,222,"[""N"", ""C"", ""C"", ""C"", ""C"", ""C"", ""C"", ""C"", ""C"", ""O"", ""C"", ""C"", ""C"", ""C"", ""C"", ""N"", ""C"", ""C"", ""C"", ""C"", ""C"", ""C"", ""C"", ""C"", ""C"", ""C"", ""C"", ""C"", ""C"", ""C"", ""C"", ""C"", ""C"", ""C"", ""C"", ""C"", ""C"", ""C"", ""C"", ""C"", ""O"", ""C"", ""C"", ""C"", ""H"", ""H"", ""H"", ""H"", ""H"", ""H"", ""H"", ""H"", ""H"", ""H"", ""H"", ""H"", ""H"", ""H"", ""H"", ""H"", ""H"", ""H"", ""H"", ""H"", ""H"", ""H"", ""H"", ""H"", ""H"", ""H"", ""H"", ""H"", ""H"", ""H"", ""N"", ""C"", ""C"", ""C"", ""C"", ""C"", ""C"", ""C"", ""C"", ""O"", ""C"", ""C"", ""C"", ""C"", ""C"", ""N"", ""C"", ""C"", ""C"", ""C"", ""C"", ""C"", ""C"", ""C"", ""C"", ""C"", ""C"", ""C"", ""C"", ""C"", ""C"", ""C"", ""C"", ""C"", ""C"", ""C"", ""C"", ""C"", ""C"", ""C"", ""O"", ""C"", ""C"", ""C"", ""H"", ""H"", ""H"", ""H"", ""H"", ""H"", ""H"", ""H"", ""H"", ""H"", ""H"", ""H"", ""H"", ""H"", ""H"", ""H"", ""H"", ""H"", ""H"", ""H"", ""H"", ""H"", ""H"", ""H"", ""H"", ""H"", ""H"", ""H"", ""H"", ""H"", ""N"", ""C"", ""C"", ""C"", ""C"", ""C"", ""C"", ""C"", ""C"", ""O"", ""C"", ""C"", ""C"", ""C"", ""C"", ""N"", ""C"", ""C"", ""C"", ""C"", ""C"", ""C"", ""C"", ""C"", ""C"", ""C"", ""C"", ""C"", ""C"", ""C"", ""C"", ""C"", ""C"", ""C"", ""C"", ""C"", ""C"", ""C"", ""C"", ""C"", ""O"", ""C"", ""C"", ""C"", ""H"", ""H"", ""H"", ""H"", ""H"", ""H"", ""H"", ""H"", ""H"", ""H"", ""H"", ""H"", ""H"", ""H"", ""H"", ""H"", ""H"", ""H"", ""H"", ""H"", ""H"", ""H"", ""H"", ""H"", ""H"", ""H"", ""H"", ""H"", ""H"", ""H""]",C120H90N6O6,"[true, true, true]","[21.42362460556103, 0.0, 0.0, 10.711812302780523, 18.553403149557223, 0.0, -5.678733710963022, 20.519715130552086, 40.58365291379252]",16131.23679727835,[],"{""cutoff=6.000_skin=0.000"": 5894, ""cutoff=6.000_skin=0.500"": 6790}",0.0,,
OPT-RF-U256-ROFA-MIX-R256-v1,c9380bd69d0e1d094657eddf3b59489be4b1936561d28466835006a1e050ca76,OPT-RF-U256-ROFA-MIX-R256-v1:0164,A_corrH_d2_c1-1-1_m1-1-1_2289_222,847bcde5bffa28b5f13e845557f7930020598aa8724d30371da35a45341e9e0f,164,cross_family_test_set,rof-a/structures/A_corrH_d2_c1-1-1_m1-1-1_2289_222.cif,db80f980f1714ea8e8be0ac89ed2a1f7b25a9a79b98c691e24abc7f6e28faf1c,847bcde5bffa28b5f13e845557f7930020598aa8724d30371da35a45341e9e0f,0,222,"[""N"", ""C"", ""C"", ""C"", ""C"", ""C"", ""C"", ""C"", ""C"", ""O"", ""C"", ""C"", ""C"", ""C"", ""C"", ""N"", ""C"", ""C"", ""C"", ""C"", ""C"", ""C"", ""C"", ""C"", ""C"", ""C"", ""C"", ""C"", ""C"", ""C"", ""C"", ""C"", ""C"", ""C"", ""C"", ""C"", ""C"", ""C"", ""C"", ""C"", ""O"", ""C"", ""C"", ""C"", ""H"", ""H"", ""H"", ""H"", ""H"", ""H"", ""H"", ""H"", ""H"", ""H"", ""H"", ""H"", ""H"", ""H"", ""H"", ""H"", ""H"", ""H"", ""H"", ""H"", ""H"", ""H"", ""H"", ""H"", ""H"", ""H"", ""H"", ""H"", ""H"", ""H"", ""N"", ""C"", ""C"", ""C"", ""C"", ""C"", ""C"", ""C"", ""C"", ""O"", ""C"", ""C"", ""C"", ""C"", ""C"", ""N"", ""C"", ""C"", ""C"", ""C"", ""C"", ""C"", ""C"", ""C"", ""C"", ""C"", ""C"", ""C"", ""C"", ""C"", ""C"", ""C"", ""C"", ""C"", ""C"", ""C"", ""C"", ""C"", ""C"", ""C"", ""O"", ""C"", ""C"", ""C"", ""H"", ""H"", ""H"", ""H"", ""H"", ""H"", ""H"", ""H"", ""H"", ""H"", ""H"", ""H"", ""H"", ""H"", ""H"", ""H"", ""H"", ""H"", ""H"", ""H"", ""H"", ""H"", ""H"", ""H"", ""H"", ""H"", ""H"", ""H"", ""H"", ""H"", ""N"", ""C"", ""C"", ""C"", ""C"", ""C"", ""C"", ""C"", ""C"", ""O"", ""C"", ""C"", ""C"", ""C"", ""C"", ""N"", ""C"", ""C"", ""C"", ""C"", ""C"", ""C"", ""C"", ""C"", ""C"", ""C"", ""C"", ""C"", ""C"", ""C"", ""C"", ""C"", ""C"", ""C"", ""C"", ""C"", ""C"", ""C"", ""C"", ""C"", ""O"", ""C"", ""C"", ""C"", ""H"", ""H"", ""H"", ""H"", ""H"", ""H"", ""H"", ""H"", ""H"", ""H"", ""H"", ""H"", ""H"", ""H"", ""H"", ""H"", ""H"", ""H"", ""H"", ""H"", ""H"", ""H"", ""H"", ""H"", ""H"", ""H"", ""H"", ""H"", ""H"", ""H""]",C120H90N6O6,"[true, true, true]","[21.42362460556103, 0.0, 0.0, -10.71181230278052, 18.553403149557223, 0.0, 19.322071471294617, 40.81651522718588, 38.81608747030561]",15428.66286229669,[],"{""cutoff=6.000_skin=0.000"": 5904, ""cutoff=6.000_skin=0.500"": 6870}",0.0,,
OPT-RF-U256-ROFA-MIX-R256-v1,c9380bd69d0e1d094657eddf3b59489be4b1936561d28466835006a1e050ca76,OPT-RF-U256-ROFA-MIX-R256-v1:0165,A_corrH_d2_c1-1-1_m1-1-1_367_222,76e9d71337d4e584b24003930e831ea9389fe3e5f59793453ecdd3ae4925d92b,165,cross_family_test_set,rof-a/structures/A_corrH_d2_c1-1-1_m1-1-1_367_222.cif,590324c95160947be9d2239ab53aeee756f54103a0d6c1917279d59ec2e78fd9,76e9d71337d4e584b24003930e831ea9389fe3e5f59793453ecdd3ae4925d92b,0,222,"[""N"", ""C"", ""C"", ""C"", ""C"", ""C"", ""C"", ""C"", ""C"", ""O"", ""C"", ""C"", ""C"", ""C"", ""C"", ""N"", ""C"", ""C"", ""C"", ""C"", ""C"", ""C"", ""C"", ""C"", ""C"", ""C"", ""C"", ""C"", ""C"", ""C"", ""C"", ""C"", ""C"", ""C"", ""C"", ""C"", ""C"", ""C"", ""C"", ""C"", ""O"", ""C"", ""C"", ""C"", ""H"", ""H"", ""H"", ""H"", ""H"", ""H"", ""H"", ""H"", ""H"", ""H"", ""H"", ""H"", ""H"", ""H"", ""H"", ""H"", ""H"", ""H"", ""H"", ""H"", ""H"", ""H"", ""H"", ""H"", ""H"", ""H"", ""H"", ""H"", ""H"", ""H"", ""N"", ""C"", ""C"", ""C"", ""C"", ""C"", ""C"", ""C"", ""C"", ""O"", ""C"", ""C"", ""C"", ""C"", ""C"", ""N"", ""C"", ""C"", ""C"", ""C"", ""C"", ""C"", ""C"", ""C"", ""C"", ""C"", ""C"", ""C"", ""C"", ""C"", ""C"", ""C"", ""C"", ""C"", ""C"", ""C"", ""C"", ""C"", ""C"", ""C"", ""O"", ""C"", ""C"", ""C"", ""H"", ""H"", ""H"", ""H"", ""H"", ""H"", ""H"", ""H"", ""H"", ""H"", ""H"", ""H"", ""H"", ""H"", ""H"", ""H"", ""H"", ""H"", ""H"", ""H"", ""H"", ""H"", ""H"", ""H"", ""H"", ""H"", ""H"", ""H"", ""H"", ""H"", ""N"", ""C"", ""C"", ""C"", ""C"", ""C"", ""C"", ""C"", ""C"", ""O"", ""C"", ""C"", ""C"", ""C"", ""C"", ""N"", ""C"", ""C"", ""C"", ""C"", ""C"", ""C"", ""C"", ""C"", ""C"", ""C"", ""C"", ""C"", ""C"", ""C"", ""C"", ""C"", ""C"", ""C"", ""C"", ""C"", ""C"", ""C"", ""C"", ""C"", ""O"", ""C"", ""C"", ""C"", ""H"", ""H"", ""H"", ""H"", ""H"", ""H"", ""H"", ""H"", ""H"", ""H"", ""H"", ""H"", ""H"", ""H"", ""H"", ""H"", ""H"", ""H"", ""H"", ""H"", ""H"", ""H"", ""H"", ""H"", ""H"", ""H"", ""H"", ""H"", ""H"", ""H""]",C120H90N6O6,"[true, true, true]","[21.42362460556103, 0.0, 0.0, 10.711812302780523, 18.553403149557223, 0.0, -33.945581458183725, 23.198914583881194, 34.73177465589619]",13805.225531424845,[],"{""cutoff=6.000_skin=0.000"": 5942, ""cutoff=6.000_skin=0.500"": 6892}",0.0,,
OPT-RF-U256-ROFA-MIX-R256-v1,c9380bd69d0e1d094657eddf3b59489be4b1936561d28466835006a1e050ca76,OPT-RF-U256-ROFA-MIX-R256-v1:0166,A_corrH_d2_c1-1-1_m1-1-1_4739_222,3ef14c1219c94b06642855ff3d7af4666dec1647f11de749e44145192e965350,166,cross_family_test_set,rof-a/structures/A_corrH_d2_c1-1-1_m1-1-1_4739_222.cif,e9c900c842daf1b9506a31646674ab3dd2b21504706fbabbf6f75cdc19d2cb25,3ef14c1219c94b06642855ff3d7af4666dec1647f11de749e44145192e965350,0,222,"[""N"", ""C"", ""C"", ""C"", ""C"", ""C"", ""C"", ""C"", ""C"", ""O"", ""C"", ""C"", ""C"", ""C"", ""C"", ""N"", ""C"", ""C"", ""C"", ""C"", ""C"", ""C"", ""C"", ""C"", ""C"", ""C"", ""C"", ""C"", ""C"", ""C"", ""C"", ""C"", ""C"", ""C"", ""C"", ""C"", ""C"", ""C"", ""C"", ""C"", ""O"", ""C"", ""C"", ""C"", ""H"", ""H"", ""H"", ""H"", ""H"", ""H"", ""H"", ""H"", ""H"", ""H"", ""H"", ""H"", ""H"", ""H"", ""H"", ""H"", ""H"", ""H"", ""H"", ""H"", ""H"", ""H"", ""H"", ""H"", ""H"", ""H"", ""H"", ""H"", ""H"", ""H"", ""N"", ""C"", ""C"", ""C"", ""C"", ""C"", ""C"", ""C"", ""C"", ""O"", ""C"", ""C"", ""C"", ""C"", ""C"", ""N"", ""C"", ""C"", ""C"", ""C"", ""C"", ""C"", ""C"", ""C"", ""C"", ""C"", ""C"", ""C"", ""C"", ""C"", ""C"", ""C"", ""C"", ""C"", ""C"", ""C"", ""C"", ""C"", ""C"", ""C"", ""O"", ""C"", ""C"", ""C"", ""H"", ""H"", ""H"", ""H"", ""H"", ""H"", ""H"", ""H"", ""H"", ""H"", ""H"", ""H"", ""H"", ""H"", ""H"", ""H"", ""H"", ""H"", ""H"", ""H"", ""H"", ""H"", ""H"", ""H"", ""H"", ""H"", ""H"", ""H"", ""H"", ""H"", ""N"", ""C"", ""C"", ""C"", ""C"", ""C"", ""C"", ""C"", ""C"", ""O"", ""C"", ""C"", ""C"", ""C"", ""C"", ""N"", ""C"", ""C"", ""C"", ""C"", ""C"", ""C"", ""C"", ""C"", ""C"", ""C"", ""C"", ""C"", ""C"", ""C"", ""C"", ""C"", ""C"", ""C"", ""C"", ""C"", ""C"", ""C"", ""C"", ""C"", ""O"", ""C"", ""C"", ""C"", ""H"", ""H"", ""H"", ""H"", ""H"", ""H"", ""H"", ""H"", ""H"", ""H"", ""H"", ""H"", ""H"", ""H"", ""H"", ""H"", ""H"", ""H"", ""H"", ""H"", ""H"", ""H"", ""H"", ""H"", ""H"", ""H"", ""H"", ""H"", ""H"", ""H""]",C120H90N6O6,"[true, true, true]","[21.42362460556103, 0.0, 0.0, -10.71181230278052, 18.553403149557223, 0.0, 56.95232570195015, 80.89372550913531, 41.67313330058381]",16564.2847080382,[],"{""cutoff=6.000_skin=0.000"": 5944, ""cutoff=6.000_skin=0.500"": 6858}",0.0,,
OPT-RF-U256-ROFA-MIX-R256-v1,c9380bd69d0e1d094657eddf3b59489be4b1936561d28466835006a1e050ca76,OPT-RF-U256-ROFA-MIX-R256-v1:0167,A_corrH_d2_c1-1-1_m1-1-1_3653_222,c7810f4d99539110826ae12d7dafe0b9f1944a489754e502a0bed1e359cf1ebd,167,cross_family_test_set,rof-a/structures/A_corrH_d2_c1-1-1_m1-1-1_3653_222.cif,f40545927006917b7942c05f677d8d5c09e18235ac48015342807052d9951e25,c7810f4d99539110826ae12d7dafe0b9f1944a489754e502a0bed1e359cf1ebd,0,222,"[""N"", ""C"", ""C"", ""C"", ""C"", ""C"", ""C"", ""C"", ""C"", ""O"", ""C"", ""C"", ""C"", ""C"", ""C"", ""N"", ""C"", ""C"", ""C"", ""C"", ""C"", ""C"", ""C"", ""C"", ""C"", ""C"", ""C"", ""C"", ""C"", ""C"", ""C"", ""C"", ""C"", ""C"", ""C"", ""C"", ""C"", ""C"", ""C"", ""C"", ""O"", ""C"", ""C"", ""C"", ""H"", ""H"", ""H"", ""H"", ""H"", ""H"", ""H"", ""H"", ""H"", ""H"", ""H"", ""H"", ""H"", ""H"", ""H"", ""H"", ""H"", ""H"", ""H"", ""H"", ""H"", ""H"", ""H"", ""H"", ""H"", ""H"", ""H"", ""H"", ""H"", ""H"", ""N"", ""C"", ""C"", ""C"", ""C"", ""C"", ""C"", ""C"", ""C"", ""O"", ""C"", ""C"", ""C"", ""C"", ""C"", ""N"", ""C"", ""C"", ""C"", ""C"", ""C"", ""C"", ""C"", ""C"", ""C"", ""C"", ""C"", ""C"", ""C"", ""C"", ""C"", ""C"", ""C"", ""C"", ""C"", ""C"", ""C"", ""C"", ""C"", ""C"", ""O"", ""C"", ""C"", ""C"", ""H"", ""H"", ""H"", ""H"", ""H"", ""H"", ""H"", ""H"", ""H"", ""H"", ""H"", ""H"", ""H"", ""H"", ""H"", ""H"", ""H"", ""H"", ""H"", ""H"", ""H"", ""H"", ""H"", ""H"", ""H"", ""H"", ""H"", ""H"", ""H"", ""H"", ""N"", ""C"", ""C"", ""C"", ""C"", ""C"", ""C"", ""C"", ""C"", ""O"", ""C"", ""C"", ""C"", ""C"", ""C"", ""N"", ""C"", ""C"", ""C"", ""C"", ""C"", ""C"", ""C"", ""C"", ""C"", ""C"", ""C"", ""C"", ""C"", ""C"", ""C"", ""C"", ""C"", ""C"", ""C"", ""C"", ""C"", ""C"", ""C"", ""C"", ""O"", ""C"", ""C"", ""C"", ""H"", ""H"", ""H"", ""H"", ""H"", ""H"", ""H"", ""H"", ""H"", ""H"", ""H"", ""H"", ""H"", ""H"", ""H"", ""H"", ""H"", ""H"", ""H"", ""H"", ""H"", ""H"", ""H"", ""H"", ""H"", ""H"", ""H"", ""H"", ""H"", ""H""]",C120H90N6O6,"[true, true, true]","[21.42362460556103, 0.0, 0.0, 10.711812302780523, 18.553403149557223, 0.0, 34.831196126874126, -31.805050962796294, 30.916730129495356]",12288.817267775954,[],"{""cutoff=6.000_skin=0.000"": 5948, ""cutoff=6.000_skin=0.500"": 6922}",0.0,,
OPT-RF-U256-ROFA-MIX-R256-v1,c9380bd69d0e1d094657eddf3b59489be4b1936561d28466835006a1e050ca76,OPT-RF-U256-ROFA-MIX-R256-v1:0168,A_corrH_d2_c1-1-1_m1-1-1_61_222,8eca61e733d933b061ce0a5fe3988e023c2c02d39ce0c7e2f7b87e58d4654cb7,168,cross_family_test_set,rof-a/structures/A_corrH_d2_c1-1-1_m1-1-1_61_222.cif,199b7df6a363eda3c159893db2da10d4a85b5765942a9e40af48f174549ff3e5,8eca61e733d933b061ce0a5fe3988e023c2c02d39ce0c7e2f7b87e58d4654cb7,0,222,"[""N"", ""C"", ""C"", ""C"", ""C"", ""C"", ""C"", ""C"", ""C"", ""O"", ""C"", ""C"", ""C"", ""C"", ""C"", ""N"", ""C"", ""C"", ""C"", ""C"", ""C"", ""C"", ""C"", ""C"", ""C"", ""C"", ""C"", ""C"", ""C"", ""C"", ""C"", ""C"", ""C"", ""C"", ""C"", ""C"", ""C"", ""C"", ""C"", ""C"", ""O"", ""C"", ""C"", ""C"", ""H"", ""H"", ""H"", ""H"", ""H"", ""H"", ""H"", ""H"", ""H"", ""H"", ""H"", ""H"", ""H"", ""H"", ""H"", ""H"", ""H"", ""H"", ""H"", ""H"", ""H"", ""H"", ""H"", ""H"", ""H"", ""H"", ""H"", ""H"", ""H"", ""H"", ""N"", ""C"", ""C"", ""C"", ""C"", ""C"", ""C"", ""C"", ""C"", ""O"", ""C"", ""C"", ""C"", ""C"", ""C"", ""N"", ""C"", ""C"", ""C"", ""C"", ""C"", ""C"", ""C"", ""C"", ""C"", ""C"", ""C"", ""C"", ""C"", ""C"", ""C"", ""C"", ""C"", ""C"", ""C"", ""C"", ""C"", ""C"", ""C"", ""C"", ""O"", ""C"", ""C"", ""C"", ""H"", ""H"", ""H"", ""H"", ""H"", ""H"", ""H"", ""H"", ""H"", ""H"", ""H"", ""H"", ""H"", ""H"", ""H"", ""H"", ""H"", ""H"", ""H"", ""H"", ""H"", ""H"", ""H"", ""H"", ""H"", ""H"", ""H"", ""H"", ""H"", ""H"", ""N"", ""C"", ""C"", ""C"", ""C"", ""C"", ""C"", ""C"", ""C"", ""O"", ""C"", ""C"", ""C"", ""C"", ""C"", ""N"", ""C"", ""C"", ""C"", ""C"", ""C"", ""C"", ""C"", ""C"", ""C"", ""C"", ""C"", ""C"", ""C"", ""C"", ""C"", ""C"", ""C"", ""C"", ""C"", ""C"", ""C"", ""C"", ""C"", ""C"", ""O"", ""C"", ""C"", ""C"", ""H"", ""H"", ""H"", ""H"", ""H"", ""H"", ""H"", ""H"", ""H"", ""H"", ""H"", ""H"", ""H"", ""H"", ""H"", ""H"", ""H"", ""H"", ""H"", ""H"", ""H"", ""H"", ""H"", ""H"", ""H"", ""H"", ""H"", ""H"", ""H"", ""H""]",C120H90N6O6,"[true, true, true]","[21.42362460556103, 0.0, 0.0, -10.71181230278052, 18.553403149557223, 0.0, -5.938283978163402, 15.215248116067903, 40.28062596582587]",16010.789299267515,[],"{""cutoff=6.000_skin=0.000"": 5952, ""cutoff=6.000_skin=0.500"": 6892}",0.0,,
OPT-RF-U256-ROFA-MIX-R256-v1,c9380bd69d0e1d094657eddf3b59489be4b1936561d28466835006a1e050ca76,OPT-RF-U256-ROFA-MIX-R256-v1:0169,A_corrH_d2_c1-1-1_m1-1-1_6979_222,c0c29709dcc282b33f5eadfebc65400defd48900b11f1fdf777a05af8f3ee389,169,cross_family_test_set,rof-a/structures/A_corrH_d2_c1-1-1_m1-1-1_6979_222.cif,e0f6a4fff3b874e573dc05f5f779f8f4527f13feeadcff5d077d21c549383338,c0c29709dcc282b33f5eadfebc65400defd48900b11f1fdf777a05af8f3ee389,0,222,"[""N"", ""C"", ""C"", ""C"", ""C"", ""C"", ""C"", ""C"", ""C"", ""O"", ""C"", ""C"", ""C"", ""C"", ""C"", ""N"", ""C"", ""C"", ""C"", ""C"", ""C"", ""C"", ""C"", ""C"", ""C"", ""C"", ""C"", ""C"", ""C"", ""C"", ""C"", ""C"", ""C"", ""C"", ""C"", ""C"", ""C"", ""C"", ""C"", ""C"", ""O"", ""C"", ""C"", ""C"", ""H"", ""H"", ""H"", ""H"", ""H"", ""H"", ""H"", ""H"", ""H"", ""H"", ""H"", ""H"", ""H"", ""H"", ""H"", ""H"", ""H"", ""H"", ""H"", ""H"", ""H"", ""H"", ""H"", ""H"", ""H"", ""H"", ""H"", ""H"", ""H"", ""H"", ""N"", ""C"", ""C"", ""C"", ""C"", ""C"", ""C"", ""C"", ""C"", ""O"", ""C"", ""C"", ""C"", ""C"", ""C"", ""N"", ""C"", ""C"", ""C"", ""C"", ""C"", ""C"", ""C"", ""C"", ""C"", ""C"", ""C"", ""C"", ""C"", ""C"", ""C"", ""C"", ""C"", ""C"", ""C"", ""C"", ""C"", ""C"", ""C"", ""C"", ""O"", ""C"", ""C"", ""C"", ""H"", ""H"", ""H"", ""H"", ""H"", ""H"", ""H"", ""H"", ""H"", ""H"", ""H"", ""H"", ""H"", ""H"", ""H"", ""H"", ""H"", ""H"", ""H"", ""H"", ""H"", ""H"", ""H"", ""H"", ""H"", ""H"", ""H"", ""H"", ""H"", ""H"", ""N"", ""C"", ""C"", ""C"", ""C"", ""C"", ""C"", ""C"", ""C"", ""O"", ""C"", ""C"", ""C"", ""C"", ""C"", ""N"", ""C"", ""C"", ""C"", ""C"", ""C"", ""C"", ""C"", ""C"", ""C"", ""C"", ""C"", ""C"", ""C"", ""C"", ""C"", ""C"", ""C"", ""C"", ""C"", ""C"", ""C"", ""C"", ""C"", ""C"", ""O"", ""C"", ""C"", ""C"", ""H"", ""H"", ""H"", ""H"", ""H"", ""H"", ""H"", ""H"", ""H"", ""H"", ""H"", ""H"", ""H"", ""H"", ""H"", ""H"", ""H"", ""H"", ""H"", ""H"", ""H"", ""H"", ""H"", ""H"", ""H"", ""H"", ""H"", ""H"", ""H"", ""H""]",C120H90N6O6,"[true, true, true]","[21.42362460556103, 0.0, 0.0, 10.711812302780523, 18.553403149557223, 0.0, 30.275823495737065, -5.992539099222366, 29.22953220965596]",11618.187908052778,[],"{""cutoff=6.000_skin=0.000"": 5968, ""cutoff=6.000_skin=0.500"": 6974}",0.0,,
OPT-RF-U256-ROFA-MIX-R256-v1,c9380bd69d0e1d094657eddf3b59489be4b1936561d28466835006a1e050ca76,OPT-RF-U256-ROFA-MIX-R256-v1:0170,A_corrH_d2_c1-1-1_m1-1-1_5200_222,c7a6d1a6fa17ba1358d353f0157ea826d0234c57ed3d727fb31b6f76e7df6a94,170,cross_family_test_set,rof-a/structures/A_corrH_d2_c1-1-1_m1-1-1_5200_222.cif,8ab6b9c0d4d541467d9dc6d17191aa6e8edc11f0f1c0b790e36cfc7f3eafed69,c7a6d1a6fa17ba1358d353f0157ea826d0234c57ed3d727fb31b6f76e7df6a94,0,222,"[""N"", ""C"", ""C"", ""C"", ""C"", ""C"", ""C"", ""C"", ""C"", ""O"", ""C"", ""C"", ""C"", ""C"", ""C"", ""N"", ""C"", ""C"", ""C"", ""C"", ""C"", ""C"", ""C"", ""C"", ""C"", ""C"", ""C"", ""C"", ""C"", ""C"", ""C"", ""C"", ""C"", ""C"", ""C"", ""C"", ""C"", ""C"", ""C"", ""C"", ""O"", ""C"", ""C"", ""C"", ""H"", ""H"", ""H"", ""H"", ""H"", ""H"", ""H"", ""H"", ""H"", ""H"", ""H"", ""H"", ""H"", ""H"", ""H"", ""H"", ""H"", ""H"", ""H"", ""H"", ""H"", ""H"", ""H"", ""H"", ""H"", ""H"", ""H"", ""H"", ""H"", ""H"", ""N"", ""C"", ""C"", ""C"", ""C"", ""C"", ""C"", ""C"", ""C"", ""O"", ""C"", ""C"", ""C"", ""C"", ""C"", ""N"", ""C"", ""C"", ""C"", ""C"", ""C"", ""C"", ""C"", ""C"", ""C"", ""C"", ""C"", ""C"", ""C"", ""C"", ""C"", ""C"", ""C"", ""C"", ""C"", ""C"", ""C"", ""C"", ""C"", ""C"", ""O"", ""C"", ""C"", ""C"", ""H"", ""H"", ""H"", ""H"", ""H"", ""H"", ""H"", ""H"", ""H"", ""H"", ""H"", ""H"", ""H"", ""H"", ""H"", ""H"", ""H"", ""H"", ""H"", ""H"", ""H"", ""H"", ""H"", ""H"", ""H"", ""H"", ""H"", ""H"", ""H"", ""H"", ""N"", ""C"", ""C"", ""C"", ""C"", ""C"", ""C"", ""C"", ""C"", ""O"", ""C"", ""C"", ""C"", ""C"", ""C"", ""N"", ""C"", ""C"", ""C"", ""C"", ""C"", ""C"", ""C"", ""C"", ""C"", ""C"", ""C"", ""C"", ""C"", ""C"", ""C"", ""C"", ""C"", ""C"", ""C"", ""C"", ""C"", ""C"", ""C"", ""C"", ""O"", ""C"", ""C"", ""C"", ""H"", ""H"", ""H"", ""H"", ""H"", ""H"", ""H"", ""H"", ""H"", ""H"", ""H"", ""H"", ""H"", ""H"", ""H"", ""H"", ""H"", ""H"", ""H"", ""H"", ""H"", ""H"", ""H"", ""H"", ""H"", ""H"", ""H"", ""H"", ""H"", ""H""]",C120H90N6O6,"[true, true, true]","[21.42362460556103, 0.0, 0.0, -10.71181230278052, 18.553403149557223, 0.0, 0.32114823149435, -7.483342572127229, 26.739738959478146]",10628.542038071604,[],"{""cutoff=6.000_skin=0.000"": 5978, ""cutoff=6.000_skin=0.500"": 7010}",0.0,,
OPT-RF-U256-ROFA-MIX-R256-v1,c9380bd69d0e1d094657eddf3b59489be4b1936561d28466835006a1e050ca76,OPT-RF-U256-ROFA-MIX-R256-v1:0171,A_corrH_d2_c1-1-1_m1-1-1_369_222,0ed9e51f391cfc5d48c48435327e0bb840ba0811b31660858bc12c1023a311a4,171,cross_family_test_set,rof-a/structures/A_corrH_d2_c1-1-1_m1-1-1_369_222.cif,7eb4acd1efd994861ddf8ac1ab658230e2c5b5dc7e14b5564e4688cf41bb4e73,0ed9e51f391cfc5d48c48435327e0bb840ba0811b31660858bc12c1023a311a4,0,222,"[""N"", ""C"", ""C"", ""C"", ""C"", ""C"", ""C"", ""C"", ""C"", ""O"", ""C"", ""C"", ""C"", ""C"", ""C"", ""N"", ""C"", ""C"", ""C"", ""C"", ""C"", ""C"", ""C"", ""C"", ""C"", ""C"", ""C"", ""C"", ""C"", ""C"", ""C"", ""C"", ""C"", ""C"", ""C"", ""C"", ""C"", ""C"", ""C"", ""C"", ""O"", ""C"", ""C"", ""C"", ""H"", ""H"", ""H"", ""H"", ""H"", ""H"", ""H"", ""H"", ""H"", ""H"", ""H"", ""H"", ""H"", ""H"", ""H"", ""H"", ""H"", ""H"", ""H"", ""H"", ""H"", ""H"", ""H"", ""H"", ""H"", ""H"", ""H"", ""H"", ""H"", ""H"", ""N"", ""C"", ""C"", ""C"", ""C"", ""C"", ""C"", ""C"", ""C"", ""O"", ""C"", ""C"", ""C"", ""C"", ""C"", ""N"", ""C"", ""C"", ""C"", ""C"", ""C"", ""C"", ""C"", ""C"", ""C"", ""C"", ""C"", ""C"", ""C"", ""C"", ""C"", ""C"", ""C"", ""C"", ""C"", ""C"", ""C"", ""C"", ""C"", ""C"", ""O"", ""C"", ""C"", ""C"", ""H"", ""H"", ""H"", ""H"", ""H"", ""H"", ""H"", ""H"", ""H"", ""H"", ""H"", ""H"", ""H"", ""H"", ""H"", ""H"", ""H"", ""H"", ""H"", ""H"", ""H"", ""H"", ""H"", ""H"", ""H"", ""H"", ""H"", ""H"", ""H"", ""H"", ""N"", ""C"", ""C"", ""C"", ""C"", ""C"", ""C"", ""C"", ""C"", ""O"", ""C"", ""C"", ""C"", ""C"", ""C"", ""N"", ""C"", ""C"", ""C"", ""C"", ""C"", ""C"", ""C"", ""C"", ""C"", ""C"", ""C"", ""C"", ""C"", ""C"", ""C"", ""C"", ""C"", ""C"", ""C"", ""C"", ""C"", ""C"", ""C"", ""C"", ""O"", ""C"", ""C"", ""C"", ""H"", ""H"", ""H"", ""H"", ""H"", ""H"", ""H"", ""H"", ""H"", ""H"", ""H"", ""H"", ""H"", ""H"", ""H"", ""H"", ""H"", ""H"", ""H"", ""H"", ""H"", ""H"", ""H"", ""H"", ""H"", ""H"", ""H"", ""H"", ""H"", ""H""]",C120H90N6O6,"[true, true, true]","[21.42362460556103, 0.0, 0.0, -10.71181230278052, 18.553403149557223, 0.0, 12.046745181179595, -3.5119809090100493, 33.053231919000346]",13138.036443721581,[],"{""cutoff=6.000_skin=0.000"": 5982, ""cutoff=6.000_skin=0.500"": 6960}",0.0,,
OPT-RF-U256-ROFA-MIX-R256-v1,c9380bd69d0e1d094657eddf3b59489be4b1936561d28466835006a1e050ca76,OPT-RF-U256-ROFA-MIX-R256-v1:0172,A_corrH_d2_c1-1-1_m1-1-1_1529_222,722c795d6f54ab8df196c38c20d55e6f4e9d944e540874acafd53e4aeccbbe38,172,cross_family_test_set,rof-a/structures/A_corrH_d2_c1-1-1_m1-1-1_1529_222.cif,54827cbaf4922d177455c140c4e2b6364db2d18d7db2c1e2f25746009dc99b47,722c795d6f54ab8df196c38c20d55e6f4e9d944e540874acafd53e4aeccbbe38,0,222,"[""N"", ""C"", ""C"", ""C"", ""C"", ""C"", ""C"", ""C"", ""C"", ""O"", ""C"", ""C"", ""C"", ""C"", ""C"", ""N"", ""C"", ""C"", ""C"", ""C"", ""C"", ""C"", ""C"", ""C"", ""C"", ""C"", ""C"", ""C"", ""C"", ""C"", ""C"", ""C"", ""C"", ""C"", ""C"", ""C"", ""C"", ""C"", ""C"", ""C"", ""O"", ""C"", ""C"", ""C"", ""H"", ""H"", ""H"", ""H"", ""H"", ""H"", ""H"", ""H"", ""H"", ""H"", ""H"", ""H"", ""H"", ""H"", ""H"", ""H"", ""H"", ""H"", ""H"", ""H"", ""H"", ""H"", ""H"", ""H"", ""H"", ""H"", ""H"", ""H"", ""H"", ""H"", ""N"", ""C"", ""C"", ""C"", ""C"", ""C"", ""C"", ""C"", ""C"", ""O"", ""C"", ""C"", ""C"", ""C"", ""C"", ""N"", ""C"", ""C"", ""C"", ""C"", ""C"", ""C"", ""C"", ""C"", ""C"", ""C"", ""C"", ""C"", ""C"", ""C"", ""C"", ""C"", ""C"", ""C"", ""C"", ""C"", ""C"", ""C"", ""C"", ""C"", ""O"", ""C"", ""C"", ""C"", ""H"", ""H"", ""H"", ""H"", ""H"", ""H"", ""H"", ""H"", ""H"", ""H"", ""H"", ""H"", ""H"", ""H"", ""H"", ""H"", ""H"", ""H"", ""H"", ""H"", ""H"", ""H"", ""H"", ""H"", ""H"", ""H"", ""H"", ""H"", ""H"", ""H"", ""N"", ""C"", ""C"", ""C"", ""C"", ""C"", ""C"", ""C"", ""C"", ""O"", ""C"", ""C"", ""C"", ""C"", ""C"", ""N"", ""C"", ""C"", ""C"", ""C"", ""C"", ""C"", ""C"", ""C"", ""C"", ""C"", ""C"", ""C"", ""C"", ""C"", ""C"", ""C"", ""C"", ""C"", ""C"", ""C"", ""C"", ""C"", ""C"", ""C"", ""O"", ""C"", ""C"", ""C"", ""H"", ""H"", ""H"", ""H"", ""H"", ""H"", ""H"", ""H"", ""H"", ""H"", ""H"", ""H"", ""H"", ""H"", ""H"", ""H"", ""H"", ""H"", ""H"", ""H"", ""H"", ""H"", ""H"", ""H"", ""H"", ""H"", ""H"", ""H"", ""H"", ""H""]",C120H90N6O6,"[true, true, true]","[21.42362460556103, 0.0, 0.0, -10.71181230278052, 18.553403149557223, 0.0, 23.994110747277745, 16.71409775322586, 47.65057081444964]",18940.203410623384,[],"{""cutoff=6.000_skin=0.000"": 5986, ""cutoff=6.000_skin=0.500"": 6934}",0.0,,
OPT-RF-U256-ROFA-MIX-R256-v1,c9380bd69d0e1d094657eddf3b59489be4b1936561d28466835006a1e050ca76,OPT-RF-U256-ROFA-MIX-R256-v1:0173,A_corrH_d2_c1-1-1_m1-1-1_6052_222,bfe40ec3a1ea85c486b6ee795629db1774463425c63c91de28518e2d1d97ca1e,173,cross_family_test_set,rof-a/structures/A_corrH_d2_c1-1-1_m1-1-1_6052_222.cif,f1fccf8dad3fddb26861631205397b2579a9785b394677a32a912df4d7d1ad2f,bfe40ec3a1ea85c486b6ee795629db1774463425c63c91de28518e2d1d97ca1e,0,222,"[""N"", ""C"", ""C"", ""C"", ""C"", ""C"", ""C"", ""C"", ""C"", ""O"", ""C"", ""C"", ""C"", ""C"", ""C"", ""N"", ""C"", ""C"", ""C"", ""C"", ""C"", ""C"", ""C"", ""C"", ""C"", ""C"", ""C"", ""C"", ""C"", ""C"", ""C"", ""C"", ""C"", ""C"", ""C"", ""C"", ""C"", ""C"", ""C"", ""C"", ""O"", ""C"", ""C"", ""C"", ""H"", ""H"", ""H"", ""H"", ""H"", ""H"", ""H"", ""H"", ""H"", ""H"", ""H"", ""H"", ""H"", ""H"", ""H"", ""H"", ""H"", ""H"", ""H"", ""H"", ""H"", ""H"", ""H"", ""H"", ""H"", ""H"", ""H"", ""H"", ""H"", ""H"", ""N"", ""C"", ""C"", ""C"", ""C"", ""C"", ""C"", ""C"", ""C"", ""O"", ""C"", ""C"", ""C"", ""C"", ""C"", ""N"", ""C"", ""C"", ""C"", ""C"", ""C"", ""C"", ""C"", ""C"", ""C"", ""C"", ""C"", ""C"", ""C"", ""C"", ""C"", ""C"", ""C"", ""C"", ""C"", ""C"", ""C"", ""C"", ""C"", ""C"", ""O"", ""C"", ""C"", ""C"", ""H"", ""H"", ""H"", ""H"", ""H"", ""H"", ""H"", ""H"", ""H"", ""H"", ""H"", ""H"", ""H"", ""H"", ""H"", ""H"", ""H"", ""H"", ""H"", ""H"", ""H"", ""H"", ""H"", ""H"", ""H"", ""H"", ""H"", ""H"", ""H"", ""H"", ""N"", ""C"", ""C"", ""C"", ""C"", ""C"", ""C"", ""C"", ""C"", ""O"", ""C"", ""C"", ""C"", ""C"", ""C"", ""N"", ""C"", ""C"", ""C"", ""C"", ""C"", ""C"", ""C"", ""C"", ""C"", ""C"", ""C"", ""C"", ""C"", ""C"", ""C"", ""C"", ""C"", ""C"", ""C"", ""C"", ""C"", ""C"", ""C"", ""C"", ""O"", ""C"", ""C"", ""C"", ""H"", ""H"", ""H"", ""H"", ""H"", ""H"", ""H"", ""H"", ""H"", ""H"", ""H"", ""H"", ""H"", ""H"", ""H"", ""H"", ""H"", ""H"", ""H"", ""H"", ""H"", ""H"", ""H"", ""H"", ""H"", ""H"", ""H"", ""H"", ""H"", ""H""]",C120H90N6O6,"[true, true, true]","[21.42362460556103, 0.0, 0.0, -10.71181230278052, 18.553403149557223, 0.0, 55.64907854762838, -4.5978241267213384, 42.27180771859856]",16802.24650073298,[],"{""cutoff=6.000_skin=0.000"": 5988, ""cutoff=6.000_skin=0.500"": 6892}",0.0,,
OPT-RF-U256-ROFA-MIX-R256-v1,c9380bd69d0e1d094657eddf3b59489be4b1936561d28466835006a1e050ca76,OPT-RF-U256-ROFA-MIX-R256-v1:0174,A_corrH_d2_c1-1-1_m1-1-1_7610_222,ee727a8ccecffeab47bd4b5dcff7e8573c28210dd492ac5a760ce7e3878f1d3d,174,cross_family_test_set,rof-a/structures/A_corrH_d2_c1-1-1_m1-1-1_7610_222.cif,63fda8098f2b0a0615460cf3cfb97781067ab8d93145babe85309d9ac59a1754,ee727a8ccecffeab47bd4b5dcff7e8573c28210dd492ac5a760ce7e3878f1d3d,0,222,"[""N"", ""C"", ""C"", ""C"", ""C"", ""C"", ""C"", ""C"", ""C"", ""O"", ""C"", ""C"", ""C"", ""C"", ""C"", ""N"", ""C"", ""C"", ""C"", ""C"", ""C"", ""C"", ""C"", ""C"", ""C"", ""C"", ""C"", ""C"", ""C"", ""C"", ""C"", ""C"", ""C"", ""C"", ""C"", ""C"", ""C"", ""C"", ""C"", ""C"", ""O"", ""C"", ""C"", ""C"", ""H"", ""H"", ""H"", ""H"", ""H"", ""H"", ""H"", ""H"", ""H"", ""H"", ""H"", ""H"", ""H"", ""H"", ""H"", ""H"", ""H"", ""H"", ""H"", ""H"", ""H"", ""H"", ""H"", ""H"", ""H"", ""H"", ""H"", ""H"", ""H"", ""H"", ""N"", ""C"", ""C"", ""C"", ""C"", ""C"", ""C"", ""C"", ""C"", ""O"", ""C"", ""C"", ""C"", ""C"", ""C"", ""N"", ""C"", ""C"", ""C"", ""C"", ""C"", ""C"", ""C"", ""C"", ""C"", ""C"", ""C"", ""C"", ""C"", ""C"", ""C"", ""C"", ""C"", ""C"", ""C"", ""C"", ""C"", ""C"", ""C"", ""C"", ""O"", ""C"", ""C"", ""C"", ""H"", ""H"", ""H"", ""H"", ""H"", ""H"", ""H"", ""H"", ""H"", ""H"", ""H"", ""H"", ""H"", ""H"", ""H"", ""H"", ""H"", ""H"", ""H"", ""H"", ""H"", ""H"", ""H"", ""H"", ""H"", ""H"", ""H"", ""H"", ""H"", ""H"", ""N"", ""C"", ""C"", ""C"", ""C"", ""C"", ""C"", ""C"", ""C"", ""O"", ""C"", ""C"", ""C"", ""C"", ""C"", ""N"", ""C"", ""C"", ""C"", ""C"", ""C"", ""C"", ""C"", ""C"", ""C"", ""C"", ""C"", ""C"", ""C"", ""C"", ""C"", ""C"", ""C"", ""C"", ""C"", ""C"", ""C"", ""C"", ""C"", ""C"", ""O"", ""C"", ""C"", ""C"", ""H"", ""H"", ""H"", ""H"", ""H"", ""H"", ""H"", ""H"", ""H"", ""H"", ""H"", ""H"", ""H"", ""H"", ""H"", ""H"", ""H"", ""H"", ""H"", ""H"", ""H"", ""H"", ""H"", ""H"", ""H"", ""H"", ""H"", ""H"", ""H"", ""H""]",C120H90N6O6,"[true, true, true]","[21.42362460556103, 0.0, 0.0, 10.711812302780523, 18.553403149557223, 0.0, -16.414557704015234, 9.615774646714872, 30.799892930494217]",12242.376684228153,[],"{""cutoff=6.000_skin=0.000"": 5998, ""cutoff=6.000_skin=0.500"": 7006}",0.0,,
OPT-RF-U256-ROFA-MIX-R256-v1,c9380bd69d0e1d094657eddf3b59489be4b1936561d28466835006a1e050ca76,OPT-RF-U256-ROFA-MIX-R256-v1:0175,A_corrH_d2_c1-1-1_m1-1-1_6208_222,e3daaa7dcc6129d106328f699ff843c125eea094690e020041c4032cde1976c0,175,cross_family_test_set,rof-a/structures/A_corrH_d2_c1-1-1_m1-1-1_6208_222.cif,6b129d9b13a4da07c53f71d75708acd74601d55937e4d434aee7187dc5e09ff9,e3daaa7dcc6129d106328f699ff843c125eea094690e020041c4032cde1976c0,0,222,"[""N"", ""C"", ""C"", ""C"", ""C"", ""C"", ""C"", ""C"", ""C"", ""O"", ""C"", ""C"", ""C"", ""C"", ""C"", ""N"", ""C"", ""C"", ""C"", ""C"", ""C"", ""C"", ""C"", ""C"", ""C"", ""C"", ""C"", ""C"", ""C"", ""C"", ""C"", ""C"", ""C"", ""C"", ""C"", ""C"", ""C"", ""C"", ""C"", ""C"", ""O"", ""C"", ""C"", ""C"", ""H"", ""H"", ""H"", ""H"", ""H"", ""H"", ""H"", ""H"", ""H"", ""H"", ""H"", ""H"", ""H"", ""H"", ""H"", ""H"", ""H"", ""H"", ""H"", ""H"", ""H"", ""H"", ""H"", ""H"", ""H"", ""H"", ""H"", ""H"", ""H"", ""H"", ""N"", ""C"", ""C"", ""C"", ""C"", ""C"", ""C"", ""C"", ""C"", ""O"", ""C"", ""C"", ""C"", ""C"", ""C"", ""N"", ""C"", ""C"", ""C"", ""C"", ""C"", ""C"", ""C"", ""C"", ""C"", ""C"", ""C"", ""C"", ""C"", ""C"", ""C"", ""C"", ""C"", ""C"", ""C"", ""C"", ""C"", ""C"", ""C"", ""C"", ""O"", ""C"", ""C"", ""C"", ""H"", ""H"", ""H"", ""H"", ""H"", ""H"", ""H"", ""H"", ""H"", ""H"", ""H"", ""H"", ""H"", ""H"", ""H"", ""H"", ""H"", ""H"", ""H"", ""H"", ""H"", ""H"", ""H"", ""H"", ""H"", ""H"", ""H"", ""H"", ""H"", ""H"", ""N"", ""C"", ""C"", ""C"", ""C"", ""C"", ""C"", ""C"", ""C"", ""O"", ""C"", ""C"", ""C"", ""C"", ""C"", ""N"", ""C"", ""C"", ""C"", ""C"", ""C"", ""C"", ""C"", ""C"", ""C"", ""C"", ""C"", ""C"", ""C"", ""C"", ""C"", ""C"", ""C"", ""C"", ""C"", ""C"", ""C"", ""C"", ""C"", ""C"", ""O"", ""C"", ""C"", ""C"", ""H"", ""H"", ""H"", ""H"", ""H"", ""H"", ""H"", ""H"", ""H"", ""H"", ""H"", ""H"", ""H"", ""H"", ""H"", ""H"", ""H"", ""H"", ""H"", ""H"", ""H"", ""H"", ""H"", ""H"", ""H"", ""H"", ""H"", ""H"", ""H"", ""H""]",C120H90N6O6,"[true, true, true]","[21.42362460556103, 0.0, 0.0, -10.71181230278052, 18.553403149557223, 0.0, -21.59343366781964, 12.274228611831001, 32.185550238827794]",12793.14933665767,[],"{""cutoff=6.000_skin=0.000"": 6002, ""cutoff=6.000_skin=0.500"": 6966}",0.0,,
OPT-RF-U256-ROFA-MIX-R256-v1,c9380bd69d0e1d094657eddf3b59489be4b1936561d28466835006a1e050ca76,OPT-RF-U256-ROFA-MIX-R256-v1:0176,A_corrH_d2_c1-1-1_m1-1-1_5101_222,de83a6952e2fb02a4e4a0f50aa5322f3c6709d2d4adce21bb44c56fc527cd12a,176,cross_family_test_set,rof-a/structures/A_corrH_d2_c1-1-1_m1-1-1_5101_222.cif,c0cea35d1a8234dfedf87cf4943c6e409422f24ad18f346027fd6f62549a6516,de83a6952e2fb02a4e4a0f50aa5322f3c6709d2d4adce21bb44c56fc527cd12a,0,222,"[""N"", ""C"", ""C"", ""C"", ""C"", ""C"", ""C"", ""C"", ""C"", ""O"", ""C"", ""C"", ""C"", ""C"", ""C"", ""N"", ""C"", ""C"", ""C"", ""C"", ""C"", ""C"", ""C"", ""C"", ""C"", ""C"", ""C"", ""C"", ""C"", ""C"", ""C"", ""C"", ""C"", ""C"", ""C"", ""C"", ""C"", ""C"", ""C"", ""C"", ""O"", ""C"", ""C"", ""C"", ""H"", ""H"", ""H"", ""H"", ""H"", ""H"", ""H"", ""H"", ""H"", ""H"", ""H"", ""H"", ""H"", ""H"", ""H"", ""H"", ""H"", ""H"", ""H"", ""H"", ""H"", ""H"", ""H"", ""H"", ""H"", ""H"", ""H"", ""H"", ""H"", ""H"", ""N"", ""C"", ""C"", ""C"", ""C"", ""C"", ""C"", ""C"", ""C"", ""O"", ""C"", ""C"", ""C"", ""C"", ""C"", ""N"", ""C"", ""C"", ""C"", ""C"", ""C"", ""C"", ""C"", ""C"", ""C"", ""C"", ""C"", ""C"", ""C"", ""C"", ""C"", ""C"", ""C"", ""C"", ""C"", ""C"", ""C"", ""C"", ""C"", ""C"", ""O"", ""C"", ""C"", ""C"", ""H"", ""H"", ""H"", ""H"", ""H"", ""H"", ""H"", ""H"", ""H"", ""H"", ""H"", ""H"", ""H"", ""H"", ""H"", ""H"", ""H"", ""H"", ""H"", ""H"", ""H"", ""H"", ""H"", ""H"", ""H"", ""H"", ""H"", ""H"", ""H"", ""H"", ""N"", ""C"", ""C"", ""C"", ""C"", ""C"", ""C"", ""C"", ""C"", ""O"", ""C"", ""C"", ""C"", ""C"", ""C"", ""N"", ""C"", ""C"", ""C"", ""C"", ""C"", ""C"", ""C"", ""C"", ""C"", ""C"", ""C"", ""C"", ""C"", ""C"", ""C"", ""C"", ""C"", ""C"", ""C"", ""C"", ""C"", ""C"", ""C"", ""C"", ""O"", ""C"", ""C"", ""C"", ""H"", ""H"", ""H"", ""H"", ""H"", ""H"", ""H"", ""H"", ""H"", ""H"", ""H"", ""H"", ""H"", ""H"", ""H"", ""H"", ""H"", ""H"", ""H"", ""H"", ""H"", ""H"", ""H"", ""H"", ""H"", ""H"", ""H"", ""H"", ""H"", ""H""]",C120H90N6O6,"[true, true, true]","[21.42362460556103, 0.0, 0.0, -10.71181230278052, 18.553403149557223, 0.0, -9.34446657038567, -16.49385968434949, 30.26000149161978]",12027.780017343413,[],"{""cutoff=6.000_skin=0.000"": 6006, ""cutoff=6.000_skin=0.500"": 6984}",0.0,,
OPT-RF-U256-ROFA-MIX-R256-v1,c9380bd69d0e1d094657eddf3b59489be4b1936561d28466835006a1e050ca76,OPT-RF-U256-ROFA-MIX-R256-v1:0177,A_corrH_d2_c1-1-1_m1-1-1_6818_222,3afa936bc63ddfdb9a0073bfc8faa25d85d564d91ea09dafea05ae62699c59b4,177,cross_family_test_set,rof-a/structures/A_corrH_d2_c1-1-1_m1-1-1_6818_222.cif,5a9e5c807e09bf2dc5b8cac03b87cf79d4c827a196fcd4f2a80eea8288282583,3afa936bc63ddfdb9a0073bfc8faa25d85d564d91ea09dafea05ae62699c59b4,0,222,"[""N"", ""C"", ""C"", ""C"", ""C"", ""C"", ""C"", ""C"", ""C"", ""O"", ""C"", ""C"", ""C"", ""C"", ""C"", ""N"", ""C"", ""C"", ""C"", ""C"", ""C"", ""C"", ""C"", ""C"", ""C"", ""C"", ""C"", ""C"", ""C"", ""C"", ""C"", ""C"", ""C"", ""C"", ""C"", ""C"", ""C"", ""C"", ""C"", ""C"", ""O"", ""C"", ""C"", ""C"", ""H"", ""H"", ""H"", ""H"", ""H"", ""H"", ""H"", ""H"", ""H"", ""H"", ""H"", ""H"", ""H"", ""H"", ""H"", ""H"", ""H"", ""H"", ""H"", ""H"", ""H"", ""H"", ""H"", ""H"", ""H"", ""H"", ""H"", ""H"", ""H"", ""H"", ""N"", ""C"", ""C"", ""C"", ""C"", ""C"", ""C"", ""C"", ""C"", ""O"", ""C"", ""C"", ""C"", ""C"", ""C"", ""N"", ""C"", ""C"", ""C"", ""C"", ""C"", ""C"", ""C"", ""C"", ""C"", ""C"", ""C"", ""C"", ""C"", ""C"", ""C"", ""C"", ""C"", ""C"", ""C"", ""C"", ""C"", ""C"", ""C"", ""C"", ""O"", ""C"", ""C"", ""C"", ""H"", ""H"", ""H"", ""H"", ""H"", ""H"", ""H"", ""H"", ""H"", ""H"", ""H"", ""H"", ""H"", ""H"", ""H"", ""H"", ""H"", ""H"", ""H"", ""H"", ""H"", ""H"", ""H"", ""H"", ""H"", ""H"", ""H"", ""H"", ""H"", ""H"", ""N"", ""C"", ""C"", ""C"", ""C"", ""C"", ""C"", ""C"", ""C"", ""O"", ""C"", ""C"", ""C"", ""C"", ""C"", ""N"", ""C"", ""C"", ""C"", ""C"", ""C"", ""C"", ""C"", ""C"", ""C"", ""C"", ""C"", ""C"", ""C"", ""C"", ""C"", ""C"", ""C"", ""C"", ""C"", ""C"", ""C"", ""C"", ""C"", ""C"", ""O"", ""C"", ""C"", ""C"", ""H"", ""H"", ""H"", ""H"", ""H"", ""H"", ""H"", ""H"", ""H"", ""H"", ""H"", ""H"", ""H"", ""H"", ""H"", ""H"", ""H"", ""H"", ""H"", ""H"", ""H"", ""H"", ""H"", ""H"", ""H"", ""H"", ""H"", ""H"", ""H"", ""H""]",C120H90N6O6,"[true, true, true]","[21.42362460556103, 0.0, 0.0, 10.711812302780523, 18.553403149557223, 0.0, -32.08353196739769, -1.1306776259957134, 31.32545917804708]",12451.279357675063,[],"{""cutoff=6.000_skin=0.000"": 6062, ""cutoff=6.000_skin=0.500"": 7116}",0.0,,
OPT-RF-U256-ROFA-MIX-R256-v1,c9380bd69d0e1d094657eddf3b59489be4b1936561d28466835006a1e050ca76,OPT-RF-U256-ROFA-MIX-R256-v1:0178,A_corrH_d2_c1-1-1_m1-1-1_7784_222,b3de991c3ef012df63c117131ce7d3b1f7fc7f7d94fb74f18fc0e860fdf25393,178,cross_family_test_set,rof-a/structures/A_corrH_d2_c1-1-1_m1-1-1_7784_222.cif,0bc4f7b6fc3c52864e15b04e4c2a13b9c0ba1748e734aaf1910e35b14fee0913,b3de991c3ef012df63c117131ce7d3b1f7fc7f7d94fb74f18fc0e860fdf25393,0,222,"[""N"", ""C"", ""C"", ""C"", ""C"", ""C"", ""C"", ""C"", ""C"", ""O"", ""C"", ""C"", ""C"", ""C"", ""C"", ""N"", ""C"", ""C"", ""C"", ""C"", ""C"", ""C"", ""C"", ""C"", ""C"", ""C"", ""C"", ""C"", ""C"", ""C"", ""C"", ""C"", ""C"", ""C"", ""C"", ""C"", ""C"", ""C"", ""C"", ""C"", ""O"", ""C"", ""C"", ""C"", ""H"", ""H"", ""H"", ""H"", ""H"", ""H"", ""H"", ""H"", ""H"", ""H"", ""H"", ""H"", ""H"", ""H"", ""H"", ""H"", ""H"", ""H"", ""H"", ""H"", ""H"", ""H"", ""H"", ""H"", ""H"", ""H"", ""H"", ""H"", ""H"", ""H"", ""N"", ""C"", ""C"", ""C"", ""C"", ""C"", ""C"", ""C"", ""C"", ""O"", ""C"", ""C"", ""C"", ""C"", ""C"", ""N"", ""C"", ""C"", ""C"", ""C"", ""C"", ""C"", ""C"", ""C"", ""C"", ""C"", ""C"", ""C"", ""C"", ""C"", ""C"", ""C"", ""C"", ""C"", ""C"", ""C"", ""C"", ""C"", ""C"", ""C"", ""O"", ""C"", ""C"", ""C"", ""H"", ""H"", ""H"", ""H"", ""H"", ""H"", ""H"", ""H"", ""H"", ""H"", ""H"", ""H"", ""H"", ""H"", ""H"", ""H"", ""H"", ""H"", ""H"", ""H"", ""H"", ""H"", ""H"", ""H"", ""H"", ""H"", ""H"", ""H"", ""H"", ""H"", ""N"", ""C"", ""C"", ""C"", ""C"", ""C"", ""C"", ""C"", ""C"", ""O"", ""C"", ""C"", ""C"", ""C"", ""C"", ""N"", ""C"", ""C"", ""C"", ""C"", ""C"", ""C"", ""C"", ""C"", ""C"", ""C"", ""C"", ""C"", ""C"", ""C"", ""C"", ""C"", ""C"", ""C"", ""C"", ""C"", ""C"", ""C"", ""C"", ""C"", ""O"", ""C"", ""C"", ""C"", ""H"", ""H"", ""H"", ""H"", ""H"", ""H"", ""H"", ""H"", ""H"", ""H"", ""H"", ""H"", ""H"", ""H"", ""H"", ""H"", ""H"", ""H"", ""H"", ""H"", ""H"", ""H"", ""H"", ""H"", ""H"", ""H"", ""H"", ""H"", ""H"", ""H""]",C120H90N6O6,"[true, true, true]","[21.42362460556103, 0.0, 0.0, 10.711812302780523, 18.553403149557223, 0.0, 109.77514107409058, -28.245881512846154, 33.65148537468813]",13375.83091182897,[],"{""cutoff=6.000_skin=0.000"": 6088, ""cutoff=6.000_skin=0.500"": 7110}",0.0,,
OPT-RF-U256-ROFA-MIX-R256-v1,c9380bd69d0e1d094657eddf3b59489be4b1936561d28466835006a1e050ca76,OPT-RF-U256-ROFA-MIX-R256-v1:0179,A_corrH_d2_c1-1-1_m1-1-1_3290_222,aa8d4c2f6647968623cf171cc560f842846ef68978a8163d4179f153bbe95831,179,cross_family_test_set,rof-a/structures/A_corrH_d2_c1-1-1_m1-1-1_3290_222.cif,6e4c435e409abaf5c0150ac971d7ca7ba4f5d3bb2290d2ad3c4441c6955b91ab,aa8d4c2f6647968623cf171cc560f842846ef68978a8163d4179f153bbe95831,0,222,"[""N"", ""C"", ""C"", ""C"", ""C"", ""C"", ""C"", ""C"", ""C"", ""O"", ""C"", ""C"", ""C"", ""C"", ""C"", ""N"", ""C"", ""C"", ""C"", ""C"", ""C"", ""C"", ""C"", ""C"", ""C"", ""C"", ""C"", ""C"", ""C"", ""C"", ""C"", ""C"", ""C"", ""C"", ""C"", ""C"", ""C"", ""C"", ""C"", ""C"", ""O"", ""C"", ""C"", ""C"", ""H"", ""H"", ""H"", ""H"", ""H"", ""H"", ""H"", ""H"", ""H"", ""H"", ""H"", ""H"", ""H"", ""H"", ""H"", ""H"", ""H"", ""H"", ""H"", ""H"", ""H"", ""H"", ""H"", ""H"", ""H"", ""H"", ""H"", ""H"", ""H"", ""H"", ""N"", ""C"", ""C"", ""C"", ""C"", ""C"", ""C"", ""C"", ""C"", ""O"", ""C"", ""C"", ""C"", ""C"", ""C"", ""N"", ""C"", ""C"", ""C"", ""C"", ""C"", ""C"", ""C"", ""C"", ""C"", ""C"", ""C"", ""C"", ""C"", ""C"", ""C"", ""C"", ""C"", ""C"", ""C"", ""C"", ""C"", ""C"", ""C"", ""C"", ""O"", ""C"", ""C"", ""C"", ""H"", ""H"", ""H"", ""H"", ""H"", ""H"", ""H"", ""H"", ""H"", ""H"", ""H"", ""H"", ""H"", ""H"", ""H"", ""H"", ""H"", ""H"", ""H"", ""H"", ""H"", ""H"", ""H"", ""H"", ""H"", ""H"", ""H"", ""H"", ""H"", ""H"", ""N"", ""C"", ""C"", ""C"", ""C"", ""C"", ""C"", ""C"", ""C"", ""O"", ""C"", ""C"", ""C"", ""C"", ""C"", ""N"", ""C"", ""C"", ""C"", ""C"", ""C"", ""C"", ""C"", ""C"", ""C"", ""C"", ""C"", ""C"", ""C"", ""C"", ""C"", ""C"", ""C"", ""C"", ""C"", ""C"", ""C"", ""C"", ""C"", ""C"", ""O"", ""C"", ""C"", ""C"", ""H"", ""H"", ""H"", ""H"", ""H"", ""H"", ""H"", ""H"", ""H"", ""H"", ""H"", ""H"", ""H"", ""H"", ""H"", ""H"", ""H"", ""H"", ""H"", ""H"", ""H"", ""H"", ""H"", ""H"", ""H"", ""H"", ""H"", ""H"", ""H"", ""H""]",C120H90N6O6,"[true, true, true]","[21.42362460556103, 0.0, 0.0, -10.71181230278052, 18.553403149557223, 0.0, 38.618762130655504, 118.4974429666872, 43.85593834604234]",17431.9085551419,[],"{""cutoff=6.000_skin=0.000"": 6094, ""cutoff=6.000_skin=0.500"": 7076}",0.0,,
OPT-RF-U256-ROFA-MIX-R256-v1,c9380bd69d0e1d094657eddf3b59489be4b1936561d28466835006a1e050ca76,OPT-RF-U256-ROFA-MIX-R256-v1:0180,A_corrH_d2_c1-1-1_m1-1-1_854_222,d59cbd4920048a2c206e04b9ac29c6716b3ccfe7f0583529bc289ce387b1d393,180,cross_family_test_set,rof-a/structures/A_corrH_d2_c1-1-1_m1-1-1_854_222.cif,b321e47422490ab7410513dd7b383bcd889e173a08298ba6ddb06842ae98a8fd,d59cbd4920048a2c206e04b9ac29c6716b3ccfe7f0583529bc289ce387b1d393,0,222,"[""N"", ""C"", ""C"", ""C"", ""C"", ""C"", ""C"", ""C"", ""C"", ""O"", ""C"", ""C"", ""C"", ""C"", ""C"", ""N"", ""C"", ""C"", ""C"", ""C"", ""C"", ""C"", ""C"", ""C"", ""C"", ""C"", ""C"", ""C"", ""C"", ""C"", ""C"", ""C"", ""C"", ""C"", ""C"", ""C"", ""C"", ""C"", ""C"", ""C"", ""O"", ""C"", ""C"", ""C"", ""H"", ""H"", ""H"", ""H"", ""H"", ""H"", ""H"", ""H"", ""H"", ""H"", ""H"", ""H"", ""H"", ""H"", ""H"", ""H"", ""H"", ""H"", ""H"", ""H"", ""H"", ""H"", ""H"", ""H"", ""H"", ""H"", ""H"", ""H"", ""H"", ""H"", ""N"", ""C"", ""C"", ""C"", ""C"", ""C"", ""C"", ""C"", ""C"", ""O"", ""C"", ""C"", ""C"", ""C"", ""C"", ""N"", ""C"", ""C"", ""C"", ""C"", ""C"", ""C"", ""C"", ""C"", ""C"", ""C"", ""C"", ""C"", ""C"", ""C"", ""C"", ""C"", ""C"", ""C"", ""C"", ""C"", ""C"", ""C"", ""C"", ""C"", ""O"", ""C"", ""C"", ""C"", ""H"", ""H"", ""H"", ""H"", ""H"", ""H"", ""H"", ""H"", ""H"", ""H"", ""H"", ""H"", ""H"", ""H"", ""H"", ""H"", ""H"", ""H"", ""H"", ""H"", ""H"", ""H"", ""H"", ""H"", ""H"", ""H"", ""H"", ""H"", ""H"", ""H"", ""N"", ""C"", ""C"", ""C"", ""C"", ""C"", ""C"", ""C"", ""C"", ""O"", ""C"", ""C"", ""C"", ""C"", ""C"", ""N"", ""C"", ""C"", ""C"", ""C"", ""C"", ""C"", ""C"", ""C"", ""C"", ""C"", ""C"", ""C"", ""C"", ""C"", ""C"", ""C"", ""C"", ""C"", ""C"", ""C"", ""C"", ""C"", ""C"", ""C"", ""O"", ""C"", ""C"", ""C"", ""H"", ""H"", ""H"", ""H"", ""H"", ""H"", ""H"", ""H"", ""H"", ""H"", ""H"", ""H"", ""H"", ""H"", ""H"", ""H"", ""H"", ""H"", ""H"", ""H"", ""H"", ""H"", ""H"", ""H"", ""H"", ""H"", ""H"", ""H"", ""H"", ""H""]",C120H90N6O6,"[true, true, true]","[21.42362460556103, 0.0, 0.0, 10.711812302780523, 18.553403149557223, 0.0, 7.751385222748232, 18.017220346399643, 33.89637074163319]",13473.168227687891,[],"{""cutoff=6.000_skin=0.000"": 6102, ""cutoff=6.000_skin=0.500"": 7122}",0.0,,
OPT-RF-U256-ROFA-MIX-R256-v1,c9380bd69d0e1d094657eddf3b59489be4b1936561d28466835006a1e050ca76,OPT-RF-U256-ROFA-MIX-R256-v1:0181,A_corrH_d2_c1-1-1_m1-1-1_5782_222,959158d69f44b3c3351d7c07c97a60be3d3cace23a17585b58c8c93b95d4568a,181,cross_family_test_set,rof-a/structures/A_corrH_d2_c1-1-1_m1-1-1_5782_222.cif,af7626d4b4b4a98cd7d33bbbcb57d662aaf6f758f83ef995210d0bd9adcdd8a3,959158d69f44b3c3351d7c07c97a60be3d3cace23a17585b58c8c93b95d4568a,0,222,"[""N"", ""C"", ""C"", ""C"", ""C"", ""C"", ""C"", ""C"", ""C"", ""O"", ""C"", ""C"", ""C"", ""C"", ""C"", ""N"", ""C"", ""C"", ""C"", ""C"", ""C"", ""C"", ""C"", ""C"", ""C"", ""C"", ""C"", ""C"", ""C"", ""C"", ""C"", ""C"", ""C"", ""C"", ""C"", ""C"", ""C"", ""C"", ""C"", ""C"", ""O"", ""C"", ""C"", ""C"", ""H"", ""H"", ""H"", ""H"", ""H"", ""H"", ""H"", ""H"", ""H"", ""H"", ""H"", ""H"", ""H"", ""H"", ""H"", ""H"", ""H"", ""H"", ""H"", ""H"", ""H"", ""H"", ""H"", ""H"", ""H"", ""H"", ""H"", ""H"", ""H"", ""H"", ""N"", ""C"", ""C"", ""C"", ""C"", ""C"", ""C"", ""C"", ""C"", ""O"", ""C"", ""C"", ""C"", ""C"", ""C"", ""N"", ""C"", ""C"", ""C"", ""C"", ""C"", ""C"", ""C"", ""C"", ""C"", ""C"", ""C"", ""C"", ""C"", ""C"", ""C"", ""C"", ""C"", ""C"", ""C"", ""C"", ""C"", ""C"", ""C"", ""C"", ""O"", ""C"", ""C"", ""C"", ""H"", ""H"", ""H"", ""H"", ""H"", ""H"", ""H"", ""H"", ""H"", ""H"", ""H"", ""H"", ""H"", ""H"", ""H"", ""H"", ""H"", ""H"", ""H"", ""H"", ""H"", ""H"", ""H"", ""H"", ""H"", ""H"", ""H"", ""H"", ""H"", ""H"", ""N"", ""C"", ""C"", ""C"", ""C"", ""C"", ""C"", ""C"", ""C"", ""O"", ""C"", ""C"", ""C"", ""C"", ""C"", ""N"", ""C"", ""C"", ""C"", ""C"", ""C"", ""C"", ""C"", ""C"", ""C"", ""C"", ""C"", ""C"", ""C"", ""C"", ""C"", ""C"", ""C"", ""C"", ""C"", ""C"", ""C"", ""C"", ""C"", ""C"", ""O"", ""C"", ""C"", ""C"", ""H"", ""H"", ""H"", ""H"", ""H"", ""H"", ""H"", ""H"", ""H"", ""H"", ""H"", ""H"", ""H"", ""H"", ""H"", ""H"", ""H"", ""H"", ""H"", ""H"", ""H"", ""H"", ""H"", ""H"", ""H"", ""H"", ""H"", ""H"", ""H"", ""H""]",C120H90N6O6,"[true, true, true]","[21.42362460556103, 0.0, 0.0, -10.71181230278052, 18.553403149557223, 0.0, 12.163819938510873, -12.432956700501416, 31.145180757381574]",12379.622084748626,[],"{""cutoff=6.000_skin=0.000"": 6104, ""cutoff=6.000_skin=0.500"": 7128}",0.0,,
OPT-RF-U256-ROFA-MIX-R256-v1,c9380bd69d0e1d094657eddf3b59489be4b1936561d28466835006a1e050ca76,OPT-RF-U256-ROFA-MIX-R256-v1:0182,A_corrH_d2_c1-1-1_m1-1-1_6987_222,6ff63178c02dadae85a59555f4c0b0f3c9354cc33ebd3bd1ebb40b5da54b616d,182,cross_family_test_set,rof-a/structures/A_corrH_d2_c1-1-1_m1-1-1_6987_222.cif,b02b1ba4ee60cd6b2917e0ba3db8ce75e32270f231910877bfcb34333731301d,6ff63178c02dadae85a59555f4c0b0f3c9354cc33ebd3bd1ebb40b5da54b616d,0,222,"[""N"", ""C"", ""C"", ""C"", ""C"", ""C"", ""C"", ""C"", ""C"", ""O"", ""C"", ""C"", ""C"", ""C"", ""C"", ""N"", ""C"", ""C"", ""C"", ""C"", ""C"", ""C"", ""C"", ""C"", ""C"", ""C"", ""C"", ""C"", ""C"", ""C"", ""C"", ""C"", ""C"", ""C"", ""C"", ""C"", ""C"", ""C"", ""C"", ""C"", ""O"", ""C"", ""C"", ""C"", ""H"", ""H"", ""H"", ""H"", ""H"", ""H"", ""H"", ""H"", ""H"", ""H"", ""H"", ""H"", ""H"", ""H"", ""H"", ""H"", ""H"", ""H"", ""H"", ""H"", ""H"", ""H"", ""H"", ""H"", ""H"", ""H"", ""H"", ""H"", ""H"", ""H"", ""N"", ""C"", ""C"", ""C"", ""C"", ""C"", ""C"", ""C"", ""C"", ""O"", ""C"", ""C"", ""C"", ""C"", ""C"", ""N"", ""C"", ""C"", ""C"", ""C"", ""C"", ""C"", ""C"", ""C"", ""C"", ""C"", ""C"", ""C"", ""C"", ""C"", ""C"", ""C"", ""C"", ""C"", ""C"", ""C"", ""C"", ""C"", ""C"", ""C"", ""O"", ""C"", ""C"", ""C"", ""H"", ""H"", ""H"", ""H"", ""H"", ""H"", ""H"", ""H"", ""H"", ""H"", ""H"", ""H"", ""H"", ""H"", ""H"", ""H"", ""H"", ""H"", ""H"", ""H"", ""H"", ""H"", ""H"", ""H"", ""H"", ""H"", ""H"", ""H"", ""H"", ""H"", ""N"", ""C"", ""C"", ""C"", ""C"", ""C"", ""C"", ""C"", ""C"", ""O"", ""C"", ""C"", ""C"", ""C"", ""C"", ""N"", ""C"", ""C"", ""C"", ""C"", ""C"", ""C"", ""C"", ""C"", ""C"", ""C"", ""C"", ""C"", ""C"", ""C"", ""C"", ""C"", ""C"", ""C"", ""C"", ""C"", ""C"", ""C"", ""C"", ""C"", ""O"", ""C"", ""C"", ""C"", ""H"", ""H"", ""H"", ""H"", ""H"", ""H"", ""H"", ""H"", ""H"", ""H"", ""H"", ""H"", ""H"", ""H"", ""H"", ""H"", ""H"", ""H"", ""H"", ""H"", ""H"", ""H"", ""H"", ""H"", ""H"", ""H"", ""H"", ""H"", ""H"", ""H""]",C120H90N6O6,"[true, true, true]","[21.42362460556103, 0.0, 0.0, 10.711812302780523, 18.553403149557223, 0.0, 0.7710701290749671, 9.003781234031477, 38.25568881899528]",15205.914965147898,[],"{""cutoff=6.000_skin=0.000"": 6110, ""cutoff=6.000_skin=0.500"": 7072}",0.0,,
OPT-RF-U256-ROFA-MIX-R256-v1,c9380bd69d0e1d094657eddf3b59489be4b1936561d28466835006a1e050ca76,OPT-RF-U256-ROFA-MIX-R256-v1:0183,A_corrH_d2_c1-1-1_m1-1-1_4850_222,c8dee94f6dde847cca076c515c9072657be67c2f186e051730300f1b77084657,183,cross_family_test_set,rof-a/structures/A_corrH_d2_c1-1-1_m1-1-1_4850_222.cif,8623b63c4d3c889d39b9b0b6442bc141f7499794e549e3c4b8ff9d8c21a89abb,c8dee94f6dde847cca076c515c9072657be67c2f186e051730300f1b77084657,0,222,"[""N"", ""C"", ""C"", ""C"", ""C"", ""C"", ""C"", ""C"", ""C"", ""O"", ""C"", ""C"", ""C"", ""C"", ""C"", ""N"", ""C"", ""C"", ""C"", ""C"", ""C"", ""C"", ""C"", ""C"", ""C"", ""C"", ""C"", ""C"", ""C"", ""C"", ""C"", ""C"", ""C"", ""C"", ""C"", ""C"", ""C"", ""C"", ""C"", ""C"", ""O"", ""C"", ""C"", ""C"", ""H"", ""H"", ""H"", ""H"", ""H"", ""H"", ""H"", ""H"", ""H"", ""H"", ""H"", ""H"", ""H"", ""H"", ""H"", ""H"", ""H"", ""H"", ""H"", ""H"", ""H"", ""H"", ""H"", ""H"", ""H"", ""H"", ""H"", ""H"", ""H"", ""H"", ""N"", ""C"", ""C"", ""C"", ""C"", ""C"", ""C"", ""C"", ""C"", ""O"", ""C"", ""C"", ""C"", ""C"", ""C"", ""N"", ""C"", ""C"", ""C"", ""C"", ""C"", ""C"", ""C"", ""C"", ""C"", ""C"", ""C"", ""C"", ""C"", ""C"", ""C"", ""C"", ""C"", ""C"", ""C"", ""C"", ""C"", ""C"", ""C"", ""C"", ""O"", ""C"", ""C"", ""C"", ""H"", ""H"", ""H"", ""H"", ""H"", ""H"", ""H"", ""H"", ""H"", ""H"", ""H"", ""H"", ""H"", ""H"", ""H"", ""H"", ""H"", ""H"", ""H"", ""H"", ""H"", ""H"", ""H"", ""H"", ""H"", ""H"", ""H"", ""H"", ""H"", ""H"", ""N"", ""C"", ""C"", ""C"", ""C"", ""C"", ""C"", ""C"", ""C"", ""O"", ""C"", ""C"", ""C"", ""C"", ""C"", ""N"", ""C"", ""C"", ""C"", ""C"", ""C"", ""C"", ""C"", ""C"", ""C"", ""C"", ""C"", ""C"", ""C"", ""C"", ""C"", ""C"", ""C"", ""C"", ""C"", ""C"", ""C"", ""C"", ""C"", ""C"", ""O"", ""C"", ""C"", ""C"", ""H"", ""H"", ""H"", ""H"", ""H"", ""H"", ""H"", ""H"", ""H"", ""H"", ""H"", ""H"", ""H"", ""H"", ""H"", ""H"", ""H"", ""H"", ""H"", ""H"", ""H"", ""H"", ""H"", ""H"", ""H"", ""H"", ""H"", ""H"", ""H"", ""H""]",C120H90N6O6,"[true, true, true]","[21.42362460556103, 0.0, 0.0, 10.711812302780523, 18.553403149557223, 0.0, -63.335450623844224, 33.770691029187645, 36.33582825204275]",14442.806590230211,[],"{""cutoff=6.000_skin=0.000"": 6122, ""cutoff=6.000_skin=0.500"": 7106}",0.0,,
OPT-RF-U256-ROFA-MIX-R256-v1,c9380bd69d0e1d094657eddf3b59489be4b1936561d28466835006a1e050ca76,OPT-RF-U256-ROFA-MIX-R256-v1:0184,A_corrH_d2_c1-1-1_m1-1-1_7691_222,147df6109cb91ae6e20741e012c5ba87bd9aa9d84865674284a9208ebfdfb144,184,cross_family_test_set,rof-a/structures/A_corrH_d2_c1-1-1_m1-1-1_7691_222.cif,56ebff3887f3a189feadaf80ca95e46de1d62a1c9d2d26fa7911ed1926823d8d,147df6109cb91ae6e20741e012c5ba87bd9aa9d84865674284a9208ebfdfb144,0,222,"[""N"", ""C"", ""C"", ""C"", ""C"", ""C"", ""C"", ""C"", ""C"", ""O"", ""C"", ""C"", ""C"", ""C"", ""C"", ""N"", ""C"", ""C"", ""C"", ""C"", ""C"", ""C"", ""C"", ""C"", ""C"", ""C"", ""C"", ""C"", ""C"", ""C"", ""C"", ""C"", ""C"", ""C"", ""C"", ""C"", ""C"", ""C"", ""C"", ""C"", ""O"", ""C"", ""C"", ""C"", ""H"", ""H"", ""H"", ""H"", ""H"", ""H"", ""H"", ""H"", ""H"", ""H"", ""H"", ""H"", ""H"", ""H"", ""H"", ""H"", ""H"", ""H"", ""H"", ""H"", ""H"", ""H"", ""H"", ""H"", ""H"", ""H"", ""H"", ""H"", ""H"", ""H"", ""N"", ""C"", ""C"", ""C"", ""C"", ""C"", ""C"", ""C"", ""C"", ""O"", ""C"", ""C"", ""C"", ""C"", ""C"", ""N"", ""C"", ""C"", ""C"", ""C"", ""C"", ""C"", ""C"", ""C"", ""C"", ""C"", ""C"", ""C"", ""C"", ""C"", ""C"", ""C"", ""C"", ""C"", ""C"", ""C"", ""C"", ""C"", ""C"", ""C"", ""O"", ""C"", ""C"", ""C"", ""H"", ""H"", ""H"", ""H"", ""H"", ""H"", ""H"", ""H"", ""H"", ""H"", ""H"", ""H"", ""H"", ""H"", ""H"", ""H"", ""H"", ""H"", ""H"", ""H"", ""H"", ""H"", ""H"", ""H"", ""H"", ""H"", ""H"", ""H"", ""H"", ""H"", ""N"", ""C"", ""C"", ""C"", ""C"", ""C"", ""C"", ""C"", ""C"", ""O"", ""C"", ""C"", ""C"", ""C"", ""C"", ""N"", ""C"", ""C"", ""C"", ""C"", ""C"", ""C"", ""C"", ""C"", ""C"", ""C"", ""C"", ""C"", ""C"", ""C"", ""C"", ""C"", ""C"", ""C"", ""C"", ""C"", ""C"", ""C"", ""C"", ""C"", ""O"", ""C"", ""C"", ""C"", ""H"", ""H"", ""H"", ""H"", ""H"", ""H"", ""H"", ""H"", ""H"", ""H"", ""H"", ""H"", ""H"", ""H"", ""H"", ""H"", ""H"", ""H"", ""H"", ""H"", ""H"", ""H"", ""H"", ""H"", ""H"", ""H"", ""H"", ""H"", ""H"", ""H""]",C120H90N6O6,"[true, true, true]","[21.42362460556103, 0.0, 0.0, 10.711812302780523, 18.553403149557223, 0.0, -20.536520421953867, -46.91607927934611, 29.17819974712736]",11597.784222110668,[],"{""cutoff=6.000_skin=0.000"": 6122, ""cutoff=6.000_skin=0.500"": 7208}",0.0,,
OPT-RF-U256-ROFA-MIX-R256-v1,c9380bd69d0e1d094657eddf3b59489be4b1936561d28466835006a1e050ca76,OPT-RF-U256-ROFA-MIX-R256-v1:0185,A_corrH_d2_c1-1-1_m1-1-1_1509_222,0fdf2df8f1f29d5c6ccbabdf9bb9b399129a37eddb803f73b0a71cb6dd549c3a,185,cross_family_test_set,rof-a/structures/A_corrH_d2_c1-1-1_m1-1-1_1509_222.cif,cb3f7a515b192a244ac3dc9748ae18fb88b7d54f483dbf13056a525069139d56,0fdf2df8f1f29d5c6ccbabdf9bb9b399129a37eddb803f73b0a71cb6dd549c3a,0,222,"[""N"", ""C"", ""C"", ""C"", ""C"", ""C"", ""C"", ""C"", ""C"", ""O"", ""C"", ""C"", ""C"", ""C"", ""C"", ""N"", ""C"", ""C"", ""C"", ""C"", ""C"", ""C"", ""C"", ""C"", ""C"", ""C"", ""C"", ""C"", ""C"", ""C"", ""C"", ""C"", ""C"", ""C"", ""C"", ""C"", ""C"", ""C"", ""C"", ""C"", ""O"", ""C"", ""C"", ""C"", ""H"", ""H"", ""H"", ""H"", ""H"", ""H"", ""H"", ""H"", ""H"", ""H"", ""H"", ""H"", ""H"", ""H"", ""H"", ""H"", ""H"", ""H"", ""H"", ""H"", ""H"", ""H"", ""H"", ""H"", ""H"", ""H"", ""H"", ""H"", ""H"", ""H"", ""N"", ""C"", ""C"", ""C"", ""C"", ""C"", ""C"", ""C"", ""C"", ""O"", ""C"", ""C"", ""C"", ""C"", ""C"", ""N"", ""C"", ""C"", ""C"", ""C"", ""C"", ""C"", ""C"", ""C"", ""C"", ""C"", ""C"", ""C"", ""C"", ""C"", ""C"", ""C"", ""C"", ""C"", ""C"", ""C"", ""C"", ""C"", ""C"", ""C"", ""O"", ""C"", ""C"", ""C"", ""H"", ""H"", ""H"", ""H"", ""H"", ""H"", ""H"", ""H"", ""H"", ""H"", ""H"", ""H"", ""H"", ""H"", ""H"", ""H"", ""H"", ""H"", ""H"", ""H"", ""H"", ""H"", ""H"", ""H"", ""H"", ""H"", ""H"", ""H"", ""H"", ""H"", ""N"", ""C"", ""C"", ""C"", ""C"", ""C"", ""C"", ""C"", ""C"", ""O"", ""C"", ""C"", ""C"", ""C"", ""C"", ""N"", ""C"", ""C"", ""C"", ""C"", ""C"", ""C"", ""C"", ""C"", ""C"", ""C"", ""C"", ""C"", ""C"", ""C"", ""C"", ""C"", ""C"", ""C"", ""C"", ""C"", ""C"", ""C"", ""C"", ""C"", ""O"", ""C"", ""C"", ""C"", ""H"", ""H"", ""H"", ""H"", ""H"", ""H"", ""H"", ""H"", ""H"", ""H"", ""H"", ""H"", ""H"", ""H"", ""H"", ""H"", ""H"", ""H"", ""H"", ""H"", ""H"", ""H"", ""H"", ""H"", ""H"", ""H"", ""H"", ""H"", ""H"", ""H""]",C120H90N6O6,"[true, true, true]","[21.42362460556103, 0.0, 0.0, -10.71181230278052, 18.553403149557223, 0.0, -44.099755665677534, 27.062620033703535, 29.355095238478793]",11668.096844422469,[],"{""cutoff=6.000_skin=0.000"": 6132, ""cutoff=6.000_skin=0.500"": 7266}",0.0,,
OPT-RF-U256-ROFA-MIX-R256-v1,c9380bd69d0e1d094657eddf3b59489be4b1936561d28466835006a1e050ca76,OPT-RF-U256-ROFA-MIX-R256-v1:0186,A_corrH_d2_c1-1-1_m1-1-1_2758_222,1ce00b4953900cdbbdd8d41ebfcdca0139cc999c292cc4f74d49298238ef86e2,186,cross_family_test_set,rof-a/structures/A_corrH_d2_c1-1-1_m1-1-1_2758_222.cif,c768b9c9a81c754d8149aaa3aec30d1f384868f3f659bb2db3ec3667a16a827a,1ce00b4953900cdbbdd8d41ebfcdca0139cc999c292cc4f74d49298238ef86e2,0,222,"[""N"", ""C"", ""C"", ""C"", ""C"", ""C"", ""C"", ""C"", ""C"", ""O"", ""C"", ""C"", ""C"", ""C"", ""C"", ""N"", ""C"", ""C"", ""C"", ""C"", ""C"", ""C"", ""C"", ""C"", ""C"", ""C"", ""C"", ""C"", ""C"", ""C"", ""C"", ""C"", ""C"", ""C"", ""C"", ""C"", ""C"", ""C"", ""C"", ""C"", ""O"", ""C"", ""C"", ""C"", ""H"", ""H"", ""H"", ""H"", ""H"", ""H"", ""H"", ""H"", ""H"", ""H"", ""H"", ""H"", ""H"", ""H"", ""H"", ""H"", ""H"", ""H"", ""H"", ""H"", ""H"", ""H"", ""H"", ""H"", ""H"", ""H"", ""H"", ""H"", ""H"", ""H"", ""N"", ""C"", ""C"", ""C"", ""C"", ""C"", ""C"", ""C"", ""C"", ""O"", ""C"", ""C"", ""C"", ""C"", ""C"", ""N"", ""C"", ""C"", ""C"", ""C"", ""C"", ""C"", ""C"", ""C"", ""C"", ""C"", ""C"", ""C"", ""C"", ""C"", ""C"", ""C"", ""C"", ""C"", ""C"", ""C"", ""C"", ""C"", ""C"", ""C"", ""O"", ""C"", ""C"", ""C"", ""H"", ""H"", ""H"", ""H"", ""H"", ""H"", ""H"", ""H"", ""H"", ""H"", ""H"", ""H"", ""H"", ""H"", ""H"", ""H"", ""H"", ""H"", ""H"", ""H"", ""H"", ""H"", ""H"", ""H"", ""H"", ""H"", ""H"", ""H"", ""H"", ""H"", ""N"", ""C"", ""C"", ""C"", ""C"", ""C"", ""C"", ""C"", ""C"", ""O"", ""C"", ""C"", ""C"", ""C"", ""C"", ""N"", ""C"", ""C"", ""C"", ""C"", ""C"", ""C"", ""C"", ""C"", ""C"", ""C"", ""C"", ""C"", ""C"", ""C"", ""C"", ""C"", ""C"", ""C"", ""C"", ""C"", ""C"", ""C"", ""C"", ""C"", ""O"", ""C"", ""C"", ""C"", ""H"", ""H"", ""H"", ""H"", ""H"", ""H"", ""H"", ""H"", ""H"", ""H"", ""H"", ""H"", ""H"", ""H"", ""H"", ""H"", ""H"", ""H"", ""H"", ""H"", ""H"", ""H"", ""H"", ""H"", ""H"", ""H"", ""H"", ""H"", ""H"", ""H""]",C120H90N6O6,"[true, true, true]","[21.42362460556103, 0.0, 0.0, -10.71181230278052, 18.553403149557223, 0.0, -26.66188010140147, 10.584984326090261, 33.74469096394459]",13412.878376095425,[],"{""cutoff=6.000_skin=0.000"": 6148, ""cutoff=6.000_skin=0.500"": 7184}",0.0,,
OPT-RF-U256-ROFA-MIX-R256-v1,c9380bd69d0e1d094657eddf3b59489be4b1936561d28466835006a1e050ca76,OPT-RF-U256-ROFA-MIX-R256-v1:0187,A_corrH_d2_c1-1-1_m1-1-1_1049_222,397f4f6d656e4aabfa292728b8dc81ac2a7475024a5d6d93f4921efdd1790dcf,187,cross_family_test_set,rof-a/structures/A_corrH_d2_c1-1-1_m1-1-1_1049_222.cif,3cf1a34844405876dc8b79b4541be0443cc64690ec735e817a61e7dd7771e29b,397f4f6d656e4aabfa292728b8dc81ac2a7475024a5d6d93f4921efdd1790dcf,0,222,"[""N"", ""C"", ""C"", ""C"", ""C"", ""C"", ""C"", ""C"", ""C"", ""O"", ""C"", ""C"", ""C"", ""C"", ""C"", ""N"", ""C"", ""C"", ""C"", ""C"", ""C"", ""C"", ""C"", ""C"", ""C"", ""C"", ""C"", ""C"", ""C"", ""C"", ""C"", ""C"", ""C"", ""C"", ""C"", ""C"", ""C"", ""C"", ""C"", ""C"", ""O"", ""C"", ""C"", ""C"", ""H"", ""H"", ""H"", ""H"", ""H"", ""H"", ""H"", ""H"", ""H"", ""H"", ""H"", ""H"", ""H"", ""H"", ""H"", ""H"", ""H"", ""H"", ""H"", ""H"", ""H"", ""H"", ""H"", ""H"", ""H"", ""H"", ""H"", ""H"", ""H"", ""H"", ""N"", ""C"", ""C"", ""C"", ""C"", ""C"", ""C"", ""C"", ""C"", ""O"", ""C"", ""C"", ""C"", ""C"", ""C"", ""N"", ""C"", ""C"", ""C"", ""C"", ""C"", ""C"", ""C"", ""C"", ""C"", ""C"", ""C"", ""C"", ""C"", ""C"", ""C"", ""C"", ""C"", ""C"", ""C"", ""C"", ""C"", ""C"", ""C"", ""C"", ""O"", ""C"", ""C"", ""C"", ""H"", ""H"", ""H"", ""H"", ""H"", ""H"", ""H"", ""H"", ""H"", ""H"", ""H"", ""H"", ""H"", ""H"", ""H"", ""H"", ""H"", ""H"", ""H"", ""H"", ""H"", ""H"", ""H"", ""H"", ""H"", ""H"", ""H"", ""H"", ""H"", ""H"", ""N"", ""C"", ""C"", ""C"", ""C"", ""C"", ""C"", ""C"", ""C"", ""O"", ""C"", ""C"", ""C"", ""C"", ""C"", ""N"", ""C"", ""C"", ""C"", ""C"", ""C"", ""C"", ""C"", ""C"", ""C"", ""C"", ""C"", ""C"", ""C"", ""C"", ""C"", ""C"", ""C"", ""C"", ""C"", ""C"", ""C"", ""C"", ""C"", ""C"", ""O"", ""C"", ""C"", ""C"", ""H"", ""H"", ""H"", ""H"", ""H"", ""H"", ""H"", ""H"", ""H"", ""H"", ""H"", ""H"", ""H"", ""H"", ""H"", ""H"", ""H"", ""H"", ""H"", ""H"", ""H"", ""H"", ""H"", ""H"", ""H"", ""H"", ""H"", ""H"", ""H"", ""H""]",C120H90N6O6,"[true, true, true]","[21.42362460556103, 0.0, 0.0, -10.71181230278052, 18.553403149557223, 0.0, -42.72778861706936, 6.282823368100751, 29.032768169769493]",11539.97791233505,[],"{""cutoff=6.000_skin=0.000"": 6160, ""cutoff=6.000_skin=0.500"": 7156}",0.0,,
OPT-RF-U256-ROFA-MIX-R256-v1,c9380bd69d0e1d094657eddf3b59489be4b1936561d28466835006a1e050ca76,OPT-RF-U256-ROFA-MIX-R256-v1:0188,A_corrH_d2_c1-1-1_m1-1-1_5163_222,38e0dd10d48f554bd73aeda460f697e713073fa28e998d5a4a0b2cd1620fe52f,188,cross_family_test_set,rof-a/structures/A_corrH_d2_c1-1-1_m1-1-1_5163_222.cif,405cc718a28a3dcaf8e5c9891e9e859605eef62024041fb48965aa78b24cb18c,38e0dd10d48f554bd73aeda460f697e713073fa28e998d5a4a0b2cd1620fe52f,0,222,"[""N"", ""C"", ""C"", ""C"", ""C"", ""C"", ""C"", ""C"", ""C"", ""O"", ""C"", ""C"", ""C"", ""C"", ""C"", ""N"", ""C"", ""C"", ""C"", ""C"", ""C"", ""C"", ""C"", ""C"", ""C"", ""C"", ""C"", ""C"", ""C"", ""C"", ""C"", ""C"", ""C"", ""C"", ""C"", ""C"", ""C"", ""C"", ""C"", ""C"", ""O"", ""C"", ""C"", ""C"", ""H"", ""H"", ""H"", ""H"", ""H"", ""H"", ""H"", ""H"", ""H"", ""H"", ""H"", ""H"", ""H"", ""H"", ""H"", ""H"", ""H"", ""H"", ""H"", ""H"", ""H"", ""H"", ""H"", ""H"", ""H"", ""H"", ""H"", ""H"", ""H"", ""H"", ""N"", ""C"", ""C"", ""C"", ""C"", ""C"", ""C"", ""C"", ""C"", ""O"", ""C"", ""C"", ""C"", ""C"", ""C"", ""N"", ""C"", ""C"", ""C"", ""C"", ""C"", ""C"", ""C"", ""C"", ""C"", ""C"", ""C"", ""C"", ""C"", ""C"", ""C"", ""C"", ""C"", ""C"", ""C"", ""C"", ""C"", ""C"", ""C"", ""C"", ""O"", ""C"", ""C"", ""C"", ""H"", ""H"", ""H"", ""H"", ""H"", ""H"", ""H"", ""H"", ""H"", ""H"", ""H"", ""H"", ""H"", ""H"", ""H"", ""H"", ""H"", ""H"", ""H"", ""H"", ""H"", ""H"", ""H"", ""H"", ""H"", ""H"", ""H"", ""H"", ""H"", ""H"", ""N"", ""C"", ""C"", ""C"", ""C"", ""C"", ""C"", ""C"", ""C"", ""O"", ""C"", ""C"", ""C"", ""C"", ""C"", ""N"", ""C"", ""C"", ""C"", ""C"", ""C"", ""C"", ""C"", ""C"", ""C"", ""C"", ""C"", ""C"", ""C"", ""C"", ""C"", ""C"", ""C"", ""C"", ""C"", ""C"", ""C"", ""C"", ""C"", ""C"", ""O"", ""C"", ""C"", ""C"", ""H"", ""H"", ""H"", ""H"", ""H"", ""H"", ""H"", ""H"", ""H"", ""H"", ""H"", ""H"", ""H"", ""H"", ""H"", ""H"", ""H"", ""H"", ""H"", ""H"", ""H"", ""H"", ""H"", ""H"", ""H"", ""H"", ""H"", ""H"", ""H"", ""H""]",C120H90N6O6,"[true, true, true]","[21.42362460556103, 0.0, 0.0, -10.71181230278052, 18.553403149557223, 0.0, 18.069078036051643, 21.089489862100322, 37.55137032270097]",14925.96164333727,[],"{""cutoff=6.000_skin=0.000"": 6166, ""cutoff=6.000_skin=0.500"": 7194}",0.0,,
OPT-RF-U256-ROFA-MIX-R256-v1,c9380bd69d0e1d094657eddf3b59489be4b1936561d28466835006a1e050ca76,OPT-RF-U256-ROFA-MIX-R256-v1:0189,A_corrH_d2_c1-1-1_m1-1-1_799_222,40766144f5ef4f25fddeb25dbbed87f3ca04b3e84f1262f7d8d83d8230e3cae1,189,cross_family_test_set,rof-a/structures/A_corrH_d2_c1-1-1_m1-1-1_799_222.cif,ce449721d59be768de90958d6d10bdb1548f035e435f6c10b438ba8e6e14b1f9,40766144f5ef4f25fddeb25dbbed87f3ca04b3e84f1262f7d8d83d8230e3cae1,0,222,"[""N"", ""C"", ""C"", ""C"", ""C"", ""C"", ""C"", ""C"", ""C"", ""O"", ""C"", ""C"", ""C"", ""C"", ""C"", ""N"", ""C"", ""C"", ""C"", ""C"", ""C"", ""C"", ""C"", ""C"", ""C"", ""C"", ""C"", ""C"", ""C"", ""C"", ""C"", ""C"", ""C"", ""C"", ""C"", ""C"", ""C"", ""C"", ""C"", ""C"", ""O"", ""C"", ""C"", ""C"", ""H"", ""H"", ""H"", ""H"", ""H"", ""H"", ""H"", ""H"", ""H"", ""H"", ""H"", ""H"", ""H"", ""H"", ""H"", ""H"", ""H"", ""H"", ""H"", ""H"", ""H"", ""H"", ""H"", ""H"", ""H"", ""H"", ""H"", ""H"", ""H"", ""H"", ""N"", ""C"", ""C"", ""C"", ""C"", ""C"", ""C"", ""C"", ""C"", ""O"", ""C"", ""C"", ""C"", ""C"", ""C"", ""N"", ""C"", ""C"", ""C"", ""C"", ""C"", ""C"", ""C"", ""C"", ""C"", ""C"", ""C"", ""C"", ""C"", ""C"", ""C"", ""C"", ""C"", ""C"", ""C"", ""C"", ""C"", ""C"", ""C"", ""C"", ""O"", ""C"", ""C"", ""C"", ""H"", ""H"", ""H"", ""H"", ""H"", ""H"", ""H"", ""H"", ""H"", ""H"", ""H"", ""H"", ""H"", ""H"", ""H"", ""H"", ""H"", ""H"", ""H"", ""H"", ""H"", ""H"", ""H"", ""H"", ""H"", ""H"", ""H"", ""H"", ""H"", ""H"", ""N"", ""C"", ""C"", ""C"", ""C"", ""C"", ""C"", ""C"", ""C"", ""O"", ""C"", ""C"", ""C"", ""C"", ""C"", ""N"", ""C"", ""C"", ""C"", ""C"", ""C"", ""C"", ""C"", ""C"", ""C"", ""C"", ""C"", ""C"", ""C"", ""C"", ""C"", ""C"", ""C"", ""C"", ""C"", ""C"", ""C"", ""C"", ""C"", ""C"", ""O"", ""C"", ""C"", ""C"", ""H"", ""H"", ""H"", ""H"", ""H"", ""H"", ""H"", ""H"", ""H"", ""H"", ""H"", ""H"", ""H"", ""H"", ""H"", ""H"", ""H"", ""H"", ""H"", ""H"", ""H"", ""H"", ""H"", ""H"", ""H"", ""H"", ""H"", ""H"", ""H"", ""H""]",C120H90N6O6,"[true, true, true]","[21.42362460556103, 0.0, 0.0, 10.711812302780523, 18.553403149557223, 0.0, 0.019111804673127633, -4.406490503542269, 32.601523585319974]",12958.490898391277,[],"{""cutoff=6.000_skin=0.000"": 6274, ""cutoff=6.000_skin=0.500"": 7372}",0.0,,
OPT-RF-U256-ROFA-MIX-R256-v1,c9380bd69d0e1d094657eddf3b59489be4b1936561d28466835006a1e050ca76,OPT-RF-U256-ROFA-MIX-R256-v1:0190,A_corrH_d2_c1-1-1_m1-1-1_7019_222,a4a3acbfe754fcb0e8085c526d0ff5e26cc09112541e708debcc8b370ab8b020,190,cross_family_test_set,rof-a/structures/A_corrH_d2_c1-1-1_m1-1-1_7019_222.cif,bd6b8ec262e3e128cab9ba387ee5fd89bb519a71e922ada2940b10c3d9b4e490,a4a3acbfe754fcb0e8085c526d0ff5e26cc09112541e708debcc8b370ab8b020,0,222,"[""N"", ""C"", ""C"", ""C"", ""C"", ""C"", ""C"", ""C"", ""C"", ""O"", ""C"", ""C"", ""C"", ""C"", ""C"", ""N"", ""C"", ""C"", ""C"", ""C"", ""C"", ""C"", ""C"", ""C"", ""C"", ""C"", ""C"", ""C"", ""C"", ""C"", ""C"", ""C"", ""C"", ""C"", ""C"", ""C"", ""C"", ""C"", ""C"", ""C"", ""O"", ""C"", ""C"", ""C"", ""H"", ""H"", ""H"", ""H"", ""H"", ""H"", ""H"", ""H"", ""H"", ""H"", ""H"", ""H"", ""H"", ""H"", ""H"", ""H"", ""H"", ""H"", ""H"", ""H"", ""H"", ""H"", ""H"", ""H"", ""H"", ""H"", ""H"", ""H"", ""H"", ""H"", ""N"", ""C"", ""C"", ""C"", ""C"", ""C"", ""C"", ""C"", ""C"", ""O"", ""C"", ""C"", ""C"", ""C"", ""C"", ""N"", ""C"", ""C"", ""C"", ""C"", ""C"", ""C"", ""C"", ""C"", ""C"", ""C"", ""C"", ""C"", ""C"", ""C"", ""C"", ""C"", ""C"", ""C"", ""C"", ""C"", ""C"", ""C"", ""C"", ""C"", ""O"", ""C"", ""C"", ""C"", ""H"", ""H"", ""H"", ""H"", ""H"", ""H"", ""H"", ""H"", ""H"", ""H"", ""H"", ""H"", ""H"", ""H"", ""H"", ""H"", ""H"", ""H"", ""H"", ""H"", ""H"", ""H"", ""H"", ""H"", ""H"", ""H"", ""H"", ""H"", ""H"", ""H"", ""N"", ""C"", ""C"", ""C"", ""C"", ""C"", ""C"", ""C"", ""C"", ""O"", ""C"", ""C"", ""C"", ""C"", ""C"", ""N"", ""C"", ""C"", ""C"", ""C"", ""C"", ""C"", ""C"", ""C"", ""C"", ""C"", ""C"", ""C"", ""C"", ""C"", ""C"", ""C"", ""C"", ""C"", ""C"", ""C"", ""C"", ""C"", ""C"", ""C"", ""O"", ""C"", ""C"", ""C"", ""H"", ""H"", ""H"", ""H"", ""H"", ""H"", ""H"", ""H"", ""H"", ""H"", ""H"", ""H"", ""H"", ""H"", ""H"", ""H"", ""H"", ""H"", ""H"", ""H"", ""H"", ""H"", ""H"", ""H"", ""H"", ""H"", ""H"", ""H"", ""H"", ""H""]",C120H90N6O6,"[true, true, true]","[21.42362460556103, 0.0, 0.0, 10.711812302780523, 18.553403149557223, 0.0, -11.36340977387617, -10.64943374671856, 22.98946694898291]",9137.879628159671,[],"{""cutoff=6.000_skin=0.000"": 6334, ""cutoff=6.000_skin=0.500"": 7584}",0.0,,
OPT-RF-U256-ROFA-MIX-R256-v1,c9380bd69d0e1d094657eddf3b59489be4b1936561d28466835006a1e050ca76,OPT-RF-U256-ROFA-MIX-R256-v1:0191,A_corrH_d2_c1-1-1_m1-1-1_4652_222,5c2830b8e820ffeebb5fff5ae6b61cccccccacd24688f353f2f13af419b32ca7,191,cross_family_test_set,rof-a/structures/A_corrH_d2_c1-1-1_m1-1-1_4652_222.cif,4570e3e66ebd349eb0c584d948db8d0b8aafb04b84644214849a2f50ae09f648,5c2830b8e820ffeebb5fff5ae6b61cccccccacd24688f353f2f13af419b32ca7,0,222,"[""N"", ""C"", ""C"", ""C"", ""C"", ""C"", ""C"", ""C"", ""C"", ""O"", ""C"", ""C"", ""C"", ""C"", ""C"", ""N"", ""C"", ""C"", ""C"", ""C"", ""C"", ""C"", ""C"", ""C"", ""C"", ""C"", ""C"", ""C"", ""C"", ""C"", ""C"", ""C"", ""C"", ""C"", ""C"", ""C"", ""C"", ""C"", ""C"", ""C"", ""O"", ""C"", ""C"", ""C"", ""H"", ""H"", ""H"", ""H"", ""H"", ""H"", ""H"", ""H"", ""H"", ""H"", ""H"", ""H"", ""H"", ""H"", ""H"", ""H"", ""H"", ""H"", ""H"", ""H"", ""H"", ""H"", ""H"", ""H"", ""H"", ""H"", ""H"", ""H"", ""H"", ""H"", ""N"", ""C"", ""C"", ""C"", ""C"", ""C"", ""C"", ""C"", ""C"", ""O"", ""C"", ""C"", ""C"", ""C"", ""C"", ""N"", ""C"", ""C"", ""C"", ""C"", ""C"", ""C"", ""C"", ""C"", ""C"", ""C"", ""C"", ""C"", ""C"", ""C"", ""C"", ""C"", ""C"", ""C"", ""C"", ""C"", ""C"", ""C"", ""C"", ""C"", ""O"", ""C"", ""C"", ""C"", ""H"", ""H"", ""H"", ""H"", ""H"", ""H"", ""H"", ""H"", ""H"", ""H"", ""H"", ""H"", ""H"", ""H"", ""H"", ""H"", ""H"", ""H"", ""H"", ""H"", ""H"", ""H"", ""H"", ""H"", ""H"", ""H"", ""H"", ""H"", ""H"", ""H"", ""N"", ""C"", ""C"", ""C"", ""C"", ""C"", ""C"", ""C"", ""C"", ""O"", ""C"", ""C"", ""C"", ""C"", ""C"", ""N"", ""C"", ""C"", ""C"", ""C"", ""C"", ""C"", ""C"", ""C"", ""C"", ""C"", ""C"", ""C"", ""C"", ""C"", ""C"", ""C"", ""C"", ""C"", ""C"", ""C"", ""C"", ""C"", ""C"", ""C"", ""O"", ""C"", ""C"", ""C"", ""H"", ""H"", ""H"", ""H"", ""H"", ""H"", ""H"", ""H"", ""H"", ""H"", ""H"", ""H"", ""H"", ""H"", ""H"", ""H"", ""H"", ""H"", ""H"", ""H"", ""H"", ""H"", ""H"", ""H"", ""H"", ""H"", ""H"", ""H"", ""H"", ""H""]",C120H90N6O6,"[true, true, true]","[21.42362460556103, 0.0, 0.0, -10.71181230278052, 18.553403149557223, 0.0, -22.78700450254138, -25.698193999652812, 26.157996382281357]",10397.31033283911,[],"{""cutoff=6.000_skin=0.000"": 6364, ""cutoff=6.000_skin=0.500"": 7480}",0.0,,
OPT-RF-U256-ROFA-MIX-R256-v1,c9380bd69d0e1d094657eddf3b59489be4b1936561d28466835006a1e050ca76,OPT-RF-U256-ROFA-MIX-R256-v1:0192,A_corrH_c4_m1111_478_296,df8f9c834d35f9093a3c023b1afe371596cf7ecbb461fe484bcdc18b1e6ccdd8,192,cross_family_test_set,rof-a/structures/A_corrH_c4_m1111_478_296.cif,f2feb8d69d9e9c2b0883c69160dbde53edfbeb639edf455018fcdbf5127db623,df8f9c834d35f9093a3c023b1afe371596cf7ecbb461fe484bcdc18b1e6ccdd8,0,296,"[""N"", ""C"", ""C"", ""C"", ""C"", ""C"", ""C"", ""C"", ""C"", ""O"", ""C"", ""C"", ""C"", ""C"", ""C"", ""N"", ""C"", ""C"", ""C"", ""C"", ""C"", ""C"", ""C"", ""C"", ""C"", ""C"", ""C"", ""C"", ""C"", ""C"", ""C"", ""C"", ""C"", ""C"", ""C"", ""C"", ""C"", ""C"", ""C"", ""C"", ""O"", ""C"", ""C"", ""C"", ""H"", ""H"", ""H"", ""H"", ""H"", ""H"", ""H"", ""H"", ""H"", ""H"", ""H"", ""H"", ""H"", ""H"", ""H"", ""H"", ""H"", ""H"", ""H"", ""H"", ""H"", ""H"", ""H"", ""H"", ""H"", ""H"", ""H"", ""H"", ""H"", ""H"", ""N"", ""C"", ""C"", ""C"", ""C"", ""C"", ""C"", ""C"", ""C"", ""O"", ""C"", ""C"", ""C"", ""C"", ""C"", ""N"", ""C"", ""C"", ""C"", ""C"", ""C"", ""C"", ""C"", ""C"", ""C"", ""C"", ""C"", ""C"", ""C"", ""C"", ""C"", ""C"", ""C"", ""C"", ""C"", ""C"", ""C"", ""C"", ""C"", ""C"", ""O"", ""C"", ""C"", ""C"", ""H"", ""H"", ""H"", ""H"", ""H"", ""H"", ""H"", ""H"", ""H"", ""H"", ""H"", ""H"", ""H"", ""H"", ""H"", ""H"", ""H"", ""H"", ""H"", ""H"", ""H"", ""H"", ""H"", ""H"", ""H"", ""H"", ""H"", ""H"", ""H"", ""H"", ""N"", ""C"", ""C"", ""C"", ""C"", ""C"", ""C"", ""C"", ""C"", ""O"", ""C"", ""C"", ""C"", ""C"", ""C"", ""N"", ""C"", ""C"", ""C"", ""C"", ""C"", ""C"", ""C"", ""C"", ""C"", ""C"", ""C"", ""C"", ""C"", ""C"", ""C"", ""C"", ""C"", ""C"", ""C"", ""C"", ""C"", ""C"", ""C"", ""C"", ""O"", ""C"", ""C"", ""C"", ""H"", ""H"", ""H"", ""H"", ""H"", ""H"", ""H"", ""H"", ""H"", ""H"", ""H"", ""H"", ""H"", ""H"", ""H"", ""H"", ""H"", ""H"", ""H"", ""H"", ""H"", ""H"", ""H"", ""H"", ""H"", ""H"", ""H"", ""H"", ""H"", ""H"", ""N"", ""C"", ""C"", ""C"", ""C"", ""C"", ""C"", ""C"", ""C"", ""O"", ""C"", ""C"", ""C"", ""C"", ""C"", ""N"", ""C"", ""C"", ""C"", ""C"", ""C"", ""C"", ""C"", ""C"", ""C"", ""C"", ""C"", ""C"", ""C"", ""C"", ""C"", ""C"", ""C"", ""C"", ""C"", ""C"", ""C"", ""C"", ""C"", ""C"", ""O"", ""C"", ""C"", ""C"", ""H"", ""H"", ""H"", ""H"", ""H"", ""H"", ""H"", ""H"", ""H"", ""H"", ""H"", ""H"", ""H"", ""H"", ""H"", ""H"", ""H"", ""H"", ""H"", ""H"", ""H"", ""H"", ""H"", ""H"", ""H"", ""H"", ""H"", ""H"", ""H"", ""H""]",C160H120N8O8,"[true, true, true]","[21.42362460556103, 0.0, 0.0, 10.610890527814856, 25.208311439874837, 0.0, 7.2324903525827935, -1.8622105142416372, 42.67217545731877]",23045.25349352078,[],"{""cutoff=6.000_skin=0.000"": 7588, ""cutoff=6.000_skin=0.500"": 8676}",0.0,,
OPT-RF-U256-ROFA-MIX-R256-v1,c9380bd69d0e1d094657eddf3b59489be4b1936561d28466835006a1e050ca76,OPT-RF-U256-ROFA-MIX-R256-v1:0193,A_corrH_c4_m1111_3966_296,d2cde53276b11288c2361df6c47a555d8be82640e9f1a5363e8bb8507c889840,193,cross_family_test_set,rof-a/structures/A_corrH_c4_m1111_3966_296.cif,e9b87e548efa1d28ca8713ef76d62a4b3fb0b6efb7b48106d5c3727a5abb31ad,d2cde53276b11288c2361df6c47a555d8be82640e9f1a5363e8bb8507c889840,0,296,"[""N"", ""C"", ""C"", ""C"", ""C"", ""C"", ""C"", ""C"", ""C"", ""O"", ""C"", ""C"", ""C"", ""C"", ""C"", ""N"", ""C"", ""C"", ""C"", ""C"", ""C"", ""C"", ""C"", ""C"", ""C"", ""C"", ""C"", ""C"", ""C"", ""C"", ""C"", ""C"", ""C"", ""C"", ""C"", ""C"", ""C"", ""C"", ""C"", ""C"", ""O"", ""C"", ""C"", ""C"", ""H"", ""H"", ""H"", ""H"", ""H"", ""H"", ""H"", ""H"", ""H"", ""H"", ""H"", ""H"", ""H"", ""H"", ""H"", ""H"", ""H"", ""H"", ""H"", ""H"", ""H"", ""H"", ""H"", ""H"", ""H"", ""H"", ""H"", ""H"", ""H"", ""H"", ""N"", ""C"", ""C"", ""C"", ""C"", ""C"", ""C"", ""C"", ""C"", ""O"", ""C"", ""C"", ""C"", ""C"", ""C"", ""N"", ""C"", ""C"", ""C"", ""C"", ""C"", ""C"", ""C"", ""C"", ""C"", ""C"", ""C"", ""C"", ""C"", ""C"", ""C"", ""C"", ""C"", ""C"", ""C"", ""C"", ""C"", ""C"", ""C"", ""C"", ""O"", ""C"", ""C"", ""C"", ""H"", ""H"", ""H"", ""H"", ""H"", ""H"", ""H"", ""H"", ""H"", ""H"", ""H"", ""H"", ""H"", ""H"", ""H"", ""H"", ""H"", ""H"", ""H"", ""H"", ""H"", ""H"", ""H"", ""H"", ""H"", ""H"", ""H"", ""H"", ""H"", ""H"", ""N"", ""C"", ""C"", ""C"", ""C"", ""C"", ""C"", ""C"", ""C"", ""O"", ""C"", ""C"", ""C"", ""C"", ""C"", ""N"", ""C"", ""C"", ""C"", ""C"", ""C"", ""C"", ""C"", ""C"", ""C"", ""C"", ""C"", ""C"", ""C"", ""C"", ""C"", ""C"", ""C"", ""C"", ""C"", ""C"", ""C"", ""C"", ""C"", ""C"", ""O"", ""C"", ""C"", ""C"", ""H"", ""H"", ""H"", ""H"", ""H"", ""H"", ""H"", ""H"", ""H"", ""H"", ""H"", ""H"", ""H"", ""H"", ""H"", ""H"", ""H"", ""H"", ""H"", ""H"", ""H"", ""H"", ""H"", ""H"", ""H"", ""H"", ""H"", ""H"", ""H"", ""H"", ""N"", ""C"", ""C"", ""C"", ""C"", ""C"", ""C"", ""C"", ""C"", ""O"", ""C"", ""C"", ""C"", ""C"", ""C"", ""N"", ""C"", ""C"", ""C"", ""C"", ""C"", ""C"", ""C"", ""C"", ""C"", ""C"", ""C"", ""C"", ""C"", ""C"", ""C"", ""C"", ""C"", ""C"", ""C"", ""C"", ""C"", ""C"", ""C"", ""C"", ""O"", ""C"", ""C"", ""C"", ""H"", ""H"", ""H"", ""H"", ""H"", ""H"", ""H"", ""H"", ""H"", ""H"", ""H"", ""H"", ""H"", ""H"", ""H"", ""H"", ""H"", ""H"", ""H"", ""H"", ""H"", ""H"", ""H"", ""H"", ""H"", ""H"", ""H"", ""H"", ""H"", ""H""]",C160H120N8O8,"[true, true, true]","[21.42362460556103, 0.0, 0.0, 1.8066854959847347, 40.522198076212575, 0.0, 8.448250867673842, 13.868865215952571, 54.1759497997098]",47031.89514278045,[],"{""cutoff=6.000_skin=0.000"": 7592, ""cutoff=6.000_skin=0.500"": 8670}",0.0,,
OPT-RF-U256-ROFA-MIX-R256-v1,c9380bd69d0e1d094657eddf3b59489be4b1936561d28466835006a1e050ca76,OPT-RF-U256-ROFA-MIX-R256-v1:0194,A_corrH_c4_m1111_2893_296,0069bf8c8093bb3a51e2dd779440935954568e67ea68bd3523e6b64e10cee672,194,cross_family_test_set,rof-a/structures/A_corrH_c4_m1111_2893_296.cif,372d71f0b2f7c48e711da397b1eee4f8de6e1a8ba1a4215d358b1d474cb3493a,0069bf8c8093bb3a51e2dd779440935954568e67ea68bd3523e6b64e10cee672,0,296,"[""N"", ""C"", ""C"", ""C"", ""C"", ""C"", ""C"", ""C"", ""C"", ""O"", ""C"", ""C"", ""C"", ""C"", ""C"", ""N"", ""C"", ""C"", ""C"", ""C"", ""C"", ""C"", ""C"", ""C"", ""C"", ""C"", ""C"", ""C"", ""C"", ""C"", ""C"", ""C"", ""C"", ""C"", ""C"", ""C"", ""C"", ""C"", ""C"", ""C"", ""O"", ""C"", ""C"", ""C"", ""H"", ""H"", ""H"", ""H"", ""H"", ""H"", ""H"", ""H"", ""H"", ""H"", ""H"", ""H"", ""H"", ""H"", ""H"", ""H"", ""H"", ""H"", ""H"", ""H"", ""H"", ""H"", ""H"", ""H"", ""H"", ""H"", ""H"", ""H"", ""H"", ""H"", ""N"", ""C"", ""C"", ""C"", ""C"", ""C"", ""C"", ""C"", ""C"", ""O"", ""C"", ""C"", ""C"", ""C"", ""C"", ""N"", ""C"", ""C"", ""C"", ""C"", ""C"", ""C"", ""C"", ""C"", ""C"", ""C"", ""C"", ""C"", ""C"", ""C"", ""C"", ""C"", ""C"", ""C"", ""C"", ""C"", ""C"", ""C"", ""C"", ""C"", ""O"", ""C"", ""C"", ""C"", ""H"", ""H"", ""H"", ""H"", ""H"", ""H"", ""H"", ""H"", ""H"", ""H"", ""H"", ""H"", ""H"", ""H"", ""H"", ""H"", ""H"", ""H"", ""H"", ""H"", ""H"", ""H"", ""H"", ""H"", ""H"", ""H"", ""H"", ""H"", ""H"", ""H"", ""N"", ""C"", ""C"", ""C"", ""C"", ""C"", ""C"", ""C"", ""C"", ""O"", ""C"", ""C"", ""C"", ""C"", ""C"", ""N"", ""C"", ""C"", ""C"", ""C"", ""C"", ""C"", ""C"", ""C"", ""C"", ""C"", ""C"", ""C"", ""C"", ""C"", ""C"", ""C"", ""C"", ""C"", ""C"", ""C"", ""C"", ""C"", ""C"", ""C"", ""O"", ""C"", ""C"", ""C"", ""H"", ""H"", ""H"", ""H"", ""H"", ""H"", ""H"", ""H"", ""H"", ""H"", ""H"", ""H"", ""H"", ""H"", ""H"", ""H"", ""H"", ""H"", ""H"", ""H"", ""H"", ""H"", ""H"", ""H"", ""H"", ""H"", ""H"", ""H"", ""H"", ""H"", ""N"", ""C"", ""C"", ""C"", ""C"", ""C"", ""C"", ""C"", ""C"", ""O"", ""C"", ""C"", ""C"", ""C"", ""C"", ""N"", ""C"", ""C"", ""C"", ""C"", ""C"", ""C"", ""C"", ""C"", ""C"", ""C"", ""C"", ""C"", ""C"", ""C"", ""C"", ""C"", ""C"", ""C"", ""C"", ""C"", ""C"", ""C"", ""C"", ""C"", ""O"", ""C"", ""C"", ""C"", ""H"", ""H"", ""H"", ""H"", ""H"", ""H"", ""H"", ""H"", ""H"", ""H"", ""H"", ""H"", ""H"", ""H"", ""H"", ""H"", ""H"", ""H"", ""H"", ""H"", ""H"", ""H"", ""H"", ""H"", ""H"", ""H"", ""H"", ""H"", ""H"", ""H""]",C160H120N8O8,"[true, true, true]","[21.42362460556103, 0.0, 0.0, -0.20633195027074924, 37.613285800750646, 0.0, -5.978936556388218, -0.43024411921213995, 74.17523239966958]",59771.36025390625,[],"{""cutoff=6.000_skin=0.000"": 7594, ""cutoff=6.000_skin=0.500"": 8680}",0.0,,
OPT-RF-U256-ROFA-MIX-R256-v1,c9380bd69d0e1d094657eddf3b59489be4b1936561d28466835006a1e050ca76,OPT-RF-U256-ROFA-MIX-R256-v1:0195,A_corrH_c4_m1111_6935_296,f2ee75ccd8facf4ce332d7cca564c4cc3035f474cede1646c49bedce16bee2a8,195,cross_family_test_set,rof-a/structures/A_corrH_c4_m1111_6935_296.cif,d7733d33575ab0b1ff07cbaa6b2ad536d0e812b496f34284d020853af0555151,f2ee75ccd8facf4ce332d7cca564c4cc3035f474cede1646c49bedce16bee2a8,0,296,"[""N"", ""C"", ""C"", ""C"", ""C"", ""C"", ""C"", ""C"", ""C"", ""O"", ""C"", ""C"", ""C"", ""C"", ""C"", ""N"", ""C"", ""C"", ""C"", ""C"", ""C"", ""C"", ""C"", ""C"", ""C"", ""C"", ""C"", ""C"", ""C"", ""C"", ""C"", ""C"", ""C"", ""C"", ""C"", ""C"", ""C"", ""C"", ""C"", ""C"", ""O"", ""C"", ""C"", ""C"", ""H"", ""H"", ""H"", ""H"", ""H"", ""H"", ""H"", ""H"", ""H"", ""H"", ""H"", ""H"", ""H"", ""H"", ""H"", ""H"", ""H"", ""H"", ""H"", ""H"", ""H"", ""H"", ""H"", ""H"", ""H"", ""H"", ""H"", ""H"", ""H"", ""H"", ""N"", ""C"", ""C"", ""C"", ""C"", ""C"", ""C"", ""C"", ""C"", ""O"", ""C"", ""C"", ""C"", ""C"", ""C"", ""N"", ""C"", ""C"", ""C"", ""C"", ""C"", ""C"", ""C"", ""C"", ""C"", ""C"", ""C"", ""C"", ""C"", ""C"", ""C"", ""C"", ""C"", ""C"", ""C"", ""C"", ""C"", ""C"", ""C"", ""C"", ""O"", ""C"", ""C"", ""C"", ""H"", ""H"", ""H"", ""H"", ""H"", ""H"", ""H"", ""H"", ""H"", ""H"", ""H"", ""H"", ""H"", ""H"", ""H"", ""H"", ""H"", ""H"", ""H"", ""H"", ""H"", ""H"", ""H"", ""H"", ""H"", ""H"", ""H"", ""H"", ""H"", ""H"", ""N"", ""C"", ""C"", ""C"", ""C"", ""C"", ""C"", ""C"", ""C"", ""O"", ""C"", ""C"", ""C"", ""C"", ""C"", ""N"", ""C"", ""C"", ""C"", ""C"", ""C"", ""C"", ""C"", ""C"", ""C"", ""C"", ""C"", ""C"", ""C"", ""C"", ""C"", ""C"", ""C"", ""C"", ""C"", ""C"", ""C"", ""C"", ""C"", ""C"", ""O"", ""C"", ""C"", ""C"", ""H"", ""H"", ""H"", ""H"", ""H"", ""H"", ""H"", ""H"", ""H"", ""H"", ""H"", ""H"", ""H"", ""H"", ""H"", ""H"", ""H"", ""H"", ""H"", ""H"", ""H"", ""H"", ""H"", ""H"", ""H"", ""H"", ""H"", ""H"", ""H"", ""H"", ""N"", ""C"", ""C"", ""C"", ""C"", ""C"", ""C"", ""C"", ""C"", ""O"", ""C"", ""C"", ""C"", ""C"", ""C"", ""N"", ""C"", ""C"", ""C"", ""C"", ""C"", ""C"", ""C"", ""C"", ""C"", ""C"", ""C"", ""C"", ""C"", ""C"", ""C"", ""C"", ""C"", ""C"", ""C"", ""C"", ""C"", ""C"", ""C"", ""C"", ""O"", ""C"", ""C"", ""C"", ""H"", ""H"", ""H"", ""H"", ""H"", ""H"", ""H"", ""H"", ""H"", ""H"", ""H"", ""H"", ""H"", ""H"", ""H"", ""H"", ""H"", ""H"", ""H"", ""H"", ""H"", ""H"", ""H"", ""H"", ""H"", ""H"", ""H"", ""H"", ""H"", ""H""]",C160H120N8O8,"[true, true, true]","[21.42362460556103, 0.0, 0.0, -7.646307387989666, 27.96432536555196, 0.0, -6.5975749473745395, -6.347402199516917, 41.15737550346673]",24657.2687930421,[],"{""cutoff=6.000_skin=0.000"": 7596, ""cutoff=6.000_skin=0.500"": 8688}",0.0,,
OPT-RF-U256-ROFA-MIX-R256-v1,c9380bd69d0e1d094657eddf3b59489be4b1936561d28466835006a1e050ca76,OPT-RF-U256-ROFA-MIX-R256-v1:0196,A_corrH_c2-2_m11-11_1692_296,bffd6712b46e898b3e44ca96961e720753bee40a1b84c70fc902177f437022b6,196,cross_family_test_set,rof-a/structures/A_corrH_c2-2_m11-11_1692_296.cif,7c094bf721ab657a46f6f9281ec777ef40ea87528edcebb3282e509b81e3dce1,bffd6712b46e898b3e44ca96961e720753bee40a1b84c70fc902177f437022b6,0,296,"[""N"", ""C"", ""C"", ""C"", ""C"", ""C"", ""C"", ""C"", ""C"", ""O"", ""C"", ""C"", ""C"", ""C"", ""C"", ""N"", ""C"", ""C"", ""C"", ""C"", ""C"", ""C"", ""C"", ""C"", ""C"", ""C"", ""C"", ""C"", ""C"", ""C"", ""C"", ""C"", ""C"", ""C"", ""C"", ""C"", ""C"", ""C"", ""C"", ""C"", ""O"", ""C"", ""C"", ""C"", ""H"", ""H"", ""H"", ""H"", ""H"", ""H"", ""H"", ""H"", ""H"", ""H"", ""H"", ""H"", ""H"", ""H"", ""H"", ""H"", ""H"", ""H"", ""H"", ""H"", ""H"", ""H"", ""H"", ""H"", ""H"", ""H"", ""H"", ""H"", ""H"", ""H"", ""N"", ""C"", ""C"", ""C"", ""C"", ""C"", ""C"", ""C"", ""C"", ""O"", ""C"", ""C"", ""C"", ""C"", ""C"", ""N"", ""C"", ""C"", ""C"", ""C"", ""C"", ""C"", ""C"", ""C"", ""C"", ""C"", ""C"", ""C"", ""C"", ""C"", ""C"", ""C"", ""C"", ""C"", ""C"", ""C"", ""C"", ""C"", ""C"", ""C"", ""O"", ""C"", ""C"", ""C"", ""H"", ""H"", ""H"", ""H"", ""H"", ""H"", ""H"", ""H"", ""H"", ""H"", ""H"", ""H"", ""H"", ""H"", ""H"", ""H"", ""H"", ""H"", ""H"", ""H"", ""H"", ""H"", ""H"", ""H"", ""H"", ""H"", ""H"", ""H"", ""H"", ""H"", ""N"", ""C"", ""C"", ""C"", ""C"", ""C"", ""C"", ""C"", ""C"", ""O"", ""C"", ""C"", ""C"", ""C"", ""C"", ""N"", ""C"", ""C"", ""C"", ""C"", ""C"", ""C"", ""C"", ""C"", ""C"", ""C"", ""C"", ""C"", ""C"", ""C"", ""C"", ""C"", ""C"", ""C"", ""C"", ""C"", ""C"", ""C"", ""C"", ""C"", ""O"", ""C"", ""C"", ""C"", ""H"", ""H"", ""H"", ""H"", ""H"", ""H"", ""H"", ""H"", ""H"", ""H"", ""H"", ""H"", ""H"", ""H"", ""H"", ""H"", ""H"", ""H"", ""H"", ""H"", ""H"", ""H"", ""H"", ""H"", ""H"", ""H"", ""H"", ""H"", ""H"", ""H"", ""N"", ""C"", ""C"", ""C"", ""C"", ""C"", ""C"", ""C"", ""C"", ""O"", ""C"", ""C"", ""C"", ""C"", ""C"", ""N"", ""C"", ""C"", ""C"", ""C"", ""C"", ""C"", ""C"", ""C"", ""C"", ""C"", ""C"", ""C"", ""C"", ""C"", ""C"", ""C"", ""C"", ""C"", ""C"", ""C"", ""C"", ""C"", ""C"", ""C"", ""O"", ""C"", ""C"", ""C"", ""H"", ""H"", ""H"", ""H"", ""H"", ""H"", ""H"", ""H"", ""H"", ""H"", ""H"", ""H"", ""H"", ""H"", ""H"", ""H"", ""H"", ""H"", ""H"", ""H"", ""H"", ""H"", ""H"", ""H"", ""H"", ""H"", ""H"", ""H"", ""H"", ""H""]",C160H120N8O8,"[true, true, true]","[21.42362460556103, 0.0, 0.0, -2.884841832190963, 21.228503923810578, 0.0, -10.523577512074166, -5.517621544496212, 62.28869990648986]",28328.3712013207,[],"{""cutoff=6.000_skin=0.000"": 7608, ""cutoff=6.000_skin=0.500"": 8702}",0.0,,
OPT-RF-U256-ROFA-MIX-R256-v1,c9380bd69d0e1d094657eddf3b59489be4b1936561d28466835006a1e050ca76,OPT-RF-U256-ROFA-MIX-R256-v1:0197,A_corrH_c4_m1111_329_296,a87b1138a4558daf4cc515b47238e35290dc2947e9d88ca46d8e6dfc2568998c,197,cross_family_test_set,rof-a/structures/A_corrH_c4_m1111_329_296.cif,783873af559df4a9b62c42a7b89b918df1f027afd4403e3b0be534f000f24a3f,a87b1138a4558daf4cc515b47238e35290dc2947e9d88ca46d8e6dfc2568998c,0,296,"[""N"", ""C"", ""C"", ""C"", ""C"", ""C"", ""C"", ""C"", ""C"", ""O"", ""C"", ""C"", ""C"", ""C"", ""C"", ""N"", ""C"", ""C"", ""C"", ""C"", ""C"", ""C"", ""C"", ""C"", ""C"", ""C"", ""C"", ""C"", ""C"", ""C"", ""C"", ""C"", ""C"", ""C"", ""C"", ""C"", ""C"", ""C"", ""C"", ""C"", ""O"", ""C"", ""C"", ""C"", ""H"", ""H"", ""H"", ""H"", ""H"", ""H"", ""H"", ""H"", ""H"", ""H"", ""H"", ""H"", ""H"", ""H"", ""H"", ""H"", ""H"", ""H"", ""H"", ""H"", ""H"", ""H"", ""H"", ""H"", ""H"", ""H"", ""H"", ""H"", ""H"", ""H"", ""N"", ""C"", ""C"", ""C"", ""C"", ""C"", ""C"", ""C"", ""C"", ""O"", ""C"", ""C"", ""C"", ""C"", ""C"", ""N"", ""C"", ""C"", ""C"", ""C"", ""C"", ""C"", ""C"", ""C"", ""C"", ""C"", ""C"", ""C"", ""C"", ""C"", ""C"", ""C"", ""C"", ""C"", ""C"", ""C"", ""C"", ""C"", ""C"", ""C"", ""O"", ""C"", ""C"", ""C"", ""H"", ""H"", ""H"", ""H"", ""H"", ""H"", ""H"", ""H"", ""H"", ""H"", ""H"", ""H"", ""H"", ""H"", ""H"", ""H"", ""H"", ""H"", ""H"", ""H"", ""H"", ""H"", ""H"", ""H"", ""H"", ""H"", ""H"", ""H"", ""H"", ""H"", ""N"", ""C"", ""C"", ""C"", ""C"", ""C"", ""C"", ""C"", ""C"", ""O"", ""C"", ""C"", ""C"", ""C"", ""C"", ""N"", ""C"", ""C"", ""C"", ""C"", ""C"", ""C"", ""C"", ""C"", ""C"", ""C"", ""C"", ""C"", ""C"", ""C"", ""C"", ""C"", ""C"", ""C"", ""C"", ""C"", ""C"", ""C"", ""C"", ""C"", ""O"", ""C"", ""C"", ""C"", ""H"", ""H"", ""H"", ""H"", ""H"", ""H"", ""H"", ""H"", ""H"", ""H"", ""H"", ""H"", ""H"", ""H"", ""H"", ""H"", ""H"", ""H"", ""H"", ""H"", ""H"", ""H"", ""H"", ""H"", ""H"", ""H"", ""H"", ""H"", ""H"", ""H"", ""N"", ""C"", ""C"", ""C"", ""C"", ""C"", ""C"", ""C"", ""C"", ""O"", ""C"", ""C"", ""C"", ""C"", ""C"", ""N"", ""C"", ""C"", ""C"", ""C"", ""C"", ""C"", ""C"", ""C"", ""C"", ""C"", ""C"", ""C"", ""C"", ""C"", ""C"", ""C"", ""C"", ""C"", ""C"", ""C"", ""C"", ""C"", ""C"", ""C"", ""O"", ""C"", ""C"", ""C"", ""H"", ""H"", ""H"", ""H"", ""H"", ""H"", ""H"", ""H"", ""H"", ""H"", ""H"", ""H"", ""H"", ""H"", ""H"", ""H"", ""H"", ""H"", ""H"", ""H"", ""H"", ""H"", ""H"", ""H"", ""H"", ""H"", ""H"", ""H"", ""H"", ""H""]",C160H120N8O8,"[true, true, true]","[21.42362460556103, 0.0, 0.0, -9.257671485964567, 40.49175374551022, 0.0, -2.8985766511455027, -14.246254822845904, 45.196903379587724]",39207.41570359776,[],"{""cutoff=6.000_skin=0.000"": 7612, ""cutoff=6.000_skin=0.500"": 8710}",0.0,,
OPT-RF-U256-ROFA-MIX-R256-v1,c9380bd69d0e1d094657eddf3b59489be4b1936561d28466835006a1e050ca76,OPT-RF-U256-ROFA-MIX-R256-v1:0198,A_corrH_c2-2_m11-11_8423_296,fdaf9ff34239652d810d27449f4eddf14bf25ec4078af34009fd90f52793c652,198,cross_family_test_set,rof-a/structures/A_corrH_c2-2_m11-11_8423_296.cif,2ea0d8d0747e0c4223eb6a3e5ee3b92ef4eb5d5f79453eda135669af660234e6,fdaf9ff34239652d810d27449f4eddf14bf25ec4078af34009fd90f52793c652,0,296,"[""N"", ""C"", ""C"", ""C"", ""C"", ""C"", ""C"", ""C"", ""C"", ""O"", ""C"", ""C"", ""C"", ""C"", ""C"", ""N"", ""C"", ""C"", ""C"", ""C"", ""C"", ""C"", ""C"", ""C"", ""C"", ""C"", ""C"", ""C"", ""C"", ""C"", ""C"", ""C"", ""C"", ""C"", ""C"", ""C"", ""C"", ""C"", ""C"", ""C"", ""O"", ""C"", ""C"", ""C"", ""H"", ""H"", ""H"", ""H"", ""H"", ""H"", ""H"", ""H"", ""H"", ""H"", ""H"", ""H"", ""H"", ""H"", ""H"", ""H"", ""H"", ""H"", ""H"", ""H"", ""H"", ""H"", ""H"", ""H"", ""H"", ""H"", ""H"", ""H"", ""H"", ""H"", ""N"", ""C"", ""C"", ""C"", ""C"", ""C"", ""C"", ""C"", ""C"", ""O"", ""C"", ""C"", ""C"", ""C"", ""C"", ""N"", ""C"", ""C"", ""C"", ""C"", ""C"", ""C"", ""C"", ""C"", ""C"", ""C"", ""C"", ""C"", ""C"", ""C"", ""C"", ""C"", ""C"", ""C"", ""C"", ""C"", ""C"", ""C"", ""C"", ""C"", ""O"", ""C"", ""C"", ""C"", ""H"", ""H"", ""H"", ""H"", ""H"", ""H"", ""H"", ""H"", ""H"", ""H"", ""H"", ""H"", ""H"", ""H"", ""H"", ""H"", ""H"", ""H"", ""H"", ""H"", ""H"", ""H"", ""H"", ""H"", ""H"", ""H"", ""H"", ""H"", ""H"", ""H"", ""N"", ""C"", ""C"", ""C"", ""C"", ""C"", ""C"", ""C"", ""C"", ""O"", ""C"", ""C"", ""C"", ""C"", ""C"", ""N"", ""C"", ""C"", ""C"", ""C"", ""C"", ""C"", ""C"", ""C"", ""C"", ""C"", ""C"", ""C"", ""C"", ""C"", ""C"", ""C"", ""C"", ""C"", ""C"", ""C"", ""C"", ""C"", ""C"", ""C"", ""O"", ""C"", ""C"", ""C"", ""H"", ""H"", ""H"", ""H"", ""H"", ""H"", ""H"", ""H"", ""H"", ""H"", ""H"", ""H"", ""H"", ""H"", ""H"", ""H"", ""H"", ""H"", ""H"", ""H"", ""H"", ""H"", ""H"", ""H"", ""H"", ""H"", ""H"", ""H"", ""H"", ""H"", ""N"", ""C"", ""C"", ""C"", ""C"", ""C"", ""C"", ""C"", ""C"", ""O"", ""C"", ""C"", ""C"", ""C"", ""C"", ""N"", ""C"", ""C"", ""C"", ""C"", ""C"", ""C"", ""C"", ""C"", ""C"", ""C"", ""C"", ""C"", ""C"", ""C"", ""C"", ""C"", ""C"", ""C"", ""C"", ""C"", ""C"", ""C"", ""C"", ""C"", ""O"", ""C"", ""C"", ""C"", ""H"", ""H"", ""H"", ""H"", ""H"", ""H"", ""H"", ""H"", ""H"", ""H"", ""H"", ""H"", ""H"", ""H"", ""H"", ""H"", ""H"", ""H"", ""H"", ""H"", ""H"", ""H"", ""H"", ""H"", ""H"", ""H"", ""H"", ""H"", ""H"", ""H""]",C160H120N8O8,"[true, true, true]","[21.42362460556103, 0.0, 0.0, 6.246664318923881, 20.4927029970837, 0.0, 9.924446832421477, 6.511015621931501, 64.52269223802229]",28327.266989832635,[],"{""cutoff=6.000_skin=0.000"": 7628, ""cutoff=6.000_skin=0.500"": 8734}",0.0,,
OPT-RF-U256-ROFA-MIX-R256-v1,c9380bd69d0e1d094657eddf3b59489be4b1936561d28466835006a1e050ca76,OPT-RF-U256-ROFA-MIX-R256-v1:0199,A_corrH_c2-2_m11-11_2740_296,1403dce5f618c0dd7b7a4df0485df47ff1c81a314fc3e74f8a412cf52977de44,199,cross_family_test_set,rof-a/structures/A_corrH_c2-2_m11-11_2740_296.cif,be84c2f6f6815900ab6b643a1f1aebac2f371e121e5916d303d8e68d8597da49,1403dce5f618c0dd7b7a4df0485df47ff1c81a314fc3e74f8a412cf52977de44,0,296,"[""N"", ""C"", ""C"", ""C"", ""C"", ""C"", ""C"", ""C"", ""C"", ""O"", ""C"", ""C"", ""C"", ""C"", ""C"", ""N"", ""C"", ""C"", ""C"", ""C"", ""C"", ""C"", ""C"", ""C"", ""C"", ""C"", ""C"", ""C"", ""C"", ""C"", ""C"", ""C"", ""C"", ""C"", ""C"", ""C"", ""C"", ""C"", ""C"", ""C"", ""O"", ""C"", ""C"", ""C"", ""H"", ""H"", ""H"", ""H"", ""H"", ""H"", ""H"", ""H"", ""H"", ""H"", ""H"", ""H"", ""H"", ""H"", ""H"", ""H"", ""H"", ""H"", ""H"", ""H"", ""H"", ""H"", ""H"", ""H"", ""H"", ""H"", ""H"", ""H"", ""H"", ""H"", ""N"", ""C"", ""C"", ""C"", ""C"", ""C"", ""C"", ""C"", ""C"", ""O"", ""C"", ""C"", ""C"", ""C"", ""C"", ""N"", ""C"", ""C"", ""C"", ""C"", ""C"", ""C"", ""C"", ""C"", ""C"", ""C"", ""C"", ""C"", ""C"", ""C"", ""C"", ""C"", ""C"", ""C"", ""C"", ""C"", ""C"", ""C"", ""C"", ""C"", ""O"", ""C"", ""C"", ""C"", ""H"", ""H"", ""H"", ""H"", ""H"", ""H"", ""H"", ""H"", ""H"", ""H"", ""H"", ""H"", ""H"", ""H"", ""H"", ""H"", ""H"", ""H"", ""H"", ""H"", ""H"", ""H"", ""H"", ""H"", ""H"", ""H"", ""H"", ""H"", ""H"", ""H"", ""N"", ""C"", ""C"", ""C"", ""C"", ""C"", ""C"", ""C"", ""C"", ""O"", ""C"", ""C"", ""C"", ""C"", ""C"", ""N"", ""C"", ""C"", ""C"", ""C"", ""C"", ""C"", ""C"", ""C"", ""C"", ""C"", ""C"", ""C"", ""C"", ""C"", ""C"", ""C"", ""C"", ""C"", ""C"", ""C"", ""C"", ""C"", ""C"", ""C"", ""O"", ""C"", ""C"", ""C"", ""H"", ""H"", ""H"", ""H"", ""H"", ""H"", ""H"", ""H"", ""H"", ""H"", ""H"", ""H"", ""H"", ""H"", ""H"", ""H"", ""H"", ""H"", ""H"", ""H"", ""H"", ""H"", ""H"", ""H"", ""H"", ""H"", ""H"", ""H"", ""H"", ""H"", ""N"", ""C"", ""C"", ""C"", ""C"", ""C"", ""C"", ""C"", ""C"", ""O"", ""C"", ""C"", ""C"", ""C"", ""C"", ""N"", ""C"", ""C"", ""C"", ""C"", ""C"", ""C"", ""C"", ""C"", ""C"", ""C"", ""C"", ""C"", ""C"", ""C"", ""C"", ""C"", ""C"", ""C"", ""C"", ""C"", ""C"", ""C"", ""C"", ""C"", ""O"", ""C"", ""C"", ""C"", ""H"", ""H"", ""H"", ""H"", ""H"", ""H"", ""H"", ""H"", ""H"", ""H"", ""H"", ""H"", ""H"", ""H"", ""H"", ""H"", ""H"", ""H"", ""H"", ""H"", ""H"", ""H"", ""H"", ""H"", ""H"", ""H"", ""H"", ""H"", ""H"", ""H""]",C160H120N8O8,"[true, true, true]","[21.42362460556103, 0.0, 0.0, -8.82413710183309, 19.52194395156519, 0.0, -8.137616326441428, -4.92734624825131, 63.06569914985105]",26376.017731637487,[],"{""cutoff=6.000_skin=0.000"": 7638, ""cutoff=6.000_skin=0.500"": 8772}",0.0,,
OPT-RF-U256-ROFA-MIX-R256-v1,c9380bd69d0e1d094657eddf3b59489be4b1936561d28466835006a1e050ca76,OPT-RF-U256-ROFA-MIX-R256-v1:0200,A_corrH_c2-2_m11-11_4703_296,acf5358190bda1fdacd0184e46cf8c47602ae90a290246de208ecb413bda94ba,200,cross_family_test_set,rof-a/structures/A_corrH_c2-2_m11-11_4703_296.cif,d802d5e9dcc7792af96c0816459a9cbfd92b5c34f377fbbe9f38c8c2eee569fa,acf5358190bda1fdacd0184e46cf8c47602ae90a290246de208ecb413bda94ba,0,296,"[""N"", ""C"", ""C"", ""C"", ""C"", ""C"", ""C"", ""C"", ""C"", ""O"", ""C"", ""C"", ""C"", ""C"", ""C"", ""N"", ""C"", ""C"", ""C"", ""C"", ""C"", ""C"", ""C"", ""C"", ""C"", ""C"", ""C"", ""C"", ""C"", ""C"", ""C"", ""C"", ""C"", ""C"", ""C"", ""C"", ""C"", ""C"", ""C"", ""C"", ""O"", ""C"", ""C"", ""C"", ""H"", ""H"", ""H"", ""H"", ""H"", ""H"", ""H"", ""H"", ""H"", ""H"", ""H"", ""H"", ""H"", ""H"", ""H"", ""H"", ""H"", ""H"", ""H"", ""H"", ""H"", ""H"", ""H"", ""H"", ""H"", ""H"", ""H"", ""H"", ""H"", ""H"", ""N"", ""C"", ""C"", ""C"", ""C"", ""C"", ""C"", ""C"", ""C"", ""O"", ""C"", ""C"", ""C"", ""C"", ""C"", ""N"", ""C"", ""C"", ""C"", ""C"", ""C"", ""C"", ""C"", ""C"", ""C"", ""C"", ""C"", ""C"", ""C"", ""C"", ""C"", ""C"", ""C"", ""C"", ""C"", ""C"", ""C"", ""C"", ""C"", ""C"", ""O"", ""C"", ""C"", ""C"", ""H"", ""H"", ""H"", ""H"", ""H"", ""H"", ""H"", ""H"", ""H"", ""H"", ""H"", ""H"", ""H"", ""H"", ""H"", ""H"", ""H"", ""H"", ""H"", ""H"", ""H"", ""H"", ""H"", ""H"", ""H"", ""H"", ""H"", ""H"", ""H"", ""H"", ""N"", ""C"", ""C"", ""C"", ""C"", ""C"", ""C"", ""C"", ""C"", ""O"", ""C"", ""C"", ""C"", ""C"", ""C"", ""N"", ""C"", ""C"", ""C"", ""C"", ""C"", ""C"", ""C"", ""C"", ""C"", ""C"", ""C"", ""C"", ""C"", ""C"", ""C"", ""C"", ""C"", ""C"", ""C"", ""C"", ""C"", ""C"", ""C"", ""C"", ""O"", ""C"", ""C"", ""C"", ""H"", ""H"", ""H"", ""H"", ""H"", ""H"", ""H"", ""H"", ""H"", ""H"", ""H"", ""H"", ""H"", ""H"", ""H"", ""H"", ""H"", ""H"", ""H"", ""H"", ""H"", ""H"", ""H"", ""H"", ""H"", ""H"", ""H"", ""H"", ""H"", ""H"", ""N"", ""C"", ""C"", ""C"", ""C"", ""C"", ""C"", ""C"", ""C"", ""O"", ""C"", ""C"", ""C"", ""C"", ""C"", ""N"", ""C"", ""C"", ""C"", ""C"", ""C"", ""C"", ""C"", ""C"", ""C"", ""C"", ""C"", ""C"", ""C"", ""C"", ""C"", ""C"", ""C"", ""C"", ""C"", ""C"", ""C"", ""C"", ""C"", ""C"", ""O"", ""C"", ""C"", ""C"", ""H"", ""H"", ""H"", ""H"", ""H"", ""H"", ""H"", ""H"", ""H"", ""H"", ""H"", ""H"", ""H"", ""H"", ""H"", ""H"", ""H"", ""H"", ""H"", ""H"", ""H"", ""H"", ""H"", ""H"", ""H"", ""H"", ""H"", ""H"", ""H"", ""H""]",C160H120N8O8,"[true, true, true]","[21.42362460556103, 0.0, 0.0, -4.51663415269343, 20.942103694966352, 0.0, -9.784030732749866, -5.46991970067809, 60.16120327157431]",26991.670858315647,[],"{""cutoff=6.000_skin=0.000"": 7640, ""cutoff=6.000_skin=0.500"": 8764}",0.0,,
OPT-RF-U256-ROFA-MIX-R256-v1,c9380bd69d0e1d094657eddf3b59489be4b1936561d28466835006a1e050ca76,OPT-RF-U256-ROFA-MIX-R256-v1:0201,A_corrH_c4_m1111_289_296,66394a49d470b867dc35c8745a82a87064bce73c3f7b75e31f09e65252055ed1,201,cross_family_test_set,rof-a/structures/A_corrH_c4_m1111_289_296.cif,6ccd280c53ad3691c9f3bb041bba421e6f5bde1606e2329b08a15a0c9b4011f6,66394a49d470b867dc35c8745a82a87064bce73c3f7b75e31f09e65252055ed1,0,296,"[""N"", ""C"", ""C"", ""C"", ""C"", ""C"", ""C"", ""C"", ""C"", ""O"", ""C"", ""C"", ""C"", ""C"", ""C"", ""N"", ""C"", ""C"", ""C"", ""C"", ""C"", ""C"", ""C"", ""C"", ""C"", ""C"", ""C"", ""C"", ""C"", ""C"", ""C"", ""C"", ""C"", ""C"", ""C"", ""C"", ""C"", ""C"", ""C"", ""C"", ""O"", ""C"", ""C"", ""C"", ""H"", ""H"", ""H"", ""H"", ""H"", ""H"", ""H"", ""H"", ""H"", ""H"", ""H"", ""H"", ""H"", ""H"", ""H"", ""H"", ""H"", ""H"", ""H"", ""H"", ""H"", ""H"", ""H"", ""H"", ""H"", ""H"", ""H"", ""H"", ""H"", ""H"", ""N"", ""C"", ""C"", ""C"", ""C"", ""C"", ""C"", ""C"", ""C"", ""O"", ""C"", ""C"", ""C"", ""C"", ""C"", ""N"", ""C"", ""C"", ""C"", ""C"", ""C"", ""C"", ""C"", ""C"", ""C"", ""C"", ""C"", ""C"", ""C"", ""C"", ""C"", ""C"", ""C"", ""C"", ""C"", ""C"", ""C"", ""C"", ""C"", ""C"", ""O"", ""C"", ""C"", ""C"", ""H"", ""H"", ""H"", ""H"", ""H"", ""H"", ""H"", ""H"", ""H"", ""H"", ""H"", ""H"", ""H"", ""H"", ""H"", ""H"", ""H"", ""H"", ""H"", ""H"", ""H"", ""H"", ""H"", ""H"", ""H"", ""H"", ""H"", ""H"", ""H"", ""H"", ""N"", ""C"", ""C"", ""C"", ""C"", ""C"", ""C"", ""C"", ""C"", ""O"", ""C"", ""C"", ""C"", ""C"", ""C"", ""N"", ""C"", ""C"", ""C"", ""C"", ""C"", ""C"", ""C"", ""C"", ""C"", ""C"", ""C"", ""C"", ""C"", ""C"", ""C"", ""C"", ""C"", ""C"", ""C"", ""C"", ""C"", ""C"", ""C"", ""C"", ""O"", ""C"", ""C"", ""C"", ""H"", ""H"", ""H"", ""H"", ""H"", ""H"", ""H"", ""H"", ""H"", ""H"", ""H"", ""H"", ""H"", ""H"", ""H"", ""H"", ""H"", ""H"", ""H"", ""H"", ""H"", ""H"", ""H"", ""H"", ""H"", ""H"", ""H"", ""H"", ""H"", ""H"", ""N"", ""C"", ""C"", ""C"", ""C"", ""C"", ""C"", ""C"", ""C"", ""O"", ""C"", ""C"", ""C"", ""C"", ""C"", ""N"", ""C"", ""C"", ""C"", ""C"", ""C"", ""C"", ""C"", ""C"", ""C"", ""C"", ""C"", ""C"", ""C"", ""C"", ""C"", ""C"", ""C"", ""C"", ""C"", ""C"", ""C"", ""C"", ""C"", ""C"", ""O"", ""C"", ""C"", ""C"", ""H"", ""H"", ""H"", ""H"", ""H"", ""H"", ""H"", ""H"", ""H"", ""H"", ""H"", ""H"", ""H"", ""H"", ""H"", ""H"", ""H"", ""H"", ""H"", ""H"", ""H"", ""H"", ""H"", ""H"", ""H"", ""H"", ""H"", ""H"", ""H"", ""H""]",C160H120N8O8,"[true, true, true]","[21.42362460556103, 0.0, 0.0, -5.764660285092819, 36.69424418891701, 0.0, -7.047508046048245, -12.770947620895237, 121.17561386193165]",95259.02345640697,[],"{""cutoff=6.000_skin=0.000"": 7644, ""cutoff=6.000_skin=0.500"": 8752}",0.0,,
OPT-RF-U256-ROFA-MIX-R256-v1,c9380bd69d0e1d094657eddf3b59489be4b1936561d28466835006a1e050ca76,OPT-RF-U256-ROFA-MIX-R256-v1:0202,A_corrH_c4_m1111_3890_296,911ba273a21a1a54030834c9a72683bb6b054c034ef683436c5c7d1951ffc368,202,cross_family_test_set,rof-a/structures/A_corrH_c4_m1111_3890_296.cif,a774cc51e40da717f87cc8e6a695ef7184c803b5e1d5938c392ac3dc03402679,911ba273a21a1a54030834c9a72683bb6b054c034ef683436c5c7d1951ffc368,0,296,"[""N"", ""C"", ""C"", ""C"", ""C"", ""C"", ""C"", ""C"", ""C"", ""O"", ""C"", ""C"", ""C"", ""C"", ""C"", ""N"", ""C"", ""C"", ""C"", ""C"", ""C"", ""C"", ""C"", ""C"", ""C"", ""C"", ""C"", ""C"", ""C"", ""C"", ""C"", ""C"", ""C"", ""C"", ""C"", ""C"", ""C"", ""C"", ""C"", ""C"", ""O"", ""C"", ""C"", ""C"", ""H"", ""H"", ""H"", ""H"", ""H"", ""H"", ""H"", ""H"", ""H"", ""H"", ""H"", ""H"", ""H"", ""H"", ""H"", ""H"", ""H"", ""H"", ""H"", ""H"", ""H"", ""H"", ""H"", ""H"", ""H"", ""H"", ""H"", ""H"", ""H"", ""H"", ""N"", ""C"", ""C"", ""C"", ""C"", ""C"", ""C"", ""C"", ""C"", ""O"", ""C"", ""C"", ""C"", ""C"", ""C"", ""N"", ""C"", ""C"", ""C"", ""C"", ""C"", ""C"", ""C"", ""C"", ""C"", ""C"", ""C"", ""C"", ""C"", ""C"", ""C"", ""C"", ""C"", ""C"", ""C"", ""C"", ""C"", ""C"", ""C"", ""C"", ""O"", ""C"", ""C"", ""C"", ""H"", ""H"", ""H"", ""H"", ""H"", ""H"", ""H"", ""H"", ""H"", ""H"", ""H"", ""H"", ""H"", ""H"", ""H"", ""H"", ""H"", ""H"", ""H"", ""H"", ""H"", ""H"", ""H"", ""H"", ""H"", ""H"", ""H"", ""H"", ""H"", ""H"", ""N"", ""C"", ""C"", ""C"", ""C"", ""C"", ""C"", ""C"", ""C"", ""O"", ""C"", ""C"", ""C"", ""C"", ""C"", ""N"", ""C"", ""C"", ""C"", ""C"", ""C"", ""C"", ""C"", ""C"", ""C"", ""C"", ""C"", ""C"", ""C"", ""C"", ""C"", ""C"", ""C"", ""C"", ""C"", ""C"", ""C"", ""C"", ""C"", ""C"", ""O"", ""C"", ""C"", ""C"", ""H"", ""H"", ""H"", ""H"", ""H"", ""H"", ""H"", ""H"", ""H"", ""H"", ""H"", ""H"", ""H"", ""H"", ""H"", ""H"", ""H"", ""H"", ""H"", ""H"", ""H"", ""H"", ""H"", ""H"", ""H"", ""H"", ""H"", ""H"", ""H"", ""H"", ""N"", ""C"", ""C"", ""C"", ""C"", ""C"", ""C"", ""C"", ""C"", ""O"", ""C"", ""C"", ""C"", ""C"", ""C"", ""N"", ""C"", ""C"", ""C"", ""C"", ""C"", ""C"", ""C"", ""C"", ""C"", ""C"", ""C"", ""C"", ""C"", ""C"", ""C"", ""C"", ""C"", ""C"", ""C"", ""C"", ""C"", ""C"", ""C"", ""C"", ""O"", ""C"", ""C"", ""C"", ""H"", ""H"", ""H"", ""H"", ""H"", ""H"", ""H"", ""H"", ""H"", ""H"", ""H"", ""H"", ""H"", ""H"", ""H"", ""H"", ""H"", ""H"", ""H"", ""H"", ""H"", ""H"", ""H"", ""H"", ""H"", ""H"", ""H"", ""H"", ""H"", ""H""]",C160H120N8O8,"[true, true, true]","[21.42362460556103, 0.0, 0.0, 3.3748286018263105, 32.913483853534245, 0.0, 5.04603951042176, 0.12368750934602088, 38.87163721509375]",27409.406826233902,[],"{""cutoff=6.000_skin=0.000"": 7648, ""cutoff=6.000_skin=0.500"": 8774}",0.0,,
OPT-RF-U256-ROFA-MIX-R256-v1,c9380bd69d0e1d094657eddf3b59489be4b1936561d28466835006a1e050ca76,OPT-RF-U256-ROFA-MIX-R256-v1:0203,A_corrH_c4_m1111_6989_296,f1cd905d08b286398386bf1bd619206a5bfc3302174411975205529746b27a8e,203,cross_family_test_set,rof-a/structures/A_corrH_c4_m1111_6989_296.cif,769e0a474903b3b77df87621ec8b63469e42a11b6527774a083b65aed3fe2ae7,f1cd905d08b286398386bf1bd619206a5bfc3302174411975205529746b27a8e,0,296,"[""N"", ""C"", ""C"", ""C"", ""C"", ""C"", ""C"", ""C"", ""C"", ""O"", ""C"", ""C"", ""C"", ""C"", ""C"", ""N"", ""C"", ""C"", ""C"", ""C"", ""C"", ""C"", ""C"", ""C"", ""C"", ""C"", ""C"", ""C"", ""C"", ""C"", ""C"", ""C"", ""C"", ""C"", ""C"", ""C"", ""C"", ""C"", ""C"", ""C"", ""O"", ""C"", ""C"", ""C"", ""H"", ""H"", ""H"", ""H"", ""H"", ""H"", ""H"", ""H"", ""H"", ""H"", ""H"", ""H"", ""H"", ""H"", ""H"", ""H"", ""H"", ""H"", ""H"", ""H"", ""H"", ""H"", ""H"", ""H"", ""H"", ""H"", ""H"", ""H"", ""H"", ""H"", ""N"", ""C"", ""C"", ""C"", ""C"", ""C"", ""C"", ""C"", ""C"", ""O"", ""C"", ""C"", ""C"", ""C"", ""C"", ""N"", ""C"", ""C"", ""C"", ""C"", ""C"", ""C"", ""C"", ""C"", ""C"", ""C"", ""C"", ""C"", ""C"", ""C"", ""C"", ""C"", ""C"", ""C"", ""C"", ""C"", ""C"", ""C"", ""C"", ""C"", ""O"", ""C"", ""C"", ""C"", ""H"", ""H"", ""H"", ""H"", ""H"", ""H"", ""H"", ""H"", ""H"", ""H"", ""H"", ""H"", ""H"", ""H"", ""H"", ""H"", ""H"", ""H"", ""H"", ""H"", ""H"", ""H"", ""H"", ""H"", ""H"", ""H"", ""H"", ""H"", ""H"", ""H"", ""N"", ""C"", ""C"", ""C"", ""C"", ""C"", ""C"", ""C"", ""C"", ""O"", ""C"", ""C"", ""C"", ""C"", ""C"", ""N"", ""C"", ""C"", ""C"", ""C"", ""C"", ""C"", ""C"", ""C"", ""C"", ""C"", ""C"", ""C"", ""C"", ""C"", ""C"", ""C"", ""C"", ""C"", ""C"", ""C"", ""C"", ""C"", ""C"", ""C"", ""O"", ""C"", ""C"", ""C"", ""H"", ""H"", ""H"", ""H"", ""H"", ""H"", ""H"", ""H"", ""H"", ""H"", ""H"", ""H"", ""H"", ""H"", ""H"", ""H"", ""H"", ""H"", ""H"", ""H"", ""H"", ""H"", ""H"", ""H"", ""H"", ""H"", ""H"", ""H"", ""H"", ""H"", ""N"", ""C"", ""C"", ""C"", ""C"", ""C"", ""C"", ""C"", ""C"", ""O"", ""C"", ""C"", ""C"", ""C"", ""C"", ""N"", ""C"", ""C"", ""C"", ""C"", ""C"", ""C"", ""C"", ""C"", ""C"", ""C"", ""C"", ""C"", ""C"", ""C"", ""C"", ""C"", ""C"", ""C"", ""C"", ""C"", ""C"", ""C"", ""C"", ""C"", ""O"", ""C"", ""C"", ""C"", ""H"", ""H"", ""H"", ""H"", ""H"", ""H"", ""H"", ""H"", ""H"", ""H"", ""H"", ""H"", ""H"", ""H"", ""H"", ""H"", ""H"", ""H"", ""H"", ""H"", ""H"", ""H"", ""H"", ""H"", ""H"", ""H"", ""H"", ""H"", ""H"", ""H""]",C160H120N8O8,"[true, true, true]","[21.42362460556103, 0.0, 0.0, -6.639263164435876, 37.37103818769571, 0.0, -2.8674137590588615, -19.399647648876236, 35.893250225514905]",28736.96502246569,[],"{""cutoff=6.000_skin=0.000"": 7650, ""cutoff=6.000_skin=0.500"": 8776}",0.0,,
OPT-RF-U256-ROFA-MIX-R256-v1,c9380bd69d0e1d094657eddf3b59489be4b1936561d28466835006a1e050ca76,OPT-RF-U256-ROFA-MIX-R256-v1:0204,A_corrH_c2-2_m11-11_1207_296,8072768b2e2fea625d002ddda91c031e74f07b801db49858806ce82842e4a5a1,204,cross_family_test_set,rof-a/structures/A_corrH_c2-2_m11-11_1207_296.cif,496d108a1da18b0158b5b3ca905df7de1df0f9da0dcb80d2a98ee04705fac4d3,8072768b2e2fea625d002ddda91c031e74f07b801db49858806ce82842e4a5a1,0,296,"[""N"", ""C"", ""C"", ""C"", ""C"", ""C"", ""C"", ""C"", ""C"", ""O"", ""C"", ""C"", ""C"", ""C"", ""C"", ""N"", ""C"", ""C"", ""C"", ""C"", ""C"", ""C"", ""C"", ""C"", ""C"", ""C"", ""C"", ""C"", ""C"", ""C"", ""C"", ""C"", ""C"", ""C"", ""C"", ""C"", ""C"", ""C"", ""C"", ""C"", ""O"", ""C"", ""C"", ""C"", ""H"", ""H"", ""H"", ""H"", ""H"", ""H"", ""H"", ""H"", ""H"", ""H"", ""H"", ""H"", ""H"", ""H"", ""H"", ""H"", ""H"", ""H"", ""H"", ""H"", ""H"", ""H"", ""H"", ""H"", ""H"", ""H"", ""H"", ""H"", ""H"", ""H"", ""N"", ""C"", ""C"", ""C"", ""C"", ""C"", ""C"", ""C"", ""C"", ""O"", ""C"", ""C"", ""C"", ""C"", ""C"", ""N"", ""C"", ""C"", ""C"", ""C"", ""C"", ""C"", ""C"", ""C"", ""C"", ""C"", ""C"", ""C"", ""C"", ""C"", ""C"", ""C"", ""C"", ""C"", ""C"", ""C"", ""C"", ""C"", ""C"", ""C"", ""O"", ""C"", ""C"", ""C"", ""H"", ""H"", ""H"", ""H"", ""H"", ""H"", ""H"", ""H"", ""H"", ""H"", ""H"", ""H"", ""H"", ""H"", ""H"", ""H"", ""H"", ""H"", ""H"", ""H"", ""H"", ""H"", ""H"", ""H"", ""H"", ""H"", ""H"", ""H"", ""H"", ""H"", ""N"", ""C"", ""C"", ""C"", ""C"", ""C"", ""C"", ""C"", ""C"", ""O"", ""C"", ""C"", ""C"", ""C"", ""C"", ""N"", ""C"", ""C"", ""C"", ""C"", ""C"", ""C"", ""C"", ""C"", ""C"", ""C"", ""C"", ""C"", ""C"", ""C"", ""C"", ""C"", ""C"", ""C"", ""C"", ""C"", ""C"", ""C"", ""C"", ""C"", ""O"", ""C"", ""C"", ""C"", ""H"", ""H"", ""H"", ""H"", ""H"", ""H"", ""H"", ""H"", ""H"", ""H"", ""H"", ""H"", ""H"", ""H"", ""H"", ""H"", ""H"", ""H"", ""H"", ""H"", ""H"", ""H"", ""H"", ""H"", ""H"", ""H"", ""H"", ""H"", ""H"", ""H"", ""N"", ""C"", ""C"", ""C"", ""C"", ""C"", ""C"", ""C"", ""C"", ""O"", ""C"", ""C"", ""C"", ""C"", ""C"", ""N"", ""C"", ""C"", ""C"", ""C"", ""C"", ""C"", ""C"", ""C"", ""C"", ""C"", ""C"", ""C"", ""C"", ""C"", ""C"", ""C"", ""C"", ""C"", ""C"", ""C"", ""C"", ""C"", ""C"", ""C"", ""O"", ""C"", ""C"", ""C"", ""H"", ""H"", ""H"", ""H"", ""H"", ""H"", ""H"", ""H"", ""H"", ""H"", ""H"", ""H"", ""H"", ""H"", ""H"", ""H"", ""H"", ""H"", ""H"", ""H"", ""H"", ""H"", ""H"", ""H"", ""H"", ""H"", ""H"", ""H"", ""H"", ""H""]",C160H120N8O8,"[true, true, true]","[21.42362460556103, 0.0, 0.0, -4.223061554445443, 21.003272181909296, 0.0, -5.504984947861882, -2.0452385652990444, 61.027404574453875]",27460.27047427496,[],"{""cutoff=6.000_skin=0.000"": 7658, ""cutoff=6.000_skin=0.500"": 8806}",0.0,,
OPT-RF-U256-ROFA-MIX-R256-v1,c9380bd69d0e1d094657eddf3b59489be4b1936561d28466835006a1e050ca76,OPT-RF-U256-ROFA-MIX-R256-v1:0205,A_corrH_c4_m1111_2343_296,2bac3749cab1f7190b55fc7c4919d66d748857e2a5a935be2143af8df6923007,205,cross_family_test_set,rof-a/structures/A_corrH_c4_m1111_2343_296.cif,8b7cd2bbd6e842deae054d53393d54722acb28cf1c2deb9de855d06b4e1d3e20,2bac3749cab1f7190b55fc7c4919d66d748857e2a5a935be2143af8df6923007,0,296,"[""N"", ""C"", ""C"", ""C"", ""C"", ""C"", ""C"", ""C"", ""C"", ""O"", ""C"", ""C"", ""C"", ""C"", ""C"", ""N"", ""C"", ""C"", ""C"", ""C"", ""C"", ""C"", ""C"", ""C"", ""C"", ""C"", ""C"", ""C"", ""C"", ""C"", ""C"", ""C"", ""C"", ""C"", ""C"", ""C"", ""C"", ""C"", ""C"", ""C"", ""O"", ""C"", ""C"", ""C"", ""H"", ""H"", ""H"", ""H"", ""H"", ""H"", ""H"", ""H"", ""H"", ""H"", ""H"", ""H"", ""H"", ""H"", ""H"", ""H"", ""H"", ""H"", ""H"", ""H"", ""H"", ""H"", ""H"", ""H"", ""H"", ""H"", ""H"", ""H"", ""H"", ""H"", ""N"", ""C"", ""C"", ""C"", ""C"", ""C"", ""C"", ""C"", ""C"", ""O"", ""C"", ""C"", ""C"", ""C"", ""C"", ""N"", ""C"", ""C"", ""C"", ""C"", ""C"", ""C"", ""C"", ""C"", ""C"", ""C"", ""C"", ""C"", ""C"", ""C"", ""C"", ""C"", ""C"", ""C"", ""C"", ""C"", ""C"", ""C"", ""C"", ""C"", ""O"", ""C"", ""C"", ""C"", ""H"", ""H"", ""H"", ""H"", ""H"", ""H"", ""H"", ""H"", ""H"", ""H"", ""H"", ""H"", ""H"", ""H"", ""H"", ""H"", ""H"", ""H"", ""H"", ""H"", ""H"", ""H"", ""H"", ""H"", ""H"", ""H"", ""H"", ""H"", ""H"", ""H"", ""N"", ""C"", ""C"", ""C"", ""C"", ""C"", ""C"", ""C"", ""C"", ""O"", ""C"", ""C"", ""C"", ""C"", ""C"", ""N"", ""C"", ""C"", ""C"", ""C"", ""C"", ""C"", ""C"", ""C"", ""C"", ""C"", ""C"", ""C"", ""C"", ""C"", ""C"", ""C"", ""C"", ""C"", ""C"", ""C"", ""C"", ""C"", ""C"", ""C"", ""O"", ""C"", ""C"", ""C"", ""H"", ""H"", ""H"", ""H"", ""H"", ""H"", ""H"", ""H"", ""H"", ""H"", ""H"", ""H"", ""H"", ""H"", ""H"", ""H"", ""H"", ""H"", ""H"", ""H"", ""H"", ""H"", ""H"", ""H"", ""H"", ""H"", ""H"", ""H"", ""H"", ""H"", ""N"", ""C"", ""C"", ""C"", ""C"", ""C"", ""C"", ""C"", ""C"", ""O"", ""C"", ""C"", ""C"", ""C"", ""C"", ""N"", ""C"", ""C"", ""C"", ""C"", ""C"", ""C"", ""C"", ""C"", ""C"", ""C"", ""C"", ""C"", ""C"", ""C"", ""C"", ""C"", ""C"", ""C"", ""C"", ""C"", ""C"", ""C"", ""C"", ""C"", ""O"", ""C"", ""C"", ""C"", ""H"", ""H"", ""H"", ""H"", ""H"", ""H"", ""H"", ""H"", ""H"", ""H"", ""H"", ""H"", ""H"", ""H"", ""H"", ""H"", ""H"", ""H"", ""H"", ""H"", ""H"", ""H"", ""H"", ""H"", ""H"", ""H"", ""H"", ""H"", ""H"", ""H""]",C160H120N8O8,"[true, true, true]","[21.42362460556103, 0.0, 0.0, -9.0716217195287, 33.70932986225912, 0.0, -2.3098234891629246, -10.290143452513245, 39.186858055381194]",28299.8095266496,[],"{""cutoff=6.000_skin=0.000"": 7664, ""cutoff=6.000_skin=0.500"": 8766}",0.0,,
OPT-RF-U256-ROFA-MIX-R256-v1,c9380bd69d0e1d094657eddf3b59489be4b1936561d28466835006a1e050ca76,OPT-RF-U256-ROFA-MIX-R256-v1:0206,A_corrH_c2-2_m11-11_3538_296,208656384f84c536535290d2c13383e578c8578445bc3a7c47b67687bf1d620d,206,cross_family_test_set,rof-a/structures/A_corrH_c2-2_m11-11_3538_296.cif,8d0be33bd3ffbc3881fda09f2157dda426d77473e760fc90d0800315026b6b23,208656384f84c536535290d2c13383e578c8578445bc3a7c47b67687bf1d620d,0,296,"[""N"", ""C"", ""C"", ""C"", ""C"", ""C"", ""C"", ""C"", ""C"", ""O"", ""C"", ""C"", ""C"", ""C"", ""C"", ""N"", ""C"", ""C"", ""C"", ""C"", ""C"", ""C"", ""C"", ""C"", ""C"", ""C"", ""C"", ""C"", ""C"", ""C"", ""C"", ""C"", ""C"", ""C"", ""C"", ""C"", ""C"", ""C"", ""C"", ""C"", ""O"", ""C"", ""C"", ""C"", ""H"", ""H"", ""H"", ""H"", ""H"", ""H"", ""H"", ""H"", ""H"", ""H"", ""H"", ""H"", ""H"", ""H"", ""H"", ""H"", ""H"", ""H"", ""H"", ""H"", ""H"", ""H"", ""H"", ""H"", ""H"", ""H"", ""H"", ""H"", ""H"", ""H"", ""N"", ""C"", ""C"", ""C"", ""C"", ""C"", ""C"", ""C"", ""C"", ""O"", ""C"", ""C"", ""C"", ""C"", ""C"", ""N"", ""C"", ""C"", ""C"", ""C"", ""C"", ""C"", ""C"", ""C"", ""C"", ""C"", ""C"", ""C"", ""C"", ""C"", ""C"", ""C"", ""C"", ""C"", ""C"", ""C"", ""C"", ""C"", ""C"", ""C"", ""O"", ""C"", ""C"", ""C"", ""H"", ""H"", ""H"", ""H"", ""H"", ""H"", ""H"", ""H"", ""H"", ""H"", ""H"", ""H"", ""H"", ""H"", ""H"", ""H"", ""H"", ""H"", ""H"", ""H"", ""H"", ""H"", ""H"", ""H"", ""H"", ""H"", ""H"", ""H"", ""H"", ""H"", ""N"", ""C"", ""C"", ""C"", ""C"", ""C"", ""C"", ""C"", ""C"", ""O"", ""C"", ""C"", ""C"", ""C"", ""C"", ""N"", ""C"", ""C"", ""C"", ""C"", ""C"", ""C"", ""C"", ""C"", ""C"", ""C"", ""C"", ""C"", ""C"", ""C"", ""C"", ""C"", ""C"", ""C"", ""C"", ""C"", ""C"", ""C"", ""C"", ""C"", ""O"", ""C"", ""C"", ""C"", ""H"", ""H"", ""H"", ""H"", ""H"", ""H"", ""H"", ""H"", ""H"", ""H"", ""H"", ""H"", ""H"", ""H"", ""H"", ""H"", ""H"", ""H"", ""H"", ""H"", ""H"", ""H"", ""H"", ""H"", ""H"", ""H"", ""H"", ""H"", ""H"", ""H"", ""N"", ""C"", ""C"", ""C"", ""C"", ""C"", ""C"", ""C"", ""C"", ""O"", ""C"", ""C"", ""C"", ""C"", ""C"", ""N"", ""C"", ""C"", ""C"", ""C"", ""C"", ""C"", ""C"", ""C"", ""C"", ""C"", ""C"", ""C"", ""C"", ""C"", ""C"", ""C"", ""C"", ""C"", ""C"", ""C"", ""C"", ""C"", ""C"", ""C"", ""O"", ""C"", ""C"", ""C"", ""H"", ""H"", ""H"", ""H"", ""H"", ""H"", ""H"", ""H"", ""H"", ""H"", ""H"", ""H"", ""H"", ""H"", ""H"", ""H"", ""H"", ""H"", ""H"", ""H"", ""H"", ""H"", ""H"", ""H"", ""H"", ""H"", ""H"", ""H"", ""H"", ""H""]",C160H120N8O8,"[true, true, true]","[21.42362460556103, 0.0, 0.0, 10.552029382468067, 18.644741005214595, 0.0, 8.291508509285276, -2.3812366686484094, 43.19906875247543]",17255.34669388321,[],"{""cutoff=6.000_skin=0.000"": 7666, ""cutoff=6.000_skin=0.500"": 8816}",0.0,,
OPT-RF-U256-ROFA-MIX-R256-v1,c9380bd69d0e1d094657eddf3b59489be4b1936561d28466835006a1e050ca76,OPT-RF-U256-ROFA-MIX-R256-v1:0207,A_corrH_c2-2_m11-11_3993_296,59968651c2eed9e2ea8e1c7ea04909543c704e9903a10d44625ce02f1d9a9cec,207,cross_family_test_set,rof-a/structures/A_corrH_c2-2_m11-11_3993_296.cif,6917ae100664ff7867f38660c1ebe042854f06652dd6516b5300a9ddff4b4386,59968651c2eed9e2ea8e1c7ea04909543c704e9903a10d44625ce02f1d9a9cec,0,296,"[""N"", ""C"", ""C"", ""C"", ""C"", ""C"", ""C"", ""C"", ""C"", ""O"", ""C"", ""C"", ""C"", ""C"", ""C"", ""N"", ""C"", ""C"", ""C"", ""C"", ""C"", ""C"", ""C"", ""C"", ""C"", ""C"", ""C"", ""C"", ""C"", ""C"", ""C"", ""C"", ""C"", ""C"", ""C"", ""C"", ""C"", ""C"", ""C"", ""C"", ""O"", ""C"", ""C"", ""C"", ""H"", ""H"", ""H"", ""H"", ""H"", ""H"", ""H"", ""H"", ""H"", ""H"", ""H"", ""H"", ""H"", ""H"", ""H"", ""H"", ""H"", ""H"", ""H"", ""H"", ""H"", ""H"", ""H"", ""H"", ""H"", ""H"", ""H"", ""H"", ""H"", ""H"", ""N"", ""C"", ""C"", ""C"", ""C"", ""C"", ""C"", ""C"", ""C"", ""O"", ""C"", ""C"", ""C"", ""C"", ""C"", ""N"", ""C"", ""C"", ""C"", ""C"", ""C"", ""C"", ""C"", ""C"", ""C"", ""C"", ""C"", ""C"", ""C"", ""C"", ""C"", ""C"", ""C"", ""C"", ""C"", ""C"", ""C"", ""C"", ""C"", ""C"", ""O"", ""C"", ""C"", ""C"", ""H"", ""H"", ""H"", ""H"", ""H"", ""H"", ""H"", ""H"", ""H"", ""H"", ""H"", ""H"", ""H"", ""H"", ""H"", ""H"", ""H"", ""H"", ""H"", ""H"", ""H"", ""H"", ""H"", ""H"", ""H"", ""H"", ""H"", ""H"", ""H"", ""H"", ""N"", ""C"", ""C"", ""C"", ""C"", ""C"", ""C"", ""C"", ""C"", ""O"", ""C"", ""C"", ""C"", ""C"", ""C"", ""N"", ""C"", ""C"", ""C"", ""C"", ""C"", ""C"", ""C"", ""C"", ""C"", ""C"", ""C"", ""C"", ""C"", ""C"", ""C"", ""C"", ""C"", ""C"", ""C"", ""C"", ""C"", ""C"", ""C"", ""C"", ""O"", ""C"", ""C"", ""C"", ""H"", ""H"", ""H"", ""H"", ""H"", ""H"", ""H"", ""H"", ""H"", ""H"", ""H"", ""H"", ""H"", ""H"", ""H"", ""H"", ""H"", ""H"", ""H"", ""H"", ""H"", ""H"", ""H"", ""H"", ""H"", ""H"", ""H"", ""H"", ""H"", ""H"", ""N"", ""C"", ""C"", ""C"", ""C"", ""C"", ""C"", ""C"", ""C"", ""O"", ""C"", ""C"", ""C"", ""C"", ""C"", ""N"", ""C"", ""C"", ""C"", ""C"", ""C"", ""C"", ""C"", ""C"", ""C"", ""C"", ""C"", ""C"", ""C"", ""C"", ""C"", ""C"", ""C"", ""C"", ""C"", ""C"", ""C"", ""C"", ""C"", ""C"", ""O"", ""C"", ""C"", ""C"", ""H"", ""H"", ""H"", ""H"", ""H"", ""H"", ""H"", ""H"", ""H"", ""H"", ""H"", ""H"", ""H"", ""H"", ""H"", ""H"", ""H"", ""H"", ""H"", ""H"", ""H"", ""H"", ""H"", ""H"", ""H"", ""H"", ""H"", ""H"", ""H"", ""H""]",C160H120N8O8,"[true, true, true]","[21.42362460556103, 0.0, 0.0, -2.937997050327691, 21.221212608431824, 0.0, -7.217241558449414, -7.921870932069529, 65.67508534294795]",29858.2116412794,[],"{""cutoff=6.000_skin=0.000"": 7668, ""cutoff=6.000_skin=0.500"": 8780}",0.0,,
OPT-RF-U256-ROFA-MIX-R256-v1,c9380bd69d0e1d094657eddf3b59489be4b1936561d28466835006a1e050ca76,OPT-RF-U256-ROFA-MIX-R256-v1:0208,A_corrH_c2-2_m11-11_123_296,cf135a70bf6ce84f740603f96ceb3589a30a182909b77b7a87e04f67e0f9dcd3,208,cross_family_test_set,rof-a/structures/A_corrH_c2-2_m11-11_123_296.cif,21f0ca7a916894da9670b5b1cb5e6afcd17e0c31b0b997596dffd9722063c2b5,cf135a70bf6ce84f740603f96ceb3589a30a182909b77b7a87e04f67e0f9dcd3,0,296,"[""N"", ""C"", ""C"", ""C"", ""C"", ""C"", ""C"", ""C"", ""C"", ""O"", ""C"", ""C"", ""C"", ""C"", ""C"", ""N"", ""C"", ""C"", ""C"", ""C"", ""C"", ""C"", ""C"", ""C"", ""C"", ""C"", ""C"", ""C"", ""C"", ""C"", ""C"", ""C"", ""C"", ""C"", ""C"", ""C"", ""C"", ""C"", ""C"", ""C"", ""O"", ""C"", ""C"", ""C"", ""H"", ""H"", ""H"", ""H"", ""H"", ""H"", ""H"", ""H"", ""H"", ""H"", ""H"", ""H"", ""H"", ""H"", ""H"", ""H"", ""H"", ""H"", ""H"", ""H"", ""H"", ""H"", ""H"", ""H"", ""H"", ""H"", ""H"", ""H"", ""H"", ""H"", ""N"", ""C"", ""C"", ""C"", ""C"", ""C"", ""C"", ""C"", ""C"", ""O"", ""C"", ""C"", ""C"", ""C"", ""C"", ""N"", ""C"", ""C"", ""C"", ""C"", ""C"", ""C"", ""C"", ""C"", ""C"", ""C"", ""C"", ""C"", ""C"", ""C"", ""C"", ""C"", ""C"", ""C"", ""C"", ""C"", ""C"", ""C"", ""C"", ""C"", ""O"", ""C"", ""C"", ""C"", ""H"", ""H"", ""H"", ""H"", ""H"", ""H"", ""H"", ""H"", ""H"", ""H"", ""H"", ""H"", ""H"", ""H"", ""H"", ""H"", ""H"", ""H"", ""H"", ""H"", ""H"", ""H"", ""H"", ""H"", ""H"", ""H"", ""H"", ""H"", ""H"", ""H"", ""N"", ""C"", ""C"", ""C"", ""C"", ""C"", ""C"", ""C"", ""C"", ""O"", ""C"", ""C"", ""C"", ""C"", ""C"", ""N"", ""C"", ""C"", ""C"", ""C"", ""C"", ""C"", ""C"", ""C"", ""C"", ""C"", ""C"", ""C"", ""C"", ""C"", ""C"", ""C"", ""C"", ""C"", ""C"", ""C"", ""C"", ""C"", ""C"", ""C"", ""O"", ""C"", ""C"", ""C"", ""H"", ""H"", ""H"", ""H"", ""H"", ""H"", ""H"", ""H"", ""H"", ""H"", ""H"", ""H"", ""H"", ""H"", ""H"", ""H"", ""H"", ""H"", ""H"", ""H"", ""H"", ""H"", ""H"", ""H"", ""H"", ""H"", ""H"", ""H"", ""H"", ""H"", ""N"", ""C"", ""C"", ""C"", ""C"", ""C"", ""C"", ""C"", ""C"", ""O"", ""C"", ""C"", ""C"", ""C"", ""C"", ""N"", ""C"", ""C"", ""C"", ""C"", ""C"", ""C"", ""C"", ""C"", ""C"", ""C"", ""C"", ""C"", ""C"", ""C"", ""C"", ""C"", ""C"", ""C"", ""C"", ""C"", ""C"", ""C"", ""C"", ""C"", ""O"", ""C"", ""C"", ""C"", ""H"", ""H"", ""H"", ""H"", ""H"", ""H"", ""H"", ""H"", ""H"", ""H"", ""H"", ""H"", ""H"", ""H"", ""H"", ""H"", ""H"", ""H"", ""H"", ""H"", ""H"", ""H"", ""H"", ""H"", ""H"", ""H"", ""H"", ""H"", ""H"", ""H""]",C160H120N8O8,"[true, true, true]","[21.42362460556103, 0.0, 0.0, -1.664914424153464, 21.35883309547237, 0.0, -4.753738753032284, -2.6705009001428026, 57.31634253434094]",26227.01963099886,[],"{""cutoff=6.000_skin=0.000"": 7680, ""cutoff=6.000_skin=0.500"": 8808}",0.0,,
OPT-RF-U256-ROFA-MIX-R256-v1,c9380bd69d0e1d094657eddf3b59489be4b1936561d28466835006a1e050ca76,OPT-RF-U256-ROFA-MIX-R256-v1:0209,A_corrH_c2-2_m11-11_6578_296,fdb55410547c92d6c6dcdb6693a5b72f67e010004c54ca41417830ba7c22c1dd,209,cross_family_test_set,rof-a/structures/A_corrH_c2-2_m11-11_6578_296.cif,659fc817b2f19cfce5b63a3dab2be2b26e413afb15b1c37a768e9180ead59d9e,fdb55410547c92d6c6dcdb6693a5b72f67e010004c54ca41417830ba7c22c1dd,0,296,"[""N"", ""C"", ""C"", ""C"", ""C"", ""C"", ""C"", ""C"", ""C"", ""O"", ""C"", ""C"", ""C"", ""C"", ""C"", ""N"", ""C"", ""C"", ""C"", ""C"", ""C"", ""C"", ""C"", ""C"", ""C"", ""C"", ""C"", ""C"", ""C"", ""C"", ""C"", ""C"", ""C"", ""C"", ""C"", ""C"", ""C"", ""C"", ""C"", ""C"", ""O"", ""C"", ""C"", ""C"", ""H"", ""H"", ""H"", ""H"", ""H"", ""H"", ""H"", ""H"", ""H"", ""H"", ""H"", ""H"", ""H"", ""H"", ""H"", ""H"", ""H"", ""H"", ""H"", ""H"", ""H"", ""H"", ""H"", ""H"", ""H"", ""H"", ""H"", ""H"", ""H"", ""H"", ""N"", ""C"", ""C"", ""C"", ""C"", ""C"", ""C"", ""C"", ""C"", ""O"", ""C"", ""C"", ""C"", ""C"", ""C"", ""N"", ""C"", ""C"", ""C"", ""C"", ""C"", ""C"", ""C"", ""C"", ""C"", ""C"", ""C"", ""C"", ""C"", ""C"", ""C"", ""C"", ""C"", ""C"", ""C"", ""C"", ""C"", ""C"", ""C"", ""C"", ""O"", ""C"", ""C"", ""C"", ""H"", ""H"", ""H"", ""H"", ""H"", ""H"", ""H"", ""H"", ""H"", ""H"", ""H"", ""H"", ""H"", ""H"", ""H"", ""H"", ""H"", ""H"", ""H"", ""H"", ""H"", ""H"", ""H"", ""H"", ""H"", ""H"", ""H"", ""H"", ""H"", ""H"", ""N"", ""C"", ""C"", ""C"", ""C"", ""C"", ""C"", ""C"", ""C"", ""O"", ""C"", ""C"", ""C"", ""C"", ""C"", ""N"", ""C"", ""C"", ""C"", ""C"", ""C"", ""C"", ""C"", ""C"", ""C"", ""C"", ""C"", ""C"", ""C"", ""C"", ""C"", ""C"", ""C"", ""C"", ""C"", ""C"", ""C"", ""C"", ""C"", ""C"", ""O"", ""C"", ""C"", ""C"", ""H"", ""H"", ""H"", ""H"", ""H"", ""H"", ""H"", ""H"", ""H"", ""H"", ""H"", ""H"", ""H"", ""H"", ""H"", ""H"", ""H"", ""H"", ""H"", ""H"", ""H"", ""H"", ""H"", ""H"", ""H"", ""H"", ""H"", ""H"", ""H"", ""H"", ""N"", ""C"", ""C"", ""C"", ""C"", ""C"", ""C"", ""C"", ""C"", ""O"", ""C"", ""C"", ""C"", ""C"", ""C"", ""N"", ""C"", ""C"", ""C"", ""C"", ""C"", ""C"", ""C"", ""C"", ""C"", ""C"", ""C"", ""C"", ""C"", ""C"", ""C"", ""C"", ""C"", ""C"", ""C"", ""C"", ""C"", ""C"", ""C"", ""C"", ""O"", ""C"", ""C"", ""C"", ""H"", ""H"", ""H"", ""H"", ""H"", ""H"", ""H"", ""H"", ""H"", ""H"", ""H"", ""H"", ""H"", ""H"", ""H"", ""H"", ""H"", ""H"", ""H"", ""H"", ""H"", ""H"", ""H"", ""H"", ""H"", ""H"", ""H"", ""H"", ""H"", ""H""]",C160H120N8O8,"[true, true, true]","[21.132514830103815, 0.0, 0.0, 10.566257415051904, 18.636681450270604, 0.0, 7.790058724064151, 4.275147053778943, 55.915085550082416]",22021.594336912538,[],"{""cutoff=6.000_skin=0.000"": 7680, ""cutoff=6.000_skin=0.500"": 8856}",0.0,,
OPT-RF-U256-ROFA-MIX-R256-v1,c9380bd69d0e1d094657eddf3b59489be4b1936561d28466835006a1e050ca76,OPT-RF-U256-ROFA-MIX-R256-v1:0210,A_corrH_c2-2_m11-11_6856_296,f906b3e5e6e54674ce158044b0682fe4b77bc5765d877e62ca7bb3c125729981,210,cross_family_test_set,rof-a/structures/A_corrH_c2-2_m11-11_6856_296.cif,16b0cee34a6af03e0fe433bb24e780de171595b8d41b3034070c3ea8ddeba2a5,f906b3e5e6e54674ce158044b0682fe4b77bc5765d877e62ca7bb3c125729981,0,296,"[""N"", ""C"", ""C"", ""C"", ""C"", ""C"", ""C"", ""C"", ""C"", ""O"", ""C"", ""C"", ""C"", ""C"", ""C"", ""N"", ""C"", ""C"", ""C"", ""C"", ""C"", ""C"", ""C"", ""C"", ""C"", ""C"", ""C"", ""C"", ""C"", ""C"", ""C"", ""C"", ""C"", ""C"", ""C"", ""C"", ""C"", ""C"", ""C"", ""C"", ""O"", ""C"", ""C"", ""C"", ""H"", ""H"", ""H"", ""H"", ""H"", ""H"", ""H"", ""H"", ""H"", ""H"", ""H"", ""H"", ""H"", ""H"", ""H"", ""H"", ""H"", ""H"", ""H"", ""H"", ""H"", ""H"", ""H"", ""H"", ""H"", ""H"", ""H"", ""H"", ""H"", ""H"", ""N"", ""C"", ""C"", ""C"", ""C"", ""C"", ""C"", ""C"", ""C"", ""O"", ""C"", ""C"", ""C"", ""C"", ""C"", ""N"", ""C"", ""C"", ""C"", ""C"", ""C"", ""C"", ""C"", ""C"", ""C"", ""C"", ""C"", ""C"", ""C"", ""C"", ""C"", ""C"", ""C"", ""C"", ""C"", ""C"", ""C"", ""C"", ""C"", ""C"", ""O"", ""C"", ""C"", ""C"", ""H"", ""H"", ""H"", ""H"", ""H"", ""H"", ""H"", ""H"", ""H"", ""H"", ""H"", ""H"", ""H"", ""H"", ""H"", ""H"", ""H"", ""H"", ""H"", ""H"", ""H"", ""H"", ""H"", ""H"", ""H"", ""H"", ""H"", ""H"", ""H"", ""H"", ""N"", ""C"", ""C"", ""C"", ""C"", ""C"", ""C"", ""C"", ""C"", ""O"", ""C"", ""C"", ""C"", ""C"", ""C"", ""N"", ""C"", ""C"", ""C"", ""C"", ""C"", ""C"", ""C"", ""C"", ""C"", ""C"", ""C"", ""C"", ""C"", ""C"", ""C"", ""C"", ""C"", ""C"", ""C"", ""C"", ""C"", ""C"", ""C"", ""C"", ""O"", ""C"", ""C"", ""C"", ""H"", ""H"", ""H"", ""H"", ""H"", ""H"", ""H"", ""H"", ""H"", ""H"", ""H"", ""H"", ""H"", ""H"", ""H"", ""H"", ""H"", ""H"", ""H"", ""H"", ""H"", ""H"", ""H"", ""H"", ""H"", ""H"", ""H"", ""H"", ""H"", ""H"", ""N"", ""C"", ""C"", ""C"", ""C"", ""C"", ""C"", ""C"", ""C"", ""O"", ""C"", ""C"", ""C"", ""C"", ""C"", ""N"", ""C"", ""C"", ""C"", ""C"", ""C"", ""C"", ""C"", ""C"", ""C"", ""C"", ""C"", ""C"", ""C"", ""C"", ""C"", ""C"", ""C"", ""C"", ""C"", ""C"", ""C"", ""C"", ""C"", ""C"", ""O"", ""C"", ""C"", ""C"", ""H"", ""H"", ""H"", ""H"", ""H"", ""H"", ""H"", ""H"", ""H"", ""H"", ""H"", ""H"", ""H"", ""H"", ""H"", ""H"", ""H"", ""H"", ""H"", ""H"", ""H"", ""H"", ""H"", ""H"", ""H"", ""H"", ""H"", ""H"", ""H"", ""H""]",C160H120N8O8,"[true, true, true]","[21.42362460556103, 0.0, 0.0, 2.4281443204339346, 21.28557742696083, 0.0, 5.1877671678460775, 1.6151115518320012, 47.40222037024322]",21616.086562995548,[],"{""cutoff=6.000_skin=0.000"": 7684, ""cutoff=6.000_skin=0.500"": 8830}",0.0,,
OPT-RF-U256-ROFA-MIX-R256-v1,c9380bd69d0e1d094657eddf3b59489be4b1936561d28466835006a1e050ca76,OPT-RF-U256-ROFA-MIX-R256-v1:0211,A_corrH_c4_m1111_4980_296,c7f69246ada445390898e3b9ebc838dcfd6a158b868231135f2e4ca047d0faf9,211,cross_family_test_set,rof-a/structures/A_corrH_c4_m1111_4980_296.cif,19b23e688e732973762fdda79327807115f549bb53af7c87fbd361ed07802e9c,c7f69246ada445390898e3b9ebc838dcfd6a158b868231135f2e4ca047d0faf9,0,296,"[""N"", ""C"", ""C"", ""C"", ""C"", ""C"", ""C"", ""C"", ""C"", ""O"", ""C"", ""C"", ""C"", ""C"", ""C"", ""N"", ""C"", ""C"", ""C"", ""C"", ""C"", ""C"", ""C"", ""C"", ""C"", ""C"", ""C"", ""C"", ""C"", ""C"", ""C"", ""C"", ""C"", ""C"", ""C"", ""C"", ""C"", ""C"", ""C"", ""C"", ""O"", ""C"", ""C"", ""C"", ""H"", ""H"", ""H"", ""H"", ""H"", ""H"", ""H"", ""H"", ""H"", ""H"", ""H"", ""H"", ""H"", ""H"", ""H"", ""H"", ""H"", ""H"", ""H"", ""H"", ""H"", ""H"", ""H"", ""H"", ""H"", ""H"", ""H"", ""H"", ""H"", ""H"", ""N"", ""C"", ""C"", ""C"", ""C"", ""C"", ""C"", ""C"", ""C"", ""O"", ""C"", ""C"", ""C"", ""C"", ""C"", ""N"", ""C"", ""C"", ""C"", ""C"", ""C"", ""C"", ""C"", ""C"", ""C"", ""C"", ""C"", ""C"", ""C"", ""C"", ""C"", ""C"", ""C"", ""C"", ""C"", ""C"", ""C"", ""C"", ""C"", ""C"", ""O"", ""C"", ""C"", ""C"", ""H"", ""H"", ""H"", ""H"", ""H"", ""H"", ""H"", ""H"", ""H"", ""H"", ""H"", ""H"", ""H"", ""H"", ""H"", ""H"", ""H"", ""H"", ""H"", ""H"", ""H"", ""H"", ""H"", ""H"", ""H"", ""H"", ""H"", ""H"", ""H"", ""H"", ""N"", ""C"", ""C"", ""C"", ""C"", ""C"", ""C"", ""C"", ""C"", ""O"", ""C"", ""C"", ""C"", ""C"", ""C"", ""N"", ""C"", ""C"", ""C"", ""C"", ""C"", ""C"", ""C"", ""C"", ""C"", ""C"", ""C"", ""C"", ""C"", ""C"", ""C"", ""C"", ""C"", ""C"", ""C"", ""C"", ""C"", ""C"", ""C"", ""C"", ""O"", ""C"", ""C"", ""C"", ""H"", ""H"", ""H"", ""H"", ""H"", ""H"", ""H"", ""H"", ""H"", ""H"", ""H"", ""H"", ""H"", ""H"", ""H"", ""H"", ""H"", ""H"", ""H"", ""H"", ""H"", ""H"", ""H"", ""H"", ""H"", ""H"", ""H"", ""H"", ""H"", ""H"", ""N"", ""C"", ""C"", ""C"", ""C"", ""C"", ""C"", ""C"", ""C"", ""O"", ""C"", ""C"", ""C"", ""C"", ""C"", ""N"", ""C"", ""C"", ""C"", ""C"", ""C"", ""C"", ""C"", ""C"", ""C"", ""C"", ""C"", ""C"", ""C"", ""C"", ""C"", ""C"", ""C"", ""C"", ""C"", ""C"", ""C"", ""C"", ""C"", ""C"", ""O"", ""C"", ""C"", ""C"", ""H"", ""H"", ""H"", ""H"", ""H"", ""H"", ""H"", ""H"", ""H"", ""H"", ""H"", ""H"", ""H"", ""H"", ""H"", ""H"", ""H"", ""H"", ""H"", ""H"", ""H"", ""H"", ""H"", ""H"", ""H"", ""H"", ""H"", ""H"", ""H"", ""H""]",C160H120N8O8,"[true, true, true]","[21.42362460556103, 0.0, 0.0, 0.968957933402978, 43.68236047809999, 0.0, 1.5224308398768278, 20.632142500506703, 52.633371556631566]",49256.12457334947,[],"{""cutoff=6.000_skin=0.000"": 7684, ""cutoff=6.000_skin=0.500"": 8796}",0.0,,
OPT-RF-U256-ROFA-MIX-R256-v1,c9380bd69d0e1d094657eddf3b59489be4b1936561d28466835006a1e050ca76,OPT-RF-U256-ROFA-MIX-R256-v1:0212,A_corrH_c4_m1111_1531_296,1d6a95ef40acdb14c15e3adf337bbfddb47b3acf8796fdce5c9ff7f093e1d3bd,212,cross_family_test_set,rof-a/structures/A_corrH_c4_m1111_1531_296.cif,c8d1e8685579871c2a1e5bc18f8769b61f87d664f8004caaab6925a30f6f0e1f,1d6a95ef40acdb14c15e3adf337bbfddb47b3acf8796fdce5c9ff7f093e1d3bd,0,296,"[""N"", ""C"", ""C"", ""C"", ""C"", ""C"", ""C"", ""C"", ""C"", ""O"", ""C"", ""C"", ""C"", ""C"", ""C"", ""N"", ""C"", ""C"", ""C"", ""C"", ""C"", ""C"", ""C"", ""C"", ""C"", ""C"", ""C"", ""C"", ""C"", ""C"", ""C"", ""C"", ""C"", ""C"", ""C"", ""C"", ""C"", ""C"", ""C"", ""C"", ""O"", ""C"", ""C"", ""C"", ""H"", ""H"", ""H"", ""H"", ""H"", ""H"", ""H"", ""H"", ""H"", ""H"", ""H"", ""H"", ""H"", ""H"", ""H"", ""H"", ""H"", ""H"", ""H"", ""H"", ""H"", ""H"", ""H"", ""H"", ""H"", ""H"", ""H"", ""H"", ""H"", ""H"", ""N"", ""C"", ""C"", ""C"", ""C"", ""C"", ""C"", ""C"", ""C"", ""O"", ""C"", ""C"", ""C"", ""C"", ""C"", ""N"", ""C"", ""C"", ""C"", ""C"", ""C"", ""C"", ""C"", ""C"", ""C"", ""C"", ""C"", ""C"", ""C"", ""C"", ""C"", ""C"", ""C"", ""C"", ""C"", ""C"", ""C"", ""C"", ""C"", ""C"", ""O"", ""C"", ""C"", ""C"", ""H"", ""H"", ""H"", ""H"", ""H"", ""H"", ""H"", ""H"", ""H"", ""H"", ""H"", ""H"", ""H"", ""H"", ""H"", ""H"", ""H"", ""H"", ""H"", ""H"", ""H"", ""H"", ""H"", ""H"", ""H"", ""H"", ""H"", ""H"", ""H"", ""H"", ""N"", ""C"", ""C"", ""C"", ""C"", ""C"", ""C"", ""C"", ""C"", ""O"", ""C"", ""C"", ""C"", ""C"", ""C"", ""N"", ""C"", ""C"", ""C"", ""C"", ""C"", ""C"", ""C"", ""C"", ""C"", ""C"", ""C"", ""C"", ""C"", ""C"", ""C"", ""C"", ""C"", ""C"", ""C"", ""C"", ""C"", ""C"", ""C"", ""C"", ""O"", ""C"", ""C"", ""C"", ""H"", ""H"", ""H"", ""H"", ""H"", ""H"", ""H"", ""H"", ""H"", ""H"", ""H"", ""H"", ""H"", ""H"", ""H"", ""H"", ""H"", ""H"", ""H"", ""H"", ""H"", ""H"", ""H"", ""H"", ""H"", ""H"", ""H"", ""H"", ""H"", ""H"", ""N"", ""C"", ""C"", ""C"", ""C"", ""C"", ""C"", ""C"", ""C"", ""O"", ""C"", ""C"", ""C"", ""C"", ""C"", ""N"", ""C"", ""C"", ""C"", ""C"", ""C"", ""C"", ""C"", ""C"", ""C"", ""C"", ""C"", ""C"", ""C"", ""C"", ""C"", ""C"", ""C"", ""C"", ""C"", ""C"", ""C"", ""C"", ""C"", ""C"", ""O"", ""C"", ""C"", ""C"", ""H"", ""H"", ""H"", ""H"", ""H"", ""H"", ""H"", ""H"", ""H"", ""H"", ""H"", ""H"", ""H"", ""H"", ""H"", ""H"", ""H"", ""H"", ""H"", ""H"", ""H"", ""H"", ""H"", ""H"", ""H"", ""H"", ""H"", ""H"", ""H"", ""H""]",C160H120N8O8,"[true, true, true]","[21.42362460556103, 0.0, 0.0, -5.706913641988952, 31.720863063645815, 0.0, -0.8619272117971151, -2.1276698627455413, 37.0096656857493]",25150.875477007485,[],"{""cutoff=6.000_skin=0.000"": 7686, ""cutoff=6.000_skin=0.500"": 8838}",0.0,,
OPT-RF-U256-ROFA-MIX-R256-v1,c9380bd69d0e1d094657eddf3b59489be4b1936561d28466835006a1e050ca76,OPT-RF-U256-ROFA-MIX-R256-v1:0213,A_corrH_c4_m1111_4146_296,40ce8fbd3415c2a7e8601e7bd2842a1424ad383c3c4a917994ec2ecfcf48a647,213,cross_family_test_set,rof-a/structures/A_corrH_c4_m1111_4146_296.cif,9ba6829e9c6d2eac8855a403c9dc2a6371511cf440fa13afe3bdb07f7e464568,40ce8fbd3415c2a7e8601e7bd2842a1424ad383c3c4a917994ec2ecfcf48a647,0,296,"[""N"", ""C"", ""C"", ""C"", ""C"", ""C"", ""C"", ""C"", ""C"", ""O"", ""C"", ""C"", ""C"", ""C"", ""C"", ""N"", ""C"", ""C"", ""C"", ""C"", ""C"", ""C"", ""C"", ""C"", ""C"", ""C"", ""C"", ""C"", ""C"", ""C"", ""C"", ""C"", ""C"", ""C"", ""C"", ""C"", ""C"", ""C"", ""C"", ""C"", ""O"", ""C"", ""C"", ""C"", ""H"", ""H"", ""H"", ""H"", ""H"", ""H"", ""H"", ""H"", ""H"", ""H"", ""H"", ""H"", ""H"", ""H"", ""H"", ""H"", ""H"", ""H"", ""H"", ""H"", ""H"", ""H"", ""H"", ""H"", ""H"", ""H"", ""H"", ""H"", ""H"", ""H"", ""N"", ""C"", ""C"", ""C"", ""C"", ""C"", ""C"", ""C"", ""C"", ""O"", ""C"", ""C"", ""C"", ""C"", ""C"", ""N"", ""C"", ""C"", ""C"", ""C"", ""C"", ""C"", ""C"", ""C"", ""C"", ""C"", ""C"", ""C"", ""C"", ""C"", ""C"", ""C"", ""C"", ""C"", ""C"", ""C"", ""C"", ""C"", ""C"", ""C"", ""O"", ""C"", ""C"", ""C"", ""H"", ""H"", ""H"", ""H"", ""H"", ""H"", ""H"", ""H"", ""H"", ""H"", ""H"", ""H"", ""H"", ""H"", ""H"", ""H"", ""H"", ""H"", ""H"", ""H"", ""H"", ""H"", ""H"", ""H"", ""H"", ""H"", ""H"", ""H"", ""H"", ""H"", ""N"", ""C"", ""C"", ""C"", ""C"", ""C"", ""C"", ""C"", ""C"", ""O"", ""C"", ""C"", ""C"", ""C"", ""C"", ""N"", ""C"", ""C"", ""C"", ""C"", ""C"", ""C"", ""C"", ""C"", ""C"", ""C"", ""C"", ""C"", ""C"", ""C"", ""C"", ""C"", ""C"", ""C"", ""C"", ""C"", ""C"", ""C"", ""C"", ""C"", ""O"", ""C"", ""C"", ""C"", ""H"", ""H"", ""H"", ""H"", ""H"", ""H"", ""H"", ""H"", ""H"", ""H"", ""H"", ""H"", ""H"", ""H"", ""H"", ""H"", ""H"", ""H"", ""H"", ""H"", ""H"", ""H"", ""H"", ""H"", ""H"", ""H"", ""H"", ""H"", ""H"", ""H"", ""N"", ""C"", ""C"", ""C"", ""C"", ""C"", ""C"", ""C"", ""C"", ""O"", ""C"", ""C"", ""C"", ""C"", ""C"", ""N"", ""C"", ""C"", ""C"", ""C"", ""C"", ""C"", ""C"", ""C"", ""C"", ""C"", ""C"", ""C"", ""C"", ""C"", ""C"", ""C"", ""C"", ""C"", ""C"", ""C"", ""C"", ""C"", ""C"", ""C"", ""O"", ""C"", ""C"", ""C"", ""H"", ""H"", ""H"", ""H"", ""H"", ""H"", ""H"", ""H"", ""H"", ""H"", ""H"", ""H"", ""H"", ""H"", ""H"", ""H"", ""H"", ""H"", ""H"", ""H"", ""H"", ""H"", ""H"", ""H"", ""H"", ""H"", ""H"", ""H"", ""H"", ""H""]",C160H120N8O8,"[true, true, true]","[21.42362460556103, 0.0, 0.0, 4.611715826831788, 50.57983339037333, 0.0, 2.19212639951494, 24.46163227250175, 44.86884846866941]",48620.03510208872,[],"{""cutoff=6.000_skin=0.000"": 7688, ""cutoff=6.000_skin=0.500"": 8818}",0.0,,
OPT-RF-U256-ROFA-MIX-R256-v1,c9380bd69d0e1d094657eddf3b59489be4b1936561d28466835006a1e050ca76,OPT-RF-U256-ROFA-MIX-R256-v1:0214,A_corrH_c2-2_m11-11_719_296,5aad6021c0e282e8db9f4a6961ce6e8de6071d722c0b49dd402ed7578b608900,214,cross_family_test_set,rof-a/structures/A_corrH_c2-2_m11-11_719_296.cif,f74aaf1e13abe09efa01875e280e087a3b6f00b875f503b145f3a24472bfe1e1,5aad6021c0e282e8db9f4a6961ce6e8de6071d722c0b49dd402ed7578b608900,0,296,"[""N"", ""C"", ""C"", ""C"", ""C"", ""C"", ""C"", ""C"", ""C"", ""O"", ""C"", ""C"", ""C"", ""C"", ""C"", ""N"", ""C"", ""C"", ""C"", ""C"", ""C"", ""C"", ""C"", ""C"", ""C"", ""C"", ""C"", ""C"", ""C"", ""C"", ""C"", ""C"", ""C"", ""C"", ""C"", ""C"", ""C"", ""C"", ""C"", ""C"", ""O"", ""C"", ""C"", ""C"", ""H"", ""H"", ""H"", ""H"", ""H"", ""H"", ""H"", ""H"", ""H"", ""H"", ""H"", ""H"", ""H"", ""H"", ""H"", ""H"", ""H"", ""H"", ""H"", ""H"", ""H"", ""H"", ""H"", ""H"", ""H"", ""H"", ""H"", ""H"", ""H"", ""H"", ""N"", ""C"", ""C"", ""C"", ""C"", ""C"", ""C"", ""C"", ""C"", ""O"", ""C"", ""C"", ""C"", ""C"", ""C"", ""N"", ""C"", ""C"", ""C"", ""C"", ""C"", ""C"", ""C"", ""C"", ""C"", ""C"", ""C"", ""C"", ""C"", ""C"", ""C"", ""C"", ""C"", ""C"", ""C"", ""C"", ""C"", ""C"", ""C"", ""C"", ""O"", ""C"", ""C"", ""C"", ""H"", ""H"", ""H"", ""H"", ""H"", ""H"", ""H"", ""H"", ""H"", ""H"", ""H"", ""H"", ""H"", ""H"", ""H"", ""H"", ""H"", ""H"", ""H"", ""H"", ""H"", ""H"", ""H"", ""H"", ""H"", ""H"", ""H"", ""H"", ""H"", ""H"", ""N"", ""C"", ""C"", ""C"", ""C"", ""C"", ""C"", ""C"", ""C"", ""O"", ""C"", ""C"", ""C"", ""C"", ""C"", ""N"", ""C"", ""C"", ""C"", ""C"", ""C"", ""C"", ""C"", ""C"", ""C"", ""C"", ""C"", ""C"", ""C"", ""C"", ""C"", ""C"", ""C"", ""C"", ""C"", ""C"", ""C"", ""C"", ""C"", ""C"", ""O"", ""C"", ""C"", ""C"", ""H"", ""H"", ""H"", ""H"", ""H"", ""H"", ""H"", ""H"", ""H"", ""H"", ""H"", ""H"", ""H"", ""H"", ""H"", ""H"", ""H"", ""H"", ""H"", ""H"", ""H"", ""H"", ""H"", ""H"", ""H"", ""H"", ""H"", ""H"", ""H"", ""H"", ""N"", ""C"", ""C"", ""C"", ""C"", ""C"", ""C"", ""C"", ""C"", ""O"", ""C"", ""C"", ""C"", ""C"", ""C"", ""N"", ""C"", ""C"", ""C"", ""C"", ""C"", ""C"", ""C"", ""C"", ""C"", ""C"", ""C"", ""C"", ""C"", ""C"", ""C"", ""C"", ""C"", ""C"", ""C"", ""C"", ""C"", ""C"", ""C"", ""C"", ""O"", ""C"", ""C"", ""C"", ""H"", ""H"", ""H"", ""H"", ""H"", ""H"", ""H"", ""H"", ""H"", ""H"", ""H"", ""H"", ""H"", ""H"", ""H"", ""H"", ""H"", ""H"", ""H"", ""H"", ""H"", ""H"", ""H"", ""H"", ""H"", ""H"", ""H"", ""H"", ""H"", ""H""]",C160H120N8O8,"[true, true, true]","[18.597154501029657, 0.0, 0.0, 9.298577250514828, 19.300470262566353, 0.0, 8.078646152830412, 3.2990543528912664, 50.66074560022941]",18183.855318012018,[],"{""cutoff=6.000_skin=0.000"": 7698, ""cutoff=6.000_skin=0.500"": 8862}",0.0,,
OPT-RF-U256-ROFA-MIX-R256-v1,c9380bd69d0e1d094657eddf3b59489be4b1936561d28466835006a1e050ca76,OPT-RF-U256-ROFA-MIX-R256-v1:0215,A_corrH_c4_m1111_5376_296,c70fd40f8fe6d3cc0950119e4b208b1d343072854bff5a6b523a50fd82641134,215,cross_family_test_set,rof-a/structures/A_corrH_c4_m1111_5376_296.cif,da4318d1662b8b8d30f36870a0d808de06c7cd77e50396893de9643590ca8da3,c70fd40f8fe6d3cc0950119e4b208b1d343072854bff5a6b523a50fd82641134,0,296,"[""N"", ""C"", ""C"", ""C"", ""C"", ""C"", ""C"", ""C"", ""C"", ""O"", ""C"", ""C"", ""C"", ""C"", ""C"", ""N"", ""C"", ""C"", ""C"", ""C"", ""C"", ""C"", ""C"", ""C"", ""C"", ""C"", ""C"", ""C"", ""C"", ""C"", ""C"", ""C"", ""C"", ""C"", ""C"", ""C"", ""C"", ""C"", ""C"", ""C"", ""O"", ""C"", ""C"", ""C"", ""H"", ""H"", ""H"", ""H"", ""H"", ""H"", ""H"", ""H"", ""H"", ""H"", ""H"", ""H"", ""H"", ""H"", ""H"", ""H"", ""H"", ""H"", ""H"", ""H"", ""H"", ""H"", ""H"", ""H"", ""H"", ""H"", ""H"", ""H"", ""H"", ""H"", ""N"", ""C"", ""C"", ""C"", ""C"", ""C"", ""C"", ""C"", ""C"", ""O"", ""C"", ""C"", ""C"", ""C"", ""C"", ""N"", ""C"", ""C"", ""C"", ""C"", ""C"", ""C"", ""C"", ""C"", ""C"", ""C"", ""C"", ""C"", ""C"", ""C"", ""C"", ""C"", ""C"", ""C"", ""C"", ""C"", ""C"", ""C"", ""C"", ""C"", ""O"", ""C"", ""C"", ""C"", ""H"", ""H"", ""H"", ""H"", ""H"", ""H"", ""H"", ""H"", ""H"", ""H"", ""H"", ""H"", ""H"", ""H"", ""H"", ""H"", ""H"", ""H"", ""H"", ""H"", ""H"", ""H"", ""H"", ""H"", ""H"", ""H"", ""H"", ""H"", ""H"", ""H"", ""N"", ""C"", ""C"", ""C"", ""C"", ""C"", ""C"", ""C"", ""C"", ""O"", ""C"", ""C"", ""C"", ""C"", ""C"", ""N"", ""C"", ""C"", ""C"", ""C"", ""C"", ""C"", ""C"", ""C"", ""C"", ""C"", ""C"", ""C"", ""C"", ""C"", ""C"", ""C"", ""C"", ""C"", ""C"", ""C"", ""C"", ""C"", ""C"", ""C"", ""O"", ""C"", ""C"", ""C"", ""H"", ""H"", ""H"", ""H"", ""H"", ""H"", ""H"", ""H"", ""H"", ""H"", ""H"", ""H"", ""H"", ""H"", ""H"", ""H"", ""H"", ""H"", ""H"", ""H"", ""H"", ""H"", ""H"", ""H"", ""H"", ""H"", ""H"", ""H"", ""H"", ""H"", ""N"", ""C"", ""C"", ""C"", ""C"", ""C"", ""C"", ""C"", ""C"", ""O"", ""C"", ""C"", ""C"", ""C"", ""C"", ""N"", ""C"", ""C"", ""C"", ""C"", ""C"", ""C"", ""C"", ""C"", ""C"", ""C"", ""C"", ""C"", ""C"", ""C"", ""C"", ""C"", ""C"", ""C"", ""C"", ""C"", ""C"", ""C"", ""C"", ""C"", ""O"", ""C"", ""C"", ""C"", ""H"", ""H"", ""H"", ""H"", ""H"", ""H"", ""H"", ""H"", ""H"", ""H"", ""H"", ""H"", ""H"", ""H"", ""H"", ""H"", ""H"", ""H"", ""H"", ""H"", ""H"", ""H"", ""H"", ""H"", ""H"", ""H"", ""H"", ""H"", ""H"", ""H""]",C160H120N8O8,"[true, true, true]","[21.42362460556103, 0.0, 0.0, 2.041511155836892, 32.534981644198524, 0.0, 3.6627371714308934, 14.539416130003865, 30.152930794838287]",21017.1123983275,[],"{""cutoff=6.000_skin=0.000"": 7698, ""cutoff=6.000_skin=0.500"": 8858}",0.0,,
OPT-RF-U256-ROFA-MIX-R256-v1,c9380bd69d0e1d094657eddf3b59489be4b1936561d28466835006a1e050ca76,OPT-RF-U256-ROFA-MIX-R256-v1:0216,A_corrH_c4_m1111_2196_296,5941f07766f8c96aa90bfee8b947162779e604902044243f2f78abbe20ef68f6,216,cross_family_test_set,rof-a/structures/A_corrH_c4_m1111_2196_296.cif,3985bc670c0823cdb59713674532d1f6b00c207369b9a131e4f5dd6d205fa538,5941f07766f8c96aa90bfee8b947162779e604902044243f2f78abbe20ef68f6,0,296,"[""N"", ""C"", ""C"", ""C"", ""C"", ""C"", ""C"", ""C"", ""C"", ""O"", ""C"", ""C"", ""C"", ""C"", ""C"", ""N"", ""C"", ""C"", ""C"", ""C"", ""C"", ""C"", ""C"", ""C"", ""C"", ""C"", ""C"", ""C"", ""C"", ""C"", ""C"", ""C"", ""C"", ""C"", ""C"", ""C"", ""C"", ""C"", ""C"", ""C"", ""O"", ""C"", ""C"", ""C"", ""H"", ""H"", ""H"", ""H"", ""H"", ""H"", ""H"", ""H"", ""H"", ""H"", ""H"", ""H"", ""H"", ""H"", ""H"", ""H"", ""H"", ""H"", ""H"", ""H"", ""H"", ""H"", ""H"", ""H"", ""H"", ""H"", ""H"", ""H"", ""H"", ""H"", ""N"", ""C"", ""C"", ""C"", ""C"", ""C"", ""C"", ""C"", ""C"", ""O"", ""C"", ""C"", ""C"", ""C"", ""C"", ""N"", ""C"", ""C"", ""C"", ""C"", ""C"", ""C"", ""C"", ""C"", ""C"", ""C"", ""C"", ""C"", ""C"", ""C"", ""C"", ""C"", ""C"", ""C"", ""C"", ""C"", ""C"", ""C"", ""C"", ""C"", ""O"", ""C"", ""C"", ""C"", ""H"", ""H"", ""H"", ""H"", ""H"", ""H"", ""H"", ""H"", ""H"", ""H"", ""H"", ""H"", ""H"", ""H"", ""H"", ""H"", ""H"", ""H"", ""H"", ""H"", ""H"", ""H"", ""H"", ""H"", ""H"", ""H"", ""H"", ""H"", ""H"", ""H"", ""N"", ""C"", ""C"", ""C"", ""C"", ""C"", ""C"", ""C"", ""C"", ""O"", ""C"", ""C"", ""C"", ""C"", ""C"", ""N"", ""C"", ""C"", ""C"", ""C"", ""C"", ""C"", ""C"", ""C"", ""C"", ""C"", ""C"", ""C"", ""C"", ""C"", ""C"", ""C"", ""C"", ""C"", ""C"", ""C"", ""C"", ""C"", ""C"", ""C"", ""O"", ""C"", ""C"", ""C"", ""H"", ""H"", ""H"", ""H"", ""H"", ""H"", ""H"", ""H"", ""H"", ""H"", ""H"", ""H"", ""H"", ""H"", ""H"", ""H"", ""H"", ""H"", ""H"", ""H"", ""H"", ""H"", ""H"", ""H"", ""H"", ""H"", ""H"", ""H"", ""H"", ""H"", ""N"", ""C"", ""C"", ""C"", ""C"", ""C"", ""C"", ""C"", ""C"", ""O"", ""C"", ""C"", ""C"", ""C"", ""C"", ""N"", ""C"", ""C"", ""C"", ""C"", ""C"", ""C"", ""C"", ""C"", ""C"", ""C"", ""C"", ""C"", ""C"", ""C"", ""C"", ""C"", ""C"", ""C"", ""C"", ""C"", ""C"", ""C"", ""C"", ""C"", ""O"", ""C"", ""C"", ""C"", ""H"", ""H"", ""H"", ""H"", ""H"", ""H"", ""H"", ""H"", ""H"", ""H"", ""H"", ""H"", ""H"", ""H"", ""H"", ""H"", ""H"", ""H"", ""H"", ""H"", ""H"", ""H"", ""H"", ""H"", ""H"", ""H"", ""H"", ""H"", ""H"", ""H""]",C160H120N8O8,"[true, true, true]","[21.42362460556103, 0.0, 0.0, -2.2802513965418076, 39.10227554033077, 0.0, -4.912222174944297, -6.805863985163983, 78.0381053650878]",65373.49418674155,[],"{""cutoff=6.000_skin=0.000"": 7700, ""cutoff=6.000_skin=0.500"": 8834}",0.0,,
OPT-RF-U256-ROFA-MIX-R256-v1,c9380bd69d0e1d094657eddf3b59489be4b1936561d28466835006a1e050ca76,OPT-RF-U256-ROFA-MIX-R256-v1:0217,A_corrH_c2-2_m11-11_2803_296,d465208842934eac70ba16d77af7c79aa6bab8234cbb47584432c4c54513d274,217,cross_family_test_set,rof-a/structures/A_corrH_c2-2_m11-11_2803_296.cif,f0cb0002439f4193d682f2ea8adfd16321ad7f3b51f70df4b08edd5d2db90aa6,d465208842934eac70ba16d77af7c79aa6bab8234cbb47584432c4c54513d274,0,296,"[""N"", ""C"", ""C"", ""C"", ""C"", ""C"", ""C"", ""C"", ""C"", ""O"", ""C"", ""C"", ""C"", ""C"", ""C"", ""N"", ""C"", ""C"", ""C"", ""C"", ""C"", ""C"", ""C"", ""C"", ""C"", ""C"", ""C"", ""C"", ""C"", ""C"", ""C"", ""C"", ""C"", ""C"", ""C"", ""C"", ""C"", ""C"", ""C"", ""C"", ""O"", ""C"", ""C"", ""C"", ""H"", ""H"", ""H"", ""H"", ""H"", ""H"", ""H"", ""H"", ""H"", ""H"", ""H"", ""H"", ""H"", ""H"", ""H"", ""H"", ""H"", ""H"", ""H"", ""H"", ""H"", ""H"", ""H"", ""H"", ""H"", ""H"", ""H"", ""H"", ""H"", ""H"", ""N"", ""C"", ""C"", ""C"", ""C"", ""C"", ""C"", ""C"", ""C"", ""O"", ""C"", ""C"", ""C"", ""C"", ""C"", ""N"", ""C"", ""C"", ""C"", ""C"", ""C"", ""C"", ""C"", ""C"", ""C"", ""C"", ""C"", ""C"", ""C"", ""C"", ""C"", ""C"", ""C"", ""C"", ""C"", ""C"", ""C"", ""C"", ""C"", ""C"", ""O"", ""C"", ""C"", ""C"", ""H"", ""H"", ""H"", ""H"", ""H"", ""H"", ""H"", ""H"", ""H"", ""H"", ""H"", ""H"", ""H"", ""H"", ""H"", ""H"", ""H"", ""H"", ""H"", ""H"", ""H"", ""H"", ""H"", ""H"", ""H"", ""H"", ""H"", ""H"", ""H"", ""H"", ""N"", ""C"", ""C"", ""C"", ""C"", ""C"", ""C"", ""C"", ""C"", ""O"", ""C"", ""C"", ""C"", ""C"", ""C"", ""N"", ""C"", ""C"", ""C"", ""C"", ""C"", ""C"", ""C"", ""C"", ""C"", ""C"", ""C"", ""C"", ""C"", ""C"", ""C"", ""C"", ""C"", ""C"", ""C"", ""C"", ""C"", ""C"", ""C"", ""C"", ""O"", ""C"", ""C"", ""C"", ""H"", ""H"", ""H"", ""H"", ""H"", ""H"", ""H"", ""H"", ""H"", ""H"", ""H"", ""H"", ""H"", ""H"", ""H"", ""H"", ""H"", ""H"", ""H"", ""H"", ""H"", ""H"", ""H"", ""H"", ""H"", ""H"", ""H"", ""H"", ""H"", ""H"", ""N"", ""C"", ""C"", ""C"", ""C"", ""C"", ""C"", ""C"", ""C"", ""O"", ""C"", ""C"", ""C"", ""C"", ""C"", ""N"", ""C"", ""C"", ""C"", ""C"", ""C"", ""C"", ""C"", ""C"", ""C"", ""C"", ""C"", ""C"", ""C"", ""C"", ""C"", ""C"", ""C"", ""C"", ""C"", ""C"", ""C"", ""C"", ""C"", ""C"", ""O"", ""C"", ""C"", ""C"", ""H"", ""H"", ""H"", ""H"", ""H"", ""H"", ""H"", ""H"", ""H"", ""H"", ""H"", ""H"", ""H"", ""H"", ""H"", ""H"", ""H"", ""H"", ""H"", ""H"", ""H"", ""H"", ""H"", ""H"", ""H"", ""H"", ""H"", ""H"", ""H"", ""H""]",C160H120N8O8,"[true, true, true]","[21.42362460556103, 0.0, 0.0, -4.864223422855181, 20.864108457649166, 0.0, -8.437315852286591, -9.018618692589648, 52.05527303499557]",23267.917228975373,[],"{""cutoff=6.000_skin=0.000"": 7716, ""cutoff=6.000_skin=0.500"": 8840}",0.0,,
OPT-RF-U256-ROFA-MIX-R256-v1,c9380bd69d0e1d094657eddf3b59489be4b1936561d28466835006a1e050ca76,OPT-RF-U256-ROFA-MIX-R256-v1:0218,A_corrH_c2-2_m11-11_270_296,37ecca6453fd9c7ca705d4e58abb07be245cfc9129fae3cf70ad9d272e72991a,218,cross_family_test_set,rof-a/structures/A_corrH_c2-2_m11-11_270_296.cif,b90a270de7dde95399aaa9a17d6556da6f2f8821c4b38d2dac5ac801b361694d,37ecca6453fd9c7ca705d4e58abb07be245cfc9129fae3cf70ad9d272e72991a,0,296,"[""N"", ""C"", ""C"", ""C"", ""C"", ""C"", ""C"", ""C"", ""C"", ""O"", ""C"", ""C"", ""C"", ""C"", ""C"", ""N"", ""C"", ""C"", ""C"", ""C"", ""C"", ""C"", ""C"", ""C"", ""C"", ""C"", ""C"", ""C"", ""C"", ""C"", ""C"", ""C"", ""C"", ""C"", ""C"", ""C"", ""C"", ""C"", ""C"", ""C"", ""O"", ""C"", ""C"", ""C"", ""H"", ""H"", ""H"", ""H"", ""H"", ""H"", ""H"", ""H"", ""H"", ""H"", ""H"", ""H"", ""H"", ""H"", ""H"", ""H"", ""H"", ""H"", ""H"", ""H"", ""H"", ""H"", ""H"", ""H"", ""H"", ""H"", ""H"", ""H"", ""H"", ""H"", ""N"", ""C"", ""C"", ""C"", ""C"", ""C"", ""C"", ""C"", ""C"", ""O"", ""C"", ""C"", ""C"", ""C"", ""C"", ""N"", ""C"", ""C"", ""C"", ""C"", ""C"", ""C"", ""C"", ""C"", ""C"", ""C"", ""C"", ""C"", ""C"", ""C"", ""C"", ""C"", ""C"", ""C"", ""C"", ""C"", ""C"", ""C"", ""C"", ""C"", ""O"", ""C"", ""C"", ""C"", ""H"", ""H"", ""H"", ""H"", ""H"", ""H"", ""H"", ""H"", ""H"", ""H"", ""H"", ""H"", ""H"", ""H"", ""H"", ""H"", ""H"", ""H"", ""H"", ""H"", ""H"", ""H"", ""H"", ""H"", ""H"", ""H"", ""H"", ""H"", ""H"", ""H"", ""N"", ""C"", ""C"", ""C"", ""C"", ""C"", ""C"", ""C"", ""C"", ""O"", ""C"", ""C"", ""C"", ""C"", ""C"", ""N"", ""C"", ""C"", ""C"", ""C"", ""C"", ""C"", ""C"", ""C"", ""C"", ""C"", ""C"", ""C"", ""C"", ""C"", ""C"", ""C"", ""C"", ""C"", ""C"", ""C"", ""C"", ""C"", ""C"", ""C"", ""O"", ""C"", ""C"", ""C"", ""H"", ""H"", ""H"", ""H"", ""H"", ""H"", ""H"", ""H"", ""H"", ""H"", ""H"", ""H"", ""H"", ""H"", ""H"", ""H"", ""H"", ""H"", ""H"", ""H"", ""H"", ""H"", ""H"", ""H"", ""H"", ""H"", ""H"", ""H"", ""H"", ""H"", ""N"", ""C"", ""C"", ""C"", ""C"", ""C"", ""C"", ""C"", ""C"", ""O"", ""C"", ""C"", ""C"", ""C"", ""C"", ""N"", ""C"", ""C"", ""C"", ""C"", ""C"", ""C"", ""C"", ""C"", ""C"", ""C"", ""C"", ""C"", ""C"", ""C"", ""C"", ""C"", ""C"", ""C"", ""C"", ""C"", ""C"", ""C"", ""C"", ""C"", ""O"", ""C"", ""C"", ""C"", ""H"", ""H"", ""H"", ""H"", ""H"", ""H"", ""H"", ""H"", ""H"", ""H"", ""H"", ""H"", ""H"", ""H"", ""H"", ""H"", ""H"", ""H"", ""H"", ""H"", ""H"", ""H"", ""H"", ""H"", ""H"", ""H"", ""H"", ""H"", ""H"", ""H""]",C160H120N8O8,"[true, true, true]","[19.518283352487604, 0.0, 0.0, 9.759141676243798, 19.071728945824535, 0.0, 7.141200551322895, 7.498684972810163, 51.43911606728968]",19148.077707464945,[],"{""cutoff=6.000_skin=0.000"": 7718, ""cutoff=6.000_skin=0.500"": 8886}",0.0,,
OPT-RF-U256-ROFA-MIX-R256-v1,c9380bd69d0e1d094657eddf3b59489be4b1936561d28466835006a1e050ca76,OPT-RF-U256-ROFA-MIX-R256-v1:0219,A_corrH_c2-2_m11-11_5219_296,b7674cc54f7c4143a14b384b4ddcc36e7775209fa4292aabee3ff483db581063,219,cross_family_test_set,rof-a/structures/A_corrH_c2-2_m11-11_5219_296.cif,33796c57abc1597dec69a776e12584f11fd0470a3bf1490ada5e08f025957e38,b7674cc54f7c4143a14b384b4ddcc36e7775209fa4292aabee3ff483db581063,0,296,"[""N"", ""C"", ""C"", ""C"", ""C"", ""C"", ""C"", ""C"", ""C"", ""O"", ""C"", ""C"", ""C"", ""C"", ""C"", ""N"", ""C"", ""C"", ""C"", ""C"", ""C"", ""C"", ""C"", ""C"", ""C"", ""C"", ""C"", ""C"", ""C"", ""C"", ""C"", ""C"", ""C"", ""C"", ""C"", ""C"", ""C"", ""C"", ""C"", ""C"", ""O"", ""C"", ""C"", ""C"", ""H"", ""H"", ""H"", ""H"", ""H"", ""H"", ""H"", ""H"", ""H"", ""H"", ""H"", ""H"", ""H"", ""H"", ""H"", ""H"", ""H"", ""H"", ""H"", ""H"", ""H"", ""H"", ""H"", ""H"", ""H"", ""H"", ""H"", ""H"", ""H"", ""H"", ""N"", ""C"", ""C"", ""C"", ""C"", ""C"", ""C"", ""C"", ""C"", ""O"", ""C"", ""C"", ""C"", ""C"", ""C"", ""N"", ""C"", ""C"", ""C"", ""C"", ""C"", ""C"", ""C"", ""C"", ""C"", ""C"", ""C"", ""C"", ""C"", ""C"", ""C"", ""C"", ""C"", ""C"", ""C"", ""C"", ""C"", ""C"", ""C"", ""C"", ""O"", ""C"", ""C"", ""C"", ""H"", ""H"", ""H"", ""H"", ""H"", ""H"", ""H"", ""H"", ""H"", ""H"", ""H"", ""H"", ""H"", ""H"", ""H"", ""H"", ""H"", ""H"", ""H"", ""H"", ""H"", ""H"", ""H"", ""H"", ""H"", ""H"", ""H"", ""H"", ""H"", ""H"", ""N"", ""C"", ""C"", ""C"", ""C"", ""C"", ""C"", ""C"", ""C"", ""O"", ""C"", ""C"", ""C"", ""C"", ""C"", ""N"", ""C"", ""C"", ""C"", ""C"", ""C"", ""C"", ""C"", ""C"", ""C"", ""C"", ""C"", ""C"", ""C"", ""C"", ""C"", ""C"", ""C"", ""C"", ""C"", ""C"", ""C"", ""C"", ""C"", ""C"", ""O"", ""C"", ""C"", ""C"", ""H"", ""H"", ""H"", ""H"", ""H"", ""H"", ""H"", ""H"", ""H"", ""H"", ""H"", ""H"", ""H"", ""H"", ""H"", ""H"", ""H"", ""H"", ""H"", ""H"", ""H"", ""H"", ""H"", ""H"", ""H"", ""H"", ""H"", ""H"", ""H"", ""H"", ""N"", ""C"", ""C"", ""C"", ""C"", ""C"", ""C"", ""C"", ""C"", ""O"", ""C"", ""C"", ""C"", ""C"", ""C"", ""N"", ""C"", ""C"", ""C"", ""C"", ""C"", ""C"", ""C"", ""C"", ""C"", ""C"", ""C"", ""C"", ""C"", ""C"", ""C"", ""C"", ""C"", ""C"", ""C"", ""C"", ""C"", ""C"", ""C"", ""C"", ""O"", ""C"", ""C"", ""C"", ""H"", ""H"", ""H"", ""H"", ""H"", ""H"", ""H"", ""H"", ""H"", ""H"", ""H"", ""H"", ""H"", ""H"", ""H"", ""H"", ""H"", ""H"", ""H"", ""H"", ""H"", ""H"", ""H"", ""H"", ""H"", ""H"", ""H"", ""H"", ""H"", ""H""]",C160H120N8O8,"[true, true, true]","[21.42362460556103, 0.0, 0.0, 4.137430352373943, 21.02030830695056, 0.0, 7.60838718314122, 0.0095245697732713, 57.097850013621915]",25712.942986384925,[],"{""cutoff=6.000_skin=0.000"": 7720, ""cutoff=6.000_skin=0.500"": 8856}",0.0,,
OPT-RF-U256-ROFA-MIX-R256-v1,c9380bd69d0e1d094657eddf3b59489be4b1936561d28466835006a1e050ca76,OPT-RF-U256-ROFA-MIX-R256-v1:0220,A_corrH_c4_m1111_4925_296,a04335cad52b12a48975067ef3c1420b2381481586262c7c2fa688f90bbea68f,220,cross_family_test_set,rof-a/structures/A_corrH_c4_m1111_4925_296.cif,0d03e74d45ce9978dd10944c7250a584497e8ab0fa5ad8a2b7950f0e23cffe1b,a04335cad52b12a48975067ef3c1420b2381481586262c7c2fa688f90bbea68f,0,296,"[""N"", ""C"", ""C"", ""C"", ""C"", ""C"", ""C"", ""C"", ""C"", ""O"", ""C"", ""C"", ""C"", ""C"", ""C"", ""N"", ""C"", ""C"", ""C"", ""C"", ""C"", ""C"", ""C"", ""C"", ""C"", ""C"", ""C"", ""C"", ""C"", ""C"", ""C"", ""C"", ""C"", ""C"", ""C"", ""C"", ""C"", ""C"", ""C"", ""C"", ""O"", ""C"", ""C"", ""C"", ""H"", ""H"", ""H"", ""H"", ""H"", ""H"", ""H"", ""H"", ""H"", ""H"", ""H"", ""H"", ""H"", ""H"", ""H"", ""H"", ""H"", ""H"", ""H"", ""H"", ""H"", ""H"", ""H"", ""H"", ""H"", ""H"", ""H"", ""H"", ""H"", ""H"", ""N"", ""C"", ""C"", ""C"", ""C"", ""C"", ""C"", ""C"", ""C"", ""O"", ""C"", ""C"", ""C"", ""C"", ""C"", ""N"", ""C"", ""C"", ""C"", ""C"", ""C"", ""C"", ""C"", ""C"", ""C"", ""C"", ""C"", ""C"", ""C"", ""C"", ""C"", ""C"", ""C"", ""C"", ""C"", ""C"", ""C"", ""C"", ""C"", ""C"", ""O"", ""C"", ""C"", ""C"", ""H"", ""H"", ""H"", ""H"", ""H"", ""H"", ""H"", ""H"", ""H"", ""H"", ""H"", ""H"", ""H"", ""H"", ""H"", ""H"", ""H"", ""H"", ""H"", ""H"", ""H"", ""H"", ""H"", ""H"", ""H"", ""H"", ""H"", ""H"", ""H"", ""H"", ""N"", ""C"", ""C"", ""C"", ""C"", ""C"", ""C"", ""C"", ""C"", ""O"", ""C"", ""C"", ""C"", ""C"", ""C"", ""N"", ""C"", ""C"", ""C"", ""C"", ""C"", ""C"", ""C"", ""C"", ""C"", ""C"", ""C"", ""C"", ""C"", ""C"", ""C"", ""C"", ""C"", ""C"", ""C"", ""C"", ""C"", ""C"", ""C"", ""C"", ""O"", ""C"", ""C"", ""C"", ""H"", ""H"", ""H"", ""H"", ""H"", ""H"", ""H"", ""H"", ""H"", ""H"", ""H"", ""H"", ""H"", ""H"", ""H"", ""H"", ""H"", ""H"", ""H"", ""H"", ""H"", ""H"", ""H"", ""H"", ""H"", ""H"", ""H"", ""H"", ""H"", ""H"", ""N"", ""C"", ""C"", ""C"", ""C"", ""C"", ""C"", ""C"", ""C"", ""O"", ""C"", ""C"", ""C"", ""C"", ""C"", ""N"", ""C"", ""C"", ""C"", ""C"", ""C"", ""C"", ""C"", ""C"", ""C"", ""C"", ""C"", ""C"", ""C"", ""C"", ""C"", ""C"", ""C"", ""C"", ""C"", ""C"", ""C"", ""C"", ""C"", ""C"", ""O"", ""C"", ""C"", ""C"", ""H"", ""H"", ""H"", ""H"", ""H"", ""H"", ""H"", ""H"", ""H"", ""H"", ""H"", ""H"", ""H"", ""H"", ""H"", ""H"", ""H"", ""H"", ""H"", ""H"", ""H"", ""H"", ""H"", ""H"", ""H"", ""H"", ""H"", ""H"", ""H"", ""H""]",C160H120N8O8,"[true, true, true]","[21.42362460556103, 0.0, 0.0, -0.4797813824938131, 27.583036229998417, 0.0, -0.7623297384208539, -9.567499242324184, 53.215529615853676]",31446.57914177492,[],"{""cutoff=6.000_skin=0.000"": 7724, ""cutoff=6.000_skin=0.500"": 8872}",0.0,,
OPT-RF-U256-ROFA-MIX-R256-v1,c9380bd69d0e1d094657eddf3b59489be4b1936561d28466835006a1e050ca76,OPT-RF-U256-ROFA-MIX-R256-v1:0221,A_corrH_c2-2_m11-11_4744_296,cc32bd33ab4ed1b72d8fa425a5c81ad1b82b11832aae3e90ae6abf83a1240e57,221,cross_family_test_set,rof-a/structures/A_corrH_c2-2_m11-11_4744_296.cif,b95b87ac7a161ebd4a29f086a756c6b76aea5de13096756024af59cc5be34bb6,cc32bd33ab4ed1b72d8fa425a5c81ad1b82b11832aae3e90ae6abf83a1240e57,0,296,"[""N"", ""C"", ""C"", ""C"", ""C"", ""C"", ""C"", ""C"", ""C"", ""O"", ""C"", ""C"", ""C"", ""C"", ""C"", ""N"", ""C"", ""C"", ""C"", ""C"", ""C"", ""C"", ""C"", ""C"", ""C"", ""C"", ""C"", ""C"", ""C"", ""C"", ""C"", ""C"", ""C"", ""C"", ""C"", ""C"", ""C"", ""C"", ""C"", ""C"", ""O"", ""C"", ""C"", ""C"", ""H"", ""H"", ""H"", ""H"", ""H"", ""H"", ""H"", ""H"", ""H"", ""H"", ""H"", ""H"", ""H"", ""H"", ""H"", ""H"", ""H"", ""H"", ""H"", ""H"", ""H"", ""H"", ""H"", ""H"", ""H"", ""H"", ""H"", ""H"", ""H"", ""H"", ""N"", ""C"", ""C"", ""C"", ""C"", ""C"", ""C"", ""C"", ""C"", ""O"", ""C"", ""C"", ""C"", ""C"", ""C"", ""N"", ""C"", ""C"", ""C"", ""C"", ""C"", ""C"", ""C"", ""C"", ""C"", ""C"", ""C"", ""C"", ""C"", ""C"", ""C"", ""C"", ""C"", ""C"", ""C"", ""C"", ""C"", ""C"", ""C"", ""C"", ""O"", ""C"", ""C"", ""C"", ""H"", ""H"", ""H"", ""H"", ""H"", ""H"", ""H"", ""H"", ""H"", ""H"", ""H"", ""H"", ""H"", ""H"", ""H"", ""H"", ""H"", ""H"", ""H"", ""H"", ""H"", ""H"", ""H"", ""H"", ""H"", ""H"", ""H"", ""H"", ""H"", ""H"", ""N"", ""C"", ""C"", ""C"", ""C"", ""C"", ""C"", ""C"", ""C"", ""O"", ""C"", ""C"", ""C"", ""C"", ""C"", ""N"", ""C"", ""C"", ""C"", ""C"", ""C"", ""C"", ""C"", ""C"", ""C"", ""C"", ""C"", ""C"", ""C"", ""C"", ""C"", ""C"", ""C"", ""C"", ""C"", ""C"", ""C"", ""C"", ""C"", ""C"", ""O"", ""C"", ""C"", ""C"", ""H"", ""H"", ""H"", ""H"", ""H"", ""H"", ""H"", ""H"", ""H"", ""H"", ""H"", ""H"", ""H"", ""H"", ""H"", ""H"", ""H"", ""H"", ""H"", ""H"", ""H"", ""H"", ""H"", ""H"", ""H"", ""H"", ""H"", ""H"", ""H"", ""H"", ""N"", ""C"", ""C"", ""C"", ""C"", ""C"", ""C"", ""C"", ""C"", ""O"", ""C"", ""C"", ""C"", ""C"", ""C"", ""N"", ""C"", ""C"", ""C"", ""C"", ""C"", ""C"", ""C"", ""C"", ""C"", ""C"", ""C"", ""C"", ""C"", ""C"", ""C"", ""C"", ""C"", ""C"", ""C"", ""C"", ""C"", ""C"", ""C"", ""C"", ""O"", ""C"", ""C"", ""C"", ""H"", ""H"", ""H"", ""H"", ""H"", ""H"", ""H"", ""H"", ""H"", ""H"", ""H"", ""H"", ""H"", ""H"", ""H"", ""H"", ""H"", ""H"", ""H"", ""H"", ""H"", ""H"", ""H"", ""H"", ""H"", ""H"", ""H"", ""H"", ""H"", ""H""]",C160H120N8O8,"[true, true, true]","[21.42362460556103, 0.0, 0.0, 8.462701916176941, 19.681320268669356, 0.0, 4.333932230766068, -0.18931554330541792, 55.07286383377467]",23221.209631794864,[],"{""cutoff=6.000_skin=0.000"": 7728, ""cutoff=6.000_skin=0.500"": 8880}",0.0,,
OPT-RF-U256-ROFA-MIX-R256-v1,c9380bd69d0e1d094657eddf3b59489be4b1936561d28466835006a1e050ca76,OPT-RF-U256-ROFA-MIX-R256-v1:0222,A_corrH_c4_m1111_270_296,25fe8ae341339bca363f533f3cfaf47cc645664b74f45502c0dd377d1ff8573a,222,cross_family_test_set,rof-a/structures/A_corrH_c4_m1111_270_296.cif,a3e62eed29dcf107609c6eee7bf1c7e1fb86b6bd52f65dc9178515448affcf0a,25fe8ae341339bca363f533f3cfaf47cc645664b74f45502c0dd377d1ff8573a,0,296,"[""N"", ""C"", ""C"", ""C"", ""C"", ""C"", ""C"", ""C"", ""C"", ""O"", ""C"", ""C"", ""C"", ""C"", ""C"", ""N"", ""C"", ""C"", ""C"", ""C"", ""C"", ""C"", ""C"", ""C"", ""C"", ""C"", ""C"", ""C"", ""C"", ""C"", ""C"", ""C"", ""C"", ""C"", ""C"", ""C"", ""C"", ""C"", ""C"", ""C"", ""O"", ""C"", ""C"", ""C"", ""H"", ""H"", ""H"", ""H"", ""H"", ""H"", ""H"", ""H"", ""H"", ""H"", ""H"", ""H"", ""H"", ""H"", ""H"", ""H"", ""H"", ""H"", ""H"", ""H"", ""H"", ""H"", ""H"", ""H"", ""H"", ""H"", ""H"", ""H"", ""H"", ""H"", ""N"", ""C"", ""C"", ""C"", ""C"", ""C"", ""C"", ""C"", ""C"", ""O"", ""C"", ""C"", ""C"", ""C"", ""C"", ""N"", ""C"", ""C"", ""C"", ""C"", ""C"", ""C"", ""C"", ""C"", ""C"", ""C"", ""C"", ""C"", ""C"", ""C"", ""C"", ""C"", ""C"", ""C"", ""C"", ""C"", ""C"", ""C"", ""C"", ""C"", ""O"", ""C"", ""C"", ""C"", ""H"", ""H"", ""H"", ""H"", ""H"", ""H"", ""H"", ""H"", ""H"", ""H"", ""H"", ""H"", ""H"", ""H"", ""H"", ""H"", ""H"", ""H"", ""H"", ""H"", ""H"", ""H"", ""H"", ""H"", ""H"", ""H"", ""H"", ""H"", ""H"", ""H"", ""N"", ""C"", ""C"", ""C"", ""C"", ""C"", ""C"", ""C"", ""C"", ""O"", ""C"", ""C"", ""C"", ""C"", ""C"", ""N"", ""C"", ""C"", ""C"", ""C"", ""C"", ""C"", ""C"", ""C"", ""C"", ""C"", ""C"", ""C"", ""C"", ""C"", ""C"", ""C"", ""C"", ""C"", ""C"", ""C"", ""C"", ""C"", ""C"", ""C"", ""O"", ""C"", ""C"", ""C"", ""H"", ""H"", ""H"", ""H"", ""H"", ""H"", ""H"", ""H"", ""H"", ""H"", ""H"", ""H"", ""H"", ""H"", ""H"", ""H"", ""H"", ""H"", ""H"", ""H"", ""H"", ""H"", ""H"", ""H"", ""H"", ""H"", ""H"", ""H"", ""H"", ""H"", ""N"", ""C"", ""C"", ""C"", ""C"", ""C"", ""C"", ""C"", ""C"", ""O"", ""C"", ""C"", ""C"", ""C"", ""C"", ""N"", ""C"", ""C"", ""C"", ""C"", ""C"", ""C"", ""C"", ""C"", ""C"", ""C"", ""C"", ""C"", ""C"", ""C"", ""C"", ""C"", ""C"", ""C"", ""C"", ""C"", ""C"", ""C"", ""C"", ""C"", ""O"", ""C"", ""C"", ""C"", ""H"", ""H"", ""H"", ""H"", ""H"", ""H"", ""H"", ""H"", ""H"", ""H"", ""H"", ""H"", ""H"", ""H"", ""H"", ""H"", ""H"", ""H"", ""H"", ""H"", ""H"", ""H"", ""H"", ""H"", ""H"", ""H"", ""H"", ""H"", ""H"", ""H""]",C160H120N8O8,"[true, true, true]","[21.42362460556103, 0.0, 0.0, -6.494179690559422, 37.82023796572368, 0.0, -0.8381605279801776, -14.010451130964102, 58.92482504475276]",47743.638009127244,[],"{""cutoff=6.000_skin=0.000"": 7732, ""cutoff=6.000_skin=0.500"": 8880}",0.0,,
OPT-RF-U256-ROFA-MIX-R256-v1,c9380bd69d0e1d094657eddf3b59489be4b1936561d28466835006a1e050ca76,OPT-RF-U256-ROFA-MIX-R256-v1:0223,A_corrH_c4_m1111_5253_296,4c6c6c2352636ee2b68f55c05878558709679459a8950e695ba066dcfd8286a4,223,cross_family_test_set,rof-a/structures/A_corrH_c4_m1111_5253_296.cif,3cccf37c910a3c563847cf7b49e7c0ffbb3b50530bc2c8521d0948da95f632f5,4c6c6c2352636ee2b68f55c05878558709679459a8950e695ba066dcfd8286a4,0,296,"[""N"", ""C"", ""C"", ""C"", ""C"", ""C"", ""C"", ""C"", ""C"", ""O"", ""C"", ""C"", ""C"", ""C"", ""C"", ""N"", ""C"", ""C"", ""C"", ""C"", ""C"", ""C"", ""C"", ""C"", ""C"", ""C"", ""C"", ""C"", ""C"", ""C"", ""C"", ""C"", ""C"", ""C"", ""C"", ""C"", ""C"", ""C"", ""C"", ""C"", ""O"", ""C"", ""C"", ""C"", ""H"", ""H"", ""H"", ""H"", ""H"", ""H"", ""H"", ""H"", ""H"", ""H"", ""H"", ""H"", ""H"", ""H"", ""H"", ""H"", ""H"", ""H"", ""H"", ""H"", ""H"", ""H"", ""H"", ""H"", ""H"", ""H"", ""H"", ""H"", ""H"", ""H"", ""N"", ""C"", ""C"", ""C"", ""C"", ""C"", ""C"", ""C"", ""C"", ""O"", ""C"", ""C"", ""C"", ""C"", ""C"", ""N"", ""C"", ""C"", ""C"", ""C"", ""C"", ""C"", ""C"", ""C"", ""C"", ""C"", ""C"", ""C"", ""C"", ""C"", ""C"", ""C"", ""C"", ""C"", ""C"", ""C"", ""C"", ""C"", ""C"", ""C"", ""O"", ""C"", ""C"", ""C"", ""H"", ""H"", ""H"", ""H"", ""H"", ""H"", ""H"", ""H"", ""H"", ""H"", ""H"", ""H"", ""H"", ""H"", ""H"", ""H"", ""H"", ""H"", ""H"", ""H"", ""H"", ""H"", ""H"", ""H"", ""H"", ""H"", ""H"", ""H"", ""H"", ""H"", ""N"", ""C"", ""C"", ""C"", ""C"", ""C"", ""C"", ""C"", ""C"", ""O"", ""C"", ""C"", ""C"", ""C"", ""C"", ""N"", ""C"", ""C"", ""C"", ""C"", ""C"", ""C"", ""C"", ""C"", ""C"", ""C"", ""C"", ""C"", ""C"", ""C"", ""C"", ""C"", ""C"", ""C"", ""C"", ""C"", ""C"", ""C"", ""C"", ""C"", ""O"", ""C"", ""C"", ""C"", ""H"", ""H"", ""H"", ""H"", ""H"", ""H"", ""H"", ""H"", ""H"", ""H"", ""H"", ""H"", ""H"", ""H"", ""H"", ""H"", ""H"", ""H"", ""H"", ""H"", ""H"", ""H"", ""H"", ""H"", ""H"", ""H"", ""H"", ""H"", ""H"", ""H"", ""N"", ""C"", ""C"", ""C"", ""C"", ""C"", ""C"", ""C"", ""C"", ""O"", ""C"", ""C"", ""C"", ""C"", ""C"", ""N"", ""C"", ""C"", ""C"", ""C"", ""C"", ""C"", ""C"", ""C"", ""C"", ""C"", ""C"", ""C"", ""C"", ""C"", ""C"", ""C"", ""C"", ""C"", ""C"", ""C"", ""C"", ""C"", ""C"", ""C"", ""O"", ""C"", ""C"", ""C"", ""H"", ""H"", ""H"", ""H"", ""H"", ""H"", ""H"", ""H"", ""H"", ""H"", ""H"", ""H"", ""H"", ""H"", ""H"", ""H"", ""H"", ""H"", ""H"", ""H"", ""H"", ""H"", ""H"", ""H"", ""H"", ""H"", ""H"", ""H"", ""H"", ""H""]",C160H120N8O8,"[true, true, true]","[21.42362460556103, 0.0, 0.0, -4.595518089236832, 31.80082569387432, 0.0, -6.686418859641373, -10.179739248827056, 52.65858367230519]",35875.71127403264,[],"{""cutoff=6.000_skin=0.000"": 7746, ""cutoff=6.000_skin=0.500"": 8892}",0.0,,
OPT-RF-U256-ROFA-MIX-R256-v1,c9380bd69d0e1d094657eddf3b59489be4b1936561d28466835006a1e050ca76,OPT-RF-U256-ROFA-MIX-R256-v1:0224,A_corrH_c4_m1111_5961_296,900069ab6c1cb66441b738489a06a1aa2f21c67da7c0b31f1a55cd98b0eb2bb0,224,cross_family_test_set,rof-a/structures/A_corrH_c4_m1111_5961_296.cif,0ae8acebdf48eaa1cec425aadac34f4ba9f1387b0e9f994f5c448b5a3ecc81e3,900069ab6c1cb66441b738489a06a1aa2f21c67da7c0b31f1a55cd98b0eb2bb0,0,296,"[""N"", ""C"", ""C"", ""C"", ""C"", ""C"", ""C"", ""C"", ""C"", ""O"", ""C"", ""C"", ""C"", ""C"", ""C"", ""N"", ""C"", ""C"", ""C"", ""C"", ""C"", ""C"", ""C"", ""C"", ""C"", ""C"", ""C"", ""C"", ""C"", ""C"", ""C"", ""C"", ""C"", ""C"", ""C"", ""C"", ""C"", ""C"", ""C"", ""C"", ""O"", ""C"", ""C"", ""C"", ""H"", ""H"", ""H"", ""H"", ""H"", ""H"", ""H"", ""H"", ""H"", ""H"", ""H"", ""H"", ""H"", ""H"", ""H"", ""H"", ""H"", ""H"", ""H"", ""H"", ""H"", ""H"", ""H"", ""H"", ""H"", ""H"", ""H"", ""H"", ""H"", ""H"", ""N"", ""C"", ""C"", ""C"", ""C"", ""C"", ""C"", ""C"", ""C"", ""O"", ""C"", ""C"", ""C"", ""C"", ""C"", ""N"", ""C"", ""C"", ""C"", ""C"", ""C"", ""C"", ""C"", ""C"", ""C"", ""C"", ""C"", ""C"", ""C"", ""C"", ""C"", ""C"", ""C"", ""C"", ""C"", ""C"", ""C"", ""C"", ""C"", ""C"", ""O"", ""C"", ""C"", ""C"", ""H"", ""H"", ""H"", ""H"", ""H"", ""H"", ""H"", ""H"", ""H"", ""H"", ""H"", ""H"", ""H"", ""H"", ""H"", ""H"", ""H"", ""H"", ""H"", ""H"", ""H"", ""H"", ""H"", ""H"", ""H"", ""H"", ""H"", ""H"", ""H"", ""H"", ""N"", ""C"", ""C"", ""C"", ""C"", ""C"", ""C"", ""C"", ""C"", ""O"", ""C"", ""C"", ""C"", ""C"", ""C"", ""N"", ""C"", ""C"", ""C"", ""C"", ""C"", ""C"", ""C"", ""C"", ""C"", ""C"", ""C"", ""C"", ""C"", ""C"", ""C"", ""C"", ""C"", ""C"", ""C"", ""C"", ""C"", ""C"", ""C"", ""C"", ""O"", ""C"", ""C"", ""C"", ""H"", ""H"", ""H"", ""H"", ""H"", ""H"", ""H"", ""H"", ""H"", ""H"", ""H"", ""H"", ""H"", ""H"", ""H"", ""H"", ""H"", ""H"", ""H"", ""H"", ""H"", ""H"", ""H"", ""H"", ""H"", ""H"", ""H"", ""H"", ""H"", ""H"", ""N"", ""C"", ""C"", ""C"", ""C"", ""C"", ""C"", ""C"", ""C"", ""O"", ""C"", ""C"", ""C"", ""C"", ""C"", ""N"", ""C"", ""C"", ""C"", ""C"", ""C"", ""C"", ""C"", ""C"", ""C"", ""C"", ""C"", ""C"", ""C"", ""C"", ""C"", ""C"", ""C"", ""C"", ""C"", ""C"", ""C"", ""C"", ""C"", ""C"", ""O"", ""C"", ""C"", ""C"", ""H"", ""H"", ""H"", ""H"", ""H"", ""H"", ""H"", ""H"", ""H"", ""H"", ""H"", ""H"", ""H"", ""H"", ""H"", ""H"", ""H"", ""H"", ""H"", ""H"", ""H"", ""H"", ""H"", ""H"", ""H"", ""H"", ""H"", ""H"", ""H"", ""H""]",C160H120N8O8,"[true, true, true]","[21.42362460556103, 0.0, 0.0, -5.3624682748454084, 28.672315928571624, 0.0, -0.9436863962118164, -13.974863588801137, 62.73791421468156]",38537.700673257656,[],"{""cutoff=6.000_skin=0.000"": 7750, ""cutoff=6.000_skin=0.500"": 8874}",0.0,,
OPT-RF-U256-ROFA-MIX-R256-v1,c9380bd69d0e1d094657eddf3b59489be4b1936561d28466835006a1e050ca76,OPT-RF-U256-ROFA-MIX-R256-v1:0225,A_corrH_c4_m1111_6283_296,ef620b8eb567131e2fd54e90fd3e6502e3449d386db3eb18f9da00ea98184d5c,225,cross_family_test_set,rof-a/structures/A_corrH_c4_m1111_6283_296.cif,856e5629b3337992e64380b434669f5f965bad5203ca95c6c45f618765a4b779,ef620b8eb567131e2fd54e90fd3e6502e3449d386db3eb18f9da00ea98184d5c,0,296,"[""N"", ""C"", ""C"", ""C"", ""C"", ""C"", ""C"", ""C"", ""C"", ""O"", ""C"", ""C"", ""C"", ""C"", ""C"", ""N"", ""C"", ""C"", ""C"", ""C"", ""C"", ""C"", ""C"", ""C"", ""C"", ""C"", ""C"", ""C"", ""C"", ""C"", ""C"", ""C"", ""C"", ""C"", ""C"", ""C"", ""C"", ""C"", ""C"", ""C"", ""O"", ""C"", ""C"", ""C"", ""H"", ""H"", ""H"", ""H"", ""H"", ""H"", ""H"", ""H"", ""H"", ""H"", ""H"", ""H"", ""H"", ""H"", ""H"", ""H"", ""H"", ""H"", ""H"", ""H"", ""H"", ""H"", ""H"", ""H"", ""H"", ""H"", ""H"", ""H"", ""H"", ""H"", ""N"", ""C"", ""C"", ""C"", ""C"", ""C"", ""C"", ""C"", ""C"", ""O"", ""C"", ""C"", ""C"", ""C"", ""C"", ""N"", ""C"", ""C"", ""C"", ""C"", ""C"", ""C"", ""C"", ""C"", ""C"", ""C"", ""C"", ""C"", ""C"", ""C"", ""C"", ""C"", ""C"", ""C"", ""C"", ""C"", ""C"", ""C"", ""C"", ""C"", ""O"", ""C"", ""C"", ""C"", ""H"", ""H"", ""H"", ""H"", ""H"", ""H"", ""H"", ""H"", ""H"", ""H"", ""H"", ""H"", ""H"", ""H"", ""H"", ""H"", ""H"", ""H"", ""H"", ""H"", ""H"", ""H"", ""H"", ""H"", ""H"", ""H"", ""H"", ""H"", ""H"", ""H"", ""N"", ""C"", ""C"", ""C"", ""C"", ""C"", ""C"", ""C"", ""C"", ""O"", ""C"", ""C"", ""C"", ""C"", ""C"", ""N"", ""C"", ""C"", ""C"", ""C"", ""C"", ""C"", ""C"", ""C"", ""C"", ""C"", ""C"", ""C"", ""C"", ""C"", ""C"", ""C"", ""C"", ""C"", ""C"", ""C"", ""C"", ""C"", ""C"", ""C"", ""O"", ""C"", ""C"", ""C"", ""H"", ""H"", ""H"", ""H"", ""H"", ""H"", ""H"", ""H"", ""H"", ""H"", ""H"", ""H"", ""H"", ""H"", ""H"", ""H"", ""H"", ""H"", ""H"", ""H"", ""H"", ""H"", ""H"", ""H"", ""H"", ""H"", ""H"", ""H"", ""H"", ""H"", ""N"", ""C"", ""C"", ""C"", ""C"", ""C"", ""C"", ""C"", ""C"", ""O"", ""C"", ""C"", ""C"", ""C"", ""C"", ""N"", ""C"", ""C"", ""C"", ""C"", ""C"", ""C"", ""C"", ""C"", ""C"", ""C"", ""C"", ""C"", ""C"", ""C"", ""C"", ""C"", ""C"", ""C"", ""C"", ""C"", ""C"", ""C"", ""C"", ""C"", ""O"", ""C"", ""C"", ""C"", ""H"", ""H"", ""H"", ""H"", ""H"", ""H"", ""H"", ""H"", ""H"", ""H"", ""H"", ""H"", ""H"", ""H"", ""H"", ""H"", ""H"", ""H"", ""H"", ""H"", ""H"", ""H"", ""H"", ""H"", ""H"", ""H"", ""H"", ""H"", ""H"", ""H""]",C160H120N8O8,"[true, true, true]","[21.42362460556103, 0.0, 0.0, 1.7691197743606946, 32.380504962150994, 0.0, 3.4146084993113286, 8.88661753858965, 42.03694719015848]",29161.35743296773,[],"{""cutoff=6.000_skin=0.000"": 7756, ""cutoff=6.000_skin=0.500"": 8914}",0.0,,
OPT-RF-U256-ROFA-MIX-R256-v1,c9380bd69d0e1d094657eddf3b59489be4b1936561d28466835006a1e050ca76,OPT-RF-U256-ROFA-MIX-R256-v1:0226,A_corrH_c4_m1111_546_296,d83096978be92b6a842f469a1840fb589d8f2db6d0480e4c02505b549b8c2565,226,cross_family_test_set,rof-a/structures/A_corrH_c4_m1111_546_296.cif,873f7334d7e1c8cf7585e5ed9f3067d58b087dd0af7921bc6ad220f6c6346786,d83096978be92b6a842f469a1840fb589d8f2db6d0480e4c02505b549b8c2565,0,296,"[""N"", ""C"", ""C"", ""C"", ""C"", ""C"", ""C"", ""C"", ""C"", ""O"", ""C"", ""C"", ""C"", ""C"", ""C"", ""N"", ""C"", ""C"", ""C"", ""C"", ""C"", ""C"", ""C"", ""C"", ""C"", ""C"", ""C"", ""C"", ""C"", ""C"", ""C"", ""C"", ""C"", ""C"", ""C"", ""C"", ""C"", ""C"", ""C"", ""C"", ""O"", ""C"", ""C"", ""C"", ""H"", ""H"", ""H"", ""H"", ""H"", ""H"", ""H"", ""H"", ""H"", ""H"", ""H"", ""H"", ""H"", ""H"", ""H"", ""H"", ""H"", ""H"", ""H"", ""H"", ""H"", ""H"", ""H"", ""H"", ""H"", ""H"", ""H"", ""H"", ""H"", ""H"", ""N"", ""C"", ""C"", ""C"", ""C"", ""C"", ""C"", ""C"", ""C"", ""O"", ""C"", ""C"", ""C"", ""C"", ""C"", ""N"", ""C"", ""C"", ""C"", ""C"", ""C"", ""C"", ""C"", ""C"", ""C"", ""C"", ""C"", ""C"", ""C"", ""C"", ""C"", ""C"", ""C"", ""C"", ""C"", ""C"", ""C"", ""C"", ""C"", ""C"", ""O"", ""C"", ""C"", ""C"", ""H"", ""H"", ""H"", ""H"", ""H"", ""H"", ""H"", ""H"", ""H"", ""H"", ""H"", ""H"", ""H"", ""H"", ""H"", ""H"", ""H"", ""H"", ""H"", ""H"", ""H"", ""H"", ""H"", ""H"", ""H"", ""H"", ""H"", ""H"", ""H"", ""H"", ""N"", ""C"", ""C"", ""C"", ""C"", ""C"", ""C"", ""C"", ""C"", ""O"", ""C"", ""C"", ""C"", ""C"", ""C"", ""N"", ""C"", ""C"", ""C"", ""C"", ""C"", ""C"", ""C"", ""C"", ""C"", ""C"", ""C"", ""C"", ""C"", ""C"", ""C"", ""C"", ""C"", ""C"", ""C"", ""C"", ""C"", ""C"", ""C"", ""C"", ""O"", ""C"", ""C"", ""C"", ""H"", ""H"", ""H"", ""H"", ""H"", ""H"", ""H"", ""H"", ""H"", ""H"", ""H"", ""H"", ""H"", ""H"", ""H"", ""H"", ""H"", ""H"", ""H"", ""H"", ""H"", ""H"", ""H"", ""H"", ""H"", ""H"", ""H"", ""H"", ""H"", ""H"", ""N"", ""C"", ""C"", ""C"", ""C"", ""C"", ""C"", ""C"", ""C"", ""O"", ""C"", ""C"", ""C"", ""C"", ""C"", ""N"", ""C"", ""C"", ""C"", ""C"", ""C"", ""C"", ""C"", ""C"", ""C"", ""C"", ""C"", ""C"", ""C"", ""C"", ""C"", ""C"", ""C"", ""C"", ""C"", ""C"", ""C"", ""C"", ""C"", ""C"", ""O"", ""C"", ""C"", ""C"", ""H"", ""H"", ""H"", ""H"", ""H"", ""H"", ""H"", ""H"", ""H"", ""H"", ""H"", ""H"", ""H"", ""H"", ""H"", ""H"", ""H"", ""H"", ""H"", ""H"", ""H"", ""H"", ""H"", ""H"", ""H"", ""H"", ""H"", ""H"", ""H"", ""H""]",C160H120N8O8,"[true, true, true]","[21.42362460556103, 0.0, 0.0, 6.885670907290572, 41.133460796745744, 0.0, 8.50538402942358, 17.56583714455338, 41.122917374224606]",36238.65894639555,[],"{""cutoff=6.000_skin=0.000"": 7764, ""cutoff=6.000_skin=0.500"": 8928}",0.0,,
OPT-RF-U256-ROFA-MIX-R256-v1,c9380bd69d0e1d094657eddf3b59489be4b1936561d28466835006a1e050ca76,OPT-RF-U256-ROFA-MIX-R256-v1:0227,A_corrH_c4_m1111_2888_296,0e9b29e8e815b863057d4a75951de7a8c6ac63f24235f7635e05a904479a46da,227,cross_family_test_set,rof-a/structures/A_corrH_c4_m1111_2888_296.cif,13a49283d3a354b83d028f5ff9d9a80190c55e087fe355d816ce6a869827cb23,0e9b29e8e815b863057d4a75951de7a8c6ac63f24235f7635e05a904479a46da,0,296,"[""N"", ""C"", ""C"", ""C"", ""C"", ""C"", ""C"", ""C"", ""C"", ""O"", ""C"", ""C"", ""C"", ""C"", ""C"", ""N"", ""C"", ""C"", ""C"", ""C"", ""C"", ""C"", ""C"", ""C"", ""C"", ""C"", ""C"", ""C"", ""C"", ""C"", ""C"", ""C"", ""C"", ""C"", ""C"", ""C"", ""C"", ""C"", ""C"", ""C"", ""O"", ""C"", ""C"", ""C"", ""H"", ""H"", ""H"", ""H"", ""H"", ""H"", ""H"", ""H"", ""H"", ""H"", ""H"", ""H"", ""H"", ""H"", ""H"", ""H"", ""H"", ""H"", ""H"", ""H"", ""H"", ""H"", ""H"", ""H"", ""H"", ""H"", ""H"", ""H"", ""H"", ""H"", ""N"", ""C"", ""C"", ""C"", ""C"", ""C"", ""C"", ""C"", ""C"", ""O"", ""C"", ""C"", ""C"", ""C"", ""C"", ""N"", ""C"", ""C"", ""C"", ""C"", ""C"", ""C"", ""C"", ""C"", ""C"", ""C"", ""C"", ""C"", ""C"", ""C"", ""C"", ""C"", ""C"", ""C"", ""C"", ""C"", ""C"", ""C"", ""C"", ""C"", ""O"", ""C"", ""C"", ""C"", ""H"", ""H"", ""H"", ""H"", ""H"", ""H"", ""H"", ""H"", ""H"", ""H"", ""H"", ""H"", ""H"", ""H"", ""H"", ""H"", ""H"", ""H"", ""H"", ""H"", ""H"", ""H"", ""H"", ""H"", ""H"", ""H"", ""H"", ""H"", ""H"", ""H"", ""N"", ""C"", ""C"", ""C"", ""C"", ""C"", ""C"", ""C"", ""C"", ""O"", ""C"", ""C"", ""C"", ""C"", ""C"", ""N"", ""C"", ""C"", ""C"", ""C"", ""C"", ""C"", ""C"", ""C"", ""C"", ""C"", ""C"", ""C"", ""C"", ""C"", ""C"", ""C"", ""C"", ""C"", ""C"", ""C"", ""C"", ""C"", ""C"", ""C"", ""O"", ""C"", ""C"", ""C"", ""H"", ""H"", ""H"", ""H"", ""H"", ""H"", ""H"", ""H"", ""H"", ""H"", ""H"", ""H"", ""H"", ""H"", ""H"", ""H"", ""H"", ""H"", ""H"", ""H"", ""H"", ""H"", ""H"", ""H"", ""H"", ""H"", ""H"", ""H"", ""H"", ""H"", ""N"", ""C"", ""C"", ""C"", ""C"", ""C"", ""C"", ""C"", ""C"", ""O"", ""C"", ""C"", ""C"", ""C"", ""C"", ""N"", ""C"", ""C"", ""C"", ""C"", ""C"", ""C"", ""C"", ""C"", ""C"", ""C"", ""C"", ""C"", ""C"", ""C"", ""C"", ""C"", ""C"", ""C"", ""C"", ""C"", ""C"", ""C"", ""C"", ""C"", ""O"", ""C"", ""C"", ""C"", ""H"", ""H"", ""H"", ""H"", ""H"", ""H"", ""H"", ""H"", ""H"", ""H"", ""H"", ""H"", ""H"", ""H"", ""H"", ""H"", ""H"", ""H"", ""H"", ""H"", ""H"", ""H"", ""H"", ""H"", ""H"", ""H"", ""H"", ""H"", ""H"", ""H""]",C160H120N8O8,"[true, true, true]","[21.42362460556103, 0.0, 0.0, -0.7105864366616509, 38.569807168756114, 0.0, -0.8407555033687351, -0.6897580125162927, 50.6987958872191]",41892.67207904439,[],"{""cutoff=6.000_skin=0.000"": 7772, ""cutoff=6.000_skin=0.500"": 8908}",0.0,,
OPT-RF-U256-ROFA-MIX-R256-v1,c9380bd69d0e1d094657eddf3b59489be4b1936561d28466835006a1e050ca76,OPT-RF-U256-ROFA-MIX-R256-v1:0228,A_corrH_c4_m1111_2417_296,9dcc1302363ccdd5959c2fada2ed233d63102b91116bae38b9bca73fd3ce4231,228,cross_family_test_set,rof-a/structures/A_corrH_c4_m1111_2417_296.cif,4c916d2846507469b5321a8f954173af0ec62cf702316266f342dfee77035f04,9dcc1302363ccdd5959c2fada2ed233d63102b91116bae38b9bca73fd3ce4231,0,296,"[""N"", ""C"", ""C"", ""C"", ""C"", ""C"", ""C"", ""C"", ""C"", ""O"", ""C"", ""C"", ""C"", ""C"", ""C"", ""N"", ""C"", ""C"", ""C"", ""C"", ""C"", ""C"", ""C"", ""C"", ""C"", ""C"", ""C"", ""C"", ""C"", ""C"", ""C"", ""C"", ""C"", ""C"", ""C"", ""C"", ""C"", ""C"", ""C"", ""C"", ""O"", ""C"", ""C"", ""C"", ""H"", ""H"", ""H"", ""H"", ""H"", ""H"", ""H"", ""H"", ""H"", ""H"", ""H"", ""H"", ""H"", ""H"", ""H"", ""H"", ""H"", ""H"", ""H"", ""H"", ""H"", ""H"", ""H"", ""H"", ""H"", ""H"", ""H"", ""H"", ""H"", ""H"", ""N"", ""C"", ""C"", ""C"", ""C"", ""C"", ""C"", ""C"", ""C"", ""O"", ""C"", ""C"", ""C"", ""C"", ""C"", ""N"", ""C"", ""C"", ""C"", ""C"", ""C"", ""C"", ""C"", ""C"", ""C"", ""C"", ""C"", ""C"", ""C"", ""C"", ""C"", ""C"", ""C"", ""C"", ""C"", ""C"", ""C"", ""C"", ""C"", ""C"", ""O"", ""C"", ""C"", ""C"", ""H"", ""H"", ""H"", ""H"", ""H"", ""H"", ""H"", ""H"", ""H"", ""H"", ""H"", ""H"", ""H"", ""H"", ""H"", ""H"", ""H"", ""H"", ""H"", ""H"", ""H"", ""H"", ""H"", ""H"", ""H"", ""H"", ""H"", ""H"", ""H"", ""H"", ""N"", ""C"", ""C"", ""C"", ""C"", ""C"", ""C"", ""C"", ""C"", ""O"", ""C"", ""C"", ""C"", ""C"", ""C"", ""N"", ""C"", ""C"", ""C"", ""C"", ""C"", ""C"", ""C"", ""C"", ""C"", ""C"", ""C"", ""C"", ""C"", ""C"", ""C"", ""C"", ""C"", ""C"", ""C"", ""C"", ""C"", ""C"", ""C"", ""C"", ""O"", ""C"", ""C"", ""C"", ""H"", ""H"", ""H"", ""H"", ""H"", ""H"", ""H"", ""H"", ""H"", ""H"", ""H"", ""H"", ""H"", ""H"", ""H"", ""H"", ""H"", ""H"", ""H"", ""H"", ""H"", ""H"", ""H"", ""H"", ""H"", ""H"", ""H"", ""H"", ""H"", ""H"", ""N"", ""C"", ""C"", ""C"", ""C"", ""C"", ""C"", ""C"", ""C"", ""O"", ""C"", ""C"", ""C"", ""C"", ""C"", ""N"", ""C"", ""C"", ""C"", ""C"", ""C"", ""C"", ""C"", ""C"", ""C"", ""C"", ""C"", ""C"", ""C"", ""C"", ""C"", ""C"", ""C"", ""C"", ""C"", ""C"", ""C"", ""C"", ""C"", ""C"", ""O"", ""C"", ""C"", ""C"", ""H"", ""H"", ""H"", ""H"", ""H"", ""H"", ""H"", ""H"", ""H"", ""H"", ""H"", ""H"", ""H"", ""H"", ""H"", ""H"", ""H"", ""H"", ""H"", ""H"", ""H"", ""H"", ""H"", ""H"", ""H"", ""H"", ""H"", ""H"", ""H"", ""H""]",C160H120N8O8,"[true, true, true]","[21.42362460556103, 0.0, 0.0, 8.97364597417163, 41.146040764883786, 0.0, 5.859926044237971, -0.3458066361817126, 45.1260929064826]",39778.53047140596,[],"{""cutoff=6.000_skin=0.000"": 7774, ""cutoff=6.000_skin=0.500"": 8886}",0.0,,
OPT-RF-U256-ROFA-MIX-R256-v1,c9380bd69d0e1d094657eddf3b59489be4b1936561d28466835006a1e050ca76,OPT-RF-U256-ROFA-MIX-R256-v1:0229,A_corrH_c4_m1111_5931_296,c1cca8654278ceb6bf151de15a6f27d2a750e67a1670107fa1e8cb32651425c5,229,cross_family_test_set,rof-a/structures/A_corrH_c4_m1111_5931_296.cif,73f984725940db2b1e91a83ecc6ce5469b596eb7c35628d98d2c3e735522d5f0,c1cca8654278ceb6bf151de15a6f27d2a750e67a1670107fa1e8cb32651425c5,0,296,"[""N"", ""C"", ""C"", ""C"", ""C"", ""C"", ""C"", ""C"", ""C"", ""O"", ""C"", ""C"", ""C"", ""C"", ""C"", ""N"", ""C"", ""C"", ""C"", ""C"", ""C"", ""C"", ""C"", ""C"", ""C"", ""C"", ""C"", ""C"", ""C"", ""C"", ""C"", ""C"", ""C"", ""C"", ""C"", ""C"", ""C"", ""C"", ""C"", ""C"", ""O"", ""C"", ""C"", ""C"", ""H"", ""H"", ""H"", ""H"", ""H"", ""H"", ""H"", ""H"", ""H"", ""H"", ""H"", ""H"", ""H"", ""H"", ""H"", ""H"", ""H"", ""H"", ""H"", ""H"", ""H"", ""H"", ""H"", ""H"", ""H"", ""H"", ""H"", ""H"", ""H"", ""H"", ""N"", ""C"", ""C"", ""C"", ""C"", ""C"", ""C"", ""C"", ""C"", ""O"", ""C"", ""C"", ""C"", ""C"", ""C"", ""N"", ""C"", ""C"", ""C"", ""C"", ""C"", ""C"", ""C"", ""C"", ""C"", ""C"", ""C"", ""C"", ""C"", ""C"", ""C"", ""C"", ""C"", ""C"", ""C"", ""C"", ""C"", ""C"", ""C"", ""C"", ""O"", ""C"", ""C"", ""C"", ""H"", ""H"", ""H"", ""H"", ""H"", ""H"", ""H"", ""H"", ""H"", ""H"", ""H"", ""H"", ""H"", ""H"", ""H"", ""H"", ""H"", ""H"", ""H"", ""H"", ""H"", ""H"", ""H"", ""H"", ""H"", ""H"", ""H"", ""H"", ""H"", ""H"", ""N"", ""C"", ""C"", ""C"", ""C"", ""C"", ""C"", ""C"", ""C"", ""O"", ""C"", ""C"", ""C"", ""C"", ""C"", ""N"", ""C"", ""C"", ""C"", ""C"", ""C"", ""C"", ""C"", ""C"", ""C"", ""C"", ""C"", ""C"", ""C"", ""C"", ""C"", ""C"", ""C"", ""C"", ""C"", ""C"", ""C"", ""C"", ""C"", ""C"", ""O"", ""C"", ""C"", ""C"", ""H"", ""H"", ""H"", ""H"", ""H"", ""H"", ""H"", ""H"", ""H"", ""H"", ""H"", ""H"", ""H"", ""H"", ""H"", ""H"", ""H"", ""H"", ""H"", ""H"", ""H"", ""H"", ""H"", ""H"", ""H"", ""H"", ""H"", ""H"", ""H"", ""H"", ""N"", ""C"", ""C"", ""C"", ""C"", ""C"", ""C"", ""C"", ""C"", ""O"", ""C"", ""C"", ""C"", ""C"", ""C"", ""N"", ""C"", ""C"", ""C"", ""C"", ""C"", ""C"", ""C"", ""C"", ""C"", ""C"", ""C"", ""C"", ""C"", ""C"", ""C"", ""C"", ""C"", ""C"", ""C"", ""C"", ""C"", ""C"", ""C"", ""C"", ""O"", ""C"", ""C"", ""C"", ""H"", ""H"", ""H"", ""H"", ""H"", ""H"", ""H"", ""H"", ""H"", ""H"", ""H"", ""H"", ""H"", ""H"", ""H"", ""H"", ""H"", ""H"", ""H"", ""H"", ""H"", ""H"", ""H"", ""H"", ""H"", ""H"", ""H"", ""H"", ""H"", ""H""]",C160H120N8O8,"[true, true, true]","[21.42362460556103, 0.0, 0.0, 1.1753335695469456, 47.425269933416985, 0.0, 9.701277463543166, 17.739484279756155, 52.814326335151854]",53660.47415712906,[],"{""cutoff=6.000_skin=0.000"": 7776, ""cutoff=6.000_skin=0.500"": 8946}",0.0,,
OPT-RF-U256-ROFA-MIX-R256-v1,c9380bd69d0e1d094657eddf3b59489be4b1936561d28466835006a1e050ca76,OPT-RF-U256-ROFA-MIX-R256-v1:0230,A_corrH_c4_m1111_4188_296,1f0aa263be1173288ec6ef802a918383bc94095ba689b10ead54ba041c85dbc5,230,cross_family_test_set,rof-a/structures/A_corrH_c4_m1111_4188_296.cif,757f78701fb6e58436f1875f0f7aaff45915c43a65d6fdbd2a3834912b8da9ec,1f0aa263be1173288ec6ef802a918383bc94095ba689b10ead54ba041c85dbc5,0,296,"[""N"", ""C"", ""C"", ""C"", ""C"", ""C"", ""C"", ""C"", ""C"", ""O"", ""C"", ""C"", ""C"", ""C"", ""C"", ""N"", ""C"", ""C"", ""C"", ""C"", ""C"", ""C"", ""C"", ""C"", ""C"", ""C"", ""C"", ""C"", ""C"", ""C"", ""C"", ""C"", ""C"", ""C"", ""C"", ""C"", ""C"", ""C"", ""C"", ""C"", ""O"", ""C"", ""C"", ""C"", ""H"", ""H"", ""H"", ""H"", ""H"", ""H"", ""H"", ""H"", ""H"", ""H"", ""H"", ""H"", ""H"", ""H"", ""H"", ""H"", ""H"", ""H"", ""H"", ""H"", ""H"", ""H"", ""H"", ""H"", ""H"", ""H"", ""H"", ""H"", ""H"", ""H"", ""N"", ""C"", ""C"", ""C"", ""C"", ""C"", ""C"", ""C"", ""C"", ""O"", ""C"", ""C"", ""C"", ""C"", ""C"", ""N"", ""C"", ""C"", ""C"", ""C"", ""C"", ""C"", ""C"", ""C"", ""C"", ""C"", ""C"", ""C"", ""C"", ""C"", ""C"", ""C"", ""C"", ""C"", ""C"", ""C"", ""C"", ""C"", ""C"", ""C"", ""O"", ""C"", ""C"", ""C"", ""H"", ""H"", ""H"", ""H"", ""H"", ""H"", ""H"", ""H"", ""H"", ""H"", ""H"", ""H"", ""H"", ""H"", ""H"", ""H"", ""H"", ""H"", ""H"", ""H"", ""H"", ""H"", ""H"", ""H"", ""H"", ""H"", ""H"", ""H"", ""H"", ""H"", ""N"", ""C"", ""C"", ""C"", ""C"", ""C"", ""C"", ""C"", ""C"", ""O"", ""C"", ""C"", ""C"", ""C"", ""C"", ""N"", ""C"", ""C"", ""C"", ""C"", ""C"", ""C"", ""C"", ""C"", ""C"", ""C"", ""C"", ""C"", ""C"", ""C"", ""C"", ""C"", ""C"", ""C"", ""C"", ""C"", ""C"", ""C"", ""C"", ""C"", ""O"", ""C"", ""C"", ""C"", ""H"", ""H"", ""H"", ""H"", ""H"", ""H"", ""H"", ""H"", ""H"", ""H"", ""H"", ""H"", ""H"", ""H"", ""H"", ""H"", ""H"", ""H"", ""H"", ""H"", ""H"", ""H"", ""H"", ""H"", ""H"", ""H"", ""H"", ""H"", ""H"", ""H"", ""N"", ""C"", ""C"", ""C"", ""C"", ""C"", ""C"", ""C"", ""C"", ""O"", ""C"", ""C"", ""C"", ""C"", ""C"", ""N"", ""C"", ""C"", ""C"", ""C"", ""C"", ""C"", ""C"", ""C"", ""C"", ""C"", ""C"", ""C"", ""C"", ""C"", ""C"", ""C"", ""C"", ""C"", ""C"", ""C"", ""C"", ""C"", ""C"", ""C"", ""O"", ""C"", ""C"", ""C"", ""H"", ""H"", ""H"", ""H"", ""H"", ""H"", ""H"", ""H"", ""H"", ""H"", ""H"", ""H"", ""H"", ""H"", ""H"", ""H"", ""H"", ""H"", ""H"", ""H"", ""H"", ""H"", ""H"", ""H"", ""H"", ""H"", ""H"", ""H"", ""H"", ""H""]",C160H120N8O8,"[true, true, true]","[21.42362460556103, 0.0, 0.0, 7.224894638805412, 34.63490026909289, 0.0, 7.357453069208829, 2.8485307865439644, 56.46955238850034]",41900.69595824439,[],"{""cutoff=6.000_skin=0.000"": 7780, ""cutoff=6.000_skin=0.500"": 8916}",0.0,,
OPT-RF-U256-ROFA-MIX-R256-v1,c9380bd69d0e1d094657eddf3b59489be4b1936561d28466835006a1e050ca76,OPT-RF-U256-ROFA-MIX-R256-v1:0231,A_corrH_c4_m1111_739_296,b2bc3f7f847da04538135f0448f2e0ee7c5c9d1b50ccba9655672d685f2b9e11,231,cross_family_test_set,rof-a/structures/A_corrH_c4_m1111_739_296.cif,f443d8b55900a70d9ff9c87009a9c3740be2119b462b6250ef979747fbd724f6,b2bc3f7f847da04538135f0448f2e0ee7c5c9d1b50ccba9655672d685f2b9e11,0,296,"[""N"", ""C"", ""C"", ""C"", ""C"", ""C"", ""C"", ""C"", ""C"", ""O"", ""C"", ""C"", ""C"", ""C"", ""C"", ""N"", ""C"", ""C"", ""C"", ""C"", ""C"", ""C"", ""C"", ""C"", ""C"", ""C"", ""C"", ""C"", ""C"", ""C"", ""C"", ""C"", ""C"", ""C"", ""C"", ""C"", ""C"", ""C"", ""C"", ""C"", ""O"", ""C"", ""C"", ""C"", ""H"", ""H"", ""H"", ""H"", ""H"", ""H"", ""H"", ""H"", ""H"", ""H"", ""H"", ""H"", ""H"", ""H"", ""H"", ""H"", ""H"", ""H"", ""H"", ""H"", ""H"", ""H"", ""H"", ""H"", ""H"", ""H"", ""H"", ""H"", ""H"", ""H"", ""N"", ""C"", ""C"", ""C"", ""C"", ""C"", ""C"", ""C"", ""C"", ""O"", ""C"", ""C"", ""C"", ""C"", ""C"", ""N"", ""C"", ""C"", ""C"", ""C"", ""C"", ""C"", ""C"", ""C"", ""C"", ""C"", ""C"", ""C"", ""C"", ""C"", ""C"", ""C"", ""C"", ""C"", ""C"", ""C"", ""C"", ""C"", ""C"", ""C"", ""O"", ""C"", ""C"", ""C"", ""H"", ""H"", ""H"", ""H"", ""H"", ""H"", ""H"", ""H"", ""H"", ""H"", ""H"", ""H"", ""H"", ""H"", ""H"", ""H"", ""H"", ""H"", ""H"", ""H"", ""H"", ""H"", ""H"", ""H"", ""H"", ""H"", ""H"", ""H"", ""H"", ""H"", ""N"", ""C"", ""C"", ""C"", ""C"", ""C"", ""C"", ""C"", ""C"", ""O"", ""C"", ""C"", ""C"", ""C"", ""C"", ""N"", ""C"", ""C"", ""C"", ""C"", ""C"", ""C"", ""C"", ""C"", ""C"", ""C"", ""C"", ""C"", ""C"", ""C"", ""C"", ""C"", ""C"", ""C"", ""C"", ""C"", ""C"", ""C"", ""C"", ""C"", ""O"", ""C"", ""C"", ""C"", ""H"", ""H"", ""H"", ""H"", ""H"", ""H"", ""H"", ""H"", ""H"", ""H"", ""H"", ""H"", ""H"", ""H"", ""H"", ""H"", ""H"", ""H"", ""H"", ""H"", ""H"", ""H"", ""H"", ""H"", ""H"", ""H"", ""H"", ""H"", ""H"", ""H"", ""N"", ""C"", ""C"", ""C"", ""C"", ""C"", ""C"", ""C"", ""C"", ""O"", ""C"", ""C"", ""C"", ""C"", ""C"", ""N"", ""C"", ""C"", ""C"", ""C"", ""C"", ""C"", ""C"", ""C"", ""C"", ""C"", ""C"", ""C"", ""C"", ""C"", ""C"", ""C"", ""C"", ""C"", ""C"", ""C"", ""C"", ""C"", ""C"", ""C"", ""O"", ""C"", ""C"", ""C"", ""H"", ""H"", ""H"", ""H"", ""H"", ""H"", ""H"", ""H"", ""H"", ""H"", ""H"", ""H"", ""H"", ""H"", ""H"", ""H"", ""H"", ""H"", ""H"", ""H"", ""H"", ""H"", ""H"", ""H"", ""H"", ""H"", ""H"", ""H"", ""H"", ""H""]",C160H120N8O8,"[true, true, true]","[21.42362460556103, 0.0, 0.0, 8.168489190440203, 32.242124662562254, 0.0, 7.8629076040145325, 5.4387989692868945, 38.05621558355769]",26287.071190430037,[],"{""cutoff=6.000_skin=0.000"": 7780, ""cutoff=6.000_skin=0.500"": 8982}",0.0,,
OPT-RF-U256-ROFA-MIX-R256-v1,c9380bd69d0e1d094657eddf3b59489be4b1936561d28466835006a1e050ca76,OPT-RF-U256-ROFA-MIX-R256-v1:0232,A_corrH_c4_m1111_4051_296,b6d881a0c55fca278fb5cce3f6395d777b087a0c89895278924c5eabfcbded48,232,cross_family_test_set,rof-a/structures/A_corrH_c4_m1111_4051_296.cif,e6944a5b9854865006282c56f5ec6eb61a5eca3eeba15aa3c3d09b93f6387867,b6d881a0c55fca278fb5cce3f6395d777b087a0c89895278924c5eabfcbded48,0,296,"[""N"", ""C"", ""C"", ""C"", ""C"", ""C"", ""C"", ""C"", ""C"", ""O"", ""C"", ""C"", ""C"", ""C"", ""C"", ""N"", ""C"", ""C"", ""C"", ""C"", ""C"", ""C"", ""C"", ""C"", ""C"", ""C"", ""C"", ""C"", ""C"", ""C"", ""C"", ""C"", ""C"", ""C"", ""C"", ""C"", ""C"", ""C"", ""C"", ""C"", ""O"", ""C"", ""C"", ""C"", ""H"", ""H"", ""H"", ""H"", ""H"", ""H"", ""H"", ""H"", ""H"", ""H"", ""H"", ""H"", ""H"", ""H"", ""H"", ""H"", ""H"", ""H"", ""H"", ""H"", ""H"", ""H"", ""H"", ""H"", ""H"", ""H"", ""H"", ""H"", ""H"", ""H"", ""N"", ""C"", ""C"", ""C"", ""C"", ""C"", ""C"", ""C"", ""C"", ""O"", ""C"", ""C"", ""C"", ""C"", ""C"", ""N"", ""C"", ""C"", ""C"", ""C"", ""C"", ""C"", ""C"", ""C"", ""C"", ""C"", ""C"", ""C"", ""C"", ""C"", ""C"", ""C"", ""C"", ""C"", ""C"", ""C"", ""C"", ""C"", ""C"", ""C"", ""O"", ""C"", ""C"", ""C"", ""H"", ""H"", ""H"", ""H"", ""H"", ""H"", ""H"", ""H"", ""H"", ""H"", ""H"", ""H"", ""H"", ""H"", ""H"", ""H"", ""H"", ""H"", ""H"", ""H"", ""H"", ""H"", ""H"", ""H"", ""H"", ""H"", ""H"", ""H"", ""H"", ""H"", ""N"", ""C"", ""C"", ""C"", ""C"", ""C"", ""C"", ""C"", ""C"", ""O"", ""C"", ""C"", ""C"", ""C"", ""C"", ""N"", ""C"", ""C"", ""C"", ""C"", ""C"", ""C"", ""C"", ""C"", ""C"", ""C"", ""C"", ""C"", ""C"", ""C"", ""C"", ""C"", ""C"", ""C"", ""C"", ""C"", ""C"", ""C"", ""C"", ""C"", ""O"", ""C"", ""C"", ""C"", ""H"", ""H"", ""H"", ""H"", ""H"", ""H"", ""H"", ""H"", ""H"", ""H"", ""H"", ""H"", ""H"", ""H"", ""H"", ""H"", ""H"", ""H"", ""H"", ""H"", ""H"", ""H"", ""H"", ""H"", ""H"", ""H"", ""H"", ""H"", ""H"", ""H"", ""N"", ""C"", ""C"", ""C"", ""C"", ""C"", ""C"", ""C"", ""C"", ""O"", ""C"", ""C"", ""C"", ""C"", ""C"", ""N"", ""C"", ""C"", ""C"", ""C"", ""C"", ""C"", ""C"", ""C"", ""C"", ""C"", ""C"", ""C"", ""C"", ""C"", ""C"", ""C"", ""C"", ""C"", ""C"", ""C"", ""C"", ""C"", ""C"", ""C"", ""O"", ""C"", ""C"", ""C"", ""H"", ""H"", ""H"", ""H"", ""H"", ""H"", ""H"", ""H"", ""H"", ""H"", ""H"", ""H"", ""H"", ""H"", ""H"", ""H"", ""H"", ""H"", ""H"", ""H"", ""H"", ""H"", ""H"", ""H"", ""H"", ""H"", ""H"", ""H"", ""H"", ""H""]",C160H120N8O8,"[true, true, true]","[21.42362460556103, 0.0, 0.0, -4.252116972759679, 42.19706146437658, 0.0, -7.29900107206939, -12.928295131174005, 45.1303328859574]",40798.452946298945,[],"{""cutoff=6.000_skin=0.000"": 7790, ""cutoff=6.000_skin=0.500"": 8946}",0.0,,
OPT-RF-U256-ROFA-MIX-R256-v1,c9380bd69d0e1d094657eddf3b59489be4b1936561d28466835006a1e050ca76,OPT-RF-U256-ROFA-MIX-R256-v1:0233,A_corrH_c2-2_m11-11_5333_296,44b89492bbd31cd5313a8c02c6eaeaaa904edf626a40cef1726bca194052b31c,233,cross_family_test_set,rof-a/structures/A_corrH_c2-2_m11-11_5333_296.cif,4773ff32640b5670e7e6079259eef8b0ca0f29ce4d91df0bbb7f486074f47bd4,44b89492bbd31cd5313a8c02c6eaeaaa904edf626a40cef1726bca194052b31c,0,296,"[""N"", ""C"", ""C"", ""C"", ""C"", ""C"", ""C"", ""C"", ""C"", ""O"", ""C"", ""C"", ""C"", ""C"", ""C"", ""N"", ""C"", ""C"", ""C"", ""C"", ""C"", ""C"", ""C"", ""C"", ""C"", ""C"", ""C"", ""C"", ""C"", ""C"", ""C"", ""C"", ""C"", ""C"", ""C"", ""C"", ""C"", ""C"", ""C"", ""C"", ""O"", ""C"", ""C"", ""C"", ""H"", ""H"", ""H"", ""H"", ""H"", ""H"", ""H"", ""H"", ""H"", ""H"", ""H"", ""H"", ""H"", ""H"", ""H"", ""H"", ""H"", ""H"", ""H"", ""H"", ""H"", ""H"", ""H"", ""H"", ""H"", ""H"", ""H"", ""H"", ""H"", ""H"", ""N"", ""C"", ""C"", ""C"", ""C"", ""C"", ""C"", ""C"", ""C"", ""O"", ""C"", ""C"", ""C"", ""C"", ""C"", ""N"", ""C"", ""C"", ""C"", ""C"", ""C"", ""C"", ""C"", ""C"", ""C"", ""C"", ""C"", ""C"", ""C"", ""C"", ""C"", ""C"", ""C"", ""C"", ""C"", ""C"", ""C"", ""C"", ""C"", ""C"", ""O"", ""C"", ""C"", ""C"", ""H"", ""H"", ""H"", ""H"", ""H"", ""H"", ""H"", ""H"", ""H"", ""H"", ""H"", ""H"", ""H"", ""H"", ""H"", ""H"", ""H"", ""H"", ""H"", ""H"", ""H"", ""H"", ""H"", ""H"", ""H"", ""H"", ""H"", ""H"", ""H"", ""H"", ""N"", ""C"", ""C"", ""C"", ""C"", ""C"", ""C"", ""C"", ""C"", ""O"", ""C"", ""C"", ""C"", ""C"", ""C"", ""N"", ""C"", ""C"", ""C"", ""C"", ""C"", ""C"", ""C"", ""C"", ""C"", ""C"", ""C"", ""C"", ""C"", ""C"", ""C"", ""C"", ""C"", ""C"", ""C"", ""C"", ""C"", ""C"", ""C"", ""C"", ""O"", ""C"", ""C"", ""C"", ""H"", ""H"", ""H"", ""H"", ""H"", ""H"", ""H"", ""H"", ""H"", ""H"", ""H"", ""H"", ""H"", ""H"", ""H"", ""H"", ""H"", ""H"", ""H"", ""H"", ""H"", ""H"", ""H"", ""H"", ""H"", ""H"", ""H"", ""H"", ""H"", ""H"", ""N"", ""C"", ""C"", ""C"", ""C"", ""C"", ""C"", ""C"", ""C"", ""O"", ""C"", ""C"", ""C"", ""C"", ""C"", ""N"", ""C"", ""C"", ""C"", ""C"", ""C"", ""C"", ""C"", ""C"", ""C"", ""C"", ""C"", ""C"", ""C"", ""C"", ""C"", ""C"", ""C"", ""C"", ""C"", ""C"", ""C"", ""C"", ""C"", ""C"", ""O"", ""C"", ""C"", ""C"", ""H"", ""H"", ""H"", ""H"", ""H"", ""H"", ""H"", ""H"", ""H"", ""H"", ""H"", ""H"", ""H"", ""H"", ""H"", ""H"", ""H"", ""H"", ""H"", ""H"", ""H"", ""H"", ""H"", ""H"", ""H"", ""H"", ""H"", ""H"", ""H"", ""H""]",C160H120N8O8,"[true, true, true]","[21.42362460556103, 0.0, 0.0, 0.26715511891407334, 21.421958812919936, 0.0, 6.328285455692927, 0.7126121827966545, 58.20741160720344]",26713.476881756927,[],"{""cutoff=6.000_skin=0.000"": 7816, ""cutoff=6.000_skin=0.500"": 8960}",0.0,,
OPT-RF-U256-ROFA-MIX-R256-v1,c9380bd69d0e1d094657eddf3b59489be4b1936561d28466835006a1e050ca76,OPT-RF-U256-ROFA-MIX-R256-v1:0234,A_corrH_c2-2_m11-11_6610_296,fdf40db52e14cd8218a13d56cc80e1bea0eaa80c84b55c825af50685e6c56606,234,cross_family_test_set,rof-a/structures/A_corrH_c2-2_m11-11_6610_296.cif,f8fa67a8441afaeac0439494eb11baca861e1606fa3612ffba2a310c07864d2b,fdf40db52e14cd8218a13d56cc80e1bea0eaa80c84b55c825af50685e6c56606,0,296,"[""N"", ""C"", ""C"", ""C"", ""C"", ""C"", ""C"", ""C"", ""C"", ""O"", ""C"", ""C"", ""C"", ""C"", ""C"", ""N"", ""C"", ""C"", ""C"", ""C"", ""C"", ""C"", ""C"", ""C"", ""C"", ""C"", ""C"", ""C"", ""C"", ""C"", ""C"", ""C"", ""C"", ""C"", ""C"", ""C"", ""C"", ""C"", ""C"", ""C"", ""O"", ""C"", ""C"", ""C"", ""H"", ""H"", ""H"", ""H"", ""H"", ""H"", ""H"", ""H"", ""H"", ""H"", ""H"", ""H"", ""H"", ""H"", ""H"", ""H"", ""H"", ""H"", ""H"", ""H"", ""H"", ""H"", ""H"", ""H"", ""H"", ""H"", ""H"", ""H"", ""H"", ""H"", ""N"", ""C"", ""C"", ""C"", ""C"", ""C"", ""C"", ""C"", ""C"", ""O"", ""C"", ""C"", ""C"", ""C"", ""C"", ""N"", ""C"", ""C"", ""C"", ""C"", ""C"", ""C"", ""C"", ""C"", ""C"", ""C"", ""C"", ""C"", ""C"", ""C"", ""C"", ""C"", ""C"", ""C"", ""C"", ""C"", ""C"", ""C"", ""C"", ""C"", ""O"", ""C"", ""C"", ""C"", ""H"", ""H"", ""H"", ""H"", ""H"", ""H"", ""H"", ""H"", ""H"", ""H"", ""H"", ""H"", ""H"", ""H"", ""H"", ""H"", ""H"", ""H"", ""H"", ""H"", ""H"", ""H"", ""H"", ""H"", ""H"", ""H"", ""H"", ""H"", ""H"", ""H"", ""N"", ""C"", ""C"", ""C"", ""C"", ""C"", ""C"", ""C"", ""C"", ""O"", ""C"", ""C"", ""C"", ""C"", ""C"", ""N"", ""C"", ""C"", ""C"", ""C"", ""C"", ""C"", ""C"", ""C"", ""C"", ""C"", ""C"", ""C"", ""C"", ""C"", ""C"", ""C"", ""C"", ""C"", ""C"", ""C"", ""C"", ""C"", ""C"", ""C"", ""O"", ""C"", ""C"", ""C"", ""H"", ""H"", ""H"", ""H"", ""H"", ""H"", ""H"", ""H"", ""H"", ""H"", ""H"", ""H"", ""H"", ""H"", ""H"", ""H"", ""H"", ""H"", ""H"", ""H"", ""H"", ""H"", ""H"", ""H"", ""H"", ""H"", ""H"", ""H"", ""H"", ""H"", ""N"", ""C"", ""C"", ""C"", ""C"", ""C"", ""C"", ""C"", ""C"", ""O"", ""C"", ""C"", ""C"", ""C"", ""C"", ""N"", ""C"", ""C"", ""C"", ""C"", ""C"", ""C"", ""C"", ""C"", ""C"", ""C"", ""C"", ""C"", ""C"", ""C"", ""C"", ""C"", ""C"", ""C"", ""C"", ""C"", ""C"", ""C"", ""C"", ""C"", ""O"", ""C"", ""C"", ""C"", ""H"", ""H"", ""H"", ""H"", ""H"", ""H"", ""H"", ""H"", ""H"", ""H"", ""H"", ""H"", ""H"", ""H"", ""H"", ""H"", ""H"", ""H"", ""H"", ""H"", ""H"", ""H"", ""H"", ""H"", ""H"", ""H"", ""H"", ""H"", ""H"", ""H""]",C160H120N8O8,"[true, true, true]","[19.06436573793258, 0.0, 0.0, 9.53218286896629, 19.186171608546235, 0.0, 2.418492012109054, 4.652732600142024, 61.79537028476726]",22603.02808505269,[],"{""cutoff=6.000_skin=0.000"": 7830, ""cutoff=6.000_skin=0.500"": 9062}",0.0,,
OPT-RF-U256-ROFA-MIX-R256-v1,c9380bd69d0e1d094657eddf3b59489be4b1936561d28466835006a1e050ca76,OPT-RF-U256-ROFA-MIX-R256-v1:0235,A_corrH_c2-2_m11-11_4865_296,a675bbfda0c2d089e4e3e596e2ab8d34a77bc6fedb7aabac33d53df295585fe4,235,cross_family_test_set,rof-a/structures/A_corrH_c2-2_m11-11_4865_296.cif,686836b56023b591b9217352d295a5edcab1ddf6fd9ae4a52630e387b59ed7ca,a675bbfda0c2d089e4e3e596e2ab8d34a77bc6fedb7aabac33d53df295585fe4,0,296,"[""N"", ""C"", ""C"", ""C"", ""C"", ""C"", ""C"", ""C"", ""C"", ""O"", ""C"", ""C"", ""C"", ""C"", ""C"", ""N"", ""C"", ""C"", ""C"", ""C"", ""C"", ""C"", ""C"", ""C"", ""C"", ""C"", ""C"", ""C"", ""C"", ""C"", ""C"", ""C"", ""C"", ""C"", ""C"", ""C"", ""C"", ""C"", ""C"", ""C"", ""O"", ""C"", ""C"", ""C"", ""H"", ""H"", ""H"", ""H"", ""H"", ""H"", ""H"", ""H"", ""H"", ""H"", ""H"", ""H"", ""H"", ""H"", ""H"", ""H"", ""H"", ""H"", ""H"", ""H"", ""H"", ""H"", ""H"", ""H"", ""H"", ""H"", ""H"", ""H"", ""H"", ""H"", ""N"", ""C"", ""C"", ""C"", ""C"", ""C"", ""C"", ""C"", ""C"", ""O"", ""C"", ""C"", ""C"", ""C"", ""C"", ""N"", ""C"", ""C"", ""C"", ""C"", ""C"", ""C"", ""C"", ""C"", ""C"", ""C"", ""C"", ""C"", ""C"", ""C"", ""C"", ""C"", ""C"", ""C"", ""C"", ""C"", ""C"", ""C"", ""C"", ""C"", ""O"", ""C"", ""C"", ""C"", ""H"", ""H"", ""H"", ""H"", ""H"", ""H"", ""H"", ""H"", ""H"", ""H"", ""H"", ""H"", ""H"", ""H"", ""H"", ""H"", ""H"", ""H"", ""H"", ""H"", ""H"", ""H"", ""H"", ""H"", ""H"", ""H"", ""H"", ""H"", ""H"", ""H"", ""N"", ""C"", ""C"", ""C"", ""C"", ""C"", ""C"", ""C"", ""C"", ""O"", ""C"", ""C"", ""C"", ""C"", ""C"", ""N"", ""C"", ""C"", ""C"", ""C"", ""C"", ""C"", ""C"", ""C"", ""C"", ""C"", ""C"", ""C"", ""C"", ""C"", ""C"", ""C"", ""C"", ""C"", ""C"", ""C"", ""C"", ""C"", ""C"", ""C"", ""O"", ""C"", ""C"", ""C"", ""H"", ""H"", ""H"", ""H"", ""H"", ""H"", ""H"", ""H"", ""H"", ""H"", ""H"", ""H"", ""H"", ""H"", ""H"", ""H"", ""H"", ""H"", ""H"", ""H"", ""H"", ""H"", ""H"", ""H"", ""H"", ""H"", ""H"", ""H"", ""H"", ""H"", ""N"", ""C"", ""C"", ""C"", ""C"", ""C"", ""C"", ""C"", ""C"", ""O"", ""C"", ""C"", ""C"", ""C"", ""C"", ""N"", ""C"", ""C"", ""C"", ""C"", ""C"", ""C"", ""C"", ""C"", ""C"", ""C"", ""C"", ""C"", ""C"", ""C"", ""C"", ""C"", ""C"", ""C"", ""C"", ""C"", ""C"", ""C"", ""C"", ""C"", ""O"", ""C"", ""C"", ""C"", ""H"", ""H"", ""H"", ""H"", ""H"", ""H"", ""H"", ""H"", ""H"", ""H"", ""H"", ""H"", ""H"", ""H"", ""H"", ""H"", ""H"", ""H"", ""H"", ""H"", ""H"", ""H"", ""H"", ""H"", ""H"", ""H"", ""H"", ""H"", ""H"", ""H""]",C160H120N8O8,"[true, true, true]","[21.42362460556103, 0.0, 0.0, 10.466152132651152, 18.69308296606533, 0.0, 9.223317260374317, -4.742642325203244, 42.17444574216234]",16889.751784800057,[],"{""cutoff=6.000_skin=0.000"": 7832, ""cutoff=6.000_skin=0.500"": 9076}",0.0,,
OPT-RF-U256-ROFA-MIX-R256-v1,c9380bd69d0e1d094657eddf3b59489be4b1936561d28466835006a1e050ca76,OPT-RF-U256-ROFA-MIX-R256-v1:0236,A_corrH_c4_m1111_4780_296,e4500be4b71b6d4b91e286a672c2224eafb546d0b9fa76afbbb15b8e61b1cbdb,236,cross_family_test_set,rof-a/structures/A_corrH_c4_m1111_4780_296.cif,672a04cf58f4664171344892cd23a34832c681ac212bec419646720119a2a73b,e4500be4b71b6d4b91e286a672c2224eafb546d0b9fa76afbbb15b8e61b1cbdb,0,296,"[""N"", ""C"", ""C"", ""C"", ""C"", ""C"", ""C"", ""C"", ""C"", ""O"", ""C"", ""C"", ""C"", ""C"", ""C"", ""N"", ""C"", ""C"", ""C"", ""C"", ""C"", ""C"", ""C"", ""C"", ""C"", ""C"", ""C"", ""C"", ""C"", ""C"", ""C"", ""C"", ""C"", ""C"", ""C"", ""C"", ""C"", ""C"", ""C"", ""C"", ""O"", ""C"", ""C"", ""C"", ""H"", ""H"", ""H"", ""H"", ""H"", ""H"", ""H"", ""H"", ""H"", ""H"", ""H"", ""H"", ""H"", ""H"", ""H"", ""H"", ""H"", ""H"", ""H"", ""H"", ""H"", ""H"", ""H"", ""H"", ""H"", ""H"", ""H"", ""H"", ""H"", ""H"", ""N"", ""C"", ""C"", ""C"", ""C"", ""C"", ""C"", ""C"", ""C"", ""O"", ""C"", ""C"", ""C"", ""C"", ""C"", ""N"", ""C"", ""C"", ""C"", ""C"", ""C"", ""C"", ""C"", ""C"", ""C"", ""C"", ""C"", ""C"", ""C"", ""C"", ""C"", ""C"", ""C"", ""C"", ""C"", ""C"", ""C"", ""C"", ""C"", ""C"", ""O"", ""C"", ""C"", ""C"", ""H"", ""H"", ""H"", ""H"", ""H"", ""H"", ""H"", ""H"", ""H"", ""H"", ""H"", ""H"", ""H"", ""H"", ""H"", ""H"", ""H"", ""H"", ""H"", ""H"", ""H"", ""H"", ""H"", ""H"", ""H"", ""H"", ""H"", ""H"", ""H"", ""H"", ""N"", ""C"", ""C"", ""C"", ""C"", ""C"", ""C"", ""C"", ""C"", ""O"", ""C"", ""C"", ""C"", ""C"", ""C"", ""N"", ""C"", ""C"", ""C"", ""C"", ""C"", ""C"", ""C"", ""C"", ""C"", ""C"", ""C"", ""C"", ""C"", ""C"", ""C"", ""C"", ""C"", ""C"", ""C"", ""C"", ""C"", ""C"", ""C"", ""C"", ""O"", ""C"", ""C"", ""C"", ""H"", ""H"", ""H"", ""H"", ""H"", ""H"", ""H"", ""H"", ""H"", ""H"", ""H"", ""H"", ""H"", ""H"", ""H"", ""H"", ""H"", ""H"", ""H"", ""H"", ""H"", ""H"", ""H"", ""H"", ""H"", ""H"", ""H"", ""H"", ""H"", ""H"", ""N"", ""C"", ""C"", ""C"", ""C"", ""C"", ""C"", ""C"", ""C"", ""O"", ""C"", ""C"", ""C"", ""C"", ""C"", ""N"", ""C"", ""C"", ""C"", ""C"", ""C"", ""C"", ""C"", ""C"", ""C"", ""C"", ""C"", ""C"", ""C"", ""C"", ""C"", ""C"", ""C"", ""C"", ""C"", ""C"", ""C"", ""C"", ""C"", ""C"", ""O"", ""C"", ""C"", ""C"", ""H"", ""H"", ""H"", ""H"", ""H"", ""H"", ""H"", ""H"", ""H"", ""H"", ""H"", ""H"", ""H"", ""H"", ""H"", ""H"", ""H"", ""H"", ""H"", ""H"", ""H"", ""H"", ""H"", ""H"", ""H"", ""H"", ""H"", ""H"", ""H"", ""H""]",C160H120N8O8,"[true, true, true]","[21.42362460556103, 0.0, 0.0, -3.8852482976895018, 32.55597625231817, 0.0, -2.6228232556926185, -5.182851815144475, 33.9350984570697]",23668.61178716069,[],"{""cutoff=6.000_skin=0.000"": 7850, ""cutoff=6.000_skin=0.500"": 9080}",0.0,,
OPT-RF-U256-ROFA-MIX-R256-v1,c9380bd69d0e1d094657eddf3b59489be4b1936561d28466835006a1e050ca76,OPT-RF-U256-ROFA-MIX-R256-v1:0237,A_corrH_c4_m1111_2442_296,5b1cd3aea4ee4f8645bd2a017306bd7e04c42946d72a8d539ba2703c3c15a8d3,237,cross_family_test_set,rof-a/structures/A_corrH_c4_m1111_2442_296.cif,306b3549cb9db1e165ee909d38944819bd04eb006e579d6c0c29604c69380613,5b1cd3aea4ee4f8645bd2a017306bd7e04c42946d72a8d539ba2703c3c15a8d3,0,296,"[""N"", ""C"", ""C"", ""C"", ""C"", ""C"", ""C"", ""C"", ""C"", ""O"", ""C"", ""C"", ""C"", ""C"", ""C"", ""N"", ""C"", ""C"", ""C"", ""C"", ""C"", ""C"", ""C"", ""C"", ""C"", ""C"", ""C"", ""C"", ""C"", ""C"", ""C"", ""C"", ""C"", ""C"", ""C"", ""C"", ""C"", ""C"", ""C"", ""C"", ""O"", ""C"", ""C"", ""C"", ""H"", ""H"", ""H"", ""H"", ""H"", ""H"", ""H"", ""H"", ""H"", ""H"", ""H"", ""H"", ""H"", ""H"", ""H"", ""H"", ""H"", ""H"", ""H"", ""H"", ""H"", ""H"", ""H"", ""H"", ""H"", ""H"", ""H"", ""H"", ""H"", ""H"", ""N"", ""C"", ""C"", ""C"", ""C"", ""C"", ""C"", ""C"", ""C"", ""O"", ""C"", ""C"", ""C"", ""C"", ""C"", ""N"", ""C"", ""C"", ""C"", ""C"", ""C"", ""C"", ""C"", ""C"", ""C"", ""C"", ""C"", ""C"", ""C"", ""C"", ""C"", ""C"", ""C"", ""C"", ""C"", ""C"", ""C"", ""C"", ""C"", ""C"", ""O"", ""C"", ""C"", ""C"", ""H"", ""H"", ""H"", ""H"", ""H"", ""H"", ""H"", ""H"", ""H"", ""H"", ""H"", ""H"", ""H"", ""H"", ""H"", ""H"", ""H"", ""H"", ""H"", ""H"", ""H"", ""H"", ""H"", ""H"", ""H"", ""H"", ""H"", ""H"", ""H"", ""H"", ""N"", ""C"", ""C"", ""C"", ""C"", ""C"", ""C"", ""C"", ""C"", ""O"", ""C"", ""C"", ""C"", ""C"", ""C"", ""N"", ""C"", ""C"", ""C"", ""C"", ""C"", ""C"", ""C"", ""C"", ""C"", ""C"", ""C"", ""C"", ""C"", ""C"", ""C"", ""C"", ""C"", ""C"", ""C"", ""C"", ""C"", ""C"", ""C"", ""C"", ""O"", ""C"", ""C"", ""C"", ""H"", ""H"", ""H"", ""H"", ""H"", ""H"", ""H"", ""H"", ""H"", ""H"", ""H"", ""H"", ""H"", ""H"", ""H"", ""H"", ""H"", ""H"", ""H"", ""H"", ""H"", ""H"", ""H"", ""H"", ""H"", ""H"", ""H"", ""H"", ""H"", ""H"", ""N"", ""C"", ""C"", ""C"", ""C"", ""C"", ""C"", ""C"", ""C"", ""O"", ""C"", ""C"", ""C"", ""C"", ""C"", ""N"", ""C"", ""C"", ""C"", ""C"", ""C"", ""C"", ""C"", ""C"", ""C"", ""C"", ""C"", ""C"", ""C"", ""C"", ""C"", ""C"", ""C"", ""C"", ""C"", ""C"", ""C"", ""C"", ""C"", ""C"", ""O"", ""C"", ""C"", ""C"", ""H"", ""H"", ""H"", ""H"", ""H"", ""H"", ""H"", ""H"", ""H"", ""H"", ""H"", ""H"", ""H"", ""H"", ""H"", ""H"", ""H"", ""H"", ""H"", ""H"", ""H"", ""H"", ""H"", ""H"", ""H"", ""H"", ""H"", ""H"", ""H"", ""H""]",C160H120N8O8,"[true, true, true]","[21.42362460556103, 0.0, 0.0, 8.439028273201698, 35.6246985620975, 0.0, 1.268027734231993, 17.964052553351916, 36.90500116891222]",28166.27216728496,[],"{""cutoff=6.000_skin=0.000"": 7862, ""cutoff=6.000_skin=0.500"": 9086}",0.0,,
OPT-RF-U256-ROFA-MIX-R256-v1,c9380bd69d0e1d094657eddf3b59489be4b1936561d28466835006a1e050ca76,OPT-RF-U256-ROFA-MIX-R256-v1:0238,A_corrH_c4_m1111_1215_296,54ab02e4b311ab3887d105fe826d74de860d57e1c2d1e582a780488e11ebd884,238,cross_family_test_set,rof-a/structures/A_corrH_c4_m1111_1215_296.cif,44aacbda81ce08148ec817e19086f7c98cf7b5fab1ca7389fd32d2a65c36332c,54ab02e4b311ab3887d105fe826d74de860d57e1c2d1e582a780488e11ebd884,0,296,"[""N"", ""C"", ""C"", ""C"", ""C"", ""C"", ""C"", ""C"", ""C"", ""O"", ""C"", ""C"", ""C"", ""C"", ""C"", ""N"", ""C"", ""C"", ""C"", ""C"", ""C"", ""C"", ""C"", ""C"", ""C"", ""C"", ""C"", ""C"", ""C"", ""C"", ""C"", ""C"", ""C"", ""C"", ""C"", ""C"", ""C"", ""C"", ""C"", ""C"", ""O"", ""C"", ""C"", ""C"", ""H"", ""H"", ""H"", ""H"", ""H"", ""H"", ""H"", ""H"", ""H"", ""H"", ""H"", ""H"", ""H"", ""H"", ""H"", ""H"", ""H"", ""H"", ""H"", ""H"", ""H"", ""H"", ""H"", ""H"", ""H"", ""H"", ""H"", ""H"", ""H"", ""H"", ""N"", ""C"", ""C"", ""C"", ""C"", ""C"", ""C"", ""C"", ""C"", ""O"", ""C"", ""C"", ""C"", ""C"", ""C"", ""N"", ""C"", ""C"", ""C"", ""C"", ""C"", ""C"", ""C"", ""C"", ""C"", ""C"", ""C"", ""C"", ""C"", ""C"", ""C"", ""C"", ""C"", ""C"", ""C"", ""C"", ""C"", ""C"", ""C"", ""C"", ""O"", ""C"", ""C"", ""C"", ""H"", ""H"", ""H"", ""H"", ""H"", ""H"", ""H"", ""H"", ""H"", ""H"", ""H"", ""H"", ""H"", ""H"", ""H"", ""H"", ""H"", ""H"", ""H"", ""H"", ""H"", ""H"", ""H"", ""H"", ""H"", ""H"", ""H"", ""H"", ""H"", ""H"", ""N"", ""C"", ""C"", ""C"", ""C"", ""C"", ""C"", ""C"", ""C"", ""O"", ""C"", ""C"", ""C"", ""C"", ""C"", ""N"", ""C"", ""C"", ""C"", ""C"", ""C"", ""C"", ""C"", ""C"", ""C"", ""C"", ""C"", ""C"", ""C"", ""C"", ""C"", ""C"", ""C"", ""C"", ""C"", ""C"", ""C"", ""C"", ""C"", ""C"", ""O"", ""C"", ""C"", ""C"", ""H"", ""H"", ""H"", ""H"", ""H"", ""H"", ""H"", ""H"", ""H"", ""H"", ""H"", ""H"", ""H"", ""H"", ""H"", ""H"", ""H"", ""H"", ""H"", ""H"", ""H"", ""H"", ""H"", ""H"", ""H"", ""H"", ""H"", ""H"", ""H"", ""H"", ""N"", ""C"", ""C"", ""C"", ""C"", ""C"", ""C"", ""C"", ""C"", ""O"", ""C"", ""C"", ""C"", ""C"", ""C"", ""N"", ""C"", ""C"", ""C"", ""C"", ""C"", ""C"", ""C"", ""C"", ""C"", ""C"", ""C"", ""C"", ""C"", ""C"", ""C"", ""C"", ""C"", ""C"", ""C"", ""C"", ""C"", ""C"", ""C"", ""C"", ""O"", ""C"", ""C"", ""C"", ""H"", ""H"", ""H"", ""H"", ""H"", ""H"", ""H"", ""H"", ""H"", ""H"", ""H"", ""H"", ""H"", ""H"", ""H"", ""H"", ""H"", ""H"", ""H"", ""H"", ""H"", ""H"", ""H"", ""H"", ""H"", ""H"", ""H"", ""H"", ""H"", ""H""]",C160H120N8O8,"[true, true, true]","[21.42362460556103, 0.0, 0.0, 6.713778774960237, 28.78432277807068, 0.0, 4.645469488928232, 2.697675071280715, 47.20102302191901]",29107.196475437275,[],"{""cutoff=6.000_skin=0.000"": 7864, ""cutoff=6.000_skin=0.500"": 9052}",0.0,,
OPT-RF-U256-ROFA-MIX-R256-v1,c9380bd69d0e1d094657eddf3b59489be4b1936561d28466835006a1e050ca76,OPT-RF-U256-ROFA-MIX-R256-v1:0239,A_corrH_c4_m1111_5525_296,a9a5a60c331fc7b80616f8e8a4915b672ad4e36217e8866108fa6a73bd7a1016,239,cross_family_test_set,rof-a/structures/A_corrH_c4_m1111_5525_296.cif,107109a45cbda77c01283ab577f4956e282e26bc5fabcc8c34664c35eba222d6,a9a5a60c331fc7b80616f8e8a4915b672ad4e36217e8866108fa6a73bd7a1016,0,296,"[""N"", ""C"", ""C"", ""C"", ""C"", ""C"", ""C"", ""C"", ""C"", ""O"", ""C"", ""C"", ""C"", ""C"", ""C"", ""N"", ""C"", ""C"", ""C"", ""C"", ""C"", ""C"", ""C"", ""C"", ""C"", ""C"", ""C"", ""C"", ""C"", ""C"", ""C"", ""C"", ""C"", ""C"", ""C"", ""C"", ""C"", ""C"", ""C"", ""C"", ""O"", ""C"", ""C"", ""C"", ""H"", ""H"", ""H"", ""H"", ""H"", ""H"", ""H"", ""H"", ""H"", ""H"", ""H"", ""H"", ""H"", ""H"", ""H"", ""H"", ""H"", ""H"", ""H"", ""H"", ""H"", ""H"", ""H"", ""H"", ""H"", ""H"", ""H"", ""H"", ""H"", ""H"", ""N"", ""C"", ""C"", ""C"", ""C"", ""C"", ""C"", ""C"", ""C"", ""O"", ""C"", ""C"", ""C"", ""C"", ""C"", ""N"", ""C"", ""C"", ""C"", ""C"", ""C"", ""C"", ""C"", ""C"", ""C"", ""C"", ""C"", ""C"", ""C"", ""C"", ""C"", ""C"", ""C"", ""C"", ""C"", ""C"", ""C"", ""C"", ""C"", ""C"", ""O"", ""C"", ""C"", ""C"", ""H"", ""H"", ""H"", ""H"", ""H"", ""H"", ""H"", ""H"", ""H"", ""H"", ""H"", ""H"", ""H"", ""H"", ""H"", ""H"", ""H"", ""H"", ""H"", ""H"", ""H"", ""H"", ""H"", ""H"", ""H"", ""H"", ""H"", ""H"", ""H"", ""H"", ""N"", ""C"", ""C"", ""C"", ""C"", ""C"", ""C"", ""C"", ""C"", ""O"", ""C"", ""C"", ""C"", ""C"", ""C"", ""N"", ""C"", ""C"", ""C"", ""C"", ""C"", ""C"", ""C"", ""C"", ""C"", ""C"", ""C"", ""C"", ""C"", ""C"", ""C"", ""C"", ""C"", ""C"", ""C"", ""C"", ""C"", ""C"", ""C"", ""C"", ""O"", ""C"", ""C"", ""C"", ""H"", ""H"", ""H"", ""H"", ""H"", ""H"", ""H"", ""H"", ""H"", ""H"", ""H"", ""H"", ""H"", ""H"", ""H"", ""H"", ""H"", ""H"", ""H"", ""H"", ""H"", ""H"", ""H"", ""H"", ""H"", ""H"", ""H"", ""H"", ""H"", ""H"", ""N"", ""C"", ""C"", ""C"", ""C"", ""C"", ""C"", ""C"", ""C"", ""O"", ""C"", ""C"", ""C"", ""C"", ""C"", ""N"", ""C"", ""C"", ""C"", ""C"", ""C"", ""C"", ""C"", ""C"", ""C"", ""C"", ""C"", ""C"", ""C"", ""C"", ""C"", ""C"", ""C"", ""C"", ""C"", ""C"", ""C"", ""C"", ""C"", ""C"", ""O"", ""C"", ""C"", ""C"", ""H"", ""H"", ""H"", ""H"", ""H"", ""H"", ""H"", ""H"", ""H"", ""H"", ""H"", ""H"", ""H"", ""H"", ""H"", ""H"", ""H"", ""H"", ""H"", ""H"", ""H"", ""H"", ""H"", ""H"", ""H"", ""H"", ""H"", ""H"", ""H"", ""H""]",C160H120N8O8,"[true, true, true]","[21.42362460556103, 0.0, 0.0, -1.4192887588396768, 29.344426021813995, 0.0, -7.614624943249737, -8.873684302644051, 34.17482295526254]",21484.47978277841,[],"{""cutoff=6.000_skin=0.000"": 7886, ""cutoff=6.000_skin=0.500"": 9180}",0.0,,
OPT-RF-U256-ROFA-MIX-R256-v1,c9380bd69d0e1d094657eddf3b59489be4b1936561d28466835006a1e050ca76,OPT-RF-U256-ROFA-MIX-R256-v1:0240,A_corrH_c4_m1111_2714_296,b791ccdeea6972d515fcb4ec8ab06a0ff0f19a99356a0d986a841cc3cb71b2cc,240,cross_family_test_set,rof-a/structures/A_corrH_c4_m1111_2714_296.cif,8f08f099f9befdc7d0ba50525dfb26d675cf2352fdf69295b7ff0ba1084152b5,b791ccdeea6972d515fcb4ec8ab06a0ff0f19a99356a0d986a841cc3cb71b2cc,0,296,"[""N"", ""C"", ""C"", ""C"", ""C"", ""C"", ""C"", ""C"", ""C"", ""O"", ""C"", ""C"", ""C"", ""C"", ""C"", ""N"", ""C"", ""C"", ""C"", ""C"", ""C"", ""C"", ""C"", ""C"", ""C"", ""C"", ""C"", ""C"", ""C"", ""C"", ""C"", ""C"", ""C"", ""C"", ""C"", ""C"", ""C"", ""C"", ""C"", ""C"", ""O"", ""C"", ""C"", ""C"", ""H"", ""H"", ""H"", ""H"", ""H"", ""H"", ""H"", ""H"", ""H"", ""H"", ""H"", ""H"", ""H"", ""H"", ""H"", ""H"", ""H"", ""H"", ""H"", ""H"", ""H"", ""H"", ""H"", ""H"", ""H"", ""H"", ""H"", ""H"", ""H"", ""H"", ""N"", ""C"", ""C"", ""C"", ""C"", ""C"", ""C"", ""C"", ""C"", ""O"", ""C"", ""C"", ""C"", ""C"", ""C"", ""N"", ""C"", ""C"", ""C"", ""C"", ""C"", ""C"", ""C"", ""C"", ""C"", ""C"", ""C"", ""C"", ""C"", ""C"", ""C"", ""C"", ""C"", ""C"", ""C"", ""C"", ""C"", ""C"", ""C"", ""C"", ""O"", ""C"", ""C"", ""C"", ""H"", ""H"", ""H"", ""H"", ""H"", ""H"", ""H"", ""H"", ""H"", ""H"", ""H"", ""H"", ""H"", ""H"", ""H"", ""H"", ""H"", ""H"", ""H"", ""H"", ""H"", ""H"", ""H"", ""H"", ""H"", ""H"", ""H"", ""H"", ""H"", ""H"", ""N"", ""C"", ""C"", ""C"", ""C"", ""C"", ""C"", ""C"", ""C"", ""O"", ""C"", ""C"", ""C"", ""C"", ""C"", ""N"", ""C"", ""C"", ""C"", ""C"", ""C"", ""C"", ""C"", ""C"", ""C"", ""C"", ""C"", ""C"", ""C"", ""C"", ""C"", ""C"", ""C"", ""C"", ""C"", ""C"", ""C"", ""C"", ""C"", ""C"", ""O"", ""C"", ""C"", ""C"", ""H"", ""H"", ""H"", ""H"", ""H"", ""H"", ""H"", ""H"", ""H"", ""H"", ""H"", ""H"", ""H"", ""H"", ""H"", ""H"", ""H"", ""H"", ""H"", ""H"", ""H"", ""H"", ""H"", ""H"", ""H"", ""H"", ""H"", ""H"", ""H"", ""H"", ""N"", ""C"", ""C"", ""C"", ""C"", ""C"", ""C"", ""C"", ""C"", ""O"", ""C"", ""C"", ""C"", ""C"", ""C"", ""N"", ""C"", ""C"", ""C"", ""C"", ""C"", ""C"", ""C"", ""C"", ""C"", ""C"", ""C"", ""C"", ""C"", ""C"", ""C"", ""C"", ""C"", ""C"", ""C"", ""C"", ""C"", ""C"", ""C"", ""C"", ""O"", ""C"", ""C"", ""C"", ""H"", ""H"", ""H"", ""H"", ""H"", ""H"", ""H"", ""H"", ""H"", ""H"", ""H"", ""H"", ""H"", ""H"", ""H"", ""H"", ""H"", ""H"", ""H"", ""H"", ""H"", ""H"", ""H"", ""H"", ""H"", ""H"", ""H"", ""H"", ""H"", ""H""]",C160H120N8O8,"[true, true, true]","[21.42362460556103, 0.0, 0.0, 4.551206551477049, 22.49270580562675, 0.0, 6.47155837683622, 3.3545667311561598, 29.907777037517395]",14411.81859991219,[],"{""cutoff=6.000_skin=0.000"": 7920, ""cutoff=6.000_skin=0.500"": 9358}",0.0,,
OPT-RF-U256-ROFA-MIX-R256-v1,c9380bd69d0e1d094657eddf3b59489be4b1936561d28466835006a1e050ca76,OPT-RF-U256-ROFA-MIX-R256-v1:0241,A_corrH_c2-2_m11-11_8126_296,df4ab555c889bf93380465377cfaf1554a541f9c9dd4cc8ce396cca2a44959c1,241,cross_family_test_set,rof-a/structures/A_corrH_c2-2_m11-11_8126_296.cif,34a9a18a41ed094c58614d13e30be8028d2adea97e88aa2eb41e68e2bba3b8d0,df4ab555c889bf93380465377cfaf1554a541f9c9dd4cc8ce396cca2a44959c1,0,296,"[""N"", ""C"", ""C"", ""C"", ""C"", ""C"", ""C"", ""C"", ""C"", ""O"", ""C"", ""C"", ""C"", ""C"", ""C"", ""N"", ""C"", ""C"", ""C"", ""C"", ""C"", ""C"", ""C"", ""C"", ""C"", ""C"", ""C"", ""C"", ""C"", ""C"", ""C"", ""C"", ""C"", ""C"", ""C"", ""C"", ""C"", ""C"", ""C"", ""C"", ""O"", ""C"", ""C"", ""C"", ""H"", ""H"", ""H"", ""H"", ""H"", ""H"", ""H"", ""H"", ""H"", ""H"", ""H"", ""H"", ""H"", ""H"", ""H"", ""H"", ""H"", ""H"", ""H"", ""H"", ""H"", ""H"", ""H"", ""H"", ""H"", ""H"", ""H"", ""H"", ""H"", ""H"", ""N"", ""C"", ""C"", ""C"", ""C"", ""C"", ""C"", ""C"", ""C"", ""O"", ""C"", ""C"", ""C"", ""C"", ""C"", ""N"", ""C"", ""C"", ""C"", ""C"", ""C"", ""C"", ""C"", ""C"", ""C"", ""C"", ""C"", ""C"", ""C"", ""C"", ""C"", ""C"", ""C"", ""C"", ""C"", ""C"", ""C"", ""C"", ""C"", ""C"", ""O"", ""C"", ""C"", ""C"", ""H"", ""H"", ""H"", ""H"", ""H"", ""H"", ""H"", ""H"", ""H"", ""H"", ""H"", ""H"", ""H"", ""H"", ""H"", ""H"", ""H"", ""H"", ""H"", ""H"", ""H"", ""H"", ""H"", ""H"", ""H"", ""H"", ""H"", ""H"", ""H"", ""H"", ""N"", ""C"", ""C"", ""C"", ""C"", ""C"", ""C"", ""C"", ""C"", ""O"", ""C"", ""C"", ""C"", ""C"", ""C"", ""N"", ""C"", ""C"", ""C"", ""C"", ""C"", ""C"", ""C"", ""C"", ""C"", ""C"", ""C"", ""C"", ""C"", ""C"", ""C"", ""C"", ""C"", ""C"", ""C"", ""C"", ""C"", ""C"", ""C"", ""C"", ""O"", ""C"", ""C"", ""C"", ""H"", ""H"", ""H"", ""H"", ""H"", ""H"", ""H"", ""H"", ""H"", ""H"", ""H"", ""H"", ""H"", ""H"", ""H"", ""H"", ""H"", ""H"", ""H"", ""H"", ""H"", ""H"", ""H"", ""H"", ""H"", ""H"", ""H"", ""H"", ""H"", ""H"", ""N"", ""C"", ""C"", ""C"", ""C"", ""C"", ""C"", ""C"", ""C"", ""O"", ""C"", ""C"", ""C"", ""C"", ""C"", ""N"", ""C"", ""C"", ""C"", ""C"", ""C"", ""C"", ""C"", ""C"", ""C"", ""C"", ""C"", ""C"", ""C"", ""C"", ""C"", ""C"", ""C"", ""C"", ""C"", ""C"", ""C"", ""C"", ""C"", ""C"", ""O"", ""C"", ""C"", ""C"", ""H"", ""H"", ""H"", ""H"", ""H"", ""H"", ""H"", ""H"", ""H"", ""H"", ""H"", ""H"", ""H"", ""H"", ""H"", ""H"", ""H"", ""H"", ""H"", ""H"", ""H"", ""H"", ""H"", ""H"", ""H"", ""H"", ""H"", ""H"", ""H"", ""H""]",C160H120N8O8,"[true, true, true]","[21.42362460556103, 0.0, 0.0, -3.4915338123977877, 21.137191934523443, 0.0, -5.788091492064585, -4.721086983055446, 43.55724686036668]",19724.257434307343,[],"{""cutoff=6.000_skin=0.000"": 7926, ""cutoff=6.000_skin=0.500"": 9194}",0.0,,
OPT-RF-U256-ROFA-MIX-R256-v1,c9380bd69d0e1d094657eddf3b59489be4b1936561d28466835006a1e050ca76,OPT-RF-U256-ROFA-MIX-R256-v1:0242,A_corrH_c2-2_m11-11_6874_296,3a4ff075f101860cb274a17c46880878ec0be0c3ff88c8484a8dc682867a9726,242,cross_family_test_set,rof-a/structures/A_corrH_c2-2_m11-11_6874_296.cif,708c629a105917c8f68044a8ea03d98a98827ac23fe4897bf8a0db08883cb217,3a4ff075f101860cb274a17c46880878ec0be0c3ff88c8484a8dc682867a9726,0,296,"[""N"", ""C"", ""C"", ""C"", ""C"", ""C"", ""C"", ""C"", ""C"", ""O"", ""C"", ""C"", ""C"", ""C"", ""C"", ""N"", ""C"", ""C"", ""C"", ""C"", ""C"", ""C"", ""C"", ""C"", ""C"", ""C"", ""C"", ""C"", ""C"", ""C"", ""C"", ""C"", ""C"", ""C"", ""C"", ""C"", ""C"", ""C"", ""C"", ""C"", ""O"", ""C"", ""C"", ""C"", ""H"", ""H"", ""H"", ""H"", ""H"", ""H"", ""H"", ""H"", ""H"", ""H"", ""H"", ""H"", ""H"", ""H"", ""H"", ""H"", ""H"", ""H"", ""H"", ""H"", ""H"", ""H"", ""H"", ""H"", ""H"", ""H"", ""H"", ""H"", ""H"", ""H"", ""N"", ""C"", ""C"", ""C"", ""C"", ""C"", ""C"", ""C"", ""C"", ""O"", ""C"", ""C"", ""C"", ""C"", ""C"", ""N"", ""C"", ""C"", ""C"", ""C"", ""C"", ""C"", ""C"", ""C"", ""C"", ""C"", ""C"", ""C"", ""C"", ""C"", ""C"", ""C"", ""C"", ""C"", ""C"", ""C"", ""C"", ""C"", ""C"", ""C"", ""O"", ""C"", ""C"", ""C"", ""H"", ""H"", ""H"", ""H"", ""H"", ""H"", ""H"", ""H"", ""H"", ""H"", ""H"", ""H"", ""H"", ""H"", ""H"", ""H"", ""H"", ""H"", ""H"", ""H"", ""H"", ""H"", ""H"", ""H"", ""H"", ""H"", ""H"", ""H"", ""H"", ""H"", ""N"", ""C"", ""C"", ""C"", ""C"", ""C"", ""C"", ""C"", ""C"", ""O"", ""C"", ""C"", ""C"", ""C"", ""C"", ""N"", ""C"", ""C"", ""C"", ""C"", ""C"", ""C"", ""C"", ""C"", ""C"", ""C"", ""C"", ""C"", ""C"", ""C"", ""C"", ""C"", ""C"", ""C"", ""C"", ""C"", ""C"", ""C"", ""C"", ""C"", ""O"", ""C"", ""C"", ""C"", ""H"", ""H"", ""H"", ""H"", ""H"", ""H"", ""H"", ""H"", ""H"", ""H"", ""H"", ""H"", ""H"", ""H"", ""H"", ""H"", ""H"", ""H"", ""H"", ""H"", ""H"", ""H"", ""H"", ""H"", ""H"", ""H"", ""H"", ""H"", ""H"", ""H"", ""N"", ""C"", ""C"", ""C"", ""C"", ""C"", ""C"", ""C"", ""C"", ""O"", ""C"", ""C"", ""C"", ""C"", ""C"", ""N"", ""C"", ""C"", ""C"", ""C"", ""C"", ""C"", ""C"", ""C"", ""C"", ""C"", ""C"", ""C"", ""C"", ""C"", ""C"", ""C"", ""C"", ""C"", ""C"", ""C"", ""C"", ""C"", ""C"", ""C"", ""O"", ""C"", ""C"", ""C"", ""H"", ""H"", ""H"", ""H"", ""H"", ""H"", ""H"", ""H"", ""H"", ""H"", ""H"", ""H"", ""H"", ""H"", ""H"", ""H"", ""H"", ""H"", ""H"", ""H"", ""H"", ""H"", ""H"", ""H"", ""H"", ""H"", ""H"", ""H"", ""H"", ""H""]",C160H120N8O8,"[true, true, true]","[15.077194891300486, 0.0, 0.0, 7.538597445650243, 20.05345954673247, 0.0, 2.280165527099311, 7.99740598343685, 56.11877464981809]",16967.506904143047,[],"{""cutoff=6.000_skin=0.000"": 7984, ""cutoff=6.000_skin=0.500"": 9238}",0.0,,
OPT-RF-U256-ROFA-MIX-R256-v1,c9380bd69d0e1d094657eddf3b59489be4b1936561d28466835006a1e050ca76,OPT-RF-U256-ROFA-MIX-R256-v1:0243,A_corrH_c4_m1111_3547_296,033592282a39315aed43b1f70cb2c05a7d1dcf3ab45a0bbabc6e14c5b60662e8,243,cross_family_test_set,rof-a/structures/A_corrH_c4_m1111_3547_296.cif,f15ec2c7b6dcd1eb6f9a8745e749f3ebde1d4538ad0e7f090e1fb6e019e563b7,033592282a39315aed43b1f70cb2c05a7d1dcf3ab45a0bbabc6e14c5b60662e8,0,296,"[""N"", ""C"", ""C"", ""C"", ""C"", ""C"", ""C"", ""C"", ""C"", ""O"", ""C"", ""C"", ""C"", ""C"", ""C"", ""N"", ""C"", ""C"", ""C"", ""C"", ""C"", ""C"", ""C"", ""C"", ""C"", ""C"", ""C"", ""C"", ""C"", ""C"", ""C"", ""C"", ""C"", ""C"", ""C"", ""C"", ""C"", ""C"", ""C"", ""C"", ""O"", ""C"", ""C"", ""C"", ""H"", ""H"", ""H"", ""H"", ""H"", ""H"", ""H"", ""H"", ""H"", ""H"", ""H"", ""H"", ""H"", ""H"", ""H"", ""H"", ""H"", ""H"", ""H"", ""H"", ""H"", ""H"", ""H"", ""H"", ""H"", ""H"", ""H"", ""H"", ""H"", ""H"", ""N"", ""C"", ""C"", ""C"", ""C"", ""C"", ""C"", ""C"", ""C"", ""O"", ""C"", ""C"", ""C"", ""C"", ""C"", ""N"", ""C"", ""C"", ""C"", ""C"", ""C"", ""C"", ""C"", ""C"", ""C"", ""C"", ""C"", ""C"", ""C"", ""C"", ""C"", ""C"", ""C"", ""C"", ""C"", ""C"", ""C"", ""C"", ""C"", ""C"", ""O"", ""C"", ""C"", ""C"", ""H"", ""H"", ""H"", ""H"", ""H"", ""H"", ""H"", ""H"", ""H"", ""H"", ""H"", ""H"", ""H"", ""H"", ""H"", ""H"", ""H"", ""H"", ""H"", ""H"", ""H"", ""H"", ""H"", ""H"", ""H"", ""H"", ""H"", ""H"", ""H"", ""H"", ""N"", ""C"", ""C"", ""C"", ""C"", ""C"", ""C"", ""C"", ""C"", ""O"", ""C"", ""C"", ""C"", ""C"", ""C"", ""N"", ""C"", ""C"", ""C"", ""C"", ""C"", ""C"", ""C"", ""C"", ""C"", ""C"", ""C"", ""C"", ""C"", ""C"", ""C"", ""C"", ""C"", ""C"", ""C"", ""C"", ""C"", ""C"", ""C"", ""C"", ""O"", ""C"", ""C"", ""C"", ""H"", ""H"", ""H"", ""H"", ""H"", ""H"", ""H"", ""H"", ""H"", ""H"", ""H"", ""H"", ""H"", ""H"", ""H"", ""H"", ""H"", ""H"", ""H"", ""H"", ""H"", ""H"", ""H"", ""H"", ""H"", ""H"", ""H"", ""H"", ""H"", ""H"", ""N"", ""C"", ""C"", ""C"", ""C"", ""C"", ""C"", ""C"", ""C"", ""O"", ""C"", ""C"", ""C"", ""C"", ""C"", ""N"", ""C"", ""C"", ""C"", ""C"", ""C"", ""C"", ""C"", ""C"", ""C"", ""C"", ""C"", ""C"", ""C"", ""C"", ""C"", ""C"", ""C"", ""C"", ""C"", ""C"", ""C"", ""C"", ""C"", ""C"", ""O"", ""C"", ""C"", ""C"", ""H"", ""H"", ""H"", ""H"", ""H"", ""H"", ""H"", ""H"", ""H"", ""H"", ""H"", ""H"", ""H"", ""H"", ""H"", ""H"", ""H"", ""H"", ""H"", ""H"", ""H"", ""H"", ""H"", ""H"", ""H"", ""H"", ""H"", ""H"", ""H"", ""H""]",C160H120N8O8,"[true, true, true]","[21.42362460556103, 0.0, 0.0, -2.143428165139991, 31.518243662706876, 0.0, -0.48392976711527713, -6.995094704602591, 37.64551239584593]",25419.56833270201,[],"{""cutoff=6.000_skin=0.000"": 8046, ""cutoff=6.000_skin=0.500"": 9342}",0.0,,
OPT-RF-U256-ROFA-MIX-R256-v1,c9380bd69d0e1d094657eddf3b59489be4b1936561d28466835006a1e050ca76,OPT-RF-U256-ROFA-MIX-R256-v1:0244,A_corrH_c4_m1111_5020_296,14e78764cb5d6335a71257e02f55f08ee9b71489624459cd72e8e5c6ef821fc4,244,cross_family_test_set,rof-a/structures/A_corrH_c4_m1111_5020_296.cif,fa067c105be724134a9a92253730aa5b10107db2cf902c4e95fc33091b74e876,14e78764cb5d6335a71257e02f55f08ee9b71489624459cd72e8e5c6ef821fc4,0,296,"[""N"", ""C"", ""C"", ""C"", ""C"", ""C"", ""C"", ""C"", ""C"", ""O"", ""C"", ""C"", ""C"", ""C"", ""C"", ""N"", ""C"", ""C"", ""C"", ""C"", ""C"", ""C"", ""C"", ""C"", ""C"", ""C"", ""C"", ""C"", ""C"", ""C"", ""C"", ""C"", ""C"", ""C"", ""C"", ""C"", ""C"", ""C"", ""C"", ""C"", ""O"", ""C"", ""C"", ""C"", ""H"", ""H"", ""H"", ""H"", ""H"", ""H"", ""H"", ""H"", ""H"", ""H"", ""H"", ""H"", ""H"", ""H"", ""H"", ""H"", ""H"", ""H"", ""H"", ""H"", ""H"", ""H"", ""H"", ""H"", ""H"", ""H"", ""H"", ""H"", ""H"", ""H"", ""N"", ""C"", ""C"", ""C"", ""C"", ""C"", ""C"", ""C"", ""C"", ""O"", ""C"", ""C"", ""C"", ""C"", ""C"", ""N"", ""C"", ""C"", ""C"", ""C"", ""C"", ""C"", ""C"", ""C"", ""C"", ""C"", ""C"", ""C"", ""C"", ""C"", ""C"", ""C"", ""C"", ""C"", ""C"", ""C"", ""C"", ""C"", ""C"", ""C"", ""O"", ""C"", ""C"", ""C"", ""H"", ""H"", ""H"", ""H"", ""H"", ""H"", ""H"", ""H"", ""H"", ""H"", ""H"", ""H"", ""H"", ""H"", ""H"", ""H"", ""H"", ""H"", ""H"", ""H"", ""H"", ""H"", ""H"", ""H"", ""H"", ""H"", ""H"", ""H"", ""H"", ""H"", ""N"", ""C"", ""C"", ""C"", ""C"", ""C"", ""C"", ""C"", ""C"", ""O"", ""C"", ""C"", ""C"", ""C"", ""C"", ""N"", ""C"", ""C"", ""C"", ""C"", ""C"", ""C"", ""C"", ""C"", ""C"", ""C"", ""C"", ""C"", ""C"", ""C"", ""C"", ""C"", ""C"", ""C"", ""C"", ""C"", ""C"", ""C"", ""C"", ""C"", ""O"", ""C"", ""C"", ""C"", ""H"", ""H"", ""H"", ""H"", ""H"", ""H"", ""H"", ""H"", ""H"", ""H"", ""H"", ""H"", ""H"", ""H"", ""H"", ""H"", ""H"", ""H"", ""H"", ""H"", ""H"", ""H"", ""H"", ""H"", ""H"", ""H"", ""H"", ""H"", ""H"", ""H"", ""N"", ""C"", ""C"", ""C"", ""C"", ""C"", ""C"", ""C"", ""C"", ""O"", ""C"", ""C"", ""C"", ""C"", ""C"", ""N"", ""C"", ""C"", ""C"", ""C"", ""C"", ""C"", ""C"", ""C"", ""C"", ""C"", ""C"", ""C"", ""C"", ""C"", ""C"", ""C"", ""C"", ""C"", ""C"", ""C"", ""C"", ""C"", ""C"", ""C"", ""O"", ""C"", ""C"", ""C"", ""H"", ""H"", ""H"", ""H"", ""H"", ""H"", ""H"", ""H"", ""H"", ""H"", ""H"", ""H"", ""H"", ""H"", ""H"", ""H"", ""H"", ""H"", ""H"", ""H"", ""H"", ""H"", ""H"", ""H"", ""H"", ""H"", ""H"", ""H"", ""H"", ""H""]",C160H120N8O8,"[true, true, true]","[21.42362460556103, 0.0, 0.0, 4.0027619808529264, 39.66131804699293, 0.0, 7.585246323321284, 7.387671741712234, 39.24545344241193]",33346.4375152905,[],"{""cutoff=6.000_skin=0.000"": 8046, ""cutoff=6.000_skin=0.500"": 9386}",0.0,,
OPT-RF-U256-ROFA-MIX-R256-v1,c9380bd69d0e1d094657eddf3b59489be4b1936561d28466835006a1e050ca76,OPT-RF-U256-ROFA-MIX-R256-v1:0245,A_corrH_c2-2_m11-11_6362_296,29e3a1b15651ba3e5229e7a2a219d742056de67d3d048f173bd6d61d549d8cdb,245,cross_family_test_set,rof-a/structures/A_corrH_c2-2_m11-11_6362_296.cif,4e1b356ad1ffd632b0b13e0aa2456cbc505877465eb6287a2ce9aaffdc5df665,29e3a1b15651ba3e5229e7a2a219d742056de67d3d048f173bd6d61d549d8cdb,0,296,"[""N"", ""C"", ""C"", ""C"", ""C"", ""C"", ""C"", ""C"", ""C"", ""O"", ""C"", ""C"", ""C"", ""C"", ""C"", ""N"", ""C"", ""C"", ""C"", ""C"", ""C"", ""C"", ""C"", ""C"", ""C"", ""C"", ""C"", ""C"", ""C"", ""C"", ""C"", ""C"", ""C"", ""C"", ""C"", ""C"", ""C"", ""C"", ""C"", ""C"", ""O"", ""C"", ""C"", ""C"", ""H"", ""H"", ""H"", ""H"", ""H"", ""H"", ""H"", ""H"", ""H"", ""H"", ""H"", ""H"", ""H"", ""H"", ""H"", ""H"", ""H"", ""H"", ""H"", ""H"", ""H"", ""H"", ""H"", ""H"", ""H"", ""H"", ""H"", ""H"", ""H"", ""H"", ""N"", ""C"", ""C"", ""C"", ""C"", ""C"", ""C"", ""C"", ""C"", ""O"", ""C"", ""C"", ""C"", ""C"", ""C"", ""N"", ""C"", ""C"", ""C"", ""C"", ""C"", ""C"", ""C"", ""C"", ""C"", ""C"", ""C"", ""C"", ""C"", ""C"", ""C"", ""C"", ""C"", ""C"", ""C"", ""C"", ""C"", ""C"", ""C"", ""C"", ""O"", ""C"", ""C"", ""C"", ""H"", ""H"", ""H"", ""H"", ""H"", ""H"", ""H"", ""H"", ""H"", ""H"", ""H"", ""H"", ""H"", ""H"", ""H"", ""H"", ""H"", ""H"", ""H"", ""H"", ""H"", ""H"", ""H"", ""H"", ""H"", ""H"", ""H"", ""H"", ""H"", ""H"", ""N"", ""C"", ""C"", ""C"", ""C"", ""C"", ""C"", ""C"", ""C"", ""O"", ""C"", ""C"", ""C"", ""C"", ""C"", ""N"", ""C"", ""C"", ""C"", ""C"", ""C"", ""C"", ""C"", ""C"", ""C"", ""C"", ""C"", ""C"", ""C"", ""C"", ""C"", ""C"", ""C"", ""C"", ""C"", ""C"", ""C"", ""C"", ""C"", ""C"", ""O"", ""C"", ""C"", ""C"", ""H"", ""H"", ""H"", ""H"", ""H"", ""H"", ""H"", ""H"", ""H"", ""H"", ""H"", ""H"", ""H"", ""H"", ""H"", ""H"", ""H"", ""H"", ""H"", ""H"", ""H"", ""H"", ""H"", ""H"", ""H"", ""H"", ""H"", ""H"", ""H"", ""H"", ""N"", ""C"", ""C"", ""C"", ""C"", ""C"", ""C"", ""C"", ""C"", ""O"", ""C"", ""C"", ""C"", ""C"", ""C"", ""N"", ""C"", ""C"", ""C"", ""C"", ""C"", ""C"", ""C"", ""C"", ""C"", ""C"", ""C"", ""C"", ""C"", ""C"", ""C"", ""C"", ""C"", ""C"", ""C"", ""C"", ""C"", ""C"", ""C"", ""C"", ""O"", ""C"", ""C"", ""C"", ""H"", ""H"", ""H"", ""H"", ""H"", ""H"", ""H"", ""H"", ""H"", ""H"", ""H"", ""H"", ""H"", ""H"", ""H"", ""H"", ""H"", ""H"", ""H"", ""H"", ""H"", ""H"", ""H"", ""H"", ""H"", ""H"", ""H"", ""H"", ""H"", ""H""]",C160H120N8O8,"[true, true, true]","[21.42362460556103, 0.0, 0.0, 5.535744226945693, 20.696067913829367, 0.0, 5.206882230616382, -0.38003052659328607, 40.439526588706684]",17930.270996027022,[],"{""cutoff=6.000_skin=0.000"": 8078, ""cutoff=6.000_skin=0.500"": 9432}",0.0,,
OPT-RF-U256-ROFA-MIX-R256-v1,c9380bd69d0e1d094657eddf3b59489be4b1936561d28466835006a1e050ca76,OPT-RF-U256-ROFA-MIX-R256-v1:0246,A_corrH_c4_m1111_3586_296,8dc76fe3c05038d3b6b550fb2406bf322e9a1bc25fad0d9461b74b9aa221ce6a,246,cross_family_test_set,rof-a/structures/A_corrH_c4_m1111_3586_296.cif,90c08cfa14f4b0c1b0a9773aa8d2b26d696f2e87850e1da7e76bf0e298d444a9,8dc76fe3c05038d3b6b550fb2406bf322e9a1bc25fad0d9461b74b9aa221ce6a,0,296,"[""N"", ""C"", ""C"", ""C"", ""C"", ""C"", ""C"", ""C"", ""C"", ""O"", ""C"", ""C"", ""C"", ""C"", ""C"", ""N"", ""C"", ""C"", ""C"", ""C"", ""C"", ""C"", ""C"", ""C"", ""C"", ""C"", ""C"", ""C"", ""C"", ""C"", ""C"", ""C"", ""C"", ""C"", ""C"", ""C"", ""C"", ""C"", ""C"", ""C"", ""O"", ""C"", ""C"", ""C"", ""H"", ""H"", ""H"", ""H"", ""H"", ""H"", ""H"", ""H"", ""H"", ""H"", ""H"", ""H"", ""H"", ""H"", ""H"", ""H"", ""H"", ""H"", ""H"", ""H"", ""H"", ""H"", ""H"", ""H"", ""H"", ""H"", ""H"", ""H"", ""H"", ""H"", ""N"", ""C"", ""C"", ""C"", ""C"", ""C"", ""C"", ""C"", ""C"", ""O"", ""C"", ""C"", ""C"", ""C"", ""C"", ""N"", ""C"", ""C"", ""C"", ""C"", ""C"", ""C"", ""C"", ""C"", ""C"", ""C"", ""C"", ""C"", ""C"", ""C"", ""C"", ""C"", ""C"", ""C"", ""C"", ""C"", ""C"", ""C"", ""C"", ""C"", ""O"", ""C"", ""C"", ""C"", ""H"", ""H"", ""H"", ""H"", ""H"", ""H"", ""H"", ""H"", ""H"", ""H"", ""H"", ""H"", ""H"", ""H"", ""H"", ""H"", ""H"", ""H"", ""H"", ""H"", ""H"", ""H"", ""H"", ""H"", ""H"", ""H"", ""H"", ""H"", ""H"", ""H"", ""N"", ""C"", ""C"", ""C"", ""C"", ""C"", ""C"", ""C"", ""C"", ""O"", ""C"", ""C"", ""C"", ""C"", ""C"", ""N"", ""C"", ""C"", ""C"", ""C"", ""C"", ""C"", ""C"", ""C"", ""C"", ""C"", ""C"", ""C"", ""C"", ""C"", ""C"", ""C"", ""C"", ""C"", ""C"", ""C"", ""C"", ""C"", ""C"", ""C"", ""O"", ""C"", ""C"", ""C"", ""H"", ""H"", ""H"", ""H"", ""H"", ""H"", ""H"", ""H"", ""H"", ""H"", ""H"", ""H"", ""H"", ""H"", ""H"", ""H"", ""H"", ""H"", ""H"", ""H"", ""H"", ""H"", ""H"", ""H"", ""H"", ""H"", ""H"", ""H"", ""H"", ""H"", ""N"", ""C"", ""C"", ""C"", ""C"", ""C"", ""C"", ""C"", ""C"", ""O"", ""C"", ""C"", ""C"", ""C"", ""C"", ""N"", ""C"", ""C"", ""C"", ""C"", ""C"", ""C"", ""C"", ""C"", ""C"", ""C"", ""C"", ""C"", ""C"", ""C"", ""C"", ""C"", ""C"", ""C"", ""C"", ""C"", ""C"", ""C"", ""C"", ""C"", ""O"", ""C"", ""C"", ""C"", ""H"", ""H"", ""H"", ""H"", ""H"", ""H"", ""H"", ""H"", ""H"", ""H"", ""H"", ""H"", ""H"", ""H"", ""H"", ""H"", ""H"", ""H"", ""H"", ""H"", ""H"", ""H"", ""H"", ""H"", ""H"", ""H"", ""H"", ""H"", ""H"", ""H""]",C160H120N8O8,"[true, true, true]","[21.42362460556103, 0.0, 0.0, 10.351230900727032, 30.28291091146007, 0.0, 10.212348302524717, 10.866234911004875, 32.714207272663906]",21223.98693955791,[],"{""cutoff=6.000_skin=0.000"": 8078, ""cutoff=6.000_skin=0.500"": 9466}",0.0,,
OPT-RF-U256-ROFA-MIX-R256-v1,c9380bd69d0e1d094657eddf3b59489be4b1936561d28466835006a1e050ca76,OPT-RF-U256-ROFA-MIX-R256-v1:0247,A_corrH_d3_c1-1-1_m2-1-1_38337_296,d41a594d0d2935a5cf2129b5fe1a5a4aef6faef653578296f3fb5f46861653c9,247,cross_family_test_set,rof-a/structures/A_corrH_d3_c1-1-1_m2-1-1_38337_296.cif,d2fac0f29208d12a2228c5a95519ecea1436f12557efae21f520818c1009b595,d41a594d0d2935a5cf2129b5fe1a5a4aef6faef653578296f3fb5f46861653c9,0,296,"[""N"", ""C"", ""C"", ""C"", ""C"", ""C"", ""C"", ""C"", ""C"", ""O"", ""C"", ""C"", ""C"", ""C"", ""C"", ""N"", ""C"", ""C"", ""C"", ""C"", ""C"", ""C"", ""C"", ""C"", ""C"", ""C"", ""C"", ""C"", ""C"", ""C"", ""C"", ""C"", ""C"", ""C"", ""C"", ""C"", ""C"", ""C"", ""C"", ""C"", ""O"", ""C"", ""C"", ""C"", ""H"", ""H"", ""H"", ""H"", ""H"", ""H"", ""H"", ""H"", ""H"", ""H"", ""H"", ""H"", ""H"", ""H"", ""H"", ""H"", ""H"", ""H"", ""H"", ""H"", ""H"", ""H"", ""H"", ""H"", ""H"", ""H"", ""H"", ""H"", ""H"", ""H"", ""N"", ""C"", ""C"", ""C"", ""C"", ""C"", ""C"", ""C"", ""C"", ""O"", ""C"", ""C"", ""C"", ""C"", ""C"", ""N"", ""C"", ""C"", ""C"", ""C"", ""C"", ""C"", ""C"", ""C"", ""C"", ""C"", ""C"", ""C"", ""C"", ""C"", ""C"", ""C"", ""C"", ""C"", ""C"", ""C"", ""C"", ""C"", ""C"", ""C"", ""O"", ""C"", ""C"", ""C"", ""H"", ""H"", ""H"", ""H"", ""H"", ""H"", ""H"", ""H"", ""H"", ""H"", ""H"", ""H"", ""H"", ""H"", ""H"", ""H"", ""H"", ""H"", ""H"", ""H"", ""H"", ""H"", ""H"", ""H"", ""H"", ""H"", ""H"", ""H"", ""H"", ""H"", ""N"", ""C"", ""C"", ""C"", ""C"", ""C"", ""C"", ""C"", ""C"", ""O"", ""C"", ""C"", ""C"", ""C"", ""C"", ""N"", ""C"", ""C"", ""C"", ""C"", ""C"", ""C"", ""C"", ""C"", ""C"", ""C"", ""C"", ""C"", ""C"", ""C"", ""C"", ""C"", ""C"", ""C"", ""C"", ""C"", ""C"", ""C"", ""C"", ""C"", ""O"", ""C"", ""C"", ""C"", ""H"", ""H"", ""H"", ""H"", ""H"", ""H"", ""H"", ""H"", ""H"", ""H"", ""H"", ""H"", ""H"", ""H"", ""H"", ""H"", ""H"", ""H"", ""H"", ""H"", ""H"", ""H"", ""H"", ""H"", ""H"", ""H"", ""H"", ""H"", ""H"", ""H"", ""N"", ""C"", ""C"", ""C"", ""C"", ""C"", ""C"", ""C"", ""C"", ""O"", ""C"", ""C"", ""C"", ""C"", ""C"", ""N"", ""C"", ""C"", ""C"", ""C"", ""C"", ""C"", ""C"", ""C"", ""C"", ""C"", ""C"", ""C"", ""C"", ""C"", ""C"", ""C"", ""C"", ""C"", ""C"", ""C"", ""C"", ""C"", ""C"", ""C"", ""O"", ""C"", ""C"", ""C"", ""H"", ""H"", ""H"", ""H"", ""H"", ""H"", ""H"", ""H"", ""H"", ""H"", ""H"", ""H"", ""H"", ""H"", ""H"", ""H"", ""H"", ""H"", ""H"", ""H"", ""H"", ""H"", ""H"", ""H"", ""H"", ""H"", ""H"", ""H"", ""H"", ""H""]",C160H120N8O8,"[true, true, true]","[21.42362460556103, 0.0, 0.0, -4.423986013293362, 20.961871075698003, 0.0, -7.704378565864075, 17.998284671067683, 38.11287269116648]",17115.700548604687,[],"{""cutoff=6.000_skin=0.000"": 8106, ""cutoff=6.000_skin=0.500"": 9488}",0.0,,
OPT-RF-U256-ROFA-MIX-R256-v1,c9380bd69d0e1d094657eddf3b59489be4b1936561d28466835006a1e050ca76,OPT-RF-U256-ROFA-MIX-R256-v1:0248,A_corrH_c4_m1111_2401_296,6bf49c9003b7f5ec7a96644f701726dfd9fc3ed87685a028c2001bdc4e6f525a,248,cross_family_test_set,rof-a/structures/A_corrH_c4_m1111_2401_296.cif,2af0fe43588b94316f43626fff59097daa1de2deba692059f83724d0e5d8f6a1,6bf49c9003b7f5ec7a96644f701726dfd9fc3ed87685a028c2001bdc4e6f525a,0,296,"[""N"", ""C"", ""C"", ""C"", ""C"", ""C"", ""C"", ""C"", ""C"", ""O"", ""C"", ""C"", ""C"", ""C"", ""C"", ""N"", ""C"", ""C"", ""C"", ""C"", ""C"", ""C"", ""C"", ""C"", ""C"", ""C"", ""C"", ""C"", ""C"", ""C"", ""C"", ""C"", ""C"", ""C"", ""C"", ""C"", ""C"", ""C"", ""C"", ""C"", ""O"", ""C"", ""C"", ""C"", ""H"", ""H"", ""H"", ""H"", ""H"", ""H"", ""H"", ""H"", ""H"", ""H"", ""H"", ""H"", ""H"", ""H"", ""H"", ""H"", ""H"", ""H"", ""H"", ""H"", ""H"", ""H"", ""H"", ""H"", ""H"", ""H"", ""H"", ""H"", ""H"", ""H"", ""N"", ""C"", ""C"", ""C"", ""C"", ""C"", ""C"", ""C"", ""C"", ""O"", ""C"", ""C"", ""C"", ""C"", ""C"", ""N"", ""C"", ""C"", ""C"", ""C"", ""C"", ""C"", ""C"", ""C"", ""C"", ""C"", ""C"", ""C"", ""C"", ""C"", ""C"", ""C"", ""C"", ""C"", ""C"", ""C"", ""C"", ""C"", ""C"", ""C"", ""O"", ""C"", ""C"", ""C"", ""H"", ""H"", ""H"", ""H"", ""H"", ""H"", ""H"", ""H"", ""H"", ""H"", ""H"", ""H"", ""H"", ""H"", ""H"", ""H"", ""H"", ""H"", ""H"", ""H"", ""H"", ""H"", ""H"", ""H"", ""H"", ""H"", ""H"", ""H"", ""H"", ""H"", ""N"", ""C"", ""C"", ""C"", ""C"", ""C"", ""C"", ""C"", ""C"", ""O"", ""C"", ""C"", ""C"", ""C"", ""C"", ""N"", ""C"", ""C"", ""C"", ""C"", ""C"", ""C"", ""C"", ""C"", ""C"", ""C"", ""C"", ""C"", ""C"", ""C"", ""C"", ""C"", ""C"", ""C"", ""C"", ""C"", ""C"", ""C"", ""C"", ""C"", ""O"", ""C"", ""C"", ""C"", ""H"", ""H"", ""H"", ""H"", ""H"", ""H"", ""H"", ""H"", ""H"", ""H"", ""H"", ""H"", ""H"", ""H"", ""H"", ""H"", ""H"", ""H"", ""H"", ""H"", ""H"", ""H"", ""H"", ""H"", ""H"", ""H"", ""H"", ""H"", ""H"", ""H"", ""N"", ""C"", ""C"", ""C"", ""C"", ""C"", ""C"", ""C"", ""C"", ""O"", ""C"", ""C"", ""C"", ""C"", ""C"", ""N"", ""C"", ""C"", ""C"", ""C"", ""C"", ""C"", ""C"", ""C"", ""C"", ""C"", ""C"", ""C"", ""C"", ""C"", ""C"", ""C"", ""C"", ""C"", ""C"", ""C"", ""C"", ""C"", ""C"", ""C"", ""O"", ""C"", ""C"", ""C"", ""H"", ""H"", ""H"", ""H"", ""H"", ""H"", ""H"", ""H"", ""H"", ""H"", ""H"", ""H"", ""H"", ""H"", ""H"", ""H"", ""H"", ""H"", ""H"", ""H"", ""H"", ""H"", ""H"", ""H"", ""H"", ""H"", ""H"", ""H"", ""H"", ""H""]",C160H120N8O8,"[true, true, true]","[21.42362460556103, 0.0, 0.0, -0.09595928206247588, 29.40803992599057, 0.0, -6.090237478089413, -13.602629491628818, 26.91565098620287]",16957.58166961356,[],"{""cutoff=6.000_skin=0.000"": 8118, ""cutoff=6.000_skin=0.500"": 9584}",0.0,,
OPT-RF-U256-ROFA-MIX-R256-v1,c9380bd69d0e1d094657eddf3b59489be4b1936561d28466835006a1e050ca76,OPT-RF-U256-ROFA-MIX-R256-v1:0249,A_corrH_c4_m1111_6157_296,0b176892287015ae6ceb965e90dd473626131ca4d94101f88d5edc14cfdb0b63,249,cross_family_test_set,rof-a/structures/A_corrH_c4_m1111_6157_296.cif,c0823b8623f82489bb9b7f739170fb592f6177d08e9e91760c41b8a39672b5fd,0b176892287015ae6ceb965e90dd473626131ca4d94101f88d5edc14cfdb0b63,0,296,"[""N"", ""C"", ""C"", ""C"", ""C"", ""C"", ""C"", ""C"", ""C"", ""O"", ""C"", ""C"", ""C"", ""C"", ""C"", ""N"", ""C"", ""C"", ""C"", ""C"", ""C"", ""C"", ""C"", ""C"", ""C"", ""C"", ""C"", ""C"", ""C"", ""C"", ""C"", ""C"", ""C"", ""C"", ""C"", ""C"", ""C"", ""C"", ""C"", ""C"", ""O"", ""C"", ""C"", ""C"", ""H"", ""H"", ""H"", ""H"", ""H"", ""H"", ""H"", ""H"", ""H"", ""H"", ""H"", ""H"", ""H"", ""H"", ""H"", ""H"", ""H"", ""H"", ""H"", ""H"", ""H"", ""H"", ""H"", ""H"", ""H"", ""H"", ""H"", ""H"", ""H"", ""H"", ""N"", ""C"", ""C"", ""C"", ""C"", ""C"", ""C"", ""C"", ""C"", ""O"", ""C"", ""C"", ""C"", ""C"", ""C"", ""N"", ""C"", ""C"", ""C"", ""C"", ""C"", ""C"", ""C"", ""C"", ""C"", ""C"", ""C"", ""C"", ""C"", ""C"", ""C"", ""C"", ""C"", ""C"", ""C"", ""C"", ""C"", ""C"", ""C"", ""C"", ""O"", ""C"", ""C"", ""C"", ""H"", ""H"", ""H"", ""H"", ""H"", ""H"", ""H"", ""H"", ""H"", ""H"", ""H"", ""H"", ""H"", ""H"", ""H"", ""H"", ""H"", ""H"", ""H"", ""H"", ""H"", ""H"", ""H"", ""H"", ""H"", ""H"", ""H"", ""H"", ""H"", ""H"", ""N"", ""C"", ""C"", ""C"", ""C"", ""C"", ""C"", ""C"", ""C"", ""O"", ""C"", ""C"", ""C"", ""C"", ""C"", ""N"", ""C"", ""C"", ""C"", ""C"", ""C"", ""C"", ""C"", ""C"", ""C"", ""C"", ""C"", ""C"", ""C"", ""C"", ""C"", ""C"", ""C"", ""C"", ""C"", ""C"", ""C"", ""C"", ""C"", ""C"", ""O"", ""C"", ""C"", ""C"", ""H"", ""H"", ""H"", ""H"", ""H"", ""H"", ""H"", ""H"", ""H"", ""H"", ""H"", ""H"", ""H"", ""H"", ""H"", ""H"", ""H"", ""H"", ""H"", ""H"", ""H"", ""H"", ""H"", ""H"", ""H"", ""H"", ""H"", ""H"", ""H"", ""H"", ""N"", ""C"", ""C"", ""C"", ""C"", ""C"", ""C"", ""C"", ""C"", ""O"", ""C"", ""C"", ""C"", ""C"", ""C"", ""N"", ""C"", ""C"", ""C"", ""C"", ""C"", ""C"", ""C"", ""C"", ""C"", ""C"", ""C"", ""C"", ""C"", ""C"", ""C"", ""C"", ""C"", ""C"", ""C"", ""C"", ""C"", ""C"", ""C"", ""C"", ""O"", ""C"", ""C"", ""C"", ""H"", ""H"", ""H"", ""H"", ""H"", ""H"", ""H"", ""H"", ""H"", ""H"", ""H"", ""H"", ""H"", ""H"", ""H"", ""H"", ""H"", ""H"", ""H"", ""H"", ""H"", ""H"", ""H"", ""H"", ""H"", ""H"", ""H"", ""H"", ""H"", ""H""]",C160H120N8O8,"[true, true, true]","[21.42362460556103, 0.0, 0.0, 8.760057096356205, 24.9074368857262, 0.0, 0.17566596352543182, 13.858569040941614, 32.81558421778564]",17510.644406132637,[],"{""cutoff=6.000_skin=0.000"": 8126, ""cutoff=6.000_skin=0.500"": 9508}",0.0,,
OPT-RF-U256-ROFA-MIX-R256-v1,c9380bd69d0e1d094657eddf3b59489be4b1936561d28466835006a1e050ca76,OPT-RF-U256-ROFA-MIX-R256-v1:0250,A_corrH_c2-2_m11-11_8936_296,d9dac5c5f904cbc1f1ca2bc7d957dfef25b16b20d1d597983b92612252a1c517,250,cross_family_test_set,rof-a/structures/A_corrH_c2-2_m11-11_8936_296.cif,b984fb6845467b6627c47a40f9baff2d98a48e6779c9cf031ff78a221ee22b41,d9dac5c5f904cbc1f1ca2bc7d957dfef25b16b20d1d597983b92612252a1c517,0,296,"[""N"", ""C"", ""C"", ""C"", ""C"", ""C"", ""C"", ""C"", ""C"", ""O"", ""C"", ""C"", ""C"", ""C"", ""C"", ""N"", ""C"", ""C"", ""C"", ""C"", ""C"", ""C"", ""C"", ""C"", ""C"", ""C"", ""C"", ""C"", ""C"", ""C"", ""C"", ""C"", ""C"", ""C"", ""C"", ""C"", ""C"", ""C"", ""C"", ""C"", ""O"", ""C"", ""C"", ""C"", ""H"", ""H"", ""H"", ""H"", ""H"", ""H"", ""H"", ""H"", ""H"", ""H"", ""H"", ""H"", ""H"", ""H"", ""H"", ""H"", ""H"", ""H"", ""H"", ""H"", ""H"", ""H"", ""H"", ""H"", ""H"", ""H"", ""H"", ""H"", ""H"", ""H"", ""N"", ""C"", ""C"", ""C"", ""C"", ""C"", ""C"", ""C"", ""C"", ""O"", ""C"", ""C"", ""C"", ""C"", ""C"", ""N"", ""C"", ""C"", ""C"", ""C"", ""C"", ""C"", ""C"", ""C"", ""C"", ""C"", ""C"", ""C"", ""C"", ""C"", ""C"", ""C"", ""C"", ""C"", ""C"", ""C"", ""C"", ""C"", ""C"", ""C"", ""O"", ""C"", ""C"", ""C"", ""H"", ""H"", ""H"", ""H"", ""H"", ""H"", ""H"", ""H"", ""H"", ""H"", ""H"", ""H"", ""H"", ""H"", ""H"", ""H"", ""H"", ""H"", ""H"", ""H"", ""H"", ""H"", ""H"", ""H"", ""H"", ""H"", ""H"", ""H"", ""H"", ""H"", ""N"", ""C"", ""C"", ""C"", ""C"", ""C"", ""C"", ""C"", ""C"", ""O"", ""C"", ""C"", ""C"", ""C"", ""C"", ""N"", ""C"", ""C"", ""C"", ""C"", ""C"", ""C"", ""C"", ""C"", ""C"", ""C"", ""C"", ""C"", ""C"", ""C"", ""C"", ""C"", ""C"", ""C"", ""C"", ""C"", ""C"", ""C"", ""C"", ""C"", ""O"", ""C"", ""C"", ""C"", ""H"", ""H"", ""H"", ""H"", ""H"", ""H"", ""H"", ""H"", ""H"", ""H"", ""H"", ""H"", ""H"", ""H"", ""H"", ""H"", ""H"", ""H"", ""H"", ""H"", ""H"", ""H"", ""H"", ""H"", ""H"", ""H"", ""H"", ""H"", ""H"", ""H"", ""N"", ""C"", ""C"", ""C"", ""C"", ""C"", ""C"", ""C"", ""C"", ""O"", ""C"", ""C"", ""C"", ""C"", ""C"", ""N"", ""C"", ""C"", ""C"", ""C"", ""C"", ""C"", ""C"", ""C"", ""C"", ""C"", ""C"", ""C"", ""C"", ""C"", ""C"", ""C"", ""C"", ""C"", ""C"", ""C"", ""C"", ""C"", ""C"", ""C"", ""O"", ""C"", ""C"", ""C"", ""H"", ""H"", ""H"", ""H"", ""H"", ""H"", ""H"", ""H"", ""H"", ""H"", ""H"", ""H"", ""H"", ""H"", ""H"", ""H"", ""H"", ""H"", ""H"", ""H"", ""H"", ""H"", ""H"", ""H"", ""H"", ""H"", ""H"", ""H"", ""H"", ""H""]",C160H120N8O8,"[true, true, true]","[10.66937712326876, 0.0, 0.0, 5.334688561634375, 20.748802114588866, 0.0, 5.031284705147336, 0.8948343404688882, 66.24672659564858]",14665.48798758859,[],"{""cutoff=6.000_skin=0.000"": 8180, ""cutoff=6.000_skin=0.500"": 9560}",0.0,,
OPT-RF-U256-ROFA-MIX-R256-v1,c9380bd69d0e1d094657eddf3b59489be4b1936561d28466835006a1e050ca76,OPT-RF-U256-ROFA-MIX-R256-v1:0251,A_corrH_c2-2_m11-11_7284_296,1aa37fff5cef84da5e3d636a4e4d0756e4d3e65981adb8f22dff8791b4c1c5b8,251,cross_family_test_set,rof-a/structures/A_corrH_c2-2_m11-11_7284_296.cif,8f2a9844b618178f13e2f33913b645e5c88fcecc0fe722d6060d420b9116d598,1aa37fff5cef84da5e3d636a4e4d0756e4d3e65981adb8f22dff8791b4c1c5b8,0,296,"[""N"", ""C"", ""C"", ""C"", ""C"", ""C"", ""C"", ""C"", ""C"", ""O"", ""C"", ""C"", ""C"", ""C"", ""C"", ""N"", ""C"", ""C"", ""C"", ""C"", ""C"", ""C"", ""C"", ""C"", ""C"", ""C"", ""C"", ""C"", ""C"", ""C"", ""C"", ""C"", ""C"", ""C"", ""C"", ""C"", ""C"", ""C"", ""C"", ""C"", ""O"", ""C"", ""C"", ""C"", ""H"", ""H"", ""H"", ""H"", ""H"", ""H"", ""H"", ""H"", ""H"", ""H"", ""H"", ""H"", ""H"", ""H"", ""H"", ""H"", ""H"", ""H"", ""H"", ""H"", ""H"", ""H"", ""H"", ""H"", ""H"", ""H"", ""H"", ""H"", ""H"", ""H"", ""N"", ""C"", ""C"", ""C"", ""C"", ""C"", ""C"", ""C"", ""C"", ""O"", ""C"", ""C"", ""C"", ""C"", ""C"", ""N"", ""C"", ""C"", ""C"", ""C"", ""C"", ""C"", ""C"", ""C"", ""C"", ""C"", ""C"", ""C"", ""C"", ""C"", ""C"", ""C"", ""C"", ""C"", ""C"", ""C"", ""C"", ""C"", ""C"", ""C"", ""O"", ""C"", ""C"", ""C"", ""H"", ""H"", ""H"", ""H"", ""H"", ""H"", ""H"", ""H"", ""H"", ""H"", ""H"", ""H"", ""H"", ""H"", ""H"", ""H"", ""H"", ""H"", ""H"", ""H"", ""H"", ""H"", ""H"", ""H"", ""H"", ""H"", ""H"", ""H"", ""H"", ""H"", ""N"", ""C"", ""C"", ""C"", ""C"", ""C"", ""C"", ""C"", ""C"", ""O"", ""C"", ""C"", ""C"", ""C"", ""C"", ""N"", ""C"", ""C"", ""C"", ""C"", ""C"", ""C"", ""C"", ""C"", ""C"", ""C"", ""C"", ""C"", ""C"", ""C"", ""C"", ""C"", ""C"", ""C"", ""C"", ""C"", ""C"", ""C"", ""C"", ""C"", ""O"", ""C"", ""C"", ""C"", ""H"", ""H"", ""H"", ""H"", ""H"", ""H"", ""H"", ""H"", ""H"", ""H"", ""H"", ""H"", ""H"", ""H"", ""H"", ""H"", ""H"", ""H"", ""H"", ""H"", ""H"", ""H"", ""H"", ""H"", ""H"", ""H"", ""H"", ""H"", ""H"", ""H"", ""N"", ""C"", ""C"", ""C"", ""C"", ""C"", ""C"", ""C"", ""C"", ""O"", ""C"", ""C"", ""C"", ""C"", ""C"", ""N"", ""C"", ""C"", ""C"", ""C"", ""C"", ""C"", ""C"", ""C"", ""C"", ""C"", ""C"", ""C"", ""C"", ""C"", ""C"", ""C"", ""C"", ""C"", ""C"", ""C"", ""C"", ""C"", ""C"", ""C"", ""O"", ""C"", ""C"", ""C"", ""H"", ""H"", ""H"", ""H"", ""H"", ""H"", ""H"", ""H"", ""H"", ""H"", ""H"", ""H"", ""H"", ""H"", ""H"", ""H"", ""H"", ""H"", ""H"", ""H"", ""H"", ""H"", ""H"", ""H"", ""H"", ""H"", ""H"", ""H"", ""H"", ""H""]",C160H120N8O8,"[true, true, true]","[21.42362460556103, 0.0, 0.0, 5.115789805822135, 20.803855073102348, 0.0, 2.3225824032493474, 0.10896692100769027, 47.26866944612519]",21067.36148256153,[],"{""cutoff=6.000_skin=0.000"": 8182, ""cutoff=6.000_skin=0.500"": 9692}",0.0,,
OPT-RF-U256-ROFA-MIX-R256-v1,c9380bd69d0e1d094657eddf3b59489be4b1936561d28466835006a1e050ca76,OPT-RF-U256-ROFA-MIX-R256-v1:0252,A_corrH_c4_m1111_2266_296,c873a0c51bd8a9d467dc4289ab8ad09178d11932bc1a10676fce1e8d15f5a8bb,252,cross_family_test_set,rof-a/structures/A_corrH_c4_m1111_2266_296.cif,f12e1b1cb98cd9805793943952ecacde03b45f29300f359d8c0531536c2e3a9c,c873a0c51bd8a9d467dc4289ab8ad09178d11932bc1a10676fce1e8d15f5a8bb,0,296,"[""N"", ""C"", ""C"", ""C"", ""C"", ""C"", ""C"", ""C"", ""C"", ""O"", ""C"", ""C"", ""C"", ""C"", ""C"", ""N"", ""C"", ""C"", ""C"", ""C"", ""C"", ""C"", ""C"", ""C"", ""C"", ""C"", ""C"", ""C"", ""C"", ""C"", ""C"", ""C"", ""C"", ""C"", ""C"", ""C"", ""C"", ""C"", ""C"", ""C"", ""O"", ""C"", ""C"", ""C"", ""H"", ""H"", ""H"", ""H"", ""H"", ""H"", ""H"", ""H"", ""H"", ""H"", ""H"", ""H"", ""H"", ""H"", ""H"", ""H"", ""H"", ""H"", ""H"", ""H"", ""H"", ""H"", ""H"", ""H"", ""H"", ""H"", ""H"", ""H"", ""H"", ""H"", ""N"", ""C"", ""C"", ""C"", ""C"", ""C"", ""C"", ""C"", ""C"", ""O"", ""C"", ""C"", ""C"", ""C"", ""C"", ""N"", ""C"", ""C"", ""C"", ""C"", ""C"", ""C"", ""C"", ""C"", ""C"", ""C"", ""C"", ""C"", ""C"", ""C"", ""C"", ""C"", ""C"", ""C"", ""C"", ""C"", ""C"", ""C"", ""C"", ""C"", ""O"", ""C"", ""C"", ""C"", ""H"", ""H"", ""H"", ""H"", ""H"", ""H"", ""H"", ""H"", ""H"", ""H"", ""H"", ""H"", ""H"", ""H"", ""H"", ""H"", ""H"", ""H"", ""H"", ""H"", ""H"", ""H"", ""H"", ""H"", ""H"", ""H"", ""H"", ""H"", ""H"", ""H"", ""N"", ""C"", ""C"", ""C"", ""C"", ""C"", ""C"", ""C"", ""C"", ""O"", ""C"", ""C"", ""C"", ""C"", ""C"", ""N"", ""C"", ""C"", ""C"", ""C"", ""C"", ""C"", ""C"", ""C"", ""C"", ""C"", ""C"", ""C"", ""C"", ""C"", ""C"", ""C"", ""C"", ""C"", ""C"", ""C"", ""C"", ""C"", ""C"", ""C"", ""O"", ""C"", ""C"", ""C"", ""H"", ""H"", ""H"", ""H"", ""H"", ""H"", ""H"", ""H"", ""H"", ""H"", ""H"", ""H"", ""H"", ""H"", ""H"", ""H"", ""H"", ""H"", ""H"", ""H"", ""H"", ""H"", ""H"", ""H"", ""H"", ""H"", ""H"", ""H"", ""H"", ""H"", ""N"", ""C"", ""C"", ""C"", ""C"", ""C"", ""C"", ""C"", ""C"", ""O"", ""C"", ""C"", ""C"", ""C"", ""C"", ""N"", ""C"", ""C"", ""C"", ""C"", ""C"", ""C"", ""C"", ""C"", ""C"", ""C"", ""C"", ""C"", ""C"", ""C"", ""C"", ""C"", ""C"", ""C"", ""C"", ""C"", ""C"", ""C"", ""C"", ""C"", ""O"", ""C"", ""C"", ""C"", ""H"", ""H"", ""H"", ""H"", ""H"", ""H"", ""H"", ""H"", ""H"", ""H"", ""H"", ""H"", ""H"", ""H"", ""H"", ""H"", ""H"", ""H"", ""H"", ""H"", ""H"", ""H"", ""H"", ""H"", ""H"", ""H"", ""H"", ""H"", ""H"", ""H""]",C160H120N8O8,"[true, true, true]","[21.42362460556103, 0.0, 0.0, 3.0204636152289277, 31.14263764236709, 0.0, 0.7088166748656365, 11.034791229689628, 32.4593909595699]",21656.521915807294,[],"{""cutoff=6.000_skin=0.000"": 8196, ""cutoff=6.000_skin=0.500"": 9616}",0.0,,
OPT-RF-U256-ROFA-MIX-R256-v1,c9380bd69d0e1d094657eddf3b59489be4b1936561d28466835006a1e050ca76,OPT-RF-U256-ROFA-MIX-R256-v1:0253,A_corrH_c2-2_m11-11_195_296,7c12b0385830c03c4fc248af9e189251bfc46ad847d05fe79a1ec1a536303d9c,253,cross_family_test_set,rof-a/structures/A_corrH_c2-2_m11-11_195_296.cif,01c139dd53ca5cab44e9baf4151fa4ec8a2ccdba9de6fb7db3387ec469eac7fb,7c12b0385830c03c4fc248af9e189251bfc46ad847d05fe79a1ec1a536303d9c,0,296,"[""N"", ""C"", ""C"", ""C"", ""C"", ""C"", ""C"", ""C"", ""C"", ""O"", ""C"", ""C"", ""C"", ""C"", ""C"", ""N"", ""C"", ""C"", ""C"", ""C"", ""C"", ""C"", ""C"", ""C"", ""C"", ""C"", ""C"", ""C"", ""C"", ""C"", ""C"", ""C"", ""C"", ""C"", ""C"", ""C"", ""C"", ""C"", ""C"", ""C"", ""O"", ""C"", ""C"", ""C"", ""H"", ""H"", ""H"", ""H"", ""H"", ""H"", ""H"", ""H"", ""H"", ""H"", ""H"", ""H"", ""H"", ""H"", ""H"", ""H"", ""H"", ""H"", ""H"", ""H"", ""H"", ""H"", ""H"", ""H"", ""H"", ""H"", ""H"", ""H"", ""H"", ""H"", ""N"", ""C"", ""C"", ""C"", ""C"", ""C"", ""C"", ""C"", ""C"", ""O"", ""C"", ""C"", ""C"", ""C"", ""C"", ""N"", ""C"", ""C"", ""C"", ""C"", ""C"", ""C"", ""C"", ""C"", ""C"", ""C"", ""C"", ""C"", ""C"", ""C"", ""C"", ""C"", ""C"", ""C"", ""C"", ""C"", ""C"", ""C"", ""C"", ""C"", ""O"", ""C"", ""C"", ""C"", ""H"", ""H"", ""H"", ""H"", ""H"", ""H"", ""H"", ""H"", ""H"", ""H"", ""H"", ""H"", ""H"", ""H"", ""H"", ""H"", ""H"", ""H"", ""H"", ""H"", ""H"", ""H"", ""H"", ""H"", ""H"", ""H"", ""H"", ""H"", ""H"", ""H"", ""N"", ""C"", ""C"", ""C"", ""C"", ""C"", ""C"", ""C"", ""C"", ""O"", ""C"", ""C"", ""C"", ""C"", ""C"", ""N"", ""C"", ""C"", ""C"", ""C"", ""C"", ""C"", ""C"", ""C"", ""C"", ""C"", ""C"", ""C"", ""C"", ""C"", ""C"", ""C"", ""C"", ""C"", ""C"", ""C"", ""C"", ""C"", ""C"", ""C"", ""O"", ""C"", ""C"", ""C"", ""H"", ""H"", ""H"", ""H"", ""H"", ""H"", ""H"", ""H"", ""H"", ""H"", ""H"", ""H"", ""H"", ""H"", ""H"", ""H"", ""H"", ""H"", ""H"", ""H"", ""H"", ""H"", ""H"", ""H"", ""H"", ""H"", ""H"", ""H"", ""H"", ""H"", ""N"", ""C"", ""C"", ""C"", ""C"", ""C"", ""C"", ""C"", ""C"", ""O"", ""C"", ""C"", ""C"", ""C"", ""C"", ""N"", ""C"", ""C"", ""C"", ""C"", ""C"", ""C"", ""C"", ""C"", ""C"", ""C"", ""C"", ""C"", ""C"", ""C"", ""C"", ""C"", ""C"", ""C"", ""C"", ""C"", ""C"", ""C"", ""C"", ""C"", ""O"", ""C"", ""C"", ""C"", ""H"", ""H"", ""H"", ""H"", ""H"", ""H"", ""H"", ""H"", ""H"", ""H"", ""H"", ""H"", ""H"", ""H"", ""H"", ""H"", ""H"", ""H"", ""H"", ""H"", ""H"", ""H"", ""H"", ""H"", ""H"", ""H"", ""H"", ""H"", ""H"", ""H""]",C160H120N8O8,"[true, true, true]","[13.92877284259947, 0.0, 0.0, 6.964386421299735, 20.260034872003946, 0.0, 2.1763061580281664, 10.292831281258138, 45.98304694073154]",12976.297372056935,[],"{""cutoff=6.000_skin=0.000"": 8374, ""cutoff=6.000_skin=0.500"": 9968}",0.0,,
OPT-RF-U256-ROFA-MIX-R256-v1,c9380bd69d0e1d094657eddf3b59489be4b1936561d28466835006a1e050ca76,OPT-RF-U256-ROFA-MIX-R256-v1:0254,A_corrH_c4_m1111_5188_296,8447764c7b86d9f0770c253cdcd0c98238260fea5793b905b923c8c01730db6d,254,cross_family_test_set,rof-a/structures/A_corrH_c4_m1111_5188_296.cif,acde36cd1b7f36155f333e64b91815df3ffc44ab52be60c96ecd2f170a1e3967,8447764c7b86d9f0770c253cdcd0c98238260fea5793b905b923c8c01730db6d,0,296,"[""N"", ""C"", ""C"", ""C"", ""C"", ""C"", ""C"", ""C"", ""C"", ""O"", ""C"", ""C"", ""C"", ""C"", ""C"", ""N"", ""C"", ""C"", ""C"", ""C"", ""C"", ""C"", ""C"", ""C"", ""C"", ""C"", ""C"", ""C"", ""C"", ""C"", ""C"", ""C"", ""C"", ""C"", ""C"", ""C"", ""C"", ""C"", ""C"", ""C"", ""O"", ""C"", ""C"", ""C"", ""H"", ""H"", ""H"", ""H"", ""H"", ""H"", ""H"", ""H"", ""H"", ""H"", ""H"", ""H"", ""H"", ""H"", ""H"", ""H"", ""H"", ""H"", ""H"", ""H"", ""H"", ""H"", ""H"", ""H"", ""H"", ""H"", ""H"", ""H"", ""H"", ""H"", ""N"", ""C"", ""C"", ""C"", ""C"", ""C"", ""C"", ""C"", ""C"", ""O"", ""C"", ""C"", ""C"", ""C"", ""C"", ""N"", ""C"", ""C"", ""C"", ""C"", ""C"", ""C"", ""C"", ""C"", ""C"", ""C"", ""C"", ""C"", ""C"", ""C"", ""C"", ""C"", ""C"", ""C"", ""C"", ""C"", ""C"", ""C"", ""C"", ""C"", ""O"", ""C"", ""C"", ""C"", ""H"", ""H"", ""H"", ""H"", ""H"", ""H"", ""H"", ""H"", ""H"", ""H"", ""H"", ""H"", ""H"", ""H"", ""H"", ""H"", ""H"", ""H"", ""H"", ""H"", ""H"", ""H"", ""H"", ""H"", ""H"", ""H"", ""H"", ""H"", ""H"", ""H"", ""N"", ""C"", ""C"", ""C"", ""C"", ""C"", ""C"", ""C"", ""C"", ""O"", ""C"", ""C"", ""C"", ""C"", ""C"", ""N"", ""C"", ""C"", ""C"", ""C"", ""C"", ""C"", ""C"", ""C"", ""C"", ""C"", ""C"", ""C"", ""C"", ""C"", ""C"", ""C"", ""C"", ""C"", ""C"", ""C"", ""C"", ""C"", ""C"", ""C"", ""O"", ""C"", ""C"", ""C"", ""H"", ""H"", ""H"", ""H"", ""H"", ""H"", ""H"", ""H"", ""H"", ""H"", ""H"", ""H"", ""H"", ""H"", ""H"", ""H"", ""H"", ""H"", ""H"", ""H"", ""H"", ""H"", ""H"", ""H"", ""H"", ""H"", ""H"", ""H"", ""H"", ""H"", ""N"", ""C"", ""C"", ""C"", ""C"", ""C"", ""C"", ""C"", ""C"", ""O"", ""C"", ""C"", ""C"", ""C"", ""C"", ""N"", ""C"", ""C"", ""C"", ""C"", ""C"", ""C"", ""C"", ""C"", ""C"", ""C"", ""C"", ""C"", ""C"", ""C"", ""C"", ""C"", ""C"", ""C"", ""C"", ""C"", ""C"", ""C"", ""C"", ""C"", ""O"", ""C"", ""C"", ""C"", ""H"", ""H"", ""H"", ""H"", ""H"", ""H"", ""H"", ""H"", ""H"", ""H"", ""H"", ""H"", ""H"", ""H"", ""H"", ""H"", ""H"", ""H"", ""H"", ""H"", ""H"", ""H"", ""H"", ""H"", ""H"", ""H"", ""H"", ""H"", ""H"", ""H""]",C160H120N8O8,"[true, true, true]","[21.42362460556103, 0.0, 0.0, 8.90558002596196, 22.258309739078115, 0.0, 3.441905327786705, 6.850626698424991, 27.84236606005523]",13276.734498594065,[],"{""cutoff=6.000_skin=0.000"": 8440, ""cutoff=6.000_skin=0.500"": 10030}",0.0,,
OPT-RF-U256-ROFA-MIX-R256-v1,c9380bd69d0e1d094657eddf3b59489be4b1936561d28466835006a1e050ca76,OPT-RF-U256-ROFA-MIX-R256-v1:0255,A_corrH_c2-2_m11-11_5482_296,46e4ec0b212d94181875673cfb5c60532dc4bc491419bb04e16afffc3218996c,255,cross_family_test_set,rof-a/structures/A_corrH_c2-2_m11-11_5482_296.cif,e4501997568c55778aa52c99b3485175723ea643b32dc368341d40640892f14c,46e4ec0b212d94181875673cfb5c60532dc4bc491419bb04e16afffc3218996c,0,296,"[""N"", ""C"", ""C"", ""C"", ""C"", ""C"", ""C"", ""C"", ""C"", ""O"", ""C"", ""C"", ""C"", ""C"", ""C"", ""N"", ""C"", ""C"", ""C"", ""C"", ""C"", ""C"", ""C"", ""C"", ""C"", ""C"", ""C"", ""C"", ""C"", ""C"", ""C"", ""C"", ""C"", ""C"", ""C"", ""C"", ""C"", ""C"", ""C"", ""C"", ""O"", ""C"", ""C"", ""C"", ""H"", ""H"", ""H"", ""H"", ""H"", ""H"", ""H"", ""H"", ""H"", ""H"", ""H"", ""H"", ""H"", ""H"", ""H"", ""H"", ""H"", ""H"", ""H"", ""H"", ""H"", ""H"", ""H"", ""H"", ""H"", ""H"", ""H"", ""H"", ""H"", ""H"", ""N"", ""C"", ""C"", ""C"", ""C"", ""C"", ""C"", ""C"", ""C"", ""O"", ""C"", ""C"", ""C"", ""C"", ""C"", ""N"", ""C"", ""C"", ""C"", ""C"", ""C"", ""C"", ""C"", ""C"", ""C"", ""C"", ""C"", ""C"", ""C"", ""C"", ""C"", ""C"", ""C"", ""C"", ""C"", ""C"", ""C"", ""C"", ""C"", ""C"", ""O"", ""C"", ""C"", ""C"", ""H"", ""H"", ""H"", ""H"", ""H"", ""H"", ""H"", ""H"", ""H"", ""H"", ""H"", ""H"", ""H"", ""H"", ""H"", ""H"", ""H"", ""H"", ""H"", ""H"", ""H"", ""H"", ""H"", ""H"", ""H"", ""H"", ""H"", ""H"", ""H"", ""H"", ""N"", ""C"", ""C"", ""C"", ""C"", ""C"", ""C"", ""C"", ""C"", ""O"", ""C"", ""C"", ""C"", ""C"", ""C"", ""N"", ""C"", ""C"", ""C"", ""C"", ""C"", ""C"", ""C"", ""C"", ""C"", ""C"", ""C"", ""C"", ""C"", ""C"", ""C"", ""C"", ""C"", ""C"", ""C"", ""C"", ""C"", ""C"", ""C"", ""C"", ""O"", ""C"", ""C"", ""C"", ""H"", ""H"", ""H"", ""H"", ""H"", ""H"", ""H"", ""H"", ""H"", ""H"", ""H"", ""H"", ""H"", ""H"", ""H"", ""H"", ""H"", ""H"", ""H"", ""H"", ""H"", ""H"", ""H"", ""H"", ""H"", ""H"", ""H"", ""H"", ""H"", ""H"", ""N"", ""C"", ""C"", ""C"", ""C"", ""C"", ""C"", ""C"", ""C"", ""O"", ""C"", ""C"", ""C"", ""C"", ""C"", ""N"", ""C"", ""C"", ""C"", ""C"", ""C"", ""C"", ""C"", ""C"", ""C"", ""C"", ""C"", ""C"", ""C"", ""C"", ""C"", ""C"", ""C"", ""C"", ""C"", ""C"", ""C"", ""C"", ""C"", ""C"", ""O"", ""C"", ""C"", ""C"", ""H"", ""H"", ""H"", ""H"", ""H"", ""H"", ""H"", ""H"", ""H"", ""H"", ""H"", ""H"", ""H"", ""H"", ""H"", ""H"", ""H"", ""H"", ""H"", ""H"", ""H"", ""H"", ""H"", ""H"", ""H"", ""H"", ""H"", ""H"", ""H"", ""H""]",C160H120N8O8,"[true, true, true]","[10.01258220340653, 0.0, 0.0, 5.006291101703262, 20.83047624623611, 0.0, 3.122442675695202, 4.188966757897342, 66.18163967455737]",13803.296495404227,[],"{""cutoff=6.000_skin=0.000"": 8446, ""cutoff=6.000_skin=0.500"": 9824}",0.0,,
